year,something,Cases,repjur,crash_dt,crash_tm,accday,Month,Month,holiday,county,co_char,city,weather,weather2,lightcond,surfcond,surftype,Number of Fatalities,nmforms,pforms,vforms,not_tm,arr_tm,hosp_tm,fhevent,hitrun,Manner of Collision,Manner of Collision,milepnt,reljunc,reljuncinter,intersectiontype,Intersection Type,funcsystem,landuse,ownership,route,schlbus,spejur,contdev,devfunc,trafid1,trafid2,x,y,zipcode,wk_zone,vnumber,crashtype,Crash Type,criticalevent,criticaleventcat,spdlim,body,trailer,emerg,hazcargo,leave,mhevent,roadalgn,roadprof,traflane,trafflow,Vehicle Manure,Vehicle Manure,numoccs,regowner,regstate,,spuse,make,model,modelyr,vrf1,vrf2,seqevent1,seqevent2,seqevent3,seqevent4,seqevent5,seqevent6,pnumber,ptype,age,sex,hispanic,race,injury,diedscene,restraint,restraintmisuse,seatpos,takehosp,death_dt,death_tm,cert,cernum_wa,commlic,licendor,licrestrict,liccomp,drivpres,drf1,drf2,drf3,drf4,distract1,distract2,distract3,distract4,distract5,distract6,dricond1,dricond2,dricond3,dricond4,dricond5,dricond6,dzip,licstate,drhgt_in,weight,noncdl,noncdltype,prevdwi,prevoth,prevacc,prevspd,prevsus,driviol1,driviol2,driviol3,driviol4,driviol5,driviol6,spdrel,first_dt,last_dt,airbag,ejection,ejectpath,extricat,injurwrk,methalc,methdrug,nmlocat,strikveh,prf1,prf2,prf3,druginv,alcinvol,drugsts,drugres1,drugres2,drugres3,drugtst1,drugtst2,drugtst3,alcsts,alctst,alcres,nmact1,nmact2,nmact3,nmact4,nmact5,nmact6,nmprior1,nmprior2,nmprior3,nmprior4,nmprior5,nmprior6,nmcond1,nmcond2,nmcond3,nmcond4,nmcond5,nmcond6,nmsafe_helmet,nmsafe_pads,nmsafe_oth,nmprev_ref,nmprev_lgt,nmprev_oth,crashlocation,nmcrashtype,crosswalk,schoolzone,sidewalk,train_inv,wildlife_inv,rotr_fars,intersect_fars,Drink and Drive,aid_inv,Drug Positive Drivers,Impaired Drivers,Marijuana Positive,impnm_inv,ainm_inv,dpnm_inv,speed_inv,unlic_inv,unendmc_inv,drowsy_inv,drdist_inv,nmdist_inv,fty_inv,unrestfat_inv,dr1617_inv,dr1820_inv,dr1620_inv,dr2125_inv,dr1625_inv,dr65_inv,dr70_inv,dr75_inv,mc_inv,pv_inv,ht_inv,ped_inv,bike_inv,unrest_fat,mc_fat,unhelmet_mc,pv_fat,ht_fat,ped_fat,bike_fat,dr_alc7,dr_alc8,dr_drug,dr_imp,dr_dist,dr_spd,dr_fty,dr_unlic,dr_alc7only,dr_alc8only,dr_drugonly,dr_drink,nm_imp,nm_alc7,nm_alc8,nm_drug,nm_dist,agegrp1,agegrp2,roadclass,urbrur,dayweek,restuse,vehtype,race_me,intersect,lanedep,oppdir,wrongway,rep_typ,investag,repag_long,rotr,st_rd,cty_rd,city_rd,oth_rd,drug_thc,thc_res,drug_cthc,cthc_res,drug_cann,prevpersemin,prevperse,prevsusoth,drugtst4,drugtst5,drugtst6,drugtst7,drugtst8,drugres4,drugres5,drugres6,drugres7,drugres8,adspresent,adsengaged,adslevel,race1,race2,race3,race4,race5,helmet,helmetmisuse,nmdistract1,nmdistract2,nmdistract3,nmdistract4,nmdistract5,nmdistract6,lab,isedtcase,crf1,crf2,crf3,CoRoadName,CoMP,IntCoRoadName,IntCoMP
2018,6,633066,127,01-06-2018,22:34,6,1,Jan,0,33,King,735,10,0,3,1,2,1,1,1,1,,,,8,0,0,No vehicle,7.9,1,0,1,No intersection,3,2,1,3,0,0,0,0,SR-99,,-122.31225,47.33963056,98003,0,1,13,Pedestrian/Animal,80,5,98,14,0,0,1,7,8,1,1,7,1,1,Going Straight,1,1,53,,0,12,481,2012,0,,8,,,,,,1,1,78,1,0,,0,0,3,0,11,0,,,,,0,0,0,3,1,0,,,,96,,,,,,98,,,,,,98312,53,73,250,6,1,0,0,1,0,,0,,,,,,0,07-15-2019,07-15-2019,20,0,0,0,8,9,8,,,0,,,8,8,8,95,,,96,,,8,95,995,,,,,,,,,,,,,,,,,,,,,,,,,,,,,,0,0,0,0,0,0,0,0,0,0,0,0,0,0,0,0,0,0,0,0,0,0,0,0,0,1,1,1,0,1,0,1,0,0,0,,0,0,0,0,0,0,0,0,0,0,0,0,0,0,0,0,,,,,,76-80,76+,City street,U,Tuesday,Belt Used,PV,Not Fatal,1,0,0,0,City Street,Municipal/City Police,Seattle Police Department,0,0,0,1,0,,,,,,0,0,0,,,,,,,,,,,98,98,98,0,,,,,20,,,,,,,,,1,0,,,,,,
2021,7,635339,278,01-10-2021,16:45,10,1,Jan,,63,Spokane,2110,10,,5,1,2,1,1,1,1,,,,8,0,0,No vehicle,0,1,0,1,No intersection,7,2,4,6,0,0,0,0,N CINCINNATI ST,,-117.3978556,47.70277778,99207,0,1,13,Pedestrian/Animal,80,5,25,34,0,0,1,5,8,1,1,2,1,8,Others,1,2,30,,0,97,997,9998,0,,15,,,,,,1,1,998,8,0,,9,0,98,7,11,8,,,,,99,9,9,9,1,0,,,,96,,,,,,98,,,,,,99998,98,,999,9,9,99,99,99,99,,97,,,,,,0,,,20,0,0,0,8,9,8,,,0,,,8,8,0,0,,,0,,,0,0,996,,,,,,,,,,,,,,,,,,,,,,,,,,,,,,0,0,0,0,0,0,0,0,0,1,1,1,0,0,0,0,0,1,0,0,0,0,0,0,0,0,0,0,0,0,0,1,0,0,0,,0,0,0,0,0,0,0,0,0,0,0,0,0,0,0,0,,,,,,,,City street,U,Tuesday,,NR-U,Not Fatal,0,0,0,0,City Street,Municipal/City Police,Seattle Police Department,0,0,0,1,0,,,,,,99,99,99,,,,,,,,,,,98,98,98,0,,,,,20,7,,,,,,,,1,0,,,,,,
2020,7,634575,349,01-12-2020,01:45,12,1,Jan,,53,Pierce,0,2,,3,2,2,1,0,1,1,,,,30,0,0,No vehicle,0,3,0,6,Roundabout,7,1,80,8,0,2,0,0,COLORADO AVE,GARCIA BLVD,-122.5828861,47.09680278,98433,0,1,2,Control/Traction Loss,6,1,35,4,0,0,1,7,30,1,1,2,1,1,Going Straight,1,1,53,,0,55,33,2005,0,,8,,,,,,1,1,24,2,0,,0,0,3,0,11,0,,,,,0,0,3,3,1,0,,,,96,,,,,,0,,,,,,85213,4,62,142,6,1,0,0,0,0,,97,,,,,,4,,,20,0,0,0,8,3,2,,,0,,,8,8,0,0,,,0,,,0,0,996,,,,,,,,,,,,,,,,,,,,,,,,,,,,,,0,0,0,1,0,0,0,0,0,1,0,1,1,0,0,0,0,0,0,0,0,0,0,1,1,0,0,0,0,1,0,1,0,0,0,,0,0,0,0,0,0,0,0,0,1,0,0,0,0,0,0,,,,,,21-25,16-25,State route,U,Wednesday,Belt Used,PV,Not Fatal,0,0,0,0,State Route,Municipal/City Police,Seattle Police Department,0,1,0,0,0,,,,,,0,0,0,,,,,,,,,,,98,98,98,0,,,,,20,7,,,,,,,,1,0,,,,,,
2019,7,633797,21,01-07-2019,17:38,7,1,Jan,,25,Grant,0,1,0,2,1,2,1,0,1,1,,,,17,0,0,No vehicle,1.5,1,0,1,No intersection,5,1,2,4,0,0,0,0,CR-PINTO RIDGE RD,,-119.3282917,47.44586111,98853,0,1,1,Driver Off Road,13,2,50,14,0,0,1,7,1,3,2,2,1,14,Making a U turn,1,2,53,,0,54,35,2000,0,,12,,,,,,1,1,47,1,0,,0,0,3,0,11,0,,,,,0,0,0,3,1,10,38,,,0,,,,,,98,,,,,,98126,53,68,200,6,1,0,1,0,0,,97,,,,,,0,05-15-2018,05-15-2018,20,0,0,0,8,9,8,,,0,,,8,8,8,95,,,96,,,8,95,995,,,,,,,,,,,,,,,,,,,,,,,,,,,,,,0,0,0,0,1,0,0,0,0,0,0,0,0,0,0,0,0,0,1,0,0,0,0,0,0,0,0,0,1,1,0,0,0,0,0,,0,0,0,0,0,0,0,0,0,0,1,0,0,0,0,0,,,,,,46-50,46-55,City street,U,Friday,Belt Used,PV,Not Fatal,0,0,0,0,City Street,Municipal/City Police,Seattle Police Department,0,0,0,1,0,,,,,,0,0,0,,,,,,,,,,,98,98,98,0,,,,,20,,,,,,,,,1,0,,,,,,
2018,7,633068,8,01-05-2018,10:39,5,1,Jan,0,31,Jefferson,0,10,0,1,2,2,1,0,2,2,,,,12,0,2,Front-to-Front,0.5,1,0,1,No intersection,3,1,1,3,0,0,0,0,SR-20,,-122.8802361,47.99090556,98368,0,2,51,Lateral Move(Going Straight),62,4,50,66,1,0,1,2,12,3,2,2,1,14,Making a U turn,1,3,53,,0,98,703,2019,0,,12,,,,,,1,1,61,1,7,,4,7,20,7,11,0,04-02-2021,15:49,1.96E+11,16309,0,0,0,3,1,0,,,,96,,,,,,98,,,,,,98136,53,70,180,6,1,0,0,1,0,,0,,,,,,0,04-15-2018,04-15-2018,20,8,0,0,0,9,8,,,0,,,8,8,2,1,,,1,,,2,1,0.061,,,,,,,,,,,,,,,,,,,,,,,,,,,,,,0,0,0,0,1,0,0,0,0,0,0,0,0,0,0,0,0,0,1,0,0,0,0,0,0,0,0,0,1,1,0,0,0,0,1,0,0,0,0,0,1,0,0,0,0,0,0,0,1,0,0,1,,,,,,61-65,56-65,City street,U,Friday,,OTHMC,White,0,0,0,0,City Street,Municipal/City Police,Seattle Police Department,0,0,0,1,0,,,,,,0,0,0,,,,,,,,,,,0,0,0,1,,,,,5,,,,,,,,,1,0,,,,,,
2018,7,633067,8,01-05-2018,10:39,5,1,Jan,0,31,Jefferson,0,10,0,1,2,2,1,0,2,2,,,,12,0,2,Front-to-Front,0.5,1,0,1,No intersection,3,1,1,3,0,0,0,0,SR-20,,-122.8802361,47.99090556,98368,0,1,50,Lateral Move(Left/Right),11,2,50,2,0,0,1,2,12,2,2,2,1,14,Making a U turn,1,1,53,,0,84,881,2020,0,,9,,,,,,1,1,64,1,0,,0,0,3,0,11,0,,,,,6,1,3,3,1,0,,,,96,,,,,,98,,,,,,98292,53,68,170,6,1,0,1,0,1,,0,,,,,,0,10-15-2019,05-15-2019,20,0,0,0,8,9,8,,,0,,,8,8,0,0,,,0,,,0,0,996,,,,,,,,,,,,,,,,,,,,,,,,,,,,,,0,0,0,1,0,0,0,0,0,1,0,1,0,0,0,0,0,1,0,0,0,0,0,0,0,0,0,0,0,0,1,0,1,0,0,,0,0,0,0,0,0,0,0,0,0,0,0,0,0,0,0,,,,,,61-65,56-65,City street,U,Wednesday,,MHTRUCK,Not Fatal,1,0,0,0,City Street,Municipal/City Police,Seattle Police Department,0,0,0,1,0,,,,,,0,0,0,,,,,,,,,,,98,98,98,0,,,,,20,,,,,,,,,1,0,,,,,,
2017,7,629178,5,01-06-2017,18:48,6,1,Jan,0,41,Lewis,300,1,0,2,1,2,1,1,2,1,18:50,18:53,,8,0,0,No vehicle,82,1,0,1,No intersection,1,2,1,1,0,0,0,0,I-5,,-122.9751333,46.70995833,,0,1,13,Pedestrian/Animal,80,5,60,14,0,0,1,2,8,1,1,2,3,1,Going Straight,2,1,53,,0,7,482,2020,0,,64,20,,,,,1,1,29,1,0,,1,0,99,7,11,0,,,,,0,0,0,2,1,58,,,,96,,,,,,0,,,,,,98023,53,68,147,1,1,0,3,1,4,,97,,,,,,0,01-15-2017,01-15-2020,8,0,0,0,8,5,3,,,0,,,0,0,0,0,,,0,,,0,0,996,,,,,,,,,,,,,,,,,,,,,,,,,,,,,,0,0,1,0,0,0,0,0,0,0,0,0,0,1,0,0,0,0,0,0,0,0,0,0,0,0,0,0,0,1,0,0,0,0,0,,0,0,0,0,0,0,0,0,0,0,0,1,0,0,0,0,,,,,,26-30,26-35,City street,U,Sunday,Unknown,PV,Not Fatal,0,1,0,0,State Route,Municipal/City Police,Seattle Police Department,1,1,0,0,0,,,,,,0,0,2,,,,,,,,,,,98,98,98,0,,,,,20,,,,,,,,,1,0,,,,,,
2021,8,635344,4,01-14-2021,18:10,14,1,Jan,,63,Spokane,2113,1,,3,1,2,1,1,2,1,,,,8,0,0,No vehicle,87.9,1,0,1,No intersection,3,2,1,3,0,0,0,0,SR-27,,-117.2397861,47.65989722,99206,0,1,13,Pedestrian/Animal,80,5,35,4,0,0,1,5,8,1,1,5,5,1,Going Straight,2,1,16,,0,48,403,2016,0,,8,,,,,,1,1,28,1,0,,0,0,3,0,11,0,,,,,0,0,3,3,1,0,,,,96,,,,,,98,,,,,,97211,41,67,150,6,1,0,0,0,0,,0,,,,,,0,,,20,0,0,0,8,5,8,,,0,,,0,0,8,95,,,96,,,8,95,995,,,,,,,,,,,,,,,,,,,,,,,,,,,,,,0,0,0,1,0,0,0,0,0,1,1,0,0,0,0,0,0,1,0,0,0,0,0,0,0,0,0,0,0,1,0,1,0,0,0,,0,0,0,0,0,0,0,0,0,0,0,0,0,0,0,0,,,,,,26-30,26-35,City street,U,Saturday,Belt Used,PV,Not Fatal,0,0,0,0,City Street,Municipal/City Police,Seattle Police Department,0,0,0,1,0,,,,,,0,0,0,,,,,,,,,,,98,98,98,0,,,,,20,7,,,,,,,,1,0,,,,,,
2020,8,634577,2,01-14-2020,17:15,14,1,Jan,,57,Skagit,50,4,,2,3,2,1,0,2,2,17:17,17:29,18:11,12,0,11,Other,9999.8,1,0,1,No intersection,5,2,4,4,0,0,0,0,CR-HEART LAKE RD,,-122.6343472,48.46156944,98221,0,2,98,Others,50,3,35,34,0,0,1,7,12,3,2,2,1,14,Making a U turn,1,1,53,,0,49,498,2021,0,,63,30,69,68,64,42,1,1,54,1,7,,4,8,3,0,11,4,11-03-2021,23:30,1.96E+11,58305,0,0,0,3,1,0,,,,96,,,,,,0,,,,,,98108,53,67,140,6,1,0,1,2,0,,0,,,,,,0,12-15-2020,08-15-2020,8,0,0,0,0,9,8,,,0,,,8,8,2,1,,,1,,,2,1,0.174,,,,,,,,,,,,,,,,,,,,,,,,,,,,,,0,0,1,0,1,1,0,1,0,0,0,0,0,0,0,0,0,0,0,0,0,0,0,0,0,0,0,0,0,1,0,0,0,0,0,,1,0,0,0,0,1,0,1,0,0,0,0,0,1,0,1,,,,,,51-55,46-55,City street,U,Wednesday,Belt Used,PV,API,0,1,0,0,City Street,Municipal/City Police,Seattle Police Department,1,0,0,1,0,,,,,,0,0,0,,,,,,,,,,,98,98,98,4,,,,,20,,,,,,,,,1,0,,,,,,
2020,8,634576,2,01-14-2020,17:15,14,1,Jan,,57,Skagit,50,4,,2,10,2,1,0,2,2,17:17,17:29,18:11,12,0,11,Other,9999.8,1,0,1,No intersection,5,2,4,4,0,0,0,0,CR-HEART LAKE RD,,-122.6343472,48.46156944,98221,0,1,98,Others,6,1,35,34,0,0,1,7,12,3,2,2,1,5,Others,1,2,53,,0,7,472,2002,0,,8,,,,,,1,1,38,1,0,,0,0,99,7,11,0,,,,,0,0,3,2,1,0,,,,92,,,,,,9,,,,,,98133,53,68,190,2,1,0,2,0,1,,1,5,7,12,,,3,08-15-2021,07-15-2021,20,0,0,0,8,3,2,,,0,,,8,1,8,95,,,96,,,2,98,997,,,,,,,,,,,,,,,,,,,,,,,,,,,,,,0,0,0,1,1,0,0,0,0,1,1,1,1,1,0,0,1,0,0,0,0,0,0,0,0,0,0,0,0,1,0,1,0,0,0,,0,0,0,0,0,0,0,0,1,1,0,1,0,0,0,1,,,,,,36-40,36-45,State route,U,Thursday,Unknown,PV,Not Fatal,0,0,0,0,State Route,Municipal/City Police,Seattle Police Department,0,1,0,0,0,,,,,,0,0,1,,,,,,,,,,,98,98,98,0,,,,,20,,,,,,,,,1,0,,,,,,
2019,8,633798,55,01-09-2019,10:15,9,1,Jan,,33,King,100,10,0,1,0,0,1,1,1,1,,,,15,0,0,No vehicle,0,4,0,1,No intersection,7,2,4,6,0,0,0,0,B ST NW,29TH ST NW,-122.2322083,47.33342778,98001,0,1,13,Pedestrian/Animal,98,7,0,62,0,0,1,3,15,0,0,0,0,10,Others,1,3,53,,0,12,401,2015,0,,68,12,68,14,63,19,1,1,56,1,0,,3,0,3,0,11,5,,,,,0,0,0,3,1,16,,,,0,,,,,,1,,,,,,98003,53,72,210,6,1,0,0,1,0,,0,,,,,,0,08-15-2016,08-15-2016,8,0,0,0,8,3,8,,,0,,,8,8,8,95,,,96,,,8,95,995,,,,,,,,,,,,,,,,,,,,,,,,,,,,,,0,0,0,0,0,0,0,0,0,0,0,0,0,0,0,0,0,0,0,0,0,0,0,0,0,0,0,0,0,1,0,0,0,0,0,,0,0,0,0,0,0,0,0,0,0,0,0,0,0,0,0,,,,,,56-60,56-65,City street,U,Saturday,Belt Used,PV,Not Fatal,0,0,0,0,City Street,Municipal/City Police,Seattle Police Department,0,0,0,1,0,,,,,,0,0,0,,,,,,,,,,,98,98,98,0,,,,,20,7,,,,,,,,1,0,,,,,,
2018,8,633069,146,01-08-2018,16:50,8,1,Jan,0,77,Yakima,0,5,0,2,1,2,1,2,1,1,16:55,17:12,17:53,8,0,0,No vehicle,1.5,1,0,1,No intersection,6,1,2,4,0,0,0,0,CR-ROSA DR,,-120.2619944,46.42286111,98953,0,1,13,Pedestrian/Animal,80,5,50,4,0,0,1,7,8,1,1,2,1,1,Going Straight,1,2,53,,0,42,422,2020,0,,12,,,,,,1,1,44,1,0,,0,0,3,0,11,0,,,,,0,0,0,3,1,0,,,,96,,,,,,98,,,,,,37811,47,70,175,6,1,0,1,0,0,,0,,,,,,0,03-15-2019,03-15-2019,20,0,0,0,8,9,8,,,0,,,8,8,8,95,,,96,,,8,95,995,,,,,,,,,,,,,,,,,,,,,,,,,,,,,,0,0,0,0,0,0,0,0,0,0,0,0,0,0,0,0,0,0,0,0,0,0,0,0,0,0,0,0,0,1,0,0,0,0,0,,0,0,0,0,0,0,0,0,0,0,0,0,0,0,0,0,,,,,,41-45,36-45,City street,U,Saturday,Belt Used,PV,Not Fatal,0,0,0,0,City Street,Municipal/City Police,Seattle Police Department,0,0,0,1,0,,,,,,0,0,0,,,,,,,,,,,98,98,98,0,,,,,20,7,,,,,,,,1,0,,,,,,
2017,8,629981,6,01-07-2017,14:12,7,1,Jan,0,37,Kittitas,0,4,0,1,3,1,1,0,8,3,,,,12,0,1,Front-to-Rear,77.4,1,0,1,No intersection,1,1,1,1,0,0,0,0,I-90,,-121.0397611,47.18249167,98941,0,1,28,Others,52,3,70,14,0,0,1,2,12,3,1,2,3,2,Others,5,2,53,,0,35,401,1993,0,,12,,,,,,1,1,18,1,0,,1,0,99,7,11,5,,,,,0,0,0,0,1,8,23,39,91,96,,,,,,9,,,,,,98104,53,,999,0,0,0,0,0,0,,1,2,,,,,0,,,1,0,0,0,8,3,8,,,0,,,1,8,2,401,417,,1,1,,2,1,0,,,,,,,,,,,,,,,,,,,,,,,,,,,,,,0,0,0,1,0,0,1,1,0,0,0,0,0,1,0,0,0,0,0,0,0,1,1,0,1,0,0,0,0,1,0,0,0,0,0,,0,0,0,0,0,0,1,1,0,0,0,1,0,0,1,0,,,,,,18-20,16-25,City street,U,Friday,Unknown,PV,Not Fatal,1,0,0,0,City Street,Municipal/City Police,Seattle Police Department,0,0,0,1,0,,,,,,0,0,0,,,,,,,,,,,0,0,0,0,,,,,20,7,,,,,,,,1,0,,,,,,
2017,8,629981,6,01-07-2017,14:12,7,1,Jan,0,37,Kittitas,0,4,0,1,3,1,1,0,8,3,,,,12,0,1,Front-to-Rear,77.4,1,0,1,No intersection,1,1,1,1,0,0,0,0,I-90,,-121.0397611,47.18249167,98941,0,2,98,Others,50,3,70,34,1,0,1,2,12,3,1,2,3,2,Others,2,1,53,,0,49,40,1998,0,,12,,,,,,1,1,56,1,7,,4,0,99,7,11,5,09-11-2020,04:43,1.96E+11,42409,0,0,0,3,1,0,,,,96,,,,,,98,,,,,,98118,53,64,132,6,1,0,0,0,0,,0,,,,,,0,,,1,0,0,0,0,9,8,,,0,,,8,8,2,1,,,1,,,2,1,0,,,,,,,,,,,,,,,,,,,,,,,,,,,,,,0,0,0,1,0,0,1,1,0,0,0,0,0,1,0,0,0,0,0,0,0,1,1,0,1,0,0,0,0,1,0,0,0,0,0,,1,0,0,0,0,0,0,0,0,0,0,0,0,0,0,0,,,,,,56-60,56-65,City street,U,Friday,Unknown,PV,API,1,0,0,0,City Street,Municipal/City Police,Seattle Police Department,0,0,0,1,0,,,,,,0,0,0,,,,,,,,,,,0,0,0,48,,,,,20,7,,,,,,,,1,0,,,,,,
2017,8,629981,6,01-07-2017,14:12,7,1,Jan,0,37,Kittitas,0,4,0,1,3,1,1,0,8,3,,,,12,0,1,Front-to-Rear,77.4,1,0,1,No intersection,1,1,1,1,0,0,0,0,I-90,,-121.0397611,47.18249167,98941,0,3,29,Others,53,3,70,4,0,0,1,2,12,3,1,2,3,2,Others,1,2,53,,0,73,706,2009,0,,68,64,21,,,,1,1,28,1,7,,4,7,20,7,11,0,08/24/2020,00:38,18053038974,38974,0,0,0,3,1,0,,,,96,,,,,,98,,,,,,98110,53,72,220,6,1,0,0,0,0,,0,,,,,,4,,,20,8,0,0,0,9,8,,,0,,,8,8,8,95,,,96,,,8,95,995,,,,,,,,,,,,,,,,,,,,,,,,,,,,,,0,0,1,0,0,0,0,0,0,0,0,0,1,0,0,0,0,0,0,0,0,0,0,0,0,0,0,0,1,0,0,0,0,0,1,0,0,0,0,0,0,0,0,0,0,1,0,0,0,0,0,0,,,,,,26-30,26-35,City street,U,Monday,,MC,White,0,1,0,0,City Street,Municipal/City Police,Bremerton Police Department,1,0,0,1,0,,,,,,0,0,0,,,,,,,,,,,0,0,0,1,,,,,5,0,,,,,,,,0,18,,,,,,
2021,9,635341,5,01-14-2021,11:23,14,1,Jan,,15,Cowlitz,0,10,,1,1,2,1,0,3,2,,,,12,0,2,Front-to-Front,5,1,0,1,No intersection,3,2,1,3,0,0,0,0,SR-432,,-122.9690833,46.12653056,97048,0,1,50,Lateral Move(Left/Right),10,2,50,6,0,0,1,5,12,1,1,2,1,1,Going Straight,2,2,53,,0,63,401,2002,0,,68,64,35,1,,,1,1,23,2,7,,4,7,20,7,11,0,05/27/2020,11:28,53024863,24863,0,0,0,0,1,0,,,,0,,,,,,2,,,,,,99129,53,62,135,0,0,0,1,0,1,,0,,,,,,0,02-15-2016,04-15-2019,1,1,2,0,0,9,8,,,0,,,8,8,2,401,417,695,1,1,1,2,1,0,,,,,,,,,,,,,,,,,,,,,,,,,,,,,,0,0,1,0,0,0,1,1,1,0,0,0,0,1,0,1,0,0,0,1,0,0,0,1,1,0,0,0,0,1,0,0,0,1,0,,1,0,0,0,0,0,1,1,0,0,0,1,0,0,1,0,,,,,,21-25,16-25,County road,R,Wednesday,Not Used,PV,White,0,1,0,0,County Road,County Sheriff,Stevens County Sheriff's Office,1,0,1,0,0,thc,13,carboxy-thc,110,,0,0,1,1,,,,,605,,,,,98,98,98,1,,,,,20,7,,,,,,,nms,1,0,,,CEDONIA-ADDY,0.73,,
2020,9,634578,8,01-05-2020,19:56,5,1,Jan,,45,Mason,0,10,,2,2,1,1,1,1,1,,,,8,1,0,No vehicle,339.9,1,0,1,No intersection,3,1,1,2,0,0,0,0,US-101,,-123.1671528,47.28520556,98584,0,1,13,Pedestrian/Animal,11,2,55,20,0,0,1,5,8,1,1,2,1,1,Going Straight,1,2,53,,0,19,431,9999,0,,8,,,,,,1,1,999,9,0,,9,0,99,7,11,0,,,,,99,9,9,9,1,0,,,,92,,,,,,98,,,,,,99999,99,,999,9,9,99,99,99,99,,97,,,,,,0,,,99,0,0,0,8,9,8,,,0,,,8,8,0,0,,,0,,,0,0,996,,,,,,,,,,,,,,,,,,,,,,,,,,,,,,0,0,0,1,0,0,0,0,0,1,0,1,0,0,0,0,1,0,0,0,0,0,0,0,0,0,0,0,0,1,0,1,0,0,0,,0,0,0,0,0,0,0,0,1,0,0,0,0,0,0,0,,,,,,,,City street,U,Sunday,Unknown,PV,Not Fatal,1,0,0,0,City Street,Municipal/City Police,Seattle Police Department,0,0,0,1,0,,,,,,99,99,99,,,,,,,,,,,98,98,98,0,,,,,20,,,,,,,,,1,0,,,,,,
2019,9,633801,305,01-09-2019,07:49,9,1,Jan,,11,Clark,2370,10,0,1,1,2,1,0,3,3,,,,12,0,2,Front-to-Front,0,1,0,1,No intersection,7,2,4,6,0,0,0,0,NE 136TH AVE,,-122.5346222,45.62798611,98684,0,3,98,Others,61,4,98,34,0,0,1,5,12,1,1,5,1,1,Going Straight,1,1,53,,0,49,46,2015,0,,8,,,,,,1,1,49,2,0,,0,0,3,0,11,0,,,,,0,0,0,3,1,0,,,,96,,,,,,98,,,,,,98105,53,62,155,6,1,0,0,0,0,,0,,,,,,0,05-15-2019,05-15-2019,20,0,0,0,8,9,8,,,0,,,8,8,8,95,,,96,,,8,95,995,,,,,,,,,,,,,,,,,,,,,,,,,,,,,,0,0,0,1,0,0,0,0,0,1,0,1,0,0,0,0,1,0,0,0,0,0,0,0,0,0,0,0,0,1,0,1,0,0,0,,0,0,0,0,0,0,0,0,0,0,0,0,0,0,0,0,,,,,,46-50,46-55,City street,U,Sunday,Belt Used,PV,Not Fatal,1,0,0,0,City Street,Municipal/City Police,Seattle Police Department,0,0,0,1,0,,,,,,0,0,1,,,,,,,,,,,98,98,98,0,,,,,20,,,,,,,,,1,0,,,,,,
2019,9,633800,305,01-09-2019,07:49,9,1,Jan,,11,Clark,2370,10,0,1,1,2,1,0,3,3,,,,12,0,2,Front-to-Front,0,1,0,1,No intersection,7,2,4,6,0,0,0,0,NE 136TH AVE,,-122.5346222,45.62798611,98684,0,2,51,Lateral Move(Going Straight),62,4,98,5,0,0,1,7,12,1,1,5,1,1,Going Straight,1,2,53,,0,35,403,2017,0,,8,,,,,,1,1,61,2,0,,0,0,3,0,11,0,,,,,0,0,0,3,1,10,,,,0,,,,,,98,,,,,,98198,53,67,220,6,1,0,0,0,0,,0,,,,,,0,,,20,0,0,0,8,9,2,,,0,,,8,8,0,0,,,0,,,0,0,996,,,,,,,,,,,,,,,,,,,,,,,,,,,,,,0,0,0,0,0,0,0,0,0,1,0,1,0,0,0,0,0,1,0,0,0,0,0,0,0,0,0,0,0,1,0,1,0,0,0,,0,0,0,0,0,0,0,0,0,0,0,0,0,0,0,0,,,,,,61-65,56-65,City street,U,Thursday,Belt Used,PV,Not Fatal,0,0,0,0,City Street,Municipal/City Police,Seattle Police Department,0,0,0,1,0,,,,,,0,0,0,,,,,,,,,,,98,98,98,0,,,,,20,,,,,,,,,1,0,,,,,,
2019,9,633799,305,01-09-2019,07:49,9,1,Jan,,11,Clark,2370,10,0,1,1,2,1,0,3,3,,,,12,0,2,Front-to-Front,0,1,0,1,No intersection,7,2,4,6,0,0,0,0,NE 136TH AVE,,-122.5346222,45.62798611,98684,0,1,50,Lateral Move(Left/Right),10,2,98,3,0,0,1,7,12,1,1,5,1,1,Going Straight,1,2,53,,0,99,499,9999,0,,8,,,,,,1,1,999,9,0,,9,0,99,7,11,0,,,,,99,9,9,9,1,0,,,,96,,,,,,98,,,,,,99999,99,,999,9,9,99,99,99,99,,0,,,,,,0,,,99,0,0,0,8,9,8,,,0,,,8,8,0,0,,,0,,,0,0,996,,,,,,,,,,,,,,,,,,,,,,,,,,,,,,0,0,0,1,0,0,0,0,0,0,0,0,0,0,0,0,0,1,0,0,0,0,0,0,0,0,0,0,0,1,0,1,0,0,0,,0,0,0,0,0,0,0,0,0,0,0,0,0,0,0,0,,,,,,,,City street,U,Saturday,Unknown,PV,Not Fatal,1,0,0,0,City Street,Municipal/City Police,Seattle Police Department,0,0,0,1,0,,,,,,99,99,99,,,,,,,,,,,98,98,98,0,,,,,20,7,,,,,,,,1,0,,,,,,