year,something,Cases,repjur,crash_dt,crash_tm,accday,Month,Month,holiday,county,co_char,city,weather,weather2,lightcond,surfcond,surftype,Number of Fatalities,nmforms,pforms,vforms,not_tm,arr_tm,hosp_tm,fhevent,hitrun,Manner of Collision,Manner of Collision,milepnt,reljunc,reljuncinter,intersectiontype,Intersection Type,funcsystem,landuse,ownership,route,schlbus,spejur,contdev,devfunc,trafid1,trafid2,x,y,zipcode,wk_zone,vnumber,crashtype,Crash Type,criticalevent,criticaleventcat,spdlim,body,trailer,emerg,hazcargo,leave,mhevent,roadalgn,roadprof,traflane,trafflow,Vehicle Manure,Vehicle Manure,numoccs,regowner,regstate,,spuse,make,model,modelyr,vrf1,vrf2,seqevent1,seqevent2,seqevent3,seqevent4,seqevent5,seqevent6,pnumber,ptype,age,sex,hispanic,race,injury,diedscene,restraint,restraintmisuse,seatpos,takehosp,death_dt,death_tm,cert,cernum_wa,commlic,licendor,licrestrict,liccomp,drivpres,drf1,drf2,drf3,drf4,distract1,distract2,distract3,distract4,distract5,distract6,dricond1,dricond2,dricond3,dricond4,dricond5,dricond6,dzip,licstate,drhgt_in,weight,noncdl,noncdltype,prevdwi,prevoth,prevacc,prevspd,prevsus,driviol1,driviol2,driviol3,driviol4,driviol5,driviol6,spdrel,first_dt,last_dt,airbag,ejection,ejectpath,extricat,injurwrk,methalc,methdrug,nmlocat,strikveh,prf1,prf2,prf3,druginv,alcinvol,drugsts,drugres1,drugres2,drugres3,drugtst1,drugtst2,drugtst3,alcsts,alctst,alcres,nmact1,nmact2,nmact3,nmact4,nmact5,nmact6,nmprior1,nmprior2,nmprior3,nmprior4,nmprior5,nmprior6,nmcond1,nmcond2,nmcond3,nmcond4,nmcond5,nmcond6,nmsafe_helmet,nmsafe_pads,nmsafe_oth,nmprev_ref,nmprev_lgt,nmprev_oth,crashlocation,nmcrashtype,crosswalk,schoolzone,sidewalk,train_inv,wildlife_inv,rotr_fars,intersect_fars,Drink and Drive,aid_inv,Drug Positive Drivers,Impaired Drivers,Marijuana Positive,impnm_inv,ainm_inv,dpnm_inv,speed_inv,unlic_inv,unendmc_inv,drowsy_inv,drdist_inv,nmdist_inv,fty_inv,unrestfat_inv,dr1617_inv,dr1820_inv,dr1620_inv,dr2125_inv,dr1625_inv,dr65_inv,dr70_inv,dr75_inv,mc_inv,pv_inv,ht_inv,ped_inv,bike_inv,unrest_fat,mc_fat,unhelmet_mc,pv_fat,ht_fat,ped_fat,bike_fat,dr_alc7,dr_alc8,dr_drug,dr_imp,dr_dist,dr_spd,dr_fty,dr_unlic,dr_alc7only,dr_alc8only,dr_drugonly,dr_drink,nm_imp,nm_alc7,nm_alc8,nm_drug,nm_dist,agegrp1,agegrp2,roadclass,urbrur,dayweek,restuse,vehtype,race_me,intersect,lanedep,oppdir,wrongway,rep_typ,investag,repag_long,rotr,st_rd,cty_rd,city_rd,oth_rd,drug_thc,thc_res,drug_cthc,cthc_res,drug_cann,prevpersemin,prevperse,prevsusoth,drugtst4,drugtst5,drugtst6,drugtst7,drugtst8,drugres4,drugres5,drugres6,drugres7,drugres8,adspresent,adsengaged,adslevel,race1,race2,race3,race4,race5,helmet,helmetmisuse,nmdistract1,nmdistract2,nmdistract3,nmdistract4,nmdistract5,nmdistract6,lab,isedtcase,crf1,crf2,crf3,CoRoadName,CoMP,IntCoRoadName,IntCoMP
2018,9,633076,6,01-07-2018,02:06,7,1,Jan,0,25,Grant,0,1,0,2,2,2,1,0,3,1,02:05,02:28,03:18,1,0,0,No vehicle,154.3,1,0,1,No intersection,1,1,1,1,0,0,0,0,I-90,,-119.7269639,47.10373611,98824,0,1,6,Drive off road,12,2,70,14,0,0,1,2,1,1,1,2,2,1,Going Straight,3,2,53,,0,49,40,1996,0,,12,,,,,,1,1,23,1,7,,4,7,3,0,11,0,01/18/2020,02:58,1.96E+11,2903,0,0,3,3,1,28,,,,96,,,,,,0,,,,,,98118,53,77,230,6,1,0,0,1,0,,0,,,,,,0,11-15-2018,11-15-2018,8,0,0,0,0,9,1,,,0,,,1,8,2,695,605,,1,1,,2,1,0.169,,,,,,,,,,,,,,,,,,,,,,,,,,,,,,0,0,0,1,1,1,1,1,1,0,0,0,0,0,0,0,0,0,0,0,0,0,0,1,1,0,0,0,0,1,0,0,0,0,0,,1,0,0,0,0,1,1,1,0,0,0,0,0,0,0,1,,,,,,21-25,16-25,City street,U,Saturday,Belt Used,PV,API,0,1,1,0,City Street,Municipal/City Police,Seattle Police Department,0,0,0,1,0,thc,11,carboxy-thc,27,,0,0,0,,,,,,,,,,,0,0,0,38,,,,,20,7,,,,,,,nms,1,0,,,,,,
2017,9,632204,4,01-08-2017,16:39,8,1,Jan,0,1,Adams,0,3,0,2,4,2,1,0,2,2,16:35,17:11,18:33,12,0,2,Front-to-Front,69.9,1,0,1,No intersection,3,1,1,3,0,0,0,0,SR-26,,-118.576325,46.79465,99344,0,1,50,Lateral Move(Left/Right),10,2,65,4,0,0,1,2,12,1,1,2,1,1,Going Straight,1,2,53,,0,49,40,1998,0,,12,,,,,,1,1,47,1,0,,1,0,3,0,11,5,,,,,0,0,0,3,1,0,,,,96,,,,,,0,,,,,,98108,53,68,170,6,1,0,1,2,0,,0,,,,,,0,11-15-2016,07-15-2016,8,0,0,0,8,9,8,,,0,,,8,8,8,95,,,96,,,8,95,995,,,,,,,,,,,,,,,,,,,,,,,,,,,,,,0,0,0,1,1,1,1,1,1,0,0,0,0,0,0,0,0,0,0,0,0,0,0,1,1,0,0,0,0,1,0,0,0,0,0,,0,0,0,0,0,0,0,0,0,0,0,0,0,0,0,0,,,,,,46-50,46-55,City street,U,Saturday,Belt Used,PV,Not Fatal,0,1,1,0,City Street,Municipal/City Police,Seattle Police Department,0,0,0,1,0,,,,,,0,0,0,,,,,,,,,,,0,0,0,0,,,,,20,7,,,,,,,,1,0,,,,,,
2017,9,632204,4,01-08-2017,16:39,8,1,Jan,0,1,Adams,0,3,0,2,4,2,1,0,2,2,16:35,17:11,18:33,12,0,2,Front-to-Front,69.9,1,0,1,No intersection,3,1,1,3,0,0,0,0,SR-26,,-118.576325,46.79465,99344,0,2,51,Lateral Move(Going Straight),62,4,65,14,0,0,1,2,12,1,1,2,1,1,Going Straight,1,1,53,,0,12,481,2005,0,,12,,,,,,1,1,24,2,0,,0,0,98,7,11,0,,,,,0,0,0,0,1,91,,,,96,,,,,,9,,,,,,98103,53,64,125,0,0,0,1,0,0,,2,7,,,,,0,06-15-2016,06-15-2016,99,9,0,0,8,3,2,,,0,,,1,8,2,401,417,,1,1,,2,1,0,,,,,,,,,,,,,,,,,,,,,,,,,,,,,,0,0,0,1,0,0,1,1,0,1,0,1,0,1,0,0,0,0,0,0,0,0,0,1,1,0,0,0,0,1,0,1,0,0,0,,0,0,0,0,0,0,1,1,0,0,0,1,0,0,1,0,,,,,,21-25,16-25,State route,U,Sunday,Unknown,PV,Not Fatal,1,0,0,0,State Route,Municipal/City Police,Seattle Police Department,0,1,0,0,0,,,,,,0,0,0,,,,,,,,,,,98,98,98,0,,,,,20,7,,,,,,,,1,0,,,,,,
2021,9,635342,5,01-14-2021,11:23,14,1,Jan,,15,Cowlitz,0,10,,1,1,2,1,0,3,2,,,,12,0,2,Front-to-Front,5,1,0,1,No intersection,3,2,1,3,0,0,0,0,SR-432,,-122.9690833,46.12653056,97048,0,2,51,Lateral Move(Going Straight),62,4,50,5,0,0,1,5,12,1,1,2,1,1,Going Straight,1,9,99,,0,7,28,2019,0,,12,63,8,,,,1,1,28,2,0,,0,0,99,7,11,0,,,,,0,0,0,3,1,0,,,,96,,,,,,0,,,,,,98108,53,61,160,6,1,0,0,1,6,,0,,,,,,0,11-15-2016,11-15-2018,99,9,0,0,8,9,8,,,0,,,8,8,8,95,,,96,,,8,95,995,,,,,,,,,,,,,,,,,,,,,,,,,,,,,,0,0,0,1,0,0,1,1,0,1,0,1,0,1,0,0,0,0,0,0,0,0,0,1,1,0,0,0,0,1,0,1,0,0,0,,0,0,0,0,0,0,0,0,0,0,0,0,0,0,0,0,,,,,,26-30,26-35,State route,U,Sunday,Unknown,PV,Not Fatal,1,0,0,0,State Route,Municipal/City Police,Seattle Police Department,0,1,0,0,0,,,,,,0,0,3,,,,,,,,,,,98,98,98,0,,,,,20,7,,,,,,,,1,0,,,,,,
2017,10,632128,8,01-08-2017,19:05,8,1,Jan,0,45,Mason,0,2,0,2,2,2,1,0,2,2,,,,12,0,2,Front-to-Front,15.3,1,0,1,No intersection,3,1,1,3,0,0,0,0,SR-3,,-122.9179833,47.31120556,98546,0,1,50,Lateral Move(Left/Right),10,2,55,34,0,0,1,2,12,4,1,2,1,6,Others,1,1,51,,0,47,35,2006,0,,9,,,,,,1,1,24,1,0,,0,0,3,0,11,0,,,,,0,0,0,3,1,0,,,,96,,,,,,9,,,,,,98155,53,69,172,6,1,0,0,0,1,,11,,,,,,0,04-15-2018,04-15-2018,20,0,0,0,8,9,8,,,0,,,8,1,8,95,,,96,,,2,98,997,,,,,,,,,,,,,,,,,,,,,,,,,,,,,,0,0,0,1,1,0,0,0,0,1,0,1,0,0,0,0,0,1,0,0,0,0,0,1,1,0,0,0,0,1,0,0,1,0,0,,0,0,0,0,0,0,0,0,0,0,0,0,0,0,0,1,,,,,,21-25,16-25,City street,U,Sunday,Belt Used,PV,Not Fatal,0,0,0,0,City Street,Municipal/City Police,Seattle Police Department,0,0,0,1,0,,,,,,0,0,1,,,,,,,,,,,98,98,98,0,,,,,20,7,,,,,,,,1,0,,,,,,
2021,10,635343,278,01-13-2021,06:56,13,1,Jan,,63,Spokane,2110,6,,6,1,2,1,0,1,1,,,,16,0,0,No vehicle,0,2,0,2,4 Way,7,2,4,6,0,0,0,0,S POST ST,W 27th Ave,-117.4234833,47.62994167,99203,0,1,0,Others,98,7,25,14,0,0,1,5,16,1,1,2,1,1,Going Straight,1,1,53,,0,64,32,2000,0,,12,,,,,,1,1,26,1,0,,2,0,99,7,11,0,,,,,0,0,3,2,1,38,,,,96,,,,,,9,,,,,,98258,53,68,150,1,1,0,1,2,0,,1,7,,,,,0,08-15-2016,11-15-2017,20,0,0,0,8,3,2,,,0,,,1,8,2,401,417,,1,1,,2,1,0,,,,,,,,,,,,,,,,,,,,,,,,,,,,,,0,0,0,1,1,0,1,1,1,0,0,0,0,1,0,0,0,0,1,0,0,0,0,0,0,0,0,0,1,1,0,0,0,0,0,,0,0,0,0,0,0,1,1,0,0,1,1,0,0,1,0,,,,,,26-30,26-35,City street,U,Wednesday,Unknown,PV,Not Fatal,1,0,0,0,City Street,Municipal/City Police,Seattle Police Department,0,0,0,1,0,,,,,,0,0,2,,,,,,,,,,,98,98,98,0,,,,,20,7,,,,,,,,1,0,,,,,,
2020,10,634579,2,01-01-2020,20:10,1,1,Jan,,29,Island,0,6,,2,2,2,1,0,1,1,20:04,20:08,,42,0,0,No vehicle,10,1,0,1,No intersection,6,1,2,4,0,0,0,0,CR-S CAMANO DR,,-122.4455111,48.11166667,98282,0,1,2,Control/Traction Loss,9,1,50,6,0,0,1,2,42,2,1,2,1,6,Others,1,1,53,,0,73,706,2014,0,,12,,,,,,1,1,61,1,7,,4,0,20,7,11,5,05/20/2020,09:44,1.96E+11,24028,0,0,0,3,1,0,,,,96,,,,,,0,,,,,,98258,53,73,250,6,1,0,0,1,0,,0,,,,,,0,10-15-2017,10-15-2017,20,8,0,0,0,9,8,,,0,,,8,8,2,695,605,,1,1,,2,1,0.069,,,,,,,,,,,,,,,,,,,,,,,,,,,,,,0,0,0,1,1,0,1,1,1,0,0,0,0,1,0,0,0,0,1,0,0,0,0,0,0,0,0,0,1,1,0,0,0,0,1,1,0,0,0,0,1,0,1,1,0,0,0,0,0,0,0,1,,,,,,61-65,56-65,City street,U,Wednesday,,MC,White,1,0,0,0,City Street,Municipal/City Police,Seattle Police Department,0,0,0,1,0,thc,11,carboxy-thc,62,,0,0,0,,,,,,,,,,,0,0,0,1,,,,,17,7,,,,,,,,1,0,,,,,,
2019,10,633802,40,01-11-2019,20:19,11,1,Jan,,63,Spokane,0,1,0,2,1,2,1,1,1,1,,,,8,0,0,No vehicle,0.8,1,0,1,No intersection,7,1,2,4,0,0,0,0,CR-W GRANITE LK RD,,-117.62075,47.55335556,99022,0,1,13,Pedestrian/Animal,80,5,35,34,0,0,1,7,8,1,1,2,1,1,Going Straight,1,1,53,,0,32,52,2014,0,,68,64,33,24,1,2,1,1,34,1,7,,4,7,99,7,11,0,07/18/2020,02:29,1.96E+11,34509,0,0,0,3,1,0,,,,96,,,,,,98,,,,,,84096,49,67,180,6,1,0,0,98,2,,0,,,,,,3,08-15-2015,11-15-2016,99,0,0,0,0,9,8,,,0,,,8,8,2,1,,,1,,,2,1,0.258,,,,,,,,,,,,,,,,,,,,,,,,,,,,,,0,0,1,1,1,1,0,1,0,0,0,0,1,0,0,0,0,0,0,0,0,0,0,0,0,0,0,0,0,1,0,0,0,0,0,,1,0,0,0,0,1,0,1,0,1,0,0,0,1,0,1,,,,,,31-35,26-35,City street,U,Saturday,Unknown,PV,White,1,0,0,0,City Street,Municipal/City Police,Seattle Police Department,0,0,0,1,0,,,,,,0,0,0,,,,,,,,,,,98,98,98,1,,,,,20,7,,,,,,,,1,14,,,,,,
2018,10,633073,19,01-10-2018,06:12,10,1,Jan,0,21,Franklin,0,10,0,2,2,2,1,1,1,1,,,,8,0,0,No vehicle,0.8,1,0,1,No intersection,6,1,2,4,0,0,0,0,CR-CLARK RD,,-119.1360278,46.30006944,99301,0,1,13,Pedestrian/Animal,80,5,50,20,0,0,1,7,8,1,1,2,1,1,Going Straight,1,1,53,,0,49,402,2013,0,,8,14,63,30,,,1,1,66,2,0,,3,0,3,0,11,5,,,,,0,0,3,3,1,0,,,,96,,,,,,1,,,,,,98102,53,63,145,6,1,0,0,0,0,,0,,,,,,0,,,1,0,0,0,8,9,8,,,0,,,0,0,8,95,,,96,,,8,95,995,,,,,,,,,,,,,,,,,,,,,,,,,,,,,,0,0,0,0,0,0,0,0,0,1,0,1,0,0,0,0,0,0,0,0,0,0,0,0,0,1,0,0,0,1,0,1,0,0,0,,0,0,0,0,0,0,0,0,0,0,0,0,0,0,0,0,,,,,,66-70,66-75,City street,U,Wednesday,Belt Used,PV,Not Fatal,0,0,0,0,City Street,Municipal/City Police,Seattle Police Department,0,0,0,1,0,,,,,,0,0,0,,,,,,,,,,,98,98,98,0,,,,,20,,,,,,,,,1,0,,,,,,
2017,10,632128,8,01-08-2017,19:05,8,1,Jan,0,45,Mason,0,2,0,2,2,2,1,0,2,2,,,,12,0,2,Front-to-Front,15.3,1,0,1,No intersection,3,1,1,3,0,0,0,0,SR-3,,-122.9179833,47.31120556,98546,0,2,51,Lateral Move(Going Straight),62,4,55,2,0,0,1,2,12,4,1,2,1,14,Making a U turn,1,1,53,,0,42,405,2017,0,,8,,,,,,1,1,18,1,0,,0,0,99,7,11,0,,,,,0,0,0,3,1,0,,,,96,,,,,,9,,,,,,98112,53,75,155,6,1,0,0,0,0,,97,,,,,,0,,,99,0,0,0,8,9,8,,,0,,,8,1,2,1,,,1,,,2,1,0.16,,,,,,,,,,,,,,,,,,,,,,,,,,,,,,0,0,0,0,1,1,0,1,0,1,1,1,0,0,0,0,0,0,0,0,0,1,1,0,1,0,0,0,0,1,0,1,0,0,0,,0,0,0,0,0,1,0,1,0,0,0,0,0,1,0,1,,,,,,18-20,16-25,State route,U,Friday,Unknown,PV,Not Fatal,0,0,0,0,State Route,Municipal/City Police,Seattle Police Department,0,1,0,0,0,,,,,,0,0,0,,,,,,,,,,,98,98,98,0,,,,,20,,,,,,,,,1,0,,,,,,
2021,11,635346,3,01-02-2021,12:29,2,1,Jan,,53,Pierce,0,2,,1,2,2,2,0,4,2,,,,12,0,6,Angle,5.3,2,0,2,4 Way,4,1,1,3,0,0,4,3,SR-702,8TH AVE,-122.4423944,46.93731667,98580,0,2,86,Others,66,4,55,67,1,0,1,2,12,1,2,2,1,1,Going Straight,2,2,53,,0,3,421,9999,0,,8,,,,,,1,1,999,9,0,,9,0,98,7,11,0,,,,,99,9,9,9,1,0,,,,96,,,,,,98,,,,,,99999,99,,999,9,9,99,99,99,99,,97,,,,,,0,,,20,0,0,0,8,9,8,,,0,,,8,8,0,0,,,0,,,0,0,996,,,,,,,,,,,,,,,,,,,,,,,,,,,,,,0,0,0,1,0,0,0,0,0,0,0,0,0,0,0,0,0,0,0,0,0,0,0,0,0,0,0,0,0,1,0,1,0,0,0,,0,0,0,0,0,0,0,0,0,0,0,0,0,0,0,0,,,,,,,,City street,U,Friday,Unknown,PV,Not Fatal,0,0,0,0,City Street,,,0,0,0,1,0,,,,,,99,99,99,,,,,,,,,,,98,98,98,0,,,,,20,7,,,,,,,,0,0,,,,,,
2021,11,635345,3,01-02-2021,12:29,2,1,Jan,,53,Pierce,0,2,,1,2,2,2,0,4,2,,,,12,0,6,Angle,5.3,2,0,2,4 Way,4,1,1,3,0,0,4,3,SR-702,8TH AVE,-122.4423944,46.93731667,98580,0,1,87,Others,17,2,35,4,0,0,1,2,12,1,2,2,1,4,Others,2,2,53,,0,38,883,2016,0,,14,,,,,,1,1,32,1,0,,0,0,99,7,11,0,,,,,0,0,0,3,1,0,,,,96,,,,,,98,,,,,,98444,53,62,130,6,1,0,0,0,0,,97,,,,,,0,,,99,0,0,0,8,9,8,,,0,,,8,8,8,95,,,96,,,8,95,995,,,,,,,,,,,,,,,,,,,,,,,,,,,,,,0,0,0,0,0,0,0,0,0,0,0,0,0,0,0,0,0,0,0,0,0,0,0,0,0,0,0,0,0,1,1,0,0,0,0,,0,0,0,0,0,0,0,0,0,0,0,0,0,0,0,0,,,,,,31-35,26-35,City street,U,Sunday,,MHTRUCK,Not Fatal,0,1,0,0,City Street,Municipal/City Police,Seattle Police Department,1,0,0,1,0,,,,,,0,0,0,,,,,,,,,,,98,98,98,0,,,,,20,7,,,,,,,,0,0,,,,,,
2020,11,634580,7,01-11-2020,04:28,11,1,Jan,,33,King,0,2,,3,2,2,1,1,1,1,04:32,04:39,,8,0,0,No vehicle,33.3,1,0,1,No intersection,3,2,1,3,0,0,0,0,SR-509,,-122.3269361,47.51165,98106,0,1,13,Pedestrian/Animal,80,5,60,14,0,0,1,5,8,1,2,2,3,1,Going Straight,1,1,53,,0,49,32,2015,0,,8,,,,,,1,1,41,2,0,,0,0,3,0,11,0,,,,,0,0,3,3,1,0,,,,96,,,,,,0,,,,,,98108,53,60,135,6,1,0,0,0,0,,0,,,,,,0,,,20,0,0,0,8,3,8,,,0,,,8,8,0,0,,,0,,,8,95,995,,,,,,,,,,,,,,,,,,,,,,,,,,,,,,0,0,0,1,0,0,0,0,0,1,0,1,0,0,0,0,0,0,0,0,0,0,0,0,0,0,0,0,0,1,0,1,0,0,0,,0,0,0,0,0,0,0,0,0,0,0,0,0,0,0,0,,,,,,41-45,36-45,City street,U,Tuesday,Belt Used,PV,Not Fatal,1,0,0,0,City Street,Municipal/City Police,Seattle Police Department,0,0,0,1,0,,,,,,0,0,0,,,,,,,,,,,98,98,98,0,,,,,20,7,,,,,,,,1,0,,,,,,
2018,11,633075,4,01-11-2018,11:06,11,1,Jan,0,19,Ferry,0,4,0,1,3,2,1,0,3,2,,,,12,0,6,Angle,257.6,1,0,1,No intersection,3,1,1,2,0,0,0,0,US-395,,-118.1419361,48.77537222,,0,2,66,Specific Other,62,4,55,34,0,0,1,2,12,2,2,2,1,14,Making a U turn,2,3,53,,0,20,401,1992,0,,63,1,,,,,1,1,77,1,7,,4,7,20,7,11,0,07/16/2020,05:28,53033021,33021,0,0,0,3,1,0,,,,92,,,,,,98,,,,,,98822,53,69,175,6,1,0,0,0,0,,0,,,,,,0,,,20,0,0,0,0,9,8,,,0,,,8,8,0,0,,,0,,,0,0,996,,,,,,,,,,,,,,,,,,,,,,,,,,,,,,0,0,1,0,0,0,0,0,0,0,0,0,0,0,0,0,1,0,0,1,0,0,0,0,0,1,1,1,0,1,0,0,0,1,0,,1,0,0,0,0,0,0,0,1,0,0,0,0,0,0,0,,,,,,76-80,76+,Other,R,Thursday,Not Used,PV,White,0,1,0,0,Other,County Sheriff,Chelan County Sheriff's Office,1,0,0,0,1,,,,,,0,0,0,,,,,,,,,,,0,0,0,1,,,,,20,7,,,,,,,,1,0,,,,,,
2018,11,633074,4,01-11-2018,11:06,11,1,Jan,0,19,Ferry,0,4,0,1,3,2,1,0,3,2,,,,12,0,6,Angle,257.6,1,0,1,No intersection,3,1,1,2,0,0,0,0,US-395,,-118.1419361,48.77537222,,0,1,66,Specific Other,6,1,55,1,0,0,1,2,12,3,2,2,1,14,Making a U turn,1,2,53,,0,22,18,2005,0,,68,64,42,,,,1,1,19,1,7,,4,7,20,7,11,0,01/23/2020,12:17,53003596,3596,0,0,0,3,1,0,,,,92,,,,,,98,,,,,,99223,53,68,125,6,2,0,0,0,1,,0,,,,,,0,04-15-2018,04-15-2018,1,2,9,0,0,9,8,,,0,,,8,8,8,95,,,96,,,8,95,995,,,,,,,,,,,,,,,,,,,,,,,,,,,,,,0,0,1,1,0,0,0,0,0,0,0,0,0,0,0,0,1,0,0,1,0,1,1,0,1,0,0,0,0,1,0,0,0,1,0,,1,0,0,0,0,0,0,0,1,0,0,0,0,0,0,0,,,,,,18-20,16-25,County road,R,Thursday,Not Used,PV,White,0,1,0,0,County Road,County Sheriff,Spokane County Sheriff's Office,1,0,1,0,0,,,,,,0,0,0,,,,,,,,,,,98,98,98,1,,,,,20,7,,,,,,,,1,0,,,BALTIMORE RD,1.35,,
2017,11,630209,40,01-07-2017,09:39,7,1,Jan,0,63,Spokane,0,1,0,1,4,2,2,0,2,1,,,,10,0,0,No vehicle,2.7,6,0,1,No intersection,5,1,2,4,0,0,65,3,CR-S BROOKS RD,,-117.6902167,47.625875,99022,0,1,15,Others,17,2,45,34,0,0,1,2,10,1,1,2,1,1,Going Straight,2,2,53,,0,12,481,2003,0,,68,12,12,1,,,1,1,29,1,0,,3,0,99,7,11,5,,,,,0,0,0,2,1,33,,,,96,,,,,,98,,,,,,99016,53,70,190,1,1,0,0,0,1,,97,,,,,,0,11-15-2016,11-15-2016,20,0,0,0,8,9,8,,,0,,,8,8,2,401,417,,1,1,,2,1,0,,,,,,,,,,,,,,,,,,,,,,,,,,,,,,0,0,0,0,0,0,1,1,0,0,0,0,0,1,0,0,0,0,0,0,0,0,0,0,0,0,0,0,0,1,0,0,0,0,0,,0,0,0,0,0,0,1,1,0,0,0,1,0,0,1,0,,,,,,26-30,26-35,County road,R,Monday,Unknown,PV,Not Fatal,0,1,1,0,County Road,County Sheriff,Spokane County Sheriff's Office,0,0,1,0,0,,,,,,0,0,1,,,,,,,,,,,98,98,98,0,,,,,20,7,,,,,,,,1,0,,,ARGONNE RD,2.7,,
2019,11,633808,35,01-15-2019,19:45,15,1,Jan,,53,Pierce,0,1,0,2,1,2,1,1,1,1,,,,8,1,0,No vehicle,1.2,1,0,1,No intersection,3,2,2,4,0,0,0,0,CR-152ND ST E,,-122.4095694,47.11878333,98445,0,1,13,Pedestrian/Animal,11,2,35,99,0,0,1,5,8,1,1,2,1,1,Going Straight,1,9,99,,0,37,31,1991,0,,12,,,,,,1,1,44,1,7,,4,7,3,0,11,0,05-11-2020,06:39,53023135,23135,0,0,0,3,1,0,,,,96,,,,,,0,,,,,,99212,53,69,200,6,1,0,1,1,0,,0,,,,,,0,02-15-2020,02-15-2020,20,0,0,0,0,9,8,,,0,,,8,8,2,124,996,,1,1,,2,1,0,,,,,,,,,,,,,,,,,,,,,,,,,,,,,,0,0,0,0,0,0,1,1,0,0,0,0,0,1,0,0,0,0,0,0,0,0,0,0,0,0,0,0,0,1,0,0,0,0,0,,1,0,0,0,0,0,1,1,0,0,0,0,0,0,1,0,,,,,,41-45,36-45,County road,R,Monday,Belt Used,PV,White,0,1,1,0,County Road,County Sheriff,Spokane County Sheriff's Office,0,0,1,0,0,,,,,,0,0,0,,,,,,,,,,,0,0,0,1,,,,,20,7,,,,,,,,1,0,,,ARGONNE RD,2.7,,
2021,12,635349,1,01-07-2021,22:51,7,1,Jan,,5,Benton,0,5,,2,1,2,1,0,4,3,,,,12,0,2,Front-to-Front,86,1,0,1,No intersection,1,1,1,1,0,0,0,0,I-82,,-119.6734667,46.22353333,99350,0,3,98,Others,98,7,70,2,0,0,1,2,12,3,2,2,3,14,Making a U turn,2,2,53,,0,23,481,1988,0,,12,,,,,,1,1,33,1,0,,0,0,3,0,11,0,,,,,0,0,0,0,1,0,,,,96,,,,,,0,,,,,,83854,16,69,210,0,0,0,0,0,0,,0,,,,,,0,,,20,0,0,0,8,9,8,,,0,,,8,8,8,95,,,96,,,8,95,995,,,,,,,,,,,,,,,,,,,,,,,,,,,,,,0,0,0,0,0,0,1,1,0,0,0,0,0,1,0,0,0,0,0,0,0,0,0,0,0,0,0,0,0,1,0,0,0,0,0,,0,0,0,0,0,0,0,0,0,0,0,1,0,0,0,0,,,,,,31-35,26-35,County road,R,Monday,Belt Used,PV,Not Fatal,0,1,1,0,County Road,County Sheriff,Spokane County Sheriff's Office,0,0,1,0,0,,,,,,0,0,0,,,,,,,,,,,0,0,0,0,,,,,20,7,,,,,,,,1,0,,,ARGONNE RD,2.7,,
2021,12,635348,1,01-07-2021,22:51,7,1,Jan,,5,Benton,0,5,,2,1,2,1,0,4,3,,,,12,0,2,Front-to-Front,86,1,0,1,No intersection,1,1,1,1,0,0,0,0,I-82,,-119.6734667,46.22353333,99350,0,2,51,Lateral Move(Going Straight),54,3,70,34,0,0,1,2,12,3,2,2,3,14,Making a U turn,1,1,53,,0,7,20,2004,0,,68,64,1,,,,1,1,20,2,7,,4,7,20,7,11,0,01/14/2020,03:53,53001535,1535,0,0,0,0,1,0,,,,96,,,,,,9,,,,,,98920,53,,999,0,0,0,0,0,0,,0,,,,,,4,,,20,1,9,0,0,9,8,,,0,,,8,1,2,1,,,1,,,2,1,0.084,,,,,,,,,,,,,,,,,,,,,,,,,,,,,,0,0,0,0,1,1,0,1,0,0,0,0,1,1,0,0,0,0,0,1,0,1,1,0,1,0,0,0,0,1,0,0,0,1,0,,1,0,0,0,0,1,0,1,0,1,0,1,0,1,0,1,,,,,,18-20,16-25,County road,R,Tuesday,Not Used,PV,AIAN,0,1,0,0,County Road,Other Law Enforcement,Yakama Tribal Police Department,1,0,1,0,0,,,,,,0,0,0,,,,,,,,,,,98,98,98,3,,,,,20,7,,,,,,,,1,0,,,MCDONALD RD.,4.95,,
2021,12,635347,1,01-07-2021,22:51,7,1,Jan,,5,Benton,0,5,,2,1,2,1,0,4,3,,,,12,0,2,Front-to-Front,86,1,0,1,No intersection,1,1,1,1,0,0,0,0,I-82,,-119.6734667,46.22353333,99350,0,1,50,Lateral Move(Left/Right),54,3,70,14,0,0,1,2,12,2,2,2,3,14,Making a U turn,1,1,53,,0,12,401,2003,0,,68,64,1,,,,1,1,49,1,7,,4,0,99,7,11,5,12/22/2020,23:21,2.59E+11,60574,0,0,0,0,1,0,,,,96,,,,,,9,,,,,,98952,53,68,156,0,0,0,0,0,0,,0,,,,,,3,06-15-2017,06-15-2017,20,0,0,0,0,3,2,,,0,,,8,1,2,522,695,605,1,1,1,2,1,0.156,,,,,,,,,,,,,,,,,,,,,,,,,,,,,,0,0,0,0,1,1,1,1,1,0,0,0,1,1,0,0,0,0,0,0,0,0,0,0,0,0,0,0,0,1,0,0,0,0,0,,1,0,0,0,0,1,1,1,0,1,0,1,0,0,0,1,,,,,,46-50,46-55,County road,R,Tuesday,Unknown,PV,AIAN,0,1,0,0,County Road,Other Law Enforcement,Yakama Tribal Police Department,1,0,1,0,0,thc,9.6,carboxy-thc,19,,0,0,1,,,,,,,,,,,98,98,98,3,,,,,20,7,,,,,,,nms,1,0,,,CURTIS ST.,0.75,,