year,something,Cases,repjur,crash_dt,crash_tm,accday,Month,Month,holiday,county,co_char,city,weather,weather2,lightcond,surfcond,surftype,Number of Fatalities,nmforms,pforms,vforms,not_tm,arr_tm,hosp_tm,fhevent,hitrun,Manner of Collision,Manner of Collision,milepnt,reljunc,reljuncinter,intersectiontype,Intersection Type,funcsystem,landuse,ownership,route,schlbus,spejur,contdev,devfunc,trafid1,trafid2,x,y,zipcode,wk_zone,vnumber,crashtype,Crash Type,criticalevent,criticaleventcat,spdlim,body,trailer,emerg,hazcargo,leave,mhevent,roadalgn,roadprof,traflane,trafflow,Vehicle Manure,Vehicle Manure,numoccs,regowner,regstate,,spuse,make,model,modelyr,vrf1,vrf2,seqevent1,seqevent2,seqevent3,seqevent4,seqevent5,seqevent6,pnumber,ptype,age,sex,hispanic,race,injury,diedscene,restraint,restraintmisuse,seatpos,takehosp,death_dt,death_tm,cert,cernum_wa,commlic,licendor,licrestrict,liccomp,drivpres,drf1,drf2,drf3,drf4,distract1,distract2,distract3,distract4,distract5,distract6,dricond1,dricond2,dricond3,dricond4,dricond5,dricond6,dzip,licstate,drhgt_in,weight,noncdl,noncdltype,prevdwi,prevoth,prevacc,prevspd,prevsus,driviol1,driviol2,driviol3,driviol4,driviol5,driviol6,spdrel,first_dt,last_dt,airbag,ejection,ejectpath,extricat,injurwrk,methalc,methdrug,nmlocat,strikveh,prf1,prf2,prf3,druginv,alcinvol,drugsts,drugres1,drugres2,drugres3,drugtst1,drugtst2,drugtst3,alcsts,alctst,alcres,nmact1,nmact2,nmact3,nmact4,nmact5,nmact6,nmprior1,nmprior2,nmprior3,nmprior4,nmprior5,nmprior6,nmcond1,nmcond2,nmcond3,nmcond4,nmcond5,nmcond6,nmsafe_helmet,nmsafe_pads,nmsafe_oth,nmprev_ref,nmprev_lgt,nmprev_oth,crashlocation,nmcrashtype,crosswalk,schoolzone,sidewalk,train_inv,wildlife_inv,rotr_fars,intersect_fars,Drink and Drive,aid_inv,Drug Positive Drivers,Impaired Drivers,Marijuana Positive,impnm_inv,ainm_inv,dpnm_inv,speed_inv,unlic_inv,unendmc_inv,drowsy_inv,drdist_inv,nmdist_inv,fty_inv,unrestfat_inv,dr1617_inv,dr1820_inv,dr1620_inv,dr2125_inv,dr1625_inv,dr65_inv,dr70_inv,dr75_inv,mc_inv,pv_inv,ht_inv,ped_inv,bike_inv,unrest_fat,mc_fat,unhelmet_mc,pv_fat,ht_fat,ped_fat,bike_fat,dr_alc7,dr_alc8,dr_drug,dr_imp,dr_dist,dr_spd,dr_fty,dr_unlic,dr_alc7only,dr_alc8only,dr_drugonly,dr_drink,nm_imp,nm_alc7,nm_alc8,nm_drug,nm_dist,agegrp1,agegrp2,roadclass,urbrur,dayweek,restuse,vehtype,race_me,intersect,lanedep,oppdir,wrongway,rep_typ,investag,repag_long,rotr,st_rd,cty_rd,city_rd,oth_rd,drug_thc,thc_res,drug_cthc,cthc_res,drug_cann,prevpersemin,prevperse,prevsusoth,drugtst4,drugtst5,drugtst6,drugtst7,drugtst8,drugres4,drugres5,drugres6,drugres7,drugres8,adspresent,adsengaged,adslevel,race1,race2,race3,race4,race5,helmet,helmetmisuse,nmdistract1,nmdistract2,nmdistract3,nmdistract4,nmdistract5,nmdistract6,lab,isedtcase,crf1,crf2,crf3,CoRoadName,CoMP,IntCoRoadName,IntCoMP
2020,12,634583,146,01-15-2020,06:00,15,1,Jan,,77,Yakima,0,1,,9,1,4,1,0,1,1,,,,34,0,0,No vehicle,9999.8,1,0,1,No intersection,7,1,2,4,0,3,0,0,CR-KAYS RD,,-120.5676583,46.49196667,98951,0,1,98,Others,6,1,50,34,0,0,1,2,30,1,4,8,1,1,Going Straight,1,2,53,,0,99,399,9999,0,,8,,,,,,1,1,998,8,0,,9,0,99,7,11,8,,,,,99,9,9,9,1,0,,,,92,,,,,,98,,,,,,99998,98,,999,9,9,99,99,99,99,,97,,,,,,0,,,98,0,0,0,8,9,8,,,0,,,8,8,0,0,,,0,,,0,0,996,,,,,,,,,,,,,,,,,,,,,,,,,,,,,,0,0,0,1,0,0,0,0,0,1,0,1,0,0,0,0,1,0,0,0,0,0,0,0,0,0,0,0,0,1,0,1,0,0,0,,0,0,0,0,0,0,0,0,1,0,0,0,0,0,0,0,,,,,,,,City street,U,Sunday,Unknown,PV,Not Fatal,0,0,0,0,City Street,Municipal/City Police,Seattle Police Department,0,0,0,1,0,,,,,,99,99,99,,,,,,,,,,,98,98,98,0,,,,,20,7,,,,,,,,1,0,,,,,,
2019,12,633811,184,01-13-2019,15:16,13,1,Jan,,61,Snohomish,1215,1,0,1,1,2,1,0,2,3,,,,12,0,6,Angle,0,4,0,1,No intersection,7,2,4,6,0,0,0,0,76TH AVE W,198TH ST SW,-122.3358778,47.81981389,98026,0,2,82,Turn Into Opp Direction(Turning Left),15,2,30,5,0,0,1,7,12,1,1,2,1,11,Turning Red: Permitted on red,1,2,53,,0,20,461,1990,0,,8,,,,,,1,1,61,1,0,,0,0,3,0,11,0,,,,,0,0,0,3,1,0,,,,96,,,,,,0,,,,,,98122,53,73,260,6,1,0,1,0,0,,0,,,,,,0,03-15-2019,03-15-2019,20,0,0,0,8,9,8,,,0,,,8,8,0,0,,,0,,,0,0,996,,,,,,,,,,,,,,,,,,,,,,,,,,,,,,0,0,0,1,0,0,0,0,0,1,1,1,0,0,0,0,0,0,0,0,0,0,0,0,0,0,0,0,0,1,0,1,0,0,0,,0,0,0,0,0,0,0,0,0,0,0,0,0,0,0,0,,,,,,61-65,56-65,City street,U,Thursday,Belt Used,PV,Not Fatal,1,0,0,0,City Street,Municipal/City Police,Seattle Police Department,0,0,0,1,0,,,,,,0,0,0,,,,,,,,,,,0,0,0,0,,,,,20,7,,,,,,,,1,0,,,,,,
2019,12,633810,184,01-13-2019,15:16,13,1,Jan,,61,Snohomish,1215,1,0,1,1,2,1,0,2,3,,,,12,0,6,Angle,0,4,0,1,No intersection,7,2,4,6,0,0,0,0,76TH AVE W,198TH ST SW,-122.3358778,47.81981389,98026,0,1,83,Others,72,4,30,4,0,0,1,7,12,1,1,2,1,1,Going Straight,1,2,53,,0,12,3,2006,0,,68,64,30,,,,1,1,57,1,7,,4,7,99,7,11,0,04/25/2020,20:17,1.96E+11,19844,0,0,0,3,1,0,,,,96,,,,,,98,,,,,,98168,53,70,200,6,1,1,0,0,0,,0,,,,,,3,05-15-2015,05-15-2019,99,0,0,0,0,9,8,,,0,,,8,8,2,321,,,1,,,2,1,0.188,,,,,,,,,,,,,,,,,,,,,,,,,,,,,,0,0,1,1,1,1,1,1,0,0,0,0,1,0,0,0,0,0,0,0,0,0,0,0,0,0,0,0,0,1,0,0,0,0,0,,1,0,0,0,0,1,1,1,0,1,0,0,0,0,0,1,,,,,,56-60,56-65,City street,U,Saturday,Unknown,PV,White,0,1,0,0,City Street,Municipal/City Police,Seattle Police Department,1,0,0,1,0,,,,,,0,1,0,,,,,,,,,,,98,98,98,1,,,,,20,7,,,,,,,,1,0,,,,,,
2018,12,633135,6,01-11-2018,09:36,11,1,Jan,0,25,Grant,0,4,0,1,3,2,1,0,2,1,11:38,12:01,13:01,1,0,0,No vehicle,78.4,1,0,1,No intersection,4,1,1,3,0,0,0,0,SR-17,,-119.4950556,47.52725556,98851,0,1,2,Control/Traction Loss,6,1,60,34,0,0,1,7,1,1,1,2,2,1,Going Straight,2,1,53,,0,6,51,2010,0,,8,,,,,,1,1,32,1,0,,9,0,99,7,11,0,,,,,0,0,0,3,1,38,,,,0,,,,,,1,,,,,,98144,53,67,195,6,1,0,0,0,0,,97,,,,,,3,,,99,9,0,0,8,9,8,,,0,,,8,8,8,95,,,96,,,8,95,995,,,,,,,,,,,,,,,,,,,,,,,,,,,,,,0,0,0,0,0,0,0,0,0,1,0,1,1,0,0,0,0,0,1,0,0,0,0,0,0,0,0,0,0,1,0,1,0,0,0,,0,0,0,0,0,0,0,0,0,1,1,0,0,0,0,0,,,,,,31-35,26-35,City street,U,Friday,Unknown,PV,Not Fatal,0,0,0,0,City Street,Municipal/City Police,Seattle Police Department,0,0,0,1,0,,,,,,0,0,0,,,,,,,,,,,98,98,98,0,,,,,20,7,,,,,,,,1,0,,,,,,
2017,12,631317,7,01-11-2017,02:05,11,1,Jan,0,33,King,1960,1,0,3,1,1,1,0,4,2,02:07,02:28,02:53,12,0,2,Front-to-Front,161.5,1,0,1,No intersection,1,2,1,1,0,0,0,0,I-5,,-122.3091917,47.54683611,98108,0,1,50,Lateral Move(Left/Right),54,3,60,15,0,0,1,2,12,1,1,5,3,1,Going Straight,1,2,53,,0,49,32,2014,0,,8,,,,,,1,1,21,1,0,,0,0,99,7,11,0,,,,,0,0,0,3,1,0,,,,96,,,,,,9,,,,,,98037,53,70,207,6,1,0,0,0,1,,97,,,,,,3,06-15-2017,06-15-2017,99,0,0,0,8,9,8,,,0,,,8,1,2,1,,,1,,,2,1,0.1,,,,,,,,,,,,,,,,,,,,,,,,,,,,,,0,0,0,1,1,1,0,1,0,1,0,1,1,0,0,0,0,0,0,0,0,0,0,1,1,0,0,0,0,1,0,1,0,0,0,,0,0,0,0,0,1,0,1,0,1,0,0,0,1,0,1,,,,,,21-25,16-25,State route,U,Wednesday,Unknown,PV,Not Fatal,1,0,0,0,State Route,Municipal/City Police,Seattle Police Department,0,1,0,0,0,,,,,,0,0,0,,,,,,,,,,,98,98,98,0,,,,,20,7,,,,,,,,1,0,,,,,,
2017,12,631317,7,01-11-2017,02:05,11,1,Jan,0,33,King,1960,1,0,3,1,1,1,0,4,2,02:07,02:28,02:53,12,0,2,Front-to-Front,161.5,1,0,1,No intersection,1,2,1,1,0,0,0,0,I-5,,-122.3091917,47.54683611,98108,0,2,51,Lateral Move(Going Straight),54,3,60,61,0,0,1,2,12,1,1,5,3,1,Going Straight,3,3,53,,0,37,402,2016,0,,8,,,,,,1,1,38,2,0,,0,0,3,0,11,0,,,,,0,0,3,3,1,10,,,,0,,,,,,98,,,,,,98177,53,72,195,6,1,0,0,0,0,,0,,,,,,0,,,20,0,0,0,8,9,8,,,0,,,8,8,8,95,,,96,,,8,95,995,,,,,,,,,,,,,,,,,,,,,,,,,,,,,,0,0,0,0,0,0,0,0,0,1,0,1,0,0,0,0,0,0,0,0,0,0,0,0,0,0,0,0,0,1,0,1,0,0,0,,0,0,0,0,0,0,0,0,0,0,0,0,0,0,0,0,,,,,,36-40,36-45,State route,U,Tuesday,Belt Used,PV,Not Fatal,0,0,0,0,State Route,Municipal/City Police,Seattle Police Department,0,1,0,0,0,,,,,,0,0,0,,,,,,,,,,,98,98,98,0,,,,,20,,,,,,,,,1,0,,,,,,
2021,13,635351,35,01-17-2021,21:14,17,1,Jan,,53,Pierce,0,5,,2,1,1,1,1,1,1,,,,8,0,0,No vehicle,6.3,1,0,1,No intersection,4,1,2,4,0,0,0,0,CR-KEY PENINSULA HWY SW,,-122.7648583,47.25771944,98349,0,1,13,Pedestrian/Animal,80,5,45,4,0,0,1,5,8,1,2,2,1,1,Going Straight,1,2,53,,0,10,37,1997,0,,64,25,,,,,1,1,34,1,7,,4,7,99,7,11,0,08-08-2021,03:07,1.96E+11,39056,6,0,0,3,1,0,,,,92,,,,,,98,,,,,,98109,53,70,170,6,1,0,0,1,1,,0,,,,,,0,07-15-2019,07-15-2019,1,0,0,0,0,9,8,,,0,,,8,8,0,0,,,0,,,0,0,996,,,,,,,,,,,,,,,,,,,,,,,,,,,,,,0,0,0,0,0,0,0,0,0,0,0,0,0,0,0,0,1,0,0,0,0,0,0,0,0,0,0,0,0,1,0,0,0,0,0,,1,0,0,0,0,0,0,0,1,0,0,0,0,0,0,0,,,,,,31-35,26-35,State route,U,Sunday,Unknown,PV,API,0,1,0,0,State Route,Municipal/City Police,Seattle Police Department,1,1,0,0,0,,,,,,0,0,0,,,,,,,,,,,0,0,0,7,,,,,20,,,,,,,,,1,0,,,,,,
2020,13,634585,205,01-16-2020,11:39,16,1,Jan,,57,Skagit,1410,10,,1,2,2,1,0,4,2,11:39,11:46,11:50,12,0,6,Angle,0,2,0,2,4 Way,5,2,4,6,0,0,3,3,N 18TH ST,E Fir St,-122.318925,48.42839167,98273,0,2,69,Initial Opposite Direction(Going Straight),62,4,25,67,0,0,1,5,12,1,2,3,1,1,Going Straight,1,1,53,,0,12,422,2004,0,,68,64,30,59,38,30,1,1,34,2,6,,4,7,3,0,11,0,09/24/2021,02:21,1.96E+11,49084,0,0,0,0,1,0,,,,92,,,,,,1,,,,,,98043,53,60,135,0,0,0,0,0,0,,0,,,,,,0,,,20,0,0,0,0,9,8,,,0,,,8,8,2,402,407,996,1,1,1,2,1,0.186,,,,,,,,,,,,,,,,,,,,,,,,,,,,,,0,0,1,0,1,1,1,1,0,0,0,0,0,1,0,0,1,0,0,0,0,0,0,0,0,0,0,0,0,1,0,0,0,0,0,,1,0,0,0,0,1,1,1,1,0,0,1,0,0,0,1,,,,,,31-35,26-35,City street,U,Friday,Belt Used,PV,Hispanic,0,1,0,0,City Street,Municipal/City Police,Seattle Police Department,1,0,0,1,0,,,,,,0,0,0,,,,,,,,,,,98,98,98,298,,,,,20,,,,,,,,,1,0,,,,,,
2020,13,634584,205,01-16-2020,11:39,16,1,Jan,,57,Skagit,1410,10,,1,2,2,1,0,4,2,11:39,11:46,11:50,12,0,6,Angle,0,2,0,2,4 Way,5,2,4,6,0,0,3,3,N 18TH ST,E Fir St,-122.318925,48.42839167,98273,0,1,68,Initial Opposite Direction(Left/Right),15,2,25,4,0,0,1,5,12,1,2,3,1,11,Turning Red: Permitted on red,3,1,53,,0,38,882,2012,0,,8,,,,,,1,1,45,1,0,,0,0,99,7,11,0,,,,,0,0,0,3,1,0,,,,96,,,,,,98,,,,,,98375,53,69,250,6,1,0,0,0,0,,0,,,,,,0,,,20,0,0,0,8,9,8,,,0,,,8,8,8,95,,,96,,,8,95,995,,,,,,,,,,,,,,,,,,,,,,,,,,,,,,0,0,0,0,0,0,0,0,0,0,0,0,0,0,0,0,0,1,0,0,0,0,0,0,0,0,0,0,0,0,1,1,0,0,0,,0,0,0,0,0,0,0,0,0,0,0,0,0,0,0,0,,,,,,41-45,36-45,City street,U,Wednesday,,MHTRUCK,Not Fatal,0,0,0,0,City Street,Municipal/City Police,Seattle Police Department,0,0,0,1,0,,,,,,0,0,0,,,,,,,,,,,98,98,98,0,,,,,20,,,,,,,,,1,0,,,,,,
2019,13,633812,28,01-02-2019,15:00,2,1,Jan,,39,Klickitat,0,10,0,1,1,2,2,0,2,1,,,,34,0,0,No vehicle,13,1,0,1,No intersection,5,1,2,4,0,3,0,0,CR-BZ GLENWOOD HWY,,-121.3116889,45.94541111,98619,0,1,1,Driver Off Road,13,2,50,14,0,0,1,7,42,3,2,2,1,14,Making a U turn,2,2,53,,0,73,706,2015,0,,64,25,69,25,,,1,1,31,1,7,,4,7,20,7,11,0,05/28/2021,21:07,1.96E+11,26085,3,0,0,2,1,48,,,,96,,,,,,98,,,,,,98444,53,74,230,6,1,0,3,1,0,,0,,,,,,0,02-15-2016,08-15-2021,20,8,0,0,0,9,8,,,0,,,8,8,2,695,605,,1,1,,2,1,0.079,,,,,,,,,,,,,,,,,,,,,,,,,,,,,,0,0,1,0,1,0,1,1,1,0,0,0,0,0,1,0,0,0,0,0,0,0,0,0,0,0,0,0,1,0,0,0,0,0,1,0,0,0,0,0,1,0,1,1,0,0,0,0,0,0,0,1,,,,,,31-35,26-35,City street,U,Friday,,MC,White,0,1,0,0,City Street,Municipal/City Police,Seattle Police Department,1,0,0,1,0,thc,50,carboxy-thc,320,,0,0,4,,,,,,,,,,,0,0,0,1,,,,,5,,,,,,,,nms,1,0,,,,,,
2018,13,633078,189,01-12-2018,02:40,12,1,Jan,0,61,Snohomish,1280,10,0,3,2,1,1,0,2,2,02:39,03:01,03:24,31,0,0,No vehicle,0.1,1,0,1,No intersection,3,2,1,3,0,0,3,3,SR-528,,-122.1837333,48.04900833,98270,0,2,98,Others,98,7,25,2,0,0,1,5,12,1,1,3,1,1,Going Straight,1,1,53,,0,35,399,9999,0,,68,9,,,,,1,1,999,9,0,,9,0,99,7,11,0,,,,,99,9,9,9,1,0,,,,92,,,,,,98,,,,,,99999,99,,999,9,9,99,99,99,99,,97,,,,,,0,,,99,9,0,0,8,9,8,,,0,,,8,8,0,0,,,0,,,0,0,996,,,,,,,,,,,,,,,,,,,,,,,,,,,,,,0,0,0,0,0,0,0,0,0,0,0,0,0,0,0,0,1,0,0,0,0,0,0,0,0,0,0,0,0,1,0,0,1,0,0,,0,0,0,0,0,0,0,0,1,0,0,0,0,0,0,0,,,,,,,,City street,U,Sunday,Unknown,PV,Not Fatal,0,0,0,0,City Street,Municipal/City Police,Seattle Police Department,0,0,0,1,0,,,,,,99,99,99,,,,,,,,,,,98,98,98,0,,,,,20,,,,,,,,,1,0,,,,,,
2018,13,633077,189,01-12-2018,02:40,12,1,Jan,0,61,Snohomish,1280,10,0,3,2,8,1,0,2,2,02:39,03:01,03:24,31,0,0,No vehicle,0.1,1,0,1,No intersection,3,2,1,3,0,0,0,0,SR-528,,-122.1837333,48.04900833,98270,0,1,2,Control/Traction Loss,13,2,98,4,0,0,1,7,12,8,8,3,3,99,Others,1,1,53,,0,7,442,2007,0,,8,,,,,,1,1,22,1,0,,0,0,99,7,11,0,,,,,0,0,0,3,1,0,,,,92,,,,,,98,,,,,,98144,53,72,165,6,1,0,0,0,0,,0,,,,,,0,,,20,0,0,0,8,9,8,,,0,,,8,8,9,999,,,99,,,8,95,995,,,,,,,,,,,,,,,,,,,,,,,,,,,,,,0,0,0,1,0,0,0,0,0,0,0,0,0,0,0,0,1,1,0,0,0,0,0,1,1,0,0,0,0,1,0,1,0,0,0,,0,0,0,0,0,0,0,0,1,0,0,0,0,0,0,0,,,,,,21-25,16-25,City street,U,Monday,Unknown,PV,Not Fatal,1,0,0,0,City Street,Municipal/City Police,Seattle Police Department,0,0,0,1,0,,,,,,0,0,0,,,,,,,,,,,98,98,98,0,,,,,20,,,,,,,,,1,0,,,,,,
2017,13,630362,42,01-09-2017,06:51,9,1,Jan,0,67,Thurston,0,1,0,2,4,2,1,0,2,1,,,,38,0,0,No vehicle,1.1,1,0,1,No intersection,5,1,2,4,0,3,0,0,CR-RESERVATION RD,,-122.6971917,47.02611111,98513,0,1,2,Control/Traction Loss,6,1,50,21,0,0,1,5,1,1,1,2,1,6,Others,2,1,53,,0,49,40,1996,0,,9,,,,,,1,1,24,1,0,,0,0,99,7,11,0,,,,,0,0,0,3,1,10,38,39,,0,,,,,,98,,,,,,98118,53,67,123,6,1,0,0,0,0,,37,,,,,,0,,,20,0,0,0,8,9,8,,,0,,,8,8,0,0,,,0,,,0,0,996,,,,,,,,,,,,,,,,,,,,,,,,,,,,,,0,0,0,1,0,0,0,0,0,0,0,0,0,0,0,0,0,0,1,0,0,0,0,1,1,0,0,0,0,1,0,0,1,0,0,,0,0,0,0,0,0,0,0,0,0,1,0,0,0,0,0,,,,,,21-25,16-25,City street,U,Wednesday,Unknown,PV,Not Fatal,1,0,0,0,City Street,Municipal/City Police,Seattle Police Department,0,0,0,1,0,,,,,,0,0,0,,,,,,,,,,,0,0,0,0,,,,,20,,,,,,,,,1,0,,,,,,
2019,14,633807,5,01-01-2019,01:09,1,1,Jan,,41,Lewis,0,1,0,2,1,2,1,1,2,1,,,,8,0,0,No vehicle,84.3,1,0,1,No intersection,3,1,1,3,0,0,0,0,SR-12,,-122.5331028,46.53222222,98564,0,1,13,Pedestrian/Animal,80,5,55,4,0,0,1,5,8,1,1,2,1,1,Going Straight,2,1,18,,0,37,32,2012,0,,12,,,,,,1,1,33,1,7,,4,7,20,7,11,0,09/13/2020,18:40,1.96E+11,43461,0,0,0,3,1,39,,,,96,,,,,,98,,,,,,73114,40,72,190,6,1,0,0,0,1,,0,,,,,,3,07-15-2016,07-15-2016,8,0,0,0,0,9,8,,,0,,,8,8,2,695,605,,1,1,,2,1,0.244,,,,,,,,,,,,,,,,,,,,,,,,,,,,,,0,0,0,1,1,1,1,1,1,0,0,0,1,0,0,0,0,0,0,1,0,0,0,0,0,0,0,0,0,1,0,0,0,1,0,,1,0,0,0,0,1,1,1,0,1,0,0,0,0,0,1,,,,,,31-35,26-35,State route,U,Sunday,Not Used,PV,White,1,0,0,0,State Route,Municipal/City Police,Seattle Police Department,0,1,0,0,0,thc,4.2,carboxy-thc,16,,0,0,0,,,,,,,,,,,98,98,98,1,,,,,20,7,,,,,,,nms,1,0,,,,,,
2021,14,635352,4,01-18-2021,06:55,18,1,Jan,,1,Adams,0,5,,3,4,2,1,0,2,1,,,,38,0,0,No vehicle,229.5,1,0,1,No intersection,1,1,1,1,0,0,0,0,I-90,,-118.2149278,47.21461667,,0,1,2,Control/Traction Loss,6,1,60,34,1,0,1,2,1,1,2,2,2,1,Going Straight,2,1,53,,0,20,23,2007,0,,12,12,,,,,1,1,56,2,0,,3,0,3,0,11,5,,,,,0,0,3,3,1,0,,,,96,,,,,,98,,,,,,98168,53,67,135,6,1,0,0,0,0,,0,,,,,,0,,,8,0,0,1,8,9,8,,,0,,,8,8,8,95,,,96,,,8,95,995,,,,,,,,,,,,,,,,,,,,,,,,,,,,,,0,0,0,1,1,1,1,1,1,0,0,0,1,0,0,0,0,0,0,1,0,0,0,0,0,0,0,0,0,1,0,0,0,0,0,,0,0,0,0,0,0,0,0,0,0,0,0,0,0,0,0,,,,,,56-60,56-65,State route,U,Sunday,Belt Used,PV,Not Fatal,1,0,0,0,State Route,Municipal/City Police,Seattle Police Department,0,1,0,0,0,,,,,,0,0,0,,,,,,,,,,,98,98,98,0,,,,,20,7,,,,,,,,1,0,,,,,,
2020,14,634586,2,01-09-2020,01:35,9,1,Jan,,57,Skagit,0,10,,2,4,2,1,0,1,1,01:33,01:46,,53,0,0,No vehicle,8,1,0,1,No intersection,5,1,1,3,0,0,0,0,SR-011,,-122.4220361,48.58089444,98232,0,1,7,Control/Traction Loss,11,2,50,2,0,0,1,2,1,1,1,2,1,1,Going Straight,1,1,53,,0,37,32,2006,0,,12,,,,,,1,1,64,1,0,,0,0,3,0,11,0,,,,,0,0,0,3,1,0,,,,96,,,,,,98,,,,,,98188,53,61,145,6,1,0,0,0,0,,0,,,,,,0,,,20,0,0,0,8,9,8,,,0,,,8,8,8,95,,,96,,,8,95,995,,,,,,,,,,,,,,,,,,,,,,,,,,,,,,0,0,0,1,1,1,1,1,1,0,0,0,1,0,0,0,0,0,0,1,0,0,0,0,0,0,0,0,0,1,0,0,0,0,0,,0,0,0,0,0,0,0,0,0,0,0,0,0,0,0,0,,,,,,61-65,56-65,State route,U,Sunday,Belt Used,PV,Not Fatal,1,0,0,0,State Route,Municipal/City Police,Seattle Police Department,0,1,0,0,0,,,,,,0,0,0,,,,,,,,,,,98,98,98,0,,,,,20,7,,,,,,,,1,0,,,,,,
2018,14,633082,184,01-11-2018,22:49,11,1,Jan,0,61,Snohomish,590,2,0,3,2,2,1,1,2,2,,,,8,0,0,No vehicle,39.1,1,0,1,No intersection,3,2,1,3,0,0,0,0,SR-99,,-122.3085417,47.828725,98037,0,2,98,Others,80,5,45,34,0,0,1,5,8,1,2,7,1,1,Going Straight,1,1,53,,0,12,3,2007,0,,63,30,,,,,1,1,56,1,7,,4,8,20,7,11,5,01/30/2021,18:07,1.96E+11,5043,6,0,0,3,1,0,,,,92,,,,,,98,,,,,,98372,53,73,250,6,1,0,3,1,2,,0,,,,,,0,01-15-2017,02-15-2021,20,0,0,0,0,9,8,,,0,,,9,9,2,128,177,401,1,1,1,2,1,0,,,,,,,,,,,,,,,,,,,,,,,,,,,,,,0,0,1,0,0,0,1,1,0,0,0,0,0,0,0,0,1,0,0,1,0,0,0,0,0,0,0,0,0,1,0,0,0,1,0,,1,0,0,0,0,0,1,1,1,0,0,0,0,0,1,0,,,,,,56-60,56-65,City street,U,Saturday,Not Used,PV,White,0,1,0,0,City Street,Municipal/City Police,Seattle Police Department,1,0,0,1,0,,,,,,0,0,3,1,,,,,417,,,,,98,98,98,1,,,,,20,,,,,,,,,1,0,,,,,,
2018,14,633081,184,01-11-2018,22:49,11,1,Jan,0,61,Snohomish,590,2,0,3,2,2,1,1,2,2,,,,8,0,0,No vehicle,39.1,1,0,1,No intersection,3,2,1,3,0,0,0,0,SR-99,,-122.3085417,47.828725,98037,0,1,13,Pedestrian/Animal,80,5,45,4,0,0,1,5,8,1,2,7,1,1,Going Straight,1,1,53,,0,6,52,2004,0,,63,30,,,,,1,1,27,2,7,,4,0,99,7,11,5,08-11-2020,05:29,1.96E+11,38327,0,0,0,2,1,0,,,,92,,,,,,98,,,,,,98144,53,66,185,1,1,0,2,2,1,,0,,,,,,0,11-15-2016,01-15-2018,1,0,0,0,0,9,8,,,0,,,8,8,2,348,522,996,1,1,1,2,1,0.188,,,,,,,,,,,,,,,,,,,,,,,,,,,,,,0,0,1,1,1,1,1,1,0,0,0,0,0,1,0,0,1,0,0,0,0,0,0,0,0,0,0,0,0,1,0,0,0,0,0,,1,0,0,0,0,1,1,1,1,0,0,1,0,0,0,1,,,,,,26-30,26-35,City street,U,Tuesday,Unknown,PV,Black,1,0,0,0,City Street,Municipal/City Police,Seattle Police Department,0,0,0,1,0,,,,,,0,0,4,,,,,,,,,,,98,98,98,2,,,,,20,7,,,,,,,,1,0,,,,,,
2017,14,631092,83,01-06-2017,06:01,6,1,Jan,0,41,Lewis,310,1,0,2,1,2,1,1,1,1,06:03,06:19,,8,0,0,No vehicle,0,3,0,2,4 Way,3,2,4,6,0,0,0,0,S MARKET BLVD,4TH ST,-122.96055,46.65916389,,0,1,13,Pedestrian/Animal,80,5,25,6,0,0,1,2,8,1,1,3,5,1,Going Straight,1,2,53,,0,6,51,2018,0,,8,,,,,,1,1,29,1,0,,0,0,99,7,11,0,,,,,0,0,3,3,1,0,,,,92,,,,,,98,,,,,,98837,53,71,140,6,1,0,0,0,3,,0,,,,,,0,11-15-2015,12-15-2019,20,0,0,0,8,9,8,,,0,,,8,8,8,95,,,96,,,8,95,995,,,,,,,,,,,,,,,,,,,,,,,,,,,,,,0,0,0,0,0,0,0,0,0,1,1,1,0,0,0,0,1,1,0,0,0,0,0,0,0,0,0,0,0,1,0,1,0,0,0,,0,0,0,0,0,0,0,0,1,0,0,0,0,0,0,0,,,,,,26-30,26-35,City street,U,Saturday,Unknown,PV,Not Fatal,0,0,0,0,City Street,Municipal/City Police,Seattle Police Department,0,0,0,1,0,,,,,,0,0,0,,,,,,,,,,,98,98,98,0,,,,,20,7,,,,,,,,1,0,,,,,,
2019,15,633813,159,01-17-2019,06:44,17,1,Jan,,5,Benton,1020,2,0,3,2,2,1,1,1,1,,,,8,0,0,No vehicle,0,2,0,3,T Intersection,7,2,4,6,0,0,0,0,S OLYMPIA ST,W 14TH AVE,-119.1379028,46.195875,99337,0,1,13,Pedestrian/Animal,80,5,35,6,0,0,1,7,8,1,2,3,5,1,Going Straight,1,2,16,,0,49,472,2003,0,0,8,,,,,,1,1,77,2,0,,0,0,1,0,11,0,,,,,0,0,3,3,1,0,0,0,0,0,,,,,,0,,,,,,98116,53,65,160,6,1,0,0,0,0,,0,,,,,,0,,,20,0,0,0,8,9,8,,,0,0,0,8,0,8,95,,,96,,,8,95,995,,,,,,,,,,,,,,,,,,,,,,,,,,,,,,0,0,0,0,0,0,0,0,0,1,0,1,0,0,0,0,0,0,0,0,0,0,0,0,0,1,1,1,0,1,0,1,0,0,0,,0,0,0,0,0,0,0,0,0,0,0,0,0,0,0,0,,,,,,76-80,76+,City street,U,Wednesday,Belt Used,PV,Not Fatal,0,0,0,0,City Street,Municipal/City Police,Seattle Police Department,0,0,0,1,0,,,,,,0,0,0,,,,,,,,,,,98,98,98,0,,,,,20,7,,,,,,,,,,,,,,,