year,something,Cases,repjur,crash_dt,crash_tm,accday,Month,Month,holiday,county,co_char,city,weather,weather2,lightcond,surfcond,surftype,Number of Fatalities,nmforms,pforms,vforms,not_tm,arr_tm,hosp_tm,fhevent,hitrun,Manner of Collision,Manner of Collision,milepnt,reljunc,reljuncinter,intersectiontype,Intersection Type,funcsystem,landuse,ownership,route,schlbus,spejur,contdev,devfunc,trafid1,trafid2,x,y,zipcode,wk_zone,vnumber,crashtype,Crash Type,criticalevent,criticaleventcat,spdlim,body,trailer,emerg,hazcargo,leave,mhevent,roadalgn,roadprof,traflane,trafflow,Vehicle Manure,Vehicle Manure,numoccs,regowner,regstate,,spuse,make,model,modelyr,vrf1,vrf2,seqevent1,seqevent2,seqevent3,seqevent4,seqevent5,seqevent6,pnumber,ptype,age,sex,hispanic,race,injury,diedscene,restraint,restraintmisuse,seatpos,takehosp,death_dt,death_tm,cert,cernum_wa,commlic,licendor,licrestrict,liccomp,drivpres,drf1,drf2,drf3,drf4,distract1,distract2,distract3,distract4,distract5,distract6,dricond1,dricond2,dricond3,dricond4,dricond5,dricond6,dzip,licstate,drhgt_in,weight,noncdl,noncdltype,prevdwi,prevoth,prevacc,prevspd,prevsus,driviol1,driviol2,driviol3,driviol4,driviol5,driviol6,spdrel,first_dt,last_dt,airbag,ejection,ejectpath,extricat,injurwrk,methalc,methdrug,nmlocat,strikveh,prf1,prf2,prf3,druginv,alcinvol,drugsts,drugres1,drugres2,drugres3,drugtst1,drugtst2,drugtst3,alcsts,alctst,alcres,nmact1,nmact2,nmact3,nmact4,nmact5,nmact6,nmprior1,nmprior2,nmprior3,nmprior4,nmprior5,nmprior6,nmcond1,nmcond2,nmcond3,nmcond4,nmcond5,nmcond6,nmsafe_helmet,nmsafe_pads,nmsafe_oth,nmprev_ref,nmprev_lgt,nmprev_oth,crashlocation,nmcrashtype,crosswalk,schoolzone,sidewalk,train_inv,wildlife_inv,rotr_fars,intersect_fars,Drink and Drive,aid_inv,Drug Positive Drivers,Impaired Drivers,Marijuana Positive,impnm_inv,ainm_inv,dpnm_inv,speed_inv,unlic_inv,unendmc_inv,drowsy_inv,drdist_inv,nmdist_inv,fty_inv,unrestfat_inv,dr1617_inv,dr1820_inv,dr1620_inv,dr2125_inv,dr1625_inv,dr65_inv,dr70_inv,dr75_inv,mc_inv,pv_inv,ht_inv,ped_inv,bike_inv,unrest_fat,mc_fat,unhelmet_mc,pv_fat,ht_fat,ped_fat,bike_fat,dr_alc7,dr_alc8,dr_drug,dr_imp,dr_dist,dr_spd,dr_fty,dr_unlic,dr_alc7only,dr_alc8only,dr_drugonly,dr_drink,nm_imp,nm_alc7,nm_alc8,nm_drug,nm_dist,agegrp1,agegrp2,roadclass,urbrur,dayweek,restuse,vehtype,race_me,intersect,lanedep,oppdir,wrongway,rep_typ,investag,repag_long,rotr,st_rd,cty_rd,city_rd,oth_rd,drug_thc,thc_res,drug_cthc,cthc_res,drug_cann,prevpersemin,prevperse,prevsusoth,drugtst4,drugtst5,drugtst6,drugtst7,drugtst8,drugres4,drugres5,drugres6,drugres7,drugres8,adspresent,adsengaged,adslevel,race1,race2,race3,race4,race5,helmet,helmetmisuse,nmdistract1,nmdistract2,nmdistract3,nmdistract4,nmdistract5,nmdistract6,lab,isedtcase,crf1,crf2,crf3,CoRoadName,CoMP,IntCoRoadName,IntCoMP
2018,15,633088,1,01-17-2018,17:20,17,1,Jan,0,5,Benton,0,10,0,2,1,2,1,0,4,4,17:23,17:37,,12,0,2,Front-to-Front,41.4,1,0,1,No intersection,4,1,1,3,0,0,0,0,SR-24,,-119.7265444,46.61528611,,0,2,51,Lateral Move(Going Straight),62,4,60,66,1,0,1,2,12,2,2,2,1,14,Making a U turn,1,3,27,,0,54,37,1999,0,0,8,,,,,,1,1,22,1,0,0,0,0,99,0,11,0,,,,,0,0,0,2,1,0,0,0,0,92,,,,,,0,,,,,,98144,53,67,200,1,1,0,1,0,2,0,0,,,,,,0,08-15-2016,06-15-2017,20,0,0,0,8,9,2,,,0,0,0,0,0,0,0,0,0,0,0,0,0,0,996,,,,,,,,,,,,,,,,,,,,,,,,,,,,,,0,0,0,1,0,0,0,0,0,1,0,1,0,1,0,0,1,1,0,0,0,0,0,1,1,0,0,0,0,1,0,1,0,0,0,,0,0,0,0,0,0,0,0,1,0,0,1,0,0,0,0,,,,,,21-25,16-25,City street,U,Thursday,Unknown,PV,Not Fatal,1,0,0,0,City Street,Municipal/City Police,Seattle Police Department,0,0,0,1,0,,,,,,,,,,,,,,,,,,,,,,,,,,,,,,,,,,,,,,,,,,,
2018,15,633090,1,01-17-2018,17:20,17,1,Jan,0,5,Benton,0,10,0,2,1,2,1,0,4,4,17:23,17:37,,12,0,2,Front-to-Front,41.4,1,0,1,No intersection,4,1,1,3,0,0,0,0,SR-24,,-119.7265444,46.61528611,,0,4,98,Others,62,4,60,66,1,0,1,5,12,2,2,2,1,14,Making a U turn,1,3,41,,0,49,46,2013,0,0,63,8,8,30,,,1,1,53,1,0,,0,0,2,0,11,0,,,,,0,0,0,3,1,0,0,0,0,96,,,,,,99,,,,,,98023,53,68,200,6,1,0,0,0,0,,0,,,,,,0,,,7,0,0,0,8,9,8,,,0,0,0,8,9,2,1,,,1,,,2,1,0,,,,,,,,,,,,,,,,,,,,,,,,,,,,,,0,0,0,0,0,0,0,0,0,0,0,0,0,0,0,0,0,0,0,1,0,0,0,0,0,0,0,0,0,1,0,1,0,0,0,,0,0,0,0,0,0,0,0,0,0,0,0,0,0,0,0,,,,,,51-55,46-55,State route,U,Tuesday,Belt Used,PV,Not Fatal,0,0,0,0,State Route,Municipal/City Police,Seattle Police Department,0,1,0,0,0,,,,,,0,0,0,,,,,,,,,,,98,98,98,0,,,,,20,7,,,,,,,,,,,,,,,
2021,15,635354,8,01-15-2021,13:41,15,1,Jan,,45,Mason,0,1,,1,2,2,1,0,3,2,,,,12,0,2,Front-to-Front,3.8,1,0,1,No intersection,3,2,1,3,0,0,0,0,SR-3,,-123.0819667,47.21763056,98584,0,2,51,Lateral Move(Going Straight),62,4,50,34,0,0,1,2,12,3,1,2,1,14,Making a U turn,2,1,53,,0,58,31,1991,0,0,8,,,,,,1,1,75,1,0,,1,0,99,7,11,8,,,,,0,0,0,3,1,0,0,0,0,96,,,,,,0,,,,,,98125,53,72,174,6,1,0,0,0,0,,0,,,,,,0,,,20,0,0,0,8,9,2,,,0,0,0,0,0,8,95,,,96,,,8,95,995,,,,,,,,,,,,,,,,,,,,,,,,,,,,,,0,0,0,0,0,0,0,0,0,1,1,0,0,0,0,0,0,1,0,0,0,0,0,0,0,1,1,1,0,1,0,1,0,0,0,,0,0,0,0,0,0,0,0,0,0,0,0,0,0,0,0,,,,,,71-75,66-75,State route,U,Friday,Unknown,PV,Not Fatal,0,0,0,0,State Route,Municipal/City Police,Seattle Police Department,0,1,0,0,0,,,,,,0,0,0,,,,,,,,,,,0,0,0,0,,,,,20,7,,,,,,,,,,,,,,,
2021,15,635353,8,01-15-2021,13:41,15,1,Jan,,45,Mason,0,1,,1,2,2,1,0,3,2,,,,12,0,2,Front-to-Front,3.8,1,0,1,No intersection,3,2,1,3,0,0,0,0,SR-3,,-123.0819667,47.21763056,98584,0,1,50,Lateral Move(Left/Right),10,2,50,16,0,0,1,2,12,2,1,2,1,14,Making a U turn,1,1,53,,0,41,35,1998,0,0,8,,,,,,1,1,54,2,0,,1,0,99,7,11,8,,,,,0,0,0,3,1,0,0,0,0,96,,,,,,0,,,,,,98121,53,61,125,6,1,0,1,1,0,,0,,,,,,0,11-15-2017,11-15-2017,20,0,0,0,8,9,2,,,0,0,0,0,0,8,95,,,96,,,8,95,995,,,,,,,,,,,,,,,,,,,,,,,,,,,,,,0,0,0,0,0,0,0,0,0,1,1,0,0,0,0,0,0,1,0,0,0,0,0,0,0,1,1,1,0,1,0,1,0,0,0,,0,0,0,0,0,0,0,0,0,0,0,0,0,0,0,0,,,,,,51-55,46-55,State route,U,Friday,Unknown,PV,Not Fatal,0,0,0,0,State Route,Municipal/City Police,Seattle Police Department,0,1,0,0,0,,,,,,0,0,0,,,,,,,,,,,0,0,0,0,,,,,20,7,,,,,,,,,,,,,,,
2020,15,634587,222,01-09-2020,07:24,9,1,Jan,,67,Thurston,1590,4,,3,2,2,1,1,1,1,,,,8,0,0,No vehicle,0,3,0,3,T Intersection,4,2,4,6,0,0,3,3,LILLY RD NE,Woodard Green Dr NE,-122.8443972,47.05788889,98506,0,1,13,Pedestrian/Animal,80,5,35,15,0,0,1,2,8,1,1,3,1,1,Going Straight,1,1,53,,0,48,34,2000,0,0,68,64,42,,,,1,1,71,1,0,,0,0,99,7,11,0,,,,,0,0,0,3,1,0,0,0,0,0,,,,,,2,,,,,,98271,53,68,185,6,1,0,0,0,1,,0,,,,,,0,10-15-2019,10-15-2019,99,0,0,0,8,9,8,,,0,0,0,8,0,8,95,,,96,,,8,95,995,,,,,,,,,,,,,,,,,,,,,,,,,,,,,,0,0,1,0,0,0,0,0,0,0,0,0,0,0,0,1,0,0,0,0,0,0,0,0,0,1,1,0,0,1,0,0,0,0,0,,0,0,0,0,0,0,0,0,0,0,0,0,0,0,0,0,,,,,,71-75,66-75,City street,U,Wednesday,Unknown,PV,Not Fatal,0,1,0,0,City Street,Municipal/City Police,Seattle Police Department,1,0,0,1,0,,,,,,0,0,0,,,,,,,,,,,98,98,98,0,,,,,20,7,,,,,,,,,,,,,,,
2018,15,633089,1,01-17-2018,17:20,17,1,Jan,0,5,Benton,0,10,0,2,1,2,1,0,4,4,17:23,17:37,,12,0,2,Front-to-Front,41.4,1,0,1,No intersection,4,1,1,3,0,0,0,0,SR-24,,-119.7265444,46.61528611,,0,3,98,Others,62,4,60,61,0,0,1,7,12,3,2,2,1,14,Making a U turn,1,3,53,,0,20,481,2009,0,0,9,,,,,,1,1,62,1,0,,0,0,3,0,11,0,,,,,0,0,0,3,1,10,0,0,0,96,,,,,,98,,,,,,98109,53,70,180,6,1,0,0,1,2,,0,,,,,,0,12-15-2014,08-15-2015,20,0,0,0,8,9,8,,,0,0,0,8,8,8,95,,,96,,,8,95,995,,,,,,,,,,,,,,,,,,,,,,,,,,,,,,0,0,0,1,0,0,0,0,0,0,0,0,0,0,0,0,0,0,0,0,0,0,0,0,0,0,0,0,0,1,0,0,1,0,0,,0,0,0,0,0,0,0,0,0,0,0,0,0,0,0,0,,,,,,61-65,56-65,City street,U,Tuesday,Belt Used,PV,Not Fatal,1,0,0,0,City Street,Municipal/City Police,Seattle Police Department,0,0,0,1,0,,,,,,0,0,1,,,,,,,,,,,98,98,98,0,,,,,20,7,,,,,,,,,,,,,,,
2018,15,633087,1,01-17-2018,17:20,17,1,Jan,0,5,Benton,0,10,0,2,1,2,1,0,4,4,17:23,17:37,,12,0,2,Front-to-Front,41.4,1,0,1,No intersection,4,1,1,3,0,0,0,0,SR-24,,-119.7265444,46.61528611,,0,1,50,Lateral Move(Left/Right),54,3,60,14,0,0,1,2,12,2,2,2,1,6,Others,1,1,53,,0,41,403,2013,0,0,12,,,,,,1,1,47,2,0,,0,0,98,7,11,0,,,,,0,0,0,3,1,0,0,0,0,96,,,,,,0,,,,,,98118,53,67,165,6,1,0,0,2,0,,97,,,,,,0,04-15-2016,06-15-2019,98,7,0,0,8,9,8,,,0,0,0,8,1,8,95,,,96,,,8,95,995,,,,,,,,,,,,,,,,,,,,,,,,,,,,,,0,0,0,1,1,0,0,0,0,0,0,0,0,0,0,0,0,0,0,0,0,0,0,0,0,0,0,0,1,1,0,0,0,0,0,,0,0,0,0,0,0,0,0,0,0,0,0,0,0,0,1,,,,,,46-50,46-55,City street,U,Tuesday,Unknown,PV,Not Fatal,1,0,0,0,City Street,Municipal/City Police,Seattle Police Department,0,0,0,1,0,,,,,,0,0,0,,,,,,,,,,,98,98,98,0,,,,,20,7,,,,,,,,,,,,,,,
2017,15,631425,35,01-11-2017,20:23,11,1,Jan,0,53,Pierce,0,1,0,3,1,2,1,0,1,1,,,,1,0,0,No vehicle,6.2,1,0,1,No intersection,3,2,2,4,0,0,0,0,CR-CANYON RD E,104TH ST E,-122.3571611,47.16114167,98446,0,1,98,Others,51,3,35,34,0,0,1,2,1,1,1,4,1,1,Going Straight,1,1,53,,0,37,702,1981,0,0,12,,,,,,1,1,36,1,7,,4,0,20,7,11,8,06/27/2019,21:17,1.96E+11,29232,0,0,3,3,1,0,0,0,0,0,,,,,,99,,,,,,98105,53,70,170,6,1,0,0,0,0,,0,,,,,,0,,,20,8,0,0,0,9,8,,,0,0,0,8,9,2,1,,,1,,,2,1,0,,,,,,,,,,,,,,,,,,,,,,,,,,,,,,0,0,0,1,1,0,0,0,0,0,0,0,0,0,0,0,0,0,0,0,0,0,0,0,0,0,0,0,1,1,0,0,0,0,1,0,0,0,0,0,0,0,0,0,0,0,0,0,0,0,0,0,,,,,,36-40,36-45,City street,U,Tuesday,,OTHMC,White,1,0,0,0,City Street,Municipal/City Police,Seattle Police Department,0,0,0,1,0,,,,,,0,0,0,,,,,,,,,,,0,0,0,1,,,,,19,0,,,,,,,,,,,,,,,
2019,16,633814,5,01-17-2019,00:00,17,1,Jan,,15,Cowlitz,2570,99,0,2,99,2,1,0,1,1,,,,42,0,0,No vehicle,0.2,5,1,1,No intersection,1,2,1,1,0,0,0,0,I-5 RAMP,,-122.7410278,45.90510278,98674,0,1,2,Control/Traction Loss,8,1,98,4,0,0,1,2,42,2,2,2,6,14,Making a U turn,1,2,4,,0,42,402,2011,0,0,68,12,,,,,1,1,24,1,7,,4,7,99,7,11,0,10-08-2019,07:06,1.96E+11,46088,0,0,0,0,1,28,0,0,0,96,,,,,,99,,,,,,98124,53,,999,0,0,99,99,99,99,,0,,,,,,3,,,1,1,9,0,0,9,8,,,0,0,0,8,9,2,401,417,,1,1,,2,1,0,,,,,,,,,,,,,,,,,,,,,,,,,,,,,,0,0,0,1,0,0,1,1,0,0,0,0,1,1,0,0,0,0,0,0,0,0,0,1,1,0,0,0,0,1,1,0,0,0,0,,1,0,0,0,0,0,1,1,0,1,0,1,0,0,1,0,,,,,,21-25,16-25,City street,U,Tuesday,Unknown,PV,AIAN,0,1,1,0,City Street,Municipal/City Police,Seattle Police Department,0,0,0,1,0,,,,,,99,99,99,,,,,,,,,,,98,98,98,3,,,,,20,7,,,,,,,,,,,,,,,
2017,16,632347,6,01-14-2017,03:40,14,1,Jan,2,37,Kittitas,0,1,0,2,1,2,1,0,3,2,,,,12,0,1,Front-to-Rear,101.5,1,0,1,No intersection,1,1,1,1,0,0,0,0,I-90,,-120.6309167,47.04091111,,0,2,25,Others,53,3,60,66,1,0,1,5,12,2,1,2,3,14,Making a U turn,2,3,18,,0,82,881,2020,0,0,12,,,,,,1,1,57,1,0,,1,0,3,0,11,8,,,,,6,1,0,3,1,0,0,0,0,96,,,,,,0,,,,,,98391,53,72,214,6,1,0,0,0,0,,0,,,,,,0,,,20,0,0,0,8,9,8,,,0,0,0,8,0,8,95,,,96,,,8,95,995,,,,,,,,,,,,,,,,,,,,,,,,,,,,,,0,0,0,1,0,0,1,1,0,0,0,0,1,1,0,0,0,0,0,0,0,0,0,1,1,0,0,0,0,1,1,0,0,0,0,,0,0,0,0,0,0,0,0,0,0,0,0,0,0,0,0,,,,,,56-60,56-65,City street,U,Tuesday,,MHTRUCK,Not Fatal,0,1,1,0,City Street,Municipal/City Police,Seattle Police Department,0,0,0,1,0,,,,,,0,0,0,,,,,,,,,,,98,98,98,0,,,,,20,7,,,,,,,,,,,,,,,
2021,16,635355,29,01-01-2021,10:00,1,1,Jan,,41,Lewis,0,10,,1,2,2,1,0,1,1,,,,24,0,0,No vehicle,0.7,1,0,1,No intersection,5,1,2,4,0,0,0,0,CR-N FORK RD,,-122.8513639,46.60853333,,0,1,6,Drive off road,12,2,40,34,0,0,1,2,24,3,1,2,1,14,Making a U turn,1,1,53,,0,49,404,2008,0,0,8,,,,,,1,1,23,1,0,0,0,0,3,0,11,0,,,,,0,0,0,3,1,0,0,0,0,92,,,,,,0,,,,,,98040,53,70,180,6,1,0,0,0,2,,0,,,,,,0,04-15-2018,08-15-2018,20,0,0,0,8,9,8,,,0,0,0,8,0,8,95,,,96,,,8,95,995,,,,,,,,,,,,,,,,,,,,,,,,,,,,,,0,0,0,0,0,0,0,0,0,1,1,1,0,0,0,0,1,0,0,0,0,0,0,1,1,0,0,0,0,1,0,1,0,0,0,,0,0,0,0,0,0,0,0,1,0,0,0,0,0,0,0,,,,,,21-25,16-25,City street,U,Wednesday,Belt Used,PV,Not Fatal,0,0,0,0,City Street,Municipal/City Police,Seattle Police Department,0,0,0,1,0,thc,888,carboxy-thc,12,,0,0,0,,,,,,,,,,,,,,,,,,,,,,,,,,,,,,,,,,,
2020,16,634591,3,01-20-2020,19:05,20,1,Jan,,53,Pierce,0,1,,2,1,2,1,0,4,2,19:15,19:39,20:20,12,0,2,Front-to-Front,29.3,1,0,1,No intersection,4,1,1,3,0,0,0,0,SR-7,,-122.3259667,46.86493611,98328,0,2,51,Lateral Move(Going Straight),62,4,50,34,0,0,1,2,12,3,1,2,1,14,Making a U turn,3,1,53,,0,20,441,1996,0,0,8,,,,,,1,1,41,1,0,,0,0,99,7,11,0,,,,,0,0,0,3,1,0,0,0,0,96,,,,,,0,,,,,,98146,53,62,148,6,1,0,0,0,0,,0,,,,,,0,,,20,0,0,0,8,9,8,,,0,0,0,8,0,8,95,,,96,,,8,95,995,,,,,,,,,,,,,,,,,,,,,,,,,,,,,,0,0,0,0,0,0,0,0,0,1,1,1,0,0,0,0,0,0,0,0,0,0,0,0,0,0,0,0,0,1,0,1,0,0,0,,0,0,0,0,0,0,0,0,0,0,0,0,0,0,0,0,,,,,,41-45,36-45,State route,U,Tuesday,Unknown,PV,Not Fatal,0,0,0,0,State Route,Municipal/City Police,Seattle Police Department,0,1,0,0,0,,,,,,0,0,0,,,,,,,,,,,0,0,0,0,,,,,20,7,,,,,,,,,,,,,,,
2020,16,634590,3,01-20-2020,19:05,20,1,Jan,,53,Pierce,0,1,,2,1,2,1,0,4,2,19:15,19:39,20:20,12,0,2,Front-to-Front,29.3,1,0,1,No intersection,4,1,1,3,0,0,0,0,SR-7,,-122.3259667,46.86493611,98328,0,1,50,Lateral Move(Left/Right),10,2,50,4,0,0,1,2,12,2,1,2,1,14,Making a U turn,1,1,53,,0,53,705,2008,0,0,68,64,30,,,,1,1,25,1,7,1,4,7,19,0,11,0,06-11-2017,13:00,2.11E+11,26576,0,0,3,2,1,0,0,0,0,96,,,,,,99,,,,,,99611,2,69,185,6,1,1,0,0,0,1,0,,,,,,3,08-15-2015,09-15-2016,20,8,0,0,0,9,8,,,0,0,0,8,9,2,1,0,0,1,0,0,2,1,0,,,,,,,,,,,,,,,,,,,,,,,,,,,,,,0,0,0,0,0,0,0,0,0,0,0,0,1,0,1,0,0,0,0,0,0,0,0,1,1,0,0,0,1,0,0,0,0,0,1,0,0,0,0,0,0,0,0,0,0,1,0,0,0,0,0,0,,,,,,21-25,16-25,County road,R,Sunday,,MC,White,0,1,0,0,County Road,County Sheriff,Spokane County Sheriff's Office,1,0,1,0,0,,,,,,,,,,,,,,,,,,,,,,,,,,,,,,,,,,,,,,,,,,,
2018,16,633086,35,01-19-2018,21:00,19,1,Jan,0,53,Pierce,0,1,0,2,2,2,1,1,2,1,21:01,21:16,,9,1,0,No vehicle,0.4,1,0,1,No intersection,6,1,2,4,0,0,0,0,CR-336TH ST S,,-122.5457417,46.95236111,98580,0,1,13,Pedestrian/Animal,10,2,35,4,0,0,1,5,9,1,1,2,1,1,Going Straight,2,2,53,,0,20,37,2004,0,0,8,,,,,,1,1,21,1,0,0,0,0,99,0,11,0,,,,,0,0,0,3,1,38,0,0,0,17,,,,,,99,,,,,,98831,53,68,188,6,1,0,0,1,3,,7,,,,,,0,09-15-2015,11-15-2017,20,0,0,0,8,9,8,,,0,0,0,8,1,8,95,,,96,,,8,95,995,,,,,,,,,,,,,,,,,,,,,,,,,,,,,,0,0,0,0,1,0,0,0,0,0,0,0,0,0,0,0,1,0,1,0,0,0,0,1,1,0,0,0,0,1,0,1,0,0,0,,0,0,0,0,0,0,0,0,1,0,1,0,0,0,0,1,,,,,,21-25,16-25,City street,U,Sunday,Unknown,PV,Not Fatal,0,0,0,0,County Road,County Sheriff,Chelan County Sheriff's Office,0,0,1,0,0,,,,,,0,0,1,,,,,,,,,,,,,,,,,,,,,,,,,,,,,,,,,,,
2017,16,632347,6,01-14-2017,03:40,14,1,Jan,2,37,Kittitas,0,1,0,2,1,2,1,0,3,2,,,,12,0,1,Front-to-Rear,101.5,1,0,1,No intersection,1,1,1,1,0,0,0,0,I-90,,-120.6309167,47.04091111,,0,1,24,Others,51,3,70,4,0,0,1,2,12,2,1,2,3,14,Making a U turn,1,2,53,,0,76,703,2008,0,0,1,,,,,,1,1,18,1,1,1,4,0,17,0,11,1,06-11-2018,06:10,2.46E+11,26146,0,0,0,2,1,0,0,0,0,96,,,,,,99,,,,,,98801,53,68,140,1,1,0,2,0,0,,0,,,,,,4,02-15-2017,02-15-2017,20,8,0,0,0,9,8,,,0,0,0,8,9,2,402,605,695,1,1,1,2,1,0.072,,,,,,,,,,,,,,,,,,,,,,,,,,,,,,0,0,0,0,1,0,1,1,1,0,0,0,1,1,1,0,0,0,0,0,0,1,1,0,1,0,0,0,1,0,0,0,0,0,1,1,0,0,0,0,1,0,1,1,0,1,0,1,0,0,0,1,,,,,,18-20,16-25,County road,R,Thursday,,MC,Hispanic,0,0,0,0,County Road,County Sheriff,Chelan County Sheriff's Office,0,0,1,0,0,thc,3.1,carboxy-thc,34,,0,0,0,,,,,,,,,,,,,,,,,,,,,,,,,,,,,,,,,,,
2019,17,633817,6,01-04-2019,04:55,4,1,Jan,,37,Kittitas,0,5,0,3,4,2,1,0,7,5,,,,25,0,0,No vehicle,60.2,1,0,1,No intersection,1,1,1,1,0,0,0,0,I-90,,-121.320175,47.3181,,0,3,98,Others,98,7,55,66,1,0,1,2,12,1,1,2,3,1,Going Straight,2,3,4,,0,12,481,2007,0,0,8,,,,,,1,1,55,1,0,0,0,0,3,0,11,0,,,,,0,0,0,3,1,38,0,0,0,93,,,,,,0,,,,,,98258,53,72,245,6,1,0,2,0,1,0,97,,,,,,0,05-15-2012,12-15-2014,20,0,0,0,8,3,8,,,0,0,0,8,1,0,0,0,0,0,0,0,0,0,996,,,,,,,,,,,,,,,,,,,,,,,,,,,,,,0,0,0,1,1,0,0,0,0,1,0,1,0,0,0,0,1,0,1,0,0,0,0,0,0,0,0,0,0,0,0,1,0,0,0,,0,0,0,0,0,0,0,0,1,0,1,0,0,0,0,1,,,,,,51-55,46-55,City street,U,Tuesday,Belt Used,PV,Not Fatal,1,0,0,0,City Street,Municipal/City Police,Seattle Police Department,0,0,0,1,0,,,,,,,,,,,,,,,,,,,,,,,,,,,,,,,,,,,,,,,,,,,
2020,17,634593,8,01-04-2020,16:28,4,1,Jan,,45,Mason,0,2,,2,2,2,2,0,5,2,16:32,16:39,,12,0,2,Front-to-Front,0.4,1,0,1,No intersection,5,1,2,4,0,0,0,0,CR-NE BELFAIR TAHUYA RD,,-122.896775,47.43155,98528,0,2,51,Lateral Move(Going Straight),62,4,35,34,0,0,1,2,12,3,2,2,1,14,Making a U turn,4,2,53,,0,76,703,2008,0,0,63,14,,,,,1,1,56,1,7,7,4,0,19,0,11,5,05/21/2017,20:20,1.96E+11,24205,0,0,0,3,1,0,0,0,0,96,,,,,,2,,,,,,98121,53,66,185,6,1,0,0,0,0,0,0,,,,,,0,,,20,8,0,0,0,9,8,,,0,0,0,8,0,2,167,300,605,1,1,1,2,1,0,,,,,,,,,,,,,,,,,,,,,,,,,,,,,,0,0,1,0,0,0,1,1,1,0,0,0,0,0,0,1,0,0,0,0,0,0,0,0,0,0,0,0,0,0,0,0,0,0,0,,0,0,0,0,0,0,1,1,0,0,0,0,0,0,1,0,,,,,,56-60,56-65,State route,U,Sunday,,OTHMC,API,0,1,0,0,State Route,Municipal/City Police,Seattle Police Department,1,1,0,0,0,thc,7.9,carboxy-thc,25,,,,,,,,,,,,,,,,,,,,,,,,,,,,,,,,,,,,,,,
2020,17,634592,8,01-04-2020,16:28,4,1,Jan,,45,Mason,0,2,,2,2,2,2,0,5,2,16:32,16:39,,12,0,2,Front-to-Front,0.4,1,0,1,No intersection,5,1,2,4,0,0,0,0,CR-NE BELFAIR TAHUYA RD,,-122.896775,47.43155,98528,0,1,50,Lateral Move(Left/Right),10,2,35,67,0,0,1,2,12,2,2,2,1,14,Making a U turn,1,1,53,,0,7,482,2004,0,0,12,,,,,,1,1,87,1,0,,0,0,3,0,11,0,,,,,0,0,0,3,1,0,0,0,0,92,,,,,,98,,,,,,98115,53,74,160,6,1,0,1,1,0,,97,,,,,,0,08-15-2016,08-15-2016,20,0,0,0,8,9,8,,,0,0,0,8,8,8,95,,,96,,,8,95,995,,,,,,,,,,,,,,,,,,,,,,,,,,,,,,0,0,0,1,0,0,0,0,0,0,0,0,0,0,1,0,1,0,0,0,0,0,0,1,1,1,1,1,1,1,0,0,0,0,0,,0,0,0,0,0,0,0,0,1,0,0,0,0,0,0,0,,,,,,81+,76+,City street,U,Monday,Belt Used,PV,Not Fatal,1,0,0,0,City Street,Municipal/City Police,Seattle Police Department,0,0,0,1,0,,,,,,0,0,0,,,,,,,,,,,98,98,98,0,,,,,20,7,,,,,,,,,,,,,,,
2019,17,633819,6,01-04-2019,04:55,4,1,Jan,,37,Kittitas,0,5,0,3,4,2,1,0,7,5,,,,25,0,0,No vehicle,60.2,1,0,1,No intersection,1,1,1,1,0,0,0,0,I-90,,-121.320175,47.3181,,0,5,98,Others,98,7,55,34,0,0,1,7,54,1,1,2,3,1,Going Straight,2,3,53,,0,53,704,2005,0,0,12,12,,,,,1,1,22,1,7,,4,0,20,7,11,4,06-11-2019,15:00,1.96E+11,26980,0,0,0,2,1,0,0,0,0,92,,,,,,0,,,,,,98115,53,74,195,6,1,0,0,1,0,,0,,,,,,0,03-15-2015,03-15-2015,20,8,0,0,0,9,8,,,0,0,0,8,8,2,1,,,1,,,2,1,0,,,,,,,,,,,,,,,,,,,,,,,,,,,,,,0,0,0,1,0,0,0,0,0,0,0,0,0,0,1,0,1,0,0,0,0,0,0,1,1,1,1,1,1,1,0,0,0,0,1,0,0,0,0,0,0,0,0,0,1,0,0,0,0,0,0,0,,,,,,21-25,16-25,City street,U,Monday,,MC,White,1,0,0,0,City Street,Municipal/City Police,Seattle Police Department,0,0,0,1,0,,,,,,0,0,0,,,,,,,,,,,0,0,0,1,,,,,5,0,,,,,,,,,,,,,,,
2019,17,633818,6,01-04-2019,04:55,4,1,Jan,,37,Kittitas,0,5,0,3,4,2,1,0,7,5,,,,25,0,0,No vehicle,60.2,1,0,1,No intersection,1,1,1,1,0,0,0,0,I-90,,-121.320175,47.3181,,0,4,98,Others,98,7,55,66,1,0,1,2,12,1,1,2,3,1,Going Straight,1,3,53,,0,49,403,2012,0,0,12,,,,,,1,1,35,2,0,,0,0,3,0,11,0,,,,,0,0,0,3,1,0,0,0,0,0,,,,,,0,,,,,,98115,53,69,145,6,1,0,0,0,0,,0,,,,,,0,,,20,0,0,0,8,9,8,,,0,0,0,8,8,8,95,,,96,,,8,95,995,,,,,,,,,,,,,,,,,,,,,,,,,,,,,,0,0,0,1,0,0,0,0,0,0,0,0,0,0,1,0,1,0,0,0,0,0,0,1,1,1,1,1,1,1,0,0,0,0,0,,0,0,0,0,0,0,0,0,0,0,0,0,0,0,0,0,,,,,,31-35,26-35,City street,U,Monday,Belt Used,PV,Not Fatal,1,0,0,0,City Street,Municipal/City Police,Seattle Police Department,0,0,0,1,0,,,,,,0,0,0,,,,,,,,,,,98,98,98,0,,,,,20,7,,,,,,,,,,,,,,,