year,something,Cases,repjur,crash_dt,crash_tm,accday,Month,Month,holiday,county,co_char,city,weather,weather2,lightcond,surfcond,surftype,Number of Fatalities,nmforms,pforms,vforms,not_tm,arr_tm,hosp_tm,fhevent,hitrun,Manner of Collision,Manner of Collision,milepnt,reljunc,reljuncinter,intersectiontype,Intersection Type,funcsystem,landuse,ownership,route,schlbus,spejur,contdev,devfunc,trafid1,trafid2,x,y,zipcode,wk_zone,vnumber,crashtype,Crash Type,criticalevent,criticaleventcat,spdlim,body,trailer,emerg,hazcargo,leave,mhevent,roadalgn,roadprof,traflane,trafflow,Vehicle Manure,Vehicle Manure,numoccs,regowner,regstate,,spuse,make,model,modelyr,vrf1,vrf2,seqevent1,seqevent2,seqevent3,seqevent4,seqevent5,seqevent6,pnumber,ptype,age,sex,hispanic,race,injury,diedscene,restraint,restraintmisuse,seatpos,takehosp,death_dt,death_tm,cert,cernum_wa,commlic,licendor,licrestrict,liccomp,drivpres,drf1,drf2,drf3,drf4,distract1,distract2,distract3,distract4,distract5,distract6,dricond1,dricond2,dricond3,dricond4,dricond5,dricond6,dzip,licstate,drhgt_in,weight,noncdl,noncdltype,prevdwi,prevoth,prevacc,prevspd,prevsus,driviol1,driviol2,driviol3,driviol4,driviol5,driviol6,spdrel,first_dt,last_dt,airbag,ejection,ejectpath,extricat,injurwrk,methalc,methdrug,nmlocat,strikveh,prf1,prf2,prf3,druginv,alcinvol,drugsts,drugres1,drugres2,drugres3,drugtst1,drugtst2,drugtst3,alcsts,alctst,alcres,nmact1,nmact2,nmact3,nmact4,nmact5,nmact6,nmprior1,nmprior2,nmprior3,nmprior4,nmprior5,nmprior6,nmcond1,nmcond2,nmcond3,nmcond4,nmcond5,nmcond6,nmsafe_helmet,nmsafe_pads,nmsafe_oth,nmprev_ref,nmprev_lgt,nmprev_oth,crashlocation,nmcrashtype,crosswalk,schoolzone,sidewalk,train_inv,wildlife_inv,rotr_fars,intersect_fars,Drink and Drive,aid_inv,Drug Positive Drivers,Impaired Drivers,Marijuana Positive,impnm_inv,ainm_inv,dpnm_inv,speed_inv,unlic_inv,unendmc_inv,drowsy_inv,drdist_inv,nmdist_inv,fty_inv,unrestfat_inv,dr1617_inv,dr1820_inv,dr1620_inv,dr2125_inv,dr1625_inv,dr65_inv,dr70_inv,dr75_inv,mc_inv,pv_inv,ht_inv,ped_inv,bike_inv,unrest_fat,mc_fat,unhelmet_mc,pv_fat,ht_fat,ped_fat,bike_fat,dr_alc7,dr_alc8,dr_drug,dr_imp,dr_dist,dr_spd,dr_fty,dr_unlic,dr_alc7only,dr_alc8only,dr_drugonly,dr_drink,nm_imp,nm_alc7,nm_alc8,nm_drug,nm_dist,agegrp1,agegrp2,roadclass,urbrur,dayweek,restuse,vehtype,race_me,intersect,lanedep,oppdir,wrongway,rep_typ,investag,repag_long,rotr,st_rd,cty_rd,city_rd,oth_rd,drug_thc,thc_res,drug_cthc,cthc_res,drug_cann,prevpersemin,prevperse,prevsusoth,drugtst4,drugtst5,drugtst6,drugtst7,drugtst8,drugres4,drugres5,drugres6,drugres7,drugres8,adspresent,adsengaged,adslevel,race1,race2,race3,race4,race5,helmet,helmetmisuse,nmdistract1,nmdistract2,nmdistract3,nmdistract4,nmdistract5,nmdistract6,lab,isedtcase,crf1,crf2,crf3,CoRoadName,CoMP,IntCoRoadName,IntCoMP
2019,17,633816,6,01-04-2019,04:55,4,1,Jan,,37,Kittitas,0,5,0,3,4,2,1,0,7,5,,,,25,0,0,No vehicle,60.2,1,0,1,No intersection,1,1,1,1,0,0,0,0,I-90,,-121.320175,47.3181,,0,2,98,Others,98,7,55,66,1,0,1,2,12,1,1,2,3,1,Going Straight,1,3,53,,0,20,37,2014,0,0,8,,,,,,1,1,74,1,0,0,0,0,3,0,11,0,,,,,0,0,3,3,1,0,0,0,0,92,,,,,,0,,,,,,98043,53,71,200,6,1,0,0,0,0,,97,,,,,,0,,,20,0,0,0,8,9,8,,,0,0,0,8,0,8,95,,,96,,,8,95,995,,,,,,,,,,,,,,,,,,,,,,,,,,,,,,0,0,0,1,0,0,0,0,0,0,0,0,0,0,0,0,1,0,0,0,0,0,0,0,0,1,1,0,0,1,0,1,0,0,0,,0,0,0,0,0,0,0,0,1,0,0,0,0,0,0,0,,,,,,71-75,66-75,City street,U,Monday,Belt Used,PV,Not Fatal,1,0,0,0,City Street,Municipal/City Police,Seattle Police Department,0,0,0,1,0,,,,,,0,0,0,,,,,,,,,,,,,,,,,,,,,,,,,,,,,,,,,,,
2019,17,633815,6,01-04-2019,04:55,4,1,Jan,,37,Kittitas,0,5,0,3,4,2,1,0,7,5,,,,25,0,0,No vehicle,60.2,1,0,1,No intersection,1,1,1,1,0,0,0,0,I-90,,-121.320175,47.3181,,0,1,98,Others,6,1,55,63,1,0,1,2,1,1,1,2,3,1,Going Straight,1,3,53,,0,35,50,2014,0,0,10,,,,,,1,1,34,2,1,1,4,7,3,0,11,0,05/16/2017,10:31,24053022480,22480,0,0,0,3,1,38,0,0,0,93,,,,,,0,,,,,,98684,53,65,165,6,1,0,0,0,0,0,0,,,,,,0,,,8,0,0,0,0,9,8,,,0,0,0,8,0,2,1,0,0,1,0,0,2,1,0,,,,,,,,,,,,,,,,,,,,,,,,,,,,,,1,0,0,0,0,0,0,0,0,0,0,0,0,0,0,0,1,0,1,0,0,0,0,0,0,0,0,0,0,1,0,0,0,0,0,,1,0,0,0,0,0,0,0,1,0,1,0,0,0,0,0,,,,,,31-35,26-35,Other,,Tuesday,Belt Used,PV,Hispanic,1,0,0,0,City Street,Municipal/City Police,Camas Police Department,0,0,0,1,0,,,,,,,,,,,,,,,,,,,,,,,,,,,,,,,,,,,,,,,,,,,
2018,17,633092,150,01-11-2018,16:08,11,1,Jan,0,27,Grays Harbor,930,1,0,1,2,2,1,0,2,2,,,,12,0,6,Angle,2,1,0,1,No intersection,4,2,1,3,0,0,0,0,SR-109,,-123.9280861,46.98278056,98550,0,2,66,Specific Other,62,4,50,4,0,0,1,2,12,1,3,2,1,1,Going Straight,1,1,53,,0,20,481,2001,0,0,68,64,42,1,,,1,1,39,1,7,1,4,7,20,0,11,0,02-10-2018,22:06,28053008134,8134,0,0,0,3,1,0,0,0,0,96,,,,,,99,,,,,,98611,53,75,235,6,1,0,0,0,0,,0,,,,,,3,,,20,0,0,0,0,9,8,,,0,0,0,8,9,2,605,695,,1,1,,2,1,0.1,,,,,,,,,,,,,,,,,,,,,,,,,,,,,,0,0,0,0,1,1,1,1,1,0,0,0,1,0,0,0,0,0,0,1,0,0,0,0,0,0,0,0,0,1,0,0,0,1,0,,1,0,0,0,0,1,1,1,0,1,0,0,0,0,0,1,,,,,,36-40,36-45,County road,R,Saturday,Not Used,PV,White,0,1,0,0,County Road,County Sheriff,Cowlitz County Sheriff's Office,1,0,1,0,0,thc,21,carboxy-thc,32,,0,0,0,,,,,,,,,,,,,,,,,,,,,,,,,,,,,,,,,,,
2018,17,633091,150,01-11-2018,16:08,11,1,Jan,0,27,Grays Harbor,930,1,0,1,2,2,1,0,2,2,,,,12,0,6,Angle,2,1,0,1,No intersection,4,2,1,3,0,0,0,0,SR-109,,-123.9280861,46.98278056,98550,0,1,66,Specific Other,6,1,50,1,0,0,1,2,12,1,3,2,1,1,Going Straight,1,1,53,,0,99,999,9999,0,0,9,14,,,,,1,1,999,8,0,0,0,0,98,0,11,0,,,,,99,9,9,9,1,99,99,99,99,96,,,,,,99,,,,,,99999,99,,999,9,9,99,99,99,99,99,97,,,,,,3,,,98,0,0,0,8,9,8,,,0,0,0,8,9,0,0,0,0,0,0,0,0,0,996,,,,,,,,,,,,,,,,,,,,,,,,,,,,,,0,0,0,0,0,0,0,0,0,0,0,0,1,0,0,0,0,0,0,0,0,0,0,0,0,0,0,0,0,1,0,0,1,0,0,,0,0,0,0,0,0,0,0,0,1,0,0,0,0,0,0,,,,,,,,City street,U,Tuesday,,NR-U,Not Fatal,1,0,0,0,City Street,Municipal/City Police,Seattle Police Department,0,0,0,1,0,,,,,,,,,,,,,,,,,,,,,,,,,,,,,,,,,,,,,,,,,,,
2017,17,632352,3,01-15-2017,14:21,15,1,Jan,2,53,Pierce,1124,1,0,1,1,2,1,1,3,1,,,,8,0,0,No vehicle,123.2,1,0,1,No intersection,1,2,1,1,0,0,0,0,I-5,,-122.5424556,47.127125,98439,0,1,13,Pedestrian/Animal,80,5,60,14,0,0,1,2,8,1,1,4,3,1,Going Straight,3,2,53,,0,37,32,1985,0,0,12,,,,,,1,1,29,1,0,0,0,0,99,0,11,0,,,,,0,0,0,0,1,38,0,0,0,96,,,,,,0,,,,,,98106,53,72,310,0,0,0,0,0,0,0,97,,,,,,0,,,20,0,0,0,8,9,2,,,0,0,0,0,0,0,0,0,0,0,0,0,0,0,996,,,,,,,,,,,,,,,,,,,,,,,,,,,,,,0,0,0,0,0,0,1,1,0,0,0,0,0,1,0,0,0,0,1,0,0,0,0,0,0,0,0,0,1,1,0,0,0,0,0,,0,0,0,0,0,0,0,0,0,0,1,1,0,0,0,0,,,,,,26-30,26-35,City street,U,Friday,Unknown,PV,Not Fatal,0,0,0,0,City Street,Municipal/City Police,Seattle Police Department,0,0,0,1,0,,,,,,,,,,,,,,,,,,,,,,,,,,,,,,,,,,,,,,,,,,,
2020,18,634595,7,01-25-2020,11:21,25,1,Jan,,33,King,0,2,,1,2,2,1,0,2,2,11:24,11:35,12:30,12,0,2,Front-to-Front,27.5,1,0,1,No intersection,3,1,1,3,0,0,0,0,SR-18,,-121.8864278,47.49559444,98065,0,2,51,Lateral Move(Going Straight),62,4,55,66,1,0,1,2,12,1,1,3,1,1,Going Straight,1,2,2,,0,73,705,2004,0,0,12,63,42,,,,1,1,44,1,7,1,4,7,19,0,11,0,08-04-2017,05:28,1.96E+11,34508,0,0,0,3,1,0,0,0,0,0,,,,,,99,,,,,,98271,53,72,265,6,1,0,1,1,0,0,0,,,,,,0,10-15-2015,10-15-2015,20,8,0,0,0,9,2,,,0,0,0,0,9,2,423,0,0,1,0,0,2,1,0,,,,,,,,,,,,,,,,,,,,,,,,,,,,,,0,0,0,0,0,0,1,1,0,0,0,0,0,1,0,0,0,0,1,0,0,0,0,0,0,0,0,0,1,1,0,0,0,0,1,0,0,0,0,0,0,0,1,1,0,0,0,0,0,0,1,0,,,,,,41-45,36-45,City street,U,Friday,,MC,White,0,0,0,0,City Street,Municipal/City Police,Seattle Police Department,0,0,0,1,0,,,,,,,,,,,,,,,,,,,,,,,,,,,,,,,,,,,,,,,,,,,
2021,18,635357,35,01-01-2021,16:51,1,1,Jan,,53,Pierce,0,2,,2,2,2,1,1,3,1,,,,8,0,0,No vehicle,0.3,3,0,2,4 Way,3,2,2,4,0,0,0,0,CR-160TH ST E,58TH AVE E,-122.35205,47.11095556,98375,0,1,13,Pedestrian/Animal,80,5,35,4,0,0,1,5,8,1,1,3,3,1,Going Straight,3,1,53,,0,13,1,2004,0,0,8,,,,,,1,1,35,1,0,0,0,0,99,0,11,0,,,,,0,0,0,3,1,0,0,0,0,92,,,,,,99,,,,,,98144,53,65,170,6,1,0,1,0,0,1,97,,,,,,0,08-15-2013,06-15-2017,20,0,0,0,8,9,8,,,0,0,0,8,9,0,0,0,0,0,0,0,0,0,996,,,,,,,,,,,,,,,,,,,,,,,,,,,,,,0,0,0,1,0,0,0,0,0,0,0,0,0,0,0,0,1,0,0,0,0,0,0,0,0,0,0,0,0,1,0,1,0,0,0,,0,0,0,0,0,0,0,0,1,0,0,0,0,0,0,0,,,,,,31-35,26-35,City street,U,Wednesday,Unknown,PV,Not Fatal,1,0,0,0,City Street,Municipal/City Police,Seattle Police Department,0,0,0,1,0,,,,,,,,,,,,,,,,,,,,,,,,,,,,,,,,,,,,,,,,,,,
2020,18,634594,7,01-25-2020,11:21,25,1,Jan,,33,King,0,2,,1,2,2,1,0,2,2,11:24,11:35,12:30,12,0,2,Front-to-Front,27.5,1,0,1,No intersection,3,1,1,3,0,0,0,0,SR-18,,-121.8864278,47.49559444,98065,0,1,50,Lateral Move(Left/Right),10,2,55,14,0,0,1,2,12,1,1,3,1,1,Going Straight,1,2,53,,0,37,31,1997,0,0,8,,,,,,1,1,33,2,0,0,0,0,3,0,11,0,,,,,0,0,0,3,1,0,0,0,0,1,,,,,,98,,,,,,98146,53,59,110,6,1,0,3,3,0,3,0,,,,,,0,08-15-2014,02-15-2017,20,0,0,0,8,9,8,,,0,0,0,8,8,0,0,0,0,0,0,0,0,0,996,,,,,,,,,,,,,,,,,,,,,,,,,,,,,,0,0,0,0,0,0,0,0,0,1,1,0,0,0,0,0,1,1,0,0,0,0,0,0,0,0,0,0,0,1,0,1,0,0,0,,0,0,0,0,0,0,0,0,1,0,0,0,0,0,0,0,,,,,,31-35,26-35,City street,U,Monday,Belt Used,PV,Not Fatal,0,0,0,0,City Street,Municipal/City Police,Seattle Police Department,0,0,0,1,0,,,,,,,,,,,,,,,,,,,,,,,,,,,,,,,,,,,,,,,,,,,
2019,18,633829,8,01-09-2019,05:19,9,1,Jan,,45,Mason,0,2,0,4,2,2,2,0,3,2,,,,12,0,2,Front-to-Front,339.5,1,0,1,No intersection,3,1,1,2,0,0,0,0,US-101,,-123.17315,47.28797222,98584,0,2,51,Lateral Move(Going Straight),62,4,55,66,1,0,1,5,12,1,2,2,1,1,Going Straight,1,3,53,,0,48,34,1995,0,0,14,,,,,,1,1,28,2,0,,0,0,99,7,11,0,,,,,0,0,0,2,1,39,0,0,0,96,,,,,,99,,,,,,98338,53,66,185,1,1,0,0,2,1,,1,,,,,,4,09-15-2015,08-15-2016,8,0,0,0,8,9,8,,,0,0,0,8,9,8,95,,,96,,,8,95,995,,,,,,,,,,,,,,,,,,,,,,,,,,,,,,0,0,0,1,0,0,0,0,0,0,0,0,1,1,0,0,0,0,0,0,0,0,0,0,0,0,0,0,0,1,1,0,0,0,0,,0,0,0,0,0,0,0,0,0,1,0,1,0,0,0,0,,,,,,26-30,26-35,City street,U,Monday,Unknown,PV,Not Fatal,1,0,0,0,City Street,Municipal/City Police,Seattle Police Department,0,0,0,1,0,,,,,,0,0,2,,,,,,,,,,,0,0,0,0,,,,,20,7,,,,,,,,,,,,,,,
2019,18,633828,8,01-09-2019,05:19,9,1,Jan,,45,Mason,0,2,0,4,2,2,2,0,3,2,,,,12,0,2,Front-to-Front,339.5,1,0,1,No intersection,3,1,1,2,0,0,0,0,US-101,,-123.17315,47.28797222,98584,0,1,50,Lateral Move(Left/Right),10,2,55,4,0,0,1,2,12,1,2,2,1,1,Going Straight,2,1,53,,0,48,38,2004,0,0,8,8,,,,,1,1,27,1,0,0,0,0,3,0,11,0,,,,,0,0,0,3,1,0,0,0,0,92,,,,,,99,,,,,,98198,53,71,205,6,1,0,0,0,0,0,0,,,,,,0,,,98,7,0,0,8,9,8,,,0,0,0,8,9,2,1,0,0,1,0,0,2,1,0,,,,,,,,,,,,,,,,,,,,,,,,,,,,,,0,0,0,0,0,0,0,0,0,1,1,0,0,0,0,0,1,0,0,0,0,0,0,0,0,0,0,0,0,1,0,1,0,0,0,,0,0,0,0,0,0,0,0,1,0,0,0,0,0,0,0,,,,,,26-30,26-35,City street,U,Sunday,Belt Used,PV,Not Fatal,0,0,0,0,City Street,Municipal/City Police,Seattle Police Department,0,0,0,1,0,,,,,,,,,,,,,,,,,,,,,,,,,,,,,,,,,,,,,,,,,,,
2018,18,633093,8,01-23-2018,17:17,23,1,Jan,0,35,Kitsap,180,3,0,2,2,2,1,1,1,1,,,,8,0,0,No vehicle,33.7,1,0,1,No intersection,3,2,1,3,0,0,0,0,SR-3,,-122.7136722,47.52398889,98312,0,1,13,Pedestrian/Animal,80,5,50,4,0,0,1,5,8,1,1,2,1,1,Going Straight,1,1,53,,0,7,482,2003,0,0,8,,,,,,1,1,45,1,0,0,0,0,3,0,11,0,,,,,0,0,3,3,1,0,0,0,0,96,,,,,,0,,,,,,98144,53,64,160,6,1,0,1,0,1,0,0,,,,,,9,05-15-2012,04-15-2015,2,0,0,0,8,3,2,,,0,0,0,0,0,0,0,0,0,0,0,0,0,0,996,,,,,,,,,,,,,,,,,,,,,,,,,,,,,,0,0,0,1,0,0,0,0,0,0,0,0,0,0,0,0,0,0,0,0,0,0,0,0,0,0,0,0,0,0,0,1,0,0,0,,0,0,0,0,0,0,0,0,0,0,0,0,0,0,0,0,,,,,,41-45,36-45,City street,U,Saturday,Belt Used,PV,Not Fatal,1,0,0,0,City Street,Municipal/City Police,Seattle Police Department,0,0,0,1,0,,,,,,,,,,,,,,,,,,,,,,,,,,,,,,,,,,,,,,,,,,,
2017,18,631960,2,01-13-2017,18:40,13,1,Jan,2,73,Whatcom,150,1,0,3,1,2,1,0,8,3,,,,12,0,1,Front-to-Rear,0.3,3,0,2,4 Way,3,2,1,3,0,0,3,3,SR-543,BOBLETT ST,-122.7349472,48.99055,98230,0,3,98,Others,50,3,45,15,0,0,1,2,12,1,1,5,1,5,Others,5,3,53,,0,23,461,1999,0,0,8,,,,,,1,1,52,1,0,0,0,0,3,0,11,0,,,,,6,0,0,3,1,0,0,0,0,0,,,,,,0,,,,,,98043,53,74,195,6,1,0,3,0,2,1,0,,,,,,0,07-15-2012,07-15-2016,20,0,0,0,8,3,2,,,0,0,0,0,0,0,0,0,0,0,0,0,0,0,996,,,,,,,,,,,,,,,,,,,,,,,,,,,,,,0,0,0,1,0,0,0,0,0,0,0,0,0,0,0,0,0,0,0,0,0,0,0,0,0,0,0,0,0,1,0,1,0,0,0,,0,0,0,0,0,0,0,0,0,0,0,0,0,0,0,0,,,,,,51-55,46-55,State route,U,Thursday,Belt Used,PV,Not Fatal,0,0,0,0,State Route,Municipal/City Police,Seattle Police Department,0,1,0,0,0,,,,,,,,,,,,,,,,,,,,,,,,,,,,,,,,,,,,,,,,,,,
2017,18,631960,2,01-13-2017,18:40,13,1,Jan,2,73,Whatcom,150,1,0,3,1,2,1,0,8,3,,,,12,0,1,Front-to-Rear,0.3,3,0,2,4 Way,3,2,1,3,0,0,0,0,SR-543,BOBLETT ST,-122.7349472,48.99055,98230,0,1,20,Others,50,3,45,66,1,0,1,2,12,1,1,4,1,1,Going Straight,2,9,95,,0,48,34,1998,0,0,68,64,42,,,,1,1,26,1,7,1,4,7,99,0,11,0,04/21/2017,03:21,53018779,18779,0,0,0,3,1,0,0,0,0,96,,,,,,9,,,,,,98605,53,69,140,6,1,0,2,1,0,0,0,,,,,,3,06-15-2013,04-15-2015,1,2,8,0,0,9,8,,,0,0,0,8,1,2,605,0,0,1,0,0,2,1,0.18,,,,,,,,,,,,,,,,,,,,,,,,,,,,,,0,0,0,0,1,1,1,1,1,0,0,0,1,0,0,0,0,0,0,0,0,0,0,0,0,0,0,0,0,1,0,0,0,0,0,,1,0,0,0,0,1,1,1,0,1,0,0,0,0,0,1,,,,,,26-30,26-35,County road,R,Friday,Unknown,PV,White,0,1,0,0,County Road,County Sheriff,Skamania County Sheriff's Office,1,0,1,0,0,thc,1.7,carboxy-thc,12,,,,,,,,,,,,,,,,,,,,,,,,,,,,,,,,,,,,,,,
2017,18,631960,2,01-13-2017,18:40,13,1,Jan,2,73,Whatcom,150,1,0,3,1,2,1,0,8,3,,,,12,0,1,Front-to-Rear,0.3,3,0,2,4 Way,3,2,1,3,0,0,3,3,SR-543,BOBLETT ST,-122.7349472,48.99055,98230,0,2,21,Others,50,3,45,34,0,0,1,2,12,1,1,5,1,5,Others,1,9,95,,0,20,481,2007,0,0,8,,,,,,1,1,85,1,0,0,1,0,99,0,11,5,,,,,0,0,3,2,1,10,0,0,0,96,,,,,,0,,,,,,98926,53,74,220,1,1,0,0,0,0,,97,,,,,,0,,,20,0,0,0,8,3,2,,,0,0,0,0,0,8,95,,,96,,,8,95,995,,,,,,,,,,,,,,,,,,,,,,,,,,,,,,0,0,0,1,0,0,0,0,0,1,0,1,0,1,0,0,0,0,0,0,0,0,0,0,0,1,1,1,0,1,0,1,0,0,0,,0,0,0,0,0,0,0,0,0,0,0,1,0,0,0,0,,,,,,81+,76+,City street,U,Tuesday,Unknown,PV,Not Fatal,1,0,0,0,City Street,Municipal/City Police,Seattle Police Department,0,0,0,1,0,,,,,,0,0,0,,,,,,,,,,,,,,,,,,,,,,,,,,,,,,,,,,,
2018,19,633094,307,01-22-2018,11:54,22,1,Jan,0,71,Walla Walla,2390,1,0,1,1,2,1,1,1,1,11:54,11:57,12:14,9,0,0,No vehicle,5.3,2,0,2,4 Way,3,2,1,3,0,0,3,3,SR-125,W ALDER,-118.3477556,46.06219444,99362,0,1,13,Pedestrian/Animal,83,5,35,66,1,0,1,5,9,8,8,2,1,1,Going Straight,1,3,18,,0,87,884,2006,0,0,8,,,,,,1,1,56,1,0,0,0,0,3,0,11,0,,,,,6,3,0,3,1,0,0,0,0,1,,,,,,0,,,,,,97322,41,71,200,6,1,0,2,0,2,2,0,,,,,,0,04-15-2013,09-15-2016,20,0,0,0,8,9,2,,,0,0,0,0,0,0,0,0,0,0,0,0,0,0,996,,,,,,,,,,,,,,,,,,,,,,,,,,,,,,0,0,0,1,0,0,0,0,0,0,0,0,0,0,0,0,1,1,0,0,0,0,0,0,0,0,0,0,0,0,1,1,0,0,0,,0,0,0,0,0,0,0,0,1,0,0,0,0,0,0,0,,,,,,56-60,56-65,City street,U,Thursday,,MHTRUCK,Not Fatal,1,0,0,0,City Street,Municipal/City Police,Seattle Police Department,0,0,0,1,0,,,,,,,,,,,,,,,,,,,,,,,,,,,,,,,,,,,,,,,,,,,
2019,19,633830,29,01-04-2019,00:04,4,1,Jan,,41,Lewis,0,2,0,2,2,2,1,0,2,1,,,,1,0,0,No vehicle,0.2,1,0,1,No intersection,7,1,2,4,0,0,0,0,CR-CANNON RD,,-121.6817778,46.62236667,98361,0,1,1,Driver Off Road,13,2,35,14,0,0,1,7,1,2,1,2,1,14,Making a U turn,2,2,26,,0,53,705,2001,0,0,68,64,33,30,42,,1,1,30,1,7,1,4,7,5,0,11,0,08/26/2017,06:45,1.96E+11,37861,0,0,0,3,1,0,0,0,0,92,,,,,,99,,,,,,94611,6,71,150,6,1,0,0,0,0,0,0,,,,,,0,,,20,8,0,0,0,9,8,,,0,0,0,8,9,2,402,407,996,1,1,1,2,1,0.19,,,,,,,,,,,,,,,,,,,,,,,,,,,,,,0,0,0,1,1,1,1,1,0,0,0,0,0,0,0,0,1,0,0,0,0,0,0,0,0,0,0,0,1,0,0,0,0,0,1,0,0,0,0,0,0,1,1,1,1,0,0,0,0,0,0,1,,,,,,26-30,26-35,City street,U,Saturday,,MC,White,0,1,0,0,City Street,Municipal/City Police,Seattle Police Department,1,0,0,1,0,,,,,,,,,,,,,,,,,,,,,,,,,,,,,,,,,,,,,,,,,,,
2020,19,634596,184,01-26-2020,22:58,26,1,Jan,,61,Snohomish,1215,10,,3,2,2,1,2,1,1,22:59,23:07,23:31,8,0,0,No vehicle,4.4,1,0,1,No intersection,3,2,1,3,0,0,0,0,SR-524,,-122.3001639,47.82109167,98036,0,1,13,Pedestrian/Animal,80,5,35,4,0,0,1,2,8,1,1,5,5,1,Going Straight,1,2,53,,3,98,988,2013,0,0,8,,,,,,1,1,49,1,0,0,0,0,3,0,11,0,,,,,6,1,3,3,1,0,0,0,0,96,,,,,,0,,,,,,98146,53,65,150,6,1,0,0,0,0,,0,,,,,,0,,,20,0,0,0,8,9,2,,,0,0,0,0,0,8,95,,,96,,,8,95,995,,,,,,,,,,,,,,,,,,,,,,,,,,,,,,0,0,0,0,0,0,0,0,0,0,0,0,0,0,0,0,0,0,0,0,0,0,0,0,0,0,0,0,0,0,0,1,0,0,0,,0,0,0,0,0,0,0,0,0,0,0,0,0,0,0,0,,,,,,46-50,46-55,State route,U,Sunday,,BUS,Not Fatal,0,0,0,0,State Route,Municipal/City Police,Seattle Police Department,0,1,0,0,0,,,,,,0,0,0,,,,,,,,,,,,,,,,,,,,,,,,,,,,,,,,,,,
2017,19,632355,7,01-13-2017,21:06,13,1,Jan,2,33,King,2310,1,0,3,1,1,1,0,4,2,,,,12,0,1,Front-to-Rear,0.9,1,0,1,No intersection,1,2,1,1,0,0,0,0,I-405,,-122.2493472,47.46273056,98188,0,2,25,Others,53,3,60,4,0,0,1,2,12,1,2,4,3,1,Going Straight,1,1,53,,0,99,999,9999,0,0,8,,,,,,1,1,39,8,0,0,0,0,98,0,11,0,,,,,0,0,0,3,1,0,0,0,0,96,,,,,,99,,,,,,98198,53,69,172,6,1,0,0,2,1,,97,,,,,,0,09-15-2014,10-15-2016,98,0,0,0,8,9,8,,,0,0,0,8,9,8,95,,,96,,,8,95,995,,,,,,,,,,,,,,,,,,,,,,,,,,,,,,0,0,0,0,0,0,0,0,0,1,1,1,0,0,0,0,0,0,0,0,0,0,0,0,0,0,0,0,0,1,0,1,0,0,0,,0,0,0,0,0,0,0,0,0,0,0,0,0,0,0,0,,,,,,36-40,36-45,State route,U,Monday,,NR-U,Not Fatal,0,0,0,0,State Route,Municipal/City Police,Seattle Police Department,0,1,0,0,0,,,,,,0,0,0,,,,,,,,,,,,,,,,,,,,,,,,,,,,,,,,,,,
2017,19,632354,7,01-13-2017,21:06,13,1,Jan,2,33,King,2310,1,0,3,1,1,1,0,4,2,,,,12,0,1,Front-to-Rear,0.9,1,0,1,No intersection,1,2,1,1,0,0,0,0,I-405,,-122.2493472,47.46273056,98188,0,1,24,Others,51,3,60,14,0,0,1,2,25,1,2,4,3,6,Others,3,1,53,,0,97,997,9998,0,0,8,,,,,,1,1,998,9,0,0,0,0,98,0,11,0,,,,,99,9,9,9,1,0,0,0,0,96,,,,,,99,,,,,,99999,99,,999,9,9,99,99,99,99,,97,,,,,,9,,,98,0,0,0,8,9,8,,,0,0,0,8,9,8,95,,,96,,,8,95,995,,,,,,,,,,,,,,,,,,,,,,,,,,,,,,0,0,0,0,0,0,0,0,0,1,1,1,0,0,0,0,0,0,0,0,0,0,0,0,0,0,0,0,0,1,0,1,0,0,0,,0,0,0,0,0,0,0,0,0,0,0,0,0,0,0,0,,,,,,,,State route,U,Monday,Unknown,NR-U,Not Fatal,0,0,0,0,State Route,Municipal/City Police,Seattle Police Department,0,1,0,0,0,,,,,,99,99,99,,,,,,,,,,,,,,,,,,,,,,,,,,,,,,,,,,,
2021,20,635362,5,01-22-2021,12:27,22,1,Jan,,11,Clark,240,1,,1,1,2,1,0,1,1,,,,25,0,0,No vehicle,12.1,1,0,1,No intersection,2,2,1,3,0,0,0,0,SR-14,,-122.4345667,45.580525,98607,0,1,7,Control/Traction Loss,11,2,60,14,0,0,1,2,25,1,1,3,3,1,Going Straight,1,2,53,,0,30,42,2016,0,0,9,,,,,,1,1,17,1,0,0,0,0,99,0,11,0,,,,,0,0,3,3,1,10,0,0,0,96,,,,,,0,,,,,,98117,53,71,130,6,2,0,0,0,0,,0,,,,,,0,,,20,0,0,0,8,3,2,,,0,0,0,0,0,8,95,,,96,,,8,95,995,,,,,,,,,,,,,,,,,,,,,,,,,,,,,,0,0,0,0,0,0,0,0,0,1,0,1,0,0,0,0,0,0,0,0,1,0,1,0,1,0,0,0,0,1,0,0,1,0,0,,0,0,0,0,0,0,0,0,0,0,0,0,0,0,0,0,,,,,,16-17,16-25,City street,U,Sunday,Unknown,PV,Not Fatal,0,0,0,0,City Street,Municipal/City Police,Seattle Police Department,0,0,0,1,0,,,,,,0,0,0,,,,,,,,,,,,,,,,,,,,,,,,,,,,,,,,,,,