year,something,Cases,repjur,crash_dt,crash_tm,accday,Month,Month,holiday,county,co_char,city,weather,weather2,lightcond,surfcond,surftype,Number of Fatalities,nmforms,pforms,vforms,not_tm,arr_tm,hosp_tm,fhevent,hitrun,Manner of Collision,Manner of Collision,milepnt,reljunc,reljuncinter,intersectiontype,Intersection Type,funcsystem,landuse,ownership,route,schlbus,spejur,contdev,devfunc,trafid1,trafid2,x,y,zipcode,wk_zone,vnumber,crashtype,Crash Type,criticalevent,criticaleventcat,spdlim,body,trailer,emerg,hazcargo,leave,mhevent,roadalgn,roadprof,traflane,trafflow,Vehicle Manure,Vehicle Manure,numoccs,regowner,regstate,,spuse,make,model,modelyr,vrf1,vrf2,seqevent1,seqevent2,seqevent3,seqevent4,seqevent5,seqevent6,pnumber,ptype,age,sex,hispanic,race,injury,diedscene,restraint,restraintmisuse,seatpos,takehosp,death_dt,death_tm,cert,cernum_wa,commlic,licendor,licrestrict,liccomp,drivpres,drf1,drf2,drf3,drf4,distract1,distract2,distract3,distract4,distract5,distract6,dricond1,dricond2,dricond3,dricond4,dricond5,dricond6,dzip,licstate,drhgt_in,weight,noncdl,noncdltype,prevdwi,prevoth,prevacc,prevspd,prevsus,driviol1,driviol2,driviol3,driviol4,driviol5,driviol6,spdrel,first_dt,last_dt,airbag,ejection,ejectpath,extricat,injurwrk,methalc,methdrug,nmlocat,strikveh,prf1,prf2,prf3,druginv,alcinvol,drugsts,drugres1,drugres2,drugres3,drugtst1,drugtst2,drugtst3,alcsts,alctst,alcres,nmact1,nmact2,nmact3,nmact4,nmact5,nmact6,nmprior1,nmprior2,nmprior3,nmprior4,nmprior5,nmprior6,nmcond1,nmcond2,nmcond3,nmcond4,nmcond5,nmcond6,nmsafe_helmet,nmsafe_pads,nmsafe_oth,nmprev_ref,nmprev_lgt,nmprev_oth,crashlocation,nmcrashtype,crosswalk,schoolzone,sidewalk,train_inv,wildlife_inv,rotr_fars,intersect_fars,Drink and Drive,aid_inv,Drug Positive Drivers,Impaired Drivers,Marijuana Positive,impnm_inv,ainm_inv,dpnm_inv,speed_inv,unlic_inv,unendmc_inv,drowsy_inv,drdist_inv,nmdist_inv,fty_inv,unrestfat_inv,dr1617_inv,dr1820_inv,dr1620_inv,dr2125_inv,dr1625_inv,dr65_inv,dr70_inv,dr75_inv,mc_inv,pv_inv,ht_inv,ped_inv,bike_inv,unrest_fat,mc_fat,unhelmet_mc,pv_fat,ht_fat,ped_fat,bike_fat,dr_alc7,dr_alc8,dr_drug,dr_imp,dr_dist,dr_spd,dr_fty,dr_unlic,dr_alc7only,dr_alc8only,dr_drugonly,dr_drink,nm_imp,nm_alc7,nm_alc8,nm_drug,nm_dist,agegrp1,agegrp2,roadclass,urbrur,dayweek,restuse,vehtype,race_me,intersect,lanedep,oppdir,wrongway,rep_typ,investag,repag_long,rotr,st_rd,cty_rd,city_rd,oth_rd,drug_thc,thc_res,drug_cthc,cthc_res,drug_cann,prevpersemin,prevperse,prevsusoth,drugtst4,drugtst5,drugtst6,drugtst7,drugtst8,drugres4,drugres5,drugres6,drugres7,drugres8,adspresent,adsengaged,adslevel,race1,race2,race3,race4,race5,helmet,helmetmisuse,nmdistract1,nmdistract2,nmdistract3,nmdistract4,nmdistract5,nmdistract6,lab,isedtcase,crf1,crf2,crf3,CoRoadName,CoMP,IntCoRoadName,IntCoMP
2020,20,634597,305,01-21-2020,06:29,21,1,Jan,,11,Clark,2370,10,,3,2,2,2,2,1,1,,,,8,0,0,No vehicle,0,1,0,1,No intersection,3,2,4,6,0,0,0,0,NE 112TH AVE,,-122.5579389,45.638675,98664,0,1,13,Pedestrian/Animal,80,5,35,34,0,0,1,5,8,1,2,5,5,1,Going Straight,1,1,53,,0,35,43,2019,0,0,63,31,30,1,8,8,1,1,23,2,0,,0,0,99,7,11,0,,,,,0,0,3,3,1,33,0,0,0,96,,,,,,99,,,,,,98036,53,64,130,6,1,0,0,0,0,,97,,,,,,3,,,8,0,0,0,8,9,8,,,0,0,0,8,9,2,695,605,,1,1,,2,1,0,,,,,,,,,,,,,,,,,,,,,,,,,,,,,,0,0,1,0,0,0,1,1,1,0,0,0,1,0,0,0,0,0,0,0,0,0,0,1,1,0,0,0,0,1,0,1,0,0,0,,0,0,0,0,0,0,1,1,0,1,0,0,0,0,1,0,,,,,,21-25,16-25,State route,U,Friday,Unknown,PV,Not Fatal,0,1,0,0,State Route,Municipal/City Police,Seattle Police Department,1,1,0,0,0,thc,1.9,carboxy-thc,13,,0,0,0,,,,,,,,,,,98,98,98,0,,,,,20,7,,,,,,,,,,,,,,,
2019,20,633832,5,01-23-2019,13:23,23,1,Jan,,41,Lewis,0,1,0,1,2,2,1,0,2,2,,,,12,0,2,Front-to-Front,98.7,1,0,1,No intersection,3,1,1,2,0,0,0,0,US-12,,-122.2538056,46.53996111,98356,0,2,51,Lateral Move(Going Straight),62,4,55,63,0,0,1,7,12,1,1,2,1,1,Going Straight,1,3,53,,0,49,402,2012,0,0,9,,,,,,1,1,59,1,0,0,0,0,3,0,11,0,,,,,0,0,3,3,1,0,0,0,0,96,,,,,,98,,,,,,98108,53,64,130,6,1,0,0,0,0,0,0,,,,,,0,,,20,0,0,0,8,9,8,,,0,0,0,8,8,0,0,0,0,0,0,0,0,0,996,,,,,,,,,,,,,,,,,,,,,,,,,,,,,,0,0,0,0,0,0,0,0,0,1,0,1,0,0,0,0,0,0,0,0,0,0,0,0,0,0,0,0,0,1,0,0,1,0,0,,0,0,0,0,0,0,0,0,0,0,0,0,0,0,0,0,,,,,,56-60,56-65,City street,U,Friday,Belt Used,PV,Not Fatal,0,0,0,0,City Street,Municipal/City Police,Seattle Police Department,0,0,0,1,0,,,,,,,,,,,,,,,,,,,,,,,,,,,,,,,,,,,,,,,,,,,
2019,20,633831,5,01-23-2019,13:23,23,1,Jan,,41,Lewis,0,1,0,1,2,1,1,0,2,2,,,,12,0,2,Front-to-Front,98.7,1,0,1,No intersection,3,1,1,2,0,0,0,0,US-12,,-122.2538056,46.53996111,98356,0,1,50,Lateral Move(Left/Right),10,2,55,5,0,0,1,2,12,1,1,2,1,1,Going Straight,1,1,53,,3,98,988,2010,0,0,8,,,,,,1,1,68,2,0,0,0,0,3,0,11,0,,,,,6,1,0,3,1,0,0,0,0,96,,,,,,0,,,,,,98033,53,64,170,6,1,0,0,0,0,0,0,,,,,,0,,,20,0,0,0,8,3,8,,,0,0,0,8,0,0,0,0,0,0,0,0,0,0,996,,,,,,,,,,,,,,,,,,,,,,,,,,,,,,0,0,0,1,0,0,0,0,0,0,0,0,0,0,0,0,0,1,0,0,0,0,0,0,0,1,0,0,0,0,0,1,0,0,0,,0,0,0,0,0,0,0,0,0,0,0,0,0,0,0,0,,,,,,66-70,66-75,City street,U,Thursday,,BUS,Not Fatal,1,0,0,0,City Street,Municipal/City Police,Seattle Police Department,0,0,0,1,0,,,,,,,,,,,,,,,,,,,,,,,,,,,,,,,,,,,,,,,,,,,
2018,20,633096,290,01-19-2018,19:02,19,1,Jan,0,53,Pierce,2230,2,0,3,2,2,1,1,2,1,,,,8,0,0,No vehicle,0,1,0,1,No intersection,4,2,4,6,0,0,0,0,6TH AVE,,-122.5192389,47.25544167,98406,0,1,13,Pedestrian/Animal,80,5,30,34,0,0,1,5,8,1,1,2,3,1,Going Straight,2,1,53,,0,99,399,9999,0,0,9,,,,,,1,1,999,9,0,,9,0,98,7,11,8,,,,,99,9,9,9,1,0,0,0,0,96,,,,,,99,,,,,,99999,99,,999,9,9,99,99,99,99,,97,,,,,,0,,,98,0,0,0,8,9,8,,,0,0,0,8,9,0,0,,,0,,,0,0,996,,,,,,,,,,,,,,,,,,,,,,,,,,,,,,0,0,0,0,0,0,0,0,0,0,0,0,0,0,0,0,0,0,0,0,0,0,0,0,0,0,0,0,0,1,0,0,1,0,0,,0,0,0,0,0,0,0,0,0,0,0,0,0,0,0,0,,,,,,,,City street,U,Monday,Unknown,PV,Not Fatal,0,0,0,0,City Street,Municipal/City Police,Seattle Police Department,0,0,0,1,0,,,,,,99,99,99,,,,,,,,,,,98,98,98,0,,,,,20,7,,,,,,,,,,,,,,,
2017,20,632349,184,01-17-2017,21:05,17,1,Jan,0,61,Snohomish,1215,2,0,3,2,2,1,1,1,1,21:06,21:09,,8,0,0,No vehicle,0,1,0,1,No intersection,4,2,4,6,0,0,0,0,176TH ST SW,,-122.2937917,47.83918333,98037,0,1,13,Pedestrian/Animal,80,5,30,4,0,0,1,5,8,1,1,4,1,1,Going Straight,1,1,53,,0,49,32,1999,0,0,10,,,,,,1,1,42,1,7,48,4,0,99,0,11,4,10-10-2017,23:20,1.96E+11,45065,0,0,0,3,1,0,0,0,0,6,,,,,,99,,,,,,98144,53,66,170,6,1,0,0,1,0,0,0,,,,,,0,06-15-2017,06-15-2017,99,0,0,1,0,9,8,,,0,0,0,8,9,2,348,402,0,1,1,0,2,1,0,,,,,,,,,,,,,,,,,,,,,,,,,,,,,,1,0,0,0,0,0,1,1,0,0,0,0,0,0,0,0,1,0,0,0,0,0,0,0,0,0,0,0,0,1,0,0,0,0,0,,1,0,0,0,0,0,1,1,1,0,0,0,0,0,1,0,,,,,,41-45,36-45,City street,U,Friday,Unknown,PV,API,1,0,0,0,City Street,Municipal/City Police,Seattle Police Department,0,0,0,1,0,,,,,,,,,,,,,,,,,,,,,,,,,,,,,,,,,,,,,,,,,,,
2021,21,635363,35,01-09-2021,07:33,9,1,Jan,,53,Pierce,0,10,,4,4,2,1,0,1,1,,,,34,0,0,No vehicle,6.6,1,0,1,No intersection,4,2,2,4,0,0,0,0,CR-224TH ST E,,-122.2590222,47.05268056,98338,0,1,2,Control/Traction Loss,6,1,45,34,0,0,1,5,34,1,2,2,1,1,Going Straight,1,2,53,,0,48,401,2009,0,0,12,,,,,,1,1,98,1,7,,4,0,99,7,11,5,04/25/2019,21:35,1.96E+11,19088,0,0,3,3,1,38,0,0,0,96,,,,,,99,,,,,,98136,53,68,140,6,1,0,1,1,0,,0,,,,,,0,07-15-2018,07-15-2018,1,0,0,1,0,9,8,,,0,0,0,8,9,2,1,,,1,,,2,1,0,,,,,,,,,,,,,,,,,,,,,,,,,,,,,,0,0,0,1,0,0,0,0,0,0,0,0,0,0,0,0,0,0,1,0,0,0,0,0,0,1,1,1,0,1,0,0,0,0,0,,1,0,0,0,0,0,0,0,0,0,1,0,0,0,0,0,,,,,,81+,76+,City street,U,Saturday,Unknown,PV,White,1,0,0,0,City Street,Municipal/City Police,Seattle Police Department,0,0,0,1,0,,,,,,0,0,0,,,,,,,,,,,98,98,98,1,,,,,20,7,,,,,,,,,,,,,,,
2020,21,634598,47,01-14-2020,07:33,14,1,Jan,,27,Grays Harbor,10,1,,3,1,2,1,1,1,1,07:35,07:39,07:56,8,1,0,No vehicle,0,3,0,2,4 Way,5,2,4,6,0,0,20,3,E 1ST ST,N G St,-123.8161556,46.97769444,98520,0,1,13,Pedestrian/Animal,80,5,35,34,0,0,1,5,8,1,1,2,1,10,Others,1,2,53,,0,2,422,2018,0,0,12,,,,,,1,1,45,1,0,,2,0,99,7,11,0,,,,,0,0,0,3,1,0,0,0,0,96,,,,,,0,,,,,,98136,53,69,165,6,1,0,0,1,0,,0,,,,,,0,04-15-2018,04-15-2018,1,0,0,0,8,9,2,,,0,0,0,0,0,8,95,,,96,,,8,95,995,,,,,,,,,,,,,,,,,,,,,,,,,,,,,,0,0,0,1,0,0,0,0,0,0,0,0,0,0,0,0,0,0,1,0,0,0,0,0,0,1,1,1,0,1,0,0,0,0,0,,0,0,0,0,0,0,0,0,0,0,0,0,0,0,0,0,,,,,,41-45,36-45,City street,U,Saturday,Unknown,PV,Not Fatal,1,0,0,0,City Street,Municipal/City Police,Seattle Police Department,0,0,0,1,0,,,,,,0,0,0,,,,,,,,,,,98,98,98,0,,,,,20,7,,,,,,,,,,,,,,,
2019,21,633835,2,01-14-2019,19:37,14,1,Jan,,29,Island,0,1,0,3,1,2,1,1,2,1,,,,8,0,0,No vehicle,16.1,3,0,3,T Intersection,3,1,1,3,0,0,0,0,SR-525,USELESS BAY RD,-122.4853944,48.0066,98260,0,1,13,Pedestrian/Animal,80,5,55,14,0,0,1,5,8,3,2,2,2,14,Making a U turn,2,1,53,,0,12,471,2000,0,0,8,,,,,,1,1,54,1,0,,0,0,3,0,11,0,,,,,0,0,0,3,1,0,0,0,0,96,,,,,,0,,,,,,96075,6,69,170,6,1,0,0,0,0,,0,,,,,,0,,,20,0,0,0,8,9,8,,,0,0,0,8,0,2,1,,,1,,,2,1,0.18,,,,,,,,,,,,,,,,,,,,,,,,,,,,,,0,0,0,0,1,1,0,1,0,0,0,0,0,0,0,0,0,0,0,0,0,0,0,0,0,0,0,0,0,1,0,1,0,0,0,,0,0,0,0,0,1,0,1,0,0,0,0,0,1,0,1,,,,,,51-55,46-55,City street,U,Monday,Belt Used,PV,Not Fatal,0,0,0,0,City Street,Municipal/City Police,Seattle Police Department,0,0,0,1,0,,,,,,0,0,0,,,,,,,,,,,98,98,98,0,,,,,20,7,,,,,,,,,,,,,,,
2018,21,633098,1,01-19-2018,12:35,19,1,Jan,0,77,Yakima,0,1,0,1,1,2,1,0,2,2,,,,12,0,1,Front-to-Rear,5.8,1,0,1,No intersection,5,1,2,4,1,0,0,0,CR-SUMMITVIEW RD,,-120.7100889,46.66035556,98923,0,2,21,Others,53,3,50,50,0,0,1,5,12,1,1,2,1,5,Others,55,3,53,,0,12,3,2000,0,0,12,,,,,,1,1,49,1,7,1,4,7,99,0,11,0,08/17/2017,20:28,1.03E+11,36150,0,0,0,3,1,51,0,0,0,96,,,,,,99,,,,,,98354,53,71,135,6,1,1,1,0,0,1,0,,,,,,3,03-15-2015,08-15-2015,8,0,0,0,0,9,8,,,0,0,0,8,9,2,1,0,0,1,0,0,2,1,0.22,,,,,,,,,,,,,,,,,,,,,,,,,,,,,,0,0,0,0,1,1,0,1,0,0,0,0,1,0,0,0,0,0,0,0,0,0,0,1,1,0,0,0,0,1,0,0,0,0,0,,1,0,0,0,0,1,0,1,0,1,0,0,0,1,0,1,,,,,,46-50,46-55,City street,U,Thursday,Unknown,PV,White,0,1,1,0,City Street,Municipal/City Police,Kent Police Department,0,0,0,1,0,,,,,,,,,,,,,,,,,,,,,,,,,,,,,,,,,,,,,,,,,,,
2018,21,633097,1,01-19-2018,12:35,19,1,Jan,0,77,Yakima,0,1,0,1,1,2,1,0,2,2,,,,12,0,1,Front-to-Rear,5.8,1,0,1,No intersection,5,1,2,4,1,0,0,0,CR-SUMMITVIEW RD,,-120.7100889,46.66035556,98923,0,1,20,Others,50,3,50,61,0,0,1,2,12,1,1,2,1,1,Going Straight,1,3,53,,0,20,461,1990,0,0,12,,,,,,1,1,22,1,0,0,3,0,99,0,11,8,,,,,0,0,0,3,1,0,0,0,0,0,,,,,,0,,,,,,98003,53,70,150,6,1,0,0,0,1,0,0,,,,,,0,04-15-2016,04-15-2016,99,0,0,0,8,9,8,,,0,0,0,8,9,0,0,0,0,0,0,0,0,0,996,,,,,,,,,,,,,,,,,,,,,,,,,,,,,,0,0,0,0,1,1,0,1,0,0,0,0,1,0,0,0,0,0,0,0,0,0,0,1,1,0,0,0,0,1,0,0,0,0,0,,0,0,0,0,0,0,0,0,0,0,0,0,0,0,0,0,,,,,,21-25,16-25,City street,U,Thursday,Unknown,PV,Not Fatal,0,1,1,0,City Street,Municipal/City Police,Kent Police Department,0,0,0,1,0,,,,,,,,,,,,,,,,,,,,,,,,,,,,,,,,,,,,,,,,,,,
2017,21,632351,8,01-18-2017,00:09,18,1,Jan,0,35,Kitsap,0,2,0,2,2,2,1,0,4,2,,,,14,0,0,No vehicle,17.4,1,0,1,No intersection,3,1,1,3,0,0,0,0,SR-16,,-122.6245306,47.46971389,98367,0,2,98,Others,50,3,60,4,0,0,1,2,14,4,1,2,3,14,Making a U turn,3,1,53,,0,12,402,2006,0,0,63,69,68,64,1,30,1,1,19,2,7,1,4,0,3,0,11,5,05/17/2017,11:16,2.11E+11,23691,0,0,3,3,1,0,0,0,0,93,,,,,,99,,,,,,99206,53,70,155,6,1,0,0,0,0,0,0,,,,,,3,,,20,0,0,0,0,9,8,,,0,0,0,8,9,2,1,0,0,1,0,0,2,1,0,,,,,,,,,,,,,,,,,,,,,,,,,,,,,,0,0,1,0,0,0,0,0,0,0,0,0,1,0,0,0,1,0,0,0,0,1,1,0,1,0,0,0,0,1,0,0,0,0,0,,1,0,0,0,0,0,0,0,1,1,0,0,0,0,0,0,,,,,,18-20,16-25,County road,R,Wednesday,Belt Used,PV,White,0,1,0,0,County Road,County Sheriff,Spokane County Sheriff's Office,1,0,1,0,0,,,,,,,,,,,,,,,,,,,,,,,,,,,,,,,,,,,,,,,,,,,
2021,22,635364,3,01-07-2021,00:49,7,1,Jan,,67,Thurston,1590,10,,3,1,2,1,1,1,1,,,,8,0,0,No vehicle,0.1,20,0,1,No intersection,1,2,1,1,0,0,0,0,I-5 RAMP,,-122.8780667,47.03620278,98504,0,1,13,Pedestrian/Animal,80,5,60,4,0,0,1,2,8,1,1,2,6,1,Going Straight,1,1,53,,0,59,32,1996,0,0,12,,,,,,1,1,29,1,0,0,1,0,99,0,11,5,,,,,0,0,0,0,1,39,0,0,0,96,,,,,,9,,,,,,98106,53,69,205,0,0,0,1,0,0,,97,,,,,,3,11-15-2014,11-15-2014,99,0,0,0,8,9,8,,,0,0,0,8,1,2,695,605,,1,1,,2,1,0.032,,,,,,,,,,,,,,,,,,,,,,,,,,,,,,0,0,0,1,1,1,1,1,1,0,0,0,1,1,0,0,0,0,0,0,0,0,0,0,0,0,0,0,0,1,0,0,0,0,0,,0,0,0,0,1,0,1,1,0,1,0,1,0,0,0,1,,,,,,26-30,26-35,State route,U,Sunday,Unknown,PV,Not Fatal,1,0,0,0,State Route,Municipal/City Police,Seattle Police Department,0,1,0,0,0,thc,3.6,carboxy-thc,17,,0,0,0,,,,,,,,,,,,,,,,,,,,,,,,,,,,,,,,,,,
2020,22,634599,7,01-13-2020,22:15,13,1,Jan,,33,King,1030,4,,3,4,1,1,0,1,1,,,,42,0,0,No vehicle,146.8,1,0,1,No intersection,1,2,1,1,0,0,0,0,I-5,,-122.2961583,47.35826389,98089,0,1,2,Control/Traction Loss,6,1,60,14,0,0,1,2,42,2,1,5,3,14,Making a U turn,1,2,53,,0,55,33,2013,0,0,12,14,14,,,,1,1,46,1,7,1,4,7,99,0,11,0,09/30/2018,05:26,1.96E+11,42893,0,0,0,3,1,0,0,0,0,96,,,,,,0,,,,,,98106,53,77,220,6,1,0,0,0,0,,0,,,,,,0,,,8,0,0,0,0,9,8,,,0,0,0,8,9,2,1,,,1,,,2,1,0.23,,,,,,,,,,,,,,,,,,,,,,,,,,,,,,0,0,0,1,1,1,1,1,1,0,0,0,1,1,0,0,0,0,0,0,0,0,0,0,0,0,0,0,0,1,0,0,0,0,0,,1,0,0,0,0,1,0,1,0,0,0,0,0,1,0,1,,,,,,46-50,46-55,State route,U,Sunday,Unknown,PV,White,1,0,0,0,State Route,Municipal/City Police,Seattle Police Department,0,1,0,0,0,,,,,,0,0,0,,,,,,,,,,,,,,,,,,,,,,,,,,,,,,,,,,,
2019,22,633837,,01-23-2019,23:43,23,1,Jan,,21,Franklin,0,10,0,2,1,1,1,0,2,2,,,,12,0,1,Front-to-Rear,52.2,1,0,1,No intersection,3,1,1,2,0,0,0,0,US-395,,-118.9964528,46.560425,99326,0,2,25,Others,53,3,60,66,1,0,1,7,12,1,2,2,3,1,Going Straight,1,3,53,,0,41,403,2014,0,0,8,,,,,,1,1,41,1,0,,0,0,99,7,11,0,,,,,0,0,3,3,1,0,0,0,0,96,,,,,,99,,,,,,98028,53,71,300,6,1,0,0,0,0,,97,,,,,,0,,,20,0,0,0,8,9,2,,,0,0,0,1,9,8,95,,,96,,,8,95,995,,,,,,,,,,,,,,,,,,,,,,,,,,,,,,0,0,0,0,0,0,0,0,0,1,0,1,0,0,0,0,0,0,0,0,0,0,0,0,0,0,0,0,0,1,0,1,0,0,0,,0,0,0,0,0,0,0,0,0,0,0,0,0,0,0,0,,,,,,41-45,36-45,State route,U,Wednesday,Unknown,PV,Not Fatal,0,0,0,0,State Route,Municipal/City Police,Seattle Police Department,0,1,0,0,0,,,,,,0,0,0,,,,,,,,,,,98,98,98,0,,,,,20,7,,,,,,,,,,,,,,,
2019,22,633836,,01-23-2019,23:43,23,1,Jan,,21,Franklin,0,10,0,2,1,1,1,0,2,2,,,,12,0,1,Front-to-Rear,52.2,1,0,1,No intersection,3,1,1,2,0,0,0,0,US-395,,-118.9964528,46.560425,99326,0,1,24,Others,51,3,70,20,0,0,1,7,12,1,2,2,3,1,Going Straight,1,1,53,,0,41,471,1998,0,0,12,63,30,,,,1,1,49,1,7,1,4,7,99,0,11,0,06/22/2018,00:26,1.96E+11,31282,0,0,0,2,1,39,0,0,0,96,,,,,,99,,,,,,98038,53,69,190,1,1,0,2,2,0,,0,,,,,,0,10-15-2013,08-15-2014,8,0,0,1,0,9,8,,,0,0,0,8,9,2,177,417,,1,1,,2,1,0,,,,,,,,,,,,,,,,,,,,,,,,,,,,,,0,0,0,1,0,0,1,1,0,0,0,0,0,1,0,0,0,0,0,0,0,1,1,1,1,0,0,0,0,1,0,0,0,0,0,,1,0,0,0,0,0,1,1,0,0,0,1,0,0,1,0,,,,,,46-50,46-55,City street,U,Friday,Unknown,PV,White,1,0,0,0,City Street,Municipal/City Police,Seattle Police Department,0,0,0,1,0,,,,,,0,0,0,,,,,,,,,,,,,,,,,,,,,,,,,,,,,,,,,,,
2018,22,633099,330,01-23-2018,17:42,23,1,Jan,0,77,Yakima,2590,2,0,2,2,2,1,1,2,1,,,,8,0,0,No vehicle,0,1,0,1,No intersection,3,2,4,6,0,0,0,0,N 15TH AVE,,-120.5303472,46.59395556,98902,0,1,13,Pedestrian/Animal,80,5,30,34,0,0,1,7,8,1,2,2,1,1,Going Straight,2,1,53,,0,49,402,2016,0,0,12,12,,,,,1,1,21,1,0,0,1,0,99,0,11,4,,,,,0,0,0,3,1,0,0,0,0,96,,,,,,0,,,,,,99224,53,72,190,6,1,0,0,0,2,,0,,,,,,0,09-15-2014,11-15-2014,8,0,0,0,8,9,8,,,0,0,0,8,0,8,95,,,96,,,8,95,995,,,,,,,,,,,,,,,,,,,,,,,,,,,,,,0,0,0,1,0,0,1,1,0,0,0,0,0,1,0,0,0,0,0,0,0,1,1,1,1,0,0,0,0,1,0,0,0,0,0,,0,0,0,0,0,0,0,0,0,0,0,0,0,0,0,0,,,,,,21-25,16-25,City street,U,Friday,Unknown,PV,Not Fatal,1,0,0,0,City Street,Municipal/City Police,Seattle Police Department,0,0,0,1,0,,,,,,0,0,0,,,,,,,,,,,,,,,,,,,,,,,,,,,,,,,,,,,
2017,22,632362,1,01-19-2017,07:30,19,1,Jan,0,77,Yakima,0,1,0,1,3,1,1,0,3,3,07:30,07:44,08:28,12,0,6,Angle,197.8,2,0,2,4 Way,3,2,1,2,0,0,3,3,US-12,W POWERHOUSE,-120.5942306,46.63881389,98902,0,3,98,Others,62,4,60,4,0,0,1,2,12,8,8,4,2,5,Others,1,1,53,,0,55,33,2015,0,0,12,12,,,,,1,1,34,2,0,0,1,0,99,0,11,0,,,,,0,0,3,3,1,0,0,0,0,96,,,,,,0,,,,,,98199,53,61,140,6,1,0,0,0,0,,0,,,,,,0,,,1,0,0,0,8,9,8,,,0,0,0,8,0,8,95,,,96,,,8,95,995,,,,,,,,,,,,,,,,,,,,,,,,,,,,,,0,0,0,1,0,0,1,1,0,0,0,0,0,1,0,0,0,0,0,0,0,1,1,1,1,0,0,0,0,1,0,0,0,0,0,,0,0,0,0,0,0,0,0,0,0,0,0,0,0,0,0,,,,,,31-35,26-35,City street,U,Friday,Unknown,PV,Not Fatal,1,0,0,0,City Street,Municipal/City Police,Seattle Police Department,0,0,0,1,0,,,,,,0,0,0,,,,,,,,,,,,,,,,,,,,,,,,,,,,,,,,,,,
2017,22,632361,1,01-19-2017,07:30,19,1,Jan,0,77,Yakima,0,1,0,1,3,1,1,0,3,3,07:30,07:44,08:28,12,0,6,Angle,197.8,2,0,2,4 Way,3,2,1,2,0,0,3,3,US-12,W POWERHOUSE,-120.5942306,46.63881389,98902,0,2,88,Striking from the Left,66,4,60,66,1,0,1,2,12,8,8,4,2,1,Going Straight,1,3,53,,0,51,43,1998,0,0,12,,,,,,1,1,20,2,0,0,0,0,99,0,11,0,,,,,0,0,0,3,1,0,0,0,0,96,,,,,,0,,,,,,98198,53,63,120,6,1,0,1,1,1,,0,,,,,,0,07-15-2014,01-15-2015,20,0,0,0,8,9,8,,,0,0,0,8,0,8,95,,,96,,,8,95,995,,,,,,,,,,,,,,,,,,,,,,,,,,,,,,0,0,0,1,0,0,1,1,0,0,0,0,0,1,0,0,0,0,0,0,0,1,1,1,1,0,0,0,0,1,0,0,0,0,0,,0,0,0,0,0,0,0,0,0,0,0,0,0,0,0,0,,,,,,18-20,16-25,City street,U,Friday,Unknown,PV,Not Fatal,1,0,0,0,City Street,Municipal/City Police,Seattle Police Department,0,0,0,1,0,,,,,,0,0,0,,,,,,,,,,,,,,,,,,,,,,,,,,,,,,,,,,,
2017,22,632360,1,01-19-2017,07:30,19,1,Jan,0,77,Yakima,0,1,0,1,3,1,1,0,3,3,07:30,07:44,08:28,12,0,6,Angle,197.8,2,0,2,4 Way,3,2,1,2,0,0,3,3,US-12,W POWERHOUSE,-120.5942306,46.63881389,98902,0,1,89,Others,17,2,45,34,0,0,1,2,12,1,1,2,1,1,Going Straight,1,1,53,,0,99,499,9999,0,,63,8,,,,,1,1,999,1,0,,9,0,99,7,11,0,,,,,99,9,9,9,1,0,,,,96,,,,,,98,,,,,,99999,99,,999,9,9,99,99,99,99,,0,,,,,,0,,,99,0,0,0,8,9,8,,,0,,,8,8,0,0,,,0,,,0,0,996,,,,,,,,,,,,,,,,,,,,,,,,,,,,,,0,0,1,0,0,0,0,0,0,0,0,0,0,0,0,0,0,0,0,0,0,0,0,0,0,0,0,0,0,1,0,1,0,0,0,,0,0,0,0,0,0,0,0,0,0,0,0,0,0,0,0,,,,,,,,State route,U,Saturday,Unknown,PV,Not Fatal,0,0,0,0,State Route,Municipal/City Police,Seattle Police Department,0,1,0,0,0,,,,,,99,99,99,,,,,,,,,,,98,98,98,0,,,,,20,,,,,,,,,1,0,,,,,,
2021,23,635367,7,01-24-2021,19:23,24,1,Jan,,33,King,1960,2,,2,2,2,1,1,2,1,,,,8,0,0,No vehicle,173.1,1,0,1,No intersection,1,2,1,1,0,0,0,0,I-5,,-122.3270417,47.71375278,98133,0,1,13,Pedestrian/Animal,80,5,60,14,0,0,1,5,8,3,1,6,3,14,Making a U turn,2,1,53,,0,19,3,1969,0,0,12,,,,,,1,1,76,1,7,,4,8,99,7,11,4,01/18/2019,17:07,1.96E+11,3606,0,0,3,3,1,0,0,0,0,96,,,,,,99,,,,,,98133,53,72,180,6,1,0,0,0,0,,0,,,,,,4,,,20,9,0,0,0,9,8,,,0,0,0,8,9,2,1,,,1,,,2,1,0,,,,,,,,,,,,,,,,,,,,,,,,,,,,,,0,0,0,1,0,0,0,0,0,0,0,0,1,0,0,0,0,0,0,0,0,0,0,0,0,1,1,1,0,1,0,0,0,0,0,,1,0,0,0,0,0,0,0,0,1,0,0,0,0,0,0,,,,,,76-80,76+,State route,U,Friday,Unknown,PV,White,0,0,0,0,State Route,Municipal/City Police,Seattle Police Department,0,1,0,0,0,,,,,,0,0,0,,,,,,,,,,,0,0,0,1,,,,,20,7,,,,,,,,,,,,,,,
2019,23,633823,3,01-11-2019,20:25,11,1,Jan,,53,Pierce,0,1,0,3,1,2,1,0,6,4,,,,12,0,1,Front-to-Rear,48.3,3,0,2,4 Way,3,2,1,3,0,0,0,0,SR-7,176TH ST E,-122.4349444,47.09713333,98448,0,4,98,Others,53,3,40,4,0,0,1,5,12,1,1,4,2,5,Others,1,1,53,,3,98,988,2011,0,0,12,,,,,,1,1,60,1,0,,0,0,3,0,11,0,,,,,6,1,0,3,1,0,0,0,0,96,,,,,,0,,,,,,98101,53,71,175,6,1,0,0,0,0,,0,,,,,,0,,,20,0,0,0,8,9,8,,,0,0,0,8,0,8,95,,,96,,,8,95,995,,,,,,,,,,,,,,,,,,,,,,,,,,,,,,0,0,0,1,0,0,0,0,0,0,0,0,1,0,0,0,0,0,0,0,0,0,0,0,0,1,1,1,0,1,0,0,0,0,0,,0,0,0,0,0,0,0,0,0,0,0,0,0,0,0,0,,,,,,56-60,56-65,State route,U,Friday,,BUS,Not Fatal,0,0,0,0,State Route,Municipal/City Police,Seattle Police Department,0,1,0,0,0,,,,,,0,0,0,,,,,,,,,,,98,98,98,0,,,,,20,7,,,,,,,,,,,,,,,