year,something,Cases,repjur,crash_dt,crash_tm,accday,Month,Month,holiday,county,co_char,city,weather,weather2,lightcond,surfcond,surftype,Number of Fatalities,nmforms,pforms,vforms,not_tm,arr_tm,hosp_tm,fhevent,hitrun,Manner of Collision,Manner of Collision,milepnt,reljunc,reljuncinter,intersectiontype,Intersection Type,funcsystem,landuse,ownership,route,schlbus,spejur,contdev,devfunc,trafid1,trafid2,x,y,zipcode,wk_zone,vnumber,crashtype,Crash Type,criticalevent,criticaleventcat,spdlim,body,trailer,emerg,hazcargo,leave,mhevent,roadalgn,roadprof,traflane,trafflow,Vehicle Manure,Vehicle Manure,numoccs,regowner,regstate,,spuse,make,model,modelyr,vrf1,vrf2,seqevent1,seqevent2,seqevent3,seqevent4,seqevent5,seqevent6,pnumber,ptype,age,sex,hispanic,race,injury,diedscene,restraint,restraintmisuse,seatpos,takehosp,death_dt,death_tm,cert,cernum_wa,commlic,licendor,licrestrict,liccomp,drivpres,drf1,drf2,drf3,drf4,distract1,distract2,distract3,distract4,distract5,distract6,dricond1,dricond2,dricond3,dricond4,dricond5,dricond6,dzip,licstate,drhgt_in,weight,noncdl,noncdltype,prevdwi,prevoth,prevacc,prevspd,prevsus,driviol1,driviol2,driviol3,driviol4,driviol5,driviol6,spdrel,first_dt,last_dt,airbag,ejection,ejectpath,extricat,injurwrk,methalc,methdrug,nmlocat,strikveh,prf1,prf2,prf3,druginv,alcinvol,drugsts,drugres1,drugres2,drugres3,drugtst1,drugtst2,drugtst3,alcsts,alctst,alcres,nmact1,nmact2,nmact3,nmact4,nmact5,nmact6,nmprior1,nmprior2,nmprior3,nmprior4,nmprior5,nmprior6,nmcond1,nmcond2,nmcond3,nmcond4,nmcond5,nmcond6,nmsafe_helmet,nmsafe_pads,nmsafe_oth,nmprev_ref,nmprev_lgt,nmprev_oth,crashlocation,nmcrashtype,crosswalk,schoolzone,sidewalk,train_inv,wildlife_inv,rotr_fars,intersect_fars,Drink and Drive,aid_inv,Drug Positive Drivers,Impaired Drivers,Marijuana Positive,impnm_inv,ainm_inv,dpnm_inv,speed_inv,unlic_inv,unendmc_inv,drowsy_inv,drdist_inv,nmdist_inv,fty_inv,unrestfat_inv,dr1617_inv,dr1820_inv,dr1620_inv,dr2125_inv,dr1625_inv,dr65_inv,dr70_inv,dr75_inv,mc_inv,pv_inv,ht_inv,ped_inv,bike_inv,unrest_fat,mc_fat,unhelmet_mc,pv_fat,ht_fat,ped_fat,bike_fat,dr_alc7,dr_alc8,dr_drug,dr_imp,dr_dist,dr_spd,dr_fty,dr_unlic,dr_alc7only,dr_alc8only,dr_drugonly,dr_drink,nm_imp,nm_alc7,nm_alc8,nm_drug,nm_dist,agegrp1,agegrp2,roadclass,urbrur,dayweek,restuse,vehtype,race_me,intersect,lanedep,oppdir,wrongway,rep_typ,investag,repag_long,rotr,st_rd,cty_rd,city_rd,oth_rd,drug_thc,thc_res,drug_cthc,cthc_res,drug_cann,prevpersemin,prevperse,prevsusoth,drugtst4,drugtst5,drugtst6,drugtst7,drugtst8,drugres4,drugres5,drugres6,drugres7,drugres8,adspresent,adsengaged,adslevel,race1,race2,race3,race4,race5,helmet,helmetmisuse,nmdistract1,nmdistract2,nmdistract3,nmdistract4,nmdistract5,nmdistract6,lab,isedtcase,crf1,crf2,crf3,CoRoadName,CoMP,IntCoRoadName,IntCoMP
2019,23,633822,3,01-11-2019,20:25,11,1,Jan,,53,Pierce,0,1,0,3,1,2,1,0,6,4,,,,12,0,1,Front-to-Rear,48.3,3,0,2,4 Way,3,2,1,3,0,0,3,3,SR-7,176TH ST E,-122.4349444,47.09713333,98448,0,3,98,Others,53,3,40,6,0,0,1,7,12,1,1,4,2,5,Others,3,2,53,,0,54,31,1988,0,0,12,,,,,,1,1,72,1,7,1,4,0,3,0,11,4,12/18/2017,12:40,1.96E+11,55681,0,0,0,3,1,48,0,0,0,96,,,,,,99,,,,,,98117,53,70,190,6,1,0,0,0,0,0,97,,,,,,0,,,20,0,0,0,0,9,8,,,0,0,0,8,9,0,0,0,0,0,0,0,0,0,996,,,,,,,,,,,,,,,,,,,,,,,,,,,,,,0,0,0,1,1,0,0,0,0,0,0,0,0,0,0,0,0,0,0,0,0,0,0,0,0,1,1,0,0,1,0,0,0,0,0,,1,0,0,0,0,0,0,0,0,0,0,0,0,0,0,0,,,,,,71-75,66-75,City street,U,Wednesday,Belt Used,PV,White,1,0,0,0,City Street,Municipal/City Police,Seattle Police Department,0,0,0,1,0,,,,,,,,,,,,,,,,,,,,,,,,,,,,,,,,,,,,,,,,,,,
2019,23,633821,3,01-11-2019,20:25,11,1,Jan,,53,Pierce,0,1,0,3,1,2,1,0,6,4,,,,12,0,1,Front-to-Rear,48.3,3,0,2,4 Way,3,2,1,3,0,0,3,3,SR-7,176TH ST E,-122.4349444,47.09713333,98448,0,2,21,Others,53,3,40,34,0,0,1,7,12,1,1,4,2,5,Others,1,1,53,,0,48,401,2014,0,0,12,,,,,,1,1,64,2,0,0,1,0,3,0,11,0,,,,,0,0,0,3,1,0,0,0,0,0,,,,,,0,,,,,,98117,53,72,180,6,1,0,0,1,1,0,0,,,,,,0,08-15-2014,09-15-2015,8,0,0,0,8,9,8,,,0,0,0,8,1,0,0,0,0,0,0,0,0,0,996,,,,,,,,,,,,,,,,,,,,,,,,,,,,,,0,0,0,1,1,0,0,0,0,0,0,0,0,0,0,0,0,0,0,0,0,0,0,0,0,1,1,0,0,1,0,0,0,0,0,,0,0,0,0,0,0,0,0,0,0,0,0,0,0,0,1,,,,,,61-65,56-65,City street,U,Wednesday,Belt Used,PV,Not Fatal,1,0,0,0,City Street,Municipal/City Police,Seattle Police Department,0,0,0,1,0,,,,,,,,,,,,,,,,,,,,,,,,,,,,,,,,,,,,,,,,,,,
2019,23,633820,3,01-11-2019,20:25,11,1,Jan,,53,Pierce,0,1,0,3,1,2,1,0,6,4,,,,12,0,1,Front-to-Rear,48.3,3,0,2,4 Way,3,2,1,3,0,0,3,3,SR-7,176TH ST E,-122.4349444,47.09713333,98448,0,1,20,Others,50,3,40,4,0,0,1,7,12,1,1,4,2,1,Going Straight,1,2,53,,0,23,401,2000,0,0,8,,,,,,1,1,27,2,0,0,0,0,99,0,11,0,,,,,0,0,3,3,1,0,0,0,0,93,,,,,,9,,,,,,98125,53,61,125,6,1,0,1,1,2,0,97,,,,,,0,03-15-2012,12-15-2016,99,0,0,0,8,9,8,,,0,0,0,8,1,2,605,0,0,1,0,0,2,1,0.14,,,,,,,,,,,,,,,,,,,,,,,,,,,,,,0,0,0,1,1,1,1,1,1,1,0,1,0,0,0,0,1,0,0,0,0,0,0,0,0,0,0,0,0,1,0,1,0,0,0,,0,0,0,0,0,1,1,1,1,0,0,0,0,0,0,1,,,,,,26-30,26-35,City street,U,Sunday,Unknown,PV,Not Fatal,1,0,0,0,City Street,Municipal/City Police,Seattle Police Department,0,0,0,1,0,thc,2,carboxy-thc,53,,,,,,,,,,,,,,,,,,,,,,,,,,,,,,,,,,,,,,,
2018,23,633100,4,01-25-2018,05:46,25,1,Jan,0,1,Adams,0,1,0,2,4,2,1,0,2,1,05:48,06:09,06:47,1,0,0,No vehicle,232.7,1,0,1,No intersection,1,1,1,1,0,0,0,0,I-90,,-118.1534111,47.23325,,0,1,2,Control/Traction Loss,6,1,70,34,0,0,1,2,1,1,1,2,2,1,Going Straight,2,2,53,,0,20,481,2003,0,0,12,63,40,,,,1,1,31,1,0,0,1,0,3,0,11,8,,,,,0,0,0,3,1,0,0,0,0,96,,,,,,9,,,,,,98146,53,69,160,6,1,0,3,0,1,,97,,,,,,0,03-15-2014,08-15-2017,1,0,0,0,8,9,8,,,0,0,0,8,1,2,1,,,1,,,2,1,0.23,,,,,,,,,,,,,,,,,,,,,,,,,,,,,,0,0,0,1,1,1,0,1,0,0,0,0,0,0,0,0,0,0,0,0,0,0,0,0,0,0,0,0,0,1,0,0,0,0,0,,0,0,0,0,0,1,0,1,0,0,0,0,0,1,0,1,,,,,,31-35,26-35,City street,U,Monday,Belt Used,PV,Not Fatal,1,0,0,0,City Street,Municipal/City Police,Seattle Police Department,0,0,0,1,0,,,,,,0,0,0,,,,,,,,,,,,,,,,,,,,,,,,,,,,,,,,,,,
2017,23,632353,22,01-21-2017,02:17,21,1,Jan,0,27,Grays Harbor,0,10,0,2,2,2,1,0,1,1,,,,42,0,0,No vehicle,5.2,1,0,1,No intersection,6,1,2,4,0,0,0,0,CR- E SATSOP RD,,-123.4862944,47.06386944,98541,0,1,6,Drive off road,12,2,45,34,0,0,1,2,1,2,1,2,1,14,Making a U turn,1,1,53,,0,7,24,2013,0,0,12,,,,,,1,1,41,1,7,1,4,7,3,0,11,0,10-01-2018,14:31,1.96E+11,43046,0,0,0,3,1,0,0,0,0,96,,,,,,99,,,,,,98103,53,70,190,6,1,0,0,0,0,,0,,,,,,0,,,8,0,0,0,0,9,8,,,0,0,0,8,9,2,1,,,1,,,2,1,0,,,,,,,,,,,,,,,,,,,,,,,,,,,,,,0,0,0,1,1,1,0,1,0,0,0,0,0,0,0,0,0,0,0,0,0,0,0,0,0,0,0,0,0,1,0,0,0,0,0,,1,0,0,0,0,0,0,0,0,0,0,0,0,0,0,0,,,,,,41-45,36-45,City street,U,Monday,Belt Used,PV,White,1,0,0,0,City Street,Municipal/City Police,Seattle Police Department,0,0,0,1,0,,,,,,0,0,0,,,,,,,,,,,,,,,,,,,,,,,,,,,,,,,,,,,
2021,24,635361,263,01-22-2021,17:38,22,1,Jan,,33,King,1960,1,,6,1,2,1,1,1,1,,,,8,0,0,No vehicle,0,3,0,3,T Intersection,3,2,1,3,0,0,0,0,SR-519,S MASSACHUSETTS ST,-122.3290639,47.58827222,98134,0,1,13,Pedestrian/Animal,80,5,98,20,0,0,1,5,8,8,8,3,5,1,Going Straight,1,1,53,,0,20,481,2015,0,0,12,12,8,,,,1,1,24,1,0,0,0,0,3,0,11,0,,,,,0,0,0,3,1,38,39,0,0,96,,,,,,0,,,,,,98065,53,69,144,6,1,0,0,0,2,0,0,,,,,,0,06-15-2015,06-15-2016,20,0,0,0,8,9,2,,,0,0,0,0,0,0,0,0,0,0,0,0,0,0,996,,,,,,,,,,,,,,,,,,,,,,,,,,,,,,0,0,0,1,0,0,0,0,0,0,0,0,0,0,0,0,0,0,1,0,0,0,0,1,1,0,0,0,0,1,0,1,0,0,0,,0,0,0,0,0,0,0,0,0,0,1,0,0,0,0,0,,,,,,21-25,16-25,City street,U,Thursday,Belt Used,PV,Not Fatal,1,0,0,0,City Street,Municipal/City Police,Seattle Police Department,0,0,0,1,0,,,,,,,,,,,,,,,,,,,,,,,,,,,,,,,,,,,,,,,,,,,
2020,24,634601,1,01-23-2020,12:22,23,1,Jan,,39,Klickitat,0,2,,1,2,2,1,0,1,1,12:26,12:45,,42,0,0,No vehicle,2.7,1,0,1,No intersection,7,1,2,4,0,0,0,0,CR-GARRISON RD,,-120.9751083,45.89468056,98620,0,1,6,Drive off road,12,2,98,14,0,0,1,2,42,2,2,2,1,14,Making a U turn,1,1,53,,0,37,32,2010,0,0,12,,,,,,1,1,49,2,0,0,0,0,3,0,11,0,,,,,0,0,3,3,1,0,0,0,0,0,,,,,,0,,,,,,98148,53,72,170,6,1,0,0,0,0,0,0,,,,,,0,,,1,0,0,0,8,9,8,,,0,0,0,8,0,0,0,0,0,0,0,0,0,0,996,,,,,,,,,,,,,,,,,,,,,,,,,,,,,,0,0,0,1,0,0,0,0,0,0,0,0,0,0,0,0,0,0,1,0,0,0,0,1,1,0,0,0,0,1,0,1,0,0,0,,0,0,0,0,0,0,0,0,0,0,0,0,0,0,0,0,,,,,,46-50,46-55,City street,U,Thursday,Belt Used,PV,Not Fatal,1,0,0,0,City Street,Municipal/City Police,Seattle Police Department,0,0,0,1,0,,,,,,,,,,,,,,,,,,,,,,,,,,,,,,,,,,,,,,,,,,,
2019,24,633833,25,01-18-2019,02:32,18,1,Jan,,33,King,0,99,0,3,2,2,1,0,1,1,,,,42,0,0,No vehicle,2,1,0,1,No intersection,5,1,2,4,0,0,0,0,CR-272ND AVE SE,,-121.9795,47.35856667,98051,0,1,6,Drive off road,12,2,35,80,0,0,1,7,42,2,1,2,1,1,Going Straight,1,1,53,,0,58,37,2006,0,0,12,,,,,,1,1,37,1,0,0,0,0,3,0,11,0,,,,,0,0,0,3,1,0,0,0,0,0,,,,,,0,,,,,,98199,53,70,190,6,1,0,0,0,1,0,0,,,,,,0,10-15-2013,10-15-2013,20,0,0,0,8,9,8,,,0,0,0,8,0,0,0,0,0,0,0,0,0,0,996,,,,,,,,,,,,,,,,,,,,,,,,,,,,,,0,0,0,1,0,0,0,0,0,0,0,0,0,0,0,0,0,0,1,0,0,0,0,1,1,0,0,0,0,1,0,1,0,0,0,,0,0,0,0,0,0,0,0,0,0,0,0,0,0,0,0,,,,,,36-40,36-45,City street,U,Thursday,Belt Used,PV,Not Fatal,1,0,0,0,City Street,Municipal/City Police,Seattle Police Department,0,0,0,1,0,,,,,,,,,,,,,,,,,,,,,,,,,,,,,,,,,,,,,,,,,,,
2018,24,633102,278,01-26-2018,17:22,26,1,Jan,0,63,Spokane,2110,1,0,2,1,2,1,2,4,2,17:24,17:28,,8,0,0,No vehicle,284,1,0,1,No intersection,3,2,1,2,0,0,0,0,US-2,,-117.4114667,47.72756389,99218,0,2,98,Others,80,5,45,4,0,0,1,7,8,1,1,7,5,1,Going Straight,2,1,53,,0,62,401,2003,0,0,8,,,,,,1,1,60,1,0,0,0,0,3,0,11,0,,,,,0,0,0,3,1,0,0,0,0,0,,,,,,0,,,,,,98003,53,72,185,6,1,0,4,1,7,6,0,,,,,,0,10-15-2012,01-15-2017,20,0,0,0,8,3,2,,,0,0,0,0,0,0,0,0,0,0,0,0,0,0,996,,,,,,,,,,,,,,,,,,,,,,,,,,,,,,0,0,0,0,0,0,0,0,0,1,1,1,0,0,0,0,0,0,0,0,0,0,0,0,0,0,0,0,0,1,0,1,0,0,0,,0,0,0,0,0,0,0,0,0,0,0,0,0,0,0,0,,,,,,56-60,56-65,State route,U,Saturday,Belt Used,PV,Not Fatal,0,0,0,0,State Route,Municipal/City Police,Kent Police Department,0,1,0,0,0,,,,,,,,,,,,,,,,,,,,,,,,,,,,,,,,,,,,,,,,,,,
2018,24,633101,278,01-26-2018,17:22,26,1,Jan,0,63,Spokane,2110,1,0,2,1,2,1,2,4,2,17:24,17:28,,8,0,0,No vehicle,284,1,0,1,No intersection,3,2,1,2,0,0,0,0,US-2,,-117.4114667,47.72756389,99218,0,1,13,Pedestrian/Animal,80,5,45,4,0,0,1,7,8,1,1,7,5,1,Going Straight,2,2,53,,0,72,706,2014,0,0,63,33,30,31,,,1,1,29,1,7,,4,7,20,7,11,0,12-06-2019,14:22,1.96E+11,54014,0,0,0,2,1,0,0,0,0,96,,,,,,99,,,,,,3869,33,67,210,6,1,0,0,0,0,,0,,,,,,3,,,20,8,0,0,0,9,8,,,0,0,0,8,9,2,1,,,1,,,2,1,0.24,,,,,,,,,,,,,,,,,,,,,,,,,,,,,,0,0,1,0,1,1,0,1,0,0,0,0,1,0,1,0,0,0,0,0,0,0,0,0,0,0,0,0,1,0,0,0,0,0,1,1,0,0,0,0,0,1,0,1,0,1,0,0,0,1,0,1,,,,,,26-30,26-35,City street,U,Friday,,MC,White,0,1,0,0,City Street,Municipal/City Police,Seattle Police Department,1,0,0,1,0,,,,,,0,0,0,,,,,,,,,,,0,0,0,1,,,,,17,7,,,,,,,,,,,,,,,
2017,24,632356,35,01-22-2017,01:59,22,1,Jan,0,53,Pierce,0,2,0,2,2,2,1,0,1,1,01:57,02:07,,1,0,0,No vehicle,0.3,1,0,1,No intersection,4,2,2,4,0,0,0,0,CR-LOMBARD DR NW,,-122.6267472,47.3275,98335,0,1,98,Others,12,2,35,14,0,0,1,2,1,1,1,2,1,1,Going Straight,1,1,53,,0,37,32,1998,0,0,63,53,69,68,64,42,1,1,18,1,7,,4,7,20,7,11,0,04/20/2019,05:43,53018752,18752,0,0,0,3,1,58,0,0,0,93,,,,,,99,,,,,,99001,53,65,165,6,2,0,1,0,0,,0,,,,,,3,09-15-2017,09-15-2017,1,0,0,0,0,9,8,,,0,0,0,8,9,2,605,695,,1,1,,2,1,0.2,,,,,,,,,,,,,,,,,,,,,,,,,,,,,,0,0,1,0,1,1,1,1,1,0,0,0,1,0,0,0,1,0,0,1,0,1,1,0,1,0,0,0,0,1,0,0,0,1,0,,1,0,0,0,0,1,1,1,1,1,0,0,0,0,0,1,,,,,,18-20,16-25,County road,U,Saturday,Not Used,PV,White,0,1,0,0,County Road,County Sheriff,Spokane County Sheriff's Office,1,0,1,0,0,thc,8.2,carboxy-thc,35,,0,0,0,,,,,,,,,,,0,0,0,1,,,,,20,7,,,,,,,,,,,,,,,
2021,25,635369,1,01-01-2021,16:45,1,1,Jan,,77,Yakima,2400,2,,2,2,2,1,0,3,2,,,,12,0,2,Front-to-Front,67.8,1,0,1,No intersection,4,2,1,2,0,3,0,0,US-97,,-120.4229806,46.43674167,98951,0,2,52,Others,54,3,55,34,0,0,1,2,12,1,1,2,3,1,Going Straight,2,1,53,,0,49,47,2005,0,0,71,21,,,,,1,1,25,2,7,1,4,7,20,0,11,0,11-06-2017,01:08,1.96E+11,48798,0,0,3,3,1,0,0,0,0,96,,,,,,99,,,,,,98199,53,70,170,6,1,0,0,0,0,0,0,,,,,,0,,,1,0,0,0,0,9,8,,,0,0,0,8,9,2,402,407,605,1,1,1,2,1,0,,,,,,,,,,,,,,,,,,,,,,,,,,,,,,0,0,0,1,0,0,1,1,1,0,0,0,0,0,0,0,0,0,0,1,0,0,0,1,1,0,0,0,0,1,0,0,0,1,0,,1,0,0,0,0,0,1,1,0,0,0,0,0,0,1,0,,,,,,21-25,16-25,City street,U,Monday,Not Used,PV,White,1,0,0,0,City Street,Municipal/City Police,Seattle Police Department,0,0,0,1,0,thc,1,,,,,,,,,,,,,,,,,,,,,,,,,,,,,,,,,,,,,,,,,
2021,25,635368,1,01-01-2021,16:45,1,1,Jan,,77,Yakima,2400,2,,2,2,2,1,0,3,2,,,,12,0,2,Front-to-Front,67.8,1,0,1,No intersection,4,2,1,2,0,3,0,0,US-97,,-120.4229806,46.43674167,98951,0,1,52,Others,54,3,55,34,0,0,1,2,12,1,1,2,3,1,Going Straight,1,1,53,,0,12,401,2006,0,0,8,,,,,,1,1,39,2,0,0,0,0,99,0,11,0,,,,,0,0,0,3,1,0,0,0,0,92,,,,,,9,,,,,,98144,53,68,175,6,1,0,1,1,0,0,7,,,,,,0,12-15-2014,12-15-2014,20,0,0,0,8,9,8,,,0,0,0,8,1,0,0,0,0,0,0,0,0,0,996,,,,,,,,,,,,,,,,,,,,,,,,,,,,,,0,0,0,0,1,0,0,0,0,0,0,0,0,0,0,0,1,1,0,0,0,0,0,0,0,0,0,0,0,1,0,1,0,0,0,,0,0,0,0,0,0,0,0,1,0,0,0,0,0,0,1,,,,,,36-40,36-45,City street,U,Sunday,Unknown,PV,Not Fatal,0,0,0,0,City Street,Municipal/City Police,Tukwila Police Department,0,0,0,1,0,,,,,,,,,,,,,,,,,,,,,,,,,,,,,,,,,,,,,,,,,,,
2020,25,634604,184,01-31-2020,18:58,31,1,Jan,,61,Snohomish,1215,2,,3,2,2,1,1,3,1,,,,8,0,0,No vehicle,40.1,3,0,2,4 Way,3,2,1,3,0,0,3,3,SR-99,200TH ST SW,-122.3181833,47.81758611,98026,0,1,13,Pedestrian/Animal,80,5,45,34,0,0,1,5,8,1,1,7,1,1,Going Straight,3,1,53,,0,53,706,2004,0,0,68,64,1,,,,1,1,24,1,7,,4,0,20,7,11,8,09/25/2019,22:00,2.11E+11,42364,0,0,0,3,1,0,0,0,0,96,,,,,,9,,,,,,99201,53,75,250,6,1,0,0,0,0,,0,,,,,,4,,,20,8,0,0,0,9,8,,,0,0,0,8,1,2,1,,,1,,,2,1,0,,,,,,,,,,,,,,,,,,,,,,,,,,,,,,0,0,1,0,1,0,0,0,0,0,0,0,1,0,0,0,0,0,0,0,0,0,0,1,1,0,0,0,1,0,0,0,0,0,1,0,0,0,0,0,0,0,0,0,0,1,0,0,0,0,0,1,,,,,,21-25,16-25,City street,U,Wednesday,,MC,White,0,1,0,0,City Street,Municipal/City Police,Spokane Valley Police Department,1,0,0,1,0,,,,,,0,0,0,,,,,,,,,,,0,0,0,1,,,,,19,0,,,,,,,,,,,,,,,
2019,25,633839,40,01-25-2019,18:57,25,1,Jan,,63,Spokane,0,10,0,2,1,2,1,1,1,1,,,,8,0,0,No vehicle,1.2,3,0,3,T Intersection,4,2,2,4,0,0,0,0,CR-E 57TH AVE,S HAILEE LN,-117.3637139,47.602175,99223,0,1,13,Pedestrian/Animal,80,5,35,14,0,0,1,5,8,1,1,3,5,1,Going Straight,1,1,53,,0,35,43,2000,0,0,8,,,,,,1,1,61,1,0,,0,0,98,7,11,0,,,,,0,0,0,3,1,0,0,0,0,92,,,,,,99,,,,,,98036,53,71,179,6,1,0,0,0,0,,97,,,,,,0,,,98,0,0,0,8,9,8,,,0,0,0,8,9,8,95,,,96,,,8,95,995,,,,,,,,,,,,,,,,,,,,,,,,,,,,,,0,0,0,1,0,0,0,0,0,0,0,0,0,0,0,0,1,0,0,0,0,0,0,0,0,0,0,0,0,1,0,1,0,0,0,,0,0,0,0,0,0,0,0,1,0,0,0,0,0,0,0,,,,,,61-65,56-65,State route,U,Friday,Unknown,PV,Not Fatal,1,0,0,0,State Route,Municipal/City Police,Seattle Police Department,0,1,0,0,0,,,,,,0,0,0,,,,,,,,,,,98,98,98,0,,,,,20,7,,,,,,,,,,,,,,,
2017,25,632359,8,01-20-2017,13:15,20,1,Jan,0,31,Jefferson,0,10,0,1,1,2,1,0,5,3,,,,12,0,2,Front-to-Front,3.6,1,0,1,No intersection,4,1,1,3,0,0,0,0,SR-19,,-122.734225,47.94018889,98365,0,3,98,Others,62,4,50,4,0,0,1,2,1,3,1,2,1,14,Making a U turn,2,1,53,,0,12,881,2008,0,0,8,,,,,,1,1,28,1,0,,0,0,99,7,11,0,,,,,0,0,0,3,1,0,0,0,0,0,,,,,,0,,,,,,98032,53,71,165,6,1,0,0,0,0,,0,,,,,,0,,,20,0,0,0,8,9,2,,,0,0,0,0,0,8,95,,,96,,,8,95,995,,,,,,,,,,,,,,,,,,,,,,,,,,,,,,0,0,0,1,0,0,0,0,0,0,0,0,0,0,0,0,0,0,0,0,0,0,0,0,0,0,0,0,0,0,1,1,0,0,0,,0,0,0,0,0,0,0,0,0,0,0,0,0,0,0,0,,,,,,26-30,26-35,State route,U,Monday,,MHTRUCK,Not Fatal,1,0,0,0,State Route,Municipal/City Police,Seattle Police Department,0,1,0,0,0,,,,,,0,0,0,,,,,,,,,,,98,98,98,0,,,,,20,7,,,,,,,,,,,,,,,
2017,25,632358,8,01-20-2017,13:15,20,1,Jan,0,31,Jefferson,0,10,0,1,1,2,1,0,5,3,,,,12,0,2,Front-to-Front,3.6,1,0,1,No intersection,4,1,1,3,0,0,0,0,SR-19,,-122.734225,47.94018889,98365,0,2,51,Lateral Move(Going Straight),62,4,50,61,0,0,1,2,12,3,1,2,1,14,Making a U turn,2,3,53,,0,35,402,2007,0,0,68,64,69,68,12,63,1,1,59,1,0,0,0,0,98,0,11,0,,,,,0,0,0,3,1,0,0,0,0,6,,,,,,99,,,,,,98335,53,68,190,6,1,0,0,0,0,0,97,,,,,,3,,,98,0,0,0,8,9,2,,,0,0,0,0,9,0,0,0,0,0,0,0,0,0,996,,,,,,,,,,,,,,,,,,,,,,,,,,,,,,0,0,0,0,0,0,1,1,1,0,0,0,1,0,0,0,1,0,0,0,0,0,0,0,0,0,0,0,0,1,0,0,0,0,0,,0,0,0,0,0,0,0,0,1,1,0,0,0,0,0,0,,,,,,56-60,56-65,City street,U,Monday,Unknown,PV,Not Fatal,0,1,0,0,City Street,Municipal/City Police,Seattle Police Department,1,0,0,1,0,,,,,,,,,,,,,,,,,,,,,,,,,,,,,,,,,,,,,,,,,,,
2017,25,632357,8,01-20-2017,13:15,20,1,Jan,0,31,Jefferson,0,10,0,1,1,2,1,0,5,3,,,,12,0,2,Front-to-Front,3.6,1,0,1,No intersection,4,1,1,3,0,0,0,0,SR-19,,-122.734225,47.94018889,98365,0,1,50,Lateral Move(Left/Right),10,2,50,14,0,0,1,2,12,2,1,2,1,14,Making a U turn,1,1,53,,0,37,32,1997,0,0,12,63,42,,,,1,1,35,1,7,1,4,0,98,0,11,4,03/14/2017,14:33,1.96E+11,13714,0,0,0,3,1,0,0,0,0,92,,,,,,0,,,,,,98043,53,70,170,6,1,0,2,0,0,1,0,,,,,,0,11-15-2013,06-15-2015,98,0,0,0,0,9,2,,,0,0,0,0,9,2,605,0,0,1,0,0,2,1,0,,,,,,,,,,,,,,,,,,,,,,,,,,,,,,0,0,0,0,0,0,1,1,1,0,0,0,1,0,0,0,1,0,0,0,0,0,0,0,0,0,0,0,0,1,0,0,0,0,0,,1,0,0,0,0,0,1,1,1,0,0,0,0,0,1,0,,,,,,31-35,26-35,City street,U,Monday,Unknown,PV,White,0,1,0,0,City Street,Municipal/City Police,Seattle Police Department,1,0,0,1,0,thc,2.7,carboxy-thc,24,,,,,,,,,,,,,,,,,,,,,,,,,,,,,,,,,,,,,,,
2020,26,634609,3,01-30-2020,21:21,30,1,Jan,,53,Pierce,0,2,,2,2,2,1,0,2,2,21:25,21:34,22:06,12,0,6,Angle,4.6,4,0,1,No intersection,3,2,1,3,0,3,0,0,SR-167,,-122.3237,47.20729444,98371,0,2,83,Others,67,4,45,34,0,0,1,2,12,1,1,5,5,1,Going Straight,1,1,41,,0,49,471,1979,0,0,8,,,,,,1,1,78,1,0,,0,0,3,0,11,0,,,,,0,0,3,3,1,38,91,0,0,96,,,,,,9,,,,,,98166,53,72,130,6,1,0,0,0,0,,1,11,,,,,0,,,20,0,0,0,8,9,2,,,0,0,0,1,0,8,95,,,96,,,8,95,995,,,,,,,,,,,,,,,,,,,,,,,,,,,,,,0,0,0,0,0,0,0,0,0,0,0,0,0,0,0,0,0,0,1,0,0,0,0,0,0,1,1,1,0,1,0,1,0,0,0,,0,0,0,0,0,0,0,0,0,0,1,0,0,0,0,0,,,,,,76-80,76+,City street,U,Wednesday,Belt Used,PV,Not Fatal,0,0,0,0,City Street,Municipal/City Police,Seattle Police Department,0,0,0,1,0,,,,,,0,0,0,,,,,,,,,,,0,0,0,0,,,,,20,7,,,,,,,,,,,,,,,
2021,26,635372,5,01-25-2021,07:56,25,1,Jan,,41,Lewis,0,4,,4,10,2,2,0,3,2,,,,12,0,6,Angle,9,1,0,1,No intersection,4,1,1,3,0,0,0,0,SR-7,,-122.2000278,46.66132778,98356,0,2,66,Specific Other,62,4,55,34,0,0,1,2,12,1,1,2,1,1,Going Straight,1,1,53,,0,98,998,1998,0,0,64,42,,,,,1,1,81,1,7,,4,7,20,7,11,0,03/29/2019,10:58,53014858,14858,0,0,0,1,1,0,0,0,0,92,,,,,,1,,,,,,99216,53,71,220,6,1,0,0,0,0,,0,,,,,,0,,,20,2,9,0,0,9,8,,,0,0,0,8,1,2,1,,,1,,,2,1,0,,,,,,,,,,,,,,,,,,,,,,,,,,,,,,0,0,1,1,1,0,0,0,0,0,0,0,0,0,0,0,1,0,0,0,0,0,0,0,0,1,1,1,0,0,0,0,0,0,0,,0,0,0,0,0,0,0,0,1,0,0,0,0,0,0,1,,,,,,81+,76+,Other,R,Friday,,OTHVT,White,0,1,0,0,Other,County Sheriff,Chelan County Sheriff's Office,1,0,0,0,1,,,,,,0,0,0,,,,,,,,,,,0,0,0,1,,,,,19,0,,,,,,,,,,,,,,,