year,something,Cases,repjur,crash_dt,crash_tm,accday,Month,Month,holiday,county,co_char,city,weather,weather2,lightcond,surfcond,surftype,Number of Fatalities,nmforms,pforms,vforms,not_tm,arr_tm,hosp_tm,fhevent,hitrun,Manner of Collision,Manner of Collision,milepnt,reljunc,reljuncinter,intersectiontype,Intersection Type,funcsystem,landuse,ownership,route,schlbus,spejur,contdev,devfunc,trafid1,trafid2,x,y,zipcode,wk_zone,vnumber,crashtype,Crash Type,criticalevent,criticaleventcat,spdlim,body,trailer,emerg,hazcargo,leave,mhevent,roadalgn,roadprof,traflane,trafflow,Vehicle Manure,Vehicle Manure,numoccs,regowner,regstate,,spuse,make,model,modelyr,vrf1,vrf2,seqevent1,seqevent2,seqevent3,seqevent4,seqevent5,seqevent6,pnumber,ptype,age,sex,hispanic,race,injury,diedscene,restraint,restraintmisuse,seatpos,takehosp,death_dt,death_tm,cert,cernum_wa,commlic,licendor,licrestrict,liccomp,drivpres,drf1,drf2,drf3,drf4,distract1,distract2,distract3,distract4,distract5,distract6,dricond1,dricond2,dricond3,dricond4,dricond5,dricond6,dzip,licstate,drhgt_in,weight,noncdl,noncdltype,prevdwi,prevoth,prevacc,prevspd,prevsus,driviol1,driviol2,driviol3,driviol4,driviol5,driviol6,spdrel,first_dt,last_dt,airbag,ejection,ejectpath,extricat,injurwrk,methalc,methdrug,nmlocat,strikveh,prf1,prf2,prf3,druginv,alcinvol,drugsts,drugres1,drugres2,drugres3,drugtst1,drugtst2,drugtst3,alcsts,alctst,alcres,nmact1,nmact2,nmact3,nmact4,nmact5,nmact6,nmprior1,nmprior2,nmprior3,nmprior4,nmprior5,nmprior6,nmcond1,nmcond2,nmcond3,nmcond4,nmcond5,nmcond6,nmsafe_helmet,nmsafe_pads,nmsafe_oth,nmprev_ref,nmprev_lgt,nmprev_oth,crashlocation,nmcrashtype,crosswalk,schoolzone,sidewalk,train_inv,wildlife_inv,rotr_fars,intersect_fars,Drink and Drive,aid_inv,Drug Positive Drivers,Impaired Drivers,Marijuana Positive,impnm_inv,ainm_inv,dpnm_inv,speed_inv,unlic_inv,unendmc_inv,drowsy_inv,drdist_inv,nmdist_inv,fty_inv,unrestfat_inv,dr1617_inv,dr1820_inv,dr1620_inv,dr2125_inv,dr1625_inv,dr65_inv,dr70_inv,dr75_inv,mc_inv,pv_inv,ht_inv,ped_inv,bike_inv,unrest_fat,mc_fat,unhelmet_mc,pv_fat,ht_fat,ped_fat,bike_fat,dr_alc7,dr_alc8,dr_drug,dr_imp,dr_dist,dr_spd,dr_fty,dr_unlic,dr_alc7only,dr_alc8only,dr_drugonly,dr_drink,nm_imp,nm_alc7,nm_alc8,nm_drug,nm_dist,agegrp1,agegrp2,roadclass,urbrur,dayweek,restuse,vehtype,race_me,intersect,lanedep,oppdir,wrongway,rep_typ,investag,repag_long,rotr,st_rd,cty_rd,city_rd,oth_rd,drug_thc,thc_res,drug_cthc,cthc_res,drug_cann,prevpersemin,prevperse,prevsusoth,drugtst4,drugtst5,drugtst6,drugtst7,drugtst8,drugres4,drugres5,drugres6,drugres7,drugres8,adspresent,adsengaged,adslevel,race1,race2,race3,race4,race5,helmet,helmetmisuse,nmdistract1,nmdistract2,nmdistract3,nmdistract4,nmdistract5,nmdistract6,lab,isedtcase,crf1,crf2,crf3,CoRoadName,CoMP,IntCoRoadName,IntCoMP
2021,26,635371,5,01-25-2021,07:56,25,1,Jan,,41,Lewis,0,4,,4,10,2,2,0,3,2,,,,12,0,6,Angle,9,1,0,1,No intersection,4,1,1,3,0,0,0,0,SR-7,,-122.2000278,46.66132778,98356,0,1,66,Specific Other,6,1,55,14,0,0,1,2,12,1,1,2,1,1,Going Straight,2,1,53,,0,49,32,2001,0,0,12,,,,,,1,1,26,1,7,1,4,7,99,0,11,0,12-08-2017,00:42,1.03E+11,53637,0,0,0,3,1,39,0,0,0,96,,,,,,99,,,,,,83869,16,75,195,6,1,0,6,0,2,0,0,,,,,,0,10-15-2013,11-15-2017,8,0,0,0,0,9,8,,,0,0,0,8,9,2,300,407,605,1,1,1,2,1,0.049,,,,,,,,,,,,,,,,,,,,,,,,,,,,,,0,0,0,1,1,0,1,1,1,0,0,0,0,0,0,0,0,0,0,0,0,0,0,0,0,0,0,0,0,1,1,0,0,0,0,,1,0,0,0,1,0,1,1,0,0,0,0,0,0,0,1,,,,,,26-30,26-35,State route,U,Friday,Unknown,PV,White,1,0,0,0,State Route,Municipal/City Police,Kent Police Department,0,1,0,0,0,thc,5.7,carboxy-thc,11,,,,,,,,,,,,,,,,,,,,,,,,,,,,,,,,,,,,,,,
2020,26,634608,3,01-30-2020,21:21,30,1,Jan,,53,Pierce,0,2,,2,2,2,1,0,2,2,21:25,21:34,22:06,12,0,6,Angle,4.6,4,0,1,No intersection,3,2,1,3,0,3,0,0,SR-167,,-122.3237,47.20729444,98371,0,1,82,Turn Into Opp Direction(Turning Left),15,2,45,4,0,0,1,2,12,1,1,5,5,11,Turning Red: Permitted on red,1,2,53,,0,82,881,2003,0,0,12,,,,,,1,1,32,1,0,0,0,0,3,0,11,0,,,,,6,1,0,3,1,0,0,0,0,0,,,,,,0,,,,,,98118,53,67,120,6,1,0,1,0,0,1,0,,,,,,0,09-15-2014,08-15-2015,20,0,0,0,8,9,8,,,0,0,0,8,0,0,0,0,0,0,0,0,0,0,996,,,,,,,,,,,,,,,,,,,,,,,,,,,,,,0,0,0,1,1,0,1,1,1,0,0,0,0,0,0,0,0,0,0,0,0,0,0,0,0,0,0,0,0,1,1,0,0,0,0,,0,0,0,0,0,0,0,0,0,0,0,0,0,0,0,0,,,,,,31-35,26-35,State route,U,Friday,,MHTRUCK,Not Fatal,1,0,0,0,State Route,Municipal/City Police,Kent Police Department,0,1,0,0,0,,,,,,,,,,,,,,,,,,,,,,,,,,,,,,,,,,,,,,,,,,,
2019,26,633840,29,01-13-2019,03:32,13,1,Jan,,27,Grays Harbor,0,5,0,2,2,2,1,0,1,1,,,,42,0,0,No vehicle,1.6,1,0,1,No intersection,5,1,2,4,0,0,0,0,CR-GARRARD CREEK RD,,-123.3004917,46.80168056,98568,0,1,6,Drive off road,12,2,50,34,0,0,1,7,42,2,1,2,1,14,Making a U turn,1,2,53,,0,20,401,2000,0,0,63,42,1,42,,,1,1,18,2,0,0,2,0,99,0,11,8,,,,,0,0,0,0,1,91,0,0,0,93,,,,,,9,,,,,,98948,53,70,297,0,0,0,1,0,0,0,2,12,,,,,0,12-15-2017,12-15-2017,20,0,0,0,8,9,8,,,0,0,0,8,1,0,0,0,0,0,0,0,0,0,996,,,,,,,,,,,,,,,,,,,,,,,,,,,,,,0,0,1,0,1,0,0,0,0,0,0,0,0,1,0,0,1,0,0,1,0,1,1,0,1,0,0,0,0,1,0,0,0,0,0,,0,0,0,0,0,0,0,0,1,0,0,1,0,0,0,1,,,,,,18-20,16-25,County road,R,Thursday,Unknown,PV,Not Fatal,0,1,0,0,County Road,Other Law Enforcement,Yakama Tribal Police Department,1,0,1,0,0,,,,,,,,,,,,,,,,,,,,,,,,,,,,,,,,,,,,,,,,,,,
2018,26,633105,2,01-15-2018,17:54,15,1,Jan,2,57,Skagit,0,1,0,2,1,2,1,0,2,2,,,,12,0,6,Angle,4.9,2,0,2,4 Way,4,1,2,4,0,0,0,0,CR-JOSH WILSON RD,FARM TO MARKET RD,-122.4444083,48.48668056,,0,2,88,Striking from the Left,66,4,50,34,0,0,1,7,12,8,8,2,1,1,Going Straight,1,3,53,,0,37,32,1994,0,0,68,64,42,,,,1,1,43,2,7,3,4,7,20,0,11,0,07/23/2017,15:51,53032129,32129,0,0,3,2,1,0,0,0,0,96,,,,,,99,,,,,,98948,53,62,135,1,1,0,0,0,0,2,0,,,,,,0,03-15-2016,03-15-2017,1,0,0,0,0,9,8,,,0,0,0,8,9,2,1,0,0,1,0,0,2,1,0.34,,,,,,,,,,,,,,,,,,,,,,,,,,,,,,0,0,1,0,1,1,0,1,0,0,0,0,0,1,0,0,0,0,0,1,0,0,0,0,0,0,0,0,0,1,0,0,0,1,0,,1,0,0,0,0,1,0,1,0,0,0,1,0,1,0,1,,,,,,41-45,36-45,Other,,Sunday,Not Used,PV,AIAN,0,1,0,0,Other,Other Law Enforcement,Yakama Tribal Police Department,1,0,0,0,1,,,,,,,,,,,,,,,,,,,,,,,,,,,,,,,,,,,,,,,,,,,
2018,26,633104,2,01-15-2018,17:54,15,1,Jan,2,57,Skagit,0,1,0,2,1,2,1,0,2,2,,,,12,0,6,Angle,4.9,2,0,2,4 Way,4,1,2,4,0,0,20,3,CR-JOSH WILSON RD,FARM TO MARKET RD,-122.4444083,48.48668056,,0,1,89,Others,17,2,50,14,0,0,1,7,12,1,1,2,1,4,Others,1,1,53,,0,7,41,2004,0,0,68,12,,,,,1,1,41,1,0,0,3,0,20,0,11,4,,,,,0,0,3,2,1,28,0,0,0,96,,,,,,9,,,,,,98951,53,68,230,1,1,1,0,0,0,6,97,,,,,,0,07-15-2012,04-15-2016,1,0,0,0,8,9,8,,,0,0,0,8,1,0,0,0,0,0,0,0,0,0,996,,,,,,,,,,,,,,,,,,,,,,,,,,,,,,0,0,0,0,1,0,1,1,0,0,0,0,0,1,0,0,0,0,0,1,0,0,0,0,0,0,0,0,0,1,0,0,0,0,0,,0,0,0,0,0,0,0,0,0,0,0,1,0,0,0,1,,,,,,41-45,36-45,County road,R,Sunday,Not Used,PV,Not Fatal,0,1,1,0,County Road,Other Law Enforcement,Yakama Tribal Police Department,0,0,1,0,0,,,,,,,,,,,,,,,,,,,,,,,,,,,,,,,,,,,,,,,,,,,
2017,26,632367,1,01-23-2017,17:19,23,1,Jan,0,21,Franklin,0,1,0,2,2,2,1,0,8,3,17:28,17:50,18:43,12,0,8,Other,12.5,1,0,1,No intersection,3,1,1,3,0,0,0,0,SR-17,,-119.0447972,46.72812778,,0,3,98,Others,62,4,60,4,0,0,1,2,12,1,1,2,1,1,Going Straight,4,1,53,,0,37,31,1999,0,0,12,,,,,,1,1,34,1,7,3,4,0,3,0,11,4,06-11-2017,03:52,2.59E+11,26286,0,0,0,3,1,0,0,0,0,0,,,,,,0,,,,,,83540,16,66,196,6,1,0,2,0,1,3,0,,,,,,0,02-15-2014,01-15-2016,1,0,0,0,0,9,8,,,0,0,0,8,0,2,401,417,0,1,1,0,2,1,0,,,,,,,,,,,,,,,,,,,,,,,,,,,,,,0,0,0,0,1,0,1,1,0,0,0,0,0,1,0,0,0,0,0,1,0,0,0,0,0,0,0,0,0,1,0,0,0,0,0,,1,0,0,0,0,0,1,1,0,0,0,0,0,0,1,0,,,,,,31-35,26-35,County road,R,Sunday,Belt Used,PV,AIAN,0,1,1,0,County Road,Other Law Enforcement,Yakama Tribal Police Department,0,0,1,0,0,,,,,,,,,,,,,,,,,,,,,,,,,,,,,,,,,,,,,,,,,,,
2017,26,632366,1,01-23-2017,17:19,23,1,Jan,0,21,Franklin,0,1,0,2,2,2,1,0,8,3,17:28,17:50,18:43,12,0,8,Other,12.5,1,0,1,No intersection,3,1,1,3,0,0,0,0,SR-17,,-119.0447972,46.72812778,,0,2,65,Others,62,4,60,4,0,0,1,2,12,1,1,2,1,1,Going Straight,1,1,53,,0,99,999,9999,0,0,8,,,,,,1,1,999,8,0,0,0,0,98,0,11,0,,,,,99,9,9,9,1,0,0,0,0,96,,,,,,98,,,,,,99999,98,,999,9,9,99,99,99,99,,97,,,,,,0,,,98,0,0,0,8,9,8,,,0,0,0,8,8,0,0,,,0,,,0,0,996,,,,,,,,,,,,,,,,,,,,,,,,,,,,,,0,0,0,0,0,0,0,0,0,1,0,1,0,0,0,0,0,0,0,0,0,0,0,0,0,0,0,0,0,0,0,1,0,0,0,,0,0,0,0,0,0,0,0,0,0,0,0,0,0,0,0,,,,,,,,County road,R,Tuesday,,NR-U,Not Fatal,0,0,0,0,County Road,Other Law Enforcement,Yakama Tribal Police Department,0,0,1,0,0,,,,,,99,99,99,,,,,,,,,,,,,,,,,,,,,,,,,,,,,,,,,,,
2017,26,632365,1,01-23-2017,17:19,23,1,Jan,0,21,Franklin,0,1,0,2,2,2,1,0,8,3,17:28,17:50,18:43,12,0,8,Other,12.5,1,0,1,No intersection,3,1,1,3,0,0,0,0,SR-17,,-119.0447972,46.72812778,,0,1,64,Others,10,2,60,4,0,0,1,2,12,1,1,2,1,6,Others,3,1,53,,0,37,32,1995,0,0,12,,,,,,1,1,31,2,0,0,3,0,20,0,11,8,,,,,0,0,0,2,1,39,0,0,0,93,,,,,,99,,,,,,98903,53,66,180,1,1,0,0,0,0,1,97,,,,,,3,05-15-2014,05-15-2014,1,1,9,0,8,9,8,,,0,0,0,8,9,2,417,0,0,1,0,0,2,1,0.05,,,,,,,,,,,,,,,,,,,,,,,,,,,,,,0,0,0,1,1,0,1,1,0,0,0,0,1,1,0,0,1,0,0,0,0,0,0,0,0,0,0,0,0,1,0,0,0,0,0,,0,0,0,0,1,0,1,1,1,1,0,1,0,0,0,1,,,,,,31-35,26-35,County road,R,Monday,Not Used,PV,Not Fatal,1,0,0,0,County Road,Other Law Enforcement,Yakama Tribal Police Department,0,0,1,0,0,,,,,,,,,,,,,,,,,,,,,,,,,,,,,,,,,,,,,,,,,,,
2020,27,634614,6,01-27-2020,06:18,27,1,Jan,,37,Kittitas,0,1,,2,4,2,1,0,4,1,,,,1,0,0,No vehicle,103.3,1,0,1,No intersection,1,1,1,1,0,0,0,0,I-90,,-120.6064444,47.01716111,,0,1,7,Control/Traction Loss,6,1,70,34,0,0,1,2,1,1,1,2,2,1,Going Straight,4,1,53,,0,12,481,2008,0,0,12,63,1,,,,1,1,61,1,0,0,3,0,3,0,11,8,,,,,0,0,3,3,1,0,0,0,0,0,,,,,,0,,,,,,98953,53,65,175,6,1,0,0,0,0,0,0,,,,,,0,,,1,0,0,0,8,9,8,,,0,0,0,8,9,0,0,0,0,0,0,0,0,0,996,,,,,,,,,,,,,,,,,,,,,,,,,,,,,,0,0,0,1,1,0,1,1,0,0,0,0,1,1,0,0,1,0,0,0,0,0,0,0,0,0,0,0,0,1,0,0,0,0,0,,0,0,0,0,0,0,0,0,0,0,0,0,0,0,0,0,,,,,,61-65,56-65,County road,R,Monday,Belt Used,PV,Not Fatal,1,0,0,0,County Road,Other Law Enforcement,Yakama Tribal Police Department,0,0,1,0,0,,,,,,,,,,,,,,,,,,,,,,,,,,,,,,,,,,,,,,,,,,,
2019,27,633842,8,01-18-2019,10:10,18,1,Jan,,49,Pacific,0,2,0,1,2,1,1,0,2,2,,,,12,0,1,Front-to-Rear,62,1,0,1,No intersection,3,1,1,2,0,0,0,0,US-101,,-123.7440111,46.727825,98577,0,2,24,Others,51,3,55,6,0,0,1,2,12,2,2,2,1,14,Making a U turn,1,1,53,,0,7,880,1999,0,0,12,,,,,,1,1,29,1,0,0,1,0,99,0,11,0,,,,,0,0,3,2,1,39,0,0,0,96,,,,,,9,,,,,,98952,53,74,240,1,1,1,0,0,0,1,12,,,,,,0,03-15-2014,05-15-2014,1,0,0,0,8,9,8,,,0,0,0,8,1,0,0,0,0,0,0,0,0,0,996,,,,,,,,,,,,,,,,,,,,,,,,,,,,,,0,0,0,1,1,0,0,0,0,0,0,0,0,1,0,0,0,0,0,0,0,0,0,0,0,1,1,0,0,0,1,0,0,0,0,,0,0,0,0,0,0,0,0,0,0,0,1,0,0,0,1,,,,,,26-30,26-35,State route,R,Sunday,Unknown,MHTRUCK,Not Fatal,1,0,0,0,State Route,Other Law Enforcement,Yakama Tribal Police Department,0,1,0,0,0,,,,,,,,,,,,,,,,,,,,,,,,,,,,,,,,,,,,,,,,,,,
2019,27,633841,8,01-18-2019,10:10,18,1,Jan,,49,Pacific,0,2,0,1,2,1,1,0,2,2,,,,12,0,1,Front-to-Rear,62,1,0,1,No intersection,3,1,1,2,0,0,0,0,US-101,,-123.7440111,46.727825,98577,0,1,25,Others,53,3,55,66,2,0,1,5,12,2,2,2,1,14,Making a U turn,1,3,53,,0,23,481,2001,0,0,12,,,,,,1,1,73,1,0,0,1,0,99,0,11,8,,,,,0,0,3,3,1,0,0,0,0,0,,,,,,0,,,,,,98932,53,73,190,6,1,0,0,0,0,0,0,,,,,,0,,,1,0,0,0,8,9,2,,,0,0,0,0,0,0,0,0,0,0,0,0,0,0,996,,,,,,,,,,,,,,,,,,,,,,,,,,,,,,0,0,0,1,1,0,0,0,0,0,0,0,0,1,0,0,0,0,0,0,0,0,0,0,0,1,1,0,0,0,1,0,0,0,0,,0,0,0,0,0,0,0,0,0,0,0,0,0,0,0,0,,,,,,71-75,66-75,State route,R,Sunday,Unknown,PV,Not Fatal,1,0,0,0,State Route,Other Law Enforcement,Yakama Tribal Police Department,0,1,0,0,0,,,,,,,,,,,,,,,,,,,,,,,,,,,,,,,,,,,,,,,,,,,
2018,27,633106,4,01-25-2018,04:34,25,1,Jan,0,1,Adams,0,1,0,2,4,2,1,0,1,1,04:34,04:48,,1,0,0,No vehicle,216.4,1,0,1,No intersection,1,1,1,1,0,0,0,0,I-90,,-118.4210194,47.1109,99169,0,1,2,Control/Traction Loss,6,1,70,34,0,0,1,2,1,1,1,2,3,1,Going Straight,1,2,53,,0,49,403,2004,0,0,8,,,,,,1,1,29,1,0,0,0,0,3,0,11,0,,,,,0,0,0,2,1,0,0,0,0,0,,,,,,0,,,,,,98952,53,73,280,1,1,0,1,0,0,1,0,,,,,,0,11-15-2016,02-15-2017,20,0,0,0,8,9,2,,,0,0,0,0,0,0,0,0,0,0,0,0,0,0,996,,,,,,,,,,,,,,,,,,,,,,,,,,,,,,0,0,0,0,0,0,0,0,0,1,1,1,0,1,0,0,0,0,0,0,0,0,0,0,0,0,0,0,0,1,0,1,0,0,0,,0,0,0,0,0,0,0,0,0,0,0,1,0,0,0,0,,,,,,26-30,26-35,County road,R,Thursday,Belt Used,PV,Not Fatal,0,0,0,0,County Road,Other Law Enforcement,Yakama Tribal Police Department,0,0,1,0,0,,,,,,,,,,,,,,,,,,,,,,,,,,,,,,,,,,,,,,,,,,,
2017,27,632372,4,01-22-2017,21:27,22,1,Jan,0,63,Spokane,2113,4,0,3,2,2,1,1,1,1,21:23,21:31,22:05,8,0,0,No vehicle,9.9,1,0,1,No intersection,3,2,1,3,0,0,0,0,SR-290,,-117.2082833,47.69494167,99216,0,1,13,Pedestrian/Animal,11,2,50,34,0,0,1,5,8,1,1,5,5,1,Going Straight,1,1,53,,0,37,32,1994,0,0,63,1,,,,,1,1,28,2,7,3,4,7,99,0,11,0,02/26/2018,16:26,53009091,9091,0,0,0,0,1,0,0,0,0,92,,,,,,98,,,,,,98948,53,59,114,0,0,0,0,1,0,,0,,,,,,4,05-15-2013,05-15-2016,20,1,9,0,0,9,8,,,0,0,0,8,8,2,1,,,1,,,2,1,0.074,,,,,,,,,,,,,,,,,,,,,,,,,,,,,,0,0,0,0,1,0,0,0,0,0,0,0,1,1,0,0,1,0,0,0,0,0,0,0,0,0,0,0,0,1,0,0,0,0,0,,1,0,0,0,1,0,0,0,1,1,0,1,1,0,0,1,,,,,,26-30,26-35,County road,R,Monday,Unknown,PV,AIAN,0,1,0,0,County Road,Other Law Enforcement,Yakama Tribal Police Department,1,0,1,0,0,,,,,,0,0,1,,,,,,,,,,,,,,,,,,,,,,,,,,,,,,,,,,,
2021,28,635374,7,01-13-2021,21:34,13,1,Jan,,33,King,0,1,,2,1,1,1,0,3,3,,,,12,0,8,Other,37.7,1,0,1,No intersection,1,1,1,1,0,0,0,0,I-90,,-121.6391722,47.43245833,,0,2,66,Specific Other,54,3,60,66,2,0,1,5,12,1,1,3,3,1,Going Straight,1,3,37,,0,2,404,1995,0,0,71,39,,,,,1,1,28,1,0,0,1,0,99,0,11,8,,,,,0,0,0,2,1,39,0,0,0,96,,,,,,98,,,,,,98951,53,,999,1,1,0,0,0,0,3,37,,,,,,0,03-15-2013,11-15-2014,1,0,0,0,8,9,8,,,0,0,0,8,8,0,0,0,0,0,0,0,0,0,996,,,,,,,,,,,,,,,,,,,,,,,,,,,,,,0,0,0,1,0,0,0,0,0,0,0,0,0,1,0,0,0,0,0,0,0,0,0,0,0,0,0,0,0,1,0,0,0,0,0,,0,0,0,0,0,0,0,0,0,0,0,1,0,0,0,0,,,,,,26-30,26-35,County road,R,Thursday,Unknown,PV,Not Fatal,1,0,0,0,County Road,Other Law Enforcement,Yakama Tribal Police Department,0,0,1,0,0,,,,,,,,,,,,,,,,,,,,,,,,,,,,,,,,,,,,,,,,,,,
2019,28,633844,4,01-25-2019,10:51,25,1,Jan,,75,Whitman,0,10,0,1,1,2,1,0,1,1,,,,1,0,0,No vehicle,4.4,1,0,1,No intersection,5,1,1,3,0,0,0,0,SR-271,,-117.2943889,47.18212222,,0,1,6,Drive off road,13,2,55,34,0,0,1,7,1,3,8,2,1,14,Making a U turn,1,1,40,,0,22,32,2007,0,0,12,,,,,,1,1,65,1,7,3,4,0,99,0,11,1,10-07-2017,14:50,1.85E+11,43372,0,0,0,2,1,39,0,0,0,96,,,,,,99,,,,,,98948,53,72,175,1,1,0,0,0,0,0,0,,,,,,0,,,20,0,0,0,0,9,8,,,0,0,0,8,9,0,0,0,0,0,0,0,0,0,996,,,,,,,,,,,,,,,,,,,,,,,,,,,,,,0,0,0,1,0,0,0,0,0,0,0,0,0,1,0,0,0,0,0,0,0,0,0,0,0,1,0,0,0,1,1,0,0,0,0,,1,0,0,0,0,0,0,0,0,0,0,1,0,0,0,0,,,,,,61-65,56-65,County road,R,Monday,Unknown,PV,AIAN,1,0,0,0,County Road,Other Law Enforcement,Yakama Tribal Police Department,0,0,1,0,0,,,,,,,,,,,,,,,,,,,,,,,,,,,,,,,,,,,,,,,,,,,
2021,28,635373,7,01-13-2021,21:34,13,1,Jan,,33,King,0,1,,2,1,1,1,0,3,3,,,,12,0,8,Other,37.7,1,0,1,No intersection,1,1,1,1,0,0,0,0,I-90,,-121.6391722,47.43245833,,0,1,66,Specific Other,54,3,70,34,0,0,1,2,12,1,1,3,3,1,Going Straight,1,9,48,,0,98,804,1997,0,0,12,,,,,,1,1,62,1,0,0,1,0,3,0,11,0,,,,,3,3,0,3,1,0,0,0,0,0,,,,,,0,,,,,,98944,53,68,230,6,1,0,3,1,0,0,0,,,,,,0,10-15-2012,08-15-2016,20,0,0,0,8,9,8,,,0,0,0,8,0,0,0,0,0,0,0,0,0,0,996,,,,,,,,,,,,,,,,,,,,,,,,,,,,,,0,0,0,1,0,0,0,0,0,0,0,0,0,1,0,0,0,0,0,0,0,0,0,0,0,1,0,0,0,1,1,0,0,0,0,,0,0,0,0,0,0,0,0,0,0,0,0,0,0,0,0,,,,,,61-65,56-65,County road,R,Monday,,MHTRUCK,Not Fatal,1,0,0,0,County Road,Other Law Enforcement,Yakama Tribal Police Department,0,0,1,0,0,,,,,,,,,,,,,,,,,,,,,,,,,,,,,,,,,,,,,,,,,,,
2018,28,3754152,263,01-14-2018,04:30,14,1,Jan,2,33,King,1960,1,0,3,1,2,1,1,1,1,,,,9,0,0,No vehicle,0,1,0,1,No intersection,4,2,4,6,0,0,0,0,SEAVIEW AVE NW,,-122.4046611,47.68018889,98117,0,1,13,Pedestrian/Animal,83,5,30,6,0,0,1,5,9,1,1,5,5,1,Going Straight,1,2,53,,0,99,999,9999,0,0,8,,,,,,1,1,999,9,0,0,9,0,98,0,11,0,,,,,99,9,9,9,1,0,0,0,0,92,,,,,,99,,,,,,99999,99,,999,9,9,99,99,99,99,99,97,,,,,,0,,,98,7,0,0,8,9,8,,,0,0,0,8,9,0,0,0,0,0,0,0,0,0,996,,,,,,,,,,,,,,,,,,,,,,,,,,,,,,0,0,0,0,0,0,0,0,0,1,1,1,0,0,0,0,1,1,0,0,0,0,0,0,0,0,0,0,0,0,0,1,0,0,0,,0,0,0,0,0,0,0,0,1,0,0,0,0,0,0,0,,,,,,,,City street,U,Tuesday,,NR-U,Not Fatal,0,0,0,0,City Street,Other Law Enforcement,Yakama Tribal Police Department,0,0,0,1,0,,,,,,,,,,,,,,,,,,,,,,,,,,,,,,,,,,,,,,,,,,,
2021,28,635375,7,01-13-2021,21:34,13,1,Jan,,33,King,0,1,,2,1,1,1,0,3,3,,,,12,0,8,Other,37.7,1,0,1,No intersection,1,1,1,1,0,0,0,0,I-90,,-121.6391722,47.43245833,,0,3,98,Others,54,3,60,66,1,0,1,2,12,1,1,3,3,1,Going Straight,1,3,53,,0,20,16,2000,0,0,68,64,1,,,,1,1,28,2,7,3,4,0,99,0,11,5,09/30/2017,17:09,2.30E+11,42774,0,0,0,0,1,0,0,0,0,92,,,,,,98,,,,,,98952,53,62,185,0,0,0,0,0,0,0,0,,,,,,0,,,20,9,0,0,0,9,8,,,0,0,0,8,8,2,1,0,0,1,0,0,2,1,0.13,,,,,,,,,,,,,,,,,,,,,,,,,,,,,,0,0,1,0,1,1,0,1,0,0,0,0,0,1,0,0,1,0,0,0,0,0,0,0,0,0,0,0,0,1,0,0,0,0,0,,1,0,0,0,0,1,0,1,1,0,0,1,0,1,0,1,,,,,,26-30,26-35,County road,R,Saturday,Unknown,PV,AIAN,0,0,0,0,Other,Other Law Enforcement,Yakama Tribal Police Department,0,0,0,0,1,,,,,,,,,,,,,,,,,,,,,,,,,,,,,,,,,,,,,,,,,,,
2020,28,634618,14,01-21-2020,13:48,21,1,Jan,,11,Clark,0,2,,1,2,2,1,0,3,2,13:49,13:52,14:27,12,0,2,Front-to-Front,5.4,1,0,1,No intersection,3,2,2,4,0,0,0,0,CR-NE 78TH ST,,-122.6373361,45.67874444,98665,0,2,51,Lateral Move(Going Straight),62,4,45,61,0,8,1,2,12,1,1,5,5,1,Going Straight,2,3,53,,0,63,441,2003,0,0,68,64,69,1,,,1,1,32,2,7,3,4,7,20,0,11,0,09/21/2017,04:05,53040844,40844,0,0,3,3,1,0,0,0,0,0,,,,,,2,,,,,,98952,53,61,140,6,8,1,1,0,1,3,0,,,,,,0,09-15-2012,08-15-2017,20,1,9,0,0,9,8,,,0,0,0,8,8,0,0,0,0,0,0,0,0,0,996,,,,,,,,,,,,,,,,,,,,,,,,,,,,,,0,0,0,0,0,0,0,0,0,0,0,0,0,0,0,1,0,0,0,1,0,0,0,0,0,0,0,0,0,1,0,0,0,1,0,,1,0,0,0,0,0,0,0,0,0,0,0,0,0,0,0,,,,,,31-35,26-35,County road,R,Thursday,Not Used,PV,AIAN,0,1,0,0,Other,Other Law Enforcement,Yakama Tribal Police Department,1,0,0,0,1,,,,,,,,,,,,,,,,,,,,,,,,,,,,,,,,,,,,,,,,,,,
2020,28,634617,14,01-21-2020,13:48,21,1,Jan,,11,Clark,0,2,,1,2,2,1,0,3,2,13:49,13:52,14:27,12,0,2,Front-to-Front,5.4,1,0,1,No intersection,3,2,2,4,0,0,0,0,CR-NE 78TH ST,,-122.6373361,45.67874444,98665,0,1,50,Lateral Move(Left/Right),10,2,45,4,0,0,1,2,12,1,1,5,5,15,Others,1,1,53,,0,99,999,9999,0,0,8,,,,,,1,1,999,9,0,,9,0,99,7,11,0,,,,,99,9,9,9,1,0,0,0,0,92,,,,,,99,,,,,,99999,99,,999,9,9,99,99,99,99,,97,,,,,,0,,,20,0,0,0,8,9,8,,,0,0,0,8,9,8,95,,,96,,,8,95,995,,,,,,,,,,,,,,,,,,,,,,,,,,,,,,0,0,0,0,0,0,0,0,0,1,1,1,0,0,0,0,1,0,0,0,0,0,0,0,0,0,0,0,0,1,0,1,0,0,0,,0,0,0,0,0,0,0,0,1,0,0,0,0,0,0,0,,,,,,,,County road,R,Thursday,Unknown,PV,Not Fatal,0,0,0,0,County Road,Other Law Enforcement,Yakama Tribal Police Department,0,0,1,0,0,,,,,,99,99,99,,,,,,,,,,,98,98,98,0,,,,,20,7,,,,,,,,,,,,,,,