year,something,Cases,repjur,crash_dt,crash_tm,accday,Month,Month,holiday,county,co_char,city,weather,weather2,lightcond,surfcond,surftype,Number of Fatalities,nmforms,pforms,vforms,not_tm,arr_tm,hosp_tm,fhevent,hitrun,Manner of Collision,Manner of Collision,milepnt,reljunc,reljuncinter,intersectiontype,Intersection Type,funcsystem,landuse,ownership,route,schlbus,spejur,contdev,devfunc,trafid1,trafid2,x,y,zipcode,wk_zone,vnumber,crashtype,Crash Type,criticalevent,criticaleventcat,spdlim,body,trailer,emerg,hazcargo,leave,mhevent,roadalgn,roadprof,traflane,trafflow,Vehicle Manure,Vehicle Manure,numoccs,regowner,regstate,,spuse,make,model,modelyr,vrf1,vrf2,seqevent1,seqevent2,seqevent3,seqevent4,seqevent5,seqevent6,pnumber,ptype,age,sex,hispanic,race,injury,diedscene,restraint,restraintmisuse,seatpos,takehosp,death_dt,death_tm,cert,cernum_wa,commlic,licendor,licrestrict,liccomp,drivpres,drf1,drf2,drf3,drf4,distract1,distract2,distract3,distract4,distract5,distract6,dricond1,dricond2,dricond3,dricond4,dricond5,dricond6,dzip,licstate,drhgt_in,weight,noncdl,noncdltype,prevdwi,prevoth,prevacc,prevspd,prevsus,driviol1,driviol2,driviol3,driviol4,driviol5,driviol6,spdrel,first_dt,last_dt,airbag,ejection,ejectpath,extricat,injurwrk,methalc,methdrug,nmlocat,strikveh,prf1,prf2,prf3,druginv,alcinvol,drugsts,drugres1,drugres2,drugres3,drugtst1,drugtst2,drugtst3,alcsts,alctst,alcres,nmact1,nmact2,nmact3,nmact4,nmact5,nmact6,nmprior1,nmprior2,nmprior3,nmprior4,nmprior5,nmprior6,nmcond1,nmcond2,nmcond3,nmcond4,nmcond5,nmcond6,nmsafe_helmet,nmsafe_pads,nmsafe_oth,nmprev_ref,nmprev_lgt,nmprev_oth,crashlocation,nmcrashtype,crosswalk,schoolzone,sidewalk,train_inv,wildlife_inv,rotr_fars,intersect_fars,Drink and Drive,aid_inv,Drug Positive Drivers,Impaired Drivers,Marijuana Positive,impnm_inv,ainm_inv,dpnm_inv,speed_inv,unlic_inv,unendmc_inv,drowsy_inv,drdist_inv,nmdist_inv,fty_inv,unrestfat_inv,dr1617_inv,dr1820_inv,dr1620_inv,dr2125_inv,dr1625_inv,dr65_inv,dr70_inv,dr75_inv,mc_inv,pv_inv,ht_inv,ped_inv,bike_inv,unrest_fat,mc_fat,unhelmet_mc,pv_fat,ht_fat,ped_fat,bike_fat,dr_alc7,dr_alc8,dr_drug,dr_imp,dr_dist,dr_spd,dr_fty,dr_unlic,dr_alc7only,dr_alc8only,dr_drugonly,dr_drink,nm_imp,nm_alc7,nm_alc8,nm_drug,nm_dist,agegrp1,agegrp2,roadclass,urbrur,dayweek,restuse,vehtype,race_me,intersect,lanedep,oppdir,wrongway,rep_typ,investag,repag_long,rotr,st_rd,cty_rd,city_rd,oth_rd,drug_thc,thc_res,drug_cthc,cthc_res,drug_cann,prevpersemin,prevperse,prevsusoth,drugtst4,drugtst5,drugtst6,drugtst7,drugtst8,drugres4,drugres5,drugres6,drugres7,drugres8,adspresent,adsengaged,adslevel,race1,race2,race3,race4,race5,helmet,helmetmisuse,nmdistract1,nmdistract2,nmdistract3,nmdistract4,nmdistract5,nmdistract6,lab,isedtcase,crf1,crf2,crf3,CoRoadName,CoMP,IntCoRoadName,IntCoMP
2017,28,632371,1,01-22-2017,14:46,22,1,Jan,0,5,Benton,2475,1,0,1,1,2,1,0,2,2,,,,12,0,6,Angle,5.1,2,0,2,4 Way,5,2,1,3,0,0,0,0,SR-224,KEENE RD,-119.3892361,46.28617222,99353,0,2,88,Striking from the Left,66,4,55,34,1,0,1,2,12,8,8,5,1,1,Going Straight,1,1,53,,0,12,402,2013,0,0,12,12,8,,,,1,1,62,1,0,0,0,0,99,0,11,0,,,,,0,0,0,2,1,38,39,0,0,96,,,,,,0,,,,,,99201,53,71,190,1,1,0,2,0,0,1,97,,,,,,0,05-15-2016,02-15-2017,20,0,0,0,8,9,2,,,0,0,0,0,0,0,0,0,0,0,0,0,0,0,996,,,,,,,,,,,,,,,,,,,,,,,,,,,,,,0,0,0,0,0,0,0,0,0,1,0,1,0,1,0,0,0,0,1,0,0,0,0,0,0,0,0,0,0,1,0,1,0,0,0,,0,0,0,0,0,0,0,0,0,0,1,1,0,0,0,0,,,,,,61-65,56-65,US highway,U,Monday,Unknown,PV,Not Fatal,1,0,0,0,State Route,Municipal/City Police,Spokane Police Department,0,1,0,0,0,,,,,,,,,,,,,,,,,,,,,,,,,,,,,,,,,,,,,,,,,,,
2017,28,632370,1,01-22-2017,14:46,22,1,Jan,0,5,Benton,2475,1,0,1,1,2,1,0,2,2,,,,12,0,6,Angle,5.1,2,0,2,4 Way,5,2,1,3,0,0,20,3,SR-224,KEENE RD,-119.3892361,46.28617222,99353,0,1,89,Others,17,2,45,4,0,0,1,2,12,1,1,2,1,1,Going Straight,1,2,53,,0,55,35,2015,0,0,12,,,,,,1,1,33,2,0,0,1,0,99,0,11,8,,,,,0,0,0,2,1,0,0,0,0,0,,,,,,0,,,,,,99202,53,64,150,1,1,1,0,0,0,1,0,,,,,,0,07-15-2015,09-15-2015,20,0,0,0,8,9,8,,,0,0,0,8,0,0,0,0,0,0,0,0,0,0,996,,,,,,,,,,,,,,,,,,,,,,,,,,,,,,0,0,0,0,0,0,0,0,0,1,0,1,0,1,0,0,0,0,1,0,0,0,0,0,0,0,0,0,0,1,0,1,0,0,0,,0,0,0,0,0,0,0,0,0,0,0,1,0,0,0,0,,,,,,31-35,26-35,US highway,U,Monday,Unknown,PV,Not Fatal,1,0,0,0,State Route,Municipal/City Police,Spokane Police Department,0,1,0,0,0,,,,,,,,,,,,,,,,,,,,,,,,,,,,,,,,,,,,,,,,,,,
2020,29,634620,14,01-31-2020,16:57,31,1,Jan,,11,Clark,0,10,,1,1,2,1,0,2,2,16:58,17:05,17:40,12,0,2,Front-to-Front,4.8,1,0,1,No intersection,4,1,2,4,0,0,0,0,CR-NE 72ND AVE,,-122.599425,45.72986111,98686,0,2,51,Lateral Move(Going Straight),62,4,50,21,0,0,1,2,12,1,2,2,1,1,Going Straight,1,1,53,,0,12,402,2013,0,0,12,,,,,,1,1,37,2,0,0,1,0,3,0,11,8,,,,,0,0,0,3,1,0,0,0,0,0,,,,,,0,,,,,,99206,53,66,140,6,1,0,0,0,0,0,0,,,,,,0,,,20,0,0,0,8,9,8,,,0,0,0,8,0,0,0,0,0,0,0,0,0,0,996,,,,,,,,,,,,,,,,,,,,,,,,,,,,,,0,0,0,0,0,0,0,0,0,1,0,1,0,1,0,0,0,0,1,0,0,0,0,0,0,0,0,0,0,1,0,1,0,0,0,,0,0,0,0,0,0,0,0,0,0,0,0,0,0,0,0,,,,,,36-40,36-45,US highway,U,Monday,Belt Used,PV,Not Fatal,1,0,0,0,State Route,Municipal/City Police,Spokane Police Department,0,1,0,0,0,,,,,,,,,,,,,,,,,,,,,,,,,,,,,,,,,,,,,,,,,,,
2020,29,634619,14,01-31-2020,16:57,31,1,Jan,,11,Clark,0,10,,1,1,2,1,0,2,2,16:58,17:05,17:40,12,0,2,Front-to-Front,4.8,1,0,1,No intersection,4,1,2,4,0,0,0,0,CR-NE 72ND AVE,,-122.599425,45.72986111,98686,0,1,50,Lateral Move(Left/Right),10,2,50,4,0,0,1,2,12,1,2,2,1,1,Going Straight,1,2,53,,0,72,706,2016,0,0,68,64,24,,,,1,1,44,1,7,1,4,7,19,0,11,0,05/29/2017,23:53,53024318,24318,0,0,0,3,1,0,0,0,0,92,,,,,,99,,,,,,98801,53,70,190,6,1,0,0,0,1,0,0,,,,,,0,11-15-2016,11-15-2016,20,8,0,0,0,9,8,,,0,0,0,8,9,2,1,0,0,1,0,0,2,1,0.17,,,,,,,,,,,,,,,,,,,,,,,,,,,,,,0,0,1,0,1,1,0,1,0,0,0,0,0,0,0,0,1,0,0,0,0,0,0,0,0,0,0,0,1,0,0,0,0,0,1,0,0,0,0,0,0,1,0,1,1,0,0,0,0,1,0,1,,,,,,41-45,36-45,US highway,R,Monday,,MC,White,0,1,0,0,State Route,State Patrol,Washington State Patrol,1,1,0,0,0,,,,,,,,,,,,,,,,,,,,,,,,,,,,,,,,,,,,,,,,,,,
2019,29,633845,122,01-27-2019,09:14,27,1,Jan,,61,Snohomish,690,5,0,1,2,2,2,0,4,1,,,,40,0,0,No vehicle,0,1,0,1,No intersection,7,2,4,6,0,0,0,0,112TH ST SW,,-122.2506333,47.89643056,98204,0,1,7,Control/Traction Loss,6,1,30,4,0,0,1,7,40,1,1,5,5,1,Going Straight,4,2,53,,0,76,705,2007,0,0,63,1,,,,,1,1,21,1,7,1,4,7,19,0,11,0,08/15/2017,03:23,2.11E+11,35551,0,0,1,3,1,0,0,0,0,96,,,,,,99,,,,,,99202,53,70,190,6,1,0,0,0,1,0,0,,,,,,4,02-15-2017,02-15-2017,20,8,0,0,0,9,8,,,0,0,0,8,9,2,1,0,0,1,0,0,2,1,0.19,,,,,,,,,,,,,,,,,,,,,,,,,,,,,,0,0,0,0,1,1,0,1,0,0,0,0,1,0,0,0,0,0,0,0,0,0,0,1,1,0,0,0,1,0,0,0,0,0,1,0,0,0,0,0,0,1,0,1,0,1,0,0,0,1,0,1,,,,,,21-25,16-25,County road,U,Tuesday,,MC,White,0,1,0,0,County Road,County Sheriff,Spokane County Sheriff's Office,1,0,1,0,0,,,,,,,,,,,,,,,,,,,,,,,,,,,,,,,,,,,,,,,,,,,
2018,29,633109,290,01-27-2018,14:52,27,1,Jan,0,53,Pierce,2230,2,0,1,2,2,1,0,4,3,15:03,15:03,15:28,12,0,98,Other,0.4,1,0,1,No intersection,3,2,1,3,0,3,0,0,SR-167,,-122.3985194,47.23922778,98421,0,3,98,Others,62,4,35,6,0,0,1,5,12,2,2,2,2,14,Making a U turn,2,1,53,,0,99,499,9999,0,0,8,,,,,,1,1,999,8,0,,9,0,99,7,11,8,,,,,99,9,9,9,1,0,0,0,0,92,,,,,,99,,,,,,99999,99,,999,9,9,99,99,99,99,,97,,,,,,0,,,98,0,0,0,8,9,8,,,0,0,0,8,9,0,0,,,0,,,0,0,996,,,,,,,,,,,,,,,,,,,,,,,,,,,,,,0,0,0,1,0,0,0,0,0,1,0,1,0,0,0,0,1,0,0,0,0,0,0,0,0,0,0,0,0,1,0,1,0,0,0,,0,0,0,0,0,0,0,0,1,0,0,0,0,0,0,0,,,,,,,,City street,U,Thursday,Unknown,PV,Not Fatal,0,0,0,0,City Street,Municipal/City Police,Seattle Police Department,0,0,0,1,0,,,,,,99,99,99,,,,,,,,,,,98,98,98,0,,,,,20,7,,,,,,,,,,,,,,,
2018,29,633108,290,01-27-2018,14:52,27,1,Jan,0,53,Pierce,2230,2,0,1,2,2,1,0,4,3,15:03,15:03,15:28,12,0,98,Other,0.4,1,0,1,No intersection,3,2,1,3,0,3,0,0,SR-167,,-122.3985194,47.23922778,98421,0,2,66,Specific Other,62,4,35,34,0,0,1,7,12,2,2,2,2,14,Making a U turn,1,1,53,,0,37,441,2007,0,0,8,,,,,,1,1,43,2,0,0,0,0,3,0,11,0,,,,,0,0,0,3,1,0,0,0,0,0,,,,,,0,,,,,,98108,53,66,220,6,1,0,0,0,0,0,0,,,,,,0,,,20,0,0,0,8,9,8,,,0,0,0,8,0,0,0,0,0,0,0,0,0,0,996,,,,,,,,,,,,,,,,,,,,,,,,,,,,,,0,0,0,0,0,0,0,0,0,0,0,0,0,0,0,0,0,0,0,0,0,0,0,0,0,0,0,0,0,1,0,1,0,0,0,,0,0,0,0,0,0,0,0,0,0,0,0,0,0,0,0,,,,,,41-45,36-45,City street,U,Wednesday,Belt Used,PV,Not Fatal,0,0,0,0,City Street,Municipal/City Police,Seattle Police Department,0,0,0,1,0,,,,,,,,,,,,,,,,,,,,,,,,,,,,,,,,,,,,,,,,,,,
2018,29,633107,290,01-27-2018,14:52,27,1,Jan,0,53,Pierce,2230,2,0,1,2,2,1,0,4,3,15:03,15:03,15:28,12,0,98,Other,0.4,1,0,1,No intersection,3,2,1,3,0,3,0,0,SR-167,,-122.3985194,47.23922778,98421,0,1,66,Specific Other,10,2,35,3,0,0,1,7,12,3,2,2,2,14,Making a U turn,1,1,53,,0,12,481,1996,0,0,8,,,,,,1,1,47,1,0,0,0,0,3,0,11,0,,,,,0,0,3,2,1,0,0,0,0,98,,,,,,0,,,,,,98103,53,71,160,1,1,0,0,0,0,,97,,,,,,0,02-15-2014,02-15-2014,20,0,0,0,8,9,2,,,0,0,0,0,0,8,95,,,96,,,8,95,995,,,,,,,,,,,,,,,,,,,,,,,,,,,,,,0,0,0,1,0,0,0,0,0,0,0,0,0,1,0,0,1,0,0,0,0,0,0,0,0,0,0,0,0,1,0,1,0,0,0,,0,0,0,0,0,0,0,0,1,0,0,1,0,0,0,0,,,,,,46-50,46-55,City street,U,Wednesday,Belt Used,PV,Not Fatal,1,0,0,0,City Street,Municipal/City Police,Seattle Police Department,0,0,0,1,0,,,,,,0,0,1,,,,,,,,,,,,,,,,,,,,,,,,,,,,,,,,,,,
2017,29,632369,122,01-25-2017,06:52,25,1,Jan,0,61,Snohomish,690,1,0,3,1,2,1,1,1,1,,,,8,0,0,No vehicle,0,1,0,1,No intersection,3,2,4,6,0,0,0,0,SEAWAY BLVD,,-122.2673083,47.93705833,98203,0,1,1,Driver Off Road,13,2,98,6,0,0,1,5,8,1,2,2,1,1,Going Straight,1,1,53,,0,34,35,2003,0,0,63,24,69,68,64,24,1,1,57,1,7,2,4,0,20,0,11,5,02-08-2018,23:47,1.96E+11,6788,0,0,0,3,1,0,0,0,0,92,,,,,,9,,,,,,98177,53,75,225,6,1,0,0,1,0,,0,,,,,,0,02-15-2015,02-15-2015,8,0,0,0,0,9,8,,,0,0,0,8,1,2,348,,,1,,,2,1,0.08,,,,,,,,,,,,,,,,,,,,,,,,,,,,,,0,0,1,0,1,1,1,1,0,0,0,0,0,0,0,0,1,0,0,1,0,0,0,0,0,0,0,0,0,1,0,0,0,1,0,,1,0,0,0,0,1,1,1,1,0,0,0,0,0,0,1,,,,,,56-60,56-65,City street,U,Friday,Not Used,PV,Black,0,1,0,0,City Street,Municipal/City Police,Seattle Police Department,1,0,0,1,0,,,,,,0,0,0,,,,,,,,,,,,,,,,,,,,,,,,,,,,,,,,,,,
2019,30,633847,4,01-25-2019,15:05,25,1,Jan,,63,Spokane,0,5,0,1,1,2,1,0,2,2,,,,12,0,2,Front-to-Front,71.7,1,0,1,No intersection,3,1,1,2,0,0,0,0,US-195,,-117.3806139,47.35156667,99031,0,2,51,Lateral Move(Going Straight),62,4,60,66,2,0,1,2,12,1,1,2,1,1,Going Straight,1,3,16,,0,98,709,2009,0,0,63,24,,,,,1,1,21,1,6,98,4,7,19,0,11,0,03-11-2017,21:42,1.96E+11,12406,0,0,0,3,1,0,0,0,0,96,,,,,,99,,,,,,98901,53,75,195,6,1,0,0,0,0,0,0,,,,,,3,,,20,8,0,0,0,9,8,,,0,0,0,8,9,2,605,0,0,1,0,0,2,1,0,,,,,,,,,,,,,,,,,,,,,,,,,,,,,,0,0,0,0,0,0,1,1,1,0,0,0,1,0,0,0,0,0,0,0,0,0,0,1,1,0,0,0,0,0,0,0,0,0,0,,0,0,0,0,0,0,1,1,0,1,0,0,0,0,1,0,,,,,,21-25,16-25,State route,U,Saturday,,OTHMC,Hispanic,0,1,0,0,State Route,Municipal/City Police,Seattle Police Department,1,1,0,0,0,thc,9.7,carboxy-thc,49,,,,,,,,,,,,,,,,,,,,,,,,,,,,,,,,,,,,,,,
2021,30,635376,25,01-16-2021,00:37,16,1,Jan,,33,King,1030,10,,3,1,2,1,0,1,1,,,,38,0,0,No vehicle,0,1,0,1,No intersection,4,2,4,6,0,0,0,0,132ND AVE SE,,-122.1654278,47.36308056,98042,0,1,10,Others,12,2,35,4,0,0,1,5,42,1,2,2,1,1,Going Straight,1,2,53,,0,54,35,2009,0,0,12,,,,,,1,1,998,9,0,0,9,0,99,0,11,0,,,,,99,0,9,9,1,39,0,0,0,92,,,,,,99,,,,,,99999,98,,999,9,9,99,99,99,99,99,0,,,,,,0,,,99,0,0,0,8,9,8,,,0,0,0,9,9,0,0,0,0,0,0,0,0,0,996,,,,,,,,,,,,,,,,,,,,,,,,,,,,,,0,0,0,1,0,0,0,0,0,0,0,0,0,0,0,0,1,0,0,0,0,0,0,0,0,0,0,0,0,1,0,0,0,0,0,,0,0,0,0,0,0,0,0,1,0,0,0,0,0,0,0,,,,,,,,State route,U,Saturday,Unknown,PV,Not Fatal,1,0,0,0,State Route,Municipal/City Police,Kent Police Department,0,1,0,0,0,,,,,,,,,,,,,,,,,,,,,,,,,,,,,,,,,,,,,,,,,,,
2020,30,634633,330,01-31-2020,10:48,31,1,Jan,,77,Yakima,2590,1,,1,1,2,1,0,1,1,10:51,10:55,,59,0,0,No vehicle,0,1,0,1,No intersection,5,2,4,6,0,0,0,0,S 18TH ST,,-120.4793333,46.59223889,98901,0,1,1,Driver Off Road,13,2,30,4,0,0,1,2,1,3,1,3,5,14,Making a U turn,1,1,53,,0,20,2,2006,0,0,12,,,,,,1,1,39,1,0,0,9,0,98,0,11,9,,,,,0,0,0,3,1,0,0,0,0,0,,,,,,99,,,,,,98031,53,65,180,6,1,0,0,0,0,0,0,,,,,,0,,,98,7,0,0,8,9,8,,,0,0,0,9,9,9,999,0,0,9,0,0,9,99,999,,,,,,,,,,,,,,,,,,,,,,,,,,,,,,0,0,0,1,0,0,0,0,0,0,0,0,0,0,0,0,1,0,0,0,0,0,0,0,0,0,0,0,0,1,0,0,0,0,0,,0,0,0,0,0,0,0,0,0,0,0,0,0,0,0,0,,,,,,36-40,36-45,State route,U,Saturday,Unknown,PV,Not Fatal,1,0,0,0,State Route,Municipal/City Police,Kent Police Department,0,1,0,0,0,,,,,,,,,,,,,,,,,,,,,,,,,,,,,,,,,,,,,,,,,,,
2019,30,633846,4,01-25-2019,15:05,25,1,Jan,,63,Spokane,0,5,0,1,1,2,1,0,2,2,,,,12,0,2,Front-to-Front,71.7,1,0,1,No intersection,3,1,1,2,0,0,0,0,US-195,,-117.3806139,47.35156667,99031,0,1,50,Lateral Move(Left/Right),10,2,98,4,0,0,1,2,12,1,1,2,1,1,Going Straight,1,1,53,,0,37,706,1999,0,0,63,33,1,,,,1,1,46,1,7,,4,7,20,7,11,0,10/15/2019,22:47,1.03E+11,45882,0,0,0,2,1,33,0,0,0,96,,,,,,99,,,,,,98445,53,72,217,1,1,0,1,0,0,,0,,,,,,3,06-15-2017,04-15-2019,20,8,0,0,0,9,8,,,0,0,0,8,9,2,1,,,1,,,2,1,0,,,,,,,,,,,,,,,,,,,,,,,,,,,,,,0,0,1,0,0,0,0,0,0,0,0,0,1,1,1,0,0,0,0,0,0,0,0,0,0,0,0,0,1,0,0,0,0,0,1,0,0,0,0,0,0,0,0,0,0,1,0,1,0,0,0,0,,,,,,46-50,46-55,State route,U,Tuesday,,MC,Black,0,1,0,0,State Route,Municipal/City Police,Kent Police Department,1,1,0,0,0,,,,,,0,0,3,,,,,,,,,,,0,0,0,2,,,,,19,0,,,,,,,,,,,,,,,
2018,30,633115,40,01-27-2018,03:16,27,1,Jan,0,63,Spokane,0,1,0,2,4,2,1,0,1,1,03:17,03:22,,1,0,0,No vehicle,0.5,1,0,1,No intersection,6,1,2,4,0,0,0,0,CR-S CRAIG RD,,-117.6075694,47.57440556,99004,0,1,2,Control/Traction Loss,13,2,98,14,0,0,1,7,1,1,1,2,1,1,Going Straight,1,1,53,,0,53,405,2006,0,,68,64,32,1,,,1,1,63,2,7,,4,7,3,0,11,0,01-04-2020,01:40,53000471,471,0,0,0,3,1,87,,,,96,,,,,,98,,,,,,99156,53,71,150,6,1,0,0,0,0,,0,,,,,,4,,,20,0,0,1,0,9,8,,,0,,,8,8,8,95,,,96,,,8,95,995,,,,,,,,,,,,,,,,,,,,,,,,,,,,,,0,0,0,0,0,0,0,0,0,0,0,0,1,0,0,0,0,0,0,0,0,0,0,0,0,0,0,0,0,1,0,0,0,0,0,,1,0,0,0,0,0,0,0,0,1,0,0,0,0,0,0,,,,,,61-65,56-65,County road,R,Saturday,Belt Used,PV,White,0,1,0,0,County Road,County Sheriff,Pend Oreille County Sheriff's Offic,1,0,1,0,0,,,,,,0,0,0,,,,,,,,,,,98,98,98,1,,,,,20,7,,,,,,,,0,0,,,,,,
2020,31,634644,35,02-17-2020,15:00,17,2,Feb,,53,Pierce,0,1,,1,1,2,1,0,3,2,16:01,16:15,16:53,12,0,1,Front-to-Rear,2.5,2,0,2,4 Way,4,2,2,4,0,0,0,0,CR-Key Peninsula Hwy N,134TH AVE NW,-122.7162778,47.37059444,98329,0,2,21,Others,53,3,45,14,0,0,1,5,12,1,1,2,1,5,Others,2,1,53,,0,20,471,2003,0,0,12,,,,,,1,1,82,1,7,1,4,0,3,0,11,5,04-02-2017,05:05,1.19E+11,15753,0,0,3,3,1,38,48,0,0,96,,,,,,0,,,,,,98632,53,72,149,6,1,0,0,0,0,0,0,,,,,,0,,,99,0,0,0,0,9,8,,,0,0,0,8,0,2,1,0,0,1,0,0,2,1,0,,,,,,,,,,,,,,,,,,,,,,,,,,,,,,0,0,0,0,0,0,0,0,0,0,0,0,0,0,0,0,0,0,1,0,0,0,0,0,0,1,1,1,0,0,1,0,0,0,0,,0,0,0,0,0,0,0,0,0,0,1,0,0,0,0,0,,,,,,81+,76+,State route,U,Saturday,Belt Used,PV,White,0,0,0,0,State Route,Municipal/City Police,Longview Police Department,0,1,0,0,0,,,,,,,,,,,,,,,,,,,,,,,,,,,,,,,,,,,,,,,,,,,
2020,31,634643,35,02-17-2020,15:00,17,2,Feb,,53,Pierce,0,1,,1,1,2,1,0,3,2,16:01,16:15,16:53,12,0,1,Front-to-Rear,2.5,2,0,2,4 Way,4,2,2,4,0,0,0,0,CR-Key Peninsula Hwy N,134TH AVE NW,-122.7162778,47.37059444,98329,0,1,20,Others,50,3,45,5,0,0,1,5,12,1,1,2,1,1,Going Straight,1,1,53,,0,12,880,2006,0,0,12,,,,,,1,1,29,1,0,0,2,0,3,0,11,0,,,,,0,0,0,3,1,0,0,0,0,0,,,,,,0,,,,,,98604,53,82,245,6,1,0,0,0,0,0,0,,,,,,0,,,20,0,0,0,8,3,2,,,0,0,0,0,0,0,0,0,0,0,0,0,0,0,996,,,,,,,,,,,,,,,,,,,,,,,,,,,,,,0,0,0,0,0,0,0,0,0,0,0,0,0,0,0,0,0,0,1,0,0,0,0,0,0,1,1,1,0,0,1,0,0,0,0,,0,0,0,0,0,0,0,0,0,0,0,0,0,0,0,0,,,,,,26-30,26-35,State route,U,Saturday,Belt Used,MHTRUCK,Not Fatal,0,0,0,0,State Route,Municipal/City Police,Longview Police Department,0,1,0,0,0,,,,,,,,,,,,,,,,,,,,,,,,,,,,,,,,,,,,,,,,,,,
2019,31,633850,35,01-29-2019,17:45,29,1,Jan,,53,Pierce,0,1,0,2,1,2,1,0,5,3,,,,12,0,1,Front-to-Rear,1.4,1,0,1,No intersection,5,2,2,4,0,0,0,0,CR-SUMNER TAPPS HWY E,,-122.2131667,47.21765556,98391,0,3,98,Others,62,4,45,3,0,0,1,7,12,3,3,2,1,14,Making a U turn,2,2,53,,0,49,33,2001,0,0,63,8,8,8,19,,1,1,24,2,0,0,0,0,20,0,11,0,,,,,0,0,3,2,1,0,0,0,0,96,,,,,,0,,,,,,99217,53,68,120,1,1,0,0,1,3,5,97,,,,,,0,10-15-2013,03-15-2017,98,0,0,0,8,9,8,,,0,0,0,8,0,2,177,401,417,1,1,1,2,1,0,,,,,,,,,,,,,,,,,,,,,,,,,,,,,,0,0,0,0,0,0,1,1,0,1,0,1,0,1,0,0,0,0,0,0,0,0,0,1,1,0,0,0,0,1,0,1,0,0,0,,0,0,0,0,0,0,1,1,0,0,0,1,0,0,1,0,,,,,,21-25,16-25,City street,,Sunday,Not Used,PV,Not Fatal,0,0,0,0,City Street,,,0,0,0,1,0,,,,,,,,,,,,,,,,,,,,,,,,,,,,,,,,,,,,,,,,,,,
2019,31,633849,35,01-29-2019,17:45,29,1,Jan,,53,Pierce,0,1,0,2,1,2,1,0,5,3,,,,12,0,1,Front-to-Rear,1.4,1,0,1,No intersection,5,2,2,4,0,0,0,0,CR-SUMNER TAPPS HWY E,,-122.2131667,47.21765556,98391,0,2,25,Others,53,3,45,3,0,0,1,7,12,2,3,2,1,14,Making a U turn,2,1,53,,0,6,441,2013,0,0,9,,,,,,1,1,26,2,0,0,0,0,3,0,11,0,,,,,0,0,0,3,1,91,0,0,0,17,,,,,,0,,,,,,98272,53,68,200,6,1,0,1,0,0,,2,,,,,,3,08-15-2016,04-15-2018,20,0,0,0,8,9,2,,,0,0,0,0,0,8,95,,,96,,,8,95,995,,,,,,,,,,,,,,,,,,,,,,,,,,,,,,0,0,0,0,0,0,0,0,0,0,0,0,1,0,0,0,1,0,0,0,0,0,0,0,0,0,0,0,0,1,0,0,1,0,0,,0,0,0,0,0,0,0,0,1,1,0,0,0,0,0,0,,,,,,26-30,26-35,County road,R,Wednesday,Belt Used,PV,Not Fatal,0,0,0,0,County Road,Municipal/City Police,Chelan County Sheriff's Office,0,0,1,0,0,,,,,,0,0,2,,,,,,,,,,,,,,,,,,,,,,,,,,,,,,,,,,,
2019,31,633848,35,01-29-2019,17:45,29,1,Jan,,53,Pierce,0,1,0,2,1,2,1,0,5,3,,,,12,0,1,Front-to-Rear,1.4,1,0,1,No intersection,5,2,2,4,0,0,0,0,CR-SUMNER TAPPS HWY E,,-122.2131667,47.21765556,98391,0,1,24,Others,51,3,45,34,0,0,1,7,12,2,3,2,1,14,Making a U turn,1,1,53,,0,99,999,9999,0,,8,,,,,,1,1,999,9,0,,9,0,98,7,11,0,,,,,99,9,9,9,1,0,,,,96,,,,,,98,,,,,,99999,99,,999,9,9,99,99,99,99,,97,,,,,,0,,,98,0,0,0,8,9,8,,,0,,,8,8,0,0,,,0,,,0,0,996,,,,,,,,,,,,,,,,,,,,,,,,,,,,,,0,0,0,0,0,0,0,0,0,1,0,1,0,0,0,0,0,0,0,0,0,0,0,0,0,0,0,0,0,0,0,1,0,0,0,,0,0,0,0,0,0,0,0,0,0,0,0,0,0,0,0,,,,,,,,City street,U,Tuesday,,NR-U,Not Fatal,0,0,0,0,County Road,County Sheriff,Snohomish County Sheriff's Office,0,0,1,0,0,,,,,,99,99,99,,,,,,,,,,,98,98,98,0,,,,,20,,,,,,,,,0,0,,,,,,
2018,31,633118,200,01-23-2018,19:42,23,1,Jan,0,61,Snohomish,0,2,0,2,2,2,1,1,1,1,,,,8,0,0,No vehicle,13.4,1,0,1,No intersection,3,2,1,2,0,0,0,0,US-2,,-121.9986222,47.86874444,98272,0,1,13,Pedestrian/Animal,80,5,55,6,0,0,1,7,8,1,1,2,1,1,Going Straight,1,1,53,,0,7,472,2005,0,,8,,,,,,1,1,45,2,0,,0,0,20,7,11,0,,,,,0,0,0,3,1,0,,,,96,,,,,,98,,,,,,99508,2,61,195,6,1,0,0,0,0,,0,,,,,,0,,,20,0,0,0,8,9,8,,,0,,,8,8,0,0,,,0,,,0,0,996,,,,,,,,,,,,,,,,,,,,,,,,,,,,,,0,0,0,0,0,0,0,0,0,1,0,1,0,0,0,0,0,0,0,0,0,0,0,0,0,0,0,0,0,1,0,1,0,0,0,,0,0,0,0,0,0,0,0,0,0,0,0,0,0,0,0,,,,,,41-45,36-45,State route,U,Monday,Not Used,PV,Not Fatal,0,0,0,0,State Route,State Patrol,Washington State Patrol,0,1,0,0,0,,,,,,0,0,0,,,,,,,,,,,98,98,98,0,,,,,20,,,,,,,,,1,0,,,,,,