year,something,Cases,repjur,crash_dt,crash_tm,accday,Month,Month,holiday,county,co_char,city,weather,weather2,lightcond,surfcond,surftype,Number of Fatalities,nmforms,pforms,vforms,not_tm,arr_tm,hosp_tm,fhevent,hitrun,Manner of Collision,Manner of Collision,milepnt,reljunc,reljuncinter,intersectiontype,Intersection Type,funcsystem,landuse,ownership,route,schlbus,spejur,contdev,devfunc,trafid1,trafid2,x,y,zipcode,wk_zone,vnumber,crashtype,Crash Type,criticalevent,criticaleventcat,spdlim,body,trailer,emerg,hazcargo,leave,mhevent,roadalgn,roadprof,traflane,trafflow,Vehicle Manure,Vehicle Manure,numoccs,regowner,regstate,,spuse,make,model,modelyr,vrf1,vrf2,seqevent1,seqevent2,seqevent3,seqevent4,seqevent5,seqevent6,pnumber,ptype,age,sex,hispanic,race,injury,diedscene,restraint,restraintmisuse,seatpos,takehosp,death_dt,death_tm,cert,cernum_wa,commlic,licendor,licrestrict,liccomp,drivpres,drf1,drf2,drf3,drf4,distract1,distract2,distract3,distract4,distract5,distract6,dricond1,dricond2,dricond3,dricond4,dricond5,dricond6,dzip,licstate,drhgt_in,weight,noncdl,noncdltype,prevdwi,prevoth,prevacc,prevspd,prevsus,driviol1,driviol2,driviol3,driviol4,driviol5,driviol6,spdrel,first_dt,last_dt,airbag,ejection,ejectpath,extricat,injurwrk,methalc,methdrug,nmlocat,strikveh,prf1,prf2,prf3,druginv,alcinvol,drugsts,drugres1,drugres2,drugres3,drugtst1,drugtst2,drugtst3,alcsts,alctst,alcres,nmact1,nmact2,nmact3,nmact4,nmact5,nmact6,nmprior1,nmprior2,nmprior3,nmprior4,nmprior5,nmprior6,nmcond1,nmcond2,nmcond3,nmcond4,nmcond5,nmcond6,nmsafe_helmet,nmsafe_pads,nmsafe_oth,nmprev_ref,nmprev_lgt,nmprev_oth,crashlocation,nmcrashtype,crosswalk,schoolzone,sidewalk,train_inv,wildlife_inv,rotr_fars,intersect_fars,Drink and Drive,aid_inv,Drug Positive Drivers,Impaired Drivers,Marijuana Positive,impnm_inv,ainm_inv,dpnm_inv,speed_inv,unlic_inv,unendmc_inv,drowsy_inv,drdist_inv,nmdist_inv,fty_inv,unrestfat_inv,dr1617_inv,dr1820_inv,dr1620_inv,dr2125_inv,dr1625_inv,dr65_inv,dr70_inv,dr75_inv,mc_inv,pv_inv,ht_inv,ped_inv,bike_inv,unrest_fat,mc_fat,unhelmet_mc,pv_fat,ht_fat,ped_fat,bike_fat,dr_alc7,dr_alc8,dr_drug,dr_imp,dr_dist,dr_spd,dr_fty,dr_unlic,dr_alc7only,dr_alc8only,dr_drugonly,dr_drink,nm_imp,nm_alc7,nm_alc8,nm_drug,nm_dist,agegrp1,agegrp2,roadclass,urbrur,dayweek,restuse,vehtype,race_me,intersect,lanedep,oppdir,wrongway,rep_typ,investag,repag_long,rotr,st_rd,cty_rd,city_rd,oth_rd,drug_thc,thc_res,drug_cthc,cthc_res,drug_cann,prevpersemin,prevperse,prevsusoth,drugtst4,drugtst5,drugtst6,drugtst7,drugtst8,drugres4,drugres5,drugres6,drugres7,drugres8,adspresent,adsengaged,adslevel,race1,race2,race3,race4,race5,helmet,helmetmisuse,nmdistract1,nmdistract2,nmdistract3,nmdistract4,nmdistract5,nmdistract6,lab,isedtcase,crf1,crf2,crf3,CoRoadName,CoMP,IntCoRoadName,IntCoMP
2017,31,632379,8,01-27-2017,10:11,27,1,Jan,0,35,Kitsap,0,1,0,1,1,2,1,0,2,2,,,,12,0,6,Angle,29.3,8,0,1,No intersection,3,2,1,3,0,0,0,0,SR-3,,-122.7846,47.48164444,98312,0,2,83,Others,72,4,55,3,0,0,1,2,12,1,1,2,1,1,Going Straight,1,1,53,,0,49,46,2005,0,,12,63,52,,,,1,1,50,2,7,,4,7,3,0,11,0,12/31/2021,18:36,53068179,68179,0,0,0,3,1,0,,,,96,,,,,,0,,,,,,98337,53,61,180,6,1,0,1,1,0,,0,,,,,,0,10-15-2018,02-15-2018,8,0,0,0,0,9,8,,,0,,,8,8,2,695,605,996,1,1,1,2,1,0,,,,,,,,,,,,,,,,,,,,,,,,,,,,,,0,0,0,0,1,0,1,1,1,0,0,0,0,0,0,0,0,0,0,0,0,0,0,0,0,0,0,0,0,1,0,0,0,0,0,,1,0,0,0,0,0,1,1,0,0,0,0,0,0,1,0,,,,,,46-50,46-55,State route,U,Friday,Belt Used,PV,White,0,1,1,0,State Route,State Patrol,Washington State Patrol,0,1,0,0,0,thc,1.3,carboxy-thc,7.2,,0,0,0,1,1,1,,,996,401,417,,,98,98,98,1,,,,,20,,,,,,,,nms,1,0,,,,,,
2017,31,632378,8,01-27-2017,10:11,27,1,Jan,0,35,Kitsap,0,1,0,1,1,2,1,0,2,2,,,,12,0,6,Angle,29.3,8,0,1,No intersection,3,2,1,3,0,0,0,0,SR-3,,-122.7846,47.48164444,98312,0,1,82,Turn Into Opp Direction(Turning Left),15,2,55,4,0,0,1,2,12,1,1,2,1,11,Turning Red: Permitted on red,1,1,53,,0,19,421,2004,0,,68,12,63,24,,,1,1,36,2,0,,1,0,3,0,11,5,,,,,0,0,3,3,1,6,,,,96,,,,,,9,,,,,,98370,53,58,130,6,1,0,0,0,0,,1,,,,,,0,,,1,0,0,0,8,1,8,,,0,,,1,1,2,1,,,1,,,2,1,0,,,,,,,,,,,,,,,,,,,,,,,,,,,,,,0,0,0,0,1,0,1,1,1,0,0,0,0,0,0,0,0,0,0,0,0,0,0,0,0,0,0,0,0,1,0,0,0,0,0,,0,0,0,0,0,0,0,0,0,0,0,0,0,0,0,1,,,,,,36-40,36-45,State route,U,Friday,Belt Used,PV,Not Fatal,0,1,1,0,State Route,State Patrol,Washington State Patrol,0,1,0,0,0,,,,,,0,0,0,,,,,,,,,,,98,98,98,0,,,,,20,,,,,,,,,1,0,,,,,,
2021,32,635370,39,01-22-2021,19:39,22,1,Jan,,61,Snohomish,0,1,,2,1,2,1,1,2,1,,,,8,0,0,No vehicle,3.7,1,0,1,No intersection,6,1,2,4,0,0,0,0,CR-220TH ST NW,,-122.2739806,48.19554444,98292,0,1,13,Pedestrian/Animal,80,5,35,14,0,0,1,5,8,1,1,2,1,1,Going Straight,2,1,53,,0,49,472,2001,0,,64,35,1,,,,1,1,23,1,1,,4,7,20,7,11,0,12/30/2021,09:18,53067280,67280,0,0,3,3,1,0,,,,96,,,,,,98,,,,,,98948,53,69,185,6,1,0,1,1,7,,0,,,,,,4,05-15-2018,07-15-2021,20,0,0,0,0,9,8,,,0,,,8,8,2,695,605,996,1,1,1,2,1,0,,,,,,,,,,,,,,,,,,,,,,,,,,,,,,0,0,1,0,0,0,1,1,1,0,0,0,1,0,0,0,0,0,0,1,0,0,0,1,1,0,0,0,0,1,0,0,0,1,0,,1,0,0,0,0,0,1,1,0,1,0,0,0,0,1,0,,,,,,21-25,16-25,Interstate,R,Thursday,Not Used,PV,Hispanic,0,1,0,0,State Route,State Patrol,Washington State Patrol,1,1,0,0,0,thc,6.1,carboxy-thc,24,,0,0,3,,,,,,,,,,,98,98,98,1,,,,,20,,,,,,,,nms,1,0,,,,,,
2019,32,633852,7,01-25-2019,20:23,25,1,Jan,,7,Chelan,0,1,0,2,1,2,1,0,2,2,,,,12,0,1,Front-to-Rear,80.7,1,0,1,No intersection,3,1,1,2,0,0,0,0,US-2,,-120.8172306,47.77440556,,0,2,25,Others,53,3,60,99,0,0,1,5,12,1,1,2,1,1,Going Straight,1,3,53,,0,58,40,2011,0,,8,,,,,,1,1,57,2,0,,0,0,3,0,11,0,,,,,0,0,0,3,1,0,,,,96,,,,,,0,,,,,,99207,53,66,186,6,1,0,0,0,0,,0,,,,,,0,,,20,0,0,0,8,9,2,,,0,,,8,8,0,0,,,0,,,0,0,996,,,,,,,,,,,,,,,,,,,,,,,,,,,,,,0,0,0,1,0,0,0,0,0,1,1,1,0,0,0,0,0,1,0,0,0,0,0,0,0,0,0,0,0,1,0,1,0,0,0,,0,0,0,0,0,0,0,0,0,0,0,0,0,0,0,0,,,,,,56-60,56-65,City street,U,Tuesday,Belt Used,PV,Not Fatal,1,0,0,0,City Street,Municipal/City Police,Spokane Police Department,0,0,0,1,0,,,,,,0,0,0,,,,,,,,,,,98,98,98,0,,,,,20,,,,,,,,,1,0,,,,,,
2019,32,633851,7,01-25-2019,20:23,25,1,Jan,,7,Chelan,0,1,0,2,1,2,1,0,2,2,,,,12,0,1,Front-to-Rear,80.7,1,0,1,No intersection,3,1,1,2,0,0,0,0,US-2,,-120.8172306,47.77440556,,0,1,24,Others,51,3,60,6,0,0,1,7,1,1,1,2,1,1,Going Straight,1,1,53,,0,82,881,2021,0,,12,,,,,,1,1,47,1,0,,0,0,3,0,11,0,,,,,6,3,0,3,1,0,,,,96,,,,,,98,,,,,,34287,12,66,999,6,1,0,0,0,0,,0,,,,,,0,10-15-2019,10-15-2019,20,0,0,0,8,9,2,,,0,,,8,8,0,0,,,0,,,0,0,996,,,,,,,,,,,,,,,,,,,,,,,,,,,,,,0,0,0,0,0,0,0,0,0,0,0,0,1,0,0,0,0,0,0,0,0,0,0,0,0,0,0,0,0,1,1,0,0,0,0,,0,0,0,0,0,0,0,0,0,0,0,0,0,0,0,0,,,,,,46-50,46-55,Interstate,U,Friday,,MHTRUCK,Not Fatal,0,0,0,0,State Route,State Patrol,Washington State Patrol,0,1,0,0,0,,,,,,0,0,1,,,,,,,,,,,98,98,98,0,,,,,20,,,,,,,,,1,0,,,,,,
2018,32,633095,122,01-24-2018,18:11,24,1,Jan,0,61,Snohomish,690,2,0,2,2,2,1,1,1,1,18:10,18:17,18:38,8,0,0,No vehicle,0,1,0,1,No intersection,4,2,4,6,0,0,0,0,GLENWOOD AVE,,-122.2395889,47.94135833,98203,0,1,13,Pedestrian/Animal,80,5,35,6,0,0,1,5,8,1,4,3,5,1,Going Straight,1,1,53,,0,49,43,2004,0,,64,69,12,,,,1,1,28,2,7,,4,0,99,7,11,5,12/31/2021,10:01,2.11E+11,67335,0,0,3,3,1,0,,,,96,,,,,,98,,,,,,99336,53,63,150,6,1,0,0,0,1,,0,,,,,,4,02-15-2018,02-15-2018,20,0,0,0,0,9,8,,,0,,,8,8,2,1,,,1,,,2,1,0,,,,,,,,,,,,,,,,,,,,,,,,,,,,,,0,0,0,0,0,0,0,0,0,0,0,0,1,0,0,0,0,0,0,0,0,0,0,0,0,0,0,0,0,1,1,0,0,0,0,,1,0,0,0,0,0,0,0,0,1,0,0,0,0,0,0,,,,,,26-30,26-35,Interstate,U,Friday,Unknown,PV,White,0,0,0,0,State Route,State Patrol,Washington State Patrol,0,1,0,0,0,,,,,,0,0,0,,,,,,,,,,,98,98,98,1,,,,,20,,,,,,,,,1,0,,,,,,
2017,32,632373,35,01-30-2017,12:38,30,1,Jan,0,53,Pierce,0,1,0,1,2,1,1,0,1,1,12:38,12:58,,1,0,0,No vehicle,2.1,1,0,1,No intersection,4,1,2,4,0,0,0,0,CR-ALDER CUTOFF RD E,,-122.2512889,46.83513889,98328,0,1,5,Others,13,2,45,4,0,0,1,2,1,1,1,2,2,1,Going Straight,1,2,53,,0,49,442,2013,0,,8,,,,,,1,1,59,2,0,,0,0,3,0,11,0,,,,,0,0,3,3,1,0,,,,96,,,,,,98,,,,,,99218,53,62,162,6,1,0,0,0,0,,0,,,,,,0,,,20,0,0,0,8,9,2,,,0,,,8,8,9,999,,,99,,,9,99,999,,,,,,,,,,,,,,,,,,,,,,,,,,,,,,0,0,0,0,0,0,0,0,0,1,1,0,0,0,0,0,0,0,0,0,0,0,0,0,0,0,0,0,0,1,0,1,0,0,0,,0,0,0,0,0,0,0,0,0,0,0,0,0,0,0,0,,,,,,56-60,56-65,County road,U,Sunday,Belt Used,PV,Not Fatal,0,0,0,0,County Road,County Sheriff,Spokane County Sheriff's Office,0,0,1,0,0,,,,,,0,0,0,,,,,,,,,,,98,98,98,0,,,,,20,,,,,,,,,1,0,,,HASTINGS RD,0.8,NULL,
2021,33,635381,2,02-02-2021,16:12,2,2,Feb,,57,Skagit,0,10,,1,1,2,1,0,4,4,,,,12,0,1,Front-to-Rear,46.1,3,0,3,T Intersection,3,1,1,3,0,0,0,0,SR-20,TIBBLES LN,-122.5956611,48.44827778,98221,0,4,98,Others,62,4,50,63,0,0,1,2,12,1,2,2,1,1,Going Straight,1,3,53,,0,20,473,2005,0,,64,24,12,,,,1,1,48,1,0,,0,0,3,0,11,0,,,,,0,0,0,3,1,87,,,,12,,,,,,98,,,,,,98226,53,65,140,6,1,0,1,0,0,,0,,,,,,4,07-15-2018,07-15-2018,1,0,0,0,8,9,2,,,0,,,8,8,0,0,,,0,,,0,0,996,,,,,,,,,,,,,,,,,,,,,,,,,,,,,,0,0,0,0,0,0,1,1,1,0,0,0,1,0,0,0,1,0,0,1,0,0,0,1,1,1,0,0,0,1,0,0,0,0,0,,0,0,0,0,0,0,0,0,1,1,0,0,0,0,0,0,,,,,,46-50,46-55,Interstate,U,Tuesday,Belt Used,PV,Not Fatal,0,0,0,0,State Route,State Patrol,Washington State Patrol,0,1,0,0,0,,,,,,0,0,0,,,,,,,,,,,98,98,98,0,,,,,20,,,,,,,,,1,0,,,,,,
2021,33,635380,2,02-02-2021,16:12,2,2,Feb,,57,Skagit,0,10,,1,1,2,1,0,4,4,,,,12,0,1,Front-to-Rear,46.1,3,0,3,T Intersection,3,1,1,3,0,0,0,0,SR-20,TIBBLES LN,-122.5956611,48.44827778,98221,0,3,98,Others,98,7,50,3,0,0,1,2,12,1,2,2,1,5,Others,1,1,53,,0,59,35,2006,0,,12,,,,,,1,1,22,1,0,,0,0,3,0,11,0,,,,,0,0,0,3,1,87,,,,12,,,,,,98,,,,,,98248,53,64,154,6,1,0,1,0,1,,0,,,,,,4,12-15-2021,06-15-2021,8,0,0,0,8,9,2,,,0,,,8,8,0,0,,,0,,,0,0,996,,,,,,,,,,,,,,,,,,,,,,,,,,,,,,0,0,0,0,0,0,1,1,1,0,0,0,1,0,0,0,1,0,0,1,0,0,0,1,1,1,0,0,0,1,0,0,0,0,0,,0,0,0,0,0,0,0,0,1,1,0,0,0,0,0,0,,,,,,21-25,16-25,Interstate,U,Tuesday,Belt Used,PV,Not Fatal,0,0,0,0,State Route,State Patrol,Washington State Patrol,0,1,0,0,0,,,,,,0,0,0,,,,,,,,,,,98,98,98,0,,,,,20,,,,,,,,,1,0,,,,,,
2021,33,635379,2,02-02-2021,16:12,2,2,Feb,,57,Skagit,0,10,,1,1,2,1,0,4,4,,,,12,0,1,Front-to-Rear,46.1,3,0,3,T Intersection,3,1,1,3,0,0,0,0,SR-20,TIBBLES LN,-122.5956611,48.44827778,98221,0,2,21,Others,53,3,50,34,0,0,1,5,12,1,2,2,1,5,Others,1,2,53,,0,48,44,2006,0,,12,69,12,,,,1,1,66,1,7,,4,7,20,7,11,0,12/21/2021,16:10,74053065744,65744,6,0,0,3,1,58,87,,,12,,,,,,98,,,,,,98244,53,72,245,6,1,0,0,0,2,,0,,,,,,0,04-15-2018,10-15-2019,1,0,0,0,0,9,8,,,0,,,8,8,2,996,996,695,1,1,1,2,1,0,,,,,,,,,,,,,,,,,,,,,,,,,,,,,,0,0,0,0,0,0,1,1,1,0,0,0,1,0,0,0,1,0,0,1,0,0,0,1,1,1,0,0,0,1,0,0,0,1,0,,1,0,0,0,0,0,1,1,1,0,0,0,0,0,1,0,,,,,,66-70,66-75,Interstate,U,Tuesday,Not Used,PV,White,0,0,0,0,State Route,State Patrol,Washington State Patrol,0,1,0,0,0,,,carboxy-thc,100,,0,0,0,1,1,,,,605,996,,,,98,98,98,1,,,,,20,,,,,,,,nms,1,0,,,,,,
2021,33,635378,2,02-02-2021,16:12,2,2,Feb,,57,Skagit,0,10,,1,1,2,1,0,4,4,,,,12,0,1,Front-to-Rear,46.1,3,0,3,T Intersection,3,1,1,3,0,0,0,0,SR-20,TIBBLES LN,-122.5956611,48.44827778,98221,0,1,20,Others,50,3,50,5,0,0,1,2,12,1,2,2,1,6,Others,1,2,53,,0,2,403,2010,0,,12,,,,,,1,1,38,2,0,,3,0,3,0,11,5,,,,,0,0,0,3,1,0,,,,96,,,,,,98,,,,,,99301,53,62,150,6,1,0,0,0,0,,0,,,,,,0,,,1,0,0,0,8,9,8,,,0,,,8,8,8,95,,,96,,,8,95,995,,,,,,,,,,,,,,,,,,,,,,,,,,,,,,0,0,0,1,1,1,1,1,0,0,0,0,0,1,0,0,0,0,0,0,0,0,0,1,1,0,0,0,0,1,0,0,0,0,0,,0,0,0,0,0,0,0,0,0,0,0,0,0,0,0,0,,,,,,36-40,36-45,City street,U,Monday,Belt Used,PV,Not Fatal,0,1,1,0,City Street,Municipal/City Police,Kennewick Police Department,0,0,0,1,0,,,,,,0,0,0,,,,,,,,,,,98,98,98,0,,,,,20,,,,,,,,,1,0,,,,,,
2020,33,634655,159,01-30-2020,02:42,30,1,Jan,,5,Benton,1020,1,,3,1,2,1,0,1,1,,,,33,0,0,No vehicle,0,3,0,5,Traffic Circle,4,2,4,6,0,0,0,0,W 10TH AVE,S STEPTOE ST,-119.2440806,46.20095833,,0,1,14,Others,14,2,35,14,0,0,1,2,1,1,1,2,1,1,Going Straight,1,1,53,,0,42,42,2021,0,,68,12,,,,,1,1,25,1,1,,4,7,3,0,11,0,12/27/2021,19:25,1.02E+11,66639,0,0,3,2,1,28,,,,96,,,,,,98,,,,,,99337,53,68,175,1,1,2,2,1,0,,0,,,,,,0,11-15-2017,07-15-2019,9,0,0,0,0,9,8,,,0,,,8,8,2,401,,,1,,,2,1,0.193,,,,,,,,,,,,,,,,,,,,,,,,,,,,,,0,0,0,1,1,1,1,1,0,0,0,0,0,1,0,0,0,0,0,0,0,0,0,1,1,0,0,0,0,1,0,0,0,0,0,,1,0,0,0,0,1,1,1,0,0,0,1,0,0,0,1,,,,,,21-25,16-25,City street,U,Monday,Belt Used,PV,Hispanic,0,1,1,0,City Street,Municipal/City Police,Kennewick Police Department,0,0,0,1,0,,,,,,1,1,0,,,,,,,,,,,98,98,98,1,,,,,20,,,,,,,,,1,0,,,,,,
2019,33,633855,4,02-01-2019,20:10,1,2,Feb,,51,Pend Oreille,0,2,0,2,2,2,1,0,3,3,,,,12,0,2,Front-to-Front,321.2,1,0,1,No intersection,3,1,1,2,0,0,0,0,US-2,,-117.1279833,48.14793333,99156,0,3,98,Others,98,7,60,66,1,0,1,5,12,1,2,2,1,1,Going Straight,1,3,53,,0,72,706,2020,0,,8,,,,,,1,1,27,1,0,,2,0,20,7,11,0,,,,,0,0,0,3,1,33,,,,96,,,,,,98,,,,,,98902,53,71,210,6,1,0,1,2,2,,1,,,,,,3,04-15-2017,08-15-2020,20,8,0,0,8,9,8,,,0,,,8,8,8,95,,,96,,,2,1,997,,,,,,,,,,,,,,,,,,,,,,,,,,,,,,0,0,0,0,0,0,0,0,0,1,0,1,1,0,0,0,0,0,0,0,0,0,0,0,0,0,0,0,1,0,0,1,0,0,0,0,0,0,0,0,0,0,0,0,0,1,0,0,0,0,0,0,,,,,,26-30,26-35,City street,U,Saturday,,MC,Not Fatal,0,0,0,0,City Street,Municipal/City Police,Yakima Police Department,0,0,0,1,0,,,,,,0,0,2,,,,,,,,,,,0,0,0,0,,,,,5,,,,,,,,,1,0,,,,,,
2019,33,633854,4,02-01-2019,20:10,1,2,Feb,,51,Pend Oreille,0,2,0,2,2,2,1,0,3,3,,,,12,0,2,Front-to-Front,321.2,1,0,1,No intersection,3,1,1,2,0,0,0,0,US-2,,-117.1279833,48.14793333,99156,0,2,51,Lateral Move(Going Straight),62,4,60,6,0,0,1,2,12,1,2,2,1,1,Going Straight,1,2,53,,0,49,482,2008,0,,12,,,,,,1,1,19,1,0,,1,0,3,0,11,0,,,,,0,0,3,3,1,0,,,,96,,,,,,98,,,,,,99008,53,71,190,6,1,0,0,0,0,,0,,,,,,0,,,1,0,0,0,8,9,8,,,0,,,8,8,0,0,,,0,,,0,0,996,,,,,,,,,,,,,,,,,,,,,,,,,,,,,,0,0,0,1,0,0,1,1,0,0,0,0,1,0,0,0,0,0,0,1,0,1,1,0,1,0,0,0,0,1,0,0,0,0,0,,0,0,0,0,0,0,0,0,0,0,0,0,0,0,0,0,,,,,,18-20,16-25,State route,R,Wednesday,Belt Used,PV,Not Fatal,0,0,0,0,State Route,State Patrol,Washington State Patrol,0,1,0,0,0,,,,,,0,0,0,,,,,,,,,,,98,98,98,0,,,,,20,,,,,,,,,1,0,,,,,,
2019,33,633853,4,02-01-2019,20:10,1,2,Feb,,51,Pend Oreille,0,2,0,2,2,2,1,0,3,3,,,,12,0,2,Front-to-Front,321.2,1,0,1,No intersection,3,1,1,2,0,0,0,0,US-2,,-117.1279833,48.14793333,99156,0,1,50,Lateral Move(Left/Right),10,2,98,5,0,0,1,2,12,1,2,2,1,6,Others,1,2,53,,0,18,22,2006,0,,68,12,,,,,1,1,18,1,99,,4,0,20,7,11,5,12/24/2021,12:49,2.11E+11,66211,0,0,3,3,1,28,,,,96,,,,,,98,,,,,,99371,53,73,280,6,1,0,0,0,0,,0,,,,,,4,,,20,0,0,0,0,9,8,,,0,,,8,8,2,348,,,1,,,2,1,0,,,,,,,,,,,,,,,,,,,,,,,,,,,,,,0,0,0,1,0,0,1,1,0,0,0,0,1,0,0,0,0,0,0,1,0,1,1,0,1,0,0,0,0,1,0,0,0,1,0,,1,0,0,0,0,0,1,1,0,1,0,0,0,0,1,0,,,,,,18-20,16-25,State route,R,Wednesday,Not Used,PV,White,0,0,0,0,State Route,State Patrol,Washington State Patrol,0,1,0,0,0,,,,,,0,0,0,,,,,,,,,,,98,98,98,1,,,,,20,,,,,,,,,1,0,,,,,,
2017,33,632368,1,01-07-2017,17:55,7,1,Jan,0,77,Yakima,1440,4,0,2,3,2,2,0,2,1,,,,3,0,0,No vehicle,190.4,1,0,1,No intersection,2,2,1,2,0,0,0,0,US-12,,-120.6830778,46.72024722,98937,0,1,0,Others,6,1,60,34,0,0,1,2,3,1,1,1,2,1,Going Straight,2,1,53,,0,42,55,2017,0,,8,,,,,,1,1,58,1,0,,0,0,3,0,11,0,,,,,0,0,3,3,1,0,,,,96,,,,,,98,,,,,,98188,53,64,160,6,1,0,0,0,1,,76,,,,,,0,02-15-2020,02-15-2020,20,0,0,0,8,9,8,,,0,,,8,8,8,95,,,96,,,8,95,995,,,,,,,,,,,,,,,,,,,,,,,,,,,,,,0,0,0,0,0,0,0,0,0,0,0,0,0,0,0,0,0,0,0,0,0,0,0,0,0,0,0,0,0,1,0,1,0,0,0,,0,0,0,0,0,0,0,0,0,0,0,0,0,0,0,0,,,,,,56-60,56-65,City street,U,Friday,Belt Used,PV,Not Fatal,0,0,0,0,City Street,Municipal/City Police,Bellingham Police Department,0,0,0,1,0,,,,,,0,0,0,,,,,,,,,,,98,98,98,0,,,,,20,,,,,,,,,1,0,,,,,,
2021,34,635383,11,01-21-2021,17:05,21,1,Jan,,5,Benton,0,1,,5,1,2,1,0,2,2,,,,12,0,2,Front-to-Front,17,1,0,1,No intersection,6,1,2,4,0,0,0,0,CR-ROUTE 4 S,,-119.4286028,46.50484167,,0,2,51,Lateral Move(Going Straight),62,4,60,34,0,0,1,2,12,1,2,2,2,1,Going Straight,1,1,53,,0,49,46,2002,0,,12,,,,,,1,1,69,1,0,,0,0,3,0,11,0,,,,,0,0,3,3,1,0,,,,96,,,,,,0,,,,,,98168,53,64,170,6,1,0,0,0,0,,0,,,,,,0,,,8,0,0,0,8,9,8,,,0,,,8,8,8,95,,,96,,,8,95,995,,,,,,,,,,,,,,,,,,,,,,,,,,,,,,0,0,0,1,0,0,1,1,1,0,0,0,0,0,0,0,0,0,0,1,0,0,0,0,0,1,0,0,0,1,0,0,0,0,0,,0,0,0,0,0,0,0,0,0,0,0,0,0,0,0,0,,,,,,66-70,66-75,City street,U,Wednesday,Belt Used,PV,Not Fatal,1,0,0,0,City Street,County Sheriff,King County Police,0,0,0,1,0,,,,,,0,0,0,,,,,,,,,,,98,98,98,0,,,,,20,,,,,,,,,1,0,,,,,,
2021,34,635382,11,01-21-2021,17:05,21,1,Jan,,5,Benton,0,1,,5,1,2,1,0,2,2,,,,12,0,2,Front-to-Front,17,1,0,1,No intersection,6,1,2,4,0,0,0,0,CR-ROUTE 4 S,,-119.4286028,46.50484167,,0,1,50,Lateral Move(Left/Right),12,2,60,2,0,0,1,2,12,1,2,2,2,1,Going Straight,1,2,53,,0,59,31,2001,0,,12,,,,,,1,1,69,2,7,,4,0,20,7,11,4,12/24/2021,03:09,1.96E+11,68553,0,0,0,3,1,0,,,,96,,,,,,0,,,,,,98168,53,68,130,6,1,0,0,0,0,,0,,,,,,0,,,8,0,0,0,0,9,8,,,0,,,8,8,8,95,,,96,,,8,95,995,,,,,,,,,,,,,,,,,,,,,,,,,,,,,,0,0,0,1,0,0,1,1,1,0,0,0,0,0,0,0,0,0,0,1,0,0,0,0,0,1,0,0,0,1,0,0,0,1,0,,1,0,0,0,0,0,0,0,0,0,0,0,0,0,0,0,,,,,,66-70,66-75,City street,U,Wednesday,Not Used,PV,White,1,0,0,0,City Street,County Sheriff,King County Police,0,0,0,1,0,,,,,,0,0,0,,,,,,,,,,,98,98,98,1,,,,,20,,,,,,,,,1,0,,,,,,
2020,34,634603,42,02-01-2020,13:46,1,2,Feb,,67,Thurston,0,1,,1,1,2,1,0,1,1,,,,42,0,0,No vehicle,4.5,1,0,1,No intersection,5,1,2,4,0,0,0,0,CR-RAINIER RD SE,,-122.755,46.93015,98576,0,1,1,Driver Off Road,13,2,50,4,0,0,1,5,42,1,1,2,1,1,Going Straight,1,1,53,,0,7,442,1996,0,,12,12,,,,,1,1,55,2,0,,0,0,3,0,11,0,,,,,0,0,0,3,1,39,,,,96,,,,,,98,,,,,,98125,53,66,126,6,1,0,0,0,0,,0,,,,,,0,,,8,0,0,0,8,9,8,,,0,,,8,8,2,996,605,,1,1,,2,1,0,,,,,,,,,,,,,,,,,,,,,,,,,,,,,,0,0,0,1,0,0,1,1,1,0,0,0,0,0,0,0,0,0,0,1,0,0,0,0,0,1,0,0,0,1,0,0,0,0,0,,0,0,0,0,0,0,1,1,0,0,0,0,0,0,1,0,,,,,,51-55,46-55,City street,U,Wednesday,Belt Used,PV,Not Fatal,1,0,0,0,City Street,County Sheriff,King County Police,0,0,0,1,0,,,carboxy-thc,18,,0,0,0,,,,,,,,,,,0,0,0,0,,,,,20,,,,,,,,,1,0,,,,,,
2018,34,633116,25,01-25-2018,18:08,25,1,Jan,0,33,King,1958,2,0,3,2,2,1,1,1,1,,,,8,0,0,No vehicle,13.4,1,0,1,No intersection,3,2,1,3,0,0,0,0,SR-99,,-122.2974028,47.41535,98089,0,1,13,Pedestrian/Animal,80,5,45,4,0,0,1,5,8,1,1,3,2,1,Going Straight,1,2,53,,0,20,37,2015,0,,8,,,,,,1,1,35,1,0,,0,0,99,7,11,0,,,,,0,0,0,3,1,0,,,,96,,,,,,98,,,,,,98662,53,66,160,6,1,0,0,0,1,,0,,,,,,0,05-15-2020,05-15-2020,1,0,0,0,8,9,8,,,0,,,8,8,0,0,,,0,,,0,0,996,,,,,,,,,,,,,,,,,,,,,,,,,,,,,,0,0,0,0,0,0,0,0,0,0,0,0,0,0,0,0,0,0,0,0,0,0,0,0,0,0,0,0,0,1,0,1,0,0,0,,0,0,0,0,0,0,0,0,0,0,0,0,0,0,0,0,,,,,,31-35,26-35,State route,U,Sunday,Unknown,PV,Not Fatal,0,0,0,0,State Route,State Patrol,Washington State Patrol,0,1,0,0,0,,,,,,0,0,0,,,,,,,,,,,98,98,98,0,,,,,20,,,,,,,,,1,23,,,,,,