year,something,Cases,repjur,crash_dt,crash_tm,accday,Month,Month,holiday,county,co_char,city,weather,weather2,lightcond,surfcond,surftype,Number of Fatalities,nmforms,pforms,vforms,not_tm,arr_tm,hosp_tm,fhevent,hitrun,Manner of Collision,Manner of Collision,milepnt,reljunc,reljuncinter,intersectiontype,Intersection Type,funcsystem,landuse,ownership,route,schlbus,spejur,contdev,devfunc,trafid1,trafid2,x,y,zipcode,wk_zone,vnumber,crashtype,Crash Type,criticalevent,criticaleventcat,spdlim,body,trailer,emerg,hazcargo,leave,mhevent,roadalgn,roadprof,traflane,trafflow,Vehicle Manure,Vehicle Manure,numoccs,regowner,regstate,,spuse,make,model,modelyr,vrf1,vrf2,seqevent1,seqevent2,seqevent3,seqevent4,seqevent5,seqevent6,pnumber,ptype,age,sex,hispanic,race,injury,diedscene,restraint,restraintmisuse,seatpos,takehosp,death_dt,death_tm,cert,cernum_wa,commlic,licendor,licrestrict,liccomp,drivpres,drf1,drf2,drf3,drf4,distract1,distract2,distract3,distract4,distract5,distract6,dricond1,dricond2,dricond3,dricond4,dricond5,dricond6,dzip,licstate,drhgt_in,weight,noncdl,noncdltype,prevdwi,prevoth,prevacc,prevspd,prevsus,driviol1,driviol2,driviol3,driviol4,driviol5,driviol6,spdrel,first_dt,last_dt,airbag,ejection,ejectpath,extricat,injurwrk,methalc,methdrug,nmlocat,strikveh,prf1,prf2,prf3,druginv,alcinvol,drugsts,drugres1,drugres2,drugres3,drugtst1,drugtst2,drugtst3,alcsts,alctst,alcres,nmact1,nmact2,nmact3,nmact4,nmact5,nmact6,nmprior1,nmprior2,nmprior3,nmprior4,nmprior5,nmprior6,nmcond1,nmcond2,nmcond3,nmcond4,nmcond5,nmcond6,nmsafe_helmet,nmsafe_pads,nmsafe_oth,nmprev_ref,nmprev_lgt,nmprev_oth,crashlocation,nmcrashtype,crosswalk,schoolzone,sidewalk,train_inv,wildlife_inv,rotr_fars,intersect_fars,Drink and Drive,aid_inv,Drug Positive Drivers,Impaired Drivers,Marijuana Positive,impnm_inv,ainm_inv,dpnm_inv,speed_inv,unlic_inv,unendmc_inv,drowsy_inv,drdist_inv,nmdist_inv,fty_inv,unrestfat_inv,dr1617_inv,dr1820_inv,dr1620_inv,dr2125_inv,dr1625_inv,dr65_inv,dr70_inv,dr75_inv,mc_inv,pv_inv,ht_inv,ped_inv,bike_inv,unrest_fat,mc_fat,unhelmet_mc,pv_fat,ht_fat,ped_fat,bike_fat,dr_alc7,dr_alc8,dr_drug,dr_imp,dr_dist,dr_spd,dr_fty,dr_unlic,dr_alc7only,dr_alc8only,dr_drugonly,dr_drink,nm_imp,nm_alc7,nm_alc8,nm_drug,nm_dist,agegrp1,agegrp2,roadclass,urbrur,dayweek,restuse,vehtype,race_me,intersect,lanedep,oppdir,wrongway,rep_typ,investag,repag_long,rotr,st_rd,cty_rd,city_rd,oth_rd,drug_thc,thc_res,drug_cthc,cthc_res,drug_cann,prevpersemin,prevperse,prevsusoth,drugtst4,drugtst5,drugtst6,drugtst7,drugtst8,drugres4,drugres5,drugres6,drugres7,drugres8,adspresent,adsengaged,adslevel,race1,race2,race3,race4,race5,helmet,helmetmisuse,nmdistract1,nmdistract2,nmdistract3,nmdistract4,nmdistract5,nmdistract6,lab,isedtcase,crf1,crf2,crf3,CoRoadName,CoMP,IntCoRoadName,IntCoMP
2017,34,632375,1,01-24-2017,23:20,24,1,Jan,0,77,Yakima,0,5,0,2,1,1,1,0,2,2,23:28,23:48,00:23,12,0,2,Front-to-Front,48,1,0,1,No intersection,1,1,1,1,0,0,0,0,I-82,,-120.3454889,46.43440556,98953,0,2,52,Others,54,3,70,4,0,0,1,2,12,3,1,2,2,14,Making a U turn,1,1,53,,0,2,404,2013,0,,12,,,,,,1,1,57,1,0,,1,0,3,0,11,0,,,,,0,0,3,3,1,0,,,,96,,,,,,98,,,,,,98328,53,73,240,6,1,0,0,0,0,,0,,,,,,0,,,20,0,0,0,8,9,8,,,0,,,8,8,0,0,,,0,,,0,0,996,,,,,,,,,,,,,,,,,,,,,,,,,,,,,,0,0,0,1,1,1,1,1,1,0,0,0,0,1,0,0,0,0,0,0,0,0,0,1,1,0,0,0,0,1,0,0,0,0,0,,0,0,0,0,0,0,0,0,0,0,0,0,0,0,0,0,,,,,,56-60,56-65,State route,R,Friday,Belt Used,PV,Not Fatal,1,0,0,0,State Route,State Patrol,Washington State Patrol,0,1,0,0,0,,,,,,0,0,0,,,,,,,,,,,98,98,98,0,,,,,20,,,,,,,,,1,0,,,,,,
2017,34,632374,1,01-24-2017,23:20,24,1,Jan,0,77,Yakima,0,5,0,2,1,1,1,0,2,2,23:28,23:48,00:23,12,0,2,Front-to-Front,48,1,0,1,No intersection,1,1,1,1,0,0,0,0,I-82,,-120.3454889,46.43440556,98953,0,1,52,Others,54,3,98,4,0,0,1,2,12,2,1,2,2,14,Making a U turn,1,2,53,,0,20,20,2001,0,,12,68,12,,,,1,1,22,2,7,,4,7,3,0,11,0,12/24/2021,19:18,53067981,67981,0,0,0,3,1,0,,,,96,,,,,,98,,,,,,98266,53,67,200,6,1,0,0,1,0,,0,,,,,,0,03-15-2021,03-15-2021,8,2,9,0,0,9,8,,,0,,,8,8,2,695,605,,1,1,,2,1,0,,,,,,,,,,,,,,,,,,,,,,,,,,,,,,0,0,0,1,1,1,1,1,1,0,0,0,0,1,0,0,0,0,0,0,0,0,0,1,1,0,0,0,0,1,0,0,0,0,0,,1,0,0,0,0,0,1,1,0,0,0,0,0,0,1,0,,,,,,21-25,16-25,State route,R,Friday,Belt Used,PV,White,1,0,0,0,State Route,State Patrol,Washington State Patrol,0,1,0,0,0,thc,7.6,carboxy-thc,100,,0,0,0,,,,,,,,,,,98,98,98,1,,,,,20,,,,,,,,nms,1,0,,,,,,
2019,34,633859,290,02-05-2019,18:20,5,2,Feb,,53,Pierce,2230,1,0,3,1,2,1,1,1,1,,,,8,1,0,No vehicle,0,3,0,2,4 Way,4,2,4,6,0,3,3,3,E 27TH ST,PORTLAND AVE,-122.4106139,47.23962778,98421,0,1,13,Pedestrian/Animal,80,5,30,66,1,0,1,5,8,1,1,3,4,10,Others,99,9,99,,0,12,471,1997,0,,12,,,,,,1,1,21,1,0,,2,0,20,7,11,0,,,,,0,0,0,2,1,39,,,,96,,,,,,9,,,,,,98466,53,70,155,1,1,0,2,2,1,,12,,,,,,0,04-15-2018,07-15-2021,20,0,0,0,8,9,8,,,0,,,1,1,2,695,605,,1,1,,2,1,0.13,,,,,,,,,,,,,,,,,,,,,,,,,,,,,,0,0,0,1,1,1,1,1,1,0,0,0,0,1,0,0,0,0,0,0,0,0,0,1,1,0,0,0,0,1,0,0,0,0,0,,0,0,0,0,0,1,1,1,0,0,0,1,0,0,0,1,,,,,,21-25,16-25,State route,R,Friday,Not Used,PV,Not Fatal,1,0,0,0,State Route,State Patrol,Washington State Patrol,0,1,0,0,0,thc,11,carboxy-thc,85,,0,0,0,,,,,,,,,,,0,0,0,0,,,,,20,,,,,,,,,1,0,,,,,,
2021,35,635388,39,02-07-2021,01:25,7,2,Feb,,61,Snohomish,0,10,,2,1,2,1,1,3,2,,,,9,0,0,No vehicle,,1,0,1,No intersection,4,1,2,4,0,0,0,0,CR-84TH ST NE,,-122.0340417,48.07239167,98258,0,2,98,Others,98,7,50,20,0,0,1,5,9,1,2,2,1,1,Going Straight,2,2,53,,0,20,404,2005,0,,8,,,,,,1,1,72,2,0,,0,0,3,0,11,0,,,,,0,0,0,3,1,0,,,,96,,,,,,98,,,,,,98366,53,61,105,6,1,0,0,0,0,,0,,,,,,0,,,20,0,0,0,8,9,2,,,0,,,8,8,0,0,,,0,,,0,0,996,,,,,,,,,,,,,,,,,,,,,,,,,,,,,,0,0,0,0,0,0,0,0,0,1,0,1,0,0,0,0,0,1,0,0,0,0,0,0,0,1,1,0,0,1,0,1,0,0,0,,0,0,0,0,0,0,0,0,0,0,0,0,0,0,0,0,,,,,,71-75,66-75,City street,U,Wednesday,Belt Used,PV,Not Fatal,0,0,0,0,City Street,Municipal/City Police,Port Orchard Police Department,0,0,0,1,0,,,,,,0,0,0,,,,,,,,,,,98,98,98,0,,,,,20,,,,,,,,,1,0,,,,,,
2021,35,635387,39,02-07-2021,01:25,7,2,Feb,,61,Snohomish,0,10,,2,1,2,1,1,3,2,,,,9,0,0,No vehicle,,1,0,1,No intersection,4,1,2,4,0,0,0,0,CR-84TH ST NE,,-122.0340417,48.07239167,98258,0,1,13,Pedestrian/Animal,83,5,50,34,0,0,1,2,9,1,2,2,1,1,Going Straight,1,2,53,,0,12,402,2009,0,,12,,,,,,1,1,68,1,0,,3,0,3,0,11,5,,,,,0,0,0,3,1,0,,,,96,,,,,,98,,,,,,98802,53,68,225,6,1,0,0,0,0,,0,,,,,,0,,,1,0,0,0,8,9,2,,,0,,,8,8,0,0,,,0,,,0,0,996,,,,,,,,,,,,,,,,,,,,,,,,,,,,,,0,0,0,0,0,0,0,0,0,0,0,0,1,0,0,0,0,0,0,0,0,0,0,0,0,1,0,0,0,1,0,0,0,0,0,,0,0,0,0,0,0,0,0,0,0,0,0,0,0,0,0,,,,,,66-70,66-75,US highway,R,Monday,Belt Used,PV,Not Fatal,0,1,1,0,State Route,State Patrol,Washington State Patrol,0,1,0,0,0,,,,,,0,0,0,,,,,,,,,,,98,98,98,0,,,,,20,,,,,,,,,1,0,,,,,,
2020,35,634607,14,02-02-2020,16:28,2,2,Feb,,11,Clark,0,1,,1,1,2,1,0,1,1,,,,42,0,0,No vehicle,0.7,1,0,1,No intersection,7,1,2,4,0,0,0,0,CR-SE 20TH ST,,-122.3247528,45.60718889,98671,0,1,6,Drive off road,12,2,50,14,0,0,1,2,42,1,1,2,1,1,Going Straight,1,2,53,,0,37,32,2001,0,,68,12,,,,,1,1,39,1,0,,3,0,3,0,11,5,,,,,0,0,0,3,1,28,87,,,96,,,,,,98,,,,,,98802,53,64,154,6,1,0,0,0,0,,52,,,,,,4,,,20,0,0,0,8,9,2,,,0,,,8,8,0,0,,,0,,,0,0,996,,,,,,,,,,,,,,,,,,,,,,,,,,,,,,0,0,0,0,0,0,0,0,0,0,0,0,1,0,0,0,0,0,0,0,0,0,0,0,0,1,0,0,0,1,0,0,0,0,0,,0,0,0,0,0,0,0,0,0,1,0,0,0,0,0,0,,,,,,36-40,36-45,US highway,R,Monday,Belt Used,PV,Not Fatal,0,1,1,0,State Route,State Patrol,Washington State Patrol,0,1,0,0,0,,,,,,0,0,0,,,,,,,,,,,98,98,98,0,,,,,20,,,,,,,,,1,0,,,,,,
2019,35,633861,6,01-16-2019,20:50,16,1,Jan,,1,Adams,1630,1,0,2,1,2,1,0,2,2,,,,12,0,6,Angle,40.1,3,0,2,4 Way,3,2,1,3,0,0,0,0,SR-26,MOON ROAD,-119.1871139,46.81145833,99344,0,2,81,Others,62,4,50,4,0,0,1,7,1,1,1,2,1,1,Going Straight,1,2,53,,0,49,472,2011,0,,12,63,14,8,,,1,1,29,1,0,,0,0,3,0,11,0,,,,,0,0,3,3,1,0,,,,96,,,,,,98,,,,,,98284,53,69,160,6,1,0,0,0,0,,0,,,,,,0,,,8,0,0,0,8,9,8,,,0,,,8,8,8,95,,,96,,,8,95,995,,,,,,,,,,,,,,,,,,,,,,,,,,,,,,0,0,0,0,0,0,0,0,0,0,0,0,1,0,0,0,0,0,0,0,0,1,1,0,1,0,0,0,0,1,0,1,0,0,0,,0,0,0,0,0,0,0,0,0,0,0,0,0,0,0,0,,,,,,26-30,26-35,Interstate,R,Tuesday,Belt Used,PV,Not Fatal,0,0,0,0,State Route,State Patrol,Washington State Patrol,0,1,0,0,0,,,,,,0,0,0,,,,,,,,,,,98,98,98,0,,,,,20,,,,,,,,,1,15,19,,,,,
2019,35,633860,6,01-16-2019,20:50,16,1,Jan,,1,Adams,1630,1,0,2,1,2,1,0,2,2,,,,12,0,6,Angle,40.1,3,0,2,4 Way,3,2,1,3,0,0,0,0,SR-26,MOON ROAD,-119.1871139,46.81145833,99344,0,1,80,Others,10,2,50,66,2,0,1,5,12,1,1,2,1,10,Others,1,3,53,,0,12,461,2003,0,,12,63,,,,,1,1,20,2,0,,0,0,3,0,11,0,,,,,0,0,0,3,1,87,,,,96,,,,,,98,,,,,,98270,53,62,115,6,1,0,0,0,0,,2,,,,,,4,,,20,0,0,0,8,9,8,,,0,,,8,8,0,0,,,0,,,0,0,996,,,,,,,,,,,,,,,,,,,,,,,,,,,,,,0,0,0,0,0,0,0,0,0,0,0,0,1,0,0,0,0,0,0,0,0,1,1,0,1,0,0,0,0,1,0,1,0,0,0,,0,0,0,0,0,0,0,0,0,1,0,0,0,0,0,0,,,,,,18-20,16-25,Interstate,R,Tuesday,Belt Used,PV,Not Fatal,0,0,0,0,State Route,State Patrol,Washington State Patrol,0,1,0,0,0,,,,,,0,0,0,,,,,,,,,,,98,98,98,0,,,,,20,,,,,,,,,1,15,19,,,,,
2018,35,633114,4,02-02-2018,18:00,2,2,Feb,0,63,Spokane,0,5,0,3,2,2,1,0,2,1,18:54,18:58,19:31,42,0,0,No vehicle,16.8,5,1,1,No intersection,4,1,1,3,0,0,0,0,SR-904,,-117.5934722,47.56429722,99004,0,1,7,Control/Traction Loss,12,2,40,14,0,0,1,2,42,2,1,1,6,14,Making a U turn,2,1,53,,0,35,404,2019,0,,8,,,,,,1,1,72,1,0,,0,0,3,0,11,0,,,,,0,0,0,3,1,0,,,,96,,,,,,0,,,,,,99217,53,74,215,6,1,0,0,0,0,,0,,,,,,0,,,20,0,0,0,8,9,2,,,0,,,8,8,0,0,,,0,,,0,0,996,,,,,,,,,,,,,,,,,,,,,,,,,,,,,,0,0,0,0,0,0,0,0,0,1,0,1,0,0,0,0,0,0,0,0,0,0,0,0,0,1,1,0,0,1,0,1,0,0,0,,0,0,0,0,0,0,0,0,0,0,0,0,0,0,0,0,,,,,,71-75,66-75,City street,U,Thursday,Belt Used,PV,Not Fatal,0,0,0,0,City Street,Municipal/City Police,Spokane Police Department,0,0,0,1,0,,,,,,0,0,0,,,,,,,,,,,98,98,98,0,,,,,20,,,,,,,,,1,0,,,,,,
2017,35,631434,305,01-11-2017,17:00,11,1,Jan,0,11,Clark,2370,4,0,3,4,2,1,2,1,1,,,,8,1,0,No vehicle,0,2,0,3,T Intersection,4,2,4,6,0,0,2,3,SE 10TH ST,SE NANCY RD,-122.5551722,45.61434167,98664,0,1,13,Pedestrian/Animal,16,2,98,99,0,0,1,5,8,1,2,4,1,10,Others,99,9,99,,0,42,48,2010,0,,12,,,,,,1,1,78,1,7,,4,7,3,0,11,0,12/18/2021,13:00,53066537,66537,0,0,0,3,1,0,,,,96,,,,,,98,,,,,,98201,53,72,175,6,1,0,0,0,0,,0,,,,,,0,,,1,0,0,0,0,9,8,,,0,,,8,8,2,1,,,1,,,2,1,0,,,,,,,,,,,,,,,,,,,,,,,,,,,,,,0,0,0,0,0,0,0,0,0,0,0,0,0,0,0,0,0,0,0,0,0,0,0,0,0,1,1,1,0,1,0,0,0,0,0,,1,0,0,0,0,0,0,0,0,0,0,0,0,0,0,0,,,,,,76-80,76+,State route,R,Saturday,Belt Used,PV,White,0,1,1,0,State Route,State Patrol,Washington State Patrol,0,1,0,0,0,,,,,,0,0,0,,,,,,,,,,,98,98,98,1,,,,,20,,,,,,,,,1,0,,,,,,
2021,36,635390,8,02-07-2021,19:22,7,2,Feb,,27,Grays Harbor,0,10,,2,2,2,1,0,2,2,,,,12,0,2,Front-to-Front,1.5,1,0,1,No intersection,5,1,2,8,0,3,0,0,MOCLIPS HWY,,-124.1961722,47.25812222,98562,0,2,51,Lateral Move(Going Straight),62,4,50,15,0,0,1,2,12,3,2,2,1,14,Making a U turn,1,2,53,,0,12,401,2017,0,,68,12,2,,,,1,1,39,2,0,,3,0,20,7,11,5,,,,,0,0,3,3,1,28,,,,96,,,,,,9,,,,,,98087,53,68,160,6,1,0,0,1,1,,1,,,,,,0,03-15-2019,04-15-2021,1,0,0,0,8,9,8,,,0,,,1,8,0,0,,,0,,,0,0,996,,,,,,,,,,,,,,,,,,,,,,,,,,,,,,0,0,0,0,0,0,0,0,0,0,0,0,0,0,0,0,0,0,0,0,0,0,0,0,0,1,1,1,0,1,0,0,0,0,0,,0,0,0,0,0,0,0,0,0,0,0,0,0,0,0,0,,,,,,36-40,36-45,State route,R,Saturday,Not Used,PV,Not Fatal,0,1,1,0,State Route,State Patrol,Washington State Patrol,0,1,0,0,0,,,,,,0,0,0,,,,,,,,,,,98,98,98,0,,,,,20,,,,,,,,,1,0,,,,,,
2021,36,635389,8,02-07-2021,19:22,7,2,Feb,,27,Grays Harbor,0,10,,2,2,2,1,0,2,2,,,,12,0,2,Front-to-Front,1.5,1,0,1,No intersection,5,1,2,8,0,3,0,0,MOCLIPS HWY,,-124.1961722,47.25812222,98562,0,1,50,Lateral Move(Left/Right),10,2,50,4,0,0,1,2,12,2,2,2,1,14,Making a U turn,1,2,53,,0,54,421,2005,0,,8,,,,,,1,1,30,2,0,,9,0,3,0,11,0,,,,,0,0,0,3,1,0,,,,92,,,,,,98,,,,,,99205,53,62,143,6,1,0,2,0,5,,0,,,,,,0,09-15-2019,09-15-2020,20,0,0,0,8,9,2,,,0,,,8,8,0,0,,,0,,,0,0,996,,,,,,,,,,,,,,,,,,,,,,,,,,,,,,0,0,0,1,0,0,0,0,0,1,1,0,0,0,0,0,1,0,0,0,0,0,0,0,0,0,0,0,0,1,0,1,0,0,0,,0,0,0,0,0,0,0,0,1,0,0,0,0,0,0,0,,,,,,26-30,26-35,City street,U,Friday,Belt Used,PV,Not Fatal,0,0,0,0,City Street,Municipal/City Police,Spokane Police Department,0,0,0,1,0,,,,,,0,0,2,,,,,,,,,,,98,98,98,0,,,,,20,,,,,,,,,1,0,,,,,,
2019,36,633864,31,02-02-2019,16:51,2,2,Feb,,45,Mason,0,1,0,1,1,2,1,0,5,2,,,,12,0,7,"Sideswipe,Same",1.8,3,0,3,T Intersection,5,1,2,4,0,0,0,0,CR-E PICKERING RD,STRONG RD,-122.9384,47.26893611,98584,0,2,45,Others,60,4,40,34,0,0,1,7,1,3,2,2,1,14,Making a U turn,2,1,53,,0,52,47,2012,0,,8,,,,,,1,1,75,1,0,,0,0,3,0,11,0,,,,,0,0,0,3,1,0,,,,96,,,,,,98,,,,,,98032,53,66,170,6,1,1,2,0,0,,0,,,,,,0,11-15-2019,02-15-2019,20,0,0,0,8,9,8,,,0,,,8,8,8,95,,,96,,,8,95,995,,,,,,,,,,,,,,,,,,,,,,,,,,,,,,0,0,0,0,0,0,0,0,0,0,0,0,0,0,0,0,0,1,0,0,0,0,0,0,0,1,1,1,0,1,0,1,0,0,0,,0,0,0,0,0,0,0,0,0,0,0,0,0,0,0,0,,,,,,71-75,66-75,State route,U,Monday,Belt Used,PV,Not Fatal,1,0,0,0,State Route,County Sheriff,King County Police,0,1,0,0,0,,,,,,0,1,0,,,,,,,,,,,98,98,98,0,,,,,20,,,,,,,,,1,0,,,,,,
2019,36,633863,31,02-02-2019,16:51,2,2,Feb,,45,Mason,0,1,0,1,1,2,1,0,5,2,,,,12,0,7,"Sideswipe,Same",1.8,3,0,3,T Intersection,5,1,2,4,0,0,0,0,CR-E PICKERING RD,STRONG RD,-122.9384,47.26893611,98584,0,1,46,Others,11,2,40,67,0,0,1,7,12,3,2,2,1,6,Others,3,1,53,,0,12,398,1968,0,,63,42,,,,,1,1,51,1,7,,4,7,99,7,11,0,12/20/2021,02:15,53066686,66686,0,0,0,3,1,0,,,,92,,,,,,98,,,,,,98349,53,75,180,6,1,0,0,0,0,,0,,,,,,0,,,99,0,0,0,0,9,8,,,0,,,8,8,2,605,,,1,,,2,1,0.225,,,,,,,,,,,,,,,,,,,,,,,,,,,,,,0,0,1,0,1,1,1,1,1,0,0,0,0,0,0,0,1,0,0,0,0,0,0,0,0,0,0,0,0,1,0,0,0,0,0,,1,0,0,0,0,1,1,1,1,0,0,0,0,0,0,1,,,,,,51-55,46-55,County road,R,Monday,Unknown,PV,White,0,1,0,0,County Road,County Sheriff,Law Enforcement Support Agency,1,0,1,0,0,thc,1.6,,,,0,0,0,,,,,,,,,,,0,0,0,1,,,,,20,,,,,,,,nms,1,0,,,KEY PENINSULA HWY SW,7.14,NULL,
2018,36,633117,7,02-02-2018,01:47,2,2,Feb,0,33,King,1958,1,0,3,2,2,1,1,2,2,,,,14,1,0,No vehicle,0.2,5,1,1,No intersection,3,2,1,3,0,0,0,0,SR-518 RAMP Q100086,,-122.3142722,47.47023056,98186,0,1,7,Control/Traction Loss,10,2,98,34,0,0,1,5,8,1,3,1,6,1,Going Straight,1,1,53,,0,32,54,2015,0,,12,68,64,42,,,1,1,46,1,7,,4,7,3,0,11,0,12/21/2021,00:28,53065996,65996,0,0,0,3,1,0,,,,96,,,,,,98,,,,,,98366,53,69,195,6,1,0,1,0,0,,0,,,,,,4,02-15-2020,02-15-2020,1,0,0,0,0,9,8,,,0,,,8,8,2,1,,,1,,,2,1,0.169,,,,,,,,,,,,,,,,,,,,,,,,,,,,,,0,0,0,0,1,1,0,1,0,0,0,0,1,0,0,0,0,0,0,0,0,0,0,0,0,0,0,0,0,1,0,0,0,0,0,,1,0,0,0,0,1,0,1,0,1,0,0,0,1,0,1,,,,,,46-50,46-55,County road,U,Tuesday,Belt Used,PV,White,0,0,0,0,County Road,County Sheriff,Kitsap County Sheriff's Office,0,0,1,0,0,,,,,,0,0,0,,,,,,,,,,,98,98,98,1,,,,,20,,,,,,,,,1,0,,,MILE HILL DR (SE),0.854,NULL,
2017,36,632377,5,01-23-2017,20:10,23,1,Jan,0,15,Cowlitz,0,1,0,2,1,2,1,0,2,2,20:08,20:42,21:06,12,0,2,Front-to-Front,8.4,1,0,1,No intersection,4,1,1,3,0,0,0,0,SR-504,,-122.7753028,46.31885,98645,1,2,51,Lateral Move(Going Straight),62,4,55,2,0,0,1,2,12,3,1,2,1,14,Making a U turn,1,2,53,,0,2,404,1997,0,,12,1,,,,,1,1,40,1,0,,2,0,3,0,11,5,,,,,0,0,0,3,1,0,,,,96,,,,,,98,,,,,,98366,53,72,200,6,1,0,0,0,0,,0,,,,,,0,,,1,0,0,0,8,9,8,,,0,,,8,8,8,95,,,96,,,8,95,995,,,,,,,,,,,,,,,,,,,,,,,,,,,,,,0,0,0,0,1,1,0,1,0,0,0,0,1,0,0,0,0,0,0,0,0,0,0,0,0,0,0,0,0,1,0,0,0,0,0,,0,0,0,0,0,0,0,0,0,0,0,0,0,0,0,0,,,,,,36-40,36-45,County road,U,Tuesday,Belt Used,PV,Not Fatal,0,0,0,0,County Road,County Sheriff,Kitsap County Sheriff's Office,0,0,1,0,0,,,,,,0,0,0,,,,,,,,,,,0,0,0,0,,,,,20,,,,,,,,,1,0,,,MILE HILL DR (SE),0.854,NULL,
2017,36,632376,5,01-23-2017,20:10,23,1,Jan,0,15,Cowlitz,0,1,0,2,1,2,1,0,2,2,20:08,20:42,21:06,12,0,2,Front-to-Front,8.4,1,0,1,No intersection,4,1,1,3,0,0,0,0,SR-504,,-122.7753028,46.31885,98645,1,1,50,Lateral Move(Left/Right),10,2,55,3,0,0,1,2,12,2,1,2,1,14,Making a U turn,1,1,53,,0,99,999,9999,0,,8,,,,,,1,1,999,9,0,,9,0,99,7,11,0,,,,,99,9,9,9,1,0,,,,96,,,,,,98,,,,,,99999,99,,999,9,9,99,99,99,99,,97,,,,,,0,,,99,0,0,0,8,9,8,,,0,,,8,8,0,0,,,0,,,9,99,999,,,,,,,,,,,,,,,,,,,,,,,,,,,,,,0,0,0,1,0,0,0,0,0,1,1,1,0,0,0,0,0,0,0,0,0,0,0,0,0,0,0,0,0,0,0,1,0,0,0,,0,0,0,0,0,0,0,0,0,0,0,0,0,0,0,0,,,,,,,,State route,U,Monday,,NR-U,Not Fatal,1,0,0,0,State Route,Municipal/City Police,Renton Police Department,0,1,0,0,0,,,,,,99,99,99,,,,,,,,,,,98,98,98,0,,,,,20,,,,,,,,,1,0,,,,,,
2021,37,635391,40,01-04-2021,01:22,4,1,Jan,,63,Spokane,0,10,,6,4,2,1,0,1,1,,,,35,0,0,No vehicle,2.2,1,0,1,No intersection,5,1,2,4,0,0,0,0,CR-S DISHMAN MICA RD,,-117.2523083,47.59050556,99206,0,1,1,Driver Off Road,13,2,45,4,0,0,1,5,35,3,8,2,1,14,Making a U turn,1,1,16,,0,30,42,2019,0,,12,63,14,8,8,8,1,1,33,1,0,,2,0,99,7,11,0,,,,,0,0,0,3,1,0,,,,96,,,,,,9,,,,,,98685,53,70,170,6,1,0,0,0,1,,1,,,,,,0,12-15-2017,12-15-2017,8,0,0,0,8,9,8,,,0,,,8,1,2,1,,,1,,,2,1,0.15,,,,,,,,,,,,,,,,,,,,,,,,,,,,,,0,0,0,0,1,1,0,1,0,1,0,1,0,0,0,0,0,0,0,0,0,0,0,0,0,0,0,0,0,1,0,1,0,0,0,,0,0,0,0,0,1,0,1,0,0,0,0,0,1,0,1,,,,,,31-35,26-35,Interstate,U,Saturday,Unknown,PV,Not Fatal,0,0,0,0,State Route,State Patrol,Washington State Patrol,0,1,0,0,0,,,,,,0,0,0,,,,,,,,,,,98,98,98,0,,,,,20,,,,,,,,,1,14,15,23,,,,
2017,37,3753857,263,01-13-2017,15:07,13,1,Jan,0,33,King,1960,1,0,1,1,2,1,1,1,1,,,,9,0,0,No vehicle,0,1,0,1,No intersection,4,2,4,6,0,0,0,0,S GRAHAM ST,,-122.2861917,47.54603611,98118,0,1,13,Pedestrian/Animal,83,5,98,14,0,0,1,2,9,1,1,2,1,1,Going Straight,1,1,53,,0,82,883,1987,0,,12,63,42,,,,1,1,55,1,0,,2,0,99,7,11,5,,,,,0,2,0,2,1,0,,,,96,,,,,,98,,,,,,98942,53,72,170,1,1,0,3,0,0,,97,,,,,,0,05-15-2018,09-15-2019,99,0,0,0,8,9,8,,,0,,,8,8,0,0,,,0,,,0,0,996,,,,,,,,,,,,,,,,,,,,,,,,,,,,,,0,0,0,0,1,0,0,0,0,0,0,0,0,1,0,0,0,0,0,0,0,0,0,0,0,0,0,0,0,1,1,0,0,0,0,,0,0,0,0,0,0,0,0,0,0,0,1,0,0,0,0,,,,,,51-55,46-55,US highway,R,Thursday,,MHTRUCK,Not Fatal,0,1,1,0,State Route,State Patrol,Washington State Patrol,0,1,0,0,0,,,,,,0,0,1,,,,,,,,,,,0,0,0,0,,,,,20,,,,,,,,,1,0,,,,,,
2020,37,634610,48,02-01-2020,00:54,1,2,Feb,,63,Spokane,22,6,,3,1,2,1,1,1,1,,,,8,0,0,No vehicle,270.6,1,0,1,No intersection,3,2,1,2,0,0,0,0,US-2,,-117.5720222,47.64293611,99001,0,1,13,Pedestrian/Animal,80,5,45,34,0,0,1,5,8,1,1,5,5,1,Going Straight,1,1,53,,0,41,35,2002,0,,68,12,64,42,,,1,1,31,2,0,,3,0,99,7,11,5,,,,,0,0,0,3,1,28,,,,96,,,,,,9,,,,,,98512,53,67,150,6,1,0,0,0,4,,0,,,,,,0,11-15-2019,07-15-2020,20,0,0,0,8,9,8,,,0,,,8,1,0,0,,,0,,,0,0,996,,,,,,,,,,,,,,,,,,,,,,,,,,,,,,0,0,0,0,1,0,0,0,0,0,0,0,0,1,0,0,0,0,0,0,0,0,0,0,0,0,0,0,0,1,1,0,0,0,0,,0,0,0,0,0,0,0,0,0,0,0,0,0,0,0,1,,,,,,31-35,26-35,US highway,R,Thursday,Unknown,PV,Not Fatal,0,1,1,0,State Route,State Patrol,Washington State Patrol,0,1,0,0,0,,,,,,0,0,1,,,,,,,,,,,98,98,98,0,,,,,20,,,,,,,,,1,0,,,,,,