year,something,Cases,repjur,crash_dt,crash_tm,accday,Month,Month,holiday,county,co_char,city,weather,weather2,lightcond,surfcond,surftype,Number of Fatalities,nmforms,pforms,vforms,not_tm,arr_tm,hosp_tm,fhevent,hitrun,Manner of Collision,Manner of Collision,milepnt,reljunc,reljuncinter,intersectiontype,Intersection Type,funcsystem,landuse,ownership,route,schlbus,spejur,contdev,devfunc,trafid1,trafid2,x,y,zipcode,wk_zone,vnumber,crashtype,Crash Type,criticalevent,criticaleventcat,spdlim,body,trailer,emerg,hazcargo,leave,mhevent,roadalgn,roadprof,traflane,trafflow,Vehicle Manure,Vehicle Manure,numoccs,regowner,regstate,,spuse,make,model,modelyr,vrf1,vrf2,seqevent1,seqevent2,seqevent3,seqevent4,seqevent5,seqevent6,pnumber,ptype,age,sex,hispanic,race,injury,diedscene,restraint,restraintmisuse,seatpos,takehosp,death_dt,death_tm,cert,cernum_wa,commlic,licendor,licrestrict,liccomp,drivpres,drf1,drf2,drf3,drf4,distract1,distract2,distract3,distract4,distract5,distract6,dricond1,dricond2,dricond3,dricond4,dricond5,dricond6,dzip,licstate,drhgt_in,weight,noncdl,noncdltype,prevdwi,prevoth,prevacc,prevspd,prevsus,driviol1,driviol2,driviol3,driviol4,driviol5,driviol6,spdrel,first_dt,last_dt,airbag,ejection,ejectpath,extricat,injurwrk,methalc,methdrug,nmlocat,strikveh,prf1,prf2,prf3,druginv,alcinvol,drugsts,drugres1,drugres2,drugres3,drugtst1,drugtst2,drugtst3,alcsts,alctst,alcres,nmact1,nmact2,nmact3,nmact4,nmact5,nmact6,nmprior1,nmprior2,nmprior3,nmprior4,nmprior5,nmprior6,nmcond1,nmcond2,nmcond3,nmcond4,nmcond5,nmcond6,nmsafe_helmet,nmsafe_pads,nmsafe_oth,nmprev_ref,nmprev_lgt,nmprev_oth,crashlocation,nmcrashtype,crosswalk,schoolzone,sidewalk,train_inv,wildlife_inv,rotr_fars,intersect_fars,Drink and Drive,aid_inv,Drug Positive Drivers,Impaired Drivers,Marijuana Positive,impnm_inv,ainm_inv,dpnm_inv,speed_inv,unlic_inv,unendmc_inv,drowsy_inv,drdist_inv,nmdist_inv,fty_inv,unrestfat_inv,dr1617_inv,dr1820_inv,dr1620_inv,dr2125_inv,dr1625_inv,dr65_inv,dr70_inv,dr75_inv,mc_inv,pv_inv,ht_inv,ped_inv,bike_inv,unrest_fat,mc_fat,unhelmet_mc,pv_fat,ht_fat,ped_fat,bike_fat,dr_alc7,dr_alc8,dr_drug,dr_imp,dr_dist,dr_spd,dr_fty,dr_unlic,dr_alc7only,dr_alc8only,dr_drugonly,dr_drink,nm_imp,nm_alc7,nm_alc8,nm_drug,nm_dist,agegrp1,agegrp2,roadclass,urbrur,dayweek,restuse,vehtype,race_me,intersect,lanedep,oppdir,wrongway,rep_typ,investag,repag_long,rotr,st_rd,cty_rd,city_rd,oth_rd,drug_thc,thc_res,drug_cthc,cthc_res,drug_cann,prevpersemin,prevperse,prevsusoth,drugtst4,drugtst5,drugtst6,drugtst7,drugtst8,drugres4,drugres5,drugres6,drugres7,drugres8,adspresent,adsengaged,adslevel,race1,race2,race3,race4,race5,helmet,helmetmisuse,nmdistract1,nmdistract2,nmdistract3,nmdistract4,nmdistract5,nmdistract6,lab,isedtcase,crf1,crf2,crf3,CoRoadName,CoMP,IntCoRoadName,IntCoMP
2019,37,633865,75,02-06-2019,00:13,6,2,Feb,,11,Clark,240,10,0,3,1,1,1,0,2,1,,,,42,0,0,No vehicle,0,1,0,1,No intersection,7,2,4,6,0,0,0,0,NE 3RD AVE,,-122.397525,45.58839167,98607,0,1,1,Driver Off Road,13,2,25,4,0,0,1,7,42,3,1,4,2,14,Making a U turn,2,2,53,,0,12,401,1996,0,,68,68,63,38,19,,1,1,17,1,0,,3,0,99,7,11,5,,,,,0,0,3,3,1,58,,,,96,,,,,,98,,,,,,98682,53,70,220,6,2,0,0,0,0,,0,,,,,,0,,,1,0,0,0,8,9,8,,,0,,,8,8,8,95,,,96,,,8,95,995,,,,,,,,,,,,,,,,,,,,,,,,,,,,,,0,0,1,0,0,0,0,0,0,0,0,0,0,0,0,0,0,0,0,0,1,0,1,0,1,0,0,0,0,1,0,0,0,0,0,,0,0,0,0,0,0,0,0,0,0,0,0,0,0,0,0,,,,,,16-17,16-25,County road,U,Tuesday,Unknown,PV,Not Fatal,0,1,0,0,County Road,County Sheriff,Clark County Sheriff's Office,1,0,1,0,0,,,,,,0,0,0,,,,,,,,,,,0,0,0,0,,,,,20,,,,,,,,,1,0,,,SE NOURSE RD,0.99,NULL,
2021,38,635392,5,01-31-2021,09:49,31,1,Jan,,11,Clark,0,10,,1,2,2,1,0,2,1,,,,5,1,0,No vehicle,17.7,1,0,1,No intersection,1,1,1,1,0,0,0,0,I-5,,-122.7066861,45.86395556,,0,1,0,Others,98,7,70,14,0,0,1,5,5,1,2,3,3,1,Going Straight,2,2,53,,0,82,881,2021,0,,8,,,,,,1,1,61,1,0,,0,0,3,0,11,0,,,,,6,1,3,3,1,0,,,,96,,,,,,0,,,,,,98444,53,69,338,6,1,0,0,0,0,,0,,,,,,0,,,20,0,0,0,8,9,8,,,0,,,8,8,8,95,,,96,,,0,0,996,,,,,,,,,,,,,,,,,,,,,,,,,,,,,,0,0,0,0,0,0,0,0,0,1,1,0,0,0,0,0,0,0,0,0,0,0,0,0,0,0,0,0,0,0,1,1,0,0,0,,0,0,0,0,0,0,0,0,0,0,0,0,0,0,0,0,,,,,,61-65,56-65,State route,U,Wednesday,,MHTRUCK,Not Fatal,0,0,0,0,State Route,State Patrol,Washington State Patrol,0,1,0,0,0,,,,,,0,0,0,,,,,,,,,,,98,98,98,0,,,,,20,,,,,,,,,1,0,,,,,,
2020,38,634612,4,02-04-2020,15:02,4,2,Feb,,1,Adams,0,1,,1,10,2,1,0,2,2,15:02,15:20,,12,0,6,Angle,57.2,1,0,1,No intersection,5,1,1,3,0,0,0,0,SR-261,,-118.347825,47.04061944,99169,0,2,66,Specific Other,62,4,55,66,1,0,1,2,12,2,2,2,1,14,Making a U turn,1,3,53,,0,2,422,2020,0,,12,,,,,,1,1,44,2,0,,0,0,3,0,11,0,,,,,0,0,0,3,1,0,,,,96,,,,,,0,,,,,,98467,53,64,150,6,1,0,0,0,0,,0,,,,,,0,,,8,0,0,0,8,9,8,,,0,,,8,8,8,95,,,96,,,8,95,995,,,,,,,,,,,,,,,,,,,,,,,,,,,,,,0,0,0,1,0,0,0,0,0,0,0,0,1,1,1,0,0,0,0,0,0,0,0,0,0,0,0,0,1,1,0,0,0,0,0,,0,0,0,0,0,0,0,0,0,0,0,0,0,0,0,0,,,,,,41-45,36-45,City street,U,Friday,Belt Used,PV,Not Fatal,1,0,0,0,City Street,Municipal/City Police,Tacoma Police Department,0,0,0,1,0,,,,,,0,0,0,,,,,,,,,,,98,98,98,0,,,,,20,,,,,,,,,1,0,,,,,,
2020,38,634611,4,02-04-2020,15:02,4,2,Feb,,1,Adams,0,1,,1,10,2,1,0,2,2,15:02,15:20,,12,0,6,Angle,57.2,1,0,1,No intersection,5,1,1,3,0,0,0,0,SR-261,,-118.347825,47.04061944,99169,0,1,66,Specific Other,10,2,55,6,0,0,1,2,12,3,2,2,1,14,Making a U turn,1,1,53,,0,7,24,2010,0,,12,,,,,,1,1,26,2,0,,0,0,3,0,11,0,,,,,0,0,0,3,1,0,,,,96,,,,,,0,,,,,,98405,53,73,250,6,1,0,0,0,0,,0,,,,,,0,,,8,0,0,0,8,9,8,,,0,,,8,8,8,95,,,96,,,8,95,995,,,,,,,,,,,,,,,,,,,,,,,,,,,,,,0,0,0,1,0,0,0,0,0,0,0,0,1,1,1,0,0,0,0,0,0,0,0,0,0,0,0,0,1,1,0,0,0,0,0,,0,0,0,0,0,0,0,0,0,0,0,0,0,0,0,0,,,,,,26-30,26-35,City street,U,Friday,Belt Used,PV,Not Fatal,1,0,0,0,City Street,Municipal/City Police,Tacoma Police Department,0,0,0,1,0,,,,,,0,0,0,,,,,,,,,,,98,98,98,0,,,,,20,,,,,,,,,1,0,,,,,,
2019,38,633866,1,02-04-2019,16:48,4,2,Feb,,21,Franklin,0,4,0,2,10,1,1,0,5,1,,,,1,0,0,No vehicle,40.8,1,0,1,No intersection,3,1,1,2,0,0,0,0,US-395,,-119.0508028,46.40802778,,0,1,2,Control/Traction Loss,6,1,70,34,0,0,1,2,1,1,2,2,3,1,Going Straight,5,2,53,,0,37,706,2008,0,,12,12,,,,,1,1,47,1,7,,4,0,20,7,11,0,12/20/2021,09:02,1.96E+11,68591,0,0,0,0,1,0,,,,96,,,,,,98,,,,,,98466,53,72,260,0,0,0,0,0,0,,0,,,,,,3,,,20,8,0,0,0,9,8,,,0,,,8,8,8,95,,,96,,,8,95,995,,,,,,,,,,,,,,,,,,,,,,,,,,,,,,0,0,0,1,0,0,0,0,0,0,0,0,1,1,1,0,0,0,0,0,0,0,0,0,0,0,0,0,1,1,0,0,0,0,1,0,0,0,0,0,0,0,0,0,0,1,0,1,0,0,0,0,,,,,,46-50,46-55,City street,U,Friday,,MC,White,1,0,0,0,City Street,Municipal/City Police,Tacoma Police Department,0,0,0,1,0,,,,,,0,0,0,,,,,,,,,,,0,0,0,1,,,,,99,,,,,,,,,1,0,,,,,,
2018,38,633122,4,02-09-2018,12:45,9,2,Feb,0,75,Whitman,0,1,0,1,1,2,2,0,3,2,12:44,12:57,,12,0,2,Front-to-Front,15.4,1,0,1,No intersection,3,1,1,2,0,0,0,0,US-195,,-117.1841028,46.64181667,99113,0,2,51,Lateral Move(Going Straight),62,4,60,66,2,0,1,7,12,3,2,2,1,14,Making a U turn,1,3,53,,0,59,404,2010,0,,8,,,,,,1,1,34,1,0,,0,0,3,0,11,0,,,,,0,0,0,3,1,0,,,,92,,,,,,98,,,,,,98012,53,75,220,6,1,0,1,0,2,,0,,,,,,0,07-15-2018,06-15-2021,20,0,0,0,8,9,8,,,0,,,8,8,8,95,,,96,,,8,95,995,,,,,,,,,,,,,,,,,,,,,,,,,,,,,,0,0,0,1,0,0,0,0,0,1,1,1,0,0,0,0,1,0,0,0,0,0,0,0,0,0,0,0,0,1,0,1,0,0,0,,0,0,0,0,0,0,0,0,1,0,0,0,0,0,0,0,,,,,,31-35,26-35,State route,U,Saturday,Belt Used,PV,Not Fatal,1,0,0,0,State Route,Municipal/City Police,Everett Police Department,0,1,0,0,0,,,,,,0,0,0,,,,,,,,,,,98,98,98,0,,,,,20,,,,,,,,,1,0,,,,,,
2018,38,633121,4,02-09-2018,12:45,9,2,Feb,0,75,Whitman,0,1,0,1,1,2,2,0,3,2,12:44,12:57,,12,0,2,Front-to-Front,15.4,1,0,1,No intersection,3,1,1,2,0,0,0,0,US-195,,-117.1841028,46.64181667,99113,0,1,50,Lateral Move(Left/Right),11,2,60,3,0,0,1,2,12,2,2,2,1,14,Making a U turn,2,2,53,,0,49,40,2004,0,,63,25,25,2,,,1,1,22,1,1,,4,0,20,7,11,5,12-03-2021,22:55,1.96E+11,62183,0,0,0,2,1,0,,,,96,,,,,,98,,,,,,98942,53,66,155,1,1,1,3,2,0,,0,,,,,,4,11-15-2021,01-15-2021,1,0,0,0,0,9,8,,,0,,,8,8,2,348,605,,1,1,,2,1,0.156,,,,,,,,,,,,,,,,,,,,,,,,,,,,,,0,0,1,0,1,1,1,1,1,0,0,0,1,1,0,0,0,0,0,1,0,0,0,1,1,0,0,0,0,1,0,0,0,1,0,,1,0,0,0,0,1,1,1,0,1,0,1,0,0,0,1,,,,,,21-25,16-25,State route,U,Friday,Not Used,PV,Hispanic,0,1,0,0,State Route,State Patrol,Washington State Patrol,1,1,0,0,0,thc,0.56,,,,0,1,0,,,,,,,,,,,98,98,98,298,,,,,20,,,,,,,,nms,1,0,,,,,,
2017,38,632364,25,01-17-2017,22:43,17,1,Jan,0,33,King,0,2,0,3,2,2,1,0,2,2,,,,12,0,6,Angle,3.7,2,0,3,T Intersection,3,2,2,4,0,0,3,3,CR-AVONDALE RD NE,NE 132ND ST,-122.0879417,47.71761111,98052,0,2,82,Turn Into Opp Direction(Turning Left),15,2,40,4,0,0,1,5,12,8,8,3,1,11,Turning Red: Permitted on red,1,1,53,,0,34,402,2012,0,,8,,,,,,1,1,73,1,0,,0,0,3,0,11,0,,,,,0,0,3,3,1,10,38,,,0,,,,,,98,,,,,,98034,53,69,200,6,1,0,0,0,0,,97,,,,,,0,,,20,0,0,0,8,3,2,,,0,,,8,8,8,95,,,96,,,2,1,0,,,,,,,,,,,,,,,,,,,,,,,,,,,,,,0,0,0,0,0,0,0,0,0,0,0,0,0,0,0,0,0,0,1,0,0,0,0,0,0,1,1,0,0,1,0,1,0,0,0,,0,0,0,0,0,0,0,0,0,0,1,0,0,0,0,0,,,,,,71-75,66-75,City street,U,Monday,Belt Used,PV,Not Fatal,0,0,0,0,City Street,Municipal/City Police,Kirkland Police Department,0,0,0,1,0,,,,,,0,0,0,,,,,,,,,,,98,98,98,0,,,,,20,,,,,,,,,1,0,,,,,,
2017,38,632363,25,01-17-2017,22:43,17,1,Jan,0,33,King,0,2,0,3,2,2,1,0,2,2,,,,12,0,6,Angle,3.7,2,0,3,T Intersection,3,2,2,4,0,0,3,3,CR-AVONDALE RD NE,NE 132ND ST,-122.0879417,47.71761111,98052,0,1,83,Others,17,2,40,64,0,0,1,5,12,1,1,5,1,1,Going Straight,1,3,53,,0,41,45,2007,0,,63,24,1,,,,1,1,56,1,7,,4,0,20,7,11,5,12/14/2021,13:16,1.96E+11,64766,0,0,3,2,1,0,,,,96,,,,,,98,,,,,,98005,53,72,150,1,1,0,0,0,0,,0,,,,,,4,,,8,1,9,0,0,9,8,,,0,,,8,8,0,0,,,0,,,0,0,996,,,,,,,,,,,,,,,,,,,,,,,,,,,,,,0,0,0,0,0,0,0,0,0,0,0,0,1,1,0,0,0,0,0,1,0,0,0,0,0,0,0,0,0,1,0,0,0,1,0,,1,0,0,0,0,0,0,0,0,1,0,1,0,0,0,0,,,,,,56-60,56-65,Interstate,U,Wednesday,Not Used,PV,White,0,1,0,0,State Route,State Patrol,Washington State Patrol,1,1,0,0,0,,,,,,0,0,0,,,,,,,,,,,98,98,98,1,,,,,20,,,,,,,,,1,0,,,,,,
2020,39,634613,5,02-02-2020,02:21,2,2,Feb,,11,Clark,1860,1,,3,1,1,2,0,4,1,02:21,02:28,18:47,38,1,0,No vehicle,0,3,0,3,T Intersection,7,2,4,6,0,0,20,3,S TIMM RD,S 11th St,-122.6828389,45.80754167,98642,0,1,14,Others,14,2,25,4,0,0,1,2,1,1,1,3,1,1,Going Straight,4,2,41,,0,6,51,2012,0,,12,12,,,,,1,1,31,2,0,,0,0,3,0,11,0,,,,,0,0,0,3,1,0,,,,96,,,,,,98,,,,,,98003,53,65,168,6,1,0,0,0,0,,0,,,,,,0,,,20,0,0,0,8,9,8,,,0,,,8,8,8,95,,,96,,,8,95,995,,,,,,,,,,,,,,,,,,,,,,,,,,,,,,0,0,0,0,1,1,0,1,0,0,0,0,1,1,0,0,0,0,0,0,0,0,0,1,1,0,0,0,0,1,0,0,0,0,0,,0,0,0,0,0,0,0,0,0,0,0,0,0,0,0,0,,,,,,31-35,26-35,Interstate,U,Saturday,Belt Used,PV,Not Fatal,0,0,0,0,State Route,State Patrol,Washington State Patrol,0,1,0,0,0,,,,,,0,0,0,,,,,,,,,,,98,98,98,0,,,,,20,,,,,,,,,1,23,,,,,,
2018,39,633123,305,02-10-2018,16:25,10,2,Feb,0,11,Clark,2370,1,0,1,1,2,1,0,1,2,16:24,16:27,,1,0,0,No vehicle,0,1,0,1,No intersection,5,2,4,6,0,0,0,0,SE 7TH ST,,-122.5322028,45.61627222,98684,0,1,98,Others,6,1,25,80,0,0,1,7,1,1,1,8,1,1,Going Straight,1,2,41,,0,30,42,2007,0,,12,12,63,25,,,1,1,24,2,0,,3,0,3,0,11,8,,,,,0,0,0,3,1,0,,,,96,,,,,,98,,,,,,98059,53,62,135,6,1,0,0,0,0,,0,,,,,,0,,,8,0,0,0,8,9,8,,,0,,,8,8,8,95,,,96,,,8,95,995,,,,,,,,,,,,,,,,,,,,,,,,,,,,,,0,0,0,0,1,1,0,1,0,0,0,0,1,1,0,0,0,0,0,0,0,0,0,1,1,0,0,0,0,1,0,0,0,0,0,,0,0,0,0,0,0,0,0,0,0,0,0,0,0,0,0,,,,,,21-25,16-25,Interstate,U,Saturday,Belt Used,PV,Not Fatal,0,0,0,0,State Route,State Patrol,Washington State Patrol,0,1,0,0,0,,,,,,0,0,0,,,,,,,,,,,98,98,98,0,,,,,20,,,,,,,,,1,23,,,,,,
2021,39,635394,5,02-12-2021,10:23,12,2,Feb,,11,Clark,0,4,,1,4,2,1,0,2,2,,,,12,0,6,Angle,11.1,1,0,1,No intersection,4,1,1,3,0,0,0,0,SR-500,,-122.4857556,45.67065556,98682,0,2,66,Specific Other,62,4,50,67,0,0,1,2,12,1,4,2,1,1,Going Straight,1,3,53,,0,7,442,2012,0,,12,12,,,,,1,1,43,1,0,,0,0,3,0,11,0,,,,,0,0,3,2,1,0,,,,96,,,,,,9,,,,,,98032,53,67,190,1,1,1,0,0,0,,1,12,,,,,4,01-15-2017,01-15-2017,20,0,0,0,8,9,8,,,0,,,8,1,2,1,,,1,,,2,1,0.11,,,,,,,,,,,,,,,,,,,,,,,,,,,,,,0,0,0,0,1,1,0,1,0,0,0,0,1,1,0,0,0,0,0,0,0,0,0,1,1,0,0,0,0,1,0,0,0,0,0,,0,0,0,0,0,1,0,1,0,1,0,1,0,1,0,1,,,,,,41-45,36-45,Interstate,U,Saturday,Belt Used,PV,Not Fatal,0,0,0,0,State Route,State Patrol,Washington State Patrol,0,1,0,0,0,,,,,,0,0,2,,,,,,,,,,,98,98,98,0,,,,,20,,,,,,,,,1,23,,,,,,
2021,39,635393,5,02-12-2021,10:23,12,2,Feb,,11,Clark,0,4,,1,4,2,1,0,2,2,,,,12,0,6,Angle,11.1,1,0,1,No intersection,4,1,1,3,0,0,0,0,SR-500,,-122.4857556,45.67065556,98682,0,1,66,Specific Other,6,1,50,4,0,0,1,2,12,1,4,2,1,1,Going Straight,1,1,53,,0,49,40,2009,0,,12,,,,,,1,1,25,2,0,,0,0,3,0,11,0,,,,,0,0,0,3,1,0,,,,96,,,,,,98,,,,,,99224,53,64,130,6,1,0,0,0,0,,0,,,,,,0,,,20,0,0,0,8,9,8,,,0,,,8,8,0,0,,,0,,,0,0,996,,,,,,,,,,,,,,,,,,,,,,,,,,,,,,0,0,0,1,1,1,1,1,1,0,0,0,0,1,0,0,0,0,0,1,0,1,1,1,1,0,0,0,0,1,0,0,0,0,0,,0,0,0,0,0,0,0,0,0,0,0,0,0,0,0,0,,,,,,21-25,16-25,City street,U,Sunday,Belt Used,PV,Not Fatal,1,0,0,0,City Street,Municipal/City Police,Spokane Police Department,0,0,0,1,0,,,,,,0,0,0,,,,,,,,,,,98,98,98,0,,,,,20,,,,,,,,,1,0,,,,,,
2019,39,633873,1,02-02-2019,20:30,2,2,Feb,,21,Franklin,1660,2,0,3,2,1,2,0,11,7,,,,12,0,1,Front-to-Rear,8.8,1,0,1,No intersection,1,2,1,1,0,0,0,0,I-182,,-119.1919778,46.26844722,99301,0,7,98,Others,62,4,70,34,0,0,1,5,12,1,2,3,2,1,Going Straight,2,1,53,,0,49,401,1997,0,,12,63,38,,,,1,1,19,1,0,,3,0,20,7,11,0,,,,,0,0,3,2,1,0,,,,96,,,,,,9,,,,,,99119,53,71,140,1,1,0,2,1,0,,97,,,,,,0,12-15-2019,04-15-2021,8,0,0,0,8,9,2,,,0,,,1,1,2,695,605,,1,1,,2,1,0.26,,,,,,,,,,,,,,,,,,,,,,,,,,,,,,0,0,0,1,1,1,1,1,1,0,0,0,0,1,0,0,0,0,0,1,0,1,1,1,1,0,0,0,0,1,0,0,0,0,0,,0,0,0,0,0,1,1,1,0,0,0,1,0,0,0,1,,,,,,18-20,16-25,City street,U,Sunday,Not Used,PV,Not Fatal,1,0,0,0,City Street,Municipal/City Police,Spokane Police Department,0,0,0,1,0,thc,30,carboxy-thc,170,,0,0,0,,,,,,,,,,,0,0,0,0,,,,,20,,,,,,,,,1,0,,,,,,
2019,39,633872,1,02-02-2019,20:30,2,2,Feb,,21,Franklin,1660,2,0,3,2,1,2,0,11,7,,,,12,0,1,Front-to-Rear,8.8,1,0,1,No intersection,1,2,1,1,0,0,0,0,I-182,,-119.1919778,46.26844722,99301,0,6,98,Others,62,4,70,34,0,0,1,5,12,1,2,3,2,1,Going Straight,3,1,53,,0,49,32,1996,0,,63,69,68,64,42,,1,1,45,1,6,,4,7,99,7,11,0,12-11-2021,08:17,53064295,64295,0,0,3,2,1,58,,,,96,,,,,,98,,,,,,99350,53,68,185,1,1,1,3,1,0,,0,,,,,,3,12-15-2018,03-15-2018,1,0,0,0,0,9,8,,,0,,,8,8,2,1,,,1,,,2,1,0.278,,,,,,,,,,,,,,,,,,,,,,,,,,,,,,0,0,1,0,1,1,0,1,0,0,0,0,1,1,0,0,0,0,0,0,0,0,0,0,0,0,0,0,0,1,0,0,0,0,0,,1,0,0,0,0,1,0,1,0,1,0,1,0,1,0,1,,,,,,41-45,36-45,County road,U,Saturday,Unknown,PV,Hispanic,0,1,0,0,County Road,County Sheriff,Benton County Sheriff's Office,1,0,1,0,0,,,,,,0,1,4,,,,,,,,,,,0,0,0,98,,,,,20,,,,,,,,,1,0,,,OLD INLAND EMPIRE HWY,5.92,NULL,
2019,39,633871,1,02-02-2019,20:30,2,2,Feb,,21,Franklin,1660,2,0,3,2,1,2,0,11,7,,,,12,0,1,Front-to-Rear,8.8,1,0,1,No intersection,1,2,1,1,0,0,0,0,I-182,,-119.1919778,46.26844722,99301,0,5,98,Others,62,4,70,4,0,0,1,2,12,1,2,3,2,1,Going Straight,1,1,53,,0,12,462,2018,0,,8,,,,,,1,1,46,1,0,,0,0,3,0,11,0,,,,,0,0,0,3,1,0,,,,96,,,,,,98,,,,,,98499,53,74,295,6,1,0,0,0,0,,0,,,,,,0,,,20,0,0,0,8,9,8,,,0,,,8,8,8,95,,,96,,,8,95,995,,,,,,,,,,,,,,,,,,,,,,,,,,,,,,0,0,0,0,0,0,0,0,0,1,0,1,0,0,0,0,0,0,0,0,0,0,0,0,0,0,0,0,0,1,0,1,0,0,0,,0,0,0,0,0,0,0,0,0,0,0,0,0,0,0,0,,,,,,46-50,46-55,Interstate,U,Friday,Belt Used,PV,Not Fatal,0,0,0,0,State Route,State Patrol,Washington State Patrol,0,1,0,0,0,,,,,,0,0,0,,,,,,,,,,,98,98,98,0,,,,,20,,,,,,,,,1,0,,,,,,
2019,39,633870,1,02-02-2019,20:30,2,2,Feb,,21,Franklin,1660,2,0,3,2,1,2,0,11,7,,,,12,0,1,Front-to-Rear,8.8,1,0,1,No intersection,1,2,1,1,0,0,0,0,I-182,,-119.1919778,46.26844722,99301,0,4,98,Others,62,4,70,4,0,0,1,2,12,1,2,3,2,1,Going Straight,2,2,53,,0,12,401,1996,0,,12,,,,,,1,1,51,1,0,,2,0,3,0,11,5,,,,,0,0,0,0,1,0,,,,96,,,,,,98,,,,,,98840,53,65,186,0,0,0,0,0,0,,97,,,,,,4,,,8,0,0,0,8,9,8,,,0,,,8,8,0,0,,,0,,,0,0,996,,,,,,,,,,,,,,,,,,,,,,,,,,,,,,0,0,0,1,0,0,0,0,0,1,0,1,1,1,0,0,0,0,0,0,0,0,0,0,0,0,0,0,0,1,0,1,0,0,0,,0,0,0,0,0,0,0,0,0,1,0,1,0,0,0,0,,,,,,51-55,46-55,US highway,R,Saturday,Belt Used,PV,Not Fatal,1,0,0,0,State Route,State Patrol,Washington State Patrol,0,1,0,0,0,,,,,,0,0,0,,,,,,,,,,,0,0,0,0,,,,,20,,,,,,,,,1,0,,,,,,
2019,39,633869,1,02-02-2019,20:30,2,2,Feb,,21,Franklin,1660,2,0,3,2,1,2,0,11,7,,,,12,0,1,Front-to-Rear,8.8,1,0,1,No intersection,1,2,1,1,0,0,0,0,I-182,,-119.1919778,46.26844722,99301,0,3,98,Others,62,4,70,2,0,0,1,2,12,1,2,3,2,1,Going Straight,1,1,53,,0,12,13,1998,0,,8,12,,,,,1,1,32,1,0,,0,0,3,0,11,0,,,,,0,0,0,3,1,0,,,,96,,,,,,98,,,,,,98801,53,66,250,6,1,1,2,1,2,,75,,,,,,0,10-15-2018,03-15-2020,8,0,0,0,8,9,8,,,0,,,8,8,0,0,,,0,,,0,0,996,,,,,,,,,,,,,,,,,,,,,,,,,,,,,,0,0,0,1,0,0,0,0,0,1,0,1,1,1,0,0,0,0,0,0,0,0,0,0,0,0,0,0,0,1,0,1,0,0,0,,0,0,0,0,0,0,0,0,0,0,0,0,0,0,0,0,,,,,,31-35,26-35,US highway,R,Saturday,Belt Used,PV,Not Fatal,1,0,0,0,State Route,State Patrol,Washington State Patrol,0,1,0,0,0,,,,,,0,0,1,,,,,,,,,,,0,0,0,0,,,,,20,,,,,,,,,1,0,,,,,,
2019,39,633868,1,02-02-2019,20:30,2,2,Feb,,21,Franklin,1660,2,0,3,2,1,2,0,11,7,,,,12,0,1,Front-to-Rear,8.8,1,0,1,No intersection,1,2,1,1,0,0,0,0,I-182,,-119.1919778,46.26844722,99301,0,2,25,Others,53,3,70,15,0,0,1,2,12,1,2,3,2,1,Going Straight,1,1,53,,0,12,471,1995,0,,12,,,,,,1,1,53,1,0,,2,0,3,0,11,0,,,,,0,0,0,3,1,0,,,,96,,,,,,0,,,,,,98580,53,67,170,6,1,0,0,0,1,,0,,,,,,0,06-15-2017,06-15-2017,8,0,0,0,8,9,8,,,0,,,8,8,0,0,,,0,,,0,0,996,,,,,,,,,,,,,,,,,,,,,,,,,,,,,,0,0,0,1,0,0,1,1,1,0,0,0,0,0,0,0,1,0,0,1,0,1,1,0,1,0,0,0,0,1,0,0,0,0,0,,0,0,0,0,0,0,0,0,0,0,0,0,0,0,0,0,,,,,,51-55,46-55,County road,R,Tuesday,Belt Used,PV,Not Fatal,1,0,0,0,County Road,Municipal/City Police,"Hdqtrs, 1st Military Police Brigade",0,0,1,0,0,,,,,,0,0,0,,,,,,,,,,,0,0,0,0,,,,,20,,,,,,,,,1,0,,,008 AVE E (FT LEWIS),6.23,NULL,
2019,39,633867,1,02-02-2019,20:30,2,2,Feb,,21,Franklin,1660,2,0,3,2,1,2,0,11,7,,,,12,1,1,Front-to-Rear,8.8,1,0,1,No intersection,1,2,1,1,0,0,0,0,I-182,,-119.1919778,46.26844722,99301,0,1,24,Others,51,3,70,4,0,0,1,2,12,1,2,3,2,1,Going Straight,1,2,53,,0,49,40,1995,0,,12,,,,,,1,1,18,2,0,,2,0,3,0,11,5,,,,,0,0,0,3,1,39,,,,92,,,,,,98,,,,,,98580,53,71,155,6,1,0,0,0,0,,99,,,,,,0,,,8,0,0,0,8,9,8,,,0,,,8,8,2,695,,,1,,,2,1,0,,,,,,,,,,,,,,,,,,,,,,,,,,,,,,0,0,0,1,0,0,1,1,1,0,0,0,0,0,0,0,1,0,0,1,0,1,1,0,1,0,0,0,0,1,0,0,0,0,0,,0,0,0,0,0,0,1,1,1,0,0,0,0,0,1,0,,,,,,18-20,16-25,County road,R,Tuesday,Belt Used,PV,Not Fatal,1,0,0,0,County Road,Municipal/City Police,"Hdqtrs, 1st Military Police Brigade",0,0,1,0,0,,,carboxy-thc,10,,0,0,0,,,,,,,,,,,0,0,0,0,,,,,20,,,,,,,,,1,0,,,008 AVE E (FT LEWIS),6.23,NULL,
2017,39,632382,337,01-29-2017,19:14,29,1,Jan,0,73,Whatcom,110,1,0,3,1,2,1,1,2,1,,,,8,0,0,No vehicle,21,16,0,1,No intersection,3,2,1,3,0,0,4,3,SR-11,,-122.4810861,48.71466667,98225,0,1,13,Pedestrian/Animal,80,5,35,4,0,0,1,2,8,1,1,3,5,1,Going Straight,2,1,53,,0,59,403,2012,0,,12,,,,,,1,1,32,2,0,,3,0,3,0,11,5,,,,,0,0,0,3,1,0,,,,96,,,,,,98,,,,,,98178,53,61,115,6,1,0,0,0,0,,0,,,,,,0,,,8,0,0,0,8,9,8,,,0,,,8,8,8,95,,,96,,,8,95,995,,,,,,,,,,,,,,,,,,,,,,,,,,,,,,0,0,0,0,1,1,1,1,1,0,0,0,1,0,0,0,0,0,0,1,0,0,0,0,0,0,0,0,0,1,0,0,0,0,0,,0,0,0,0,0,0,0,0,0,0,0,0,0,0,0,0,,,,,,31-35,26-35,City street,U,Saturday,Belt Used,PV,Not Fatal,0,1,1,0,City Street,Municipal/City Police,Tukwila Police Department,0,0,0,1,0,,,,,,0,0,0,,,,,,,,,,,98,98,98,0,,,,,20,,,,,,,,,1,0,,,,,,