year,something,Cases,repjur,crash_dt,crash_tm,accday,Month,Month,holiday,county,co_char,city,weather,weather2,lightcond,surfcond,surftype,Number of Fatalities,nmforms,pforms,vforms,not_tm,arr_tm,hosp_tm,fhevent,hitrun,Manner of Collision,Manner of Collision,milepnt,reljunc,reljuncinter,intersectiontype,Intersection Type,funcsystem,landuse,ownership,route,schlbus,spejur,contdev,devfunc,trafid1,trafid2,x,y,zipcode,wk_zone,vnumber,crashtype,Crash Type,criticalevent,criticaleventcat,spdlim,body,trailer,emerg,hazcargo,leave,mhevent,roadalgn,roadprof,traflane,trafflow,Vehicle Manure,Vehicle Manure,numoccs,regowner,regstate,,spuse,make,model,modelyr,vrf1,vrf2,seqevent1,seqevent2,seqevent3,seqevent4,seqevent5,seqevent6,pnumber,ptype,age,sex,hispanic,race,injury,diedscene,restraint,restraintmisuse,seatpos,takehosp,death_dt,death_tm,cert,cernum_wa,commlic,licendor,licrestrict,liccomp,drivpres,drf1,drf2,drf3,drf4,distract1,distract2,distract3,distract4,distract5,distract6,dricond1,dricond2,dricond3,dricond4,dricond5,dricond6,dzip,licstate,drhgt_in,weight,noncdl,noncdltype,prevdwi,prevoth,prevacc,prevspd,prevsus,driviol1,driviol2,driviol3,driviol4,driviol5,driviol6,spdrel,first_dt,last_dt,airbag,ejection,ejectpath,extricat,injurwrk,methalc,methdrug,nmlocat,strikveh,prf1,prf2,prf3,druginv,alcinvol,drugsts,drugres1,drugres2,drugres3,drugtst1,drugtst2,drugtst3,alcsts,alctst,alcres,nmact1,nmact2,nmact3,nmact4,nmact5,nmact6,nmprior1,nmprior2,nmprior3,nmprior4,nmprior5,nmprior6,nmcond1,nmcond2,nmcond3,nmcond4,nmcond5,nmcond6,nmsafe_helmet,nmsafe_pads,nmsafe_oth,nmprev_ref,nmprev_lgt,nmprev_oth,crashlocation,nmcrashtype,crosswalk,schoolzone,sidewalk,train_inv,wildlife_inv,rotr_fars,intersect_fars,Drink and Drive,aid_inv,Drug Positive Drivers,Impaired Drivers,Marijuana Positive,impnm_inv,ainm_inv,dpnm_inv,speed_inv,unlic_inv,unendmc_inv,drowsy_inv,drdist_inv,nmdist_inv,fty_inv,unrestfat_inv,dr1617_inv,dr1820_inv,dr1620_inv,dr2125_inv,dr1625_inv,dr65_inv,dr70_inv,dr75_inv,mc_inv,pv_inv,ht_inv,ped_inv,bike_inv,unrest_fat,mc_fat,unhelmet_mc,pv_fat,ht_fat,ped_fat,bike_fat,dr_alc7,dr_alc8,dr_drug,dr_imp,dr_dist,dr_spd,dr_fty,dr_unlic,dr_alc7only,dr_alc8only,dr_drugonly,dr_drink,nm_imp,nm_alc7,nm_alc8,nm_drug,nm_dist,agegrp1,agegrp2,roadclass,urbrur,dayweek,restuse,vehtype,race_me,intersect,lanedep,oppdir,wrongway,rep_typ,investag,repag_long,rotr,st_rd,cty_rd,city_rd,oth_rd,drug_thc,thc_res,drug_cthc,cthc_res,drug_cann,prevpersemin,prevperse,prevsusoth,drugtst4,drugtst5,drugtst6,drugtst7,drugtst8,drugres4,drugres5,drugres6,drugres7,drugres8,adspresent,adsengaged,adslevel,race1,race2,race3,race4,race5,helmet,helmetmisuse,nmdistract1,nmdistract2,nmdistract3,nmdistract4,nmdistract5,nmdistract6,lab,isedtcase,crf1,crf2,crf3,CoRoadName,CoMP,IntCoRoadName,IntCoMP
2018,40,633124,7,02-08-2018,16:34,8,2,Feb,0,33,King,0,2,0,1,2,2,1,0,2,2,,,,12,0,2,Front-to-Front,22.6,1,0,1,No intersection,3,1,1,3,0,0,0,0,SR-18,,-121.9817417,47.43333333,,0,1,50,Lateral Move(Left/Right),10,2,55,6,0,0,1,7,12,1,2,4,1,1,Going Straight,1,1,8,,0,54,421,2012,0,,12,,,,,,1,1,44,1,0,,1,0,3,0,11,0,,,,,0,0,0,3,1,0,,,,96,,,,,,98,,,,,,98004,53,74,170,6,1,0,0,0,1,,0,,,,,,0,08-15-2018,08-15-2018,8,0,0,0,8,9,8,,,0,,,8,8,8,95,,,96,,,8,95,995,,,,,,,,,,,,,,,,,,,,,,,,,,,,,,0,0,0,0,1,1,1,1,1,0,0,0,1,0,0,0,0,0,0,1,0,0,0,0,0,0,0,0,0,1,0,0,0,0,0,,0,0,0,0,0,0,0,0,0,0,0,0,0,0,0,0,,,,,,41-45,36-45,City street,U,Saturday,Belt Used,PV,Not Fatal,0,1,1,0,City Street,Municipal/City Police,Tukwila Police Department,0,0,0,1,0,,,,,,0,0,0,,,,,,,,,,,98,98,98,0,,,,,20,,,,,,,,,1,0,,,,,,
2018,40,633125,7,02-08-2018,16:34,8,2,Feb,0,33,King,0,2,0,1,2,2,1,0,2,2,,,,12,0,2,Front-to-Front,22.6,1,0,1,No intersection,3,1,1,3,0,0,0,0,SR-18,,-121.9817417,47.43333333,,0,2,51,Lateral Move(Going Straight),62,4,55,66,1,0,1,7,12,1,2,4,1,1,Going Straight,1,2,17,,0,49,44,1999,0,,68,12,12,,,,1,1,51,1,7,,4,7,20,7,11,0,12-04-2021,13:16,2.31E+11,62969,0,0,3,3,1,28,,,,96,,,,,,98,,,,,,98168,53,69,167,6,1,1,1,0,0,,0,,,,,,4,07-15-2018,05-15-2018,20,1,9,0,0,9,8,,,0,,,8,8,2,695,605,,1,1,,2,1,0.315,,,,,,,,,,,,,,,,,,,,,,,,,,,,,,0,0,0,0,1,1,1,1,1,0,0,0,1,0,0,0,0,0,0,1,0,0,0,0,0,0,0,0,0,1,0,0,0,1,0,,1,0,0,0,0,1,1,1,0,1,0,0,0,0,0,1,,,,,,51-55,46-55,City street,U,Saturday,Not Used,PV,Black,0,1,1,0,City Street,Municipal/City Police,Tukwila Police Department,0,0,0,1,0,thc,3.6,carboxy-thc,9.3,,0,1,0,,,,,,,,,,,0,0,0,2,,,,,20,,,,,,,,nms,1,0,,,,,,
2021,40,635395,5,02-10-2021,22:35,10,2,Feb,,11,Clark,2370,1,,3,1,1,1,1,5,1,,,,8,0,0,No vehicle,1.9,1,0,1,No intersection,1,2,1,1,0,0,0,0,I-205,,-122.5590889,45.62376944,98664,0,1,13,Pedestrian/Animal,80,5,60,4,0,0,1,2,8,1,8,3,3,1,Going Straight,5,2,53,,0,12,37,2009,0,,68,64,52,,,,1,1,28,2,7,,4,7,3,0,11,0,11/24/2021,09:40,53061241,61241,0,0,0,0,1,0,,,,96,,,,,,2,,,,,,98903,53,64,180,0,0,0,0,0,1,,0,,,,,,0,05-15-2019,05-15-2019,20,0,0,0,0,9,8,,,0,,,8,8,2,402,407,996,1,1,1,2,1,0,,,,,,,,,,,,,,,,,,,,,,,,,,,,,,0,0,1,0,0,0,1,1,0,0,0,0,0,1,0,1,0,0,0,0,0,0,0,0,0,0,0,0,0,1,0,0,0,0,0,,1,0,0,0,0,0,1,1,0,0,0,1,0,0,1,0,,,,,,26-30,26-35,County road,R,Wednesday,Belt Used,PV,AIAN,0,1,0,0,County Road,County Sheriff,Yakima County Sheriff's Office,1,0,1,0,0,,,,,,0,0,0,1,1,1,,,151,996,996,,,98,98,98,3,,,,,20,,,,,,,,,1,0,,,STEPHENSON RD.,1.08,NULL,
2017,40,632350,25,01-16-2017,15:51,16,1,Jan,0,33,King,0,1,0,1,1,2,1,0,2,1,16:27,17:08,17:24,42,0,0,No vehicle,3.3,8,0,1,No intersection,6,1,2,4,0,0,0,0,CR-196TH AVE SE,,-122.079925,47.19508056,98022,0,1,1,Driver Off Road,70,4,35,20,0,0,1,5,42,1,1,2,1,1,Going Straight,2,1,53,,0,55,35,2013,0,,12,,,,,,1,1,20,1,0,,3,0,20,7,11,8,,,,,0,0,0,3,1,0,,,,96,,,,,,98,,,,,,98057,53,73,130,6,1,0,0,0,2,,0,,,,,,0,07-15-2019,07-15-2019,8,0,0,0,8,9,8,,,0,,,8,8,0,0,,,0,,,0,0,996,,,,,,,,,,,,,,,,,,,,,,,,,,,,,,0,0,0,0,1,1,1,1,0,0,0,0,0,1,0,0,0,0,0,1,0,1,1,0,1,1,0,0,0,1,0,0,0,0,0,,0,0,0,0,0,0,0,0,0,0,0,0,0,0,0,0,,,,,,18-20,16-25,City street,U,Saturday,Not Used,PV,Not Fatal,0,1,1,0,City Street,Municipal/City Police,SeaTac Police Department,0,0,0,1,0,,,,,,0,0,1,,,,,,,,,,,98,98,98,0,,,,,20,,,,,,,,,1,0,,,,,,
2020,40,634615,127,02-11-2020,01:41,11,2,Feb,,33,King,735,1,,2,1,2,1,1,1,1,,,,8,1,0,No vehicle,15.3,1,0,1,No intersection,4,2,1,3,0,0,0,0,SR-509,,-122.3483056,47.32986389,98023,0,1,13,Pedestrian/Animal,80,5,98,99,0,0,1,5,8,1,2,2,1,1,Going Straight,99,9,99,,0,54,36,2006,0,,68,12,,,,,1,1,65,2,7,,4,7,20,7,11,0,12-04-2021,18:29,1.96E+11,62832,0,0,3,2,1,28,,,,96,,,,,,9,,,,,,98338,53,63,125,1,1,2,2,3,0,,0,,,,,,0,11-15-2016,12-15-2021,8,0,0,0,0,9,8,,,0,,,8,1,2,189,188,,1,1,,2,1,0.188,,,,,,,,,,,,,,,,,,,,,,,,,,,,,,0,0,0,0,1,1,1,1,0,0,0,0,0,1,0,0,0,0,0,1,0,1,1,0,1,1,0,0,0,1,0,0,0,1,0,,1,0,0,0,0,1,1,1,0,0,0,1,0,0,0,1,,,,,,61-65,56-65,City street,U,Saturday,Not Used,PV,White,0,1,1,0,City Street,Municipal/City Police,SeaTac Police Department,0,0,0,1,0,,,,,,0,2,0,,,,,,,,,,,98,98,98,1,,,,,20,,,,,,,,,1,0,,,,,,
2021,41,635396,6,02-13-2021,01:05,13,2,Feb,,47,Okanogan,0,10,,2,1,2,1,0,3,1,,,,1,0,0,No vehicle,66.8,1,0,1,No intersection,4,1,1,3,0,3,0,0,SR-155,,-119.2915556,48.36681944,98841,0,1,98,Others,11,2,60,34,0,0,1,2,1,1,2,2,1,1,Going Straight,3,2,53,,0,7,43,2000,0,,68,64,34,41,2,,1,1,22,1,7,,4,0,99,7,11,5,12-06-2021,21:28,1.96E+11,62839,0,0,0,3,1,31,,,,96,,,,,,98,,,,,,98072,53,71,145,6,1,0,0,0,0,,0,,,,,,0,,,99,9,0,0,0,9,8,,,0,,,8,8,2,348,996,522,1,1,1,2,1,0,,,,,,,,,,,,,,,,,,,,,,,,,,,,,,0,0,0,0,0,0,1,1,1,0,0,0,0,0,0,0,0,0,0,0,0,0,0,1,1,0,0,0,0,1,0,0,0,0,0,,1,0,0,0,0,0,1,1,0,0,0,0,0,0,1,0,,,,,,21-25,16-25,County road,R,Monday,Unknown,PV,White,0,1,0,0,County Road,County Sheriff,King County Police,1,0,1,0,0,,,carboxy-thc,8.2,,0,0,0,1,,,,,605,,,,,98,98,98,1,,,,,20,,,,,,,,nms,1,0,,,415 WAY SE,0.534,NULL,
2020,41,634616,7,02-01-2020,04:30,1,2,Feb,,33,King,0,2,,3,2,1,1,1,1,1,04:35,04:47,05:54,8,0,0,No vehicle,7.8,1,0,1,No intersection,3,1,1,3,0,3,0,0,SR-164,,-122.1068639,47.23532778,98092,0,1,13,Pedestrian/Animal,80,5,50,4,0,0,1,2,8,1,2,3,1,1,Going Straight,1,1,53,,0,85,881,2003,0,,12,,,,,,1,1,57,1,0,,1,0,3,0,11,0,,,,,6,1,3,3,1,0,,,,96,,,,,,98,,,,,,98620,53,74,265,6,1,0,0,0,1,,0,,,,,,0,11-15-2019,11-15-2019,20,0,0,0,8,9,2,,,0,,,8,8,0,0,,,0,,,0,0,996,,,,,,,,,,,,,,,,,,,,,,,,,,,,,,0,0,0,1,0,0,1,1,0,0,0,0,0,0,0,0,0,0,0,0,0,0,0,0,0,0,0,0,0,0,1,0,0,0,0,,0,0,0,0,0,0,0,0,0,0,0,0,0,0,0,0,,,,,,56-60,56-65,State route,R,Thursday,,MHTRUCK,Not Fatal,1,0,0,0,State Route,State Patrol,Washington State Patrol,0,1,0,0,0,,,,,,0,0,0,,,,,,,,,,,98,98,98,0,,,,,20,,,,,,,,,1,0,,,,,,
2019,41,633874,155,01-07-2019,23:42,7,1,Jan,,33,King,980,1,0,3,1,2,1,0,1,1,,,,33,0,0,No vehicle,0,3,0,4,Y Intersection,7,2,4,6,0,0,0,0,FRONT ST S,6TH AVE SE,-122.0269694,47.51632778,98029,0,1,6,Drive off road,10,2,35,4,0,0,1,2,2,1,1,1,2,1,Going Straight,1,1,53,,0,82,881,2020,0,,12,,,,,,1,1,55,2,7,,4,0,3,0,11,5,12-02-2021,07:24,2.59E+11,62320,6,1,0,3,1,39,,,,96,,,,,,98,,,,,,98593,53,65,195,6,1,0,0,0,0,,0,,,,,,0,,,20,0,0,0,1,9,2,,,0,,,8,8,2,348,996,522,1,1,1,2,1,0,,,,,,,,,,,,,,,,,,,,,,,,,,,,,,0,0,0,1,0,0,1,1,0,0,0,0,0,0,0,0,0,0,0,0,0,0,0,0,0,0,0,0,0,0,1,0,0,0,0,,0,1,0,0,0,0,1,1,0,0,0,0,0,0,1,0,,,,,,51-55,46-55,State route,R,Thursday,,MHTRUCK,White,1,0,0,0,State Route,State Patrol,Washington State Patrol,0,1,0,0,0,,,,,,0,0,0,,,,,,,,,,,98,98,98,1,,,,,20,,,,,,,,,1,0,,,,,,
2018,41,633126,4,02-14-2018,08:20,14,2,Feb,0,63,Spokane,0,4,0,1,3,1,1,0,3,1,08:29,08:53,09:44,17,0,0,No vehicle,257.7,1,0,1,No intersection,1,1,1,1,0,0,0,0,I-90,,-117.7560583,47.46008889,99014,0,1,2,Control/Traction Loss,6,1,70,14,0,0,1,2,1,1,1,2,2,15,Others,3,2,53,,0,23,481,2011,0,,12,,,,,,1,1,32,1,0,,0,0,3,0,11,0,,,,,0,0,0,2,1,0,,,,96,,,,,,98,,,,,,98901,53,68,220,1,1,1,0,0,0,,0,,,,,,0,09-15-2021,09-15-2021,1,0,0,0,8,9,8,,,0,,,0,0,0,0,,,0,,,0,0,996,,,,,,,,,,,,,,,,,,,,,,,,,,,,,,0,0,0,0,0,0,0,0,0,0,0,0,0,1,0,0,0,0,0,0,0,0,0,1,1,1,0,0,0,1,1,0,0,0,0,,0,0,0,0,0,0,0,0,0,0,0,1,0,0,0,0,,,,,,31-35,26-35,Interstate,R,Wednesday,Belt Used,PV,Not Fatal,0,0,0,0,State Route,State Patrol,Washington State Patrol,0,1,0,0,0,,,,,,0,1,0,,,,,,,,,,,98,98,98,0,,,,,20,,,,,,,,,1,19,,,,,,
2017,41,632427,3,01-09-2017,11:34,9,1,Jan,0,53,Pierce,0,1,0,1,1,2,1,0,3,2,,,,12,0,1,Front-to-Rear,0.7,1,0,1,No intersection,7,2,2,4,0,0,0,0,CR-113TH ST S,,-122.4350528,47.13638889,98444,0,2,21,Others,80,5,25,4,0,0,1,5,12,1,1,2,1,5,Others,2,1,53,,0,30,40,2014,0,,12,12,,,,,1,1,21,1,7,,4,7,99,7,11,0,11/24/2021,06:15,53060569,60569,0,0,3,3,1,0,,,,96,,,,,,98,,,,,,98936,53,69,113,6,1,0,0,0,1,,0,,,,,,0,06-15-2020,06-15-2020,8,0,0,0,0,9,8,,,0,,,9,9,2,1,,,1,,,2,1,0,,,,,,,,,,,,,,,,,,,,,,,,,,,,,,0,0,0,0,0,0,0,0,0,0,0,0,0,1,0,0,0,0,0,0,0,0,0,1,1,1,0,0,0,1,1,0,0,0,0,,1,0,0,0,0,0,0,0,0,0,0,0,0,0,0,0,,,,,,21-25,16-25,Interstate,R,Wednesday,Unknown,PV,White,0,0,0,0,State Route,State Patrol,Washington State Patrol,0,1,0,0,0,,,,,,0,0,0,,,,,,,,,,,98,98,98,1,,,,,20,,,,,,,,,1,19,,,,,,
2017,41,632426,3,01-09-2017,11:34,9,1,Jan,0,53,Pierce,0,1,0,1,1,2,1,0,3,2,,,,12,0,1,Front-to-Rear,0.7,1,0,1,No intersection,7,2,2,4,0,0,0,0,CR-113TH ST S,,-122.4350528,47.13638889,98444,0,1,20,Others,50,3,25,14,0,0,1,5,12,1,1,2,1,1,Going Straight,1,2,53,,0,20,881,2007,0,,12,,,,,,1,1,65,1,0,,0,0,3,0,11,0,,,,,0,0,3,3,1,0,,,,96,,,,,,98,,,,,,98902,53,71,220,6,1,0,0,0,0,,0,,,,,,0,,,1,0,0,0,8,9,8,,,0,,,0,0,0,0,,,0,,,0,0,996,,,,,,,,,,,,,,,,,,,,,,,,,,,,,,0,0,0,0,0,0,0,0,0,0,0,0,0,1,0,0,0,0,0,0,0,0,0,1,1,1,0,0,0,1,1,0,0,0,0,,0,0,0,0,0,0,0,0,0,0,0,0,0,0,0,0,,,,,,61-65,56-65,Interstate,R,Wednesday,,MHTRUCK,Not Fatal,0,0,0,0,State Route,State Patrol,Washington State Patrol,0,1,0,0,0,,,,,,0,0,0,,,,,,,,,,,98,98,98,0,,,,,20,,,,,,,,,1,19,,,,,,
2021,42,635398,315,02-11-2021,18:26,11,2,Feb,,7,Chelan,2460,1,,3,1,2,2,2,3,2,,,,12,0,7,"Sideswipe,Same",0.8,1,0,1,No intersection,3,2,1,3,0,0,0,0,SR-285,,-120.3177167,47.42840278,98801,0,2,45,Others,61,4,30,4,0,0,1,5,12,1,1,3,4,1,Going Straight,1,2,53,,0,48,34,1999,0,,12,12,,,,,1,1,56,1,0,,2,0,3,0,11,0,,,,,0,0,0,0,1,0,,,,96,,,,,,98,,,,,,98948,53,64,150,0,0,0,3,0,0,,0,,,,,,0,05-15-2019,01-15-2019,20,0,0,0,8,9,8,,,0,,,0,0,0,0,,,0,,,0,0,996,,,,,,,,,,,,,,,,,,,,,,,,,,,,,,0,0,0,0,0,0,0,0,0,0,0,0,0,1,0,0,0,0,0,0,0,0,0,1,1,1,0,0,0,1,1,0,0,0,0,,0,0,0,0,0,0,0,0,0,0,0,1,0,0,0,0,,,,,,56-60,56-65,Interstate,R,Wednesday,Belt Used,PV,Not Fatal,0,0,0,0,State Route,State Patrol,Washington State Patrol,0,1,0,0,0,,,,,,0,0,0,,,,,,,,,,,0,0,0,0,,,,,20,,,,,,,,,1,19,,,,,,
2021,42,635397,315,02-11-2021,18:26,11,2,Feb,,7,Chelan,2460,1,,3,1,2,2,2,3,2,,,,12,0,7,"Sideswipe,Same",0.8,1,0,1,No intersection,3,2,1,3,0,0,0,0,SR-285,,-120.3177167,47.42840278,98801,0,1,46,Others,8,1,30,14,0,0,1,2,8,1,1,3,4,98,Others,2,1,53,,0,37,32,2011,0,,12,12,,,,,1,1,46,2,0,,0,0,3,0,11,0,,,,,0,0,0,3,1,87,,,,96,,,,,,98,,,,,,98951,53,58,130,6,1,0,0,0,1,,0,,,,,,0,09-15-2019,09-15-2019,8,0,0,0,8,9,8,,,0,,,0,0,0,0,,,0,,,0,0,996,,,,,,,,,,,,,,,,,,,,,,,,,,,,,,0,0,0,0,0,0,0,0,0,0,0,0,0,1,0,0,0,0,0,0,0,0,0,1,1,1,0,0,0,1,1,0,0,0,0,,0,0,0,0,0,0,0,0,0,0,0,0,0,0,0,0,,,,,,46-50,46-55,Interstate,R,Wednesday,Belt Used,PV,Not Fatal,0,0,0,0,State Route,State Patrol,Washington State Patrol,0,1,0,0,0,,,,,,0,0,0,,,,,,,,,,,98,98,98,0,,,,,20,,,,,,,,,1,19,,,,,,
2020,42,634621,14,02-02-2020,19:35,2,2,Feb,,15,Cowlitz,0,1,,2,1,2,1,1,2,1,,,,8,0,0,No vehicle,0.8,1,0,1,No intersection,3,1,2,4,0,0,0,0,CR-LAKESHORE DR,,-122.7361611,45.89408611,98674,0,1,13,Pedestrian/Animal,80,5,35,4,0,0,1,2,8,1,1,2,1,1,Going Straight,2,1,53,,0,12,481,2005,0,,64,25,12,12,12,,1,1,43,1,0,,3,0,3,0,11,5,,,,,0,0,0,3,1,87,,,,96,,,,,,98,,,,,,99350,53,66,180,6,1,0,0,0,0,,0,,,,,,0,,,8,0,0,0,8,9,8,,,0,,,0,0,0,0,,,0,,,0,0,996,,,,,,,,,,,,,,,,,,,,,,,,,,,,,,0,0,0,0,0,0,0,0,0,0,0,0,0,1,0,0,0,0,0,0,0,0,0,1,1,1,0,0,0,1,1,0,0,0,0,,0,0,0,0,0,0,0,0,0,0,0,0,0,0,0,0,,,,,,41-45,36-45,Interstate,R,Wednesday,Belt Used,PV,Not Fatal,0,0,0,0,State Route,State Patrol,Washington State Patrol,0,1,0,0,0,,,,,,0,0,0,,,,,,,,,,,98,98,98,0,,,,,20,,,,,,,,,1,19,,,,,,
2019,42,633875,3,02-02-2019,13:46,2,2,Feb,,67,Thurston,1590,1,0,1,1,2,1,0,6,2,,,,14,0,0,No vehicle,106.6,1,0,1,No intersection,1,2,1,1,0,0,0,0,I-5,,-122.8714972,47.039075,98501,0,1,11,Others,11,2,60,6,0,0,1,2,14,1,1,4,3,1,Going Straight,2,2,53,,0,37,402,2010,0,,12,12,12,64,25,,1,1,65,1,0,,2,0,3,0,11,5,,,,,0,0,0,3,1,87,,,,96,,,,,,98,,,,,,98948,53,65,205,6,1,0,0,1,2,,0,,,,,,0,07-15-2017,04-15-2018,8,0,0,0,8,9,8,,,0,,,0,0,0,0,,,0,,,0,0,996,,,,,,,,,,,,,,,,,,,,,,,,,,,,,,0,0,0,0,0,0,0,0,0,0,0,0,0,1,0,0,0,0,0,0,0,0,0,1,1,1,0,0,0,1,1,0,0,0,0,,0,0,0,0,0,0,0,0,0,0,0,0,0,0,0,0,,,,,,61-65,56-65,Interstate,R,Wednesday,Belt Used,PV,Not Fatal,0,0,0,0,State Route,State Patrol,Washington State Patrol,0,1,0,0,0,,,,,,0,0,0,,,,,,,,,,,98,98,98,0,,,,,20,,,,,,,,,1,19,,,,,,
2018,42,633127,6,02-15-2018,06:52,15,2,Feb,0,47,Okanogan,0,1,0,4,1,2,1,0,1,1,,,,34,0,0,No vehicle,41.6,1,0,1,No intersection,4,1,1,3,0,3,0,0,SR-155,,-118.9759889,48.15092778,99155,0,1,2,Control/Traction Loss,10,2,60,14,0,0,1,2,1,2,2,2,1,14,Making a U turn,1,2,53,,0,37,441,2011,0,,12,,,,,,1,1,44,2,0,,0,0,3,0,11,0,,,,,0,0,0,3,1,87,,,,96,,,,,,98,,,,,,98942,53,67,185,6,1,0,0,1,0,,0,,,,,,0,11-15-2017,11-15-2017,1,0,0,0,8,9,8,,,0,,,0,0,0,0,,,0,,,0,0,996,,,,,,,,,,,,,,,,,,,,,,,,,,,,,,0,0,0,0,0,0,0,0,0,0,0,0,0,1,0,0,0,0,0,0,0,0,0,1,1,1,0,0,0,1,1,0,0,0,0,,0,0,0,0,0,0,0,0,0,0,0,0,0,0,0,0,,,,,,41-45,36-45,Interstate,R,Wednesday,Belt Used,PV,Not Fatal,0,0,0,0,State Route,State Patrol,Washington State Patrol,0,1,0,0,0,,,,,,0,0,0,,,,,,,,,,,98,98,98,0,,,,,20,,,,,,,,,1,19,,,,,,
2017,42,632392,2,02-03-2017,15:17,3,2,Feb,0,61,Snohomish,0,2,0,1,2,2,2,0,9,3,15:17,15:27,16:20,12,0,1,Front-to-Rear,183.9,1,0,1,No intersection,1,2,1,1,0,0,0,0,I-5,,-122.25735,47.8495,98087,0,3,98,Others,53,3,60,4,0,0,1,3,12,1,1,4,3,2,Others,2,1,53,,0,20,481,2015,0,,12,12,,,,,1,1,48,1,0,,0,0,3,0,11,0,,,,,0,0,0,3,1,87,,,,96,,,,,,98,,,,,,98953,53,71,190,6,1,0,0,0,0,,0,,,,,,0,,,8,0,0,0,8,9,8,,,0,,,0,0,0,0,,,0,,,0,0,996,,,,,,,,,,,,,,,,,,,,,,,,,,,,,,0,0,0,0,0,0,0,0,0,0,0,0,0,1,0,0,0,0,0,0,0,0,0,1,1,1,0,0,0,1,1,0,0,0,0,,0,0,0,0,0,0,0,0,0,0,0,0,0,0,0,0,,,,,,46-50,46-55,Interstate,R,Wednesday,Belt Used,PV,Not Fatal,0,0,0,0,State Route,State Patrol,Washington State Patrol,0,1,0,0,0,,,,,,0,0,0,,,,,,,,,,,98,98,98,0,,,,,20,,,,,,,,,1,19,,,,,,
2017,42,632391,2,02-03-2017,15:17,3,2,Feb,0,61,Snohomish,0,2,0,1,2,2,2,0,9,3,15:17,15:27,16:20,12,0,1,Front-to-Rear,183.9,1,0,1,No intersection,1,2,1,1,0,0,0,0,I-5,,-122.25735,47.8495,98087,0,2,25,Others,53,3,60,20,0,0,1,2,12,1,1,4,3,1,Going Straight,6,2,53,,0,35,472,2002,0,,12,,,,,,1,1,41,1,0,,1,0,3,0,11,5,,,,,0,0,0,3,1,87,,,,96,,,,,,98,,,,,,98908,53,73,190,6,1,0,0,0,0,,0,,,,,,0,,,20,0,0,0,8,9,8,,,0,,,0,0,0,0,,,0,,,0,0,996,,,,,,,,,,,,,,,,,,,,,,,,,,,,,,0,0,0,0,0,0,0,0,0,0,0,0,0,1,0,0,0,0,0,0,0,0,0,1,1,1,0,0,0,1,1,0,0,0,0,,0,0,0,0,0,0,0,0,0,0,0,0,0,0,0,0,,,,,,41-45,36-45,Interstate,R,Wednesday,Belt Used,PV,Not Fatal,0,0,0,0,State Route,State Patrol,Washington State Patrol,0,1,0,0,0,,,,,,0,0,0,,,,,,,,,,,98,98,98,0,,,,,20,,,,,,,,,1,19,,,,,,
2017,42,632390,2,02-03-2017,15:17,3,2,Feb,0,61,Snohomish,0,2,0,1,2,2,2,0,9,3,15:17,15:27,16:20,12,0,1,Front-to-Rear,183.9,1,0,1,No intersection,1,2,1,1,0,0,0,0,I-5,,-122.25735,47.8495,98087,0,1,24,Others,51,3,60,34,0,0,1,2,12,1,1,4,3,1,Going Straight,1,3,53,,0,82,881,2020,0,,12,,,,,,1,1,37,1,0,,0,0,3,0,11,0,,,,,6,3,3,3,1,0,,,,96,,,,,,98,,,,,,98031,53,66,175,6,1,0,0,1,0,,0,,,,,,0,07-15-2018,07-15-2018,20,0,0,0,8,9,8,,,0,,,8,8,0,0,,,0,,,0,0,996,,,,,,,,,,,,,,,,,,,,,,,,,,,,,,0,0,0,1,0,0,0,0,0,0,0,0,1,1,0,0,0,0,0,1,0,0,0,1,1,0,0,0,0,1,1,0,0,0,0,,0,0,0,0,0,0,0,0,0,0,0,0,0,0,0,0,,,,,,36-40,36-45,State route,U,Monday,,MHTRUCK,Not Fatal,1,0,0,0,State Route,Municipal/City Police,Auburn Police Department,0,1,0,0,0,,,,,,0,0,0,,,,,,,,,,,98,98,98,0,,,,,20,,,,,,,,,1,0,,,,,,
2017,43,632384,1,02-01-2017,05:45,1,2,Feb,0,5,Benton,0,5,0,2,4,2,2,0,4,2,,,,12,0,6,Angle,172.8,1,0,1,No intersection,4,1,1,3,0,0,0,0,SR-14,,-119.4869472,45.94555833,99345,0,1,66,Specific Other,6,1,55,20,0,0,1,2,12,1,2,2,1,6,Others,3,2,41,,0,32,43,2015,0,,12,,,,,,1,1,24,1,0,,3,0,20,7,11,5,,,,,0,0,0,0,1,0,,,,96,,,,,,98,,,,,,95206,6,65,130,0,0,0,0,1,0,,97,,,,,,4,10-15-2019,01-15-2020,8,0,0,0,8,9,8,,,0,,,8,8,0,0,,,0,,,0,0,996,,,,,,,,,,,,,,,,,,,,,,,,,,,,,,0,0,0,1,0,0,0,0,0,0,0,0,1,1,0,0,0,0,0,1,0,0,0,1,1,0,0,0,0,1,1,0,0,0,0,,0,0,0,0,0,0,0,0,0,1,0,1,0,0,0,0,,,,,,21-25,16-25,State route,U,Monday,Not Used,PV,Not Fatal,1,0,0,0,State Route,Municipal/City Police,Auburn Police Department,0,1,0,0,0,,,,,,0,0,2,,,,,,,,,,,98,98,98,0,,,,,20,,,,,,,,,1,0,,,,,,