year,something,Cases,repjur,crash_dt,crash_tm,accday,Month,Month,holiday,county,co_char,city,weather,weather2,lightcond,surfcond,surftype,Number of Fatalities,nmforms,pforms,vforms,not_tm,arr_tm,hosp_tm,fhevent,hitrun,Manner of Collision,Manner of Collision,milepnt,reljunc,reljuncinter,intersectiontype,Intersection Type,funcsystem,landuse,ownership,route,schlbus,spejur,contdev,devfunc,trafid1,trafid2,x,y,zipcode,wk_zone,vnumber,crashtype,Crash Type,criticalevent,criticaleventcat,spdlim,body,trailer,emerg,hazcargo,leave,mhevent,roadalgn,roadprof,traflane,trafflow,Vehicle Manure,Vehicle Manure,numoccs,regowner,regstate,,spuse,make,model,modelyr,vrf1,vrf2,seqevent1,seqevent2,seqevent3,seqevent4,seqevent5,seqevent6,pnumber,ptype,age,sex,hispanic,race,injury,diedscene,restraint,restraintmisuse,seatpos,takehosp,death_dt,death_tm,cert,cernum_wa,commlic,licendor,licrestrict,liccomp,drivpres,drf1,drf2,drf3,drf4,distract1,distract2,distract3,distract4,distract5,distract6,dricond1,dricond2,dricond3,dricond4,dricond5,dricond6,dzip,licstate,drhgt_in,weight,noncdl,noncdltype,prevdwi,prevoth,prevacc,prevspd,prevsus,driviol1,driviol2,driviol3,driviol4,driviol5,driviol6,spdrel,first_dt,last_dt,airbag,ejection,ejectpath,extricat,injurwrk,methalc,methdrug,nmlocat,strikveh,prf1,prf2,prf3,druginv,alcinvol,drugsts,drugres1,drugres2,drugres3,drugtst1,drugtst2,drugtst3,alcsts,alctst,alcres,nmact1,nmact2,nmact3,nmact4,nmact5,nmact6,nmprior1,nmprior2,nmprior3,nmprior4,nmprior5,nmprior6,nmcond1,nmcond2,nmcond3,nmcond4,nmcond5,nmcond6,nmsafe_helmet,nmsafe_pads,nmsafe_oth,nmprev_ref,nmprev_lgt,nmprev_oth,crashlocation,nmcrashtype,crosswalk,schoolzone,sidewalk,train_inv,wildlife_inv,rotr_fars,intersect_fars,Drink and Drive,aid_inv,Drug Positive Drivers,Impaired Drivers,Marijuana Positive,impnm_inv,ainm_inv,dpnm_inv,speed_inv,unlic_inv,unendmc_inv,drowsy_inv,drdist_inv,nmdist_inv,fty_inv,unrestfat_inv,dr1617_inv,dr1820_inv,dr1620_inv,dr2125_inv,dr1625_inv,dr65_inv,dr70_inv,dr75_inv,mc_inv,pv_inv,ht_inv,ped_inv,bike_inv,unrest_fat,mc_fat,unhelmet_mc,pv_fat,ht_fat,ped_fat,bike_fat,dr_alc7,dr_alc8,dr_drug,dr_imp,dr_dist,dr_spd,dr_fty,dr_unlic,dr_alc7only,dr_alc8only,dr_drugonly,dr_drink,nm_imp,nm_alc7,nm_alc8,nm_drug,nm_dist,agegrp1,agegrp2,roadclass,urbrur,dayweek,restuse,vehtype,race_me,intersect,lanedep,oppdir,wrongway,rep_typ,investag,repag_long,rotr,st_rd,cty_rd,city_rd,oth_rd,drug_thc,thc_res,drug_cthc,cthc_res,drug_cann,prevpersemin,prevperse,prevsusoth,drugtst4,drugtst5,drugtst6,drugtst7,drugtst8,drugres4,drugres5,drugres6,drugres7,drugres8,adspresent,adsengaged,adslevel,race1,race2,race3,race4,race5,helmet,helmetmisuse,nmdistract1,nmdistract2,nmdistract3,nmdistract4,nmdistract5,nmdistract6,lab,isedtcase,crf1,crf2,crf3,CoRoadName,CoMP,IntCoRoadName,IntCoMP
2021,43,635399,25,02-13-2021,20:56,13,2,Feb,,33,King,0,10,,2,1,2,1,0,2,1,,,,1,0,0,No vehicle,2.7,1,0,1,No intersection,7,1,2,4,0,0,0,0,CR-236TH AVE SE,,-122.0269056,47.21740278,98022,0,1,1,Driver Off Road,9,1,35,96,0,0,1,2,1,1,1,2,1,1,Going Straight,2,1,53,,0,18,19,2012,0,,63,42,42,,,,1,1,37,1,7,,4,7,3,0,11,0,11/25/2021,18:22,53060564,60564,0,0,3,3,1,0,,,,92,,,,,,98,,,,,,98103,53,69,170,6,1,0,0,0,0,,0,,,,,,0,,,8,0,0,0,0,9,8,,,0,,,8,8,8,95,,,96,,,8,95,995,,,,,,,,,,,,,,,,,,,,,,,,,,,,,,0,0,1,0,0,0,0,0,0,0,0,0,0,0,0,0,1,0,0,0,0,0,0,0,0,0,0,0,0,1,0,0,0,0,0,,1,0,0,0,0,0,0,0,1,0,0,0,0,0,0,0,,,,,,36-40,36-45,County road,R,Thursday,Belt Used,PV,White,0,1,0,0,County Road,County Sheriff,Jefferson County Sheriff's Office,1,0,1,0,0,,,,,,0,0,0,,,,,,,,,,,98,98,98,1,,,,,20,,,,,,,,,1,0,,,OAK BAY RD,10.37,NULL,
2020,43,634623,122,02-09-2020,06:13,9,2,Feb,,61,Snohomish,690,5,,1,2,2,1,0,2,2,,,,12,0,6,Angle,0,2,0,2,4 Way,3,2,4,6,0,0,3,3,EVERGREEN WAY,Madison St,-122.2190167,47.93620278,98203,0,2,89,Others,66,4,30,34,0,0,1,2,12,1,1,6,5,1,Going Straight,1,1,53,,0,12,870,2010,0,,8,,,,,,1,1,59,1,0,,0,0,3,0,11,0,,,,,0,0,3,3,1,0,,,,92,,,,,,98,,,,,,98338,53,75,228,6,1,0,0,0,0,,0,,,,,,0,,,20,0,0,0,8,9,8,,,0,,,8,8,8,95,,,96,,,8,95,995,,,,,,,,,,,,,,,,,,,,,,,,,,,,,,0,0,0,0,0,0,0,0,0,0,0,0,0,0,0,0,1,0,0,0,0,0,0,0,0,0,0,0,0,0,1,1,0,0,0,,0,0,0,0,0,0,0,0,1,0,0,0,0,0,0,0,,,,,,56-60,56-65,City street,U,Monday,,MHTRUCK,Not Fatal,1,0,0,0,City Street,Municipal/City Police,Renton Police Department,0,0,0,1,0,,,,,,0,0,0,,,,,,,,,,,98,98,98,0,,,,,20,,,,,,,,,1,0,,,,,,
2020,43,634622,122,02-09-2020,06:13,9,2,Feb,,61,Snohomish,690,5,,1,2,2,1,0,2,2,,,,12,1,6,Angle,0,2,0,2,4 Way,3,2,4,6,0,0,3,3,EVERGREEN WAY,Madison St,-122.2190167,47.93620278,98203,0,1,88,Striking from the Left,17,2,35,15,0,0,1,2,12,1,1,7,5,1,Going Straight,1,2,53,,0,7,21,2007,0,,14,8,,,,,1,1,24,8,0,,3,0,99,7,11,4,,,,,0,0,0,2,1,0,,,,96,,,,,,9,,,,,,98387,53,63,160,1,1,1,2,1,5,,97,,,,,,4,05-15-2018,12-15-2021,1,0,0,0,8,9,8,,,0,,,8,1,2,1,,,1,,,2,1,0.16,,,,,,,,,,,,,,,,,,,,,,,,,,,,,,0,0,0,0,1,1,0,1,0,0,0,0,1,1,0,0,0,0,0,0,0,0,0,1,1,0,0,0,0,1,0,1,0,0,0,,0,0,0,0,0,1,0,1,0,1,0,1,0,1,0,1,,,,,,21-25,16-25,City street,U,Sunday,Unknown,PV,Not Fatal,0,1,0,0,City Street,Municipal/City Police,Fircrest Police Department,1,0,0,1,0,,,,,,0,1,1,,,,,,,,,,,98,98,98,0,,,,,20,,,,,,,,,1,15,,,,,,
2018,43,633131,5,02-11-2018,01:17,11,2,Feb,0,11,Clark,2370,1,0,3,1,2,3,0,5,3,,,,12,0,2,Front-to-Front,2,1,0,1,No intersection,3,2,1,3,0,0,0,0,SR-14,,-122.6316667,45.6185,98661,0,3,98,Others,50,3,98,6,0,0,1,5,12,1,2,2,3,1,Going Straight,1,2,53,,0,58,44,2015,0,,18,63,30,69,68,12,1,1,50,1,7,,4,7,20,7,11,0,12-06-2021,20:50,1.83E+11,63371,0,0,3,3,1,0,,,,92,,,,,,98,,,,,,98055,53,73,240,6,1,0,0,0,4,,0,,,,,,0,11-15-2021,01-15-2021,8,0,0,0,0,9,8,,,0,,,8,8,2,996,996,695,1,1,1,2,1,0.214,,,,,,,,,,,,,,,,,,,,,,,,,,,,,,0,0,0,0,1,1,1,1,1,0,0,0,0,0,0,0,1,0,0,1,0,0,0,0,0,0,0,0,0,1,0,0,0,1,0,,1,0,0,0,0,1,1,1,1,0,0,0,0,0,0,1,,,,,,46-50,46-55,City street,U,Monday,Not Used,PV,Black,0,1,0,0,City Street,Municipal/City Police,Renton Police Department,1,0,0,1,0,thc,9.8,carboxy-thc,6.8,,0,0,0,1,,,,,605,,,,,98,98,98,2,,,,,20,,,,,,,,nms,1,0,,,,,,
2018,43,633130,5,02-11-2018,01:17,11,2,Feb,0,11,Clark,2370,1,0,3,1,2,3,0,5,3,,,,12,0,2,Front-to-Front,2,1,0,1,No intersection,3,2,1,3,0,0,0,0,SR-14,,-122.6316667,45.6185,98661,0,2,51,Lateral Move(Going Straight),54,3,98,14,0,0,1,2,12,1,2,2,3,1,Going Straight,1,2,53,,0,55,41,2012,0,,12,,,,,,1,1,30,1,0,,3,0,3,0,11,5,,,,,0,0,0,3,1,0,,,,92,,,,,,98,,,,,,98032,53,71,240,6,1,0,1,1,0,,0,,,,,,0,11-15-2018,06-15-2019,8,0,0,1,8,9,2,,,0,,,8,8,0,0,,,0,,,0,0,996,,,,,,,,,,,,,,,,,,,,,,,,,,,,,,0,0,0,0,1,1,1,1,1,0,0,0,0,0,0,0,1,0,0,1,0,0,0,0,0,0,0,0,0,1,0,0,0,0,0,,0,0,0,0,0,0,0,0,1,0,0,0,0,0,0,0,,,,,,26-30,26-35,City street,U,Monday,Belt Used,PV,Not Fatal,0,1,0,0,City Street,Municipal/City Police,Renton Police Department,1,0,0,1,0,,,,,,0,0,0,,,,,,,,,,,98,98,98,0,,,,,20,,,,,,,,,1,0,,,,,,
2018,43,633129,5,02-11-2018,01:17,11,2,Feb,0,11,Clark,2370,1,0,3,1,2,3,0,5,3,,,,12,0,2,Front-to-Front,2,1,0,1,No intersection,3,2,1,3,0,0,0,0,SR-14,,-122.6316667,45.6185,98661,0,1,50,Lateral Move(Left/Right),54,3,98,4,0,0,1,2,12,1,2,2,3,1,Going Straight,3,1,53,,0,59,31,2004,0,,12,,,,,,1,1,65,1,0,,2,0,3,0,11,5,,,,,0,0,0,3,1,0,,,,0,,,,,,0,,,,,,98499,53,71,160,6,1,0,0,1,0,,0,,,,,,0,07-15-2019,07-15-2019,20,0,0,0,8,9,8,,,0,,,8,8,8,95,,,96,,,0,0,996,,,,,,,,,,,,,,,,,,,,,,,,,,,,,,0,0,0,0,1,0,0,0,0,0,0,0,0,0,0,0,0,0,0,0,0,0,0,1,1,1,0,0,0,1,0,0,0,0,0,,0,0,0,0,0,0,0,0,0,0,0,0,0,0,0,0,,,,,,61-65,56-65,Interstate,U,Thursday,Belt Used,PV,Not Fatal,0,0,0,0,State Route,State Patrol,Washington State Patrol,0,1,0,0,0,,,,,,0,0,1,,,,,,,,,,,98,98,98,0,,,,,20,,,,,,,,,1,0,,,,,,
2017,43,632385,1,02-01-2017,05:45,1,2,Feb,0,5,Benton,0,5,0,2,4,2,2,0,4,2,,,,12,0,6,Angle,172.8,1,0,1,No intersection,4,1,1,3,0,0,0,0,SR-14,,-119.4869472,45.94555833,99345,0,2,66,Specific Other,62,4,55,66,1,0,1,2,12,1,2,2,1,1,Going Straight,1,3,53,,0,2,403,2019,0,,12,,,,,,1,1,25,2,0,,0,0,3,0,11,0,,,,,0,0,0,3,1,6,,,,96,,,,,,9,,,,,,98092,53,65,157,6,1,0,2,1,1,,1,3,,,,,0,09-15-2017,05-15-2018,1,0,0,0,8,9,8,,,0,,,8,1,8,95,,,96,,,0,0,996,,,,,,,,,,,,,,,,,,,,,,,,,,,,,,0,0,0,0,1,0,0,0,0,0,0,0,0,0,0,0,0,0,0,0,0,0,0,1,1,1,0,0,0,1,0,0,0,0,0,,0,0,0,0,0,0,0,0,0,0,0,0,0,0,0,1,,,,,,21-25,16-25,Interstate,U,Thursday,Belt Used,PV,Not Fatal,0,0,0,0,State Route,State Patrol,Washington State Patrol,0,1,0,0,0,,,,,,0,0,0,,,,,,,,,,,98,98,98,0,,,,,20,,,,,,,,,1,0,,,,,,
2021,44,3881326,263,01-24-2021,02:30,24,1,Jan,,33,King,1960,10,,3,2,2,1,0,2,1,,,,20,0,0,No vehicle,0,19,1,1,No intersection,3,2,4,6,0,0,0,0,4TH AVE S,,-122.3290028,47.58879167,98134,0,1,6,Drive off road,60,4,30,34,0,0,1,2,20,1,1,2,3,1,Going Straight,2,3,4,,0,12,471,1996,0,,8,,,,,,1,1,74,1,0,,0,0,3,0,11,0,,,,,0,0,0,3,1,0,,,,96,,,,,,0,,,,,,98382,53,68,170,6,1,0,0,0,0,,0,,,,,,0,,,20,0,0,0,8,9,2,,,0,,,8,8,0,0,,,0,,,0,0,996,,,,,,,,,,,,,,,,,,,,,,,,,,,,,,0,0,0,0,0,0,0,0,0,0,0,0,0,0,0,0,0,0,0,0,0,0,0,0,0,1,1,0,0,1,0,1,0,0,0,,0,0,0,0,0,0,0,0,0,0,0,0,0,0,0,0,,,,,,71-75,66-75,County road,R,Tuesday,Belt Used,PV,Not Fatal,0,0,0,0,County Road,County Sheriff,Clallam County Sheriff's Office,0,0,1,0,0,,,,,,0,0,0,,,,,,,,,,,0,0,0,0,,,,,20,,,,,,,,,1,0,,,EAST SEQUIM BAY RD.,3.15,NULL,
2020,44,634627,55,02-10-2020,19:20,10,2,Feb,,33,King,100,10,,3,1,2,1,0,4,3,19:28,19:35,20:18,12,0,1,Front-to-Rear,0,3,0,4,Y Intersection,3,2,4,6,0,0,3,3,15TH ST NW,WA-167,-122.2436222,47.32238056,98071,0,3,98,Others,53,3,35,2,0,0,1,2,12,1,1,2,2,5,Others,2,2,53,,0,29,5,2021,0,,54,,,,,,1,1,35,1,0,,0,0,3,0,11,0,,,,,0,0,0,3,1,0,,,,96,,,,,,0,,,,,,99212,53,71,175,6,1,0,0,0,0,,0,,,,,,0,,,20,0,0,0,8,9,8,,,0,,,8,8,0,0,,,0,,,0,0,996,,,,,,,,,,,,,,,,,,,,,,,,,,,,,,0,0,0,0,0,0,1,1,0,0,0,0,1,1,1,0,0,0,0,0,0,1,1,0,1,0,0,0,1,1,0,0,0,0,0,,0,0,0,0,0,0,0,0,0,0,0,0,0,0,0,0,,,,,,31-35,26-35,State route,U,Monday,Belt Used,PV,Not Fatal,0,0,0,0,State Route,Municipal/City Police,Spokane Police Department,0,1,0,0,0,,,,,,0,0,0,,,,,,,,,,,98,98,98,0,,,,,20,,,,,,,,,1,14,,,,,,
2020,44,634626,55,02-10-2020,19:20,10,2,Feb,,33,King,100,10,,3,1,2,1,0,4,3,19:28,19:35,20:18,12,0,1,Front-to-Rear,0,3,0,4,Y Intersection,3,2,4,6,0,0,3,3,15TH ST NW,WA-167,-122.2436222,47.32238056,98071,0,2,21,Others,53,3,35,14,0,0,1,2,12,1,1,2,2,5,Others,1,1,53,,0,37,705,2003,0,,1,54,,,,,1,1,20,1,7,,4,0,20,7,11,0,11/29/2021,20:13,2.11E+11,62102,0,0,0,0,1,6,,,,96,,,,,,98,,,,,,99212,53,,999,0,0,0,0,0,0,,0,,,,,,4,,,20,8,0,0,0,9,8,,,0,,,8,8,2,996,996,401,1,1,1,2,1,0,,,,,,,,,,,,,,,,,,,,,,,,,,,,,,0,0,0,0,0,0,1,1,0,0,0,0,1,1,1,0,0,0,0,0,0,1,1,0,1,0,0,0,1,1,0,0,0,0,1,0,0,0,0,0,0,0,1,1,0,1,0,1,0,0,1,0,,,,,,18-20,16-25,State route,U,Monday,,MC,White,0,0,0,0,State Route,Municipal/City Police,Spokane Police Department,0,1,0,0,0,,,,,,0,0,0,1,1,1,,,417,151,996,,,0,0,0,1,,,,,5,,,,,,,,,1,14,,,,,,
2020,44,634625,55,02-10-2020,19:20,10,2,Feb,,33,King,100,10,,3,1,2,1,0,4,3,19:28,19:35,20:18,12,0,1,Front-to-Rear,0,3,0,4,Y Intersection,3,2,4,6,0,0,3,3,15TH ST NW,WA-167,-122.2436222,47.32238056,98071,0,1,20,Others,50,3,35,6,0,0,1,2,12,1,1,2,2,1,Going Straight,1,1,53,,0,49,32,2006,0,,12,64,38,24,67,35,1,1,44,1,4,,4,0,3,0,11,5,12-02-2021,17:38,2.37E+11,63054,0,0,0,3,1,58,,,,96,,,,,,98,,,,,,98625,53,60,140,6,1,0,0,0,0,,0,,,,,,0,,,1,0,0,0,0,9,8,,,0,,,8,8,2,1,,,1,,,2,1,0,,,,,,,,,,,,,,,,,,,,,,,,,,,,,,0,0,0,0,0,0,0,0,0,0,0,0,0,0,0,0,0,0,0,0,0,0,0,0,0,0,0,0,0,1,0,0,0,0,0,,1,0,0,0,0,0,0,0,0,0,0,0,0,0,0,0,,,,,,41-45,36-45,Interstate,U,Thursday,Belt Used,PV,Hispanic,0,0,0,0,State Route,State Patrol,Washington State Patrol,0,1,0,0,0,,,,,,0,0,0,,,,,,,,,,,98,98,98,298,,,,,20,,,,,,,,,1,0,,,,,,
2019,44,633876,3,02-16-2019,21:49,16,2,Feb,,67,Thurston,0,1,0,2,4,2,1,0,2,1,,,,24,0,0,No vehicle,18.1,1,0,1,No intersection,3,1,1,3,0,0,0,0,SR-8,,-123.0571278,47.04113889,98512,0,1,2,Control/Traction Loss,6,1,60,34,0,0,1,2,1,3,1,2,2,14,Making a U turn,2,1,53,,0,37,31,9999,0,,12,,,,,,1,1,999,8,0,,9,0,99,7,11,0,,,,,99,9,9,9,1,0,,,,96,,,,,,98,,,,,,99999,99,,999,9,9,99,99,99,99,,97,,,,,,0,,,99,0,0,0,8,9,8,,,0,,,8,8,0,0,,,0,,,9,99,999,,,,,,,,,,,,,,,,,,,,,,,,,,,,,,0,0,0,0,0,0,0,0,0,0,0,0,0,0,0,0,0,0,0,0,0,0,0,0,0,0,0,0,0,1,0,0,0,0,0,,0,0,0,0,0,0,0,0,0,0,0,0,0,0,0,0,,,,,,,,Interstate,U,Thursday,Unknown,PV,Not Fatal,0,0,0,0,State Route,State Patrol,Washington State Patrol,0,1,0,0,0,,,,,,99,99,99,,,,,,,,,,,98,98,98,0,,,,,20,,,,,,,,,1,0,,,,,,
2018,44,633132,14,02-08-2018,06:03,8,2,Feb,0,11,Clark,0,5,0,2,1,2,1,1,1,1,06:05,06:09,,8,1,0,No vehicle,5.4,1,0,1,No intersection,3,2,2,4,0,0,0,0,CR-NE HWY 99,,-122.6532167,45.69933056,98665,0,1,13,Pedestrian/Animal,80,5,40,14,0,0,1,7,8,1,1,9,1,1,Going Straight,1,1,53,,0,20,404,2011,0,,63,8,,,,,1,1,84,2,0,,0,0,3,0,11,0,,,,,0,0,0,3,1,0,,,,96,,,,,,98,,,,,,98823,53,65,145,6,1,0,0,0,0,,0,,,,,,0,,,20,0,0,0,8,9,8,,,0,,,8,8,8,95,,,96,,,8,95,995,,,,,,,,,,,,,,,,,,,,,,,,,,,,,,0,0,0,0,0,0,0,0,0,0,0,0,0,0,0,0,0,0,0,0,0,0,0,0,0,1,1,1,0,1,0,1,0,0,0,,0,0,0,0,0,0,0,0,0,0,0,0,0,0,0,0,,,,,,81+,76+,City street,U,Sunday,Belt Used,PV,Not Fatal,0,0,0,0,City Street,State Patrol,Washington State Patrol,0,0,0,1,0,,,,,,0,0,0,,,,,,,,,,,98,98,98,0,,,,,20,,,,,,,,,1,0,,,,,,
2017,44,632395,1,02-01-2017,19:32,1,2,Feb,0,77,Yakima,0,1,0,3,1,2,1,0,2,2,19:31,19:41,20:00,12,0,6,Angle,195.8,2,0,2,4 Way,3,2,1,2,0,0,0,0,US-12,MAPLEWAY RD,-120.6203528,46.66056667,98908,0,2,86,Others,66,4,60,14,0,0,1,2,12,1,1,4,2,1,Going Straight,1,1,53,,0,49,403,2010,0,,12,,,,,,1,1,51,2,0,,2,0,3,0,11,0,,,,,0,0,3,3,1,0,,,,96,,,,,,0,,,,,,98133,53,64,175,6,1,0,2,0,0,,0,,,,,,0,06-15-2018,07-15-2020,9,0,0,0,8,9,8,,,0,,,8,8,0,0,,,0,,,0,0,996,,,,,,,,,,,,,,,,,,,,,,,,,,,,,,0,0,0,1,0,0,1,1,1,0,0,0,1,0,0,0,0,0,1,0,0,0,0,0,0,0,0,0,0,1,0,0,0,0,0,,0,0,0,0,0,0,0,0,0,0,0,0,0,0,0,0,,,,,,51-55,46-55,City street,U,Tuesday,Belt Used,PV,Not Fatal,1,0,0,0,City Street,Municipal/City Police,Shoreline Police Department,0,0,0,1,0,,,,,,0,0,0,,,,,,,,,,,98,98,98,0,,,,,20,,,,,,,,,1,0,,,,,,
2017,44,632394,1,02-01-2017,19:32,1,2,Feb,0,77,Yakima,0,1,0,3,1,2,1,0,2,2,19:31,19:41,20:00,12,0,6,Angle,195.8,2,0,2,4 Way,3,2,1,2,0,0,20,3,US-12,MAPLEWAY RD,-120.6203528,46.66056667,98908,0,1,87,Others,17,2,35,90,0,0,1,2,12,1,1,2,1,1,Going Straight,1,2,53,,0,20,39,2004,0,,12,12,,,,,1,1,45,2,7,,4,7,3,0,11,0,11/16/2021,18:04,2.01E+11,58940,0,0,0,3,1,0,,,,96,,,,,,0,,,,,,98177,53,63,150,6,1,0,0,0,0,,0,,,,,,0,,,1,0,0,0,0,9,8,,,0,,,8,8,2,1,,,1,,,2,1,0,,,,,,,,,,,,,,,,,,,,,,,,,,,,,,0,0,0,1,0,0,1,1,1,0,0,0,1,0,0,0,0,0,1,0,0,0,0,0,0,0,0,0,0,1,0,0,0,0,0,,1,0,0,0,0,0,0,0,0,0,0,0,0,0,0,0,,,,,,41-45,36-45,City street,U,Tuesday,Belt Used,PV,White,1,0,0,0,City Street,Municipal/City Police,Shoreline Police Department,0,0,0,1,0,,,,,,0,0,0,,,,,,,,,,,98,98,98,1,,,,,20,,,,,,,,,1,0,,,,,,
2020,45,634629,3,02-12-2020,23:57,12,2,Feb,,67,Thurston,0,5,,2,1,2,2,0,5,3,,,,12,0,2,Front-to-Front,89.4,1,0,1,No intersection,1,2,1,1,0,0,0,0,I-5,,-122.9991833,46.81609444,98531,0,2,52,Others,54,3,70,66,2,0,1,2,12,1,1,3,3,1,Going Straight,1,3,18,,0,55,404,2018,0,,12,,,,,,1,1,27,1,0,,0,0,99,7,11,0,,,,,0,0,0,3,1,38,,,,96,,,,,,9,,,,,,98203,53,68,135,6,1,0,1,1,0,,97,,,,,,3,10-15-2021,10-15-2021,8,0,0,0,8,9,2,,,0,,,1,8,2,401,151,417,1,1,1,2,1,0,,,,,,,,,,,,,,,,,,,,,,,,,,,,,,0,0,0,1,0,0,1,1,1,0,0,0,1,0,0,0,0,0,1,0,0,0,0,0,0,0,0,0,0,1,0,0,0,0,0,,0,0,0,0,0,0,1,1,0,1,1,0,0,0,1,0,,,,,,26-30,26-35,City street,U,Tuesday,Unknown,PV,Not Fatal,1,0,0,0,City Street,Municipal/City Police,Shoreline Police Department,0,0,0,1,0,,,carboxy-thc,12,,0,0,0,1,1,,,,996,695,,,,98,98,98,0,,,,,20,,,,,,,,,1,0,,,,,,
2021,45,635401,29,02-01-2021,00:00,1,2,Feb,,41,Lewis,0,2,,2,2,2,1,0,1,1,,,,24,0,0,No vehicle,0.6,1,0,1,No intersection,5,1,2,4,0,0,0,0,CR-CENTRALIA ALPHA RD,,-122.9293056,46.69326667,98531,0,1,6,Drive off road,12,2,35,83,0,0,1,2,24,3,2,2,1,14,Making a U turn,1,2,53,,0,59,35,2002,0,,68,64,1,35,38,42,1,1,19,1,0,,1,0,3,0,11,5,,,,,0,0,3,3,1,0,,,,96,,,,,,9,,,,,,99207,53,75,140,6,2,0,4,0,1,,0,,,,,,3,03-15-2018,06-15-2021,1,0,0,0,8,9,2,,,0,,,8,1,2,1,,,1,,,2,1,0.1,,,,,,,,,,,,,,,,,,,,,,,,,,,,,,0,0,0,0,1,1,0,1,0,0,0,0,1,0,0,0,0,0,0,0,0,1,1,0,1,0,0,0,0,1,0,0,0,0,0,,0,0,0,0,0,1,0,1,0,1,0,0,0,1,0,1,,,,,,18-20,16-25,County road,R,Wednesday,Belt Used,PV,Not Fatal,0,1,0,0,County Road,County Sheriff,Spokane County Sheriff's Office,1,0,1,0,0,,,,,,0,0,1,,,,,,,,,,,98,98,98,0,,,,,20,,,,,,,,,1,0,,,CHENEY-SPOKANE RD,8.2,NULL,
2020,45,634630,3,02-12-2020,23:57,12,2,Feb,,67,Thurston,0,5,,2,1,2,2,0,5,3,,,,12,0,2,Front-to-Front,89.4,1,0,1,No intersection,1,2,1,1,0,0,0,0,I-5,,-122.9991833,46.81609444,98531,0,3,98,Others,90,6,70,5,0,0,1,2,54,1,1,3,3,1,Going Straight,2,2,53,,0,99,999,9999,0,,8,,,,,,1,1,999,9,0,,0,0,99,7,11,0,,,,,99,9,9,9,1,0,,,,96,,,,,,98,,,,,,99999,99,,999,9,9,99,99,99,99,,0,,,,,,0,,,20,0,0,0,8,9,8,,,0,,,8,8,0,0,,,0,,,0,0,996,,,,,,,,,,,,,,,,,,,,,,,,,,,,,,0,0,0,0,0,0,0,0,0,1,0,1,0,0,0,0,0,0,0,0,0,0,0,0,0,0,0,0,0,1,0,1,0,0,0,,0,0,0,0,0,0,0,0,0,0,0,0,0,0,0,0,,,,,,,,City street,U,Thursday,,NR-U,Not Fatal,0,0,0,0,City Street,Municipal/City Police,Everett Police Department,0,0,0,1,0,,,,,,99,99,99,,,,,,,,,,,98,98,98,0,,,,,20,,,,,,,,,1,0,,,,,,
2020,45,634628,3,02-12-2020,23:57,12,2,Feb,,67,Thurston,0,5,,2,1,2,2,0,5,3,,,,12,0,2,Front-to-Front,89.4,1,0,1,No intersection,1,2,1,1,0,0,0,0,I-5,,-122.9991833,46.81609444,98531,0,1,52,Others,54,3,70,4,0,0,1,2,12,1,1,3,3,1,Going Straight,2,1,53,,0,37,31,2003,0,,8,,,,,,1,1,50,1,0,,0,0,3,0,11,0,,,,,0,0,3,3,1,0,,,,96,,,,,,0,,,,,,98203,53,69,240,6,1,0,0,0,0,,0,,,,,,0,,,20,0,0,0,8,9,8,,,0,,,8,8,0,0,,,0,,,0,0,996,,,,,,,,,,,,,,,,,,,,,,,,,,,,,,0,0,0,0,0,0,0,0,0,1,0,1,0,0,0,0,0,0,0,0,0,0,0,0,0,0,0,0,0,1,0,1,0,0,0,,0,0,0,0,0,0,0,0,0,0,0,0,0,0,0,0,,,,,,46-50,46-55,City street,U,Thursday,Belt Used,PV,Not Fatal,0,0,0,0,City Street,Municipal/City Police,Everett Police Department,0,0,0,1,0,,,,,,0,0,0,,,,,,,,,,,98,98,98,0,,,,,20,,,,,,,,,1,0,,,,,,
2019,45,633880,2,01-26-2019,23:17,26,1,Jan,,57,Skagit,0,1,0,2,1,1,1,1,7,4,,,,8,0,0,No vehicle,237,1,0,1,No intersection,1,1,1,1,0,0,0,0,I-5,,-122.3482667,48.56642778,98233,0,4,98,Others,80,5,70,2,0,0,1,5,8,1,1,2,3,1,Going Straight,2,1,53,,0,12,481,2017,0,,8,,,,,,1,1,32,1,0,,9,0,99,7,11,0,,,,,0,0,3,2,1,0,,,,96,,,,,,9,,,,,,98445,53,71,200,1,1,0,1,0,0,,97,,,,,,0,04-15-2017,04-15-2017,99,9,0,0,8,9,8,,,0,,,8,1,2,1,,,1,,,2,1,0.18,,,,,,,,,,,,,,,,,,,,,,,,,,,,,,0,0,0,0,1,1,0,1,0,0,0,0,0,1,0,0,0,0,0,0,0,0,0,0,0,0,0,0,0,1,0,1,0,0,0,,0,0,0,0,0,1,0,1,0,0,0,1,0,1,0,1,,,,,,31-35,26-35,City street,U,Sunday,Unknown,PV,Not Fatal,0,0,0,0,City Street,Municipal/City Police,Tacoma Police Department,0,0,0,1,0,,,,,,0,0,0,,,,,,,,,,,98,98,98,0,,,,,20,,,,,,,,,1,0,,,,,,