year,something,Cases,repjur,crash_dt,crash_tm,accday,Month,Month,holiday,county,co_char,city,weather,weather2,lightcond,surfcond,surftype,Number of Fatalities,nmforms,pforms,vforms,not_tm,arr_tm,hosp_tm,fhevent,hitrun,Manner of Collision,Manner of Collision,milepnt,reljunc,reljuncinter,intersectiontype,Intersection Type,funcsystem,landuse,ownership,route,schlbus,spejur,contdev,devfunc,trafid1,trafid2,x,y,zipcode,wk_zone,vnumber,crashtype,Crash Type,criticalevent,criticaleventcat,spdlim,body,trailer,emerg,hazcargo,leave,mhevent,roadalgn,roadprof,traflane,trafflow,Vehicle Manure,Vehicle Manure,numoccs,regowner,regstate,,spuse,make,model,modelyr,vrf1,vrf2,seqevent1,seqevent2,seqevent3,seqevent4,seqevent5,seqevent6,pnumber,ptype,age,sex,hispanic,race,injury,diedscene,restraint,restraintmisuse,seatpos,takehosp,death_dt,death_tm,cert,cernum_wa,commlic,licendor,licrestrict,liccomp,drivpres,drf1,drf2,drf3,drf4,distract1,distract2,distract3,distract4,distract5,distract6,dricond1,dricond2,dricond3,dricond4,dricond5,dricond6,dzip,licstate,drhgt_in,weight,noncdl,noncdltype,prevdwi,prevoth,prevacc,prevspd,prevsus,driviol1,driviol2,driviol3,driviol4,driviol5,driviol6,spdrel,first_dt,last_dt,airbag,ejection,ejectpath,extricat,injurwrk,methalc,methdrug,nmlocat,strikveh,prf1,prf2,prf3,druginv,alcinvol,drugsts,drugres1,drugres2,drugres3,drugtst1,drugtst2,drugtst3,alcsts,alctst,alcres,nmact1,nmact2,nmact3,nmact4,nmact5,nmact6,nmprior1,nmprior2,nmprior3,nmprior4,nmprior5,nmprior6,nmcond1,nmcond2,nmcond3,nmcond4,nmcond5,nmcond6,nmsafe_helmet,nmsafe_pads,nmsafe_oth,nmprev_ref,nmprev_lgt,nmprev_oth,crashlocation,nmcrashtype,crosswalk,schoolzone,sidewalk,train_inv,wildlife_inv,rotr_fars,intersect_fars,Drink and Drive,aid_inv,Drug Positive Drivers,Impaired Drivers,Marijuana Positive,impnm_inv,ainm_inv,dpnm_inv,speed_inv,unlic_inv,unendmc_inv,drowsy_inv,drdist_inv,nmdist_inv,fty_inv,unrestfat_inv,dr1617_inv,dr1820_inv,dr1620_inv,dr2125_inv,dr1625_inv,dr65_inv,dr70_inv,dr75_inv,mc_inv,pv_inv,ht_inv,ped_inv,bike_inv,unrest_fat,mc_fat,unhelmet_mc,pv_fat,ht_fat,ped_fat,bike_fat,dr_alc7,dr_alc8,dr_drug,dr_imp,dr_dist,dr_spd,dr_fty,dr_unlic,dr_alc7only,dr_alc8only,dr_drugonly,dr_drink,nm_imp,nm_alc7,nm_alc8,nm_drug,nm_dist,agegrp1,agegrp2,roadclass,urbrur,dayweek,restuse,vehtype,race_me,intersect,lanedep,oppdir,wrongway,rep_typ,investag,repag_long,rotr,st_rd,cty_rd,city_rd,oth_rd,drug_thc,thc_res,drug_cthc,cthc_res,drug_cann,prevpersemin,prevperse,prevsusoth,drugtst4,drugtst5,drugtst6,drugtst7,drugtst8,drugres4,drugres5,drugres6,drugres7,drugres8,adspresent,adsengaged,adslevel,race1,race2,race3,race4,race5,helmet,helmetmisuse,nmdistract1,nmdistract2,nmdistract3,nmdistract4,nmdistract5,nmdistract6,lab,isedtcase,crf1,crf2,crf3,CoRoadName,CoMP,IntCoRoadName,IntCoMP
2019,45,633878,2,01-26-2019,23:17,26,1,Jan,,57,Skagit,0,1,0,2,1,1,1,1,7,4,,,,8,0,0,No vehicle,237,1,0,1,No intersection,1,1,1,1,0,0,0,0,I-5,,-122.3482667,48.56642778,98233,0,2,98,Others,80,5,70,6,1,0,1,5,8,1,1,2,3,1,Going Straight,3,1,53,,0,20,421,2004,0,,12,,,,,,1,1,58,2,0,,3,0,3,0,11,0,,,,,0,0,3,3,1,0,,,,96,,,,,,0,,,,,,98201,53,68,340,6,1,0,0,0,0,,0,,,,,,0,,,1,0,0,0,8,9,8,,,0,,,8,8,8,95,,,96,,,8,95,995,,,,,,,,,,,,,,,,,,,,,,,,,,,,,,0,0,0,0,0,0,1,1,0,0,0,0,0,0,0,0,1,0,0,0,0,0,0,0,0,1,1,1,0,1,0,0,0,0,0,,0,0,0,0,0,0,0,0,0,0,0,0,0,0,0,0,,,,,,56-60,56-65,City street,U,Friday,Belt Used,PV,Not Fatal,0,0,0,0,City Street,Municipal/City Police,Everett Police Department,0,0,0,1,0,,,,,,0,0,0,,,,,,,,,,,98,98,98,0,,,,,20,,,,,,,,,1,0,,,,,,
2019,45,633877,2,01-26-2019,23:17,26,1,Jan,,57,Skagit,0,1,0,2,1,1,1,1,7,4,,,,8,0,0,No vehicle,237,1,0,1,No intersection,1,1,1,1,0,0,0,0,I-5,,-122.3482667,48.56642778,98233,0,1,13,Pedestrian/Animal,80,5,70,14,0,0,1,5,8,1,1,2,3,1,Going Straight,1,2,53,,0,37,31,2005,0,,68,12,,,,,1,1,85,1,7,,4,7,3,0,11,0,11/26/2021,15:55,69053061254,61254,0,0,3,3,1,28,,,,92,,,,,,98,,,,,,98201,53,66,180,6,1,0,0,1,0,,0,,,,,,0,08-15-2018,08-15-2018,20,0,0,0,0,9,8,,,0,,,8,8,2,996,996,,1,1,,2,1,0,,,,,,,,,,,,,,,,,,,,,,,,,,,,,,0,0,0,0,0,0,1,1,0,0,0,0,0,0,0,0,1,0,0,0,0,0,0,0,0,1,1,1,0,1,0,0,0,0,0,,1,0,0,0,0,0,1,1,1,0,0,0,0,0,1,0,,,,,,81+,76+,City street,U,Friday,Belt Used,PV,White,0,0,0,0,City Street,Municipal/City Police,Everett Police Department,0,0,0,1,0,,,,,,0,0,0,,,,,,,,,,,98,98,98,1,,,,,20,,,,,,,,,1,0,,,,,,
2018,45,633150,1,02-18-2018,12:50,18,2,Feb,3,77,Yakima,0,10,0,1,1,2,1,0,4,2,12:34,12:52,13:18,12,0,6,Angle,0,2,0,3,T Intersection,7,1,2,4,0,3,20,3,CR-HOFFER RD,HORSCHEL RD,-120.4347028,46.44060278,98951,0,2,82,Turn Into Opp Direction(Turning Left),66,4,35,4,0,0,1,2,12,1,1,2,1,11,Turning Red: Permitted on red,3,1,53,,0,59,35,2016,0,,63,8,,,,,1,1,19,1,0,,0,0,3,0,11,0,,,,,0,0,0,3,1,6,,,,96,,,,,,98,,,,,,98003,53,75,185,6,1,0,1,0,2,,97,,,,,,0,05-15-2020,09-15-2021,20,0,0,0,8,9,8,,,0,,,8,8,0,0,,,0,,,0,0,996,,,,,,,,,,,,,,,,,,,,,,,,,,,,,,0,0,0,0,0,0,0,0,0,0,0,0,0,0,0,0,0,0,0,0,0,1,1,0,1,0,0,0,0,1,0,1,0,0,0,,0,0,0,0,0,0,0,0,0,0,0,0,0,0,0,0,,,,,,18-20,16-25,Interstate,U,Friday,Belt Used,PV,Not Fatal,0,0,0,0,State Route,State Patrol,Washington State Patrol,0,1,0,0,0,,,,,,0,0,0,,,,,,,,,,,98,98,98,0,,,,,20,,,,,,,,,1,0,,,,,,
2018,45,633149,1,02-18-2018,12:50,18,2,Feb,3,77,Yakima,0,10,0,1,1,2,1,0,4,2,12:34,12:52,13:18,12,1,6,Angle,0,2,0,3,T Intersection,7,1,2,4,0,3,0,0,CR-HOFFER RD,HORSCHEL RD,-120.4347028,46.44060278,98951,0,1,83,Others,67,4,35,4,0,0,1,2,12,1,1,2,1,1,Going Straight,1,2,53,,0,63,421,2009,0,,12,,,,,,1,1,26,2,0,,0,0,3,0,11,0,,,,,0,0,0,3,1,60,,,,92,,,,,,98,,,,,,99352,53,61,140,6,1,0,0,1,5,,0,,,,,,0,11-15-2019,04-15-2021,20,0,0,0,8,9,8,,,0,,,8,8,0,0,,,0,,,0,0,996,,,,,,,,,,,,,,,,,,,,,,,,,,,,,,0,0,0,1,1,1,0,1,0,0,0,0,1,0,0,0,1,0,0,0,0,0,0,0,0,0,0,0,1,1,0,0,0,0,0,,0,0,0,0,0,0,0,0,1,0,0,0,0,0,0,0,,,,,,26-30,26-35,City street,U,Thursday,Belt Used,PV,Not Fatal,1,0,0,0,City Street,Municipal/City Police,Richland Police Department,0,0,0,1,0,,,,,,0,0,0,,,,,,,,,,,98,98,98,0,,,,,20,,,,,,,,,1,0,,,,,,
2017,45,632380,4,02-03-2017,09:50,3,2,Feb,0,75,Whitman,0,4,0,1,4,1,1,0,2,2,,,,12,0,6,Angle,57.8,1,0,1,No intersection,3,1,1,2,0,0,0,0,US-195,,-117.3797389,47.16836944,99170,0,1,66,Specific Other,6,1,60,34,0,0,1,2,12,2,1,2,1,14,Making a U turn,1,2,53,,0,37,706,2000,0,,12,,,,,,1,1,27,1,7,,4,0,20,7,11,5,11/25/2021,01:32,1.85E+11,61041,0,0,1,3,1,0,,,,96,,,,,,98,,,,,,99352,53,69,150,6,1,0,0,0,1,,0,,,,,,3,05-15-2018,05-15-2018,20,8,0,0,0,9,8,,,0,,,8,8,2,1,,,1,,,2,1,0.11,,,,,,,,,,,,,,,,,,,,,,,,,,,,,,0,0,0,1,1,1,0,1,0,0,0,0,1,0,0,0,1,0,0,0,0,0,0,0,0,0,0,0,1,1,0,0,0,0,1,0,0,0,0,0,0,1,0,1,0,1,0,0,0,1,0,1,,,,,,26-30,26-35,City street,U,Thursday,,MC,White,1,0,0,0,City Street,Municipal/City Police,Richland Police Department,0,0,0,1,0,,,,,,0,0,0,,,,,,,,,,,0,0,0,1,,,,,5,,,,,,,,,1,0,,,,,,
2019,45,633879,2,01-26-2019,23:17,26,1,Jan,,57,Skagit,0,1,0,2,1,1,1,1,7,4,,,,8,0,0,No vehicle,237,1,0,1,No intersection,1,1,1,1,0,0,0,0,I-5,,-122.3482667,48.56642778,98233,0,3,98,Others,80,5,70,49,0,0,1,5,8,1,1,2,3,1,Going Straight,1,9,99,,0,49,401,2001,0,,12,,,,,,1,1,31,1,0,,0,0,3,0,11,0,,,,,0,0,0,0,1,0,,,,96,,,,,,0,,,,,,98282,53,64,130,0,0,0,0,1,2,,0,,,,,,0,09-15-2019,01-15-2021,20,0,0,0,8,9,8,,,0,,,8,8,8,95,,,96,,,0,0,996,,,,,,,,,,,,,,,,,,,,,,,,,,,,,,0,0,0,0,0,0,0,0,0,0,0,0,1,1,0,0,0,0,0,0,0,0,0,0,0,0,0,0,0,1,0,0,0,0,0,,0,0,0,0,0,0,0,0,0,0,0,1,0,0,0,0,,,,,,31-35,26-35,State route,R,Thursday,Belt Used,PV,Not Fatal,0,0,0,0,State Route,State Patrol,Washington State Patrol,0,1,0,0,0,,,,,,0,0,0,,,,,,,,,,,98,98,98,0,,,,,20,,,,,,,,,1,0,,,,,,
2017,45,632381,4,02-03-2017,09:50,3,2,Feb,0,75,Whitman,0,4,0,1,4,1,1,0,2,2,,,,12,0,6,Angle,57.8,1,0,1,No intersection,3,1,1,2,0,0,0,0,US-195,,-117.3797389,47.16836944,99170,0,2,66,Specific Other,62,4,60,63,1,0,1,2,12,3,1,2,1,14,Making a U turn,1,9,99,,0,37,31,1991,0,,12,,,,,,1,1,39,1,0,,0,0,3,0,11,0,,,,,0,0,0,2,1,0,,,,96,,,,,,0,,,,,,98802,53,70,190,1,1,0,0,0,0,,0,,,,,,0,,,20,0,0,0,8,9,8,,,0,,,8,8,8,95,,,96,,,0,0,996,,,,,,,,,,,,,,,,,,,,,,,,,,,,,,0,0,0,0,0,0,0,0,0,0,0,0,1,1,0,0,0,0,0,0,0,0,0,0,0,0,0,0,0,1,0,0,0,0,0,,0,0,0,0,0,0,0,0,0,0,0,1,0,0,0,0,,,,,,36-40,36-45,State route,R,Thursday,Belt Used,PV,Not Fatal,0,0,0,0,State Route,State Patrol,Washington State Patrol,0,1,0,0,0,,,,,,0,0,0,,,,,,,,,,,0,0,0,0,,,,,20,,,,,,,,,1,0,,,,,,
2019,46,633881,129,02-19-2019,05:10,19,2,Feb,,53,Pierce,747,10,0,2,2,2,1,0,3,2,,,,12,0,2,Front-to-Front,0,1,0,1,No intersection,7,2,4,6,0,3,0,0,70TH AVE E,,-122.3361139,47.24146944,98424,0,1,50,Lateral Move(Left/Right),10,2,35,20,0,0,1,7,12,2,2,2,1,14,Making a U turn,2,2,6,,0,49,43,2005,0,,12,12,,,,,1,1,46,1,0,,3,0,3,0,11,0,,,,,0,0,0,3,1,0,,,,96,,,,,,0,,,,,,98292,53,69,200,6,1,0,0,1,0,,0,,,,,,0,08-15-2017,08-15-2017,8,0,0,0,8,9,8,,,0,,,8,8,8,95,,,96,,,0,0,996,,,,,,,,,,,,,,,,,,,,,,,,,,,,,,0,0,0,0,0,0,0,0,0,0,0,0,1,1,0,0,0,0,0,0,0,0,0,0,0,0,0,0,0,1,0,0,0,0,0,,0,0,0,0,0,0,0,0,0,0,0,0,0,0,0,0,,,,,,46-50,46-55,State route,R,Thursday,Belt Used,PV,Not Fatal,0,0,0,0,State Route,State Patrol,Washington State Patrol,0,1,0,0,0,,,,,,0,0,0,,,,,,,,,,,98,98,98,0,,,,,20,,,,,,,,,1,0,,,,,,
2021,46,635408,1,02-26-2021,10:44,26,2,Feb,,77,Yakima,0,1,,1,1,2,1,0,2,2,,,,12,0,7,"Sideswipe,Same",0.2,20,1,1,No intersection,1,2,1,1,0,0,0,0,I-82 RAMP,,-120.4753694,46.54045556,98939,0,2,98,Others,98,7,35,6,0,0,1,2,3,1,1,1,6,1,Going Straight,1,1,53,,0,12,402,2011,0,,12,68,12,12,,,1,1,28,1,0,,3,0,3,0,11,0,,,,,0,0,0,2,1,0,,,,96,,,,,,9,,,,,,98037,53,72,175,3,1,1,1,2,2,,0,,,,,,0,08-15-2019,01-15-2021,8,0,0,0,8,9,8,,,0,,,1,8,8,95,,,96,,,2,1,997,,,,,,,,,,,,,,,,,,,,,,,,,,,,,,0,0,0,0,0,0,0,0,0,0,0,0,1,1,0,0,0,0,0,0,0,0,0,0,0,0,0,0,0,1,0,0,0,0,0,,0,0,0,0,0,0,0,0,0,0,0,1,0,0,0,0,,,,,,26-30,26-35,State route,R,Thursday,Belt Used,PV,Not Fatal,0,0,0,0,State Route,State Patrol,Washington State Patrol,0,1,0,0,0,,,,,,0,1,2,,,,,,,,,,,98,98,98,0,,,,,20,,,,,,,,,1,0,,,,,,
2021,46,635407,1,02-26-2021,10:44,26,2,Feb,,77,Yakima,0,1,,1,1,2,1,0,2,2,,,,12,0,7,"Sideswipe,Same",0.2,20,1,1,No intersection,1,2,1,1,0,0,0,0,I-82 RAMP,,-120.4753694,46.54045556,98939,0,1,98,Others,21,2,35,6,0,0,1,2,12,1,1,1,6,12,Others,1,1,53,,0,30,40,2017,0,,12,,,,,,1,1,48,2,0,,1,0,3,0,11,0,,,,,0,0,0,2,1,0,,,,96,,,,,,98,,,,,,98012,53,65,150,1,1,0,2,2,0,,0,,,,,,4,11-15-2019,02-15-2019,8,0,0,0,8,9,2,,,0,,,1,8,0,0,,,0,,,0,0,996,,,,,,,,,,,,,,,,,,,,,,,,,,,,,,0,0,0,0,0,0,0,0,0,0,0,0,1,1,0,0,0,0,0,0,0,0,0,0,0,0,0,0,0,1,0,0,0,0,0,,0,0,0,0,0,0,0,0,0,1,0,1,0,0,0,0,,,,,,46-50,46-55,State route,R,Thursday,Belt Used,PV,Not Fatal,0,0,0,0,State Route,State Patrol,Washington State Patrol,0,1,0,0,0,,,,,,0,0,1,,,,,,,,,,,98,98,98,0,,,,,20,,,,,,,,,1,0,,,,,,
2020,46,634632,27,02-02-2020,15:10,2,2,Feb,,37,Kittitas,0,1,,1,1,2,1,0,2,2,15:16,15:22,15:51,12,0,6,Angle,3.1,2,0,2,4 Way,5,1,2,4,0,0,0,0,CR-COVE RD,HANSON RD,-120.6453472,46.98532222,98926,0,2,88,Striking from the Left,66,4,50,66,0,0,1,2,12,1,1,2,1,1,Going Straight,1,3,53,,0,12,24,2012,0,,8,,,,,,1,1,24,1,0,,0,0,99,7,11,0,,,,,0,0,0,3,1,0,,,,96,,,,,,0,,,,,,98404,53,72,195,6,1,0,0,0,1,,0,,,,,,0,04-15-2019,04-15-2019,20,0,0,0,8,9,8,,,0,,,8,8,2,1,,,1,,,8,95,995,,,,,,,,,,,,,,,,,,,,,,,,,,,,,,0,0,0,0,0,0,0,0,0,0,0,0,0,0,0,0,0,1,0,0,0,0,0,1,1,0,0,0,0,1,0,1,0,0,0,,0,0,0,0,0,0,0,0,0,0,0,0,0,0,0,0,,,,,,21-25,16-25,City street,U,Thursday,Unknown,PV,Not Fatal,0,0,0,0,City Street,Municipal/City Police,Tacoma Police Department,0,0,0,1,0,,,,,,0,0,0,,,,,,,,,,,98,98,98,0,,,,,20,,,,,,,,,1,0,,,,,,
2020,46,634631,27,02-02-2020,15:10,2,2,Feb,,37,Kittitas,0,1,,1,1,2,1,0,2,2,15:16,15:22,15:51,12,0,6,Angle,3.1,2,0,2,4 Way,5,1,2,4,0,0,20,3,CR-COVE RD,HANSON RD,-120.6453472,46.98532222,98926,0,1,89,Others,17,2,35,34,0,0,1,2,12,1,1,2,1,1,Going Straight,1,1,53,,0,99,999,9999,0,,8,,,,,,1,1,999,9,0,,9,0,99,7,11,0,,,,,99,9,9,9,1,0,,,,96,,,,,,98,,,,,,99999,99,,999,9,9,99,99,99,99,,0,,,,,,0,,,99,0,0,0,8,9,8,,,0,,,8,8,0,0,,,0,,,0,0,996,,,,,,,,,,,,,,,,,,,,,,,,,,,,,,0,0,0,0,0,0,0,0,0,1,1,1,0,0,0,0,0,0,0,0,0,0,0,0,0,0,0,0,0,0,0,1,0,0,0,,0,0,0,0,0,0,0,0,0,0,0,0,0,0,0,0,,,,,,,,Interstate,U,Monday,,NR-U,Not Fatal,0,0,0,0,State Route,State Patrol,Washington State Patrol,0,1,0,0,0,,,,,,99,99,99,,,,,,,,,,,98,98,98,0,,,,,20,,,,,,,,,1,0,,,,,,
2019,46,633882,129,02-19-2019,05:10,19,2,Feb,,53,Pierce,747,10,0,2,2,2,1,0,3,2,,,,12,0,2,Front-to-Front,0,1,0,1,No intersection,7,2,4,6,0,3,0,0,70TH AVE E,,-122.3361139,47.24146944,98424,0,2,51,Lateral Move(Going Straight),62,4,35,66,1,0,1,7,12,3,2,2,1,14,Making a U turn,1,3,53,,0,49,442,1999,0,,8,,,,,,1,1,41,1,0,,0,0,3,0,11,0,,,,,0,0,3,3,1,0,,,,97,,,,,,98,,,,,,98002,53,59,148,6,1,0,0,0,0,,0,,,,,,0,,,20,0,0,0,8,9,8,,,0,,,8,8,8,95,,,96,,,0,0,996,,,,,,,,,,,,,,,,,,,,,,,,,,,,,,0,0,0,1,0,0,0,0,0,0,0,0,0,0,0,0,1,0,0,0,0,0,0,0,0,0,0,0,0,1,0,1,0,0,0,,0,0,0,0,0,0,0,0,1,0,0,0,0,0,0,0,,,,,,41-45,36-45,City street,U,Monday,Belt Used,PV,Not Fatal,1,0,0,0,City Street,Municipal/City Police,Auburn Police Department,0,0,0,1,0,,,,,,0,0,0,,,,,,,,,,,0,0,0,0,,,,,20,,,,,,,,,1,0,,,,,,
2017,46,632383,14,02-06-2017,02:16,6,2,Feb,0,11,Clark,0,1,0,2,2,2,1,0,1,1,,,,38,0,0,No vehicle,1.5,1,0,1,No intersection,7,1,2,4,0,0,0,0,CR-NE 144TH ST,,-122.5237694,45.72639167,98606,0,1,10,Others,99,9,50,4,0,0,1,2,42,1,4,2,1,1,Going Straight,1,1,53,,0,12,481,2002,0,,51,64,1,,,,1,1,37,1,7,,4,7,20,7,11,0,11/21/2021,03:30,53062112,62112,0,0,0,0,1,0,,,,96,,,,,,98,,,,,,98290,53,72,220,0,0,1,3,1,2,,0,,,,,,4,01-15-2018,06-15-2021,20,1,9,0,0,9,8,,,0,,,8,8,0,0,,,0,,,0,0,996,,,,,,,,,,,,,,,,,,,,,,,,,,,,,,0,0,0,0,0,0,0,0,0,0,0,0,1,1,0,0,0,0,0,1,0,0,0,0,0,0,0,0,0,1,0,0,0,1,0,,1,0,0,0,0,0,0,0,0,1,0,1,0,0,0,0,,,,,,36-40,36-45,Interstate,R,Sunday,Not Used,PV,White,0,0,0,0,State Route,State Patrol,Washington State Patrol,0,1,0,0,0,,,,,,0,1,1,,,,,,,,,,,98,98,98,1,,,,,20,,,,,,,,,1,0,,,,,,
2021,47,635410,8,02-19-2021,18:05,19,2,Feb,,35,Kitsap,0,10,,2,2,2,1,1,2,3,,,,12,0,6,Angle,3.2,8,0,1,No intersection,4,1,1,3,0,0,0,0,SR-160,,-122.5814528,47.50508611,98366,0,3,98,Others,62,4,45,4,0,0,1,2,12,1,1,2,1,5,Others,1,3,53,,0,20,422,2004,0,,12,,,,,,1,1,44,1,0,,1,0,3,0,11,8,,,,,0,0,0,3,1,0,,,,96,,,,,,0,,,,,,98226,53,69,220,6,1,0,0,0,0,,0,,,,,,0,,,1,0,0,0,8,9,8,,,0,,,8,8,8,95,,,96,,,8,95,995,,,,,,,,,,,,,,,,,,,,,,,,,,,,,,0,0,0,0,0,0,1,1,1,0,0,0,1,1,0,0,0,0,0,1,0,0,0,0,0,0,0,0,0,1,0,0,0,0,0,,0,0,0,0,0,0,0,0,0,0,0,0,0,0,0,0,,,,,,41-45,36-45,City street,U,Sunday,Belt Used,PV,Not Fatal,0,1,1,0,City Street,Municipal/City Police,Bellingham Police Department,0,0,0,1,0,,,,,,0,0,0,,,,,,,,,,,98,98,98,0,,,,,20,,,,,,,,,1,0,,,,,,
2021,47,635409,8,02-19-2021,18:05,19,2,Feb,,35,Kitsap,0,10,,2,2,2,1,1,2,3,,,,12,0,6,Angle,3.2,8,0,1,No intersection,4,1,1,3,0,0,0,0,SR-160,,-122.5814528,47.50508611,98366,0,2,98,Others,50,3,45,6,0,0,1,2,12,1,1,2,1,1,Going Straight,1,1,53,,0,35,47,2009,0,,68,12,,,,,1,1,26,1,1,,4,7,20,7,11,0,11/14/2021,19:06,11053059861,59861,0,0,0,0,1,0,,,,96,,,,,,98,,,,,,98225,6,67,180,0,0,0,0,0,0,,0,,,,,,4,,,8,0,0,0,0,9,8,,,0,,,8,8,2,605,695,401,1,1,1,2,1,0,,,,,,,,,,,,,,,,,,,,,,,,,,,,,,0,0,0,0,0,0,1,1,1,0,0,0,1,1,0,0,0,0,0,1,0,0,0,0,0,0,0,0,0,1,0,0,0,1,0,,1,0,0,0,0,0,1,1,0,1,0,1,0,0,1,0,,,,,,26-30,26-35,City street,U,Sunday,Not Used,PV,Hispanic,0,1,1,0,City Street,Municipal/City Police,Bellingham Police Department,0,0,0,1,0,thc,1.5,carboxy-thc,10,,0,0,0,1,,,,,417,,,,,98,98,98,1,,,,,20,,,,,,,,nms,1,0,,,,,,
2020,47,634642,160,02-19-2020,06:57,19,2,Feb,,33,King,1030,1,,4,4,2,1,0,2,2,06:58,07:10,,12,0,6,Angle,0,1,0,1,No intersection,3,2,4,6,0,0,0,0,ORILLIA RD S,,-122.2823194,47.41599722,98032,0,2,66,Specific Other,62,4,40,66,1,0,1,2,12,2,2,2,1,14,Making a U turn,1,3,53,,0,37,706,2008,0,,12,,,,,,1,1,33,1,7,,4,7,20,7,11,0,11/21/2021,03:08,1.03E+11,60540,0,0,0,2,1,0,,,,96,,,,,,0,,,,,,98042,53,72,200,3,1,0,0,0,0,,0,,,,,,0,10-15-2017,10-15-2017,20,8,0,0,0,9,8,,,0,,,8,8,2,401,417,,1,1,,2,1,0,,,,,,,,,,,,,,,,,,,,,,,,,,,,,,0,0,0,1,1,0,1,1,0,0,0,0,0,1,1,0,0,0,1,0,0,0,0,0,0,0,0,0,1,1,0,0,0,0,1,0,0,0,0,0,0,0,1,1,0,0,0,1,0,0,1,0,,,,,,31-35,26-35,City street,U,Sunday,,MC,White,1,0,0,0,City Street,Municipal/City Police,Kent Police Department,0,0,0,1,0,,,,,,0,0,1,,,,,,,,,,,0,0,0,1,,,,,5,,,,,,,,,1,0,,,,,,
2020,47,634641,160,02-19-2020,06:57,19,2,Feb,,33,King,1030,1,,4,4,2,1,0,2,2,06:58,07:10,,12,0,6,Angle,0,1,0,1,No intersection,3,2,4,6,0,0,0,0,ORILLIA RD S,,-122.2823194,47.41599722,98032,0,1,66,Specific Other,5,1,40,4,0,0,1,2,12,3,2,2,1,14,Making a U turn,1,1,53,,0,7,24,2021,0,,12,,,,,,1,1,45,2,0,,0,0,99,7,11,0,,,,,0,0,0,3,1,38,,,,96,,,,,,9,,,,,,98031,53,66,160,6,1,0,0,0,1,,1,11,,,,,0,07-15-2019,07-15-2019,8,0,0,0,8,9,2,,,0,,,8,1,8,95,,,96,,,2,1,997,,,,,,,,,,,,,,,,,,,,,,,,,,,,,,0,0,0,1,1,0,1,1,0,0,0,0,0,1,1,0,0,0,1,0,0,0,0,0,0,0,0,0,1,1,0,0,0,0,0,,0,0,0,0,0,0,0,0,0,0,1,0,0,0,0,1,,,,,,41-45,36-45,City street,U,Sunday,Unknown,PV,Not Fatal,1,0,0,0,City Street,Municipal/City Police,Kent Police Department,0,0,0,1,0,,,,,,0,0,0,,,,,,,,,,,98,98,98,0,,,,,20,,,,,,,,,1,0,,,,,,
2019,47,633883,2,02-17-2019,12:23,17,2,Feb,,57,Skagit,0,1,0,1,1,2,1,1,2,1,,,,8,0,0,No vehicle,6.4,1,0,1,No intersection,5,1,1,3,0,0,0,0,SR-11,,-122.4181222,48.55849722,98232,0,1,13,Pedestrian/Animal,80,5,55,15,0,0,1,5,8,1,1,2,1,1,Going Straight,2,1,53,,0,49,50,2006,0,,64,24,,,,,1,1,37,2,7,,4,0,3,0,11,5,10/25/2021,03:45,1.96E+11,56342,0,0,0,3,1,0,,,,96,,,,,,98,,,,,,98037,53,63,130,6,1,0,1,1,0,,0,,,,,,0,02-15-2017,07-15-2018,8,1,9,0,0,9,8,,,0,,,8,8,2,605,,,1,,,2,1,0.13,,,,,,,,,,,,,,,,,,,,,,,,,,,,,,0,0,1,0,1,1,1,1,1,0,0,0,0,0,0,0,0,0,0,0,0,0,0,0,0,0,0,0,0,1,0,0,0,0,0,,1,0,0,0,0,1,1,1,0,0,0,0,0,0,0,1,,,,,,36-40,36-45,Interstate,U,Monday,Belt Used,PV,API,0,1,0,0,State Route,State Patrol,Washington State Patrol,1,1,0,0,0,thc,3.7,,,,0,0,0,,,,,,,,,,,98,98,98,7,,,,,20,,,,,,,,nms,1,0,,,,,,
2017,47,632401,5,02-06-2017,18:56,6,2,Feb,0,15,Cowlitz,0,4,0,2,3,2,1,0,2,2,18:57,19:20,19:43,12,0,6,Angle,3.5,1,0,1,No intersection,4,1,1,3,0,0,0,0,SR-504,,-122.8613972,46.29784722,98611,0,2,66,Specific Other,62,4,55,63,0,0,1,2,12,1,2,3,2,1,Going Straight,1,3,53,,0,35,39,2018,0,,63,20,1,,,,1,1,21,1,1,,4,7,20,7,11,0,11/14/2021,00:19,2.31E+11,58944,99,9,9,9,1,0,,,,96,,,,,,98,,,,,,99999,99,,999,9,9,99,99,99,99,,0,,,,,,4,,,8,0,0,0,0,9,8,,,0,,,8,8,2,1,,,1,,,2,1,0.162,,,,,,,,,,,,,,,,,,,,,,,,,,,,,,0,0,0,0,1,1,0,1,0,0,0,0,1,0,0,0,0,0,0,1,0,0,0,1,1,0,0,0,0,1,0,0,0,1,0,,1,0,0,0,0,1,0,1,0,1,0,0,0,1,0,1,,,,,,21-25,16-25,Interstate,U,Sunday,Not Used,PV,Hispanic,0,1,0,0,State Route,State Patrol,Washington State Patrol,1,1,0,0,0,,,,,,99,99,99,,,,,,,,,,,98,98,98,1,,,,,20,,,,,,,,,1,0,,,,,,