year,something,Cases,repjur,crash_dt,crash_tm,accday,Month,Month,holiday,county,co_char,city,weather,weather2,lightcond,surfcond,surftype,Number of Fatalities,nmforms,pforms,vforms,not_tm,arr_tm,hosp_tm,fhevent,hitrun,Manner of Collision,Manner of Collision,milepnt,reljunc,reljuncinter,intersectiontype,Intersection Type,funcsystem,landuse,ownership,route,schlbus,spejur,contdev,devfunc,trafid1,trafid2,x,y,zipcode,wk_zone,vnumber,crashtype,Crash Type,criticalevent,criticaleventcat,spdlim,body,trailer,emerg,hazcargo,leave,mhevent,roadalgn,roadprof,traflane,trafflow,Vehicle Manure,Vehicle Manure,numoccs,regowner,regstate,,spuse,make,model,modelyr,vrf1,vrf2,seqevent1,seqevent2,seqevent3,seqevent4,seqevent5,seqevent6,pnumber,ptype,age,sex,hispanic,race,injury,diedscene,restraint,restraintmisuse,seatpos,takehosp,death_dt,death_tm,cert,cernum_wa,commlic,licendor,licrestrict,liccomp,drivpres,drf1,drf2,drf3,drf4,distract1,distract2,distract3,distract4,distract5,distract6,dricond1,dricond2,dricond3,dricond4,dricond5,dricond6,dzip,licstate,drhgt_in,weight,noncdl,noncdltype,prevdwi,prevoth,prevacc,prevspd,prevsus,driviol1,driviol2,driviol3,driviol4,driviol5,driviol6,spdrel,first_dt,last_dt,airbag,ejection,ejectpath,extricat,injurwrk,methalc,methdrug,nmlocat,strikveh,prf1,prf2,prf3,druginv,alcinvol,drugsts,drugres1,drugres2,drugres3,drugtst1,drugtst2,drugtst3,alcsts,alctst,alcres,nmact1,nmact2,nmact3,nmact4,nmact5,nmact6,nmprior1,nmprior2,nmprior3,nmprior4,nmprior5,nmprior6,nmcond1,nmcond2,nmcond3,nmcond4,nmcond5,nmcond6,nmsafe_helmet,nmsafe_pads,nmsafe_oth,nmprev_ref,nmprev_lgt,nmprev_oth,crashlocation,nmcrashtype,crosswalk,schoolzone,sidewalk,train_inv,wildlife_inv,rotr_fars,intersect_fars,Drink and Drive,aid_inv,Drug Positive Drivers,Impaired Drivers,Marijuana Positive,impnm_inv,ainm_inv,dpnm_inv,speed_inv,unlic_inv,unendmc_inv,drowsy_inv,drdist_inv,nmdist_inv,fty_inv,unrestfat_inv,dr1617_inv,dr1820_inv,dr1620_inv,dr2125_inv,dr1625_inv,dr65_inv,dr70_inv,dr75_inv,mc_inv,pv_inv,ht_inv,ped_inv,bike_inv,unrest_fat,mc_fat,unhelmet_mc,pv_fat,ht_fat,ped_fat,bike_fat,dr_alc7,dr_alc8,dr_drug,dr_imp,dr_dist,dr_spd,dr_fty,dr_unlic,dr_alc7only,dr_alc8only,dr_drugonly,dr_drink,nm_imp,nm_alc7,nm_alc8,nm_drug,nm_dist,agegrp1,agegrp2,roadclass,urbrur,dayweek,restuse,vehtype,race_me,intersect,lanedep,oppdir,wrongway,rep_typ,investag,repag_long,rotr,st_rd,cty_rd,city_rd,oth_rd,drug_thc,thc_res,drug_cthc,cthc_res,drug_cann,prevpersemin,prevperse,prevsusoth,drugtst4,drugtst5,drugtst6,drugtst7,drugtst8,drugres4,drugres5,drugres6,drugres7,drugres8,adspresent,adsengaged,adslevel,race1,race2,race3,race4,race5,helmet,helmetmisuse,nmdistract1,nmdistract2,nmdistract3,nmdistract4,nmdistract5,nmdistract6,lab,isedtcase,crf1,crf2,crf3,CoRoadName,CoMP,IntCoRoadName,IntCoMP
2017,47,632400,5,02-06-2017,18:56,6,2,Feb,0,15,Cowlitz,0,4,0,2,3,2,1,0,2,2,18:57,19:20,19:43,12,0,6,Angle,3.5,1,0,1,No intersection,4,1,1,3,0,0,0,0,SR-504,,-122.8613972,46.29784722,98611,0,1,66,Specific Other,6,1,55,40,0,0,1,2,12,1,2,3,2,6,Others,1,1,53,,0,85,881,2021,0,,12,,,,,,1,1,38,1,0,,0,0,3,0,11,0,,,,,6,1,3,3,1,0,,,,96,,,,,,0,,,,,,99122,53,67,135,6,1,0,0,1,0,,0,,,,,,0,08-15-2018,08-15-2018,20,0,0,0,8,9,8,,,0,,,8,8,8,95,,,96,,,0,0,996,,,,,,,,,,,,,,,,,,,,,,,,,,,,,,0,0,0,0,0,0,0,0,0,0,0,0,0,0,0,0,1,0,0,0,0,0,0,0,0,0,0,0,0,1,1,0,0,0,0,,0,0,0,0,0,0,0,0,0,0,0,0,0,0,0,0,,,,,,36-40,36-45,Interstate,R,Monday,,MHTRUCK,Not Fatal,0,0,0,0,State Route,State Patrol,Washington State Patrol,0,1,0,0,0,,,,,,0,0,0,,,,,,,,,,,98,98,98,0,,,,,20,,,,,,,,,1,26,,,,,,
2018,47,633133,290,02-22-2018,19:15,22,2,Feb,0,53,Pierce,2230,1,0,3,1,2,1,1,1,1,,,,8,1,0,No vehicle,0,1,0,1,No intersection,3,2,4,6,0,0,0,0,S HOSMER ST,,-122.4631833,47.17814444,98408,0,1,13,Pedestrian/Animal,80,5,35,49,0,0,1,5,8,1,1,4,1,1,Going Straight,99,9,99,,0,7,482,2013,0,,12,,,,,,1,1,57,1,7,,4,7,3,0,11,0,11/15/2021,19:17,53058825,58825,0,0,0,3,1,0,,,,92,,,,,,98,,,,,,98007,53,73,225,6,1,0,0,0,1,,0,,,,,,0,09-15-2017,09-15-2017,1,0,0,0,0,9,8,,,0,,,8,8,0,0,,,0,,,0,0,996,,,,,,,,,,,,,,,,,,,,,,,,,,,,,,0,0,0,0,0,0,0,0,0,0,0,0,0,0,0,0,1,0,0,0,0,0,0,0,0,0,0,0,0,1,1,0,0,0,0,,1,0,0,0,0,0,0,0,1,0,0,0,0,0,0,0,,,,,,56-60,56-65,Interstate,R,Monday,Belt Used,PV,White,0,0,0,0,State Route,State Patrol,Washington State Patrol,0,1,0,0,0,,,,,,0,0,0,,,,,,,,,,,98,98,98,1,,,,,20,,,,,,,,,1,26,,,,,,
2021,48,635412,5,02-23-2021,03:08,23,2,Feb,,11,Clark,0,10,,2,1,2,1,1,5,4,,,,8,0,0,No vehicle,9.1,1,0,1,No intersection,1,2,1,1,0,0,0,0,I-5,,-122.6611306,45.74499167,98642,0,2,98,Others,80,5,60,4,0,0,1,2,8,1,1,4,3,1,Going Straight,1,9,13,,0,87,881,2022,0,,12,,,,,,1,1,58,1,0,,2,0,3,0,11,5,,,,,6,1,0,3,1,0,,,,96,,,,,,0,,,,,,98258,53,74,270,6,1,0,0,0,0,,0,,,,,,0,,,20,0,0,0,8,9,8,,,0,,,8,8,8,95,,,96,,,2,98,997,,,,,,,,,,,,,,,,,,,,,,,,,,,,,,0,0,0,0,0,0,1,1,1,0,0,0,0,0,0,0,1,0,0,1,0,0,0,1,1,0,0,0,0,1,1,0,0,0,0,,0,0,0,0,0,0,0,0,0,0,0,0,0,0,0,0,,,,,,56-60,56-65,State route,U,Thursday,,MHTRUCK,Not Fatal,0,1,1,0,State Route,State Patrol,Washington State Patrol,0,1,0,0,0,,,,,,0,0,0,,,,,,,,,,,98,98,98,0,,,,,20,,,,,,,,,1,0,,,,,,
2021,48,635413,5,02-23-2021,03:08,23,2,Feb,,11,Clark,0,10,,2,1,2,1,1,5,4,,,,8,0,0,No vehicle,9.1,1,0,1,No intersection,1,2,1,1,0,0,0,0,I-5,,-122.6611306,45.74499167,98642,0,3,98,Others,80,5,60,66,1,0,1,2,8,1,1,4,3,1,Going Straight,1,3,18,,0,42,401,2011,0,,63,69,68,12,2,,1,1,23,2,7,,4,7,20,7,11,0,11/18/2021,12:50,53059776,59776,0,0,0,3,1,58,,,,92,,,,,,98,,,,,,98244,53,67,160,6,1,0,3,1,1,,0,,,,,,0,05-15-2017,04-15-2019,99,0,0,0,0,9,8,,,0,,,1,8,2,996,695,605,1,1,1,2,1,0,,,,,,,,,,,,,,,,,,,,,,,,,,,,,,0,0,0,0,0,0,1,1,1,0,0,0,0,0,0,0,1,0,0,1,0,0,0,1,1,0,0,0,0,1,1,0,0,1,0,,1,0,0,0,0,0,1,1,1,0,0,0,0,0,1,0,,,,,,21-25,16-25,State route,U,Thursday,Not Used,PV,White,0,1,1,0,State Route,State Patrol,Washington State Patrol,0,1,0,0,0,thc,4.3,carboxy-thc,21,,0,0,2,1,1,1,,,401,417,151,996,,98,98,98,1,,,,,20,,,,,,,,nms,1,0,,,,,,
2021,48,635411,5,02-23-2021,03:08,23,2,Feb,,11,Clark,0,10,,2,1,2,1,1,5,4,,,,8,0,0,No vehicle,9.1,1,0,1,No intersection,1,2,1,1,0,0,0,0,I-5,,-122.6611306,45.74499167,98642,0,1,13,Pedestrian/Animal,80,5,60,66,1,0,1,2,8,1,1,4,3,1,Going Straight,1,3,18,,0,97,997,9998,0,,12,,,,,,1,1,998,8,0,,0,0,98,7,11,0,,,,,99,9,9,9,1,0,,,,96,,,,,,98,,,,,,99998,98,,999,9,9,99,99,99,99,,0,,,,,,0,,,98,0,0,0,8,9,8,,,0,,,8,8,0,0,,,0,,,0,0,996,,,,,,,,,,,,,,,,,,,,,,,,,,,,,,0,0,0,0,0,0,1,1,0,0,0,0,0,1,0,0,0,0,0,0,0,0,0,0,0,0,0,0,0,1,0,0,0,0,0,,0,0,0,0,0,0,0,0,0,0,0,0,0,0,0,0,,,,,,,,County road,R,Sunday,,NR-U,Not Fatal,0,1,1,0,County Road,County Sheriff,Yakima County Sheriff's Office,0,0,1,0,0,,,,,,99,99,99,,,,,,,,,,,98,98,98,0,,,,,20,,,,,,,,,1,0,,,YAKIMA VALLEY HIGHWAY,32.31,NULL,
2017,48,3762437,263,02-02-2017,16:30,2,2,Feb,0,33,King,1960,1,0,1,1,2,1,1,1,1,,,,8,0,0,No vehicle,32.2,3,0,2,4 Way,3,2,1,3,0,0,0,0,SR-99,N NORTHGATE WY,-122.3446972,47.70492222,98133,0,1,13,Pedestrian/Animal,80,5,35,21,0,0,1,2,8,1,1,6,2,15,Others,1,1,53,,0,20,25,2015,0,,12,,,,,,1,1,28,1,1,,4,7,3,0,11,0,11-07-2021,16:40,53057774,57774,0,0,0,3,1,0,,,,96,,,,,,98,,,,,,98944,53,68,195,6,1,0,0,0,2,,0,,,,,,0,09-15-2018,01-15-2018,8,0,0,0,0,9,8,,,0,,,8,8,2,996,,,1,,,2,1,0,,,,,,,,,,,,,,,,,,,,,,,,,,,,,,0,0,0,0,0,0,1,1,0,0,0,0,0,1,0,0,0,0,0,0,0,0,0,0,0,0,0,0,0,1,0,0,0,0,0,,1,0,0,0,0,0,1,1,0,0,0,0,0,0,1,0,,,,,,26-30,26-35,County road,R,Sunday,Belt Used,PV,Hispanic,0,1,1,0,County Road,County Sheriff,Yakima County Sheriff's Office,0,0,1,0,0,,,,,,0,0,0,,,,,,,,,,,98,98,98,298,,,,,20,,,,,,,,,1,0,,,YAKIMA VALLEY HIGHWAY,32.31,NULL,
2021,48,635414,5,02-23-2021,03:08,23,2,Feb,,11,Clark,0,10,,2,1,2,1,1,5,4,,,,8,0,0,No vehicle,9.1,1,0,1,No intersection,1,2,1,1,0,0,0,0,I-5,,-122.6611306,45.74499167,98642,0,4,98,Others,80,5,60,4,0,0,1,5,8,1,1,4,3,1,Going Straight,2,1,53,,0,2,404,1999,0,,63,12,69,68,12,,1,1,51,1,0,,0,0,99,7,11,0,,,,,0,0,0,2,1,8,,,,96,,,,,,9,,,,,,98901,53,67,220,1,1,0,0,1,0,,1,,,,,,0,02-15-2021,02-15-2021,20,0,0,0,8,9,2,,,0,,,1,8,2,401,417,,1,1,,2,1,0,,,,,,,,,,,,,,,,,,,,,,,,,,,,,,0,0,0,0,0,0,1,1,0,0,0,0,0,1,0,0,0,0,0,0,0,0,0,0,0,0,0,0,0,1,0,0,0,0,0,,0,0,0,0,0,0,1,1,0,0,0,1,0,0,1,0,,,,,,51-55,46-55,County road,R,Sunday,Unknown,PV,Not Fatal,0,1,1,0,County Road,County Sheriff,Yakima County Sheriff's Office,0,0,1,0,0,,,,,,0,0,0,,,,,,,,,,,0,0,0,0,,,,,20,,,,,,,,,1,0,,,YAKIMA VALLEY HIGHWAY,32.31,NULL,
2020,48,634647,8,02-22-2020,15:55,22,2,Feb,,9,Clallam,0,1,,1,1,2,1,0,7,3,16:17,16:35,17:09,12,0,1,Front-to-Rear,268.3,2,0,3,T Intersection,3,1,1,2,0,0,0,0,US-101,LOUELLA RD,-123.0308306,48.03861667,98382,0,3,98,Others,98,7,50,14,0,0,1,2,12,3,1,2,1,14,Making a U turn,4,1,53,,0,63,37,2017,0,,8,,,,,,1,1,33,1,0,,0,0,3,0,11,0,,,,,0,0,0,3,1,0,,,,96,,,,,,0,,,,,,98902,53,67,180,6,1,0,0,0,0,,0,,,,,,0,,,20,0,0,0,8,9,2,,,0,,,8,8,0,0,,,0,,,0,0,996,,,,,,,,,,,,,,,,,,,,,,,,,,,,,,0,0,0,0,0,0,0,0,0,1,0,1,0,0,0,0,0,1,0,0,0,0,0,0,0,0,0,0,0,1,0,1,0,0,0,,0,0,0,0,0,0,0,0,0,0,0,0,0,0,0,0,,,,,,31-35,26-35,Interstate,U,Wednesday,Belt Used,PV,Not Fatal,0,0,0,0,State Route,State Patrol,Washington State Patrol,0,1,0,0,0,,,,,,0,0,0,,,,,,,,,,,98,98,98,0,,,,,20,,,,,,,,,1,0,,,,,,
2020,48,634646,8,02-22-2020,15:55,22,2,Feb,,9,Clallam,0,1,,1,1,2,1,0,7,3,16:17,16:35,17:09,12,0,1,Front-to-Rear,268.3,2,0,3,T Intersection,3,1,1,2,0,0,0,0,US-101,LOUELLA RD,-123.0308306,48.03861667,98382,0,2,21,Others,53,3,50,6,0,0,1,2,12,2,1,2,1,5,Others,2,2,53,,0,48,34,1998,0,,12,,,,,,1,1,60,1,0,,0,0,3,0,11,0,,,,,0,0,3,3,1,0,,,,96,,,,,,0,,,,,,98584,53,71,170,6,1,0,0,0,0,,0,,,,,,0,,,8,0,0,0,8,9,8,,,0,,,8,8,8,95,,,96,,,0,0,996,,,,,,,,,,,,,,,,,,,,,,,,,,,,,,0,0,0,0,0,0,1,1,0,0,0,0,1,1,0,0,0,0,0,1,0,0,0,0,0,0,0,0,0,1,0,0,0,0,0,,0,0,0,0,0,0,0,0,0,0,0,0,0,0,0,0,,,,,,56-60,56-65,US highway,R,Tuesday,Belt Used,PV,Not Fatal,0,0,0,0,State Route,State Patrol,Washington State Patrol,0,1,0,0,0,,,,,,0,0,0,,,,,,,,,,,0,0,0,0,,,,,20,,,,,,,,,1,0,,,,,,
2020,48,634645,8,02-22-2020,15:55,22,2,Feb,,9,Clallam,0,1,,1,1,2,1,0,7,3,16:17,16:35,17:09,12,0,1,Front-to-Rear,268.3,2,0,3,T Intersection,3,1,1,2,0,0,0,0,US-101,LOUELLA RD,-123.0308306,48.03861667,98382,0,1,20,Others,50,3,50,14,0,0,1,5,12,2,1,2,1,14,Making a U turn,1,1,53,,0,30,47,2013,0,,12,12,,,,,1,1,40,2,0,,2,0,3,0,11,5,,,,,0,0,0,0,1,0,,,,96,,,,,,0,,,,,,97138,41,,999,0,0,0,0,0,0,,0,,,,,,0,,,8,0,0,0,8,9,8,,,0,,,8,8,0,0,,,0,,,0,0,996,,,,,,,,,,,,,,,,,,,,,,,,,,,,,,0,0,0,0,0,0,1,1,0,0,0,0,1,1,0,0,0,0,0,1,0,0,0,0,0,0,0,0,0,1,0,0,0,0,0,,0,0,0,0,0,0,0,0,0,0,0,1,0,0,0,0,,,,,,36-40,36-45,US highway,R,Tuesday,Belt Used,PV,Not Fatal,0,0,0,0,State Route,State Patrol,Washington State Patrol,0,1,0,0,0,,,,,,0,0,0,,,,,,,,,,,98,98,98,0,,,,,20,,,,,,,,,1,0,,,,,,
2019,48,633885,1,01-23-2019,16:20,23,1,Jan,,77,Yakima,0,1,0,1,1,2,1,0,3,2,,,,12,0,6,Angle,1,2,0,2,4 Way,5,1,1,3,0,0,0,0,SR-821,POMONA RD,-120.476975,46.690075,98901,0,2,87,Others,66,4,45,14,0,0,1,2,1,1,1,2,1,1,Going Straight,2,2,53,,0,35,49,2017,0,,12,,,,,,1,1,56,2,0,,3,0,3,0,11,5,,,,,0,0,0,3,1,26,,,,96,,,,,,9,,,,,,98584,53,63,185,6,1,0,0,0,0,,0,,,,,,4,,,8,0,0,0,8,9,2,,,0,,,1,8,2,157,,,1,,,2,1,0,,,,,,,,,,,,,,,,,,,,,,,,,,,,,,0,0,0,0,0,0,1,1,0,0,0,0,1,1,0,0,0,0,0,1,0,0,0,0,0,0,0,0,0,1,0,0,0,0,0,,0,0,0,0,0,0,1,1,0,1,0,0,0,0,1,0,,,,,,56-60,56-65,US highway,R,Tuesday,Belt Used,PV,Not Fatal,0,0,0,0,State Route,State Patrol,Washington State Patrol,0,1,0,0,0,,,,,,0,0,0,,,,,,,,,,,98,98,98,0,,,,,20,,,,,,,,,1,0,,,,,,
2019,48,633884,1,01-23-2019,16:20,23,1,Jan,,77,Yakima,0,1,0,1,1,2,1,0,3,2,,,,12,0,6,Angle,1,2,0,2,4 Way,5,1,1,3,0,0,20,3,SR-821,POMONA RD,-120.476975,46.690075,98901,0,1,86,Others,17,2,35,4,0,0,1,2,12,1,1,2,1,1,Going Straight,1,1,53,,0,7,472,2001,0,,12,,,,,,1,1,54,1,0,,2,0,3,0,11,5,,,,,6,0,0,3,1,0,,,,96,,,,,,0,,,,,,98354,53,70,190,6,1,0,0,0,0,,0,,,,,,0,,,8,0,0,0,8,9,8,,,0,,,8,8,8,95,,,96,,,0,0,996,,,,,,,,,,,,,,,,,,,,,,,,,,,,,,0,0,0,0,0,0,1,1,0,0,0,0,0,1,0,0,1,0,0,0,0,0,0,0,0,0,0,0,0,1,0,0,0,0,0,,0,0,0,0,0,0,0,0,0,0,0,0,0,0,0,0,,,,,,51-55,46-55,State route,U,Tuesday,Belt Used,PV,Not Fatal,0,0,0,1,State Route,State Patrol,Washington State Patrol,0,1,0,0,0,,,,,,0,0,0,,,,,,,,,,,98,98,98,0,,,,,20,,,,,,,,,1,0,,,,,,
2018,48,633134,7,02-17-2018,03:10,17,2,Feb,3,33,King,1960,2,0,3,2,1,1,1,1,1,,,,8,0,0,No vehicle,0.6,20,1,1,No intersection,1,2,1,1,0,0,0,0,I-5 CD16563,,-122.3250583,47.60162222,98104,0,1,13,Pedestrian/Animal,80,5,60,4,0,0,1,7,8,1,1,4,6,1,Going Straight,1,1,53,,0,49,472,1998,0,,12,,,,,,1,1,54,1,0,,0,0,3,0,11,0,,,,,0,0,3,3,1,0,,,,96,,,,,,0,,,,,,98391,53,75,280,6,1,0,2,0,0,,0,,,,,,0,02-15-2018,02-15-2021,20,0,0,0,8,9,8,,,0,,,8,8,8,95,,,96,,,0,0,996,,,,,,,,,,,,,,,,,,,,,,,,,,,,,,0,0,0,0,0,0,1,1,0,0,0,0,0,1,0,0,1,0,0,0,0,0,0,0,0,0,0,0,0,1,0,0,0,0,0,,0,0,0,0,0,0,0,0,0,0,0,0,0,0,0,0,,,,,,51-55,46-55,State route,U,Tuesday,Belt Used,PV,Not Fatal,0,0,0,1,State Route,State Patrol,Washington State Patrol,0,1,0,0,0,,,,,,0,0,0,,,,,,,,,,,0,0,0,0,,,,,20,,,,,,,,,1,0,,,,,,
2017,49,3762593,263,02-04-2017,15:20,4,2,Feb,0,33,King,1960,2,0,1,2,2,1,1,1,1,,,,8,0,0,No vehicle,0,3,0,2,4 Way,4,2,4,6,0,0,2,3,NE 65 ST,20 AVE NE,-122.3065444,47.67579722,98115,0,1,13,Pedestrian/Animal,80,5,30,34,0,0,1,5,8,1,3,2,1,11,Turning Red: Permitted on red,1,1,53,,0,49,49,2005,0,,12,12,,,,,1,1,39,1,7,,4,7,3,0,11,0,11-09-2021,16:45,1.96E+11,58542,0,0,3,2,1,51,,,,92,,,,,,98,,,,,,98499,53,72,270,1,1,0,2,3,7,,0,,,,,,0,05-15-2017,05-15-2020,8,0,0,0,0,9,8,,,0,,,8,8,2,401,417,,1,1,,2,1,0,,,,,,,,,,,,,,,,,,,,,,,,,,,,,,0,0,0,0,0,0,1,1,0,0,0,0,0,1,0,0,1,0,0,0,0,0,0,0,0,0,0,0,0,1,0,0,0,0,0,,1,0,0,0,0,0,1,1,1,0,0,1,0,0,1,0,,,,,,36-40,36-45,State route,U,Tuesday,Belt Used,PV,White,0,0,0,1,State Route,State Patrol,Washington State Patrol,0,1,0,0,0,,,,,,0,0,0,,,,,,,,,,,98,98,98,1,,,,,20,,,,,,,,,1,0,,,,,,
2021,49,635416,38,02-21-2021,11:30,21,2,Feb,,59,Skamania,0,2,,1,2,2,1,0,1,1,,,,1,0,0,No vehicle,11.2,1,0,1,No intersection,5,1,2,4,0,0,0,0,CR-COOK UNDERWOOD RD,,-121.5576306,45.73218056,98651,0,1,1,Driver Off Road,13,2,40,15,0,0,1,2,1,3,2,2,1,14,Making a U turn,1,1,53,,0,37,31,2009,0,,63,24,39,,,,1,1,23,1,0,,0,0,3,0,11,0,,,,,0,0,0,3,1,0,,,,96,,,,,,98,,,,,,98851,53,69,180,6,1,0,1,0,2,,23,,,,,,4,06-15-2020,08-15-2021,8,0,0,0,8,9,2,,,0,,,8,8,0,0,,,0,,,0,0,996,,,,,,,,,,,,,,,,,,,,,,,,,,,,,,0,0,1,0,0,0,0,0,0,0,0,0,1,0,0,0,0,0,0,0,0,0,0,1,1,0,0,0,0,1,0,0,0,0,0,,0,0,0,0,0,0,0,0,0,1,0,0,0,0,0,0,,,,,,21-25,16-25,Interstate,R,Thursday,Belt Used,PV,Not Fatal,0,1,0,0,State Route,State Patrol,Washington State Patrol,1,1,0,0,0,,,,,,0,0,0,,,,,,,,,,,98,98,98,0,,,,,20,,,,,,,,,1,0,,,,,,
2020,49,634648,40,02-25-2020,19:47,25,2,Feb,,63,Spokane,0,1,,2,1,2,1,0,1,1,19:48,19:55,,1,0,0,No vehicle,2.4,1,0,1,No intersection,6,1,2,4,0,0,0,0,CR-N RAMBO RD,,-117.6252583,47.67131111,99022,0,1,98,Others,13,2,45,34,0,0,1,5,1,1,1,2,1,1,Going Straight,1,2,53,,0,35,472,2012,0,,12,,,,,,1,1,43,1,7,,4,7,3,0,11,0,11/17/2021,06:03,1.97E+11,59233,0,0,0,3,1,0,,,,96,,,,,,0,,,,,,98284,53,70,190,6,1,0,0,0,0,,0,,,,,,0,,,8,0,0,0,0,9,8,,,0,,,8,8,2,1,,,1,,,2,1,0,,,,,,,,,,,,,,,,,,,,,,,,,,,,,,0,0,0,0,0,0,0,0,0,0,0,0,0,0,0,0,0,0,0,0,0,0,0,0,0,0,0,0,0,1,0,0,0,0,0,,1,0,0,0,0,0,0,0,0,0,0,0,0,0,0,0,,,,,,41-45,36-45,State route,R,Wednesday,Belt Used,PV,White,0,1,1,0,State Route,State Patrol,Washington State Patrol,0,1,0,0,0,,,,,,0,0,0,,,,,,,,,,,98,98,98,1,,,,,20,,,,,,,,,1,0,,,,,,
2019,49,633888,248,02-15-2019,10:34,15,2,Feb,,33,King,1830,1,0,1,2,2,1,0,4,3,,,,12,0,2,Front-to-Front,0,1,0,1,No intersection,7,2,4,6,0,0,0,0,SW GRADY WAY,,-122.2364806,47.46693889,98057,0,3,98,Others,98,7,35,4,0,0,1,5,12,1,2,4,1,1,Going Straight,1,1,53,,0,49,472,1997,0,,68,12,,,,,1,1,59,1,0,,3,0,3,0,11,1,,,,,6,0,3,3,1,0,,,,96,,,,,,98,,,,,,98237,53,70,180,6,1,0,2,0,0,,0,,,,,,0,05-15-2017,12-15-2018,1,0,0,0,8,9,8,,,0,,,8,8,8,95,,,96,,,0,0,996,,,,,,,,,,,,,,,,,,,,,,,,,,,,,,0,0,0,0,0,0,0,0,0,0,0,0,0,0,0,0,0,0,0,0,0,0,0,0,0,0,0,0,0,1,0,0,0,0,0,,0,0,0,0,0,0,0,0,0,0,0,0,0,0,0,0,,,,,,56-60,56-65,State route,R,Wednesday,Belt Used,PV,Not Fatal,0,1,1,0,State Route,State Patrol,Washington State Patrol,0,1,0,0,0,,,,,,0,0,0,,,,,,,,,,,0,0,0,0,,,,,20,,,,,,,,,1,0,,,,,,
2019,49,633887,248,02-15-2019,10:34,15,2,Feb,,33,King,1830,1,0,1,2,2,1,0,4,3,,,,12,0,2,Front-to-Front,0,1,0,1,No intersection,7,2,4,6,0,0,0,0,SW GRADY WAY,,-122.2364806,47.46693889,98057,0,2,51,Lateral Move(Going Straight),62,4,35,15,0,0,1,7,12,1,2,4,1,1,Going Straight,2,1,53,,0,72,706,2005,0,,12,,,,,,1,1,37,1,7,,4,0,20,7,11,5,11/17/2021,14:12,2.23E+11,60578,0,0,0,2,1,0,,,,96,,,,,,0,,,,,,98387,53,71,230,1,1,0,0,0,0,,0,,,,,,0,,,20,8,0,0,0,9,8,,,0,,,8,8,2,1,,,1,,,2,1,0,,,,,,,,,,,,,,,,,,,,,,,,,,,,,,0,0,0,0,0,0,0,0,0,0,0,0,1,1,1,0,0,0,0,0,1,0,1,0,1,0,0,0,1,1,0,0,0,0,1,0,0,0,0,0,0,0,0,0,0,0,0,1,0,0,0,0,,,,,,36-40,36-45,County road,U,Monday,,MC,White,0,0,0,0,County Road,County Sheriff,Law Enforcement Support Agency,0,0,1,0,0,,,,,,0,0,0,,,,,,,,,,,0,0,0,1,,,,,5,,,,,,,,,1,0,,,260 ST E,0.25,NULL,
2019,49,633886,248,02-15-2019,10:34,15,2,Feb,,33,King,1830,1,0,1,2,2,1,0,4,3,,,,12,0,2,Front-to-Front,0,1,0,1,No intersection,7,2,4,6,0,0,0,0,SW GRADY WAY,,-122.2364806,47.46693889,98057,0,1,50,Lateral Move(Left/Right),10,2,35,4,0,0,1,7,12,1,2,4,1,1,Going Straight,1,2,53,,0,35,34,1975,0,,12,,,,,,1,1,17,1,0,,2,0,99,7,11,5,,,,,0,0,0,3,1,0,,,,96,,,,,,98,,,,,,98338,53,69,220,6,2,0,0,0,0,,0,,,,,,3,,,20,0,0,0,8,9,8,,,0,,,8,8,9,999,,,99,,,8,95,995,,,,,,,,,,,,,,,,,,,,,,,,,,,,,,0,0,0,0,0,0,0,0,0,0,0,0,1,1,1,0,0,0,0,0,1,0,1,0,1,0,0,0,1,1,0,0,0,0,0,,0,0,0,0,0,0,0,0,0,1,0,0,0,0,0,0,,,,,,16-17,16-25,County road,U,Monday,Unknown,PV,Not Fatal,0,0,0,0,County Road,County Sheriff,Law Enforcement Support Agency,0,0,1,0,0,,,,,,0,0,0,,,,,,,,,,,0,0,0,0,,,,,20,,,,,,,,,1,0,,,260 ST E,0.25,NULL,
2018,49,633138,315,02-17-2018,08:20,17,2,Feb,3,7,Chelan,2460,4,0,1,3,2,1,0,3,2,,,,12,0,6,Angle,0,1,0,1,No intersection,5,2,4,6,0,0,0,0,SKYLINE DR,,-120.3373972,47.40887222,98801,0,2,66,Specific Other,62,4,25,63,0,0,1,5,12,3,2,2,1,14,Making a U turn,1,3,53,,0,48,34,1996,0,,12,,,,,,1,1,20,2,0,,3,0,3,0,11,5,,,,,0,0,0,3,1,0,,,,96,,,,,,9,,,,,,99114,2,62,150,6,1,0,2,1,1,,0,,,,,,0,01-15-2018,04-15-2019,8,0,0,0,8,9,8,,,0,,,1,8,2,95,,,96,,,2,98,0,,,,,,,,,,,,,,,,,,,,,,,,,,,,,,0,0,0,0,1,1,1,1,1,0,0,0,0,1,0,0,0,0,0,1,0,1,1,0,1,0,0,0,0,1,0,0,0,0,0,,0,0,0,0,0,0,0,0,0,0,0,0,0,0,0,0,,,,,,18-20,16-25,US highway,R,Saturday,Belt Used,PV,Not Fatal,0,1,1,0,State Route,State Patrol,Washington State Patrol,0,1,0,0,0,thc,0.76,,,,0,0,0,,,,,,,,,,,0,0,0,0,,,,,20,,,,,,,,nms,1,0,,,,,,