year,something,Cases,repjur,crash_dt,crash_tm,accday,Month,Month,holiday,county,co_char,city,weather,weather2,lightcond,surfcond,surftype,Number of Fatalities,nmforms,pforms,vforms,not_tm,arr_tm,hosp_tm,fhevent,hitrun,Manner of Collision,Manner of Collision,milepnt,reljunc,reljuncinter,intersectiontype,Intersection Type,funcsystem,landuse,ownership,route,schlbus,spejur,contdev,devfunc,trafid1,trafid2,x,y,zipcode,wk_zone,vnumber,crashtype,Crash Type,criticalevent,criticaleventcat,spdlim,body,trailer,emerg,hazcargo,leave,mhevent,roadalgn,roadprof,traflane,trafflow,Vehicle Manure,Vehicle Manure,numoccs,regowner,regstate,,spuse,make,model,modelyr,vrf1,vrf2,seqevent1,seqevent2,seqevent3,seqevent4,seqevent5,seqevent6,pnumber,ptype,age,sex,hispanic,race,injury,diedscene,restraint,restraintmisuse,seatpos,takehosp,death_dt,death_tm,cert,cernum_wa,commlic,licendor,licrestrict,liccomp,drivpres,drf1,drf2,drf3,drf4,distract1,distract2,distract3,distract4,distract5,distract6,dricond1,dricond2,dricond3,dricond4,dricond5,dricond6,dzip,licstate,drhgt_in,weight,noncdl,noncdltype,prevdwi,prevoth,prevacc,prevspd,prevsus,driviol1,driviol2,driviol3,driviol4,driviol5,driviol6,spdrel,first_dt,last_dt,airbag,ejection,ejectpath,extricat,injurwrk,methalc,methdrug,nmlocat,strikveh,prf1,prf2,prf3,druginv,alcinvol,drugsts,drugres1,drugres2,drugres3,drugtst1,drugtst2,drugtst3,alcsts,alctst,alcres,nmact1,nmact2,nmact3,nmact4,nmact5,nmact6,nmprior1,nmprior2,nmprior3,nmprior4,nmprior5,nmprior6,nmcond1,nmcond2,nmcond3,nmcond4,nmcond5,nmcond6,nmsafe_helmet,nmsafe_pads,nmsafe_oth,nmprev_ref,nmprev_lgt,nmprev_oth,crashlocation,nmcrashtype,crosswalk,schoolzone,sidewalk,train_inv,wildlife_inv,rotr_fars,intersect_fars,Drink and Drive,aid_inv,Drug Positive Drivers,Impaired Drivers,Marijuana Positive,impnm_inv,ainm_inv,dpnm_inv,speed_inv,unlic_inv,unendmc_inv,drowsy_inv,drdist_inv,nmdist_inv,fty_inv,unrestfat_inv,dr1617_inv,dr1820_inv,dr1620_inv,dr2125_inv,dr1625_inv,dr65_inv,dr70_inv,dr75_inv,mc_inv,pv_inv,ht_inv,ped_inv,bike_inv,unrest_fat,mc_fat,unhelmet_mc,pv_fat,ht_fat,ped_fat,bike_fat,dr_alc7,dr_alc8,dr_drug,dr_imp,dr_dist,dr_spd,dr_fty,dr_unlic,dr_alc7only,dr_alc8only,dr_drugonly,dr_drink,nm_imp,nm_alc7,nm_alc8,nm_drug,nm_dist,agegrp1,agegrp2,roadclass,urbrur,dayweek,restuse,vehtype,race_me,intersect,lanedep,oppdir,wrongway,rep_typ,investag,repag_long,rotr,st_rd,cty_rd,city_rd,oth_rd,drug_thc,thc_res,drug_cthc,cthc_res,drug_cann,prevpersemin,prevperse,prevsusoth,drugtst4,drugtst5,drugtst6,drugtst7,drugtst8,drugres4,drugres5,drugres6,drugres7,drugres8,adspresent,adsengaged,adslevel,race1,race2,race3,race4,race5,helmet,helmetmisuse,nmdistract1,nmdistract2,nmdistract3,nmdistract4,nmdistract5,nmdistract6,lab,isedtcase,crf1,crf2,crf3,CoRoadName,CoMP,IntCoRoadName,IntCoMP
2018,49,633137,315,02-17-2018,08:20,17,2,Feb,3,7,Chelan,2460,4,0,1,3,2,1,0,3,2,,,,12,0,6,Angle,0,1,0,1,No intersection,5,2,4,6,0,0,0,0,SKYLINE DR,,-120.3373972,47.40887222,98801,0,1,66,Specific Other,10,2,25,3,0,0,1,7,12,2,1,2,1,14,Making a U turn,2,1,53,,0,20,25,2011,0,,12,,,,,,1,1,35,1,1,,4,7,20,7,11,0,11/13/2021,03:03,52453059249,59249,0,0,3,2,1,0,,,,96,,,,,,9,,,,,,99207,53,70,195,2,1,2,2,1,3,,0,,,,,,0,09-15-2017,05-15-2020,8,0,0,0,0,1,1,,,0,,,1,1,2,402,407,996,1,1,1,2,1,0.215,,,,,,,,,,,,,,,,,,,,,,,,,,,,,,0,0,0,0,1,1,1,1,1,0,0,0,0,1,0,0,0,0,0,1,0,1,1,0,1,0,0,0,0,1,0,0,0,1,0,,1,0,0,0,0,1,1,1,0,0,0,1,0,0,0,1,,,,,,31-35,26-35,US highway,R,Saturday,Not Used,PV,Hispanic,0,1,1,0,State Route,State Patrol,Washington State Patrol,0,1,0,0,0,,,,,,3,2,7,1,,,,,605,,,,,98,98,98,1,,,,,20,,,,,,,,,1,0,,,,,,
2018,50,633141,4,02-23-2018,18:00,23,2,Feb,0,63,Spokane,0,4,0,2,3,2,1,0,4,2,18:12,18:30,19:23,12,0,2,Front-to-Front,182.9,1,0,1,No intersection,3,1,1,2,0,0,0,0,US-395,,-117.4615639,47.92626944,99006,0,1,50,Lateral Move(Left/Right),6,1,60,4,0,0,1,5,12,1,4,2,1,1,Going Straight,2,2,16,,0,49,402,2015,0,,12,63,3,,,,1,1,34,2,0,,0,0,3,0,11,0,,,,,0,0,0,3,1,0,,,,96,,,,,,98,,,,,,98006,53,64,150,6,1,0,0,0,1,,0,,,,,,4,08-15-2021,08-15-2021,20,0,0,0,8,9,8,,,0,,,8,8,0,0,,,0,,,0,0,996,,,,,,,,,,,,,,,,,,,,,,,,,,,,,,0,0,0,0,1,1,0,1,0,0,0,0,1,0,0,0,0,0,0,0,0,0,0,0,0,0,0,0,1,1,0,0,0,0,0,,0,0,0,0,0,0,0,0,0,1,0,0,0,0,0,0,,,,,,31-35,26-35,Interstate,U,Friday,Belt Used,PV,Not Fatal,0,0,0,0,State Route,State Patrol,Washington State Patrol,0,1,0,0,0,,,,,,0,0,0,,,,,,,,,,,98,98,98,0,,,,,20,,,,,,,,,1,0,,,,,,
2019,50,633889,5,02-23-2019,14:01,23,2,Feb,,41,Lewis,0,1,0,1,2,2,2,0,8,2,,,,12,0,2,Front-to-Front,140.5,1,0,1,No intersection,3,1,1,2,0,0,0,0,US-12,,-121.5516056,46.68794167,98352,0,1,50,Lateral Move(Left/Right),10,2,50,14,0,0,1,7,12,3,2,2,1,14,Making a U turn,2,3,17,,0,72,706,2020,0,,12,,,,,,1,1,31,1,7,,4,7,20,7,11,0,10/22/2021,23:23,1.96E+11,55949,0,0,0,3,1,0,,,,96,,,,,,98,,,,,,98059,53,67,190,6,1,0,0,0,0,,0,,,,,,4,,,20,8,0,0,0,9,8,,,0,,,8,8,2,1,,,1,,,2,1,0.163,,,,,,,,,,,,,,,,,,,,,,,,,,,,,,0,0,0,0,1,1,0,1,0,0,0,0,1,0,0,0,0,0,0,0,0,0,0,0,0,0,0,0,1,1,0,0,0,0,1,0,0,0,0,0,0,1,0,1,0,1,0,0,0,1,0,1,,,,,,31-35,26-35,Interstate,U,Friday,,MC,White,0,0,0,0,State Route,State Patrol,Washington State Patrol,0,1,0,0,0,,,,,,0,0,0,,,,,,,,,,,0,0,0,1,,,,,5,,,,,,,,,1,0,,,,,,
2020,50,634654,14,02-18-2020,19:31,18,2,Feb,,11,Clark,0,1,,3,1,2,1,0,5,2,19:48,19:51,20:08,12,0,6,Angle,5.4,4,0,1,No intersection,3,2,2,4,0,0,0,0,CR-NE 78TH ST,,-122.6339944,45.67874167,98665,0,2,83,Others,67,4,45,34,0,0,1,2,12,1,2,5,5,1,Going Straight,1,1,53,,0,23,481,2017,0,,8,,,,,,1,1,21,2,0,,0,0,3,0,11,0,,,,,0,0,0,3,1,0,,,,96,,,,,,0,,,,,,98404,53,65,160,6,1,0,0,0,0,,0,,,,,,0,,,8,0,0,0,8,9,8,,,0,,,8,8,8,95,,,96,,,8,95,995,,,,,,,,,,,,,,,,,,,,,,,,,,,,,,0,0,0,0,0,0,0,0,0,1,0,1,0,0,0,0,0,1,0,0,0,0,0,1,1,0,0,0,0,1,0,1,0,0,0,,0,0,0,0,0,0,0,0,0,0,0,0,0,0,0,0,,,,,,21-25,16-25,State route,U,Thursday,Belt Used,PV,Not Fatal,0,0,0,0,State Route,State Patrol,Washington State Patrol,0,1,0,0,0,,,,,,0,0,0,,,,,,,,,,,98,98,98,0,,,,,20,,,,,,,,,1,0,,,,,,
2020,50,634653,14,02-18-2020,19:31,18,2,Feb,,11,Clark,0,1,,3,1,2,1,0,5,2,19:48,19:51,20:08,12,0,6,Angle,5.4,4,0,1,No intersection,3,2,2,4,0,0,0,0,CR-NE 78TH ST,,-122.6339944,45.67874167,98665,0,1,82,Turn Into Opp Direction(Turning Left),15,2,45,6,0,0,1,2,12,1,2,5,5,11,Turning Red: Permitted on red,4,1,53,,0,35,39,1997,0,,63,1,,,,,1,1,42,2,7,,4,7,20,7,11,0,11-12-2021,13:00,53058858,58858,0,0,0,0,1,0,,,,96,,,,,,9,,,,,,99114,53,64,125,0,0,0,0,0,0,,0,,,,,,4,,,8,1,9,0,0,9,8,,,0,,,1,8,2,605,996,996,1,1,1,2,1,0,,,,,,,,,,,,,,,,,,,,,,,,,,,,,,0,0,0,0,0,0,1,1,1,0,0,0,1,1,0,0,0,0,0,1,0,0,0,0,0,0,0,0,0,1,0,0,0,1,0,,1,0,0,0,0,0,1,1,0,1,0,1,0,0,1,0,,,,,,41-45,36-45,State route,R,Friday,Not Used,PV,White,0,1,0,0,State Route,State Patrol,Washington State Patrol,1,1,0,0,0,,,carboxy-thc,14,,0,0,0,1,1,,,,401,417,,,,0,0,0,1,,,,,20,,,,,,,,nms,1,0,,,,,,
2019,50,633890,5,02-23-2019,14:01,23,2,Feb,,41,Lewis,0,1,0,1,2,2,2,0,8,2,,,,12,0,2,Front-to-Front,140.5,1,0,1,No intersection,3,1,1,2,0,0,0,0,US-12,,-121.5516056,46.68794167,98352,0,2,51,Lateral Move(Going Straight),62,4,50,6,0,0,1,7,12,2,2,2,1,14,Making a U turn,6,1,53,,0,12,481,2015,0,,54,,,,,,1,1,60,1,0,,0,0,3,0,11,0,,,,,0,0,0,3,1,0,,,,96,,,,,,0,,,,,,98843,53,69,185,6,1,0,0,0,1,,0,,,,,,0,12-15-2020,12-15-2020,20,0,0,0,8,9,8,,,0,,,8,8,8,95,,,96,,,8,95,995,,,,,,,,,,,,,,,,,,,,,,,,,,,,,,0,0,0,0,0,0,0,0,0,0,0,0,0,0,0,0,0,0,0,0,0,0,0,1,1,0,0,0,0,1,0,0,0,0,0,,0,0,0,0,0,0,0,0,0,0,0,0,0,0,0,0,,,,,,56-60,56-65,US highway,R,Saturday,Belt Used,PV,Not Fatal,0,1,1,0,State Route,State Patrol,Washington State Patrol,0,1,0,0,0,,,,,,0,0,0,,,,,,,,,,,98,98,98,0,,,,,20,,,,,,,,,1,14,,,,,,
2018,50,633142,4,02-23-2018,18:00,23,2,Feb,0,63,Spokane,0,4,0,2,3,2,1,0,4,2,18:12,18:30,19:23,12,0,2,Front-to-Front,182.9,1,0,1,No intersection,3,1,1,2,0,0,0,0,US-395,,-117.4615639,47.92626944,99006,0,2,51,Lateral Move(Going Straight),62,4,60,4,0,0,1,5,12,1,4,2,1,1,Going Straight,2,1,53,,0,12,481,2014,0,,12,,,,,,1,1,52,1,0,,1,0,3,0,11,0,,,,,0,0,0,3,1,0,,,,96,,,,,,0,,,,,,98922,53,70,210,6,1,0,0,0,1,,0,,,,,,0,01-15-2019,01-15-2019,1,0,0,0,8,9,2,,,0,,,8,8,8,95,,,96,,,0,0,996,,,,,,,,,,,,,,,,,,,,,,,,,,,,,,0,0,0,0,0,0,0,0,0,0,0,0,0,0,0,0,0,0,0,0,0,0,0,1,1,0,0,0,0,1,0,0,0,0,0,,0,0,0,0,0,0,0,0,0,0,0,0,0,0,0,0,,,,,,51-55,46-55,US highway,R,Saturday,Belt Used,PV,Not Fatal,0,1,1,0,State Route,State Patrol,Washington State Patrol,0,1,0,0,0,,,,,,0,0,0,,,,,,,,,,,98,98,98,0,,,,,20,,,,,,,,,1,14,,,,,,
2017,50,632389,25,02-04-2017,03:42,4,2,Feb,0,33,King,229,2,0,3,2,2,1,1,1,1,,,,8,1,0,No vehicle,0,1,0,1,No intersection,3,2,4,6,0,0,0,0,1ST AVE S,,-122.3338361,47.49139444,98168,0,1,13,Pedestrian/Animal,12,2,35,9,0,0,1,5,8,1,1,4,1,1,Going Straight,99,9,99,,0,49,47,2007,0,,68,12,63,24,54,,1,1,23,2,7,,4,7,3,0,11,0,11-06-2021,15:50,53056830,56830,0,0,3,3,1,0,,,,96,,,,,,98,,,,,,98801,53,62,115,6,1,0,0,0,0,,0,,,,,,0,,,1,0,0,0,0,9,8,,,0,,,8,8,2,1,,,1,,,2,1,0,,,,,,,,,,,,,,,,,,,,,,,,,,,,,,0,0,0,0,0,0,0,0,0,0,0,0,0,0,0,0,0,0,0,0,0,0,0,1,1,0,0,0,0,1,0,0,0,0,0,,1,0,0,0,0,0,0,0,0,0,0,0,0,0,0,0,,,,,,21-25,16-25,US highway,R,Saturday,Belt Used,PV,White,0,1,1,0,State Route,State Patrol,Washington State Patrol,0,1,0,0,0,,,,,,0,0,0,,,,,,,,,,,98,98,98,1,,,,,20,,,,,,,,,1,14,,,,,,
2020,51,3847626,263,01-07-2020,15:50,7,1,Jan,,33,King,1960,2,,1,2,2,1,1,1,1,15:52,15:55,16:23,8,0,0,No vehicle,0,3,0,2,4 Way,4,2,4,6,0,0,0,0,S HOLGATE ST,8th Ave S,-122.3235167,47.58611667,98134,0,1,13,Pedestrian/Animal,81,5,98,4,0,0,1,8,8,1,2,4,1,1,Going Straight,1,2,53,,0,24,7,2007,0,,63,8,18,18,,,1,1,24,2,0,,0,0,99,7,11,0,,,,,0,0,0,2,1,0,,,,96,,,,,,9,,,,,,98418,53,64,210,1,1,0,0,0,0,,1,,,,,,4,,,20,0,0,0,8,9,8,,,0,,,8,1,2,695,605,,1,1,,2,1,0.091,,,,,,,,,,,,,,,,,,,,,,,,,,,,,,0,0,0,0,1,1,1,1,1,1,0,1,1,1,0,0,0,0,0,0,0,0,0,1,1,0,0,0,0,1,0,1,0,0,0,,0,0,0,0,0,1,1,1,0,1,0,1,0,0,0,1,,,,,,21-25,16-25,State route,U,Sunday,Unknown,PV,Not Fatal,0,1,0,0,State Route,Municipal/City Police,Puyallup Police Department,1,1,0,0,0,thc,5,carboxy-thc,38,,0,0,0,,,,,,,,,,,98,98,98,0,,,,,20,,,,,,,,,1,0,,,,,,
2021,51,635421,7,02-25-2021,19:25,25,2,Feb,,33,King,100,10,,3,1,1,1,0,2,2,,,,12,0,2,Front-to-Front,6.8,1,0,1,No intersection,2,2,1,3,0,0,0,0,SR-18,,-122.1838972,47.29860556,98002,0,2,52,Others,54,3,60,20,0,0,1,2,2,3,1,2,3,14,Making a U turn,1,1,53,,0,55,402,2022,0,,12,63,30,42,,,1,1,81,1,7,,4,0,3,0,11,5,10/17/2021,20:20,1.39E+11,52774,0,0,0,3,1,0,,,,96,,,,,,98,,,,,,98837,53,72,175,6,1,0,0,0,0,,0,,,,,,0,,,8,0,0,0,0,9,8,,,0,,,8,8,2,996,,,1,,,2,1,0,,,,,,,,,,,,,,,,,,,,,,,,,,,,,,0,0,0,1,0,0,1,1,0,0,0,0,0,1,0,0,1,0,0,0,0,0,0,0,0,1,1,1,0,1,0,0,0,0,0,,1,0,0,0,0,0,1,1,0,0,0,0,0,0,1,0,,,,,,81+,76+,County road,R,Sunday,Belt Used,PV,White,1,0,0,0,County Road,County Sheriff,Grant County Sheriff's Office,0,0,1,0,0,,,,,,0,0,0,,,,,,,,,,,98,98,98,1,,,,,20,,,,,,,,,1,0,,,F NE,2.02,4 NE,9.07
2021,51,635420,7,02-25-2021,19:25,25,2,Feb,,33,King,100,10,,3,1,1,1,0,2,2,,,,12,0,2,Front-to-Front,6.8,1,0,1,No intersection,2,2,1,3,0,0,0,0,SR-18,,-122.1838972,47.29860556,98002,0,1,52,Others,54,3,60,14,0,0,1,2,12,4,1,2,3,14,Making a U turn,1,1,53,,0,6,54,2004,0,,12,68,64,1,,,1,1,27,1,0,,2,0,3,0,11,0,,,,,0,0,0,2,1,39,,,,92,,,,,,8,,,,,,98837,53,75,265,1,1,0,0,0,0,,97,,,,,,0,11-15-2019,03-15-2019,8,0,0,0,8,9,8,,,0,,,8,8,0,0,,,0,,,0,0,996,,,,,,,,,,,,,,,,,,,,,,,,,,,,,,0,0,0,1,0,0,1,1,0,0,0,0,0,1,0,0,1,0,0,0,0,0,0,0,0,1,1,1,0,1,0,0,0,0,0,,0,0,0,0,0,0,0,0,1,0,0,1,0,0,0,0,,,,,,26-30,26-35,County road,R,Sunday,Belt Used,PV,Not Fatal,1,0,0,0,County Road,County Sheriff,Grant County Sheriff's Office,0,0,1,0,0,,,,,,0,0,2,,,,,,,,,,,98,98,98,0,,,,,20,,,,,,,,,1,0,,,F NE,2.02,4 NE,9.07
2018,51,633143,8,02-19-2018,07:50,19,2,Feb,3,45,Mason,0,10,0,1,8,2,1,0,1,1,,,,42,0,0,No vehicle,7.6,1,0,1,No intersection,4,1,1,3,0,0,0,0,SR-108,,-123.1670194,47.10001389,98584,0,1,6,Drive off road,12,2,50,3,0,0,1,7,42,2,1,2,1,14,Making a U turn,1,1,53,,0,82,881,1999,0,,63,1,,,,,1,1,61,1,7,,4,7,20,7,11,0,10-06-2021,18:39,53050639,50639,6,3,0,3,1,0,,,,96,,,,,,98,,,,,,97374,41,74,240,6,1,0,0,0,1,,0,,,,,,4,01-15-2021,01-15-2021,20,2,9,0,1,9,8,,,0,,,8,8,2,1,,,1,,,2,1,0,,,,,,,,,,,,,,,,,,,,,,,,,,,,,,0,0,1,0,0,0,0,0,0,0,0,0,1,0,0,0,0,0,0,0,0,0,0,0,0,0,0,0,0,0,1,0,0,0,0,,0,1,0,0,0,0,0,0,0,1,0,0,0,0,0,0,,,,,,61-65,56-65,County road,R,Wednesday,,MHTRUCK,White,0,1,0,0,County Road,County Sheriff,Ferry County Sheriff's Office,1,0,1,0,0,,,,,,0,0,0,,,,,,,,,,,0,0,0,1,,,,,20,,,,,,,,,1,0,,,BRIDGE CR RD,23,NULL,
2017,51,632386,7,02-08-2017,05:26,8,2,Feb,0,33,King,0,10,0,3,2,2,1,0,1,1,,,,24,0,0,No vehicle,0.6,5,1,1,No intersection,1,1,1,1,0,0,0,0,I-5 RAMP R114450,,-122.2977722,47.31626667,98003,0,1,6,Drive off road,6,1,98,14,0,0,1,2,3,2,2,3,6,14,Making a U turn,1,1,53,,0,35,47,2005,0,,63,42,,,,,1,1,48,2,0,,2,0,20,7,11,5,,,,,0,0,3,2,1,6,,,,96,,,,,,9,,,,,,98391,53,70,200,1,1,0,1,1,0,,1,,,,,,0,05-15-2017,05-15-2017,8,0,0,0,8,9,8,,,0,,,1,8,2,300,401,151,1,1,1,2,1,0,,,,,,,,,,,,,,,,,,,,,,,,,,,,,,0,0,0,0,0,0,1,1,0,0,0,0,0,1,0,0,0,0,0,1,0,0,0,0,0,0,0,0,0,1,0,0,0,0,0,,0,0,0,0,0,0,1,1,0,0,0,1,0,0,1,0,,,,,,46-50,46-55,State route,U,Saturday,Not Used,PV,Not Fatal,0,1,0,0,State Route,State Patrol,Washington State Patrol,1,1,0,0,0,,,,,,0,0,0,1,1,1,,,996,417,177,351,996,98,98,98,0,,,,,20,,,,,,,,,1,0,,,,,,
2019,51,633891,160,02-24-2019,18:07,24,2,Feb,,33,King,1030,99,0,3,2,2,1,1,1,1,,,,8,0,0,No vehicle,3.3,3,0,2,4 Way,4,2,1,3,0,0,20,3,SR-515,SE 204TH ST,-122.1970139,47.41946389,98031,0,1,13,Pedestrian/Animal,80,5,40,34,0,0,1,7,8,1,1,2,1,10,Others,1,3,94,,0,98,734,2017,0,,68,64,1,,,,1,1,27,1,7,,4,0,20,7,11,1,10/28/2021,14:27,1.96E+11,55765,0,0,0,1,1,0,,,,96,,,,,,98,,,,,,98856,53,71,175,6,1,1,1,1,3,,0,,,,,,4,06-15-2017,12-15-2021,20,1,9,0,0,9,8,,,0,,,8,8,9,999,,,99,,,9,99,999,,,,,,,,,,,,,,,,,,,,,,,,,,,,,,0,0,1,0,0,0,0,0,0,0,0,0,1,0,0,0,0,0,0,0,0,0,0,0,0,0,0,0,0,0,0,0,0,0,0,,0,0,0,0,0,0,0,0,0,1,0,0,0,0,0,0,,,,,,26-30,26-35,County road,R,Saturday,,OTHVT,White,0,1,0,0,County Road,County Sheriff,Grant County Sheriff's Office,1,0,1,0,0,,,,,,0,1,0,,,,,,,,,,,0,0,0,1,,,,,17,,,,,,,,,1,0,,,2 SW,0.009,NULL,
2021,52,635423,1,03-05-2021,23:54,5,3,March,,5,Benton,0,1,,2,1,2,1,0,2,2,,,,12,0,2,Front-to-Front,172.8,1,0,1,No intersection,4,1,1,3,0,0,0,0,SR-14,,-119.4871667,45.94558611,99345,0,2,51,Lateral Move(Going Straight),62,4,65,3,0,0,1,2,12,1,1,2,1,1,Going Straight,1,2,53,,0,23,421,2003,0,,12,,,,,,1,1,26,1,0,,0,0,3,0,11,0,,,,,0,0,0,0,1,0,,,,96,,,,,,0,,,,,,99207,53,68,130,0,0,0,0,0,0,,0,,,,,,0,,,8,0,0,0,8,9,8,,,0,,,8,8,8,95,,,96,,,0,0,996,,,,,,,,,,,,,,,,,,,,,,,,,,,,,,0,0,0,0,0,0,0,0,0,0,0,0,0,1,0,0,0,0,0,0,0,0,0,1,1,0,0,0,0,1,0,0,0,0,0,,0,0,0,0,0,0,0,0,0,0,0,1,0,0,0,0,,,,,,26-30,26-35,City street,U,Friday,Belt Used,PV,Not Fatal,0,1,1,0,City Street,Municipal/City Police,Spokane Police Department,0,0,0,1,0,,,,,,0,0,0,,,,,,,,,,,98,98,98,0,,,,,20,,,,,,,,,1,0,,,,,,
2021,52,635422,1,03-05-2021,23:54,5,3,March,,5,Benton,0,1,,2,1,2,1,0,2,2,,,,12,0,2,Front-to-Front,172.8,1,0,1,No intersection,4,1,1,3,0,0,0,0,SR-14,,-119.4871667,45.94558611,99345,0,1,50,Lateral Move(Left/Right),10,2,65,34,0,0,1,2,12,1,1,2,1,1,Going Straight,1,2,53,,0,37,31,2000,0,,12,,,,,,1,1,22,2,0,,0,0,3,0,11,0,,,,,0,0,0,3,1,0,,,,96,,,,,,0,,,,,,99202,53,66,130,6,1,0,0,0,0,,0,,,,,,0,,,20,0,0,0,8,9,8,,,0,,,8,8,8,95,,,96,,,0,0,996,,,,,,,,,,,,,,,,,,,,,,,,,,,,,,0,0,0,0,0,0,0,0,0,0,0,0,0,1,0,0,0,0,0,0,0,0,0,1,1,0,0,0,0,1,0,0,0,0,0,,0,0,0,0,0,0,0,0,0,0,0,0,0,0,0,0,,,,,,21-25,16-25,City street,U,Friday,Belt Used,PV,Not Fatal,0,1,1,0,City Street,Municipal/City Police,Spokane Police Department,0,0,0,1,0,,,,,,0,0,0,,,,,,,,,,,98,98,98,0,,,,,20,,,,,,,,,1,0,,,,,,
2020,52,634659,278,03-03-2020,04:26,3,3,March,,63,Spokane,2110,1,,2,1,2,1,1,1,1,,,,8,0,0,No vehicle,271.8,3,0,3,T Intersection,3,2,1,2,0,0,0,0,US-2,LUCAS DR,-117.5461417,47.64313056,99219,0,1,13,Pedestrian/Animal,80,5,55,10,0,0,1,5,8,8,8,5,5,1,Going Straight,1,2,53,,0,12,471,1994,0,,68,12,12,,,,1,1,48,1,0,,3,0,99,7,11,0,,,,,0,0,0,0,1,26,,,,96,,,,,,98,,,,,,99208,53,77,225,0,0,0,1,0,3,,0,,,,,,0,08-15-2019,06-15-2020,20,0,0,0,8,9,8,,,0,,,8,8,8,95,,,96,,,0,0,996,,,,,,,,,,,,,,,,,,,,,,,,,,,,,,0,0,0,0,0,0,0,0,0,0,0,0,0,1,0,0,0,0,0,0,0,0,0,1,1,0,0,0,0,1,0,0,0,0,0,,0,0,0,0,0,0,0,0,0,0,0,1,0,0,0,0,,,,,,46-50,46-55,City street,U,Friday,Unknown,PV,Not Fatal,0,1,1,0,City Street,Municipal/City Police,Spokane Police Department,0,0,0,1,0,,,,,,0,0,0,,,,,,,,,,,0,0,0,0,,,,,20,,,,,,,,,1,0,,,,,,
2019,52,633892,29,02-26-2019,17:20,26,2,Feb,,41,Lewis,0,1,0,1,1,2,1,0,1,1,,,,32,0,0,No vehicle,6.9,1,0,1,No intersection,6,1,2,4,0,0,0,0,CR-BUNKER CREEK RD,,-123.1585222,46.68141667,98532,0,1,6,Drive off road,12,2,98,34,0,0,1,7,1,3,1,2,1,14,Making a U turn,1,1,53,,0,35,401,1994,0,,12,,,,,,1,1,33,1,1,,4,7,3,0,11,0,11-03-2021,17:53,53058497,58497,0,0,0,3,1,0,,,,96,,,,,,0,,,,,,98520,53,70,150,6,1,0,0,0,0,,0,,,,,,0,,,1,0,0,0,0,9,8,,,0,,,8,8,2,1,,,1,,,2,1,0,,,,,,,,,,,,,,,,,,,,,,,,,,,,,,0,0,0,0,0,0,0,0,0,0,0,0,0,0,0,0,0,0,0,0,0,0,0,0,0,0,0,0,0,1,0,0,0,0,0,,1,0,0,0,0,0,0,0,0,0,0,0,0,0,0,0,,,,,,31-35,26-35,US highway,R,Wednesday,Belt Used,PV,Hispanic,0,1,1,0,State Route,State Patrol,Washington State Patrol,0,1,0,0,0,,,,,,0,0,0,,,,,,,,,,,0,0,0,298,,,,,20,,,,,,,,,1,0,,,,,,
2018,52,633146,40,02-26-2018,21:09,26,2,Feb,0,63,Spokane,0,1,0,2,1,2,1,0,2,2,,,,12,0,6,Angle,1.3,1,0,1,No intersection,5,1,2,4,0,0,0,0,CR-N OLD TRAILS RD,,-117.5336972,47.68670556,99224,0,2,98,Others,62,4,45,14,0,0,1,7,12,1,2,2,1,1,Going Straight,1,1,53,,0,63,402,2019,0,,12,,,,,,1,1,41,1,7,,4,7,3,0,11,0,11-03-2021,17:53,53057531,57531,0,0,3,3,1,0,,,,96,,,,,,0,,,,,,98520,53,70,250,6,1,0,0,0,0,,0,,,,,,0,,,1,0,0,0,0,9,8,,,0,,,8,8,2,1,,,1,,,2,1,0,,,,,,,,,,,,,,,,,,,,,,,,,,,,,,0,0,0,0,0,0,0,0,0,0,0,0,0,0,0,0,0,0,0,0,0,0,0,0,0,0,0,0,0,1,0,0,0,0,0,,1,0,0,0,0,0,0,0,0,0,0,0,0,0,0,0,,,,,,41-45,36-45,US highway,R,Wednesday,Belt Used,PV,White,0,1,1,0,State Route,State Patrol,Washington State Patrol,0,1,0,0,0,,,,,,0,0,0,,,,,,,,,,,98,98,98,1,,,,,20,,,,,,,,,1,0,,,,,,
2018,52,633145,40,02-26-2018,21:09,26,2,Feb,0,63,Spokane,0,1,0,2,1,2,1,0,2,2,,,,12,0,6,Angle,1.3,1,0,1,No intersection,5,1,2,4,0,0,0,0,CR-N OLD TRAILS RD,,-117.5336972,47.68670556,99224,0,1,98,Others,10,2,45,3,0,0,1,7,12,1,2,2,1,1,Going Straight,1,2,53,,0,12,481,2003,0,,68,12,12,,,,1,1,29,2,0,,0,0,3,0,11,0,,,,,0,0,0,3,1,0,,,,96,,,,,,98,,,,,,98632,53,68,135,6,1,0,0,1,0,,0,,,,,,0,06-15-2019,06-15-2019,20,0,0,0,8,9,2,,,0,,,8,0,8,95,,,96,,,2,98,0,,,,,,,,,,,,,,,,,,,,,,,,,,,,,,0,0,0,0,0,0,0,0,0,0,0,0,0,0,0,0,0,0,0,0,0,0,0,0,0,0,0,0,0,1,0,0,0,0,0,,0,0,0,0,0,0,0,0,0,0,0,0,0,0,0,0,,,,,,26-30,26-35,US highway,R,Wednesday,Belt Used,PV,Not Fatal,0,1,1,0,State Route,State Patrol,Washington State Patrol,0,1,0,0,0,,,,,,0,0,0,,,,,,,,,,,98,98,98,0,,,,,20,,,,,,,,,1,0,,,,,,