year,something,Cases,repjur,crash_dt,crash_tm,accday,Month,Month,holiday,county,co_char,city,weather,weather2,lightcond,surfcond,surftype,Number of Fatalities,nmforms,pforms,vforms,not_tm,arr_tm,hosp_tm,fhevent,hitrun,Manner of Collision,Manner of Collision,milepnt,reljunc,reljuncinter,intersectiontype,Intersection Type,funcsystem,landuse,ownership,route,schlbus,spejur,contdev,devfunc,trafid1,trafid2,x,y,zipcode,wk_zone,vnumber,crashtype,Crash Type,criticalevent,criticaleventcat,spdlim,body,trailer,emerg,hazcargo,leave,mhevent,roadalgn,roadprof,traflane,trafflow,Vehicle Manure,Vehicle Manure,numoccs,regowner,regstate,,spuse,make,model,modelyr,vrf1,vrf2,seqevent1,seqevent2,seqevent3,seqevent4,seqevent5,seqevent6,pnumber,ptype,age,sex,hispanic,race,injury,diedscene,restraint,restraintmisuse,seatpos,takehosp,death_dt,death_tm,cert,cernum_wa,commlic,licendor,licrestrict,liccomp,drivpres,drf1,drf2,drf3,drf4,distract1,distract2,distract3,distract4,distract5,distract6,dricond1,dricond2,dricond3,dricond4,dricond5,dricond6,dzip,licstate,drhgt_in,weight,noncdl,noncdltype,prevdwi,prevoth,prevacc,prevspd,prevsus,driviol1,driviol2,driviol3,driviol4,driviol5,driviol6,spdrel,first_dt,last_dt,airbag,ejection,ejectpath,extricat,injurwrk,methalc,methdrug,nmlocat,strikveh,prf1,prf2,prf3,druginv,alcinvol,drugsts,drugres1,drugres2,drugres3,drugtst1,drugtst2,drugtst3,alcsts,alctst,alcres,nmact1,nmact2,nmact3,nmact4,nmact5,nmact6,nmprior1,nmprior2,nmprior3,nmprior4,nmprior5,nmprior6,nmcond1,nmcond2,nmcond3,nmcond4,nmcond5,nmcond6,nmsafe_helmet,nmsafe_pads,nmsafe_oth,nmprev_ref,nmprev_lgt,nmprev_oth,crashlocation,nmcrashtype,crosswalk,schoolzone,sidewalk,train_inv,wildlife_inv,rotr_fars,intersect_fars,Drink and Drive,aid_inv,Drug Positive Drivers,Impaired Drivers,Marijuana Positive,impnm_inv,ainm_inv,dpnm_inv,speed_inv,unlic_inv,unendmc_inv,drowsy_inv,drdist_inv,nmdist_inv,fty_inv,unrestfat_inv,dr1617_inv,dr1820_inv,dr1620_inv,dr2125_inv,dr1625_inv,dr65_inv,dr70_inv,dr75_inv,mc_inv,pv_inv,ht_inv,ped_inv,bike_inv,unrest_fat,mc_fat,unhelmet_mc,pv_fat,ht_fat,ped_fat,bike_fat,dr_alc7,dr_alc8,dr_drug,dr_imp,dr_dist,dr_spd,dr_fty,dr_unlic,dr_alc7only,dr_alc8only,dr_drugonly,dr_drink,nm_imp,nm_alc7,nm_alc8,nm_drug,nm_dist,agegrp1,agegrp2,roadclass,urbrur,dayweek,restuse,vehtype,race_me,intersect,lanedep,oppdir,wrongway,rep_typ,investag,repag_long,rotr,st_rd,cty_rd,city_rd,oth_rd,drug_thc,thc_res,drug_cthc,cthc_res,drug_cann,prevpersemin,prevperse,prevsusoth,drugtst4,drugtst5,drugtst6,drugtst7,drugtst8,drugres4,drugres5,drugres6,drugres7,drugres8,adspresent,adsengaged,adslevel,race1,race2,race3,race4,race5,helmet,helmetmisuse,nmdistract1,nmdistract2,nmdistract3,nmdistract4,nmdistract5,nmdistract6,lab,isedtcase,crf1,crf2,crf3,CoRoadName,CoMP,IntCoRoadName,IntCoMP
2017,52,632435,6,02-09-2017,00:52,9,2,Feb,0,37,Kittitas,0,10,0,2,4,2,1,0,1,2,,,,12,0,6,Angle,15.3,1,0,1,No intersection,5,1,1,3,0,0,0,0,SR-10,ONEIL RD,-120.6231083,47.04298889,98926,0,2,66,Specific Other,50,3,55,21,0,0,1,2,12,1,1,2,1,1,Going Straight,1,1,53,,0,20,481,1992,0,,63,24,69,64,25,,1,1,34,1,1,,4,7,20,7,11,0,11-06-2021,17:27,53059077,59077,0,0,0,2,1,6,,,,96,,,,,,0,,,,,,99324,53,74,200,1,1,0,0,0,0,,0,,,,,,3,,,20,1,3,0,0,9,8,,,0,,,8,8,2,401,417,,1,1,,2,1,0,,,,,,,,,,,,,,,,,,,,,,,,,,,,,,0,0,1,0,0,0,1,1,0,0,0,0,1,1,0,0,0,0,0,1,0,0,0,0,0,0,0,0,0,1,0,0,0,1,0,,1,0,0,0,0,0,1,1,0,1,0,1,0,0,1,0,,,,,,31-35,26-35,County road,U,Saturday,Not Used,PV,Hispanic,0,1,0,0,County Road,County Sheriff,Clark County Sheriff's Office,1,0,1,0,0,,,,,,0,0,0,,,,,,,,,,,0,0,0,298,,,,,20,,,,,,,,,1,0,,,NE HAZEL DELL AVE,0.55,NULL,
2019,53,633893,2,02-20-2019,08:20,20,2,Feb,,73,Whatcom,0,1,0,1,10,2,1,0,2,1,,,,1,0,0,No vehicle,31.3,1,0,1,No intersection,5,1,1,3,0,0,0,0,SR-542,,-121.9850528,48.90087778,98244,0,1,7,Control/Traction Loss,6,1,50,14,0,0,1,2,1,1,1,2,1,1,Going Straight,2,1,6,,0,41,50,2003,0,,63,42,,,,,1,1,21,1,0,,3,0,3,0,11,5,,,,,0,0,0,3,1,0,,,,96,,,,,,98,,,,,,98683,53,73,160,6,1,0,0,0,0,,0,,,,,,3,,,1,0,0,0,8,9,2,,,0,,,8,8,8,95,,,96,,,8,95,995,,,,,,,,,,,,,,,,,,,,,,,,,,,,,,0,0,1,0,0,0,0,0,0,0,0,0,1,0,0,0,0,0,0,0,0,0,0,1,1,0,0,0,0,1,0,0,0,0,0,,0,0,0,0,0,0,0,0,0,1,0,0,0,0,0,0,,,,,,21-25,16-25,County road,R,Tuesday,Belt Used,PV,Not Fatal,0,1,0,0,County Road,County Sheriff,Clark County Sheriff's Office,1,0,1,0,0,,,,,,0,0,0,,,,,,,,,,,98,98,98,0,,,,,20,,,,,,,,,1,0,,,NE RISTO RD,1.76,NULL,
2021,53,635424,7,02-19-2021,16:45,19,2,Feb,,33,King,1960,10,,1,2,1,1,0,1,1,,,,25,0,0,No vehicle,0.3,5,1,1,No intersection,1,2,1,1,0,0,0,0,I-5,,-122.3209139,47.68081111,98015,0,1,6,Drive off road,12,2,98,4,0,0,1,2,20,2,2,1,6,14,Making a U turn,1,2,53,,0,49,472,2015,0,,12,,,,,,1,1,29,1,0,,1,0,3,0,11,0,,,,,0,0,0,3,1,0,,,,96,,,,,,0,,,,,,98802,53,64,165,6,1,0,0,0,2,,0,,,,,,0,08-15-2019,03-15-2020,8,0,0,0,8,9,2,,,0,,,8,8,8,95,,,96,,,2,1,997,,,,,,,,,,,,,,,,,,,,,,,,,,,,,,0,0,0,0,0,0,0,0,0,0,0,0,0,1,0,0,0,0,0,0,0,0,0,0,0,0,0,0,0,1,0,0,0,0,0,,0,0,0,0,0,0,0,0,0,0,0,0,0,0,0,0,,,,,,26-30,26-35,State route,U,Wednesday,Belt Used,PV,Not Fatal,0,1,1,0,State Route,State Patrol,Washington State Patrol,0,1,0,0,0,,,,,,0,0,0,,,,,,,,,,,98,98,98,0,,,,,20,,,,,,,,,1,0,,,,,,
2020,53,634660,35,03-04-2020,03:35,4,3,March,,53,Pierce,0,10,,2,2,2,1,0,1,1,,,,42,0,0,No vehicle,1.3,1,0,1,No intersection,3,2,2,4,0,0,0,0,CR-SPANAWAY LOOP RD S,,-122.4583667,47.10693611,98387,0,1,1,Driver Off Road,13,2,40,4,0,0,1,5,42,3,1,5,5,14,Making a U turn,1,1,53,,0,12,17,1994,0,,63,69,68,12,,,1,1,34,1,7,,4,7,3,0,11,0,11-03-2021,18:02,53057679,57679,0,0,0,2,1,58,,,,96,,,,,,98,,,,,,98850,53,68,160,3,1,0,1,1,0,,0,,,,,,0,11-15-2021,09-15-2021,1,0,0,0,0,9,8,,,0,,,8,8,8,95,,,96,,,8,95,995,,,,,,,,,,,,,,,,,,,,,,,,,,,,,,0,0,0,0,0,0,0,0,0,0,0,0,0,1,0,0,0,0,0,0,0,0,0,0,0,0,0,0,0,1,0,0,0,0,0,,1,0,0,0,0,0,0,0,0,0,0,1,0,0,0,0,,,,,,31-35,26-35,State route,U,Wednesday,Belt Used,PV,White,0,1,1,0,State Route,State Patrol,Washington State Patrol,0,1,0,0,0,,,,,,0,0,0,,,,,,,,,,,0,0,0,1,,,,,20,,,,,,,,,1,0,,,,,,
2018,53,633147,3,02-27-2018,20:42,27,2,Feb,0,53,Pierce,0,1,0,3,1,2,1,0,1,1,,,,24,0,0,No vehicle,0.1,5,1,1,No intersection,3,2,1,3,0,0,0,0,SR-16 RAMP P100847,,-122.5598111,47.27642778,98406,0,1,2,Control/Traction Loss,13,2,60,34,0,0,1,7,24,2,1,2,1,14,Making a U turn,1,1,53,,0,12,481,2000,0,,63,35,,,,,1,1,21,1,7,,4,0,2,0,11,5,11/22/2021,03:29,2.11E+11,61629,0,0,0,3,1,87,,,,96,,,,,,98,,,,,,99022,53,73,190,6,1,0,0,0,0,,0,,,,,,4,,,20,0,0,0,0,9,8,,,0,,,8,8,2,996,348,,1,1,,2,1,0,,,,,,,,,,,,,,,,,,,,,,,,,,,,,,0,0,0,1,0,0,1,1,0,0,0,0,1,0,0,0,0,0,0,0,0,0,0,1,1,0,0,0,0,1,0,0,0,0,0,,1,0,0,0,0,0,1,1,0,1,0,0,0,0,1,0,,,,,,21-25,16-25,County road,R,Wednesday,Belt Used,PV,White,0,1,0,0,County Road,County Sheriff,Spokane County Sheriff's Office,1,0,1,0,0,,,,,,0,0,0,,,,,,,,,,,98,98,98,1,,,,,20,,,,,,,,,1,0,,,MEDICAL LAKE-FOUR LAKES RD,3.09,SILVER LAKE RD,0
2017,53,632387,278,02-11-2017,19:09,11,2,Feb,0,63,Spokane,2110,1,0,3,2,2,1,1,1,1,,,,8,0,0,No vehicle,281.1,3,0,2,4 Way,3,2,1,2,0,0,0,0,US-2,E EUCLID AVE,-117.4110806,47.68619444,99207,0,1,13,Pedestrian/Animal,80,5,30,34,0,0,1,5,8,1,2,8,2,1,Going Straight,1,1,53,,0,82,881,2020,0,,63,25,2,,,,1,1,64,1,7,,4,7,99,7,11,0,09/28/2021,02:02,2.23E+11,58570,6,3,0,3,1,0,,,,92,,,,,,98,,,,,,92675,6,72,225,6,1,0,0,0,0,,0,,,,,,0,,,99,0,0,0,1,9,8,,,0,,,8,8,2,996,,,1,,,2,1,0,,,,,,,,,,,,,,,,,,,,,,,,,,,,,,0,0,1,0,0,0,1,1,0,0,0,0,0,0,0,0,1,0,0,0,0,0,0,0,0,0,0,0,0,0,1,0,0,0,0,,0,1,0,0,0,0,1,1,1,0,0,0,0,0,1,0,,,,,,61-65,56-65,Interstate,U,Tuesday,,MHTRUCK,White,0,1,0,0,State Route,State Patrol,Washington State Patrol,1,1,0,0,0,,,,,,0,0,0,,,,,,,,,,,98,98,98,1,,,,,20,,,,,,,,,1,0,,,,,,
2018,54,3766279,16,02-10-2018,22:06,10,2,Feb,0,15,Cowlitz,0,1,0,2,1,2,1,0,1,1,,,,42,0,0,No vehicle,0.1,1,0,1,No intersection,7,1,2,4,0,0,0,0,CR-BULAND DR,,-122.9048,46.26774722,98611,0,1,7,Control/Traction Loss,6,1,25,34,0,0,1,7,42,3,2,2,1,14,Making a U turn,1,1,53,,0,20,471,1998,0,,64,1,,,,,1,1,33,1,7,,4,0,20,7,11,5,11-02-2021,19:42,2.11E+11,56047,0,0,0,3,1,0,,,,96,,,,,,2,9,,,,,83501,16,71,200,6,1,0,0,0,0,,0,,,,,,0,,,20,1,9,0,0,9,1,,,0,,,1,8,2,316,605,695,1,1,1,2,1,0,,,,,,,,,,,,,,,,,,,,,,,,,,,,,,0,0,1,0,0,0,1,1,1,0,0,0,0,0,0,1,0,0,0,1,0,0,0,0,0,0,0,0,0,1,0,0,0,1,0,,1,0,0,0,0,0,1,1,0,0,0,0,0,0,1,0,,,,,,31-35,26-35,US highway,R,Tuesday,Not Used,PV,White,0,1,0,0,State Route,State Patrol,Washington State Patrol,1,1,0,0,0,thc,1.4,carboxy-thc,21,,0,0,0,1,1,1,,,124,401,417,996,996,0,0,0,1,,,,,20,,,,,,,,nms,1,0,,,,,,
2021,54,635425,7,02-21-2021,09:59,21,2,Feb,,33,King,1960,10,,1,1,1,1,0,1,1,,,,1,0,0,No vehicle,0.1,5,1,1,No intersection,1,2,1,1,0,0,0,0,I-5 RAMP,,-122.3221472,47.64144722,98102,0,1,6,Drive off road,12,2,98,4,0,0,1,2,1,2,1,1,6,14,Making a U turn,1,1,53,,0,23,481,2006,0,,64,67,35,,,,1,1,65,1,7,,4,7,3,0,11,0,11-05-2021,13:04,53057100,57100,0,0,9,3,1,0,,,,96,,,,,,98,,,,,,98922,53,70,185,6,1,0,0,0,0,,0,,,,,,0,,,8,0,0,9,0,9,8,,,0,,,8,8,8,95,,,96,,,8,95,995,,,,,,,,,,,,,,,,,,,,,,,,,,,,,,0,0,1,0,0,0,0,0,0,0,0,0,0,0,0,0,0,0,0,0,0,0,0,0,0,1,0,0,0,1,0,0,0,0,0,,1,0,0,0,0,0,0,0,0,0,0,0,0,0,0,0,,,,,,61-65,56-65,Interstate,R,Friday,Belt Used,PV,White,0,1,0,0,State Route,State Patrol,Washington State Patrol,1,1,0,0,0,,,,,,0,0,0,,,,,,,,,,,98,98,98,1,,,,,20,,,,,,,,,1,0,,,,,,
2020,54,634662,5,02-24-2020,00:42,24,2,Feb,,15,Cowlitz,1010,1,,2,1,2,1,0,1,1,,,,25,0,0,No vehicle,38.3,1,0,1,No intersection,1,2,1,1,0,0,0,0,I-5,,-122.8915417,46.12434444,98609,0,1,7,Control/Traction Loss,6,1,70,4,0,0,1,2,25,3,1,3,3,14,Making a U turn,1,1,53,,0,12,481,2017,0,,63,8,,,,,1,1,79,1,0,,0,0,3,0,11,0,,,,,0,0,3,3,1,0,,,,96,,,,,,98,,,,,,99301,32,68,180,6,1,0,0,0,0,,0,,,,,,0,,,20,0,0,0,8,9,8,,,0,,,8,8,8,95,,,96,,,0,0,996,,,,,,,,,,,,,,,,,,,,,,,,,,,,,,0,0,0,0,0,0,0,0,0,0,0,0,0,0,0,0,0,0,0,0,0,0,0,0,0,1,1,1,0,1,0,1,0,0,0,,0,0,0,0,0,0,0,0,0,0,0,0,0,0,0,0,,,,,,76-80,76+,US highway,R,Sunday,Belt Used,PV,Not Fatal,0,0,0,0,State Route,State Patrol,Washington State Patrol,0,1,0,0,0,,,,,,0,0,0,,,,,,,,,,,98,98,98,0,,,,,20,,,,,,,,,1,0,,,,,,
2019,54,633894,14,01-27-2019,08:17,27,1,Jan,,11,Clark,0,1,0,1,1,2,1,0,1,1,,,,1,0,0,No vehicle,2.2,1,0,1,No intersection,5,1,2,4,0,0,0,0,CR-NE LUCIA FALLS RD,,-122.4506833,45.84067778,98675,0,1,2,Control/Traction Loss,11,2,40,34,0,0,1,7,1,1,2,2,1,1,Going Straight,1,1,53,,0,63,402,2012,0,,12,,,,,,1,1,22,1,0,,0,0,3,0,11,0,,,,,0,0,0,3,1,0,,,,96,,,,,,0,,,,,,98042,53,71,180,6,1,0,2,1,2,,0,,,,,,0,07-15-2018,02-15-2019,20,0,0,0,8,9,8,,,0,,,8,8,8,95,,,96,,,8,95,995,,,,,,,,,,,,,,,,,,,,,,,,,,,,,,0,0,0,0,1,0,0,0,0,0,0,0,0,0,0,0,0,0,0,0,0,0,0,1,1,1,0,0,0,1,0,0,0,0,0,,0,0,0,0,0,0,0,0,0,0,0,0,0,0,0,0,,,,,,21-25,16-25,State route,U,Monday,Belt Used,PV,Not Fatal,0,0,0,0,State Route,State Patrol,Washington State Patrol,0,1,0,0,0,,,,,,0,0,1,,,,,,,,,,,98,98,98,0,,,,,20,,,,,,,,,1,0,,,,,,
2017,54,632410,7,02-12-2017,20:23,12,2,Feb,0,33,King,109,1,0,3,1,2,1,0,2,1,,,,33,0,0,No vehicle,0,1,0,1,No intersection,5,2,4,6,0,0,0,0,LAKE HILLS BLVD,,-122.1339861,47.60322778,98008,0,1,6,Drive off road,8,1,30,80,0,0,1,2,42,3,2,2,1,6,Others,2,1,53,,0,59,36,2002,0,,12,12,,,,,1,1,46,1,0,,2,0,3,0,11,0,,,,,0,0,0,3,1,0,,,,96,,,,,,0,,,,,,98444,53,72,175,6,1,0,0,0,0,,0,,,,,,0,,,8,0,0,0,8,9,8,,,0,,,8,8,8,95,,,96,,,8,95,995,,,,,,,,,,,,,,,,,,,,,,,,,,,,,,0,0,0,0,1,0,0,0,0,0,0,0,0,0,0,0,0,0,0,0,0,0,0,1,1,1,0,0,0,1,0,0,0,0,0,,0,0,0,0,0,0,0,0,0,0,0,0,0,0,0,0,,,,,,46-50,46-55,State route,U,Monday,Belt Used,PV,Not Fatal,0,0,0,0,State Route,State Patrol,Washington State Patrol,0,1,0,0,0,,,,,,0,0,0,,,,,,,,,,,98,98,98,0,,,,,20,,,,,,,,,1,0,,,,,,
2018,55,3754437,263,02-18-2018,17:15,18,2,Feb,3,33,King,1960,6,0,5,1,1,1,1,1,1,,,,8,0,0,No vehicle,33.4,1,0,1,No intersection,3,2,1,3,0,0,0,0,SR-99,,-122.3449806,47.72318889,98133,0,1,13,Pedestrian/Animal,80,5,35,52,0,0,1,5,8,1,2,6,1,8,Others,13,3,53,,0,18,405,2020,0,,12,,,,,,1,1,69,2,0,,3,0,3,0,11,0,,,,,0,0,0,3,1,6,,,,96,,,,,,9,,,,,,98387,53,63,170,6,1,0,0,0,0,,9,,,,,,0,,,8,0,0,0,8,9,8,,,0,,,8,1,8,95,,,96,,,2,1,997,,,,,,,,,,,,,,,,,,,,,,,,,,,,,,0,0,0,0,1,0,0,0,0,0,0,0,0,0,0,0,0,0,0,0,0,0,0,1,1,1,0,0,0,1,0,0,0,0,0,,0,0,0,0,0,0,0,0,0,0,0,0,0,0,0,1,,,,,,66-70,66-75,State route,U,Monday,Belt Used,PV,Not Fatal,0,0,0,0,State Route,State Patrol,Washington State Patrol,0,1,0,0,0,,,,,,0,0,0,,,,,,,,,,,98,98,98,0,,,,,20,,,,,,,,,1,0,,,,,,
2020,55,634664,8,02-14-2020,18:12,14,2,Feb,,45,Mason,0,10,,2,2,2,1,0,5,2,18:14,18:31,19:12,12,0,6,Angle,8.7,1,0,1,No intersection,4,1,1,3,0,0,0,0,SR-108,,-123.1489028,47.10342778,98584,0,2,66,Specific Other,62,4,50,14,0,0,1,2,12,2,1,2,1,14,Making a U turn,4,2,53,,0,12,401,2000,0,,63,69,68,64,69,35,1,1,37,1,0,,0,0,3,0,11,0,,,,,0,0,0,0,1,28,,,,96,,,,,,98,,,,,,99032,53,71,150,0,0,0,2,0,0,,62,72,76,,,,0,03-15-2017,11-15-2021,20,0,0,0,8,9,8,,,0,,,8,8,8,95,,,96,,,8,95,995,,,,,,,,,,,,,,,,,,,,,,,,,,,,,,0,0,0,0,0,0,0,0,0,0,0,0,0,1,0,0,0,0,0,1,0,0,0,0,0,0,0,0,0,1,0,0,0,0,0,,0,0,0,0,0,0,0,0,0,0,0,1,0,0,0,0,,,,,,36-40,36-45,County road,R,Saturday,Belt Used,PV,Not Fatal,0,1,0,0,County Road,County Sheriff,Lincoln County Sheriff's Office,1,0,1,0,0,,,,,,0,0,0,,,,,,,,,,,98,98,98,0,,,,,20,,,,,,,,,1,0,,,SPRAGUE HIGHWAY ROAD #93150,6.46,NULL,
2020,55,634663,8,02-14-2020,18:12,14,2,Feb,,45,Mason,0,10,,2,2,2,1,0,5,2,18:14,18:31,19:12,12,0,6,Angle,8.7,1,0,1,No intersection,4,1,1,3,0,0,0,0,SR-108,,-123.1489028,47.10342778,98584,0,1,66,Specific Other,6,1,50,2,0,0,1,2,12,3,1,2,1,6,Others,1,2,53,,0,49,44,2004,0,,8,,,,,,1,1,999,9,0,,9,0,99,7,11,0,,,,,99,9,9,9,1,0,,,,96,,,,,,98,,,,,,99999,99,,999,9,9,99,99,99,99,,97,,,,,,0,,,99,0,0,0,8,9,8,,,0,,,8,8,0,0,,,0,,,9,99,999,,,,,,,,,,,,,,,,,,,,,,,,,,,,,,0,0,0,1,0,0,0,0,0,0,0,0,0,0,0,0,0,0,0,0,0,0,0,0,0,0,0,0,0,1,0,1,0,0,0,,0,0,0,0,0,0,0,0,0,0,0,0,0,0,0,0,,,,,,,,State route,U,Saturday,Unknown,PV,Not Fatal,1,0,0,0,State Route,Municipal/City Police,Kent Police Department,0,1,0,0,0,,,,,,99,99,99,,,,,,,,,,,98,98,98,0,,,,,20,,,,,,,,,1,0,,,,,,
2019,55,633896,188,02-22-2019,18:48,22,2,Feb,,33,King,1264,2,0,3,2,1,1,1,4,2,,,,8,0,0,No vehicle,12.4,3,0,2,4 Way,3,2,1,3,0,0,0,0,SR-169,SE 253RD PL,-122.0248028,47.37480833,98038,0,2,98,Others,98,7,45,4,0,0,1,5,8,1,3,5,1,1,Going Straight,2,1,53,,0,20,2,2008,0,,63,69,64,1,,,1,1,35,2,7,,4,7,20,7,11,0,11-01-2021,17:55,1.02E+11,57387,0,0,0,0,1,58,,,,96,,,,,,9,,,,,,97756,41,67,140,0,0,0,6,0,0,,0,,,,,,0,09-15-2020,10-15-2021,8,1,9,0,0,9,8,,,0,,,1,1,2,605,401,417,1,1,1,2,1,0.179,,,,,,,,,,,,,,,,,,,,,,,,,,,,,,0,0,0,0,1,1,1,1,1,0,0,0,0,1,0,0,0,0,0,1,0,0,0,0,0,0,0,0,0,1,0,0,0,1,0,,1,0,0,0,0,1,1,1,0,0,0,1,0,0,0,1,,,,,,31-35,26-35,Interstate,R,Monday,Not Used,PV,White,0,1,0,0,State Route,State Patrol,Washington State Patrol,1,1,0,0,0,thc,2,,,,0,0,1,,,,,,,,,,,98,98,98,1,,,,,20,,,,,,,,nms,1,0,,,,,,
2019,55,633895,188,02-22-2019,18:48,22,2,Feb,,33,King,1264,2,0,3,2,1,1,1,4,2,,,,8,0,0,No vehicle,12.4,3,0,2,4 Way,3,2,1,3,0,0,0,0,SR-169,SE 253RD PL,-122.0248028,47.37480833,98038,0,1,13,Pedestrian/Animal,80,5,45,20,0,0,1,7,8,1,3,5,1,1,Going Straight,2,2,53,,0,20,22,2005,0,,18,64,25,,,,1,1,20,1,0,,0,0,3,0,11,0,,,,,0,0,3,3,1,0,,,,92,,,,,,98,,,,,,98503,53,73,170,6,1,0,1,1,0,,0,,,,,,0,11-15-2019,03-15-2021,20,0,0,0,8,9,8,,,0,,,8,8,8,95,,,96,,,0,0,996,,,,,,,,,,,,,,,,,,,,,,,,,,,,,,0,0,0,0,0,0,0,0,0,0,0,0,0,0,0,0,1,0,0,0,0,1,1,1,1,1,0,0,0,1,0,1,0,0,0,,0,0,0,0,0,0,0,0,1,0,0,0,0,0,0,0,,,,,,18-20,16-25,Interstate,U,Tuesday,Belt Used,PV,Not Fatal,0,1,0,0,State Route,State Patrol,Washington State Patrol,1,1,0,0,0,,,,,,0,0,0,,,,,,,,,,,98,98,98,0,,,,,20,,,,,,,,,1,19,,,,,,
2017,55,632393,1,02-13-2017,15:53,13,2,Feb,0,21,Franklin,0,1,0,1,1,2,1,0,1,1,,,,1,0,0,No vehicle,51.3,1,0,1,No intersection,2,1,1,2,0,0,0,0,US-395,,-119.0050944,46.54839722,,0,1,98,Others,12,2,70,14,0,0,1,2,1,1,1,4,2,1,Going Straight,1,1,53,,0,42,54,2016,0,,8,,,,,,1,1,65,2,0,,0,0,3,0,11,0,,,,,0,0,3,3,1,0,,,,96,,,,,,98,,,,,,98229,53,71,178,6,1,0,0,0,0,,0,,,,,,0,,,20,0,0,0,8,9,8,,,0,,,8,8,8,95,,,96,,,0,0,996,,,,,,,,,,,,,,,,,,,,,,,,,,,,,,0,0,0,0,0,0,0,0,0,0,0,0,0,0,0,0,1,0,0,0,0,1,1,1,1,1,0,0,0,1,0,1,0,0,0,,0,0,0,0,0,0,0,0,0,0,0,0,0,0,0,0,,,,,,61-65,56-65,Interstate,U,Tuesday,Belt Used,PV,Not Fatal,0,1,0,0,State Route,State Patrol,Washington State Patrol,1,1,0,0,0,,,,,,0,0,0,,,,,,,,,,,98,98,98,0,,,,,20,,,,,,,,,1,19,,,,,,
2021,55,635426,3,03-05-2021,22:21,5,3,March,,67,Thurston,0,10,,2,1,2,1,1,1,2,,,,12,0,1,Front-to-Rear,97,1,0,1,No intersection,1,1,1,1,0,0,0,0,I-5,,-122.9479306,46.91946111,98512,0,2,98,Others,50,3,70,4,0,0,1,2,8,1,1,4,3,1,Going Straight,1,9,99,,0,12,17,1994,0,,8,,,,,,1,1,21,1,0,,0,0,3,0,11,0,,,,,0,0,0,3,1,0,,,,96,,,,,,98,,,,,,98363,53,64,225,6,1,0,0,0,0,,0,,,,,,0,,,20,0,0,0,8,9,8,,,0,,,8,8,8,95,,,96,,,0,0,996,,,,,,,,,,,,,,,,,,,,,,,,,,,,,,0,0,0,0,0,0,0,0,0,0,0,0,0,0,0,0,1,0,0,0,0,1,1,1,1,1,0,0,0,1,0,1,0,0,0,,0,0,0,0,0,0,0,0,0,0,0,0,0,0,0,0,,,,,,21-25,16-25,Interstate,U,Tuesday,Belt Used,PV,Not Fatal,0,1,0,0,State Route,State Patrol,Washington State Patrol,1,1,0,0,0,,,,,,0,0,0,,,,,,,,,,,0,0,0,0,,,,,20,,,,,,,,,1,19,,,,,,
2019,56,633898,4,02-27-2019,08:24,27,2,Feb,,1,Adams,0,4,0,1,10,2,1,0,2,2,,,,12,0,6,Angle,87.5,1,0,1,No intersection,3,1,1,3,0,0,0,0,SR-26,,-118.2216333,46.74230833,99333,0,2,66,Specific Other,62,4,60,66,1,0,1,7,1,1,1,2,1,1,Going Straight,1,3,17,,0,49,51,2010,0,,12,,,,,,1,1,35,2,0,,1,0,3,0,11,0,,,,,0,0,3,3,1,0,,,,96,,,,,,0,,,,,,98466,53,66,200,6,1,0,0,0,0,,0,,,,,,0,,,8,0,0,0,8,9,8,,,0,,,8,8,8,95,,,96,,,8,95,995,,,,,,,,,,,,,,,,,,,,,,,,,,,,,,0,0,0,1,0,0,0,0,0,0,0,0,1,0,0,0,0,0,0,0,0,0,0,0,0,0,0,0,1,1,0,0,0,0,0,,0,0,0,0,0,0,0,0,0,0,0,0,0,0,0,0,,,,,,31-35,26-35,City street,U,Friday,Belt Used,PV,Not Fatal,1,0,0,0,City Street,Municipal/City Police,Tacoma Police Department,0,0,0,1,0,,,,,,0,0,0,,,,,,,,,,,98,98,98,0,,,,,20,,,,,,,,,1,0,,,,,,
2017,56,3398254,160,02-11-2017,19:56,11,2,Feb,0,33,King,1030,1,0,3,1,2,1,0,4,2,,,,12,1,6,Angle,10.6,2,0,2,4 Way,3,2,1,3,0,0,1,3,SR-99,S 252ND ST,-122.3000028,47.37581944,98089,0,1,69,Initial Opposite Direction(Going Straight),17,2,45,4,0,0,1,5,12,1,1,7,1,1,Going Straight,99,5,53,,0,53,705,2007,0,,12,,,,,,1,1,999,1,7,,4,7,20,7,11,0,11-05-2021,21:35,2.23E+11,58331,99,9,9,9,1,39,,,,96,,,,,,98,,,,,,99998,99,,999,9,9,99,99,99,99,,0,,,,,,4,,,20,8,0,0,0,9,8,,,0,,,8,8,8,95,,,96,,,8,95,995,,,,,,,,,,,,,,,,,,,,,,,,,,,,,,0,0,0,1,0,0,0,0,0,0,0,0,1,0,0,0,0,0,0,0,0,0,0,0,0,0,0,0,1,1,0,0,0,0,1,0,0,0,0,0,0,0,0,0,0,1,0,0,0,0,0,0,,,,,,,,City street,U,Friday,,MC,White,1,0,0,0,City Street,Municipal/City Police,Tacoma Police Department,0,0,0,1,0,,,,,,99,99,99,,,,,,,,,,,0,0,0,1,,,,,19,,,,,,,,,1,0,,,,,,