year,something,Cases,repjur,crash_dt,crash_tm,accday,Month,Month,holiday,county,co_char,city,weather,weather2,lightcond,surfcond,surftype,Number of Fatalities,nmforms,pforms,vforms,not_tm,arr_tm,hosp_tm,fhevent,hitrun,Manner of Collision,Manner of Collision,milepnt,reljunc,reljuncinter,intersectiontype,Intersection Type,funcsystem,landuse,ownership,route,schlbus,spejur,contdev,devfunc,trafid1,trafid2,x,y,zipcode,wk_zone,vnumber,crashtype,Crash Type,criticalevent,criticaleventcat,spdlim,body,trailer,emerg,hazcargo,leave,mhevent,roadalgn,roadprof,traflane,trafflow,Vehicle Manure,Vehicle Manure,numoccs,regowner,regstate,,spuse,make,model,modelyr,vrf1,vrf2,seqevent1,seqevent2,seqevent3,seqevent4,seqevent5,seqevent6,pnumber,ptype,age,sex,hispanic,race,injury,diedscene,restraint,restraintmisuse,seatpos,takehosp,death_dt,death_tm,cert,cernum_wa,commlic,licendor,licrestrict,liccomp,drivpres,drf1,drf2,drf3,drf4,distract1,distract2,distract3,distract4,distract5,distract6,dricond1,dricond2,dricond3,dricond4,dricond5,dricond6,dzip,licstate,drhgt_in,weight,noncdl,noncdltype,prevdwi,prevoth,prevacc,prevspd,prevsus,driviol1,driviol2,driviol3,driviol4,driviol5,driviol6,spdrel,first_dt,last_dt,airbag,ejection,ejectpath,extricat,injurwrk,methalc,methdrug,nmlocat,strikveh,prf1,prf2,prf3,druginv,alcinvol,drugsts,drugres1,drugres2,drugres3,drugtst1,drugtst2,drugtst3,alcsts,alctst,alcres,nmact1,nmact2,nmact3,nmact4,nmact5,nmact6,nmprior1,nmprior2,nmprior3,nmprior4,nmprior5,nmprior6,nmcond1,nmcond2,nmcond3,nmcond4,nmcond5,nmcond6,nmsafe_helmet,nmsafe_pads,nmsafe_oth,nmprev_ref,nmprev_lgt,nmprev_oth,crashlocation,nmcrashtype,crosswalk,schoolzone,sidewalk,train_inv,wildlife_inv,rotr_fars,intersect_fars,Drink and Drive,aid_inv,Drug Positive Drivers,Impaired Drivers,Marijuana Positive,impnm_inv,ainm_inv,dpnm_inv,speed_inv,unlic_inv,unendmc_inv,drowsy_inv,drdist_inv,nmdist_inv,fty_inv,unrestfat_inv,dr1617_inv,dr1820_inv,dr1620_inv,dr2125_inv,dr1625_inv,dr65_inv,dr70_inv,dr75_inv,mc_inv,pv_inv,ht_inv,ped_inv,bike_inv,unrest_fat,mc_fat,unhelmet_mc,pv_fat,ht_fat,ped_fat,bike_fat,dr_alc7,dr_alc8,dr_drug,dr_imp,dr_dist,dr_spd,dr_fty,dr_unlic,dr_alc7only,dr_alc8only,dr_drugonly,dr_drink,nm_imp,nm_alc7,nm_alc8,nm_drug,nm_dist,agegrp1,agegrp2,roadclass,urbrur,dayweek,restuse,vehtype,race_me,intersect,lanedep,oppdir,wrongway,rep_typ,investag,repag_long,rotr,st_rd,cty_rd,city_rd,oth_rd,drug_thc,thc_res,drug_cthc,cthc_res,drug_cann,prevpersemin,prevperse,prevsusoth,drugtst4,drugtst5,drugtst6,drugtst7,drugtst8,drugres4,drugres5,drugres6,drugres7,drugres8,adspresent,adsengaged,adslevel,race1,race2,race3,race4,race5,helmet,helmetmisuse,nmdistract1,nmdistract2,nmdistract3,nmdistract4,nmdistract5,nmdistract6,lab,isedtcase,crf1,crf2,crf3,CoRoadName,CoMP,IntCoRoadName,IntCoMP
2017,56,3398254,160,02-11-2017,19:56,11,2,Feb,0,33,King,1030,1,0,3,1,2,1,0,4,2,,,,12,0,6,Angle,10.6,2,0,2,4 Way,3,2,1,3,0,0,1,3,SR-99,S 252ND ST,-122.3000028,47.37581944,98089,0,2,68,Initial Opposite Direction(Left/Right),15,2,45,4,0,0,1,8,12,1,1,7,1,11,Turning Red: Permitted on red,3,2,53,,0,35,472,2005,0,,68,64,30,42,2,,1,1,16,1,0,,3,0,3,0,11,5,,,,,0,0,2,3,1,73,,,,96,,,,,,98,,,,,,98601,53,70,130,6,2,0,0,0,0,,0,,,,,,4,,,99,0,0,0,8,9,8,,,0,,,8,1,8,95,,,96,,,0,0,996,,,,,,,,,,,,,,,,,,,,,,,,,,,,,,0,0,1,1,1,0,0,0,0,0,0,0,1,0,0,0,0,0,0,0,1,0,1,0,1,0,0,0,0,1,0,0,0,0,0,,0,0,0,0,0,0,0,0,0,1,0,0,0,0,0,1,,,,,,16-17,16-25,County road,R,Tuesday,Belt Used,PV,Not Fatal,0,1,0,0,County Road,County Sheriff,Clark County Sheriff's Office,1,0,1,0,0,,,,,,0,0,0,,,,,,,,,,,98,98,98,0,,,,,20,,,,,,,,,1,0,,,NE 319TH ST,0,NE 152ND AVE,8.81
2021,56,635428,35,03-07-2021,11:07,7,3,March,,53,Pierce,0,10,,1,99,2,1,0,2,2,,,,12,0,2,Front-to-Front,7.8,2,0,2,4 Way,4,2,2,4,0,0,3,3,CR-128TH ST E,CANYON RD E,-122.3574028,47.13988056,98445,0,2,78,Others,66,4,35,14,0,0,1,2,12,1,1,7,1,10,Others,1,1,53,,0,48,38,2012,0,,42,,,,,,1,1,22,1,7,,4,7,3,0,11,0,10/24/2021,15:04,53055022,55022,0,0,0,3,1,0,,,,96,,,,,,98,,,,,,98008,53,72,156,6,1,0,1,1,0,,0,,,,,,0,11-15-2017,01-15-2017,8,0,0,0,0,9,8,,,0,,,8,8,2,1,,,1,,,2,1,0,,,,,,,,,,,,,,,,,,,,,,,,,,,,,,0,0,0,0,0,0,0,0,0,0,0,0,0,0,0,0,0,0,0,0,0,0,0,1,1,0,0,0,0,1,0,0,0,0,0,,1,0,0,0,0,0,0,0,0,0,0,0,0,0,0,0,,,,,,21-25,16-25,County road,R,Sunday,Belt Used,PV,White,0,0,0,0,County Road,County Sheriff,King County Police,0,0,1,0,0,,,,,,0,0,0,,,,,,,,,,,98,98,98,1,,,,,20,,,,,,,,,1,0,,,PRESTON-FALL CITY RD SE,1.439,NULL,
2021,56,635427,35,03-07-2021,11:07,7,3,March,,53,Pierce,0,10,,1,99,2,1,0,2,2,,,,12,0,2,Front-to-Front,7.8,2,0,2,4 Way,4,2,2,4,0,0,3,3,CR-128TH ST E,CANYON RD E,-122.3574028,47.13988056,98445,0,1,79,Others,17,2,35,4,0,0,1,2,12,1,1,3,1,1,Going Straight,1,1,53,,0,87,881,2019,0,,12,68,64,1,,,1,1,44,1,0,,0,0,3,0,11,0,,,,,6,3,0,3,1,0,,,,96,,,,,,98,,,,,,98908,53,73,205,6,1,0,0,0,0,,0,,,,,,0,,,20,0,0,0,8,9,8,,,0,,,8,8,0,0,,,0,,,0,0,996,,,,,,,,,,,,,,,,,,,,,,,,,,,,,,0,0,0,1,1,1,1,1,0,0,0,0,1,1,0,0,0,0,0,0,0,0,0,0,0,0,0,0,0,1,1,0,0,0,0,,0,0,0,0,0,0,0,0,0,0,0,0,0,0,0,0,,,,,,41-45,36-45,State route,R,Saturday,,MHTRUCK,Not Fatal,1,0,0,0,State Route,State Patrol,Washington State Patrol,0,1,0,0,0,,,,,,0,0,0,,,,,,,,,,,98,98,98,0,,,,,20,,,,,,,,,1,0,,,,,,
2020,56,634665,284,03-08-2020,04:38,8,3,March,,53,Pierce,2160,10,,6,2,5,1,0,1,5,04:39,04:49,,53,0,0,No vehicle,0,1,0,1,No intersection,7,2,4,6,0,0,0,0,STEVENS ST,,-122.5909889,47.17166944,98388,1,1,6,Drive off road,12,2,25,4,0,0,1,2,53,1,1,2,1,1,Going Straight,1,1,53,,0,55,35,2012,0,,12,,,,,,1,1,26,1,1,,4,7,99,7,11,0,10/23/2021,18:29,53054583,54583,0,0,0,0,1,39,,,,96,,,,,,98,,,,,,98948,53,,999,0,0,99,99,99,99,,0,,,,,,4,,,8,0,0,0,0,9,8,,,0,,,8,8,2,402,996,,1,1,,2,1,0.199,,,,,,,,,,,,,,,,,,,,,,,,,,,,,,0,0,0,1,1,1,1,1,0,0,0,0,1,1,0,0,0,0,0,0,0,0,0,0,0,0,0,0,0,1,1,0,0,0,0,,1,0,0,0,0,1,1,1,0,1,0,1,0,0,0,1,,,,,,26-30,26-35,State route,R,Saturday,Unknown,PV,Hispanic,1,0,0,0,State Route,State Patrol,Washington State Patrol,0,1,0,0,0,,,,,,99,99,99,,,,,,,,,,,98,98,98,98,,,,,20,,,,,,,,,1,0,,,,,,
2019,56,633897,4,02-27-2019,08:24,27,2,Feb,,1,Adams,0,4,0,1,10,2,1,0,2,2,,,,12,0,6,Angle,87.5,1,0,1,No intersection,3,1,1,3,0,0,0,0,SR-26,,-118.2216333,46.74230833,99333,0,1,66,Specific Other,6,1,65,14,0,0,1,2,1,1,1,2,1,1,Going Straight,1,1,53,,0,38,402,1999,0,,12,,,,,,1,1,25,1,0,,0,0,3,0,11,0,,,,,0,0,0,3,1,0,,,,96,,,,,,98,,,,,,98396,53,71,150,6,1,0,0,0,1,,0,,,,,,0,09-15-2020,09-15-2020,20,0,0,0,8,9,8,,,0,,,8,8,0,0,,,0,,,0,0,996,,,,,,,,,,,,,,,,,,,,,,,,,,,,,,0,0,0,0,0,0,1,1,0,0,0,0,0,1,0,0,0,0,0,0,0,0,0,1,1,0,0,0,0,1,1,0,0,0,0,,0,0,0,0,0,0,0,0,0,0,0,0,0,0,0,0,,,,,,21-25,16-25,Interstate,U,Wednesday,Belt Used,PV,Not Fatal,0,1,0,0,State Route,State Patrol,Washington State Patrol,1,1,0,0,0,,,,,,0,0,0,,,,,,,,,,,0,0,0,0,,,,,20,,,,,,,,,1,0,,,,,,
2018,56,633174,7,02-25-2018,15:48,25,2,Feb,0,33,King,0,1,0,1,1,1,1,0,6,3,,,,12,0,8,Other,0.7,1,0,1,No intersection,4,1,2,4,0,0,0,0,CR-SE AUBURN BLACK DIAMOND,,-122.1647333,47.31256667,98092,0,3,65,Others,62,4,40,15,0,0,1,5,12,3,1,2,1,14,Making a U turn,2,1,53,,0,12,481,1975,0,,63,14,69,12,,,1,1,61,1,7,,4,7,3,0,11,0,10/27/2021,06:39,53055848,55848,0,0,0,0,1,0,,,,96,,,,,,98,,,,,,99349,53,72,205,3,1,0,0,0,0,,0,,,,,,0,,,20,0,0,0,0,9,8,,,0,,,8,8,2,401,417,,1,1,,2,1,0,,,,,,,,,,,,,,,,,,,,,,,,,,,,,,0,0,0,0,0,0,1,1,0,0,0,0,0,1,0,0,0,0,0,0,0,0,0,1,1,0,0,0,0,1,1,0,0,0,0,,1,0,0,0,0,0,1,1,0,0,0,1,0,0,1,0,,,,,,61-65,56-65,Interstate,U,Wednesday,Belt Used,PV,White,0,1,0,0,State Route,State Patrol,Washington State Patrol,1,1,0,0,0,,,,,,0,0,0,,,,,,,,,,,0,0,0,1,,,,,20,,,,,,,,,1,0,,,,,,
2018,56,633173,7,02-25-2018,15:48,25,2,Feb,0,33,King,0,1,0,1,1,1,1,0,6,3,,,,12,0,8,Other,0.7,1,0,1,No intersection,4,1,2,4,0,0,0,0,CR-SE AUBURN BLACK DIAMOND,,-122.1647333,47.31256667,98092,0,2,98,Others,62,4,40,6,0,0,1,7,54,3,1,2,1,14,Making a U turn,3,2,53,,0,85,881,2019,0,,12,2,,,,,1,1,44,1,0,,0,0,3,0,11,0,,,,,6,3,0,3,1,0,,,,96,,,,,,98,,,,,,83854,16,70,175,6,1,0,0,0,0,,0,,,,,,0,,,20,0,0,0,8,9,8,,,0,,,8,8,0,0,,,0,,,0,0,996,,,,,,,,,,,,,,,,,,,,,,,,,,,,,,0,0,0,0,0,0,0,0,0,0,0,0,0,0,0,0,1,0,0,0,0,1,1,0,1,0,0,0,0,1,1,0,0,0,0,,0,0,0,0,0,0,0,0,0,0,0,0,0,0,0,0,,,,,,41-45,36-45,State route,R,Saturday,,MHTRUCK,Not Fatal,0,1,1,0,State Route,State Patrol,Washington State Patrol,0,1,0,0,0,,,,,,0,0,0,,,,,,,,,,,98,98,98,0,,,,,20,,,,,,,,,1,0,,,,,,
2018,56,633172,7,02-25-2018,15:48,25,2,Feb,0,33,King,0,1,0,1,1,2,1,0,6,3,,,,12,0,8,Other,0.7,1,0,1,No intersection,4,1,2,4,0,0,0,0,CR-SE AUBURN BLACK DIAMOND,,-122.1647333,47.31256667,98092,0,1,64,Others,10,2,40,63,1,0,1,7,1,2,1,2,1,14,Making a U turn,1,1,53,,0,12,37,2015,0,,68,12,63,68,63,38,1,1,19,1,7,,4,7,3,0,11,0,10/30/2021,03:40,53056206,56206,0,0,0,3,1,28,,,,92,,,,,,98,,,,,,99362,53,76,125,6,1,0,0,0,2,,0,,,,,,0,10-15-2021,09-15-2021,8,0,0,0,0,9,8,,,0,,,8,8,8,95,,,96,,,9,99,999,,,,,,,,,,,,,,,,,,,,,,,,,,,,,,0,0,0,0,0,0,0,0,0,0,0,0,0,0,0,0,1,0,0,0,0,1,1,0,1,0,0,0,0,1,1,0,0,0,0,,1,0,0,0,0,0,0,0,1,0,0,0,0,0,0,0,,,,,,18-20,16-25,State route,R,Saturday,Belt Used,PV,Multiracial,0,1,1,0,State Route,State Patrol,Washington State Patrol,0,1,0,0,0,,,,,,0,0,0,,,,,,,,,,,98,98,98,202,201,,,,20,,,,,,,,,1,0,,,,,,
2021,57,635429,290,03-06-2021,20:23,6,3,March,,53,Pierce,2230,1,,3,1,2,1,1,2,2,,,,8,0,0,No vehicle,0,2,0,2,4 Way,4,2,4,6,0,0,0,0,S 84TH ST,S Alaska St,-122.4580194,47.18105,98444,0,2,13,Pedestrian/Animal,80,5,30,34,0,0,1,5,12,1,2,4,1,1,Going Straight,2,2,53,,0,2,422,2020,0,,8,,,,,,1,1,62,2,0,,0,0,3,0,11,0,,,,,0,0,3,3,1,0,,,,96,,,,,,9,,,,,,98373,53,67,165,6,1,0,0,0,0,,2,,,,,,0,,,20,0,0,0,8,9,8,,,0,,,8,1,8,95,,,96,,,2,1,997,,,,,,,,,,,,,,,,,,,,,,,,,,,,,,0,0,0,1,1,0,0,0,0,0,0,0,0,0,0,0,0,1,0,0,0,0,0,0,0,0,0,0,0,1,0,1,0,0,0,,0,0,0,0,0,0,0,0,0,0,0,0,0,0,0,1,,,,,,61-65,56-65,City street,U,Saturday,Belt Used,PV,Not Fatal,1,0,0,0,City Street,Municipal/City Police,Puyallup Police Department,0,0,0,1,0,,,,,,0,0,0,,,,,,,,,,,98,98,98,0,,,,,20,,,,,,,,,1,0,,,,,,
2019,57,633900,146,02-23-2019,15:45,23,2,Feb,,77,Yakima,0,1,0,1,1,2,1,0,2,2,,,,12,0,6,Angle,13,2,0,2,4 Way,6,1,2,4,0,3,0,0,CR-PROGRESSIVE RD,CAMPBELLL RD,-120.4383611,46.41905556,98951,0,2,88,Striking from the Left,66,4,50,34,0,0,1,7,1,1,1,2,1,1,Going Straight,1,1,53,,0,37,706,2001,0,,18,,,,,,1,1,38,1,7,,4,0,20,7,11,5,11-08-2021,07:44,2.23E+11,57919,0,0,0,2,1,0,,,,96,,,,,,98,,,,,,98387,53,73,320,1,1,0,5,1,6,,0,,,,,,3,08-15-2018,10-15-2021,20,8,0,0,0,9,8,,,0,,,8,8,0,0,,,0,,,0,0,996,,,,,,,,,,,,,,,,,,,,,,,,,,,,,,0,0,0,0,0,0,0,0,0,0,0,0,1,1,1,0,0,0,0,0,0,0,0,0,0,0,0,0,1,0,0,0,0,0,1,0,0,0,0,0,0,0,0,0,0,1,0,1,0,0,0,0,,,,,,36-40,36-45,County road,U,Sunday,,MC,White,0,0,0,0,County Road,County Sheriff,Law Enforcement Support Agency,0,0,1,0,0,,,,,,0,0,6,,,,,,,,,,,0,0,0,1,,,,,19,,,,,,,,,1,0,,,MATHIAS RD E,2.28,066 AVE CT E,0
2019,57,633899,146,02-23-2019,15:45,23,2,Feb,,77,Yakima,0,1,0,1,1,2,1,0,2,2,,,,12,0,6,Angle,13,2,0,2,4 Way,6,1,2,4,0,3,20,3,CR-PROGRESSIVE RD,CAMPBELLL RD,-120.4383611,46.41905556,98951,0,1,89,Others,17,2,50,4,0,0,1,7,12,1,1,2,1,1,Going Straight,1,1,53,,0,32,43,2014,0,,12,,,,,,1,1,24,1,1,,4,7,3,0,11,0,11-01-2021,22:19,2.23E+11,56490,0,0,0,0,1,0,,,,96,,,,,,0,,,,,,98418,53,64,200,0,0,0,0,0,0,,0,,,,,,0,,,8,0,0,0,0,9,8,,,0,,,8,8,2,1,,,1,,,2,1,0.222,,,,,,,,,,,,,,,,,,,,,,,,,,,,,,0,0,0,0,1,1,0,1,0,0,0,0,0,1,0,0,0,0,0,0,0,0,0,1,1,0,0,0,0,1,0,0,0,0,0,,1,0,0,0,0,1,0,1,0,0,0,1,0,1,0,1,,,,,,21-25,16-25,City street,U,Monday,Belt Used,PV,Hispanic,0,0,0,0,City Street,Municipal/City Police,Tacoma Police Department,0,0,0,1,0,,,,,,0,0,0,,,,,,,,,,,98,98,98,298,,,,,20,,,,,,,,,1,0,,,,,,
2018,57,633144,39,02-22-2018,15:37,22,2,Feb,0,61,Snohomish,0,1,0,1,1,2,1,1,2,1,,,,9,0,0,No vehicle,0,2,1,2,4 Way,4,2,1,2,0,0,0,0,US-2 LX00851,88TH ST SE,-122.0710917,47.91608611,98291,0,1,13,Pedestrian/Animal,83,5,35,34,0,0,1,7,9,1,2,2,1,1,Going Straight,2,2,53,,0,2,482,1992,0,,12,,,,,,1,1,999,1,0,,9,0,99,7,11,0,,,,,99,9,9,9,1,0,,,,96,,,,,,0,,,,,,99999,99,,999,9,9,99,99,99,99,,0,,,,,,0,,,20,0,0,0,8,9,8,,,0,,,8,8,0,0,,,0,,,0,0,996,,,,,,,,,,,,,,,,,,,,,,,,,,,,,,0,0,0,0,1,1,0,1,0,0,0,0,0,1,0,0,0,0,0,0,0,0,0,1,1,0,0,0,0,1,0,0,0,0,0,,0,0,0,0,0,0,0,0,0,0,0,0,0,0,0,0,,,,,,,,City street,U,Monday,Unknown,PV,Not Fatal,0,0,0,0,City Street,Municipal/City Police,Tacoma Police Department,0,0,0,1,0,,,,,,99,99,99,,,,,,,,,,,0,0,0,0,,,,,20,,,,,,,,,1,0,,,,,,
2017,57,632398,3,02-14-2017,17:20,14,2,Feb,0,53,Pierce,0,10,0,5,1,2,1,0,4,3,,,,24,0,0,No vehicle,1.8,3,0,3,T Intersection,3,2,1,3,0,3,0,0,SR-167,GRATZER RD E,-122.3788639,47.23043056,98443,0,3,98,Others,62,4,50,6,0,0,1,2,12,1,1,5,5,1,Going Straight,1,1,53,,0,12,880,2018,0,,12,,,,,,1,1,58,1,7,,4,7,3,0,11,0,10/28/2021,14:25,53054970,54970,6,0,0,3,1,0,,,,96,,,,,,98,,,,,,99403,53,70,190,6,1,1,0,0,0,,0,,,,,,0,08-15-2019,08-15-2019,8,1,9,0,0,9,8,,,0,,,8,8,2,1,,,1,,,2,1,0,,,,,,,,,,,,,,,,,,,,,,,,,,,,,,0,0,0,0,0,0,0,0,0,0,0,0,0,1,0,0,1,0,0,0,0,0,0,0,0,0,0,0,0,1,1,0,0,0,0,,0,1,0,0,0,0,0,0,0,0,0,0,0,0,0,0,,,,,,56-60,56-65,US highway,U,Thursday,,MHTRUCK,White,0,1,1,0,State Route,State Patrol,Washington State Patrol,0,1,0,0,0,,,,,,0,1,0,,,,,,,,,,,98,98,98,1,,,,,20,,,,,,,,,1,0,,,,,,
2017,57,632397,3,02-14-2017,17:20,14,2,Feb,0,53,Pierce,0,10,0,5,1,2,1,0,4,3,,,,24,0,0,No vehicle,1.8,3,0,3,T Intersection,3,2,1,3,0,3,0,0,SR-167,GRATZER RD E,-122.3788639,47.23043056,98443,0,2,98,Others,62,4,50,34,0,0,1,2,12,1,1,5,5,1,Going Straight,1,1,53,,0,7,482,2018,0,,12,,,,,,1,1,27,1,0,,0,0,3,0,11,0,,,,,0,0,3,3,1,0,,,,96,,,,,,98,,,,,,99206,53,70,185,6,1,0,0,0,0,,0,,,,,,0,,,8,0,0,0,8,9,8,,,0,,,8,8,0,0,,,0,,,0,0,996,,,,,,,,,,,,,,,,,,,,,,,,,,,,,,0,0,0,0,0,0,0,0,0,0,0,0,0,1,0,0,1,0,0,0,0,0,0,0,0,0,0,0,0,1,1,0,0,0,0,,0,0,0,0,0,0,0,0,0,0,0,0,0,0,0,0,,,,,,26-30,26-35,US highway,U,Thursday,Belt Used,PV,Not Fatal,0,1,1,0,State Route,State Patrol,Washington State Patrol,0,1,0,0,0,,,,,,0,0,0,,,,,,,,,,,98,98,98,0,,,,,20,,,,,,,,,1,0,,,,,,
2017,57,632396,3,02-14-2017,17:20,14,2,Feb,0,53,Pierce,0,10,0,5,1,2,1,0,4,3,,,,24,0,0,No vehicle,1.8,3,0,3,T Intersection,3,2,1,3,0,3,0,0,SR-167,GRATZER RD E,-122.3788639,47.23043056,98443,0,1,2,Control/Traction Loss,67,4,50,4,0,0,1,2,12,1,1,5,5,1,Going Straight,2,2,53,,0,37,471,2006,0,,12,12,,,,,1,1,49,1,0,,2,0,3,0,11,0,,,,,0,0,0,3,1,0,,,,96,,,,,,98,,,,,,99403,53,72,275,6,1,0,0,0,0,,0,,,,,,0,,,8,0,0,0,8,9,8,,,0,,,8,8,0,0,,,0,,,0,0,996,,,,,,,,,,,,,,,,,,,,,,,,,,,,,,0,0,0,0,0,0,0,0,0,0,0,0,0,1,0,0,1,0,0,0,0,0,0,0,0,0,0,0,0,1,1,0,0,0,0,,0,0,0,0,0,0,0,0,0,0,0,0,0,0,0,0,,,,,,46-50,46-55,US highway,U,Thursday,Belt Used,PV,Not Fatal,0,1,1,0,State Route,State Patrol,Washington State Patrol,0,1,0,0,0,,,,,,0,0,0,,,,,,,,,,,98,98,98,0,,,,,20,,,,,,,,,1,0,,,,,,
2019,58,633902,4,02-27-2019,11:35,27,2,Feb,,43,Lincoln,0,4,0,1,10,2,1,0,2,2,,,,12,0,2,Front-to-Front,36.2,1,0,1,No intersection,5,1,1,3,0,0,0,0,SR-231,,-117.88215,47.74029444,,0,1,50,Lateral Move(Left/Right),6,1,55,14,0,0,1,2,12,2,2,2,1,14,Making a U turn,1,3,16,,0,85,881,2021,0,,68,12,12,64,59,38,1,1,61,1,0,,1,0,3,0,11,0,,,,,1,2,0,2,1,28,,,,92,,,,,,98,,,,,,98837,53,72,220,1,1,0,1,0,1,,2,,,,,,0,04-15-2018,02-15-2019,20,0,0,0,8,1,2,,,0,,,8,0,2,1,,,1,,,2,1,0,,,,,,,,,,,,,,,,,,,,,,,,,,,,,,0,0,0,0,0,0,0,0,0,0,0,0,0,1,0,0,1,0,0,0,0,0,0,0,0,0,0,0,0,1,1,0,0,0,0,,0,0,0,0,0,0,0,0,1,0,0,1,0,0,0,0,,,,,,61-65,56-65,US highway,U,Thursday,,MHTRUCK,Not Fatal,0,1,1,0,State Route,State Patrol,Washington State Patrol,0,1,0,0,0,,,,,,0,0,0,,,,,,,,,,,98,98,98,0,,,,,20,,,,,,,,,1,0,,,,,,
2018,58,3659664,344,02-26-2018,16:26,26,2,Feb,0,77,Yakima,0,1,0,1,1,4,1,0,1,1,,,,1,0,0,No vehicle,7,1,0,1,No intersection,7,1,2,4,0,3,0,0,CR-MCDONALD RD,,-120.5048083,46.39018056,98951,0,1,2,Control/Traction Loss,6,1,50,4,0,0,1,7,1,1,1,2,1,1,Going Straight,1,2,53,,0,37,706,1994,0,,12,,,,,,1,1,62,1,7,,4,0,20,7,11,0,10/22/2021,23:32,2.23E+11,57395,0,0,0,2,1,0,,,,92,,,,,,98,,,,,,98503,53,67,125,6,1,0,0,1,0,,0,,,,,,0,04-15-2019,04-15-2019,20,8,0,0,0,9,8,,,0,,,8,8,2,348,695,605,1,1,1,2,1,0,,,,,,,,,,,,,,,,,,,,,,,,,,,,,,0,0,0,1,0,0,1,1,1,0,0,0,0,0,1,0,1,0,1,0,1,0,1,0,1,0,0,0,1,1,0,0,0,0,1,1,0,0,0,0,0,0,1,1,1,0,0,0,0,0,1,0,,,,,,61-65,56-65,County road,R,Friday,,MC,White,1,0,0,0,County Road,County Sheriff,Thurston County Sheriff's Office,0,0,1,0,0,thc,14,carboxy-thc,19,,0,0,0,1,1,,,,401,417,,,,0,0,0,1,,,,,16,,,,,,,,nms,1,0,,,110TH AVE SW,9,DELPHI RD SW,0
2021,58,635435,1,03-01-2021,14:40,1,3,March,,21,Franklin,1660,1,,1,1,1,1,0,7,6,,,,12,0,2,Front-to-Front,6.3,1,0,1,No intersection,1,2,1,1,0,0,0,0,I-182,,-119.2378528,46.26707778,99352,0,6,98,Others,98,7,70,4,0,0,1,5,12,1,1,3,2,1,Going Straight,1,1,53,,0,12,481,2004,0,,12,,,,,,1,1,16,1,0,,0,0,3,0,11,0,,,,,0,0,1,3,1,38,,,,96,,,,,,98,,,,,,98501,53,72,155,6,2,0,0,0,0,,97,,,,,,0,,,20,0,0,0,8,9,8,,,0,,,8,8,0,0,,,0,,,0,0,996,,,,,,,,,,,,,,,,,,,,,,,,,,,,,,0,0,0,1,0,0,1,1,1,0,0,0,0,0,1,0,1,0,1,0,1,0,1,0,1,0,0,0,1,1,0,0,0,0,0,,0,0,0,0,0,0,0,0,0,0,1,0,0,0,0,0,,,,,,16-17,16-25,County road,R,Friday,Belt Used,PV,Not Fatal,1,0,0,0,County Road,County Sheriff,Thurston County Sheriff's Office,0,0,1,0,0,,,,,,0,0,0,,,,,,,,,,,98,98,98,0,,,,,20,,,,,,,,,1,0,,,110TH AVE SW,9,DELPHI RD SW,0
2021,58,635434,1,03-01-2021,14:40,1,3,March,,21,Franklin,1660,1,,1,1,1,1,0,7,6,,,,12,0,2,Front-to-Front,6.3,1,0,1,No intersection,1,2,1,1,0,0,0,0,I-182,,-119.2378528,46.26707778,99352,0,5,98,Others,98,7,70,14,0,0,1,2,12,1,1,3,2,1,Going Straight,2,2,53,,0,30,40,2021,0,,12,,,,,,1,1,19,1,0,,3,0,3,0,11,5,,,,,0,0,0,3,1,0,,,,96,,,,,,98,,,,,,98851,53,76,140,6,1,0,0,0,1,,0,,,,,,0,04-15-2021,04-15-2021,8,0,0,0,8,9,8,,,0,,,8,8,0,0,,,0,,,0,0,996,,,,,,,,,,,,,,,,,,,,,,,,,,,,,,0,0,0,1,0,0,1,1,1,0,0,0,0,0,0,0,0,0,1,0,0,1,1,1,1,1,1,1,0,1,0,0,0,0,0,,0,0,0,0,0,0,0,0,0,0,0,0,0,0,0,0,,,,,,18-20,16-25,State route,U,Monday,Belt Used,PV,Not Fatal,1,0,0,0,State Route,State Patrol,Washington State Patrol,0,1,0,0,0,,,,,,0,0,0,,,,,,,,,,,98,98,98,0,,,,,20,,,,,,,,,1,0,,,,,,
2021,58,635433,1,03-01-2021,14:40,1,3,March,,21,Franklin,1660,1,,1,1,1,1,0,7,6,,,,12,0,2,Front-to-Front,6.3,1,0,1,No intersection,1,2,1,1,0,0,0,0,I-182,,-119.2378528,46.26707778,99352,0,4,98,Others,98,7,70,34,0,0,1,5,12,1,1,3,2,1,Going Straight,1,1,53,,0,20,2,1966,0,,12,68,12,,,,1,1,22,1,7,,4,0,99,7,11,5,10/18/2021,19:55,68053053315,53315,0,0,0,3,1,0,,,,96,,,,,,98,,,,,,98848,53,71,165,6,1,0,3,1,2,,0,,,,,,0,08-15-2017,03-15-2019,20,0,0,0,0,9,8,,,0,,,8,8,2,695,605,,1,1,,2,1,0,,,,,,,,,,,,,,,,,,,,,,,,,,,,,,0,0,0,1,0,0,1,1,1,0,0,0,0,0,0,0,0,0,1,0,0,1,1,1,1,1,1,1,0,1,0,0,0,0,0,,1,0,0,0,0,0,1,1,0,0,0,0,0,0,1,0,,,,,,21-25,16-25,State route,U,Monday,Unknown,PV,White,1,0,0,0,State Route,State Patrol,Washington State Patrol,0,1,0,0,0,thc,21,carboxy-thc,17,,0,0,0,,,,,,,,,,,0,0,0,1,,,,,20,,,,,,,,nms,1,0,,,,,,
2021,58,635432,1,03-01-2021,14:40,1,3,March,,21,Franklin,1660,1,,1,1,1,1,0,7,6,,,,12,0,2,Front-to-Front,6.3,1,0,1,No intersection,1,2,1,1,0,0,0,0,I-182,,-119.2378528,46.26707778,99352,0,3,98,Others,98,7,70,14,0,0,1,5,12,1,1,3,2,1,Going Straight,1,2,53,,0,53,404,2009,0,,12,,,,,,1,1,79,1,0,,3,0,3,0,11,5,,,,,0,0,0,3,1,38,,,,96,,,,,,98,,,,,,98823,53,71,175,6,1,0,0,0,0,,46,,,,,,0,,,8,0,0,0,8,9,8,,,0,,,8,8,2,1,,,1,,,2,1,0,,,,,,,,,,,,,,,,,,,,,,,,,,,,,,0,0,0,1,0,0,1,1,1,0,0,0,0,0,0,0,0,0,1,0,0,1,1,1,1,1,1,1,0,1,0,0,0,0,0,,0,0,0,0,0,0,0,0,0,0,1,0,0,0,0,0,,,,,,76-80,76+,State route,U,Monday,Belt Used,PV,Not Fatal,1,0,0,0,State Route,State Patrol,Washington State Patrol,0,1,0,0,0,,,,,,0,0,0,,,,,,,,,,,98,98,98,0,,,,,20,,,,,,,,,1,0,,,,,,