year,something,Cases,repjur,crash_dt,crash_tm,accday,Month,Month,holiday,county,co_char,city,weather,weather2,lightcond,surfcond,surftype,Number of Fatalities,nmforms,pforms,vforms,not_tm,arr_tm,hosp_tm,fhevent,hitrun,Manner of Collision,Manner of Collision,milepnt,reljunc,reljuncinter,intersectiontype,Intersection Type,funcsystem,landuse,ownership,route,schlbus,spejur,contdev,devfunc,trafid1,trafid2,x,y,zipcode,wk_zone,vnumber,crashtype,Crash Type,criticalevent,criticaleventcat,spdlim,body,trailer,emerg,hazcargo,leave,mhevent,roadalgn,roadprof,traflane,trafflow,Vehicle Manure,Vehicle Manure,numoccs,regowner,regstate,,spuse,make,model,modelyr,vrf1,vrf2,seqevent1,seqevent2,seqevent3,seqevent4,seqevent5,seqevent6,pnumber,ptype,age,sex,hispanic,race,injury,diedscene,restraint,restraintmisuse,seatpos,takehosp,death_dt,death_tm,cert,cernum_wa,commlic,licendor,licrestrict,liccomp,drivpres,drf1,drf2,drf3,drf4,distract1,distract2,distract3,distract4,distract5,distract6,dricond1,dricond2,dricond3,dricond4,dricond5,dricond6,dzip,licstate,drhgt_in,weight,noncdl,noncdltype,prevdwi,prevoth,prevacc,prevspd,prevsus,driviol1,driviol2,driviol3,driviol4,driviol5,driviol6,spdrel,first_dt,last_dt,airbag,ejection,ejectpath,extricat,injurwrk,methalc,methdrug,nmlocat,strikveh,prf1,prf2,prf3,druginv,alcinvol,drugsts,drugres1,drugres2,drugres3,drugtst1,drugtst2,drugtst3,alcsts,alctst,alcres,nmact1,nmact2,nmact3,nmact4,nmact5,nmact6,nmprior1,nmprior2,nmprior3,nmprior4,nmprior5,nmprior6,nmcond1,nmcond2,nmcond3,nmcond4,nmcond5,nmcond6,nmsafe_helmet,nmsafe_pads,nmsafe_oth,nmprev_ref,nmprev_lgt,nmprev_oth,crashlocation,nmcrashtype,crosswalk,schoolzone,sidewalk,train_inv,wildlife_inv,rotr_fars,intersect_fars,Drink and Drive,aid_inv,Drug Positive Drivers,Impaired Drivers,Marijuana Positive,impnm_inv,ainm_inv,dpnm_inv,speed_inv,unlic_inv,unendmc_inv,drowsy_inv,drdist_inv,nmdist_inv,fty_inv,unrestfat_inv,dr1617_inv,dr1820_inv,dr1620_inv,dr2125_inv,dr1625_inv,dr65_inv,dr70_inv,dr75_inv,mc_inv,pv_inv,ht_inv,ped_inv,bike_inv,unrest_fat,mc_fat,unhelmet_mc,pv_fat,ht_fat,ped_fat,bike_fat,dr_alc7,dr_alc8,dr_drug,dr_imp,dr_dist,dr_spd,dr_fty,dr_unlic,dr_alc7only,dr_alc8only,dr_drugonly,dr_drink,nm_imp,nm_alc7,nm_alc8,nm_drug,nm_dist,agegrp1,agegrp2,roadclass,urbrur,dayweek,restuse,vehtype,race_me,intersect,lanedep,oppdir,wrongway,rep_typ,investag,repag_long,rotr,st_rd,cty_rd,city_rd,oth_rd,drug_thc,thc_res,drug_cthc,cthc_res,drug_cann,prevpersemin,prevperse,prevsusoth,drugtst4,drugtst5,drugtst6,drugtst7,drugtst8,drugres4,drugres5,drugres6,drugres7,drugres8,adspresent,adsengaged,adslevel,race1,race2,race3,race4,race5,helmet,helmetmisuse,nmdistract1,nmdistract2,nmdistract3,nmdistract4,nmdistract5,nmdistract6,lab,isedtcase,crf1,crf2,crf3,CoRoadName,CoMP,IntCoRoadName,IntCoMP
2021,58,635431,1,03-01-2021,14:40,1,3,March,,21,Franklin,1660,1,,1,1,1,1,0,7,6,,,,12,0,2,Front-to-Front,6.3,1,0,1,No intersection,1,2,1,1,0,0,0,0,I-182,,-119.2378528,46.26707778,99352,0,2,52,Others,54,3,70,4,0,0,1,2,12,1,1,3,2,1,Going Straight,1,2,53,,0,85,881,2015,0,,12,,,,,,1,1,27,1,0,,0,0,3,0,11,0,,,,,6,1,3,3,1,0,,,,96,,,,,,98,,,,,,99349,53,69,210,6,1,0,0,0,2,,0,,,,,,0,09-15-2017,05-15-2021,20,0,0,0,8,9,2,,,0,,,8,8,8,95,,,96,,,0,0,996,,,,,,,,,,,,,,,,,,,,,,,,,,,,,,0,0,0,1,0,0,0,0,0,0,0,0,0,0,0,0,0,0,1,1,0,0,0,0,0,1,0,0,0,1,1,0,0,0,0,,0,0,0,0,0,0,0,0,0,0,0,0,0,0,0,0,,,,,,26-30,26-35,State route,R,Thursday,,MHTRUCK,Not Fatal,1,0,0,0,State Route,State Patrol,Washington State Patrol,0,1,0,0,0,,,,,,0,0,1,,,,,,,,,,,98,98,98,0,,,,,20,,,,,,,,,1,0,,,,,,
2021,58,635430,1,03-01-2021,14:40,1,3,March,,21,Franklin,1660,1,,1,1,1,1,0,7,6,,,,12,0,2,Front-to-Front,6.3,1,0,1,No intersection,1,2,1,1,0,0,0,0,I-182,,-119.2378528,46.26707778,99352,0,1,52,Others,54,3,70,4,0,0,1,2,12,1,1,3,2,1,Going Straight,1,1,53,,0,30,40,2006,0,,12,,,,,,1,1,66,1,7,,4,7,20,7,11,0,10/28/2021,05:32,53055046,55046,0,0,0,3,1,38,,,,96,,,,,,98,,,,,,99320,53,66,170,6,1,0,1,0,0,,0,,,,,,0,05-15-2018,05-15-2018,8,2,9,0,0,9,8,,,0,,,8,8,2,1,,,1,,,2,1,0,,,,,,,,,,,,,,,,,,,,,,,,,,,,,,0,0,0,1,0,0,0,0,0,0,0,0,0,0,0,0,0,0,1,1,0,0,0,0,0,1,0,0,0,1,1,0,0,1,0,,1,0,0,0,0,0,0,0,0,0,1,0,0,0,0,0,,,,,,66-70,66-75,State route,R,Thursday,Not Used,PV,White,1,0,0,0,State Route,State Patrol,Washington State Patrol,0,1,0,0,0,,,,,,0,0,0,,,,,,,,,,,98,98,98,1,,,,,20,,,,,,,,,1,0,,,,,,
2020,58,634667,14,03-02-2020,23:29,2,3,March,,11,Clark,0,10,,2,2,2,1,0,1,1,,,,39,0,0,No vehicle,1,1,0,1,No intersection,5,2,2,4,0,0,0,0,CR-NE 117TH ST,,-122.6568528,45.70580556,98685,0,1,6,Drive off road,9,1,35,4,0,0,1,2,39,1,2,1,2,1,Going Straight,1,1,53,,0,35,47,2016,0,,8,,,,,,1,1,34,1,0,,0,0,99,7,11,0,,,,,0,0,0,2,1,10,,,,0,,,,,,9,,,,,,98003,53,67,195,2,1,0,0,0,0,,97,,,,,,0,,,1,0,0,0,8,9,8,,,0,,,1,8,2,605,,,1,,,2,1,0,,,,,,,,,,,,,,,,,,,,,,,,,,,,,,0,0,0,0,0,0,1,1,1,0,0,0,0,1,0,0,0,0,0,0,0,0,0,0,0,0,0,0,0,1,0,1,0,0,0,,0,0,0,0,0,0,1,1,0,0,0,1,0,0,1,0,,,,,,31-35,26-35,City street,U,Thursday,Unknown,PV,Not Fatal,0,0,0,0,City Street,Municipal/City Police,Puyallup Police Department,0,0,0,1,0,thc,11,carboxy-thc,888,,0,0,0,,,,,,,,,,,98,98,98,0,,,,,20,,,,,,,,,1,23,,,,,,
2019,58,633903,4,02-27-2019,11:35,27,2,Feb,,43,Lincoln,0,4,0,1,10,2,1,0,2,2,,,,12,0,2,Front-to-Front,36.2,1,0,1,No intersection,5,1,1,3,0,0,0,0,SR-231,,-117.88215,47.74029444,,0,2,51,Lateral Move(Going Straight),62,4,55,66,1,0,1,7,12,3,2,2,1,14,Making a U turn,1,3,53,,0,35,47,2014,0,,8,,,,,,1,1,24,1,0,,0,0,2,0,11,0,,,,,0,0,3,3,1,0,,,,96,,,,,,98,,,,,,98198,53,70,230,6,1,0,0,0,0,,0,,,,,,0,,,20,0,0,0,8,9,2,,,0,,,8,8,0,0,,,0,,,0,0,996,,,,,,,,,,,,,,,,,,,,,,,,,,,,,,0,0,0,0,0,0,0,0,0,0,0,0,0,0,0,0,0,0,0,0,0,0,0,1,1,0,0,0,0,1,0,1,0,0,0,,0,0,0,0,0,0,0,0,0,0,0,0,0,0,0,0,,,,,,21-25,16-25,State route,U,Sunday,Belt Used,PV,Not Fatal,0,0,0,0,State Route,Municipal/City Police,SeaTac Police Department,0,1,0,0,0,,,,,,0,0,0,,,,,,,,,,,98,98,98,0,,,,,20,,,,,,,,,1,0,,,,,,
2017,58,632414,21,02-15-2017,15:31,15,2,Feb,0,25,Grant,0,2,0,1,2,2,1,0,3,2,,,,12,0,6,Angle,6.9,2,0,2,4 Way,5,1,2,4,0,0,0,0,CR-RD 3 NE,RD Q NE,-119.1292167,47.13011389,98837,0,2,88,Striking from the Left,66,4,55,67,0,0,1,2,12,1,1,2,1,1,Going Straight,2,1,53,,0,37,706,1998,0,,63,30,,,,,1,1,25,1,7,,4,7,20,7,11,0,09/16/2021,18:46,53047529,47529,0,0,0,2,1,0,,,,96,,,,,,98,,,,,,98168,53,73,260,6,1,0,2,1,0,,0,,,,,,3,03-15-2017,08-15-2020,20,8,0,0,0,9,8,,,0,,,8,8,2,1,,,1,,,2,1,0,,,,,,,,,,,,,,,,,,,,,,,,,,,,,,0,0,1,0,0,0,0,0,0,0,0,0,1,0,1,0,0,0,0,0,0,0,0,1,1,0,0,0,1,0,0,0,0,0,1,0,0,0,0,0,0,0,0,0,0,1,0,0,0,0,0,0,,,,,,21-25,16-25,County road,U,Thursday,,MC,White,0,1,0,0,County Road,County Sheriff,King County Police,1,0,1,0,0,,,,,,0,0,0,,,,,,,,,,,0,0,0,1,,,,,5,,,,,,,,,1,0,,,MILITARY RD S,3.22,S 338 ST,0.057
2017,58,632413,21,02-15-2017,15:31,15,2,Feb,0,25,Grant,0,2,0,1,2,7,1,0,3,2,,,,12,0,6,Angle,6.9,2,0,2,4 Way,5,1,2,4,0,0,20,3,CR-RD 3 NE,RD Q NE,-119.1292167,47.13011389,98837,0,1,89,Others,17,2,50,4,0,0,1,2,12,1,1,2,1,1,Going Straight,1,1,53,,3,92,988,2013,0,,12,,,,,,1,1,57,2,0,,0,0,3,0,11,0,,,,,6,1,3,3,1,0,,,,96,,,,,,98,,,,,,98626,53,69,155,6,1,0,0,0,0,,0,,,,,,0,,,20,0,0,0,8,9,8,,,0,,,8,8,0,0,,,0,,,0,0,996,,,,,,,,,,,,,,,,,,,,,,,,,,,,,,0,0,0,0,0,0,0,0,0,0,0,0,1,0,0,0,0,0,0,1,0,1,1,0,1,1,1,1,0,1,0,0,0,0,0,,0,0,0,0,0,0,0,0,0,0,0,0,0,0,0,0,,,,,,56-60,56-65,City street,U,Tuesday,,BUS,Not Fatal,0,1,1,0,City Street,Municipal/City Police,Longview Police Department,0,0,0,1,0,,,,,,0,0,0,,,,,,,,,,,98,98,98,0,,,,,20,,,,,,,,,1,0,,,,,,
2021,59,635419,1,02-25-2021,12:20,25,2,Feb,,77,Yakima,0,1,,1,1,2,1,0,4,3,,,,12,0,2,Front-to-Front,58.9,2,0,3,T Intersection,3,1,1,2,0,3,0,0,US-97,ROCKY FORD RD,-120.3205306,46.3387,98948,0,3,69,Initial Opposite Direction(Going Straight),62,4,60,66,1,0,1,2,12,1,1,2,1,1,Going Straight,2,3,53,,0,48,45,2018,0,,12,,,,,,1,1,81,1,0,,0,0,3,0,11,0,,,,,0,0,0,3,1,0,,,,96,,,,,,98,,,,,,97048,41,71,185,6,1,0,0,0,0,,0,,,,,,0,,,8,0,0,0,8,9,8,,,0,,,8,8,0,0,,,0,,,0,0,996,,,,,,,,,,,,,,,,,,,,,,,,,,,,,,0,0,0,0,0,0,0,0,0,0,0,0,1,0,0,0,0,0,0,1,0,1,1,0,1,1,1,1,0,1,0,0,0,0,0,,0,0,0,0,0,0,0,0,0,0,0,0,0,0,0,0,,,,,,81+,76+,City street,U,Tuesday,Belt Used,PV,Not Fatal,0,1,1,0,City Street,Municipal/City Police,Longview Police Department,0,0,0,1,0,,,,,,0,0,0,,,,,,,,,,,98,98,98,0,,,,,20,,,,,,,,,1,0,,,,,,
2021,59,635418,1,02-25-2021,12:20,25,2,Feb,,77,Yakima,0,1,,1,1,2,1,0,4,3,,,,12,0,2,Front-to-Front,58.9,2,0,3,T Intersection,3,1,1,2,0,3,0,0,US-97,ROCKY FORD RD,-120.3205306,46.3387,98948,0,2,98,Others,98,7,60,6,0,0,1,2,12,1,1,2,1,1,Going Straight,1,1,53,,0,37,32,2008,0,,68,12,12,,,,1,1,19,2,7,,4,7,20,7,11,0,10/26/2021,14:56,1.19E+11,55591,0,0,3,3,1,0,,,,96,,,,,,9,,,,,,98632,53,71,160,6,2,0,2,1,0,,0,,,,,,4,12-15-2020,12-15-2020,8,2,9,0,0,9,8,,,0,,,1,8,,,,,,,,2,1,997,,,,,,,,,,,,,,,,,,,,,,,,,,,,,,0,0,0,0,0,0,0,0,0,0,0,0,1,0,0,0,0,0,0,1,0,1,1,0,1,1,1,1,0,1,0,0,0,1,0,,1,0,0,0,0,0,0,0,0,1,0,0,0,0,0,0,,,,,,18-20,16-25,City street,U,Tuesday,Not Used,PV,White,0,1,1,0,City Street,Municipal/City Police,Longview Police Department,0,0,0,1,0,,,,,,0,0,0,,,,,,,,,,,98,98,98,1,,,,,20,,,,,,,,,1,0,,,,,,
2021,59,635417,1,02-25-2021,12:20,25,2,Feb,,77,Yakima,0,1,,1,1,2,1,0,4,3,,,,12,0,2,Front-to-Front,58.9,2,0,3,T Intersection,3,1,1,2,0,3,0,0,US-97,ROCKY FORD RD,-120.3205306,46.3387,98948,0,1,68,Initial Opposite Direction(Left/Right),15,2,60,4,0,0,1,2,12,1,1,2,1,11,Turning Red: Permitted on red,1,2,53,,0,35,401,1997,0,,71,14,,,,,1,1,30,1,1,,4,0,99,7,11,5,10/23/2021,01:43,53056974,56974,0,0,0,0,1,0,,,,96,,,,,,9,,,,,,99999,98,,999,0,0,99,99,99,99,,0,,,,,,0,,,8,0,0,0,0,9,8,,,0,,,8,1,2,401,417,,1,1,,2,1,0.169,,,,,,,,,,,,,,,,,,,,,,,,,,,,,,0,0,0,1,1,1,1,1,0,0,0,0,0,1,0,0,0,0,0,0,0,0,0,0,0,0,0,0,0,1,0,0,0,0,0,,1,0,0,0,0,1,1,1,0,0,0,1,0,0,0,1,,,,,,26-30,26-35,County road,R,Friday,Unknown,PV,Hispanic,1,0,0,0,County Road,County Sheriff,Grant County Sheriff's Office,0,0,1,0,0,,,,,,99,99,99,,,,,,,,,,,0,0,0,298,,,,,20,,,,,,,,,1,0,,,1ST AV *SCHAWANA*,0,D ST *SCHAWANA*,0.07
2020,59,634668,25,03-08-2020,20:15,8,3,March,,33,King,0,1,,3,1,2,1,1,1,1,,,,8,0,0,No vehicle,3.1,3,0,3,T Intersection,4,2,2,4,0,0,0,0,CR-16th Ave SW,SW 110TH ST,-122.355125,47.50494722,98146,0,1,13,Pedestrian/Animal,80,5,35,4,0,0,1,5,8,1,1,5,5,1,Going Straight,1,1,53,,0,12,880,2019,0,,12,,,,,,1,1,34,1,0,,3,0,3,0,11,5,,,,,0,0,0,3,1,0,,,,96,,,,,,98,,,,,,98375,53,66,210,6,1,0,0,0,1,,0,,,,,,0,04-15-2017,04-15-2017,1,0,0,0,8,9,8,,,0,,,8,8,8,95,,,96,,,8,95,995,,,,,,,,,,,,,,,,,,,,,,,,,,,,,,0,0,0,0,0,0,1,1,1,0,0,0,1,0,0,0,0,0,0,0,0,0,0,0,0,0,0,0,0,1,1,0,0,0,0,,0,0,0,0,0,0,0,0,0,0,0,0,0,0,0,0,,,,,,31-35,26-35,County road,U,Monday,,MHTRUCK,Not Fatal,0,1,1,0,County Road,County Sheriff,Law Enforcement Support Agency,0,0,1,0,0,,,,,,0,0,0,,,,,,,,,,,98,98,98,0,,,,,20,,,,,,,,,1,0,,,240 ST E,0.29,NULL,
2019,59,633905,3,03-04-2019,16:36,4,3,March,,53,Pierce,0,1,0,1,1,2,1,0,3,2,,,,12,0,2,Front-to-Front,19.3,1,0,1,No intersection,4,2,1,3,0,0,0,0,SR-165,,-122.0548778,47.13677222,19321,0,2,51,Lateral Move(Going Straight),62,4,50,34,0,0,1,2,12,3,1,2,1,14,Making a U turn,2,1,53,,0,59,35,2002,0,,68,12,,,,,1,1,27,1,7,,4,7,99,7,11,0,10/25/2021,16:40,53055108,55108,0,0,0,3,1,28,,,,96,,,,,,98,,,,,,98338,53,76,280,6,1,0,1,0,1,,0,,,,,,3,05-15-2017,02-15-2021,8,0,0,0,0,9,8,,,0,,,8,8,2,996,695,605,1,1,1,2,1,0,,,,,,,,,,,,,,,,,,,,,,,,,,,,,,0,0,0,0,0,0,1,1,1,0,0,0,1,0,0,0,0,0,0,0,0,0,0,0,0,0,0,0,0,1,1,0,0,0,0,,1,0,0,0,0,0,1,1,0,1,0,0,0,0,1,0,,,,,,26-30,26-35,County road,U,Monday,Unknown,PV,Multiracial,0,1,1,0,County Road,County Sheriff,Law Enforcement Support Agency,0,0,1,0,0,thc,50,,,,0,0,0,,,,,,,,,,,98,98,98,278,201,207,,,20,,,,,,,,nms,1,0,,,240 ST E,0.29,NULL,
2019,59,633904,3,03-04-2019,16:36,4,3,March,,53,Pierce,0,1,0,1,1,2,1,0,3,2,,,,12,0,2,Front-to-Front,19.3,1,0,1,No intersection,4,2,1,3,0,0,0,0,SR-165,,-122.0548778,47.13677222,19321,0,1,50,Lateral Move(Left/Right),6,1,50,80,0,0,1,2,12,2,1,2,1,14,Making a U turn,1,1,53,,0,52,47,2004,0,,8,,,,,,1,1,64,8,0,,0,0,3,0,11,0,,,,,0,0,0,3,1,0,,,,93,,,,,,98,,,,,,98345,53,66,190,6,1,0,1,1,1,,0,,,,,,0,12-15-2017,07-15-2019,20,0,0,0,8,9,2,,,0,,,8,8,8,95,,,96,,,8,95,995,,,,,,,,,,,,,,,,,,,,,,,,,,,,,,0,0,0,1,0,0,0,0,0,0,0,0,0,0,0,0,1,0,0,0,0,0,0,0,0,0,0,0,0,1,0,1,0,0,0,,0,0,0,0,0,0,0,0,1,0,0,0,0,0,0,0,,,,,,61-65,56-65,County road,R,Sunday,Belt Used,PV,Not Fatal,1,0,0,0,County Road,County Sheriff,Kitsap County Sheriff's Office,0,0,1,0,0,,,,,,0,0,0,,,,,,,,,,,98,98,98,0,,,,,20,,,,,,,,,1,0,,,GRANDVIEW BLVD (NE),0.038,NULL,
2017,59,632399,8,02-16-2017,16:51,16,2,Feb,0,9,Clallam,0,5,0,1,2,2,1,1,4,1,16:58,17:12,,8,0,0,No vehicle,234.7,1,0,1,No intersection,3,1,1,2,0,0,0,0,US-101,,-123.6625778,48.07295556,,0,1,13,Pedestrian/Animal,80,5,60,6,0,0,1,2,8,1,1,2,1,1,Going Straight,4,2,53,,0,12,481,2001,0,,8,,,,,,1,1,53,1,0,,0,0,3,0,11,0,,,,,0,0,0,3,1,0,,,,92,,,,,,98,,,,,,98178,53,69,195,6,1,0,0,0,0,,0,,,,,,0,,,20,0,0,0,8,9,8,,,0,,,8,8,8,95,,,96,,,8,95,995,,,,,,,,,,,,,,,,,,,,,,,,,,,,,,0,0,0,0,0,0,0,0,0,1,0,1,0,0,0,0,1,0,0,0,0,0,0,0,0,0,0,0,0,1,0,1,0,0,0,,0,0,0,0,0,0,0,0,1,0,0,0,0,0,0,0,,,,,,51-55,46-55,State route,U,Monday,Belt Used,PV,Not Fatal,0,0,0,0,State Route,Municipal/City Police,Tacoma Police Department,0,1,0,0,0,,,,,,0,0,0,,,,,,,,,,,98,98,98,0,,,,,20,,,,,,,,,1,0,,,,,,
2018,59,3660706,344,02-27-2018,20:34,27,2,Feb,0,77,Yakima,0,98,0,8,98,8,1,1,1,1,,,,8,1,0,No vehicle,5.9,1,0,1,No intersection,5,1,2,4,0,3,0,0,CR-FORT RD,,-120.4524333,46.37545,98948,0,1,13,Pedestrian/Animal,11,2,98,99,9,0,1,5,8,8,8,2,1,1,Going Straight,99,9,99,,0,35,402,2000,0,,12,1,,,,,1,1,51,1,4,,4,7,20,7,11,0,10/20/2021,07:20,53056135,56135,0,0,0,3,1,0,,,,96,,,,,,98,,,,,,98520,53,65,170,6,1,0,1,0,0,,0,,,,,,0,05-15-2020,05-15-2020,20,1,9,0,0,9,8,,,0,,,8,8,2,1,,,1,,,2,1,0,,,,,,,,,,,,,,,,,,,,,,,,,,,,,,0,0,0,0,0,0,0,0,0,0,0,0,0,0,0,0,0,0,0,1,0,1,1,0,1,0,0,0,0,1,1,0,0,1,0,,1,0,0,0,0,0,0,0,0,0,0,0,0,0,0,0,,,,,,51-55,46-55,US highway,R,Wednesday,Not Used,PV,Hispanic,0,1,1,0,State Route,State Patrol,Washington State Patrol,0,1,0,0,0,,,,,,0,0,0,,,,,,,,,,,98,98,98,298,,,,,20,,,,,,,,,1,0,,,,,,
2019,60,633907,290,02-15-2019,10:47,15,2,Feb,,53,Pierce,2230,2,0,1,2,2,1,0,3,3,,,,12,0,1,Front-to-Rear,0.6,1,0,1,No intersection,3,2,1,3,0,3,0,0,SR-167,,-122.3958806,47.23703889,98421,0,2,29,Others,53,3,35,66,1,0,1,5,12,1,1,4,1,2,Others,1,3,18,,0,85,881,2022,0,,68,12,,,,,1,1,19,1,0,,2,0,3,0,11,0,,,,,6,1,1,3,1,28,,,,96,,,,,,98,,,,,,98331,53,76,280,6,1,0,0,0,0,,0,,,,,,0,,,20,0,0,0,8,9,2,,,0,,,8,8,0,0,,,0,,,0,0,996,,,,,,,,,,,,,,,,,,,,,,,,,,,,,,0,0,0,0,0,0,0,0,0,0,0,0,0,0,0,0,0,0,0,1,0,1,1,0,1,0,0,0,0,1,1,0,0,0,0,,0,0,0,0,0,0,0,0,0,0,0,0,0,0,0,0,,,,,,18-20,16-25,US highway,R,Wednesday,,MHTRUCK,Not Fatal,0,1,1,0,State Route,State Patrol,Washington State Patrol,0,1,0,0,0,,,,,,0,0,0,,,,,,,,,,,98,98,98,0,,,,,20,,,,,,,,,1,0,,,,,,
2021,60,635437,42,03-08-2021,12:26,8,3,March,,67,Thurston,0,10,,1,1,2,1,0,1,1,,,,5,0,0,No vehicle,4.8,1,0,1,No intersection,3,2,2,4,0,0,0,0,CR-PACIFIC AVE SE,,-122.7722389,47.039475,98503,0,1,0,Others,13,2,45,80,0,0,1,5,31,3,1,2,1,14,Making a U turn,1,1,53,,0,37,402,2013,0,,12,,,,,,1,1,35,1,0,,2,0,3,0,11,0,,,,,0,0,0,3,1,0,,,,96,,,,,,98,,,,,,98579,53,67,165,6,1,0,0,0,1,,0,,,,,,0,02-15-2019,02-15-2019,1,0,0,0,8,9,8,,,0,,,8,8,8,95,,,96,,,8,95,995,,,,,,,,,,,,,,,,,,,,,,,,,,,,,,0,0,0,1,0,0,0,0,0,0,0,0,0,0,0,0,0,0,0,0,1,0,1,0,1,0,0,0,0,1,0,0,0,0,0,,0,0,0,0,0,0,0,0,0,0,0,0,0,0,0,0,,,,,,31-35,26-35,US highway,U,Monday,Belt Used,PV,Not Fatal,1,0,0,0,State Route,State Patrol,Washington State Patrol,0,1,0,0,0,,,,,,0,0,0,,,,,,,,,,,98,98,98,0,,,,,20,,,,,,,,,1,0,,,,,,
2020,60,634670,305,03-07-2020,15:46,7,3,March,,11,Clark,2370,2,,1,2,2,1,0,2,2,15:47,15:55,,12,0,6,Angle,0,3,0,6,Roundabout,5,2,4,6,0,0,0,0,NE 49TH ST,NE 137th Ave,-122.5319417,45.65713889,98682,0,2,66,Specific Other,62,4,35,15,0,0,1,5,12,2,1,2,2,14,Making a U turn,1,1,53,,0,49,32,1996,0,,12,68,12,,,,1,1,42,2,7,,4,0,3,0,11,5,10/18/2021,21:26,1.59E+11,56392,0,0,0,3,1,0,,,,96,,,,,,98,,,,,,98579,53,62,200,6,1,0,0,0,0,,0,,,,,,0,,,20,0,0,0,0,9,8,,,0,,,8,8,8,95,,,96,,,8,95,995,,,,,,,,,,,,,,,,,,,,,,,,,,,,,,0,0,0,1,0,0,0,0,0,0,0,0,0,0,0,0,0,0,0,0,1,0,1,0,1,0,0,0,0,1,0,0,0,0,0,,1,0,0,0,0,0,0,0,0,0,0,0,0,0,0,0,,,,,,41-45,36-45,US highway,U,Monday,Belt Used,PV,White,1,0,0,0,State Route,State Patrol,Washington State Patrol,0,1,0,0,0,,,,,,0,0,0,,,,,,,,,,,0,0,0,1,,,,,20,,,,,,,,,1,0,,,,,,
2020,60,634669,305,03-07-2020,15:46,7,3,March,,11,Clark,2370,2,,1,2,2,1,0,2,2,15:47,15:55,,12,0,6,Angle,0,3,0,6,Roundabout,5,2,4,6,0,0,0,0,NE 49TH ST,NE 137th Ave,-122.5319417,45.65713889,98682,0,1,66,Specific Other,8,1,98,4,0,0,1,5,12,3,1,2,2,14,Making a U turn,1,1,53,,0,20,22,2008,0,,12,,,,,,1,1,16,2,0,,0,0,3,0,11,0,,,,,0,0,1,3,1,0,,,,96,,,,,,98,,,,,,98579,53,66,135,6,2,0,0,0,0,,97,,,,,,0,,,1,0,0,0,8,9,8,,,0,,,8,8,8,95,,,96,,,8,95,995,,,,,,,,,,,,,,,,,,,,,,,,,,,,,,0,0,0,1,0,0,0,0,0,0,0,0,0,0,0,0,0,0,0,0,1,0,1,0,1,0,0,0,0,1,0,0,0,0,0,,0,0,0,0,0,0,0,0,0,0,0,0,0,0,0,0,,,,,,16-17,16-25,US highway,U,Monday,Belt Used,PV,Not Fatal,1,0,0,0,State Route,State Patrol,Washington State Patrol,0,1,0,0,0,,,,,,0,0,0,,,,,,,,,,,98,98,98,0,,,,,20,,,,,,,,,1,0,,,,,,
2019,60,633906,290,02-15-2019,10:47,15,2,Feb,,53,Pierce,2230,2,0,1,2,2,1,0,3,3,,,,12,0,1,Front-to-Rear,0.6,1,0,1,No intersection,3,2,1,3,0,3,0,0,SR-167,,-122.3958806,47.23703889,98421,0,1,28,Others,52,3,35,4,0,0,1,7,12,1,1,4,1,1,Going Straight,1,1,53,,0,99,999,9999,0,,8,,,,,,1,1,999,9,0,,9,0,99,7,11,0,,,,,99,9,9,9,1,0,,,,96,,,,,,98,,,,,,99999,99,,999,9,9,99,99,99,99,,97,,,,,,0,,,99,0,0,0,8,9,8,,,0,,,8,8,9,999,,,99,,,9,99,999,,,,,,,,,,,,,,,,,,,,,,,,,,,,,,0,0,0,1,0,0,0,0,0,0,0,0,0,0,0,0,0,0,0,0,0,0,0,0,0,0,0,0,0,1,0,1,0,0,0,,0,0,0,0,0,0,0,0,0,0,0,0,0,0,0,0,,,,,,,,City street,U,Wednesday,Unknown,PV,Not Fatal,1,0,0,0,City Street,Municipal/City Police,Federal Way Dept of Public Safety,0,0,0,1,0,,,,,,99,99,99,,,,,,,,,,,98,98,98,0,,,,,20,,,,,,,,,1,0,,,,,,