year,something,Cases,repjur,crash_dt,crash_tm,accday,Month,Month,holiday,county,co_char,city,weather,weather2,lightcond,surfcond,surftype,Number of Fatalities,nmforms,pforms,vforms,not_tm,arr_tm,hosp_tm,fhevent,hitrun,Manner of Collision,Manner of Collision,milepnt,reljunc,reljuncinter,intersectiontype,Intersection Type,funcsystem,landuse,ownership,route,schlbus,spejur,contdev,devfunc,trafid1,trafid2,x,y,zipcode,wk_zone,vnumber,crashtype,Crash Type,criticalevent,criticaleventcat,spdlim,body,trailer,emerg,hazcargo,leave,mhevent,roadalgn,roadprof,traflane,trafflow,Vehicle Manure,Vehicle Manure,numoccs,regowner,regstate,,spuse,make,model,modelyr,vrf1,vrf2,seqevent1,seqevent2,seqevent3,seqevent4,seqevent5,seqevent6,pnumber,ptype,age,sex,hispanic,race,injury,diedscene,restraint,restraintmisuse,seatpos,takehosp,death_dt,death_tm,cert,cernum_wa,commlic,licendor,licrestrict,liccomp,drivpres,drf1,drf2,drf3,drf4,distract1,distract2,distract3,distract4,distract5,distract6,dricond1,dricond2,dricond3,dricond4,dricond5,dricond6,dzip,licstate,drhgt_in,weight,noncdl,noncdltype,prevdwi,prevoth,prevacc,prevspd,prevsus,driviol1,driviol2,driviol3,driviol4,driviol5,driviol6,spdrel,first_dt,last_dt,airbag,ejection,ejectpath,extricat,injurwrk,methalc,methdrug,nmlocat,strikveh,prf1,prf2,prf3,druginv,alcinvol,drugsts,drugres1,drugres2,drugres3,drugtst1,drugtst2,drugtst3,alcsts,alctst,alcres,nmact1,nmact2,nmact3,nmact4,nmact5,nmact6,nmprior1,nmprior2,nmprior3,nmprior4,nmprior5,nmprior6,nmcond1,nmcond2,nmcond3,nmcond4,nmcond5,nmcond6,nmsafe_helmet,nmsafe_pads,nmsafe_oth,nmprev_ref,nmprev_lgt,nmprev_oth,crashlocation,nmcrashtype,crosswalk,schoolzone,sidewalk,train_inv,wildlife_inv,rotr_fars,intersect_fars,Drink and Drive,aid_inv,Drug Positive Drivers,Impaired Drivers,Marijuana Positive,impnm_inv,ainm_inv,dpnm_inv,speed_inv,unlic_inv,unendmc_inv,drowsy_inv,drdist_inv,nmdist_inv,fty_inv,unrestfat_inv,dr1617_inv,dr1820_inv,dr1620_inv,dr2125_inv,dr1625_inv,dr65_inv,dr70_inv,dr75_inv,mc_inv,pv_inv,ht_inv,ped_inv,bike_inv,unrest_fat,mc_fat,unhelmet_mc,pv_fat,ht_fat,ped_fat,bike_fat,dr_alc7,dr_alc8,dr_drug,dr_imp,dr_dist,dr_spd,dr_fty,dr_unlic,dr_alc7only,dr_alc8only,dr_drugonly,dr_drink,nm_imp,nm_alc7,nm_alc8,nm_drug,nm_dist,agegrp1,agegrp2,roadclass,urbrur,dayweek,restuse,vehtype,race_me,intersect,lanedep,oppdir,wrongway,rep_typ,investag,repag_long,rotr,st_rd,cty_rd,city_rd,oth_rd,drug_thc,thc_res,drug_cthc,cthc_res,drug_cann,prevpersemin,prevperse,prevsusoth,drugtst4,drugtst5,drugtst6,drugtst7,drugtst8,drugres4,drugres5,drugres6,drugres7,drugres8,adspresent,adsengaged,adslevel,race1,race2,race3,race4,race5,helmet,helmetmisuse,nmdistract1,nmdistract2,nmdistract3,nmdistract4,nmdistract5,nmdistract6,lab,isedtcase,crf1,crf2,crf3,CoRoadName,CoMP,IntCoRoadName,IntCoMP
2018,60,633151,55,03-02-2018,04:44,2,3,March,0,33,King,100,2,0,3,2,2,1,0,1,1,,,,30,0,0,No vehicle,4.1,3,0,3,T Intersection,3,2,1,3,0,0,3,3,SR-164,ACADEMY DR,-122.1550583,47.27499444,98092,0,1,2,Control/Traction Loss,9,1,40,14,0,0,1,2,30,1,1,3,1,1,Going Straight,1,1,53,,0,73,705,2021,0,,63,30,,,,,1,1,43,1,7,,4,7,20,7,11,0,10/19/2021,16:59,53053008,53008,6,0,0,3,1,0,,,,96,,,,,,98,,,,,,99223,53,69,175,6,1,0,0,0,1,,0,,,,,,4,04-15-2018,04-15-2018,20,8,0,0,0,9,8,,,0,,,8,8,0,0,,,0,,,0,0,996,,,,,,,,,,,,,,,,,,,,,,,,,,,,,,0,0,1,1,0,0,0,0,0,0,0,0,1,0,0,0,0,0,0,0,0,0,0,0,0,0,0,0,1,0,0,0,0,0,1,0,0,0,0,0,0,0,0,0,0,1,0,0,0,0,0,0,,,,,,41-45,36-45,County road,U,Tuesday,,MC,Black,0,1,0,0,County Road,County Sheriff,Spokane County Sheriff's Office,1,0,1,0,0,,,,,,0,0,0,,,,,,,,,,,98,98,98,2,,,,,5,,,,,,,,,1,0,,,UPRIVER DR,1.47,MARGUERITE RD,0.33
2017,60,632406,2,02-16-2017,10:14,16,2,Feb,0,61,Snohomish,0,1,0,1,1,2,1,0,2,2,10:14,10:22,10:39,12,0,1,Front-to-Rear,196.4,1,0,1,No intersection,1,2,1,1,0,0,0,0,I-5,,-122.1744472,48.01188056,98201,0,2,25,Others,61,4,60,66,1,0,1,5,12,1,1,3,3,1,Going Straight,1,1,53,,0,12,24,2011,0,,54,,,,,,1,1,42,2,0,,1,0,3,0,11,0,,,,,0,0,0,3,1,0,,,,96,,,,,,98,,,,,,98947,53,63,275,6,1,0,0,0,1,,0,,,,,,0,02-15-2017,02-15-2017,1,0,0,0,8,9,8,,,0,,,8,8,0,0,,,0,,,0,0,996,,,,,,,,,,,,,,,,,,,,,,,,,,,,,,0,0,0,1,0,0,0,0,0,0,0,0,0,0,0,0,0,0,1,0,0,0,0,1,1,0,0,0,0,1,0,0,0,0,0,,0,0,0,0,0,0,0,0,0,0,0,0,0,0,0,0,,,,,,41-45,36-45,US highway,U,Friday,Belt Used,PV,Not Fatal,1,0,0,0,State Route,State Patrol,Washington State Patrol,0,1,0,0,0,,,,,,0,0,0,,,,,,,,,,,98,98,98,0,,,,,20,,,,,,,,,1,14,,,,,,
2017,60,632405,2,02-16-2017,10:14,16,2,Feb,0,61,Snohomish,0,1,0,1,1,2,1,0,2,2,10:14,10:22,10:39,12,0,1,Front-to-Rear,196.4,1,0,1,No intersection,1,2,1,1,0,0,0,0,I-5,,-122.1744472,48.01188056,98201,0,1,24,Others,11,2,60,4,0,0,1,2,12,1,1,3,3,15,Others,1,2,53,,0,49,40,2010,0,,12,64,1,59,57,54,1,1,22,1,0,,2,0,3,0,11,5,,,,,0,0,0,3,1,0,,,,96,,,,,,98,,,,,,98903,53,64,164,6,1,0,0,0,0,,0,,,,,,0,,,8,0,0,0,8,9,8,,,0,,,8,8,0,0,,,0,,,0,0,996,,,,,,,,,,,,,,,,,,,,,,,,,,,,,,0,0,0,1,0,0,0,0,0,0,0,0,0,0,0,0,0,0,1,0,0,0,0,1,1,0,0,0,0,1,0,0,0,0,0,,0,0,0,0,0,0,0,0,0,0,0,0,0,0,0,0,,,,,,21-25,16-25,US highway,U,Friday,Belt Used,PV,Not Fatal,1,0,0,0,State Route,State Patrol,Washington State Patrol,0,1,0,0,0,,,,,,0,0,0,,,,,,,,,,,98,98,98,0,,,,,20,,,,,,,,,1,14,,,,,,
2019,60,633908,290,02-15-2019,10:47,15,2,Feb,,53,Pierce,2230,2,0,1,2,2,1,0,3,3,,,,12,1,1,Front-to-Rear,0.6,1,0,1,No intersection,3,2,1,3,0,3,0,0,SR-167,,-122.3958806,47.23703889,98421,0,3,98,Others,60,4,35,66,0,0,1,5,12,1,1,4,1,1,Going Straight,99,9,99,,0,7,482,2003,0,,12,,,,,,1,1,59,1,0,,1,0,3,0,11,0,,,,,6,0,0,3,1,38,,,,96,,,,,,98,,,,,,98937,53,70,190,6,1,0,0,0,0,,2,,,,,,0,,,20,0,0,0,8,9,8,,,0,,,8,8,0,0,,,0,,,0,0,996,,,,,,,,,,,,,,,,,,,,,,,,,,,,,,0,0,0,1,0,0,0,0,0,0,0,0,0,0,0,0,0,0,1,0,0,0,0,1,1,0,0,0,0,1,0,0,0,0,0,,0,0,0,0,0,0,0,0,0,0,1,0,0,0,0,0,,,,,,56-60,56-65,US highway,U,Friday,Belt Used,PV,Not Fatal,1,0,0,0,State Route,State Patrol,Washington State Patrol,0,1,0,0,0,,,,,,0,0,0,,,,,,,,,,,98,98,98,0,,,,,20,,,,,,,,,1,14,,,,,,
2020,61,634671,305,03-12-2020,05:19,12,3,March,,11,Clark,2370,1,,3,1,2,1,1,1,1,05:20,05:28,05:45,8,0,0,No vehicle,0,1,0,1,No intersection,3,2,4,6,0,0,0,0,NE ANDRESEN RD,,-122.6021806,45.65893056,98661,0,1,13,Pedestrian/Animal,80,5,40,4,0,0,1,2,8,1,3,2,2,1,Going Straight,1,1,41,,0,20,481,1995,0,,63,1,38,,,,1,1,53,1,7,,4,7,20,7,11,0,10/15/2021,07:06,53053542,53542,0,0,3,3,1,0,,,,96,,,,,,98,,,,,,99301,53,70,230,6,1,0,1,0,2,,0,,,,,,4,04-15-2017,07-15-2020,20,1,9,0,0,9,8,,,0,,,8,8,2,1,,,1,,,2,1,0.219,,,,,,,,,,,,,,,,,,,,,,,,,,,,,,0,0,0,0,1,1,0,1,0,0,0,0,1,0,0,0,0,0,0,1,0,0,0,0,0,0,0,0,0,1,0,0,0,1,0,,1,0,0,0,0,1,0,1,0,1,0,0,0,1,0,1,,,,,,51-55,46-55,State route,R,Friday,Not Used,PV,White,0,1,0,0,State Route,State Patrol,Washington State Patrol,1,1,0,0,0,,,,,,0,0,1,,,,,,,,,,,0,0,0,1,,,,,20,,,,,,,,,1,0,,,,,,
2021,61,635438,8,03-10-2021,18:40,10,3,March,,9,Clallam,0,1,,5,1,2,1,1,1,1,,,,8,0,0,No vehicle,252.7,1,0,1,No intersection,3,2,1,2,0,0,0,0,US-101,,-123.3374167,48.100825,98362,0,1,13,Pedestrian/Animal,80,5,45,5,0,0,1,2,8,1,1,2,3,1,Going Straight,1,1,53,,0,7,482,2009,0,,68,64,42,2,,,1,1,37,1,7,,4,7,99,7,11,0,09/19/2021,20:11,53046521,46521,6,0,3,3,1,0,,,,92,,,,,,98,,,,,,98577,53,70,250,6,1,0,0,0,0,,0,,,,,,3,,,99,2,9,0,0,9,8,,,0,,,8,8,2,1,,,1,,,2,1,0.167,,,,,,,,,,,,,,,,,,,,,,,,,,,,,,0,0,1,0,1,1,0,1,0,0,0,0,1,0,0,0,1,0,0,0,0,0,0,0,0,0,0,0,0,1,0,0,0,0,0,,1,0,0,0,0,1,0,1,1,1,0,0,0,1,0,1,,,,,,36-40,36-45,County road,R,Sunday,Unknown,PV,White,0,1,0,0,County Road,County Sheriff,Pacific County Sheriff's Office,1,0,1,0,0,,,,,,0,0,0,,,,,,,,,,,98,98,98,1,,,,,20,,,,,,,,,1,0,,,OLDANI RD,0.28,NULL,
2019,61,633909,35,03-01-2019,11:21,1,3,March,,53,Pierce,0,1,0,1,1,2,1,0,1,1,,,,42,0,0,No vehicle,11.4,1,0,1,No intersection,4,1,2,4,0,0,0,0,CR-8TH AVE S,,-122.4426806,46.96987222,98580,0,1,1,Driver Off Road,13,2,45,34,0,0,1,7,42,1,2,2,1,1,Going Straight,1,1,53,,0,49,40,2005,0,,64,25,69,12,,,1,1,24,1,7,,4,7,3,0,11,0,10-11-2021,01:39,1.96E+11,53542,0,0,0,3,1,0,,,,96,,,,,,9,,,,,,98087,53,63,95,6,1,0,1,2,1,,0,,,,,,4,06-15-2021,04-15-2021,1,0,0,0,0,9,8,,,0,,,8,1,2,401,300,348,1,1,1,2,1,0,,,,,,,,,,,,,,,,,,,,,,,,,,,,,,0,0,1,0,1,0,1,1,0,0,0,0,1,0,0,0,0,0,0,0,0,0,0,1,1,0,0,0,0,1,0,0,0,0,0,,1,0,0,0,0,0,1,1,0,1,0,0,0,0,1,1,,,,,,21-25,16-25,Interstate,U,Monday,Belt Used,PV,White,0,1,0,0,State Route,State Patrol,Washington State Patrol,1,1,0,0,0,,,,,,0,0,0,1,,,,,151,,,,,98,98,98,1,,,,,20,,,,,,,,,1,0,,,,,,
2018,61,633148,6,03-03-2018,12:10,3,3,March,0,37,Kittitas,0,1,0,1,1,2,1,0,2,1,,,,35,0,0,No vehicle,121.7,1,0,1,No intersection,1,1,1,1,0,0,0,0,I-90,,-120.2575722,46.95036944,,0,1,7,Control/Traction Loss,6,1,70,4,0,0,1,2,1,3,2,4,2,14,Making a U turn,2,1,53,,0,48,38,2009,0,,12,,,,,,1,1,35,2,0,,2,0,20,7,11,0,,,,,0,0,0,3,1,0,,,,96,,,,,,98,,,,,,98133,53,76,180,6,1,0,2,0,0,,0,,,,,,0,04-15-2019,09-15-2021,8,0,0,0,8,9,8,,,0,,,8,8,2,1,,,1,,,2,1,0.018,,,,,,,,,,,,,,,,,,,,,,,,,,,,,,0,0,1,0,1,0,1,1,0,0,0,0,1,0,0,0,0,0,0,0,0,0,0,1,1,0,0,0,0,1,0,0,0,0,0,,0,0,0,0,1,0,0,0,0,0,0,0,1,0,0,1,,,,,,31-35,26-35,Interstate,U,Monday,Not Used,PV,Not Fatal,0,1,0,0,State Route,State Patrol,Washington State Patrol,1,1,0,0,0,,,,,,0,0,0,,,,,,,,,,,98,98,98,0,,,,,20,,,,,,,,,1,0,,,,,,
2017,61,632409,7,02-17-2017,16:28,17,2,Feb,0,33,King,2310,1,0,5,1,2,1,1,1,1,,,,8,0,0,No vehicle,0.1,20,0,1,No intersection,1,2,1,1,0,0,98,3,I-5 RAMP Q115518,,-122.262475,47.46461667,98188,0,1,13,Pedestrian/Animal,80,5,60,15,0,0,1,5,8,1,1,2,6,1,Going Straight,1,1,53,,0,82,881,2017,0,,8,,,,,,1,1,22,1,0,,0,0,3,0,11,0,,,,,6,0,3,3,1,10,,,,0,,,,,,98,,,,,,60503,17,75,220,6,1,0,1,0,0,,0,,,,,,0,03-15-2020,03-15-2020,20,0,0,0,8,9,8,,,0,,,8,8,0,0,,,0,,,0,0,996,,,,,,,,,,,,,,,,,,,,,,,,,,,,,,0,0,0,0,0,0,0,0,0,1,0,1,0,0,0,0,0,0,0,0,0,0,0,1,1,0,0,0,0,0,1,1,0,0,0,,0,0,0,0,0,0,0,0,0,0,0,0,0,0,0,0,,,,,,21-25,16-25,Interstate,R,Sunday,,MHTRUCK,Not Fatal,0,0,0,0,State Route,State Patrol,Washington State Patrol,0,1,0,0,0,,,,,,0,0,0,,,,,,,,,,,98,98,98,0,,,,,20,,,,,,,,,1,0,,,,,,
2021,62,635439,21,03-09-2021,02:06,9,3,March,,25,Grant,0,1,,2,1,7,1,0,3,1,,,,1,0,0,No vehicle,27.8,1,0,1,No intersection,5,1,2,4,0,0,0,0,CR-DODSON RD N,,-119.5551833,47.27924722,98823,0,1,7,Control/Traction Loss,9,1,60,4,0,0,1,2,1,1,1,2,1,1,Going Straight,3,2,53,,0,51,401,2010,0,,63,24,69,1,,,1,1,45,1,7,,4,7,20,7,11,0,10-09-2021,16:21,53057832,57832,0,0,0,2,1,0,,,,96,,,,,,98,,,,,,98596,53,74,210,1,1,0,0,0,0,,0,,,,,,4,07-15-2017,07-15-2017,9,1,2,0,0,9,8,,,0,,,8,8,2,605,417,,1,1,,2,1,0.096,,,,,,,,,,,,,,,,,,,,,,,,,,,,,,0,0,1,0,1,1,1,1,1,0,0,0,1,1,0,0,0,0,0,1,0,0,0,0,0,0,0,0,0,1,0,0,0,1,0,,1,0,0,0,0,1,1,1,0,1,0,1,0,0,0,1,,,,,,41-45,36-45,County road,R,Saturday,Not Used,PV,White,0,1,0,0,County Road,County Sheriff,Lewis County Sheriff's Office,1,0,1,0,0,thc,3.7,,,,0,0,1,,,,,,,,,,,98,98,98,1,,,,,20,,,,,,,,nms,1,0,,,SUMMERS RD,0.1,NULL,
2020,62,634672,278,03-03-2020,00:11,3,3,March,,63,Spokane,2110,1,,3,1,2,1,0,1,1,00:13,00:17,,59,0,0,No vehicle,0,1,0,1,No intersection,3,2,4,6,0,0,0,0,N HAMILTON ST,,-117.3965222,47.67706667,99258,0,1,1,Driver Off Road,13,2,98,6,0,0,1,2,19,1,1,5,1,1,Going Straight,1,1,53,,0,37,733,1993,0,,12,1,,,,,1,1,86,2,7,,4,0,20,7,11,5,10-06-2021,17:19,2.22E+11,50492,0,0,0,1,1,38,51,,,96,,,,,,98,,,,,,98944,53,63,175,6,1,0,0,0,0,,0,,,,,,0,,,20,2,9,0,0,9,8,,,0,,,8,8,0,0,,,0,,,0,0,996,,,,,,,,,,,,,,,,,,,,,,,,,,,,,,0,0,0,0,0,0,0,0,0,0,0,0,0,0,0,0,0,0,1,0,0,0,0,0,0,1,1,1,0,0,1,0,0,0,0,,0,0,0,0,0,0,0,0,0,0,1,0,0,0,0,0,,,,,,81+,76+,County road,R,Wednesday,,OTHVT,White,0,0,0,0,County Road,County Sheriff,Yakima County Sheriff's Office,0,0,1,0,0,,,,,,0,0,0,,,,,,,,,,,0,0,0,1,,,,,17,,,,,,,,,1,0,,,BETHANY RD.,5.74,NULL,
2019,62,633910,7,02-18-2019,03:54,18,2,Feb,,33,King,1820,1,0,3,1,2,1,0,2,2,,,,12,0,2,Front-to-Front,11.6,1,0,1,No intersection,3,2,1,3,0,0,0,0,SR-520,,-122.1305361,47.66606111,98052,0,1,52,Others,54,3,98,14,0,0,1,2,12,2,2,5,3,14,Making a U turn,1,1,53,,0,82,881,1991,0,,63,69,12,1,,,1,1,64,1,0,,0,0,99,7,11,0,,,,,0,0,0,2,1,0,,,,96,,,,,,98,,,,,,98944,53,66,150,6,1,0,0,1,0,,0,,,,,,0,09-15-2018,09-15-2018,20,0,0,0,8,9,8,,,0,,,8,8,0,0,,,0,,,0,0,996,,,,,,,,,,,,,,,,,,,,,,,,,,,,,,0,0,0,0,0,0,0,0,0,0,0,0,0,0,0,0,0,0,1,0,0,0,0,0,0,1,1,1,0,0,1,0,0,0,0,,0,0,0,0,0,0,0,0,0,0,0,0,0,0,0,0,,,,,,61-65,56-65,County road,R,Wednesday,,MHTRUCK,Not Fatal,0,0,0,0,County Road,County Sheriff,Yakima County Sheriff's Office,0,0,1,0,0,,,,,,0,0,0,,,,,,,,,,,0,0,0,0,,,,,20,,,,,,,,,1,0,,,BETHANY RD.,5.74,NULL,
2018,62,633152,163,03-02-2018,14:28,2,3,March,0,33,King,1050,1,0,1,1,2,1,1,2,1,,,,8,0,0,No vehicle,0,3,0,2,4 Way,4,2,4,6,0,0,20,3,NE 68TH ST,112TH AVE NE,-122.1909722,47.66663333,98033,0,1,13,Pedestrian/Animal,80,5,30,14,0,0,1,7,8,4,2,2,1,11,Turning Red: Permitted on red,2,1,53,,0,7,24,2007,0,,63,33,42,,,,1,1,24,1,0,,1,0,1,0,11,5,,,,,0,0,0,2,1,48,,,,96,,,,,,9,,,,,,98225,53,65,150,1,1,1,3,0,3,,1,11,,,,,0,01-15-2017,10-15-2020,1,0,0,0,8,9,8,,,0,,,8,1,9,999,,,99,,,9,99,999,,,,,,,,,,,,,,,,,,,,,,,,,,,,,,0,0,1,1,1,0,0,0,0,0,0,0,0,1,0,0,0,0,0,0,0,0,0,1,1,0,0,0,0,1,0,0,0,0,0,,0,0,0,0,0,0,0,0,0,0,0,1,0,0,0,1,,,,,,21-25,16-25,City street,U,Tuesday,Belt Used,PV,Not Fatal,1,0,0,0,City Street,Municipal/City Police,Bellingham Police Department,0,0,0,1,0,,,,,,1,0,5,,,,,,,,,,,98,98,98,0,,,,,20,,,,,,,,,1,0,,,,,,
2017,62,632411,47,02-14-2017,16:56,14,2,Feb,0,27,Grays Harbor,10,1,0,1,1,2,1,0,1,1,,,,43,0,0,No vehicle,0.1,3,0,2,4 Way,4,2,1,3,0,0,3,3,SR-105 SPUR BOONE,W SCOTT ST,-123.8023694,46.96966944,98537,0,1,6,Drive off road,12,2,30,2,0,0,1,2,30,1,1,2,1,1,Going Straight,1,1,53,,0,55,33,2018,0,,63,12,,,,,1,1,40,2,0,,0,0,2,0,11,0,,,,,0,0,0,3,1,0,,,,96,,,,,,98,,,,,,98012,53,68,140,6,1,0,0,1,0,,0,,,,,,0,03-15-2018,03-15-2018,20,0,0,0,8,9,8,,,0,,,8,8,8,95,,,96,,,8,95,995,,,,,,,,,,,,,,,,,,,,,,,,,,,,,,0,0,0,0,0,0,0,0,0,0,0,0,0,0,0,0,0,0,0,0,0,0,0,0,0,0,0,0,0,1,0,0,0,0,0,,0,0,0,0,0,0,0,0,0,0,0,0,0,0,0,0,,,,,,36-40,36-45,City street,U,Friday,Belt Used,PV,Not Fatal,0,1,1,0,City Street,Municipal/City Police,Mill Creek Police Department,0,0,0,1,0,,,,,,0,0,0,,,,,,,,,,,98,98,98,0,,,,,20,,,,,,,,,1,0,,,,,,
2019,62,633911,7,02-18-2019,03:54,18,2,Feb,,33,King,1820,1,0,3,1,2,1,0,2,2,,,,12,0,2,Front-to-Front,11.6,1,0,1,No intersection,3,2,1,3,0,0,0,0,SR-520,,-122.1305361,47.66606111,98052,0,2,52,Others,54,3,60,63,0,0,1,7,12,3,2,5,3,14,Making a U turn,1,3,94,,0,49,472,2019,0,,68,64,12,64,38,1,1,1,60,1,7,,4,7,2,0,11,0,10/15/2021,16:45,1.34E+11,53268,0,0,3,3,1,0,,,,96,,,,,,98,,,,,,98208,53,69,190,6,1,0,1,3,0,,0,,,,,,0,12-15-2019,02-15-2020,1,0,0,0,0,9,8,,,0,,,8,8,2,1,,,1,,,2,1,0,,,,,,,,,,,,,,,,,,,,,,,,,,,,,,0,0,0,0,0,0,0,0,0,0,0,0,0,0,0,0,0,0,0,0,0,0,0,0,0,0,0,0,0,1,0,0,0,0,0,,1,0,0,0,0,0,0,0,0,0,0,0,0,0,0,0,,,,,,56-60,56-65,City street,U,Friday,Belt Used,PV,API,0,1,1,0,City Street,Municipal/City Police,Mill Creek Police Department,0,0,0,1,0,,,,,,0,0,0,,,,,,,,,,,98,98,98,28,,,,,20,,,,,,,,,1,0,,,,,,
2017,63,632402,40,02-15-2017,13:21,15,2,Feb,0,63,Spokane,2113,2,0,1,2,2,1,0,2,2,13:24,13:29,14:00,12,0,2,Front-to-Front,0,1,0,1,No intersection,3,2,4,6,0,0,0,0,E 32ND,,-117.2292806,47.62786667,99206,0,1,50,Lateral Move(Left/Right),10,2,35,2,0,0,1,2,12,1,1,2,1,1,Going Straight,1,2,16,,0,20,28,2015,0,,8,,,,,,1,1,28,2,0,,0,0,3,0,11,0,,,,,0,0,3,3,1,0,,,,96,,,,,,98,,,,,,98023,53,62,130,6,1,0,0,0,0,,0,,,,,,0,,,20,0,0,0,8,9,8,,,0,,,8,8,2,401,417,,1,1,,2,1,0,,,,,,,,,,,,,,,,,,,,,,,,,,,,,,0,0,0,0,0,0,1,1,0,0,0,0,0,0,0,0,0,0,0,0,0,0,0,0,0,0,0,0,0,1,0,1,0,0,0,,0,0,0,0,0,0,1,1,0,0,0,0,0,0,1,0,,,,,,26-30,26-35,State route,U,Friday,Belt Used,PV,Not Fatal,0,0,0,0,State Route,Municipal/City Police,Federal Way Dept of Public Safety,0,1,0,0,0,,,,,,0,0,0,,,,,,,,,,,98,98,98,0,,,,,20,,,,,,,,,1,0,,,,,,
2021,63,635440,4,03-11-2021,00:30,11,3,March,,43,Lincoln,0,1,,2,1,2,1,0,1,1,,,,1,0,0,No vehicle,40.6,1,0,1,No intersection,5,1,1,3,0,0,0,0,SR-174,,-118.7227389,47.77111389,,0,1,1,Driver Off Road,13,2,60,4,0,0,1,2,1,2,2,2,1,14,Making a U turn,1,2,53,,0,51,401,2020,0,,12,,,,,,1,1,55,2,0,,1,0,3,0,11,0,,,,,0,0,0,3,1,0,,,,96,,,,,,98,,,,,,98387,53,64,170,6,1,0,0,0,0,,0,,,,,,0,,,8,0,0,0,8,9,8,,,0,,,8,8,0,0,,,0,,,0,0,996,,,,,,,,,,,,,,,,,,,,,,,,,,,,,,0,0,0,1,1,1,0,1,0,0,0,0,0,0,0,0,0,0,0,1,0,0,0,0,0,0,0,0,0,1,0,0,0,0,0,,0,0,0,0,0,0,0,0,0,0,0,0,0,0,0,0,,,,,,51-55,46-55,State route,U,Monday,Belt Used,PV,Not Fatal,0,1,1,0,State Route,State Patrol,Washington State Patrol,0,1,0,0,0,,,,,,0,0,0,,,,,,,,,,,98,98,98,0,,,,,20,,,,,,,,,1,0,,,,,,
2020,63,634673,3,03-11-2020,18:57,11,3,March,,53,Pierce,2230,1,,1,1,2,2,0,3,1,,,,33,0,0,No vehicle,0,3,0,3,T Intersection,3,2,1,3,0,0,0,0,SR-509,S 32ND ST,-122.4340361,47.23216111,98418,0,1,6,Drive off road,12,2,35,4,0,0,1,2,1,1,2,4,1,1,Going Straight,3,2,53,,0,12,23,2017,0,,68,12,,,,,1,1,56,1,7,,4,0,20,7,11,5,10/25/2021,13:10,2.23E+11,54678,0,0,0,3,1,28,,,,96,,,,,,9,,,,,,98338,53,70,220,6,1,0,1,0,1,,0,,,,,,0,07-15-2019,09-15-2021,8,0,0,0,0,9,8,,,0,,,8,1,8,95,,,96,,,2,98,0.34,,,,,,,,,,,,,,,,,,,,,,,,,,,,,,0,0,0,1,1,1,0,1,0,0,0,0,0,0,0,0,0,0,0,1,0,0,0,0,0,0,0,0,0,1,0,0,0,1,0,,1,0,0,0,0,1,0,1,0,0,0,0,0,1,0,1,,,,,,56-60,56-65,State route,U,Monday,Not Used,PV,White,0,1,1,0,State Route,State Patrol,Washington State Patrol,0,1,0,0,0,,,,,,0,0,0,,,,,,,,,,,98,98,98,1,,,,,20,,,,,,,,,1,0,,,,,,
2019,63,633920,25,03-03-2019,21:12,3,3,March,,33,King,0,1,0,2,1,2,1,0,3,1,,,,23,0,0,No vehicle,3.7,1,0,1,No intersection,6,1,2,4,0,0,0,0,CR-W SNOQUALMIE RIVER R,,-121.9268194,47.59160278,98024,0,1,1,Driver Off Road,13,2,35,4,0,0,1,7,23,3,1,8,1,14,Making a U turn,3,1,53,,0,12,471,1994,0,,12,,,,,,1,1,78,1,7,,4,7,3,0,11,0,08/14/2021,08:08,2.23E+11,40426,0,0,0,3,1,0,,,,96,,,,,,98,,,,,,98404,53,65,110,6,1,0,0,0,0,,0,,,,,,0,,,20,0,0,0,0,9,8,,,0,,,8,8,2,996,,,1,,,2,1,0,,,,,,,,,,,,,,,,,,,,,,,,,,,,,,0,0,0,1,0,0,1,1,0,0,0,0,0,0,0,0,1,0,0,0,0,0,0,0,0,1,1,1,0,1,1,0,0,0,0,,1,0,0,0,0,0,1,1,0,0,0,0,0,0,1,0,,,,,,76-80,76+,State route,U,Saturday,Belt Used,PV,API,1,0,0,0,State Route,State Patrol,Washington State Patrol,0,1,0,0,0,,,,,,0,0,0,,,,,,,,,,,0,0,0,48,,,,,20,,,,,,,,,1,0,,,,,,
2018,63,633165,242,03-11-2018,14:55,11,3,March,0,53,Pierce,1770,1,0,1,1,2,1,0,3,3,,,,12,0,1,Front-to-Rear,0,3,0,2,4 Way,4,2,4,6,0,0,0,0,9TH ST SW,S HILL PARK DR,-122.3040833,47.16074167,98371,0,3,98,Others,53,3,35,4,0,0,1,5,12,1,2,5,1,5,Others,1,1,53,,0,82,881,2020,0,,12,,,,,,1,1,34,1,0,,0,0,3,0,11,0,,,,,6,1,0,3,1,39,,,,92,,,,,,98,,,,,,98391,53,69,257,6,1,0,0,0,0,,2,,,,,,0,,,20,0,0,0,8,9,2,,,0,,,8,8,2,1,,,1,,,2,1,0,,,,,,,,,,,,,,,,,,,,,,,,,,,,,,0,0,0,1,0,0,1,1,0,0,0,0,0,0,0,0,1,0,0,0,0,0,0,0,0,1,1,1,0,1,1,0,0,0,0,,0,0,0,0,0,0,0,0,1,0,0,0,0,0,0,0,,,,,,31-35,26-35,State route,U,Saturday,,MHTRUCK,Not Fatal,1,0,0,0,State Route,State Patrol,Washington State Patrol,0,1,0,0,0,,,,,,0,0,0,,,,,,,,,,,98,98,98,0,,,,,20,,,,,,,,,1,0,,,,,,