year,something,Cases,repjur,crash_dt,crash_tm,accday,Month,Month,holiday,county,co_char,city,weather,weather2,lightcond,surfcond,surftype,Number of Fatalities,nmforms,pforms,vforms,not_tm,arr_tm,hosp_tm,fhevent,hitrun,Manner of Collision,Manner of Collision,milepnt,reljunc,reljuncinter,intersectiontype,Intersection Type,funcsystem,landuse,ownership,route,schlbus,spejur,contdev,devfunc,trafid1,trafid2,x,y,zipcode,wk_zone,vnumber,crashtype,Crash Type,criticalevent,criticaleventcat,spdlim,body,trailer,emerg,hazcargo,leave,mhevent,roadalgn,roadprof,traflane,trafflow,Vehicle Manure,Vehicle Manure,numoccs,regowner,regstate,,spuse,make,model,modelyr,vrf1,vrf2,seqevent1,seqevent2,seqevent3,seqevent4,seqevent5,seqevent6,pnumber,ptype,age,sex,hispanic,race,injury,diedscene,restraint,restraintmisuse,seatpos,takehosp,death_dt,death_tm,cert,cernum_wa,commlic,licendor,licrestrict,liccomp,drivpres,drf1,drf2,drf3,drf4,distract1,distract2,distract3,distract4,distract5,distract6,dricond1,dricond2,dricond3,dricond4,dricond5,dricond6,dzip,licstate,drhgt_in,weight,noncdl,noncdltype,prevdwi,prevoth,prevacc,prevspd,prevsus,driviol1,driviol2,driviol3,driviol4,driviol5,driviol6,spdrel,first_dt,last_dt,airbag,ejection,ejectpath,extricat,injurwrk,methalc,methdrug,nmlocat,strikveh,prf1,prf2,prf3,druginv,alcinvol,drugsts,drugres1,drugres2,drugres3,drugtst1,drugtst2,drugtst3,alcsts,alctst,alcres,nmact1,nmact2,nmact3,nmact4,nmact5,nmact6,nmprior1,nmprior2,nmprior3,nmprior4,nmprior5,nmprior6,nmcond1,nmcond2,nmcond3,nmcond4,nmcond5,nmcond6,nmsafe_helmet,nmsafe_pads,nmsafe_oth,nmprev_ref,nmprev_lgt,nmprev_oth,crashlocation,nmcrashtype,crosswalk,schoolzone,sidewalk,train_inv,wildlife_inv,rotr_fars,intersect_fars,Drink and Drive,aid_inv,Drug Positive Drivers,Impaired Drivers,Marijuana Positive,impnm_inv,ainm_inv,dpnm_inv,speed_inv,unlic_inv,unendmc_inv,drowsy_inv,drdist_inv,nmdist_inv,fty_inv,unrestfat_inv,dr1617_inv,dr1820_inv,dr1620_inv,dr2125_inv,dr1625_inv,dr65_inv,dr70_inv,dr75_inv,mc_inv,pv_inv,ht_inv,ped_inv,bike_inv,unrest_fat,mc_fat,unhelmet_mc,pv_fat,ht_fat,ped_fat,bike_fat,dr_alc7,dr_alc8,dr_drug,dr_imp,dr_dist,dr_spd,dr_fty,dr_unlic,dr_alc7only,dr_alc8only,dr_drugonly,dr_drink,nm_imp,nm_alc7,nm_alc8,nm_drug,nm_dist,agegrp1,agegrp2,roadclass,urbrur,dayweek,restuse,vehtype,race_me,intersect,lanedep,oppdir,wrongway,rep_typ,investag,repag_long,rotr,st_rd,cty_rd,city_rd,oth_rd,drug_thc,thc_res,drug_cthc,cthc_res,drug_cann,prevpersemin,prevperse,prevsusoth,drugtst4,drugtst5,drugtst6,drugtst7,drugtst8,drugres4,drugres5,drugres6,drugres7,drugres8,adspresent,adsengaged,adslevel,race1,race2,race3,race4,race5,helmet,helmetmisuse,nmdistract1,nmdistract2,nmdistract3,nmdistract4,nmdistract5,nmdistract6,lab,isedtcase,crf1,crf2,crf3,CoRoadName,CoMP,IntCoRoadName,IntCoMP
2018,63,633164,242,03-11-2018,14:55,11,3,March,0,53,Pierce,1770,1,0,1,1,2,1,0,3,3,,,,12,0,1,Front-to-Rear,0,3,0,2,4 Way,4,2,4,6,0,0,0,0,9TH ST SW,S HILL PARK DR,-122.3040833,47.16074167,98371,0,2,21,Others,53,3,35,4,0,0,1,7,12,1,2,5,1,5,Others,1,1,53,,0,12,402,2003,0,,63,69,68,64,42,,1,1,39,1,7,,4,0,20,7,11,0,10/21/2021,08:21,1.96E+11,55422,0,0,0,3,1,0,,,,96,,,,,,9,,,,,,97383,41,68,185,6,1,0,0,0,0,,0,,,,,,0,10-15-2019,10-15-2019,1,0,0,0,0,9,8,,,0,,,8,1,8,95,,,96,,,2,1,997,,,,,,,,,,,,,,,,,,,,,,,,,,,,,,0,0,0,0,1,0,0,0,0,0,0,0,0,0,0,0,0,0,0,1,0,0,0,0,0,0,0,0,0,1,0,0,0,1,0,,1,0,0,0,0,0,0,0,0,0,0,0,0,0,0,1,,,,,,36-40,36-45,US highway,R,Thursday,Not Used,PV,White,0,1,0,0,State Route,State Patrol,Washington State Patrol,1,1,0,0,0,,,,,,0,0,1,,,,,,,,,,,98,98,98,1,,,,,20,,,,,,,,,1,0,,,,,,
2018,63,633163,242,03-11-2018,14:55,11,3,March,0,53,Pierce,1770,1,0,1,1,2,1,0,3,3,,,,12,0,1,Front-to-Rear,0,3,0,2,4 Way,4,2,4,6,0,0,0,0,9TH ST SW,S HILL PARK DR,-122.3040833,47.16074167,98371,0,1,20,Others,50,3,35,2,0,0,1,7,12,1,2,5,1,1,Going Straight,1,1,53,,0,49,40,2014,0,,12,,,,,,1,1,56,2,0,,0,0,3,0,11,0,,,,,0,0,0,3,1,0,,,,96,,,,,,98,,,,,,83854,16,68,170,6,1,0,0,0,0,,0,,,,,,0,,,20,0,0,0,8,9,2,,,0,,,8,8,0,0,,,0,,,0,0,996,,,,,,,,,,,,,,,,,,,,,,,,,,,,,,0,0,0,0,0,0,0,0,0,0,0,0,0,0,0,0,0,0,0,0,0,0,0,0,0,0,0,0,1,1,0,0,0,0,0,,0,0,0,0,0,0,0,0,0,0,0,0,0,0,0,0,,,,,,56-60,56-65,Interstate,U,Saturday,Belt Used,PV,Not Fatal,0,0,0,0,State Route,State Patrol,Washington State Patrol,0,1,0,0,0,,,,,,0,0,0,,,,,,,,,,,98,98,98,0,,,,,20,,,,,,,,,1,0,,,,,,
2017,63,632403,40,02-15-2017,13:21,15,2,Feb,0,63,Spokane,2113,2,0,1,2,2,1,0,2,2,13:24,13:29,14:00,12,0,2,Front-to-Front,0,1,0,1,No intersection,3,2,4,6,0,0,0,0,E 32ND,,-117.2292806,47.62786667,99206,0,2,51,Lateral Move(Going Straight),62,4,35,14,0,0,1,2,12,1,1,2,1,1,Going Straight,1,1,53,,0,72,706,2000,0,,12,,,,,,1,1,43,1,7,,4,7,20,7,11,0,10-09-2021,11:30,53051119,51119,0,0,3,3,1,26,,,,96,,,,,,98,,,,,,99207,53,71,260,6,1,0,0,1,3,,0,,,,,,0,10-15-2017,08-15-2020,20,8,0,0,0,9,8,,,0,,,8,8,0,0,,,0,,,0,0,996,,,,,,,,,,,,,,,,,,,,,,,,,,,,,,0,0,0,0,0,0,0,0,0,0,0,0,0,0,0,0,0,0,0,0,0,0,0,0,0,0,0,0,1,1,0,0,0,0,1,0,0,0,0,0,0,0,0,0,0,0,0,0,0,0,0,0,,,,,,41-45,36-45,Interstate,U,Saturday,,MC,White,0,0,0,0,State Route,State Patrol,Washington State Patrol,0,1,0,0,0,,,,,,0,0,0,,,,,,,,,,,0,0,0,1,,,,,5,,,,,,,,,1,0,,,,,,
2021,64,635441,7,03-08-2021,07:21,8,3,March,,33,King,0,10,,1,4,2,1,0,1,1,,,,24,0,0,No vehicle,32.7,1,0,1,No intersection,2,2,1,3,0,0,0,0,SR-509,,-122.3248972,47.50324167,98168,0,1,2,Control/Traction Loss,5,1,60,80,0,0,1,2,24,1,1,3,3,1,Going Straight,1,1,53,,0,55,401,2007,0,,12,,,,,,1,1,64,2,0,,9,0,99,7,11,8,,,,,0,0,0,3,1,0,,,,96,,,,,,98,,,,,,98579,53,65,170,6,1,0,0,0,0,,0,,,,,,0,,,20,0,0,0,8,9,8,,,0,,,8,8,8,95,,,96,,,8,95,995,,,,,,,,,,,,,,,,,,,,,,,,,,,,,,0,0,0,1,1,0,1,1,0,0,0,0,0,0,0,0,0,0,0,0,0,0,0,0,0,1,1,1,0,1,0,0,0,0,0,,0,0,0,0,0,0,0,0,0,0,0,0,0,0,0,0,,,,,,61-65,56-65,City street,U,Wednesday,Unknown,PV,Not Fatal,1,0,0,0,City Street,Municipal/City Police,Olympia Police Department,0,0,0,1,0,,,,,,0,0,0,,,,,,,,,,,98,98,98,0,,,,,20,,,,,,,,,1,0,,,,,,
2020,64,634674,1,03-01-2020,01:47,1,3,March,,77,Yakima,0,1,,6,1,2,1,1,3,1,,,,8,0,0,No vehicle,68.8,1,0,1,No intersection,4,2,1,2,0,3,0,0,US-97,,-120.430275,46.44931389,98951,0,1,13,Pedestrian/Animal,80,5,55,66,1,0,1,5,8,2,1,2,3,14,Making a U turn,3,3,53,,0,37,402,2008,0,,12,,,,,,1,1,43,2,0,,9,0,99,7,11,8,,,,,0,0,0,3,1,0,,,,96,,,,,,98,,,,,,98584,53,67,125,6,1,0,0,0,0,,0,,,,,,0,,,1,0,0,0,8,9,8,,,0,,,8,8,8,95,,,96,,,8,95,995,,,,,,,,,,,,,,,,,,,,,,,,,,,,,,0,0,0,1,1,0,1,1,0,0,0,0,0,0,0,0,0,0,0,0,0,0,0,0,0,1,1,1,0,1,0,0,0,0,0,,0,0,0,0,0,0,0,0,0,0,0,0,0,0,0,0,,,,,,41-45,36-45,City street,U,Wednesday,Unknown,PV,Not Fatal,1,0,0,0,City Street,Municipal/City Police,Olympia Police Department,0,0,0,1,0,,,,,,0,0,0,,,,,,,,,,,98,98,98,0,,,,,20,,,,,,,,,1,0,,,,,,
2019,64,633921,2,01-15-2019,19:10,15,1,Jan,,57,Skagit,230,10,0,3,1,2,1,1,1,1,,,,8,0,0,No vehicle,230,1,0,1,No intersection,1,2,1,1,0,0,0,0,I-5,,-122.3420111,48.46913056,98233,0,1,13,Pedestrian/Animal,80,5,60,66,1,0,2,7,8,1,1,2,3,15,Others,1,3,53,,0,49,46,2009,0,,12,12,,,,,1,1,83,1,7,,4,7,3,0,11,0,10-06-2021,10:05,1.59E+11,51609,0,0,0,3,1,0,,,,96,,,,,,98,,,,,,98586,53,55,170,6,1,0,0,0,0,,0,,,,,,0,,,9,0,0,0,0,9,8,,,0,,,8,8,2,996,,,1,,,2,1,0.013,,,,,,,,,,,,,,,,,,,,,,,,,,,,,,0,0,0,1,1,0,1,1,0,0,0,0,0,0,0,0,0,0,0,0,0,0,0,0,0,1,1,1,0,1,0,0,0,0,0,,1,0,0,0,1,0,1,1,0,0,0,0,0,0,0,1,,,,,,81+,76+,City street,U,Wednesday,Belt Used,PV,White,1,0,0,0,City Street,Municipal/City Police,Olympia Police Department,0,0,0,1,0,,,,,,0,0,0,,,,,,,,,,,98,98,98,1,,,,,20,,,,,,,,,1,0,,,,,,
2018,64,633162,2,03-12-2018,18:14,12,3,March,0,57,Skagit,0,1,0,1,1,2,1,0,1,1,18:11,18:27,,38,0,0,No vehicle,74.3,1,0,1,No intersection,4,1,1,3,0,0,0,0,SR-20,,-122.0479556,48.53019444,98284,0,1,6,Drive off road,12,2,55,15,0,0,1,7,42,1,1,2,1,1,Going Straight,1,1,53,,0,18,402,2004,0,,12,12,,,,,1,1,41,1,0,,9,0,3,0,11,8,,,,,0,0,0,3,1,26,,,,96,,,,,,98,,,,,,98513,53,67,130,6,1,0,0,1,0,,97,,,,,,0,08-15-2017,08-15-2017,20,0,0,0,8,9,8,,,0,,,8,8,8,95,,,96,,,8,95,995,,,,,,,,,,,,,,,,,,,,,,,,,,,,,,0,0,0,1,1,0,1,1,0,0,0,0,0,0,0,0,0,0,0,0,0,0,0,0,0,1,1,1,0,1,0,0,0,0,0,,0,0,0,0,0,0,0,0,0,0,0,0,0,0,0,0,,,,,,41-45,36-45,City street,U,Wednesday,Belt Used,PV,Not Fatal,1,0,0,0,City Street,Municipal/City Police,Olympia Police Department,0,0,0,1,0,,,,,,0,0,0,,,,,,,,,,,98,98,98,0,,,,,20,,,,,,,,,1,0,,,,,,
2017,64,632416,42,02-22-2017,07:16,22,2,Feb,0,67,Thurston,0,1,0,4,2,2,1,0,3,2,,,,12,0,6,Angle,6.4,2,0,2,4 Way,3,2,2,4,0,0,0,0,CR-YELM HWY SE,CANTERWOOD DR SE,-122.7898639,46.98894167,98513,0,2,83,Others,67,4,50,4,0,0,1,2,12,1,1,3,1,1,Going Straight,1,2,53,,0,6,441,2014,0,,12,,,,,,1,1,37,1,0,,1,0,3,0,11,8,,,,,0,0,3,3,1,0,,,,96,,,,,,98,,,,,,98056,53,71,270,6,1,0,0,0,0,,0,,,,,,0,,,8,0,0,0,8,9,8,,,0,,,8,8,8,95,,,96,,,8,95,995,,,,,,,,,,,,,,,,,,,,,,,,,,,,,,0,0,0,0,0,0,1,1,0,0,0,0,0,0,0,0,0,0,0,1,0,0,0,0,0,0,0,0,0,1,0,0,0,0,0,,0,0,0,0,0,0,0,0,0,0,0,0,0,0,0,0,,,,,,36-40,36-45,State route,U,Thursday,Belt Used,PV,Not Fatal,0,0,0,0,State Route,State Patrol,Washington State Patrol,0,1,0,0,0,,,,,,0,0,0,,,,,,,,,,,98,98,98,0,,,,,20,,,,,,,,,1,0,,,,,,
2017,64,632415,42,02-22-2017,07:16,22,2,Feb,0,67,Thurston,0,1,0,4,2,2,1,0,3,2,,,,12,0,6,Angle,6.4,2,0,2,4 Way,3,2,2,4,0,0,20,3,CR-YELM HWY SE,CANTERWOOD DR SE,-122.7898639,46.98894167,98513,0,1,82,Turn Into Opp Direction(Turning Left),15,2,50,4,0,0,1,2,12,1,1,2,2,11,Turning Red: Permitted on red,2,2,53,,0,12,471,1996,0,,12,,,,,,1,1,50,2,7,,4,7,20,7,11,0,10-07-2021,12:43,2.31E+11,51253,0,0,0,3,1,48,,,,96,,,,,,98,,,,,,98178,53,65,120,6,1,0,0,0,0,,0,,,,,,0,,,20,0,0,0,0,9,8,,,0,,,8,8,2,996,996,401,1,1,1,2,1,0,,,,,,,,,,,,,,,,,,,,,,,,,,,,,,0,0,0,0,0,0,1,1,0,0,0,0,0,0,0,0,0,0,0,1,0,0,0,0,0,0,0,0,0,1,0,0,0,1,0,,1,0,0,0,0,0,1,1,0,0,0,0,0,0,1,0,,,,,,46-50,46-55,State route,U,Thursday,Not Used,PV,White,0,0,0,0,State Route,State Patrol,Washington State Patrol,0,1,0,0,0,,,,,,0,0,0,1,,,,,417,,,,,0,0,0,1,,,,,20,,,,,,,,,1,0,,,,,,
2021,65,635444,3,02-26-2021,16:50,26,2,Feb,,53,Pierce,0,1,,1,1,2,1,0,4,3,,,,12,0,1,Front-to-Rear,128.8,1,0,1,No intersection,1,2,1,1,0,0,0,0,I-5,,-122.4658556,47.17815833,98408,0,3,98,Others,98,7,60,34,0,0,1,5,12,1,1,4,3,5,Others,2,2,53,,0,23,882,2004,0,,12,,,,,,1,1,54,2,0,,3,0,3,0,11,5,,,,,0,0,0,3,1,0,,,,96,,,,,,98,,,,,,99350,53,59,140,6,1,0,0,0,0,,0,,,,,,0,,,20,0,0,0,8,9,8,,,0,,,8,8,0,0,,,0,,,0,0,996,,,,,,,,,,,,,,,,,,,,,,,,,,,,,,0,0,0,0,0,0,1,1,0,0,0,0,1,1,0,1,0,0,0,1,0,0,0,0,0,0,0,0,0,1,1,0,0,0,0,,0,0,0,0,0,0,0,0,0,0,0,0,0,0,0,0,,,,,,51-55,46-55,County road,R,Saturday,,MHTRUCK,Not Fatal,0,1,1,0,County Road,County Sheriff,Benton County Sheriff's Office,0,0,1,0,0,,,,,,0,0,0,,,,,,,,,,,98,98,98,0,,,,,20,,,,,,,,,1,0,,,HANKS RD,0.5,NULL,
2021,65,635443,3,02-26-2021,16:50,26,2,Feb,,53,Pierce,0,1,,1,1,2,1,0,4,3,,,,12,0,1,Front-to-Rear,128.8,1,0,1,No intersection,1,2,1,1,0,0,0,0,I-5,,-122.4658556,47.17815833,98408,0,2,29,Others,53,3,60,4,0,0,1,5,12,1,1,4,3,2,Others,1,2,53,,0,37,31,1999,0,,68,12,,,,,1,1,33,1,1,,4,7,20,7,11,0,09/18/2021,06:56,53046470,46470,0,0,0,0,1,28,,,,0,,,,,,2,,,,,,98930,53,65,220,0,0,0,1,0,1,,0,,,,,,3,10-15-2018,06-15-2018,1,0,0,0,0,9,8,,,0,,,8,8,2,401,417,,1,1,,2,1,0,,,,,,,,,,,,,,,,,,,,,,,,,,,,,,0,0,0,0,0,0,1,1,0,0,0,0,1,1,0,1,0,0,0,1,0,0,0,0,0,0,0,0,0,1,1,0,0,1,0,,1,0,0,0,0,0,1,1,0,1,0,1,0,0,1,0,,,,,,31-35,26-35,County road,R,Saturday,Not Used,PV,Hispanic,0,1,1,0,County Road,County Sheriff,Benton County Sheriff's Office,0,0,1,0,0,,,,,,0,0,0,,,,,,,,,,,0,0,0,98,,,,,20,,,,,,,,,1,0,,,HANKS RD,0.5,NULL,
2021,65,635442,3,02-26-2021,16:50,26,2,Feb,,53,Pierce,0,1,,1,1,2,1,0,4,3,,,,12,0,1,Front-to-Rear,128.8,1,0,1,No intersection,1,2,1,1,0,0,0,0,I-5,,-122.4658556,47.17815833,98408,0,1,28,Others,52,3,60,66,1,0,1,5,12,1,1,4,3,1,Going Straight,1,3,53,,0,99,999,9999,0,,8,,,,,,1,1,999,9,0,,9,0,99,7,11,0,,,,,99,9,9,9,1,0,,,,96,,,,,,98,,,,,,99999,99,,999,9,9,99,99,99,99,,97,,,,,,0,,,99,0,0,0,8,9,8,,,0,,,8,8,9,999,,,99,,,9,99,999,,,,,,,,,,,,,,,,,,,,,,,,,,,,,,0,0,0,0,0,0,0,0,0,1,0,1,0,0,0,0,0,0,0,0,0,0,0,0,0,0,0,0,0,0,0,1,0,0,0,,0,0,0,0,0,0,0,0,0,0,0,0,0,0,0,0,,,,,,,,Interstate,U,Thursday,,NR-U,Not Fatal,0,0,0,0,State Route,State Patrol,Washington State Patrol,0,1,0,0,0,,,,,,99,99,99,,,,,,,,,,,98,98,98,0,,,,,20,,,,,,,,,1,0,,,,,,
2020,65,634680,1,03-14-2020,21:04,14,3,March,,5,Benton,0,1,,2,1,1,1,0,1,1,,,,1,0,0,No vehicle,101,1,0,1,No intersection,1,2,1,1,0,0,0,0,I-82,,-119.3865583,46.25853611,99320,0,1,1,Driver Off Road,13,2,70,16,0,0,1,2,1,1,1,2,3,1,Going Straight,1,1,53,,0,53,705,2001,0,,68,12,,,,,1,1,48,1,7,,4,7,20,7,11,0,10-11-2021,21:06,53052034,52034,0,0,3,2,1,58,,,,96,,,,,,98,,,,,,99205,53,71,175,1,1,0,4,1,1,,0,,,,,,4,02-15-2017,03-15-2020,20,8,0,0,0,9,8,,,0,,,8,8,2,1,,,1,,,2,1,0.233,,,,,,,,,,,,,,,,,,,,,,,,,,,,,,0,0,0,0,1,1,0,1,0,0,0,0,1,1,1,0,0,0,0,0,0,0,0,1,1,0,0,0,1,1,0,0,0,0,1,0,0,0,0,0,0,1,0,1,0,1,0,1,0,1,0,1,,,,,,46-50,46-55,County road,U,Monday,,MC,White,0,0,0,0,County Road,County Sheriff,Spokane County Sheriff's Office,0,0,1,0,0,,,,,,0,0,1,,,,,,,,,,,0,0,0,1,,,,,19,,,,,,,,,1,0,,,MARKET ST,1.19,NULL,
2019,65,633919,1,02-04-2019,14:46,4,2,Feb,,77,Yakima,0,4,0,1,4,2,1,0,12,6,,,,12,0,7,"Sideswipe,Same",21,1,0,1,No intersection,1,1,1,1,0,0,0,0,I-82,,-120.3964778,46.72549444,,0,6,98,Others,52,3,70,14,0,0,1,2,12,1,3,2,3,1,Going Straight,3,1,53,,0,37,421,2010,0,,12,,,,,,1,1,21,2,0,,1,0,3,0,11,0,,,,,0,0,0,3,1,0,,,,96,,,,,,98,,,,,,99217,53,70,280,6,1,0,0,1,1,,0,,,,,,0,03-15-2017,08-15-2020,8,0,0,0,8,9,2,,,0,,,8,8,0,0,,,0,,,0,0,996,,,,,,,,,,,,,,,,,,,,,,,,,,,,,,0,0,0,0,1,1,0,1,0,0,0,0,1,1,1,0,0,0,0,0,0,0,0,1,1,0,0,0,1,1,0,0,0,0,0,,0,0,0,0,0,0,0,0,0,0,0,0,0,0,0,0,,,,,,21-25,16-25,County road,U,Monday,Belt Used,PV,Not Fatal,0,0,0,0,County Road,County Sheriff,Spokane County Sheriff's Office,0,0,1,0,0,,,,,,0,0,0,,,,,,,,,,,98,98,98,0,,,,,20,,,,,,,,,1,0,,,MARKET ST,1.19,NULL,
2019,65,633918,1,02-04-2019,14:46,4,2,Feb,,77,Yakima,0,4,0,1,4,2,1,0,12,6,,,,12,0,7,"Sideswipe,Same",21,1,0,1,No intersection,1,1,1,1,0,0,0,0,I-82,,-120.3964778,46.72549444,,0,5,98,Others,98,7,70,6,0,0,1,7,12,1,3,2,3,98,Others,3,1,53,,0,49,482,2007,0,,12,68,64,31,,,1,1,20,2,0,,0,0,3,0,11,0,,,,,0,0,0,3,1,0,,,,96,,,,,,0,,,,,,98237,53,69,155,6,2,0,0,0,0,,0,,,,,,0,,,1,0,0,0,8,9,8,,,0,,,8,8,0,0,,,0,,,0,0,996,,,,,,,,,,,,,,,,,,,,,,,,,,,,,,0,0,0,1,0,0,1,1,0,0,0,0,0,0,0,0,0,0,1,0,0,1,1,0,1,1,0,0,0,1,0,0,0,0,0,,0,0,0,0,0,0,0,0,0,0,0,0,0,0,0,0,,,,,,18-20,16-25,County road,R,Friday,Belt Used,PV,Not Fatal,1,0,0,0,County Road,State Patrol,Washington State Patrol,0,0,1,0,0,,,,,,0,0,0,,,,,,,,,,,98,98,98,0,,,,,20,,,,,,,,,1,0,,,MINKLER ROAD,3.64,HOEHN ROAD,4.553
2019,65,633917,1,02-04-2019,14:46,4,2,Feb,,77,Yakima,0,4,0,1,4,2,1,0,12,6,,,,12,0,7,"Sideswipe,Same",21,1,0,1,No intersection,1,1,1,1,0,0,0,0,I-82,,-120.3964778,46.72549444,,0,4,47,Others,10,2,70,20,0,0,1,5,12,1,3,2,3,15,Others,2,3,53,,0,48,38,2012,0,,12,,,,,,1,1,69,2,7,,4,7,3,0,11,0,10-08-2021,10:44,53050961,50961,0,0,3,3,1,38,,,,96,,,,,,98,,,,,,98273,53,63,160,6,1,0,0,0,0,,0,,,,,,0,,,1,0,0,0,0,9,8,,,0,,,8,8,2,996,996,,1,1,,2,1,0,,,,,,,,,,,,,,,,,,,,,,,,,,,,,,0,0,0,1,0,0,1,1,0,0,0,0,0,0,0,0,0,0,1,0,0,1,1,0,1,1,0,0,0,1,0,0,0,0,0,,1,0,0,0,0,0,1,1,0,0,1,0,0,0,1,0,,,,,,66-70,66-75,County road,R,Friday,Belt Used,PV,White,1,0,0,0,County Road,State Patrol,Washington State Patrol,0,0,1,0,0,,,,,,0,0,0,,,,,,,,,,,98,98,98,1,,,,,20,,,,,,,,,1,0,,,MINKLER ROAD,3.64,HOEHN ROAD,4.553
2019,65,633916,1,02-04-2019,14:46,4,2,Feb,,77,Yakima,0,4,0,1,4,2,1,0,12,6,,,,12,0,7,"Sideswipe,Same",21,1,0,1,No intersection,1,1,1,1,0,0,0,0,I-82,,-120.3964778,46.72549444,,0,3,45,Others,61,4,70,15,0,0,1,2,12,1,3,2,3,1,Going Straight,1,1,53,,0,20,481,2005,0,,63,69,68,64,34,1,1,1,24,2,1,,4,7,20,7,11,0,10-04-2021,23:06,53051195,51195,0,0,3,3,1,58,,,,96,,,,,,98,,,,,,98947,53,63,140,6,1,1,1,2,0,,0,,,,,,3,09-15-2017,09-15-2017,1,1,9,0,0,9,8,,,0,,,8,8,2,996,401,417,1,1,1,2,1,0.137,,,,,,,,,,,,,,,,,,,,,,,,,,,,,,0,0,1,0,1,1,1,1,0,0,0,0,1,0,0,0,0,0,0,1,0,0,0,1,1,0,0,0,0,1,0,0,0,1,0,,1,0,0,0,0,1,1,1,0,1,0,0,0,0,0,1,,,,,,21-25,16-25,County road,R,Monday,Not Used,PV,Hispanic,0,1,0,0,County Road,County Sheriff,Yakima County Sheriff's Office,1,0,1,0,0,,,,,,0,1,0,,,,,,,,,,,98,98,98,298,,,,,20,,,,,,,,,1,0,,,TRACK RD. N.,8.35,NULL,
2019,65,633915,1,02-04-2019,14:46,4,2,Feb,,77,Yakima,0,4,0,1,4,2,1,0,12,6,,,,12,0,7,"Sideswipe,Same",21,1,0,1,No intersection,1,1,1,1,0,0,0,0,I-82,,-120.3964778,46.72549444,,0,2,98,Others,9,1,70,4,0,0,1,2,12,1,3,2,3,1,Going Straight,1,2,53,,0,71,705,2009,0,,63,39,,,,,1,1,34,1,7,,4,7,20,7,11,0,10-03-2021,22:52,2.11E+11,53789,0,0,0,2,1,0,,,,96,,,,,,98,,,,,,99037,53,69,205,6,1,0,1,0,0,,0,,,,,,3,09-15-2018,09-15-2018,20,8,0,0,0,9,8,,,0,,,8,8,2,155,401,417,1,1,1,2,1,0,,,,,,,,,,,,,,,,,,,,,,,,,,,,,,0,0,1,0,0,0,1,1,0,0,0,0,1,0,1,0,0,0,0,0,0,0,0,0,0,0,0,0,1,0,0,0,0,0,1,0,0,0,0,0,0,0,1,1,0,1,0,0,0,0,1,0,,,,,,31-35,26-35,City street,U,Sunday,,MC,Black,0,1,0,0,City Street,Municipal/City Police,Spokane Police Department,1,0,0,1,0,,,,,,0,0,0,,,,,,,,,,,0,0,0,2,,,,,5,,,,,,,,,1,0,,,,,,
2019,65,633914,1,02-04-2019,14:46,4,2,Feb,,77,Yakima,0,4,0,1,4,2,1,0,12,6,,,,12,0,7,"Sideswipe,Same",21,1,0,1,No intersection,1,1,1,1,0,0,0,0,I-82,,-120.3964778,46.72549444,,0,1,98,Others,60,4,70,66,1,0,1,5,12,1,3,2,3,2,Others,2,3,53,,0,59,35,2012,0,,8,,,,,,1,1,18,1,0,,0,0,3,0,11,0,,,,,0,0,0,3,1,0,,,,92,,,,,,98,,,,,,98003,53,69,148,6,1,0,0,0,0,,0,,,,,,0,,,20,0,0,0,8,9,8,,,0,,,8,8,8,95,,,96,,,8,95,995,,,,,,,,,,,,,,,,,,,,,,,,,,,,,,0,0,0,0,0,0,0,0,0,1,1,0,0,0,0,0,1,0,0,0,0,1,1,0,1,0,0,0,0,1,0,1,0,0,0,,0,0,0,0,0,0,0,0,1,0,0,0,0,0,0,0,,,,,,18-20,16-25,State route,U,Saturday,Belt Used,PV,Not Fatal,0,0,0,0,State Route,Municipal/City Police,Edgewood Police Department,0,1,0,0,0,,,,,,0,0,0,,,,,,,,,,,98,98,98,0,,,,,20,,,,,,,,,1,0,,,,,,
2018,65,633160,7,03-11-2018,03:12,11,3,March,0,33,King,1960,1,0,3,1,1,1,0,2,2,,,,25,0,0,No vehicle,0.7,1,0,1,No intersection,1,2,1,1,0,0,0,0,I-90,,-122.3192917,47.59407222,98104,0,2,98,Others,54,3,60,6,0,0,1,7,12,1,1,2,3,1,Going Straight,1,1,53,,0,12,37,2018,0,,8,,,,,,1,1,22,1,0,,2,0,3,0,11,0,,,,,0,0,0,3,1,0,,,,96,,,,,,98,,,,,,75028,48,,999,6,1,0,0,0,0,,0,,,,,,0,,,9,0,0,0,8,9,8,,,0,,,8,8,0,0,,,0,,,0,0,996,,,,,,,,,,,,,,,,,,,,,,,,,,,,,,0,0,0,0,0,0,0,0,0,1,1,1,0,0,0,0,0,0,0,0,0,0,0,1,1,0,0,0,0,1,0,1,0,0,0,,0,0,0,0,0,0,0,0,0,0,0,0,0,0,0,0,,,,,,21-25,16-25,Interstate,U,Sunday,Belt Used,PV,Not Fatal,0,0,0,0,State Route,State Patrol,Washington State Patrol,0,1,0,0,0,,,,,,0,0,0,,,,,,,,,,,98,98,98,0,,,,,20,,,,,,,,,1,23,,,,,,
2018,65,633159,7,03-11-2018,03:12,11,3,March,0,33,King,1960,1,0,3,1,1,1,0,2,2,,,,25,0,0,No vehicle,0.7,1,0,1,No intersection,1,2,1,1,0,0,0,0,I-90,,-122.3192917,47.59407222,98104,0,1,1,Driver Off Road,13,2,60,14,0,0,1,2,12,1,1,2,3,1,Going Straight,1,2,53,,0,20,16,2005,0,,63,42,1,,,,1,1,30,1,7,,4,0,3,0,11,5,10-05-2021,11:50,2.11E+11,56056,0,0,0,2,1,0,,,,96,,,,,,98,,,,,,99217,53,69,180,1,1,0,2,0,0,,0,,,,,,4,07-15-2019,07-15-2019,1,1,9,0,0,9,8,,,0,,,8,8,2,348,401,417,1,1,1,2,1,0,,,,,,,,,,,,,,,,,,,,,,,,,,,,,,0,0,1,0,0,0,1,1,0,0,0,0,1,1,0,0,0,0,0,0,0,0,0,0,0,0,0,0,0,1,0,0,0,0,0,,1,0,0,0,0,0,1,1,0,1,0,1,0,0,1,0,,,,,,26-30,26-35,City street,U,Monday,Belt Used,PV,White,0,1,0,0,City Street,Municipal/City Police,Spokane Police Department,1,0,0,1,0,,,,,,0,0,0,1,1,,,,151,996,,,,98,98,98,1,,,,,20,,,,,,,,,1,0,,,,,,