year,something,Cases,repjur,crash_dt,crash_tm,accday,Month,Month,holiday,county,co_char,city,weather,weather2,lightcond,surfcond,surftype,Number of Fatalities,nmforms,pforms,vforms,not_tm,arr_tm,hosp_tm,fhevent,hitrun,Manner of Collision,Manner of Collision,milepnt,reljunc,reljuncinter,intersectiontype,Intersection Type,funcsystem,landuse,ownership,route,schlbus,spejur,contdev,devfunc,trafid1,trafid2,x,y,zipcode,wk_zone,vnumber,crashtype,Crash Type,criticalevent,criticaleventcat,spdlim,body,trailer,emerg,hazcargo,leave,mhevent,roadalgn,roadprof,traflane,trafflow,Vehicle Manure,Vehicle Manure,numoccs,regowner,regstate,,spuse,make,model,modelyr,vrf1,vrf2,seqevent1,seqevent2,seqevent3,seqevent4,seqevent5,seqevent6,pnumber,ptype,age,sex,hispanic,race,injury,diedscene,restraint,restraintmisuse,seatpos,takehosp,death_dt,death_tm,cert,cernum_wa,commlic,licendor,licrestrict,liccomp,drivpres,drf1,drf2,drf3,drf4,distract1,distract2,distract3,distract4,distract5,distract6,dricond1,dricond2,dricond3,dricond4,dricond5,dricond6,dzip,licstate,drhgt_in,weight,noncdl,noncdltype,prevdwi,prevoth,prevacc,prevspd,prevsus,driviol1,driviol2,driviol3,driviol4,driviol5,driviol6,spdrel,first_dt,last_dt,airbag,ejection,ejectpath,extricat,injurwrk,methalc,methdrug,nmlocat,strikveh,prf1,prf2,prf3,druginv,alcinvol,drugsts,drugres1,drugres2,drugres3,drugtst1,drugtst2,drugtst3,alcsts,alctst,alcres,nmact1,nmact2,nmact3,nmact4,nmact5,nmact6,nmprior1,nmprior2,nmprior3,nmprior4,nmprior5,nmprior6,nmcond1,nmcond2,nmcond3,nmcond4,nmcond5,nmcond6,nmsafe_helmet,nmsafe_pads,nmsafe_oth,nmprev_ref,nmprev_lgt,nmprev_oth,crashlocation,nmcrashtype,crosswalk,schoolzone,sidewalk,train_inv,wildlife_inv,rotr_fars,intersect_fars,Drink and Drive,aid_inv,Drug Positive Drivers,Impaired Drivers,Marijuana Positive,impnm_inv,ainm_inv,dpnm_inv,speed_inv,unlic_inv,unendmc_inv,drowsy_inv,drdist_inv,nmdist_inv,fty_inv,unrestfat_inv,dr1617_inv,dr1820_inv,dr1620_inv,dr2125_inv,dr1625_inv,dr65_inv,dr70_inv,dr75_inv,mc_inv,pv_inv,ht_inv,ped_inv,bike_inv,unrest_fat,mc_fat,unhelmet_mc,pv_fat,ht_fat,ped_fat,bike_fat,dr_alc7,dr_alc8,dr_drug,dr_imp,dr_dist,dr_spd,dr_fty,dr_unlic,dr_alc7only,dr_alc8only,dr_drugonly,dr_drink,nm_imp,nm_alc7,nm_alc8,nm_drug,nm_dist,agegrp1,agegrp2,roadclass,urbrur,dayweek,restuse,vehtype,race_me,intersect,lanedep,oppdir,wrongway,rep_typ,investag,repag_long,rotr,st_rd,cty_rd,city_rd,oth_rd,drug_thc,thc_res,drug_cthc,cthc_res,drug_cann,prevpersemin,prevperse,prevsusoth,drugtst4,drugtst5,drugtst6,drugtst7,drugtst8,drugres4,drugres5,drugres6,drugres7,drugres8,adspresent,adsengaged,adslevel,race1,race2,race3,race4,race5,helmet,helmetmisuse,nmdistract1,nmdistract2,nmdistract3,nmdistract4,nmdistract5,nmdistract6,lab,isedtcase,crf1,crf2,crf3,CoRoadName,CoMP,IntCoRoadName,IntCoMP
2017,65,632417,122,02-24-2017,20:11,24,2,Feb,0,61,Snohomish,690,10,0,3,1,2,1,0,3,1,20:11,20:23,20:54,39,1,0,No vehicle,0,1,0,1,No intersection,5,2,4,6,0,0,0,0,HARDESON RD,,-122.2445639,47.928425,98202,0,1,7,Control/Traction Loss,6,1,35,4,0,0,1,2,39,3,1,3,5,14,Making a U turn,3,2,53,,0,49,472,2006,0,,12,,,,,,1,1,67,1,0,,0,0,3,0,11,0,,,,,0,0,3,2,1,38,,,,96,,,,,,9,,,,,,98284,53,71,170,3,1,0,0,0,1,,12,,,,,,0,04-15-2019,04-15-2019,20,0,0,0,8,9,8,,,0,,,8,1,8,95,,,96,,,2,1,997,,,,,,,,,,,,,,,,,,,,,,,,,,,,,,0,0,0,1,1,0,0,0,0,0,0,0,0,1,0,0,0,0,1,0,0,0,0,0,0,1,0,0,1,1,0,0,0,0,0,,0,0,0,0,0,0,0,0,0,0,1,1,0,0,0,1,,,,,,66-70,66-75,State route,R,Thursday,Belt Used,PV,Not Fatal,0,0,0,0,State Route,State Patrol,Washington State Patrol,0,1,0,0,0,,,,,,0,0,0,,,,,,,,,,,98,98,98,0,,,,,20,,,,,,,,,1,0,,,,,,
2019,66,3748144,263,01-18-2019,16:32,18,1,Jan,,33,King,1960,10,0,3,2,2,1,0,4,2,,,,12,0,1,Front-to-Rear,31,2,0,2,4 Way,3,2,1,3,0,0,0,0,SR-99,N 84TH ST,-122.3445972,47.68983889,98103,0,1,24,Others,51,3,30,2,0,0,1,7,12,1,1,3,3,1,Going Straight,1,1,53,,0,73,706,2021,0,,12,,,,,,1,1,27,1,7,,4,0,20,7,11,5,11-03-2021,16:06,1.96E+11,56848,0,0,0,3,1,38,,,,96,,,,,,98,,,,,,98273,53,75,300,6,1,0,1,0,1,,0,,,,,,0,05-15-2018,05-15-2018,20,8,0,0,0,9,8,,,0,,,8,8,0,0,,,0,,,0,0,996,,,,,,,,,,,,,,,,,,,,,,,,,,,,,,0,0,0,1,1,0,0,0,0,0,0,0,0,1,0,0,0,0,1,0,0,0,0,0,0,1,0,0,1,1,0,0,0,0,1,0,0,0,0,0,0,0,0,0,0,0,1,0,0,0,0,0,,,,,,26-30,26-35,State route,R,Thursday,,MC,White,0,0,0,0,State Route,State Patrol,Washington State Patrol,0,1,0,0,0,,,,,,0,0,0,,,,,,,,,,,98,98,98,1,,,,,5,,,,,,,,,1,0,,,,,,
2019,66,3748144,263,01-18-2019,16:32,18,1,Jan,,33,King,1960,10,0,3,2,2,1,0,4,2,,,,12,0,1,Front-to-Rear,31,2,0,2,4 Way,3,2,1,3,0,0,0,0,SR-99,N 84TH ST,-122.3445972,47.68983889,98103,0,2,25,Others,53,3,30,52,0,0,1,5,12,1,1,3,3,4,Others,3,3,53,,0,49,40,2012,0,,64,46,,,,,1,1,78,1,7,,4,7,3,0,11,0,10-07-2021,21:20,53051175,51175,0,0,0,3,1,0,,,,92,,,,,,98,,,,,,98685,53,74,180,6,1,0,0,0,0,,0,,,,,,0,,,8,2,9,0,0,9,8,,,0,,,8,8,2,1,,,1,,,2,1,0.094,,,,,,,,,,,,,,,,,,,,,,,,,,,,,,0,0,1,1,1,1,0,1,0,0,0,0,0,0,0,0,1,0,0,0,0,0,0,0,0,1,1,1,0,1,0,0,0,0,0,,1,0,0,0,0,1,0,1,1,0,0,0,0,1,0,1,,,,,,76-80,76+,Interstate,U,Thursday,Belt Used,PV,White,0,1,0,0,State Route,State Patrol,Washington State Patrol,1,1,0,0,0,,,,,,0,0,0,,,,,,,,,,,98,98,98,1,,,,,20,,,,,,,,,1,0,,,,,,
2021,66,635445,278,03-16-2021,03:24,16,3,March,,63,Spokane,2110,1,,3,1,2,1,0,2,1,,,,21,0,0,No vehicle,0,1,0,1,No intersection,4,2,4,6,0,0,0,0,N NAPA ST,,-117.3812333,47.66075,99202,0,1,6,Drive off road,12,2,30,4,0,0,1,5,21,1,1,1,3,1,Going Straight,2,1,53,,0,85,881,2007,0,,63,8,14,,,,1,1,23,1,0,,0,0,3,0,11,0,,,,,6,1,3,3,1,26,58,,,96,,,,,,98,,,,,,98649,53,64,140,6,1,0,3,0,0,,97,,,,,,4,10-15-2020,10-15-2020,20,0,0,0,8,9,2,,,0,,,8,8,8,95,,,96,,,2,98,997,,,,,,,,,,,,,,,,,,,,,,,,,,,,,,0,0,0,0,0,0,0,0,0,0,0,0,1,0,0,0,0,0,0,0,0,0,0,1,1,0,0,0,0,0,1,1,0,0,0,,0,0,0,0,0,0,0,0,0,1,0,0,0,0,0,0,,,,,,21-25,16-25,Interstate,R,Wednesday,,MHTRUCK,Not Fatal,0,0,0,0,State Route,State Patrol,Washington State Patrol,0,1,0,0,0,,,,,,0,0,0,,,,,,,,,,,98,98,98,0,,,,,20,,,,,,,,,1,23,,,,,,
2020,66,634681,305,03-15-2020,21:56,15,3,March,,11,Clark,2370,1,,3,1,2,1,1,1,1,23:23,00:05,,8,0,0,No vehicle,0,3,0,2,4 Way,3,2,4,6,0,0,3,3,E FOURTH PLAIN BLVD,FORT VANCOUVER WAY,-122.647925,45.63853056,98663,0,1,13,Pedestrian/Animal,80,5,30,6,0,0,1,2,8,1,1,4,2,1,Going Straight,1,1,53,,0,48,34,2001,0,,9,,,,,,1,1,23,2,0,,0,0,3,0,11,0,,,,,0,0,0,3,1,0,,,,96,,,,,,98,,,,,,98225,53,63,180,6,1,0,0,0,0,,0,,,,,,0,,,20,0,0,0,8,9,8,,,0,,,8,8,8,95,,,96,,,8,95,995,,,,,,,,,,,,,,,,,,,,,,,,,,,,,,0,0,0,0,0,0,0,0,0,1,1,1,0,0,0,0,0,0,0,0,0,0,0,1,1,0,0,0,0,1,0,0,1,0,0,,0,0,0,0,0,0,0,0,0,0,0,0,0,0,0,0,,,,,,21-25,16-25,State route,U,Tuesday,Belt Used,PV,Not Fatal,0,0,0,0,State Route,Municipal/City Police,Bellingham Police Department,0,1,0,0,0,,,,,,0,0,0,,,,,,,,,,,98,98,98,0,,,,,20,,,,,,,,,1,0,,,,,,
2018,66,633158,42,03-10-2018,17:42,10,3,March,0,67,Thurston,0,1,0,1,1,2,1,0,1,1,,,,24,0,0,No vehicle,1.5,1,0,1,No intersection,5,1,2,4,0,0,0,0,CR-GATE RD SW,,-123.1071667,46.84892222,98512,0,1,2,Control/Traction Loss,6,1,35,80,0,0,1,5,24,3,3,2,1,14,Making a U turn,1,1,53,,0,24,7,2006,0,,9,,,,,,1,1,59,2,0,,0,0,3,0,11,0,,,,,0,0,0,3,1,0,,,,96,,,,,,98,,,,,,98532,53,63,130,6,1,0,0,0,0,,0,,,,,,0,,,20,0,0,0,8,9,8,,,0,,,8,8,8,95,,,96,,,8,95,995,,,,,,,,,,,,,,,,,,,,,,,,,,,,,,0,0,0,0,0,0,0,0,0,1,0,1,0,0,0,0,0,0,0,0,0,0,0,0,0,0,0,0,0,1,0,0,1,0,0,,0,0,0,0,0,0,0,0,0,0,0,0,0,0,0,0,,,,,,56-60,56-65,City street,U,Wednesday,Belt Used,PV,Not Fatal,0,0,0,0,City Street,Municipal/City Police,Bellingham Police Department,0,0,0,1,0,,,,,,0,0,0,,,,,,,,,,,98,98,98,0,,,,,20,,,,,,,,,1,0,,,,,,
2017,66,632408,2,02-17-2017,14:58,17,2,Feb,0,73,Whatcom,0,1,0,1,1,2,1,0,7,2,,,,12,0,6,Angle,5.2,4,0,1,No intersection,3,1,1,3,0,0,0,0,SR-539,,-122.4859,48.857525,98226,0,2,83,Others,65,4,50,80,0,0,1,2,12,1,1,5,1,1,Going Straight,1,1,53,,0,32,48,2016,0,,18,,,,,,1,1,62,1,0,,1,0,3,0,11,0,,,,,0,0,3,3,1,0,,,,96,,,,,,98,,,,,,98118,53,67,140,6,1,0,0,0,0,,0,,,,,,0,,,8,0,0,0,8,9,8,,,0,,,8,8,0,0,,,0,,,0,0,996,,,,,,,,,,,,,,,,,,,,,,,,,,,,,,0,0,0,0,1,1,1,1,0,0,0,0,0,0,0,0,0,0,0,1,0,0,0,0,0,0,0,0,0,1,1,0,0,0,0,,0,0,0,0,0,0,0,0,0,0,0,0,0,0,0,0,,,,,,61-65,56-65,State route,U,Wednesday,Belt Used,PV,Not Fatal,0,0,0,1,State Route,State Patrol,Washington State Patrol,0,1,0,0,0,,,,,,0,0,0,,,,,,,,,,,98,98,98,0,,,,,20,,,,,,,,,1,0,,,,,,
2017,66,632407,2,02-17-2017,14:58,17,2,Feb,0,73,Whatcom,0,1,0,1,1,2,1,0,7,2,,,,12,0,6,Angle,5.2,4,0,1,No intersection,3,1,1,3,0,0,0,0,SR-539,,-122.4859,48.857525,98226,0,1,82,Turn Into Opp Direction(Turning Left),53,3,50,14,0,0,1,5,12,1,1,5,1,11,Turning Red: Permitted on red,6,2,53,,0,51,881,2021,0,,18,,,,,,1,1,60,1,0,,0,0,3,0,11,0,,,,,6,1,3,3,1,0,,,,96,,,,,,98,,,,,,98580,53,69,180,6,1,0,0,0,0,,0,,,,,,0,,,20,0,0,0,8,9,8,,,0,,,8,8,0,0,,,0,,,0,0,996,,,,,,,,,,,,,,,,,,,,,,,,,,,,,,0,0,0,0,1,1,1,1,0,0,0,0,0,0,0,0,0,0,0,1,0,0,0,0,0,0,0,0,0,1,1,0,0,0,0,,0,0,0,0,0,0,0,0,0,0,0,0,0,0,0,0,,,,,,56-60,56-65,State route,U,Wednesday,,MHTRUCK,Not Fatal,0,0,0,1,State Route,State Patrol,Washington State Patrol,0,1,0,0,0,,,,,,0,0,0,,,,,,,,,,,98,98,98,0,,,,,20,,,,,,,,,1,0,,,,,,
2019,67,633923,180,03-07-2019,18:30,7,3,March,,15,Cowlitz,1190,1,0,3,1,1,1,0,1,1,,,,33,0,0,No vehicle,7.1,1,0,1,No intersection,3,2,1,3,0,0,0,0,SR-432,,-122.9312694,46.11583056,98626,0,1,1,Driver Off Road,13,2,98,80,0,0,1,7,1,2,1,4,1,6,Others,1,2,16,,0,82,881,2020,0,,12,,,,,,1,1,36,1,0,,0,0,3,0,11,0,,,,,6,3,0,3,1,0,,,,96,,,,,,98,,,,,,11368,36,72,999,6,1,0,0,0,0,,0,,,,,,0,,,20,0,0,0,8,9,8,,,0,,,8,8,0,0,,,0,,,0,0,996,,,,,,,,,,,,,,,,,,,,,,,,,,,,,,0,0,0,0,1,1,1,1,0,0,0,0,0,0,0,0,0,0,0,1,0,0,0,0,0,0,0,0,0,1,1,0,0,0,0,,0,0,0,0,0,0,0,0,0,0,0,0,0,0,0,0,,,,,,36-40,36-45,State route,U,Wednesday,,MHTRUCK,Not Fatal,0,0,0,1,State Route,State Patrol,Washington State Patrol,0,1,0,0,0,,,,,,0,0,0,,,,,,,,,,,98,98,98,0,,,,,20,,,,,,,,,1,0,,,,,,
2020,67,634679,5,03-12-2020,14:17,12,3,March,,59,Skamania,0,1,,1,1,2,1,0,4,3,14:18,14:28,15:13,12,0,8,Other,36,1,0,1,No intersection,3,1,1,3,0,0,0,0,SR-14,,-121.9999917,45.63593611,98639,0,3,98,Others,62,4,55,61,1,0,1,2,12,2,1,2,1,14,Making a U turn,1,3,30,,0,51,881,2005,0,,12,64,25,,,,1,1,33,1,0,,0,0,3,0,11,0,,,,,6,3,0,3,1,0,,,,96,,,,,,98,,,,,,98374,53,73,258,6,1,0,0,0,0,,0,,,,,,0,,,20,0,0,0,8,9,8,,,0,,,8,8,0,0,,,0,,,0,0,996,,,,,,,,,,,,,,,,,,,,,,,,,,,,,,0,0,0,0,1,1,1,1,0,0,0,0,0,0,0,0,0,0,0,1,0,0,0,0,0,0,0,0,0,1,1,0,0,0,0,,0,0,0,0,0,0,0,0,0,0,0,0,0,0,0,0,,,,,,31-35,26-35,State route,U,Wednesday,,MHTRUCK,Not Fatal,0,0,0,1,State Route,State Patrol,Washington State Patrol,0,1,0,0,0,,,,,,0,0,0,,,,,,,,,,,98,98,98,0,,,,,20,,,,,,,,,1,0,,,,,,
2021,67,635446,305,03-07-2021,21:55,7,3,March,,11,Clark,2370,10,,3,2,2,1,0,1,1,,,,42,0,0,No vehicle,0,1,0,1,No intersection,3,2,4,6,0,0,0,0,E MILL PLAIN BLVD,,-122.5743417,45.62126944,98664,0,1,6,Drive off road,9,1,35,2,0,0,1,2,42,1,1,2,3,1,Going Straight,1,2,53,,0,41,51,2007,0,,12,12,,,,,1,1,28,1,7,,4,7,20,7,11,0,09/29/2021,02:02,10053049445,49445,0,0,0,3,1,6,51,,,96,,,,,,98,,,,,,98038,53,71,205,6,1,0,2,3,0,,0,,,,,,0,10-15-2018,09-15-2019,8,1,9,0,0,9,8,,,0,,,8,8,2,996,401,,1,1,,2,1,0.253,,,,,,,,,,,,,,,,,,,,,,,,,,,,,,0,0,0,0,1,1,1,1,0,0,0,0,0,0,0,0,0,0,0,1,0,0,0,0,0,0,0,0,0,1,1,0,0,1,0,,1,0,0,0,0,1,1,1,0,0,0,0,0,0,0,1,,,,,,26-30,26-35,State route,U,Wednesday,Not Used,PV,Other,0,0,0,1,State Route,State Patrol,Washington State Patrol,0,1,0,0,0,,,,,,0,0,0,,,,,,,,,,,98,98,98,98,,,,,20,,,,,,,,,1,0,,,,,,
2020,67,634678,5,03-12-2020,14:17,12,3,March,,59,Skamania,0,1,,1,1,2,1,0,4,3,14:18,14:28,15:13,12,0,8,Other,36,1,0,1,No intersection,3,1,1,3,0,0,0,0,SR-14,,-121.9999917,45.63593611,98639,0,2,65,Others,62,4,55,66,0,0,1,2,12,3,1,2,1,14,Making a U turn,1,3,53,,0,51,881,2000,0,,8,,,,,,1,1,41,1,0,,0,0,3,0,11,0,,,,,6,1,3,3,1,0,,,,96,,,,,,98,,,,,,98374,53,71,155,6,1,0,0,1,0,,0,,,,,,0,05-15-2019,05-15-2019,20,0,0,0,8,9,8,,,0,,,8,8,8,95,,,96,,,8,95,995,,,,,,,,,,,,,,,,,,,,,,,,,,,,,,0,0,0,1,0,0,0,0,0,1,0,1,0,0,0,0,0,0,0,0,0,0,0,0,0,0,0,0,0,0,1,1,0,0,0,,0,0,0,0,0,0,0,0,0,0,0,0,0,0,0,0,,,,,,41-45,36-45,State route,U,Thursday,,MHTRUCK,Not Fatal,1,0,0,0,State Route,Municipal/City Police,Tukwila Police Department,0,1,0,0,0,,,,,,0,0,0,,,,,,,,,,,98,98,98,0,,,,,20,,,,,,,,,1,0,,,,,,
2020,67,634677,5,03-12-2020,14:17,12,3,March,,59,Skamania,0,1,,1,1,2,1,0,4,3,14:18,14:28,15:13,12,0,8,Other,36,1,0,1,No intersection,3,1,1,3,0,0,0,0,SR-14,,-121.9999917,45.63593611,98639,0,1,64,Others,10,2,55,4,0,0,1,2,12,2,1,2,1,14,Making a U turn,2,1,53,,0,99,999,9999,0,,12,,,,,,1,1,999,8,0,,0,0,99,7,11,0,,,,,99,9,9,9,1,0,,,,96,,,,,,98,,,,,,99999,99,,999,9,9,99,99,99,99,,97,,,,,,0,,,99,0,0,0,8,9,8,,,0,,,8,8,0,0,,,0,,,9,99,999,,,,,,,,,,,,,,,,,,,,,,,,,,,,,,0,0,0,0,0,0,0,0,0,0,0,0,0,1,1,0,0,0,1,0,0,0,0,0,0,0,0,0,1,1,0,0,0,0,0,,0,0,0,0,0,0,0,0,0,0,0,0,0,0,0,0,,,,,,,,Interstate,U,Saturday,,NR-U,Not Fatal,0,0,0,0,State Route,State Patrol,Washington State Patrol,0,1,0,0,0,,,,,,99,99,99,,,,,,,,,,,98,98,98,0,,,,,20,,,,,,,,,1,19,,,,,,
2018,67,633157,8,03-04-2018,02:44,4,3,March,0,27,Grays Harbor,0,5,0,2,8,1,2,0,5,2,,,,12,0,6,Angle,8.9,1,0,1,No intersection,3,1,1,2,0,0,0,0,US-12,,-123.6290028,46.97656389,,0,2,98,Others,60,4,60,3,0,0,1,2,12,1,1,4,1,1,Going Straight,4,2,53,,0,49,46,2016,0,,12,64,39,,,,1,1,27,1,0,,0,0,3,0,11,0,,,,,0,0,0,3,1,0,,,,96,,,,,,98,,,,,,98003,53,69,198,6,1,0,0,0,0,,0,,,,,,0,,,8,0,0,0,8,9,8,,,0,,,8,8,0,0,,,0,,,0,0,996,,,,,,,,,,,,,,,,,,,,,,,,,,,,,,0,0,0,0,0,0,0,0,0,0,0,0,0,1,1,0,0,0,1,0,0,0,0,0,0,0,0,0,1,1,0,0,0,0,0,,0,0,0,0,0,0,0,0,0,0,0,0,0,0,0,0,,,,,,26-30,26-35,Interstate,U,Saturday,Belt Used,PV,Not Fatal,0,0,0,0,State Route,State Patrol,Washington State Patrol,0,1,0,0,0,,,,,,0,0,0,,,,,,,,,,,98,98,98,0,,,,,20,,,,,,,,,1,19,,,,,,
2018,67,633156,8,03-04-2018,02:44,4,3,March,0,27,Grays Harbor,0,5,0,2,8,1,2,0,5,2,,,,12,0,6,Angle,8.9,1,0,1,No intersection,3,1,1,2,0,0,0,0,US-12,,-123.6290028,46.97656389,,0,1,98,Others,21,2,60,63,0,0,1,5,12,1,1,4,1,12,Others,1,3,53,,0,98,703,2022,0,,12,12,,,,,1,1,36,1,7,,4,7,20,7,11,0,10-02-2021,03:43,1.96E+11,49225,0,0,0,0,1,38,,,,96,,,,,,98,,,,,,99692,2,72,178,0,0,0,0,0,0,,0,,,,,,0,,,20,8,0,0,0,9,8,,,0,,,8,8,2,1,,,1,,,2,1,0,,,,,,,,,,,,,,,,,,,,,,,,,,,,,,0,0,0,0,0,0,0,0,0,0,0,0,0,1,1,0,0,0,1,0,0,0,0,0,0,0,0,0,1,1,0,0,0,0,1,0,0,0,0,0,0,0,0,0,0,0,1,1,0,0,0,0,,,,,,36-40,36-45,Interstate,U,Saturday,,OTHMC,Black,0,0,0,0,State Route,State Patrol,Washington State Patrol,0,1,0,0,0,,,,,,0,0,0,,,,,,,,,,,0,0,0,2,,,,,5,,,,,,,,,1,19,,,,,,
2017,67,632420,14,02-25-2017,23:25,25,2,Feb,0,11,Clark,0,1,0,2,1,2,1,1,1,1,,,,8,1,0,No vehicle,0.9,1,0,1,No intersection,4,2,2,4,0,0,0,0,CR-NE MINNEHAHA ST,,-122.6472139,45.667675,98665,0,1,13,Pedestrian/Animal,80,5,40,14,0,0,1,5,8,1,1,5,1,1,Going Straight,1,1,53,,0,30,46,2018,0,,8,,,,,,1,1,41,1,0,,0,0,3,0,11,0,,,,,0,0,3,3,1,0,,,,96,,,,,,9,,,,,,98144,53,70,175,6,1,0,0,0,0,,11,,,,,,0,,,20,0,0,0,8,9,8,,,0,,,8,1,8,95,,,96,,,2,1,0.08,,,,,,,,,,,,,,,,,,,,,,,,,,,,,,0,0,0,0,1,1,0,1,0,0,0,0,0,0,0,0,0,0,0,0,0,0,0,0,0,0,0,0,0,1,0,1,0,0,0,,0,0,0,0,0,1,0,1,0,0,0,0,0,1,0,1,,,,,,41-45,36-45,Interstate,U,Saturday,Belt Used,PV,Not Fatal,0,0,0,0,State Route,State Patrol,Washington State Patrol,0,1,0,0,0,,,,,,0,0,0,,,,,,,,,,,98,98,98,0,,,,,20,,,,,,,,,1,0,,,,,,
2017,68,632421,4,02-24-2017,17:33,24,2,Feb,0,63,Spokane,2113,10,0,5,1,2,1,0,1,1,,,,43,0,0,No vehicle,287.6,1,0,1,No intersection,1,2,1,1,0,0,0,0,I-90,,-117.2393056,47.67416111,99206,0,1,1,Driver Off Road,13,2,60,34,0,0,1,2,43,1,1,3,3,1,Going Straight,1,1,49,,0,35,43,2019,0,,63,35,42,,,,1,1,33,1,1,,4,7,3,0,11,0,09/27/2021,20:37,2.23E+11,51486,0,0,0,0,1,0,,,,96,,,,,,98,,,,,,98406,53,,999,0,0,0,0,0,0,,0,,,,,,4,,,8,0,0,0,0,9,8,,,0,,,8,8,2,1,,,1,,,2,1,0.187,,,,,,,,,,,,,,,,,,,,,,,,,,,,,,0,0,1,0,1,1,0,1,0,0,0,0,1,1,0,0,0,0,0,0,0,0,0,0,0,0,0,0,0,1,0,0,0,0,0,,1,0,0,0,0,1,0,1,0,1,0,1,0,1,0,1,,,,,,31-35,26-35,State route,U,Monday,Belt Used,PV,Hispanic,0,1,0,0,State Route,State Patrol,Washington State Patrol,1,1,0,0,0,,,,,,0,0,0,,,,,,,,,,,98,98,98,98,,,,,20,,,,,,,,,1,0,,,,,,
2021,68,635448,3,03-05-2021,22:22,5,3,March,,53,Pierce,1124,10,,3,1,1,1,0,2,2,,,,12,0,1,Front-to-Rear,128.4,1,0,1,No intersection,1,2,1,1,0,0,0,0,I-5,,-122.4697194,47.17320556,98408,0,2,25,Others,53,3,60,52,0,0,1,5,12,4,1,4,3,14,Making a U turn,1,3,53,,0,35,472,2018,0,,12,1,63,,,,1,1,43,1,7,,4,7,20,7,11,0,09/21/2021,07:22,69053049003,49003,0,0,0,3,1,0,,,,96,,,,,,98,,,,,,98201,53,72,270,6,1,0,0,1,1,,0,,,,,,0,04-15-2017,04-15-2019,8,0,0,0,0,9,8,,,0,,,8,8,2,189,188,996,1,1,1,2,1,0,,,,,,,,,,,,,,,,,,,,,,,,,,,,,,0,0,0,0,0,0,1,1,0,0,0,0,1,0,0,0,0,0,0,1,0,0,0,0,0,0,0,0,0,1,0,0,0,1,0,,1,0,0,0,0,0,1,1,0,0,0,0,0,0,1,0,,,,,,41-45,36-45,City street,U,Tuesday,Not Used,PV,White,0,0,0,0,City Street,Municipal/City Police,Everett Police Department,0,0,0,1,0,,,,,,0,0,0,,,,,,,,,,,98,98,98,1,,,,,20,,,,,,,,,1,0,,,,,,
2021,68,635447,3,03-05-2021,22:22,5,3,March,,53,Pierce,1124,10,,3,1,1,1,0,2,2,,,,12,0,1,Front-to-Rear,128.4,1,0,1,No intersection,1,2,1,1,0,0,0,0,I-5,,-122.4697194,47.17320556,98408,0,1,24,Others,51,3,60,4,0,0,1,2,12,4,1,4,3,14,Making a U turn,1,1,53,,0,35,401,1996,0,,12,63,30,30,14,14,1,1,35,1,0,,3,0,99,7,11,4,,,,,0,0,0,3,1,0,,,,96,,,,,,8,9,,,,,98012,53,70,200,6,1,0,0,0,1,,97,,,,,,4,03-15-2019,03-15-2019,8,0,0,0,8,9,2,,,0,,,1,0,8,95,,,96,,,0,0,996,,,,,,,,,,,,,,,,,,,,,,,,,,,,,,0,0,0,0,0,0,1,1,0,0,0,0,1,0,0,0,0,0,0,1,0,0,0,0,0,0,0,0,0,1,0,0,0,0,0,,0,0,0,0,0,0,0,0,0,1,0,0,0,0,0,0,,,,,,31-35,26-35,City street,U,Tuesday,Unknown,PV,Not Fatal,0,0,0,0,City Street,Municipal/City Police,Everett Police Department,0,0,0,1,0,,,,,,0,0,0,,,,,,,,,,,0,0,0,0,,,,,20,,,,,,,,,1,0,,,,,,
2020,68,634682,1,03-11-2020,20:45,11,3,March,,5,Benton,0,1,,2,1,1,1,0,4,2,21:50,22:02,22:31,12,0,1,Front-to-Rear,103.5,1,0,1,No intersection,1,2,1,1,0,0,0,0,I-82,,-119.3553306,46.23027778,,0,2,98,Others,50,3,70,4,0,0,1,2,12,1,1,2,2,1,Going Straight,3,1,53,,0,54,35,2001,0,,64,34,67,59,1,,1,1,24,1,7,,4,7,3,0,11,0,10-03-2021,08:57,53050499,50499,0,0,0,3,1,0,,,,92,,,,,,98,,,,,,98584,53,69,150,6,1,1,1,2,3,,0,,,,,,0,05-15-2016,11-15-2020,8,1,9,0,0,9,8,,,0,,,8,8,2,695,605,,1,1,,2,1,0.119,,,,,,,,,,,,,,,,,,,,,,,,,,,,,,0,0,1,0,1,1,1,1,1,0,0,0,0,0,0,0,1,0,0,0,0,0,0,1,1,0,0,0,0,1,0,0,0,0,0,,1,0,0,0,0,1,1,1,1,0,0,0,0,0,0,1,,,,,,21-25,16-25,County road,U,Sunday,Belt Used,PV,White,0,1,0,0,County Road,County Sheriff,Mason County Sheriff's Office,1,0,1,0,0,thc,50,carboxy-thc,230,,0,0,5,,,,,,,,,,,98,98,98,1,,,,,20,,,,,,,,nms,1,0,,,JOHNS PRAIRIE RD,2.623,NULL,