year,something,Cases,repjur,crash_dt,crash_tm,accday,Month,Month,holiday,county,co_char,city,weather,weather2,lightcond,surfcond,surftype,Number of Fatalities,nmforms,pforms,vforms,not_tm,arr_tm,hosp_tm,fhevent,hitrun,Manner of Collision,Manner of Collision,milepnt,reljunc,reljuncinter,intersectiontype,Intersection Type,funcsystem,landuse,ownership,route,schlbus,spejur,contdev,devfunc,trafid1,trafid2,x,y,zipcode,wk_zone,vnumber,crashtype,Crash Type,criticalevent,criticaleventcat,spdlim,body,trailer,emerg,hazcargo,leave,mhevent,roadalgn,roadprof,traflane,trafflow,Vehicle Manure,Vehicle Manure,numoccs,regowner,regstate,,spuse,make,model,modelyr,vrf1,vrf2,seqevent1,seqevent2,seqevent3,seqevent4,seqevent5,seqevent6,pnumber,ptype,age,sex,hispanic,race,injury,diedscene,restraint,restraintmisuse,seatpos,takehosp,death_dt,death_tm,cert,cernum_wa,commlic,licendor,licrestrict,liccomp,drivpres,drf1,drf2,drf3,drf4,distract1,distract2,distract3,distract4,distract5,distract6,dricond1,dricond2,dricond3,dricond4,dricond5,dricond6,dzip,licstate,drhgt_in,weight,noncdl,noncdltype,prevdwi,prevoth,prevacc,prevspd,prevsus,driviol1,driviol2,driviol3,driviol4,driviol5,driviol6,spdrel,first_dt,last_dt,airbag,ejection,ejectpath,extricat,injurwrk,methalc,methdrug,nmlocat,strikveh,prf1,prf2,prf3,druginv,alcinvol,drugsts,drugres1,drugres2,drugres3,drugtst1,drugtst2,drugtst3,alcsts,alctst,alcres,nmact1,nmact2,nmact3,nmact4,nmact5,nmact6,nmprior1,nmprior2,nmprior3,nmprior4,nmprior5,nmprior6,nmcond1,nmcond2,nmcond3,nmcond4,nmcond5,nmcond6,nmsafe_helmet,nmsafe_pads,nmsafe_oth,nmprev_ref,nmprev_lgt,nmprev_oth,crashlocation,nmcrashtype,crosswalk,schoolzone,sidewalk,train_inv,wildlife_inv,rotr_fars,intersect_fars,Drink and Drive,aid_inv,Drug Positive Drivers,Impaired Drivers,Marijuana Positive,impnm_inv,ainm_inv,dpnm_inv,speed_inv,unlic_inv,unendmc_inv,drowsy_inv,drdist_inv,nmdist_inv,fty_inv,unrestfat_inv,dr1617_inv,dr1820_inv,dr1620_inv,dr2125_inv,dr1625_inv,dr65_inv,dr70_inv,dr75_inv,mc_inv,pv_inv,ht_inv,ped_inv,bike_inv,unrest_fat,mc_fat,unhelmet_mc,pv_fat,ht_fat,ped_fat,bike_fat,dr_alc7,dr_alc8,dr_drug,dr_imp,dr_dist,dr_spd,dr_fty,dr_unlic,dr_alc7only,dr_alc8only,dr_drugonly,dr_drink,nm_imp,nm_alc7,nm_alc8,nm_drug,nm_dist,agegrp1,agegrp2,roadclass,urbrur,dayweek,restuse,vehtype,race_me,intersect,lanedep,oppdir,wrongway,rep_typ,investag,repag_long,rotr,st_rd,cty_rd,city_rd,oth_rd,drug_thc,thc_res,drug_cthc,cthc_res,drug_cann,prevpersemin,prevperse,prevsusoth,drugtst4,drugtst5,drugtst6,drugtst7,drugtst8,drugres4,drugres5,drugres6,drugres7,drugres8,adspresent,adsengaged,adslevel,race1,race2,race3,race4,race5,helmet,helmetmisuse,nmdistract1,nmdistract2,nmdistract3,nmdistract4,nmdistract5,nmdistract6,lab,isedtcase,crf1,crf2,crf3,CoRoadName,CoMP,IntCoRoadName,IntCoMP
2019,68,633803,250,01-08-2019,20:53,8,1,Jan,,5,Benton,1850,2,0,3,2,2,1,0,1,1,,,,19,0,0,No vehicle,0,1,0,1,No intersection,7,2,4,6,0,0,0,0,JADWIN AVE,,-119.2752139,46.28110833,99352,0,1,2,Control/Traction Loss,1,1,30,14,0,0,1,7,2,1,1,2,1,1,Going Straight,1,1,53,,0,12,481,1993,0,,63,35,1,,,,1,1,25,1,7,,4,7,20,7,11,0,09-11-2021,01:14,53045075,45075,6,0,0,3,1,0,,,,92,,,,,,98,,,,,,83318,16,67,130,6,1,0,0,0,0,,0,,,,,,0,,,20,1,9,0,1,9,8,,,0,,,8,8,0,0,,,0,,,0,0,996,,,,,,,,,,,,,,,,,,,,,,,,,,,,,,0,0,1,0,0,0,0,0,0,0,0,0,0,0,0,0,1,0,0,1,0,0,0,1,1,0,0,0,0,1,0,0,0,1,0,,1,0,0,0,0,0,0,0,1,0,0,0,0,0,0,0,,,,,,21-25,16-25,US highway,R,Saturday,Not Used,PV,White,0,1,0,0,State Route,State Patrol,Washington State Patrol,1,1,0,0,0,,,,,,0,0,0,,,,,,,,,,,0,0,0,1,,,,,20,,,,,,,,,1,0,,,,,,
2018,68,633155,3,03-08-2018,02:10,8,3,March,0,53,Pierce,1124,10,0,3,2,2,3,0,4,2,,,,12,0,7,"Sideswipe,Same",125.3,1,0,1,No intersection,1,2,1,1,0,0,0,0,I-5,,-122.5209583,47.13935278,94899,0,2,48,Others,61,4,60,14,0,0,1,2,1,1,1,4,3,1,Going Straight,3,1,53,,0,72,706,2021,0,,12,,,,,,1,1,58,1,7,,4,7,20,7,11,0,10-01-2021,16:55,53050594,50594,0,0,0,3,1,0,,,,96,,,,,,98,,,,,,99003,53,72,199,6,1,0,0,0,0,,0,,,,,,0,,,20,8,0,0,0,9,8,,,0,,,8,8,2,996,996,,1,1,,2,1,0,,,,,,,,,,,,,,,,,,,,,,,,,,,,,,0,0,0,1,0,0,1,1,0,0,0,0,0,0,0,0,0,0,1,0,0,0,0,0,0,1,1,1,1,1,0,0,0,0,1,1,0,0,0,0,0,0,1,1,0,0,0,0,0,0,1,0,,,,,,56-60,56-65,US highway,U,Friday,,MC,White,1,0,0,0,State Route,State Patrol,Washington State Patrol,0,1,0,0,0,,,,,,0,0,0,,,,,,,,,,,98,98,98,1,,,,,16,,,,,,,,,1,0,,,,,,
2018,68,633154,3,03-08-2018,02:10,8,3,March,0,53,Pierce,1124,10,0,3,2,2,3,0,4,2,,,,12,1,7,"Sideswipe,Same",125.3,1,0,1,No intersection,1,2,1,1,0,0,0,0,I-5,,-122.5209583,47.13935278,94899,0,1,48,Others,6,1,60,4,0,0,1,2,12,1,1,4,3,1,Going Straight,1,2,53,,0,20,423,2015,0,,12,,,,,,1,1,81,2,0,,2,0,3,0,11,5,,,,,0,0,3,3,1,38,,,,96,,,,,,98,,,,,,99005,53,65,168,6,1,0,1,1,0,,46,,,,,,0,12-15-2017,12-15-2017,20,0,0,0,8,9,8,,,0,,,8,8,0,0,,,0,,,0,0,996,,,,,,,,,,,,,,,,,,,,,,,,,,,,,,0,0,0,1,0,0,1,1,0,0,0,0,0,0,0,0,0,0,1,0,0,0,0,0,0,1,1,1,1,1,0,0,0,0,0,,0,0,0,0,0,0,0,0,0,0,1,0,0,0,0,0,,,,,,81+,76+,US highway,U,Friday,Belt Used,PV,Not Fatal,1,0,0,0,State Route,State Patrol,Washington State Patrol,0,1,0,0,0,,,,,,0,0,0,,,,,,,,,,,98,98,98,0,,,,,20,,,,,,,,,1,0,,,,,,
2021,69,3848252,263,02-24-2021,09:15,24,2,Feb,,33,King,1960,10,,1,1,1,1,1,1,2,,,,8,0,0,No vehicle,0,1,0,1,No intersection,4,2,4,6,0,0,0,0,10TH AVE E,,-122.3200917,47.63695556,98102,0,1,13,Pedestrian/Animal,8,1,25,14,0,0,1,2,8,1,2,2,2,1,Going Straight,1,1,53,,0,2,999,9999,0,,12,1,,,,,1,1,63,2,7,,4,7,20,7,11,0,09-04-2021,19:13,1.66E+11,45218,0,0,3,3,1,0,,,,96,,,,,,98,,,,,,99336,53,65,115,6,1,0,0,0,0,,0,,,,,,3,02-15-2019,02-15-2019,20,1,9,0,0,9,8,,,0,,,8,8,2,996,,,1,,,2,1,0.184,,,,,,,,,,,,,,,,,,,,,,,,,,,,,,0,0,0,1,1,1,1,1,0,0,0,0,1,0,0,0,1,0,1,1,0,0,0,1,1,0,0,0,0,1,0,0,0,1,0,,1,0,0,0,0,1,1,1,0,1,0,0,0,0,0,1,,,,,,61-65,56-65,City street,U,Saturday,Not Used,PV,White,1,0,0,0,City Street,Municipal/City Police,Pasco Police Department,0,0,0,1,0,,,,,,0,0,1,,,,,,,,,,,0,0,0,1,,,,,20,,,,,,,,,1,0,,,,,,
2020,69,634684,5,03-06-2020,15:50,6,3,March,,11,Clark,0,2,,1,2,2,3,0,5,2,,,,12,0,2,Front-to-Front,5.4,1,0,1,No intersection,3,2,1,3,0,0,0,0,SR-503,,-122.5514389,45.7455,98604,0,2,51,Lateral Move(Going Straight),62,4,55,20,0,0,1,2,12,3,2,5,5,14,Making a U turn,4,2,53,,0,49,40,2004,0,,12,,,,,,1,1,23,2,0,,2,0,3,0,11,5,,,,,0,0,0,3,1,38,,,,92,,,,,,98,,,,,,99301,53,61,150,6,1,0,0,0,0,,46,75,,,,,0,,,8,0,0,0,8,1,1,,,0,,,0,0,2,1,,,1,,,2,98,0,,,,,,,,,,,,,,,,,,,,,,,,,,,,,,0,0,0,1,1,1,1,1,0,0,0,0,1,0,0,0,1,0,1,1,0,0,0,1,1,0,0,0,0,1,0,0,0,0,0,,0,0,0,0,0,0,0,0,1,0,1,0,0,0,0,0,,,,,,21-25,16-25,City street,U,Saturday,Belt Used,PV,Not Fatal,1,0,0,0,City Street,Municipal/City Police,Pasco Police Department,0,0,0,1,0,,,,,,0,0,0,,,,,,,,,,,98,98,98,0,,,,,20,,,,,,,,,1,0,,,,,,
2020,69,634683,5,03-06-2020,15:50,6,3,March,,11,Clark,0,2,,1,2,2,3,0,5,2,,,,12,0,2,Front-to-Front,5.4,1,0,1,No intersection,3,2,1,3,0,0,0,0,SR-503,,-122.5514389,45.7455,98604,0,1,50,Lateral Move(Left/Right),10,2,55,5,0,0,1,2,12,2,2,5,5,14,Making a U turn,1,2,53,,0,56,31,1987,0,,8,63,14,,,,1,1,32,1,0,,0,0,3,0,11,0,,,,,0,0,0,3,1,0,,,,96,,,,,,9,,,,,,98550,53,72,180,6,1,0,1,0,1,,1,,,,,,0,09-15-2018,09-15-2019,20,0,0,0,8,9,2,,,0,,,8,1,2,695,605,,1,1,,2,1,0.18,,,,,,,,,,,,,,,,,,,,,,,,,,,,,,0,0,0,0,1,1,1,1,1,1,0,1,0,0,0,0,0,0,0,0,0,0,0,0,0,0,0,0,0,1,0,1,0,0,0,,0,0,0,0,0,1,1,1,0,0,0,0,0,0,0,1,,,,,,31-35,26-35,US highway,U,Saturday,Belt Used,PV,Not Fatal,0,0,0,0,State Route,State Patrol,Washington State Patrol,0,1,0,0,0,thc,6.1,carboxy-thc,50,,0,0,0,,,,,,,,,,,0,0,0,0,,,,,20,,,,,,,,,1,23,,,,,,
2019,69,633924,290,03-08-2019,13:11,8,3,March,,53,Pierce,2230,1,0,1,1,2,1,1,1,1,,,,9,0,0,No vehicle,3.8,1,0,1,No intersection,3,2,1,3,0,3,0,0,SR-509,,-122.3601917,47.25653333,98424,0,1,13,Pedestrian/Animal,83,5,50,6,0,0,1,7,9,1,1,2,2,1,Going Straight,1,3,53,,0,7,482,2016,0,,12,,,,,,1,1,22,1,0,,0,0,3,0,11,0,,,,,0,0,0,3,1,0,,,,96,,,,,,98,,,,,,98001,53,72,150,6,1,0,1,1,0,,0,,,,,,0,11-15-2017,02-15-2017,20,0,0,0,8,9,8,,,0,,,8,8,8,95,,,96,,,8,95,995,,,,,,,,,,,,,,,,,,,,,,,,,,,,,,0,0,0,0,0,0,1,1,0,0,0,0,1,0,0,0,0,0,0,0,0,0,0,1,1,0,0,0,1,1,0,0,0,0,0,,0,0,0,0,0,0,0,0,0,0,0,0,0,0,0,0,,,,,,21-25,16-25,Interstate,U,Friday,Belt Used,PV,Not Fatal,0,0,0,0,State Route,State Patrol,Washington State Patrol,0,1,0,0,0,,,,,,0,0,0,,,,,,,,,,,98,98,98,0,,,,,20,,,,,,,,,1,0,,,,,,
2018,69,633191,8,03-13-2018,06:36,13,3,March,0,35,Kitsap,0,1,0,1,1,2,1,0,3,3,06:34,06:43,,12,0,2,Front-to-Front,56.7,1,0,1,No intersection,3,1,1,3,0,0,0,0,SR-3,,-122.6451833,47.81473611,98730,0,3,98,Others,50,3,55,4,0,0,1,2,12,1,1,2,1,1,Going Straight,1,1,53,,0,37,705,2009,0,,12,,,,,,1,1,47,1,7,,4,0,20,7,11,5,10-01-2021,15:37,73553054706,54706,0,0,0,3,1,0,,,,96,,,,,,98,,,,,,98408,53,66,145,6,1,0,0,0,3,,0,,,,,,4,02-15-2017,04-15-2020,20,8,0,0,0,9,8,,,0,,,8,8,2,996,348,996,1,1,1,2,1,0,,,,,,,,,,,,,,,,,,,,,,,,,,,,,,0,0,0,0,0,0,1,1,0,0,0,0,1,0,0,0,0,0,0,0,0,0,0,1,1,0,0,0,1,1,0,0,0,0,1,0,0,0,0,0,0,0,1,1,0,1,0,0,0,0,1,0,,,,,,46-50,46-55,Interstate,U,Friday,,MC,Multiracial,0,0,0,0,State Route,State Patrol,Washington State Patrol,0,1,0,0,0,,,,,,0,0,0,1,1,,,,996,151,,,,0,0,0,278,201,204,,,5,,,,,,,,,1,0,,,,,,
2018,69,633190,8,03-13-2018,06:36,13,3,March,0,35,Kitsap,0,1,0,1,1,2,1,0,3,3,06:34,06:43,,12,0,2,Front-to-Front,56.7,1,0,1,No intersection,3,1,1,3,0,0,0,0,SR-3,,-122.6451833,47.81473611,98730,0,2,51,Lateral Move(Going Straight),62,4,55,66,1,0,1,2,12,1,1,2,1,1,Going Straight,1,3,53,,0,12,481,2011,0,,12,,,,,,1,1,49,2,0,,0,0,3,0,11,0,,,,,0,0,0,3,1,0,,,,96,,,,,,98,,,,,,98649,53,64,190,6,1,0,0,0,0,,0,,,,,,0,,,8,0,0,0,8,9,8,,,0,,,8,8,0,0,,,0,,,0,0,996,,,,,,,,,,,,,,,,,,,,,,,,,,,,,,0,0,0,0,0,0,0,0,0,0,0,0,1,0,0,0,0,0,0,0,0,0,0,0,0,0,0,0,1,1,0,0,0,0,0,,0,0,0,0,0,0,0,0,0,0,0,0,0,0,0,0,,,,,,46-50,46-55,County road,R,Saturday,Belt Used,PV,Not Fatal,0,1,1,0,County Road,County Sheriff,Lewis County Sheriff's Office,0,0,1,0,0,,,,,,0,0,0,,,,,,,,,,,98,98,98,0,,,,,20,,,,,,,,,1,0,,,TUCKER RD,3.047,NULL,
2018,69,633189,8,03-13-2018,06:36,13,3,March,0,35,Kitsap,0,1,0,1,1,2,1,0,3,3,06:34,06:43,,12,0,2,Front-to-Front,56.7,1,0,1,No intersection,3,1,1,3,0,0,0,0,SR-3,,-122.6451833,47.81473611,98730,0,1,50,Lateral Move(Left/Right),10,2,55,21,0,0,1,2,12,1,1,2,1,1,Going Straight,1,1,53,,0,73,705,2014,0,,68,12,,,,,1,1,26,1,7,,4,7,20,7,11,0,09/25/2021,09:43,53050042,50042,0,0,0,3,1,28,,,,96,,,,,,98,,,,,,98387,53,61,195,6,1,0,0,0,0,,0,,,,,,4,,,20,8,0,0,0,9,8,,,0,,,8,8,2,1,,,1,,,2,1,0,,,,,,,,,,,,,,,,,,,,,,,,,,,,,,0,0,0,0,0,0,0,0,0,0,0,0,1,0,0,0,0,0,0,0,0,0,0,0,0,0,0,0,1,1,0,0,0,0,1,0,0,0,0,0,0,0,0,0,0,1,0,0,0,0,0,0,,,,,,26-30,26-35,County road,R,Saturday,,MC,White,0,1,1,0,County Road,County Sheriff,Lewis County Sheriff's Office,0,0,1,0,0,,,,,,0,0,0,,,,,,,,,,,0,0,0,1,,,,,5,,,,,,,,,1,0,,,TUCKER RD,3.047,NULL,
2017,69,632431,163,02-27-2017,01:19,27,2,Feb,0,33,King,1050,1,0,3,1,2,1,0,1,1,,,,42,0,0,No vehicle,0,1,0,1,No intersection,3,2,4,6,0,0,0,0,NE 124TH ST,,-122.15745,47.711625,98034,0,1,2,Control/Traction Loss,6,1,35,4,0,0,1,2,30,2,2,5,5,14,Making a U turn,1,1,53,,0,23,481,2005,0,,12,,,,,,1,1,47,1,0,,0,0,3,0,11,0,,,,,0,0,0,3,1,0,,,,96,,,,,,98,,,,,,98801,53,74,220,6,1,0,0,0,2,,0,,,,,,0,10-15-2017,04-15-2018,20,0,0,0,8,9,2,,,0,,,8,8,8,95,,,96,,,2,1,997,,,,,,,,,,,,,,,,,,,,,,,,,,,,,,0,0,0,1,0,0,1,1,0,0,0,0,0,1,0,0,0,0,1,0,0,0,0,0,0,0,0,0,0,1,0,0,0,0,0,,0,0,0,0,0,0,0,0,0,0,0,0,0,0,0,0,,,,,,46-50,46-55,US highway,R,Wednesday,Belt Used,PV,Not Fatal,1,0,0,0,State Route,State Patrol,Washington State Patrol,0,1,0,0,0,,,,,,0,0,0,,,,,,,,,,,98,98,98,0,,,,,20,,,,,,,,,1,0,,,,,,
2021,70,635449,3,03-16-2021,13:20,16,3,March,,67,Thurston,1102,1,,1,1,2,1,1,1,1,,,,8,0,0,No vehicle,108.4,1,0,1,No intersection,1,2,1,1,0,0,0,0,I-5,,-122.8357611,47.04561944,98503,0,1,13,Pedestrian/Animal,80,5,60,63,0,0,1,5,8,1,1,3,3,1,Going Straight,1,3,53,,0,20,9,1979,0,,12,,,,,,1,1,60,2,7,,4,7,3,0,11,0,09/22/2021,15:00,53048793,48793,0,0,0,2,1,38,,,,96,,,,,,9,,,,,,98847,53,62,135,1,1,0,0,0,0,,0,,,,,,0,,,20,0,0,0,0,9,8,,,0,,,1,8,2,401,417,,1,1,,2,1,0,,,,,,,,,,,,,,,,,,,,,,,,,,,,,,0,0,0,1,0,0,1,1,0,0,0,0,0,1,0,0,0,0,1,0,0,0,0,0,0,0,0,0,0,1,0,0,0,0,0,,1,0,0,0,0,0,1,1,0,0,1,1,0,0,1,0,,,,,,56-60,56-65,US highway,R,Wednesday,Belt Used,PV,White,1,0,0,0,State Route,State Patrol,Washington State Patrol,0,1,0,0,0,,,,,,0,0,0,,,,,,,,,,,0,0,0,1,,,,,20,,,,,,,,,1,0,,,,,,
2020,70,634686,206,01-06-2020,07:42,6,1,Jan,,61,Snohomish,1407,10,,1,1,2,1,0,1,1,,,,30,0,0,No vehicle,0,1,0,1,No intersection,4,2,4,6,0,0,0,0,44TH AVE W,,-122.2923194,47.79980556,98036,0,1,6,Drive off road,8,1,30,14,0,0,1,2,2,1,1,4,1,1,Going Straight,1,2,53,,0,7,461,1998,0,,12,63,24,59,,,1,1,64,1,0,,3,0,3,0,11,5,,,,,0,0,0,3,1,0,,,,96,,,,,,98,,,,,,97218,41,73,245,6,1,0,0,0,0,,0,,,,,,0,,,8,0,0,0,8,9,8,,,0,,,8,8,0,0,,,0,,,0,0,996,,,,,,,,,,,,,,,,,,,,,,,,,,,,,,0,0,0,1,0,0,1,1,0,0,0,0,0,0,0,0,0,0,0,0,0,0,0,0,0,0,0,0,0,1,0,0,0,0,0,,0,0,0,0,0,0,0,0,0,0,0,0,0,0,0,0,,,,,,61-65,56-65,State route,U,Wednesday,Belt Used,PV,Not Fatal,1,0,0,0,State Route,State Patrol,Washington State Patrol,0,1,0,0,0,,,,,,0,0,0,,,,,,,,,,,0,0,0,0,,,,,20,,,,,,,,,1,0,,,,,,
2019,70,633937,122,03-16-2019,05:57,16,3,March,,61,Snohomish,690,10,0,3,1,2,1,0,3,2,,,,12,0,2,Front-to-Front,46.7,1,0,1,No intersection,3,2,1,3,0,0,0,0,SR-99,,-122.2483583,47.90018056,98204,0,2,51,Lateral Move(Going Straight),62,4,98,4,0,0,1,7,12,1,2,5,5,1,Going Straight,1,1,53,,0,37,32,2016,0,,68,64,69,12,,,1,1,60,1,7,,4,7,3,0,11,0,09/22/2021,09:47,2.42E+11,48337,0,0,3,3,1,51,,,,96,,,,,,98,,,,,,98671,53,72,220,6,1,0,0,0,1,,0,,,,,,0,08-15-2018,08-15-2018,20,0,0,0,0,9,8,,,0,,,8,8,2,996,996,996,1,1,1,2,1,0,,,,,,,,,,,,,,,,,,,,,,,,,,,,,,0,0,0,1,0,0,1,1,0,0,0,0,0,0,0,0,0,0,0,0,0,0,0,0,0,0,0,0,0,1,0,0,0,0,0,,1,0,0,0,0,0,1,1,0,0,0,0,0,0,1,0,,,,,,56-60,56-65,State route,U,Wednesday,Belt Used,PV,White,1,0,0,0,State Route,State Patrol,Washington State Patrol,0,1,0,0,0,,,,,,0,0,0,,,,,,,,,,,98,98,98,1,,,,,20,,,,,,,,,1,0,,,,,,
2019,70,633936,122,03-16-2019,05:57,16,3,March,,61,Snohomish,690,10,0,3,1,2,1,0,3,2,,,,12,0,2,Front-to-Front,46.7,1,0,1,No intersection,3,2,1,3,0,0,0,0,SR-99,,-122.2483583,47.90018056,98204,0,1,50,Lateral Move(Left/Right),10,2,98,6,0,0,1,7,12,1,2,5,5,1,Going Straight,2,1,53,,0,20,481,2016,0,,68,64,42,,,,1,1,18,1,7,,4,7,20,7,11,0,09/18/2021,03:00,53048820,48820,0,0,0,3,1,0,,,,96,,,,,,9,,,,,,98331,53,68,145,6,2,0,1,1,0,,0,,,,,,4,11-15-2019,09-15-2019,8,0,0,0,0,9,8,,,0,,,8,1,2,996,996,,1,1,,2,1,0.165,,,,,,,,,,,,,,,,,,,,,,,,,,,,,,0,0,1,0,1,1,1,1,0,0,0,0,1,0,0,0,0,0,0,1,0,1,1,0,1,0,0,0,0,1,0,0,0,1,0,,1,0,0,0,0,1,1,1,0,1,0,0,0,0,0,1,,,,,,18-20,16-25,Other,R,Saturday,Not Used,PV,White,0,1,0,0,Other,County Sheriff,Clallam County Sheriff's Office,1,0,0,0,1,,,,,,0,0,0,,,,,,,,,,,98,98,98,1,,,,,20,,,,,,,,,1,0,,,,,,
2018,70,633169,39,03-10-2018,15:02,10,3,March,0,61,Snohomish,0,1,0,1,1,2,1,0,2,2,15:02,15:12,,12,0,2,Front-to-Front,0.2,1,0,1,No intersection,7,1,2,4,0,0,0,0,CR-183RD AVE SE,,-121.9844,47.96607778,98290,0,2,51,Lateral Move(Going Straight),62,4,25,34,0,0,1,7,12,1,3,8,1,1,Going Straight,1,1,53,,0,97,997,9998,0,,8,,,,,,1,1,998,8,0,,9,0,98,7,11,0,,,,,99,9,9,9,1,0,,,,96,,,,,,98,,,,,,99998,98,,999,9,9,99,99,99,99,,0,,,,,,0,,,98,7,0,0,8,9,8,,,0,,,8,8,8,95,,,96,,,8,95,995,,,,,,,,,,,,,,,,,,,,,,,,,,,,,,0,0,0,0,0,0,0,0,0,1,0,1,0,0,0,0,0,1,0,0,0,0,0,0,0,0,0,0,0,0,0,1,0,0,0,,0,0,0,0,0,0,0,0,0,0,0,0,0,0,0,0,,,,,,,,County road,U,Tuesday,,NR-U,Not Fatal,0,0,0,0,County Road,County Sheriff,Law Enforcement Support Agency,0,0,1,0,0,,,,,,99,99,99,,,,,,,,,,,98,98,98,0,,,,,20,,,,,,,,,1,0,,,200 ST E,1.75,NULL,
2018,70,633168,39,03-10-2018,15:02,10,3,March,0,61,Snohomish,0,1,0,1,1,2,1,0,2,2,15:02,15:12,,12,0,2,Front-to-Front,0.2,1,0,1,No intersection,7,1,2,4,0,0,0,0,CR-183RD AVE SE,,-121.9844,47.96607778,98290,0,1,50,Lateral Move(Left/Right),10,2,25,83,0,0,1,5,12,1,3,2,1,1,Going Straight,1,2,53,,0,99,999,9999,0,,8,,,,,,1,1,998,8,0,,9,0,99,7,11,0,,,,,99,9,9,9,1,0,,,,96,,,,,,98,,,,,,99999,99,,999,9,9,99,99,99,99,,97,,,,,,0,,,99,0,0,0,8,9,8,,,0,,,8,8,8,95,,,96,,,8,95,995,,,,,,,,,,,,,,,,,,,,,,,,,,,,,,0,0,0,0,0,0,0,0,0,1,0,1,0,0,0,0,0,1,0,0,0,0,0,0,0,0,0,0,0,0,0,1,0,0,0,,0,0,0,0,0,0,0,0,0,0,0,0,0,0,0,0,,,,,,,,County road,U,Tuesday,,NR-U,Not Fatal,0,0,0,0,County Road,County Sheriff,Law Enforcement Support Agency,0,0,1,0,0,,,,,,99,99,99,,,,,,,,,,,98,98,98,0,,,,,20,,,,,,,,,1,0,,,200 ST E,1.75,NULL,
2017,70,632422,25,02-24-2017,18:30,24,2,Feb,0,33,King,229,10,0,3,1,1,1,1,1,1,,,,8,1,0,No vehicle,0,1,0,1,No intersection,4,2,4,6,0,0,0,0,S 152ND ST,,-122.3282333,47.46689722,98148,0,1,13,Pedestrian/Animal,80,5,25,9,0,0,1,5,8,1,1,2,1,1,Going Straight,99,9,99,,0,48,34,2012,0,,8,,,,,,1,1,31,1,0,,0,0,3,0,11,0,,,,,0,0,3,3,1,0,,,,12,,,,,,98,,,,,,99224,53,69,190,6,1,0,0,0,1,,0,,,,,,0,03-15-2019,03-15-2019,20,0,0,0,8,9,8,,,0,,,8,8,8,95,,,96,,,2,1,997,,,,,,,,,,,,,,,,,,,,,,,,,,,,,,0,0,0,1,0,0,0,0,0,1,1,0,0,0,0,0,1,1,0,0,0,0,0,0,0,0,0,0,0,1,0,1,0,0,0,,0,0,0,0,0,0,0,0,1,0,0,0,0,0,0,0,,,,,,31-35,26-35,County road,R,Wednesday,Belt Used,PV,Not Fatal,1,0,0,0,County Road,County Sheriff,Spokane County Sheriff's Office,0,0,1,0,0,,,,,,0,0,0,,,,,,,,,,,98,98,98,0,,,,,20,,,,,,,,,1,0,,,WESTBOW BV,1.18,NULL,
2021,71,635454,3,03-20-2021,16:10,20,3,March,,67,Thurston,0,1,,1,1,2,2,0,6,4,,,,12,0,6,Angle,7.2,1,0,1,No intersection,4,1,1,3,0,0,0,0,SR-510,,-122.6801694,47.00545,,0,4,98,Others,98,7,45,4,0,0,1,5,54,1,1,2,1,1,Going Straight,1,2,53,,0,12,471,1993,0,,12,,,,,,1,1,18,1,0,,0,0,3,0,11,0,,,,,0,0,0,3,1,0,,,,96,,,,,,98,,,,,,98037,53,68,150,6,2,0,0,0,0,,97,,,,,,2,,,20,0,0,0,8,9,8,,,0,,,8,8,0,0,,,0,,,0,0,996,,,,,,,,,,,,,,,,,,,,,,,,,,,,,,0,0,0,1,1,1,1,1,0,0,0,0,1,1,0,0,0,0,0,0,0,1,1,0,1,0,0,0,0,1,0,0,0,0,0,,0,0,0,0,0,0,0,0,0,1,0,0,0,0,0,0,,,,,,18-20,16-25,County road,U,Monday,Belt Used,PV,Not Fatal,1,0,0,0,County Road,County Sheriff,Snohomish County Sheriff's Office,0,0,1,0,0,,,,,,0,0,0,,,,,,,,,,,0,0,0,0,,,,,20,,,,,,,,,1,0,,,164TH ST SW,0.677,NULL,
2021,71,635453,3,03-20-2021,16:10,20,3,March,,67,Thurston,0,1,,1,1,2,2,0,6,4,,,,12,0,6,Angle,7.2,1,0,1,No intersection,4,1,1,3,0,0,0,0,SR-510,,-122.6801694,47.00545,,0,3,98,Others,62,4,45,5,0,0,1,2,12,1,1,2,1,1,Going Straight,1,2,53,,0,55,42,2014,0,,12,12,,,,,1,1,34,2,7,,4,7,3,0,11,0,09-06-2021,22:24,53044635,44635,0,0,3,3,1,0,,,,96,,,,,,98,,,,,,98026,53,71,165,6,1,0,1,0,0,,0,,,,,,0,08-15-2018,08-15-2018,8,0,0,0,0,9,8,,,0,,,8,8,2,996,996,996,1,1,1,2,1,0.294,,,,,,,,,,,,,,,,,,,,,,,,,,,,,,0,0,0,1,1,1,1,1,0,0,0,0,1,1,0,0,0,0,0,0,0,1,1,0,1,0,0,0,0,1,0,0,0,0,0,,1,0,0,0,0,1,1,1,0,0,0,0,0,0,0,1,,,,,,31-35,26-35,County road,U,Monday,Belt Used,PV,White,1,0,0,0,County Road,County Sheriff,Snohomish County Sheriff's Office,0,0,1,0,0,,,,,,0,0,0,1,,,,,996,,,,,98,98,98,1,,,,,20,,,,,,,,,1,0,,,164TH ST SW,0.677,NULL,