year,something,Cases,repjur,crash_dt,crash_tm,accday,Month,Month,holiday,county,co_char,city,weather,weather2,lightcond,surfcond,surftype,Number of Fatalities,nmforms,pforms,vforms,not_tm,arr_tm,hosp_tm,fhevent,hitrun,Manner of Collision,Manner of Collision,milepnt,reljunc,reljuncinter,intersectiontype,Intersection Type,funcsystem,landuse,ownership,route,schlbus,spejur,contdev,devfunc,trafid1,trafid2,x,y,zipcode,wk_zone,vnumber,crashtype,Crash Type,criticalevent,criticaleventcat,spdlim,body,trailer,emerg,hazcargo,leave,mhevent,roadalgn,roadprof,traflane,trafflow,Vehicle Manure,Vehicle Manure,numoccs,regowner,regstate,,spuse,make,model,modelyr,vrf1,vrf2,seqevent1,seqevent2,seqevent3,seqevent4,seqevent5,seqevent6,pnumber,ptype,age,sex,hispanic,race,injury,diedscene,restraint,restraintmisuse,seatpos,takehosp,death_dt,death_tm,cert,cernum_wa,commlic,licendor,licrestrict,liccomp,drivpres,drf1,drf2,drf3,drf4,distract1,distract2,distract3,distract4,distract5,distract6,dricond1,dricond2,dricond3,dricond4,dricond5,dricond6,dzip,licstate,drhgt_in,weight,noncdl,noncdltype,prevdwi,prevoth,prevacc,prevspd,prevsus,driviol1,driviol2,driviol3,driviol4,driviol5,driviol6,spdrel,first_dt,last_dt,airbag,ejection,ejectpath,extricat,injurwrk,methalc,methdrug,nmlocat,strikveh,prf1,prf2,prf3,druginv,alcinvol,drugsts,drugres1,drugres2,drugres3,drugtst1,drugtst2,drugtst3,alcsts,alctst,alcres,nmact1,nmact2,nmact3,nmact4,nmact5,nmact6,nmprior1,nmprior2,nmprior3,nmprior4,nmprior5,nmprior6,nmcond1,nmcond2,nmcond3,nmcond4,nmcond5,nmcond6,nmsafe_helmet,nmsafe_pads,nmsafe_oth,nmprev_ref,nmprev_lgt,nmprev_oth,crashlocation,nmcrashtype,crosswalk,schoolzone,sidewalk,train_inv,wildlife_inv,rotr_fars,intersect_fars,Drink and Drive,aid_inv,Drug Positive Drivers,Impaired Drivers,Marijuana Positive,impnm_inv,ainm_inv,dpnm_inv,speed_inv,unlic_inv,unendmc_inv,drowsy_inv,drdist_inv,nmdist_inv,fty_inv,unrestfat_inv,dr1617_inv,dr1820_inv,dr1620_inv,dr2125_inv,dr1625_inv,dr65_inv,dr70_inv,dr75_inv,mc_inv,pv_inv,ht_inv,ped_inv,bike_inv,unrest_fat,mc_fat,unhelmet_mc,pv_fat,ht_fat,ped_fat,bike_fat,dr_alc7,dr_alc8,dr_drug,dr_imp,dr_dist,dr_spd,dr_fty,dr_unlic,dr_alc7only,dr_alc8only,dr_drugonly,dr_drink,nm_imp,nm_alc7,nm_alc8,nm_drug,nm_dist,agegrp1,agegrp2,roadclass,urbrur,dayweek,restuse,vehtype,race_me,intersect,lanedep,oppdir,wrongway,rep_typ,investag,repag_long,rotr,st_rd,cty_rd,city_rd,oth_rd,drug_thc,thc_res,drug_cthc,cthc_res,drug_cann,prevpersemin,prevperse,prevsusoth,drugtst4,drugtst5,drugtst6,drugtst7,drugtst8,drugres4,drugres5,drugres6,drugres7,drugres8,adspresent,adsengaged,adslevel,race1,race2,race3,race4,race5,helmet,helmetmisuse,nmdistract1,nmdistract2,nmdistract3,nmdistract4,nmdistract5,nmdistract6,lab,isedtcase,crf1,crf2,crf3,CoRoadName,CoMP,IntCoRoadName,IntCoMP
2021,71,635452,3,03-20-2021,16:10,20,3,March,,67,Thurston,0,1,,1,1,2,2,0,6,4,,,,12,0,6,Angle,7.2,1,0,1,No intersection,4,1,1,3,0,0,0,0,SR-510,,-122.6801694,47.00545,,0,2,66,Specific Other,62,4,45,14,0,0,1,2,12,1,1,2,1,1,Going Straight,2,1,53,,0,34,34,2004,0,,12,,,,,,1,1,18,2,0,,1,0,3,0,11,5,,,,,0,0,0,2,1,0,,,,96,,,,,,98,,,,,,96701,15,62,127,4,1,0,0,0,0,,97,,,,,,2,,,8,0,0,0,8,9,8,,,0,,,8,8,0,0,,,0,,,0,0,996,,,,,,,,,,,,,,,,,,,,,,,,,,,,,,0,0,0,1,1,1,1,1,0,0,0,0,1,1,0,0,0,0,0,0,0,1,1,0,1,0,0,0,0,1,0,0,0,0,0,,0,0,0,0,0,0,0,0,0,1,0,1,0,0,0,0,,,,,,18-20,16-25,County road,U,Monday,Belt Used,PV,Not Fatal,1,0,0,0,County Road,County Sheriff,Snohomish County Sheriff's Office,0,0,1,0,0,,,,,,0,0,0,,,,,,,,,,,98,98,98,0,,,,,20,,,,,,,,,1,0,,,164TH ST SW,0.677,NULL,
2021,71,635451,3,03-20-2021,16:10,20,3,March,,67,Thurston,0,1,,1,1,2,2,0,6,4,,,,12,0,6,Angle,7.2,1,0,1,No intersection,4,1,1,3,0,0,0,0,SR-510,,-122.6801694,47.00545,,0,1,66,Specific Other,13,2,45,4,0,0,1,2,12,1,1,2,1,1,Going Straight,2,2,53,,0,42,421,2013,0,,12,,,,,,1,1,50,1,0,,1,0,3,0,11,5,,,,,0,0,0,3,1,0,,,,96,,,,,,98,,,,,,98002,53,71,160,6,1,0,0,0,0,,0,,,,,,0,,,8,0,0,0,8,9,8,,,0,,,8,8,0,0,,,0,,,0,0,996,,,,,,,,,,,,,,,,,,,,,,,,,,,,,,0,0,0,1,0,0,1,1,0,0,0,0,1,0,0,0,0,0,1,1,0,0,0,0,0,0,0,0,0,1,0,0,0,0,0,,0,0,0,0,0,0,0,0,0,0,0,0,0,0,0,0,,,,,,46-50,46-55,County road,U,Tuesday,Belt Used,PV,Not Fatal,1,0,0,0,County Road,County Sheriff,Snohomish County Sheriff's Office,0,0,1,0,0,,,,,,0,0,0,,,,,,,,,,,98,98,98,0,,,,,20,,,,,,,,,1,0,,,204TH ST SW,1.075,28TH AVE W,0.51
2020,71,634687,3,03-08-2020,22:10,8,3,March,,67,Thurston,2320,1,,3,1,2,1,0,1,1,,,,1,0,0,No vehicle,0.2,5,1,1,No intersection,1,2,1,1,0,0,0,0,I-5,,-122.9118806,47.0014,98512,0,1,6,Drive off road,12,2,98,4,0,0,1,2,1,2,2,1,6,14,Making a U turn,1,1,53,,0,20,9,2012,0,,12,63,30,38,18,,1,1,58,1,7,,4,7,20,7,11,0,08/31/2021,22:00,53043093,43093,0,0,0,3,1,8,38,39,,96,,,,,,98,,,,,,98208,53,75,225,6,1,0,0,1,0,,0,,,,,,4,07-15-2021,07-15-2021,20,0,0,0,0,9,8,,,0,,,8,8,2,177,401,417,1,1,1,2,1,0,,,,,,,,,,,,,,,,,,,,,,,,,,,,,,0,0,0,1,0,0,1,1,0,0,0,0,1,0,0,0,0,0,1,1,0,0,0,0,0,0,0,0,0,1,0,0,0,1,0,,1,0,0,0,0,0,1,1,0,1,1,0,0,0,1,0,,,,,,56-60,56-65,County road,U,Tuesday,Not Used,PV,White,1,0,0,0,County Road,County Sheriff,Snohomish County Sheriff's Office,0,0,1,0,0,,,,,,0,0,0,1,1,1,,,151,996,996,,,98,98,98,1,,,,,20,,,,,,,,,1,0,,,204TH ST SW,1.075,28TH AVE W,0.51
2019,71,633940,42,03-15-2019,08:22,15,3,March,,67,Thurston,0,1,0,1,1,2,1,0,1,1,,,,38,0,0,No vehicle,13,1,0,1,No intersection,4,2,2,4,0,0,0,0,CR-LITTLEROCK RD SW,,-122.9512778,46.97059167,98512,0,1,1,Driver Off Road,13,2,50,14,0,0,1,7,38,1,1,2,1,1,Going Straight,1,1,53,,0,35,402,2000,0,,12,,,,,,1,1,21,2,0,,0,0,3,0,11,0,,,,,0,0,0,3,1,0,,,,96,,,,,,98,,,,,,98290,53,64,140,6,2,0,0,2,0,,0,,,,,,0,08-15-2017,02-15-2019,20,0,0,0,8,9,8,,,0,,,8,8,0,0,,,0,,,0,0,996,,,,,,,,,,,,,,,,,,,,,,,,,,,,,,0,0,0,0,1,1,1,1,1,0,0,0,1,0,1,0,0,0,0,0,0,0,0,1,1,0,0,0,1,1,0,0,0,0,0,,0,0,0,0,0,0,0,0,0,0,0,0,0,0,0,0,,,,,,21-25,16-25,State route,U,Monday,Belt Used,PV,Not Fatal,0,0,0,0,State Route,Municipal/City Police,Everett Police Department,0,1,0,0,0,,,,,,0,0,0,,,,,,,,,,,98,98,98,0,,,,,20,,,,,,,,,1,0,,,,,,
2018,71,633176,2,03-10-2018,16:37,10,3,March,0,61,Snohomish,0,1,0,1,1,1,1,0,1,1,,,,1,0,0,No vehicle,1.9,1,0,1,No intersection,5,2,1,3,0,0,0,0,SR-531,,-122.2783611,48.15645556,98292,0,1,7,Control/Traction Loss,13,2,35,4,0,0,1,7,1,3,4,2,1,14,Making a U turn,1,1,53,,0,37,705,2014,0,,12,63,3,,,,1,1,24,1,7,,4,0,20,7,11,0,09/20/2021,02:42,69053047632,47632,0,0,0,2,1,0,,,,96,,,,,,98,,,,,,98271,53,75,196,6,1,0,0,0,0,,0,,,,,,3,,,20,8,0,0,0,9,8,,,0,,,8,8,2,605,,,1,,,2,1,0.261,,,,,,,,,,,,,,,,,,,,,,,,,,,,,,0,0,0,0,1,1,1,1,1,0,0,0,1,0,1,0,0,0,0,0,0,0,0,1,1,0,0,0,1,1,0,0,0,0,1,0,0,0,0,0,0,1,1,1,0,1,0,0,0,0,0,1,,,,,,21-25,16-25,State route,U,Monday,,MC,White,0,0,0,0,State Route,Municipal/City Police,Everett Police Department,0,1,0,0,0,thc,1.2,,,,0,0,0,,,,,,,,,,,0,0,0,1,,,,,19,,,,,,,,nms,1,0,,,,,,
2017,71,632433,25,02-27-2017,11:23,27,2,Feb,0,33,King,0,2,0,1,2,2,1,0,2,1,,,,30,0,0,No vehicle,9.1,1,0,1,No intersection,5,2,2,4,0,0,0,0,CR-W VALLEY HWY S,,-122.2609028,47.27305556,98047,0,1,2,Control/Traction Loss,6,1,25,4,0,0,1,5,30,1,1,2,1,1,Going Straight,2,2,53,,0,7,482,2005,0,,63,30,,,,,1,1,57,2,7,,4,7,20,7,11,0,09/27/2021,19:54,2.23E+11,58896,0,0,0,3,1,39,,,,96,,,,,,98,,,,,,76401,48,,999,6,1,0,0,0,0,,0,,,,,,0,,,1,0,0,0,0,9,8,,,0,,,8,8,2,401,417,,1,1,,2,1,0,,,,,,,,,,,,,,,,,,,,,,,,,,,,,,0,0,0,1,0,0,1,1,0,0,0,0,0,0,0,0,0,0,0,1,0,0,0,0,0,0,0,0,0,1,0,0,0,1,0,,1,0,0,0,0,0,1,1,0,0,0,0,0,0,1,0,,,,,,56-60,56-65,City street,U,Monday,Not Used,PV,White,0,1,0,0,City Street,Municipal/City Police,Tacoma Police Department,1,0,0,1,0,,,,,,0,0,0,,,,,,,,,,,98,98,98,1,,,,,20,,,,,,,,,1,0,,,,,,
2021,72,635456,35,03-19-2021,17:05,19,3,March,,53,Pierce,0,1,,1,1,2,1,0,3,2,,,,12,0,6,Angle,1.5,2,0,2,4 Way,4,2,2,4,0,0,3,3,CR-WOODLAND AVE E,72ND ST E,-122.3364194,47.19138333,98371,0,2,87,Others,66,4,35,14,0,0,1,2,12,1,2,2,1,1,Going Straight,1,1,53,,0,7,442,2017,0,,8,,,,,,1,1,80,1,0,,0,0,3,0,11,0,,,,,6,0,0,3,1,0,,,,96,,,,,,98,,,,,,98107,53,72,175,6,1,0,0,0,0,,0,,,,,,0,,,20,0,0,0,8,9,8,,,0,,,8,8,8,95,,,96,,,8,95,995,,,,,,,,,,,,,,,,,,,,,,,,,,,,,,0,0,0,0,0,0,0,0,0,1,0,1,0,0,0,0,0,0,0,0,0,0,0,0,0,1,1,1,0,1,0,1,0,0,0,,0,0,0,0,0,0,0,0,0,0,0,0,0,0,0,0,,,,,,76-80,76+,State route,U,Sunday,Belt Used,PV,Not Fatal,0,0,0,0,State Route,Municipal/City Police,Lynnwood Police Department,0,1,0,0,0,,,,,,0,0,0,,,,,,,,,,,98,98,98,0,,,,,20,,,,,,,,,1,0,,,,,,
2021,72,635455,35,03-19-2021,17:05,19,3,March,,53,Pierce,0,1,,1,1,2,1,0,3,2,,,,12,0,6,Angle,1.5,2,0,2,4 Way,4,2,2,4,0,0,3,3,CR-WOODLAND AVE E,72ND ST E,-122.3364194,47.19138333,98371,0,1,86,Others,17,2,35,4,0,0,1,2,12,2,2,4,1,14,Making a U turn,2,1,53,,0,85,881,1998,0,,12,1,2,,,,1,1,59,1,0,,0,0,3,0,11,0,,,,,0,0,0,0,1,0,,,,96,,,,,,98,,,,,,98932,53,69,170,0,0,99,99,99,99,,97,,,,,,0,,,99,0,0,0,8,9,8,,,0,,,8,8,0,0,,,0,,,0,0,996,,,,,,,,,,,,,,,,,,,,,,,,,,,,,,0,0,0,1,1,1,1,1,1,0,0,0,0,1,0,0,0,0,0,0,0,0,0,0,0,0,0,0,0,1,1,0,0,0,0,,0,0,0,0,0,0,0,0,0,0,0,1,0,0,0,0,,,,,,56-60,56-65,State route,R,Sunday,,MHTRUCK,Not Fatal,1,0,0,0,State Route,State Patrol,Washington State Patrol,0,1,0,0,0,,,,,,99,99,99,,,,,,,,,,,0,0,0,0,,,,,20,,,,,,,,,1,0,,,,,,
2018,72,633167,14,03-06-2018,10:17,6,3,March,0,11,Clark,0,1,0,1,1,2,1,0,3,2,10:18,10:20,11:07,12,0,6,Angle,1.5,8,0,1,No intersection,4,2,2,4,0,0,0,0,CR-NW 99TH ST,,-122.6770833,45.69289444,98685,0,2,83,Others,67,4,35,4,0,0,1,7,12,1,2,9,1,1,Going Straight,2,1,53,,0,36,38,2013,0,,12,2,,,,,1,1,38,1,6,,4,7,99,7,11,0,09-05-2021,09:44,53046368,46368,0,0,0,3,1,39,,,,96,,,,,,9,,,,,,98930,53,65,187,6,1,0,0,0,0,,0,,,,,,0,,,99,0,0,0,0,1,8,,,0,,,8,1,2,695,605,,1,1,,2,1,0.135,,,,,,,,,,,,,,,,,,,,,,,,,,,,,,0,0,0,1,1,1,1,1,1,0,0,0,0,1,0,0,0,0,0,0,0,0,0,0,0,0,0,0,0,1,1,0,0,0,0,,1,0,0,0,0,1,1,1,0,0,0,0,0,0,0,1,,,,,,36-40,36-45,State route,R,Sunday,Unknown,PV,Hispanic,1,0,0,0,State Route,State Patrol,Washington State Patrol,0,1,0,0,0,thc,18,carboxy-thc,110,,0,0,0,,,,,,,,,,,98,98,98,298,,,,,20,,,,,,,,nms,1,0,,,,,,
2018,72,633166,14,03-06-2018,10:17,6,3,March,0,11,Clark,0,1,0,1,0,0,1,0,3,2,10:18,10:20,11:07,12,0,6,Angle,1.5,8,0,1,No intersection,4,2,2,4,0,0,0,0,CR-NW 99TH ST,,-122.6770833,45.69289444,98685,0,1,82,Turn Into Opp Direction(Turning Left),15,2,0,4,0,0,1,7,12,0,0,0,0,11,Turning Red: Permitted on red,1,1,53,,0,37,402,2008,0,,12,,,,,,1,1,64,1,7,,4,0,3,0,11,4,09/19/2021,02:17,1.96E+11,47057,0,0,0,3,1,0,,,,96,,,,,,98,,,,,,98058,53,72,185,6,1,0,0,0,0,,0,,,,,,0,,,99,0,0,0,0,9,8,,,0,,,8,8,2,348,155,,1,1,,2,1,0,,,,,,,,,,,,,,,,,,,,,,,,,,,,,,0,0,0,0,0,0,1,1,1,0,0,0,1,0,0,0,0,0,0,0,0,0,0,0,0,0,0,0,0,1,0,0,0,0,0,,1,0,0,0,0,0,1,1,0,0,0,0,0,0,1,0,,,,,,61-65,56-65,Interstate,R,Saturday,Belt Used,PV,White,0,1,0,0,State Route,State Patrol,Washington State Patrol,1,1,0,0,0,,,,,,0,0,0,,,,,,,,,,,98,98,98,1,,,,,20,,,,,,,,,1,0,,,,,,
2017,72,632404,47,02-17-2017,18:35,17,2,Feb,3,27,Grays Harbor,10,1,0,3,1,2,1,1,1,1,,,,8,0,0,No vehicle,0,3,0,4,Y Intersection,7,2,4,6,0,0,3,3,H ST S,MARKET ST,-123.8163611,46.97621667,98520,0,1,13,Pedestrian/Animal,80,5,25,34,0,0,1,5,8,1,1,2,1,11,Turning Red: Permitted on red,1,1,53,,0,13,13,2016,0,,64,65,12,,,,1,1,42,1,1,,4,7,3,0,11,0,09/18/2021,15:45,53047466,47466,0,0,0,3,1,28,58,,,96,,,,,,98,,,,,,98407,53,68,210,6,1,0,0,0,0,,0,,,,,,4,,,99,0,0,0,0,9,8,,,0,,,8,8,2,124,996,695,1,1,1,2,1,0,,,,,,,,,,,,,,,,,,,,,,,,,,,,,,0,0,0,0,0,0,1,1,1,0,0,0,1,0,0,0,0,0,0,0,0,0,0,0,0,0,0,0,0,1,0,0,0,0,0,,1,0,0,0,0,0,1,1,0,1,0,0,0,0,1,0,,,,,,41-45,36-45,Interstate,R,Saturday,Belt Used,PV,Hispanic,0,1,0,0,State Route,State Patrol,Washington State Patrol,1,1,0,0,0,thc,14,carboxy-thc,24,,0,0,0,1,,,,,605,,,,,98,98,98,1,,,,,20,,,,,,,,nms,1,0,,,,,,
2019,72,633941,2,03-19-2019,00:25,19,3,March,,73,Whatcom,110,1,0,3,1,1,1,1,1,1,,,,8,1,0,No vehicle,256,1,0,1,No intersection,1,2,1,1,0,0,0,0,I-5,,-122.4816806,48.78206944,98226,0,1,13,Pedestrian/Animal,80,5,60,99,0,0,1,5,8,1,1,2,3,1,Going Straight,99,9,99,,0,85,881,1989,0,,12,,,,,,1,1,21,1,0,,0,0,20,7,11,0,,,,,6,3,0,3,1,0,,,,96,,,,,,98,,,,,,98331,53,75,285,6,1,0,0,0,0,,0,,,,,,0,,,20,0,0,0,8,9,2,,,0,,,8,8,8,95,,,96,,,2,1,997,,,,,,,,,,,,,,,,,,,,,,,,,,,,,,0,0,0,1,0,0,0,0,0,0,0,0,0,0,0,0,0,0,1,0,0,0,0,1,1,1,1,0,0,1,1,0,0,0,0,,0,0,0,0,0,0,0,0,0,0,0,0,0,0,0,0,,,,,,21-25,16-25,US highway,R,Monday,,MHTRUCK,Not Fatal,1,0,0,0,State Route,State Patrol,Washington State Patrol,0,1,0,0,0,,,,,,0,0,0,,,,,,,,,,,0,0,0,0,,,,,20,,,,,,,,,1,0,,,,,,
2021,73,635457,40,03-06-2021,03:03,6,3,March,,63,Spokane,0,1,,2,1,2,1,0,2,1,,,,42,0,0,No vehicle,,1,0,1,No intersection,4,1,2,4,0,0,0,0,CR-N GOVERNMENT WAY,,-117.4689639,47.66539722,99201,0,1,1,Driver Off Road,13,2,35,16,0,0,1,2,42,1,1,2,1,1,Going Straight,2,2,53,,0,24,1,2000,0,,12,,,,,,1,1,70,2,7,,4,7,3,0,11,0,09/20/2021,09:43,53048267,48267,0,0,3,3,1,38,,,,96,,,,,,98,,,,,,98331,53,62,220,6,1,0,0,0,0,,0,,,,,,0,,,20,0,0,0,0,9,8,,,0,,,8,0,2,1,,,1,,,2,1,0,,,,,,,,,,,,,,,,,,,,,,,,,,,,,,0,0,0,1,0,0,0,0,0,0,0,0,0,0,0,0,0,0,1,0,0,0,0,1,1,1,1,0,0,1,1,0,0,0,0,,1,0,0,0,0,0,0,0,0,0,1,0,0,0,0,0,,,,,,66-70,66-75,US highway,R,Monday,Belt Used,PV,White,1,0,0,0,State Route,State Patrol,Washington State Patrol,0,1,0,0,0,,,,,,0,0,0,,,,,,,,,,,98,98,98,1,,,,,20,,,,,,,,,1,0,,,,,,
2019,73,633947,3,03-15-2019,06:15,15,3,March,,67,Thurston,0,5,0,2,1,2,1,0,5,4,,,,12,0,2,Front-to-Front,40.1,1,0,1,No intersection,3,1,1,2,0,0,0,0,US-12,,-123.1288444,46.82513333,98579,0,4,98,Others,98,7,55,4,0,0,1,5,54,1,1,2,1,1,Going Straight,1,1,53,,0,20,401,1997,0,,63,69,68,64,1,,1,1,27,2,7,,4,0,20,7,11,5,09/18/2021,13:53,83053047131,47131,0,0,0,3,1,58,,,,92,,,,,,98,,,,,,99133,53,63,160,6,1,0,1,0,0,,0,,,,,,0,08-15-2019,08-15-2019,20,1,9,0,0,9,8,,,0,,,8,8,2,1,,,1,,,2,1,0.192,,,,,,,,,,,,,,,,,,,,,,,,,,,,,,0,0,1,0,1,1,0,1,0,0,0,0,0,0,0,0,1,0,0,1,0,0,0,0,0,0,0,0,0,1,0,0,0,1,0,,1,0,0,0,0,1,0,1,1,0,0,0,0,1,0,1,,,,,,26-30,26-35,State route,R,Saturday,Not Used,PV,White,0,1,0,0,State Route,State Patrol,Washington State Patrol,1,1,0,0,0,,,,,,0,0,0,,,,,,,,,,,0,0,0,1,,,,,20,,,,,,,,,1,0,,,,,,
2019,73,633946,3,03-15-2019,06:15,15,3,March,,67,Thurston,0,5,0,2,1,2,1,0,5,4,,,,12,0,2,Front-to-Front,40.1,1,0,1,No intersection,3,1,1,2,0,0,0,0,US-12,,-123.1288444,46.82513333,98579,0,3,98,Others,98,7,55,4,0,0,1,7,12,1,1,2,1,1,Going Straight,1,1,53,,0,48,34,1999,0,,8,,,,,,1,1,42,1,0,,0,0,3,0,11,0,,,,,0,0,0,0,1,0,,,,96,,,,,,9,,,,,,99212,53,65,145,0,0,0,1,0,1,,1,,,,,,0,03-15-2021,03-15-2021,20,0,0,0,8,9,2,,,0,,,1,8,0,0,,,0,,,0,0,996,,,,,,,,,,,,,,,,,,,,,,,,,,,,,,0,0,0,0,0,0,0,0,0,1,1,1,0,1,0,0,0,0,0,0,0,0,0,0,0,0,0,0,0,1,0,1,0,0,0,,0,0,0,0,0,0,0,0,0,0,0,1,0,0,0,0,,,,,,41-45,36-45,County road,U,Wednesday,Belt Used,PV,Not Fatal,0,0,0,0,County Road,County Sheriff,Spokane County Sheriff's Office,0,0,1,0,0,,,,,,0,0,0,,,,,,,,,,,0,0,0,0,,,,,20,,,,,,,,,1,0,,,ARGONNE RD,0.14,NULL,1.01
2019,73,633945,3,03-15-2019,06:15,15,3,March,,67,Thurston,0,5,0,2,1,2,1,0,5,4,,,,12,0,2,Front-to-Front,40.1,1,0,1,No intersection,3,1,1,2,0,0,0,0,US-12,,-123.1288444,46.82513333,98579,0,2,51,Lateral Move(Going Straight),62,4,55,34,0,0,1,2,12,1,1,2,1,1,Going Straight,2,1,53,,0,20,404,2020,0,,68,64,43,1,,,1,1,24,1,7,,4,0,99,7,11,5,09/26/2021,14:19,1.96E+11,50048,0,0,3,3,1,0,,,,96,,,,,,9,,,,,,85201,4,66,165,6,1,0,1,0,0,,0,,,,,,3,10-15-2019,10-15-2019,8,0,0,1,0,9,8,,,0,,,8,1,0,0,,,0,,,0,0,996,,,,,,,,,,,,,,,,,,,,,,,,,,,,,,0,0,0,0,1,0,0,0,0,0,0,0,1,0,0,0,0,0,0,0,0,0,0,1,1,0,0,0,0,1,0,0,0,0,0,,1,0,0,0,0,0,0,0,0,1,0,0,0,0,0,1,,,,,,21-25,16-25,County road,R,Wednesday,Unknown,PV,AIAN,0,1,0,0,County Road,County Sheriff,Kitsap County Sheriff's Office,1,0,1,0,0,,,,,,0,0,0,,,,,,,,,,,98,98,98,3,,,,,20,,,,,,,,,1,0,,,SEABECK HIGHWAY NW,7.749,NULL,
2019,73,633944,3,03-15-2019,06:15,15,3,March,,67,Thurston,0,5,0,2,1,2,1,0,5,4,,,,12,0,2,Front-to-Front,40.1,1,0,1,No intersection,3,1,1,2,0,0,0,0,US-12,,-123.1288444,46.82513333,98579,0,1,50,Lateral Move(Left/Right),10,2,98,4,0,0,1,2,12,1,1,2,1,6,Others,1,2,53,,0,72,706,2008,0,,63,1,,,,,1,1,30,1,1,,4,7,20,7,11,0,09/21/2021,20:54,53048283,48283,0,0,0,2,1,0,,,,92,,,,,,98,,,,,,98290,53,72,175,1,1,0,0,0,0,,0,,,,,,0,,,20,8,0,0,0,9,8,,,0,,,8,8,2,695,605,,1,1,,2,1,0.16,,,,,,,,,,,,,,,,,,,,,,,,,,,,,,0,0,1,0,1,1,1,1,1,0,0,0,0,1,1,0,1,0,0,0,0,0,0,0,0,0,0,0,1,0,0,0,0,0,1,0,0,0,0,0,0,1,1,1,1,0,0,1,0,0,0,1,,,,,,26-30,26-35,County road,U,Tuesday,,MC,Hispanic,0,1,0,0,County Road,County Sheriff,Snohomish County Sheriff's Office,1,0,1,0,0,thc,50,carboxy-thc,26,,0,0,0,,,,,,,,,,,0,0,0,1,,,,,5,,,,,,,,nms,1,0,,,OK MILL RD,0.133,145TH AVE SE,0
2018,73,633171,14,03-11-2018,20:15,11,3,March,0,11,Clark,0,1,0,2,1,2,1,0,3,2,,,,12,0,2,Front-to-Front,5.5,1,0,1,No intersection,5,1,2,4,0,0,0,0,CR-NE WASHOUGAL RIVER,,-122.296875,45.62374444,98671,0,2,51,Lateral Move(Going Straight),62,4,45,4,0,0,1,7,12,2,1,2,1,14,Making a U turn,1,2,53,,0,12,481,1983,0,,61,63,21,,,,1,1,52,1,7,,4,7,3,0,11,0,09/21/2021,16:30,53047718,47718,0,0,0,2,1,4,,,,96,,,,,,98,,,,,,99006,53,66,170,1,1,0,0,1,0,,0,,,,,,0,09-15-2017,03-15-2019,20,0,0,0,0,9,8,,,0,,,8,0,0,0,,,0,,,2,98,0,,,,,,,,,,,,,,,,,,,,,,,,,,,,,,0,0,1,0,0,0,0,0,0,0,0,0,0,1,0,0,0,0,0,0,0,0,0,0,0,0,0,0,0,1,0,0,0,0,0,,1,0,0,0,0,0,0,0,0,0,0,1,0,0,0,0,,,,,,51-55,46-55,State route,R,Tuesday,Belt Used,PV,White,0,0,0,0,State Route,State Patrol,Washington State Patrol,0,1,0,0,0,,,,,,0,0,3,,,,,,,,,,,0,0,0,1,,,,,20,,,,,,,,,1,0,,,,,,
2018,73,633170,14,03-11-2018,20:15,11,3,March,0,11,Clark,0,1,0,2,1,2,1,0,3,2,,,,12,0,2,Front-to-Front,5.5,1,0,1,No intersection,5,1,2,4,0,0,0,0,CR-NE WASHOUGAL RIVER,,-122.296875,45.62374444,98671,0,1,50,Lateral Move(Left/Right),10,2,45,4,0,0,1,7,12,3,1,2,1,6,Others,2,1,53,,0,55,401,2011,0,,12,,,,,,1,1,65,1,0,,0,0,3,0,11,0,,,,,0,0,0,3,1,0,,,,96,,,,,,98,,,,,,99208,53,65,115,6,1,0,0,0,0,,0,,,,,,0,,,8,0,0,0,8,9,8,,,0,,,8,8,0,0,,,0,,,0,0,996,,,,,,,,,,,,,,,,,,,,,,,,,,,,,,0,0,0,1,0,0,0,0,0,0,0,0,1,0,0,0,0,0,0,0,0,0,0,0,0,1,0,0,1,1,0,0,0,0,0,,0,0,0,0,0,0,0,0,0,0,0,0,0,0,0,0,,,,,,61-65,56-65,State route,U,Wednesday,Belt Used,PV,Not Fatal,1,0,0,0,State Route,Municipal/City Police,Spokane Police Department,0,1,0,0,0,,,,,,0,0,0,,,,,,,,,,,98,98,98,0,,,,,20,,,,,,,,,1,0,,,,,,
2017,73,632430,2,03-02-2017,03:40,2,3,March,0,57,Skagit,0,2,0,3,2,1,1,0,1,1,,,,35,0,0,No vehicle,234.9,1,0,1,No intersection,1,1,1,1,0,0,0,0,I-5,,-122.3390833,48.50706667,98233,0,1,6,Drive off road,12,2,70,14,0,0,1,3,35,1,2,2,2,1,Going Straight,1,1,53,,0,72,706,2009,0,,12,,,,,,1,1,45,1,7,,4,0,20,7,11,0,09/22/2021,17:57,2.11E+11,47934,6,0,0,3,1,0,,,,96,,,,,,98,,,,,,99026,53,68,228,6,1,0,0,1,3,,0,,,,,,3,11-15-2017,05-15-2020,20,8,0,0,0,9,8,,,0,,,8,8,2,1,,,1,,,2,1,0,,,,,,,,,,,,,,,,,,,,,,,,,,,,,,0,0,0,1,0,0,0,0,0,0,0,0,1,0,0,0,0,0,0,0,0,0,0,0,0,1,0,0,1,1,0,0,0,0,1,0,0,0,0,0,0,0,0,0,0,1,0,0,0,0,0,0,,,,,,41-45,36-45,State route,U,Wednesday,,MC,Black,1,0,0,0,State Route,Municipal/City Police,Spokane Police Department,0,1,0,0,0,,,,,,0,0,0,,,,,,,,,,,0,0,0,2,,,,,5,,,,,,,,,1,0,,,,,,