year,something,Cases,repjur,crash_dt,crash_tm,accday,Month,Month,holiday,county,co_char,city,weather,weather2,lightcond,surfcond,surftype,Number of Fatalities,nmforms,pforms,vforms,not_tm,arr_tm,hosp_tm,fhevent,hitrun,Manner of Collision,Manner of Collision,milepnt,reljunc,reljuncinter,intersectiontype,Intersection Type,funcsystem,landuse,ownership,route,schlbus,spejur,contdev,devfunc,trafid1,trafid2,x,y,zipcode,wk_zone,vnumber,crashtype,Crash Type,criticalevent,criticaleventcat,spdlim,body,trailer,emerg,hazcargo,leave,mhevent,roadalgn,roadprof,traflane,trafflow,Vehicle Manure,Vehicle Manure,numoccs,regowner,regstate,,spuse,make,model,modelyr,vrf1,vrf2,seqevent1,seqevent2,seqevent3,seqevent4,seqevent5,seqevent6,pnumber,ptype,age,sex,hispanic,race,injury,diedscene,restraint,restraintmisuse,seatpos,takehosp,death_dt,death_tm,cert,cernum_wa,commlic,licendor,licrestrict,liccomp,drivpres,drf1,drf2,drf3,drf4,distract1,distract2,distract3,distract4,distract5,distract6,dricond1,dricond2,dricond3,dricond4,dricond5,dricond6,dzip,licstate,drhgt_in,weight,noncdl,noncdltype,prevdwi,prevoth,prevacc,prevspd,prevsus,driviol1,driviol2,driviol3,driviol4,driviol5,driviol6,spdrel,first_dt,last_dt,airbag,ejection,ejectpath,extricat,injurwrk,methalc,methdrug,nmlocat,strikveh,prf1,prf2,prf3,druginv,alcinvol,drugsts,drugres1,drugres2,drugres3,drugtst1,drugtst2,drugtst3,alcsts,alctst,alcres,nmact1,nmact2,nmact3,nmact4,nmact5,nmact6,nmprior1,nmprior2,nmprior3,nmprior4,nmprior5,nmprior6,nmcond1,nmcond2,nmcond3,nmcond4,nmcond5,nmcond6,nmsafe_helmet,nmsafe_pads,nmsafe_oth,nmprev_ref,nmprev_lgt,nmprev_oth,crashlocation,nmcrashtype,crosswalk,schoolzone,sidewalk,train_inv,wildlife_inv,rotr_fars,intersect_fars,Drink and Drive,aid_inv,Drug Positive Drivers,Impaired Drivers,Marijuana Positive,impnm_inv,ainm_inv,dpnm_inv,speed_inv,unlic_inv,unendmc_inv,drowsy_inv,drdist_inv,nmdist_inv,fty_inv,unrestfat_inv,dr1617_inv,dr1820_inv,dr1620_inv,dr2125_inv,dr1625_inv,dr65_inv,dr70_inv,dr75_inv,mc_inv,pv_inv,ht_inv,ped_inv,bike_inv,unrest_fat,mc_fat,unhelmet_mc,pv_fat,ht_fat,ped_fat,bike_fat,dr_alc7,dr_alc8,dr_drug,dr_imp,dr_dist,dr_spd,dr_fty,dr_unlic,dr_alc7only,dr_alc8only,dr_drugonly,dr_drink,nm_imp,nm_alc7,nm_alc8,nm_drug,nm_dist,agegrp1,agegrp2,roadclass,urbrur,dayweek,restuse,vehtype,race_me,intersect,lanedep,oppdir,wrongway,rep_typ,investag,repag_long,rotr,st_rd,cty_rd,city_rd,oth_rd,drug_thc,thc_res,drug_cthc,cthc_res,drug_cann,prevpersemin,prevperse,prevsusoth,drugtst4,drugtst5,drugtst6,drugtst7,drugtst8,drugres4,drugres5,drugres6,drugres7,drugres8,adspresent,adsengaged,adslevel,race1,race2,race3,race4,race5,helmet,helmetmisuse,nmdistract1,nmdistract2,nmdistract3,nmdistract4,nmdistract5,nmdistract6,lab,isedtcase,crf1,crf2,crf3,CoRoadName,CoMP,IntCoRoadName,IntCoMP
2020,74,3856804,263,01-18-2020,02:58,18,1,Jan,,33,King,1960,2,,3,2,1,1,0,3,2,,,,12,0,2,Front-to-Front,0,2,0,2,4 Way,3,2,4,6,0,0,3,3,RAINIER AVE S,S MASSACHUSETTS ST,-122.3058306,47.58842222,98144,0,1,50,Lateral Move(Left/Right),10,2,30,4,0,0,1,2,12,1,1,4,1,1,Going Straight,2,2,53,,0,14,402,2006,0,,12,,,,,,1,1,51,1,0,,3,0,3,0,11,8,,,,,0,0,0,3,1,0,,,,96,,,,,,98,,,,,,98056,53,66,202,6,1,0,0,0,0,,0,,,,,,0,,,8,0,0,0,8,9,8,,,0,,,8,8,8,95,,,96,,,8,95,995,,,,,,,,,,,,,,,,,,,,,,,,,,,,,,0,0,0,0,0,0,0,0,0,0,0,0,0,0,0,0,0,0,0,0,0,0,0,0,0,0,0,0,0,1,0,0,0,0,0,,0,0,0,0,0,0,0,0,0,0,0,0,0,0,0,0,,,,,,51-55,46-55,City street,U,Wednesday,Belt Used,PV,Not Fatal,0,1,1,0,City Street,Municipal/City Police,Bellevue Police Department,0,0,0,1,0,,,,,,0,0,0,,,,,,,,,,,98,98,98,0,,,,,20,,,,,,,,,1,0,,,,,,
2020,74,3856804,263,01-18-2020,02:58,18,1,Jan,,33,King,1960,2,,3,2,1,1,0,3,2,,,,12,0,2,Front-to-Front,0,2,0,2,4 Way,3,2,4,6,0,0,3,3,RAINIER AVE S,S MASSACHUSETTS ST,-122.3058306,47.58842222,98144,0,2,51,Lateral Move(Going Straight),62,4,30,4,0,0,1,2,12,1,1,4,1,1,Going Straight,1,1,53,,0,49,40,2003,0,,68,12,,,,,1,1,50,1,7,,4,0,3,0,11,5,09/16/2021,17:18,1.96E+11,46614,0,0,0,3,1,58,,,,96,,,,,,98,,,,,,98059,53,68,160,6,1,0,1,1,1,,0,,,,,,0,11-15-2018,05-15-2020,1,0,0,1,0,9,8,,,0,,,8,8,2,1,,,1,,,2,1,0,,,,,,,,,,,,,,,,,,,,,,,,,,,,,,0,0,0,0,0,0,0,0,0,0,0,0,0,0,0,0,0,0,0,0,0,0,0,0,0,0,0,0,0,1,0,0,0,0,0,,1,0,0,0,0,0,0,0,0,0,0,0,0,0,0,0,,,,,,46-50,46-55,City street,U,Wednesday,Belt Used,PV,API,0,1,1,0,City Street,Municipal/City Police,Bellevue Police Department,0,0,0,1,0,,,,,,0,0,0,,,,,,,,,,,98,98,98,48,,,,,20,,,,,,,,,1,0,,,,,,
2021,74,635460,35,03-24-2021,21:19,24,3,March,,53,Pierce,0,2,,2,2,2,1,0,1,1,,,,42,0,0,No vehicle,9,1,0,1,No intersection,4,1,2,4,0,0,0,0,CR-ORVILLE RD E,,-122.2004028,47.00528056,98360,0,1,2,Control/Traction Loss,9,1,45,34,0,0,1,2,42,2,1,2,1,14,Making a U turn,1,1,53,,0,41,51,2014,0,,63,1,3,,,,1,1,22,1,1,,4,7,3,0,11,0,09/19/2021,23:45,53047435,47435,0,0,3,3,1,0,,,,0,,,,,,2,,,,,,98932,53,66,160,6,1,0,0,0,0,,0,,,,,,3,,,8,0,0,0,0,9,8,,,0,,,8,8,2,1,,,1,,,2,1,0,,,,,,,,,,,,,,,,,,,,,,,,,,,,,,0,0,1,0,0,0,0,0,0,0,0,0,1,0,0,1,0,0,0,0,0,0,0,1,1,0,0,0,0,1,0,0,0,0,0,,1,0,0,0,0,0,0,0,0,1,0,0,0,0,0,0,,,,,,21-25,16-25,State route,R,Sunday,Belt Used,PV,Hispanic,0,1,0,0,State Route,State Patrol,Washington State Patrol,1,1,0,0,0,,,,,,0,0,0,,,,,,,,,,,98,98,98,98,,,,,20,,,,,,,,,1,0,,,,,,
2019,74,633948,2,03-20-2019,20:31,20,3,March,,57,Skagit,1410,1,0,3,1,2,1,1,1,1,,,,8,0,0,No vehicle,0,1,0,1,No intersection,7,2,4,6,0,0,0,0,FREEWAY DR,,-122.3431333,48.43608889,98273,0,1,13,Pedestrian/Animal,80,5,25,4,0,0,1,7,8,1,1,4,1,1,Going Straight,1,1,53,,0,49,403,2004,0,,12,,,,,,1,1,63,2,7,,4,0,98,7,11,0,09/21/2021,21:46,2.11E+11,52574,0,0,0,3,1,0,,,,96,,,,,,98,,,,,,99207,53,69,180,6,1,0,0,0,0,,0,,,,,,0,,,8,0,0,0,0,9,2,,,0,,,1,8,8,95,,,96,,,0,0,996,,,,,,,,,,,,,,,,,,,,,,,,,,,,,,0,0,0,1,0,0,0,0,0,0,0,0,0,1,0,0,0,0,0,0,0,0,0,1,1,0,0,0,0,1,0,0,0,0,0,,1,0,0,0,0,0,0,0,0,0,0,0,0,0,0,0,,,,,,61-65,56-65,City street,U,Tuesday,Unknown,PV,White,1,0,0,0,City Street,Municipal/City Police,Spokane Police Department,0,0,0,1,0,,,,,,0,0,0,,,,,,,,,,,98,98,98,1,,,,,20,,,,,,,,,1,0,,,,,,
2018,74,633175,25,03-11-2018,00:41,11,3,March,0,33,King,0,1,0,2,1,2,1,0,1,1,,,,42,0,0,No vehicle,3.5,1,0,1,No intersection,4,2,2,4,0,0,0,0,CR-236TH AVE NE,,-122.0241889,47.65947222,98053,0,1,6,Drive off road,12,2,35,5,0,0,1,7,42,2,2,2,1,14,Making a U turn,1,1,53,,0,54,35,2003,0,,12,,,,,,1,1,21,1,0,,2,0,3,0,11,0,,,,,0,0,0,2,1,8,39,,,96,,,,,,98,,,,,,99207,53,71,300,1,1,0,0,0,1,,97,,,,,,0,07-15-2020,07-15-2020,8,0,0,0,8,9,2,,,0,,,1,8,8,95,,,96,,,8,95,995,,,,,,,,,,,,,,,,,,,,,,,,,,,,,,0,0,0,1,0,0,0,0,0,0,0,0,0,1,0,0,0,0,0,0,0,0,0,1,1,0,0,0,0,1,0,0,0,0,0,,0,0,0,0,0,0,0,0,0,0,0,1,0,0,0,0,,,,,,21-25,16-25,City street,U,Tuesday,Belt Used,PV,Not Fatal,1,0,0,0,City Street,Municipal/City Police,Spokane Police Department,0,0,0,1,0,,,,,,0,0,0,,,,,,,,,,,98,98,98,0,,,,,20,,,,,,,,,1,0,,,,,,
2017,74,632432,1,03-05-2017,17:45,5,3,March,0,21,Franklin,1660,1,0,1,1,2,1,0,1,1,,,,1,0,0,No vehicle,0.5,5,1,1,No intersection,1,2,1,1,0,0,0,0,I-182 RAMP S101140,,-119.1352944,46.25178611,99301,0,1,98,Others,12,2,98,80,0,0,1,2,1,2,1,1,6,6,Others,1,1,53,,0,37,32,2004,0,,68,64,42,,,,1,1,16,2,0,,0,0,3,0,11,0,,,,,0,0,2,3,1,58,73,,,96,,,,,,98,,,,,,98675,53,63,114,6,2,0,0,0,0,,97,,,,,,4,,,20,0,0,0,8,9,8,,,0,,,8,8,0,0,,,0,,,0,0,996,,,,,,,,,,,,,,,,,,,,,,,,,,,,,,0,0,1,0,0,0,0,0,0,0,0,0,1,0,0,0,0,0,0,1,1,0,1,0,1,0,0,0,0,1,0,0,0,0,0,,0,0,0,0,0,0,0,0,0,1,0,0,0,0,0,0,,,,,,16-17,16-25,County road,R,Saturday,Belt Used,PV,Not Fatal,0,1,0,0,County Road,County Sheriff,Clark County Sheriff's Office,1,0,1,0,0,,,,,,0,0,0,,,,,,,,,,,98,98,98,0,,,,,20,,,,,,,,,1,0,,,NE W H GARNER RD,3.09,NULL,
2018,75,633185,3,03-15-2018,19:22,15,3,March,0,53,Pierce,2230,1,0,5,1,2,1,1,4,1,,,,8,0,0,No vehicle,131.3,1,0,1,No intersection,1,2,1,1,0,0,0,0,I-5,,-122.4634806,47.22550278,98409,0,1,13,Pedestrian/Animal,80,5,60,6,0,0,1,5,8,3,1,4,3,14,Making a U turn,4,2,41,,0,48,38,2006,0,,63,9,,,,,1,1,25,1,0,,0,0,3,0,11,0,,,,,0,0,0,3,1,34,,,,92,,,,,,98,,,,,,98362,53,71,230,6,1,0,0,0,0,,97,,,,,,0,,,20,0,0,0,8,9,8,,,0,,,8,8,2,1,,,1,,,2,1,0,,,,,,,,,,,,,,,,,,,,,,,,,,,,,,0,0,0,0,0,0,0,0,0,0,0,0,0,0,0,0,1,0,0,0,0,0,0,1,1,0,0,0,0,1,0,0,1,0,0,,0,0,0,0,0,0,0,0,1,0,0,0,0,0,0,0,,,,,,21-25,16-25,County road,R,Monday,Belt Used,PV,Not Fatal,0,0,0,0,County Road,County Sheriff,Clallam County Sheriff's Office,0,0,1,0,0,,,,,,0,0,0,,,,,,,,,,,98,98,98,0,,,,,20,,,,,,,,,1,0,,,OLD OLYMPIC HWY.,4.62,NULL,
2021,75,635462,303,03-27-2021,19:40,27,3,March,,53,Pierce,2337,1,,5,1,2,1,0,2,2,,,,12,0,6,Angle,0,2,0,3,T Intersection,3,2,4,6,0,0,3,3,BRIDGEPORT WAY W,67th Ave W,-122.5274889,47.19933333,98467,0,2,68,Initial Opposite Direction(Left/Right),15,2,35,14,0,0,1,2,12,1,2,5,5,11,Turning Red: Permitted on red,1,1,53,,0,6,43,2005,0,,8,,,,,,1,1,23,1,0,,0,0,99,7,11,0,,,,,0,0,3,2,1,10,,,,0,,,,,,9,,,,,,98951,53,72,131,1,1,1,0,0,0,,0,,,,,,0,09-15-2019,09-15-2019,20,0,0,0,8,9,8,,,0,,,8,1,8,95,,,96,,,2,1,997,,,,,,,,,,,,,,,,,,,,,,,,,,,,,,0,0,0,0,1,0,0,0,0,1,1,1,0,1,0,0,0,0,0,0,0,0,0,1,1,0,0,0,0,1,0,1,0,0,0,,0,0,0,0,0,0,0,0,0,0,0,1,0,0,0,1,,,,,,21-25,16-25,County road,R,Monday,Unknown,PV,Not Fatal,0,0,0,0,County Road,County Sheriff,Yakima County Sheriff's Office,0,0,1,0,0,,,,,,0,1,0,,,,,,,,,,,98,98,98,0,,,,,20,,,,,,,,,1,0,,,LARUE RD.,5.74,NULL,
2021,75,635461,303,03-27-2021,19:40,27,3,March,,53,Pierce,2337,1,,5,1,2,1,0,2,2,,,,12,0,6,Angle,0,2,0,3,T Intersection,3,2,4,6,0,0,3,3,BRIDGEPORT WAY W,67th Ave W,-122.5274889,47.19933333,98467,0,1,69,Initial Opposite Direction(Going Straight),17,2,35,80,0,0,1,2,12,1,2,4,1,1,Going Straight,1,1,53,,0,12,481,2016,0,,12,,,,,,1,1,37,1,0,,0,0,3,0,11,0,,,,,0,0,0,3,1,0,,,,96,,,,,,98,,,,,,31905,13,,999,6,1,0,0,0,0,,0,,,,,,0,,,20,0,0,0,8,9,8,,,0,,,8,8,0,0,,,0,,,0,0,996,,,,,,,,,,,,,,,,,,,,,,,,,,,,,,0,0,0,0,0,0,0,0,0,0,0,0,0,0,1,0,0,0,0,0,0,0,0,0,0,1,0,0,1,1,0,0,0,0,0,,0,0,0,0,0,0,0,0,0,0,0,0,0,0,0,0,,,,,,36-40,36-45,Other,R,Saturday,Belt Used,PV,Not Fatal,0,0,0,0,Other,Municipal/City Police,"Hdqtrs, 1st Military Police Brigade",0,0,0,0,1,,,,,,0,0,0,,,,,,,,,,,98,98,98,0,,,,,20,,,,,,,,,1,0,,,,,,
2020,75,634600,122,01-24-2020,16:20,24,1,Jan,,61,Snohomish,690,1,,1,1,2,1,1,1,1,16:21,16:26,16:50,8,0,0,No vehicle,0,1,0,1,No intersection,4,2,4,6,0,0,0,0,S 2ND AVE,,-122.1955028,47.95463611,98120,0,1,13,Pedestrian/Animal,80,5,30,2,0,0,1,5,8,3,2,2,1,1,Going Straight,1,1,53,,0,6,443,2020,0,,12,,,,,,1,1,67,1,0,,0,0,3,0,11,0,,,,,0,0,0,3,1,0,,,,96,,,,,,98,,,,,,98513,53,74,200,6,1,0,0,0,0,,0,,,,,,0,,,20,0,0,0,8,9,8,,,0,,,8,8,2,1,,,1,,,2,1,0,,,,,,,,,,,,,,,,,,,,,,,,,,,,,,0,0,0,0,0,0,0,0,0,0,0,0,0,0,1,0,0,0,0,0,0,0,0,0,0,1,0,0,1,1,0,0,0,0,0,,0,0,0,0,0,0,0,0,0,0,0,0,0,0,0,0,,,,,,66-70,66-75,Other,R,Saturday,Belt Used,PV,Not Fatal,0,0,0,0,Other,Municipal/City Police,"Hdqtrs, 1st Military Police Brigade",0,0,0,0,1,,,,,,0,0,0,,,,,,,,,,,98,98,98,0,,,,,20,,,,,,,,,1,0,,,,,,
2019,75,633950,39,03-16-2019,02:45,16,3,March,,61,Snohomish,0,1,0,2,1,2,1,0,3,2,,,,12,0,1,Front-to-Rear,2.9,2,0,3,T Intersection,5,2,2,4,0,0,0,0,CR-67TH AVE NE,152ND ST NE,-122.1410972,48.13361389,98223,0,2,29,Others,53,3,50,20,0,0,1,7,1,1,1,2,1,2,Others,2,1,53,,0,72,706,2011,0,,1,68,12,12,,,1,1,40,2,7,,4,7,20,7,11,0,06-05-2021,15:01,53027754,27754,0,0,0,2,1,28,,,,96,,,,,,98,,,,,,98499,53,68,150,6,1,0,0,0,5,,0,,,,,,0,08-15-2016,12-15-2019,20,8,0,0,0,9,8,,,0,,,8,8,9,999,,,99,,,9,99,999,,,,,,,,,,,,,,,,,,,,,,,,,,,,,,0,0,0,0,0,0,0,0,0,0,0,0,0,0,1,0,0,0,0,0,0,0,0,0,0,1,0,0,1,1,0,0,0,0,1,0,0,0,0,0,0,0,0,0,0,0,0,0,0,0,0,0,,,,,,36-40,36-45,Other,R,Saturday,,MC,White,0,0,0,0,Other,Municipal/City Police,"Hdqtrs, 1st Military Police Brigade",0,0,0,0,1,,,,,,0,0,1,,,,,,,,,,,0,0,0,1,,,,,5,,,,,,,,,1,0,,,,,,
2019,75,633949,39,03-16-2019,02:45,16,3,March,,61,Snohomish,0,1,0,2,1,2,1,0,3,2,,,,12,1,1,Front-to-Rear,2.9,2,0,3,T Intersection,5,2,2,4,0,0,0,0,CR-67TH AVE NE,152ND ST NE,-122.1410972,48.13361389,98223,0,1,28,Others,52,3,50,4,0,0,1,7,12,1,1,2,1,1,Going Straight,1,2,53,,0,76,706,2009,0,,5,1,,,,,1,1,32,1,7,,4,0,20,7,11,8,09-09-2021,00:48,11053045009,45009,0,0,0,3,1,0,,,,96,,,,,,98,,,,,,98226,53,65,140,6,1,0,1,1,3,,0,,,,,,0,06-15-2019,03-15-2020,20,8,0,0,0,9,8,,,0,,,8,8,2,348,996,996,1,1,1,2,1,0.115,,,,,,,,,,,,,,,,,,,,,,,,,,,,,,0,0,0,0,1,1,1,1,0,0,0,0,0,0,0,0,0,0,0,0,0,0,0,0,0,0,0,0,1,0,0,0,0,0,1,0,0,0,0,0,0,1,1,1,0,0,0,0,0,0,0,1,,,,,,31-35,26-35,City street,U,Thursday,,MC,White,0,0,0,0,City Street,Municipal/City Police,Bellingham Police Department,0,0,0,1,0,,,,,,0,0,1,1,1,,,,401,417,,,,0,0,0,1,,,,,5,,,,,,,,,0,0,,,,,,
2017,75,632429,35,03-04-2017,22:55,4,3,March,0,53,Pierce,0,10,0,3,2,2,1,0,2,2,,,,12,0,6,Angle,7,8,0,1,No intersection,3,2,2,4,0,0,0,0,CR-112TH ST S,,-122.4397083,47.15543611,98444,0,2,69,Initial Opposite Direction(Going Straight),62,4,35,80,0,0,1,2,12,1,1,3,5,1,Going Straight,1,1,53,,0,37,32,2017,0,,12,,,,,,1,1,26,1,7,,4,7,3,0,11,0,09-11-2021,00:21,10053045401,45401,0,0,0,0,1,0,,,,96,,,,,,98,,,,,,98002,53,,999,0,0,0,1,1,0,,0,,,,,,0,04-15-2017,08-15-2019,9,0,0,0,0,9,8,,,0,,,8,8,2,695,605,,1,1,,2,1,0.019,,,,,,,,,,,,,,,,,,,,,,,,,,,,,,0,0,0,0,1,0,1,1,1,0,0,0,1,1,0,0,0,0,0,0,0,0,0,1,1,0,0,0,0,1,0,0,0,0,0,,1,0,0,0,1,0,1,1,0,0,0,1,0,0,0,1,,,,,,26-30,26-35,City street,U,Saturday,Belt Used,PV,Black,0,1,1,0,City Street,Municipal/City Police,Auburn Police Department,0,0,0,1,0,thc,9,carboxy-thc,19,,0,0,5,,,,,,,,,,,98,98,98,2,,,,,20,,,,,,,,nms,0,0,,,,,,
2017,75,632428,35,03-04-2017,22:55,4,3,March,0,53,Pierce,0,10,0,3,2,2,1,0,2,2,,,,12,0,6,Angle,7,8,0,1,No intersection,3,2,2,4,0,0,0,0,CR-112TH ST S,,-122.4397083,47.15543611,98444,0,1,68,Initial Opposite Direction(Left/Right),15,2,35,15,0,0,1,2,12,1,1,3,5,11,Turning Red: Permitted on red,1,1,53,,0,45,421,2004,0,,68,12,,,,,1,1,25,1,0,,3,0,20,7,11,5,,,,,0,0,0,3,1,6,8,,,96,,,,,,98,,,,,,98409,53,70,203,6,1,0,0,0,0,,1,,,,,,3,,,2,9,0,1,8,9,8,,,0,,,8,8,9,999,,,99,,,9,99,999,,,,,,,,,,,,,,,,,,,,,,,,,,,,,,0,0,0,0,1,0,1,1,1,0,0,0,1,1,0,0,0,0,0,0,0,0,0,1,1,0,0,0,0,1,0,0,0,0,0,,0,0,0,0,0,0,0,0,0,1,0,0,0,0,0,0,,,,,,21-25,16-25,City street,U,Saturday,Not Used,PV,Not Fatal,0,1,1,0,City Street,Municipal/City Police,Auburn Police Department,0,0,0,1,0,,,,,,0,0,0,,,,,,,,,,,98,98,98,0,,,,,20,,,,,,,,,0,0,,,,,,
2021,76,635466,2,03-16-2021,12:53,16,3,March,,57,Skagit,0,1,,1,1,2,1,0,2,2,,,,12,0,2,Front-to-Front,,1,0,1,No intersection,4,1,2,4,0,0,0,0,CR-HIGGINS AIRPORT WAY,,-122.4135583,48.45470833,,0,2,51,Lateral Move(Going Straight),62,4,50,61,0,0,1,2,12,1,1,2,1,1,Going Straight,1,3,53,,0,37,705,2011,0,,63,24,,,,,1,1,72,1,7,,4,7,20,7,11,0,09/13/2021,17:15,53045832,45832,0,0,3,3,1,0,,,,96,,,,,,9,,,,,,98237,53,66,160,6,1,0,0,0,0,,0,,,,,,0,,,20,8,0,0,0,1,8,,,0,,,8,1,2,1,,,1,,,2,1,0.115,,,,,,,,,,,,,,,,,,,,,,,,,,,,,,0,0,1,0,1,1,0,1,0,0,0,0,0,0,0,0,0,0,0,0,0,0,0,0,0,1,1,0,1,0,0,0,0,0,1,0,0,0,0,0,0,1,0,1,0,0,0,0,0,1,0,1,,,,,,71-75,66-75,County road,R,Monday,,MC,White,0,1,0,0,County Road,State Patrol,Washington State Patrol,1,0,1,0,0,,,,,,0,0,0,,,,,,,,,,,0,0,0,1,,,,,5,,,,,,,,,0,0,,,SOUTH SKAGIT HWY,17.5,NULL,
2021,76,635465,2,03-16-2021,12:53,16,3,March,,57,Skagit,0,1,,1,1,2,1,0,2,2,,,,12,0,2,Front-to-Front,,1,0,1,No intersection,4,1,2,4,0,0,0,0,CR-HIGGINS AIRPORT WAY,,-122.4135583,48.45470833,,0,1,50,Lateral Move(Left/Right),10,2,50,14,0,0,1,2,12,1,1,2,1,1,Going Straight,1,1,53,,0,37,471,2019,0,,12,,,,,,1,1,52,1,0,,3,0,3,0,11,4,,,,,0,0,3,3,1,0,,,,96,,,,,,98,,,,,,98034,53,66,195,6,1,0,0,0,0,,0,,,,,,0,,,8,0,0,0,8,9,8,,,0,,,8,8,0,0,,,0,,,0,0,996,,,,,,,,,,,,,,,,,,,,,,,,,,,,,,0,0,0,0,0,0,1,1,0,0,0,0,1,1,0,0,0,0,0,1,0,0,0,0,0,0,0,0,0,1,0,0,0,0,0,,0,0,0,0,0,0,0,0,0,0,0,0,0,0,0,0,,,,,,51-55,46-55,City street,U,Friday,Belt Used,PV,Not Fatal,0,1,1,0,City Street,Municipal/City Police,Kirkland Police Department,0,0,0,1,0,,,,,,0,0,0,,,,,,,,,,,98,98,98,0,,,,,20,,,,,,,,,1,0,,,,,,
2020,76,634606,305,02-02-2020,14:47,2,2,Feb,,11,Clark,2370,1,,1,1,2,1,0,2,2,14:47,14:52,15:05,12,0,6,Angle,0,2,0,2,4 Way,3,2,4,6,0,0,3,3,SE 164TH AVE,SE MILL PLAIN BLVD,-122.5043139,45.61547222,98683,0,2,87,Others,66,4,35,14,0,0,1,2,12,1,1,4,1,1,Going Straight,1,1,53,,0,21,21,2003,0,,68,12,,,,,1,1,28,2,1,,4,7,20,7,11,0,09-03-2021,17:08,1.05E+11,43841,0,0,0,2,1,0,,,,96,,,,,,98,,,,,,98011,53,67,135,1,1,0,1,1,0,,0,,,,,,4,01-15-2019,01-15-2019,1,0,0,0,0,9,8,,,0,,,8,8,2,996,996,996,1,1,1,2,1,0,,,,,,,,,,,,,,,,,,,,,,,,,,,,,,0,0,0,0,0,0,1,1,0,0,0,0,1,1,0,0,0,0,0,1,0,0,0,0,0,0,0,0,0,1,0,0,0,1,0,,1,0,0,0,0,0,1,1,0,1,0,1,0,0,1,0,,,,,,26-30,26-35,City street,U,Friday,Not Used,PV,Hispanic,0,1,1,0,City Street,Municipal/City Police,Kirkland Police Department,0,0,0,1,0,,,,,,0,0,1,1,1,1,,,401,417,151,996,,98,98,98,1,,,,,20,,,,,,,,,1,0,,,,,,
2020,76,634605,305,02-02-2020,14:47,2,2,Feb,,11,Clark,2370,1,,1,1,2,1,0,2,2,14:47,14:52,15:05,12,0,6,Angle,0,2,0,2,4 Way,3,2,4,6,0,0,3,3,SE 164TH AVE,SE MILL PLAIN BLVD,-122.5043139,45.61547222,98683,0,1,86,Others,17,2,40,80,0,0,1,2,12,1,1,5,2,1,Going Straight,1,1,53,,0,82,881,2020,0,,12,,,,,,1,1,39,1,0,,0,0,3,0,11,0,,,,,6,3,0,3,1,0,,,,96,,,,,,98,,,,,,22153,51,68,250,6,1,0,0,0,0,,0,,,,,,0,,,20,0,0,0,8,9,8,,,0,,,8,8,2,1,,,1,,,2,1,0,,,,,,,,,,,,,,,,,,,,,,,,,,,,,,0,0,0,0,1,1,1,1,1,0,0,0,1,1,0,0,0,0,0,1,0,0,0,0,0,0,0,0,0,1,1,0,0,0,0,,0,0,0,0,0,0,0,0,0,0,0,0,0,0,0,0,,,,,,36-40,36-45,Interstate,U,Sunday,,MHTRUCK,Not Fatal,0,0,0,0,State Route,State Patrol,Washington State Patrol,0,1,0,0,0,,,,,,0,0,0,,,,,,,,,,,98,98,98,0,,,,,20,,,,,,,,,1,0,,,,,,
2018,76,633161,56,03-09-2018,22:02,9,3,March,0,35,Kitsap,111,10,0,2,11,5,1,0,1,1,,,,43,0,0,No vehicle,0,1,0,1,No intersection,7,2,4,6,0,0,0,0,LOVGREEN RD,,-122.5216778,47.60484167,98110,0,1,98,Others,13,2,25,4,0,0,1,7,2,1,2,8,8,12,Others,1,1,53,,0,12,471,1999,0,,12,,,,,,1,1,41,1,7,,4,7,20,7,11,0,09-12-2021,18:50,2.31E+11,49650,0,0,0,2,1,0,,,,96,,,,,,98,,,,,,98108,53,70,160,1,1,1,0,0,1,,0,,,,,,4,05-15-2021,05-15-2021,20,0,0,0,0,9,8,,,0,,,8,8,2,695,605,,1,1,,2,1,0.223,,,,,,,,,,,,,,,,,,,,,,,,,,,,,,0,0,0,0,1,1,1,1,1,0,0,0,1,1,0,0,0,0,0,1,0,0,0,0,0,0,0,0,0,1,1,0,0,1,0,,1,0,0,0,0,1,1,1,0,1,0,1,0,0,0,1,,,,,,41-45,36-45,Interstate,U,Sunday,Not Used,PV,Black,0,0,0,0,State Route,State Patrol,Washington State Patrol,0,1,0,0,0,thc,3,carboxy-thc,11,,0,1,0,,,,,,,,,,,0,0,0,2,,,,,20,,,,,,,,nms,1,0,,,,,,