year,something,Cases,repjur,crash_dt,crash_tm,accday,Month,Month,holiday,county,co_char,city,weather,weather2,lightcond,surfcond,surftype,Number of Fatalities,nmforms,pforms,vforms,not_tm,arr_tm,hosp_tm,fhevent,hitrun,Manner of Collision,Manner of Collision,milepnt,reljunc,reljuncinter,intersectiontype,Intersection Type,funcsystem,landuse,ownership,route,schlbus,spejur,contdev,devfunc,trafid1,trafid2,x,y,zipcode,wk_zone,vnumber,crashtype,Crash Type,criticalevent,criticaleventcat,spdlim,body,trailer,emerg,hazcargo,leave,mhevent,roadalgn,roadprof,traflane,trafflow,Vehicle Manure,Vehicle Manure,numoccs,regowner,regstate,,spuse,make,model,modelyr,vrf1,vrf2,seqevent1,seqevent2,seqevent3,seqevent4,seqevent5,seqevent6,pnumber,ptype,age,sex,hispanic,race,injury,diedscene,restraint,restraintmisuse,seatpos,takehosp,death_dt,death_tm,cert,cernum_wa,commlic,licendor,licrestrict,liccomp,drivpres,drf1,drf2,drf3,drf4,distract1,distract2,distract3,distract4,distract5,distract6,dricond1,dricond2,dricond3,dricond4,dricond5,dricond6,dzip,licstate,drhgt_in,weight,noncdl,noncdltype,prevdwi,prevoth,prevacc,prevspd,prevsus,driviol1,driviol2,driviol3,driviol4,driviol5,driviol6,spdrel,first_dt,last_dt,airbag,ejection,ejectpath,extricat,injurwrk,methalc,methdrug,nmlocat,strikveh,prf1,prf2,prf3,druginv,alcinvol,drugsts,drugres1,drugres2,drugres3,drugtst1,drugtst2,drugtst3,alcsts,alctst,alcres,nmact1,nmact2,nmact3,nmact4,nmact5,nmact6,nmprior1,nmprior2,nmprior3,nmprior4,nmprior5,nmprior6,nmcond1,nmcond2,nmcond3,nmcond4,nmcond5,nmcond6,nmsafe_helmet,nmsafe_pads,nmsafe_oth,nmprev_ref,nmprev_lgt,nmprev_oth,crashlocation,nmcrashtype,crosswalk,schoolzone,sidewalk,train_inv,wildlife_inv,rotr_fars,intersect_fars,Drink and Drive,aid_inv,Drug Positive Drivers,Impaired Drivers,Marijuana Positive,impnm_inv,ainm_inv,dpnm_inv,speed_inv,unlic_inv,unendmc_inv,drowsy_inv,drdist_inv,nmdist_inv,fty_inv,unrestfat_inv,dr1617_inv,dr1820_inv,dr1620_inv,dr2125_inv,dr1625_inv,dr65_inv,dr70_inv,dr75_inv,mc_inv,pv_inv,ht_inv,ped_inv,bike_inv,unrest_fat,mc_fat,unhelmet_mc,pv_fat,ht_fat,ped_fat,bike_fat,dr_alc7,dr_alc8,dr_drug,dr_imp,dr_dist,dr_spd,dr_fty,dr_unlic,dr_alc7only,dr_alc8only,dr_drugonly,dr_drink,nm_imp,nm_alc7,nm_alc8,nm_drug,nm_dist,agegrp1,agegrp2,roadclass,urbrur,dayweek,restuse,vehtype,race_me,intersect,lanedep,oppdir,wrongway,rep_typ,investag,repag_long,rotr,st_rd,cty_rd,city_rd,oth_rd,drug_thc,thc_res,drug_cthc,cthc_res,drug_cann,prevpersemin,prevperse,prevsusoth,drugtst4,drugtst5,drugtst6,drugtst7,drugtst8,drugres4,drugres5,drugres6,drugres7,drugres8,adspresent,adsengaged,adslevel,race1,race2,race3,race4,race5,helmet,helmetmisuse,nmdistract1,nmdistract2,nmdistract3,nmdistract4,nmdistract5,nmdistract6,lab,isedtcase,crf1,crf2,crf3,CoRoadName,CoMP,IntCoRoadName,IntCoMP
2017,76,632425,242,03-01-2017,16:46,1,3,March,0,53,Pierce,1770,1,0,1,1,2,1,0,4,3,,,,12,0,6,Angle,0,2,0,2,4 Way,4,2,4,6,0,0,20,3,4TH ST NW,5TH AVE NW,-122.2984111,47.19540278,98371,0,3,98,Others,66,4,25,4,0,0,1,5,12,8,8,2,1,5,Others,1,1,53,,0,37,32,1992,0,,12,,,,,,1,1,22,1,0,,1,0,3,0,11,0,,,,,0,0,0,3,1,0,,,,96,,,,,,98,,,,,,98233,53,72,180,6,1,0,1,0,0,,0,,,,,,0,08-15-2018,08-15-2018,1,0,0,0,8,9,8,,,0,,,8,8,0,0,,,0,,,0,0,996,,,,,,,,,,,,,,,,,,,,,,,,,,,,,,0,0,0,1,0,0,1,1,0,0,0,0,0,0,0,0,0,0,0,0,0,0,0,1,1,1,1,1,0,1,0,0,0,0,0,,0,0,0,0,0,0,0,0,0,0,0,0,0,0,0,0,,,,,,21-25,16-25,County road,R,Saturday,Belt Used,PV,Not Fatal,1,0,0,0,County Road,State Patrol,Washington State Patrol,0,0,1,0,0,,,,,,0,0,0,,,,,,,,,,,0,0,0,0,,,,,20,,,,,,,,,1,0,,,JOSH WILSON ROAD,4.872,FARM TO MARKET ROAD,2.805
2017,76,632424,242,03-01-2017,16:46,1,3,March,0,53,Pierce,1770,1,0,1,1,2,1,0,4,3,,,,12,0,6,Angle,0,2,0,2,4 Way,4,2,4,6,0,0,0,0,4TH ST NW,5TH AVE NW,-122.2984111,47.19540278,98371,0,2,69,Initial Opposite Direction(Going Straight),62,4,30,4,0,0,1,2,12,1,1,2,1,1,Going Straight,2,1,53,,0,49,402,2008,0,,12,,,,,,1,1,71,1,0,,3,0,3,0,11,5,,,,,0,0,3,3,1,0,,,,96,,,,,,98,,,,,,98244,53,74,180,6,1,0,0,0,0,,0,,,,,,0,,,1,0,0,0,8,9,8,,,0,,,8,8,0,0,,,0,,,0,0,996,,,,,,,,,,,,,,,,,,,,,,,,,,,,,,0,0,0,1,0,0,1,1,0,0,0,0,0,0,0,0,0,0,0,0,0,0,0,1,1,1,1,1,0,1,0,0,0,0,0,,0,0,0,0,0,0,0,0,0,0,0,0,0,0,0,0,,,,,,71-75,66-75,County road,R,Saturday,Belt Used,PV,Not Fatal,1,0,0,0,County Road,State Patrol,Washington State Patrol,0,0,1,0,0,,,,,,0,0,0,,,,,,,,,,,98,98,98,0,,,,,20,,,,,,,,,1,0,,,JOSH WILSON ROAD,4.872,FARM TO MARKET ROAD,2.805
2017,76,632423,242,03-01-2017,16:46,1,3,March,0,53,Pierce,1770,1,0,1,1,2,1,0,4,3,,,,12,0,6,Angle,0,2,0,2,4 Way,4,2,4,6,0,0,0,0,4TH ST NW,5TH AVE NW,-122.2984111,47.19540278,98371,0,1,68,Initial Opposite Direction(Left/Right),15,2,30,34,0,0,1,2,12,1,1,2,1,11,Turning Red: Permitted on red,1,2,53,,0,21,2,1998,0,,12,12,1,,,,1,1,92,1,7,,4,7,3,0,11,0,09-04-2021,14:42,53043748,43748,0,0,3,3,1,39,,,,96,,,,,,98,,,,,,98226,53,70,147,6,1,0,0,0,0,,0,,,,,,0,,,1,0,0,0,0,9,8,,,0,,,8,8,2,996,,,1,,,2,1,0,,,,,,,,,,,,,,,,,,,,,,,,,,,,,,0,0,0,1,0,0,1,1,0,0,0,0,0,0,0,0,0,0,0,0,0,0,0,1,1,1,1,1,0,1,0,0,0,0,0,,1,0,0,0,0,0,1,1,0,0,0,0,0,0,1,0,,,,,,81+,76+,County road,R,Saturday,Belt Used,PV,White,1,0,0,0,County Road,State Patrol,Washington State Patrol,0,0,1,0,0,,,,,,0,0,0,,,,,,,,,,,0,0,0,1,,,,,20,,,,,,,,,1,0,,,JOSH WILSON ROAD,4.872,FARM TO MARKET ROAD,2.805
2019,76,3581458,263,01-31-2019,00:31,31,1,Jan,,33,King,1960,1,0,3,1,1,1,1,1,1,,,,8,1,0,No vehicle,0,2,0,2,4 Way,7,2,4,6,0,0,3,3,4TH AVE,COLUMBIA ST,-122.3316194,47.60468611,98164,0,1,13,Pedestrian/Animal,80,5,25,19,0,0,1,5,8,1,2,3,4,1,Going Straight,99,9,99,,0,20,421,2001,0,,64,1,,,,,1,1,35,1,7,,4,7,20,7,11,0,09-12-2021,19:33,1.85E+11,45601,0,0,3,3,1,0,,,,96,,,,,,9,,,,,,99354,53,70,186,6,1,0,0,0,0,,0,,,,,,0,,,20,1,9,0,0,9,8,,,0,,,8,1,2,1,,,1,,,2,1,0.284,,,,,,,,,,,,,,,,,,,,,,,,,,,,,,0,0,1,0,1,1,0,1,0,0,0,0,0,0,0,0,0,0,0,1,0,0,0,0,0,0,0,0,0,1,0,0,0,1,0,,1,0,0,0,0,1,0,1,0,0,0,0,0,1,0,1,,,,,,31-35,26-35,Interstate,U,Sunday,Not Used,PV,White,0,1,0,0,State Route,State Patrol,Washington State Patrol,1,1,0,0,0,,,,,,0,0,0,,,,,,,,,,,98,98,98,1,,,,,20,,,,,,,,,1,0,,,,,,
2021,77,635468,247,03-23-2021,23:59,23,3,March,,33,King,1820,1,,3,1,2,1,0,1,1,,,,39,0,0,No vehicle,4.3,3,0,2,4 Way,4,2,1,3,0,0,3,3,SR-202,NE 124TH ST,-122.1318444,47.71115833,98952,0,1,6,Drive off road,12,2,40,14,0,0,1,5,39,1,1,5,1,1,Going Straight,1,1,53,,0,59,31,2000,0,,63,43,,,,,1,1,68,2,7,,4,8,3,0,11,1,08/28/2021,17:38,1.96E+11,43268,0,0,3,3,1,0,,,,96,,,,,,98,,,,,,98370,53,63,160,6,1,0,0,0,0,,0,,,,,,0,,,1,0,0,1,0,9,8,,,0,,,8,8,2,522,996,996,1,1,1,2,1,0,,,,,,,,,,,,,,,,,,,,,,,,,,,,,,0,0,1,1,0,0,1,1,0,0,0,0,0,0,0,0,0,0,0,0,0,0,0,0,0,1,0,0,0,1,0,0,0,0,0,,1,0,0,0,0,0,1,1,0,0,0,0,0,0,1,0,,,,,,66-70,66-75,State route,U,Saturday,Belt Used,PV,White,0,1,0,0,State Route,Municipal/City Police,Poulsbo Police Department,1,1,0,0,0,,,,,,0,0,0,,,,,,,,,,,98,98,98,1,,,,,20,,,,,,,,,1,0,,,,,,
2020,77,634689,14,03-15-2020,14:41,15,3,March,,11,Clark,0,1,,1,1,2,1,1,2,2,14:43,14:58,15:12,9,0,0,No vehicle,4.6,1,0,1,No intersection,5,1,2,4,0,0,0,0,CR-NE 182ND AVE,,-122.4865417,45.81445,98604,0,2,98,Others,62,4,50,34,0,0,1,5,12,1,4,2,1,1,Going Straight,1,2,53,,0,12,17,2007,0,,8,,,,,,1,1,43,2,0,,0,0,3,0,11,0,,,,,0,0,3,3,1,0,,,,96,,,,,,98,,,,,,99207,53,67,240,6,1,0,0,0,0,,0,,,,,,0,,,20,0,0,0,8,9,8,,,0,,,8,8,8,95,,,96,,,8,95,995,,,,,,,,,,,,,,,,,,,,,,,,,,,,,,0,0,0,1,0,0,0,0,0,1,0,1,0,0,0,0,0,0,0,0,0,0,0,0,0,0,0,0,0,1,0,1,0,0,0,,0,0,0,0,0,0,0,0,0,0,0,0,0,0,0,0,,,,,,41-45,36-45,US highway,U,Friday,Belt Used,PV,Not Fatal,1,0,0,0,State Route,Municipal/City Police,Spokane Police Department,0,1,0,0,0,,,,,,0,0,0,,,,,,,,,,,98,98,98,0,,,,,20,,,,,,,,,1,0,,,,,,
2020,77,634688,14,03-15-2020,14:41,15,3,March,,11,Clark,0,1,,1,1,2,1,1,2,2,14:43,14:58,15:12,9,0,0,No vehicle,4.6,1,0,1,No intersection,5,1,2,4,0,0,0,0,CR-NE 182ND AVE,,-122.4865417,45.81445,98604,0,1,13,Pedestrian/Animal,83,5,50,80,0,0,1,2,12,1,4,2,1,1,Going Straight,1,1,53,,0,2,404,2001,0,,63,35,1,,,,1,1,43,1,7,,4,7,20,7,11,0,09-06-2021,15:21,53044159,44159,0,0,0,2,1,0,,,,96,,,,,,9,,,,,,98841,53,67,130,1,1,0,0,0,0,,0,,,,,,0,,,1,1,9,0,0,9,8,,,0,,,1,8,8,95,,,96,,,2,98,997,,,,,,,,,,,,,,,,,,,,,,,,,,,,,,0,0,1,0,0,0,0,0,0,0,0,0,0,1,0,0,0,0,0,1,0,0,0,0,0,0,0,0,0,1,0,0,0,1,0,,1,0,0,0,0,0,0,0,0,0,0,1,0,0,0,0,,,,,,41-45,36-45,Interstate,R,Monday,Not Used,PV,White,0,1,0,0,State Route,State Patrol,Washington State Patrol,1,1,0,0,0,,,,,,0,0,0,,,,,,,,,,,98,98,98,1,,,,,20,,,,,,,,,1,0,,,,,,
2019,77,633951,46,03-14-2019,07:40,14,3,March,,75,Whitman,0,1,0,1,1,2,1,1,1,1,,,,8,0,0,No vehicle,0.6,1,0,1,No intersection,7,2,2,4,0,0,0,0,CR-WILMA DR,,-117.0862056,46.422275,99403,0,1,13,Pedestrian/Animal,80,5,25,66,1,0,1,5,8,1,1,2,1,1,Going Straight,1,3,53,,0,37,31,2008,0,,63,1,,,,,1,1,17,2,0,,3,0,3,0,11,5,,,,,0,0,3,3,1,58,,,,96,,,,,,98,,,,,,98935,53,72,195,6,2,0,0,0,0,,97,,,,,,3,,,9,0,0,1,8,9,8,,,0,,,8,8,2,1,,,1,,,2,1,0,,,,,,,,,,,,,,,,,,,,,,,,,,,,,,0,0,0,0,0,0,0,0,0,0,0,0,1,0,0,0,0,0,0,0,1,0,1,0,1,0,0,0,0,1,0,0,0,0,0,,0,0,0,0,0,0,0,0,0,1,0,0,0,0,0,0,,,,,,16-17,16-25,County road,R,Friday,Belt Used,PV,Not Fatal,0,1,0,0,County Road,County Sheriff,Yakima County Sheriff's Office,1,0,1,0,0,,,,,,0,0,0,,,,,,,,,,,98,98,98,0,,,,,20,,,,,,,,,1,0,,,GLADE RD.,2.39,NULL,
2018,77,633177,122,03-16-2018,21:53,16,3,March,0,61,Snohomish,690,10,0,3,1,2,1,1,1,1,,,,8,0,0,No vehicle,0,1,0,1,No intersection,3,2,4,6,0,0,0,0,BROADWAY,,-122.2056694,47.924775,98202,0,1,13,Pedestrian/Animal,80,5,35,52,0,0,1,5,8,1,2,2,1,1,Going Straight,1,3,53,,0,55,401,2006,0,,63,69,68,64,35,1,1,1,41,1,7,,4,7,20,7,11,0,09-08-2021,02:13,2253045123,45123,0,0,0,3,1,58,,,,96,,,,,,98,,,,,,99004,53,72,190,6,1,0,0,0,0,,0,,,,,,0,,,1,1,9,0,0,9,8,,,0,,,8,8,2,1,,,1,,,2,1,0.229,,,,,,,,,,,,,,,,,,,,,,,,,,,,,,0,0,1,0,1,1,0,1,0,0,0,0,0,0,0,0,0,0,0,1,0,0,0,0,0,0,0,0,0,1,0,0,0,1,0,,1,0,0,0,0,1,0,1,0,0,0,0,0,1,0,1,,,,,,41-45,36-45,City street,U,Wednesday,Not Used,PV,White,0,1,0,0,City Street,Municipal/City Police,Airway Heights Police Department,1,0,0,1,0,,,,,,0,0,0,,,,,,,,,,,98,98,98,1,,,,,20,,,,,,,,,1,0,,,,,,
2017,77,632434,25,03-04-2017,02:38,4,3,March,0,33,King,1018,10,0,3,2,2,1,0,1,1,,,,38,0,0,No vehicle,0,1,0,1,No intersection,5,2,4,6,0,0,0,0,NE 193RD ST,,-122.2660972,47.76830833,98028,0,1,6,Drive off road,12,2,30,4,0,0,1,2,30,3,2,2,1,14,Making a U turn,1,1,53,,0,52,34,2007,0,,12,64,43,,,,1,1,23,2,0,,1,0,3,0,11,5,,,,,0,0,0,0,1,0,,,,96,,,,,,98,,,,,,98951,53,61,140,0,0,0,1,0,0,,97,,,,,,0,06-15-2020,06-15-2020,1,0,0,0,8,9,8,,,0,,,8,8,8,95,,,96,,,8,95,995,,,,,,,,,,,,,,,,,,,,,,,,,,,,,,0,0,0,1,1,1,0,1,0,0,0,0,1,1,0,0,0,0,0,1,0,1,1,1,1,0,0,0,0,1,0,0,0,0,0,,0,0,0,0,0,0,0,0,0,0,0,1,0,0,0,0,,,,,,21-25,16-25,City street,U,Tuesday,Belt Used,PV,Not Fatal,1,0,0,0,City Street,Municipal/City Police,Yakima Police Department,0,0,0,1,0,,,,,,0,0,0,,,,,,,,,,,98,98,98,0,,,,,20,,,,,,,,,1,0,,,,,,
2019,78,633952,5,03-25-2019,01:45,25,3,March,,11,Clark,0,1,0,2,1,2,1,1,1,1,,,,8,0,0,No vehicle,10.5,1,0,1,No intersection,1,2,1,1,0,0,0,0,I-5,,-122.6667722,45.76429444,98642,0,1,13,Pedestrian/Animal,80,5,60,66,1,0,1,5,8,1,1,3,3,1,Going Straight,1,3,41,,0,12,13,1994,0,,12,,,,,,1,1,20,1,0,,3,0,3,0,11,5,,,,,0,0,0,3,1,39,,,,96,,,,,,9,,,,,,98908,53,67,155,6,1,0,1,1,0,,1,99,,,,,4,09-15-2017,09-15-2017,1,0,0,0,8,9,2,,,0,,,8,1,2,1,,,1,,,2,1,0.15,,,,,,,,,,,,,,,,,,,,,,,,,,,,,,0,0,0,1,1,1,0,1,0,0,0,0,1,1,0,0,0,0,0,1,0,1,1,1,1,0,0,0,0,1,0,0,0,0,0,,0,0,0,0,0,1,0,1,0,1,0,0,0,1,0,1,,,,,,18-20,16-25,City street,U,Tuesday,Belt Used,PV,Not Fatal,1,0,0,0,City Street,Municipal/City Police,Yakima Police Department,0,0,0,1,0,,,,,,0,0,0,,,,,,,,,,,0,0,0,0,,,,,20,,,,,,,,,1,0,,,,,,
2021,78,635470,1,03-24-2021,02:58,24,3,March,,77,Yakima,0,10,,2,1,2,4,0,5,2,,,,12,0,2,Front-to-Front,8.2,1,0,1,No intersection,5,1,1,3,0,3,0,0,SR-22,,-120.2405611,46.32559167,98948,0,2,51,Lateral Move(Going Straight),62,4,60,14,0,0,1,2,12,1,1,2,1,1,Going Straight,1,2,53,,0,37,31,1999,0,,63,35,67,42,,,1,1,15,1,7,,4,7,3,0,11,0,09-02-2021,02:20,53043359,43359,0,0,0,0,1,0,,,,96,,,,,,98,,,,,,99998,53,,999,0,0,99,99,99,99,,0,,,,,,4,,,20,0,0,0,0,9,8,,,0,,,8,8,2,1,,,1,,,2,1,0.192,,,,,,,,,,,,,,,,,,,,,,,,,,,,,,0,0,1,0,1,1,0,1,0,0,0,0,1,1,0,0,0,0,0,0,0,0,0,0,0,0,0,0,0,1,0,0,0,0,0,,1,0,0,0,0,1,0,1,0,1,0,1,0,1,0,1,,,,,,Oct-15,0-15,State route,R,Thursday,Belt Used,PV,White,0,1,0,0,State Route,State Patrol,Washington State Patrol,1,1,0,0,0,,,,,,99,99,99,,,,,,,,,,,0,0,0,1,,,,,20,,,,,,,,,1,0,,,,,,
2021,78,635469,1,03-24-2021,02:58,24,3,March,,77,Yakima,0,10,,2,1,2,4,0,5,2,,,,12,0,2,Front-to-Front,8.2,1,0,1,No intersection,5,1,1,3,0,3,0,0,SR-22,,-120.2405611,46.32559167,98948,0,1,50,Lateral Move(Left/Right),10,2,60,20,0,0,1,2,12,1,1,2,1,1,Going Straight,4,2,53,,0,85,881,2020,0,,12,63,24,,,,1,1,64,1,7,,4,7,3,0,11,0,08/23/2021,11:56,2.31E+11,43028,6,1,3,3,1,0,,,,96,,,,,,98,,,,,,98042,53,68,190,6,1,0,0,0,0,,0,,,,,,0,,,20,0,0,0,0,9,8,,,0,,,8,8,2,996,,,1,,,2,1,0,,,,,,,,,,,,,,,,,,,,,,,,,,,,,,0,0,0,0,0,0,1,1,0,0,0,0,0,0,0,0,0,0,1,0,0,0,0,0,0,0,0,0,0,1,1,0,0,0,0,,0,1,0,0,0,0,1,1,0,0,0,0,0,0,1,0,,,,,,61-65,56-65,Interstate,U,Monday,,MHTRUCK,White,1,0,0,0,State Route,State Patrol,Washington State Patrol,0,1,0,0,0,,,,,,0,0,0,,,,,,,,,,,98,98,98,1,,,,,20,,,,,,,,,1,0,,,,,,
2020,78,634690,31,03-18-2020,03:00,18,3,March,,45,Mason,0,1,,2,1,2,1,0,1,1,07:32,07:43,,1,0,0,No vehicle,9999.8,1,0,1,No intersection,98,1,64,8,0,0,0,0,FOREST SERVICES RD 2300,,-778.3049361,78.30493611,3971,0,1,2,Control/Traction Loss,13,2,35,14,0,0,1,2,1,3,2,2,1,14,Making a U turn,1,1,53,,0,34,402,2013,0,,12,,,,,,1,1,49,2,0,,1,0,3,0,11,0,,,,,0,0,3,3,1,38,,,,96,,,,,,98,,,,,,98052,53,67,135,6,1,0,0,0,0,,61,,,,,,0,,,20,0,0,0,8,9,8,,,0,,,8,8,0,0,,,0,,,0,0,996,,,,,,,,,,,,,,,,,,,,,,,,,,,,,,0,0,0,0,0,0,1,1,0,0,0,0,0,0,0,0,0,0,1,0,0,0,0,0,0,0,0,0,0,1,1,0,0,0,0,,0,0,0,0,0,0,0,0,0,0,1,0,0,0,0,0,,,,,,46-50,46-55,Interstate,U,Monday,Belt Used,PV,Not Fatal,1,0,0,0,State Route,State Patrol,Washington State Patrol,0,1,0,0,0,,,,,,0,0,0,,,,,,,,,,,98,98,98,0,,,,,20,,,,,,,,,1,0,,,,,,
2018,78,633188,5,03-16-2018,21:34,16,3,March,0,11,Clark,0,10,0,3,2,2,1,1,1,1,21:34,21:40,22:02,8,0,0,No vehicle,4,1,0,1,No intersection,3,2,2,4,0,0,0,0,CR-NE HWY 99,,-122.6618389,45.67991111,98665,0,1,13,Pedestrian/Animal,80,5,40,34,0,0,1,7,8,1,1,8,1,1,Going Straight,1,2,53,,0,12,401,2002,0,,68,68,63,42,1,,1,1,19,1,7,,4,7,3,0,11,0,09-03-2021,18:30,53044297,44297,0,0,0,3,1,58,,,,92,,,,,,98,,,,,,98584,53,75,195,6,1,0,0,0,0,,0,,,,,,0,,,8,0,0,0,0,9,8,,,0,,,8,8,2,1,,,1,,,2,1,0,,,,,,,,,,,,,,,,,,,,,,,,,,,,,,0,0,0,0,0,0,0,0,0,0,0,0,0,0,0,0,1,0,0,0,0,1,1,0,1,0,0,0,0,1,0,0,0,0,0,,1,0,0,0,0,0,0,0,1,0,0,0,0,0,0,0,,,,,,18-20,16-25,County road,R,Friday,Belt Used,PV,White,0,1,0,0,County Road,County Sheriff,Mason County Sheriff's Office,1,0,1,0,0,,,,,,0,0,0,,,,,,,,,,,98,98,98,1,,,,,20,,,,,,,,,1,0,,,KAMILCHE POINT RD,1.977,NULL,
2017,78,632437,6,03-07-2017,06:07,7,3,March,0,37,Kittitas,0,4,0,4,3,2,1,0,3,1,,,,24,0,0,No vehicle,91.9,1,0,1,No intersection,1,1,1,1,0,0,0,0,I-90,,-120.79035,47.11460556,,0,1,2,Control/Traction Loss,6,1,70,34,0,0,1,2,1,1,1,2,3,15,Others,3,1,53,,0,12,481,1998,0,,8,,,,,,1,1,79,1,0,,0,0,3,0,11,0,,,,,0,0,0,3,1,0,,,,96,,,,,,98,,,,,,98948,53,68,165,6,1,0,0,2,0,,0,,,,,,0,02-15-2019,10-15-2021,20,0,0,0,8,9,2,,,0,,,8,8,2,1,,,1,,,2,1,0,,,,,,,,,,,,,,,,,,,,,,,,,,,,,,0,0,0,0,0,0,0,0,0,1,0,1,0,0,0,0,0,0,0,0,0,0,0,0,0,1,1,1,0,1,0,1,0,0,0,,0,0,0,0,0,0,0,0,0,0,0,0,0,0,0,0,,,,,,76-80,76+,City street,U,Sunday,Belt Used,PV,Not Fatal,0,0,0,0,City Street,Municipal/City Police,Yakima Police Department,0,0,0,1,0,,,,,,0,0,0,,,,,,,,,,,0,0,0,0,,,,,20,,,,,,,,,1,0,,,,,,
2020,79,634691,305,03-20-2020,05:59,20,3,March,,11,Clark,2370,1,,2,1,2,1,1,1,1,06:09,06:16,06:45,8,0,0,No vehicle,0,1,0,1,No intersection,4,2,4,6,0,0,0,0,NE 78TH ST,,-122.5928806,45.67889722,98662,0,1,13,Pedestrian/Animal,80,5,35,4,0,0,1,2,8,1,1,1,2,1,Going Straight,1,1,53,,0,73,703,2013,0,,64,25,,,,,1,1,61,1,7,,4,0,20,7,11,5,08/31/2021,20:22,2.37E+11,44154,0,0,0,2,1,30,,,,96,,,,,,98,,,,,,91977,6,71,160,3,1,0,0,0,0,,0,,,,,,4,,,20,8,0,0,0,9,8,,,0,,,8,8,2,1,,,1,,,2,1,0.066,,,,,,,,,,,,,,,,,,,,,,,,,,,,,,0,0,1,0,1,0,0,0,0,0,0,0,1,1,1,0,0,0,0,0,0,0,0,0,0,0,0,0,1,0,0,0,0,0,1,0,0,0,0,0,1,0,0,0,0,1,0,1,1,0,0,1,,,,,,61-65,56-65,Interstate,U,Sunday,,MC,White,1,0,0,0,State Route,State Patrol,Washington State Patrol,0,1,0,0,0,,,,,,0,0,0,,,,,,,,,,,0,0,0,1,,,,,5,,,,,,,,,1,0,,,,,,
2019,79,633927,4,03-10-2019,19:25,10,3,March,,63,Spokane,0,10,0,3,1,2,1,0,4,3,,,,12,0,8,Other,16.3,1,0,1,No intersection,4,1,1,3,0,0,0,0,SR-904,,-117.5943833,47.55703333,99004,0,3,98,Others,62,4,40,14,0,0,1,7,12,1,1,3,5,1,Going Straight,2,1,53,,0,37,31,1994,0,,12,,,,,,1,1,27,1,7,,4,7,20,7,11,0,09-02-2021,18:47,73553046545,46545,0,0,0,3,1,0,,,,96,,,,,,98,,,,,,98387,53,66,260,6,1,0,1,1,0,,0,,,,,,0,07-15-2017,09-15-2018,9,0,0,0,0,9,8,,,0,,,8,8,2,1,,,1,,,2,1,0,,,,,,,,,,,,,,,,,,,,,,,,,,,,,,0,0,0,1,0,0,0,0,0,0,0,0,0,1,0,0,0,0,0,1,0,0,0,1,1,0,0,0,0,1,1,0,0,1,0,,1,0,0,0,0,0,0,0,0,0,0,0,0,0,0,0,,,,,,26-30,26-35,City street,U,Thursday,Not Used,PV,API,1,0,0,0,City Street,Municipal/City Police,Federal Way Dept of Public Safety,0,0,0,1,0,,,,,,0,0,0,,,,,,,,,,,0,0,0,38,,,,,20,,,,,,,,,1,0,,,,,,
2019,79,633926,4,03-10-2019,19:25,10,3,March,,63,Spokane,0,10,0,3,1,2,1,0,4,3,,,,12,0,8,Other,16.3,1,0,1,No intersection,4,1,1,3,0,0,0,0,SR-904,,-117.5943833,47.55703333,99004,0,2,65,Others,62,4,40,4,0,0,1,5,12,1,1,3,5,1,Going Straight,1,2,53,,0,7,881,2009,0,,12,,,,,,1,1,24,1,0,,1,0,3,0,11,0,,,,,0,0,0,2,1,48,,,,96,,,,,,98,,,,,,98023,53,71,230,1,1,0,2,1,5,,97,,,,,,0,11-15-2016,11-15-2020,20,0,0,0,8,9,8,,,0,,,8,8,0,0,,,0,,,0,0,996,,,,,,,,,,,,,,,,,,,,,,,,,,,,,,0,0,0,1,0,0,0,0,0,0,0,0,0,1,0,0,0,0,0,1,0,0,0,1,1,0,0,0,0,1,1,0,0,0,0,,0,0,0,0,0,0,0,0,0,0,0,1,0,0,0,0,,,,,,21-25,16-25,City street,U,Thursday,,MHTRUCK,Not Fatal,1,0,0,0,City Street,Municipal/City Police,Federal Way Dept of Public Safety,0,0,0,1,0,,,,,,0,0,2,,,,,,,,,,,98,98,98,0,,,,,20,,,,,,,,,1,0,,,,,,
2019,79,633925,4,03-10-2019,19:25,10,3,March,,63,Spokane,0,10,0,3,1,2,1,0,4,3,,,,12,0,8,Other,16.3,1,0,1,No intersection,4,1,1,3,0,0,0,0,SR-904,,-117.5943833,47.55703333,99004,0,1,64,Others,10,2,40,34,0,0,1,2,12,1,1,3,5,1,Going Straight,1,1,53,,0,37,31,2015,0,,9,,,,,,1,1,20,2,0,,0,0,3,0,11,0,,,,,0,0,3,3,1,0,,,,96,,,,,,98,,,,,,99208,53,63,105,6,2,0,0,0,0,,0,,,,,,0,,,20,0,0,0,8,9,8,,,0,,,8,8,0,0,,,0,,,0,0,996,,,,,,,,,,,,,,,,,,,,,,,,,,,,,,0,0,0,1,0,0,1,1,1,1,0,1,0,0,0,0,0,0,0,0,0,1,1,0,1,0,0,0,0,1,0,0,1,0,0,,0,0,0,0,0,0,0,0,0,0,0,0,0,0,0,0,,,,,,18-20,16-25,US highway,U,Sunday,Belt Used,PV,Not Fatal,1,0,0,0,State Route,State Patrol,Washington State Patrol,0,1,0,0,0,,,,,,0,0,0,,,,,,,,,,,98,98,98,0,,,,,20,,,,,,,,,1,0,,,,,,