year,something,Cases,repjur,crash_dt,crash_tm,accday,Month,Month,holiday,county,co_char,city,weather,weather2,lightcond,surfcond,surftype,Number of Fatalities,nmforms,pforms,vforms,not_tm,arr_tm,hosp_tm,fhevent,hitrun,Manner of Collision,Manner of Collision,milepnt,reljunc,reljuncinter,intersectiontype,Intersection Type,funcsystem,landuse,ownership,route,schlbus,spejur,contdev,devfunc,trafid1,trafid2,x,y,zipcode,wk_zone,vnumber,crashtype,Crash Type,criticalevent,criticaleventcat,spdlim,body,trailer,emerg,hazcargo,leave,mhevent,roadalgn,roadprof,traflane,trafflow,Vehicle Manure,Vehicle Manure,numoccs,regowner,regstate,,spuse,make,model,modelyr,vrf1,vrf2,seqevent1,seqevent2,seqevent3,seqevent4,seqevent5,seqevent6,pnumber,ptype,age,sex,hispanic,race,injury,diedscene,restraint,restraintmisuse,seatpos,takehosp,death_dt,death_tm,cert,cernum_wa,commlic,licendor,licrestrict,liccomp,drivpres,drf1,drf2,drf3,drf4,distract1,distract2,distract3,distract4,distract5,distract6,dricond1,dricond2,dricond3,dricond4,dricond5,dricond6,dzip,licstate,drhgt_in,weight,noncdl,noncdltype,prevdwi,prevoth,prevacc,prevspd,prevsus,driviol1,driviol2,driviol3,driviol4,driviol5,driviol6,spdrel,first_dt,last_dt,airbag,ejection,ejectpath,extricat,injurwrk,methalc,methdrug,nmlocat,strikveh,prf1,prf2,prf3,druginv,alcinvol,drugsts,drugres1,drugres2,drugres3,drugtst1,drugtst2,drugtst3,alcsts,alctst,alcres,nmact1,nmact2,nmact3,nmact4,nmact5,nmact6,nmprior1,nmprior2,nmprior3,nmprior4,nmprior5,nmprior6,nmcond1,nmcond2,nmcond3,nmcond4,nmcond5,nmcond6,nmsafe_helmet,nmsafe_pads,nmsafe_oth,nmprev_ref,nmprev_lgt,nmprev_oth,crashlocation,nmcrashtype,crosswalk,schoolzone,sidewalk,train_inv,wildlife_inv,rotr_fars,intersect_fars,Drink and Drive,aid_inv,Drug Positive Drivers,Impaired Drivers,Marijuana Positive,impnm_inv,ainm_inv,dpnm_inv,speed_inv,unlic_inv,unendmc_inv,drowsy_inv,drdist_inv,nmdist_inv,fty_inv,unrestfat_inv,dr1617_inv,dr1820_inv,dr1620_inv,dr2125_inv,dr1625_inv,dr65_inv,dr70_inv,dr75_inv,mc_inv,pv_inv,ht_inv,ped_inv,bike_inv,unrest_fat,mc_fat,unhelmet_mc,pv_fat,ht_fat,ped_fat,bike_fat,dr_alc7,dr_alc8,dr_drug,dr_imp,dr_dist,dr_spd,dr_fty,dr_unlic,dr_alc7only,dr_alc8only,dr_drugonly,dr_drink,nm_imp,nm_alc7,nm_alc8,nm_drug,nm_dist,agegrp1,agegrp2,roadclass,urbrur,dayweek,restuse,vehtype,race_me,intersect,lanedep,oppdir,wrongway,rep_typ,investag,repag_long,rotr,st_rd,cty_rd,city_rd,oth_rd,drug_thc,thc_res,drug_cthc,cthc_res,drug_cann,prevpersemin,prevperse,prevsusoth,drugtst4,drugtst5,drugtst6,drugtst7,drugtst8,drugres4,drugres5,drugres6,drugres7,drugres8,adspresent,adsengaged,adslevel,race1,race2,race3,race4,race5,helmet,helmetmisuse,nmdistract1,nmdistract2,nmdistract3,nmdistract4,nmdistract5,nmdistract6,lab,isedtcase,crf1,crf2,crf3,CoRoadName,CoMP,IntCoRoadName,IntCoMP
2018,79,633179,42,03-19-2018,16:55,19,3,March,0,67,Thurston,0,1,0,1,1,2,1,0,2,2,,,,12,0,2,Front-to-Front,3.8,1,0,1,No intersection,6,1,2,4,0,0,0,0,CR-VAIL CUTOFF RD SE,,-122.644125,46.84900833,98576,0,2,51,Lateral Move(Going Straight),62,4,50,34,0,0,1,5,12,2,1,2,1,14,Making a U turn,1,2,53,,0,37,404,2019,0,,9,,,,,,1,1,55,2,0,,0,0,3,0,11,0,,,,,0,0,0,3,1,0,,,,96,,,,,,9,,,,,,99218,53,64,250,6,1,0,0,0,0,,12,,,,,,0,,,20,0,0,0,8,9,1,,,0,,,1,8,2,695,605,,1,1,,2,1,0,,,,,,,,,,,,,,,,,,,,,,,,,,,,,,0,0,0,1,0,0,1,1,1,1,0,1,0,0,0,0,0,0,0,0,0,1,1,0,1,0,0,0,0,1,0,0,1,0,0,,0,0,0,0,0,0,1,1,0,0,0,0,0,0,1,0,,,,,,51-55,46-55,US highway,U,Sunday,Belt Used,PV,Not Fatal,1,0,0,0,State Route,State Patrol,Washington State Patrol,0,1,0,0,0,thc,1.8,carboxy-thc,29,,0,0,0,,,,,,,,,,,98,98,98,0,,,,,20,,,,,,,,,1,0,,,,,,
2018,79,633178,42,03-19-2018,16:55,19,3,March,0,67,Thurston,0,1,0,1,1,2,1,0,2,2,,,,12,0,2,Front-to-Front,3.8,1,0,1,No intersection,6,1,2,4,0,0,0,0,CR-VAIL CUTOFF RD SE,,-122.644125,46.84900833,98576,0,1,50,Lateral Move(Left/Right),10,2,50,4,0,0,1,7,12,3,1,2,1,14,Making a U turn,1,1,53,,0,2,405,2007,0,,8,,,,,,1,1,67,1,0,,0,0,3,0,11,0,,,,,0,0,0,3,1,0,,,,96,,,,,,98,,,,,,98204,53,68,220,6,1,0,0,0,0,,0,,,,,,0,,,20,0,0,0,8,9,8,,,0,,,8,8,8,95,,,96,,,8,95,995,,,,,,,,,,,,,,,,,,,,,,,,,,,,,,0,0,0,0,0,0,0,0,0,0,0,0,0,0,0,0,0,0,0,0,0,0,0,0,0,1,0,0,0,1,0,1,0,0,0,,0,0,0,0,0,0,0,0,0,0,0,0,0,0,0,0,,,,,,66-70,66-75,City street,U,Friday,Belt Used,PV,Not Fatal,0,0,0,0,City Street,Municipal/City Police,Everett Police Department,0,0,0,1,0,,,,,,0,0,0,,,,,,,,,,,98,98,98,0,,,,,20,,,,,,,,,1,0,,,,,,
2017,79,632445,6,03-09-2017,05:35,9,3,March,0,7,Chelan,0,1,0,2,1,2,1,0,2,2,05:37,05:47,06:22,11,0,0,No vehicle,225.5,1,0,1,No intersection,3,1,1,2,0,0,0,0,US-97,,-120.6523694,47.48453611,98847,0,2,98,Others,54,3,60,4,0,0,1,2,12,1,2,2,1,1,Going Straight,1,1,53,,0,72,706,2010,0,,63,1,,,,,1,1,53,2,7,,4,7,20,7,11,0,08/14/2021,12:05,53040612,40612,0,0,0,2,1,48,,,,96,,,,,,98,,,,,,98391,53,64,155,6,1,1,1,0,0,,0,,,,,,0,01-15-2017,01-15-2017,20,8,0,0,0,9,8,,,0,,,8,8,2,1,,,1,,,2,1,0.127,,,,,,,,,,,,,,,,,,,,,,,,,,,,,,0,0,1,1,1,1,0,1,0,0,0,0,0,0,1,0,0,0,0,0,0,0,0,0,0,0,0,0,1,0,0,0,0,0,1,0,0,0,0,0,0,1,0,1,0,0,0,0,0,1,0,1,,,,,,51-55,46-55,State route,U,Saturday,,MC,White,1,0,0,0,State Route,State Patrol,Washington State Patrol,0,1,0,0,0,,,,,,0,1,1,,,,,,,,,,,0,0,0,1,,,,,5,,,,,,,,,1,0,,,,,,
2017,79,632444,6,03-09-2017,05:35,9,3,March,0,7,Chelan,0,1,0,2,1,2,1,0,2,2,05:37,05:47,06:22,11,0,0,No vehicle,225.5,1,0,1,No intersection,3,1,1,2,0,0,0,0,US-97,,-120.6523694,47.48453611,98847,0,1,13,Pedestrian/Animal,87,6,60,6,0,0,1,2,11,1,2,2,1,1,Going Straight,1,1,53,,0,35,48,2012,0,,68,64,42,,,,1,1,68,8,7,,4,0,1,0,11,4,08/17/2021,20:25,1.48E+11,40755,0,0,3,3,1,0,,,,92,,,,,,98,,,,,,99180,53,69,231,6,1,0,0,1,0,,0,,,,,,0,12-15-2020,12-15-2020,8,0,0,0,0,9,8,,,0,,,8,8,2,996,996,387,1,1,1,2,1,0.092,,,,,,,,,,,,,,,,,,,,,,,,,,,,,,0,0,1,0,1,1,1,1,0,0,0,0,0,0,0,0,1,0,0,0,0,0,0,0,0,1,0,0,0,1,0,0,0,0,0,,1,0,0,0,0,1,1,1,1,0,0,0,0,0,0,1,,,,,,66-70,66-75,County road,R,Tuesday,Belt Used,PV,White,0,1,0,0,County Road,County Sheriff,Pend Oreille County Sheriff's Offic,1,0,1,0,0,,,,,,0,0,0,,,,,,,,,,,98,98,98,1,,,,,20,,,,,,,,,1,0,,,LECLERC RD S,9.5,NULL,
2021,79,635473,35,03-31-2021,13:49,31,3,March,,53,Pierce,0,1,,1,1,2,1,0,4,1,,,,30,0,0,No vehicle,0.5,3,0,3,T Intersection,4,2,2,4,0,3,0,0,CR-PIONEER WAY E,STEWART AVE E,-122.3518667,47.20146111,98371,0,1,7,Control/Traction Loss,8,1,40,4,0,0,1,2,30,1,1,2,1,6,Others,4,3,94,,0,84,881,1999,0,,12,,,,,,1,1,29,1,0,,0,0,3,0,11,0,,,,,6,1,0,3,1,0,,,,96,,,,,,98,,,,,,98682,53,74,235,6,1,0,0,0,0,,0,,,,,,0,,,20,0,0,0,8,9,8,,,0,,,8,8,8,95,,,96,,,8,95,995,,,,,,,,,,,,,,,,,,,,,,,,,,,,,,0,0,0,1,0,0,0,0,0,0,0,0,0,0,0,0,0,0,1,0,0,0,0,0,0,1,1,0,0,1,1,0,0,0,0,,0,0,0,0,0,0,0,0,0,0,0,0,0,0,0,0,,,,,,26-30,26-35,County road,R,Monday,,MHTRUCK,Not Fatal,1,0,0,0,County Road,County Sheriff,Clark County Sheriff's Office,0,0,1,0,0,,,,,,0,0,0,,,,,,,,,,,0,0,0,0,,,,,20,,,,,,,,,1,0,,,NE 259TH ST,2.01,NE 29TH AVE,6.27
2020,80,634693,1,03-20-2020,17:38,20,3,March,,5,Benton,0,1,,1,1,2,1,0,2,2,18:43,18:46,,12,0,2,Front-to-Front,24,1,0,1,No intersection,4,1,1,3,0,0,0,0,SR-221,,-119.7153389,46.199375,99350,0,2,51,Lateral Move(Going Straight),62,4,55,4,0,0,1,2,12,1,2,2,1,1,Going Straight,1,3,16,,0,55,35,2016,0,,12,,,,,,1,1,72,2,7,,4,0,3,0,11,8,08/30/2021,15:59,2.37E+11,44476,0,0,3,3,1,38,,,,96,,,,,,98,,,,,,98674,53,71,165,6,1,0,0,0,0,,0,,,,,,0,,,1,0,0,0,0,9,8,,,0,,,8,8,0,0,,,0,,,0,0,996,,,,,,,,,,,,,,,,,,,,,,,,,,,,,,0,0,0,1,0,0,0,0,0,0,0,0,0,0,0,0,0,0,1,0,0,0,0,0,0,1,1,0,0,1,1,0,0,0,0,,1,0,0,0,0,0,0,0,0,0,1,0,0,0,0,0,,,,,,71-75,66-75,County road,R,Monday,Belt Used,PV,White,1,0,0,0,County Road,County Sheriff,Clark County Sheriff's Office,0,0,1,0,0,,,,,,0,0,0,,,,,,,,,,,98,98,98,1,,,,,20,,,,,,,,,1,0,,,NE 259TH ST,2.01,NE 29TH AVE,6.27
2021,80,635474,7,03-19-2021,03:23,19,3,March,,33,King,0,10,,6,1,1,1,1,1,1,,,,8,0,0,No vehicle,10.8,1,0,1,No intersection,2,2,1,3,0,0,0,0,SR-018,,-122.1395194,47.34770833,98027,0,1,13,Pedestrian/Animal,80,5,60,66,1,0,1,2,8,1,2,2,3,1,Going Straight,1,3,18,,0,12,37,2007,0,,63,1,,,,,1,1,19,1,1,,4,7,20,7,11,0,08/28/2021,06:43,53042820,42820,0,0,0,3,1,0,,,,92,,,,,,98,,,,,,99336,53,71,135,6,1,0,3,1,5,,0,,,,,,3,07-15-2019,05-15-2021,20,1,9,0,0,9,8,,,0,,,8,8,2,402,407,996,1,1,1,2,1,0.157,,,,,,,,,,,,,,,,,,,,,,,,,,,,,,0,0,1,0,1,1,1,1,1,0,0,0,1,0,0,0,1,0,0,1,0,1,1,0,1,0,0,0,0,1,0,0,0,1,0,,1,0,0,0,0,1,1,1,1,1,0,0,0,0,0,1,,,,,,18-20,16-25,US highway,R,Saturday,Not Used,PV,Hispanic,0,1,0,0,State Route,State Patrol,Washington State Patrol,1,1,0,0,0,thc,5.4,carboxy-thc,83,,0,0,2,1,1,,,,695,605,,,,98,98,98,1,,,,,20,,,,,,,,nms,1,0,,,,,,
2017,80,632441,129,03-13-2017,13:03,13,3,March,0,53,Pierce,747,2,0,1,2,2,1,0,4,4,13:18,13:28,14:02,12,0,1,Front-to-Rear,0,1,0,1,No intersection,3,2,4,6,0,3,3,3,70TH AVE E,VALLEY AVE E,-122.3363694,47.22796111,98424,0,4,98,Others,53,3,35,71,0,0,1,5,12,1,1,6,1,5,Others,1,3,18,,0,12,4,1996,0,,63,42,53,43,,,1,1,29,1,7,,4,7,20,7,11,0,08/26/2021,21:49,53044009,44009,0,0,0,3,1,0,,,,96,,,,,,98,,,,,,98038,53,64,110,6,1,0,0,0,0,,0,,,,,,4,,,20,0,0,0,0,9,8,,,0,,,8,8,2,695,605,,1,1,,2,1,0.183,,,,,,,,,,,,,,,,,,,,,,,,,,,,,,0,0,0,0,1,1,1,1,1,0,0,0,1,0,0,0,0,0,0,1,0,0,0,0,0,0,0,0,0,1,0,0,0,1,0,,1,0,0,0,0,1,1,1,0,1,0,0,0,0,0,1,,,,,,26-30,26-35,County road,R,Thursday,Not Used,PV,White,0,1,0,0,County Road,County Sheriff,King County Police,1,0,1,0,0,thc,30,carboxy-thc,37,,0,0,0,,,,,,,,,,,0,0,0,1,,,,,20,,,,,,,,nms,1,0,,,244 AVE SE,1.124,NULL,
2020,80,634692,1,03-20-2020,17:38,20,3,March,,5,Benton,0,1,,1,1,2,1,0,2,2,18:43,18:46,,12,0,2,Front-to-Front,24,1,0,1,No intersection,4,1,1,3,0,0,0,0,SR-221,,-119.7153389,46.199375,99350,0,1,50,Lateral Move(Left/Right),10,2,55,4,0,0,1,2,12,1,2,2,1,1,Going Straight,1,1,53,,0,37,734,2005,0,,63,30,,,,,1,1,65,1,7,,4,7,20,7,11,0,08-07-2021,18:30,53038429,38429,0,0,0,1,1,0,,,,96,,,,,,98,,,,,,99320,53,67,190,6,1,0,0,0,1,,0,,,,,,0,07-15-2017,07-15-2017,20,9,0,0,0,9,8,,,0,,,8,8,2,1,,,1,,,2,1,0.176,,,,,,,,,,,,,,,,,,,,,,,,,,,,,,0,0,1,0,1,1,0,1,0,0,0,0,0,0,0,0,0,0,0,0,0,0,0,0,0,1,0,0,0,0,0,0,0,0,0,,0,0,0,0,0,1,0,1,0,0,0,0,0,1,0,1,,,,,,61-65,56-65,County road,R,Saturday,,OTHVT,White,0,1,0,0,County Road,County Sheriff,Garfield County Sheriff's Office,1,0,1,0,0,,,,,,0,0,0,,,,,,,,,,,0,0,0,1,,,,,17,,,,,,,,,1,0,,,KESSLER MILL RD,0.5,NULL,
2019,80,633943,8,03-19-2019,06:40,19,3,March,,35,Kitsap,0,1,0,4,1,2,1,0,2,2,,,,12,0,6,Angle,33.8,2,0,2,4 Way,3,2,1,3,0,0,0,0,SR-3,DIVISION AVE,-122.7130889,47.52397222,98367,0,2,69,Initial Opposite Direction(Going Straight),62,4,50,80,0,0,1,2,12,1,2,4,1,1,Going Straight,1,1,53,,0,37,706,2012,0,,63,18,,,,,1,1,72,1,7,,4,0,20,7,11,5,09-02-2021,22:45,2.11E+11,53895,0,0,3,3,1,58,,,,92,,,,,,98,,,,,,99205,53,71,240,6,1,0,0,0,0,,0,,,,,,0,,,20,8,0,0,0,9,8,,,0,,,8,8,0,0,,,0,,,0,0,996,,,,,,,,,,,,,,,,,,,,,,,,,,,,,,0,0,1,0,0,0,0,0,0,0,0,0,0,0,0,0,1,0,0,0,0,0,0,0,0,1,1,0,1,0,0,0,0,0,1,0,0,0,0,0,0,0,0,0,1,0,0,0,0,0,0,0,,,,,,71-75,66-75,County road,R,Saturday,,MC,White,0,1,0,0,County Road,County Sheriff,Spokane County Sheriff's Office,1,0,1,0,0,,,,,,0,0,0,,,,,,,,,,,0,0,0,1,,,,,5,,,,,,,,,1,0,,,VALLEY SPRINGS RD,0.38,NULL,
2019,80,633942,8,03-19-2019,06:40,19,3,March,,35,Kitsap,0,1,0,4,1,2,1,0,2,2,,,,12,0,6,Angle,33.8,2,0,2,4 Way,3,2,1,3,0,0,0,0,SR-3,DIVISION AVE,-122.7130889,47.52397222,98367,0,1,68,Initial Opposite Direction(Left/Right),15,2,50,34,0,0,1,5,12,1,2,4,1,11,Turning Red: Permitted on red,1,3,53,,0,41,49,2005,0,,12,,,,,,1,1,38,1,0,,0,0,3,0,11,0,,,,,0,0,0,2,1,0,,,,96,,,,,,98,,,,,,98445,53,72,180,1,1,0,3,0,3,,0,,,,,,0,12-15-2016,09-15-2017,20,0,0,0,8,9,8,,,0,,,8,8,8,95,,,96,,,8,95,995,,,,,,,,,,,,,,,,,,,,,,,,,,,,,,0,0,0,0,1,1,0,1,0,0,0,0,1,1,0,0,0,0,0,0,0,0,0,0,0,0,0,0,0,1,0,0,0,0,0,,0,0,0,0,0,0,0,0,0,0,0,1,0,0,0,0,,,,,,36-40,36-45,State route,U,Tuesday,Belt Used,PV,Not Fatal,0,0,0,0,State Route,State Patrol,Washington State Patrol,0,1,0,0,0,,,,,,0,0,5,,,,,,,,,,,98,98,98,0,,,,,20,,,,,,,,,1,0,,,,,,
2018,80,633182,25,03-17-2018,02:42,17,3,March,0,33,King,0,1,0,2,1,2,1,0,1,1,,,,35,0,0,No vehicle,7,1,0,1,No intersection,4,1,2,4,0,0,0,0,CR-SE MAY VALLEY RD,,-122.055525,47.48052222,98027,0,1,1,Driver Off Road,13,2,40,67,0,0,1,7,1,3,1,2,1,14,Making a U turn,1,1,53,,0,20,2,2017,0,,12,63,38,30,1,,1,1,48,1,7,,4,0,3,0,11,0,08-10-2021,21:53,2.23E+11,39691,0,0,0,3,1,0,,,,96,,,,,,98,,,,,,39367,28,74,315,6,1,0,0,98,0,,0,,,,,,4,,,8,0,0,0,0,9,8,,,0,,,8,8,2,1,,,1,,,2,1,0.185,,,,,,,,,,,,,,,,,,,,,,,,,,,,,,0,0,0,0,1,1,0,1,0,0,0,0,1,1,0,0,0,0,0,0,0,0,0,0,0,0,0,0,0,1,0,0,0,0,0,,1,0,0,0,0,1,0,1,0,1,0,0,0,1,0,1,,,,,,46-50,46-55,State route,U,Tuesday,Belt Used,PV,Multiracial,0,0,0,0,State Route,State Patrol,Washington State Patrol,0,1,0,0,0,,,,,,0,0,0,,,,,,,,,,,98,98,98,201,202,,,,20,,,,,,,,,1,0,,,,,,
2017,80,632440,129,03-13-2017,13:03,13,3,March,0,53,Pierce,747,2,0,1,2,2,1,0,4,4,13:18,13:28,14:02,12,0,1,Front-to-Rear,0,1,0,1,No intersection,3,2,4,6,0,3,0,0,70TH AVE E,VALLEY AVE E,-122.3363694,47.22796111,98424,0,3,98,Others,50,3,35,15,0,0,1,3,12,1,1,6,1,5,Others,1,1,53,,0,55,35,1999,0,,68,64,42,,,,1,1,25,1,7,,4,7,20,7,11,0,08/27/2021,07:45,1.59E+11,43282,0,0,0,0,1,0,,,,96,,,,,,98,,,,,,98501,53,70,145,0,0,0,0,0,0,,0,,,,,,4,,,1,0,0,0,0,9,8,,,0,,,8,8,2,177,401,417,1,1,1,2,1,0,,,,,,,,,,,,,,,,,,,,,,,,,,,,,,0,0,0,0,0,0,1,1,0,0,0,0,1,1,0,0,0,0,0,1,0,0,0,1,1,0,0,0,0,1,0,0,0,1,0,,1,0,0,0,0,0,1,1,0,1,0,1,0,0,1,0,,,,,,21-25,16-25,City street,U,Friday,Not Used,PV,AIAN,0,1,0,0,City Street,Municipal/City Police,Olympia Police Department,1,0,0,1,0,,,,,,0,0,0,,,,,,,,,,,0,0,0,3,,,,,20,,,,,,,,,1,0,,,,,,
2017,80,632439,129,03-13-2017,13:03,13,3,March,0,53,Pierce,747,2,0,1,2,2,1,0,4,4,13:18,13:28,14:02,12,0,1,Front-to-Rear,0,1,0,1,No intersection,3,2,4,6,0,3,0,0,70TH AVE E,VALLEY AVE E,-122.3363694,47.22796111,98424,0,2,25,Others,60,4,35,4,0,0,1,2,12,1,1,6,1,1,Going Straight,1,1,53,,0,20,23,2008,0,,63,21,,,,,1,1,73,1,7,,4,7,20,7,11,0,08/29/2021,10:44,2.59E+11,43686,0,0,0,3,1,0,,,,96,,,,,,98,,,,,,98901,53,78,280,6,1,0,0,0,0,,0,,,,,,0,,,1,0,0,0,0,1,1,,,0,,,0,0,2,1,,,1,,,2,1,0,,,,,,,,,,,,,,,,,,,,,,,,,,,,,,0,0,1,0,0,0,0,0,0,0,0,0,0,0,0,0,0,0,0,1,0,0,0,0,0,1,1,0,0,1,0,0,0,1,0,,1,0,0,0,0,0,0,0,0,0,0,0,0,0,0,0,,,,,,71-75,66-75,Interstate,U,Sunday,Not Used,PV,White,0,1,0,0,State Route,State Patrol,Washington State Patrol,1,1,0,0,0,,,,,,0,0,0,,,,,,,,,,,98,98,98,1,,,,,20,,,,,,,,,1,0,,,,,,
2017,80,632438,129,03-13-2017,13:03,13,3,March,0,53,Pierce,747,2,0,1,2,2,1,0,4,4,13:18,13:28,14:02,12,0,1,Front-to-Rear,0,1,0,1,No intersection,3,2,4,6,0,3,0,0,70TH AVE E,VALLEY AVE E,-122.3363694,47.22796111,98424,0,1,24,Others,52,3,35,5,0,0,1,2,12,1,1,6,1,15,Others,1,1,53,,0,23,421,2006,0,,8,,,,,,1,1,45,1,0,,0,0,3,0,11,0,,,,,0,0,0,3,1,38,,,,96,,,,,,98,,,,,,98133,53,67,180,6,1,0,0,0,0,,2,,,,,,0,,,20,0,0,0,8,9,8,,,0,,,8,8,8,95,,,96,,,8,95,995,,,,,,,,,,,,,,,,,,,,,,,,,,,,,,0,0,0,1,0,0,0,0,0,0,0,0,0,0,0,0,0,0,1,0,0,0,0,0,0,0,0,0,0,1,0,1,0,0,0,,0,0,0,0,0,0,0,0,0,0,1,0,0,0,0,0,,,,,,41-45,36-45,State route,U,Friday,Belt Used,PV,Not Fatal,0,0,0,0,State Route,Municipal/City Police,Lynnwood Police Department,0,1,0,0,0,,,,,,0,0,0,,,,,,,,,,,98,98,98,0,,,,,20,,,,,,,,,1,0,,,,,,
2021,81,635478,2,03-31-2021,11:20,31,3,March,,29,Island,0,1,,1,1,2,1,0,4,2,,,,12,0,6,Angle,23.2,1,0,1,No intersection,3,1,1,3,0,0,0,0,SR-20,,-122.7225194,48.21002222,,0,2,66,Specific Other,62,4,55,34,0,0,1,2,12,2,1,4,1,14,Making a U turn,2,2,53,,0,20,422,2011,0,,12,63,39,,,,1,1,44,2,0,,1,0,3,0,11,5,,,,,0,0,3,3,1,0,,,,96,,,,,,98,,,,,,98033,53,61,110,6,1,0,0,0,0,,0,,,,,,0,,,8,0,0,0,8,9,8,,,0,,,8,8,0,0,,,0,,,0,0,996,,,,,,,,,,,,,,,,,,,,,,,,,,,,,,0,0,1,0,0,0,1,1,0,0,0,0,0,0,0,0,0,0,0,0,0,0,0,0,0,0,0,0,0,1,0,0,0,0,0,,0,0,0,0,0,0,0,0,0,0,0,0,0,0,0,0,,,,,,41-45,36-45,Interstate,U,Friday,Belt Used,PV,Not Fatal,0,1,0,0,State Route,State Patrol,Washington State Patrol,1,1,0,0,0,,,,,,0,0,0,,,,,,,,,,,98,98,98,0,,,,,20,,,,,,,,,1,0,,,,,,
2021,81,635477,2,03-31-2021,11:20,31,3,March,,29,Island,0,1,,1,1,2,1,0,4,2,,,,12,0,6,Angle,23.2,1,0,1,No intersection,3,1,1,3,0,0,0,0,SR-20,,-122.7225194,48.21002222,,0,1,66,Specific Other,8,1,55,14,0,0,1,2,12,3,1,4,1,6,Others,2,1,53,,0,37,31,2006,0,,64,25,69,12,63,39,1,1,51,2,7,,4,0,3,0,11,5,08/20/2021,09:01,1.96E+11,41350,0,0,0,3,1,0,,,,96,,,,,,1,,,,,,98028,53,65,135,6,1,0,1,0,0,,0,,,,,,0,08-15-2017,08-15-2017,8,0,0,0,0,9,8,,,0,,,8,8,2,348,401,,1,1,,2,1,0,,,,,,,,,,,,,,,,,,,,,,,,,,,,,,0,0,1,0,0,0,1,1,0,0,0,0,0,0,0,0,0,0,0,0,0,0,0,0,0,0,0,0,0,1,0,0,0,0,0,,1,0,0,0,0,0,1,1,0,0,0,0,0,0,1,0,,,,,,51-55,46-55,Interstate,U,Friday,Belt Used,PV,White,0,1,0,0,State Route,State Patrol,Washington State Patrol,1,1,0,0,0,,,,,,0,0,0,,,,,,,,,,,98,98,98,1,,,,,20,,,,,,,,,1,0,,,,,,
2019,81,633953,113,03-18-2019,20:23,18,3,March,,61,Snohomish,590,1,0,3,1,2,1,1,1,1,,,,8,0,0,No vehicle,37.6,1,0,1,No intersection,3,2,1,3,0,0,0,0,SR-99,,-122.3424528,47.78474167,98026,0,1,13,Pedestrian/Animal,80,5,45,14,0,0,1,5,8,1,2,7,5,1,Going Straight,1,2,53,,0,49,32,2009,0,,64,67,58,1,,,1,1,19,2,1,,4,7,3,0,11,0,08-07-2021,06:01,53038978,38978,0,0,0,0,1,0,,,,92,,,,,,98,,,,,,99344,53,62,115,0,0,0,0,0,0,,0,,,,,,4,,,20,0,0,0,0,9,8,,,0,,,8,8,2,1,,,1,,,2,1,0,,,,,,,,,,,,,,,,,,,,,,,,,,,,,,0,0,1,0,0,0,0,0,0,0,0,0,1,1,0,0,1,0,0,0,0,1,1,0,1,0,0,0,0,1,0,0,0,0,0,,1,0,0,0,0,0,0,0,1,1,0,1,0,0,0,0,,,,,,18-20,16-25,County road,R,Saturday,Belt Used,PV,Hispanic,0,1,0,0,County Road,County Sheriff,Grant County Sheriff's Office,1,0,1,0,0,,,,,,0,0,0,,,,,,,,,,,98,98,98,1,,,,,20,,,,,,,,,1,0,,,NULL,9.52,NULL,
2018,81,633180,39,03-17-2018,19:35,17,3,March,0,61,Snohomish,0,1,0,2,1,2,1,0,1,1,,,,42,0,0,No vehicle,3.6,1,0,1,No intersection,7,1,2,4,0,0,0,0,CR-CHAIN LAKE RD,,-121.9768722,47.90358333,98290,0,1,2,Control/Traction Loss,13,2,98,3,0,0,1,5,42,2,1,2,1,14,Making a U turn,1,1,53,,0,82,881,2006,0,,12,,,,,,1,1,57,1,0,,0,0,3,0,11,0,,,,,6,3,3,3,1,0,,,,96,,,,,,98,,,,,,98922,53,69,160,6,1,0,1,0,0,,0,,,,,,0,04-15-2019,04-15-2019,20,0,0,0,8,9,8,,,0,,,8,8,8,95,,,96,,,8,95,995,,,,,,,,,,,,,,,,,,,,,,,,,,,,,,0,0,0,1,0,0,0,0,0,0,0,0,0,1,0,0,1,0,1,0,0,0,0,0,0,0,0,0,0,1,1,0,0,0,0,,0,0,0,0,0,0,0,0,0,0,0,0,0,0,0,0,,,,,,56-60,56-65,County road,R,Thursday,,MHTRUCK,Not Fatal,1,0,0,0,County Road,County Sheriff,Grant County Sheriff's Office,0,0,1,0,0,,,,,,0,0,0,,,,,,,,,,,98,98,98,0,,,,,20,,,,,,,,,1,0,,,11 SW,12.07,E SW,1
2017,81,632448,21,03-15-2017,02:06,15,3,March,0,25,Grant,0,10,0,2,1,7,1,0,2,1,,,,1,0,0,No vehicle,0.3,1,0,1,No intersection,7,1,2,4,0,0,0,0,CR-BAY AREA DR,,-119.0653889,47.89812222,99123,0,1,98,Others,9,1,25,14,0,0,1,2,1,2,2,2,1,14,Making a U turn,2,1,53,,0,35,49,2004,0,,12,63,1,,,,1,1,46,1,1,,4,7,3,0,11,0,08-05-2021,14:25,53039233,39233,0,0,0,2,1,38,,,,92,,,,,,98,,,,,,99344,53,65,165,1,1,0,0,0,0,,0,,,,,,0,,,8,0,0,0,0,9,8,,,0,,,8,8,2,1,,,1,,,2,1,0,,,,,,,,,,,,,,,,,,,,,,,,,,,,,,0,0,0,1,0,0,0,0,0,0,0,0,0,1,0,0,1,0,1,0,0,0,0,0,0,0,0,0,0,1,1,0,0,0,0,,1,0,0,0,0,0,0,0,1,0,1,1,0,0,0,0,,,,,,46-50,46-55,County road,R,Thursday,Belt Used,PV,Hispanic,1,0,0,0,County Road,County Sheriff,Grant County Sheriff's Office,0,0,1,0,0,,,,,,0,0,0,,,,,,,,,,,98,98,98,298,,,,,20,,,,,,,,,1,0,,,11 SW,12.07,E SW,1