year,something,Cases,repjur,crash_dt,crash_tm,accday,Month,Month,holiday,county,co_char,city,weather,weather2,lightcond,surfcond,surftype,Number of Fatalities,nmforms,pforms,vforms,not_tm,arr_tm,hosp_tm,fhevent,hitrun,Manner of Collision,Manner of Collision,milepnt,reljunc,reljuncinter,intersectiontype,Intersection Type,funcsystem,landuse,ownership,route,schlbus,spejur,contdev,devfunc,trafid1,trafid2,x,y,zipcode,wk_zone,vnumber,crashtype,Crash Type,criticalevent,criticaleventcat,spdlim,body,trailer,emerg,hazcargo,leave,mhevent,roadalgn,roadprof,traflane,trafflow,Vehicle Manure,Vehicle Manure,numoccs,regowner,regstate,,spuse,make,model,modelyr,vrf1,vrf2,seqevent1,seqevent2,seqevent3,seqevent4,seqevent5,seqevent6,pnumber,ptype,age,sex,hispanic,race,injury,diedscene,restraint,restraintmisuse,seatpos,takehosp,death_dt,death_tm,cert,cernum_wa,commlic,licendor,licrestrict,liccomp,drivpres,drf1,drf2,drf3,drf4,distract1,distract2,distract3,distract4,distract5,distract6,dricond1,dricond2,dricond3,dricond4,dricond5,dricond6,dzip,licstate,drhgt_in,weight,noncdl,noncdltype,prevdwi,prevoth,prevacc,prevspd,prevsus,driviol1,driviol2,driviol3,driviol4,driviol5,driviol6,spdrel,first_dt,last_dt,airbag,ejection,ejectpath,extricat,injurwrk,methalc,methdrug,nmlocat,strikveh,prf1,prf2,prf3,druginv,alcinvol,drugsts,drugres1,drugres2,drugres3,drugtst1,drugtst2,drugtst3,alcsts,alctst,alcres,nmact1,nmact2,nmact3,nmact4,nmact5,nmact6,nmprior1,nmprior2,nmprior3,nmprior4,nmprior5,nmprior6,nmcond1,nmcond2,nmcond3,nmcond4,nmcond5,nmcond6,nmsafe_helmet,nmsafe_pads,nmsafe_oth,nmprev_ref,nmprev_lgt,nmprev_oth,crashlocation,nmcrashtype,crosswalk,schoolzone,sidewalk,train_inv,wildlife_inv,rotr_fars,intersect_fars,Drink and Drive,aid_inv,Drug Positive Drivers,Impaired Drivers,Marijuana Positive,impnm_inv,ainm_inv,dpnm_inv,speed_inv,unlic_inv,unendmc_inv,drowsy_inv,drdist_inv,nmdist_inv,fty_inv,unrestfat_inv,dr1617_inv,dr1820_inv,dr1620_inv,dr2125_inv,dr1625_inv,dr65_inv,dr70_inv,dr75_inv,mc_inv,pv_inv,ht_inv,ped_inv,bike_inv,unrest_fat,mc_fat,unhelmet_mc,pv_fat,ht_fat,ped_fat,bike_fat,dr_alc7,dr_alc8,dr_drug,dr_imp,dr_dist,dr_spd,dr_fty,dr_unlic,dr_alc7only,dr_alc8only,dr_drugonly,dr_drink,nm_imp,nm_alc7,nm_alc8,nm_drug,nm_dist,agegrp1,agegrp2,roadclass,urbrur,dayweek,restuse,vehtype,race_me,intersect,lanedep,oppdir,wrongway,rep_typ,investag,repag_long,rotr,st_rd,cty_rd,city_rd,oth_rd,drug_thc,thc_res,drug_cthc,cthc_res,drug_cann,prevpersemin,prevperse,prevsusoth,drugtst4,drugtst5,drugtst6,drugtst7,drugtst8,drugres4,drugres5,drugres6,drugres7,drugres8,adspresent,adsengaged,adslevel,race1,race2,race3,race4,race5,helmet,helmetmisuse,nmdistract1,nmdistract2,nmdistract3,nmdistract4,nmdistract5,nmdistract6,lab,isedtcase,crf1,crf2,crf3,CoRoadName,CoMP,IntCoRoadName,IntCoMP
2017,82,3574458,263,03-11-2017,21:42,11,3,March,0,33,King,1960,1,0,3,1,1,1,0,1,1,,,,24,0,0,No vehicle,24.5,19,1,1,No intersection,3,2,1,3,0,0,0,0,SR-99,,-122.3343083,47.59583611,98032,0,1,2,Control/Traction Loss,9,1,40,84,0,0,1,2,24,3,2,2,4,15,Others,1,1,53,,0,2,404,2016,0,,12,,,,,,1,1,27,8,0,,0,0,3,0,11,0,,,,,0,0,0,3,1,0,,,,96,,,,,,98,,,,,,98661,53,75,245,6,1,0,1,0,0,,0,,,,,,0,03-15-2018,10-15-2019,20,0,0,0,8,9,8,,,0,,,8,8,8,95,,,96,,,8,95,995,,,,,,,,,,,,,,,,,,,,,,,,,,,,,,0,0,0,1,0,0,0,0,0,1,0,1,0,0,0,0,0,0,0,0,0,0,0,1,1,1,1,1,0,1,0,1,0,0,0,,0,0,0,0,0,0,0,0,0,0,0,0,0,0,0,0,,,,,,26-30,26-35,City street,U,Tuesday,Belt Used,PV,Not Fatal,1,0,0,0,State Route,Municipal/City Police,Vancouver Police Department,0,1,0,0,0,,,,,,0,0,1,,,,,,,,,,,98,98,98,0,,,,,20,,,,,,,,,1,0,,,,,,
2021,82,635476,197,04-01-2021,16:35,1,4,April,,61,Snohomish,1338,1,,1,1,2,1,0,2,2,,,,12,0,6,Angle,3.4,1,0,1,No intersection,3,2,1,3,0,0,0,0,SR-527,,-122.2154833,47.84082778,98012,0,2,66,Specific Other,62,4,40,14,0,0,1,2,12,1,1,5,5,1,Going Straight,1,1,53,,0,48,34,2005,0,,12,68,12,,,,1,1,23,1,0,,0,0,3,0,11,0,,,,,0,0,0,3,1,0,,,,96,,,,,,98,,,,,,98626,53,66,120,6,1,0,0,0,0,,0,,,,,,0,,,20,0,0,0,8,9,8,,,0,,,8,8,8,95,,,96,,,8,95,995,,,,,,,,,,,,,,,,,,,,,,,,,,,,,,0,0,0,1,0,0,0,0,0,1,0,1,0,0,0,0,0,0,0,0,0,0,0,1,1,1,1,1,0,1,0,1,0,0,0,,0,0,0,0,0,0,0,0,0,0,0,0,0,0,0,0,,,,,,21-25,16-25,City street,U,Tuesday,Belt Used,PV,Not Fatal,1,0,0,0,State Route,Municipal/City Police,Vancouver Police Department,0,1,0,0,0,,,,,,0,0,0,,,,,,,,,,,98,98,98,0,,,,,20,,,,,,,,,1,0,,,,,,
2021,82,635475,197,04-01-2021,16:35,1,4,April,,61,Snohomish,1338,1,,1,1,2,1,0,2,2,,,,12,0,6,Angle,3.4,1,0,1,No intersection,3,2,1,3,0,0,0,0,SR-527,,-122.2154833,47.84082778,98012,0,1,66,Specific Other,9,1,40,10,0,0,1,2,12,1,1,5,5,1,Going Straight,1,1,53,,0,30,403,2021,0,,63,69,12,68,8,,1,1,82,1,0,,0,0,3,0,11,0,,,,,0,0,3,3,1,0,,,,96,,,,,,98,,,,,,98661,53,76,236,6,1,0,0,0,0,,97,,,,,,0,,,20,0,0,0,8,9,2,,,0,,,8,8,0,0,,,0,,,0,0,996,,,,,,,,,,,,,,,,,,,,,,,,,,,,,,0,0,0,1,0,0,0,0,0,1,0,1,0,0,0,0,0,0,0,0,0,0,0,1,1,1,1,1,0,1,0,1,0,0,0,,0,0,0,0,0,0,0,0,0,0,0,0,0,0,0,0,,,,,,81+,76+,City street,U,Tuesday,Belt Used,PV,Not Fatal,1,0,0,0,State Route,Municipal/City Police,Vancouver Police Department,0,1,0,0,0,,,,,,0,0,0,,,,,,,,,,,98,98,98,0,,,,,20,,,,,,,,,1,0,,,,,,
2020,82,634696,3,02-29-2020,22:22,29,2,Feb,,53,Pierce,747,1,,3,1,2,1,0,1,1,,,,25,0,0,No vehicle,136.1,1,0,1,No intersection,1,2,1,1,0,0,0,0,I-5,,-122.3852778,47.24134722,98424,1,1,1,Driver Off Road,6,1,50,4,0,0,1,2,25,1,1,3,3,1,Going Straight,1,2,53,,0,12,881,2012,0,,12,,,,,,1,1,40,1,0,,0,0,99,7,11,0,,,,,0,0,0,2,1,0,,,,96,,,,,,98,,,,,,98506,53,66,150,1,1,1,1,0,6,,0,,,,,,0,04-15-2017,03-15-2021,20,0,0,0,8,9,8,,,0,,,8,8,0,0,,,0,,,0,0,996,,,,,,,,,,,,,,,,,,,,,,,,,,,,,,0,0,0,0,0,0,1,1,1,0,0,0,1,1,0,0,0,0,0,0,0,0,0,0,0,0,0,0,1,0,1,0,0,0,0,,0,0,0,0,0,0,0,0,0,0,0,1,0,0,0,0,,,,,,36-40,36-45,County road,R,Tuesday,,MHTRUCK,Not Fatal,0,1,1,0,County Road,County Sheriff,King County Police,0,0,1,0,0,,,,,,0,1,2,,,,,,,,,,,98,98,98,0,,,,,20,,,,,,,,,1,0,,,AUBURN BLACK DIAMOND RD,2.28,NULL,
2019,82,633954,298,03-21-2019,01:05,21,3,March,,67,Thurston,2320,1,0,3,1,2,1,0,2,1,,,,30,0,0,No vehicle,0,1,0,1,No intersection,7,2,4,6,0,0,0,0,LAKE PARK DR SW,,-122.9187778,47.00219444,98512,0,1,2,Control/Traction Loss,6,1,25,2,0,0,1,7,30,2,1,2,1,14,Making a U turn,2,2,53,,0,73,705,2009,0,,12,,,,,,1,1,28,1,7,,4,7,20,7,11,0,08/24/2021,13:01,53042890,42890,0,0,0,3,1,33,,,,96,,,,,,98,,,,,,98002,53,73,180,6,1,0,1,0,1,,0,,,,,,4,04-15-2017,05-15-2018,20,8,0,0,0,9,8,,,0,,,8,8,2,605,,,1,,,2,1,0,,,,,,,,,,,,,,,,,,,,,,,,,,,,,,0,0,0,0,0,0,1,1,1,0,0,0,1,1,0,0,0,0,0,0,0,0,0,0,0,0,0,0,1,0,1,0,0,0,1,0,0,0,0,0,0,0,1,1,0,1,0,0,0,0,1,0,,,,,,26-30,26-35,County road,R,Tuesday,,MC,Black,0,1,1,0,County Road,County Sheriff,King County Police,0,0,1,0,0,thc,0.62,,,,0,0,3,,,,,,,,,,,0,0,0,2,,,,,5,,,,,,,,nms,1,0,,,AUBURN BLACK DIAMOND RD,2.28,NULL,
2018,82,633198,1,03-21-2018,19:06,21,3,March,0,21,Franklin,1660,1,0,3,1,1,1,0,2,1,,,,57,0,0,No vehicle,12.3,1,0,1,No intersection,1,2,1,1,0,0,0,0,I-182,,-119.1638722,46.25976944,99301,0,1,7,Control/Traction Loss,13,2,60,15,0,0,1,2,1,1,1,2,3,1,Going Straight,2,1,53,,0,48,38,2001,0,,12,,,,,,1,1,38,1,0,,2,0,3,0,11,5,,,,,0,0,3,3,1,0,,,,96,,,,,,98,,,,,,98802,53,69,170,6,1,0,0,0,0,,0,,,,,,0,,,20,0,0,0,8,9,8,,,0,,,8,8,8,95,,,96,,,9,99,999,,,,,,,,,,,,,,,,,,,,,,,,,,,,,,0,0,0,0,1,0,0,0,0,0,0,0,0,0,0,0,1,0,0,1,0,1,1,0,1,0,0,0,0,1,0,0,0,0,0,,0,0,0,0,0,0,0,0,0,0,0,0,0,0,0,0,,,,,,36-40,36-45,State route,U,Monday,Belt Used,PV,Not Fatal,0,1,1,0,State Route,Municipal/City Police,East Wenatchee Police Department,0,1,0,0,0,,,,,,0,0,0,,,,,,,,,,,98,98,98,0,,,,,20,,,,,,,,,1,0,,,,,,
2020,83,634698,4,03-28-2020,01:31,28,3,March,,63,Spokane,0,1,,2,1,2,1,0,2,2,01:30,01:59,,12,0,8,Other,73.6,1,0,1,No intersection,2,1,1,2,0,0,0,0,US-195,,-117.3867639,47.37865,99031,0,2,65,Others,62,4,60,63,1,0,2,5,12,4,1,2,1,14,Making a U turn,1,3,30,,0,35,401,2014,0,,12,,,,,,1,1,48,2,0,,2,0,3,0,11,5,,,,,0,0,0,3,1,0,,,,92,,,,,,98,,,,,,98802,53,61,240,6,1,0,0,0,0,,0,,,,,,0,,,8,0,0,0,8,9,8,,,0,,,8,8,8,95,,,96,,,9,99,999,,,,,,,,,,,,,,,,,,,,,,,,,,,,,,0,0,0,0,1,0,0,0,0,0,0,0,0,0,0,0,1,0,0,1,0,1,1,0,1,0,0,0,0,1,0,0,0,0,0,,0,0,0,0,0,0,0,0,1,0,0,0,0,0,0,0,,,,,,46-50,46-55,State route,U,Monday,Belt Used,PV,Not Fatal,0,1,1,0,State Route,Municipal/City Police,East Wenatchee Police Department,0,1,0,0,0,,,,,,0,0,0,,,,,,,,,,,98,98,98,0,,,,,20,,,,,,,,,1,0,,,,,,
2020,83,634697,4,03-28-2020,01:31,28,3,March,,63,Spokane,0,1,,2,1,2,1,0,2,2,01:30,01:59,,12,0,8,Other,73.6,1,0,1,No intersection,2,1,1,2,0,0,0,0,US-195,,-117.3867639,47.37865,99031,0,1,64,Others,10,2,60,34,0,0,1,2,12,4,1,2,1,14,Making a U turn,1,1,30,,0,12,481,2012,0,,12,12,1,,,,1,1,18,1,1,,4,7,20,7,11,0,08/23/2021,05:27,57053041526,41526,6,0,0,3,1,51,,,,92,,,,,,98,,,,,,98812,53,74,250,6,1,0,1,0,4,,0,,,,,,0,07-15-2020,10-15-2021,8,2,9,0,0,9,8,,,0,,,8,8,2,1,,,1,,,2,1,0.02,,,,,,,,,,,,,,,,,,,,,,,,,,,,,,0,0,0,0,1,0,0,0,0,0,0,0,0,0,0,0,1,0,0,1,0,1,1,0,1,0,0,0,0,1,0,0,0,1,0,,1,0,0,0,1,0,0,0,1,0,0,0,1,0,0,1,,,,,,18-20,16-25,State route,U,Monday,Not Used,PV,Hispanic,0,1,1,0,State Route,Municipal/City Police,East Wenatchee Police Department,0,1,0,0,0,,,,,,0,0,0,,,,,,,,,,,98,98,98,1,,,,,20,,,,,,,,,1,0,,,,,,
2021,83,635479,14,04-02-2021,13:00,2,4,April,,11,Clark,0,1,,1,1,2,1,0,2,2,,,,12,0,6,Angle,0.2,2,0,3,T Intersection,5,2,2,4,0,0,0,0,CR-NE 25TH AVE,NE 81ST ST,-122.6462639,45.68093611,98665,0,1,68,Initial Opposite Direction(Left/Right),15,2,30,4,0,0,1,2,12,1,2,3,5,11,Turning Red: Permitted on red,1,2,53,,0,37,32,2005,0,,64,69,63,25,1,,1,1,34,1,7,,4,7,99,7,11,0,08-02-2021,16:14,2.23E+11,37451,0,0,3,3,1,0,,,,92,,,,,,98,,,,,,98405,53,68,200,6,1,0,4,0,4,,0,,,,,,0,06-15-2017,11-15-2021,8,1,9,0,0,9,8,,,0,,,8,8,2,402,605,,1,1,,2,1,0.156,,,,,,,,,,,,,,,,,,,,,,,,,,,,,,0,0,1,0,1,1,1,1,1,0,0,0,0,0,0,0,1,0,0,0,0,0,0,0,0,0,0,0,0,1,0,0,0,0,0,,1,0,0,0,0,1,1,1,1,0,0,0,0,0,0,1,,,,,,31-35,26-35,Interstate,U,Monday,Unknown,PV,Black,0,1,0,0,State Route,State Patrol,Washington State Patrol,1,1,0,0,0,thc,8.1,,,,0,0,3,,,,,,,,,,,98,98,98,2,,,,,20,,,,,,,,nms,1,0,,,,,,
2019,83,633955,2,03-24-2019,01:18,24,3,March,,57,Skagit,0,1,0,2,1,2,1,1,1,1,,,,8,1,0,No vehicle,1.6,1,0,1,No intersection,7,2,2,4,0,3,0,0,CR-INDIAN RD,,-122.5217667,48.40038333,98257,0,1,13,Pedestrian/Animal,80,5,35,2,0,0,1,5,8,1,2,8,8,1,Going Straight,1,2,53,,0,12,23,2010,0,,71,19,8,,,,1,1,25,1,0,,0,0,3,0,11,0,,,,,0,0,0,3,1,0,,,,96,,,,,,9,,,,,,98944,53,68,170,6,1,0,0,0,2,,1,,,,,,4,04-15-2018,01-15-2021,8,0,0,0,8,9,8,,,0,,,8,1,8,95,,,96,,,2,1,997,,,,,,,,,,,,,,,,,,,,,,,,,,,,,,0,0,0,0,1,0,0,0,0,0,0,0,1,0,0,0,0,0,0,0,0,0,0,1,1,0,0,0,0,1,0,0,0,0,0,,0,0,0,0,0,0,0,0,0,1,0,0,0,0,0,1,,,,,,21-25,16-25,City street,U,Saturday,Belt Used,PV,Not Fatal,0,1,0,0,City Street,Municipal/City Police,Sunnyside Police Department,1,0,0,1,0,,,,,,0,0,0,,,,,,,,,,,98,98,98,0,,,,,20,,,,,,,,,1,0,,,,,,
2018,83,633211,7,03-16-2018,01:50,16,3,March,0,33,King,735,10,0,3,1,2,1,0,2,2,,,,14,0,0,No vehicle,140.9,1,0,1,No intersection,1,2,1,1,0,0,0,0,I-5,,-122.3146889,47.27326389,98354,0,1,11,Others,13,2,60,4,0,0,1,2,14,1,1,5,3,1,Going Straight,1,1,53,,0,23,401,2007,0,,63,42,,,,,1,1,41,1,7,,4,0,3,0,11,5,09-09-2021,20:11,2.23E+11,45564,0,0,0,2,1,0,,,,96,,,,,,98,,,,,,98349,53,70,157,1,1,0,5,0,0,,0,,,,,,0,10-15-2016,12-15-2017,1,0,0,0,0,9,8,,,0,,,8,8,8,95,,,96,,,8,95,995,,,,,,,,,,,,,,,,,,,,,,,,,,,,,,0,0,1,0,0,0,0,0,0,0,0,0,0,1,0,0,0,0,0,0,0,0,0,0,0,0,0,0,0,1,0,0,0,0,0,,1,0,0,0,0,0,0,0,0,0,0,1,0,0,0,0,,,,,,41-45,36-45,County road,R,Monday,Belt Used,PV,White,0,1,0,0,County Road,County Sheriff,Law Enforcement Support Agency,1,0,1,0,0,,,,,,0,0,1,,,,,,,,,,,98,98,98,1,,,,,20,,,,,,,,,1,0,,,TIEDEMAN RD NW,0.3,NULL,
2017,83,632442,222,03-17-2017,21:18,17,3,March,0,67,Thurston,1590,2,0,3,2,2,1,0,1,1,,,,42,0,0,No vehicle,0,1,0,1,No intersection,4,2,4,6,0,0,0,0,EAST BAY DR,,-122.8935083,47.05632222,98506,0,1,7,Control/Traction Loss,9,1,30,80,0,0,1,5,42,1,1,2,2,6,Others,1,1,53,,0,37,705,1989,0,,12,,,,,,1,1,40,1,7,,4,7,20,7,11,0,08/22/2021,13:28,2.23E+11,41925,0,0,0,3,1,0,,,,96,,,,,,98,,,,,,98403,53,71,200,6,1,0,0,0,0,,0,,,,,,0,,,20,8,0,0,0,9,8,,,0,,,8,8,2,1,,,1,,,2,1,0,,,,,,,,,,,,,,,,,,,,,,,,,,,,,,0,0,0,1,0,0,0,0,0,0,0,0,0,0,0,0,0,0,1,0,0,0,0,0,0,0,0,0,1,1,0,0,0,0,1,0,0,0,0,0,0,0,0,0,0,0,0,0,0,0,0,0,,,,,,36-40,36-45,City street,U,Sunday,,MC,White,1,0,0,0,City Street,Municipal/City Police,Tacoma Police Department,0,0,0,1,0,,,,,,0,0,0,,,,,,,,,,,0,0,0,1,,,,,5,,,,,,,,,1,0,,,,,,
2021,83,635480,14,04-02-2021,13:00,2,4,April,,11,Clark,0,1,,1,1,2,1,0,2,2,,,,12,0,6,Angle,0.2,2,0,3,T Intersection,5,2,2,4,0,0,0,0,CR-NE 25TH AVE,NE 81ST ST,-122.6462639,45.68093611,98665,0,2,69,Initial Opposite Direction(Going Straight),62,4,30,80,0,0,1,2,12,1,2,3,3,1,Going Straight,1,9,99,,0,42,48,2001,0,,12,,,,,,1,1,36,1,0,,0,0,3,0,11,0,,,,,0,0,3,3,1,38,,,,96,,,,,,98,,,,,,98404,53,71,165,6,1,0,1,0,3,,97,,,,,,0,08-15-2017,09-15-2021,20,0,0,0,8,2,8,,,0,,,8,0,8,95,,,96,,,2,10,0,,,,,,,,,,,,,,,,,,,,,,,,,,,,,,0,0,0,1,0,0,0,0,0,0,0,0,0,0,0,0,0,0,1,0,0,0,0,0,0,0,0,0,1,1,0,0,0,0,0,,0,0,0,0,0,0,0,0,0,0,1,0,0,0,0,0,,,,,,36-40,36-45,City street,U,Sunday,Belt Used,PV,Not Fatal,1,0,0,0,City Street,Municipal/City Police,Tacoma Police Department,0,0,0,1,0,,,,,,0,0,0,,,,,,,,,,,98,98,98,0,,,,,20,,,,,,,,,1,0,,,,,,
2021,84,635481,1,03-31-2021,12:20,31,3,March,,21,Franklin,0,1,,1,1,1,1,0,1,1,,,,1,0,0,No vehicle,59.9,1,0,1,No intersection,2,1,1,2,0,0,0,0,US-395,,-118.8773333,46.63281944,99326,0,1,2,Control/Traction Loss,12,2,70,34,0,0,1,2,1,2,1,2,2,14,Making a U turn,1,1,53,,0,2,407,2016,0,,12,,,,,,1,1,37,1,0,,0,0,3,0,11,0,,,,,0,0,0,3,1,0,,,,96,,,,,,98,,,,,,98346,53,70,180,6,1,0,0,0,0,,0,,,,,,0,,,20,0,0,0,8,9,8,,,0,,,8,8,0,0,,,0,,,0,0,996,,,,,,,,,,,,,,,,,,,,,,,,,,,,,,0,0,0,0,1,1,1,1,1,0,0,0,1,0,0,0,0,0,0,0,0,0,0,0,0,0,0,0,1,1,0,0,0,0,0,,0,0,0,0,0,0,0,0,0,0,0,0,0,0,0,0,,,,,,36-40,36-45,State route,U,Thursday,Belt Used,PV,Not Fatal,0,0,0,0,State Route,State Patrol,Washington State Patrol,0,1,0,0,0,,,,,,0,0,0,,,,,,,,,,,98,98,98,0,,,,,20,,,,,,,,,1,0,,,,,,
2019,84,633956,278,03-22-2019,16:58,22,3,March,,63,Spokane,2110,1,0,1,11,2,1,0,1,1,,,,33,0,0,No vehicle,0,1,0,1,No intersection,7,2,4,6,0,0,0,0,E NORTH FOOTHILLS DR,,-117.3853528,47.68607778,99207,0,1,2,Control/Traction Loss,6,1,30,80,0,0,1,7,1,3,1,4,1,1,Going Straight,1,1,53,,0,72,706,2003,0,,12,,,,,,1,1,39,1,0,,1,0,20,7,11,8,,,,,0,0,0,3,1,0,,,,96,,,,,,9,,,,,,98022,53,75,230,6,1,0,0,0,1,,1,,,,,,4,11-15-2019,11-15-2019,20,8,0,0,8,9,8,,,0,,,8,1,2,695,605,,1,1,,2,1,0.13,,,,,,,,,,,,,,,,,,,,,,,,,,,,,,0,0,0,0,1,1,1,1,1,0,0,0,1,0,0,0,0,0,0,0,0,0,0,0,0,0,0,0,1,1,0,0,0,0,0,0,0,0,0,0,0,1,1,1,0,1,0,0,0,0,0,1,,,,,,36-40,36-45,State route,U,Thursday,,MC,Not Fatal,0,0,0,0,State Route,State Patrol,Washington State Patrol,0,1,0,0,0,thc,2.1,carboxy-thc,6.8,,0,0,0,,,,,,,,,,,0,0,0,0,,,,,5,,,,,,,,,1,0,,,,,,
2018,84,633194,8,03-22-2018,04:59,22,3,March,0,35,Kitsap,0,2,0,3,2,2,1,1,1,1,,,,8,1,0,No vehicle,2.9,1,0,1,No intersection,4,1,1,3,0,0,0,0,SR-160,,-122.5881861,47.50498333,98366,0,1,13,Pedestrian/Animal,50,3,45,4,0,0,1,5,8,1,2,2,1,1,Going Straight,1,1,53,,0,20,481,2000,0,,15,,,,,,1,1,45,1,0,,0,0,3,0,11,0,,,,,6,0,0,3,1,0,,,,96,,,,,,98,,,,,,98258,53,72,200,6,1,0,1,3,0,,0,,,,,,0,04-15-2018,07-15-2021,20,0,0,0,8,9,8,,,0,,,8,8,0,0,,,0,,,0,0,996,,,,,,,,,,,,,,,,,,,,,,,,,,,,,,0,0,0,0,0,0,0,0,0,0,0,0,0,0,0,0,0,0,0,0,0,0,0,0,0,0,0,0,0,1,0,1,0,0,0,,0,0,0,0,0,0,0,0,0,0,0,0,0,0,0,0,,,,,,41-45,36-45,County road,R,Tuesday,Belt Used,PV,Not Fatal,0,0,0,0,County Road,County Sheriff,Snohomish County Sheriff's Office,0,0,1,0,0,,,,,,0,0,0,,,,,,,,,,,98,98,98,0,,,,,20,,,,,,,,,0,0,,,91ST AVE NE,0.245,NULL,
2017,84,632443,26,03-17-2017,05:40,17,3,March,0,35,Kitsap,0,10,0,3,1,2,1,1,1,1,,,,8,0,0,No vehicle,0,3,0,3,T Intersection,4,2,2,4,0,0,0,0,CR-NW GREAVES WAY,CR-OLD FRONTIER RD NW,-122.7031528,47.65948889,98383,0,1,13,Pedestrian/Animal,80,5,35,4,0,0,1,2,8,1,2,4,2,1,Going Straight,1,1,53,,0,82,881,2019,0,,12,,,,,,1,1,46,2,0,,0,0,3,0,11,0,,,,,6,1,0,3,1,0,,,,96,,,,,,98,,,,,,98539,53,61,140,6,1,0,0,0,0,,0,,,,,,0,,,20,0,0,0,8,9,2,,,0,,,8,8,0,0,,,0,,,0,0,996,,,,,,,,,,,,,,,,,,,,,,,,,,,,,,0,0,0,0,0,0,1,1,0,0,0,0,0,0,0,0,0,0,0,0,0,0,0,0,0,1,1,1,0,1,1,0,0,0,0,,0,0,0,0,0,0,0,0,0,0,0,0,0,0,0,0,,,,,,46-50,46-55,Interstate,U,Wednesday,,MHTRUCK,Not Fatal,0,0,0,0,State Route,State Patrol,Washington State Patrol,0,1,0,0,0,,,,,,0,0,0,,,,,,,,,,,98,98,98,0,,,,,20,,,,,,,,,1,0,,,,,,
2021,85,635483,6,04-01-2021,13:35,1,4,April,,17,Douglas,0,1,,1,0,0,1,0,3,2,,,,12,0,6,Angle,205.1,8,0,1,No intersection,3,1,1,2,0,0,0,0,US-97,,-120.2017833,47.71499167,,0,1,80,Others,10,2,0,90,0,0,1,5,12,0,0,0,0,10,Others,1,0,0,,0,18,405,2018,0,,12,,,,,,1,1,83,1,7,,4,7,3,0,11,0,08-11-2021,09:09,2.22E+11,39357,0,0,3,3,1,27,,,,96,,,,,,98,,,,,,98938,53,69,200,6,1,0,0,0,0,,0,,,,,,0,,,8,0,0,0,0,9,8,,,0,,,8,8,2,996,,,1,,,2,1,0,,,,,,,,,,,,,,,,,,,,,,,,,,,,,,0,0,0,0,0,0,1,1,0,0,0,0,0,0,0,0,0,0,0,0,0,0,0,0,0,1,1,1,0,1,1,0,0,0,0,,1,0,0,0,0,0,1,1,0,0,0,0,0,0,1,0,,,,,,81+,76+,Interstate,U,Wednesday,Belt Used,PV,White,0,0,0,0,State Route,State Patrol,Washington State Patrol,0,1,0,0,0,,,,,,0,0,0,,,,,,,,,,,98,98,98,1,,,,,20,,,,,,,,,1,0,,,,,,
2021,85,635484,6,04-01-2021,13:35,1,4,April,,17,Douglas,0,1,,1,1,2,1,0,3,2,,,,12,0,6,Angle,205.1,8,0,1,No intersection,3,1,1,2,0,0,0,0,US-97,,-120.2017833,47.71499167,,0,2,81,Others,72,4,60,34,1,0,1,5,12,2,2,2,1,14,Making a U turn,2,3,53,,0,7,482,2010,0,,12,,,,,,1,1,46,1,0,,1,0,3,0,11,5,,,,,0,0,0,3,1,0,,,,96,,,,,,98,,,,,,98408,53,68,225,6,1,0,0,0,0,,0,,,,,,0,,,1,0,0,0,8,9,8,,,0,,,8,8,8,95,,,96,,,8,95,995,,,,,,,,,,,,,,,,,,,,,,,,,,,,,,0,0,0,1,0,0,1,1,0,0,0,0,1,1,0,0,0,0,1,0,0,0,0,0,0,0,0,0,0,1,0,0,0,0,0,,0,0,0,0,0,0,0,0,0,0,0,0,0,0,0,0,,,,,,46-50,46-55,Interstate,U,Thursday,Belt Used,PV,Not Fatal,1,0,0,0,State Route,Municipal/City Police,Tacoma Police Department,0,1,0,0,0,,,,,,0,0,0,,,,,,,,,,,98,98,98,0,,,,,20,,,,,,,,,1,0,,,,,,
2020,85,634700,4,04-05-2020,10:16,5,4,April,,1,Adams,0,1,,1,1,2,1,0,1,1,10:20,10:25,,1,0,0,No vehicle,76.7,1,0,1,No intersection,2,1,1,2,0,0,0,0,US-395,,-118.6841722,46.82020556,99326,0,1,7,Control/Traction Loss,12,2,70,34,0,0,1,2,1,1,1,2,2,1,Going Straight,1,1,53,,0,49,40,1997,0,,12,,,,,,1,1,30,1,0,,0,0,3,0,11,0,,,,,0,0,3,3,1,0,,,,96,,,,,,98,,,,,,98465,53,67,148,6,1,0,0,0,0,,0,,,,,,0,,,20,0,0,0,8,9,8,,,0,,,8,8,8,95,,,96,,,8,95,995,,,,,,,,,,,,,,,,,,,,,,,,,,,,,,0,0,0,1,0,0,1,1,0,0,0,0,1,1,0,0,0,0,1,0,0,0,0,0,0,0,0,0,0,1,0,0,0,0,0,,0,0,0,0,0,0,0,0,0,0,0,0,0,0,0,0,,,,,,26-30,26-35,Interstate,U,Thursday,Belt Used,PV,Not Fatal,1,0,0,0,State Route,Municipal/City Police,Tacoma Police Department,0,1,0,0,0,,,,,,0,0,0,,,,,,,,,,,0,0,0,0,,,,,20,,,,,,,,,1,0,,,,,,