year,something,Cases,repjur,crash_dt,crash_tm,accday,Month,Month,holiday,county,co_char,city,weather,weather2,lightcond,surfcond,surftype,Number of Fatalities,nmforms,pforms,vforms,not_tm,arr_tm,hosp_tm,fhevent,hitrun,Manner of Collision,Manner of Collision,milepnt,reljunc,reljuncinter,intersectiontype,Intersection Type,funcsystem,landuse,ownership,route,schlbus,spejur,contdev,devfunc,trafid1,trafid2,x,y,zipcode,wk_zone,vnumber,crashtype,Crash Type,criticalevent,criticaleventcat,spdlim,body,trailer,emerg,hazcargo,leave,mhevent,roadalgn,roadprof,traflane,trafflow,Vehicle Manure,Vehicle Manure,numoccs,regowner,regstate,,spuse,make,model,modelyr,vrf1,vrf2,seqevent1,seqevent2,seqevent3,seqevent4,seqevent5,seqevent6,pnumber,ptype,age,sex,hispanic,race,injury,diedscene,restraint,restraintmisuse,seatpos,takehosp,death_dt,death_tm,cert,cernum_wa,commlic,licendor,licrestrict,liccomp,drivpres,drf1,drf2,drf3,drf4,distract1,distract2,distract3,distract4,distract5,distract6,dricond1,dricond2,dricond3,dricond4,dricond5,dricond6,dzip,licstate,drhgt_in,weight,noncdl,noncdltype,prevdwi,prevoth,prevacc,prevspd,prevsus,driviol1,driviol2,driviol3,driviol4,driviol5,driviol6,spdrel,first_dt,last_dt,airbag,ejection,ejectpath,extricat,injurwrk,methalc,methdrug,nmlocat,strikveh,prf1,prf2,prf3,druginv,alcinvol,drugsts,drugres1,drugres2,drugres3,drugtst1,drugtst2,drugtst3,alcsts,alctst,alcres,nmact1,nmact2,nmact3,nmact4,nmact5,nmact6,nmprior1,nmprior2,nmprior3,nmprior4,nmprior5,nmprior6,nmcond1,nmcond2,nmcond3,nmcond4,nmcond5,nmcond6,nmsafe_helmet,nmsafe_pads,nmsafe_oth,nmprev_ref,nmprev_lgt,nmprev_oth,crashlocation,nmcrashtype,crosswalk,schoolzone,sidewalk,train_inv,wildlife_inv,rotr_fars,intersect_fars,Drink and Drive,aid_inv,Drug Positive Drivers,Impaired Drivers,Marijuana Positive,impnm_inv,ainm_inv,dpnm_inv,speed_inv,unlic_inv,unendmc_inv,drowsy_inv,drdist_inv,nmdist_inv,fty_inv,unrestfat_inv,dr1617_inv,dr1820_inv,dr1620_inv,dr2125_inv,dr1625_inv,dr65_inv,dr70_inv,dr75_inv,mc_inv,pv_inv,ht_inv,ped_inv,bike_inv,unrest_fat,mc_fat,unhelmet_mc,pv_fat,ht_fat,ped_fat,bike_fat,dr_alc7,dr_alc8,dr_drug,dr_imp,dr_dist,dr_spd,dr_fty,dr_unlic,dr_alc7only,dr_alc8only,dr_drugonly,dr_drink,nm_imp,nm_alc7,nm_alc8,nm_drug,nm_dist,agegrp1,agegrp2,roadclass,urbrur,dayweek,restuse,vehtype,race_me,intersect,lanedep,oppdir,wrongway,rep_typ,investag,repag_long,rotr,st_rd,cty_rd,city_rd,oth_rd,drug_thc,thc_res,drug_cthc,cthc_res,drug_cann,prevpersemin,prevperse,prevsusoth,drugtst4,drugtst5,drugtst6,drugtst7,drugtst8,drugres4,drugres5,drugres6,drugres7,drugres8,adspresent,adsengaged,adslevel,race1,race2,race3,race4,race5,helmet,helmetmisuse,nmdistract1,nmdistract2,nmdistract3,nmdistract4,nmdistract5,nmdistract6,lab,isedtcase,crf1,crf2,crf3,CoRoadName,CoMP,IntCoRoadName,IntCoMP
2019,85,633827,122,01-22-2019,17:45,22,1,Jan,,61,Snohomish,690,1,0,3,2,2,1,1,1,1,,,,8,0,0,No vehicle,0,3,0,2,4 Way,3,2,4,6,0,0,2,3,PACIFIC AVE,COLBY AVE,-122.2085472,47.97653056,98120,0,1,13,Pedestrian/Animal,80,5,98,14,0,0,1,7,8,1,1,5,1,1,Going Straight,1,3,53,,0,32,42,2014,0,,12,,,,,,1,1,35,1,0,,1,0,3,0,11,0,,,,,0,0,0,2,1,0,,,,96,,,,,,98,,,,,,98466,53,73,150,4,1,0,0,0,0,,0,,,,,,0,,,1,0,0,0,8,9,8,,,0,,,8,8,8,95,,,96,,,8,95,995,,,,,,,,,,,,,,,,,,,,,,,,,,,,,,0,0,0,1,0,0,1,1,0,0,0,0,1,1,0,0,0,0,1,0,0,0,0,0,0,0,0,0,0,1,0,0,0,0,0,,0,0,0,0,0,0,0,0,0,0,0,1,0,0,0,0,,,,,,31-35,26-35,Interstate,U,Thursday,Belt Used,PV,Not Fatal,1,0,0,0,State Route,Municipal/City Police,Tacoma Police Department,0,1,0,0,0,,,,,,0,0,0,,,,,,,,,,,98,98,98,0,,,,,20,,,,,,,,,1,0,,,,,,
2018,85,633184,160,03-22-2018,11:23,22,3,March,0,33,King,1030,2,0,1,2,2,1,0,2,2,,,,12,0,6,Angle,0.2,2,0,2,4 Way,3,2,1,3,0,0,3,3,SR-181,W MEEKER ST,-122.2473944,47.38136944,98032,0,2,68,Initial Opposite Direction(Left/Right),62,4,35,2,0,0,1,7,12,1,1,5,1,11,Turning Red: Permitted on red,1,1,53,,0,37,31,1999,0,,12,12,12,,,,1,1,44,1,7,,4,7,99,7,11,0,08/19/2021,19:56,2.23E+11,42392,0,0,0,2,1,38,,,,96,,,,,,98,,,,,,98466,53,72,190,1,1,0,0,0,0,,0,,,,,,4,,,1,0,0,0,0,9,8,,,0,,,8,8,2,177,401,417,1,1,1,2,1,0,,,,,,,,,,,,,,,,,,,,,,,,,,,,,,0,0,0,1,0,0,1,1,0,0,0,0,1,1,0,0,0,0,1,0,0,0,0,0,0,0,0,0,0,1,0,0,0,0,0,,1,0,0,0,0,0,1,1,0,1,1,1,0,0,1,0,,,,,,41-45,36-45,Interstate,U,Thursday,Unknown,PV,White,1,0,0,0,State Route,Municipal/City Police,Tacoma Police Department,0,1,0,0,0,,,,,,0,0,0,1,1,,,,151,996,,,,0,0,0,1,,,,,20,,,,,,,,,1,0,,,,,,
2018,85,633183,160,03-22-2018,11:23,22,3,March,0,33,King,1030,2,0,1,2,2,1,0,2,2,,,,12,0,6,Angle,0.2,2,0,2,4 Way,3,2,1,3,0,0,3,3,SR-181,W MEEKER ST,-122.2473944,47.38136944,98032,0,1,69,Initial Opposite Direction(Going Straight),17,2,35,14,0,0,1,7,12,1,1,5,1,1,Going Straight,1,1,53,,0,73,706,2004,0,,68,68,63,1,,,1,1,65,1,7,,4,7,20,7,11,0,08/15/2021,00:00,53039861,39861,0,0,3,3,1,8,33,,,96,,,,,,98,,,,,,98597,53,70,190,6,1,1,0,0,0,,0,,,,,,4,03-15-2020,03-15-2020,20,8,0,0,0,9,8,,,0,,,8,8,2,996,996,,1,1,,2,1,0.134,,,,,,,,,,,,,,,,,,,,,,,,,,,,,,0,0,1,0,1,1,1,1,0,0,0,0,1,0,0,0,0,0,0,0,0,0,0,0,0,1,0,0,1,0,0,0,0,0,1,0,0,0,0,0,0,1,1,1,0,1,0,0,0,0,0,1,,,,,,61-65,56-65,State route,R,Sunday,,MC,White,0,1,0,0,State Route,State Patrol,Washington State Patrol,1,1,0,0,0,,,,,,0,1,0,,,,,,,,,,,0,0,0,1,,,,,5,,,,,,,,,1,0,,,,,,
2017,85,632451,6,03-16-2017,13:35,16,3,March,0,47,Okanogan,0,1,0,1,1,2,2,0,3,2,,,,12,0,6,Angle,273,2,0,2,4 Way,3,1,1,2,0,3,4,3,US-97,CR-ARMORY ACCESS RD,-119.5649361,48.36727778,98841,0,2,88,Striking from the Left,17,2,60,66,1,0,1,2,12,1,1,3,1,1,Going Straight,1,2,53,,0,82,881,2020,0,,8,,,,,,1,1,51,1,0,,0,0,3,0,11,0,,,,,6,1,0,3,1,0,,,,96,,,,,,98,,,,,,98465,53,76,300,6,1,0,0,0,0,,0,,,,,,0,,,20,0,0,0,8,9,2,,,0,,,8,8,8,95,,,96,,,8,95,995,,,,,,,,,,,,,,,,,,,,,,,,,,,,,,0,0,0,0,0,0,0,0,0,0,0,0,0,0,0,0,0,0,0,0,0,0,0,0,0,0,0,0,0,0,1,1,0,0,0,,0,0,0,0,0,0,0,0,0,0,0,0,0,0,0,0,,,,,,51-55,46-55,Interstate,R,Tuesday,,MHTRUCK,Not Fatal,0,0,0,0,State Route,State Patrol,Washington State Patrol,0,1,0,0,0,,,,,,0,0,0,,,,,,,,,,,98,98,98,0,,,,,20,,,,,,,,,1,0,,,,,,
2017,85,632450,6,03-16-2017,13:35,16,3,March,0,47,Okanogan,0,1,0,1,1,2,2,0,3,2,,,,12,0,6,Angle,273,2,0,2,4 Way,3,1,1,2,0,3,20,3,US-97,CR-ARMORY ACCESS RD,-119.5649361,48.36727778,98841,0,1,89,Others,17,2,35,34,0,0,1,2,12,1,1,2,1,3,Others,2,1,53,,0,37,32,1996,0,,12,,,,,,1,1,47,1,1,,4,7,3,0,11,0,08-08-2021,20:15,53040163,40163,99,9,9,9,1,0,,,,96,,,,,,98,,,,,,99350,99,,999,9,9,99,99,99,99,,0,,,,,,0,,,8,0,0,0,0,9,8,,,0,,,8,8,2,1,,,1,,,2,1,0,,,,,,,,,,,,,,,,,,,,,,,,,,,,,,0,0,0,1,0,0,1,1,0,0,0,0,0,0,0,0,0,0,0,0,0,0,0,0,0,1,1,0,0,1,0,0,0,0,0,,1,0,0,0,0,0,0,0,0,0,0,0,0,0,0,0,,,,,,46-50,46-55,State route,R,Sunday,Belt Used,PV,Hispanic,1,0,0,0,State Route,State Patrol,Washington State Patrol,0,1,0,0,0,,,,,,99,99,99,,,,,,,,,,,0,0,0,298,,,,,20,,,,,,,,,1,0,,,,,,
2020,86,634702,3,04-10-2020,13:00,10,4,April,,53,Pierce,0,1,,1,1,2,1,0,4,2,13:08,13:15,13:36,12,0,6,Angle,6.6,2,0,2,4 Way,4,2,2,4,0,0,0,0,CR-112TH ST S,B ST S,-122.4329139,47.15541111,98444,0,2,88,Striking from the Left,66,4,40,14,0,5,1,2,12,1,1,4,1,1,Going Straight,1,3,53,,0,23,471,2003,0,,12,,,,,,1,1,71,1,7,,4,7,3,0,11,0,08-08-2021,20:15,53038493,38493,0,0,0,3,1,39,,,,96,,,,,,9,,,,,,98236,53,68,125,6,1,0,0,0,0,,0,,,,,,0,,,8,0,0,0,0,9,8,,,0,,,1,8,2,996,401,417,1,1,1,2,1,0,,,,,,,,,,,,,,,,,,,,,,,,,,,,,,0,0,0,1,0,0,1,1,0,0,0,0,0,0,0,0,0,0,0,0,0,0,0,0,0,1,1,0,0,1,0,0,0,0,0,,1,0,0,0,0,0,1,1,0,0,0,0,0,0,1,0,,,,,,71-75,66-75,State route,R,Sunday,Belt Used,PV,White,1,0,0,0,State Route,State Patrol,Washington State Patrol,0,1,0,0,0,,,,,,0,0,0,,,,,,,,,,,98,98,98,1,,,,,20,,,,,,,,,1,0,,,,,,
2020,86,634701,3,04-10-2020,13:00,10,4,April,,53,Pierce,0,1,,1,1,2,1,0,4,2,13:08,13:15,13:36,12,0,6,Angle,6.6,2,0,2,4 Way,4,2,2,4,0,0,0,0,CR-112TH ST S,B ST S,-122.4329139,47.15541111,98444,0,1,89,Others,17,2,40,4,0,0,1,2,12,1,1,4,1,1,Going Straight,3,1,53,,0,20,481,2009,0,,12,,,,,,1,1,59,1,7,,4,7,3,0,11,0,08/16/2021,20:53,2.11E+11,42274,0,0,3,3,1,0,,,,96,,,,,,98,,,,,,99208,53,73,250,6,1,0,0,0,0,,0,,,,,,0,,,1,0,0,0,0,9,8,,,0,,,8,8,2,996,,,1,,,2,1,0.046,,,,,,,,,,,,,,,,,,,,,,,,,,,,,,0,0,0,0,1,1,1,1,1,0,0,0,1,0,0,0,0,0,1,0,0,0,0,1,1,0,0,0,0,1,0,0,0,0,0,,1,0,0,0,1,0,1,1,0,0,0,0,0,0,0,1,,,,,,56-60,56-65,City street,U,Monday,Belt Used,PV,White,0,0,0,0,City Street,Municipal/City Police,Spokane Police Department,0,0,0,1,0,,,,,,0,0,0,,,,,,,,,,,98,98,98,1,,,,,20,,,,,,,,,1,0,,,,,,
2019,86,633958,36,03-26-2019,05:18,26,3,March,,55,San Juan,0,2,0,2,2,2,1,0,1,1,,,,42,0,0,No vehicle,1.5,1,0,1,No intersection,7,2,2,4,0,0,0,0,CR-EGG LAKE RD,,-123.08925,48.55631389,,0,1,6,Drive off road,12,2,35,34,0,0,1,2,42,2,1,2,1,1,Going Straight,1,1,53,,0,20,403,2007,0,,12,,,,,,1,1,21,1,0,,3,0,3,0,11,5,,,,,0,0,0,3,1,38,,,,96,,,,,,98,,,,,,99205,53,72,230,6,1,0,0,0,0,,97,,,,,,3,,,1,9,0,0,8,9,8,,,0,,,8,8,2,695,605,,1,1,,2,1,0.17,,,,,,,,,,,,,,,,,,,,,,,,,,,,,,0,0,0,0,1,1,1,1,1,0,0,0,1,0,0,0,0,0,1,0,0,0,0,1,1,0,0,0,0,1,0,0,0,0,0,,0,0,0,0,0,1,1,1,0,1,1,0,0,0,0,1,,,,,,21-25,16-25,City street,U,Monday,Belt Used,PV,Not Fatal,0,0,0,0,City Street,Municipal/City Police,Spokane Police Department,0,0,0,1,0,thc,1.3,carboxy-thc,7.8,,0,0,0,,,,,,,,,,,98,98,98,0,,,,,20,,,,,,,,,1,0,,,,,,
2018,86,633187,7,03-22-2018,23:40,22,3,March,0,33,King,0,2,0,3,2,2,2,0,3,2,,,,12,0,6,Angle,15.7,1,0,1,No intersection,3,2,1,3,0,0,0,0,SR-18,,-122.0573333,47.38806111,98038,0,2,98,Others,62,4,60,34,0,0,1,7,12,1,2,4,2,1,Going Straight,1,2,53,,0,37,402,2012,0,,12,,,,,,1,1,29,1,0,,0,0,3,0,11,0,,,,,0,0,0,3,1,0,,,,0,,,,,,0,,,,,,14424,36,71,999,6,1,0,0,0,0,,0,,,,,,0,,,20,0,0,0,8,9,8,,,0,,,8,8,8,95,,,96,,,8,95,995,,,,,,,,,,,,,,,,,,,,,,,,,,,,,,0,0,0,1,0,0,0,0,0,0,0,0,0,0,0,0,0,0,0,0,0,0,0,0,0,1,0,0,0,1,1,0,0,0,0,,0,0,0,0,0,0,0,0,0,0,0,0,0,0,0,0,,,,,,26-30,26-35,City street,U,Monday,Belt Used,PV,Not Fatal,1,0,0,0,City Street,Municipal/City Police,Renton Police Department,0,0,0,1,0,,,,,,0,0,0,,,,,,,,,,,98,98,98,0,,,,,20,,,,,,,,,1,10,,,,,,
2018,86,633186,7,03-22-2018,23:40,22,3,March,0,33,King,0,2,0,3,2,2,2,0,3,2,,,,12,0,6,Angle,15.7,1,0,1,No intersection,3,2,1,3,0,0,0,0,SR-18,,-122.0573333,47.38806111,98038,0,1,98,Others,10,2,60,4,0,0,1,7,12,1,2,4,2,1,Going Straight,2,1,53,,0,49,403,2002,0,,12,,,,,,1,1,69,1,7,,4,0,3,0,11,4,08/16/2021,18:12,1.96E+11,40952,0,0,3,3,1,0,,,,0,,,,,,98,,,,,,98008,53,64,120,6,1,0,0,0,0,,0,,,,,,0,,,20,0,0,0,0,9,8,,,0,,,8,8,2,1,,,1,,,2,1,0,,,,,,,,,,,,,,,,,,,,,,,,,,,,,,0,0,0,1,0,0,0,0,0,0,0,0,0,0,0,0,0,0,0,0,0,0,0,0,0,1,0,0,0,1,1,0,0,0,0,,1,0,0,0,0,0,0,0,0,0,0,0,0,0,0,0,,,,,,66-70,66-75,City street,U,Monday,Belt Used,PV,API,1,0,0,0,City Street,Municipal/City Police,Renton Police Department,0,0,0,1,0,,,,,,0,0,0,,,,,,,,,,,98,98,98,48,,,,,20,,,,,,,,,1,10,,,,,,
2017,86,632463,2,03-18-2017,15:10,18,3,March,0,61,Snohomish,0,2,0,1,2,2,1,0,4,3,14:58,15:05,15:42,12,0,2,Front-to-Front,4.5,1,0,1,No intersection,3,2,1,2,0,0,0,0,US-2,,-122.1144444,47.95451389,98205,0,3,98,Others,50,3,60,20,0,0,1,2,12,1,2,3,1,1,Going Straight,2,1,53,,7,98,898,2015,0,,12,,,,,,1,1,55,1,0,,0,0,3,0,11,0,,,,,6,3,0,3,1,95,,,,96,,,,,,98,,,,,,98391,53,69,200,6,1,0,0,0,0,,0,,,,,,0,,,20,0,0,0,8,9,8,,,0,,,8,8,8,95,,,96,,,8,95,995,,,,,,,,,,,,,,,,,,,,,,,,,,,,,,0,0,0,1,0,0,0,0,0,0,0,0,0,0,0,0,0,0,0,0,0,0,0,0,0,1,0,0,0,1,1,0,0,0,0,,0,0,0,0,0,0,0,0,0,0,0,0,0,0,0,0,,,,,,51-55,46-55,City street,U,Monday,,MHTRUCK,Not Fatal,1,0,0,0,City Street,Municipal/City Police,Renton Police Department,0,0,0,1,0,,,,,,0,0,0,,,,,,,,,,,98,98,98,0,,,,,20,,,,,,,,,1,10,,,,,,
2017,86,632462,2,03-18-2017,15:10,18,3,March,0,61,Snohomish,0,2,0,1,2,2,1,0,4,3,14:58,15:05,15:42,12,0,2,Front-to-Front,4.5,1,0,1,No intersection,3,2,1,2,0,0,0,0,US-2,,-122.1144444,47.95451389,98205,0,2,52,Others,54,3,60,4,0,0,1,2,12,1,2,3,1,1,Going Straight,1,1,53,,0,23,461,2014,0,,12,68,12,12,,,1,1,32,1,0,,0,0,3,0,11,0,,,,,0,0,0,3,1,0,,,,96,,,,,,98,,,,,,98033,53,72,170,6,1,0,1,0,0,,0,,,,,,0,01-15-2019,01-15-2019,20,0,0,0,8,9,8,,,0,,,8,8,8,95,,,96,,,8,95,995,,,,,,,,,,,,,,,,,,,,,,,,,,,,,,0,0,0,1,0,0,0,0,0,0,0,0,0,0,0,0,0,0,0,0,0,0,0,0,0,1,0,0,0,1,1,0,0,0,0,,0,0,0,0,0,0,0,0,0,0,0,0,0,0,0,0,,,,,,31-35,26-35,City street,U,Monday,Belt Used,PV,Not Fatal,1,0,0,0,City Street,Municipal/City Police,Renton Police Department,0,0,0,1,0,,,,,,0,0,0,,,,,,,,,,,98,98,98,0,,,,,20,,,,,,,,,1,10,,,,,,
2017,86,632461,2,03-18-2017,15:10,18,3,March,0,61,Snohomish,0,2,0,1,2,2,1,0,4,3,14:58,15:05,15:42,12,0,2,Front-to-Front,4.5,1,0,1,No intersection,3,2,1,2,0,0,0,0,US-2,,-122.1144444,47.95451389,98205,0,1,52,Others,10,2,60,5,0,0,1,2,12,1,2,3,1,1,Going Straight,1,1,53,,0,12,442,2001,0,,64,1,,,,,1,1,36,1,0,,0,0,3,0,11,0,,,,,0,0,0,2,1,6,,,,96,,,,,,9,,,,,,98837,53,69,165,1,1,0,0,0,0,,1,2,,,,,0,,,20,0,0,0,8,9,2,,,0,,,1,8,2,695,605,401,1,1,1,2,1,0,,,,,,,,,,,,,,,,,,,,,,,,,,,,,,0,0,1,0,0,0,1,1,1,0,0,0,0,1,0,0,0,0,0,0,0,0,0,0,0,0,0,0,0,1,0,0,0,0,0,,0,0,0,0,0,0,1,1,0,0,0,1,0,0,1,0,,,,,,36-40,36-45,Interstate,R,Sunday,Belt Used,PV,Not Fatal,0,1,0,0,State Route,State Patrol,Washington State Patrol,1,1,0,0,0,thc,3.6,carboxy-thc,51,,0,0,0,1,,,,,417,,,,,98,98,98,0,,,,,20,,,,,,,,,1,0,,,,,,
2021,87,635485,248,04-05-2021,11:24,5,4,April,,33,King,1830,1,,1,1,2,1,1,1,1,,,,8,0,0,No vehicle,0,1,0,1,No intersection,7,2,4,6,0,0,0,0,OLYMPIC CT SE,,-122.1736222,47.46229167,98058,0,1,92,Others,80,5,25,63,0,0,1,5,8,1,1,2,1,13,Others,1,3,53,,0,76,706,2014,0,,12,,,,,,1,1,64,1,0,,3,0,20,7,11,5,,,,,0,0,3,3,1,0,,,,96,,,,,,98,,,,,,98271,53,75,180,6,1,0,0,0,0,,0,,,,,,0,,,20,8,0,0,8,9,8,,,0,,,8,8,0,0,,,0,,,0,0,996,,,,,,,,,,,,,,,,,,,,,,,,,,,,,,0,0,0,0,0,0,1,1,0,0,0,0,0,1,0,0,0,0,0,1,0,0,0,0,0,0,0,0,1,1,0,0,0,0,0,0,0,0,0,0,0,0,0,0,0,0,0,0,0,0,0,0,,,,,,61-65,56-65,Interstate,U,Sunday,,MC,Not Fatal,0,0,0,0,State Route,State Patrol,Washington State Patrol,0,1,0,0,0,,,,,,0,0,0,,,,,,,,,,,0,0,0,0,,,,,5,,,,,,,,,1,0,,,,,,
2020,87,634703,59,03-22-2020,15:59,22,3,March,,33,King,109,10,,1,1,2,1,1,2,1,,,,9,0,0,No vehicle,0,2,0,3,T Intersection,4,2,4,6,0,0,0,0,NORTHUP WAY,NE 8th St,-122.1072694,47.61686667,98008,0,1,13,Pedestrian/Animal,15,2,35,20,0,0,1,2,9,3,2,3,1,11,Turning Red: Permitted on red,2,2,53,,0,20,37,2006,0,,12,63,1,38,18,18,1,1,56,1,7,,4,7,20,7,11,0,08-08-2021,15:50,53038893,38893,0,0,0,0,1,0,,,,96,,,,,,98,,,,,,98270,53,70,200,2,1,0,1,0,0,,0,,,,,,0,06-15-2019,06-15-2019,1,1,9,0,0,9,8,,,0,,,8,8,2,401,417,,1,1,,2,1,0,,,,,,,,,,,,,,,,,,,,,,,,,,,,,,0,0,0,0,0,0,1,1,0,0,0,0,0,1,0,0,0,0,0,1,0,0,0,0,0,0,0,0,1,1,0,0,0,1,0,,1,0,0,0,0,0,1,1,0,0,0,1,0,0,1,0,,,,,,56-60,56-65,Interstate,U,Sunday,Not Used,PV,White,0,0,0,0,State Route,State Patrol,Washington State Patrol,0,1,0,0,0,,,,,,0,0,0,,,,,,,,,,,98,98,98,1,,,,,20,,,,,,,,,1,0,,,,,,
2019,87,633960,7,03-22-2019,05:42,22,3,March,,33,King,0,10,0,2,1,2,1,0,3,2,,,,12,0,1,Front-to-Rear,24.2,1,0,1,No intersection,1,1,1,1,0,0,0,0,I-90,,-121.8735889,47.510325,98065,0,2,21,Others,53,3,70,4,0,0,1,2,12,8,8,4,3,5,Others,2,2,53,,0,99,999,9999,0,,9,,,,,,1,1,999,9,0,,9,0,99,7,11,0,,,,,99,9,9,9,1,0,,,,96,,,,,,98,,,,,,99999,99,,999,9,9,99,99,99,99,,97,,,,,,0,,,99,0,0,0,8,9,8,,,0,,,8,8,0,0,,,0,,,0,0,996,,,,,,,,,,,,,,,,,,,,,,,,,,,,,,0,0,0,0,0,0,0,0,0,1,0,1,0,0,0,0,0,0,0,0,0,0,0,0,0,0,0,0,0,0,0,0,1,0,0,,0,0,0,0,0,0,0,0,0,0,0,0,0,0,0,0,,,,,,,,City street,U,Sunday,,NR-U,Not Fatal,0,0,0,0,City Street,Municipal/City Police,Kent Police Department,0,0,0,1,0,,,,,,99,99,99,,,,,,,,,,,98,98,98,0,,,,,20,,,,,,,,,1,0,,,,,,
2018,87,633192,2,03-25-2018,13:15,25,3,March,0,61,Snohomish,0,1,0,1,1,2,1,0,1,1,,,,42,0,0,No vehicle,2.5,1,0,1,No intersection,5,1,2,4,0,0,0,0,CR-FLORENCE ACRES RD,,-121.8776333,47.87504444,98272,0,1,1,Driver Off Road,13,2,35,34,0,0,1,7,42,3,1,2,1,14,Making a U turn,1,1,53,,0,37,421,2003,0,,8,,,,,,1,1,22,2,0,,0,0,3,0,11,0,,,,,0,0,0,3,1,0,,,,96,,,,,,98,,,,,,98371,53,68,125,6,1,0,0,0,0,,0,,,,,,0,,,20,0,0,0,8,9,8,,,0,,,8,8,8,95,,,96,,,8,95,995,,,,,,,,,,,,,,,,,,,,,,,,,,,,,,0,0,0,0,0,0,0,0,0,1,0,1,0,0,0,0,0,0,0,0,0,0,0,1,1,0,0,0,0,1,0,1,0,0,0,,0,0,0,0,0,0,0,0,0,0,0,0,0,0,0,0,,,,,,21-25,16-25,County road,U,Saturday,Belt Used,PV,Not Fatal,0,0,0,0,County Road,County Sheriff,Law Enforcement Support Agency,0,0,1,0,0,,,,,,0,0,0,,,,,,,,,,,98,98,98,0,,,,,20,,,,,,,,,1,0,,,CANYON RD E,5.97,NULL,
2017,87,632452,4,03-20-2017,15:14,20,3,March,0,65,Stevens,0,10,0,1,1,2,1,0,2,1,15:25,15:52,16:11,35,0,0,No vehicle,16.8,1,0,1,No intersection,5,1,1,3,0,0,0,0,SR-291,,-117.6222861,47.84385556,99026,0,1,7,Control/Traction Loss,6,1,50,2,0,0,1,2,1,3,2,2,1,6,Others,2,1,53,,0,72,706,2017,0,,63,24,,,,,1,1,35,1,7,,4,7,20,7,11,0,08-12-2021,00:30,69053039738,39738,0,0,0,3,1,0,,,,96,,,,,,9,,,,,,98282,53,72,195,6,1,0,0,0,0,,0,,,,,,4,,,20,8,0,0,0,9,8,,,0,,,8,1,2,605,124,996,1,1,1,2,1,0.14,,,,,,,,,,,,,,,,,,,,,,,,,,,,,,0,0,1,0,1,1,1,1,1,0,0,0,1,0,0,0,0,0,0,0,0,0,0,0,0,0,0,0,1,0,0,0,0,0,1,0,0,0,0,0,0,1,1,1,0,1,0,0,0,0,0,1,,,,,,31-35,26-35,Interstate,U,Thursday,,MC,White,0,1,0,0,State Route,State Patrol,Washington State Patrol,1,1,0,0,0,thc,0.69,,,,0,0,0,,,,,,,,,,,0,0,0,1,,,,,5,,,,,,,,nms,1,0,,,,,,
2019,87,633959,7,03-22-2019,05:42,22,3,March,,33,King,0,10,0,2,1,2,1,0,3,2,,,,12,0,1,Front-to-Rear,24.2,1,0,1,No intersection,1,1,1,1,0,0,0,0,I-90,,-121.8735889,47.510325,98065,0,1,20,Others,50,3,70,52,0,0,1,5,12,8,8,4,3,15,Others,1,3,94,,0,35,471,1995,0,,63,42,,,,,1,1,37,2,0,,3,0,3,0,11,5,,,,,0,0,0,2,1,0,,,,96,,,,,,98,,,,,,98569,53,66,275,1,1,0,1,1,0,,97,,,,,,4,05-15-2017,10-15-2020,20,0,0,0,8,9,8,,,0,,,8,8,0,0,,,0,,,0,0,996,,,,,,,,,,,,,,,,,,,,,,,,,,,,,,0,0,1,0,0,0,0,0,0,0,0,0,1,1,0,0,0,0,0,0,0,0,0,0,0,0,0,0,0,1,0,0,0,0,0,,0,0,0,0,0,0,0,0,0,1,0,1,0,0,0,0,,,,,,36-40,36-45,State route,R,Monday,Belt Used,PV,Not Fatal,0,1,0,0,State Route,State Patrol,Washington State Patrol,1,1,0,0,0,,,,,,0,0,0,,,,,,,,,,,0,0,0,0,,,,,20,,,,,,,,,1,0,,,,,,
2021,88,635486,35,04-05-2021,07:29,5,4,April,,53,Pierce,0,1,,1,1,1,1,0,1,1,,,,1,0,0,No vehicle,0.8,3,0,2,4 Way,4,2,2,4,0,3,3,3,CR-WALLER RD E,PIONEER WAY E,-122.3891056,47.22809167,98443,0,1,98,Others,9,1,35,66,1,0,1,2,1,3,2,3,1,2,Others,1,3,53,,0,20,481,2005,0,,12,,,,,,1,1,31,1,1,,4,7,3,0,11,0,08-11-2021,15:34,53041253,41253,0,0,0,3,1,0,,,,96,,,,,,98,,,,,,99357,53,70,175,6,1,0,0,0,2,,0,,,,,,0,05-15-2019,03-15-2019,8,0,0,0,0,9,8,,,0,,,8,8,2,1,,,1,,,2,1,0,,,,,,,,,,,,,,,,,,,,,,,,,,,,,,0,0,0,1,1,1,0,1,0,0,0,0,0,1,0,0,0,0,0,0,0,0,0,0,0,0,0,0,0,1,1,0,0,0,0,,1,0,0,0,0,0,0,0,0,0,0,0,0,0,0,0,,,,,,31-35,26-35,State route,R,Wednesday,Belt Used,PV,Hispanic,1,0,0,0,State Route,State Patrol,Washington State Patrol,0,1,0,0,0,,,,,,0,0,0,,,,,,,,,,,98,98,98,298,,,,,20,,,,,,,,,1,0,,,,,,