year,something,Cases,repjur,crash_dt,crash_tm,accday,Month,Month,holiday,county,co_char,city,weather,weather2,lightcond,surfcond,surftype,Number of Fatalities,nmforms,pforms,vforms,not_tm,arr_tm,hosp_tm,fhevent,hitrun,Manner of Collision,Manner of Collision,milepnt,reljunc,reljuncinter,intersectiontype,Intersection Type,funcsystem,landuse,ownership,route,schlbus,spejur,contdev,devfunc,trafid1,trafid2,x,y,zipcode,wk_zone,vnumber,crashtype,Crash Type,criticalevent,criticaleventcat,spdlim,body,trailer,emerg,hazcargo,leave,mhevent,roadalgn,roadprof,traflane,trafflow,Vehicle Manure,Vehicle Manure,numoccs,regowner,regstate,,spuse,make,model,modelyr,vrf1,vrf2,seqevent1,seqevent2,seqevent3,seqevent4,seqevent5,seqevent6,pnumber,ptype,age,sex,hispanic,race,injury,diedscene,restraint,restraintmisuse,seatpos,takehosp,death_dt,death_tm,cert,cernum_wa,commlic,licendor,licrestrict,liccomp,drivpres,drf1,drf2,drf3,drf4,distract1,distract2,distract3,distract4,distract5,distract6,dricond1,dricond2,dricond3,dricond4,dricond5,dricond6,dzip,licstate,drhgt_in,weight,noncdl,noncdltype,prevdwi,prevoth,prevacc,prevspd,prevsus,driviol1,driviol2,driviol3,driviol4,driviol5,driviol6,spdrel,first_dt,last_dt,airbag,ejection,ejectpath,extricat,injurwrk,methalc,methdrug,nmlocat,strikveh,prf1,prf2,prf3,druginv,alcinvol,drugsts,drugres1,drugres2,drugres3,drugtst1,drugtst2,drugtst3,alcsts,alctst,alcres,nmact1,nmact2,nmact3,nmact4,nmact5,nmact6,nmprior1,nmprior2,nmprior3,nmprior4,nmprior5,nmprior6,nmcond1,nmcond2,nmcond3,nmcond4,nmcond5,nmcond6,nmsafe_helmet,nmsafe_pads,nmsafe_oth,nmprev_ref,nmprev_lgt,nmprev_oth,crashlocation,nmcrashtype,crosswalk,schoolzone,sidewalk,train_inv,wildlife_inv,rotr_fars,intersect_fars,Drink and Drive,aid_inv,Drug Positive Drivers,Impaired Drivers,Marijuana Positive,impnm_inv,ainm_inv,dpnm_inv,speed_inv,unlic_inv,unendmc_inv,drowsy_inv,drdist_inv,nmdist_inv,fty_inv,unrestfat_inv,dr1617_inv,dr1820_inv,dr1620_inv,dr2125_inv,dr1625_inv,dr65_inv,dr70_inv,dr75_inv,mc_inv,pv_inv,ht_inv,ped_inv,bike_inv,unrest_fat,mc_fat,unhelmet_mc,pv_fat,ht_fat,ped_fat,bike_fat,dr_alc7,dr_alc8,dr_drug,dr_imp,dr_dist,dr_spd,dr_fty,dr_unlic,dr_alc7only,dr_alc8only,dr_drugonly,dr_drink,nm_imp,nm_alc7,nm_alc8,nm_drug,nm_dist,agegrp1,agegrp2,roadclass,urbrur,dayweek,restuse,vehtype,race_me,intersect,lanedep,oppdir,wrongway,rep_typ,investag,repag_long,rotr,st_rd,cty_rd,city_rd,oth_rd,drug_thc,thc_res,drug_cthc,cthc_res,drug_cann,prevpersemin,prevperse,prevsusoth,drugtst4,drugtst5,drugtst6,drugtst7,drugtst8,drugres4,drugres5,drugres6,drugres7,drugres8,adspresent,adsengaged,adslevel,race1,race2,race3,race4,race5,helmet,helmetmisuse,nmdistract1,nmdistract2,nmdistract3,nmdistract4,nmdistract5,nmdistract6,lab,isedtcase,crf1,crf2,crf3,CoRoadName,CoMP,IntCoRoadName,IntCoMP
2020,88,634704,330,04-12-2020,22:45,12,4,April,,77,Yakima,2590,1,,3,1,2,1,1,1,1,,,,9,0,0,No vehicle,0,1,0,1,No intersection,7,2,4,6,0,0,0,0,S 3RD AVE,,-120.5094444,46.59125556,98903,0,1,13,Pedestrian/Animal,83,5,30,34,0,0,1,2,9,1,3,4,1,1,Going Straight,1,1,53,,0,98,806,2016,0,,12,,,,,,1,1,37,1,0,,0,0,3,0,11,0,,,,,0,0,3,2,1,39,,,,96,,,,,,9,,,,,,98024,53,72,190,1,1,0,2,0,0,,1,12,,,,,0,10-15-2016,08-15-2020,20,0,0,0,8,9,2,,,0,,,8,1,2,1,,,1,,,2,1,0.25,,,,,,,,,,,,,,,,,,,,,,,,,,,,,,0,0,0,1,1,1,0,1,0,0,0,0,0,1,0,0,0,0,0,0,0,0,0,0,0,0,0,0,0,1,1,0,0,0,0,,0,0,0,0,0,1,0,1,0,0,0,1,0,1,0,1,,,,,,36-40,36-45,State route,R,Wednesday,,MHTRUCK,Not Fatal,1,0,0,0,State Route,State Patrol,Washington State Patrol,0,1,0,0,0,,,,,,0,0,2,,,,,,,,,,,98,98,98,0,,,,,20,,,,,,,,,1,0,,,,,,
2019,88,633962,26,03-28-2019,21:16,28,3,March,,35,Kitsap,0,1,0,2,1,2,1,0,1,1,,,,24,0,0,No vehicle,0.4,1,0,1,No intersection,4,2,2,4,0,0,0,0,CR-SEABECK HWY NW,,-122.7214361,47.58863056,98312,0,1,1,Driver Off Road,13,2,35,80,0,0,1,7,24,3,2,2,1,14,Making a U turn,1,1,53,,0,76,705,2004,0,,1,,,,,,1,1,23,1,7,,4,0,20,7,11,5,08-07-2021,05:04,1.59E+11,38607,0,0,0,2,1,0,,,,96,,,,,,98,,,,,,99338,53,71,160,6,1,1,1,1,3,,0,,,,,,3,10-15-2017,07-15-2020,20,8,0,0,0,9,8,,,0,,,8,8,2,695,605,,1,1,,2,1,0.13,,,,,,,,,,,,,,,,,,,,,,,,,,,,,,0,0,0,1,1,1,1,1,1,0,0,0,1,0,1,0,0,0,0,0,0,0,0,1,1,0,0,0,1,0,0,0,0,0,1,0,0,0,0,0,0,1,1,1,0,1,0,0,0,0,0,1,,,,,,21-25,16-25,City street,U,Saturday,,MC,Black,1,0,0,0,City Street,Municipal/City Police,Lacey Police Department,0,0,0,1,0,thc,3,carboxy-thc,33,,0,0,1,,,,,,,,,,,0,0,0,2,,,,,5,,,,,,,,nms,1,0,,,,,,
2018,88,633196,25,03-24-2018,17:56,24,3,March,0,33,King,0,1,0,1,1,2,1,0,3,2,,,,12,0,6,Angle,1,2,0,4,Y Intersection,4,2,2,4,0,0,0,0,CR-RENTON AVE S,S 128TH ST,-122.2350333,47.48828611,98178,0,2,83,Others,67,4,35,80,0,0,1,7,12,8,8,4,1,1,Going Straight,1,2,53,,0,49,402,2000,0,,12,,,,,,1,1,44,1,0,,3,0,3,0,11,5,,,,,99,9,9,9,1,0,,,,96,,,,,,98,,,,,,99301,99,,999,9,9,99,99,99,99,,0,,,,,,0,,,8,0,0,0,8,9,2,,,0,,,8,8,8,95,,,96,,,0,0,996,,,,,,,,,,,,,,,,,,,,,,,,,,,,,,0,0,0,0,0,0,0,0,0,0,0,0,0,0,0,0,0,0,0,0,0,0,0,0,0,0,0,0,0,1,0,0,0,0,0,,0,0,0,0,0,0,0,0,0,0,0,0,0,0,0,0,,,,,,41-45,36-45,State route,R,Friday,Belt Used,PV,Not Fatal,0,1,1,0,State Route,State Patrol,Washington State Patrol,0,1,0,0,0,,,,,,99,99,99,,,,,,,,,,,98,98,98,0,,,,,20,,,,,,,,,1,0,,,,,,
2018,88,633195,25,03-24-2018,17:56,24,3,March,0,33,King,0,1,0,1,1,2,1,0,3,2,,,,12,0,6,Angle,1,2,0,4,Y Intersection,4,2,2,4,0,0,20,3,CR-RENTON AVE S,S 128TH ST,-122.2350333,47.48828611,98178,0,1,82,Turn Into Opp Direction(Turning Left),15,2,35,4,0,0,1,5,12,1,2,2,1,11,Turning Red: Permitted on red,2,1,53,,0,37,31,2001,0,,68,12,,,,,1,1,30,1,1,,4,7,3,0,11,0,08-06-2021,05:08,53038738,38738,99,9,9,9,1,33,,,,96,,,,,,98,,,,,,99336,99,,999,9,9,99,99,99,99,,0,,,,,,0,,,8,0,0,0,0,9,8,,,0,,,8,8,0,0,,,0,,,0,0,996,,,,,,,,,,,,,,,,,,,,,,,,,,,,,,0,0,0,0,0,0,0,0,0,0,0,0,0,0,0,0,0,0,0,0,0,0,0,0,0,0,0,0,0,1,0,0,0,0,0,,1,0,0,0,0,0,0,0,0,0,0,0,0,0,0,0,,,,,,26-30,26-35,State route,R,Friday,Belt Used,PV,Hispanic,0,1,1,0,State Route,State Patrol,Washington State Patrol,0,1,0,0,0,,,,,,99,99,99,,,,,,,,,,,98,98,98,298,,,,,20,,,,,,,,,1,0,,,,,,
2017,88,632447,22,03-22-2017,11:47,22,3,March,0,27,Grays Harbor,0,2,0,1,2,2,1,0,2,2,11:41,11:57,,12,0,6,Angle,3.8,2,0,2,4 Way,6,1,2,4,0,0,20,3,CR-ELMA-HICKLIN RD,CR-SUMMIT RD,-123.2669917,47.07885556,98557,0,2,86,Others,54,3,30,34,0,0,1,2,12,1,1,2,1,1,Going Straight,1,1,53,,0,84,881,2007,0,,12,,,,,,1,1,54,2,0,,0,0,3,0,11,0,,,,,6,0,0,3,1,0,,,,96,,,,,,98,,,,,,98683,53,62,185,6,1,0,0,0,0,,0,,,,,,0,,,20,0,0,0,8,9,8,,,0,,,8,8,0,0,,,0,,,0,0,996,,,,,,,,,,,,,,,,,,,,,,,,,,,,,,0,0,0,0,0,0,1,1,1,0,0,0,0,1,0,0,1,0,0,1,0,0,0,0,0,0,0,0,0,1,1,0,0,0,0,,0,0,0,0,0,0,0,0,0,0,0,0,0,0,0,0,,,,,,51-55,46-55,Interstate,U,Thursday,,MHTRUCK,Not Fatal,0,0,0,0,State Route,State Patrol,Washington State Patrol,0,1,0,0,0,,,,,,0,0,0,,,,,,,,,,,98,98,98,0,,,,,20,,,,,,,,,1,0,,,,,,
2017,88,632446,22,03-22-2017,11:47,22,3,March,0,27,Grays Harbor,0,2,0,1,2,2,1,0,2,2,11:41,11:57,,12,0,6,Angle,3.8,2,0,2,4 Way,6,1,2,4,0,0,0,0,CR-ELMA-HICKLIN RD,CR-SUMMIT RD,-123.2669917,47.07885556,98557,0,1,87,Others,54,3,40,66,1,0,1,2,12,1,1,2,1,1,Going Straight,1,3,53,,0,41,51,2005,0,,12,,,,,,1,1,35,2,7,,4,7,3,0,11,0,08-12-2021,00:00,53039491,39491,0,0,3,2,1,0,,,,92,,,,,,98,,,,,,98632,53,70,130,1,1,0,0,1,0,,0,,,,,,0,10-15-2017,10-15-2017,8,0,0,0,0,9,8,,,0,,,8,8,2,695,605,401,1,1,1,2,1,0,,,,,,,,,,,,,,,,,,,,,,,,,,,,,,0,0,0,0,0,0,1,1,1,0,0,0,0,1,0,0,1,0,0,1,0,0,0,0,0,0,0,0,0,1,1,0,0,0,0,,1,0,0,0,0,0,1,1,1,0,0,1,0,0,1,0,,,,,,31-35,26-35,Interstate,U,Thursday,Belt Used,PV,Multiracial,0,0,0,0,State Route,State Patrol,Washington State Patrol,0,1,0,0,0,thc,4.3,carboxy-thc,10,,0,0,3,1,,,,,417,,,,,98,98,98,201,202,,,,20,,,,,,,,nms,1,0,,,,,,
2021,89,635489,6,03-26-2021,04:42,26,3,March,,25,Grant,0,1,,2,1,2,1,0,3,3,,,,12,0,1,Front-to-Rear,35.7,3,0,3,T Intersection,2,1,1,3,0,0,0,0,SR-17,RD5 SE,-119.1427222,47.01354167,98837,0,3,98,Others,62,4,60,67,0,0,1,2,12,1,1,2,1,1,Going Straight,1,3,53,,0,72,706,2006,0,,63,34,,,,,1,1,64,1,7,,4,0,20,7,11,5,08-10-2021,18:51,1.69E+11,39423,0,0,0,3,1,0,,,,92,,,,,,98,,,,,,98671,53,72,220,6,1,0,0,0,0,,0,,,,,,0,,,20,8,0,0,0,9,8,,,0,,,8,8,2,1,,,1,,,2,1,0.032,,,,,,,,,,,,,,,,,,,,,,,,,,,,,,0,0,1,0,1,0,0,0,0,0,0,0,0,0,0,0,1,0,0,0,0,0,0,0,0,0,0,0,1,0,0,0,0,0,1,0,0,0,0,0,1,0,0,0,1,0,0,0,1,0,0,1,,,,,,61-65,56-65,US highway,R,Tuesday,,MC,White,0,1,0,0,State Route,State Patrol,Washington State Patrol,1,1,0,0,0,,,,,,0,0,0,,,,,,,,,,,0,0,0,1,,,,,5,,,,,,,,,1,0,,,,,,
2021,89,635488,6,03-26-2021,04:42,26,3,March,,25,Grant,0,1,,2,1,2,1,0,3,3,,,,12,0,1,Front-to-Rear,35.7,3,0,3,T Intersection,2,1,1,3,0,0,0,0,SR-17,RD5 SE,-119.1427222,47.01354167,98837,0,2,29,Others,53,3,60,34,0,0,1,2,12,1,1,2,1,2,Others,1,3,53,,0,99,399,9999,0,,8,,,,,,1,1,999,9,0,,9,0,99,7,11,0,,,,,99,9,9,9,1,0,,,,96,,,,,,98,,,,,,99999,99,,999,9,9,99,99,99,99,,0,,,,,,0,,,99,0,0,0,8,9,8,,,0,,,8,8,0,0,,,0,,,0,0,996,,,,,,,,,,,,,,,,,,,,,,,,,,,,,,0,0,0,0,0,0,0,0,0,1,1,1,0,0,0,0,0,0,0,0,0,0,0,0,0,0,0,0,0,1,0,1,0,0,0,,0,0,0,0,0,0,0,0,0,0,0,0,0,0,0,0,,,,,,,,County road,U,Monday,Unknown,PV,Not Fatal,0,0,0,0,County Road,County Sheriff,Kitsap County Sheriff's Office,0,0,1,0,0,,,,,,99,99,99,,,,,,,,,,,98,98,98,0,,,,,20,,,,,,,,,1,0,,,CLEAR CRK RD NW,2.865,NULL,
2021,89,635487,6,03-26-2021,04:42,26,3,March,,25,Grant,0,1,,2,1,2,1,0,3,3,,,,12,0,1,Front-to-Rear,35.7,3,0,3,T Intersection,2,1,1,3,0,0,0,0,SR-17,RD5 SE,-119.1427222,47.01354167,98837,0,1,28,Others,52,3,60,66,1,0,1,5,12,1,1,2,1,2,Others,1,3,53,,0,42,48,2016,0,,12,,,,,,1,1,56,1,0,,1,0,3,0,11,0,,,,,0,0,0,3,1,0,,,,96,,,,,,98,,,,,,98023,53,70,170,6,1,0,0,1,0,,0,,,,,,0,09-15-2020,09-15-2020,8,0,0,0,8,9,2,,,0,,,8,8,0,0,,,0,,,0,0,996,,,,,,,,,,,,,,,,,,,,,,,,,,,,,,0,0,0,0,0,0,0,0,0,0,0,0,0,0,0,0,0,0,0,0,0,0,0,0,0,0,0,0,0,1,0,0,0,0,0,,0,0,0,0,0,0,0,0,0,0,0,0,0,0,0,0,,,,,,56-60,56-65,State route,U,Monday,Belt Used,PV,Not Fatal,0,1,1,0,State Route,County Sheriff,Normandy Park Police Department,0,1,0,0,0,,,,,,0,0,0,,,,,,,,,,,98,98,98,0,,,,,20,,,,,,,,,1,0,,,,,,
2020,89,634705,39,04-10-2020,15:38,10,4,April,,61,Snohomish,0,1,,1,1,2,1,0,2,1,,,,1,0,0,No vehicle,1,1,0,1,No intersection,6,1,2,4,0,0,0,0,CR-80TH AVE NW,,-122.3413611,48.26035556,98292,0,1,2,Control/Traction Loss,6,1,35,1,0,0,1,2,1,1,2,2,1,1,Going Straight,2,1,53,,0,24,1,2002,0,,68,12,,,,,1,1,54,1,7,,4,0,99,7,11,5,08/22/2021,22:11,1.96E+11,40976,0,0,0,3,1,28,,,,96,,,,,,98,,,,,,85602,4,66,160,6,1,0,0,0,0,,0,,,,,,0,,,8,0,0,1,0,9,2,,,0,,,8,8,0,0,,,0,,,0,0,996,,,,,,,,,,,,,,,,,,,,,,,,,,,,,,0,0,0,0,0,0,0,0,0,0,0,0,0,0,0,0,0,0,0,0,0,0,0,0,0,0,0,0,0,1,0,0,0,0,0,,1,0,0,0,0,0,0,0,0,0,0,0,0,0,0,0,,,,,,51-55,46-55,State route,U,Monday,Unknown,PV,White,0,1,1,0,State Route,County Sheriff,Normandy Park Police Department,0,1,0,0,0,,,,,,0,0,0,,,,,,,,,,,98,98,98,1,,,,,20,,,,,,,,,1,0,,,,,,
2019,89,633963,1,03-22-2019,13:00,22,3,March,,23,Garfield,0,1,0,1,1,2,1,0,1,1,,,,32,0,0,No vehicle,390.8,1,0,1,No intersection,3,1,1,2,0,0,0,0,US-12,,-117.7733472,46.49830556,99347,0,1,6,Drive off road,12,2,60,14,0,0,1,2,3,2,1,2,1,14,Making a U turn,1,2,53,,0,37,706,2004,0,,12,,,,,,1,1,38,1,7,,4,0,20,7,11,0,08-06-2021,14:35,2.23E+11,38838,0,0,0,3,1,0,,,,96,,,,,,98,,,,,,98445,53,72,165,6,1,0,0,0,3,,0,,,,,,0,02-15-2016,09-15-2020,20,8,0,0,0,9,8,,,0,,,8,8,2,1,,,1,,,2,1,0,,,,,,,,,,,,,,,,,,,,,,,,,,,,,,0,0,0,0,0,0,0,0,0,0,0,0,0,1,0,0,0,0,1,0,0,0,0,0,0,0,0,0,1,1,0,0,0,0,1,0,0,0,0,0,0,0,0,0,0,0,0,0,0,0,0,0,,,,,,36-40,36-45,City street,U,Thursday,,MC,White,0,0,0,0,City Street,Municipal/City Police,Tacoma Police Department,0,0,0,1,0,,,,,,0,0,2,,,,,,,,,,,0,0,0,1,,,,,5,,,,,,,,,0,0,,,,,,
2018,89,633197,297,03-26-2018,22:10,26,3,March,0,33,King,2310,10,0,3,2,2,1,1,1,1,,,,8,0,0,No vehicle,0,1,0,1,No intersection,5,2,4,6,0,0,0,0,S 133RD ST,,-122.2767944,47.485,98168,0,1,13,Pedestrian/Animal,80,5,35,4,0,0,1,7,8,1,1,4,1,1,Going Straight,1,1,53,,0,20,481,2013,0,,12,,,,,,1,1,52,1,0,,0,0,3,0,11,0,,,,,0,0,0,0,1,38,,,,96,,,,,,98,,,,,,98404,53,66,165,0,0,0,0,0,0,,46,,,,,,0,,,20,0,0,0,8,9,8,,,0,,,8,8,8,95,,,96,,,8,95,995,,,,,,,,,,,,,,,,,,,,,,,,,,,,,,0,0,0,0,0,0,0,0,0,0,0,0,0,1,0,0,0,0,1,0,0,0,0,0,0,0,0,0,1,1,0,0,0,0,0,,0,0,0,0,0,0,0,0,0,0,1,1,0,0,0,0,,,,,,51-55,46-55,City street,U,Thursday,Belt Used,PV,Not Fatal,0,0,0,0,City Street,Municipal/City Police,Tacoma Police Department,0,0,0,1,0,,,,,,0,0,0,,,,,,,,,,,98,98,98,0,,,,,20,,,,,,,,,0,0,,,,,,
2017,89,632449,337,03-22-2017,08:42,22,3,March,0,73,Whatcom,110,1,0,1,1,2,1,1,1,1,,,,9,0,0,No vehicle,21.1,2,0,2,4 Way,3,2,1,3,0,0,3,3,SR-11,30TH ST,-122.4781944,48.71460278,98225,0,1,13,Pedestrian/Animal,83,5,35,34,0,0,1,2,9,1,2,3,1,11,Turning Red: Permitted on red,1,1,53,,0,7,482,2013,0,,12,,,,,,1,1,71,1,0,,0,0,2,0,11,0,,,,,0,0,0,3,1,0,,,,96,,,,,,98,,,,,,99004,53,68,143,6,1,0,0,0,0,,0,,,,,,0,,,20,0,0,0,8,9,8,,,0,,,8,8,8,95,,,96,,,8,95,995,,,,,,,,,,,,,,,,,,,,,,,,,,,,,,0,0,0,1,0,0,0,0,0,0,0,0,0,1,0,0,0,0,0,0,0,0,0,0,0,1,1,0,0,1,0,0,0,0,0,,0,0,0,0,0,0,0,0,0,0,0,0,0,0,0,0,,,,,,71-75,66-75,City street,U,Monday,Belt Used,PV,Not Fatal,1,0,0,0,State Route,Municipal/City Police,Tacoma Police Department,0,1,0,0,0,,,,,,0,0,0,,,,,,,,,,,98,98,98,0,,,,,20,,,,,,,,,1,0,,,,,,
2021,90,635493,248,01-29-2021,19:33,29,1,Jan,,33,King,1830,1,,3,1,2,1,0,7,4,,,,12,0,7,"Sideswipe,Same",5.9,1,0,1,No intersection,4,2,1,3,0,0,0,0,SR-515,,-122.2048222,47.45445833,98055,0,4,98,Others,98,7,40,61,0,0,1,5,12,1,1,4,1,1,Going Straight,1,3,53,,0,12,17,2005,0,,12,,,,,,1,1,54,1,7,,4,0,99,7,11,5,08/17/2021,09:40,2.23E+11,41263,0,0,0,0,1,39,,,,96,,,,,,98,,,,,,98422,53,73,190,0,0,0,0,0,0,,39,,,,,,0,,,20,0,0,0,0,9,8,,,0,,,8,8,8,95,,,96,,,8,95,995,,,,,,,,,,,,,,,,,,,,,,,,,,,,,,0,0,0,1,0,0,0,0,0,0,0,0,0,1,0,0,0,0,0,0,0,0,0,0,0,1,1,0,0,1,0,0,0,0,0,,1,0,0,0,0,0,0,0,0,0,0,1,0,0,0,0,,,,,,51-55,46-55,City street,U,Monday,Unknown,PV,AIAN,1,0,0,0,State Route,Municipal/City Police,Tacoma Police Department,0,1,0,0,0,,,,,,0,0,0,,,,,,,,,,,98,98,98,3,,,,,20,,,,,,,,,1,0,,,,,,
2021,90,635492,248,01-29-2021,19:33,29,1,Jan,,33,King,1830,1,,3,1,2,1,0,7,4,,,,12,0,7,"Sideswipe,Same",5.9,1,0,1,No intersection,4,2,1,3,0,0,0,0,SR-515,,-122.2048222,47.45445833,98055,0,3,98,Others,62,4,40,6,0,0,1,2,12,1,1,4,1,1,Going Straight,1,1,53,,0,19,421,2007,0,,12,,,,,,1,1,45,1,1,,4,7,3,0,11,0,08-08-2021,00:35,53038785,38785,0,0,0,3,1,0,,,,96,,,,,,98,,,,,,99341,53,72,188,6,1,0,3,0,3,,0,,,,,,0,06-15-2017,07-15-2020,20,0,0,0,0,9,8,,,0,,,8,8,2,1,,,1,,,2,1,0,,,,,,,,,,,,,,,,,,,,,,,,,,,,,,0,0,0,0,1,1,0,1,0,0,0,0,0,0,0,0,0,0,0,0,0,0,0,1,1,0,0,0,0,1,0,0,0,0,0,,1,0,0,0,0,0,0,0,0,0,0,0,0,0,0,0,,,,,,41-45,36-45,State route,R,Sunday,Belt Used,PV,Hispanic,0,1,1,0,State Route,State Patrol,Washington State Patrol,0,1,0,0,0,,,,,,0,0,0,,,,,,,,,,,98,98,98,298,,,,,20,,,,,,,,,1,14,,,,,,
2021,90,635491,248,01-29-2021,19:33,29,1,Jan,,33,King,1830,1,,3,1,2,1,0,7,4,,,,12,0,7,"Sideswipe,Same",5.9,1,0,1,No intersection,4,2,1,3,0,0,0,0,SR-515,,-122.2048222,47.45445833,98055,0,2,46,Others,11,2,40,4,0,0,1,2,12,1,1,4,1,6,Others,2,2,53,,0,20,423,2017,0,,54,,,,,,1,1,45,1,0,,0,0,3,0,11,0,,,,,0,0,3,3,1,0,,,,96,,,,,,98,,,,,,99301,53,64,150,6,1,0,0,0,0,,0,,,,,,0,,,20,0,0,0,8,9,8,,,0,,,8,8,0,0,,,0,,,0,0,996,,,,,,,,,,,,,,,,,,,,,,,,,,,,,,0,0,0,0,1,1,0,1,0,0,0,0,0,0,0,0,0,0,0,0,0,0,0,1,1,0,0,0,0,1,0,0,0,0,0,,0,0,0,0,0,0,0,0,0,0,0,0,0,0,0,0,,,,,,41-45,36-45,State route,R,Sunday,Belt Used,PV,Not Fatal,0,1,1,0,State Route,State Patrol,Washington State Patrol,0,1,0,0,0,,,,,,0,0,0,,,,,,,,,,,98,98,98,0,,,,,20,,,,,,,,,1,14,,,,,,
2021,90,635490,248,01-29-2021,19:33,29,1,Jan,,33,King,1830,1,,3,1,2,1,0,7,4,,,,12,0,7,"Sideswipe,Same",5.9,1,0,1,No intersection,4,2,1,3,0,0,0,0,SR-515,,-122.2048222,47.45445833,98055,0,1,45,Others,61,4,40,6,0,0,1,2,12,1,1,4,1,6,Others,3,2,53,,0,23,481,2015,0,,68,12,54,,,,1,1,21,1,0,,3,0,20,7,11,5,,,,,0,0,0,3,1,33,,,,96,,,,,,9,,,,,,99349,53,73,225,6,1,0,0,0,0,,1,12,,,,,0,,,8,0,0,0,8,9,8,,,0,,,8,1,2,1,,,1,,,2,1,0.1,,,,,,,,,,,,,,,,,,,,,,,,,,,,,,0,0,0,0,1,1,0,1,0,0,0,0,0,0,0,0,0,0,0,0,0,0,0,1,1,0,0,0,0,1,0,0,0,0,0,,0,0,0,0,0,1,0,1,0,0,0,0,0,1,0,1,,,,,,21-25,16-25,State route,R,Sunday,Not Used,PV,Not Fatal,0,1,1,0,State Route,State Patrol,Washington State Patrol,0,1,0,0,0,,,,,,0,0,0,,,,,,,,,,,98,98,98,0,,,,,20,,,,,,,,,1,14,,,,,,
2019,90,633789,290,01-07-2019,06:20,7,1,Jan,,53,Pierce,2230,1,0,3,2,2,1,0,3,1,,,,42,0,0,No vehicle,0,1,0,1,No intersection,4,2,4,6,0,0,0,0,S TYLER ST,,-122.4937667,47.21943889,98409,0,1,2,Control/Traction Loss,5,1,30,4,0,0,1,7,42,2,1,3,5,14,Making a U turn,3,1,53,,0,49,40,2021,0,,63,38,30,59,1,,1,1,32,1,7,,4,7,20,7,11,0,08-09-2021,04:00,53039331,39331,0,0,0,3,1,0,,,,96,,,,,,98,,,,,,98225,53,74,215,6,1,0,1,0,0,,0,,,,,,4,09-15-2016,09-15-2016,8,0,0,0,0,9,8,,,0,,,1,8,2,695,605,996,1,1,1,2,1,0,,,,,,,,,,,,,,,,,,,,,,,,,,,,,,0,0,1,0,0,0,1,1,1,0,0,0,1,0,0,0,0,0,0,1,0,0,0,0,0,0,0,0,0,1,0,0,0,1,0,,1,0,0,0,0,0,1,1,0,1,0,0,0,0,1,0,,,,,,31-35,26-35,State route,R,Monday,Not Used,PV,White,0,1,0,0,State Route,State Patrol,Washington State Patrol,1,1,0,0,0,thc,0.69,carboxy-thc,5.6,,0,0,1,1,1,,,,401,417,,,,98,98,98,1,,,,,20,,,,,,,,nms,1,0,,,,,,
2018,90,633193,39,03-24-2018,10:49,24,3,March,0,61,Snohomish,0,4,0,1,3,2,1,0,2,1,,,,30,0,0,No vehicle,4.3,1,0,1,No intersection,5,1,2,4,0,0,0,0,CR-WOODS CREEK RD,,-121.9002722,47.92121667,98272,0,1,2,Control/Traction Loss,6,1,35,4,0,0,1,7,30,1,2,2,1,1,Going Straight,2,1,53,,0,9,20,2001,0,,12,63,38,,,,1,1,63,1,7,,4,7,3,0,11,0,08-07-2021,23:32,2.23E+11,38442,0,0,0,3,1,0,,,,96,,,,,,98,,,,,,98408,53,72,175,6,1,0,0,0,0,,0,,,,,,0,,,1,0,0,0,0,9,8,,,0,,,8,8,8,95,,,96,,,8,95,995,,,,,,,,,,,,,,,,,,,,,,,,,,,,,,0,0,0,1,1,0,1,1,1,0,0,0,0,1,0,0,0,0,1,0,0,0,0,1,1,0,0,0,0,1,0,0,0,0,0,,1,0,0,0,0,0,0,0,0,0,0,0,0,0,0,0,,,,,,61-65,56-65,City street,U,Saturday,Belt Used,PV,White,1,0,0,0,City Street,Municipal/City Police,Tacoma Police Department,0,0,0,1,0,,,,,,0,0,0,,,,,,,,,,,98,98,98,1,,,,,20,,,,,,,,,1,0,,,,,,
2017,90,632460,5,03-22-2017,04:57,22,3,March,0,15,Cowlitz,0,10,0,2,2,2,1,1,1,1,,,,8,0,0,No vehicle,34.2,1,0,1,No intersection,1,1,1,1,0,0,0,0,I-5,,-122.8683306,46.06836667,98609,0,1,13,Pedestrian/Animal,80,5,70,5,0,0,1,2,8,1,1,3,3,1,Going Straight,1,1,53,,0,35,47,2017,0,,12,63,38,,,,1,1,21,1,0,,1,0,3,0,11,5,,,,,0,0,0,0,1,38,,,,96,,,,,,9,,,,,,98498,53,,999,0,0,0,0,0,0,,1,12,,,,,0,,,1,0,0,0,8,9,8,,,0,,,8,1,2,695,605,,1,1,,2,1,0,,,,,,,,,,,,,,,,,,,,,,,,,,,,,,0,0,0,1,1,0,1,1,1,0,0,0,0,1,0,0,0,0,1,0,0,0,0,1,1,0,0,0,0,1,0,0,0,0,0,,0,0,0,0,0,0,1,1,0,0,1,1,0,0,1,1,,,,,,21-25,16-25,City street,U,Saturday,Belt Used,PV,Not Fatal,1,0,0,0,City Street,Municipal/City Police,Tacoma Police Department,0,0,0,1,0,thc,11,carboxy-thc,54,,0,0,0,,,,,,,,,,,98,98,98,0,,,,,20,,,,,,,,,1,0,,,,,,