year,something,Cases,repjur,crash_dt,crash_tm,accday,Month,Month,holiday,county,co_char,city,weather,weather2,lightcond,surfcond,surftype,Number of Fatalities,nmforms,pforms,vforms,not_tm,arr_tm,hosp_tm,fhevent,hitrun,Manner of Collision,Manner of Collision,milepnt,reljunc,reljuncinter,intersectiontype,Intersection Type,funcsystem,landuse,ownership,route,schlbus,spejur,contdev,devfunc,trafid1,trafid2,x,y,zipcode,wk_zone,vnumber,crashtype,Crash Type,criticalevent,criticaleventcat,spdlim,body,trailer,emerg,hazcargo,leave,mhevent,roadalgn,roadprof,traflane,trafflow,Vehicle Manure,Vehicle Manure,numoccs,regowner,regstate,,spuse,make,model,modelyr,vrf1,vrf2,seqevent1,seqevent2,seqevent3,seqevent4,seqevent5,seqevent6,pnumber,ptype,age,sex,hispanic,race,injury,diedscene,restraint,restraintmisuse,seatpos,takehosp,death_dt,death_tm,cert,cernum_wa,commlic,licendor,licrestrict,liccomp,drivpres,drf1,drf2,drf3,drf4,distract1,distract2,distract3,distract4,distract5,distract6,dricond1,dricond2,dricond3,dricond4,dricond5,dricond6,dzip,licstate,drhgt_in,weight,noncdl,noncdltype,prevdwi,prevoth,prevacc,prevspd,prevsus,driviol1,driviol2,driviol3,driviol4,driviol5,driviol6,spdrel,first_dt,last_dt,airbag,ejection,ejectpath,extricat,injurwrk,methalc,methdrug,nmlocat,strikveh,prf1,prf2,prf3,druginv,alcinvol,drugsts,drugres1,drugres2,drugres3,drugtst1,drugtst2,drugtst3,alcsts,alctst,alcres,nmact1,nmact2,nmact3,nmact4,nmact5,nmact6,nmprior1,nmprior2,nmprior3,nmprior4,nmprior5,nmprior6,nmcond1,nmcond2,nmcond3,nmcond4,nmcond5,nmcond6,nmsafe_helmet,nmsafe_pads,nmsafe_oth,nmprev_ref,nmprev_lgt,nmprev_oth,crashlocation,nmcrashtype,crosswalk,schoolzone,sidewalk,train_inv,wildlife_inv,rotr_fars,intersect_fars,Drink and Drive,aid_inv,Drug Positive Drivers,Impaired Drivers,Marijuana Positive,impnm_inv,ainm_inv,dpnm_inv,speed_inv,unlic_inv,unendmc_inv,drowsy_inv,drdist_inv,nmdist_inv,fty_inv,unrestfat_inv,dr1617_inv,dr1820_inv,dr1620_inv,dr2125_inv,dr1625_inv,dr65_inv,dr70_inv,dr75_inv,mc_inv,pv_inv,ht_inv,ped_inv,bike_inv,unrest_fat,mc_fat,unhelmet_mc,pv_fat,ht_fat,ped_fat,bike_fat,dr_alc7,dr_alc8,dr_drug,dr_imp,dr_dist,dr_spd,dr_fty,dr_unlic,dr_alc7only,dr_alc8only,dr_drugonly,dr_drink,nm_imp,nm_alc7,nm_alc8,nm_drug,nm_dist,agegrp1,agegrp2,roadclass,urbrur,dayweek,restuse,vehtype,race_me,intersect,lanedep,oppdir,wrongway,rep_typ,investag,repag_long,rotr,st_rd,cty_rd,city_rd,oth_rd,drug_thc,thc_res,drug_cthc,cthc_res,drug_cann,prevpersemin,prevperse,prevsusoth,drugtst4,drugtst5,drugtst6,drugtst7,drugtst8,drugres4,drugres5,drugres6,drugres7,drugres8,adspresent,adsengaged,adslevel,race1,race2,race3,race4,race5,helmet,helmetmisuse,nmdistract1,nmdistract2,nmdistract3,nmdistract4,nmdistract5,nmdistract6,lab,isedtcase,crf1,crf2,crf3,CoRoadName,CoMP,IntCoRoadName,IntCoMP
2021,91,635496,31,04-06-2021,20:20,6,4,April,,45,Mason,0,1,,2,1,2,1,0,2,1,,,,53,0,0,No vehicle,3,1,0,1,No intersection,5,2,2,4,0,0,0,0,CR-E JOHNS PRAIRIE RD,,-123.0657194,47.24765278,98555,0,1,1,Driver Off Road,6,1,40,20,0,0,1,2,1,3,1,2,1,14,Making a U turn,2,1,53,,0,23,481,2016,0,,12,,,,,,1,1,23,1,0,,3,0,3,0,11,5,,,,,0,0,0,3,1,0,,,,96,,,,,,98,,,,,,98604,53,70,175,6,1,0,0,0,1,,0,,,,,,0,05-15-2017,05-15-2017,1,0,0,0,8,9,8,,,0,,,8,8,8,95,,,96,,,8,95,995,,,,,,,,,,,,,,,,,,,,,,,,,,,,,,0,0,0,0,0,0,0,0,0,0,0,0,0,0,0,0,1,0,0,0,1,0,1,1,1,0,0,0,0,1,0,0,0,0,0,,0,0,0,0,0,0,0,0,0,0,0,0,0,0,0,0,,,,,,21-25,16-25,City street,U,Tuesday,Belt Used,PV,Not Fatal,0,1,1,0,City Street,Municipal/City Police,Battleground Police Department,0,0,0,1,0,,,,,,0,0,0,,,,,,,,,,,98,98,98,0,,,,,20,,,,,,,,,1,0,,,,,,
2020,91,634706,21,04-06-2020,18:49,6,4,April,,25,Grant,0,1,,1,1,4,1,0,3,1,20:57,21:07,,1,0,0,No vehicle,5.8,1,0,1,No intersection,7,1,2,4,0,0,0,0,CR-ROAD 16 NE,,-119.3494806,47.32078611,98837,0,1,2,Control/Traction Loss,6,1,50,3,0,0,1,2,1,3,1,8,1,14,Making a U turn,3,2,53,,0,2,404,1997,0,,68,12,,,,,1,1,17,1,7,,4,7,3,0,11,0,07/27/2021,16:52,10753038881,38881,0,0,2,3,1,73,,,,92,,,,,,98,,,,,,98606,53,72,140,6,2,0,0,0,0,,0,,,,,,0,,,1,0,0,0,0,9,8,,,0,,,8,8,2,1,,,1,,,2,1,0,,,,,,,,,,,,,,,,,,,,,,,,,,,,,,0,0,0,0,0,0,0,0,0,0,0,0,0,0,0,0,1,0,0,0,1,0,1,1,1,0,0,0,0,1,0,0,0,0,0,,1,0,0,0,0,0,0,0,1,0,0,0,0,0,0,0,,,,,,16-17,16-25,City street,U,Tuesday,Belt Used,PV,White,0,1,1,0,City Street,Municipal/City Police,Battleground Police Department,0,0,0,1,0,,,,,,0,0,0,,,,,,,,,,,0,0,0,1,,,,,20,,,,,,,,,1,0,,,,,,
2019,91,633965,146,03-17-2019,14:15,17,3,March,,77,Yakima,0,1,0,1,1,2,1,0,2,2,,,,12,0,6,Angle,2.9,2,0,2,4 Way,6,1,2,4,0,0,0,0,CR-WANETA RD,STOVER RD,-119.9785583,46.27302222,98930,0,2,86,Others,66,4,55,67,0,0,1,7,1,1,1,2,1,1,Going Straight,1,1,53,,0,49,49,2006,0,,12,63,59,,,,1,1,18,2,0,,3,0,3,0,11,5,,,,,0,0,0,3,1,0,,,,96,,,,,,98,,,,,,99206,53,62,102,6,2,0,0,2,2,,0,,,,,,0,02-15-2020,01-15-2021,1,0,0,0,8,9,8,,,0,,,8,8,0,0,,,0,,,0,0,996,,,,,,,,,,,,,,,,,,,,,,,,,,,,,,0,0,0,0,0,0,1,1,1,0,0,0,0,1,0,0,1,0,0,1,0,1,1,0,1,0,0,0,0,1,0,0,0,0,0,,0,0,0,0,0,0,0,0,0,0,0,0,0,0,0,0,,,,,,18-20,16-25,State route,U,Saturday,Belt Used,PV,Not Fatal,0,1,1,0,State Route,State Patrol,Washington State Patrol,0,1,0,0,0,,,,,,0,0,0,,,,,,,,,,,98,98,98,0,,,,,20,,,,,,,,,1,0,,,,,,
2019,91,633964,146,03-17-2019,14:15,17,3,March,,77,Yakima,0,1,0,1,1,2,1,0,2,2,,,,12,0,6,Angle,2.9,2,0,2,4 Way,6,1,2,4,0,0,20,3,CR-WANETA RD,STOVER RD,-119.9785583,46.27302222,98930,0,1,87,Others,17,2,50,4,0,0,1,7,12,1,1,2,1,1,Going Straight,1,1,53,,0,37,421,2003,0,,68,12,,,,,1,1,26,1,7,,4,0,20,7,11,5,07/24/2021,21:39,2.11E+11,37164,0,0,3,2,1,28,,,,92,,,,,,9,,,,,,83854,16,70,190,1,1,0,0,0,3,,0,,,,,,0,06-15-2020,10-15-2021,1,1,9,0,0,9,2,,,0,,,1,8,2,695,605,401,1,1,1,2,1,0,,,,,,,,,,,,,,,,,,,,,,,,,,,,,,0,0,0,0,0,0,1,1,1,0,0,0,0,1,0,0,1,0,0,1,0,1,1,0,1,0,0,0,0,1,0,0,0,1,0,,1,0,0,0,0,0,1,1,1,0,0,1,0,0,1,0,,,,,,26-30,26-35,State route,U,Saturday,Not Used,PV,White,0,1,1,0,State Route,State Patrol,Washington State Patrol,0,1,0,0,0,thc,2.5,carboxy-thc,32,,0,1,0,1,,,,,417,,,,,98,98,98,1,,,,,20,,,,,,,,nms,1,0,,,,,,
2018,91,633200,2,03-27-2018,12:23,27,3,March,0,61,Snohomish,0,2,0,1,2,2,1,0,1,1,,,,42,0,0,No vehicle,36.7,1,0,1,No intersection,5,1,1,3,0,0,0,0,SR-9,,-122.1913389,48.28901944,98223,0,1,7,Control/Traction Loss,12,2,55,4,0,0,1,7,42,1,1,2,1,1,Going Straight,1,1,53,,0,12,3,2006,0,,68,64,21,,,,1,1,46,1,7,,4,7,20,7,11,0,08-06-2021,01:31,53038512,38512,0,0,3,2,1,0,,,,96,,,,,,98,,,,,,98404,53,70,194,1,1,0,1,3,2,,0,,,,,,4,05-15-2016,08-15-2021,8,0,0,0,0,9,8,,,0,,,8,8,2,996,996,401,1,1,1,2,1,0,,,,,,,,,,,,,,,,,,,,,,,,,,,,,,0,0,1,0,0,0,1,1,0,0,0,0,1,1,0,0,0,0,0,1,0,0,0,0,0,0,0,0,0,1,0,0,0,1,0,,1,0,0,0,0,0,1,1,0,1,0,1,0,0,1,0,,,,,,46-50,46-55,County road,U,Friday,Not Used,PV,White,0,1,0,0,County Road,County Sheriff,Law Enforcement Support Agency,1,0,1,0,0,,,,,,0,0,4,1,,,,,417,,,,,98,98,98,1,,,,,20,,,,,,,,,1,0,,,WALLER RD E,4.87,NULL,
2017,91,632473,8,03-26-2017,20:41,26,3,March,0,27,Grays Harbor,0,10,0,3,2,2,1,0,3,2,,,,12,0,2,Front-to-Front,67.9,1,0,1,No intersection,3,1,1,2,0,0,0,0,US-101,,-123.7469278,46.80131111,,0,2,52,Others,54,3,55,2,0,0,1,2,12,3,2,2,1,14,Making a U turn,1,2,53,,0,12,473,2003,0,,67,63,69,68,64,59,1,1,17,1,0,,2,0,3,0,11,5,,,,,0,0,0,0,1,58,,,,96,,,,,,98,,,,,,98944,53,,999,0,0,99,99,99,99,,97,,,,,,4,,,20,0,0,0,8,3,2,,,0,,,8,8,0,0,,,0,,,0,0,996,,,,,,,,,,,,,,,,,,,,,,,,,,,,,,0,0,1,0,0,0,0,0,0,0,0,0,1,1,0,0,0,0,0,1,1,0,1,0,1,0,0,0,0,1,0,0,0,0,0,,0,0,0,0,0,0,0,0,0,1,0,1,0,0,0,0,,,,,,16-17,16-25,County road,R,Thursday,Belt Used,PV,Not Fatal,0,1,0,0,County Road,County Sheriff,Yakima County Sheriff's Office,1,0,1,0,0,,,,,,99,99,99,,,,,,,,,,,98,98,98,0,,,,,20,,,,,,,,,1,0,,,SHIELDS RD.,0.23,NULL,
2017,91,632472,8,03-26-2017,20:41,26,3,March,0,27,Grays Harbor,0,10,0,3,2,2,1,0,3,2,,,,12,0,2,Front-to-Front,67.9,1,0,1,No intersection,3,1,1,2,0,0,0,0,US-101,,-123.7469278,46.80131111,,0,1,52,Others,10,2,55,34,0,0,1,2,12,2,2,2,1,6,Others,2,1,53,,0,87,881,2020,0,,12,,,,,,1,1,57,1,0,,2,0,3,0,11,5,,,,,6,0,0,3,1,0,,,,96,,,,,,98,,,,,,51239,19,72,200,6,1,0,0,0,0,,0,,,,,,0,,,20,0,0,0,8,9,2,,,0,,,8,8,0,0,,,0,,,0,0,996,,,,,,,,,,,,,,,,,,,,,,,,,,,,,,0,0,0,0,1,0,0,0,0,0,0,0,0,0,0,1,0,0,0,0,0,0,0,0,0,1,0,0,0,1,1,0,0,0,0,,0,0,0,0,0,0,0,0,0,0,0,0,0,0,0,0,,,,,,56-60,56-65,Interstate,R,Friday,,MHTRUCK,Not Fatal,0,1,1,0,State Route,State Patrol,Washington State Patrol,0,1,0,0,0,,,,,,0,0,0,,,,,,,,,,,98,98,98,0,,,,,20,,,,,,,,,1,0,,,,,,
2021,92,635500,73,04-06-2021,15:16,6,4,April,,33,King,229,1,,1,1,2,2,0,6,4,,,,12,0,7,"Sideswipe,Same",0,1,0,1,No intersection,3,2,4,6,0,0,0,0,AMBAUM BLVD SW,,-122.3510056,47.49593611,98146,0,4,45,Others,61,4,35,4,0,0,1,2,12,3,2,4,1,14,Making a U turn,2,2,53,,0,12,481,2001,0,,64,65,12,,,,1,1,69,1,7,,4,0,3,0,11,5,08-06-2021,16:00,2.12E+11,39078,99,9,9,9,1,28,,,,0,,,,,,2,,,,,,59923,30,,999,9,9,99,99,99,99,,0,,,,,,0,,,1,0,0,0,0,1,8,,,0,,,8,1,2,1,,,1,,,2,1,0.036,,,,,,,,,,,,,,,,,,,,,,,,,,,,,,0,0,0,0,1,0,0,0,0,0,0,0,0,0,0,1,0,0,0,0,0,0,0,0,0,1,0,0,0,1,1,0,0,0,0,,1,0,0,0,1,0,0,0,0,0,0,0,1,0,0,1,,,,,,66-70,66-75,Interstate,R,Friday,Belt Used,PV,White,0,1,1,0,State Route,State Patrol,Washington State Patrol,0,1,0,0,0,,,,,,99,99,99,,,,,,,,,,,98,98,98,1,,,,,20,,,,,,,,,1,0,,,,,,
2021,92,635499,73,04-06-2021,15:16,6,4,April,,33,King,229,1,,1,1,2,2,0,6,4,,,,12,0,7,"Sideswipe,Same",0,1,0,1,No intersection,3,2,4,6,0,0,0,0,AMBAUM BLVD SW,,-122.3510056,47.49593611,98146,0,3,98,Others,62,4,35,34,0,0,1,2,12,3,2,4,1,14,Making a U turn,1,2,53,,0,7,24,2012,0,,64,57,,,,,1,1,33,1,0,,0,0,3,0,11,0,,,,,0,0,0,0,1,0,,,,96,,,,,,98,,,,,,98273,53,67,200,0,0,0,1,1,3,,97,,,,,,0,01-15-2017,11-15-2020,8,0,0,0,8,9,8,,,0,,,8,8,8,95,,,96,,,2,1,997,,,,,,,,,,,,,,,,,,,,,,,,,,,,,,0,0,1,0,0,0,1,1,1,0,0,0,1,1,0,0,0,0,0,1,0,0,0,0,0,0,0,0,0,1,0,0,0,0,0,,0,0,0,0,0,0,0,0,0,0,0,1,0,0,0,0,,,,,,31-35,26-35,Interstate,R,Tuesday,Belt Used,PV,Not Fatal,0,0,0,0,State Route,State Patrol,Washington State Patrol,0,1,0,0,0,,,,,,0,0,1,,,,,,,,,,,98,98,98,0,,,,,20,,,,,,,,,1,0,,,,,,
2021,92,635498,73,04-06-2021,15:16,6,4,April,,33,King,229,1,,1,1,2,2,0,6,4,,,,12,0,7,"Sideswipe,Same",0,1,0,1,No intersection,3,2,4,6,0,0,0,0,AMBAUM BLVD SW,,-122.3510056,47.49593611,98146,0,2,98,Others,53,3,35,5,0,0,1,2,12,1,2,4,1,1,Going Straight,2,2,53,,0,49,472,2004,0,,64,57,65,57,,,1,1,36,2,7,,4,7,20,7,11,0,08-03-2021,18:36,53038869,38869,0,0,0,3,1,33,,,,96,,,,,,98,,,,,,98273,53,69,250,6,1,0,3,0,2,,0,,,,,,4,06-15-2017,02-15-2021,20,1,9,0,0,9,8,,,0,,,8,8,2,996,996,695,1,1,1,2,1,0,,,,,,,,,,,,,,,,,,,,,,,,,,,,,,0,0,1,0,0,0,1,1,1,0,0,0,1,1,0,0,0,0,0,1,0,0,0,0,0,0,0,0,0,1,0,0,0,1,0,,1,0,0,0,0,0,1,1,0,1,0,0,0,0,1,0,,,,,,36-40,36-45,Interstate,R,Tuesday,Not Used,PV,White,0,0,0,0,State Route,State Patrol,Washington State Patrol,0,1,0,0,0,thc,50,carboxy-thc,99,,0,0,0,1,,,,,605,,,,,98,98,98,1,,,,,20,,,,,,,,nms,1,0,,,,,,
2021,92,635497,73,04-06-2021,15:16,6,4,April,,33,King,229,1,,1,1,2,2,0,6,4,,,,12,1,7,"Sideswipe,Same",0,1,0,1,No intersection,3,2,4,6,0,0,0,0,AMBAUM BLVD SW,,-122.3510056,47.49593611,98146,0,1,46,Others,11,2,35,4,0,0,1,2,12,3,2,4,1,15,Others,1,1,53,,0,72,706,2016,0,,64,25,,,,,1,1,50,1,7,,4,7,20,7,11,0,07/30/2021,22:17,2.37E+11,38664,0,0,3,3,1,0,,,,92,,,,,,98,,,,,,98664,53,71,230,6,1,0,0,0,0,,0,,,,,,0,,,20,8,0,0,0,9,8,,,0,,,8,8,2,1,,,1,,,2,1,0,,,,,,,,,,,,,,,,,,,,,,,,,,,,,,0,0,1,1,0,0,0,0,0,0,0,0,0,0,0,0,1,0,0,0,0,0,0,0,0,0,0,0,1,0,0,0,0,0,1,0,0,0,0,0,0,0,0,0,1,0,0,0,0,0,0,0,,,,,,46-50,46-55,State route,U,Friday,,MC,White,1,0,0,0,State Route,State Patrol,Washington State Patrol,0,1,0,0,0,,,,,,0,0,0,,,,,,,,,,,0,0,0,1,,,,,5,,,,,,,,,1,0,,,,,,
2020,92,634707,14,04-06-2020,21:22,6,4,April,,11,Clark,0,1,,2,1,2,1,1,2,1,21:24,21:30,21:53,8,0,0,No vehicle,6.5,1,0,1,No intersection,5,1,2,4,0,0,0,0,CR-NE 72ND AVE,,-122.5996639,45.75491389,98604,0,1,13,Pedestrian/Animal,80,5,50,14,0,0,1,2,8,1,1,2,1,1,Going Straight,2,1,53,,0,37,32,2010,0,,12,,,,,,1,1,16,1,0,,0,0,3,0,11,0,,,,,0,0,2,3,1,10,73,,,0,,,,,,98,,,,,,98848,53,72,220,6,2,0,0,0,0,,0,,,,,,0,,,1,0,0,0,8,9,8,,,0,,,8,8,8,95,,,96,,,8,95,995,,,,,,,,,,,,,,,,,,,,,,,,,,,,,,0,0,0,0,0,0,0,0,0,0,0,0,0,0,0,0,0,0,0,0,1,0,1,0,1,0,0,0,0,1,0,0,0,0,0,,0,0,0,0,0,0,0,0,0,0,0,0,0,0,0,0,,,,,,16-17,16-25,County road,R,Monday,Belt Used,PV,Not Fatal,0,0,0,0,County Road,County Sheriff,Grant County Sheriff's Office,0,0,1,0,0,,,,,,0,0,0,,,,,,,,,,,98,98,98,0,,,,,20,,,,,,,,,1,0,,,9 NW,3.63,NULL,
2019,92,633966,6,03-17-2019,01:26,17,3,March,,25,Grant,0,1,0,2,1,2,1,0,1,1,,,,43,0,0,No vehicle,38.8,1,0,1,No intersection,4,1,1,3,0,0,0,0,SR-28,,-119.7476972,47.23448611,98848,0,1,6,Drive off road,12,2,60,4,0,0,1,2,1,3,1,2,1,14,Making a U turn,1,2,53,,0,98,734,9999,0,,12,63,59,,,,1,1,55,1,1,,4,7,20,7,11,0,07/26/2021,04:33,53036430,36430,0,0,0,1,1,0,,,,96,,,,,,98,,,,,,90003,6,68,160,6,1,0,0,0,0,,0,,,,,,0,,,20,1,9,0,1,9,8,,,0,,,8,8,8,95,,,96,,,8,95,995,,,,,,,,,,,,,,,,,,,,,,,,,,,,,,0,0,0,0,0,0,0,0,0,0,0,0,0,0,0,0,0,0,0,0,1,0,1,0,1,0,0,0,0,1,0,0,0,0,0,,0,0,0,0,0,0,0,0,0,0,0,0,0,0,0,0,,,,,,51-55,46-55,County road,R,Monday,,OTHVT,Hispanic,0,0,0,0,County Road,County Sheriff,Grant County Sheriff's Office,0,0,1,0,0,,,,,,0,0,0,,,,,,,,,,,0,0,0,98,,,,,17,,,,,,,,,1,0,,,9 NW,3.63,NULL,
2018,92,633208,4,03-30-2018,22:45,30,3,March,0,63,Spokane,0,1,0,2,1,2,1,0,1,1,22:53,23:07,23:25,1,0,0,No vehicle,77.9,1,0,1,No intersection,3,1,1,2,0,0,0,0,US-195,,-117.3851556,47.44017778,99213,0,1,1,Driver Off Road,13,2,60,34,0,0,1,7,1,3,2,2,1,14,Making a U turn,1,1,53,,0,73,706,2005,0,,12,,,,,,1,1,30,1,0,,3,0,20,7,11,4,,,,,0,0,0,3,1,0,,,,96,,,,,,98,,,,,,98372,53,71,170,6,1,0,1,1,0,,0,,,,,,0,12-15-2019,12-15-2019,20,8,0,0,8,9,8,,,0,,,8,8,8,95,,,96,,,8,95,995,,,,,,,,,,,,,,,,,,,,,,,,,,,,,,0,0,0,0,0,0,0,0,0,0,0,0,0,0,0,0,0,0,0,0,0,0,0,0,0,0,0,0,1,0,0,0,0,0,0,0,0,0,0,0,0,0,0,0,0,0,0,0,0,0,0,0,,,,,,26-30,26-35,City street,U,Tuesday,,MC,Not Fatal,0,0,0,0,City Street,Municipal/City Police,Tukwila Police Department,0,0,0,1,0,,,,,,0,0,0,,,,,,,,,,,0,0,0,0,,,,,5,,,,,,,,,1,0,,,,,,
2017,92,632466,25,03-25-2017,09:10,25,3,March,0,33,King,229,1,0,1,1,2,1,0,2,2,,,,12,0,2,Front-to-Front,0,1,0,1,No intersection,3,2,4,6,0,0,0,0,ALBAUM BLVD SW,,-122.3500278,47.48798889,98146,0,2,51,Lateral Move(Going Straight),62,4,35,62,0,0,1,2,12,3,2,5,5,14,Making a U turn,1,3,53,,0,76,706,2010,0,,12,63,42,,,,1,1,38,1,7,,4,0,20,7,11,4,08-04-2021,14:07,1.96E+11,39370,0,0,0,3,1,0,,,,96,,,,,,98,,,,,,98823,53,72,170,6,1,0,1,2,0,,0,,,,,,0,12-15-2018,03-15-2019,20,8,0,0,0,9,8,,,0,,,8,8,2,1,,,1,,,2,1,0,,,,,,,,,,,,,,,,,,,,,,,,,,,,,,0,0,0,0,0,0,0,0,0,0,0,0,0,0,0,0,0,0,0,0,0,0,0,0,0,0,0,0,1,0,0,0,0,0,1,0,0,0,0,0,0,0,0,0,0,0,0,0,0,0,0,0,,,,,,36-40,36-45,City street,U,Tuesday,,MC,White,0,0,0,0,City Street,Municipal/City Police,Tukwila Police Department,0,0,0,1,0,,,,,,0,0,0,,,,,,,,,,,0,0,0,1,,,,,5,,,,,,,,,1,0,,,,,,
2017,92,632465,25,03-25-2017,09:10,25,3,March,0,33,King,229,1,0,1,1,2,1,0,2,2,,,,12,0,2,Front-to-Front,0,1,0,1,No intersection,3,2,4,6,0,0,0,0,ALBAUM BLVD SW,,-122.3500278,47.48798889,98146,0,1,50,Lateral Move(Left/Right),10,2,35,4,0,0,1,2,12,2,2,5,5,6,Others,1,2,53,,0,37,421,2012,0,,12,,,,,,1,1,46,2,0,,0,0,3,0,11,0,,,,,0,0,3,3,1,0,,,,96,,,,,,98,,,,,,98032,53,64,188,6,1,0,0,0,0,,0,,,,,,0,,,8,0,0,0,8,9,8,,,0,,,8,8,0,0,,,0,,,0,0,996,,,,,,,,,,,,,,,,,,,,,,,,,,,,,,0,0,0,0,0,0,1,1,0,0,0,0,0,0,0,0,1,0,0,0,0,0,0,0,0,0,0,0,0,1,1,0,0,0,0,,0,0,0,0,0,0,0,0,0,0,0,0,0,0,0,0,,,,,,46-50,46-55,City street,U,Thursday,Belt Used,PV,Not Fatal,0,0,0,0,City Street,Municipal/City Police,Kent Police Department,0,0,0,1,0,,,,,,0,0,0,,,,,,,,,,,98,98,98,0,,,,,20,,,,,,,,,1,0,,,,,,
2021,93,635501,26,04-06-2021,17:11,6,4,April,,35,Kitsap,0,10,,1,1,2,1,2,1,1,,,,8,0,0,No vehicle,1.5,3,0,4,Y Intersection,4,2,2,4,0,3,0,0,CR-SUQUAMISH WAY NE,NE SOUTH ST,-122.5531694,47.72969167,98392,0,1,13,Pedestrian/Animal,80,5,20,20,0,0,1,5,8,1,2,2,1,1,Going Straight,1,1,53,,0,20,881,1996,0,,5,64,65,64,30,12,1,1,42,1,1,,4,7,99,7,11,0,06-10-2021,20:00,1.03E+11,29166,0,0,0,3,1,0,,,,92,,,,,,98,,,,,,98001,53,65,150,6,1,0,1,1,0,,0,,,,,,0,08-15-2018,08-15-2018,20,0,0,0,0,9,8,,,0,,,8,8,2,996,996,401,1,1,1,2,1,0,,,,,,,,,,,,,,,,,,,,,,,,,,,,,,0,0,0,0,0,0,1,1,0,0,0,0,0,0,0,0,1,0,0,0,0,0,0,0,0,0,0,0,0,1,1,0,0,0,0,,0,1,0,0,0,0,1,1,1,0,0,0,0,0,1,0,,,,,,41-45,36-45,City street,U,Thursday,,MHTRUCK,Hispanic,0,0,0,0,City Street,Municipal/City Police,Kent Police Department,0,0,0,1,0,,,,,,0,0,0,1,,,,,417,,,,,0,0,0,98,,,,,20,,,,,,,,,1,0,,,,,,
2020,93,634709,14,04-09-2020,19:41,9,4,April,,11,Clark,0,1,,5,1,2,1,0,2,2,19:41,19:42,,33,0,0,No vehicle,0.5,1,0,1,No intersection,5,2,2,4,0,0,0,0,CR-NE WARD RD,,-122.5175917,45.67845556,98682,0,2,98,Others,98,7,45,80,0,0,1,2,12,2,1,2,2,14,Making a U turn,1,1,53,,0,72,706,2020,0,,64,25,69,1,,,1,1,53,1,7,,4,7,20,7,11,0,07/29/2021,20:31,2.23E+11,37094,0,0,3,2,1,0,,,,96,,,,,,98,,,,,,98444,53,70,185,6,1,0,0,0,1,,0,,,,,,4,11-15-2019,11-15-2019,20,8,0,0,0,9,8,,,0,,,8,8,0,0,,,0,,,0,0,996,,,,,,,,,,,,,,,,,,,,,,,,,,,,,,0,0,1,0,0,0,0,0,0,0,0,0,1,0,1,0,0,0,0,0,0,0,0,0,0,0,0,0,1,0,0,0,0,0,1,1,0,0,0,0,0,0,0,0,0,1,0,0,0,0,0,0,,,,,,51-55,46-55,State route,U,Thursday,,MC,White,1,0,0,0,State Route,State Patrol,Washington State Patrol,0,1,0,0,0,,,,,,0,0,0,,,,,,,,,,,0,0,0,1,,,,,16,,,,,,,,,1,0,,,,,,
2020,93,634708,14,04-09-2020,19:41,9,4,April,,11,Clark,0,1,,5,1,2,1,0,2,2,19:41,19:42,,33,0,0,No vehicle,0.5,1,0,1,No intersection,5,2,2,4,0,0,0,0,CR-NE WARD RD,,-122.5175917,45.67845556,98682,0,1,6,Drive off road,9,1,45,80,0,0,1,2,42,2,1,2,2,14,Making a U turn,1,1,53,,0,35,48,2007,0,,68,1,64,38,42,,1,1,40,1,7,,4,7,3,0,11,0,07/23/2021,04:00,53037058,37058,0,0,3,3,1,58,,,,96,,,,,,98,,,,,,98584,53,73,180,6,1,0,0,0,1,,0,,,,,,3,05-15-2021,05-15-2021,20,0,0,0,0,9,8,,,0,,,8,8,2,1,,,1,,,2,1,0.197,,,,,,,,,,,,,,,,,,,,,,,,,,,,,,0,0,0,0,1,1,0,1,0,0,0,0,1,0,0,0,0,0,0,0,0,0,0,0,0,0,0,0,0,1,0,0,0,0,0,,1,0,0,0,0,1,0,1,0,1,0,0,0,1,0,1,,,,,,36-40,36-45,County road,U,Friday,Belt Used,PV,White,0,0,0,0,County Road,County Sheriff,Mason County Sheriff's Office,0,0,1,0,0,,,,,,0,0,0,,,,,,,,,,,98,98,98,1,,,,,20,,,,,,,,,1,0,,,JOHNS PRAIRIE RD,2.703,NULL,
2019,93,633969,7,03-14-2019,05:25,14,3,March,,33,King,1960,1,0,3,1,1,1,0,1,1,,,,25,0,0,No vehicle,167,1,0,1,No intersection,1,2,1,1,0,0,0,0,I-5,,-122.3276361,47.62828889,98102,0,1,6,Drive off road,6,1,60,80,0,0,1,7,25,3,2,4,3,14,Making a U turn,1,2,53,,0,49,46,2017,0,,8,,,,,,1,1,44,1,0,,0,0,3,0,11,0,,,,,0,0,0,3,1,0,,,,96,,,,,,98,,,,,,98002,53,67,122,6,1,0,1,1,0,,0,,,,,,0,05-15-2018,11-15-2019,20,0,0,0,8,9,8,,,0,,,8,8,0,0,,,0,,,0,0,996,,,,,,,,,,,,,,,,,,,,,,,,,,,,,,0,0,0,0,0,0,0,0,0,0,0,0,0,0,0,0,0,0,0,0,0,0,0,0,0,0,0,0,0,1,0,1,0,0,0,,0,0,0,0,0,0,0,0,0,0,0,0,0,0,0,0,,,,,,41-45,36-45,State route,U,Sunday,Belt Used,PV,Not Fatal,0,0,0,0,State Route,Municipal/City Police,Auburn Police Department,0,1,0,0,0,,,,,,0,0,0,,,,,,,,,,,98,98,98,0,,,,,20,,,,,,,,,1,0,,,,,,