year,something,Cases,repjur,crash_dt,crash_tm,accday,Month,Month,holiday,county,co_char,city,weather,weather2,lightcond,surfcond,surftype,Number of Fatalities,nmforms,pforms,vforms,not_tm,arr_tm,hosp_tm,fhevent,hitrun,Manner of Collision,Manner of Collision,milepnt,reljunc,reljuncinter,intersectiontype,Intersection Type,funcsystem,landuse,ownership,route,schlbus,spejur,contdev,devfunc,trafid1,trafid2,x,y,zipcode,wk_zone,vnumber,crashtype,Crash Type,criticalevent,criticaleventcat,spdlim,body,trailer,emerg,hazcargo,leave,mhevent,roadalgn,roadprof,traflane,trafflow,Vehicle Manure,Vehicle Manure,numoccs,regowner,regstate,,spuse,make,model,modelyr,vrf1,vrf2,seqevent1,seqevent2,seqevent3,seqevent4,seqevent5,seqevent6,pnumber,ptype,age,sex,hispanic,race,injury,diedscene,restraint,restraintmisuse,seatpos,takehosp,death_dt,death_tm,cert,cernum_wa,commlic,licendor,licrestrict,liccomp,drivpres,drf1,drf2,drf3,drf4,distract1,distract2,distract3,distract4,distract5,distract6,dricond1,dricond2,dricond3,dricond4,dricond5,dricond6,dzip,licstate,drhgt_in,weight,noncdl,noncdltype,prevdwi,prevoth,prevacc,prevspd,prevsus,driviol1,driviol2,driviol3,driviol4,driviol5,driviol6,spdrel,first_dt,last_dt,airbag,ejection,ejectpath,extricat,injurwrk,methalc,methdrug,nmlocat,strikveh,prf1,prf2,prf3,druginv,alcinvol,drugsts,drugres1,drugres2,drugres3,drugtst1,drugtst2,drugtst3,alcsts,alctst,alcres,nmact1,nmact2,nmact3,nmact4,nmact5,nmact6,nmprior1,nmprior2,nmprior3,nmprior4,nmprior5,nmprior6,nmcond1,nmcond2,nmcond3,nmcond4,nmcond5,nmcond6,nmsafe_helmet,nmsafe_pads,nmsafe_oth,nmprev_ref,nmprev_lgt,nmprev_oth,crashlocation,nmcrashtype,crosswalk,schoolzone,sidewalk,train_inv,wildlife_inv,rotr_fars,intersect_fars,Drink and Drive,aid_inv,Drug Positive Drivers,Impaired Drivers,Marijuana Positive,impnm_inv,ainm_inv,dpnm_inv,speed_inv,unlic_inv,unendmc_inv,drowsy_inv,drdist_inv,nmdist_inv,fty_inv,unrestfat_inv,dr1617_inv,dr1820_inv,dr1620_inv,dr2125_inv,dr1625_inv,dr65_inv,dr70_inv,dr75_inv,mc_inv,pv_inv,ht_inv,ped_inv,bike_inv,unrest_fat,mc_fat,unhelmet_mc,pv_fat,ht_fat,ped_fat,bike_fat,dr_alc7,dr_alc8,dr_drug,dr_imp,dr_dist,dr_spd,dr_fty,dr_unlic,dr_alc7only,dr_alc8only,dr_drugonly,dr_drink,nm_imp,nm_alc7,nm_alc8,nm_drug,nm_dist,agegrp1,agegrp2,roadclass,urbrur,dayweek,restuse,vehtype,race_me,intersect,lanedep,oppdir,wrongway,rep_typ,investag,repag_long,rotr,st_rd,cty_rd,city_rd,oth_rd,drug_thc,thc_res,drug_cthc,cthc_res,drug_cann,prevpersemin,prevperse,prevsusoth,drugtst4,drugtst5,drugtst6,drugtst7,drugtst8,drugres4,drugres5,drugres6,drugres7,drugres8,adspresent,adsengaged,adslevel,race1,race2,race3,race4,race5,helmet,helmetmisuse,nmdistract1,nmdistract2,nmdistract3,nmdistract4,nmdistract5,nmdistract6,lab,isedtcase,crf1,crf2,crf3,CoRoadName,CoMP,IntCoRoadName,IntCoMP
2018,93,633204,55,03-24-2018,07:11,24,3,March,0,33,King,100,4,0,4,4,2,1,0,3,1,,,,30,0,0,No vehicle,0,3,0,3,T Intersection,5,2,4,6,0,0,0,0,112TH AVE SE,SE 296TH ST,-122.1921528,47.33680833,98092,0,1,2,Control/Traction Loss,6,1,35,3,0,0,1,7,1,1,1,2,1,6,Others,3,2,53,,0,35,472,2000,0,,8,8,,,,,1,1,64,2,0,,0,0,3,0,11,0,,,,,0,0,0,2,1,10,,,,0,,,,,,98,,,,,,98037,53,61,125,1,1,0,0,1,0,,97,,,,,,0,04-15-2018,04-15-2018,20,0,0,0,8,9,8,,,0,,,8,8,8,95,,,96,,,8,95,995,,,,,,,,,,,,,,,,,,,,,,,,,,,,,,0,0,0,0,0,0,0,0,0,1,0,1,0,1,0,0,0,0,0,0,0,0,0,0,0,0,0,0,0,1,0,1,0,0,0,,0,0,0,0,0,0,0,0,0,0,0,1,0,0,0,0,,,,,,61-65,56-65,County road,R,Tuesday,Belt Used,PV,Not Fatal,0,0,0,0,County Road,County Sheriff,Snohomish County Sheriff's Office,0,0,1,0,0,,,,,,0,0,1,,,,,,,,,,,98,98,98,0,,,,,20,,,,,,,,,1,0,,,13TH AVE W,0.316,NULL,
2017,93,632464,1,03-27-2017,11:49,27,3,March,0,77,Yakima,0,1,0,1,1,2,1,1,1,1,11:44,11:47,12:05,15,0,0,No vehicle,3.3,1,0,1,No intersection,4,2,1,3,0,0,0,0,SR-823,,-120.520025,46.66756944,98942,0,1,13,Pedestrian/Animal,83,5,40,16,0,0,1,5,15,1,1,4,1,1,Going Straight,1,1,53,,0,12,481,1996,0,,9,,,,,,1,1,17,1,0,,0,0,3,0,11,0,,,,,0,0,3,3,1,0,,,,96,,,,,,98,,,,,,98902,53,76,300,6,2,0,0,0,0,,0,,,,,,0,,,20,0,0,0,8,3,2,,,0,,,8,8,2,1,,,1,,,2,1,0,,,,,,,,,,,,,,,,,,,,,,,,,,,,,,0,0,0,0,0,0,0,0,0,0,0,0,0,0,0,0,0,0,0,0,1,0,1,0,1,0,0,0,0,1,0,0,1,0,0,,0,0,0,0,0,0,0,0,0,0,0,0,0,0,0,0,,,,,,16-17,16-25,City street,U,Sunday,Belt Used,PV,Not Fatal,0,0,0,0,City Street,Municipal/City Police,Yakima Police Department,0,0,0,1,0,,,,,,0,0,0,,,,,,,,,,,0,0,0,0,,,,,20,,,,,,,,,1,0,,,,,,
2021,94,635504,39,04-02-2021,19:44,2,4,April,,61,Snohomish,0,1,,1,1,2,1,0,5,3,,,,12,0,2,Front-to-Front,0.9,1,0,1,No intersection,5,2,2,4,0,0,0,0,CR-NORTH RD,,-122.2368556,47.837575,98012,0,3,98,Others,98,7,35,14,0,0,1,5,54,3,2,3,3,14,Making a U turn,1,1,53,,0,7,482,2007,0,,12,,,,,,1,1,41,1,0,,0,0,3,0,11,0,,,,,0,0,0,3,1,0,,,,96,,,,,,98,,,,,,98249,53,74,205,6,1,0,0,0,0,,0,,,,,,0,,,20,0,0,0,8,9,8,,,0,,,8,8,8,95,,,96,,,8,95,995,,,,,,,,,,,,,,,,,,,,,,,,,,,,,,0,0,0,0,0,0,1,1,1,0,0,0,1,0,0,0,0,0,0,0,0,0,0,0,0,0,0,0,1,1,0,0,0,0,0,,0,0,0,0,0,0,0,0,0,0,0,0,0,0,0,0,,,,,,41-45,36-45,County road,R,Friday,Belt Used,PV,Not Fatal,0,0,0,0,County Road,State Patrol,Washington State Patrol,0,0,1,0,0,,,,,,0,0,0,,,,,,,,,,,98,98,98,0,,,,,20,,,,,,,,,1,0,,,ENGLE RD,0.87,NULL,
2021,94,635503,39,04-02-2021,19:44,2,4,April,,61,Snohomish,0,1,,1,1,2,1,0,5,3,,,,12,0,2,Front-to-Front,0.9,1,0,1,No intersection,5,2,2,4,0,0,0,0,CR-NORTH RD,,-122.2368556,47.837575,98012,0,2,51,Lateral Move(Going Straight),62,4,35,34,0,0,1,2,12,3,2,3,3,14,Making a U turn,1,1,53,,0,72,706,1992,0,,68,12,,,,,1,1,64,1,7,,4,0,20,7,11,5,07/30/2021,16:18,47053037516,37516,0,0,0,3,1,33,,,,96,,,,,,9,,,,,,98257,53,71,175,6,1,0,0,0,0,,0,,,,,,4,,,20,8,0,0,0,9,8,,,0,,,1,8,2,351,695,605,1,1,1,2,1,0,,,,,,,,,,,,,,,,,,,,,,,,,,,,,,0,0,0,0,0,0,1,1,1,0,0,0,1,0,0,0,0,0,0,0,0,0,0,0,0,0,0,0,1,1,0,0,0,0,1,0,0,0,0,0,0,0,1,1,0,1,0,0,0,0,1,0,,,,,,61-65,56-65,County road,R,Friday,,MC,White,0,0,0,0,County Road,State Patrol,Washington State Patrol,0,0,1,0,0,thc,6.7,carboxy-thc,12,,0,0,0,,,,,,,,,,,0,0,0,1,,,,,5,,,,,,,,nms,1,0,,,ENGLE RD,0.87,NULL,
2021,94,635502,39,04-02-2021,19:44,2,4,April,,61,Snohomish,0,1,,1,1,2,1,0,5,3,,,,12,0,2,Front-to-Front,0.9,1,0,1,No intersection,5,2,2,4,0,0,0,0,CR-NORTH RD,,-122.2368556,47.837575,98012,0,1,50,Lateral Move(Left/Right),10,2,35,4,0,0,1,2,12,2,2,3,3,6,Others,3,1,53,,0,73,705,2007,0,,68,64,38,,,,1,1,46,2,7,,4,7,20,7,11,0,08-02-2021,19:40,53038254,38254,0,0,0,2,1,0,,,,92,,,,,,9,,,,,,98328,53,65,141,6,1,0,0,0,2,,0,,,,,,0,08-15-2020,01-15-2020,20,8,0,0,0,9,8,,,0,,,1,8,2,401,417,,1,1,,2,1,0,,,,,,,,,,,,,,,,,,,,,,,,,,,,,,0,0,1,0,0,0,1,1,0,0,0,0,0,0,1,0,1,0,0,0,0,0,0,0,0,0,0,0,1,0,0,0,0,0,1,1,0,0,0,0,0,0,1,1,1,0,0,0,0,0,1,0,,,,,,46-50,46-55,County road,R,Monday,,MC,White,0,1,0,0,County Road,County Sheriff,Law Enforcement Support Agency,1,0,1,0,0,,,,,,0,0,0,,,,,,,,,,,0,0,0,1,,,,,17,,,,,,,,,1,0,,,LEBOR DEVORE RD E,0.39,NULL,
2020,94,634711,1,04-10-2020,19:30,10,4,April,,39,Klickitat,0,1,,1,1,2,1,0,6,1,19:31,20:15,20:57,39,0,0,No vehicle,72.5,1,0,1,No intersection,3,1,1,3,0,0,0,0,SR-14,,-121.3510417,45.70999167,98635,0,1,7,Control/Traction Loss,13,2,60,15,0,0,1,2,39,3,2,2,1,14,Making a U turn,6,1,53,,0,7,482,2017,0,,12,,,,,,1,1,54,1,0,,2,0,3,0,11,0,,,,,0,0,3,3,1,0,,,,96,,,,,,98,,,,,,83854,16,72,225,6,1,0,0,0,0,,0,,,,,,0,,,8,0,0,0,8,9,8,,,0,,,8,8,8,95,,,96,,,8,95,995,,,,,,,,,,,,,,,,,,,,,,,,,,,,,,0,0,0,1,0,0,0,0,0,0,0,0,0,0,0,0,0,0,1,1,0,0,0,0,0,0,0,0,0,1,0,0,0,0,0,,0,0,0,0,0,0,0,0,0,0,0,0,0,0,0,0,,,,,,51-55,46-55,City street,U,Monday,Belt Used,PV,Not Fatal,1,0,0,0,City Street,Municipal/City Police,Spokane Airport Police Department,0,0,0,1,0,,,,,,0,0,0,,,,,,,,,,,98,98,98,0,,,,,20,,,,,,,,,1,0,,,,,,
2019,94,633970,180,04-04-2019,09:03,4,4,April,,15,Cowlitz,1190,10,0,1,0,0,1,1,1,1,,,,8,0,0,No vehicle,0,4,0,1,No intersection,7,2,4,6,0,0,0,0,DELAWARE ST,16TH AVE,-122.9407972,46.13091667,98632,0,1,13,Pedestrian/Animal,80,5,0,14,0,0,1,5,8,0,0,0,0,11,Turning Red: Permitted on red,1,3,53,,0,7,499,1974,0,,12,,,,,,1,1,52,1,7,,4,0,20,7,11,0,08-02-2021,15:30,2.11E+11,37739,0,0,3,3,1,38,,,,96,,,,,,98,,,,,,99029,53,73,195,6,1,0,5,3,0,,0,,,,,,0,05-15-2017,09-15-2021,20,0,0,0,0,9,8,,,0,,,8,8,2,1,,,1,,,2,1,0,,,,,,,,,,,,,,,,,,,,,,,,,,,,,,0,0,0,1,0,0,0,0,0,0,0,0,0,0,0,0,0,0,1,1,0,0,0,0,0,0,0,0,0,1,0,0,0,1,0,,1,0,0,0,0,0,0,0,0,0,1,0,0,0,0,0,,,,,,51-55,46-55,City street,U,Monday,Not Used,PV,White,1,0,0,0,City Street,Municipal/City Police,Spokane Airport Police Department,0,0,0,1,0,,,,,,0,0,1,,,,,,,,,,,0,0,0,1,,,,,20,,,,,,,,,1,0,,,,,,
2018,94,633199,237,03-28-2018,21:02,28,3,March,0,31,Jefferson,1720,10,0,1,1,2,1,1,1,1,,,,9,0,0,No vehicle,0,2,0,2,4 Way,5,2,4,6,0,0,0,0,19TH ST,LANDES ST,-122.7826333,48.11375,98368,0,1,13,Pedestrian/Animal,83,5,25,4,0,0,1,7,9,1,2,2,1,10,Others,1,1,53,,0,35,401,2005,0,,8,,,,,,1,1,27,1,0,,0,0,3,0,11,0,,,,,0,0,0,3,1,0,,,,96,,,,,,98,,,,,,98844,53,68,160,6,1,0,1,0,0,,0,,,,,,0,02-15-2020,02-15-2020,20,0,0,0,8,9,8,,,0,,,8,8,0,0,,,0,,,0,0,996,,,,,,,,,,,,,,,,,,,,,,,,,,,,,,0,0,0,1,0,0,0,0,0,1,0,1,0,0,0,0,0,0,0,0,0,0,0,0,0,0,0,0,0,1,0,1,0,0,0,,0,0,0,0,0,0,0,0,0,0,0,0,0,0,0,0,,,,,,26-30,26-35,US highway,U,Thursday,Belt Used,PV,Not Fatal,1,0,0,0,State Route,State Patrol,Washington State Patrol,0,1,0,0,0,,,,,,0,0,1,,,,,,,,,,,98,98,98,0,,,,,20,,,,,,,,,1,0,,,,,,
2017,94,632467,5,03-27-2017,21:02,27,3,March,0,41,Lewis,0,2,0,2,2,2,1,0,1,1,21:20,21:51,23:05,24,0,0,No vehicle,88.9,1,0,1,No intersection,3,1,1,2,0,0,0,0,US-12,,-122.4403028,46.54231944,98564,0,1,1,Driver Off Road,13,2,55,80,0,0,1,2,24,3,1,2,1,14,Making a U turn,1,2,53,,0,7,482,2003,0,,12,,,,,,1,1,40,1,0,,0,0,3,0,11,0,,,,,0,0,3,3,1,0,,,,96,,,,,,98,,,,,,98226,53,65,180,6,1,0,0,0,0,,0,,,,,,0,,,20,0,0,0,8,9,8,,,0,,,8,8,8,95,,,96,,,8,95,995,,,,,,,,,,,,,,,,,,,,,,,,,,,,,,0,0,0,0,0,0,1,1,0,0,0,0,0,0,0,0,0,0,0,0,0,0,0,0,0,0,0,0,1,1,0,0,0,0,0,,0,0,0,0,0,0,0,0,0,0,0,0,0,0,0,0,,,,,,36-40,36-45,State route,U,Saturday,Belt Used,PV,Not Fatal,0,1,1,0,State Route,State Patrol,Washington State Patrol,0,1,0,0,0,,,,,,0,0,0,,,,,,,,,,,98,98,98,0,,,,,20,,,,,,,,,1,0,,,,,,
2019,95,633972,146,04-02-2019,19:05,2,4,April,,77,Yakima,0,1,0,5,1,2,1,0,3,2,,,,12,0,6,Angle,3.8,2,0,3,T Intersection,4,2,2,4,0,0,0,0,CR-AHTANUM RD,S 34TH AVE,-120.5546194,46.55791111,98903,0,2,83,Others,67,4,50,80,0,0,1,7,12,1,1,2,1,1,Going Straight,1,1,53,,0,72,706,2016,0,,68,12,,,,,1,1,59,1,7,,4,0,20,7,11,0,07/24/2021,21:24,11053036771,36771,6,0,0,3,1,28,,,,96,,,,,,98,,,,,,98252,53,69,200,6,1,0,2,1,3,,0,,,,,,0,08-15-2017,03-15-2020,20,8,0,0,0,9,8,,,0,,,8,8,2,348,401,417,1,1,1,2,1,0,,,,,,,,,,,,,,,,,,,,,,,,,,,,,,0,0,0,0,0,0,1,1,0,0,0,0,0,0,0,0,0,0,0,0,0,0,0,0,0,0,0,0,1,1,0,0,0,0,1,0,0,0,0,0,0,0,1,1,0,0,0,0,0,0,1,0,,,,,,56-60,56-65,State route,U,Saturday,,MC,White,0,1,1,0,State Route,State Patrol,Washington State Patrol,0,1,0,0,0,,,,,,0,0,2,,,,,,,,,,,0,0,0,1,,,,,5,,,,,,,,,1,0,,,,,,
2019,95,633971,146,04-02-2019,19:05,2,4,April,,77,Yakima,0,1,0,5,1,2,1,0,3,2,,,,12,0,6,Angle,3.8,2,0,3,T Intersection,4,2,2,4,0,0,20,3,CR-AHTANUM RD,S 34TH AVE,-120.5546194,46.55791111,98903,0,1,82,Turn Into Opp Direction(Turning Left),15,2,50,14,0,0,1,7,12,1,1,2,1,11,Turning Red: Permitted on red,2,1,53,,0,23,421,2005,0,,12,,,,,,1,1,74,1,0,,3,0,3,0,11,5,,,,,0,0,0,3,1,0,,,,96,,,,,,98,,,,,,98951,53,71,220,6,1,0,0,0,0,,0,,,,,,0,,,8,0,0,0,8,9,8,,,0,,,8,8,8,95,,,96,,,8,95,995,,,,,,,,,,,,,,,,,,,,,,,,,,,,,,0,0,0,0,1,1,0,1,0,0,0,0,0,1,0,0,1,0,0,0,0,0,0,0,0,1,1,0,0,1,0,0,0,0,0,,0,0,0,0,0,0,0,0,0,0,0,0,0,0,0,0,,,,,,71-75,66-75,County road,R,Thursday,Belt Used,PV,Not Fatal,0,1,1,0,County Road,County Sheriff,Yakima County Sheriff's Office,0,0,1,0,0,,,,,,0,0,0,,,,,,,,,,,98,98,98,0,,,,,20,,,,,,,,,1,0,,,YAKIMA VALLEY HIGHWAY,4.07,NULL,
2017,95,632469,4,03-28-2017,15:56,28,3,March,0,63,Spokane,0,2,0,1,2,2,1,0,4,2,15:23,15:36,16:26,12,0,6,Angle,185.8,2,0,2,4 Way,3,1,1,2,0,0,0,0,US-395,W DAHL RD,-117.4965444,47.96049167,99006,0,2,89,Others,66,4,60,5,0,0,1,2,12,8,8,3,1,1,Going Straight,3,1,53,,0,55,33,2002,0,,68,12,,,,,1,1,49,1,6,,4,7,3,0,11,0,07/29/2021,14:23,53036697,36697,0,0,0,0,1,28,,,,92,,,,,,98,,,,,,98901,53,66,190,0,0,0,1,0,0,,0,,,,,,0,07-15-2021,07-15-2021,8,0,0,1,0,9,8,,,0,,,8,8,2,1,,,1,,,2,1,0.13,,,,,,,,,,,,,,,,,,,,,,,,,,,,,,0,0,0,0,1,1,0,1,0,0,0,0,0,1,0,0,1,0,0,0,0,0,0,0,0,1,1,0,0,1,0,0,0,0,0,,1,0,0,0,0,1,0,1,1,0,0,1,0,1,0,1,,,,,,46-50,46-55,County road,R,Thursday,Belt Used,PV,Hispanic,0,1,1,0,County Road,County Sheriff,Yakima County Sheriff's Office,0,0,1,0,0,,,,,,0,0,0,,,,,,,,,,,98,98,98,98,,,,,20,,,,,,,,,1,0,,,YAKIMA VALLEY HIGHWAY,4.07,NULL,
2017,95,632468,4,03-28-2017,15:56,28,3,March,0,63,Spokane,0,2,0,1,2,2,1,0,4,2,15:23,15:36,16:26,12,0,6,Angle,185.8,2,0,2,4 Way,3,1,1,2,0,0,20,3,US-395,W DAHL RD,-117.4965444,47.96049167,99006,0,1,88,Striking from the Left,17,2,45,34,0,0,1,2,12,1,1,2,1,1,Going Straight,1,2,53,,0,30,441,1989,0,,12,,,,,,1,1,40,2,0,,0,0,3,0,11,0,,,,,0,0,3,3,1,0,,,,96,,,,,,98,,,,,,98105,53,63,140,6,1,0,0,0,0,,0,,,,,,0,,,20,0,0,0,8,3,2,,,0,,,8,8,0,0,,,0,,,0,0,996,,,,,,,,,,,,,,,,,,,,,,,,,,,,,,0,0,0,0,1,0,1,1,1,0,0,0,1,0,1,0,0,0,0,0,0,1,1,0,1,0,0,0,1,1,0,0,0,0,0,,0,0,0,0,0,0,0,0,0,0,0,0,0,0,0,0,,,,,,36-40,36-45,County road,R,Saturday,Belt Used,PV,Not Fatal,0,0,0,0,County Road,County Sheriff,King County Police,0,0,1,0,0,,,,,,0,0,0,,,,,,,,,,,0,0,0,0,,,,,20,,,,,,,,,1,0,,,VASHON HWY SW,4.015,NULL,
2020,95,634699,122,04-03-2020,23:44,3,4,April,,61,Snohomish,690,2,,3,2,2,1,1,1,1,,,,8,1,0,No vehicle,5.8,1,0,1,No intersection,3,2,1,3,0,0,0,0,SR-529,,-122.1856778,48.02389444,98201,0,1,13,Pedestrian/Animal,80,5,55,99,0,0,1,5,8,1,1,2,2,1,Going Straight,99,9,99,,0,73,705,2006,0,,12,,,,,,1,1,18,1,7,,4,7,20,7,11,0,07/31/2021,21:22,53038665,38665,0,0,0,2,1,0,,,,96,,,,,,98,,,,,,98070,53,63,150,6,2,0,0,0,0,,0,,,,,,4,,,20,8,0,0,0,9,8,,,0,,,8,8,2,695,605,,1,1,,2,1,0.04,,,,,,,,,,,,,,,,,,,,,,,,,,,,,,0,0,0,0,1,0,1,1,1,0,0,0,1,0,1,0,0,0,0,0,0,1,1,0,1,0,0,0,1,1,0,0,0,0,1,0,0,0,0,0,1,0,1,1,0,1,0,0,0,0,0,1,,,,,,18-20,16-25,County road,R,Saturday,,MC,White,0,0,0,0,County Road,County Sheriff,King County Police,0,0,1,0,0,thc,4.4,carboxy-thc,95,,0,0,0,,,,,,,,,,,0,0,0,1,,,,,5,,,,,,,,nms,1,0,,,VASHON HWY SW,4.015,NULL,
2021,96,3881451,263,03-24-2021,16:49,24,3,March,,33,King,1960,2,,1,2,2,1,1,1,1,,,,9,0,0,No vehicle,0,2,0,2,4 Way,7,2,4,6,0,0,3,3,CORSON AVE S,S Michigan St,-122.3214806,47.54750556,98108,0,1,13,Pedestrian/Animal,83,5,25,66,1,0,1,5,9,1,1,4,1,10,Others,1,3,53,,0,49,49,2006,0,,8,,,,,,1,1,63,1,0,,1,0,3,0,11,0,,,,,0,0,3,2,1,0,,,,96,,,,,,98,,,,,,98349,53,76,220,1,1,0,0,0,0,,0,,,,,,0,,,8,0,0,0,8,9,8,,,0,,,8,8,8,95,,,96,,,8,95,995,,,,,,,,,,,,,,,,,,,,,,,,,,,,,,0,0,0,1,0,0,0,0,0,0,0,0,0,1,0,0,0,0,0,0,0,0,0,0,0,0,0,0,0,1,0,1,0,0,0,,0,0,0,0,0,0,0,0,0,0,0,1,0,0,0,0,,,,,,61-65,56-65,County road,R,Wednesday,Belt Used,PV,Not Fatal,0,0,0,0,County Road,County Sheriff,Law Enforcement Support Agency,0,0,1,0,0,,,,,,0,0,0,,,,,,,,,,,98,98,98,0,,,,,20,,,,,,,,,1,0,,,WRIGHT BLISS RD NW,0.76,NULL,
2017,96,3659614,344,03-23-2017,07:20,23,3,March,0,77,Yakima,0,1,0,1,1,2,1,0,2,1,07:11,07:36,08:51,39,0,0,No vehicle,0,3,0,3,T Intersection,7,1,2,4,0,3,20,3,CR-SIGNAL PEAK,FT SIMCOE RD,-120.7328222,46.34646667,98952,0,1,14,Others,14,2,50,14,0,0,1,2,39,1,1,2,1,1,Going Straight,2,1,53,,0,73,734,2004,0,,68,64,42,,,,1,1,35,1,7,,4,7,20,7,11,0,07/24/2021,16:32,53038298,38298,0,0,0,1,1,0,,,,96,,,,,,98,,,,,,98023,53,66,180,6,1,0,0,0,0,,0,,,,,,4,,,20,1,9,0,0,9,8,,,0,,,8,8,2,1,,,1,,,2,1,0,,,,,,,,,,,,,,,,,,,,,,,,,,,,,,0,0,1,0,0,0,0,0,0,0,0,0,1,0,0,0,0,0,0,0,0,0,0,0,0,0,0,0,0,0,0,0,0,0,0,,0,0,0,0,0,0,0,0,0,1,0,0,0,0,0,0,,,,,,31-35,26-35,Other,R,Saturday,,OTHVT,White,0,1,0,0,Other,County Sheriff,Law Enforcement Support Agency,1,0,0,0,1,,,,,,0,0,0,,,,,,,,,,,0,0,0,1,,,,,19,,,,,,,,,1,0,,,,,,
2020,96,634710,39,04-13-2020,16:19,13,4,April,,61,Snohomish,0,1,,1,1,2,1,0,1,1,,,,18,0,0,No vehicle,3,1,0,1,No intersection,5,1,2,4,0,0,0,0,CR-PIONEER HWY,,-122.2536056,48.20647222,98292,0,1,1,Driver Off Road,13,2,50,80,0,0,1,2,1,3,1,2,1,14,Making a U turn,1,1,53,,0,41,51,2017,0,,12,,,,,,1,1,25,1,0,,1,0,3,0,11,0,,,,,6,0,0,3,1,0,,,,96,,,,,,98,,,,,,98467,53,63,165,6,1,0,1,1,1,,0,,,,,,0,07-15-2018,10-15-2020,8,0,0,0,8,9,8,,,0,,,8,8,8,95,,,96,,,8,95,995,,,,,,,,,,,,,,,,,,,,,,,,,,,,,,0,0,0,1,1,0,1,1,1,0,0,0,0,0,1,0,0,0,0,0,0,0,0,1,1,0,0,0,1,1,0,0,0,0,0,,0,0,0,0,0,0,0,0,0,0,0,0,0,0,0,0,,,,,,21-25,16-25,County road,U,Tuesday,Belt Used,PV,Not Fatal,1,0,0,0,County Road,County Sheriff,Law Enforcement Support Agency,0,0,1,0,0,,,,,,0,0,1,,,,,,,,,,,98,98,98,0,,,,,20,,,,,,,,,1,0,,,LAKEWOOD DR W,2.21,068 ST W,0
2019,96,633973,5,03-29-2019,20:46,29,3,March,,15,Cowlitz,0,1,0,2,2,2,1,0,2,1,,,,30,0,0,No vehicle,4.8,1,0,1,No intersection,4,2,1,3,0,0,0,0,SR-411,,-122.9062278,46.18788889,98626,0,1,1,Driver Off Road,13,2,35,2,0,0,1,2,30,1,1,2,1,1,Going Straight,2,1,53,,0,76,705,2003,0,,12,,,,,,1,1,46,1,7,,4,7,20,7,11,0,07/27/2021,20:26,53037787,37787,0,0,0,2,1,0,,,,96,,,,,,98,,,,,,98580,53,70,175,6,1,0,1,0,1,,0,,,,,,0,06-15-2017,07-15-2019,20,8,0,0,0,9,8,,,0,,,8,8,2,695,605,401,1,1,1,2,1,0.022,,,,,,,,,,,,,,,,,,,,,,,,,,,,,,0,0,0,1,1,0,1,1,1,0,0,0,0,0,1,0,0,0,0,0,0,0,0,1,1,0,0,0,1,1,0,0,0,0,1,0,0,0,0,0,1,0,1,1,0,0,0,0,0,0,0,1,,,,,,46-50,46-55,County road,U,Tuesday,,MC,API,1,0,0,0,County Road,County Sheriff,Law Enforcement Support Agency,0,0,1,0,0,thc,11,carboxy-thc,29,,0,0,1,1,,,,,417,,,,,0,0,0,6,,,,,19,,,,,,,,nms,1,0,,,LAKEWOOD DR W,2.21,068 ST W,0
2018,96,633202,35,04-06-2018,23:49,6,4,April,0,53,Pierce,0,1,0,3,1,2,1,0,2,2,23:49,00:01,,12,0,6,Angle,2.1,2,0,2,4 Way,4,2,2,4,0,0,0,0,CR-VICKERY AVE E,128TH ST E,-122.3784917,47.14024167,98446,0,2,87,Others,66,4,35,4,0,0,1,7,12,1,2,2,1,1,Going Straight,1,1,53,,0,72,706,2014,0,,63,1,,,,,1,1,70,2,,,4,0,20,7,11,0,,,,,0,0,3,3,1,0,,,,96,,,,,,98,,,,,,92114,6,71,175,6,1,0,0,0,0,,0,,,,,,0,,,20,8,0,0,,9,8,,,0,,,8,8,0,0,,,0,,,0,0,996,,,,,,,,,,,,,,,,,,,,,,,,,,,,,,0,0,1,1,0,0,0,0,0,0,0,0,0,0,0,0,0,0,0,0,0,0,0,0,0,1,1,0,1,0,0,0,0,0,1,0,0,0,0,0,0,0,0,0,0,0,0,0,0,0,0,0,,,,,,66-70,66-75,State route,R,Friday,,MC,Unknown,0,1,0,0,State Route,State Patrol,Washington State Patrol,1,1,0,0,0,,,,,,0,0,0,,,,,,,,,,,0,0,0,,,,,,5,,,,,,,,,1,0,,,,,,