year,something,Cases,repjur,crash_dt,crash_tm,accday,Month,Month,holiday,county,co_char,city,weather,weather2,lightcond,surfcond,surftype,Number of Fatalities,nmforms,pforms,vforms,not_tm,arr_tm,hosp_tm,fhevent,hitrun,Manner of Collision,Manner of Collision,milepnt,reljunc,reljuncinter,intersectiontype,Intersection Type,funcsystem,landuse,ownership,route,schlbus,spejur,contdev,devfunc,trafid1,trafid2,x,y,zipcode,wk_zone,vnumber,crashtype,Crash Type,criticalevent,criticaleventcat,spdlim,body,trailer,emerg,hazcargo,leave,mhevent,roadalgn,roadprof,traflane,trafflow,Vehicle Manure,Vehicle Manure,numoccs,regowner,regstate,,spuse,make,model,modelyr,vrf1,vrf2,seqevent1,seqevent2,seqevent3,seqevent4,seqevent5,seqevent6,pnumber,ptype,age,sex,hispanic,race,injury,diedscene,restraint,restraintmisuse,seatpos,takehosp,death_dt,death_tm,cert,cernum_wa,commlic,licendor,licrestrict,liccomp,drivpres,drf1,drf2,drf3,drf4,distract1,distract2,distract3,distract4,distract5,distract6,dricond1,dricond2,dricond3,dricond4,dricond5,dricond6,dzip,licstate,drhgt_in,weight,noncdl,noncdltype,prevdwi,prevoth,prevacc,prevspd,prevsus,driviol1,driviol2,driviol3,driviol4,driviol5,driviol6,spdrel,first_dt,last_dt,airbag,ejection,ejectpath,extricat,injurwrk,methalc,methdrug,nmlocat,strikveh,prf1,prf2,prf3,druginv,alcinvol,drugsts,drugres1,drugres2,drugres3,drugtst1,drugtst2,drugtst3,alcsts,alctst,alcres,nmact1,nmact2,nmact3,nmact4,nmact5,nmact6,nmprior1,nmprior2,nmprior3,nmprior4,nmprior5,nmprior6,nmcond1,nmcond2,nmcond3,nmcond4,nmcond5,nmcond6,nmsafe_helmet,nmsafe_pads,nmsafe_oth,nmprev_ref,nmprev_lgt,nmprev_oth,crashlocation,nmcrashtype,crosswalk,schoolzone,sidewalk,train_inv,wildlife_inv,rotr_fars,intersect_fars,Drink and Drive,aid_inv,Drug Positive Drivers,Impaired Drivers,Marijuana Positive,impnm_inv,ainm_inv,dpnm_inv,speed_inv,unlic_inv,unendmc_inv,drowsy_inv,drdist_inv,nmdist_inv,fty_inv,unrestfat_inv,dr1617_inv,dr1820_inv,dr1620_inv,dr2125_inv,dr1625_inv,dr65_inv,dr70_inv,dr75_inv,mc_inv,pv_inv,ht_inv,ped_inv,bike_inv,unrest_fat,mc_fat,unhelmet_mc,pv_fat,ht_fat,ped_fat,bike_fat,dr_alc7,dr_alc8,dr_drug,dr_imp,dr_dist,dr_spd,dr_fty,dr_unlic,dr_alc7only,dr_alc8only,dr_drugonly,dr_drink,nm_imp,nm_alc7,nm_alc8,nm_drug,nm_dist,agegrp1,agegrp2,roadclass,urbrur,dayweek,restuse,vehtype,race_me,intersect,lanedep,oppdir,wrongway,rep_typ,investag,repag_long,rotr,st_rd,cty_rd,city_rd,oth_rd,drug_thc,thc_res,drug_cthc,cthc_res,drug_cann,prevpersemin,prevperse,prevsusoth,drugtst4,drugtst5,drugtst6,drugtst7,drugtst8,drugres4,drugres5,drugres6,drugres7,drugres8,adspresent,adsengaged,adslevel,race1,race2,race3,race4,race5,helmet,helmetmisuse,nmdistract1,nmdistract2,nmdistract3,nmdistract4,nmdistract5,nmdistract6,lab,isedtcase,crf1,crf2,crf3,CoRoadName,CoMP,IntCoRoadName,IntCoMP
2018,96,633201,35,04-06-2018,23:49,6,4,April,0,53,Pierce,0,1,0,3,1,2,1,0,2,2,23:49,00:01,,12,0,6,Angle,2.1,2,0,2,4 Way,4,2,2,4,0,0,20,3,CR-VICKERY AVE E,128TH ST E,-122.3784917,47.14024167,98446,0,1,86,Others,17,2,35,14,0,0,1,7,12,1,1,2,1,6,Others,1,1,53,,0,12,422,2006,0,,12,,,,,,1,1,21,1,1,,4,0,20,7,11,5,06/24/2021,16:20,1.96E+11,32433,0,0,0,2,1,0,,,,96,,,,,,98,,,,,,98404,53,73,360,1,1,0,2,3,3,,0,,,,,,0,01-15-2019,06-15-2021,8,0,0,0,0,9,8,,,0,,,8,8,2,695,605,996,1,1,1,2,1,0,,,,,,,,,,,,,,,,,,,,,,,,,,,,,,0,0,0,1,0,0,1,1,1,0,0,0,0,1,0,0,0,0,0,1,0,0,0,1,1,0,0,0,0,1,0,0,0,1,0,,1,0,0,0,0,0,1,1,0,0,0,1,0,0,1,0,,,,,,21-25,16-25,City street,U,Wednesday,Not Used,PV,Hispanic,0,1,1,0,City Street,Municipal/City Police,SeaTac Police Department,0,0,0,1,0,,,,,,0,0,2,,,,,,,,,,,98,98,98,98,,,,,20,,,,,,,,,1,0,,,,,,
2021,97,635472,3,03-24-2021,12:47,24,3,March,,53,Pierce,0,10,,1,2,2,1,0,2,2,,,,12,0,2,Front-to-Front,19.9,3,0,3,T Intersection,3,2,1,3,0,0,0,0,SR-161,196TH ST E,-122.2940528,47.07763333,98338,0,2,69,Initial Opposite Direction(Going Straight),62,4,45,20,0,0,1,2,12,1,2,5,5,1,Going Straight,1,1,53,,0,23,421,1995,0,,68,12,,,,,1,1,42,1,7,,4,7,20,7,11,0,06/23/2021,22:10,1.96E+11,31023,0,0,3,2,1,28,,,,96,,,,,,98,,,,,,98032,53,71,222,1,1,0,1,2,0,,0,,,,,,0,08-15-2017,10-15-2020,1,0,0,0,0,9,8,,,0,,,8,8,2,702,605,401,1,1,1,2,1,0,,,,,,,,,,,,,,,,,,,,,,,,,,,,,,0,0,0,1,0,0,1,1,1,0,0,0,0,1,0,0,0,0,0,1,0,0,0,1,1,0,0,0,0,1,0,0,0,1,0,,1,0,0,0,0,0,1,1,0,0,0,1,0,0,1,0,,,,,,41-45,36-45,City street,U,Wednesday,Not Used,PV,Multiracial,0,1,1,0,City Street,Municipal/City Police,SeaTac Police Department,0,0,0,1,0,thc,14,carboxy-thc,46,,0,0,3,1,,,,,417,,,,,0,0,0,201,202,,,,20,,,,,,,,nms,1,0,,,,,,
2021,97,635471,3,03-24-2021,12:47,24,3,March,,53,Pierce,0,10,,1,2,2,1,0,2,2,,,,12,0,2,Front-to-Front,19.9,3,0,3,T Intersection,3,2,1,3,0,0,0,0,SR-161,196TH ST E,-122.2940528,47.07763333,98338,0,1,68,Initial Opposite Direction(Left/Right),15,2,45,34,0,0,1,2,12,1,2,5,5,11,Turning Red: Permitted on red,1,2,53,,0,23,421,1995,0,,68,12,,,,,1,1,42,1,7,,4,7,20,7,11,0,06/23/2021,22:10,1.96E+11,31023,0,0,3,2,1,28,,,,96,,,,,,98,,,,,,98032,53,71,222,1,1,0,1,2,0,,0,,,,,,0,08-15-2017,10-15-2020,1,0,0,0,0,9,8,,,0,,,8,8,2,702,605,401,1,1,1,2,1,0,,,,,,,,,,,,,,,,,,,,,,,,,,,,,,0,0,0,1,0,0,1,1,1,0,0,0,0,1,0,0,0,0,0,1,0,0,0,1,1,0,0,0,0,1,0,0,0,1,0,,1,0,0,0,0,0,1,1,0,0,0,1,0,0,1,0,,,,,,41-45,36-45,City street,U,Wednesday,Not Used,PV,Multiracial,0,1,1,0,City Street,Municipal/City Police,SeaTac Police Department,0,0,0,1,0,thc,888,carboxy-thc,46,,0,0,3,1,,,,,417,,,,,0,0,0,201,202,,,,20,,,,,,,,nms,1,0,,,,,,
2020,97,634712,7,04-10-2020,23:38,10,4,April,,33,King,980,1,,3,1,1,1,0,1,1,,,,25,0,0,No vehicle,16.2,1,0,1,No intersection,1,2,1,1,0,0,0,0,I-90,,-122.0220694,47.53170833,98029,0,1,1,Driver Off Road,13,2,60,80,0,0,1,2,25,3,2,3,3,14,Making a U turn,1,2,53,,0,82,881,2018,0,,63,69,1,,,,1,1,36,1,7,,4,7,20,7,11,0,07/26/2021,00:05,53036155,36155,6,1,0,3,1,0,,,,96,,,,,,98,,,,,,95991,6,68,210,6,1,0,1,0,1,,0,,,,,,4,12-15-2019,09-15-2019,20,1,2,0,1,9,8,,,0,,,8,8,2,401,417,,1,1,,2,1,0.111,,,,,,,,,,,,,,,,,,,,,,,,,,,,,,0,0,0,0,1,1,1,1,0,0,0,0,1,0,0,0,0,0,0,0,0,0,0,0,0,0,0,0,0,0,1,0,0,0,0,,0,1,0,0,0,1,1,1,0,1,0,0,0,0,0,1,,,,,,36-40,36-45,State route,R,Monday,,MHTRUCK,API,0,0,0,0,State Route,State Patrol,Washington State Patrol,0,1,0,0,0,,,,,,0,0,0,,,,,,,,,,,98,98,98,18,,,,,20,,,,,,,,,1,0,,,,,,
2019,97,633968,14,03-30-2019,00:25,30,3,March,,11,Clark,0,1,0,2,1,2,1,0,2,2,,,,12,0,1,Front-to-Rear,0.1,1,0,1,No intersection,5,2,2,4,0,0,0,0,CR-NW 99TH ST,,-122.684525,45.692875,98685,0,2,20,Others,50,3,98,34,0,0,1,7,1,1,2,2,1,1,Going Straight,1,1,53,,0,7,422,2005,0,,63,38,1,,,,1,1,22,2,7,,4,7,20,7,11,0,07/17/2021,19:34,53035158,35158,0,0,0,0,1,33,58,,,3,,,,,,8,,,,,,98092,53,62,200,3,7,1,4,1,4,,0,,,,,,4,11-15-2016,10-15-2019,8,1,9,0,0,9,8,,,0,,,8,8,2,695,605,,1,1,,2,1,0.205,,,,,,,,,,,,,,,,,,,,,,,,,,,,,,0,0,0,0,1,1,1,1,1,0,0,0,1,1,0,0,1,0,0,1,0,0,0,1,1,0,0,0,0,1,0,0,0,1,0,,1,0,0,0,0,1,1,1,1,1,0,1,0,0,0,1,,,,,,21-25,16-25,County road,R,Saturday,Not Used,PV,AIAN,0,1,0,0,County Road,County Sheriff,King County Police,1,0,1,0,0,thc,7.6,carboxy-thc,41,,0,1,2,,,,,,,,,,,98,98,98,3,,,,,20,,,,,,,,nms,1,0,,,LANDSBURG RD,5.793,NULL,
2019,97,633967,14,03-30-2019,00:25,30,3,March,,11,Clark,0,1,0,2,1,2,1,0,2,2,,,,12,0,1,Front-to-Rear,0.1,1,0,1,No intersection,5,2,2,4,0,0,0,0,CR-NW 99TH ST,,-122.684525,45.692875,98685,0,1,21,Others,98,7,98,34,0,0,1,7,12,1,1,2,1,5,Others,1,2,53,,0,49,40,2004,0,,63,8,,,,,1,1,15,2,0,,9,0,99,7,11,0,,,,,0,0,0,0,1,0,,,,96,,,,,,98,,,,,,98188,53,,999,0,0,0,0,0,0,,97,,,,,,0,,,99,9,0,0,8,9,8,,,0,,,8,8,0,0,,,0,,,0,0,996,,,,,,,,,,,,,,,,,,,,,,,,,,,,,,0,0,0,0,0,0,0,0,0,1,0,1,0,1,0,0,0,0,0,0,0,0,0,0,0,0,0,0,0,1,0,1,0,0,0,,0,0,0,0,0,0,0,0,0,0,0,1,0,0,0,0,,,,,,Oct-15,0-15,County road,U,Sunday,Unknown,PV,Not Fatal,0,0,0,0,County Road,County Sheriff,King County Police,0,0,1,0,0,,,,,,0,0,0,,,,,,,,,,,98,98,98,0,,,,,20,,,,,,,,,1,0,,,SE 216 WAY,0.815,NULL,
2018,97,633203,146,04-06-2018,21:00,6,4,April,0,77,Yakima,0,2,0,2,11,4,1,0,1,1,,,,1,0,0,No vehicle,1.9,1,0,1,No intersection,7,1,2,4,0,3,0,0,CR-HARRAH DRAIN RD,,-120.5654972,46.37314444,98933,0,1,6,Drive off road,12,2,50,34,0,0,1,7,3,1,1,2,1,1,Going Straight,1,1,53,,0,82,881,1999,0,,12,,,,,,1,1,33,1,0,,0,0,3,0,11,0,,,,,0,2,0,2,1,0,,,,96,,,,,,98,,,,,,99326,53,63,180,6,1,1,0,0,0,,0,,,,,,0,09-15-2020,09-15-2020,20,0,0,0,8,9,8,,,0,,,8,8,8,95,,,96,,,8,95,995,,,,,,,,,,,,,,,,,,,,,,,,,,,,,,0,0,0,1,0,0,0,0,0,0,0,0,0,1,0,0,0,0,1,1,0,0,0,0,0,0,0,0,0,1,1,0,0,0,0,,0,0,0,0,0,0,0,0,0,0,0,0,0,0,0,0,,,,,,31-35,26-35,State route,R,Thursday,,MHTRUCK,Not Fatal,1,0,0,0,State Route,State Patrol,Washington State Patrol,0,1,0,0,0,,,,,,0,0,0,,,,,,,,,,,0,0,0,0,,,,,20,,,,,,,,,1,0,,,,,,
2017,97,632459,7,03-17-2017,23:16,17,3,March,0,33,King,1958,2,0,2,2,2,1,0,10,3,,,,12,0,7,"Sideswipe,Same",150.1,1,0,1,No intersection,1,2,1,1,0,0,0,0,I-5,,-122.2916222,47.39523611,98089,0,3,98,Others,90,6,60,4,0,0,1,2,54,4,2,5,3,14,Making a U turn,2,2,53,,0,12,422,1998,0,,12,,,,,,1,1,27,1,7,,4,7,20,7,11,0,07/15/2021,06:22,53034343,34343,0,0,0,0,1,38,,,,96,,,,,,98,,,,,,99301,53,65,106,0,0,0,3,0,0,,0,,,,,,0,07-15-2017,07-15-2017,8,0,0,0,0,9,8,,,0,,,8,8,2,1,,,1,,,2,1,0,,,,,,,,,,,,,,,,,,,,,,,,,,,,,,0,0,0,1,0,0,0,0,0,0,0,0,0,1,0,0,0,0,1,1,0,0,0,0,0,0,0,0,0,1,1,0,0,1,0,,1,0,0,0,0,0,0,0,0,0,1,1,0,0,0,0,,,,,,26-30,26-35,State route,R,Thursday,Not Used,PV,White,1,0,0,0,State Route,State Patrol,Washington State Patrol,0,1,0,0,0,,,,,,0,0,0,,,,,,,,,,,0,0,0,1,,,,,20,,,,,,,,,1,0,,,,,,
2017,97,632458,7,03-17-2017,23:16,17,3,March,0,33,King,1958,2,0,2,2,2,1,0,10,3,,,,12,0,7,"Sideswipe,Same",150.1,1,0,1,No intersection,1,2,1,1,0,0,0,0,I-5,,-122.2916222,47.39523611,98089,0,2,45,Others,61,4,60,5,0,0,1,5,12,4,2,5,3,14,Making a U turn,4,1,53,,0,48,498,2021,0,,12,,,,,,1,1,58,2,0,,9,0,3,0,11,5,,,,,0,0,3,3,1,0,,,,96,,,,,,98,,,,,,98604,53,66,230,6,1,0,0,0,0,,0,,,,,,0,,,8,0,0,0,8,2,3,,,0,,,8,0,0,0,,,0,,,2,10,0,,,,,,,,,,,,,,,,,,,,,,,,,,,,,,0,0,0,0,0,0,0,0,0,0,0,0,0,0,0,0,1,0,0,0,1,0,1,0,1,0,0,0,0,1,1,0,0,0,0,,0,0,0,0,0,0,0,0,0,0,0,0,0,0,0,0,,,,,,56-60,56-65,State route,U,Monday,Belt Used,PV,Not Fatal,1,0,0,0,State Route,Municipal/City Police,Battleground Police Department,0,1,0,0,0,,,,,,0,0,0,,,,,,,,,,,98,98,98,0,,,,,20,,,,,,,,,1,0,,,,,,
2017,97,632457,7,03-17-2017,23:16,17,3,March,0,33,King,1958,2,0,2,2,2,1,0,10,3,,,,12,0,7,"Sideswipe,Same",150.1,1,0,1,No intersection,1,2,1,1,0,0,0,0,I-5,,-122.2916222,47.39523611,98089,0,1,46,Others,11,2,60,4,0,0,1,2,1,4,2,5,3,15,Others,4,2,53,,0,34,34,2016,0,,12,68,12,,,,1,1,17,2,0,,1,0,3,0,11,0,,,,,0,0,3,3,1,0,,,,96,,,,,,98,,,,,,98665,53,62,116,6,2,0,0,0,0,,0,,,,,,0,,,8,0,0,0,8,2,3,,,0,,,8,0,0,0,,,0,,,2,10,0,,,,,,,,,,,,,,,,,,,,,,,,,,,,,,0,0,0,0,0,0,0,0,0,0,0,0,0,0,0,0,1,0,0,0,1,0,1,0,1,0,0,0,0,1,1,0,0,0,0,,0,0,0,0,0,0,0,0,0,0,0,0,0,0,0,0,,,,,,16-17,16-25,State route,U,Monday,Belt Used,PV,Not Fatal,1,0,0,0,State Route,Municipal/City Police,Battleground Police Department,0,1,0,0,0,,,,,,0,0,0,,,,,,,,,,,98,98,98,0,,,,,20,,,,,,,,,1,0,,,,,,
2018,98,633206,5,04-07-2018,20:14,7,4,April,0,15,Cowlitz,0,2,0,2,2,2,1,0,8,3,,,,12,0,1,Front-to-Rear,43.1,1,0,1,No intersection,1,2,1,1,0,0,0,0,I-5,,-122.896225,46.188825,98626,0,2,98,Others,90,6,70,4,0,0,1,5,54,1,1,3,2,1,Going Straight,3,1,41,,0,85,881,2007,0,,12,,,,,,1,1,57,1,0,,0,0,3,0,11,0,,,,,6,3,0,3,1,0,,,,92,,,,,,98,,,,,,98329,53,72,250,6,1,0,0,0,0,,97,,,,,,0,,,20,0,0,0,8,2,3,,,0,,,8,0,0,0,,,0,,,2,10,0,,,,,,,,,,,,,,,,,,,,,,,,,,,,,,0,0,0,0,0,0,0,0,0,0,0,0,0,0,0,0,1,0,0,0,1,0,1,0,1,0,0,0,0,1,1,0,0,0,0,,0,0,0,0,0,0,0,0,1,0,0,0,0,0,0,0,,,,,,56-60,56-65,State route,U,Monday,,MHTRUCK,Not Fatal,1,0,0,0,State Route,Municipal/City Police,Battleground Police Department,0,1,0,0,0,,,,,,0,0,0,,,,,,,,,,,98,98,98,0,,,,,20,,,,,,,,,1,0,,,,,,
2021,98,635505,36,04-12-2021,02:29,12,4,April,,55,San Juan,0,1,,2,1,7,1,0,1,1,,,,1,0,0,No vehicle,,1,0,1,No intersection,6,1,2,4,0,0,0,0,CR-CROW VALLEY RD,,-122.9443444,48.67351944,98245,0,1,98,Others,13,2,35,80,0,0,1,2,1,3,2,2,1,14,Making a U turn,1,2,53,,0,7,482,2014,0,,12,,,,,,1,1,60,1,0,,0,0,3,0,11,0,,,,,6,0,0,3,1,0,,,,96,,,,,,98,,,,,,98444,53,73,185,6,1,0,3,0,1,,0,,,,,,0,06-15-2019,03-15-2021,20,0,0,0,8,9,8,,,0,,,8,8,8,95,,,96,,,8,95,995,,,,,,,,,,,,,,,,,,,,,,,,,,,,,,0,0,0,1,0,0,0,0,0,0,0,0,0,1,0,0,0,0,1,0,0,1,1,0,1,0,0,0,0,1,0,0,0,0,0,,0,0,0,0,0,0,0,0,0,0,0,0,0,0,0,0,,,,,,56-60,56-65,County road,U,Wednesday,Belt Used,PV,Not Fatal,1,0,0,0,County Road,County Sheriff,Law Enforcement Support Agency,0,0,1,0,0,,,,,,0,0,0,,,,,,,,,,,98,98,98,0,,,,,20,,,,,,,,,1,0,,,STEELE ST S,5.51,SALES RD S,1.14
2020,98,634714,19,04-09-2020,18:58,9,4,April,,21,Franklin,0,1,,1,1,2,1,0,2,2,19:00,19:06,,12,0,6,Angle,2,2,0,3,T Intersection,5,1,2,4,0,0,0,0,CR-GLADE N RD,CLARK RD,-119.1201917,46.30008056,99301,0,2,69,Initial Opposite Direction(Going Straight),62,4,55,80,0,0,1,2,12,1,1,2,2,1,Going Straight,1,1,53,,0,54,31,1990,0,,12,,,,,,1,1,20,1,0,,0,0,3,0,11,0,,,,,0,0,0,0,1,38,39,,,96,,,,,,98,,,,,,98444,53,71,135,0,0,1,5,0,0,,2,,,,,,0,04-15-2019,06-15-2021,20,0,0,0,8,9,8,,,0,,,8,8,8,95,,,96,,,8,95,995,,,,,,,,,,,,,,,,,,,,,,,,,,,,,,0,0,0,1,0,0,0,0,0,0,0,0,0,1,0,0,0,0,1,0,0,1,1,0,1,0,0,0,0,1,0,0,0,0,0,,0,0,0,0,0,0,0,0,0,0,1,1,0,0,0,0,,,,,,18-20,16-25,County road,U,Wednesday,Belt Used,PV,Not Fatal,1,0,0,0,County Road,County Sheriff,Law Enforcement Support Agency,0,0,1,0,0,,,,,,0,0,0,,,,,,,,,,,0,0,0,0,,,,,20,,,,,,,,,1,0,,,STEELE ST S,5.51,SALES RD S,1.14
2020,98,634713,19,04-09-2020,18:58,9,4,April,,21,Franklin,0,1,,1,1,2,1,0,2,2,19:00,19:06,,12,0,6,Angle,2,2,0,3,T Intersection,5,1,2,4,0,0,0,0,CR-GLADE N RD,CLARK RD,-119.1201917,46.30008056,99301,0,1,68,Initial Opposite Direction(Left/Right),15,2,55,4,0,0,1,2,12,1,1,3,1,11,Turning Red: Permitted on red,1,1,53,,0,72,706,2007,0,,64,25,,,,,1,1,56,1,7,,4,7,20,7,11,0,07/18/2021,18:07,2.23E+11,34882,0,0,3,2,1,0,,,,96,,,,,,9,,,,,,98391,53,68,160,1,1,0,1,1,1,,0,,,,,,0,02-15-2018,10-15-2020,20,8,0,0,0,9,8,,,0,,,8,1,2,996,401,417,1,1,1,2,1,0.176,,,,,,,,,,,,,,,,,,,,,,,,,,,,,,0,0,1,0,1,1,1,1,0,0,0,0,0,1,1,0,0,0,0,0,0,0,0,0,0,0,0,0,1,0,0,0,0,0,1,0,0,0,0,0,0,1,1,1,0,0,0,1,0,0,0,1,,,,,,56-60,56-65,Interstate,U,Sunday,,MC,White,0,1,0,0,State Route,State Patrol,Washington State Patrol,1,1,0,0,0,,,,,,0,1,1,,,,,,,,,,,0,0,0,1,,,,,5,,,,,,,,,1,0,,,,,,
2019,98,633974,14,03-29-2019,19:36,29,3,March,,11,Clark,240,10,0,1,1,2,1,0,1,1,,,,1,0,0,No vehicle,0,1,0,1,No intersection,7,2,4,6,0,0,0,0,NW LAKE RD,,-122.4163667,45.607425,98607,0,1,98,Others,13,2,35,80,0,0,1,7,1,3,2,2,1,14,Making a U turn,1,1,53,,0,12,481,2017,0,,12,,,,,,1,1,19,1,0,,0,0,3,0,11,0,,,,,0,0,0,3,1,0,,,,96,,,,,,98,,,,,,98903,53,74,175,6,1,0,0,0,0,,0,,,,,,0,,,20,0,0,0,8,9,2,,,0,,,8,8,0,0,,,0,,,0,0,996,,,,,,,,,,,,,,,,,,,,,,,,,,,,,,0,0,0,0,0,0,0,0,0,0,0,0,0,0,0,0,0,0,1,0,0,1,1,0,1,0,0,0,1,1,0,0,0,0,0,,0,0,0,0,0,0,0,0,0,0,0,0,0,0,0,0,,,,,,18-20,16-25,State route,R,Friday,Belt Used,PV,Not Fatal,0,0,0,0,State Route,State Patrol,Washington State Patrol,0,1,0,0,0,,,,,,0,0,0,,,,,,,,,,,98,98,98,0,,,,,20,,,,,,,,,1,0,,,,,,
2018,98,633207,5,04-07-2018,20:14,7,4,April,0,15,Cowlitz,0,2,0,2,2,2,1,0,8,3,,,,12,0,1,Front-to-Rear,43.1,1,0,1,No intersection,1,2,1,1,0,0,0,0,I-5,,-122.896225,46.188825,98626,0,3,24,Others,51,3,70,2,0,0,1,7,12,1,1,3,2,1,Going Straight,1,2,53,,0,72,706,2009,0,,12,,,,,,1,1,56,1,7,,4,7,20,7,11,0,07/23/2021,11:29,53036239,36239,0,0,0,3,1,38,,,,96,,,,,,98,,,,,,98277,53,71,260,6,1,0,0,0,0,,0,,,,,,0,,,20,8,0,0,0,9,8,,,0,,,8,8,2,1,,,1,,,2,1,0,,,,,,,,,,,,,,,,,,,,,,,,,,,,,,0,0,0,0,0,0,0,0,0,0,0,0,0,0,0,0,0,0,1,0,0,1,1,0,1,0,0,0,1,1,0,0,0,0,1,0,0,0,0,0,0,0,0,0,0,0,1,0,0,0,0,0,,,,,,56-60,56-65,State route,R,Friday,,MC,White,0,0,0,0,State Route,State Patrol,Washington State Patrol,0,1,0,0,0,,,,,,0,0,0,,,,,,,,,,,0,0,0,1,,,,,5,,,,,,,,,1,0,,,,,,
2018,98,633205,5,04-07-2018,20:14,7,4,April,0,15,Cowlitz,0,2,0,2,2,2,1,0,8,3,,,,12,0,1,Front-to-Rear,43.1,1,0,1,No intersection,1,2,1,1,0,0,0,0,I-5,,-122.896225,46.188825,98626,0,1,25,Others,53,3,70,34,0,0,1,7,1,1,1,3,2,1,Going Straight,4,2,53,,0,73,705,2007,0,,12,,,,,,1,1,62,1,7,,4,7,20,7,11,0,07/25/2021,17:20,53035962,35962,6,0,0,3,1,0,,,,96,,,,,,98,,,,,,98531,53,72,220,6,1,0,0,0,0,,0,,,,,,0,,,20,8,0,0,0,9,8,,,0,,,8,8,2,1,,,1,,,2,1,0,,,,,,,,,,,,,,,,,,,,,,,,,,,,,,0,0,0,1,0,0,0,0,0,0,0,0,0,0,0,0,0,0,1,0,0,0,0,0,0,1,0,0,1,1,0,0,0,0,1,0,0,0,0,0,0,0,0,0,0,0,0,0,0,0,0,0,,,,,,61-65,56-65,US highway,R,Sunday,,MC,White,1,0,0,0,State Route,State Patrol,Washington State Patrol,0,1,0,0,0,,,,,,0,0,0,,,,,,,,,,,0,0,0,1,,,,,5,,,,,,,,,1,0,,,,,,
2017,98,632470,282,03-17-2017,06:44,17,3,March,0,61,Snohomish,2140,1,0,3,1,2,1,1,1,1,,,,8,0,0,No vehicle,5.3,3,0,2,4 Way,4,2,1,3,0,0,3,3,SR-532,PIONEER HWY,-122.3442667,48.23989444,98292,0,1,13,Pedestrian/Animal,80,5,45,34,0,0,1,5,8,1,2,5,1,1,Going Straight,1,1,53,,0,20,4,2008,0,,12,,,,,,1,1,65,1,0,,2,0,3,0,11,0,,,,,0,0,0,3,1,38,,,,96,,,,,,98,,,,,,98532,53,70,250,6,1,0,1,1,0,,97,,,,,,0,04-15-2017,04-15-2017,20,0,0,0,8,9,2,,,0,,,8,8,0,0,,,0,,,0,0,996,,,,,,,,,,,,,,,,,,,,,,,,,,,,,,0,0,0,1,0,0,0,0,0,0,0,0,0,0,0,0,0,0,1,0,0,0,0,0,0,1,0,0,1,1,0,0,0,0,0,,0,0,0,0,0,0,0,0,0,0,1,0,0,0,0,0,,,,,,61-65,56-65,US highway,R,Sunday,Belt Used,PV,Not Fatal,1,0,0,0,State Route,State Patrol,Washington State Patrol,0,1,0,0,0,,,,,,0,0,0,,,,,,,,,,,98,98,98,0,,,,,20,,,,,,,,,1,0,,,,,,
2021,99,635507,197,04-10-2021,06:00,10,4,April,,61,Snohomish,1338,10,,4,2,2,1,0,2,2,,,,12,0,2,Front-to-Front,0,1,0,1,No intersection,4,2,4,6,0,0,0,0,35TH AVE SE,,-122.1855083,47.86498333,98012,0,2,51,Lateral Move(Going Straight),62,4,35,4,0,0,1,2,12,1,1,3,3,1,Going Straight,1,1,53,,0,72,706,2003,0,,1,12,,,,,1,1,52,1,7,,4,0,20,7,11,4,07/22/2021,16:26,2.23E+11,36601,0,0,0,3,1,0,,,,96,,,,,,98,,,,,,98332,53,71,290,6,1,0,0,0,0,,0,,,,,,0,,,20,8,0,0,0,9,8,,,0,,,8,8,8,95,,,96,,,8,95,995,,,,,,,,,,,,,,,,,,,,,,,,,,,,,,0,0,0,0,0,0,0,0,0,0,0,0,0,0,0,0,0,0,1,0,0,0,0,0,0,1,1,0,1,1,0,0,0,0,1,0,0,0,0,0,0,0,0,0,0,0,0,0,0,0,0,0,,,,,,51-55,46-55,County road,U,Thursday,,MC,White,1,0,0,0,County Road,County Sheriff,Kitsap County Sheriff's Office,0,0,1,0,0,,,,,,0,0,0,,,,,,,,,,,0,0,0,1,,,,,19,,,,,,,,,1,0,,,BETHEL BURLEY RD SE,0.67,OLYMPIC DR SE,0
2021,99,635506,197,04-10-2021,06:00,10,4,April,,61,Snohomish,1338,10,,4,2,2,1,0,2,2,,,,12,0,2,Front-to-Front,0,1,0,1,No intersection,4,2,4,6,0,0,0,0,35TH AVE SE,,-122.1855083,47.86498333,98012,0,1,50,Lateral Move(Left/Right),10,2,35,4,0,0,1,2,12,1,1,3,3,1,Going Straight,1,1,53,,0,2,403,2014,0,,12,,,,,,1,1,72,2,0,,0,0,3,0,11,0,,,,,0,0,0,3,1,38,,,,96,,,,,,98,,,,,,98366,53,61,152,6,1,0,0,0,0,,97,,,,,,0,,,20,0,0,0,8,9,8,,,0,,,8,8,2,1,,,1,,,2,1,0,,,,,,,,,,,,,,,,,,,,,,,,,,,,,,0,0,0,0,0,0,0,0,0,0,0,0,0,0,0,0,0,0,1,0,0,0,0,0,0,1,1,0,1,1,0,0,0,0,0,,0,0,0,0,0,0,0,0,0,0,1,0,0,0,0,0,,,,,,71-75,66-75,County road,U,Thursday,Belt Used,PV,Not Fatal,1,0,0,0,County Road,County Sheriff,Kitsap County Sheriff's Office,0,0,1,0,0,,,,,,0,0,0,,,,,,,,,,,98,98,98,0,,,,,20,,,,,,,,,1,0,,,BETHEL BURLEY RD SE,0.67,OLYMPIC DR SE,0