year,something,Cases,repjur,crash_dt,crash_tm,accday,Month,Month,holiday,county,co_char,city,weather,weather2,lightcond,surfcond,surftype,Number of Fatalities,nmforms,pforms,vforms,not_tm,arr_tm,hosp_tm,fhevent,hitrun,Manner of Collision,Manner of Collision,milepnt,reljunc,reljuncinter,intersectiontype,Intersection Type,funcsystem,landuse,ownership,route,schlbus,spejur,contdev,devfunc,trafid1,trafid2,x,y,zipcode,wk_zone,vnumber,crashtype,Crash Type,criticalevent,criticaleventcat,spdlim,body,trailer,emerg,hazcargo,leave,mhevent,roadalgn,roadprof,traflane,trafflow,Vehicle Manure,Vehicle Manure,numoccs,regowner,regstate,,spuse,make,model,modelyr,vrf1,vrf2,seqevent1,seqevent2,seqevent3,seqevent4,seqevent5,seqevent6,pnumber,ptype,age,sex,hispanic,race,injury,diedscene,restraint,restraintmisuse,seatpos,takehosp,death_dt,death_tm,cert,cernum_wa,commlic,licendor,licrestrict,liccomp,drivpres,drf1,drf2,drf3,drf4,distract1,distract2,distract3,distract4,distract5,distract6,dricond1,dricond2,dricond3,dricond4,dricond5,dricond6,dzip,licstate,drhgt_in,weight,noncdl,noncdltype,prevdwi,prevoth,prevacc,prevspd,prevsus,driviol1,driviol2,driviol3,driviol4,driviol5,driviol6,spdrel,first_dt,last_dt,airbag,ejection,ejectpath,extricat,injurwrk,methalc,methdrug,nmlocat,strikveh,prf1,prf2,prf3,druginv,alcinvol,drugsts,drugres1,drugres2,drugres3,drugtst1,drugtst2,drugtst3,alcsts,alctst,alcres,nmact1,nmact2,nmact3,nmact4,nmact5,nmact6,nmprior1,nmprior2,nmprior3,nmprior4,nmprior5,nmprior6,nmcond1,nmcond2,nmcond3,nmcond4,nmcond5,nmcond6,nmsafe_helmet,nmsafe_pads,nmsafe_oth,nmprev_ref,nmprev_lgt,nmprev_oth,crashlocation,nmcrashtype,crosswalk,schoolzone,sidewalk,train_inv,wildlife_inv,rotr_fars,intersect_fars,Drink and Drive,aid_inv,Drug Positive Drivers,Impaired Drivers,Marijuana Positive,impnm_inv,ainm_inv,dpnm_inv,speed_inv,unlic_inv,unendmc_inv,drowsy_inv,drdist_inv,nmdist_inv,fty_inv,unrestfat_inv,dr1617_inv,dr1820_inv,dr1620_inv,dr2125_inv,dr1625_inv,dr65_inv,dr70_inv,dr75_inv,mc_inv,pv_inv,ht_inv,ped_inv,bike_inv,unrest_fat,mc_fat,unhelmet_mc,pv_fat,ht_fat,ped_fat,bike_fat,dr_alc7,dr_alc8,dr_drug,dr_imp,dr_dist,dr_spd,dr_fty,dr_unlic,dr_alc7only,dr_alc8only,dr_drugonly,dr_drink,nm_imp,nm_alc7,nm_alc8,nm_drug,nm_dist,agegrp1,agegrp2,roadclass,urbrur,dayweek,restuse,vehtype,race_me,intersect,lanedep,oppdir,wrongway,rep_typ,investag,repag_long,rotr,st_rd,cty_rd,city_rd,oth_rd,drug_thc,thc_res,drug_cthc,cthc_res,drug_cann,prevpersemin,prevperse,prevsusoth,drugtst4,drugtst5,drugtst6,drugtst7,drugtst8,drugres4,drugres5,drugres6,drugres7,drugres8,adspresent,adsengaged,adslevel,race1,race2,race3,race4,race5,helmet,helmetmisuse,nmdistract1,nmdistract2,nmdistract3,nmdistract4,nmdistract5,nmdistract6,lab,isedtcase,crf1,crf2,crf3,CoRoadName,CoMP,IntCoRoadName,IntCoMP
2020,99,634718,2,04-17-2020,15:20,17,4,April,,61,Snohomish,0,1,,1,1,2,1,0,2,2,15:20,15:26,,12,0,6,Angle,31.4,2,0,3,T Intersection,5,1,1,3,0,0,0,0,SR-9,252ND ST NE,-122.1433083,48.22460556,98223,0,2,69,Initial Opposite Direction(Going Straight),62,4,50,80,0,0,1,2,12,1,1,3,1,1,Going Straight,1,1,53,,0,49,402,2003,0,,63,32,8,8,,,1,1,67,2,0,,2,0,3,0,11,0,,,,,6,0,0,3,1,0,,,,0,,,,,,1,,,,,,98258,53,69,270,6,1,0,0,0,0,,0,,,,,,0,,,1,0,0,0,8,9,2,,,0,,,8,8,2,996,996,189,1,1,1,2,1,0,,,,,,,,,,,,,,,,,,,,,,,,,,,,,,0,0,1,0,0,0,1,1,0,0,0,0,0,0,0,0,0,0,0,0,0,0,0,0,0,1,0,0,0,1,0,1,0,0,0,,0,0,0,0,0,0,1,1,0,0,0,0,0,0,1,0,,,,,,66-70,66-75,US highway,R,Monday,Belt Used,PV,Not Fatal,0,1,0,0,State Route,State Patrol,Washington State Patrol,1,1,0,0,0,,,,,,0,0,0,,,,,,,,,,,98,98,98,0,,,,,20,,,,,,,,,1,15,,,,,,
2020,99,634717,2,04-17-2020,15:20,17,4,April,,61,Snohomish,0,1,,1,1,2,1,0,2,2,15:20,15:26,,12,0,6,Angle,31.4,2,0,3,T Intersection,5,1,1,3,0,0,0,0,SR-9,252ND ST NE,-122.1433083,48.22460556,98223,0,1,68,Initial Opposite Direction(Left/Right),15,2,50,14,0,0,1,2,12,1,1,2,1,11,Turning Red: Permitted on red,1,2,53,,0,55,404,2020,0,,42,63,34,,,,1,1,77,2,0,,2,0,3,0,11,0,,,,,0,0,3,3,1,0,,,,96,,,,,,98,,,,,,98146,53,64,135,6,1,0,0,0,0,,0,,,,,,0,,,1,0,0,0,8,9,8,,,0,,,8,8,0,0,,,0,,,0,0,996,,,,,,,,,,,,,,,,,,,,,,,,,,,,,,0,0,0,0,0,0,0,0,0,0,0,0,0,0,0,0,0,0,0,0,0,0,0,0,0,1,1,1,0,1,0,0,0,0,0,,0,0,0,0,0,0,0,0,0,0,0,0,0,0,0,0,,,,,,76-80,76+,State route,R,Thursday,Belt Used,PV,Not Fatal,0,0,0,0,State Route,State Patrol,Washington State Patrol,0,1,0,0,0,,,,,,0,0,0,,,,,,,,,,,98,98,98,0,,,,,20,,,,,,,,,1,0,,,,,,
2019,99,633982,1,04-05-2019,23:35,5,4,April,,77,Yakima,0,1,0,3,1,2,1,1,8,4,,,,8,0,0,No vehicle,67.4,2,0,2,4 Way,4,2,1,2,0,3,3,3,US-97,S WAPATO RD,-120.4174583,46.43269722,98951,0,4,98,Others,80,5,55,34,0,0,1,5,8,1,1,5,1,1,Going Straight,2,1,53,,0,98,998,1995,0,,12,,,,,,1,1,63,1,0,,0,0,20,7,11,0,,,,,0,0,0,3,1,0,,,,96,,,,,,98,,,,,,98921,53,64,154,6,1,0,0,0,0,,0,,,,,,0,,,20,0,0,0,8,9,8,,,0,,,8,8,0,0,,,0,,,0,0,996,,,,,,,,,,,,,,,,,,,,,,,,,,,,,,0,0,0,0,1,1,1,1,0,0,0,0,0,0,0,0,1,0,0,0,0,0,0,0,0,0,0,0,0,1,0,0,0,0,0,,0,0,0,0,0,0,0,0,0,0,0,0,0,0,0,0,,,,,,61-65,56-65,County road,R,Tuesday,,OTHVT,Not Fatal,0,1,1,0,County Road,County Sheriff,Yakima County Sheriff's Office,0,0,1,0,0,,,,,,0,0,0,,,,,,,,,,,0,0,0,0,,,,,20,,,,,,,,,1,0,,,BUENA RD.,0.94,NULL,
2019,99,633981,1,04-05-2019,23:35,5,4,April,,77,Yakima,0,1,0,3,1,2,1,1,8,4,,,,8,0,0,No vehicle,67.4,2,0,2,4 Way,4,2,1,2,0,3,3,3,US-97,S WAPATO RD,-120.4174583,46.43269722,98951,0,3,98,Others,80,5,55,4,0,0,1,5,8,1,1,5,1,1,Going Straight,2,1,53,,0,20,37,2004,0,,68,12,,,,,1,1,40,1,0,,0,0,3,0,11,0,,,,,0,0,0,3,1,28,,,,92,,,,,,9,,,,,,98948,53,64,180,6,1,0,1,0,2,,97,,,,,,0,02-15-2019,04-15-2020,1,0,0,0,8,9,8,,,0,,,8,1,2,402,996,,1,1,,2,1,0.179,,,,,,,,,,,,,,,,,,,,,,,,,,,,,,0,0,0,0,1,1,1,1,0,0,0,0,0,0,0,0,1,0,0,0,0,0,0,0,0,0,0,0,0,1,0,0,0,0,0,,0,0,0,0,0,1,1,1,1,0,0,0,0,0,0,1,,,,,,36-40,36-45,County road,R,Tuesday,Belt Used,PV,Not Fatal,0,1,1,0,County Road,County Sheriff,Yakima County Sheriff's Office,0,0,1,0,0,,,,,,0,0,0,,,,,,,,,,,98,98,98,0,,,,,20,,,,,,,,,1,0,,,BUENA RD.,0.94,NULL,
2019,99,633980,1,04-05-2019,23:35,5,4,April,,77,Yakima,0,1,0,3,1,2,1,1,8,4,,,,8,0,0,No vehicle,67.4,2,0,2,4 Way,4,2,1,2,0,3,3,3,US-97,S WAPATO RD,-120.4174583,46.43269722,98951,0,2,98,Others,80,5,55,4,0,0,1,5,8,1,1,5,1,1,Going Straight,3,1,53,,0,49,43,2002,0,,64,69,63,52,,,1,1,34,1,7,,4,0,20,7,11,5,07/21/2021,23:57,30053037253,37253,0,0,0,0,1,58,,,,96,,,,,,98,,,,,,98596,53,71,175,0,0,0,0,0,2,,0,,,,,,0,03-15-2017,08-15-2021,20,0,0,0,0,9,8,,,0,,,8,8,2,996,401,417,1,1,1,2,1,0,,,,,,,,,,,,,,,,,,,,,,,,,,,,,,0,0,0,0,0,0,1,1,0,0,0,0,0,1,0,0,0,0,0,1,0,0,0,0,0,0,0,0,0,1,0,0,0,1,0,,1,0,0,0,0,0,1,1,0,0,0,1,0,0,1,0,,,,,,31-35,26-35,Interstate,U,Wednesday,Not Used,PV,White,0,1,0,0,State Route,State Patrol,Washington State Patrol,1,1,0,0,0,,,,,,0,0,3,,,,,,,,,,,98,98,98,1,,,,,20,,,,,,,,,1,0,,,,,,
2018,99,633209,35,04-07-2018,01:55,7,4,April,0,53,Pierce,0,10,0,2,2,2,1,0,2,1,,,,30,0,0,No vehicle,1.1,1,0,1,No intersection,4,2,2,4,0,0,0,0,CR-200TH ST E,,-122.2678056,47.07455,98338,0,1,1,Driver Off Road,13,2,40,67,0,0,1,5,30,1,1,2,1,1,Going Straight,2,1,53,,0,59,32,1991,0,,63,35,67,1,3,,1,1,21,2,7,,4,7,20,7,11,0,07/17/2021,07:36,53035261,35261,0,0,0,3,1,0,,,,96,,,,,,98,,,,,,98245,53,71,165,6,1,0,0,0,0,,0,,,,,,3,,,1,9,0,0,0,9,8,,,0,,,8,8,2,695,605,,1,1,,2,1,0.223,,,,,,,,,,,,,,,,,,,,,,,,,,,,,,0,0,1,0,1,1,1,1,1,0,0,0,1,0,0,0,0,0,0,1,0,0,0,1,1,0,0,0,0,1,0,0,0,1,0,,1,0,0,0,0,1,1,1,0,1,0,0,0,0,0,1,,,,,,21-25,16-25,County road,R,Saturday,Not Used,PV,White,0,1,0,0,County Road,County Sheriff,San Juan County Sheriff's Office,1,0,1,0,0,thc,4.8,carboxy-thc,9.7,,0,0,0,,,,,,,,,,,0,0,0,1,,,,,20,,,,,,,,nms,1,0,,,TERRILL BEACH RD,0.48,MT BAKER RD,0
2017,99,632475,5,03-30-2017,21:12,30,3,March,0,41,Lewis,0,1,0,2,1,2,1,0,2,1,21:09,21:18,21:52,1,0,0,No vehicle,3.3,1,0,1,No intersection,5,1,1,3,0,0,0,0,SR-508,,-122.8228806,46.57561944,98356,0,1,2,Control/Traction Loss,13,2,55,34,0,0,1,2,1,1,1,2,1,1,Going Straight,2,1,53,,0,49,40,1995,0,,12,,,,,,1,1,35,1,7,,4,0,3,0,11,5,07-12-2021,14:01,2.37E+11,35032,0,0,0,3,1,0,,,,96,,,,,,98,,,,,,98606,53,70,135,6,1,0,0,0,0,,0,,,,,,0,,,20,2,9,0,0,9,8,,,0,,,8,8,2,695,605,,1,1,,2,1,0,,,,,,,,,,,,,,,,,,,,,,,,,,,,,,0,0,0,1,1,1,1,1,1,0,0,0,1,1,0,0,0,0,0,0,0,1,1,0,1,0,0,0,0,1,0,0,0,0,0,,1,0,0,0,0,0,1,1,0,0,0,0,0,0,1,0,,,,,,31-35,26-35,County road,R,Sunday,Belt Used,PV,White,1,0,0,0,County Road,County Sheriff,Clark County Sheriff's Office,0,0,1,0,0,thc,1.6,carboxy-thc,12,,0,0,0,,,,,,,,,,,0,0,0,1,,,,,20,,,,,,,,nms,1,0,,,NE 159TH ST,2.31,NE 172ND AVE,0
2019,99,633979,1,04-05-2019,23:35,5,4,April,,77,Yakima,0,1,0,3,1,2,1,1,8,4,,,,8,1,0,No vehicle,67.4,2,0,2,4 Way,4,2,1,2,0,3,3,3,US-97,S WAPATO RD,-120.4174583,46.43269722,98951,0,1,13,Pedestrian/Animal,80,5,55,49,0,0,1,5,8,1,1,5,1,1,Going Straight,99,9,99,,0,20,23,2009,0,,12,,,,,,1,1,20,1,0,,3,0,3,0,11,5,,,,,0,0,3,2,1,0,,,,96,,,,,,9,,,,,,98604,53,69,130,1,1,2,1,0,2,,1,,,,,,3,10-15-2017,11-15-2020,1,0,0,0,8,9,2,,,0,,,8,1,2,1,,,1,,,2,1,0.15,,,,,,,,,,,,,,,,,,,,,,,,,,,,,,0,0,0,1,1,1,1,1,1,0,0,0,1,1,0,0,0,0,0,0,0,1,1,0,1,0,0,0,0,1,0,0,0,0,0,,0,0,0,0,0,1,0,1,0,1,0,1,0,1,0,1,,,,,,18-20,16-25,County road,R,Sunday,Belt Used,PV,Not Fatal,1,0,0,0,County Road,County Sheriff,Clark County Sheriff's Office,0,0,1,0,0,,,,,,0,1,6,,,,,,,,,,,98,98,98,0,,,,,20,,,,,,,,,1,0,,,NE 159TH ST,2.31,NE 172ND AVE,0
2021,100,635509,35,04-08-2021,12:15,8,4,April,,53,Pierce,0,1,,1,1,2,1,0,2,2,,,,12,0,2,Front-to-Front,7.4,1,0,1,No intersection,3,2,2,4,0,0,0,0,CR-CANYON RD E,,-122.3573667,47.14634167,98446,0,2,52,Others,54,3,45,66,1,0,1,2,12,1,1,6,1,1,Going Straight,1,3,53,,0,49,401,1998,0,,63,33,38,1,,,1,1,26,1,1,,4,0,20,7,11,5,07/15/2021,15:54,76353037616,37616,0,0,0,3,1,0,,,,92,,,,,,98,,,,,,98499,53,67,160,6,1,0,0,0,3,,0,,,,,,0,01-15-2016,12-15-2018,20,1,9,0,0,9,8,,,0,,,8,8,2,522,,,1,,,2,1,0,,,,,,,,,,,,,,,,,,,,,,,,,,,,,,0,0,1,1,0,0,1,1,0,0,0,0,0,0,0,0,1,0,0,1,0,0,0,0,0,0,0,0,0,1,0,0,0,1,0,,1,0,0,0,0,0,1,1,1,0,0,0,0,0,1,0,,,,,,26-30,26-35,City street,U,Thursday,Not Used,PV,Hispanic,0,1,0,0,City Street,Municipal/City Police,Lakewood Police Department,1,0,0,1,0,,,,,,0,0,0,,,,,,,,,,,0,0,0,1,,,,,20,,,,,,,,,1,0,,,,,,
2021,100,635508,35,04-08-2021,12:15,8,4,April,,53,Pierce,0,1,,1,1,2,1,0,2,2,,,,12,0,2,Front-to-Front,7.4,1,0,1,No intersection,3,2,2,4,0,0,0,0,CR-CANYON RD E,,-122.3573667,47.14634167,98446,0,1,52,Others,54,3,45,4,0,0,1,2,12,1,1,6,1,1,Going Straight,1,2,53,,0,49,40,2003,0,,63,8,14,,,,1,1,28,1,7,,4,7,20,7,11,0,07-08-2021,09:07,53033371,33371,0,0,3,3,1,0,,,,92,,,,,,98,,,,,,98837,53,75,310,6,1,0,2,0,0,,0,,,,,,0,06-15-2016,07-15-2021,1,0,0,0,0,9,8,,,0,,,8,8,0,0,,,0,,,0,0,996,,,,,,,,,,,,,,,,,,,,,,,,,,,,,,0,0,0,0,0,0,0,0,0,0,0,0,0,0,0,0,1,0,0,1,0,0,0,0,0,0,0,0,0,1,0,1,0,1,0,,1,0,0,0,0,0,0,0,1,0,0,0,0,0,0,0,,,,,,26-30,26-35,Interstate,U,Thursday,Not Used,PV,White,0,1,0,0,State Route,State Patrol,Washington State Patrol,1,1,0,0,0,,,,,,0,0,4,,,,,,,,,,,98,98,98,1,,,,,20,,,,,,,,,1,0,,,,,,
2020,100,634719,2,04-18-2020,16:04,18,4,April,,73,Whatcom,0,1,,1,1,2,1,0,1,1,16:03,16:24,,53,0,0,No vehicle,2,1,0,1,No intersection,5,1,2,4,0,0,0,0,CR-S PASS RD,,-122.27745,48.92021667,98247,0,1,6,Drive off road,9,1,50,80,0,0,1,2,30,1,1,2,1,6,Others,1,1,53,,0,48,38,2004,0,,63,1,,,,,1,1,18,1,1,,4,7,20,7,11,0,07/19/2021,14:00,1.66E+11,35187,0,0,3,3,1,0,,,,96,,,,,,9,,,,,,99301,53,68,170,6,2,0,0,0,0,,0,,,,,,4,,,20,1,9,0,0,9,8,,,0,,,1,8,2,695,605,,1,1,,2,1,0,,,,,,,,,,,,,,,,,,,,,,,,,,,,,,0,0,1,0,0,0,1,1,1,0,0,0,1,0,0,0,0,0,0,1,0,1,1,0,1,0,0,0,0,1,0,0,0,1,0,,1,0,0,0,0,0,1,1,0,1,0,0,0,0,1,0,,,,,,18-20,16-25,Interstate,U,Monday,Not Used,PV,Hispanic,0,1,0,0,State Route,State Patrol,Washington State Patrol,1,1,0,0,0,thc,50,carboxy-thc,120,,0,0,0,,,,,,,,,,,98,98,98,1,,,,,20,,,,,,,,nms,1,0,,,,,,
2019,100,633978,3,03-29-2019,12:34,29,3,March,,53,Pierce,2230,1,0,1,1,1,1,0,2,2,,,,12,0,1,Front-to-Rear,132.8,1,0,1,No intersection,1,2,1,1,0,0,0,0,I-5,,-122.4521861,47.23031111,98405,0,2,28,Others,52,3,60,4,0,0,1,5,12,1,1,3,3,2,Others,1,1,53,,0,49,403,2003,0,,12,8,,,,,1,1,74,1,0,,0,0,3,0,11,0,,,,,0,0,0,3,1,0,,,,96,,,,,,98,,,,,,98144,53,67,185,6,1,0,1,0,0,,0,,,,,,0,01-15-2020,01-15-2020,1,0,0,0,8,9,8,,,0,,,8,8,8,95,,,96,,,8,95,995,,,,,,,,,,,,,,,,,,,,,,,,,,,,,,0,0,0,0,0,0,0,0,0,0,0,0,0,0,0,0,0,0,0,0,0,0,0,0,0,1,1,0,0,1,0,1,0,0,0,,0,0,0,0,0,0,0,0,0,0,0,0,0,0,0,0,,,,,,71-75,66-75,State route,U,Sunday,Belt Used,PV,Not Fatal,0,1,0,0,State Route,State Patrol,Washington State Patrol,1,1,0,0,0,,,,,,0,0,0,,,,,,,,,,,98,98,98,0,,,,,20,,,,,,,,,1,19,,,,,,
2019,100,633977,3,03-29-2019,12:34,29,3,March,,53,Pierce,2230,1,0,1,1,1,1,0,2,2,,,,12,0,1,Front-to-Rear,132.8,1,0,1,No intersection,1,2,1,1,0,0,0,0,I-5,,-122.4521861,47.23031111,98405,0,1,29,Others,53,3,60,80,0,0,1,2,12,1,1,3,3,2,Others,1,1,53,,0,85,881,2015,0,,12,,,,,,1,1,64,1,0,,0,0,3,0,11,0,,,,,6,1,3,3,1,0,,,,0,,,,,,98,,,,,,98295,53,70,200,6,1,0,1,1,0,,0,,,,,,0,04-15-2020,11-15-2021,20,0,0,0,8,9,8,,,0,,,8,8,8,95,,,96,,,8,95,995,,,,,,,,,,,,,,,,,,,,,,,,,,,,,,0,0,0,1,0,0,1,1,0,0,0,0,0,0,0,0,1,0,0,1,0,0,0,0,0,0,0,0,0,1,1,0,0,0,0,,0,0,0,0,0,0,0,0,0,0,0,0,0,0,0,0,,,,,,61-65,56-65,State route,R,Monday,,MHTRUCK,Not Fatal,1,0,0,0,State Route,State Patrol,Washington State Patrol,0,1,0,0,0,,,,,,0,0,0,,,,,,,,,,,98,98,98,0,,,,,20,,,,,,,,,1,0,,,,,,
2018,100,633210,38,04-03-2018,23:08,3,4,April,0,59,Skamania,0,10,0,2,1,4,1,0,4,1,,,,1,0,0,No vehicle,0.5,1,0,1,No intersection,99,9,99,9,0,0,0,0,CG-2100,,-121.8931944,45.73241389,98648,0,1,98,Others,6,1,98,34,0,0,1,5,1,3,2,8,8,14,Making a U turn,4,1,53,,0,41,402,2004,0,,12,,,,,,1,1,56,1,7,,4,0,20,7,11,5,06/21/2021,09:11,58053030562,30562,6,0,0,3,1,0,,,,92,,,,,,98,,,,,,98508,53,72,205,6,1,0,0,0,0,,0,,,,,,0,,,8,0,0,0,0,9,8,,,0,,,8,8,2,522,401,417,1,1,1,2,1,0,,,,,,,,,,,,,,,,,,,,,,,,,,,,,,0,0,0,1,0,0,1,1,0,0,0,0,0,0,0,0,1,0,0,1,0,0,0,0,0,0,0,0,0,1,1,0,0,1,0,,1,0,0,0,0,0,1,1,1,0,0,0,0,0,1,0,,,,,,56-60,56-65,State route,R,Monday,Not Used,PV,White,1,0,0,0,State Route,State Patrol,Washington State Patrol,0,1,0,0,0,,,,,,0,0,0,,,,,,,,,,,98,98,98,1,,,,,20,,,,,,,,,1,0,,,,,,
2017,100,632498,289,03-18-2017,15:10,18,3,March,0,77,Yakima,2220,1,0,1,0,0,1,1,1,1,,,,8,0,0,No vehicle,0,1,0,1,No intersection,7,2,4,6,0,0,0,0,E LINCOLN AVE,,-119.9868806,46.31675556,98944,0,1,98,Others,80,5,0,34,0,0,1,5,8,0,0,0,0,1,Going Straight,1,1,53,,0,49,401,2015,0,,68,64,25,1,,,1,1,24,2,0,,0,0,3,0,11,0,,,,,0,0,0,3,1,0,,,,96,,,,,,98,,,,,,98520,53,62,165,6,1,0,0,1,2,,97,,,,,,2,06-15-2016,09-15-2020,1,0,0,0,8,9,8,,,0,,,8,8,2,1,,,1,,,2,1,0.16,,,,,,,,,,,,,,,,,,,,,,,,,,,,,,0,0,1,1,1,1,0,1,0,0,0,0,1,0,0,0,0,0,0,0,0,0,0,1,1,0,0,0,0,1,0,0,0,0,0,,0,0,0,0,0,1,0,1,0,1,0,0,0,1,0,1,,,,,,21-25,16-25,US highway,U,Saturday,Belt Used,PV,Not Fatal,0,1,0,0,State Route,Municipal/City Police,Aberdeen Police Department,1,1,0,0,0,,,,,,0,0,0,,,,,,,,,,,98,98,98,0,,,,,20,,,,,,,,,1,0,,,,,,
2021,101,635510,122,03-26-2021,23:02,26,3,March,,61,Snohomish,690,10,,2,1,2,1,0,1,1,,,,24,0,0,No vehicle,0,1,0,1,No intersection,7,2,4,6,0,0,0,0,LOWELL SNOHOMISH RIVER RD,,-122.1778806,47.94620556,98296,0,1,1,Driver Off Road,13,2,30,80,0,0,1,2,24,3,1,2,1,14,Making a U turn,1,2,53,,0,20,481,2005,0,,12,,,,,,1,1,51,1,0,,0,0,3,0,11,0,,,,,0,0,3,3,1,0,,,,96,,,,,,98,,,,,,98034,53,73,185,6,1,0,0,0,0,,0,,,,,,0,,,20,0,0,0,8,9,8,,,0,,,8,8,2,1,,,1,,,2,1,0,,,,,,,,,,,,,,,,,,,,,,,,,,,,,,0,0,0,0,1,1,0,1,0,0,0,0,1,0,0,0,0,0,0,0,0,0,0,0,0,0,0,0,1,1,0,0,0,0,0,,0,0,0,0,0,0,0,0,0,0,0,0,0,0,0,0,,,,,,51-55,46-55,Interstate,U,Sunday,Belt Used,PV,Not Fatal,0,1,0,0,State Route,State Patrol,Washington State Patrol,1,1,0,0,0,,,,,,0,0,0,,,,,,,,,,,98,98,98,0,,,,,20,,,,,,,,,1,0,,,,,,
2020,101,634720,27,04-14-2020,11:06,14,4,April,,37,Kittitas,0,1,,1,1,2,1,0,1,1,,,,1,0,0,No vehicle,0.5,1,0,1,No intersection,6,1,2,4,0,0,0,0,CR-MIDDLE FORK TEANAWAY RD,,-120.8980556,47.26537778,98922,0,1,1,Driver Off Road,13,2,50,34,0,0,1,2,42,2,1,2,1,14,Making a U turn,1,1,53,,0,73,706,2007,0,,64,1,12,,,,1,1,51,1,7,,4,7,20,7,11,0,07-04-2021,18:34,1.83E+11,36259,0,0,0,3,1,0,,,,96,,,,,,9,,,,,,98011,53,70,175,6,1,0,2,1,0,,0,,,,,,4,04-15-2016,10-15-2018,20,8,0,0,0,1,8,,,0,,,8,1,2,1,,,1,,,2,1,0.168,,,,,,,,,,,,,,,,,,,,,,,,,,,,,,0,0,0,0,1,1,0,1,0,0,0,0,1,0,0,0,0,0,0,0,0,0,0,0,0,0,0,0,1,1,0,0,0,0,1,0,0,0,0,0,0,1,0,1,0,1,0,0,0,1,0,1,,,,,,51-55,46-55,Interstate,U,Sunday,,MC,White,0,1,0,0,State Route,State Patrol,Washington State Patrol,1,1,0,0,0,,,,,,0,0,0,,,,,,,,,,,0,0,0,1,,,,,5,,,,,,,,,1,0,,,,,,
2019,101,633838,3,01-27-2019,17:35,27,1,Jan,,67,Thurston,0,1,0,2,1,2,1,1,3,1,,,,8,1,0,No vehicle,357.5,1,0,1,No intersection,3,1,1,2,0,0,0,0,US-101,,-123.0362417,47.08515278,98502,0,1,13,Pedestrian/Animal,80,5,60,20,0,0,1,7,8,3,1,2,3,14,Making a U turn,3,2,53,,0,82,881,2007,0,,68,12,,,,,1,1,38,1,0,,2,0,3,0,11,0,,,,,0,0,0,3,1,95,,,,96,,,,,,98,,,,,,99016,53,73,280,6,1,0,0,0,0,,0,,,,,,0,,,20,0,0,0,8,9,8,,,0,,,8,8,0,0,,,0,,,0,0,996,,,,,,,,,,,,,,,,,,,,,,,,,,,,,,0,0,0,0,0,0,0,0,0,0,0,0,0,1,0,0,1,0,0,1,1,0,1,0,1,0,0,0,0,1,1,0,0,0,0,,0,0,0,0,0,0,0,0,0,0,0,0,0,0,0,0,,,,,,36-40,36-45,US highway,U,Monday,,MHTRUCK,Not Fatal,0,1,1,0,State Route,State Patrol,Washington State Patrol,0,1,0,0,0,,,,,,0,0,0,,,,,,,,,,,98,98,98,0,,,,,20,,,,,,,,,1,0,,,,,,
2018,101,633219,4,04-14-2018,06:46,14,4,April,0,63,Spokane,0,10,0,1,1,2,1,0,5,2,06:45,07:04,08:00,12,0,6,Angle,263.1,2,0,2,4 Way,3,1,1,2,0,0,0,0,US-2,WOOD RD,-117.7333806,47.64348056,99022,0,2,86,Others,66,4,60,34,0,0,1,2,12,8,8,3,1,1,Going Straight,1,1,53,,0,52,34,2003,0,,68,12,,,,,1,1,17,1,7,,4,7,3,0,11,0,06-07-2021,16:22,53027830,27830,0,0,0,2,1,28,,,,92,,,,,,98,,,,,,99167,53,,999,1,2,0,2,1,0,,0,,,,,,0,07-15-2020,06-15-2020,99,0,0,0,0,9,8,,,0,,,8,8,0,0,,,0,,,0,0,996,,,,,,,,,,,,,,,,,,,,,,,,,,,,,,0,0,0,0,0,0,0,0,0,0,0,0,0,1,0,0,1,0,0,1,1,0,1,0,1,0,0,0,0,1,1,0,0,0,0,,1,0,0,0,0,0,0,0,1,0,0,1,0,0,0,0,,,,,,16-17,16-25,US highway,U,Monday,Belt Used,PV,White,0,1,1,0,State Route,State Patrol,Washington State Patrol,0,1,0,0,0,,,,,,0,0,2,,,,,,,,,,,98,98,98,1,,,,,20,,,,,,,,,1,0,,,,,,
2018,101,633218,4,04-14-2018,06:46,14,4,April,0,63,Spokane,0,10,0,1,1,2,1,0,5,2,06:45,07:04,08:00,12,0,6,Angle,263.1,2,0,2,4 Way,3,1,1,2,0,0,20,3,US-2,WOOD RD,-117.7333806,47.64348056,99022,0,1,87,Others,17,2,45,14,0,0,1,2,12,1,1,2,1,1,Going Straight,4,2,53,,0,41,402,2002,0,,63,69,68,64,42,,1,1,54,2,7,,4,7,20,7,11,0,07-05-2021,02:30,53033233,33233,0,0,0,3,1,58,,,,96,,,,,,9,,,,,,98326,53,68,160,6,1,0,0,0,2,,0,,,,,,0,01-15-2017,03-15-2019,1,0,0,0,0,9,8,,,0,,,1,8,2,177,124,996,1,1,1,2,1,0,,,,,,,,,,,,,,,,,,,,,,,,,,,,,,0,0,1,0,0,0,1,1,1,0,0,0,0,0,0,0,0,0,0,1,0,0,0,0,0,0,0,0,0,1,0,0,0,1,0,,1,0,0,0,0,0,1,1,0,0,0,0,0,0,1,0,,,,,,51-55,46-55,County road,R,Monday,Not Used,PV,AIAN,0,1,0,0,County Road,County Sheriff,Clallam County Sheriff's Office,1,0,1,0,0,thc,1.8,,,,0,0,1,1,1,1,,,605,151,996,,,98,98,98,3,,,,,20,,,,,,,,nms,1,0,,,HOKO OZETTE RD.,15.32,NULL,