year,something,Cases,repjur,crash_dt,crash_tm,accday,Month,Month,holiday,county,co_char,city,weather,weather2,lightcond,surfcond,surftype,Number of Fatalities,nmforms,pforms,vforms,not_tm,arr_tm,hosp_tm,fhevent,hitrun,Manner of Collision,Manner of Collision,milepnt,reljunc,reljuncinter,intersectiontype,Intersection Type,funcsystem,landuse,ownership,route,schlbus,spejur,contdev,devfunc,trafid1,trafid2,x,y,zipcode,wk_zone,vnumber,crashtype,Crash Type,criticalevent,criticaleventcat,spdlim,body,trailer,emerg,hazcargo,leave,mhevent,roadalgn,roadprof,traflane,trafflow,Vehicle Manure,Vehicle Manure,numoccs,regowner,regstate,,spuse,make,model,modelyr,vrf1,vrf2,seqevent1,seqevent2,seqevent3,seqevent4,seqevent5,seqevent6,pnumber,ptype,age,sex,hispanic,race,injury,diedscene,restraint,restraintmisuse,seatpos,takehosp,death_dt,death_tm,cert,cernum_wa,commlic,licendor,licrestrict,liccomp,drivpres,drf1,drf2,drf3,drf4,distract1,distract2,distract3,distract4,distract5,distract6,dricond1,dricond2,dricond3,dricond4,dricond5,dricond6,dzip,licstate,drhgt_in,weight,noncdl,noncdltype,prevdwi,prevoth,prevacc,prevspd,prevsus,driviol1,driviol2,driviol3,driviol4,driviol5,driviol6,spdrel,first_dt,last_dt,airbag,ejection,ejectpath,extricat,injurwrk,methalc,methdrug,nmlocat,strikveh,prf1,prf2,prf3,druginv,alcinvol,drugsts,drugres1,drugres2,drugres3,drugtst1,drugtst2,drugtst3,alcsts,alctst,alcres,nmact1,nmact2,nmact3,nmact4,nmact5,nmact6,nmprior1,nmprior2,nmprior3,nmprior4,nmprior5,nmprior6,nmcond1,nmcond2,nmcond3,nmcond4,nmcond5,nmcond6,nmsafe_helmet,nmsafe_pads,nmsafe_oth,nmprev_ref,nmprev_lgt,nmprev_oth,crashlocation,nmcrashtype,crosswalk,schoolzone,sidewalk,train_inv,wildlife_inv,rotr_fars,intersect_fars,Drink and Drive,aid_inv,Drug Positive Drivers,Impaired Drivers,Marijuana Positive,impnm_inv,ainm_inv,dpnm_inv,speed_inv,unlic_inv,unendmc_inv,drowsy_inv,drdist_inv,nmdist_inv,fty_inv,unrestfat_inv,dr1617_inv,dr1820_inv,dr1620_inv,dr2125_inv,dr1625_inv,dr65_inv,dr70_inv,dr75_inv,mc_inv,pv_inv,ht_inv,ped_inv,bike_inv,unrest_fat,mc_fat,unhelmet_mc,pv_fat,ht_fat,ped_fat,bike_fat,dr_alc7,dr_alc8,dr_drug,dr_imp,dr_dist,dr_spd,dr_fty,dr_unlic,dr_alc7only,dr_alc8only,dr_drugonly,dr_drink,nm_imp,nm_alc7,nm_alc8,nm_drug,nm_dist,agegrp1,agegrp2,roadclass,urbrur,dayweek,restuse,vehtype,race_me,intersect,lanedep,oppdir,wrongway,rep_typ,investag,repag_long,rotr,st_rd,cty_rd,city_rd,oth_rd,drug_thc,thc_res,drug_cthc,cthc_res,drug_cann,prevpersemin,prevperse,prevsusoth,drugtst4,drugtst5,drugtst6,drugtst7,drugtst8,drugres4,drugres5,drugres6,drugres7,drugres8,adspresent,adsengaged,adslevel,race1,race2,race3,race4,race5,helmet,helmetmisuse,nmdistract1,nmdistract2,nmdistract3,nmdistract4,nmdistract5,nmdistract6,lab,isedtcase,crf1,crf2,crf3,CoRoadName,CoMP,IntCoRoadName,IntCoMP
2017,101,632483,2,04-07-2017,00:01,7,4,April,0,73,Whatcom,0,1,0,2,1,1,2,0,2,1,,,,42,0,0,No vehicle,2.5,1,0,1,No intersection,7,2,2,4,0,0,0,0,CR-OLD GUIDE RD,,-122.4968556,48.89171667,98264,0,1,6,Drive off road,12,2,35,4,0,0,1,2,42,1,1,2,1,1,Going Straight,2,1,53,,0,55,36,2017,0,,12,,,,,,1,1,50,1,0,,0,0,3,0,11,0,,,,,0,0,0,3,1,0,,,,96,,,,,,98,,,,,,98144,53,66,137,6,1,0,0,0,0,,0,,,,,,0,,,20,0,0,0,8,9,8,,,0,,,8,8,8,95,,,96,,,8,95,995,,,,,,,,,,,,,,,,,,,,,,,,,,,,,,0,0,0,1,0,0,0,0,0,0,0,0,0,0,0,0,0,0,0,1,0,0,0,0,0,1,1,1,0,1,0,0,0,0,0,,0,0,0,0,0,0,0,0,0,0,0,0,0,0,0,0,,,,,,46-50,46-55,City street,U,Wednesday,Belt Used,PV,Not Fatal,0,0,0,0,City Street,Municipal/City Police,Seattle Police Department,0,0,0,1,0,,,,,,0,0,0,,,,,,,,,,,98,98,98,0,,,,,20,,,,,,,,,0,0,,,,,,
2017,102,632456,339,03-29-2017,19:04,29,3,March,0,63,Spokane,2113,1,0,5,1,2,1,0,4,2,19:08,19:11,19:46,12,0,6,Angle,0,2,0,2,4 Way,3,2,4,6,0,0,3,3,E SPRAGUE AVE,N PARK RD,-117.3041528,47.65685833,99260,0,2,89,Others,17,2,35,14,0,0,1,2,30,1,1,2,1,1,Going Straight,2,1,16,,0,37,31,2005,0,,12,63,30,,,,1,1,87,1,7,,4,0,20,7,11,4,05/20/2021,01:10,1.10E+11,24910,0,0,3,3,1,0,,,,96,,,,,,1,,,,,,98503,53,68,210,6,1,0,0,0,0,,0,,,,,,0,,,8,0,0,0,0,9,8,,,0,,,8,8,8,95,,,96,,,8,95,995,,,,,,,,,,,,,,,,,,,,,,,,,,,,,,0,0,0,1,0,0,0,0,0,0,0,0,0,0,0,0,0,0,0,1,0,0,0,0,0,1,1,1,0,1,0,0,0,1,0,,1,0,0,0,0,0,0,0,0,0,0,0,0,0,0,0,,,,,,81+,76+,City street,U,Wednesday,Not Used,PV,White,0,0,0,0,City Street,Municipal/City Police,Seattle Police Department,0,0,0,1,0,,,,,,0,0,0,,,,,,,,,,,98,98,98,1,,,,,20,,,,,,,,,0,0,,,,,,
2021,102,635511,7,03-30-2021,02:13,30,3,March,,33,King,2005,1,,3,1,1,1,0,1,1,,,,42,0,0,No vehicle,175.7,1,0,1,No intersection,1,2,1,1,0,0,0,0,I-5,,-122.3295139,47.75,98155,0,1,1,Driver Off Road,6,1,60,4,0,0,1,2,42,2,1,4,3,14,Making a U turn,1,1,53,,0,48,34,1998,0,,63,42,,,,,1,1,23,1,7,,4,7,3,0,11,0,07-12-2021,19:22,53034979,34979,0,0,0,3,1,0,,,,92,,,,,,98,,,,,,98375,53,70,190,6,1,0,0,0,0,,0,,,,,,0,,,20,0,0,0,0,9,8,,,0,,,8,8,2,695,605,,1,1,,2,1,0.231,,,,,,,,,,,,,,,,,,,,,,,,,,,,,,0,0,1,0,1,1,1,1,1,0,0,0,0,0,0,0,1,0,0,0,0,0,0,1,1,0,0,0,0,1,0,0,0,0,0,,1,0,0,0,0,1,1,1,1,0,0,0,0,0,0,1,,,,,,21-25,16-25,County road,U,Monday,Belt Used,PV,White,0,1,0,0,County Road,County Sheriff,King County Police,1,0,1,0,0,thc,42,carboxy-thc,888,,0,0,0,,,,,,,,,,,0,0,0,1,,,,,20,,,,,,,,nms,1,0,,,276 AVE SE,3.869,NULL,
2020,102,634721,31,04-18-2020,10:13,18,4,April,,45,Mason,0,1,,1,1,2,1,0,2,1,10:28,10:48,11:31,52,0,0,No vehicle,1.6,1,0,1,No intersection,5,1,2,4,0,0,0,0,CR-E AGATE RD,,-123.013,47.24501111,98584,0,1,1,Driver Off Road,13,2,45,14,0,0,1,2,30,1,1,2,1,1,Going Straight,2,2,53,,0,20,481,2000,0,,68,64,42,,,,1,1,62,1,7,,4,7,3,0,11,0,07-10-2021,21:45,53033885,33885,0,0,0,2,1,0,,,,96,,,,,,98,,,,,,98332,53,70,190,1,1,1,0,0,0,,0,,,,,,0,03-15-2021,03-15-2021,20,0,0,0,0,9,8,,,0,,,8,8,2,996,996,,1,1,,2,1,0.169,,,,,,,,,,,,,,,,,,,,,,,,,,,,,,0,0,1,0,1,1,1,1,0,0,0,0,0,1,0,0,0,0,0,0,0,0,0,0,0,0,0,0,0,1,0,0,0,0,0,,1,0,0,0,0,1,1,1,0,0,0,1,0,0,0,1,,,,,,61-65,56-65,County road,R,Saturday,Belt Used,PV,White,0,1,0,0,County Road,County Sheriff,Kitsap County Sheriff's Office,1,0,1,0,0,,,,,,0,1,0,,,,,,,,,,,98,98,98,1,,,,,20,,,,,,,,,1,0,,,BETHEL BURLEY RD SE,1.496,NULL,
2019,102,633984,5,03-27-2019,20:25,27,3,March,,11,Clark,0,10,0,2,2,2,1,1,1,1,,,,8,0,0,No vehicle,9,1,0,1,No intersection,3,2,1,3,0,0,0,0,SR-500,,-122.5114139,45.68285278,98682,0,1,13,Pedestrian/Animal,80,5,40,34,0,0,1,7,8,3,1,4,1,14,Making a U turn,1,1,53,,0,72,706,2008,0,,63,24,,,,,1,1,59,1,7,,4,7,20,7,11,0,06/20/2021,19:44,53031032,31032,0,0,0,3,1,0,,,,96,,,,,,9,,,,,,98329,53,68,130,6,1,0,0,0,0,,0,,,,,,4,,,20,8,0,0,0,1,8,,,0,,,8,1,2,1,,,1,,,2,1,0.15,,,,,,,,,,,,,,,,,,,,,,,,,,,,,,0,0,1,0,1,1,0,1,0,0,0,0,1,0,0,0,0,0,0,0,0,0,0,0,0,0,0,0,1,0,0,0,0,0,1,0,0,0,0,0,0,1,0,1,0,1,0,0,0,1,0,1,,,,,,56-60,56-65,State route,R,Sunday,,MC,API,0,1,0,0,State Route,State Patrol,Washington State Patrol,1,1,0,0,0,,,,,,0,0,0,,,,,,,,,,,0,0,0,5,,,,,5,,,,,,,,,1,0,,,,,,
2018,102,633246,6,04-14-2018,16:40,14,4,April,0,25,Grant,0,1,0,1,1,2,1,0,1,1,16:38,16:52,,24,0,0,No vehicle,27.7,1,0,1,No intersection,3,1,1,3,0,0,0,0,SR-28,,-119.9824583,47.24206944,,0,1,6,Drive off road,12,2,98,80,0,0,1,7,24,2,2,2,3,14,Making a U turn,1,1,53,,0,35,50,2011,0,,12,,,,,,1,1,74,1,7,,4,0,3,0,11,0,06/13/2021,09:30,1.39E+11,28605,0,0,0,3,1,0,,,,96,,,,,,98,,,,,,99344,53,72,204,6,1,0,2,1,0,,0,,,,,,0,04-15-2019,09-15-2020,20,0,0,0,0,9,8,,,0,,,8,8,2,402,407,996,1,1,1,2,1,0,,,,,,,,,,,,,,,,,,,,,,,,,,,,,,0,0,0,0,0,0,1,1,0,0,0,0,0,1,0,0,0,0,0,0,0,0,0,0,0,1,1,0,0,1,0,0,0,0,0,,1,0,0,0,0,0,1,1,0,0,0,0,0,0,1,0,,,,,,71-75,66-75,County road,R,Sunday,Belt Used,PV,White,0,1,1,0,State Route,County Sheriff,Grant County Sheriff's Office,0,1,0,0,0,,,,,,0,0,0,1,,,,,522,,,,,98,98,98,1,,,,,20,,,,,,,,,1,0,,,,,,
2017,102,632455,339,03-29-2017,19:04,29,3,March,0,63,Spokane,2113,1,0,5,1,2,1,0,4,2,19:08,19:11,19:46,12,0,6,Angle,0,2,0,2,4 Way,3,2,4,6,0,0,3,3,E SPRAGUE AVE,N PARK RD,-117.3041528,47.65685833,99260,0,1,88,Striking from the Left,66,4,35,4,0,0,1,2,12,1,1,2,1,4,Others,2,1,53,,0,13,14,2010,0,,68,12,1,,,,1,1,43,1,0,,1,0,3,0,11,0,,,,,0,0,0,2,1,28,,,,96,,,,,,9,,,,,,98850,53,70,260,1,1,0,1,1,1,,97,,,,,,0,02-15-2019,06-15-2021,20,0,0,0,8,9,8,,,0,,,1,8,2,401,417,,1,1,,2,1,0,,,,,,,,,,,,,,,,,,,,,,,,,,,,,,0,0,0,0,0,0,1,1,0,0,0,0,0,1,0,0,0,0,0,0,0,0,0,0,0,1,1,0,0,1,0,0,0,0,0,,0,0,0,0,0,0,1,1,0,0,0,1,0,0,1,0,,,,,,41-45,36-45,County road,R,Sunday,Belt Used,PV,Not Fatal,0,1,1,0,State Route,County Sheriff,Grant County Sheriff's Office,0,1,0,0,0,,,,,,0,0,1,,,,,,,,,,,98,98,98,0,,,,,20,,,,,,,,,1,0,,,,,,
2021,103,635513,2,03-21-2021,21:02,21,3,March,,61,Snohomish,0,2,,2,2,2,1,0,4,2,,,,24,0,0,No vehicle,187.1,1,0,1,No intersection,1,2,1,1,0,0,0,0,I-5,,-122.224175,47.88969444,98204,0,2,98,Others,98,7,60,15,0,0,1,5,54,1,1,4,3,1,Going Straight,2,3,53,,0,73,705,2007,0,,63,42,,,,,1,1,21,1,7,,4,0,20,7,11,5,07-12-2021,00:56,1.10E+11,34815,0,0,0,2,1,8,,,,96,,,,,,98,,,,,,98502,53,72,165,6,1,0,0,1,1,,0,,,,,,3,12-15-2019,06-15-2020,20,8,0,0,0,9,8,,,0,,,8,8,2,695,605,401,1,1,1,2,1,0.15,,,,,,,,,,,,,,,,,,,,,,,,,,,,,,0,0,1,0,1,1,1,1,1,0,0,0,1,0,1,0,0,0,0,0,0,0,0,1,1,0,0,0,1,0,0,0,0,0,1,0,0,0,0,0,0,1,1,1,0,1,0,0,0,0,0,1,,,,,,21-25,16-25,City street,U,Monday,,MC,Multiracial,0,1,0,0,City Street,Municipal/City Police,Lacey Police Department,1,0,0,1,0,thc,8.8,carboxy-thc,63,,0,0,2,,,,,,,,,,,0,0,0,202,201,,,,19,,,,,,,,,1,0,,,,,,
2021,103,635512,2,03-21-2021,21:02,21,3,March,,61,Snohomish,0,2,,2,2,2,1,0,4,2,,,,24,0,0,No vehicle,187.1,1,0,1,No intersection,1,2,1,1,0,0,0,0,I-5,,-122.224175,47.88969444,98204,0,1,6,Drive off road,9,1,60,2,0,0,1,2,24,1,1,4,3,15,Others,2,2,53,,0,12,870,2013,0,,63,31,31,42,,,1,1,59,1,7,,4,0,3,0,11,5,07/14/2021,21:09,2.11E+11,35213,0,0,0,3,1,0,,,,96,,,,,,1,,,,,,99202,53,72,200,6,1,0,0,1,0,,0,,,,,,0,07-15-2020,07-15-2020,1,0,0,0,1,1,1,,,0,,,0,0,2,1,,,1,,,2,1,0,,,,,,,,,,,,,,,,,,,,,,,,,,,,,,0,0,1,0,0,0,0,0,0,0,0,0,0,0,0,0,0,0,0,0,0,0,0,0,0,0,0,0,0,0,1,0,0,0,0,,0,1,0,0,0,0,0,0,0,0,0,0,0,0,0,0,,,,,,56-60,56-65,City street,U,Monday,,MHTRUCK,White,0,1,0,0,City Street,Municipal/City Police,Spokane Airport Police Department,1,0,0,1,0,,,,,,0,0,0,,,,,,,,,,,98,98,98,1,,,,,20,,,,,,,,,1,0,,,,,,
2020,103,634723,305,04-18-2020,00:20,18,4,April,,11,Clark,2370,1,,3,1,2,1,0,1,1,,,,38,0,0,No vehicle,0,1,0,1,No intersection,3,2,4,6,0,0,0,0,E MILL PLAIN BLVD,,-122.6296194,45.62776667,98661,0,1,1,Driver Off Road,13,2,35,80,0,0,1,2,38,3,1,2,3,14,Making a U turn,1,2,53,,0,49,401,2020,0,,12,,,,,,1,1,27,2,0,,1,0,3,0,11,5,,,,,0,0,3,3,1,0,,,,96,,,,,,98,,,,,,98901,53,62,180,6,1,0,0,0,1,,0,,,,,,0,01-15-2021,01-15-2021,8,0,0,0,8,9,8,,,0,,,8,8,0,0,,,0,,,0,0,996,,,,,,,,,,,,,,,,,,,,,,,,,,,,,,0,0,1,0,0,0,0,0,0,0,0,0,0,0,0,0,1,0,0,1,0,1,1,0,1,0,0,0,0,1,0,0,0,0,0,,0,0,0,0,0,0,0,0,0,0,0,0,0,0,0,0,,,,,,26-30,26-35,US highway,R,Friday,Belt Used,PV,Not Fatal,0,1,0,0,State Route,State Patrol,Washington State Patrol,1,1,0,0,0,,,,,,0,0,0,,,,,,,,,,,98,98,98,0,,,,,20,,,,,,,,,1,0,,,,,,
2019,103,633985,35,04-09-2019,12:21,9,4,April,,53,Pierce,0,1,0,1,1,2,2,0,2,1,,,,42,0,0,No vehicle,1.4,1,0,1,No intersection,5,1,2,4,0,0,0,0,CR-NISQUALLY RD,,-122.6830361,47.07726667,,0,1,1,Driver Off Road,13,2,45,14,0,0,1,7,42,1,1,2,1,1,Going Straight,2,1,53,,0,12,401,2017,0,,12,12,,,,,1,1,18,2,0,,0,0,3,0,11,0,,,,,0,0,0,3,1,0,,,,96,,,,,,98,,,,,,98012,53,67,134,6,2,0,0,0,0,,0,,,,,,0,,,20,0,0,0,8,9,8,,,0,,,8,8,0,0,,,0,,,0,0,996,,,,,,,,,,,,,,,,,,,,,,,,,,,,,,0,0,1,0,0,0,0,0,0,0,0,0,0,0,0,0,1,0,0,1,0,1,1,0,1,0,0,0,0,1,0,0,0,0,0,,0,0,0,0,0,0,0,0,0,0,0,0,0,0,0,0,,,,,,18-20,16-25,US highway,R,Friday,Belt Used,PV,Not Fatal,0,1,0,0,State Route,State Patrol,Washington State Patrol,1,1,0,0,0,,,,,,0,0,0,,,,,,,,,,,98,98,98,0,,,,,20,,,,,,,,,1,0,,,,,,
2018,103,633238,7,04-09-2018,23:35,9,4,April,0,33,King,0,1,0,2,1,1,2,0,8,4,,,,12,0,2,Front-to-Front,4.1,1,0,1,No intersection,3,2,1,3,0,0,0,0,SR-516,,-122.2637778,47.375675,98032,0,4,98,Others,54,3,55,4,0,0,1,2,12,1,1,2,3,1,Going Straight,2,1,53,,0,37,31,2017,0,,12,12,,,,,1,1,63,2,0,,3,0,3,0,11,5,,,,,0,0,0,3,1,0,,,,96,,,,,,98,,,,,,98201,53,64,110,6,1,0,0,0,0,,0,,,,,,0,,,1,0,0,0,8,9,8,,,0,,,8,8,0,0,,,0,,,0,0,996,,,,,,,,,,,,,,,,,,,,,,,,,,,,,,0,0,1,0,0,0,0,0,0,0,0,0,0,0,0,0,1,0,0,1,0,1,1,0,1,0,0,0,0,1,0,0,0,0,0,,0,0,0,0,0,0,0,0,0,0,0,0,0,0,0,0,,,,,,61-65,56-65,US highway,R,Friday,Belt Used,PV,Not Fatal,0,1,0,0,State Route,State Patrol,Washington State Patrol,1,1,0,0,0,,,,,,0,0,0,,,,,,,,,,,98,98,98,0,,,,,20,,,,,,,,,1,0,,,,,,
2018,103,633237,7,04-09-2018,23:35,9,4,April,0,33,King,0,1,0,2,1,1,2,0,8,4,,,,12,0,2,Front-to-Front,4.1,1,0,1,No intersection,3,2,1,3,0,0,0,0,SR-516,,-122.2637778,47.375675,98032,0,3,98,Others,54,3,55,4,0,0,1,2,12,1,1,2,3,1,Going Straight,2,1,53,,0,35,421,2004,0,,63,24,69,68,12,64,1,1,50,1,7,,4,0,20,7,11,5,07-09-2021,17:51,1.16E+11,34771,0,0,0,3,1,0,,,,92,,,,,,98,,,,,,98203,53,71,315,6,1,0,1,1,0,,0,,,,,,0,03-15-2018,03-15-2018,8,0,0,0,0,9,8,,,0,,,8,8,2,1,,,1,,,2,1,0,,,,,,,,,,,,,,,,,,,,,,,,,,,,,,0,0,1,0,0,0,0,0,0,0,0,0,0,0,0,0,1,0,0,1,0,1,1,0,1,0,0,0,0,1,0,0,0,1,0,,1,0,0,0,0,0,0,0,1,0,0,0,0,0,0,0,,,,,,46-50,46-55,US highway,R,Friday,Not Used,PV,White,0,1,0,0,State Route,State Patrol,Washington State Patrol,1,1,0,0,0,,,,,,0,0,0,,,,,,,,,,,98,98,98,1,,,,,20,,,,,,,,,1,0,,,,,,
2018,103,633236,7,04-09-2018,23:35,9,4,April,0,33,King,0,1,0,2,1,1,2,0,8,4,,,,12,0,2,Front-to-Front,4.1,1,0,1,No intersection,3,2,1,3,0,0,0,0,SR-516,,-122.2637778,47.375675,98032,0,2,51,Lateral Move(Going Straight),54,3,55,14,0,0,1,2,12,1,1,2,3,1,Going Straight,2,1,53,,0,37,706,1985,0,,61,64,24,69,63,24,1,1,73,1,7,,4,0,20,7,11,5,07-08-2021,19:08,69053032951,32951,0,0,3,3,1,80,,,,96,,,,,,98,,,,,,98270,53,70,210,6,1,0,1,0,0,,0,,,,,,0,10-15-2016,10-15-2016,20,8,0,0,0,9,8,,,0,,,8,8,2,151,,,1,,,2,1,0,,,,,,,,,,,,,,,,,,,,,,,,,,,,,,0,0,1,0,0,0,1,1,0,0,0,0,0,0,0,0,0,0,0,0,0,0,0,0,0,1,1,0,1,0,0,0,0,0,1,0,0,0,0,0,0,0,1,1,0,0,0,0,0,0,1,0,,,,,,71-75,66-75,Interstate,U,Thursday,,MC,White,0,1,0,0,State Route,State Patrol,Washington State Patrol,1,1,0,0,0,,,,,,0,0,0,,,,,,,,,,,0,0,0,1,,,,,5,,,,,,,,,1,0,,,,,,
2018,103,633235,7,04-09-2018,23:35,9,4,April,0,33,King,0,1,0,2,1,1,2,0,8,4,,,,12,0,2,Front-to-Front,4.1,1,0,1,No intersection,3,2,1,3,0,0,0,0,SR-516,,-122.2637778,47.375675,98032,0,1,50,Lateral Move(Left/Right),54,3,55,4,0,0,1,2,12,1,1,2,3,1,Going Straight,2,2,53,,0,82,881,2019,0,,12,,,,,,1,1,58,1,0,,0,0,3,0,11,0,,,,,6,3,0,3,1,0,,,,96,,,,,,98,,,,,,97478,41,70,160,6,1,0,1,0,0,,0,,,,,,0,01-15-2019,01-15-2019,20,0,0,0,8,9,8,,,0,,,8,8,0,0,,,0,,,0,0,996,,,,,,,,,,,,,,,,,,,,,,,,,,,,,,0,0,0,1,0,0,1,1,0,0,0,0,1,1,0,0,0,0,0,1,0,0,0,1,1,0,0,0,0,1,1,0,0,0,0,,0,0,0,0,0,0,0,0,0,0,0,0,0,0,0,0,,,,,,56-60,56-65,State route,R,Friday,,MHTRUCK,Not Fatal,1,0,0,0,State Route,State Patrol,Washington State Patrol,0,1,0,0,0,,,,,,0,0,0,,,,,,,,,,,98,98,98,0,,,,,20,,,,,,,,,1,0,,,,,,
2017,103,632474,7,04-09-2017,09:46,9,4,April,0,33,King,0,10,0,1,1,2,1,0,1,1,,,,24,0,0,No vehicle,7.3,1,0,1,No intersection,2,2,1,3,0,0,0,0,SR-18,,-122.1758889,47.30374444,90092,0,1,6,Drive off road,9,1,60,80,0,0,1,2,24,1,2,4,3,1,Going Straight,1,1,53,,0,37,32,1997,0,,12,68,12,,,,1,1,21,1,1,,4,7,20,7,11,0,06/25/2021,13:28,53033995,33995,0,0,3,2,1,0,,,,96,,,,,,98,,,,,,99344,53,65,170,1,1,2,0,2,0,,0,,,,,,0,02-15-2018,10-15-2019,8,0,0,0,9,9,8,,,0,,,8,8,2,996,996,,1,1,,2,1,0,,,,,,,,,,,,,,,,,,,,,,,,,,,,,,0,0,0,1,0,0,1,1,0,0,0,0,1,1,0,0,0,0,0,1,0,0,0,1,1,0,0,0,0,1,1,0,0,1,0,,1,0,0,0,0,0,1,1,0,0,0,1,0,0,1,0,,,,,,21-25,16-25,State route,R,Friday,Not Used,PV,Hispanic,1,0,0,0,State Route,State Patrol,Washington State Patrol,0,1,0,0,0,,,,,,1,0,1,,,,,,,,,,,0,0,0,98,,,,,20,,,,,,,,,1,0,,,,,,
2021,104,635514,35,04-17-2021,20:09,17,4,April,,53,Pierce,0,1,,2,1,2,2,0,2,1,,,,31,0,0,No vehicle,1.5,1,0,1,No intersection,4,2,2,4,0,0,0,0,CR-40TH ST NW,,-122.64875,47.29365556,98335,0,1,7,Control/Traction Loss,9,1,35,6,0,0,1,2,31,1,1,2,1,1,Going Straight,2,2,53,,0,85,881,2014,0,,12,63,38,,,,1,1,29,1,0,,0,0,3,0,11,0,,,,,6,3,3,3,1,0,,,,96,,,,,,98,,,,,,98539,53,65,160,6,1,0,1,0,1,,23,,,,,,4,12-15-2020,07-15-2020,20,0,0,0,8,9,8,,,0,,,8,8,0,0,,,0,,,0,0,996,,,,,,,,,,,,,,,,,,,,,,,,,,,,,,0,0,0,1,0,0,1,1,0,0,0,0,1,1,0,0,0,0,0,1,0,0,0,1,1,0,0,0,0,1,1,0,0,0,0,,0,0,0,0,0,0,0,0,0,1,0,0,0,0,0,0,,,,,,26-30,26-35,State route,R,Friday,,MHTRUCK,Not Fatal,1,0,0,0,State Route,State Patrol,Washington State Patrol,0,1,0,0,0,,,,,,0,0,0,,,,,,,,,,,98,98,98,0,,,,,20,,,,,,,,,1,0,,,,,,
2020,104,634716,3,03-09-2020,21:23,9,3,March,,67,Thurston,0,10,,3,1,2,1,0,2,2,,,,12,0,6,Angle,39.6,2,0,2,4 Way,3,1,1,2,0,0,0,0,US-12,MOON RD,-123.1392056,46.82579167,98579,0,2,83,Others,67,4,55,15,0,0,1,2,12,1,1,3,1,1,Going Straight,1,1,53,,0,35,43,2018,0,,12,,,,,,1,1,42,2,0,,0,0,3,0,11,0,,,,,0,0,0,3,1,0,,,,96,,,,,,98,,,,,,98682,53,61,189,6,1,0,0,0,0,,0,,,,,,0,,,20,0,0,0,8,9,8,,,0,,,8,8,0,0,,,0,,,0,0,996,,,,,,,,,,,,,,,,,,,,,,,,,,,,,,0,0,0,0,0,0,1,1,0,0,0,0,0,0,0,0,1,0,0,0,0,0,0,0,0,1,0,0,1,1,0,0,0,0,0,,0,0,0,0,0,0,0,0,0,0,0,0,0,0,0,0,,,,,,41-45,36-45,Interstate,U,Friday,Belt Used,PV,Not Fatal,0,0,0,0,State Route,State Patrol,WASHINGTON STATE PATROL,0,1,0,0,0,,,,,,0,0,0,,,,,,,,,,,98,98,98,0,,,,,20,,,,,,,,,1,0,,,,,,
2020,104,634715,3,03-09-2020,21:23,9,3,March,,67,Thurston,0,10,,3,1,2,1,0,2,2,,,,12,0,6,Angle,39.6,2,0,2,4 Way,3,1,1,2,0,0,20,3,US-12,MOON RD,-123.1392056,46.82579167,98579,0,1,82,Turn Into Opp Direction(Turning Left),15,2,98,4,0,0,1,2,12,1,1,2,1,11,Turning Red: Permitted on red,1,1,53,,0,12,481,2015,0,,12,,,,,,1,1,68,1,0,,0,0,3,0,11,0,,,,,0,0,0,3,1,0,,,,96,,,,,,98,,,,,,98682,53,68,280,6,1,0,0,0,0,,0,,,,,,0,,,20,0,0,0,8,9,8,,,0,,,8,8,0,0,,,0,,,0,0,996,,,,,,,,,,,,,,,,,,,,,,,,,,,,,,0,0,0,0,0,0,1,1,0,0,0,0,0,0,0,0,1,0,0,0,0,0,0,0,0,1,0,0,1,1,0,0,0,0,0,,0,0,0,0,0,0,0,0,0,0,0,0,0,0,0,0,,,,,,66-70,66-75,Interstate,U,Friday,Belt Used,PV,Not Fatal,0,0,0,0,State Route,State Patrol,WASHINGTON STATE PATROL,0,1,0,0,0,,,,,,0,0,0,,,,,,,,,,,98,98,98,0,,,,,20,,,,,,,,,1,0,,,,,,
2019,104,633987,5,03-15-2019,13:36,15,3,March,,15,Cowlitz,0,1,0,1,1,2,2,0,3,2,,,,12,0,2,Front-to-Front,50.5,1,0,1,No intersection,4,1,1,3,0,0,0,0,SR-503,,-122.7019583,45.93842222,,0,2,51,Lateral Move(Going Straight),62,4,50,2,0,0,1,7,12,1,1,2,1,1,Going Straight,1,1,53,,0,72,706,2006,0,,12,12,,,,,1,1,61,1,7,,4,0,20,7,11,5,07-09-2021,16:40,2.37E+11,33566,0,0,0,3,1,0,,,,3,,,,,,98,,,,,,98662,53,70,240,6,1,0,0,0,0,,0,,,,,,0,,,20,8,0,0,0,9,8,,,0,,,8,8,2,996,,,1,,,2,1,0,,,,,,,,,,,,,,,,,,,,,,,,,,,,,,0,0,0,0,0,0,1,1,0,0,0,0,0,0,0,0,1,0,0,0,0,0,0,0,0,1,0,0,1,1,0,0,0,0,1,0,0,0,0,0,0,0,1,1,1,0,0,0,0,0,1,0,,,,,,61-65,56-65,Interstate,U,Friday,,MC,White,0,0,0,0,State Route,State Patrol,WASHINGTON STATE PATROL,0,1,0,0,0,,,,,,0,0,0,,,,,,,,,,,0,0,0,1,,,,,5,,,,,,,,,1,0,,,,,,