year,something,Cases,repjur,crash_dt,crash_tm,accday,Month,Month,holiday,county,co_char,city,weather,weather2,lightcond,surfcond,surftype,Number of Fatalities,nmforms,pforms,vforms,not_tm,arr_tm,hosp_tm,fhevent,hitrun,Manner of Collision,Manner of Collision,milepnt,reljunc,reljuncinter,intersectiontype,Intersection Type,funcsystem,landuse,ownership,route,schlbus,spejur,contdev,devfunc,trafid1,trafid2,x,y,zipcode,wk_zone,vnumber,crashtype,Crash Type,criticalevent,criticaleventcat,spdlim,body,trailer,emerg,hazcargo,leave,mhevent,roadalgn,roadprof,traflane,trafflow,Vehicle Manure,Vehicle Manure,numoccs,regowner,regstate,,spuse,make,model,modelyr,vrf1,vrf2,seqevent1,seqevent2,seqevent3,seqevent4,seqevent5,seqevent6,pnumber,ptype,age,sex,hispanic,race,injury,diedscene,restraint,restraintmisuse,seatpos,takehosp,death_dt,death_tm,cert,cernum_wa,commlic,licendor,licrestrict,liccomp,drivpres,drf1,drf2,drf3,drf4,distract1,distract2,distract3,distract4,distract5,distract6,dricond1,dricond2,dricond3,dricond4,dricond5,dricond6,dzip,licstate,drhgt_in,weight,noncdl,noncdltype,prevdwi,prevoth,prevacc,prevspd,prevsus,driviol1,driviol2,driviol3,driviol4,driviol5,driviol6,spdrel,first_dt,last_dt,airbag,ejection,ejectpath,extricat,injurwrk,methalc,methdrug,nmlocat,strikveh,prf1,prf2,prf3,druginv,alcinvol,drugsts,drugres1,drugres2,drugres3,drugtst1,drugtst2,drugtst3,alcsts,alctst,alcres,nmact1,nmact2,nmact3,nmact4,nmact5,nmact6,nmprior1,nmprior2,nmprior3,nmprior4,nmprior5,nmprior6,nmcond1,nmcond2,nmcond3,nmcond4,nmcond5,nmcond6,nmsafe_helmet,nmsafe_pads,nmsafe_oth,nmprev_ref,nmprev_lgt,nmprev_oth,crashlocation,nmcrashtype,crosswalk,schoolzone,sidewalk,train_inv,wildlife_inv,rotr_fars,intersect_fars,Drink and Drive,aid_inv,Drug Positive Drivers,Impaired Drivers,Marijuana Positive,impnm_inv,ainm_inv,dpnm_inv,speed_inv,unlic_inv,unendmc_inv,drowsy_inv,drdist_inv,nmdist_inv,fty_inv,unrestfat_inv,dr1617_inv,dr1820_inv,dr1620_inv,dr2125_inv,dr1625_inv,dr65_inv,dr70_inv,dr75_inv,mc_inv,pv_inv,ht_inv,ped_inv,bike_inv,unrest_fat,mc_fat,unhelmet_mc,pv_fat,ht_fat,ped_fat,bike_fat,dr_alc7,dr_alc8,dr_drug,dr_imp,dr_dist,dr_spd,dr_fty,dr_unlic,dr_alc7only,dr_alc8only,dr_drugonly,dr_drink,nm_imp,nm_alc7,nm_alc8,nm_drug,nm_dist,agegrp1,agegrp2,roadclass,urbrur,dayweek,restuse,vehtype,race_me,intersect,lanedep,oppdir,wrongway,rep_typ,investag,repag_long,rotr,st_rd,cty_rd,city_rd,oth_rd,drug_thc,thc_res,drug_cthc,cthc_res,drug_cann,prevpersemin,prevperse,prevsusoth,drugtst4,drugtst5,drugtst6,drugtst7,drugtst8,drugres4,drugres5,drugres6,drugres7,drugres8,adspresent,adsengaged,adslevel,race1,race2,race3,race4,race5,helmet,helmetmisuse,nmdistract1,nmdistract2,nmdistract3,nmdistract4,nmdistract5,nmdistract6,lab,isedtcase,crf1,crf2,crf3,CoRoadName,CoMP,IntCoRoadName,IntCoMP
2019,104,633986,5,03-15-2019,13:36,15,3,March,,15,Cowlitz,0,1,0,1,1,2,2,0,3,2,,,,12,0,2,Front-to-Front,50.5,1,0,1,No intersection,4,1,1,3,0,0,0,0,SR-503,,-122.7019583,45.93842222,,0,1,50,Lateral Move(Left/Right),10,2,50,4,0,0,1,7,12,1,1,2,1,1,Going Straight,2,1,53,,0,7,880,1996,0,,63,9,,,,,1,1,81,1,0,,0,0,3,0,11,0,,,,,0,0,0,3,1,0,,,,96,,,,,,0,,,,,,98325,53,71,180,6,1,0,1,0,0,,97,,,,,,0,08-15-2018,08-15-2018,20,0,0,0,8,9,2,,,0,,,8,8,0,0,,,0,,,0,0,996,,,,,,,,,,,,,,,,,,,,,,,,,,,,,,0,0,0,0,0,0,0,0,0,0,0,0,0,0,0,0,0,0,0,0,0,0,0,0,0,1,1,1,0,0,1,0,1,0,0,,0,0,0,0,0,0,0,0,0,0,0,0,0,0,0,0,,,,,,81+,76+,State route,R,Monday,,MHTRUCK,Not Fatal,0,0,0,0,State Route,State Patrol,Washington State Patrol,0,1,0,0,0,,,,,,0,0,0,,,,,,,,,,,0,0,0,0,,,,,20,,,,,,,,,1,0,,,,,,
2018,104,633215,4,04-16-2018,02:00,16,4,April,0,1,Adams,0,99,0,2,99,2,2,0,2,1,,,,35,0,0,No vehicle,198.2,1,0,1,No intersection,1,1,1,1,0,0,0,0,I-90,,-118.8114861,47.08585278,,0,1,6,Drive off road,11,2,70,4,0,0,1,2,35,1,1,3,2,1,Going Straight,2,1,53,,0,20,403,2006,0,,12,,,,,,1,1,34,1,0,,0,0,3,0,11,0,,,,,0,0,0,3,1,0,,,,96,,,,,,98,,,,,,99208,53,68,310,6,1,0,0,2,3,,0,,,,,,0,01-15-2017,12-15-2019,8,0,0,0,8,9,2,,,0,,,8,8,0,0,,,0,,,0,0,996,,,,,,,,,,,,,,,,,,,,,,,,,,,,,,0,0,0,1,0,0,0,0,0,0,0,0,0,0,0,0,0,0,1,1,0,0,0,0,0,1,1,1,0,1,0,0,0,0,0,,0,0,0,0,0,0,0,0,0,0,0,0,0,0,0,0,,,,,,31-35,26-35,US highway,R,Tuesday,Belt Used,PV,Not Fatal,1,0,0,0,State Route,State Patrol,Washington State Patrol,0,1,0,0,0,,,,,,0,0,2,,,,,,,,,,,98,98,98,0,,,,,20,,,,,,,,,1,0,,,,,,
2017,104,632436,35,03-11-2017,16:06,11,3,March,0,53,Pierce,0,10,0,5,1,2,1,0,2,2,,,,1,0,0,No vehicle,9999.9,3,0,3,T Intersection,7,1,2,4,0,0,0,0,CR-TANWAX BLVD E,46TH AVE E,-122.3680083,46.92673611,98328,0,1,98,Others,6,1,25,90,0,0,1,2,1,1,1,2,1,1,Going Straight,2,2,53,,0,7,481,1990,0,,12,,,,,,1,1,82,2,7,,4,0,20,7,11,5,07-06-2021,19:44,41053033623,33623,0,0,0,3,1,38,,,,96,,,,,,98,,,,,,99114,53,66,125,6,1,0,0,0,0,,0,,,,,,0,,,20,1,9,0,0,9,8,,,0,,,8,8,2,1,,,1,,,2,1,0,,,,,,,,,,,,,,,,,,,,,,,,,,,,,,0,0,0,1,0,0,0,0,0,0,0,0,0,0,0,0,0,0,1,1,0,0,0,0,0,1,1,1,0,1,0,0,0,1,0,,1,0,0,0,0,0,0,0,0,0,1,0,0,0,0,0,,,,,,81+,76+,US highway,R,Tuesday,Not Used,PV,White,1,0,0,0,State Route,State Patrol,Washington State Patrol,0,1,0,0,0,,,,,,0,0,0,,,,,,,,,,,0,0,0,1,,,,,20,,,,,,,,,1,0,,,,,,
2020,105,634722,330,04-18-2020,15:27,18,4,April,,77,Yakima,2590,1,,1,1,2,1,0,2,1,15:31,15:41,15:56,59,0,0,No vehicle,0,3,0,10,L Intersection,5,2,4,6,0,0,0,0,S 18TH ST,Pacific Ave,-120.4793306,46.59223333,98901,0,1,1,Driver Off Road,6,1,30,4,0,0,1,2,1,3,1,3,5,14,Making a U turn,2,2,53,,0,20,37,1999,0,,63,69,64,25,1,,1,1,30,1,0,,1,0,3,0,11,5,,,,,0,0,0,0,1,58,,,,96,,,,,,9,,,,,,98901,53,63,120,0,0,0,0,0,0,,1,,,,,,0,,,20,0,0,0,8,9,2,,,0,,,8,1,2,695,605,,1,1,,2,1,0.12,,,,,,,,,,,,,,,,,,,,,,,,,,,,,,0,0,1,0,1,1,1,1,1,0,0,0,0,1,0,0,0,0,0,0,0,0,0,0,0,0,0,0,0,1,0,0,0,0,0,,0,0,0,0,0,1,1,1,0,0,0,1,0,0,0,1,,,,,,26-30,26-35,US highway,U,Wednesday,Belt Used,PV,Not Fatal,0,1,0,0,State Route,State Patrol,Washington State Patrol,1,1,0,0,0,thc,8.1,carboxy-thc,100,,0,0,0,,,,,,,,,,,0,0,0,0,,,,,20,,,,,,,,,1,0,,,,,,
2019,105,633989,146,03-15-2019,16:50,15,3,March,,77,Yakima,0,1,0,1,1,2,1,0,2,2,,,,12,0,6,Angle,8,2,0,2,4 Way,7,1,2,4,0,3,0,0,CR-HARRAH RD,PROGRESSIVE RD,-120.5441139,46.41903611,98951,0,2,89,Others,66,4,50,6,0,0,1,7,12,1,1,2,1,1,Going Straight,1,1,53,,0,35,47,2011,0,,63,25,69,64,25,,1,1,51,2,7,,4,0,20,7,11,0,06/27/2021,14:16,1.96E+11,32451,0,0,0,3,1,0,,,,96,,,,,,9,,,,,,98584,53,65,145,6,1,0,0,1,3,,0,,,,,,0,06-15-2021,05-15-2021,20,0,0,0,0,9,8,,,0,,,1,8,2,1,,,1,,,2,1,0,,,,,,,,,,,,,,,,,,,,,,,,,,,,,,0,0,1,0,0,0,0,0,0,0,0,0,0,0,0,0,0,0,0,1,0,0,0,0,0,0,0,0,0,1,0,0,0,1,0,,1,0,0,0,0,0,0,0,0,0,0,0,0,0,0,0,,,,,,51-55,46-55,State route,U,Friday,Not Used,PV,White,0,1,0,0,State Route,State Patrol,Washington State Patrol,1,1,0,0,0,,,,,,0,0,0,,,,,,,,,,,98,98,98,1,,,,,20,,,,,,,,,1,0,,,,,,
2019,105,633988,146,03-15-2019,16:50,15,3,March,,77,Yakima,0,1,0,1,1,2,1,0,2,2,,,,12,0,6,Angle,8,2,0,2,4 Way,7,1,2,4,0,3,20,3,CR-HARRAH RD,PROGRESSIVE RD,-120.5441139,46.41903611,98951,0,1,88,Striking from the Left,17,2,50,4,0,0,1,7,12,1,1,2,1,1,Going Straight,1,1,53,,0,84,881,2019,0,,12,,,,,,1,1,43,1,0,,0,0,3,0,11,0,,,,,99,9,9,9,1,0,,,,96,,,,,,98,,,,,,0,95,,999,9,9,99,99,99,99,,0,,,,,,0,,,20,0,0,0,8,9,8,,,0,,,8,8,2,1,,,1,,,2,1,0,,,,,,,,,,,,,,,,,,,,,,,,,,,,,,0,0,0,0,0,0,0,0,0,0,0,0,0,1,0,0,0,0,1,0,0,0,0,0,0,0,0,0,0,1,1,0,0,0,0,,0,0,0,0,0,0,0,0,0,0,0,0,0,0,0,0,,,,,,41-45,36-45,State route,R,Wednesday,,MHTRUCK,Not Fatal,0,0,0,0,State Route,State Patrol,Washington State Patrol,0,1,0,0,0,,,,,,99,99,99,,,,,,,,,,,98,98,98,0,,,,,20,,,,,,,,,1,0,,,,,,
2018,105,633220,8,04-16-2018,11:25,16,4,April,0,31,Jefferson,0,2,0,1,2,2,1,0,1,1,,,,42,0,0,No vehicle,5.2,1,0,1,No intersection,3,1,1,3,0,0,0,0,SR-20,,-122.8254194,48.03348333,98368,0,1,1,Driver Off Road,13,2,50,34,0,0,1,7,42,1,4,2,1,1,Going Straight,1,3,53,,0,63,33,2007,0,,12,,,,,,1,1,26,2,0,,3,0,3,0,11,5,,,,,0,0,3,2,1,38,,,,96,,,,,,9,,,,,,98226,53,65,165,1,1,2,2,0,3,,1,12,,,,,0,02-15-2019,11-15-2021,20,0,0,0,8,9,8,,,0,,,8,8,8,95,,,96,,,2,1,997,,,,,,,,,,,,,,,,,,,,,,,,,,,,,,0,0,0,0,0,0,0,0,0,0,0,0,0,1,0,0,0,0,1,0,0,0,0,0,0,0,0,0,0,1,1,0,0,0,0,,0,0,0,0,0,0,0,0,0,0,1,1,0,0,0,0,,,,,,26-30,26-35,State route,R,Wednesday,Belt Used,PV,Not Fatal,0,0,0,0,State Route,State Patrol,Washington State Patrol,0,1,0,0,0,,,,,,0,2,2,,,,,,,,,,,98,98,98,0,,,,,20,,,,,,,,,1,0,,,,,,
2017,105,632495,2,04-08-2017,16:25,8,4,April,0,73,Whatcom,0,1,0,1,1,1,1,1,1,1,,,,8,0,0,No vehicle,258,1,0,1,No intersection,1,2,1,1,0,0,0,0,I-5,,-122.5206861,48.79055278,98226,0,1,13,Pedestrian/Animal,80,5,60,4,0,0,1,5,8,1,1,2,3,1,Going Straight,1,1,53,,0,20,481,2011,0,,64,30,,,,,1,1,54,1,0,,3,0,20,7,11,8,,,,,0,0,0,2,1,0,,,,96,,,,,,98,,,,,,97222,41,70,170,3,1,0,1,0,0,,0,,,,,,0,08-15-2018,08-15-2018,8,0,0,0,8,9,2,,,0,,,8,8,8,95,,,96,,,2,1,997,,,,,,,,,,,,,,,,,,,,,,,,,,,,,,0,0,1,1,0,0,0,0,0,0,0,0,0,1,0,0,0,0,0,1,0,0,0,0,0,0,0,0,0,1,0,0,0,0,0,,0,0,0,0,0,0,0,0,0,0,0,1,0,0,0,0,,,,,,51-55,46-55,State route,U,Friday,Not Used,PV,Not Fatal,0,1,0,0,State Route,State Patrol,Washington State Patrol,1,1,0,0,0,,,,,,0,0,0,,,,,,,,,,,98,98,98,0,,,,,20,,,,,,,,,1,0,,,,,,
2021,105,635515,35,04-15-2021,23:20,15,4,April,,53,Pierce,0,1,,6,1,2,1,1,1,1,,,,8,1,0,No vehicle,2.1,1,0,1,No intersection,4,2,2,4,0,0,0,0,CR-PORTLAND AVE E,,-122.4078,47.18504722,98404,0,1,13,Pedestrian/Animal,13,2,35,99,0,0,1,5,8,1,1,2,1,1,Going Straight,99,9,99,,0,7,403,2008,0,,12,,,,,,1,1,36,2,0,,0,0,20,7,11,0,,,,,0,0,0,2,1,0,,,,96,,,,,,98,,,,,,98424,53,60,124,1,1,0,1,0,0,,0,,,,,,0,01-15-2017,01-15-2017,8,0,0,0,8,9,8,,,0,,,8,8,0,0,,,0,,,0,0,996,,,,,,,,,,,,,,,,,,,,,,,,,,,,,,0,0,0,1,0,0,1,1,0,0,0,0,0,1,0,0,0,0,1,0,0,0,0,0,0,1,1,1,0,1,0,0,0,0,0,,0,0,0,0,0,0,0,0,0,0,0,1,0,0,0,0,,,,,,36-40,36-45,City street,U,Sunday,Not Used,PV,Not Fatal,1,0,0,0,City Street,Municipal/City Police,Fife Police Department,0,0,0,1,0,,,,,,0,0,0,,,,,,,,,,,98,98,98,0,,,,,20,,,,,,,,,1,0,,,,,,
2017,106,632477,2,04-09-2017,18:50,9,4,April,0,73,Whatcom,0,10,0,1,1,2,1,0,1,1,,,,42,0,0,No vehicle,0.7,1,0,1,No intersection,6,1,2,4,0,3,0,0,CR-LUMMI VIEW DR,,-122.6546917,48.72053889,,0,1,6,Drive off road,12,2,35,3,0,0,1,2,42,3,2,2,1,14,Making a U turn,1,2,41,,0,49,40,2001,0,,12,,,,,,1,1,84,2,7,,4,7,99,7,11,0,07-04-2021,13:56,74753033178,33178,0,0,0,3,1,38,,,,96,,,,,,98,,,,,,98354,53,66,130,6,1,0,0,0,0,,0,,,,,,0,,,1,0,0,0,0,9,8,,,0,,,8,8,2,996,,,1,,,2,1,0,,,,,,,,,,,,,,,,,,,,,,,,,,,,,,0,0,0,1,0,0,1,1,0,0,0,0,0,1,0,0,0,0,1,0,0,0,0,0,0,1,1,1,0,1,0,0,0,0,0,,1,0,0,0,0,0,1,1,0,0,1,0,0,0,1,0,,,,,,81+,76+,City street,U,Sunday,Unknown,PV,API,1,0,0,0,City Street,Municipal/City Police,Fife Police Department,0,0,0,1,0,,,,,,0,0,0,,,,,,,,,,,98,98,98,28,,,,,20,,,,,,,,,1,0,,,,,,
2019,106,3810331,263,02-22-2019,19:13,22,2,Feb,,33,King,1960,10,0,3,1,2,1,1,3,2,,,,8,0,0,No vehicle,1.1,1,0,1,No intersection,3,2,1,3,0,0,0,0,SR-522,,-122.3076083,47.69070833,98115,0,1,13,Pedestrian/Animal,80,5,35,2,0,0,1,3,8,1,1,2,2,1,Going Straight,2,1,53,,0,72,706,2019,0,,63,24,,,,,1,1,27,1,7,,4,7,20,7,11,0,07-01-2021,14:37,53032023,32023,0,0,0,0,1,0,,,,92,,,,,,98,,,,,,99004,53,67,120,0,0,0,0,0,0,,0,,,,,,0,,,20,8,0,0,0,9,8,,,0,,,8,8,2,1,,,1,,,2,1,0,,,,,,,,,,,,,,,,,,,,,,,,,,,,,,0,0,1,0,0,0,0,0,0,0,0,0,0,1,1,0,1,0,0,0,0,0,0,0,0,0,0,0,1,0,0,0,0,0,1,0,0,0,0,0,0,0,0,0,1,0,0,1,0,0,0,0,,,,,,26-30,26-35,County road,R,Thursday,,MC,White,0,1,0,0,County Road,County Sheriff,Spokane County Sheriff's Office,1,0,1,0,0,,,,,,0,0,0,,,,,,,,,,,0,0,0,1,,,,,5,,,,,,,,,1,0,,,MALLOY PRAIRIE RD,0.8,NULL,
2019,106,3810331,263,02-22-2019,19:13,22,2,Feb,,33,King,1960,10,0,3,1,2,1,1,3,2,,,,8,0,0,No vehicle,1.1,1,0,1,No intersection,3,2,1,3,0,0,0,0,SR-522,,-122.3076083,47.69070833,98115,0,2,98,Others,80,5,35,4,0,0,1,3,8,1,1,2,2,1,Going Straight,1,2,53,,0,49,46,2010,0,,8,,,,,,1,1,23,2,0,,0,0,3,0,11,0,,,,,0,0,0,3,1,0,,,,92,,,,,,98,,,,,,99026,53,64,115,6,1,0,0,0,1,,0,,,,,,0,03-15-2020,03-15-2020,20,0,0,0,8,9,2,,,0,,,8,8,0,0,,,0,,,0,0,996,,,,,,,,,,,,,,,,,,,,,,,,,,,,,,0,0,0,0,0,0,0,0,0,1,1,1,0,0,0,0,1,0,0,0,0,0,0,1,1,0,0,0,0,1,0,1,0,0,0,,0,0,0,0,0,0,0,0,1,0,0,0,0,0,0,0,,,,,,21-25,16-25,City street,U,Wednesday,Belt Used,PV,Not Fatal,0,0,0,0,City Street,Municipal/City Police,Spokane Valley Police Department,0,0,0,1,0,,,,,,0,0,0,,,,,,,,,,,98,98,98,0,,,,,20,,,,,,,,,1,0,,,,,,
2021,106,635516,5,04-18-2021,00:17,18,4,April,,11,Clark,0,1,,3,1,2,1,0,1,1,,,,33,0,0,No vehicle,1.6,3,0,2,4 Way,3,2,1,3,0,0,3,3,SR-502,NE 29TH AVE,-122.6410667,45.77968611,98642,0,1,1,Driver Off Road,13,2,50,4,0,0,1,2,33,1,1,3,1,1,Going Straight,1,1,53,,0,49,403,2011,0,,8,,,,,,1,1,32,2,0,,0,0,3,0,11,0,,,,,0,0,0,3,1,0,,,,92,,,,,,98,,,,,,99206,53,65,190,6,1,0,1,0,0,,0,,,,,,0,03-15-2019,03-15-2019,20,0,0,0,8,9,2,,,0,,,8,8,0,0,,,0,,,0,0,996,,,,,,,,,,,,,,,,,,,,,,,,,,,,,,0,0,0,0,0,0,0,0,0,1,1,1,0,0,0,0,1,0,0,0,0,0,0,1,1,0,0,0,0,1,0,1,0,0,0,,0,0,0,0,0,0,0,0,1,0,0,0,0,0,0,0,,,,,,31-35,26-35,City street,U,Wednesday,Belt Used,PV,Not Fatal,0,0,0,0,City Street,Municipal/City Police,Spokane Valley Police Department,0,0,0,1,0,,,,,,0,0,0,,,,,,,,,,,98,98,98,0,,,,,20,,,,,,,,,1,0,,,,,,
2018,106,633217,290,04-18-2018,22:37,18,4,April,0,53,Pierce,2230,10,0,3,1,2,1,0,2,2,,,,12,0,1,Front-to-Rear,0,1,0,1,No intersection,4,2,4,6,0,0,0,0,MCKINLEY AVE E,,-122.4209361,47.18000278,98445,0,2,25,Others,53,3,30,5,0,0,1,5,12,1,1,3,1,1,Going Straight,1,1,53,,0,53,706,2020,0,,12,,,,,,1,1,42,1,7,,4,7,20,7,11,0,07-04-2021,13:48,2.23E+11,32296,0,0,0,2,1,0,,,,96,,,,,,98,,,,,,98498,53,68,163,1,1,1,2,0,1,,0,,,,,,0,06-15-2017,12-15-2021,20,8,0,0,0,9,8,,,0,,,8,8,2,695,605,,1,1,,2,1,0,,,,,,,,,,,,,,,,,,,,,,,,,,,,,,0,0,0,1,0,0,1,1,1,0,0,0,0,1,1,0,0,0,0,0,0,0,0,0,0,0,0,0,1,1,0,0,0,0,1,0,0,0,0,0,0,0,1,1,0,0,0,1,0,0,1,0,,,,,,41-45,36-45,City street,U,Sunday,,MC,Black,1,0,0,0,State Route,Municipal/City Police,Tacoma Police Department,0,1,0,0,0,thc,8.4,carboxy-thc,12,,0,1,0,,,,,,,,,,,0,0,0,2,,,,,5,,,,,,,,nms,1,0,,,,,,
2018,106,633216,290,04-18-2018,22:37,18,4,April,0,53,Pierce,2230,10,0,3,1,2,1,0,2,2,,,,12,0,1,Front-to-Rear,0,1,0,1,No intersection,4,2,4,6,0,0,0,0,MCKINLEY AVE E,,-122.4209361,47.18000278,98445,0,1,24,Others,51,3,30,4,0,0,1,2,12,1,1,3,1,1,Going Straight,1,1,53,,0,23,402,2012,0,,12,,,,,,1,1,36,1,0,,0,0,3,0,11,0,,,,,0,0,0,0,1,0,,,,96,,,,,,98,,,,,,98444,53,66,170,0,0,0,1,0,0,,97,,,,,,0,01-15-2018,01-15-2018,8,0,0,0,8,9,8,,,0,,,8,8,8,95,,,96,,,8,95,995,,,,,,,,,,,,,,,,,,,,,,,,,,,,,,0,0,0,1,0,0,1,1,1,0,0,0,0,1,1,0,0,0,0,0,0,0,0,0,0,0,0,0,1,1,0,0,0,0,0,,0,0,0,0,0,0,0,0,0,0,0,1,0,0,0,0,,,,,,36-40,36-45,City street,U,Sunday,Belt Used,PV,Not Fatal,1,0,0,0,State Route,Municipal/City Police,Tacoma Police Department,0,1,0,0,0,,,,,,0,0,0,,,,,,,,,,,98,98,98,0,,,,,20,,,,,,,,,1,0,,,,,,
2021,107,635517,6,04-16-2021,14:40,16,4,April,,37,Kittitas,0,1,,1,1,1,1,0,2,1,,,,1,0,0,No vehicle,75.5,1,0,1,No intersection,1,1,1,1,0,0,0,0,I-90,,-121.0691139,47.20010278,,0,1,2,Control/Traction Loss,1,1,70,34,0,0,1,2,1,1,1,2,3,1,Going Straight,2,2,53,,0,49,403,2011,0,,12,,,,,,1,1,41,2,0,,2,0,3,0,11,6,,,,,0,0,0,3,1,0,,,,96,,,,,,98,,,,,,99019,53,62,140,6,1,0,0,0,0,,0,,,,,,0,,,8,0,0,0,8,9,8,,,0,,,8,8,0,0,,,0,,,0,0,996,,,,,,,,,,,,,,,,,,,,,,,,,,,,,,0,0,0,1,0,0,0,0,0,0,0,0,0,0,0,0,0,0,0,0,0,0,0,0,0,1,1,1,0,1,0,0,0,0,0,,0,0,0,0,0,0,0,0,0,0,0,0,0,0,0,0,,,,,,41-45,36-45,County road,U,Tuesday,Belt Used,PV,Not Fatal,1,0,0,0,County Road,Municipal/City Police,LIBERTY LAKE POLICE DEPT,0,0,1,0,0,,,,,,0,0,0,,,,,,,,,,,98,98,98,0,,,,,20,,,,,,,,,1,0,,,,,,
2020,107,634725,248,04-21-2020,08:53,21,4,April,,33,King,1830,1,,1,1,2,1,0,2,2,08:53,08:58,,12,0,6,Angle,0,2,0,3,T Intersection,4,2,4,6,0,0,0,0,BENSON RD S,S 28th St,-122.2004778,47.45491389,98055,0,2,74,Others,15,2,40,4,0,0,1,2,12,1,2,5,1,11,Turning Red: Permitted on red,1,1,53,,0,48,34,2004,0,,12,,,,,,1,1,81,1,7,,4,0,2,0,11,5,07/14/2021,10:30,2.11E+11,34629,0,0,3,3,1,10,39,,,0,,,,,,98,,,,,,99032,53,73,290,6,1,0,2,0,1,,37,,,,,,0,06-15-2018,08-15-2021,1,0,0,0,0,9,8,,,0,,,8,8,0,0,,,0,,,0,0,996,,,,,,,,,,,,,,,,,,,,,,,,,,,,,,0,0,0,1,0,0,0,0,0,0,0,0,0,0,0,0,0,0,0,0,0,0,0,0,0,1,1,1,0,1,0,0,0,0,0,,1,0,0,0,0,0,0,0,0,0,0,0,0,0,0,0,,,,,,81+,76+,County road,U,Tuesday,Belt Used,PV,White,1,0,0,0,County Road,Municipal/City Police,LIBERTY LAKE POLICE DEPT,0,0,1,0,0,,,,,,0,0,0,,,,,,,,,,,98,98,98,1,,,,,20,,,,,,,,,1,0,,,,,,
2020,107,634724,248,04-21-2020,08:53,21,4,April,,33,King,1830,1,,1,1,2,1,0,2,2,08:53,08:58,,12,0,6,Angle,0,2,0,3,T Intersection,4,2,4,6,0,0,0,0,BENSON RD S,S 28th St,-122.2004778,47.45491389,98055,0,1,74,Others,17,2,40,80,0,0,1,2,12,1,2,5,1,15,Others,1,1,53,,0,12,481,2015,0,,18,,,,,,1,1,27,8,0,,1,0,2,0,11,0,,,,,0,0,0,2,1,0,,,,96,,,,,,98,,,,,,45219,39,73,230,3,1,0,0,0,0,,0,,,,,,0,,,20,0,0,0,8,9,8,,,0,,,8,8,0,0,,,0,,,0,0,996,,,,,,,,,,,,,,,,,,,,,,,,,,,,,,0,0,0,0,1,1,1,1,1,0,0,0,0,1,0,0,0,0,0,1,0,0,0,1,1,0,0,0,0,1,0,0,0,0,0,,0,0,0,0,0,0,0,0,0,0,0,1,0,0,0,0,,,,,,26-30,26-35,Interstate,R,Sunday,Belt Used,PV,Not Fatal,0,0,0,1,State Route,State Patrol,Washington State Patrol,0,1,0,0,0,,,,,,0,0,0,,,,,,,,,,,98,98,98,0,,,,,20,,,,,,,,,1,0,,,,,,
2019,107,633995,42,04-15-2019,14:02,15,4,April,,67,Thurston,0,1,0,1,1,7,2,0,3,2,,,,12,0,2,Front-to-Front,5.7,1,0,1,No intersection,5,1,2,4,0,0,0,0,CR-RAINIER RD SE,,-122.7699444,46.94554167,98576,0,2,51,Lateral Move(Going Straight),62,4,50,4,0,0,1,5,12,3,1,2,1,14,Making a U turn,2,1,53,,0,7,482,2016,0,,12,1,,,,,1,1,32,1,0,,2,0,3,0,11,0,,,,,0,0,0,3,1,0,,,,96,,,,,,98,,,,,,98632,53,68,195,6,1,0,0,0,1,,0,,,,,,0,07-15-2017,07-15-2017,8,0,0,0,8,9,8,,,0,,,8,8,0,0,,,0,,,0,0,996,,,,,,,,,,,,,,,,,,,,,,,,,,,,,,0,0,0,0,1,1,1,1,1,0,0,0,0,1,0,0,0,0,0,1,0,0,0,1,1,0,0,0,0,1,0,0,0,0,0,,0,0,0,0,0,0,0,0,0,0,0,0,0,0,0,0,,,,,,31-35,26-35,Interstate,R,Sunday,Belt Used,PV,Not Fatal,0,0,0,1,State Route,State Patrol,Washington State Patrol,0,1,0,0,0,,,,,,0,0,0,,,,,,,,,,,98,98,98,0,,,,,20,,,,,,,,,1,0,,,,,,
2019,107,633994,42,04-15-2019,14:02,15,4,April,,67,Thurston,0,1,0,1,1,7,2,0,3,2,,,,12,0,2,Front-to-Front,5.7,1,0,1,No intersection,5,1,2,4,0,0,0,0,CR-RAINIER RD SE,,-122.7699444,46.94554167,98576,0,1,50,Lateral Move(Left/Right),10,2,50,4,0,0,1,5,12,2,1,2,1,6,Others,1,2,53,,0,20,404,2006,0,,12,,,,,,1,1,25,1,7,,4,7,20,7,11,0,07-04-2021,03:11,53031708,31708,0,0,0,0,1,8,51,,,96,,,,,,98,,,,,,97380,41,71,180,0,0,0,7,1,1,,0,,,,,,0,10-15-2017,04-15-2020,8,0,0,0,0,9,8,,,0,,,8,8,2,695,605,,1,1,,2,1,0.123,,,,,,,,,,,,,,,,,,,,,,,,,,,,,,0,0,0,0,1,1,1,1,1,0,0,0,0,1,0,0,0,0,0,1,0,0,0,1,1,0,0,0,0,1,0,0,0,1,0,,1,0,0,0,0,1,1,1,0,0,0,1,0,0,0,1,,,,,,21-25,16-25,Interstate,R,Sunday,Not Used,PV,AIAN,0,0,0,1,State Route,State Patrol,Washington State Patrol,0,1,0,0,0,thc,3.9,carboxy-thc,8.1,,0,0,11,,,,,,,,,,,98,98,98,3,,,,,20,,,,,,,,nms,1,0,,,,,,