year,something,Cases,repjur,crash_dt,crash_tm,accday,Month,Month,holiday,county,co_char,city,weather,weather2,lightcond,surfcond,surftype,Number of Fatalities,nmforms,pforms,vforms,not_tm,arr_tm,hosp_tm,fhevent,hitrun,Manner of Collision,Manner of Collision,milepnt,reljunc,reljuncinter,intersectiontype,Intersection Type,funcsystem,landuse,ownership,route,schlbus,spejur,contdev,devfunc,trafid1,trafid2,x,y,zipcode,wk_zone,vnumber,crashtype,Crash Type,criticalevent,criticaleventcat,spdlim,body,trailer,emerg,hazcargo,leave,mhevent,roadalgn,roadprof,traflane,trafflow,Vehicle Manure,Vehicle Manure,numoccs,regowner,regstate,,spuse,make,model,modelyr,vrf1,vrf2,seqevent1,seqevent2,seqevent3,seqevent4,seqevent5,seqevent6,pnumber,ptype,age,sex,hispanic,race,injury,diedscene,restraint,restraintmisuse,seatpos,takehosp,death_dt,death_tm,cert,cernum_wa,commlic,licendor,licrestrict,liccomp,drivpres,drf1,drf2,drf3,drf4,distract1,distract2,distract3,distract4,distract5,distract6,dricond1,dricond2,dricond3,dricond4,dricond5,dricond6,dzip,licstate,drhgt_in,weight,noncdl,noncdltype,prevdwi,prevoth,prevacc,prevspd,prevsus,driviol1,driviol2,driviol3,driviol4,driviol5,driviol6,spdrel,first_dt,last_dt,airbag,ejection,ejectpath,extricat,injurwrk,methalc,methdrug,nmlocat,strikveh,prf1,prf2,prf3,druginv,alcinvol,drugsts,drugres1,drugres2,drugres3,drugtst1,drugtst2,drugtst3,alcsts,alctst,alcres,nmact1,nmact2,nmact3,nmact4,nmact5,nmact6,nmprior1,nmprior2,nmprior3,nmprior4,nmprior5,nmprior6,nmcond1,nmcond2,nmcond3,nmcond4,nmcond5,nmcond6,nmsafe_helmet,nmsafe_pads,nmsafe_oth,nmprev_ref,nmprev_lgt,nmprev_oth,crashlocation,nmcrashtype,crosswalk,schoolzone,sidewalk,train_inv,wildlife_inv,rotr_fars,intersect_fars,Drink and Drive,aid_inv,Drug Positive Drivers,Impaired Drivers,Marijuana Positive,impnm_inv,ainm_inv,dpnm_inv,speed_inv,unlic_inv,unendmc_inv,drowsy_inv,drdist_inv,nmdist_inv,fty_inv,unrestfat_inv,dr1617_inv,dr1820_inv,dr1620_inv,dr2125_inv,dr1625_inv,dr65_inv,dr70_inv,dr75_inv,mc_inv,pv_inv,ht_inv,ped_inv,bike_inv,unrest_fat,mc_fat,unhelmet_mc,pv_fat,ht_fat,ped_fat,bike_fat,dr_alc7,dr_alc8,dr_drug,dr_imp,dr_dist,dr_spd,dr_fty,dr_unlic,dr_alc7only,dr_alc8only,dr_drugonly,dr_drink,nm_imp,nm_alc7,nm_alc8,nm_drug,nm_dist,agegrp1,agegrp2,roadclass,urbrur,dayweek,restuse,vehtype,race_me,intersect,lanedep,oppdir,wrongway,rep_typ,investag,repag_long,rotr,st_rd,cty_rd,city_rd,oth_rd,drug_thc,thc_res,drug_cthc,cthc_res,drug_cann,prevpersemin,prevperse,prevsusoth,drugtst4,drugtst5,drugtst6,drugtst7,drugtst8,drugres4,drugres5,drugres6,drugres7,drugres8,adspresent,adsengaged,adslevel,race1,race2,race3,race4,race5,helmet,helmetmisuse,nmdistract1,nmdistract2,nmdistract3,nmdistract4,nmdistract5,nmdistract6,lab,isedtcase,crf1,crf2,crf3,CoRoadName,CoMP,IntCoRoadName,IntCoMP
2018,107,633225,44,04-02-2018,23:52,2,4,April,0,71,Walla Walla,0,1,0,2,1,2,1,0,3,1,23:51,00:00,00:31,1,0,0,No vehicle,1,1,0,1,No intersection,5,1,2,4,0,0,0,0,CR-RUSSELL CREEK,,-118.2785833,46.05311944,99362,0,1,98,Others,12,2,50,34,0,0,1,7,1,1,1,8,1,1,Going Straight,3,2,53,,0,55,35,2008,0,,8,,,,,,1,1,58,1,0,,0,0,3,0,11,0,,,,,6,0,0,3,1,0,,,,96,,,,,,98,,,,,,84003,49,71,208,6,1,0,0,98,3,,0,,,,,,0,10-15-2016,11-15-2019,20,0,0,0,8,9,8,,,0,,,8,8,0,0,,,0,,,0,0,996,,,,,,,,,,,,,,,,,,,,,,,,,,,,,,0,0,0,0,0,0,0,0,0,0,0,0,0,0,0,0,0,0,0,0,0,0,0,0,0,0,0,0,0,1,0,1,0,0,0,,0,0,0,0,0,0,0,0,0,0,0,0,0,0,0,0,,,,,,56-60,56-65,State route,U,Tuesday,Belt Used,PV,Not Fatal,0,0,0,0,State Route,State Patrol,Washington State Patrol,0,1,0,0,0,,,,,,0,0,0,,,,,,,,,,,98,98,98,0,,,,,20,,,,,,,,,1,0,,,,,,
2017,107,632479,4,04-11-2017,21:35,11,4,April,0,65,Stevens,0,1,0,2,1,2,1,0,3,2,,,,12,0,1,Front-to-Rear,212.7,1,0,1,No intersection,3,1,1,2,0,0,0,0,US-395,,-117.7198667,48.28613889,,0,2,25,Others,53,3,25,6,0,0,1,2,12,1,1,2,1,1,Going Straight,2,1,53,,0,14,401,2004,0,,64,69,63,24,1,,1,1,63,2,1,,4,7,3,0,11,0,07-01-2021,05:00,53032371,32371,0,0,0,3,1,58,,,,96,,,,,,9,,,,,,97882,41,61,175,6,1,0,0,1,0,,0,,,,,,0,07-15-2020,07-15-2020,20,0,0,0,0,1,8,,,0,,,8,1,2,1,,,1,,,2,1,0.071,,,,,,,,,,,,,,,,,,,,,,,,,,,,,,0,0,1,0,1,0,0,0,0,0,0,0,0,0,0,0,0,0,0,0,0,0,0,0,0,0,0,0,0,1,0,0,0,0,0,,1,0,0,0,1,0,0,0,0,0,0,0,1,0,0,1,,,,,,61-65,56-65,Interstate,R,Thursday,Belt Used,PV,Hispanic,0,1,0,0,State Route,State Patrol,Washington State Patrol,1,1,0,0,0,,,,,,0,0,0,,,,,,,,,,,98,98,98,1,,,,,20,,,,,,,,,1,0,,,,,,
2017,107,632478,4,04-11-2017,21:35,11,4,April,0,65,Stevens,0,1,0,2,1,2,1,0,3,2,,,,12,0,1,Front-to-Rear,212.7,1,0,1,No intersection,3,1,1,2,0,0,0,0,US-395,,-117.7198667,48.28613889,,0,1,24,Others,51,3,25,80,0,0,1,2,12,1,1,2,1,1,Going Straight,1,1,53,,0,23,481,1996,0,,12,63,30,,,,1,1,75,1,1,,4,0,99,7,11,0,07/14/2021,18:24,1.96E+11,34938,0,0,0,3,1,0,,,,96,,,,,,98,,,,,,98952,53,69,228,6,1,0,1,2,0,,0,,,,,,0,05-15-2019,04-15-2019,20,0,0,0,0,9,8,,,0,,,8,8,0,0,,,0,,,0,0,996,,,,,,,,,,,,,,,,,,,,,,,,,,,,,,0,0,0,0,0,0,0,0,0,0,0,0,1,0,0,0,1,0,0,0,0,0,0,0,0,1,1,1,0,1,0,0,0,0,0,,1,0,0,0,0,0,0,0,0,0,0,0,0,0,0,0,,,,,,71-75,66-75,County road,R,Friday,Unknown,PV,Hispanic,0,0,0,0,County Road,County Sheriff,Yakima County Sheriff's Office,0,0,1,0,0,,,,,,0,0,0,,,,,,,,,,,0,0,0,98,,,,,20,,,,,,,,,1,0,,,WAPATO RD. W.,0.69,NULL,
2020,108,634726,7,04-10-2020,23:17,10,4,April,,33,King,475,10,,2,1,1,1,1,1,1,23:18,23:28,,8,0,0,No vehicle,0.2,20,1,1,No intersection,3,2,1,3,0,0,0,0,SR-18 RAMP 018S101091,,-122.1253139,47.35551667,98027,0,1,13,Pedestrian/Animal,80,5,60,14,0,0,1,2,8,1,2,1,6,3,Others,1,2,53,,0,7,403,2007,0,,12,,,,,,1,1,26,1,0,,0,0,3,0,11,0,,,,,0,0,0,3,1,0,,,,15,,,,,,98,,,,,,98951,53,65,150,6,1,0,1,1,5,,97,,,,,,3,05-15-2018,06-15-2021,1,0,0,0,8,9,8,,,0,,,8,8,0,0,,,0,,,0,0,996,,,,,,,,,,,,,,,,,,,,,,,,,,,,,,0,0,0,0,0,0,0,0,0,0,0,0,1,0,0,0,1,0,0,0,0,0,0,0,0,1,1,1,0,1,0,0,0,0,0,,0,0,0,0,0,0,0,0,1,1,0,0,0,0,0,0,,,,,,26-30,26-35,County road,R,Friday,Belt Used,PV,Not Fatal,0,0,0,0,County Road,County Sheriff,Yakima County Sheriff's Office,0,0,1,0,0,,,,,,0,0,0,,,,,,,,,,,98,98,98,0,,,,,20,,,,,,,,,1,0,,,WAPATO RD. W.,0.69,NULL,
2019,108,633913,290,03-05-2019,16:52,5,3,March,,53,Pierce,2230,1,0,1,1,1,1,0,2,2,,,,12,0,6,Angle,0,2,0,2,4 Way,7,2,4,6,0,0,0,0,S ASOTIN ST,S 49TH ST,-122.4564056,47.21299722,98408,0,2,86,Others,66,4,25,6,0,0,1,5,12,1,1,2,1,1,Going Straight,1,2,53,,0,49,403,2002,0,,12,63,35,,,,1,1,46,2,0,,1,0,3,0,11,0,,,,,0,0,3,3,1,0,,,,96,,,,,,98,,,,,,98023,53,64,128,6,1,0,0,0,1,,0,,,,,,0,05-15-2017,05-15-2017,20,0,0,0,8,9,8,,,0,,,8,8,0,0,,,0,,,0,0,996,,,,,,,,,,,,,,,,,,,,,,,,,,,,,,0,0,0,1,0,0,0,0,0,0,0,0,0,0,0,0,0,0,1,0,0,0,0,0,0,0,0,0,0,1,0,0,0,0,0,,0,0,0,0,0,0,0,0,0,0,0,0,0,0,0,0,,,,,,46-50,46-55,City street,U,Thursday,Belt Used,PV,Not Fatal,1,0,0,0,County Road,Municipal/City Police,Fife Police Department,0,0,1,0,0,,,,,,0,0,0,,,,,,,,,,,98,98,98,0,,,,,20,,,,,,,,,1,0,,,010 ST E,0.12,NULL,
2019,108,633912,290,03-05-2019,16:52,5,3,March,,53,Pierce,2230,1,0,1,1,1,1,0,2,2,,,,12,0,6,Angle,0,2,0,2,4 Way,7,2,4,6,0,0,0,0,S ASOTIN ST,S 49TH ST,-122.4564056,47.21299722,98408,0,1,87,Others,17,2,25,2,0,0,1,5,12,1,1,2,1,1,Going Straight,1,2,53,,0,12,444,2021,0,,12,,,,,,1,1,53,1,0,,1,0,3,0,11,0,,,,,0,0,0,3,1,38,,,,96,,,,,,98,,,,,,98003,53,69,200,6,1,0,0,0,0,,97,,,,,,0,,,8,0,0,0,8,9,8,,,0,,,8,8,0,0,,,0,,,0,0,996,,,,,,,,,,,,,,,,,,,,,,,,,,,,,,0,0,0,1,0,0,0,0,0,0,0,0,0,0,0,0,0,0,1,0,0,0,0,0,0,0,0,0,0,1,0,0,0,0,0,,0,0,0,0,0,0,0,0,0,0,1,0,0,0,0,0,,,,,,51-55,46-55,City street,U,Thursday,Belt Used,PV,Not Fatal,1,0,0,0,County Road,Municipal/City Police,Fife Police Department,0,0,1,0,0,,,,,,0,0,0,,,,,,,,,,,98,98,98,0,,,,,20,,,,,,,,,1,0,,,010 ST E,0.12,NULL,
2018,108,633224,42,04-14-2018,18:00,14,4,April,0,67,Thurston,0,2,0,1,2,2,1,0,5,2,,,,12,0,2,Front-to-Front,0.3,1,0,1,No intersection,5,2,2,4,0,0,0,0,CR-BLACK LAKE BLVD,,-122.9835806,46.99770278,98512,0,2,51,Lateral Move(Going Straight),62,4,35,5,0,0,1,7,12,1,1,2,1,1,Going Straight,2,1,53,,3,92,988,2010,0,,12,,,,,,1,1,52,1,0,,0,0,2,0,11,0,,,,,6,1,3,3,1,0,,,,96,,,,,,98,,,,,,98375,53,68,167,6,1,0,0,0,0,,0,,,,,,0,,,20,0,0,0,8,9,8,,,0,,,8,8,8,95,,,96,,,8,95,995,,,,,,,,,,,,,,,,,,,,,,,,,,,,,,0,0,0,1,0,0,1,1,0,0,0,0,0,1,0,0,0,0,0,1,0,0,0,0,0,1,1,0,0,1,0,0,0,0,0,,0,0,0,0,0,0,0,0,0,0,0,0,0,0,0,0,,,,,,51-55,46-55,City street,U,Monday,,BUS,Not Fatal,1,0,0,0,City Street,Municipal/City Police,Tacoma Police Department,0,0,0,1,0,,,,,,0,0,0,,,,,,,,,,,98,98,98,0,,,,,20,,,,,,,,,1,0,,,,,,
2018,108,633223,42,04-14-2018,18:00,14,4,April,0,67,Thurston,0,2,0,1,2,2,1,0,5,2,,,,12,0,2,Front-to-Front,0.3,1,0,1,No intersection,5,2,2,4,0,0,0,0,CR-BLACK LAKE BLVD,,-122.9835806,46.99770278,98512,0,1,50,Lateral Move(Left/Right),10,2,35,4,0,0,1,7,12,1,1,2,1,6,Others,3,1,53,,0,12,401,1996,0,,12,,,,,,1,1,70,1,7,,4,0,20,7,11,4,06/28/2021,17:42,2.23E+11,35598,0,0,0,0,1,26,,,,96,,,,,,9,,,,,,98405,53,68,220,0,0,0,0,0,0,,0,,,,,,0,,,20,0,0,0,0,9,8,,,0,,,1,8,2,401,417,151,1,1,1,2,1,0,,,,,,,,,,,,,,,,,,,,,,,,,,,,,,0,0,0,1,0,0,1,1,0,0,0,0,0,1,0,0,0,0,0,1,0,0,0,0,0,1,1,0,0,1,0,0,0,1,0,,1,0,0,0,0,0,1,1,0,0,0,1,0,0,1,0,,,,,,66-70,66-75,City street,U,Monday,Not Used,PV,White,1,0,0,0,City Street,Municipal/City Police,Tacoma Police Department,0,0,0,1,0,,,,,,0,0,0,,,,,,,,,,,0,0,0,1,,,,,20,,,,,,,,,1,0,,,,,,
2021,109,635518,330,04-18-2021,14:04,18,4,April,,77,Yakima,2590,1,,1,0,0,1,0,3,1,,,,5,0,0,No vehicle,0,1,0,1,No intersection,7,2,4,6,0,0,0,0,E SPRUCE ST,,-120.4867778,46.60201667,98901,0,1,0,Others,98,7,0,34,0,0,1,5,5,0,0,0,0,11,Turning Red: Permitted on red,3,1,53,,0,82,881,2019,0,,12,,,,,,1,1,51,1,0,,0,0,3,0,11,0,,,,,6,3,0,3,1,0,,,,0,,,,,,98,,,,,,98377,53,73,220,6,1,0,0,0,0,,0,,,,,,0,,,20,0,0,0,8,9,8,,,0,,,8,8,2,1,,,1,,,2,1,0,,,,,,,,,,,,,,,,,,,,,,,,,,,,,,0,0,0,0,0,0,0,0,0,0,0,0,1,0,0,0,0,0,0,0,0,0,0,0,0,1,1,1,0,1,1,0,0,0,0,,0,0,0,0,0,0,0,0,0,0,0,0,0,0,0,0,,,,,,51-55,46-55,State route,U,Friday,,MHTRUCK,Not Fatal,0,0,0,0,State Route,State Patrol,Washington State Patrol,0,1,0,0,0,,,,,,0,0,0,,,,,,,,,,,98,98,98,0,,,,,20,,,,,,,,,1,0,,,,,,
2020,109,634728,24,04-17-2020,18:08,17,4,April,,31,Jefferson,0,10,,1,1,1,1,0,2,1,18:09,18:16,,1,0,0,No vehicle,4.7,1,0,1,No intersection,5,1,2,4,0,0,0,0,CR-CENTER RD,,-122.7855528,47.94600556,98325,0,1,7,Control/Traction Loss,13,2,55,4,0,0,1,2,1,3,1,2,1,14,Making a U turn,2,2,53,,0,41,403,2020,0,,12,63,1,,,,1,1,55,1,0,,0,0,3,0,11,0,,,,,0,0,3,3,1,0,,,,0,,,,,,98,,,,,,98443,53,67,165,6,1,0,0,0,0,,0,,,,,,0,,,8,0,0,0,8,9,8,,,0,,,8,8,8,95,,,96,,,2,1,997,,,,,,,,,,,,,,,,,,,,,,,,,,,,,,0,0,0,0,0,0,0,0,0,0,0,0,1,0,0,0,0,0,0,0,0,0,0,0,0,1,1,1,0,1,1,0,0,0,0,,0,0,0,0,0,0,0,0,0,0,0,0,0,0,0,0,,,,,,51-55,46-55,State route,U,Friday,Belt Used,PV,Not Fatal,0,0,0,0,State Route,State Patrol,Washington State Patrol,0,1,0,0,0,,,,,,0,0,0,,,,,,,,,,,98,98,98,0,,,,,20,,,,,,,,,1,0,,,,,,
2019,109,633999,6,03-22-2019,15:54,22,3,March,,25,Grant,0,1,0,1,1,2,1,0,4,4,,,,12,0,2,Front-to-Front,53,1,0,1,No intersection,3,1,1,3,0,0,0,0,SR-17,,-119.3635556,47.19926389,,0,4,98,Others,62,4,60,4,0,0,1,7,12,1,1,2,1,1,Going Straight,1,1,53,,0,12,880,2012,0,,12,12,,,,,1,1,81,2,7,,4,7,3,0,11,0,06/18/2021,13:32,53029902,29902,0,0,0,3,1,26,,,,96,,,,,,98,,,,,,98274,53,67,190,6,1,0,0,2,0,,0,,,,,,4,01-15-2017,12-15-2018,8,0,0,0,0,9,8,,,0,,,8,8,2,1,,,1,,,2,1,0,,,,,,,,,,,,,,,,,,,,,,,,,,,,,,0,0,0,0,0,0,0,0,0,0,0,0,1,0,0,0,0,0,0,0,0,0,0,0,0,1,1,1,0,1,1,0,0,0,0,,0,1,0,0,0,0,0,0,0,1,0,0,0,0,0,0,,,,,,81+,76+,State route,U,Friday,,MHTRUCK,White,0,0,0,0,State Route,State Patrol,Washington State Patrol,0,1,0,0,0,,,,,,0,0,0,,,,,,,,,,,98,98,98,1,,,,,20,,,,,,,,,1,0,,,,,,
2019,109,633998,6,03-22-2019,15:54,22,3,March,,25,Grant,0,1,0,1,1,2,1,0,4,4,,,,12,0,2,Front-to-Front,53,1,0,1,No intersection,3,1,1,3,0,0,0,0,SR-17,,-119.3635556,47.19926389,,0,3,98,Others,62,4,60,6,0,0,1,7,12,1,1,2,1,1,Going Straight,1,1,53,,0,63,401,2017,0,,8,,,,,,1,1,32,1,0,,0,0,3,0,11,0,,,,,0,0,0,3,1,0,,,,15,,,,,,98,,,,,,99208,53,74,230,6,1,0,0,1,1,,97,,,,,,0,01-15-2019,12-15-2021,20,0,0,0,8,9,2,,,0,,,8,8,8,95,,,96,,,2,1,997,,,,,,,,,,,,,,,,,,,,,,,,,,,,,,0,0,0,0,0,0,0,0,0,1,1,0,0,0,0,0,1,0,0,0,0,0,0,0,0,0,0,0,0,1,0,1,0,0,0,,0,0,0,0,0,0,0,0,1,0,0,0,0,0,0,0,,,,,,31-35,26-35,City street,U,Wednesday,Belt Used,PV,Not Fatal,0,0,0,0,City Street,Municipal/City Police,Spokane Police Department,0,0,0,1,0,,,,,,0,0,0,,,,,,,,,,,98,98,98,0,,,,,20,,,,,,,,,1,0,,,,,,
2019,109,633997,6,03-22-2019,15:54,22,3,March,,25,Grant,0,1,0,1,1,2,1,0,4,4,,,,12,0,2,Front-to-Front,53,1,0,1,No intersection,3,1,1,3,0,0,0,0,SR-17,,-119.3635556,47.19926389,,0,2,51,Lateral Move(Going Straight),62,4,60,34,0,0,1,7,12,1,1,2,1,1,Going Straight,1,1,53,,0,82,898,2021,0,,12,,,,,,1,1,48,1,0,,0,0,3,0,11,0,,,,,6,1,3,3,1,0,,,,96,,,,,,98,,,,,,98391,53,70,169,6,1,0,0,0,0,,0,,,,,,0,,,20,0,0,0,8,9,8,,,0,,,8,8,0,0,,,0,,,0,0,996,,,,,,,,,,,,,,,,,,,,,,,,,,,,,,0,0,0,0,0,0,1,1,0,0,0,0,1,0,0,0,0,0,0,0,0,0,0,0,0,0,0,0,0,1,1,0,0,0,0,,0,0,0,0,0,0,0,0,0,0,0,0,0,0,0,0,,,,,,46-50,46-55,State route,R,Monday,,MHTRUCK,Not Fatal,0,1,1,0,State Route,State Patrol,Washington State Patrol,0,1,0,0,0,,,,,,0,0,0,,,,,,,,,,,98,98,98,0,,,,,20,,,,,,,,,1,0,,,,,,
2019,109,633996,6,03-22-2019,15:54,22,3,March,,25,Grant,0,1,0,1,1,2,1,0,4,4,,,,12,0,2,Front-to-Front,53,1,0,1,No intersection,3,1,1,3,0,0,0,0,SR-17,,-119.3635556,47.19926389,,0,1,50,Lateral Move(Left/Right),10,2,60,4,0,0,1,7,12,1,1,2,1,1,Going Straight,1,1,53,,0,12,37,2013,0,,68,12,,,,,1,1,36,1,7,,4,7,3,0,11,0,06-07-2021,03:54,53028880,28880,0,0,0,3,1,28,,,,96,,,,,,98,,,,,,98006,53,73,260,6,1,0,0,0,1,,0,,,,,,4,05-15-2017,06-15-2018,1,0,0,0,0,9,8,,,0,,,8,8,2,996,128,157,1,1,1,2,1,0,,,,,,,,,,,,,,,,,,,,,,,,,,,,,,0,0,0,0,0,0,1,1,0,0,0,0,1,0,0,0,0,0,0,0,0,0,0,0,0,0,0,0,0,1,1,0,0,0,0,,1,0,0,0,0,0,1,1,0,1,0,0,0,0,1,0,,,,,,36-40,36-45,State route,R,Monday,Belt Used,PV,White,0,1,1,0,State Route,State Patrol,Washington State Patrol,0,1,0,0,0,,,,,,0,0,1,1,1,,,,401,417,,,,98,98,98,1,,,,,20,,,,,,,,,1,0,,,,,,
2018,109,633222,42,04-20-2018,15:47,20,4,April,0,67,Thurston,0,1,0,1,1,2,1,0,1,1,,,,35,0,0,No vehicle,2,1,0,1,No intersection,5,1,2,4,0,0,0,0,CR-STEAMBOAT ISLAND RD,,-123.00675,47.10473611,98502,0,1,1,Driver Off Road,13,2,50,14,0,0,1,2,42,3,1,2,1,14,Making a U turn,1,1,53,,0,12,24,2011,0,,12,,,,,,1,1,32,1,0,,0,0,3,0,11,0,,,,,0,0,0,3,1,0,,,,96,,,,,,98,,,,,,98103,53,68,176,6,1,0,0,0,0,,0,,,,,,0,,,20,0,0,0,8,9,8,,,0,,,8,8,8,95,,,96,,,8,95,995,,,,,,,,,,,,,,,,,,,,,,,,,,,,,,0,0,0,1,0,0,0,0,0,0,0,0,1,0,0,0,0,0,0,0,0,0,0,0,0,0,0,0,1,1,0,0,0,0,0,,0,0,0,0,0,0,0,0,0,0,0,0,0,0,0,0,,,,,,31-35,26-35,State route,U,Friday,Belt Used,PV,Not Fatal,1,0,0,0,State Route,State Patrol,Washington State Patrol,0,1,0,0,0,,,,,,0,0,0,,,,,,,,,,,98,98,98,0,,,,,20,,,,,,,,,1,0,,,,,,
2017,109,632486,8,04-13-2017,12:45,13,4,April,0,9,Clallam,0,2,0,1,2,2,1,0,1,1,,,,1,0,0,No vehicle,205.1,1,0,1,No intersection,3,1,1,2,0,0,0,0,US-101,,-124.2441528,48.06712222,,0,1,1,Driver Off Road,11,2,60,34,0,0,1,2,31,1,1,2,1,1,Going Straight,1,2,53,,0,72,706,2005,0,,1,12,,,,,1,1,56,1,7,,4,0,20,7,11,5,07-02-2021,13:20,1.96E+11,34372,0,0,0,3,1,0,,,,96,,,,,,98,,,,,,98375,53,72,208,6,1,0,0,1,1,,0,,,,,,4,12-15-2017,12-15-2017,20,8,0,0,0,9,8,,,0,,,8,8,9,999,,,99,,,9,99,999,,,,,,,,,,,,,,,,,,,,,,,,,,,,,,0,0,0,1,0,0,0,0,0,0,0,0,1,0,0,0,0,0,0,0,0,0,0,0,0,0,0,0,1,1,0,0,0,0,1,0,0,0,0,0,0,0,0,0,0,1,0,0,0,0,0,0,,,,,,56-60,56-65,State route,U,Friday,,MC,White,1,0,0,0,State Route,State Patrol,Washington State Patrol,0,1,0,0,0,,,,,,0,0,0,,,,,,,,,,,0,0,0,1,,,,,5,,,,,,,,,1,0,,,,,,
2021,110,635520,4,04-21-2021,12:17,21,4,April,,63,Spokane,0,1,,1,1,2,1,0,2,2,,,,12,0,1,Front-to-Rear,268.7,1,0,1,No intersection,3,2,1,2,0,0,0,0,US-2,,-117.6141806,47.64293333,99022,0,2,29,Others,53,3,55,14,0,0,1,5,12,1,1,5,5,2,Others,1,1,53,,0,51,881,2009,0,,12,,,,,,1,1,48,1,0,,0,0,3,0,11,0,,,,,6,1,0,3,1,0,,,,96,,,,,,98,,,,,,98682,53,68,255,6,1,0,1,0,0,,0,,,,,,0,12-15-2016,12-15-2016,20,0,0,0,8,9,2,,,0,,,8,0,0,0,,,0,,,2,98,0,,,,,,,,,,,,,,,,,,,,,,,,,,,,,,0,0,0,1,0,0,0,0,0,0,0,0,0,0,0,0,0,0,1,0,0,0,0,0,0,0,0,0,0,1,1,0,0,0,0,,0,0,0,0,0,0,0,0,0,0,0,0,0,0,0,0,,,,,,46-50,46-55,State route,U,Tuesday,,MHTRUCK,Not Fatal,1,0,0,0,State Route,State Patrol,Washington State Patrol,0,1,0,0,0,,,,,,0,0,0,,,,,,,,,,,98,98,98,0,,,,,20,,,,,,,,,1,0,,,,,,
2021,110,635519,4,04-21-2021,12:17,21,4,April,,63,Spokane,0,1,,1,1,2,1,0,2,2,,,,12,0,1,Front-to-Rear,268.7,1,0,1,No intersection,3,2,1,2,0,0,0,0,US-2,,-117.6141806,47.64293333,99022,0,1,28,Others,52,3,55,80,0,0,1,2,12,1,1,5,5,1,Going Straight,1,1,53,,0,12,481,1973,0,,12,,,,,,1,1,62,1,0,,2,0,3,0,11,0,,,,,0,0,0,3,1,38,,,,96,,,,,,98,,,,,,98582,53,65,185,6,1,0,0,0,0,,97,,,,,,0,,,20,0,0,0,8,9,2,,,0,,,8,0,0,0,,,0,,,2,98,0,,,,,,,,,,,,,,,,,,,,,,,,,,,,,,0,0,0,1,0,0,0,0,0,0,0,0,0,0,0,0,0,0,1,0,0,0,0,0,0,0,0,0,0,1,1,0,0,0,0,,0,0,0,0,0,0,0,0,0,0,1,0,0,0,0,0,,,,,,61-65,56-65,State route,U,Tuesday,Belt Used,PV,Not Fatal,1,0,0,0,State Route,State Patrol,Washington State Patrol,0,1,0,0,0,,,,,,0,0,0,,,,,,,,,,,0,0,0,0,,,,,20,,,,,,,,,1,0,,,,,,
2020,110,634730,18,04-26-2020,19:46,26,4,April,,19,Ferry,0,1,,5,1,4,1,0,3,2,,,,12,0,8,Other,0.1,1,0,1,No intersection,7,1,2,4,0,0,0,0,CR-LAKE ELLEN RD,,-118.1801056,48.53921389,,0,2,66,Specific Other,54,3,30,80,0,0,1,2,12,1,1,8,1,1,Going Straight,1,2,53,,0,20,421,2001,0,,68,64,35,1,,,1,1,24,2,7,,4,7,20,7,11,0,06/26/2021,19:55,53031064,31064,0,0,0,3,1,0,,,,96,,,,,,9,,,,,,98241,53,70,160,6,1,0,0,0,0,,0,,,,,,4,,,20,2,9,0,0,1,8,,,0,,,8,1,2,1,,,1,,,2,1,0.066,,,,,,,,,,,,,,,,,,,,,,,,,,,,,,0,0,0,0,1,0,0,0,0,0,0,0,1,0,0,0,0,0,0,1,0,0,0,1,1,0,0,0,0,1,0,0,0,1,0,,1,0,0,0,1,0,0,0,0,1,0,0,1,0,0,1,,,,,,21-25,16-25,County road,R,Saturday,Not Used,PV,White,0,1,0,0,County Road,State Patrol,Washington State Patrol,1,0,1,0,0,,,,,,0,0,0,,,,,,,,,,,98,98,98,1,,,,,20,,,,,,,,,1,0,,,OLD CONCRETE SAUK VALLEY ROAD,0.55,NULL,
2020,110,634729,18,04-26-2020,19:46,26,4,April,,19,Ferry,0,1,,5,1,4,1,0,3,2,,,,12,0,8,Other,0.1,1,0,1,No intersection,7,1,2,4,0,0,0,0,CR-LAKE ELLEN RD,,-118.1801056,48.53921389,,0,1,66,Specific Other,54,3,30,96,0,0,1,2,12,1,1,8,1,1,Going Straight,2,1,53,,0,12,471,2003,0,,68,64,42,1,,,1,1,17,1,0,,1,0,3,0,11,0,,,,,0,0,2,3,1,73,,,,96,,,,,,98,,,,,,98332,53,73,275,6,2,0,0,0,0,,97,,,,,,0,,,8,0,0,0,8,9,8,,,0,,,8,8,8,95,,,96,,,8,95,995,,,,,,,,,,,,,,,,,,,,,,,,,,,,,,0,0,1,0,0,0,0,0,0,0,0,0,0,0,0,0,0,0,0,1,1,0,1,0,1,0,0,0,0,1,0,0,0,0,0,,0,0,0,0,0,0,0,0,0,0,0,0,0,0,0,0,,,,,,16-17,16-25,County road,R,Monday,Belt Used,PV,Not Fatal,0,1,0,0,County Road,County Sheriff,Law Enforcement Support Agency,1,0,1,0,0,,,,,,0,0,0,,,,,,,,,,,98,98,98,0,,,,,20,,,,,,,,,1,0,,,BLISS COCHRANE RD NW,0.61,NULL,