year,something,Cases,repjur,crash_dt,crash_tm,accday,Month,Month,holiday,county,co_char,city,weather,weather2,lightcond,surfcond,surftype,Number of Fatalities,nmforms,pforms,vforms,not_tm,arr_tm,hosp_tm,fhevent,hitrun,Manner of Collision,Manner of Collision,milepnt,reljunc,reljuncinter,intersectiontype,Intersection Type,funcsystem,landuse,ownership,route,schlbus,spejur,contdev,devfunc,trafid1,trafid2,x,y,zipcode,wk_zone,vnumber,crashtype,Crash Type,criticalevent,criticaleventcat,spdlim,body,trailer,emerg,hazcargo,leave,mhevent,roadalgn,roadprof,traflane,trafflow,Vehicle Manure,Vehicle Manure,numoccs,regowner,regstate,,spuse,make,model,modelyr,vrf1,vrf2,seqevent1,seqevent2,seqevent3,seqevent4,seqevent5,seqevent6,pnumber,ptype,age,sex,hispanic,race,injury,diedscene,restraint,restraintmisuse,seatpos,takehosp,death_dt,death_tm,cert,cernum_wa,commlic,licendor,licrestrict,liccomp,drivpres,drf1,drf2,drf3,drf4,distract1,distract2,distract3,distract4,distract5,distract6,dricond1,dricond2,dricond3,dricond4,dricond5,dricond6,dzip,licstate,drhgt_in,weight,noncdl,noncdltype,prevdwi,prevoth,prevacc,prevspd,prevsus,driviol1,driviol2,driviol3,driviol4,driviol5,driviol6,spdrel,first_dt,last_dt,airbag,ejection,ejectpath,extricat,injurwrk,methalc,methdrug,nmlocat,strikveh,prf1,prf2,prf3,druginv,alcinvol,drugsts,drugres1,drugres2,drugres3,drugtst1,drugtst2,drugtst3,alcsts,alctst,alcres,nmact1,nmact2,nmact3,nmact4,nmact5,nmact6,nmprior1,nmprior2,nmprior3,nmprior4,nmprior5,nmprior6,nmcond1,nmcond2,nmcond3,nmcond4,nmcond5,nmcond6,nmsafe_helmet,nmsafe_pads,nmsafe_oth,nmprev_ref,nmprev_lgt,nmprev_oth,crashlocation,nmcrashtype,crosswalk,schoolzone,sidewalk,train_inv,wildlife_inv,rotr_fars,intersect_fars,Drink and Drive,aid_inv,Drug Positive Drivers,Impaired Drivers,Marijuana Positive,impnm_inv,ainm_inv,dpnm_inv,speed_inv,unlic_inv,unendmc_inv,drowsy_inv,drdist_inv,nmdist_inv,fty_inv,unrestfat_inv,dr1617_inv,dr1820_inv,dr1620_inv,dr2125_inv,dr1625_inv,dr65_inv,dr70_inv,dr75_inv,mc_inv,pv_inv,ht_inv,ped_inv,bike_inv,unrest_fat,mc_fat,unhelmet_mc,pv_fat,ht_fat,ped_fat,bike_fat,dr_alc7,dr_alc8,dr_drug,dr_imp,dr_dist,dr_spd,dr_fty,dr_unlic,dr_alc7only,dr_alc8only,dr_drugonly,dr_drink,nm_imp,nm_alc7,nm_alc8,nm_drug,nm_dist,agegrp1,agegrp2,roadclass,urbrur,dayweek,restuse,vehtype,race_me,intersect,lanedep,oppdir,wrongway,rep_typ,investag,repag_long,rotr,st_rd,cty_rd,city_rd,oth_rd,drug_thc,thc_res,drug_cthc,cthc_res,drug_cann,prevpersemin,prevperse,prevsusoth,drugtst4,drugtst5,drugtst6,drugtst7,drugtst8,drugres4,drugres5,drugres6,drugres7,drugres8,adspresent,adsengaged,adslevel,race1,race2,race3,race4,race5,helmet,helmetmisuse,nmdistract1,nmdistract2,nmdistract3,nmdistract4,nmdistract5,nmdistract6,lab,isedtcase,crf1,crf2,crf3,CoRoadName,CoMP,IntCoRoadName,IntCoMP
2019,110,634000,6,04-15-2019,14:17,15,4,April,,17,Douglas,0,1,0,1,1,2,1,0,2,1,,,,1,0,0,No vehicle,1.5,1,0,1,No intersection,4,1,1,3,0,0,0,0,SR-174,,-119.3601083,47.93376944,99133,0,1,7,Control/Traction Loss,13,2,60,20,0,0,1,7,1,2,1,2,1,14,Making a U turn,2,1,53,,0,49,402,2017,0,,12,,,,,,1,1,36,1,0,,2,0,3,0,11,0,,,,,0,0,0,3,1,0,,,,96,,,,,,98,,,,,,98204,53,61,130,6,1,0,0,0,1,,0,,,,,,0,11-15-2018,11-15-2018,8,0,0,0,8,9,8,,,0,,,8,8,0,0,,,0,,,0,0,996,,,,,,,,,,,,,,,,,,,,,,,,,,,,,,0,0,0,0,0,0,1,1,0,0,0,0,1,1,0,0,0,0,0,0,0,0,0,0,0,0,0,0,0,1,0,0,0,0,0,,0,0,0,0,0,0,0,0,0,0,0,0,0,0,0,0,,,,,,36-40,36-45,State route,U,Monday,Belt Used,PV,Not Fatal,0,1,1,0,State Route,State Patrol,Washington State Patrol,0,1,0,0,0,,,,,,0,0,0,,,,,,,,,,,98,98,98,0,,,,,20,,,,,,,,,1,0,,,,,,
2018,110,633221,67,04-20-2018,04:51,20,4,April,0,35,Kitsap,0,1,0,3,1,2,1,0,1,1,,,,38,0,0,No vehicle,1.5,1,0,1,No intersection,4,2,2,6,0,0,0,0,TRACYTON BEACH RD,,-122.6466583,47.58658056,98310,0,1,7,Control/Traction Loss,10,2,30,4,0,0,1,7,1,1,1,2,1,1,Going Straight,1,1,53,,0,49,32,1990,0,,64,65,12,,,,1,1,31,1,7,,4,0,3,0,11,0,06/17/2021,16:38,1.96E+11,29958,0,0,0,0,1,28,58,,,96,,,,,,9,,,,,,98258,53,74,150,0,0,2,1,0,1,,0,,,,,,3,08-15-2017,08-15-2020,20,0,0,0,0,9,8,,,0,,,1,8,2,996,348,401,1,1,1,2,1,0,,,,,,,,,,,,,,,,,,,,,,,,,,,,,,0,0,0,0,0,0,1,1,0,0,0,0,1,1,0,0,0,0,0,0,0,0,0,0,0,0,0,0,0,1,0,0,0,0,0,,1,0,0,0,0,0,1,1,0,1,0,1,0,0,1,0,,,,,,31-35,26-35,State route,U,Monday,Belt Used,PV,White,0,1,1,0,State Route,State Patrol,Washington State Patrol,0,1,0,0,0,,,,,,0,0,3,1,1,1,,,417,151,996,,,0,0,0,1,,,,,20,,,,,,,,,1,0,,,,,,
2017,110,632490,3,04-14-2017,20:45,14,4,April,0,53,Pierce,0,2,0,2,2,2,1,1,1,1,20:45,21:02,22:03,8,0,0,No vehicle,31.4,1,0,1,No intersection,4,2,1,3,0,0,0,0,SR-507,,-122.5546028,46.93726944,98558,0,1,13,Pedestrian/Animal,80,5,35,14,0,0,1,5,8,1,1,4,1,1,Going Straight,1,1,53,,0,14,36,1999,0,,63,42,,,,,1,1,31,1,7,,4,0,20,7,11,5,06/26/2021,22:11,2.11E+11,32620,0,0,0,3,1,0,,,,96,,,,,,98,,,,,,99026,53,75,200,6,1,0,0,0,0,,0,,,,,,0,,,1,0,0,0,0,9,8,,,0,,,8,8,2,695,605,,1,1,,2,1,0.178,,,,,,,,,,,,,,,,,,,,,,,,,,,,,,0,0,1,0,1,1,1,1,1,0,0,0,0,0,0,0,0,0,0,1,0,0,0,0,0,0,0,0,0,1,0,0,0,1,0,,1,0,0,0,0,1,1,1,0,0,0,0,0,0,0,1,,,,,,31-35,26-35,County road,R,Saturday,Not Used,PV,Black,0,1,0,0,County Road,County Sheriff,Spokane County Sheriff's Office,1,0,1,0,0,thc,50,carboxy-thc,53,,0,0,0,,,,,,,,,,,0,0,0,2,,,,,20,,,,,,,,nms,1,0,,,CHARLES RD,7.72,NULL,
2020,111,3836302,263,04-01-2020,20:15,1,4,April,,33,King,1960,1,,3,1,2,1,1,1,1,,,,8,1,0,No vehicle,33.2,3,0,2,4 Way,3,2,1,3,0,0,3,3,SR-99,N 125TH ST,-122.3449417,47.71958611,98133,0,1,13,Pedestrian/Animal,80,5,40,4,0,0,1,5,8,1,1,4,1,1,Going Straight,1,1,53,,0,98,706,2019,0,,12,,,,,,1,1,49,1,7,,4,0,20,7,11,5,06/22/2021,11:28,2.11E+11,30980,0,0,3,3,1,0,,,,96,,,,,,98,,,,,,99206,53,66,190,6,1,0,0,0,0,,0,,,,,,0,,,20,8,0,0,0,9,8,,,0,,,8,8,0,0,,,0,,,0,0,996,,,,,,,,,,,,,,,,,,,,,,,,,,,,,,0,0,0,1,0,0,0,0,0,0,0,0,0,0,0,1,0,0,0,0,0,0,0,0,0,0,0,0,1,1,0,0,0,0,1,0,0,0,0,0,0,0,0,0,0,0,0,0,0,0,0,0,,,,,,46-50,46-55,City street,U,Tuesday,,MC,White,0,1,1,0,City Street,Municipal/City Police,Spokane Valley Police Department,0,0,0,1,0,,,,,,0,0,0,,,,,,,,,,,0,0,0,1,,,,,5,,,,,,,,,1,0,,,,,,
2021,111,635522,160,04-24-2021,16:28,24,4,April,,33,King,1030,2,,1,2,2,1,0,2,2,,,,12,0,6,Angle,0,1,0,1,No intersection,4,2,4,6,0,0,0,0,CENTRAL AVE N,,-122.2302778,47.37234167,98032,0,2,98,Others,62,4,35,4,0,0,1,5,12,2,1,5,5,14,Making a U turn,1,1,53,,0,48,401,2009,0,,68,12,,,,,1,1,38,2,0,,1,0,3,0,11,5,,,,,0,0,3,3,1,28,,,,0,,,,,,2,,,,,,99216,53,66,400,6,1,0,0,0,0,,97,,,,,,0,,,1,0,0,0,8,9,8,,,0,,,8,8,0,0,,,0,,,0,0,996,,,,,,,,,,,,,,,,,,,,,,,,,,,,,,0,0,0,1,0,0,0,0,0,0,0,0,0,0,0,1,0,0,0,0,0,0,0,0,0,0,0,0,1,1,0,0,0,0,0,,0,0,0,0,0,0,0,0,0,0,0,0,0,0,0,0,,,,,,36-40,36-45,City street,U,Tuesday,Belt Used,PV,Not Fatal,0,1,1,0,City Street,Municipal/City Police,Spokane Valley Police Department,0,0,0,1,0,,,,,,0,0,0,,,,,,,,,,,98,98,98,0,,,,,20,,,,,,,,,1,0,,,,,,
2021,111,635521,160,04-24-2021,16:28,24,4,April,,33,King,1030,2,,1,2,2,1,0,2,2,,,,12,0,6,Angle,0,1,0,1,No intersection,4,2,4,6,0,0,0,0,CENTRAL AVE N,,-122.2302778,47.37234167,98032,0,1,98,Others,9,1,35,4,0,0,1,5,12,3,1,5,5,14,Making a U turn,1,1,53,,0,41,52,2010,0,,12,,,,,,1,1,47,2,0,,0,0,3,0,11,0,,,,,0,0,0,3,1,0,,,,96,,,,,,98,,,,,,98115,53,69,145,6,1,0,0,0,0,,0,,,,,,0,,,20,0,0,0,8,9,8,,,0,,,8,8,0,0,,,0,,,0,0,996,,,,,,,,,,,,,,,,,,,,,,,,,,,,,,0,0,0,0,0,0,0,0,0,0,0,0,1,0,0,0,0,0,0,0,0,0,0,0,0,1,1,0,1,1,0,0,0,0,0,,0,0,0,0,0,0,0,0,0,0,0,0,0,0,0,0,,,,,,46-50,46-55,State route,U,Friday,Belt Used,PV,Not Fatal,0,0,0,0,State Route,Municipal/City Police,Lake Forest Park Police Department,0,1,0,0,0,,,,,,0,0,0,,,,,,,,,,,98,98,98,0,,,,,20,,,,,,,,,1,0,,,,,,
2019,111,634001,39,04-20-2019,03:34,20,4,April,,61,Snohomish,0,10,0,2,0,0,1,0,1,1,,,,42,0,0,No vehicle,0.5,1,0,1,No intersection,7,1,2,4,0,0,0,0,CR-200TH ST SE,,-122.1647056,47.81601111,98012,0,1,6,Drive off road,12,2,0,4,0,0,1,7,2,0,0,0,0,1,Going Straight,1,3,53,,0,72,706,2007,0,,12,,,,,,1,1,71,1,7,,4,0,20,7,11,5,07/24/2021,01:08,1.96E+11,36738,0,0,3,3,1,26,,,,96,,,,,,98,,,,,,95966,6,71,200,6,1,0,0,0,0,,0,,,,,,4,,,20,8,0,0,0,9,8,,,0,,,8,8,0,0,,,0,,,0,0,996,,,,,,,,,,,,,,,,,,,,,,,,,,,,,,0,0,0,0,0,0,0,0,0,0,0,0,1,0,0,0,0,0,0,0,0,0,0,0,0,1,1,0,1,1,0,0,0,0,1,0,0,0,0,0,0,0,0,0,0,1,0,0,0,0,0,0,,,,,,71-75,66-75,State route,U,Friday,,MC,White,0,0,0,0,State Route,Municipal/City Police,Lake Forest Park Police Department,0,1,0,0,0,,,,,,0,0,0,,,,,,,,,,,0,0,0,1,,,,,5,,,,,,,,,1,0,,,,,,
2018,111,633232,6,04-21-2018,00:00,21,4,April,0,7,Chelan,0,1,0,2,1,2,1,0,1,1,,,,24,0,0,No vehicle,162.1,1,0,1,No intersection,3,1,1,2,0,0,0,0,US-97,,-120.6589278,47.46626667,98847,0,1,6,Drive off road,12,2,60,80,0,0,1,7,24,1,1,2,1,1,Going Straight,1,1,53,,0,37,32,2010,0,,8,,,,,,1,1,33,1,0,,0,0,3,0,11,0,,,,,6,0,3,3,1,0,,,,96,,,,,,98,,,,,,98390,53,71,230,6,1,0,1,1,0,,0,,,,,,0,12-15-2019,12-15-2019,20,0,0,0,8,9,8,,,0,,,8,8,0,0,,,0,,,0,0,996,,,,,,,,,,,,,,,,,,,,,,,,,,,,,,0,0,0,0,0,0,0,0,0,1,0,1,0,0,0,0,0,0,0,0,0,0,0,0,0,0,0,0,0,1,0,1,0,0,0,,0,0,0,0,0,0,0,0,0,0,0,0,0,0,0,0,,,,,,31-35,26-35,State route,U,Friday,Belt Used,PV,Not Fatal,0,0,0,0,State Route,State Patrol,Washington State Patrol,0,1,0,0,0,,,,,,0,0,0,,,,,,,,,,,98,98,98,0,,,,,20,,,,,,,,,1,23,,,,,,
2017,111,632482,250,04-06-2017,14:02,6,4,April,0,5,Benton,1850,1,0,1,1,2,1,0,3,3,,,,12,0,1,Front-to-Rear,0,1,0,1,No intersection,3,2,4,6,0,0,0,0,GEORGE WASHINGTON WAY,,-119.2737222,46.27807222,99352,0,3,98,Others,80,5,35,21,0,0,1,5,12,1,1,5,5,2,Others,1,3,53,,0,23,401,2005,0,,68,64,1,,,,1,1,56,2,7,,4,0,20,7,11,8,06/22/2021,15:12,1.85E+11,31209,0,0,0,0,1,0,,,,96,,,,,,98,,,,,,99338,53,62,110,0,0,0,0,0,0,,0,,,,,,4,,,8,1,9,0,0,9,8,,,0,,,8,8,2,996,996,996,1,1,1,2,1,0.163,,,,,,,,,,,,,,,,,,,,,,,,,,,,,,0,0,0,0,1,1,1,1,1,0,0,0,1,1,0,0,0,0,0,1,0,0,0,0,0,0,0,0,0,1,0,0,0,1,0,,1,0,0,0,0,1,1,1,0,1,0,1,0,0,0,1,,,,,,56-60,56-65,County road,R,Tuesday,Not Used,PV,White,0,0,0,0,County Road,County Sheriff,Franklin County Sheriff's Office,0,0,1,0,0,thc,0.98,,,,0,0,0,1,1,1,,,996,996,996,605,996,98,98,98,1,,,,,20,,,,,,,,nms,1,0,,,COLUMBIA RIVER ROAD,2.57,NULL,
2017,111,632481,250,04-06-2017,14:02,6,4,April,0,5,Benton,1850,1,0,1,1,2,1,0,3,3,,,,12,0,1,Front-to-Rear,0,1,0,1,No intersection,3,2,4,6,0,0,0,0,GEORGE WASHINGTON WAY,,-119.2737222,46.27807222,99352,0,2,25,Others,53,3,35,80,0,0,1,2,12,1,1,5,5,2,Others,1,1,53,,0,55,35,2005,0,,68,64,42,,,,1,1,56,1,7,,4,7,3,0,11,0,06/22/2021,18:40,53033261,33261,0,0,0,0,1,0,,,,0,,,,,,2,,,,,,98237,53,73,200,0,0,0,0,0,1,,0,,,,,,0,02-15-2021,02-15-2021,1,0,0,0,0,9,8,,,0,,,8,8,2,167,996,128,1,1,1,2,1,0,,,,,,,,,,,,,,,,,,,,,,,,,,,,,,0,0,1,0,0,0,1,1,0,0,0,0,0,1,0,1,0,0,0,0,0,0,0,0,0,0,0,0,0,1,0,0,0,0,0,,1,0,0,0,0,0,1,1,0,0,0,1,0,0,1,0,,,,,,56-60,56-65,County road,R,Tuesday,Belt Used,PV,White,0,1,0,0,County Road,State Patrol,Washington State Patrol,1,0,1,0,0,,,,,,0,0,0,1,1,1,,,177,996,996,401,417,98,98,98,1,,,,,20,,,,,,,,,1,0,,,CONCRETE SAUK VALLEY ROAD,2.63,NULL,
2017,111,632480,250,04-06-2017,14:02,6,4,April,0,5,Benton,1850,1,0,1,1,2,1,0,3,3,,,,12,0,1,Front-to-Rear,0,1,0,1,No intersection,3,2,4,6,0,0,0,0,GEORGE WASHINGTON WAY,,-119.2737222,46.27807222,99352,0,1,24,Others,50,3,35,2,0,0,1,2,12,1,1,5,5,1,Going Straight,1,1,53,,0,72,706,2018,0,,12,,,,,,1,1,25,1,0,,2,0,20,7,11,0,,,,,0,0,0,3,1,0,,,,96,,,,,,98,,,,,,98273,53,79,280,6,1,0,0,0,0,,0,,,,,,0,,,20,8,0,0,8,9,8,,,0,,,8,8,0,0,,,0,,,0,0,996,,,,,,,,,,,,,,,,,,,,,,,,,,,,,,0,0,1,0,1,1,1,1,1,0,0,0,1,0,0,0,0,0,0,0,0,0,0,1,1,0,0,0,1,0,0,0,0,0,0,0,0,0,0,0,0,0,0,0,0,0,0,0,0,0,0,0,,,,,,21-25,16-25,County road,R,Saturday,,MC,Not Fatal,0,1,0,0,County Road,State Patrol,Washington State Patrol,1,0,1,0,0,,,,,,0,0,0,,,,,,,,,,,0,0,0,0,,,,,5,,,,,,,,,1,0,,,RACE RD,1.341,NULL,
2021,112,635524,56,03-16-2021,20:57,16,3,March,,35,Kitsap,111,1,,2,1,2,3,0,3,1,,,,41,0,0,No vehicle,0,1,0,1,No intersection,5,2,4,6,0,0,0,0,SUNRISE DR NE,,-122.5103056,47.67165556,98110,0,1,7,Control/Traction Loss,6,1,30,5,0,0,1,2,42,1,2,2,1,1,Going Straight,3,2,53,,0,34,706,2015,0,,63,42,69,12,,,1,1,41,1,7,,4,0,20,7,11,5,06-12-2021,18:20,47053029060,29060,0,0,0,3,1,0,,,,96,,,,,,9,,,,,,98239,53,71,180,6,1,0,2,1,0,,0,,,,,,4,11-15-2017,11-15-2019,20,8,0,0,0,1,1,,,0,,,1,1,2,695,605,,1,1,,2,1,0.171,,,,,,,,,,,,,,,,,,,,,,,,,,,,,,0,0,1,0,1,1,1,1,1,0,0,0,1,0,0,0,0,0,0,0,0,0,0,1,1,0,0,0,1,0,0,0,0,0,1,0,0,0,0,0,0,1,1,1,0,1,0,0,0,0,0,1,,,,,,41-45,36-45,County road,R,Saturday,,MC,White,0,1,0,0,County Road,State Patrol,Washington State Patrol,1,0,1,0,0,thc,50,carboxy-thc,82,,0,0,0,,,,,,,,,,,0,0,0,1,,,,,19,,,,,,,,nms,1,0,,,RACE RD,1.341,NULL,
2020,112,634731,12,04-20-2020,07:47,20,4,April,,7,Chelan,0,1,,1,1,4,1,0,2,1,,,,18,0,0,No vehicle,7.3,1,0,1,No intersection,98,1,64,4,0,0,0,0,CR-SWAKANE CANYON RD,,-120.4287056,47.59964167,,0,1,15,Others,8,1,98,34,0,0,1,2,1,3,8,8,8,14,Making a U turn,2,2,53,,0,59,403,2019,0,,8,,,,,,1,1,69,1,0,,0,0,3,0,11,0,,,,,0,0,3,3,1,0,,,,96,,,,,,98,,,,,,98506,53,73,152,6,1,0,0,0,1,,0,,,,,,0,11-15-2017,11-15-2017,20,0,0,0,8,9,2,,,0,,,8,8,0,0,,,0,,,0,0,996,,,,,,,,,,,,,,,,,,,,,,,,,,,,,,0,0,0,0,0,0,0,0,0,0,0,0,0,0,0,0,0,0,0,0,0,0,0,0,0,1,0,0,0,1,0,1,0,0,0,,0,0,0,0,0,0,0,0,0,0,0,0,0,0,0,0,,,,,,66-70,66-75,Interstate,R,Tuesday,Belt Used,PV,Not Fatal,0,0,0,0,State Route,State Patrol,WASHINGTON STATE PATROL,0,1,0,0,0,,,,,,0,0,0,,,,,,,,,,,98,98,98,0,,,,,20,,,,,,,,,1,0,,,,,,
2019,112,633993,5,04-12-2019,15:25,12,4,April,,41,Lewis,0,2,0,1,2,2,1,0,6,4,,,,12,0,6,Angle,4.8,1,0,1,No intersection,5,1,1,3,0,0,0,0,SR-508,,-122.7903667,46.57609167,98532,0,4,98,Others,98,7,55,14,0,0,1,5,54,1,1,2,1,5,Others,2,1,53,,0,51,401,2018,0,,12,1,,,,,1,1,34,1,0,,2,0,3,0,11,0,,,,,6,0,0,3,1,0,,,,96,,,,,,98,,,,,,98038,53,74,250,6,1,0,1,1,0,,0,,,,,,0,04-15-2018,11-15-2019,8,0,0,0,8,9,8,,,0,,,8,8,8,95,,,96,,,8,95,995,,,,,,,,,,,,,,,,,,,,,,,,,,,,,,0,0,0,1,0,0,0,0,0,0,0,0,0,0,0,0,1,0,0,0,0,0,0,1,1,0,0,0,0,1,0,0,0,0,0,,0,0,0,0,0,0,0,0,0,0,0,0,0,0,0,0,,,,,,31-35,26-35,County road,R,Sunday,Belt Used,PV,Not Fatal,1,0,0,0,County Road,County Sheriff,Grant County Sheriff's Office,0,0,1,0,0,,,,,,0,0,0,,,,,,,,,,,98,98,98,0,,,,,20,,,,,,,,,1,0,,,DODSON RD,18.7,4 NW,0
2019,112,633992,5,04-12-2019,15:25,12,4,April,,41,Lewis,0,2,0,1,2,2,1,0,6,4,,,,12,0,6,Angle,4.8,1,0,1,No intersection,5,1,1,3,0,0,0,0,SR-508,,-122.7903667,46.57609167,98532,0,3,98,Others,62,4,55,14,0,0,1,2,12,1,1,2,1,1,Going Straight,1,1,53,,0,35,47,2019,0,,12,,,,,,1,1,22,1,0,,9,0,3,0,11,0,,,,,0,0,0,3,1,48,,,,12,,,,,,98,,,,,,98857,53,68,135,6,1,0,0,0,0,,97,,,,,,0,,,8,0,0,0,8,9,8,,,0,,,8,8,8,95,,,96,,,8,95,995,,,,,,,,,,,,,,,,,,,,,,,,,,,,,,0,0,0,1,0,0,0,0,0,0,0,0,0,0,0,0,1,0,0,0,0,0,0,1,1,0,0,0,0,1,0,0,0,0,0,,0,0,0,0,0,0,0,0,1,0,0,0,0,0,0,0,,,,,,21-25,16-25,County road,R,Sunday,Belt Used,PV,Not Fatal,1,0,0,0,County Road,County Sheriff,Grant County Sheriff's Office,0,0,1,0,0,,,,,,0,0,0,,,,,,,,,,,98,98,98,0,,,,,20,,,,,,,,,1,0,,,DODSON RD,18.7,4 NW,0
2019,112,633991,5,04-12-2019,15:25,12,4,April,,41,Lewis,0,2,0,1,2,2,1,0,6,4,,,,12,0,6,Angle,4.8,1,0,1,No intersection,5,1,1,3,0,0,0,0,SR-508,,-122.7903667,46.57609167,98532,0,2,98,Others,53,3,55,16,0,0,1,5,12,1,1,2,1,5,Others,2,2,53,,0,49,32,2009,0,,68,64,40,10,,,1,1,28,2,0,,2,0,3,0,11,5,,,,,0,0,0,3,1,0,,,,96,,,,,,9,,,,,,99216,53,62,155,6,1,0,3,0,4,,97,,,,,,0,09-15-2017,08-15-2020,8,0,0,0,8,9,8,,,0,,,8,1,2,695,402,,1,1,,2,1,0.1,,,,,,,,,,,,,,,,,,,,,,,,,,,,,,0,0,1,0,1,1,1,1,1,0,0,0,0,0,0,0,0,0,0,1,0,0,0,0,0,0,0,0,0,1,0,0,0,0,0,,0,0,0,0,0,1,1,1,0,0,0,0,0,0,0,1,,,,,,26-30,26-35,State route,U,Tuesday,Belt Used,PV,Not Fatal,0,1,0,0,State Route,Municipal/City Police,Spokane Police Department,1,1,0,0,0,,,carboxy-thc,13,,0,0,2,,,,,,,,,,,98,98,98,0,,,,,20,,,,,,,,,1,0,,,,,,
2019,112,633990,5,04-12-2019,15:25,12,4,April,,41,Lewis,0,2,0,1,2,2,1,0,6,4,,,,12,0,6,Angle,4.8,1,0,1,No intersection,5,1,1,3,0,0,0,0,SR-508,,-122.7903667,46.57609167,98532,0,1,98,Others,50,3,55,61,0,0,1,2,12,1,1,2,1,2,Others,1,3,53,,0,7,463,2019,0,,12,,,,,,1,1,79,1,0,,3,0,3,0,11,5,,,,,0,0,3,3,1,0,,,,96,,,,,,98,,,,,,98424,53,68,165,6,1,0,0,0,0,,0,,,,,,0,,,1,0,0,0,8,9,8,,,0,,,8,8,8,95,,,96,,,8,95,995,,,,,,,,,,,,,,,,,,,,,,,,,,,,,,0,0,0,1,0,0,0,0,0,0,0,0,1,1,0,0,0,0,0,1,0,0,0,0,0,1,1,1,0,1,0,0,0,0,0,,0,0,0,0,0,0,0,0,0,0,0,0,0,0,0,0,,,,,,76-80,76+,State route,U,Tuesday,Belt Used,PV,Not Fatal,1,0,0,0,State Route,Municipal/City Police,Federal Way Dept of Public Safety,0,1,0,0,0,,,,,,0,0,0,,,,,,,,,,,98,98,98,0,,,,,20,,,,,,,,,1,0,,,,,,
2018,112,633226,32,04-06-2018,15:55,6,4,April,0,47,Okanogan,0,10,0,1,1,2,1,0,1,1,,,,1,0,0,No vehicle,1,1,0,1,No intersection,7,1,2,4,0,3,0,0,CR-CAMERON LK OMAKLK RD,,-119.5238417,48.36723889,98841,0,1,7,Control/Traction Loss,13,2,35,34,0,0,1,7,1,3,2,2,1,14,Making a U turn,1,1,53,,0,12,17,2003,0,,68,12,,,,,1,1,33,2,0,,3,0,20,7,11,5,,,,,0,0,0,2,1,0,,,,96,,,,,,98,,,,,,98258,53,64,150,1,1,0,0,0,1,,97,,,,,,3,10-15-2016,09-15-2016,20,1,9,0,8,9,8,,,0,,,8,8,8,95,,,96,,,8,95,995,,,,,,,,,,,,,,,,,,,,,,,,,,,,,,0,0,0,1,0,0,0,0,0,0,0,0,1,1,0,0,0,0,0,1,0,0,0,0,0,1,1,1,0,1,0,0,0,0,0,,0,0,0,0,0,0,0,0,0,1,0,1,0,0,0,0,,,,,,31-35,26-35,State route,U,Tuesday,Not Used,PV,Not Fatal,1,0,0,0,State Route,Municipal/City Police,Federal Way Dept of Public Safety,0,1,0,0,0,,,,,,0,0,2,,,,,,,,,,,98,98,98,0,,,,,20,,,,,,,,,1,0,,,,,,
2017,112,632476,8,04-06-2017,04:57,6,4,April,0,35,Kitsap,0,2,0,2,2,2,1,0,1,1,,,,42,0,0,No vehicle,16.4,1,0,1,No intersection,3,1,1,3,0,0,0,0,SR-16,,-122.6250472,47.40931944,98359,0,1,1,Driver Off Road,13,2,60,14,0,0,1,2,42,4,1,2,3,14,Making a U turn,1,1,53,,0,41,51,2015,0,,12,,,,,,1,1,15,2,99,,4,0,3,0,11,0,06/20/2021,10:45,1.00E+12,90693,0,0,3,3,1,0,,,,96,,,,,,98,,,,,,98675,53,63,125,6,7,0,0,0,0,,0,,,,,,0,,,8,0,0,0,0,9,8,,,0,,,8,8,8,95,,,96,,,8,95,995,,,,,,,,,,,,,,,,,,,,,,,,,,,,,,0,0,0,0,1,1,1,1,1,0,0,0,0,0,0,0,0,0,0,0,0,0,0,0,0,0,0,0,0,1,0,0,0,0,0,,1,0,0,0,0,0,0,0,0,0,0,0,0,0,0,0,,,,,,Oct-15,0-15,State route,R,Monday,Belt Used,PV,Multiracial,0,1,1,0,State Route,State Patrol,Washington State Patrol,0,1,0,0,0,,,,,,0,0,0,,,,,,,,,,,98,98,98,201,205,,,,20,,,,,,,,,1,0,,,,,,
2021,113,635528,25,04-15-2021,18:17,15,4,April,,33,King,0,1,,1,1,2,1,0,5,4,,,,12,0,1,Front-to-Rear,4.7,2,0,4,Y Intersection,5,1,2,4,0,0,0,0,CR-VEAZIE CUMBERLAND RD,295TH AVE SE,-121.9495611,47.26409444,98022,0,4,98,Others,62,4,45,14,0,0,1,5,12,3,1,2,1,14,Making a U turn,1,1,53,,0,12,481,2011,0,,68,12,,,,,1,1,46,1,0,,1,0,3,0,11,5,,,,,0,0,3,3,1,28,,,,96,,,,,,9,,,,,,98601,53,76,235,6,1,0,0,0,1,,1,,,,,,0,11-15-2018,11-15-2018,8,0,0,0,8,9,8,,,0,,,8,1,2,695,605,,1,1,,2,1,0.23,,,,,,,,,,,,,,,,,,,,,,,,,,,,,,0,0,0,0,1,1,1,1,1,0,0,0,0,0,0,0,0,0,0,0,0,0,0,0,0,0,0,0,0,1,0,0,0,0,0,,0,0,0,0,0,1,1,1,0,0,0,0,0,0,0,1,,,,,,46-50,46-55,State route,R,Monday,Belt Used,PV,Not Fatal,0,1,1,0,State Route,State Patrol,Washington State Patrol,0,1,0,0,0,thc,13,carboxy-thc,170,,0,0,0,,,,,,,,,,,98,98,98,0,,,,,20,,,,,,,,,1,0,,,,,,