year,something,Cases,repjur,crash_dt,crash_tm,accday,Month,Month,holiday,county,co_char,city,weather,weather2,lightcond,surfcond,surftype,Number of Fatalities,nmforms,pforms,vforms,not_tm,arr_tm,hosp_tm,fhevent,hitrun,Manner of Collision,Manner of Collision,milepnt,reljunc,reljuncinter,intersectiontype,Intersection Type,funcsystem,landuse,ownership,route,schlbus,spejur,contdev,devfunc,trafid1,trafid2,x,y,zipcode,wk_zone,vnumber,crashtype,Crash Type,criticalevent,criticaleventcat,spdlim,body,trailer,emerg,hazcargo,leave,mhevent,roadalgn,roadprof,traflane,trafflow,Vehicle Manure,Vehicle Manure,numoccs,regowner,regstate,,spuse,make,model,modelyr,vrf1,vrf2,seqevent1,seqevent2,seqevent3,seqevent4,seqevent5,seqevent6,pnumber,ptype,age,sex,hispanic,race,injury,diedscene,restraint,restraintmisuse,seatpos,takehosp,death_dt,death_tm,cert,cernum_wa,commlic,licendor,licrestrict,liccomp,drivpres,drf1,drf2,drf3,drf4,distract1,distract2,distract3,distract4,distract5,distract6,dricond1,dricond2,dricond3,dricond4,dricond5,dricond6,dzip,licstate,drhgt_in,weight,noncdl,noncdltype,prevdwi,prevoth,prevacc,prevspd,prevsus,driviol1,driviol2,driviol3,driviol4,driviol5,driviol6,spdrel,first_dt,last_dt,airbag,ejection,ejectpath,extricat,injurwrk,methalc,methdrug,nmlocat,strikveh,prf1,prf2,prf3,druginv,alcinvol,drugsts,drugres1,drugres2,drugres3,drugtst1,drugtst2,drugtst3,alcsts,alctst,alcres,nmact1,nmact2,nmact3,nmact4,nmact5,nmact6,nmprior1,nmprior2,nmprior3,nmprior4,nmprior5,nmprior6,nmcond1,nmcond2,nmcond3,nmcond4,nmcond5,nmcond6,nmsafe_helmet,nmsafe_pads,nmsafe_oth,nmprev_ref,nmprev_lgt,nmprev_oth,crashlocation,nmcrashtype,crosswalk,schoolzone,sidewalk,train_inv,wildlife_inv,rotr_fars,intersect_fars,Drink and Drive,aid_inv,Drug Positive Drivers,Impaired Drivers,Marijuana Positive,impnm_inv,ainm_inv,dpnm_inv,speed_inv,unlic_inv,unendmc_inv,drowsy_inv,drdist_inv,nmdist_inv,fty_inv,unrestfat_inv,dr1617_inv,dr1820_inv,dr1620_inv,dr2125_inv,dr1625_inv,dr65_inv,dr70_inv,dr75_inv,mc_inv,pv_inv,ht_inv,ped_inv,bike_inv,unrest_fat,mc_fat,unhelmet_mc,pv_fat,ht_fat,ped_fat,bike_fat,dr_alc7,dr_alc8,dr_drug,dr_imp,dr_dist,dr_spd,dr_fty,dr_unlic,dr_alc7only,dr_alc8only,dr_drugonly,dr_drink,nm_imp,nm_alc7,nm_alc8,nm_drug,nm_dist,agegrp1,agegrp2,roadclass,urbrur,dayweek,restuse,vehtype,race_me,intersect,lanedep,oppdir,wrongway,rep_typ,investag,repag_long,rotr,st_rd,cty_rd,city_rd,oth_rd,drug_thc,thc_res,drug_cthc,cthc_res,drug_cann,prevpersemin,prevperse,prevsusoth,drugtst4,drugtst5,drugtst6,drugtst7,drugtst8,drugres4,drugres5,drugres6,drugres7,drugres8,adspresent,adsengaged,adslevel,race1,race2,race3,race4,race5,helmet,helmetmisuse,nmdistract1,nmdistract2,nmdistract3,nmdistract4,nmdistract5,nmdistract6,lab,isedtcase,crf1,crf2,crf3,CoRoadName,CoMP,IntCoRoadName,IntCoMP
2021,113,635527,25,04-15-2021,18:17,15,4,April,,33,King,0,1,,1,1,2,1,0,5,4,,,,12,0,1,Front-to-Rear,4.7,2,0,4,Y Intersection,5,1,2,4,0,0,0,0,CR-VEAZIE CUMBERLAND RD,295TH AVE SE,-121.9495611,47.26409444,98022,0,3,21,Others,53,3,45,14,0,0,1,2,12,2,1,2,1,5,Others,1,1,53,,0,35,401,2006,0,,12,,,,,,1,1,27,2,0,,0,0,3,0,11,0,,,,,0,0,0,3,1,0,,,,96,,,,,,98,,,,,,98499,53,61,170,6,1,0,0,1,1,,0,,,,,,0,08-15-2017,06-15-2020,20,0,0,0,8,9,8,,,0,,,8,8,0,0,,,0,,,0,0,996,,,,,,,,,,,,,,,,,,,,,,,,,,,,,,0,0,0,1,0,0,1,1,0,0,0,0,0,0,0,0,0,0,0,0,0,0,0,0,0,1,0,0,1,1,0,0,0,0,0,,0,0,0,0,0,0,0,0,0,0,0,0,0,0,0,0,,,,,,26-30,26-35,US highway,R,Friday,Belt Used,PV,Not Fatal,1,0,0,0,State Route,State Patrol,Washington State Patrol,0,1,0,0,0,,,,,,0,0,0,,,,,,,,,,,98,98,98,0,,,,,20,,,,,,,,,1,0,,,,,,
2021,113,635526,25,04-15-2021,18:17,15,4,April,,33,King,0,1,,1,1,2,1,0,5,4,,,,12,0,1,Front-to-Rear,4.7,2,0,4,Y Intersection,5,1,2,4,0,0,0,0,CR-VEAZIE CUMBERLAND RD,295TH AVE SE,-121.9495611,47.26409444,98022,0,2,98,Others,50,3,45,80,0,0,1,2,12,2,1,2,1,14,Making a U turn,1,1,53,,0,72,706,2003,0,,12,,,,,,1,1,67,1,7,,4,0,20,7,11,1,06/18/2021,21:10,1.96E+11,31044,0,0,0,3,1,33,,,,96,,,,,,98,,,,,,98146,53,75,205,6,1,0,0,0,1,,0,,,,,,0,07-15-2017,07-15-2017,20,8,0,0,0,9,8,,,0,,,8,8,2,522,124,996,1,1,1,2,1,0,,,,,,,,,,,,,,,,,,,,,,,,,,,,,,0,0,0,1,0,0,1,1,0,0,0,0,0,0,0,0,0,0,0,0,0,0,0,0,0,1,0,0,1,1,0,0,0,0,1,1,0,0,0,0,0,0,1,1,0,0,0,0,0,0,1,0,,,,,,66-70,66-75,US highway,R,Friday,,MC,White,1,0,0,0,State Route,State Patrol,Washington State Patrol,0,1,0,0,0,,,,,,0,0,0,,,,,,,,,,,0,0,0,1,,,,,16,,,,,,,,,1,0,,,,,,
2021,113,635525,25,04-15-2021,18:17,15,4,April,,33,King,0,1,,1,1,2,1,0,5,4,,,,12,0,1,Front-to-Rear,4.7,2,0,4,Y Intersection,5,1,2,4,0,0,0,0,CR-VEAZIE CUMBERLAND RD,295TH AVE SE,-121.9495611,47.26409444,98022,0,1,20,Others,50,3,45,80,0,0,1,2,12,2,1,2,1,14,Making a U turn,2,1,53,,0,37,32,1995,0,,68,64,59,,,,1,1,26,2,0,,1,0,20,7,11,0,,,,,0,0,0,0,1,0,,,,96,,,,,,9,,,,,,98038,53,63,127,0,0,1,0,0,1,,0,,,,,,0,06-15-2020,04-15-2021,1,0,0,0,8,9,8,,,0,,,1,8,2,401,417,,1,1,,2,1,0,,,,,,,,,,,,,,,,,,,,,,,,,,,,,,0,0,0,1,0,0,1,1,0,0,0,0,0,1,0,0,0,0,0,1,0,0,0,0,0,0,0,0,0,1,0,0,0,0,0,,0,0,0,0,0,0,1,1,0,0,0,1,0,0,1,0,,,,,,26-30,26-35,State route,U,Thursday,Not Used,PV,Not Fatal,0,1,0,0,State Route,Municipal/City Police,Buckley Police Department,1,1,0,0,0,,,,,,0,0,1,,,,,,,,,,,0,0,0,0,,,,,20,,,,,,,,,1,0,,,,,,
2020,113,634733,2,04-30-2020,14:25,30,4,April,,57,Skagit,1970,10,,1,1,2,1,0,5,3,14:30,14:35,15:17,12,0,6,Angle,0,2,0,2,4 Way,5,2,4,6,0,0,0,0,WARNER ST,Township St,-122.2259056,48.50239167,98284,0,2,86,Others,66,4,25,4,0,0,1,2,12,1,1,2,1,1,Going Straight,2,1,53,,0,99,999,9999,0,,8,,,,,,1,1,999,9,0,,9,0,99,7,11,8,,,,,99,9,9,9,1,0,,,,96,,,,,,98,,,,,,99999,99,,999,9,9,99,99,99,99,,0,,,,,,0,,,99,0,0,0,8,9,8,,,0,,,8,8,0,0,,,0,,,0,0,996,,,,,,,,,,,,,,,,,,,,,,,,,,,,,,0,0,0,1,0,0,0,0,0,1,0,1,0,0,0,0,0,1,0,0,0,0,0,0,0,0,0,0,0,0,0,1,0,0,0,,0,0,0,0,0,0,0,0,0,0,0,0,0,0,0,0,,,,,,,,County road,U,Sunday,,NR-U,Not Fatal,1,0,0,0,County Road,County Sheriff,Snohomish County Sheriff's Office,0,0,1,0,0,,,,,,99,99,99,,,,,,,,,,,98,98,98,0,,,,,20,,,,,,,,,1,0,,,128TH ST SW,0.94,8TH AVE W,0.22
2020,113,634732,2,04-30-2020,14:25,30,4,April,,57,Skagit,1970,10,,1,1,2,1,0,5,3,14:30,14:35,15:17,12,0,6,Angle,0,2,0,2,4 Way,5,2,4,6,0,0,20,3,WARNER ST,Township St,-122.2259056,48.50239167,98284,0,1,87,Others,17,2,25,4,0,0,1,2,1,1,1,2,1,1,Going Straight,3,2,53,,0,2,403,1994,0,,12,,,,,,1,1,19,2,0,,3,0,3,0,11,0,,,,,6,0,3,3,1,0,,,,96,,,,,,98,,,,,,98250,53,67,120,6,1,0,0,0,0,,0,,,,,,0,,,20,0,0,0,8,9,8,,,0,,,8,8,8,95,,,96,,,8,95,995,,,,,,,,,,,,,,,,,,,,,,,,,,,,,,0,0,0,0,0,0,1,1,1,0,0,0,1,0,0,0,0,0,0,0,0,1,1,0,1,0,0,0,0,1,0,0,0,0,0,,0,0,0,0,0,0,0,0,0,0,0,0,0,0,0,0,,,,,,18-20,16-25,County road,R,Monday,Belt Used,PV,Not Fatal,0,1,1,0,County Road,County Sheriff,San Juan County Sheriff's Office,0,0,1,0,0,,,,,,0,0,0,,,,,,,,,,,0,0,0,0,,,,,20,,,,,,,,,1,0,,,BEAVERTON VALLEY RD,3.13,NULL,
2019,113,634004,47,04-15-2019,13:23,15,4,April,,27,Grays Harbor,10,10,0,1,1,2,1,0,3,3,,,,12,0,2,Front-to-Front,0.6,1,0,1,No intersection,3,2,1,2,0,0,0,0,US-12,,-123.8026278,46.97734722,98520,0,3,51,Lateral Move(Going Straight),62,4,30,6,0,0,1,5,12,1,1,5,5,5,Others,1,1,53,,0,48,45,2006,0,,68,68,68,12,,,1,1,20,2,6,,4,7,3,0,11,0,05/31/2021,17:16,53026556,26556,0,0,0,3,1,58,,,,96,,,,,,98,,,,,,98250,53,61,125,6,2,0,0,0,0,,0,,,,,,4,,,8,0,0,0,0,9,8,,,0,,,8,8,2,695,605,,1,1,,2,1,0,,,,,,,,,,,,,,,,,,,,,,,,,,,,,,0,0,0,0,0,0,1,1,1,0,0,0,1,0,0,0,0,0,0,0,0,1,1,0,1,0,0,0,0,1,0,0,0,0,0,,1,0,0,0,0,0,1,1,0,1,0,0,0,0,1,0,,,,,,18-20,16-25,County road,R,Monday,Belt Used,PV,Hispanic,0,1,1,0,County Road,County Sheriff,San Juan County Sheriff's Office,0,0,1,0,0,thc,14,carboxy-thc,24,,0,0,0,,,,,,,,,,,98,98,98,98,,,,,20,,,,,,,,nms,1,0,,,BEAVERTON VALLEY RD,3.13,NULL,
2019,113,634003,47,04-15-2019,13:23,15,4,April,,27,Grays Harbor,10,10,0,1,1,2,1,0,3,3,,,,12,0,2,Front-to-Front,0.6,1,0,1,No intersection,3,2,1,2,0,0,0,0,US-12,,-123.8026278,46.97734722,98520,0,2,98,Others,62,4,30,66,1,0,1,5,12,1,1,5,5,1,Going Straight,1,3,53,,0,2,1,2020,0,,12,,,,,,1,1,23,2,0,,3,0,3,0,11,5,,,,,,,,,1,0,,,,96,,,,,,98,,,,,,,11,,,,,,,,,,0,,,,,,0,,,8,0,0,0,8,9,8,,,0,,,8,8,8,95,,,96,,,8,95,995,,,,,,,,,,,,,,,,,,,,,,,,,,,,,,0,0,0,0,0,0,1,1,0,0,0,0,0,0,0,0,1,0,0,1,0,0,0,1,1,0,0,0,0,1,0,0,0,0,0,,0,0,0,0,0,0,0,0,0,0,0,0,0,0,0,0,,,,,,21-25,16-25,County road,U,Tuesday,Belt Used,PV,Not Fatal,0,1,1,0,County Road,County Sheriff,Law Enforcement Support Agency,0,0,1,0,0,,,,,,,,,,,,,,,,,,,98,98,98,0,,,,,20,,,,,,,,,1,0,,,SPANAWAY LOOP RD S,4.03,NULL,
2019,113,634002,47,04-15-2019,13:23,15,4,April,,27,Grays Harbor,10,10,0,1,1,2,1,0,3,3,,,,12,0,2,Front-to-Front,0.6,1,0,1,No intersection,3,2,1,2,0,0,0,0,US-12,,-123.8026278,46.97734722,98520,0,1,50,Lateral Move(Left/Right),10,2,30,34,0,0,1,5,12,1,1,5,5,1,Going Straight,1,1,53,,0,7,472,1993,0,,68,12,,,,,1,1,33,1,7,,4,0,20,7,11,5,06/21/2021,06:08,2.23E+11,30563,0,0,0,3,1,28,,,,92,,,,,,98,,,,,,98404,53,69,188,6,1,0,3,1,2,,2,,,,,,0,05-15-2018,10-15-2021,20,0,0,0,0,9,8,,,0,,,8,8,2,996,401,417,1,1,1,2,1,0,,,,,,,,,,,,,,,,,,,,,,,,,,,,,,0,0,0,0,0,0,1,1,0,0,0,0,0,0,0,0,1,0,0,1,0,0,0,1,1,0,0,0,0,1,0,0,0,1,0,,1,0,0,0,0,0,1,1,1,0,0,0,0,0,1,0,,,,,,31-35,26-35,County road,U,Tuesday,Not Used,PV,White,0,1,1,0,County Road,County Sheriff,Law Enforcement Support Agency,0,0,1,0,0,,,,,,0,0,5,1,1,,,,151,996,,,,0,0,0,1,,,,,20,,,,,,,,,1,0,,,SPANAWAY LOOP RD S,4.03,NULL,
2018,113,633227,13,04-21-2018,21:48,21,4,April,0,9,Clallam,0,1,0,2,2,5,1,0,3,1,21:48,22:04,23:42,1,0,0,No vehicle,3.5,1,0,1,No intersection,99,9,99,9,0,0,0,0,WOODS RD,,-123.0120444,47.98156667,98382,0,1,2,Control/Traction Loss,10,2,25,4,0,0,1,7,1,3,2,8,1,14,Making a U turn,3,2,53,,0,48,401,1998,0,,64,25,8,69,14,8,1,1,30,1,0,,1,0,3,0,11,0,,,,,0,0,3,3,1,0,,,,96,,,,,,98,,,,,,98133,53,75,170,6,1,0,0,0,0,,97,,,,,,4,,,1,0,0,0,8,9,8,,,0,,,8,8,0,0,,,0,,,0,0,996,,,,,,,,,,,,,,,,,,,,,,,,,,,,,,0,0,1,0,0,0,0,0,0,1,0,1,1,0,0,0,0,0,0,0,0,0,0,0,0,0,0,0,0,1,0,1,0,0,0,,0,0,0,0,0,0,0,0,0,1,0,0,0,0,0,0,,,,,,26-30,26-35,Interstate,U,Sunday,Belt Used,PV,Not Fatal,0,1,0,0,State Route,State Patrol,Washington State Patrol,1,1,0,0,0,,,,,,0,0,0,,,,,,,,,,,0,0,0,0,,,,,20,,,,,,,,,1,19,,,,,,
2017,113,632489,290,04-16-2017,23:07,16,4,April,0,53,Pierce,2230,1,0,3,1,2,1,2,1,1,,,,8,0,0,No vehicle,0,2,0,2,4 Way,3,2,4,6,0,0,0,0,E 72ND ST,E I ST,-122.4191167,47.19174444,98404,0,1,13,Pedestrian/Animal,80,5,35,14,0,0,1,2,8,1,1,5,5,1,Going Straight,1,1,53,,0,12,481,2006,0,,63,42,1,,,,1,1,38,1,7,,4,7,20,7,11,0,06/13/2021,19:04,53027704,27704,0,0,0,3,1,0,,,,96,,,,,,98,,,,,,99204,53,74,210,6,1,0,0,0,0,,0,,,,,,3,,,20,2,9,0,0,9,8,,,0,,,8,8,2,1,,,1,,,2,1,0.247,,,,,,,,,,,,,,,,,,,,,,,,,,,,,,0,0,1,0,1,1,0,1,0,0,0,0,1,0,0,0,0,0,0,1,0,0,0,0,0,0,0,0,0,1,0,0,0,1,0,,1,0,0,0,0,1,0,1,0,1,0,0,0,1,0,1,,,,,,36-40,36-45,County road,R,Sunday,Not Used,PV,Multiracial,0,1,0,0,County Road,County Sheriff,Spokane County Sheriff's Office,1,0,1,0,0,,,,,,0,0,0,,,,,,,,,,,98,98,98,201,207,258,,,20,,,,,,,,,1,0,,,BELMONT RD,3.06,NULL,
2021,114,3836207,263,03-30-2021,20:20,30,3,March,,33,King,1960,1,,3,1,1,1,1,1,1,,,,8,0,0,No vehicle,3.6,1,0,1,No intersection,3,2,1,3,0,0,97,8,SR-522,,-122.2924278,47.72523611,98125,0,1,13,Pedestrian/Animal,80,5,35,14,0,0,1,5,8,1,4,5,5,1,Going Straight,1,1,53,,0,29,5,2018,0,,63,38,1,,,,1,1,31,1,7,,4,7,20,7,11,0,06-10-2021,19:04,53028086,28086,0,0,0,0,1,0,,,,96,,,,,,98,,,,,,99203,53,67,145,0,0,0,0,0,0,,0,,,,,,4,,,8,1,9,0,0,9,8,,,0,,,8,8,2,1,,,1,,,2,1,0.122,,,,,,,,,,,,,,,,,,,,,,,,,,,,,,0,0,1,0,1,1,0,1,0,0,0,0,1,1,0,0,0,0,0,1,0,0,0,0,0,0,0,0,0,1,0,0,0,1,0,,1,0,0,0,0,1,0,1,0,1,0,1,0,1,0,1,,,,,,31-35,26-35,County road,R,Thursday,Not Used,PV,White,0,1,0,0,County Road,County Sheriff,Spokane County Sheriff's Office,1,0,1,0,0,,,,,,0,0,0,,,,,,,,,,,98,98,98,1,,,,,20,,,,,,,,,1,0,,,THOMAS MALLEN RD,2.15,NULL,
2020,114,634734,290,05-01-2020,19:08,1,5,May,,53,Pierce,2230,10,,1,1,2,2,0,3,1,18:17,18:27,19:34,59,0,0,No vehicle,0,1,0,1,No intersection,3,2,4,6,0,0,0,0,S 74TH ST,,-122.4848778,47.19034167,98409,0,1,1,Driver Off Road,13,2,35,2,0,0,1,2,59,2,3,5,5,14,Making a U turn,3,9,53,,0,42,48,1998,0,,12,,,,,,1,1,72,1,7,,4,0,3,0,11,5,06/13/2021,00:04,2.23E+11,28466,0,0,0,3,1,0,,,,96,,,,,,98,,,,,,98328,53,73,240,6,1,0,0,0,0,,0,,,,,,0,,,1,0,0,0,0,9,8,,,0,,,8,8,2,996,996,996,1,1,1,2,1,0.067,,,,,,,,,,,,,,,,,,,,,,,,,,,,,,0,0,0,0,1,1,1,1,1,0,0,0,0,0,0,0,0,0,0,0,0,0,0,1,1,1,1,0,0,1,0,0,0,0,0,,1,0,0,0,1,0,1,1,0,0,0,0,0,0,0,1,,,,,,71-75,66-75,County road,U,Saturday,Belt Used,PV,White,0,0,0,0,County Road,County Sheriff,Law Enforcement Support Agency,0,0,1,0,0,,,,,,0,0,0,1,,,,,423,,,,,0,0,0,1,,,,,20,,,,,,,,,1,0,,,SPANAWAY LOOP RD S,3.46,NULL,
2018,114,633230,278,04-24-2018,21:35,24,4,April,0,63,Spokane,2110,1,0,3,1,2,1,1,1,1,21:36,21:40,22:22,8,0,0,No vehicle,0,3,0,2,4 Way,4,2,4,6,0,0,97,8,E 3RD,S PERRY,-117.3889028,47.65335,99202,1,1,13,Pedestrian/Animal,80,5,30,5,0,0,1,5,8,1,1,1,4,1,Going Straight,1,1,53,,0,34,402,2011,0,,12,,,,,,1,1,22,1,0,,1,0,3,0,11,5,,,,,0,0,0,3,1,0,,,,96,,,,,,9,,,,,,98444,53,72,160,6,1,0,1,0,1,,1,,,,,,0,09-15-2019,02-15-2019,1,0,0,0,8,9,8,,,0,,,8,1,2,695,605,,1,1,,2,1,0.24,,,,,,,,,,,,,,,,,,,,,,,,,,,,,,0,0,0,0,1,1,1,1,1,0,0,0,0,0,0,0,0,0,0,0,0,0,0,1,1,1,1,0,0,1,0,0,0,0,0,,0,0,0,0,0,1,1,1,0,0,0,0,0,0,0,1,,,,,,21-25,16-25,County road,U,Saturday,Belt Used,PV,Not Fatal,0,0,0,0,County Road,County Sheriff,Law Enforcement Support Agency,0,0,1,0,0,thc,1.1,carboxy-thc,9.5,,0,0,1,,,,,,,,,,,98,98,98,0,,,,,20,,,,,,,,,1,0,,,SPANAWAY LOOP RD S,3.46,NULL,
2017,114,632491,2,04-17-2017,15:36,17,4,April,0,73,Whatcom,740,10,0,1,1,2,1,0,1,1,15:30,15:38,,42,0,0,No vehicle,0,1,0,1,No intersection,7,2,4,6,0,0,0,0,MONUMENTAL DR,,-122.6304083,48.85998333,98248,0,1,6,Drive off road,12,2,25,80,0,0,1,2,30,1,1,2,1,1,Going Straight,1,2,53,,0,7,880,1997,0,,12,,,,,,1,1,85,1,0,,0,0,3,0,11,0,,,,,6,0,0,3,1,0,,,,96,,,,,,98,,,,,,98007,53,67,200,6,1,0,0,1,0,,0,,,,,,0,09-15-2020,09-15-2020,20,0,0,0,8,9,8,,,0,,,8,8,8,95,,,96,,,8,95,995,,,,,,,,,,,,,,,,,,,,,,,,,,,,,,0,0,0,1,1,1,0,1,0,0,0,0,0,0,0,0,1,0,0,0,0,0,0,0,0,1,1,1,0,0,1,0,0,0,0,,0,0,0,0,0,0,0,0,0,0,0,0,0,0,0,0,,,,,,81+,76+,State route,U,Tuesday,,MHTRUCK,Not Fatal,1,0,0,0,State Route,Municipal/City Police,Federal Way Dept of Public Safety,0,1,0,0,0,,,,,,0,0,0,,,,,,,,,,,0,0,0,0,,,,,20,,,,,,,,,1,0,,,,,,
2019,114,3753164,263,02-25-2019,16:26,25,2,Feb,,33,King,1960,1,0,1,1,1,1,1,1,1,,,,9,1,0,No vehicle,0,1,0,1,No intersection,3,2,4,6,0,0,0,0,RAINER AVE S,,-122.2687556,47.519875,98118,0,1,13,Pedestrian/Animal,83,5,98,4,0,0,1,5,9,4,1,5,5,14,Making a U turn,99,9,99,,0,12,880,2011,0,,12,,,,,,1,1,64,1,7,,4,7,3,0,11,0,06-08-2021,17:19,73553027114,27114,0,0,0,3,1,0,,,,92,,,,,,98,,,,,,98422,53,70,250,6,1,0,0,0,0,,0,,,,,,0,,,20,0,0,0,0,9,8,,,0,,,8,8,2,1,,,1,,,2,1,0.214,,,,,,,,,,,,,,,,,,,,,,,,,,,,,,0,0,0,1,1,1,0,1,0,0,0,0,0,0,0,0,1,0,0,0,0,0,0,0,0,1,1,1,0,0,1,0,0,0,0,,0,1,0,0,0,1,0,1,1,0,0,0,0,1,0,1,,,,,,61-65,56-65,State route,U,Tuesday,,MHTRUCK,White,1,0,0,0,State Route,Municipal/City Police,Federal Way Dept of Public Safety,0,1,0,0,0,,,,,,0,0,0,,,,,,,,,,,98,98,98,1,,,,,20,,,,,,,,,1,0,,,,,,
2020,115,634735,3,05-02-2020,05:04,2,5,May,,53,Pierce,0,2,,2,2,2,1,0,2,1,04:09,04:16,,52,0,0,No vehicle,10.9,3,0,3,T Intersection,3,2,1,3,0,0,0,0,SR-302,131ST ST KP N,-122.7079694,47.37727778,98329,0,1,1,Driver Off Road,13,2,45,34,0,0,1,2,42,1,4,2,1,1,Going Straight,2,2,53,,0,49,40,2012,0,,9,,,,,,1,1,50,1,0,,0,0,3,0,11,0,,,,,0,0,0,3,1,0,,,,96,,,,,,98,,,,,,98226,53,70,200,6,1,0,0,0,0,,0,,,,,,0,,,20,0,0,0,8,9,8,,,0,,,8,8,0,0,,,0,,,0,0,996,,,,,,,,,,,,,,,,,,,,,,,,,,,,,,0,0,0,1,0,0,0,0,0,0,0,0,0,0,0,0,0,0,0,0,0,0,0,0,0,0,0,0,0,1,0,0,1,0,0,,0,0,0,0,0,0,0,0,0,0,0,0,0,0,0,0,,,,,,46-50,46-55,State route,R,Wednesday,Belt Used,PV,Not Fatal,1,0,0,0,State Route,State Patrol,Washington State Patrol,0,1,0,0,0,,,,,,0,0,0,,,,,,,,,,,98,98,98,0,,,,,20,,,,,,,,,1,0,,,,,,
2019,115,634006,339,04-23-2019,11:33,23,4,April,,63,Spokane,2113,1,0,1,1,2,1,0,2,2,,,,12,0,6,Angle,0,2,0,2,4 Way,7,2,4,6,0,0,0,0,E BROADWAY AVE,N EASTERN RD,-117.3200833,47.66383611,99212,0,2,83,Others,6,1,35,80,0,0,1,5,12,1,1,4,1,1,Going Straight,1,2,53,,0,37,31,2009,0,,12,,,,,,1,1,45,2,7,,4,7,3,0,11,0,06-07-2021,16:38,53027932,27932,0,0,0,3,1,0,,,,96,,,,,,98,,,,,,98595,53,62,260,6,1,0,0,0,0,,0,,,,,,0,,,8,0,0,0,0,9,8,,,0,,,8,8,2,996,996,,1,1,,2,1,0,,,,,,,,,,,,,,,,,,,,,,,,,,,,,,0,0,0,0,0,0,1,1,0,0,0,0,0,0,0,0,1,0,0,1,0,0,0,0,0,0,0,0,0,1,0,0,0,0,0,,1,0,0,0,0,0,1,1,0,0,0,0,0,0,1,0,,,,,,41-45,36-45,State route,R,Monday,Belt Used,PV,AIAN,0,1,1,0,State Route,State Patrol,Washington State Patrol,0,1,0,0,0,,,,,,0,0,0,,,,,,,,,,,98,98,98,3,,,,,20,,,,,,,,,1,0,,,,,,
2019,115,634005,339,04-23-2019,11:33,23,4,April,,63,Spokane,2113,1,0,1,1,2,1,0,2,2,,,,12,0,6,Angle,0,2,0,2,4 Way,7,2,4,6,0,0,20,3,E BROADWAY AVE,N EASTERN RD,-117.3200833,47.66383611,99212,0,1,82,Turn Into Opp Direction(Turning Left),15,2,98,67,1,0,1,5,12,1,1,2,1,11,Turning Red: Permitted on red,1,1,53,,0,35,47,2009,0,,68,12,,,,,1,1,29,1,6,,4,7,20,7,11,0,06-07-2021,16:38,53029632,29632,0,0,0,3,1,28,,,,92,,,,,,98,,,,,,98520,53,63,160,6,1,0,0,1,0,,0,,,,,,0,01-15-2021,01-15-2021,8,0,0,0,0,9,8,,,0,,,8,8,2,996,,,1,,,2,1,0,,,,,,,,,,,,,,,,,,,,,,,,,,,,,,0,0,0,0,0,0,1,1,0,0,0,0,0,0,0,0,1,0,0,1,0,0,0,0,0,0,0,0,0,1,0,0,0,1,0,,1,0,0,0,0,0,1,1,1,0,0,0,0,0,1,0,,,,,,26-30,26-35,State route,R,Monday,Not Used,PV,Hispanic,0,1,1,0,State Route,State Patrol,Washington State Patrol,0,1,0,0,0,,,,,,0,0,0,,,,,,,,,,,98,98,98,98,,,,,20,,,,,,,,,1,0,,,,,,
2018,115,633229,205,04-16-2018,20:54,16,4,April,0,57,Skagit,1410,2,0,2,2,2,2,0,3,2,20:53,21:03,,12,0,6,Angle,0,1,0,1,No intersection,4,2,4,6,0,0,0,0,LITTLE MOUNTAIN RD,,-122.3047056,48.4019,98274,0,2,98,Others,50,3,35,14,0,0,1,7,12,2,1,2,1,14,Making a U turn,1,3,53,,0,98,701,2014,0,,1,,,,,,1,1,65,1,7,,4,7,20,7,11,0,06-06-2021,04:08,2.39E+11,27905,0,0,0,3,1,0,,,,96,,,,,,98,,,,,,99362,53,67,135,6,1,0,1,0,0,,0,,,,,,0,05-15-2020,05-15-2020,20,8,0,0,0,9,8,,,0,,,8,8,8,95,,,96,,,8,95,995,,,,,,,,,,,,,,,,,,,,,,,,,,,,,,0,0,0,0,0,0,0,0,0,0,0,0,0,0,0,0,0,0,0,0,0,0,0,0,0,1,0,0,1,0,0,0,0,0,1,1,0,0,0,0,0,0,0,0,0,0,0,0,0,0,0,0,,,,,,61-65,56-65,City street,U,Sunday,,OTHMC,White,0,0,0,0,City Street,Municipal/City Police,Walla Walla Police Department,0,0,0,1,0,,,,,,0,0,0,,,,,,,,,,,0,0,0,1,,,,,17,,,,,,,,,1,0,,,,,,