year,something,Cases,repjur,crash_dt,crash_tm,accday,Month,Month,holiday,county,co_char,city,weather,weather2,lightcond,surfcond,surftype,Number of Fatalities,nmforms,pforms,vforms,not_tm,arr_tm,hosp_tm,fhevent,hitrun,Manner of Collision,Manner of Collision,milepnt,reljunc,reljuncinter,intersectiontype,Intersection Type,funcsystem,landuse,ownership,route,schlbus,spejur,contdev,devfunc,trafid1,trafid2,x,y,zipcode,wk_zone,vnumber,crashtype,Crash Type,criticalevent,criticaleventcat,spdlim,body,trailer,emerg,hazcargo,leave,mhevent,roadalgn,roadprof,traflane,trafflow,Vehicle Manure,Vehicle Manure,numoccs,regowner,regstate,,spuse,make,model,modelyr,vrf1,vrf2,seqevent1,seqevent2,seqevent3,seqevent4,seqevent5,seqevent6,pnumber,ptype,age,sex,hispanic,race,injury,diedscene,restraint,restraintmisuse,seatpos,takehosp,death_dt,death_tm,cert,cernum_wa,commlic,licendor,licrestrict,liccomp,drivpres,drf1,drf2,drf3,drf4,distract1,distract2,distract3,distract4,distract5,distract6,dricond1,dricond2,dricond3,dricond4,dricond5,dricond6,dzip,licstate,drhgt_in,weight,noncdl,noncdltype,prevdwi,prevoth,prevacc,prevspd,prevsus,driviol1,driviol2,driviol3,driviol4,driviol5,driviol6,spdrel,first_dt,last_dt,airbag,ejection,ejectpath,extricat,injurwrk,methalc,methdrug,nmlocat,strikveh,prf1,prf2,prf3,druginv,alcinvol,drugsts,drugres1,drugres2,drugres3,drugtst1,drugtst2,drugtst3,alcsts,alctst,alcres,nmact1,nmact2,nmact3,nmact4,nmact5,nmact6,nmprior1,nmprior2,nmprior3,nmprior4,nmprior5,nmprior6,nmcond1,nmcond2,nmcond3,nmcond4,nmcond5,nmcond6,nmsafe_helmet,nmsafe_pads,nmsafe_oth,nmprev_ref,nmprev_lgt,nmprev_oth,crashlocation,nmcrashtype,crosswalk,schoolzone,sidewalk,train_inv,wildlife_inv,rotr_fars,intersect_fars,Drink and Drive,aid_inv,Drug Positive Drivers,Impaired Drivers,Marijuana Positive,impnm_inv,ainm_inv,dpnm_inv,speed_inv,unlic_inv,unendmc_inv,drowsy_inv,drdist_inv,nmdist_inv,fty_inv,unrestfat_inv,dr1617_inv,dr1820_inv,dr1620_inv,dr2125_inv,dr1625_inv,dr65_inv,dr70_inv,dr75_inv,mc_inv,pv_inv,ht_inv,ped_inv,bike_inv,unrest_fat,mc_fat,unhelmet_mc,pv_fat,ht_fat,ped_fat,bike_fat,dr_alc7,dr_alc8,dr_drug,dr_imp,dr_dist,dr_spd,dr_fty,dr_unlic,dr_alc7only,dr_alc8only,dr_drugonly,dr_drink,nm_imp,nm_alc7,nm_alc8,nm_drug,nm_dist,agegrp1,agegrp2,roadclass,urbrur,dayweek,restuse,vehtype,race_me,intersect,lanedep,oppdir,wrongway,rep_typ,investag,repag_long,rotr,st_rd,cty_rd,city_rd,oth_rd,drug_thc,thc_res,drug_cthc,cthc_res,drug_cann,prevpersemin,prevperse,prevsusoth,drugtst4,drugtst5,drugtst6,drugtst7,drugtst8,drugres4,drugres5,drugres6,drugres7,drugres8,adspresent,adsengaged,adslevel,race1,race2,race3,race4,race5,helmet,helmetmisuse,nmdistract1,nmdistract2,nmdistract3,nmdistract4,nmdistract5,nmdistract6,lab,isedtcase,crf1,crf2,crf3,CoRoadName,CoMP,IntCoRoadName,IntCoMP
2018,115,633228,205,04-16-2018,20:54,16,4,April,0,57,Skagit,1410,2,0,2,2,2,2,0,3,2,20:53,21:03,,12,0,6,Angle,0,1,0,1,No intersection,4,2,4,6,0,0,0,0,LITTLE MOUNTAIN RD,,-122.3047056,48.4019,98274,0,1,98,Others,10,2,98,2,0,0,1,7,12,3,1,2,1,5,Others,2,1,53,,0,6,43,1999,0,,68,64,38,17,67,1,1,1,55,1,7,,4,7,2,0,11,0,06-09-2021,10:09,53028351,28351,6,0,0,3,1,0,,,,96,,,,,,98,,,,,,98823,53,72,200,6,1,0,1,0,0,,0,,,,,,3,12-15-2020,12-15-2020,20,2,9,0,0,9,8,,,0,,,8,8,9,999,,,99,,,9,99,999,,,,,,,,,,,,,,,,,,,,,,,,,,,,,,0,0,1,0,0,0,0,0,0,0,0,0,1,0,0,0,0,0,0,0,0,0,0,0,0,0,0,0,0,1,0,0,0,0,0,,1,0,0,0,0,0,0,0,0,1,0,0,0,0,0,0,,,,,,51-55,46-55,State route,R,Wednesday,Belt Used,PV,White,0,1,0,0,State Route,State Patrol,Washington State Patrol,1,1,0,0,0,,,,,,0,0,0,,,,,,,,,,,0,0,0,1,,,,,20,,,,,,,,,1,0,,,,,,
2017,115,632494,53,04-14-2017,15:02,14,4,April,0,61,Snohomish,80,1,0,1,1,2,1,0,3,3,15:01,15:06,15:31,12,0,6,Angle,0,2,0,2,4 Way,4,2,4,6,0,0,20,3,204TH ST NE,77TH AVE NE,-122.1263389,48.18082222,,0,3,98,Others,66,4,25,66,1,0,1,2,12,1,1,2,1,5,Others,1,3,53,,0,12,481,2013,0,,12,,,,,,1,1,37,2,0,,1,0,3,0,11,0,,,,,0,0,3,3,1,0,,,,96,,,,,,98,,,,,,99352,53,68,140,6,1,0,3,0,0,,0,,,,,,0,02-15-2016,10-15-2017,8,0,0,0,8,9,8,,,0,,,8,8,0,0,,,0,,,0,0,996,,,,,,,,,,,,,,,,,,,,,,,,,,,,,,0,0,0,0,0,0,0,0,0,0,0,0,0,0,0,0,0,0,0,0,0,0,0,1,1,0,0,0,0,1,0,0,0,0,0,,0,0,0,0,0,0,0,0,0,0,0,0,0,0,0,0,,,,,,36-40,36-45,City street,U,Wednesday,Belt Used,PV,Not Fatal,0,0,0,0,City Street,Municipal/City Police,Richland Police Department,0,0,0,1,0,,,,,,0,0,0,,,,,,,,,,,98,98,98,0,,,,,20,,,,,,,,,1,0,,,,,,
2017,115,632493,53,04-14-2017,15:02,14,4,April,0,61,Snohomish,80,1,0,1,1,2,1,0,3,3,15:01,15:06,15:31,12,0,6,Angle,0,2,0,2,4 Way,4,2,4,6,0,0,0,0,204TH ST NE,77TH AVE NE,-122.1263389,48.18082222,,0,2,88,Striking from the Left,66,4,25,4,0,0,1,2,12,1,1,2,1,1,Going Straight,1,1,53,,0,34,402,2017,0,,12,,,,,,1,1,25,1,0,,0,0,99,7,11,0,,,,,0,0,3,3,1,0,,,,96,,,,,,98,,,,,,99301,53,63,178,6,1,0,1,1,0,,0,,,,,,0,04-15-2019,04-15-2019,20,0,0,0,8,9,8,,,0,,,8,8,8,95,,,96,,,2,1,997,,,,,,,,,,,,,,,,,,,,,,,,,,,,,,0,0,0,0,0,0,0,0,0,0,0,0,0,0,0,0,0,0,0,0,0,0,0,1,1,0,0,0,0,1,0,0,0,0,0,,0,0,0,0,0,0,0,0,0,0,0,0,0,0,0,0,,,,,,21-25,16-25,City street,U,Wednesday,Unknown,PV,Not Fatal,0,0,0,0,City Street,Municipal/City Police,Richland Police Department,0,0,0,1,0,,,,,,0,0,0,,,,,,,,,,,98,98,98,0,,,,,20,,,,,,,,,1,0,,,,,,
2017,115,632492,53,04-14-2017,15:02,14,4,April,0,61,Snohomish,80,1,0,1,1,2,1,0,3,3,15:01,15:06,15:31,12,0,6,Angle,0,2,0,2,4 Way,4,2,4,6,0,0,20,3,204TH ST NE,77TH AVE NE,-122.1263389,48.18082222,,0,1,89,Others,17,2,25,14,0,0,1,2,12,1,1,5,1,1,Going Straight,1,1,53,,0,24,7,2006,0,,12,68,12,,,,1,1,61,1,0,,1,0,99,7,11,0,,,,,0,0,3,3,1,33,58,,,96,,,,,,98,,,,,,99352,53,68,225,6,1,1,0,0,0,,97,,,,,,0,05-15-2019,05-15-2019,20,0,0,0,8,9,8,,,0,,,8,8,2,1,,,1,,,2,1,0,,,,,,,,,,,,,,,,,,,,,,,,,,,,,,0,0,0,0,0,0,0,0,0,0,0,0,0,0,0,0,0,0,0,0,0,0,0,1,1,0,0,0,0,1,0,0,0,0,0,,0,0,0,0,0,0,0,0,0,0,0,0,0,0,0,0,,,,,,61-65,56-65,City street,U,Wednesday,Unknown,PV,Not Fatal,0,0,0,0,City Street,Municipal/City Police,Richland Police Department,0,0,0,1,0,,,,,,0,1,0,,,,,,,,,,,98,98,98,0,,,,,20,,,,,,,,,1,0,,,,,,
2021,115,3889701,344,01-26-2021,05:54,26,1,Jan,,77,Yakima,0,4,,2,1,2,1,1,1,1,,,,8,0,0,No vehicle,,1,0,1,No intersection,5,1,2,4,0,3,0,0,CR-LATERAL A RD,,-120.4798972,46.39628611,98951,0,1,13,Pedestrian/Animal,80,5,55,61,0,0,1,5,8,1,1,2,1,6,Others,1,9,99,,0,48,34,2002,0,,12,,,,,,1,1,31,2,0,,0,0,3,0,11,0,,,,,0,0,0,3,1,0,,,,96,,,,,,98,,,,,,98329,53,67,125,6,1,0,0,0,0,,0,,,,,,0,,,20,0,0,0,8,9,8,,,0,,,8,8,8,95,,,96,,,8,95,995,,,,,,,,,,,,,,,,,,,,,,,,,,,,,,0,0,0,1,0,0,0,0,0,0,0,0,0,0,0,0,0,0,0,0,0,0,0,0,0,1,1,1,0,1,0,0,0,0,0,,0,0,0,0,0,0,0,0,0,0,0,0,0,0,0,0,,,,,,31-35,26-35,City street,U,Wednesday,Belt Used,PV,Not Fatal,1,0,0,0,City Street,Municipal/City Police,Gig Harbor Police Department,0,0,0,1,0,,,,,,0,0,0,,,,,,,,,,,98,98,98,0,,,,,20,,,,,,,,,1,0,,,,,,
2021,116,635403,4,02-20-2021,21:00,20,2,Feb,,51,Pend Oreille,0,10,,2,1,2,1,0,3,2,,,,12,0,2,Front-to-Front,430.4,1,0,1,No intersection,4,1,1,3,0,0,0,0,SR-20,,-117.155625,48.22951667,,0,2,51,Lateral Move(Going Straight),62,4,55,34,0,0,1,2,12,1,2,2,1,1,Going Straight,2,1,16,,0,37,402,2015,0,,12,12,,,,,1,1,39,2,0,,1,0,3,0,11,8,,,,,0,0,0,3,1,0,,,,96,,,,,,98,,,,,,98335,53,63,120,6,1,0,0,0,0,,0,,,,,,0,,,20,0,0,0,8,9,8,,,0,,,8,8,8,95,,,96,,,8,95,995,,,,,,,,,,,,,,,,,,,,,,,,,,,,,,0,0,0,1,0,0,0,0,0,0,0,0,0,0,0,0,0,0,0,0,0,0,0,0,0,1,1,1,0,1,0,0,0,0,0,,0,0,0,0,0,0,0,0,0,0,0,0,0,0,0,0,,,,,,36-40,36-45,City street,U,Wednesday,Belt Used,PV,Not Fatal,1,0,0,0,City Street,Municipal/City Police,Gig Harbor Police Department,0,0,0,1,0,,,,,,0,0,0,,,,,,,,,,,98,98,98,0,,,,,20,,,,,,,,,1,0,,,,,,
2020,116,634736,305,04-24-2020,19:32,24,4,April,,11,Clark,2370,1,,5,1,2,1,0,2,1,19:35,19:40,20:03,39,0,0,No vehicle,0,3,0,3,T Intersection,3,2,4,6,0,0,0,0,SE 164TH AVE,SE 5TH ST,-122.5042889,45.61819722,98684,0,1,1,Driver Off Road,13,2,40,5,0,0,1,2,39,1,1,2,2,1,Going Straight,2,1,41,,0,37,32,2015,0,,12,,,,,,1,1,77,1,7,,4,0,3,0,11,0,06/22/2021,18:31,1.96E+11,29789,0,0,3,3,1,0,,,,96,,,,,,1,,,,,,98446,53,71,215,6,1,0,0,0,1,,0,,,,,,0,06-15-2017,06-15-2017,1,0,0,0,0,9,8,,,0,,,8,8,8,95,,,96,,,8,95,995,,,,,,,,,,,,,,,,,,,,,,,,,,,,,,0,0,0,1,0,0,0,0,0,0,0,0,0,0,0,0,0,0,0,0,0,0,0,0,0,1,1,1,0,1,0,0,0,0,0,,1,0,0,0,0,0,0,0,0,0,0,0,0,0,0,0,,,,,,76-80,76+,City street,U,Wednesday,Belt Used,PV,White,1,0,0,0,City Street,Municipal/City Police,Gig Harbor Police Department,0,0,0,1,0,,,,,,0,0,0,,,,,,,,,,,98,98,98,1,,,,,20,,,,,,,,,1,0,,,,,,
2021,116,635402,4,02-20-2021,21:00,20,2,Feb,,51,Pend Oreille,0,10,,2,1,2,1,0,3,2,,,,12,0,2,Front-to-Front,430.4,1,0,1,No intersection,4,1,1,3,0,0,0,0,SR-20,,-117.155625,48.22951667,,0,1,50,Lateral Move(Left/Right),10,2,55,4,0,0,1,2,12,1,8,2,1,1,Going Straight,1,1,53,,0,84,881,2000,0,,15,,,,,,1,1,72,1,0,,0,0,3,0,11,0,,,,,6,1,3,3,1,10,,,,0,,,,,,98,,,,,,98030,53,64,161,6,1,0,0,2,0,,0,,,,,,0,11-15-2017,05-15-2018,20,0,0,0,8,9,8,,,0,,,8,8,2,695,605,,1,1,,2,1,0,,,,,,,,,,,,,,,,,,,,,,,,,,,,,,0,0,0,1,0,0,1,1,1,1,0,1,0,0,0,0,0,0,0,0,0,0,0,0,0,1,1,0,0,0,1,1,0,0,0,,0,0,0,0,0,0,1,1,0,0,0,0,0,0,1,0,,,,,,71-75,66-75,State route,U,Tuesday,,MHTRUCK,Not Fatal,1,0,0,0,State Route,Municipal/City Police,Kent Police Department,0,1,0,0,0,thc,1.1,carboxy-thc,7,,1,0,0,,,,,,,,,,,98,98,98,0,,,,,20,,,,,,,,nms,1,0,,,,,,
2019,116,634007,8,04-21-2019,17:53,21,4,April,,27,Grays Harbor,0,1,0,1,1,2,1,0,1,1,,,,1,0,0,No vehicle,137,1,0,1,No intersection,3,1,1,2,0,3,0,0,US-101,,-124.0936972,47.48767778,,0,1,1,Driver Off Road,13,2,60,2,0,0,1,2,1,1,1,2,1,1,Going Straight,1,1,53,,0,63,34,2009,0,,8,,,,,,1,1,16,1,0,,0,0,3,0,11,0,,,,,0,0,0,3,1,0,,,,96,,,,,,98,,,,,,98374,53,73,170,6,7,0,0,0,0,,0,,,,,,0,,,20,0,0,0,8,9,8,,,0,,,8,8,0,0,,,0,,,0,0,996,,,,,,,,,,,,,,,,,,,,,,,,,,,,,,0,0,0,0,0,0,0,0,0,1,0,1,0,0,0,0,0,0,0,0,1,0,1,0,1,0,0,0,0,1,0,1,0,0,0,,0,0,0,0,0,0,0,0,0,0,0,0,0,0,0,0,,,,,,16-17,16-25,County road,U,Wednesday,Belt Used,PV,Not Fatal,0,0,0,0,County Road,County Sheriff,Law Enforcement Support Agency,0,0,1,0,0,,,,,,0,0,0,,,,,,,,,,,98,98,98,0,,,,,20,,,,,,,,,1,0,,,224 ST E,4.38,NULL,
2018,116,633231,4,04-19-2018,07:45,19,4,April,0,65,Stevens,0,1,0,1,1,2,1,0,1,1,,,,24,0,0,No vehicle,228.1,1,0,1,No intersection,3,1,1,2,0,0,0,0,US-395,,-117.8812944,48.45935,,0,1,6,Drive off road,12,2,60,14,0,0,1,7,3,1,1,5,5,1,Going Straight,1,1,53,,0,34,37,1983,0,,8,,,,,,1,1,21,2,0,,0,0,3,0,11,0,,,,,0,0,0,3,1,0,,,,96,,,,,,98,,,,,,98204,53,67,145,6,1,0,1,1,2,,76,,,,,,0,06-15-2017,02-15-2019,20,0,0,0,8,9,8,,,0,,,8,8,0,0,,,0,,,0,0,996,,,,,,,,,,,,,,,,,,,,,,,,,,,,,,0,0,0,0,0,0,0,0,0,1,1,1,0,0,0,0,0,0,0,0,0,0,0,1,1,0,0,0,0,1,0,1,0,0,0,,0,0,0,0,0,0,0,0,0,0,0,0,0,0,0,0,,,,,,21-25,16-25,State route,U,Tuesday,Belt Used,PV,Not Fatal,0,0,0,0,State Route,State Patrol,Washington State Patrol,0,1,0,0,0,,,,,,0,0,1,,,,,,,,,,,0,0,0,0,,,,,20,,,,,,,,,1,0,,,,,,
2017,116,632502,2,04-22-2017,14:27,22,4,April,0,57,Skagit,0,2,0,1,2,2,1,0,2,2,,,,12,0,2,Front-to-Front,45.9,1,0,1,No intersection,4,2,1,3,0,0,0,0,SR-9,,-122.23005,48.38553611,98274,0,2,51,Lateral Move(Going Straight),62,4,50,14,0,0,1,5,12,3,2,2,1,14,Making a U turn,1,1,53,,0,32,43,2011,0,,8,,,,,,1,1,29,2,0,,0,0,3,0,11,0,,,,,0,0,0,3,1,0,,,,6,,,,,,98,,,,,,98444,53,62,200,6,1,0,0,0,0,,1,,,,,,0,,,20,0,0,0,8,9,8,,,0,,,8,8,0,0,,,0,,,0,0,996,,,,,,,,,,,,,,,,,,,,,,,,,,,,,,0,0,0,0,0,0,0,0,0,0,0,0,0,0,0,0,1,0,0,0,0,0,0,0,0,0,0,0,0,1,0,1,0,0,0,,0,0,0,0,0,0,0,0,1,0,0,0,0,0,0,0,,,,,,26-30,26-35,Interstate,U,Monday,Belt Used,PV,Not Fatal,0,0,0,0,State Route,State Patrol,Washington State Patrol,0,1,0,0,0,,,,,,0,0,0,,,,,,,,,,,98,98,98,0,,,,,20,,,,,,,,,0,23,,,,,,
2017,116,632501,2,04-22-2017,14:27,22,4,April,0,57,Skagit,0,2,0,1,2,2,1,0,2,2,,,,12,0,2,Front-to-Front,45.9,1,0,1,No intersection,4,2,1,3,0,0,0,0,SR-9,,-122.23005,48.38553611,98274,0,1,50,Lateral Move(Left/Right),10,2,50,80,0,0,1,2,12,2,2,2,1,14,Making a U turn,1,1,53,,0,29,5,2019,0,,68,64,39,2,,,1,1,18,1,7,,4,0,2,0,11,0,06-02-2021,04:40,11053027262,27262,0,0,0,3,1,8,,,,96,,,,,,98,,,,,,98584,53,63,95,6,2,0,0,0,0,,0,,,,,,3,,,8,0,0,0,0,9,8,,,0,,,8,1,2,1,,,1,,,2,1,0.07,,,,,,,,,,,,,,,,,,,,,,,,,,,,,,0,0,1,1,1,0,0,0,0,0,0,0,1,0,0,0,0,0,0,0,0,1,1,0,1,0,0,0,0,1,0,0,0,0,0,,1,0,0,0,1,0,0,0,0,1,0,0,1,0,0,1,,,,,,18-20,16-25,County road,R,Tuesday,Belt Used,PV,White,0,1,0,0,County Road,State Patrol,Washington State Patrol,1,0,1,0,0,,,,,,0,0,0,,,,,,,,,,,98,98,98,1,,,,,20,,,,,,,,,0,0,,,ROOSEVELT WY,2.42,BAY VIEW DR,0.41
2020,117,634737,339,04-28-2020,17:35,28,4,April,,63,Spokane,2113,1,,1,1,2,1,0,5,2,,,,12,0,6,Angle,9999.8,2,0,3,T Intersection,4,2,4,6,0,0,0,0,E 4TH AVE,S McKinnon Rd,-117.3325694,47.65350556,99212,0,1,98,Others,10,2,35,80,0,0,1,2,12,1,1,2,1,6,Others,1,2,16,,0,20,20,1992,0,,63,59,1,,,,1,1,21,1,1,,4,0,20,7,11,5,06-02-2021,15:32,2.11E+11,27149,0,0,0,0,1,0,,,,96,,,,,,9,,,,,,99354,53,71,155,3,7,0,0,0,1,,0,,,,,,0,06-15-2021,06-15-2021,20,1,9,0,0,1,8,,,0,,,8,1,8,95,,,96,,,2,1,0.101,,,,,,,,,,,,,,,,,,,,,,,,,,,,,,0,0,0,0,1,1,0,1,0,0,0,0,0,1,0,0,0,0,0,1,0,0,0,1,1,0,0,0,0,1,0,0,0,1,0,,1,0,0,0,0,1,0,1,0,0,0,1,0,1,0,1,,,,,,21-25,16-25,State route,R,Wednesday,Not Used,PV,Hispanic,0,1,0,0,State Route,State Patrol,Washington State Patrol,1,1,0,0,0,,,,,,0,0,1,,,,,,,,,,,0,0,0,201,298,,,,20,,,,,,,,,0,0,,,,,,
2017,117,3579208,263,04-12-2017,08:01,12,4,April,0,33,King,1960,2,0,1,2,1,1,1,3,1,,,,8,0,0,No vehicle,0,1,0,1,No intersection,3,2,4,6,0,0,0,0,BOREN AVE,E SPRUCE ST,-122.319725,47.603525,98109,0,1,13,Pedestrian/Animal,80,5,30,20,0,0,1,2,8,1,2,4,1,1,Going Straight,3,2,53,,0,20,481,2018,0,,8,,,,,,1,1,45,1,0,,0,0,3,0,11,0,,,,,0,0,0,3,1,0,,,,96,,,,,,98,,,,,,98563,53,76,220,6,1,0,0,0,1,,0,,,,,,0,10-15-2019,10-15-2019,20,0,0,0,8,9,8,,,0,,,8,8,0,0,,,0,,,0,0,996,,,,,,,,,,,,,,,,,,,,,,,,,,,,,,0,0,0,0,0,0,0,0,0,0,0,0,0,0,0,0,0,0,0,0,0,0,0,0,0,0,0,0,0,1,0,1,0,0,0,,0,0,0,0,0,0,0,0,0,0,0,0,0,0,0,0,,,,,,41-45,36-45,County road,R,Monday,Belt Used,PV,Not Fatal,0,0,0,0,County Road,County Sheriff,Grays Harbor County Sheriff's Offic,0,0,1,0,0,,,,,,0,0,0,,,,,,,,,,,98,98,98,0,,,,,20,,,,,,,,,1,0,,,MIDDLE SATSOP RD,7.1,NULL,
2021,117,635404,2,02-19-2021,05:30,19,2,Feb,,61,Snohomish,171,2,,6,2,2,2,2,1,1,,,,8,1,0,No vehicle,8.6,1,0,1,No intersection,4,2,1,3,0,0,0,0,SR-524,,-122.2271194,47.81288056,98012,0,1,13,Pedestrian/Animal,11,2,35,4,0,0,1,2,8,1,2,2,1,1,Going Straight,1,2,53,,0,49,405,2020,0,,8,,,,,,1,1,18,2,0,,0,0,99,7,11,0,,,,,0,0,3,3,1,0,,,,96,,,,,,98,,,,,,99019,53,67,127,6,2,0,0,0,0,,2,,,,,,4,,,20,0,0,0,8,9,8,,,0,,,8,8,0,0,,,0,,,0,0,996,,,,,,,,,,,,,,,,,,,,,,,,,,,,,,0,0,0,0,0,0,0,0,0,0,0,0,1,0,0,0,0,0,0,0,0,1,1,0,1,0,0,0,0,1,0,1,0,0,0,,0,0,0,0,0,0,0,0,0,1,0,0,0,0,0,0,,,,,,18-20,16-25,City street,U,Tuesday,Unknown,PV,Not Fatal,0,0,0,0,City Street,Municipal/City Police,LIBERTY LAKE POLICE DEPT,0,0,0,1,0,,,,,,0,0,0,,,,,,,,,,,98,98,98,0,,,,,20,,,,,,,,,1,0,,,,,,
2020,117,634738,339,04-28-2020,17:35,28,4,April,,63,Spokane,2113,1,,1,1,2,1,0,5,2,,,,12,0,6,Angle,9999.8,2,0,3,T Intersection,4,2,4,6,0,0,0,0,E 4TH AVE,S McKinnon Rd,-117.3325694,47.65350556,99212,0,2,98,Others,60,4,35,15,0,0,1,2,12,1,1,2,1,11,Turning Red: Permitted on red,4,2,53,,0,87,881,2013,0,,12,,,,,,1,1,55,1,0,,0,0,3,0,11,0,,,,,6,1,3,3,1,0,,,,96,,,,,,98,,,,,,98903,53,71,295,6,1,0,0,0,0,,0,,,,,,0,,,20,0,0,0,8,9,8,,,0,,,8,8,8,95,,,96,,,8,95,995,,,,,,,,,,,,,,,,,,,,,,,,,,,,,,0,0,0,0,1,1,1,1,1,1,0,1,0,1,0,0,0,0,0,0,0,0,0,1,1,0,0,0,0,1,1,1,0,0,0,,0,0,0,0,0,0,0,0,0,0,0,0,0,0,0,0,,,,,,51-55,46-55,State route,U,Saturday,,MHTRUCK,Not Fatal,0,0,0,0,State Route,State Patrol,Washington State Patrol,0,1,0,0,0,,,,,,0,0,0,,,,,,,,,,,98,98,98,0,,,,,20,,,,,,,,,1,19,,,,,,
2019,117,634010,8,04-20-2019,23:20,20,4,April,,27,Grays Harbor,0,10,0,2,1,2,1,0,4,3,,,,12,0,7,"Sideswipe,Same",37.9,1,0,1,No intersection,3,1,1,2,0,0,0,0,US-12,,-123.1738194,46.82799167,98568,0,3,45,Others,60,4,55,4,0,0,1,7,12,1,1,2,1,1,Going Straight,1,1,53,,0,30,46,2006,0,,12,63,8,14,,,1,1,21,8,0,,1,0,3,0,11,0,,,,,0,0,0,0,1,0,,,,96,,,,,,9,,,,,,98948,53,,999,0,0,0,0,0,0,,97,,,,,,0,,,1,0,0,0,8,1,8,,,0,,,8,1,2,695,,,1,,,2,1,0.21,,,,,,,,,,,,,,,,,,,,,,,,,,,,,,0,0,0,0,1,1,1,1,1,1,0,1,0,1,0,0,0,0,0,0,0,0,0,1,1,0,0,0,0,1,1,1,0,0,0,,0,0,0,0,0,1,1,1,0,0,0,1,0,0,0,1,,,,,,21-25,16-25,State route,U,Saturday,Belt Used,PV,Not Fatal,0,0,0,0,State Route,State Patrol,Washington State Patrol,0,1,0,0,0,thc,1.3,carboxy-thc,17,,0,0,0,,,,,,,,,,,98,98,98,0,,,,,20,,,,,,,,nms,1,19,,,,,,
2019,117,634009,8,04-20-2019,23:20,20,4,April,,27,Grays Harbor,0,10,0,2,1,2,1,0,4,3,,,,12,0,7,"Sideswipe,Same",37.9,1,0,1,No intersection,3,1,1,2,0,0,0,0,US-12,,-123.1738194,46.82799167,98568,0,2,98,Others,62,4,55,4,0,0,1,2,12,1,1,2,1,1,Going Straight,1,2,53,,0,52,402,2011,0,,12,,,,,,1,1,65,1,0,,2,0,3,0,11,5,,,,,0,0,0,3,1,0,,,,96,,,,,,98,,,,,,98387,53,62,186,6,1,0,0,0,0,,0,,,,,,0,,,8,0,0,0,8,9,8,,,0,,,8,8,0,0,,,0,,,0,0,996,,,,,,,,,,,,,,,,,,,,,,,,,,,,,,0,0,0,0,0,0,0,0,0,0,0,0,0,0,0,0,1,0,0,1,0,0,0,0,0,1,0,0,0,1,0,0,0,0,0,,0,0,0,0,0,0,0,0,0,0,0,0,0,0,0,0,,,,,,61-65,56-65,US highway,U,Saturday,Belt Used,PV,Not Fatal,0,1,1,0,State Route,Municipal/City Police,Spokane Police Department,0,1,0,0,0,,,,,,0,0,0,,,,,,,,,,,98,98,98,0,,,,,20,,,,,,,,,1,0,,,,,,
2019,117,634008,8,04-20-2019,23:20,20,4,April,,27,Grays Harbor,0,10,0,2,1,2,1,0,4,3,,,,12,0,7,"Sideswipe,Same",37.9,1,0,1,No intersection,3,1,1,2,0,0,0,0,US-12,,-123.1738194,46.82799167,98568,0,1,46,Others,51,3,55,4,0,0,1,2,1,1,1,2,1,6,Others,2,2,53,,0,42,48,2011,0,,12,,,,,,1,1,41,1,0,,2,0,3,0,11,0,,,,,0,0,0,3,1,0,,,,96,,,,,,98,,,,,,99216,53,75,214,6,1,0,0,0,1,,0,,,,,,0,10-15-2019,10-15-2019,8,0,0,0,8,9,8,,,0,,,8,8,0,0,,,0,,,0,0,996,,,,,,,,,,,,,,,,,,,,,,,,,,,,,,0,0,0,0,0,0,0,0,0,0,0,0,0,0,0,0,1,0,0,1,0,0,0,0,0,1,0,0,0,1,0,0,0,0,0,,0,0,0,0,0,0,0,0,0,0,0,0,0,0,0,0,,,,,,41-45,36-45,US highway,U,Saturday,Belt Used,PV,Not Fatal,0,1,1,0,State Route,Municipal/City Police,Spokane Police Department,0,1,0,0,0,,,,,,0,0,0,,,,,,,,,,,98,98,98,0,,,,,20,,,,,,,,,1,0,,,,,,
2018,117,Coroner,,04-06-2018,21:07,6,4,April,0,65,Stevens,0,98,0,6,98,8,1,0,1,1,,,,24,0,0,No vehicle,7,1,0,1,No intersection,99,9,99,9,0,3,0,0,RESERVATION RD,,-117.8109694,47.9353,99013,0,1,1,Driver Off Road,13,2,98,49,0,0,1,8,24,8,8,8,8,99,Others,1,9,99,,0,48,401,2008,0,,68,12,1,12,,,1,1,41,2,7,,4,7,20,7,11,0,05/29/2021,23:41,2.11E+11,26822,99,9,9,9,1,28,,,,92,,,,,,98,,,,,,59829,30,,999,9,9,99,99,99,99,,0,,,,,,0,,,20,2,9,0,0,9,8,,,0,,,8,8,0,0,,,0,,,0,0,996,,,,,,,,,,,,,,,,,,,,,,,,,,,,,,0,0,0,0,0,0,0,0,0,0,0,0,0,0,0,0,1,0,0,1,0,0,0,0,0,1,0,0,0,1,0,0,0,1,0,,1,0,0,0,0,0,0,0,1,0,0,0,0,0,0,0,,,,,,41-45,36-45,US highway,U,Saturday,Not Used,PV,White,0,1,1,0,State Route,Municipal/City Police,Spokane Police Department,0,1,0,0,0,,,,,,99,99,99,,,,,,,,,,,98,98,98,1,,,,,20,,,,,,,,,1,0,,,,,,