year,something,Cases,repjur,crash_dt,crash_tm,accday,Month,Month,holiday,county,co_char,city,weather,weather2,lightcond,surfcond,surftype,Number of Fatalities,nmforms,pforms,vforms,not_tm,arr_tm,hosp_tm,fhevent,hitrun,Manner of Collision,Manner of Collision,milepnt,reljunc,reljuncinter,intersectiontype,Intersection Type,funcsystem,landuse,ownership,route,schlbus,spejur,contdev,devfunc,trafid1,trafid2,x,y,zipcode,wk_zone,vnumber,crashtype,Crash Type,criticalevent,criticaleventcat,spdlim,body,trailer,emerg,hazcargo,leave,mhevent,roadalgn,roadprof,traflane,trafflow,Vehicle Manure,Vehicle Manure,numoccs,regowner,regstate,,spuse,make,model,modelyr,vrf1,vrf2,seqevent1,seqevent2,seqevent3,seqevent4,seqevent5,seqevent6,pnumber,ptype,age,sex,hispanic,race,injury,diedscene,restraint,restraintmisuse,seatpos,takehosp,death_dt,death_tm,cert,cernum_wa,commlic,licendor,licrestrict,liccomp,drivpres,drf1,drf2,drf3,drf4,distract1,distract2,distract3,distract4,distract5,distract6,dricond1,dricond2,dricond3,dricond4,dricond5,dricond6,dzip,licstate,drhgt_in,weight,noncdl,noncdltype,prevdwi,prevoth,prevacc,prevspd,prevsus,driviol1,driviol2,driviol3,driviol4,driviol5,driviol6,spdrel,first_dt,last_dt,airbag,ejection,ejectpath,extricat,injurwrk,methalc,methdrug,nmlocat,strikveh,prf1,prf2,prf3,druginv,alcinvol,drugsts,drugres1,drugres2,drugres3,drugtst1,drugtst2,drugtst3,alcsts,alctst,alcres,nmact1,nmact2,nmact3,nmact4,nmact5,nmact6,nmprior1,nmprior2,nmprior3,nmprior4,nmprior5,nmprior6,nmcond1,nmcond2,nmcond3,nmcond4,nmcond5,nmcond6,nmsafe_helmet,nmsafe_pads,nmsafe_oth,nmprev_ref,nmprev_lgt,nmprev_oth,crashlocation,nmcrashtype,crosswalk,schoolzone,sidewalk,train_inv,wildlife_inv,rotr_fars,intersect_fars,Drink and Drive,aid_inv,Drug Positive Drivers,Impaired Drivers,Marijuana Positive,impnm_inv,ainm_inv,dpnm_inv,speed_inv,unlic_inv,unendmc_inv,drowsy_inv,drdist_inv,nmdist_inv,fty_inv,unrestfat_inv,dr1617_inv,dr1820_inv,dr1620_inv,dr2125_inv,dr1625_inv,dr65_inv,dr70_inv,dr75_inv,mc_inv,pv_inv,ht_inv,ped_inv,bike_inv,unrest_fat,mc_fat,unhelmet_mc,pv_fat,ht_fat,ped_fat,bike_fat,dr_alc7,dr_alc8,dr_drug,dr_imp,dr_dist,dr_spd,dr_fty,dr_unlic,dr_alc7only,dr_alc8only,dr_drugonly,dr_drink,nm_imp,nm_alc7,nm_alc8,nm_drug,nm_dist,agegrp1,agegrp2,roadclass,urbrur,dayweek,restuse,vehtype,race_me,intersect,lanedep,oppdir,wrongway,rep_typ,investag,repag_long,rotr,st_rd,cty_rd,city_rd,oth_rd,drug_thc,thc_res,drug_cthc,cthc_res,drug_cann,prevpersemin,prevperse,prevsusoth,drugtst4,drugtst5,drugtst6,drugtst7,drugtst8,drugres4,drugres5,drugres6,drugres7,drugres8,adspresent,adsengaged,adslevel,race1,race2,race3,race4,race5,helmet,helmetmisuse,nmdistract1,nmdistract2,nmdistract3,nmdistract4,nmdistract5,nmdistract6,lab,isedtcase,crf1,crf2,crf3,CoRoadName,CoMP,IntCoRoadName,IntCoMP
2020,118,634739,35,05-01-2020,01:18,1,5,May,,53,Pierce,0,1,,6,1,2,1,0,2,1,01:19,01:28,02:03,30,0,0,No vehicle,9,1,0,1,No intersection,3,2,2,4,0,0,0,0,CR-CANYON ROAD E,,-122.3576417,47.12261667,98375,0,1,1,Driver Off Road,9,1,45,4,0,0,1,2,30,1,1,6,1,1,Going Straight,2,2,53,,0,55,35,2009,0,,12,,,,,,1,1,17,2,0,,0,0,3,0,11,0,,,,,0,0,3,3,1,0,,,,96,,,,,,98,,,,,,98042,53,67,145,6,2,0,0,0,0,,0,,,,,,0,,,20,0,0,0,8,9,8,,,0,,,8,8,8,95,,,96,,,8,95,995,,,,,,,,,,,,,,,,,,,,,,,,,,,,,,0,0,0,0,0,0,0,0,0,0,0,0,1,0,0,0,0,0,0,0,1,0,1,0,1,0,0,0,1,1,0,0,0,0,0,,0,0,0,0,0,0,0,0,0,0,0,0,0,0,0,0,,,,,,16-17,16-25,County road,U,Saturday,Belt Used,PV,Not Fatal,0,0,0,0,County Road,County Sheriff,King County Police,0,0,1,0,0,,,,,,0,0,0,,,,,,,,,,,98,98,98,0,,,,,20,,,,,,,,,1,0,,,244 AVE SE,0.294,NULL,
2019,118,634011,1,04-22-2019,01:37,22,4,April,,77,Yakima,0,1,0,2,1,2,1,0,2,1,,,,1,0,0,No vehicle,60.3,1,0,1,No intersection,3,1,1,2,0,3,0,0,US-97,,-120.3201917,46.35973611,98948,0,1,1,Driver Off Road,13,2,55,4,0,0,1,2,1,1,1,2,1,1,Going Straight,2,3,53,,0,37,705,2002,0,,12,68,64,67,53,,1,1,61,1,7,,4,0,20,7,11,5,06-08-2021,18:31,1.96E+11,27502,0,0,0,3,1,33,,,,96,,,,,,98,,,,,,98022,53,66,140,6,1,0,0,0,0,,0,,,,,,4,,,20,8,0,0,0,9,8,,,0,,,8,8,8,95,,,96,,,8,95,995,,,,,,,,,,,,,,,,,,,,,,,,,,,,,,0,0,0,0,0,0,0,0,0,0,0,0,1,0,0,0,0,0,0,0,1,0,1,0,1,0,0,0,1,1,0,0,0,0,1,0,0,0,0,0,0,0,0,0,0,1,0,0,0,0,0,0,,,,,,61-65,56-65,County road,U,Saturday,,MC,White,0,0,0,0,County Road,County Sheriff,King County Police,0,0,1,0,0,,,,,,0,0,0,,,,,,,,,,,0,0,0,1,,,,,5,,,,,,,,,1,0,,,244 AVE SE,0.294,NULL,
2018,118,633233,42,04-24-2018,02:32,24,4,April,0,67,Thurston,0,1,0,2,1,2,1,0,1,1,,,,42,0,0,No vehicle,3.1,1,0,1,No intersection,5,1,2,4,0,0,0,0,CR-SARGENT RD SW,,-123.0521111,46.83370556,98579,0,1,2,Control/Traction Loss,13,2,50,3,0,0,1,7,42,3,1,2,1,14,Making a U turn,1,2,53,,0,63,34,2008,0,,63,39,67,1,68,64,1,1,27,1,7,,4,7,3,0,11,0,05/30/2021,21:48,53026338,26338,0,0,0,2,1,0,,,,96,,,,,,98,,,,,,98610,53,68,145,1,1,0,2,1,0,,0,,,,,,4,12-15-2017,11-15-2019,1,2,9,0,0,9,8,,,0,,,8,8,2,1,,,1,,,2,1,0.173,,,,,,,,,,,,,,,,,,,,,,,,,,,,,,0,0,0,0,1,1,0,1,0,0,0,0,1,1,0,0,0,0,0,0,0,0,0,0,0,0,0,0,0,1,0,0,0,0,0,,1,0,0,0,0,1,0,1,0,1,0,1,0,1,0,1,,,,,,26-30,26-35,State route,R,Sunday,Belt Used,PV,White,0,1,0,0,State Route,State Patrol,Washington State Patrol,1,1,0,0,0,,,,,,0,0,3,,,,,,,,,,,98,98,98,1,,,,,20,,,,,,,,,1,0,,,,,,
2017,118,632499,7,04-15-2017,05:09,15,4,April,0,33,King,735,1,0,2,2,2,1,0,1,1,,,,43,0,0,No vehicle,145.6,1,0,1,No intersection,1,2,1,1,0,0,0,0,I-5,,-122.2932694,47.34043889,98003,0,1,6,Drive off road,12,2,60,4,0,0,1,2,25,1,1,5,3,1,Going Straight,1,1,53,,0,32,43,2005,0,,68,64,42,38,,,1,1,39,1,7,,4,7,3,0,11,0,05/28/2021,22:14,53026187,26187,0,0,0,3,1,0,,,,96,,,,,,9,,,,,,98580,53,73,185,6,1,0,0,0,0,,0,,,,,,4,,,99,0,0,0,0,1,8,,,0,,,1,1,2,1,,,1,,,2,1,0.204,,,,,,,,,,,,,,,,,,,,,,,,,,,,,,0,0,1,0,1,1,0,1,0,0,0,0,1,0,0,0,0,0,0,0,0,0,0,0,0,0,0,0,0,1,0,0,0,0,0,,1,0,0,0,0,1,0,1,0,1,0,0,0,1,0,1,,,,,,36-40,36-45,State route,R,Friday,Belt Used,PV,White,0,1,0,0,State Route,State Patrol,Washington State Patrol,1,1,0,0,0,,,,,,0,0,0,,,,,,,,,,,98,98,98,1,,,,,20,,,,,,,,,1,0,,,,,,
2021,119,635529,146,04-15-2021,00:25,15,4,April,,77,Yakima,0,1,,2,1,2,2,0,2,1,,,,35,0,0,No vehicle,0,1,0,1,No intersection,96,6,96,8,0,0,0,0,ROZA HILL DR    PVT DR,,-120.3803111,46.60615278,98901,0,1,7,Control/Traction Loss,6,1,50,4,0,0,1,2,2,1,2,2,1,1,Going Straight,2,2,53,,0,30,40,2019,0,,12,,,,,,1,1,25,2,0,,0,0,3,0,11,0,,,,,0,0,0,3,1,0,,,,96,,,,,,98,,,,,,98611,53,58,100,6,1,0,0,0,0,,0,,,,,,0,,,20,0,0,0,8,9,8,,,0,,,8,8,0,0,,,0,,,0,0,996,,,,,,,,,,,,,,,,,,,,,,,,,,,,,,0,0,0,0,0,0,0,0,0,0,0,0,1,1,1,0,0,0,0,0,0,0,0,1,1,0,0,0,1,1,0,0,0,0,0,,0,0,0,0,0,0,0,0,0,0,0,0,0,0,0,0,,,,,,21-25,16-25,Interstate,R,Saturday,Belt Used,PV,Not Fatal,0,0,0,0,State Route,State Patrol,Washington State Patrol,0,1,0,0,0,,,,,,0,0,0,,,,,,,,,,,98,98,98,0,,,,,20,,,,,,,,,1,0,,,,,,
2019,119,634012,1,04-27-2019,18:09,27,4,April,,71,Walla Walla,0,1,0,5,1,2,1,0,1,1,,,,24,0,0,No vehicle,12.4,1,0,1,No intersection,4,1,1,3,0,0,0,0,SR-124,,-118.7818528,46.26530556,,0,1,7,Control/Traction Loss,6,1,98,80,0,0,1,7,24,1,2,2,1,6,Others,1,1,53,,0,12,23,2016,0,,12,,,,,,1,1,37,2,0,,0,0,2,0,11,0,,,,,0,0,0,3,1,0,,,,96,,,,,,98,,,,,,98611,53,65,120,6,1,0,0,0,1,,0,,,,,,0,08-15-2016,08-15-2016,20,0,0,0,8,9,8,,,0,,,8,8,0,0,,,0,,,0,0,996,,,,,,,,,,,,,,,,,,,,,,,,,,,,,,0,0,0,0,0,0,0,0,0,0,0,0,1,1,1,0,0,0,0,0,0,0,0,1,1,0,0,0,1,1,0,0,0,0,0,,0,0,0,0,0,0,0,0,0,0,0,0,0,0,0,0,,,,,,36-40,36-45,Interstate,R,Saturday,Belt Used,PV,Not Fatal,0,0,0,0,State Route,State Patrol,Washington State Patrol,0,1,0,0,0,,,,,,0,0,0,,,,,,,,,,,98,98,98,0,,,,,20,,,,,,,,,1,0,,,,,,
2018,119,633214,278,04-16-2018,19:33,16,4,April,0,63,Spokane,2110,1,0,5,1,2,1,0,4,3,19:34,19:44,20:28,12,0,6,Angle,0,2,0,2,4 Way,3,2,4,6,0,0,3,3,FRANCIS AVE,MARKET ST,-117.3646722,47.714875,99217,0,3,98,Others,62,4,98,34,0,0,1,5,12,1,2,6,1,5,Others,1,2,53,,0,98,706,2021,0,,12,,,,,,1,1,41,1,0,,3,0,20,7,11,0,,,,,0,0,0,3,1,0,,,,96,,,,,,98,,,,,,98629,53,65,120,6,1,0,0,0,0,,0,,,,,,4,,,20,8,0,0,8,9,8,,,0,,,8,8,0,0,,,0,,,0,0,996,,,,,,,,,,,,,,,,,,,,,,,,,,,,,,0,0,0,0,0,0,0,0,0,0,0,0,1,1,1,0,0,0,0,0,0,0,0,1,1,0,0,0,1,1,0,0,0,0,0,0,0,0,0,0,0,0,0,0,0,1,0,0,0,0,0,0,,,,,,41-45,36-45,Interstate,R,Saturday,,MC,Not Fatal,0,0,0,0,State Route,State Patrol,Washington State Patrol,0,1,0,0,0,,,,,,0,0,0,,,,,,,,,,,98,98,98,0,,,,,5,,,,,,,,,1,0,,,,,,
2018,119,633213,278,04-16-2018,19:33,16,4,April,0,63,Spokane,2110,1,0,5,1,2,1,0,4,3,19:34,19:44,20:28,12,0,6,Angle,0,2,0,2,4 Way,3,2,4,6,0,0,3,3,FRANCIS AVE,MARKET ST,-117.3646722,47.714875,99217,0,2,89,Others,66,4,98,14,0,0,1,7,12,8,8,4,1,1,Going Straight,2,1,53,,0,53,706,2014,0,,1,12,,,,,1,1,29,2,7,,4,7,20,7,11,0,05/29/2021,23:00,1.86E+11,26469,0,0,3,2,1,0,,,,96,,,,,,98,,,,,,98629,53,66,130,1,1,1,0,0,0,,0,,,,,,4,05-15-2021,05-15-2021,20,8,0,0,0,9,8,,,0,,,8,8,0,0,,,0,,,0,0,996,,,,,,,,,,,,,,,,,,,,,,,,,,,,,,0,0,0,0,0,0,0,0,0,0,0,0,1,1,1,0,0,0,0,0,0,0,0,1,1,0,0,0,1,1,0,0,0,0,1,0,0,0,0,0,0,0,0,0,0,1,0,1,0,0,0,0,,,,,,26-30,26-35,Interstate,R,Saturday,,MC,White,0,0,0,0,State Route,State Patrol,Washington State Patrol,0,1,0,0,0,,,,,,0,1,0,,,,,,,,,,,0,0,0,1,,,,,5,,,,,,,,,1,0,,,,,,
2018,119,633212,278,04-16-2018,19:33,16,4,April,0,63,Spokane,2110,1,0,5,1,2,1,0,4,3,19:34,19:44,20:28,12,1,6,Angle,0,2,0,2,4 Way,3,2,4,6,0,0,3,3,FRANCIS AVE,MARKET ST,-117.3646722,47.714875,99217,0,1,88,Striking from the Left,17,2,98,4,0,0,1,7,12,1,2,5,1,1,Going Straight,1,1,53,,0,9,442,1994,0,,63,69,68,64,1,38,1,1,41,1,7,,4,7,99,7,11,0,05/28/2021,10:43,53026754,26754,0,0,0,0,1,58,,,,92,,,,,,9,,,,,,98331,53,68,155,0,0,0,3,0,2,,0,,,,,,0,11-15-2016,12-15-2019,20,0,0,0,0,9,8,,,0,,,1,8,2,996,177,157,1,1,1,2,1,0,,,,,,,,,,,,,,,,,,,,,,,,,,,,,,0,0,0,0,0,0,1,1,1,0,0,0,0,1,0,0,1,0,0,0,0,0,0,0,0,0,0,0,0,1,0,0,0,0,0,,1,0,0,0,0,0,1,1,1,0,0,1,0,0,1,0,,,,,,41-45,36-45,State route,R,Friday,Unknown,PV,White,0,1,0,0,State Route,State Patrol,Washington State Patrol,1,1,0,0,0,thc,1,carboxy-thc,5.7,,0,0,0,1,1,1,,,695,605,124,996,401,0,0,0,1,,,,,20,,,,,,,,nms,1,0,,,,,,
2017,119,632500,7,04-16-2017,03:55,16,4,April,0,33,King,100,1,0,3,1,2,1,1,1,1,,,,8,1,0,No vehicle,0.2,5,1,1,No intersection,2,2,1,3,0,0,0,0,SR-167 RAMP S100227,SR-18,-122.2498222,47.307375,98390,0,1,13,Pedestrian/Animal,12,2,98,99,0,0,1,5,8,1,1,1,6,1,Going Straight,99,9,99,,0,30,43,1981,0,,12,,,,,,1,1,16,1,0,,0,0,3,0,11,0,,,,,0,0,1,3,1,0,,,,96,,,,,,98,,,,,,98589,53,71,140,6,2,0,0,0,0,,0,,,,,,0,,,20,0,0,0,8,9,8,,,0,,,8,8,0,0,,,0,,,0,0,996,,,,,,,,,,,,,,,,,,,,,,,,,,,,,,0,0,0,0,0,0,0,0,0,0,0,0,1,1,1,0,0,0,0,0,1,0,1,0,1,0,0,0,1,1,0,0,0,0,0,,0,0,0,0,0,0,0,0,0,0,0,0,0,0,0,0,,,,,,16-17,16-25,County road,R,Wednesday,Belt Used,PV,Not Fatal,0,0,0,0,County Road,County Sheriff,Thurston County Sheriff's Office,0,0,1,0,0,,,,,,0,0,0,,,,,,,,,,,0,0,0,0,,,,,20,,,,,,,,,1,0,,,SKOOKUMCHUCK RD SE,4.929,NULL,
2021,120,635530,6,04-21-2021,11:07,21,4,April,,25,Grant,680,1,,1,1,2,1,1,2,1,,,,8,0,0,No vehicle,51.7,3,0,2,4 Way,4,2,1,3,0,0,3,3,SR-28,FIRST AVE NW,-119.5509694,47.32165833,98823,0,1,13,Pedestrian/Animal,80,5,25,67,0,0,1,5,8,1,1,3,1,11,Turning Red: Permitted on red,2,1,53,,0,72,706,2018,0,,1,68,12,,,,1,1,57,1,0,,0,0,20,7,11,0,,,,,0,0,0,2,1,0,,,,96,,,,,,98,,,,,,86409,4,72,185,1,1,0,0,1,0,,97,,,,,,4,04-15-2021,04-15-2021,20,8,0,0,8,9,8,,,0,,,8,8,0,0,,,0,,,0,0,996,,,,,,,,,,,,,,,,,,,,,,,,,,,,,,0,0,0,0,0,0,0,0,0,0,0,0,1,1,1,0,0,0,0,0,1,0,1,0,1,0,0,0,1,1,0,0,0,0,0,0,0,0,0,0,0,0,0,0,0,1,0,1,0,0,0,0,,,,,,56-60,56-65,County road,R,Wednesday,,MC,Not Fatal,0,0,0,0,County Road,County Sheriff,Thurston County Sheriff's Office,0,0,1,0,0,,,,,,0,0,1,,,,,,,,,,,0,0,0,0,,,,,5,,,,,,,,,1,0,,,SKOOKUMCHUCK RD SE,4.929,NULL,
2020,120,634740,35,05-01-2020,13:49,1,5,May,,53,Pierce,0,1,,1,1,2,1,0,1,1,,,,98,0,0,No vehicle,1.8,1,0,1,No intersection,6,1,2,4,0,0,0,0,CR-TISCH RD S,,-122.515725,46.96060556,98580,0,1,1,Driver Off Road,13,2,35,90,0,0,1,5,98,2,1,2,1,14,Making a U turn,1,1,53,,0,12,498,2021,0,,63,42,,,,,1,1,37,1,1,,4,7,20,7,11,0,05-10-2021,17:40,1.65E+11,,0,0,0,3,1,0,,,,96,,,,,,98,,,,,,98584,53,70,280,6,1,0,0,4,0,,0,,,,,,0,11-15-2017,03-15-2017,8,0,0,0,9,9,8,,,0,,,8,8,2,1,,,1,,,2,1,0,,,,,,,,,,,,,,,,,,,,,,,,,,,,,,0,0,1,0,0,0,0,0,0,0,0,0,0,0,0,0,0,0,0,1,0,0,0,0,0,0,0,0,0,1,0,0,0,1,0,,1,0,0,0,0,0,0,0,0,0,0,0,0,0,0,0,,,,,,36-40,36-45,State route,R,Monday,Not Used,PV,Hispanic,0,1,0,0,State Route,State Patrol,Washington State Patrol,1,1,0,0,0,,,,,,0,0,0,,,,,,,,,,,98,98,98,1,,,,,20,,,,,,,,,1,0,,,,,,
2019,120,634014,3,04-09-2019,20:22,9,4,April,,67,Thurston,0,1,0,3,1,2,1,0,5,2,,,,12,0,6,Angle,2.8,2,0,2,4 Way,4,2,1,3,0,0,0,0,SR-510,ROCKCRESS DR,-122.7427583,47.03591944,98513,0,2,69,Initial Opposite Direction(Going Straight),62,4,50,80,0,0,1,7,12,1,1,3,1,1,Going Straight,1,2,53,,0,34,34,2008,0,,8,,,,,,1,1,44,2,0,,0,0,3,0,11,0,,,,,0,0,0,3,1,10,,,,0,,,,,,98,,,,,,98498,53,68,155,6,1,0,0,1,1,,0,,,,,,0,05-15-2017,05-15-2020,20,0,0,0,8,9,8,,,0,,,8,8,0,0,,,0,,,0,0,996,,,,,,,,,,,,,,,,,,,,,,,,,,,,,,0,0,0,0,0,0,0,0,0,0,0,0,0,0,0,0,0,0,0,0,0,0,0,0,0,0,0,0,0,1,0,1,0,0,0,,0,0,0,0,0,0,0,0,0,0,0,0,0,0,0,0,,,,,,41-45,36-45,Interstate,U,Friday,Belt Used,PV,Not Fatal,0,0,0,0,State Route,State Patrol,Washington State Patrol,0,1,0,0,0,,,,,,0,0,0,,,,,,,,,,,98,98,98,0,,,,,20,,,,,,,,,1,0,,,,,,
2019,120,634013,3,04-09-2019,20:22,9,4,April,,67,Thurston,0,1,0,3,1,2,1,0,5,2,,,,12,0,6,Angle,2.8,2,0,2,4 Way,4,2,1,3,0,0,0,0,SR-510,ROCKCRESS DR,-122.7427583,47.03591944,98513,0,1,68,Initial Opposite Direction(Left/Right),15,2,50,4,0,0,1,2,12,1,1,3,1,11,Turning Red: Permitted on red,4,1,53,,0,20,22,2006,0,,8,,,,,,1,1,29,2,0,,0,0,3,0,11,0,,,,,0,0,0,3,1,0,,,,96,,,,,,98,,,,,,98404,53,66,200,6,1,0,0,0,0,,0,,,,,,0,,,20,0,0,0,8,9,8,,,0,,,8,8,0,0,,,0,,,0,0,996,,,,,,,,,,,,,,,,,,,,,,,,,,,,,,0,0,0,0,0,0,0,0,0,0,0,0,0,0,0,0,0,0,0,0,0,0,0,0,0,0,0,0,0,1,0,1,0,0,0,,0,0,0,0,0,0,0,0,0,0,0,0,0,0,0,0,,,,,,26-30,26-35,Interstate,U,Friday,Belt Used,PV,Not Fatal,0,0,0,0,State Route,State Patrol,Washington State Patrol,0,1,0,0,0,,,,,,0,0,0,,,,,,,,,,,98,98,98,0,,,,,20,,,,,,,,,1,0,,,,,,
2017,120,632527,21,04-25-2017,15:11,25,4,April,0,25,Grant,0,1,0,1,1,2,1,0,1,1,,,,17,0,0,No vehicle,3.5,1,0,1,No intersection,7,1,2,4,0,0,0,0,CR-RD 22 NE,,-119.1333806,47.423025,98860,0,1,6,Drive off road,12,2,40,34,0,0,1,2,1,2,3,2,1,14,Making a U turn,1,1,53,,0,12,401,2001,0,,8,,,,,,1,1,64,1,0,,0,0,3,0,11,0,,,,,0,0,0,3,1,10,38,,,0,,,,,,98,,,,,,98902,53,72,170,6,1,0,0,0,0,,97,,,,,,0,,,20,0,0,0,8,9,8,,,0,,,8,8,0,0,,,0,,,0,0,996,,,,,,,,,,,,,,,,,,,,,,,,,,,,,,0,0,0,1,0,0,0,0,0,0,0,0,0,0,0,0,0,0,1,0,0,0,0,0,0,0,0,0,0,1,0,1,0,0,0,,0,0,0,0,0,0,0,0,0,0,1,0,0,0,0,0,,,,,,61-65,56-65,City street,U,Monday,Belt Used,PV,Not Fatal,1,0,0,0,City Street,Municipal/City Police,Yakima Police Department,0,0,0,1,0,,,,,,0,0,0,,,,,,,,,,,98,98,98,0,,,,,20,,,,,,,,,1,0,,,,,,
2018,120,3754330,263,04-30-2018,23:36,30,4,April,0,33,King,1960,1,0,3,1,2,1,1,2,2,,,,8,1,0,No vehicle,1.9,1,0,1,No intersection,3,2,1,3,0,0,0,0,SR-513,40TH AVE NE,-122.28505,47.66282778,98105,0,1,13,Pedestrian/Animal,80,5,35,99,0,0,1,5,8,1,1,5,1,1,Going Straight,99,9,99,,0,12,880,2017,0,,12,1,,,,,1,1,44,1,0,,2,0,3,0,11,5,,,,,0,0,0,3,1,0,,,,96,,,,,,98,,,,,,98901,53,67,200,6,1,0,0,0,1,,0,,,,,,0,07-15-2017,07-15-2017,8,0,0,0,8,9,8,,,0,,,8,8,0,0,,,0,,,0,0,996,,,,,,,,,,,,,,,,,,,,,,,,,,,,,,0,0,0,0,0,0,1,1,1,0,0,0,0,1,0,0,1,0,0,0,0,0,0,1,1,0,0,0,0,1,1,0,0,0,0,,0,0,0,0,0,0,0,0,0,0,0,0,0,0,0,0,,,,,,41-45,36-45,State route,U,Monday,,MHTRUCK,Not Fatal,0,1,1,0,State Route,State Patrol,Washington State Patrol,0,1,0,0,0,,,,,,0,0,0,,,,,,,,,,,98,98,98,0,,,,,20,,,,,,,,,1,0,,,,,,
2018,120,3754330,263,04-30-2018,23:36,30,4,April,0,33,King,1960,1,0,3,1,2,1,1,2,2,,,,8,1,0,No vehicle,1.9,1,0,1,No intersection,3,2,1,3,0,0,0,0,SR-513,40TH AVE NE,-122.28505,47.66282778,98105,0,2,98,Others,80,5,35,98,0,0,1,5,8,1,1,5,1,1,Going Straight,99,9,99,,0,12,13,1994,0,,63,69,68,12,,,1,1,25,1,1,,4,7,3,0,11,0,05/24/2021,19:03,53026207,26207,0,0,0,0,1,0,,,,92,,,,,,98,,,,,,99350,53,72,160,0,0,0,3,0,1,,0,,,,,,0,12-15-2017,03-15-2020,20,0,0,0,0,9,8,,,0,,,1,8,2,695,605,,1,1,,2,1,0,,,,,,,,,,,,,,,,,,,,,,,,,,,,,,0,0,0,0,0,0,1,1,1,0,0,0,0,1,0,0,1,0,0,0,0,0,0,1,1,0,0,0,0,1,1,0,0,0,0,,1,0,0,0,0,0,1,1,1,0,0,1,0,0,1,0,,,,,,21-25,16-25,State route,U,Monday,Belt Used,PV,Hispanic,0,1,1,0,State Route,State Patrol,Washington State Patrol,0,1,0,0,0,thc,22,carboxy-thc,190,,0,0,0,,,,,,,,,,,0,0,0,98,,,,,20,,,,,,,,nms,1,0,,,,,,
2017,121,632509,5,04-25-2017,05:08,25,4,April,0,41,Lewis,0,10,0,4,2,2,1,0,3,3,,,,12,0,1,Front-to-Rear,80.2,1,0,1,No intersection,1,2,1,1,0,0,0,0,I-5,,-122.970175,46.68926944,,0,3,98,Others,61,4,60,66,1,0,1,5,12,1,1,2,3,1,Going Straight,1,3,18,,0,34,706,2015,0,,68,64,42,,,,1,1,36,1,7,,4,7,20,7,11,0,05/23/2021,00:00,53025385,25385,0,0,0,3,1,0,,,,96,,,,,,98,,,,,,98272,53,68,165,6,1,0,0,0,1,,0,,,,,,3,07-15-2020,07-15-2020,20,8,0,0,0,9,8,,,0,,,8,8,2,401,,,1,,,2,1,0.123,,,,,,,,,,,,,,,,,,,,,,,,,,,,,,0,0,1,0,1,1,1,1,0,0,0,0,1,0,0,0,0,0,0,0,0,0,0,0,0,0,0,0,1,0,0,0,0,0,1,0,0,0,0,0,0,1,1,1,0,1,0,0,0,0,0,1,,,,,,36-40,36-45,County road,R,Sunday,,MC,White,0,1,0,0,County Road,County Sheriff,Snohomish County Sheriff's Office,1,0,1,0,0,,,,,,0,0,0,,,,,,,,,,,0,0,0,1,,,,,19,,,,,,,,,1,0,,,OLD SNOHOMISH-MONROE RD,4.913,NULL,
2020,121,3837845,263,04-25-2020,20:17,25,4,April,,33,King,1960,1,,1,1,2,2,0,2,1,20:20,20:27,,30,0,0,No vehicle,0,3,0,3,T Intersection,3,2,4,6,0,0,0,0,AIRPORT WAY S,S Hinds St,-122.3216417,47.57351667,98134,0,1,6,Drive off road,12,2,30,2,0,0,1,2,30,2,1,5,5,14,Making a U turn,2,1,53,,0,7,482,1999,0,,63,35,,,,,1,1,81,1,0,,3,0,3,0,11,4,,,,,0,0,3,3,1,0,,,,92,,,,,,98,,,,,,98503,53,65,180,6,1,0,0,1,0,,97,,,,,,4,08-15-2019,08-15-2019,20,0,0,0,8,9,8,,,0,,,8,8,2,1,,,1,,,2,1,0,,,,,,,,,,,,,,,,,,,,,,,,,,,,,,0,0,1,1,0,0,0,0,0,0,0,0,1,0,0,0,1,0,0,0,0,0,0,0,0,1,1,1,0,1,0,0,0,0,0,,0,0,0,0,0,0,0,0,1,1,0,0,0,0,0,0,,,,,,81+,76+,State route,U,Sunday,Belt Used,PV,Not Fatal,1,0,0,0,State Route,State Patrol,Washington State Patrol,0,1,0,0,0,,,,,,0,0,0,,,,,,,,,,,0,0,0,0,,,,,20,,,,,,,,,1,0,,,,,,
2021,121,635531,13,04-20-2021,16:09,20,4,April,,9,Clallam,0,1,,1,1,2,1,0,1,1,,,,38,0,0,No vehicle,,1,0,1,No intersection,5,1,2,4,0,0,0,0,CR-MOUNT PLEASANT RD,,-123.3651111,48.086125,98362,0,1,1,Driver Off Road,13,2,35,4,0,0,1,2,38,1,1,2,1,1,Going Straight,1,1,53,,0,72,706,2021,0,,63,38,14,,,,1,1,22,1,7,,4,0,20,7,11,0,05/24/2021,01:02,2.11E+11,24925,0,0,0,3,1,0,,,,96,,,,,,98,,,,,,99205,53,70,160,6,1,0,0,0,0,,0,,,,,,3,,,20,8,0,0,0,9,8,,,0,,,8,8,2,695,605,,1,1,,2,1,0.122,,,,,,,,,,,,,,,,,,,,,,,,,,,,,,0,0,1,1,1,1,1,1,1,0,0,0,1,0,0,0,0,0,0,0,0,0,0,1,1,0,0,0,1,1,0,0,0,0,1,0,0,0,0,0,0,1,1,1,0,1,0,0,0,0,0,1,,,,,,21-25,16-25,City street,U,Monday,,MC,White,0,1,0,0,City Street,Municipal/City Police,Spokane Police Department,1,0,0,1,0,thc,50,carboxy-thc,17,,0,0,0,,,,,,,,,,,98,98,98,1,,,,,99,,,,,,,,nms,1,0,,,,,,