year,something,Cases,repjur,crash_dt,crash_tm,accday,Month,Month,holiday,county,co_char,city,weather,weather2,lightcond,surfcond,surftype,Number of Fatalities,nmforms,pforms,vforms,not_tm,arr_tm,hosp_tm,fhevent,hitrun,Manner of Collision,Manner of Collision,milepnt,reljunc,reljuncinter,intersectiontype,Intersection Type,funcsystem,landuse,ownership,route,schlbus,spejur,contdev,devfunc,trafid1,trafid2,x,y,zipcode,wk_zone,vnumber,crashtype,Crash Type,criticalevent,criticaleventcat,spdlim,body,trailer,emerg,hazcargo,leave,mhevent,roadalgn,roadprof,traflane,trafflow,Vehicle Manure,Vehicle Manure,numoccs,regowner,regstate,,spuse,make,model,modelyr,vrf1,vrf2,seqevent1,seqevent2,seqevent3,seqevent4,seqevent5,seqevent6,pnumber,ptype,age,sex,hispanic,race,injury,diedscene,restraint,restraintmisuse,seatpos,takehosp,death_dt,death_tm,cert,cernum_wa,commlic,licendor,licrestrict,liccomp,drivpres,drf1,drf2,drf3,drf4,distract1,distract2,distract3,distract4,distract5,distract6,dricond1,dricond2,dricond3,dricond4,dricond5,dricond6,dzip,licstate,drhgt_in,weight,noncdl,noncdltype,prevdwi,prevoth,prevacc,prevspd,prevsus,driviol1,driviol2,driviol3,driviol4,driviol5,driviol6,spdrel,first_dt,last_dt,airbag,ejection,ejectpath,extricat,injurwrk,methalc,methdrug,nmlocat,strikveh,prf1,prf2,prf3,druginv,alcinvol,drugsts,drugres1,drugres2,drugres3,drugtst1,drugtst2,drugtst3,alcsts,alctst,alcres,nmact1,nmact2,nmact3,nmact4,nmact5,nmact6,nmprior1,nmprior2,nmprior3,nmprior4,nmprior5,nmprior6,nmcond1,nmcond2,nmcond3,nmcond4,nmcond5,nmcond6,nmsafe_helmet,nmsafe_pads,nmsafe_oth,nmprev_ref,nmprev_lgt,nmprev_oth,crashlocation,nmcrashtype,crosswalk,schoolzone,sidewalk,train_inv,wildlife_inv,rotr_fars,intersect_fars,Drink and Drive,aid_inv,Drug Positive Drivers,Impaired Drivers,Marijuana Positive,impnm_inv,ainm_inv,dpnm_inv,speed_inv,unlic_inv,unendmc_inv,drowsy_inv,drdist_inv,nmdist_inv,fty_inv,unrestfat_inv,dr1617_inv,dr1820_inv,dr1620_inv,dr2125_inv,dr1625_inv,dr65_inv,dr70_inv,dr75_inv,mc_inv,pv_inv,ht_inv,ped_inv,bike_inv,unrest_fat,mc_fat,unhelmet_mc,pv_fat,ht_fat,ped_fat,bike_fat,dr_alc7,dr_alc8,dr_drug,dr_imp,dr_dist,dr_spd,dr_fty,dr_unlic,dr_alc7only,dr_alc8only,dr_drugonly,dr_drink,nm_imp,nm_alc7,nm_alc8,nm_drug,nm_dist,agegrp1,agegrp2,roadclass,urbrur,dayweek,restuse,vehtype,race_me,intersect,lanedep,oppdir,wrongway,rep_typ,investag,repag_long,rotr,st_rd,cty_rd,city_rd,oth_rd,drug_thc,thc_res,drug_cthc,cthc_res,drug_cann,prevpersemin,prevperse,prevsusoth,drugtst4,drugtst5,drugtst6,drugtst7,drugtst8,drugres4,drugres5,drugres6,drugres7,drugres8,adspresent,adsengaged,adslevel,race1,race2,race3,race4,race5,helmet,helmetmisuse,nmdistract1,nmdistract2,nmdistract3,nmdistract4,nmdistract5,nmdistract6,lab,isedtcase,crf1,crf2,crf3,CoRoadName,CoMP,IntCoRoadName,IntCoMP
2019,121,634016,2,04-25-2019,18:08,25,4,April,,57,Skagit,0,10,0,1,1,2,1,0,7,2,,,,12,0,6,Angle,1.4,2,0,2,4 Way,5,1,1,3,0,0,0,0,SR- 11,PULVER RD,-122.3564444,48.50010556,98233,0,2,89,Others,66,4,50,34,0,0,1,2,1,1,1,2,1,1,Going Straight,4,1,53,,0,20,9,2000,0,,63,42,,,,,1,1,39,1,7,,4,7,3,0,11,0,05-08-2021,22:42,53023906,23906,0,0,0,3,1,0,,,,96,,,,,,98,,,,,,98328,53,66,150,6,1,0,0,1,3,,0,,,,,,4,07-15-2017,10-15-2020,20,2,9,0,0,9,8,,,0,,,8,8,2,695,605,,1,1,,2,1,0.22,,,,,,,,,,,,,,,,,,,,,,,,,,,,,,0,0,0,0,1,1,1,1,1,0,0,0,1,0,0,0,0,0,0,0,0,0,0,0,0,0,0,0,0,1,0,0,0,0,0,,1,0,0,0,0,1,1,1,0,1,0,0,0,0,0,1,,,,,,36-40,36-45,State route,R,Saturday,Belt Used,PV,White,0,1,0,0,State Route,State Patrol,Washington State Patrol,1,1,0,0,0,thc,17,carboxy-thc,40,,0,0,1,,,,,,,,,,,98,98,98,1,,,,,20,,,,,,,,nms,1,0,,,,,,
2019,121,634015,2,04-25-2019,18:08,25,4,April,,57,Skagit,0,10,0,1,1,2,1,0,7,2,,,,12,0,6,Angle,1.4,2,0,2,4 Way,5,1,1,3,0,0,20,3,SR- 11,PULVER RD,-122.3564444,48.50010556,98233,0,1,88,Striking from the Left,17,2,50,14,0,0,1,2,12,1,1,2,1,1,Going Straight,3,2,53,,0,30,42,9999,0,,8,,,,,,1,1,999,9,0,,9,0,99,7,11,0,,,,,99,9,9,9,1,0,,,,96,,,,,,98,,,,,,99999,99,,999,9,9,99,99,99,99,,97,,,,,,0,,,99,9,0,0,8,9,8,,,0,,,8,8,0,0,,,0,,,0,0,996,,,,,,,,,,,,,,,,,,,,,,,,,,,,,,0,0,0,0,0,0,0,0,0,1,0,1,0,0,0,0,0,0,0,0,0,0,0,0,0,0,0,0,0,1,0,1,0,0,0,,0,0,0,0,0,0,0,0,0,0,0,0,0,0,0,0,,,,,,,,State route,U,Friday,Unknown,PV,Not Fatal,0,0,0,0,State Route,Municipal/City Police,Des Moines Police Department,0,1,0,0,0,,,,,,99,99,99,,,,,,,,,,,98,98,98,0,,,,,20,,,,,,,,,1,0,,,,,,
2018,121,633255,25,04-27-2018,08:31,27,4,April,0,33,King,229,1,0,1,1,2,1,0,19,2,,,,12,0,2,Front-to-Front,0,1,0,1,No intersection,5,2,4,6,1,0,0,0,GLENDALE WAY S,,-122.3165972,47.50296111,98168,0,2,51,Lateral Move(Going Straight),62,4,98,50,0,0,1,7,12,3,1,2,1,14,Making a U turn,16,3,53,,0,20,473,2019,0,,12,,,,,,1,1,45,1,0,,1,0,3,0,11,0,,,,,0,0,0,3,1,0,,,,96,,,,,,98,,,,,,98632,53,69,220,6,1,0,0,0,0,,0,,,,,,0,,,8,0,0,0,8,9,8,,,0,,,8,8,2,1,,,1,,,2,1,0,,,,,,,,,,,,,,,,,,,,,,,,,,,,,,0,0,1,0,1,1,1,1,1,0,0,0,0,0,0,0,0,0,0,0,0,0,0,0,0,0,0,0,0,1,0,0,0,0,0,,0,0,0,0,0,0,0,0,0,0,0,0,0,0,0,0,,,,,,41-45,36-45,State route,R,Tuesday,Belt Used,PV,Not Fatal,0,1,0,0,State Route,State Patrol,Washington State Patrol,1,1,0,0,0,,,,,,0,0,0,,,,,,,,,,,98,98,98,0,,,,,20,,,,,,,,,1,0,,,,,,
2018,121,633254,25,04-27-2018,08:31,27,4,April,0,33,King,229,1,0,1,1,2,1,0,19,2,,,,12,0,2,Front-to-Front,0,1,0,1,No intersection,5,2,4,6,1,0,0,0,GLENDALE WAY S,,-122.3165972,47.50296111,98168,0,1,50,Lateral Move(Left/Right),10,2,98,6,0,0,1,7,12,2,1,2,1,14,Making a U turn,3,2,53,,0,12,37,2000,0,,68,64,24,69,12,,1,1,64,1,7,,4,7,3,0,11,0,05/18/2021,17:45,53024295,24295,0,0,3,3,1,28,,,,96,,,,,,9,,,,,,98629,53,68,175,6,1,0,0,0,0,,0,,,,,,0,,,1,0,0,0,0,9,8,,,0,,,8,1,2,155,605,,1,1,,2,1,0.327,,,,,,,,,,,,,,,,,,,,,,,,,,,,,,0,0,1,0,1,1,1,1,1,0,0,0,0,0,0,0,0,0,0,0,0,0,0,0,0,0,0,0,0,1,0,0,0,0,0,,1,0,0,0,0,1,1,1,0,0,0,0,0,0,0,1,,,,,,61-65,56-65,State route,R,Tuesday,Belt Used,PV,White,0,1,0,0,State Route,State Patrol,Washington State Patrol,1,1,0,0,0,thc,2.5,,,,0,0,0,,,,,,,,,,,98,98,98,1,,,,,20,,,,,,,,nms,1,0,,,,,,
2017,121,632508,5,04-25-2017,05:08,25,4,April,0,41,Lewis,0,10,0,4,2,2,1,0,3,3,,,,12,0,1,Front-to-Rear,80.2,1,0,1,No intersection,1,2,1,1,0,0,0,0,I-5,,-122.970175,46.68926944,,0,2,24,Others,51,3,60,80,0,0,1,2,12,1,1,2,3,6,Others,1,1,53,,0,35,47,2003,0,,68,64,43,,,,1,1,24,1,99,,4,0,99,7,11,5,05/22/2021,00:39,1.96E+11,24836,0,0,9,2,1,0,,,,92,,,,,,98,,,,,,98328,53,73,195,1,1,1,3,1,0,,0,,,,,,0,06-15-2016,07-15-2019,99,0,0,0,0,9,8,,,0,,,8,8,2,402,407,522,1,1,1,2,1,0.277,,,,,,,,,,,,,,,,,,,,,,,,,,,,,,0,0,1,0,1,1,1,1,0,0,0,0,0,1,0,0,1,0,0,0,0,0,0,1,1,0,0,0,0,1,0,0,0,0,0,,1,0,0,0,0,1,1,1,1,0,0,1,0,0,0,1,,,,,,21-25,16-25,County road,U,Friday,Unknown,PV,API,0,1,0,0,County Road,County Sheriff,Law Enforcement Support Agency,1,0,1,0,0,,,,,,0,2,3,1,,,,,996,,,,,98,98,98,58,,,,,20,,,,,,,,,1,0,,,BROOKDALE RD E,3.32,BROOKDALE RD E,2.82
2017,121,632507,5,04-25-2017,05:08,25,4,April,0,41,Lewis,0,10,0,4,2,2,1,0,3,3,,,,12,1,1,Front-to-Rear,80.2,1,0,1,No intersection,1,2,1,1,0,0,0,0,I-5,,-122.970175,46.68926944,,0,1,25,Others,53,3,60,34,0,0,1,2,25,1,1,2,3,15,Others,1,1,53,,0,85,881,2006,0,,12,,,,,,1,1,54,1,0,,0,0,3,0,11,0,,,,,6,1,0,3,1,0,,,,96,,,,,,98,,,,,,98661,53,69,185,6,1,0,0,0,0,,0,,,,,,0,,,20,0,0,0,8,9,8,,,0,,,8,8,2,1,,,1,,,2,1,0,,,,,,,,,,,,,,,,,,,,,,,,,,,,,,0,0,1,0,0,0,0,0,0,0,0,0,1,0,0,0,0,0,0,0,0,1,1,0,1,0,0,0,1,0,1,0,0,0,0,,0,0,0,0,0,0,0,0,0,0,0,0,0,0,0,0,,,,,,51-55,46-55,State route,R,Friday,,MHTRUCK,Not Fatal,0,1,0,0,State Route,State Patrol,Washington State Patrol,1,1,0,0,0,,,,,,0,0,0,,,,,,,,,,,98,98,98,0,,,,,20,,,,,,,,,1,0,,,,,,
2021,122,635532,11,04-24-2021,00:00,24,4,April,,5,Benton,0,10,,2,1,2,1,0,1,1,,,,1,0,0,No vehicle,2.8,1,0,1,No intersection,5,2,2,4,0,0,0,0,CR-S CLODFELTER RD,,-119.2641528,46.17199444,99338,0,1,6,Drive off road,12,2,50,4,0,0,1,2,1,2,2,2,1,14,Making a U turn,1,0,53,,0,73,703,2017,0,,63,24,69,12,,,1,1,18,8,7,,4,7,20,7,11,0,05/14/2021,17:14,53026951,26951,0,0,0,3,1,8,33,,,96,,,,,,98,,,,,,85710,4,71,170,6,1,0,0,0,0,,0,,,,,,4,,,20,8,0,0,0,9,8,,,0,,,8,8,2,1,,,1,,,2,1,0,,,,,,,,,,,,,,,,,,,,,,,,,,,,,,0,0,1,0,0,0,0,0,0,0,0,0,1,0,0,0,0,0,0,0,0,1,1,0,1,0,0,0,1,0,1,0,0,0,1,0,0,0,0,0,0,0,0,0,0,1,0,0,0,0,0,0,,,,,,18-20,16-25,State route,R,Friday,,MC,Other,0,1,0,0,State Route,State Patrol,Washington State Patrol,1,1,0,0,0,,,,,,0,0,0,,,,,,,,,,,0,0,0,98,,,,,19,,,,,,,,,1,0,,,,,,
2019,122,634018,35,04-28-2019,15:42,28,4,April,,53,Pierce,0,1,0,1,1,2,1,0,3,2,,,,12,0,2,Front-to-Front,0,1,0,1,No intersection,5,2,2,4,0,0,0,0,CR-218TH AVE E,,-122.140525,47.22048611,98391,0,2,51,Lateral Move(Going Straight),62,4,40,34,0,0,1,7,12,3,1,2,1,14,Making a U turn,2,1,53,,0,7,482,2002,0,,8,,,,,,1,1,40,1,0,,0,0,99,7,11,0,,,,,0,0,0,3,1,0,,,,92,,,,,,98,,,,,,99205,53,74,180,6,1,0,0,0,0,,97,,,,,,0,06-15-2016,06-15-2016,20,0,0,0,8,9,8,,,0,,,8,8,8,95,,,96,,,8,95,995,,,,,,,,,,,,,,,,,,,,,,,,,,,,,,0,0,0,1,0,0,0,0,0,0,0,0,0,0,0,0,1,0,0,0,0,0,0,0,0,0,0,0,0,1,0,1,0,0,0,,0,0,0,0,0,0,0,0,1,0,0,0,0,0,0,0,,,,,,36-40,36-45,City street,U,Wednesday,Unknown,PV,Not Fatal,1,0,0,0,City Street,Municipal/City Police,Spokane Police Department,0,0,0,1,0,,,,,,0,0,1,,,,,,,,,,,98,98,98,0,,,,,20,,,,,,,,,1,0,,,,,,
2019,122,634017,35,04-28-2019,15:42,28,4,April,,53,Pierce,0,1,0,1,1,2,1,0,3,2,,,,12,0,2,Front-to-Front,0,1,0,1,No intersection,5,2,2,4,0,0,0,0,CR-218TH AVE E,,-122.140525,47.22048611,98391,0,1,50,Lateral Move(Left/Right),10,2,40,34,0,0,1,7,12,2,1,2,1,14,Making a U turn,1,1,53,,0,76,706,1999,0,,12,,,,,,1,1,69,1,7,,4,0,20,7,11,1,05/17/2021,08:45,1.96E+11,25236,0,0,0,3,1,0,,,,96,,,,,,98,,,,,,98512,53,69,200,6,1,0,0,0,0,,0,,,,,,0,,,20,8,0,0,0,9,8,,,0,,,8,8,2,348,189,996,1,1,1,2,1,0.052,,,,,,,,,,,,,,,,,,,,,,,,,,,,,,0,0,0,0,1,0,1,1,0,0,0,0,0,0,0,0,0,0,1,0,0,0,0,0,0,1,0,0,1,1,0,0,0,0,1,1,0,0,0,0,1,0,1,1,0,0,0,0,0,0,0,1,,,,,,66-70,66-75,City street,U,Thursday,,MC,White,0,0,0,0,City Street,Municipal/City Police,Tumwater Police Department,0,0,0,1,0,,,,,,0,0,0,1,,,,,522,,,,,0,0,0,1,,,,,16,,,,,,,,,1,0,,,,,,
2018,122,633234,159,05-01-2018,03:10,1,5,May,0,5,Benton,1020,1,0,3,1,2,1,0,1,1,,,,42,0,0,No vehicle,0,1,0,1,No intersection,5,2,4,6,0,0,0,0,CREEKSTONE DR,,-119.1997861,46.18896389,99338,0,1,2,Control/Traction Loss,6,1,35,4,0,0,1,7,42,2,1,2,1,14,Making a U turn,1,2,53,,0,49,402,2018,0,,12,,,,,,1,1,68,2,0,,2,0,3,0,11,0,,,,,0,0,0,3,1,10,38,48,,0,,,,,,98,,,,,,98501,53,64,143,6,1,0,0,0,0,,49,,,,,,0,,,8,0,0,0,8,9,8,,,0,,,8,8,8,95,,,96,,,8,95,995,,,,,,,,,,,,,,,,,,,,,,,,,,,,,,0,0,0,0,1,0,1,1,0,0,0,0,0,0,0,0,0,0,1,0,0,0,0,0,0,1,0,0,1,1,0,0,0,0,0,,0,0,0,0,0,0,0,0,0,0,1,0,0,0,0,0,,,,,,66-70,66-75,City street,U,Thursday,Belt Used,PV,Not Fatal,0,0,0,0,City Street,Municipal/City Police,Tumwater Police Department,0,0,0,1,0,,,,,,0,0,0,,,,,,,,,,,98,98,98,0,,,,,20,,,,,,,,,1,0,,,,,,
2017,122,632503,29,04-24-2017,15:24,24,4,April,0,41,Lewis,0,10,0,1,2,2,1,0,1,1,,,,35,0,0,No vehicle,6.7,1,0,1,No intersection,5,1,2,4,0,0,0,0,CR-CENTRALIA ALPHA RD,,-122.8211194,46.65982222,98532,0,1,1,Driver Off Road,13,2,50,34,0,0,1,2,1,1,1,2,1,1,Going Straight,1,2,53,,0,23,481,2016,0,,12,,,,,,1,1,20,1,0,,3,0,3,0,11,5,,,,,6,0,3,3,1,0,,,,96,,,,,,98,,,,,,98357,53,70,195,6,1,0,0,1,1,,0,,,,,,0,08-15-2020,03-15-2020,8,0,0,0,8,9,8,,,0,,,8,8,0,0,,,0,,,0,0,996,,,,,,,,,,,,,,,,,,,,,,,,,,,,,,0,0,0,0,0,0,1,1,0,0,0,0,0,0,0,0,0,0,0,0,0,1,1,0,1,1,1,0,0,1,0,0,0,0,0,,0,0,0,0,0,0,0,0,0,0,0,0,0,0,0,0,,,,,,18-20,16-25,State route,R,Wednesday,Belt Used,PV,Not Fatal,0,1,1,0,State Route,State Patrol,Washington State Patrol,0,1,0,0,0,,,,,,0,0,0,,,,,,,,,,,98,98,98,0,,,,,20,,,,,,,,,1,0,,,,,,
2021,123,635534,3,04-25-2021,20:49,25,4,April,,53,Pierce,0,10,,5,1,2,1,0,2,2,,,,12,0,11,Other,41.4,1,0,1,No intersection,3,1,1,3,0,0,0,0,SR-7,,-122.3691556,47.01238333,98387,0,2,98,Others,62,4,55,80,0,0,1,2,12,1,1,2,1,1,Going Straight,1,1,53,,0,7,442,2019,0,,68,12,,,,,1,1,70,2,7,,4,7,3,0,11,0,04/21/2021,20:18,53021633,21633,0,0,0,3,1,28,35,,,96,,,,,,98,,,,,,98125,53,61,116,6,1,0,0,0,0,,0,,,,,,0,,,8,2,9,0,0,9,8,,,0,,,8,8,2,996,,,1,,,2,1,0,,,,,,,,,,,,,,,,,,,,,,,,,,,,,,0,0,0,0,0,0,1,1,0,0,0,0,0,0,0,0,0,0,0,0,0,1,1,0,1,1,1,0,0,1,0,0,0,0,0,,1,0,0,0,0,0,1,1,0,0,0,0,0,0,1,0,,,,,,66-70,66-75,State route,R,Wednesday,Belt Used,PV,White,0,1,1,0,State Route,State Patrol,Washington State Patrol,0,1,0,0,0,,,,,,0,0,0,,,,,,,,,,,98,98,98,1,,,,,20,,,,,,,,,1,0,,,,,,
2021,123,635533,3,04-25-2021,20:49,25,4,April,,53,Pierce,0,10,,5,1,2,1,0,2,2,,,,12,0,11,Other,41.4,1,0,1,No intersection,3,1,1,3,0,0,0,0,SR-7,,-122.3691556,47.01238333,98387,0,1,98,Others,8,1,55,4,0,0,1,2,12,1,1,2,1,6,Others,1,1,53,,0,82,881,1999,0,,9,,,,,,1,1,42,1,0,,0,0,3,0,11,0,,,,,0,0,0,2,1,0,,,,96,,,,,,98,,,,,,97386,41,82,200,6,1,0,3,3,1,,0,,,,,,0,01-15-2017,04-15-2020,20,0,0,0,8,9,8,,,0,,,8,8,0,0,,,0,,,0,0,996,,,,,,,,,,,,,,,,,,,,,,,,,,,,,,0,0,0,0,0,0,0,0,0,1,1,1,0,0,0,0,0,0,0,0,0,0,0,0,0,0,0,0,0,0,1,0,1,0,0,,0,0,0,0,0,0,0,0,0,0,0,0,0,0,0,0,,,,,,41-45,36-45,County road,R,Wednesday,,MHTRUCK,Not Fatal,0,0,0,0,County Road,County Sheriff,Thurston County Sheriff's Office,0,0,1,0,0,,,,,,0,0,2,,,,,,,,,,,0,0,0,0,,,,,20,,,,,,,,,1,0,,,93RD AVE SE,14.572,NULL,
2020,123,634741,278,05-04-2020,23:10,4,5,May,,63,Spokane,2110,1,,3,1,2,1,0,2,2,23:15,23:19,23:54,14,0,0,No vehicle,0,3,0,3,T Intersection,6,2,4,6,0,0,0,0,E SOUTH RIVERTON AVE,N Cook St,-117.3738222,47.67811667,99207,0,1,11,Others,12,2,98,4,0,0,1,2,14,8,8,2,1,1,Going Straight,2,2,53,,0,37,32,2004,0,,68,64,3,,,,1,1,30,1,7,,4,7,3,0,11,0,05/17/2021,19:38,74053024059,24059,0,0,0,3,1,0,,,,92,,,,,,98,,,,,,98226,53,68,260,6,1,0,0,0,0,,0,,,,,,0,,,20,0,0,0,0,9,8,,,0,,,8,8,2,695,605,,1,1,,2,1,0.144,,,,,,,,,,,,,,,,,,,,,,,,,,,,,,0,0,0,1,1,1,1,1,1,0,0,0,0,0,0,0,1,0,0,1,0,0,0,0,0,0,0,0,0,1,0,0,0,0,0,,1,0,0,0,0,1,1,1,1,0,0,0,0,0,0,1,,,,,,26-30,26-35,City street,U,Monday,Belt Used,PV,AIAN,0,1,0,0,City Street,Municipal/City Police,Ferndale Police Department,1,0,0,1,0,thc,6.2,carboxy-thc,35,,0,0,0,,,,,,,,,,,98,98,98,3,,,,,20,,,,,,,,nms,1,0,,,,,,
2019,123,633932,1,03-10-2019,18:54,10,3,March,,21,Franklin,1660,1,0,1,1,2,1,0,2,1,,,,1,0,0,No vehicle,0.2,5,1,1,No intersection,1,2,1,1,0,0,0,0,I-182 RAMP R100969,,-119.1794111,46.26560556,99301,0,1,6,Drive off road,12,2,98,4,0,0,1,7,1,2,3,1,6,14,Making a U turn,2,1,53,,0,18,2,2002,0,,12,,,,,,1,1,72,2,0,,0,0,3,0,11,0,,,,,0,0,3,3,1,0,,,,96,,,,,,98,,,,,,98550,53,62,180,6,1,0,0,0,0,,0,,,,,,0,,,20,0,0,0,8,9,8,,,0,,,8,8,8,95,,,96,,,8,95,995,,,,,,,,,,,,,,,,,,,,,,,,,,,,,,0,0,0,1,0,0,1,1,0,0,0,0,1,1,1,0,0,0,0,0,0,0,0,0,0,1,1,0,1,1,0,0,0,0,0,,0,0,0,0,0,0,0,0,0,0,0,0,0,0,0,0,,,,,,71-75,66-75,US highway,U,Tuesday,Belt Used,PV,Not Fatal,1,0,0,0,State Route,Municipal/City Police,Hoquiam Police Department,0,1,0,0,0,,,,,,0,0,0,,,,,,,,,,,98,98,98,0,,,,,20,,,,,,,,,1,0,,,,,,
2018,123,633239,127,05-06-2018,11:18,6,5,May,0,33,King,735,1,0,1,0,0,1,1,1,1,,,,9,0,0,No vehicle,0,4,0,1,No intersection,7,2,4,6,0,0,20,3,S 320TH ST,,-122.3120944,47.31516389,98003,0,1,13,Pedestrian/Animal,98,7,0,62,1,0,1,5,9,0,0,0,0,10,Others,1,2,53,,0,53,706,2004,0,,12,68,64,14,,,1,1,30,1,7,,4,0,20,7,11,4,05/18/2021,13:10,1053025056,25056,0,0,3,2,1,8,,,,96,,,,,,98,,,,,,98550,53,71,195,1,1,0,1,0,0,,0,,,,,,3,01-15-2018,08-15-2019,20,8,0,0,0,9,8,,,0,,,8,8,2,128,157,401,1,1,1,2,1,0,,,,,,,,,,,,,,,,,,,,,,,,,,,,,,0,0,0,1,0,0,1,1,0,0,0,0,1,1,1,0,0,0,0,0,0,0,0,0,0,1,1,0,1,1,0,0,0,0,1,0,0,0,0,0,0,0,1,1,0,1,0,1,0,0,1,0,,,,,,26-30,26-35,US highway,U,Tuesday,,MC,White,1,0,0,0,State Route,Municipal/City Police,Hoquiam Police Department,0,1,0,0,0,,,,,,0,0,1,1,1,,,,417,177,,,,0,0,0,1,,,,,5,,,,,,,,,1,0,,,,,,
2017,123,632504,226,04-10-2017,23:33,10,4,April,0,1,Adams,1630,1,0,3,1,2,1,0,1,3,,,,14,0,0,No vehicle,0,1,0,1,No intersection,4,2,4,6,0,0,0,0,BROADWAY AVE,,-119.1755056,46.83530278,,0,1,1,Driver Off Road,13,2,35,80,0,0,1,2,14,1,1,3,5,1,Going Straight,1,1,53,,0,30,42,2013,0,,63,30,42,1,,,1,1,20,1,6,,4,7,3,0,11,0,05/18/2021,23:56,2.59E+11,23991,0,0,3,2,1,0,,,,96,,,,,,9,,,,,,98901,53,66,225,1,1,1,3,1,10,,0,,,,,,3,05-15-2019,12-15-2021,8,2,9,0,0,9,8,,,0,,,8,1,2,695,605,,1,1,,2,1,0.194,,,,,,,,,,,,,,,,,,,,,,,,,,,,,,0,0,0,0,1,1,1,1,1,0,0,0,1,1,0,0,0,0,0,0,0,1,1,0,1,0,0,0,0,1,0,0,0,0,0,,1,0,0,0,0,1,1,1,0,1,0,1,0,0,0,1,,,,,,18-20,16-25,City street,U,Tuesday,Belt Used,PV,Hispanic,0,1,0,0,City Street,Municipal/City Police,Yakima Police Department,1,0,0,1,0,thc,3.2,,,,1,0,9,,,,,,,,,,,98,98,98,201,298,,,,20,,,,,,,,nms,1,0,,,,,,
2021,124,635535,5,04-24-2021,07:49,24,4,April,,15,Cowlitz,0,2,,1,2,2,3,1,4,3,,,,14,0,0,No vehicle,45.6,1,0,1,No intersection,1,1,1,1,0,0,0,0,I-5,,-122.88855,46.22469444,98626,0,1,11,Others,11,2,70,4,0,0,1,2,14,1,1,3,3,1,Going Straight,1,2,53,,0,12,481,1981,0,,8,,,,,,1,1,35,1,0,,0,0,3,0,11,0,,,,,0,0,0,3,1,0,,,,96,,,,,,98,,,,,,98944,53,66,160,6,1,0,1,0,0,,72,,,,,,0,02-15-2021,02-15-2021,20,0,0,0,8,9,8,,,0,,,8,8,0,0,,,0,,,0,0,996,,,,,,,,,,,,,,,,,,,,,,,,,,,,,,0,0,0,0,0,0,0,0,0,1,0,1,0,0,0,0,0,0,0,0,0,0,0,0,0,0,0,0,0,1,0,1,0,0,0,,0,0,0,0,0,0,0,0,0,0,0,0,0,0,0,0,,,,,,31-35,26-35,City street,U,Friday,Belt Used,PV,Not Fatal,0,0,0,0,City Street,Municipal/City Police,Sunnyside Police Department,0,0,0,1,0,,,,,,0,0,0,,,,,,,,,,,0,0,0,0,,,,,20,,,,,,,,,1,0,,,,,,
2020,124,634742,2,04-08-2020,22:06,8,4,April,,61,Snohomish,0,1,,2,1,2,1,0,2,1,22:24,22:30,22:50,35,0,0,No vehicle,185.1,1,0,1,No intersection,1,2,1,1,0,0,0,0,I-5,,-122.2456167,47.86511667,98204,0,1,1,Driver Off Road,13,2,60,80,0,0,1,2,35,3,1,4,3,14,Making a U turn,2,1,53,,0,34,402,2020,0,,8,,,,,,1,1,55,1,0,,0,0,3,0,11,0,,,,,0,0,3,3,1,0,,,,96,,,,,,98,,,,,,98057,53,76,160,6,1,0,0,0,0,,0,,,,,,0,,,20,0,0,0,8,9,8,,,0,,,8,8,0,0,,,0,,,0,0,996,,,,,,,,,,,,,,,,,,,,,,,,,,,,,,0,0,0,1,0,0,0,0,0,0,0,0,0,0,0,0,0,0,0,0,0,0,0,0,0,0,0,0,0,1,0,1,0,0,0,,0,0,0,0,0,0,0,0,0,0,0,0,0,0,0,0,,,,,,51-55,46-55,City street,U,Monday,Belt Used,PV,Not Fatal,1,0,0,0,City Street,Municipal/City Police,Renton Police Department,0,0,0,1,0,,,,,,0,0,0,,,,,,,,,,,98,98,98,0,,,,,20,,,,,,,,,1,0,,,,,,
2019,124,634020,3,04-30-2019,12:00,30,4,April,,53,Pierce,0,1,0,1,1,2,1,0,2,2,,,,12,0,2,Front-to-Front,23.6,1,0,1,No intersection,4,1,1,3,0,0,0,0,SR-7,,-122.2995083,46.81351111,98328,0,2,51,Lateral Move(Going Straight),62,4,50,63,0,0,1,5,12,3,4,2,1,14,Making a U turn,1,1,53,,0,72,706,2016,0,,12,,,,,,1,1,58,1,6,,4,0,20,7,11,5,05-12-2021,17:17,2.23E+11,24926,0,0,0,3,1,0,,,,96,,,,,,98,,,,,,98391,53,71,195,6,1,0,0,1,0,,0,,,,,,0,06-15-2017,06-15-2017,20,8,0,0,0,9,8,,,0,,,8,8,2,1,,,1,,,2,1,0,,,,,,,,,,,,,,,,,,,,,,,,,,,,,,0,0,0,1,0,0,0,0,0,0,0,0,0,0,0,1,0,0,0,0,0,0,0,0,0,0,0,0,1,1,0,0,0,0,1,0,0,0,0,0,0,0,0,0,0,0,0,0,0,0,0,0,,,,,,56-60,56-65,County road,U,Wednesday,,MC,Hispanic,0,1,1,0,County Road,County Sheriff,Law Enforcement Support Agency,0,0,1,0,0,,,,,,0,0,0,,,,,,,,,,,0,0,0,98,,,,,19,,,,,,,,,1,0,,,SOUTH TAPPS DR E,1.68,NULL,