year,something,Cases,repjur,crash_dt,crash_tm,accday,Month,Month,holiday,county,co_char,city,weather,weather2,lightcond,surfcond,surftype,Number of Fatalities,nmforms,pforms,vforms,not_tm,arr_tm,hosp_tm,fhevent,hitrun,Manner of Collision,Manner of Collision,milepnt,reljunc,reljuncinter,intersectiontype,Intersection Type,funcsystem,landuse,ownership,route,schlbus,spejur,contdev,devfunc,trafid1,trafid2,x,y,zipcode,wk_zone,vnumber,crashtype,Crash Type,criticalevent,criticaleventcat,spdlim,body,trailer,emerg,hazcargo,leave,mhevent,roadalgn,roadprof,traflane,trafflow,Vehicle Manure,Vehicle Manure,numoccs,regowner,regstate,,spuse,make,model,modelyr,vrf1,vrf2,seqevent1,seqevent2,seqevent3,seqevent4,seqevent5,seqevent6,pnumber,ptype,age,sex,hispanic,race,injury,diedscene,restraint,restraintmisuse,seatpos,takehosp,death_dt,death_tm,cert,cernum_wa,commlic,licendor,licrestrict,liccomp,drivpres,drf1,drf2,drf3,drf4,distract1,distract2,distract3,distract4,distract5,distract6,dricond1,dricond2,dricond3,dricond4,dricond5,dricond6,dzip,licstate,drhgt_in,weight,noncdl,noncdltype,prevdwi,prevoth,prevacc,prevspd,prevsus,driviol1,driviol2,driviol3,driviol4,driviol5,driviol6,spdrel,first_dt,last_dt,airbag,ejection,ejectpath,extricat,injurwrk,methalc,methdrug,nmlocat,strikveh,prf1,prf2,prf3,druginv,alcinvol,drugsts,drugres1,drugres2,drugres3,drugtst1,drugtst2,drugtst3,alcsts,alctst,alcres,nmact1,nmact2,nmact3,nmact4,nmact5,nmact6,nmprior1,nmprior2,nmprior3,nmprior4,nmprior5,nmprior6,nmcond1,nmcond2,nmcond3,nmcond4,nmcond5,nmcond6,nmsafe_helmet,nmsafe_pads,nmsafe_oth,nmprev_ref,nmprev_lgt,nmprev_oth,crashlocation,nmcrashtype,crosswalk,schoolzone,sidewalk,train_inv,wildlife_inv,rotr_fars,intersect_fars,Drink and Drive,aid_inv,Drug Positive Drivers,Impaired Drivers,Marijuana Positive,impnm_inv,ainm_inv,dpnm_inv,speed_inv,unlic_inv,unendmc_inv,drowsy_inv,drdist_inv,nmdist_inv,fty_inv,unrestfat_inv,dr1617_inv,dr1820_inv,dr1620_inv,dr2125_inv,dr1625_inv,dr65_inv,dr70_inv,dr75_inv,mc_inv,pv_inv,ht_inv,ped_inv,bike_inv,unrest_fat,mc_fat,unhelmet_mc,pv_fat,ht_fat,ped_fat,bike_fat,dr_alc7,dr_alc8,dr_drug,dr_imp,dr_dist,dr_spd,dr_fty,dr_unlic,dr_alc7only,dr_alc8only,dr_drugonly,dr_drink,nm_imp,nm_alc7,nm_alc8,nm_drug,nm_dist,agegrp1,agegrp2,roadclass,urbrur,dayweek,restuse,vehtype,race_me,intersect,lanedep,oppdir,wrongway,rep_typ,investag,repag_long,rotr,st_rd,cty_rd,city_rd,oth_rd,drug_thc,thc_res,drug_cthc,cthc_res,drug_cann,prevpersemin,prevperse,prevsusoth,drugtst4,drugtst5,drugtst6,drugtst7,drugtst8,drugres4,drugres5,drugres6,drugres7,drugres8,adspresent,adsengaged,adslevel,race1,race2,race3,race4,race5,helmet,helmetmisuse,nmdistract1,nmdistract2,nmdistract3,nmdistract4,nmdistract5,nmdistract6,lab,isedtcase,crf1,crf2,crf3,CoRoadName,CoMP,IntCoRoadName,IntCoMP
2019,124,634019,3,04-30-2019,12:00,30,4,April,,53,Pierce,0,1,0,1,1,2,1,0,2,2,,,,12,0,2,Front-to-Front,23.6,1,0,1,No intersection,4,1,1,3,0,0,0,0,SR-7,,-122.2995083,46.81351111,98328,0,1,50,Lateral Move(Left/Right),9,1,98,80,0,0,1,5,12,2,4,2,1,14,Making a U turn,1,1,53,,0,63,38,2017,0,,68,12,,,,,1,1,38,1,0,,2,0,3,0,11,0,,,,,0,0,0,3,1,28,,,,0,,,,,,2,,,,,,98391,53,72,195,6,1,0,1,0,1,,1,,,,,,0,09-15-2018,05-15-2018,1,0,0,0,8,9,8,,,0,,,8,8,8,95,,,96,,,8,95,995,,,,,,,,,,,,,,,,,,,,,,,,,,,,,,0,0,0,1,0,0,0,0,0,0,0,0,0,0,0,1,0,0,0,0,0,0,0,0,0,0,0,0,1,1,0,0,0,0,0,,0,0,0,0,0,0,0,0,0,0,0,0,0,0,0,0,,,,,,36-40,36-45,County road,U,Wednesday,Belt Used,PV,Not Fatal,0,1,1,0,County Road,County Sheriff,Law Enforcement Support Agency,0,0,1,0,0,,,,,,0,0,0,,,,,,,,,,,98,98,98,0,,,,,20,,,,,,,,,1,0,,,SOUTH TAPPS DR E,1.68,NULL,
2018,124,633242,25,05-02-2018,17:13,2,5,May,0,33,King,1958,1,0,1,1,2,1,1,3,3,,,,8,0,0,No vehicle,12.9,1,0,1,No intersection,3,2,1,3,0,0,0,0,SR-99,,-122.2983278,47.40849444,98198,0,3,98,Others,60,4,40,21,0,0,1,5,12,1,1,3,2,1,Going Straight,1,3,53,,0,19,21,2007,0,,64,69,63,39,2,,1,1,29,1,0,,3,0,20,7,11,0,,,,,0,0,0,0,1,0,,,,96,,,,,,98,,,,,,98404,53,69,192,0,0,0,0,0,0,,97,,,,,,3,,,8,0,0,0,8,9,8,,,0,,,8,8,2,1,,,1,,,2,1,0.13,,,,,,,,,,,,,,,,,,,,,,,,,,,,,,0,0,1,1,1,1,0,1,0,0,0,0,1,1,0,0,0,0,0,1,0,0,0,0,0,0,0,0,0,1,0,0,0,0,0,,0,0,0,0,0,1,0,1,0,1,0,1,0,1,0,1,,,,,,26-30,26-35,City street,U,Saturday,Not Used,PV,Not Fatal,0,0,0,0,City Street,Municipal/City Police,University Place Police Department,0,0,0,1,0,,,,,,0,0,0,,,,,,,,,,,98,98,98,0,,,,,20,,,,,,,,,1,0,,,,,,
2018,124,633241,25,05-02-2018,17:13,2,5,May,0,33,King,1958,1,0,1,1,2,1,1,3,3,,,,8,0,0,No vehicle,12.9,1,0,1,No intersection,3,2,1,3,0,0,0,0,SR-99,,-122.2983278,47.40849444,98198,0,2,98,Others,60,4,40,6,0,0,1,5,12,1,1,3,2,1,Going Straight,1,1,53,,0,37,404,2018,0,,12,,,,,,1,1,59,2,0,,0,0,3,0,11,0,,,,,0,0,0,3,1,10,,,,0,,,,,,98,,,,,,99021,53,66,190,6,1,0,0,0,0,,0,,,,,,0,,,1,0,0,0,8,9,8,,,0,,,8,8,2,1,,,1,,,2,1,0,,,,,,,,,,,,,,,,,,,,,,,,,,,,,,0,0,0,1,0,0,0,0,0,0,0,0,0,0,0,0,1,0,0,0,0,0,0,1,1,0,0,0,1,1,0,0,0,0,0,,0,0,0,0,0,0,0,0,0,0,0,0,0,0,0,0,,,,,,56-60,56-65,City street,U,Saturday,Belt Used,PV,Not Fatal,1,0,0,0,City Street,Municipal/City Police,Spokane Police Department,0,0,0,1,0,,,,,,0,0,0,,,,,,,,,,,98,98,98,0,,,,,20,,,,,,,,,1,0,,,,,,
2018,124,633240,25,05-02-2018,17:13,2,5,May,0,33,King,1958,1,0,1,1,2,1,1,3,3,,,,8,0,0,No vehicle,12.9,1,0,1,No intersection,3,2,1,3,0,0,0,0,SR-99,,-122.2983278,47.40849444,98198,0,1,13,Pedestrian/Animal,80,5,40,4,0,0,1,7,8,1,1,3,2,15,Others,1,2,53,,0,73,706,2017,0,,12,,,,,,1,1,24,1,7,,4,7,20,7,11,0,05/15/2021,13:55,2.11E+11,23413,0,0,0,3,1,0,,,,92,,,,,,98,,,,,,99208,53,72,220,6,1,0,0,1,0,,0,,,,,,0,11-15-2017,11-15-2020,20,8,0,0,0,9,8,,,0,,,8,8,2,1,,,1,,,2,1,0,,,,,,,,,,,,,,,,,,,,,,,,,,,,,,0,0,0,1,0,0,0,0,0,0,0,0,0,0,0,0,1,0,0,0,0,0,0,1,1,0,0,0,1,1,0,0,0,0,1,0,0,0,0,0,0,0,0,0,1,0,0,0,0,0,0,0,,,,,,21-25,16-25,City street,U,Saturday,,MC,White,1,0,0,0,City Street,Municipal/City Police,Spokane Police Department,0,0,0,1,0,,,,,,0,0,1,,,,,,,,,,,0,0,0,1,,,,,5,,,,,,,,,1,0,,,,,,
2017,124,632515,4,04-29-2017,21:40,29,4,April,0,63,Spokane,0,10,0,2,1,2,1,1,2,1,,,,8,0,0,No vehicle,304.1,1,0,1,No intersection,3,1,1,2,0,0,0,0,US-2,,-117.3495861,47.999275,99003,0,1,13,Pedestrian/Animal,80,5,60,34,0,0,1,2,8,1,2,3,1,1,Going Straight,2,1,53,,0,98,804,2016,0,,12,,,,,,1,1,40,1,0,,0,0,3,0,11,0,,,,,0,0,0,1,1,0,,,,96,,,,,,98,,,,,,97862,41,68,198,3,1,0,0,0,0,,0,,,,,,0,,,20,0,0,0,8,9,8,,,0,,,8,8,0,0,,,0,,,0,0,996,,,,,,,,,,,,,,,,,,,,,,,,,,,,,,0,0,0,1,0,0,1,1,0,0,0,0,0,1,0,0,0,0,1,1,0,0,0,0,0,0,0,0,0,1,1,0,0,0,0,,0,0,0,0,0,0,0,0,0,0,0,1,0,0,0,0,,,,,,36-40,36-45,US highway,U,Sunday,,MHTRUCK,Not Fatal,1,0,0,0,State Route,State Patrol,Washington State Patrol,0,1,0,0,0,,,,,,0,0,0,,,,,,,,,,,98,98,98,0,,,,,20,,,,,,,,,1,20,,,,,,
2021,125,635385,14,02-08-2021,11:12,8,2,Feb,,11,Clark,0,10,,1,2,2,1,0,3,2,,,,12,0,6,Angle,,2,0,2,4 Way,5,1,2,4,0,0,3,3,CR-NE 199TH ST,NE 72ND AVE,-122.5996028,45.76575556,98604,0,2,83,Others,66,4,50,15,0,0,1,5,12,1,1,4,1,1,Going Straight,2,1,53,,0,55,35,2002,0,,12,,,,,,1,1,28,1,1,,4,0,20,7,11,5,05-10-2021,18:27,2.11E+11,22519,0,0,0,0,1,37,38,,,96,,,,,,9,,,,,,99301,53,70,166,0,0,0,0,0,0,,0,,,,,,0,04-15-2021,04-15-2021,20,0,0,0,0,9,8,,,0,,,1,8,2,348,402,401,1,1,1,2,1,0,,,,,,,,,,,,,,,,,,,,,,,,,,,,,,0,0,0,1,0,0,1,1,0,0,0,0,0,1,0,0,0,0,1,1,0,0,0,0,0,0,0,0,0,1,1,0,0,1,0,,1,0,0,0,0,0,1,1,0,0,1,1,0,0,1,0,,,,,,26-30,26-35,US highway,U,Sunday,Not Used,PV,Hispanic,1,0,0,0,State Route,State Patrol,Washington State Patrol,0,1,0,0,0,,,,,,0,0,1,1,1,1,,,417,151,996,,,98,98,98,1,,,,,20,,,,,,,,,1,20,,,,,,
2021,125,635384,14,02-08-2021,11:12,8,2,Feb,,11,Clark,0,10,,1,2,2,1,0,3,2,,,,12,0,6,Angle,,2,0,2,4 Way,5,1,2,4,0,0,3,3,CR-NE 199TH ST,NE 72ND AVE,-122.5996028,45.76575556,98604,0,1,82,Turn Into Opp Direction(Turning Left),15,2,50,14,0,0,1,2,12,1,1,2,1,11,Turning Red: Permitted on red,1,1,53,,0,85,881,2018,0,,12,,,,,,1,1,43,1,0,,0,0,3,0,11,0,,,,,6,1,3,3,1,0,,,,96,,,,,,98,,,,,,98908,53,75,200,6,1,0,0,0,0,,0,,,,,,0,,,20,0,0,0,8,9,8,,,0,,,8,8,8,95,,,96,,,8,95,995,,,,,,,,,,,,,,,,,,,,,,,,,,,,,,0,0,1,0,1,1,1,1,1,0,0,0,1,0,0,0,0,0,0,0,0,0,0,0,0,0,0,0,1,0,1,0,0,0,0,,0,0,0,0,0,0,0,0,0,0,0,0,0,0,0,0,,,,,,41-45,36-45,Interstate,U,Tuesday,,MHTRUCK,Not Fatal,0,1,0,0,State Route,State Patrol,Washington State Patrol,1,1,0,0,0,,,,,,0,0,0,,,,,,,,,,,98,98,98,0,,,,,20,,,,,,,,,1,0,,,,,,
2020,125,634743,40,05-06-2020,08:52,6,5,May,,63,Spokane,0,2,,1,2,2,1,0,1,1,,,,42,0,0,No vehicle,9.3,1,0,1,No intersection,5,1,2,4,0,0,0,0,CR-N ELK CHATTAROY RD,,-117.2606417,47.95193889,99003,0,1,7,Control/Traction Loss,12,2,45,34,0,0,1,5,42,1,2,2,1,1,Going Straight,1,1,53,,0,72,706,2016,0,,64,25,12,2,,,1,1,28,1,7,,4,0,20,7,11,5,05-05-2021,00:57,76353021960,21960,0,0,0,3,1,8,,,,96,,,,,,9,,,,,,98277,53,78,240,6,1,0,0,0,1,,0,,,,,,3,11-15-2019,11-15-2019,20,8,0,0,0,9,8,,,0,,,8,1,2,605,,,1,,,2,1,0.188,,,,,,,,,,,,,,,,,,,,,,,,,,,,,,0,0,1,0,1,1,1,1,1,0,0,0,1,0,0,0,0,0,0,0,0,0,0,0,0,0,0,0,1,0,1,0,0,0,1,0,0,0,0,0,0,1,1,1,0,1,0,0,0,0,0,1,,,,,,26-30,26-35,Interstate,U,Tuesday,,MC,White,0,1,0,0,State Route,State Patrol,Washington State Patrol,1,1,0,0,0,thc,1.8,,,,0,0,0,,,,,,,,,,,0,0,0,1,,,,,5,,,,,,,,nms,1,0,,,,,,
2019,125,634021,39,05-02-2019,01:47,2,5,May,,61,Snohomish,0,10,0,2,1,2,1,0,1,1,,,,24,0,0,No vehicle,1,1,0,1,No intersection,7,2,2,4,0,0,0,0,CR-ENGEBRETSEN RD,,-122.0032,48.10025556,98252,0,1,7,Control/Traction Loss,6,1,35,80,0,0,1,7,24,2,1,2,1,14,Making a U turn,1,5,53,,0,37,31,1995,0,,68,64,69,68,63,30,1,1,30,1,7,,4,7,20,7,11,0,05-10-2021,17:36,53024353,24353,0,0,0,2,1,33,,,,96,,,,,,98,,,,,,98516,53,67,160,1,1,0,3,2,8,,0,,,,,,3,06-15-2016,06-15-2020,20,0,0,0,0,9,8,,,0,,,8,8,2,1,,,1,,,2,1,0,,,,,,,,,,,,,,,,,,,,,,,,,,,,,,0,0,0,0,0,0,0,0,0,0,0,0,1,1,0,0,0,0,0,1,0,0,0,0,0,0,0,0,0,1,0,0,0,1,0,,1,0,0,0,0,0,0,0,0,1,0,1,0,0,0,0,,,,,,26-30,26-35,County road,U,Monday,Not Used,PV,Black,0,1,0,0,County Road,County Sheriff,Thurston County Sheriff's Office,1,0,1,0,0,,,,,,0,0,9,,,,,,,,,,,0,0,0,2,,,,,20,,,,,,,,,1,0,,,MARVIN RD NE,7.767,NULL,
2018,125,633244,14,05-02-2018,19:13,2,5,May,0,11,Clark,0,1,0,1,1,2,1,0,2,2,19:13,19:20,20:14,12,0,6,Angle,4.2,2,0,2,4 Way,4,1,2,4,0,0,20,3,CR-NE 159TH ST,NE 72ND AVE,-122.5996222,45.73671389,98686,0,2,89,Others,66,4,40,34,0,0,1,7,12,8,8,2,1,1,Going Straight,1,1,53,,0,12,24,2015,0,,63,33,43,41,,,1,1,33,1,7,,4,0,3,0,11,5,05-02-2021,18:56,1.96E+11,21578,0,0,0,3,1,0,,,,96,,,,,,98,,,,,,98028,53,71,197,6,1,0,0,2,1,,0,,,,,,0,04-15-2021,03-15-2021,8,0,0,0,0,9,8,,,0,,,8,8,2,996,996,401,1,1,1,2,1,0,,,,,,,,,,,,,,,,,,,,,,,,,,,,,,0,0,1,0,0,0,1,1,0,0,0,0,0,0,0,0,0,0,0,0,0,0,0,0,0,0,0,0,0,1,0,0,0,0,0,,1,0,0,0,0,0,1,1,0,0,0,0,0,0,1,0,,,,,,31-35,26-35,State route,U,Sunday,Belt Used,PV,White,0,1,0,0,State Route,Municipal/City Police,Kenmore Police Dept,1,1,0,0,0,,,,,,0,0,1,1,,,,,417,,,,,98,98,98,1,,,,,20,,,,,,,,,1,0,,,,,,
2018,125,633243,14,05-02-2018,19:13,2,5,May,0,11,Clark,0,1,0,1,1,2,1,0,2,2,19:13,19:20,20:14,12,0,6,Angle,4.2,2,0,2,4 Way,4,1,2,4,0,0,0,0,CR-NE 159TH ST,NE 72ND AVE,-122.5996222,45.73671389,98686,0,1,88,Striking from the Left,17,2,50,80,0,0,1,7,12,1,1,2,2,1,Going Straight,1,2,53,,0,55,35,2010,0,,63,30,1,3,,,1,1,77,1,7,,4,7,3,0,11,0,04/18/2021,01:15,53018367,18367,0,0,0,3,1,0,,,,96,,,,,,9,,,,,,98503,53,62,125,6,1,0,0,0,0,,0,,,,,,0,,,20,0,0,0,0,9,8,,,0,,,1,1,2,1,,,1,,,2,1,0,,,,,,,,,,,,,,,,,,,,,,,,,,,,,,0,0,1,0,1,0,0,0,0,0,0,0,0,0,0,0,0,0,0,0,0,0,0,0,0,1,1,1,0,1,0,0,0,0,0,,1,0,0,0,0,0,0,0,0,0,0,0,0,0,0,1,,,,,,76-80,76+,US highway,R,Sunday,Belt Used,PV,White,0,1,0,0,State Route,State Patrol,Washington State Patrol,1,1,0,0,0,,,,,,0,0,0,,,,,,,,,,,98,98,98,1,,,,,20,,,,,,,,,1,0,,,,,,
2017,125,632497,25,04-19-2017,15:41,19,4,April,0,33,King,1958,10,0,1,1,2,1,0,9,2,,,,42,0,0,No vehicle,15.4,1,0,1,No intersection,3,2,1,3,0,0,0,0,SR-99,,-122.2961694,47.44513611,98188,0,2,98,Others,62,4,40,20,0,0,1,5,12,1,1,2,1,1,Going Straight,3,1,53,,0,76,706,2007,0,,68,64,42,2,,,1,1,37,1,7,,4,7,20,7,11,0,05-05-2021,22:03,53022012,22012,0,0,3,2,1,0,,,,96,,,,,,9,,,,,,98274,53,70,175,1,1,0,1,0,1,,0,,,,,,4,11-15-2019,01-15-2020,20,8,0,0,0,9,8,,,0,,,1,8,2,401,417,151,15,15,15,2,7,0,,,,,,,,,,,,,,,,,,,,,,,,,,,,,,0,0,1,0,0,0,1,1,0,0,0,0,1,1,1,0,0,0,0,0,0,0,0,0,0,0,0,0,1,0,0,0,0,0,1,0,0,0,0,0,0,0,1,1,0,1,0,1,0,0,1,0,,,,,,36-40,36-45,State route,R,Wednesday,,MC,White,0,1,0,0,State Route,State Patrol,Washington State Patrol,1,1,0,0,0,,,,,,0,0,2,15,,,,,996,,,,,0,0,0,1,,,,,5,,,,,,,,,1,0,,,,,,
2017,125,632496,25,04-19-2017,15:41,19,4,April,0,33,King,1958,10,0,1,1,2,1,0,9,2,,,,42,0,0,No vehicle,15.4,1,0,1,No intersection,3,2,1,3,0,0,0,0,SR-99,,-122.2961694,47.44513611,98188,0,1,6,Drive off road,62,4,40,4,0,0,1,2,12,1,1,2,1,1,Going Straight,6,1,53,,0,59,32,1996,0,,8,,,,,,1,1,22,1,0,,0,0,3,0,11,0,,,,,0,0,3,3,1,0,,,,96,,,,,,98,,,,,,98632,53,75,130,6,1,0,0,0,3,,0,,,,,,0,09-15-2020,05-15-2020,20,0,0,0,8,9,8,,,0,,,8,8,0,0,,,0,,,0,0,996,,,,,,,,,,,,,,,,,,,,,,,,,,,,,,0,0,0,0,0,0,0,0,0,0,0,0,0,0,0,0,0,0,0,0,0,0,0,1,1,0,0,0,0,1,0,1,0,0,0,,0,0,0,0,0,0,0,0,0,0,0,0,0,0,0,0,,,,,,21-25,16-25,State route,U,Sunday,Belt Used,PV,Not Fatal,0,0,0,0,State Route,State Patrol,Washington State Patrol,0,1,0,0,0,,,,,,0,0,2,,,,,,,,,,,0,0,0,0,,,,,20,,,,,,,,,1,0,,,,,,
2017,126,3789307,263,04-25-2017,05:56,25,4,April,0,33,King,1960,1,0,1,1,2,1,1,1,1,,,,8,0,0,No vehicle,0,3,0,7,Five point or more,4,2,4,6,0,0,2,3,WESTERN AVE,LENORA ST,-122.3447444,47.61117222,98121,0,1,13,Pedestrian/Animal,80,5,25,34,0,0,1,2,8,1,1,2,1,11,Turning Red: Permitted on red,1,1,53,,0,55,33,2007,0,,8,,,,,,1,1,34,1,0,,0,0,3,0,11,0,,,,,0,0,0,3,1,0,,,,96,,,,,,98,,,,,,98446,53,72,155,6,1,0,0,0,0,,0,,,,,,0,,,20,0,0,0,8,9,8,,,0,,,8,8,8,95,,,96,,,8,95,995,,,,,,,,,,,,,,,,,,,,,,,,,,,,,,0,0,0,0,0,0,0,0,0,1,0,1,0,0,0,0,0,0,0,0,0,0,0,0,0,0,0,0,0,1,0,1,0,0,0,,0,0,0,0,0,0,0,0,0,0,0,0,0,0,0,0,,,,,,31-35,26-35,County road,U,Friday,Belt Used,PV,Not Fatal,0,0,0,0,County Road,County Sheriff,Law Enforcement Support Agency,0,0,1,0,0,,,,,,0,0,0,,,,,,,,,,,98,98,98,0,,,,,20,,,,,,,,,1,0,,,176 ST E,4.95,NULL,
2021,126,635541,5,05-09-2021,00:14,9,5,May,,15,Cowlitz,0,1,,2,1,2,1,1,1,1,,,,8,0,0,No vehicle,4.2,1,0,1,No intersection,3,2,1,3,0,0,0,0,SR-432,,-122.9807583,46.13366389,98632,0,1,13,Pedestrian/Animal,80,5,50,4,0,0,1,5,8,1,1,3,1,1,Going Straight,1,2,53,,0,37,705,1983,0,,12,14,,,,,1,1,34,1,7,,4,0,20,7,11,0,05/17/2021,05:28,2.11E+11,23720,0,0,0,3,1,0,,,,96,,,,,,98,,,,,,99205,53,64,155,6,1,0,0,2,0,,0,,,,,,0,07-15-2017,05-15-2020,20,8,0,0,0,9,8,,,0,,,8,8,8,95,,,96,,,8,95,995,,,,,,,,,,,,,,,,,,,,,,,,,,,,,,0,0,0,1,0,0,0,0,0,0,0,0,0,1,0,0,0,0,1,0,0,0,0,0,0,0,0,0,1,1,0,0,0,0,1,0,0,0,0,0,0,0,0,0,0,0,0,0,0,0,0,0,,,,,,31-35,26-35,City street,U,Tuesday,,MC,White,1,0,0,0,City Street,Municipal/City Police,Spokane Police Department,0,0,0,1,0,,,,,,0,0,0,,,,,,,,,,,0,0,0,1,,,,,5,,,,,,,,,1,0,,,,,,
2019,126,634022,35,05-01-2019,18:36,1,5,May,,53,Pierce,0,1,0,1,1,2,1,1,2,1,,,,15,0,0,No vehicle,0.1,8,0,1,No intersection,7,1,2,4,0,0,0,0,CR-130TH AVE CT E,,-122.2556139,47.10677222,98374,0,1,92,Others,83,5,30,34,0,0,1,5,15,1,1,9,1,13,Others,2,1,53,,0,20,37,2008,0,,12,,,,,,1,1,27,2,0,,9,0,99,7,11,0,,,,,0,0,0,0,1,38,,,,96,,,,,,98,,,,,,99207,53,62,135,0,0,0,1,0,1,,97,,,,,,0,10-15-2020,02-15-2020,1,9,0,0,8,9,8,,,0,,,8,8,9,999,,,99,,,9,99,999,,,,,,,,,,,,,,,,,,,,,,,,,,,,,,0,0,0,1,0,0,0,0,0,0,0,0,0,1,0,0,0,0,1,0,0,0,0,0,0,0,0,0,1,1,0,0,0,0,0,,0,0,0,0,0,0,0,0,0,0,1,1,0,0,0,0,,,,,,26-30,26-35,City street,U,Tuesday,Unknown,PV,Not Fatal,1,0,0,0,City Street,Municipal/City Police,Spokane Police Department,0,0,0,1,0,,,,,,0,0,1,,,,,,,,,,,98,98,98,0,,,,,20,,,,,,,,,1,0,,,,,,
2018,126,633267,1,05-05-2018,12:38,5,5,May,0,39,Klickitat,0,1,0,1,1,2,1,0,2,2,12:39,12:48,13:22,12,0,6,Angle,21.8,2,0,3,T Intersection,3,1,1,2,0,0,0,0,US-97,LOWER ROAD,-120.7000222,45.92282778,98620,0,2,73,Others,10,2,60,80,0,0,1,7,12,1,2,2,1,6,Others,1,1,53,,0,37,701,9999,0,,12,,,,,,1,1,23,1,1,,4,0,20,7,11,0,05-03-2021,09:31,1.96E+11,22295,0,0,0,3,1,0,,,,96,,,,,,98,,,,,,98901,53,63,145,6,1,0,4,1,2,,93,,,,,,0,08-15-2017,11-15-2019,20,8,0,0,0,9,8,,,0,,,9,9,0,0,,,0,,,0,0,996,,,,,,,,,,,,,,,,,,,,,,,,,,,,,,0,0,0,1,0,0,0,0,0,0,0,0,0,0,0,0,0,0,1,0,1,0,1,1,1,0,0,0,1,1,0,0,0,0,1,1,0,0,0,0,0,0,0,0,0,0,0,0,0,0,0,0,,,,,,21-25,16-25,City street,U,Sunday,,MC,Hispanic,1,0,0,0,City Street,Municipal/City Police,Yakima Police Department,0,0,0,1,0,,,,,,0,0,6,,,,,,,,,,,0,0,0,98,,,,,17,,,,,,,,,1,0,,,,,,
2018,126,633266,1,05-05-2018,12:38,5,5,May,0,39,Klickitat,0,1,0,1,1,2,1,0,2,2,12:39,12:48,13:22,12,0,6,Angle,21.8,2,0,3,T Intersection,3,1,1,2,0,0,0,0,US-97,LOWER ROAD,-120.7000222,45.92282778,98620,0,1,72,Others,60,4,60,4,0,0,1,2,12,1,2,3,1,11,Turning Red: Permitted on red,1,2,53,,0,48,38,2003,0,,12,,,,,,1,1,17,1,0,,0,0,3,0,11,0,,,,,0,0,0,3,1,38,,,,96,,,,,,98,,,,,,98901,53,68,180,6,1,0,0,0,0,,2,46,,,,,0,,,20,0,0,0,8,9,8,,,0,,,9,9,2,1,,,1,,,2,1,0,,,,,,,,,,,,,,,,,,,,,,,,,,,,,,0,0,0,1,0,0,0,0,0,0,0,0,0,0,0,0,0,0,1,0,1,0,1,1,1,0,0,0,1,1,0,0,0,0,0,,0,0,0,0,0,0,0,0,0,0,1,0,0,0,0,0,,,,,,16-17,16-25,City street,U,Sunday,Belt Used,PV,Not Fatal,1,0,0,0,City Street,Municipal/City Police,Yakima Police Department,0,0,0,1,0,,,,,,0,0,0,,,,,,,,,,,98,98,98,0,,,,,20,,,,,,,,,1,0,,,,,,
2020,126,634744,42,05-05-2020,16:42,5,5,May,,67,Thurston,0,1,,1,1,2,1,0,1,1,,,,42,0,0,No vehicle,1.4,1,0,1,No intersection,6,1,2,4,0,0,0,0,CR-JAMES RD SW,,-123.0735028,46.80743056,98579,0,1,7,Control/Traction Loss,9,1,40,80,0,0,1,5,42,2,1,2,1,3,Others,1,2,55,,0,34,34,2011,0,,63,14,8,14,,,1,1,43,2,0,,3,0,99,7,11,0,,,,,0,0,0,3,1,0,,,,96,,,,,,9,,,,,,98635,53,65,180,6,1,0,0,0,0,,1,,,,,,0,,,8,0,0,0,8,9,8,,,0,,,1,8,2,321,337,351,1,1,1,2,1,0,,,,,,,,,,,,,,,,,,,,,,,,,,,,,,0,0,0,0,0,0,1,1,0,1,0,1,0,0,0,0,0,0,0,0,0,0,0,0,0,0,0,0,0,1,1,1,0,0,0,,0,0,0,0,0,0,1,1,0,0,0,0,0,0,1,0,,,,,,41-45,36-45,Interstate,R,Saturday,Unknown,PV,Not Fatal,0,1,0,0,State Route,State Patrol,Washington State Patrol,1,1,0,0,0,,,,,,0,0,0,1,1,1,,,352,996,124,996,,98,98,98,0,,,,,20,,,,,,,,,1,14,,,,,,
2017,127,632505,1,04-24-2017,07:50,24,4,April,0,3,Asotin,0,2,0,1,2,2,1,0,3,2,,,,12,0,6,Angle,21.9,1,0,1,No intersection,4,1,1,3,0,0,0,0,SR-129,,-117.0774417,46.18891389,99402,0,1,72,Others,15,2,55,90,0,0,1,5,12,1,1,2,1,11,Turning Red: Permitted on red,2,0,0,,0,72,706,2004,0,,12,,,,,,1,1,58,1,7,,4,7,20,7,11,0,04/25/2021,20:49,53023130,23130,0,0,3,3,1,0,,,,96,,,,,,98,,,,,,98580,53,71,190,6,1,0,0,0,0,,0,,,,,,0,,,20,8,0,0,0,9,8,,,0,,,8,8,2,695,605,,1,1,,2,1,0,,,,,,,,,,,,,,,,,,,,,,,,,,,,,,0,0,0,0,0,0,1,1,1,0,0,0,1,0,0,0,0,0,0,0,0,0,0,0,0,0,0,0,1,1,0,0,0,0,1,0,0,0,0,0,0,0,1,1,0,0,0,0,0,0,1,0,,,,,,56-60,56-65,State route,R,Sunday,,MC,White,0,1,1,0,State Route,State Patrol,Washington State Patrol,0,1,0,0,0,thc,20,carboxy-thc,40,,0,0,0,,,,,,,,,,,0,0,0,1,,,,,19,,,,,,,,nms,1,0,,,,,,