year,something,Cases,repjur,crash_dt,crash_tm,accday,Month,Month,holiday,county,co_char,city,weather,weather2,lightcond,surfcond,surftype,Number of Fatalities,nmforms,pforms,vforms,not_tm,arr_tm,hosp_tm,fhevent,hitrun,Manner of Collision,Manner of Collision,milepnt,reljunc,reljuncinter,intersectiontype,Intersection Type,funcsystem,landuse,ownership,route,schlbus,spejur,contdev,devfunc,trafid1,trafid2,x,y,zipcode,wk_zone,vnumber,crashtype,Crash Type,criticalevent,criticaleventcat,spdlim,body,trailer,emerg,hazcargo,leave,mhevent,roadalgn,roadprof,traflane,trafflow,Vehicle Manure,Vehicle Manure,numoccs,regowner,regstate,,spuse,make,model,modelyr,vrf1,vrf2,seqevent1,seqevent2,seqevent3,seqevent4,seqevent5,seqevent6,pnumber,ptype,age,sex,hispanic,race,injury,diedscene,restraint,restraintmisuse,seatpos,takehosp,death_dt,death_tm,cert,cernum_wa,commlic,licendor,licrestrict,liccomp,drivpres,drf1,drf2,drf3,drf4,distract1,distract2,distract3,distract4,distract5,distract6,dricond1,dricond2,dricond3,dricond4,dricond5,dricond6,dzip,licstate,drhgt_in,weight,noncdl,noncdltype,prevdwi,prevoth,prevacc,prevspd,prevsus,driviol1,driviol2,driviol3,driviol4,driviol5,driviol6,spdrel,first_dt,last_dt,airbag,ejection,ejectpath,extricat,injurwrk,methalc,methdrug,nmlocat,strikveh,prf1,prf2,prf3,druginv,alcinvol,drugsts,drugres1,drugres2,drugres3,drugtst1,drugtst2,drugtst3,alcsts,alctst,alcres,nmact1,nmact2,nmact3,nmact4,nmact5,nmact6,nmprior1,nmprior2,nmprior3,nmprior4,nmprior5,nmprior6,nmcond1,nmcond2,nmcond3,nmcond4,nmcond5,nmcond6,nmsafe_helmet,nmsafe_pads,nmsafe_oth,nmprev_ref,nmprev_lgt,nmprev_oth,crashlocation,nmcrashtype,crosswalk,schoolzone,sidewalk,train_inv,wildlife_inv,rotr_fars,intersect_fars,Drink and Drive,aid_inv,Drug Positive Drivers,Impaired Drivers,Marijuana Positive,impnm_inv,ainm_inv,dpnm_inv,speed_inv,unlic_inv,unendmc_inv,drowsy_inv,drdist_inv,nmdist_inv,fty_inv,unrestfat_inv,dr1617_inv,dr1820_inv,dr1620_inv,dr2125_inv,dr1625_inv,dr65_inv,dr70_inv,dr75_inv,mc_inv,pv_inv,ht_inv,ped_inv,bike_inv,unrest_fat,mc_fat,unhelmet_mc,pv_fat,ht_fat,ped_fat,bike_fat,dr_alc7,dr_alc8,dr_drug,dr_imp,dr_dist,dr_spd,dr_fty,dr_unlic,dr_alc7only,dr_alc8only,dr_drugonly,dr_drink,nm_imp,nm_alc7,nm_alc8,nm_drug,nm_dist,agegrp1,agegrp2,roadclass,urbrur,dayweek,restuse,vehtype,race_me,intersect,lanedep,oppdir,wrongway,rep_typ,investag,repag_long,rotr,st_rd,cty_rd,city_rd,oth_rd,drug_thc,thc_res,drug_cthc,cthc_res,drug_cann,prevpersemin,prevperse,prevsusoth,drugtst4,drugtst5,drugtst6,drugtst7,drugtst8,drugres4,drugres5,drugres6,drugres7,drugres8,adspresent,adsengaged,adslevel,race1,race2,race3,race4,race5,helmet,helmetmisuse,nmdistract1,nmdistract2,nmdistract3,nmdistract4,nmdistract5,nmdistract6,lab,isedtcase,crf1,crf2,crf3,CoRoadName,CoMP,IntCoRoadName,IntCoMP
2017,127,632506,1,04-24-2017,07:50,24,4,April,0,3,Asotin,0,2,0,1,2,2,1,0,3,2,,,,12,0,6,Angle,21.9,1,0,1,No intersection,4,1,1,3,0,0,0,0,SR-129,,-117.0774417,46.18891389,99402,0,2,73,Others,60,4,55,34,0,0,1,2,1,1,1,2,1,6,Others,1,1,41,,0,37,31,1996,0,,68,12,,,,,1,1,30,1,0,,2,0,3,0,11,0,,,,,0,0,0,2,1,28,35,,,96,,,,,,9,,,,,,98387,53,69,130,6,1,0,0,0,0,,1,,,,,,4,,,20,0,0,0,8,9,8,,,0,,,1,8,8,95,,,96,,,8,95,995,,,,,,,,,,,,,,,,,,,,,,,,,,,,,,0,0,0,0,0,0,1,1,1,0,0,0,1,0,0,0,0,0,0,0,0,0,0,0,0,0,0,0,1,1,0,0,0,0,0,,0,0,0,0,0,0,0,0,0,1,0,0,0,0,0,0,,,,,,26-30,26-35,State route,R,Sunday,Belt Used,PV,Not Fatal,0,1,1,0,State Route,State Patrol,Washington State Patrol,0,1,0,0,0,,,,,,0,0,0,,,,,,,,,,,0,0,0,0,,,,,20,,,,,,,,,1,0,,,,,,
2020,127,634746,25,05-07-2020,08:24,7,5,May,,33,King,0,1,,1,1,2,1,0,3,2,08:26,08:31,,12,0,2,Front-to-Front,0.2,2,0,3,T Intersection,3,2,1,3,0,0,3,3,SR-104,HOME DEPOT/COSTCO ENTRY,-122.342525,47.77761389,98026,0,2,69,Initial Opposite Direction(Going Straight),62,4,35,80,0,0,1,2,12,1,1,5,1,1,Going Straight,1,1,53,,0,30,40,2002,0,,68,64,1,,,,1,1,24,1,7,,4,0,2,0,11,5,04/24/2021,04:17,1.85E+11,19991,0,0,0,3,1,0,,,,96,,,,,,98,,,,,,99338,53,70,230,6,1,0,0,0,0,,0,,,,,,4,,,8,1,9,0,0,9,8,,,0,,,8,8,2,1,,,1,,,2,1,0.192,,,,,,,,,,,,,,,,,,,,,,,,,,,,,,0,0,1,0,1,1,0,1,0,0,0,0,1,0,0,0,0,0,0,0,0,0,0,1,1,0,0,0,0,1,0,0,0,0,0,,1,0,0,0,0,1,0,1,0,1,0,0,0,1,0,1,,,,,,21-25,16-25,County road,U,Saturday,Belt Used,PV,White,0,1,0,0,County Road,County Sheriff,Benton County Sheriff's Office,1,0,1,0,0,,,,,,0,0,0,,,,,,,,,,,98,98,98,1,,,,,20,,,,,,,,,1,0,,,CLODFELTER RD,2.77,NULL,
2020,127,634745,25,05-07-2020,08:24,7,5,May,,33,King,0,1,,1,1,2,1,0,3,2,08:26,08:31,,12,0,2,Front-to-Front,0.2,2,0,3,T Intersection,3,2,1,3,0,0,3,3,SR-104,HOME DEPOT/COSTCO ENTRY,-122.342525,47.77761389,98026,0,1,68,Initial Opposite Direction(Left/Right),15,2,35,14,0,0,1,2,12,1,1,5,1,11,Turning Red: Permitted on red,2,1,53,,0,49,40,2012,0,,63,38,1,38,42,,1,1,57,1,7,,4,7,3,0,11,0,04/20/2021,16:09,53019264,19264,0,0,0,3,1,0,,,,6,,,,,,98,,,,,,98362,53,67,190,6,1,0,0,0,0,,0,,,,,,3,,,20,0,0,0,0,9,8,,,0,,,9,8,2,1,,,1,,,2,1,0,,,,,,,,,,,,,,,,,,,,,,,,,,,,,,0,0,1,0,0,0,0,0,0,0,0,0,1,0,0,0,1,0,0,0,0,0,0,0,0,0,0,0,0,1,0,0,0,0,0,,1,0,0,0,0,0,0,0,1,1,0,0,0,0,0,0,,,,,,56-60,56-65,County road,R,Tuesday,Belt Used,PV,AIAN,0,1,0,0,County Road,County Sheriff,Clallam County Sheriff's Office,1,0,1,0,0,,,,,,0,0,0,,,,,,,,,,,98,98,98,3,,,,,20,,,,,,,,,1,0,,,MT. PLEASANT RD.,4.4,NULL,
2019,127,634024,8,04-17-2019,14:49,17,4,April,,45,Mason,0,1,0,1,1,2,1,0,2,2,,,,12,0,2,Front-to-Front,3.7,1,0,1,No intersection,3,2,1,3,0,0,0,0,SR-3,,-123.0829611,47.21666389,98584,0,2,51,Lateral Move(Going Straight),62,4,50,4,0,0,1,7,12,3,1,2,1,14,Making a U turn,1,1,53,,0,12,880,2005,0,,8,,,,,,1,1,32,2,0,,0,0,3,0,11,0,,,,,0,0,0,3,1,38,,,,96,,,,,,98,,,,,,98851,53,62,115,6,1,0,0,0,0,,46,,,,,,0,,,20,0,0,0,8,9,8,,,0,,,8,8,0,0,,,0,,,0,0,996,,,,,,,,,,,,,,,,,,,,,,,,,,,,,,0,0,0,1,0,0,0,0,0,0,0,0,0,0,0,0,0,0,1,0,0,0,0,0,0,0,0,0,0,0,1,1,0,0,0,,0,0,0,0,0,0,0,0,0,0,1,0,0,0,0,0,,,,,,31-35,26-35,State route,U,Wednesday,,MHTRUCK,Not Fatal,1,0,0,0,State Route,State Patrol,Washington State Patrol,0,1,0,0,0,,,,,,0,0,0,,,,,,,,,,,98,98,98,0,,,,,20,,,,,,,,,1,0,,,,,,
2019,127,634023,8,04-17-2019,14:49,17,4,April,,45,Mason,0,1,0,1,1,2,1,0,2,2,,,,12,0,2,Front-to-Front,3.7,1,0,1,No intersection,3,2,1,3,0,0,0,0,SR-3,,-123.0829611,47.21666389,98584,0,1,50,Lateral Move(Left/Right),10,2,50,3,0,0,1,7,12,2,1,2,1,14,Making a U turn,1,1,53,,0,37,32,2008,0,,68,64,35,1,2,,1,1,39,2,6,,4,7,99,7,11,0,04/15/2021,00:25,53018691,18691,0,0,0,2,1,0,,,,96,,,,,,98,,,,,,98901,53,63,160,1,1,0,0,0,0,,0,,,,,,4,,,99,0,0,0,0,9,8,,,0,,,8,8,0,0,,,0,,,0,0,996,,,,,,,,,,,,,,,,,,,,,,,,,,,,,,0,0,0,0,0,0,0,0,0,0,0,0,1,1,0,0,0,0,0,0,0,0,0,0,0,0,0,0,0,1,0,0,0,0,0,,1,0,0,0,0,0,0,0,0,1,0,1,0,0,0,0,,,,,,36-40,36-45,Other,,Thursday,Unknown,PV,Hispanic,0,1,0,0,Other,County Sheriff,Yakima County Sheriff's Office,1,0,0,0,1,,,,,,0,0,0,,,,,,,,,,,98,98,98,98,,,,,20,,,,,,,,,1,0,,,,,,
2018,127,633245,2,05-10-2018,11:08,10,5,May,0,73,Whatcom,0,10,0,1,1,2,1,0,1,1,,,,1,0,0,No vehicle,92,1,0,1,No intersection,5,1,1,3,0,0,0,0,SR-9,,-122.3201,48.94950833,98247,0,1,1,Driver Off Road,13,2,50,66,2,0,1,2,1,3,1,2,1,14,Making a U turn,1,3,53,,0,37,402,2003,0,,12,,,,,,1,1,53,1,0,,0,0,3,0,11,0,,,,,0,0,3,3,1,0,,,,96,,,,,,98,,,,,,98022,53,72,240,6,1,0,0,0,0,,0,,,,,,0,,,20,0,0,0,8,9,8,,,0,,,8,8,8,95,,,96,,,8,95,995,,,,,,,,,,,,,,,,,,,,,,,,,,,,,,0,0,0,1,0,0,0,0,0,0,0,0,0,0,0,0,0,0,1,0,0,0,0,0,0,0,0,0,1,1,0,0,0,0,0,,0,0,0,0,0,0,0,0,0,0,0,0,0,0,0,0,,,,,,51-55,46-55,County road,R,Thursday,Belt Used,PV,Not Fatal,1,0,0,0,County Road,County Sheriff,King County Police,0,0,1,0,0,,,,,,0,0,0,,,,,,,,,,,98,98,98,0,,,,,20,,,,,,,,,1,0,,,VEAZIE-CUMBERLAND RD SE,4.66,295 AVE SE,0
2017,128,632511,5,04-21-2017,11:11,21,4,April,0,11,Clark,1860,1,0,1,1,2,1,0,2,2,11:11,11:16,11:50,12,0,1,Front-to-Rear,13.2,1,0,1,No intersection,1,1,1,1,0,0,0,0,I-5,,-122.6785417,45.80035278,98642,0,2,25,Others,53,3,60,80,0,0,1,2,12,1,1,3,3,2,Others,1,1,41,,0,48,401,1999,0,,12,12,,,,,1,1,30,1,0,,0,0,3,0,11,0,,,,,0,0,0,3,1,0,,,,96,,,,,,98,,,,,,98022,53,71,135,6,1,0,0,0,0,,0,,,,,,0,,,20,0,0,0,8,9,8,,,0,,,8,8,8,95,,,96,,,8,95,995,,,,,,,,,,,,,,,,,,,,,,,,,,,,,,0,0,0,1,0,0,0,0,0,0,0,0,0,0,0,0,0,0,1,0,0,0,0,0,0,0,0,0,1,1,0,0,0,0,0,,0,0,0,0,0,0,0,0,0,0,0,0,0,0,0,0,,,,,,26-30,26-35,County road,R,Thursday,Belt Used,PV,Not Fatal,1,0,0,0,County Road,County Sheriff,King County Police,0,0,1,0,0,,,,,,0,0,0,,,,,,,,,,,0,0,0,0,,,,,20,,,,,,,,,1,0,,,VEAZIE-CUMBERLAND RD SE,4.66,295 AVE SE,0
2021,128,635542,2,05-05-2021,22:03,5,5,May,,57,Skagit,0,10,,2,1,2,1,0,1,1,,,,42,0,0,No vehicle,42.8,1,0,1,No intersection,5,1,1,3,0,0,0,0,SR-9,,-122.2031861,48.34709444,98274,0,1,6,Drive off road,12,2,50,80,0,0,1,2,42,2,1,2,1,14,Making a U turn,1,2,53,,0,72,706,2009,0,,12,,,,,,1,1,56,2,0,,3,0,20,7,11,5,,,,,0,0,3,3,1,38,,,,96,,,,,,98,,,,,,98059,53,64,145,6,1,0,0,1,0,,0,,,,,,0,07-15-2019,07-15-2019,20,8,0,0,8,9,8,,,0,,,8,8,8,95,,,96,,,8,95,995,,,,,,,,,,,,,,,,,,,,,,,,,,,,,,0,0,0,1,0,0,0,0,0,0,0,0,0,0,0,0,0,0,1,0,0,0,0,0,0,0,0,0,1,1,0,0,0,0,0,0,0,0,0,0,0,0,0,0,0,0,1,0,0,0,0,0,,,,,,56-60,56-65,County road,R,Thursday,,MC,Not Fatal,1,0,0,0,County Road,County Sheriff,King County Police,0,0,1,0,0,,,,,,0,0,0,,,,,,,,,,,0,0,0,0,,,,,5,,,,,,,,,1,0,,,VEAZIE-CUMBERLAND RD SE,4.66,295 AVE SE,0
2020,128,634747,297,05-03-2020,23:25,3,5,May,,33,King,2310,1,,3,1,2,1,1,1,1,,,,8,1,0,No vehicle,9999.8,3,1,4,Y Intersection,1,2,1,1,0,0,3,3,I-5 RAMP,SOUTHCENTER BLVD,-122.2624167,47.46460833,98188,0,1,13,Pedestrian/Animal,80,5,35,4,0,0,1,5,8,8,8,1,6,10,Others,99,9,53,,0,72,706,2011,0,,12,68,12,,,,1,1,55,1,7,,4,0,20,7,11,5,04/15/2021,23:20,1.96E+11,30129,0,0,3,3,1,38,,,,96,,,,,,98,,,,,,98059,53,70,180,6,1,0,0,2,0,,0,,,,,,0,02-15-2016,11-15-2017,20,8,0,0,0,9,8,,,0,,,8,8,2,1,,,1,,,2,1,0,,,,,,,,,,,,,,,,,,,,,,,,,,,,,,0,0,0,1,0,0,0,0,0,0,0,0,0,0,0,0,0,0,1,0,0,0,0,0,0,0,0,0,1,1,0,0,0,0,1,0,0,0,0,0,0,0,0,0,0,0,1,0,0,0,0,0,,,,,,51-55,46-55,County road,R,Thursday,,MC,White,1,0,0,0,County Road,County Sheriff,King County Police,0,0,1,0,0,,,,,,0,0,0,,,,,,,,,,,0,0,0,1,,,,,5,,,,,,,,,1,0,,,VEAZIE-CUMBERLAND RD SE,4.66,295 AVE SE,0
2019,128,634027,288,04-27-2019,01:35,27,4,April,,53,Pierce,2210,1,0,2,1,2,1,0,2,2,,,,12,0,2,Front-to-Front,0,1,0,1,No intersection,7,1,4,6,0,0,0,0,W VALLEY HWY E,,-122.2551194,47.22839444,98372,0,2,51,Lateral Move(Going Straight),54,3,35,4,0,0,1,7,12,3,1,2,1,14,Making a U turn,1,2,53,,0,42,55,2017,0,,68,64,41,42,1,,1,1,16,2,7,,4,7,3,0,11,0,03/16/2021,20:57,11153013505,13505,0,0,3,2,1,0,,,,96,,,,,,98,,,,,,98110,53,64,140,6,2,0,0,0,0,,0,,,,,,4,,,8,0,0,0,0,9,8,,,0,,,8,8,2,996,996,,1,1,,2,1,0,,,,,,,,,,,,,,,,,,,,,,,,,,,,,,0,0,0,0,0,0,1,1,0,0,0,0,1,0,0,0,0,0,0,1,1,0,1,0,1,0,0,0,0,1,0,0,0,0,0,,1,0,0,0,0,0,1,1,0,1,0,0,0,0,1,0,,,,,,16-17,16-25,City street,U,Tuesday,Belt Used,PV,White,0,1,0,0,City Street,Municipal/City Police,Bainbridge Island Police Department,1,0,0,1,0,,,,,,0,0,0,,,,,,,,,,,98,98,98,1,,,,,20,,,,,,,,,1,0,,,,,,
2019,128,634026,288,04-27-2019,01:35,27,4,April,,53,Pierce,2210,1,0,2,1,2,1,0,2,2,,,,12,0,2,Front-to-Front,0,1,0,1,No intersection,7,1,4,6,0,0,0,0,W VALLEY HWY E,,-122.2551194,47.22839444,98372,0,1,50,Lateral Move(Left/Right),54,3,35,2,0,0,1,7,2,2,1,2,1,14,Making a U turn,1,1,53,,0,51,43,2004,0,,8,,,,,,1,1,40,1,0,,0,0,3,0,11,0,,,,,0,0,3,3,1,0,,,,96,,,,,,98,,,,,,98439,53,71,165,6,1,0,0,0,0,,0,,,,,,0,,,20,0,0,0,8,9,8,,,0,,,8,8,8,95,,,96,,,8,95,995,,,,,,,,,,,,,,,,,,,,,,,,,,,,,,0,0,0,0,0,0,0,0,0,0,0,0,0,0,0,0,0,0,0,0,0,0,0,0,0,0,0,0,0,1,0,1,0,0,0,,0,0,0,0,0,0,0,0,0,0,0,0,0,0,0,0,,,,,,36-40,36-45,County road,U,Saturday,Belt Used,PV,Not Fatal,0,0,0,0,County Road,County Sheriff,Law Enforcement Support Agency,0,0,1,0,0,,,,,,0,0,0,,,,,,,,,,,98,98,98,0,,,,,20,,,,,,,,,1,0,,,BROOKDALE RD E,4,NULL,
2018,128,633247,42,05-11-2018,20:06,11,5,May,0,67,Thurston,0,1,0,1,1,2,1,0,1,1,,,,30,0,0,No vehicle,0.7,1,0,1,No intersection,7,1,2,4,0,0,0,0,CR-SHERMAN VALLEY RD SW,,-123.0772389,46.95499444,98512,0,1,6,Drive off road,12,2,35,80,0,0,1,7,30,2,1,2,1,14,Making a U turn,1,1,53,,0,51,47,2006,0,,12,,,,,,1,1,32,1,0,,0,0,3,0,11,0,,,,,0,0,3,3,1,0,,,,96,,,,,,98,,,,,,98031,53,72,160,6,1,0,0,0,0,,0,,,,,,0,,,1,0,0,0,8,9,8,,,0,,,8,8,2,1,,,1,,,2,1,0,,,,,,,,,,,,,,,,,,,,,,,,,,,,,,0,0,0,0,0,0,1,1,0,0,0,0,1,0,0,0,0,0,0,0,0,0,0,0,0,1,1,0,0,1,0,0,0,0,0,,0,0,0,0,0,0,0,0,0,0,0,0,0,0,0,0,,,,,,31-35,26-35,City street,U,Saturday,Belt Used,PV,Not Fatal,0,1,1,0,City Street,Municipal/City Police,Kent Police Department,0,0,0,1,0,,,,,,0,0,0,,,,,,,,,,,98,98,98,0,,,,,20,,,,,,,,,1,0,,,,,,
2017,128,632510,5,04-21-2017,11:11,21,4,April,0,11,Clark,1860,1,0,1,1,2,1,0,2,2,11:11,11:16,11:50,12,0,1,Front-to-Rear,13.2,1,0,1,No intersection,1,1,1,1,0,0,0,0,I-5,,-122.6785417,45.80035278,98642,0,1,24,Others,52,3,60,15,0,0,1,2,12,1,1,3,3,1,Going Straight,1,1,53,,0,37,31,2007,0,,68,12,,,,,1,1,71,2,7,,4,7,3,0,11,0,04/24/2021,16:28,1.03E+11,19915,0,0,3,3,1,0,,,,96,,,,,,98,,,,,,98092,53,62,145,6,1,0,0,3,0,,0,,,,,,4,07-15-2017,05-15-2020,8,0,0,0,0,9,8,,,0,,,8,8,2,996,,,1,,,2,1,0,,,,,,,,,,,,,,,,,,,,,,,,,,,,,,0,0,0,0,0,0,1,1,0,0,0,0,1,0,0,0,0,0,0,0,0,0,0,0,0,1,1,0,0,1,0,0,0,0,0,,1,0,0,0,0,0,1,1,0,1,0,0,0,0,1,0,,,,,,71-75,66-75,City street,U,Saturday,Belt Used,PV,API,0,1,1,0,City Street,Municipal/City Police,Kent Police Department,0,0,0,1,0,,,,,,0,0,0,,,,,,,,,,,98,98,98,18,,,,,20,,,,,,,,,1,0,,,,,,
2020,129,634749,7,05-08-2020,01:13,8,5,May,,33,King,100,1,,3,1,2,1,0,2,2,01:15,01:23,01:52,12,0,2,Front-to-Front,18.3,1,0,1,No intersection,3,2,1,3,0,0,0,0,SR-167,,-122.2446861,47.32770278,98071,0,2,52,Others,54,3,98,14,0,0,1,2,12,1,1,3,3,1,Going Straight,1,1,53,,0,37,402,2002,0,,12,,,,,,1,1,41,2,0,,0,0,3,0,11,0,,,,,0,0,0,3,1,0,,,,96,,,,,,98,,,,,,99022,53,69,145,6,1,0,0,0,0,,0,,,,,,0,,,20,0,0,0,8,9,8,,,0,,,8,8,0,0,,,0,,,2,1,997,,,,,,,,,,,,,,,,,,,,,,,,,,,,,,0,0,0,0,0,0,0,0,0,0,0,0,1,0,0,0,0,0,0,0,0,0,0,0,0,1,0,0,1,1,0,0,0,0,0,,0,0,0,0,0,0,0,0,0,0,0,0,0,0,0,0,,,,,,41-45,36-45,US highway,U,Wednesday,Belt Used,PV,Not Fatal,0,0,0,0,State Route,State Patrol,Washington State Patrol,0,1,0,0,0,,,,,,0,0,0,,,,,,,,,,,98,98,98,0,,,,,20,,,,,,,,,1,0,,,,,,
2020,129,634748,7,05-08-2020,01:13,8,5,May,,33,King,100,1,,3,1,2,1,0,2,2,01:15,01:23,01:52,12,0,2,Front-to-Front,18.3,1,0,1,No intersection,3,2,1,3,0,0,0,0,SR-167,,-122.2446861,47.32770278,98071,0,1,52,Others,54,3,98,6,0,0,1,2,12,1,1,3,3,1,Going Straight,1,1,53,,0,72,706,2002,0,,12,,,,,,1,1,67,1,7,,4,0,20,7,11,5,04/22/2021,06:33,2.11E+11,20018,0,0,0,3,1,0,,,,96,,,,,,98,,,,,,99122,53,68,200,6,1,0,0,0,1,,0,,,,,,4,08-15-2018,08-15-2018,20,8,0,0,0,9,8,,,0,,,8,8,2,1,,,1,,,2,1,0,,,,,,,,,,,,,,,,,,,,,,,,,,,,,,0,0,0,0,0,0,0,0,0,0,0,0,1,0,0,0,0,0,0,0,0,0,0,0,0,1,0,0,1,1,0,0,0,0,1,1,0,0,0,0,0,0,0,0,0,1,0,0,0,0,0,0,,,,,,66-70,66-75,US highway,U,Wednesday,,MC,Multiracial,0,0,0,0,State Route,State Patrol,Washington State Patrol,0,1,0,0,0,,,,,,0,0,0,,,,,,,,,,,0,0,0,201,298,,,,16,,,,,,,,,1,0,,,,,,
2019,129,634028,3,05-04-2019,14:58,4,5,May,,53,Pierce,0,1,0,9,1,2,1,0,1,1,,,,1,0,0,No vehicle,8.6,1,0,1,No intersection,4,2,1,3,0,0,0,0,SR-162,,-122.1869139,47.08185556,98360,0,1,7,Control/Traction Loss,6,1,50,2,0,0,1,2,1,3,1,2,1,14,Making a U turn,1,2,53,,0,7,482,2017,0,,5,,,,,,1,1,27,1,0,,0,0,99,7,11,0,,,,,0,0,0,3,1,0,,,,96,,,,,,98,,,,,,98902,53,64,150,6,1,0,1,1,3,,0,,,,,,0,11-15-2016,10-15-2020,20,0,0,0,8,9,8,,,0,,,8,8,8,95,,,96,,,2,98,997,,,,,,,,,,,,,,,,,,,,,,,,,,,,,,0,0,0,0,0,0,0,0,0,0,0,0,0,0,0,0,0,0,0,1,0,0,0,0,0,0,0,0,0,1,0,0,0,0,0,,0,0,0,0,0,0,0,0,0,0,0,0,0,0,0,0,,,,,,26-30,26-35,City street,U,Sunday,Unknown,PV,Not Fatal,0,0,0,0,City Street,Municipal/City Police,Yakima Police Department,0,0,0,1,0,,,,,,0,0,0,,,,,,,,,,,98,98,98,0,,,,,20,,,,,,,,,1,0,,,,,,
2018,129,633249,171,05-03-2018,02:31,3,5,May,0,33,King,1107,1,0,2,1,2,1,1,1,1,,,,8,0,0,No vehicle,4.7,1,0,1,No intersection,3,2,1,3,0,0,0,0,SR-522,,-122.2886111,47.74075833,98155,0,1,13,Pedestrian/Animal,80,5,40,34,0,0,1,5,8,1,1,2,3,1,Going Straight,1,1,53,,0,7,481,1985,0,,61,63,1,38,42,,1,1,51,1,7,,4,7,20,7,11,0,04/16/2021,14:40,53019870,19870,0,0,0,2,1,80,,,,96,,,,,,98,,,,,,98409,53,70,190,1,1,0,3,1,0,,0,,,,,,0,04-15-2017,06-15-2021,20,1,9,0,0,9,8,,,0,,,1,8,8,95,,,96,,,8,95,995,,,,,,,,,,,,,,,,,,,,,,,,,,,,,,0,0,0,0,0,0,0,0,0,0,0,0,0,1,0,0,0,0,0,1,0,0,0,0,0,0,0,0,0,1,0,0,0,1,0,,1,0,0,0,0,0,0,0,0,0,0,1,0,0,0,0,,,,,,51-55,46-55,Interstate,R,Friday,Not Used,PV,White,0,1,0,0,State Route,State Patrol,Washington State Patrol,1,1,0,0,0,,,,,,0,0,3,,,,,,,,,,,0,0,0,1,,,,,20,,,,,,,,,1,0,,,,,,
2017,129,632514,28,04-29-2017,12:40,29,4,April,0,39,Klickitat,0,1,0,1,1,2,1,0,4,3,12:45,13:03,13:57,12,0,6,Angle,17.5,1,0,1,No intersection,5,1,2,4,0,0,0,0,CR-GLENWOOD HWY,,-121.0570667,45.91292222,,0,3,98,Others,62,4,50,4,0,0,1,2,12,3,2,2,1,14,Making a U turn,2,2,53,,0,32,43,2006,0,,63,33,30,42,17,31,1,1,41,2,7,,4,0,20,7,11,5,04/18/2021,06:44,2.37E+11,22471,0,0,0,3,1,8,,,,96,,,,,,98,,,,,,98606,53,63,135,6,1,0,0,1,0,,0,,,,,,4,04-15-2018,04-15-2018,8,1,9,0,0,9,8,,,0,,,9,9,2,996,996,996,1,1,1,2,1,0,,,,,,,,,,,,,,,,,,,,,,,,,,,,,,0,0,1,1,0,0,1,1,0,0,0,0,1,0,0,0,0,0,0,1,0,0,0,0,0,0,0,0,0,1,0,0,0,1,0,,1,0,0,0,0,0,1,1,0,1,0,0,0,0,1,0,,,,,,41-45,36-45,State route,U,Sunday,Not Used,PV,White,0,1,0,0,State Route,State Patrol,WASHINGTON STATE PATROL,1,1,0,0,0,,,,,,0,0,0,1,1,1,,,177,996,401,417,,98,98,98,1,,,,,20,,,,,,,,,1,0,,,,,,
2017,129,632513,28,04-29-2017,12:40,29,4,April,0,39,Klickitat,0,1,0,1,1,2,1,0,4,3,12:45,13:03,13:57,12,0,6,Angle,17.5,1,0,1,No intersection,5,1,2,4,0,0,0,0,CR-GLENWOOD HWY,,-121.0570667,45.91292222,,0,2,65,Others,62,4,50,4,0,0,1,2,12,3,2,2,1,14,Making a U turn,1,1,53,,0,99,999,9999,0,,63,8,,,,,1,1,999,9,0,,9,0,99,7,11,0,,,,,99,9,9,9,1,0,,,,96,,,,,,98,,,,,,99999,99,,999,9,9,99,99,99,99,,97,,,,,,0,,,99,9,0,0,8,9,8,,,0,,,8,8,0,0,,,0,,,0,0,996,,,,,,,,,,,,,,,,,,,,,,,,,,,,,,0,0,0,0,0,0,0,0,0,0,0,0,0,0,0,0,0,0,0,0,0,0,0,0,0,0,0,0,0,0,0,1,0,0,0,,0,0,0,0,0,0,0,0,0,0,0,0,0,0,0,0,,,,,,,,County road,U,Thursday,,NR-U,Not Fatal,0,0,0,0,County Road,County Sheriff,Law Enforcement Support Agency,0,0,1,0,0,,,,,,99,99,99,,,,,,,,,,,99,99,99,0,,,,,20,,,,,,,,,1,0,,,PORTLAND AVE E,2.14,NULL,