year,something,Cases,repjur,crash_dt,crash_tm,accday,Month,Month,holiday,county,co_char,city,weather,weather2,lightcond,surfcond,surftype,Number of Fatalities,nmforms,pforms,vforms,not_tm,arr_tm,hosp_tm,fhevent,hitrun,Manner of Collision,Manner of Collision,milepnt,reljunc,reljuncinter,intersectiontype,Intersection Type,funcsystem,landuse,ownership,route,schlbus,spejur,contdev,devfunc,trafid1,trafid2,x,y,zipcode,wk_zone,vnumber,crashtype,Crash Type,criticalevent,criticaleventcat,spdlim,body,trailer,emerg,hazcargo,leave,mhevent,roadalgn,roadprof,traflane,trafflow,Vehicle Manure,Vehicle Manure,numoccs,regowner,regstate,,spuse,make,model,modelyr,vrf1,vrf2,seqevent1,seqevent2,seqevent3,seqevent4,seqevent5,seqevent6,pnumber,ptype,age,sex,hispanic,race,injury,diedscene,restraint,restraintmisuse,seatpos,takehosp,death_dt,death_tm,cert,cernum_wa,commlic,licendor,licrestrict,liccomp,drivpres,drf1,drf2,drf3,drf4,distract1,distract2,distract3,distract4,distract5,distract6,dricond1,dricond2,dricond3,dricond4,dricond5,dricond6,dzip,licstate,drhgt_in,weight,noncdl,noncdltype,prevdwi,prevoth,prevacc,prevspd,prevsus,driviol1,driviol2,driviol3,driviol4,driviol5,driviol6,spdrel,first_dt,last_dt,airbag,ejection,ejectpath,extricat,injurwrk,methalc,methdrug,nmlocat,strikveh,prf1,prf2,prf3,druginv,alcinvol,drugsts,drugres1,drugres2,drugres3,drugtst1,drugtst2,drugtst3,alcsts,alctst,alcres,nmact1,nmact2,nmact3,nmact4,nmact5,nmact6,nmprior1,nmprior2,nmprior3,nmprior4,nmprior5,nmprior6,nmcond1,nmcond2,nmcond3,nmcond4,nmcond5,nmcond6,nmsafe_helmet,nmsafe_pads,nmsafe_oth,nmprev_ref,nmprev_lgt,nmprev_oth,crashlocation,nmcrashtype,crosswalk,schoolzone,sidewalk,train_inv,wildlife_inv,rotr_fars,intersect_fars,Drink and Drive,aid_inv,Drug Positive Drivers,Impaired Drivers,Marijuana Positive,impnm_inv,ainm_inv,dpnm_inv,speed_inv,unlic_inv,unendmc_inv,drowsy_inv,drdist_inv,nmdist_inv,fty_inv,unrestfat_inv,dr1617_inv,dr1820_inv,dr1620_inv,dr2125_inv,dr1625_inv,dr65_inv,dr70_inv,dr75_inv,mc_inv,pv_inv,ht_inv,ped_inv,bike_inv,unrest_fat,mc_fat,unhelmet_mc,pv_fat,ht_fat,ped_fat,bike_fat,dr_alc7,dr_alc8,dr_drug,dr_imp,dr_dist,dr_spd,dr_fty,dr_unlic,dr_alc7only,dr_alc8only,dr_drugonly,dr_drink,nm_imp,nm_alc7,nm_alc8,nm_drug,nm_dist,agegrp1,agegrp2,roadclass,urbrur,dayweek,restuse,vehtype,race_me,intersect,lanedep,oppdir,wrongway,rep_typ,investag,repag_long,rotr,st_rd,cty_rd,city_rd,oth_rd,drug_thc,thc_res,drug_cthc,cthc_res,drug_cann,prevpersemin,prevperse,prevsusoth,drugtst4,drugtst5,drugtst6,drugtst7,drugtst8,drugres4,drugres5,drugres6,drugres7,drugres8,adspresent,adsengaged,adslevel,race1,race2,race3,race4,race5,helmet,helmetmisuse,nmdistract1,nmdistract2,nmdistract3,nmdistract4,nmdistract5,nmdistract6,lab,isedtcase,crf1,crf2,crf3,CoRoadName,CoMP,IntCoRoadName,IntCoMP
2017,129,632512,28,04-29-2017,12:40,29,4,April,0,39,Klickitat,0,1,0,1,1,2,1,0,4,3,12:45,13:03,13:57,12,0,6,Angle,17.5,1,0,1,No intersection,5,1,2,4,0,0,0,0,CR-GLENWOOD HWY,,-121.0570667,45.91292222,,0,1,64,Others,10,2,50,80,0,0,1,2,12,2,2,2,1,14,Making a U turn,1,2,53,,0,49,46,2017,0,,63,69,68,64,31,30,1,1,26,2,4,,4,7,3,0,11,0,04/17/2021,20:09,53018646,18646,0,0,0,0,1,0,,,,96,,,,,,98,,,,,,98664,53,,999,0,0,99,99,99,99,,0,,,,,,0,,,1,0,0,0,0,9,8,,,0,,,8,8,8,95,,,96,,,8,95,995,,,,,,,,,,,,,,,,,,,,,,,,,,,,,,0,0,0,0,0,0,0,0,0,0,0,0,0,1,0,0,0,0,0,0,0,0,0,0,0,0,0,0,0,1,0,0,0,0,0,,1,0,0,0,0,0,0,0,0,0,0,1,0,0,0,0,,,,,,26-30,26-35,County road,U,Saturday,Belt Used,PV,Hispanic,0,1,0,0,County Road,County Sheriff,Law Enforcement Support Agency,1,0,1,0,0,,,,,,99,99,99,,,,,,,,,,,98,98,98,1,,,,,20,,,,,,,,,1,0,,,040 ST NW,1.49,NULL,
2021,129,3835780,263,04-11-2021,18:59,11,4,April,,33,King,1960,1,,1,1,2,1,1,1,1,,,,9,1,0,No vehicle,0,1,0,1,No intersection,5,2,4,6,0,0,0,0,SEWARD PARK AVE S,,-122.2638694,47.544625,98118,0,1,13,Pedestrian/Animal,10,2,25,8,0,0,1,5,9,1,4,2,1,1,Going Straight,99,9,99,,0,7,422,2017,0,,54,,,,,,1,1,61,1,0,,0,0,3,0,11,0,,,,,0,0,3,3,1,0,,,,96,,,,,,96,,,,,,98003,53,70,180,6,1,0,0,0,0,,0,,,,,,0,,,20,0,0,0,8,9,8,,,0,,,8,8,0,0,,,0,,,0,0,996,,,,,,,,,,,,,,,,,,,,,,,,,,,,,,0,0,1,0,1,0,1,1,1,0,0,0,1,1,0,0,0,0,0,0,0,0,0,0,0,0,0,0,0,1,0,0,0,0,0,,0,0,0,0,0,0,0,0,0,0,0,0,0,0,0,0,,,,,,61-65,56-65,Interstate,U,Sunday,Belt Used,PV,Not Fatal,0,1,0,0,State Route,State Patrol,Washington State Patrol,1,1,0,0,0,,,,,,0,0,0,,,,,,,,,,,98,98,98,0,,,,,20,,,,,,,,,1,14,,,,,,
2017,130,3743459,160,04-22-2017,20:59,22,4,April,0,33,King,1030,10,0,3,2,2,1,1,1,1,,,,8,0,0,No vehicle,11.3,1,0,1,No intersection,3,2,1,3,0,0,0,0,SR-99,,-122.2965944,47.386,98089,0,1,13,Pedestrian/Animal,80,5,45,14,0,0,1,5,8,1,1,3,3,1,Going Straight,1,1,53,,0,49,45,2001,0,,64,24,1,54,,,1,1,39,1,7,,4,7,3,0,11,0,03/21/2021,21:02,53014395,14395,0,0,3,2,1,0,,,,96,,,,,,98,,,,,,98223,53,70,173,1,1,2,4,2,2,,0,,,,,,4,02-15-2018,09-15-2020,20,0,0,0,0,9,8,,,0,,,8,8,2,695,605,996,1,1,1,2,1,0.069,,,,,,,,,,,,,,,,,,,,,,,,,,,,,,0,0,1,0,1,0,1,1,1,0,0,0,1,1,0,0,0,0,0,0,0,0,0,0,0,0,0,0,0,1,0,0,0,0,0,,1,0,0,0,1,0,1,1,0,1,0,1,0,0,0,1,,,,,,36-40,36-45,Interstate,U,Sunday,Belt Used,PV,White,0,1,0,0,State Route,State Patrol,Washington State Patrol,1,1,0,0,0,thc,1.4,carboxy-thc,6.1,,0,0,5,1,1,,,,401,417,,,,98,98,98,1,,,,,20,,,,,,,,nms,1,14,,,,,,
2021,130,635543,8,04-18-2021,01:15,18,4,April,,45,Mason,0,1,,3,1,2,1,0,1,1,,,,30,0,0,No vehicle,338.5,1,0,1,No intersection,3,1,1,2,0,0,0,0,US-101,,-123.1812583,47.30081111,98584,0,1,1,Driver Off Road,13,2,55,4,0,0,1,2,3,1,2,2,1,1,Going Straight,1,1,53,,0,30,40,2013,0,,63,42,,,,,1,1,19,1,7,,4,7,3,0,11,0,03/30/2021,02:13,2.01E+11,15960,0,0,3,2,1,0,,,,96,,,,,,9,,,,,,98043,53,72,140,1,1,0,1,0,4,,0,,,,,,4,11-15-2019,08-15-2020,20,0,0,0,0,9,8,,,0,,,8,1,2,1,,,1,,,2,1,0,,,,,,,,,,,,,,,,,,,,,,,,,,,,,,0,0,1,0,1,0,0,0,0,0,0,0,1,1,0,0,0,0,0,0,0,1,1,0,1,0,0,0,0,1,0,0,0,0,0,,1,0,0,0,0,0,0,0,0,1,0,1,0,0,0,1,,,,,,18-20,16-25,Interstate,U,Tuesday,Belt Used,PV,Multiracial,0,1,0,0,State Route,State Patrol,Washington State Patrol,1,1,0,0,0,,,,,,0,0,1,,,,,,,,,,,98,98,98,201,218,,,,20,,,,,,,,,1,0,,,,,,
2020,130,634750,3,05-10-2020,06:55,10,5,May,,53,Pierce,0,1,,1,1,2,1,0,1,1,,,,35,0,0,No vehicle,10.6,1,0,1,No intersection,4,2,1,3,0,0,0,0,SR-162,,-122.1544472,47.09616944,98360,0,1,1,Driver Off Road,6,1,45,80,0,0,1,5,43,3,1,2,1,6,Others,1,1,53,,0,72,706,2017,0,,63,24,,,,,1,1,38,1,7,,4,7,20,7,11,0,03/26/2021,23:02,69053014765,14765,0,0,0,3,1,0,,,,96,,,,,,98,,,,,,98201,53,68,265,6,1,0,0,0,3,,0,,,,,,4,02-15-2017,02-15-2020,20,8,0,0,0,9,8,,,0,,,8,8,2,402,401,,1,1,,2,1,0.179,,,,,,,,,,,,,,,,,,,,,,,,,,,,,,0,0,1,0,1,1,1,1,0,0,0,0,1,0,0,0,0,0,0,0,0,0,0,0,0,0,0,0,1,0,0,0,0,0,1,0,0,0,0,0,0,1,1,1,0,1,0,0,0,0,0,1,,,,,,36-40,36-45,City street,U,Friday,,MC,White,0,1,0,0,City Street,Municipal/City Police,Everett Police Department,1,0,0,1,0,,,,,,0,0,3,,,,,,,,,,,0,0,0,1,,,,,5,,,,,,,,,1,0,,,,,,
2019,130,634035,2,04-30-2019,05:35,30,4,April,,57,Skagit,0,1,0,4,1,2,1,0,8,7,,,,12,0,1,Front-to-Rear,221.2,1,0,1,No intersection,1,1,1,1,0,0,97,8,I-5,,-122.3360056,48.34301667,98238,1,7,98,Others,98,7,70,4,0,0,1,5,12,1,1,1,3,2,Others,1,1,53,,0,82,881,2001,0,,12,,,,,,1,1,58,1,0,,0,0,3,0,11,0,,,,,6,1,3,3,1,0,,,,96,,,,,,98,,,,,,98408,53,73,200,6,1,0,0,0,0,,0,,,,,,0,,,20,0,0,0,8,9,8,,,0,,,8,8,8,95,,,96,,,8,95,995,,,,,,,,,,,,,,,,,,,,,,,,,,,,,,0,0,0,0,0,0,1,1,0,0,0,0,0,1,0,0,0,0,0,0,0,0,0,0,0,0,0,0,0,1,1,0,0,0,0,,0,0,0,0,0,0,0,0,0,0,0,0,0,0,0,0,,,,,,56-60,56-65,County road,U,Thursday,,MHTRUCK,Not Fatal,0,1,1,0,County Road,County Sheriff,Law Enforcement Support Agency,0,0,1,0,0,,,,,,0,0,0,,,,,,,,,,,98,98,98,0,,,,,20,,,,,,,,,1,0,,,CANYON RD E,7.37,NULL,
2019,130,634034,2,04-30-2019,05:35,30,4,April,,57,Skagit,0,1,0,4,1,2,1,0,8,7,,,,12,0,1,Front-to-Rear,221.2,1,0,1,No intersection,1,1,1,1,0,0,97,8,I-5,,-122.3360056,48.34301667,98238,1,6,98,Others,98,7,70,4,0,0,1,7,12,1,1,1,3,2,Others,1,1,53,,0,14,21,2007,0,,12,,,,,,1,1,42,2,7,,4,7,3,0,11,0,04-08-2021,12:15,53017480,17480,0,0,3,2,1,51,,,,96,,,,,,9,,,,,,98507,53,69,230,1,1,0,0,4,3,,0,,,,,,0,01-15-2016,08-15-2021,1,0,0,0,0,9,8,,,0,,,1,8,2,996,418,996,1,1,1,2,1,0,,,,,,,,,,,,,,,,,,,,,,,,,,,,,,0,0,0,0,0,0,1,1,0,0,0,0,0,1,0,0,0,0,0,0,0,0,0,0,0,0,0,0,0,1,1,0,0,0,0,,1,0,0,0,0,0,1,1,0,0,0,1,0,0,1,0,,,,,,41-45,36-45,County road,U,Thursday,Belt Used,PV,White,0,1,1,0,County Road,County Sheriff,Law Enforcement Support Agency,0,0,1,0,0,,,,,,0,0,1,1,1,1,,,996,996,996,,,98,98,98,1,,,,,20,,,,,,,,,1,0,,,CANYON RD E,7.37,NULL,
2019,130,634033,2,04-30-2019,05:35,30,4,April,,57,Skagit,0,1,0,4,1,2,1,0,8,7,,,,12,0,1,Front-to-Rear,221.2,1,0,1,No intersection,1,1,1,1,0,0,97,8,I-5,,-122.3360056,48.34301667,98238,1,5,98,Others,98,7,70,4,0,0,1,7,12,1,1,1,3,2,Others,1,2,53,,0,30,40,2009,0,,12,,,,,,1,1,22,2,0,,1,0,3,0,11,5,,,,,0,0,1,3,1,0,,,,96,,,,,,98,,,,,,98296,53,65,130,6,2,0,0,0,0,,0,,,,,,0,,,8,0,0,0,8,9,8,,,0,,,8,8,8,95,,,96,,,8,95,995,,,,,,,,,,,,,,,,,,,,,,,,,,,,,,0,0,0,0,1,1,1,1,1,0,0,0,0,0,0,0,0,0,0,1,0,0,0,1,1,0,0,0,0,1,0,0,0,0,0,,0,0,0,0,0,0,0,0,0,0,0,0,0,0,0,0,,,,,,21-25,16-25,City street,U,Saturday,Belt Used,PV,Not Fatal,0,1,1,0,City Street,Municipal/City Police,Mill Creek Police Department,0,0,0,1,0,,,,,,0,0,0,,,,,,,,,,,98,98,98,0,,,,,20,,,,,,,,,1,0,,,,,,
2019,130,634032,2,04-30-2019,05:35,30,4,April,,57,Skagit,0,1,0,4,1,2,1,0,8,7,,,,12,0,1,Front-to-Rear,221.2,1,0,1,No intersection,1,1,1,1,0,0,97,8,I-5,,-122.3360056,48.34301667,98238,1,4,98,Others,98,7,70,14,0,0,1,7,12,1,1,1,3,2,Others,2,1,53,,0,49,32,2004,0,,68,12,,,,,1,1,31,1,7,,4,0,20,7,11,5,04-10-2021,07:10,69053018070,18070,0,0,3,3,1,28,,,,96,,,,,,98,,,,,,98012,53,69,165,6,1,0,0,1,1,,0,,,,,,0,11-15-2017,09-15-2020,8,0,0,0,0,9,8,,,0,,,8,8,2,695,605,996,1,1,1,2,1,0.255,,,,,,,,,,,,,,,,,,,,,,,,,,,,,,0,0,0,0,1,1,1,1,1,0,0,0,0,0,0,0,0,0,0,1,0,0,0,1,1,0,0,0,0,1,0,0,0,1,0,,1,0,0,0,0,1,1,1,0,0,0,0,0,0,0,1,,,,,,31-35,26-35,City street,U,Saturday,Not Used,PV,White,0,1,1,0,City Street,Municipal/City Police,Mill Creek Police Department,0,0,0,1,0,thc,1.1,carboxy-thc,25,,0,0,0,,,,,,,,,,,98,98,98,1,,,,,20,,,,,,,,nms,1,0,,,,,,
2019,130,634031,2,04-30-2019,05:35,30,4,April,,57,Skagit,0,1,0,4,1,2,1,0,8,7,,,,12,0,1,Front-to-Rear,221.2,1,0,1,No intersection,1,1,1,1,0,0,97,8,I-5,,-122.3360056,48.34301667,98238,1,3,98,Others,98,7,70,2,0,0,1,7,12,1,1,1,3,2,Others,1,1,53,,0,53,705,2008,0,,63,69,1,,,,1,1,39,1,7,,4,7,20,7,11,0,04-12-2021,02:29,53018167,18167,0,0,0,2,1,0,,,,96,,,,,,98,,,,,,94520,6,70,195,1,1,0,0,0,0,,0,,,,,,4,,,20,8,0,0,0,9,8,,,0,,,8,8,2,605,,,1,,,2,1,0.219,,,,,,,,,,,,,,,,,,,,,,,,,,,,,,0,0,0,0,1,1,1,1,1,0,0,0,1,1,1,0,0,0,0,0,0,0,0,0,0,0,0,0,1,0,0,0,0,0,1,0,0,0,0,0,0,1,1,1,0,1,0,1,0,0,0,1,,,,,,36-40,36-45,County road,R,Monday,,MC,Black,0,0,0,0,County Road,County Sheriff,San Juan County Sheriff's Office,0,0,1,0,0,thc,3.3,,,,0,0,0,,,,,,,,,,,0,0,0,2,,,,,5,,,,,,,,nms,1,0,,,CROW VALLEY RD,3.21,NULL,
2019,130,634030,2,04-30-2019,05:35,30,4,April,,57,Skagit,0,1,0,4,1,2,1,0,8,7,,,,12,0,1,Front-to-Rear,221.2,1,0,1,No intersection,1,1,1,1,0,0,97,8,I-5,,-122.3360056,48.34301667,98238,1,2,29,Others,53,3,70,20,0,0,1,2,12,1,1,1,3,2,Others,1,2,53,,0,30,402,2019,0,,54,,,,,,1,1,60,2,0,,0,0,3,0,11,0,,,,,0,0,0,3,1,0,,,,96,,,,,,98,,,,,,98012,53,61,150,6,1,0,0,0,0,,0,,,,,,0,,,20,0,0,0,8,9,8,,,0,,,8,8,8,95,,,96,,,8,95,995,,,,,,,,,,,,,,,,,,,,,,,,,,,,,,0,0,0,0,0,0,1,1,0,0,0,0,1,0,0,0,0,0,0,0,0,0,0,0,0,0,0,0,0,1,0,0,0,0,0,,0,0,0,0,0,0,0,0,0,0,0,0,0,0,0,0,,,,,,56-60,56-65,County road,U,Friday,Belt Used,PV,Not Fatal,0,1,1,0,County Road,County Sheriff,Snohomish County Sheriff's Office,0,0,1,0,0,,,,,,0,0,0,,,,,,,,,,,98,98,98,0,,,,,20,,,,,,,,,1,14,,,NORTH RD,0.931,NULL,
2019,130,634029,2,04-30-2019,05:35,30,4,April,,57,Skagit,0,1,0,4,1,2,1,0,8,7,,,,12,0,1,Front-to-Rear,221.2,1,0,1,No intersection,1,1,1,1,0,0,97,8,I-5,,-122.3360056,48.34301667,98238,1,1,28,Others,52,3,60,62,0,0,1,2,12,1,1,1,3,1,Going Straight,1,3,53,,0,20,481,2020,0,,12,,,,,,1,1,42,1,0,,2,0,3,0,11,5,,,,,0,0,3,3,1,0,,,,96,,,,,,98,,,,,,98036,53,74,220,6,1,0,0,0,1,,0,,,,,,0,09-15-2020,09-15-2020,8,0,0,0,8,9,8,,,0,,,8,8,2,1,,,1,,,2,1,0,,,,,,,,,,,,,,,,,,,,,,,,,,,,,,0,0,0,0,0,0,1,1,0,0,0,0,1,0,0,0,0,0,0,0,0,0,0,0,0,0,0,0,0,1,0,0,0,0,0,,0,0,0,0,0,0,0,0,0,0,0,0,0,0,0,0,,,,,,41-45,36-45,County road,U,Friday,Belt Used,PV,Not Fatal,0,1,1,0,County Road,County Sheriff,Snohomish County Sheriff's Office,0,0,1,0,0,,,,,,0,0,0,,,,,,,,,,,98,98,98,0,,,,,20,,,,,,,,,1,14,,,NORTH RD,0.931,NULL,
2018,130,633250,13,05-13-2018,12:53,13,5,May,0,9,Clallam,0,1,0,1,1,2,1,0,1,1,12:55,13:06,13:36,1,0,0,No vehicle,1.2,3,0,3,T Intersection,7,1,2,4,0,0,0,0,CR-ELWHA RIVER RD,CROWN Z WATER RD,-123.5499111,48.11168056,98363,0,1,98,Others,8,1,35,80,0,0,1,7,1,2,2,2,1,14,Making a U turn,1,1,53,,0,30,40,2013,0,,68,12,54,,,,1,1,34,1,0,,3,0,99,7,11,5,,,,,0,0,3,3,1,33,,,,96,,,,,,98,,,,,,98208,53,71,195,6,7,0,0,0,0,,97,,,,,,3,,,8,0,0,0,8,9,8,,,0,,,8,8,2,401,151,417,1,1,1,2,1,0,,,,,,,,,,,,,,,,,,,,,,,,,,,,,,0,0,0,0,0,0,1,1,0,0,0,0,1,0,0,0,0,0,0,0,0,0,0,0,0,0,0,0,0,1,0,0,0,0,0,,0,0,0,0,0,0,1,1,0,1,0,0,0,0,1,0,,,,,,31-35,26-35,County road,U,Friday,Unknown,PV,Not Fatal,0,1,1,0,County Road,County Sheriff,Snohomish County Sheriff's Office,0,0,1,0,0,,,,,,0,0,0,1,,,,,996,,,,,98,98,98,0,,,,,20,,,,,,,,,1,14,,,NORTH RD,0.931,NULL,
2021,131,635544,348,05-02-2021,17:31,2,5,May,,33,King,1018,1,,1,1,1,1,0,2,1,,,,33,0,0,No vehicle,6.6,1,0,1,No intersection,3,2,1,3,0,0,0,0,SR-522,,-122.2633361,47.75831667,98028,0,1,1,Driver Off Road,13,2,40,6,0,0,1,2,43,1,1,2,2,1,Going Straight,2,2,53,,0,6,441,2003,0,,8,8,,,,,1,1,81,1,0,,0,0,3,0,11,0,,,,,0,0,3,3,1,10,,,,0,,,,,,98,,,,,,98370,53,70,221,6,1,0,1,0,0,,0,,,,,,0,01-15-2017,01-15-2017,20,0,0,0,8,3,2,,,0,,,8,8,2,1,,,1,,,2,1,0,,,,,,,,,,,,,,,,,,,,,,,,,,,,,,0,0,0,1,0,0,0,0,0,0,0,0,0,0,0,0,0,0,0,0,0,0,0,0,0,1,1,1,0,1,0,1,0,0,0,,0,0,0,0,0,0,0,0,0,0,0,0,0,0,0,0,,,,,,81+,76+,County road,U,Tuesday,Belt Used,PV,Not Fatal,1,0,0,0,County Road,County Sheriff,Kitsap County Sheriff's Office,0,0,1,0,0,,,,,,0,0,0,,,,,,,,,,,98,98,98,0,,,,,20,,,,,,,,,1,0,,,SUQUAMISH WAY NE,1.538,NULL,
2020,131,634752,39,05-08-2020,20:58,8,5,May,,61,Snohomish,0,1,,2,1,2,1,0,4,2,21:01,21:11,21:34,12,0,2,Front-to-Front,4.1,1,0,1,No intersection,4,2,2,4,0,0,0,0,CR-84TH ST NE,,-122.0265889,48.07230278,,0,2,51,Lateral Move(Going Straight),62,4,50,14,0,0,1,2,12,1,1,2,1,1,Going Straight,3,1,53,,0,37,31,2010,0,,12,,,,,,1,1,16,2,0,,2,0,3,0,11,0,,,,,0,0,1,3,1,0,,,,96,,,,,,98,,,,,,98146,53,61,160,6,2,0,0,0,0,,0,,,,,,0,,,1,0,0,0,8,9,8,,,0,,,8,8,0,0,,,0,,,0,0,996,,,,,,,,,,,,,,,,,,,,,,,,,,,,,,0,0,0,0,1,0,0,0,0,0,0,0,1,0,0,0,0,0,0,0,1,0,1,1,1,0,0,0,0,1,0,0,0,0,0,,0,0,0,0,0,0,0,0,0,0,0,0,0,0,0,0,,,,,,16-17,16-25,City street,U,Tuesday,Belt Used,PV,Not Fatal,0,0,0,0,City Street,Municipal/City Police,Burien Police Department,0,0,0,1,0,,,,,,0,0,0,,,,,,,,,,,98,98,98,0,,,,,20,,,,,,,,,1,0,,,,,,
2020,131,634751,39,05-08-2020,20:58,8,5,May,,61,Snohomish,0,1,,2,1,2,1,0,4,2,21:01,21:11,21:34,12,0,2,Front-to-Front,4.1,1,0,1,No intersection,4,2,2,4,0,0,0,0,CR-84TH ST NE,,-122.0265889,48.07230278,,0,1,50,Lateral Move(Left/Right),10,2,50,14,0,0,1,2,12,1,1,2,1,1,Going Straight,1,2,53,,0,7,482,2004,0,,12,,,,,,1,1,35,2,0,,2,0,3,0,11,0,,,,,0,0,0,3,1,0,,,,96,,,,,,98,,,,,,98146,53,60,148,6,1,0,0,0,0,,0,,,,,,0,,,1,0,0,0,8,9,8,,,0,,,8,8,0,0,,,0,,,0,0,996,,,,,,,,,,,,,,,,,,,,,,,,,,,,,,0,0,0,0,1,0,0,0,0,0,0,0,1,0,0,0,0,0,0,0,1,0,1,1,1,0,0,0,0,1,0,0,0,0,0,,0,0,0,0,0,0,0,0,0,0,0,0,0,0,0,0,,,,,,31-35,26-35,City street,U,Tuesday,Belt Used,PV,Not Fatal,0,0,0,0,City Street,Municipal/City Police,Burien Police Department,0,0,0,1,0,,,,,,0,0,0,,,,,,,,,,,98,98,98,0,,,,,20,,,,,,,,,1,0,,,,,,
2019,131,634036,146,05-03-2019,19:10,3,5,May,,77,Yakima,0,1,0,1,1,2,1,0,1,1,,,,1,0,0,No vehicle,1.9,1,0,1,No intersection,5,1,2,4,0,3,0,0,CR-TOPPENISH-ZILLAH RD,,-120.2939306,46.38349444,98948,0,1,2,Control/Traction Loss,54,3,50,2,0,0,1,7,1,1,1,2,1,6,Others,1,2,53,,0,49,51,2012,0,,12,68,12,,,,1,1,35,1,7,,4,7,3,0,11,0,04-06-2021,15:16,22953017087,17087,0,0,3,3,1,0,,,,96,,,,,,98,,,,,,98146,53,66,145,6,1,0,0,0,0,,0,,,,,,0,,,20,0,0,0,0,9,8,,,0,,,8,8,2,1,,,1,,,2,1,0,,,,,,,,,,,,,,,,,,,,,,,,,,,,,,0,0,0,0,1,0,0,0,0,0,0,0,1,0,0,0,0,0,0,0,1,0,1,1,1,0,0,0,0,1,0,0,0,0,0,,1,0,0,0,0,0,0,0,0,0,0,0,0,0,0,0,,,,,,31-35,26-35,City street,U,Tuesday,Belt Used,PV,White,0,0,0,0,City Street,Municipal/City Police,Burien Police Department,0,0,0,1,0,,,,,,0,0,0,,,,,,,,,,,98,98,98,1,,,,,20,,,,,,,,,1,0,,,,,,
2018,131,633252,290,05-15-2018,21:03,15,5,May,0,53,Pierce,2230,1,0,3,1,2,1,0,3,2,,,,12,0,6,Angle,0,2,0,2,4 Way,4,2,4,6,0,0,3,3,E MCKINLEY AVE,E 56TH ST,-122.4208944,47.20634722,98421,0,2,89,Others,66,4,35,4,0,0,1,2,12,8,8,3,1,1,Going Straight,2,1,53,,0,49,40,2011,0,,12,12,,,,,1,1,25,2,0,,0,0,3,0,11,0,,,,,0,0,0,3,1,28,,,,96,,,,,,9,,,,,,98146,53,59,135,6,1,0,1,0,0,,1,,,,,,3,10-15-2017,10-15-2017,1,0,0,0,8,9,8,,,0,,,8,1,8,95,,,96,,,2,98,997,,,,,,,,,,,,,,,,,,,,,,,,,,,,,,0,0,0,0,1,0,0,0,0,0,0,0,1,0,0,0,0,0,0,0,1,0,1,1,1,0,0,0,0,1,0,0,0,0,0,,0,0,0,0,0,0,0,0,0,1,0,0,0,0,0,1,,,,,,21-25,16-25,City street,U,Tuesday,Belt Used,PV,Not Fatal,0,0,0,0,City Street,Municipal/City Police,Burien Police Department,0,0,0,1,0,,,,,,0,0,0,,,,,,,,,,,98,98,98,0,,,,,20,,,,,,,,,1,0,,,,,,
2018,131,633251,290,05-15-2018,21:03,15,5,May,0,53,Pierce,2230,1,0,3,1,2,1,0,3,2,,,,12,1,6,Angle,0,2,0,2,4 Way,4,2,4,6,0,0,3,3,E MCKINLEY AVE,E 56TH ST,-122.4208944,47.20634722,98421,0,1,88,Striking from the Left,17,2,35,4,0,0,1,2,12,1,1,3,1,1,Going Straight,1,9,53,,0,6,441,1999,0,,63,53,1,,,,1,1,24,1,2,,4,7,20,7,11,0,04-06-2021,20:20,53016911,16911,0,0,0,2,1,0,,,,92,,,,,,98,,,,,,34689,12,73,999,2,1,1,0,0,1,,0,,,,,,0,09-15-2018,12-15-2020,20,2,9,0,0,9,8,,,0,,,8,8,2,300,996,695,1,1,1,2,1,0,,,,,,,,,,,,,,,,,,,,,,,,,,,,,,0,0,1,0,0,0,1,1,1,0,0,0,0,1,0,0,1,0,0,1,0,0,0,1,1,0,0,0,0,1,0,0,0,1,0,,1,0,0,0,0,0,1,1,1,0,0,1,0,0,1,0,,,,,,21-25,16-25,County road,U,Tuesday,Not Used,PV,Hispanic,0,1,0,0,County Road,County Sheriff,Mason County Sheriff's Office,1,0,1,0,0,thc,28,carboxy-thc,110,,0,0,1,1,1,1,,,605,405,229,996,,0,0,0,2,,,,,20,,,,,,,,nms,1,0,,,JOHNS PRAIRIE RD,2.964,NULL,
2017,131,632519,8,04-26-2017,00:50,26,4,April,0,35,Kitsap,0,10,0,3,2,2,1,0,1,1,,,,43,0,0,No vehicle,4,1,0,1,No intersection,3,2,1,3,0,0,0,0,SR-303,,-122.6289083,47.62356111,98311,0,1,5,Others,13,2,40,20,0,0,1,2,1,1,2,4,3,1,Going Straight,1,1,53,,0,7,482,2001,0,,12,,,,,,1,1,81,1,0,,1,0,3,0,11,0,,,,,0,0,0,3,1,0,,,,96,,,,,,98,,,,,,98022,53,70,210,6,1,0,0,0,0,,0,,,,,,0,,,20,0,0,0,8,9,8,,,0,,,8,8,0,0,,,0,,,0,0,996,,,,,,,,,,,,,,,,,,,,,,,,,,,,,,0,0,0,1,0,0,0,0,0,0,0,0,0,1,0,0,0,0,1,0,0,0,0,0,0,1,1,1,0,1,0,0,0,0,0,,0,0,0,0,0,0,0,0,0,0,0,0,0,0,0,0,,,,,,81+,76+,State route,U,Wednesday,Belt Used,PV,Not Fatal,1,0,0,0,State Route,Municipal/City Police,Black Diamond Police Department,0,1,0,0,0,,,,,,0,0,0,,,,,,,,,,,98,98,98,0,,,,,20,,,,,,,,,1,0,,,,,,