year,something,Cases,repjur,crash_dt,crash_tm,accday,Month,Month,holiday,county,co_char,city,weather,weather2,lightcond,surfcond,surftype,Number of Fatalities,nmforms,pforms,vforms,not_tm,arr_tm,hosp_tm,fhevent,hitrun,Manner of Collision,Manner of Collision,milepnt,reljunc,reljuncinter,intersectiontype,Intersection Type,funcsystem,landuse,ownership,route,schlbus,spejur,contdev,devfunc,trafid1,trafid2,x,y,zipcode,wk_zone,vnumber,crashtype,Crash Type,criticalevent,criticaleventcat,spdlim,body,trailer,emerg,hazcargo,leave,mhevent,roadalgn,roadprof,traflane,trafflow,Vehicle Manure,Vehicle Manure,numoccs,regowner,regstate,,spuse,make,model,modelyr,vrf1,vrf2,seqevent1,seqevent2,seqevent3,seqevent4,seqevent5,seqevent6,pnumber,ptype,age,sex,hispanic,race,injury,diedscene,restraint,restraintmisuse,seatpos,takehosp,death_dt,death_tm,cert,cernum_wa,commlic,licendor,licrestrict,liccomp,drivpres,drf1,drf2,drf3,drf4,distract1,distract2,distract3,distract4,distract5,distract6,dricond1,dricond2,dricond3,dricond4,dricond5,dricond6,dzip,licstate,drhgt_in,weight,noncdl,noncdltype,prevdwi,prevoth,prevacc,prevspd,prevsus,driviol1,driviol2,driviol3,driviol4,driviol5,driviol6,spdrel,first_dt,last_dt,airbag,ejection,ejectpath,extricat,injurwrk,methalc,methdrug,nmlocat,strikveh,prf1,prf2,prf3,druginv,alcinvol,drugsts,drugres1,drugres2,drugres3,drugtst1,drugtst2,drugtst3,alcsts,alctst,alcres,nmact1,nmact2,nmact3,nmact4,nmact5,nmact6,nmprior1,nmprior2,nmprior3,nmprior4,nmprior5,nmprior6,nmcond1,nmcond2,nmcond3,nmcond4,nmcond5,nmcond6,nmsafe_helmet,nmsafe_pads,nmsafe_oth,nmprev_ref,nmprev_lgt,nmprev_oth,crashlocation,nmcrashtype,crosswalk,schoolzone,sidewalk,train_inv,wildlife_inv,rotr_fars,intersect_fars,Drink and Drive,aid_inv,Drug Positive Drivers,Impaired Drivers,Marijuana Positive,impnm_inv,ainm_inv,dpnm_inv,speed_inv,unlic_inv,unendmc_inv,drowsy_inv,drdist_inv,nmdist_inv,fty_inv,unrestfat_inv,dr1617_inv,dr1820_inv,dr1620_inv,dr2125_inv,dr1625_inv,dr65_inv,dr70_inv,dr75_inv,mc_inv,pv_inv,ht_inv,ped_inv,bike_inv,unrest_fat,mc_fat,unhelmet_mc,pv_fat,ht_fat,ped_fat,bike_fat,dr_alc7,dr_alc8,dr_drug,dr_imp,dr_dist,dr_spd,dr_fty,dr_unlic,dr_alc7only,dr_alc8only,dr_drugonly,dr_drink,nm_imp,nm_alc7,nm_alc8,nm_drug,nm_dist,agegrp1,agegrp2,roadclass,urbrur,dayweek,restuse,vehtype,race_me,intersect,lanedep,oppdir,wrongway,rep_typ,investag,repag_long,rotr,st_rd,cty_rd,city_rd,oth_rd,drug_thc,thc_res,drug_cthc,cthc_res,drug_cann,prevpersemin,prevperse,prevsusoth,drugtst4,drugtst5,drugtst6,drugtst7,drugtst8,drugres4,drugres5,drugres6,drugres7,drugres8,adspresent,adsengaged,adslevel,race1,race2,race3,race4,race5,helmet,helmetmisuse,nmdistract1,nmdistract2,nmdistract3,nmdistract4,nmdistract5,nmdistract6,lab,isedtcase,crf1,crf2,crf3,CoRoadName,CoMP,IntCoRoadName,IntCoMP
2017,132,3759251,38,04-21-2017,02:59,21,4,April,0,59,Skamania,0,10,0,2,2,2,1,0,1,1,,,,42,0,0,No vehicle,7.5,1,0,1,No intersection,5,1,2,4,0,0,0,0,CR-COOK UNDERWOOD RD,,-121.618725,45.72933056,98651,0,1,7,Control/Traction Loss,10,2,50,6,0,0,1,2,42,2,1,2,1,14,Making a U turn,1,2,41,,0,48,45,2014,0,,12,71,38,,,,1,1,86,1,7,,4,0,3,0,11,1,04/16/2021,19:38,1.96E+11,18812,0,0,3,2,1,38,39,,,96,,,,,,98,,,,,,98010,53,70,210,1,1,0,1,0,0,,37,,,,,,0,04-15-2020,02-15-2021,8,0,0,1,0,9,8,,,0,,,9,8,0,0,,,0,,,0,0,996,,,,,,,,,,,,,,,,,,,,,,,,,,,,,,0,0,0,1,0,0,0,0,0,0,0,0,0,1,0,0,0,0,1,0,0,0,0,0,0,1,1,1,0,1,0,0,0,0,0,,1,0,0,0,0,0,0,0,0,0,1,1,0,0,0,0,,,,,,81+,76+,State route,U,Wednesday,Belt Used,PV,White,1,0,0,0,State Route,Municipal/City Police,Black Diamond Police Department,0,1,0,0,0,,,,,,0,0,4,,,,,,,,,,,98,98,98,1,,,,,20,,,,,,,,,1,0,,,,,,
2019,132,634037,16,05-06-2019,14:13,6,5,May,,15,Cowlitz,0,1,0,1,1,2,1,0,1,1,,,,35,0,0,No vehicle,0.2,1,0,1,No intersection,5,1,2,4,0,0,0,0,CR-SPRUCE CREEK RD,,-123.1949222,46.19652222,98632,0,1,6,Drive off road,12,2,35,2,0,0,1,7,1,2,2,2,1,14,Making a U turn,1,2,41,,0,38,882,2014,0,,12,,,,,,1,1,23,1,0,,2,0,3,0,11,8,,,,,0,0,0,3,1,0,,,,96,,,,,,98,,,,,,98087,53,66,160,6,1,0,0,0,0,,0,,,,,,0,,,20,0,0,0,8,9,8,,,0,,,8,8,8,95,,,96,,,8,95,995,,,,,,,,,,,,,,,,,,,,,,,,,,,,,,0,0,0,0,0,0,0,0,0,0,0,0,1,0,0,0,0,0,0,1,0,0,0,1,1,1,0,0,0,1,1,0,0,0,0,,0,0,0,0,0,0,0,0,0,0,0,0,0,0,0,0,,,,,,21-25,16-25,State route,U,Friday,,MHTRUCK,Not Fatal,0,0,0,0,State Route,Municipal/City Police,Renton Police Department,0,1,0,0,0,,,,,,0,0,0,,,,,,,,,,,98,98,98,0,,,,,20,,,,,,,,,1,0,,,,,,
2021,132,635545,42,05-10-2021,17:36,10,5,May,,67,Thurston,0,1,,1,1,2,1,0,5,1,,,,30,0,0,No vehicle,7.8,1,0,1,No intersection,5,2,2,4,0,0,0,0,CR-MARVIN RD NE,,-122.7807222,47.107875,98516,0,1,7,Control/Traction Loss,12,2,50,4,0,0,1,2,30,1,1,2,1,6,Others,5,1,53,,0,35,49,2005,0,,12,2,63,30,,,1,1,68,2,0,,3,0,3,0,11,8,,,,,0,0,3,3,1,0,,,,96,,,,,,98,,,,,,98057,53,69,155,6,1,0,0,0,0,,0,,,,,,0,,,8,0,0,0,8,9,8,,,0,,,0,0,0,0,,,0,,,0,0,996,,,,,,,,,,,,,,,,,,,,,,,,,,,,,,0,0,0,0,0,0,0,0,0,0,0,0,1,0,0,0,0,0,0,1,0,0,0,1,1,1,0,0,0,1,1,0,0,0,0,,0,0,0,0,0,0,0,0,0,0,0,0,0,0,0,0,,,,,,66-70,66-75,State route,U,Friday,Belt Used,PV,Not Fatal,0,0,0,0,State Route,Municipal/City Police,Renton Police Department,0,1,0,0,0,,,,,,0,0,0,,,,,,,,,,,98,98,98,0,,,,,20,,,,,,,,,1,0,,,,,,
2020,132,634754,8,05-04-2020,09:41,4,5,May,,35,Kitsap,0,1,,1,1,1,1,0,2,2,09:46,09:47,,12,0,6,Angle,34.2,2,0,2,4 Way,3,2,1,3,0,0,3,3,SR-3,SAM CHRISTOPHERSON,-122.704525,47.52563889,98312,0,2,89,Others,66,4,35,14,0,0,1,2,12,1,3,3,1,1,Going Straight,1,2,53,,0,59,35,2018,0,,12,68,,,,,1,1,23,1,0,,0,0,20,7,11,0,,,,,0,0,0,3,1,8,,,,96,,,,,,98,,,,,,98118,53,72,160,6,1,0,0,1,0,,97,,,,,,2,03-15-2017,03-15-2017,20,0,0,0,8,9,8,,,0,,,8,8,9,999,,,99,,,9,99,999,,,,,,,,,,,,,,,,,,,,,,,,,,,,,,0,0,0,0,0,0,0,0,0,0,0,0,1,0,0,0,0,0,0,1,0,0,0,1,1,1,0,0,0,1,1,0,0,0,0,,0,0,0,0,0,0,0,0,0,1,0,0,0,0,0,0,,,,,,21-25,16-25,State route,U,Friday,Not Used,PV,Not Fatal,0,0,0,0,State Route,Municipal/City Police,Renton Police Department,0,1,0,0,0,,,,,,0,0,0,,,,,,,,,,,98,98,98,0,,,,,20,,,,,,,,,1,0,,,,,,
2020,132,634753,8,05-04-2020,09:41,4,5,May,,35,Kitsap,0,1,,1,1,1,1,0,2,2,09:46,09:47,,12,0,6,Angle,34.2,2,0,2,4 Way,3,2,1,3,0,0,3,3,SR-3,SAM CHRISTOPHERSON,-122.704525,47.52563889,98312,0,1,88,Striking from the Left,17,2,40,80,0,0,1,2,12,1,3,3,1,6,Others,1,2,53,,0,12,24,2014,0,,12,12,2,12,,,1,1,23,1,0,,3,0,20,7,11,8,,,,,0,0,0,3,1,8,,,,96,,,,,,98,,,,,,98118,53,67,155,6,1,0,1,0,0,,97,,,,,,2,02-15-2020,02-15-2020,1,0,0,0,8,9,8,,,0,,,8,8,0,0,,,0,,,0,0,996,,,,,,,,,,,,,,,,,,,,,,,,,,,,,,0,0,0,0,0,0,0,0,0,0,0,0,1,0,0,0,0,0,0,1,0,0,0,1,1,1,0,0,0,1,1,0,0,0,0,,0,0,0,0,0,0,0,0,0,1,0,0,0,0,0,0,,,,,,21-25,16-25,State route,U,Friday,Not Used,PV,Not Fatal,0,0,0,0,State Route,Municipal/City Police,Renton Police Department,0,1,0,0,0,,,,,,0,0,0,,,,,,,,,,,98,98,98,0,,,,,20,,,,,,,,,1,0,,,,,,
2018,132,633253,248,05-13-2018,23:45,13,5,May,0,33,King,1830,1,0,3,1,2,1,0,1,1,,,,30,0,0,No vehicle,0,1,0,1,No intersection,5,2,4,6,0,0,0,0,TALBOT RD S,,-122.2128889,47.42961667,98055,0,1,6,Drive off road,6,1,98,3,0,0,1,2,30,1,1,2,1,1,Going Straight,1,2,53,,0,12,880,2017,0,,12,,,,,,1,1,26,1,0,,3,0,3,0,11,5,,,,,6,0,0,3,1,0,,,,96,,,,,,98,,,,,,98823,53,73,280,6,1,0,2,0,1,,0,,,,,,0,11-15-2016,11-15-2017,8,0,0,0,8,9,8,,,0,,,8,8,0,0,,,0,,,0,0,996,,,,,,,,,,,,,,,,,,,,,,,,,,,,,,0,0,0,1,0,0,1,1,0,0,0,0,0,0,0,0,0,0,0,0,0,0,0,0,0,0,0,0,0,1,1,0,0,0,0,,0,0,0,0,0,0,0,0,0,0,0,0,0,0,0,0,,,,,,26-30,26-35,State route,R,Friday,,MHTRUCK,Not Fatal,1,0,0,0,State Route,State Patrol,Washington State Patrol,0,1,0,0,0,,,,,,0,0,0,,,,,,,,,,,98,98,98,0,,,,,20,,,,,,,,,1,0,,,,,,
2021,133,635549,1,05-09-2021,16:10,9,5,May,,21,Franklin,1660,1,,1,1,1,2,0,3,2,,,,12,0,6,Angle,31.9,2,0,2,4 Way,2,2,1,2,0,0,0,0,US-395,FOSTER WELLS RD,-119.0938028,46.28516667,99301,0,2,86,Others,66,4,60,66,1,0,1,2,12,1,1,3,2,1,Going Straight,1,3,41,,0,20,471,2000,0,,12,,,,,,1,1,57,1,7,,4,7,3,0,11,0,03/26/2021,04:42,53015310,15310,0,0,1,3,1,0,,,,96,,,,,,98,,,,,,99326,53,69,180,6,1,0,0,1,1,,0,,,,,,0,12-15-2016,12-15-2016,20,0,0,0,1,9,8,,,0,,,8,8,2,996,996,,1,1,,2,1,0,,,,,,,,,,,,,,,,,,,,,,,,,,,,,,0,0,0,1,0,0,1,1,0,0,0,0,0,0,0,0,0,0,0,0,0,0,0,0,0,0,0,0,0,1,1,0,0,0,0,,1,0,0,0,0,0,1,1,0,0,0,0,0,0,1,0,,,,,,56-60,56-65,State route,R,Friday,Belt Used,PV,White,1,0,0,0,State Route,State Patrol,Washington State Patrol,0,1,0,0,0,,,,,,0,0,0,,,,,,,,,,,98,98,98,1,,,,,20,,,,,,,,,1,0,,,,,,
2017,133,3123056,180,04-01-2017,10:23,1,4,April,0,15,Cowlitz,1190,10,0,1,1,2,1,0,5,2,10:23,10:27,10:41,12,0,6,Angle,7.4,8,0,1,No intersection,3,2,1,3,0,0,0,0,SR-411,,-122.9275139,46.12052778,98632,0,1,78,Others,10,2,15,34,0,0,1,2,12,2,5,2,1,10,Others,1,1,53,,0,87,881,2005,0,,12,68,12,,,,1,1,30,1,0,,0,0,3,0,11,0,,,,,6,1,0,3,1,26,,,,96,,,,,,98,,,,,,99326,53,68,200,6,1,0,1,0,2,,58,,,,,,0,03-15-2016,05-15-2019,20,0,0,0,8,9,8,,,0,,,8,8,2,996,996,,1,1,,2,1,0,,,,,,,,,,,,,,,,,,,,,,,,,,,,,,0,0,0,1,0,0,1,1,0,0,0,0,0,0,0,0,0,0,0,0,0,0,0,0,0,0,0,0,0,1,1,0,0,0,0,,0,0,0,0,0,0,1,1,0,0,0,0,0,0,1,0,,,,,,26-30,26-35,State route,R,Friday,,MHTRUCK,Not Fatal,1,0,0,0,State Route,State Patrol,Washington State Patrol,0,1,0,0,0,,,,,,0,0,0,,,,,,,,,,,98,98,98,0,,,,,20,,,,,,,,,1,0,,,,,,
2017,133,3123056,180,04-01-2017,10:23,1,4,April,0,15,Cowlitz,1190,10,0,1,1,2,1,0,5,2,10:23,10:27,10:41,12,0,6,Angle,7.4,8,0,1,No intersection,3,2,1,3,0,0,0,0,SR-411,,-122.9275139,46.12052778,98632,0,2,79,Others,60,4,35,67,0,0,1,2,12,8,8,4,1,1,Going Straight,4,1,53,,0,86,884,1978,0,,1,79,18,18,18,19,1,1,45,1,7,,4,7,99,7,11,0,04-05-2021,07:29,53016848,16848,6,1,0,3,1,0,,,,96,,,,,,98,,,,,,98374,53,76,330,6,1,0,1,4,0,,0,,,,,,0,08-15-2016,08-15-2020,99,0,0,1,1,9,8,,,0,,,8,8,2,401,,,1,,,2,1,0,,,,,,,,,,,,,,,,,,,,,,,,,,,,,,0,0,0,1,0,0,1,1,0,0,0,0,0,0,0,0,0,0,0,0,0,0,0,0,0,0,0,0,0,0,1,0,0,0,0,,0,1,0,0,0,0,1,1,0,0,0,0,0,0,1,0,,,,,,41-45,36-45,County road,U,Monday,,MHTRUCK,White,0,1,0,0,County Road,County Sheriff,Law Enforcement Support Agency,1,0,1,0,0,,,,,,0,0,0,,,,,,,,,,,0,0,0,1,,,,,20,,,,,,,,,1,0,,,WALLER RD E,0.07,NULL,
2021,133,635548,1,05-09-2021,16:10,9,5,May,,21,Franklin,1660,1,,1,1,1,2,0,3,2,,,,12,0,6,Angle,31.9,2,0,2,4 Way,2,2,1,2,0,0,20,3,US-395,FOSTER WELLS RD,-119.0938028,46.28516667,99301,0,1,87,Others,17,2,55,4,0,0,1,2,12,1,1,2,1,1,Going Straight,2,2,53,,0,87,881,2021,0,,8,,,,,,1,1,30,1,0,,0,0,3,0,11,0,,,,,6,1,3,3,1,31,,,,96,,,,,,98,,,,,,98012,53,70,225,6,1,0,0,0,0,,0,,,,,,0,,,20,0,0,0,8,9,8,,,0,,,8,8,0,0,,,0,,,0,0,996,,,,,,,,,,,,,,,,,,,,,,,,,,,,,,0,0,0,0,0,0,0,0,0,0,0,0,0,0,0,0,0,0,0,0,0,0,0,0,0,0,0,0,0,0,1,1,0,0,0,,0,0,0,0,0,0,0,0,0,0,0,0,0,0,0,0,,,,,,26-30,26-35,City street,U,Monday,,MHTRUCK,Not Fatal,0,0,0,0,City Street,Municipal/City Police,Renton Police Department,0,0,0,1,0,,,,,,0,0,0,,,,,,,,,,,98,98,98,0,,,,,20,,,,,,,,,1,0,,,,,,
2020,133,634758,290,05-09-2020,12:53,9,5,May,,53,Pierce,2230,1,,1,1,2,1,0,5,4,12:52,12:55,,12,0,7,"Sideswipe,Same",0,1,0,1,No intersection,5,2,4,6,0,0,0,0,MCKINLEY AVE,,-122.4209917,47.18280278,98404,0,4,98,Others,62,4,30,2,0,0,1,2,12,1,1,2,1,1,Going Straight,2,1,53,,0,7,482,2003,0,,12,,,,,,1,1,36,1,0,,0,0,3,0,11,0,,,,,0,0,0,3,1,0,,,,96,,,,,,98,,,,,,98814,53,72,185,6,1,0,0,1,0,,0,,,,,,0,08-15-2019,08-15-2019,20,0,0,0,8,9,8,,,0,,,8,8,2,1,,,1,,,2,1,0,,,,,,,,,,,,,,,,,,,,,,,,,,,,,,0,0,0,0,0,0,0,0,0,0,0,0,0,0,0,0,0,0,1,0,0,0,0,0,0,0,0,0,0,1,0,0,0,0,0,,0,0,0,0,0,0,0,0,0,0,0,0,0,0,0,0,,,,,,36-40,36-45,US highway,R,Thursday,Belt Used,PV,Not Fatal,0,0,0,0,State Route,State Patrol,Washington State Patrol,0,1,0,0,0,,,,,,0,0,0,,,,,,,,,,,98,98,98,0,,,,,20,,,,,,,,,1,0,,,,,,
2020,133,634757,290,05-09-2020,12:53,9,5,May,,53,Pierce,2230,1,,1,1,2,1,0,5,4,12:52,12:55,,12,0,7,"Sideswipe,Same",0,1,0,1,No intersection,5,2,4,6,0,0,0,0,MCKINLEY AVE,,-122.4209917,47.18280278,98404,0,3,98,Others,62,4,30,34,0,0,1,2,12,1,1,2,1,1,Going Straight,1,2,53,,0,37,733,2013,0,,12,1,,,,,1,1,30,1,1,,4,7,20,7,11,0,04-01-2021,13:35,53015983,15983,0,0,0,1,1,38,,,,96,,,,,,98,,,,,,98843,53,66,170,6,1,0,0,0,1,,0,,,,,,0,11-15-2020,11-15-2020,20,1,9,0,0,9,8,,,0,,,8,8,8,95,,,96,,,2,98,997,,,,,,,,,,,,,,,,,,,,,,,,,,,,,,0,0,0,0,0,0,0,0,0,0,0,0,0,0,0,0,0,0,1,0,0,0,0,0,0,0,0,0,0,1,0,0,0,0,0,,0,0,0,0,0,0,0,0,0,0,1,0,0,0,0,0,,,,,,26-30,26-35,US highway,R,Thursday,,OTHVT,Hispanic,0,0,0,0,State Route,State Patrol,Washington State Patrol,0,1,0,0,0,,,,,,0,0,0,,,,,,,,,,,0,0,0,98,,,,,17,,,,,,,,,1,0,,,,,,
2020,133,634756,290,05-09-2020,12:53,9,5,May,,53,Pierce,2230,1,,1,1,2,1,0,5,4,12:52,12:55,,12,0,7,"Sideswipe,Same",0,1,0,1,No intersection,5,2,4,6,0,0,0,0,MCKINLEY AVE,,-122.4209917,47.18280278,98404,0,2,48,Others,53,3,30,4,0,0,1,2,12,1,1,2,1,1,Going Straight,1,1,53,,0,12,422,2017,0,,9,,,,,,1,1,35,8,0,,0,0,3,0,11,0,,,,,0,0,0,3,1,0,,,,96,,,,,,98,,,,,,99353,53,70,200,6,1,0,0,0,0,,0,,,,,,0,,,20,0,0,0,8,9,8,,,0,,,8,8,0,0,,,0,,,0,0,996,,,,,,,,,,,,,,,,,,,,,,,,,,,,,,0,0,0,1,0,0,0,0,0,0,0,0,0,0,0,0,0,0,0,0,0,0,0,0,0,0,0,0,0,1,0,0,1,0,0,,0,0,0,0,0,0,0,0,0,0,0,0,0,0,0,0,,,,,,31-35,26-35,City street,U,Sunday,Belt Used,PV,Not Fatal,1,0,0,0,City Street,Municipal/City Police,Richland Police Department,0,0,0,1,0,,,,,,0,0,0,,,,,,,,,,,98,98,98,0,,,,,20,,,,,,,,,1,0,,,,,,
2020,133,634755,290,05-09-2020,12:53,9,5,May,,53,Pierce,2230,1,,1,1,2,1,0,5,4,12:52,12:55,,12,0,7,"Sideswipe,Same",0,1,0,1,No intersection,5,2,4,6,0,0,0,0,MCKINLEY AVE,,-122.4209917,47.18280278,98404,0,1,48,Others,51,3,30,80,0,0,1,2,12,1,1,2,1,6,Others,1,1,53,,0,12,481,2001,0,,64,69,63,1,,,1,1,54,1,7,,4,7,3,0,11,0,03/31/2021,12:20,53016454,16454,0,0,3,3,1,58,,,,96,,,,,,98,,,,,,99336,53,58,165,6,1,0,4,1,4,,0,,,,,,0,06-15-2016,10-15-2020,8,0,0,0,0,9,8,,,0,,,8,8,0,0,,,0,,,0,0,996,,,,,,,,,,,,,,,,,,,,,,,,,,,,,,0,0,0,0,0,0,0,0,0,0,0,0,0,0,0,0,0,0,0,0,0,0,0,0,0,0,0,0,0,1,0,0,0,0,0,,1,0,0,0,0,0,0,0,0,0,0,0,0,0,0,0,,,,,,51-55,46-55,US highway,R,Wednesday,Belt Used,PV,White,0,1,0,0,State Route,State Patrol,Washington State Patrol,1,1,0,0,0,,,,,,0,0,4,,,,,,,,,,,98,98,98,1,,,,,20,,,,,,,,,1,0,,,,,,
2019,133,634039,146,05-07-2019,03:55,7,5,May,,77,Yakima,0,1,0,2,1,2,4,0,7,2,,,,12,0,6,Angle,60.4,2,0,2,4 Way,3,1,1,2,0,3,0,0,US-97,LARUE RD,-120.3201833,46.36051111,98948,0,2,86,Others,66,4,55,66,1,0,1,7,1,1,1,2,1,1,Going Straight,1,3,53,,0,73,705,2008,0,,12,,,,,,1,1,47,1,7,,4,7,20,7,11,0,04-02-2021,13:00,53017129,17129,0,0,0,2,1,0,,,,96,,,,,,98,,,,,,99998,41,67,175,1,1,0,4,0,3,,0,,,,,,0,03-15-2017,06-15-2021,20,8,0,0,0,9,8,,,0,,,8,8,2,401,417,,1,1,,2,1,0,,,,,,,,,,,,,,,,,,,,,,,,,,,,,,0,0,0,1,0,0,1,1,0,0,0,0,0,1,1,0,0,0,0,0,0,1,1,0,1,0,0,0,1,1,0,0,0,0,1,0,0,0,0,0,0,0,1,1,0,0,0,1,0,0,1,0,,,,,,46-50,46-55,County road,U,Friday,,MC,White,0,0,0,0,County Road,County Sheriff,Clark County Sheriff's Office,0,0,1,0,0,,,,,,0,0,8,,,,,,,,,,,0,0,0,1,,,,,5,,,,,,,,,1,0,,,NE 25TH AVE,0.15,NE 81ST ST,0
2019,133,634038,146,05-07-2019,03:55,7,5,May,,77,Yakima,0,1,0,2,1,2,4,0,7,2,,,,12,0,6,Angle,60.4,2,0,2,4 Way,3,1,1,2,0,3,20,3,US-97,LARUE RD,-120.3201833,46.36051111,98948,0,1,87,Others,17,2,50,15,0,0,1,7,12,1,1,2,1,1,Going Straight,6,2,53,,0,35,47,2010,0,,12,,,,,,1,1,18,2,0,,0,0,3,0,11,0,,,,,0,0,1,3,1,48,,,,96,,,,,,98,,,,,,98604,53,66,145,6,2,0,0,0,1,,97,,,,,,0,09-15-2019,09-15-2019,20,0,0,0,8,9,8,,,0,,,8,8,0,0,,,0,,,2,98,997,,,,,,,,,,,,,,,,,,,,,,,,,,,,,,0,0,0,1,0,0,1,1,0,0,0,0,0,1,1,0,0,0,0,0,0,1,1,0,1,0,0,0,1,1,0,0,0,0,0,,0,0,0,0,0,0,0,0,0,0,0,0,0,0,0,0,,,,,,18-20,16-25,County road,U,Friday,Belt Used,PV,Not Fatal,0,0,0,0,County Road,County Sheriff,Clark County Sheriff's Office,0,0,1,0,0,,,,,,0,0,0,,,,,,,,,,,98,98,98,0,,,,,20,,,,,,,,,1,0,,,NE 25TH AVE,0.15,NE 81ST ST,0
2018,133,633256,28,05-13-2018,16:00,13,5,May,0,39,Klickitat,0,1,0,1,1,2,1,0,1,1,16:07,16:29,17:09,1,0,0,No vehicle,16.4,1,0,1,No intersection,5,1,2,4,0,3,0,0,CR-BICKLETON HWY,,-120.5278,45.83830278,,0,1,1,Driver Off Road,13,2,50,80,0,0,1,7,1,3,2,2,1,14,Making a U turn,1,1,53,,0,20,481,2009,0,,12,,,,,,1,1,16,1,0,,2,0,3,0,11,0,,,,,0,0,1,3,1,0,,,,96,,,,,,98,,,,,,98382,53,68,140,6,2,0,0,0,0,,0,,,,,,0,,,1,0,0,0,8,9,8,,,0,,,8,8,0,0,,,0,,,0,0,996,,,,,,,,,,,,,,,,,,,,,,,,,,,,,,0,0,0,0,0,0,1,1,1,0,0,0,1,0,0,0,0,0,0,0,1,0,1,0,1,0,0,0,0,1,0,0,0,0,0,,0,0,0,0,0,0,0,0,0,0,0,0,0,0,0,0,,,,,,16-17,16-25,State route,R,Wednesday,Belt Used,PV,Not Fatal,0,1,1,0,State Route,State Patrol,Washington State Patrol,0,1,0,0,0,,,,,,0,0,0,,,,,,,,,,,98,98,98,0,,,,,20,,,,,,,,,1,0,,,,,,
2021,134,635551,278,05-15-2021,13:55,15,5,May,,63,Spokane,2110,1,,1,1,2,1,0,3,2,,,,12,0,6,Angle,0,2,0,2,4 Way,4,2,4,6,0,0,0,0,W INDIAN TRAIL RD,W Beacon Ave,-117.4635861,47.719575,99208,0,2,68,Initial Opposite Direction(Left/Right),60,4,98,14,0,0,1,5,12,1,1,4,1,11,Turning Red: Permitted on red,2,1,53,,0,63,402,2008,0,,68,12,,,,,1,1,44,2,7,,4,0,3,0,11,0,03/31/2021,13:29,53016673,16673,0,0,0,3,1,33,58,,,96,,,,,,98,,,,,,98277,53,66,125,6,1,0,0,0,0,,0,,,,,,3,,,1,0,0,0,0,9,8,,,0,,,8,8,2,316,996,996,1,1,1,2,1,0,,,,,,,,,,,,,,,,,,,,,,,,,,,,,,0,0,0,0,0,0,1,1,1,0,0,0,1,0,0,0,0,0,0,0,1,0,1,0,1,0,0,0,0,1,0,0,0,0,0,,1,0,0,0,0,0,1,1,0,1,0,0,0,0,1,0,,,,,,41-45,36-45,State route,R,Wednesday,Belt Used,PV,White,0,1,1,0,State Route,State Patrol,Washington State Patrol,0,1,0,0,0,thc,36,,,,0,0,0,1,1,1,,,695,605,996,996,,98,98,98,1,,,,,20,,,,,,,,nms,1,0,,,,,,
2021,134,635550,278,05-15-2021,13:55,15,5,May,,63,Spokane,2110,1,,1,1,2,1,0,3,2,,,,12,0,6,Angle,0,2,0,2,4 Way,4,2,4,6,0,0,0,0,W INDIAN TRAIL RD,W Beacon Ave,-117.4635861,47.719575,99208,0,1,69,Initial Opposite Direction(Going Straight),17,2,98,80,0,0,1,5,12,1,1,4,1,1,Going Straight,1,1,53,,0,12,401,2003,0,,12,,,,,,1,1,41,1,0,,3,0,3,0,11,0,,,,,0,0,0,0,1,0,,,,96,,,,,,98,,,,,,98204,53,67,150,0,0,0,1,0,0,,0,,,,,,0,08-15-2019,08-15-2019,8,0,0,0,8,9,8,,,0,,,8,8,8,95,,,96,,,8,95,995,,,,,,,,,,,,,,,,,,,,,,,,,,,,,,0,0,0,0,0,0,1,1,1,0,0,0,0,1,0,0,0,0,0,0,0,0,0,1,1,0,0,0,0,1,0,0,0,0,0,,0,0,0,0,0,0,0,0,0,0,0,1,0,0,0,0,,,,,,41-45,36-45,State route,U,Thursday,Belt Used,PV,Not Fatal,0,1,1,0,State Route,Municipal/City Police,Mill Creek Police Department,0,1,0,0,0,,,,,,0,0,0,,,,,,,,,,,98,98,98,0,,,,,20,,,,,,,,,1,0,,,,,,
2020,134,634760,297,05-11-2020,14:19,11,5,May,,33,King,2310,10,,1,1,2,1,0,2,2,14:20,14:28,,1,0,0,No vehicle,0,1,0,1,No intersection,7,2,4,6,0,0,0,0,CHRISTENSEN RD,,-122.2492111,47.46219444,98188,0,2,98,Others,62,4,35,4,0,0,1,2,12,3,5,5,1,14,Making a U turn,1,1,53,,0,48,44,2005,0,,68,12,,,,,1,1,22,1,7,,4,7,3,0,11,0,04-01-2021,16:35,1.34E+11,16381,0,0,0,3,1,28,,,,96,,,,,,98,,,,,,98208,53,69,138,6,1,0,0,0,0,,0,,,,,,0,,,1,0,0,0,0,9,8,,,0,,,8,8,2,996,695,605,1,1,1,2,1,0,,,,,,,,,,,,,,,,,,,,,,,,,,,,,,0,0,0,0,0,0,1,1,1,0,0,0,0,1,0,0,0,0,0,0,0,0,0,1,1,0,0,0,0,1,0,0,0,0,0,,1,0,0,0,0,0,1,1,0,0,0,0,0,0,1,0,,,,,,21-25,16-25,State route,U,Thursday,Belt Used,PV,White,0,1,1,0,State Route,Municipal/City Police,Mill Creek Police Department,0,1,0,0,0,thc,17,carboxy-thc,44,,0,0,0,,,,,,,,,,,98,98,98,1,,,,,20,,,,,,,,nms,1,0,,,,,,