year,something,Cases,repjur,crash_dt,crash_tm,accday,Month,Month,holiday,county,co_char,city,weather,weather2,lightcond,surfcond,surftype,Number of Fatalities,nmforms,pforms,vforms,not_tm,arr_tm,hosp_tm,fhevent,hitrun,Manner of Collision,Manner of Collision,milepnt,reljunc,reljuncinter,intersectiontype,Intersection Type,funcsystem,landuse,ownership,route,schlbus,spejur,contdev,devfunc,trafid1,trafid2,x,y,zipcode,wk_zone,vnumber,crashtype,Crash Type,criticalevent,criticaleventcat,spdlim,body,trailer,emerg,hazcargo,leave,mhevent,roadalgn,roadprof,traflane,trafflow,Vehicle Manure,Vehicle Manure,numoccs,regowner,regstate,,spuse,make,model,modelyr,vrf1,vrf2,seqevent1,seqevent2,seqevent3,seqevent4,seqevent5,seqevent6,pnumber,ptype,age,sex,hispanic,race,injury,diedscene,restraint,restraintmisuse,seatpos,takehosp,death_dt,death_tm,cert,cernum_wa,commlic,licendor,licrestrict,liccomp,drivpres,drf1,drf2,drf3,drf4,distract1,distract2,distract3,distract4,distract5,distract6,dricond1,dricond2,dricond3,dricond4,dricond5,dricond6,dzip,licstate,drhgt_in,weight,noncdl,noncdltype,prevdwi,prevoth,prevacc,prevspd,prevsus,driviol1,driviol2,driviol3,driviol4,driviol5,driviol6,spdrel,first_dt,last_dt,airbag,ejection,ejectpath,extricat,injurwrk,methalc,methdrug,nmlocat,strikveh,prf1,prf2,prf3,druginv,alcinvol,drugsts,drugres1,drugres2,drugres3,drugtst1,drugtst2,drugtst3,alcsts,alctst,alcres,nmact1,nmact2,nmact3,nmact4,nmact5,nmact6,nmprior1,nmprior2,nmprior3,nmprior4,nmprior5,nmprior6,nmcond1,nmcond2,nmcond3,nmcond4,nmcond5,nmcond6,nmsafe_helmet,nmsafe_pads,nmsafe_oth,nmprev_ref,nmprev_lgt,nmprev_oth,crashlocation,nmcrashtype,crosswalk,schoolzone,sidewalk,train_inv,wildlife_inv,rotr_fars,intersect_fars,Drink and Drive,aid_inv,Drug Positive Drivers,Impaired Drivers,Marijuana Positive,impnm_inv,ainm_inv,dpnm_inv,speed_inv,unlic_inv,unendmc_inv,drowsy_inv,drdist_inv,nmdist_inv,fty_inv,unrestfat_inv,dr1617_inv,dr1820_inv,dr1620_inv,dr2125_inv,dr1625_inv,dr65_inv,dr70_inv,dr75_inv,mc_inv,pv_inv,ht_inv,ped_inv,bike_inv,unrest_fat,mc_fat,unhelmet_mc,pv_fat,ht_fat,ped_fat,bike_fat,dr_alc7,dr_alc8,dr_drug,dr_imp,dr_dist,dr_spd,dr_fty,dr_unlic,dr_alc7only,dr_alc8only,dr_drugonly,dr_drink,nm_imp,nm_alc7,nm_alc8,nm_drug,nm_dist,agegrp1,agegrp2,roadclass,urbrur,dayweek,restuse,vehtype,race_me,intersect,lanedep,oppdir,wrongway,rep_typ,investag,repag_long,rotr,st_rd,cty_rd,city_rd,oth_rd,drug_thc,thc_res,drug_cthc,cthc_res,drug_cann,prevpersemin,prevperse,prevsusoth,drugtst4,drugtst5,drugtst6,drugtst7,drugtst8,drugres4,drugres5,drugres6,drugres7,drugres8,adspresent,adsengaged,adslevel,race1,race2,race3,race4,race5,helmet,helmetmisuse,nmdistract1,nmdistract2,nmdistract3,nmdistract4,nmdistract5,nmdistract6,lab,isedtcase,crf1,crf2,crf3,CoRoadName,CoMP,IntCoRoadName,IntCoMP
2020,134,634759,297,05-11-2020,14:19,11,5,May,,33,King,2310,10,,1,1,2,1,0,2,2,14:20,14:28,,1,0,0,No vehicle,0,1,0,1,No intersection,7,2,4,6,0,0,0,0,CHRISTENSEN RD,,-122.2492111,47.46219444,98188,0,1,98,Others,8,1,35,80,0,0,1,2,12,2,6,5,1,14,Making a U turn,1,1,53,,0,82,881,2018,0,,8,,,,,,1,1,64,1,0,,0,0,3,0,11,0,,,,,6,1,3,3,1,0,,,,96,,,,,,98,,,,,,98335,53,71,190,6,1,0,0,0,0,,0,,,,,,0,,,20,0,0,0,8,9,8,,,0,,,8,8,8,95,,,96,,,8,95,995,,,,,,,,,,,,,,,,,,,,,,,,,,,,,,0,0,0,0,0,0,0,0,0,0,0,0,0,0,0,0,0,0,0,0,0,0,0,0,0,0,0,0,0,0,1,1,0,0,0,,0,0,0,0,0,0,0,0,0,0,0,0,0,0,0,0,,,,,,61-65,56-65,State route,U,Friday,,MHTRUCK,Not Fatal,0,0,0,0,State Route,State Patrol,Washington State Patrol,0,1,0,0,0,,,,,,0,0,0,,,,,,,,,,,98,98,98,0,,,,,20,,,,,,,,,1,0,,,,,,
2018,134,633264,2,05-13-2018,12:44,13,5,May,0,73,Whatcom,0,1,0,1,1,1,1,0,1,1,12:49,13:34,13:52,42,0,0,No vehicle,126,1,0,1,No intersection,4,1,1,3,0,0,0,0,SR-20,,-121.1502472,48.71197778,,0,1,1,Driver Off Road,13,2,55,80,0,0,1,7,42,3,2,2,1,14,Making a U turn,1,2,53,,0,37,32,2002,0,,68,64,30,,,,1,1,17,1,0,,3,0,3,0,11,5,,,,,0,0,3,3,1,33,,,,96,,,,,,98,,,,,,98338,53,63,170,6,2,0,0,0,0,,97,,,,,,3,,,1,0,0,0,8,9,8,,,0,,,8,8,8,95,,,96,,,8,95,995,,,,,,,,,,,,,,,,,,,,,,,,,,,,,,0,0,0,1,0,0,0,0,0,0,0,0,1,0,0,0,0,0,0,0,1,0,1,0,1,0,0,0,0,1,0,0,0,0,0,,0,0,0,0,0,0,0,0,0,1,0,0,0,0,0,0,,,,,,16-17,16-25,County road,U,Wednesday,Belt Used,PV,Not Fatal,1,0,0,0,County Road,County Sheriff,Law Enforcement Support Agency,0,0,1,0,0,,,,,,0,0,0,,,,,,,,,,,98,98,98,0,,,,,20,,,,,,,,,1,0,,,PIONEER WAY E,0.45,STEWART AVE E,0
2017,134,632517,42,05-02-2017,06:04,2,5,May,0,67,Thurston,0,2,0,4,2,2,1,0,2,2,,,,12,0,6,Angle,12.9,1,0,1,No intersection,5,1,2,4,0,0,0,0,CR-OLD HIGHWAY 99,,-122.8443306,46.87245556,98589,0,2,65,Others,54,3,50,4,0,0,1,2,12,1,2,2,1,1,Going Straight,1,1,53,,0,20,444,2006,0,,12,,,,,,1,1,70,2,7,,4,0,3,0,11,5,04-11-2021,17:13,2.23E+11,17341,0,0,0,3,1,0,,,,96,,,,,,98,,,,,,98338,53,63,143,6,1,0,0,0,0,,0,,,,,,0,,,8,0,0,0,0,9,8,,,0,,,8,8,8,95,,,96,,,8,95,995,,,,,,,,,,,,,,,,,,,,,,,,,,,,,,0,0,0,1,0,0,0,0,0,0,0,0,0,0,0,0,0,0,1,0,0,0,0,0,0,1,1,0,0,1,0,0,0,0,0,,1,0,0,0,0,0,0,0,0,0,0,0,0,0,0,0,,,,,,66-70,66-75,State route,U,Wednesday,Belt Used,PV,White,0,0,0,0,State Route,State Patrol,Washington State Patrol,0,1,0,0,0,,,,,,0,0,0,,,,,,,,,,,98,98,98,1,,,,,20,,,,,,,,,1,0,,,,,,
2017,134,632516,42,05-02-2017,06:04,2,5,May,0,67,Thurston,0,2,0,4,2,2,1,0,2,2,,,,12,0,6,Angle,12.9,1,0,1,No intersection,5,1,2,4,0,0,0,0,CR-OLD HIGHWAY 99,,-122.8443306,46.87245556,98589,0,1,64,Others,10,2,50,71,0,0,1,2,12,1,2,2,1,1,Going Straight,1,3,53,,0,49,472,2006,0,,68,12,,,,,1,1,47,2,0,,2,0,3,0,11,5,,,,,0,0,0,3,1,38,,,,96,,,,,,98,,,,,,98338,53,64,115,6,1,0,0,0,1,,49,,,,,,0,04-15-2016,09-15-2018,1,0,0,0,8,9,8,,,0,,,8,8,8,95,,,96,,,8,95,995,,,,,,,,,,,,,,,,,,,,,,,,,,,,,,0,0,0,1,0,0,0,0,0,0,0,0,0,0,0,0,0,0,1,0,0,0,0,0,0,1,1,0,0,1,0,0,0,0,0,,0,0,0,0,0,0,0,0,0,0,1,0,0,0,0,0,,,,,,46-50,46-55,State route,U,Wednesday,Belt Used,PV,Not Fatal,0,0,0,0,State Route,State Patrol,Washington State Patrol,0,1,0,0,0,,,,,,0,0,1,,,,,,,,,,,98,98,98,0,,,,,20,,,,,,,,,1,0,,,,,,
2019,134,633928,122,03-11-2019,21:24,11,3,March,,61,Snohomish,690,2,0,3,2,2,1,1,1,1,,,,8,1,0,No vehicle,45.9,3,0,2,4 Way,3,2,1,3,0,0,3,3,SR-99,AIRPORT RD,-122.2584306,47.88940833,98204,0,1,13,Pedestrian/Animal,80,5,50,19,0,0,1,5,8,1,1,5,1,99,Others,99,9,99,,0,2,404,1997,0,,12,1,,,,,1,1,19,2,7,,4,7,3,0,11,0,03/24/2021,02:58,53014370,14370,0,0,0,2,1,0,,,,96,,,,,,98,,,,,,98948,53,62,114,3,7,0,0,1,0,,0,,,,,,0,02-15-2020,02-15-2020,1,2,9,0,0,9,8,,,0,,,8,8,2,1,,,1,,,2,1,0,,,,,,,,,,,,,,,,,,,,,,,,,,,,,,0,0,0,0,1,1,0,1,0,0,0,0,0,1,0,0,1,0,0,1,0,1,1,0,1,0,0,0,0,1,0,0,0,0,0,,1,0,0,0,0,0,0,0,0,0,0,1,0,0,0,0,,,,,,18-20,16-25,State route,R,Wednesday,Belt Used,PV,AIAN,0,1,1,0,State Route,State Patrol,Washington State Patrol,0,1,0,0,0,,,,,,0,0,0,,,,,,,,,,,0,0,0,3,,,,,20,,,,,,,,,1,0,,,,,,
2019,135,634046,7,02-12-2019,14:49,12,2,Feb,,33,King,1960,2,0,1,2,2,1,0,2,2,,,,12,0,1,Front-to-Rear,160.2,1,0,1,No intersection,1,2,1,1,0,0,0,0,I-5,,-122.2984083,47.53655278,98108,0,2,20,Others,50,3,60,6,0,0,1,7,12,1,1,5,3,1,Going Straight,1,2,41,,0,6,441,2002,0,,68,12,,,,,1,1,29,1,7,,4,7,3,0,11,0,03/24/2021,02:58,53014304,14304,0,0,3,2,1,28,,,,92,,,,,,98,,,,,,98952,53,71,220,1,1,0,0,0,0,,0,,,,,,0,,,1,0,0,0,0,9,8,,,0,,,8,8,2,1,,,1,,,2,1,0.341,,,,,,,,,,,,,,,,,,,,,,,,,,,,,,0,0,0,0,1,1,0,1,0,0,0,0,0,1,0,0,1,0,0,1,0,1,1,0,1,0,0,0,0,1,0,0,0,0,0,,1,0,0,0,0,1,0,1,1,0,0,1,0,1,0,1,,,,,,26-30,26-35,State route,R,Wednesday,Belt Used,PV,AIAN,0,1,1,0,State Route,State Patrol,Washington State Patrol,0,1,0,0,0,,,,,,0,0,0,,,,,,,,,,,98,98,98,3,,,,,20,,,,,,,,,1,0,,,,,,
2021,135,635554,35,05-12-2021,15:48,12,5,May,,53,Pierce,0,1,,1,1,2,1,0,3,2,,,,12,0,2,Front-to-Front,1.7,2,0,3,T Intersection,5,2,2,4,0,0,0,0,CR-S TAPPS DR E,175TH AVE CT E,-122.1957389,47.209975,98391,0,2,51,Lateral Move(Going Straight),62,4,35,80,0,0,1,5,12,2,1,2,1,14,Making a U turn,2,1,53,,0,35,402,2005,0,,64,39,1,,,,1,1,22,1,7,,4,7,20,7,11,0,03/23/2021,23:59,1.82E+11,14836,0,0,0,3,1,0,,,,96,,,,,,98,,,,,,98052,53,68,190,6,1,0,0,1,0,,0,,,,,,4,12-15-2017,12-15-2017,8,2,9,0,0,9,8,,,0,,,8,8,2,996,695,605,1,1,1,2,1,0,,,,,,,,,,,,,,,,,,,,,,,,,,,,,,0,0,1,1,0,0,1,1,1,0,0,0,1,0,0,0,0,0,0,1,0,0,0,1,1,0,0,0,0,1,0,0,0,1,0,,1,0,0,0,0,0,1,1,0,1,0,0,0,0,1,0,,,,,,21-25,16-25,State route,U,Tuesday,Not Used,PV,Multiracial,0,1,0,0,State Route,Municipal/City Police,Redmond Police Department,1,1,0,0,0,thc,50,carboxy-thc,330,,0,0,0,1,1,1,,,124,996,996,996,334,98,98,98,268,201,228,,,20,,,,,,,,nms,1,0,,,,,,
2021,135,635553,35,05-12-2021,15:48,12,5,May,,53,Pierce,0,1,,1,1,2,1,0,3,2,,,,12,0,2,Front-to-Front,1.7,2,0,3,T Intersection,5,2,2,4,0,0,0,0,CR-S TAPPS DR E,175TH AVE CT E,-122.1957389,47.209975,98391,0,1,50,Lateral Move(Left/Right),10,2,35,4,0,0,1,2,12,3,1,2,1,14,Making a U turn,1,1,53,,0,12,23,2013,0,,8,,,,,,1,1,53,1,0,,0,0,3,0,11,0,,,,,0,0,0,3,1,38,,,,96,,,,,,98,,,,,,99223,53,70,190,6,1,0,0,0,0,,97,,,,,,0,,,20,0,0,0,8,9,8,,,0,,,8,8,9,999,,,99,,,9,99,999,,,,,,,,,,,,,,,,,,,,,,,,,,,,,,0,0,0,1,0,0,0,0,0,1,0,1,0,0,0,0,0,0,1,0,0,0,0,0,0,0,0,0,0,1,0,1,0,0,0,,0,0,0,0,0,0,0,0,0,0,1,0,0,0,0,0,,,,,,51-55,46-55,City street,U,Tuesday,Belt Used,PV,Not Fatal,1,0,0,0,City Street,Municipal/City Police,Spokane Police Department,0,0,0,1,0,,,,,,0,0,0,,,,,,,,,,,98,98,98,0,,,,,20,,,,,,,,,1,0,,,,,,
2020,135,634761,3,05-09-2020,14:51,9,5,May,,53,Pierce,800,1,,1,1,2,1,0,2,1,14:50,14:59,15:40,1,0,0,No vehicle,12.7,1,0,1,No intersection,3,2,1,3,0,0,0,0,SR-16,,-122.6144556,47.35795833,98335,0,1,98,Others,9,1,60,80,0,0,1,2,1,1,1,2,3,15,Others,2,1,53,,0,38,882,2020,0,,12,,,,,,1,1,69,1,0,,2,0,3,0,11,5,,,,,0,0,3,3,1,0,,,,96,,,,,,98,,,,,,98284,53,72,220,6,1,0,0,2,2,,0,,,,,,0,05-15-2017,02-15-2020,20,0,0,0,8,9,8,,,0,,,8,8,2,1,,,1,,,2,1,0,,,,,,,,,,,,,,,,,,,,,,,,,,,,,,0,0,0,0,0,0,1,1,1,0,0,0,0,0,0,0,1,0,0,0,0,0,0,1,1,1,0,0,0,1,1,0,0,0,0,,0,0,0,0,0,0,0,0,0,0,0,0,0,0,0,0,,,,,,66-70,66-75,County road,R,Tuesday,,MHTRUCK,Not Fatal,0,1,1,0,County Road,State Patrol,Washington State Patrol,0,0,1,0,0,,,,,,0,0,0,,,,,,,,,,,98,98,98,0,,,,,20,,,,,,,,,1,0,,,HIGGINS AIRPORT WAY,0.28,NULL,
2019,135,634045,7,02-12-2019,14:49,12,2,Feb,,33,King,1960,2,0,1,2,2,1,0,2,2,,,,12,0,1,Front-to-Rear,160.2,1,0,1,No intersection,1,2,1,1,0,0,0,0,I-5,,-122.2984083,47.53655278,98108,0,1,21,Others,2,1,60,4,0,0,1,2,12,1,1,5,3,7,Others,1,2,53,,0,38,402,1997,0,,68,12,,,,,1,1,25,1,7,,4,7,3,0,11,0,03/16/2021,12:53,53013205,13205,0,0,0,3,1,28,,,,92,,,,,,98,,,,,,98225,53,75,170,6,1,0,1,0,0,,0,,,,,,0,08-15-2017,08-15-2017,1,0,0,0,0,9,8,,,0,,,8,8,2,695,605,,1,1,,2,1,0,,,,,,,,,,,,,,,,,,,,,,,,,,,,,,0,0,0,0,0,0,1,1,1,0,0,0,0,0,0,0,1,0,0,0,0,0,0,1,1,1,0,0,0,1,1,0,0,0,0,,1,0,0,0,0,0,1,1,1,0,0,0,0,0,1,0,,,,,,21-25,16-25,County road,R,Tuesday,Belt Used,PV,White,0,1,1,0,County Road,State Patrol,Washington State Patrol,0,0,1,0,0,thc,13,carboxy-thc,58,,0,0,0,,,,,,,,,,,0,0,0,1,,,,,20,,,,,,,,nms,1,0,,,HIGGINS AIRPORT WAY,0.28,NULL,
2017,135,632521,4,05-05-2017,07:39,5,5,May,0,1,Adams,0,10,0,1,2,2,1,0,2,2,07:37,07:50,,12,0,6,Angle,73.8,1,0,1,No intersection,5,1,1,3,0,0,0,0,SR-24,,-119.1877556,46.73806667,99344,0,2,98,Others,54,3,60,34,0,0,1,2,12,1,2,3,1,1,Going Straight,1,2,53,,0,37,31,1999,0,,63,1,,,,,1,1,45,1,7,,4,0,99,7,11,0,03/18/2021,20:40,2.11E+11,14071,0,0,0,0,1,0,,,,96,,,,,,98,,,,,,98207,53,71,160,0,0,0,0,0,0,,0,,,,,,4,,,20,1,9,0,0,9,8,,,0,,,9,9,2,605,401,417,1,1,1,2,1,0.01,,,,,,,,,,,,,,,,,,,,,,,,,,,,,,0,0,1,0,1,0,1,1,1,0,0,0,1,1,0,0,0,0,0,0,0,0,0,0,0,0,0,0,0,1,0,0,0,0,0,,1,0,0,0,1,0,1,1,0,1,0,1,0,0,0,1,,,,,,41-45,36-45,County road,R,Tuesday,Unknown,PV,White,0,1,0,0,County Road,County Sheriff,Spokane County Sheriff's Office,1,0,1,0,0,thc,1.4,,,,0,0,0,,,,,,,,,,,0,0,0,1,,,,,20,,,,,,,,nms,1,0,,,MONROE RD,8.55,NULL,
2017,135,632520,4,05-05-2017,07:39,5,5,May,0,1,Adams,0,10,0,1,2,2,1,0,2,2,07:37,07:50,,12,0,6,Angle,73.8,1,0,1,No intersection,5,1,1,3,0,0,0,0,SR-24,,-119.1877556,46.73806667,99344,0,1,98,Others,54,3,60,2,0,0,1,2,12,1,2,3,1,12,Others,1,1,53,,0,7,402,1999,0,,8,,,,,,1,1,39,2,0,,0,0,99,7,11,0,,,,,0,0,0,3,1,0,,,,96,,,,,,9,,,,,,98367,53,64,195,6,1,0,0,0,0,,97,,,,,,0,,,20,0,0,0,8,9,8,,,0,,,8,1,8,95,,,96,,,2,10,0.06,,,,,,,,,,,,,,,,,,,,,,,,,,,,,,0,0,0,0,1,0,0,0,0,1,1,0,0,0,0,0,0,0,0,0,0,0,0,0,0,0,0,0,0,1,0,1,0,0,0,,0,0,0,0,1,0,0,0,0,0,0,0,1,0,0,1,,,,,,36-40,36-45,County road,R,Saturday,Unknown,PV,Not Fatal,0,0,0,0,County Road,County Sheriff,Kitsap County Sheriff's Office,0,0,1,0,0,,,,,,0,0,0,,,,,,,,,,,0,0,0,0,,,,,20,,,,,,,,,1,0,,,SIDNEY RD SW,2.803,NULL,
2018,135,633280,2,05-13-2018,16:24,13,5,May,0,73,Whatcom,150,1,0,1,1,1,1,0,2,2,,,,12,0,2,Front-to-Front,0.4,1,0,1,No intersection,3,2,1,3,0,0,0,0,SR-543,,-122.7349722,48.99370833,98230,0,2,51,Lateral Move(Going Straight),62,4,35,66,1,0,1,7,12,1,1,4,5,1,Going Straight,1,2,95,,0,13,401,2005,0,,12,,,,,,1,1,54,2,0,,0,0,3,0,11,0,,,,,0,0,3,3,1,0,,,,96,,,,,,98,,,,,,98023,53,61,200,6,1,0,0,1,0,,0,,,,,,0,11-15-2017,11-15-2017,1,0,0,0,8,9,8,,,0,,,8,8,8,95,,,96,,,8,95,995,,,,,,,,,,,,,,,,,,,,,,,,,,,,,,0,0,0,1,0,0,0,0,0,0,0,0,1,0,1,0,0,0,0,0,0,0,0,0,0,0,0,0,1,1,0,0,0,0,0,,0,0,0,0,0,0,0,0,0,0,0,0,0,0,0,0,,,,,,51-55,46-55,City street,U,Saturday,Belt Used,PV,Not Fatal,1,0,0,0,City Street,Municipal/City Police,University Place Police Department,0,0,0,1,0,,,,,,0,0,0,,,,,,,,,,,98,98,98,0,,,,,20,,,,,,,,,1,0,,,,,,
2018,135,633279,2,05-13-2018,16:24,13,5,May,0,73,Whatcom,150,1,0,1,1,1,1,0,2,2,,,,12,0,2,Front-to-Front,0.4,1,0,1,No intersection,3,2,1,3,0,0,0,0,SR-543,,-122.7349722,48.99370833,98230,0,1,50,Lateral Move(Left/Right),10,2,35,4,0,0,1,2,12,1,1,4,5,1,Going Straight,1,3,95,,0,73,705,2006,0,,12,,,,,,1,1,26,1,7,,4,8,20,7,11,5,03/27/2021,20:11,2.23E+11,15210,6,0,0,2,1,0,,,,96,,,,,,98,,,,,,98466,53,68,180,6,1,0,0,0,1,,0,,,,,,3,02-15-2017,02-15-2017,20,8,0,0,0,9,8,,,0,,,8,8,8,95,,,96,,,8,95,995,,,,,,,,,,,,,,,,,,,,,,,,,,,,,,0,0,0,1,0,0,0,0,0,0,0,0,1,0,1,0,0,0,0,0,0,0,0,0,0,0,0,0,1,1,0,0,0,0,1,0,0,0,0,0,0,0,0,0,0,1,0,0,0,0,0,0,,,,,,26-30,26-35,City street,U,Saturday,,MC,White,1,0,0,0,City Street,Municipal/City Police,University Place Police Department,0,0,0,1,0,,,,,,0,0,0,,,,,,,,,,,0,0,0,1,,,,,98,,,,,,,,,1,0,,,,,,
2017,136,632518,7,04-08-2017,07:23,8,4,April,0,33,King,0,10,0,1,1,1,1,0,1,1,,,,52,0,0,No vehicle,31.6,1,0,1,No intersection,1,2,1,1,0,0,0,0,I-90,,-121.7475111,47.47323333,98045,0,1,6,Drive off road,11,2,70,34,0,0,1,2,1,1,1,3,3,1,Going Straight,1,1,4,,0,12,481,2015,0,,63,42,1,,,,1,1,43,1,7,,4,0,20,7,11,0,03/24/2021,21:48,53014621,14621,6,0,0,3,1,0,,,,96,,,,,,98,,,,,,98338,53,72,270,6,1,0,1,0,1,,0,,,,,,3,11-15-2017,11-15-2018,8,0,0,0,0,9,8,,,0,,,8,8,2,1,,,1,,,2,1,0.17,,,,,,,,,,,,,,,,,,,,,,,,,,,,,,0,0,0,0,1,1,0,1,0,0,0,0,1,0,0,0,0,0,0,1,0,0,0,0,0,0,0,0,0,1,0,0,0,1,0,,1,0,0,0,0,1,0,1,0,1,0,0,0,1,0,1,,,,,,41-45,36-45,County road,R,Wednesday,Not Used,PV,White,0,1,0,0,County Road,County Sheriff,Law Enforcement Support Agency,1,0,1,0,0,,,,,,0,0,1,,,,,,,,,,,98,98,98,1,,,,,20,,,,,,,,,1,0,,,ORVILLE RD E,9.3,NULL,
2019,136,633930,6,03-05-2019,13:08,5,3,March,,37,Kittitas,0,1,0,1,1,2,1,0,7,3,,,,25,0,0,No vehicle,77.5,1,0,1,No intersection,1,1,1,1,0,0,0,0,I-90,,-121.0389917,47.18248611,98941,0,2,98,Others,62,4,60,66,1,0,1,5,12,3,1,2,3,14,Making a U turn,1,3,6,,0,12,481,1999,0,,12,,,,,,1,1,41,1,0,,0,0,3,0,11,0,,,,,0,0,0,3,1,0,,,,96,,,,,,0,,,,,,98252,53,73,245,6,1,0,0,1,0,,0,,,,,,0,12-15-2017,12-15-2017,20,0,0,0,8,9,8,,,0,,,8,8,0,0,,,0,,,0,0,996,,,,,,,,,,,,,,,,,,,,,,,,,,,,,,0,0,0,0,0,0,1,1,0,0,0,0,0,0,0,0,0,0,1,0,0,0,0,0,0,1,1,1,0,1,0,0,0,0,0,,0,0,0,0,0,0,0,0,0,0,0,0,0,0,0,0,,,,,,41-45,36-45,City street,R,Monday,Belt Used,PV,Not Fatal,0,0,0,0,City Street,County Sheriff,Snohomish County Sheriff's Office,0,0,0,1,0,,,,,,0,0,0,,,,,,,,,,,0,0,0,0,,,,,20,7,,,,,,,,1,0,,,,,,
2021,136,635557,330,05-18-2021,23:56,18,5,May,,77,Yakima,2590,1,,3,1,2,1,0,1,1,,,,30,0,0,No vehicle,0,1,0,1,No intersection,5,2,4,6,0,0,0,0,PACIFIC AVE,,-120.484825,46.59232778,98901,0,1,2,Control/Traction Loss,9,1,30,3,0,0,1,5,30,1,1,3,5,6,Others,1,1,53,,0,20,16,2000,0,,12,,,,,,1,1,86,2,7,,4,7,3,0,11,0,11-09-2020,15:47,1.12E+11,52742,0,0,3,3,1,38,,,,96,,,,,,98,,,,,,98258,53,66,200,6,1,0,0,0,0,,0,,,,,,0,,,20,0,0,0,0,9,8,,,0,,,8,8,2,155,996,996,1,1,1,2,1,0,,,,,,,,,,,,,,,,,,,,,,,,,,,,,,0,0,0,0,0,0,1,1,0,0,0,0,0,0,0,0,0,0,1,0,0,0,0,0,0,1,1,1,0,1,0,0,0,0,0,,1,0,0,0,0,0,1,1,0,0,1,0,0,0,1,0,,,,,,81+,76+,City street,R,Monday,Belt Used,PV,White,0,0,0,0,City Street,County Sheriff,Snohomish County Sheriff's Office,0,0,0,1,0,,,,,,0,0,0,,,,,,,,,,,98,98,98,1,,,,,20,7,,,,,,,,1,0,,,,,,
2020,136,634766,12,04-18-2020,20:27,18,4,April,,7,Chelan,320,1,,2,1,1,1,0,2,2,20:29,20:37,21:10,12,0,2,Front-to-Front,5.6,1,0,1,No intersection,4,2,1,3,0,0,0,0,SR-150,,-120.0521361,47.85501667,98816,0,2,50,Lateral Move(Left/Right),10,2,98,80,0,0,1,2,12,2,1,2,1,14,Making a U turn,1,1,53,,0,23,431,2000,0,,63,42,,,,,1,1,39,1,0,,2,0,99,7,11,0,,,,,0,0,0,2,1,0,,,,96,,,,,,9,,,,,,99001,53,69,180,1,1,1,0,1,0,,1,71,,,,,0,04-15-2020,04-15-2020,20,9,0,0,8,9,8,,,0,,,1,8,2,695,605,401,1,1,1,2,1,0,,,,,,,,,,,,,,,,,,,,,,,,,,,,,,0,0,1,0,0,0,1,1,1,0,0,0,0,1,0,0,0,0,0,0,0,0,0,0,0,0,0,0,0,1,0,0,0,0,0,,0,0,0,0,0,0,1,1,0,0,0,1,0,0,1,0,,,,,,36-40,36-45,County road,R,Saturday,Unknown,PV,Not Fatal,0,1,0,0,County Road,County Sheriff,Spokane County Sheriff's Office,1,0,1,0,0,thc,3.3,carboxy-thc,53,,0,1,1,1,,,,,417,,,,,98,98,98,0,,,,,20,,,,,,,,,1,0,,,GOVERNMENT WY,2.02,NULL,
2020,136,634765,12,04-18-2020,20:27,18,4,April,,7,Chelan,320,1,,2,1,1,1,0,2,2,20:29,20:37,21:10,12,0,2,Front-to-Front,5.6,1,0,1,No intersection,4,2,1,3,0,0,0,0,SR-150,,-120.0521361,47.85501667,98816,0,1,51,Lateral Move(Going Straight),62,4,40,14,0,0,1,2,12,3,1,2,1,14,Making a U turn,1,2,53,,0,49,401,1999,0,,12,,,,,,1,1,63,2,7,,4,7,3,0,11,0,03/19/2021,17:05,53014021,14021,6,0,0,3,1,0,,,,96,,,,,,98,,,,,,98465,53,67,165,6,1,0,0,0,0,,0,,,,,,0,,,20,0,0,0,0,9,8,,,0,,,8,8,2,337,996,996,1,1,1,2,1,0,,,,,,,,,,,,,,,,,,,,,,,,,,,,,,0,0,0,1,1,1,1,1,0,0,0,0,1,1,0,0,0,0,0,0,0,0,0,0,0,0,0,0,0,1,0,0,0,0,0,,1,0,0,0,0,0,1,1,0,0,0,0,0,0,1,0,,,,,,61-65,56-65,County road,U,Friday,Belt Used,PV,White,1,0,0,0,County Road,County Sheriff,Law Enforcement Support Agency,0,0,1,0,0,,,,,,0,0,0,,,,,,,,,,,0,0,0,1,,,,,20,,,,,,,,,1,0,,,PIONEER WAY E,1.45,072 ST E,7.73