year,something,Cases,repjur,crash_dt,crash_tm,accday,Month,Month,holiday,county,co_char,city,weather,weather2,lightcond,surfcond,surftype,Number of Fatalities,nmforms,pforms,vforms,not_tm,arr_tm,hosp_tm,fhevent,hitrun,Manner of Collision,Manner of Collision,milepnt,reljunc,reljuncinter,intersectiontype,Intersection Type,funcsystem,landuse,ownership,route,schlbus,spejur,contdev,devfunc,trafid1,trafid2,x,y,zipcode,wk_zone,vnumber,crashtype,Crash Type,criticalevent,criticaleventcat,spdlim,body,trailer,emerg,hazcargo,leave,mhevent,roadalgn,roadprof,traflane,trafflow,Vehicle Manure,Vehicle Manure,numoccs,regowner,regstate,,spuse,make,model,modelyr,vrf1,vrf2,seqevent1,seqevent2,seqevent3,seqevent4,seqevent5,seqevent6,pnumber,ptype,age,sex,hispanic,race,injury,diedscene,restraint,restraintmisuse,seatpos,takehosp,death_dt,death_tm,cert,cernum_wa,commlic,licendor,licrestrict,liccomp,drivpres,drf1,drf2,drf3,drf4,distract1,distract2,distract3,distract4,distract5,distract6,dricond1,dricond2,dricond3,dricond4,dricond5,dricond6,dzip,licstate,drhgt_in,weight,noncdl,noncdltype,prevdwi,prevoth,prevacc,prevspd,prevsus,driviol1,driviol2,driviol3,driviol4,driviol5,driviol6,spdrel,first_dt,last_dt,airbag,ejection,ejectpath,extricat,injurwrk,methalc,methdrug,nmlocat,strikveh,prf1,prf2,prf3,druginv,alcinvol,drugsts,drugres1,drugres2,drugres3,drugtst1,drugtst2,drugtst3,alcsts,alctst,alcres,nmact1,nmact2,nmact3,nmact4,nmact5,nmact6,nmprior1,nmprior2,nmprior3,nmprior4,nmprior5,nmprior6,nmcond1,nmcond2,nmcond3,nmcond4,nmcond5,nmcond6,nmsafe_helmet,nmsafe_pads,nmsafe_oth,nmprev_ref,nmprev_lgt,nmprev_oth,crashlocation,nmcrashtype,crosswalk,schoolzone,sidewalk,train_inv,wildlife_inv,rotr_fars,intersect_fars,Drink and Drive,aid_inv,Drug Positive Drivers,Impaired Drivers,Marijuana Positive,impnm_inv,ainm_inv,dpnm_inv,speed_inv,unlic_inv,unendmc_inv,drowsy_inv,drdist_inv,nmdist_inv,fty_inv,unrestfat_inv,dr1617_inv,dr1820_inv,dr1620_inv,dr2125_inv,dr1625_inv,dr65_inv,dr70_inv,dr75_inv,mc_inv,pv_inv,ht_inv,ped_inv,bike_inv,unrest_fat,mc_fat,unhelmet_mc,pv_fat,ht_fat,ped_fat,bike_fat,dr_alc7,dr_alc8,dr_drug,dr_imp,dr_dist,dr_spd,dr_fty,dr_unlic,dr_alc7only,dr_alc8only,dr_drugonly,dr_drink,nm_imp,nm_alc7,nm_alc8,nm_drug,nm_dist,agegrp1,agegrp2,roadclass,urbrur,dayweek,restuse,vehtype,race_me,intersect,lanedep,oppdir,wrongway,rep_typ,investag,repag_long,rotr,st_rd,cty_rd,city_rd,oth_rd,drug_thc,thc_res,drug_cthc,cthc_res,drug_cann,prevpersemin,prevperse,prevsusoth,drugtst4,drugtst5,drugtst6,drugtst7,drugtst8,drugres4,drugres5,drugres6,drugres7,drugres8,adspresent,adsengaged,adslevel,race1,race2,race3,race4,race5,helmet,helmetmisuse,nmdistract1,nmdistract2,nmdistract3,nmdistract4,nmdistract5,nmdistract6,lab,isedtcase,crf1,crf2,crf3,CoRoadName,CoMP,IntCoRoadName,IntCoMP
2019,136,633931,6,03-05-2019,13:08,5,3,March,,37,Kittitas,0,1,0,1,1,2,1,0,7,3,,,,25,0,0,No vehicle,77.5,1,0,1,No intersection,1,1,1,1,0,0,0,0,I-90,,-121.0389917,47.18248611,98941,0,3,98,Others,62,4,70,14,0,0,1,5,12,3,1,2,3,14,Making a U turn,5,2,53,,0,49,40,1997,0,,12,,,,,,1,1,47,1,0,,9,0,3,0,11,5,,,,,0,0,0,0,1,39,,,,96,,,,,,9,,,,,,98404,53,69,145,0,0,0,0,0,0,,2,11,,,,,3,,,1,0,0,0,8,9,8,,,0,,,8,1,8,95,,,96,,,2,1,0.19,,,,,,,,,,,,,,,,,,,,,,,,,,,,,,0,0,0,1,1,1,1,1,0,0,0,0,1,1,0,0,0,0,0,0,0,0,0,0,0,0,0,0,0,1,0,0,0,0,0,,0,0,0,0,0,1,0,1,0,1,0,1,0,1,0,1,,,,,,46-50,46-55,County road,U,Friday,Belt Used,PV,Not Fatal,1,0,0,0,County Road,County Sheriff,Law Enforcement Support Agency,0,0,1,0,0,,,,,,0,0,0,,,,,,,,,,,0,0,0,0,,,,,20,,,,,,,,,1,0,,,PIONEER WAY E,1.45,072 ST E,7.73
2019,136,633929,6,03-05-2019,13:08,5,3,March,,37,Kittitas,0,1,0,1,1,2,1,0,7,3,,,,25,0,0,No vehicle,77.5,1,0,1,No intersection,1,1,1,1,0,0,0,0,I-90,,-121.0389917,47.18248611,98941,0,1,6,Drive off road,12,2,70,14,0,0,1,7,1,2,1,2,3,14,Making a U turn,1,2,53,,0,49,40,2011,0,,54,,,,,,1,1,17,2,0,,0,0,3,0,11,0,,,,,0,0,1,3,1,0,,,,96,,,,,,98,,,,,,98503,53,67,150,6,2,0,0,0,0,,0,,,,,,0,,,20,0,0,0,8,3,2,,,0,,,8,8,0,0,,,0,,,0,0,996,,,,,,,,,,,,,,,,,,,,,,,,,,,,,,0,0,0,0,0,0,1,1,0,0,0,0,0,1,0,0,0,0,0,0,1,0,1,0,1,0,0,0,0,1,0,0,0,0,0,,0,0,0,0,0,0,0,0,0,0,0,0,0,0,0,0,,,,,,16-17,16-25,State route,R,Saturday,Belt Used,PV,Not Fatal,0,1,1,0,State Route,State Patrol,Washington State Patrol,0,1,0,0,0,,,,,,0,0,0,,,,,,,,,,,98,98,98,0,,,,,20,,,,,,,,,1,14,,,,,,
2018,136,633272,4,05-15-2018,16:19,15,5,May,0,63,Spokane,0,1,0,1,1,1,1,0,2,2,16:18,16:38,,12,0,6,Angle,263.1,2,0,2,4 Way,3,1,1,2,0,0,0,0,US-2,N WOOD,-117.7333694,47.64345278,99029,0,2,69,Initial Opposite Direction(Going Straight),62,4,55,80,0,0,1,2,12,1,1,3,1,1,Going Straight,1,1,53,,0,49,46,2019,0,,12,,,,,,1,1,47,2,0,,1,0,3,0,11,5,,,,,0,0,0,3,1,0,,,,96,,,,,,98,,,,,,98597,53,64,150,6,1,0,0,0,0,,0,,,,,,0,,,8,0,0,0,8,3,2,,,0,,,8,8,0,0,,,0,,,0,0,996,,,,,,,,,,,,,,,,,,,,,,,,,,,,,,0,0,0,0,0,0,1,1,0,0,0,0,0,1,0,0,0,0,0,0,1,0,1,0,1,0,0,0,0,1,0,0,0,0,0,,0,0,0,0,0,0,0,0,0,0,0,0,0,0,0,0,,,,,,46-50,46-55,State route,R,Saturday,Belt Used,PV,Not Fatal,0,1,1,0,State Route,State Patrol,Washington State Patrol,0,1,0,0,0,,,,,,0,0,0,,,,,,,,,,,98,98,98,0,,,,,20,,,,,,,,,1,14,,,,,,
2018,136,633271,4,05-15-2018,16:19,15,5,May,0,63,Spokane,0,1,0,1,1,1,1,0,2,2,16:18,16:38,,12,0,6,Angle,263.1,2,0,2,4 Way,3,1,1,2,0,0,0,0,US-2,N WOOD,-117.7333694,47.64345278,99029,0,1,68,Initial Opposite Direction(Left/Right),15,2,55,34,0,0,1,7,12,1,1,4,1,11,Turning Red: Permitted on red,1,1,53,,0,20,404,2018,0,,12,,,,,,1,1,46,2,0,,1,0,3,0,11,0,,,,,0,0,0,3,1,0,,,,96,,,,,,98,,,,,,98597,53,63,220,6,1,0,0,0,0,,0,,,,,,0,,,8,0,0,0,8,9,8,,,0,,,8,8,0,0,,,0,,,0,0,996,,,,,,,,,,,,,,,,,,,,,,,,,,,,,,0,0,0,0,0,0,1,1,0,0,0,0,0,1,0,0,0,0,0,0,1,0,1,0,1,0,0,0,0,1,0,0,0,0,0,,0,0,0,0,0,0,0,0,0,0,0,0,0,0,0,0,,,,,,46-50,46-55,State route,R,Saturday,Belt Used,PV,Not Fatal,0,1,1,0,State Route,State Patrol,Washington State Patrol,0,1,0,0,0,,,,,,0,0,0,,,,,,,,,,,98,98,98,0,,,,,20,,,,,,,,,1,14,,,,,,
2021,137,635559,150,05-18-2021,12:05,18,5,May,,27,Grays Harbor,930,1,,1,1,2,1,0,3,3,,,,12,0,2,Front-to-Front,87.5,2,0,2,4 Way,3,2,1,2,0,0,20,3,US-101,CHENAULT AVE,-123.8856722,46.98368333,98550,0,2,82,Turn Into Opp Direction(Turning Left),66,4,30,4,0,0,1,2,12,1,1,2,1,11,Turning Red: Permitted on red,1,2,53,,0,35,43,2006,0,,63,69,68,12,12,54,1,1,36,2,7,,4,7,3,0,11,0,03/20/2021,16:10,53014572,14572,0,0,0,2,1,8,28,58,,96,,,,,,9,,,,,,98506,53,61,145,1,1,0,1,0,0,,0,,,,,,0,04-15-2017,07-15-2019,1,0,0,0,0,9,8,,,0,,,1,8,2,401,417,,1,1,,2,1,0,,,,,,,,,,,,,,,,,,,,,,,,,,,,,,0,0,0,0,0,0,1,1,0,0,0,0,0,1,0,0,0,0,0,0,1,0,1,0,1,0,0,0,0,1,0,0,0,0,0,,1,0,0,0,0,0,1,1,0,0,0,1,0,0,1,0,,,,,,36-40,36-45,State route,R,Saturday,Belt Used,PV,White,0,1,1,0,State Route,State Patrol,Washington State Patrol,0,1,0,0,0,,,,,,0,0,1,,,,,,,,,,,98,98,98,1,,,,,20,,,,,,,,,1,14,,,,,,
2021,137,635558,150,05-18-2021,12:05,18,5,May,,27,Grays Harbor,930,1,,1,1,2,1,0,3,3,,,,12,0,2,Front-to-Front,87.5,2,0,2,4 Way,3,2,1,2,0,0,0,0,US-101,CHENAULT AVE,-123.8856722,46.98368333,98550,0,1,83,Others,17,2,30,80,0,0,1,2,12,1,1,2,1,1,Going Straight,2,2,53,,0,99,999,9999,0,,63,8,,,,,1,1,999,9,0,,9,0,99,7,11,8,,,,,99,9,9,9,1,0,,,,96,,,,,,98,,,,,,99999,99,,999,9,9,99,99,99,99,,97,,,,,,0,,,99,9,0,0,8,9,8,,,0,,,8,8,0,0,,,0,,,0,0,996,,,,,,,,,,,,,,,,,,,,,,,,,,,,,,0,0,0,0,0,0,0,0,0,1,0,1,0,0,0,0,0,0,0,0,0,0,0,0,0,0,0,0,0,0,0,1,0,0,0,,0,0,0,0,0,0,0,0,0,0,0,0,0,0,0,0,,,,,,,,County road,R,Tuesday,,NR-U,Not Fatal,0,0,0,0,County Road,County Sheriff,Snohomish County Sheriff's Office,0,0,1,0,0,,,,,,99,99,99,,,,,,,,,,,98,98,98,0,,,,,20,7,,,,,,,,1,0,,,PIONEER HWY EAST,1.231,,
2020,137,634768,8,05-09-2020,16:07,9,5,May,,35,Kitsap,0,1,,1,1,2,1,0,6,2,16:07,16:11,16:26,12,0,2,Front-to-Front,8.9,3,0,4,Y Intersection,3,2,1,3,0,0,3,3,SR-3,SR-303,-122.6890333,47.66471667,98383,0,2,81,Others,67,4,35,16,0,0,1,2,12,1,1,6,2,5,Others,5,2,53,,0,85,881,2015,0,,8,,,,,,1,1,43,1,0,,0,0,20,7,11,0,,,,,6,1,0,3,1,0,,,,96,,,,,,98,,,,,,98223,53,69,200,6,1,0,0,2,1,,0,,,,,,0,09-15-2018,07-15-2020,20,0,0,0,8,3,2,,,0,,,8,8,0,0,,,0,,,0,0,996,,,,,,,,,,,,,,,,,,,,,,,,,,,,,,0,0,0,0,0,0,0,0,0,0,0,0,0,0,0,0,0,0,0,0,0,0,0,0,0,0,0,0,0,0,1,1,0,0,0,,0,0,0,0,0,0,0,0,0,0,0,0,0,0,0,0,,,,,,41-45,36-45,Interstate,U,Tuesday,,MHTRUCK,Not Fatal,0,0,0,0,State Route,State Patrol,Washington State Patrol,0,1,0,0,0,,,,,,0,0,0,,,,,,,,,,,98,98,98,0,,,,,20,,,,,,,,,1,0,,,,,,
2020,137,634767,8,05-09-2020,16:07,9,5,May,,35,Kitsap,0,1,,1,1,2,1,0,6,2,16:07,16:11,16:26,12,0,2,Front-to-Front,8.9,3,0,4,Y Intersection,3,2,1,3,0,0,21,3,SR-3,SR-303,-122.6890333,47.66471667,98383,0,1,80,Others,6,1,35,4,0,0,1,2,12,1,1,3,6,10,Others,1,2,53,,3,92,988,2012,0,,12,,,,,,1,1,37,1,0,,0,0,3,0,11,0,,,,,6,3,0,3,1,0,,,,96,,,,,,98,,,,,,98498,53,69,220,6,1,0,0,1,0,,0,,,,,,0,04-15-2018,04-15-2018,20,0,0,0,8,9,8,,,0,,,8,8,0,0,,,0,,,0,0,996,,,,,,,,,,,,,,,,,,,,,,,,,,,,,,0,0,0,0,1,1,0,1,0,0,0,0,1,0,0,0,0,0,0,1,0,0,0,0,0,0,0,0,0,1,0,0,0,0,0,,0,0,0,0,0,0,0,0,0,0,0,0,0,0,0,0,,,,,,36-40,36-45,Interstate,U,Friday,,BUS,Not Fatal,0,0,0,0,State Route,State Patrol,Washington State Patrol,0,1,0,0,0,,,,,,0,0,0,,,,,,,,,,,98,98,98,0,,,,,20,,,,,,,,,1,0,,,,,,
2019,137,634040,2,04-17-2019,17:35,17,4,April,,57,Skagit,0,10,0,1,1,2,1,0,2,1,,,,1,0,0,No vehicle,1.2,8,0,1,No intersection,5,1,2,4,0,0,0,0,CR-PIONEER HWY,,-122.3455194,48.31470556,98273,0,1,6,Drive off road,12,2,50,6,0,0,1,2,1,1,1,2,1,11,Turning Red: Permitted on red,2,1,53,,0,49,40,2016,0,,12,,,,,,1,1,44,2,7,,4,0,20,7,11,5,03-06-2021,01:38,76353012335,12335,0,0,0,3,1,0,,,,96,,,,,,9,,,,,,98502,53,63,115,6,1,0,0,1,0,,0,,,,,,3,12-15-2016,12-15-2016,8,0,0,0,0,1,8,,,0,,,9,1,2,1,,,1,,,2,1,0.18,,,,,,,,,,,,,,,,,,,,,,,,,,,,,,0,0,0,0,1,1,0,1,0,0,0,0,1,0,0,0,0,0,0,1,0,0,0,0,0,0,0,0,0,1,0,0,0,1,0,,1,0,0,0,0,1,0,1,0,1,0,0,0,1,0,1,,,,,,41-45,36-45,Interstate,U,Friday,Not Used,PV,API,0,0,0,0,State Route,State Patrol,Washington State Patrol,0,1,0,0,0,,,,,,0,0,0,,,,,,,,,,,98,98,98,28,,,,,20,,,,,,,,,1,0,,,,,,
2018,137,633258,19,05-11-2018,00:21,11,5,May,0,21,Franklin,0,10,0,2,1,2,1,0,2,2,00:25,00:42,,12,0,1,Front-to-Rear,10.1,3,0,2,4 Way,5,1,2,4,0,0,0,0,CR-GLADE RD N,DOGWOOD RD,-119.1134417,46.41635556,99301,0,2,25,Others,53,3,55,80,0,0,1,7,12,8,8,2,1,10,Others,1,1,53,,0,58,37,2003,0,,64,42,,,,,1,1,19,1,1,,4,0,3,0,11,5,03-12-2021,18:38,2.37E+11,12577,0,0,0,3,1,8,,,,96,,,,,,98,,,,,,98664,53,67,157,6,1,0,0,0,0,,0,,,,,,0,,,8,0,0,1,0,9,8,,,0,,,8,8,2,1,,,1,,,2,1,0,,,,,,,,,,,,,,,,,,,,,,,,,,,,,,0,0,1,0,0,0,0,0,0,0,0,0,0,0,0,0,0,0,0,0,0,1,1,0,1,0,0,0,0,1,0,0,0,0,0,,1,0,0,0,0,0,0,0,0,0,0,0,0,0,0,0,,,,,,18-20,16-25,City street,U,Sunday,Belt Used,PV,Hispanic,0,1,0,0,City Street,Municipal/City Police,Vancouver Police Department,1,0,0,1,0,,,,,,0,0,0,,,,,,,,,,,98,98,98,98,,,,,20,,,,,,,,,1,0,,,,,,
2018,137,633257,19,05-11-2018,00:21,11,5,May,0,21,Franklin,0,10,0,2,1,2,1,0,2,2,00:25,00:42,,12,0,1,Front-to-Rear,10.1,3,0,2,4 Way,5,1,2,4,0,0,0,0,CR-GLADE RD N,DOGWOOD RD,-119.1134417,46.41635556,99301,0,1,24,Others,51,3,55,80,0,0,1,7,12,8,8,2,1,1,Going Straight,1,1,53,,0,12,16,2000,0,,64,21,,,,,1,1,20,8,0,,3,0,99,7,11,0,,,,,0,0,0,3,1,0,,,,92,,,,,,98,,,,,,99207,53,74,150,6,1,0,0,0,0,,97,,,,,,0,,,8,0,0,0,8,9,8,,,0,,,8,8,2,695,,,1,,,2,1,0.19,,,,,,,,,,,,,,,,,,,,,,,,,,,,,,0,0,1,0,1,1,1,1,1,0,0,0,0,0,0,0,1,0,0,0,0,1,1,0,1,0,0,0,0,1,0,0,0,0,0,,0,0,0,0,0,1,1,1,1,0,0,0,0,0,0,1,,,,,,18-20,16-25,City street,U,Tuesday,Unknown,PV,Not Fatal,0,1,0,0,City Street,Municipal/City Police,Spokane Police Department,1,0,0,1,0,thc,1.4,carboxy-thc,44,,0,0,0,,,,,,,,,,,98,98,98,0,,,,,20,,,,,,,,nms,1,0,,,,,,
2017,137,632531,1,05-05-2017,21:50,5,5,May,0,77,Yakima,0,1,0,2,1,2,1,1,1,1,21:57,22:03,,8,0,0,No vehicle,72.9,1,0,1,No intersection,3,2,1,2,0,3,0,0,US-97,,-120.4645944,46.50026944,98939,0,1,13,Pedestrian/Animal,80,5,55,66,1,0,1,5,8,1,1,4,2,1,Going Straight,1,3,53,,0,12,471,1998,0,,12,,,,,,1,1,19,1,0,,0,0,3,0,11,0,,,,,0,0,3,3,1,0,,,,96,,,,,,98,,,,,,98445,53,70,190,6,1,0,0,1,1,,0,,,,,,0,09-15-2019,10-15-2020,20,0,0,0,8,9,8,,,0,,,8,8,0,0,,,0,,,0,0,996,,,,,,,,,,,,,,,,,,,,,,,,,,,,,,0,0,0,0,0,0,1,1,0,0,0,0,1,0,0,0,0,0,0,0,0,1,1,0,1,1,1,1,0,1,1,0,0,0,0,,0,0,0,0,0,0,0,0,0,0,0,0,0,0,0,0,,,,,,18-20,16-25,Interstate,U,Friday,Belt Used,PV,Not Fatal,0,0,0,0,State Route,State Patrol,Washington State Patrol,0,1,0,0,0,,,,,,0,0,0,,,,,,,,,,,0,0,0,0,,,,,20,,,,,,,,,1,0,,,,,,
2018,138,633259,7,05-19-2018,03:06,19,5,May,0,33,King,1960,10,0,3,1,2,1,0,2,1,,,,39,0,0,No vehicle,165.4,1,0,1,No intersection,1,2,1,1,0,0,0,0,I-5,,-122.329825,47.60680278,98138,0,1,1,Driver Off Road,6,1,60,2,0,0,1,2,39,1,1,6,3,1,Going Straight,2,1,41,,0,35,43,2019,0,,12,12,,,,,1,1,81,2,7,,4,0,3,0,11,0,02/26/2021,17:19,2.23E+11,10348,0,0,0,3,1,0,,,,96,,,,,,98,,,,,,98444,53,62,140,6,1,0,0,2,0,,0,,,,,,0,01-15-2020,02-15-2021,8,0,0,0,0,9,8,,,0,,,8,8,2,136,155,996,1,1,1,2,1,0,,,,,,,,,,,,,,,,,,,,,,,,,,,,,,0,0,0,0,0,0,1,1,0,0,0,0,1,0,0,0,0,0,0,0,0,1,1,0,1,1,1,1,0,1,1,0,0,0,0,,1,0,0,0,0,0,1,1,0,0,0,0,0,0,1,0,,,,,,81+,76+,Interstate,U,Friday,Belt Used,PV,White,0,0,0,0,State Route,State Patrol,Washington State Patrol,0,1,0,0,0,,,,,,0,0,0,,,,,,,,,,,98,98,98,1,,,,,20,,,,,,,,,1,0,,,,,,
2021,138,635560,128,05-17-2021,19:38,17,5,May,,73,Whatcom,740,1,,1,2,2,2,0,2,1,,,,3,0,0,No vehicle,0,3,0,4,Y Intersection,4,2,4,6,0,0,0,0,CHERRY ST,FERNDALE RD,-122.591025,48.84341389,98248,0,1,0,Others,12,2,25,4,0,0,1,2,3,2,1,2,1,14,Making a U turn,2,1,53,,0,82,881,2003,0,,12,,,,,,1,1,31,1,0,,0,0,3,0,11,0,,,,,6,3,0,3,1,26,,,,96,,,,,,98,,,,,,98597,53,74,242,6,1,0,0,0,0,,2,58,,,,,4,,,20,0,0,0,8,9,8,,,0,,,8,8,0,0,,,0,,,0,0,996,,,,,,,,,,,,,,,,,,,,,,,,,,,,,,0,0,0,0,0,0,1,1,0,0,0,0,1,0,0,0,0,0,0,0,0,1,1,0,1,1,1,1,0,1,1,0,0,0,0,,0,0,0,0,0,0,0,0,0,1,0,0,0,0,0,0,,,,,,31-35,26-35,Interstate,U,Friday,,MHTRUCK,Not Fatal,0,0,0,0,State Route,State Patrol,Washington State Patrol,0,1,0,0,0,,,,,,0,0,0,,,,,,,,,,,98,98,98,0,,,,,20,,,,,,,,,1,0,,,,,,
2020,138,634769,3,05-07-2020,21:40,7,5,May,,67,Thurston,0,1,,2,1,2,1,0,1,1,,,,38,0,0,No vehicle,1.5,1,0,1,No intersection,5,1,2,4,0,0,0,0,CR-RESERVATION RD SE,,-122.6988111,47.03037778,,0,1,2,Control/Traction Loss,8,1,50,1,0,0,1,2,1,1,1,2,1,6,Others,1,1,53,,0,53,704,2020,0,,63,24,,,,,1,1,26,1,7,,4,7,20,7,11,0,03-08-2021,07:21,53011695,11695,0,0,0,3,1,87,,,,96,,,,,,98,,,,,,98226,53,71,170,6,1,0,0,0,0,,0,,,,,,0,,,20,8,0,0,0,9,8,,,0,,,8,8,0,0,,,0,,,0,0,996,,,,,,,,,,,,,,,,,,,,,,,,,,,,,,0,0,0,0,0,0,0,0,0,0,0,0,0,0,0,0,0,0,0,0,0,0,0,0,0,0,0,0,1,0,0,0,0,0,1,0,0,0,0,0,0,0,0,0,0,0,0,0,0,0,0,0,,,,,,26-30,26-35,State route,U,Monday,,MC,Other,0,1,0,0,State Route,State Patrol,Washington State Patrol,1,1,0,0,0,,,,,,0,0,0,,,,,,,,,,,0,0,0,98,,,,,5,,,,,,,,,1,0,,,,,,
2019,138,634043,3,05-01-2019,06:05,1,5,May,,67,Thurston,0,1,0,4,1,2,1,0,2,2,,,,12,0,6,Angle,43.2,2,0,3,T Intersection,3,1,1,2,0,0,0,0,US-12,DENMARK ST SW,-123.0655583,46.81566111,98579,0,2,69,Initial Opposite Direction(Going Straight),62,4,50,80,0,0,1,2,12,1,1,2,1,1,Going Straight,1,1,53,,0,32,42,1999,0,,68,68,63,1,,,1,1,28,1,7,,4,7,99,7,11,0,03-11-2021,00:30,53012208,12208,0,0,0,3,1,58,,,,96,,,,,,9,,,,,,99185,53,66,135,6,1,0,1,0,3,,0,,,,,,3,05-15-2019,10-15-2020,20,1,9,0,0,9,8,,,0,,,8,1,2,1,,,1,,,2,1,0.271,,,,,,,,,,,,,,,,,,,,,,,,,,,,,,0,0,1,0,1,1,0,1,0,0,0,0,1,0,0,0,0,0,0,0,0,0,0,0,0,0,0,0,0,1,0,0,0,0,0,,1,0,0,0,0,1,0,1,0,1,0,0,0,1,0,1,,,,,,26-30,26-35,State route,R,Thursday,Unknown,PV,White,0,1,0,0,State Route,State Patrol,Washington State Patrol,1,1,0,0,0,,,,,,0,0,4,,,,,,,,,,,0,0,0,1,,,,,20,,,,,,,,,1,0,,,,,,
2019,138,634042,3,05-01-2019,06:05,1,5,May,,67,Thurston,0,1,0,4,1,2,1,0,2,2,,,,12,0,6,Angle,43.2,2,0,3,T Intersection,3,1,1,2,0,0,0,0,US-12,DENMARK ST SW,-123.0655583,46.81566111,98579,0,1,68,Initial Opposite Direction(Left/Right),15,2,50,4,0,0,1,2,12,1,1,2,1,11,Turning Red: Permitted on red,1,1,53,,0,54,35,2004,0,,68,64,1,,,,1,1,44,1,0,,2,0,3,0,11,5,,,,,0,0,0,2,1,0,,,,12,,,,,,9,,,,,,98953,53,66,190,2,1,0,2,0,0,,1,,,,,,4,01-15-2017,01-15-2020,20,0,0,0,8,9,8,,,0,,,1,8,2,401,417,,1,1,,2,1,0,,,,,,,,,,,,,,,,,,,,,,,,,,,,,,0,0,0,0,0,0,1,1,0,0,0,0,1,1,0,0,1,0,0,1,0,0,0,0,0,0,0,0,0,1,0,0,0,0,0,,0,0,0,0,0,0,1,1,1,1,0,1,0,0,1,0,,,,,,41-45,36-45,County road,R,Tuesday,Belt Used,PV,Not Fatal,0,1,0,0,County Road,County Sheriff,Grant County Sheriff's Office,1,0,1,0,0,,,,,,0,0,2,,,,,,,,,,,98,98,98,0,,,,,20,,,,,,,,,1,0,,,DODSON RD,27.79,NULL,
2017,138,632526,4,05-05-2017,15:29,5,5,May,0,51,Pend Oreille,0,2,0,1,2,2,1,0,5,2,15:41,16:02,16:25,12,0,6,Angle,321.1,1,0,1,No intersection,3,1,1,2,0,0,0,0,US-2,,-117.130175,48.14783056,99156,0,2,98,Others,62,4,60,63,1,0,1,2,12,1,2,2,1,1,Going Straight,1,1,53,,0,20,29,2018,0,,8,,,,,,1,1,72,2,0,,0,0,3,0,11,0,,,,,0,0,3,3,1,0,,,,96,,,,,,98,,,,,,98305,53,59,123,6,1,0,0,0,0,,0,,,,,,0,,,20,0,0,0,8,9,8,,,0,,,8,8,8,95,,,96,,,8,95,995,,,,,,,,,,,,,,,,,,,,,,,,,,,,,,0,0,0,0,0,0,0,0,0,0,0,0,0,0,0,0,0,0,0,0,0,0,0,0,0,1,1,0,0,1,0,1,0,0,0,,0,0,0,0,0,0,0,0,0,0,0,0,0,0,0,0,,,,,,71-75,66-75,US highway,U,Wednesday,Belt Used,PV,Not Fatal,0,0,0,0,State Route,State Patrol,Washington State Patrol,0,1,0,0,0,,,,,,0,0,0,,,,,,,,,,,98,98,98,0,,,,,20,,,,,,,,,1,0,,,,,,
2017,138,632525,4,05-05-2017,15:29,5,5,May,0,51,Pend Oreille,0,2,0,1,2,2,1,0,5,2,15:41,16:02,16:25,12,0,6,Angle,321.1,1,0,1,No intersection,3,1,1,2,0,0,0,0,US-2,,-117.130175,48.14783056,99156,0,1,98,Others,52,3,60,4,0,0,1,2,12,1,2,2,1,1,Going Straight,4,1,53,,0,71,706,2007,0,,63,5,30,31,,,1,1,34,1,7,,4,7,20,7,11,0,03-08-2021,12:26,53012515,12515,0,0,0,3,1,0,,,,96,,,,,,98,,,,,,98503,53,68,195,6,1,0,0,0,0,,0,,,,,,0,,,20,8,0,0,0,9,8,,,0,,,8,8,2,695,605,,1,1,,2,1,0.22,,,,,,,,,,,,,,,,,,,,,,,,,,,,,,0,0,0,0,1,1,1,1,1,0,0,0,0,0,0,0,0,0,0,0,0,0,0,0,0,0,0,0,1,0,0,0,0,0,1,0,0,0,0,0,0,1,1,1,0,0,0,0,0,0,0,1,,,,,,31-35,26-35,County road,U,Monday,,MC,White,0,1,0,0,County Road,County Sheriff,Thurston County Sheriff's Office,1,0,1,0,0,thc,4.7,carboxy-thc,18,,0,0,0,,,,,,,,,,,0,0,0,1,,,,,5,,,,,,,,nms,1,0,,,PACIFIC AVE SE,4.837,NULL,
2021,139,635561,42,05-19-2021,16:20,19,5,May,,67,Thurston,0,10,,1,1,2,1,1,1,1,,,,9,0,0,No vehicle,,1,0,1,No intersection,4,1,2,4,0,0,0,0,CR-93RD AVE SE,,-122.8960194,46.95275556,98501,0,1,13,Pedestrian/Animal,83,5,50,66,1,0,1,5,9,1,1,2,1,1,Going Straight,1,3,53,,0,7,442,1998,0,,63,38,,,,,1,1,44,1,0,,0,0,3,0,11,0,,,,,0,0,0,2,1,0,,,,3,,,,,,98,,,,,,98204,53,64,150,1,1,0,0,0,0,,97,,,,,,0,07-15-2016,07-15-2016,20,0,0,0,8,9,8,,,0,,,8,8,8,95,,,96,,,2,95,997,,,,,,,,,,,,,,,,,,,,,,,,,,,,,,0,0,1,0,0,0,0,0,0,0,0,0,0,1,0,0,1,0,0,1,0,0,0,0,0,0,0,0,0,1,0,0,0,0,0,,0,0,0,0,0,0,0,0,1,0,0,1,0,0,0,0,,,,,,41-45,36-45,County road,U,Friday,Belt Used,PV,Not Fatal,0,1,0,0,County Road,County Sheriff,Snohomish County Sheriff's Office,1,0,1,0,0,,,,,,0,0,1,,,,,,,,,,,0,0,0,0,,,,,20,7,,,,,,,,1,0,,,E GIBSON RD,0.255,,