year,something,Cases,repjur,crash_dt,crash_tm,accday,Month,Month,holiday,county,co_char,city,weather,weather2,lightcond,surfcond,surftype,Number of Fatalities,nmforms,pforms,vforms,not_tm,arr_tm,hosp_tm,fhevent,hitrun,Manner of Collision,Manner of Collision,milepnt,reljunc,reljuncinter,intersectiontype,Intersection Type,funcsystem,landuse,ownership,route,schlbus,spejur,contdev,devfunc,trafid1,trafid2,x,y,zipcode,wk_zone,vnumber,crashtype,Crash Type,criticalevent,criticaleventcat,spdlim,body,trailer,emerg,hazcargo,leave,mhevent,roadalgn,roadprof,traflane,trafflow,Vehicle Manure,Vehicle Manure,numoccs,regowner,regstate,,spuse,make,model,modelyr,vrf1,vrf2,seqevent1,seqevent2,seqevent3,seqevent4,seqevent5,seqevent6,pnumber,ptype,age,sex,hispanic,race,injury,diedscene,restraint,restraintmisuse,seatpos,takehosp,death_dt,death_tm,cert,cernum_wa,commlic,licendor,licrestrict,liccomp,drivpres,drf1,drf2,drf3,drf4,distract1,distract2,distract3,distract4,distract5,distract6,dricond1,dricond2,dricond3,dricond4,dricond5,dricond6,dzip,licstate,drhgt_in,weight,noncdl,noncdltype,prevdwi,prevoth,prevacc,prevspd,prevsus,driviol1,driviol2,driviol3,driviol4,driviol5,driviol6,spdrel,first_dt,last_dt,airbag,ejection,ejectpath,extricat,injurwrk,methalc,methdrug,nmlocat,strikveh,prf1,prf2,prf3,druginv,alcinvol,drugsts,drugres1,drugres2,drugres3,drugtst1,drugtst2,drugtst3,alcsts,alctst,alcres,nmact1,nmact2,nmact3,nmact4,nmact5,nmact6,nmprior1,nmprior2,nmprior3,nmprior4,nmprior5,nmprior6,nmcond1,nmcond2,nmcond3,nmcond4,nmcond5,nmcond6,nmsafe_helmet,nmsafe_pads,nmsafe_oth,nmprev_ref,nmprev_lgt,nmprev_oth,crashlocation,nmcrashtype,crosswalk,schoolzone,sidewalk,train_inv,wildlife_inv,rotr_fars,intersect_fars,Drink and Drive,aid_inv,Drug Positive Drivers,Impaired Drivers,Marijuana Positive,impnm_inv,ainm_inv,dpnm_inv,speed_inv,unlic_inv,unendmc_inv,drowsy_inv,drdist_inv,nmdist_inv,fty_inv,unrestfat_inv,dr1617_inv,dr1820_inv,dr1620_inv,dr2125_inv,dr1625_inv,dr65_inv,dr70_inv,dr75_inv,mc_inv,pv_inv,ht_inv,ped_inv,bike_inv,unrest_fat,mc_fat,unhelmet_mc,pv_fat,ht_fat,ped_fat,bike_fat,dr_alc7,dr_alc8,dr_drug,dr_imp,dr_dist,dr_spd,dr_fty,dr_unlic,dr_alc7only,dr_alc8only,dr_drugonly,dr_drink,nm_imp,nm_alc7,nm_alc8,nm_drug,nm_dist,agegrp1,agegrp2,roadclass,urbrur,dayweek,restuse,vehtype,race_me,intersect,lanedep,oppdir,wrongway,rep_typ,investag,repag_long,rotr,st_rd,cty_rd,city_rd,oth_rd,drug_thc,thc_res,drug_cthc,cthc_res,drug_cann,prevpersemin,prevperse,prevsusoth,drugtst4,drugtst5,drugtst6,drugtst7,drugtst8,drugres4,drugres5,drugres6,drugres7,drugres8,adspresent,adsengaged,adslevel,race1,race2,race3,race4,race5,helmet,helmetmisuse,nmdistract1,nmdistract2,nmdistract3,nmdistract4,nmdistract5,nmdistract6,lab,isedtcase,crf1,crf2,crf3,CoRoadName,CoMP,IntCoRoadName,IntCoMP
2019,139,634049,8,05-03-2019,14:34,3,5,May,,31,Jefferson,0,1,0,1,1,2,1,0,2,2,,,,12,0,6,Angle,11.3,2,0,2,4 Way,3,1,1,3,0,0,0,0,SR-104,TEAL LAKE RD,-122.6868833,47.87065,98365,0,2,83,Others,67,4,60,80,0,0,1,2,12,1,1,2,1,1,Going Straight,1,1,53,,0,55,35,2018,0,,12,,,,,,1,1,18,2,0,,0,0,3,0,11,0,,,,,0,0,0,3,1,0,,,,0,,,,,,0,,,,,,99301,53,64,140,6,1,0,3,1,4,,0,,,,,,0,11-15-2016,03-15-2018,20,0,0,0,8,9,8,,,0,,,8,8,0,0,,,0,,,0,0,996,,,,,,,,,,,,,,,,,,,,,,,,,,,,,,0,0,0,0,0,0,1,1,0,0,0,0,0,0,0,0,0,0,0,1,1,1,1,1,1,1,1,1,0,1,0,0,0,0,0,,0,0,0,0,0,0,0,0,0,0,0,0,0,0,0,0,,,,,,18-20,16-25,Interstate,U,Monday,Belt Used,PV,Not Fatal,0,0,0,1,State Route,State Patrol,Washington State Patrol,0,1,0,0,0,,,,,,0,0,0,,,,,,,,,,,98,98,98,0,,,,,20,,,,,,,,,1,0,,,,,,
2019,139,634048,8,05-03-2019,14:34,3,5,May,,31,Jefferson,0,1,0,1,1,2,1,0,2,2,,,,12,0,6,Angle,11.3,2,0,2,4 Way,3,1,1,3,0,0,20,3,SR-104,TEAL LAKE RD,-122.6868833,47.87065,98365,0,1,82,Turn Into Opp Direction(Turning Left),15,2,60,4,0,0,1,2,12,1,1,2,1,11,Turning Red: Permitted on red,1,1,53,,0,37,402,2014,0,,64,12,,,,,1,1,44,2,0,,0,0,3,0,11,0,,,,,0,0,0,3,1,0,,,,0,,,,,,0,,,,,,99353,53,67,170,6,1,0,0,0,0,,0,,,,,,0,,,20,0,0,0,8,9,8,,,0,,,8,8,0,0,,,0,,,0,0,996,,,,,,,,,,,,,,,,,,,,,,,,,,,,,,0,0,0,0,0,0,1,1,0,0,0,0,0,0,0,0,0,0,0,1,1,1,1,1,1,1,1,1,0,1,0,0,0,0,0,,0,0,0,0,0,0,0,0,0,0,0,0,0,0,0,0,,,,,,41-45,36-45,Interstate,U,Monday,Belt Used,PV,Not Fatal,0,0,0,1,State Route,State Patrol,Washington State Patrol,0,1,0,0,0,,,,,,0,0,0,,,,,,,,,,,98,98,98,0,,,,,20,,,,,,,,,1,0,,,,,,
2018,139,633261,35,05-19-2018,12:53,19,5,May,0,53,Pierce,0,1,0,1,1,2,1,0,2,2,12:52,13:14,,1,0,0,No vehicle,0.7,1,0,1,No intersection,6,1,2,4,0,0,0,0,CR-320TH ST S,,-122.5404139,46.96683611,98580,0,2,98,Others,53,3,35,34,0,0,1,5,12,1,1,2,1,5,Others,1,1,53,,0,35,481,2009,0,,64,12,,,,,1,1,41,2,0,,0,0,3,0,11,0,,,,,0,0,0,3,1,0,,,,0,,,,,,0,,,,,,98168,53,63,150,6,1,0,0,1,0,,0,,,,,,0,08-15-2019,08-15-2019,20,0,0,0,8,9,8,,,0,,,8,8,0,0,,,0,,,0,0,996,,,,,,,,,,,,,,,,,,,,,,,,,,,,,,0,0,0,0,0,0,1,1,0,0,0,0,0,0,0,0,0,0,0,1,1,1,1,1,1,1,1,1,0,1,0,0,0,0,0,,0,0,0,0,0,0,0,0,0,0,0,0,0,0,0,0,,,,,,41-45,36-45,Interstate,U,Monday,Belt Used,PV,Not Fatal,0,0,0,1,State Route,State Patrol,Washington State Patrol,0,1,0,0,0,,,,,,0,0,0,,,,,,,,,,,98,98,98,0,,,,,20,,,,,,,,,1,0,,,,,,
2018,139,633260,35,05-19-2018,12:53,19,5,May,0,53,Pierce,0,1,0,1,1,2,1,0,2,2,12:52,13:14,,1,0,0,No vehicle,0.7,1,0,1,No intersection,6,1,2,4,0,0,0,0,CR-320TH ST S,,-122.5404139,46.96683611,98580,0,1,98,Others,50,3,35,80,0,0,1,5,12,1,1,2,1,1,Going Straight,1,1,53,,0,30,402,2012,0,,12,,,,,,1,1,22,2,0,,1,0,3,0,11,0,,,,,0,0,0,3,1,0,,,,0,,,,,,0,,,,,,99353,53,64,190,6,1,0,0,0,0,,0,,,,,,0,,,20,0,0,0,8,9,8,,,0,,,8,8,0,0,,,0,,,0,0,996,,,,,,,,,,,,,,,,,,,,,,,,,,,,,,0,0,0,0,0,0,1,1,0,0,0,0,0,0,0,0,0,0,0,1,1,1,1,1,1,1,1,1,0,1,0,0,0,0,0,,0,0,0,0,0,0,0,0,0,0,0,0,0,0,0,0,,,,,,21-25,16-25,Interstate,U,Monday,Belt Used,PV,Not Fatal,0,0,0,1,State Route,State Patrol,Washington State Patrol,0,1,0,0,0,,,,,,0,0,0,,,,,,,,,,,98,98,98,0,,,,,20,,,,,,,,,1,0,,,,,,
2017,139,632524,2,05-05-2017,22:07,5,5,May,0,57,Skagit,0,10,0,2,2,2,1,0,3,2,22:09,22:17,22:40,12,0,2,Front-to-Front,1.6,1,0,1,No intersection,4,2,1,3,0,0,0,0,SR-536,,-122.3990806,48.44282222,98273,0,2,51,Lateral Move(Going Straight),62,4,45,4,0,0,1,2,12,1,1,2,1,1,Going Straight,2,2,53,,0,37,32,2003,0,,12,,,,,,1,1,16,2,0,,1,0,3,0,11,5,,,,,0,0,3,3,1,0,,,,0,,,,,,0,,,,,,99301,53,62,104,6,2,0,0,0,1,,0,,,,,,0,11-15-2020,11-15-2020,8,0,0,0,8,9,8,,,0,,,8,8,0,0,,,0,,,0,0,996,,,,,,,,,,,,,,,,,,,,,,,,,,,,,,0,0,0,0,0,0,1,1,0,0,0,0,0,0,0,0,0,0,0,1,1,1,1,1,1,1,1,1,0,1,0,0,0,0,0,,0,0,0,0,0,0,0,0,0,0,0,0,0,0,0,0,,,,,,16-17,16-25,Interstate,U,Monday,Belt Used,PV,Not Fatal,0,0,0,1,State Route,State Patrol,Washington State Patrol,0,1,0,0,0,,,,,,0,0,0,,,,,,,,,,,98,98,98,0,,,,,20,,,,,,,,,1,0,,,,,,
2017,139,632523,2,05-05-2017,22:07,5,5,May,0,57,Skagit,0,10,0,2,2,2,1,0,3,2,22:09,22:17,22:40,12,0,2,Front-to-Front,1.6,1,0,1,No intersection,4,2,1,3,0,0,0,0,SR-536,,-122.3990806,48.44282222,98273,0,1,50,Lateral Move(Left/Right),10,2,45,34,0,0,1,2,12,1,1,2,1,1,Going Straight,1,1,53,,0,63,32,2010,0,,12,12,12,,,,1,1,82,2,7,,4,7,20,7,11,0,03-01-2021,14:40,1.66E+11,11098,0,0,3,3,1,51,,,,96,,,,,,0,,,,,,99352,53,64,190,6,1,0,0,0,0,,0,,,,,,0,,,8,0,0,0,0,9,8,,,0,,,8,8,2,996,996,996,1,1,1,2,1,0,,,,,,,,,,,,,,,,,,,,,,,,,,,,,,0,0,0,0,0,0,1,1,0,0,0,0,0,0,0,0,0,0,0,1,1,1,1,1,1,1,1,1,0,1,0,0,0,1,0,,1,0,0,0,0,0,1,1,0,0,0,0,0,0,1,0,,,,,,81+,76+,Interstate,U,Monday,Not Used,PV,White,0,0,0,1,State Route,State Patrol,Washington State Patrol,0,1,0,0,0,,,,,,0,0,0,,,,,,,,,,,98,98,98,1,,,,,20,,,,,,,,,1,0,,,,,,
2021,140,635563,6,04-21-2021,20:18,21,4,April,,25,Grant,0,1,,5,1,2,1,0,2,2,,,,12,0,2,Front-to-Front,14.2,1,0,1,No intersection,2,1,1,3,0,0,0,0,SR-26,,-119.7030194,46.899025,99357,0,2,51,Lateral Move(Going Straight),62,4,60,34,0,0,1,2,12,1,1,2,1,1,Going Straight,1,3,53,,0,12,481,2013,0,,8,12,,,,,1,1,47,1,0,,0,0,3,0,11,0,,,,,0,0,0,3,1,0,,,,96,,,,,,98,,,,,,98030,53,69,245,6,1,0,1,1,0,,0,,,,,,0,03-15-2017,03-15-2017,1,0,0,0,8,9,8,,,0,,,8,8,2,695,605,,1,1,,2,1,0,,,,,,,,,,,,,,,,,,,,,,,,,,,,,,0,0,0,1,0,0,1,1,1,1,1,0,0,0,0,0,0,0,0,0,0,0,0,0,0,0,0,0,1,1,0,1,0,0,0,,0,0,0,0,0,0,1,1,0,0,0,0,0,0,1,0,,,,,,46-50,46-55,City street,U,Saturday,Belt Used,PV,Not Fatal,1,0,0,0,City Street,Municipal/City Police,Tacoma Police Department,0,0,0,1,0,,,,,,0,0,0,,,,,,,,,,,98,98,98,0,,,,,20,,,,,,,,,1,0,,,,,,
2021,140,635562,6,04-21-2021,20:18,21,4,April,,25,Grant,0,1,,5,1,2,1,0,2,2,,,,12,0,2,Front-to-Front,14.2,1,0,1,No intersection,2,1,1,3,0,0,0,0,SR-26,,-119.7030194,46.899025,99357,0,1,50,Lateral Move(Left/Right),10,2,60,20,0,0,1,2,12,1,1,2,1,6,Others,1,1,53,,0,41,403,2020,0,,12,,,,,,1,1,31,2,7,,4,7,3,0,11,0,03-07-2021,11:07,53013088,13088,0,0,3,3,1,0,,,,96,,,,,,98,,,,,,98444,53,65,130,6,1,0,0,0,0,,0,,,,,,0,,,8,0,0,0,0,9,8,,,0,,,8,8,2,1,,,1,,,2,1,0,,,,,,,,,,,,,,,,,,,,,,,,,,,,,,0,0,0,1,0,0,1,1,0,0,0,0,1,0,0,0,0,0,0,0,0,0,0,0,0,0,0,0,0,1,0,0,0,0,0,,1,0,0,0,0,0,0,0,0,0,0,0,0,0,0,0,,,,,,31-35,26-35,County road,U,Sunday,Belt Used,PV,White,1,0,0,0,County Road,County Sheriff,Law Enforcement Support Agency,0,0,1,0,0,,,,,,0,0,0,,,,,,,,,,,98,98,98,1,,,,,20,,,,,,,,,1,0,,,CANYON RD E,7.77,128 ST E,3.15
2020,140,634770,169,05-14-2020,19:02,14,5,May,,67,Thurston,1102,10,,1,1,2,1,0,3,1,,,,5,0,0,No vehicle,0,1,0,1,No intersection,7,2,4,6,0,0,0,0,EMMITT LN SE,,-122.8250056,46.99498056,98513,0,1,0,Others,98,7,0,34,0,0,1,3,5,1,1,8,8,1,Going Straight,3,1,53,,0,55,33,2017,0,,12,,,,,,1,1,32,1,0,,1,0,99,7,11,5,,,,,0,0,3,3,1,8,,,,96,,,,,,9,,,,,,98402,53,73,240,6,1,0,0,0,0,,97,,,,,,3,,,99,0,0,0,8,9,8,,,0,,,1,8,2,337,401,417,1,1,1,2,1,0,,,,,,,,,,,,,,,,,,,,,,,,,,,,,,0,0,0,1,0,0,1,1,0,0,0,0,1,0,0,0,0,0,0,0,0,0,0,0,0,0,0,0,0,1,0,0,0,0,0,,0,0,0,0,0,0,1,1,0,1,0,0,0,0,1,0,,,,,,31-35,26-35,County road,U,Sunday,Unknown,PV,Not Fatal,1,0,0,0,County Road,County Sheriff,Law Enforcement Support Agency,0,0,1,0,0,thc,5.4,carboxy-thc,45,,0,0,0,,,,,,,,,,,98,98,98,0,,,,,20,,,,,,,,,1,0,,,CANYON RD E,7.77,128 ST E,3.15
2019,140,634053,6,04-30-2019,21:16,30,4,April,,25,Grant,0,1,0,2,1,2,1,0,8,2,,,,12,0,6,Angle,12,2,0,2,4 Way,4,1,1,3,0,0,0,0,SR-283,ROAD 9 NW,-119.6438056,47.22064167,98823,0,2,86,Others,66,4,60,15,0,0,1,2,12,1,1,2,1,1,Going Straight,6,1,53,,0,41,35,2002,0,,12,8,64,25,,,1,1,22,1,0,,0,0,3,0,11,0,,,,,0,0,0,3,1,0,,,,96,,,,,,98,,,,,,98531,53,68,164,6,1,0,0,0,0,,0,,,,,,0,,,1,0,0,0,8,9,2,,,0,,,8,8,0,0,,,0,,,0,0,996,,,,,,,,,,,,,,,,,,,,,,,,,,,,,,0,0,0,0,0,0,0,0,0,1,1,0,0,0,0,0,0,0,0,0,0,0,0,1,1,0,0,0,0,1,0,1,0,0,0,,0,0,0,0,0,0,0,0,0,0,0,0,0,0,0,0,,,,,,21-25,16-25,Interstate,R,Friday,Belt Used,PV,Not Fatal,0,0,0,0,State Route,State Patrol,Washington State Patrol,0,1,0,0,0,,,,,,0,0,0,,,,,,,,,,,98,98,98,0,,,,,20,,,,,,,,,1,23,,,,,,
2019,140,634052,6,04-30-2019,21:16,30,4,April,,25,Grant,0,1,0,2,1,2,1,0,8,2,,,,12,0,6,Angle,12,2,0,2,4 Way,4,1,1,3,0,0,20,3,SR-283,ROAD 9 NW,-119.6438056,47.22064167,98823,0,1,87,Others,15,2,50,4,0,0,1,2,12,1,1,2,1,1,Going Straight,2,2,53,,0,30,40,2001,0,,64,1,24,,,,1,1,44,2,7,,4,0,20,7,11,5,02/21/2021,11:39,1.96E+11,9358,0,0,3,3,1,0,,,,96,,,,,,99,,,,,,98121,53,69,140,6,1,0,0,0,0,,0,,,,,,4,,,20,1,9,0,0,9,8,,,0,,,9,9,2,996,522,605,1,1,1,2,1,0.226,,,,,,,,,,,,,,,,,,,,,,,,,,,,,,0,0,1,0,1,1,1,1,1,0,0,0,1,0,0,0,0,0,0,1,0,0,0,0,0,0,0,0,0,1,0,0,0,1,0,,1,0,0,0,0,1,1,1,0,1,0,0,0,0,0,1,,,,,,41-45,36-45,Interstate,U,Sunday,Not Used,PV,White,0,1,0,0,State Route,State Patrol,Washington State Patrol,1,1,0,0,0,thc,1,,,,0,0,0,,,,,,,,,,,98,98,98,1,,,,,20,,,,,,,,nms,1,0,,,,,,
2018,140,633290,1,05-17-2018,12:15,17,5,May,0,21,Franklin,1660,1,0,1,1,2,1,0,2,2,,,,12,0,2,Front-to-Front,12.8,1,0,1,No intersection,1,2,1,1,0,0,0,0,I-182,,-119.1160556,46.24856111,99301,0,2,51,Lateral Move(Going Straight),54,3,60,66,1,0,1,5,12,1,1,2,3,1,Going Straight,1,3,53,,0,7,26,2008,0,,64,25,69,63,25,69,1,1,23,1,7,,4,7,20,7,11,0,02/19/2021,16:45,1.96E+11,9859,0,0,0,3,1,0,,,,96,,,,,,99,,,,,,76712,48,,999,6,1,1,1,1,0,,0,,,,,,3,11-15-2017,03-15-2019,8,2,9,0,0,9,8,,,0,,,1,9,2,996,401,417,1,1,1,2,1,0,,,,,,,,,,,,,,,,,,,,,,,,,,,,,,0,0,1,0,0,0,1,1,0,0,0,0,1,0,0,0,0,0,0,1,0,0,0,1,1,0,0,0,0,1,0,0,0,1,0,,1,0,0,0,0,0,1,1,0,1,0,0,0,0,1,0,,,,,,21-25,16-25,Interstate,U,Friday,Not Used,PV,Multiracial,0,1,0,0,State Route,State Patrol,Washington State Patrol,1,1,0,0,0,,,,,,2,0,0,,,,,,,,,,,98,98,98,202,201,,,,20,,,,,,,,,1,0,,,,,,
2018,140,633289,1,05-17-2018,12:15,17,5,May,0,21,Franklin,1660,1,0,1,1,2,1,0,2,2,,,,12,0,2,Front-to-Front,12.8,1,0,1,No intersection,1,2,1,1,0,0,0,0,I-182,,-119.1160556,46.24856111,99301,0,1,50,Lateral Move(Left/Right),54,3,98,34,0,0,1,2,12,1,1,2,3,1,Going Straight,1,3,53,,0,30,47,2000,0,,12,,,,,,1,1,68,1,1,,4,7,3,0,11,0,03-05-2021,23:54,53011360,11360,0,0,0,3,1,0,,,,0,,,,,,98,,,,,,99336,53,68,185,6,1,0,0,0,1,,0,,,,,,0,03-15-2019,03-15-2019,8,0,0,0,0,9,8,,,0,,,9,9,8,95,,,96,,,2,98,997,,,,,,,,,,,,,,,,,,,,,,,,,,,,,,0,0,0,0,1,0,0,0,0,0,0,0,0,1,0,0,0,0,0,0,0,0,0,0,0,1,0,0,0,1,0,0,0,0,0,,1,0,0,0,0,0,0,0,0,0,0,0,0,0,0,0,,,,,,66-70,66-75,State route,R,Friday,Belt Used,PV,Hispanic,0,1,1,0,State Route,State Patrol,Washington State Patrol,0,1,0,0,0,,,,,,0,0,0,,,,,,,,,,,98,98,98,98,,,,,20,,,,,,,,,1,0,,,,,,
2017,141,632548,35,05-11-2017,11:15,11,5,May,0,53,Pierce,2230,2,0,1,6,2,1,0,4,4,11:12,11:22,11:34,12,0,1,Front-to-Rear,129.6,1,0,1,No intersection,1,2,1,1,0,0,0,0,I-5,,-122.4644944,47.18220278,98408,0,1,20,Others,50,3,60,66,1,0,1,2,30,1,1,4,3,1,Going Straight,1,3,18,,0,23,481,2007,0,,68,12,,,,,1,1,42,1,0,,3,0,3,0,11,5,,,,,0,0,0,0,1,28,,,,96,,,,,,9,,,,,,99362,53,65,180,0,0,0,0,0,1,,1,,,,,,0,09-15-2018,09-15-2018,99,0,0,0,8,9,8,,,0,,,8,1,8,95,,,96,,,2,98,997,,,,,,,,,,,,,,,,,,,,,,,,,,,,,,0,0,0,0,1,0,0,0,0,0,0,0,0,1,0,0,0,0,0,0,0,0,0,0,0,1,0,0,0,1,0,0,0,0,0,,0,0,0,0,0,0,0,0,0,0,0,1,0,0,0,1,,,,,,41-45,36-45,State route,R,Friday,Belt Used,PV,Not Fatal,0,1,1,0,State Route,State Patrol,Washington State Patrol,0,1,0,0,0,,,,,,0,0,0,,,,,,,,,,,98,98,98,0,,,,,20,,,,,,,,,1,0,,,,,,
2020,141,634771,26,05-09-2020,14:57,9,5,May,,35,Kitsap,0,1,,1,1,2,1,1,1,1,14:50,15:03,,9,1,0,No vehicle,4.5,1,0,1,No intersection,5,2,2,4,0,0,0,0,CR-BETHEL BURLEY RD SE,,-122.6313833,47.46756944,98367,0,1,13,Pedestrian/Animal,80,5,45,4,0,0,1,2,9,1,2,2,1,1,Going Straight,1,2,30,,0,37,441,2007,0,,12,63,2,,,,1,1,36,1,7,,4,7,99,7,11,0,02/25/2021,19:25,10053011622,11622,0,0,3,3,1,0,,,,0,,,,,,98,,,,,,98042,53,69,200,6,1,0,0,0,0,,0,,,,,,0,,,99,0,0,0,0,9,8,,,0,,,9,9,2,402,407,,1,1,,2,1,0,,,,,,,,,,,,,,,,,,,,,,,,,,,,,,0,0,0,0,0,0,1,1,1,0,0,0,0,1,0,0,0,0,0,0,0,0,0,0,0,0,0,0,0,1,0,0,0,0,0,,1,0,0,0,0,0,1,1,0,0,0,0,0,0,1,0,,,,,,36-40,36-45,State route,U,Thursday,Unknown,PV,API,0,0,0,1,State Route,State Patrol,Washington State Patrol,0,1,0,0,0,,,,,,0,0,0,,,,,,,,,,,98,98,98,68,,,,,20,,,,,,,,,1,0,,,,,,
2017,141,632550,35,05-11-2017,11:15,11,5,May,0,53,Pierce,2230,2,0,1,6,2,1,0,4,4,11:12,11:22,11:34,12,0,1,Front-to-Rear,129.6,1,0,1,No intersection,1,2,1,1,0,0,0,0,I-5,,-122.4644944,47.18220278,98408,0,3,98,Others,98,7,60,5,0,0,1,2,12,1,1,4,3,5,Others,1,1,40,,0,20,403,2005,0,,12,,,,,,1,1,39,1,0,,3,0,99,7,11,5,,,,,0,0,0,2,1,6,51,,,96,,,,,,9,,,,,,98349,53,68,175,1,1,0,4,0,1,,97,,,,,,0,01-15-2017,04-15-2021,1,0,0,0,8,9,8,,,0,,,1,0,2,401,417,695,1,1,1,2,1,0,,,,,,,,,,,,,,,,,,,,,,,,,,,,,,0,0,0,0,0,0,1,1,1,0,0,0,0,1,0,0,0,0,0,0,0,0,0,0,0,0,0,0,0,1,0,0,0,0,0,,0,0,0,0,0,0,1,1,0,0,0,1,0,0,1,0,,,,,,36-40,36-45,State route,U,Thursday,Unknown,PV,Not Fatal,0,0,0,1,State Route,State Patrol,Washington State Patrol,0,1,0,0,0,thc,4.7,carboxy-thc,63,,0,0,1,1,1,1,,,605,321,351,,,98,98,98,0,,,,,20,,,,,,,,,1,0,,,,,,
2021,141,635567,5,05-14-2021,17:14,14,5,May,,59,Skamania,0,1,,1,1,2,1,0,2,2,,,,24,0,0,No vehicle,23.4,1,0,1,No intersection,3,1,1,3,0,0,0,0,SR-14,,-122.21415,45.56603333,98671,0,1,1,Driver Off Road,13,2,50,80,0,0,1,2,24,1,2,2,1,6,Others,1,2,41,,0,87,881,2007,0,,12,63,24,,,,1,1,65,1,0,,0,0,3,0,11,0,,,,,6,1,0,3,1,0,,,,96,,,,,,98,,,,,,98935,53,66,190,6,1,0,3,0,1,,0,,,,,,0,12-15-2017,01-15-2020,20,0,0,0,8,9,8,,,0,,,8,8,0,0,,,0,,,0,0,996,,,,,,,,,,,,,,,,,,,,,,,,,,,,,,0,0,0,1,0,0,0,0,0,0,0,0,0,0,0,0,0,0,1,0,0,0,0,0,0,1,1,1,0,1,1,0,0,0,0,,0,0,0,0,0,0,0,0,0,0,0,0,0,0,0,0,,,,,,61-65,56-65,US highway,R,Thursday,,MHTRUCK,Not Fatal,1,0,0,0,State Route,State Patrol,Washington State Patrol,0,1,0,0,0,,,,,,0,0,0,,,,,,,,,,,98,98,98,0,,,,,20,,,,,,,,,1,0,,,,,,
2021,141,635568,5,05-14-2021,17:14,14,5,May,,59,Skamania,0,1,,1,1,2,1,0,2,2,,,,24,0,0,No vehicle,23.4,1,0,1,No intersection,3,1,1,3,0,0,0,0,SR-14,,-122.21415,45.56603333,98671,0,2,98,Others,98,7,50,66,1,0,1,5,12,1,2,2,1,1,Going Straight,1,3,53,,0,12,24,2018,0,,12,,,,,,1,1,49,2,0,,0,0,3,0,11,0,,,,,0,0,0,3,1,0,,,,96,,,,,,98,,,,,,98930,53,60,138,6,1,0,0,0,0,,0,,,,,,0,,,20,0,0,0,8,9,8,,,0,,,8,8,0,0,,,0,,,0,0,996,,,,,,,,,,,,,,,,,,,,,,,,,,,,,,0,0,0,1,0,0,0,0,0,0,0,0,0,0,0,0,0,0,1,0,0,0,0,0,0,1,1,1,0,1,1,0,0,0,0,,0,0,0,0,0,0,0,0,0,0,0,0,0,0,0,0,,,,,,46-50,46-55,US highway,R,Thursday,Belt Used,PV,Not Fatal,1,0,0,0,State Route,State Patrol,Washington State Patrol,0,1,0,0,0,,,,,,0,0,0,,,,,,,,,,,98,98,98,0,,,,,20,,,,,,,,,1,0,,,,,,
2018,141,633265,5,05-12-2018,17:51,12,5,May,0,11,Clark,1080,1,0,1,1,2,1,0,1,1,,,,1,0,0,No vehicle,16.1,1,0,1,No intersection,1,1,1,1,0,0,0,0,I-5,,-122.7011833,45.84898333,,0,1,6,Drive off road,12,2,70,34,0,0,1,7,1,1,1,3,3,1,Going Straight,1,1,53,,0,14,17,2005,0,,12,12,,,,,1,1,93,1,7,,4,0,3,0,11,5,03-09-2021,15:41,1.96E+11,11837,0,0,0,3,1,38,48,,,96,,,,,,98,,,,,,98948,53,69,230,6,1,0,0,0,0,,0,,,,,,0,,,1,0,0,0,0,9,8,,,0,,,8,8,0,0,,,0,,,0,0,996,,,,,,,,,,,,,,,,,,,,,,,,,,,,,,0,0,0,1,0,0,0,0,0,0,0,0,0,0,0,0,0,0,1,0,0,0,0,0,0,1,1,1,0,1,1,0,0,0,0,,1,0,0,0,0,0,0,0,0,0,1,0,0,0,0,0,,,,,,81+,76+,US highway,R,Thursday,Belt Used,PV,White,1,0,0,0,State Route,State Patrol,Washington State Patrol,0,1,0,0,0,,,,,,0,0,0,,,,,,,,,,,98,98,98,1,,,,,20,,,,,,,,,1,0,,,,,,
2017,141,632551,35,05-11-2017,11:15,11,5,May,0,53,Pierce,2230,2,0,1,6,2,1,0,4,4,11:12,11:22,11:34,12,0,1,Front-to-Rear,129.6,1,0,1,No intersection,1,2,1,1,0,0,0,0,I-5,,-122.4644944,47.18220278,98408,0,4,98,Others,98,7,60,14,0,0,1,2,12,1,1,4,3,5,Others,1,1,53,,0,37,421,2012,0,,63,67,1,,,,1,1,67,1,7,,4,7,20,7,11,0,02/21/2021,11:30,53010560,10560,0,0,3,3,1,0,,,,0,,,,,,2,,,,,,98605,53,72,240,6,1,0,0,0,0,,0,,,,,,0,,,1,0,0,0,0,9,8,,,0,,,9,9,2,1,,,1,,,2,1,0,,,,,,,,,,,,,,,,,,,,,,,,,,,,,,0,0,1,0,0,0,0,0,0,0,0,0,0,0,0,1,0,0,0,1,0,0,0,0,0,1,0,0,0,1,0,0,0,1,0,,1,0,0,0,0,0,0,0,0,0,0,0,0,0,0,0,,,,,,66-70,66-75,County road,R,Sunday,Not Used,PV,White,0,1,0,0,County Road,County Sheriff,Skamania County Sheriff's Office,1,0,1,0,0,,,,,,0,0,0,,,,,,,,,,,98,98,98,1,,,,,20,,,,,,,,,1,0,,,COOK-UNDERWOOD ROAD,11.2,NULL,