year,something,Cases,repjur,crash_dt,crash_tm,accday,Month,Month,holiday,county,co_char,city,weather,weather2,lightcond,surfcond,surftype,Number of Fatalities,nmforms,pforms,vforms,not_tm,arr_tm,hosp_tm,fhevent,hitrun,Manner of Collision,Manner of Collision,milepnt,reljunc,reljuncinter,intersectiontype,Intersection Type,funcsystem,landuse,ownership,route,schlbus,spejur,contdev,devfunc,trafid1,trafid2,x,y,zipcode,wk_zone,vnumber,crashtype,Crash Type,criticalevent,criticaleventcat,spdlim,body,trailer,emerg,hazcargo,leave,mhevent,roadalgn,roadprof,traflane,trafflow,Vehicle Manure,Vehicle Manure,numoccs,regowner,regstate,,spuse,make,model,modelyr,vrf1,vrf2,seqevent1,seqevent2,seqevent3,seqevent4,seqevent5,seqevent6,pnumber,ptype,age,sex,hispanic,race,injury,diedscene,restraint,restraintmisuse,seatpos,takehosp,death_dt,death_tm,cert,cernum_wa,commlic,licendor,licrestrict,liccomp,drivpres,drf1,drf2,drf3,drf4,distract1,distract2,distract3,distract4,distract5,distract6,dricond1,dricond2,dricond3,dricond4,dricond5,dricond6,dzip,licstate,drhgt_in,weight,noncdl,noncdltype,prevdwi,prevoth,prevacc,prevspd,prevsus,driviol1,driviol2,driviol3,driviol4,driviol5,driviol6,spdrel,first_dt,last_dt,airbag,ejection,ejectpath,extricat,injurwrk,methalc,methdrug,nmlocat,strikveh,prf1,prf2,prf3,druginv,alcinvol,drugsts,drugres1,drugres2,drugres3,drugtst1,drugtst2,drugtst3,alcsts,alctst,alcres,nmact1,nmact2,nmact3,nmact4,nmact5,nmact6,nmprior1,nmprior2,nmprior3,nmprior4,nmprior5,nmprior6,nmcond1,nmcond2,nmcond3,nmcond4,nmcond5,nmcond6,nmsafe_helmet,nmsafe_pads,nmsafe_oth,nmprev_ref,nmprev_lgt,nmprev_oth,crashlocation,nmcrashtype,crosswalk,schoolzone,sidewalk,train_inv,wildlife_inv,rotr_fars,intersect_fars,Drink and Drive,aid_inv,Drug Positive Drivers,Impaired Drivers,Marijuana Positive,impnm_inv,ainm_inv,dpnm_inv,speed_inv,unlic_inv,unendmc_inv,drowsy_inv,drdist_inv,nmdist_inv,fty_inv,unrestfat_inv,dr1617_inv,dr1820_inv,dr1620_inv,dr2125_inv,dr1625_inv,dr65_inv,dr70_inv,dr75_inv,mc_inv,pv_inv,ht_inv,ped_inv,bike_inv,unrest_fat,mc_fat,unhelmet_mc,pv_fat,ht_fat,ped_fat,bike_fat,dr_alc7,dr_alc8,dr_drug,dr_imp,dr_dist,dr_spd,dr_fty,dr_unlic,dr_alc7only,dr_alc8only,dr_drugonly,dr_drink,nm_imp,nm_alc7,nm_alc8,nm_drug,nm_dist,agegrp1,agegrp2,roadclass,urbrur,dayweek,restuse,vehtype,race_me,intersect,lanedep,oppdir,wrongway,rep_typ,investag,repag_long,rotr,st_rd,cty_rd,city_rd,oth_rd,drug_thc,thc_res,drug_cthc,cthc_res,drug_cann,prevpersemin,prevperse,prevsusoth,drugtst4,drugtst5,drugtst6,drugtst7,drugtst8,drugres4,drugres5,drugres6,drugres7,drugres8,adspresent,adsengaged,adslevel,race1,race2,race3,race4,race5,helmet,helmetmisuse,nmdistract1,nmdistract2,nmdistract3,nmdistract4,nmdistract5,nmdistract6,lab,isedtcase,crf1,crf2,crf3,CoRoadName,CoMP,IntCoRoadName,IntCoMP
2017,141,632549,35,05-11-2017,11:15,11,5,May,0,53,Pierce,2230,2,0,1,6,2,1,0,4,4,11:12,11:22,11:34,12,0,1,Front-to-Rear,129.6,1,0,1,No intersection,1,2,1,1,0,0,0,0,I-5,,-122.4644944,47.18220278,98408,0,2,21,Others,53,3,60,61,0,0,1,2,12,1,1,4,3,5,Others,1,3,53,,0,48,45,2016,0,,8,,,,,,1,1,51,1,0,,0,0,3,0,11,0,,,,,0,0,3,3,1,0,,,,96,,,,,,98,,,,,,98406,53,72,205,6,1,0,0,0,1,,0,,,,,,0,02-15-2019,02-15-2019,20,0,0,0,8,9,8,,,0,,,8,8,8,95,,,96,,,2,98,0,,,,,,,,,,,,,,,,,,,,,,,,,,,,,,0,0,0,0,0,0,0,0,0,1,0,1,0,0,0,0,0,0,0,0,0,0,0,0,0,0,0,0,0,1,0,1,0,0,0,,0,0,0,0,0,0,0,0,0,0,0,0,0,0,0,0,,,,,,51-55,46-55,State route,U,Friday,Belt Used,PV,Not Fatal,0,0,0,0,State Route,Municipal/City Police,Milton Police Department,0,1,0,0,0,,,,,,0,0,0,,,,,,,,,,,98,98,98,0,,,,,20,7,,,,,,,,0,0,,,,,,
2019,141,634056,290,05-14-2019,21:31,14,5,May,,53,Pierce,2230,2,0,3,2,2,1,1,1,1,,,,8,1,0,No vehicle,0,1,0,1,No intersection,7,2,4,6,0,3,0,0,44TH AVE NE,,-122.388925,47.28567222,98422,0,1,13,Pedestrian/Animal,80,5,25,4,0,0,1,5,8,1,2,2,1,1,Going Straight,99,9,99,,0,37,31,2008,0,,8,,,,,,1,1,47,2,0,,0,0,99,7,11,0,,,,,0,0,0,3,1,0,,,,96,,,,,,98,,,,,,98665,53,61,210,6,1,0,0,0,0,,0,,,,,,0,08-15-2016,02-15-2017,20,0,0,0,8,9,8,,,0,,,8,8,0,0,,,0,,,0,0,996,,,,,,,,,,,,,,,,,,,,,,,,,,,,,,0,0,0,0,0,0,0,0,0,1,0,1,0,0,0,0,0,0,0,0,0,0,0,0,0,0,0,0,0,1,1,1,0,0,0,,0,0,0,0,0,0,0,0,0,0,0,0,0,0,0,0,,,,,,46-50,46-55,Interstate,U,Tuesday,Unknown,PV,Not Fatal,0,0,0,0,State Route,State Patrol,Washington State Patrol,0,1,0,0,0,,,,,,0,0,3,,,,,,,,,,,98,98,98,0,,,,,20,,,,,,,,,1,0,,,,,,
2021,142,635569,35,05-21-2021,23:26,21,5,May,,53,Pierce,0,1,,2,1,2,1,0,1,1,,,,43,0,0,No vehicle,3.3,1,0,1,No intersection,3,2,2,4,0,0,0,0,CR-152ND ST E,,-122.3761278,47.11816667,98446,0,1,6,Drive off road,12,2,35,4,0,0,1,2,43,2,1,2,1,14,Making a U turn,1,1,53,,0,82,881,2020,0,,8,,,,,,1,1,31,2,0,,0,0,3,0,11,0,,,,,6,1,3,3,1,0,,,,96,,,,,,98,,,,,,97322,41,61,215,6,1,0,2,1,0,,0,,,,,,0,06-15-2018,05-15-2019,20,0,0,0,8,9,8,,,0,,,0,8,0,0,,,0,,,0,0,996,,,,,,,,,,,,,,,,,,,,,,,,,,,,,,0,0,0,0,0,0,0,0,0,1,0,1,0,0,0,0,0,0,0,0,0,0,0,0,0,0,0,0,0,1,1,1,0,0,0,,0,0,0,0,0,0,0,0,0,0,0,0,0,0,0,0,,,,,,31-35,26-35,Interstate,U,Tuesday,,MHTRUCK,Not Fatal,0,0,0,0,State Route,State Patrol,Washington State Patrol,0,1,0,0,0,,,,,,0,0,0,,,,,,,,,,,98,98,98,0,,,,,20,,,,,,,,,1,0,,,,,,
2020,142,634772,1,05-15-2020,10:25,15,5,May,,5,Benton,0,1,,1,1,2,1,0,1,1,,,,1,0,0,No vehicle,92.5,1,0,1,No intersection,1,1,1,1,0,0,0,0,I-82,,-119.5574278,46.26755278,,0,1,6,Drive off road,12,2,70,6,0,0,1,2,1,2,1,2,2,14,Making a U turn,1,2,53,,0,34,34,2017,0,,8,,,,,,1,1,37,1,0,,0,0,3,0,11,0,,,,,0,0,0,3,1,0,,,,96,,,,,,98,,,,,,97267,41,70,170,6,1,0,1,1,1,,0,,,,,,0,01-15-2019,12-15-2020,20,0,0,0,8,9,8,,,0,,,8,8,0,0,,,0,,,0,0,996,,,,,,,,,,,,,,,,,,,,,,,,,,,,,,0,0,0,0,0,0,0,0,0,1,0,1,0,0,0,0,0,0,0,0,0,0,0,0,0,0,0,0,0,1,1,1,0,0,0,,0,0,0,0,0,0,0,0,0,0,0,0,0,0,0,0,,,,,,36-40,36-45,Interstate,U,Tuesday,Belt Used,PV,Not Fatal,0,0,0,0,State Route,State Patrol,Washington State Patrol,0,1,0,0,0,,,,,,0,0,0,,,,,,,,,,,98,98,98,0,,,,,20,,,,,,,,,1,0,,,,,,
2019,142,633834,55,01-22-2019,18:47,22,1,Jan,,33,King,100,2,0,3,2,2,1,1,1,1,,,,8,0,0,No vehicle,0.9,1,0,1,No intersection,3,2,1,3,0,0,0,0,SR-164,,-122.2124556,47.29356667,98002,0,1,13,Pedestrian/Animal,80,5,45,34,0,0,1,7,8,1,1,5,5,1,Going Straight,1,1,53,,0,85,881,2013,0,,8,,,,,,1,1,42,1,0,,0,0,3,0,11,0,,,,,6,0,0,3,1,0,,,,96,,,,,,98,,,,,,98374,53,68,178,6,1,0,0,2,0,,0,,,,,,0,12-15-2017,06-15-2018,20,0,0,0,8,9,8,,,0,,,8,8,0,0,,,0,,,0,0,996,,,,,,,,,,,,,,,,,,,,,,,,,,,,,,0,0,0,0,0,0,0,0,0,1,0,1,0,0,0,0,0,0,0,0,0,0,0,0,0,0,0,0,0,1,1,1,0,0,0,,0,0,0,0,0,0,0,0,0,0,0,0,0,0,0,0,,,,,,41-45,36-45,Interstate,U,Tuesday,,MHTRUCK,Not Fatal,0,0,0,0,State Route,State Patrol,Washington State Patrol,0,1,0,0,0,,,,,,0,0,0,,,,,,,,,,,98,98,98,0,,,,,20,,,,,,,,,1,0,,,,,,
2018,142,633270,305,05-21-2018,20:24,21,5,May,0,11,Clark,2370,1,0,1,1,2,1,0,1,1,,,,33,0,0,No vehicle,0,1,0,1,No intersection,3,2,4,6,0,0,0,0,NE FOURTH PLAIN BLVD,,-122.5144028,45.67216667,98682,0,1,6,Drive off road,12,2,40,49,0,0,1,7,32,1,1,5,5,1,Going Straight,1,1,53,,0,12,17,2009,0,,12,,,,,,1,1,29,1,0,,0,0,3,0,11,0,,,,,0,0,3,3,1,0,,,,0,,,,,,98,,,,,,98367,53,68,136,6,1,0,0,0,0,,0,,,,,,0,,,1,0,0,0,8,9,8,,,0,,,8,8,8,95,,,96,,,8,95,995,,,,,,,,,,,,,,,,,,,,,,,,,,,,,,0,0,0,0,0,0,0,0,0,0,0,0,0,0,0,0,0,0,0,0,0,0,0,0,0,1,1,0,0,1,0,1,0,0,0,,0,0,0,0,0,0,0,0,0,0,0,0,0,0,0,0,,,,,,26-30,26-35,State route,R,Friday,Belt Used,PV,Not Fatal,0,1,1,0,State Route,State Patrol,Washington State Patrol,0,1,0,0,0,,,,,,0,0,0,,,,,,,,,,,98,98,98,0,,,,,20,,,,,,,,,1,0,,,,,,
2017,142,632522,35,05-06-2017,18:28,6,5,May,0,53,Pierce,0,1,0,1,1,2,1,0,1,1,18:24,18:31,,42,0,0,No vehicle,0.4,3,0,3,T Intersection,6,1,2,4,0,0,0,0,CR-PATTERSON RD E,213TH AVE CT E,-122.1509556,47.08992778,98360,0,1,6,Drive off road,12,2,35,14,0,0,1,2,42,3,2,2,1,14,Making a U turn,1,1,53,,0,55,35,2009,0,,12,8,68,12,,,1,1,74,1,0,,1,0,3,0,11,5,,,,,0,0,3,3,1,0,,,,0,,,,,,98,,,,,,98366,53,69,180,6,1,0,0,0,0,,0,,,,,,0,,,1,0,0,0,8,9,8,,,0,,,8,8,8,95,,,96,,,8,95,995,,,,,,,,,,,,,,,,,,,,,,,,,,,,,,0,0,0,0,0,0,0,0,0,0,0,0,0,0,0,0,0,0,0,0,0,0,0,0,0,1,1,0,0,1,0,1,0,0,0,,0,0,0,0,0,0,0,0,0,0,0,0,0,0,0,0,,,,,,71-75,66-75,State route,R,Friday,Belt Used,PV,Not Fatal,0,1,1,0,State Route,State Patrol,Washington State Patrol,0,1,0,0,0,,,,,,0,0,0,,,,,,,,,,,98,98,98,0,,,,,20,,,,,,,,,1,0,,,,,,
2019,143,3706023,263,03-29-2019,21:17,29,3,March,,33,King,1960,1,0,3,1,2,1,1,1,1,,,,8,1,0,No vehicle,3.3,3,0,3,T Intersection,3,2,1,3,0,0,3,3,SR-522,NE 127TH ST,-122.2941417,47.72109167,98125,0,1,13,Pedestrian/Animal,80,5,98,4,0,0,1,5,8,1,1,3,2,1,Going Straight,1,2,53,,0,48,45,2012,0,,12,68,64,1,3,,1,1,60,1,7,,4,0,3,0,11,5,02/27/2021,20:08,2.59E+11,10220,0,0,3,3,1,0,,,,0,,,,,,98,,,,,,98953,53,74,200,6,1,0,0,1,0,,0,,,,,,0,10-15-2017,10-15-2017,8,0,0,0,0,1,8,,,0,,,9,1,2,348,996,151,1,1,1,2,1,0.036,,,,,,,,,,,,,,,,,,,,,,,,,,,,,,0,0,0,0,1,0,1,1,0,0,0,0,0,1,0,0,0,0,0,0,0,0,0,1,1,0,0,0,0,1,0,0,0,0,0,,1,0,0,0,1,0,1,1,0,0,0,0,0,0,0,1,,,,,,56-60,56-65,Interstate,U,Friday,Belt Used,PV,White,0,0,0,0,State Route,State Patrol,Washington State Patrol,0,1,0,0,0,,,,,,0,0,0,1,,,,,996,,,,,98,98,98,1,,,,,20,,,,,,,,,1,0,,,,,,
2020,143,634773,7,05-16-2020,03:10,16,5,May,,33,King,1030,10,,3,2,2,1,0,2,1,,,,35,0,0,No vehicle,148.8,1,0,1,No intersection,1,2,1,1,0,0,0,0,I-5,,-122.2899778,47.38593333,98089,0,1,1,Driver Off Road,13,2,60,3,0,0,1,2,35,1,1,5,3,1,Going Straight,2,2,53,,0,2,1,2007,0,,12,,,,,,1,1,22,2,0,,2,0,3,0,11,5,,,,,0,0,0,0,1,48,,,,96,,,,,,0,,,,,,98908,53,63,140,0,0,0,1,1,1,,97,,,,,,0,02-15-2020,09-15-2021,20,0,0,0,8,9,8,,,0,,,0,8,0,0,,,0,,,0,0,996,,,,,,,,,,,,,,,,,,,,,,,,,,,,,,0,0,0,0,1,0,1,1,0,0,0,0,0,1,0,0,0,0,0,0,0,0,0,1,1,0,0,0,0,1,0,0,0,0,0,,0,0,0,0,0,0,0,0,0,0,0,1,0,0,0,0,,,,,,21-25,16-25,Interstate,U,Friday,Belt Used,PV,Not Fatal,0,0,0,0,State Route,State Patrol,Washington State Patrol,0,1,0,0,0,,,,,,0,0,0,,,,,,,,,,,98,98,98,0,,,,,20,,,,,,,,,1,0,,,,,,
2018,143,633269,159,05-03-2018,15:15,3,5,May,0,5,Benton,1020,1,0,1,99,2,1,1,1,1,15:16,15:22,15:34,15,0,0,No vehicle,0,2,0,2,4 Way,7,2,4,6,0,0,0,0,S RAINIER ST,W 6TH ST,-119.1431222,46.20309444,99336,0,1,13,Pedestrian/Animal,83,5,25,4,0,0,1,7,15,1,1,2,1,1,Going Straight,1,1,53,,0,12,13,1994,0,,12,,,,,,1,1,31,1,0,,1,0,3,0,11,8,,,,,0,0,0,3,1,0,,,,96,,,,,,98,,,,,,98226,53,71,245,6,1,0,0,0,0,,0,,,,,,0,,,20,0,0,0,8,9,8,,,0,,,8,8,0,0,,,0,,,0,0,996,,,,,,,,,,,,,,,,,,,,,,,,,,,,,,0,0,0,0,0,0,0,0,0,0,0,0,0,0,0,0,0,0,1,0,0,0,0,0,0,1,1,1,0,1,0,0,0,0,0,,0,0,0,0,0,0,0,0,0,0,0,0,0,0,0,0,,,,,,31-35,26-35,County road,R,Thursday,Belt Used,PV,Not Fatal,0,0,0,0,County Road,County Sheriff,Whatcom County Sheriff's Office,0,0,1,0,0,,,,,,0,0,0,,,,,,,,,,,0,0,0,0,,,,,20,,,,,,,,,1,0,,,HANNEGAN RD,5.8,NULL,
2017,143,632540,2,05-12-2017,17:22,12,5,May,0,57,Skagit,0,10,0,1,1,2,1,0,2,2,17:21,17:31,,12,0,2,Front-to-Front,236.6,1,0,1,No intersection,1,1,1,1,0,0,0,0,I-5,,-122.3499083,48.55785278,98233,0,2,51,Lateral Move(Going Straight),62,4,70,63,0,0,1,2,2,1,1,4,2,1,Going Straight,1,3,53,,0,49,472,2004,0,,12,,,,,,1,1,86,2,7,,4,0,3,0,11,8,03/19/2021,03:58,1.96E+11,13813,0,0,3,3,1,38,,,,96,,,,,,98,,,,,,98226,53,65,140,6,1,0,0,0,0,,46,,,,,,0,,,1,0,0,0,0,9,8,,,0,,,8,8,0,0,,,0,,,0,0,996,,,,,,,,,,,,,,,,,,,,,,,,,,,,,,0,0,0,0,0,0,0,0,0,0,0,0,0,0,0,0,0,0,1,0,0,0,0,0,0,1,1,1,0,1,0,0,0,0,0,,1,0,0,0,0,0,0,0,0,0,1,0,0,0,0,0,,,,,,81+,76+,County road,R,Thursday,Belt Used,PV,White,0,0,0,0,County Road,County Sheriff,Whatcom County Sheriff's Office,0,0,1,0,0,,,,,,0,0,0,,,,,,,,,,,98,98,98,1,,,,,20,,,,,,,,,1,0,,,HANNEGAN RD,5.8,NULL,
2017,143,632539,2,05-12-2017,17:22,12,5,May,0,57,Skagit,0,10,0,1,1,2,1,0,2,2,17:21,17:31,,12,0,2,Front-to-Front,236.6,1,0,1,No intersection,1,1,1,1,0,0,0,0,I-5,,-122.3499083,48.55785278,98233,0,1,50,Lateral Move(Left/Right),10,2,70,6,0,0,1,2,12,1,1,4,2,1,Going Straight,1,1,53,,0,20,37,2018,0,,63,8,8,,,,1,1,27,1,0,,0,0,99,7,11,0,,,,,0,0,0,2,1,0,,,,96,,,,,,99,,,,,,98012,53,69,195,1,1,0,1,1,1,,97,,,,,,0,12-15-2019,10-15-2020,99,0,0,0,8,9,8,,,0,,,8,8,8,95,,,96,,,8,95,995,,,,,,,,,,,,,,,,,,,,,,,,,,,,,,0,0,0,0,0,0,0,0,0,1,0,1,0,1,0,0,0,0,0,0,0,0,0,0,0,0,0,0,0,1,0,1,0,0,0,,0,0,0,0,0,0,0,0,0,0,0,1,0,0,0,0,,,,,,26-30,26-35,State route,U,Friday,Unknown,PV,Not Fatal,0,0,0,0,State Route,State Patrol,Washington State Patrol,0,1,0,0,0,,,,,,0,0,1,,,,,,,,,,,98,98,98,0,,,,,20,,,,,,,,,0,0,,,,,,
2021,143,635572,106,05-14-2021,23:43,14,5,May,,33,King,532,1,,3,1,2,1,1,1,1,,,,8,1,0,No vehicle,12.2,1,0,1,No intersection,3,2,1,3,0,0,0,0,SR-99,,-122.2960583,47.39825,98198,0,1,13,Pedestrian/Animal,80,5,45,9,0,0,1,5,8,4,1,2,2,14,Making a U turn,99,9,99,,0,7,482,2012,0,,12,,,,,,1,1,36,1,0,,2,0,20,7,11,0,,,,,6,0,0,3,1,0,,,,96,,,,,,9,,,,,,83856,16,73,290,6,1,0,1,0,0,,0,,,,,,0,12-15-2018,12-15-2018,8,0,0,0,8,9,8,,,0,,,8,1,2,1,,,1,,,2,1,0.15,,,,,,,,,,,,,,,,,,,,,,,,,,,,,,0,0,0,0,1,1,1,1,1,0,0,0,0,0,0,0,0,0,0,0,0,0,0,1,1,0,0,0,0,1,0,0,0,0,0,,0,0,0,0,0,1,0,1,0,0,0,0,0,1,0,1,,,,,,36-40,36-45,State route,R,Saturday,Not Used,PV,Not Fatal,0,1,1,0,State Route,State Patrol,Washington State Patrol,0,1,0,0,0,,,,,,0,0,0,,,,,,,,,,,98,98,98,0,,,,,20,,,,,,,,,0,0,,,,,,
2020,144,634775,241,04-13-2020,06:54,13,4,April,,75,Whitman,1760,1,,1,1,2,1,0,2,2,06:57,07:03,07:25,12,0,6,Angle,4.5,2,0,3,T Intersection,3,2,1,3,0,0,3,3,SR-270,AIRPORT RD,-117.1443611,46.72170278,99164,0,2,82,Turn Into Opp Direction(Turning Left),66,4,55,3,0,0,1,2,12,1,1,3,1,11,Turning Red: Permitted on red,1,1,16,,0,12,23,2010,0,,68,12,,,,,1,1,24,2,7,,4,7,3,0,11,0,02/20/2021,21:00,53009087,9087,0,0,3,3,1,28,,,,96,,,,,,9,,,,,,99119,53,70,200,6,1,0,1,0,0,,0,,,,,,0,07-15-2020,07-15-2020,8,0,0,0,0,1,8,,,0,,,1,1,2,695,605,996,1,1,1,2,1,0.197,,,,,,,,,,,,,,,,,,,,,,,,,,,,,,0,0,0,0,1,1,1,1,1,0,0,0,0,0,0,0,0,0,0,0,0,0,0,1,1,0,0,0,0,1,0,0,0,0,0,,1,0,0,0,0,1,1,1,0,0,0,0,0,0,0,1,,,,,,21-25,16-25,State route,R,Saturday,Belt Used,PV,AIAN,0,1,1,0,State Route,State Patrol,Washington State Patrol,0,1,0,0,0,thc,14,carboxy-thc,29,,0,0,0,1,1,,,,996,334,,,,98,98,98,3,,,,,20,,,,,,,,nms,0,0,,,,,,
2020,144,634774,241,04-13-2020,06:54,13,4,April,,75,Whitman,1760,1,,1,1,2,1,0,2,2,06:57,07:03,07:25,12,0,6,Angle,4.5,2,0,3,T Intersection,3,2,1,3,0,0,3,3,SR-270,AIRPORT RD,-117.1443611,46.72170278,99164,0,1,83,Others,17,2,55,6,0,0,1,2,12,1,1,6,1,1,Going Straight,1,2,16,,0,37,704,2005,0,,68,64,24,,,,1,1,37,1,7,,4,7,20,7,11,0,02-01-2021,00:00,53007458,7458,0,0,3,2,1,23,,,,96,,,,,,98,,,,,,98585,53,72,220,6,1,2,1,1,0,,0,,,,,,4,07-15-2017,08-15-2020,20,8,0,0,0,9,8,,,0,,,9,9,2,1,,,1,,,2,1,0.245,,,,,,,,,,,,,,,,,,,,,,,,,,,,,,0,0,1,0,1,1,0,1,0,0,0,0,1,0,1,0,0,0,0,0,0,0,0,0,0,0,0,0,1,0,0,0,0,0,1,0,0,0,0,0,0,1,0,1,0,1,0,0,0,1,0,1,,,,,,36-40,36-45,County road,R,Monday,,MC,White,0,1,0,0,County Road,County Sheriff,Lewis County Sheriff's Office,1,0,1,0,0,,,,,,0,2,0,,,,,,,,,,,0,0,0,1,,,,,5,,,,,,,,,1,0,,,CENTRALIA ALPHA RD,0.6,NULL,
2021,144,635573,3,05-08-2021,22:28,8,5,May,,53,Pierce,0,10,,2,1,2,1,0,1,1,,,,42,0,0,No vehicle,32.7,1,0,1,No intersection,4,1,1,3,0,0,0,0,SR-7,,-122.3572472,46.88852778,98328,0,1,2,Control/Traction Loss,6,1,50,2,0,0,1,2,42,3,2,2,1,14,Making a U turn,1,1,53,,0,13,1,1992,0,,63,41,,,,,1,1,81,1,7,,4,0,3,0,11,8,02/14/2021,02:50,1.83E+11,8144,0,0,0,0,1,0,,,,92,,,,,,98,,,,,,98056,53,68,200,0,0,0,2,2,0,,0,,,,,,0,07-15-2017,04-15-2017,8,0,0,0,0,9,8,,,0,,,8,8,2,1,,,1,,,2,1,0,,,,,,,,,,,,,,,,,,,,,,,,,,,,,,0,0,1,0,0,0,0,0,0,0,0,0,0,1,0,0,1,0,0,0,0,0,0,0,0,1,1,1,0,1,0,0,0,0,0,,1,0,0,0,0,0,0,0,1,0,0,1,0,0,0,0,,,,,,81+,76+,State route,U,Friday,Belt Used,PV,White,1,0,0,0,State Route,Municipal/City Police,Renton Police Department,0,1,0,0,0,,,,,,0,0,2,,,,,,,,,,,0,0,0,1,,,,,20,,,,,,,,,1,0,,,,,,
2019,144,634055,6,05-11-2019,11:57,11,5,May,,47,Okanogan,0,1,0,1,1,2,1,0,3,2,,,,12,0,8,Other,278.7,1,0,1,No intersection,4,1,1,3,0,0,29,3,SR-20,,-119.1203222,48.68777222,98855,0,2,65,Others,62,4,60,34,1,0,1,7,12,3,2,2,1,14,Making a U turn,2,1,53,,0,98,734,2019,0,,63,1,,,,,1,1,51,1,7,,4,7,20,7,11,0,02/13/2021,20:56,53008152,8152,0,0,0,1,1,87,,,,96,,,,,,9,,,,,,98022,53,65,180,6,1,0,0,0,0,,0,,,,,,4,,,20,1,9,0,0,9,8,,,0,,,0,1,2,1,,,1,,,2,1,0.254,,,,,,,,,,,,,,,,,,,,,,,,,,,,,,0,0,1,0,1,1,0,1,0,0,0,0,1,0,0,0,0,0,0,0,0,0,0,0,0,0,0,0,0,0,0,0,0,0,0,,0,0,0,0,0,1,0,1,0,1,0,0,0,1,0,1,,,,,,51-55,46-55,County road,R,Saturday,,OTHVT,White,0,1,0,0,County Road,County Sheriff,King County Police,1,0,1,0,0,,,,,,0,0,0,,,,,,,,,,,0,0,0,1,,,,,17,,,,,,,,,1,0,,,236 AVE SE,2.7,NULL,
2018,144,633268,205,05-14-2018,03:25,14,5,May,0,57,Skagit,1410,1,0,2,1,2,1,1,1,1,03:31,03:39,,8,0,0,No vehicle,0,1,0,1,No intersection,4,2,4,6,0,0,0,0,E DIVISION ST,,-122.2983861,48.42096944,98274,0,1,13,Pedestrian/Animal,80,5,25,4,0,0,1,7,8,1,1,3,5,1,Going Straight,1,1,53,,0,49,32,2010,0,,12,,,,,,1,1,20,2,0,,0,0,3,0,11,0,,,,,0,0,0,3,1,0,,,,96,,,,,,98,,,,,,98858,53,60,140,6,1,0,0,0,0,,0,,,,,,0,,,20,0,0,0,8,9,8,,,0,,,8,8,0,0,,,0,,,0,0,996,,,,,,,,,,,,,,,,,,,,,,,,,,,,,,0,0,0,0,0,0,0,0,0,0,0,0,0,0,0,0,0,0,0,0,0,1,1,0,1,0,0,0,0,1,0,0,0,0,0,,0,0,0,0,0,0,0,0,0,0,0,0,0,0,0,0,,,,,,18-20,16-25,State route,U,Thursday,Belt Used,PV,Not Fatal,0,0,0,0,State Route,Municipal/City Police,Wenatchee Police Department,0,1,0,0,0,,,,,,0,0,0,,,,,,,,,,,98,98,98,0,,,,,20,,,,,,,,,1,0,,,,,,
2017,144,632538,5,05-14-2017,02:40,14,5,May,0,11,Clark,2370,2,0,3,2,2,1,0,1,1,,,,24,0,0,No vehicle,4.9,1,0,1,No intersection,2,2,1,3,0,0,0,0,SR-14,,-122.5518389,45.6038,97238,0,1,1,Driver Off Road,13,2,60,34,0,0,1,2,1,1,1,4,3,1,Going Straight,1,1,53,,0,49,403,2017,0,,64,69,12,63,19,8,1,1,63,1,0,,2,0,3,0,11,5,,,,,0,0,0,3,1,0,,,,0,,,,,,1,,,,,,98802,53,73,220,6,1,0,0,0,0,,97,,,,,,0,,,1,0,0,0,8,9,8,,,0,,,0,0,0,0,,,0,,,0,0,996,,,,,,,,,,,,,,,,,,,,,,,,,,,,,,0,0,0,0,0,0,0,0,0,0,0,0,0,0,0,0,0,0,0,0,0,1,1,0,1,0,0,0,0,1,0,0,0,0,0,,0,0,0,0,0,0,0,0,0,0,0,0,0,0,0,0,,,,,,61-65,56-65,State route,U,Thursday,Belt Used,PV,Not Fatal,0,0,0,0,State Route,Municipal/City Police,Wenatchee Police Department,0,1,0,0,0,,,,,,0,0,0,,,,,,,,,,,98,98,98,0,,,,,20,,,,,,,,,1,0,,,,,,
2019,144,634054,6,05-11-2019,11:57,11,5,May,,47,Okanogan,0,1,0,1,1,2,1,0,3,2,,,,12,0,8,Other,278.7,1,0,1,No intersection,4,1,1,3,0,0,29,3,SR-20,,-119.1203222,48.68777222,98855,0,1,64,Others,10,2,60,80,0,0,1,7,12,2,2,2,1,14,Making a U turn,1,9,95,,0,12,481,1998,0,,63,69,68,68,1,,1,1,20,1,0,,1,0,3,0,11,5,,,,,0,0,0,0,1,58,,,,96,,,,,,9,,,,,,98841,53,67,155,0,0,0,0,0,0,,12,79,,,,,0,,,8,0,0,0,8,9,8,,,0,,,1,1,2,695,605,,1,1,,2,1,0.072,,,,,,,,,,,,,,,,,,,,,,,,,,,,,,0,0,0,0,1,0,1,1,1,0,0,0,0,1,0,0,0,0,0,1,0,1,1,0,1,0,0,0,0,1,0,0,0,0,0,,0,0,0,0,1,0,1,1,0,0,0,1,0,0,0,1,,,,,,18-20,16-25,State route,R,Saturday,Belt Used,PV,Not Fatal,0,0,0,0,State Route,State Patrol,Washington State Patrol,0,1,0,0,0,thc,3.8,carboxy-thc,44,,0,0,0,,,,,,,,,,,0,0,0,0,,,,,20,,,,,,,,,1,0,,,,,,