year,something,Cases,repjur,crash_dt,crash_tm,accday,Month,Month,holiday,county,co_char,city,weather,weather2,lightcond,surfcond,surftype,Number of Fatalities,nmforms,pforms,vforms,not_tm,arr_tm,hosp_tm,fhevent,hitrun,Manner of Collision,Manner of Collision,milepnt,reljunc,reljuncinter,intersectiontype,Intersection Type,funcsystem,landuse,ownership,route,schlbus,spejur,contdev,devfunc,trafid1,trafid2,x,y,zipcode,wk_zone,vnumber,crashtype,Crash Type,criticalevent,criticaleventcat,spdlim,body,trailer,emerg,hazcargo,leave,mhevent,roadalgn,roadprof,traflane,trafflow,Vehicle Manure,Vehicle Manure,numoccs,regowner,regstate,,spuse,make,model,modelyr,vrf1,vrf2,seqevent1,seqevent2,seqevent3,seqevent4,seqevent5,seqevent6,pnumber,ptype,age,sex,hispanic,race,injury,diedscene,restraint,restraintmisuse,seatpos,takehosp,death_dt,death_tm,cert,cernum_wa,commlic,licendor,licrestrict,liccomp,drivpres,drf1,drf2,drf3,drf4,distract1,distract2,distract3,distract4,distract5,distract6,dricond1,dricond2,dricond3,dricond4,dricond5,dricond6,dzip,licstate,drhgt_in,weight,noncdl,noncdltype,prevdwi,prevoth,prevacc,prevspd,prevsus,driviol1,driviol2,driviol3,driviol4,driviol5,driviol6,spdrel,first_dt,last_dt,airbag,ejection,ejectpath,extricat,injurwrk,methalc,methdrug,nmlocat,strikveh,prf1,prf2,prf3,druginv,alcinvol,drugsts,drugres1,drugres2,drugres3,drugtst1,drugtst2,drugtst3,alcsts,alctst,alcres,nmact1,nmact2,nmact3,nmact4,nmact5,nmact6,nmprior1,nmprior2,nmprior3,nmprior4,nmprior5,nmprior6,nmcond1,nmcond2,nmcond3,nmcond4,nmcond5,nmcond6,nmsafe_helmet,nmsafe_pads,nmsafe_oth,nmprev_ref,nmprev_lgt,nmprev_oth,crashlocation,nmcrashtype,crosswalk,schoolzone,sidewalk,train_inv,wildlife_inv,rotr_fars,intersect_fars,Drink and Drive,aid_inv,Drug Positive Drivers,Impaired Drivers,Marijuana Positive,impnm_inv,ainm_inv,dpnm_inv,speed_inv,unlic_inv,unendmc_inv,drowsy_inv,drdist_inv,nmdist_inv,fty_inv,unrestfat_inv,dr1617_inv,dr1820_inv,dr1620_inv,dr2125_inv,dr1625_inv,dr65_inv,dr70_inv,dr75_inv,mc_inv,pv_inv,ht_inv,ped_inv,bike_inv,unrest_fat,mc_fat,unhelmet_mc,pv_fat,ht_fat,ped_fat,bike_fat,dr_alc7,dr_alc8,dr_drug,dr_imp,dr_dist,dr_spd,dr_fty,dr_unlic,dr_alc7only,dr_alc8only,dr_drugonly,dr_drink,nm_imp,nm_alc7,nm_alc8,nm_drug,nm_dist,agegrp1,agegrp2,roadclass,urbrur,dayweek,restuse,vehtype,race_me,intersect,lanedep,oppdir,wrongway,rep_typ,investag,repag_long,rotr,st_rd,cty_rd,city_rd,oth_rd,drug_thc,thc_res,drug_cthc,cthc_res,drug_cann,prevpersemin,prevperse,prevsusoth,drugtst4,drugtst5,drugtst6,drugtst7,drugtst8,drugres4,drugres5,drugres6,drugres7,drugres8,adspresent,adsengaged,adslevel,race1,race2,race3,race4,race5,helmet,helmetmisuse,nmdistract1,nmdistract2,nmdistract3,nmdistract4,nmdistract5,nmdistract6,lab,isedtcase,crf1,crf2,crf3,CoRoadName,CoMP,IntCoRoadName,IntCoMP
2021,145,635571,5,05-18-2021,17:45,18,5,May,,15,Cowlitz,0,1,,1,1,2,1,0,2,2,,,,24,0,0,No vehicle,52.5,1,0,1,No intersection,3,1,1,3,0,0,0,0,SR-4,,-123.0808806,46.18498889,98632,0,2,98,Others,62,4,55,34,0,0,1,2,12,3,1,2,1,14,Making a U turn,1,9,41,,0,6,51,2011,0,,8,,,,,,1,1,42,1,0,,0,0,20,7,11,0,,,,,0,0,0,3,1,0,,,,96,,,,,,98,,,,,,98606,53,72,185,6,1,0,0,0,0,,0,,,,,,0,,,20,0,0,0,8,9,8,,,0,,,8,8,0,0,,,0,,,0,0,996,,,,,,,,,,,,,,,,,,,,,,,,,,,,,,0,0,0,0,0,0,0,0,0,1,0,1,0,0,0,0,0,0,0,0,0,0,0,0,0,0,0,0,0,1,0,1,0,0,0,,0,0,0,0,0,0,0,0,0,0,0,0,0,0,0,0,,,,,,41-45,36-45,Interstate,U,Wednesday,Not Used,PV,Not Fatal,0,0,0,0,State Route,State Patrol,Washington State Patrol,0,1,0,0,0,,,,,,0,0,0,,,,,,,,,,,98,98,98,0,,,,,20,,,,,,,,,1,0,,,,,,
2021,145,635570,5,05-18-2021,17:45,18,5,May,,15,Cowlitz,0,1,,1,1,2,1,0,2,2,,,,24,0,0,No vehicle,52.5,1,0,1,No intersection,3,1,1,3,0,0,0,0,SR-4,,-123.0808806,46.18498889,98632,0,1,6,Drive off road,12,2,55,4,0,0,1,2,12,2,1,2,1,14,Making a U turn,1,1,53,,0,7,880,2019,0,,12,,,,,,1,1,28,1,0,,0,0,3,0,11,0,,,,,0,0,0,3,1,0,,,,0,,,,,,98,,,,,,98682,53,68,228,6,1,0,1,0,1,,0,,,,,,0,04-15-2017,11-15-2018,20,0,0,0,8,9,8,,,0,,,8,8,8,95,,,96,,,8,95,995,,,,,,,,,,,,,,,,,,,,,,,,,,,,,,0,0,0,0,0,0,1,1,0,0,0,0,1,0,0,0,0,0,0,0,0,0,0,0,0,0,0,0,0,1,1,0,0,0,0,,0,0,0,0,0,0,0,0,0,0,0,0,0,0,0,0,,,,,,26-30,26-35,State route,R,Friday,,MHTRUCK,Not Fatal,0,1,1,0,State Route,State Patrol,WASHINGTON STATE PATROL,0,1,0,0,0,,,,,,0,0,0,,,,,,,,,,,98,98,98,0,,,,,20,,,,,,,,,1,0,,,,,,
2020,145,634777,2,05-03-2020,19:13,3,5,May,,29,Island,0,1,,1,1,2,1,0,2,2,19:14,19:21,,12,0,6,Angle,1.8,8,0,1,No intersection,3,2,2,4,0,0,0,0,CR-W CRESCENT HARBOR RD,,-122.6287583,48.30835833,98277,0,2,98,Others,60,4,50,67,1,0,1,5,12,1,2,2,1,11,Turning Red: Permitted on red,1,1,53,,0,35,47,2019,0,,68,12,,,,,1,1,52,2,1,,4,7,3,0,11,0,02-12-2021,10:23,53008093,8093,0,0,0,3,1,58,87,,,96,,,,,,98,,,,,,98661,53,62,150,6,1,0,1,1,1,,0,,,,,,4,06-15-2019,05-15-2019,2,0,0,0,0,9,8,,,0,,,8,8,2,996,404,,1,1,,2,1,0,,,,,,,,,,,,,,,,,,,,,,,,,,,,,,0,0,0,0,0,0,1,1,0,0,0,0,1,0,0,0,0,0,0,0,0,0,0,0,0,0,0,0,0,1,1,0,0,0,0,,1,0,0,0,0,0,1,1,0,1,0,0,0,0,1,0,,,,,,51-55,46-55,State route,R,Friday,Belt Used,PV,Hispanic,0,1,1,0,State Route,State Patrol,WASHINGTON STATE PATROL,0,1,0,0,0,,,,,,0,0,0,,,,,,,,,,,98,98,98,98,,,,,20,,,,,,,,,1,0,,,,,,
2020,145,634776,2,05-03-2020,19:13,3,5,May,,29,Island,0,1,,1,1,2,1,0,2,2,19:14,19:21,,12,0,6,Angle,1.8,8,0,1,No intersection,3,2,2,4,0,0,0,0,CR-W CRESCENT HARBOR RD,,-122.6287583,48.30835833,98277,0,1,98,Others,10,2,50,80,0,0,1,2,12,1,2,2,1,6,Others,1,1,53,,0,49,401,2021,0,,5,,,,,,1,1,30,1,0,,0,0,3,0,11,0,,,,,0,0,0,2,1,0,,,,96,,,,,,98,,,,,,97204,41,68,140,1,1,0,0,0,0,,97,,,,,,0,01-15-2016,09-15-2017,20,0,0,0,8,9,8,,,0,,,9,9,0,0,,,0,,,0,0,996,,,,,,,,,,,,,,,,,,,,,,,,,,,,,,0,0,0,0,0,0,0,0,0,0,0,0,0,1,0,0,0,0,0,1,0,0,0,0,0,0,0,0,0,1,0,0,0,0,0,,0,0,0,0,0,0,0,0,0,0,0,1,0,0,0,0,,,,,,26-30,26-35,Interstate,R,Sunday,Belt Used,PV,Not Fatal,0,0,0,0,State Route,State Patrol,WASHINGTON STATE PATROL,0,1,0,0,0,,,,,,0,0,2,,,,,,,,,,,98,98,98,0,,,,,20,,,,,,,,,1,0,,,,,,
2019,145,634058,184,05-16-2019,18:07,16,5,May,,61,Snohomish,1215,2,0,1,2,2,1,2,1,1,,,,33,0,0,No vehicle,0,3,0,2,4 Way,7,2,4,6,0,0,0,0,188TH ST SW,47TH AVE W,-122.2971944,47.82828611,98037,0,1,6,Drive off road,12,2,30,14,0,0,1,7,8,1,2,2,2,1,Going Straight,1,1,53,,0,7,29,2015,0,,63,35,43,2,,,1,1,19,2,7,,4,0,99,7,11,4,01-05-2021,12:41,2.11E+11,334,0,0,0,3,1,0,,,,96,,,,,,99,,,,,,83851,16,64,130,6,1,0,1,0,1,,0,,,,,,4,09-15-2020,09-15-2020,99,0,0,0,0,9,8,,,0,,,9,9,2,1,,,1,,,2,1,0.108,,,,,,,,,,,,,,,,,,,,,,,,,,,,,,0,0,1,0,1,1,0,1,0,0,0,0,1,0,0,0,0,0,0,0,0,1,1,0,1,0,0,0,0,1,0,0,0,0,0,,1,0,0,0,0,1,0,1,0,1,0,0,0,1,0,1,,,,,,18-20,16-25,County road,R,Monday,Unknown,PV,AIAN,0,1,0,0,County Road,County Sheriff,Spokane County Sheriff's Office,1,0,1,0,0,,,,,,0,0,0,,,,,,,,,,,98,98,98,3,,,,,20,,,,,,,,,1,0,,,DISHMAN-MICA RD,2.18,NULL,
2018,145,633303,278,04-21-2018,01:25,21,4,April,0,63,Spokane,2110,99,0,2,1,5,1,0,1,1,,,,24,0,0,No vehicle,0,1,0,1,No intersection,7,2,4,6,0,0,0,0,E SINTON AVE,,-117.3872889,47.67063611,99202,0,1,1,Driver Off Road,13,2,25,6,0,0,1,7,3,1,2,2,1,1,Going Straight,1,1,53,,0,49,422,2016,0,,12,,,,,,1,1,40,1,0,,2,0,20,7,11,0,,,,,0,0,3,3,1,0,,,,96,,,,,,98,,,,,,98562,53,69,210,6,1,0,1,0,0,,0,,,,,,0,09-15-2017,09-15-2017,8,0,0,0,8,9,8,,,0,,,8,8,0,0,,,0,,,0,0,996,,,,,,,,,,,,,,,,,,,,,,,,,,,,,,0,0,0,0,1,1,1,1,1,0,0,0,0,0,0,0,0,0,0,1,0,0,0,0,0,1,1,0,0,1,0,0,0,0,0,,0,0,0,0,0,0,0,0,0,0,0,0,0,0,0,0,,,,,,36-40,36-45,Other,R,Sunday,Not Used,PV,Not Fatal,0,1,1,0,Other,State Patrol,Washington State Patrol,0,0,0,0,1,,,,,,0,0,0,,,,,,,,,,,98,98,98,0,,,,,20,,,,,,,,,1,0,,,,,,
2017,145,632537,3,05-15-2017,01:10,15,5,May,0,53,Pierce,1124,1,0,3,1,2,1,0,2,2,,,,12,0,1,Front-to-Rear,124.5,1,0,1,No intersection,1,2,1,1,0,0,0,0,I-5,,-122.5351028,47.13171389,94899,0,2,20,Others,52,3,60,66,1,0,1,2,12,1,1,4,3,1,Going Straight,1,3,53,,0,20,34,2000,0,,68,12,,,,,1,1,74,1,7,,4,7,20,7,11,0,02-07-2021,19:22,53007694,7694,0,0,3,3,1,28,,,,96,,,,,,98,,,,,,98587,53,69,156,6,1,0,0,0,0,,0,,,,,,0,,,20,0,0,0,0,9,8,,,0,,,8,8,2,695,605,401,1,1,1,2,1,0.146,,,,,,,,,,,,,,,,,,,,,,,,,,,,,,0,0,0,0,1,1,1,1,1,0,0,0,0,0,0,0,0,0,0,1,0,0,0,0,0,1,1,0,0,1,0,0,0,1,0,,1,0,0,0,0,1,1,1,0,0,0,0,0,0,0,1,,,,,,71-75,66-75,Other,R,Sunday,Not Used,PV,White,0,1,1,0,Other,State Patrol,Washington State Patrol,0,0,0,0,1,thc,7.2,carboxy-thc,16,,0,0,0,1,,,,,417,,,,,98,98,98,1,,,,,20,,,,,,,,nms,1,0,,,,,,
2017,145,632536,3,05-15-2017,01:10,15,5,May,0,53,Pierce,1124,1,0,3,1,2,1,0,2,2,,,,12,0,1,Front-to-Rear,124.5,1,0,1,No intersection,1,2,1,1,0,0,0,0,I-5,,-122.5351028,47.13171389,94899,0,1,21,Others,18,2,60,4,0,0,1,2,12,1,1,4,3,7,Others,1,2,53,,0,37,441,2003,0,,9,,,,,,1,1,59,2,0,,0,0,3,0,11,0,,,,,0,0,3,3,1,10,,,,0,,,,,,98,,,,,,98252,53,67,200,6,1,0,0,0,0,,0,,,,,,0,,,20,0,0,0,8,9,8,,,0,,,8,8,0,0,,,0,,,0,0,996,,,,,,,,,,,,,,,,,,,,,,,,,,,,,,0,0,0,0,0,0,0,0,0,1,0,1,0,0,0,0,0,0,0,0,0,0,0,0,0,0,0,0,0,1,0,0,1,0,0,,0,0,0,0,0,0,0,0,0,0,0,0,0,0,0,0,,,,,,56-60,56-65,County road,R,Sunday,Belt Used,PV,Not Fatal,0,0,0,0,County Road,County Sheriff,Snohomish County Sheriff's Office,0,0,1,0,0,,,,,,0,0,0,,,,,,,,,,,98,98,98,0,,,,,20,,,,,,,,,1,0,,,84TH ST NE,3.585,NULL,
2018,146,633284,4,05-22-2018,13:50,22,5,May,0,63,Spokane,2113,1,0,1,1,2,1,0,4,3,13:55,13:59,14:28,24,0,0,No vehicle,0.4,5,1,1,No intersection,1,2,1,1,0,0,0,0,I-90 RAMP 090S128446,,-117.3331306,47.65393333,99260,0,2,98,Others,60,4,60,14,0,0,1,5,12,2,8,3,3,14,Making a U turn,2,2,16,,0,12,481,2010,0,,9,,,,,,1,1,34,2,0,,0,0,3,0,11,0,,,,,0,0,0,3,1,10,,,,0,,,,,,98,,,,,,98258,53,63,145,6,1,0,2,4,2,,0,,,,,,0,06-15-2018,02-15-2020,1,0,0,0,8,9,8,,,0,,,8,8,0,0,,,0,,,0,0,996,,,,,,,,,,,,,,,,,,,,,,,,,,,,,,0,0,0,0,0,0,0,0,0,1,0,1,0,0,0,0,0,0,0,0,0,0,0,0,0,0,0,0,0,1,0,0,1,0,0,,0,0,0,0,0,0,0,0,0,0,0,0,0,0,0,0,,,,,,31-35,26-35,County road,R,Sunday,Belt Used,PV,Not Fatal,0,0,0,0,County Road,County Sheriff,Snohomish County Sheriff's Office,0,0,1,0,0,,,,,,0,0,0,,,,,,,,,,,98,98,98,0,,,,,20,,,,,,,,,1,0,,,84TH ST NE,3.585,NULL,
2021,146,635574,278,05-24-2021,00:17,24,5,May,,63,Spokane,2110,1,,3,1,2,1,0,2,2,,,,38,0,0,No vehicle,0,3,0,4,Y Intersection,3,2,4,6,0,0,0,0,N FREYA ST,N Freya Way,-117.3581306,47.66793056,99202,0,1,1,Driver Off Road,13,2,98,80,0,0,1,5,38,3,8,2,2,14,Making a U turn,2,1,53,,0,52,46,2006,0,,63,42,,,,,1,1,26,1,7,,4,7,3,0,11,0,11/21/2020,20:38,53056753,56753,0,0,0,3,1,0,,,,96,,,,,,9,,,,,,98290,53,72,200,6,1,0,1,1,2,,0,,,,,,4,05-15-2016,01-15-2016,8,0,0,0,0,9,8,,,0,,,1,1,2,695,605,,1,1,,2,1,0.202,,,,,,,,,,,,,,,,,,,,,,,,,,,,,,0,0,1,0,1,1,1,1,1,0,0,0,1,0,0,0,0,0,0,0,0,0,0,0,0,0,0,0,0,1,0,0,0,0,0,,1,0,0,0,0,1,1,1,0,1,0,0,0,0,0,1,,,,,,26-30,26-35,County road,R,Saturday,Belt Used,PV,White,0,1,0,0,County Road,County Sheriff,Snohomish County Sheriff's Office,1,0,1,0,0,thc,31,carboxy-thc,14,,0,0,0,,,,,,,,,,,98,98,98,1,,,,,20,7,,,,,,,nms,1,0,,,TROMBLEY RD,0.373,,
2020,146,634779,6,04-27-2020,12:05,27,4,April,,25,Grant,0,1,,1,1,2,1,0,2,2,12:08,12:18,14:01,12,0,6,Angle,5.3,1,0,1,No intersection,4,1,1,3,0,0,0,0,SR-243,,-119.8438306,46.63335,99349,0,2,98,Others,62,4,60,34,0,0,1,2,12,1,1,2,1,1,Going Straight,1,1,53,,0,23,421,2006,0,,12,,,,,,1,1,41,8,0,,1,0,3,0,11,8,,,,,0,0,0,3,1,0,,,,96,,,,,,98,,,,,,98629,53,74,280,6,1,0,1,0,0,,0,,,,,,0,05-15-2020,05-15-2020,8,0,0,0,8,9,8,,,0,,,8,8,8,95,,,96,,,8,95,995,,,,,,,,,,,,,,,,,,,,,,,,,,,,,,0,0,0,1,1,1,1,1,1,0,0,0,0,1,0,0,0,0,0,0,0,0,0,0,0,0,0,0,0,1,0,0,0,0,0,,0,0,0,0,0,0,0,0,0,0,0,0,0,0,0,0,,,,,,41-45,36-45,County road,R,Monday,Belt Used,PV,Not Fatal,1,0,0,0,County Road,County Sheriff,Clark County Sheriff's Office,0,0,1,0,0,,,,,,0,0,0,,,,,,,,,,,98,98,98,0,,,,,20,,,,,,,,,1,0,,,NE 199TH ST,0,NE 72ND AVE,7.27
2020,146,634778,6,04-27-2020,12:05,27,4,April,,25,Grant,0,1,,1,1,2,1,0,2,2,12:08,12:18,14:01,12,0,6,Angle,5.3,1,0,1,No intersection,4,1,1,3,0,0,0,0,SR-243,,-119.8438306,46.63335,99349,0,1,98,Others,10,2,60,4,0,0,1,2,12,1,1,2,1,1,Going Straight,1,1,53,,0,20,404,2008,0,,12,,,,,,1,1,47,1,7,,4,0,3,0,11,5,02/17/2021,20:20,2.37E+11,10852,0,0,0,2,1,39,,,,96,,,,,,9,,,,,,98663,53,77,255,1,1,0,0,0,0,,0,,,,,,0,07-15-2016,06-15-2020,99,0,0,0,0,9,8,,,0,,,8,1,2,695,605,401,1,1,1,2,1,0.147,,,,,,,,,,,,,,,,,,,,,,,,,,,,,,0,0,0,1,1,1,1,1,1,0,0,0,0,1,0,0,0,0,0,0,0,0,0,0,0,0,0,0,0,1,0,0,0,0,0,,1,0,0,0,0,1,1,1,0,0,0,1,0,0,0,1,,,,,,46-50,46-55,County road,R,Monday,Belt Used,PV,White,1,0,0,0,County Road,County Sheriff,Clark County Sheriff's Office,0,0,1,0,0,thc,1.4,carboxy-thc,33,,0,0,6,1,,,,,417,,,,,98,98,98,1,,,,,20,,,,,,,,nms,1,0,,,NE 199TH ST,0,NE 72ND AVE,7.27
2019,146,634059,5,05-02-2019,23:35,2,5,May,,15,Cowlitz,0,10,0,2,1,2,1,0,2,1,,,,43,0,0,No vehicle,1.2,1,0,1,No intersection,4,1,1,3,0,0,0,0,SR-504,,-122.8919361,46.298875,98611,0,1,1,Driver Off Road,6,1,55,6,0,0,1,2,42,3,3,2,1,14,Making a U turn,2,2,53,,0,20,481,2009,0,,12,,,,,,1,1,39,1,0,,2,0,3,0,11,5,,,,,0,0,3,3,1,0,,,,0,,,,,,0,,,,,,99337,53,72,240,6,1,0,0,0,1,,0,,,,,,0,01-15-2018,01-15-2018,8,0,0,0,8,9,8,,,0,,,8,0,0,0,,,0,,,0,0,996,,,,,,,,,,,,,,,,,,,,,,,,,,,,,,0,0,0,0,0,0,1,1,0,0,0,0,0,0,0,1,0,0,0,0,0,0,0,0,0,0,0,0,0,1,0,0,0,0,0,,0,0,0,0,0,0,0,0,0,0,0,0,0,0,0,0,,,,,,36-40,36-45,County road,R,Thursday,Belt Used,PV,Not Fatal,0,1,1,0,Other,County Sheriff,Benton County Sheriff's Office,0,0,0,0,1,,,,,,0,0,0,,,,,,,,,,,98,98,98,0,,,,,20,,,,,,,,,1,0,,,,,,
2018,146,633285,4,05-22-2018,13:50,22,5,May,0,63,Spokane,2113,1,0,1,1,2,1,0,4,3,13:55,13:59,14:28,24,0,0,No vehicle,0.4,5,1,1,No intersection,1,2,1,1,0,0,0,0,I-90 RAMP 090S128446,,-117.3331306,47.65393333,99260,0,3,98,Others,60,4,60,4,0,0,1,5,12,2,8,3,3,14,Making a U turn,1,1,53,,0,20,36,2002,0,,64,65,12,,,,1,1,43,1,7,,4,7,3,0,11,0,01/21/2021,17:05,53003621,3621,0,0,0,3,1,28,,,,0,,,,,,2,,,,,,99337,53,71,283,6,1,0,0,1,2,,0,,,,,,0,12-15-2017,06-15-2020,8,0,0,0,0,9,8,,,0,,,9,9,2,401,417,,1,1,,2,1,0,,,,,,,,,,,,,,,,,,,,,,,,,,,,,,0,0,0,0,0,0,1,1,0,0,0,0,0,0,0,1,0,0,0,0,0,0,0,0,0,0,0,0,0,1,0,0,0,0,0,,1,0,0,0,0,0,1,1,0,0,0,0,0,0,1,0,,,,,,41-45,36-45,County road,R,Thursday,Belt Used,PV,White,0,1,1,0,Other,County Sheriff,Benton County Sheriff's Office,0,0,0,0,1,,,,,,0,0,1,,,,,,,,,,,98,98,98,1,,,,,20,,,,,,,,,1,0,,,,,,
2018,146,633283,4,05-22-2018,13:50,22,5,May,0,63,Spokane,2113,1,0,1,1,2,1,0,4,3,13:55,13:59,14:28,24,0,0,No vehicle,0.4,5,1,1,No intersection,1,2,1,1,0,0,0,0,I-90 RAMP 090S128446,,-117.3331306,47.65393333,99260,0,1,6,Drive off road,12,2,98,80,0,0,1,7,12,4,2,2,6,14,Making a U turn,1,1,53,,0,84,881,2021,0,,12,,,,,,1,1,68,1,0,,0,0,3,0,11,0,,,,,6,1,0,3,1,0,,,,96,,,,,,98,,,,,,98230,53,68,220,6,1,0,0,0,1,,0,,,,,,0,02-15-2020,02-15-2020,20,0,0,0,8,9,8,,,0,,,8,8,0,0,,,0,,,0,0,996,,,,,,,,,,,,,,,,,,,,,,,,,,,,,,0,0,0,1,0,0,1,1,1,0,0,0,0,0,0,0,0,0,0,0,0,0,0,1,1,1,0,0,0,1,1,0,0,0,0,,0,0,0,0,0,0,0,0,0,0,0,0,0,0,0,0,,,,,,66-70,66-75,State route,R,Tuesday,,MHTRUCK,Not Fatal,1,0,0,0,State Route,State Patrol,Washington State Patrol,0,1,0,0,0,,,,,,0,0,0,,,,,,,,,,,98,98,98,0,,,,,20,,,,,,,,,1,0,,,,,,
2018,147,633277,8,05-17-2018,17:02,17,5,May,0,31,Jefferson,0,1,0,1,1,1,1,0,7,6,16:47,17:08,17:48,12,0,8,Other,14.3,1,0,1,No intersection,3,1,1,3,0,0,0,0,SR-104,,-122.6197722,47.85721944,98364,0,5,98,Others,98,7,40,4,0,0,1,5,12,1,1,2,1,1,Going Straight,1,3,6,,0,67,32,2012,0,,12,,,,,,1,1,24,1,0,,0,0,3,0,11,0,,,,,0,0,9,3,1,0,,,,96,,,,,,98,,,,,,66109,20,68,120,6,1,0,0,0,0,,0,,,,,,0,,,8,0,0,0,8,9,8,,,0,,,8,8,0,0,,,0,,,0,0,996,,,,,,,,,,,,,,,,,,,,,,,,,,,,,,0,0,0,1,0,0,1,1,1,0,0,0,0,0,0,0,0,0,0,0,0,0,0,1,1,1,0,0,0,1,1,0,0,0,0,,0,0,0,0,0,0,0,0,0,0,0,0,0,0,0,0,,,,,,21-25,16-25,State route,R,Tuesday,Belt Used,PV,Not Fatal,1,0,0,0,State Route,State Patrol,Washington State Patrol,0,1,0,0,0,,,,,,0,0,0,,,,,,,,,,,98,98,98,0,,,,,20,,,,,,,,,1,0,,,,,,
2020,147,634780,1,05-18-2020,22:04,18,5,May,,77,Yakima,840,10,,2,1,2,1,0,2,1,22:13,22:45,,1,0,0,No vehicle,72.3,1,0,1,No intersection,1,2,1,1,0,0,0,0,I-82,,-119.9288444,46.27281667,98930,0,1,2,Control/Traction Loss,6,1,70,16,1,0,1,2,1,2,2,2,2,14,Making a U turn,2,1,53,,0,12,481,1999,0,,12,12,,,,,1,1,55,1,0,,0,0,3,0,11,0,,,,,0,0,0,3,1,0,,,,96,,,,,,98,,,,,,98221,53,76,190,6,1,0,0,0,0,,0,,,,,,0,,,20,0,0,0,8,9,8,,,0,,,8,8,0,0,,,0,,,0,0,996,,,,,,,,,,,,,,,,,,,,,,,,,,,,,,0,0,0,1,0,0,1,1,1,0,0,0,0,0,0,0,0,0,0,0,0,0,0,1,1,1,0,0,0,1,1,0,0,0,0,,0,0,0,0,0,0,0,0,0,0,0,0,0,0,0,0,,,,,,51-55,46-55,State route,R,Tuesday,Belt Used,PV,Not Fatal,1,0,0,0,State Route,State Patrol,Washington State Patrol,0,1,0,0,0,,,,,,0,0,0,,,,,,,,,,,0,0,0,0,,,,,20,,,,,,,,,1,0,,,,,,
2019,147,634060,25,05-09-2019,20:21,9,5,May,,33,King,0,1,0,5,1,2,1,0,1,1,,,,24,0,0,No vehicle,6.8,3,0,2,4 Way,5,1,2,4,0,0,40,3,CR-SE 400TH WAY,SE 392ND,-121.9709694,47.24963056,98022,0,1,1,Driver Off Road,13,2,45,80,0,0,1,5,24,3,3,2,1,14,Making a U turn,1,1,53,,0,30,42,1998,0,,12,68,12,,,,1,1,28,2,7,,4,7,3,0,11,0,02-02-2021,16:12,53005863,5863,0,0,3,3,1,33,,,,96,,,,,,9,,,,,,98277,53,65,160,6,1,0,0,0,0,,0,,,,,,0,,,1,0,0,0,0,9,8,,,0,,,1,8,2,695,605,,1,1,,2,1,0,,,,,,,,,,,,,,,,,,,,,,,,,,,,,,0,0,0,1,0,0,1,1,1,0,0,0,0,0,0,0,0,0,0,0,0,0,0,1,1,1,0,0,0,1,1,0,0,0,0,,1,0,0,0,0,0,1,1,0,0,0,0,0,0,1,0,,,,,,26-30,26-35,State route,R,Tuesday,Belt Used,PV,White,1,0,0,0,State Route,State Patrol,Washington State Patrol,0,1,0,0,0,thc,65,carboxy-thc,130,,0,0,0,,,,,,,,,,,0,0,0,1,,,,,20,,,,,,,,,1,0,,,,,,
2018,147,633278,8,05-17-2018,17:02,17,5,May,0,31,Jefferson,0,1,0,1,1,1,1,0,7,6,16:47,17:08,17:48,12,0,8,Other,14.3,1,0,1,No intersection,3,1,1,3,0,0,0,0,SR-104,,-122.6197722,47.85721944,98364,0,6,98,Others,62,4,40,4,0,0,1,5,12,1,1,2,1,1,Going Straight,1,1,53,,0,37,32,2001,0,,8,,,,,,1,1,29,1,0,,0,0,3,0,11,0,,,,,0,0,0,3,1,0,,,,92,,,,,,98,,,,,,99218,53,73,150,6,1,0,0,0,0,,0,,,,,,0,06-15-2016,04-15-2016,20,0,0,0,8,9,8,,,0,,,8,8,8,95,,,96,,,2,98,0,,,,,,,,,,,,,,,,,,,,,,,,,,,,,,0,0,0,0,0,0,0,0,0,0,0,0,0,0,0,0,1,0,0,0,0,0,0,0,0,0,0,0,0,1,0,1,0,0,0,,0,0,0,0,0,0,0,0,1,0,0,0,0,0,0,0,,,,,,26-30,26-35,City street,U,Saturday,Belt Used,PV,Not Fatal,1,0,0,0,City Street,Municipal/City Police,Spokane Police Department,0,0,0,1,0,,,,,,0,0,2,,,,,,,,,,,98,98,98,0,,,,,20,,,,,,,,,1,0,,,,,,
2018,147,633276,8,05-17-2018,17:02,17,5,May,0,31,Jefferson,0,1,0,1,1,1,1,0,7,6,16:47,17:08,17:48,12,0,8,Other,14.3,1,0,1,No intersection,3,1,1,3,0,0,0,0,SR-104,,-122.6197722,47.85721944,98364,0,4,98,Others,62,4,40,34,0,0,1,5,12,1,1,2,1,1,Going Straight,1,2,53,,0,12,17,2005,0,,68,64,38,42,,,1,1,25,1,7,,4,7,20,7,11,0,01/16/2021,00:37,1.03E+11,2704,0,0,0,2,1,37,,,,96,,,,,,98,,,,,,98198,53,64,135,1,1,0,3,2,0,,0,,,,,,3,10-15-2016,04-15-2018,8,1,9,0,0,9,8,,,0,,,8,8,2,695,605,,1,1,,2,1,0.151,,,,,,,,,,,,,,,,,,,,,,,,,,,,,,0,0,1,0,1,1,1,1,1,0,0,0,1,1,0,0,0,0,0,1,0,0,0,1,1,0,0,0,0,1,0,0,0,1,0,,1,0,0,0,0,1,1,1,0,1,0,1,0,0,0,1,,,,,,21-25,16-25,City street,U,Saturday,Not Used,PV,Black,0,1,0,0,City Street,County Sheriff,King County Police,1,0,0,1,0,thc,30,carboxy-thc,200,,0,0,4,,,,,,,,,,,98,98,98,2,,,,,20,,,,,,,,nms,1,20,,,,,,