year,something,Cases,repjur,crash_dt,crash_tm,accday,Month,Month,holiday,county,co_char,city,weather,weather2,lightcond,surfcond,surftype,Number of Fatalities,nmforms,pforms,vforms,not_tm,arr_tm,hosp_tm,fhevent,hitrun,Manner of Collision,Manner of Collision,milepnt,reljunc,reljuncinter,intersectiontype,Intersection Type,funcsystem,landuse,ownership,route,schlbus,spejur,contdev,devfunc,trafid1,trafid2,x,y,zipcode,wk_zone,vnumber,crashtype,Crash Type,criticalevent,criticaleventcat,spdlim,body,trailer,emerg,hazcargo,leave,mhevent,roadalgn,roadprof,traflane,trafflow,Vehicle Manure,Vehicle Manure,numoccs,regowner,regstate,,spuse,make,model,modelyr,vrf1,vrf2,seqevent1,seqevent2,seqevent3,seqevent4,seqevent5,seqevent6,pnumber,ptype,age,sex,hispanic,race,injury,diedscene,restraint,restraintmisuse,seatpos,takehosp,death_dt,death_tm,cert,cernum_wa,commlic,licendor,licrestrict,liccomp,drivpres,drf1,drf2,drf3,drf4,distract1,distract2,distract3,distract4,distract5,distract6,dricond1,dricond2,dricond3,dricond4,dricond5,dricond6,dzip,licstate,drhgt_in,weight,noncdl,noncdltype,prevdwi,prevoth,prevacc,prevspd,prevsus,driviol1,driviol2,driviol3,driviol4,driviol5,driviol6,spdrel,first_dt,last_dt,airbag,ejection,ejectpath,extricat,injurwrk,methalc,methdrug,nmlocat,strikveh,prf1,prf2,prf3,druginv,alcinvol,drugsts,drugres1,drugres2,drugres3,drugtst1,drugtst2,drugtst3,alcsts,alctst,alcres,nmact1,nmact2,nmact3,nmact4,nmact5,nmact6,nmprior1,nmprior2,nmprior3,nmprior4,nmprior5,nmprior6,nmcond1,nmcond2,nmcond3,nmcond4,nmcond5,nmcond6,nmsafe_helmet,nmsafe_pads,nmsafe_oth,nmprev_ref,nmprev_lgt,nmprev_oth,crashlocation,nmcrashtype,crosswalk,schoolzone,sidewalk,train_inv,wildlife_inv,rotr_fars,intersect_fars,Drink and Drive,aid_inv,Drug Positive Drivers,Impaired Drivers,Marijuana Positive,impnm_inv,ainm_inv,dpnm_inv,speed_inv,unlic_inv,unendmc_inv,drowsy_inv,drdist_inv,nmdist_inv,fty_inv,unrestfat_inv,dr1617_inv,dr1820_inv,dr1620_inv,dr2125_inv,dr1625_inv,dr65_inv,dr70_inv,dr75_inv,mc_inv,pv_inv,ht_inv,ped_inv,bike_inv,unrest_fat,mc_fat,unhelmet_mc,pv_fat,ht_fat,ped_fat,bike_fat,dr_alc7,dr_alc8,dr_drug,dr_imp,dr_dist,dr_spd,dr_fty,dr_unlic,dr_alc7only,dr_alc8only,dr_drugonly,dr_drink,nm_imp,nm_alc7,nm_alc8,nm_drug,nm_dist,agegrp1,agegrp2,roadclass,urbrur,dayweek,restuse,vehtype,race_me,intersect,lanedep,oppdir,wrongway,rep_typ,investag,repag_long,rotr,st_rd,cty_rd,city_rd,oth_rd,drug_thc,thc_res,drug_cthc,cthc_res,drug_cann,prevpersemin,prevperse,prevsusoth,drugtst4,drugtst5,drugtst6,drugtst7,drugtst8,drugres4,drugres5,drugres6,drugres7,drugres8,adspresent,adsengaged,adslevel,race1,race2,race3,race4,race5,helmet,helmetmisuse,nmdistract1,nmdistract2,nmdistract3,nmdistract4,nmdistract5,nmdistract6,lab,isedtcase,crf1,crf2,crf3,CoRoadName,CoMP,IntCoRoadName,IntCoMP
2018,147,633275,8,05-17-2018,17:02,17,5,May,0,31,Jefferson,0,1,0,1,1,1,1,0,7,6,16:47,17:08,17:48,12,0,8,Other,14.3,1,0,1,No intersection,3,1,1,3,0,0,0,0,SR-104,,-122.6197722,47.85721944,98364,0,3,98,Others,62,4,40,14,0,0,1,5,12,1,1,2,1,1,Going Straight,2,1,53,,0,85,881,2019,0,,12,,,,,,1,1,59,1,0,,1,0,3,0,11,5,,,,,6,1,0,3,1,0,,,,96,,,,,,98,,,,,,98823,53,72,250,6,1,0,0,2,0,,0,,,,,,0,12-15-2018,12-15-2020,20,0,0,0,8,9,8,,,0,,,8,8,2,1,,,1,,,2,1,0,,,,,,,,,,,,,,,,,,,,,,,,,,,,,,0,0,0,0,1,1,0,1,0,0,0,0,0,1,0,0,0,0,0,1,0,0,0,0,0,0,0,0,0,1,1,0,0,0,0,,0,0,0,0,0,0,0,0,0,0,0,0,0,0,0,0,,,,,,56-60,56-65,Interstate,R,Wednesday,,MHTRUCK,Not Fatal,0,0,0,1,State Route,State Patrol,Washington State Patrol,0,1,0,0,0,,,,,,0,0,0,,,,,,,,,,,98,98,98,0,,,,,20,,,,,,,,,1,0,,,,,,
2018,147,633274,8,05-17-2018,17:02,17,5,May,0,31,Jefferson,0,1,0,1,1,1,1,0,7,6,16:47,17:08,17:48,12,0,8,Other,14.3,1,0,1,No intersection,3,1,1,3,0,0,0,0,SR-104,,-122.6197722,47.85721944,98364,0,2,65,Others,62,4,40,63,0,0,1,5,12,1,1,2,1,1,Going Straight,1,3,53,,0,82,881,2019,0,,12,,,,,,1,1,46,1,0,,0,0,3,0,11,0,,,,,6,3,0,3,1,0,,,,96,,,,,,98,,,,,,98373,53,70,260,6,1,0,0,0,0,,0,,,,,,0,,,20,0,0,0,8,9,8,,,0,,,8,8,0,0,,,0,,,0,0,996,,,,,,,,,,,,,,,,,,,,,,,,,,,,,,0,0,0,0,1,1,0,1,0,0,0,0,0,1,0,0,0,0,0,1,0,0,0,0,0,0,0,0,0,1,1,0,0,0,0,,0,0,0,0,0,0,0,0,0,0,0,0,0,0,0,0,,,,,,46-50,46-55,Interstate,R,Wednesday,,MHTRUCK,Not Fatal,0,0,0,1,State Route,State Patrol,Washington State Patrol,0,1,0,0,0,,,,,,0,0,0,,,,,,,,,,,98,98,98,0,,,,,20,,,,,,,,,1,0,,,,,,
2018,147,633273,8,05-17-2018,17:02,17,5,May,0,31,Jefferson,0,1,0,1,1,1,1,0,7,6,16:47,17:08,17:48,12,0,8,Other,14.3,1,0,1,No intersection,3,1,1,3,0,0,0,0,SR-104,,-122.6197722,47.85721944,98364,0,1,64,Others,10,2,40,34,0,0,1,7,12,1,1,2,1,1,Going Straight,1,1,53,,0,7,482,2005,0,,12,12,,,,,1,1,26,1,7,,4,7,20,7,11,0,01/13/2021,21:34,1.50E+11,3931,0,0,0,2,1,51,,,,96,,,,,,98,,,,,,78130,48,,999,3,1,0,0,1,0,,0,,,,,,0,11-15-2018,11-15-2018,1,0,0,0,0,1,8,,,0,,,8,1,2,1,,,1,,,2,1,0.242,,,,,,,,,,,,,,,,,,,,,,,,,,,,,,0,0,0,0,1,1,0,1,0,0,0,0,0,1,0,0,0,0,0,1,0,0,0,0,0,0,0,0,0,1,1,0,0,1,0,,1,0,0,0,0,1,0,1,0,0,0,1,0,1,0,1,,,,,,26-30,26-35,Interstate,R,Wednesday,Not Used,PV,White,0,0,0,1,State Route,State Patrol,Washington State Patrol,0,1,0,0,0,,,,,,0,0,0,,,,,,,,,,,98,98,98,1,,,,,20,,,,,,,,,1,0,,,,,,
2017,147,632529,31,05-04-2017,16:30,4,5,May,0,45,Mason,0,2,0,1,2,7,1,0,1,1,,,,30,0,0,No vehicle,6.8,1,0,1,No intersection,5,1,2,4,0,0,0,0,CR-E MASON LAKE RD,,-122.975825,47.30976667,98546,0,1,1,Driver Off Road,9,1,45,4,0,0,1,2,30,3,1,2,1,14,Making a U turn,1,1,53,,0,35,481,2011,0,,12,,,,,,1,1,55,1,0,,3,0,20,7,11,0,,,,,0,0,0,3,1,0,,,,96,,,,,,98,,,,,,98387,53,73,240,6,1,0,0,0,0,,0,,,,,,0,,,8,0,0,0,8,9,8,,,0,,,8,8,2,1,,,1,,,2,1,0,,,,,,,,,,,,,,,,,,,,,,,,,,,,,,0,0,0,0,0,0,1,1,1,0,0,0,1,0,0,0,0,0,0,1,0,0,0,1,1,0,0,0,0,1,0,0,0,0,0,,0,0,0,0,0,0,0,0,0,0,0,0,0,0,0,0,,,,,,51-55,46-55,State route,R,Monday,Not Used,PV,Not Fatal,0,1,1,0,State Route,State Patrol,Washington State Patrol,0,1,0,0,0,,,,,,0,0,0,,,,,,,,,,,98,98,98,0,,,,,20,,,,,,,,,1,0,,,,,,
2017,148,632559,4,05-29-2017,04:50,29,5,May,4,1,Adams,0,1,0,4,1,2,1,0,2,1,,,,1,0,0,No vehicle,78.6,1,0,1,No intersection,3,1,1,2,0,0,0,0,US-395,,-118.3661167,47.11668333,99169,0,1,7,Control/Traction Loss,9,1,70,14,0,0,1,2,1,1,1,2,2,1,Going Straight,2,2,16,,0,53,405,2003,0,,68,12,,,,,1,1,21,2,1,,4,7,20,7,11,0,01/25/2021,07:56,1.38E+11,5020,0,0,3,3,1,28,87,,,96,,,,,,98,,,,,,98377,53,60,188,6,1,1,0,0,0,,0,,,,,,4,09-15-2018,09-15-2018,1,0,0,0,0,9,8,,,0,,,8,8,2,695,605,,1,1,,2,1,0,,,,,,,,,,,,,,,,,,,,,,,,,,,,,,0,0,0,0,0,0,1,1,1,0,0,0,1,0,0,0,0,0,0,1,0,0,0,1,1,0,0,0,0,1,0,0,0,1,0,,1,0,0,0,0,0,1,1,0,1,0,0,0,0,1,0,,,,,,21-25,16-25,State route,R,Monday,Not Used,PV,Hispanic,0,1,1,0,State Route,State Patrol,Washington State Patrol,0,1,0,0,0,thc,3.7,carboxy-thc,38,,0,1,1,,,,,,,,,,,98,98,98,201,268,,,,20,,,,,,,,nms,1,0,,,,,,
2021,148,635575,4,05-16-2021,14:11,16,5,May,,67,Thurston,0,1,,1,1,2,1,0,2,1,,,,35,0,0,No vehicle,4.4,3,0,6,Roundabout,4,2,1,3,0,0,0,0,SR-510,MERIDAN RD,-122.7268833,47.01827222,98513,0,1,1,Driver Off Road,13,2,50,34,0,0,1,2,35,3,1,1,3,14,Making a U turn,2,1,53,,0,2,404,2019,0,,8,,,,,,1,1,45,1,0,,0,0,3,0,11,0,,,,,0,0,0,3,1,0,,,,96,,,,,,0,,,,,,98292,53,67,170,6,1,0,0,0,0,,0,,,,,,0,,,20,0,0,0,8,9,8,,,0,,,8,0,0,0,,,0,,,0,0,996,,,,,,,,,,,,,,,,,,,,,,,,,,,,,,0,0,0,0,0,0,0,0,0,0,0,0,0,0,0,0,0,0,0,0,0,0,0,0,0,0,0,0,0,1,0,1,0,0,0,,0,0,0,0,0,0,0,0,0,0,0,0,0,0,0,0,,,,,,41-45,36-45,County road,R,Friday,Belt Used,PV,Not Fatal,0,0,0,0,County Road,County Sheriff,Snohomish County Sheriff's Office,0,0,1,0,0,,,,,,0,0,0,,,,,,,,,,,98,98,98,0,,,,,20,,,,,,,,,1,0,,,220TH ST NW,3.727,NULL,
2020,148,634782,5,05-09-2020,20:00,9,5,May,,41,Lewis,0,1,,5,1,2,1,0,4,2,19:58,19:59,20:19,12,0,6,Angle,105.9,8,0,1,No intersection,3,1,1,2,0,0,0,0,US-12,,-122.1317333,46.53006944,98336,0,2,98,Others,98,7,55,34,0,0,1,2,12,1,1,2,1,11,Turning Red: Permitted on red,3,1,53,,0,23,481,2013,0,,12,,,,,,1,1,67,1,1,,4,7,3,0,11,0,01-01-2021,16:45,2.40E+11,412,0,0,0,3,1,0,,,,96,,,,,,98,,,,,,98948,53,67,220,6,1,0,0,0,0,,0,,,,,,0,,,8,0,0,0,0,9,8,,,0,,,8,8,2,695,605,,1,1,,2,1,0,,,,,,,,,,,,,,,,,,,,,,,,,,,,,,0,0,0,0,0,0,1,1,1,0,0,0,0,1,0,0,0,0,0,0,0,0,0,0,0,1,0,0,0,1,0,0,0,0,0,,1,0,0,0,0,0,1,1,0,0,0,0,0,0,1,0,,,,,,66-70,66-75,US highway,U,Friday,Belt Used,PV,Hispanic,0,0,0,1,State Route,State Patrol,Washington State Patrol,0,1,0,0,0,thc,2.7,carboxy-thc,18,,0,0,0,,,,,,,,,,,98,98,98,98,,,,,20,,,,,,,,nms,1,0,,,,,,
2020,148,634781,5,05-09-2020,20:00,9,5,May,,41,Lewis,0,1,,5,1,2,1,0,4,2,19:58,19:59,20:19,12,0,6,Angle,105.9,8,0,1,No intersection,3,1,1,2,0,0,0,0,US-12,,-122.1317333,46.53006944,98336,0,1,98,Others,10,2,55,80,0,0,1,2,12,1,1,2,1,6,Others,1,2,53,,0,49,482,2002,0,,12,,,,,,1,1,33,1,0,,3,0,20,7,11,5,,,,,0,0,3,2,1,51,,,,96,,,,,,9,,,,,,98902,53,66,150,1,1,2,0,0,1,,1,71,,,,,0,04-15-2016,08-15-2019,8,0,0,0,8,9,2,,,0,,,1,8,0,0,,,0,,,0,0,996,,,,,,,,,,,,,,,,,,,,,,,,,,,,,,0,0,0,0,0,0,1,1,1,0,0,0,0,1,0,0,0,0,0,0,0,0,0,0,0,1,0,0,0,1,0,0,0,0,0,,0,0,0,0,0,0,0,0,0,0,0,1,0,0,0,0,,,,,,31-35,26-35,US highway,U,Friday,Not Used,PV,Not Fatal,0,0,0,1,State Route,State Patrol,Washington State Patrol,0,1,0,0,0,,,,,,0,1,7,,,,,,,,,,,98,98,98,0,,,,,20,,,,,,,,,1,0,,,,,,
2019,148,634062,35,05-18-2019,00:55,18,5,May,,53,Pierce,0,1,0,2,1,2,1,0,1,1,,,,42,0,0,No vehicle,1.5,1,0,1,No intersection,5,1,2,4,0,0,0,0,CR-118TH AVE NW,,-122.6948306,47.39670278,98329,0,1,6,Drive off road,6,1,35,4,0,0,1,5,42,1,3,2,1,1,Going Straight,1,1,53,,0,2,404,2001,0,,8,,,,,,1,1,50,1,0,,0,0,3,0,11,0,,,,,0,0,0,3,1,0,,,,96,,,,,,98,,,,,,98125,53,67,185,6,1,0,0,0,0,,0,,,,,,0,,,20,0,0,0,8,9,8,,,0,,,8,8,0,0,,,0,,,0,0,996,,,,,,,,,,,,,,,,,,,,,,,,,,,,,,0,0,0,0,0,0,0,0,0,0,0,0,0,0,0,0,0,0,0,0,0,0,0,0,0,0,0,0,0,1,0,1,0,0,0,,0,0,0,0,0,0,0,0,0,0,0,0,0,0,0,0,,,,,,46-50,46-55,Interstate,U,Sunday,Belt Used,PV,Not Fatal,0,0,0,0,State Route,State Patrol,Washington State Patrol,0,1,0,0,0,,,,,,0,0,0,,,,,,,,,,,98,98,98,0,,,,,20,,,,,,,,,1,19,23,,,,,
2018,148,633281,169,05-26-2018,15:06,26,5,May,4,67,Thurston,1102,1,0,1,1,2,1,0,1,1,,,,1,0,0,No vehicle,0,1,0,1,No intersection,3,2,4,6,0,0,0,0,MARTIN WAY E,,-122.7515694,47.05932222,98509,0,1,98,Others,98,7,40,80,0,0,1,7,1,1,1,5,5,1,Going Straight,1,1,53,,0,12,481,2001,0,,12,,,,,,1,1,23,1,0,,2,0,3,0,11,0,,,,,0,0,0,3,1,0,,,,96,,,,,,98,,,,,,98528,53,61,180,6,1,0,0,0,0,,0,,,,,,0,,,1,0,0,0,8,9,8,,,0,,,8,8,8,95,,,96,,,8,95,995,,,,,,,,,,,,,,,,,,,,,,,,,,,,,,0,0,0,1,0,0,1,1,1,0,0,0,0,1,0,0,0,0,0,0,0,0,0,1,1,0,0,0,0,1,0,0,0,0,0,,0,0,0,0,0,0,0,0,0,0,0,0,0,0,0,0,,,,,,21-25,16-25,State route,R,Monday,Belt Used,PV,Not Fatal,1,0,0,0,State Route,State Patrol,Washington State Patrol,0,1,0,0,0,,,,,,0,0,0,,,,,,,,,,,98,98,98,0,,,,,20,,,,,,,,,0,0,,,,,,
2021,149,635576,39,05-23-2021,00:00,23,5,May,,61,Snohomish,0,1,,2,99,2,1,0,1,1,,,,42,0,0,No vehicle,4.9,1,0,1,No intersection,5,1,2,4,0,0,0,0,CR-OLD SNOHOMISH MONROE,,-122.0302667,47.86077222,98290,0,1,6,Drive off road,12,2,35,80,0,0,1,2,42,2,1,2,1,14,Making a U turn,1,1,53,,0,37,441,2003,0,,12,,,,,,1,1,23,2,7,,4,0,99,7,11,5,01/26/2021,15:04,1.73E+11,4213,0,0,0,2,1,39,,,,96,,,,,,98,,,,,,98370,53,69,165,1,1,0,3,1,1,,0,,,,,,0,07-15-2018,10-15-2020,1,0,0,0,0,9,8,,,0,,,8,8,2,151,695,996,1,1,1,2,1,0,,,,,,,,,,,,,,,,,,,,,,,,,,,,,,0,0,0,1,0,0,1,1,1,0,0,0,0,1,0,0,0,0,0,0,0,0,0,1,1,0,0,0,0,1,0,0,0,0,0,,1,0,0,0,0,0,1,1,0,0,0,1,0,0,1,0,,,,,,21-25,16-25,State route,R,Monday,Unknown,PV,White,1,0,0,0,State Route,State Patrol,Washington State Patrol,0,1,0,0,0,thc,2,carboxy-thc,46,,0,0,1,1,1,1,,,605,522,996,401,417,98,98,98,1,,,,,20,,,,,,,,nms,0,0,,,,,,
2020,149,634783,11,05-01-2020,23:25,1,5,May,,5,Benton,0,10,,2,1,2,1,0,1,1,23:36,23:57,,38,0,0,No vehicle,8.8,1,0,1,No intersection,5,1,2,4,0,0,0,0,CR-S PLYMOUTH RD,,-119.3713889,46.057825,,0,1,2,Control/Traction Loss,13,2,50,15,0,0,1,2,1,3,1,2,1,14,Making a U turn,1,1,53,,0,55,36,2013,0,,8,,,,,,1,1,71,1,0,,1,0,3,0,11,0,,,,,0,0,3,3,1,0,,,,96,,,,,,98,,,,,,98502,53,67,220,6,1,0,1,0,4,,0,,,,,,0,11-15-2016,09-15-2020,1,0,0,0,8,3,2,,,0,,,8,8,0,0,,,0,,,0,0,996,,,,,,,,,,,,,,,,,,,,,,,,,,,,,,0,0,0,0,0,0,0,0,0,1,0,1,0,0,0,0,0,0,0,0,0,0,0,0,0,1,1,0,0,1,0,1,0,0,0,,0,0,0,0,0,0,0,0,0,0,0,0,0,0,0,0,,,,,,71-75,66-75,Interstate,U,Thursday,Belt Used,PV,Not Fatal,0,0,0,0,State Route,State Patrol,Washington State Patrol,0,1,0,0,0,,,,,,0,0,0,,,,,,,,,,,98,98,98,0,,,,,20,,,,,,,,,1,0,,,,,,
2019,149,634066,6,04-22-2019,14:45,22,4,April,,47,Okanogan,0,10,0,1,1,2,2,0,3,2,,,,12,0,2,Front-to-Front,279.2,2,0,2,4 Way,3,1,1,2,0,0,0,0,US-97,ENGH RD,-119.4839306,48.43818889,98841,0,2,69,Initial Opposite Direction(Going Straight),62,4,60,15,0,0,1,7,12,1,1,3,1,1,Going Straight,2,1,53,,0,49,472,1996,0,,63,34,1,,,,1,1,29,2,7,,4,7,20,7,11,0,01-09-2021,07:33,53001182,1182,0,0,3,3,1,87,,,,96,,,,,,98,,,,,,98338,53,61,140,6,1,0,0,1,0,,0,,,,,,4,10-15-2016,10-15-2016,20,0,0,0,0,9,8,,,0,,,8,8,2,695,600,,1,1,,2,1,0,,,,,,,,,,,,,,,,,,,,,,,,,,,,,,0,0,0,0,0,0,1,1,1,0,0,0,1,0,0,0,0,0,0,1,0,0,0,0,0,0,0,0,0,1,0,0,0,1,0,,1,0,0,0,0,0,1,1,0,1,0,0,0,0,1,0,,,,,,26-30,26-35,County road,U,Saturday,Not Used,PV,White,0,1,0,0,County Road,County Sheriff,Law Enforcement Support Agency,1,0,1,0,0,thc,50,carboxy-thc,42,,0,0,0,,,,,,,,,,,0,0,0,1,,,,,20,,,,,,,,nms,1,0,,,224 ST E,6.59,NULL,
2019,149,634065,6,04-22-2019,14:45,22,4,April,,47,Okanogan,0,10,0,1,1,2,2,0,3,2,,,,12,0,2,Front-to-Front,279.2,2,0,2,4 Way,3,1,1,2,0,0,0,0,US-97,ENGH RD,-119.4839306,48.43818889,98841,0,1,68,Initial Opposite Direction(Left/Right),15,2,60,4,0,0,1,7,12,1,1,2,1,11,Turning Red: Permitted on red,1,1,53,,0,12,401,2004,0,,63,69,64,25,1,,1,1,65,2,7,,4,7,3,0,11,0,01/22/2021,12:27,24053004405,4405,0,0,3,3,1,58,,,,96,,,,,,9,,,,,,98607,53,60,123,6,1,0,0,0,0,,0,,,,,,4,,,1,2,9,0,0,1,8,,,0,,,9,1,2,996,,,1,,,2,1,0.166,,,,,,,,,,,,,,,,,,,,,,,,,,,,,,0,0,0,0,1,1,1,1,0,0,0,0,1,0,0,0,0,0,0,0,0,0,0,0,0,1,0,0,0,1,0,0,0,0,0,,1,0,0,0,0,1,1,1,0,1,0,0,0,0,0,1,,,,,,61-65,56-65,State route,U,Friday,Belt Used,PV,White,0,1,0,0,State Route,State Patrol,WASHINGTON STATE PATROL,1,1,0,0,0,,,,,,0,0,0,,,,,,,,,,,98,98,98,1,,,,,20,,,,,,,,,1,0,,,,,,
2018,149,633282,305,05-11-2018,22:19,11,5,May,0,11,Clark,2370,1,0,3,1,2,3,0,4,1,,,,38,0,0,No vehicle,0,1,0,1,No intersection,4,2,4,6,0,0,0,0,E EVERGREEN BLVD,,-122.6373944,45.62601389,98681,0,1,1,Driver Off Road,6,1,25,4,0,0,1,7,1,3,1,2,1,14,Making a U turn,4,2,53,,0,35,443,2001,0,,8,,,,,,1,1,49,1,0,,0,0,99,7,11,0,,,,,0,0,0,3,1,0,,,,0,,,,,,98,,,,,,98104,53,70,190,6,1,0,1,0,0,,0,,,,,,0,02-15-2019,02-15-2019,20,0,0,0,8,9,8,,,0,,,8,8,8,95,,,96,,,8,95,995,,,,,,,,,,,,,,,,,,,,,,,,,,,,,,0,0,0,1,0,0,0,0,0,1,0,1,0,0,0,0,0,0,0,0,0,0,0,0,0,0,0,0,0,1,0,1,0,0,0,,0,0,0,0,0,0,0,0,0,0,0,0,0,0,0,0,,,,,,46-50,46-55,State route,U,Friday,Unknown,PV,Not Fatal,0,0,0,0,State Route,Municipal/City Police,Seattle Police Department,0,1,0,0,0,,,,,,0,0,0,,,,,,,,,,,98,98,98,0,,,,,20,,,,,,,,,1,0,,,,,,
2017,149,632530,42,05-13-2017,22:38,13,5,May,0,67,Thurston,0,10,0,1,1,2,1,1,1,1,,,,8,0,0,No vehicle,0.4,1,0,1,No intersection,5,2,2,4,0,0,0,0,CR-OLD HIGHWAY 9,,-123.0173139,46.78709722,98531,0,1,13,Pedestrian/Animal,80,5,50,4,0,0,1,2,8,1,1,2,1,1,Going Straight,1,1,53,,0,20,421,2001,0,,12,1,,,,,1,1,54,2,1,,4,7,3,0,11,0,12-06-2020,20:40,1.29E+11,58021,0,0,0,3,1,0,,,,96,,,,,,98,,,,,,99349,53,60,182,6,1,0,0,1,0,,0,,,,,,0,02-15-2017,02-15-2017,8,0,0,0,0,9,8,,,0,,,8,8,0,0,,,0,,,0,0,996,,,,,,,,,,,,,,,,,,,,,,,,,,,,,,0,0,0,0,0,0,0,0,0,0,0,0,0,0,0,1,0,0,0,0,0,0,0,0,0,0,0,0,0,1,1,0,0,0,0,,1,0,0,0,0,0,0,0,0,0,0,0,0,0,0,0,,,,,,51-55,46-55,State route,R,Sunday,Belt Used,PV,Hispanic,0,1,1,0,State Route,State Patrol,Washington State Patrol,0,1,0,0,0,,,,,,0,0,0,,,,,,,,,,,98,98,98,298,,,,,20,7,,,,,,,,1,0,,,,,,
2021,150,635578,1,05-24-2021,19:03,24,5,May,,77,Yakima,0,1,,1,1,2,1,0,2,2,,,,12,0,2,Front-to-Front,5.2,1,0,1,No intersection,4,2,1,3,0,0,0,0,SR-823,,-120.489625,46.67955833,98942,0,2,51,Lateral Move(Going Straight),62,4,55,67,0,0,1,2,12,2,2,2,1,14,Making a U turn,1,1,53,,0,12,17,2008,0,,12,,,,,,1,1,40,1,0,,0,0,3,0,11,0,,,,,0,0,0,3,1,0,,,,96,,,,,,0,,,,,,99349,53,65,127,6,1,0,0,0,0,,0,,,,,,0,,,20,0,0,0,8,9,8,,,0,,,8,8,0,0,,,0,,,0,0,996,,,,,,,,,,,,,,,,,,,,,,,,,,,,,,0,0,0,0,0,0,0,0,0,0,0,0,0,0,0,1,0,0,0,0,0,0,0,0,0,0,0,0,0,1,1,0,0,0,0,,0,0,0,0,0,0,0,0,0,0,0,0,0,0,0,0,,,,,,36-40,36-45,State route,R,Sunday,Belt Used,PV,Not Fatal,0,1,1,0,State Route,State Patrol,Washington State Patrol,0,1,0,0,0,,,,,,0,0,0,,,,,,,,,,,98,98,98,0,,,,,20,7,,,,,,,,1,0,,,,,,
2021,150,635577,1,05-24-2021,19:03,24,5,May,,77,Yakima,0,1,,1,1,2,1,0,2,2,,,,12,0,2,Front-to-Front,5.2,1,0,1,No intersection,4,2,1,3,0,0,0,0,SR-823,,-120.489625,46.67955833,98942,0,1,50,Lateral Move(Left/Right),11,2,55,6,0,0,1,2,12,3,2,2,1,6,Others,1,2,53,,0,82,881,2013,0,,68,12,12,,,,1,1,43,1,0,,2,0,3,0,11,5,,,,,0,0,0,2,1,28,60,,,0,,,,,,2,,,,,,98052,53,68,175,6,1,0,1,0,0,,97,,,,,,0,01-15-2019,01-15-2019,20,0,0,0,8,3,2,,,0,,,8,8,0,0,,,0,,,0,0,996,,,,,,,,,,,,,,,,,,,,,,,,,,,,,,0,0,0,0,0,0,0,0,0,0,0,0,0,0,0,1,0,0,0,0,0,0,0,0,0,0,0,0,0,1,1,0,0,0,0,,0,0,0,0,0,0,0,0,0,0,0,0,0,0,0,0,,,,,,41-45,36-45,State route,R,Sunday,,MHTRUCK,Not Fatal,0,1,1,0,State Route,State Patrol,Washington State Patrol,0,1,0,0,0,,,,,,0,0,0,,,,,,,,,,,98,98,98,0,,,,,20,7,,,,,,,,1,0,,,,,,
2019,150,634068,25,05-09-2019,11:04,9,5,May,,33,King,0,1,0,1,1,1,1,0,2,2,,,,12,0,2,Front-to-Front,1.5,1,0,1,No intersection,7,2,2,4,0,0,0,0,CR-SE KENT KANGLEY RD,,-121.9904167,47.36270833,98051,1,2,51,Lateral Move(Going Straight),62,4,45,15,0,0,1,7,12,3,1,2,1,14,Making a U turn,1,2,53,,0,58,41,2018,0,,8,,,,,,1,1,20,1,0,,0,0,3,0,11,0,,,,,0,0,0,3,1,0,,,,92,,,,,,98,,,,,,98445,53,69,120,6,1,0,2,1,1,,0,,,,,,0,10-15-2018,06-15-2020,20,0,0,0,8,9,8,,,0,,,8,8,8,95,,,96,,,8,95,995,,,,,,,,,,,,,,,,,,,,,,,,,,,,,,0,0,0,1,0,0,0,0,0,0,0,0,0,0,0,0,1,1,0,0,0,1,1,0,1,0,0,0,0,1,0,1,0,0,0,,0,0,0,0,0,0,0,0,1,0,0,0,0,0,0,0,,,,,,18-20,16-25,County road,U,Friday,Belt Used,PV,Not Fatal,1,0,0,0,County Road,County Sheriff,Law Enforcement Support Agency,0,0,1,0,0,,,,,,0,0,0,,,,,,,,,,,98,98,98,0,,,,,20,,,,,,,,,1,0,,,160 ST E,0.25,NULL,
2019,150,634067,25,05-09-2019,11:04,9,5,May,,33,King,0,1,0,1,1,1,1,0,2,2,,,,12,0,2,Front-to-Front,1.5,1,0,1,No intersection,7,2,2,4,0,0,0,0,CR-SE KENT KANGLEY RD,,-121.9904167,47.36270833,98051,1,1,50,Lateral Move(Left/Right),10,2,45,15,0,0,1,7,12,2,1,2,1,14,Making a U turn,1,1,53,,0,98,734,2017,0,,1,,,,,,1,1,26,1,7,,4,7,20,7,11,0,06-06-2020,15:35,1.99E+11,26224,6,0,0,1,1,0,,,,96,,,,,,0,,,,,,98362,53,69,180,6,1,0,3,0,0,,0,,,,,,4,06-15-2017,12-15-2019,20,1,9,0,0,1,8,,,0,,,8,1,2,1,,,1,,,2,1,0.067,,,,,,,,,,,,,,,,,,,,,,,,,,,,,,0,0,0,0,1,0,0,0,0,0,0,0,1,0,0,0,0,0,0,0,0,0,0,0,0,0,0,0,0,0,0,0,0,0,0,,0,0,0,0,1,0,0,0,0,1,0,0,1,0,0,1,,,,,,26-30,26-35,Other,,Saturday,,OTHVT,White,0,1,0,0,Other,County Sheriff,Clallam County Sheriff's Office,1,0,0,0,1,,,,,,0,0,0,,,,,,,,,,,0,0,0,1,,,,,17,7,,,,,,,,1,0,,,,,,