year,something,Cases,repjur,crash_dt,crash_tm,accday,Month,Month,holiday,county,co_char,city,weather,weather2,lightcond,surfcond,surftype,Number of Fatalities,nmforms,pforms,vforms,not_tm,arr_tm,hosp_tm,fhevent,hitrun,Manner of Collision,Manner of Collision,milepnt,reljunc,reljuncinter,intersectiontype,Intersection Type,funcsystem,landuse,ownership,route,schlbus,spejur,contdev,devfunc,trafid1,trafid2,x,y,zipcode,wk_zone,vnumber,crashtype,Crash Type,criticalevent,criticaleventcat,spdlim,body,trailer,emerg,hazcargo,leave,mhevent,roadalgn,roadprof,traflane,trafflow,Vehicle Manure,Vehicle Manure,numoccs,regowner,regstate,,spuse,make,model,modelyr,vrf1,vrf2,seqevent1,seqevent2,seqevent3,seqevent4,seqevent5,seqevent6,pnumber,ptype,age,sex,hispanic,race,injury,diedscene,restraint,restraintmisuse,seatpos,takehosp,death_dt,death_tm,cert,cernum_wa,commlic,licendor,licrestrict,liccomp,drivpres,drf1,drf2,drf3,drf4,distract1,distract2,distract3,distract4,distract5,distract6,dricond1,dricond2,dricond3,dricond4,dricond5,dricond6,dzip,licstate,drhgt_in,weight,noncdl,noncdltype,prevdwi,prevoth,prevacc,prevspd,prevsus,driviol1,driviol2,driviol3,driviol4,driviol5,driviol6,spdrel,first_dt,last_dt,airbag,ejection,ejectpath,extricat,injurwrk,methalc,methdrug,nmlocat,strikveh,prf1,prf2,prf3,druginv,alcinvol,drugsts,drugres1,drugres2,drugres3,drugtst1,drugtst2,drugtst3,alcsts,alctst,alcres,nmact1,nmact2,nmact3,nmact4,nmact5,nmact6,nmprior1,nmprior2,nmprior3,nmprior4,nmprior5,nmprior6,nmcond1,nmcond2,nmcond3,nmcond4,nmcond5,nmcond6,nmsafe_helmet,nmsafe_pads,nmsafe_oth,nmprev_ref,nmprev_lgt,nmprev_oth,crashlocation,nmcrashtype,crosswalk,schoolzone,sidewalk,train_inv,wildlife_inv,rotr_fars,intersect_fars,Drink and Drive,aid_inv,Drug Positive Drivers,Impaired Drivers,Marijuana Positive,impnm_inv,ainm_inv,dpnm_inv,speed_inv,unlic_inv,unendmc_inv,drowsy_inv,drdist_inv,nmdist_inv,fty_inv,unrestfat_inv,dr1617_inv,dr1820_inv,dr1620_inv,dr2125_inv,dr1625_inv,dr65_inv,dr70_inv,dr75_inv,mc_inv,pv_inv,ht_inv,ped_inv,bike_inv,unrest_fat,mc_fat,unhelmet_mc,pv_fat,ht_fat,ped_fat,bike_fat,dr_alc7,dr_alc8,dr_drug,dr_imp,dr_dist,dr_spd,dr_fty,dr_unlic,dr_alc7only,dr_alc8only,dr_drugonly,dr_drink,nm_imp,nm_alc7,nm_alc8,nm_drug,nm_dist,agegrp1,agegrp2,roadclass,urbrur,dayweek,restuse,vehtype,race_me,intersect,lanedep,oppdir,wrongway,rep_typ,investag,repag_long,rotr,st_rd,cty_rd,city_rd,oth_rd,drug_thc,thc_res,drug_cthc,cthc_res,drug_cann,prevpersemin,prevperse,prevsusoth,drugtst4,drugtst5,drugtst6,drugtst7,drugtst8,drugres4,drugres5,drugres6,drugres7,drugres8,adspresent,adsengaged,adslevel,race1,race2,race3,race4,race5,helmet,helmetmisuse,nmdistract1,nmdistract2,nmdistract3,nmdistract4,nmdistract5,nmdistract6,lab,isedtcase,crf1,crf2,crf3,CoRoadName,CoMP,IntCoRoadName,IntCoMP
2018,150,633286,40,05-24-2018,05:26,24,5,May,0,63,Spokane,0,10,0,9,99,2,1,0,1,1,,,,42,0,0,No vehicle,1.2,1,0,1,No intersection,4,2,2,4,0,0,0,0,CR-WELLESLEY AVE,,-117.1275278,47.70040833,99027,0,1,7,Control/Traction Loss,12,2,35,2,0,0,1,7,42,1,1,2,1,1,Going Straight,1,1,53,,0,12,471,2008,0,,68,64,24,2,,,1,1,71,1,7,,4,7,20,7,11,0,01-01-2021,10:00,53000831,831,0,0,0,3,1,0,,,,92,,,,,,99,,,,,,98532,53,71,185,6,1,0,1,0,0,,0,,,,,,0,09-15-2017,09-15-2017,20,0,0,0,0,9,8,,,0,,,9,9,2,996,996,,1,1,,2,1,0.178,,,,,,,,,,,,,,,,,,,,,,,,,,,,,,0,0,1,0,1,1,1,1,0,0,0,0,0,0,0,0,1,0,0,1,0,0,0,0,0,1,1,0,0,1,0,0,0,1,0,,1,0,0,0,0,1,1,1,1,0,0,0,0,0,0,1,,,,,,71-75,66-75,County road,R,Friday,Not Used,PV,White,0,1,0,0,County Road,County Sheriff,Lewis County Sheriff's Office,1,0,1,0,0,,,,,,0,0,0,,,,,,,,,,,98,98,98,1,,,,,20,,,,,,,,,1,0,,,NORTH FORK RD,0.748,NULL,
2017,150,632532,173,05-17-2017,00:20,17,5,May,0,53,Pierce,1124,10,0,3,2,2,1,0,2,1,,,,30,0,0,No vehicle,0,3,0,3,T Intersection,4,2,4,6,0,0,0,0,108TH ST SW,DOUGLAS DR SW,-122.5090806,47.15948056,98499,0,1,1,Driver Off Road,13,2,25,34,0,0,1,2,30,1,1,2,1,1,Going Straight,2,2,53,,0,20,481,2014,0,,12,,,,,,1,1,76,1,0,,2,0,3,0,11,0,,,,,0,0,0,3,1,0,,,,96,,,,,,98,,,,,,98366,53,71,210,6,1,0,0,0,0,,0,,,,,,0,,,8,0,0,0,8,9,8,,,0,,,8,8,0,0,,,0,,,0,0,996,,,,,,,,,,,,,,,,,,,,,,,,,,,,,,0,0,0,0,0,0,0,0,0,0,0,0,0,0,0,0,1,0,0,1,0,0,0,0,0,1,1,1,0,1,0,0,0,0,0,,0,0,0,0,0,0,0,0,0,0,0,0,0,0,0,0,,,,,,76-80,76+,State route,U,Friday,Belt Used,PV,Not Fatal,0,1,1,0,State Route,State Patrol,Washington State Patrol,0,1,0,0,0,,,,,,0,0,0,,,,,,,,,,,98,98,98,0,,,,,20,,,,,,,,,1,0,,,,,,
2021,151,635581,3,05-07-2021,03:48,7,5,May,,53,Pierce,1350,1,,3,1,2,1,1,4,2,,,,8,0,0,No vehicle,139.3,1,0,1,No intersection,1,2,1,1,0,0,0,0,I-5,,-122.3313667,47.25476944,98424,0,2,98,Others,80,5,60,4,0,0,1,5,8,1,1,5,3,1,Going Straight,2,1,53,,0,23,431,2002,0,,68,12,,,,,1,1,62,1,0,,3,0,20,7,11,5,,,,,0,0,0,3,1,28,,,,92,,,,,,1,,,,,,98367,53,72,300,6,1,0,0,0,2,,52,,,,,,0,01-15-2017,07-15-2019,8,0,0,0,8,9,8,,,0,,,8,8,0,0,,,0,,,0,0,996,,,,,,,,,,,,,,,,,,,,,,,,,,,,,,0,0,0,0,0,0,0,0,0,0,0,0,0,0,0,0,1,0,0,1,0,0,0,0,0,1,1,1,0,1,0,0,0,0,0,,0,0,0,0,0,0,0,0,1,0,0,0,0,0,0,0,,,,,,61-65,56-65,State route,U,Friday,Not Used,PV,Not Fatal,0,1,1,0,State Route,State Patrol,Washington State Patrol,0,1,0,0,0,,,,,,0,0,1,,,,,,,,,,,98,98,98,0,,,,,20,,,,,,,,,1,0,,,,,,
2021,151,635580,3,05-07-2021,03:48,7,5,May,,53,Pierce,1350,1,,3,1,2,1,1,4,2,,,,8,0,0,No vehicle,139.3,1,0,1,No intersection,1,2,1,1,0,0,0,0,I-5,,-122.3313667,47.25476944,98424,0,1,13,Pedestrian/Animal,80,5,60,4,0,0,1,5,8,1,1,5,3,1,Going Straight,2,1,53,,0,20,481,2006,0,,63,38,1,,,,1,1,26,1,6,,4,7,20,7,11,0,01/18/2021,06:55,53002943,2943,0,0,0,3,1,87,,,,96,,,,,,99,,,,,,98520,53,72,250,6,1,0,1,0,0,,0,,,,,,4,05-15-2017,05-15-2017,20,1,9,0,9,9,8,,,0,,,1,9,2,695,605,,1,1,,2,1,0,,,,,,,,,,,,,,,,,,,,,,,,,,,,,,0,0,0,0,0,0,1,1,1,0,0,0,1,0,0,0,0,0,0,1,0,0,0,0,0,0,0,0,0,1,0,0,0,1,0,,1,0,0,0,0,0,1,1,0,1,0,0,0,0,1,0,,,,,,26-30,26-35,Interstate,R,Monday,Not Used,PV,Hispanic,0,1,0,0,State Route,State Patrol,Washington State Patrol,1,1,0,0,0,,,carboxy-thc,220,,0,0,0,,,,,,,,,,,98,98,98,1,,,,,20,,,,,,,,nms,1,0,,,,,,
2020,151,634685,25,03-14-2020,21:19,14,3,March,,33,King,0,1,,2,1,2,1,1,3,1,21:21,21:31,21:52,8,0,0,No vehicle,14.5,1,0,1,No intersection,3,2,2,4,0,0,0,0,CR-ISSAQUAH HOBART RD S,,-122.0232389,47.49263611,98027,0,1,13,Pedestrian/Animal,80,5,45,14,0,0,1,5,8,1,1,2,1,1,Going Straight,3,1,53,,0,49,40,1998,0,,8,,,,,,1,1,19,2,0,,0,0,3,0,11,0,,,,,0,0,0,3,1,0,,,,0,,,,,,0,,,,,,98329,53,62,120,6,1,0,1,2,0,,0,,,,,,0,11-15-2017,09-15-2018,20,0,0,0,8,9,8,,,0,,,8,8,8,95,,,96,,,8,95,995,,,,,,,,,,,,,,,,,,,,,,,,,,,,,,0,0,0,0,0,0,0,0,0,1,0,1,0,0,0,0,0,0,0,0,0,1,1,0,1,0,0,0,0,1,0,1,0,0,0,,0,0,0,0,0,0,0,0,0,0,0,0,0,0,0,0,,,,,,18-20,16-25,County road,R,Sunday,Belt Used,PV,Not Fatal,0,0,0,0,County Road,County Sheriff,Law Enforcement Support Agency,0,0,1,0,0,,,,,,0,0,0,,,,,,,,,,,0,0,0,0,,,,,20,,,,,,,,,1,0,,,KEY PENINSULA HWY SW,6.25,NULL,
2019,151,634070,35,05-18-2019,01:51,18,5,May,,53,Pierce,0,1,0,2,1,1,1,0,1,1,,,,41,0,0,No vehicle,2.1,1,0,1,No intersection,4,1,2,4,0,0,0,0,CR-ALDER CUTOFF RD E,,-122.2605972,46.82301667,98328,0,1,6,Drive off road,12,2,45,34,0,0,1,7,1,1,1,2,1,1,Going Straight,1,1,53,,0,41,51,2014,0,,68,64,42,,,,1,1,73,1,7,,4,0,3,0,11,1,02-03-2021,03:10,1.96E+11,6778,6,0,0,3,1,0,,,,92,,,,,,98,,,,,,98274,53,73,185,6,1,0,0,0,0,,0,,,,,,0,,,8,0,0,0,0,9,8,,,0,,,9,9,0,0,,,0,,,0,0,996,,,,,,,,,,,,,,,,,,,,,,,,,,,,,,0,0,1,0,0,0,0,0,0,0,0,0,0,0,0,0,1,0,0,0,0,0,0,0,0,1,1,0,0,1,0,0,0,0,0,,1,0,0,0,0,0,0,0,1,0,0,0,0,0,0,0,,,,,,71-75,66-75,County road,R,Saturday,Belt Used,PV,White,0,1,0,0,County Road,State Patrol,Washington State Patrol,1,0,1,0,0,,,,,,0,0,0,,,,,,,,,,,98,98,98,1,,,,,20,,,,,,,,,1,0,,,PACIFIC HIGHWAY,0.023,NULL,
2018,151,633292,1,05-28-2018,07:06,28,5,May,4,5,Benton,1850,1,0,1,1,1,1,0,4,2,,,,12,0,2,Front-to-Front,4.9,18,1,1,No intersection,1,2,1,1,0,0,0,0,I-182,,-119.2836944,46.25905,99352,0,2,51,Lateral Move(Going Straight),54,3,70,3,0,0,1,2,12,1,1,3,3,1,Going Straight,3,1,53,,0,20,16,1998,0,,12,,,,,,1,1,25,1,0,,0,0,3,0,11,0,,,,,0,0,3,2,1,0,,,,0,,,,,,0,,,,,,98944,53,68,145,1,1,1,1,1,1,,0,,,,,,0,11-15-2018,01-15-2018,20,0,0,0,8,3,2,,,0,,,0,8,0,0,,,0,,,0,0,996,,,,,,,,,,,,,,,,,,,,,,,,,,,,,,0,0,0,0,1,1,1,1,1,0,0,0,0,1,0,0,0,0,0,1,0,0,0,1,1,1,0,0,0,1,0,0,0,0,0,,0,0,0,0,0,0,0,0,0,0,0,1,0,0,0,0,,,,,,21-25,16-25,Interstate,R,Thursday,Belt Used,PV,Not Fatal,0,0,0,1,State Route,State Patrol,Washington State Patrol,0,1,0,0,0,,,,,,0,1,3,,,,,,,,,,,0,0,0,0,,,,,20,,,,,,,,,1,0,,,,,,
2018,151,633291,1,05-28-2018,07:06,28,5,May,4,5,Benton,1850,1,0,1,1,1,1,0,4,2,,,,12,0,2,Front-to-Front,4.9,18,1,1,No intersection,1,2,1,1,0,0,0,0,I-182,,-119.2836944,46.25905,99352,0,1,50,Lateral Move(Left/Right),54,3,98,5,0,0,1,2,12,1,1,3,3,1,Going Straight,1,1,53,,0,12,481,1999,0,,12,12,,,,,1,1,65,1,0,,2,0,3,0,11,0,,,,,6,0,3,3,1,0,,,,96,,,,,,98,,,,,,98901,53,71,170,6,1,0,0,0,0,,0,,,,,,0,,,1,0,0,0,8,3,2,,,0,,,8,8,0,0,,,0,,,0,0,996,,,,,,,,,,,,,,,,,,,,,,,,,,,,,,0,0,0,0,1,1,1,1,1,0,0,0,0,1,0,0,0,0,0,1,0,0,0,1,1,1,0,0,0,1,0,0,0,0,0,,0,0,0,0,0,0,0,0,0,0,0,0,0,0,0,0,,,,,,61-65,56-65,Interstate,R,Thursday,Belt Used,PV,Not Fatal,0,0,0,1,State Route,State Patrol,Washington State Patrol,0,1,0,0,0,,,,,,0,0,0,,,,,,,,,,,0,0,0,0,,,,,20,,,,,,,,,1,0,,,,,,
2017,151,632567,5,06-02-2017,00:00,2,6,June,0,15,Cowlitz,0,1,0,2,1,2,1,0,1,1,,,,1,0,0,No vehicle,0.2,20,1,1,No intersection,1,1,1,1,0,0,0,0,I-5 RAMP P102740,,-122.8229861,45.97968611,98625,0,1,98,Others,10,2,70,14,0,0,1,2,1,1,2,1,6,1,Going Straight,1,1,53,,0,53,402,2002,0,,12,,,,,,1,1,60,1,7,,4,7,20,7,11,0,01-07-2021,22:51,53001438,1438,0,0,0,3,1,51,,,,96,,,,,,9,,,,,,99338,53,73,190,6,1,0,0,0,0,,0,,,,,,0,,,8,0,0,0,0,1,8,,,0,,,1,1,2,605,,,1,,,2,1,0.32,,,,,,,,,,,,,,,,,,,,,,,,,,,,,,0,0,0,0,1,1,1,1,1,0,0,0,0,1,0,0,0,0,0,1,0,0,0,1,1,1,0,0,0,1,0,0,0,1,0,,1,0,0,0,0,1,1,1,0,0,0,0,0,0,0,1,,,,,,56-60,56-65,Interstate,R,Thursday,Not Used,PV,Multiracial,0,0,0,1,State Route,State Patrol,Washington State Patrol,0,1,0,0,0,thc,0.52,,,,0,0,0,,,,,,,,,,,98,98,98,203,201,,,,20,,,,,,,,nms,1,0,,,,,,
2021,152,635547,3,05-04-2021,23:40,4,5,May,,53,Pierce,1124,1,,3,1,2,1,0,2,2,,,,25,0,0,No vehicle,125,1,0,1,No intersection,1,2,1,1,0,0,0,0,I-5,,-122.5211806,47.13924444,94899,1,2,98,Others,53,3,60,66,2,0,1,5,12,3,1,4,3,14,Making a U turn,1,3,16,,0,12,880,2006,0,,12,,,,,,1,1,31,1,0,,0,0,3,0,11,0,,,,,0,0,0,3,1,0,,,,0,,,,,,98,,,,,,98387,53,73,285,6,1,0,1,1,0,,0,,,,,,0,06-15-2016,06-15-2016,20,0,0,0,8,9,8,,,0,,,8,8,8,95,,,96,,,8,95,995,,,,,,,,,,,,,,,,,,,,,,,,,,,,,,0,0,0,1,0,0,1,1,1,0,0,0,0,1,0,0,0,0,1,1,0,0,0,0,0,0,0,0,0,1,1,0,0,0,0,,0,0,0,0,0,0,0,0,0,0,0,0,0,0,0,0,,,,,,31-35,26-35,State route,R,Saturday,,MHTRUCK,Not Fatal,1,0,0,0,State Route,State Patrol,Washington State Patrol,0,1,0,0,0,,,,,,0,0,1,,,,,,,,,,,98,98,98,0,,,,,20,,,,,,,,,1,0,,,,,,
2021,152,635546,3,05-04-2021,23:40,4,5,May,,53,Pierce,1124,1,,3,1,2,1,0,2,2,,,,25,0,0,No vehicle,125,1,0,1,No intersection,1,2,1,1,0,0,0,0,I-5,,-122.5211806,47.13924444,94899,1,1,6,Drive off road,9,1,60,80,0,0,1,2,25,3,1,4,3,6,Others,1,1,53,,0,41,35,1985,0,,12,,,,,,1,1,30,2,7,,4,7,20,7,11,0,01-02-2021,12:29,53001059,1059,0,0,0,2,1,38,,,,96,,,,,,98,,,,,,98375,53,62,165,1,1,1,1,0,1,,0,,,,,,0,05-15-2018,04-15-2019,20,0,0,0,0,9,8,,,0,,,8,8,2,695,,,1,,,2,1,0,,,,,,,,,,,,,,,,,,,,,,,,,,,,,,0,0,0,1,0,0,1,1,1,0,0,0,0,1,0,0,0,0,1,1,0,0,0,0,0,0,0,0,0,1,1,0,0,1,0,,1,0,0,0,0,0,1,1,0,0,1,1,0,0,1,0,,,,,,26-30,26-35,State route,R,Saturday,Not Used,PV,Multiracial,1,0,0,0,State Route,State Patrol,Washington State Patrol,0,1,0,0,0,,,,,,0,1,3,,,,,,,,,,,0,0,0,203,201,,,,20,,,,,,,,,1,0,,,,,,
2020,152,634764,269,05-13-2020,14:32,13,5,May,,33,King,2005,1,,1,1,2,1,0,3,3,14:35,14:38,15:08,12,0,6,Angle,0,2,0,2,4 Way,3,2,4,6,0,0,0,0,NE 175TH ST,10TH AVE NE,-122.3187639,47.75579444,98155,0,3,98,Others,62,4,30,14,0,0,1,2,12,1,2,2,1,1,Going Straight,1,1,53,,0,20,37,2014,0,,8,,,,,,1,1,22,1,0,,0,0,3,0,11,0,,,,,0,0,1,3,1,10,,,,0,,,,,,98,,,,,,83815,16,72,150,6,1,0,1,0,0,,0,,,,,,0,12-15-2016,12-15-2016,20,0,0,0,8,9,8,,,0,,,8,8,0,0,,,0,,,0,0,996,,,,,,,,,,,,,,,,,,,,,,,,,,,,,,0,0,0,0,0,0,0,0,0,1,0,1,0,0,0,0,0,0,0,0,0,0,0,1,1,0,0,0,0,1,0,1,0,0,0,,0,0,0,0,0,0,0,0,0,0,0,0,0,0,0,0,,,,,,21-25,16-25,State route,U,Thursday,Belt Used,PV,Not Fatal,0,0,0,0,State Route,State Patrol,Washington State Patrol,0,1,0,0,0,,,,,,0,0,0,,,,,,,,,,,98,98,98,0,,,,,20,,,,,,,,,1,0,,,,,,
2020,152,634763,269,05-13-2020,14:32,13,5,May,,33,King,2005,1,,1,1,2,1,0,3,3,14:35,14:38,15:08,12,0,6,Angle,0,2,0,2,4 Way,3,2,4,6,0,0,3,3,NE 175TH ST,10TH AVE NE,-122.3187639,47.75579444,98155,0,2,89,Others,66,4,30,14,0,0,1,2,12,1,2,2,1,1,Going Straight,1,2,53,,0,37,402,2012,0,,16,,,,,,1,1,42,2,7,,4,7,99,7,11,0,01/13/2021,07:00,2.11E+11,2179,0,0,3,3,1,0,,,,96,,,,,,99,,,,,,99223,53,69,155,6,1,0,1,0,0,,0,,,,,,0,10-15-2019,10-15-2019,8,0,0,0,0,9,8,,,0,,,9,9,2,996,996,996,1,1,1,2,1,0,,,,,,,,,,,,,,,,,,,,,,,,,,,,,,0,0,0,1,0,0,1,1,0,0,0,0,0,0,0,0,0,0,0,0,0,0,0,0,0,0,0,0,0,1,0,0,0,0,0,,1,0,0,0,0,0,1,1,0,0,0,0,0,0,1,0,,,,,,41-45,36-45,City street,U,Wednesday,Unknown,PV,White,0,0,0,0,City Street,Municipal/City Police,Spokane Police Department,0,0,0,1,0,,,,,,0,0,0,,,,,,,,,,,98,98,98,1,,,,,20,,,,,,,,,1,0,,,,,,
2020,152,634762,269,05-13-2020,14:32,13,5,May,,33,King,2005,1,,1,1,2,1,0,3,3,14:35,14:38,15:08,12,0,6,Angle,0,2,0,2,4 Way,3,2,4,6,0,0,3,3,NE 175TH ST,10TH AVE NE,-122.3187639,47.75579444,98155,0,1,88,Striking from the Left,17,2,35,34,0,0,1,2,12,1,2,4,1,1,Going Straight,1,1,53,,0,20,29,2014,0,,12,,,,,,1,1,52,2,0,,2,0,3,0,11,4,,,,,0,0,3,3,1,0,,,,96,,,,,,0,,,,,,98626,53,63,130,6,1,0,0,0,1,,0,,,,,,0,08-15-2016,08-15-2016,8,0,0,0,8,9,8,,,0,,,8,0,0,0,,,0,,,0,0,996,,,,,,,,,,,,,,,,,,,,,,,,,,,,,,0,0,0,0,0,0,1,1,0,0,0,0,0,1,0,0,0,0,0,1,0,0,0,0,0,0,0,0,0,1,0,0,0,0,0,,0,0,0,0,0,0,0,0,0,0,0,0,0,0,0,0,,,,,,51-55,46-55,State route,U,Thursday,Belt Used,PV,Not Fatal,0,1,1,0,State Route,State Patrol,Washington State Patrol,0,1,0,0,0,,,,,,0,0,0,,,,,,,,,,,98,98,98,0,,,,,20,,,,,,,,,1,0,,,,,,
2018,152,633288,250,05-23-2018,17:27,23,5,May,0,5,Benton,1850,1,0,1,1,2,1,0,2,2,,,,12,0,6,Angle,0,2,0,2,4 Way,3,2,4,6,0,0,3,3,STEPTOE ST,CENTER PKWY,-119.2438722,46.21236389,99338,0,2,69,Initial Opposite Direction(Going Straight),62,4,25,80,0,0,1,7,12,8,8,5,2,1,Going Straight,1,1,53,,0,48,38,1993,0,,68,12,,,,,1,1,45,1,7,,4,0,20,7,11,5,01/14/2021,14:47,1.19E+11,2392,0,0,0,0,1,28,,,,96,,,,,,99,,,,,,98611,53,66,145,0,0,0,0,0,0,,0,,,,,,0,,,1,0,0,0,0,9,8,,,0,,,9,9,2,417,,,1,,,2,1,0,,,,,,,,,,,,,,,,,,,,,,,,,,,,,,0,0,0,0,0,0,1,1,0,0,0,0,0,1,0,0,0,0,0,1,0,0,0,0,0,0,0,0,0,1,0,0,0,1,0,,1,0,0,0,0,0,1,1,0,0,0,1,0,0,1,0,,,,,,41-45,36-45,State route,U,Thursday,Not Used,PV,White,0,1,1,0,State Route,State Patrol,Washington State Patrol,0,1,0,0,0,,,,,,0,0,0,,,,,,,,,,,0,0,0,1,,,,,20,,,,,,,,,1,0,,,,,,
2018,152,633287,250,05-23-2018,17:27,23,5,May,0,5,Benton,1850,1,0,1,1,2,1,0,2,2,,,,12,0,6,Angle,0,2,0,2,4 Way,3,2,4,6,0,0,3,3,STEPTOE ST,CENTER PKWY,-119.2438722,46.21236389,99338,0,1,68,Initial Opposite Direction(Left/Right),15,2,35,34,1,0,1,7,12,1,2,2,2,11,Turning Red: Permitted on red,1,1,53,,0,20,401,2002,0,,63,30,,,,,1,1,56,2,7,,4,0,99,7,11,5,01-03-2021,08:48,1.96E+11,6683,0,0,0,2,1,0,,,,96,,,,,,1,,,,,,98133,53,64,140,1,1,0,1,0,0,,0,,,,,,0,05-15-2017,08-15-2019,8,0,0,0,0,9,8,,,0,,,8,8,2,407,402,167,1,1,1,2,1,0,,,,,,,,,,,,,,,,,,,,,,,,,,,,,,0,0,1,0,0,0,1,1,0,0,0,0,0,1,0,0,0,0,0,0,0,0,0,0,0,0,0,0,0,1,0,0,0,0,0,,1,0,0,0,0,0,1,1,0,0,0,1,0,0,1,0,,,,,,56-60,56-65,State route,U,Sunday,Unknown,PV,AIAN,0,1,0,0,State Route,Municipal/City Police,Seattle Police Department,1,1,0,0,0,,,,,,0,0,2,1,1,1,,,177,522,996,417,,98,98,98,3,,,,,20,,,,,,,,,1,0,,,,,,
2017,152,632568,5,06-01-2017,03:00,1,6,June,0,11,Clark,240,2,0,2,2,2,1,0,1,1,,,,41,0,0,No vehicle,11.6,1,0,1,No intersection,2,2,1,3,0,0,0,0,SR-14,,-122.4452667,45.57856111,98607,0,1,98,Others,13,2,60,5,0,0,1,5,25,2,1,2,3,14,Making a U turn,1,1,53,,0,12,481,1986,0,,8,,,,,,1,1,40,1,0,,0,0,99,7,11,0,,,,,0,0,0,3,1,0,,,,96,,,,,,9,,,,,,99207,53,74,225,6,1,0,0,0,0,,97,,,,,,0,,,20,0,0,0,8,9,8,,,0,,,0,1,2,1,,,1,,,2,1,0.098,,,,,,,,,,,,,,,,,,,,,,,,,,,,,,0,0,0,0,1,1,0,1,0,1,1,1,0,0,0,0,0,0,0,0,0,0,0,0,0,0,0,0,0,1,0,1,0,0,0,,0,0,0,0,0,1,0,1,0,0,0,0,0,1,0,1,,,,,,36-40,36-45,City street,U,Sunday,Unknown,PV,Not Fatal,0,0,0,0,City Street,Municipal/City Police,Spokane Police Department,0,0,0,1,0,,,,,,0,0,0,,,,,,,,,,,0,0,0,0,,,,,20,,,,,,,,,1,0,,,,,,
2019,152,634071,122,05-25-2019,21:30,25,5,May,,61,Snohomish,690,10,0,5,2,2,1,1,1,1,,,,8,1,0,No vehicle,0,1,0,1,No intersection,7,2,4,6,0,0,0,0,13TH ST,,-122.2111806,48.00039167,98201,0,1,13,Pedestrian/Animal,80,5,98,99,0,0,1,5,8,1,2,8,1,1,Going Straight,99,9,99,,0,48,401,2013,0,,12,,,,,,1,1,86,2,7,,4,0,3,0,11,0,01-06-2021,12:13,2.11E+11,1105,0,0,3,3,1,0,,,,96,,,,,,98,,,,,,99021,53,62,157,6,1,0,0,0,0,,0,,,,,,0,,,2,0,0,0,0,9,8,,,0,,,8,8,2,996,996,996,1,1,1,2,1,0,,,,,,,,,,,,,,,,,,,,,,,,,,,,,,0,0,0,1,0,0,1,1,0,0,0,0,0,0,0,0,1,0,1,0,0,0,0,0,0,1,1,1,0,1,0,0,0,0,0,,1,0,0,0,0,0,1,1,0,0,0,0,0,0,1,0,,,,,,81+,76+,US highway,R,Wednesday,Belt Used,PV,White,1,0,0,0,State Route,State Patrol,Washington State Patrol,0,1,0,0,0,,,,,,0,0,0,,,,,,,,,,,98,98,98,1,,,,,20,,,,,,,,,1,0,,,,,,
2020,153,634784,8,05-12-2020,15:20,12,5,May,,49,Pacific,0,10,,1,1,2,1,0,3,1,15:24,15:33,16:13,42,0,0,No vehicle,5.2,1,0,1,No intersection,5,1,1,3,0,0,0,0,SR-103,,-124.0523667,46.40570556,98631,0,1,6,Drive off road,12,2,50,34,0,0,1,2,42,1,1,2,1,1,Going Straight,3,1,41,,0,55,33,2011,0,,12,,,,,,1,1,56,1,0,,3,0,3,0,11,0,,,,,0,0,0,3,1,0,,,,96,,,,,,98,,,,,,99206,53,73,185,6,1,0,0,0,2,,0,,,,,,0,10-15-2017,05-15-2018,2,0,0,0,8,9,8,,,0,,,8,8,0,0,,,0,,,0,0,996,,,,,,,,,,,,,,,,,,,,,,,,,,,,,,0,0,0,1,0,0,1,1,0,0,0,0,0,0,0,0,1,0,1,0,0,0,0,0,0,1,1,1,0,1,0,0,0,0,0,,0,0,0,0,0,0,0,0,0,0,0,0,0,0,0,0,,,,,,56-60,56-65,US highway,R,Wednesday,Belt Used,PV,Not Fatal,1,0,0,0,State Route,State Patrol,Washington State Patrol,0,1,0,0,0,,,,,,0,0,0,,,,,,,,,,,98,98,98,0,,,,,20,,,,,,,,,1,0,,,,,,
2021,153,635582,8,05-10-2021,17:40,10,5,May,,45,Mason,0,1,,1,1,2,1,0,1,1,,,,42,0,0,No vehicle,24.2,1,0,1,No intersection,3,1,1,3,0,0,0,0,SR-3,,-122.8471611,47.42356389,98528,0,1,1,Driver Off Road,13,2,50,19,0,0,1,2,42,3,1,2,1,14,Making a U turn,1,1,53,,0,7,482,2001,0,,12,12,,,,,1,1,49,1,0,,0,0,3,0,11,0,,,,,0,0,0,3,1,38,,,,92,,,,,,98,,,,,,99025,53,67,195,6,1,0,1,0,0,,2,,,,,,0,08-15-2016,08-15-2016,20,0,0,0,8,9,8,,,0,,,8,8,0,0,,,0,,,0,0,996,,,,,,,,,,,,,,,,,,,,,,,,,,,,,,0,0,0,1,0,0,1,1,0,0,0,0,0,0,0,0,1,0,1,0,0,0,0,0,0,1,1,1,0,1,0,0,0,0,0,,0,0,0,0,0,0,0,0,1,0,1,0,0,0,0,0,,,,,,46-50,46-55,US highway,R,Wednesday,Belt Used,PV,Not Fatal,1,0,0,0,State Route,State Patrol,Washington State Patrol,0,1,0,0,0,,,,,,0,0,0,,,,,,,,,,,98,98,98,0,,,,,20,,,,,,,,,1,0,,,,,,