year,something,Cases,repjur,crash_dt,crash_tm,accday,Month,Month,holiday,county,co_char,city,weather,weather2,lightcond,surfcond,surftype,Number of Fatalities,nmforms,pforms,vforms,not_tm,arr_tm,hosp_tm,fhevent,hitrun,Manner of Collision,Manner of Collision,milepnt,reljunc,reljuncinter,intersectiontype,Intersection Type,funcsystem,landuse,ownership,route,schlbus,spejur,contdev,devfunc,trafid1,trafid2,x,y,zipcode,wk_zone,vnumber,crashtype,Crash Type,criticalevent,criticaleventcat,spdlim,body,trailer,emerg,hazcargo,leave,mhevent,roadalgn,roadprof,traflane,trafflow,Vehicle Manure,Vehicle Manure,numoccs,regowner,regstate,,spuse,make,model,modelyr,vrf1,vrf2,seqevent1,seqevent2,seqevent3,seqevent4,seqevent5,seqevent6,pnumber,ptype,age,sex,hispanic,race,injury,diedscene,restraint,restraintmisuse,seatpos,takehosp,death_dt,death_tm,cert,cernum_wa,commlic,licendor,licrestrict,liccomp,drivpres,drf1,drf2,drf3,drf4,distract1,distract2,distract3,distract4,distract5,distract6,dricond1,dricond2,dricond3,dricond4,dricond5,dricond6,dzip,licstate,drhgt_in,weight,noncdl,noncdltype,prevdwi,prevoth,prevacc,prevspd,prevsus,driviol1,driviol2,driviol3,driviol4,driviol5,driviol6,spdrel,first_dt,last_dt,airbag,ejection,ejectpath,extricat,injurwrk,methalc,methdrug,nmlocat,strikveh,prf1,prf2,prf3,druginv,alcinvol,drugsts,drugres1,drugres2,drugres3,drugtst1,drugtst2,drugtst3,alcsts,alctst,alcres,nmact1,nmact2,nmact3,nmact4,nmact5,nmact6,nmprior1,nmprior2,nmprior3,nmprior4,nmprior5,nmprior6,nmcond1,nmcond2,nmcond3,nmcond4,nmcond5,nmcond6,nmsafe_helmet,nmsafe_pads,nmsafe_oth,nmprev_ref,nmprev_lgt,nmprev_oth,crashlocation,nmcrashtype,crosswalk,schoolzone,sidewalk,train_inv,wildlife_inv,rotr_fars,intersect_fars,Drink and Drive,aid_inv,Drug Positive Drivers,Impaired Drivers,Marijuana Positive,impnm_inv,ainm_inv,dpnm_inv,speed_inv,unlic_inv,unendmc_inv,drowsy_inv,drdist_inv,nmdist_inv,fty_inv,unrestfat_inv,dr1617_inv,dr1820_inv,dr1620_inv,dr2125_inv,dr1625_inv,dr65_inv,dr70_inv,dr75_inv,mc_inv,pv_inv,ht_inv,ped_inv,bike_inv,unrest_fat,mc_fat,unhelmet_mc,pv_fat,ht_fat,ped_fat,bike_fat,dr_alc7,dr_alc8,dr_drug,dr_imp,dr_dist,dr_spd,dr_fty,dr_unlic,dr_alc7only,dr_alc8only,dr_drugonly,dr_drink,nm_imp,nm_alc7,nm_alc8,nm_drug,nm_dist,agegrp1,agegrp2,roadclass,urbrur,dayweek,restuse,vehtype,race_me,intersect,lanedep,oppdir,wrongway,rep_typ,investag,repag_long,rotr,st_rd,cty_rd,city_rd,oth_rd,drug_thc,thc_res,drug_cthc,cthc_res,drug_cann,prevpersemin,prevperse,prevsusoth,drugtst4,drugtst5,drugtst6,drugtst7,drugtst8,drugres4,drugres5,drugres6,drugres7,drugres8,adspresent,adsengaged,adslevel,race1,race2,race3,race4,race5,helmet,helmetmisuse,nmdistract1,nmdistract2,nmdistract3,nmdistract4,nmdistract5,nmdistract6,lab,isedtcase,crf1,crf2,crf3,CoRoadName,CoMP,IntCoRoadName,IntCoMP
2019,153,634072,2,05-25-2019,02:15,25,5,May,,73,Whatcom,0,10,0,2,1,2,1,0,1,5,,,,14,0,0,No vehicle,1.4,1,0,1,No intersection,7,2,2,4,0,0,0,0,CR-YEW STREET RD,,-122.4437167,48.72496111,98225,0,1,11,Others,11,2,35,34,0,0,1,2,1,3,1,2,1,14,Making a U turn,1,1,53,,0,12,423,2001,0,,12,,,,,,1,1,18,2,0,,1,0,3,0,11,0,,,,,0,0,0,3,1,0,,,,96,,,,,,98,,,,,,83536,16,68,160,6,1,0,0,0,0,,0,,,,,,0,,,20,0,0,0,8,3,2,,,0,,,0,0,0,0,,,0,,,0,0,996,,,,,,,,,,,,,,,,,,,,,,,,,,,,,,0,0,0,0,0,0,1,1,0,0,0,0,0,0,0,0,0,0,0,0,0,1,1,0,1,1,1,1,0,1,0,0,0,0,0,,0,0,0,0,0,0,0,0,0,0,0,0,0,0,0,0,,,,,,18-20,16-25,US highway,R,Tuesday,Belt Used,PV,Not Fatal,0,1,1,0,State Route,State Patrol,Washington State Patrol,0,1,0,0,0,,,,,,0,0,0,,,,,,,,,,,98,98,98,0,,,,,20,,,,,,,,,1,0,,,,,,
2018,153,633305,199,05-30-2018,13:27,30,5,May,0,53,Pierce,1350,1,0,1,1,2,2,0,3,2,13:28,14:18,15:03,12,0,6,Angle,1.6,2,0,2,4 Way,3,2,1,3,0,3,3,3,SR-99,PORTER WAY,-122.335375,47.25121389,98354,0,2,89,Others,66,4,25,14,0,0,1,7,12,8,8,2,2,1,Going Straight,2,1,53,,0,20,481,2018,0,,68,12,,,,,1,1,88,1,7,,4,7,3,0,11,0,01-05-2021,14:25,53000476,476,0,0,1,3,1,28,,,,96,,,,,,98,,,,,,83832,16,69,170,6,1,0,0,0,0,,0,,,,,,0,,,8,0,0,0,0,9,8,,,0,,,8,8,2,996,,,1,,,2,1,0,,,,,,,,,,,,,,,,,,,,,,,,,,,,,,0,0,0,0,0,0,1,1,0,0,0,0,0,0,0,0,0,0,0,0,0,1,1,0,1,1,1,1,0,1,0,0,0,0,0,,1,0,0,0,0,0,1,1,0,0,0,0,0,0,1,0,,,,,,81+,76+,US highway,R,Tuesday,Belt Used,PV,White,0,1,1,0,State Route,State Patrol,Washington State Patrol,0,1,0,0,0,,,,,,0,0,0,,,,,,,,,,,98,98,98,1,,,,,20,,,,,,,,,1,0,,,,,,
2018,153,633304,199,05-30-2018,13:27,30,5,May,0,53,Pierce,1350,1,0,1,1,2,2,0,3,2,13:28,14:18,15:03,12,0,6,Angle,1.6,2,0,2,4 Way,3,2,1,3,0,3,3,3,SR-99,PORTER WAY,-122.335375,47.25121389,98354,0,1,88,Striking from the Left,17,2,45,66,1,0,1,7,12,1,1,5,5,1,Going Straight,1,3,53,,0,37,402,2012,0,,8,,,,,,1,1,27,1,0,,0,0,99,7,11,0,,,,,0,0,3,3,1,10,38,,,0,,,,,,0,,,,,,98275,53,74,185,6,1,0,0,0,0,,97,,,,,,0,,,20,0,0,0,8,9,8,,,0,,,8,8,0,0,,,0,,,0,0,996,,,,,,,,,,,,,,,,,,,,,,,,,,,,,,0,0,0,1,0,0,0,0,0,1,1,1,0,0,0,0,0,0,1,0,0,0,0,0,0,0,0,0,0,1,0,1,0,0,0,,0,0,0,0,0,0,0,0,0,0,1,0,0,0,0,0,,,,,,26-30,26-35,City street,U,Saturday,Unknown,PV,Not Fatal,1,0,0,0,City Street,Municipal/City Police,Everett Police Department,0,0,0,1,0,,,,,,0,0,0,,,,,,,,,,,98,98,98,0,,,,,20,7,,,,,,,,1,0,,,,,,
2017,153,632578,8,05-15-2017,08:42,15,5,May,0,45,Mason,0,10,0,1,2,2,1,0,4,3,08:46,09:24,10:06,12,0,1,Front-to-Rear,7.4,1,0,1,No intersection,3,1,1,3,0,0,0,0,SR-3,,-123.0280528,47.25756944,98584,0,3,98,Others,54,3,50,34,0,0,1,2,12,1,2,2,1,1,Going Straight,1,1,53,,0,58,37,2007,0,,63,58,67,3,1,,1,1,19,1,7,,4,7,3,0,11,0,01-01-2021,05:00,1.19E+11,464,0,0,2,3,1,73,,,,96,,,,,,99,,,,,,98661,53,75,157,6,7,0,0,0,0,,0,,,,,,4,,,8,0,0,0,0,9,8,,,0,,,9,9,2,695,605,,1,1,,2,1,0.178,,,,,,,,,,,,,,,,,,,,,,,,,,,,,,0,0,1,1,1,1,1,1,1,0,0,0,1,0,0,0,0,0,0,0,0,1,1,0,1,0,0,0,0,1,0,0,0,0,0,,1,0,0,0,0,1,1,1,0,1,0,0,0,0,0,1,,,,,,18-20,16-25,State route,U,Friday,Belt Used,PV,API,0,1,0,0,State Route,County Sheriff,Cowlitz County Sheriff's Office,1,1,0,0,0,thc,4.2,carboxy-thc,13,,0,0,0,,,,,,,,,,,98,98,98,68,,,,,20,,,,,,,,nms,1,0,,,,,,
2017,153,632577,8,05-15-2017,08:42,15,5,May,0,45,Mason,0,10,0,1,2,2,1,0,4,3,08:46,09:24,10:06,12,0,1,Front-to-Rear,7.4,1,0,1,No intersection,3,1,1,3,0,0,0,0,SR-3,,-123.0280528,47.25756944,98584,0,2,25,Others,53,3,50,34,0,0,1,2,12,1,2,2,1,1,Going Straight,1,2,53,,0,49,40,2004,0,,63,30,,,,,1,1,20,1,7,,4,7,3,0,11,0,01-02-2021,10:50,53000212,212,0,0,0,0,1,0,,,,96,,,,,,9,,,,,,98282,53,66,136,0,0,0,0,0,0,,0,,,,,,3,,,1,0,0,0,0,9,8,,,0,,,1,9,2,695,605,,1,1,,2,1,0,,,,,,,,,,,,,,,,,,,,,,,,,,,,,,0,0,0,0,0,0,1,1,1,0,0,0,1,1,0,0,0,0,0,0,0,1,1,0,1,0,0,0,0,1,0,0,0,0,0,,1,0,0,0,0,0,1,1,0,1,0,1,0,0,1,0,,,,,,18-20,16-25,County road,R,Saturday,Belt Used,PV,White,0,1,0,0,County Road,State Patrol,Washington State Patrol,1,0,1,0,0,thc,18,carboxy-thc,54,,0,0,0,,,,,,,,,,,98,98,98,1,,,,,20,,,,,,,,nms,1,0,,,EAST CAMANO DR,9.03,HARTMAN PL,0
2017,153,632576,8,05-15-2017,08:42,15,5,May,0,45,Mason,0,10,0,1,2,2,1,0,4,3,08:46,09:24,10:06,12,0,1,Front-to-Rear,7.4,1,0,1,No intersection,3,1,1,3,0,0,0,0,SR-3,,-123.0280528,47.25756944,98584,0,1,24,Others,9,1,50,34,0,0,1,2,12,1,2,2,1,1,Going Straight,2,1,53,,0,12,471,1994,0,,8,,,,,,1,1,999,9,0,,9,0,99,7,11,0,,,,,0,0,0,3,1,0,,,,96,,,,,,98,,,,,,99205,53,68,180,6,1,0,1,0,0,,7,,,,,,0,01-15-2019,01-15-2019,99,0,0,0,8,9,8,,,0,,,8,8,0,0,,,0,,,0,0,996,,,,,,,,,,,,,,,,,,,,,,,,,,,,,,0,0,0,0,0,0,0,0,0,0,0,0,0,0,0,0,0,0,0,0,0,0,0,0,0,0,0,0,0,1,0,1,0,0,0,,0,0,0,0,0,0,0,0,0,0,0,0,0,0,0,0,,,,,,,,State route,R,Friday,Unknown,PV,Not Fatal,0,0,0,0,State Route,State Patrol,Washington State Patrol,0,1,0,0,0,,,,,,0,0,0,,,,,,,,,,,0,0,0,0,,,,,20,,,,,,,,,1,0,,,,,,
2018,154,633293,4,05-26-2018,12:17,26,5,May,4,43,Lincoln,0,1,0,1,1,2,1,0,1,1,,,,24,0,0,No vehicle,99.3,1,0,1,No intersection,3,1,1,3,0,0,0,0,SR-21,,-118.7230972,47.86099722,99185,0,1,6,Drive off road,12,2,30,80,0,0,1,7,24,2,2,2,1,14,Making a U turn,1,1,16,,0,98,709,9999,0,,64,17,35,1,,,1,1,37,1,7,,4,7,20,7,11,0,01-01-2021,02:00,53000038,38,0,0,0,3,1,6,,,,96,,,,,,9,,,,,,98611,53,65,195,6,1,0,0,1,1,,0,,,,,,0,09-15-2016,04-15-2016,20,8,0,0,0,9,8,,,0,,,8,1,2,1,,,1,,,2,1,0.176,,,,,,,,,,,,,,,,,,,,,,,,,,,,,,0,0,0,0,1,1,0,1,0,0,0,0,0,0,0,0,0,0,0,0,0,0,0,0,0,0,0,0,1,0,0,0,0,0,1,1,0,0,0,0,0,1,0,1,0,0,0,0,0,1,0,1,,,,,,36-40,36-45,County road,R,Friday,,MC,White,0,1,0,0,County Road,County Sheriff,Cowlitz County Sheriff's Office,1,0,1,0,0,,,,,,0,0,0,,,,,,,,,,,0,0,0,1,,,,,17,,,,,,,,,1,0,,,HEADQUARTERS RD,2.25,NULL,
2021,154,635583,42,05-26-2021,21:08,26,5,May,,67,Thurston,0,1,,2,1,2,1,0,3,2,,,,1,0,0,No vehicle,,1,0,1,No intersection,5,1,2,4,0,0,0,0,CR-SKOOKUMCHUCK RD SE,,-122.7652667,46.79623889,98589,0,1,98,Others,9,1,50,80,0,0,1,5,1,2,2,2,1,14,Making a U turn,2,1,38,,0,7,880,2018,0,,12,,,,,,1,1,62,1,0,,3,0,3,0,11,5,,,,,0,0,0,3,1,0,,,,96,,,,,,0,,,,,,98370,53,70,160,6,1,0,0,0,0,,0,,,,,,0,,,8,0,0,0,8,9,8,,,0,,,8,8,0,0,,,0,,,0,0,996,,,,,,,,,,,,,,,,,,,,,,,,,,,,,,0,0,0,0,1,0,0,0,0,0,0,0,0,0,0,0,1,0,0,1,0,0,0,0,0,0,0,0,0,1,1,0,0,0,0,,0,0,0,0,0,0,0,0,0,0,0,0,0,0,0,0,,,,,,61-65,56-65,US highway,U,Saturday,,MHTRUCK,Not Fatal,0,1,1,0,State Route,State Patrol,Washington State Patrol,0,1,0,0,0,,,,,,0,0,0,,,,,,,,,,,98,98,98,0,,,,,20,7,,,,,,,,1,0,,,,,,
2019,154,634073,5,05-26-2019,15:53,26,5,May,,11,Clark,0,1,0,1,1,2,2,0,4,2,,,,12,0,6,Angle,10.4,2,0,2,4 Way,4,1,1,3,0,0,0,0,SR-503,NE POTTER RD,-122.5469806,45.81680556,98604,0,1,87,Others,66,4,50,34,1,0,1,5,12,1,1,4,1,1,Going Straight,2,1,41,,0,6,52,2001,0,,68,12,,,,,1,1,40,2,7,,4,7,20,7,11,0,12/26/2020,13:27,1.99E+11,62559,0,0,3,3,1,28,,,,92,,,,,,98,,,,,,98365,53,66,190,6,1,0,1,0,1,,0,,,,,,0,02-15-2018,04-15-2019,8,0,0,0,0,9,8,,,0,,,8,8,2,1,,,1,,,2,1,0.015,,,,,,,,,,,,,,,,,,,,,,,,,,,,,,0,0,0,0,1,0,0,0,0,0,0,0,0,0,0,0,1,0,0,1,0,0,0,0,0,0,0,0,0,1,1,0,0,1,0,,1,0,0,0,1,0,0,0,1,0,0,0,1,0,0,1,,,,,,36-40,36-45,US highway,U,Saturday,Not Used,PV,White,0,1,1,0,State Route,State Patrol,Washington State Patrol,0,1,0,0,0,,,,,,0,0,1,,,,,,,,,,,98,98,98,1,,,,,20,7,,,,,,,,1,0,,,,,,
2021,154,635584,42,05-26-2021,21:08,26,5,May,,67,Thurston,0,1,,2,1,2,1,0,3,2,,,,1,0,0,No vehicle,,1,0,1,No intersection,5,1,2,4,0,0,0,0,CR-SKOOKUMCHUCK RD SE,,-122.7652667,46.79623889,98589,0,2,98,Others,62,4,50,10,0,0,1,5,12,2,2,2,1,14,Making a U turn,1,2,53,,0,34,35,2021,0,,63,31,42,,,,1,1,34,1,0,,1,0,3,0,11,5,,,,,0,0,0,3,1,0,,,,96,,,,,,9,,,,,,98272,53,76,185,6,1,0,1,2,1,,97,,,,,,4,11-15-2018,07-15-2020,8,0,0,0,8,9,8,,,0,,,8,1,0,0,,,0,,,0,0,996,,,,,,,,,,,,,,,,,,,,,,,,,,,,,,0,0,1,0,1,0,0,0,0,0,0,0,1,0,0,0,0,0,0,0,0,0,0,0,0,0,0,0,0,1,0,0,0,0,0,,0,0,0,0,0,0,0,0,0,1,0,0,0,0,0,1,,,,,,31-35,26-35,County road,R,Wednesday,Belt Used,PV,Not Fatal,0,1,0,0,County Road,County Sheriff,Snohomish County Sheriff's Office,1,0,1,0,0,,,,,,0,0,7,,,,,,,,,,,98,98,98,0,,,,,20,7,,,,,,,,1,0,,,HIGH ROCK RD,1.685,,
2019,154,634074,5,05-26-2019,15:53,26,5,May,,11,Clark,0,1,0,1,1,2,2,0,4,2,,,,12,0,6,Angle,10.4,2,0,2,4 Way,4,1,1,3,0,0,20,3,SR-503,NE POTTER RD,-122.5469806,45.81680556,98604,0,2,86,Others,17,2,50,80,0,0,1,7,12,1,1,2,1,4,Others,2,1,53,,0,49,471,1993,0,,64,1,,,,,1,1,40,1,7,,4,7,3,0,11,0,12/15/2020,01:35,69053059057,59057,0,0,0,3,1,0,,,,96,,,,,,98,,,,,,98117,53,70,170,6,1,0,1,0,0,,0,,,,,,4,03-15-2019,03-15-2019,20,2,9,0,0,9,8,,,0,,,8,8,2,996,407,402,1,1,1,2,1,0,,,,,,,,,,,,,,,,,,,,,,,,,,,,,,0,0,1,0,0,0,1,1,0,0,0,0,1,0,0,0,0,0,0,0,0,0,0,0,0,0,0,0,0,1,0,0,0,0,0,,1,0,0,0,0,0,1,1,0,1,0,0,0,0,1,0,,,,,,36-40,36-45,Interstate,U,Tuesday,Belt Used,PV,White,0,1,0,0,State Route,State Patrol,Washington State Patrol,1,1,0,0,0,,,,,,0,0,0,1,1,1,,,996,343,996,404,417,0,0,0,1,,,,,20,7,,,,,,,,1,0,,,,,,
2017,154,632552,4,05-15-2017,13:55,15,5,May,0,1,Adams,0,1,0,1,1,2,1,0,1,1,13:55,14:06,,30,0,0,No vehicle,15.5,1,0,1,No intersection,2,1,1,3,0,0,0,0,SR-17,,-119.1329417,46.87115833,99344,0,1,6,Drive off road,12,2,60,66,2,0,1,2,2,1,1,2,1,1,Going Straight,1,2,53,,0,49,32,2017,0,,64,25,,,,,1,1,40,1,0,,0,0,3,0,11,0,,,,,0,0,0,3,1,0,,,,96,,,,,,98,,,,,,98233,53,71,275,6,1,0,0,2,0,,0,,,,,,0,04-15-2016,06-15-2019,20,0,0,0,8,9,8,,,0,,,8,8,8,95,,,96,,,8,95,995,,,,,,,,,,,,,,,,,,,,,,,,,,,,,,0,0,0,0,0,0,0,0,0,0,0,0,1,1,0,0,0,0,0,1,0,0,0,0,0,0,0,0,0,1,0,0,0,0,0,,0,0,0,0,0,0,0,0,0,0,0,0,0,0,0,0,,,,,,36-40,36-45,Interstate,U,Thursday,Belt Used,PV,Not Fatal,0,1,0,0,State Route,State Patrol,Washington State Patrol,1,1,0,0,0,,,,,,0,0,0,,,,,,,,,,,98,98,98,0,,,,,20,7,,,,,,,,1,0,,,,,,
2021,155,635556,289,03-26-2021,19:03,26,3,March,,77,Yakima,2220,1,,5,1,2,1,1,3,1,,,,8,0,0,No vehicle,0,1,0,1,No intersection,5,2,4,6,0,0,0,0,NORTH AVE,,-120.0097417,46.33101944,98944,0,1,13,Pedestrian/Animal,80,5,25,34,0,0,1,5,8,1,1,2,1,1,Going Straight,3,2,53,,0,37,402,2007,0,,12,,,,,,1,1,50,2,0,,1,0,3,0,11,5,,,,,0,0,0,3,1,0,,,,96,,,,,,98,,,,,,98444,53,66,160,6,1,0,0,1,0,,0,,,,,,0,08-15-2019,08-15-2019,20,0,0,0,8,9,8,,,0,,,8,8,8,95,,,96,,,8,95,995,,,,,,,,,,,,,,,,,,,,,,,,,,,,,,0,0,0,0,0,0,0,0,0,0,0,0,1,1,0,0,0,0,0,1,0,0,0,0,0,0,0,0,0,1,0,0,0,0,0,,0,0,0,0,0,0,0,0,0,0,0,0,0,0,0,0,,,,,,46-50,46-55,Interstate,U,Thursday,Belt Used,PV,Not Fatal,0,1,0,0,State Route,State Patrol,Washington State Patrol,1,1,0,0,0,,,,,,0,0,0,,,,,,,,,,,98,98,98,0,,,,,20,7,,,,,,,,1,0,,,,,,
2020,155,634787,290,05-26-2020,10:05,26,5,May,,53,Pierce,2230,1,,1,1,1,1,0,2,2,10:05,10:12,10:33,12,0,6,Angle,0,2,0,2,4 Way,3,2,1,3,0,0,0,0,SR-509,S 27th St,-122.4349556,47.23706667,98402,0,2,88,Striking from the Left,66,4,25,80,0,0,1,2,12,1,3,5,1,1,Going Straight,1,1,53,,0,2,404,2019,0,,12,,,,,,1,1,28,2,0,,0,0,3,0,11,0,,,,,0,0,0,3,1,0,,,,96,,,,,,98,,,,,,98223,53,63,120,6,1,0,0,1,1,,0,,,,,,0,05-15-2018,05-15-2018,20,0,0,0,8,9,8,,,0,,,8,8,8,95,,,96,,,8,95,995,,,,,,,,,,,,,,,,,,,,,,,,,,,,,,0,0,0,0,0,0,0,0,0,0,0,0,1,1,0,0,0,0,0,1,0,0,0,0,0,0,0,0,0,1,0,0,0,0,0,,0,0,0,0,0,0,0,0,0,0,0,0,0,0,0,0,,,,,,26-30,26-35,Interstate,U,Thursday,Belt Used,PV,Not Fatal,0,1,0,0,State Route,State Patrol,Washington State Patrol,1,1,0,0,0,,,,,,0,0,0,,,,,,,,,,,98,98,98,0,,,,,20,7,,,,,,,,1,0,,,,,,
2020,155,634786,290,05-26-2020,10:05,26,5,May,,53,Pierce,2230,1,,1,1,1,1,0,2,2,10:05,10:12,10:33,12,0,6,Angle,0,2,0,2,4 Way,3,2,1,3,0,0,20,3,SR-509,S 27th St,-122.4349556,47.23706667,98402,0,1,89,Others,17,2,25,34,0,0,1,2,12,1,3,2,1,4,Others,1,3,53,,0,49,32,1998,0,,64,25,12,12,,,1,1,30,1,1,,4,7,20,7,11,0,12/24/2020,06:39,69053061066,61066,0,0,0,0,1,87,,,,96,,,,,,98,,,,,,98204,53,68,200,0,0,0,0,0,0,,0,,,,,,4,,,20,1,9,0,0,9,8,,,0,,,8,8,2,1,,,1,,,2,1,0,,,,,,,,,,,,,,,,,,,,,,,,,,,,,,0,0,0,0,0,0,0,0,0,0,0,0,1,1,0,0,0,0,0,1,0,0,0,0,0,0,0,0,0,1,0,0,0,1,0,,1,0,0,0,0,0,0,0,0,1,0,1,0,0,0,0,,,,,,26-30,26-35,Interstate,U,Thursday,Not Used,PV,Hispanic,0,1,0,0,State Route,State Patrol,Washington State Patrol,1,1,0,0,0,,,,,,0,0,0,,,,,,,,,,,0,0,0,298,,,,,20,7,,,,,,,,1,0,,,,,,
2019,155,634064,7,05-06-2019,18:35,6,5,May,,33,King,1960,1,0,1,1,1,1,0,2,2,,,,12,0,6,Angle,1.6,2,0,2,4 Way,3,2,1,3,0,0,0,0,SR-523,17TH AVE NE,-122.3100583,47.73393333,98155,0,2,68,Initial Opposite Direction(Left/Right),54,3,35,5,0,0,1,2,12,1,1,4,1,11,Turning Red: Permitted on red,1,1,53,,0,55,402,2018,0,,8,,,,,,1,1,50,2,0,,0,0,3,0,11,0,,,,,0,0,0,3,1,0,,,,96,,,,,,0,,,,,,98282,53,67,185,6,1,0,0,0,0,,0,,,,,,0,,,20,0,0,0,8,3,2,,,0,,,8,8,0,0,,,0,,,0,0,996,,,,,,,,,,,,,,,,,,,,,,,,,,,,,,0,0,0,0,0,0,0,0,0,1,0,1,0,0,0,0,0,0,0,0,0,0,0,0,0,0,0,0,0,1,0,1,0,0,0,,0,0,0,0,0,0,0,0,0,0,0,0,0,0,0,0,,,,,,46-50,46-55,Interstate,R,Thursday,Belt Used,PV,Not Fatal,0,0,0,0,State Route,State Patrol,Washington State Patrol,0,1,0,0,0,,,,,,0,0,0,,,,,,,,,,,98,98,98,0,,,,,20,7,,,,,,,,1,0,,,,,,
2019,155,634063,7,05-06-2019,18:35,6,5,May,,33,King,1960,1,0,1,1,1,1,0,2,2,,,,12,0,6,Angle,1.6,2,0,2,4 Way,3,2,1,3,0,0,0,0,SR-523,17TH AVE NE,-122.3100583,47.73393333,98155,0,1,69,Initial Opposite Direction(Going Straight),62,4,35,80,0,0,1,2,12,1,1,4,1,1,Going Straight,1,1,53,,0,37,31,1998,0,,68,64,30,,,,1,1,26,2,7,,4,7,3,0,11,0,12/20/2020,14:22,53060167,60167,0,0,0,3,1,0,,,,96,,,,,,0,,,,,,98026,53,68,120,6,1,0,0,1,1,,0,,,,,,4,11-15-2018,05-15-2018,1,0,0,0,0,9,8,,,0,,,8,8,2,1,,,1,,,2,1,0,,,,,,,,,,,,,,,,,,,,,,,,,,,,,,0,0,0,0,0,0,0,0,0,0,0,0,1,0,0,0,0,0,0,0,0,0,0,0,0,0,0,0,0,1,0,0,0,0,0,,1,0,0,0,0,0,0,0,0,1,0,0,0,0,0,0,,,,,,26-30,26-35,State route,R,Sunday,Belt Used,PV,White,0,1,0,0,State Route,State Patrol,Washington State Patrol,1,1,0,0,0,,,,,,0,0,0,,,,,,,,,,,0,0,0,1,,,,,20,7,,,,,,,,1,0,,,,,,
2018,155,633294,150,05-31-2018,01:50,31,5,May,0,27,Grays Harbor,930,1,0,3,1,2,1,0,1,1,,,,38,0,0,No vehicle,0,3,0,10,L Intersection,4,2,4,6,0,0,0,0,BAY AVE,22ND ST,-123.8727222,46.972575,98550,0,1,14,Others,14,2,30,4,0,0,1,7,38,1,1,2,1,1,Going Straight,1,2,53,,0,37,32,2014,0,,12,,,,,,1,1,45,2,0,,3,0,3,0,11,5,,,,,0,0,3,3,1,0,,,,96,,,,,,0,,,,,,98221,53,66,130,6,1,0,0,0,1,,0,,,,,,0,03-15-2019,03-15-2019,8,0,0,0,8,9,8,,,0,,,8,8,0,0,,,0,,,0,0,996,,,,,,,,,,,,,,,,,,,,,,,,,,,,,,0,0,0,0,0,0,0,0,0,0,0,0,0,0,0,0,0,0,0,0,0,0,0,0,0,0,0,0,0,1,0,0,0,0,0,,0,0,0,0,0,0,0,0,0,0,0,0,0,0,0,0,,,,,,41-45,36-45,State route,U,Friday,Belt Used,PV,Not Fatal,0,1,1,0,State Route,State Patrol,Washington State Patrol,0,1,0,0,0,,,,,,0,0,0,,,,,,,,,,,98,98,98,0,,,,,20,7,,,,,,,,1,0,,,,,,
2017,155,632587,7,05-15-2017,18:59,15,5,May,0,33,King,1640,1,0,1,2,2,1,0,4,4,,,,12,0,1,Front-to-Rear,0.3,20,0,1,No intersection,3,2,1,3,0,0,1,3,SR-167 RAMP R101262,,-122.2598056,47.27323889,98047,0,4,98,Others,53,3,98,3,0,0,1,2,12,1,2,1,6,5,Others,1,5,53,,0,22,16,1997,0,,68,12,,,,,1,1,35,2,7,,4,7,3,0,11,0,12/18/2020,19:37,53059857,59857,0,0,3,3,1,28,,,,96,,,,,,98,,,,,,98226,53,64,212,6,1,0,1,0,1,,0,,,,,,0,07-15-2017,06-15-2017,8,0,0,0,0,9,8,,,0,,,8,8,2,1,,,1,,,2,1,0,,,,,,,,,,,,,,,,,,,,,,,,,,,,,,0,0,0,0,0,0,0,0,0,0,0,0,0,0,0,0,0,0,0,0,0,0,0,0,0,0,0,0,0,1,0,0,0,0,0,,1,0,0,0,0,0,0,0,0,0,0,0,0,0,0,0,,,,,,31-35,26-35,State route,U,Friday,Belt Used,PV,Multiracial,0,1,1,0,State Route,State Patrol,Washington State Patrol,0,1,0,0,0,,,,,,0,0,0,,,,,,,,,,,0,0,0,298,,,,,20,7,,,,,,,,1,0,,,,,,
2017,155,632586,7,05-15-2017,18:59,15,5,May,0,33,King,1640,1,0,1,2,2,1,0,4,4,,,,12,0,1,Front-to-Rear,0.3,20,0,1,No intersection,3,2,1,3,0,0,0,0,SR-167 RAMP R101262,,-122.2598056,47.27323889,98047,0,3,98,Others,98,7,98,2,0,0,1,2,12,1,2,1,6,2,Others,1,2,53,,0,20,481,2011,0,,12,,,,,,1,1,58,1,0,,2,0,3,0,11,0,,,,,0,0,3,3,1,0,,,,96,,,,,,0,,,,,,98296,53,75,225,6,1,0,1,0,0,,0,,,,,,0,03-15-2020,03-15-2020,8,0,0,0,8,9,8,,,0,,,8,8,8,95,,,96,,,2,95,997,,,,,,,,,,,,,,,,,,,,,,,,,,,,,,0,0,0,0,0,0,1,1,1,0,0,0,0,0,0,0,0,0,1,0,0,0,0,0,0,0,0,0,0,1,0,0,0,0,0,,0,0,0,0,0,0,0,0,0,0,0,0,0,0,0,0,,,,,,56-60,56-65,State route,U,Wednesday,Belt Used,PV,Not Fatal,1,0,0,0,State Route,State Patrol,Washington State Patrol,0,1,0,0,0,,,,,,0,0,0,,,,,,,,,,,98,98,98,0,,,,,20,7,,,,,,,,1,0,,,,,,