year,something,Cases,repjur,crash_dt,crash_tm,accday,Month,Month,holiday,county,co_char,city,weather,weather2,lightcond,surfcond,surftype,Number of Fatalities,nmforms,pforms,vforms,not_tm,arr_tm,hosp_tm,fhevent,hitrun,Manner of Collision,Manner of Collision,milepnt,reljunc,reljuncinter,intersectiontype,Intersection Type,funcsystem,landuse,ownership,route,schlbus,spejur,contdev,devfunc,trafid1,trafid2,x,y,zipcode,wk_zone,vnumber,crashtype,Crash Type,criticalevent,criticaleventcat,spdlim,body,trailer,emerg,hazcargo,leave,mhevent,roadalgn,roadprof,traflane,trafflow,Vehicle Manure,Vehicle Manure,numoccs,regowner,regstate,,spuse,make,model,modelyr,vrf1,vrf2,seqevent1,seqevent2,seqevent3,seqevent4,seqevent5,seqevent6,pnumber,ptype,age,sex,hispanic,race,injury,diedscene,restraint,restraintmisuse,seatpos,takehosp,death_dt,death_tm,cert,cernum_wa,commlic,licendor,licrestrict,liccomp,drivpres,drf1,drf2,drf3,drf4,distract1,distract2,distract3,distract4,distract5,distract6,dricond1,dricond2,dricond3,dricond4,dricond5,dricond6,dzip,licstate,drhgt_in,weight,noncdl,noncdltype,prevdwi,prevoth,prevacc,prevspd,prevsus,driviol1,driviol2,driviol3,driviol4,driviol5,driviol6,spdrel,first_dt,last_dt,airbag,ejection,ejectpath,extricat,injurwrk,methalc,methdrug,nmlocat,strikveh,prf1,prf2,prf3,druginv,alcinvol,drugsts,drugres1,drugres2,drugres3,drugtst1,drugtst2,drugtst3,alcsts,alctst,alcres,nmact1,nmact2,nmact3,nmact4,nmact5,nmact6,nmprior1,nmprior2,nmprior3,nmprior4,nmprior5,nmprior6,nmcond1,nmcond2,nmcond3,nmcond4,nmcond5,nmcond6,nmsafe_helmet,nmsafe_pads,nmsafe_oth,nmprev_ref,nmprev_lgt,nmprev_oth,crashlocation,nmcrashtype,crosswalk,schoolzone,sidewalk,train_inv,wildlife_inv,rotr_fars,intersect_fars,Drink and Drive,aid_inv,Drug Positive Drivers,Impaired Drivers,Marijuana Positive,impnm_inv,ainm_inv,dpnm_inv,speed_inv,unlic_inv,unendmc_inv,drowsy_inv,drdist_inv,nmdist_inv,fty_inv,unrestfat_inv,dr1617_inv,dr1820_inv,dr1620_inv,dr2125_inv,dr1625_inv,dr65_inv,dr70_inv,dr75_inv,mc_inv,pv_inv,ht_inv,ped_inv,bike_inv,unrest_fat,mc_fat,unhelmet_mc,pv_fat,ht_fat,ped_fat,bike_fat,dr_alc7,dr_alc8,dr_drug,dr_imp,dr_dist,dr_spd,dr_fty,dr_unlic,dr_alc7only,dr_alc8only,dr_drugonly,dr_drink,nm_imp,nm_alc7,nm_alc8,nm_drug,nm_dist,agegrp1,agegrp2,roadclass,urbrur,dayweek,restuse,vehtype,race_me,intersect,lanedep,oppdir,wrongway,rep_typ,investag,repag_long,rotr,st_rd,cty_rd,city_rd,oth_rd,drug_thc,thc_res,drug_cthc,cthc_res,drug_cann,prevpersemin,prevperse,prevsusoth,drugtst4,drugtst5,drugtst6,drugtst7,drugtst8,drugres4,drugres5,drugres6,drugres7,drugres8,adspresent,adsengaged,adslevel,race1,race2,race3,race4,race5,helmet,helmetmisuse,nmdistract1,nmdistract2,nmdistract3,nmdistract4,nmdistract5,nmdistract6,lab,isedtcase,crf1,crf2,crf3,CoRoadName,CoMP,IntCoRoadName,IntCoMP
2017,155,632585,7,05-15-2017,18:59,15,5,May,0,33,King,1640,1,0,1,2,2,1,0,4,4,,,,12,0,1,Front-to-Rear,0.3,20,0,1,No intersection,3,2,1,3,0,0,0,0,SR-167 RAMP R101262,,-122.2598056,47.27323889,98047,0,2,29,Others,53,3,98,5,0,0,1,2,12,1,2,1,6,2,Others,1,2,53,,0,37,31,1998,0,,12,,,,,,1,1,49,2,7,,4,0,99,7,11,5,12/16/2020,22:28,1.96E+11,60357,0,0,0,3,1,38,48,,,96,,,,,,98,,,,,,98296,53,59,120,6,1,0,0,0,0,,0,,,,,,0,,,8,0,0,0,0,9,8,,,0,,,8,8,2,695,605,,1,1,,2,1,0,,,,,,,,,,,,,,,,,,,,,,,,,,,,,,0,0,0,0,0,0,1,1,1,0,0,0,0,0,0,0,0,0,1,0,0,0,0,0,0,0,0,0,0,1,0,0,0,0,0,,1,0,0,0,0,0,1,1,0,0,1,0,0,0,1,0,,,,,,46-50,46-55,State route,U,Wednesday,Unknown,PV,White,1,0,0,0,State Route,State Patrol,Washington State Patrol,0,1,0,0,0,thc,6,carboxy-thc,67,,0,0,0,,,,,,,,,,,0,0,0,1,,,,,20,7,,,,,,,nms,1,0,,,,,,
2017,155,632584,7,05-15-2017,18:59,15,5,May,0,33,King,1640,1,0,1,2,2,1,0,4,4,,,,12,0,1,Front-to-Rear,0.3,20,0,1,No intersection,3,2,1,3,0,0,3,3,SR-167 RAMP R101262,,-122.2598056,47.27323889,98047,0,1,28,Others,52,3,98,66,1,0,1,2,12,1,2,1,6,1,Going Straight,1,1,53,,0,12,881,2004,0,,12,64,2,,,,1,1,82,1,0,,3,0,99,7,11,5,,,,,6,0,3,3,1,0,,,,96,,,,,,0,,,,,,99152,53,72,200,6,1,0,0,0,1,,0,,,,,,0,04-15-2017,04-15-2017,1,0,0,0,8,9,8,,,0,,,8,8,0,0,,,0,,,0,0,996,,,,,,,,,,,,,,,,,,,,,,,,,,,,,,0,0,0,1,0,0,0,0,0,0,0,0,0,0,0,0,0,0,1,0,0,0,0,0,0,1,1,1,0,1,1,0,0,0,0,,0,0,0,0,0,0,0,0,0,0,0,0,0,0,0,0,,,,,,81+,76+,State route,R,Monday,,MHTRUCK,Not Fatal,1,0,0,0,State Route,State Patrol,Washington State Patrol,0,1,0,0,0,,,,,,0,0,0,,,,,,,,,,,98,98,98,0,,,,,20,7,,,,,,,,1,0,,,,,,
2020,156,634788,38,05-12-2020,19:15,12,5,May,,59,Skamania,0,2,,1,2,2,1,0,1,1,19:30,19:53,,1,0,0,No vehicle,9999.9,1,0,1,No intersection,7,1,64,8,0,0,0,0,FS RD 65  PANTHER CK RD,,-121.8538833,45.84654167,,0,1,1,Driver Off Road,54,3,35,34,0,0,1,2,1,3,2,8,1,14,Making a U turn,1,1,53,,0,20,481,1999,0,,12,63,3,,,,1,1,90,1,7,,4,7,3,0,11,0,12/21/2020,10:39,53060614,60614,0,0,3,3,1,38,,,,96,,,,,,9,,,,,,99156,53,68,120,6,1,0,0,0,0,,0,,,,,,0,,,8,0,0,0,0,9,8,,,0,,,8,8,2,1,,,1,,,2,1,0,,,,,,,,,,,,,,,,,,,,,,,,,,,,,,0,0,0,1,0,0,0,0,0,0,0,0,0,0,0,0,0,0,1,0,0,0,0,0,0,1,1,1,0,1,1,0,0,0,0,,1,0,0,0,0,0,0,0,0,0,1,0,0,0,0,0,,,,,,81+,76+,State route,R,Monday,Belt Used,PV,White,1,0,0,0,State Route,State Patrol,Washington State Patrol,0,1,0,0,0,,,,,,0,0,0,,,,,,,,,,,0,0,0,1,,,,,20,7,,,,,,,,1,0,,,,,,
2019,156,634069,2,05-19-2019,12:15,19,5,May,,73,Whatcom,0,1,0,1,1,1,1,0,1,1,,,,30,0,0,No vehicle,10.7,1,0,1,No intersection,7,1,2,4,0,0,0,0,CR-MOSQUITO LAKE RD,,-122.1245583,48.80408611,98244,0,1,6,Drive off road,12,2,15,80,0,0,1,2,30,2,1,2,1,14,Making a U turn,1,1,53,,0,12,461,2013,0,,8,,,,,,1,1,32,1,0,,0,0,3,0,11,0,,,,,0,0,0,3,1,0,,,,96,,,,,,0,,,,,,98032,53,68,195,6,1,0,0,0,1,,0,,,,,,0,02-15-2018,02-15-2018,20,0,0,0,8,3,2,,,0,,,8,8,0,0,,,0,,,0,0,996,,,,,,,,,,,,,,,,,,,,,,,,,,,,,,0,0,0,0,0,0,0,0,0,1,0,1,0,0,0,0,0,0,0,0,0,0,0,0,0,0,0,0,0,1,0,1,0,0,0,,0,0,0,0,0,0,0,0,0,0,0,0,0,0,0,0,,,,,,31-35,26-35,State route,U,Thursday,Belt Used,PV,Not Fatal,0,0,0,0,State Route,State Patrol,Washington State Patrol,0,1,0,0,0,,,,,,0,0,1,,,,,,,,,,,98,98,98,0,,,,,20,7,,,,,,,,1,0,,,,,,
2018,156,633248,173,05-12-2018,14:45,12,5,May,0,53,Pierce,1124,1,0,1,1,2,1,1,1,1,,,,8,0,0,No vehicle,0,3,0,2,4 Way,4,2,4,6,0,0,20,3,150TH ST SW,WOODBROOK DR SW,-122.5261222,47.12125,98439,0,1,13,Pedestrian/Animal,80,5,35,4,0,0,1,7,8,1,1,2,2,10,Others,1,1,53,,0,41,51,2008,0,,12,,,,,,1,1,19,2,2,,4,7,3,0,11,0,12/20/2020,00:56,2.34E+11,62687,0,0,3,3,1,0,,,,96,,,,,,98,,,,,,98444,53,64,165,6,1,0,0,0,0,,0,,,,,,0,,,1,0,0,0,0,9,8,,,0,,,8,8,2,695,605,,1,1,,2,1,0,,,,,,,,,,,,,,,,,,,,,,,,,,,,,,0,0,0,0,1,0,1,1,1,0,0,0,0,0,0,0,0,0,0,0,1,1,1,0,1,0,0,0,0,1,0,0,0,0,0,,1,0,0,0,0,0,1,1,0,0,0,0,0,0,1,0,,,,,,18-20,16-25,City street,U,Sunday,Belt Used,PV,Hispanic,0,1,1,0,City Street,Municipal/City Police,University Place Police Department,0,0,0,1,0,thc,10,carboxy-thc,48,,0,0,0,,,,,,,,,,,98,98,98,2,,,,,20,7,,,,,,,nms,1,0,,,,,,
2017,156,632541,6,05-21-2017,12:01,21,5,May,0,25,Grant,0,1,0,1,1,2,1,0,1,1,,,,57,0,0,No vehicle,159.4,1,0,1,No intersection,1,1,1,1,0,0,0,0,I-90,,-119.4849333,47.10414444,98824,0,1,98,Others,9,1,70,34,0,0,1,2,1,1,1,2,3,1,Going Straight,1,1,53,,0,19,21,2006,0,,68,12,,,,,1,1,17,1,0,,1,0,3,0,11,0,,,,,0,0,3,3,1,8,28,,,96,,,,,,98,,,,,,98409,53,67,240,6,2,0,1,0,1,,97,,,,,,0,01-15-2020,01-15-2020,8,0,0,0,8,9,8,,,0,,,8,8,2,695,605,,1,1,,2,1,0.018,,,,,,,,,,,,,,,,,,,,,,,,,,,,,,0,0,0,0,1,0,1,1,1,0,0,0,0,0,0,0,0,0,0,0,1,1,1,0,1,0,0,0,0,1,0,0,0,0,0,,0,0,0,0,1,0,1,1,0,0,0,0,0,0,0,1,,,,,,16-17,16-25,City street,U,Sunday,Belt Used,PV,Not Fatal,0,1,1,0,City Street,Municipal/City Police,University Place Police Department,0,0,0,1,0,thc,15,carboxy-thc,888,,0,0,0,,,,,,,,,,,98,98,98,0,,,,,20,7,,,,,,,,1,0,,,,,,
2021,156,3751020,263,04-10-2021,17:28,10,4,April,,33,King,1960,1,,1,1,2,1,1,1,1,,,,8,1,0,No vehicle,27.6,1,0,1,No intersection,2,2,1,3,0,0,0,0,SR-99,,-122.3465056,47.64088333,98109,0,1,1,Driver Off Road,13,2,25,29,0,0,1,5,8,1,1,2,3,1,Going Straight,99,9,99,,0,30,42,2008,0,,68,64,30,1,2,,1,1,18,1,0,,2,0,3,0,11,5,,,,,0,0,3,3,1,0,,,,96,,,,,,9,,,,,,98042,53,71,155,6,1,1,1,2,0,,97,,,,,,0,06-15-2018,06-15-2019,8,0,0,0,8,9,8,,,0,,,1,8,8,95,,,96,,,8,95,995,,,,,,,,,,,,,,,,,,,,,,,,,,,,,,0,0,1,0,0,0,0,0,0,0,0,0,0,0,0,0,0,0,0,1,0,1,1,0,1,0,0,0,0,1,0,0,0,0,0,,0,0,0,0,0,0,0,0,0,0,0,0,0,0,0,0,,,,,,18-20,16-25,State route,U,Sunday,Belt Used,PV,Not Fatal,0,1,0,0,State Route,Municipal/City Police,Tacoma Police Department,1,1,0,0,0,,,,,,0,0,0,,,,,,,,,,,98,98,98,0,,,,,20,7,,,,,,,,1,0,,,,,,
2021,157,635585,8,05-28-2021,10:43,28,5,May,,9,Clallam,0,1,,1,1,2,1,0,1,1,,,,1,0,0,No vehicle,55.7,1,0,1,No intersection,5,1,1,3,0,0,0,0,SR-112,,-123.6447,48.11789444,98363,0,1,7,Control/Traction Loss,13,2,55,20,0,0,1,2,1,2,1,2,1,14,Making a U turn,1,2,53,,0,99,999,9999,0,,8,,,,,,1,1,999,9,0,,9,0,99,7,11,0,,,,,99,9,9,9,1,0,,,,96,,,,,,98,,,,,,99999,99,,999,9,9,99,99,99,99,,0,,,,,,0,,,99,0,0,0,8,9,8,,,0,,,8,8,0,0,,,0,,,0,0,996,,,,,,,,,,,,,,,,,,,,,,,,,,,,,,0,0,0,1,0,0,0,0,0,0,0,0,0,0,0,0,0,0,0,0,0,0,0,0,0,0,0,0,0,0,0,1,0,0,0,,0,0,0,0,0,0,0,0,0,0,0,0,0,0,0,0,,,,,,,,City street,U,Saturday,,NR-U,Not Fatal,1,0,0,0,City Street,Municipal/City Police,Tacoma Police Department,0,0,0,1,0,,,,,,99,99,99,,,,,,,,,,,98,98,98,0,,,,,20,7,,,,,,,,1,0,,,,,,
2019,157,634077,1,06-01-2019,04:43,1,6,June,,21,Franklin,0,1,0,4,1,1,1,0,2,1,,,,1,0,0,No vehicle,50.5,1,0,1,No intersection,3,1,1,2,0,0,0,0,US-395,,-119.0122,46.53842222,,0,1,7,Control/Traction Loss,12,2,70,4,0,0,1,7,1,1,1,2,2,1,Going Straight,2,2,53,,0,19,21,2005,0,,12,,,,,,1,1,58,1,0,,0,0,3,0,11,0,,,,,0,0,0,3,1,0,,,,96,,,,,,0,,,,,,98223,53,67,200,6,1,0,1,2,1,,0,,,,,,0,07-15-2016,06-15-2019,20,0,0,0,8,9,8,,,0,,,8,8,0,0,,,0,,,0,0,996,,,,,,,,,,,,,,,,,,,,,,,,,,,,,,0,0,0,0,0,0,0,0,0,0,0,0,0,0,0,0,0,0,0,0,0,0,0,0,0,0,0,0,1,1,0,0,0,0,0,,0,0,0,0,0,0,0,0,0,0,0,0,0,0,0,0,,,,,,56-60,56-65,Interstate,U,Friday,Belt Used,PV,Not Fatal,0,0,0,0,State Route,State Patrol,Washington State Patrol,0,1,0,0,0,,,,,,0,0,0,,,,,,,,,,,98,98,98,0,,,,,20,7,,,,,,,,1,0,,,,,,
2018,157,633263,290,05-21-2018,11:50,21,5,May,0,53,Pierce,2230,1,0,1,1,2,1,0,2,2,,,,12,0,6,Angle,0,2,0,2,4 Way,3,1,4,6,0,3,0,0,E 26TH,PORTLAND AVE,-122.4108778,47.24056667,98421,0,2,89,Others,66,4,35,6,0,0,1,5,12,8,8,6,5,1,Going Straight,1,1,53,,0,98,706,2019,0,,12,,,,,,1,1,63,2,7,,4,0,20,7,11,5,12-12-2020,22:52,69053059444,59444,0,0,3,3,1,35,,,,96,,,,,,98,,,,,,98208,53,69,195,6,1,0,0,0,0,,0,,,,,,0,,,20,8,0,0,0,9,8,,,0,,,8,8,0,0,,,0,,,0,0,996,,,,,,,,,,,,,,,,,,,,,,,,,,,,,,0,0,0,0,0,0,0,0,0,0,0,0,0,0,0,0,0,0,0,0,0,0,0,0,0,0,0,0,1,1,0,0,0,0,1,0,0,0,0,0,0,0,0,0,0,0,0,0,0,0,0,0,,,,,,61-65,56-65,Interstate,U,Friday,,MC,White,0,0,0,0,State Route,State Patrol,Washington State Patrol,0,1,0,0,0,,,,,,0,0,0,,,,,,,,,,,0,0,0,1,,,,,5,0,,,,,,,,1,0,,,,,,
2018,157,633262,290,05-21-2018,11:50,21,5,May,0,53,Pierce,2230,1,0,1,1,2,1,0,2,2,,,,12,0,6,Angle,0,2,0,2,4 Way,3,1,4,6,0,3,0,0,E 26TH,PORTLAND AVE,-122.4108778,47.24056667,98421,0,1,88,Striking from the Left,17,2,35,34,0,0,1,5,12,1,1,8,2,1,Going Straight,1,1,53,,0,23,481,2009,0,,68,68,63,35,1,,1,1,37,1,7,,4,7,20,7,11,0,12-09-2020,21:35,53058299,58299,0,0,0,3,1,58,87,,,96,,,,,,9,,,,,,99301,53,71,165,6,1,1,0,0,0,,0,,,,,,3,12-15-2017,12-15-2017,20,1,9,0,0,1,8,,,0,,,8,1,8,95,,,96,,,2,1,0.17,,,,,,,,,,,,,,,,,,,,,,,,,,,,,,0,0,0,0,1,1,0,1,0,0,0,0,1,0,0,0,0,0,0,1,0,0,0,0,0,0,0,0,0,1,0,0,0,1,0,,1,0,0,0,0,1,0,1,0,1,0,0,0,1,0,1,,,,,,36-40,36-45,County road,R,Wednesday,Not Used,PV,White,0,1,0,0,County Road,County Sheriff,Franklin County Sheriff's Office,1,0,1,0,0,,,,,,0,1,0,,,,,,,,,,,98,98,98,1,,,,,20,7,,,,,,,,1,0,,,PASCO-KAHLOTUS ROAD,7.85,,
2017,157,632535,2,05-14-2017,10:30,14,5,May,0,73,Whatcom,0,1,0,1,1,2,3,0,4,3,10:25,10:38,,12,0,8,Other,15.6,1,0,1,No intersection,4,1,1,3,0,0,0,0,SR-542,,-122.1883472,48.82231111,,0,3,98,Others,62,4,55,6,0,0,1,2,12,2,1,2,1,14,Making a U turn,2,2,53,,0,49,40,2007,0,,54,,,,,,1,1,38,1,0,,0,0,3,0,11,0,,,,,0,0,0,3,1,0,,,,96,,,,,,0,,,,,,99301,53,68,145,6,1,0,0,0,0,,0,,,,,,0,,,20,0,0,0,8,9,8,,,0,,,8,8,0,0,,,0,,,0,0,996,,,,,,,,,,,,,,,,,,,,,,,,,,,,,,0,0,0,0,0,0,0,0,0,0,0,0,0,0,0,0,0,0,0,0,0,0,0,0,0,1,1,1,0,1,1,0,0,0,0,,0,0,0,0,0,0,0,0,0,0,0,0,0,0,0,0,,,,,,36-40,36-45,Interstate,U,Thursday,Belt Used,PV,Not Fatal,0,0,0,1,State Route,State Patrol,Washington State Patrol,0,1,0,0,0,,,,,,0,0,0,,,,,,,,,,,98,98,98,0,,,,,20,7,,,,,,,,1,14,,,,,,
2017,157,632534,2,05-14-2017,10:30,14,5,May,0,73,Whatcom,0,1,0,1,1,2,3,0,4,3,10:25,10:38,,12,0,8,Other,15.6,1,0,1,No intersection,4,1,1,3,0,0,0,0,SR-542,,-122.1883472,48.82231111,,0,2,65,Others,62,4,55,4,0,0,1,2,1,2,1,2,1,14,Making a U turn,1,2,53,,0,34,34,2009,0,,54,,,,,,1,1,46,1,0,,0,0,3,0,11,0,,,,,6,0,0,3,1,0,,,,96,,,,,,0,,,,,,99301,53,69,200,6,1,0,0,0,0,,0,,,,,,0,,,20,0,0,0,8,9,8,,,0,,,8,8,0,0,,,0,,,0,0,996,,,,,,,,,,,,,,,,,,,,,,,,,,,,,,0,0,0,0,0,0,0,0,0,0,0,0,0,0,0,0,0,0,0,0,0,0,0,0,0,1,1,1,0,1,1,0,0,0,0,,0,0,0,0,0,0,0,0,0,0,0,0,0,0,0,0,,,,,,46-50,46-55,Interstate,U,Thursday,Belt Used,PV,Not Fatal,0,0,0,1,State Route,State Patrol,Washington State Patrol,0,1,0,0,0,,,,,,0,0,0,,,,,,,,,,,98,98,98,0,,,,,20,7,,,,,,,,1,14,,,,,,
2017,157,632533,2,05-14-2017,10:30,14,5,May,0,73,Whatcom,0,1,0,1,1,2,3,0,4,3,10:25,10:38,,12,0,8,Other,15.6,1,0,1,No intersection,4,1,1,3,0,0,0,0,SR-542,,-122.1883472,48.82231111,,0,1,64,Others,10,2,55,16,0,0,1,2,12,3,1,2,1,14,Making a U turn,1,1,53,,0,7,472,2006,0,,12,64,57,,,,1,1,44,1,0,,1,0,3,0,11,0,,,,,0,0,0,3,1,0,,,,96,,,,,,0,,,,,,99301,53,69,200,6,1,0,1,0,2,,0,,,,,,0,04-15-2016,11-15-2019,8,0,0,0,8,3,2,,,0,,,8,8,0,0,,,0,,,0,0,996,,,,,,,,,,,,,,,,,,,,,,,,,,,,,,0,0,0,0,0,0,0,0,0,0,0,0,0,0,0,0,0,0,0,0,0,0,0,0,0,1,1,1,0,1,1,0,0,0,0,,0,0,0,0,0,0,0,0,0,0,0,0,0,0,0,0,,,,,,41-45,36-45,Interstate,U,Thursday,Belt Used,PV,Not Fatal,0,0,0,1,State Route,State Patrol,Washington State Patrol,0,1,0,0,0,,,,,,0,0,0,,,,,,,,,,,98,98,98,0,,,,,20,7,,,,,,,,1,14,,,,,,
2021,158,635589,5,05-29-2021,23:00,29,5,May,,11,Clark,1860,1,,3,1,2,1,0,4,4,,,,12,0,1,Front-to-Rear,13.8,1,0,1,No intersection,1,1,1,1,0,0,0,0,I-5,,-122.6830889,45.81017778,,0,4,98,Others,98,7,70,4,0,0,1,5,12,1,1,4,3,1,Going Straight,1,2,53,,0,86,881,2021,0,,12,12,54,54,,,1,1,51,1,0,,0,0,3,0,11,0,,,,,6,1,0,3,1,0,,,,96,,,,,,0,,,,,,99336,53,63,160,6,1,0,0,0,0,,0,,,,,,0,,,20,0,0,0,8,3,2,,,0,,,8,8,0,0,,,0,,,0,0,996,,,,,,,,,,,,,,,,,,,,,,,,,,,,,,0,0,0,0,0,0,0,0,0,0,0,0,0,0,0,0,0,0,0,0,0,0,0,0,0,1,1,1,0,1,1,0,0,0,0,,0,0,0,0,0,0,0,0,0,0,0,0,0,0,0,0,,,,,,51-55,46-55,Interstate,U,Thursday,,MHTRUCK,Not Fatal,0,0,0,1,State Route,State Patrol,Washington State Patrol,0,1,0,0,0,,,,,,0,0,0,,,,,,,,,,,98,98,98,0,,,,,20,7,,,,,,,,1,14,,,,,,
2021,158,635588,5,05-29-2021,23:00,29,5,May,,11,Clark,1860,1,,3,1,2,1,0,4,4,,,,12,0,1,Front-to-Rear,13.8,1,0,1,No intersection,1,1,1,1,0,0,0,0,I-5,,-122.6830889,45.81017778,,0,3,25,Others,53,3,70,4,0,0,1,5,12,1,1,4,3,1,Going Straight,1,1,53,,0,7,482,2016,0,,12,,,,,,1,1,79,1,7,,4,7,3,0,11,0,12-10-2020,15:30,1.66E+11,58103,6,0,0,3,1,51,,,,96,,,,,,0,,,,,,99349,53,68,210,6,1,0,1,1,0,,0,,,,,,0,02-15-2019,02-15-2019,8,0,0,0,0,9,8,,,0,,,8,8,0,0,,,0,,,0,0,996,,,,,,,,,,,,,,,,,,,,,,,,,,,,,,0,0,0,0,0,0,0,0,0,0,0,0,0,0,0,0,0,0,0,0,0,0,0,0,0,1,1,1,0,1,1,0,0,0,0,,1,0,0,0,0,0,0,0,0,0,0,0,0,0,0,0,,,,,,76-80,76+,Interstate,U,Thursday,Belt Used,PV,White,0,0,0,1,State Route,State Patrol,Washington State Patrol,0,1,0,0,0,,,,,,0,0,0,,,,,,,,,,,98,98,98,1,,,,,20,7,,,,,,,,1,14,,,,,,
2021,158,635587,5,05-29-2021,23:00,29,5,May,,11,Clark,1860,1,,3,1,2,1,0,4,4,,,,12,0,1,Front-to-Rear,13.8,1,0,1,No intersection,1,1,1,1,0,0,0,0,I-5,,-122.6830889,45.81017778,,0,2,24,Others,9,1,70,80,0,0,1,2,12,1,1,4,3,1,Going Straight,1,1,53,,0,37,31,2001,0,,63,1,,,,,1,1,43,2,7,,4,7,3,0,11,0,12/14/2020,17:32,53058825,58825,0,0,3,3,1,0,,,,92,,,,,,98,,,,,,98277,53,68,180,6,1,0,0,0,0,,0,,,,,,0,,,20,0,0,0,0,9,8,,,0,,,8,8,8,95,,,96,,,8,95,995,,,,,,,,,,,,,,,,,,,,,,,,,,,,,,0,0,1,0,0,0,0,0,0,0,0,0,0,0,0,0,1,0,0,0,0,0,0,0,0,0,0,0,0,1,0,0,0,0,0,,1,0,0,0,0,0,0,0,1,0,0,0,0,0,0,0,,,,,,41-45,36-45,State route,U,Monday,Belt Used,PV,White,0,1,0,0,State Route,State Patrol,Washington State Patrol,1,1,0,0,0,,,,,,0,0,0,,,,,,,,,,,98,98,98,1,,,,,20,7,,,,,,,,1,0,,,,,,
2021,158,635586,5,05-29-2021,23:00,29,5,May,,11,Clark,1860,1,,3,1,2,1,0,4,4,,,,12,0,1,Front-to-Rear,13.8,1,0,1,No intersection,1,1,1,1,0,0,0,0,I-5,,-122.6830889,45.81017778,,0,1,98,Others,9,1,70,80,0,0,1,2,1,1,1,4,3,1,Going Straight,1,1,53,,0,20,481,2001,0,,8,,,,,,1,1,66,8,0,,0,0,3,0,11,0,,,,,0,0,3,3,1,10,38,,,0,,,,,,0,,,,,,98221,53,69,240,6,1,0,0,0,0,,46,,,,,,0,,,20,0,0,0,8,9,8,,,0,,,8,8,0,0,,,0,,,0,0,996,,,,,,,,,,,,,,,,,,,,,,,,,,,,,,0,0,0,1,0,0,0,0,0,1,0,1,0,0,0,0,0,0,1,0,0,0,0,0,0,1,0,0,0,1,0,1,0,0,0,,0,0,0,0,0,0,0,0,0,0,1,0,0,0,0,0,,,,,,66-70,66-75,State route,U,Monday,Belt Used,PV,Not Fatal,1,0,0,0,State Route,Municipal/City Police,Anacortes Police Department,0,1,0,0,0,,,,,,0,0,0,,,,,,,,,,,98,98,98,0,,,,,20,7,,,,,,,,1,0,,,,,,
2020,158,634785,22,05-23-2020,17:12,23,5,May,,27,Grays Harbor,0,10,,1,1,4,1,0,2,1,17:12,17:29,18:36,1,0,0,No vehicle,9999.8,8,0,1,No intersection,7,1,2,4,0,0,0,0,CR-LABELLE LN,,-123.2281056,47.04881667,98557,0,1,98,Others,5,1,98,90,0,0,1,2,1,1,1,8,1,10,Others,2,2,53,,0,54,37,1999,0,,63,42,,,,,1,1,56,1,7,,4,7,20,7,11,0,12-08-2020,02:01,53057321,57321,6,0,3,3,1,0,,,,96,,,,,,9,,,,,,98584,53,70,180,6,8,1,0,0,2,,0,,,,,,0,05-15-2017,12-15-2019,1,0,0,0,0,9,8,,,0,,,8,1,2,401,417,,1,1,,2,1,0.334,,,,,,,,,,,,,,,,,,,,,,,,,,,,,,0,0,1,0,1,1,1,1,0,0,0,0,0,0,0,0,0,0,0,1,0,0,0,0,0,0,0,0,0,1,0,0,0,1,0,,1,0,0,0,0,1,1,1,0,0,0,0,0,0,0,1,,,,,,56-60,56-65,US highway,R,Tuesday,Not Used,PV,White,0,1,0,0,State Route,State Patrol,Washington State Patrol,1,1,0,0,0,,,,,,0,1,2,,,,,,,,,,,0,0,0,1,,,,,20,7,,,,,,,,1,0,,,,,,
2019,158,634080,40,05-16-2019,21:07,16,5,May,,63,Spokane,0,2,0,2,2,2,1,1,2,2,,,,8,0,0,No vehicle,0.3,1,0,1,No intersection,5,2,2,4,0,0,0,0,CR-S HAYFORD RD,,-117.5609139,47.65740833,99224,0,2,98,Others,80,5,45,4,0,0,1,7,8,4,1,2,1,14,Making a U turn,1,1,53,,0,55,35,2009,0,,68,64,1,,,,1,1,19,1,0,,3,0,99,7,11,0,,,,,0,0,0,3,1,0,,,,96,,,,,,9,,,,,,98366,53,75,160,6,1,0,0,0,1,,97,,,,,,4,09-15-2020,09-15-2020,20,0,0,0,8,9,8,,,0,,,8,1,8,95,,,96,,,8,95,995,,,,,,,,,,,,,,,,,,,,,,,,,,,,,,0,0,1,0,1,0,0,0,0,0,0,0,1,0,0,0,0,0,0,0,0,1,1,0,1,0,0,0,0,1,0,0,0,0,0,,0,0,0,0,0,0,0,0,0,1,0,0,0,0,0,1,,,,,,18-20,16-25,County road,R,Friday,Unknown,PV,Not Fatal,0,1,0,0,County Road,County Sheriff,Kitsap County Sheriff's Office,1,0,1,0,0,,,,,,0,0,0,,,,,,,,,,,98,98,98,0,,,,,20,7,,,,,,,,1,0,,,BANNER RD SE,3.452,,