year,something,Cases,repjur,crash_dt,crash_tm,accday,Month,Month,holiday,county,co_char,city,weather,weather2,lightcond,surfcond,surftype,Number of Fatalities,nmforms,pforms,vforms,not_tm,arr_tm,hosp_tm,fhevent,hitrun,Manner of Collision,Manner of Collision,milepnt,reljunc,reljuncinter,intersectiontype,Intersection Type,funcsystem,landuse,ownership,route,schlbus,spejur,contdev,devfunc,trafid1,trafid2,x,y,zipcode,wk_zone,vnumber,crashtype,Crash Type,criticalevent,criticaleventcat,spdlim,body,trailer,emerg,hazcargo,leave,mhevent,roadalgn,roadprof,traflane,trafflow,Vehicle Manure,Vehicle Manure,numoccs,regowner,regstate,,spuse,make,model,modelyr,vrf1,vrf2,seqevent1,seqevent2,seqevent3,seqevent4,seqevent5,seqevent6,pnumber,ptype,age,sex,hispanic,race,injury,diedscene,restraint,restraintmisuse,seatpos,takehosp,death_dt,death_tm,cert,cernum_wa,commlic,licendor,licrestrict,liccomp,drivpres,drf1,drf2,drf3,drf4,distract1,distract2,distract3,distract4,distract5,distract6,dricond1,dricond2,dricond3,dricond4,dricond5,dricond6,dzip,licstate,drhgt_in,weight,noncdl,noncdltype,prevdwi,prevoth,prevacc,prevspd,prevsus,driviol1,driviol2,driviol3,driviol4,driviol5,driviol6,spdrel,first_dt,last_dt,airbag,ejection,ejectpath,extricat,injurwrk,methalc,methdrug,nmlocat,strikveh,prf1,prf2,prf3,druginv,alcinvol,drugsts,drugres1,drugres2,drugres3,drugtst1,drugtst2,drugtst3,alcsts,alctst,alcres,nmact1,nmact2,nmact3,nmact4,nmact5,nmact6,nmprior1,nmprior2,nmprior3,nmprior4,nmprior5,nmprior6,nmcond1,nmcond2,nmcond3,nmcond4,nmcond5,nmcond6,nmsafe_helmet,nmsafe_pads,nmsafe_oth,nmprev_ref,nmprev_lgt,nmprev_oth,crashlocation,nmcrashtype,crosswalk,schoolzone,sidewalk,train_inv,wildlife_inv,rotr_fars,intersect_fars,Drink and Drive,aid_inv,Drug Positive Drivers,Impaired Drivers,Marijuana Positive,impnm_inv,ainm_inv,dpnm_inv,speed_inv,unlic_inv,unendmc_inv,drowsy_inv,drdist_inv,nmdist_inv,fty_inv,unrestfat_inv,dr1617_inv,dr1820_inv,dr1620_inv,dr2125_inv,dr1625_inv,dr65_inv,dr70_inv,dr75_inv,mc_inv,pv_inv,ht_inv,ped_inv,bike_inv,unrest_fat,mc_fat,unhelmet_mc,pv_fat,ht_fat,ped_fat,bike_fat,dr_alc7,dr_alc8,dr_drug,dr_imp,dr_dist,dr_spd,dr_fty,dr_unlic,dr_alc7only,dr_alc8only,dr_drugonly,dr_drink,nm_imp,nm_alc7,nm_alc8,nm_drug,nm_dist,agegrp1,agegrp2,roadclass,urbrur,dayweek,restuse,vehtype,race_me,intersect,lanedep,oppdir,wrongway,rep_typ,investag,repag_long,rotr,st_rd,cty_rd,city_rd,oth_rd,drug_thc,thc_res,drug_cthc,cthc_res,drug_cann,prevpersemin,prevperse,prevsusoth,drugtst4,drugtst5,drugtst6,drugtst7,drugtst8,drugres4,drugres5,drugres6,drugres7,drugres8,adspresent,adsengaged,adslevel,race1,race2,race3,race4,race5,helmet,helmetmisuse,nmdistract1,nmdistract2,nmdistract3,nmdistract4,nmdistract5,nmdistract6,lab,isedtcase,crf1,crf2,crf3,CoRoadName,CoMP,IntCoRoadName,IntCoMP
2019,158,634079,40,05-16-2019,21:07,16,5,May,,63,Spokane,0,2,0,2,2,2,1,1,2,2,,,,8,1,0,No vehicle,0.3,1,0,1,No intersection,5,2,2,4,0,0,0,0,CR-S HAYFORD RD,,-117.5609139,47.65740833,99224,0,1,13,Pedestrian/Animal,80,5,45,34,0,0,1,5,8,4,1,2,1,14,Making a U turn,99,1,53,,0,7,472,2000,0,,8,,,,,,1,1,55,1,0,,0,0,3,0,11,0,,,,,0,0,0,3,1,0,,,,96,,,,,,0,,,,,,98248,53,69,150,6,1,0,1,0,0,,0,,,,,,0,04-15-2016,04-15-2016,20,0,0,0,8,3,2,,,0,,,8,8,8,95,,,96,,,2,98,997,,,,,,,,,,,,,,,,,,,,,,,,,,,,,,0,0,0,0,0,0,0,0,0,1,0,1,0,0,0,0,0,1,0,0,0,0,0,0,0,0,0,0,0,1,0,1,0,0,0,,0,0,0,0,0,0,0,0,0,0,0,0,0,0,0,0,,,,,,51-55,46-55,County road,R,Monday,Belt Used,PV,Not Fatal,0,0,0,0,County Road,State Patrol,Washington State Patrol,0,0,1,0,0,,,,,,0,0,0,,,,,,,,,,,98,98,98,0,,,,,20,7,,,,,,,,1,0,,,ENTERPRISE RD N,1.25,,
2018,158,633309,2,06-01-2018,22:48,1,6,June,0,57,Skagit,0,1,0,2,1,2,2,0,4,1,22:45,22:54,23:28,43,0,0,No vehicle,58.5,1,0,1,No intersection,4,1,1,3,0,0,0,0,SR-9,,-122.2245111,48.57047222,98284,0,1,7,Control/Traction Loss,6,1,50,15,0,0,1,2,39,1,1,2,1,1,Going Straight,4,2,53,,0,85,881,2020,0,,12,,,,,,1,1,45,1,0,,0,0,3,0,11,0,,,,,6,1,0,3,1,0,,,,96,,,,,,0,,,,,,98837,53,68,150,6,1,0,0,0,0,,0,,,,,,0,,,20,0,0,0,8,9,8,,,0,,,8,8,8,95,,,96,,,8,95,995,,,,,,,,,,,,,,,,,,,,,,,,,,,,,,0,0,0,1,1,1,0,1,0,0,0,0,0,1,0,0,0,0,0,0,0,0,0,0,0,0,0,0,0,1,1,0,0,0,0,,0,0,0,0,0,0,0,0,0,0,0,0,0,0,0,0,,,,,,41-45,36-45,State route,R,Monday,,MHTRUCK,Not Fatal,1,0,0,0,State Route,State Patrol,Washington State Patrol,0,1,0,0,0,,,,,,0,0,0,,,,,,,,,,,98,98,98,0,,,,,20,7,,,,,,,,1,0,,,,,,
2017,158,632542,40,05-22-2017,08:35,22,5,May,0,63,Spokane,0,1,0,1,1,2,1,1,1,1,09:05,09:25,,9,0,0,No vehicle,1,1,0,1,No intersection,5,1,2,4,0,0,0,0,CR-DISHMAN MICA,,-117.2471389,47.60701944,99206,0,1,13,Pedestrian/Animal,13,2,45,20,0,0,1,5,9,1,1,2,1,1,Going Straight,1,2,53,,0,49,40,1997,0,,12,,,,,,1,1,31,1,1,,4,7,99,7,11,0,10/26/2020,17:58,53050711,50711,0,0,0,0,1,39,,,,96,,,,,,9,,,,,,98344,53,,999,0,0,1,1,0,0,,0,,,,,,0,07-15-2017,07-15-2017,8,0,0,0,0,1,8,,,0,,,8,1,8,95,,,96,,,2,1,0.2,,,,,,,,,,,,,,,,,,,,,,,,,,,,,,0,0,0,1,1,1,0,1,0,0,0,0,0,1,0,0,0,0,0,0,0,0,0,0,0,0,0,0,0,1,1,0,0,0,0,,1,0,0,0,0,1,0,1,0,0,0,1,0,1,0,1,,,,,,31-35,26-35,State route,R,Monday,Unknown,PV,Hispanic,1,0,0,0,State Route,State Patrol,Washington State Patrol,0,1,0,0,0,,,,,,0,1,0,,,,,,,,,,,0,0,0,298,,,,,20,7,,,,,,,,1,0,,,,,,
2021,159,635590,3,05-28-2021,22:14,28,5,May,,53,Pierce,0,1,,2,1,2,1,0,1,1,,,,42,0,0,No vehicle,42.7,1,0,1,No intersection,4,1,1,3,0,0,0,0,SR-507,,-122.4434806,47.06755556,98404,0,1,6,Drive off road,12,2,55,4,0,0,1,2,42,2,1,2,1,14,Making a U turn,1,1,53,,0,7,472,1993,0,,63,1,42,,,,1,1,91,1,7,,4,0,20,7,11,5,12-02-2020,21:08,41053056287,56287,0,0,0,3,1,87,,,,96,,,,,,98,,,,,,99114,53,72,165,6,1,0,0,0,0,,0,,,,,,4,,,20,0,0,0,0,9,8,,,0,,,8,8,2,1,,,1,,,2,1,0,,,,,,,,,,,,,,,,,,,,,,,,,,,,,,0,0,0,0,0,0,0,0,0,0,0,0,1,0,0,0,0,0,0,1,0,0,0,0,0,1,1,1,0,1,0,0,0,1,0,,1,0,0,0,0,0,0,0,0,1,0,0,0,0,0,0,,,,,,81+,76+,County road,R,Wednesday,Not Used,PV,White,0,1,0,0,County Road,County Sheriff,Stevens County Sheriff's Office,1,0,1,0,0,,,,,,0,0,0,,,,,,,,,,,0,0,0,1,,,,,20,7,,,,,,,,1,0,,,CLUGSTON-ONION CR,3,,
2019,159,634081,157,05-24-2019,05:30,24,5,May,,15,Cowlitz,1000,10,0,2,1,2,1,0,1,2,,,,14,0,0,No vehicle,0,1,0,1,No intersection,7,2,4,6,0,0,0,0,W FRONTAGE RD,,-122.8466028,46.00892778,98625,0,1,1,Driver Off Road,13,2,50,4,0,0,1,7,2,8,8,2,1,1,Going Straight,1,1,53,,0,41,50,2013,0,,68,64,35,67,30,,1,1,24,1,7,,4,7,20,7,11,0,12-09-2020,00:01,53057938,57938,0,0,0,3,1,0,,,,96,,,,,,98,,,,,,98584,53,66,135,6,1,0,1,0,1,,0,,,,,,4,10-15-2019,01-15-2020,8,2,1,0,0,9,8,,,0,,,8,8,2,996,996,,1,1,,2,1,0,,,,,,,,,,,,,,,,,,,,,,,,,,,,,,0,0,1,0,0,0,1,1,0,0,0,0,1,0,0,0,0,0,0,1,0,0,0,1,1,0,0,0,0,1,0,0,0,1,0,,1,0,0,0,0,0,1,1,0,1,0,0,0,0,1,0,,,,,,21-25,16-25,County road,R,Wednesday,Not Used,PV,AIAN,0,1,0,0,County Road,County Sheriff,Mason County Sheriff's Office,1,0,1,0,0,,,,,,0,0,1,,,,,,,,,,,98,98,98,3,,,,,20,7,,,,,,,,1,0,,,HARSTINE BRIDGE RD,0.077,,
2017,159,632543,14,05-22-2017,21:00,22,5,May,0,11,Clark,0,1,0,5,1,2,1,0,1,1,21:00,21:06,,38,0,0,No vehicle,13.5,3,0,3,T Intersection,4,1,1,3,0,0,20,3,SR-503,NE ROCK CREEK RD,-122.5219472,45.85685,98604,0,1,14,Others,14,2,50,80,0,0,1,5,38,8,8,2,1,99,Others,1,1,53,,0,63,37,2013,0,,12,,,,,,1,1,40,2,0,,2,0,3,0,11,8,,,,,0,0,0,3,1,0,,,,96,,,,,,98,,,,,,98360,53,63,110,6,1,0,0,1,0,,0,,,,,,0,06-15-2017,06-15-2017,1,0,0,0,8,9,8,,,0,,,8,8,8,95,,,96,,,8,95,995,,,,,,,,,,,,,,,,,,,,,,,,,,,,,,0,0,0,0,0,0,0,0,0,0,0,0,0,0,0,0,1,0,0,0,0,0,0,0,0,0,0,0,0,1,0,0,0,0,0,,0,0,0,0,0,0,0,0,0,0,0,0,0,0,0,0,,,,,,36-40,36-45,City street,U,Thursday,Belt Used,PV,Not Fatal,0,1,1,0,City Street,Municipal/City Police,Sumner Police Department,0,0,0,1,0,,,,,,0,0,0,,,,,,,,,,,98,98,98,0,,,,,20,7,,,,,,,,1,0,,,,,,
2018,159,633298,59,06-02-2018,02:05,2,6,June,0,33,King,109,1,0,3,1,2,1,0,1,1,,,,33,0,0,No vehicle,0,3,0,2,4 Way,4,2,4,6,0,0,3,3,156TH AVE NE,NE 20TH ST,-122.1324111,47.62786944,98007,0,1,6,Drive off road,12,2,30,1,0,0,1,7,30,1,1,4,1,1,Going Straight,1,9,99,,0,20,37,2004,0,,68,12,,,,,1,1,51,2,7,,4,0,99,7,11,5,11-10-2020,14:28,2.23E+11,52650,0,0,0,3,1,28,58,,,92,,,,,,98,,,,,,98390,53,67,160,6,1,0,0,0,0,,0,,,,,,0,,,20,0,0,1,0,9,8,,,0,,,8,8,2,1,,,1,,,2,1,0,,,,,,,,,,,,,,,,,,,,,,,,,,,,,,0,0,0,0,0,0,0,0,0,0,0,0,0,0,0,0,1,0,0,0,0,0,0,0,0,0,0,0,0,1,0,0,0,0,0,,1,0,0,0,0,0,0,0,1,0,0,0,0,0,0,0,,,,,,51-55,46-55,City street,U,Thursday,Unknown,PV,White,0,1,1,0,City Street,Municipal/City Police,Sumner Police Department,0,0,0,1,0,,,,,,0,0,0,,,,,,,,,,,98,98,98,1,,,,,20,7,,,,,,,,1,0,,,,,,
2019,160,3690844,12,03-29-2019,10:58,29,3,March,,37,Kittitas,0,4,0,1,10,5,1,0,1,1,,,,42,0,0,No vehicle,9999.9,3,0,3,T Intersection,99,1,66,8,0,1,0,0,NFD 35,SPUR 176,-120.572688,47.3013505,,0,1,6,Drive off road,12,2,25,91,0,0,1,7,42,2,1,8,8,14,Making a U turn,1,1,53,,0,98,850,1990,0,,12,,,,,,1,1,35,1,0,,0,0,2,0,11,0,,,,,0,0,0,3,1,0,,,,96,,,,,,98,,,,,,97862,41,70,140,6,1,0,0,0,0,,0,,,,,,0,,,20,0,0,0,8,3,2,,,0,,,8,8,8,95,,,96,,,8,95,995,,,,,,,,,,,,,,,,,,,,,,,,,,,,,,0,0,0,0,0,0,1,1,1,0,0,0,0,0,0,0,0,0,1,0,0,0,0,0,0,0,0,0,0,1,0,0,0,0,0,,0,0,0,0,0,0,0,0,0,0,0,0,0,0,0,0,,,,,,31-35,26-35,US highway,U,Thursday,,MHOME,Not Fatal,0,0,0,0,State Route,State Patrol,Washington State Patrol,0,1,0,0,0,,,,,,0,0,0,,,,,,,,,,,0,0,0,0,,,,,20,7,,,,,,,,1,0,,,,,,
2021,160,635591,5,05-30-2021,21:48,30,5,May,,59,Skamania,0,1,,2,1,2,1,0,1,1,,,,39,0,0,No vehicle,25.6,1,0,1,No intersection,3,1,1,3,0,0,0,0,SR-14,,-122.1888056,45.58674167,98671,0,1,2,Control/Traction Loss,9,1,50,4,0,0,1,2,39,3,2,2,1,14,Making a U turn,1,1,53,,0,23,401,2003,0,,12,,,,,,1,1,40,2,7,,4,0,3,0,11,0,12-10-2020,19:11,2.11E+11,58048,0,0,3,3,1,38,,,,96,,,,,,98,,,,,,99001,53,65,240,6,1,0,0,0,0,,0,,,,,,0,,,20,0,0,0,0,9,8,,,0,,,8,8,2,605,,,1,,,2,1,0,,,,,,,,,,,,,,,,,,,,,,,,,,,,,,0,0,0,0,0,0,1,1,1,0,0,0,0,0,0,0,0,0,1,0,0,0,0,0,0,0,0,0,0,1,0,0,0,0,0,,1,0,0,0,0,0,1,1,0,0,1,0,0,0,1,0,,,,,,36-40,36-45,US highway,U,Thursday,Belt Used,PV,White,0,0,0,0,State Route,State Patrol,Washington State Patrol,0,1,0,0,0,thc,0.53,,,,0,0,0,,,,,,,,,,,98,98,98,1,,,,,20,7,,,,,,,nms,1,0,,,,,,
2020,160,634789,25,05-29-2020,23:04,29,5,May,,33,King,0,10,,3,1,2,1,0,1,1,,,,1,0,0,No vehicle,2.2,1,0,1,No intersection,5,2,2,4,0,0,0,0,CR-MILITARY RD S,,-122.2712083,47.28525278,98001,0,1,7,Control/Traction Loss,9,1,35,2,0,0,1,5,1,2,1,2,1,6,Others,1,1,53,,0,55,33,2004,0,,68,68,63,1,,,1,1,56,2,7,,4,7,20,7,11,0,12-09-2020,15:32,53059257,59257,0,0,3,2,1,0,,,,96,,,,,,9,,,,,,98948,53,70,220,1,1,0,0,0,0,,0,,,,,,4,,,20,1,9,0,0,9,8,,,0,,,8,1,2,996,996,,1,1,,2,1,0.231,,,,,,,,,,,,,,,,,,,,,,,,,,,,,,0,0,0,0,1,1,1,1,0,0,0,0,1,1,0,0,0,0,0,1,0,0,0,0,0,0,0,0,0,1,0,0,0,1,0,,1,0,0,0,0,1,1,1,0,1,0,1,0,0,0,1,,,,,,56-60,56-65,County road,R,Wednesday,Not Used,PV,White,0,1,0,0,County Road,County Sheriff,Yakima County Sheriff's Office,1,0,1,0,0,,,,,,0,0,0,,,,,,,,,,,98,98,98,1,,,,,20,7,,,,,,,,1,0,,,TRACK RD. N.,9,,
2018,160,633317,21,06-03-2018,22:30,3,6,June,0,25,Grant,0,1,0,2,1,7,1,0,2,1,,,,1,0,0,No vehicle,9.6,1,0,1,No intersection,7,1,2,4,0,0,0,0,CR-ROAD P NW,,-119.8327139,47.27206667,,0,1,2,Control/Traction Loss,13,2,50,2,0,0,1,7,1,3,2,2,1,14,Making a U turn,2,1,53,,0,18,401,2003,0,,8,,,,,,1,1,50,1,0,,0,0,3,0,11,0,,,,,0,0,0,0,1,0,,,,96,,,,,,9,,,,,,99202,53,69,165,0,0,0,0,0,0,,97,,,,,,0,,,20,0,0,0,8,3,2,,,0,,,1,8,2,401,417,,1,1,,2,1,0,,,,,,,,,,,,,,,,,,,,,,,,,,,,,,0,0,0,1,0,0,1,1,0,1,0,1,0,1,0,0,0,0,0,0,0,0,0,0,0,0,0,0,0,1,0,1,0,0,0,,0,0,0,0,0,0,1,1,0,0,0,1,0,0,1,0,,,,,,46-50,46-55,City street,U,Wednesday,Belt Used,PV,Not Fatal,1,0,0,0,City Street,Municipal/City Police,Spokane Police Department,0,0,0,1,0,,,,,,0,0,0,,,,,,,,,,,98,98,98,0,,,,,20,7,,,,,,,,1,0,,,,,,
2017,160,632547,35,05-23-2017,16:08,23,5,May,0,53,Pierce,0,1,0,1,1,2,1,0,4,3,16:08,16:27,17:23,12,0,1,Front-to-Rear,0.6,1,0,1,No intersection,5,1,2,4,0,0,0,0,CR-WRIGHT BLISS RD KPN,,-122.7642917,47.37764167,98394,0,3,98,Others,62,4,40,4,0,0,1,2,12,1,2,2,1,1,Going Straight,1,1,53,,0,48,421,2019,0,,12,,,,,,1,1,46,2,0,,1,0,3,0,11,5,,,,,0,0,0,3,1,10,,,,0,,,,,,98,,,,,,98902,53,61,130,6,1,0,0,0,0,,0,,,,,,0,,,1,0,0,0,8,9,8,,,0,,,8,8,0,0,,,0,,,0,0,996,,,,,,,,,,,,,,,,,,,,,,,,,,,,,,0,0,0,1,0,0,0,0,0,0,0,0,0,0,0,0,0,0,1,0,0,0,0,0,0,1,1,1,0,1,0,0,0,0,0,,0,0,0,0,0,0,0,0,0,0,0,0,0,0,0,0,,,,,,46-50,46-55,City street,U,Friday,Belt Used,PV,Not Fatal,1,0,0,0,City Street,Municipal/City Police,Yakima Police Department,0,0,0,1,0,,,,,,0,0,0,,,,,,,,,,,98,98,98,0,,,,,20,7,,,,,,,,1,0,,,,,,
2017,160,632546,35,05-23-2017,16:08,23,5,May,0,53,Pierce,0,1,0,1,1,2,1,0,4,3,16:08,16:27,17:23,12,0,1,Front-to-Rear,0.6,1,0,1,No intersection,5,1,2,4,0,0,0,0,CR-WRIGHT BLISS RD KPN,,-122.7642917,47.37764167,98394,0,2,25,Others,53,3,40,95,0,0,1,2,12,1,2,2,1,1,Going Straight,2,0,53,,0,13,13,2014,0,,12,68,64,33,59,,1,1,86,1,0,,1,0,3,0,11,5,,,,,0,0,0,3,1,38,39,,,96,,,,,,98,,,,,,98908,53,71,216,6,1,0,0,0,0,,37,,,,,,0,,,8,0,0,0,8,9,8,,,0,,,8,8,0,0,,,0,,,0,0,996,,,,,,,,,,,,,,,,,,,,,,,,,,,,,,0,0,0,1,0,0,0,0,0,0,0,0,0,0,0,0,0,0,1,0,0,0,0,0,0,1,1,1,0,1,0,0,0,0,0,,0,0,0,0,0,0,0,0,0,0,1,0,0,0,0,0,,,,,,81+,76+,City street,U,Friday,Belt Used,PV,Not Fatal,1,0,0,0,City Street,Municipal/City Police,Yakima Police Department,0,0,0,1,0,,,,,,0,0,0,,,,,,,,,,,98,98,98,0,,,,,20,7,,,,,,,,1,0,,,,,,
2017,160,632545,35,05-23-2017,16:08,23,5,May,0,53,Pierce,0,1,0,1,1,2,1,0,4,3,16:08,16:27,17:23,12,1,1,Front-to-Rear,0.6,1,0,1,No intersection,5,1,2,4,0,0,0,0,CR-WRIGHT BLISS RD KPN,,-122.7642917,47.37764167,98394,0,1,24,Others,51,3,40,4,0,0,1,2,12,1,2,2,1,1,Going Straight,1,1,53,,0,37,705,2003,0,,63,24,,,,,1,1,26,1,7,,4,7,20,7,11,0,12-10-2020,00:00,93053058211,58211,0,0,0,2,1,0,,,,92,,,,,,98,,,,,,98584,53,73,250,6,1,0,1,0,1,,0,,,,,,0,11-15-2017,02-15-2020,20,8,0,0,0,9,8,,,0,,,8,8,2,605,,,1,,,2,1,0.055,,,,,,,,,,,,,,,,,,,,,,,,,,,,,,0,0,1,0,1,0,1,1,1,0,0,0,0,0,1,0,1,0,0,0,0,0,0,0,0,0,0,0,1,0,0,0,0,0,1,1,0,0,0,0,1,0,1,1,1,0,0,0,0,0,0,1,,,,,,26-30,26-35,City street,U,Thursday,,MC,White,0,1,0,0,City Street,Municipal/City Police,Hoquiam Police Department,1,0,0,1,0,thc,3.1,,,,0,0,0,,,,,,,,,,,0,0,0,1,,,,,17,7,,,,,,,nms,1,0,,,,,,
2021,161,635594,278,05-29-2021,23:41,29,5,May,,63,Spokane,2110,1,,3,1,2,2,0,5,3,,,,12,0,6,Angle,273.3,1,0,1,No intersection,3,2,1,2,0,0,0,0,US-2,,-117.5159528,47.64308889,99224,0,1,66,Specific Other,10,2,55,14,0,0,1,5,12,1,1,4,1,1,Going Straight,2,1,30,,0,49,40,2011,0,,8,,,,,,1,1,47,1,0,,0,0,3,0,11,0,,,,,0,0,0,3,1,10,,,,0,,,,,,0,,,,,,98007,53,66,172,6,1,0,0,0,0,,0,,,,,,0,,,20,0,0,0,8,9,8,,,0,,,8,8,8,95,,,96,,,2,98,997,,,,,,,,,,,,,,,,,,,,,,,,,,,,,,0,0,0,0,0,0,0,0,0,0,0,0,0,0,0,0,0,0,0,0,0,0,0,0,0,0,0,0,0,1,0,1,0,0,0,,0,0,0,0,0,0,0,0,0,0,0,0,0,0,0,0,,,,,,46-50,46-55,City street,U,Monday,Belt Used,PV,Not Fatal,0,0,0,0,City Street,Municipal/City Police,Bellevue Police Department,0,0,0,1,0,,,,,,0,0,0,,,,,,,,,,,98,98,98,0,,,,,20,7,,,,,,,,1,0,,,,,,
2019,161,3727925,40,04-20-2019,05:43,20,4,April,,63,Spokane,0,2,0,2,2,2,1,0,1,1,,,,53,0,0,No vehicle,0.8,1,0,1,No intersection,7,2,2,4,0,0,0,0,CR-S GARDNER RD,,-117.4805444,47.54533333,99004,0,1,1,Driver Off Road,13,2,45,4,0,0,1,7,42,3,2,2,1,14,Making a U turn,1,2,53,,0,23,441,1994,0,,8,,,,,,1,1,77,1,0,,0,0,3,0,11,0,,,,,0,0,0,3,1,0,,,,96,,,,,,0,,,,,,98445,53,72,220,6,1,0,0,0,0,,0,,,,,,0,,,20,0,0,0,8,9,8,,,0,,,8,8,8,95,,,96,,,8,95,995,,,,,,,,,,,,,,,,,,,,,,,,,,,,,,0,0,0,0,0,0,0,0,0,1,1,0,0,0,0,0,0,0,0,0,0,0,0,0,0,1,1,1,0,1,0,1,0,0,0,,0,0,0,0,0,0,0,0,0,0,0,0,0,0,0,0,,,,,,76-80,76+,County road,U,Tuesday,Belt Used,PV,Not Fatal,0,0,0,0,County Road,County Sheriff,Law Enforcement Support Agency,0,0,1,0,0,,,,,,0,0,0,,,,,,,,,,,0,0,0,0,,,,,20,7,,,,,,,,1,0,,,112 ST E,6.18,,
2021,161,635596,278,05-29-2021,23:41,29,5,May,,63,Spokane,2110,1,,3,1,2,2,0,5,3,,,,12,0,6,Angle,273.3,1,0,1,No intersection,3,2,1,2,0,0,0,0,US-2,,-117.5159528,47.64308889,99224,0,3,98,Others,62,4,55,14,0,0,1,2,12,1,1,4,1,1,Going Straight,2,1,53,,0,12,3,1998,0,,12,,,,,,1,1,92,2,7,,4,0,3,0,11,5,12-03-2020,12:39,2.23E+11,58121,0,0,3,3,1,0,,,,96,,,,,,98,,,,,,98563,53,65,110,6,1,0,0,0,0,,0,,,,,,0,,,1,0,0,0,0,9,8,,,0,,,8,8,0,0,,,0,,,0,0,996,,,,,,,,,,,,,,,,,,,,,,,,,,,,,,0,0,0,1,0,0,0,0,0,0,0,0,0,0,0,0,0,0,1,0,0,0,0,0,0,1,1,1,0,1,0,0,0,0,0,,1,0,0,0,0,0,0,0,0,0,0,0,0,0,0,0,,,,,,81+,76+,County road,R,Tuesday,Belt Used,PV,White,1,0,0,0,County Road,County Sheriff,Grays Harbor County Sheriff's Offic,0,0,1,0,0,,,,,,0,0,0,,,,,,,,,,,0,0,0,1,,,,,20,7,,,,,,,,1,0,,,MONTE ELMA RD,2.733,ROUP RD,0
2021,161,635595,278,05-29-2021,23:41,29,5,May,,63,Spokane,2110,1,,3,1,2,2,0,5,3,,,,12,0,6,Angle,273.3,1,0,1,No intersection,3,2,1,2,0,0,0,0,US-2,,-117.5159528,47.64308889,99224,0,2,66,Specific Other,62,4,55,4,0,0,1,2,12,1,1,4,1,1,Going Straight,1,2,53,,0,12,17,1997,0,,12,,,,,,1,1,88,2,0,,1,0,3,0,11,0,,,,,0,0,3,3,1,38,48,,,96,,,,,,98,,,,,,98563,53,66,205,6,1,0,0,0,0,,46,,,,,,0,,,1,0,0,0,8,9,8,,,0,,,8,8,0,0,,,0,,,0,0,996,,,,,,,,,,,,,,,,,,,,,,,,,,,,,,0,0,0,1,0,0,0,0,0,0,0,0,0,0,0,0,0,0,1,0,0,0,0,0,0,1,1,1,0,1,0,0,0,0,0,,0,0,0,0,0,0,0,0,0,0,1,0,0,0,0,0,,,,,,81+,76+,County road,R,Tuesday,Belt Used,PV,Not Fatal,1,0,0,0,County Road,County Sheriff,Grays Harbor County Sheriff's Offic,0,0,1,0,0,,,,,,0,0,0,,,,,,,,,,,0,0,0,0,,,,,20,7,,,,,,,,1,0,,,MONTE ELMA RD,2.733,ROUP RD,0
2020,161,634791,25,06-01-2020,16:22,1,6,June,,33,King,0,1,,1,1,2,1,0,2,2,16:22,16:22,,12,0,1,Front-to-Rear,1,8,0,1,No intersection,4,1,2,4,0,0,0,0,CR-SW CEMETERY RD,,-122.4472028,47.42923056,98070,0,2,21,Others,53,3,35,20,0,0,1,5,12,1,2,2,1,5,Others,1,1,53,,0,2,404,2013,0,,8,,,,,,1,1,20,2,0,,0,0,3,0,11,0,,,,,0,0,0,0,1,0,,,,96,,,,,,98,,,,,,98101,53,65,126,0,0,0,0,0,0,,0,,,,,,0,,,20,0,0,0,8,9,8,,,0,,,8,8,8,95,,,96,,,8,95,995,,,,,,,,,,,,,,,,,,,,,,,,,,,,,,0,0,0,1,0,0,0,0,0,1,0,1,0,1,0,0,0,0,0,0,0,1,1,0,1,0,0,0,0,1,0,1,0,0,0,,0,0,0,0,0,0,0,0,0,0,0,1,0,0,0,0,,,,,,18-20,16-25,State route,U,Wednesday,Belt Used,PV,Not Fatal,1,0,0,0,State Route,Municipal/City Police,Lynnwood Police Department,0,1,0,0,0,,,,,,0,0,0,,,,,,,,,,,98,98,98,0,,,,,20,7,,,,,,,,1,0,,,,,,
2020,161,634790,25,06-01-2020,16:22,1,6,June,,33,King,0,1,,1,1,2,1,0,2,2,16:22,16:22,,12,0,1,Front-to-Rear,1,8,0,1,No intersection,4,1,2,4,0,0,0,0,CR-SW CEMETERY RD,,-122.4472028,47.42923056,98070,0,1,20,Others,50,3,35,80,0,0,1,2,12,1,2,2,1,1,Going Straight,1,1,53,,0,37,703,2015,0,,12,,,,,,1,1,28,1,7,,4,7,20,7,11,0,12-06-2020,16:03,1.26E+11,57364,0,0,0,2,1,0,,,,96,,,,,,98,,,,,,98042,53,72,200,6,1,0,1,2,4,,0,,,,,,0,11-15-2017,07-15-2019,20,8,0,0,0,9,8,,,0,,,8,8,2,695,605,,1,1,,2,1,0,,,,,,,,,,,,,,,,,,,,,,,,,,,,,,0,0,0,1,1,1,1,1,1,0,0,0,0,0,1,0,0,0,1,0,0,0,0,0,0,0,0,0,1,1,0,0,0,0,1,0,0,0,0,0,0,0,1,1,0,0,0,0,0,0,1,0,,,,,,26-30,26-35,State route,U,Sunday,,MC,White,1,0,0,0,State Route,Municipal/City Police,Maple Valley Police Dept,0,1,0,0,0,thc,50,carboxy-thc,28,,0,0,1,,,,,,,,,,,0,0,0,1,,,,,5,0,,,,,,,nms,1,0,,,,,,