year,something,Cases,repjur,crash_dt,crash_tm,accday,Month,Month,holiday,county,co_char,city,weather,weather2,lightcond,surfcond,surftype,Number of Fatalities,nmforms,pforms,vforms,not_tm,arr_tm,hosp_tm,fhevent,hitrun,Manner of Collision,Manner of Collision,milepnt,reljunc,reljuncinter,intersectiontype,Intersection Type,funcsystem,landuse,ownership,route,schlbus,spejur,contdev,devfunc,trafid1,trafid2,x,y,zipcode,wk_zone,vnumber,crashtype,Crash Type,criticalevent,criticaleventcat,spdlim,body,trailer,emerg,hazcargo,leave,mhevent,roadalgn,roadprof,traflane,trafflow,Vehicle Manure,Vehicle Manure,numoccs,regowner,regstate,,spuse,make,model,modelyr,vrf1,vrf2,seqevent1,seqevent2,seqevent3,seqevent4,seqevent5,seqevent6,pnumber,ptype,age,sex,hispanic,race,injury,diedscene,restraint,restraintmisuse,seatpos,takehosp,death_dt,death_tm,cert,cernum_wa,commlic,licendor,licrestrict,liccomp,drivpres,drf1,drf2,drf3,drf4,distract1,distract2,distract3,distract4,distract5,distract6,dricond1,dricond2,dricond3,dricond4,dricond5,dricond6,dzip,licstate,drhgt_in,weight,noncdl,noncdltype,prevdwi,prevoth,prevacc,prevspd,prevsus,driviol1,driviol2,driviol3,driviol4,driviol5,driviol6,spdrel,first_dt,last_dt,airbag,ejection,ejectpath,extricat,injurwrk,methalc,methdrug,nmlocat,strikveh,prf1,prf2,prf3,druginv,alcinvol,drugsts,drugres1,drugres2,drugres3,drugtst1,drugtst2,drugtst3,alcsts,alctst,alcres,nmact1,nmact2,nmact3,nmact4,nmact5,nmact6,nmprior1,nmprior2,nmprior3,nmprior4,nmprior5,nmprior6,nmcond1,nmcond2,nmcond3,nmcond4,nmcond5,nmcond6,nmsafe_helmet,nmsafe_pads,nmsafe_oth,nmprev_ref,nmprev_lgt,nmprev_oth,crashlocation,nmcrashtype,crosswalk,schoolzone,sidewalk,train_inv,wildlife_inv,rotr_fars,intersect_fars,Drink and Drive,aid_inv,Drug Positive Drivers,Impaired Drivers,Marijuana Positive,impnm_inv,ainm_inv,dpnm_inv,speed_inv,unlic_inv,unendmc_inv,drowsy_inv,drdist_inv,nmdist_inv,fty_inv,unrestfat_inv,dr1617_inv,dr1820_inv,dr1620_inv,dr2125_inv,dr1625_inv,dr65_inv,dr70_inv,dr75_inv,mc_inv,pv_inv,ht_inv,ped_inv,bike_inv,unrest_fat,mc_fat,unhelmet_mc,pv_fat,ht_fat,ped_fat,bike_fat,dr_alc7,dr_alc8,dr_drug,dr_imp,dr_dist,dr_spd,dr_fty,dr_unlic,dr_alc7only,dr_alc8only,dr_drugonly,dr_drink,nm_imp,nm_alc7,nm_alc8,nm_drug,nm_dist,agegrp1,agegrp2,roadclass,urbrur,dayweek,restuse,vehtype,race_me,intersect,lanedep,oppdir,wrongway,rep_typ,investag,repag_long,rotr,st_rd,cty_rd,city_rd,oth_rd,drug_thc,thc_res,drug_cthc,cthc_res,drug_cann,prevpersemin,prevperse,prevsusoth,drugtst4,drugtst5,drugtst6,drugtst7,drugtst8,drugres4,drugres5,drugres6,drugres7,drugres8,adspresent,adsengaged,adslevel,race1,race2,race3,race4,race5,helmet,helmetmisuse,nmdistract1,nmdistract2,nmdistract3,nmdistract4,nmdistract5,nmdistract6,lab,isedtcase,crf1,crf2,crf3,CoRoadName,CoMP,IntCoRoadName,IntCoMP
2018,161,633307,2,06-04-2018,14:54,4,6,June,0,57,Skagit,0,1,0,1,1,2,1,0,2,2,,,,12,0,6,Angle,45.7,2,0,3,T Intersection,3,1,1,3,0,0,0,0,SR-20,CAMPBELL LAKE RD,-122.6029389,48.4457,98221,0,2,83,Others,67,4,50,14,0,0,1,7,12,3,8,4,1,14,Making a U turn,1,3,53,,0,7,24,2012,0,,12,63,24,,,,1,1,45,1,0,,0,0,3,0,11,0,,,,,0,0,0,3,1,38,,,,96,,,,,,9,,,,,,98058,53,69,168,6,1,0,0,0,0,,97,,,,,,0,,,8,0,0,0,8,1,1,,,0,,,1,1,2,695,605,,1,1,,2,1,0.33,,,,,,,,,,,,,,,,,,,,,,,,,,,,,,0,0,0,1,1,1,1,1,1,0,0,0,0,0,1,0,0,0,1,0,0,0,0,0,0,0,0,0,1,1,0,0,0,0,0,,0,0,0,0,0,1,1,1,0,0,1,0,0,0,0,1,,,,,,41-45,36-45,State route,U,Sunday,Belt Used,PV,Not Fatal,1,0,0,0,State Route,Municipal/City Police,Maple Valley Police Dept,0,1,0,0,0,thc,9.6,carboxy-thc,34,,0,0,0,,,,,,,,,,,98,98,98,0,,,,,20,7,,,,,,,,1,0,,,,,,
2018,161,633306,2,06-04-2018,14:54,4,6,June,0,57,Skagit,0,1,0,1,1,2,1,0,2,2,,,,12,0,6,Angle,45.7,2,0,3,T Intersection,3,1,1,3,0,0,20,3,SR-20,CAMPBELL LAKE RD,-122.6029389,48.4457,98221,0,1,82,Turn Into Opp Direction(Turning Left),15,2,35,4,0,0,1,7,12,3,1,3,1,11,Turning Red: Permitted on red,1,1,53,,0,20,441,2000,0,,12,,,,,,1,1,56,1,0,,3,0,3,0,11,5,,,,,0,0,0,3,1,0,,,,96,,,,,,98,,,,,,98030,53,64,140,6,1,0,0,0,2,,0,,,,,,0,09-15-2017,02-15-2020,20,0,0,1,8,9,8,,,0,,,8,8,0,0,,,0,,,0,0,996,,,,,,,,,,,,,,,,,,,,,,,,,,,,,,0,0,0,0,0,0,0,0,0,0,0,0,0,0,0,0,1,0,0,0,0,1,1,0,1,0,0,0,0,1,0,0,0,0,0,,0,0,0,0,0,0,0,0,0,0,0,0,0,0,0,0,,,,,,56-60,56-65,City street,U,Wednesday,Belt Used,PV,Not Fatal,0,1,1,0,City Street,Municipal/City Police,Renton Police Department,0,0,0,1,0,,,,,,0,0,0,,,,,,,,,,,98,98,98,0,,,,,20,7,,,,,,,,1,0,,,,,,
2017,161,632553,25,05-20-2017,03:00,20,5,May,0,33,King,1958,1,0,3,1,2,1,1,1,1,,,,8,0,0,No vehicle,0,1,0,1,No intersection,5,2,4,6,0,0,0,0,S 144TH ST,,-122.2936972,47.474325,98168,0,1,13,Pedestrian/Animal,80,5,30,4,0,0,1,2,8,1,3,2,1,1,Going Straight,1,2,53,,0,49,442,2013,0,,64,65,12,,,,1,1,20,1,1,,4,0,3,0,11,5,12/22/2020,20:39,1.96E+11,60631,0,0,0,3,1,28,,,,92,,,,,,98,,,,,,98178,53,68,167,6,1,0,0,0,0,,97,,,,,,0,,,1,0,0,0,0,9,8,,,0,,,8,8,0,0,,,0,,,0,0,996,,,,,,,,,,,,,,,,,,,,,,,,,,,,,,0,0,0,0,0,0,0,0,0,0,0,0,0,0,0,0,1,0,0,0,0,1,1,0,1,0,0,0,0,1,0,0,0,0,0,,1,0,0,0,0,0,0,0,1,0,0,0,0,0,0,0,,,,,,18-20,16-25,City street,U,Wednesday,Belt Used,PV,Hispanic,0,1,1,0,City Street,Municipal/City Police,Renton Police Department,0,0,0,1,0,,,,,,0,0,0,,,,,,,,,,,98,98,98,268,298,,,,20,7,,,,,,,,1,0,,,,,,
2018,162,633334,5,06-07-2018,12:24,7,6,June,0,11,Clark,2370,10,0,1,1,2,1,0,3,3,12:22,12:27,,12,0,1,Front-to-Rear,0.3,20,1,1,No intersection,1,2,1,1,0,0,0,0,I-205 RAMP S502801,,-122.5586472,45.61871944,98664,0,3,98,Others,87,6,98,5,0,0,1,7,12,3,2,1,6,5,Others,1,1,41,,0,20,481,2014,0,,8,,,,,,1,1,27,1,0,,0,0,3,0,11,0,,,,,0,0,3,3,1,10,38,,,0,,,,,,0,,,,,,98115,53,77,215,6,1,0,0,0,3,,46,,,,,,0,10-15-2019,10-15-2020,20,0,0,0,8,3,2,,,0,,,0,8,0,0,,,0,,,0,0,996,,,,,,,,,,,,,,,,,,,,,,,,,,,,,,0,0,0,1,0,0,0,0,0,1,0,1,0,0,0,0,0,0,1,0,0,0,0,0,0,0,0,0,0,1,0,1,0,0,0,,0,0,0,0,0,0,0,0,0,0,1,0,0,0,0,0,,,,,,26-30,26-35,City street,U,Tuesday,Belt Used,PV,Not Fatal,1,0,0,0,City Street,Municipal/City Police,Seattle Police Department,0,0,0,1,0,,,,,,0,0,0,,,,,,,,,,,98,98,98,0,,,,,20,7,,,,,,,,1,0,,,,,,
2018,162,633332,5,06-07-2018,12:24,7,6,June,0,11,Clark,2370,10,0,1,1,2,1,0,3,3,12:22,12:27,,12,0,1,Front-to-Rear,0.3,20,1,1,No intersection,1,2,1,1,0,0,0,0,I-205 RAMP S502801,,-122.5586472,45.61871944,98664,0,1,28,Others,52,3,98,34,0,0,1,2,12,3,2,1,6,14,Making a U turn,1,2,41,,0,12,880,2018,0,,12,,,,,,1,1,67,1,0,,0,0,3,0,11,0,,,,,0,0,0,3,1,0,,,,96,,,,,,98,,,,,,98446,53,71,240,6,1,0,0,0,0,,0,,,,,,0,,,20,0,0,0,8,9,8,,,0,,,8,8,8,95,,,96,,,8,95,995,,,,,,,,,,,,,,,,,,,,,,,,,,,,,,0,0,1,0,0,0,0,0,0,0,0,0,0,1,0,0,0,0,0,0,0,0,0,0,0,1,0,0,0,1,1,0,0,0,0,,0,0,0,0,0,0,0,0,0,0,0,0,0,0,0,0,,,,,,66-70,66-75,State route,U,Monday,,MHTRUCK,Not Fatal,0,1,0,0,State Route,Municipal/City Police,Tacoma Police Department,1,1,0,0,0,,,,,,0,0,0,,,,,,,,,,,98,98,98,0,,,,,20,7,,,,,,,,1,0,,,,,,
2021,162,635600,22,05-31-2021,15:22,31,5,May,,45,Mason,0,1,,1,1,2,1,1,1,1,,,,8,0,0,No vehicle,,1,0,1,No intersection,6,1,2,4,0,0,0,0,CR-E SATSOP RD W,,-123.4723972,47.08896944,,0,1,13,Pedestrian/Animal,80,5,45,34,1,0,1,5,8,4,2,2,1,14,Making a U turn,1,1,53,,0,20,481,1995,0,,63,42,69,12,,,1,1,56,1,0,,3,0,3,0,11,5,,,,,0,0,3,2,1,0,,,,96,,,,,,9,,,,,,98407,53,69,165,1,1,0,1,0,0,,97,,,,,,0,08-15-2016,08-15-2018,1,0,0,0,8,9,8,,,0,,,1,8,8,95,,,96,,,8,95,995,,,,,,,,,,,,,,,,,,,,,,,,,,,,,,0,0,1,0,0,0,0,0,0,0,0,0,0,1,0,0,0,0,0,0,0,0,0,0,0,1,0,0,0,1,1,0,0,0,0,,0,0,0,0,0,0,0,0,0,0,0,1,0,0,0,0,,,,,,56-60,56-65,State route,U,Monday,Belt Used,PV,Not Fatal,0,1,0,0,State Route,Municipal/City Police,Tacoma Police Department,1,1,0,0,0,,,,,,0,0,2,,,,,,,,,,,0,0,0,0,,,,,20,7,,,,,,,,1,0,,,,,,
2020,162,634793,339,06-02-2020,23:54,2,6,June,,63,Spokane,2113,1,,3,1,2,1,0,2,2,23:55,23:58,00:29,12,0,7,"Sideswipe,Same",0,3,0,2,4 Way,3,2,4,6,0,0,3,3,E SPRAGUE AVE,S THIERMAN RD,-117.3150694,47.65698889,99260,0,2,44,Others,61,4,35,80,0,0,1,5,12,1,2,4,4,1,Going Straight,1,1,53,,0,35,50,2010,0,,63,38,42,1,,,1,1,48,1,0,,3,0,3,0,11,5,,,,,0,0,0,3,1,0,,,,96,,,,,,0,,,,,,98042,53,69,189,6,1,0,0,0,0,,97,,,,,,3,,,20,0,0,0,8,9,8,,,0,,,8,8,8,95,,,96,,,8,95,995,,,,,,,,,,,,,,,,,,,,,,,,,,,,,,0,0,1,1,0,0,0,0,0,0,0,0,1,0,0,0,0,0,0,0,0,0,0,0,0,0,0,0,0,1,0,0,0,0,0,,0,0,0,0,0,0,0,0,0,1,0,0,0,0,0,0,,,,,,46-50,46-55,County road,U,Wednesday,Belt Used,PV,Not Fatal,1,0,0,0,County Road,County Sheriff,King County Police,0,0,1,0,0,,,,,,0,0,0,,,,,,,,,,,98,98,98,0,,,,,20,7,,,,,,,,1,0,,,SE 192 ST,0,148 AVE SE,3.12
2020,162,634792,339,06-02-2020,23:54,2,6,June,,63,Spokane,2113,1,,3,1,2,1,0,2,2,23:55,23:58,00:29,12,0,7,"Sideswipe,Same",0,3,0,2,4 Way,3,2,4,6,0,0,3,3,E SPRAGUE AVE,S THIERMAN RD,-117.3150694,47.65698889,99260,0,1,45,Others,10,2,35,80,0,0,1,5,12,1,2,4,4,1,Going Straight,1,1,53,,0,12,27,2013,0,,12,,,,,,1,1,37,1,0,,0,0,3,0,11,0,,,,,0,0,0,3,1,0,,,,96,,,,,,0,,,,,,97116,41,66,170,6,1,0,0,0,0,,97,,,,,,0,,,8,0,0,0,8,9,8,,,0,,,8,8,0,0,,,0,,,0,0,996,,,,,,,,,,,,,,,,,,,,,,,,,,,,,,0,0,0,0,1,0,1,1,1,0,0,0,0,0,0,0,0,0,0,0,0,0,0,0,0,0,0,0,1,1,0,0,0,0,0,,0,0,0,0,0,0,0,0,0,0,0,0,0,0,0,0,,,,,,36-40,36-45,County road,R,Sunday,Belt Used,PV,Not Fatal,0,0,0,0,County Road,County Sheriff,Snohomish County Sheriff's Office,0,0,1,0,0,,,,,,0,0,0,,,,,,,,,,,98,98,98,0,,,,,20,7,,,,,,,,1,0,,,PIONEER HWY EAST,0.066,,
2019,162,634083,278,06-02-2019,20:44,2,6,June,,63,Spokane,2110,1,0,5,1,2,1,0,4,2,,,,12,0,6,Angle,0,2,0,2,4 Way,7,2,4,6,0,0,0,0,W GARLAND AVE,N NORMANDIE ST,-117.4138417,47.69346667,99205,0,2,72,Others,15,2,30,14,0,0,1,7,12,1,1,2,1,11,Turning Red: Permitted on red,3,1,53,,0,72,706,2003,0,,68,12,,,,,1,1,50,1,7,,4,0,20,7,11,5,10/25/2020,15:48,69053050091,50091,6,0,3,3,1,33,,,,96,,,,,,98,,,,,,98223,53,69,235,6,1,0,1,0,0,,0,,,,,,0,12-15-2016,12-15-2016,20,8,0,0,0,9,8,,,0,,,8,8,2,695,605,,1,1,,2,1,0.031,,,,,,,,,,,,,,,,,,,,,,,,,,,,,,0,0,0,0,1,0,1,1,1,0,0,0,0,0,0,0,0,0,0,0,0,0,0,0,0,0,0,0,1,1,0,0,0,0,1,1,0,0,0,0,1,0,1,1,0,0,0,0,0,0,0,1,,,,,,46-50,46-55,County road,R,Sunday,,MC,White,0,0,0,0,County Road,County Sheriff,Snohomish County Sheriff's Office,0,0,1,0,0,thc,16,carboxy-thc,110,,0,0,0,,,,,,,,,,,0,0,0,1,,,,,16,0,,,,,,,nms,1,0,,,PIONEER HWY EAST,0.066,,
2019,162,634082,278,06-02-2019,20:44,2,6,June,,63,Spokane,2110,1,0,5,1,2,1,0,4,2,,,,12,0,6,Angle,0,2,0,2,4 Way,7,2,4,6,0,0,0,0,W GARLAND AVE,N NORMANDIE ST,-117.4138417,47.69346667,99205,0,1,73,Others,60,4,30,80,0,0,1,7,12,1,1,2,1,6,Others,1,2,53,,0,20,481,1988,0,,63,8,,,,,1,1,53,1,0,,0,0,99,7,11,0,,,,,0,0,0,3,1,0,,,,96,,,,,,9,,,,,,98087,53,70,245,6,1,0,0,0,0,,97,,,,,,0,,,20,0,0,0,8,9,8,,,0,,,1,8,2,996,695,605,1,1,1,2,1,0,,,,,,,,,,,,,,,,,,,,,,,,,,,,,,0,0,0,0,0,0,1,1,1,0,0,0,0,0,0,0,0,0,0,0,0,0,0,0,0,0,0,0,0,1,0,1,0,0,0,,0,0,0,0,0,0,1,1,0,0,0,0,0,0,1,0,,,,,,51-55,46-55,County road,U,Tuesday,Unknown,PV,Not Fatal,0,0,0,0,County Road,County Sheriff,Snohomish County Sheriff's Office,0,0,1,0,0,thc,5.5,carboxy-thc,180,,0,0,0,,,,,,,,,,,0,0,0,0,,,,,20,7,,,,,,,nms,1,0,,,35TH AVE W,0.413,,
2018,162,633333,5,06-07-2018,12:24,7,6,June,0,11,Clark,2370,10,0,1,1,2,1,0,3,3,12:22,12:27,,12,0,1,Front-to-Rear,0.3,20,1,1,No intersection,1,2,1,1,0,0,0,0,I-205 RAMP S502801,,-122.5586472,45.61871944,98664,0,2,29,Others,53,3,98,4,0,0,1,2,12,3,2,1,6,2,Others,1,1,53,,0,24,1,1999,0,,12,,,,,,1,1,47,1,7,,4,7,20,7,11,0,12-04-2020,05:04,53062435,62435,0,0,0,3,1,0,,,,96,,,,,,0,,,,,,23803,51,70,280,6,1,0,1,2,1,,0,,,,,,0,03-15-2018,02-15-2019,8,0,0,0,0,9,8,,,0,,,8,8,2,1,,,1,,,2,1,0,,,,,,,,,,,,,,,,,,,,,,,,,,,,,,0,0,0,0,0,0,1,1,1,0,0,0,0,0,0,0,0,0,0,1,0,0,0,0,0,0,0,0,0,1,0,0,0,1,0,,1,0,0,0,0,0,0,0,0,0,0,0,0,0,0,0,,,,,,46-50,46-55,US highway,U,Friday,Not Used,PV,White,0,0,0,1,State Route,State Patrol,Washington State Patrol,0,1,0,0,0,,,,,,0,0,0,,,,,,,,,,,0,0,0,1,,,,,20,7,,,,,,,,1,0,,,,,,
2017,162,632573,4,05-24-2017,15:15,24,5,May,0,1,Adams,0,1,0,1,1,2,1,0,2,2,15:16,15:24,15:46,12,0,6,Angle,46.8,2,0,2,4 Way,3,1,1,3,0,0,0,0,SR-26,BOOKER RD,-119.0481917,46.79954167,99344,0,2,88,Striking from the Left,54,3,60,4,0,0,1,2,12,1,1,2,1,1,Going Straight,1,2,53,,0,35,472,2008,0,,12,,,,,,1,1,53,1,0,,1,0,3,0,11,5,,,,,0,0,3,3,1,51,91,,,96,,,,,,9,,,,,,98335,53,72,179,6,1,0,3,2,1,,1,,,,,,0,06-15-2016,06-15-2018,1,0,0,0,8,9,8,,,0,,,1,8,2,695,605,,1,1,,2,1,0,,,,,,,,,,,,,,,,,,,,,,,,,,,,,,0,0,0,0,0,0,1,1,1,0,0,0,0,0,0,0,0,0,0,1,0,0,0,0,0,0,0,0,0,1,0,0,0,0,0,,0,0,0,0,0,0,1,1,0,0,0,0,0,0,1,0,,,,,,51-55,46-55,US highway,U,Friday,Belt Used,PV,Not Fatal,0,0,0,1,State Route,State Patrol,Washington State Patrol,0,1,0,0,0,thc,16,carboxy-thc,75,,0,0,3,,,,,,,,,,,98,98,98,0,,,,,20,7,,,,,,,,1,0,,,,,,
2017,162,632572,4,05-24-2017,15:15,24,5,May,0,1,Adams,0,1,0,1,1,2,1,0,2,2,15:16,15:24,15:46,12,0,6,Angle,46.8,2,0,2,4 Way,3,1,1,3,0,0,20,3,SR-26,BOOKER RD,-119.0481917,46.79954167,99344,0,1,89,Others,54,3,55,2,0,0,1,2,12,1,1,2,1,1,Going Straight,1,2,53,,0,20,481,2001,0,,63,30,14,14,30,,1,1,73,1,7,,4,0,3,0,11,5,12/25/2020,11:41,2.23E+11,61896,0,0,3,2,1,0,,,,96,,,,,,98,,,,,,98499,53,72,164,1,1,0,1,0,0,,0,,,,,,0,06-15-2017,02-15-2019,1,0,0,0,0,9,8,,,0,,,8,8,8,95,,,96,,,8,95,995,,,,,,,,,,,,,,,,,,,,,,,,,,,,,,0,0,1,0,0,0,0,0,0,0,0,0,0,1,0,0,0,0,0,0,0,0,0,0,0,1,1,0,0,1,0,0,0,0,0,,1,0,0,0,0,0,0,0,0,0,0,1,0,0,0,0,,,,,,71-75,66-75,City street,U,Saturday,Belt Used,PV,White,0,1,0,0,City Street,Municipal/City Police,Tacoma Police Department,1,0,0,1,0,,,,,,0,0,1,,,,,,,,,,,98,98,98,1,,,,,20,7,,,,,,,,1,14,,,,,,
2021,163,635598,1,05-15-2021,01:30,15,5,May,,77,Yakima,0,1,,3,1,2,1,1,4,3,,,,12,0,1,Front-to-Rear,5.3,1,0,1,No intersection,4,2,1,3,0,0,50,3,SR-823,,-120.4884333,46.67979722,98942,1,2,21,Others,53,3,35,63,0,0,1,5,12,1,2,1,1,5,Others,1,3,53,,0,12,471,2011,0,,63,18,8,,,,1,1,74,1,0,,0,0,3,0,11,0,,,,,0,0,3,3,1,10,,,,0,,,,,,0,,,,,,98512,53,72,200,6,1,0,0,0,0,,97,,,,,,0,03-15-2020,03-15-2020,1,0,0,0,8,9,8,,,0,,,8,8,0,0,,,0,,,0,0,996,,,,,,,,,,,,,,,,,,,,,,,,,,,,,,0,0,0,1,0,0,0,0,0,1,0,1,0,0,0,0,0,1,0,0,0,0,0,0,0,1,1,0,0,1,0,1,0,0,0,,0,0,0,0,0,0,0,0,0,0,0,0,0,0,0,0,,,,,,71-75,66-75,County road,U,Wednesday,Belt Used,PV,Not Fatal,0,0,0,0,County Road,County Sheriff,Thurston County Sheriff's Office,0,0,1,0,0,,,,,,0,0,1,,,,,,,,,,,98,98,98,0,,,,,20,7,,,,,,,,1,0,,,LITTLEROCK RD SW,11.42,93RD AVE SW,10.96
2021,163,635597,1,05-15-2021,01:30,15,5,May,,77,Yakima,0,1,,3,1,7,1,1,4,3,,,,12,0,1,Front-to-Rear,5.3,1,0,1,No intersection,4,2,1,3,0,0,50,3,SR-823,,-120.4884333,46.67979722,98942,1,1,20,Others,50,3,55,4,0,0,1,2,8,1,2,1,1,1,Going Straight,3,1,53,,0,85,881,2020,0,,12,1,,,,,1,1,36,1,0,,1,0,3,0,11,5,,,,,6,1,3,3,1,0,,,,96,,,,,,0,,,,,,98592,53,68,140,6,1,0,0,1,0,,0,,,,,,0,10-15-2016,10-15-2016,1,0,0,0,8,9,8,,,0,,,8,8,0,0,,,0,,,0,0,996,,,,,,,,,,,,,,,,,,,,,,,,,,,,,,0,0,0,0,0,0,1,1,1,0,0,0,0,0,0,0,0,0,0,0,0,0,0,0,0,0,0,0,0,1,1,0,0,0,0,,0,0,0,0,0,0,0,0,0,0,0,0,0,0,0,0,,,,,,36-40,36-45,County road,R,Tuesday,,MHTRUCK,Not Fatal,0,1,1,0,County Road,County Sheriff,Mason County Sheriff's Office,0,0,1,0,0,,,,,,0,0,0,,,,,,,,,,,98,98,98,0,,,,,20,7,,,,,,,,1,0,,,SHELTON MATLOCK RD,11.3,,
2020,163,634794,160,06-02-2020,17:41,2,6,June,,33,King,1030,10,,1,1,2,1,0,3,1,17:57,18:02,18:23,38,0,0,No vehicle,0,1,0,1,No intersection,7,2,4,6,0,0,0,0,68TH AVE S,,-122.2472667,47.37326944,98032,0,1,1,Driver Off Road,13,2,40,14,0,0,1,2,30,3,1,2,1,14,Making a U turn,3,2,53,,0,37,33,2000,0,,68,12,,,,,1,1,51,2,7,,4,7,3,0,11,0,12-01-2020,09:10,53057071,57071,0,0,0,3,1,28,87,,,96,,,,,,98,,,,,,98584,53,64,175,6,1,0,1,0,0,,0,,,,,,0,11-15-2017,11-15-2017,20,0,0,0,0,9,8,,,0,,,8,8,2,695,605,,1,1,,2,1,0,,,,,,,,,,,,,,,,,,,,,,,,,,,,,,0,0,0,0,0,0,1,1,1,0,0,0,0,0,0,0,0,0,0,0,0,0,0,0,0,0,0,0,0,1,1,0,0,0,0,,1,0,0,0,0,0,1,1,0,0,0,0,0,0,1,0,,,,,,51-55,46-55,County road,R,Tuesday,Belt Used,PV,White,0,1,1,0,County Road,County Sheriff,Mason County Sheriff's Office,0,0,1,0,0,thc,5.1,carboxy-thc,36,,0,0,0,,,,,,,,,,,98,98,98,1,,,,,20,7,,,,,,,nms,1,0,,,SHELTON MATLOCK RD,11.3,,
2019,163,634084,2,05-26-2019,11:10,26,5,May,,73,Whatcom,0,1,0,1,1,4,1,0,2,1,,,,24,0,0,No vehicle,8.5,1,0,1,No intersection,7,1,2,4,0,0,0,0,CR-MOSQUITO LAKE RD,,-122.1180333,48.78568611,98244,0,1,6,Drive off road,6,1,35,80,0,0,1,2,24,2,2,2,1,14,Making a U turn,2,1,53,,0,34,35,2014,0,,54,,,,,,1,1,34,1,0,,0,0,3,0,11,0,,,,,0,0,0,3,1,0,,,,96,,,,,,0,,,,,,98056,53,67,160,6,1,0,0,0,0,,0,,,,,,0,,,20,0,0,0,8,9,8,,,0,,,8,8,0,0,,,0,,,0,0,996,,,,,,,,,,,,,,,,,,,,,,,,,,,,,,0,0,0,0,1,0,0,0,0,0,0,0,0,0,0,0,0,0,0,0,0,0,0,1,1,0,0,0,1,1,1,0,0,0,0,,0,0,0,0,0,0,0,0,0,0,0,0,0,0,0,0,,,,,,31-35,26-35,State route,U,Tuesday,Belt Used,PV,Not Fatal,0,0,0,1,State Route,State Patrol,Washington State Patrol,0,1,0,0,0,,,,,,0,0,0,,,,,,,,,,,98,98,98,0,,,,,20,7,,,,,,,,1,14,,,,,,
2018,163,633308,2,06-06-2018,05:29,6,6,June,0,73,Whatcom,0,1,0,4,1,1,1,0,2,1,,,,3,0,0,No vehicle,3.4,1,0,1,No intersection,6,1,2,4,0,3,0,0,CR-LUMMI SHORE DR,,-122.6196111,48.80107778,98248,0,1,0,Others,10,2,25,2,0,0,1,7,3,2,1,2,1,14,Making a U turn,2,2,53,,0,37,31,2006,0,,54,,,,,,1,1,21,1,0,,0,0,3,0,11,0,,,,,0,0,0,3,1,0,,,,96,,,,,,0,,,,,,98144,53,70,190,6,1,0,0,0,0,,0,,,,,,0,,,20,0,0,0,8,9,8,,,0,,,8,8,0,0,,,0,,,0,0,996,,,,,,,,,,,,,,,,,,,,,,,,,,,,,,0,0,0,0,1,0,0,0,0,0,0,0,0,0,0,0,0,0,0,0,0,0,0,1,1,0,0,0,1,1,1,0,0,0,0,,0,0,0,0,0,0,0,0,0,0,0,0,0,0,0,0,,,,,,21-25,16-25,State route,U,Tuesday,Belt Used,PV,Not Fatal,0,0,0,1,State Route,State Patrol,Washington State Patrol,0,1,0,0,0,,,,,,0,0,0,,,,,,,,,,,98,98,98,0,,,,,20,7,,,,,,,,1,14,,,,,,
2017,163,632555,42,05-17-2017,23:18,17,5,May,0,67,Thurston,0,1,0,2,1,2,1,0,2,2,,,,12,0,2,Front-to-Front,1,1,0,1,No intersection,5,2,2,4,0,0,0,0,CR-OLD HWY 99 SW,,-123.0089722,46.77752778,98531,0,2,51,Lateral Move(Going Straight),62,4,40,4,0,0,1,2,12,1,1,2,1,1,Going Straight,1,2,53,,0,20,481,2005,0,,54,,,,,,1,1,24,1,0,,0,0,3,0,11,0,,,,,0,0,0,3,1,0,,,,96,,,,,,0,,,,,,98032,53,68,200,6,1,0,0,0,0,,0,,,,,,0,,,20,0,0,0,8,9,8,,,0,,,8,8,0,0,,,0,,,0,0,996,,,,,,,,,,,,,,,,,,,,,,,,,,,,,,0,0,0,0,1,0,0,0,0,0,0,0,0,0,0,0,0,0,0,0,0,0,0,1,1,0,0,0,1,1,1,0,0,0,0,,0,0,0,0,0,0,0,0,0,0,0,0,0,0,0,0,,,,,,21-25,16-25,State route,U,Tuesday,Belt Used,PV,Not Fatal,0,0,0,1,State Route,State Patrol,Washington State Patrol,0,1,0,0,0,,,,,,0,0,0,,,,,,,,,,,98,98,98,0,,,,,20,7,,,,,,,,1,14,,,,,,
2017,163,632554,42,05-17-2017,23:18,17,5,May,0,67,Thurston,0,1,0,2,1,2,1,0,2,2,,,,12,0,2,Front-to-Front,1,1,0,1,No intersection,5,2,2,4,0,0,0,0,CR-OLD HWY 99 SW,,-123.0089722,46.77752778,98531,0,1,50,Lateral Move(Left/Right),10,2,98,4,0,0,1,2,12,1,1,2,1,1,Going Straight,1,2,53,,0,87,881,2017,0,,12,2,,,,,1,1,33,1,0,,0,0,3,0,11,0,,,,,6,1,0,3,1,0,,,,96,,,,,,0,,,,,,98338,53,69,290,6,1,0,0,0,0,,0,,,,,,0,,,99,0,0,0,8,9,8,,,0,,,8,8,0,0,,,0,,,0,0,996,,,,,,,,,,,,,,,,,,,,,,,,,,,,,,0,0,0,0,1,0,0,0,0,0,0,0,0,0,0,0,0,0,0,0,0,0,0,1,1,0,0,0,1,1,1,0,0,0,0,,0,0,0,0,0,0,0,0,0,0,0,0,0,0,0,0,,,,,,31-35,26-35,State route,U,Tuesday,,MHTRUCK,Not Fatal,0,0,0,1,State Route,State Patrol,Washington State Patrol,0,1,0,0,0,,,,,,0,0,0,,,,,,,,,,,98,98,98,0,,,,,20,7,,,,,,,,1,14,,,,,,