year,something,Cases,repjur,crash_dt,crash_tm,accday,Month,Month,holiday,county,co_char,city,weather,weather2,lightcond,surfcond,surftype,Number of Fatalities,nmforms,pforms,vforms,not_tm,arr_tm,hosp_tm,fhevent,hitrun,Manner of Collision,Manner of Collision,milepnt,reljunc,reljuncinter,intersectiontype,Intersection Type,funcsystem,landuse,ownership,route,schlbus,spejur,contdev,devfunc,trafid1,trafid2,x,y,zipcode,wk_zone,vnumber,crashtype,Crash Type,criticalevent,criticaleventcat,spdlim,body,trailer,emerg,hazcargo,leave,mhevent,roadalgn,roadprof,traflane,trafflow,Vehicle Manure,Vehicle Manure,numoccs,regowner,regstate,,spuse,make,model,modelyr,vrf1,vrf2,seqevent1,seqevent2,seqevent3,seqevent4,seqevent5,seqevent6,pnumber,ptype,age,sex,hispanic,race,injury,diedscene,restraint,restraintmisuse,seatpos,takehosp,death_dt,death_tm,cert,cernum_wa,commlic,licendor,licrestrict,liccomp,drivpres,drf1,drf2,drf3,drf4,distract1,distract2,distract3,distract4,distract5,distract6,dricond1,dricond2,dricond3,dricond4,dricond5,dricond6,dzip,licstate,drhgt_in,weight,noncdl,noncdltype,prevdwi,prevoth,prevacc,prevspd,prevsus,driviol1,driviol2,driviol3,driviol4,driviol5,driviol6,spdrel,first_dt,last_dt,airbag,ejection,ejectpath,extricat,injurwrk,methalc,methdrug,nmlocat,strikveh,prf1,prf2,prf3,druginv,alcinvol,drugsts,drugres1,drugres2,drugres3,drugtst1,drugtst2,drugtst3,alcsts,alctst,alcres,nmact1,nmact2,nmact3,nmact4,nmact5,nmact6,nmprior1,nmprior2,nmprior3,nmprior4,nmprior5,nmprior6,nmcond1,nmcond2,nmcond3,nmcond4,nmcond5,nmcond6,nmsafe_helmet,nmsafe_pads,nmsafe_oth,nmprev_ref,nmprev_lgt,nmprev_oth,crashlocation,nmcrashtype,crosswalk,schoolzone,sidewalk,train_inv,wildlife_inv,rotr_fars,intersect_fars,Drink and Drive,aid_inv,Drug Positive Drivers,Impaired Drivers,Marijuana Positive,impnm_inv,ainm_inv,dpnm_inv,speed_inv,unlic_inv,unendmc_inv,drowsy_inv,drdist_inv,nmdist_inv,fty_inv,unrestfat_inv,dr1617_inv,dr1820_inv,dr1620_inv,dr2125_inv,dr1625_inv,dr65_inv,dr70_inv,dr75_inv,mc_inv,pv_inv,ht_inv,ped_inv,bike_inv,unrest_fat,mc_fat,unhelmet_mc,pv_fat,ht_fat,ped_fat,bike_fat,dr_alc7,dr_alc8,dr_drug,dr_imp,dr_dist,dr_spd,dr_fty,dr_unlic,dr_alc7only,dr_alc8only,dr_drugonly,dr_drink,nm_imp,nm_alc7,nm_alc8,nm_drug,nm_dist,agegrp1,agegrp2,roadclass,urbrur,dayweek,restuse,vehtype,race_me,intersect,lanedep,oppdir,wrongway,rep_typ,investag,repag_long,rotr,st_rd,cty_rd,city_rd,oth_rd,drug_thc,thc_res,drug_cthc,cthc_res,drug_cann,prevpersemin,prevperse,prevsusoth,drugtst4,drugtst5,drugtst6,drugtst7,drugtst8,drugres4,drugres5,drugres6,drugres7,drugres8,adspresent,adsengaged,adslevel,race1,race2,race3,race4,race5,helmet,helmetmisuse,nmdistract1,nmdistract2,nmdistract3,nmdistract4,nmdistract5,nmdistract6,lab,isedtcase,crf1,crf2,crf3,CoRoadName,CoMP,IntCoRoadName,IntCoMP
2020,164,634796,6,05-18-2020,14:34,18,5,May,,25,Grant,0,1,,1,1,2,2,0,2,2,,,,12,0,2,Front-to-Front,180.6,1,0,1,No intersection,1,1,1,1,0,0,0,0,I-90,,-119.1837417,47.09341667,,0,2,52,Others,54,3,70,21,0,0,1,2,12,1,1,2,3,1,Going Straight,1,3,53,,0,87,881,2017,0,,12,,,,,,1,1,30,1,0,,0,0,3,0,11,0,,,,,6,1,0,3,1,0,,,,96,,,,,,0,,,,,,98360,53,70,240,6,1,0,0,0,0,,0,,,,,,0,,,20,0,0,0,8,9,8,,,0,,,8,8,0,0,,,0,,,0,0,996,,,,,,,,,,,,,,,,,,,,,,,,,,,,,,0,0,0,0,1,0,0,0,0,0,0,0,0,0,0,0,0,0,0,0,0,0,0,1,1,0,0,0,1,1,1,0,0,0,0,,0,0,0,0,0,0,0,0,0,0,0,0,0,0,0,0,,,,,,26-30,26-35,State route,U,Tuesday,,MHTRUCK,Not Fatal,0,0,0,1,State Route,State Patrol,Washington State Patrol,0,1,0,0,0,,,,,,0,0,0,,,,,,,,,,,98,98,98,0,,,,,20,7,,,,,,,,1,14,,,,,,
2020,164,634795,6,05-18-2020,14:34,18,5,May,,25,Grant,0,1,,1,1,2,2,0,2,2,,,,12,0,2,Front-to-Front,180.6,1,0,1,No intersection,1,1,1,1,0,0,0,0,I-90,,-119.1837417,47.09341667,,0,1,52,Others,54,3,70,14,0,0,1,2,12,1,1,2,3,1,Going Straight,1,1,53,,0,73,705,2011,0,,12,12,,,,,1,1,49,1,7,,4,7,20,7,11,0,12-01-2020,23:35,1.64E+11,56477,0,0,0,3,1,0,,,,96,,,,,,0,,,,,,98166,53,64,140,6,1,0,1,1,0,,0,,,,,,0,05-15-2018,05-15-2018,20,8,0,0,0,9,8,,,0,,,8,8,2,1,,,14,,,2,4,0,,,,,,,,,,,,,,,,,,,,,,,,,,,,,,0,0,0,0,1,0,0,0,0,0,0,0,0,0,0,0,0,0,0,0,0,0,0,1,1,0,0,0,1,1,1,0,0,0,1,0,0,0,0,0,0,0,0,0,0,0,0,0,0,0,0,0,,,,,,46-50,46-55,State route,U,Tuesday,,MC,White,0,0,0,1,State Route,State Patrol,Washington State Patrol,0,1,0,0,0,,,,,,0,0,0,,,,,,,,,,,0,0,0,1,,,,,5,0,,,,,,,,1,14,,,,,,
2019,164,634090,1,05-28-2019,15:11,28,5,May,,23,Garfield,0,1,0,1,1,2,1,0,8,7,,,,12,0,1,Front-to-Rear,402,1,0,1,No intersection,3,1,1,2,0,0,50,3,US-12,,-117.5644694,46.47478889,99347,1,6,98,Others,50,3,55,14,0,0,1,7,12,1,1,2,1,5,Others,1,1,53,,0,20,481,2016,0,,12,12,2,54,54,54,1,1,37,1,7,,4,7,99,7,11,0,12-01-2020,23:35,1.64E+11,57602,0,0,3,3,1,51,,,,96,,,,,,9,,,,,,98371,53,70,160,6,1,0,0,0,0,,0,,,,,,0,,,99,0,0,0,0,9,8,,,0,,,8,1,2,1,,,1,,,2,1,0,,,,,,,,,,,,,,,,,,,,,,,,,,,,,,0,0,0,0,1,0,0,0,0,0,0,0,0,0,0,0,0,0,0,0,0,0,0,1,1,0,0,0,1,1,1,0,0,0,0,,1,0,0,0,0,0,0,0,0,0,0,0,0,0,0,1,,,,,,36-40,36-45,State route,U,Tuesday,Unknown,PV,White,0,0,0,1,State Route,State Patrol,Washington State Patrol,0,1,0,0,0,,,,,,0,0,0,,,,,,,,,,,98,98,98,1,,,,,20,7,,,,,,,,1,14,,,,,,
2019,164,634088,1,05-28-2019,15:11,28,5,May,,23,Garfield,0,1,0,1,1,2,1,0,8,7,,,,12,0,1,Front-to-Rear,402,1,0,1,No intersection,3,1,1,2,0,0,50,3,US-12,,-117.5644694,46.47478889,99347,1,4,98,Others,50,3,55,80,0,0,1,2,12,1,1,2,1,5,Others,1,1,53,,0,20,25,2014,0,,12,,,,,,1,1,19,2,0,,1,0,3,0,11,5,,,,,0,0,0,3,1,0,,,,96,,,,,,98,,,,,,98902,53,62,118,6,1,0,0,1,0,,0,,,,,,0,07-15-2019,07-15-2019,8,0,0,0,8,9,8,,,0,,,8,8,8,95,,,96,,,8,95,995,,,,,,,,,,,,,,,,,,,,,,,,,,,,,,0,0,0,0,1,1,0,1,0,0,0,0,0,1,0,0,1,0,0,1,0,1,1,1,1,0,0,0,0,1,0,0,0,0,0,,0,0,0,0,0,0,0,0,0,0,0,0,0,0,0,0,,,,,,18-20,16-25,County road,R,Thursday,Belt Used,PV,Not Fatal,0,1,1,0,County Road,County Sheriff,Yakima County Sheriff's Office,0,0,1,0,0,,,,,,0,0,0,,,,,,,,,,,98,98,98,0,,,,,20,7,,,,,,,,1,0,,,YAKIMA VALLEY HIGHWAY,4.03,,
2019,164,634087,1,05-28-2019,15:11,28,5,May,,23,Garfield,0,1,0,1,1,2,1,0,8,7,,,,12,0,1,Front-to-Rear,402,1,0,1,No intersection,3,1,1,2,0,0,50,3,US-12,,-117.5644694,46.47478889,99347,1,3,98,Others,53,3,55,21,0,0,1,7,12,1,1,2,1,5,Others,1,3,53,,0,6,42,1999,0,,68,12,,,,,1,1,25,1,1,,4,7,20,7,11,0,11/26/2020,17:15,53056121,56121,0,0,0,0,1,28,,,,92,,,,,,0,,,,,,98921,53,70,160,0,0,0,0,0,0,,0,,,,,,0,,,20,0,0,0,0,9,8,,,0,,,8,8,2,1,,,1,,,2,1,0.238,,,,,,,,,,,,,,,,,,,,,,,,,,,,,,0,0,0,0,1,1,0,1,0,0,0,0,0,1,0,0,1,0,0,1,0,1,1,1,1,0,0,0,0,1,0,0,0,1,0,,1,0,0,0,0,1,0,1,1,0,0,1,0,1,0,1,,,,,,21-25,16-25,County road,R,Thursday,Not Used,PV,Hispanic,0,1,1,0,County Road,County Sheriff,Yakima County Sheriff's Office,0,0,1,0,0,,,,,,0,0,0,,,,,,,,,,,0,0,0,298,,,,,20,7,,,,,,,,1,0,,,YAKIMA VALLEY HIGHWAY,4.03,,
2019,164,634086,1,05-28-2019,15:11,28,5,May,,23,Garfield,0,1,0,1,1,2,1,0,8,7,,,,12,0,1,Front-to-Rear,402,1,0,1,No intersection,3,1,1,2,0,0,50,3,US-12,,-117.5644694,46.47478889,99347,1,2,21,Others,50,3,55,4,0,0,1,2,12,1,1,2,1,5,Others,2,3,53,,0,12,422,2003,0,,63,8,8,,,,1,1,55,1,0,,0,0,3,0,11,0,,,,,0,0,3,2,1,23,,,,96,,,,,,9,,,,,,98901,53,68,166,1,1,1,1,0,0,,1,7,,,,,0,07-15-2016,03-15-2019,20,0,0,0,8,9,8,,,0,,,8,1,0,0,,,0,,,0,0,996,,,,,,,,,,,,,,,,,,,,,,,,,,,,,,0,0,0,0,1,0,0,0,0,1,0,1,0,1,0,0,0,0,0,0,0,0,0,0,0,0,0,0,0,1,0,1,0,0,0,,0,0,0,0,0,0,0,0,0,0,0,1,0,0,0,1,,,,,,51-55,46-55,City street,U,Friday,Belt Used,PV,Not Fatal,0,0,0,0,City Street,Municipal/City Police,Yakima Police Department,0,0,0,1,0,,,,,,0,0,2,,,,,,,,,,,98,98,98,0,,,,,20,7,,,,,,,,1,0,,,,,,
2019,164,634085,1,05-28-2019,15:11,28,5,May,,23,Garfield,0,1,0,1,1,2,1,0,8,7,,,,12,0,1,Front-to-Rear,402,1,0,1,No intersection,3,1,1,2,0,0,50,3,US-12,,-117.5644694,46.47478889,99347,1,1,20,Others,50,3,55,66,1,0,1,7,12,1,1,2,1,1,Going Straight,1,3,53,,0,59,403,2010,0,,12,,,,,,1,1,53,1,0,,1,0,3,0,11,0,,,,,0,0,0,3,1,0,,,,96,,,,,,0,,,,,,98034,53,73,210,6,1,0,0,0,0,,0,,,,,,0,,,1,0,0,0,8,9,8,,,0,,,8,8,0,0,,,0,,,0,0,996,,,,,,,,,,,,,,,,,,,,,,,,,,,,,,0,0,0,0,1,1,0,1,0,0,0,0,0,0,0,0,0,0,0,1,0,0,0,0,0,0,0,0,0,1,0,0,0,0,0,,0,0,0,0,0,0,0,0,0,0,0,0,0,0,0,0,,,,,,51-55,46-55,County road,U,Friday,Belt Used,PV,Not Fatal,0,1,1,0,County Road,County Sheriff,King County Police,0,0,1,0,0,,,,,,0,0,0,,,,,,,,,,,98,98,98,0,,,,,20,7,,,,,,,,1,0,,,ISSAQUAH HOBART RD,10.474,,
2017,164,632557,159,05-16-2017,15:03,16,5,May,0,5,Benton,1020,1,0,1,1,2,1,0,2,2,,,,12,0,6,Angle,0,2,0,2,4 Way,4,2,4,6,0,0,3,3,W 27TH AVE,S ELY ST,-119.1590167,46.18389722,99337,0,2,87,Others,54,3,35,15,0,0,1,2,12,1,1,4,1,1,Going Straight,1,1,53,,0,12,37,2007,0,,68,12,1,,,,1,1,36,8,1,,4,7,20,7,11,0,11/27/2020,17:47,53058492,58492,0,0,0,3,1,28,58,,,96,,,,,,98,,,,,,98034,53,72,210,6,1,0,0,0,1,,0,,,,,,0,09-15-2018,09-15-2018,20,2,9,0,0,9,8,,,0,,,8,8,2,1,,,1,,,2,1,0.225,,,,,,,,,,,,,,,,,,,,,,,,,,,,,,0,0,0,0,1,1,0,1,0,0,0,0,0,0,0,0,0,0,0,1,0,0,0,0,0,0,0,0,0,1,0,0,0,1,0,,1,0,0,0,0,1,0,1,0,0,0,0,0,1,0,1,,,,,,36-40,36-45,County road,U,Friday,Not Used,PV,Hispanic,0,1,1,0,County Road,County Sheriff,King County Police,0,0,1,0,0,,,,,,0,0,0,,,,,,,,,,,98,98,98,298,,,,,20,7,,,,,,,,1,0,,,ISSAQUAH HOBART RD,10.474,,
2017,164,632556,159,05-16-2017,15:03,16,5,May,0,5,Benton,1020,1,0,1,1,2,1,0,2,2,,,,12,0,6,Angle,0,2,0,2,4 Way,4,2,4,6,0,0,3,3,W 27TH AVE,S ELY ST,-119.1590167,46.18389722,99337,0,1,86,Others,54,3,35,4,0,0,1,2,12,1,1,4,1,1,Going Straight,1,1,53,,0,20,481,2002,0,,8,,,,,,1,1,44,1,0,,0,0,3,0,11,0,,,,,0,0,2,2,1,74,,,,96,,,,,,0,,,,,,98148,53,65,130,1,1,0,1,0,0,,71,89,,,,,0,02-15-2017,08-15-2018,20,0,0,0,8,9,8,,,0,,,8,8,0,0,,,0,,,0,0,996,,,,,,,,,,,,,,,,,,,,,,,,,,,,,,0,0,0,0,0,0,0,0,0,0,0,0,0,1,0,0,0,0,0,0,0,0,0,0,0,0,0,0,0,1,0,1,0,0,0,,0,0,0,0,0,0,0,0,0,0,0,1,0,0,0,0,,,,,,41-45,36-45,County road,R,Sunday,Belt Used,PV,Not Fatal,0,0,0,0,County Road,State Patrol,Washington State Patrol,0,0,1,0,0,,,,,,0,0,1,,,,,,,,,,,98,98,98,0,,,,,20,7,,,,,,,,1,0,,,SLATER RD,0.89,,
2019,164,634089,1,05-28-2019,15:11,28,5,May,,23,Garfield,0,1,0,1,1,2,1,0,8,7,,,,12,0,1,Front-to-Rear,402,1,0,1,No intersection,3,1,1,2,0,0,50,3,US-12,,-117.5644694,46.47478889,99347,1,5,98,Others,50,3,55,80,0,0,1,2,12,1,1,2,1,5,Others,1,9,95,,0,12,481,1999,0,0,63,24,1,3,,,1,1,33,1,7,,4,7,20,7,11,0,06/20/2019,17:00,53028175,28175,0,0,0,3,1,0,0,0,0,96,,,,,,9,,,,,,98381,53,70,150,6,1,0,1,0,0,,0,,,,,,0,05-15-2018,05-15-2018,20,1,9,0,0,1,1,,,0,0,0,1,0,2,605,695,,1,1,,2,1,0,,,,,,,,,,,,,,,,,,,,,,,,,,,,,,0,0,1,0,0,0,1,1,1,0,0,0,0,0,0,0,0,0,0,1,0,0,0,0,0,0,0,0,0,1,0,0,0,1,0,,1,0,0,0,0,0,1,1,0,0,0,0,0,0,1,0,,,,,,31-35,26-35,Other,R,Thursday,Not Used,PV,White,0,0,0,0,Other,,,0,0,0,0,1,thc,7,carboxy-thc,6.3,,0,0,0,,,,,,,,,,,0,0,0,1,,,,,20,7,,,,,,,,,,,,,,,
2019,164,634091,1,05-28-2019,15:11,28,5,May,,23,Garfield,0,1,0,1,1,2,1,0,8,7,,,,12,0,1,Front-to-Rear,402,1,0,1,No intersection,3,1,1,2,0,0,50,3,US-12,,-117.5644694,46.47478889,99347,1,7,98,Others,50,3,55,67,0,0,1,5,12,1,1,2,1,5,Others,1,9,99,,0,37,32,2011,0,,71,14,,,,,1,1,35,1,0,,1,0,99,7,11,5,,,,,0,0,0,2,1,0,,,,96,,,,,,9,,,,,,98813,53,73,220,1,1,0,0,0,0,,97,,,,,,4,,,8,0,0,0,8,9,8,,,0,,,8,1,2,695,605,,1,1,,2,1,0.031,,,,,,,,,,,,,,,,,,,,,,,,,,,,,,0,0,0,1,1,0,1,1,1,0,0,0,1,1,0,0,0,0,0,0,0,0,0,0,0,0,0,0,0,1,1,0,0,0,0,,0,0,0,0,1,0,1,1,0,1,0,1,0,0,0,1,,,,,,31-35,26-35,State route,R,Saturday,Unknown,PV,Not Fatal,1,0,0,0,State Route,County Sheriff,Douglas County Sheriff's Office,0,1,0,0,0,thc,4.5,carboxy-thc,39,,0,0,0,,,,,,,,,,,98,98,98,0,,,,,20,7,,,,,,,,1,0,,,,,,
2018,165,633341,3,06-09-2018,04:23,9,6,June,0,53,Pierce,800,1,0,2,1,2,1,0,2,2,,,,12,0,7,"Sideswipe,Same",12.9,1,0,1,No intersection,3,2,1,3,0,0,0,0,SR-16,,-122.6146528,47.35910556,98332,0,2,44,Others,11,2,60,2,0,0,1,7,42,1,1,2,3,1,Going Straight,1,1,22,,0,12,471,2005,0,,12,,,,,,1,1,56,1,0,,0,0,3,0,11,0,,,,,0,0,3,3,1,0,,,,96,,,,,,0,,,,,,98903,53,72,200,6,1,0,0,0,0,,0,,,,,,0,,,20,0,0,0,8,9,8,,,0,,,8,8,0,0,,,0,,,0,0,996,,,,,,,,,,,,,,,,,,,,,,,,,,,,,,0,0,0,1,0,0,0,0,0,0,0,0,0,0,0,0,0,0,1,0,0,0,0,0,0,1,1,1,0,1,0,0,0,0,0,,0,0,0,0,0,0,0,0,0,0,0,0,0,0,0,0,,,,,,56-60,56-65,City street,U,Monday,Belt Used,PV,Not Fatal,1,0,0,0,City Street,Municipal/City Police,Yakima Police Department,0,0,0,1,0,,,,,,0,0,0,,,,,,,,,,,98,98,98,0,,,,,20,7,,,,,,,,1,0,,,,,,
2017,165,632558,14,05-31-2017,05:14,31,5,May,0,11,Clark,0,10,0,4,1,2,1,0,1,1,,,,38,0,0,No vehicle,9.8,1,0,1,No intersection,5,1,2,4,0,0,0,0,CR-NE CEDAR CREEK RD,,-122.5611972,45.93163056,98674,0,1,6,Drive off road,12,2,50,4,0,0,1,2,1,1,2,2,1,1,Going Straight,1,5,41,,0,37,32,2008,0,,12,,,,,,1,1,88,1,7,,4,0,3,0,11,5,11/17/2020,08:21,1.96E+11,54348,0,0,3,3,1,38,,,,96,,,,,,98,,,,,,98903,53,70,185,6,1,0,0,0,0,,37,,,,,,0,,,8,0,0,0,0,9,8,,,0,,,8,8,0,0,,,0,,,0,0,996,,,,,,,,,,,,,,,,,,,,,,,,,,,,,,0,0,0,1,0,0,0,0,0,0,0,0,0,0,0,0,0,0,1,0,0,0,0,0,0,1,1,1,0,1,0,0,0,0,0,,1,0,0,0,0,0,0,0,0,0,1,0,0,0,0,0,,,,,,81+,76+,City street,U,Monday,Belt Used,PV,White,1,0,0,0,City Street,Municipal/City Police,Yakima Police Department,0,0,0,1,0,,,,,,0,0,0,,,,,,,,,,,98,98,98,1,,,,,20,7,,,,,,,,1,0,,,,,,
2021,165,635604,2,06-01-2021,22:26,1,6,June,,61,Snohomish,0,1,,3,1,2,1,1,2,1,,,,8,0,0,No vehicle,3.6,1,0,1,No intersection,3,2,1,3,0,0,0,0,SR-525,,-122.2789833,47.881275,98087,0,1,13,Pedestrian/Animal,80,5,40,4,0,0,1,5,8,1,1,5,1,1,Going Straight,2,1,53,,0,37,403,2004,0,,68,12,,,,,1,1,35,1,0,,0,0,3,0,11,0,,,,,0,0,0,3,1,0,,,,96,,,,,,0,,,,,,98801,53,65,198,6,1,0,0,0,0,,0,,,,,,0,,,20,0,0,0,8,9,8,,,0,,,8,8,0,0,,,0,,,0,0,996,,,,,,,,,,,,,,,,,,,,,,,,,,,,,,0,0,0,1,0,0,0,0,0,0,0,0,1,0,0,0,0,0,0,0,0,0,0,0,0,0,0,0,0,1,0,0,0,0,0,,0,0,0,0,0,0,0,0,0,0,0,0,0,0,0,0,,,,,,31-35,26-35,County road,U,Saturday,Belt Used,PV,Not Fatal,0,1,1,0,County Road,County Sheriff,Chelan County Sheriff's Office,0,0,1,0,0,,,,,,0,0,0,,,,,,,,,,,98,98,98,0,,,,,20,7,,,,,,,,1,0,,,MALAGA ALCOA HWY,0.55,,
2020,165,634799,339,06-06-2020,21:31,6,6,June,,63,Spokane,2113,1,,3,1,2,1,0,2,2,21:32,21:36,,12,0,6,Angle,0,2,0,2,4 Way,3,2,4,6,0,0,3,3,E SPRAGUE AVE,N PARK RD,-117.3041056,47.65685833,99260,0,2,87,Others,66,4,35,5,0,0,1,5,12,1,8,4,4,1,Going Straight,1,1,53,,0,35,49,2004,0,,63,12,,,,,1,1,31,1,0,,2,0,3,0,11,8,,,,,0,0,3,3,1,0,,,,96,,,,,,0,,,,,,98802,53,65,180,6,1,0,0,0,0,,0,,,,,,0,,,8,0,0,0,8,9,8,,,0,,,8,8,0,0,,,0,,,0,0,996,,,,,,,,,,,,,,,,,,,,,,,,,,,,,,0,0,0,1,0,0,0,0,0,0,0,0,1,0,0,0,0,0,0,0,0,0,0,0,0,0,0,0,0,1,0,0,0,0,0,,0,0,0,0,0,0,0,0,0,0,0,0,0,0,0,0,,,,,,31-35,26-35,County road,U,Saturday,Belt Used,PV,Not Fatal,0,1,1,0,County Road,County Sheriff,Chelan County Sheriff's Office,0,0,1,0,0,,,,,,0,0,0,,,,,,,,,,,98,98,98,0,,,,,20,7,,,,,,,,1,0,,,MALAGA ALCOA HWY,0.55,,
2020,165,634798,339,06-06-2020,21:31,6,6,June,,63,Spokane,2113,1,,3,1,2,1,0,2,2,21:32,21:36,,12,0,6,Angle,0,2,0,2,4 Way,3,2,4,6,0,0,3,3,E SPRAGUE AVE,N PARK RD,-117.3041056,47.65685833,99260,0,1,86,Others,17,2,30,4,0,0,1,5,12,8,8,2,1,1,Going Straight,1,2,53,,0,48,34,1996,0,,63,12,,,,,1,1,55,1,0,,0,0,3,0,11,0,,,,,0,0,0,3,1,0,,,,96,,,,,,0,,,,,,98828,53,63,120,6,1,0,0,0,0,,0,,,,,,0,,,20,0,0,0,8,9,8,,,0,,,8,8,0,0,,,0,,,0,0,996,,,,,,,,,,,,,,,,,,,,,,,,,,,,,,0,0,0,1,0,0,0,0,0,0,0,0,1,0,0,0,0,0,0,0,0,0,0,0,0,0,0,0,0,1,0,0,0,0,0,,0,0,0,0,0,0,0,0,0,0,0,0,0,0,0,0,,,,,,51-55,46-55,County road,U,Saturday,Belt Used,PV,Not Fatal,0,1,1,0,County Road,County Sheriff,Chelan County Sheriff's Office,0,0,1,0,0,,,,,,0,0,0,,,,,,,,,,,0,0,0,0,,,,,20,7,,,,,,,,1,0,,,MALAGA ALCOA HWY,0.55,,
2019,165,634094,8,03-31-2019,02:14,31,3,March,,49,Pacific,0,5,0,2,1,2,1,0,2,2,,,,12,0,2,Front-to-Front,7,1,0,1,No intersection,4,1,1,3,0,0,0,0,SR-6,,-123.6398472,46.61193056,,0,2,51,Lateral Move(Going Straight),62,4,55,2,0,0,1,2,12,1,1,2,1,1,Going Straight,1,1,53,,0,48,38,2008,0,,68,12,68,68,12,68,1,1,26,1,1,,4,7,3,0,11,0,11/21/2020,06:41,53054861,54861,0,0,0,3,1,87,,,,96,,,,,,0,,,,,,98801,53,71,310,6,1,0,0,1,0,,0,,,,,,4,11-15-2020,11-15-2020,1,0,0,0,0,9,8,,,0,,,8,8,2,1,,,1,,,2,1,0,,,,,,,,,,,,,,,,,,,,,,,,,,,,,,0,0,0,1,0,0,0,0,0,0,0,0,1,0,0,0,0,0,0,0,0,0,0,0,0,0,0,0,0,1,0,0,0,0,0,,1,0,0,0,0,0,0,0,0,1,0,0,0,0,0,0,,,,,,26-30,26-35,County road,U,Saturday,Belt Used,PV,Hispanic,0,1,1,0,County Road,County Sheriff,Chelan County Sheriff's Office,0,0,1,0,0,,,,,,0,0,0,,,,,,,,,,,98,98,98,1,,,,,20,7,,,,,,,,1,0,,,MALAGA ALCOA HWY,0.55,,
2019,165,634093,8,03-31-2019,02:14,31,3,March,,49,Pacific,0,5,0,2,1,2,1,0,2,2,,,,12,0,2,Front-to-Front,7,1,0,1,No intersection,4,1,1,3,0,0,0,0,SR-6,,-123.6398472,46.61193056,,0,1,50,Lateral Move(Left/Right),10,2,55,34,0,0,1,2,12,1,1,2,1,1,Going Straight,1,1,53,,0,37,441,2001,0,,8,,,,,,1,1,61,1,0,,0,0,3,0,11,0,,,,,0,0,0,3,1,0,,,,96,,,,,,0,,,,,,98203,53,69,200,6,1,0,1,0,4,,0,,,,,,0,07-15-2016,05-15-2020,20,0,0,0,8,3,2,,,0,,,8,8,0,0,,,0,,,0,0,996,,,,,,,,,,,,,,,,,,,,,,,,,,,,,,0,0,0,1,0,0,0,0,0,1,0,1,0,0,0,0,0,0,0,0,0,0,0,0,0,0,0,0,0,1,0,1,0,0,0,,0,0,0,0,0,0,0,0,0,0,0,0,0,0,0,0,,,,,,61-65,56-65,County road,R,Thursday,Belt Used,PV,Not Fatal,1,0,0,0,County Road,State Patrol,Washington State Patrol,0,0,1,0,0,,,,,,0,0,0,,,,,,,,,,,98,98,98,0,,,,,20,7,,,,,,,,1,0,,,BIRCH BAY LYNDEN RD,3.24,PERCIE RD,0
2018,165,633340,3,06-09-2018,04:23,9,6,June,0,53,Pierce,800,1,0,2,1,2,1,0,2,2,,,,12,0,7,"Sideswipe,Same",12.9,1,0,1,No intersection,3,2,1,3,0,0,0,0,SR-16,,-122.6146528,47.35910556,98332,0,1,45,Others,61,4,60,4,0,0,1,7,12,1,1,2,3,1,Going Straight,1,1,53,,0,49,32,2015,0,,71,43,67,3,,,1,1,20,1,7,,4,7,99,7,11,0,11/22/2020,22:46,2.31E+11,55302,0,0,0,3,1,0,,,,96,,,,,,98,,,,,,85138,4,65,115,6,1,0,0,0,1,,0,,,,,,0,09-15-2018,09-15-2018,8,0,0,0,0,9,8,,,0,,,8,8,2,1,,,1,,,2,1,0.244,,,,,,,,,,,,,,,,,,,,,,,,,,,,,,0,0,0,0,1,1,0,1,0,0,0,0,0,0,0,0,0,0,0,0,0,1,1,0,1,0,0,0,0,1,0,0,0,0,0,,1,0,0,0,0,1,0,1,0,0,0,0,0,1,0,1,,,,,,18-20,16-25,City street,U,Sunday,Unknown,PV,White,0,1,0,0,City Street,Municipal/City Police,Tukwila Police Department,1,0,0,1,0,,,,,,0,0,0,,,,,,,,,,,98,98,98,1,,,,,20,7,,,,,,,,1,0,,,,,,
2021,166,635605,35,06-09-2021,00:36,9,6,June,,53,Pierce,0,1,,2,1,2,1,1,2,1,,,,8,0,0,No vehicle,4.4,1,0,1,No intersection,3,2,2,4,0,0,0,0,CR-224TH ST E,,-122.3102861,47.05325833,98338,0,1,13,Pedestrian/Animal,80,5,45,4,0,0,1,5,8,1,1,2,1,1,Going Straight,2,2,53,,0,37,32,2010,0,,12,68,64,38,,,1,1,80,2,0,,2,0,3,0,11,4,,,,,0,0,0,3,1,0,,,,96,,,,,,0,,,,,,98012,53,62,120,6,1,0,0,0,0,,0,,,,,,0,,,1,0,0,0,8,9,8,,,0,,,8,8,0,0,,,0,,,0,0,996,,,,,,,,,,,,,,,,,,,,,,,,,,,,,,0,0,0,1,0,0,0,0,0,0,0,0,0,0,0,0,0,0,0,0,0,1,1,0,1,1,1,1,0,1,0,0,0,0,0,,0,0,0,0,0,0,0,0,0,0,0,0,0,0,0,0,,,,,,76-80,76+,City street,U,Friday,Belt Used,PV,Not Fatal,1,0,0,0,City Street,Municipal/City Police,Kirkland Police Department,0,0,0,1,0,,,,,,0,0,0,,,,,,,,,,,98,98,98,0,,,,,20,7,,,,,,,,1,0,,,,,,