year,something,Cases,repjur,crash_dt,crash_tm,accday,Month,Month,holiday,county,co_char,city,weather,weather2,lightcond,surfcond,surftype,Number of Fatalities,nmforms,pforms,vforms,not_tm,arr_tm,hosp_tm,fhevent,hitrun,Manner of Collision,Manner of Collision,milepnt,reljunc,reljuncinter,intersectiontype,Intersection Type,funcsystem,landuse,ownership,route,schlbus,spejur,contdev,devfunc,trafid1,trafid2,x,y,zipcode,wk_zone,vnumber,crashtype,Crash Type,criticalevent,criticaleventcat,spdlim,body,trailer,emerg,hazcargo,leave,mhevent,roadalgn,roadprof,traflane,trafflow,Vehicle Manure,Vehicle Manure,numoccs,regowner,regstate,,spuse,make,model,modelyr,vrf1,vrf2,seqevent1,seqevent2,seqevent3,seqevent4,seqevent5,seqevent6,pnumber,ptype,age,sex,hispanic,race,injury,diedscene,restraint,restraintmisuse,seatpos,takehosp,death_dt,death_tm,cert,cernum_wa,commlic,licendor,licrestrict,liccomp,drivpres,drf1,drf2,drf3,drf4,distract1,distract2,distract3,distract4,distract5,distract6,dricond1,dricond2,dricond3,dricond4,dricond5,dricond6,dzip,licstate,drhgt_in,weight,noncdl,noncdltype,prevdwi,prevoth,prevacc,prevspd,prevsus,driviol1,driviol2,driviol3,driviol4,driviol5,driviol6,spdrel,first_dt,last_dt,airbag,ejection,ejectpath,extricat,injurwrk,methalc,methdrug,nmlocat,strikveh,prf1,prf2,prf3,druginv,alcinvol,drugsts,drugres1,drugres2,drugres3,drugtst1,drugtst2,drugtst3,alcsts,alctst,alcres,nmact1,nmact2,nmact3,nmact4,nmact5,nmact6,nmprior1,nmprior2,nmprior3,nmprior4,nmprior5,nmprior6,nmcond1,nmcond2,nmcond3,nmcond4,nmcond5,nmcond6,nmsafe_helmet,nmsafe_pads,nmsafe_oth,nmprev_ref,nmprev_lgt,nmprev_oth,crashlocation,nmcrashtype,crosswalk,schoolzone,sidewalk,train_inv,wildlife_inv,rotr_fars,intersect_fars,Drink and Drive,aid_inv,Drug Positive Drivers,Impaired Drivers,Marijuana Positive,impnm_inv,ainm_inv,dpnm_inv,speed_inv,unlic_inv,unendmc_inv,drowsy_inv,drdist_inv,nmdist_inv,fty_inv,unrestfat_inv,dr1617_inv,dr1820_inv,dr1620_inv,dr2125_inv,dr1625_inv,dr65_inv,dr70_inv,dr75_inv,mc_inv,pv_inv,ht_inv,ped_inv,bike_inv,unrest_fat,mc_fat,unhelmet_mc,pv_fat,ht_fat,ped_fat,bike_fat,dr_alc7,dr_alc8,dr_drug,dr_imp,dr_dist,dr_spd,dr_fty,dr_unlic,dr_alc7only,dr_alc8only,dr_drugonly,dr_drink,nm_imp,nm_alc7,nm_alc8,nm_drug,nm_dist,agegrp1,agegrp2,roadclass,urbrur,dayweek,restuse,vehtype,race_me,intersect,lanedep,oppdir,wrongway,rep_typ,investag,repag_long,rotr,st_rd,cty_rd,city_rd,oth_rd,drug_thc,thc_res,drug_cthc,cthc_res,drug_cann,prevpersemin,prevperse,prevsusoth,drugtst4,drugtst5,drugtst6,drugtst7,drugtst8,drugres4,drugres5,drugres6,drugres7,drugres8,adspresent,adsengaged,adslevel,race1,race2,race3,race4,race5,helmet,helmetmisuse,nmdistract1,nmdistract2,nmdistract3,nmdistract4,nmdistract5,nmdistract6,lab,isedtcase,crf1,crf2,crf3,CoRoadName,CoMP,IntCoRoadName,IntCoMP
2020,166,634800,16,06-05-2020,23:00,5,6,June,,15,Cowlitz,0,1,,2,1,5,1,0,2,1,23:07,23:44,00:49,1,0,0,No vehicle,9999.9,1,0,1,No intersection,96,6,96,8,0,0,0,0,DAVIS PEAK RD,,-122.6471556,45.97331667,,0,1,6,Drive off road,12,2,98,34,0,0,1,5,1,1,2,8,8,1,Going Straight,2,2,53,,0,37,38,2018,0,,12,,,,,,1,1,18,1,0,,0,0,3,0,11,0,,,,,0,0,0,3,1,48,,,,96,,,,,,0,,,,,,98005,53,72,165,6,2,0,0,0,1,,46,,,,,,0,08-15-2019,08-15-2019,8,0,0,0,8,9,8,,,0,,,8,8,0,0,,,0,,,0,0,996,,,,,,,,,,,,,,,,,,,,,,,,,,,,,,0,0,0,1,0,0,0,0,0,0,0,0,0,0,0,0,0,0,0,0,0,1,1,0,1,1,1,1,0,1,0,0,0,0,0,,0,0,0,0,0,0,0,0,0,0,0,0,0,0,0,0,,,,,,18-20,16-25,City street,U,Friday,Belt Used,PV,Not Fatal,1,0,0,0,City Street,Municipal/City Police,Kirkland Police Department,0,0,0,1,0,,,,,,0,0,0,,,,,,,,,,,98,98,98,0,,,,,20,7,,,,,,,,1,0,,,,,,
2019,166,633961,222,03-31-2019,09:33,31,3,March,,67,Thurston,1590,1,0,1,1,1,1,1,1,1,,,,8,0,0,No vehicle,0,3,0,3,T Intersection,3,2,4,6,0,0,0,0,CAPITOL WAY SE,8TH AVE,-122.9011472,47.04150556,98501,0,1,13,Pedestrian/Animal,80,5,98,4,0,0,1,5,8,1,2,4,1,11,Turning Red: Permitted on red,1,1,53,,0,49,403,2019,0,,64,42,,,,,1,1,60,2,7,,4,0,3,0,11,4,11/13/2020,18:06,2.37E+11,54420,0,0,0,3,1,0,,,,96,,,,,,98,,,,,,97023,41,67,220,6,1,0,0,0,3,,0,,,,,,0,07-15-2019,08-15-2020,8,0,0,0,0,9,8,,,0,,,8,8,2,996,321,151,1,1,1,2,1,0,,,,,,,,,,,,,,,,,,,,,,,,,,,,,,0,0,1,0,0,0,1,1,0,0,0,0,0,0,0,0,0,0,0,0,0,0,0,0,0,0,0,0,0,1,0,0,0,0,0,,1,0,0,0,0,0,1,1,0,0,0,0,0,0,1,0,,,,,,56-60,56-65,Interstate,U,Friday,Belt Used,PV,White,0,1,0,0,State Route,State Patrol,Washington State Patrol,1,1,0,0,0,,,,,,0,0,0,1,1,,,,996,996,,,,98,98,98,1,,,,,20,7,,,,,,,,1,0,,,,,,
2018,166,633322,6,06-10-2018,12:37,10,6,June,0,7,Chelan,0,1,0,1,1,2,1,0,2,2,,,,12,0,6,Angle,115.2,2,0,2,4 Way,3,1,1,2,0,0,3,3,US-2,EASY ST,-120.4125361,47.48713889,98801,0,2,86,Others,66,4,60,14,0,0,1,7,12,1,1,5,1,1,Going Straight,1,1,53,,0,20,37,2005,0,,12,63,24,1,,,1,1,60,2,7,,4,7,3,0,11,0,11/18/2020,20:49,53053891,53891,0,0,0,0,1,0,,,,96,,,,,,0,,,,,,98948,53,65,210,0,0,0,0,0,0,,0,,,,,,0,11-15-2016,11-15-2016,20,0,0,0,0,9,8,,,0,,,8,8,2,1,,,14,,,2,4,0.14,,,,,,,,,,,,,,,,,,,,,,,,,,,,,,0,0,0,0,1,1,0,1,0,0,0,0,0,1,0,0,0,0,0,0,0,0,0,0,0,0,0,0,0,1,0,0,0,0,0,,1,0,0,0,0,1,0,1,0,0,0,1,0,1,0,1,,,,,,56-60,56-65,US highway,R,Wednesday,Belt Used,PV,AIAN,0,0,0,0,State Route,State Patrol,Washington State Patrol,0,1,0,0,0,,,,,,0,0,1,,,,,,,,,,,98,98,98,3,,,,,20,7,,,,,,,,1,0,,,,,,
2018,166,633321,6,06-10-2018,12:37,10,6,June,0,7,Chelan,0,1,0,1,1,2,1,0,2,2,,,,12,0,6,Angle,115.2,2,0,2,4 Way,3,1,1,2,0,0,3,3,US-2,EASY ST,-120.4125361,47.48713889,98801,0,1,87,Others,17,2,60,14,0,0,1,7,12,1,1,2,1,3,Others,1,1,53,,0,20,37,2014,0,,12,1,,,,,1,1,32,1,0,,2,0,99,7,11,5,,,,,0,0,2,2,1,74,91,,,96,,,,,,9,,,,,,98944,53,69,230,1,1,2,0,1,0,,1,,,,,,0,06-15-2016,06-15-2019,1,0,0,0,8,1,8,,,0,,,8,1,2,1,,,1,,,2,1,0.23,,,,,,,,,,,,,,,,,,,,,,,,,,,,,,0,0,0,0,1,1,0,1,0,0,0,0,0,1,0,0,0,0,0,0,0,0,0,0,0,0,0,0,0,1,0,0,0,0,0,,0,0,0,0,0,1,0,1,0,0,0,1,0,1,0,1,,,,,,31-35,26-35,US highway,R,Wednesday,Unknown,PV,Not Fatal,0,0,0,0,State Route,State Patrol,Washington State Patrol,0,1,0,0,0,,,,,,0,1,5,,,,,,,,,,,98,98,98,0,,,,,20,7,,,,,,,,1,0,,,,,,
2017,166,631361,290,01-12-2017,15:20,12,1,Jan,0,53,Pierce,2230,1,0,1,1,2,1,0,1,1,15:21,15:52,16:10,33,0,0,No vehicle,0,3,0,2,4 Way,3,2,4,6,0,0,0,0,N 21ST ST,FERDINAND,-122.5023278,47.26735278,98406,0,1,6,Drive off road,12,2,30,4,0,0,1,5,1,1,2,2,3,1,Going Straight,1,1,53,,0,12,481,2013,0,,8,,,,,,1,1,53,1,0,,0,0,3,0,11,0,,,,,0,0,3,3,1,38,,,,96,,,,,,98,,,,,,98597,53,70,200,6,1,0,0,0,0,,46,,,,,,0,,,20,0,0,0,8,9,8,,,0,,,8,8,8,95,,,96,,,8,95,995,,,,,,,,,,,,,,,,,,,,,,,,,,,,,,0,0,0,1,0,0,0,0,0,0,0,0,0,0,0,0,0,0,1,0,0,0,0,0,0,0,0,0,0,1,0,1,0,0,0,,0,0,0,0,0,0,0,0,0,0,1,0,0,0,0,0,,,,,,51-55,46-55,State route,R,Monday,Belt Used,PV,Not Fatal,1,0,0,0,State Route,County Sheriff,Thurston County Sheriff's Office,0,1,0,0,0,,,,,,0,0,0,,,,,,,,,,,98,98,98,0,,,,,20,7,,,,,,,,1,0,,,,,,
2021,167,635606,160,06-08-2021,14:18,8,6,June,,33,King,1030,1,,1,1,2,1,1,1,1,,,,15,0,0,No vehicle,0.2,2,0,2,4 Way,3,2,1,3,0,0,3,3,SR-181,WASHINGTON AVE N,-122.2473611,47.38134722,98032,0,1,13,Pedestrian/Animal,83,5,30,66,1,0,1,5,15,1,1,5,3,10,Others,1,3,53,,0,63,37,2013,0,,12,,,,,,1,1,56,2,0,,3,0,3,0,11,5,,,,,0,0,0,3,1,0,,,,96,,,,,,98,,,,,,98023,53,68,200,6,1,0,0,0,0,,0,,,,,,0,,,8,0,0,0,8,9,8,,,0,,,8,8,0,0,,,0,,,8,95,995,,,,,,,,,,,,,,,,,,,,,,,,,,,,,,0,0,0,0,0,0,1,1,1,0,0,0,1,0,0,0,0,0,0,1,0,0,0,0,0,0,0,0,0,1,0,0,0,0,0,,0,0,0,0,0,0,0,0,0,0,0,0,0,0,0,0,,,,,,56-60,56-65,State route,U,Saturday,Belt Used,PV,Not Fatal,0,1,1,0,State Route,Municipal/City Police,Tacoma Police Department,0,1,0,0,0,,,,,,0,0,0,,,,,,,,,,,98,98,98,0,,,,,20,7,,,,,,,,1,0,,,,,,
2020,167,634802,25,05-31-2020,19:13,31,5,May,,33,King,2005,10,,1,1,2,1,0,3,2,19:22,19:28,19:55,12,0,6,Angle,0,2,0,2,4 Way,4,2,4,6,0,0,3,3,5TH AVE NE,NE 155th St,-122.3237,47.74131944,98155,0,2,89,Others,66,4,35,34,0,0,1,8,12,1,1,2,1,1,Going Straight,2,2,53,,0,35,47,2008,0,,68,12,,,,,1,1,38,1,7,,4,7,20,7,11,0,11/21/2020,14:28,2.23E+11,54621,6,0,0,3,1,28,,,,96,,,,,,98,,,,,,98023,53,73,195,6,1,0,0,2,0,,0,,,,,,3,12-15-2016,06-15-2016,8,0,0,0,0,9,8,,,0,,,8,8,2,695,,,1,,,2,1,0,,,,,,,,,,,,,,,,,,,,,,,,,,,,,,0,0,0,0,0,0,1,1,1,0,0,0,1,0,0,0,0,0,0,1,0,0,0,0,0,0,0,0,0,1,0,0,0,1,0,,1,0,0,0,0,0,1,1,0,1,0,0,0,0,1,0,,,,,,36-40,36-45,State route,U,Saturday,Not Used,PV,Black,0,1,1,0,State Route,Municipal/City Police,Tacoma Police Department,0,1,0,0,0,,,carboxy-thc,14,,0,0,0,,,,,,,,,,,98,98,98,2,,,,,20,7,,,,,,,nms,1,0,,,,,,
2020,167,634801,25,05-31-2020,19:13,31,5,May,,33,King,2005,10,,1,1,2,1,0,3,2,19:22,19:28,19:55,12,0,6,Angle,0,2,0,2,4 Way,4,2,4,6,0,0,3,3,5TH AVE NE,NE 155th St,-122.3237,47.74131944,98155,0,1,88,Striking from the Left,17,2,35,14,0,0,1,8,12,1,1,2,1,1,Going Straight,1,2,53,,0,23,402,2011,0,,12,,,,,,1,1,30,2,0,,2,0,20,7,11,5,,,,,0,0,0,3,1,0,,,,96,,,,,,98,,,,,,98363,53,66,160,6,1,0,1,0,3,,0,,,,,,0,07-15-2016,03-15-2018,20,0,0,0,8,9,8,,,0,,,8,8,8,95,,,96,,,8,95,995,,,,,,,,,,,,,,,,,,,,,,,,,,,,,,0,0,0,1,0,0,0,0,0,0,0,0,1,0,0,0,0,0,0,1,0,0,0,1,1,0,0,0,0,1,0,0,0,0,0,,0,0,0,0,0,0,0,0,0,0,0,0,0,0,0,0,,,,,,26-30,26-35,US highway,U,Friday,Not Used,PV,Not Fatal,1,0,0,0,State Route,State Patrol,Washington State Patrol,0,1,0,0,0,,,,,,0,0,0,,,,,,,,,,,98,98,98,0,,,,,20,7,,,,,,,,1,0,,,,,,
2018,167,633314,6,06-10-2018,23:00,10,6,June,0,37,Kittitas,0,1,0,2,1,1,1,0,3,2,23:06,23:11,,1,0,0,No vehicle,79.8,1,0,1,No intersection,1,1,1,1,0,0,0,0,I-90,,-120.9902917,47.18608611,98943,0,2,98,Others,98,7,70,5,0,0,1,7,12,1,2,2,3,6,Others,2,1,53,,0,20,404,2017,0,,12,,,,,,1,1,32,2,0,,1,0,3,0,11,5,,,,,0,0,0,3,1,0,,,,96,,,,,,98,,,,,,98382,53,65,135,6,1,0,0,0,0,,0,,,,,,0,,,8,0,0,0,8,9,8,,,0,,,8,8,8,95,,,96,,,8,95,995,,,,,,,,,,,,,,,,,,,,,,,,,,,,,,0,0,0,1,0,0,0,0,0,0,0,0,1,0,0,0,0,0,0,1,0,0,0,1,1,0,0,0,0,1,0,0,0,0,0,,0,0,0,0,0,0,0,0,0,0,0,0,0,0,0,0,,,,,,31-35,26-35,US highway,U,Friday,Belt Used,PV,Not Fatal,1,0,0,0,State Route,State Patrol,Washington State Patrol,0,1,0,0,0,,,,,,0,0,0,,,,,,,,,,,98,98,98,0,,,,,20,7,,,,,,,,1,0,,,,,,
2018,167,633313,6,06-10-2018,23:00,10,6,June,0,37,Kittitas,0,1,0,2,1,1,1,0,3,2,23:06,23:11,,1,0,0,No vehicle,79.8,1,0,1,No intersection,1,1,1,1,0,0,0,0,I-90,,-120.9902917,47.18608611,98943,0,1,6,Drive off road,6,1,70,4,0,0,1,2,1,1,2,2,3,6,Others,1,1,53,,0,41,35,2002,0,,12,12,,,,,1,1,23,1,7,,4,0,20,7,11,1,11/22/2020,00:33,69053056266,56266,0,0,0,3,1,39,,,,96,,,,,,98,,,,,,98382,53,71,165,6,1,0,0,0,0,,2,,,,,,3,,,1,0,0,0,0,9,8,,,0,,,8,8,8,95,,,96,,,8,95,995,,,,,,,,,,,,,,,,,,,,,,,,,,,,,,0,0,0,1,0,0,0,0,0,0,0,0,1,0,0,0,0,0,0,1,0,0,0,1,1,0,0,0,0,1,0,0,0,1,0,,1,0,0,0,0,0,0,0,0,1,0,0,0,0,0,0,,,,,,21-25,16-25,US highway,U,Friday,Not Used,PV,White,1,0,0,0,State Route,State Patrol,Washington State Patrol,0,1,0,0,0,,,,,,0,0,0,,,,,,,,,,,98,98,98,1,,,,,20,7,,,,,,,,1,0,,,,,,
2017,167,632348,127,01-15-2017,04:42,15,1,Jan,2,33,King,735,1,0,3,1,2,1,1,2,1,,,,8,0,0,No vehicle,0,1,0,1,No intersection,3,2,4,6,0,0,0,0,S 288TH ST,,-122.2950861,47.34335556,98003,0,1,13,Pedestrian/Animal,80,5,98,4,0,0,1,5,8,1,2,4,1,1,Going Straight,2,2,53,,0,20,481,2003,0,,12,,,,,,1,1,52,1,0,,0,0,3,0,11,0,,,,,0,0,0,3,1,0,,,,96,,,,,,98,,,,,,98277,53,68,132,6,1,0,0,1,1,,0,,,,,,0,11-15-2016,11-15-2018,20,0,0,0,8,9,8,,,0,,,8,8,8,95,,,96,,,8,95,995,,,,,,,,,,,,,,,,,,,,,,,,,,,,,,0,0,0,1,0,0,0,0,0,0,0,0,0,0,0,0,0,0,1,1,0,0,0,0,0,1,1,1,0,1,0,0,0,0,0,,0,0,0,0,0,0,0,0,0,0,0,0,0,0,0,0,,,,,,51-55,46-55,City street,U,Thursday,Belt Used,PV,Not Fatal,1,0,0,0,City Street,State Patrol,Washington State Patrol,0,0,0,1,0,,,,,,0,0,0,,,,,,,,,,,98,98,98,0,,,,,20,7,,,,,,,,1,0,,,,,,
2021,168,635610,250,06-09-2021,16:12,9,6,June,,5,Benton,1850,1,,1,1,2,1,0,4,3,,,,12,0,7,"Sideswipe,Same",0,1,0,1,No intersection,4,2,4,6,0,0,0,0,LESLIE RD,,-119.2607028,46.23605,99352,0,1,47,Others,10,2,35,4,0,0,1,5,12,2,3,3,1,6,Others,2,1,41,,0,42,43,1998,0,,12,,,,,,1,1,93,1,7,,4,0,20,7,11,0,11-12-2020,22:57,47053053127,53127,0,0,3,3,1,38,,,,96,,,,,,98,,,,,,98277,53,72,204,6,1,0,0,0,0,,46,,,,,,0,,,20,0,0,0,0,9,8,,,0,,,8,8,8,95,,,96,,,8,95,995,,,,,,,,,,,,,,,,,,,,,,,,,,,,,,0,0,0,1,0,0,0,0,0,0,0,0,0,0,0,0,0,0,1,1,0,0,0,0,0,1,1,1,0,1,0,0,0,1,0,,1,0,0,0,0,0,0,0,0,0,1,0,0,0,0,0,,,,,,81+,76+,City street,U,Thursday,Not Used,PV,White,1,0,0,0,City Street,State Patrol,Washington State Patrol,0,0,0,1,0,,,,,,0,0,0,,,,,,,,,,,0,0,0,1,,,,,20,7,,,,,,,,1,0,,,,,,
2021,168,635612,250,06-09-2021,16:12,9,6,June,,5,Benton,1850,1,,1,1,2,1,0,4,3,,,,12,0,7,"Sideswipe,Same",0,1,0,1,No intersection,4,2,4,6,0,0,0,0,LESLIE RD,,-119.2607028,46.23605,99352,0,3,45,Others,61,4,35,34,0,0,1,5,12,2,3,3,1,14,Making a U turn,1,1,53,,0,23,481,2007,0,,12,,,,,,1,1,37,1,0,,0,0,99,7,11,0,,,,,0,0,3,3,1,0,,,,96,,,,,,0,,,,,,98604,53,74,190,6,1,0,1,0,0,,0,,,,,,0,07-15-2020,07-15-2020,1,0,0,0,8,9,8,,,0,,,8,8,0,0,,,0,,,0,0,996,,,,,,,,,,,,,,,,,,,,,,,,,,,,,,0,0,0,1,0,0,0,0,0,0,0,0,0,0,0,0,0,0,1,0,1,0,1,0,1,0,0,0,0,1,0,0,0,0,0,,0,0,0,0,0,0,0,0,0,0,0,0,0,0,0,0,,,,,,36-40,36-45,County road,U,Saturday,Unknown,PV,Not Fatal,1,0,0,0,County Road,County Sheriff,Clark County Sheriff's Office,0,0,1,0,0,,,,,,0,0,0,,,,,,,,,,,98,98,98,0,,,,,20,7,,,,,,,,1,0,,,NE 72ND AVE,4.27,NE 139TH ST,1.75
2021,168,635611,250,06-09-2021,16:12,9,6,June,,5,Benton,1850,1,,1,1,2,1,0,4,3,,,,12,0,7,"Sideswipe,Same",0,1,0,1,No intersection,4,2,4,6,0,0,0,0,LESLIE RD,,-119.2607028,46.23605,99352,0,2,98,Others,62,4,35,14,0,0,1,5,12,3,3,3,1,14,Making a U turn,1,1,53,,0,37,31,2007,0,,12,63,18,,,,1,1,16,1,0,,3,0,3,0,11,5,,,,,0,0,2,3,1,38,73,,,96,,,,,,0,,,,,,98682,53,70,145,6,2,0,0,0,0,,97,,,,,,0,,,20,0,0,0,8,9,8,,,0,,,8,8,0,0,,,0,,,0,0,996,,,,,,,,,,,,,,,,,,,,,,,,,,,,,,0,0,0,1,0,0,0,0,0,0,0,0,0,0,0,0,0,0,1,0,1,0,1,0,1,0,0,0,0,1,0,0,0,0,0,,0,0,0,0,0,0,0,0,0,0,1,0,0,0,0,0,,,,,,16-17,16-25,County road,U,Saturday,Belt Used,PV,Not Fatal,1,0,0,0,County Road,County Sheriff,Clark County Sheriff's Office,0,0,1,0,0,,,,,,0,0,0,,,,,,,,,,,98,98,98,0,,,,,20,7,,,,,,,,1,0,,,NE 72ND AVE,4.27,NE 139TH ST,1.75
2020,168,634803,35,06-09-2020,06:11,9,6,June,,53,Pierce,0,2,,2,2,2,1,0,1,1,,,,42,0,0,No vehicle,10.5,1,0,1,No intersection,4,1,2,4,0,0,0,0,CR-ORVILLE RD E,,-122.2109361,47.02218056,98360,0,1,1,Driver Off Road,13,2,35,4,0,0,1,5,42,1,1,2,1,1,Going Straight,1,3,53,,0,49,401,2019,0,,8,,,,,,1,1,20,2,0,,0,0,3,0,11,0,,,,,0,0,0,3,1,0,,,,96,,,,,,0,,,,,,99202,53,69,192,6,1,0,0,1,3,,0,,,,,,0,07-15-2016,10-15-2018,20,0,0,0,8,3,2,,,0,,,8,8,0,0,,,0,,,0,0,996,,,,,,,,,,,,,,,,,,,,,,,,,,,,,,0,0,0,1,0,0,0,0,0,1,0,1,0,0,0,0,0,0,0,0,0,1,1,0,1,0,0,0,0,1,0,1,0,0,0,,0,0,0,0,0,0,0,0,0,0,0,0,0,0,0,0,,,,,,18-20,16-25,City street,U,Thursday,Belt Used,PV,Not Fatal,1,0,0,0,City Street,Municipal/City Police,Spokane Police Department,0,0,0,1,0,,,,,,0,0,2,,,,,,,,,,,98,98,98,0,,,,,20,7,,,,,,,,1,0,,,,,,
2019,168,633983,25,03-29-2019,03:21,29,3,March,,33,King,0,1,0,3,1,1,1,0,1,1,,,,1,0,0,No vehicle,6.9,1,0,1,No intersection,5,2,2,4,0,0,0,0,CR-E VALLEY HWY,,-122.2494889,47.3537,98032,0,1,1,Driver Off Road,13,2,98,2,0,0,1,7,1,1,1,2,1,1,Going Straight,1,2,53,,0,37,32,1998,0,,12,,,,,,1,1,47,1,0,,1,0,99,7,11,5,,,,,0,0,0,2,1,54,91,,,96,,,,,,98,,,,,,98501,53,72,200,1,1,1,1,0,1,,1,,,,,,0,05-15-2015,12-15-2020,8,0,0,0,8,3,8,,,0,,,8,8,0,0,,,0,,,0,0,996,,,,,,,,,,,,,,,,,,,,,,,,,,,,,,0,0,0,0,0,0,0,0,0,0,0,0,0,1,0,0,0,0,0,0,0,0,0,0,0,1,0,0,0,1,0,0,0,0,0,,0,0,0,0,0,0,0,0,0,0,0,1,0,0,0,0,,,,,,46-50,46-55,State route,U,Wednesday,Unknown,PV,Not Fatal,0,0,0,0,State Route,State Patrol,Washington State Patrol,0,1,0,0,0,,,,,,0,0,6,,,,,,,,,,,0,0,0,0,,,,,20,7,,,,,,,,1,23,,,,,,
2018,168,633296,40,06-02-2018,21:08,2,6,June,0,63,Spokane,0,1,0,5,1,2,1,0,3,1,21:23,21:44,22:06,53,0,0,No vehicle,9,1,0,1,No intersection,7,1,2,4,0,0,0,0,CR-SOUTH BANK RD,,-117.6566639,47.82856389,99026,0,1,7,Control/Traction Loss,6,1,35,34,0,0,1,5,42,1,1,2,1,6,Others,3,1,53,,0,12,481,2015,0,,12,,,,,,1,1,66,1,0,,0,0,3,0,11,0,,,,,6,0,0,3,1,0,,,,96,,,,,,0,,,,,,98367,53,70,250,6,1,0,0,2,0,,0,,,,,,0,12-15-2016,02-15-2017,8,0,0,0,8,9,8,,,0,,,8,8,0,0,,,0,,,0,0,996,,,,,,,,,,,,,,,,,,,,,,,,,,,,,,0,0,0,0,0,0,0,0,0,0,0,0,0,1,0,0,0,0,0,0,0,0,0,0,0,1,0,0,0,1,0,0,0,0,0,,0,0,0,0,0,0,0,0,0,0,0,0,0,0,0,0,,,,,,66-70,66-75,State route,U,Wednesday,Belt Used,PV,Not Fatal,0,0,0,0,State Route,State Patrol,Washington State Patrol,0,1,0,0,0,,,,,,0,0,0,,,,,,,,,,,98,98,98,0,,,,,20,7,,,,,,,,1,23,,,,,,
2017,168,632388,67,02-11-2017,20:20,11,2,Feb,0,35,Kitsap,180,1,0,3,2,2,1,0,1,1,,,,39,0,0,No vehicle,0,1,0,1,No intersection,4,2,4,6,0,0,0,0,KITSAY WA,,-122.6946778,47.57798611,98312,0,1,2,Control/Traction Loss,6,1,35,3,0,0,1,5,39,1,1,4,1,1,Going Straight,1,1,53,,6,12,870,2017,0,,63,20,,,,,1,1,25,1,0,,0,0,3,0,11,0,,,,,0,0,0,3,1,94,,,,12,,,,,,98,,,,,,98107,53,74,185,6,1,0,0,0,0,,97,,,,,,0,,,8,0,0,0,8,9,8,,,0,,,8,8,8,95,,,96,,,8,95,995,,,,,,,,,,,,,,,,,,,,,,,,,,,,,,0,0,1,0,0,0,0,0,0,0,0,0,0,0,0,0,1,0,0,0,0,0,0,1,1,0,0,0,0,0,1,0,0,0,0,,0,0,0,0,0,0,0,0,1,0,0,0,0,0,0,0,,,,,,21-25,16-25,Interstate,U,Wednesday,,MHTRUCK,Not Fatal,0,1,0,0,State Route,Municipal/City Police,Everett Police Department,1,1,0,0,0,,,,,,0,0,0,,,,,,,,,,,98,98,98,0,,,,,20,7,,,,,,,,1,0,,,,,,
2021,169,635613,6,06-09-2021,10:09,9,6,June,,25,Grant,0,1,,1,1,2,1,0,1,1,,,,38,0,0,No vehicle,54.8,1,0,1,No intersection,4,1,1,3,0,0,0,0,SR-28,,-119.5120694,47.35788333,98851,0,1,6,Drive off road,12,2,60,1,0,0,1,2,1,1,1,4,5,1,Going Straight,1,1,53,,0,12,401,2018,0,,12,,,,,,1,1,39,1,0,,3,0,3,0,11,5,,,,,0,0,0,3,1,16,,,,96,,,,,,0,,,,,,99006,53,71,215,6,1,0,0,1,0,,0,,,,,,0,01-15-2018,01-15-2018,8,0,0,0,8,9,8,,,0,,,8,8,0,0,,,0,,,0,0,996,,,,,,,,,,,,,,,,,,,,,,,,,,,,,,0,0,0,0,0,0,0,0,0,0,0,0,1,0,0,0,0,0,0,0,0,0,0,0,0,1,1,1,0,1,0,0,0,0,0,,0,0,0,0,0,0,0,0,0,0,0,0,0,0,0,0,,,,,,36-40,36-45,US highway,R,Wednesday,Belt Used,PV,Not Fatal,0,1,1,0,State Route,State Patrol,Washington State Patrol,0,1,0,0,0,,,,,,0,0,0,,,,,,,,,,,98,98,98,0,,,,,20,7,,,,,,,,1,0,,,,,,
2020,169,634805,35,06-08-2020,15:30,8,6,June,,53,Pierce,0,1,,1,1,2,1,0,2,2,15:32,15:38,,12,0,2,Front-to-Front,0,1,0,1,No intersection,5,2,2,4,0,0,0,0,CR-38TH AVE E,,-122.3765028,47.105175,98446,0,2,51,Lateral Move(Going Straight),62,4,35,61,0,0,1,5,12,3,1,2,1,14,Making a U turn,1,3,53,,0,12,471,2003,0,,68,12,,,,,1,1,80,1,7,,4,7,3,0,11,0,11/18/2020,07:18,53054522,54522,0,0,0,3,1,28,87,,,96,,,,,,0,,,,,,99101,53,69,185,6,1,0,0,0,2,,0,,,,,,4,03-15-2017,12-15-2020,1,0,0,0,0,9,8,,,0,,,8,8,2,1,,,14,,,2,4,0,,,,,,,,,,,,,,,,,,,,,,,,,,,,,,0,0,0,0,0,0,0,0,0,0,0,0,1,0,0,0,0,0,0,0,0,0,0,0,0,1,1,1,0,1,0,0,0,0,0,,1,0,0,0,0,0,0,0,0,1,0,0,0,0,0,0,,,,,,76-80,76+,US highway,R,Wednesday,Belt Used,PV,White,0,1,1,0,State Route,State Patrol,Washington State Patrol,0,1,0,0,0,,,,,,0,0,0,,,,,,,,,,,98,98,98,1,,,,,20,7,,,,,,,,1,0,,,,,,