year,something,Cases,repjur,crash_dt,crash_tm,accday,Month,Month,holiday,county,co_char,city,weather,weather2,lightcond,surfcond,surftype,Number of Fatalities,nmforms,pforms,vforms,not_tm,arr_tm,hosp_tm,fhevent,hitrun,Manner of Collision,Manner of Collision,milepnt,reljunc,reljuncinter,intersectiontype,Intersection Type,funcsystem,landuse,ownership,route,schlbus,spejur,contdev,devfunc,trafid1,trafid2,x,y,zipcode,wk_zone,vnumber,crashtype,Crash Type,criticalevent,criticaleventcat,spdlim,body,trailer,emerg,hazcargo,leave,mhevent,roadalgn,roadprof,traflane,trafflow,Vehicle Manure,Vehicle Manure,numoccs,regowner,regstate,,spuse,make,model,modelyr,vrf1,vrf2,seqevent1,seqevent2,seqevent3,seqevent4,seqevent5,seqevent6,pnumber,ptype,age,sex,hispanic,race,injury,diedscene,restraint,restraintmisuse,seatpos,takehosp,death_dt,death_tm,cert,cernum_wa,commlic,licendor,licrestrict,liccomp,drivpres,drf1,drf2,drf3,drf4,distract1,distract2,distract3,distract4,distract5,distract6,dricond1,dricond2,dricond3,dricond4,dricond5,dricond6,dzip,licstate,drhgt_in,weight,noncdl,noncdltype,prevdwi,prevoth,prevacc,prevspd,prevsus,driviol1,driviol2,driviol3,driviol4,driviol5,driviol6,spdrel,first_dt,last_dt,airbag,ejection,ejectpath,extricat,injurwrk,methalc,methdrug,nmlocat,strikveh,prf1,prf2,prf3,druginv,alcinvol,drugsts,drugres1,drugres2,drugres3,drugtst1,drugtst2,drugtst3,alcsts,alctst,alcres,nmact1,nmact2,nmact3,nmact4,nmact5,nmact6,nmprior1,nmprior2,nmprior3,nmprior4,nmprior5,nmprior6,nmcond1,nmcond2,nmcond3,nmcond4,nmcond5,nmcond6,nmsafe_helmet,nmsafe_pads,nmsafe_oth,nmprev_ref,nmprev_lgt,nmprev_oth,crashlocation,nmcrashtype,crosswalk,schoolzone,sidewalk,train_inv,wildlife_inv,rotr_fars,intersect_fars,Drink and Drive,aid_inv,Drug Positive Drivers,Impaired Drivers,Marijuana Positive,impnm_inv,ainm_inv,dpnm_inv,speed_inv,unlic_inv,unendmc_inv,drowsy_inv,drdist_inv,nmdist_inv,fty_inv,unrestfat_inv,dr1617_inv,dr1820_inv,dr1620_inv,dr2125_inv,dr1625_inv,dr65_inv,dr70_inv,dr75_inv,mc_inv,pv_inv,ht_inv,ped_inv,bike_inv,unrest_fat,mc_fat,unhelmet_mc,pv_fat,ht_fat,ped_fat,bike_fat,dr_alc7,dr_alc8,dr_drug,dr_imp,dr_dist,dr_spd,dr_fty,dr_unlic,dr_alc7only,dr_alc8only,dr_drugonly,dr_drink,nm_imp,nm_alc7,nm_alc8,nm_drug,nm_dist,agegrp1,agegrp2,roadclass,urbrur,dayweek,restuse,vehtype,race_me,intersect,lanedep,oppdir,wrongway,rep_typ,investag,repag_long,rotr,st_rd,cty_rd,city_rd,oth_rd,drug_thc,thc_res,drug_cthc,cthc_res,drug_cann,prevpersemin,prevperse,prevsusoth,drugtst4,drugtst5,drugtst6,drugtst7,drugtst8,drugres4,drugres5,drugres6,drugres7,drugres8,adspresent,adsengaged,adslevel,race1,race2,race3,race4,race5,helmet,helmetmisuse,nmdistract1,nmdistract2,nmdistract3,nmdistract4,nmdistract5,nmdistract6,lab,isedtcase,crf1,crf2,crf3,CoRoadName,CoMP,IntCoRoadName,IntCoMP
2020,169,634804,35,06-08-2020,15:30,8,6,June,,53,Pierce,0,1,,1,1,2,1,0,2,2,15:32,15:38,,12,0,2,Front-to-Front,0,1,0,1,No intersection,5,2,2,4,0,0,0,0,CR-38TH AVE E,,-122.3765028,47.105175,98446,0,1,50,Lateral Move(Left/Right),10,2,35,80,0,0,1,2,12,2,1,2,1,14,Making a U turn,1,1,53,,0,72,706,2017,0,,12,,,,,,1,1,61,1,7,,4,0,20,7,11,5,11/13/2020,03:43,1.96E+11,53444,0,0,0,3,1,0,,,,96,,,,,,0,,,,,,98070,53,73,210,6,1,0,0,0,0,,0,,,,,,0,,,20,8,0,0,0,9,8,,,0,,,8,8,2,996,,,1,,,2,1,0,,,,,,,,,,,,,,,,,,,,,,,,,,,,,,0,0,0,0,0,0,1,1,0,0,0,0,0,0,0,0,0,0,1,0,0,0,0,0,0,1,1,1,1,1,0,0,0,0,1,0,0,0,0,0,0,0,1,1,0,0,0,0,0,0,1,0,,,,,,61-65,56-65,State route,U,Thursday,,MC,White,0,0,0,0,State Route,Municipal/City Police,Puyallup Police Department,0,1,0,0,0,,,,,,0,0,0,,,,,,,,,,,0,0,0,1,,,,,5,0,,,,,,,,0,0,,,,,,
2019,169,634095,2,06-03-2019,01:36,3,6,June,,57,Skagit,0,1,0,2,1,2,1,0,3,1,,,,42,0,0,No vehicle,109.2,1,0,1,No intersection,4,1,1,3,0,0,0,0,SR-20,,-121.4078667,48.57478056,98267,0,1,1,Driver Off Road,13,2,50,34,0,0,1,2,42,3,1,2,1,14,Making a U turn,3,2,53,,0,48,44,2003,0,,12,,,,,,1,1,76,2,0,,1,0,3,0,11,5,,,,,0,0,0,3,1,38,48,,,96,,,,,,9,,,,,,98371,53,67,125,6,1,0,0,0,0,,97,,,,,,0,,,20,0,0,0,8,9,8,,,0,,,1,8,8,95,,,96,,,8,95,995,,,,,,,,,,,,,,,,,,,,,,,,,,,,,,0,0,0,0,0,0,1,1,0,0,0,0,0,0,0,0,0,0,1,0,0,0,0,0,0,1,1,1,1,1,0,0,0,0,0,,0,0,0,0,0,0,0,0,0,0,1,0,0,0,0,0,,,,,,76-80,76+,State route,U,Thursday,Belt Used,PV,Not Fatal,0,0,0,0,State Route,Municipal/City Police,Puyallup Police Department,0,1,0,0,0,,,,,,0,0,0,,,,,,,,,,,98,98,98,0,,,,,20,7,,,,,,,,0,0,,,,,,
2018,169,633297,55,06-02-2018,15:17,2,6,June,0,33,King,100,1,0,1,1,2,1,1,1,1,,,,9,0,0,No vehicle,2.1,3,0,3,T Intersection,3,2,1,3,0,3,4,3,SR-164,FIR ST E,-122.1894639,47.28825278,98092,0,1,13,Pedestrian/Animal,83,5,35,4,0,0,1,7,9,1,1,4,2,1,Going Straight,1,2,53,,0,49,472,2001,0,,8,,,,,,1,1,75,2,0,,0,0,99,7,11,0,,,,,0,0,3,3,1,10,38,,,0,,,,,,0,,,,,,98070,53,65,140,6,1,0,0,0,0,,0,,,,,,0,,,20,0,0,0,8,9,8,,,0,,,8,8,8,95,,,96,,,8,95,995,,,,,,,,,,,,,,,,,,,,,,,,,,,,,,0,0,0,1,0,0,0,0,0,1,0,1,0,0,0,0,0,0,1,0,0,0,0,0,0,1,1,1,0,1,0,1,0,0,0,,0,0,0,0,0,0,0,0,0,0,1,0,0,0,0,0,,,,,,71-75,66-75,County road,R,Saturday,Unknown,PV,Not Fatal,1,0,0,0,County Road,County Sheriff,King County Police,0,0,1,0,0,,,,,,0,0,0,,,,,,,,,,,98,98,98,0,,,,,20,7,,,,,,,,1,0,,,SW BANK RD,0.551,100 AVE SW,0.12
2017,169,632412,315,02-17-2017,17:19,17,2,Feb,0,7,Chelan,2460,10,0,1,8,2,1,0,1,1,,,,30,0,0,No vehicle,0,1,0,1,No intersection,4,2,4,6,0,0,0,0,N WESTERN AVE,,-120.3462306,47.44208611,98801,0,1,1,Driver Off Road,8,1,35,20,0,0,1,5,30,1,1,2,1,1,Going Straight,1,1,53,,0,41,471,1996,0,,63,8,,,,,1,1,75,1,0,,0,0,99,7,11,0,,,,,0,0,3,3,1,0,,,,96,,,,,,98,,,,,,98370,53,67,170,6,1,0,1,0,1,,7,,,,,,0,02-15-2019,02-15-2020,1,0,0,0,8,9,8,,,0,,,8,8,0,0,,,0,,,0,0,996,,,,,,,,,,,,,,,,,,,,,,,,,,,,,,0,0,0,0,0,0,0,0,0,1,0,1,0,0,0,0,0,0,0,0,0,0,0,0,0,1,1,1,0,1,0,1,0,0,0,,0,0,0,0,0,0,0,0,0,0,0,0,0,0,0,0,,,,,,71-75,66-75,County road,R,Tuesday,Unknown,PV,Not Fatal,0,0,0,0,County Road,County Sheriff,Kitsap County Sheriff's Office,0,0,1,0,0,,,,,,0,0,0,,,,,,,,,,,0,0,0,0,,,,,20,7,,,,,,,,1,0,,,SUQUAMISH WAY NE,1.161,,
2021,170,635616,8,06-07-2021,16:38,7,6,June,,27,Grays Harbor,0,1,,1,1,2,2,0,2,2,,,,12,0,2,Front-to-Front,39.6,1,0,1,No intersection,4,1,1,3,0,0,0,0,SR-105,,-123.9581083,46.917725,,0,2,51,Lateral Move(Going Straight),62,4,50,4,0,0,1,2,12,1,1,2,1,1,Going Straight,1,1,53,,0,23,481,2007,0,,8,,,,,,1,1,24,1,0,,0,0,3,0,11,0,,,,,0,0,0,0,1,0,,,,96,,,,,,9,,,,,,99208,53,72,220,0,0,0,0,1,0,,12,,,,,,0,11-15-2017,11-15-2020,20,0,0,0,8,9,2,,,0,,,1,8,8,95,,,96,,,8,95,995,,,,,,,,,,,,,,,,,,,,,,,,,,,,,,0,0,0,1,0,0,0,0,0,1,1,0,0,1,0,0,0,0,0,0,0,0,0,1,1,0,0,0,0,1,0,1,0,0,0,,0,0,0,0,0,0,0,0,0,0,0,1,0,0,0,0,,,,,,21-25,16-25,City street,U,Saturday,Belt Used,PV,Not Fatal,0,0,0,0,City Street,Municipal/City Police,Spokane Police Department,0,0,0,1,0,,,,,,0,0,1,,,,,,,,,,,98,98,98,0,,,,,20,7,,,,,,,,0,0,,,,,,
2021,170,635615,8,06-07-2021,16:38,7,6,June,,27,Grays Harbor,0,1,,1,1,2,2,0,2,2,,,,12,0,2,Front-to-Front,39.6,1,0,1,No intersection,4,1,1,3,0,0,0,0,SR-105,,-123.9581083,46.917725,,0,1,50,Lateral Move(Left/Right),10,2,55,4,0,0,1,2,12,1,1,2,1,1,Going Straight,1,1,53,,0,48,34,1990,0,,8,8,,,,,1,1,41,1,0,,0,0,99,7,11,0,,,,,0,0,0,3,1,10,38,,,0,,,,,,98,,,,,,98382,53,70,135,6,1,0,2,0,0,,0,,,,,,0,09-15-2019,09-15-2019,20,0,0,0,8,9,8,,,0,,,8,8,8,95,,,96,,,8,95,995,,,,,,,,,,,,,,,,,,,,,,,,,,,,,,0,0,0,0,0,0,0,0,0,0,0,0,0,0,0,0,0,0,1,0,0,0,0,0,0,0,0,0,0,1,0,1,0,0,0,,0,0,0,0,0,0,0,0,0,0,1,0,0,0,0,0,,,,,,41-45,36-45,City street,U,Saturday,Unknown,PV,Not Fatal,0,0,0,0,City Street,Municipal/City Police,Sequim Police Department,0,0,0,1,0,,,,,,0,0,0,,,,,,,,,,,0,0,0,0,,,,,20,7,,,,,,,,1,0,,,,,,
2020,170,634806,2,06-04-2020,02:02,4,6,June,,61,Snohomish,0,1,,2,1,2,1,1,1,1,,,,8,0,0,No vehicle,201.1,1,0,1,No intersection,1,2,1,1,0,0,0,0,I-5,,-122.1846667,48.08123056,98271,0,1,13,Pedestrian/Animal,80,5,60,20,0,0,1,2,8,1,1,3,3,1,Going Straight,1,2,53,,0,12,481,2018,0,,12,,,,,,1,1,45,1,0,,0,0,3,0,11,0,,,,,6,0,0,3,1,0,,,,96,,,,,,0,,,,,,98937,53,67,245,6,1,0,2,0,0,,0,,,,,,0,05-15-2016,02-15-2016,20,0,0,0,8,9,8,,,0,,,8,8,0,0,,,0,,,0,0,996,,,,,,,,,,,,,,,,,,,,,,,,,,,,,,0,0,0,1,0,0,0,0,0,0,0,0,0,1,1,0,0,0,0,0,0,0,0,0,0,0,0,0,1,1,0,0,0,0,0,,0,0,0,0,0,0,0,0,0,0,0,0,0,0,0,0,,,,,,41-45,36-45,City street,U,Thursday,Belt Used,PV,Not Fatal,1,0,0,0,City Street,County Sheriff,Yakima County Sheriff's Office,0,0,0,1,0,,,,,,0,0,0,,,,,,,,,,,98,98,98,0,,,,,20,7,,,,,,,,1,0,,,,,,
2019,170,634097,7,06-06-2019,00:20,6,6,June,,33,King,1030,1,0,2,1,2,1,0,3,3,,,,45,0,0,No vehicle,23.8,1,0,1,No intersection,3,2,1,3,0,0,0,0,SR-167,,-122.220825,47.41344167,98031,1,3,98,Others,61,4,60,6,0,0,1,7,12,1,1,3,3,1,Going Straight,1,1,53,,0,76,701,2006,0,,12,,,,,,1,1,55,1,7,,4,0,20,7,11,5,11-12-2020,16:10,2.59E+11,53060,0,0,0,0,1,48,,,,96,,,,,,0,,,,,,98937,53,62,285,0,0,99,99,99,99,,0,,,,,,0,,,20,8,0,0,0,9,8,,,0,,,8,8,2,1,,,1,,,2,1,0,,,,,,,,,,,,,,,,,,,,,,,,,,,,,,0,0,0,1,0,0,0,0,0,0,0,0,0,1,1,0,0,0,0,0,0,0,0,0,0,0,0,0,1,1,0,0,0,0,1,0,0,0,0,0,0,0,0,0,0,0,0,1,0,0,0,0,,,,,,51-55,46-55,City street,U,Thursday,,OTHMC,White,1,0,0,0,City Street,County Sheriff,Yakima County Sheriff's Office,0,0,0,1,0,,,,,,99,99,99,,,,,,,,,,,0,0,0,1,,,,,5,0,,,,,,,,1,0,,,,,,
2019,170,634096,7,06-06-2019,00:20,6,6,June,,33,King,1030,1,0,2,1,2,1,0,3,3,,,,45,0,0,No vehicle,23.8,1,0,1,No intersection,3,2,1,3,0,0,0,0,SR-167,,-122.220825,47.41344167,98031,1,1,15,Others,50,3,60,80,0,0,1,7,2,1,1,2,3,6,Others,1,1,53,,0,12,481,2000,0,,12,8,,,,,1,1,37,1,0,,2,0,3,0,11,5,,,,,0,0,0,3,1,91,,,,96,,,,,,9,,,,,,98270,53,70,220,6,1,0,0,0,2,,1,,,,,,0,05-15-2016,03-15-2019,1,0,0,0,8,9,8,,,0,,,8,1,8,95,,,96,,,8,95,995,,,,,,,,,,,,,,,,,,,,,,,,,,,,,,0,0,0,0,1,0,0,0,0,0,0,0,0,0,0,0,0,0,0,0,0,0,0,0,0,0,0,0,0,1,0,1,0,0,0,,0,0,0,0,0,0,0,0,0,0,0,0,0,0,0,1,,,,,,36-40,36-45,Interstate,R,Thursday,Belt Used,PV,Not Fatal,0,0,0,0,State Route,State Patrol,Washington State Patrol,0,1,0,0,0,,,,,,0,0,0,,,,,,,,,,,98,98,98,0,,,,,20,7,,,,,,,,1,23,,,,,,
2018,170,633301,238,06-04-2018,08:30,4,6,June,0,53,Pierce,1770,1,0,1,1,2,1,0,3,3,,,,12,0,8,Other,5,1,0,1,No intersection,3,2,1,3,0,3,0,0,SR-167,,-122.3156472,47.20513611,98371,0,3,98,Others,62,4,45,20,0,0,1,5,12,1,1,5,5,1,Going Straight,1,1,53,,0,99,999,9999,0,,8,,,,,,1,1,999,8,0,,9,0,99,7,11,8,,,,,99,9,9,9,1,0,,,,96,,,,,,98,,,,,,99999,99,,999,9,9,99,99,99,99,,97,,,,,,0,,,99,9,0,0,8,9,8,,,0,,,8,8,0,0,,,0,,,0,0,996,,,,,,,,,,,,,,,,,,,,,,,,,,,,,,0,0,0,0,0,0,0,0,0,1,1,0,0,0,0,0,0,0,0,0,0,0,0,0,0,0,0,0,0,1,0,1,0,0,0,,0,0,0,0,0,0,0,0,0,0,0,0,0,0,0,0,,,,,,,,State route,U,Sunday,,NR-U,Not Fatal,0,0,0,0,State Route,Municipal/City Police,Federal Way Dept of Public Safety,0,1,0,0,0,,,,,,99,99,99,,,,,,,,,,,98,98,98,0,,,,,20,7,,,,,,,,1,0,,,,,,
2018,170,633300,238,06-04-2018,08:30,4,6,June,0,53,Pierce,1770,1,0,1,1,2,1,0,3,3,,,,12,0,8,Other,5,1,0,1,No intersection,3,2,1,3,0,3,0,0,SR-167,,-122.3156472,47.20513611,98371,0,2,65,Others,62,4,45,4,0,0,1,5,12,1,1,5,5,5,Others,1,2,53,,0,20,404,2020,0,,8,,,,,,1,1,47,2,0,,0,0,3,0,11,0,,,,,0,0,3,3,1,0,,,,96,,,,,,0,,,,,,98032,53,67,150,6,1,1,1,0,0,,0,,,,,,0,01-15-2016,02-15-2019,20,0,0,0,8,9,8,,,0,,,0,0,0,0,,,0,,,0,0,996,,,,,,,,,,,,,,,,,,,,,,,,,,,,,,0,0,0,0,0,0,0,0,0,1,1,0,0,0,0,0,0,0,0,0,0,0,0,0,0,0,0,0,0,1,0,1,0,0,0,,0,0,0,0,0,0,0,0,0,0,0,0,0,0,0,0,,,,,,46-50,46-55,State route,U,Sunday,Belt Used,PV,Not Fatal,0,0,0,0,State Route,Municipal/City Police,Federal Way Dept of Public Safety,0,1,0,0,0,,,,,,0,1,4,,,,,,,,,,,98,98,98,0,,,,,20,7,,,,,,,,1,0,,,,,,
2018,170,633299,238,06-04-2018,08:30,4,6,June,0,53,Pierce,1770,1,0,1,1,2,1,0,3,3,,,,12,0,8,Other,5,1,0,1,No intersection,3,2,1,3,0,3,0,0,SR-167,,-122.3156472,47.20513611,98371,0,1,64,Others,10,2,45,4,0,0,1,5,12,1,1,5,5,1,Going Straight,1,2,53,,0,49,32,2014,0,,12,,,,,,1,1,37,1,7,,4,7,20,7,11,0,11-07-2020,01:56,1.66E+11,52676,0,0,0,3,1,0,,,,96,,,,,,98,,,,,,99301,53,75,250,6,1,0,2,1,0,,0,,,,,,0,05-15-2018,02-15-2018,8,0,0,0,0,9,8,,,0,,,8,8,0,0,,,0,,,0,0,996,,,,,,,,,,,,,,,,,,,,,,,,,,,,,,0,0,0,0,1,0,0,0,0,0,0,0,0,0,0,0,0,0,0,1,0,0,0,1,1,0,0,0,0,1,0,0,0,1,0,,1,0,0,0,0,0,0,0,0,0,0,0,0,0,0,0,,,,,,36-40,36-45,Interstate,U,Saturday,Not Used,PV,White,0,0,0,1,State Route,State Patrol,Washington State Patrol,0,1,0,0,0,,,,,,0,0,0,,,,,,,,,,,98,98,98,1,,,,,20,7,,,,,,,,1,0,,,,,,
2017,170,632419,129,02-17-2017,18:54,17,2,Feb,3,53,Pierce,747,1,0,3,1,2,1,0,3,2,18:55,18:58,19:31,12,0,1,Front-to-Rear,0,2,0,2,4 Way,4,2,4,6,0,0,3,3,PACIFIC HWY E,PORT OF TACOMA RD E,-122.3856361,47.24315833,98424,0,2,21,Others,53,3,35,2,0,0,1,5,12,1,1,5,1,5,Others,2,2,53,,0,20,481,2019,0,,12,,,,,,1,1,25,1,0,,1,0,3,0,11,5,,,,,0,0,0,3,1,51,,,,96,,,,,,9,,,,,,99301,53,70,280,6,1,0,0,1,0,,1,,,,,,0,05-15-2020,05-15-2020,8,0,0,0,8,9,8,,,0,,,8,1,8,95,,,96,,,2,98,997,,,,,,,,,,,,,,,,,,,,,,,,,,,,,,0,0,0,0,1,0,0,0,0,0,0,0,0,0,0,0,0,0,0,1,0,0,0,1,1,0,0,0,0,1,0,0,0,0,0,,0,0,0,0,0,0,0,0,0,0,0,0,0,0,0,1,,,,,,21-25,16-25,Interstate,U,Saturday,Belt Used,PV,Not Fatal,0,0,0,1,State Route,State Patrol,Washington State Patrol,0,1,0,0,0,,,,,,0,0,0,,,,,,,,,,,98,98,98,0,,,,,20,7,,,,,,,,1,0,,,,,,
2017,170,632418,129,02-17-2017,18:54,17,2,Feb,3,53,Pierce,747,1,0,3,1,2,1,0,3,2,18:55,18:58,19:31,12,0,1,Front-to-Rear,0,2,0,2,4 Way,4,2,4,6,0,0,3,3,PACIFIC HWY E,PORT OF TACOMA RD E,-122.3856361,47.24315833,98424,0,1,20,Others,50,3,35,80,0,0,1,5,12,1,1,5,1,1,Going Straight,1,1,53,,0,49,403,2004,0,,63,59,32,1,30,,1,1,23,1,7,,4,7,20,7,11,0,11-08-2020,21:09,53052580,52580,0,0,0,3,1,8,,,,96,,,,,,9,,,,,,98001,53,65,135,6,1,0,0,0,0,,0,,,,,,0,,,8,1,9,0,0,1,1,,,0,,,1,1,2,695,605,,1,1,,2,1,0.247,,,,,,,,,,,,,,,,,,,,,,,,,,,,,,0,0,1,0,1,1,1,1,1,0,0,0,0,0,0,0,0,0,0,1,0,0,0,1,1,0,0,0,0,1,0,0,0,1,0,,1,0,0,0,0,1,1,1,0,0,0,0,0,0,0,1,,,,,,21-25,16-25,County road,U,Sunday,Not Used,PV,White,0,1,0,0,County Road,County Sheriff,King County Police,1,0,1,0,0,thc,49,carboxy-thc,220,,0,0,0,,,,,,,,,,,98,98,98,1,,,,,20,7,,,,,,,nms,1,0,,,MILITARY RD S,1.679,,
2018,171,633302,278,06-04-2018,12:57,4,6,June,0,63,Spokane,2110,1,0,1,1,2,1,1,1,1,,,,8,0,0,No vehicle,0.5,3,0,2,4 Way,3,2,1,2,0,0,2,3,US-2 CO BROWNE,S BROWNE,-117.4134389,47.65456667,99201,0,1,13,Pedestrian/Animal,80,5,30,21,0,0,1,5,8,1,1,3,4,11,Turning Red: Permitted on red,1,3,16,,0,99,999,9999,0,,8,,,,,,1,1,999,8,0,,9,0,99,7,11,8,,,,,99,9,9,9,1,0,,,,96,,,,,,98,,,,,,99999,99,,999,9,9,99,99,99,99,,97,,,,,,0,,,99,9,0,0,8,9,8,,,0,,,8,8,0,0,,,0,,,0,0,996,,,,,,,,,,,,,,,,,,,,,,,,,,,,,,0,0,0,0,0,0,0,0,0,0,0,0,0,0,0,0,0,0,0,0,0,0,0,0,0,0,0,0,0,1,0,1,0,0,0,,0,0,0,0,0,0,0,0,0,0,0,0,0,0,0,0,,,,,,,,City street,U,Friday,Unknown,PV,Not Fatal,0,0,0,0,City Street,Municipal/City Police,Tukwila Police Department,0,0,0,1,0,,,,,,99,99,99,,,,,,,,,,,98,98,98,0,,,,,20,7,,,,,,,,1,0,,,,,,
2021,171,635617,3,06-02-2021,11:23,2,6,June,,67,Thurston,0,1,,1,1,2,1,1,2,1,,,,9,0,0,No vehicle,13.4,3,0,2,4 Way,2,1,1,3,0,0,0,0,SR-8,SUMMIIT LAKE RD NW,-123.1454611,47.04839444,98502,0,1,13,Pedestrian/Animal,83,5,60,4,0,0,1,5,9,1,1,3,2,1,Going Straight,2,1,53,,0,12,880,2016,0,,12,,,,,,1,1,44,1,0,,0,0,3,0,11,0,,,,,0,0,0,3,1,0,,,,96,,,,,,0,,,,,,99349,53,67,215,6,1,0,0,0,0,,0,,,,,,0,,,8,0,0,0,8,9,8,,,0,,,8,8,0,0,,,0,,,0,0,996,,,,,,,,,,,,,,,,,,,,,,,,,,,,,,0,0,0,1,0,0,0,0,0,0,0,0,0,0,0,0,1,0,0,0,0,0,0,0,0,0,0,0,0,1,1,0,0,0,0,,0,0,0,0,0,0,0,0,0,0,0,0,0,0,0,0,,,,,,41-45,36-45,State route,R,Wednesday,,MHTRUCK,Not Fatal,1,0,0,0,State Route,State Patrol,Washington State Patrol,0,1,0,0,0,,,,,,0,0,0,,,,,,,,,,,98,98,98,0,,,,,20,7,,,,,,,,1,0,,,,,,
2020,171,634808,3,05-23-2020,02:11,23,5,May,,53,Pierce,2230,1,,3,1,2,1,0,1,1,02:09,02:14,,25,0,0,No vehicle,0.2,5,0,1,No intersection,3,2,1,3,0,0,0,0,SR-16 RAMP 016P100257,,-122.5063361,47.24591667,98406,0,1,6,Drive off road,12,2,60,4,0,0,1,7,25,2,1,1,6,14,Making a U turn,1,1,53,,0,30,42,2006,0,,12,68,12,,,,1,1,61,2,1,,4,7,3,0,11,0,11-04-2020,06:33,53051779,51779,0,0,3,3,1,0,,,,96,,,,,,98,,,,,,98944,53,64,268,6,1,0,0,0,0,,0,,,,,,0,,,20,1,9,0,0,9,8,,,0,,,8,8,2,1,,,1,,,2,1,0,,,,,,,,,,,,,,,,,,,,,,,,,,,,,,0,0,0,1,0,0,0,0,0,0,0,0,0,0,0,0,1,0,0,0,0,0,0,0,0,0,0,0,0,1,1,0,0,0,0,,1,0,0,0,0,0,0,0,0,0,0,0,0,0,0,0,,,,,,61-65,56-65,State route,R,Wednesday,Belt Used,PV,Hispanic,1,0,0,0,State Route,State Patrol,Washington State Patrol,0,1,0,0,0,,,,,,0,0,0,,,,,,,,,,,98,98,98,298,,,,,20,7,,,,,,,,1,0,,,,,,
2019,171,634099,2,06-06-2019,09:09,6,6,June,,61,Snohomish,0,1,0,1,1,2,1,0,2,2,,,,12,0,2,Front-to-Front,20.3,1,0,1,No intersection,4,1,1,3,0,0,0,0,SR-530,,-121.8381278,48.27735556,98223,0,2,51,Lateral Move(Going Straight),62,4,55,63,0,0,1,7,12,1,1,2,1,1,Going Straight,1,3,53,,0,20,481,2003,0,,12,,,,,,1,1,32,1,0,,0,0,3,0,11,0,,,,,0,0,0,3,1,0,,,,92,,,,,,0,,,,,,98901,53,65,130,6,1,0,0,0,1,,97,,,,,,0,11-15-2017,11-15-2017,20,0,0,0,8,3,2,,,0,,,8,8,0,0,,,0,,,0,0,996,,,,,,,,,,,,,,,,,,,,,,,,,,,,,,0,0,0,1,0,0,0,0,0,0,0,0,0,0,0,0,1,0,0,0,0,0,0,0,0,0,0,0,0,1,1,0,0,0,0,,0,0,0,0,0,0,0,0,1,0,0,0,0,0,0,0,,,,,,31-35,26-35,State route,R,Wednesday,Belt Used,PV,Not Fatal,1,0,0,0,State Route,State Patrol,Washington State Patrol,0,1,0,0,0,,,,,,0,0,0,,,,,,,,,,,98,98,98,0,,,,,20,7,,,,,,,,1,0,,,,,,
2019,171,634098,2,06-06-2019,09:09,6,6,June,,61,Snohomish,0,1,0,1,1,2,1,0,2,2,,,,12,0,2,Front-to-Front,20.3,1,0,1,No intersection,4,1,1,3,0,0,0,0,SR-530,,-121.8381278,48.27735556,98223,0,1,50,Lateral Move(Left/Right),10,2,55,14,0,0,1,7,12,2,1,2,1,14,Making a U turn,1,1,53,,0,37,705,2001,0,,1,12,,,,,1,1,29,1,7,,4,7,20,7,11,0,10/30/2020,10:24,53053150,53150,0,0,3,3,1,0,,,,96,,,,,,98,,,,,,98516,53,67,160,6,1,1,0,0,1,,0,,,,,,4,01-15-2016,01-15-2020,20,8,0,0,0,9,8,,,0,,,8,8,2,1,,,1,,,2,1,0,,,,,,,,,,,,,,,,,,,,,,,,,,,,,,0,0,0,0,0,0,0,0,0,0,0,0,1,0,0,0,0,0,0,0,0,0,0,0,0,0,0,0,1,0,1,0,0,0,1,0,0,0,0,0,0,0,0,0,0,1,0,0,0,0,0,0,,,,,,26-30,26-35,Interstate,R,Friday,,MC,Multiracial,1,0,0,0,State Route,State Patrol,Washington State Patrol,0,1,0,0,0,,,,,,0,1,0,,,,,,,,,,,0,0,0,201,268,,,,5,0,,,,,,,,1,0,,,,,,
2017,171,632454,278,03-29-2017,11:30,29,3,March,0,63,Spokane,2110,2,0,1,2,2,1,0,3,2,11:31,11:39,12:13,12,0,6,Angle,0,2,0,3,T Intersection,3,2,4,6,0,0,3,3,NEVADA,LYONS,-117.3953389,47.71858889,99207,0,2,69,Initial Opposite Direction(Going Straight),62,4,30,4,0,0,1,5,12,1,1,2,1,1,Going Straight,2,2,53,,0,82,881,2013,0,,12,,,,,,1,1,37,1,0,,0,0,3,0,11,0,,,,,99,9,9,9,1,0,,,,96,,,,,,0,,,,,,0,95,,999,9,9,99,99,99,99,,0,,,,,,0,,,20,0,0,0,8,3,8,,,0,,,8,8,2,997,,,96,,,2,95,997,,,,,,,,,,,,,,,,,,,,,,,,,,,,,,0,0,0,0,0,0,0,0,0,0,0,0,1,0,0,0,0,0,0,0,0,0,0,0,0,0,0,0,1,0,1,0,0,0,0,,0,0,0,0,0,0,0,0,0,0,0,0,0,0,0,0,,,,,,36-40,36-45,Interstate,R,Friday,,MHTRUCK,Not Fatal,1,0,0,0,State Route,State Patrol,Washington State Patrol,0,1,0,0,0,,,,,,99,99,99,,,,,,,,,,,98,98,98,0,,,,,20,7,,,,,,,,1,0,,,,,,