year,something,Cases,repjur,crash_dt,crash_tm,accday,Month,Month,holiday,county,co_char,city,weather,weather2,lightcond,surfcond,surftype,Number of Fatalities,nmforms,pforms,vforms,not_tm,arr_tm,hosp_tm,fhevent,hitrun,Manner of Collision,Manner of Collision,milepnt,reljunc,reljuncinter,intersectiontype,Intersection Type,funcsystem,landuse,ownership,route,schlbus,spejur,contdev,devfunc,trafid1,trafid2,x,y,zipcode,wk_zone,vnumber,crashtype,Crash Type,criticalevent,criticaleventcat,spdlim,body,trailer,emerg,hazcargo,leave,mhevent,roadalgn,roadprof,traflane,trafflow,Vehicle Manure,Vehicle Manure,numoccs,regowner,regstate,,spuse,make,model,modelyr,vrf1,vrf2,seqevent1,seqevent2,seqevent3,seqevent4,seqevent5,seqevent6,pnumber,ptype,age,sex,hispanic,race,injury,diedscene,restraint,restraintmisuse,seatpos,takehosp,death_dt,death_tm,cert,cernum_wa,commlic,licendor,licrestrict,liccomp,drivpres,drf1,drf2,drf3,drf4,distract1,distract2,distract3,distract4,distract5,distract6,dricond1,dricond2,dricond3,dricond4,dricond5,dricond6,dzip,licstate,drhgt_in,weight,noncdl,noncdltype,prevdwi,prevoth,prevacc,prevspd,prevsus,driviol1,driviol2,driviol3,driviol4,driviol5,driviol6,spdrel,first_dt,last_dt,airbag,ejection,ejectpath,extricat,injurwrk,methalc,methdrug,nmlocat,strikveh,prf1,prf2,prf3,druginv,alcinvol,drugsts,drugres1,drugres2,drugres3,drugtst1,drugtst2,drugtst3,alcsts,alctst,alcres,nmact1,nmact2,nmact3,nmact4,nmact5,nmact6,nmprior1,nmprior2,nmprior3,nmprior4,nmprior5,nmprior6,nmcond1,nmcond2,nmcond3,nmcond4,nmcond5,nmcond6,nmsafe_helmet,nmsafe_pads,nmsafe_oth,nmprev_ref,nmprev_lgt,nmprev_oth,crashlocation,nmcrashtype,crosswalk,schoolzone,sidewalk,train_inv,wildlife_inv,rotr_fars,intersect_fars,Drink and Drive,aid_inv,Drug Positive Drivers,Impaired Drivers,Marijuana Positive,impnm_inv,ainm_inv,dpnm_inv,speed_inv,unlic_inv,unendmc_inv,drowsy_inv,drdist_inv,nmdist_inv,fty_inv,unrestfat_inv,dr1617_inv,dr1820_inv,dr1620_inv,dr2125_inv,dr1625_inv,dr65_inv,dr70_inv,dr75_inv,mc_inv,pv_inv,ht_inv,ped_inv,bike_inv,unrest_fat,mc_fat,unhelmet_mc,pv_fat,ht_fat,ped_fat,bike_fat,dr_alc7,dr_alc8,dr_drug,dr_imp,dr_dist,dr_spd,dr_fty,dr_unlic,dr_alc7only,dr_alc8only,dr_drugonly,dr_drink,nm_imp,nm_alc7,nm_alc8,nm_drug,nm_dist,agegrp1,agegrp2,roadclass,urbrur,dayweek,restuse,vehtype,race_me,intersect,lanedep,oppdir,wrongway,rep_typ,investag,repag_long,rotr,st_rd,cty_rd,city_rd,oth_rd,drug_thc,thc_res,drug_cthc,cthc_res,drug_cann,prevpersemin,prevperse,prevsusoth,drugtst4,drugtst5,drugtst6,drugtst7,drugtst8,drugres4,drugres5,drugres6,drugres7,drugres8,adspresent,adsengaged,adslevel,race1,race2,race3,race4,race5,helmet,helmetmisuse,nmdistract1,nmdistract2,nmdistract3,nmdistract4,nmdistract5,nmdistract6,lab,isedtcase,crf1,crf2,crf3,CoRoadName,CoMP,IntCoRoadName,IntCoMP
2019,177,634111,5,06-04-2019,12:20,4,6,June,,41,Lewis,0,1,0,1,1,2,1,0,2,2,,,,12,0,6,Angle,96.6,1,0,1,No intersection,3,1,1,2,0,0,0,0,US-12,,-122.2930444,46.55415278,98532,0,1,98,Others,53,3,55,80,0,0,1,2,12,1,2,2,1,12,Others,1,1,53,,0,49,51,2008,0,,12,,,,,,1,1,23,2,7,,4,0,3,0,11,5,10/16/2020,23:11,1.41E+11,2050,0,0,0,3,1,39,,,,96,,,,,,98,,,,,,98237,53,62,155,6,1,0,0,1,1,,0,,,,,,0,10-15-2020,10-15-2020,8,0,0,0,0,3,2,,,0,,,8,8,2,128,177,,1,1,,2,1,0,,,,,,,,,,,,,,,,,,,,,,,,,,,,,,0,0,0,1,0,0,1,1,0,0,0,0,0,0,0,0,0,0,0,0,0,0,0,1,1,0,0,0,0,1,0,0,0,0,0,,1,0,0,0,0,0,1,1,0,0,0,0,0,0,1,0,,,,,,21-25,16-25,State route,R,Friday,Belt Used,PV,White,1,0,0,0,State Route,State Patrol,Washington State Patrol,0,1,0,0,0,,,,,,0,0,0,,,,,,,,,,,98,98,98,1,,,,,20,7,,,,,,,,1,0,,,,,,
2018,177,633320,1,06-14-2018,09:15,14,6,June,0,13,Columbia,0,1,0,1,1,2,2,0,5,3,09:16,09:26,09:55,12,0,2,Front-to-Front,357.3,1,0,1,No intersection,3,1,1,2,0,0,0,0,US-12,,-118.1018583,46.28805278,,0,3,98,Others,98,7,60,80,0,0,1,7,54,3,1,2,1,14,Making a U turn,2,1,53,,0,35,443,2001,0,,12,,,,,,1,1,49,2,0,,3,0,3,0,11,8,,,,,0,0,0,3,1,0,,,,96,,,,,,98,,,,,,98824,53,64,158,6,1,0,1,0,0,,0,,,,,,0,01-15-2016,01-15-2016,1,0,0,0,8,9,8,,,0,,,8,8,8,95,,,96,,,8,95,995,,,,,,,,,,,,,,,,,,,,,,,,,,,,,,0,0,0,0,0,0,1,1,0,0,0,0,0,1,0,0,0,0,0,0,0,0,0,0,0,0,0,0,0,1,0,0,0,0,0,,0,0,0,0,0,0,0,0,0,0,0,0,0,0,0,0,,,,,,46-50,46-55,State route,R,Tuesday,Belt Used,PV,Not Fatal,0,1,1,0,State Route,State Patrol,Washington State Patrol,0,1,0,0,0,,,,,,0,0,0,,,,,,,,,,,98,98,98,0,,,,,20,7,,,,,,,,1,0,,,,,,
2018,177,633318,1,06-14-2018,09:15,14,6,June,0,13,Columbia,0,1,0,1,1,2,2,0,5,3,09:16,09:26,09:55,12,0,2,Front-to-Front,357.3,1,0,1,No intersection,3,1,1,2,0,0,0,0,US-12,,-118.1018583,46.28805278,,0,1,50,Lateral Move(Left/Right),10,2,60,6,0,0,1,2,12,2,1,2,1,14,Making a U turn,2,1,53,,0,12,3,1999,0,,12,,,,,,1,1,41,1,0,,0,0,3,0,11,0,,,,,0,0,0,3,1,0,,,,96,,,,,,98,,,,,,93257,6,66,180,6,1,0,0,0,1,,0,,,,,,0,07-15-2020,07-15-2020,1,0,0,0,8,9,8,,,0,,,8,8,8,95,,,96,,,8,95,995,,,,,,,,,,,,,,,,,,,,,,,,,,,,,,0,0,0,0,0,0,1,1,0,0,0,0,0,1,0,0,0,0,0,0,0,0,0,0,0,0,0,0,0,1,0,0,0,0,0,,0,0,0,0,0,0,0,0,0,0,0,0,0,0,0,0,,,,,,41-45,36-45,State route,R,Tuesday,Belt Used,PV,Not Fatal,0,1,1,0,State Route,State Patrol,Washington State Patrol,0,1,0,0,0,,,,,,0,0,0,,,,,,,,,,,0,0,0,0,,,,,20,7,,,,,,,,1,0,,,,,,
2021,178,635628,36,05-31-2021,17:16,31,5,May,,55,San Juan,0,1,,1,1,2,1,0,2,2,,,,12,0,6,Angle,,1,0,1,No intersection,5,1,2,4,0,0,0,0,CR-BEAVERTON VALLEY RD,,-123.0785833,48.544925,,0,2,66,Specific Other,62,4,45,14,0,0,1,2,12,3,1,2,1,14,Making a U turn,1,1,53,,0,37,32,2005,0,,68,12,12,2,,,1,1,41,2,1,,4,0,3,0,11,5,10/16/2020,12:14,2.11E+11,49947,0,0,0,0,1,0,,,,96,,,,,,98,,,,,,98902,53,66,150,0,0,0,0,0,0,,0,,,,,,0,,,8,1,9,0,0,9,8,,,0,,,8,8,2,522,996,,1,1,,2,1,0,,,,,,,,,,,,,,,,,,,,,,,,,,,,,,0,0,0,0,0,0,1,1,0,0,0,0,0,1,0,0,0,0,0,0,0,0,0,0,0,0,0,0,0,1,0,0,0,0,0,,1,0,0,0,0,0,1,1,0,0,0,1,0,0,1,0,,,,,,41-45,36-45,State route,R,Tuesday,Belt Used,PV,Hispanic,0,1,1,0,State Route,State Patrol,Washington State Patrol,0,1,0,0,0,,,,,,0,0,0,,,,,,,,,,,98,98,98,298,,,,,20,7,,,,,,,,1,0,,,,,,
2021,178,635627,36,05-31-2021,17:16,31,5,May,,55,San Juan,0,1,,1,1,2,1,0,2,2,,,,12,0,6,Angle,,1,0,1,No intersection,5,1,2,4,0,0,0,0,CR-BEAVERTON VALLEY RD,,-123.0785833,48.544925,,0,1,66,Specific Other,10,2,45,6,0,0,1,2,12,2,1,2,1,14,Making a U turn,1,2,53,,0,12,481,1998,0,,8,,,,,,1,1,23,1,0,,0,0,3,0,11,0,,,,,0,0,0,3,1,0,,,,96,,,,,,0,,,,,,98336,53,71,140,6,1,0,1,0,0,,0,,,,,,0,02-15-2018,02-15-2018,20,0,0,0,8,3,8,,,0,,,8,8,8,95,,,96,,,2,98,0,,,,,,,,,,,,,,,,,,,,,,,,,,,,,,0,0,0,0,0,0,0,0,0,0,0,0,0,0,0,0,1,0,0,0,1,0,1,1,1,0,0,0,0,1,0,1,0,0,0,,0,0,0,0,0,0,0,0,0,0,0,0,0,0,0,0,,,,,,21-25,16-25,Other,R,Friday,Belt Used,PV,Not Fatal,0,1,0,0,Other,County Sheriff,Lewis County Sheriff's Office,1,0,0,0,1,,,,,,0,0,0,,,,,,,,,,,0,0,0,0,,,,,20,7,,,,,,,,1,0,,,,,,
2020,178,634818,41,05-24-2020,16:59,24,5,May,,65,Stevens,0,1,,1,1,2,1,0,1,1,,,,42,0,0,No vehicle,1.3,1,0,1,No intersection,7,1,2,4,0,0,0,0,CR-COZY NOOK RD,,-117.7159972,48.30274444,99109,0,1,7,Control/Traction Loss,6,1,50,14,0,0,1,5,42,3,2,2,1,14,Making a U turn,1,2,53,,0,49,471,1993,0,,8,,,,,,1,1,17,1,0,,0,0,3,0,11,0,,,,,0,0,0,3,1,0,,,,92,,,,,,0,,,,,,98512,53,67,120,6,2,0,0,0,0,,0,,,,,,0,,,20,0,0,0,8,3,8,,,0,,,8,8,8,95,,,96,,,2,95,0,,,,,,,,,,,,,,,,,,,,,,,,,,,,,,0,0,0,0,0,0,0,0,0,0,0,0,0,0,0,0,1,0,0,0,1,0,1,1,1,0,0,0,0,1,0,1,0,0,0,,0,0,0,0,0,0,0,0,1,0,0,0,0,0,0,0,,,,,,16-17,16-25,Other,R,Friday,Belt Used,PV,Not Fatal,0,1,0,0,Other,County Sheriff,Lewis County Sheriff's Office,1,0,0,0,1,,,,,,0,0,0,,,,,,,,,,,0,0,0,0,,,,,20,7,,,,,,,,1,0,,,,,,
2019,178,634114,8,05-23-2019,07:40,23,5,May,,45,Mason,0,1,0,1,1,2,1,0,2,2,,,,12,0,6,Angle,313.9,1,0,1,No intersection,3,1,1,2,0,0,0,0,US-101,,-122.9901667,47.60419167,98555,0,2,65,Others,62,4,50,34,0,0,1,2,12,1,2,2,1,1,Going Straight,1,1,53,,0,87,881,2016,0,,12,,,,,,1,1,53,1,0,,0,0,2,0,11,0,,,,,6,1,0,3,1,0,,,,96,,,,,,0,,,,,,99357,53,73,180,6,1,0,0,0,1,,0,,,,,,0,04-15-2019,04-15-2019,20,0,0,0,8,9,8,,,0,,,8,8,0,0,,,0,,,0,0,996,,,,,,,,,,,,,,,,,,,,,,,,,,,,,,0,0,0,1,0,0,0,0,0,0,0,0,0,1,0,0,0,0,1,1,0,0,0,1,1,0,0,0,0,1,1,0,0,0,0,,0,0,0,0,0,0,0,0,0,0,0,0,0,0,0,0,,,,,,51-55,46-55,State route,R,Saturday,,MHTRUCK,Not Fatal,1,0,0,0,State Route,State Patrol,Washington State Patrol,0,1,0,0,0,,,,,,0,0,0,,,,,,,,,,,98,98,98,0,,,,,20,7,,,,,,,,1,0,,,,,,
2019,178,634113,8,05-23-2019,07:40,23,5,May,,45,Mason,0,1,0,1,1,2,1,0,2,2,,,,12,0,6,Angle,313.9,1,0,1,No intersection,3,1,1,2,0,0,0,0,US-101,,-122.9901667,47.60419167,98555,0,1,64,Others,13,2,50,63,1,0,1,7,1,1,2,2,1,1,Going Straight,1,3,53,,0,37,421,2006,0,,12,,,,,,1,1,24,1,0,,3,0,3,0,11,1,,,,,0,0,0,0,1,38,,,,96,,,,,,98,,,,,,99349,53,,999,0,0,0,1,0,0,,97,,,,,,0,10-15-2019,10-15-2019,8,0,0,0,8,9,8,,,0,,,8,8,8,95,,,96,,,8,95,995,,,,,,,,,,,,,,,,,,,,,,,,,,,,,,0,0,0,1,0,0,0,0,0,0,0,0,0,1,0,0,0,0,1,1,0,0,0,1,1,0,0,0,0,1,1,0,0,0,0,,0,0,0,0,0,0,0,0,0,0,1,1,0,0,0,0,,,,,,21-25,16-25,State route,R,Saturday,Belt Used,PV,Not Fatal,1,0,0,0,State Route,State Patrol,Washington State Patrol,0,1,0,0,0,,,,,,0,0,0,,,,,,,,,,,98,98,98,0,,,,,20,7,,,,,,,,1,0,,,,,,
2018,178,633323,42,06-16-2018,15:56,16,6,June,0,67,Thurston,0,1,0,1,1,2,1,0,1,1,,,,1,0,0,No vehicle,0.9,1,0,1,No intersection,5,1,2,4,0,0,0,0,CR-SPURGEON CREEK RD SE,,-122.7677583,46.955275,98513,0,1,2,Control/Traction Loss,13,2,50,80,0,0,1,7,1,2,2,2,1,14,Making a U turn,1,1,53,,0,20,22,2005,0,,12,,,,,,1,1,30,1,0,,0,0,3,0,11,0,,,,,0,0,0,3,1,0,,,,96,,,,,,98,,,,,,98855,53,72,143,6,1,0,0,0,0,,0,,,,,,0,,,20,0,0,0,8,9,8,,,0,,,8,8,0,0,,,0,,,0,0,996,,,,,,,,,,,,,,,,,,,,,,,,,,,,,,0,0,0,0,0,0,0,0,0,0,0,0,0,0,0,0,0,0,0,0,0,0,0,0,0,1,1,0,1,1,0,0,0,0,0,,0,0,0,0,0,0,0,0,0,0,0,0,0,0,0,0,,,,,,26-30,26-35,US highway,R,Friday,Belt Used,PV,Not Fatal,0,0,0,0,State Route,State Patrol,Washington State Patrol,0,1,0,0,0,,,,,,0,0,0,,,,,,,,,,,98,98,98,0,,,,,20,7,,,,,,,,0,0,,,,,,
2017,178,632581,6,05-25-2017,04:36,25,5,May,0,25,Grant,0,1,0,2,1,2,3,0,12,2,04:36,05:06,06:19,12,0,6,Angle,6.3,2,0,2,4 Way,5,1,2,4,0,0,0,0,CR-ADAM RD S,FRENCHMAN HILLS RD W,-119.7605083,46.98635278,98848,0,2,89,Others,66,4,60,21,0,0,1,2,1,1,1,2,1,1,Going Straight,11,1,53,,0,37,704,1985,0,,12,,,,,,1,1,72,1,0,,3,0,20,7,11,8,,,,,0,0,3,3,1,26,,,,96,,,,,,98,,,,,,98815,53,64,145,6,1,0,0,0,0,,0,,,,,,0,,,20,8,0,0,8,9,8,,,0,,,8,8,0,0,,,0,,,0,0,996,,,,,,,,,,,,,,,,,,,,,,,,,,,,,,0,0,0,0,0,0,0,0,0,0,0,0,0,0,0,0,0,0,0,0,0,0,0,0,0,1,1,0,1,1,0,0,0,0,0,1,0,0,0,0,0,0,0,0,0,0,0,0,0,0,0,0,,,,,,71-75,66-75,US highway,R,Friday,,MC,Not Fatal,0,0,0,0,State Route,State Patrol,Washington State Patrol,0,1,0,0,0,,,,,,0,0,0,,,,,,,,,,,0,0,0,0,,,,,16,0,,,,,,,,0,0,,,,,,
2017,178,632580,6,05-25-2017,04:36,25,5,May,0,25,Grant,0,1,0,2,1,2,3,0,12,2,04:36,05:06,06:19,12,0,6,Angle,6.3,2,0,2,4 Way,5,1,2,4,0,0,20,3,CR-ADAM RD S,FRENCHMAN HILLS RD W,-119.7605083,46.98635278,98848,0,1,88,Striking from the Left,17,2,50,15,0,0,1,2,12,1,2,2,1,1,Going Straight,1,1,53,,0,23,421,2001,0,,71,39,,,,,1,1,37,2,7,,4,7,20,7,11,0,10-09-2020,20:42,69053048211,48211,0,0,0,3,1,0,,,,92,,,,,,98,,,,,,98294,53,70,165,6,1,0,0,1,0,,0,,,,,,0,11-15-2018,11-15-2018,1,0,0,0,0,9,8,,,0,,,8,8,2,695,605,,1,1,,2,1,0.171,,,,,,,,,,,,,,,,,,,,,,,,,,,,,,0,0,0,1,1,1,1,1,1,0,0,0,0,0,0,0,1,0,0,1,0,0,0,0,0,0,0,0,0,1,0,0,0,1,0,,1,0,0,0,0,1,1,1,1,0,0,0,0,0,0,1,,,,,,36-40,36-45,State route,U,Friday,Not Used,PV,White,1,0,0,0,State Route,Municipal/City Police,Everett Police Department,0,1,0,0,0,thc,34,carboxy-thc,41,,0,0,0,,,,,,,,,,,98,98,98,1,,,,,20,7,,,,,,,nms,1,0,,,,,,
2019,179,634119,35,06-09-2019,10:05,9,6,June,,53,Pierce,0,1,0,1,1,2,1,0,2,2,,,,12,0,6,Angle,0.6,2,0,3,T Intersection,4,2,2,4,0,0,0,0,CR-MILITARY RD S,BRESEMANN BLVD S,-122.4459639,47.12231667,98387,0,2,69,Initial Opposite Direction(Going Straight),62,4,35,80,0,0,1,5,12,1,1,2,1,1,Going Straight,1,1,53,,0,23,481,2004,0,,8,,,,,,1,1,54,1,0,,0,0,3,0,11,0,,,,,0,0,3,3,1,10,,,,0,,,,,,98,,,,,,98166,53,76,220,6,1,0,0,0,0,,0,,,,,,0,,,20,0,0,0,8,9,8,,,0,,,8,8,8,95,,,96,,,8,95,995,,,,,,,,,,,,,,,,,,,,,,,,,,,,,,0,0,0,0,0,0,0,0,0,1,1,1,0,0,0,0,0,0,0,0,0,0,0,0,0,0,0,0,0,1,0,1,0,0,0,,0,0,0,0,0,0,0,0,0,0,0,0,0,0,0,0,,,,,,51-55,46-55,City street,U,Tuesday,Belt Used,PV,Not Fatal,0,0,0,0,City Street,Municipal/City Police,SeaTac Police Department,0,0,0,1,0,,,,,,0,0,0,,,,,,,,,,,98,98,98,0,,,,,20,7,,,,,,,,1,0,,,,,,
2019,179,634118,35,06-09-2019,10:05,9,6,June,,53,Pierce,0,1,0,1,1,2,1,0,2,2,,,,12,0,6,Angle,0.6,2,0,3,T Intersection,4,2,2,4,0,0,0,0,CR-MILITARY RD S,BRESEMANN BLVD S,-122.4459639,47.12231667,98387,0,1,68,Initial Opposite Direction(Left/Right),15,2,35,4,0,0,1,5,12,1,1,2,1,11,Turning Red: Permitted on red,1,1,53,,0,20,481,2001,0,,8,,,,,,1,1,28,1,0,,0,0,3,0,11,0,,,,,0,0,0,3,1,0,,,,96,,,,,,98,,,,,,98531,53,72,220,6,1,0,0,0,0,,0,,,,,,0,,,20,0,0,0,8,3,2,,,0,,,8,8,8,95,,,96,,,8,95,995,,,,,,,,,,,,,,,,,,,,,,,,,,,,,,0,0,0,0,0,0,0,0,0,0,0,0,0,0,0,0,0,0,0,0,0,0,0,0,0,0,0,0,0,1,0,1,0,0,0,,0,0,0,0,0,0,0,0,0,0,0,0,0,0,0,0,,,,,,26-30,26-35,State route,U,Friday,Belt Used,PV,Not Fatal,0,0,0,0,State Route,Municipal/City Police,Puyallup Police Department,0,1,0,0,0,,,,,,0,0,0,,,,,,,,,,,98,98,98,0,,,,,20,7,,,,,,,,1,0,,,,,,
2018,179,633325,2,06-12-2018,23:20,12,6,June,0,29,Island,0,1,0,2,1,2,1,0,2,2,,,,24,0,0,No vehicle,13.6,1,0,1,No intersection,3,1,1,3,0,0,0,0,SR-525,,-122.4409222,48.00401944,98239,0,2,98,Others,62,4,55,15,0,0,1,7,12,2,1,2,1,14,Making a U turn,1,1,53,,0,34,402,2009,0,,12,,,,,,1,1,18,1,0,,1,0,3,0,11,5,,,,,0,0,0,3,1,0,,,,96,,,,,,0,,,,,,99203,53,71,200,6,1,0,0,0,0,,0,,,,,,0,,,8,0,0,0,8,3,2,,,0,,,8,8,0,0,,,0,,,0,0,996,,,,,,,,,,,,,,,,,,,,,,,,,,,,,,0,0,0,1,1,1,1,1,1,0,0,0,1,1,0,0,0,0,0,0,0,1,1,0,1,0,0,0,0,1,0,0,0,0,0,,0,0,0,0,0,0,0,0,0,0,0,0,0,0,0,0,,,,,,18-20,16-25,City street,U,Tuesday,Belt Used,PV,Not Fatal,1,0,0,0,City Street,Municipal/City Police,Spokane Police Department,0,0,0,1,0,,,,,,0,0,0,,,,,,,,,,,98,98,98,0,,,,,20,7,,,,,,,,1,0,,,,,,
2018,179,633324,2,06-12-2018,23:20,12,6,June,0,29,Island,0,1,0,2,1,2,1,0,2,2,,,,24,0,0,No vehicle,13.6,1,0,1,No intersection,3,1,1,3,0,0,0,0,SR-525,,-122.4409222,48.00401944,98239,0,1,1,Driver Off Road,13,2,55,80,0,0,1,7,24,3,1,2,1,14,Making a U turn,1,1,53,,0,7,25,2009,0,,12,63,40,30,1,38,1,1,20,1,7,,4,0,3,0,11,5,10/14/2020,01:36,2.11E+11,47763,0,0,0,0,1,39,,,,96,,,,,,98,,,,,,99223,53,69,120,0,0,0,0,1,2,,0,,,,,,3,06-15-2019,11-15-2020,8,0,0,0,0,9,8,,,0,,,8,8,2,695,605,151,1,1,1,2,1,0.081,,,,,,,,,,,,,,,,,,,,,,,,,,,,,,0,0,0,1,1,1,1,1,1,0,0,0,1,1,0,0,0,0,0,0,0,1,1,0,1,0,0,0,0,1,0,0,0,0,0,,1,0,0,0,0,1,1,1,0,1,0,1,0,0,0,1,,,,,,18-20,16-25,City street,U,Tuesday,Belt Used,PV,White,1,0,0,0,City Street,Municipal/City Police,Spokane Police Department,0,0,0,1,0,thc,20,carboxy-thc,36,,0,0,2,,,,,,,,,,,98,98,98,1,,,,,20,7,,,,,,,nms,1,0,,,,,,
2021,179,635629,39,06-06-2021,00:02,6,6,June,,61,Snohomish,0,2,,3,2,2,1,1,1,1,,,,8,1,0,No vehicle,0.9,3,0,2,4 Way,3,2,2,4,0,0,3,3,CR-128TH ST SW,8TH AVE W,-122.2442167,47.8819,98204,0,1,13,Pedestrian/Animal,80,5,35,99,0,0,1,5,8,1,1,5,1,1,Going Straight,99,9,99,,0,63,38,2016,0,,8,,,,,,1,1,27,1,0,,0,0,3,0,11,0,,,,,0,0,0,3,1,0,,,,13,,,,,,0,,,,,,98684,53,73,185,6,1,0,0,0,1,,0,,,,,,0,04-15-2018,04-15-2018,20,0,0,0,8,3,2,,,0,,,8,8,2,1,,,1,,,2,1,0,,,,,,,,,,,,,,,,,,,,,,,,,,,,,,0,0,0,0,0,0,0,0,0,0,0,0,0,0,0,0,1,0,0,0,0,0,0,0,0,0,0,0,0,1,0,1,0,0,0,,0,0,0,0,0,0,0,0,1,0,0,0,0,0,0,0,,,,,,26-30,26-35,State route,U,Monday,Belt Used,PV,Not Fatal,0,0,0,0,State Route,State Patrol,Washington State Patrol,0,1,0,0,0,,,,,,0,0,0,,,,,,,,,,,98,98,98,0,,,,,20,7,,,,,,,,1,0,,,,,,
2017,179,632596,1,05-27-2017,22:13,27,5,May,4,77,Yakima,0,1,0,2,1,2,1,0,1,1,,,,24,0,0,No vehicle,2.6,1,0,1,No intersection,5,1,2,4,0,0,0,0,CR-NILE RD,,-120.9342306,46.81926111,98937,0,1,2,Control/Traction Loss,13,2,35,80,0,0,1,5,24,3,1,2,1,14,Making a U turn,1,9,99,,0,35,398,1991,0,,8,,,,,,1,1,16,1,0,,0,0,3,0,11,0,,,,,0,0,3,3,1,10,,,,0,,,,,,0,,,,,,98092,53,69,125,6,2,0,0,0,0,,0,,,,,,0,,,20,0,0,0,8,9,8,,,0,,,8,8,0,0,,,0,,,0,0,996,,,,,,,,,,,,,,,,,,,,,,,,,,,,,,0,0,0,0,0,0,0,0,0,0,0,0,0,0,0,0,0,0,0,0,1,0,1,0,1,0,0,0,0,1,0,1,0,0,0,,0,0,0,0,0,0,0,0,0,0,0,0,0,0,0,0,,,,,,16-17,16-25,City street,U,Monday,Belt Used,PV,Not Fatal,0,0,0,0,City Street,Municipal/City Police,Auburn Police Department,0,0,0,1,0,,,,,,0,0,0,,,,,,,,,,,0,0,0,0,,,,,20,7,,,,,,,,1,0,,,,,,
2017,180,632562,2,05-29-2017,14:57,29,5,May,4,73,Whatcom,1210,1,0,1,1,2,1,0,2,2,,,,12,0,6,Angle,3.5,2,0,5,Traffic Circle,3,2,1,3,0,0,21,3,SR-546,NORTHWOOD RD,-122.407525,48.96405833,98264,0,1,86,Others,17,2,50,34,0,0,1,2,12,1,1,2,1,1,Going Straight,1,2,41,,0,20,481,1995,0,,63,69,68,68,63,35,1,1,64,1,7,,4,0,20,7,11,5,10-06-2020,21:32,1.84E+11,47645,0,0,0,3,1,0,,,,96,,,,,,9,,,,,,99166,53,66,185,6,1,0,0,0,0,,0,,,,,,3,,,20,1,9,0,0,9,8,,,0,,,8,1,8,95,,,96,,,2,1,0.29,,,,,,,,,,,,,,,,,,,,,,,,,,,,,,0,0,0,0,1,1,0,1,0,0,0,0,1,0,0,0,0,0,0,1,0,0,0,0,0,0,0,0,0,1,0,0,0,1,0,,1,0,0,0,0,1,0,1,0,1,0,0,0,1,0,1,,,,,,61-65,56-65,State route,R,Tuesday,Not Used,PV,White,0,1,0,0,State Route,State Patrol,Washington State Patrol,1,1,0,0,0,,,,,,0,0,0,,,,,,,,,,,0,0,0,1,,,,,20,7,,,,,,,,1,0,,,,,,
2021,180,635630,71,06-10-2021,00:01,10,6,June,,53,Pierce,210,1,,3,1,2,1,0,2,1,,,,59,0,0,No vehicle,11.9,3,0,3,T Intersection,3,2,1,3,0,0,3,3,SR-410,SR-165,-122.0363639,47.15806111,,0,1,7,Control/Traction Loss,9,1,35,2,0,0,1,2,59,3,2,2,1,14,Making a U turn,2,2,53,,0,54,421,2002,0,,64,1,,,,,1,1,29,2,6,,4,0,3,0,11,5,10-04-2020,21:23,2.59E+11,46532,0,0,3,3,1,0,,,,96,,,,,,9,,,,,,98902,53,67,155,6,1,0,1,0,1,,0,,,,,,0,02-15-2018,12-15-2020,20,0,0,0,0,9,8,,,0,,,1,8,2,128,177,996,1,1,1,2,1,0,,,,,,,,,,,,,,,,,,,,,,,,,,,,,,0,0,0,0,0,0,1,1,0,0,0,0,0,0,0,0,0,0,0,0,0,0,0,0,0,0,0,0,0,1,0,0,0,0,0,,1,0,0,0,0,0,1,1,0,0,0,0,0,0,1,0,,,,,,26-30,26-35,Interstate,R,Sunday,Belt Used,PV,Hispanic,0,1,0,0,State Route,State Patrol,Washington State Patrol,1,1,0,0,0,,,,,,0,0,0,1,1,1,,,996,996,401,417,,98,98,98,1,,,,,20,7,,,,,,,,1,0,,,,,,
2020,180,634819,173,06-18-2020,00:44,18,6,June,,53,Pierce,1124,1,,3,1,2,1,1,1,1,,,,8,0,0,No vehicle,0,1,0,1,No intersection,3,2,1,6,0,0,0,0,BRIDGEPORT WAY SW,,-122.5043694,47.14773056,98499,0,1,13,Pedestrian/Animal,80,5,35,4,0,0,1,2,8,1,2,4,1,1,Going Straight,1,1,53,,0,49,46,2014,0,,8,,,,,,1,1,54,1,0,,0,0,3,0,11,0,,,,,0,0,3,3,1,0,,,,96,,,,,,0,,,,,,98125,53,66,155,6,1,0,0,0,0,,0,,,,,,0,,,20,0,0,0,8,2,8,,,0,,,8,0,0,0,,,0,,,2,10,0,,,,,,,,,,,,,,,,,,,,,,,,,,,,,,0,0,0,1,0,0,0,0,0,0,0,0,0,0,0,0,0,0,0,0,0,0,0,0,0,0,0,0,0,1,0,1,0,0,0,,0,0,0,0,0,0,0,0,0,0,0,0,0,0,0,0,,,,,,51-55,46-55,State route,U,Saturday,Belt Used,PV,Not Fatal,1,0,0,0,State Route,Municipal/City Police,Renton Police Department,0,1,0,0,0,,,,,,0,0,0,,,,,,,,,,,98,98,98,0,,,,,20,7,,,,,,,,1,0,,,,,,