year,something,Cases,repjur,crash_dt,crash_tm,accday,Month,Month,holiday,county,co_char,city,weather,weather2,lightcond,surfcond,surftype,Number of Fatalities,nmforms,pforms,vforms,not_tm,arr_tm,hosp_tm,fhevent,hitrun,Manner of Collision,Manner of Collision,milepnt,reljunc,reljuncinter,intersectiontype,Intersection Type,funcsystem,landuse,ownership,route,schlbus,spejur,contdev,devfunc,trafid1,trafid2,x,y,zipcode,wk_zone,vnumber,crashtype,Crash Type,criticalevent,criticaleventcat,spdlim,body,trailer,emerg,hazcargo,leave,mhevent,roadalgn,roadprof,traflane,trafflow,Vehicle Manure,Vehicle Manure,numoccs,regowner,regstate,,spuse,make,model,modelyr,vrf1,vrf2,seqevent1,seqevent2,seqevent3,seqevent4,seqevent5,seqevent6,pnumber,ptype,age,sex,hispanic,race,injury,diedscene,restraint,restraintmisuse,seatpos,takehosp,death_dt,death_tm,cert,cernum_wa,commlic,licendor,licrestrict,liccomp,drivpres,drf1,drf2,drf3,drf4,distract1,distract2,distract3,distract4,distract5,distract6,dricond1,dricond2,dricond3,dricond4,dricond5,dricond6,dzip,licstate,drhgt_in,weight,noncdl,noncdltype,prevdwi,prevoth,prevacc,prevspd,prevsus,driviol1,driviol2,driviol3,driviol4,driviol5,driviol6,spdrel,first_dt,last_dt,airbag,ejection,ejectpath,extricat,injurwrk,methalc,methdrug,nmlocat,strikveh,prf1,prf2,prf3,druginv,alcinvol,drugsts,drugres1,drugres2,drugres3,drugtst1,drugtst2,drugtst3,alcsts,alctst,alcres,nmact1,nmact2,nmact3,nmact4,nmact5,nmact6,nmprior1,nmprior2,nmprior3,nmprior4,nmprior5,nmprior6,nmcond1,nmcond2,nmcond3,nmcond4,nmcond5,nmcond6,nmsafe_helmet,nmsafe_pads,nmsafe_oth,nmprev_ref,nmprev_lgt,nmprev_oth,crashlocation,nmcrashtype,crosswalk,schoolzone,sidewalk,train_inv,wildlife_inv,rotr_fars,intersect_fars,Drink and Drive,aid_inv,Drug Positive Drivers,Impaired Drivers,Marijuana Positive,impnm_inv,ainm_inv,dpnm_inv,speed_inv,unlic_inv,unendmc_inv,drowsy_inv,drdist_inv,nmdist_inv,fty_inv,unrestfat_inv,dr1617_inv,dr1820_inv,dr1620_inv,dr2125_inv,dr1625_inv,dr65_inv,dr70_inv,dr75_inv,mc_inv,pv_inv,ht_inv,ped_inv,bike_inv,unrest_fat,mc_fat,unhelmet_mc,pv_fat,ht_fat,ped_fat,bike_fat,dr_alc7,dr_alc8,dr_drug,dr_imp,dr_dist,dr_spd,dr_fty,dr_unlic,dr_alc7only,dr_alc8only,dr_drugonly,dr_drink,nm_imp,nm_alc7,nm_alc8,nm_drug,nm_dist,agegrp1,agegrp2,roadclass,urbrur,dayweek,restuse,vehtype,race_me,intersect,lanedep,oppdir,wrongway,rep_typ,investag,repag_long,rotr,st_rd,cty_rd,city_rd,oth_rd,drug_thc,thc_res,drug_cthc,cthc_res,drug_cann,prevpersemin,prevperse,prevsusoth,drugtst4,drugtst5,drugtst6,drugtst7,drugtst8,drugres4,drugres5,drugres6,drugres7,drugres8,adspresent,adsengaged,adslevel,race1,race2,race3,race4,race5,helmet,helmetmisuse,nmdistract1,nmdistract2,nmdistract3,nmdistract4,nmdistract5,nmdistract6,lab,isedtcase,crf1,crf2,crf3,CoRoadName,CoMP,IntCoRoadName,IntCoMP
2019,180,634108,290,06-10-2019,12:36,10,6,June,,53,Pierce,2230,1,0,1,0,0,1,1,1,1,,,,8,0,0,No vehicle,0,8,0,1,No intersection,7,2,4,6,0,0,0,0,N 26TH ST,N HIGHLAND ST,-122.5133222,47.27111944,98407,0,1,13,Pedestrian/Animal,80,5,0,14,0,0,1,5,8,0,0,0,0,11,Turning Red: Permitted on red,1,1,53,,0,72,706,2020,0,,1,,,,,,1,1,45,1,7,,4,0,20,7,11,5,10-02-2020,21:03,1.96E+11,46419,0,0,0,3,1,0,,,,12,,,,,,98,,,,,,83607,16,66,185,6,1,0,0,0,2,,0,,,,,,0,08-15-2018,07-15-2018,20,8,0,0,0,9,8,,,0,,,8,8,2,1,,,1,,,2,1,0.111,,,,,,,,,,,,,,,,,,,,,,,,,,,,,,0,0,0,0,1,1,0,1,0,0,0,0,0,0,0,0,1,0,0,0,0,0,0,0,0,0,0,0,1,0,0,0,0,0,1,0,0,0,0,0,0,1,0,1,1,0,0,0,0,1,0,1,,,,,,41-45,36-45,State route,R,Friday,,MC,White,0,0,0,0,State Route,State Patrol,Washington State Patrol,0,1,0,0,0,,,,,,0,0,0,,,,,,,,,,,0,0,0,1,,,,,5,0,,,,,,,,1,0,,,,,,
2018,180,633342,5,05-10-2018,21:10,10,5,May,0,11,Clark,2370,1,0,3,1,2,1,1,2,1,,,,8,0,0,No vehicle,1.9,1,0,1,No intersection,3,2,1,3,0,0,0,0,SR-14,,-122.6425444,45.61851944,98661,0,1,13,Pedestrian/Animal,80,5,60,34,0,0,1,5,8,1,1,2,3,1,Going Straight,2,1,53,,0,49,472,2004,0,,9,,,,,,1,1,64,1,0,,0,0,3,0,11,0,,,,,0,0,0,3,1,0,,,,96,,,,,,0,,,,,,98541,53,72,210,6,1,0,0,0,1,,0,,,,,,0,04-15-2020,04-15-2020,20,0,0,0,8,3,8,,,0,,,8,8,8,95,,,96,,,2,95,997,,,,,,,,,,,,,,,,,,,,,,,,,,,,,,0,0,0,0,0,0,0,0,0,0,0,0,0,0,0,0,0,0,0,0,0,0,0,0,0,0,0,0,0,1,0,0,1,0,0,,0,0,0,0,0,0,0,0,0,0,0,0,0,0,0,0,,,,,,61-65,56-65,US highway,R,Tuesday,Belt Used,PV,Not Fatal,0,0,0,0,State Route,State Patrol,Washington State Patrol,0,1,0,0,0,,,,,,0,0,0,,,,,,,,,,,98,98,98,0,,,,,20,7,,,,,,,,1,0,,,,,,
2017,180,632563,2,05-29-2017,14:57,29,5,May,4,73,Whatcom,1210,1,0,1,1,2,1,0,2,2,,,,12,0,6,Angle,3.5,2,0,5,Traffic Circle,3,2,1,3,0,0,21,3,SR-546,NORTHWOOD RD,-122.407525,48.96405833,98264,0,2,87,Others,66,4,55,66,1,0,1,5,12,3,1,1,4,14,Making a U turn,1,1,95,,0,7,442,1999,0,,12,,,,,,1,1,90,2,7,,4,0,3,0,11,5,10/13/2020,15:30,1.96E+11,47636,0,0,3,3,1,0,,,,96,,,,,,98,,,,,,98903,53,63,160,6,1,0,0,0,0,,0,,,,,,0,,,1,0,0,0,0,9,8,,,0,,,8,8,0,0,,,0,,,0,0,996,,,,,,,,,,,,,,,,,,,,,,,,,,,,,,0,0,0,1,0,0,0,0,0,0,0,0,0,0,0,0,0,0,1,0,0,0,0,1,1,1,1,1,0,1,0,0,0,0,0,,1,0,0,0,0,0,0,0,0,0,0,0,0,0,0,0,,,,,,81+,76+,City street,U,Monday,Belt Used,PV,White,1,0,0,0,City Street,Municipal/City Police,Yakima Police Department,0,0,0,1,0,,,,,,0,0,0,,,,,,,,,,,0,0,0,1,,,,,20,7,,,,,,,,1,0,,,,,,
2017,181,3630656,6,05-29-2017,23:53,29,5,May,4,17,Douglas,0,1,0,2,1,2,1,0,1,1,,,,24,0,0,No vehicle,138.6,1,0,1,No intersection,3,1,1,2,0,0,0,0,US-2,,-120.1303389,47.66018333,98858,0,1,6,Drive off road,12,2,60,80,0,0,1,2,24,2,2,2,1,14,Making a U turn,1,1,53,,0,35,47,2016,0,,12,,,,,,1,1,25,2,0,,2,0,3,0,11,5,,,,,0,0,0,3,1,10,38,39,,0,,,,,,98,,,,,,98901,53,62,145,6,1,0,1,0,0,,37,,,,,,0,10-15-2020,10-15-2020,1,0,0,0,8,9,8,,,0,,,8,8,0,0,,,0,,,0,0,996,,,,,,,,,,,,,,,,,,,,,,,,,,,,,,0,0,0,1,0,0,0,0,0,0,0,0,0,0,0,0,0,0,1,0,0,0,0,1,1,1,1,1,0,1,0,0,0,0,0,,0,0,0,0,0,0,0,0,0,0,1,0,0,0,0,0,,,,,,21-25,16-25,City street,U,Monday,Belt Used,PV,Not Fatal,1,0,0,0,City Street,Municipal/City Police,Yakima Police Department,0,0,0,1,0,,,,,,0,0,0,,,,,,,,,,,98,98,98,0,,,,,20,7,,,,,,,,1,0,,,,,,
2021,181,635614,1,06-06-2021,04:08,6,6,June,,71,Walla Walla,2390,10,,2,1,2,1,0,1,1,,,,1,0,0,No vehicle,0,1,0,1,No intersection,7,2,4,6,0,0,0,0,S HOWARD ST,,-118.3251194,46.065375,99362,0,1,98,Others,9,1,25,84,0,0,1,5,1,1,1,2,1,1,Going Straight,1,1,53,,0,35,421,2011,0,,12,,,,,,1,1,39,2,0,,0,0,3,0,11,0,,,,,0,0,3,3,1,0,,,,96,,,,,,0,,,,,,98031,53,62,130,6,1,0,0,0,0,,0,,,,,,0,,,20,0,0,0,8,9,8,,,0,,,8,8,0,0,,,0,,,0,0,996,,,,,,,,,,,,,,,,,,,,,,,,,,,,,,0,0,0,1,0,0,0,0,0,0,0,0,0,0,0,0,0,0,0,0,0,1,1,0,1,0,0,0,0,1,0,1,0,0,0,,0,0,0,0,0,0,0,0,0,0,0,0,0,0,0,0,,,,,,36-40,36-45,City street,U,Saturday,Belt Used,PV,Not Fatal,1,0,0,0,City Street,Municipal/City Police,Kent Police Department,0,0,0,1,0,,,,,,0,0,0,,,,,,,,,,,98,98,98,0,,,,,20,7,,,,,,,,1,0,,,,,,
2020,181,634821,14,06-12-2020,23:55,12,6,June,,11,Clark,0,10,,3,2,2,1,0,1,1,23:56,00:03,,32,0,0,No vehicle,0,3,0,3,T Intersection,5,2,2,4,0,0,3,3,CR-NE 137TH AVE,NE 99TH ST,-122.5320472,45.69364167,98682,0,1,14,Others,14,2,35,80,0,0,1,2,32,1,1,3,1,1,Going Straight,1,2,53,,0,49,51,2011,0,,12,12,,,,,1,1,20,1,0,,1,0,3,0,11,5,,,,,0,0,3,3,1,0,,,,96,,,,,,0,,,,,,98042,53,68,145,6,1,0,0,1,0,,0,,,,,,0,09-15-2018,09-15-2018,20,0,0,0,8,9,8,,,0,,,8,8,0,0,,,0,,,0,0,996,,,,,,,,,,,,,,,,,,,,,,,,,,,,,,0,0,0,1,0,0,0,0,0,0,0,0,0,0,0,0,0,0,0,0,0,1,1,0,1,0,0,0,0,1,0,1,0,0,0,,0,0,0,0,0,0,0,0,0,0,0,0,0,0,0,0,,,,,,18-20,16-25,City street,U,Saturday,Belt Used,PV,Not Fatal,1,0,0,0,City Street,Municipal/City Police,Kent Police Department,0,0,0,1,0,,,,,,0,0,0,,,,,,,,,,,98,98,98,0,,,,,20,7,,,,,,,,1,0,,,,,,
2019,181,634115,26,06-12-2019,00:09,12,6,June,,35,Kitsap,0,1,0,3,1,2,1,0,1,1,,,,24,0,0,No vehicle,0.4,1,0,1,No intersection,5,2,2,4,0,0,0,0,CR-HANSBERRY ST NW,,-122.6518861,47.61301389,98311,0,1,6,Drive off road,12,2,30,20,0,0,1,5,24,2,1,2,1,14,Making a U turn,1,1,53,,0,49,402,2003,0,,8,12,,,,,1,1,43,2,0,,1,0,3,0,11,5,,,,,0,0,3,3,1,0,,,,0,,,,,,1,,,,,,98042,53,61,150,6,1,0,0,0,0,,0,,,,,,0,,,20,0,0,0,8,9,8,,,0,,,8,8,0,0,,,0,,,0,0,996,,,,,,,,,,,,,,,,,,,,,,,,,,,,,,0,0,0,1,0,0,0,0,0,0,0,0,0,0,0,0,0,0,0,0,0,1,1,0,1,0,0,0,0,1,0,1,0,0,0,,0,0,0,0,0,0,0,0,0,0,0,0,0,0,0,0,,,,,,41-45,36-45,City street,U,Saturday,Belt Used,PV,Not Fatal,1,0,0,0,City Street,Municipal/City Police,Kent Police Department,0,0,0,1,0,,,,,,0,0,0,,,,,,,,,,,98,98,98,0,,,,,20,7,,,,,,,,1,0,,,,,,
2018,181,633328,3,06-17-2018,04:41,17,6,June,0,67,Thurston,1102,10,0,4,1,1,1,0,2,2,,,,12,0,2,Front-to-Front,110.5,1,0,1,No intersection,1,2,1,1,0,0,0,0,I-5,,-122.7972111,47.05850833,98509,0,2,51,Lateral Move(Going Straight),54,3,60,14,0,0,1,7,12,1,2,3,3,1,Going Straight,1,2,53,,0,55,36,2013,0,,10,,,,,,1,1,51,2,7,,4,7,3,0,11,0,10-04-2020,22:31,10053046438,46438,0,0,0,3,1,38,39,,,96,,,,,,98,,,,,,98444,53,66,129,6,1,0,0,0,0,,0,,,,,,0,,,8,1,9,0,9,9,8,,,0,,,8,8,2,1,,,1,,,2,1,0,,,,,,,,,,,,,,,,,,,,,,,,,,,,,,1,0,0,0,0,0,0,0,0,0,0,0,0,0,0,0,0,0,1,0,0,0,0,0,0,0,0,0,0,1,0,0,0,0,0,,1,0,0,0,0,0,0,0,0,0,1,0,0,0,0,0,,,,,,51-55,46-55,City street,U,Sunday,Belt Used,PV,Multiracial,1,0,0,0,City Street,Municipal/City Police,Auburn Police Department,0,0,0,1,0,,,,,,0,0,0,,,,,,,,,,,98,98,98,202,298,,,,20,7,,,,,,,,1,0,,,,,,
2018,181,633327,3,06-17-2018,04:41,17,6,June,0,67,Thurston,1102,10,0,4,1,1,1,0,2,2,,,,12,0,2,Front-to-Front,110.5,1,0,1,No intersection,1,2,1,1,0,0,0,0,I-5,,-122.7972111,47.05850833,98509,0,1,50,Lateral Move(Left/Right),54,3,98,4,0,0,1,7,12,1,2,3,3,1,Going Straight,1,1,53,,0,49,40,2005,0,,8,,,,,,1,1,16,1,0,,0,0,3,0,11,0,,,,,0,0,2,3,1,38,39,73,,6,,,,,,98,,,,,,98001,53,67,180,6,2,0,0,0,0,,97,,,,,,0,,,20,0,0,0,8,3,8,,,0,,,8,8,0,0,,,0,,,0,0,996,,,,,,,,,,,,,,,,,,,,,,,,,,,,,,0,0,0,1,0,0,0,0,0,0,0,0,0,0,0,0,1,0,1,0,1,0,1,0,1,0,0,0,0,1,0,1,0,0,0,,0,0,0,0,0,0,0,0,1,0,1,0,0,0,0,0,,,,,,16-17,16-25,City street,U,Wednesday,Belt Used,PV,Not Fatal,1,0,0,0,City Street,Municipal/City Police,Auburn Police Department,0,0,0,1,0,,,,,,0,0,0,,,,,,,,,,,98,98,98,0,,,,,20,7,,,,,,,,1,0,,,,,,
2019,182,634117,7,06-07-2019,15:53,7,6,June,,33,King,1640,10,0,1,2,2,1,0,2,2,,,,1,0,0,No vehicle,13.4,1,0,1,No intersection,3,2,1,3,0,0,0,0,SR-167,,-122.2596194,47.27153333,98047,0,2,98,Others,98,7,60,80,0,0,1,5,12,1,1,2,3,15,Others,1,1,6,,0,72,706,2005,0,,68,64,59,1,,,1,1,58,1,7,,4,7,20,7,11,0,09/22/2020,20:30,53044777,44777,0,0,0,3,1,0,,,,96,,,,,,9,,,,,,98274,53,71,190,6,1,0,0,0,1,,0,,,,,,4,08-15-2017,06-15-2017,20,8,0,0,0,1,8,,,0,,,0,1,2,1,,,1,,,2,1,0.148,,,,,,,,,,,,,,,,,,,,,,,,,,,,,,0,0,1,0,1,1,0,1,0,0,0,0,1,0,0,0,0,0,0,0,0,0,0,0,0,0,0,0,1,0,0,0,0,0,1,0,0,0,0,0,0,1,0,1,0,1,0,0,0,1,0,1,,,,,,56-60,56-65,County road,R,Tuesday,,MC,White,0,1,0,0,County Road,State Patrol,Washington State Patrol,1,0,1,0,0,,,,,,0,0,1,,,,,,,,,,,0,0,0,1,,,,,5,0,,,,,,,,1,0,,,BOW HILL ROAD,1.174,,
2019,182,634116,7,06-07-2019,15:53,7,6,June,,33,King,1640,10,0,1,2,2,1,0,2,2,,,,1,0,0,No vehicle,13.4,1,0,1,No intersection,3,2,1,3,0,0,0,0,SR-167,,-122.2596194,47.27153333,98047,0,1,98,Others,9,1,60,80,0,0,1,2,1,1,1,2,3,15,Others,1,1,6,,0,84,881,2011,0,,12,,,,,,1,1,36,1,0,,0,0,3,0,11,0,,,,,99,9,9,9,1,0,,,,96,,,,,,0,,,,,,0,95,,999,9,9,99,99,99,99,,0,,,,,,0,,,20,0,0,0,8,9,8,,,0,,,8,8,2,1,,,1,,,2,1,0,,,,,,,,,,,,,,,,,,,,,,,,,,,,,,0,0,0,0,0,0,1,1,0,0,0,0,1,1,0,0,0,0,0,1,0,0,0,0,0,0,0,0,0,1,1,0,0,0,0,,0,0,0,0,0,0,0,0,0,0,0,0,0,0,0,0,,,,,,36-40,36-45,Interstate,U,Monday,,MHTRUCK,Not Fatal,0,1,0,0,State Route,State Patrol,Washington State Patrol,1,1,0,0,0,,,,,,99,99,99,,,,,,,,,,,98,98,98,0,,,,,20,7,,,,,,,,1,0,,,,,,
2020,182,634822,2,06-12-2020,21:56,12,6,June,,57,Skagit,50,2,,2,2,1,1,1,3,1,,,,15,0,0,No vehicle,48,2,0,2,4 Way,3,2,1,3,0,0,3,3,SR-20,CHRISTIANSEN RD,-122.5709806,48.46281944,,0,1,13,Pedestrian/Animal,83,5,55,4,0,0,1,2,15,1,1,2,3,1,Going Straight,3,1,53,,0,37,441,2003,0,,63,24,69,12,,,1,1,36,2,7,,4,7,20,7,11,0,09/14/2020,05:07,69053043867,43867,0,0,0,1,1,0,,,,96,,,,,,9,,,,,,98201,53,62,125,1,1,0,0,0,0,,0,,,,,,4,,,8,1,9,0,0,9,8,,,0,,,1,8,2,401,417,,1,1,,2,1,0,,,,,,,,,,,,,,,,,,,,,,,,,,,,,,0,0,0,0,0,0,1,1,0,0,0,0,1,1,0,0,0,0,0,1,0,0,0,0,0,0,0,0,0,1,1,0,0,1,0,,1,0,0,0,0,0,1,1,0,1,0,1,0,0,1,0,,,,,,36-40,36-45,Interstate,U,Monday,Not Used,PV,White,0,1,0,0,State Route,State Patrol,Washington State Patrol,1,1,0,0,0,,,,,,0,0,0,,,,,,,,,,,98,98,98,1,,,,,20,7,,,,,,,,1,0,,,,,,
2018,182,633329,56,06-17-2018,09:24,17,6,June,0,35,Kitsap,111,1,0,1,1,2,1,2,1,1,09:25,09:30,,8,0,0,No vehicle,0,1,0,1,No intersection,4,2,4,6,0,0,0,0,FINCH RD NE,,-122.5370056,47.63126944,98110,0,1,13,Pedestrian/Animal,11,2,30,14,0,0,1,7,8,1,1,2,1,1,Going Straight,1,2,53,,0,82,881,2019,0,,8,,,,,,1,1,52,1,0,,0,0,3,0,11,0,,,,,6,1,0,3,1,0,,,,96,,,,,,0,,,,,,99022,53,66,200,6,1,0,0,0,0,,0,,,,,,0,,,20,0,0,0,8,3,2,,,0,,,8,8,0,0,,,0,,,0,0,996,,,,,,,,,,,,,,,,,,,,,,,,,,,,,,0,0,0,1,0,0,0,0,0,1,0,1,0,0,0,0,0,0,0,0,0,0,0,0,0,0,0,0,0,0,1,1,0,0,0,,0,0,0,0,0,0,0,0,0,0,0,0,0,0,0,0,,,,,,51-55,46-55,City street,U,Friday,,MHTRUCK,Not Fatal,1,0,0,0,City Street,Municipal/City Police,Spokane Police Department,0,0,0,1,0,,,,,,0,0,0,,,,,,,,,,,98,98,98,0,,,,,20,7,,,,,,,,1,0,,,,,,
2017,182,632583,2,05-29-2017,20:20,29,5,May,4,29,Island,0,1,0,1,1,2,1,0,4,2,,,,12,0,2,Front-to-Front,1.9,1,0,1,No intersection,6,1,2,4,0,0,0,0,CR-BAILEY RD,,-122.4046056,47.93839444,98236,0,2,51,Lateral Move(Going Straight),54,3,35,84,0,0,1,5,12,3,1,2,1,14,Making a U turn,1,1,53,,0,12,471,1998,0,,12,,,,,,1,1,32,1,0,,0,0,3,0,11,0,,,,,0,0,0,3,1,0,,,,96,,,,,,98,,,,,,99207,53,72,200,6,1,0,0,0,1,,0,,,,,,0,01-15-2018,01-15-2018,1,0,0,0,8,9,8,,,0,,,8,8,8,95,,,96,,,8,95,995,,,,,,,,,,,,,,,,,,,,,,,,,,,,,,0,0,0,1,1,1,0,1,0,0,0,0,0,0,0,0,0,0,1,0,0,0,0,0,0,0,0,0,0,1,0,0,0,0,0,,0,0,0,0,0,0,0,0,0,0,0,0,0,0,0,0,,,,,,31-35,26-35,US highway,U,Friday,Belt Used,PV,Not Fatal,1,0,0,0,State Route,State Patrol,Spokane State Patrol,0,1,0,0,0,,,,,,0,0,0,,,,,,,,,,,0,0,0,0,,,,,20,7,,,,,,,,1,0,,,,,,
2017,182,632582,2,05-29-2017,20:20,29,5,May,4,29,Island,0,1,0,1,1,2,1,0,4,2,,,,12,0,2,Front-to-Front,1.9,1,0,1,No intersection,6,1,2,4,0,0,0,0,CR-BAILEY RD,,-122.4046056,47.93839444,98236,0,1,50,Lateral Move(Left/Right),10,2,35,3,0,0,1,2,12,2,1,2,1,6,Others,3,2,53,,0,48,401,2015,0,,12,,,,,,1,1,36,2,7,,4,7,3,0,11,0,09/25/2020,19:38,53045058,45058,0,0,0,3,1,38,,,,96,,,,,,9,,,,,,99005,53,61,160,6,1,0,0,0,0,,0,,,,,,0,,,8,0,0,0,0,1,8,,,0,,,8,1,8,95,,,96,,,2,1,0.33,,,,,,,,,,,,,,,,,,,,,,,,,,,,,,0,0,0,1,1,1,0,1,0,0,0,0,0,0,0,0,0,0,1,0,0,0,0,0,0,0,0,0,0,1,0,0,0,0,0,,1,0,0,0,0,1,0,1,0,0,1,0,0,1,0,1,,,,,,36-40,36-45,US highway,U,Friday,Belt Used,PV,White,1,0,0,0,State Route,State Patrol,Spokane State Patrol,0,1,0,0,0,,,,,,0,0,0,,,,,,,,,,,98,98,98,1,,,,,20,7,,,,,,,,1,0,,,,,,
2019,183,634120,129,06-01-2019,13:28,1,6,June,,53,Pierce,747,1,0,1,1,2,1,0,2,2,,,,12,0,2,Front-to-Front,0,3,0,2,4 Way,7,2,4,6,0,3,0,0,12TH ST E,54TH AVE E,-122.357675,47.24625278,98424,0,1,50,Lateral Move(Left/Right),6,1,98,4,0,0,1,7,12,1,1,3,1,1,Going Straight,1,2,16,,0,12,481,2001,0,,68,64,38,67,30,69,1,1,57,1,6,,4,7,3,0,11,0,09/23/2020,07:58,53044083,44083,0,0,3,3,1,0,,,,92,,,,,,98,,,,,,98930,53,71,250,6,1,0,0,0,0,,0,,,,,,0,,,8,0,0,0,0,9,8,,,0,,,8,8,2,996,,,1,,,2,1,0,,,,,,,,,,,,,,,,,,,,,,,,,,,,,,0,0,1,0,0,0,1,1,0,0,0,0,0,0,0,0,1,0,0,0,0,0,0,0,0,0,0,0,0,1,0,0,0,0,0,,1,0,0,0,0,0,1,1,1,0,0,0,0,0,1,0,,,,,,56-60,56-65,County road,R,Wednesday,Belt Used,PV,Hispanic,0,1,0,0,County Road,County Sheriff,Yakima County Sheriff's Office,1,0,1,0,0,,,,,,0,0,0,,,,,,,,,,,98,98,98,98,,,,,20,7,,,,,,,,1,0,,,WANETA RD.,1.37,,
2017,183,3751757,40,05-17-2017,,17,5,May,,63,Spokane,0,1,0,1,1,2,1,0,1,1,06:44,07:02,,1,0,0,No vehicle,7.2,1,0,1,No intersection,5,1,2,4,0,0,0,0,CR-ROCK LAKE RD,,-117.5895556,47.34524722,,0,1,6,Drive off road,12,2,55,14,0,0,1,2,1,3,1,2,1,14,Making a U turn,1,2,53,,0,49,472,1995,0,,12,,,,,,1,1,29,1,0,,0,0,3,0,11,0,,,,,0,0,0,3,1,0,,,,96,,,,,,0,,,,,,98225,53,69,180,6,1,0,0,0,0,,0,,,,,,0,,,20,0,0,0,8,9,8,,,0,,,8,8,0,0,,,0,,,0,0,996,,,,,,,,,,,,,,,,,,,,,,,,,,,,,,0,0,1,0,0,0,0,0,0,0,0,0,1,0,0,0,0,0,0,0,0,0,0,1,1,0,0,0,1,1,0,0,0,0,0,,0,0,0,0,0,0,0,0,0,0,0,0,0,0,0,0,,,,,,26-30,26-35,State route,R,Saturday,Belt Used,PV,Not Fatal,0,1,0,0,State Route,State Patrol,Washington State Patrol,1,1,0,0,0,,,,,,0,0,0,,,,,,,,,,,0,0,0,0,,,,,20,7,,,,,,,,1,0,,,,,,
2021,183,635632,5,06-18-2021,15:45,18,6,June,,41,Lewis,0,1,,1,1,2,1,0,2,2,,,,12,0,1,Front-to-Rear,117.1,2,0,2,4 Way,3,1,1,2,0,0,0,0,US-12,YOUNG RD,-121.9078,46.53407222,98377,0,2,25,Others,53,3,45,14,0,0,1,5,12,1,1,2,1,11,Turning Red: Permitted on red,1,1,53,,0,76,705,2017,0,,68,64,1,69,12,,1,1,25,1,7,,4,7,20,7,11,0,09/26/2020,09:53,23053045456,45456,0,0,0,3,1,0,,,,96,,,,,,98,,,,,,98225,53,75,200,6,1,0,1,0,1,,0,,,,,,4,11-15-2018,04-15-2019,20,8,0,0,0,9,8,,,0,,,8,8,2,1,,,1,,,2,1,0,,,,,,,,,,,,,,,,,,,,,,,,,,,,,,0,0,1,0,0,0,0,0,0,0,0,0,1,0,0,0,0,0,0,0,0,0,0,1,1,0,0,0,1,1,0,0,0,0,1,0,0,0,0,0,0,0,0,0,0,1,0,0,0,0,0,0,,,,,,21-25,16-25,State route,R,Saturday,,MC,White,0,1,0,0,State Route,State Patrol,Washington State Patrol,1,1,0,0,0,,,,,,0,0,0,,,,,,,,,,,0,0,0,1,,,,,5,0,,,,,,,,1,0,,,,,,
2021,183,635631,5,06-18-2021,15:45,18,6,June,,41,Lewis,0,1,,1,1,2,1,0,2,2,,,,12,0,1,Front-to-Rear,117.1,2,0,2,4 Way,3,1,1,2,0,0,0,0,US-12,YOUNG RD,-121.9078,46.53407222,98377,0,1,24,Others,51,3,45,80,0,0,1,5,12,1,1,2,1,6,Others,1,1,53,,0,7,472,1993,0,,8,,,,,,1,1,49,2,0,,0,0,3,0,11,0,,,,,0,0,0,3,1,0,,,,96,,,,,,98,,,,,,98271,53,72,175,6,1,0,0,0,1,,0,,,,,,0,09-15-2018,09-15-2018,20,0,0,0,8,9,8,,,0,,,8,8,2,401,417,,1,1,,2,1,0,,,,,,,,,,,,,,,,,,,,,,,,,,,,,,0,0,0,0,0,0,1,1,0,1,0,1,0,0,0,0,0,0,0,0,0,0,0,0,0,0,0,0,0,1,0,1,0,0,0,,0,0,0,0,0,0,1,1,0,0,0,0,0,0,1,0,,,,,,46-50,46-55,County road,R,Saturday,Belt Used,PV,Not Fatal,0,0,0,0,County Road,County Sheriff,Snohomish County Sheriff's Office,0,0,1,0,0,,,,,,0,0,0,,,,,,,,,,,0,0,0,0,,,,,20,7,,,,,,,,1,0,,,33RD AVE NE,0.064,,
2020,183,634823,44,06-13-2020,12:20,13,6,June,,71,Walla Walla,0,1,,1,1,4,1,0,3,1,15:33,15:47,18:00,1,0,0,No vehicle,4.5,1,0,1,No intersection,6,1,2,4,0,0,0,0,CR-BYRNES RD,,-118.7679556,46.05686944,,0,1,98,Others,9,1,50,96,0,0,1,5,1,2,1,8,1,14,Making a U turn,3,2,53,,0,48,34,1997,0,,12,,,,,,1,1,45,1,7,,4,0,3,0,11,5,10-05-2020,19:30,1.96E+11,48968,0,0,3,2,1,0,,,,92,,,,,,98,,,,,,98404,53,69,150,1,1,0,1,0,0,,97,,,,,,0,02-15-2018,02-15-2018,8,0,0,0,0,9,8,,,0,,,8,8,8,95,,,96,,,8,95,995,,,,,,,,,,,,,,,,,,,,,,,,,,,,,,0,0,0,1,0,0,0,0,0,0,0,0,1,1,0,0,1,0,0,0,0,1,1,0,1,0,0,0,0,1,1,0,0,0,0,,1,0,0,0,0,0,0,0,1,0,0,1,0,0,0,0,,,,,,41-45,36-45,City street,U,Tuesday,Belt Used,PV,Black,1,0,0,0,City Street,Municipal/City Police,Tacoma Police Department,0,0,0,1,0,,,,,,0,0,1,,,,,,,,,,,0,0,0,2,,,,,20,7,,,,,,,,1,0,,,,,,