year,something,Cases,repjur,crash_dt,crash_tm,accday,Month,Month,holiday,county,co_char,city,weather,weather2,lightcond,surfcond,surftype,Number of Fatalities,nmforms,pforms,vforms,not_tm,arr_tm,hosp_tm,fhevent,hitrun,Manner of Collision,Manner of Collision,milepnt,reljunc,reljuncinter,intersectiontype,Intersection Type,funcsystem,landuse,ownership,route,schlbus,spejur,contdev,devfunc,trafid1,trafid2,x,y,zipcode,wk_zone,vnumber,crashtype,Crash Type,criticalevent,criticaleventcat,spdlim,body,trailer,emerg,hazcargo,leave,mhevent,roadalgn,roadprof,traflane,trafflow,Vehicle Manure,Vehicle Manure,numoccs,regowner,regstate,,spuse,make,model,modelyr,vrf1,vrf2,seqevent1,seqevent2,seqevent3,seqevent4,seqevent5,seqevent6,pnumber,ptype,age,sex,hispanic,race,injury,diedscene,restraint,restraintmisuse,seatpos,takehosp,death_dt,death_tm,cert,cernum_wa,commlic,licendor,licrestrict,liccomp,drivpres,drf1,drf2,drf3,drf4,distract1,distract2,distract3,distract4,distract5,distract6,dricond1,dricond2,dricond3,dricond4,dricond5,dricond6,dzip,licstate,drhgt_in,weight,noncdl,noncdltype,prevdwi,prevoth,prevacc,prevspd,prevsus,driviol1,driviol2,driviol3,driviol4,driviol5,driviol6,spdrel,first_dt,last_dt,airbag,ejection,ejectpath,extricat,injurwrk,methalc,methdrug,nmlocat,strikveh,prf1,prf2,prf3,druginv,alcinvol,drugsts,drugres1,drugres2,drugres3,drugtst1,drugtst2,drugtst3,alcsts,alctst,alcres,nmact1,nmact2,nmact3,nmact4,nmact5,nmact6,nmprior1,nmprior2,nmprior3,nmprior4,nmprior5,nmprior6,nmcond1,nmcond2,nmcond3,nmcond4,nmcond5,nmcond6,nmsafe_helmet,nmsafe_pads,nmsafe_oth,nmprev_ref,nmprev_lgt,nmprev_oth,crashlocation,nmcrashtype,crosswalk,schoolzone,sidewalk,train_inv,wildlife_inv,rotr_fars,intersect_fars,Drink and Drive,aid_inv,Drug Positive Drivers,Impaired Drivers,Marijuana Positive,impnm_inv,ainm_inv,dpnm_inv,speed_inv,unlic_inv,unendmc_inv,drowsy_inv,drdist_inv,nmdist_inv,fty_inv,unrestfat_inv,dr1617_inv,dr1820_inv,dr1620_inv,dr2125_inv,dr1625_inv,dr65_inv,dr70_inv,dr75_inv,mc_inv,pv_inv,ht_inv,ped_inv,bike_inv,unrest_fat,mc_fat,unhelmet_mc,pv_fat,ht_fat,ped_fat,bike_fat,dr_alc7,dr_alc8,dr_drug,dr_imp,dr_dist,dr_spd,dr_fty,dr_unlic,dr_alc7only,dr_alc8only,dr_drugonly,dr_drink,nm_imp,nm_alc7,nm_alc8,nm_drug,nm_dist,agegrp1,agegrp2,roadclass,urbrur,dayweek,restuse,vehtype,race_me,intersect,lanedep,oppdir,wrongway,rep_typ,investag,repag_long,rotr,st_rd,cty_rd,city_rd,oth_rd,drug_thc,thc_res,drug_cthc,cthc_res,drug_cann,prevpersemin,prevperse,prevsusoth,drugtst4,drugtst5,drugtst6,drugtst7,drugtst8,drugres4,drugres5,drugres6,drugres7,drugres8,adspresent,adsengaged,adslevel,race1,race2,race3,race4,race5,helmet,helmetmisuse,nmdistract1,nmdistract2,nmdistract3,nmdistract4,nmdistract5,nmdistract6,lab,isedtcase,crf1,crf2,crf3,CoRoadName,CoMP,IntCoRoadName,IntCoMP
2019,183,634121,129,06-01-2019,13:28,1,6,June,,53,Pierce,747,1,0,1,1,2,1,0,2,2,,,,12,0,2,Front-to-Front,0,3,0,2,4 Way,7,2,4,6,0,3,0,0,12TH ST E,54TH AVE E,-122.357675,47.24625278,98424,0,2,51,Lateral Move(Going Straight),62,4,25,15,0,0,1,7,12,1,1,3,1,1,Going Straight,1,1,53,,0,7,482,2015,0,,12,14,,,,,1,1,18,1,0,,1,0,3,0,11,0,,,,,0,0,0,0,1,0,,,,96,,,,,,98,,,,,,98404,53,74,320,0,0,0,0,0,0,,97,,,,,,3,,,8,0,0,0,8,9,8,,,0,,,8,8,8,95,,,96,,,8,95,995,,,,,,,,,,,,,,,,,,,,,,,,,,,,,,0,0,0,1,0,0,0,0,0,0,0,0,1,1,0,0,1,0,0,0,0,1,1,0,1,0,0,0,0,1,1,0,0,0,0,,0,0,0,0,0,0,0,0,0,1,0,1,0,0,0,0,,,,,,18-20,16-25,City street,U,Tuesday,Belt Used,PV,Not Fatal,1,0,0,0,City Street,Municipal/City Police,Tacoma Police Department,0,0,0,1,0,,,,,,0,0,0,,,,,,,,,,,98,98,98,0,,,,,20,7,,,,,,,,1,0,,,,,,
2018,183,633330,25,06-13-2018,05:34,13,6,June,0,33,King,0,2,0,1,2,2,2,0,2,1,,,,42,0,0,No vehicle,7.1,1,0,1,No intersection,4,2,2,4,0,0,0,0,CR-E VALLEY HWY S,,-122.2299083,47.36083611,98030,0,1,7,Control/Traction Loss,6,1,40,2,0,0,1,7,42,1,1,4,1,1,Going Straight,2,1,53,,0,58,37,2009,0,,8,,,,,,1,1,33,2,0,,0,0,3,0,11,0,,,,,0,0,3,3,1,0,,,,96,,,,,,98,,,,,,98422,53,64,165,6,1,0,0,0,0,,0,,,,,,0,,,20,0,0,0,8,9,8,,,0,,,8,8,8,95,,,96,,,8,95,995,,,,,,,,,,,,,,,,,,,,,,,,,,,,,,0,0,0,0,0,0,0,0,0,1,1,0,0,0,0,0,0,1,0,0,0,0,0,0,0,0,0,0,0,1,0,1,0,0,0,,0,0,0,0,0,0,0,0,0,0,0,0,0,0,0,0,,,,,,31-35,26-35,City street,U,Friday,Belt Used,PV,Not Fatal,0,0,0,0,City Street,Municipal/City Police,Federal Way Dept of Public Safety,0,0,0,1,0,,,,,,0,0,0,,,,,,,,,,,98,98,98,0,,,,,20,7,,,,,,,,1,0,,,,,,
2018,184,3578846,263,06-13-2018,10:13,13,6,June,0,33,King,1960,1,0,1,1,2,1,1,1,1,,,,8,0,0,No vehicle,0,3,0,3,T Intersection,3,2,4,6,0,0,2,3,15TH AVE W,W ARMORY,-122.3762139,47.63767222,98119,0,1,13,Pedestrian/Animal,80,5,30,34,0,0,1,7,8,1,1,5,1,1,Going Straight,1,1,53,,0,20,421,2004,0,,68,64,42,,,,1,1,20,2,7,,4,0,20,7,11,5,09/26/2020,01:50,69053044837,44837,0,0,0,3,1,0,,,,92,,,,,,98,,,,,,98394,53,69,135,6,1,0,1,1,2,,0,,,,,,0,01-15-2017,05-15-2019,20,2,1,1,0,9,8,,,0,,,8,8,2,401,417,,1,1,,2,1,0,,,,,,,,,,,,,,,,,,,,,,,,,,,,,,0,0,1,0,0,0,1,1,0,0,0,0,0,0,0,0,1,0,0,1,0,1,1,0,1,0,0,0,0,1,0,0,0,1,0,,1,0,0,0,0,0,1,1,1,0,0,0,0,0,1,0,,,,,,18-20,16-25,County road,R,Friday,Not Used,PV,White,0,1,0,0,County Road,County Sheriff,Snohomish County Sheriff's Office,1,0,1,0,0,,,,,,0,0,1,,,,,,,,,,,98,98,98,1,,,,,20,7,,,,,,,,1,0,,,311TH AVE SE,8.54,,
2021,184,635634,5,06-14-2021,13:28,14,6,June,,11,Clark,0,2,,1,2,2,3,0,5,2,,,,12,0,2,Front-to-Front,14.6,1,0,1,No intersection,4,1,1,3,0,0,0,0,SR-503,,-122.516425,45.87146111,98675,0,2,51,Lateral Move(Going Straight),62,4,50,5,0,0,1,2,12,3,2,2,1,14,Making a U turn,4,2,53,,0,99,999,9999,0,,8,,,,,,1,1,999,9,0,,9,0,99,7,11,0,,,,,99,9,9,9,1,0,,,,96,,,,,,98,,,,,,99999,99,,999,9,9,99,99,99,99,,97,,,,,,0,,,99,9,0,0,8,9,8,,,0,,,8,8,0,0,,,0,,,0,0,996,,,,,,,,,,,,,,,,,,,,,,,,,,,,,,0,0,0,0,0,0,0,0,0,1,1,0,0,0,0,0,0,0,0,0,0,0,0,0,0,0,0,0,0,0,0,1,0,0,0,,0,0,0,0,0,0,0,0,0,0,0,0,0,0,0,0,,,,,,,,County road,R,Saturday,,NR-U,Not Fatal,0,0,0,0,County Road,County Sheriff,Law Enforcement Support Agency,0,0,1,0,0,,,,,,99,99,99,,,,,,,,,,,98,98,98,0,,,,,20,7,,,,,,,,1,0,,,ORVILLE RD E,8.71,,
2021,184,635633,5,06-14-2021,13:28,14,6,June,,11,Clark,0,2,,1,2,2,3,0,5,2,,,,12,0,2,Front-to-Front,14.6,1,0,1,No intersection,4,1,1,3,0,0,0,0,SR-503,,-122.516425,45.87146111,98675,0,1,50,Lateral Move(Left/Right),10,2,50,34,0,0,1,2,12,2,2,2,1,14,Making a U turn,1,1,53,,0,20,421,2005,0,,12,,,,,,1,1,41,2,0,,0,0,3,0,11,0,,,,,0,0,0,3,1,0,,,,96,,,,,,0,,,,,,98208,53,67,173,6,1,0,0,0,0,,0,,,,,,0,,,20,0,0,0,8,9,8,,,0,,,8,8,0,0,,,0,,,0,0,996,,,,,,,,,,,,,,,,,,,,,,,,,,,,,,0,0,0,1,1,1,1,1,1,0,0,0,0,0,1,0,0,0,0,0,0,0,0,0,0,0,0,0,1,1,0,0,0,0,0,,0,0,0,0,0,0,0,0,0,0,0,0,0,0,0,0,,,,,,41-45,36-45,State route,U,Saturday,Belt Used,PV,Not Fatal,1,0,0,0,State Route,Municipal/City Police,Everett Police Department,0,1,0,0,0,,,,,,0,0,0,,,,,,,,,,,98,98,98,0,,,,,20,7,,,,,,,,1,0,,,,,,
2020,184,634824,4,06-13-2020,02:50,13,6,June,,1,Adams,0,2,,2,2,2,1,0,1,1,,,,58,0,0,No vehicle,27.1,1,0,1,No intersection,3,1,1,3,0,0,0,0,SR-17,,-119.1443778,46.89894167,99344,0,1,1,Driver Off Road,13,2,60,34,0,0,1,2,1,1,1,2,1,1,Going Straight,1,1,53,,0,72,706,2005,0,,12,,,,,,1,1,39,1,7,,4,0,20,7,11,5,09/26/2020,22:39,69053045218,45218,0,0,0,2,1,39,,,,96,,,,,,9,,,,,,98201,53,71,180,6,1,0,1,0,0,,0,,,,,,0,06-15-2016,06-15-2016,20,8,0,0,0,9,8,,,0,,,8,1,2,695,605,,1,1,,2,1,0.181,,,,,,,,,,,,,,,,,,,,,,,,,,,,,,0,0,0,1,1,1,1,1,1,0,0,0,0,0,1,0,0,0,0,0,0,0,0,0,0,0,0,0,1,1,0,0,0,0,1,0,0,0,0,0,0,1,1,1,0,0,0,0,0,0,0,1,,,,,,36-40,36-45,State route,U,Saturday,,MC,White,1,0,0,0,State Route,Municipal/City Police,Everett Police Department,0,1,0,0,0,thc,11,carboxy-thc,33,,0,0,0,,,,,,,,,,,0,0,0,1,,,,,19,0,,,,,,,nms,1,0,,,,,,
2019,184,634123,3,06-10-2019,11:40,10,6,June,,53,Pierce,0,1,0,1,1,2,1,0,2,2,,,,12,0,2,Front-to-Front,37.9,1,0,1,No intersection,4,1,1,3,0,0,0,0,SR-507,,-122.5129,47.01805833,98580,0,2,51,Lateral Move(Going Straight),62,4,55,63,1,0,1,7,12,1,1,2,1,1,Going Straight,1,3,53,,0,49,472,2009,0,,12,,,,,,1,1,62,1,0,,0,0,3,0,11,0,,,,,6,0,0,3,1,0,,,,96,,,,,,0,,,,,,98903,53,71,180,6,1,0,0,0,0,,0,,,,,,0,,,1,0,0,0,8,9,8,,,0,,,8,8,0,0,,,0,,,0,0,996,,,,,,,,,,,,,,,,,,,,,,,,,,,,,,0,0,0,0,0,0,1,1,0,0,0,0,0,0,0,0,0,0,0,0,0,0,0,0,0,0,0,0,0,1,0,0,0,0,0,,0,0,0,0,0,0,0,0,0,0,0,0,0,0,0,0,,,,,,61-65,56-65,Interstate,U,Tuesday,Belt Used,PV,Not Fatal,0,0,0,1,State Route,State Patrol,Washington State Patrol,0,1,0,0,0,,,,,,0,0,0,,,,,,,,,,,98,98,98,0,,,,,20,7,,,,,,,,1,0,,,,,,
2019,184,634122,3,06-10-2019,11:40,10,6,June,,53,Pierce,0,1,0,1,1,2,1,0,2,2,,,,12,0,2,Front-to-Front,37.9,1,0,1,No intersection,4,1,1,3,0,0,0,0,SR-507,,-122.5129,47.01805833,98580,0,1,50,Lateral Move(Left/Right),10,2,55,14,0,0,1,2,12,1,1,2,1,1,Going Straight,1,2,53,,0,7,482,2017,0,,12,12,,,,,1,1,60,1,0,,3,0,3,0,11,5,,,,,6,0,3,3,1,0,,,,96,,,,,,0,,,,,,98936,53,69,206,6,1,1,1,0,2,,0,,,,,,0,08-15-2016,11-15-2017,1,0,0,0,8,9,8,,,0,,,8,8,0,0,,,0,,,0,0,996,,,,,,,,,,,,,,,,,,,,,,,,,,,,,,0,0,0,0,0,0,1,1,0,0,0,0,0,0,0,0,0,0,0,0,0,0,0,0,0,0,0,0,0,1,0,0,0,0,0,,0,0,0,0,0,0,0,0,0,0,0,0,0,0,0,0,,,,,,56-60,56-65,Interstate,U,Tuesday,Belt Used,PV,Not Fatal,0,0,0,1,State Route,State Patrol,Washington State Patrol,0,1,0,0,0,,,,,,0,1,0,,,,,,,,,,,98,98,98,0,,,,,20,7,,,,,,,,1,0,,,,,,
2017,184,632560,2,05-13-2017,21:30,13,5,May,0,73,Whatcom,0,99,0,9,99,2,1,1,1,1,,,,8,1,0,No vehicle,2.5,1,0,1,No intersection,5,1,2,4,0,0,0,0,CR-BIRCH BAY LINDEN RD,,-122.6933,48.93562778,98240,0,1,13,Pedestrian/Animal,13,2,50,34,0,0,1,5,8,1,1,2,1,1,Going Straight,1,2,53,,0,20,401,1995,0,,12,,,,,,1,1,35,1,7,,4,7,3,0,11,0,09/22/2020,03:20,2.59E+11,44417,0,0,0,3,1,50,,,,96,,,,,,98,,,,,,98948,53,75,299,6,1,0,0,0,0,,0,,,,,,0,,,1,0,0,0,0,9,8,,,0,,,8,8,2,401,417,151,1,1,1,2,1,0,,,,,,,,,,,,,,,,,,,,,,,,,,,,,,0,0,0,0,0,0,1,1,0,0,0,0,0,0,0,0,0,0,0,0,0,0,0,0,0,0,0,0,0,1,0,0,0,0,0,,1,0,0,0,0,0,1,1,0,0,0,0,0,0,1,0,,,,,,31-35,26-35,Interstate,U,Tuesday,Belt Used,PV,AIAN,0,0,0,1,State Route,State Patrol,Washington State Patrol,0,1,0,0,0,,,,,,0,0,0,1,,,,,996,,,,,0,0,0,3,,,,,20,7,,,,,,,,1,0,,,,,,
2021,185,3906102,263,05-28-2021,12:46,28,5,May,,33,King,1960,1,,1,1,2,1,0,1,1,,,,41,0,0,No vehicle,0,1,0,1,No intersection,5,2,4,6,0,0,0,0,MILITARY RD S,,-122.2949,47.5346,98108,0,1,7,Control/Traction Loss,6,1,98,80,0,0,1,2,24,2,2,2,1,6,Others,1,5,53,,0,32,59,2017,0,,12,1,,,,,1,1,27,1,0,,3,0,3,0,11,5,,,,,0,0,0,3,1,0,,,,96,,,,,,0,,,,,,98296,53,72,165,6,1,0,0,2,2,,0,,,,,,0,12-15-2015,12-15-2018,8,0,0,0,8,9,8,,,0,,,8,8,8,95,,,96,,,8,95,995,,,,,,,,,,,,,,,,,,,,,,,,,,,,,,0,0,0,0,1,0,0,0,0,0,0,0,0,0,0,0,1,0,0,0,0,0,0,0,0,0,0,0,0,1,0,0,0,0,0,,0,0,0,0,0,0,0,0,0,0,0,0,0,0,0,0,,,,,,26-30,26-35,State route,U,Saturday,Belt Used,PV,Not Fatal,0,1,1,0,State Route,State Patrol,Washington State Patrol,0,1,0,0,0,,,,,,0,0,0,,,,,,,,,,,98,98,98,0,,,,,20,7,,,,,,,,1,0,,,,,,
2020,185,634826,4,06-18-2020,22:05,18,6,June,,63,Spokane,0,1,,2,1,2,1,0,3,2,22:12,22:24,23:11,12,0,2,Front-to-Front,79.8,1,0,1,No intersection,5,1,1,3,0,0,0,0,SR-27,,-117.2136667,47.54799444,99023,0,2,51,Lateral Move(Going Straight),62,4,55,4,0,0,1,2,12,1,2,2,1,1,Going Straight,2,1,53,,0,63,402,2019,0,,68,12,1,2,,,1,1,54,2,0,,3,0,3,0,11,5,,,,,0,0,3,3,1,58,91,,,92,,,,,,9,,,,,,98155,53,68,145,6,1,0,0,1,0,,1,,,,,,0,04-15-2019,04-15-2019,8,0,0,0,8,3,8,,,0,,,8,1,2,1,,,1,,,2,1,0,,,,,,,,,,,,,,,,,,,,,,,,,,,,,,0,0,0,0,1,0,0,0,0,0,0,0,0,0,0,0,1,0,0,0,0,0,0,0,0,0,0,0,0,1,0,0,0,0,0,,0,0,0,0,0,0,0,0,1,0,0,0,0,0,0,1,,,,,,51-55,46-55,State route,U,Saturday,Belt Used,PV,Not Fatal,0,1,1,0,State Route,State Patrol,Washington State Patrol,0,1,0,0,0,,,,,,0,0,0,,,,,,,,,,,98,98,98,0,,,,,20,7,,,,,,,,1,0,,,,,,
2020,185,634825,4,06-18-2020,22:05,18,6,June,,63,Spokane,0,1,,2,1,2,1,0,3,2,22:12,22:24,23:11,12,0,2,Front-to-Front,79.8,1,0,1,No intersection,5,1,1,3,0,0,0,0,SR-27,,-117.2136667,47.54799444,99023,0,1,50,Lateral Move(Left/Right),10,2,55,34,0,0,1,2,12,1,2,2,1,6,Others,1,3,53,,0,12,3,1997,0,,63,69,68,64,35,1,1,1,31,1,7,,4,7,3,0,11,0,09/20/2020,13:30,53044086,44086,0,0,0,3,1,58,,,,96,,,,,,98,,,,,,98546,53,73,175,6,1,1,1,0,0,,0,,,,,,3,08-15-2018,08-15-2018,99,0,0,0,0,9,8,,,0,,,8,8,2,695,,,1,,,2,1,0.138,,,,,,,,,,,,,,,,,,,,,,,,,,,,,,0,0,1,0,1,1,1,1,1,0,0,0,1,0,0,0,0,0,0,0,0,0,0,0,0,0,0,0,0,1,0,0,0,0,0,,1,0,0,0,0,1,1,1,0,1,0,0,0,0,0,1,,,,,,31-35,26-35,County road,R,Sunday,Belt Used,PV,White,0,1,0,0,County Road,County Sheriff,Mason County Sheriff's Office,1,0,1,0,0,,,carboxy-thc,5.5,,0,1,1,,,,,,,,,,,0,0,0,1,,,,,20,7,,,,,,,nms,1,0,,,MASON LAKE RD,4.32,,
2019,185,633976,159,04-03-2019,10:19,3,4,April,,5,Benton,1020,10,0,1,1,2,1,0,2,2,,,,12,0,2,Front-to-Front,0,1,0,1,No intersection,7,2,4,6,0,0,0,0,W COLUMBIA DR,,-119.1209417,46.21298611,99336,0,2,51,Lateral Move(Going Straight),62,4,35,14,0,0,1,7,12,1,1,5,5,1,Going Straight,1,1,53,,0,53,705,2007,0,,63,59,,,,,1,1,29,1,7,,4,7,20,7,11,0,09-07-2020,00:14,53041773,41773,6,0,0,2,1,0,,,,96,,,,,,98,,,,,,98601,53,70,180,6,1,0,2,3,2,,0,,,,,,4,12-15-2016,03-15-2018,20,8,0,0,0,9,8,,,0,,,8,8,2,605,,,1,,,2,1,0.128,,,,,,,,,,,,,,,,,,,,,,,,,,,,,,0,0,1,0,1,1,1,1,1,0,0,0,1,0,1,0,0,0,0,0,0,0,0,0,0,0,0,0,1,0,0,0,0,0,1,0,0,0,0,0,0,1,1,1,0,1,0,0,0,0,0,1,,,,,,26-30,26-35,State route,R,Monday,,MC,White,0,1,0,0,State Route,State Patrol,Washington State Patrol,1,1,0,0,0,thc,3.1,,,,0,0,0,,,,,,,,,,,0,0,0,1,,,,,99,7,,,,,,,nms,1,0,,,,,,
2019,185,633975,159,04-03-2019,10:19,3,4,April,,5,Benton,1020,10,0,1,1,2,1,0,2,2,,,,12,0,2,Front-to-Front,0,1,0,1,No intersection,7,2,4,6,0,0,0,0,W COLUMBIA DR,,-119.1209417,46.21298611,99336,0,1,50,Lateral Move(Left/Right),10,2,35,34,0,0,1,7,12,1,1,5,5,1,Going Straight,1,2,53,,0,35,47,2007,0,,12,68,64,42,,,1,1,51,1,0,,3,0,3,0,11,4,,,,,0,0,0,3,1,0,,,,96,,,,,,0,,,,,,98501,53,68,150,6,1,0,0,0,1,,0,,,,,,0,10-15-2016,10-15-2016,8,0,0,0,8,3,8,,,0,,,8,8,0,0,,,0,,,0,0,996,,,,,,,,,,,,,,,,,,,,,,,,,,,,,,0,0,0,0,1,1,1,1,1,0,0,0,1,0,0,0,0,0,0,0,0,0,0,0,0,0,0,0,0,1,0,0,0,0,0,,0,0,0,0,0,0,0,0,0,0,0,0,0,0,0,0,,,,,,51-55,46-55,County road,R,Saturday,Belt Used,PV,Not Fatal,0,0,0,0,County Road,State Patrol,Washington State Patrol,0,0,1,0,0,,,,,,0,0,0,,,,,,,,,,,98,98,98,0,,,,,20,7,,,,,,,,1,0,,,OLD HWY 99 SW,16.222,,
2018,185,633113,242,02-02-2018,17:54,2,2,Feb,0,53,Pierce,1770,1,0,3,1,2,1,0,3,2,,,,12,0,2,Front-to-Front,5.4,8,0,1,No intersection,3,2,1,3,0,0,0,0,SR-167,,-122.30865,47.20251389,98371,0,2,69,Initial Opposite Direction(Going Straight),62,4,98,16,0,0,1,5,12,1,1,4,1,1,Going Straight,1,1,53,,0,2,422,2016,0,,12,68,64,42,,,1,1,37,1,0,,0,0,3,0,11,0,,,,,0,0,3,3,1,91,,,,96,,,,,,98,,,,,,98501,53,68,155,6,1,0,0,0,0,,1,7,,,,,3,,,8,0,0,0,8,9,8,,,0,,,8,8,2,695,605,,1,1,,2,1,0.19,,,,,,,,,,,,,,,,,,,,,,,,,,,,,,0,0,0,0,1,1,1,1,1,0,0,0,1,0,0,0,0,0,0,0,0,0,0,0,0,0,0,0,0,1,0,0,0,0,0,,0,0,0,0,0,1,1,1,0,1,0,0,0,0,0,1,,,,,,36-40,36-45,County road,R,Saturday,Belt Used,PV,Not Fatal,0,0,0,0,County Road,State Patrol,Washington State Patrol,0,0,1,0,0,thc,1,carboxy-thc,7.5,,0,0,0,,,,,,,,,,,98,98,98,0,,,,,20,7,,,,,,,,1,0,,,OLD HWY 99 SW,16.222,,
2018,185,633112,242,02-02-2018,17:54,2,2,Feb,0,53,Pierce,1770,1,0,3,1,2,1,0,3,2,,,,12,0,2,Front-to-Front,5.4,8,0,1,No intersection,3,2,1,3,0,0,0,0,SR-167,,-122.30865,47.20251389,98371,0,1,68,Initial Opposite Direction(Left/Right),15,2,98,4,0,0,1,2,12,1,1,4,1,11,Turning Red: Permitted on red,2,1,53,,0,72,706,2016,0,,63,1,,,,,1,1,41,1,7,,4,7,20,7,11,0,09/18/2020,21:20,53043489,43489,0,0,3,3,1,8,33,,,96,,,,,,9,,,,,,99218,53,72,210,6,1,0,1,1,3,,0,,,,,,0,07-15-2016,05-15-2019,20,8,0,0,0,1,8,,,0,,,9,1,2,1,,,1,,,2,1,0.106,,,,,,,,,,,,,,,,,,,,,,,,,,,,,,0,0,1,0,1,1,0,1,0,0,0,0,0,0,0,0,0,0,0,0,0,0,0,0,0,0,0,0,1,0,0,0,0,0,1,1,0,0,0,0,0,1,0,1,0,0,0,0,0,1,0,1,,,,,,41-45,36-45,State route,R,Friday,,MC,White,0,1,0,0,State Route,State Patrol,Washington State Patrol,1,1,0,0,0,,,,,,0,0,1,,,,,,,,,,,0,0,0,1,,,,,16,0,,,,,,,,1,0,,,,,,
2017,185,632561,34,05-20-2017,13:52,20,5,May,0,51,Pend Oreille,0,1,0,1,8,4,1,0,1,1,,,,42,0,0,No vehicle,1.8,1,0,1,No intersection,7,1,2,4,0,0,0,0,CR-LEHIGH HILL RD,,-117.3923806,48.81153056,,0,1,6,Drive off road,12,2,98,90,0,0,1,2,42,2,2,2,1,14,Making a U turn,1,1,53,,0,84,884,1999,0,,12,,,,,,1,1,21,1,0,,2,0,3,0,11,5,,,,,0,0,0,2,1,0,,,,96,,,,,,98,,,,,,98930,53,72,220,6,1,0,2,0,0,,0,,,,,,0,12-15-2019,12-15-2019,20,0,0,0,8,9,8,,,0,,,8,8,2,1,,,1,,,2,1,0,,,,,,,,,,,,,,,,,,,,,,,,,,,,,,0,0,0,0,0,0,0,0,0,0,0,0,0,1,0,0,0,0,1,1,0,0,0,1,1,0,0,0,0,1,1,0,0,0,0,,0,0,0,0,0,0,0,0,0,0,0,0,0,0,0,0,,,,,,21-25,16-25,County road,R,Thursday,,MHTRUCK,Not Fatal,0,0,0,0,County Road,County Sheriff,Benton County Sheriff's Office,0,0,1,0,0,,,,,,0,0,0,,,,,,,,,,,0,0,0,0,,,,,20,7,,,,,,,,1,0,,,PLYMOUTH RD,5.52,,
2017,186,632564,35,05-31-2017,19:50,31,5,May,0,53,Pierce,0,1,0,1,1,2,1,0,2,1,,,,1,0,0,No vehicle,2,3,0,2,4 Way,3,2,2,4,0,0,0,0,CR-152ND ST E,27TH AVE E,-122.3931611,47.11859444,98445,0,1,2,Control/Traction Loss,8,1,35,80,0,0,1,2,1,1,1,2,1,1,Going Straight,2,2,51,,0,20,481,2003,0,,12,,,,,,1,1,32,1,1,,4,7,20,7,11,0,08/20/2020,05:28,53038477,38477,0,0,0,0,1,38,,,,96,,,,,,98,,,,,,97838,41,71,175,0,0,0,0,0,3,,0,,,,,,0,07-15-2018,01-15-2020,1,1,9,0,0,9,8,,,0,,,8,8,2,1,,,1,,,2,1,0,,,,,,,,,,,,,,,,,,,,,,,,,,,,,,0,0,0,0,0,0,0,0,0,0,0,0,0,1,0,0,0,0,1,1,0,0,0,1,1,0,0,0,0,1,1,0,0,1,0,,1,0,0,0,0,0,0,0,0,0,1,1,0,0,0,0,,,,,,31-35,26-35,County road,R,Thursday,Not Used,PV,Hispanic,0,0,0,0,County Road,County Sheriff,Benton County Sheriff's Office,0,0,1,0,0,,,,,,0,0,3,,,,,,,,,,,98,98,98,1,,,,,20,7,,,,,,,,1,0,,,PLYMOUTH RD,5.52,,
2018,186,3575660,263,02-02-2018,00:45,2,2,Feb,0,33,King,1960,2,0,3,2,2,1,0,1,1,,,,24,0,0,No vehicle,0,1,0,1,No intersection,3,2,4,6,0,0,0,0,HOLMAN RD NW,,-122.3693417,47.69803611,98117,0,1,1,Driver Off Road,9,1,30,4,0,0,1,7,24,1,2,4,1,1,Going Straight,1,1,53,,0,23,421,2007,0,,8,,,,,,1,1,38,1,0,,0,0,3,0,11,0,,,,,0,0,0,2,1,0,,,,96,,,,,,98,,,,,,98372,53,66,130,1,1,0,0,0,0,,0,,,,,,0,,,20,0,0,0,8,9,8,,,0,,,8,8,8,95,,,96,,,8,95,995,,,,,,,,,,,,,,,,,,,,,,,,,,,,,,0,0,0,0,0,0,0,0,0,0,0,0,0,1,0,0,0,0,0,0,0,0,0,0,0,0,0,0,0,1,0,1,0,0,0,,0,0,0,0,0,0,0,0,0,0,0,1,0,0,0,0,,,,,,36-40,36-45,County road,U,Friday,Belt Used,PV,Not Fatal,0,0,0,0,County Road,County Sheriff,Law Enforcement Support Agency,0,0,1,0,0,,,,,,0,0,0,,,,,,,,,,,98,98,98,0,,,,,20,7,,,,,,,,1,0,,,078 AVE E,4.85,,
2021,186,635636,127,06-15-2021,19:08,15,6,June,,33,King,735,1,,5,1,2,2,0,5,2,,,,12,0,6,Angle,2.7,3,0,3,T Intersection,3,2,1,3,0,0,0,0,SR-99,374TH ST,-122.3347333,47.26611667,98354,0,2,66,Specific Other,62,4,98,21,0,0,1,2,12,8,8,4,1,1,Going Straight,2,1,53,,0,39,32,1997,0,,68,64,42,40,,,1,1,32,1,2,,4,7,3,0,11,0,09/18/2020,05:53,2.23E+11,144339,0,0,0,0,1,0,,,,96,,,,,,98,,,,,,98003,53,,999,0,0,0,0,0,0,,0,,,,,,3,,,1,0,0,0,0,9,8,,,0,,,8,8,2,695,605,,1,1,,2,1,0.121,,,,,,,,,,,,,,,,,,,,,,,,,,,,,,0,0,1,1,1,1,1,1,1,0,0,0,1,1,0,0,0,0,0,0,0,0,0,0,0,0,0,0,0,1,0,0,0,0,0,,1,0,0,0,0,1,1,1,0,1,0,1,0,0,0,1,,,,,,31-35,26-35,City street,U,Friday,Belt Used,PV,Hispanic,1,0,0,0,City Street,Municipal/City Police,Tacoma Police Department,0,0,0,1,0,thc,12,carboxy-thc,20,,0,0,0,,,,,,,,,,,0,0,0,98,,,,,20,7,,,,,,,nms,1,0,,,,,,