year,something,Cases,repjur,crash_dt,crash_tm,accday,Month,Month,holiday,county,co_char,city,weather,weather2,lightcond,surfcond,surftype,Number of Fatalities,nmforms,pforms,vforms,not_tm,arr_tm,hosp_tm,fhevent,hitrun,Manner of Collision,Manner of Collision,milepnt,reljunc,reljuncinter,intersectiontype,Intersection Type,funcsystem,landuse,ownership,route,schlbus,spejur,contdev,devfunc,trafid1,trafid2,x,y,zipcode,wk_zone,vnumber,crashtype,Crash Type,criticalevent,criticaleventcat,spdlim,body,trailer,emerg,hazcargo,leave,mhevent,roadalgn,roadprof,traflane,trafflow,Vehicle Manure,Vehicle Manure,numoccs,regowner,regstate,,spuse,make,model,modelyr,vrf1,vrf2,seqevent1,seqevent2,seqevent3,seqevent4,seqevent5,seqevent6,pnumber,ptype,age,sex,hispanic,race,injury,diedscene,restraint,restraintmisuse,seatpos,takehosp,death_dt,death_tm,cert,cernum_wa,commlic,licendor,licrestrict,liccomp,drivpres,drf1,drf2,drf3,drf4,distract1,distract2,distract3,distract4,distract5,distract6,dricond1,dricond2,dricond3,dricond4,dricond5,dricond6,dzip,licstate,drhgt_in,weight,noncdl,noncdltype,prevdwi,prevoth,prevacc,prevspd,prevsus,driviol1,driviol2,driviol3,driviol4,driviol5,driviol6,spdrel,first_dt,last_dt,airbag,ejection,ejectpath,extricat,injurwrk,methalc,methdrug,nmlocat,strikveh,prf1,prf2,prf3,druginv,alcinvol,drugsts,drugres1,drugres2,drugres3,drugtst1,drugtst2,drugtst3,alcsts,alctst,alcres,nmact1,nmact2,nmact3,nmact4,nmact5,nmact6,nmprior1,nmprior2,nmprior3,nmprior4,nmprior5,nmprior6,nmcond1,nmcond2,nmcond3,nmcond4,nmcond5,nmcond6,nmsafe_helmet,nmsafe_pads,nmsafe_oth,nmprev_ref,nmprev_lgt,nmprev_oth,crashlocation,nmcrashtype,crosswalk,schoolzone,sidewalk,train_inv,wildlife_inv,rotr_fars,intersect_fars,Drink and Drive,aid_inv,Drug Positive Drivers,Impaired Drivers,Marijuana Positive,impnm_inv,ainm_inv,dpnm_inv,speed_inv,unlic_inv,unendmc_inv,drowsy_inv,drdist_inv,nmdist_inv,fty_inv,unrestfat_inv,dr1617_inv,dr1820_inv,dr1620_inv,dr2125_inv,dr1625_inv,dr65_inv,dr70_inv,dr75_inv,mc_inv,pv_inv,ht_inv,ped_inv,bike_inv,unrest_fat,mc_fat,unhelmet_mc,pv_fat,ht_fat,ped_fat,bike_fat,dr_alc7,dr_alc8,dr_drug,dr_imp,dr_dist,dr_spd,dr_fty,dr_unlic,dr_alc7only,dr_alc8only,dr_drugonly,dr_drink,nm_imp,nm_alc7,nm_alc8,nm_drug,nm_dist,agegrp1,agegrp2,roadclass,urbrur,dayweek,restuse,vehtype,race_me,intersect,lanedep,oppdir,wrongway,rep_typ,investag,repag_long,rotr,st_rd,cty_rd,city_rd,oth_rd,drug_thc,thc_res,drug_cthc,cthc_res,drug_cann,prevpersemin,prevperse,prevsusoth,drugtst4,drugtst5,drugtst6,drugtst7,drugtst8,drugres4,drugres5,drugres6,drugres7,drugres8,adspresent,adsengaged,adslevel,race1,race2,race3,race4,race5,helmet,helmetmisuse,nmdistract1,nmdistract2,nmdistract3,nmdistract4,nmdistract5,nmdistract6,lab,isedtcase,crf1,crf2,crf3,CoRoadName,CoMP,IntCoRoadName,IntCoMP
2021,186,635635,127,06-15-2021,19:08,15,6,June,,33,King,735,1,,5,1,2,2,0,5,2,,,,12,0,6,Angle,2.7,3,0,3,T Intersection,3,2,1,3,0,0,0,0,SR-99,374TH ST,-122.3347333,47.26611667,98354,0,1,66,Specific Other,8,1,98,4,0,0,1,2,12,8,8,4,1,1,Going Straight,3,2,53,,0,20,481,2004,0,,12,,,,,,1,1,37,1,1,,4,7,3,0,11,0,09-12-2020,20:56,53043626,43626,0,0,0,3,1,0,,,,96,,,,,,98,,,,,,98935,53,68,190,6,1,0,2,0,0,,0,,,,,,0,07-15-2016,04-15-2019,8,0,0,0,0,9,8,,,0,,,8,8,2,1,,,1,,,2,1,0.025,,,,,,,,,,,,,,,,,,,,,,,,,,,,,,0,0,0,0,1,0,0,0,0,0,0,0,0,0,0,0,1,0,1,0,0,0,0,0,0,0,0,0,0,1,1,0,0,0,0,,1,0,0,0,1,0,0,0,0,0,0,0,1,0,0,1,,,,,,36-40,36-45,State route,R,Saturday,Belt Used,PV,Hispanic,0,1,1,0,State Route,State Patrol,Washington State Patrol,0,1,0,0,0,,,,,,0,0,0,,,,,,,,,,,98,98,98,98,,,,,20,7,,,,,,,,1,0,,,,,,
2020,186,634827,40,06-19-2020,01:05,19,6,June,,63,Spokane,0,1,,2,1,2,1,0,1,1,,,,32,0,0,No vehicle,5.6,1,0,1,No intersection,5,1,2,4,0,0,0,0,CR-S WELLS RD,,-117.4919333,47.33354444,99004,0,1,1,Driver Off Road,13,2,98,4,0,0,1,2,1,3,2,2,1,14,Making a U turn,1,1,53,,0,20,881,1989,0,,68,12,,,,,1,1,38,1,0,,2,0,3,0,11,0,,,,,0,0,0,3,1,28,38,,,12,,,,,,98,,,,,,98903,53,70,220,6,1,0,3,2,1,,0,,,,,,0,04-15-2016,06-15-2020,20,0,0,0,8,3,8,,,0,,,8,8,0,0,,,0,,,0,0,996,,,,,,,,,,,,,,,,,,,,,,,,,,,,,,0,0,0,0,1,0,0,0,0,0,0,0,0,0,0,0,1,0,1,0,0,0,0,0,0,0,0,0,0,1,1,0,0,0,0,,0,0,0,0,0,0,0,0,1,0,1,0,0,0,0,0,,,,,,36-40,36-45,State route,R,Saturday,,MHTRUCK,Not Fatal,0,1,1,0,State Route,State Patrol,Washington State Patrol,0,1,0,0,0,,,,,,0,0,5,,,,,,,,,,,0,0,0,0,,,,,20,7,,,,,,,,1,0,,,,,,
2019,186,634044,7,04-23-2019,08:41,23,4,April,,33,King,1960,1,0,1,1,2,1,1,1,1,,,,8,0,0,No vehicle,34.7,1,0,1,No intersection,3,2,1,3,0,0,0,0,SR-509,,-122.3255389,47.52773056,98108,0,1,13,Pedestrian/Animal,80,5,60,52,0,0,1,5,8,1,2,4,3,1,Going Straight,1,3,53,,0,49,472,2017,0,,12,,,,,,1,1,35,1,0,,0,0,3,0,11,0,,,,,0,0,3,3,1,0,,,,96,,,,,,98,,,,,,98445,53,69,185,6,1,0,0,1,0,,0,,,,,,0,06-15-2018,06-15-2018,20,0,0,0,8,9,8,,,0,,,8,8,8,95,,,96,,,8,95,995,,,,,,,,,,,,,,,,,,,,,,,,,,,,,,0,0,0,0,0,0,1,1,0,0,0,0,1,1,0,0,0,0,0,0,0,0,0,1,1,0,0,0,0,1,0,0,0,0,0,,0,0,0,0,0,0,0,0,0,0,0,0,0,0,0,0,,,,,,31-35,26-35,State route,U,Wednesday,Belt Used,PV,Not Fatal,0,0,0,0,State Route,State Patrol,Washington State Patrol,0,1,0,0,0,,,,,,0,0,0,,,,,,,,,,,98,98,98,0,,,,,20,7,,,,,,,,1,0,,,,,,
2021,187,3835781,263,05-28-2021,21:07,28,5,May,,33,King,1960,1,,3,1,1,1,0,1,1,,,,25,0,0,No vehicle,0,5,0,1,No intersection,2,2,4,6,0,0,0,0,W SEATTLE BRG E,,-122.3279028,47.57078611,98134,0,1,6,Drive off road,12,2,60,80,0,0,1,2,25,2,2,2,6,14,Making a U turn,1,2,53,,0,37,31,2002,0,,12,12,,,,,1,1,47,1,0,,1,0,3,0,11,0,,,,,0,0,0,3,1,0,,,,96,,,,,,98,,,,,,98327,53,64,180,6,1,0,0,0,0,,0,,,,,,0,,,20,0,0,0,8,9,8,,,0,,,8,8,8,95,,,96,,,8,95,995,,,,,,,,,,,,,,,,,,,,,,,,,,,,,,0,0,0,0,0,0,1,1,0,0,0,0,1,1,0,0,0,0,0,0,0,0,0,1,1,0,0,0,0,1,0,0,0,0,0,,0,0,0,0,0,0,0,0,0,0,0,0,0,0,0,0,,,,,,46-50,46-55,State route,U,Wednesday,Belt Used,PV,Not Fatal,0,0,0,0,State Route,State Patrol,Washington State Patrol,0,1,0,0,0,,,,,,0,0,0,,,,,,,,,,,98,98,98,0,,,,,20,7,,,,,,,,1,0,,,,,,
2020,187,634829,2,06-20-2020,04:55,20,6,June,,57,Skagit,0,10,,2,2,2,1,0,2,2,04:53,05:01,05:50,12,0,2,Front-to-Front,41.7,1,0,1,No intersection,3,1,1,3,0,0,0,0,SR-20,,-122.6459056,48.40942778,,1,2,51,Lateral Move(Going Straight),62,4,30,4,0,0,1,2,12,1,1,2,1,1,Going Straight,1,2,53,,0,48,34,1999,0,,12,,,,,,1,1,23,1,7,,4,0,2,0,11,5,09-04-2020,08:55,2.23E+11,41500,0,0,3,3,1,0,,,,96,,,,,,98,,,,,,98513,53,77,155,6,1,0,0,1,0,,0,,,,,,0,04-15-2020,04-15-2020,20,0,0,0,0,9,8,,,0,,,8,8,2,401,417,,1,1,,2,1,0,,,,,,,,,,,,,,,,,,,,,,,,,,,,,,0,0,0,0,0,0,1,1,0,0,0,0,1,1,0,0,0,0,0,0,0,0,0,1,1,0,0,0,0,1,0,0,0,0,0,,1,0,0,0,0,0,1,1,0,0,0,0,0,0,1,0,,,,,,21-25,16-25,State route,U,Wednesday,Belt Used,PV,White,0,0,0,0,State Route,State Patrol,Washington State Patrol,0,1,0,0,0,,,,,,0,0,0,,,,,,,,,,,0,0,0,1,,,,,20,7,,,,,,,,1,0,,,,,,
2020,187,634828,2,06-20-2020,04:55,20,6,June,,57,Skagit,0,10,,2,2,2,1,0,2,2,04:53,05:01,05:50,12,0,2,Front-to-Front,41.7,1,0,1,No intersection,3,1,1,3,0,0,0,0,SR-20,,-122.6459056,48.40942778,,1,1,50,Lateral Move(Left/Right),10,2,30,4,0,0,1,2,12,2,1,2,1,14,Making a U turn,1,1,53,,0,49,40,2003,0,,12,12,,,,,1,1,28,1,0,,0,0,3,0,11,0,,,,,0,0,0,2,1,0,,,,96,,,,,,98,,,,,,98404,53,72,180,1,1,0,2,1,2,,97,,,,,,4,06-15-2017,09-15-2020,20,0,0,0,8,3,8,,,0,,,8,8,8,95,,,96,,,8,95,995,,,,,,,,,,,,,,,,,,,,,,,,,,,,,,0,0,0,0,0,0,1,1,0,0,0,0,1,1,0,0,0,0,0,0,0,0,0,1,1,0,0,0,0,1,0,0,0,0,0,,0,0,0,0,0,0,0,0,0,1,0,1,0,0,0,0,,,,,,26-30,26-35,State route,U,Wednesday,Belt Used,PV,Not Fatal,0,0,0,0,State Route,State Patrol,Washington State Patrol,0,1,0,0,0,,,,,,0,0,3,,,,,,,,,,,98,98,98,0,,,,,20,7,,,,,,,,1,0,,,,,,
2019,187,634025,26,04-30-2019,19:04,30,4,April,,35,Kitsap,0,1,0,1,1,2,1,0,1,1,,,,24,0,0,No vehicle,1.3,1,0,1,No intersection,4,1,2,4,0,0,0,0,CR-SEABECK HWY NW,,-122.7148056,47.59020556,98312,0,1,2,Control/Traction Loss,6,1,35,80,0,0,1,7,24,3,2,2,1,14,Making a U turn,1,2,53,,3,92,988,2018,0,,12,,,,,,1,1,66,2,0,,2,0,3,0,11,0,,,,,6,1,1,3,1,0,,,,96,,,,,,0,,,,,,98117,53,68,167,6,1,0,0,0,0,,0,,,,,,0,,,20,0,0,0,8,9,8,,,0,,,8,8,0,0,,,0,,,0,0,996,,,,,,,,,,,,,,,,,,,,,,,,,,,,,,0,0,0,1,0,0,0,0,0,0,0,0,1,0,0,0,0,0,0,0,0,0,0,0,0,1,0,0,0,1,0,0,0,0,0,,0,0,0,0,0,0,0,0,0,0,0,0,0,0,0,0,,,,,,66-70,66-75,City street,U,Tuesday,,BUS,Not Fatal,1,0,0,0,City Street,Municipal/City Police,Kirkland Police Department,0,0,0,1,0,,,,,,0,0,0,,,,,,,,,,,98,98,98,0,,,,,20,7,,,,,,,,1,0,,,,,,
2018,187,633136,242,02-25-2018,18:42,25,2,Feb,0,53,Pierce,1770,2,0,3,2,2,1,1,1,1,18:42,18:54,19:16,8,0,0,No vehicle,0,1,0,1,No intersection,7,2,4,6,0,0,0,0,W STEWART,,-122.3027389,47.19411389,98371,0,1,13,Pedestrian/Animal,80,5,35,4,0,0,1,7,8,1,1,2,1,1,Going Straight,1,1,53,,0,12,24,2007,0,,12,12,,,,,1,1,29,1,0,,2,0,3,0,11,5,,,,,0,0,3,3,1,0,,,,96,,,,,,0,,,,,,98034,53,74,240,6,1,0,1,0,0,,0,,,,,,0,05-15-2016,05-15-2016,1,0,0,0,8,9,8,,,0,,,8,8,0,0,,,0,,,0,0,996,,,,,,,,,,,,,,,,,,,,,,,,,,,,,,0,0,0,1,0,0,0,0,0,0,0,0,1,0,0,0,0,0,0,0,0,0,0,0,0,1,0,0,0,1,0,0,0,0,0,,0,0,0,0,0,0,0,0,0,0,0,0,0,0,0,0,,,,,,26-30,26-35,City street,U,Tuesday,Belt Used,PV,Not Fatal,1,0,0,0,City Street,Municipal/City Police,Kirkland Police Department,0,0,0,1,0,,,,,,0,0,0,,,,,,,,,,,98,98,98,0,,,,,20,7,,,,,,,,1,0,,,,,,
2017,187,632565,155,05-28-2017,01:10,28,5,May,4,33,King,980,1,0,2,1,2,1,1,1,2,,,,8,1,0,No vehicle,0,1,0,1,No intersection,7,2,4,6,0,0,0,0,SE 53RD ST,,-122.0321639,47.55469444,98029,0,1,13,Pedestrian/Animal,80,5,25,99,0,0,1,5,8,1,2,2,1,1,Going Straight,99,9,99,,0,22,398,1966,0,,12,,,,,,1,1,58,1,7,,4,0,99,7,11,5,09-02-2020,08:33,1.96E+11,41188,0,0,3,3,1,0,,,,96,,,,,,98,,,,,,98034,53,70,170,6,1,3,3,3,0,,0,,,,,,4,05-15-2016,07-15-2019,20,0,0,0,0,9,8,,,0,,,8,8,0,0,,,0,,,0,0,996,,,,,,,,,,,,,,,,,,,,,,,,,,,,,,0,0,0,1,0,0,0,0,0,0,0,0,1,0,0,0,0,0,0,0,0,0,0,0,0,1,0,0,0,1,0,0,0,0,0,,1,0,0,0,0,0,0,0,0,1,0,0,0,0,0,0,,,,,,56-60,56-65,City street,U,Tuesday,Unknown,PV,White,1,0,0,0,City Street,Municipal/City Police,Kirkland Police Department,0,0,0,1,0,,,,,,0,1,2,,,,,,,,,,,0,0,0,1,,,,,20,7,,,,,,,,1,0,,,,,,
2021,188,635366,8,01-25-2021,07:59,25,1,Jan,,35,Kitsap,0,1,,1,1,2,1,0,2,2,,,,12,0,6,Angle,54.8,2,0,2,4 Way,3,1,1,3,0,0,0,0,SR-3,PIONEER HILL RD NW,-122.6512417,47.78395556,98730,0,2,86,Others,66,4,50,34,0,0,1,2,12,1,1,3,1,1,Going Straight,1,2,53,,0,20,473,2004,0,,12,,,,,,1,1,83,1,7,,4,0,99,7,11,5,10-12-2020,02:35,2.23E+11,47391,0,0,3,3,1,39,,,,96,,,,,,0,,,,,,98367,53,68,260,6,1,0,0,0,0,,0,,,,,,0,,,8,0,0,0,0,9,8,,,0,,,8,8,8,95,,,96,,,8,95,995,,,,,,,,,,,,,,,,,,,,,,,,,,,,,,0,0,0,1,0,0,0,0,0,0,0,0,0,0,0,0,0,0,0,0,0,0,0,0,0,1,1,1,0,1,0,0,0,0,0,,1,0,0,0,0,0,0,0,0,0,0,0,0,0,0,0,,,,,,81+,76+,County road,R,Tuesday,Unknown,PV,Multiracial,1,0,0,0,County Road,County Sheriff,Kitsap County Sheriff's Office,0,0,1,0,0,,,,,,0,0,0,,,,,,,,,,,98,98,98,298,,,,,20,7,,,,,,,,1,0,,,SIDNEY RD SW,2.644,LAKEWAY BLVD (SW),0
2021,188,635365,8,01-25-2021,07:59,25,1,Jan,,35,Kitsap,0,1,,1,1,2,1,0,2,2,,,,12,0,6,Angle,54.8,2,0,2,4 Way,3,1,1,3,0,0,20,3,SR-3,PIONEER HILL RD NW,-122.6512417,47.78395556,98730,0,1,87,Others,17,2,35,20,0,0,1,5,12,1,1,3,1,1,Going Straight,1,2,53,,0,41,421,2019,0,,12,68,64,38,43,,1,1,52,2,0,,1,0,3,0,11,5,,,,,0,0,3,3,1,0,,,,96,,,,,,0,,,,,,98531,53,67,175,6,1,0,0,0,0,,0,,,,,,0,,,8,0,0,0,8,9,8,,,0,,,8,8,0,0,,,0,,,0,0,996,,,,,,,,,,,,,,,,,,,,,,,,,,,,,,0,0,0,1,0,0,0,0,0,0,0,0,0,0,0,0,0,0,0,0,0,0,0,0,0,1,1,1,0,1,0,0,0,0,0,,0,0,0,0,0,0,0,0,0,0,0,0,0,0,0,0,,,,,,51-55,46-55,County road,R,Tuesday,Belt Used,PV,Not Fatal,1,0,0,0,County Road,County Sheriff,Kitsap County Sheriff's Office,0,0,1,0,0,,,,,,0,0,0,,,,,,,,,,,98,98,98,0,,,,,20,7,,,,,,,,1,0,,,SIDNEY RD SW,2.644,LAKEWAY BLVD (SW),0
2020,188,634831,2,06-18-2020,14:24,18,6,June,,73,Whatcom,0,1,,1,1,2,1,1,1,1,12:25,12:34,,9,0,0,No vehicle,5.2,3,0,2,4 Way,5,1,2,4,0,3,0,0,CR-SLATER RD,FERNDALE RD,-122.59555,48.81919722,98248,0,1,13,Pedestrian/Animal,83,5,50,4,0,0,1,2,9,1,1,2,1,1,Going Straight,1,1,53,,0,53,706,2018,0,,63,33,1,,,,1,1,33,1,7,,4,7,20,7,11,0,09-08-2020,17:15,2.34E+11,42784,0,0,3,2,1,0,,,,96,,,,,,98,,,,,,98466,53,65,150,1,1,2,2,1,2,,0,,,,,,3,12-15-2015,12-15-2016,20,8,0,0,0,1,8,,,0,,,1,1,2,695,605,996,1,1,1,2,1,0.163,,,,,,,,,,,,,,,,,,,,,,,,,,,,,,0,0,1,0,1,1,1,1,1,0,0,0,1,1,1,0,0,0,0,0,0,0,0,0,0,0,0,0,1,0,0,0,0,0,1,0,0,0,0,0,0,1,1,1,0,1,0,1,0,0,0,1,,,,,,31-35,26-35,City street,U,Tuesday,,MC,White,0,0,0,0,City Street,Municipal/City Police,University Place Police Department,0,0,0,1,0,thc,17,carboxy-thc,160,,0,1,3,,,,,,,,,,,0,0,0,1,,,,,19,0,,,,,,,nms,1,0,,,,,,
2019,188,634124,242,06-12-2019,20:06,12,6,June,,53,Pierce,1770,1,0,1,1,1,1,0,1,1,,,,30,0,0,No vehicle,0,3,0,3,T Intersection,7,2,4,6,0,0,0,0,5TH ST SE,7TH ST SE,-122.2865639,47.16378611,98374,0,1,1,Driver Off Road,13,2,25,4,0,0,1,7,1,4,1,2,1,14,Making a U turn,1,1,53,,0,20,22,2008,0,,68,12,68,12,,,1,1,71,1,7,,4,7,3,0,11,0,08/19/2020,,53040044,40044,0,0,0,2,1,28,,,,96,,,,,,9,,,,,,98444,53,76,231,1,1,0,1,1,1,,0,,,,,,0,07-15-2017,06-15-2020,20,0,0,0,0,9,1,,,0,,,1,1,2,996,695,605,1,1,1,2,1,0,,,,,,,,,,,,,,,,,,,,,,,,,,,,,,0,0,0,0,1,0,1,1,1,0,0,0,0,1,0,0,0,0,0,0,0,0,0,0,0,1,1,1,0,1,0,0,0,0,0,,1,0,0,0,0,0,1,1,0,0,0,1,0,0,1,1,,,,,,71-75,66-75,State route,U,Wednesday,Belt Used,PV,White,0,1,1,0,State Route,State Patrol,Washington State Patrol,0,1,0,0,0,thc,6.2,carboxy-thc,9.7,,0,0,2,,,,,,,,,,,98,98,98,1,,,,,20,7,,,,,,,nms,1,0,,,,,,
2018,188,633153,29,03-03-2018,13:37,3,3,March,0,41,Lewis,0,1,0,1,1,2,1,0,1,1,13:44,13:56,14:43,38,0,0,No vehicle,1,1,0,1,No intersection,7,1,2,4,0,0,0,0,CR-TEITZEL RD,,-122.8834944,46.74491667,98531,0,1,1,Driver Off Road,13,2,35,80,0,0,1,5,38,3,1,2,1,14,Making a U turn,1,1,53,,0,48,34,1993,0,,12,,,,,,1,1,76,2,0,,0,0,3,0,11,0,,,,,0,0,3,3,1,0,,,,96,,,,,,98,,,,,,98387,53,60,145,6,1,0,0,0,0,,0,,,,,,0,,,20,0,0,0,8,9,8,,,0,,,8,8,8,95,,,96,,,8,95,995,,,,,,,,,,,,,,,,,,,,,,,,,,,,,,0,0,0,0,1,0,1,1,1,0,0,0,0,1,0,0,0,0,0,0,0,0,0,0,0,1,1,1,0,1,0,0,0,0,0,,0,0,0,0,0,0,0,0,0,0,0,0,0,0,0,0,,,,,,76-80,76+,State route,U,Wednesday,Belt Used,PV,Not Fatal,0,1,1,0,State Route,State Patrol,Washington State Patrol,0,1,0,0,0,,,,,,0,0,0,,,,,,,,,,,0,0,0,0,,,,,20,7,,,,,,,,1,0,,,,,,
2017,188,632569,305,05-23-2017,23:57,23,5,May,0,11,Clark,2370,10,0,3,1,1,1,1,1,1,23:57,23:59,00:15,8,0,0,No vehicle,0,3,0,2,4 Way,3,2,4,6,0,0,0,0,SE MILL PLAIN BLVD,SE PARK CREST BLVD,-122.5225639,45.61754444,98684,0,1,13,Pedestrian/Animal,80,5,40,4,0,0,1,2,8,1,1,8,1,1,Going Straight,1,2,53,,0,2,403,2014,0,,12,,,,,,1,1,48,1,0,,0,0,3,0,11,0,,,,,0,0,0,3,1,0,,,,96,,,,,,98,,,,,,98498,53,69,250,6,1,0,0,1,0,,0,,,,,,0,06-15-2017,06-15-2017,8,0,0,0,8,9,8,,,0,,,8,8,8,95,,,96,,,8,95,995,,,,,,,,,,,,,,,,,,,,,,,,,,,,,,0,0,0,0,1,0,1,1,1,0,0,0,0,1,0,0,0,0,0,0,0,0,0,0,0,1,1,1,0,1,0,0,0,0,0,,0,0,0,0,0,0,0,0,0,0,0,0,0,0,0,0,,,,,,46-50,46-55,State route,U,Wednesday,Belt Used,PV,Not Fatal,0,1,1,0,State Route,State Patrol,Washington State Patrol,0,1,0,0,0,,,,,,0,0,0,,,,,,,,,,,98,98,98,0,,,,,20,7,,,,,,,,1,0,,,,,,
2017,189,3766555,75,05-16-2017,10:31,16,5,May,0,11,Clark,240,10,0,1,1,2,1,0,2,1,,,,10,0,0,No vehicle,0,6,0,1,No intersection,96,6,96,8,0,0,65,3,SW VIOLA ST,,-122.4582833,45.58060833,98607,0,1,98,Others,98,7,98,5,0,0,1,3,10,3,2,8,8,14,Making a U turn,2,1,41,,0,20,421,2005,0,,12,68,12,,,,1,1,59,2,0,,1,0,3,0,11,5,,,,,0,0,0,3,1,0,,,,96,,,,,,0,,,,,,98408,53,69,158,6,1,0,0,2,0,,0,,,,,,0,08-15-2016,06-15-2018,8,0,0,0,8,9,8,,,0,,,8,8,0,0,,,0,,,0,0,996,,,,,,,,,,,,,,,,,,,,,,,,,,,,,,0,0,0,0,1,0,1,1,1,0,0,0,0,1,0,0,0,0,0,0,0,0,0,0,0,1,1,1,0,1,0,0,0,0,0,,0,0,0,0,0,0,0,0,0,0,0,0,0,0,0,0,,,,,,56-60,56-65,State route,U,Wednesday,Belt Used,PV,Not Fatal,0,1,1,0,State Route,State Patrol,Washington State Patrol,0,1,0,0,0,,,,,,0,0,0,,,,,,,,,,,98,98,98,0,,,,,20,7,,,,,,,,1,0,,,,,,
2021,189,635637,278,06-22-2021,02:54,22,6,June,,63,Spokane,2110,1,,3,1,2,1,0,2,1,,,,40,0,0,No vehicle,1.6,1,0,1,No intersection,3,2,1,3,0,0,0,0,SR-290,,-117.3759306,47.66228611,99202,0,1,6,Drive off road,12,2,98,4,0,0,1,2,40,3,1,2,1,14,Making a U turn,2,1,53,,0,54,421,2011,0,,9,,,,,,1,1,45,2,0,,0,0,3,0,11,0,,,,,0,0,0,3,1,0,,,,96,,,,,,0,,,,,,98002,53,65,160,6,1,0,0,0,1,,0,,,,,,0,04-15-2019,04-15-2019,20,0,0,0,8,9,8,,,0,,,8,8,0,0,,,0,,,0,0,996,,,,,,,,,,,,,,,,,,,,,,,,,,,,,,0,0,0,0,0,0,0,0,0,0,0,0,0,0,0,0,0,0,0,0,0,0,0,0,0,0,0,0,0,1,0,0,1,0,0,,0,0,0,0,0,0,0,0,0,0,0,0,0,0,0,0,,,,,,41-45,36-45,City street,U,Monday,Belt Used,PV,Not Fatal,0,0,0,0,City Street,Municipal/City Police,Auburn Police Department,0,0,0,1,0,,,,,,0,0,0,,,,,,,,,,,98,98,98,0,,,,,20,7,,,,,,,,0,0,,,,,,
2020,189,634830,160,06-21-2020,15:11,21,6,June,,33,King,1030,1,,1,1,2,1,0,1,1,,,,1,0,0,No vehicle,0,3,0,2,4 Way,7,2,4,6,0,0,20,3,144TH AVE SE,SE 259th Pl,-122.14955,47.36881389,98042,0,1,98,Others,9,1,25,80,0,0,1,2,1,4,1,2,1,6,Others,1,2,53,,0,49,482,2017,0,,8,,,,,,1,1,55,1,0,,0,0,3,0,11,0,,,,,0,0,0,3,1,10,38,,,0,,,,,,98,,,,,,98004,53,72,189,6,1,0,1,0,1,,0,,,,,,0,01-15-2019,06-15-2020,20,0,0,0,8,9,8,,,0,,,8,8,2,1,,,1,,,2,1,0,,,,,,,,,,,,,,,,,,,,,,,,,,,,,,0,0,0,1,0,0,0,0,0,0,0,0,0,0,0,0,0,0,1,0,0,0,0,0,0,0,0,0,0,1,0,1,0,0,0,,0,0,0,0,0,0,0,0,0,0,1,0,0,0,0,0,,,,,,51-55,46-55,City street,U,Monday,Belt Used,PV,Not Fatal,1,0,0,0,City Street,Municipal/City Police,Bellevue Police Department,0,0,0,1,0,,,,,,0,0,0,,,,,,,,,,,98,98,98,0,,,,,20,7,,,,,,,,1,0,,,,,,
2019,189,633957,278,03-21-2019,03:21,21,3,March,,63,Spokane,2110,1,0,3,1,2,1,0,1,1,,,,42,0,0,No vehicle,0,1,0,1,No intersection,3,2,4,6,0,0,0,0,N FREYA ST,,-117.3580861,47.66784722,99211,0,1,1,Driver Off Road,13,2,98,14,0,0,1,7,2,3,8,2,1,14,Making a U turn,1,2,53,,0,20,481,1990,0,,68,64,42,1,,,1,1,56,1,7,,4,7,20,7,11,0,09-09-2020,15:26,53041971,41971,6,0,3,3,1,0,,,,96,,,,,,98,,,,,,99009,53,71,155,6,1,0,2,1,0,,0,,,,,,3,03-15-2016,06-15-2019,20,1,9,0,0,9,8,,,0,,,8,8,2,1,,,1,,,2,1,0.114,,,,,,,,,,,,,,,,,,,,,,,,,,,,,,0,0,1,0,1,1,0,1,0,0,0,0,1,0,0,0,0,0,0,1,0,0,0,0,0,0,0,0,0,1,0,0,0,1,0,,1,0,0,0,0,1,0,1,0,1,0,0,0,1,0,1,,,,,,56-60,56-65,County road,R,Wednesday,Not Used,PV,White,0,1,0,0,County Road,County Sheriff,Spokane County Sheriff's Office,1,0,1,0,0,,,,,,0,0,0,,,,,,,,,,,0,0,0,1,,,,,20,7,,,,,,,,1,0,,,ELK-CHATTAROY RD,13.47,,
2018,189,633181,2,03-17-2018,12:32,17,3,March,0,61,Snohomish,0,1,0,1,1,2,1,0,1,1,,,,24,0,0,No vehicle,210.6,1,0,1,No intersection,1,2,1,1,0,0,0,0,I-5,,-122.2167667,48.21253056,,0,1,6,Drive off road,12,2,70,5,0,0,1,5,24,1,2,3,3,15,Others,1,1,53,,0,54,38,2002,0,,12,,,,,,1,1,25,1,0,,0,0,99,7,11,0,,,,,0,0,0,0,1,0,,,,96,,,,,,0,,,,,,83868,16,70,165,0,0,0,0,0,0,,0,,,,,,0,,,20,0,0,0,8,9,8,,,0,,,8,8,0,0,,,0,,,0,0,996,,,,,,,,,,,,,,,,,,,,,,,,,,,,,,0,0,0,0,0,0,0,0,0,0,0,0,0,1,0,0,0,0,0,0,0,0,0,1,1,0,0,0,1,1,0,0,0,0,0,,0,0,0,0,0,0,0,0,0,0,0,1,0,0,0,0,,,,,,21-25,16-25,State route,R,Sunday,Unknown,PV,Not Fatal,0,0,0,0,State Route,State Patrol,Washington State Patrol,0,1,0,0,0,,,,,,0,0,0,,,,,,,,,,,98,98,98,0,,,,,20,7,,,,,,,,1,0,,,,,,