year,something,Cases,repjur,crash_dt,crash_tm,accday,Month,Month,holiday,county,co_char,city,weather,weather2,lightcond,surfcond,surftype,Number of Fatalities,nmforms,pforms,vforms,not_tm,arr_tm,hosp_tm,fhevent,hitrun,Manner of Collision,Manner of Collision,milepnt,reljunc,reljuncinter,intersectiontype,Intersection Type,funcsystem,landuse,ownership,route,schlbus,spejur,contdev,devfunc,trafid1,trafid2,x,y,zipcode,wk_zone,vnumber,crashtype,Crash Type,criticalevent,criticaleventcat,spdlim,body,trailer,emerg,hazcargo,leave,mhevent,roadalgn,roadprof,traflane,trafflow,Vehicle Manure,Vehicle Manure,numoccs,regowner,regstate,,spuse,make,model,modelyr,vrf1,vrf2,seqevent1,seqevent2,seqevent3,seqevent4,seqevent5,seqevent6,pnumber,ptype,age,sex,hispanic,race,injury,diedscene,restraint,restraintmisuse,seatpos,takehosp,death_dt,death_tm,cert,cernum_wa,commlic,licendor,licrestrict,liccomp,drivpres,drf1,drf2,drf3,drf4,distract1,distract2,distract3,distract4,distract5,distract6,dricond1,dricond2,dricond3,dricond4,dricond5,dricond6,dzip,licstate,drhgt_in,weight,noncdl,noncdltype,prevdwi,prevoth,prevacc,prevspd,prevsus,driviol1,driviol2,driviol3,driviol4,driviol5,driviol6,spdrel,first_dt,last_dt,airbag,ejection,ejectpath,extricat,injurwrk,methalc,methdrug,nmlocat,strikveh,prf1,prf2,prf3,druginv,alcinvol,drugsts,drugres1,drugres2,drugres3,drugtst1,drugtst2,drugtst3,alcsts,alctst,alcres,nmact1,nmact2,nmact3,nmact4,nmact5,nmact6,nmprior1,nmprior2,nmprior3,nmprior4,nmprior5,nmprior6,nmcond1,nmcond2,nmcond3,nmcond4,nmcond5,nmcond6,nmsafe_helmet,nmsafe_pads,nmsafe_oth,nmprev_ref,nmprev_lgt,nmprev_oth,crashlocation,nmcrashtype,crosswalk,schoolzone,sidewalk,train_inv,wildlife_inv,rotr_fars,intersect_fars,Drink and Drive,aid_inv,Drug Positive Drivers,Impaired Drivers,Marijuana Positive,impnm_inv,ainm_inv,dpnm_inv,speed_inv,unlic_inv,unendmc_inv,drowsy_inv,drdist_inv,nmdist_inv,fty_inv,unrestfat_inv,dr1617_inv,dr1820_inv,dr1620_inv,dr2125_inv,dr1625_inv,dr65_inv,dr70_inv,dr75_inv,mc_inv,pv_inv,ht_inv,ped_inv,bike_inv,unrest_fat,mc_fat,unhelmet_mc,pv_fat,ht_fat,ped_fat,bike_fat,dr_alc7,dr_alc8,dr_drug,dr_imp,dr_dist,dr_spd,dr_fty,dr_unlic,dr_alc7only,dr_alc8only,dr_drugonly,dr_drink,nm_imp,nm_alc7,nm_alc8,nm_drug,nm_dist,agegrp1,agegrp2,roadclass,urbrur,dayweek,restuse,vehtype,race_me,intersect,lanedep,oppdir,wrongway,rep_typ,investag,repag_long,rotr,st_rd,cty_rd,city_rd,oth_rd,drug_thc,thc_res,drug_cthc,cthc_res,drug_cann,prevpersemin,prevperse,prevsusoth,drugtst4,drugtst5,drugtst6,drugtst7,drugtst8,drugres4,drugres5,drugres6,drugres7,drugres8,adspresent,adsengaged,adslevel,race1,race2,race3,race4,race5,helmet,helmetmisuse,nmdistract1,nmdistract2,nmdistract3,nmdistract4,nmdistract5,nmdistract6,lab,isedtcase,crf1,crf2,crf3,CoRoadName,CoMP,IntCoRoadName,IntCoMP
2019,190,634129,6,05-26-2019,01:53,26,5,May,,7,Chelan,0,10,0,2,1,2,1,0,7,3,,,,12,0,6,Angle,4.5,1,0,1,No intersection,4,1,1,2,0,0,0,0,US-97A,,-120.2990722,47.53414444,98801,0,1,66,Specific Other,10,2,60,4,0,0,1,7,12,2,1,2,1,14,Making a U turn,1,2,49,,0,76,706,2007,0,,12,,,,,,1,1,35,1,0,,3,0,20,7,11,5,,,,,0,0,0,3,1,33,,,,96,,,,,,0,,,,,,98118,53,72,220,6,1,0,1,0,1,,53,,,,,,0,06-15-2016,09-15-2020,20,8,0,0,8,9,8,,,0,,,8,8,0,0,,,0,,,0,0,996,,,,,,,,,,,,,,,,,,,,,,,,,,,,,,0,0,0,0,0,0,0,0,0,0,0,0,0,1,0,0,0,0,0,0,0,0,0,1,1,0,0,0,1,1,0,0,0,0,0,0,0,0,0,0,0,0,0,0,0,0,0,0,0,0,0,0,,,,,,31-35,26-35,State route,R,Sunday,,MC,Not Fatal,0,0,0,0,State Route,State Patrol,Washington State Patrol,0,1,0,0,0,,,,,,0,0,0,,,,,,,,,,,0,0,0,0,,,,,5,0,,,,,,,,1,0,,,,,,
2021,190,635639,21,06-13-2021,15:37,13,6,June,,25,Grant,0,10,,1,1,7,1,0,8,2,,,,12,0,6,Angle,,2,0,2,4 Way,5,1,2,4,0,0,0,0,CR-DODSON RD N,RD 4 NW,-119.5554361,47.14794167,98823,0,2,69,Initial Opposite Direction(Going Straight),62,4,60,14,0,0,1,2,12,1,1,2,1,1,Going Straight,4,1,53,,0,53,706,2006,0,,12,,,,,,1,1,31,1,7,,4,0,20,7,11,5,09/16/2020,03:08,1.96E+11,43178,0,0,3,3,1,0,,,,96,,,,,,98,,,,,,98013,53,74,270,6,1,0,0,1,1,,0,,,,,,0,01-15-2016,06-15-2018,20,8,0,0,0,9,8,,,0,,,8,8,2,348,695,605,1,1,1,2,1,0,,,,,,,,,,,,,,,,,,,,,,,,,,,,,,0,0,0,1,0,0,1,1,1,0,0,0,0,0,0,0,0,0,0,0,0,0,0,0,0,1,1,0,1,1,0,0,0,0,1,0,0,0,0,0,0,0,1,1,0,0,0,0,0,0,1,0,,,,,,31-35,26-35,State route,U,Saturday,,MC,Black,1,0,0,0,State Route,Municipal/City Police,Lynnwood Police Department,0,1,0,0,0,thc,7,carboxy-thc,110,,0,0,1,1,,,,,151,,,,,0,0,0,2,,,,,5,0,,,,,,,nms,1,0,,,,,,
2021,190,635638,21,06-13-2021,15:37,13,6,June,,25,Grant,0,10,,1,1,7,1,0,8,2,,,,12,0,6,Angle,,2,0,2,4 Way,5,1,2,4,0,0,0,0,CR-DODSON RD N,RD 4 NW,-119.5554361,47.14794167,98823,0,1,68,Initial Opposite Direction(Left/Right),15,2,60,4,0,0,1,2,12,1,1,2,1,11,Turning Red: Permitted on red,4,1,53,,0,12,425,2019,0,,12,,,,,,1,1,73,1,0,,1,0,3,0,11,0,,,,,0,0,3,3,1,0,,,,96,,,,,,98,,,,,,98026,53,72,198,6,1,0,0,0,0,,97,,,,,,0,,,8,0,0,0,8,9,8,,,0,,,8,8,8,95,,,96,,,8,95,995,,,,,,,,,,,,,,,,,,,,,,,,,,,,,,0,0,0,1,0,0,1,1,1,0,0,0,0,0,0,0,0,0,0,0,0,0,0,0,0,1,1,0,1,1,0,0,0,0,0,,0,0,0,0,0,0,0,0,0,0,0,0,0,0,0,0,,,,,,71-75,66-75,State route,U,Saturday,Belt Used,PV,Not Fatal,1,0,0,0,State Route,Municipal/City Police,Lynnwood Police Department,0,1,0,0,0,,,,,,0,0,0,,,,,,,,,,,98,98,98,0,,,,,20,7,,,,,,,,1,0,,,,,,
2020,190,634832,8,06-10-2020,21:19,10,6,June,,45,Mason,0,1,,5,1,2,1,0,1,1,,,,42,0,0,No vehicle,318.8,1,0,1,No intersection,3,1,1,2,0,0,0,0,US-101,,-123.0433806,47.54768056,98555,0,1,1,Driver Off Road,13,2,50,6,0,0,1,2,42,1,1,2,1,1,Going Straight,1,2,53,,0,98,705,2007,0,,63,33,31,69,71,14,1,1,43,1,7,,4,7,20,7,11,0,09-12-2020,19:03,2.11E+11,43148,0,0,0,3,1,0,,,,96,,,,,,98,,,,,,99205,53,62,177,6,1,0,0,0,0,,0,,,,,,4,,,20,8,0,0,0,9,8,,,0,,,8,8,2,695,605,996,1,1,1,2,1,0.166,,,,,,,,,,,,,,,,,,,,,,,,,,,,,,0,0,0,1,1,1,1,1,1,0,0,0,1,0,0,0,0,0,0,0,0,0,0,0,0,0,0,0,1,1,0,0,0,0,1,0,0,0,0,0,0,1,1,1,0,1,0,0,0,0,0,1,,,,,,41-45,36-45,City street,R,Saturday,,MC,White,1,0,0,0,City Street,County Sheriff,Spokane County Sheriff's Office,0,0,0,1,0,thc,13,carboxy-thc,9.7,,0,0,0,1,,,,,996,,,,,0,0,0,1,,,,,5,0,,,,,,,nms,1,0,,,,,,
2019,190,634131,6,05-26-2019,01:53,26,5,May,,7,Chelan,0,10,0,2,1,2,1,0,7,3,,,,12,0,6,Angle,4.5,1,0,1,No intersection,4,1,1,2,0,0,0,0,US-97A,,-120.2990722,47.53414444,98801,0,3,98,Others,62,4,60,14,0,0,1,7,12,3,1,2,1,14,Making a U turn,4,1,53,,0,12,481,1998,0,,12,,,,,,1,1,45,1,0,,0,0,20,7,11,0,,,,,0,0,0,3,1,0,,,,96,,,,,,98,,,,,,98823,53,71,275,6,1,0,1,2,0,,0,,,,,,0,08-15-2016,07-15-2019,1,0,0,0,8,9,8,,,0,,,8,8,8,95,,,96,,,8,95,995,,,,,,,,,,,,,,,,,,,,,,,,,,,,,,0,0,0,1,0,0,0,0,0,0,0,0,0,0,0,0,0,0,1,0,0,0,0,0,0,0,0,0,0,1,0,0,0,0,0,,0,0,0,0,0,0,0,0,0,0,0,0,0,0,0,0,,,,,,41-45,36-45,State route,R,Wednesday,Not Used,PV,Not Fatal,1,0,0,0,State Route,State Patrol,Washington State Patrol,0,1,0,0,0,,,,,,0,0,0,,,,,,,,,,,0,0,0,0,,,,,20,7,,,,,,,,1,0,,,,,,
2019,190,634130,6,05-26-2019,01:53,26,5,May,,7,Chelan,0,10,0,2,1,2,1,0,7,3,,,,12,0,6,Angle,4.5,1,0,1,No intersection,4,1,1,2,0,0,0,0,US-97A,,-120.2990722,47.53414444,98801,0,2,66,Specific Other,62,4,60,34,0,0,1,7,12,3,1,2,1,14,Making a U turn,2,1,53,,0,35,39,2002,0,,12,,,,,,1,1,59,1,1,,4,0,3,0,11,5,09-09-2020,19:48,53042821,42821,0,0,0,3,1,38,,,,96,,,,,,0,,,,,,99344,53,65,209,6,1,0,0,0,0,,46,,,,,,0,,,8,0,0,0,0,1,8,,,0,,,8,0,8,95,,,96,,,2,98,0,,,,,,,,,,,,,,,,,,,,,,,,,,,,,,0,0,0,1,0,0,0,0,0,0,0,0,0,0,0,0,0,0,1,0,0,0,0,0,0,0,0,0,0,1,0,0,0,0,0,,1,0,0,0,0,0,0,0,0,0,1,0,0,0,0,0,,,,,,56-60,56-65,State route,R,Wednesday,Belt Used,PV,Hispanic,1,0,0,0,State Route,State Patrol,Washington State Patrol,0,1,0,0,0,,,,,,0,0,0,,,,,,,,,,,98,98,98,98,,,,,20,7,,,,,,,,1,0,,,,,,
2018,190,633084,189,01-14-2018,17:49,14,1,Jan,2,61,Snohomish,1280,1,0,3,1,2,1,0,3,2,17:46,17:56,18:32,12,0,6,Angle,0.1,2,1,2,4 Way,3,2,1,3,0,0,3,3,SR-528,I-5,-122.1836083,48.05185556,98270,0,2,69,Initial Opposite Direction(Going Straight),62,4,98,80,0,0,1,5,12,1,1,4,1,1,Going Straight,1,1,53,,0,20,881,2019,0,,12,,,,,,1,1,24,1,0,,0,0,3,0,11,0,,,,,0,0,0,3,1,0,,,,96,,,,,,0,,,,,,98588,53,74,170,6,1,0,0,0,1,,0,,,,,,0,12-15-2015,12-15-2015,99,0,0,0,8,9,8,,,0,,,8,8,0,0,,,0,,,0,0,996,,,,,,,,,,,,,,,,,,,,,,,,,,,,,,0,0,0,1,0,0,0,0,0,0,0,0,0,0,0,0,1,0,1,0,0,0,0,1,1,0,0,0,0,0,1,0,0,0,0,,0,0,0,0,0,0,0,0,0,0,0,0,0,0,0,0,,,,,,21-25,16-25,County road,R,Saturday,,MHTRUCK,Not Fatal,1,0,0,0,County Road,County Sheriff,Mason County Sheriff's Office,0,0,1,0,0,,,,,,0,0,0,,,,,,,,,,,98,98,98,0,,,,,20,7,,,,,,,,1,0,,,BELFAIR TAHUYA RD,1.791,ELFENDAHL PASS RD,1.848
2018,190,633083,189,01-14-2018,17:49,14,1,Jan,2,61,Snohomish,1280,1,0,3,1,2,1,0,3,2,17:46,17:56,18:32,12,0,6,Angle,0.1,2,1,2,4 Way,3,2,1,3,0,0,3,3,SR-528,I-5,-122.1836083,48.05185556,98270,0,1,68,Initial Opposite Direction(Left/Right),17,2,98,4,0,0,1,5,12,1,1,4,1,11,Turning Red: Permitted on red,2,2,53,,0,37,733,2005,0,,12,,,,,,1,1,22,1,7,,4,7,20,7,11,0,08/22/2020,16:20,53039499,39499,0,0,0,3,1,38,,,,92,,,,,,98,,,,,,89104,32,74,170,6,1,0,0,0,0,,0,,,,,,0,,,20,0,0,0,0,9,8,,,0,,,8,8,2,1,,,1,,,2,1,0,,,,,,,,,,,,,,,,,,,,,,,,,,,,,,0,0,0,1,0,0,0,0,0,0,0,0,0,0,0,0,1,0,1,0,0,0,0,1,1,0,0,0,0,0,1,0,0,0,0,,0,0,0,0,0,0,0,0,1,0,1,0,0,0,0,0,,,,,,21-25,16-25,County road,R,Saturday,,OTHVT,Black,1,0,0,0,County Road,County Sheriff,Mason County Sheriff's Office,0,0,1,0,0,,,,,,0,0,0,,,,,,,,,,,0,0,0,2,,,,,5,0,,,,,,,,1,0,,,BELFAIR TAHUYA RD,1.791,ELFENDAHL PASS RD,1.848
2017,190,632579,13,05-25-2017,20:40,25,5,May,0,9,Clallam,0,1,0,1,1,5,1,0,5,1,20:43,21:10,21:51,42,0,0,No vehicle,2.2,1,0,1,No intersection,96,6,96,8,0,0,0,0,WOODS DR,,-123.0116167,47.99281944,,0,1,7,Control/Traction Loss,12,2,98,4,0,0,1,2,42,2,2,8,1,14,Making a U turn,5,2,53,,0,76,706,2013,0,,12,,,,,,1,1,26,1,7,,4,7,20,7,11,0,07/23/2020,23:56,17053033853,33853,0,0,2,3,1,74,,,,96,,,,,,98,,,,,,98021,53,77,300,6,1,0,1,1,1,,0,,,,,,3,01-15-2018,06-15-2019,20,8,0,0,0,9,8,,,0,,,8,8,2,695,605,,1,1,,2,1,0,,,,,,,,,,,,,,,,,,,,,,,,,,,,,,0,0,0,1,0,0,1,1,1,0,0,0,1,0,0,0,0,0,1,0,1,0,1,0,1,0,0,0,1,1,0,0,0,0,1,0,0,0,0,0,0,0,1,1,0,1,0,0,0,0,1,0,,,,,,26-30,26-35,City street,U,Thursday,,MC,White,1,0,0,0,City Street,Municipal/City Police,Bothell Police Department,0,0,0,1,0,thc,3.4,carboxy-thc,19,,0,0,0,,,,,,,,,,,0,0,0,1,,,,,5,0,,,,,,,nms,1,0,,,,,,
2020,191,3841215,278,05-11-2020,06:39,11,5,May,,63,Spokane,0,1,,1,1,2,1,0,3,3,06:42,06:51,07:28,12,0,2,Front-to-Front,2.7,1,0,1,No intersection,5,1,2,4,0,0,0,0,CR-N ARGONNE RD,,-117.2865806,47.72478333,,0,3,98,Others,62,4,45,34,0,0,1,2,12,1,1,2,1,1,Going Straight,1,1,16,,0,36,38,2013,0,,12,,,,,,1,1,17,2,0,,2,0,2,0,11,0,,,,,0,0,0,3,1,38,,,,96,,,,,,0,,,,,,80015,8,67,120,6,2,0,0,0,0,,46,,,,,,0,,,20,0,0,0,8,9,8,,,0,,,8,8,0,0,,,0,,,0,0,996,,,,,,,,,,,,,,,,,,,,,,,,,,,,,,0,0,0,1,0,0,1,1,1,0,0,0,1,0,0,0,0,0,1,0,1,0,1,0,1,0,0,0,1,1,0,0,0,0,0,,0,0,0,0,0,0,0,0,0,0,1,0,0,0,0,0,,,,,,16-17,16-25,City street,U,Thursday,Belt Used,PV,Not Fatal,1,0,0,0,City Street,Municipal/City Police,Bothell Police Department,0,0,0,1,0,,,,,,0,0,0,,,,,,,,,,,98,98,98,0,,,,,20,7,,,,,,,,1,0,,,,,,
2020,191,3841215,278,05-11-2020,06:39,11,5,May,,63,Spokane,0,1,,1,1,2,1,0,3,3,06:42,06:51,07:28,12,0,2,Front-to-Front,2.7,1,0,1,No intersection,5,1,2,4,0,0,0,0,CR-N ARGONNE RD,,-117.2865806,47.72478333,,0,1,50,Lateral Move(Left/Right),10,2,45,34,0,0,1,2,12,1,1,2,1,6,Others,1,2,53,,0,37,703,1975,0,,12,,,,,,1,1,54,1,7,,4,7,20,7,11,0,09-05-2020,19:20,53042094,42094,0,0,0,2,1,0,,,,96,,,,,,98,,,,,,98290,53,71,158,6,1,0,0,0,0,,0,,,,,,3,,,20,8,0,0,0,9,8,,,0,,,8,8,8,95,,,96,,,8,95,995,,,,,,,,,,,,,,,,,,,,,,,,,,,,,,0,0,0,0,0,0,0,0,0,0,0,0,1,1,1,0,0,0,0,0,0,0,0,1,1,0,0,0,1,0,0,0,0,0,1,0,0,0,0,0,0,0,0,0,0,1,0,0,0,0,0,0,,,,,,51-55,46-55,County road,R,Saturday,,MC,White,0,1,1,0,County Road,County Sheriff,Grant County Sheriff's Office,0,0,1,0,0,,,,,,0,0,0,,,,,,,,,,,0,0,0,1,,,,,5,0,,,,,,,,1,0,,,SAND DUNES RD,3.18,,
2020,191,3841215,278,05-11-2020,06:39,11,5,May,,63,Spokane,0,1,,1,1,2,1,0,3,3,06:42,06:51,07:28,12,0,2,Front-to-Front,2.7,1,0,1,No intersection,5,1,2,4,0,0,0,0,CR-N ARGONNE RD,,-117.2865806,47.72478333,,0,2,51,Lateral Move(Going Straight),62,4,45,4,0,0,1,2,12,1,1,2,1,1,Going Straight,1,2,53,,0,76,734,2008,0,,68,12,,,,,1,1,23,1,7,,4,7,20,7,11,0,09-05-2020,19:54,53041322,41322,0,0,3,2,1,28,,,,96,,,,,,98,,,,,,98258,53,66,120,1,1,1,2,0,4,,0,,,,,,3,05-15-2016,04-15-2019,20,1,9,0,0,9,8,,,0,,,8,8,8,95,,,96,,,8,95,995,,,,,,,,,,,,,,,,,,,,,,,,,,,,,,0,0,0,0,0,0,0,0,0,0,0,0,1,1,1,0,0,0,0,0,0,0,0,1,1,0,0,0,1,0,0,0,0,0,0,,0,0,0,0,0,0,0,0,0,1,0,1,0,0,0,0,,,,,,21-25,16-25,County road,R,Saturday,,OTHVT,White,0,1,1,0,County Road,County Sheriff,Grant County Sheriff's Office,0,0,1,0,0,,,,,,0,1,6,,,,,,,,,,,0,0,0,1,,,,,5,0,,,,,,,,1,0,,,SAND DUNES RD,3.18,,
2021,191,635640,5,06-22-2021,20:45,22,6,June,,15,Cowlitz,0,1,,1,1,2,1,1,1,1,,,,8,0,0,No vehicle,24.3,1,0,1,No intersection,1,1,1,1,0,0,0,0,I-5,,-122.7786028,45.94416111,98674,0,1,13,Pedestrian/Animal,80,5,70,14,0,0,1,2,8,1,1,3,3,1,Going Straight,1,1,53,,0,72,706,2014,0,,11,64,38,1,,,1,1,69,1,0,,3,0,20,7,11,5,,,,,0,0,3,3,1,0,,,,96,,,,,,0,,,,,,98576,53,65,155,6,1,0,0,2,1,,0,,,,,,0,01-15-2016,03-15-2020,20,8,0,0,8,9,8,,,0,,,8,8,0,0,,,0,,,0,0,996,,,,,,,,,,,,,,,,,,,,,,,,,,,,,,0,1,0,0,0,0,0,0,0,0,0,0,0,0,0,0,0,0,0,0,0,0,0,0,0,1,0,0,1,0,0,0,0,0,0,0,0,0,0,0,0,0,0,0,0,0,0,0,0,0,0,0,,,,,,66-70,66-75,State route,R,Friday,,MC,Not Fatal,0,0,0,0,State Route,State Patrol,Washington State Patrol,0,1,0,0,0,,,,,,0,0,0,,,,,,,,,,,0,0,0,0,,,,,5,0,,,,,,,,1,0,,,,,,
2019,191,634132,307,06-23-2019,21:51,23,6,June,,71,Walla Walla,2390,1,0,2,1,2,1,0,1,1,,,,31,0,0,No vehicle,0,3,0,2,4 Way,7,2,4,6,0,0,20,3,TAUMARSON RD,PLAZA WAY,-118.3447333,46.03605,99362,0,1,1,Driver Off Road,13,2,98,80,0,0,1,7,31,3,1,2,1,14,Making a U turn,1,1,53,,0,53,705,2006,0,,64,24,1,,,,1,1,24,1,6,,4,7,20,7,11,0,09-05-2020,00:35,1.41E+11,42749,0,0,0,2,1,0,,,,96,,,,,,98,,,,,,98087,53,69,160,1,1,0,0,0,1,,0,,,,,,4,09-15-2017,09-15-2017,20,8,0,0,0,9,8,,,0,,,8,8,2,1,,,1,,,2,1,0.222,,,,,,,,,,,,,,,,,,,,,,,,,,,,,,0,0,1,0,1,1,0,1,0,0,0,0,1,1,1,0,0,0,0,0,0,0,0,1,1,0,0,0,1,0,0,0,0,0,1,0,0,0,0,0,0,1,0,1,0,1,0,1,0,1,0,1,,,,,,21-25,16-25,Interstate,U,Saturday,,MC,Hispanic,0,1,0,0,State Route,State Patrol,Washington State Patrol,1,1,0,0,0,,,,,,0,0,1,,,,,,,,,,,0,0,0,3,,,,,5,0,,,,,,,,1,0,,,,,,
2018,191,633103,42,01-30-2018,13:03,30,1,Jan,0,67,Thurston,1102,1,0,1,2,2,1,1,1,1,,,,8,0,0,No vehicle,0,3,0,3,T Intersection,4,1,4,4,0,0,20,3,CR-CARPENTER RD SE,32ND AVE SE,-122.7808389,47.01815833,98503,0,1,13,Pedestrian/Animal,11,2,35,6,0,0,1,5,8,4,2,2,1,10,Others,1,2,53,,0,37,31,1996,0,,63,53,1,,,,1,1,43,1,7,,4,7,99,7,11,0,09-07-2020,20:53,10753058581,58581,0,0,0,2,1,0,,,,92,,,,,,98,,,,,,98604,53,72,190,1,1,0,0,0,0,,0,,,,,,0,,,20,1,9,0,0,9,8,,,0,,,8,8,8,95,,,96,,,8,95,995,,,,,,,,,,,,,,,,,,,,,,,,,,,,,,0,0,1,0,0,0,0,0,0,0,0,0,0,1,0,0,1,0,0,0,0,0,0,0,0,0,0,0,0,1,0,0,0,0,0,,1,0,0,0,0,0,0,0,1,0,0,1,0,0,0,0,,,,,,41-45,36-45,City street,U,Monday,Unknown,PV,White,0,1,0,0,City Street,Municipal/City Police,Battleground Police Department,1,0,0,1,0,,,,,,0,0,0,,,,,,,,,,,0,0,0,1,,,,,20,7,,,,,,,,1,0,,,,,,
2017,191,632574,6,06-02-2017,04:52,2,6,June,0,25,Grant,0,1,0,4,1,2,1,0,1,1,,,,1,0,0,No vehicle,69.1,1,0,1,No intersection,4,1,1,3,0,0,0,0,SR-17,,-119.4862417,47.40138333,98851,0,1,98,Others,12,2,60,16,0,0,1,2,1,2,1,2,1,14,Making a U turn,1,1,53,,0,63,402,2006,0,,63,1,42,,,,1,1,39,1,7,,4,7,3,0,11,0,09-08-2020,14:24,53042554,42554,0,0,3,2,1,8,37,,,96,,,,,,98,,,,,,99037,53,71,206,1,1,0,1,0,1,,0,,,,,,0,08-15-2018,11-15-2019,99,0,0,0,0,9,8,,,0,,,8,8,2,321,351,128,1,1,1,2,1,0,,,,,,,,,,,,,,,,,,,,,,,,,,,,,,0,0,0,0,0,0,1,1,0,0,0,0,0,1,0,0,0,0,0,0,0,0,0,0,0,0,0,0,0,1,0,0,0,0,0,,1,0,0,0,0,0,1,1,0,0,0,1,0,0,1,0,,,,,,36-40,36-45,State route,R,Tuesday,Belt Used,PV,White,0,1,0,0,State Route,County Sheriff,Spokane County Sheriff's Office,1,1,0,0,0,,,,,,0,0,3,1,1,1,,,177,996,401,417,,98,98,98,1,,,,,20,7,,,,,,,,1,20,,,,,,
2021,192,635642,2,06-12-2021,18:20,12,6,June,,29,Island,0,1,,1,1,2,1,0,2,2,,,,42,0,0,No vehicle,,1,0,1,No intersection,6,1,2,4,0,0,0,0,CR-RACE RD,,-122.5908972,48.18120278,98239,0,2,98,Others,98,7,35,80,0,0,1,5,12,3,4,2,1,14,Making a U turn,1,2,53,,0,23,401,2002,0,,8,,,,,,1,1,21,2,0,,0,0,3,0,11,0,,,,,0,0,3,2,1,0,,,,92,,,,,,98,,,,,,98604,53,62,110,1,1,2,0,0,1,,97,,,,,,0,08-15-2019,08-15-2020,20,0,0,0,8,9,8,,,0,,,8,8,8,95,,,96,,,8,95,995,,,,,,,,,,,,,,,,,,,,,,,,,,,,,,0,0,0,1,0,0,0,0,0,1,1,1,0,1,0,0,1,0,0,0,0,0,0,1,1,0,0,0,0,1,0,1,0,0,0,,0,0,0,0,0,0,0,0,1,0,0,1,0,0,0,0,,,,,,21-25,16-25,City street,U,Wednesday,Belt Used,PV,Not Fatal,1,0,0,0,City Street,Municipal/City Police,Vancouver Police Department,0,0,0,1,0,,,,,,1,0,5,,,,,,,,,,,98,98,98,0,,,,,20,7,,,,,,,,1,0,,,,,,
2021,192,635641,2,06-12-2021,18:20,12,6,June,,29,Island,0,1,,1,1,2,1,0,2,2,,,,42,0,0,No vehicle,,1,0,1,No intersection,6,1,2,4,0,0,0,0,CR-RACE RD,,-122.5908972,48.18120278,98239,0,1,1,Driver Off Road,13,2,35,80,0,0,1,2,42,3,4,2,1,14,Making a U turn,1,1,53,,0,20,481,1995,0,,12,,,,,,1,1,16,1,0,,0,0,3,0,11,0,,,,,0,0,1,3,1,0,,,,96,,,,,,0,,,,,,99207,53,67,120,6,2,0,0,0,0,,0,,,,,,0,,,20,0,0,0,8,9,8,,,0,,,8,8,0,0,,,0,,,0,0,996,,,,,,,,,,,,,,,,,,,,,,,,,,,,,,0,0,0,1,1,0,1,1,1,0,0,0,0,1,0,0,0,0,0,0,1,0,1,0,1,0,0,0,0,1,0,0,0,0,0,,0,0,0,0,0,0,0,0,0,0,0,0,0,0,0,0,,,,,,16-17,16-25,State route,U,Monday,Belt Used,PV,Not Fatal,1,0,0,0,State Route,State Patrol,Washington State Patrol,0,1,0,0,0,,,,,,0,0,0,,,,,,,,,,,0,0,0,0,,,,,20,7,,,,,,,,1,0,,,,,,
2020,192,634639,146,02-14-2020,19:09,14,2,Feb,,77,Yakima,0,1,,2,1,2,1,0,4,2,19:12,19:23,20:09,12,0,2,Front-to-Front,6.9,1,0,1,No intersection,5,1,2,4,0,0,0,0,CR-YAKIMA VALLEY HWY,,-120.3498306,46.45044167,98951,0,2,51,Lateral Move(Going Straight),62,4,55,4,0,0,1,2,12,3,1,2,1,14,Making a U turn,2,1,53,,0,63,401,2001,0,,12,,,,,,1,1,37,2,7,,4,0,3,0,11,5,09-07-2020,19:14,2.11E+11,41427,0,0,0,2,1,8,39,,,96,,,,,,9,,,,,,99206,53,65,140,1,1,1,6,1,1,,0,,,,,,0,08-15-2017,09-15-2018,8,0,0,0,0,1,8,,,0,,,1,1,2,695,605,401,1,1,1,2,1,0.01,,,,,,,,,,,,,,,,,,,,,,,,,,,,,,0,0,0,1,1,0,1,1,1,0,0,0,0,1,0,0,0,0,0,0,1,0,1,0,1,0,0,0,0,1,0,0,0,0,0,,1,0,0,0,1,0,1,1,0,0,0,1,0,0,0,1,,,,,,36-40,36-45,State route,U,Monday,Belt Used,PV,White,1,0,0,0,State Route,State Patrol,Washington State Patrol,0,1,0,0,0,thc,37,carboxy-thc,18,,0,0,5,1,,,,,417,,,,,98,98,98,1,,,,,20,7,,,,,,,nms,1,0,,,,,,