year,something,Cases,repjur,crash_dt,crash_tm,accday,Month,Month,holiday,county,co_char,city,weather,weather2,lightcond,surfcond,surftype,Number of Fatalities,nmforms,pforms,vforms,not_tm,arr_tm,hosp_tm,fhevent,hitrun,Manner of Collision,Manner of Collision,milepnt,reljunc,reljuncinter,intersectiontype,Intersection Type,funcsystem,landuse,ownership,route,schlbus,spejur,contdev,devfunc,trafid1,trafid2,x,y,zipcode,wk_zone,vnumber,crashtype,Crash Type,criticalevent,criticaleventcat,spdlim,body,trailer,emerg,hazcargo,leave,mhevent,roadalgn,roadprof,traflane,trafflow,Vehicle Manure,Vehicle Manure,numoccs,regowner,regstate,,spuse,make,model,modelyr,vrf1,vrf2,seqevent1,seqevent2,seqevent3,seqevent4,seqevent5,seqevent6,pnumber,ptype,age,sex,hispanic,race,injury,diedscene,restraint,restraintmisuse,seatpos,takehosp,death_dt,death_tm,cert,cernum_wa,commlic,licendor,licrestrict,liccomp,drivpres,drf1,drf2,drf3,drf4,distract1,distract2,distract3,distract4,distract5,distract6,dricond1,dricond2,dricond3,dricond4,dricond5,dricond6,dzip,licstate,drhgt_in,weight,noncdl,noncdltype,prevdwi,prevoth,prevacc,prevspd,prevsus,driviol1,driviol2,driviol3,driviol4,driviol5,driviol6,spdrel,first_dt,last_dt,airbag,ejection,ejectpath,extricat,injurwrk,methalc,methdrug,nmlocat,strikveh,prf1,prf2,prf3,druginv,alcinvol,drugsts,drugres1,drugres2,drugres3,drugtst1,drugtst2,drugtst3,alcsts,alctst,alcres,nmact1,nmact2,nmact3,nmact4,nmact5,nmact6,nmprior1,nmprior2,nmprior3,nmprior4,nmprior5,nmprior6,nmcond1,nmcond2,nmcond3,nmcond4,nmcond5,nmcond6,nmsafe_helmet,nmsafe_pads,nmsafe_oth,nmprev_ref,nmprev_lgt,nmprev_oth,crashlocation,nmcrashtype,crosswalk,schoolzone,sidewalk,train_inv,wildlife_inv,rotr_fars,intersect_fars,Drink and Drive,aid_inv,Drug Positive Drivers,Impaired Drivers,Marijuana Positive,impnm_inv,ainm_inv,dpnm_inv,speed_inv,unlic_inv,unendmc_inv,drowsy_inv,drdist_inv,nmdist_inv,fty_inv,unrestfat_inv,dr1617_inv,dr1820_inv,dr1620_inv,dr2125_inv,dr1625_inv,dr65_inv,dr70_inv,dr75_inv,mc_inv,pv_inv,ht_inv,ped_inv,bike_inv,unrest_fat,mc_fat,unhelmet_mc,pv_fat,ht_fat,ped_fat,bike_fat,dr_alc7,dr_alc8,dr_drug,dr_imp,dr_dist,dr_spd,dr_fty,dr_unlic,dr_alc7only,dr_alc8only,dr_drugonly,dr_drink,nm_imp,nm_alc7,nm_alc8,nm_drug,nm_dist,agegrp1,agegrp2,roadclass,urbrur,dayweek,restuse,vehtype,race_me,intersect,lanedep,oppdir,wrongway,rep_typ,investag,repag_long,rotr,st_rd,cty_rd,city_rd,oth_rd,drug_thc,thc_res,drug_cthc,cthc_res,drug_cann,prevpersemin,prevperse,prevsusoth,drugtst4,drugtst5,drugtst6,drugtst7,drugtst8,drugres4,drugres5,drugres6,drugres7,drugres8,adspresent,adsengaged,adslevel,race1,race2,race3,race4,race5,helmet,helmetmisuse,nmdistract1,nmdistract2,nmdistract3,nmdistract4,nmdistract5,nmdistract6,lab,isedtcase,crf1,crf2,crf3,CoRoadName,CoMP,IntCoRoadName,IntCoMP
2020,192,634638,146,02-14-2020,19:09,14,2,Feb,,77,Yakima,0,1,,2,1,2,1,0,4,2,19:12,19:23,20:09,12,0,2,Front-to-Front,6.9,1,0,1,No intersection,5,1,2,4,0,0,0,0,CR-YAKIMA VALLEY HWY,,-120.3498306,46.45044167,98951,0,1,50,Lateral Move(Left/Right),10,2,55,4,0,0,1,2,12,2,1,2,1,14,Making a U turn,2,1,53,,0,12,481,2005,0,,63,38,,,,,1,1,42,1,0,,0,0,3,0,11,0,,,,,0,0,3,3,1,0,,,,96,,,,,,0,,,,,,98936,53,71,250,6,1,0,3,0,0,,0,,,,,,0,02-15-2016,08-15-2019,20,0,0,0,8,3,8,,,0,,,8,8,0,0,,,0,,,9,99,999,,,,,,,,,,,,,,,,,,,,,,,,,,,,,,0,0,0,1,0,0,0,0,0,0,0,0,0,0,0,0,0,0,1,0,0,0,0,0,0,0,0,0,0,1,1,0,0,0,0,,0,0,0,0,0,0,0,0,0,0,0,0,0,0,0,0,,,,,,41-45,36-45,State route,U,Wednesday,Belt Used,PV,Not Fatal,1,0,0,0,State Route,State Patrol,Washington State Patrol,0,1,0,0,0,,,,,,0,0,0,,,,,,,,,,,98,98,98,0,,,,,20,7,,,,,,,,1,0,,,,,,
2019,192,634047,173,05-11-2019,20:40,11,5,May,,53,Pierce,1124,1,0,1,1,2,1,0,2,1,,,,1,0,0,No vehicle,0,1,0,1,No intersection,5,2,4,6,0,0,0,0,DURANGO ST SW,,-122.4874861,47.18309444,98499,0,1,6,Drive off road,12,2,35,2,0,0,1,7,1,1,1,2,1,1,Going Straight,2,1,53,,0,84,881,2018,0,,12,,,,,,1,1,28,1,0,,0,0,3,0,11,0,,,,,6,1,0,3,1,0,,,,96,,,,,,0,,,,,,98942,53,68,190,6,1,0,0,0,2,,0,,,,,,0,06-15-2016,10-15-2020,20,0,0,0,8,3,8,,,0,,,8,8,0,0,,,0,,,0,0,996,,,,,,,,,,,,,,,,,,,,,,,,,,,,,,0,0,0,1,0,0,0,0,0,0,0,0,0,0,0,0,0,0,1,0,0,0,0,0,0,0,0,0,0,1,1,0,0,0,0,,0,0,0,0,0,0,0,0,0,0,0,0,0,0,0,0,,,,,,26-30,26-35,State route,U,Wednesday,,MHTRUCK,Not Fatal,1,0,0,0,State Route,State Patrol,Washington State Patrol,0,1,0,0,0,,,,,,0,0,0,,,,,,,,,,,98,98,98,0,,,,,20,7,,,,,,,,1,0,,,,,,
2018,192,633331,35,06-14-2018,12:20,14,6,June,0,53,Pierce,0,1,0,1,1,2,1,0,1,1,12:25,12:30,,42,0,0,No vehicle,2.3,1,0,1,No intersection,5,2,2,4,0,0,0,0,CR-108TH ST S,,-122.4439694,47.159175,98444,0,1,2,Control/Traction Loss,6,1,35,10,0,0,1,5,42,1,1,2,1,6,Others,1,1,53,,0,49,32,2016,0,,12,,,,,,1,1,28,2,6,,4,0,3,0,11,5,09-04-2020,04:29,1.96E+11,41402,0,0,3,3,1,38,,,,96,,,,,,98,,,,,,98936,53,60,135,6,1,0,0,0,0,,0,,,,,,0,,,8,0,0,0,0,9,8,,,0,,,8,8,2,1,,,1,,,2,1,0,,,,,,,,,,,,,,,,,,,,,,,,,,,,,,0,0,0,1,0,0,0,0,0,0,0,0,0,0,0,0,0,0,1,0,0,0,0,0,0,0,0,0,0,1,1,0,0,0,0,,1,0,0,0,0,0,0,0,0,0,1,0,0,0,0,0,,,,,,26-30,26-35,State route,U,Wednesday,Belt Used,PV,Hispanic,1,0,0,0,State Route,State Patrol,Washington State Patrol,0,1,0,0,0,,,,,,0,0,0,,,,,,,,,,,98,98,98,98,,,,,20,7,,,,,,,,1,0,,,,,,
2017,192,632544,67,05-22-2017,07:32,22,5,May,0,35,Kitsap,180,1,0,1,1,2,1,0,1,3,,,,14,0,0,No vehicle,0,1,0,1,No intersection,7,2,4,6,0,0,0,0,BAY VISTA BLVD,,-122.6787139,47.56607222,98312,0,1,6,Drive off road,12,2,98,4,0,0,1,5,14,1,2,2,1,1,Going Straight,1,1,53,,0,35,48,2006,0,,63,30,30,,,,1,1,29,1,7,,4,0,3,0,11,5,09-07-2020,01:03,76353042788,42788,0,0,3,3,1,0,,,,96,,,,,,98,,,,,,18052,42,69,999,6,1,0,0,0,0,,0,,,,,,2,,,8,0,0,0,0,9,8,,,0,,,8,8,8,95,,,96,,,8,95,995,,,,,,,,,,,,,,,,,,,,,,,,,,,,,,0,0,1,0,0,0,0,0,0,0,0,0,1,0,0,0,0,0,0,0,0,0,0,0,0,0,0,0,0,1,0,0,0,0,0,,1,0,0,0,0,0,0,0,0,1,0,0,0,0,0,0,,,,,,26-30,26-35,City street,U,Sunday,Belt Used,PV,Black,0,1,0,0,City Street,Municipal/City Police,Lakewood Police Department,1,0,0,1,0,,,,,,0,0,0,,,,,,,,,,,98,98,98,2,,,,,20,7,,,,,,,,1,0,,,,,,
2019,193,634143,6,06-26-2019,09:35,26,6,June,,37,Kittitas,0,1,0,1,1,2,1,0,3,3,,,,12,0,2,Front-to-Front,147.1,1,0,1,No intersection,3,1,1,2,0,0,28,3,US-97,,-120.6110389,47.33145278,,1,2,51,Lateral Move(Going Straight),62,4,60,6,0,0,1,7,12,2,2,3,1,14,Making a U turn,1,4,13,,0,48,401,2017,0,,8,,,,,,1,1,74,2,0,,0,0,99,7,11,0,,,,,0,0,0,3,1,0,,,,96,,,,,,98,,,,,,98467,53,64,150,6,1,0,0,0,0,,0,,,,,,0,,,20,0,0,0,8,9,8,,,0,,,8,8,0,0,,,0,,,0,0,996,,,,,,,,,,,,,,,,,,,,,,,,,,,,,,0,0,0,0,0,0,0,0,0,1,0,1,0,0,0,0,0,0,0,0,0,0,0,0,0,1,1,0,0,1,0,1,0,0,0,,0,0,0,0,0,0,0,0,0,0,0,0,0,0,0,0,,,,,,71-75,66-75,State route,U,Friday,Unknown,PV,Not Fatal,0,0,0,0,State Route,State Patrol,Washington State Patrol,0,1,0,0,0,,,,,,0,0,0,,,,,,,,,,,98,98,98,0,,,,,20,7,,,,,,,,1,0,,,,,,
2021,193,635643,2,06-22-2021,18:40,22,6,June,,57,Skagit,0,1,,1,1,2,1,0,1,1,,,,42,0,0,No vehicle,,1,0,1,No intersection,6,1,2,4,0,0,0,0,CR-CONCRETE SAUK VALLEY,,-121.7471083,48.51821389,98237,0,1,6,Drive off road,12,2,50,4,0,0,1,2,42,1,2,2,1,1,Going Straight,1,2,53,,0,99,999,9999,0,,8,,,,,,1,1,999,9,0,,0,0,99,7,11,0,,,,,99,9,9,9,1,0,,,,96,,,,,,98,,,,,,99999,99,,999,9,9,99,99,99,99,,97,,,,,,0,,,99,0,0,0,8,9,8,,,0,,,8,8,0,0,,,0,,,0,0,996,,,,,,,,,,,,,,,,,,,,,,,,,,,,,,0,0,0,0,0,0,0,0,0,1,0,1,0,0,0,0,0,0,0,0,0,0,0,0,0,1,1,0,0,1,0,1,0,0,0,,0,0,0,0,0,0,0,0,0,0,0,0,0,0,0,0,,,,,,,,State route,U,Friday,,NR-U,Not Fatal,0,0,0,0,State Route,State Patrol,Washington State Patrol,0,1,0,0,0,,,,,,99,99,99,,,,,,,,,,,98,98,98,0,,,,,20,7,,,,,,,,1,0,,,,,,
2020,193,634640,297,02-08-2020,11:40,8,2,Feb,,33,King,2310,10,,1,2,2,1,0,2,1,11:48,12:01,12:23,1,0,0,No vehicle,0,3,0,2,4 Way,3,2,4,6,0,0,0,0,E MARGINAL WAY S,S 86TH PL,-122.3031806,47.52676667,98108,0,1,98,Others,8,1,35,80,0,0,1,2,1,1,1,5,1,3,Others,2,1,53,,0,7,482,2001,0,,63,67,17,1,,,1,1,52,1,7,,4,7,3,0,11,0,07/17/2020,13:10,53033143,33143,0,0,0,3,1,0,,,,0,,,,,,8,,,,,,98840,53,71,185,6,1,0,0,0,0,,0,,,,,,0,,,8,0,0,0,0,9,8,,,0,,,8,8,8,95,,,96,,,2,95,997,,,,,,,,,,,,,,,,,,,,,,,,,,,,,,0,0,1,0,0,0,0,0,0,0,0,0,0,0,0,0,0,0,0,0,0,0,0,0,0,0,0,0,0,1,0,0,0,0,0,,1,0,0,0,0,0,0,0,0,0,0,0,0,0,0,0,,,,,,51-55,46-55,County road,R,Friday,Belt Used,PV,White,0,1,0,0,Other,County Sheriff,Okanogan County Sheriff's Office,1,0,0,0,1,,,,,,0,0,0,,,,,,,,,,,98,98,98,1,,,,,20,7,,,,,,,,1,0,,,,,,
2019,193,634144,6,06-26-2019,09:35,26,6,June,,37,Kittitas,0,1,0,1,1,2,1,0,3,3,,,,12,0,2,Front-to-Front,147.1,1,0,1,No intersection,3,1,1,2,0,0,28,3,US-97,,-120.6110389,47.33145278,,1,3,98,Others,61,4,60,66,1,0,1,5,12,2,2,3,1,14,Making a U turn,1,3,53,,0,37,705,2013,0,,12,,,,,,1,1,40,1,0,,2,0,20,7,11,0,,,,,0,0,0,3,1,0,,,,96,,,,,,0,,,,,,98671,53,71,165,6,1,0,0,2,1,,0,,,,,,0,08-15-2016,04-15-2019,20,8,0,0,8,9,8,,,0,,,8,8,0,0,,,0,,,0,0,996,,,,,,,,,,,,,,,,,,,,,,,,,,,,,,0,1,0,0,0,0,0,0,0,0,0,0,0,0,0,0,0,0,0,0,0,0,0,0,0,0,0,0,1,0,0,0,0,0,0,0,0,0,0,0,0,0,0,0,0,0,0,0,0,0,0,0,,,,,,36-40,36-45,County road,R,Sunday,,MC,Not Fatal,0,0,0,0,County Road,County Sheriff,Clark County Sheriff's Office,0,0,1,0,0,,,,,,0,0,0,,,,,,,,,,,0,0,0,0,,,,,19,0,,,,,,,,1,0,,,SE VERNON RD,1.32,,
2019,193,634142,6,06-26-2019,09:35,26,6,June,,37,Kittitas,0,1,0,1,1,2,1,0,3,3,,,,12,0,2,Front-to-Front,147.1,1,0,1,No intersection,3,1,1,2,0,0,28,3,US-97,,-120.6110389,47.33145278,,1,1,50,Lateral Move(Left/Right),10,2,60,1,0,0,1,7,12,2,2,3,1,14,Making a U turn,1,1,53,,0,72,706,2019,0,,11,63,24,12,,,1,1,41,1,0,,9,0,20,7,11,0,,,,,0,0,0,3,1,0,,,,96,,,,,,0,,,,,,98607,53,73,210,6,1,0,0,1,2,,0,,,,,,0,09-15-2015,09-15-2019,20,8,0,0,8,9,8,,,0,,,8,8,0,0,,,0,,,0,0,996,,,,,,,,,,,,,,,,,,,,,,,,,,,,,,0,1,0,0,0,0,0,0,0,0,0,0,0,0,0,0,0,0,0,0,0,0,0,0,0,0,0,0,1,0,0,0,0,0,0,0,0,0,0,0,0,0,0,0,0,0,0,0,0,0,0,0,,,,,,41-45,36-45,County road,R,Sunday,,MC,Not Fatal,0,0,0,0,County Road,County Sheriff,Clark County Sheriff's Office,0,0,1,0,0,,,,,,0,0,0,,,,,,,,,,,0,0,0,0,,,,,19,0,,,,,,,,1,0,,,SE VERNON RD,1.32,,
2018,193,633335,2,06-13-2018,13:32,13,6,June,0,57,Skagit,0,2,0,1,2,2,1,0,1,1,,,,1,0,0,No vehicle,35.9,1,0,1,No intersection,4,1,1,3,0,0,0,0,SR-530,,-121.5566778,48.30083889,98241,0,1,6,Drive off road,12,2,55,14,0,0,1,7,42,3,1,2,1,14,Making a U turn,1,1,53,,0,20,870,1995,0,,12,,,,,,1,1,65,2,0,,0,0,3,0,11,0,,,,,0,0,0,3,1,0,,,,96,,,,,,98,,,,,,98840,53,66,160,6,1,0,0,0,1,,0,,,,,,0,08-15-2016,08-15-2016,20,0,0,0,8,9,8,,,0,,,8,8,0,0,,,0,,,0,0,996,,,,,,,,,,,,,,,,,,,,,,,,,,,,,,0,0,0,0,0,0,1,1,1,0,0,0,0,0,0,0,0,0,0,0,0,1,1,0,1,1,0,0,0,1,1,0,0,0,0,,0,0,0,0,0,0,0,0,0,0,0,0,0,0,0,0,,,,,,61-65,56-65,US highway,R,Friday,,MHTRUCK,Not Fatal,0,1,1,0,State Route,State Patrol,Washington State Patrol,0,1,0,0,0,,,,,,0,0,0,,,,,,,,,,,0,0,0,0,,,,,20,7,,,,,,,,1,0,,,,,,
2017,193,632566,26,06-03-2017,08:59,3,6,June,0,35,Kitsap,0,1,0,1,1,2,1,0,1,1,,,,42,0,0,No vehicle,0.5,1,0,1,No intersection,5,1,2,4,0,3,0,0,CR-COLUMBIA ST NE,,-122.5690806,47.73680833,98392,0,1,6,Drive off road,12,2,35,34,0,0,1,2,42,2,2,2,1,14,Making a U turn,1,1,53,,0,20,471,1997,0,,12,,,,,,1,1,19,2,1,,4,7,3,0,11,0,08/28/2020,18:00,53040961,40961,0,0,0,3,1,0,,,,96,,,,,,98,,,,,,98119,53,66,127,6,1,0,0,0,0,,0,,,,,,0,,,1,0,0,0,0,9,8,,,0,,,8,8,2,1,,,1,,,2,1,0,,,,,,,,,,,,,,,,,,,,,,,,,,,,,,0,0,0,0,0,0,1,1,1,0,0,0,0,0,0,0,0,0,0,0,0,1,1,0,1,1,0,0,0,1,1,0,0,0,0,,1,0,0,0,0,0,0,0,0,0,0,0,0,0,0,0,,,,,,18-20,16-25,US highway,R,Friday,Belt Used,PV,Hispanic,0,1,1,0,State Route,State Patrol,Washington State Patrol,0,1,0,0,0,,,,,,0,0,0,,,,,,,,,,,0,0,0,202,201,203,,,20,7,,,,,,,,1,0,,,,,,
2017,194,632571,1,06-05-2017,16:03,5,6,June,0,21,Franklin,0,1,0,1,1,2,2,0,3,2,,,,12,0,2,Front-to-Front,11.2,1,0,1,No intersection,3,1,1,3,0,0,0,0,SR-17,,-119.0203028,46.71949167,,0,2,51,Lateral Move(Going Straight),62,4,60,67,0,0,1,2,12,1,1,2,1,1,Going Straight,1,2,16,,0,49,422,2005,0,,68,12,68,12,,,1,1,43,2,0,,3,0,3,0,11,5,,,,,0,0,3,3,1,33,,,,96,,,,,,98,,,,,,98902,53,59,110,6,1,0,1,1,1,,97,,,,,,0,06-15-2018,12-15-2020,8,0,0,0,8,3,8,,,0,,,8,8,2,695,,,1,,,2,1,0,,,,,,,,,,,,,,,,,,,,,,,,,,,,,,0,0,0,0,0,0,1,1,1,0,0,0,0,0,0,0,0,0,0,0,0,1,1,0,1,1,0,0,0,1,1,0,0,0,0,,0,0,0,0,0,0,1,1,0,0,0,0,0,0,1,0,,,,,,41-45,36-45,US highway,R,Friday,Belt Used,PV,Not Fatal,0,1,1,0,State Route,State Patrol,Washington State Patrol,0,1,0,0,0,,,carboxy-thc,5.9,,0,0,1,,,,,,,,,,,98,98,98,0,,,,,20,7,,,,,,,,1,0,,,,,,
2021,194,635645,7,06-18-2021,19:32,18,6,June,,33,King,1960,1,,1,1,2,1,1,1,1,,,,8,0,0,No vehicle,34.3,1,0,1,No intersection,2,2,1,3,0,0,0,0,SR-509,,-122.3334889,47.52488056,98106,0,1,13,Pedestrian/Animal,80,5,60,4,0,0,1,5,8,1,1,3,3,1,Going Straight,1,1,53,,0,49,472,2001,0,,63,69,64,1,,,1,1,65,1,1,,4,7,3,0,11,0,08/31/2020,19:00,53040706,40706,6,0,0,3,1,58,,,,96,,,,,,98,,,,,,98953,53,68,210,6,1,0,0,0,0,,0,,,,,,0,,,20,2,9,0,0,1,8,,,0,,,9,1,2,1,,,1,,,2,1,0.03,,,,,,,,,,,,,,,,,,,,,,,,,,,,,,0,0,1,0,1,0,0,0,0,0,0,0,0,0,0,0,0,0,0,0,0,0,0,0,0,1,0,0,0,1,0,0,0,0,0,,1,0,0,0,1,0,0,0,0,0,0,0,1,0,0,1,,,,,,61-65,56-65,Interstate,R,Monday,Belt Used,PV,Hispanic,0,0,0,0,State Route,State Patrol,Washington State Patrol,0,1,0,0,0,,,,,,0,0,0,,,,,,,,,,,98,98,98,98,,,,,20,7,,,,,,,,1,0,,,,,,
2020,194,634835,2,06-23-2020,06:42,23,6,June,,57,Skagit,0,1,,1,1,2,1,0,1,1,06:42,07:04,07:54,43,0,0,No vehicle,48.2,1,0,1,No intersection,4,1,1,3,0,0,0,0,SR-530,,-121.5890944,48.45821667,98237,0,1,6,Drive off road,12,2,50,14,0,0,1,2,43,1,1,2,1,1,Going Straight,1,1,53,,0,7,482,2019,0,,8,,,,,,1,1,55,1,0,,0,0,3,0,11,0,,,,,0,0,0,3,1,0,,,,96,,,,,,0,,,,,,98023,53,73,395,6,1,0,1,0,0,,0,,,,,,0,11-15-2016,11-15-2016,20,0,0,0,8,9,8,,,0,,,0,0,8,95,,,96,,,2,98,0,,,,,,,,,,,,,,,,,,,,,,,,,,,,,,0,0,0,1,0,0,0,0,0,0,0,0,0,0,0,0,0,0,0,0,0,0,0,0,0,0,0,0,0,1,0,1,0,0,0,,0,0,0,0,0,0,0,0,0,0,0,0,0,0,0,0,,,,,,51-55,46-55,City street,U,Friday,Belt Used,PV,Not Fatal,0,0,0,0,City Street,Municipal/City Police,Fife Police Department,0,0,0,1,0,,,,,,0,0,0,,,,,,,,,,,98,98,98,0,,,,,20,7,,,,,,,,1,0,,,,,,
2019,194,634138,6,06-09-2019,03:55,9,6,June,,25,Grant,0,1,0,2,1,2,1,0,8,4,,,,35,0,0,No vehicle,55.4,1,0,1,No intersection,3,1,1,3,0,0,0,0,SR-17,,-119.4005278,47.22272222,,0,4,98,Others,90,6,60,34,1,0,1,5,54,1,1,2,1,1,Going Straight,3,1,53,,0,72,706,2007,0,,11,,,,,,1,1,60,8,7,,4,0,20,7,11,5,08/31/2020,18:49,1.70E+11,41930,0,0,0,3,1,0,,,,96,,,,,,98,,,,,,98362,53,69,200,6,1,0,0,0,0,,0,,,,,,0,,,20,8,0,0,0,9,8,,,0,,,8,8,2,189,522,996,1,1,1,2,1,0.063,,,,,,,,,,,,,,,,,,,,,,,,,,,,,,0,1,0,0,1,0,1,1,1,0,0,0,0,0,0,0,0,0,0,0,0,0,0,0,0,0,0,0,1,0,0,0,0,0,1,0,0,0,0,0,1,0,1,1,0,0,0,0,0,0,0,1,,,,,,56-60,56-65,County road,R,Monday,,MC,White,0,0,0,0,County Road,County Sheriff,Clallam County Sheriff's Office,0,0,1,0,0,thc,0.52,carboxy-thc,7.7,,0,0,0,1,1,,,,695,605,,,,0,0,0,1,,,,,5,0,,,,,,,nms,1,0,,,OLD MILL RD.,0.89,,
2019,194,634137,6,06-09-2019,03:55,9,6,June,,25,Grant,0,1,0,2,1,2,1,0,8,4,,,,35,0,0,No vehicle,55.4,1,0,1,No intersection,3,1,1,3,0,0,0,0,SR-17,,-119.4005278,47.22272222,,0,3,98,Others,90,6,60,2,0,0,1,5,54,1,1,2,1,1,Going Straight,3,2,53,,0,82,881,2017,0,,12,,,,,,1,1,36,1,0,,0,0,3,0,11,0,,,,,6,1,0,3,1,0,,,,96,,,,,,0,,,,,,95993,6,66,180,6,1,0,0,0,0,,0,,,,,,0,,,20,0,0,0,8,9,8,,,0,,,8,8,0,0,,,0,,,0,0,996,,,,,,,,,,,,,,,,,,,,,,,,,,,,,,0,0,0,1,0,0,1,1,0,0,0,0,0,0,0,0,0,0,0,1,0,0,0,0,0,1,0,0,0,1,1,0,0,0,0,,0,0,0,0,0,0,0,0,0,0,0,0,0,0,0,0,,,,,,36-40,36-45,State route,U,Wednesday,,MHTRUCK,Not Fatal,1,0,0,0,State Route,Municipal/City Police,Kent Police Department,0,1,0,0,0,,,,,,0,0,0,,,,,,,,,,,98,98,98,0,,,,,20,7,,,,,,,,1,0,,,,,,
2019,194,634136,6,06-09-2019,03:55,9,6,June,,25,Grant,0,1,0,2,1,2,1,0,8,4,,,,35,0,0,No vehicle,55.4,1,0,1,No intersection,3,1,1,3,0,0,0,0,SR-17,,-119.4005278,47.22272222,,0,2,98,Others,90,6,60,20,0,0,1,5,54,1,1,2,1,1,Going Straight,1,1,53,,0,35,401,2016,0,,12,,,,,,1,1,66,1,7,,4,0,20,7,11,5,09-11-2020,15:40,1.96E+11,42658,0,0,0,3,1,39,,,,96,,,,,,98,,,,,,98055,53,72,240,6,1,0,0,1,1,,0,,,,,,0,09-15-2017,09-15-2017,8,0,0,0,0,9,8,,,0,,,8,8,2,348,,,1,,,2,1,0,,,,,,,,,,,,,,,,,,,,,,,,,,,,,,0,0,0,1,0,0,1,1,0,0,0,0,0,0,0,0,0,0,0,1,0,0,0,0,0,1,0,0,0,1,1,0,0,1,0,,1,0,0,0,0,0,1,1,0,0,0,0,0,0,1,0,,,,,,66-70,66-75,State route,U,Wednesday,Not Used,PV,White,1,0,0,0,State Route,Municipal/City Police,Kent Police Department,0,1,0,0,0,,,,,,0,0,0,,,,,,,,,,,98,98,98,1,,,,,20,7,,,,,,,,1,0,,,,,,
2019,194,634135,6,06-09-2019,03:55,9,6,June,,25,Grant,0,1,0,2,1,2,1,0,8,4,,,,35,0,0,No vehicle,55.4,1,0,1,No intersection,3,1,1,3,0,0,0,0,SR-17,,-119.4005278,47.22272222,,0,1,6,Drive off road,12,2,60,34,0,0,1,7,1,1,1,2,1,1,Going Straight,1,2,53,,0,12,481,2012,0,,63,69,68,64,1,42,1,1,45,1,7,,4,7,3,0,11,0,08/18/2020,11:41,53038489,38489,0,0,0,3,1,0,,,,92,,,,,,98,,,,,,98604,53,67,210,6,1,0,0,0,0,,0,,,,,,0,,,8,0,0,0,0,9,8,,,0,,,8,8,2,1,,,1,,,2,1,0,,,,,,,,,,,,,,,,,,,,,,,,,,,,,,0,0,0,0,0,0,0,0,0,0,0,0,0,0,0,0,1,0,0,0,0,0,0,0,0,0,0,0,0,1,0,0,0,0,0,,1,0,0,0,0,0,0,0,1,0,0,0,0,0,0,0,,,,,,41-45,36-45,County road,R,Tuesday,Belt Used,PV,White,0,1,0,0,County Road,County Sheriff,Clark County Sheriff's Office,1,0,1,0,0,,,,,,0,0,0,,,,,,,,,,,98,98,98,1,,,,,20,7,,,,,,,,1,0,,,NE LUCIA FALLS RD,2.22,,
2018,194,633337,26,06-19-2018,00:51,19,6,June,0,35,Kitsap,0,1,0,3,1,2,1,0,3,2,00:58,01:17,02:19,12,0,6,Angle,2,2,0,2,4 Way,5,1,2,4,0,0,0,0,CR-HANSVILLE RD NE,NE LITTLE BOSTON RD,-122.5412389,47.87143889,98364,0,2,69,Initial Opposite Direction(Going Straight),62,4,45,4,0,0,1,7,12,1,2,3,1,1,Going Straight,2,2,53,,0,2,408,2018,0,,8,,,,,,1,1,48,8,0,,0,0,3,0,11,0,,,,,6,0,3,3,1,10,,,,0,,,,,,0,,,,,,98133,53,64,182,6,1,0,1,0,0,,0,,,,,,0,11-15-2015,11-15-2015,20,0,0,0,8,9,8,,,0,,,8,8,8,95,,,96,,,8,95,995,,,,,,,,,,,,,,,,,,,,,,,,,,,,,,0,0,0,0,0,0,0,0,0,0,0,0,0,0,0,0,0,0,0,0,0,0,0,0,0,0,0,0,0,1,0,1,0,0,0,,0,0,0,0,0,0,0,0,0,0,0,0,0,0,0,0,,,,,,46-50,46-55,City street,U,Wednesday,Belt Used,PV,Not Fatal,0,0,0,0,City Street,Municipal/City Police,Shoreline Police Department,0,0,0,1,0,,,,,,0,0,0,,,,,,,,,,,98,98,98,0,,,,,20,7,,,,,,,,1,0,,,,,,
2018,194,633336,26,06-19-2018,00:51,19,6,June,0,35,Kitsap,0,1,0,3,1,2,1,0,3,2,00:58,01:17,02:19,12,0,6,Angle,2,2,0,2,4 Way,5,1,2,4,0,0,0,0,CR-HANSVILLE RD NE,NE LITTLE BOSTON RD,-122.5412389,47.87143889,98364,0,1,68,Initial Opposite Direction(Left/Right),15,2,45,6,0,0,1,7,30,1,2,3,1,11,Turning Red: Permitted on red,1,1,53,,0,76,706,2003,0,,11,,,,,,1,1,58,1,7,,4,7,20,7,11,0,08/14/2020,18:21,53038926,38926,0,0,0,3,1,0,,,,96,,,,,,98,,,,,,98683,53,69,185,6,1,0,0,0,0,,0,,,,,,3,,,20,8,0,0,0,9,8,,,0,,,8,8,2,996,996,,1,1,,2,1,0,,,,,,,,,,,,,,,,,,,,,,,,,,,,,,0,1,0,0,0,0,1,1,0,0,0,0,1,0,0,0,0,0,0,0,0,0,0,0,0,0,0,0,1,0,0,0,0,0,1,0,0,0,0,0,0,0,1,1,0,1,0,0,0,0,1,0,,,,,,56-60,56-65,State route,R,Friday,,MC,White,0,0,0,0,State Route,State Patrol,Washington State Patrol,0,1,0,0,0,,,,,,0,0,0,,,,,,,,,,,0,0,0,1,,,,,5,0,,,,,,,,1,0,,,,,,