year,something,Cases,repjur,crash_dt,crash_tm,accday,Month,Month,holiday,county,co_char,city,weather,weather2,lightcond,surfcond,surftype,Number of Fatalities,nmforms,pforms,vforms,not_tm,arr_tm,hosp_tm,fhevent,hitrun,Manner of Collision,Manner of Collision,milepnt,reljunc,reljuncinter,intersectiontype,Intersection Type,funcsystem,landuse,ownership,route,schlbus,spejur,contdev,devfunc,trafid1,trafid2,x,y,zipcode,wk_zone,vnumber,crashtype,Crash Type,criticalevent,criticaleventcat,spdlim,body,trailer,emerg,hazcargo,leave,mhevent,roadalgn,roadprof,traflane,trafflow,Vehicle Manure,Vehicle Manure,numoccs,regowner,regstate,,spuse,make,model,modelyr,vrf1,vrf2,seqevent1,seqevent2,seqevent3,seqevent4,seqevent5,seqevent6,pnumber,ptype,age,sex,hispanic,race,injury,diedscene,restraint,restraintmisuse,seatpos,takehosp,death_dt,death_tm,cert,cernum_wa,commlic,licendor,licrestrict,liccomp,drivpres,drf1,drf2,drf3,drf4,distract1,distract2,distract3,distract4,distract5,distract6,dricond1,dricond2,dricond3,dricond4,dricond5,dricond6,dzip,licstate,drhgt_in,weight,noncdl,noncdltype,prevdwi,prevoth,prevacc,prevspd,prevsus,driviol1,driviol2,driviol3,driviol4,driviol5,driviol6,spdrel,first_dt,last_dt,airbag,ejection,ejectpath,extricat,injurwrk,methalc,methdrug,nmlocat,strikveh,prf1,prf2,prf3,druginv,alcinvol,drugsts,drugres1,drugres2,drugres3,drugtst1,drugtst2,drugtst3,alcsts,alctst,alcres,nmact1,nmact2,nmact3,nmact4,nmact5,nmact6,nmprior1,nmprior2,nmprior3,nmprior4,nmprior5,nmprior6,nmcond1,nmcond2,nmcond3,nmcond4,nmcond5,nmcond6,nmsafe_helmet,nmsafe_pads,nmsafe_oth,nmprev_ref,nmprev_lgt,nmprev_oth,crashlocation,nmcrashtype,crosswalk,schoolzone,sidewalk,train_inv,wildlife_inv,rotr_fars,intersect_fars,Drink and Drive,aid_inv,Drug Positive Drivers,Impaired Drivers,Marijuana Positive,impnm_inv,ainm_inv,dpnm_inv,speed_inv,unlic_inv,unendmc_inv,drowsy_inv,drdist_inv,nmdist_inv,fty_inv,unrestfat_inv,dr1617_inv,dr1820_inv,dr1620_inv,dr2125_inv,dr1625_inv,dr65_inv,dr70_inv,dr75_inv,mc_inv,pv_inv,ht_inv,ped_inv,bike_inv,unrest_fat,mc_fat,unhelmet_mc,pv_fat,ht_fat,ped_fat,bike_fat,dr_alc7,dr_alc8,dr_drug,dr_imp,dr_dist,dr_spd,dr_fty,dr_unlic,dr_alc7only,dr_alc8only,dr_drugonly,dr_drink,nm_imp,nm_alc7,nm_alc8,nm_drug,nm_dist,agegrp1,agegrp2,roadclass,urbrur,dayweek,restuse,vehtype,race_me,intersect,lanedep,oppdir,wrongway,rep_typ,investag,repag_long,rotr,st_rd,cty_rd,city_rd,oth_rd,drug_thc,thc_res,drug_cthc,cthc_res,drug_cann,prevpersemin,prevperse,prevsusoth,drugtst4,drugtst5,drugtst6,drugtst7,drugtst8,drugres4,drugres5,drugres6,drugres7,drugres8,adspresent,adsengaged,adslevel,race1,race2,race3,race4,race5,helmet,helmetmisuse,nmdistract1,nmdistract2,nmdistract3,nmdistract4,nmdistract5,nmdistract6,lab,isedtcase,crf1,crf2,crf3,CoRoadName,CoMP,IntCoRoadName,IntCoMP
2017,194,632570,1,06-05-2017,16:03,5,6,June,0,21,Franklin,0,1,0,1,1,2,2,0,3,2,,,,12,0,2,Front-to-Front,11.2,1,0,1,No intersection,3,1,1,3,0,0,0,0,SR-17,,-119.0203028,46.71949167,,0,1,50,Lateral Move(Left/Right),10,2,60,4,0,0,1,2,12,1,1,2,1,6,Others,2,2,53,,0,23,481,1991,0,,63,30,,,,,1,1,50,1,7,,4,7,20,7,11,0,09-01-2020,16:40,53041249,41249,0,0,2,2,1,24,74,,,96,,,,,,98,,,,,,98661,53,73,200,1,1,1,0,0,1,,0,,,,,,3,10-15-2016,01-15-2016,20,0,0,0,0,9,8,,,0,,,8,8,2,1,,,1,,,2,1,0.186,,,,,,,,,,,,,,,,,,,,,,,,,,,,,,0,0,1,0,1,1,0,1,0,0,0,0,1,1,0,0,0,0,0,1,0,0,0,0,0,0,0,0,0,1,0,0,0,1,0,,1,0,0,0,0,1,0,1,0,1,0,1,0,1,0,1,,,,,,46-50,46-55,County road,R,Tuesday,Not Used,PV,White,0,1,0,0,County Road,County Sheriff,Skamania County Sheriff's Office,1,0,1,0,0,,,,,,0,1,3,,,,,,,,,,,0,0,0,1,,,,,20,7,,,,,,,,1,0,,,WASHOUGAL RIVER ROAD,9,,
2021,195,635649,339,06-22-2021,10:45,22,6,June,,63,Spokane,2113,1,,1,1,2,1,0,2,2,,,,12,0,2,Front-to-Front,0,3,0,3,T Intersection,3,2,4,6,0,0,0,0,E SPRAGUE AVE,N Gillis Rd,-117.2572111,47.65714167,99016,0,2,51,Lateral Move(Going Straight),62,4,98,80,0,0,1,2,12,1,1,6,2,1,Going Straight,1,0,53,,0,49,46,2004,0,,12,,,,,,1,1,29,2,0,,3,0,3,0,11,5,,,,,0,0,0,3,1,0,,,,96,,,,,,98,,,,,,98102,53,64,150,6,1,0,0,0,0,,0,,,,,,0,,,1,0,0,0,8,9,8,,,0,,,8,8,8,95,,,96,,,8,95,995,,,,,,,,,,,,,,,,,,,,,,,,,,,,,,0,0,0,0,1,0,1,1,0,0,0,0,0,0,0,0,0,0,1,1,1,0,1,0,1,0,0,0,0,1,0,0,0,0,0,,0,0,0,0,0,0,0,0,0,0,0,0,0,0,0,0,,,,,,26-30,26-35,Interstate,U,Saturday,Belt Used,PV,Not Fatal,0,0,0,1,State Route,State Patrol,Washington State Patrol,0,1,0,0,0,,,,,,0,0,0,,,,,,,,,,,98,98,98,0,,,,,20,7,,,,,,,,1,0,,,,,,
2021,195,635648,339,06-22-2021,10:45,22,6,June,,63,Spokane,2113,1,,1,1,2,1,0,2,2,,,,12,0,2,Front-to-Front,0,3,0,3,T Intersection,3,2,4,6,0,0,0,0,E SPRAGUE AVE,N Gillis Rd,-117.2572111,47.65714167,99016,0,1,50,Lateral Move(Left/Right),10,2,98,14,0,0,1,2,12,1,1,6,1,1,Going Straight,1,2,53,,0,35,39,2003,0,,12,,,,,,1,1,17,1,7,,4,7,20,7,11,0,08/29/2020,03:07,53040049,40049,0,0,2,3,1,38,51,73,,96,,,,,,9,,,,,,98501,53,67,140,6,2,0,0,0,0,,0,,,,,,0,,,1,0,0,0,0,9,8,,,0,,,1,1,2,528,,,1,,,2,1,0,,,,,,,,,,,,,,,,,,,,,,,,,,,,,,0,0,0,0,1,0,1,1,0,0,0,0,0,0,0,0,0,0,1,1,1,0,1,0,1,0,0,0,0,1,0,0,0,1,0,,1,0,0,0,0,0,1,1,0,0,1,0,0,0,1,1,,,,,,16-17,16-25,Interstate,U,Saturday,Not Used,PV,White,0,0,0,1,State Route,State Patrol,Washington State Patrol,0,1,0,0,0,,,,,,0,0,0,,,,,,,,,,,98,98,98,1,,,,,20,7,,,,,,,,1,0,,,,,,
2020,195,634840,278,06-25-2020,13:26,25,6,June,,63,Spokane,2110,1,,1,1,2,2,0,7,5,13:49,13:58,14:17,12,0,6,Angle,273.1,2,0,2,4 Way,3,2,1,2,0,0,0,0,US-2,SPOTTED,-117.5183417,47.64310556,99219,0,5,98,Others,98,7,55,34,0,0,1,2,12,1,1,5,1,1,Going Straight,1,1,53,,0,20,2,1971,0,,64,41,69,9,71,42,1,1,42,1,0,,9,0,99,7,11,5,,,,,0,0,0,0,1,0,,,,96,,,,,,9,,,,,,98204,53,72,185,0,0,0,0,0,0,,97,,,,,,0,,,20,0,0,0,8,9,8,,,0,,,1,1,2,695,605,,1,1,,2,1,0,,,,,,,,,,,,,,,,,,,,,,,,,,,,,,0,0,1,1,1,0,1,1,1,1,0,1,0,1,0,0,0,0,0,0,0,0,0,0,0,0,0,0,0,1,0,0,1,0,0,,0,0,0,0,0,0,1,1,0,0,0,1,0,0,1,1,,,,,,41-45,36-45,City street,U,Saturday,Unknown,PV,Not Fatal,0,0,0,0,City Street,Municipal/City Police,Marysville Police Department,0,0,0,1,0,thc,7.4,carboxy-thc,38,,0,0,0,,,,,,,,,,,0,0,0,0,,,,,20,7,,,,,,,,1,0,,,,,,
2020,195,634839,278,06-25-2020,13:26,25,6,June,,63,Spokane,2110,1,,1,1,2,2,0,7,5,13:49,13:58,14:17,12,0,6,Angle,273.1,2,0,2,4 Way,3,2,1,2,0,0,0,0,US-2,SPOTTED,-117.5183417,47.64310556,99219,0,4,98,Others,98,7,55,4,0,0,1,5,12,1,1,5,1,1,Going Straight,1,2,53,,0,55,402,2016,0,,12,,,,,,1,1,69,1,0,,0,0,3,0,11,0,,,,,0,0,0,3,1,0,,,,96,,,,,,0,,,,,,98501,53,62,140,6,1,0,0,0,0,,0,,,,,,0,,,20,0,0,0,8,9,8,,,0,,,8,8,0,0,,,0,,,0,0,996,,,,,,,,,,,,,,,,,,,,,,,,,,,,,,0,0,0,0,0,0,0,0,0,0,0,0,0,0,0,0,0,0,1,0,0,0,0,0,0,1,1,1,0,1,0,0,0,0,0,,0,0,0,0,0,0,0,0,0,0,0,0,0,0,0,0,,,,,,66-70,66-75,State route,U,Tuesday,Belt Used,PV,Not Fatal,0,0,0,0,State Route,State Patrol,Washington State Patrol,0,1,0,0,0,,,,,,0,0,0,,,,,,,,,,,98,98,98,0,,,,,20,7,,,,,,,,1,0,,,,,,
2020,195,634838,278,06-25-2020,13:26,25,6,June,,63,Spokane,2110,1,,1,1,2,2,0,7,5,13:49,13:58,14:17,12,0,6,Angle,273.1,2,0,2,4 Way,3,2,1,2,0,0,0,0,US-2,SPOTTED,-117.5183417,47.64310556,99219,0,3,98,Others,98,7,55,34,0,0,1,2,12,1,1,5,1,1,Going Straight,1,1,53,,0,23,481,2003,0,,12,,,,,,1,1,49,1,0,,0,0,3,0,11,0,,,,,0,0,0,3,1,0,,,,96,,,,,,0,,,,,,98387,53,68,310,6,1,0,1,1,1,,0,,,,,,0,04-15-2018,04-15-2018,20,0,0,0,8,9,8,,,0,,,8,8,0,0,,,0,,,0,0,996,,,,,,,,,,,,,,,,,,,,,,,,,,,,,,0,0,0,0,0,0,0,0,0,0,0,0,0,0,0,0,0,0,1,0,0,0,0,0,0,1,1,1,0,1,0,0,0,0,0,,0,0,0,0,0,0,0,0,0,0,0,0,0,0,0,0,,,,,,46-50,46-55,State route,U,Tuesday,Belt Used,PV,Not Fatal,0,0,0,0,State Route,State Patrol,Washington State Patrol,0,1,0,0,0,,,,,,0,0,1,,,,,,,,,,,98,98,98,0,,,,,20,7,,,,,,,,1,0,,,,,,
2020,195,634837,278,06-25-2020,13:26,25,6,June,,63,Spokane,2110,1,,1,1,2,2,0,7,5,13:49,13:58,14:17,12,0,6,Angle,273.1,2,0,2,4 Way,3,2,1,2,0,0,0,0,US-2,SPOTTED,-117.5183417,47.64310556,99219,0,2,83,Others,67,4,55,4,0,0,1,2,12,1,1,5,5,1,Going Straight,2,1,53,,0,9,442,1997,0,,12,68,12,,,,1,1,79,1,7,,4,0,99,7,11,5,08/21/2020,16:45,2.23E+11,39557,0,0,3,3,1,38,,,,96,,,,,,98,,,,,,98338,53,70,180,6,1,0,0,0,0,,0,,,,,,0,,,20,0,0,0,0,9,8,,,0,,,8,8,0,0,,,0,,,0,0,996,,,,,,,,,,,,,,,,,,,,,,,,,,,,,,0,0,0,0,0,0,0,0,0,0,0,0,0,0,0,0,0,0,1,0,0,0,0,0,0,1,1,1,0,1,0,0,0,0,0,,1,0,0,0,0,0,0,0,0,0,1,0,0,0,0,0,,,,,,76-80,76+,State route,U,Tuesday,Unknown,PV,White,0,0,0,0,State Route,State Patrol,Washington State Patrol,0,1,0,0,0,,,,,,0,0,0,,,,,,,,,,,0,0,0,1,,,,,20,7,,,,,,,,1,0,,,,,,
2020,195,634836,278,06-25-2020,13:26,25,6,June,,63,Spokane,2110,1,,1,1,2,2,0,7,5,13:49,13:58,14:17,12,0,6,Angle,273.1,2,0,2,4 Way,3,2,1,2,0,0,20,3,US-2,SPOTTED,-117.5183417,47.64310556,99219,0,1,82,Turn Into Opp Direction(Turning Left),17,2,45,2,0,0,1,2,12,1,1,2,1,11,Turning Red: Permitted on red,2,1,53,,0,37,706,2004,0,,12,,,,,,1,1,63,1,7,,4,7,20,7,11,0,08/24/2020,11:11,73553039837,39837,0,0,3,3,1,0,,,,96,,,,,,98,,,,,,98003,53,70,210,6,1,0,0,0,1,,0,,,,,,0,04-15-2019,04-15-2019,20,8,0,0,0,9,8,,,0,,,8,8,2,695,605,996,1,1,1,2,1,0,,,,,,,,,,,,,,,,,,,,,,,,,,,,,,0,0,0,0,1,1,1,1,1,0,0,0,0,0,0,0,0,0,0,0,0,0,0,0,0,0,0,0,1,1,0,0,0,0,1,0,0,0,0,0,0,0,1,1,0,0,0,0,0,0,1,0,,,,,,61-65,56-65,City street,R,Monday,,MC,White,0,1,1,0,City Street,County Sheriff,King County Police,0,0,0,1,0,thc,1.4,carboxy-thc,5.4,,0,0,0,,,,,,,,,,,0,0,0,1,,,,,5,0,,,,,,,nms,1,0,,,,,,
2019,195,634139,146,06-21-2019,11:25,21,6,June,,77,Yakima,0,1,0,1,1,4,1,0,1,1,,,,1,0,0,No vehicle,2,1,0,1,No intersection,7,2,2,4,0,3,0,0,CR-MEDICINE VALLEY RD,,-120.7963639,46.39009167,98952,0,1,1,Driver Off Road,6,1,50,34,0,0,1,7,1,3,1,2,1,14,Making a U turn,1,1,53,,0,48,38,2012,0,,68,12,,,,,1,1,60,2,0,,2,0,3,0,11,5,,,,,0,0,0,3,1,33,91,,,96,,,,,,9,,,,,,98001,53,67,160,6,1,0,0,0,0,,1,12,,,,,0,,,8,0,0,0,8,9,8,,,0,,,8,8,2,1,,,1,,,2,1,0.18,,,,,,,,,,,,,,,,,,,,,,,,,,,,,,0,0,0,0,1,1,1,1,1,0,0,0,0,0,0,0,0,0,0,0,0,0,0,0,0,0,0,0,1,1,0,0,0,0,0,,0,0,0,0,0,1,0,1,0,0,0,0,0,1,0,1,,,,,,56-60,56-65,City street,R,Monday,Belt Used,PV,Not Fatal,0,1,1,0,City Street,County Sheriff,King County Police,0,0,0,1,0,,,,,,0,0,0,,,,,,,,,,,98,98,98,0,,,,,20,7,,,,,,,,1,0,,,,,,
2018,195,633346,2,06-18-2018,19:38,18,6,June,0,57,Skagit,0,1,0,1,1,2,1,0,4,2,19:34,19:41,20:16,12,0,98,Other,1.2,2,0,3,T Intersection,6,2,2,4,0,0,0,0,CR-MINKLER RD,PEAVEY RD,-122.1884472,48.51529167,98284,0,2,68,Initial Opposite Direction(Left/Right),54,3,50,34,0,0,1,2,12,1,1,2,1,11,Turning Red: Permitted on red,1,1,53,,0,12,462,2015,0,,12,1,,,,,1,1,50,1,0,,2,0,3,0,11,0,,,,,0,0,0,3,1,0,,,,96,,,,,,0,,,,,,99109,53,72,200,6,1,0,0,0,0,,0,,,,,,0,,,8,0,0,0,8,9,8,,,0,,,8,8,0,0,,,0,,,0,0,996,,,,,,,,,,,,,,,,,,,,,,,,,,,,,,0,0,0,1,0,0,1,1,1,0,0,0,0,1,0,0,0,0,1,0,0,1,1,0,1,0,0,0,0,1,0,0,0,0,0,,0,0,0,0,0,0,0,0,0,0,0,0,0,0,0,0,,,,,,46-50,46-55,US highway,R,Monday,Belt Used,PV,Not Fatal,1,0,0,0,State Route,State Patrol,Washington State Patrol,0,1,0,0,0,,,,,,0,0,0,,,,,,,,,,,98,98,98,0,,,,,20,7,,,,,,,,1,0,,,,,,
2018,195,633345,2,06-18-2018,19:38,18,6,June,0,57,Skagit,0,1,0,1,1,2,1,0,4,2,19:34,19:41,20:16,12,0,98,Other,1.2,2,0,3,T Intersection,6,2,2,4,0,0,0,0,CR-MINKLER RD,PEAVEY RD,-122.1884472,48.51529167,98284,0,1,69,Initial Opposite Direction(Going Straight),62,4,50,4,0,0,1,2,12,1,1,2,1,1,Going Straight,3,1,53,,0,41,35,2002,0,,12,64,42,,,,1,1,20,1,7,,4,7,3,0,11,0,08/24/2020,07:44,53039356,39356,0,0,0,2,1,38,,,,96,,,,,,9,,,,,,99006,53,69,170,1,1,1,0,0,2,,0,,,,,,0,10-15-2019,01-15-2019,8,0,0,0,0,9,8,,,0,,,1,8,2,695,605,,1,1,,2,1,0,,,,,,,,,,,,,,,,,,,,,,,,,,,,,,0,0,0,1,0,0,1,1,1,0,0,0,0,1,0,0,0,0,1,0,0,1,1,0,1,0,0,0,0,1,0,0,0,0,0,,1,0,0,0,0,0,1,1,0,0,1,1,0,0,1,0,,,,,,18-20,16-25,US highway,R,Monday,Belt Used,PV,White,1,0,0,0,State Route,State Patrol,Washington State Patrol,0,1,0,0,0,thc,8.9,carboxy-thc,36,,0,0,2,,,,,,,,,,,98,98,98,1,,,,,20,7,,,,,,,nms,1,0,,,,,,
2017,195,632590,7,06-07-2017,20:40,7,6,June,0,33,King,1960,1,0,1,1,1,1,1,1,1,,,,9,0,0,No vehicle,0.1,20,1,1,No intersection,1,2,1,1,0,0,0,0,I-5 RAMP P116421,,-122.3201944,47.58765833,98104,0,1,13,Pedestrian/Animal,83,5,98,4,0,0,1,5,9,1,1,1,6,1,Going Straight,1,1,53,,0,98,998,2010,0,,12,,,,,,1,1,59,1,1,,4,7,20,7,11,0,08/26/2020,13:18,53039765,39765,0,0,0,1,1,0,,,,96,,,,,,0,,,,,,98801,53,69,185,6,1,0,1,1,0,,0,,,,,,0,06-15-2019,06-15-2019,20,1,9,0,1,9,8,,,0,,,8,8,2,1,,,1,,,2,1,0,,,,,,,,,,,,,,,,,,,,,,,,,,,,,,0,0,0,0,0,0,0,0,0,0,0,0,0,0,0,0,0,0,0,0,0,0,0,0,0,0,0,0,0,1,0,0,0,0,0,,0,0,0,0,0,0,0,0,0,0,0,0,0,0,0,0,,,,,,56-60,56-65,US highway,R,Wednesday,,OTHVT,Hispanic,0,0,0,0,State Route,State Patrol,Washington State Patrol,0,1,0,0,0,,,,,,0,0,0,,,,,,,,,,,0,0,0,98,,,,,20,7,,,,,,,,1,0,,,,,,
2021,196,635650,40,06-26-2021,20:38,26,6,June,,63,Spokane,0,1,,1,1,2,1,0,1,1,,,,42,0,0,No vehicle,,1,0,1,No intersection,5,1,2,4,0,0,0,0,CR-W CHARLES RD,,-117.5873861,47.79182778,99026,0,1,1,Driver Off Road,13,2,98,6,0,0,1,2,42,1,1,2,1,1,Going Straight,1,1,53,,0,7,472,2003,0,,12,,,,,,1,1,32,1,0,,0,0,20,7,11,0,,,,,0,0,0,3,1,26,,,,96,,,,,,98,,,,,,98826,53,71,210,6,1,0,2,1,2,,97,,,,,,0,09-15-2017,01-15-2018,1,0,0,0,8,3,8,,,0,,,8,8,2,1,,,1,,,2,1,0,,,,,,,,,,,,,,,,,,,,,,,,,,,,,,0,0,0,0,0,0,0,0,0,0,0,0,0,0,0,0,0,0,0,0,0,0,0,0,0,0,0,0,0,1,0,0,0,0,0,,0,0,0,0,0,0,0,0,0,0,0,0,0,0,0,0,,,,,,31-35,26-35,US highway,R,Wednesday,Not Used,PV,Not Fatal,0,0,0,0,State Route,State Patrol,Washington State Patrol,0,1,0,0,0,,,,,,0,0,0,,,,,,,,,,,98,98,98,0,,,,,20,7,,,,,,,,1,0,,,,,,
2020,196,634842,4,06-16-2020,06:23,16,6,June,,15,Cowlitz,0,2,,4,2,2,1,0,3,2,06:22,06:30,07:32,12,0,6,Angle,47,1,0,1,No intersection,1,1,1,1,0,0,0,0,I-5,,-122.8856917,46.24479167,98611,0,2,98,Others,60,4,70,4,0,0,1,5,12,1,4,3,2,1,Going Straight,1,1,53,,0,12,37,2008,0,,63,34,67,35,35,1,1,1,33,1,1,,4,0,20,7,11,5,08/22/2020,01:14,2.22E+11,38762,0,0,0,0,1,0,,,,96,,,,,,9,,,,,,98944,53,68,195,0,0,0,0,0,0,,0,,,,,,4,,,8,1,9,0,0,9,8,,,0,,,8,1,2,695,605,,1,1,,2,1,0.227,,,,,,,,,,,,,,,,,,,,,,,,,,,,,,0,0,0,0,1,1,1,1,1,0,0,0,1,1,0,0,0,0,0,1,0,0,0,0,0,0,0,0,0,1,0,0,0,1,0,,1,0,0,0,0,1,1,1,0,1,0,1,0,0,0,1,,,,,,31-35,26-35,County road,R,Friday,Not Used,PV,Hispanic,0,1,0,0,County Road,County Sheriff,Yakima County Sheriff's Office,1,0,1,0,0,thc,3.8,carboxy-thc,15,,0,0,0,,,,,,,,,,,98,98,98,98,,,,,20,7,,,,,,,nms,1,18,,,VAN BELLE RD.,8.62,,
2020,196,634841,4,06-16-2020,06:23,16,6,June,,15,Cowlitz,0,2,,4,2,2,1,0,3,2,06:22,06:30,07:32,12,0,6,Angle,47,1,0,1,No intersection,1,1,1,1,0,0,0,0,I-5,,-122.8856917,46.24479167,98611,0,1,98,Others,6,1,70,4,0,0,1,2,1,1,4,3,2,15,Others,2,2,53,,0,20,481,2019,0,,8,,,,,,1,1,69,1,0,,0,0,3,0,11,0,,,,,0,0,0,3,1,0,,,,96,,,,,,9,,,,,,98532,53,71,240,6,1,0,0,1,0,,2,,,,,,0,12-15-2019,12-15-2019,20,0,0,0,8,9,8,,,0,,,1,1,8,95,,,96,,,2,95,997,,,,,,,,,,,,,,,,,,,,,,,,,,,,,,0,0,0,1,1,0,0,0,0,0,0,0,0,0,0,0,0,0,0,0,0,0,0,0,0,1,0,0,0,1,0,1,0,0,0,,0,0,0,0,0,0,0,0,0,0,0,0,0,0,0,1,,,,,,66-70,66-75,City street,U,Wednesday,Belt Used,PV,Not Fatal,1,0,0,0,City Street,Municipal/City Police,Chehalis Police Department,0,0,0,1,0,,,,,,0,0,0,,,,,,,,,,,98,98,98,0,,,,,20,7,,,,,,,,1,0,,,,,,
2019,196,634141,14,06-25-2019,16:45,25,6,June,,11,Clark,2420,1,0,1,1,2,2,2,1,1,,,,38,1,0,No vehicle,0,1,0,1,No intersection,7,2,4,6,0,0,98,3,N SHEPHERD RD  THRUWAY,,-122.3669139,45.58909167,98671,0,1,1,Driver Off Road,13,2,98,14,0,0,1,5,8,3,8,2,1,98,Others,1,2,53,,0,7,482,2012,0,,12,,,,,,1,1,55,1,0,,0,0,3,0,11,0,,,,,0,0,3,3,1,0,,,,96,,,,,,0,,,,,,98273,53,68,290,6,1,0,0,0,0,,0,,,,,,0,,,20,0,0,0,8,9,8,,,0,,,8,8,0,0,,,0,,,0,0,996,,,,,,,,,,,,,,,,,,,,,,,,,,,,,,0,0,0,0,0,0,1,1,0,0,0,0,1,0,0,0,0,0,0,0,0,0,0,0,0,0,0,0,1,1,0,0,0,0,0,,0,0,0,0,0,0,0,0,0,0,0,0,0,0,0,0,,,,,,51-55,46-55,State route,R,Sunday,Belt Used,PV,Not Fatal,0,1,1,0,State Route,State Patrol,Washington State Patrol,0,1,0,0,0,,,,,,0,0,0,,,,,,,,,,,98,98,98,0,,,,,20,7,,,,,,,,1,0,,,,,,
2018,196,633295,3,05-28-2018,02:44,28,5,May,4,53,Pierce,0,1,0,2,1,2,1,0,1,1,,,,24,0,0,No vehicle,138.9,1,0,1,No intersection,1,2,1,1,0,0,0,0,I-5,,-122.3337806,47.24835833,98424,0,1,2,Control/Traction Loss,13,2,60,14,0,0,1,2,30,1,1,5,3,1,Going Straight,1,2,53,,0,76,706,2016,0,,68,12,,,,,1,1,33,1,7,,4,7,20,7,11,0,08/23/2020,11:15,53038944,38944,6,0,0,3,1,28,,,,96,,,,,,98,,,,,,98226,53,72,190,6,1,0,2,0,0,,0,,,,,,4,11-15-2017,03-15-2019,20,8,0,0,0,9,8,,,0,,,8,8,2,402,515,513,14,14,14,2,4,0,,,,,,,,,,,,,,,,,,,,,,,,,,,,,,0,0,0,0,0,0,1,1,0,0,0,0,1,0,0,0,0,0,0,0,0,0,0,0,0,0,0,0,1,1,0,0,0,0,1,0,0,0,0,0,0,0,1,1,0,1,0,0,0,0,1,0,,,,,,31-35,26-35,State route,R,Sunday,,MC,White,0,1,1,0,State Route,State Patrol,Washington State Patrol,0,1,0,0,0,,,,,,0,0,0,,,,,,,,,,,0,0,0,1,,,,,5,0,,,,,,,,1,0,,,,,,
2017,196,632575,3,06-04-2017,13:38,4,6,June,0,53,Pierce,0,10,0,1,1,2,1,0,1,1,13:38,13:47,14:35,24,0,0,No vehicle,16.6,1,0,1,No intersection,4,2,1,3,0,0,0,0,SR-162,,-122.0722861,47.14238611,98385,0,1,6,Drive off road,12,2,50,80,0,0,1,5,24,3,2,2,1,14,Making a U turn,1,1,53,,0,49,402,2011,0,,63,25,1,69,64,25,1,1,65,1,7,,4,7,3,0,11,0,08/15/2020,23:48,2.32E+11,38949,0,0,0,3,1,0,,,,96,,,,,,98,,,,,,98032,53,68,200,6,1,0,0,0,0,,0,,,,,,4,,,1,0,0,0,0,9,8,,,0,,,8,8,2,996,,,1,,,2,1,0,,,,,,,,,,,,,,,,,,,,,,,,,,,,,,0,0,1,0,0,0,1,1,0,0,0,0,1,0,0,0,0,0,0,0,0,0,0,0,0,1,0,0,0,1,0,0,0,0,0,,1,0,0,0,0,0,1,1,0,1,0,0,0,0,1,0,,,,,,61-65,56-65,Interstate,U,Saturday,Belt Used,PV,White,0,1,0,0,State Route,State Patrol,Washington State Patrol,1,1,0,0,0,,,,,,0,0,0,,,,,,,,,,,98,98,98,1,,,,,20,7,,,,,,,,1,0,,,,,,
2021,197,635652,2,06-14-2021,22:19,14,6,June,,61,Snohomish,0,10,,3,1,2,2,0,3,2,,,,12,0,2,Front-to-Front,44.3,1,0,1,No intersection,3,2,1,3,0,0,0,0,SR-99,,-122.2763056,47.87014444,98087,0,2,51,Lateral Move(Going Straight),62,4,45,14,0,0,1,2,12,1,2,3,2,1,Going Straight,1,2,53,,0,20,461,2007,0,,12,,,,,,1,1,65,1,0,,0,0,3,0,11,0,,,,,0,0,3,3,1,0,,,,96,,,,,,0,,,,,,98304,53,76,195,6,1,0,0,0,0,,0,,,,,,0,,,20,0,0,0,8,9,8,,,0,,,8,8,0,0,,,0,,,0,0,996,,,,,,,,,,,,,,,,,,,,,,,,,,,,,,0,0,0,0,0,0,0,0,0,0,0,0,1,1,1,0,0,0,0,0,0,0,0,0,0,1,0,0,1,1,0,0,0,0,0,,0,0,0,0,0,0,0,0,0,0,0,0,0,0,0,0,,,,,,61-65,56-65,State route,U,Friday,Belt Used,PV,Not Fatal,0,0,0,0,State Route,State Patrol,Washington State Patrol,0,1,0,0,0,,,,,,0,0,0,,,,,,,,,,,98,98,98,0,,,,,20,7,,,,,,,,1,0,,,,,,
2021,197,635651,2,06-14-2021,22:19,14,6,June,,61,Snohomish,0,10,,3,1,2,2,0,3,2,,,,12,0,2,Front-to-Front,44.3,1,0,1,No intersection,3,2,1,3,0,0,0,0,SR-99,,-122.2763056,47.87014444,98087,0,1,50,Lateral Move(Left/Right),10,2,45,4,0,0,1,2,12,1,2,4,2,1,Going Straight,2,1,53,,0,73,706,2007,0,,12,,,,,,1,1,27,1,6,,4,7,20,7,11,0,08/28/2020,14:07,53041113,41113,0,0,0,2,1,0,,,,96,,,,,,98,,,,,,98902,53,74,195,1,1,0,3,0,2,,0,,,,,,4,06-15-2018,08-15-2020,20,8,0,0,0,9,8,,,0,,,8,8,2,1,,,1,,,2,1,0,,,,,,,,,,,,,,,,,,,,,,,,,,,,,,0,0,0,0,0,0,0,0,0,0,0,0,1,1,1,0,0,0,0,0,0,0,0,0,0,1,0,0,1,1,0,0,0,0,1,0,0,0,0,0,0,0,0,0,0,1,0,1,0,0,0,0,,,,,,26-30,26-35,State route,U,Friday,,MC,Hispanic,0,0,0,0,State Route,State Patrol,Washington State Patrol,0,1,0,0,0,,,,,,0,0,3,,,,,,,,,,,0,0,0,98,,,,,5,0,,,,,,,,1,0,,,,,,