year,something,Cases,repjur,crash_dt,crash_tm,accday,Month,Month,holiday,county,co_char,city,weather,weather2,lightcond,surfcond,surftype,Number of Fatalities,nmforms,pforms,vforms,not_tm,arr_tm,hosp_tm,fhevent,hitrun,Manner of Collision,Manner of Collision,milepnt,reljunc,reljuncinter,intersectiontype,Intersection Type,funcsystem,landuse,ownership,route,schlbus,spejur,contdev,devfunc,trafid1,trafid2,x,y,zipcode,wk_zone,vnumber,crashtype,Crash Type,criticalevent,criticaleventcat,spdlim,body,trailer,emerg,hazcargo,leave,mhevent,roadalgn,roadprof,traflane,trafflow,Vehicle Manure,Vehicle Manure,numoccs,regowner,regstate,,spuse,make,model,modelyr,vrf1,vrf2,seqevent1,seqevent2,seqevent3,seqevent4,seqevent5,seqevent6,pnumber,ptype,age,sex,hispanic,race,injury,diedscene,restraint,restraintmisuse,seatpos,takehosp,death_dt,death_tm,cert,cernum_wa,commlic,licendor,licrestrict,liccomp,drivpres,drf1,drf2,drf3,drf4,distract1,distract2,distract3,distract4,distract5,distract6,dricond1,dricond2,dricond3,dricond4,dricond5,dricond6,dzip,licstate,drhgt_in,weight,noncdl,noncdltype,prevdwi,prevoth,prevacc,prevspd,prevsus,driviol1,driviol2,driviol3,driviol4,driviol5,driviol6,spdrel,first_dt,last_dt,airbag,ejection,ejectpath,extricat,injurwrk,methalc,methdrug,nmlocat,strikveh,prf1,prf2,prf3,druginv,alcinvol,drugsts,drugres1,drugres2,drugres3,drugtst1,drugtst2,drugtst3,alcsts,alctst,alcres,nmact1,nmact2,nmact3,nmact4,nmact5,nmact6,nmprior1,nmprior2,nmprior3,nmprior4,nmprior5,nmprior6,nmcond1,nmcond2,nmcond3,nmcond4,nmcond5,nmcond6,nmsafe_helmet,nmsafe_pads,nmsafe_oth,nmprev_ref,nmprev_lgt,nmprev_oth,crashlocation,nmcrashtype,crosswalk,schoolzone,sidewalk,train_inv,wildlife_inv,rotr_fars,intersect_fars,Drink and Drive,aid_inv,Drug Positive Drivers,Impaired Drivers,Marijuana Positive,impnm_inv,ainm_inv,dpnm_inv,speed_inv,unlic_inv,unendmc_inv,drowsy_inv,drdist_inv,nmdist_inv,fty_inv,unrestfat_inv,dr1617_inv,dr1820_inv,dr1620_inv,dr2125_inv,dr1625_inv,dr65_inv,dr70_inv,dr75_inv,mc_inv,pv_inv,ht_inv,ped_inv,bike_inv,unrest_fat,mc_fat,unhelmet_mc,pv_fat,ht_fat,ped_fat,bike_fat,dr_alc7,dr_alc8,dr_drug,dr_imp,dr_dist,dr_spd,dr_fty,dr_unlic,dr_alc7only,dr_alc8only,dr_drugonly,dr_drink,nm_imp,nm_alc7,nm_alc8,nm_drug,nm_dist,agegrp1,agegrp2,roadclass,urbrur,dayweek,restuse,vehtype,race_me,intersect,lanedep,oppdir,wrongway,rep_typ,investag,repag_long,rotr,st_rd,cty_rd,city_rd,oth_rd,drug_thc,thc_res,drug_cthc,cthc_res,drug_cann,prevpersemin,prevperse,prevsusoth,drugtst4,drugtst5,drugtst6,drugtst7,drugtst8,drugres4,drugres5,drugres6,drugres7,drugres8,adspresent,adsengaged,adslevel,race1,race2,race3,race4,race5,helmet,helmetmisuse,nmdistract1,nmdistract2,nmdistract3,nmdistract4,nmdistract5,nmdistract6,lab,isedtcase,crf1,crf2,crf3,CoRoadName,CoMP,IntCoRoadName,IntCoMP
2020,197,634843,21,06-19-2020,06:02,19,6,June,,25,Grant,0,1,,1,1,7,1,0,1,1,06:23,06:48,,1,0,0,No vehicle,4.9,1,0,1,No intersection,6,1,2,4,0,0,0,0,CR-ROAD 9 NW,,-119.6641528,47.22035833,98823,0,1,2,Control/Traction Loss,1,1,55,4,0,0,1,2,1,1,1,2,1,1,Going Straight,1,2,53,,0,30,42,2017,0,,12,,,,,,1,1,20,2,0,,1,0,3,0,11,5,,,,,0,0,3,3,1,0,,,,96,,,,,,0,,,,,,98055,53,63,123,6,1,0,0,0,0,,0,,,,,,0,,,8,0,0,0,8,9,8,,,0,,,8,8,8,95,,,96,,,8,95,995,,,,,,,,,,,,,,,,,,,,,,,,,,,,,,0,0,0,0,0,0,0,0,0,0,0,0,1,0,0,0,0,0,0,0,1,1,1,0,1,0,0,0,0,1,0,0,0,0,0,,0,0,0,0,0,0,0,0,0,0,0,0,0,0,0,0,,,,,,18-20,16-25,County road,U,Saturday,Belt Used,PV,Not Fatal,0,1,1,0,County Road,County Sheriff,King County Police,0,0,1,0,0,,,,,,0,0,0,,,,,,,,,,,98,98,98,0,,,,,20,7,,,,,,,,1,18,,,SE COVINGTON SAWYER RD,0.91,,
2019,197,634145,2,06-09-2019,18:14,9,6,June,,73,Whatcom,0,1,0,1,1,2,1,0,3,1,,,,30,0,0,No vehicle,0.2,1,0,1,No intersection,7,2,2,4,0,3,0,0,CR-S RED RIVER RD,,-122.6131833,48.81636389,98248,0,1,6,Drive off road,6,1,35,34,0,0,1,5,30,2,1,2,1,6,Others,3,1,53,,0,34,34,1998,0,,68,68,64,69,68,12,1,1,17,1,0,,1,0,3,0,11,5,,,,,0,0,3,3,1,0,,,,96,,,,,,98,,,,,,98038,53,74,140,6,2,0,0,0,0,,97,,,,,,4,,,8,0,0,0,8,9,8,,,0,,,8,8,8,95,,,96,,,8,95,995,,,,,,,,,,,,,,,,,,,,,,,,,,,,,,0,0,0,0,0,0,0,0,0,0,0,0,1,0,0,0,0,0,0,0,1,1,1,0,1,0,0,0,0,1,0,0,0,0,0,,0,0,0,0,0,0,0,0,0,1,0,0,0,0,0,0,,,,,,16-17,16-25,County road,U,Saturday,Belt Used,PV,Not Fatal,0,1,1,0,County Road,County Sheriff,King County Police,0,0,1,0,0,,,,,,0,0,0,,,,,,,,,,,0,0,0,0,,,,,20,7,,,,,,,,1,18,,,SE COVINGTON SAWYER RD,0.91,,
2018,197,633367,7,05-15-2018,22:05,15,5,May,0,33,King,0,1,0,2,1,2,1,0,2,2,,,,12,0,2,Front-to-Front,27.2,1,0,1,No intersection,3,1,1,3,0,0,0,0,SR-18,,-121.8881889,47.48730556,98065,0,2,51,Lateral Move(Going Straight),62,4,98,66,1,0,1,2,12,1,2,2,1,1,Going Straight,1,1,53,,0,12,3,2001,0,,68,64,1,2,,,1,1,51,1,7,,4,7,99,7,11,0,08/28/2020,00:33,2.11E+11,43414,0,0,0,2,1,0,,,,96,,,,,,98,,,,,,99201,53,68,180,1,1,1,0,1,0,,0,,,,,,4,05-15-2020,05-15-2020,99,1,9,0,0,9,8,,,0,,,8,8,2,996,695,605,1,1,1,2,1,0.182,,,,,,,,,,,,,,,,,,,,,,,,,,,,,,0,0,1,0,1,1,1,1,1,0,0,0,1,1,0,0,0,0,0,0,0,0,0,0,0,0,0,0,0,1,0,0,0,0,0,,1,0,0,0,0,1,1,1,0,1,0,1,0,0,0,1,,,,,,51-55,46-55,City street,U,Friday,Unknown,PV,White,0,1,0,0,City Street,Municipal/City Police,Spokane Police Department,1,0,0,1,0,thc,3.2,carboxy-thc,24,,0,1,1,1,1,,,,401,417,,,,98,98,98,1,,,,,20,7,,,,,,,nms,1,0,,,,,,
2018,197,633366,7,05-15-2018,22:05,15,5,May,0,33,King,0,1,0,2,1,2,1,0,2,2,,,,12,0,2,Front-to-Front,27.2,1,0,1,No intersection,3,1,1,3,0,0,0,0,SR-18,,-121.8881889,47.48730556,98065,0,1,50,Lateral Move(Left/Right),10,2,98,5,0,0,1,2,12,1,2,2,1,1,Going Straight,1,2,53,,0,59,403,2017,0,,15,,,,,,1,1,19,1,0,,0,0,3,0,11,0,,,,,0,0,3,3,1,0,,,,96,,,,,,0,,,,,,99205,53,72,170,6,2,0,0,0,0,,0,,,,,,0,,,20,0,0,0,8,3,2,,,0,,,8,0,0,0,,,0,,,2,95,0,,,,,,,,,,,,,,,,,,,,,,,,,,,,,,0,0,0,0,0,0,0,0,0,1,0,1,0,0,0,0,0,0,0,0,0,1,1,0,1,0,0,0,0,1,0,1,0,0,0,,0,0,0,0,0,0,0,0,0,0,0,0,0,0,0,0,,,,,,18-20,16-25,City street,U,Friday,Belt Used,PV,Not Fatal,0,0,0,0,City Street,Municipal/City Police,Spokane Police Department,0,0,0,1,0,,,,,,0,0,0,,,,,,,,,,,98,98,98,0,,,,,20,7,,,,,,,,1,0,,,,,,
2017,197,632591,5,06-10-2017,01:06,10,6,June,0,59,Skamania,0,10,0,2,8,2,1,1,1,1,,,,15,0,0,No vehicle,28.5,1,0,1,No intersection,3,1,1,3,0,0,0,0,SR-14,,-122.1322194,45.59545833,98671,0,1,13,Pedestrian/Animal,83,5,55,34,0,0,1,2,15,1,1,2,1,1,Going Straight,1,1,53,,0,98,706,2016,0,,63,31,,,,,1,1,40,1,7,,4,7,20,7,11,0,08/24/2020,17:41,53039803,39803,0,0,0,3,1,0,,,,96,,,,,,98,,,,,,49408,26,71,180,6,1,0,0,0,0,,0,,,,,,3,,,20,8,0,0,0,9,8,,,0,,,8,8,2,996,,,1,,,2,1,0.187,,,,,,,,,,,,,,,,,,,,,,,,,,,,,,0,0,1,0,1,1,1,1,0,0,0,0,1,0,0,0,0,0,0,0,0,0,0,0,0,0,0,0,1,0,0,0,0,0,1,0,0,0,0,0,0,1,1,1,0,1,0,0,0,0,0,1,,,,,,36-40,36-45,State route,R,Monday,,MC,White,0,1,0,0,State Route,State Patrol,Washington State Patrol,1,1,0,0,0,,,,,,0,0,0,,,,,,,,,,,0,0,0,1,,,,,5,0,,,,,,,,1,0,,,,,,
2021,198,635653,35,06-28-2021,21:14,28,6,June,,53,Pierce,0,1,,5,1,2,1,0,5,1,,,,42,0,0,No vehicle,0.6,1,0,1,No intersection,5,1,2,4,0,0,0,0,CR-BLISS COCHRANE ROAD,,-122.7799528,47.36244167,98329,0,1,6,Drive off road,12,2,35,34,0,0,1,2,1,1,2,2,1,1,Going Straight,5,2,53,,0,20,481,2015,0,,8,,,,,,1,1,32,1,0,,0,0,3,0,11,0,,,,,0,0,0,3,1,0,,,,96,,,,,,0,,,,,,98258,53,73,175,6,1,0,0,0,0,,0,,,,,,0,,,20,0,0,0,8,3,8,,,0,,,8,8,0,0,,,0,,,0,0,996,,,,,,,,,,,,,,,,,,,,,,,,,,,,,,0,0,0,0,0,0,0,0,0,0,0,0,0,0,0,0,0,0,0,0,0,0,0,0,0,0,0,0,0,1,0,1,0,0,0,,0,0,0,0,0,0,0,0,0,0,0,0,0,0,0,0,,,,,,31-35,26-35,Interstate,U,Monday,Belt Used,PV,Not Fatal,0,0,0,0,State Route,State Patrol,Washington State Patrol,0,1,0,0,0,,,,,,0,0,0,,,,,,,,,,,98,98,98,0,,,,,20,7,,,,,,,,1,0,,,,,,
2020,198,634845,6,06-12-2020,18:34,12,6,June,,25,Grant,0,1,,1,1,2,1,0,3,2,,,,12,0,1,Front-to-Rear,34.4,2,0,3,T Intersection,3,1,1,3,0,0,0,0,SR-17,RD 6 SE,-119.1256833,46.99903056,98857,0,2,21,Others,53,3,60,4,0,0,1,2,12,1,4,3,1,5,Others,2,2,53,,0,87,881,1990,0,,12,,,,,,1,1,37,1,0,,0,0,3,0,11,0,,,,,6,3,0,3,1,0,,,,96,,,,,,0,,,,,,98841,53,76,220,6,1,0,4,0,0,,0,,,,,,0,04-15-2015,09-15-2019,20,0,0,0,8,9,8,,,0,,,8,8,8,95,,,96,,,8,95,995,,,,,,,,,,,,,,,,,,,,,,,,,,,,,,0,0,0,0,0,0,0,0,0,0,0,0,0,0,0,0,1,0,0,1,0,0,0,0,0,0,0,0,0,1,1,0,0,0,0,,0,0,0,0,0,0,0,0,0,0,0,0,0,0,0,0,,,,,,36-40,36-45,State route,U,Thursday,,MHTRUCK,Not Fatal,0,1,1,0,State Route,Municipal/City Police,Omak Police Department,0,1,0,0,0,,,,,,0,0,0,,,,,,,,,,,0,0,0,0,,,,,20,7,,,,,,,,1,0,,,,,,
2020,198,634844,6,06-12-2020,18:34,12,6,June,,25,Grant,0,1,,1,1,2,1,0,3,2,,,,12,0,1,Front-to-Rear,34.4,2,0,3,T Intersection,3,1,1,3,0,0,0,0,SR-17,RD 6 SE,-119.1256833,46.99903056,98857,0,1,20,Others,50,3,60,80,0,0,1,2,12,1,4,3,1,1,Going Straight,1,1,53,,0,37,441,2001,0,,68,12,,,,,1,1,55,1,7,,4,0,20,7,11,4,08/20/2020,15:02,1.60E+11,39202,0,0,0,3,1,28,,,,92,,,,,,98,,,,,,98841,53,70,225,6,1,0,0,0,1,,0,,,,,,0,04-15-2018,04-15-2018,8,0,0,0,0,9,8,,,0,,,8,8,2,1,,,1,,,2,1,0,,,,,,,,,,,,,,,,,,,,,,,,,,,,,,0,0,0,0,0,0,0,0,0,0,0,0,0,0,0,0,1,0,0,1,0,0,0,0,0,0,0,0,0,1,1,0,0,1,0,,1,0,0,0,0,0,0,0,1,0,0,0,0,0,0,0,,,,,,51-55,46-55,State route,U,Thursday,Not Used,PV,AIAN,0,1,1,0,State Route,Municipal/City Police,Omak Police Department,0,1,0,0,0,,,,,,0,0,0,,,,,,,,,,,98,98,98,3,,,,,20,7,,,,,,,,1,0,,,,,,
2019,198,634147,7,06-25-2019,04:27,25,6,June,,33,King,0,5,0,2,1,2,1,0,4,2,,,,12,0,6,Angle,14,4,0,1,No intersection,4,2,1,3,0,0,0,0,SR-202,,-121.9956583,47.62945556,98053,0,2,83,Others,67,4,55,34,0,0,1,7,12,1,1,2,1,1,Going Straight,1,1,53,,0,12,481,2000,0,,12,,,,,,1,1,50,1,0,,1,0,99,7,11,0,,,,,0,0,0,3,1,0,,,,96,,,,,,0,,,,,,98944,53,66,150,6,1,0,0,1,0,,0,,,,,,0,10-15-2018,10-15-2018,1,0,0,0,8,9,8,,,0,,,8,8,0,0,,,0,,,0,0,996,,,,,,,,,,,,,,,,,,,,,,,,,,,,,,0,0,0,1,0,0,0,0,0,0,0,0,0,0,0,0,0,0,1,1,0,0,0,0,0,0,0,0,0,1,0,0,0,0,0,,0,0,0,0,0,0,0,0,0,0,0,0,0,0,0,0,,,,,,46-50,46-55,County road,R,Sunday,Unknown,PV,Not Fatal,1,0,0,0,County Road,County Sheriff,Yakima County Sheriff's Office,0,0,1,0,0,,,,,,0,0,0,,,,,,,,,,,98,98,98,0,,,,,20,7,,,,,,,,1,0,,,INDEPENDENCE RD.,5.07,SCOON RD.,3.03
2019,198,634146,7,06-25-2019,04:27,25,6,June,,33,King,0,5,0,2,0,0,1,0,4,2,,,,12,0,6,Angle,14,4,0,1,No intersection,4,2,1,3,0,0,0,0,SR-202,,-121.9956583,47.62945556,98053,0,1,82,Turn Into Opp Direction(Turning Left),15,2,0,2,0,0,1,7,12,0,0,0,0,11,Turning Red: Permitted on red,3,2,53,,0,20,481,2020,0,,12,,,,,,1,1,35,1,1,,4,7,20,7,11,0,07/26/2020,11:33,53034558,34558,0,0,0,3,1,38,39,,,96,,,,,,98,,,,,,98031,53,68,200,6,1,0,1,0,1,,0,,,,,,0,07-15-2018,02-15-2019,8,0,0,0,0,9,8,,,0,,,8,8,2,1,,,1,,,2,1,0,,,,,,,,,,,,,,,,,,,,,,,,,,,,,,0,0,0,1,0,0,0,0,0,0,0,0,0,0,0,0,0,0,1,1,0,0,0,0,0,0,0,0,0,1,0,0,0,1,0,,1,0,0,0,0,0,0,0,0,0,1,0,0,0,0,0,,,,,,31-35,26-35,County road,R,Sunday,Not Used,PV,Hispanic,1,0,0,0,County Road,County Sheriff,Yakima County Sheriff's Office,0,0,1,0,0,,,,,,0,0,0,,,,,,,,,,,98,98,98,98,,,,,20,7,,,,,,,,1,0,,,INDEPENDENCE RD.,5.07,SCOON RD.,3.03
2018,198,633353,7,06-21-2018,23:27,21,6,June,0,33,King,2310,1,0,3,1,2,1,0,2,2,,,,1,0,0,No vehicle,3.8,1,0,1,No intersection,3,2,1,3,0,0,0,0,SR-518,,-122.2712444,47.46374444,98188,0,2,98,Others,53,3,60,4,0,0,1,5,12,1,2,3,3,5,Others,1,1,53,,0,99,999,9999,0,,63,8,,,,,1,1,999,9,0,,9,0,99,7,11,0,,,,,99,9,9,9,1,0,,,,96,,,,,,98,,,,,,99999,99,,999,9,9,99,99,99,99,,97,,,,,,0,,,99,0,0,0,8,9,8,,,0,,,8,8,0,0,,,0,,,0,0,996,,,,,,,,,,,,,,,,,,,,,,,,,,,,,,0,0,0,0,0,0,0,0,0,1,0,1,0,0,0,0,0,1,0,0,0,0,0,0,0,0,0,0,0,0,0,1,0,0,0,,0,0,0,0,0,0,0,0,0,0,0,0,0,0,0,0,,,,,,,,County road,R,Saturday,,NR-U,Not Fatal,0,0,0,0,County Road,County Sheriff,Snohomish County Sheriff's Office,0,0,1,0,0,,,,,,99,99,99,,,,,,,,,,,98,98,98,0,,,,,20,7,,,,,,,,1,0,,,110TH ST SE,0.232,,
2018,198,633352,7,06-21-2018,23:27,21,6,June,0,33,King,2310,1,0,3,1,2,1,0,2,2,,,,1,0,0,No vehicle,3.8,1,0,1,No intersection,3,2,1,3,0,0,0,0,SR-518,,-122.2712444,47.46374444,98188,0,1,98,Others,50,3,60,80,0,0,1,2,12,1,2,3,3,1,Going Straight,1,2,53,,0,99,999,9999,0,,8,,,,,,1,1,998,8,0,,9,0,99,7,11,0,,,,,99,0,9,9,1,0,,,,92,,,,,,98,,,,,,99999,99,,999,9,9,99,99,99,99,,99,,,,,,0,,,99,0,0,0,8,9,8,,,0,,,8,8,0,0,,,0,,,0,0,996,,,,,,,,,,,,,,,,,,,,,,,,,,,,,,0,0,0,0,0,0,0,0,0,0,0,0,0,0,0,0,1,0,0,0,0,0,0,0,0,0,0,0,0,0,0,1,0,0,0,,0,0,0,0,0,0,0,0,1,0,0,0,0,0,0,0,,,,,,,,City street,U,Friday,,NR-U,Not Fatal,0,0,0,0,City Street,Municipal/City Police,Auburn Police Department,0,0,0,1,0,,,,,,99,99,99,,,,,,,,,,,98,98,98,0,,,,,20,7,,,,,,,,1,0,,,,,,
2017,198,632589,6,06-12-2017,06:40,12,6,June,0,47,Okanogan,1600,1,0,1,1,2,1,0,2,2,,,,12,0,2,Front-to-Front,277.5,1,0,1,No intersection,3,2,1,2,0,0,98,3,US-97,,-119.5061611,48.41894444,98841,0,2,51,Lateral Move(Going Straight),62,4,50,34,1,0,1,2,12,1,1,2,1,1,Going Straight,1,1,53,,0,69,54,2006,0,,12,,,,,,1,1,42,2,7,,4,7,3,0,11,0,08/26/2020,13:45,53039814,39814,0,0,0,3,1,0,,,,96,,,,,,98,,,,,,98532,53,67,150,6,1,0,0,0,1,,0,,,,,,0,12-15-2017,12-15-2017,1,0,0,0,0,9,8,,,0,,,8,8,2,124,996,996,1,1,1,2,1,0,,,,,,,,,,,,,,,,,,,,,,,,,,,,,,0,0,0,0,0,0,1,1,1,0,0,0,0,1,0,0,1,0,0,0,0,0,0,1,1,0,0,0,0,1,0,0,0,0,0,,1,0,0,0,0,0,1,1,0,0,0,0,0,0,1,0,,,,,,41-45,36-45,State route,R,Wednesday,Belt Used,PV,White,0,1,1,0,State Route,State Patrol,Washington State Patrol,0,1,0,0,0,,,,,,0,0,0,1,,,,,996,,,,,98,98,98,1,,,,,20,7,,,,,,,,1,0,,,,,,
2017,198,632588,6,06-12-2017,06:40,12,6,June,0,47,Okanogan,1600,1,0,1,1,2,1,0,2,2,,,,12,0,2,Front-to-Front,277.5,1,0,1,No intersection,3,2,1,2,0,0,0,0,US-97,,-119.5061611,48.41894444,98841,0,1,50,Lateral Move(Left/Right),10,2,50,6,0,0,1,2,12,1,1,2,1,1,Going Straight,1,1,53,,0,34,34,2006,0,,68,12,,,,,1,1,21,1,0,,3,0,3,0,11,5,,,,,0,0,0,0,1,28,,,,6,,,,,,9,,,,,,98532,53,69,230,0,0,0,0,0,0,,0,,,,,,0,,,8,0,0,0,8,9,8,,,0,,,1,0,2,695,605,,1,1,,2,1,0,,,,,,,,,,,,,,,,,,,,,,,,,,,,,,0,0,0,0,0,0,1,1,1,0,0,0,0,1,0,0,1,0,0,0,0,0,0,1,1,0,0,0,0,1,0,0,0,0,0,,0,0,0,0,0,0,1,1,1,0,0,1,0,0,1,0,,,,,,21-25,16-25,State route,R,Wednesday,Belt Used,PV,Not Fatal,0,1,1,0,State Route,State Patrol,Washington State Patrol,0,1,0,0,0,thc,4.9,carboxy-thc,21,,0,0,0,,,,,,,,,,,98,98,98,0,,,,,20,7,,,,,,,,1,0,,,,,,
2017,199,632593,4,06-13-2017,21:52,13,6,June,0,63,Spokane,0,1,0,2,1,2,1,0,1,1,,,,59,0,0,No vehicle,0.5,5,1,1,No intersection,1,2,1,1,0,0,0,0,I-90 RAMP R127825,,-117.4795056,47.63475833,99224,0,1,6,Drive off road,12,2,55,80,0,0,1,2,59,2,2,1,6,14,Making a U turn,1,1,6,,0,12,881,1995,0,,12,2,63,24,,,1,1,41,1,0,,3,0,3,0,11,5,,,,,0,0,0,2,1,0,,,,96,,,,,,0,,,,,,98908,53,70,190,6,1,0,0,0,0,,0,,,,,,0,,,20,0,0,0,8,9,8,,,0,,,8,8,0,0,,,0,,,0,0,996,,,,,,,,,,,,,,,,,,,,,,,,,,,,,,0,0,0,1,1,1,1,1,1,0,0,0,0,1,0,0,0,0,1,0,0,0,0,1,1,0,0,0,0,1,1,0,0,0,0,,0,0,0,0,0,0,0,0,0,0,0,0,0,0,0,0,,,,,,41-45,36-45,County road,R,Thursday,,MHTRUCK,Not Fatal,1,0,0,0,County Road,County Sheriff,Yakima County Sheriff's Office,0,0,1,0,0,,,,,,0,0,0,,,,,,,,,,,0,0,0,0,,,,,20,7,,,,,,,,1,0,,,HARRAH RD.,2,EVANS RD.,2.01
2021,199,635654,2,06-26-2021,19:55,26,6,June,,57,Skagit,0,1,,1,11,4,1,0,2,1,,,,35,0,0,No vehicle,,1,0,1,No intersection,7,1,2,4,0,0,0,0,CR-CONCRETE SAUK VALLEY,,-121.5639639,48.39838056,,0,1,7,Control/Traction Loss,9,1,98,15,0,0,1,2,1,1,2,8,1,1,Going Straight,2,2,53,,0,12,402,2005,0,,12,2,79,24,,,1,1,23,1,7,,4,7,99,7,11,0,08/20/2020,08:18,53038763,38763,0,0,0,2,1,38,,,,96,,,,,,98,,,,,,98951,53,72,180,1,1,0,0,0,1,,0,,,,,,0,07-15-2016,11-15-2017,99,0,0,0,0,9,8,,,0,,,8,8,2,402,695,605,1,1,1,2,1,0.222,,,,,,,,,,,,,,,,,,,,,,,,,,,,,,0,0,0,1,1,1,1,1,1,0,0,0,0,1,0,0,0,0,1,0,0,0,0,1,1,0,0,0,0,1,1,0,0,0,0,,1,0,0,0,0,1,1,1,0,0,1,1,0,0,0,1,,,,,,21-25,16-25,County road,R,Thursday,Unknown,PV,AIAN,1,0,0,0,County Road,County Sheriff,Yakima County Sheriff's Office,0,0,1,0,0,thc,1.9,carboxy-thc,8.6,,0,0,1,,,,,,,,,,,98,98,98,3,,,,,20,7,,,,,,,nms,1,0,,,HARRAH RD.,2,EVANS RD.,2.01
2019,199,634149,26,06-27-2019,16:26,27,6,June,,35,Kitsap,0,1,0,1,1,2,1,0,3,2,,,,12,0,2,Front-to-Front,2.2,1,0,1,No intersection,5,1,2,4,0,0,0,0,CR-SE BURLEY OLALLA RD,,-122.5843806,47.43116667,98359,0,2,51,Lateral Move(Going Straight),62,4,40,34,0,0,1,7,12,3,2,2,1,14,Making a U turn,2,1,53,,0,12,481,2018,0,,12,63,1,42,,,1,1,58,1,7,,4,7,3,0,11,0,08-12-2020,12:38,53037484,37484,0,0,0,3,1,0,,,,96,,,,,,0,,,,,,98371,53,74,210,6,1,0,1,0,1,,0,,,,,,0,05-15-2017,03-15-2019,8,0,0,0,0,9,8,,,0,,,8,8,2,1,,,1,,,2,1,0.052,,,,,,,,,,,,,,,,,,,,,,,,,,,,,,0,0,0,1,1,0,0,0,0,0,0,0,1,0,0,0,0,0,0,0,1,0,1,0,1,0,0,0,0,1,0,0,0,0,0,,1,0,0,0,1,0,0,0,0,0,0,0,1,0,0,1,,,,,,56-60,56-65,State route,U,Wednesday,Belt Used,PV,White,1,0,0,0,State Route,State Patrol,Washington State Patrol,0,1,0,0,0,,,,,,0,0,0,,,,,,,,,,,98,98,98,1,,,,,20,7,,,,,,,,1,0,,,,,,
2019,199,634148,26,06-27-2019,16:26,27,6,June,,35,Kitsap,0,1,0,1,1,2,1,0,3,2,,,,12,0,2,Front-to-Front,2.2,1,0,1,No intersection,5,1,2,4,0,0,0,0,CR-SE BURLEY OLALLA RD,,-122.5843806,47.43116667,98359,0,1,50,Lateral Move(Left/Right),10,2,98,4,0,0,1,7,12,2,2,2,1,14,Making a U turn,1,2,53,,0,54,38,2006,0,,12,63,1,43,,,1,1,17,1,0,,3,0,3,0,11,0,,,,,0,0,3,3,1,8,39,,,96,,,,,,98,,,,,,98404,53,72,148,6,2,0,0,0,0,,2,,,,,,2,,,20,0,0,0,8,9,8,,,0,,,8,8,0,0,,,0,,,0,0,996,,,,,,,,,,,,,,,,,,,,,,,,,,,,,,0,0,0,1,1,0,0,0,0,0,0,0,1,0,0,0,0,0,0,0,1,0,1,0,1,0,0,0,0,1,0,0,0,0,0,,0,0,0,0,0,0,0,0,0,1,0,0,0,0,0,0,,,,,,16-17,16-25,State route,U,Wednesday,Belt Used,PV,Not Fatal,1,0,0,0,State Route,State Patrol,Washington State Patrol,0,1,0,0,0,,,,,,0,0,0,,,,,,,,,,,98,98,98,0,,,,,20,7,,,,,,,,1,0,,,,,,
2018,199,633339,305,06-22-2018,03:01,22,6,June,0,11,Clark,2370,1,0,3,1,2,1,0,1,1,,,,33,0,0,No vehicle,0,3,0,3,T Intersection,4,2,4,6,0,0,0,0,NE BURTON RD,NE 81ST AVE,-122.5907972,45.64016667,98664,0,1,12,Others,10,2,35,80,0,0,1,7,33,8,8,2,1,6,Others,1,1,53,,0,23,481,2015,0,,12,,,,,,1,1,60,2,0,,2,0,3,0,11,0,,,,,0,0,0,3,1,0,,,,96,,,,,,0,,,,,,99224,53,70,125,6,1,0,0,0,0,,0,,,,,,0,,,8,0,0,0,8,3,8,,,0,,,8,8,0,0,,,0,,,0,0,996,,,,,,,,,,,,,,,,,,,,,,,,,,,,,,0,0,0,0,1,1,1,1,0,0,0,0,0,0,0,0,0,0,0,0,0,0,0,0,0,0,0,0,0,1,0,0,0,0,0,,0,0,0,0,0,0,0,0,0,0,0,0,0,0,0,0,,,,,,56-60,56-65,County road,R,Friday,Belt Used,PV,Not Fatal,0,1,1,0,County Road,County Sheriff,Spokane County Sheriff's Office,0,0,1,0,0,,,,,,0,0,0,,,,,,,,,,,98,98,98,0,,,,,20,7,,,,,,,,1,0,,,ELDER RD,3.45,,
2021,200,635656,5,06-15-2021,09:39,15,6,June,,11,Clark,0,10,,1,1,1,1,0,3,2,,,,12,0,6,Angle,6.7,2,0,2,4 Way,3,2,1,3,0,0,3,3,SR-503,NE 76TH ST,-122.5525444,45.677825,98662,0,2,69,Initial Opposite Direction(Going Straight),62,4,40,66,0,0,1,2,12,1,2,5,1,1,Going Straight,1,3,41,,0,20,16,2002,0,,63,69,68,12,,,1,1,48,1,7,,4,7,3,0,11,0,07/24/2020,19:27,53034637,34637,0,0,0,3,1,58,,,,96,,,,,,98,,,,,,99208,53,72,215,6,1,0,0,0,0,,0,,,,,,0,,,20,0,0,0,0,9,8,,,0,,,8,8,2,996,155,,1,1,,2,1,0.227,,,,,,,,,,,,,,,,,,,,,,,,,,,,,,0,0,0,0,1,1,1,1,0,0,0,0,0,0,0,0,0,0,0,0,0,0,0,0,0,0,0,0,0,1,0,0,0,0,0,,1,0,0,0,0,1,1,1,0,0,0,0,0,0,0,1,,,,,,46-50,46-55,County road,R,Friday,Belt Used,PV,White,0,1,1,0,County Road,County Sheriff,Spokane County Sheriff's Office,0,0,1,0,0,,,,,,0,0,0,,,,,,,,,,,98,98,98,1,,,,,20,7,,,,,,,,1,0,,,ELDER RD,3.45,,