year,something,Cases,repjur,crash_dt,crash_tm,accday,Month,Month,holiday,county,co_char,city,weather,weather2,lightcond,surfcond,surftype,Number of Fatalities,nmforms,pforms,vforms,not_tm,arr_tm,hosp_tm,fhevent,hitrun,Manner of Collision,Manner of Collision,milepnt,reljunc,reljuncinter,intersectiontype,Intersection Type,funcsystem,landuse,ownership,route,schlbus,spejur,contdev,devfunc,trafid1,trafid2,x,y,zipcode,wk_zone,vnumber,crashtype,Crash Type,criticalevent,criticaleventcat,spdlim,body,trailer,emerg,hazcargo,leave,mhevent,roadalgn,roadprof,traflane,trafflow,Vehicle Manure,Vehicle Manure,numoccs,regowner,regstate,,spuse,make,model,modelyr,vrf1,vrf2,seqevent1,seqevent2,seqevent3,seqevent4,seqevent5,seqevent6,pnumber,ptype,age,sex,hispanic,race,injury,diedscene,restraint,restraintmisuse,seatpos,takehosp,death_dt,death_tm,cert,cernum_wa,commlic,licendor,licrestrict,liccomp,drivpres,drf1,drf2,drf3,drf4,distract1,distract2,distract3,distract4,distract5,distract6,dricond1,dricond2,dricond3,dricond4,dricond5,dricond6,dzip,licstate,drhgt_in,weight,noncdl,noncdltype,prevdwi,prevoth,prevacc,prevspd,prevsus,driviol1,driviol2,driviol3,driviol4,driviol5,driviol6,spdrel,first_dt,last_dt,airbag,ejection,ejectpath,extricat,injurwrk,methalc,methdrug,nmlocat,strikveh,prf1,prf2,prf3,druginv,alcinvol,drugsts,drugres1,drugres2,drugres3,drugtst1,drugtst2,drugtst3,alcsts,alctst,alcres,nmact1,nmact2,nmact3,nmact4,nmact5,nmact6,nmprior1,nmprior2,nmprior3,nmprior4,nmprior5,nmprior6,nmcond1,nmcond2,nmcond3,nmcond4,nmcond5,nmcond6,nmsafe_helmet,nmsafe_pads,nmsafe_oth,nmprev_ref,nmprev_lgt,nmprev_oth,crashlocation,nmcrashtype,crosswalk,schoolzone,sidewalk,train_inv,wildlife_inv,rotr_fars,intersect_fars,Drink and Drive,aid_inv,Drug Positive Drivers,Impaired Drivers,Marijuana Positive,impnm_inv,ainm_inv,dpnm_inv,speed_inv,unlic_inv,unendmc_inv,drowsy_inv,drdist_inv,nmdist_inv,fty_inv,unrestfat_inv,dr1617_inv,dr1820_inv,dr1620_inv,dr2125_inv,dr1625_inv,dr65_inv,dr70_inv,dr75_inv,mc_inv,pv_inv,ht_inv,ped_inv,bike_inv,unrest_fat,mc_fat,unhelmet_mc,pv_fat,ht_fat,ped_fat,bike_fat,dr_alc7,dr_alc8,dr_drug,dr_imp,dr_dist,dr_spd,dr_fty,dr_unlic,dr_alc7only,dr_alc8only,dr_drugonly,dr_drink,nm_imp,nm_alc7,nm_alc8,nm_drug,nm_dist,agegrp1,agegrp2,roadclass,urbrur,dayweek,restuse,vehtype,race_me,intersect,lanedep,oppdir,wrongway,rep_typ,investag,repag_long,rotr,st_rd,cty_rd,city_rd,oth_rd,drug_thc,thc_res,drug_cthc,cthc_res,drug_cann,prevpersemin,prevperse,prevsusoth,drugtst4,drugtst5,drugtst6,drugtst7,drugtst8,drugres4,drugres5,drugres6,drugres7,drugres8,adspresent,adsengaged,adslevel,race1,race2,race3,race4,race5,helmet,helmetmisuse,nmdistract1,nmdistract2,nmdistract3,nmdistract4,nmdistract5,nmdistract6,lab,isedtcase,crf1,crf2,crf3,CoRoadName,CoMP,IntCoRoadName,IntCoMP
2021,200,635655,5,06-15-2021,09:39,15,6,June,,11,Clark,0,10,,1,1,1,1,0,3,2,,,,12,0,6,Angle,6.7,2,0,2,4 Way,3,2,1,3,0,0,3,3,SR-503,NE 76TH ST,-122.5525444,45.677825,98662,0,1,68,Initial Opposite Direction(Left/Right),15,2,40,34,0,0,1,2,12,1,2,6,1,11,Turning Red: Permitted on red,2,1,53,,0,12,881,1999,0,,63,1,,,,,1,1,26,1,7,,4,7,20,7,11,0,08/20/2020,08:52,53039031,39031,0,0,0,3,1,0,,,,92,,,,,,98,,,,,,97739,41,77,270,6,1,0,0,0,0,,0,,,,,,0,,,1,1,9,0,0,9,8,,,0,,,8,8,2,1,,,1,,,2,1,0,,,,,,,,,,,,,,,,,,,,,,,,,,,,,,0,0,0,0,0,0,0,0,0,0,0,0,0,0,0,0,1,0,0,0,0,0,0,0,0,0,0,0,0,0,1,0,0,0,0,,0,1,0,0,0,0,0,0,1,0,0,0,0,0,0,0,,,,,,26-30,26-35,US highway,R,Thursday,,MHTRUCK,White,0,1,0,0,State Route,State Patrol,Washington State Patrol,1,1,0,0,0,,,,,,0,0,0,,,,,,,,,,,0,0,0,1,,,,,20,7,,,,,,,,1,0,,,,,,
2020,200,634846,31,06-23-2020,18:24,23,6,June,,45,Mason,0,1,,1,1,2,1,0,1,1,18:26,18:34,,1,0,0,No vehicle,3.9,1,0,1,No intersection,5,1,2,4,0,0,0,0,CR-E GRAPEVIEW LOOP RD,,-122.8434917,47.325,98546,0,1,7,Control/Traction Loss,13,2,35,34,0,0,1,5,1,3,1,2,1,14,Making a U turn,1,1,53,,0,35,47,2011,0,,9,,,,,,1,1,25,1,0,,0,0,3,0,11,0,,,,,0,0,0,3,1,0,,,,96,,,,,,0,,,,,,99301,53,68,160,6,1,0,1,0,2,,76,,,,,,0,05-15-2016,03-15-2020,20,0,0,0,8,9,8,,,0,,,8,8,8,95,,,96,,,8,95,995,,,,,,,,,,,,,,,,,,,,,,,,,,,,,,0,0,0,1,0,0,0,0,0,1,0,1,0,0,0,0,0,0,0,0,0,0,0,1,1,0,0,0,0,1,0,0,1,0,0,,0,0,0,0,0,0,0,0,0,0,0,0,0,0,0,0,,,,,,21-25,16-25,City street,U,Thursday,Belt Used,PV,Not Fatal,1,0,0,0,City Street,Municipal/City Police,Pasco Police Department,0,0,0,1,0,,,,,,0,0,0,,,,,,,,,,,98,98,98,0,,,,,20,7,,,,,,,,1,0,,,,,,
2019,200,634150,34,06-17-2019,15:55,17,6,June,,51,Pend Oreille,0,1,0,1,1,5,1,0,2,1,,,,42,0,0,No vehicle,8.5,1,0,1,No intersection,7,2,2,4,0,0,0,0,CR-BEAD LAKE RD,,-117.1425917,48.29898333,99156,0,1,1,Driver Off Road,13,2,98,15,0,0,1,7,1,1,1,2,1,1,Going Straight,2,1,53,,0,22,2,2003,0,,71,43,63,14,14,,1,1,47,1,1,,4,7,20,7,11,0,08/20/2020,23:38,2.23E+11,39184,0,0,3,2,1,0,,,,96,,,,,,98,,,,,,98444,53,64,140,1,1,0,0,0,1,,0,,,,,,3,04-15-2017,04-15-2017,1,0,0,0,0,9,8,,,0,,,8,8,2,996,,,1,,,2,1,0.186,,,,,,,,,,,,,,,,,,,,,,,,,,,,,,0,0,0,1,1,1,1,1,0,0,0,0,1,1,0,0,0,0,0,1,0,0,0,0,0,0,0,0,0,1,0,0,0,1,0,,1,0,0,0,0,1,1,1,0,1,0,1,0,0,0,1,,,,,,46-50,46-55,City street,U,Thursday,Not Used,PV,Hispanic,1,0,0,0,City Street,Municipal/City Police,Tacoma Police Department,0,0,0,1,0,,,,,,0,0,1,,,,,,,,,,,98,98,98,98,,,,,20,7,,,,,,,,1,0,,,,,,
2018,200,633344,222,06-16-2018,20:23,16,6,June,0,67,Thurston,1590,1,0,1,1,2,1,0,5,2,,,,12,0,6,Angle,0,2,0,4,Y Intersection,5,2,4,6,0,0,20,3,BETHEL ST NE,ETHRIDGE AVE NE,-122.884725,47.06006667,98506,0,2,89,Others,17,2,98,14,0,0,1,7,12,8,8,2,1,1,Going Straight,3,2,53,,0,20,38,2005,0,,64,57,,,,,1,1,53,1,7,,4,7,3,0,11,0,08/14/2020,20:35,80053038166,38166,0,0,0,3,1,33,,,,96,,,,,,9,,,,,,98335,53,74,235,6,1,0,0,0,0,,0,,,,,,4,,,20,0,0,0,0,1,8,,,0,,,9,1,2,996,402,695,1,1,1,2,1,0.26,,,,,,,,,,,,,,,,,,,,,,,,,,,,,,0,0,0,0,1,1,1,1,1,0,0,0,1,0,0,0,0,0,0,0,0,0,0,0,0,0,0,0,0,1,0,0,0,0,0,,1,0,0,0,0,1,1,1,0,1,0,0,0,0,0,1,,,,,,51-55,46-55,State route,U,Friday,Belt Used,PV,White,0,1,0,0,State Route,State Patrol,Washington State Patrol,1,1,0,0,0,thc,2.4,carboxy-thc,5.7,,0,0,0,1,,,,,605,,,,,98,98,98,1,,,,,20,7,,,,,,,nms,1,0,,,,,,
2018,200,633343,222,06-16-2018,20:23,16,6,June,0,67,Thurston,1590,1,0,1,1,2,1,0,5,2,,,,12,0,6,Angle,0,2,0,4,Y Intersection,5,2,4,6,0,0,0,0,BETHEL ST NE,ETHRIDGE AVE NE,-122.884725,47.06006667,98506,0,1,88,Striking from the Left,66,4,98,80,0,0,1,7,12,1,1,2,1,1,Going Straight,2,1,53,,0,73,704,2020,0,,12,,,,,,1,1,59,1,7,,4,7,20,7,11,0,08/19/2020,17:19,53039304,39304,0,0,3,2,1,0,,,,96,,,,,,0,,,,,,98665,53,72,185,6,1,0,0,0,0,,0,,,,,,0,,,20,8,0,0,0,9,8,,,0,,,8,8,2,695,605,996,1,1,1,2,1,0,,,,,,,,,,,,,,,,,,,,,,,,,,,,,,0,0,0,1,1,1,1,1,1,0,0,0,0,1,1,0,0,0,0,0,0,0,0,0,0,0,0,0,1,1,0,0,0,0,1,0,0,0,0,0,0,0,1,1,0,0,0,0,0,0,1,0,,,,,,56-60,56-65,County road,U,Wednesday,,MC,White,1,0,0,0,County Road,County Sheriff,Clark County Sheriff's Office,0,0,1,0,0,thc,2,carboxy-thc,18,,0,0,0,,,,,,,,,,,0,0,0,1,,,,,5,0,,,,,,,nms,1,0,,,NE MINNEHAHA ST,2.09,NE 47TH AVE,0
2017,200,632610,4,06-14-2017,17:53,14,6,June,0,75,Whitman,0,10,0,1,1,2,1,0,3,2,18:01,18:35,19:34,12,0,2,Front-to-Front,118.9,1,0,1,No intersection,3,1,1,3,0,0,0,0,SR-26,,-117.673025,46.81265278,99143,0,2,51,Lateral Move(Going Straight),62,4,65,4,0,0,1,2,12,1,1,2,1,1,Going Straight,2,2,53,,0,12,461,1997,0,,12,,,,,,1,1,26,1,0,,0,0,99,7,11,0,,,,,0,0,3,2,1,39,,,,96,,,,,,9,,,,,,98662,53,63,203,1,1,1,0,1,0,,1,12,,,,,0,10-15-2015,09-15-2018,20,0,0,0,8,9,8,,,0,,,8,1,2,1,,,1,,,2,1,0.2,,,,,,,,,,,,,,,,,,,,,,,,,,,,,,0,0,0,1,1,1,1,1,1,0,0,0,0,1,1,0,0,0,0,0,0,0,0,0,0,0,0,0,1,1,0,0,0,0,0,,0,0,0,0,0,1,0,1,0,0,0,1,0,1,0,1,,,,,,26-30,26-35,County road,U,Wednesday,Unknown,PV,Not Fatal,1,0,0,0,County Road,County Sheriff,Clark County Sheriff's Office,0,0,1,0,0,,,,,,0,1,8,,,,,,,,,,,0,0,0,0,,,,,20,7,,,,,,,,1,0,,,NE MINNEHAHA ST,2.09,NE 47TH AVE,0
2017,200,632609,4,06-14-2017,17:53,14,6,June,0,75,Whitman,0,10,0,1,1,2,1,0,3,2,18:01,18:35,19:34,12,0,2,Front-to-Front,118.9,1,0,1,No intersection,3,1,1,3,0,0,0,0,SR-26,,-117.673025,46.81265278,99143,0,1,50,Lateral Move(Left/Right),10,2,65,4,0,0,1,2,12,1,1,2,1,17,Others,1,9,99,,0,37,441,2013,0,,12,,,,,,1,1,48,2,0,,0,0,3,0,11,0,,,,,0,0,0,3,1,0,,,,96,,,,,,0,,,,,,99202,53,64,270,6,1,0,0,0,0,,0,,,,,,0,,,20,0,0,0,8,3,8,,,0,,,8,8,0,0,,,0,,,0,0,996,,,,,,,,,,,,,,,,,,,,,,,,,,,,,,0,0,0,1,0,0,1,1,1,0,0,0,0,0,0,0,0,0,0,0,0,0,0,0,0,0,0,0,1,1,0,0,0,0,0,,0,0,0,0,0,0,0,0,0,0,0,0,0,0,0,0,,,,,,46-50,46-55,City street,U,Wednesday,Belt Used,PV,Not Fatal,0,0,0,0,City Street,Municipal/City Police,Spokane Police Department,0,0,0,1,0,,,,,,0,0,0,,,,,,,,,,,98,98,98,0,,,,,20,7,,,,,,,,1,0,,,,,,
2021,201,635660,7,06-07-2021,03:54,7,6,June,,33,King,0,2,,2,2,2,1,0,3,2,,,,12,0,2,Front-to-Front,11,1,0,1,No intersection,3,1,1,3,0,0,0,0,SR-900,,-122.0771333,47.51391944,98059,0,2,51,Lateral Move(Going Straight),62,4,40,63,0,0,1,2,12,3,2,2,1,14,Making a U turn,1,3,53,,0,72,706,2001,0,,1,68,12,,,,1,1,38,1,7,,4,7,20,7,11,0,08/19/2020,17:39,2.11E+11,38737,0,0,0,3,1,8,,,,96,,,,,,98,,,,,,99212,53,67,160,6,1,0,3,0,1,,0,,,,,,0,12-15-2016,10-15-2019,20,8,0,0,0,9,8,,,0,,,8,8,2,695,605,,1,1,,2,1,0,,,,,,,,,,,,,,,,,,,,,,,,,,,,,,0,0,0,1,0,0,1,1,1,0,0,0,0,0,0,0,0,0,0,0,0,0,0,0,0,0,0,0,1,1,0,0,0,0,1,1,0,0,0,0,0,0,1,1,0,0,0,0,0,0,1,0,,,,,,36-40,36-45,City street,U,Wednesday,,MC,White,0,0,0,0,City Street,Municipal/City Police,Spokane Police Department,0,0,0,1,0,thc,15,carboxy-thc,17,,0,0,1,,,,,,,,,,,0,0,0,1,,,,,16,0,,,,,,,nms,1,0,,,,,,
2021,201,635659,7,06-07-2021,03:54,7,6,June,,33,King,0,2,,2,2,2,1,0,3,2,,,,12,0,2,Front-to-Front,11,1,0,1,No intersection,3,1,1,3,0,0,0,0,SR-900,,-122.0771333,47.51391944,98059,0,1,50,Lateral Move(Left/Right),10,2,40,4,0,0,1,2,12,2,2,2,1,14,Making a U turn,2,2,53,,0,82,881,2017,0,,12,,,,,,1,1,25,1,0,,0,0,3,0,11,0,,,,,6,1,0,3,1,0,,,,96,,,,,,0,,,,,,98686,53,68,150,6,1,0,0,0,0,,0,,,,,,0,,,20,0,0,0,8,9,8,,,0,,,8,8,0,0,,,0,,,0,0,996,,,,,,,,,,,,,,,,,,,,,,,,,,,,,,0,0,0,0,0,0,0,0,0,0,0,0,0,0,0,0,1,0,0,0,0,0,0,1,1,0,0,0,0,1,1,0,0,0,0,,0,0,0,0,0,0,0,0,0,0,0,0,0,0,0,0,,,,,,21-25,16-25,Interstate,U,Wednesday,,MHTRUCK,Not Fatal,0,0,0,0,State Route,State Patrol,Washington State Patrol,0,1,0,0,0,,,,,,0,0,0,,,,,,,,,,,98,98,98,0,,,,,20,7,,,,,,,,1,0,,,,,,
2020,201,634847,8,06-21-2020,05:21,21,6,June,,9,Clallam,0,10,,4,2,2,1,0,1,1,05:21,05:48,,11,0,0,No vehicle,213.5,1,0,1,No intersection,3,1,1,2,0,0,0,0,US-101,,-124.0624667,48.06933333,98363,0,1,13,Pedestrian/Animal,87,6,60,80,0,0,1,2,11,1,1,2,1,1,Going Straight,1,1,53,,0,2,404,2019,0,,12,12,,,,,1,1,44,2,7,,4,7,3,0,11,0,08-05-2020,06:57,2.37E+11,36085,0,0,0,3,1,0,,,,96,,,,,,98,,,,,,98382,53,62,160,6,1,0,0,1,0,,0,,,,,,0,11-15-2017,11-15-2017,8,0,0,0,0,9,8,,,0,,,8,8,2,1,,,1,,,2,1,0,,,,,,,,,,,,,,,,,,,,,,,,,,,,,,0,0,0,0,0,0,0,0,0,0,0,0,0,0,0,0,1,0,0,0,0,0,0,1,1,0,0,0,0,1,1,0,0,0,0,,1,0,0,0,0,0,0,0,0,0,0,0,0,0,0,0,,,,,,41-45,36-45,Interstate,U,Wednesday,Belt Used,PV,White,0,0,0,0,State Route,State Patrol,Washington State Patrol,0,1,0,0,0,,,,,,0,0,0,,,,,,,,,,,98,98,98,1,,,,,20,7,,,,,,,,1,0,,,,,,
2019,201,634151,6,06-25-2019,12:01,25,6,June,,37,Kittitas,0,1,0,1,1,2,1,0,1,1,,,,1,0,0,No vehicle,124.9,1,0,1,No intersection,1,1,1,1,0,0,0,0,I-90,,-120.1863556,46.94491667,,0,1,6,Drive off road,12,2,70,80,0,0,1,7,1,1,2,3,2,1,Going Straight,1,1,53,,0,85,881,2010,0,,12,,,,,,1,1,55,1,0,,0,0,3,0,11,0,,,,,99,9,9,9,1,0,,,,12,,,,,,98,,,,,,0,95,,999,9,9,99,99,99,99,,97,,,,,,0,,,20,0,0,0,8,3,8,,,0,,,8,8,2,1,,,1,,,2,1,0,,,,,,,,,,,,,,,,,,,,,,,,,,,,,,0,0,0,0,0,0,0,0,0,0,0,0,0,0,0,0,1,0,0,0,0,0,0,1,1,0,0,0,0,1,1,0,0,0,0,,0,0,0,0,0,0,0,0,1,0,0,0,0,0,0,0,,,,,,51-55,46-55,Interstate,U,Wednesday,,MHTRUCK,Not Fatal,0,0,0,0,State Route,State Patrol,Washington State Patrol,0,1,0,0,0,,,,,,99,99,99,,,,,,,,,,,98,98,98,0,,,,,20,7,,,,,,,,1,0,,,,,,
2018,201,633347,6,06-19-2018,00:02,19,6,June,0,37,Kittitas,0,1,0,2,1,1,1,0,2,1,00:10,00:20,00:49,1,0,0,No vehicle,1.1,1,0,1,No intersection,1,1,1,1,0,0,0,0,I-82,,-120.5070778,46.957,98926,0,1,2,Control/Traction Loss,12,2,70,14,0,0,1,2,1,1,1,2,3,1,Going Straight,2,1,53,,0,2,404,2004,0,,12,2,,,,,1,1,49,2,7,,4,0,3,0,11,5,08/17/2020,22:50,2.11E+11,38385,0,0,3,3,1,0,,,,96,,,,,,0,,,,,,99218,53,67,150,6,1,0,0,0,0,,0,,,,,,0,,,99,0,0,0,0,9,8,,,0,,,8,8,2,996,996,,1,1,,2,1,0,,,,,,,,,,,,,,,,,,,,,,,,,,,,,,0,0,0,0,1,1,1,1,1,0,0,0,1,1,0,0,1,0,0,0,0,0,0,1,1,0,0,0,0,1,0,0,0,0,0,,1,0,0,0,0,0,1,1,0,0,0,0,0,0,1,0,,,,,,46-50,46-55,County road,R,Monday,Belt Used,PV,White,0,0,0,0,County Road,County Sheriff,Spokane County Sheriff's Office,0,0,1,0,0,,,,,,0,0,0,,,,,,,,,,,98,98,98,1,,,,,20,7,,,,,,,,1,0,,,RUTTER PARKWAY,1.889,,
2017,201,632592,42,06-17-2017,02:20,17,6,June,0,67,Thurston,0,1,0,2,1,2,1,0,1,1,,,,42,0,0,No vehicle,6.6,1,0,1,No intersection,5,2,2,4,0,0,0,0,CR-CARPENTER RD NE,,-122.801925,47.08325,98516,0,1,1,Driver Off Road,13,2,50,3,0,0,1,2,42,1,4,2,1,1,Going Straight,1,2,53,,0,48,45,2019,0,,12,2,,,,,1,1,23,1,0,,1,0,99,7,11,5,,,,,0,0,3,2,1,0,,,,92,,,,,,9,,,,,,99212,53,73,200,1,1,1,1,0,1,,97,,,,,,3,03-15-2018,04-15-2020,99,0,0,0,8,9,8,,,0,,,8,1,2,605,,,1,,,2,1,0.2,,,,,,,,,,,,,,,,,,,,,,,,,,,,,,0,0,0,0,1,1,1,1,1,0,0,0,1,1,0,0,1,0,0,0,0,0,0,1,1,0,0,0,0,1,0,0,0,0,0,,0,0,0,0,0,1,1,1,1,1,0,1,0,0,0,1,,,,,,21-25,16-25,County road,R,Monday,Unknown,PV,Not Fatal,0,0,0,0,County Road,County Sheriff,Spokane County Sheriff's Office,0,0,1,0,0,thc,1.1,,,,0,1,3,,,,,,,,,,,98,98,98,0,,,,,20,7,,,,,,,,1,0,,,RUTTER PARKWAY,1.889,,
2021,202,635664,3,06-18-2021,13:32,18,6,June,,53,Pierce,0,1,,1,1,2,1,0,3,3,,,,12,0,1,Front-to-Rear,8.2,1,0,1,No intersection,2,2,1,3,0,0,0,0,SR-167,,-122.2579111,47.20224444,98390,0,3,98,Others,53,3,60,66,1,0,1,2,12,1,1,2,2,5,Others,1,3,18,,0,49,402,2018,0,,12,,,,,,1,1,39,1,0,,1,0,3,0,11,5,,,,,0,0,0,3,1,0,,,,96,,,,,,0,,,,,,98801,53,73,280,6,1,0,0,0,0,,0,,,,,,0,,,8,0,0,0,8,9,8,,,0,,,8,8,0,0,,,0,,,0,0,996,,,,,,,,,,,,,,,,,,,,,,,,,,,,,,0,0,0,0,0,0,0,0,0,0,0,0,0,0,0,0,1,0,0,1,0,0,0,0,0,1,1,0,0,1,0,0,0,0,0,,0,0,0,0,0,0,0,0,0,0,0,0,0,0,0,0,,,,,,36-40,36-45,State route,U,Tuesday,Belt Used,PV,Not Fatal,0,1,1,0,State Route,State Patrol,Washington State Patrol,0,1,0,0,0,,,,,,0,0,0,,,,,,,,,,,98,98,98,0,,,,,20,7,,,,,,,,1,0,,,,,,
2021,202,635663,3,06-18-2021,13:32,18,6,June,,53,Pierce,0,1,,1,1,2,1,0,3,3,,,,12,0,1,Front-to-Rear,8.2,1,0,1,No intersection,2,2,1,3,0,0,0,0,SR-167,,-122.2579111,47.20224444,98390,0,2,21,Others,53,3,60,14,0,0,1,2,12,1,1,2,2,5,Others,1,1,53,,0,21,401,1997,0,,68,12,,,,,1,1,72,2,7,,4,0,20,7,11,5,08/18/2020,17:01,2.11E+11,38459,0,0,3,3,1,28,,,,92,,,,,,0,,,,,,98823,53,61,184,6,1,0,0,0,0,,0,,,,,,0,,,8,0,0,0,0,9,8,,,0,,,8,8,8,95,,,96,,,8,95,995,,,,,,,,,,,,,,,,,,,,,,,,,,,,,,0,0,0,0,0,0,0,0,0,0,0,0,0,0,0,0,1,0,0,1,0,0,0,0,0,1,1,0,0,1,0,0,0,1,0,,1,0,0,0,0,0,0,0,1,0,0,0,0,0,0,0,,,,,,71-75,66-75,State route,U,Tuesday,Not Used,PV,White,0,1,1,0,State Route,State Patrol,Washington State Patrol,0,1,0,0,0,,,,,,0,0,0,,,,,,,,,,,0,0,0,1,,,,,20,7,,,,,,,,1,0,,,,,,
2021,202,635662,3,06-18-2021,13:32,18,6,June,,53,Pierce,0,1,,1,1,2,1,0,3,3,,,,12,0,1,Front-to-Rear,8.2,1,0,1,No intersection,2,2,1,3,0,0,0,0,SR-167,,-122.2579111,47.20224444,98390,0,1,20,Others,50,3,60,67,0,0,1,2,12,1,1,2,2,1,Going Straight,1,1,53,,0,85,881,2007,0,,12,,,,,,1,1,29,1,0,,0,0,3,0,11,0,,,,,6,1,0,3,1,0,,,,96,,,,,,0,,,,,,99301,53,72,200,6,1,0,1,0,1,,0,,,,,,0,06-15-2018,06-15-2018,20,0,0,0,8,9,8,,,0,,,8,8,8,95,,,96,,,8,95,995,,,,,,,,,,,,,,,,,,,,,,,,,,,,,,0,0,0,0,0,0,0,0,0,0,0,0,0,0,0,0,0,0,0,0,0,0,0,0,0,0,0,0,0,1,1,0,0,0,0,,0,0,0,0,0,0,0,0,0,0,0,0,0,0,0,0,,,,,,26-30,26-35,State route,R,Wednesday,,MHTRUCK,Not Fatal,0,0,0,1,State Route,State Patrol,Washington State Patrol,0,1,0,0,0,,,,,,0,0,0,,,,,,,,,,,98,98,98,0,,,,,20,7,,,,,,,,1,0,,,,,,
2020,202,634849,35,06-26-2020,22:00,26,6,June,,53,Pierce,0,1,,5,1,5,1,0,2,1,23:16,23:18,,1,0,0,No vehicle,9999.9,1,0,1,No intersection,7,1,64,8,0,0,0,0,CR-FAIRFAX FOREST RESERVE RD E,,-122.0263222,47.01338611,98323,0,1,6,Drive off road,9,1,25,34,0,0,1,5,1,3,2,9,1,14,Making a U turn,2,1,53,,0,35,471,1993,0,,68,12,,,,,1,1,51,1,1,,4,0,3,0,11,5,08-04-2020,06:10,2.11E+11,39507,0,0,0,3,1,28,58,,,96,,,,,,98,,,,,,99344,53,66,130,6,1,0,0,0,0,,0,,,,,,0,,,20,0,0,0,0,9,8,,,0,,,8,8,8,95,,,96,,,2,95,997,,,,,,,,,,,,,,,,,,,,,,,,,,,,,,0,0,0,0,0,0,0,0,0,0,0,0,0,0,0,0,0,0,0,0,0,0,0,0,0,0,0,0,0,1,1,0,0,0,0,,1,0,0,0,0,0,0,0,0,0,0,0,0,0,0,0,,,,,,51-55,46-55,State route,R,Wednesday,Belt Used,PV,Hispanic,0,0,0,1,State Route,State Patrol,Washington State Patrol,0,1,0,0,0,,,,,,0,0,0,,,,,,,,,,,0,0,0,98,,,,,20,7,,,,,,,,1,0,,,,,,
2019,202,634153,2,06-29-2019,14:30,29,6,June,,29,Island,0,1,0,1,1,2,1,0,6,2,,,,12,0,6,Angle,36,2,0,2,4 Way,3,2,1,3,0,0,0,0,SR-20,FROSTAD,-122.6126167,48.34795278,,0,2,86,Others,66,4,55,14,0,0,1,7,12,2,2,3,1,14,Making a U turn,3,2,53,,0,20,9,2012,0,,63,38,42,38,39,14,1,1,23,2,7,,4,7,99,7,11,0,08/18/2020,22:30,1.83E+11,39824,0,0,3,2,1,8,,,,96,,,,,,98,,,,,,98056,53,62,130,1,1,2,1,0,2,,0,,,,,,3,01-15-2018,09-15-2020,99,0,0,0,0,9,8,,,0,,,8,8,2,1,,,1,,,2,1,0.24,,,,,,,,,,,,,,,,,,,,,,,,,,,,,,0,0,1,0,1,1,0,1,0,0,0,0,1,1,0,0,0,0,0,0,0,0,0,1,1,0,0,0,0,1,1,0,0,0,0,,1,0,0,0,0,1,0,1,0,1,0,1,0,1,0,1,,,,,,21-25,16-25,City street,U,Tuesday,Unknown,PV,Multiracial,0,1,0,0,City Street,Municipal/City Police,Renton Police Department,1,0,0,1,0,,,,,,0,2,4,,,,,,,,,,,98,98,98,202,298,,,,20,7,,,,,,,,1,0,,,,,,
2019,202,634152,2,06-29-2019,14:30,29,6,June,,29,Island,0,1,0,1,1,2,1,0,6,2,,,,12,0,6,Angle,36,2,0,2,4 Way,3,2,1,3,0,0,20,3,SR-20,FROSTAD,-122.6126167,48.34795278,,0,1,87,Others,17,2,45,14,0,0,1,7,12,4,2,2,1,14,Making a U turn,3,2,53,,0,12,402,2010,0,,12,,,,,,1,1,49,2,0,,0,0,3,0,11,0,,,,,0,0,0,0,1,0,,,,96,,,,,,0,,,,,,98564,53,62,140,0,0,0,0,0,0,,97,,,,,,0,,,1,0,0,0,8,9,8,,,0,,,8,8,2,1,,,1,,,2,1,0,,,,,,,,,,,,,,,,,,,,,,,,,,,,,,0,0,0,0,0,0,0,0,0,0,0,0,0,1,0,0,0,0,0,0,0,0,0,0,0,0,0,0,1,1,0,0,0,0,0,,0,0,0,0,0,0,0,0,0,0,0,1,0,0,0,0,,,,,,46-50,46-55,State route,R,Sunday,Belt Used,PV,Not Fatal,0,1,1,0,State Route,State Patrol,Washington State Patrol,0,1,0,0,0,,,,,,0,0,0,,,,,,,,,,,98,98,98,0,,,,,20,7,,,,,,,,1,0,,,,,,
2018,202,633350,162,06-17-2018,20:41,17,6,June,0,33,King,1264,1,0,1,1,1,1,0,3,3,,,,12,0,6,Angle,12.5,2,0,3,T Intersection,3,2,1,3,0,0,0,0,SR-169,SE 251ST ST,-122.0262306,47.376625,98038,0,3,98,Others,67,4,45,80,0,0,1,7,12,8,8,4,5,1,Going Straight,1,1,53,,0,37,705,2007,0,,68,12,,,,,1,1,33,1,7,,4,7,20,7,11,0,08-09-2020,14:07,53037076,37076,0,0,0,3,1,28,,,,96,,,,,,98,,,,,,98503,53,69,160,6,1,0,0,1,0,,0,,,,,,0,10-15-2017,10-15-2017,20,8,0,0,0,9,8,,,0,,,8,8,2,1,,,1,,,2,1,0,,,,,,,,,,,,,,,,,,,,,,,,,,,,,,0,0,0,0,0,0,0,0,0,0,0,0,0,1,0,0,0,0,0,0,0,0,0,0,0,0,0,0,1,1,0,0,0,0,1,0,0,0,0,0,0,0,0,0,0,0,0,0,0,0,0,0,,,,,,31-35,26-35,State route,R,Sunday,,MC,White,0,1,1,0,State Route,State Patrol,Washington State Patrol,0,1,0,0,0,,,,,,0,0,0,,,,,,,,,,,0,0,0,1,,,,,5,0,,,,,,,,1,0,,,,,,