year,something,Cases,repjur,crash_dt,crash_tm,accday,Month,Month,holiday,county,co_char,city,weather,weather2,lightcond,surfcond,surftype,Number of Fatalities,nmforms,pforms,vforms,not_tm,arr_tm,hosp_tm,fhevent,hitrun,Manner of Collision,Manner of Collision,milepnt,reljunc,reljuncinter,intersectiontype,Intersection Type,funcsystem,landuse,ownership,route,schlbus,spejur,contdev,devfunc,trafid1,trafid2,x,y,zipcode,wk_zone,vnumber,crashtype,Crash Type,criticalevent,criticaleventcat,spdlim,body,trailer,emerg,hazcargo,leave,mhevent,roadalgn,roadprof,traflane,trafflow,Vehicle Manure,Vehicle Manure,numoccs,regowner,regstate,,spuse,make,model,modelyr,vrf1,vrf2,seqevent1,seqevent2,seqevent3,seqevent4,seqevent5,seqevent6,pnumber,ptype,age,sex,hispanic,race,injury,diedscene,restraint,restraintmisuse,seatpos,takehosp,death_dt,death_tm,cert,cernum_wa,commlic,licendor,licrestrict,liccomp,drivpres,drf1,drf2,drf3,drf4,distract1,distract2,distract3,distract4,distract5,distract6,dricond1,dricond2,dricond3,dricond4,dricond5,dricond6,dzip,licstate,drhgt_in,weight,noncdl,noncdltype,prevdwi,prevoth,prevacc,prevspd,prevsus,driviol1,driviol2,driviol3,driviol4,driviol5,driviol6,spdrel,first_dt,last_dt,airbag,ejection,ejectpath,extricat,injurwrk,methalc,methdrug,nmlocat,strikveh,prf1,prf2,prf3,druginv,alcinvol,drugsts,drugres1,drugres2,drugres3,drugtst1,drugtst2,drugtst3,alcsts,alctst,alcres,nmact1,nmact2,nmact3,nmact4,nmact5,nmact6,nmprior1,nmprior2,nmprior3,nmprior4,nmprior5,nmprior6,nmcond1,nmcond2,nmcond3,nmcond4,nmcond5,nmcond6,nmsafe_helmet,nmsafe_pads,nmsafe_oth,nmprev_ref,nmprev_lgt,nmprev_oth,crashlocation,nmcrashtype,crosswalk,schoolzone,sidewalk,train_inv,wildlife_inv,rotr_fars,intersect_fars,Drink and Drive,aid_inv,Drug Positive Drivers,Impaired Drivers,Marijuana Positive,impnm_inv,ainm_inv,dpnm_inv,speed_inv,unlic_inv,unendmc_inv,drowsy_inv,drdist_inv,nmdist_inv,fty_inv,unrestfat_inv,dr1617_inv,dr1820_inv,dr1620_inv,dr2125_inv,dr1625_inv,dr65_inv,dr70_inv,dr75_inv,mc_inv,pv_inv,ht_inv,ped_inv,bike_inv,unrest_fat,mc_fat,unhelmet_mc,pv_fat,ht_fat,ped_fat,bike_fat,dr_alc7,dr_alc8,dr_drug,dr_imp,dr_dist,dr_spd,dr_fty,dr_unlic,dr_alc7only,dr_alc8only,dr_drugonly,dr_drink,nm_imp,nm_alc7,nm_alc8,nm_drug,nm_dist,agegrp1,agegrp2,roadclass,urbrur,dayweek,restuse,vehtype,race_me,intersect,lanedep,oppdir,wrongway,rep_typ,investag,repag_long,rotr,st_rd,cty_rd,city_rd,oth_rd,drug_thc,thc_res,drug_cthc,cthc_res,drug_cann,prevpersemin,prevperse,prevsusoth,drugtst4,drugtst5,drugtst6,drugtst7,drugtst8,drugres4,drugres5,drugres6,drugres7,drugres8,adspresent,adsengaged,adslevel,race1,race2,race3,race4,race5,helmet,helmetmisuse,nmdistract1,nmdistract2,nmdistract3,nmdistract4,nmdistract5,nmdistract6,lab,isedtcase,crf1,crf2,crf3,CoRoadName,CoMP,IntCoRoadName,IntCoMP
2018,202,633349,162,06-17-2018,20:41,17,6,June,0,33,King,1264,1,0,1,1,1,1,0,3,3,,,,12,0,6,Angle,12.5,2,0,3,T Intersection,3,2,1,3,0,0,0,0,SR-169,SE 251ST ST,-122.0262306,47.376625,98038,0,2,83,Others,67,4,45,80,0,0,1,7,12,8,8,4,5,1,Going Straight,1,1,53,,0,82,881,2007,0,,12,,,,,,1,1,55,1,0,,0,0,3,0,11,0,,,,,0,0,3,3,1,0,,,,96,,,,,,0,,,,,,98837,53,75,300,6,1,0,0,0,0,,0,,,,,,0,,,20,0,0,0,8,9,8,,,0,,,8,8,8,95,,,96,,,8,95,995,,,,,,,,,,,,,,,,,,,,,,,,,,,,,,0,0,0,0,0,0,0,0,0,0,0,0,1,0,0,0,0,0,0,0,0,0,0,0,0,0,0,0,1,0,1,0,0,0,0,,0,0,0,0,0,0,0,0,0,0,0,0,0,0,0,0,,,,,,51-55,46-55,County road,R,Monday,,MHTRUCK,Not Fatal,0,0,0,0,County Road,County Sheriff,Grant County Sheriff's Office,0,0,1,0,0,,,,,,0,0,0,,,,,,,,,,,98,98,98,0,,,,,20,7,,,,,,,,1,0,,,U SE,11.26,,
2018,202,633348,162,06-17-2018,20:41,17,6,June,0,33,King,1264,1,0,1,1,1,1,0,3,3,,,,12,0,6,Angle,12.5,2,0,3,T Intersection,3,2,1,3,0,0,20,3,SR-169,SE 251ST ST,-122.0262306,47.376625,98038,0,1,82,Turn Into Opp Direction(Turning Left),15,2,25,4,0,0,1,7,12,1,2,2,1,11,Turning Red: Permitted on red,1,1,53,,0,87,881,2003,0,,12,,,,,,1,1,38,1,0,,0,0,3,0,11,0,,,,,8,2,0,2,1,0,,,,96,,,,,,0,,,,,,98837,53,62,149,6,1,0,7,2,1,,0,,,,,,0,12-15-2016,12-15-2019,20,0,0,0,8,9,8,,,0,,,8,8,8,95,,,96,,,8,95,995,,,,,,,,,,,,,,,,,,,,,,,,,,,,,,0,0,0,0,0,0,0,0,0,0,0,0,1,0,0,0,0,0,0,0,0,0,0,0,0,0,0,0,1,0,1,0,0,0,0,,0,0,0,0,0,0,0,0,0,0,0,0,0,0,0,0,,,,,,36-40,36-45,County road,R,Monday,,MHTRUCK,Not Fatal,0,0,0,0,County Road,County Sheriff,Grant County Sheriff's Office,0,0,1,0,0,,,,,,0,0,2,,,,,,,,,,,98,98,98,0,,,,,20,7,,,,,,,,1,0,,,U SE,11.26,,
2017,202,632601,1,06-17-2017,07:15,17,6,June,0,21,Franklin,0,1,0,1,1,2,1,0,3,3,,,,12,0,8,Other,1.7,1,0,1,No intersection,3,1,1,3,0,0,0,0,SR-17,,-119.0018306,46.58564722,,0,3,98,Others,62,4,60,15,0,0,1,2,12,3,2,2,1,14,Making a U turn,1,1,53,,0,72,706,1999,0,,1,12,68,12,,,1,1,55,1,7,,4,7,20,7,11,0,08-03-2020,11:17,53035529,35529,0,0,0,3,1,0,,,,96,,,,,,98,,,,,,99337,53,71,161,6,1,0,0,0,0,,0,,,,,,4,,,20,8,0,0,0,9,8,,,0,,,8,8,0,0,,,0,,,0,0,996,,,,,,,,,,,,,,,,,,,,,,,,,,,,,,0,0,0,0,0,0,0,0,0,0,0,0,1,0,0,0,0,0,0,0,0,0,0,0,0,0,0,0,1,0,1,0,0,0,1,0,0,0,0,0,0,0,0,0,0,1,0,0,0,0,0,0,,,,,,51-55,46-55,County road,R,Monday,,MC,Multiracial,0,0,0,0,County Road,County Sheriff,Grant County Sheriff's Office,0,0,1,0,0,,,,,,0,0,0,,,,,,,,,,,0,0,0,203,201,,,,5,0,,,,,,,,1,0,,,U SE,11.26,,
2017,202,632600,1,06-17-2017,07:15,17,6,June,0,21,Franklin,0,1,0,1,1,2,1,0,3,3,,,,12,0,8,Other,1.7,1,0,1,No intersection,3,1,1,3,0,0,0,0,SR-17,,-119.0018306,46.58564722,,0,2,65,Others,62,4,60,4,0,0,1,2,12,3,2,2,1,14,Making a U turn,1,1,53,,0,52,401,2003,0,,63,69,1,,,,1,1,21,1,1,,4,0,20,7,11,5,08/15/2020,22:45,1.96E+11,38281,0,0,0,3,1,58,,,,92,,,,,,98,,,,,,98584,53,69,150,6,1,0,0,0,1,,0,,,,,,0,05-15-2020,05-15-2020,20,1,9,0,0,9,8,,,0,,,8,8,2,996,417,,1,1,,2,1,0.2,,,,,,,,,,,,,,,,,,,,,,,,,,,,,,0,0,0,0,1,1,1,1,0,0,0,0,0,0,0,0,1,0,0,1,0,0,0,1,1,0,0,0,0,1,0,0,0,1,0,,1,0,0,0,0,1,1,1,1,0,0,0,0,0,0,1,,,,,,21-25,16-25,Interstate,R,Saturday,Not Used,PV,Hispanic,0,0,0,0,State Route,State Patrol,Washington State Patrol,0,1,0,0,0,,,,,,0,0,0,,,,,,,,,,,98,98,98,98,,,,,20,7,,,,,,,,1,0,,,,,,
2017,202,632599,1,06-17-2017,07:15,17,6,June,0,21,Franklin,0,1,0,1,1,2,1,0,3,3,,,,12,0,8,Other,1.7,1,0,1,No intersection,3,1,1,3,0,0,0,0,SR-17,,-119.0018306,46.58564722,,0,1,64,Others,10,2,60,4,0,0,1,2,12,2,2,2,1,14,Making a U turn,1,1,53,,0,12,4,2003,0,,9,,,,,,1,1,62,2,0,,0,0,3,0,11,0,,,,,0,0,0,3,1,0,,,,96,,,,,,98,,,,,,98335,53,65,145,6,1,0,0,0,0,,0,,,,,,0,,,20,0,0,0,8,9,8,,,0,,,8,8,8,95,,,96,,,8,95,995,,,,,,,,,,,,,,,,,,,,,,,,,,,,,,0,0,0,0,0,0,0,0,0,0,0,0,0,0,0,0,0,0,0,0,0,0,0,0,0,0,0,0,0,1,0,0,1,0,0,,0,0,0,0,0,0,0,0,0,0,0,0,0,0,0,0,,,,,,61-65,56-65,City street,U,Wednesday,Belt Used,PV,Not Fatal,0,0,0,0,City Street,Municipal/City Police,Tacoma Police Department,0,0,0,1,0,,,,,,0,0,0,,,,,,,,,,,98,98,98,0,,,,,20,7,,,,,,,,1,0,,,,,,
2019,203,3811559,263,05-14-2019,16:49,14,5,May,,33,King,1960,1,0,1,1,2,1,2,2,1,,,,8,0,0,No vehicle,27.9,1,0,1,No intersection,3,2,1,3,0,0,0,0,SR-99,,-122.3471167,47.64283611,98109,0,1,2,Control/Traction Loss,3,1,35,5,0,0,1,7,8,1,1,2,1,1,Going Straight,2,1,53,,0,63,38,2016,0,,12,,,,,,1,1,72,2,7,,4,7,3,0,11,0,07/30/2020,11:00,53036159,36159,0,0,0,3,1,0,,,,96,,,,,,0,,,,,,98370,53,64,142,6,1,0,0,0,0,,0,,,,,,0,,,8,0,0,0,0,9,8,,,0,,,8,8,2,996,996,,1,1,,2,1,0,,,,,,,,,,,,,,,,,,,,,,,,,,,,,,0,0,0,1,0,0,1,1,0,0,0,0,0,0,0,0,1,0,1,0,0,0,0,0,0,1,1,0,0,1,0,0,0,0,0,,1,0,0,0,0,0,1,1,0,0,0,0,0,0,1,0,,,,,,71-75,66-75,State route,U,Thursday,Belt Used,PV,White,1,0,0,0,State Route,State Patrol,Washington State Patrol,0,1,0,0,0,,,,,,0,0,0,,,,,,,,,,,98,98,98,1,,,,,20,7,,,,,,,,1,0,,,,,,
2020,203,634850,242,06-26-2020,03:30,26,6,June,,53,Pierce,1770,1,,2,1,2,2,0,4,1,03:31,03:40,04:16,1,0,0,No vehicle,0,3,0,2,4 Way,4,2,4,6,0,0,20,3,31ST AVE SW,Fruitland Ave E,-122.3281306,47.16211389,98373,0,1,1,Driver Off Road,6,1,35,4,0,0,1,5,1,1,2,2,1,1,Going Straight,4,2,53,,0,7,482,2009,0,,12,,,,,,1,1,30,1,0,,0,0,3,0,11,0,,,,,0,0,0,3,1,38,,,,10,,,,,,98,,,,,,98446,53,73,220,6,1,0,0,1,0,,2,76,,,,,0,06-15-2017,06-15-2017,20,0,0,0,8,3,8,,,0,,,8,8,0,0,,,0,,,0,0,996,,,,,,,,,,,,,,,,,,,,,,,,,,,,,,0,0,0,1,0,0,1,1,0,0,0,0,0,0,0,0,1,0,1,0,0,0,0,0,0,1,1,0,0,1,0,0,0,0,0,,0,0,0,0,0,0,0,0,1,0,1,0,0,0,0,0,,,,,,26-30,26-35,State route,U,Thursday,Belt Used,PV,Not Fatal,1,0,0,0,State Route,State Patrol,Washington State Patrol,0,1,0,0,0,,,,,,0,0,0,,,,,,,,,,,98,98,98,0,,,,,20,7,,,,,,,,1,0,,,,,,
2018,203,633351,337,06-24-2018,01:32,24,6,June,0,73,Whatcom,110,1,0,3,1,2,1,0,1,1,,,,1,0,0,No vehicle,0,1,0,1,No intersection,4,2,4,6,0,0,0,0,WOBURN ST,,-122.4450056,48.74815278,98229,0,1,1,Driver Off Road,13,2,35,2,0,0,1,7,1,3,2,2,1,14,Making a U turn,1,1,53,,0,37,31,1994,0,,12,,,,,,1,1,47,2,0,,1,0,99,7,11,5,,,,,0,0,0,3,1,0,,,,96,,,,,,0,,,,,,98951,53,68,195,6,1,0,0,0,0,,0,,,,,,0,,,1,0,0,0,8,9,8,,,0,,,8,8,8,95,,,96,,,8,95,995,,,,,,,,,,,,,,,,,,,,,,,,,,,,,,0,0,0,0,1,1,0,1,0,0,0,0,0,1,0,0,1,0,0,0,0,1,1,0,1,0,0,0,0,1,0,0,0,0,0,,0,0,0,0,0,0,0,0,0,0,0,0,0,0,0,0,,,,,,46-50,46-55,County road,R,Saturday,Unknown,PV,Not Fatal,0,1,1,0,County Road,County Sheriff,Yakima County Sheriff's Office,0,0,1,0,0,,,,,,0,0,0,,,,,,,,,,,0,0,0,0,,,,,20,7,,,,,,,,1,0,,,PROGRESSIVE RD.,12.71,,
2017,203,632819,35,05-28-2017,16:10,28,5,May,4,53,Pierce,0,1,0,1,1,2,1,0,1,1,,,,38,0,0,No vehicle,8,1,0,1,No intersection,3,2,2,4,0,0,0,0,CR-112TH ST S,,-122.4573583,47.15562778,98444,0,1,6,Drive off road,12,2,35,62,0,0,1,2,42,1,1,5,5,1,Going Straight,1,3,53,,0,35,47,1999,0,,68,12,,,,,1,1,19,1,1,,4,0,3,0,11,1,08/15/2020,22:32,53039194,39194,0,0,0,0,1,0,,,,92,,,,,,98,,,,,,98902,53,,999,0,0,99,99,99,99,,0,,,,,,0,,,20,0,0,1,0,9,8,,,0,,,8,8,2,1,,,1,,,2,1,0.183,,,,,,,,,,,,,,,,,,,,,,,,,,,,,,0,0,0,0,1,1,0,1,0,0,0,0,0,1,0,0,1,0,0,0,0,1,1,0,1,0,0,0,0,1,0,0,0,0,0,,1,0,0,0,0,1,0,1,1,0,0,1,0,1,0,1,,,,,,18-20,16-25,County road,R,Saturday,Belt Used,PV,Hispanic,0,1,1,0,County Road,County Sheriff,Yakima County Sheriff's Office,0,0,1,0,0,,,,,,99,99,99,,,,,,,,,,,0,0,0,98,,,,,20,7,,,,,,,,1,0,,,PROGRESSIVE RD.,12.71,,
2021,204,635671,1,07-01-2021,05:00,1,7,July,,5,Benton,0,10,,9,1,2,2,0,2,1,,,,24,0,0,No vehicle,121.2,1,0,1,No intersection,1,1,1,1,0,0,0,0,I-82,,-119.2245417,46.04681111,,0,1,1,Driver Off Road,12,2,70,14,0,0,1,2,24,1,1,2,2,1,Going Straight,2,1,41,,0,35,402,2008,0,,8,8,,,,,1,1,32,1,0,,0,0,99,7,11,0,,,,,0,0,0,3,1,0,,,,96,,,,,,9,,,,,,99224,53,74,170,6,1,0,0,0,0,,97,,,,,,0,,,20,0,0,0,8,1,8,,,0,,,8,1,2,1,,,1,,,2,1,0.17,,,,,,,,,,,,,,,,,,,,,,,,,,,,,,0,0,0,0,1,1,0,1,0,1,0,1,0,0,0,0,0,0,0,0,0,0,0,0,0,0,0,0,0,1,0,1,0,0,0,,0,0,0,0,0,1,0,1,0,0,0,0,0,1,0,1,,,,,,31-35,26-35,City street,U,Saturday,Unknown,PV,Not Fatal,0,0,0,0,City Street,Municipal/City Police,Spokane Police Department,0,0,0,1,0,,,,,,0,0,0,,,,,,,,,,,98,98,98,0,,,,,20,7,,,,,,,,1,0,,,,,,
2020,204,634851,35,06-18-2020,02:45,18,6,June,,53,Pierce,0,1,,2,1,2,2,0,2,1,,,,1,0,0,No vehicle,7.1,1,0,1,No intersection,4,2,2,4,0,0,0,0,CR-72ND ST E,,-122.3492917,47.19172778,98371,0,1,1,Driver Off Road,13,2,35,2,0,0,1,5,1,3,2,4,1,14,Making a U turn,2,2,53,,0,58,38,2006,0,,63,59,38,67,1,,1,1,29,1,7,,4,0,20,7,11,5,08-08-2020,23:18,2.37E+11,37778,0,0,0,2,1,0,,,,96,,,,,,9,,,,,,97055,41,68,160,1,1,0,1,0,5,,0,,,,,,3,04-15-2016,10-15-2020,1,0,0,0,0,9,8,,,0,,,8,1,2,348,695,605,1,1,1,2,1,0.188,,,,,,,,,,,,,,,,,,,,,,,,,,,,,,0,0,1,0,1,1,1,1,1,0,0,0,1,1,0,0,0,0,0,1,0,0,0,0,0,0,0,0,0,1,0,0,0,1,0,,1,0,0,0,0,1,1,1,0,1,0,1,0,0,0,1,,,,,,26-30,26-35,State route,U,Saturday,Not Used,PV,Multiracial,0,1,0,0,State Route,Municipal/City Police,Vancouver Police Department,1,1,0,0,0,thc,3.9,carboxy-thc,32,,0,0,5,,,,,,,,,,,98,98,98,202,201,,,,20,7,,,,,,,nms,1,0,,,,,,
2019,204,634051,65,05-05-2019,19:25,5,5,May,,53,Pierce,160,1,0,1,1,2,1,0,4,2,,,,12,0,2,Front-to-Front,5.8,3,0,2,4 Way,3,2,1,3,0,0,3,3,SR-410,S PRAIRIE RD,-122.16405,47.16939722,98321,0,2,51,Lateral Move(Going Straight),62,4,40,14,0,0,1,7,12,1,2,4,2,2,Others,3,1,53,,0,32,43,2017,0,,12,,,,,,1,1,18,1,0,,1,0,3,0,11,5,,,,,0,0,0,3,1,0,,,,96,,,,,,0,,,,,,95747,6,72,260,6,1,0,0,0,0,,0,,,,,,0,,,8,0,0,0,8,9,8,,,0,,,8,8,0,0,,,0,,,0,0,996,,,,,,,,,,,,,,,,,,,,,,,,,,,,,,0,0,0,0,1,1,0,1,0,0,0,0,0,0,0,0,1,0,0,0,0,1,1,0,1,0,0,0,0,1,0,0,0,0,0,,0,0,0,0,0,0,0,0,0,0,0,0,0,0,0,0,,,,,,18-20,16-25,City street,U,Sunday,Belt Used,PV,Not Fatal,0,1,1,0,City Street,Municipal/City Police,Camas Police Department,0,0,0,1,0,,,,,,0,0,0,,,,,,,,,,,98,98,98,0,,,,,20,7,,,,,,,,1,0,,,,,,
2019,204,634050,65,05-05-2019,19:25,5,5,May,,53,Pierce,160,1,0,1,1,2,1,0,4,2,,,,12,0,2,Front-to-Front,5.8,3,0,2,4 Way,3,2,1,3,0,0,3,3,SR-410,S PRAIRIE RD,-122.16405,47.16939722,98321,0,1,50,Lateral Move(Left/Right),10,2,40,4,0,0,1,7,12,1,2,4,1,1,Going Straight,1,1,53,,0,41,50,2006,0,,68,12,,,,,1,1,43,1,7,,4,7,99,7,11,0,08-09-2020,16:40,24053037488,37488,0,0,0,3,1,28,,,,92,,,,,,98,,,,,,98682,53,72,250,6,1,0,0,0,0,,0,,,,,,0,,,8,0,0,0,0,9,8,,,0,,,8,8,2,1,,,1,,,2,1,0.267,,,,,,,,,,,,,,,,,,,,,,,,,,,,,,0,0,0,0,1,1,0,1,0,0,0,0,0,0,0,0,1,0,0,0,0,1,1,0,1,0,0,0,0,1,0,0,0,0,0,,1,0,0,0,0,1,0,1,1,0,0,0,0,1,0,1,,,,,,41-45,36-45,City street,U,Sunday,Unknown,PV,White,0,1,1,0,City Street,Municipal/City Police,Camas Police Department,0,0,0,1,0,,,,,,0,0,0,,,,,,,,,,,98,98,98,1,,,,,20,7,,,,,,,,1,0,,,,,,
2018,204,633359,1,06-27-2018,06:42,27,6,June,0,5,Benton,0,1,0,1,1,1,1,0,2,1,06:44,06:52,07:15,30,0,0,No vehicle,88.1,1,0,1,No intersection,1,1,1,1,0,0,0,0,I-82,,-119.6259778,46.24653056,,0,1,1,Driver Off Road,13,2,70,14,0,0,1,2,30,1,1,2,3,1,Going Straight,2,2,53,,0,42,421,2011,0,,68,64,35,52,1,,1,1,40,2,7,,4,7,20,7,11,0,08-05-2020,18:43,53036938,36938,0,0,0,3,1,0,,,,96,,,,,,98,,,,,,98038,53,66,150,6,1,0,0,0,0,,0,,,,,,4,,,8,1,9,0,0,9,8,,,0,,,8,8,2,996,334,,1,1,,2,1,0.286,,,,,,,,,,,,,,,,,,,,,,,,,,,,,,0,0,0,0,1,1,1,1,0,0,0,0,1,0,0,0,0,0,0,1,0,0,0,0,0,0,0,0,0,1,0,0,0,1,0,,1,0,0,0,0,1,1,1,0,1,0,0,0,0,0,1,,,,,,36-40,36-45,State route,R,Wednesday,Not Used,PV,White,0,1,0,0,State Route,State Patrol,Washington State Patrol,1,1,0,0,0,,,,,,0,0,0,,,,,,,,,,,98,98,98,1,,,,,20,7,,,,,,,,1,0,,,,,,
2017,204,632612,21,06-17-2017,16:17,17,6,June,0,25,Grant,0,1,0,1,1,7,1,0,1,1,,,,1,0,0,No vehicle,0,1,0,1,No intersection,7,1,2,4,0,0,0,0,CR-24 SW,,-119.9383194,46.73750278,99349,0,1,7,Control/Traction Loss,13,2,50,34,0,0,1,2,1,1,1,2,1,1,Going Straight,1,2,53,,0,12,422,1997,0,,12,,,,,,1,1,67,1,0,,2,0,3,0,11,8,,,,,0,0,0,3,1,0,,,,96,,,,,,0,,,,,,98363,53,78,270,6,1,0,0,0,0,,0,,,,,,0,,,20,0,0,0,8,9,8,,,0,,,8,8,8,95,,,96,,,8,95,995,,,,,,,,,,,,,,,,,,,,,,,,,,,,,,0,0,0,0,0,0,1,1,0,0,0,0,1,1,0,0,0,0,0,1,0,0,0,0,0,1,0,0,0,1,0,0,0,0,0,,0,0,0,0,0,0,0,0,0,0,0,0,0,0,0,0,,,,,,66-70,66-75,State route,R,Tuesday,Belt Used,PV,Not Fatal,0,1,1,0,State Route,State Patrol,Washington State Patrol,0,1,0,0,0,,,,,,0,0,0,,,,,,,,,,,0,0,0,0,,,,,20,7,,,,,,,,1,0,,,,,,
2021,205,3889576,344,04-29-2021,15:58,29,4,April,,77,Yakima,0,1,,1,1,2,1,0,4,2,,,,12,0,2,Front-to-Front,50.9,1,0,1,No intersection,3,1,1,2,0,3,97,8,US-97,,-120.4096056,46.25663889,,0,1,50,Lateral Move(Left/Right),10,2,65,6,0,0,1,2,12,1,2,3,1,1,Going Straight,1,1,53,,0,20,403,2003,0,,68,12,,,,,1,1,44,1,0,,2,0,20,7,11,5,,,,,0,0,0,2,1,28,,,,96,,,,,,9,,,,,,98357,53,78,225,1,1,0,0,0,0,,3,,,,,,4,08-15-2015,08-15-2015,20,0,0,0,8,9,8,,,0,,,1,8,2,124,996,401,1,1,1,2,1,0,,,,,,,,,,,,,,,,,,,,,,,,,,,,,,0,0,0,0,0,0,1,1,0,0,0,0,1,1,0,0,0,0,0,1,0,0,0,0,0,1,0,0,0,1,0,0,0,0,0,,0,0,0,0,0,0,1,1,0,1,0,1,0,0,1,0,,,,,,41-45,36-45,State route,R,Tuesday,Not Used,PV,Not Fatal,0,1,1,0,State Route,State Patrol,Washington State Patrol,0,1,0,0,0,,,,,,0,0,1,1,,,,,417,,,,,98,98,98,0,,,,,20,7,,,,,,,,1,0,,,,,,
2021,205,3889576,344,04-29-2021,15:58,29,4,April,,77,Yakima,0,1,,1,1,2,1,0,4,2,,,,12,0,2,Front-to-Front,50.9,1,0,1,No intersection,3,1,1,2,0,3,97,8,US-97,,-120.4096056,46.25663889,,0,2,51,Lateral Move(Going Straight),62,4,65,14,0,0,1,2,12,1,2,3,1,1,Going Straight,3,1,53,,0,49,40,2003,0,,63,42,2,,,,1,1,30,2,7,,4,7,99,7,11,0,08-10-2020,07:50,53003285,3285,0,0,0,3,1,0,,,,96,,,,,,9,,,,,,98022,53,63,169,6,1,0,0,1,0,,12,,,,,,0,04-15-2020,04-15-2020,99,0,0,0,0,9,1,,,0,,,1,8,2,996,,,1,,,8,95,995,,,,,,,,,,,,,,,,,,,,,,,,,,,,,,0,0,1,0,0,0,1,1,0,0,0,0,0,0,0,0,0,0,0,0,0,0,0,0,0,0,0,0,0,1,0,0,0,0,0,,1,0,0,0,0,0,1,1,0,0,0,0,0,0,0,0,,,,,,26-30,26-35,County road,R,Monday,Unknown,PV,White,0,1,0,0,County Road,County Sheriff,Law Enforcement Support Agency,1,0,1,0,0,,,,,,0,0,0,,,,,,,,,,,98,98,98,1,,,,,20,7,,,,,,,,1,0,,,SUMNER-BUCKLEY HWY E,7.84,,
2020,205,634853,180,06-25-2020,13:25,25,6,June,,15,Cowlitz,1190,1,,1,1,2,1,0,3,2,13:32,13:43,14:18,12,0,6,Angle,0,2,0,2,4 Way,3,2,4,6,0,0,20,3,WASHINGTON WAY,28th Ave,-122.9577083,46.13323333,98632,0,2,82,Turn Into Opp Direction(Turning Left),15,2,25,14,0,0,1,5,12,1,1,2,1,11,Turning Red: Permitted on red,2,1,53,,0,23,422,2004,0,,8,,,,,,1,1,42,1,0,,0,0,3,0,11,0,,,,,0,0,0,3,1,0,,,,96,,,,,,0,,,,,,98188,53,72,160,6,1,0,0,0,1,,0,,,,,,0,11-15-2018,11-15-2018,20,0,0,0,8,3,8,,,0,,,8,8,0,0,,,0,,,0,0,996,,,,,,,,,,,,,,,,,,,,,,,,,,,,,,0,0,0,0,0,0,0,0,0,1,0,1,0,0,0,0,0,0,0,0,0,0,0,0,0,0,0,0,0,1,0,1,0,0,0,,0,0,0,0,0,0,0,0,0,0,0,0,0,0,0,0,,,,,,41-45,36-45,State route,R,Sunday,Belt Used,PV,Not Fatal,0,0,0,0,State Route,State Patrol,Washington State Patrol,0,1,0,0,0,,,,,,0,0,0,,,,,,,,,,,98,98,98,0,,,,,20,7,,,,,,,,1,0,,,,,,
2020,205,634852,180,06-25-2020,13:25,25,6,June,,15,Cowlitz,1190,1,,1,1,2,1,0,3,2,13:32,13:43,14:18,12,0,6,Angle,0,2,0,2,4 Way,3,2,4,6,0,0,0,0,WASHINGTON WAY,28th Ave,-122.9577083,46.13323333,98632,0,1,83,Others,17,2,30,80,0,0,1,2,12,1,1,4,1,1,Going Straight,1,1,53,,0,20,441,1997,0,,64,1,,,,,1,1,63,2,7,,4,7,20,7,11,0,07/21/2020,20:30,53034107,34107,0,0,3,3,1,0,,,,96,,,,,,98,,,,,,98072,53,66,120,6,1,0,0,0,0,,0,,,,,,4,,,8,1,9,0,0,9,8,,,0,,,8,8,2,695,605,,1,1,,2,1,0.317,,,,,,,,,,,,,,,,,,,,,,,,,,,,,,0,0,0,0,1,1,1,1,1,0,0,0,1,0,0,0,0,0,0,1,0,0,0,0,0,0,0,0,0,1,0,0,0,1,0,,1,0,0,0,0,1,1,1,0,1,0,0,0,0,0,1,,,,,,61-65,56-65,County road,R,Tuesday,Not Used,PV,White,0,1,0,0,County Road,County Sheriff,Douglas County Sheriff's Office,1,0,1,0,0,thc,4.1,carboxy-thc,18,,0,0,0,,,,,,,,,,,0,0,0,1,,,,,20,7,,,,,,,nms,1,0,,,SMITH LAKE RD,1,,