year,something,Cases,repjur,crash_dt,crash_tm,accday,Month,Month,holiday,county,co_char,city,weather,weather2,lightcond,surfcond,surftype,Number of Fatalities,nmforms,pforms,vforms,not_tm,arr_tm,hosp_tm,fhevent,hitrun,Manner of Collision,Manner of Collision,milepnt,reljunc,reljuncinter,intersectiontype,Intersection Type,funcsystem,landuse,ownership,route,schlbus,spejur,contdev,devfunc,trafid1,trafid2,x,y,zipcode,wk_zone,vnumber,crashtype,Crash Type,criticalevent,criticaleventcat,spdlim,body,trailer,emerg,hazcargo,leave,mhevent,roadalgn,roadprof,traflane,trafflow,Vehicle Manure,Vehicle Manure,numoccs,regowner,regstate,,spuse,make,model,modelyr,vrf1,vrf2,seqevent1,seqevent2,seqevent3,seqevent4,seqevent5,seqevent6,pnumber,ptype,age,sex,hispanic,race,injury,diedscene,restraint,restraintmisuse,seatpos,takehosp,death_dt,death_tm,cert,cernum_wa,commlic,licendor,licrestrict,liccomp,drivpres,drf1,drf2,drf3,drf4,distract1,distract2,distract3,distract4,distract5,distract6,dricond1,dricond2,dricond3,dricond4,dricond5,dricond6,dzip,licstate,drhgt_in,weight,noncdl,noncdltype,prevdwi,prevoth,prevacc,prevspd,prevsus,driviol1,driviol2,driviol3,driviol4,driviol5,driviol6,spdrel,first_dt,last_dt,airbag,ejection,ejectpath,extricat,injurwrk,methalc,methdrug,nmlocat,strikveh,prf1,prf2,prf3,druginv,alcinvol,drugsts,drugres1,drugres2,drugres3,drugtst1,drugtst2,drugtst3,alcsts,alctst,alcres,nmact1,nmact2,nmact3,nmact4,nmact5,nmact6,nmprior1,nmprior2,nmprior3,nmprior4,nmprior5,nmprior6,nmcond1,nmcond2,nmcond3,nmcond4,nmcond5,nmcond6,nmsafe_helmet,nmsafe_pads,nmsafe_oth,nmprev_ref,nmprev_lgt,nmprev_oth,crashlocation,nmcrashtype,crosswalk,schoolzone,sidewalk,train_inv,wildlife_inv,rotr_fars,intersect_fars,Drink and Drive,aid_inv,Drug Positive Drivers,Impaired Drivers,Marijuana Positive,impnm_inv,ainm_inv,dpnm_inv,speed_inv,unlic_inv,unendmc_inv,drowsy_inv,drdist_inv,nmdist_inv,fty_inv,unrestfat_inv,dr1617_inv,dr1820_inv,dr1620_inv,dr2125_inv,dr1625_inv,dr65_inv,dr70_inv,dr75_inv,mc_inv,pv_inv,ht_inv,ped_inv,bike_inv,unrest_fat,mc_fat,unhelmet_mc,pv_fat,ht_fat,ped_fat,bike_fat,dr_alc7,dr_alc8,dr_drug,dr_imp,dr_dist,dr_spd,dr_fty,dr_unlic,dr_alc7only,dr_alc8only,dr_drugonly,dr_drink,nm_imp,nm_alc7,nm_alc8,nm_drug,nm_dist,agegrp1,agegrp2,roadclass,urbrur,dayweek,restuse,vehtype,race_me,intersect,lanedep,oppdir,wrongway,rep_typ,investag,repag_long,rotr,st_rd,cty_rd,city_rd,oth_rd,drug_thc,thc_res,drug_cthc,cthc_res,drug_cann,prevpersemin,prevperse,prevsusoth,drugtst4,drugtst5,drugtst6,drugtst7,drugtst8,drugres4,drugres5,drugres6,drugres7,drugres8,adspresent,adsengaged,adslevel,race1,race2,race3,race4,race5,helmet,helmetmisuse,nmdistract1,nmdistract2,nmdistract3,nmdistract4,nmdistract5,nmdistract6,lab,isedtcase,crf1,crf2,crf3,CoRoadName,CoMP,IntCoRoadName,IntCoMP
2019,205,634140,5,06-20-2019,17:04,20,6,June,,11,Clark,0,1,0,1,1,2,1,0,1,1,,,,42,0,0,No vehicle,14.5,1,0,1,No intersection,4,1,1,3,0,0,0,0,SR-503,,-122.5170528,45.87055556,98675,0,1,7,Control/Traction Loss,6,1,50,4,0,0,1,2,42,2,1,2,1,14,Making a U turn,1,1,53,,0,2,403,1997,0,,64,1,,,,,1,1,36,1,7,,4,7,20,7,11,0,07/30/2020,08:00,53035464,35464,0,0,0,3,1,0,,,,96,,,,,,98,,,,,,98926,53,71,145,6,1,0,0,1,0,,0,,,,,,0,05-15-2019,05-15-2019,20,1,9,0,0,9,8,,,0,,,8,8,8,95,,,96,,,8,95,995,,,,,,,,,,,,,,,,,,,,,,,,,,,,,,0,0,1,0,0,0,0,0,0,0,0,0,0,0,0,0,0,0,0,1,0,0,0,0,0,0,0,0,0,1,0,0,0,1,0,,1,0,0,0,0,0,0,0,0,0,0,0,0,0,0,0,,,,,,36-40,36-45,Other,R,Wednesday,Not Used,PV,White,0,1,0,0,Other,County Sheriff,Kittitas County Sheriff's Office,1,0,0,0,1,,,,,,0,0,0,,,,,,,,,,,0,0,0,1,,,,,20,7,,,,,,,,1,0,,,,,,
2018,205,633361,8,06-21-2018,17:00,21,6,June,0,9,Clallam,0,1,0,1,1,2,1,0,2,2,17:17,17:23,,12,0,2,Front-to-Front,251.7,1,0,1,No intersection,3,2,1,2,0,0,0,0,US-101,,-123.3548583,48.10292778,98362,0,2,51,Lateral Move(Going Straight),62,4,45,34,0,0,1,7,12,3,2,2,1,14,Making a U turn,1,2,53,,0,87,881,2019,0,,12,,,,,,1,1,70,1,0,,3,0,3,0,11,5,,,,,6,1,3,3,1,0,,,,96,,,,,,0,,,,,,98532,53,75,210,6,1,0,0,1,0,,0,,,,,,0,10-15-2018,10-15-2018,20,0,0,0,8,9,8,,,0,,,8,8,0,0,,,0,,,0,0,996,,,,,,,,,,,,,,,,,,,,,,,,,,,,,,0,0,0,1,0,0,0,0,0,0,0,0,0,0,0,0,0,0,0,0,0,0,0,0,0,1,1,0,0,0,1,0,0,0,0,,0,0,0,0,0,0,0,0,0,0,0,0,0,0,0,0,,,,,,66-70,66-75,US highway,R,Monday,,MHTRUCK,Not Fatal,1,0,0,0,State Route,State Patrol,Washington State Patrol,0,1,0,0,0,,,,,,0,0,0,,,,,,,,,,,98,98,98,0,,,,,20,7,,,,,,,,1,0,,,,,,
2018,205,633360,8,06-21-2018,17:00,21,6,June,0,9,Clallam,0,1,0,1,1,2,1,0,2,2,17:17,17:23,,12,0,2,Front-to-Front,251.7,1,0,1,No intersection,3,2,1,2,0,0,0,0,US-101,,-123.3548583,48.10292778,98362,0,1,50,Lateral Move(Left/Right),10,2,45,80,0,0,1,7,12,2,2,2,1,14,Making a U turn,1,2,53,,0,7,881,2018,0,,12,,,,,,1,1,64,1,7,,4,7,3,0,11,0,08-03-2020,01:45,53036917,36917,6,9,3,3,1,48,,,,96,,,,,,98,,,,,,98922,53,72,320,6,1,0,0,2,0,,0,,,,,,0,01-15-2018,01-15-2020,8,0,0,0,0,9,8,,,0,,,8,8,2,1,,,1,,,2,1,0,,,,,,,,,,,,,,,,,,,,,,,,,,,,,,0,0,0,1,0,0,0,0,0,0,0,0,0,0,0,0,0,0,0,0,0,0,0,0,0,1,1,0,0,0,1,0,0,0,0,,0,1,0,0,0,0,0,0,0,0,0,0,0,0,0,0,,,,,,61-65,56-65,US highway,R,Monday,,MHTRUCK,White,1,0,0,0,State Route,State Patrol,Washington State Patrol,0,1,0,0,0,,,,,,0,0,0,,,,,,,,,,,98,98,98,1,,,,,20,7,,,,,,,,1,0,,,,,,
2017,205,632616,4,06-18-2017,04:00,18,6,June,0,1,Adams,0,1,0,2,1,2,1,0,4,2,04:01,04:30,04:55,12,0,2,Front-to-Front,65.9,1,0,1,No intersection,5,1,1,3,0,0,0,0,SR-24,,-119.3504111,46.73781111,,0,2,51,Lateral Move(Going Straight),62,4,60,20,0,0,1,2,12,1,1,2,1,1,Going Straight,3,1,53,,0,7,442,2011,0,,12,,,,,,1,1,37,1,0,,1,0,3,0,11,0,,,,,0,0,0,3,1,0,,,,96,,,,,,0,,,,,,98282,53,74,190,6,1,0,0,0,0,,0,,,,,,0,,,1,0,0,0,8,3,8,,,0,,,8,8,2,1,,,1,,,2,1,0,,,,,,,,,,,,,,,,,,,,,,,,,,,,,,0,0,0,0,1,1,0,1,0,0,0,0,1,0,0,0,0,0,0,0,0,0,0,0,0,0,0,0,1,1,0,0,0,0,0,,0,0,0,0,0,0,0,0,0,0,0,0,0,0,0,0,,,,,,36-40,36-45,County road,R,Sunday,Belt Used,PV,Not Fatal,0,1,1,0,County Road,State Patrol,Washington State Patrol,0,0,1,0,0,,,,,,0,0,0,,,,,,,,,,,98,98,98,0,,,,,20,7,,,,,,,,1,0,,,,,,
2017,205,632615,4,06-18-2017,04:00,18,6,June,0,1,Adams,0,1,0,2,1,2,1,0,4,2,04:01,04:30,04:55,12,0,2,Front-to-Front,65.9,1,0,1,No intersection,5,1,1,3,0,0,0,0,SR-24,,-119.3504111,46.73781111,,0,1,50,Lateral Move(Left/Right),10,2,60,4,0,0,1,2,12,1,1,2,1,1,Going Straight,1,2,53,,0,72,706,2019,0,,68,12,,,,,1,1,45,1,7,,4,0,20,7,11,1,07/26/2020,20:35,53035281,35281,0,0,0,3,1,28,,,,96,,,,,,9,,,,,,98282,53,75,235,6,1,0,0,0,1,,0,,,,,,4,01-15-2020,01-15-2020,20,8,0,0,0,1,8,,,0,,,0,1,2,1,,,1,,,2,1,0.421,,,,,,,,,,,,,,,,,,,,,,,,,,,,,,0,0,0,0,1,1,0,1,0,0,0,0,1,0,0,0,0,0,0,0,0,0,0,0,0,0,0,0,1,1,0,0,0,0,1,0,0,0,0,0,0,1,0,1,0,1,0,0,0,1,0,1,,,,,,41-45,36-45,County road,R,Sunday,,MC,White,0,1,1,0,County Road,State Patrol,Washington State Patrol,0,0,1,0,0,,,,,,0,0,0,,,,,,,,,,,0,0,0,1,,,,,5,0,,,,,,,,1,0,,,,,,
2019,206,634156,3,06-08-2019,00:33,8,6,June,,53,Pierce,1124,1,0,3,1,1,1,1,5,3,,,,8,0,0,No vehicle,124.1,1,0,1,No intersection,1,2,1,1,0,0,0,0,I-5,,-122.5344694,47.13186389,94899,0,3,98,Others,80,5,60,66,2,0,1,5,8,1,1,4,3,1,Going Straight,2,3,6,,0,87,881,1996,0,,12,,,,,,1,1,27,1,0,,0,0,3,0,11,0,,,,,6,1,0,3,1,0,,,,96,,,,,,0,,,,,,99130,53,70,150,6,1,0,0,1,0,,0,,,,,,0,12-15-2015,12-15-2015,20,0,0,0,8,9,8,,,0,,,8,8,0,0,,,0,,,0,0,996,,,,,,,,,,,,,,,,,,,,,,,,,,,,,,0,0,0,1,0,0,0,0,0,0,0,0,0,0,0,0,0,0,1,0,0,0,0,0,0,1,1,1,0,1,1,0,0,0,0,,0,0,0,0,0,0,0,0,0,0,0,0,0,0,0,0,,,,,,26-30,26-35,State route,R,Friday,,MHTRUCK,Not Fatal,1,0,0,0,State Route,State Patrol,Washington State Patrol,0,1,0,0,0,,,,,,0,0,0,,,,,,,,,,,0,0,0,0,,,,,20,7,,,,,,,,1,0,,,,,,
2020,206,634854,1,06-25-2020,23:10,25,6,June,,39,Klickitat,0,1,,2,1,2,1,0,1,1,,,,24,0,0,No vehicle,75.4,1,0,1,No intersection,3,1,1,3,0,0,0,0,SR-14,,-121.2957444,45.69926667,97040,0,1,1,Driver Off Road,13,2,60,34,0,0,1,2,24,3,1,2,1,14,Making a U turn,1,1,41,,0,20,481,2009,0,,12,,,,,,1,1,84,8,7,,4,0,3,0,11,4,06/19/2020,13:22,1.39E+11,28279,0,0,3,3,1,38,,,,96,,,,,,98,,,,,,98837,53,71,173,6,1,0,0,0,0,,0,,,,,,0,,,8,0,0,0,0,9,8,,,0,,,8,8,0,0,,,0,,,0,0,996,,,,,,,,,,,,,,,,,,,,,,,,,,,,,,0,0,0,1,0,0,0,0,0,0,0,0,0,0,0,0,0,0,1,0,0,0,0,0,0,1,1,1,0,1,1,0,0,0,0,,1,0,0,0,0,0,0,0,0,0,1,0,0,0,0,0,,,,,,81+,76+,State route,R,Friday,Belt Used,PV,White,1,0,0,0,State Route,State Patrol,Washington State Patrol,0,1,0,0,0,,,,,,0,0,0,,,,,,,,,,,98,98,98,1,,,,,20,7,,,,,,,,1,0,,,,,,
2021,206,635672,7,06-29-2021,04:36,29,6,June,,33,King,1830,1,,4,1,1,1,1,1,1,,,,8,0,0,No vehicle,25.9,1,0,1,No intersection,2,2,1,3,0,0,0,0,SR-167,,-122.2167139,47.44389444,98055,0,1,13,Pedestrian/Animal,80,5,60,4,0,0,1,5,8,1,1,3,3,1,Going Straight,1,1,49,,0,49,472,2015,0,,12,,,,,,1,1,32,1,0,,2,0,3,0,11,5,,,,,0,0,0,3,1,0,,,,96,,,,,,0,,,,,,98030,53,70,190,6,1,0,0,0,0,,0,,,,,,0,,,8,0,0,0,8,9,8,,,0,,,8,8,8,95,,,96,,,8,95,995,,,,,,,,,,,,,,,,,,,,,,,,,,,,,,0,0,0,0,1,0,1,1,0,0,0,0,0,1,0,0,0,0,0,0,0,1,1,0,1,0,0,0,0,1,0,0,0,0,0,,0,0,0,0,0,0,0,0,0,0,0,0,0,0,0,0,,,,,,31-35,26-35,County road,U,Tuesday,Belt Used,PV,Not Fatal,0,1,1,0,County Road,County Sheriff,King County Police,0,0,1,0,0,,,,,,0,0,0,,,,,,,,,,,98,98,98,0,,,,,20,7,,,,,,,,1,0,,,AUBURN-BLACK DIAMOND RD,7.123,,
2018,206,3789538,12,06-07-2018,06:19,7,6,June,0,7,Chelan,0,1,0,4,1,5,1,0,1,1,06:47,07:18,07:34,1,0,0,No vehicle,18,1,0,1,No intersection,7,1,2,4,0,0,0,0,CR-COLOCKUM RD,,-120.1019222,47.32656111,98828,0,1,98,Others,6,1,98,83,0,0,1,5,1,1,1,8,8,1,Going Straight,1,2,53,,0,12,402,2008,0,,12,,,,,,1,1,20,1,0,,2,0,3,0,11,5,,,,,0,0,0,0,1,0,,,,96,,,,,,0,,,,,,98042,53,73,150,0,0,0,0,0,0,,0,,,,,,0,,,1,0,0,0,8,9,8,,,0,,,8,8,8,95,,,96,,,8,95,995,,,,,,,,,,,,,,,,,,,,,,,,,,,,,,0,0,0,0,1,0,1,1,0,0,0,0,0,1,0,0,0,0,0,0,0,1,1,0,1,0,0,0,0,1,0,0,0,0,0,,0,0,0,0,0,0,0,0,0,0,0,1,0,0,0,0,,,,,,18-20,16-25,County road,U,Tuesday,Belt Used,PV,Not Fatal,0,1,1,0,County Road,County Sheriff,King County Police,0,0,1,0,0,,,,,,0,0,0,,,,,,,,,,,98,98,98,0,,,,,20,7,,,,,,,,1,0,,,AUBURN-BLACK DIAMOND RD,7.123,,
2019,206,634155,3,06-08-2019,00:33,8,6,June,,53,Pierce,1124,1,0,3,1,1,1,1,5,3,,,,8,0,0,No vehicle,124.1,1,0,1,No intersection,1,2,1,1,0,0,0,0,I-5,,-122.5344694,47.13186389,94899,0,2,98,Others,80,5,60,14,1,0,1,5,8,1,1,4,3,1,Going Straight,2,2,53,,0,12,481,2002,0,,68,12,1,12,,,1,1,50,1,0,,2,0,3,0,11,5,,,,,0,0,0,3,1,28,58,,,96,,,,,,9,,,,,,98042,53,72,215,6,1,0,1,0,2,,1,,,,,,0,03-15-2018,05-15-2020,1,0,0,0,8,3,8,,,0,,,1,1,2,300,,,1,,,2,1,0,,,,,,,,,,,,,,,,,,,,,,,,,,,,,,0,0,0,0,1,0,1,1,0,0,0,0,0,1,0,0,0,0,0,0,0,1,1,0,1,0,0,0,0,1,0,0,0,0,0,,0,0,0,0,0,0,1,1,0,0,0,0,0,0,1,1,,,,,,46-50,46-55,County road,U,Tuesday,Belt Used,PV,Not Fatal,0,1,1,0,County Road,County Sheriff,King County Police,0,0,1,0,0,,,,,,0,0,0,,,,,,,,,,,98,98,98,0,,,,,20,7,,,,,,,,1,0,,,AUBURN-BLACK DIAMOND RD,7.123,,
2019,206,634154,3,06-08-2019,00:33,8,6,June,,53,Pierce,1124,1,0,3,1,1,1,1,5,3,,,,8,0,0,No vehicle,124.1,1,0,1,No intersection,1,2,1,1,0,0,0,0,I-5,,-122.5344694,47.13186389,94899,0,1,13,Pedestrian/Animal,80,5,60,34,0,0,1,5,8,1,1,4,3,1,Going Straight,1,2,53,,0,49,401,2000,0,,12,,,,,,1,1,62,2,7,,4,7,3,0,11,0,08-05-2020,12:09,5053036820,36820,0,0,3,3,1,0,,,,96,,,,,,0,,,,,,98273,53,64,116,6,1,0,0,1,0,,0,,,,,,0,08-15-2016,08-15-2016,1,0,0,0,0,9,8,,,0,,,8,8,2,1,,,1,,,2,1,0,,,,,,,,,,,,,,,,,,,,,,,,,,,,,,0,0,0,0,0,0,1,1,0,0,0,0,0,0,0,0,0,0,0,0,0,0,0,0,0,1,1,1,0,1,0,0,0,0,0,,1,0,0,0,0,0,0,0,0,0,0,0,0,0,0,0,,,,,,61-65,56-65,State route,U,Wednesday,Belt Used,PV,White,0,0,0,1,State Route,State Patrol,Washington State Patrol,0,1,0,0,0,,,,,,0,0,0,,,,,,,,,,,98,98,98,1,,,,,20,7,,,,,,,,1,0,,,,,,
2017,206,632607,55,06-19-2017,17:32,19,6,June,0,33,King,100,1,0,1,1,2,1,0,5,5,17:48,17:53,18:17,12,0,1,Front-to-Rear,0,3,0,2,4 Way,3,2,1,3,0,0,3,3,SR-167 RAMP LX01577,15TH ST NW,-122.2558361,47.29561944,98001,0,5,20,Others,50,3,35,6,0,0,1,2,1,1,2,2,1,1,Going Straight,1,1,53,,0,49,403,2015,0,,12,,,,,,1,1,76,1,7,,4,7,3,0,11,0,08-05-2020,12:09,5053036274,36274,0,0,3,3,1,51,,,,96,,,,,,9,,,,,,98277,53,74,300,6,1,0,0,0,0,,0,,,,,,0,,,8,0,0,0,0,9,1,,,0,,,1,8,2,996,996,996,1,1,1,2,1,0,,,,,,,,,,,,,,,,,,,,,,,,,,,,,,0,0,0,0,0,0,1,1,0,0,0,0,0,0,0,0,0,0,0,0,0,0,0,0,0,1,1,1,0,1,0,0,0,0,0,,1,0,0,0,0,0,1,1,0,0,0,0,0,0,1,0,,,,,,76-80,76+,State route,U,Wednesday,Belt Used,PV,White,0,0,0,1,State Route,State Patrol,Washington State Patrol,0,1,0,0,0,,,,,,0,0,0,1,1,,,,996,996,,,,98,98,98,1,,,,,20,7,,,,,,,,1,0,,,,,,
2017,206,632606,55,06-19-2017,17:32,19,6,June,0,33,King,100,1,0,1,1,2,1,0,5,5,17:48,17:53,18:17,12,0,1,Front-to-Rear,0,3,0,2,4 Way,3,2,1,3,0,0,3,3,SR-167 RAMP LX01577,15TH ST NW,-122.2558361,47.29561944,98001,0,4,21,Others,53,3,35,80,0,0,1,2,12,1,2,2,1,5,Others,1,1,53,,0,41,403,2016,0,,12,,,,,,1,1,35,1,0,,3,0,3,0,11,5,,,,,0,0,0,3,1,10,,,,0,,,,,,0,,,,,,98272,53,70,210,6,1,0,0,0,1,,0,,,,,,0,03-15-2019,03-15-2019,1,0,0,0,8,9,8,,,0,,,8,8,0,0,,,0,,,0,0,996,,,,,,,,,,,,,,,,,,,,,,,,,,,,,,0,0,0,0,1,1,1,1,0,0,0,0,0,0,0,0,0,0,1,0,0,0,0,0,0,0,0,0,0,1,0,0,0,0,0,,0,0,0,0,0,0,0,0,0,0,0,0,0,0,0,0,,,,,,31-35,26-35,State route,U,Saturday,Belt Used,PV,Not Fatal,0,0,0,1,State Route,State Patrol,Washington State Patrol,0,1,0,0,0,,,,,,0,0,0,,,,,,,,,,,98,98,98,0,,,,,20,7,,,,,,,,1,0,,,,,,
2017,206,632605,55,06-19-2017,17:32,19,6,June,0,33,King,100,1,0,1,1,2,1,0,5,5,17:48,17:53,18:17,12,0,1,Front-to-Rear,0,3,0,2,4 Way,3,2,1,3,0,0,3,3,SR-167 RAMP LX01577,15TH ST NW,-122.2558361,47.29561944,98001,0,3,98,Others,53,3,35,4,0,0,1,5,12,1,2,2,1,5,Others,1,1,53,,0,48,38,2013,0,,12,,,,,,1,1,35,2,7,,4,7,3,0,11,0,07-11-2020,22:19,1.36E+11,32097,0,0,3,3,1,38,51,,,96,,,,,,98,,,,,,98802,53,64,140,6,1,0,1,0,0,,0,,,,,,0,06-15-2016,12-15-2017,8,0,0,0,0,9,8,,,0,,,8,8,2,334,,,1,,,2,1,0.287,,,,,,,,,,,,,,,,,,,,,,,,,,,,,,0,0,0,0,1,1,1,1,0,0,0,0,0,0,0,0,0,0,1,0,0,0,0,0,0,0,0,0,0,1,0,0,0,0,0,,1,0,0,0,0,1,1,1,0,0,1,0,0,0,0,1,,,,,,31-35,26-35,State route,U,Saturday,Belt Used,PV,Multiracial,0,0,0,1,State Route,State Patrol,Washington State Patrol,0,1,0,0,0,,,,,,0,0,1,,,,,,,,,,,98,98,98,201,204,,,,20,7,,,,,,,,1,0,,,,,,
2017,206,632604,55,06-19-2017,17:32,19,6,June,0,33,King,100,1,0,1,1,2,1,0,5,5,17:48,17:53,18:17,12,0,1,Front-to-Rear,0,3,0,2,4 Way,3,2,1,3,0,0,3,3,SR-167 RAMP LX01577,15TH ST NW,-122.2558361,47.29561944,98001,0,2,98,Others,53,3,35,14,0,0,1,5,12,1,2,2,1,5,Others,1,3,53,,0,7,402,1999,0,,64,52,1,,,,1,1,35,2,0,,2,0,3,0,11,5,,,,,0,0,0,0,1,58,,,,96,,,,,,0,,,,,,98229,53,65,191,0,0,0,0,0,0,,97,,,,,,0,,,1,0,0,0,8,3,8,,,0,,,8,8,0,0,,,0,,,0,0,996,,,,,,,,,,,,,,,,,,,,,,,,,,,,,,0,0,0,0,0,0,0,0,0,0,0,0,0,1,0,0,0,0,0,0,0,0,0,0,0,0,0,0,0,1,0,0,0,0,0,,0,0,0,0,0,0,0,0,0,0,0,1,0,0,0,0,,,,,,31-35,26-35,Interstate,R,Friday,Belt Used,PV,Not Fatal,0,1,0,0,State Route,State Patrol,Washington State Patrol,1,1,0,0,0,,,,,,0,0,0,,,,,,,,,,,0,0,0,0,,,,,20,7,,,,,,,,1,0,,,,,,
2017,206,632603,55,06-19-2017,17:32,19,6,June,0,33,King,100,1,0,1,1,2,1,0,5,5,17:48,17:53,18:17,12,0,1,Front-to-Rear,0,3,0,2,4 Way,3,2,1,3,0,0,3,3,SR-167 RAMP LX01577,15TH ST NW,-122.2558361,47.29561944,98001,0,1,98,Others,53,3,35,4,0,0,1,2,12,1,2,2,1,5,Others,1,3,53,,0,7,482,2001,0,,63,69,68,64,1,2,1,1,50,1,1,,4,7,20,7,11,0,07/29/2020,13:35,53036919,36919,6,0,0,3,1,58,,,,92,,,,,,98,,,,,,98532,53,62,160,6,1,0,0,0,0,,0,,,,,,0,,,99,0,0,0,0,9,8,,,0,,,8,8,2,1,,,1,,,2,1,0,,,,,,,,,,,,,,,,,,,,,,,,,,,,,,0,0,0,0,0,0,0,0,0,0,0,0,0,0,0,0,1,0,0,1,0,0,0,0,0,0,0,0,0,1,0,0,0,1,0,,1,0,0,0,0,0,0,0,1,0,0,0,0,0,0,0,,,,,,46-50,46-55,County road,R,Wednesday,Not Used,PV,Hispanic,0,1,0,0,County Road,County Sheriff,Lewis County Sheriff's Office,1,0,1,0,0,,,,,,0,0,0,,,,,,,,,,,98,98,98,1,,,,,20,7,,,,,,,,1,0,,,RICE RD,1.059,,
2018,207,633362,2,06-11-2018,22:02,11,6,June,0,61,Snohomish,0,1,0,2,1,2,2,0,12,4,,,,12,0,2,Front-to-Front,7.1,1,0,1,No intersection,3,2,1,2,0,0,0,0,US-2,,-122.0701389,47.93648611,98291,0,1,50,Lateral Move(Left/Right),54,3,98,34,0,0,1,7,12,3,1,2,1,6,Others,1,2,15,,0,35,49,2004,0,,8,,,,,,1,1,18,1,0,,0,0,20,7,11,0,,,,,0,0,0,0,1,10,,,,0,,,,,,0,,,,,,98057,53,78,175,0,0,0,0,0,0,,0,,,,,,0,,,1,0,0,0,8,3,2,,,0,,,8,8,0,0,,,0,,,0,0,996,,,,,,,,,,,,,,,,,,,,,,,,,,,,,,0,0,0,0,0,0,0,0,0,1,1,1,0,1,0,0,0,1,0,0,0,1,1,0,1,0,0,0,0,1,0,1,0,0,0,,0,0,0,0,0,0,0,0,0,0,0,1,0,0,0,0,,,,,,18-20,16-25,County road,U,Saturday,Not Used,PV,Not Fatal,0,0,0,0,County Road,County Sheriff,King County Police,0,0,1,0,0,,,,,,0,0,0,,,,,,,,,,,98,98,98,0,,,,,20,7,,,,,,,,1,0,,,CENTRAL AVE S,7.195,,
2021,207,635679,290,07-04-2021,13:48,4,7,July,,53,Pierce,2230,1,,1,1,2,1,0,2,2,,,,12,0,6,Angle,0,2,0,3,T Intersection,3,2,1,6,0,0,0,0,S HOSMER,S 82ND ST,-122.4632111,47.18285278,98408,0,2,83,Others,67,4,35,80,0,0,1,5,12,1,1,5,5,1,Going Straight,1,1,53,,0,98,709,2000,0,,11,,,,,,1,1,69,1,7,,4,7,20,7,11,0,08-02-2020,22:03,53034496,34496,0,0,0,3,1,0,,,,96,,,,,,0,,,,,,99173,53,71,200,6,1,0,0,0,0,,0,,,,,,0,,,20,8,0,0,0,9,8,,,0,,,8,8,2,1,,,1,,,2,1,0,,,,,,,,,,,,,,,,,,,,,,,,,,,,,,0,1,0,0,0,0,0,0,0,0,0,0,0,0,0,0,0,0,0,0,0,0,0,0,0,1,0,0,1,0,0,0,0,0,1,0,0,0,0,0,0,0,0,0,0,0,0,0,0,0,0,0,,,,,,66-70,66-75,County road,R,Sunday,,MC,White,0,0,0,0,County Road,County Sheriff,Spokane County Sheriff's Office,0,0,1,0,0,,,,,,0,0,0,,,,,,,,,,,0,0,0,1,,,,,5,0,,,,,,,,1,0,,,ARGONNE RD,4.17,,
2021,207,635678,290,07-04-2021,13:48,4,7,July,,53,Pierce,2230,1,,1,1,2,1,0,2,2,,,,12,0,6,Angle,0,2,0,3,T Intersection,3,2,1,6,0,0,20,3,S HOSMER,S 82ND ST,-122.4632111,47.18285278,98408,0,1,82,Turn Into Opp Direction(Turning Left),15,2,35,14,0,0,1,5,12,1,1,2,1,11,Turning Red: Permitted on red,1,2,53,,0,13,15,2009,0,,68,64,67,42,,,1,1,55,2,7,,4,7,20,7,11,0,07-02-2020,19:30,53035942,35942,0,0,3,3,1,0,,,,96,,,,,,98,,,,,,98908,53,64,122,6,1,0,0,0,1,,0,,,,,,0,05-15-2019,05-15-2019,1,0,0,0,0,9,8,,,0,,,8,8,8,95,,,96,,,8,95,995,,,,,,,,,,,,,,,,,,,,,,,,,,,,,,0,0,1,0,0,0,0,0,0,0,0,0,0,0,0,0,0,0,0,1,0,0,0,0,0,0,0,0,0,1,0,0,0,1,0,,1,0,0,0,0,0,0,0,0,0,0,0,0,0,0,0,,,,,,51-55,46-55,US highway,R,Thursday,Not Used,PV,White,0,1,0,0,State Route,State Patrol,Washington State Patrol,1,1,0,0,0,,,,,,0,0,0,,,,,,,,,,,98,98,98,1,,,,,20,7,,,,,,,,1,0,,,,,,
2020,207,634856,146,06-25-2020,12:49,25,6,June,,77,Yakima,0,1,,1,1,2,2,0,3,2,12:51,12:59,,12,0,6,Angle,2.8,8,0,1,No intersection,5,1,2,4,0,3,0,0,CR-LATERAL A RD,,-120.4804667,46.47733056,98951,0,2,86,Others,71,4,55,63,0,0,2,5,12,1,1,2,1,1,Going Straight,1,3,53,,0,12,16,2011,0,,63,69,68,64,42,,1,1,82,1,7,,4,0,3,0,11,1,08-07-2020,18:42,1.96E+11,36852,0,0,3,3,1,0,,,,92,,,,,,1,,,,,,98501,53,72,210,6,1,0,1,1,0,,0,,,,,,0,05-15-2016,08-15-2019,8,0,0,0,0,5,8,,,0,,,8,0,8,95,,,96,,,8,95,995,,,,,,,,,,,,,,,,,,,,,,,,,,,,,,0,0,0,0,0,0,0,0,0,0,0,0,0,0,0,0,1,0,0,0,0,0,0,0,0,1,1,1,0,1,0,0,0,0,0,,1,0,0,0,0,0,0,0,1,0,0,0,0,0,0,0,,,,,,81+,76+,County road,R,Tuesday,Belt Used,PV,White,0,1,0,0,County Road,County Sheriff,Mason County Sheriff's Office,1,0,1,0,0,,,,,,0,0,0,,,,,,,,,,,98,98,98,1,,,,,20,7,,,,,,,,1,0,,,LYNCH RD,2,,