year,something,Cases,repjur,crash_dt,crash_tm,accday,Month,Month,holiday,county,co_char,city,weather,weather2,lightcond,surfcond,surftype,Number of Fatalities,nmforms,pforms,vforms,not_tm,arr_tm,hosp_tm,fhevent,hitrun,Manner of Collision,Manner of Collision,milepnt,reljunc,reljuncinter,intersectiontype,Intersection Type,funcsystem,landuse,ownership,route,schlbus,spejur,contdev,devfunc,trafid1,trafid2,x,y,zipcode,wk_zone,vnumber,crashtype,Crash Type,criticalevent,criticaleventcat,spdlim,body,trailer,emerg,hazcargo,leave,mhevent,roadalgn,roadprof,traflane,trafflow,Vehicle Manure,Vehicle Manure,numoccs,regowner,regstate,,spuse,make,model,modelyr,vrf1,vrf2,seqevent1,seqevent2,seqevent3,seqevent4,seqevent5,seqevent6,pnumber,ptype,age,sex,hispanic,race,injury,diedscene,restraint,restraintmisuse,seatpos,takehosp,death_dt,death_tm,cert,cernum_wa,commlic,licendor,licrestrict,liccomp,drivpres,drf1,drf2,drf3,drf4,distract1,distract2,distract3,distract4,distract5,distract6,dricond1,dricond2,dricond3,dricond4,dricond5,dricond6,dzip,licstate,drhgt_in,weight,noncdl,noncdltype,prevdwi,prevoth,prevacc,prevspd,prevsus,driviol1,driviol2,driviol3,driviol4,driviol5,driviol6,spdrel,first_dt,last_dt,airbag,ejection,ejectpath,extricat,injurwrk,methalc,methdrug,nmlocat,strikveh,prf1,prf2,prf3,druginv,alcinvol,drugsts,drugres1,drugres2,drugres3,drugtst1,drugtst2,drugtst3,alcsts,alctst,alcres,nmact1,nmact2,nmact3,nmact4,nmact5,nmact6,nmprior1,nmprior2,nmprior3,nmprior4,nmprior5,nmprior6,nmcond1,nmcond2,nmcond3,nmcond4,nmcond5,nmcond6,nmsafe_helmet,nmsafe_pads,nmsafe_oth,nmprev_ref,nmprev_lgt,nmprev_oth,crashlocation,nmcrashtype,crosswalk,schoolzone,sidewalk,train_inv,wildlife_inv,rotr_fars,intersect_fars,Drink and Drive,aid_inv,Drug Positive Drivers,Impaired Drivers,Marijuana Positive,impnm_inv,ainm_inv,dpnm_inv,speed_inv,unlic_inv,unendmc_inv,drowsy_inv,drdist_inv,nmdist_inv,fty_inv,unrestfat_inv,dr1617_inv,dr1820_inv,dr1620_inv,dr2125_inv,dr1625_inv,dr65_inv,dr70_inv,dr75_inv,mc_inv,pv_inv,ht_inv,ped_inv,bike_inv,unrest_fat,mc_fat,unhelmet_mc,pv_fat,ht_fat,ped_fat,bike_fat,dr_alc7,dr_alc8,dr_drug,dr_imp,dr_dist,dr_spd,dr_fty,dr_unlic,dr_alc7only,dr_alc8only,dr_drugonly,dr_drink,nm_imp,nm_alc7,nm_alc8,nm_drug,nm_dist,agegrp1,agegrp2,roadclass,urbrur,dayweek,restuse,vehtype,race_me,intersect,lanedep,oppdir,wrongway,rep_typ,investag,repag_long,rotr,st_rd,cty_rd,city_rd,oth_rd,drug_thc,thc_res,drug_cthc,cthc_res,drug_cann,prevpersemin,prevperse,prevsusoth,drugtst4,drugtst5,drugtst6,drugtst7,drugtst8,drugres4,drugres5,drugres6,drugres7,drugres8,adspresent,adsengaged,adslevel,race1,race2,race3,race4,race5,helmet,helmetmisuse,nmdistract1,nmdistract2,nmdistract3,nmdistract4,nmdistract5,nmdistract6,lab,isedtcase,crf1,crf2,crf3,CoRoadName,CoMP,IntCoRoadName,IntCoMP
2020,207,634855,146,06-25-2020,12:49,25,6,June,,77,Yakima,0,1,,1,0,0,2,0,3,2,12:51,12:59,,12,0,6,Angle,2.8,8,0,1,No intersection,5,1,2,4,0,3,0,0,CR-LATERAL A RD,,-120.4804667,46.47733056,98951,0,1,87,Others,98,7,0,4,0,0,1,2,12,0,0,0,0,4,Others,2,1,53,,0,20,37,2015,0,,12,,,,,,1,1,23,8,0,,0,0,3,0,11,0,,,,,0,0,0,1,1,0,,,,96,,,,,,0,,,,,,98003,53,71,270,1,1,0,0,0,1,,97,,,,,,0,02-15-2015,10-15-2020,20,0,0,0,8,9,8,,,0,,,8,8,0,0,,,0,,,0,0,996,,,,,,,,,,,,,,,,,,,,,,,,,,,,,,0,0,0,0,0,0,0,0,0,0,0,0,0,1,0,0,0,0,0,0,0,0,0,1,1,1,1,1,1,1,0,0,0,0,0,,0,0,0,0,0,0,0,0,0,0,0,1,0,0,0,0,,,,,,21-25,16-25,County road,R,Wednesday,Belt Used,PV,Not Fatal,0,0,0,0,County Road,County Sheriff,King County Police,0,0,1,0,0,,,,,,0,0,3,,,,,,,,,,,98,98,98,0,,,,,20,7,,,,,,,,1,0,,,VEAZIE-CUMBERLAND RD SE,5.385,,
2019,207,634159,2,06-22-2019,03:05,22,6,June,,61,Snohomish,1280,1,0,2,1,2,1,0,2,2,,,,12,0,1,Front-to-Rear,198.1,1,0,1,No intersection,1,2,1,1,0,0,0,0,I-5,,-122.1785361,48.03732222,98270,0,2,32,Others,53,3,60,4,0,0,1,2,12,4,2,3,3,14,Making a U turn,1,2,53,,0,34,706,2017,0,,12,,,,,,1,1,78,8,7,,4,0,20,7,11,1,08-12-2020,10:57,1.96E+11,37705,0,0,0,3,1,33,,,,96,,,,,,98,,,,,,98033,53,73,240,6,1,0,0,0,0,,0,,,,,,0,,,20,8,0,0,0,9,8,,,0,,,8,8,0,0,,,0,,,0,0,996,,,,,,,,,,,,,,,,,,,,,,,,,,,,,,0,0,0,0,0,0,0,0,0,0,0,0,0,1,0,0,0,0,0,0,0,0,0,1,1,1,1,1,1,1,0,0,0,0,1,0,0,0,0,0,0,0,0,0,0,0,0,0,0,0,0,0,,,,,,76-80,76+,County road,R,Wednesday,,MC,White,0,0,0,0,County Road,County Sheriff,King County Police,0,0,1,0,0,,,,,,0,0,0,,,,,,,,,,,0,0,0,1,,,,,19,0,,,,,,,,1,0,,,VEAZIE-CUMBERLAND RD SE,5.385,,
2019,207,634158,2,06-22-2019,03:05,22,6,June,,61,Snohomish,1280,1,0,2,1,2,1,0,2,2,,,,12,0,1,Front-to-Rear,198.1,1,0,1,No intersection,1,2,1,1,0,0,0,0,I-5,,-122.1785361,48.03732222,98270,0,1,32,Others,59,3,60,67,0,0,1,2,1,4,2,3,3,14,Making a U turn,1,1,53,,0,99,999,9999,0,,12,,,,,,1,1,999,9,0,,9,0,99,7,11,0,,,,,99,9,9,9,1,0,,,,96,,,,,,98,,,,,,99999,99,,999,9,9,99,99,99,99,,0,,,,,,0,,,99,0,0,0,8,9,8,,,0,,,8,8,0,0,,,0,,,0,0,996,,,,,,,,,,,,,,,,,,,,,,,,,,,,,,0,0,0,0,1,0,1,1,1,0,0,0,1,0,1,0,0,0,0,0,0,0,0,1,1,0,0,0,1,1,0,0,0,0,0,,0,0,0,0,0,0,0,0,0,0,0,0,0,0,0,0,,,,,,,,State route,U,Wednesday,,NR-U,Not Fatal,0,1,0,0,State Route,State Patrol,Washington State Patrol,1,1,0,0,0,,,,,,99,99,99,,,,,,,,,,,98,98,98,0,,,,,20,7,,,,,,,,1,0,,,,,,
2018,207,633365,2,06-11-2018,22:02,11,6,June,0,61,Snohomish,0,1,0,2,1,2,2,0,12,4,,,,12,0,2,Front-to-Front,7.1,1,0,1,No intersection,3,2,1,2,0,0,0,0,US-2,,-122.0701389,47.93648611,98291,0,4,98,Others,98,7,98,4,0,0,1,5,54,3,1,2,1,14,Making a U turn,5,1,53,,0,76,706,2000,0,,64,24,69,12,12,,1,1,33,1,7,,4,7,20,7,11,0,07/29/2020,21:42,2.31E+11,36133,0,0,3,2,1,8,,,,96,,,,,,98,,,,,,98032,53,69,225,6,1,0,0,0,0,,0,,,,,,4,,,20,8,0,0,0,9,8,,,0,,,8,8,2,1,,,1,,,2,1,0,,,,,,,,,,,,,,,,,,,,,,,,,,,,,,0,0,0,0,1,0,1,1,1,0,0,0,1,0,1,0,0,0,0,0,0,0,0,1,1,0,0,0,1,1,0,0,0,0,1,0,0,0,0,0,0,0,0,0,0,1,0,0,0,0,0,0,,,,,,31-35,26-35,State route,U,Wednesday,,MC,API,0,1,0,0,State Route,State Patrol,Washington State Patrol,1,1,0,0,0,,,,,,0,0,0,,,,,,,,,,,0,0,0,48,,,,,5,0,,,,,,,,1,0,,,,,,
2018,207,633364,2,06-11-2018,22:02,11,6,June,0,61,Snohomish,0,1,0,2,1,2,2,0,12,4,,,,12,0,2,Front-to-Front,7.1,1,0,1,No intersection,3,2,1,2,0,0,0,0,US-2,,-122.0701389,47.93648611,98291,0,3,98,Others,62,4,60,34,0,0,1,5,12,2,1,2,1,14,Making a U turn,5,1,53,,0,35,43,2018,0,,12,,,,,,1,1,23,1,0,,0,0,99,7,11,0,,,,,0,0,0,3,1,0,,,,96,,,,,,9,,,,,,98058,53,69,190,6,1,0,0,0,0,,12,,,,,,0,,,8,0,0,0,8,9,8,,,0,,,1,1,2,695,605,,1,1,,2,1,0.05,,,,,,,,,,,,,,,,,,,,,,,,,,,,,,0,0,0,0,1,0,1,1,1,0,0,0,1,0,1,0,0,0,0,0,0,0,0,1,1,0,0,0,1,1,0,0,0,0,0,,0,0,0,0,1,0,1,1,0,0,0,0,0,0,0,1,,,,,,21-25,16-25,State route,U,Wednesday,Unknown,PV,Not Fatal,0,1,0,0,State Route,State Patrol,Washington State Patrol,1,1,0,0,0,thc,13,carboxy-thc,56,,0,0,0,,,,,,,,,,,98,98,98,0,,,,,20,7,,,,,,,,1,0,,,,,,
2018,207,633363,2,06-11-2018,22:02,11,6,June,0,61,Snohomish,0,1,0,2,1,2,2,0,12,4,,,,12,0,2,Front-to-Front,7.1,1,0,1,No intersection,3,2,1,2,0,0,0,0,US-2,,-122.0701389,47.93648611,98291,0,2,51,Lateral Move(Going Straight),62,4,60,20,0,0,1,7,12,2,1,2,1,14,Making a U turn,1,2,53,,0,72,706,2013,0,,64,25,,,,,1,1,59,1,7,,4,7,20,7,11,0,07/14/2020,17:46,1.83E+11,32543,6,0,3,3,1,0,,,,96,,,,,,98,,,,,,98444,53,73,200,6,1,0,0,0,0,,0,,,,,,4,,,20,8,0,0,0,9,8,,,0,,,8,8,2,1,,,1,,,2,1,0,,,,,,,,,,,,,,,,,,,,,,,,,,,,,,0,0,0,0,0,0,0,0,0,0,0,0,1,0,0,0,0,0,0,0,0,0,0,0,0,0,0,0,1,0,0,0,0,0,1,0,0,0,0,0,0,0,0,0,0,1,0,0,0,0,0,0,,,,,,56-60,56-65,Interstate,U,Tuesday,,MC,White,0,1,0,0,State Route,State Patrol,Washington State Patrol,1,1,0,0,0,,,,,,0,0,0,,,,,,,,,,,0,0,0,1,,,,,5,0,,,,,,,,1,0,,,,,,
2017,207,632602,7,06-20-2017,23:18,20,6,June,0,33,King,0,1,0,2,1,1,1,1,3,3,,,,14,0,0,No vehicle,22.5,1,0,1,No intersection,1,1,1,1,0,0,0,0,I-90,,-121.9086361,47.51063611,98050,0,1,11,Others,13,2,70,34,0,0,1,2,8,1,2,3,2,1,Going Straight,1,1,53,,0,14,4,1997,0,,63,42,,,,,1,1,89,8,7,,4,0,2,0,11,8,07/26/2020,04:51,2.37E+11,34957,0,0,3,3,1,0,,,,92,,,,,,0,,,,,,98674,53,65,120,6,1,0,1,0,0,,0,,,,,,0,04-15-2016,04-15-2016,1,0,0,0,0,9,8,,,0,,,8,8,0,0,,,0,,,0,0,996,,,,,,,,,,,,,,,,,,,,,,,,,,,,,,0,0,1,0,0,0,0,0,0,0,0,0,0,0,0,0,1,0,0,0,0,0,0,0,0,1,1,1,0,1,0,0,0,0,0,,1,0,0,0,0,0,0,0,1,0,0,0,0,0,0,0,,,,,,81+,76+,County road,R,Wednesday,Belt Used,PV,White,0,1,0,0,County Road,County Sheriff,Clark County Sheriff's Office,1,0,1,0,0,,,,,,0,0,0,,,,,,,,,,,0,0,0,1,,,,,20,7,,,,,,,,1,0,,,NE PUP CREEK RD,0.28,,
2020,208,3868801,41,05-27-2020,11:28,27,5,May,,65,Stevens,0,1,,1,1,2,1,0,2,1,,,,35,0,0,No vehicle,0.7,1,0,1,No intersection,5,1,2,4,0,0,0,0,CR-CEDONIA ADDY RD,,-118.1564917,48.15393056,99137,0,1,6,Drive off road,12,2,50,14,0,0,1,2,1,2,3,2,1,14,Making a U turn,2,2,53,,0,53,706,2018,0,,68,64,42,,,,1,1,34,1,7,,4,7,20,7,11,0,07/26/2020,03:40,53034137,34137,0,0,0,0,1,8,,,,96,,,,,,9,,,,,,98226,53,69,210,0,0,0,0,0,1,,0,,,,,,3,02-15-2017,02-15-2017,20,8,0,0,0,9,8,,,0,,,1,9,2,401,417,128,1,1,1,2,1,0,,,,,,,,,,,,,,,,,,,,,,,,,,,,,,0,0,1,0,0,0,1,1,0,0,0,0,1,1,1,0,0,0,0,0,0,0,0,0,0,0,0,0,1,0,0,0,0,0,1,0,0,0,0,0,0,0,1,1,0,1,0,1,0,0,1,0,,,,,,31-35,26-35,County road,R,Sunday,,MC,White,0,1,0,0,County Road,State Patrol,Washington State Patrol,1,0,1,0,0,,,,,,0,0,0,1,1,,,,177,996,,,,0,0,0,1,,,,,19,0,,,,,,,,1,0,,,COLONY ROAD,4.31,,
2021,208,3857337,263,06-06-2021,22:39,6,6,June,,33,King,1960,2,,3,2,2,1,1,2,2,,,,8,0,0,No vehicle,0,3,0,2,4 Way,3,2,4,6,0,0,3,3,MARTIN LUTHER KING JR WAY S,S Edmunds St,-122.2918694,47.55867778,98108,0,2,13,Pedestrian/Animal,80,5,25,5,0,0,1,5,8,1,1,2,3,1,Going Straight,1,2,53,,0,41,441,2003,0,,63,69,67,1,,,1,1,37,8,6,,4,0,20,7,11,1,07/23/2020,20:23,1.96E+11,34119,0,0,0,2,1,58,,,,92,,,,,,98,,,,,,93022,6,67,130,3,1,0,0,0,0,,0,,,,,,3,,,20,1,6,0,0,9,8,,,0,,,8,1,2,605,151,,1,1,,2,1,0.227,,,,,,,,,,,,,,,,,,,,,,,,,,,,,,0,0,0,0,1,1,1,1,1,0,0,0,1,1,0,0,1,0,0,1,0,0,0,0,0,0,0,0,0,1,0,0,0,1,0,,1,0,0,0,0,1,1,1,1,1,0,1,0,0,0,1,,,,,,36-40,36-45,County road,R,Thursday,Not Used,PV,Hispanic,0,1,0,0,County Road,County Sheriff,Jefferson County Sheriff's Office,1,0,1,0,0,thc,0.58,,,,0,0,0,,,,,,,,,,,98,98,98,1,,,,,20,7,,,,,,,nms,1,0,,,HASTINGS AVE W,4.302,,
2019,208,634160,16,06-30-2019,04:30,30,6,June,,15,Cowlitz,0,1,0,9,1,2,1,0,1,1,,,,24,0,0,No vehicle,1,1,0,1,No intersection,5,1,2,4,0,0,0,0,CR-HEADQUARTERS RD,,-122.8741083,46.23764444,98611,0,1,1,Driver Off Road,13,2,35,34,0,0,1,7,1,3,2,2,1,14,Making a U turn,1,1,53,,0,49,32,2004,0,,9,,,,,,1,1,18,1,0,,0,0,3,0,11,0,,,,,0,0,0,3,1,38,,,,96,,,,,,98,,,,,,98021,53,70,170,6,2,0,0,0,0,,97,,,,,,0,,,20,0,0,0,8,9,8,,,0,,,8,8,8,95,,,96,,,8,95,995,,,,,,,,,,,,,,,,,,,,,,,,,,,,,,0,0,0,1,0,0,0,0,0,0,0,0,0,0,0,0,0,0,1,0,0,1,1,0,1,0,0,0,0,1,0,0,1,0,0,,0,0,0,0,0,0,0,0,0,0,1,0,0,0,0,0,,,,,,18-20,16-25,City street,U,Monday,Belt Used,PV,Not Fatal,1,0,0,0,City Street,County Sheriff,Woodinville Police Department,0,0,0,1,0,,,,,,0,0,0,,,,,,,,,,,98,98,98,0,,,,,20,7,,,,,,,,1,0,,,,,,
2018,208,633368,55,06-28-2018,17:20,28,6,June,0,33,King,100,1,0,1,1,2,4,0,5,1,,,,31,0,0,No vehicle,0,3,0,3,T Intersection,5,2,4,6,0,3,0,0,R ST SE,17TH ST SE,-122.2082194,47.29371667,98002,0,1,14,Others,14,2,35,14,0,0,1,7,2,1,1,2,1,1,Going Straight,5,2,53,,0,53,706,2004,0,,63,33,59,38,,,1,1,29,1,6,,4,7,20,7,11,0,07/29/2020,20:49,1.96E+11,35100,0,0,3,2,1,0,,,,96,,,,,,98,,,,,,98168,53,65,175,6,1,0,1,1,0,,0,,,,,,4,03-15-2018,08-15-2019,20,8,0,0,0,9,8,,,0,,,8,8,2,1,,,1,,,2,1,0.279,,,,,,,,,,,,,,,,,,,,,,,,,,,,,,0,0,1,0,1,1,0,1,0,0,0,0,1,0,1,0,0,0,0,0,0,0,0,0,0,0,0,0,1,0,0,0,0,0,1,0,0,0,0,0,0,1,0,1,0,1,0,0,0,1,0,1,,,,,,26-30,26-35,City street,U,Wednesday,,MC,Hispanic,0,1,0,0,City Street,Municipal/City Police,SeaTac Police Department,1,0,0,1,0,,,,,,0,0,1,,,,,,,,,,,0,0,0,98,,,,,5,0,,,,,,,,1,0,,,,,,
2017,208,632595,39,06-19-2017,15:03,19,6,June,0,61,Snohomish,0,1,0,1,1,2,1,0,1,2,,,,42,0,0,No vehicle,0.1,1,0,1,No intersection,5,2,2,4,0,0,0,0,CR-ADMIRALTY WAY,121ST ST SW,-122.2519472,47.88837778,98204,0,1,2,Control/Traction Loss,6,1,35,80,0,0,1,2,42,1,1,2,1,1,Going Straight,1,2,53,,0,23,401,2005,0,,12,63,39,,,,1,1,30,1,0,,9,0,99,7,11,0,,,,,0,0,3,2,1,0,,,,96,,,,,,0,,,,,,99207,53,65,120,1,1,2,2,0,0,,97,,,,,,0,05-15-2015,12-15-2018,99,0,0,0,8,9,8,,,0,,,8,8,8,95,,,96,,,8,95,995,,,,,,,,,,,,,,,,,,,,,,,,,,,,,,0,0,0,1,0,0,1,1,0,0,0,0,0,1,0,0,0,0,0,1,0,0,0,0,0,0,0,0,0,1,0,0,0,0,0,,0,0,0,0,0,0,0,0,0,0,0,1,0,0,0,0,,,,,,26-30,26-35,City street,U,Tuesday,Unknown,PV,Not Fatal,1,0,0,0,City Street,Municipal/City Police,Spokane Police Department,0,0,0,1,0,,,,,,0,1,6,,,,,,,,,,,98,98,98,0,,,,,20,7,,,,,,,,1,0,,,,,,
2021,208,3857337,263,06-06-2021,22:39,6,6,June,,33,King,1960,2,,3,2,2,1,1,2,2,,,,8,1,0,No vehicle,0,3,0,2,4 Way,3,2,4,6,0,0,3,3,MARTIN LUTHER KING JR WAY S,S Edmunds St,-122.2918694,47.55867778,98108,0,1,98,Others,80,5,25,16,0,0,1,5,8,1,1,2,3,1,Going Straight,99,9,99,,0,7,442,2000,0,,12,,,,,,1,1,63,2,0,,0,0,3,0,11,0,,,,,0,0,3,2,1,0,,,,96,,,,,,9,,,,,,99217,53,67,109,1,1,0,5,0,0,,97,,,,,,0,03-15-2017,03-15-2020,8,0,0,0,8,3,8,,,0,,,1,8,2,996,401,417,1,1,1,2,1,0,,,,,,,,,,,,,,,,,,,,,,,,,,,,,,0,0,0,1,0,0,1,1,0,0,0,0,0,1,0,0,0,0,0,1,0,0,0,0,0,0,0,0,0,1,0,0,0,0,0,,0,0,0,0,0,0,1,1,0,0,0,1,0,0,1,0,,,,,,61-65,56-65,City street,U,Tuesday,Belt Used,PV,Not Fatal,1,0,0,0,City Street,Municipal/City Police,Spokane Police Department,0,0,0,1,0,,,,,,0,0,2,,,,,,,,,,,98,98,98,0,,,,,20,7,,,,,,,,1,0,,,,,,
2021,209,635675,5,07-04-2021,03:11,4,7,July,,15,Cowlitz,0,10,,2,1,2,1,0,5,3,,,,12,0,2,Front-to-Front,33.7,1,0,1,No intersection,1,1,1,1,0,0,0,0,I-5,,-122.8666611,46.06105556,98609,0,3,98,Others,90,6,70,34,0,0,1,2,18,4,1,3,2,14,Making a U turn,2,3,41,,3,98,907,2010,0,,12,2,,,,,1,1,53,1,0,,0,0,99,7,11,0,,,,,6,1,1,3,1,0,,,,96,,,,,,0,,,,,,98058,53,73,205,6,1,0,0,0,0,,0,,,,,,0,,,20,0,0,0,8,9,8,,,0,,,8,8,8,95,,,96,,,8,95,995,,,,,,,,,,,,,,,,,,,,,,,,,,,,,,0,0,0,0,1,1,0,1,0,0,0,0,0,0,0,0,0,0,0,0,0,0,0,0,0,0,0,0,0,1,0,0,0,0,0,,0,0,0,0,0,0,0,0,0,0,0,0,0,0,0,0,,,,,,51-55,46-55,City street,U,Friday,,BUS,Not Fatal,0,0,0,0,City Street,Municipal/City Police,Tukwila Police Department,0,0,0,1,0,,,,,,0,0,0,,,,,,,,,,,98,98,98,0,,,,,20,7,,,,,,,,1,0,,,,,,
2021,209,635674,5,07-04-2021,03:11,4,7,July,,15,Cowlitz,0,10,,2,1,2,1,0,5,3,,,,12,0,2,Front-to-Front,33.7,1,0,1,No intersection,1,1,1,1,0,0,0,0,I-5,,-122.8666611,46.06105556,98609,0,2,51,Lateral Move(Going Straight),54,3,70,34,0,0,1,2,12,4,1,3,2,14,Making a U turn,2,1,53,,0,12,401,2017,0,,12,2,,,,,1,1,42,1,7,,4,7,3,0,11,0,07/24/2020,23:03,2.31E+11,35084,0,0,0,3,1,8,,,,96,,,,,,98,,,,,,98059,53,68,195,6,1,0,0,1,0,,0,,,,,,0,08-15-2019,08-15-2019,99,0,0,1,0,9,8,,,0,,,8,8,2,1,,,1,,,2,1,0.275,,,,,,,,,,,,,,,,,,,,,,,,,,,,,,0,0,0,0,1,1,0,1,0,0,0,0,0,0,0,0,0,0,0,0,0,0,0,0,0,0,0,0,0,1,0,0,0,0,0,,1,0,0,0,0,1,0,1,0,0,0,0,0,1,0,1,,,,,,41-45,36-45,City street,U,Friday,Belt Used,PV,AIAN,0,0,0,0,City Street,Municipal/City Police,Tukwila Police Department,0,0,0,1,0,,,,,,0,0,0,,,,,,,,,,,98,98,98,3,,,,,20,7,,,,,,,,1,0,,,,,,
2020,209,634859,262,06-26-2020,14:12,26,6,June,,33,King,1958,1,,1,1,2,1,1,1,1,14:13,14:18,,8,0,0,No vehicle,12.9,1,0,1,No intersection,3,2,1,3,0,0,0,0,SR-99,,-122.2980806,47.40880278,98089,0,1,13,Pedestrian/Animal,80,5,40,15,0,0,1,5,8,1,1,3,2,1,Going Straight,1,1,53,,0,72,706,2012,0,,1,,,,,,1,1,51,1,7,,4,0,20,7,11,5,08-06-2020,14:42,2.23E+11,37570,0,0,0,3,1,28,,,,96,,,,,,0,,,,,,98503,53,73,350,6,1,0,0,0,0,,69,,,,,,0,,,20,8,0,0,0,9,8,,,0,,,8,8,0,0,,,0,,,0,0,996,,,,,,,,,,,,,,,,,,,,,,,,,,,,,,0,0,0,0,0,0,0,0,0,0,0,0,0,0,0,0,0,0,0,0,0,0,0,0,0,0,0,0,1,0,0,0,0,0,1,0,0,0,0,0,0,0,0,0,0,0,0,0,0,0,0,0,,,,,,51-55,46-55,Interstate,U,Friday,,MC,White,1,0,0,0,State Route,State Patrol,Washington State Patrol,0,1,0,0,0,,,,,,0,0,0,,,,,,,,,,,0,0,0,1,,,,,19,0,,,,,,,,1,0,,,,,,
2019,209,634128,22,04-29-2019,15:02,29,4,April,,27,Grays Harbor,0,1,0,1,1,2,1,0,2,1,,,,1,0,0,No vehicle,1.8,1,0,1,No intersection,5,1,2,4,0,0,0,0,CR-GARRARD CREEK RD,,-123.2704194,46.81199722,98568,0,1,98,Others,13,2,35,14,0,0,1,7,1,3,3,2,1,14,Making a U turn,2,1,53,,0,55,35,2017,0,,12,,,,,,1,1,54,1,0,,0,0,3,0,11,0,,,,,0,0,3,3,1,10,,,,0,,,,,,0,,,,,,98208,53,66,155,6,1,0,0,0,1,,0,,,,,,0,06-15-2019,06-15-2019,2,0,0,0,8,9,8,,,0,,,8,8,8,95,,,96,,,8,95,995,,,,,,,,,,,,,,,,,,,,,,,,,,,,,,0,0,0,1,0,0,0,0,0,0,0,0,1,1,1,0,0,0,0,0,0,0,0,0,0,0,0,0,1,1,0,0,0,0,0,,0,0,0,0,0,0,0,0,0,0,0,0,0,0,0,0,,,,,,51-55,46-55,City street,U,Thursday,Belt Used,PV,Not Fatal,1,0,0,0,City Street,Municipal/City Police,Puyallup Police Department,0,0,0,1,0,,,,,,0,0,0,,,,,,,,,,,98,98,98,0,,,,,20,7,,,,,,,,1,0,,,,,,
2018,209,633312,5,06-10-2018,18:38,10,6,June,0,59,Skamania,0,2,0,1,2,2,1,0,1,1,,,,1,0,0,No vehicle,29.6,1,0,1,No intersection,3,1,1,3,0,0,0,0,SR-14,,-122.1302639,45.59633056,98671,0,1,1,Driver Off Road,6,1,55,2,0,0,1,2,1,1,2,2,1,6,Others,1,1,53,,0,37,706,1998,0,,12,,,,,,1,1,40,1,7,,4,0,20,7,11,5,07/29/2020,21:30,1.96E+11,35755,0,0,3,2,1,0,,,,96,,,,,,98,,,,,,98372,53,68,200,1,1,0,2,0,3,,0,,,,,,3,12-15-2015,08-15-2019,20,8,0,0,0,9,8,,,0,,,8,8,8,95,,,96,,,8,95,995,,,,,,,,,,,,,,,,,,,,,,,,,,,,,,0,0,0,1,0,0,0,0,0,0,0,0,1,1,1,0,0,0,0,0,0,0,0,0,0,0,0,0,1,1,0,0,0,0,1,1,0,0,0,0,0,0,0,0,0,1,0,1,0,0,0,0,,,,,,36-40,36-45,City street,U,Thursday,,MC,White,1,0,0,0,City Street,Municipal/City Police,Puyallup Police Department,0,0,0,1,0,,,,,,0,0,6,,,,,,,,,,,0,0,0,1,,,,,16,0,,,,,,,,1,0,,,,,,
2017,209,632594,3,06-16-2017,22:57,16,6,June,0,53,Pierce,2230,1,0,3,1,2,1,0,4,2,,,,14,0,0,No vehicle,0.1,1,0,1,No intersection,1,2,1,1,0,0,0,0,I-5 RAMP Q113002,,-122.4622139,47.19157222,98408,1,1,11,Others,13,2,60,4,0,0,1,2,14,2,2,2,3,14,Making a U turn,1,2,53,,0,37,39,2018,0,,12,68,64,14,,,1,1,26,2,0,,3,0,3,0,11,5,,,,,0,0,0,3,1,10,,,,0,,,,,,0,,,,,,98611,53,65,130,6,1,0,0,1,0,,0,,,,,,0,12-15-2018,12-15-2018,8,0,0,0,8,9,8,,,0,,,8,8,0,0,,,0,,,0,0,996,,,,,,,,,,,,,,,,,,,,,,,,,,,,,,0,0,0,1,0,0,0,0,0,0,0,0,1,1,1,0,0,0,0,0,0,0,0,0,0,0,0,0,1,1,0,0,0,0,0,,0,0,0,0,0,0,0,0,0,0,0,0,0,0,0,0,,,,,,26-30,26-35,City street,R,Sunday,Belt Used,PV,Not Fatal,1,0,0,0,City Street,Municipal/City Police,Kelso Police Department,0,0,0,1,0,,,,,,0,0,0,,,,,,,,,,,98,98,98,0,,,,,20,7,,,,,,,,1,0,,,,,,
2021,209,635673,5,07-04-2021,03:11,4,7,July,,15,Cowlitz,0,10,,2,1,2,1,0,5,3,,,,12,0,2,Front-to-Front,33.7,1,0,1,No intersection,1,1,1,1,0,0,0,0,I-5,,-122.8666611,46.06105556,98609,0,1,50,Lateral Move(Left/Right),54,3,70,14,0,0,1,2,12,4,1,3,3,14,Making a U turn,1,9,99,,0,53,706,2001,0,,12,,,,,,1,1,56,1,7,,4,7,20,7,11,0,07/26/2020,14:55,1.01E+11,34468,0,0,3,2,1,0,,,,96,,,,,,98,,,,,,98832,53,68,220,1,1,0,3,0,0,,0,,,,,,3,07-15-2017,04-15-2018,20,8,0,0,0,9,8,,,0,,,8,8,8,95,,,96,,,8,95,995,,,,,,,,,,,,,,,,,,,,,,,,,,,,,,0,0,0,1,0,0,0,0,0,0,0,0,1,1,1,0,0,0,0,0,0,0,0,0,0,0,0,0,1,1,0,0,0,0,1,0,0,0,0,0,0,0,0,0,0,1,0,1,0,0,0,0,,,,,,56-60,56-65,City street,R,Sunday,,MC,White,1,0,0,0,City Street,Municipal/City Police,Kelso Police Department,0,0,0,1,0,,,,,,0,0,2,,,,,,,,,,,0,0,0,1,,,,,5,0,,,,,,,,1,0,,,,,,