year,something,Cases,repjur,crash_dt,crash_tm,accday,Month,Month,holiday,county,co_char,city,weather,weather2,lightcond,surfcond,surftype,Number of Fatalities,nmforms,pforms,vforms,not_tm,arr_tm,hosp_tm,fhevent,hitrun,Manner of Collision,Manner of Collision,milepnt,reljunc,reljuncinter,intersectiontype,Intersection Type,funcsystem,landuse,ownership,route,schlbus,spejur,contdev,devfunc,trafid1,trafid2,x,y,zipcode,wk_zone,vnumber,crashtype,Crash Type,criticalevent,criticaleventcat,spdlim,body,trailer,emerg,hazcargo,leave,mhevent,roadalgn,roadprof,traflane,trafflow,Vehicle Manure,Vehicle Manure,numoccs,regowner,regstate,,spuse,make,model,modelyr,vrf1,vrf2,seqevent1,seqevent2,seqevent3,seqevent4,seqevent5,seqevent6,pnumber,ptype,age,sex,hispanic,race,injury,diedscene,restraint,restraintmisuse,seatpos,takehosp,death_dt,death_tm,cert,cernum_wa,commlic,licendor,licrestrict,liccomp,drivpres,drf1,drf2,drf3,drf4,distract1,distract2,distract3,distract4,distract5,distract6,dricond1,dricond2,dricond3,dricond4,dricond5,dricond6,dzip,licstate,drhgt_in,weight,noncdl,noncdltype,prevdwi,prevoth,prevacc,prevspd,prevsus,driviol1,driviol2,driviol3,driviol4,driviol5,driviol6,spdrel,first_dt,last_dt,airbag,ejection,ejectpath,extricat,injurwrk,methalc,methdrug,nmlocat,strikveh,prf1,prf2,prf3,druginv,alcinvol,drugsts,drugres1,drugres2,drugres3,drugtst1,drugtst2,drugtst3,alcsts,alctst,alcres,nmact1,nmact2,nmact3,nmact4,nmact5,nmact6,nmprior1,nmprior2,nmprior3,nmprior4,nmprior5,nmprior6,nmcond1,nmcond2,nmcond3,nmcond4,nmcond5,nmcond6,nmsafe_helmet,nmsafe_pads,nmsafe_oth,nmprev_ref,nmprev_lgt,nmprev_oth,crashlocation,nmcrashtype,crosswalk,schoolzone,sidewalk,train_inv,wildlife_inv,rotr_fars,intersect_fars,Drink and Drive,aid_inv,Drug Positive Drivers,Impaired Drivers,Marijuana Positive,impnm_inv,ainm_inv,dpnm_inv,speed_inv,unlic_inv,unendmc_inv,drowsy_inv,drdist_inv,nmdist_inv,fty_inv,unrestfat_inv,dr1617_inv,dr1820_inv,dr1620_inv,dr2125_inv,dr1625_inv,dr65_inv,dr70_inv,dr75_inv,mc_inv,pv_inv,ht_inv,ped_inv,bike_inv,unrest_fat,mc_fat,unhelmet_mc,pv_fat,ht_fat,ped_fat,bike_fat,dr_alc7,dr_alc8,dr_drug,dr_imp,dr_dist,dr_spd,dr_fty,dr_unlic,dr_alc7only,dr_alc8only,dr_drugonly,dr_drink,nm_imp,nm_alc7,nm_alc8,nm_drug,nm_dist,agegrp1,agegrp2,roadclass,urbrur,dayweek,restuse,vehtype,race_me,intersect,lanedep,oppdir,wrongway,rep_typ,investag,repag_long,rotr,st_rd,cty_rd,city_rd,oth_rd,drug_thc,thc_res,drug_cthc,cthc_res,drug_cann,prevpersemin,prevperse,prevsusoth,drugtst4,drugtst5,drugtst6,drugtst7,drugtst8,drugres4,drugres5,drugres6,drugres7,drugres8,adspresent,adsengaged,adslevel,race1,race2,race3,race4,race5,helmet,helmetmisuse,nmdistract1,nmdistract2,nmdistract3,nmdistract4,nmdistract5,nmdistract6,lab,isedtcase,crf1,crf2,crf3,CoRoadName,CoMP,IntCoRoadName,IntCoMP
2020,210,634848,4,06-26-2020,06:55,26,6,June,,63,Spokane,0,1,,1,1,2,1,1,1,1,07:11,07:26,07:40,9,0,0,No vehicle,5,1,0,1,No intersection,5,1,1,3,0,0,0,0,SR-206,,-117.2485944,47.79328333,99021,0,1,13,Pedestrian/Animal,83,5,50,62,0,0,1,2,9,1,1,2,1,1,Going Straight,1,3,16,,0,72,706,2001,0,,12,,,,,,1,1,37,8,7,,4,8,20,7,11,5,07/18/2020,20:20,1.60E+11,33582,0,0,3,2,1,0,,,,92,,,,,,98,,,,,,98532,53,67,155,6,1,0,3,0,0,,0,,,,,,0,01-15-2018,03-15-2020,20,8,0,0,0,9,8,,,0,,,8,8,2,996,401,417,1,1,1,2,1,0,,,,,,,,,,,,,,,,,,,,,,,,,,,,,,0,0,0,0,0,0,1,1,0,0,0,0,0,0,1,0,1,0,1,0,0,0,0,0,0,1,1,1,1,1,0,0,0,0,1,0,0,0,0,0,0,0,1,1,1,0,0,0,0,0,1,0,,,,,,36-40,36-45,County road,R,Saturday,,MC,White,0,0,0,0,County Road,County Sheriff,Lewis County Sheriff's Office,0,0,1,0,0,,,,,,0,0,1,1,1,,,,128,177,,,,0,0,0,1,,,,,19,0,,,,,,,,1,0,,,LARMON RD,3.394,,
2019,210,634041,4,05-05-2019,14:52,5,5,May,,1,Adams,0,1,0,1,1,2,1,0,1,1,,,,1,0,0,No vehicle,207.8,1,0,1,No intersection,1,1,1,1,0,0,0,0,I-90,,-118.6122,47.09911667,,1,1,98,Others,5,1,60,80,0,0,1,7,1,1,2,2,3,15,Others,1,1,48,,0,7,482,2006,0,,12,,,,,,1,1,76,1,0,,0,0,3,0,11,0,,,,,0,0,3,3,1,38,,,,92,,,,,,98,,,,,,98577,53,68,175,6,1,0,0,0,3,,97,,,,,,0,05-15-2016,04-15-2017,20,0,0,0,8,9,8,,,0,,,8,8,0,0,,,0,,,0,0,996,,,,,,,,,,,,,,,,,,,,,,,,,,,,,,0,0,0,0,0,0,1,1,0,0,0,0,0,0,1,0,1,0,1,0,0,0,0,0,0,1,1,1,1,1,0,0,0,0,0,,0,0,0,0,0,0,0,0,1,0,1,0,0,0,0,0,,,,,,76-80,76+,County road,R,Saturday,Belt Used,PV,Not Fatal,0,0,0,0,County Road,County Sheriff,Lewis County Sheriff's Office,0,0,1,0,0,,,,,,0,0,0,,,,,,,,,,,98,98,98,0,,,,,20,7,,,,,,,,1,0,,,LARMON RD,3.394,,
2021,210,635681,339,06-30-2021,21:53,30,6,June,,63,Spokane,2113,1,,3,1,2,1,1,3,2,,,,8,0,0,No vehicle,0,1,0,1,No intersection,3,2,4,6,0,0,0,0,N SULLIVAN RD,,-117.1967083,47.66645556,99216,0,2,98,Others,80,5,35,5,0,0,1,2,8,1,8,2,2,1,Going Straight,1,1,53,,0,12,880,2017,0,,12,,,,,,1,1,40,1,0,,0,0,3,0,11,0,,,,,0,0,0,3,1,0,,,,96,,,,,,0,,,,,,98857,53,78,270,6,1,0,0,0,0,,0,,,,,,0,,,1,0,0,0,8,9,8,,,0,,,8,8,8,95,,,96,,,8,95,995,,,,,,,,,,,,,,,,,,,,,,,,,,,,,,0,0,0,1,0,0,1,1,1,0,0,0,0,0,0,0,0,0,0,0,1,0,1,0,1,0,0,0,0,1,1,0,0,0,0,,0,0,0,0,0,0,0,0,0,0,0,0,0,0,0,0,,,,,,36-40,36-45,State route,R,Monday,,MHTRUCK,Not Fatal,1,0,0,0,State Route,State Patrol,Washington State Patrol,0,1,0,0,0,,,,,,0,0,0,,,,,,,,,,,98,98,98,0,,,,,20,7,,,,,,,,1,0,,,,,,
2021,210,635680,339,06-30-2021,21:53,30,6,June,,63,Spokane,2113,1,,3,1,2,1,1,3,2,,,,8,0,0,No vehicle,0,1,0,1,No intersection,3,2,4,6,0,0,0,0,N SULLIVAN RD,,-117.1967083,47.66645556,99216,0,1,13,Pedestrian/Animal,80,5,35,14,0,0,1,2,8,1,8,2,2,1,Going Straight,2,1,53,,0,20,32,1993,0,,12,,,,,,1,1,17,1,7,,4,0,3,0,11,0,07/20/2020,21:11,1.96E+11,33497,0,0,1,3,1,48,,,,96,,,,,,98,,,,,,98236,53,67,135,6,2,0,0,0,0,,0,,,,,,0,,,1,0,0,0,0,9,8,,,0,,,8,8,2,695,605,,1,1,,2,1,0,,,,,,,,,,,,,,,,,,,,,,,,,,,,,,0,0,0,1,0,0,1,1,1,0,0,0,0,0,0,0,0,0,0,0,1,0,1,0,1,0,0,0,0,1,1,0,0,0,0,,1,0,0,0,0,0,1,1,0,0,0,0,0,0,1,0,,,,,,16-17,16-25,State route,R,Monday,Belt Used,PV,White,1,0,0,0,State Route,State Patrol,Washington State Patrol,0,1,0,0,0,thc,0.87,carboxy-thc,7.8,,0,0,0,,,,,,,,,,,0,0,0,1,,,,,20,7,,,,,,,nms,1,0,,,,,,
2018,210,633370,290,07-02-2018,16:07,2,7,July,0,53,Pierce,2230,1,0,1,1,2,1,0,2,2,,,,12,0,6,Angle,0,2,0,2,4 Way,4,2,4,6,0,0,0,0,S OAKES ST,S 58TH ST,-122.4723139,47.20463056,98409,0,2,72,Others,60,4,35,4,0,0,1,7,12,1,1,2,1,11,Turning Red: Permitted on red,1,2,53,,0,37,441,2002,0,,63,43,,,,,1,1,54,8,7,,4,7,20,7,11,0,07/24/2020,06:26,30053036391,36391,0,0,0,3,1,8,30,50,,96,,,,,,98,,,,,,98579,53,72,170,6,1,0,0,0,1,,0,,,,,,0,11-15-2017,11-15-2017,8,0,0,0,0,9,8,,,0,,,8,8,2,401,695,605,1,1,1,2,1,0,,,,,,,,,,,,,,,,,,,,,,,,,,,,,,0,0,1,1,0,0,1,1,1,0,0,0,0,0,0,0,0,0,0,1,0,0,0,0,0,0,0,0,0,1,0,0,0,1,0,,1,0,0,0,0,0,1,1,0,0,0,0,0,0,1,0,,,,,,51-55,46-55,Interstate,U,Friday,Not Used,PV,White,1,0,0,1,State Route,Municipal/City Police,Centralia Police Department,0,1,0,0,0,thc,5.1,carboxy-thc,20,,0,0,0,,,,,,,,,,,98,98,98,1,,,,,20,7,,,,,,,nms,1,0,,,,,,
2018,210,633369,290,07-02-2018,16:07,2,7,July,0,53,Pierce,2230,1,0,1,1,2,1,0,2,2,,,,12,0,6,Angle,0,2,0,2,4 Way,4,2,4,6,0,0,0,0,S OAKES ST,S 58TH ST,-122.4723139,47.20463056,98409,0,1,73,Others,17,2,35,84,0,0,1,7,12,1,1,2,1,6,Others,1,1,53,,0,72,706,1991,0,,12,,,,,,1,1,64,1,0,,3,0,20,7,11,5,,,,,0,0,3,3,1,0,,,,96,,,,,,0,,,,,,98362,53,71,180,6,1,0,0,0,0,,0,,,,,,0,,,20,8,0,0,8,9,8,,,0,,,8,8,8,95,,,96,,,8,95,995,,,,,,,,,,,,,,,,,,,,,,,,,,,,,,0,0,0,0,0,0,0,0,0,0,0,0,0,0,0,0,0,0,1,0,0,0,0,0,0,0,0,0,1,1,0,0,0,0,0,0,0,0,0,0,0,0,0,0,0,0,0,0,0,0,0,0,,,,,,61-65,56-65,County road,R,Monday,,MC,Not Fatal,0,0,0,0,County Road,County Sheriff,Clallam County Sheriff's Office,0,0,1,0,0,,,,,,0,0,0,,,,,,,,,,,0,0,0,0,,,,,5,0,,,,,,,,1,0,,,O'BRIEN RD.,3.72,,
2021,211,635682,40,07-01-2021,14:37,1,7,July,,63,Spokane,0,1,,1,1,2,1,0,1,1,,,,24,0,0,No vehicle,0.8,1,0,1,No intersection,6,1,2,4,0,0,0,0,CR-S MALLOY PRAIRIE RD,,-117.7794194,47.44456944,99004,0,1,1,Driver Off Road,13,2,45,80,0,0,1,5,24,3,1,2,1,14,Making a U turn,1,1,53,,0,20,481,2006,0,,12,,,,,,1,1,34,2,0,,0,0,3,0,11,0,,,,,0,0,0,3,1,38,,,,96,,,,,,98,,,,,,98382,53,60,270,6,1,0,0,0,0,,46,,,,,,0,,,20,0,0,0,8,9,8,,,0,,,8,0,8,95,,,96,,,2,98,0,,,,,,,,,,,,,,,,,,,,,,,,,,,,,,0,0,0,0,0,0,0,0,0,0,0,0,0,0,0,0,0,0,1,0,0,0,0,0,0,0,0,0,1,1,0,0,0,0,0,,0,0,0,0,0,0,0,0,0,0,1,0,0,0,0,0,,,,,,31-35,26-35,County road,R,Monday,Belt Used,PV,Not Fatal,0,0,0,0,County Road,County Sheriff,Clallam County Sheriff's Office,0,0,1,0,0,,,,,,0,0,0,,,,,,,,,,,98,98,98,0,,,,,20,7,,,,,,,,1,0,,,O'BRIEN RD.,3.72,,
2020,211,634862,146,06-24-2020,10:45,24,6,June,,77,Yakima,0,1,,1,1,2,2,0,5,3,10:51,10:58,11:38,12,0,6,Angle,1.8,2,0,2,4 Way,5,1,2,4,0,3,0,0,CR-LATERAL A RD,KAYS RD,-120.4803361,46.492,98951,0,3,98,Others,62,4,55,34,0,0,1,5,12,1,1,2,1,1,Going Straight,2,2,53,,0,6,52,2007,0,,63,39,1,,,,1,1,40,1,7,,4,0,3,0,11,1,07/19/2020,17:18,2.11E+11,33789,0,0,3,2,1,0,,,,92,,,,,,0,,,,,,83854,16,73,233,1,1,1,0,0,0,,0,,,,,,0,12-15-2016,12-15-2016,20,0,0,0,0,9,8,,,0,,,8,8,2,1,,,1,,,2,1,0,,,,,,,,,,,,,,,,,,,,,,,,,,,,,,0,0,1,0,0,0,0,0,0,0,0,0,0,1,0,0,1,0,0,0,0,0,0,0,0,0,0,0,0,1,0,0,0,0,0,,1,0,0,0,0,0,0,0,1,0,0,1,0,0,0,0,,,,,,36-40,36-45,Interstate,R,Saturday,Belt Used,PV,White,0,1,0,0,State Route,State Patrol,Washington State Patrol,1,1,0,0,0,,,,,,0,1,0,,,,,,,,,,,98,98,98,1,,,,,20,7,,,,,,,,1,0,,,,,,
2020,211,634861,146,06-24-2020,10:45,24,6,June,,77,Yakima,0,1,,1,1,2,2,0,5,3,10:51,10:58,11:38,12,0,6,Angle,1.8,2,0,2,4 Way,5,1,2,4,0,3,0,0,CR-LATERAL A RD,KAYS RD,-120.4803361,46.492,98951,0,2,89,Others,66,4,55,66,0,0,2,2,12,1,1,2,1,1,Going Straight,1,3,53,,0,49,32,2014,0,,8,,,,,,1,1,23,1,0,,0,0,3,0,11,0,,,,,0,0,3,3,1,0,,,,96,,,,,,9,,,,,,98051,53,63,147,6,1,0,1,0,0,,12,,,,,,0,02-15-2018,02-15-2018,20,0,0,0,8,3,8,,,0,,,1,0,2,695,605,402,1,1,1,2,1,0,,,,,,,,,,,,,,,,,,,,,,,,,,,,,,0,0,0,0,0,0,1,1,1,1,1,0,0,0,0,0,0,0,0,0,0,0,0,1,1,0,0,0,0,1,0,1,0,0,0,,0,0,0,0,0,0,1,1,0,0,0,0,0,0,1,0,,,,,,21-25,16-25,State route,U,Saturday,Belt Used,PV,Not Fatal,0,0,0,0,State Route,Municipal/City Police,Kent Police Department,0,1,0,0,0,thc,3.1,carboxy-thc,25,,0,0,0,1,1,1,,,996,996,996,,,98,98,98,0,,,,,20,7,,,,,,,,1,0,,,,,,
2020,211,634860,146,06-24-2020,10:45,24,6,June,,77,Yakima,0,1,,1,1,2,2,0,5,3,10:51,10:58,11:38,12,0,6,Angle,1.8,2,0,2,4 Way,5,1,2,4,0,3,20,3,CR-LATERAL A RD,KAYS RD,-120.4803361,46.492,98951,0,1,88,Striking from the Left,17,2,50,14,0,0,1,2,12,1,1,2,1,1,Going Straight,2,2,53,,0,51,881,2000,0,,12,63,59,38,,,1,1,33,1,0,,0,0,3,0,11,0,,,,,6,0,0,3,1,0,,,,96,,,,,,0,,,,,,99301,53,71,183,6,1,0,1,1,0,,0,,,,,,0,02-15-2016,11-15-2019,1,0,0,0,8,3,8,,,0,,,8,8,2,1,,,1,,,2,1,0,,,,,,,,,,,,,,,,,,,,,,,,,,,,,,0,0,0,0,0,0,1,1,0,0,0,0,0,0,0,0,0,0,0,1,0,0,0,0,0,0,0,0,0,1,1,0,0,0,0,,0,0,0,0,0,0,0,0,0,0,0,0,0,0,0,0,,,,,,31-35,26-35,Interstate,U,Saturday,,MHTRUCK,Not Fatal,0,1,1,0,State Route,State Patrol,Washington State Patrol,0,1,0,0,0,,,,,,0,0,0,,,,,,,,,,,98,98,98,0,,,,,20,7,,,,,,,,1,0,,,,,,
2019,211,634162,25,06-28-2019,20:52,28,6,June,,33,King,1030,1,0,1,1,2,1,0,2,2,,,,1,0,0,No vehicle,0,3,0,3,T Intersection,7,2,4,6,0,0,0,0,SE 256TH ST,137TH AVE SE,-122.1583333,47.37242778,98042,0,2,98,Others,62,4,35,15,0,0,1,7,12,1,3,2,1,12,Others,1,3,53,,0,20,481,2000,0,,64,65,12,43,,,1,1,60,1,7,,4,7,20,7,11,0,07/18/2020,04:49,53032959,32959,6,0,0,3,1,0,,,,96,,,,,,9,,,,,,98935,53,73,210,6,1,0,0,0,0,,0,,,,,,0,,,1,1,9,0,0,9,1,,,0,,,1,8,2,996,996,401,1,1,1,2,1,0,,,,,,,,,,,,,,,,,,,,,,,,,,,,,,0,0,0,0,0,0,1,1,0,0,0,0,0,0,0,0,0,0,0,1,0,0,0,0,0,0,0,0,0,1,1,0,0,1,0,,1,0,0,0,0,0,1,1,0,0,0,0,0,0,1,0,,,,,,56-60,56-65,Interstate,U,Saturday,Not Used,PV,White,0,1,1,0,State Route,State Patrol,Washington State Patrol,0,1,0,0,0,,,,,,0,0,0,1,,,,,417,,,,,98,98,98,1,,,,,20,7,,,,,,,,1,0,,,,,,
2019,211,634161,25,06-28-2019,20:52,28,6,June,,33,King,1030,1,0,1,1,2,1,0,2,2,,,,1,0,0,No vehicle,0,3,0,3,T Intersection,7,2,4,6,0,0,0,0,SE 256TH ST,137TH AVE SE,-122.1583333,47.37242778,98042,0,1,98,Others,8,1,98,80,0,0,1,7,1,1,3,2,1,1,Going Straight,1,2,53,,0,12,481,1992,0,,63,69,68,64,93,,1,1,34,2,7,,4,7,20,7,11,0,07/17/2020,21:31,53033542,33542,0,0,3,2,1,58,,,,96,,,,,,0,,,,,,98349,53,65,150,1,1,0,1,0,0,,0,,,,,,0,11-15-2019,11-15-2019,20,1,2,0,0,9,8,,,0,,,8,8,2,401,417,695,1,1,1,2,1,0,,,,,,,,,,,,,,,,,,,,,,,,,,,,,,0,0,0,0,0,0,1,1,1,0,0,0,0,1,0,0,0,0,0,1,0,0,0,0,0,0,0,0,0,1,0,0,0,1,0,,1,0,0,0,0,0,1,1,0,0,0,1,0,0,1,0,,,,,,31-35,26-35,County road,U,Friday,Not Used,PV,White,0,1,0,0,County Road,County Sheriff,Law Enforcement Support Agency,1,0,1,0,0,thc,18,carboxy-thc,51,,0,0,1,1,,,,,605,,,,,0,0,0,1,,,,,20,7,,,,,,,nms,1,0,,,CRAMER RD NW,1.77,,
2018,211,633372,127,07-04-2018,02:14,4,7,July,5,33,King,735,1,0,2,1,2,2,0,2,1,,,,42,0,0,No vehicle,0,1,0,1,No intersection,3,2,4,6,0,0,0,0,SW 320TH ST,,-122.34905,47.31517778,98023,0,1,1,Driver Off Road,6,1,35,4,0,0,1,5,42,1,2,4,1,1,Going Straight,2,1,53,,0,7,482,2012,0,,12,63,17,,,,1,1,73,1,0,,1,0,3,0,11,5,,,,,0,0,3,3,1,0,,,,96,,,,,,98,,,,,,98840,53,76,220,6,1,0,1,0,0,,0,,,,,,0,06-15-2018,06-15-2018,8,0,0,0,8,9,8,,,0,,,8,8,8,95,,,96,,,8,95,995,,,,,,,,,,,,,,,,,,,,,,,,,,,,,,0,0,0,0,0,0,1,1,1,0,0,0,0,1,0,0,1,0,0,1,0,0,0,1,1,1,1,0,0,1,0,0,0,0,0,,0,0,0,0,0,0,0,0,0,0,0,0,0,0,0,0,,,,,,71-75,66-75,State route,R,Friday,Belt Used,PV,Not Fatal,0,1,1,0,State Route,State Patrol,Washington State Patrol,0,1,0,0,0,,,,,,0,0,0,,,,,,,,,,,98,98,98,0,,,,,20,7,,,,,,,,1,0,,,,,,
2017,211,632598,55,06-21-2017,21:56,21,6,June,0,33,King,100,1,0,3,1,2,1,0,2,2,,,,12,0,6,Angle,0,8,0,1,No intersection,5,2,4,6,0,0,0,0,A ST E,,-122.2289,47.27058056,98002,0,2,69,Initial Opposite Direction(Going Straight),62,4,35,80,0,0,1,5,12,1,1,5,5,1,Going Straight,1,1,53,,0,37,32,1990,0,,68,12,,,,,1,1,22,1,0,,3,0,20,7,11,5,,,,,0,0,0,0,1,28,,,,92,,,,,,98,,,,,,99998,53,71,150,0,0,0,0,0,0,,97,,,,,,0,,,20,0,0,0,8,9,8,,,0,,,8,8,2,401,417,695,1,1,1,2,1,0,,,,,,,,,,,,,,,,,,,,,,,,,,,,,,0,0,0,0,0,0,1,1,1,0,0,0,0,1,0,0,1,0,0,1,0,0,0,1,1,1,1,0,0,1,0,0,0,0,0,,0,0,0,0,0,0,1,1,1,0,0,1,0,0,1,0,,,,,,21-25,16-25,State route,R,Friday,Not Used,PV,Not Fatal,0,1,1,0,State Route,State Patrol,Washington State Patrol,0,1,0,0,0,thc,0.66,carboxy-thc,47,,0,0,0,1,,,,,605,,,,,0,0,0,0,,,,,20,7,,,,,,,nms,1,0,,,,,,
2017,211,632597,55,06-21-2017,21:56,21,6,June,0,33,King,100,1,0,3,1,2,1,0,2,2,,,,12,0,6,Angle,0,8,0,1,No intersection,5,2,4,6,0,0,0,0,A ST E,,-122.2289,47.27058056,98002,0,1,68,Initial Opposite Direction(Left/Right),15,2,35,4,0,0,1,5,12,1,1,5,5,11,Turning Red: Permitted on red,1,1,53,,0,99,999,9999,0,,63,8,,,,,1,1,999,9,0,,9,0,99,7,11,0,,,,,99,0,9,9,1,0,,,,92,,,,,,98,,,,,,99999,99,,999,9,9,99,99,99,99,,97,,,,,,0,,,99,0,0,0,8,9,8,,,0,,,8,8,0,0,,,0,,,0,0,996,,,,,,,,,,,,,,,,,,,,,,,,,,,,,,0,0,0,0,0,0,0,0,0,0,0,0,0,0,0,0,1,0,0,0,0,0,0,0,0,0,0,0,0,0,0,1,0,0,0,,0,0,0,0,0,0,0,0,1,0,0,0,0,0,0,0,,,,,,,,City street,U,Thursday,,NR-U,Not Fatal,0,0,0,0,City Street,Municipal/City Police,Kent Police Department,0,0,0,1,0,,,,,,99,99,99,,,,,,,,,,,98,98,98,0,,,,,20,7,,,,,,,,1,0,,,,,,
2021,212,635684,129,07-04-2021,13:56,4,7,July,,53,Pierce,747,1,,1,1,2,1,0,3,2,,,,12,0,6,Angle,0,2,0,3,T Intersection,3,2,4,6,0,3,0,0,PACIFIC HWY E,46th Ave E,-122.3673861,47.24308889,98424,0,2,88,Striking from the Left,66,4,35,14,0,0,1,2,12,1,1,5,5,1,Going Straight,2,2,53,,0,20,473,2015,0,,12,67,,,,,1,1,30,1,0,,3,0,3,0,11,5,,,,,0,0,0,3,1,0,,,,96,,,,,,0,,,,,,98848,53,74,195,6,1,0,0,0,0,,0,,,,,,0,,,8,0,0,0,8,9,8,,,0,,,8,8,0,0,,,0,,,0,0,996,,,,,,,,,,,,,,,,,,,,,,,,,,,,,,0,0,0,0,1,1,0,1,0,0,0,0,0,0,0,0,0,0,0,0,0,0,0,0,0,0,0,0,0,1,0,0,0,0,0,,0,0,0,0,0,0,0,0,0,0,0,0,0,0,0,0,,,,,,26-30,26-35,State route,R,Saturday,Belt Used,PV,Not Fatal,0,1,1,0,State Route,State Patrol,Washington State Patrol,0,1,0,0,0,,,,,,0,0,0,,,,,,,,,,,98,98,98,0,,,,,20,7,,,,,,,,1,0,,,,,,
2021,212,635683,129,07-04-2021,13:56,4,7,July,,53,Pierce,747,1,,1,1,2,1,0,3,2,,,,12,0,6,Angle,0,2,0,3,T Intersection,3,2,4,6,0,3,20,3,PACIFIC HWY E,46th Ave E,-122.3673861,47.24308889,98424,0,1,89,Others,17,2,20,4,0,0,1,2,12,1,1,2,1,1,Going Straight,1,1,53,,0,35,39,2001,0,,63,69,68,12,63,24,1,1,41,1,0,,3,0,3,0,11,5,,,,,0,0,0,3,1,58,91,,,0,,,,,,8,9,,,,,98848,53,64,188,6,1,0,0,0,0,,1,,,,,,0,,,8,0,0,0,8,9,8,,,0,,,8,1,2,1,,,1,,,2,1,0.19,,,,,,,,,,,,,,,,,,,,,,,,,,,,,,0,0,0,0,1,1,0,1,0,0,0,0,0,0,0,0,0,0,0,0,0,0,0,0,0,0,0,0,0,1,0,0,0,0,0,,0,0,0,0,0,1,0,1,0,0,0,0,0,1,0,1,,,,,,41-45,36-45,State route,R,Saturday,Belt Used,PV,Not Fatal,0,1,1,0,State Route,State Patrol,Washington State Patrol,0,1,0,0,0,,,,,,0,0,0,,,,,,,,,,,98,98,98,0,,,,,20,7,,,,,,,,1,0,,,,,,
2020,212,634866,8,06-27-2020,00:30,27,6,June,,27,Grays Harbor,0,10,,2,1,2,1,0,2,1,00:42,01:01,01:57,42,0,0,No vehicle,24.3,1,0,1,No intersection,5,1,1,3,0,0,0,0,SR-109,,-124.1831861,47.15524444,98535,0,1,1,Driver Off Road,13,2,50,4,0,0,1,2,42,3,1,2,1,14,Making a U turn,2,1,53,,0,53,705,2004,0,,63,24,,,,,1,1,30,1,7,,4,7,20,7,11,0,07/18/2020,12:55,53035843,35843,0,0,0,3,1,0,,,,96,,,,,,98,,,,,,97756,41,69,165,6,1,0,0,0,0,,0,,,,,,3,04-15-2015,12-15-2016,20,8,0,0,0,9,8,,,0,,,8,8,2,695,605,,1,1,,2,1,0,,,,,,,,,,,,,,,,,,,,,,,,,,,,,,0,0,0,0,0,0,1,1,1,0,0,0,1,0,0,0,0,0,0,0,0,0,0,0,0,0,0,0,1,0,0,0,0,0,1,0,0,0,0,0,0,0,1,1,0,1,0,0,0,0,1,0,,,,,,26-30,26-35,Other,R,Saturday,,MC,White,0,1,0,0,Other,County Sheriff,Skamania County Sheriff's Office,1,0,0,0,1,thc,13,carboxy-thc,33,,0,0,2,,,,,,,,,,,0,0,0,1,,,,,5,0,,,,,,,nms,1,0,,,,,,
2019,212,634163,120,06-30-2019,01:10,30,6,June,,33,King,670,1,0,3,1,2,1,1,1,1,,,,8,0,0,No vehicle,16.3,1,0,1,No intersection,4,2,1,3,0,0,0,0,SR-410,,-121.9749361,47.199325,98022,0,1,13,Pedestrian/Animal,11,2,40,4,0,0,1,5,8,1,1,3,5,1,Going Straight,1,1,53,,0,20,481,2007,0,,12,,,,,,1,1,48,1,0,,0,0,3,0,11,0,,,,,0,0,0,3,1,0,,,,96,,,,,,0,,,,,,99344,53,72,180,6,1,0,0,0,1,,0,,,,,,0,09-15-2019,09-15-2019,8,0,0,0,8,9,8,,,0,,,8,8,0,0,,,0,,,0,0,996,,,,,,,,,,,,,,,,,,,,,,,,,,,,,,0,0,0,1,0,0,1,1,0,0,0,0,0,0,0,0,0,0,1,0,0,0,0,0,0,1,1,0,0,1,0,0,0,0,0,,0,0,0,0,0,0,0,0,0,0,0,0,0,0,0,0,,,,,,46-50,46-55,State route,U,Saturday,Belt Used,PV,Not Fatal,1,0,0,0,State Route,State Patrol,Washington State Patrol,0,1,0,0,0,,,,,,0,0,0,,,,,,,,,,,98,98,98,0,,,,,20,7,,,,,,,,1,0,,,,,,
2018,212,633373,250,07-01-2018,02:03,1,7,July,0,5,Benton,1850,1,0,3,1,2,1,1,1,1,,,,8,0,0,No vehicle,0,3,0,2,4 Way,4,2,4,6,0,0,2,3,JADWIN AVE,SYMONS ST,-119.2774694,46.28936111,99354,0,1,13,Pedestrian/Animal,80,5,35,6,0,0,1,7,8,1,1,2,1,1,Going Straight,1,1,53,,0,21,20,1998,0,,12,,,,,,1,1,74,1,6,,4,0,3,0,11,5,06/26/2020,16:23,2.11E+11,30399,0,0,0,3,1,38,,,,96,,,,,,98,,,,,,99344,53,66,200,6,1,0,0,0,0,,0,,,,,,0,,,8,0,0,0,0,9,8,,,0,,,8,8,2,151,,,1,,,2,1,0,,,,,,,,,,,,,,,,,,,,,,,,,,,,,,0,0,0,1,0,0,1,1,0,0,0,0,0,0,0,0,0,0,1,0,0,0,0,0,0,1,1,0,0,1,0,0,0,0,0,,1,0,0,0,0,0,1,1,0,0,1,0,0,0,1,0,,,,,,71-75,66-75,State route,U,Saturday,Belt Used,PV,Hispanic,1,0,0,0,State Route,State Patrol,Washington State Patrol,0,1,0,0,0,,,,,,0,0,0,,,,,,,,,,,0,0,0,1,,,,,20,7,,,,,,,,1,0,,,,,,