year,something,Cases,repjur,crash_dt,crash_tm,accday,Month,Month,holiday,county,co_char,city,weather,weather2,lightcond,surfcond,surftype,Number of Fatalities,nmforms,pforms,vforms,not_tm,arr_tm,hosp_tm,fhevent,hitrun,Manner of Collision,Manner of Collision,milepnt,reljunc,reljuncinter,intersectiontype,Intersection Type,funcsystem,landuse,ownership,route,schlbus,spejur,contdev,devfunc,trafid1,trafid2,x,y,zipcode,wk_zone,vnumber,crashtype,Crash Type,criticalevent,criticaleventcat,spdlim,body,trailer,emerg,hazcargo,leave,mhevent,roadalgn,roadprof,traflane,trafflow,Vehicle Manure,Vehicle Manure,numoccs,regowner,regstate,,spuse,make,model,modelyr,vrf1,vrf2,seqevent1,seqevent2,seqevent3,seqevent4,seqevent5,seqevent6,pnumber,ptype,age,sex,hispanic,race,injury,diedscene,restraint,restraintmisuse,seatpos,takehosp,death_dt,death_tm,cert,cernum_wa,commlic,licendor,licrestrict,liccomp,drivpres,drf1,drf2,drf3,drf4,distract1,distract2,distract3,distract4,distract5,distract6,dricond1,dricond2,dricond3,dricond4,dricond5,dricond6,dzip,licstate,drhgt_in,weight,noncdl,noncdltype,prevdwi,prevoth,prevacc,prevspd,prevsus,driviol1,driviol2,driviol3,driviol4,driviol5,driviol6,spdrel,first_dt,last_dt,airbag,ejection,ejectpath,extricat,injurwrk,methalc,methdrug,nmlocat,strikveh,prf1,prf2,prf3,druginv,alcinvol,drugsts,drugres1,drugres2,drugres3,drugtst1,drugtst2,drugtst3,alcsts,alctst,alcres,nmact1,nmact2,nmact3,nmact4,nmact5,nmact6,nmprior1,nmprior2,nmprior3,nmprior4,nmprior5,nmprior6,nmcond1,nmcond2,nmcond3,nmcond4,nmcond5,nmcond6,nmsafe_helmet,nmsafe_pads,nmsafe_oth,nmprev_ref,nmprev_lgt,nmprev_oth,crashlocation,nmcrashtype,crosswalk,schoolzone,sidewalk,train_inv,wildlife_inv,rotr_fars,intersect_fars,Drink and Drive,aid_inv,Drug Positive Drivers,Impaired Drivers,Marijuana Positive,impnm_inv,ainm_inv,dpnm_inv,speed_inv,unlic_inv,unendmc_inv,drowsy_inv,drdist_inv,nmdist_inv,fty_inv,unrestfat_inv,dr1617_inv,dr1820_inv,dr1620_inv,dr2125_inv,dr1625_inv,dr65_inv,dr70_inv,dr75_inv,mc_inv,pv_inv,ht_inv,ped_inv,bike_inv,unrest_fat,mc_fat,unhelmet_mc,pv_fat,ht_fat,ped_fat,bike_fat,dr_alc7,dr_alc8,dr_drug,dr_imp,dr_dist,dr_spd,dr_fty,dr_unlic,dr_alc7only,dr_alc8only,dr_drugonly,dr_drink,nm_imp,nm_alc7,nm_alc8,nm_drug,nm_dist,agegrp1,agegrp2,roadclass,urbrur,dayweek,restuse,vehtype,race_me,intersect,lanedep,oppdir,wrongway,rep_typ,investag,repag_long,rotr,st_rd,cty_rd,city_rd,oth_rd,drug_thc,thc_res,drug_cthc,cthc_res,drug_cann,prevpersemin,prevperse,prevsusoth,drugtst4,drugtst5,drugtst6,drugtst7,drugtst8,drugres4,drugres5,drugres6,drugres7,drugres8,adspresent,adsengaged,adslevel,race1,race2,race3,race4,race5,helmet,helmetmisuse,nmdistract1,nmdistract2,nmdistract3,nmdistract4,nmdistract5,nmdistract6,lab,isedtcase,crf1,crf2,crf3,CoRoadName,CoMP,IntCoRoadName,IntCoMP
2017,212,632608,5,06-25-2017,19:00,25,6,June,0,41,Lewis,0,1,0,1,1,2,1,0,1,1,19:04,19:13,19:26,24,0,0,No vehicle,2,1,0,1,No intersection,4,1,1,3,0,0,0,0,SR-7,,-122.2570583,46.57463889,98356,0,1,1,Driver Off Road,13,2,55,80,0,0,1,2,24,3,2,2,1,14,Making a U turn,1,1,53,,0,12,481,1995,0,,12,,,,,,1,1,20,1,0,,0,0,3,0,11,0,,,,,0,0,0,3,1,0,,,,96,,,,,,0,,,,,,98938,53,67,172,6,1,0,0,0,1,,0,,,,,,0,04-15-2019,04-15-2019,20,0,0,0,8,9,8,,,0,,,8,8,2,1,,,1,,,2,1,0,,,,,,,,,,,,,,,,,,,,,,,,,,,,,,0,0,0,0,0,0,0,0,0,0,0,0,0,1,0,0,0,0,1,0,0,1,1,0,1,0,0,0,0,1,0,0,0,0,0,,0,0,0,0,0,0,0,0,0,0,0,0,0,0,0,0,,,,,,18-20,16-25,County road,R,Tuesday,Belt Used,PV,Not Fatal,0,0,0,0,County Road,County Sheriff,Yakima County Sheriff's Office,0,0,1,0,0,,,,,,0,0,0,,,,,,,,,,,0,0,0,0,,,,,20,7,,,,,,,,1,0,,,WENDELL PHILLIPS RD.,0.6,,
2020,213,634868,4,06-29-2020,19:42,29,6,June,,63,Spokane,2113,1,,1,1,2,1,0,2,2,19:43,19:53,20:20,12,0,6,Angle,7.3,2,0,3,T Intersection,3,2,1,3,0,0,20,3,SR-290,BUTLER RD,-117.2623306,47.68517778,99206,0,2,82,Turn Into Opp Direction(Turning Left),66,4,98,34,0,0,1,2,12,1,1,8,1,11,Turning Red: Permitted on red,1,1,30,,0,98,733,2005,0,,12,,,,,,1,1,14,1,1,,4,7,20,7,11,0,07/14/2020,16:40,53034557,34557,0,0,0,1,1,38,,,,96,,,,,,98,,,,,,98944,53,,999,0,0,0,0,0,0,,0,,,,,,0,,,20,1,9,0,0,9,8,,,0,,,8,8,2,1,,,1,,,2,1,0,,,,,,,,,,,,,,,,,,,,,,,,,,,,,,0,0,0,0,0,0,0,0,0,0,0,0,0,1,0,0,0,0,1,0,0,1,1,0,1,0,0,0,0,1,0,0,0,0,0,,0,0,0,0,0,0,0,0,0,0,1,1,0,0,0,0,,,,,,Oct-15,0-15,County road,R,Tuesday,,OTHVT,Hispanic,0,0,0,0,County Road,County Sheriff,Yakima County Sheriff's Office,0,0,1,0,0,,,,,,0,0,0,,,,,,,,,,,0,0,0,98,,,,,17,7,,,,,,,,1,0,,,WENDELL PHILLIPS RD.,0.6,,
2021,213,635685,5,07-02-2021,08:29,2,7,July,,15,Cowlitz,0,10,,1,1,2,1,0,2,1,,,,30,0,0,No vehicle,55.2,3,0,2,4 Way,3,2,1,3,0,0,3,3,SR-4,COAL CREEK RD,-123.0258028,46.17668056,,0,1,6,Drive off road,12,2,50,34,0,0,1,2,30,1,1,5,1,1,Going Straight,2,2,53,,0,35,47,2004,0,,63,8,,,,,1,1,19,1,0,,0,0,3,0,11,0,,,,,0,0,1,3,1,0,,,,0,,,,,,2,,,,,,99202,53,68,170,6,2,0,0,0,0,,97,,,,,,0,,,20,0,0,0,8,9,8,,,0,,,8,8,0,0,,,0,,,0,0,996,,,,,,,,,,,,,,,,,,,,,,,,,,,,,,0,0,1,0,0,0,0,0,0,0,0,0,0,0,0,1,0,0,0,0,0,1,1,0,1,0,0,0,0,1,0,1,0,0,0,,0,0,0,0,0,0,0,0,0,0,0,0,0,0,0,0,,,,,,18-20,16-25,City street,U,Friday,Belt Used,PV,Not Fatal,0,0,0,0,City Street,Municipal/City Police,Spokane Police Department,0,0,0,1,0,,,,,,0,0,0,,,,,,,,,,,98,98,98,0,,,,,20,7,,,,,,,,1,0,,,,,,
2020,213,634867,4,06-29-2020,19:42,29,6,June,,63,Spokane,2113,1,,1,1,2,1,0,2,2,19:43,19:53,20:20,12,0,6,Angle,7.3,2,0,3,T Intersection,3,2,1,3,0,0,0,0,SR-290,BUTLER RD,-117.2623306,47.68517778,99206,0,1,83,Others,67,4,50,4,0,0,1,2,12,1,1,5,5,1,Going Straight,1,2,53,,0,37,706,2003,0,,9,,,,,,1,1,55,1,0,,3,0,20,7,11,5,,,,,0,0,0,3,1,0,,,,96,,,,,,0,,,,,,85086,4,73,185,6,1,0,0,0,0,,0,,,,,,0,,,20,8,0,0,8,3,8,,,0,,,8,8,8,95,,,96,,,8,95,995,,,,,,,,,,,,,,,,,,,,,,,,,,,,,,0,0,0,1,0,0,0,0,0,0,0,0,0,0,0,0,0,0,0,0,0,0,0,0,0,0,0,0,1,0,0,0,1,0,0,0,0,0,0,0,0,0,0,0,0,0,0,0,0,0,0,0,,,,,,51-55,46-55,State route,R,Sunday,,MC,Not Fatal,1,0,0,0,State Route,State Patrol,Washington State Patrol,0,1,0,0,0,,,,,,0,0,0,,,,,,,,,,,0,0,0,0,,,,,19,0,,,,,,,,1,0,,,,,,
2019,213,634165,42,06-29-2019,02:43,29,6,June,,67,Thurston,0,1,0,2,1,1,1,0,2,2,,,,12,0,2,Front-to-Front,8.2,1,0,1,No intersection,4,2,2,4,0,0,0,0,CR-YELM HWY SE,,-122.7474222,46.9855,98513,0,2,51,Lateral Move(Going Straight),62,4,50,34,0,0,1,5,12,4,2,2,1,14,Making a U turn,1,1,53,,0,30,46,2000,0,,63,17,1,,,,1,1,55,1,0,,9,0,3,0,11,5,,,,,0,0,0,3,1,0,,,,96,,,,,,9,,,,,,98404,53,67,195,6,1,0,0,0,0,,97,,,,,,0,,,20,0,0,0,8,9,8,,,0,,,1,8,2,151,,,1,,,2,1,0,,,,,,,,,,,,,,,,,,,,,,,,,,,,,,0,0,1,0,0,0,1,1,0,0,0,0,0,0,0,0,0,0,0,0,0,0,0,0,0,0,0,0,0,1,0,0,0,0,0,,0,0,0,0,0,0,1,1,0,0,0,0,0,0,1,0,,,,,,51-55,46-55,County road,U,Tuesday,Belt Used,PV,Not Fatal,0,1,0,0,County Road,County Sheriff,Law Enforcement Support Agency,1,0,1,0,0,,,,,,0,0,0,,,,,,,,,,,98,98,98,0,,,,,20,7,,,,,,,,1,0,,,WALLER RD E,0.94,,
2019,213,634164,42,06-29-2019,02:43,29,6,June,,67,Thurston,0,1,0,2,1,1,1,0,2,2,,,,12,0,2,Front-to-Front,8.2,1,0,1,No intersection,4,2,2,4,0,0,0,0,CR-YELM HWY SE,,-122.7474222,46.9855,98513,0,1,50,Lateral Move(Left/Right),10,2,50,6,0,0,1,7,12,4,2,2,1,14,Making a U turn,1,1,53,,0,51,46,2000,0,,68,64,42,,,,1,1,37,2,7,,4,7,20,7,11,0,07-10-2020,00:15,53031570,31570,0,0,0,3,1,0,,,,96,,,,,,9,,,,,,98346,53,61,223,6,1,0,0,0,0,,0,,,,,,0,,,1,0,0,0,0,9,8,,,0,,,8,1,2,124,996,,1,1,,2,1,0.173,,,,,,,,,,,,,,,,,,,,,,,,,,,,,,0,0,0,0,1,1,1,1,0,0,0,0,0,0,0,0,0,0,0,1,0,0,0,0,0,0,0,0,0,1,0,0,0,1,0,,1,0,0,0,0,1,1,1,0,0,0,0,0,0,0,1,,,,,,36-40,36-45,County road,R,Friday,Not Used,PV,AIAN,0,1,0,0,County Road,County Sheriff,Kitsap County Sheriff's Office,1,0,1,0,0,,,,,,0,0,0,,,,,,,,,,,98,98,98,3,,,,,20,7,,,,,,,,1,0,,,MILLER BAY RD NE,1.938,,
2018,213,633375,7,07-04-2018,20:06,4,7,July,5,33,King,1960,10,0,1,1,1,1,0,1,1,,,,25,0,0,No vehicle,0.4,5,1,1,No intersection,1,2,1,1,0,0,0,0,I-5 RAMP 005Q116177,,-122.3134389,47.54968333,98108,0,1,1,Driver Off Road,13,2,98,80,0,0,1,7,25,3,2,2,6,14,Making a U turn,1,1,53,,0,51,881,2019,0,,12,,,,,,1,1,58,8,0,,0,0,3,0,11,0,,,,,6,1,0,3,1,0,,,,96,,,,,,0,,,,,,98422,53,72,190,6,1,0,0,0,0,,0,,,,,,0,,,20,0,0,0,8,9,8,,,0,,,8,8,0,0,,,0,,,0,0,996,,,,,,,,,,,,,,,,,,,,,,,,,,,,,,0,0,0,1,0,0,1,1,0,0,0,0,0,0,0,0,0,0,0,0,0,0,0,0,0,0,0,0,0,1,1,0,0,0,0,,0,0,0,0,0,0,0,0,0,0,0,0,0,0,0,0,,,,,,56-60,56-65,City street,U,Saturday,,MHTRUCK,Not Fatal,1,0,0,0,City Street,Municipal/City Police,Auburn Police Department,0,0,0,1,0,,,,,,0,0,0,,,,,,,,,,,98,98,98,0,,,,,20,7,,,,,,,,1,0,,,,,,
2017,213,632677,2,06-21-2017,03:17,21,6,June,0,57,Skagit,50,1,0,3,1,2,1,1,1,1,,,,8,0,0,No vehicle,51.9,3,0,2,4 Way,3,2,1,3,0,0,2,3,SR-20,COMMERCIAL AVE,-122.6126361,48.51261389,98221,0,1,13,Pedestrian/Animal,80,5,25,66,1,0,1,5,8,1,1,4,1,11,Turning Red: Permitted on red,1,3,53,,0,12,37,2003,0,,12,,,,,,1,1,57,1,7,,4,7,99,7,11,0,07-11-2020,00:16,10053032950,32950,0,0,0,3,1,39,,,,96,,,,,,98,,,,,,98003,53,70,243,6,1,0,1,0,0,,0,,,,,,0,12-15-2015,12-15-2015,99,0,0,0,0,9,8,,,0,,,8,8,2,401,417,128,1,1,1,2,1,0,,,,,,,,,,,,,,,,,,,,,,,,,,,,,,0,0,0,1,0,0,1,1,0,0,0,0,0,0,0,0,0,0,0,0,0,0,0,0,0,0,0,0,0,1,1,0,0,0,0,,1,0,0,0,0,0,1,1,0,0,0,0,0,0,1,0,,,,,,56-60,56-65,City street,U,Saturday,Unknown,PV,White,1,0,0,0,City Street,Municipal/City Police,Auburn Police Department,0,0,0,1,0,,,,,,0,0,0,1,,,,,177,,,,,98,98,98,1,,,,,20,7,,,,,,,,1,0,,,,,,
2021,214,635686,2,06-23-2021,11:21,23,6,June,,73,Whatcom,0,1,,1,0,0,1,0,3,2,,,,12,0,6,Angle,86.4,8,0,1,No intersection,5,1,1,3,0,0,0,0,SR-9,,-122.3095472,48.876775,98247,0,1,82,Turn Into Opp Direction(Turning Left),15,2,0,5,0,0,1,2,12,0,0,0,0,11,Turning Red: Permitted on red,2,1,53,,0,12,880,2006,0,,63,35,1,,,,1,1,18,1,7,,4,7,20,7,11,0,07-11-2020,01:29,53031933,31933,0,0,0,3,1,58,,,,96,,,,,,9,,,,,,99171,53,74,165,6,1,0,0,0,0,,0,,,,,,0,,,20,1,3,0,0,1,8,,,0,,,0,1,8,95,,,96,,,2,1,0.25,,,,,,,,,,,,,,,,,,,,,,,,,,,,,,0,0,0,0,1,1,0,1,0,0,0,0,0,0,0,0,0,0,0,0,0,1,1,0,1,0,0,0,0,0,1,0,0,0,0,,0,1,0,0,0,1,0,1,0,0,0,0,0,1,0,1,,,,,,18-20,16-25,State route,R,Saturday,,MHTRUCK,White,0,1,0,0,State Route,State Patrol,Washington State Patrol,1,1,0,0,0,,,,,,0,0,0,,,,,,,,,,,98,98,98,1,,,,,20,7,,,,,,,,1,0,,,,,,
2020,214,634870,2,07-01-2020,20:22,1,7,July,,73,Whatcom,740,10,,5,8,1,1,0,3,2,,,,12,0,2,Front-to-Front,261,1,0,1,No intersection,1,2,1,1,0,0,0,0,I-5,,-122.5583417,48.82795833,99248,0,2,52,Others,54,3,70,4,0,0,1,2,12,1,1,2,2,1,Going Straight,1,2,53,,0,42,55,2016,0,,15,,,,,,1,1,24,2,0,,0,0,3,0,11,0,,,,,0,0,0,3,1,0,,,,96,,,,,,0,,,,,,94509,6,62,110,6,1,0,0,0,1,,0,,,,,,0,02-15-2019,02-15-2019,20,0,0,0,8,9,8,,,0,,,8,8,0,0,,,0,,,0,0,996,,,,,,,,,,,,,,,,,,,,,,,,,,,,,,0,0,0,1,0,0,0,0,0,1,0,1,0,0,0,0,0,0,0,0,0,0,0,1,1,0,0,0,0,1,0,1,0,0,0,,0,0,0,0,0,0,0,0,0,0,0,0,0,0,0,0,,,,,,21-25,16-25,State route,U,Sunday,Belt Used,PV,Not Fatal,1,0,0,0,State Route,State Patrol,Washington State Patrol,0,1,0,0,0,,,,,,0,0,0,,,,,,,,,,,98,98,98,0,,,,,20,7,,,,,,,,1,0,,,,,,
2020,214,634869,2,07-01-2020,20:22,1,7,July,,73,Whatcom,740,10,,5,8,1,1,0,3,2,,,,12,0,2,Front-to-Front,261,1,0,1,No intersection,1,2,1,1,0,0,0,0,I-5,,-122.5583417,48.82795833,99248,0,1,52,Others,54,3,70,4,0,0,1,2,12,1,1,2,2,1,Going Straight,2,2,53,,0,37,31,1996,0,,64,1,,,,,1,1,38,8,1,,4,0,20,7,11,5,07-11-2020,13:52,1.96E+11,32510,0,0,0,3,1,0,,,,96,,,,,,9,,,,,,98948,53,67,180,6,1,0,1,0,0,,0,,,,,,0,09-15-2018,09-15-2018,20,1,9,0,0,9,8,,,0,,,1,8,2,695,401,417,1,1,1,2,1,0,,,,,,,,,,,,,,,,,,,,,,,,,,,,,,0,0,1,0,0,0,1,1,1,0,0,0,0,0,0,0,0,0,0,1,0,0,0,0,0,0,0,0,0,1,0,0,0,1,0,,1,0,0,0,0,0,1,1,0,0,0,0,0,0,1,0,,,,,,36-40,36-45,Interstate,R,Thursday,Not Used,PV,Hispanic,0,1,0,0,State Route,State Patrol,Washington State Patrol,1,1,0,0,0,,,carboxy-thc,22,,0,0,0,,,,,,,,,,,0,0,0,1,,,,,20,7,,,,,,,,1,0,,,,,,
2019,214,634166,35,07-06-2019,15:27,6,7,July,,53,Pierce,0,1,0,1,1,2,1,0,2,1,,,,1,0,0,No vehicle,2.1,3,0,3,T Intersection,5,1,2,4,0,0,0,0,CR-WHITEMAN ROAD KP S,33RD ST SW,-122.7907861,47.22729444,98349,0,1,7,Control/Traction Loss,9,1,40,20,0,0,1,7,1,3,2,2,1,14,Making a U turn,2,1,53,,0,20,421,1993,0,,64,1,,,,,1,1,19,2,0,,1,0,20,7,11,5,,,,,0,0,0,2,1,58,,,,96,,,,,,98,,,,,,98902,53,65,160,1,1,0,0,1,2,,97,,,,,,0,05-15-2017,07-15-2020,20,0,0,0,8,3,2,,,0,,,8,8,0,0,,,0,,,0,0,996,,,,,,,,,,,,,,,,,,,,,,,,,,,,,,0,0,0,0,0,0,0,0,0,0,0,0,0,1,0,0,0,0,0,1,0,1,1,0,1,0,0,0,0,1,0,0,0,0,0,,0,0,0,0,0,0,0,0,0,0,0,1,0,0,0,0,,,,,,18-20,16-25,Other,R,Friday,Not Used,PV,Not Fatal,0,1,0,0,Other,County Sheriff,Yakima County Sheriff's Office,1,0,0,0,1,,,,,,0,0,1,,,,,,,,,,,0,0,0,0,,,,,20,7,,,,,,,,1,0,,,,,,
2018,214,633378,330,07-06-2018,22:01,6,7,July,0,77,Yakima,2590,1,0,3,1,8,1,0,4,3,22:02,22:08,22:22,12,0,6,Angle,0,2,0,2,4 Way,4,2,4,6,0,0,20,3,TIETON DR,S 58TH AVE,-120.5857806,46.59276944,98908,0,3,98,Others,67,4,35,2,0,0,1,5,12,8,8,2,1,5,Others,2,2,53,,0,85,881,2012,0,,63,1,,,,,1,1,34,1,6,,4,7,3,0,11,0,06/29/2020,08:00,53032248,32248,6,1,0,3,1,0,,,,96,,,,,,98,,,,,,98902,53,76,260,6,1,0,2,1,2,,0,,,,,,4,03-15-2016,01-15-2018,20,0,0,0,1,9,8,,,0,,,8,8,2,1,,,1,,,2,1,0,,,,,,,,,,,,,,,,,,,,,,,,,,,,,,0,0,1,0,0,0,0,0,0,0,0,0,1,0,0,0,0,0,0,0,0,0,0,0,0,0,0,0,0,0,1,0,0,0,0,,0,1,0,0,0,0,0,0,0,1,0,0,0,0,0,0,,,,,,31-35,26-35,Other,R,Monday,,MHTRUCK,Hispanic,0,1,0,0,Other,County Sheriff,Skamania County Sheriff's Office,1,0,0,0,1,,,,,,0,0,1,,,,,,,,,,,98,98,98,98,,,,,20,7,,,,,,,,1,0,,,,,,
2018,214,633377,330,07-06-2018,22:01,6,7,July,0,77,Yakima,2590,1,0,3,1,2,1,0,4,3,22:02,22:08,22:22,12,0,6,Angle,0,2,0,2,4 Way,4,2,4,6,0,0,0,0,TIETON DR,S 58TH AVE,-120.5857806,46.59276944,98908,0,2,68,Initial Opposite Direction(Left/Right),15,2,35,14,0,0,1,7,12,1,1,4,1,11,Turning Red: Permitted on red,1,2,53,,0,49,422,2002,0,,12,,,,,,1,1,67,2,7,,4,7,3,0,11,0,07-03-2020,12:43,53030903,30903,0,0,0,3,1,0,,,,96,,,,,,0,,,,,,98295,53,68,178,6,1,0,0,0,0,,0,,,,,,0,,,8,0,0,0,0,9,8,,,0,,,8,8,2,155,,,1,,,2,1,0,,,,,,,,,,,,,,,,,,,,,,,,,,,,,,0,0,0,1,0,0,1,1,0,0,0,0,0,0,0,0,0,0,1,0,0,0,0,0,0,1,0,0,0,1,1,0,0,0,0,,1,0,0,0,0,0,1,1,0,0,0,0,0,0,1,0,,,,,,66-70,66-75,State route,U,Friday,Belt Used,PV,API,1,0,0,0,State Route,State Patrol,Washington State Patrol,0,1,0,0,0,,,,,,0,0,0,,,,,,,,,,,98,98,98,7,,,,,20,7,,,,,,,,1,0,,,,,,
2018,214,633376,330,07-06-2018,22:01,6,7,July,0,77,Yakima,2590,1,0,3,1,2,1,0,4,3,22:02,22:08,22:22,12,0,6,Angle,0,2,0,2,4 Way,4,2,4,6,0,0,0,0,TIETON DR,S 58TH AVE,-120.5857806,46.59276944,98908,0,1,69,Initial Opposite Direction(Going Straight),17,2,35,80,0,0,1,7,12,1,1,4,1,1,Going Straight,1,1,53,,0,85,881,2012,0,,68,12,,,,,1,1,47,1,0,,0,0,3,0,11,0,,,,,99,9,9,9,1,28,38,,,96,,,,,,98,,,,,,0,95,,999,9,9,99,99,99,99,,97,,,,,,0,,,20,0,0,0,8,9,8,,,0,,,8,8,2,402,407,,1,1,,2,1,0,,,,,,,,,,,,,,,,,,,,,,,,,,,,,,0,0,0,1,0,0,1,1,0,0,0,0,0,0,0,0,0,0,1,0,0,0,0,0,0,1,0,0,0,1,1,0,0,0,0,,0,0,0,0,0,0,1,1,0,0,1,0,0,0,1,0,,,,,,46-50,46-55,State route,U,Friday,,MHTRUCK,Not Fatal,1,0,0,0,State Route,State Patrol,Washington State Patrol,0,1,0,0,0,,,,,,99,99,99,,,,,,,,,,,98,98,98,0,,,,,20,7,,,,,,,,1,0,,,,,,
2017,214,632631,1,06-25-2017,07:22,25,6,June,0,77,Yakima,0,1,0,1,1,2,1,0,2,2,07:23,07:35,,12,0,6,Angle,2.1,4,0,1,No intersection,3,1,1,3,0,0,3,3,SR-24,BIRCHFIELD RD,-120.4679111,46.58484722,98901,0,2,76,Others,66,4,55,34,0,0,1,2,12,1,1,2,1,11,Turning Red: Permitted on red,1,1,53,,0,34,402,2007,0,,63,53,41,38,,,1,1,35,1,7,,4,7,3,0,11,0,06/29/2020,22:03,2.11E+11,30082,0,0,0,0,1,8,,,,96,,,,,,98,,,,,,99206,53,76,220,0,0,0,0,0,0,,0,,,,,,3,,,8,0,0,0,0,9,8,,,0,,,8,8,2,151,,,1,,,2,1,0.186,,,,,,,,,,,,,,,,,,,,,,,,,,,,,,0,0,1,0,1,1,1,1,0,0,0,0,1,1,0,0,0,0,0,0,0,0,0,0,0,0,0,0,0,1,0,0,0,0,0,,1,0,0,0,0,1,1,1,0,1,0,1,0,0,0,1,,,,,,31-35,26-35,City street,U,Monday,Belt Used,PV,White,0,0,0,1,City Street,Municipal/City Police,Spokane Valley Police Department,0,0,0,1,0,,,,,,0,0,0,,,,,,,,,,,98,98,98,1,,,,,20,7,,,,,,,,1,0,,,,,,
2017,214,632630,1,06-25-2017,07:22,25,6,June,0,77,Yakima,0,1,0,1,1,2,1,0,2,2,07:23,07:35,,12,0,6,Angle,2.1,4,0,1,No intersection,3,1,1,3,0,0,3,3,SR-24,BIRCHFIELD RD,-120.4679111,46.58484722,98901,0,1,77,Others,17,2,55,4,0,0,1,2,12,1,1,5,1,1,Going Straight,1,1,53,,0,55,33,2009,0,,63,42,30,38,,,1,1,82,1,7,,4,0,3,0,11,5,07-08-2020,10:40,2.37E+11,31228,0,0,3,3,1,28,,,,92,,,,,,0,,,,,,98683,53,71,150,6,1,0,0,0,0,,69,,,,,,0,,,8,0,0,0,0,9,8,,,0,,,8,8,2,177,,,1,,,2,1,0,,,,,,,,,,,,,,,,,,,,,,,,,,,,,,0,0,1,0,0,0,1,1,0,0,0,0,0,0,0,0,1,0,0,0,0,0,0,0,0,1,1,1,0,1,0,0,0,0,0,,1,0,0,0,0,0,1,1,1,0,0,0,0,0,1,0,,,,,,81+,76+,City street,U,Sunday,Belt Used,PV,White,0,1,0,0,City Street,Municipal/City Police,Vancouver Police Department,1,0,0,1,0,,,,,,0,0,0,,,,,,,,,,,98,98,98,1,,,,,20,7,,,,,,,,1,0,,,,,,
2021,214,635687,2,06-23-2021,11:21,23,6,June,,73,Whatcom,0,1,,1,1,2,1,0,3,2,,,,12,0,6,Angle,86.4,8,0,1,No intersection,5,1,1,3,0,0,0,0,SR-9,,-122.3095472,48.876775,98247,0,2,83,Others,67,4,50,66,1,0,1,5,12,1,1,2,1,1,Going Straight,1,3,95,,0,98,734,2019,0,,1,,,,,,1,1,38,1,7,,4,7,20,7,11,0,06/28/2020,00:35,53029841,29841,0,0,0,1,1,0,,,,96,,,,,,9,,,,,,98223,53,74,245,6,1,0,0,0,0,,0,,,,,,4,,,20,2,9,0,0,9,8,,,0,,,8,1,2,1,,,1,,,2,1,0.22,,,,,,,,,,,,,,,,,,,,,,,,,,,,,,0,0,0,0,1,1,0,1,0,0,0,0,1,0,0,0,0,0,0,0,0,0,0,0,0,0,0,0,0,0,0,0,0,0,0,,0,0,0,0,0,1,0,1,0,1,0,0,0,1,0,1,,,,,,36-40,36-45,County road,R,Sunday,,OTHVT,White,0,1,0,0,County Road,County Sheriff,Spokane County Sheriff's Office,1,0,1,0,0,,,,,,0,0,0,,,,,,,,,,,0,0,0,1,,,,,17,7,,,,,,,,1,0,,,HAYS RD,0.65,,
2021,215,635688,7,06-25-2021,00:50,25,6,June,,33,King,100,1,,2,1,2,1,0,1,1,,,,25,0,0,No vehicle,3,1,0,1,No intersection,2,2,1,3,0,0,0,0,SR-18,,-122.2621917,47.303825,98001,0,1,1,Driver Off Road,13,2,60,2,0,0,1,2,25,2,4,2,3,14,Making a U turn,1,2,53,,0,39,32,2013,0,,8,8,,,,,1,1,27,1,0,,0,0,3,0,11,0,,,,,0,0,0,3,1,8,39,,,96,,,,,,9,,,,,,98106,53,67,130,6,1,0,0,1,0,,97,,,,,,0,08-15-2017,08-15-2017,20,0,0,0,8,3,8,,,0,,,1,8,2,401,417,,1,1,,2,1,0,,,,,,,,,,,,,,,,,,,,,,,,,,,,,,0,0,0,0,0,0,1,1,0,1,0,1,0,0,0,0,0,0,0,0,0,0,0,0,0,0,0,0,0,1,0,1,0,0,0,,0,0,0,0,0,0,1,1,0,0,0,0,0,0,1,0,,,,,,26-30,26-35,Interstate,U,Saturday,Belt Used,PV,Not Fatal,0,0,0,0,State Route,State Patrol,Washington State Patrol,0,1,0,0,0,,,,,,0,0,0,,,,,,,,,,,98,98,98,0,,,,,20,7,,,,,,,,1,0,,,,,,
2020,215,634871,4,07-03-2020,21:02,3,7,July,,63,Spokane,0,1,,5,1,2,1,0,1,1,21:02,21:10,,11,0,0,No vehicle,299.3,1,0,1,No intersection,3,1,1,2,0,0,0,0,US-2,,-117.3514028,47.93073056,99003,0,1,13,Pedestrian/Animal,87,6,60,80,0,0,1,2,11,1,2,2,1,1,Going Straight,1,1,53,,0,20,481,2004,0,,63,14,,,,,1,1,58,1,0,,0,0,3,0,11,0,,,,,0,0,0,3,1,91,,,,96,,,,,,9,,,,,,98037,53,67,155,6,1,0,0,0,2,,1,12,,,,,0,10-15-2017,03-15-2018,1,0,0,0,8,3,2,,,0,,,1,8,2,515,513,695,1,1,1,2,1,0,,,,,,,,,,,,,,,,,,,,,,,,,,,,,,0,0,0,0,0,0,1,1,1,0,0,0,0,0,0,0,0,0,0,0,0,0,0,0,0,0,0,0,0,1,0,0,0,0,0,,0,0,0,0,0,0,1,1,0,0,0,0,0,0,1,0,,,,,,56-60,56-65,Interstate,R,Monday,Belt Used,PV,Not Fatal,0,1,0,0,State Route,State Patrol,Washington State Patrol,1,1,0,0,0,thc,1,carboxy-thc,20,,0,0,0,1,,,,,605,,,,,98,98,98,0,,,,,20,7,,,,,,,,1,23,,,,,,