year,something,Cases,repjur,crash_dt,crash_tm,accday,Month,Month,holiday,county,co_char,city,weather,weather2,lightcond,surfcond,surftype,Number of Fatalities,nmforms,pforms,vforms,not_tm,arr_tm,hosp_tm,fhevent,hitrun,Manner of Collision,Manner of Collision,milepnt,reljunc,reljuncinter,intersectiontype,Intersection Type,funcsystem,landuse,ownership,route,schlbus,spejur,contdev,devfunc,trafid1,trafid2,x,y,zipcode,wk_zone,vnumber,crashtype,Crash Type,criticalevent,criticaleventcat,spdlim,body,trailer,emerg,hazcargo,leave,mhevent,roadalgn,roadprof,traflane,trafflow,Vehicle Manure,Vehicle Manure,numoccs,regowner,regstate,,spuse,make,model,modelyr,vrf1,vrf2,seqevent1,seqevent2,seqevent3,seqevent4,seqevent5,seqevent6,pnumber,ptype,age,sex,hispanic,race,injury,diedscene,restraint,restraintmisuse,seatpos,takehosp,death_dt,death_tm,cert,cernum_wa,commlic,licendor,licrestrict,liccomp,drivpres,drf1,drf2,drf3,drf4,distract1,distract2,distract3,distract4,distract5,distract6,dricond1,dricond2,dricond3,dricond4,dricond5,dricond6,dzip,licstate,drhgt_in,weight,noncdl,noncdltype,prevdwi,prevoth,prevacc,prevspd,prevsus,driviol1,driviol2,driviol3,driviol4,driviol5,driviol6,spdrel,first_dt,last_dt,airbag,ejection,ejectpath,extricat,injurwrk,methalc,methdrug,nmlocat,strikveh,prf1,prf2,prf3,druginv,alcinvol,drugsts,drugres1,drugres2,drugres3,drugtst1,drugtst2,drugtst3,alcsts,alctst,alcres,nmact1,nmact2,nmact3,nmact4,nmact5,nmact6,nmprior1,nmprior2,nmprior3,nmprior4,nmprior5,nmprior6,nmcond1,nmcond2,nmcond3,nmcond4,nmcond5,nmcond6,nmsafe_helmet,nmsafe_pads,nmsafe_oth,nmprev_ref,nmprev_lgt,nmprev_oth,crashlocation,nmcrashtype,crosswalk,schoolzone,sidewalk,train_inv,wildlife_inv,rotr_fars,intersect_fars,Drink and Drive,aid_inv,Drug Positive Drivers,Impaired Drivers,Marijuana Positive,impnm_inv,ainm_inv,dpnm_inv,speed_inv,unlic_inv,unendmc_inv,drowsy_inv,drdist_inv,nmdist_inv,fty_inv,unrestfat_inv,dr1617_inv,dr1820_inv,dr1620_inv,dr2125_inv,dr1625_inv,dr65_inv,dr70_inv,dr75_inv,mc_inv,pv_inv,ht_inv,ped_inv,bike_inv,unrest_fat,mc_fat,unhelmet_mc,pv_fat,ht_fat,ped_fat,bike_fat,dr_alc7,dr_alc8,dr_drug,dr_imp,dr_dist,dr_spd,dr_fty,dr_unlic,dr_alc7only,dr_alc8only,dr_drugonly,dr_drink,nm_imp,nm_alc7,nm_alc8,nm_drug,nm_dist,agegrp1,agegrp2,roadclass,urbrur,dayweek,restuse,vehtype,race_me,intersect,lanedep,oppdir,wrongway,rep_typ,investag,repag_long,rotr,st_rd,cty_rd,city_rd,oth_rd,drug_thc,thc_res,drug_cthc,cthc_res,drug_cann,prevpersemin,prevperse,prevsusoth,drugtst4,drugtst5,drugtst6,drugtst7,drugtst8,drugres4,drugres5,drugres6,drugres7,drugres8,adspresent,adsengaged,adslevel,race1,race2,race3,race4,race5,helmet,helmetmisuse,nmdistract1,nmdistract2,nmdistract3,nmdistract4,nmdistract5,nmdistract6,lab,isedtcase,crf1,crf2,crf3,CoRoadName,CoMP,IntCoRoadName,IntCoMP
2019,215,634167,5,06-30-2019,12:36,30,6,June,,15,Cowlitz,0,1,0,1,1,2,1,0,1,1,,,,24,0,0,No vehicle,42.6,1,0,1,No intersection,4,1,1,3,0,0,0,0,SR-503,,-122.553275,45.96415,,0,1,6,Drive off road,6,1,50,80,0,0,1,7,24,3,2,2,1,14,Making a U turn,1,1,53,,0,20,473,2005,0,,12,,,,,,1,1,43,2,0,,3,0,99,7,11,5,,,,,0,0,0,3,1,0,,,,96,,,,,,0,,,,,,98406,53,61,110,6,1,0,1,1,0,,0,,,,,,0,03-15-2017,03-15-2017,1,0,0,0,8,9,8,,,0,,,8,8,8,95,,,96,,,8,95,995,,,,,,,,,,,,,,,,,,,,,,,,,,,,,,0,0,0,0,0,0,1,1,1,0,0,0,1,0,0,0,0,0,0,0,0,0,0,0,0,0,0,0,0,1,0,0,0,0,0,,0,0,0,0,0,0,0,0,0,0,0,0,0,0,0,0,,,,,,41-45,36-45,City street,U,Monday,Unknown,PV,Not Fatal,0,1,1,0,City Street,Municipal/City Police,Tacoma Police Department,0,0,0,1,0,,,,,,0,0,1,,,,,,,,,,,98,98,98,0,,,,,20,7,,,,,,,,1,0,,,,,,
2018,215,633371,34,07-02-2018,09:28,2,7,July,0,51,Pend Oreille,0,1,0,1,1,2,1,0,1,1,09:29,09:41,,1,0,0,No vehicle,13.9,1,0,1,No intersection,5,1,2,4,0,0,0,0,CR-LECLERC RD S,,-117.2410417,48.30667222,99156,0,1,6,Drive off road,13,2,50,90,0,0,1,5,1,4,1,2,1,14,Making a U turn,1,1,53,,0,37,31,1999,0,,68,12,,,,,1,1,39,1,7,,4,7,99,7,11,0,07-06-2020,15:38,2.23E+11,31638,0,0,0,2,1,28,,,,96,,,,,,98,,,,,,98405,53,71,200,6,1,0,0,0,0,,0,,,,,,4,04-15-2020,04-15-2020,1,0,0,0,0,9,8,,,0,,,8,8,2,401,417,128,1,1,1,2,1,0,,,,,,,,,,,,,,,,,,,,,,,,,,,,,,0,0,0,0,0,0,1,1,1,0,0,0,1,0,0,0,0,0,0,0,0,0,0,0,0,0,0,0,0,1,0,0,0,0,0,,1,0,0,0,0,0,1,1,0,1,0,0,0,0,1,0,,,,,,36-40,36-45,City street,U,Monday,Unknown,PV,White,0,1,1,0,City Street,Municipal/City Police,Tacoma Police Department,0,0,0,1,0,thc,27,carboxy-thc,27,,0,0,1,1,1,1,,,177,157,695,605,,0,0,0,1,,,,,20,7,,,,,,,0,1,0,,,,,,
2017,215,632626,7,06-27-2017,14:32,27,6,June,0,33,King,0,1,0,1,1,2,1,0,4,1,,,,32,0,0,No vehicle,5.3,1,0,1,No intersection,6,1,2,4,0,0,0,0,CR-KELLY RD NE,,-121.9085194,47.73242778,98019,0,1,1,Driver Off Road,13,2,45,6,0,0,1,2,32,1,1,2,1,1,Going Straight,4,2,53,,0,73,704,2019,0,,12,68,12,,,,1,1,30,1,7,,4,7,20,7,11,0,07-03-2020,21:45,53031120,31120,0,0,0,3,1,0,,,,96,,,,,,98,,,,,,98383,53,69,205,6,1,0,0,0,0,,0,,,,,,4,,,20,8,0,0,0,9,8,,,0,,,8,8,2,1,,,1,,,2,1,0.176,,,,,,,,,,,,,,,,,,,,,,,,,,,,,,0,0,0,0,1,1,0,1,0,0,0,0,1,0,0,0,0,0,0,0,0,0,0,0,0,0,0,0,1,1,0,0,0,0,1,0,0,0,0,0,0,1,0,1,0,1,0,0,0,1,0,1,,,,,,26-30,26-35,County road,U,Friday,,MC,White,0,0,0,0,County Road,County Sheriff,Kitsap County Sheriff's Office,0,0,1,0,0,,,,,,0,0,0,,,,,,,,,,,0,0,0,1,,,,,5,0,,,,,,,,1,0,,,SILVERDALE WAY NW,0.241,,
2017,216,3790610,40,06-11-2017,12:44,11,6,June,0,63,Spokane,0,1,0,1,1,2,1,0,1,1,,,,30,0,0,No vehicle,1.8,1,0,1,No intersection,6,1,2,4,0,0,0,0,CR-W RUTER PKWY,,-117.5084667,47.77288333,99208,0,1,7,Control/Traction Loss,6,1,45,80,0,0,1,2,30,1,1,2,1,1,Going Straight,1,2,53,,0,55,33,2011,0,,12,,,,,,1,1,61,1,0,,0,0,3,0,11,0,,,,,0,0,3,3,1,0,,,,96,,,,,,0,,,,,,98383,53,68,155,6,1,0,0,0,0,,0,,,,,,0,,,20,0,0,0,8,9,8,,,0,,,8,8,0,0,,,0,,,0,0,996,,,,,,,,,,,,,,,,,,,,,,,,,,,,,,0,0,0,0,1,1,0,1,0,0,0,0,1,0,0,0,0,0,0,0,0,0,0,0,0,0,0,0,1,1,0,0,0,0,0,,0,0,0,0,0,0,0,0,0,0,0,0,0,0,0,0,,,,,,61-65,56-65,County road,U,Friday,Belt Used,PV,Not Fatal,0,0,0,0,County Road,County Sheriff,Kitsap County Sheriff's Office,0,0,1,0,0,,,,,,0,0,0,,,,,,,,,,,98,98,98,0,,,,,20,7,,,,,,,,1,0,,,SILVERDALE WAY NW,0.241,,
2021,216,635689,1,06-30-2021,11:12,30,6,June,,77,Yakima,0,1,,1,1,2,1,0,2,1,,,,25,0,0,No vehicle,63.1,1,0,1,No intersection,4,2,1,2,0,3,0,0,US-97,,-120.3545306,46.38761944,98951,0,1,6,Drive off road,11,2,55,4,0,0,1,2,25,1,1,2,3,1,Going Straight,2,2,53,,0,53,33,2006,0,,12,,,,,,1,1,61,2,0,,0,0,3,0,11,0,,,,,0,0,3,3,1,0,,,,96,,,,,,0,,,,,,98383,53,64,110,6,1,0,0,0,0,,0,,,,,,0,,,20,0,0,0,8,9,8,,,0,,,8,8,0,0,,,0,,,0,0,996,,,,,,,,,,,,,,,,,,,,,,,,,,,,,,0,0,0,0,1,1,0,1,0,0,0,0,1,0,0,0,0,0,0,0,0,0,0,0,0,0,0,0,1,1,0,0,0,0,0,,0,0,0,0,0,0,0,0,0,0,0,0,0,0,0,0,,,,,,61-65,56-65,County road,U,Friday,Belt Used,PV,Not Fatal,0,0,0,0,County Road,County Sheriff,Kitsap County Sheriff's Office,0,0,1,0,0,,,,,,0,0,0,,,,,,,,,,,98,98,98,0,,,,,20,7,,,,,,,,1,0,,,SILVERDALE WAY NW,0.241,,
2020,216,634872,4,07-04-2020,02:55,4,7,July,,63,Spokane,2113,1,,3,1,1,1,0,1,1,03:03,03:07,,1,0,0,No vehicle,0.3,5,1,1,No intersection,1,2,1,1,0,0,0,0,I-90 RAMP 090S128446,,-117.3244639,47.65614722,99260,0,1,98,Others,13,2,98,4,0,0,1,2,1,3,2,2,6,14,Making a U turn,1,1,53,,0,41,35,2001,0,,63,1,,,,,1,1,21,1,7,,4,7,20,7,11,0,07-04-2020,02:55,2.11E+11,31061,0,0,3,3,1,58,,,,96,,,,,,9,,,,,,99201,53,63,115,6,1,0,1,1,0,,0,,,,,,4,07-15-2018,07-15-2018,1,1,9,0,0,1,8,,,0,,,8,1,2,1,,,1,,,2,1,0.208,,,,,,,,,,,,,,,,,,,,,,,,,,,,,,0,0,0,0,1,1,0,1,0,0,0,0,1,0,0,0,0,0,0,1,0,0,0,1,1,0,0,0,0,1,0,0,0,1,0,,1,0,0,0,0,1,0,1,0,1,0,0,0,1,0,1,,,,,,21-25,16-25,Interstate,U,Saturday,Not Used,PV,White,0,1,0,0,State Route,State Patrol,Washington State Patrol,1,1,0,0,0,,,,,,0,0,0,,,,,,,,,,,98,98,98,1,,,,,20,7,,,,,,,,1,0,,,,,,
2019,216,634169,1,06-22-2019,23:31,22,6,June,,77,Yakima,0,1,0,2,1,2,1,0,2,2,,,,12,0,2,Front-to-Front,3,1,0,1,No intersection,5,1,2,4,0,3,0,0,CR-LATERAL A RD,,-120.4804694,46.47728333,98951,0,2,51,Lateral Move(Going Straight),62,4,55,4,0,0,1,7,12,1,1,2,1,1,Going Straight,1,2,53,,0,72,706,2007,0,,11,68,64,35,42,,1,1,56,1,7,,4,7,20,7,11,0,07-03-2020,21:02,53031950,31950,0,0,0,3,1,0,,,,0,,,,,,0,,,,,,99009,53,74,230,6,1,0,1,0,3,,0,,,,,,0,07-15-2016,11-15-2019,20,8,0,0,0,1,8,,,0,,,8,1,2,401,417,605,1,1,1,2,1,0.035,,,,,,,,,,,,,,,,,,,,,,,,,,,,,,0,1,0,0,1,0,1,1,1,0,0,0,0,0,0,0,0,0,0,0,0,0,0,0,0,0,0,0,1,0,0,0,0,0,1,1,0,0,0,0,1,0,1,1,0,0,0,0,0,0,0,1,,,,,,56-60,56-65,US highway,R,Friday,,MC,White,0,0,0,0,State Route,State Patrol,Washington State Patrol,0,1,0,0,0,thc,0.94,,,,0,0,0,,,,,,,,,,,0,0,0,1,,,,,16,0,,,,,,,nms,1,0,,,,,,
2019,216,634168,1,06-22-2019,23:31,22,6,June,,77,Yakima,0,1,0,2,1,2,1,0,2,2,,,,12,0,2,Front-to-Front,3,1,0,1,No intersection,5,1,2,4,0,3,0,0,CR-LATERAL A RD,,-120.4804694,46.47728333,98951,0,1,50,Lateral Move(Left/Right),10,2,55,1,0,0,1,7,12,1,1,2,1,1,Going Straight,1,1,53,,0,49,40,2001,0,,12,,,,,,1,1,18,2,0,,1,0,3,0,11,4,,,,,0,0,0,3,1,0,,,,96,,,,,,0,,,,,,98248,53,66,160,6,2,0,0,1,1,,0,,,,,,0,01-15-2019,07-15-2020,1,0,0,0,8,9,8,,,0,,,8,8,8,95,,,96,,,8,95,995,,,,,,,,,,,,,,,,,,,,,,,,,,,,,,0,0,0,0,1,1,0,1,0,0,0,0,0,0,0,0,0,0,0,0,0,1,1,0,1,1,1,1,0,1,0,0,0,0,0,,0,0,0,0,0,0,0,0,0,0,0,0,0,0,0,0,,,,,,18-20,16-25,Interstate,U,Wednesday,Belt Used,PV,Not Fatal,0,0,0,1,State Route,State Patrol,Washington State Patrol,0,1,0,0,0,,,,,,0,0,0,,,,,,,,,,,98,98,98,0,,,,,20,7,,,,,,,,1,0,,,,,,
2018,216,633380,7,07-06-2018,22:43,6,7,July,0,33,King,1960,1,0,3,1,2,1,0,1,3,,,,24,0,0,No vehicle,19.3,1,0,1,No intersection,3,2,1,3,0,0,0,0,SR-99,,-122.3252833,47.52755833,98108,0,1,6,Drive off road,12,2,60,4,0,0,1,2,24,1,1,2,2,1,Going Straight,1,2,53,,0,59,34,1998,0,,12,,,,,,1,1,75,1,0,,3,0,3,0,11,5,,,,,8,0,0,3,1,51,,,,96,,,,,,9,,,,,,98388,53,70,230,6,1,0,2,2,0,,1,12,,,,,0,08-15-2019,06-15-2019,1,0,0,0,8,3,8,,,0,,,1,1,2,1,,,1,,,2,1,0.13,,,,,,,,,,,,,,,,,,,,,,,,,,,,,,0,0,0,0,1,1,0,1,0,0,0,0,0,0,0,0,0,0,0,0,0,1,1,0,1,1,1,1,0,1,0,0,0,0,0,,0,0,0,0,0,1,0,1,0,0,0,0,0,1,0,1,,,,,,71-75,66-75,Interstate,U,Wednesday,Belt Used,PV,Not Fatal,0,0,0,1,State Route,State Patrol,Washington State Patrol,0,1,0,0,0,,,,,,0,0,0,,,,,,,,,,,0,0,0,0,,,,,20,7,,,,,,,,1,0,,,,,,
2021,217,635691,4,07-06-2021,19:00,6,7,July,,65,Stevens,0,1,,1,1,2,1,0,2,2,,,,12,0,6,Angle,232.7,2,0,3,T Intersection,3,1,1,2,0,0,0,0,US-395,MANTZ-RICKY RD,-117.9030139,48.52184722,99114,0,2,83,Others,67,4,60,14,0,0,1,2,12,1,1,2,1,1,Going Straight,1,1,53,,0,20,481,2001,0,,12,,,,,,1,1,36,1,7,,4,7,20,7,11,0,06/29/2020,19:42,2.11E+11,29869,0,0,0,3,1,0,,,,96,,,,,,9,,,,,,59935,30,,999,6,1,0,0,98,0,,0,,,,,,0,,,1,1,9,0,0,1,8,,,0,,,1,1,2,695,605,,1,1,,2,1,0.064,,,,,,,,,,,,,,,,,,,,,,,,,,,,,,0,0,0,1,1,1,1,1,1,0,0,0,1,0,0,0,0,0,0,1,0,0,0,1,1,0,0,0,0,1,0,0,0,1,0,,1,0,0,0,1,0,1,1,0,0,0,0,0,0,0,1,,,,,,36-40,36-45,State route,U,Monday,Not Used,PV,White,1,0,0,0,State Route,State Patrol,Washington State Patrol,0,1,0,0,0,thc,888,carboxy-thc,42,,0,0,0,,,,,,,,,,,98,98,98,1,,,,,20,7,,,,,,,nms,1,0,,,,,,
2021,217,635690,4,07-06-2021,19:00,6,7,July,,65,Stevens,0,1,,1,1,2,1,0,2,2,,,,12,0,6,Angle,232.7,2,0,3,T Intersection,3,1,1,2,0,0,20,3,US-395,MANTZ-RICKY RD,-117.9030139,48.52184722,99114,0,1,82,Turn Into Opp Direction(Turning Left),15,2,35,34,0,0,1,5,12,1,1,2,1,11,Turning Red: Permitted on red,1,1,53,,0,30,40,1998,0,,12,,,,,,1,1,22,1,0,,3,0,3,0,11,5,,,,,0,0,3,3,1,8,91,,,96,,,,,,9,,,,,,43004,39,74,200,6,1,1,2,2,2,,1,,,,,,3,02-15-2016,02-15-2020,1,0,0,0,8,1,8,,,0,,,8,1,8,95,,,96,,,2,1,0.17,,,,,,,,,,,,,,,,,,,,,,,,,,,,,,0,0,0,1,1,1,1,1,1,0,0,0,1,0,0,0,0,0,0,1,0,0,0,1,1,0,0,0,0,1,0,0,0,0,0,,0,0,0,0,0,1,0,1,0,1,0,0,0,1,0,1,,,,,,21-25,16-25,State route,U,Monday,Belt Used,PV,Not Fatal,1,0,0,0,State Route,State Patrol,Washington State Patrol,0,1,0,0,0,,,,,,1,0,1,,,,,,,,,,,0,0,0,0,,,,,20,7,,,,,,,,1,0,,,,,,
2020,217,634875,26,07-03-2020,21:45,3,7,July,,35,Kitsap,0,1,,5,1,2,1,0,3,3,,,,12,0,1,Front-to-Rear,0.2,1,0,1,No intersection,3,2,2,4,0,0,0,0,CR-SILVERDALE WAY NW,,-122.7007583,47.64053056,98383,0,3,24,Others,51,3,30,80,0,0,1,2,12,1,1,2,1,1,Going Straight,1,1,53,,0,35,43,2004,0,,63,42,,,,,1,1,27,1,0,,2,0,3,0,11,5,,,,,0,0,0,3,1,91,,,,96,,,,,,9,,,,,,98346,53,69,140,6,1,0,0,0,1,,1,,,,,,4,02-15-2018,02-15-2018,1,0,0,0,8,9,8,,,0,,,8,1,8,95,,,96,,,8,95,995,,,,,,,,,,,,,,,,,,,,,,,,,,,,,,0,0,1,0,1,0,0,0,0,0,0,0,1,0,0,0,0,0,0,0,0,0,0,0,0,0,0,0,0,1,0,0,0,0,0,,0,0,0,0,0,0,0,0,0,1,0,0,0,0,0,1,,,,,,26-30,26-35,State route,R,Saturday,Belt Used,PV,Not Fatal,0,1,0,0,State Route,State Patrol,Washington State Patrol,1,1,0,0,0,,,,,,0,0,0,,,,,,,,,,,98,98,98,0,,,,,20,7,,,,,,,,1,0,,,,,,
2020,217,634874,26,07-03-2020,21:45,3,7,July,,35,Kitsap,0,1,,5,1,2,1,0,3,3,,,,12,0,1,Front-to-Rear,0.2,1,0,1,No intersection,3,2,2,4,0,0,0,0,CR-SILVERDALE WAY NW,,-122.7007583,47.64053056,98383,0,2,98,Others,62,4,30,4,0,0,1,5,12,1,1,2,1,1,Going Straight,1,1,53,,0,12,471,2004,0,,12,,,,,,1,1,39,1,0,,0,0,99,7,11,0,,,,,0,0,0,3,1,0,,,,96,,,,,,0,,,,,,98271,53,68,140,6,1,0,0,0,0,,0,,,,,,0,,,99,0,0,0,8,9,8,,,0,,,8,8,0,0,,,0,,,0,0,996,,,,,,,,,,,,,,,,,,,,,,,,,,,,,,0,0,1,0,0,0,1,1,0,0,0,0,1,0,0,0,0,0,0,0,1,0,1,0,1,0,0,0,0,1,0,0,0,0,0,,0,0,0,0,0,0,0,0,0,0,0,0,0,0,0,0,,,,,,36-40,36-45,State route,U,Thursday,Unknown,PV,Not Fatal,0,1,1,0,State Route,Municipal/City Police,Everett Police Department,0,1,0,0,0,,,,,,0,0,0,,,,,,,,,,,98,98,98,0,,,,,20,7,,,,,,,,1,0,,,,,,
2020,217,634873,26,07-03-2020,21:45,3,7,July,,35,Kitsap,0,1,,5,1,2,1,0,3,3,,,,12,0,1,Front-to-Rear,0.2,1,0,1,No intersection,3,2,2,4,0,0,0,0,CR-SILVERDALE WAY NW,,-122.7007583,47.64053056,98383,0,1,25,Others,53,3,30,4,0,0,1,2,12,1,1,2,1,1,Going Straight,1,1,53,,0,12,481,2019,0,,12,12,,,,,1,1,36,1,0,,1,0,3,0,11,5,,,,,0,0,0,3,1,0,,,,96,,,,,,0,,,,,,98275,53,66,175,6,1,0,1,0,1,,0,,,,,,0,06-15-2020,03-15-2020,99,0,0,0,8,9,8,,,0,,,8,8,0,0,,,0,,,0,0,996,,,,,,,,,,,,,,,,,,,,,,,,,,,,,,0,0,1,0,0,0,1,1,0,0,0,0,1,0,0,0,0,0,0,0,1,0,1,0,1,0,0,0,0,1,0,0,0,0,0,,0,0,0,0,0,0,0,0,0,0,0,0,0,0,0,0,,,,,,36-40,36-45,State route,U,Thursday,Belt Used,PV,Not Fatal,0,1,1,0,State Route,Municipal/City Police,Everett Police Department,0,1,0,0,0,,,,,,0,0,0,,,,,,,,,,,98,98,98,0,,,,,20,7,,,,,,,,1,0,,,,,,
2019,217,634179,160,06-30-2019,22:09,30,6,June,,33,King,1030,10,0,3,1,2,1,0,10,4,,,,12,0,7,"Sideswipe,Same",6.6,1,0,1,No intersection,3,2,1,3,0,0,0,0,SR-516,,-122.2188556,47.38076111,98030,0,4,98,Others,98,7,40,4,0,0,1,5,12,1,2,2,2,1,Going Straight,2,2,53,,0,37,33,1992,0,,64,33,69,12,,,1,1,17,1,7,,4,0,3,0,11,5,06/29/2020,22:13,69053030029,30029,0,0,3,3,1,28,,,,96,,,,,,98,,,,,,98270,53,66,120,6,2,0,0,0,0,,0,,,,,,4,,,99,2,9,0,0,9,8,,,0,,,8,8,2,348,,,1,,,2,1,0,,,,,,,,,,,,,,,,,,,,,,,,,,,,,,0,0,1,0,0,0,1,1,0,0,0,0,1,0,0,0,0,0,0,0,1,0,1,0,1,0,0,0,0,1,0,0,0,0,0,,1,0,0,0,0,0,1,1,0,1,0,0,0,0,1,0,,,,,,16-17,16-25,State route,U,Thursday,Belt Used,PV,API,0,1,1,0,State Route,Municipal/City Police,Everett Police Department,0,1,0,0,0,,,,,,0,0,0,,,,,,,,,,,0,0,0,48,,,,,20,7,,,,,,,,1,0,,,,,,
2019,217,634178,160,06-30-2019,22:09,30,6,June,,33,King,1030,10,0,3,1,2,1,0,10,4,,,,12,0,7,"Sideswipe,Same",6.6,1,0,1,No intersection,3,2,1,3,0,0,0,0,SR-516,,-122.2188556,47.38076111,98030,0,3,98,Others,62,4,40,4,0,0,1,5,12,1,2,2,2,1,Going Straight,2,2,53,,0,23,481,2002,0,,12,,,,,,1,1,18,2,0,,0,0,3,0,11,0,,,,,0,0,0,3,1,0,,,,96,,,,,,0,,,,,,98951,53,65,147,6,2,0,0,0,0,,0,,,,,,0,,,20,0,0,0,8,9,8,,,0,,,8,8,8,95,,,96,,,8,95,995,,,,,,,,,,,,,,,,,,,,,,,,,,,,,,0,0,0,1,0,0,0,0,0,0,0,0,0,0,0,0,0,0,0,0,0,1,1,0,1,0,0,0,0,1,1,0,0,0,0,,0,0,0,0,0,0,0,0,0,0,0,0,0,0,0,0,,,,,,18-20,16-25,County road,R,Wednesday,Belt Used,PV,Not Fatal,1,0,0,0,County Road,County Sheriff,Yakima County Sheriff's Office,0,0,1,0,0,,,,,,0,0,0,,,,,,,,,,,98,98,98,0,,,,,20,7,,,,,,,,1,0,,,LATERAL A RD.,1.76,KAYS RD.,1.06
2019,217,634177,160,06-30-2019,22:09,30,6,June,,33,King,1030,10,0,3,1,2,1,0,10,4,,,,12,0,7,"Sideswipe,Same",6.6,1,0,1,No intersection,3,2,1,3,0,0,0,0,SR-516,,-122.2188556,47.38076111,98030,0,2,45,Others,61,4,40,14,0,0,1,5,12,1,2,2,2,1,Going Straight,3,1,53,,0,82,881,1996,0,,12,1,12,,,,1,1,58,1,0,,2,0,3,0,11,5,,,,,6,1,3,3,1,0,,,,96,,,,,,0,,,,,,98902,53,74,240,6,1,0,1,1,0,,0,,,,,,0,03-15-2017,05-15-2018,20,0,0,0,8,9,8,,,0,,,8,8,8,95,,,96,,,8,95,995,,,,,,,,,,,,,,,,,,,,,,,,,,,,,,0,0,0,1,0,0,0,0,0,0,0,0,0,0,0,0,0,0,0,0,0,1,1,0,1,0,0,0,0,1,1,0,0,0,0,,0,0,0,0,0,0,0,0,0,0,0,0,0,0,0,0,,,,,,56-60,56-65,County road,R,Wednesday,,MHTRUCK,Not Fatal,1,0,0,0,County Road,County Sheriff,Yakima County Sheriff's Office,0,0,1,0,0,,,,,,0,0,0,,,,,,,,,,,0,0,0,0,,,,,20,7,,,,,,,,1,0,,,LATERAL A RD.,1.76,KAYS RD.,1.06
2018,217,633384,2,07-08-2018,00:54,8,7,July,0,57,Skagit,1970,1,0,3,1,2,2,2,3,1,00:52,00:58,,8,0,0,No vehicle,63.8,3,0,2,4 Way,3,2,1,3,0,0,3,3,SR-20,RHODES RD,-122.2583611,48.50079722,98384,0,1,13,Pedestrian/Animal,80,5,50,34,0,0,1,7,8,1,1,4,1,1,Going Straight,3,1,53,,0,63,401,2000,0,,12,1,2,,,,1,1,63,1,1,,4,7,99,7,11,0,06/24/2020,10:45,53029577,29577,0,0,0,3,1,39,,,,96,,,,,,98,,,,,,98951,53,66,220,6,1,0,1,1,0,,0,,,,,,0,06-15-2018,06-15-2018,99,0,0,0,0,9,8,,,0,,,8,8,2,1,,,1,,,2,1,0,,,,,,,,,,,,,,,,,,,,,,,,,,,,,,0,0,0,1,0,0,0,0,0,0,0,0,0,0,0,0,0,0,0,0,0,1,1,0,1,0,0,0,0,1,1,0,0,0,0,,1,0,0,0,0,0,0,0,0,0,0,0,0,0,0,0,,,,,,61-65,56-65,County road,R,Wednesday,Unknown,PV,Hispanic,1,0,0,0,County Road,County Sheriff,Yakima County Sheriff's Office,0,0,1,0,0,,,,,,0,0,0,,,,,,,,,,,98,98,98,98,,,,,20,7,,,,,,,,1,0,,,LATERAL A RD.,1.76,KAYS RD.,1.06
2017,217,632613,13,06-12-2017,16:35,12,6,June,0,9,Clallam,0,1,0,1,1,2,1,0,1,1,,,,41,0,0,No vehicle,0.4,1,0,1,No intersection,6,1,2,4,0,0,0,0,CR-LOST MOUNTAIN RD,,-123.1645111,48.03962778,98382,0,1,7,Control/Traction Loss,12,2,45,2,0,0,1,2,42,2,2,2,1,14,Making a U turn,1,2,53,,0,12,422,2008,0,,8,,,,,,1,1,43,2,0,,1,0,3,0,11,0,,,,,0,0,0,3,1,0,,,,96,,,,,,0,,,,,,98003,53,66,190,6,1,0,0,0,0,,0,,,,,,0,,,8,0,0,0,8,9,8,,,0,,,8,8,8,95,,,96,,,8,95,995,,,,,,,,,,,,,,,,,,,,,,,,,,,,,,0,0,0,0,0,0,0,0,0,1,0,1,0,0,0,0,0,0,0,0,0,0,0,0,0,0,0,0,0,1,0,1,0,0,0,,0,0,0,0,0,0,0,0,0,0,0,0,0,0,0,0,,,,,,41-45,36-45,State route,U,Friday,Belt Used,PV,Not Fatal,0,0,0,0,State Route,Municipal/City Police,SeaTac Police Department,0,1,0,0,0,,,,,,0,0,0,,,,,,,,,,,98,98,98,0,,,,,20,7,,,,,,,,1,0,,,,,,