year,something,Cases,repjur,crash_dt,crash_tm,accday,Month,Month,holiday,county,co_char,city,weather,weather2,lightcond,surfcond,surftype,Number of Fatalities,nmforms,pforms,vforms,not_tm,arr_tm,hosp_tm,fhevent,hitrun,Manner of Collision,Manner of Collision,milepnt,reljunc,reljuncinter,intersectiontype,Intersection Type,funcsystem,landuse,ownership,route,schlbus,spejur,contdev,devfunc,trafid1,trafid2,x,y,zipcode,wk_zone,vnumber,crashtype,Crash Type,criticalevent,criticaleventcat,spdlim,body,trailer,emerg,hazcargo,leave,mhevent,roadalgn,roadprof,traflane,trafflow,Vehicle Manure,Vehicle Manure,numoccs,regowner,regstate,,spuse,make,model,modelyr,vrf1,vrf2,seqevent1,seqevent2,seqevent3,seqevent4,seqevent5,seqevent6,pnumber,ptype,age,sex,hispanic,race,injury,diedscene,restraint,restraintmisuse,seatpos,takehosp,death_dt,death_tm,cert,cernum_wa,commlic,licendor,licrestrict,liccomp,drivpres,drf1,drf2,drf3,drf4,distract1,distract2,distract3,distract4,distract5,distract6,dricond1,dricond2,dricond3,dricond4,dricond5,dricond6,dzip,licstate,drhgt_in,weight,noncdl,noncdltype,prevdwi,prevoth,prevacc,prevspd,prevsus,driviol1,driviol2,driviol3,driviol4,driviol5,driviol6,spdrel,first_dt,last_dt,airbag,ejection,ejectpath,extricat,injurwrk,methalc,methdrug,nmlocat,strikveh,prf1,prf2,prf3,druginv,alcinvol,drugsts,drugres1,drugres2,drugres3,drugtst1,drugtst2,drugtst3,alcsts,alctst,alcres,nmact1,nmact2,nmact3,nmact4,nmact5,nmact6,nmprior1,nmprior2,nmprior3,nmprior4,nmprior5,nmprior6,nmcond1,nmcond2,nmcond3,nmcond4,nmcond5,nmcond6,nmsafe_helmet,nmsafe_pads,nmsafe_oth,nmprev_ref,nmprev_lgt,nmprev_oth,crashlocation,nmcrashtype,crosswalk,schoolzone,sidewalk,train_inv,wildlife_inv,rotr_fars,intersect_fars,Drink and Drive,aid_inv,Drug Positive Drivers,Impaired Drivers,Marijuana Positive,impnm_inv,ainm_inv,dpnm_inv,speed_inv,unlic_inv,unendmc_inv,drowsy_inv,drdist_inv,nmdist_inv,fty_inv,unrestfat_inv,dr1617_inv,dr1820_inv,dr1620_inv,dr2125_inv,dr1625_inv,dr65_inv,dr70_inv,dr75_inv,mc_inv,pv_inv,ht_inv,ped_inv,bike_inv,unrest_fat,mc_fat,unhelmet_mc,pv_fat,ht_fat,ped_fat,bike_fat,dr_alc7,dr_alc8,dr_drug,dr_imp,dr_dist,dr_spd,dr_fty,dr_unlic,dr_alc7only,dr_alc8only,dr_drugonly,dr_drink,nm_imp,nm_alc7,nm_alc8,nm_drug,nm_dist,agegrp1,agegrp2,roadclass,urbrur,dayweek,restuse,vehtype,race_me,intersect,lanedep,oppdir,wrongway,rep_typ,investag,repag_long,rotr,st_rd,cty_rd,city_rd,oth_rd,drug_thc,thc_res,drug_cthc,cthc_res,drug_cann,prevpersemin,prevperse,prevsusoth,drugtst4,drugtst5,drugtst6,drugtst7,drugtst8,drugres4,drugres5,drugres6,drugres7,drugres8,adspresent,adsengaged,adslevel,race1,race2,race3,race4,race5,helmet,helmetmisuse,nmdistract1,nmdistract2,nmdistract3,nmdistract4,nmdistract5,nmdistract6,lab,isedtcase,crf1,crf2,crf3,CoRoadName,CoMP,IntCoRoadName,IntCoMP
2019,217,634176,160,06-30-2019,22:09,30,6,June,,33,King,1030,10,0,3,1,2,1,0,10,4,,,,12,1,7,"Sideswipe,Same",6.6,1,0,1,No intersection,3,2,1,3,0,0,0,0,SR-516,,-122.2188556,47.38076111,98030,0,1,47,Others,11,2,40,4,0,0,1,5,12,1,2,2,2,6,Others,3,3,91,,0,2,404,1996,0,,12,,,,,,1,1,27,2,0,,3,0,3,0,11,5,,,,,0,0,0,3,1,0,,,,96,,,,,,0,,,,,,98051,53,62,125,6,1,0,0,1,3,,0,,,,,,0,12-15-2016,12-15-2016,1,0,0,0,8,9,8,,,0,,,8,8,8,95,,,96,,,8,95,995,,,,,,,,,,,,,,,,,,,,,,,,,,,,,,0,0,0,0,0,0,1,1,0,0,0,0,1,0,0,0,0,0,0,1,0,0,0,1,1,0,0,0,0,1,0,0,0,0,0,,0,0,0,0,0,0,0,0,0,0,0,0,0,0,0,0,,,,,,26-30,26-35,County road,R,Thursday,Belt Used,PV,Not Fatal,0,1,1,0,County Road,County Sheriff,King County Police,0,0,1,0,0,,,,,,0,0,0,,,,,,,,,,,0,0,0,0,,,,,20,7,,,,,,,,1,0,,,CUMBERLAND-KANASKAT RD SE,7.505,,
2021,218,635695,5,07-09-2021,11:59,9,7,July,,11,Clark,2370,1,,1,1,1,2,0,5,3,,,,12,0,1,Front-to-Rear,3.2,1,0,1,No intersection,1,2,1,1,0,0,0,0,I-205,,-122.5634167,45.64116944,98664,0,3,98,Others,98,7,60,4,0,0,1,2,12,1,1,4,3,1,Going Straight,1,2,53,,0,41,51,2005,0,,68,12,,,,,1,1,24,2,7,,4,0,20,7,11,1,07-03-2020,08:19,1.96E+11,30579,0,0,3,3,1,58,,,,96,,,,,,98,,,,,,98391,53,63,110,6,1,0,4,1,1,,0,,,,,,3,06-15-2016,05-15-2019,8,0,0,0,0,9,8,,,0,,,8,8,2,151,,,1,,,2,1,0,,,,,,,,,,,,,,,,,,,,,,,,,,,,,,0,0,0,0,0,0,1,1,0,0,0,0,1,0,0,0,0,0,0,1,0,0,0,1,1,0,0,0,0,1,0,0,0,1,0,,1,0,0,0,0,0,1,1,0,1,0,0,0,0,1,0,,,,,,21-25,16-25,County road,R,Thursday,Not Used,PV,White,0,1,1,0,County Road,County Sheriff,King County Police,0,0,1,0,0,,,,,,0,0,2,,,,,,,,,,,98,98,98,1,,,,,20,7,,,,,,,,1,0,,,CUMBERLAND-KANASKAT RD SE,7.505,,
2021,218,635694,5,07-09-2021,11:59,9,7,July,,11,Clark,2370,1,,1,1,1,2,0,5,3,,,,12,0,1,Front-to-Rear,3.2,1,0,1,No intersection,1,2,1,1,0,0,0,0,I-205,,-122.5634167,45.64116944,98664,0,2,21,Others,53,3,60,34,0,0,1,2,12,1,1,4,3,5,Others,2,1,53,,0,85,881,2017,0,,12,,,,,,1,1,27,1,0,,0,0,3,0,11,0,,,,,6,1,0,3,1,0,,,,96,,,,,,0,,,,,,98951,53,70,225,6,1,0,0,0,0,,0,,,,,,0,,,20,0,0,0,8,9,8,,,0,,,8,8,8,95,,,96,,,8,95,995,,,,,,,,,,,,,,,,,,,,,,,,,,,,,,0,0,0,0,0,0,0,0,0,0,0,0,0,1,0,0,0,0,1,0,0,0,0,0,0,0,0,0,0,1,1,0,0,0,0,,0,0,0,0,0,0,0,0,0,0,0,0,0,0,0,0,,,,,,26-30,26-35,County road,R,Thursday,,MHTRUCK,Not Fatal,0,0,0,0,County Road,County Sheriff,Yakima County Sheriff's Office,0,0,1,0,0,,,,,,0,0,0,,,,,,,,,,,98,98,98,0,,,,,20,7,,,,,,,,1,0,,,LATERAL A RD.,2.78,,
2021,218,635693,5,07-09-2021,11:59,9,7,July,,11,Clark,2370,1,,1,1,1,2,0,5,3,,,,12,0,1,Front-to-Rear,3.2,1,0,1,No intersection,1,2,1,1,0,0,0,0,I-205,,-122.5634167,45.64116944,98664,0,1,20,Others,50,3,60,80,0,0,1,2,12,1,1,4,3,1,Going Straight,2,1,53,,0,37,32,1998,0,,12,,,,,,1,1,30,1,6,,4,7,99,7,11,0,06/25/2020,12:49,53030436,30436,0,0,0,0,1,38,,,,96,,,,,,98,,,,,,98948,53,,999,0,0,99,99,99,99,,0,,,,,,0,,,1,0,0,0,0,9,8,,,0,,,8,8,2,1,,,1,,,2,1,0,,,,,,,,,,,,,,,,,,,,,,,,,,,,,,0,0,0,0,0,0,0,0,0,0,0,0,0,1,0,0,0,0,1,0,0,0,0,0,0,0,0,0,0,1,1,0,0,0,0,,1,0,0,0,0,0,0,0,0,0,1,1,0,0,0,0,,,,,,26-30,26-35,County road,R,Thursday,Unknown,PV,Hispanic,0,0,0,0,County Road,County Sheriff,Yakima County Sheriff's Office,0,0,1,0,0,,,,,,99,99,99,,,,,,,,,,,0,0,0,98,,,,,20,7,,,,,,,,1,0,,,LATERAL A RD.,2.78,,
2020,218,634877,290,07-06-2020,15:38,6,7,July,,53,Pierce,2230,1,,1,1,2,1,0,2,2,15:45,15:48,16:24,12,0,2,Front-to-Front,0,1,0,1,No intersection,4,2,4,6,0,0,0,0,S 56TH ST,,-122.4548667,47.20649722,98408,0,2,51,Lateral Move(Going Straight),62,4,30,34,0,0,1,2,12,1,1,5,5,1,Going Straight,1,1,53,,0,12,481,1999,0,,63,24,69,63,24,69,1,1,76,1,7,,4,7,20,7,11,0,06/25/2020,23:10,53029712,29712,0,0,0,3,1,58,,,,0,,,,,,2,,,,,,97624,41,71,185,6,1,0,0,0,1,,0,,,,,,0,10-15-2017,10-15-2017,20,0,0,0,0,9,8,,,0,,,8,8,8,95,,,96,,,2,95,997,,,,,,,,,,,,,,,,,,,,,,,,,,,,,,0,0,1,0,0,0,0,0,0,0,0,0,0,0,0,1,0,0,0,1,0,0,0,0,0,1,1,1,0,1,0,0,0,1,0,,1,0,0,0,0,0,0,0,0,0,0,0,0,0,0,0,,,,,,76-80,76+,State route,R,Thursday,Not Used,PV,White,0,1,0,0,State Route,State Patrol,Washington State Patrol,1,1,0,0,0,,,,,,0,0,0,,,,,,,,,,,0,0,0,1,,,,,20,7,,,,,,,,1,0,,,,,,
2020,218,634876,290,07-06-2020,15:38,6,7,July,,53,Pierce,2230,1,,1,1,2,1,0,2,2,15:45,15:48,16:24,12,0,2,Front-to-Front,0,1,0,1,No intersection,4,2,4,6,0,0,0,0,S 56TH ST,,-122.4548667,47.20649722,98408,0,1,50,Lateral Move(Left/Right),10,2,30,2,0,0,1,2,12,1,1,5,5,1,Going Straight,1,2,53,,0,12,402,2013,0,,12,,,,,,1,1,22,2,0,,1,0,99,7,11,5,,,,,0,0,3,3,1,10,,,,0,,,,,,0,,,,,,98632,53,64,160,6,1,0,0,0,2,,0,,,,,,0,01-15-2015,07-15-2018,8,0,0,0,8,2,8,,,0,,,8,0,0,0,,,0,,,2,10,0,,,,,,,,,,,,,,,,,,,,,,,,,,,,,,0,0,0,1,1,0,1,1,1,0,0,0,1,0,0,0,0,0,0,0,0,0,0,1,1,0,0,0,1,1,0,0,0,0,0,,0,0,0,0,0,0,0,0,0,0,0,0,0,0,0,0,,,,,,21-25,16-25,City street,U,Thursday,Unknown,PV,Not Fatal,1,0,0,0,City Street,Municipal/City Police,Longview Police Department,0,0,0,1,0,,,,,,0,0,0,,,,,,,,,,,98,98,98,0,,,,,20,7,,,,,,,,1,0,,,,,,
2019,218,634180,8,07-05-2019,04:05,5,7,July,,9,Clallam,0,1,0,2,1,2,1,0,1,1,,,,1,0,0,No vehicle,254.1,1,0,1,No intersection,3,1,1,2,0,0,0,0,US-101,,-123.309075,48.09620278,,0,1,98,Others,12,2,55,34,0,0,1,2,1,1,2,2,1,1,Going Straight,1,2,53,,0,73,704,2019,0,,12,2,,,,,1,1,21,1,1,,4,7,20,7,11,0,06/25/2020,13:25,1.19E+11,29303,0,0,3,3,1,0,,,,96,,,,,,98,,,,,,98626,53,71,238,6,1,0,2,1,4,,0,,,,,,4,12-15-2017,08-15-2019,20,8,0,0,0,9,8,,,0,,,8,8,2,695,605,,1,1,,2,1,0.061,,,,,,,,,,,,,,,,,,,,,,,,,,,,,,0,0,0,1,1,0,1,1,1,0,0,0,1,0,0,0,0,0,0,0,0,0,0,1,1,0,0,0,1,1,0,0,0,0,1,0,0,0,0,0,1,0,1,1,0,1,0,0,0,0,0,1,,,,,,21-25,16-25,City street,U,Thursday,,MC,Hispanic,1,0,0,0,City Street,Municipal/City Police,Longview Police Department,0,0,0,1,0,thc,50,carboxy-thc,69,,0,0,0,,,,,,,,,,,0,0,0,201,298,,,,5,0,,,,,,,nms,1,0,,,,,,
2018,218,633395,3,07-06-2018,11:55,6,7,July,0,67,Thurston,2320,1,0,1,1,2,1,1,1,1,,,,24,0,0,No vehicle,0,1,0,1,No intersection,5,2,4,6,0,0,0,0,CLEVELAND AVE SE,,-122.8986611,47.01674167,98501,0,1,6,Drive off road,12,2,35,21,0,0,1,5,8,2,1,4,1,14,Making a U turn,1,1,53,,0,37,31,1994,0,,63,1,42,,,,1,1,19,1,7,,4,7,3,0,11,0,06/18/2020,02:45,53028079,28079,0,0,0,0,1,8,23,,,96,,,,,,98,,,,,,98387,53,74,140,0,0,0,4,0,5,,0,,,,,,3,11-15-2017,04-15-2019,20,0,0,0,0,9,8,,,0,,,8,8,2,1,,,1,,,2,1,0.21,,,,,,,,,,,,,,,,,,,,,,,,,,,,,,0,0,1,0,1,1,0,1,0,0,0,0,1,1,0,0,0,0,0,0,0,1,1,0,1,0,0,0,0,1,0,0,0,0,0,,1,0,0,0,0,1,0,1,0,1,0,1,0,1,0,1,,,,,,18-20,16-25,County road,U,Thursday,Belt Used,PV,White,0,1,0,0,County Road,County Sheriff,Law Enforcement Support Agency,1,0,1,0,0,,,,,,0,0,2,,,,,,,,,,,0,0,0,1,,,,,20,7,,,,,,,,1,0,,,072 ST E,7.06,,
2017,218,632617,6,06-30-2017,22:21,30,6,June,5,37,Kittitas,0,1,0,2,1,2,2,0,5,1,22:47,23:13,23:46,24,0,0,No vehicle,127,1,0,1,No intersection,1,1,1,1,0,0,0,0,I-90,,-120.1418472,46.94136389,,0,1,98,Others,3,1,70,14,0,0,1,2,1,1,2,2,3,1,Going Straight,5,1,53,,0,37,31,2007,0,,67,63,1,,,,1,1,16,2,0,,2,0,3,0,11,5,,,,,0,0,2,3,1,73,,,,96,,,,,,9,,,,,,98445,53,64,180,6,2,0,0,0,0,,1,,,,,,4,,,8,0,0,0,8,9,8,,,0,,,1,8,2,695,,,1,,,2,1,0,,,,,,,,,,,,,,,,,,,,,,,,,,,,,,0,0,1,1,0,0,1,1,1,0,0,0,1,0,0,0,0,0,0,1,1,0,1,0,1,0,0,0,0,1,0,0,0,0,0,,0,0,0,0,0,0,1,1,0,1,0,0,0,0,1,0,,,,,,16-17,16-25,City street,U,Friday,Belt Used,PV,Not Fatal,1,0,0,0,City Street,Municipal/City Police,Puyallup Police Department,0,0,0,1,0,,,carboxy-thc,7.8,,0,0,0,,,,,,,,,,,98,98,98,0,,,,,20,7,,,,,,,,1,0,,,,,,
2021,219,635697,4,06-25-2021,13:28,25,6,June,,1,Adams,0,1,,1,1,2,1,0,3,3,,,,12,0,1,Front-to-Rear,24.9,3,0,2,4 Way,2,1,1,3,0,0,0,0,SR-17,SUTTON RD,-119.1329639,46.87005556,99344,0,2,21,Others,53,3,60,4,0,0,1,2,12,1,1,2,1,5,Others,1,2,53,,0,12,481,1974,0,,64,1,,,,,1,1,20,1,0,,2,0,99,7,11,0,,,,,0,0,0,3,1,91,,,,96,,,,,,9,,,,,,98022,53,60,103,6,1,0,0,0,3,,1,12,,,,,0,03-15-2018,05-15-2020,20,0,0,0,8,9,8,,,0,,,8,1,2,1,,,1,,,2,1,0.054,,,,,,,,,,,,,,,,,,,,,,,,,,,,,,0,0,1,0,1,0,0,0,0,0,0,0,0,0,0,0,0,0,0,0,0,1,1,0,1,0,0,0,0,1,0,0,0,0,0,,0,0,0,0,1,0,0,0,0,0,0,0,1,0,0,1,,,,,,18-20,16-25,Other,R,Friday,Unknown,PV,Not Fatal,0,1,0,0,Other,County Sheriff,Law Enforcement Support Agency,1,0,0,0,1,,,,,,0,0,0,,,,,,,,,,,0,0,0,0,,,,,20,7,,,,,,,,1,0,,,,,,
2021,219,635696,4,06-25-2021,13:28,25,6,June,,1,Adams,0,1,,1,1,2,1,0,3,3,,,,12,0,1,Front-to-Rear,24.9,3,0,2,4 Way,2,1,1,3,0,0,0,0,SR-17,SUTTON RD,-119.1329639,46.87005556,99344,0,1,20,Others,50,3,60,66,1,0,1,2,12,1,1,2,1,1,Going Straight,1,3,53,,0,82,881,2015,0,,9,,,,,,1,1,46,1,0,,0,0,3,0,11,0,,,,,0,0,1,3,1,91,,,,96,,,,,,9,,,,,,83814,16,70,180,6,1,0,2,0,0,,1,12,,,,,0,09-15-2019,02-15-2019,20,0,0,0,8,9,1,,,0,,,1,8,2,695,401,417,1,1,1,2,1,0,,,,,,,,,,,,,,,,,,,,,,,,,,,,,,0,0,0,0,0,0,1,1,1,1,0,1,0,0,0,0,0,0,0,0,0,0,0,0,0,0,0,0,0,0,1,0,1,0,0,,0,0,0,0,0,0,1,1,0,0,0,0,0,0,1,0,,,,,,46-50,46-55,State route,R,Friday,,MHTRUCK,Not Fatal,0,0,0,0,State Route,State Patrol,Washington State Patrol,0,1,0,0,0,,,carboxy-thc,6.5,,0,0,0,,,,,,,,,,,98,98,98,0,,,,,20,7,,,,,,,,1,0,,,,,,
2020,219,634878,6,06-29-2020,08:06,29,6,June,,37,Kittitas,0,1,,1,1,2,2,0,3,2,08:10,08:21,,14,0,0,No vehicle,68.3,1,0,1,No intersection,1,1,1,1,0,0,0,0,I-90,,-121.1938167,47.25331389,98925,0,1,11,Others,11,2,70,34,0,0,1,2,14,2,2,2,3,14,Making a U turn,1,1,53,,0,73,705,2017,0,,11,,,,,,1,1,62,1,7,,4,7,20,7,11,0,06/21/2020,05:21,53029049,29049,0,0,0,3,1,0,,,,96,,,,,,0,,,,,,98363,53,70,230,6,1,0,1,1,1,,0,,,,,,0,11-15-2017,11-15-2017,20,8,0,0,0,9,8,,,0,,,8,8,2,605,,,1,,,2,1,0,,,,,,,,,,,,,,,,,,,,,,,,,,,,,,0,1,0,0,0,0,1,1,1,0,0,0,0,0,0,0,0,0,0,0,0,0,0,0,0,0,0,0,1,0,0,0,0,0,1,0,0,0,0,0,0,0,1,1,0,0,0,0,0,0,1,0,,,,,,61-65,56-65,US highway,R,Sunday,,MC,White,0,0,0,0,State Route,State Patrol,Washington State Patrol,0,1,0,0,0,thc,3.1,,,,0,0,0,,,,,,,,,,,0,0,0,1,,,,,5,0,,,,,,,nms,1,0,,,,,,
2019,219,634182,7,06-23-2019,02:12,23,6,June,,33,King,735,1,0,2,1,1,1,0,2,2,,,,24,0,0,No vehicle,144.5,1,0,1,No intersection,1,2,1,1,0,0,0,0,I-5,,-122.2942111,47.32418333,98003,0,2,98,Others,98,7,60,5,0,0,1,7,12,1,1,5,3,1,Going Straight,1,1,53,,0,20,481,2007,0,,63,69,68,64,1,38,1,1,50,1,7,,4,7,20,7,11,0,06/23/2020,18:24,53029223,29223,0,0,0,0,1,58,,,,96,,,,,,98,,,,,,98546,53,68,200,0,0,0,0,1,0,,0,,,,,,3,10-15-2016,10-15-2016,20,1,9,0,0,9,8,,,0,,,8,8,2,189,695,605,1,1,1,2,1,0.662,,,,,,,,,,,,,,,,,,,,,,,,,,,,,,0,0,0,0,1,1,1,1,1,0,0,0,1,1,0,0,0,0,0,1,0,0,0,0,0,0,0,0,0,1,0,0,0,1,0,,1,0,0,0,0,1,1,1,0,1,0,1,0,0,0,1,,,,,,46-50,46-55,County road,R,Tuesday,Not Used,PV,White,0,1,0,0,County Road,County Sheriff,Mason County Sheriff's Office,1,0,1,0,0,thc,0.8,carboxy-thc,7.9,,0,0,0,,,,,,,,,,,98,98,98,1,,,,,20,7,,,,,,,nms,1,0,,,GRAPEVIEW LOOP RD,3.879,,
2019,219,634181,7,06-23-2019,02:12,23,6,June,,33,King,735,1,0,2,1,1,1,0,2,2,,,,24,0,0,No vehicle,144.5,1,0,1,No intersection,1,2,1,1,0,0,0,0,I-5,,-122.2942111,47.32418333,98003,0,1,1,Driver Off Road,13,2,60,4,0,0,1,7,1,1,1,5,3,1,Going Straight,1,1,53,,0,37,32,1998,0,,12,,,,,,1,1,24,1,0,,0,0,3,0,11,0,,,,,0,0,0,3,1,0,,,,96,,,,,,0,,,,,,98837,53,68,140,6,1,0,0,0,0,,0,,,,,,0,,,20,0,0,0,8,9,8,,,0,,,8,8,8,95,,,96,,,8,95,995,,,,,,,,,,,,,,,,,,,,,,,,,,,,,,0,0,0,1,1,1,0,1,0,0,0,0,0,0,0,0,0,0,0,0,0,0,0,1,1,0,0,0,1,1,0,0,0,0,0,,0,0,0,0,0,0,0,0,0,0,0,0,0,0,0,0,,,,,,21-25,16-25,State route,R,Friday,Belt Used,PV,Not Fatal,1,0,0,0,State Route,State Patrol,Washington State Patrol,0,1,0,0,0,,,,,,0,0,0,,,,,,,,,,,0,0,0,0,,,,,20,7,,,,,,,,1,0,,,,,,
2018,219,633381,55,07-04-2018,09:00,4,7,July,5,33,King,100,10,0,1,1,2,1,1,1,1,,,,9,0,0,No vehicle,0,2,0,3,T Intersection,5,2,4,6,0,0,0,0,4TH ST SE,D ST SE,-122.2228861,47.30420278,98002,0,1,13,Pedestrian/Animal,83,5,25,63,0,0,1,7,9,1,1,8,8,11,Turning Red: Permitted on red,1,3,53,,0,72,706,2011,0,,12,,,,,,1,1,58,1,7,,4,7,20,7,11,0,06-12-2020,18:34,53027663,27663,6,0,0,3,1,0,,,,96,,,,,,9,,,,,,98930,53,70,265,6,1,0,0,0,0,,0,,,,,,0,,,20,8,0,0,0,1,8,,,0,,,8,1,8,95,,,96,,,2,1,0.13,,,,,,,,,,,,,,,,,,,,,,,,,,,,,,0,0,0,1,1,1,0,1,0,0,0,0,0,0,0,0,0,0,0,0,0,0,0,1,1,0,0,0,1,1,0,0,0,0,1,0,0,0,0,0,0,1,0,1,0,0,0,0,0,1,0,1,,,,,,56-60,56-65,State route,R,Friday,,MC,White,1,0,0,0,State Route,State Patrol,Washington State Patrol,0,1,0,0,0,,,,,,0,0,0,,,,,,,,,,,0,0,0,1,,,,,5,0,,,,,,,,1,0,,,,,,
2017,219,632620,127,06-30-2017,17:01,30,6,June,0,33,King,735,1,0,1,1,2,1,1,1,1,,,,8,0,0,No vehicle,0,8,0,1,No intersection,4,2,4,6,0,0,0,0,S 288TH ST,,-122.3019611,47.34340556,98003,0,1,13,Pedestrian/Animal,80,5,98,34,0,0,1,5,8,1,2,5,1,10,Others,1,1,53,,0,37,32,2003,0,,61,68,68,63,1,,1,1,22,1,1,,4,7,20,7,11,0,06/19/2020,06:02,53028503,28503,0,0,0,2,1,80,,,,96,,,,,,98,,,,,,98848,53,65,145,1,1,0,1,0,6,,0,,,,,,3,02-15-2016,09-15-2019,8,1,9,0,0,9,8,,,0,,,8,8,8,95,,,96,,,8,95,995,,,,,,,,,,,,,,,,,,,,,,,,,,,,,,0,0,0,0,0,0,0,0,0,0,0,0,1,1,0,0,0,0,0,1,0,0,0,1,1,0,0,0,0,1,0,0,0,1,0,,1,0,0,0,0,0,0,0,0,1,0,1,0,0,0,0,,,,,,21-25,16-25,County road,R,Friday,Not Used,PV,Hispanic,0,1,0,0,County Road,County Sheriff,Grant County Sheriff's Office,1,0,1,0,0,,,,,,0,0,5,,,,,,,,,,,98,98,98,1,,,,,20,7,,,,,,,,1,0,,,9 NW,4.89,,
2021,219,635698,4,06-25-2021,13:28,25,6,June,,1,Adams,0,1,,1,1,2,1,0,3,3,,,,12,0,1,Front-to-Rear,24.9,3,0,2,4 Way,2,1,1,3,0,0,0,0,SR-17,SUTTON RD,-119.1329639,46.87005556,99344,0,3,98,Others,62,4,60,66,1,0,1,2,12,1,1,2,1,1,Going Straight,1,3,55,,0,30,40,2006,0,,12,,,,,,1,1,37,1,0,,0,0,3,0,11,0,,,,,6,0,3,3,1,0,,,,96,,,,,,0,,,,,,98532,53,68,165,6,1,0,2,0,2,,0,,,,,,0,12-15-2016,07-15-2019,20,0,0,0,8,3,2,,,0,,,8,8,0,0,,,0,,,0,0,996,,,,,,,,,,,,,,,,,,,,,,,,,,,,,,0,0,0,0,0,0,1,1,1,0,0,0,1,1,0,0,0,0,0,0,0,0,0,1,1,0,0,0,0,1,0,0,0,0,0,,0,0,0,0,0,0,0,0,0,0,0,0,0,0,0,0,,,,,,36-40,36-45,Interstate,R,Tuesday,Belt Used,PV,Not Fatal,0,0,0,0,State Route,State Patrol,Washington State Patrol,0,1,0,0,0,,,,,,0,0,1,,,,,,,,,,,98,98,98,0,,,,,20,7,,,,,,,,1,0,,,,,,
2018,220,633394,5,07-01-2018,14:30,1,7,July,0,15,Cowlitz,1000,1,0,1,1,2,1,0,1,1,,,,24,0,0,No vehicle,30.6,1,0,1,No intersection,1,2,1,1,0,0,0,0,I-5,,-122.8494306,46.01844167,98625,0,1,1,Driver Off Road,13,2,70,80,0,0,1,7,24,3,1,3,3,14,Making a U turn,1,1,41,,0,37,31,2010,0,,12,63,63,1,,,1,1,24,1,0,,2,0,99,7,11,5,,,,,0,0,0,0,1,91,,,,96,,,,,,9,,,,,,98660,53,69,199,0,0,0,0,0,0,,1,,,,,,4,,,8,0,0,0,8,3,2,,,0,,,1,8,2,695,605,,1,1,,2,1,0,,,,,,,,,,,,,,,,,,,,,,,,,,,,,,0,0,0,0,0,0,1,1,1,0,0,0,1,1,0,0,0,0,0,0,0,0,0,1,1,0,0,0,0,1,0,0,0,0,0,,0,0,0,0,0,0,1,1,0,1,0,1,0,0,1,0,,,,,,21-25,16-25,Interstate,R,Tuesday,Unknown,PV,Not Fatal,0,0,0,0,State Route,State Patrol,Washington State Patrol,0,1,0,0,0,thc,2.6,carboxy-thc,62,,0,0,0,,,,,,,,,,,98,98,98,0,,,,,20,7,,,,,,,,1,0,,,,,,
2021,220,635699,2,07-08-2021,15:45,8,7,July,,61,Snohomish,690,1,,1,1,2,1,0,1,1,,,,24,0,0,No vehicle,192,1,0,1,No intersection,1,2,1,1,0,0,0,0,I-5,,-122.2000667,47.95490278,98120,0,1,6,Drive off road,1,1,60,80,0,0,1,2,24,1,2,6,3,1,Going Straight,1,1,53,,0,12,481,1994,0,,12,,,,,,1,1,29,1,0,,2,0,3,0,11,5,,,,,0,0,0,3,1,0,,,,96,,,,,,0,,,,,,7021,34,73,999,6,1,0,0,0,0,,0,,,,,,0,,,20,0,0,0,8,9,8,,,0,,,8,8,0,0,,,0,,,0,0,996,,,,,,,,,,,,,,,,,,,,,,,,,,,,,,0,0,0,1,0,0,0,0,0,0,0,0,0,0,0,0,0,0,0,0,0,0,0,1,1,1,1,1,0,1,0,0,0,0,0,,0,0,0,0,0,0,0,0,0,0,0,0,0,0,0,0,,,,,,26-30,26-35,US highway,U,Thursday,Belt Used,PV,Not Fatal,1,0,0,0,State Route,Municipal/City Police,Spokane Police Department,0,1,0,0,0,,,,,,0,0,0,,,,,,,,,,,0,0,0,0,,,,,20,7,,,,,,,,1,0,,,,,,
2020,220,634880,40,06-28-2020,00:35,28,6,June,,63,Spokane,0,1,,2,11,5,1,0,2,1,,,,1,0,0,No vehicle,0.7,1,0,1,No intersection,7,1,2,4,0,0,0,0,CR-E HAYS RD,,-117.2517167,47.374675,99012,0,1,98,Others,6,1,98,96,0,0,1,2,1,3,2,2,1,14,Making a U turn,2,1,53,,0,6,51,2006,0,,12,,,,,,1,1,67,1,0,,0,0,3,0,11,0,,,,,0,0,0,3,1,0,,,,96,,,,,,0,,,,,,99212,53,73,250,6,1,0,0,0,0,,0,,,,,,0,,,20,0,0,0,8,9,8,,,0,,,8,8,0,0,,,0,,,0,0,996,,,,,,,,,,,,,,,,,,,,,,,,,,,,,,0,0,0,1,0,0,0,0,0,0,0,0,0,0,0,0,0,0,0,0,0,0,0,1,1,1,1,1,0,1,0,0,0,0,0,,0,0,0,0,0,0,0,0,0,0,0,0,0,0,0,0,,,,,,66-70,66-75,US highway,U,Thursday,Belt Used,PV,Not Fatal,1,0,0,0,State Route,Municipal/City Police,Spokane Police Department,0,1,0,0,0,,,,,,0,0,0,,,,,,,,,,,98,98,98,0,,,,,20,7,,,,,,,,1,0,,,,,,