year,something,Cases,repjur,crash_dt,crash_tm,accday,Month,Month,holiday,county,co_char,city,weather,weather2,lightcond,surfcond,surftype,Number of Fatalities,nmforms,pforms,vforms,not_tm,arr_tm,hosp_tm,fhevent,hitrun,Manner of Collision,Manner of Collision,milepnt,reljunc,reljuncinter,intersectiontype,Intersection Type,funcsystem,landuse,ownership,route,schlbus,spejur,contdev,devfunc,trafid1,trafid2,x,y,zipcode,wk_zone,vnumber,crashtype,Crash Type,criticalevent,criticaleventcat,spdlim,body,trailer,emerg,hazcargo,leave,mhevent,roadalgn,roadprof,traflane,trafflow,Vehicle Manure,Vehicle Manure,numoccs,regowner,regstate,,spuse,make,model,modelyr,vrf1,vrf2,seqevent1,seqevent2,seqevent3,seqevent4,seqevent5,seqevent6,pnumber,ptype,age,sex,hispanic,race,injury,diedscene,restraint,restraintmisuse,seatpos,takehosp,death_dt,death_tm,cert,cernum_wa,commlic,licendor,licrestrict,liccomp,drivpres,drf1,drf2,drf3,drf4,distract1,distract2,distract3,distract4,distract5,distract6,dricond1,dricond2,dricond3,dricond4,dricond5,dricond6,dzip,licstate,drhgt_in,weight,noncdl,noncdltype,prevdwi,prevoth,prevacc,prevspd,prevsus,driviol1,driviol2,driviol3,driviol4,driviol5,driviol6,spdrel,first_dt,last_dt,airbag,ejection,ejectpath,extricat,injurwrk,methalc,methdrug,nmlocat,strikveh,prf1,prf2,prf3,druginv,alcinvol,drugsts,drugres1,drugres2,drugres3,drugtst1,drugtst2,drugtst3,alcsts,alctst,alcres,nmact1,nmact2,nmact3,nmact4,nmact5,nmact6,nmprior1,nmprior2,nmprior3,nmprior4,nmprior5,nmprior6,nmcond1,nmcond2,nmcond3,nmcond4,nmcond5,nmcond6,nmsafe_helmet,nmsafe_pads,nmsafe_oth,nmprev_ref,nmprev_lgt,nmprev_oth,crashlocation,nmcrashtype,crosswalk,schoolzone,sidewalk,train_inv,wildlife_inv,rotr_fars,intersect_fars,Drink and Drive,aid_inv,Drug Positive Drivers,Impaired Drivers,Marijuana Positive,impnm_inv,ainm_inv,dpnm_inv,speed_inv,unlic_inv,unendmc_inv,drowsy_inv,drdist_inv,nmdist_inv,fty_inv,unrestfat_inv,dr1617_inv,dr1820_inv,dr1620_inv,dr2125_inv,dr1625_inv,dr65_inv,dr70_inv,dr75_inv,mc_inv,pv_inv,ht_inv,ped_inv,bike_inv,unrest_fat,mc_fat,unhelmet_mc,pv_fat,ht_fat,ped_fat,bike_fat,dr_alc7,dr_alc8,dr_drug,dr_imp,dr_dist,dr_spd,dr_fty,dr_unlic,dr_alc7only,dr_alc8only,dr_drugonly,dr_drink,nm_imp,nm_alc7,nm_alc8,nm_drug,nm_dist,agegrp1,agegrp2,roadclass,urbrur,dayweek,restuse,vehtype,race_me,intersect,lanedep,oppdir,wrongway,rep_typ,investag,repag_long,rotr,st_rd,cty_rd,city_rd,oth_rd,drug_thc,thc_res,drug_cthc,cthc_res,drug_cann,prevpersemin,prevperse,prevsusoth,drugtst4,drugtst5,drugtst6,drugtst7,drugtst8,drugres4,drugres5,drugres6,drugres7,drugres8,adspresent,adsengaged,adslevel,race1,race2,race3,race4,race5,helmet,helmetmisuse,nmdistract1,nmdistract2,nmdistract3,nmdistract4,nmdistract5,nmdistract6,lab,isedtcase,crf1,crf2,crf3,CoRoadName,CoMP,IntCoRoadName,IntCoMP
2019,220,634184,3,07-03-2019,20:55,3,7,July,,53,Pierce,2230,10,0,1,1,2,1,0,2,2,,,,12,0,1,Front-to-Rear,131.4,1,0,1,No intersection,1,2,1,1,0,0,0,0,I-5,,-122.4628667,47.21535,98409,1,2,28,Others,52,3,60,4,0,0,1,2,1,1,1,5,3,1,Going Straight,1,2,53,,0,7,482,2001,0,,12,12,,,,,1,1,62,1,0,,0,0,3,0,11,0,,,,,0,0,0,3,1,0,,,,96,,,,,,0,,,,,,99202,53,73,250,6,1,1,0,1,0,,0,,,,,,0,01-15-2016,01-15-2016,20,0,0,0,8,9,8,,,0,,,8,8,0,0,,,0,,,0,0,996,,,,,,,,,,,,,,,,,,,,,,,,,,,,,,0,0,0,1,0,0,0,0,0,0,0,0,0,0,0,0,0,0,0,0,0,0,0,1,1,1,1,1,0,1,0,0,0,0,0,,0,0,0,0,0,0,0,0,0,0,0,0,0,0,0,0,,,,,,61-65,56-65,US highway,U,Thursday,Belt Used,PV,Not Fatal,1,0,0,0,State Route,Municipal/City Police,Spokane Police Department,0,1,0,0,0,,,,,,0,0,1,,,,,,,,,,,98,98,98,0,,,,,20,7,,,,,,,,1,0,,,,,,
2019,220,634183,3,07-03-2019,20:55,3,7,July,,53,Pierce,2230,10,0,1,1,2,1,0,2,2,,,,12,0,1,Front-to-Rear,131.4,1,0,1,No intersection,1,2,1,1,0,0,0,0,I-5,,-122.4628667,47.21535,98409,1,1,29,Others,53,3,60,2,0,0,1,7,12,1,1,5,3,2,Others,1,1,53,,0,49,40,2009,0,,12,12,,,,,1,1,24,2,0,,2,0,3,0,11,8,,,,,0,0,3,3,1,0,,,,96,,,,,,0,,,,,,98841,53,66,135,6,1,0,0,0,0,,0,,,,,,0,,,8,0,0,0,8,9,8,,,0,,,8,8,0,0,,,0,,,0,0,996,,,,,,,,,,,,,,,,,,,,,,,,,,,,,,0,0,0,1,0,0,0,0,0,0,0,0,0,0,0,0,0,0,0,0,0,0,0,1,1,1,1,1,0,1,0,0,0,0,0,,0,0,0,0,0,0,0,0,0,0,0,0,0,0,0,0,,,,,,21-25,16-25,US highway,U,Thursday,Belt Used,PV,Not Fatal,1,0,0,0,State Route,Municipal/City Police,Spokane Police Department,0,1,0,0,0,,,,,,0,0,0,,,,,,,,,,,98,98,98,0,,,,,20,7,,,,,,,,1,0,,,,,,
2017,220,632629,1,06-30-2017,21:49,30,6,June,5,77,Yakima,0,1,0,2,1,2,1,1,1,1,,,,8,0,0,No vehicle,4,1,0,1,No intersection,5,1,2,4,0,0,0,0,CR-GLADE RD,,-120.0007861,46.18526389,98935,0,1,13,Pedestrian/Animal,80,5,50,55,0,0,1,5,8,1,3,2,1,1,Going Straight,1,1,53,,0,49,44,2000,0,,12,12,,,,,1,1,81,1,7,,4,0,3,0,11,5,07-06-2020,02:00,1.96E+11,33373,0,0,0,3,1,39,,,,96,,,,,,98,,,,,,99224,53,73,240,6,1,0,0,0,0,,0,,,,,,0,,,8,0,0,0,0,9,8,,,0,,,8,8,0,0,,,0,,,0,0,996,,,,,,,,,,,,,,,,,,,,,,,,,,,,,,0,0,0,1,0,0,0,0,0,0,0,0,0,0,0,0,0,0,0,0,0,0,0,1,1,1,1,1,0,1,0,0,0,0,0,,1,0,0,0,0,0,0,0,0,0,0,0,0,0,0,0,,,,,,81+,76+,US highway,U,Thursday,Belt Used,PV,White,1,0,0,0,State Route,Municipal/City Police,Spokane Police Department,0,1,0,0,0,,,,,,0,0,0,,,,,,,,,,,98,98,98,1,,,,,20,7,,,,,,,,1,0,,,,,,
2018,221,633385,21,07-03-2018,13:58,3,7,July,0,25,Grant,0,1,0,1,1,2,1,1,4,1,14:03,14:07,14:39,9,0,0,No vehicle,2.8,2,0,2,4 Way,96,6,96,8,0,0,0,0,CR-AIRWAY DR NE,NOT REPORTED,-119.3223222,47.15926111,98837,0,1,13,Pedestrian/Animal,83,5,98,34,0,0,1,5,9,1,1,8,8,1,Going Straight,4,1,8,,0,12,401,1992,0,,68,64,43,42,,,1,1,74,1,7,,4,0,99,7,11,5,06/26/2020,01:05,69053029350,29350,0,0,0,3,1,0,,,,0,,,,,,1,,,,,,98012,53,71,210,6,1,0,0,0,0,,0,,,,,,0,,,20,0,0,0,0,9,8,,,0,,,8,8,8,95,,,96,,,8,95,995,,,,,,,,,,,,,,,,,,,,,,,,,,,,,,0,0,1,0,0,0,0,0,0,0,0,0,0,0,0,0,0,0,0,0,0,0,0,0,0,1,1,0,0,1,0,0,0,0,0,,1,0,0,0,0,0,0,0,0,0,0,0,0,0,0,0,,,,,,71-75,66-75,State route,R,Tuesday,Unknown,PV,White,0,1,0,0,State Route,State Patrol,Washington State Patrol,1,1,0,0,0,,,,,,0,0,0,,,,,,,,,,,0,0,0,1,,,,,20,7,,,,,,,,1,0,,,,,,
2021,221,635703,6,07-09-2021,15:22,9,7,July,,7,Chelan,0,1,,1,1,2,1,0,6,4,,,,24,0,0,No vehicle,88.2,1,0,1,No intersection,3,1,1,2,0,0,0,0,US-2,,-120.7423639,47.70908333,,0,4,98,Others,98,7,60,14,0,0,1,2,12,1,2,3,1,1,Going Straight,1,1,53,,0,35,43,2001,0,,12,,,,,,1,1,60,1,7,,4,0,20,7,11,5,06/30/2020,15:06,2.23E+11,30765,0,0,0,2,1,0,,,,96,,,,,,0,,,,,,98446,53,68,280,1,1,0,1,2,0,,0,,,,,,0,08-15-2016,02-15-2018,8,0,0,0,0,9,8,,,0,,,8,8,8,95,,,96,,,8,95,995,,,,,,,,,,,,,,,,,,,,,,,,,,,,,,0,0,0,1,0,0,0,0,0,0,0,0,0,1,0,0,0,0,1,1,0,0,0,0,0,0,0,0,0,1,0,0,0,1,0,,1,0,0,0,0,0,0,0,0,0,0,1,0,0,0,0,,,,,,56-60,56-65,County road,U,Thursday,Not Used,PV,Multiracial,1,0,0,0,County Road,County Sheriff,Law Enforcement Support Agency,0,0,1,0,0,,,,,,0,0,6,,,,,,,,,,,98,98,98,202,201,,,,20,7,,,,,,,,1,0,,,WALLER RD E,3.31,084 ST E,1.5
2021,221,635702,6,07-09-2021,15:22,9,7,July,,7,Chelan,0,1,,1,1,2,1,0,6,4,,,,24,0,0,No vehicle,88.2,1,0,1,No intersection,3,1,1,2,0,0,0,0,US-2,,-120.7423639,47.70908333,,0,3,98,Others,98,7,60,14,0,0,1,2,12,1,2,2,1,1,Going Straight,3,1,53,,0,20,2,2010,0,,12,,,,,,1,1,32,2,0,,1,0,3,0,11,0,,,,,0,0,0,0,1,38,48,,,96,,,,,,98,,,,,,98371,53,,999,0,0,99,99,99,99,,97,,,,,,0,,,8,0,0,0,8,9,8,,,0,,,8,8,8,95,,,96,,,8,95,995,,,,,,,,,,,,,,,,,,,,,,,,,,,,,,0,0,0,1,0,0,0,0,0,0,0,0,0,1,0,0,0,0,1,1,0,0,0,0,0,0,0,0,0,1,0,0,0,0,0,,0,0,0,0,0,0,0,0,0,0,1,1,0,0,0,0,,,,,,31-35,26-35,County road,U,Thursday,Belt Used,PV,Not Fatal,1,0,0,0,County Road,County Sheriff,Law Enforcement Support Agency,0,0,1,0,0,,,,,,99,99,99,,,,,,,,,,,98,98,98,0,,,,,20,7,,,,,,,,1,0,,,WALLER RD E,3.31,084 ST E,1.5
2021,221,635701,6,07-09-2021,15:22,9,7,July,,7,Chelan,0,1,,1,1,2,1,0,6,4,,,,24,0,0,No vehicle,88.2,1,0,1,No intersection,3,1,1,2,0,0,0,0,US-2,,-120.7423639,47.70908333,,0,2,98,Others,62,4,60,2,0,0,1,2,12,1,2,3,1,1,Going Straight,1,2,53,,0,48,38,2015,0,,63,42,,,,,1,1,43,1,7,,4,7,20,7,11,0,06-10-2020,21:19,53026951,26951,0,0,3,2,1,0,,,,96,,,,,,98,,,,,,98320,53,72,260,1,1,2,1,0,4,,0,,,,,,0,12-15-2016,06-15-2019,8,0,0,0,0,1,1,,,0,,,1,0,2,401,417,,1,1,,2,1,0,,,,,,,,,,,,,,,,,,,,,,,,,,,,,,0,0,1,0,0,0,1,1,0,0,0,0,0,1,0,0,0,0,0,1,0,0,0,0,0,0,0,0,0,1,0,0,0,1,0,,1,0,0,0,0,0,1,1,0,0,0,1,0,0,1,0,,,,,,41-45,36-45,US highway,R,Wednesday,Not Used,PV,White,0,1,0,0,State Route,State Patrol,Washington State Patrol,1,1,0,0,0,,,,,,0,0,11,,,,,,,,,,,98,98,98,1,,,,,20,7,,,,,,,,1,0,,,,,,
2021,221,635700,6,07-09-2021,15:22,9,7,July,,7,Chelan,0,1,,1,1,2,1,0,6,4,,,,24,0,0,No vehicle,88.2,1,0,1,No intersection,3,1,1,2,0,0,0,0,US-2,,-120.7423639,47.70908333,,0,1,1,Driver Off Road,13,2,60,15,0,0,1,2,12,1,2,3,1,1,Going Straight,1,1,53,,0,37,32,2009,0,,9,,,,,,1,1,70,2,0,,0,0,3,0,11,0,,,,,0,0,3,3,1,0,,,,96,,,,,,0,,,,,,98248,53,66,150,6,1,0,0,0,0,,0,,,,,,0,,,20,0,0,0,8,3,2,,,0,,,8,8,0,0,,,0,,,0,0,996,,,,,,,,,,,,,,,,,,,,,,,,,,,,,,0,0,0,1,0,0,0,0,0,0,0,0,0,0,0,0,0,1,0,0,0,0,0,0,0,1,1,0,0,1,0,0,1,0,0,,0,0,0,0,0,0,0,0,0,0,0,0,0,0,0,0,,,,,,66-70,66-75,County road,R,Thursday,Belt Used,PV,Not Fatal,1,0,0,0,County Road,State Patrol,Washington State Patrol,0,0,1,0,0,,,,,,0,0,0,,,,,,,,,,,98,98,98,0,,,,,20,7,,,,,,,,1,0,,,SLATER RD,5.16,FERNDALE RD,1.89
2020,221,634882,339,06-29-2020,22:03,29,6,June,,63,Spokane,2113,1,,3,1,2,1,0,1,1,,,,53,0,0,No vehicle,0,1,0,1,No intersection,5,2,4,6,0,0,0,0,E 4TH AVE,,-117.2499444,47.65341944,99206,0,1,1,Driver Off Road,13,2,98,14,0,0,1,2,38,1,1,2,1,1,Going Straight,1,2,53,,0,73,703,2011,0,,68,1,64,42,,,1,1,36,1,7,,4,7,20,7,11,0,06/21/2020,15:11,1.03E+11,28688,0,0,0,0,1,8,,,,96,,,,,,98,,,,,,98188,53,71,190,0,0,0,2,2,0,,0,,,,,,4,05-15-2017,06-15-2018,20,8,0,0,0,9,8,,,0,,,8,8,2,996,401,417,1,1,1,2,1,0,,,,,,,,,,,,,,,,,,,,,,,,,,,,,,0,0,0,1,0,0,1,1,0,0,0,0,1,1,1,0,0,0,0,0,0,0,0,0,0,0,0,0,1,0,0,0,0,0,1,0,0,0,0,0,0,0,1,1,0,1,0,1,0,0,1,0,,,,,,36-40,36-45,City street,U,Sunday,,MC,White,1,0,0,0,City Street,Municipal/City Police,Kent Police Department,0,0,0,1,0,,,,,,0,0,6,,,,,,,,,,,0,0,0,1,,,,,5,0,,,,,,,,1,0,,,,,,
2017,221,632625,25,06-25-2017,18:28,25,6,June,0,33,King,254,1,0,1,1,2,1,0,1,1,,,,59,0,0,No vehicle,5.5,1,0,1,No intersection,4,2,1,3,0,0,0,0,SR-203,,-121.9159194,47.641025,98014,0,1,7,Control/Traction Loss,12,2,30,34,0,0,1,2,42,1,1,2,1,1,Going Straight,1,3,53,,0,54,36,1999,0,,12,,,,,,1,1,19,1,0,,1,0,3,0,11,5,,,,,0,0,0,3,1,0,,,,96,,,,,,0,,,,,,98221,53,71,160,6,1,0,2,1,0,,0,,,,,,0,11-15-2019,07-15-2019,1,0,0,0,8,3,2,,,0,,,8,8,0,0,,,0,,,0,0,996,,,,,,,,,,,,,,,,,,,,,,,,,,,,,,0,0,0,0,1,0,1,1,1,0,0,0,1,0,0,0,0,0,0,1,0,1,1,0,1,0,0,0,0,1,0,0,0,0,0,,0,0,0,0,0,0,0,0,0,0,0,0,0,0,0,0,,,,,,18-20,16-25,State route,R,Saturday,Belt Used,PV,Not Fatal,0,1,1,0,State Route,State Patrol,Washington State Patrol,0,1,0,0,0,,,,,,0,0,0,,,,,,,,,,,0,0,0,0,,,,,20,7,,,,,,,,1,0,,,,,,
2017,222,632656,6,06-30-2017,16:26,30,6,June,0,25,Grant,0,1,0,1,1,2,1,0,3,2,,,,12,0,2,Front-to-Front,83.2,1,0,1,No intersection,4,1,1,3,0,0,0,0,SR-17,,-119.4334639,47.57365556,,0,2,51,Lateral Move(Going Straight),62,4,60,4,0,0,1,2,12,1,1,3,2,1,Going Straight,1,3,4,,0,30,40,2001,0,,68,12,,,,,1,1,28,1,7,,4,7,20,7,11,0,06/20/2020,04:55,53030877,30877,0,0,3,3,1,0,,,,96,,,,,,9,,,,,,98277,53,70,165,6,1,1,1,2,2,,0,,,,,,3,01-15-2016,10-15-2018,20,0,0,0,0,1,8,,,0,,,1,1,2,401,417,695,1,1,1,2,1,0.027,,,,,,,,,,,,,,,,,,,,,,,,,,,,,,0,0,0,0,1,0,1,1,1,0,0,0,1,0,0,0,0,0,0,1,0,1,1,0,1,0,0,0,0,1,0,0,0,1,0,,1,0,0,0,1,0,1,1,0,1,0,0,0,0,0,1,,,,,,26-30,26-35,State route,R,Saturday,Not Used,PV,Black,0,1,1,0,State Route,State Patrol,Washington State Patrol,0,1,0,0,0,thc,1.1,carboxy-thc,5.5,,0,0,1,1,,,,,605,,,,,98,98,98,2,,,,,20,7,,,,,,,nms,1,0,,,,,,
2021,222,635705,169,07-12-2021,00:11,12,7,July,,67,Thurston,1102,1,,3,1,2,1,0,1,1,,,,42,0,0,No vehicle,0,1,0,1,No intersection,4,2,4,6,0,0,0,0,CARPENTER RD SE,,-122.7965833,47.04771111,98503,0,1,1,Driver Off Road,13,2,35,80,0,0,1,2,42,3,1,2,1,14,Making a U turn,1,1,53,,0,10,41,1996,0,,63,32,1,,,,1,1,90,1,7,,4,7,20,7,11,0,06/19/2020,01:34,53028759,28759,0,0,0,3,1,0,,,,96,,,,,,0,,,,,,99149,53,67,160,6,1,0,0,0,0,,0,,,,,,0,,,1,1,9,0,0,9,8,,,0,,,8,8,2,1,,,1,,,2,1,0.25,,,,,,,,,,,,,,,,,,,,,,,,,,,,,,0,0,1,0,1,1,0,1,0,0,0,0,0,0,0,0,0,0,0,1,0,0,0,0,0,1,1,1,0,1,0,0,0,1,0,,1,0,0,0,0,1,0,1,0,0,0,0,0,1,0,1,,,,,,81+,76+,County road,R,Friday,Not Used,PV,White,0,1,0,0,County Road,County Sheriff,Spokane County Sheriff's Office,1,0,1,0,0,,,,,,0,0,0,,,,,,,,,,,0,0,0,1,,,,,20,7,,,,,,,,1,0,,,WELLS RD,5.55,,
2020,222,634884,2,07-03-2020,12:43,3,7,July,,73,Whatcom,0,2,,1,2,2,1,0,3,2,12:44,13:02,13:32,12,0,2,Front-to-Front,2.5,2,0,3,T Intersection,3,2,1,3,0,0,0,0,SR-546,VINUP RD,-122.4298056,48.96424167,98264,0,2,51,Lateral Move(Going Straight),62,4,45,15,0,0,1,2,12,1,1,2,1,1,Going Straight,2,2,53,,0,12,17,1996,0,,12,,,,,,1,1,72,1,0,,1,0,3,0,11,5,,,,,0,0,3,3,1,0,,,,96,,,,,,0,,,,,,99206,53,68,180,6,1,0,0,0,0,,0,,,,,,0,,,1,0,0,0,8,9,8,,,0,,,8,8,0,0,,,0,,,0,0,996,,,,,,,,,,,,,,,,,,,,,,,,,,,,,,0,0,0,0,1,1,1,1,1,0,0,0,0,0,0,0,0,0,0,0,0,0,0,0,0,1,1,0,0,1,0,0,0,0,0,,0,0,0,0,0,0,0,0,0,0,0,0,0,0,0,0,,,,,,71-75,66-75,State route,R,Thursday,Belt Used,PV,Not Fatal,0,1,1,0,State Route,State Patrol,Washington State Patrol,0,1,0,0,0,,,,,,0,0,0,,,,,,,,,,,0,0,0,0,,,,,20,7,,,,,,,,1,0,,,,,,
2018,222,633383,4,07-11-2018,07:00,11,7,July,0,63,Spokane,0,1,0,1,1,2,1,0,3,2,07:00,07:18,,12,0,6,Angle,15.2,2,0,2,4 Way,4,1,1,3,0,0,0,0,SR-290,MCKENZIE RD,-117.0986556,47.71208056,99212,0,2,83,Others,67,4,55,66,1,0,1,5,12,8,8,4,1,1,Going Straight,1,3,53,,0,20,481,2006,0,,68,12,63,24,,,1,1,37,1,0,,0,0,3,0,11,0,,,,,0,0,0,3,1,33,,,,96,,,,,,9,,,,,,99012,53,67,150,6,1,1,3,2,2,,1,53,,,,,0,09-15-2015,10-15-2018,1,0,0,0,8,1,8,,,0,,,8,1,2,695,605,,1,1,,2,1,0.21,,,,,,,,,,,,,,,,,,,,,,,,,,,,,,0,0,0,0,1,1,1,1,1,0,0,0,0,0,0,0,0,0,0,0,0,0,0,0,0,1,1,0,0,1,0,0,0,0,0,,0,0,0,0,0,1,1,1,0,0,0,0,0,0,0,1,,,,,,36-40,36-45,State route,R,Thursday,Belt Used,PV,Not Fatal,0,1,1,0,State Route,State Patrol,Washington State Patrol,0,1,0,0,0,thc,6.6,carboxy-thc,69,,0,1,3,,,,,,,,,,,98,98,98,0,,,,,20,7,,,,,,,,1,0,,,,,,
2017,222,632655,6,06-30-2017,16:26,30,6,June,0,25,Grant,0,1,0,1,1,2,1,0,3,2,,,,12,0,2,Front-to-Front,83.2,1,0,1,No intersection,4,1,1,3,0,0,0,0,SR-17,,-119.4334639,47.57365556,,0,1,50,Lateral Move(Left/Right),3,1,60,34,0,0,1,2,12,1,1,3,2,1,Going Straight,2,2,53,,0,20,481,2008,0,,63,58,67,58,1,,1,1,46,1,7,,4,7,20,7,11,0,06/13/2020,02:50,53027763,27763,0,0,3,2,1,0,,,,96,,,,,,9,,,,,,98251,53,74,260,1,1,0,3,0,0,,0,,,,,,4,08-15-2016,05-15-2018,20,1,9,0,9,1,8,,,0,,,8,1,2,1,,,1,,,2,1,0.17,,,,,,,,,,,,,,,,,,,,,,,,,,,,,,0,0,1,0,1,1,0,1,0,0,0,0,1,1,0,0,0,0,0,1,0,0,0,0,0,0,0,0,0,1,0,0,0,1,0,,1,0,0,0,0,1,0,1,0,1,0,1,0,1,0,1,,,,,,46-50,46-55,State route,R,Saturday,Not Used,PV,White,0,1,0,0,State Route,State Patrol,Washington State Patrol,1,1,0,0,0,,,,,,0,0,2,,,,,,,,,,,98,98,98,1,,,,,20,7,,,,,,,,1,0,,,,,,
2020,222,634883,2,07-03-2020,12:43,3,7,July,,73,Whatcom,0,2,,1,2,2,1,0,3,2,12:44,13:02,13:32,12,0,2,Front-to-Front,2.5,2,0,3,T Intersection,3,2,1,3,0,0,0,0,SR-546,VINUP RD,-122.4298056,48.96424167,98264,0,1,50,Lateral Move(Left/Right),8,1,45,66,0,0,1,2,12,1,1,2,1,1,Going Straight,1,3,95,,0,98,734,2010,0,,1,,,,,,1,1,14,2,0,,0,0,3,0,11,0,,,,,0,0,0,1,1,0,,,,96,,,,,,0,,,,,,99320,53,,999,0,0,99,99,99,99,,97,,,,,,0,,,20,9,0,0,8,9,8,,,0,,,8,8,0,0,,,0,,,0,0,996,,,,,,,,,,,,,,,,,,,,,,,,,,,,,,0,0,0,0,0,0,0,0,0,0,0,0,0,1,0,0,0,0,0,0,0,0,0,0,0,0,0,0,0,0,0,0,0,0,0,,0,0,0,0,0,0,0,0,0,0,0,1,0,0,0,0,,,,,,Oct-15,0-15,County road,R,Saturday,,OTHVT,Not Fatal,0,1,0,0,County Road,County Sheriff,Walla Walla County Sheriff's Office,1,0,1,0,0,,,,,,99,99,99,,,,,,,,,,,0,0,0,0,,,,,17,7,,,,,,,,1,0,,,BYRNES RD,4.459,,
2018,222,633382,4,07-11-2018,07:00,11,7,July,0,63,Spokane,0,1,0,1,1,2,1,0,3,2,07:00,07:18,,12,0,6,Angle,15.2,2,0,2,4 Way,4,1,1,3,0,0,20,3,SR-290,MCKENZIE RD,-117.0986556,47.71208056,99212,0,1,82,Turn Into Opp Direction(Turning Left),15,2,55,4,0,0,1,2,12,1,1,2,1,11,Turning Red: Permitted on red,2,9,99,,0,34,34,2013,0,,15,,,,,,1,1,21,2,0,,1,0,3,0,11,0,,,,,0,0,0,3,1,0,,,,96,,,,,,0,,,,,,98277,53,61,128,6,1,0,0,0,2,,0,,,,,,0,01-15-2016,09-15-2018,20,0,0,0,8,1,8,,,0,,,8,0,2,1,,,1,,,2,1,0,,,,,,,,,,,,,,,,,,,,,,,,,,,,,,0,0,0,1,0,0,0,0,0,1,1,1,0,0,0,0,0,0,0,0,0,0,0,1,1,0,0,0,0,1,0,1,0,0,0,,0,0,0,0,0,0,0,0,0,0,0,0,0,0,0,0,,,,,,21-25,16-25,State route,U,Friday,Belt Used,PV,Not Fatal,1,0,0,0,State Route,State Patrol,Washington State Patrol,0,1,0,0,0,,,,,,0,0,0,,,,,,,,,,,98,98,98,0,,,,,20,7,,,,,,,,1,0,,,,,,
2019,223,3767144,263,06-10-2019,17:13,10,6,June,,33,King,1960,1,0,1,1,2,1,0,3,3,,,,12,0,6,Angle,0,2,0,2,4 Way,4,2,4,6,0,0,3,3,35TH AVE,NE 75TH ST,-122.2904972,47.68303889,98115,0,1,68,Initial Opposite Direction(Left/Right),15,2,30,34,0,0,1,8,12,1,1,2,1,11,Turning Red: Permitted on red,1,1,53,,0,76,703,2014,0,,71,32,2,,,,1,1,23,1,7,,4,7,20,7,11,0,06-12-2020,23:55,53027631,27631,0,0,0,3,1,39,,,,96,,,,,,98,,,,,,98674,53,67,165,6,7,0,4,0,2,,0,,,,,,3,07-15-2015,07-15-2019,20,8,0,0,0,9,8,,,0,,,8,8,2,407,996,402,1,1,1,2,1,0.176,,,,,,,,,,,,,,,,,,,,,,,,,,,,,,0,0,0,1,1,1,1,1,0,0,0,0,1,0,0,0,0,0,0,0,0,0,0,1,1,0,0,0,1,0,0,0,0,0,1,0,0,0,0,0,0,1,1,1,0,1,0,0,0,0,0,1,,,,,,21-25,16-25,County road,U,Friday,,MC,White,1,0,0,0,County Road,County Sheriff,Clark County Sheriff's Office,0,0,1,0,0,,,,,,0,0,0,,,,,,,,,,,0,0,0,1,,,,,5,0,,,,,,,,1,0,,,NE 137TH AVE,0,NE 99TH ST,1.75
2019,223,3767144,263,06-10-2019,17:13,10,6,June,,33,King,1960,1,0,1,1,2,1,0,3,3,,,,12,0,6,Angle,0,2,0,2,4 Way,4,2,4,6,0,0,3,3,35TH AVE,NE 75TH ST,-122.2904972,47.68303889,98115,0,2,69,Initial Opposite Direction(Going Straight),62,4,30,80,0,0,1,8,12,1,1,2,1,1,Going Straight,1,1,53,,0,20,422,2006,0,,63,30,8,38,42,,1,1,25,8,0,,1,0,3,0,11,0,,,,,0,0,0,3,1,0,,,,98,,,,,,98,,,,,,97303,41,73,170,6,1,0,0,0,1,,97,,,,,,0,03-15-2017,03-15-2017,1,0,0,0,8,9,8,,,0,,,8,8,2,1,,,1,,,2,1,0,,,,,,,,,,,,,,,,,,,,,,,,,,,,,,0,0,1,0,0,0,0,0,0,0,0,0,0,0,0,0,1,0,0,0,0,0,0,1,1,0,0,0,0,1,0,1,0,0,0,,0,0,0,0,0,0,0,0,1,0,0,0,0,0,0,0,,,,,,21-25,16-25,County road,R,Saturday,Belt Used,PV,Not Fatal,0,1,0,0,County Road,County Sheriff,Clark County Sheriff's Office,1,0,1,0,0,,,,,,0,0,0,,,,,,,,,,,98,98,98,0,,,,,20,7,,,,,,,,1,0,,,NE 139TH ST,1.18,,
2019,223,3767144,263,06-10-2019,17:13,10,6,June,,33,King,1960,1,0,1,1,2,1,0,3,3,,,,12,0,6,Angle,0,2,0,2,4 Way,4,2,4,6,0,0,3,3,35TH AVE,NE 75TH ST,-122.2904972,47.68303889,98115,0,3,98,Others,98,7,30,14,0,0,1,5,12,8,8,3,1,5,Others,1,1,53,,0,7,24,2007,0,,8,,,,,,1,1,41,1,0,,0,0,3,0,11,0,,,,,0,0,0,3,1,0,,,,92,,,,,,98,,,,,,98499,53,75,175,6,1,0,0,0,0,,0,,,,,,0,,,20,0,0,0,8,9,8,,,0,,,8,8,0,0,,,0,,,0,0,996,,,,,,,,,,,,,,,,,,,,,,,,,,,,,,0,0,0,0,0,0,0,0,0,1,0,1,0,0,0,0,1,0,0,0,0,0,0,0,0,0,0,0,0,1,0,1,0,0,0,,0,0,0,0,0,0,0,0,1,0,0,0,0,0,0,0,,,,,,41-45,36-45,City street,U,Thursday,Belt Used,PV,Not Fatal,0,0,0,0,State Route,Municipal/City Police,Lakewood Police Department,0,1,0,0,0,,,,,,0,0,0,,,,,,,,,,,98,98,98,0,,,,,20,7,,,,,,,,1,0,,,,,,