year,something,Cases,repjur,crash_dt,crash_tm,accday,Month,Month,holiday,county,co_char,city,weather,weather2,lightcond,surfcond,surftype,Number of Fatalities,nmforms,pforms,vforms,not_tm,arr_tm,hosp_tm,fhevent,hitrun,Manner of Collision,Manner of Collision,milepnt,reljunc,reljuncinter,intersectiontype,Intersection Type,funcsystem,landuse,ownership,route,schlbus,spejur,contdev,devfunc,trafid1,trafid2,x,y,zipcode,wk_zone,vnumber,crashtype,Crash Type,criticalevent,criticaleventcat,spdlim,body,trailer,emerg,hazcargo,leave,mhevent,roadalgn,roadprof,traflane,trafflow,Vehicle Manure,Vehicle Manure,numoccs,regowner,regstate,,spuse,make,model,modelyr,vrf1,vrf2,seqevent1,seqevent2,seqevent3,seqevent4,seqevent5,seqevent6,pnumber,ptype,age,sex,hispanic,race,injury,diedscene,restraint,restraintmisuse,seatpos,takehosp,death_dt,death_tm,cert,cernum_wa,commlic,licendor,licrestrict,liccomp,drivpres,drf1,drf2,drf3,drf4,distract1,distract2,distract3,distract4,distract5,distract6,dricond1,dricond2,dricond3,dricond4,dricond5,dricond6,dzip,licstate,drhgt_in,weight,noncdl,noncdltype,prevdwi,prevoth,prevacc,prevspd,prevsus,driviol1,driviol2,driviol3,driviol4,driviol5,driviol6,spdrel,first_dt,last_dt,airbag,ejection,ejectpath,extricat,injurwrk,methalc,methdrug,nmlocat,strikveh,prf1,prf2,prf3,druginv,alcinvol,drugsts,drugres1,drugres2,drugres3,drugtst1,drugtst2,drugtst3,alcsts,alctst,alcres,nmact1,nmact2,nmact3,nmact4,nmact5,nmact6,nmprior1,nmprior2,nmprior3,nmprior4,nmprior5,nmprior6,nmcond1,nmcond2,nmcond3,nmcond4,nmcond5,nmcond6,nmsafe_helmet,nmsafe_pads,nmsafe_oth,nmprev_ref,nmprev_lgt,nmprev_oth,crashlocation,nmcrashtype,crosswalk,schoolzone,sidewalk,train_inv,wildlife_inv,rotr_fars,intersect_fars,Drink and Drive,aid_inv,Drug Positive Drivers,Impaired Drivers,Marijuana Positive,impnm_inv,ainm_inv,dpnm_inv,speed_inv,unlic_inv,unendmc_inv,drowsy_inv,drdist_inv,nmdist_inv,fty_inv,unrestfat_inv,dr1617_inv,dr1820_inv,dr1620_inv,dr2125_inv,dr1625_inv,dr65_inv,dr70_inv,dr75_inv,mc_inv,pv_inv,ht_inv,ped_inv,bike_inv,unrest_fat,mc_fat,unhelmet_mc,pv_fat,ht_fat,ped_fat,bike_fat,dr_alc7,dr_alc8,dr_drug,dr_imp,dr_dist,dr_spd,dr_fty,dr_unlic,dr_alc7only,dr_alc8only,dr_drugonly,dr_drink,nm_imp,nm_alc7,nm_alc8,nm_drug,nm_dist,agegrp1,agegrp2,roadclass,urbrur,dayweek,restuse,vehtype,race_me,intersect,lanedep,oppdir,wrongway,rep_typ,investag,repag_long,rotr,st_rd,cty_rd,city_rd,oth_rd,drug_thc,thc_res,drug_cthc,cthc_res,drug_cann,prevpersemin,prevperse,prevsusoth,drugtst4,drugtst5,drugtst6,drugtst7,drugtst8,drugres4,drugres5,drugres6,drugres7,drugres8,adspresent,adsengaged,adslevel,race1,race2,race3,race4,race5,helmet,helmetmisuse,nmdistract1,nmdistract2,nmdistract3,nmdistract4,nmdistract5,nmdistract6,lab,isedtcase,crf1,crf2,crf3,CoRoadName,CoMP,IntCoRoadName,IntCoMP
2021,223,635670,146,06-25-2021,04:55,25,6,June,,77,Yakima,0,1,,2,1,2,1,0,2,2,,,,12,0,1,Front-to-Rear,0.7,1,0,1,No intersection,5,1,2,4,0,3,0,0,CR-W WAPATO RD,,-120.4445806,46.44800556,98951,0,2,25,Others,53,3,50,34,0,0,1,2,12,1,1,2,1,1,Going Straight,1,1,53,,0,35,402,2012,0,,63,69,68,64,42,,1,1,51,1,7,,4,7,3,0,11,0,05/24/2020,16:59,53024969,24969,0,0,0,0,1,8,37,,,96,,,,,,98,,,,,,99109,53,,999,0,0,0,0,0,0,,0,,,,,,4,,,8,0,0,0,0,9,8,,,0,,,8,8,8,95,,,96,,,8,95,995,,,,,,,,,,,,,,,,,,,,,,,,,,,,,,0,0,0,0,0,0,0,0,0,0,0,0,1,1,0,0,0,0,0,0,0,0,0,0,0,0,0,0,0,1,0,0,0,0,0,,1,0,0,0,0,0,0,0,0,1,0,1,0,0,0,0,,,,,,51-55,46-55,County road,R,Sunday,Belt Used,PV,White,0,1,0,0,County Road,County Sheriff,Stevens County Sheriff's Office,1,0,1,0,0,,,,,,0,0,0,,,,,,,,,,,98,98,98,1,,,,,20,7,,,,,,,,1,20,,,COZY NOOK,1.34,,
2021,223,635669,146,06-25-2021,04:55,25,6,June,,77,Yakima,0,1,,2,1,2,1,0,2,2,,,,12,0,1,Front-to-Rear,0.7,1,0,1,No intersection,5,1,2,4,0,3,0,0,CR-W WAPATO RD,,-120.4445806,46.44800556,98951,0,1,24,Others,51,3,50,14,0,0,1,2,12,1,1,2,1,1,Going Straight,1,1,53,,0,37,32,1992,0,,63,69,68,64,30,42,1,1,33,1,7,,4,7,3,0,11,0,06/14/2020,18:51,53027659,27659,0,0,0,2,1,58,,,,96,,,,,,98,,,,,,98311,53,72,190,1,1,0,1,0,3,,0,,,,,,3,07-15-2017,06-15-2019,1,0,0,0,0,9,8,,,0,,,8,8,2,401,417,605,1,1,1,2,1,0.206,,,,,,,,,,,,,,,,,,,,,,,,,,,,,,0,0,0,0,1,1,1,1,1,0,0,0,1,1,0,0,0,0,0,0,0,0,0,0,0,0,0,0,0,1,0,0,0,0,0,,1,0,0,0,0,1,1,1,0,1,0,1,0,0,0,1,,,,,,31-35,26-35,County road,R,Sunday,Belt Used,PV,White,0,1,0,0,County Road,County Sheriff,Mason County Sheriff's Office,1,0,1,0,0,thc,1.9,,,,0,0,3,,,,,,,,,,,0,0,0,1,,,,,20,7,,,,,,,nms,1,0,,,BROCKDALE RD,3.528,,
2020,223,634885,38,06-29-2020,08:00,29,6,June,,59,Skamania,0,1,,1,1,4,1,0,1,1,12:16,13:19,,1,0,0,No vehicle,9999.8,1,0,1,No intersection,98,1,64,8,0,0,0,0,USFS 5603 ROAD,,-122.2110056,46.38488333,,0,1,1,Driver Off Road,13,2,98,63,1,0,1,2,1,3,2,8,1,14,Making a U turn,1,3,53,,0,37,32,1996,0,,63,1,42,,,,1,1,26,1,2,,4,7,3,0,11,0,06-12-2020,02:38,53027921,27921,0,0,0,2,1,0,,,,92,,,,,,98,,,,,,98311,53,71,155,1,1,0,1,0,3,,0,,,,,,0,07-15-2017,06-15-2019,20,0,0,0,0,9,8,,,0,,,8,8,2,996,996,401,1,1,1,2,1,0,,,,,,,,,,,,,,,,,,,,,,,,,,,,,,0,0,1,0,0,0,1,1,1,0,0,0,0,1,0,0,1,0,0,0,0,0,0,0,0,0,0,0,0,1,0,0,0,0,0,,1,0,0,0,0,0,1,1,1,0,0,1,0,0,1,0,,,,,,26-30,26-35,County road,R,Friday,Belt Used,PV,Hispanic,0,1,0,0,County Road,County Sheriff,Spokane County Sheriff's Office,1,0,1,0,0,thc,2.4,,,,0,0,3,1,1,,,,417,605,,,,0,0,0,201,298,,,,20,7,,,,,,,nms,1,0,,,TRAILS RD,1.7,,
2018,223,633403,6,07-11-2018,01:55,11,7,July,0,7,Chelan,0,1,0,2,1,2,1,0,1,1,,,,1,0,0,No vehicle,150.6,1,0,1,No intersection,3,1,1,2,0,0,0,0,US-97,,-120.5708472,47.35165833,,0,1,1,Driver Off Road,13,2,60,14,0,0,1,2,1,3,2,3,1,14,Making a U turn,1,1,53,,0,20,401,2002,0,,12,,,,,,1,1,52,2,7,,4,7,3,0,11,0,06-11-2020,20:58,53027602,27602,0,0,3,3,1,0,,,,96,,,,,,0,,,,,,99006,53,65,137,6,1,0,0,0,0,,0,,,,,,0,,,8,0,0,0,0,9,8,,,0,,,8,8,2,1,,,1,,,2,1,0,,,,,,,,,,,,,,,,,,,,,,,,,,,,,,0,0,0,1,0,0,0,0,0,0,0,0,0,0,0,0,0,0,0,0,0,1,1,0,1,0,0,0,0,1,0,0,0,0,0,,1,0,0,0,0,0,0,0,0,0,0,0,0,0,0,0,,,,,,51-55,46-55,County road,R,Thursday,Belt Used,PV,White,1,0,0,0,County Road,County Sheriff,Spokane County Sheriff's Office,0,0,1,0,0,,,,,,0,0,0,,,,,,,,,,,98,98,98,1,,,,,20,7,,,,,,,,1,0,,,SHORT RD,143,MONTGOMERY RD,2.65
2017,223,632639,25,06-30-2017,18:40,30,6,June,5,33,King,0,1,0,1,1,2,1,0,4,2,,,,12,0,7,"Sideswipe,Same",0.2,3,0,4,Y Intersection,3,2,2,4,0,0,0,0,CR-RAINER AVE S,S 105TH ST,-122.2348556,47.50832222,98178,0,2,98,Others,61,4,35,14,0,0,1,2,12,1,1,3,3,10,Others,3,1,53,,0,20,481,1993,0,,12,,,,,,1,1,18,1,0,,3,0,20,7,11,5,,,,,0,0,0,3,1,39,,,,96,,,,,,98,,,,,,99006,53,73,216,6,2,0,0,0,0,,97,,,,,,0,,,20,0,0,0,8,9,8,,,0,,,8,8,0,0,,,0,,,0,0,996,,,,,,,,,,,,,,,,,,,,,,,,,,,,,,0,0,0,1,0,0,0,0,0,0,0,0,0,0,0,0,0,0,0,0,0,1,1,0,1,0,0,0,0,1,0,0,0,0,0,,0,0,0,0,0,0,0,0,0,0,0,0,0,0,0,0,,,,,,18-20,16-25,County road,R,Thursday,Not Used,PV,Not Fatal,1,0,0,0,County Road,County Sheriff,Spokane County Sheriff's Office,0,0,1,0,0,,,,,,0,0,0,,,,,,,,,,,0,0,0,0,,,,,20,7,,,,,,,,1,0,,,SHORT RD,143,MONTGOMERY RD,2.65
2017,223,632638,25,06-30-2017,18:40,30,6,June,5,33,King,0,1,0,1,1,2,1,0,4,2,,,,12,0,7,"Sideswipe,Same",0.2,3,0,4,Y Intersection,3,2,2,4,0,0,0,0,CR-RAINER AVE S,S 105TH ST,-122.2348556,47.50832222,98178,0,1,98,Others,11,2,35,80,0,0,1,2,19,1,1,3,3,6,Others,1,1,53,,0,23,880,2019,0,,12,1,,,,,1,1,72,1,0,,1,0,3,0,11,4,,,,,6,0,3,3,1,0,,,,96,,,,,,0,,,,,,98848,53,72,200,6,1,0,0,0,0,,0,,,,,,0,,,8,0,0,0,8,9,8,,,0,,,8,8,0,0,,,0,,,0,0,996,,,,,,,,,,,,,,,,,,,,,,,,,,,,,,0,0,0,0,0,0,0,0,0,0,0,0,0,0,0,0,1,0,0,1,0,0,0,0,0,1,1,1,0,1,1,0,0,0,0,,0,0,0,0,0,0,0,0,0,0,0,0,0,0,0,0,,,,,,71-75,66-75,US highway,R,Sunday,,MHTRUCK,Not Fatal,0,1,1,0,State Route,State Patrol,Washington State Patrol,0,1,0,0,0,,,,,,0,0,0,,,,,,,,,,,98,98,98,0,,,,,20,7,,,,,,,,1,0,,,,,,
2021,224,635707,21,06-13-2021,08:18,13,6,June,,25,Grant,0,1,,1,1,2,1,0,4,2,,,,12,0,2,Front-to-Front,17.3,1,0,1,No intersection,6,1,1,4,0,0,0,0,CR-N FRONTAGE RD,,-119.4087,47.10453333,98837,0,2,51,Lateral Move(Going Straight),62,4,55,5,0,0,1,2,12,1,1,2,1,1,Going Straight,1,1,53,,0,12,481,2018,0,,12,1,12,,,,1,1,75,1,0,,3,0,3,0,11,4,,,,,0,0,0,3,1,0,,,,96,,,,,,0,,,,,,98229,53,72,140,6,1,0,0,0,0,,0,,,,,,0,,,8,0,0,0,8,9,8,,,0,,,8,8,0,0,,,0,,,0,0,996,,,,,,,,,,,,,,,,,,,,,,,,,,,,,,0,0,0,0,0,0,0,0,0,0,0,0,0,0,0,0,1,0,0,1,0,0,0,0,0,1,1,1,0,1,1,0,0,0,0,,0,0,0,0,0,0,0,0,0,0,0,0,0,0,0,0,,,,,,71-75,66-75,US highway,R,Sunday,Belt Used,PV,Not Fatal,0,1,1,0,State Route,State Patrol,Washington State Patrol,0,1,0,0,0,,,,,,0,0,0,,,,,,,,,,,98,98,98,0,,,,,20,7,,,,,,,,1,0,,,,,,
2021,224,635706,21,06-13-2021,08:18,13,6,June,,25,Grant,0,1,,1,1,2,1,0,4,2,,,,12,0,2,Front-to-Front,17.3,1,0,1,No intersection,6,1,1,4,0,0,0,0,CR-N FRONTAGE RD,,-119.4087,47.10453333,98837,0,1,50,Lateral Move(Left/Right),10,2,55,6,0,0,1,2,12,1,1,2,1,1,Going Straight,3,2,53,,0,20,441,2001,0,,68,12,,,,,1,1,30,1,1,,4,7,3,0,11,0,06-07-2020,13:05,53026576,26576,99,0,9,9,1,0,,,,92,,,,,,98,,,,,,0,99,,999,9,9,99,99,99,99,,0,,,,,,0,,,20,0,0,0,0,9,8,,,0,,,8,8,2,1,,,1,,,2,1,0,,,,,,,,,,,,,,,,,,,,,,,,,,,,,,0,0,0,0,0,0,0,0,0,0,0,0,0,0,0,0,1,0,0,1,0,0,0,0,0,1,1,1,0,1,1,0,0,0,0,,1,0,0,0,0,0,0,0,1,0,0,0,0,0,0,0,,,,,,26-30,26-35,US highway,R,Sunday,Belt Used,PV,Hispanic,0,1,1,0,State Route,State Patrol,Washington State Patrol,0,1,0,0,0,,,,,,99,99,99,,,,,,,,,,,98,98,98,98,,,,,20,7,,,,,,,,1,0,,,,,,
2020,224,634886,146,06-12-2020,14:00,12,6,June,,77,Yakima,0,1,,1,1,5,1,0,5,1,14:05,14:46,15:54,1,0,0,No vehicle,9999.9,1,0,1,No intersection,98,1,64,8,0,0,0,0,FS 580 R,,-121.1077028,46.66443056,,0,1,98,Others,9,1,98,15,0,0,1,2,1,3,2,8,1,14,Making a U turn,5,1,53,,0,20,481,2005,0,,12,,,,,,1,1,22,1,0,,1,0,3,0,11,0,,,,,6,0,3,3,1,0,,,,96,,,,,,0,,,,,,98948,53,69,160,6,1,0,2,2,0,,0,,,,,,0,04-15-2016,11-15-2019,1,0,0,0,8,3,8,,,0,,,8,0,0,0,,,0,,,2,98,0,,,,,,,,,,,,,,,,,,,,,,,,,,,,,,0,0,0,1,0,0,0,0,0,0,0,0,0,0,0,0,0,0,0,1,0,0,0,1,1,1,0,0,0,1,0,0,0,0,0,,0,0,0,0,0,0,0,0,0,0,0,0,0,0,0,0,,,,,,21-25,16-25,US highway,U,Monday,Belt Used,PV,Not Fatal,1,0,0,0,State Route,State Patrol,Washington State Patrol,0,1,0,0,0,,,,,,0,0,0,,,,,,,,,,,98,98,98,0,,,,,20,7,,,,,,,,1,0,,,,,,
2019,224,634186,2,07-01-2019,21:10,1,7,July,,29,Island,0,1,0,5,1,2,1,0,4,2,,,,12,0,6,Angle,3.5,2,0,2,4 Way,5,1,2,4,0,0,20,3,CR-CULTUS BAY RD,DEER LAKE RD,-122.3973083,47.96908889,98236,0,2,82,Turn Into Opp Direction(Turning Left),15,2,50,14,0,0,1,2,12,1,1,2,1,11,Turning Red: Permitted on red,3,1,53,,0,54,35,2000,0,,12,,,,,,1,1,68,1,1,,4,7,20,7,11,0,06-01-2020,07:01,2.40E+11,25048,0,0,3,3,1,39,,,,96,,,,,,98,,,,,,98951,53,66,150,6,1,0,1,0,0,,0,,,,,,0,09-15-2017,09-15-2017,1,0,0,0,0,1,8,,,0,,,8,0,2,1,,,1,,,2,1,0,,,,,,,,,,,,,,,,,,,,,,,,,,,,,,0,0,0,1,0,0,0,0,0,0,0,0,0,0,0,0,0,0,0,1,0,0,0,1,1,1,0,0,0,1,0,0,0,1,0,,1,0,0,0,0,0,0,0,0,0,0,0,0,0,0,0,,,,,,66-70,66-75,US highway,U,Monday,Not Used,PV,Hispanic,1,0,0,0,State Route,State Patrol,Washington State Patrol,0,1,0,0,0,,,,,,0,0,0,,,,,,,,,,,98,98,98,98,,,,,20,7,,,,,,,,1,0,,,,,,
2019,224,634185,2,07-01-2019,21:10,1,7,July,,29,Island,0,1,0,5,1,2,1,0,4,2,,,,12,0,6,Angle,3.5,2,0,2,4 Way,5,1,2,4,0,0,0,0,CR-CULTUS BAY RD,DEER LAKE RD,-122.3973083,47.96908889,98236,0,1,83,Others,17,2,50,80,0,0,1,2,12,1,1,2,1,1,Going Straight,1,1,53,,0,34,37,2006,0,,64,25,,,,,1,1,23,1,7,,4,7,20,7,11,0,05/23/2020,02:11,2.23E+11,24109,0,0,0,3,1,0,,,,96,,,,,,9,,,,,,98465,53,74,220,6,1,0,1,1,0,,0,,,,,,4,10-15-2015,07-15-2016,7,0,0,0,0,1,8,,,0,,,8,1,2,1,,,1,,,2,1,0.12,,,,,,,,,,,,,,,,,,,,,,,,,,,,,,0,0,1,0,1,1,0,1,0,0,0,0,1,0,0,0,0,0,0,1,0,0,0,1,1,0,0,0,0,1,0,0,0,1,0,,1,0,0,0,0,1,0,1,0,1,0,0,0,1,0,1,,,,,,21-25,16-25,State route,U,Saturday,Not Used,PV,White,0,1,0,0,State Route,State Patrol,Washington State Patrol,1,1,0,0,0,,,,,,0,0,0,,,,,,,,,,,98,98,98,1,,,,,20,7,,,,,,,,1,0,,,,,,
2018,224,633404,26,07-14-2018,06:58,14,7,July,0,35,Kitsap,0,1,0,1,1,2,1,1,1,1,,,,8,1,0,No vehicle,2.5,1,0,1,No intersection,5,1,2,4,0,0,0,0,CR-SIDNEY RD SW,,-122.6613167,47.43795278,98367,0,1,13,Pedestrian/Animal,13,2,45,4,0,0,1,5,8,1,1,2,1,1,Going Straight,99,2,53,,0,12,23,2019,0,,63,42,1,2,,,1,1,78,1,1,,4,0,3,0,11,5,06/30/2020,13:26,1.96E+11,31830,0,0,3,3,1,0,,,,92,,,,,,98,,,,,,98272,53,69,165,6,1,0,0,0,0,,0,,,,,,0,,,8,0,0,0,0,9,8,,,0,,,8,8,8,95,,,96,,,8,95,995,,,,,,,,,,,,,,,,,,,,,,,,,,,,,,0,0,1,0,0,0,0,0,0,0,0,0,0,0,0,0,1,0,0,0,0,0,0,0,0,1,1,1,0,1,0,0,0,0,0,,1,0,0,0,0,0,0,0,1,0,0,0,0,0,0,0,,,,,,76-80,76+,County road,R,Tuesday,Belt Used,PV,Hispanic,0,1,0,0,County Road,County Sheriff,King County Police,1,0,1,0,0,,,,,,0,0,0,,,,,,,,,,,98,98,98,1,,,,,20,7,,,,,,,,1,0,,,NE 143 ST,0.668,,
2017,224,632645,129,06-29-2017,09:38,29,6,June,0,53,Pierce,747,1,0,1,1,2,1,0,5,5,09:42,09:52,10:25,12,0,6,Angle,0,2,0,2,4 Way,3,2,4,6,0,3,3,3,PACIFIC HWY E,ALEXANDER AVE E,-122.3728639,47.24311944,98424,0,5,98,Others,98,7,35,14,0,0,1,2,54,1,1,5,1,5,Others,1,1,53,,0,20,441,1995,0,,8,,,,,,1,1,48,1,0,,0,0,3,0,11,0,,,,,0,0,0,2,1,0,,,,96,,,,,,0,,,,,,98104,53,70,290,1,1,0,5,0,0,,0,,,,,,0,03-15-2015,11-15-2020,20,0,0,0,8,3,8,,,0,,,8,8,0,0,,,0,,,0,0,996,,,,,,,,,,,,,,,,,,,,,,,,,,,,,,0,0,0,0,0,0,0,0,0,1,1,0,0,1,0,0,0,0,0,0,0,0,0,0,0,0,0,0,0,1,0,1,0,0,0,,0,0,0,0,0,0,0,0,0,0,0,1,0,0,0,0,,,,,,46-50,46-55,Interstate,U,Thursday,Belt Used,PV,Not Fatal,0,0,0,0,State Route,State Patrol,Washington State Patrol,0,1,0,0,0,,,,,,0,0,4,,,,,,,,,,,0,0,0,0,,,,,20,7,,,,,,,,1,0,,,,,,
2017,224,632644,129,06-29-2017,09:38,29,6,June,0,53,Pierce,747,1,0,1,1,2,1,0,5,5,09:42,09:52,10:25,12,0,6,Angle,0,2,0,2,4 Way,3,2,4,6,0,3,3,3,PACIFIC HWY E,ALEXANDER AVE E,-122.3728639,47.24311944,98424,0,4,98,Others,98,7,35,4,0,0,1,5,12,1,1,5,1,5,Others,1,1,53,,0,12,870,2016,0,,12,,,,,,1,1,31,1,0,,0,0,3,0,11,0,,,,,0,0,0,3,1,0,,,,96,,,,,,0,,,,,,98445,53,68,185,6,1,0,0,0,1,,0,,,,,,0,06-15-2019,06-15-2019,20,0,0,0,8,9,8,,,0,,,8,8,8,95,,,96,,,8,95,995,,,,,,,,,,,,,,,,,,,,,,,,,,,,,,0,0,0,0,0,0,0,0,0,0,0,0,0,0,1,0,0,0,0,0,0,0,0,0,0,0,0,0,1,0,1,0,0,0,0,,0,0,0,0,0,0,0,0,0,0,0,0,0,0,0,0,,,,,,31-35,26-35,County road,U,Monday,,MHTRUCK,Not Fatal,0,1,1,0,County Road,County Sheriff,Law Enforcement Support Agency,0,0,1,0,0,,,,,,0,0,0,,,,,,,,,,,98,98,98,0,,,,,20,7,,,,,,,,1,0,,,038 AVE E,0.02,,
2017,224,632643,129,06-29-2017,09:38,29,6,June,0,53,Pierce,747,1,0,1,1,2,1,0,5,5,09:42,09:52,10:25,12,0,6,Angle,0,2,0,2,4 Way,3,2,4,6,0,3,3,3,PACIFIC HWY E,ALEXANDER AVE E,-122.3728639,47.24311944,98424,0,3,98,Others,98,7,35,6,0,0,1,2,12,1,1,5,1,1,Going Straight,1,1,53,,0,76,706,2012,0,,68,12,,,,,1,1,58,1,7,,4,7,20,7,11,0,06-08-2020,15:30,53026582,26582,0,0,0,2,1,0,,,,96,,,,,,98,,,,,,98446,53,68,195,6,1,0,0,1,0,,0,,,,,,0,08-15-2017,08-15-2017,20,8,0,0,0,9,8,,,0,,,8,8,2,1,,,1,,,2,1,0,,,,,,,,,,,,,,,,,,,,,,,,,,,,,,0,0,0,0,0,0,0,0,0,0,0,0,0,0,1,0,0,0,0,0,0,0,0,0,0,0,0,0,1,0,1,0,0,0,1,0,0,0,0,0,0,0,0,0,0,0,0,0,0,0,0,0,,,,,,56-60,56-65,County road,U,Monday,,MC,White,0,1,1,0,County Road,County Sheriff,Law Enforcement Support Agency,0,0,1,0,0,,,,,,0,0,0,,,,,,,,,,,0,0,0,1,,,,,19,0,,,,,,,,1,0,,,038 AVE E,0.02,,
2017,224,632642,129,06-29-2017,09:38,29,6,June,0,53,Pierce,747,1,0,1,1,2,1,0,5,5,09:42,09:52,10:25,12,0,6,Angle,0,2,0,2,4 Way,3,2,4,6,0,3,3,3,PACIFIC HWY E,ALEXANDER AVE E,-122.3728639,47.24311944,98424,0,2,82,Turn Into Opp Direction(Turning Left),66,4,25,4,0,0,1,2,12,1,1,3,1,11,Turning Red: Permitted on red,1,1,53,,0,35,50,2019,0,,63,42,1,,,,1,1,69,1,7,,4,7,3,0,11,0,06-09-2020,06:11,53028962,28962,0,0,3,3,1,0,,,,96,,,,,,98,,,,,,98290,53,68,150,6,1,0,1,0,0,,0,,,,,,0,12-15-2015,12-15-2015,8,0,0,0,0,9,8,,,0,,,8,8,2,401,417,,1,1,,2,1,0,,,,,,,,,,,,,,,,,,,,,,,,,,,,,,0,0,1,0,0,0,1,1,0,0,0,0,0,0,0,0,0,0,0,0,0,0,0,0,0,1,0,0,0,1,0,0,0,0,0,,1,0,0,0,0,0,1,1,0,0,0,0,0,0,1,0,,,,,,66-70,66-75,County road,R,Tuesday,Belt Used,PV,White,0,1,0,0,County Road,County Sheriff,Law Enforcement Support Agency,1,0,1,0,0,,,,,,0,0,0,,,,,,,,,,,98,98,98,1,,,,,20,7,,,,,,,,1,0,,,ORVILLE RD E,10.48,,
2017,224,632641,129,06-29-2017,09:38,29,6,June,0,53,Pierce,747,1,0,1,1,2,1,0,5,5,09:42,09:52,10:25,12,1,6,Angle,0,2,0,2,4 Way,3,2,4,6,0,3,3,3,PACIFIC HWY E,ALEXANDER AVE E,-122.3728639,47.24311944,98424,0,1,83,Others,17,2,35,4,0,0,1,2,12,1,1,5,1,1,Going Straight,1,2,53,,0,35,472,2005,0,,12,,,,,,1,1,32,2,0,,0,0,3,0,11,0,,,,,0,0,0,3,1,0,,,,96,,,,,,0,,,,,,98155,53,66,158,6,1,0,0,0,1,,0,,,,,,0,08-15-2016,08-15-2016,20,0,0,0,8,9,8,,,0,,,8,8,8,95,,,96,,,8,95,995,,,,,,,,,,,,,,,,,,,,,,,,,,,,,,0,0,0,1,0,0,0,0,0,0,0,0,0,1,0,0,0,0,0,1,0,0,0,0,0,0,0,0,0,1,0,0,0,0,0,,0,0,0,0,0,0,0,0,0,0,0,0,0,0,0,0,,,,,,31-35,26-35,City street,U,Sunday,Belt Used,PV,Not Fatal,1,0,0,0,City Street,County Sheriff,King County Police,0,0,0,1,0,,,,,,0,0,0,,,,,,,,,,,98,98,98,0,,,,,20,7,,,,,,,,1,0,,,,,,
2021,225,635708,8,06-20-2021,19:44,20,6,June,,35,Kitsap,0,1,,1,1,2,1,0,1,1,,,,24,0,0,No vehicle,27,1,0,1,No intersection,2,1,1,3,0,0,0,0,SR-16,,-122.7001194,47.52738889,98312,0,1,1,Driver Off Road,13,2,40,80,0,0,1,2,24,3,1,7,5,14,Making a U turn,1,2,53,,0,12,401,1991,0,,12,,,,,,1,1,42,1,7,,4,0,20,7,11,5,06-07-2020,18:40,1.96E+11,26557,0,0,0,2,1,39,,,,96,,,,,,98,,,,,,98133,53,76,235,1,1,0,5,0,1,,0,,,,,,0,06-15-2016,10-15-2019,20,0,0,0,0,9,8,,,0,,,8,8,8,95,,,96,,,8,95,995,,,,,,,,,,,,,,,,,,,,,,,,,,,,,,0,0,0,1,0,0,0,0,0,0,0,0,0,1,0,0,0,0,0,1,0,0,0,0,0,0,0,0,0,1,0,0,0,1,0,,1,0,0,0,0,0,0,0,0,0,0,1,0,0,0,0,,,,,,41-45,36-45,City street,U,Sunday,Not Used,PV,White,1,0,0,0,City Street,County Sheriff,King County Police,0,0,0,1,0,,,,,,0,0,2,,,,,,,,,,,0,0,0,1,,,,,20,7,,,,,,,,1,0,,,,,,
2020,225,634887,1,07-02-2020,01:30,2,7,July,,77,Yakima,0,1,,2,1,1,1,0,2,1,01:32,01:50,02:19,1,0,0,No vehicle,47.6,1,0,1,No intersection,1,1,1,1,0,0,0,0,I-82,,-120.3454333,46.43923889,98953,0,1,6,Drive off road,12,2,70,4,0,0,1,2,1,1,1,2,2,1,Going Straight,2,2,53,,0,49,472,1996,0,,64,1,,,,,1,1,15,2,7,,4,7,3,0,11,0,06-05-2020,23:00,53026917,26917,0,0,2,2,1,73,,,,96,,,,,,98,,,,,,98604,53,65,122,6,7,0,0,0,0,,0,,,,,,0,,,99,0,0,0,0,9,8,,,0,,,8,8,2,1,,,1,,,2,1,0.094,,,,,,,,,,,,,,,,,,,,,,,,,,,,,,0,0,1,0,1,1,0,1,0,0,0,0,0,0,0,0,0,0,0,0,0,0,0,0,0,0,0,0,0,1,0,0,0,0,0,,1,0,0,0,0,1,0,1,0,0,0,0,0,1,0,1,,,,,,Oct-15,0-15,Other,,Friday,Belt Used,PV,White,0,1,0,0,Other,County Sheriff,Cowlitz County Sheriff's Office,1,0,0,0,1,,,,,,0,0,0,,,,,,,,,,,0,0,0,1,,,,,20,7,,,,,,,,1,0,,,,,,
2019,225,634187,12,06-29-2019,14:34,29,6,June,,7,Chelan,0,1,0,1,1,2,1,0,1,1,,,,42,0,0,No vehicle,0,1,0,1,No intersection,5,1,2,4,0,0,0,0,CR-CHIWAWA LOOP RD,,-120.6564028,47.76485556,98826,0,1,1,Driver Off Road,6,1,35,80,0,0,1,5,42,3,2,2,1,14,Making a U turn,1,2,53,,0,49,46,2007,0,,12,,,,,,1,1,42,1,7,,4,7,99,7,11,0,06-06-2020,21:31,2.11E+11,38415,0,0,3,3,1,0,,,,96,,,,,,0,,,,,,99206,53,68,210,6,1,0,0,3,2,,0,,,,,,0,04-15-2016,06-15-2018,1,0,0,0,0,9,8,,,0,,,8,8,2,1,,,1,,,2,1,0,,,,,,,,,,,,,,,,,,,,,,,,,,,,,,0,0,0,1,0,0,1,1,0,0,0,0,1,1,0,0,0,0,0,0,0,0,0,1,1,0,0,0,0,1,0,0,0,0,0,,1,0,0,0,0,0,0,0,0,0,0,0,0,0,0,0,,,,,,41-45,36-45,City street,U,Saturday,Unknown,PV,White,1,0,0,0,City Street,Municipal/City Police,Spokane Valley Police Department,0,0,0,1,0,,,,,,0,0,1,,,,,,,,,,,98,98,98,1,,,,,20,7,,,,,,,,1,20,,,,,,