year,something,Cases,repjur,crash_dt,crash_tm,accday,Month,Month,holiday,county,co_char,city,weather,weather2,lightcond,surfcond,surftype,Number of Fatalities,nmforms,pforms,vforms,not_tm,arr_tm,hosp_tm,fhevent,hitrun,Manner of Collision,Manner of Collision,milepnt,reljunc,reljuncinter,intersectiontype,Intersection Type,funcsystem,landuse,ownership,route,schlbus,spejur,contdev,devfunc,trafid1,trafid2,x,y,zipcode,wk_zone,vnumber,crashtype,Crash Type,criticalevent,criticaleventcat,spdlim,body,trailer,emerg,hazcargo,leave,mhevent,roadalgn,roadprof,traflane,trafflow,Vehicle Manure,Vehicle Manure,numoccs,regowner,regstate,,spuse,make,model,modelyr,vrf1,vrf2,seqevent1,seqevent2,seqevent3,seqevent4,seqevent5,seqevent6,pnumber,ptype,age,sex,hispanic,race,injury,diedscene,restraint,restraintmisuse,seatpos,takehosp,death_dt,death_tm,cert,cernum_wa,commlic,licendor,licrestrict,liccomp,drivpres,drf1,drf2,drf3,drf4,distract1,distract2,distract3,distract4,distract5,distract6,dricond1,dricond2,dricond3,dricond4,dricond5,dricond6,dzip,licstate,drhgt_in,weight,noncdl,noncdltype,prevdwi,prevoth,prevacc,prevspd,prevsus,driviol1,driviol2,driviol3,driviol4,driviol5,driviol6,spdrel,first_dt,last_dt,airbag,ejection,ejectpath,extricat,injurwrk,methalc,methdrug,nmlocat,strikveh,prf1,prf2,prf3,druginv,alcinvol,drugsts,drugres1,drugres2,drugres3,drugtst1,drugtst2,drugtst3,alcsts,alctst,alcres,nmact1,nmact2,nmact3,nmact4,nmact5,nmact6,nmprior1,nmprior2,nmprior3,nmprior4,nmprior5,nmprior6,nmcond1,nmcond2,nmcond3,nmcond4,nmcond5,nmcond6,nmsafe_helmet,nmsafe_pads,nmsafe_oth,nmprev_ref,nmprev_lgt,nmprev_oth,crashlocation,nmcrashtype,crosswalk,schoolzone,sidewalk,train_inv,wildlife_inv,rotr_fars,intersect_fars,Drink and Drive,aid_inv,Drug Positive Drivers,Impaired Drivers,Marijuana Positive,impnm_inv,ainm_inv,dpnm_inv,speed_inv,unlic_inv,unendmc_inv,drowsy_inv,drdist_inv,nmdist_inv,fty_inv,unrestfat_inv,dr1617_inv,dr1820_inv,dr1620_inv,dr2125_inv,dr1625_inv,dr65_inv,dr70_inv,dr75_inv,mc_inv,pv_inv,ht_inv,ped_inv,bike_inv,unrest_fat,mc_fat,unhelmet_mc,pv_fat,ht_fat,ped_fat,bike_fat,dr_alc7,dr_alc8,dr_drug,dr_imp,dr_dist,dr_spd,dr_fty,dr_unlic,dr_alc7only,dr_alc8only,dr_drugonly,dr_drink,nm_imp,nm_alc7,nm_alc8,nm_drug,nm_dist,agegrp1,agegrp2,roadclass,urbrur,dayweek,restuse,vehtype,race_me,intersect,lanedep,oppdir,wrongway,rep_typ,investag,repag_long,rotr,st_rd,cty_rd,city_rd,oth_rd,drug_thc,thc_res,drug_cthc,cthc_res,drug_cann,prevpersemin,prevperse,prevsusoth,drugtst4,drugtst5,drugtst6,drugtst7,drugtst8,drugres4,drugres5,drugres6,drugres7,drugres8,adspresent,adsengaged,adslevel,race1,race2,race3,race4,race5,helmet,helmetmisuse,nmdistract1,nmdistract2,nmdistract3,nmdistract4,nmdistract5,nmdistract6,lab,isedtcase,crf1,crf2,crf3,CoRoadName,CoMP,IntCoRoadName,IntCoMP
2018,225,633406,21,07-09-2018,07:36,9,7,July,0,25,Grant,0,1,0,1,1,7,1,0,2,2,07:40,07:56,,12,0,6,Angle,2,2,0,3,T Intersection,5,1,2,4,0,0,0,0,CR-RD S SE,CR-RD 6 SE,-119.0881278,46.99896944,98857,0,2,83,Others,67,4,55,66,1,0,1,7,1,1,4,2,1,1,Going Straight,1,3,53,,0,20,37,2012,0,,12,,,,,,1,1,25,1,0,,3,0,99,7,11,8,,,,,0,0,3,2,1,8,37,39,,96,,,,,,9,,,,,,99206,53,77,285,1,1,0,3,0,0,,97,,,,,,4,07-15-2017,07-15-2017,1,0,0,0,8,9,8,,,0,,,1,8,2,417,,,1,,,2,1,0,,,,,,,,,,,,,,,,,,,,,,,,,,,,,,0,0,0,1,0,0,1,1,0,0,0,0,1,1,0,0,0,0,0,0,0,0,0,1,1,0,0,0,0,1,0,0,0,0,0,,0,0,0,0,0,0,1,1,0,1,0,1,0,0,1,0,,,,,,21-25,16-25,City street,U,Saturday,Unknown,PV,Not Fatal,1,0,0,0,City Street,Municipal/City Police,Spokane Valley Police Department,0,0,0,1,0,,,,,,0,0,2,,,,,,,,,,,98,98,98,0,,,,,20,7,,,,,,,,1,20,,,,,,
2018,225,633405,21,07-09-2018,07:36,9,7,July,0,25,Grant,0,1,0,1,1,7,1,0,2,2,07:40,07:56,,12,0,6,Angle,2,2,0,3,T Intersection,5,1,2,4,0,0,20,3,CR-RD S SE,CR-RD 6 SE,-119.0881278,46.99896944,98857,0,1,82,Turn Into Opp Direction(Turning Left),15,2,55,6,0,0,1,7,12,1,4,2,1,11,Turning Red: Permitted on red,1,2,53,,0,20,482,2003,0,,68,64,42,35,1,,1,1,33,1,7,,4,0,99,7,11,5,06/15/2020,16:30,2.11E+11,28120,99,9,9,9,1,0,,,,92,,,,,,98,,,,,,99999,99,68,165,9,9,99,99,99,99,,0,,,,,,4,,,8,1,9,0,0,9,8,,,0,,,8,8,2,695,605,,1,1,,2,1,0.181,,,,,,,,,,,,,,,,,,,,,,,,,,,,,,0,0,0,0,1,1,1,1,1,0,0,0,1,0,0,0,1,0,0,0,0,0,0,0,0,0,0,0,0,1,0,0,0,0,0,,1,0,0,0,0,1,1,1,1,1,0,0,0,0,0,1,,,,,,31-35,26-35,County road,R,Wednesday,Unknown,PV,White,0,1,0,0,County Road,County Sheriff,Spokane County Sheriff's Office,1,0,1,0,0,,,,,,99,99,99,,,,,,,,,,,98,98,98,1,,,,,20,7,,,,,,,,1,0,,,LONG LAKE RD,2.72,,
2021,226,635709,26,07-10-2021,21:45,10,7,July,,35,Kitsap,0,1,,1,1,2,1,0,1,1,,,,42,0,0,No vehicle,,1,0,1,No intersection,5,1,2,4,0,0,0,0,CR-BETHEL BURLEY RD SE,,-122.6312167,47.42445,98367,0,1,6,Drive off road,12,2,45,34,0,0,1,2,42,1,1,2,1,1,Going Straight,1,1,53,,0,20,461,2014,0,,12,,,,,,1,1,59,1,7,,4,7,20,7,11,0,05/18/2020,14:43,53023981,23981,0,0,0,3,1,0,,,,96,,,,,,0,,,,,,98092,53,71,195,6,1,0,1,0,0,,0,,,,,,0,06-15-2016,06-15-2016,8,2,9,0,1,9,8,,,0,,,8,8,0,0,,,0,,,0,0,996,,,,,,,,,,,,,,,,,,,,,,,,,,,,,,0,0,0,0,0,0,0,0,0,0,0,0,0,0,0,0,0,0,0,1,0,0,0,0,0,1,1,1,0,1,0,0,0,1,0,,1,0,0,0,0,0,0,0,0,0,0,0,0,0,0,0,,,,,,56-60,56-65,Interstate,R,Monday,Not Used,PV,White,0,0,0,1,State Route,State Patrol,Washington State Patrol,0,1,0,0,0,,,,,,0,0,0,,,,,,,,,,,98,98,98,1,,,,,20,7,,,,,,,,1,0,,,,,,
2020,226,634889,4,07-11-2020,01:29,11,7,July,,75,Whitman,0,1,,3,1,1,1,0,1,1,,,,35,0,0,No vehicle,15.2,1,0,1,No intersection,5,1,1,3,0,0,0,0,SR-23,,-117.6009306,47.09683056,99171,0,1,2,Control/Traction Loss,9,1,55,67,0,0,1,2,1,4,1,2,1,14,Making a U turn,1,3,53,,0,55,401,2005,0,,12,,,,,,1,1,87,1,7,,4,7,20,7,11,0,05/18/2020,14:34,53023299,23299,0,0,3,3,1,51,,,,96,,,,,,98,,,,,,98837,53,68,150,6,1,0,0,0,0,,0,,,,,,0,,,8,0,0,0,0,9,8,,,0,,,8,8,0,0,,,0,,,0,0,996,,,,,,,,,,,,,,,,,,,,,,,,,,,,,,0,0,0,0,0,0,0,0,0,0,0,0,0,0,0,0,0,0,0,1,0,0,0,0,0,1,1,1,0,1,0,0,0,1,0,,1,0,0,0,0,0,0,0,0,0,0,0,0,0,0,0,,,,,,81+,76+,Interstate,R,Monday,Not Used,PV,White,0,0,0,1,State Route,State Patrol,Washington State Patrol,0,1,0,0,0,,,,,,0,0,0,,,,,,,,,,,98,98,98,1,,,,,20,7,,,,,,,,1,0,,,,,,
2019,226,634188,35,07-14-2019,14:20,14,7,July,,53,Pierce,0,1,0,1,1,2,1,0,2,1,,,,52,0,0,No vehicle,1.4,1,0,1,No intersection,5,2,2,4,0,0,0,0,CR-PIONEER WAY E,,-122.337075,47.19243611,98371,0,1,7,Control/Traction Loss,6,1,35,4,0,0,1,5,52,3,4,2,1,14,Making a U turn,2,1,53,,0,55,401,2017,0,,63,38,30,,,,1,1,17,1,0,,2,0,99,7,11,0,,,,,0,0,3,3,1,8,,,,96,,,,,,0,,,,,,98032,53,72,200,6,2,0,0,0,0,,97,,,,,,3,,,8,0,0,0,8,3,2,,,0,,,8,8,0,0,,,0,,,0,0,996,,,,,,,,,,,,,,,,,,,,,,,,,,,,,,0,0,1,0,0,0,0,0,0,0,0,0,1,0,0,0,0,0,0,0,1,0,1,0,1,0,0,0,0,1,0,0,0,0,0,,0,0,0,0,0,0,0,0,0,1,0,0,0,0,0,0,,,,,,16-17,16-25,City street,U,Tuesday,Unknown,PV,Not Fatal,0,1,0,0,City Street,Municipal/City Police,Kent Police Department,1,0,0,1,0,,,,,,0,0,0,,,,,,,,,,,98,98,98,0,,,,,20,7,,,,,,,,1,0,,,,,,
2018,226,633407,1,07-11-2018,13:51,11,7,July,0,77,Yakima,2220,1,0,1,1,2,1,0,1,1,,,,35,0,0,No vehicle,67.1,19,1,1,No intersection,1,2,1,1,0,0,0,0,I-82,,-120.0168639,46.30598056,98944,0,1,6,Drive off road,12,2,70,14,0,0,1,2,1,1,2,2,3,1,Going Straight,1,2,53,,0,37,706,2004,0,,12,,,,,,1,1,52,8,0,,3,0,20,7,11,5,,,,,0,0,0,2,1,0,,,,96,,,,,,0,,,,,,99206,53,69,165,6,1,0,0,0,2,,0,,,,,,0,03-15-2015,06-15-2020,20,8,0,0,8,9,8,,,0,,,8,8,8,95,,,96,,,8,95,995,,,,,,,,,,,,,,,,,,,,,,,,,,,,,,0,0,0,1,1,1,1,1,1,0,0,0,1,1,1,0,0,0,0,0,0,0,0,0,0,0,0,0,1,0,0,0,0,0,0,0,0,0,0,0,0,0,0,0,0,0,0,0,0,0,0,0,,,,,,51-55,46-55,City street,U,Tuesday,,MC,Not Fatal,0,0,0,0,City Street,Municipal/City Police,Spokane Valley Police Department,0,0,0,1,0,,,,,,0,0,3,,,,,,,,,,,0,0,0,0,,,,,5,0,,,,,,,,1,0,,,,,,
2017,226,632611,21,06-16-2017,14:49,16,6,June,0,25,Grant,0,1,0,1,1,7,1,0,2,1,14:49,15:00,16:07,1,0,0,No vehicle,2.6,1,0,1,No intersection,7,1,2,4,0,0,0,0,CR-RD 27 SW,,-119.7825611,46.69358056,99349,0,1,1,Driver Off Road,13,2,50,14,0,0,1,2,1,1,1,2,1,1,Going Straight,2,2,53,,0,72,706,2020,0,,12,,,,,,1,1,30,1,7,,4,0,20,7,11,5,06-03-2020,00:43,2.11E+11,25973,0,0,0,2,1,0,,,,96,,,,,,98,,,,,,99207,53,67,193,1,1,0,1,0,2,,0,,,,,,4,11-15-2015,10-15-2017,20,8,0,0,0,9,8,,,0,,,8,8,2,695,605,,1,1,,2,1,0.181,,,,,,,,,,,,,,,,,,,,,,,,,,,,,,0,0,0,1,1,1,1,1,1,0,0,0,1,1,1,0,0,0,0,0,0,0,0,0,0,0,0,0,1,0,0,0,0,0,1,1,0,0,0,0,0,1,1,1,0,1,0,1,0,0,0,1,,,,,,26-30,26-35,City street,U,Tuesday,,MC,White,0,0,0,0,City Street,Municipal/City Police,Spokane Valley Police Department,0,0,0,1,0,thc,1.8,carboxy-thc,16,,0,0,1,,,,,,,,,,,0,0,0,1,,,,,17,7,,,,,,,nms,1,0,,,,,,
2020,227,634891,55,07-11-2020,00:16,11,7,July,,33,King,100,1,,3,1,2,1,0,2,2,00:17,00:22,,12,0,6,Angle,0,2,0,2,4 Way,3,2,4,6,0,0,3,3,W VALLEY HWY N,15th St NW,-122.2498667,47.32250278,98001,0,2,87,Others,66,4,40,66,1,0,1,5,12,1,1,5,1,1,Going Straight,1,3,18,,0,7,442,2002,0,,12,,,,,,1,1,57,2,0,,0,0,3,0,11,0,,,,,0,0,0,3,1,0,,,,96,,,,,,0,,,,,,98070,53,61,115,6,1,0,0,0,1,,0,,,,,,0,10-15-2016,11-15-2017,20,0,0,0,8,9,8,,,0,,,8,8,0,0,,,0,,,0,0,996,,,,,,,,,,,,,,,,,,,,,,,,,,,,,,0,0,0,0,0,0,1,1,1,0,0,0,0,0,1,0,1,0,0,0,0,0,0,0,0,0,0,0,1,1,0,0,0,0,0,,0,0,0,0,0,0,0,0,0,0,0,0,0,0,0,0,,,,,,56-60,56-65,County road,R,Monday,Belt Used,PV,Not Fatal,0,0,0,0,County Road,County Sheriff,King County Police,0,0,1,0,0,,,,,,0,0,3,,,,,,,,,,,98,98,98,0,,,,,20,7,,,,,,,,1,0,,,SW CEMETERY RD,1.018,,
2019,227,634189,1,07-14-2019,10:25,14,7,July,,21,Franklin,0,1,0,1,1,1,1,0,2,2,,,,1,0,0,No vehicle,41.6,1,0,1,No intersection,3,1,1,2,0,0,0,0,US-395,,-119.0432361,46.41786944,,0,1,6,Drive off road,10,2,70,80,0,0,1,2,1,2,2,2,3,14,Making a U turn,1,1,30,,0,76,705,2002,0,,12,,,,,,1,1,63,1,7,,4,7,20,7,11,0,06-01-2020,16:22,53026062,26062,0,0,0,2,1,26,,,,92,,,,,,98,,,,,,98070,53,68,160,6,1,0,0,0,0,,0,,,,,,0,,,20,8,0,0,0,9,8,,,0,,,8,8,2,996,996,401,1,1,1,2,1,0,,,,,,,,,,,,,,,,,,,,,,,,,,,,,,0,0,0,0,0,0,1,1,1,0,0,0,0,0,1,0,1,0,0,0,0,0,0,0,0,0,0,0,1,1,0,0,0,0,1,0,0,0,0,0,0,0,1,1,1,0,0,0,0,0,1,0,,,,,,61-65,56-65,County road,R,Monday,,MC,White,0,0,0,0,County Road,County Sheriff,King County Police,0,0,1,0,0,thc,1,,,,0,0,0,1,1,,,,417,605,,,,0,0,0,1,,,,,5,0,,,,,,,nms,1,0,,,SW CEMETERY RD,1.018,,
2017,227,3660781,344,06-11-2017,02:35,11,6,June,0,77,Yakima,0,10,0,2,1,2,2,0,5,2,02:34,03:00,03:43,12,0,2,Front-to-Front,9,1,0,1,No intersection,5,1,2,4,0,3,0,0,CR-FT ROAD,,-120.5174389,46.37534167,98951,0,1,50,Lateral Move(Left/Right),10,2,55,4,0,0,1,2,12,1,1,2,1,1,Going Straight,1,2,53,,0,58,37,2008,0,,68,64,1,,,,1,1,19,1,7,,4,7,20,7,11,0,05/29/2020,23:04,53025439,25439,0,0,0,2,1,33,,,,96,,,,,,98,,,,,,98002,53,69,150,6,1,0,0,0,0,,0,,,,,,3,,,8,1,9,0,0,9,8,,,0,,,8,8,2,1,,,1,,,2,1,0.12,,,,,,,,,,,,,,,,,,,,,,,,,,,,,,0,0,0,0,1,1,0,1,0,0,0,0,1,0,0,0,0,0,0,1,0,1,1,0,1,0,0,0,0,1,0,0,0,1,0,,1,0,0,0,0,1,0,1,0,1,0,0,0,1,0,1,,,,,,18-20,16-25,County road,U,Friday,Not Used,PV,White,0,1,0,0,County Road,County Sheriff,King County Police,1,0,1,0,0,,,,,,0,0,0,,,,,,,,,,,98,98,98,1,,,,,20,7,,,,,,,,1,0,,,MILITARY RD S,2.193,,
2017,227,3660781,344,06-11-2017,02:35,11,6,June,0,77,Yakima,0,10,0,2,1,2,2,0,5,2,02:34,03:00,03:43,12,0,2,Front-to-Front,9,1,0,1,No intersection,5,1,2,4,0,3,0,0,CR-FT ROAD,,-120.5174389,46.37534167,98951,0,2,51,Lateral Move(Going Straight),62,4,55,4,0,0,1,2,12,1,1,2,1,1,Going Straight,4,1,53,,0,23,481,1995,0,,63,1,,,,,1,1,21,1,7,,4,7,20,7,11,0,05-12-2020,19:15,53024348,24348,0,0,0,3,1,0,,,,96,,,,,,98,,,,,,98648,53,67,120,6,1,0,0,0,0,,0,,,,,,0,,,20,1,9,0,0,9,8,,,0,,,8,8,8,95,,,96,,,8,95,995,,,,,,,,,,,,,,,,,,,,,,,,,,,,,,0,0,1,0,0,0,0,0,0,0,0,0,0,0,0,0,0,0,0,1,0,0,0,1,1,0,0,0,0,1,0,0,0,1,0,,1,0,0,0,0,0,0,0,0,0,0,0,0,0,0,0,,,,,,21-25,16-25,Other,R,Tuesday,Not Used,PV,White,0,1,0,0,Other,County Sheriff,Skamania County Sheriff's Office,1,0,0,0,1,,,,,,0,0,0,,,,,,,,,,,0,0,0,1,,,,,20,7,,,,,,,,1,0,,,,,,
2021,227,635710,25,07-12-2021,19:22,12,7,July,,33,King,0,1,,1,1,2,1,0,1,1,,,,42,0,0,No vehicle,3.9,1,0,1,No intersection,5,2,2,4,0,0,0,0,CR-LANDSBURG RD SE,,-121.9738778,47.36221389,98051,0,1,1,Driver Off Road,13,2,40,6,0,0,1,2,42,3,2,2,1,14,Making a U turn,1,2,53,,0,34,706,2006,0,,12,,,,,,1,1,26,1,7,,4,0,20,7,11,5,05/26/2020,10:56,2.23E+11,24643,0,0,0,2,1,0,,,,96,,,,,,0,,,,,,98503,53,77,250,6,1,0,0,0,0,,0,,,,,,0,12-15-2015,06-15-2016,20,8,0,0,0,9,8,,,0,,,8,8,2,401,417,695,1,1,1,2,1,0,,,,,,,,,,,,,,,,,,,,,,,,,,,,,,0,0,0,1,0,0,1,1,1,0,0,0,0,0,1,0,0,0,1,0,0,0,0,0,0,1,1,1,1,1,0,0,0,0,1,0,0,0,0,0,0,0,1,1,0,0,0,0,0,0,1,0,,,,,,26-30,26-35,State route,U,Tuesday,,MC,Multiracial,1,0,0,0,City Street,Municipal/City Police,Tacoma Police Department,0,0,0,1,0,thc,6.1,carboxy-thc,27,,0,0,2,1,,,,,605,,,,,0,0,0,202,201,,,,19,0,,,,,,,nms,1,0,,,,,,
2020,227,634890,55,07-11-2020,00:16,11,7,July,,33,King,100,1,,3,1,2,1,0,2,2,00:17,00:22,,12,0,6,Angle,0,2,0,2,4 Way,3,2,4,6,0,0,3,3,W VALLEY HWY N,15th St NW,-122.2498667,47.32250278,98001,0,1,86,Others,17,2,35,5,0,0,1,5,12,1,1,5,1,1,Going Straight,1,1,53,,0,12,481,2017,0,,12,,,,,,1,1,79,1,0,,0,0,3,0,11,0,,,,,0,0,0,3,1,38,,,,96,,,,,,98,,,,,,98444,53,73,190,6,1,0,1,0,0,,97,,,,,,0,04-15-2018,04-15-2018,8,0,0,0,8,9,8,,,0,,,8,8,8,95,,,96,,,8,95,995,,,,,,,,,,,,,,,,,,,,,,,,,,,,,,0,0,0,1,0,0,1,1,1,0,0,0,0,0,1,0,0,0,1,0,0,0,0,0,0,1,1,1,1,1,0,0,0,0,0,,0,0,0,0,0,0,0,0,0,0,1,0,0,0,0,0,,,,,,76-80,76+,State route,U,Tuesday,Belt Used,PV,Not Fatal,1,0,0,0,City Street,Municipal/City Police,Tacoma Police Department,0,0,0,1,0,,,,,,0,0,0,,,,,,,,,,,98,98,98,0,,,,,20,7,,,,,,,,1,0,,,,,,
2019,227,634190,1,07-14-2019,10:25,14,7,July,,21,Franklin,0,1,0,1,1,1,1,0,2,2,,,,1,0,0,No vehicle,41.6,1,0,1,No intersection,3,1,1,2,0,0,0,0,US-395,,-119.0432361,46.41786944,,0,2,98,Others,90,6,70,65,0,0,1,5,54,2,2,2,3,14,Making a U turn,1,1,53,,0,53,734,2009,0,,1,63,38,,,,1,1,62,1,0,,2,0,20,7,11,0,,,,,0,0,0,1,1,0,,,,96,,,,,,9,,,,,,98022,53,69,230,6,1,0,0,0,0,,97,,,,,,0,,,20,1,9,0,8,9,8,,,0,,,8,1,2,695,605,,1,1,,2,1,0.049,,,,,,,,,,,,,,,,,,,,,,,,,,,,,,0,0,0,0,1,0,1,1,1,0,0,0,0,0,0,0,0,0,0,0,0,0,0,0,0,0,0,0,0,0,0,0,0,0,0,,0,0,0,0,1,0,1,1,0,0,0,0,0,0,0,1,,,,,,61-65,56-65,County road,R,Saturday,,OTHVT,Not Fatal,0,0,0,0,Other,County Sheriff,Grays Harbor County Sheriff's Offic,0,0,0,0,1,thc,2.3,carboxy-thc,47,,0,0,0,,,,,,,,,,,0,0,0,0,,,,,17,7,,,,,,,,1,0,,,,,,
2018,227,633409,2,07-03-2018,22:31,3,7,July,5,61,Snohomish,0,1,0,2,1,2,1,1,4,1,,,,8,0,0,No vehicle,19.1,1,0,1,No intersection,3,2,1,3,0,0,0,0,SR-522,,-122.0678556,47.81696389,98296,0,1,13,Pedestrian/Animal,80,5,55,14,0,0,1,7,8,1,3,2,1,1,Going Straight,4,1,53,,0,12,481,2012,0,,68,64,42,38,,,1,1,22,1,7,,4,0,3,0,11,5,05-12-2020,19:51,1.65E+11,,0,0,0,1,1,0,,,,0,,,,,,2,,,,,,97006,41,71,210,1,1,0,0,0,2,,0,,,,,,0,10-15-2015,08-15-2019,1,0,0,0,9,9,8,,,0,,,8,8,8,95,,,96,,,8,95,995,,,,,,,,,,,,,,,,,,,,,,,,,,,,,,0,0,1,0,0,0,0,0,0,0,0,0,0,1,0,1,0,0,0,0,0,0,0,1,1,0,0,0,0,1,0,0,0,0,0,,1,0,0,0,0,0,0,0,0,0,0,1,0,0,0,0,,,,,,21-25,16-25,State route,R,Tuesday,Belt Used,PV,White,0,1,0,0,State Route,State Patrol,WASHINGTON STATE PATROL,1,1,0,0,0,,,,,,0,0,3,,,,,,,,,,,98,98,98,1,,,,,20,7,,,,,,,,1,0,,,,,,
2021,228,635713,13,07-05-2021,02:30,5,7,July,,9,Clallam,0,2,,2,2,2,1,0,2,1,,,,42,0,0,No vehicle,,1,0,1,No intersection,5,1,2,4,0,0,0,0,CR-HOKO OZETTE RD,,-124.5735944,48.15105833,98326,0,1,6,Drive off road,13,2,35,14,0,0,1,2,42,3,1,2,1,14,Making a U turn,2,1,53,,0,23,421,2007,0,,63,38,1,,,,1,1,39,1,7,,4,7,20,7,11,0,05-01-2020,23:25,53021101,21101,0,0,0,2,1,0,,,,96,,,,,,98,,,,,,98312,53,77,220,1,1,0,0,0,1,,0,,,,,,3,02-15-2018,12-15-2019,20,1,9,0,0,9,8,,,0,,,8,8,2,695,605,,1,1,,2,1,0.15,,,,,,,,,,,,,,,,,,,,,,,,,,,,,,0,0,0,0,1,1,1,1,1,0,0,0,1,1,0,0,0,0,0,1,0,0,0,0,0,0,0,0,0,1,0,0,0,1,0,,1,0,0,0,0,1,1,1,0,1,0,1,0,0,0,1,,,,,,36-40,36-45,County road,R,Friday,Not Used,PV,Black,0,1,0,0,County Road,County Sheriff,Benton County Sheriff's Office,1,0,1,0,0,thc,4.3,carboxy-thc,9.9,,0,0,2,,,,,,,,,,,98,98,98,2,,,,,20,7,,,,,,,,1,0,,,PLYMOUTH RD,8.78,,
2020,228,634892,26,07-10-2020,00:15,10,7,July,,35,Kitsap,0,1,,2,1,2,1,0,1,1,,,,42,0,0,No vehicle,1.9,1,0,1,No intersection,5,1,2,4,0,0,0,0,CR-MILLER BAY RD NE,,-122.5617722,47.76666111,98370,0,1,7,Control/Traction Loss,9,1,45,4,0,0,1,2,42,1,1,2,1,1,Going Straight,1,2,53,,0,12,481,2019,0,,12,,,,,,1,1,52,2,0,,0,0,3,0,11,0,,,,,0,0,0,3,1,0,,,,96,,,,,,0,,,,,,98377,53,64,150,6,1,0,0,0,2,,0,,,,,,0,09-15-2016,06-15-2018,20,0,0,0,8,3,8,,,0,,,8,8,0,0,,,0,,,0,0,996,,,,,,,,,,,,,,,,,,,,,,,,,,,,,,0,0,0,0,0,0,0,0,0,0,0,0,0,1,1,0,1,0,0,0,0,0,0,0,0,0,0,0,1,1,0,0,0,0,0,,0,0,0,0,0,0,0,0,0,0,0,0,0,0,0,0,,,,,,51-55,46-55,US highway,R,Saturday,Belt Used,PV,Not Fatal,0,0,0,0,State Route,State Patrol,Washington State Patrol,0,1,0,0,0,,,,,,0,0,0,,,,,,,,,,,98,98,98,0,,,,,20,7,,,,,,,,1,0,,,,,,
2019,228,634191,39,07-13-2019,21:44,13,7,July,,61,Snohomish,0,1,0,2,1,2,1,0,1,1,,,,42,0,0,No vehicle,3,1,0,1,No intersection,5,1,2,4,0,0,0,0,CR-PIONEER HWY,,-122.2534556,48.20705278,98292,0,1,1,Driver Off Road,13,2,50,80,0,0,1,7,30,3,1,2,1,14,Making a U turn,1,1,53,,0,72,706,2017,0,,68,12,,,,,1,1,38,1,7,,4,0,20,7,11,5,05-10-2020,15:41,1.96E+11,21966,0,0,3,2,1,0,,,,92,,,,,,98,,,,,,98444,53,68,215,1,1,1,2,0,1,,0,,,,,,0,10-15-2017,02-15-2017,20,8,0,0,0,9,8,,,0,,,8,8,8,95,,,96,,,8,95,995,,,,,,,,,,,,,,,,,,,,,,,,,,,,,,0,0,0,0,0,0,0,0,0,0,0,0,0,1,1,0,1,0,0,0,0,0,0,0,0,0,0,0,1,1,0,0,0,0,1,0,0,0,0,0,0,0,0,0,1,0,0,1,0,0,0,0,,,,,,36-40,36-45,US highway,R,Saturday,,MC,White,0,0,0,0,State Route,State Patrol,Washington State Patrol,0,1,0,0,0,,,,,,0,1,2,,,,,,,,,,,0,0,0,1,,,,,19,0,,,,,,,,1,0,,,,,,
2018,228,633410,2,06-28-2018,22:11,28,6,June,0,73,Whatcom,0,1,0,3,1,2,1,0,3,2,22:10,22:17,22:41,12,0,7,"Sideswipe,Same",266.4,1,0,1,No intersection,1,2,1,1,0,0,0,0,I-5,,-122.6031806,48.89595,98240,0,1,48,Others,51,3,70,4,0,0,1,2,1,1,1,2,3,15,Others,2,2,53,,0,12,423,2001,0,,63,1,,,,,1,1,71,1,6,,4,7,3,0,11,0,05/18/2020,22:04,84053023683,23683,0,0,0,3,1,0,,,,96,,,,,,98,,,,,,98938,53,72,190,6,1,0,0,0,0,,0,,,,,,4,,,20,0,0,0,0,9,8,,,0,,,8,8,2,1,,,1,,,2,1,0,,,,,,,,,,,,,,,,,,,,,,,,,,,,,,0,0,0,0,0,0,0,0,0,0,0,0,1,0,0,0,0,0,0,0,0,0,0,0,0,1,1,0,0,1,0,0,0,0,0,,1,0,0,0,0,0,0,0,0,1,0,0,0,0,0,0,,,,,,71-75,66-75,Interstate,U,Monday,Belt Used,PV,Hispanic,0,1,0,0,State Route,State Patrol,Washington State Patrol,1,1,0,0,0,,,,,,0,0,0,,,,,,,,,,,98,98,98,98,,,,,20,7,,,,,,,,1,0,,,,,,