year,something,Cases,repjur,crash_dt,crash_tm,accday,Month,Month,holiday,county,co_char,city,weather,weather2,lightcond,surfcond,surftype,Number of Fatalities,nmforms,pforms,vforms,not_tm,arr_tm,hosp_tm,fhevent,hitrun,Manner of Collision,Manner of Collision,milepnt,reljunc,reljuncinter,intersectiontype,Intersection Type,funcsystem,landuse,ownership,route,schlbus,spejur,contdev,devfunc,trafid1,trafid2,x,y,zipcode,wk_zone,vnumber,crashtype,Crash Type,criticalevent,criticaleventcat,spdlim,body,trailer,emerg,hazcargo,leave,mhevent,roadalgn,roadprof,traflane,trafflow,Vehicle Manure,Vehicle Manure,numoccs,regowner,regstate,,spuse,make,model,modelyr,vrf1,vrf2,seqevent1,seqevent2,seqevent3,seqevent4,seqevent5,seqevent6,pnumber,ptype,age,sex,hispanic,race,injury,diedscene,restraint,restraintmisuse,seatpos,takehosp,death_dt,death_tm,cert,cernum_wa,commlic,licendor,licrestrict,liccomp,drivpres,drf1,drf2,drf3,drf4,distract1,distract2,distract3,distract4,distract5,distract6,dricond1,dricond2,dricond3,dricond4,dricond5,dricond6,dzip,licstate,drhgt_in,weight,noncdl,noncdltype,prevdwi,prevoth,prevacc,prevspd,prevsus,driviol1,driviol2,driviol3,driviol4,driviol5,driviol6,spdrel,first_dt,last_dt,airbag,ejection,ejectpath,extricat,injurwrk,methalc,methdrug,nmlocat,strikveh,prf1,prf2,prf3,druginv,alcinvol,drugsts,drugres1,drugres2,drugres3,drugtst1,drugtst2,drugtst3,alcsts,alctst,alcres,nmact1,nmact2,nmact3,nmact4,nmact5,nmact6,nmprior1,nmprior2,nmprior3,nmprior4,nmprior5,nmprior6,nmcond1,nmcond2,nmcond3,nmcond4,nmcond5,nmcond6,nmsafe_helmet,nmsafe_pads,nmsafe_oth,nmprev_ref,nmprev_lgt,nmprev_oth,crashlocation,nmcrashtype,crosswalk,schoolzone,sidewalk,train_inv,wildlife_inv,rotr_fars,intersect_fars,Drink and Drive,aid_inv,Drug Positive Drivers,Impaired Drivers,Marijuana Positive,impnm_inv,ainm_inv,dpnm_inv,speed_inv,unlic_inv,unendmc_inv,drowsy_inv,drdist_inv,nmdist_inv,fty_inv,unrestfat_inv,dr1617_inv,dr1820_inv,dr1620_inv,dr2125_inv,dr1625_inv,dr65_inv,dr70_inv,dr75_inv,mc_inv,pv_inv,ht_inv,ped_inv,bike_inv,unrest_fat,mc_fat,unhelmet_mc,pv_fat,ht_fat,ped_fat,bike_fat,dr_alc7,dr_alc8,dr_drug,dr_imp,dr_dist,dr_spd,dr_fty,dr_unlic,dr_alc7only,dr_alc8only,dr_drugonly,dr_drink,nm_imp,nm_alc7,nm_alc8,nm_drug,nm_dist,agegrp1,agegrp2,roadclass,urbrur,dayweek,restuse,vehtype,race_me,intersect,lanedep,oppdir,wrongway,rep_typ,investag,repag_long,rotr,st_rd,cty_rd,city_rd,oth_rd,drug_thc,thc_res,drug_cthc,cthc_res,drug_cann,prevpersemin,prevperse,prevsusoth,drugtst4,drugtst5,drugtst6,drugtst7,drugtst8,drugres4,drugres5,drugres6,drugres7,drugres8,adspresent,adsengaged,adslevel,race1,race2,race3,race4,race5,helmet,helmetmisuse,nmdistract1,nmdistract2,nmdistract3,nmdistract4,nmdistract5,nmdistract6,lab,isedtcase,crf1,crf2,crf3,CoRoadName,CoMP,IntCoRoadName,IntCoMP
2017,228,632614,290,06-26-2017,03:17,26,6,June,0,53,Pierce,2230,1,0,3,1,2,1,0,4,1,03:18,03:33,04:19,59,0,0,No vehicle,0,3,0,3,T Intersection,5,2,4,6,0,0,0,0,TACOMA AVE N,N 9TH ST,-122.4594944,47.26821389,98403,0,1,2,Control/Traction Loss,6,1,30,6,0,0,1,5,30,1,2,2,1,1,Going Straight,4,1,53,,0,20,481,2006,0,,12,,,,,,1,1,31,1,0,,2,0,3,0,11,5,,,,,0,0,0,3,1,0,,,,96,,,,,,0,,,,,,99349,53,70,225,6,1,0,0,0,0,,0,,,,,,0,,,8,0,0,0,8,9,8,,,0,,,8,8,8,95,,,96,,,8,95,995,,,,,,,,,,,,,,,,,,,,,,,,,,,,,,0,0,0,0,0,0,0,0,0,0,0,0,0,0,0,0,1,0,0,0,0,0,0,0,0,0,0,0,0,1,0,0,0,0,0,,0,0,0,0,0,0,0,0,0,0,0,0,0,0,0,0,,,,,,31-35,26-35,State route,R,Monday,Belt Used,PV,Not Fatal,0,1,1,0,State Route,State Patrol,Washington State Patrol,0,1,0,0,0,,,,,,0,0,0,,,,,,,,,,,98,98,98,0,,,,,20,7,,,,,,,,1,0,,,,,,
2018,228,633411,2,06-28-2018,22:11,28,6,June,0,73,Whatcom,0,1,0,3,1,2,1,0,3,2,22:10,22:17,22:41,12,0,7,"Sideswipe,Same",266.4,1,0,1,No intersection,1,2,1,1,0,0,0,0,I-5,,-122.6031806,48.89595,98240,0,2,48,Others,61,4,70,80,0,0,1,5,12,1,1,2,3,1,Going Straight,1,9,95,,0,22,20,2007,0,,63,69,68,12,2,,1,1,38,2,1,,4,7,99,7,11,0,04/27/2020,12:05,53020465,20465,0,0,0,3,1,58,,,,92,,,,,,98,,,,,,99349,53,69,134,6,1,0,0,0,0,,0,,,,,,0,,,99,0,0,0,0,9,8,,,0,,,8,8,8,95,,,96,,,8,95,995,,,,,,,,,,,,,,,,,,,,,,,,,,,,,,0,0,0,0,0,0,0,0,0,0,0,0,0,0,0,0,1,0,0,0,0,0,0,0,0,0,0,0,0,1,0,0,0,0,0,,1,0,0,0,0,0,0,0,1,0,0,0,0,0,0,0,,,,,,36-40,36-45,State route,R,Monday,Unknown,PV,Hispanic,0,1,1,0,State Route,State Patrol,Washington State Patrol,0,1,0,0,0,,,,,,0,0,0,,,,,,,,,,,98,98,98,1,,,,,20,7,,,,,,,,1,0,,,,,,
2021,229,635714,4,06-07-2021,16:22,7,6,June,,65,Stevens,0,1,,1,1,2,3,0,5,2,,,,12,0,2,Front-to-Front,192.3,1,0,1,No intersection,2,2,1,2,0,0,0,0,US-395,,-117.5915611,48.02104167,99110,0,1,50,Lateral Move(Left/Right),10,2,60,4,0,0,1,2,12,2,2,3,1,14,Making a U turn,3,2,53,,0,7,880,2001,0,,12,,,,,,1,1,50,2,0,,0,0,3,0,11,0,,,,,0,0,0,3,1,0,,,,96,,,,,,0,,,,,,98277,53,68,211,6,1,0,0,1,0,,0,,,,,,0,08-15-2016,08-15-2016,20,0,0,0,8,9,8,,,0,,,8,8,0,0,,,0,,,0,0,996,,,,,,,,,,,,,,,,,,,,,,,,,,,,,,0,0,0,0,1,1,1,1,1,0,0,0,1,0,0,0,0,0,0,0,0,0,0,0,0,0,0,0,1,0,1,0,0,0,0,,0,0,0,0,0,0,0,0,0,0,0,0,0,0,0,0,,,,,,46-50,46-55,County road,U,Sunday,,MHTRUCK,Not Fatal,0,0,0,0,County Road,State Patrol,Washington State Patrol,0,0,1,0,0,,,,,,0,0,0,,,,,,,,,,,98,98,98,0,,,,,20,7,,,,,,,,1,0,,,,,,
2020,229,634894,6,07-05-2020,10:05,5,7,July,,25,Grant,0,1,,1,1,2,1,1,1,1,10:20,10:36,11:38,9,0,0,No vehicle,79.9,3,0,3,T Intersection,4,1,1,3,0,0,0,0,SR-17,MMOORE RD NE,-119.4694528,47.54283056,,0,1,13,Pedestrian/Animal,83,5,60,80,0,0,1,2,9,2,1,2,1,14,Making a U turn,1,1,53,,0,76,706,2002,0,,68,12,,,,,1,1,35,1,7,,4,7,20,7,11,0,05-03-2020,19:13,53021073,21073,0,0,0,3,1,8,33,,,96,,,,,,98,,,,,,98277,53,76,235,6,1,0,2,1,3,,0,,,,,,4,11-15-2016,03-15-2017,20,8,0,0,0,1,8,,,0,,,8,1,2,402,695,605,1,1,1,2,1,0.087,,,,,,,,,,,,,,,,,,,,,,,,,,,,,,0,0,0,0,1,1,1,1,1,0,0,0,1,0,0,0,0,0,0,0,0,0,0,0,0,0,0,0,1,0,1,0,0,0,1,1,0,0,0,0,0,1,1,1,0,1,0,0,0,0,0,1,,,,,,31-35,26-35,County road,U,Sunday,,MC,White,0,0,0,0,County Road,State Patrol,Washington State Patrol,0,0,1,0,0,thc,7.8,carboxy-thc,12,,0,0,2,,,,,,,,,,,0,0,0,1,,,,,16,0,,,,,,,nms,1,0,,,,,,
2019,229,634192,35,07-15-2019,20:03,15,7,July,,53,Pierce,0,1,0,1,1,2,1,0,1,1,,,,30,0,0,No vehicle,0.1,1,0,1,No intersection,3,1,2,4,0,0,0,0,CR-MINTERWOOD DRIVE KP,,-122.7367083,47.35218889,98329,0,1,6,Drive off road,12,2,25,4,0,0,1,7,42,1,2,2,1,1,Going Straight,1,2,53,,0,41,35,1992,0,,12,,,,,,1,1,45,1,7,,4,0,99,7,11,5,04/16/2020,17:04,2.11E+11,18352,0,0,1,3,1,0,,,,96,,,,,,0,,,,,,83871,16,71,190,6,1,0,0,0,0,,0,,,,,,0,,,20,0,0,0,0,9,8,,,0,,,8,8,2,1,,,1,,,2,1,0,,,,,,,,,,,,,,,,,,,,,,,,,,,,,,0,0,0,1,0,0,0,0,0,0,0,0,0,0,0,0,1,0,0,0,0,0,0,0,0,0,0,0,0,1,0,0,0,0,0,,1,0,0,0,0,0,0,0,0,0,0,0,0,0,0,0,,,,,,41-45,36-45,State route,U,Monday,Unknown,PV,White,1,0,0,0,State Route,Municipal/City Police,Pullman Police Department,0,1,0,0,0,,,,,,0,0,0,,,,,,,,,,,0,0,0,1,,,,,20,7,,,,,,,,1,0,,,,,,
2018,229,633416,2,07-03-2018,20:13,3,7,July,5,61,Snohomish,0,1,0,1,1,2,1,0,2,2,20:10,20:20,,12,0,2,Front-to-Front,29,1,0,1,No intersection,4,1,1,3,0,0,0,0,SR-530,,-121.6542139,48.27298056,98223,0,2,51,Lateral Move(Going Straight),62,4,55,66,1,0,2,7,12,1,1,2,1,1,Going Straight,1,3,53,,0,35,51,2018,0,,12,,,,,,1,1,32,1,0,,1,0,20,7,11,5,,,,,0,0,1,3,1,39,,,,92,,,,,,98,,,,,,83501,16,76,260,6,1,0,1,0,0,,97,,,,,,0,03-15-2020,03-15-2020,1,0,0,0,8,9,8,,,0,,,8,8,0,0,,,0,,,0,0,996,,,,,,,,,,,,,,,,,,,,,,,,,,,,,,0,0,0,1,0,0,0,0,0,0,0,0,0,0,0,0,1,0,0,0,0,0,0,0,0,0,0,0,0,1,0,0,0,0,0,,0,0,0,0,0,0,0,0,1,0,0,0,0,0,0,0,,,,,,31-35,26-35,State route,U,Monday,Not Used,PV,Not Fatal,1,0,0,0,State Route,Municipal/City Police,Pullman Police Department,0,1,0,0,0,,,,,,0,0,0,,,,,,,,,,,98,98,98,0,,,,,20,7,,,,,,,,1,0,,,,,,
2018,229,633415,2,07-03-2018,20:13,3,7,July,5,61,Snohomish,0,1,0,1,1,2,1,0,2,2,20:10,20:20,,12,0,2,Front-to-Front,29,1,0,1,No intersection,4,1,1,3,0,0,0,0,SR-530,,-121.6542139,48.27298056,98223,0,1,50,Lateral Move(Left/Right),10,2,98,34,0,0,1,7,12,1,1,2,1,1,Going Straight,1,1,53,,0,49,50,2007,0,,63,35,67,31,2,,1,1,21,1,6,,4,7,20,7,11,0,05/16/2020,03:10,1.03E+11,22890,0,0,0,3,1,0,,,,92,,,,,,9,,,,,,98204,53,72,180,6,1,0,0,0,0,,0,,,,,,4,,,8,1,9,0,0,9,8,,,0,,,1,9,2,189,695,605,1,1,1,2,1,0,,,,,,,,,,,,,,,,,,,,,,,,,,,,,,0,0,1,0,0,0,1,1,1,0,0,0,1,0,0,0,1,0,0,1,0,0,0,1,1,0,0,0,0,1,0,0,0,1,0,,1,0,0,0,0,0,1,1,1,1,0,0,0,0,1,0,,,,,,21-25,16-25,Interstate,U,Saturday,Not Used,PV,Hispanic,0,1,0,0,State Route,State Patrol,Washington State Patrol,1,1,0,0,0,thc,50,carboxy-thc,120,,0,0,0,,,,,,,,,,,98,98,98,68,,,,,20,7,,,,,,,nms,1,0,,,,,,
2017,229,632618,8,07-01-2017,14:00,1,7,July,5,45,Mason,0,1,0,1,1,2,1,0,3,1,14:03,14:20,15:18,42,0,0,No vehicle,9.5,1,0,1,No intersection,4,1,1,3,0,0,0,0,SR-108,,-123.1331583,47.10972778,98584,0,1,1,Driver Off Road,13,2,50,34,0,0,1,2,42,1,1,2,1,1,Going Straight,3,2,53,,0,6,52,2002,0,,64,65,1,,,,1,1,26,1,2,,4,7,3,0,11,0,05/15/2020,10:25,53023705,23705,0,0,0,3,1,0,,,,15,,,,,,9,,,,,,99352,53,70,165,6,1,0,0,0,2,,0,,,,,,3,09-15-2017,06-15-2019,8,0,0,0,0,1,8,,,0,,,8,1,2,695,605,,1,1,,2,1,0.14,,,,,,,,,,,,,,,,,,,,,,,,,,,,,,0,0,1,0,1,1,1,1,1,0,0,0,1,0,0,0,1,0,0,0,0,0,0,0,0,0,0,0,0,1,0,0,0,0,0,,1,0,0,0,0,1,1,1,1,1,0,0,0,0,0,1,,,,,,26-30,26-35,Interstate,R,Friday,Belt Used,PV,Hispanic,0,1,0,0,State Route,State Patrol,Washington State Patrol,1,1,0,0,0,thc,8.2,carboxy-thc,17,,0,0,1,,,,,,,,,,,98,98,98,201,206,,,,20,7,,,,,,,,1,0,,,,,,
2021,229,635715,4,06-07-2021,16:22,7,6,June,,65,Stevens,0,1,,1,1,2,3,0,5,2,,,,12,0,2,Front-to-Front,192.3,1,0,1,No intersection,2,2,1,2,0,0,0,0,US-395,,-117.5915611,48.02104167,99110,0,2,51,Lateral Move(Going Straight),62,4,60,63,0,0,1,2,12,3,2,3,1,14,Making a U turn,2,3,94,,0,21,21,2003,0,,63,9,,,,,1,1,40,1,0,,0,0,99,7,11,0,,,,,0,0,0,0,1,91,,,,96,,,,,,9,,,,,,98366,53,,999,0,0,0,0,0,1,,1,,,,,,0,05-15-2017,05-15-2017,20,0,0,0,8,3,8,,,0,,,1,8,8,95,,,96,,,8,95,995,,,,,,,,,,,,,,,,,,,,,,,,,,,,,,0,0,0,0,0,0,0,0,0,0,0,0,0,1,0,0,0,0,0,0,0,0,0,0,0,0,0,0,0,1,0,0,1,0,0,,0,0,0,0,0,0,0,0,0,0,0,1,0,0,0,0,,,,,,36-40,36-45,County road,U,Saturday,Unknown,PV,Not Fatal,0,0,0,0,County Road,County Sheriff,Kitsap County Sheriff's Office,0,0,1,0,0,,,,,,0,0,1,,,,,,,,,,,98,98,98,0,,,,,20,7,,,,,,,,1,0,,,BETHEL BURLEY RD SE,4.48,,
2021,230,635717,7,07-04-2021,18:34,4,7,July,,33,King,1830,1,,1,1,2,1,0,3,2,,,,1,0,0,No vehicle,0.1,5,1,1,No intersection,1,2,1,1,0,0,0,0,I-405 RAMP,,-122.1972111,47.53156389,98056,0,2,98,Others,78,4,60,34,1,0,1,5,12,1,1,3,3,1,Going Straight,2,1,53,,0,20,481,2009,0,,5,5,,,,,1,1,43,1,0,,0,0,3,0,11,0,,,,,0,0,0,3,1,0,,,,92,,,,,,0,,,,,,98513,53,66,240,6,1,0,0,0,4,,97,,,,,,0,09-15-2015,10-15-2019,20,0,0,0,8,2,8,,,0,,,8,0,0,0,,,0,,,2,10,0,,,,,,,,,,,,,,,,,,,,,,,,,,,,,,0,0,0,0,0,0,0,0,0,0,0,0,0,0,0,0,1,0,0,1,0,0,0,0,0,0,0,0,0,1,0,0,0,0,0,,0,0,0,0,0,0,0,0,1,0,0,0,0,0,0,0,,,,,,41-45,36-45,City street,U,Thursday,Belt Used,PV,Not Fatal,0,0,0,0,City Street,Municipal/City Police,Lacey Police Department,0,0,0,1,0,,,,,,0,0,1,,,,,,,,,,,98,98,98,0,,,,,20,7,,,,,,,,1,0,,,,,,
2021,230,635716,7,07-04-2021,18:34,4,7,July,,33,King,1830,1,,1,1,2,1,0,3,2,,,,1,0,0,No vehicle,0.1,5,1,1,No intersection,1,2,1,1,0,0,0,0,I-405 RAMP,,-122.1972111,47.53156389,98056,0,1,98,Others,6,1,98,80,0,0,1,2,1,2,8,1,6,14,Making a U turn,1,1,53,,0,30,42,1989,0,,68,68,63,38,35,42,1,1,30,1,7,,4,7,3,0,11,0,05-07-2020,21:40,53022839,22839,0,0,0,3,1,58,,,,96,,,,,,98,,,,,,98391,53,72,140,6,1,0,0,0,0,,0,,,,,,3,,,20,0,0,0,0,9,8,,,0,,,8,8,2,1,,,1,,,2,1,0.22,,,,,,,,,,,,,,,,,,,,,,,,,,,,,,0,0,0,0,1,1,0,1,0,0,0,0,1,0,0,0,0,0,0,0,0,0,0,0,0,0,0,0,0,1,0,0,0,0,0,,1,0,0,0,0,1,0,1,0,1,0,0,0,1,0,1,,,,,,26-30,26-35,County road,R,Thursday,Belt Used,PV,White,0,1,0,0,County Road,State Patrol,Washington State Patrol,1,0,1,0,0,,,,,,0,0,0,,,,,,,,,,,0,0,0,1,,,,,20,7,,,,,,,,1,0,,,RESERVATION RD SE,1.458,,
2020,230,634893,35,07-14-2020,21:20,14,7,July,,53,Pierce,0,1,,2,1,2,1,0,2,1,21:30,21:40,22:17,17,0,0,No vehicle,0.9,1,0,1,No intersection,5,2,2,4,0,3,0,0,CR-WALLER RD E,,-122.3862111,47.21433056,98443,0,1,1,Driver Off Road,13,2,35,4,0,0,1,5,17,3,2,2,1,14,Making a U turn,2,2,53,,0,20,431,1997,0,,12,,,,,,1,1,54,2,0,,1,0,3,0,11,4,,,,,0,0,0,3,1,0,,,,96,,,,,,0,,,,,,98363,53,59,140,6,1,0,0,0,0,,0,,,,,,0,,,1,0,0,0,8,9,8,,,0,,,8,8,8,95,,,96,,,8,95,995,,,,,,,,,,,,,,,,,,,,,,,,,,,,,,0,0,0,1,0,0,0,0,0,0,0,0,1,0,0,0,1,0,0,0,0,0,0,0,0,1,1,1,0,1,0,0,0,0,0,,0,0,0,0,0,0,0,0,0,0,0,0,0,0,0,0,,,,,,51-55,46-55,State route,U,Saturday,Belt Used,PV,Not Fatal,1,0,0,0,State Route,State Patrol,Washington State Patrol,0,1,0,0,0,,,,,,0,0,0,,,,,,,,,,,0,0,0,0,,,,,20,7,,,,,,,,1,0,,,,,,
2019,230,634194,35,07-14-2019,23:26,14,7,July,,53,Pierce,0,1,0,3,1,2,1,0,2,2,,,,12,0,2,Front-to-Front,10.4,1,0,1,No intersection,4,2,2,4,0,0,0,0,CR-CANYON RD E,,-122.3570861,47.10069167,98375,0,2,51,Lateral Move(Going Straight),54,3,40,6,0,0,1,7,12,1,1,5,5,1,Going Straight,1,2,53,,0,49,32,2003,0,,68,12,,,,,1,1,79,2,7,,4,0,3,0,11,4,05-10-2020,01:56,1.96E+11,22538,0,0,0,3,1,0,,,,92,,,,,,98,,,,,,98370,53,64,143,6,1,0,0,0,0,,0,,,,,,4,,,1,0,0,0,0,9,8,,,0,,,8,8,2,1,,,1,,,2,1,0,,,,,,,,,,,,,,,,,,,,,,,,,,,,,,0,0,0,1,0,0,0,0,0,0,0,0,1,0,0,0,1,0,0,0,0,0,0,0,0,1,1,1,0,1,0,0,0,0,0,,1,0,0,0,0,0,0,0,1,1,0,0,0,0,0,0,,,,,,76-80,76+,State route,U,Saturday,Belt Used,PV,White,1,0,0,0,State Route,State Patrol,Washington State Patrol,0,1,0,0,0,,,,,,0,0,0,,,,,,,,,,,98,98,98,1,,,,,20,7,,,,,,,,1,0,,,,,,
2019,230,634193,35,07-14-2019,23:26,14,7,July,,53,Pierce,0,1,0,3,1,2,1,0,2,2,,,,12,0,2,Front-to-Front,10.4,1,0,1,No intersection,4,2,2,4,0,0,0,0,CR-CANYON RD E,,-122.3570861,47.10069167,98375,0,1,50,Lateral Move(Left/Right),54,3,40,80,0,0,1,7,12,1,1,5,5,1,Going Straight,1,1,53,,0,72,706,2013,0,,68,12,,,,,1,1,48,1,7,,4,7,20,7,11,0,04/18/2020,20:27,32053019022,19022,0,0,0,2,1,28,58,,,96,,,,,,98,,,,,,98816,53,72,205,6,1,0,0,0,1,,0,,,,,,0,06-15-2019,06-15-2019,20,8,0,0,0,9,8,,,0,,,8,8,2,1,,,1,,,2,1,0.184,,,,,,,,,,,,,,,,,,,,,,,,,,,,,,0,0,0,0,1,1,0,1,0,0,0,0,0,0,1,0,0,0,0,0,0,0,0,0,0,0,0,0,1,1,0,0,0,0,1,0,0,0,0,0,0,1,0,1,0,0,0,0,0,1,0,1,,,,,,46-50,46-55,State route,U,Saturday,,MC,White,0,0,0,1,State Route,County Sheriff,Chelan County Sheriff's Office,0,1,0,0,0,,,,,,0,0,0,,,,,,,,,,,0,0,0,1,,,,,5,0,,,,,,,,1,0,,,,,,
2018,230,633398,40,06-23-2018,20:00,23,6,June,0,63,Spokane,0,1,0,1,1,2,1,1,1,1,20:03,20:11,21:02,8,0,0,No vehicle,0.1,1,0,1,No intersection,7,1,2,4,0,0,0,0,CR-S HODGES,,-117.14385,47.66975,99016,0,1,13,Pedestrian/Animal,80,5,25,14,0,0,1,7,8,1,2,2,1,1,Going Straight,1,1,53,,0,2,405,2005,0,,12,,,,,,1,1,34,1,0,,2,0,3,0,11,8,,,,,0,0,0,3,1,0,,,,96,,,,,,0,,,,,,98816,53,67,170,6,1,0,0,1,2,,0,,,,,,0,11-15-2015,12-15-2017,8,0,0,0,8,9,8,,,0,,,8,8,8,95,,,96,,,8,95,995,,,,,,,,,,,,,,,,,,,,,,,,,,,,,,0,0,0,0,1,1,0,1,0,0,0,0,0,0,1,0,0,0,0,0,0,0,0,0,0,0,0,0,1,1,0,0,0,0,0,,0,0,0,0,0,0,0,0,0,0,0,0,0,0,0,0,,,,,,31-35,26-35,State route,U,Saturday,Belt Used,PV,Not Fatal,0,0,0,1,State Route,County Sheriff,Chelan County Sheriff's Office,0,1,0,0,0,,,,,,0,0,0,,,,,,,,,,,98,98,98,0,,,,,20,7,,,,,,,,1,0,,,,,,
2017,230,632619,184,07-03-2017,02:11,3,7,July,5,61,Snohomish,1215,1,0,3,1,2,1,0,1,1,,,,39,0,0,No vehicle,41.6,1,0,1,No intersection,3,2,1,3,0,0,0,0,SR-99,,-122.3039417,47.83411111,98036,0,1,6,Drive off road,12,2,45,4,0,0,1,2,39,1,1,7,5,1,Going Straight,1,1,53,,0,48,401,2017,0,,12,,,,,,1,1,56,2,0,,0,0,3,0,11,0,,,,,0,0,0,3,1,0,,,,96,,,,,,0,,,,,,98115,53,62,152,6,1,0,0,0,0,,0,,,,,,0,,,20,0,0,0,8,9,8,,,0,,,8,8,0,0,,,0,,,0,0,996,,,,,,,,,,,,,,,,,,,,,,,,,,,,,,0,0,0,1,0,0,1,1,1,0,0,0,0,0,0,0,0,0,0,0,0,0,0,0,0,0,0,0,0,1,0,0,0,0,0,,0,0,0,0,0,0,0,0,0,0,0,0,0,0,0,0,,,,,,56-60,56-65,City street,U,Wednesday,Belt Used,PV,Not Fatal,1,0,0,0,City Street,Municipal/City Police,Shoreline Police Department,0,0,0,1,0,,,,,,0,0,0,,,,,,,,,,,98,98,98,0,,,,,20,7,,,,,,,,1,0,,,,,,
2021,231,635718,47,07-10-2021,01:22,10,7,July,,27,Grays Harbor,10,1,,3,1,2,1,0,5,1,,,,25,0,0,No vehicle,2.9,3,0,4,Y Intersection,3,2,1,2,0,0,0,0,US-101,SIMPSON AVE,-123.831375,46.97486111,,0,1,6,Drive off road,12,2,30,14,0,0,1,5,25,2,1,2,4,14,Making a U turn,5,2,53,,0,37,402,1998,0,,12,68,12,68,63,38,1,1,61,2,7,,4,0,3,0,11,5,05/23/2020,23:29,1.96E+11,24020,0,0,3,3,1,0,,,,96,,,,,,0,,,,,,98125,53,61,139,6,1,0,0,0,0,,0,,,,,,0,,,1,0,0,0,0,9,8,,,0,,,8,8,2,695,605,996,1,1,1,2,1,0,,,,,,,,,,,,,,,,,,,,,,,,,,,,,,0,0,0,1,0,0,1,1,1,0,0,0,0,0,0,0,0,0,0,0,0,0,0,0,0,0,0,0,0,1,0,0,0,0,0,,1,0,0,0,0,0,1,1,0,0,0,0,0,0,1,0,,,,,,61-65,56-65,City street,U,Wednesday,Belt Used,PV,White,1,0,0,0,City Street,Municipal/City Police,Shoreline Police Department,0,0,0,1,0,thc,3,carboxy-thc,83,,0,0,0,1,,,,,348,,,,,0,0,0,1,,,,,20,7,,,,,,,,1,0,,,,,,
2020,231,634895,278,07-17-2020,12:37,17,7,July,,63,Spokane,2110,1,,1,1,2,1,1,1,1,,,,8,0,0,No vehicle,0,1,0,1,No intersection,4,2,4,6,0,0,0,0,S SOUTHEAST BLVD,,-117.3753806,47.63109167,99223,0,1,1,Driver Off Road,13,2,98,4,0,0,1,5,8,1,1,3,5,1,Going Straight,1,2,53,,0,7,482,2018,0,,12,,,,,,1,1,36,1,0,,0,0,3,0,11,0,,,,,0,0,3,3,1,39,,,,96,,,,,,98,,,,,,98373,53,73,160,6,1,0,0,0,0,,97,,,,,,0,07-15-2017,07-15-2017,20,0,0,0,8,9,8,,,0,,,8,8,8,95,,,96,,,8,95,995,,,,,,,,,,,,,,,,,,,,,,,,,,,,,,0,0,0,1,0,0,1,1,1,0,0,0,0,0,0,0,0,0,0,0,0,0,0,0,0,0,0,0,0,1,0,0,0,0,0,,0,0,0,0,0,0,0,0,0,0,0,0,0,0,0,0,,,,,,36-40,36-45,City street,U,Wednesday,Belt Used,PV,Not Fatal,1,0,0,0,City Street,Municipal/City Police,Shoreline Police Department,0,0,0,1,0,,,,,,0,0,1,,,,,,,,,,,98,98,98,0,,,,,20,7,,,,,,,,1,0,,,,,,
2019,231,634127,146,06-14-2019,12:04,14,6,June,,77,Yakima,0,1,0,1,1,2,1,0,3,3,,,,12,0,8,Other,2.1,1,0,1,No intersection,5,2,2,4,0,0,0,0,CR-N WENAS RD,,-120.5177361,46.68128333,98942,0,3,98,Others,62,4,40,14,0,0,1,5,12,1,1,2,1,1,Going Straight,1,1,53,,0,72,706,2006,0,,1,,,,,,1,1,55,1,7,,4,0,20,7,11,5,05-09-2020,21:16,2.23E+11,22543,0,0,3,2,1,0,,,,96,,,,,,98,,,,,,98499,53,72,175,6,1,0,0,0,0,,0,,,,,,0,,,20,8,0,0,0,9,8,,,0,,,8,8,8,95,,,96,,,8,95,995,,,,,,,,,,,,,,,,,,,,,,,,,,,,,,0,0,0,0,0,0,0,0,0,0,0,0,0,0,1,0,0,0,0,0,0,0,0,0,0,0,0,0,1,0,0,0,0,0,1,1,0,0,0,0,0,0,0,0,0,0,0,0,0,0,0,0,,,,,,51-55,46-55,State route,U,Saturday,,MC,White,0,0,0,0,State Route,State Patrol,Washington State Patrol,0,1,0,0,0,,,,,,0,0,0,,,,,,,,,,,0,0,0,1,,,,,16,0,,,,,,,,1,0,,,,,,
2019,231,634126,146,06-14-2019,12:04,14,6,June,,77,Yakima,0,1,0,1,1,2,1,0,3,3,,,,12,0,8,Other,2.1,1,0,1,No intersection,5,2,2,4,0,0,0,0,CR-N WENAS RD,,-120.5177361,46.68128333,98942,0,2,65,Others,62,4,40,4,0,0,1,7,12,1,1,2,1,1,Going Straight,1,1,53,,0,37,31,2009,0,,12,,,,,,1,1,43,1,0,,0,0,3,0,11,0,,,,,0,0,0,3,1,0,,,,96,,,,,,98,,,,,,98168,53,66,120,6,1,0,0,0,0,,0,,,,,,0,,,20,0,0,0,8,9,8,,,0,,,8,8,8,95,,,96,,,8,95,995,,,,,,,,,,,,,,,,,,,,,,,,,,,,,,0,0,0,0,0,0,0,0,0,0,0,0,0,0,0,0,0,0,0,0,0,0,0,0,0,1,0,0,1,1,0,0,0,0,0,,0,0,0,0,0,0,0,0,0,0,0,0,0,0,0,0,,,,,,41-45,36-45,City street,U,Monday,Belt Used,PV,Not Fatal,0,0,0,0,City Street,Municipal/City Police,Tukwila Police Department,0,0,0,1,0,,,,,,0,0,0,,,,,,,,,,,98,98,98,0,,,,,20,7,,,,,,,,1,0,,,,,,