year,something,Cases,repjur,crash_dt,crash_tm,accday,Month,Month,holiday,county,co_char,city,weather,weather2,lightcond,surfcond,surftype,Number of Fatalities,nmforms,pforms,vforms,not_tm,arr_tm,hosp_tm,fhevent,hitrun,Manner of Collision,Manner of Collision,milepnt,reljunc,reljuncinter,intersectiontype,Intersection Type,funcsystem,landuse,ownership,route,schlbus,spejur,contdev,devfunc,trafid1,trafid2,x,y,zipcode,wk_zone,vnumber,crashtype,Crash Type,criticalevent,criticaleventcat,spdlim,body,trailer,emerg,hazcargo,leave,mhevent,roadalgn,roadprof,traflane,trafflow,Vehicle Manure,Vehicle Manure,numoccs,regowner,regstate,,spuse,make,model,modelyr,vrf1,vrf2,seqevent1,seqevent2,seqevent3,seqevent4,seqevent5,seqevent6,pnumber,ptype,age,sex,hispanic,race,injury,diedscene,restraint,restraintmisuse,seatpos,takehosp,death_dt,death_tm,cert,cernum_wa,commlic,licendor,licrestrict,liccomp,drivpres,drf1,drf2,drf3,drf4,distract1,distract2,distract3,distract4,distract5,distract6,dricond1,dricond2,dricond3,dricond4,dricond5,dricond6,dzip,licstate,drhgt_in,weight,noncdl,noncdltype,prevdwi,prevoth,prevacc,prevspd,prevsus,driviol1,driviol2,driviol3,driviol4,driviol5,driviol6,spdrel,first_dt,last_dt,airbag,ejection,ejectpath,extricat,injurwrk,methalc,methdrug,nmlocat,strikveh,prf1,prf2,prf3,druginv,alcinvol,drugsts,drugres1,drugres2,drugres3,drugtst1,drugtst2,drugtst3,alcsts,alctst,alcres,nmact1,nmact2,nmact3,nmact4,nmact5,nmact6,nmprior1,nmprior2,nmprior3,nmprior4,nmprior5,nmprior6,nmcond1,nmcond2,nmcond3,nmcond4,nmcond5,nmcond6,nmsafe_helmet,nmsafe_pads,nmsafe_oth,nmprev_ref,nmprev_lgt,nmprev_oth,crashlocation,nmcrashtype,crosswalk,schoolzone,sidewalk,train_inv,wildlife_inv,rotr_fars,intersect_fars,Drink and Drive,aid_inv,Drug Positive Drivers,Impaired Drivers,Marijuana Positive,impnm_inv,ainm_inv,dpnm_inv,speed_inv,unlic_inv,unendmc_inv,drowsy_inv,drdist_inv,nmdist_inv,fty_inv,unrestfat_inv,dr1617_inv,dr1820_inv,dr1620_inv,dr2125_inv,dr1625_inv,dr65_inv,dr70_inv,dr75_inv,mc_inv,pv_inv,ht_inv,ped_inv,bike_inv,unrest_fat,mc_fat,unhelmet_mc,pv_fat,ht_fat,ped_fat,bike_fat,dr_alc7,dr_alc8,dr_drug,dr_imp,dr_dist,dr_spd,dr_fty,dr_unlic,dr_alc7only,dr_alc8only,dr_drugonly,dr_drink,nm_imp,nm_alc7,nm_alc8,nm_drug,nm_dist,agegrp1,agegrp2,roadclass,urbrur,dayweek,restuse,vehtype,race_me,intersect,lanedep,oppdir,wrongway,rep_typ,investag,repag_long,rotr,st_rd,cty_rd,city_rd,oth_rd,drug_thc,thc_res,drug_cthc,cthc_res,drug_cann,prevpersemin,prevperse,prevsusoth,drugtst4,drugtst5,drugtst6,drugtst7,drugtst8,drugres4,drugres5,drugres6,drugres7,drugres8,adspresent,adsengaged,adslevel,race1,race2,race3,race4,race5,helmet,helmetmisuse,nmdistract1,nmdistract2,nmdistract3,nmdistract4,nmdistract5,nmdistract6,lab,isedtcase,crf1,crf2,crf3,CoRoadName,CoMP,IntCoRoadName,IntCoMP
2019,231,634125,146,06-14-2019,12:04,14,6,June,,77,Yakima,0,1,0,1,1,2,1,0,3,3,,,,12,0,8,Other,2.1,1,0,1,No intersection,5,2,2,4,0,0,0,0,CR-N WENAS RD,,-120.5177361,46.68128333,98942,0,1,64,Others,10,2,40,34,0,0,1,7,12,1,1,2,1,1,Going Straight,1,1,53,,0,72,706,2005,0,,1,68,12,,,,1,1,65,1,7,,4,7,20,7,11,0,05-11-2020,14:19,2.31E+11,22761,0,0,0,3,1,28,,,,96,,,,,,98,,,,,,98052,53,69,212,6,1,0,0,0,1,,0,,,,,,0,02-15-2019,02-15-2019,20,8,0,0,0,9,8,,,0,,,8,8,2,1,,,1,,,2,1,0,,,,,,,,,,,,,,,,,,,,,,,,,,,,,,0,0,0,0,0,0,0,0,0,0,0,0,0,0,0,0,0,0,0,0,0,0,0,0,0,1,0,0,1,1,0,0,0,0,1,0,0,0,0,0,0,0,0,0,0,0,0,0,0,0,0,0,,,,,,61-65,56-65,City street,U,Monday,,MC,White,0,0,0,0,City Street,Municipal/City Police,Tukwila Police Department,0,0,0,1,0,,,,,,0,0,0,,,,,,,,,,,0,0,0,1,,,,,5,0,,,,,,,,1,0,,,,,,
2018,231,633429,6,07-07-2018,00:32,7,7,July,0,25,Grant,0,1,0,2,6,2,1,0,2,2,00:25,00:35,,12,0,7,"Sideswipe,Same",34.8,1,0,1,No intersection,3,1,1,3,0,0,0,0,SR-28,,-119.8336556,47.23402778,,0,2,45,Others,98,7,60,14,0,0,1,2,12,1,1,2,1,1,Going Straight,1,2,53,,0,12,13,1999,0,,12,,,,,,1,1,54,1,0,,0,0,99,7,11,0,,,,,0,0,0,3,1,0,,,,96,,,,,,0,,,,,,98444,53,68,160,6,1,0,0,0,0,,0,,,,,,0,,,20,0,0,0,8,9,8,,,0,,,8,8,8,95,,,96,,,8,95,995,,,,,,,,,,,,,,,,,,,,,,,,,,,,,,0,0,0,0,1,1,1,1,1,0,0,0,0,0,0,0,1,0,0,0,1,0,1,1,1,0,0,0,1,1,0,0,0,0,0,,0,0,0,0,0,0,0,0,0,0,0,0,0,0,0,0,,,,,,51-55,46-55,City street,U,Saturday,Unknown,PV,Not Fatal,0,0,0,0,City Street,Municipal/City Police,Tacoma Police Department,0,0,0,1,0,,,,,,0,0,0,,,,,,,,,,,0,0,0,0,,,,,20,7,,,,,,,,1,0,,,,,,
2018,231,633428,6,07-07-2018,00:32,7,7,July,0,25,Grant,0,1,0,2,6,2,1,0,2,2,00:25,00:35,,12,1,7,"Sideswipe,Same",34.8,1,0,1,No intersection,3,1,1,3,0,0,0,0,SR-28,,-119.8336556,47.23402778,,0,1,47,Others,51,3,60,4,0,0,1,3,12,1,1,2,1,6,Others,1,2,53,,0,35,471,1989,0,,12,68,64,38,,,1,1,16,1,0,,1,0,99,7,11,5,,,,,0,0,1,3,1,0,,,,96,,,,,,0,,,,,,98404,53,74,140,6,2,0,0,0,0,,0,,,,,,0,,,20,0,0,0,8,9,8,,,0,,,8,8,8,95,,,96,,,8,95,995,,,,,,,,,,,,,,,,,,,,,,,,,,,,,,0,0,0,0,1,1,1,1,1,0,0,0,0,0,0,0,1,0,0,0,1,0,1,1,1,0,0,0,1,1,0,0,0,0,0,,0,0,0,0,0,0,0,0,0,0,0,0,0,0,0,0,,,,,,16-17,16-25,City street,U,Saturday,Unknown,PV,Not Fatal,0,0,0,0,City Street,Municipal/City Police,Tacoma Police Department,0,0,0,1,0,,,,,,0,0,0,,,,,,,,,,,0,0,0,0,,,,,20,7,,,,,,,,1,0,,,,,,
2017,231,632621,8,07-02-2017,16:53,2,7,July,5,35,Kitsap,0,1,0,1,1,2,1,1,1,1,,,,9,0,0,No vehicle,0.3,3,1,2,4 Way,4,2,1,3,0,0,0,0,SR-3 LX04848,SR-308,-122.6856278,47.70120556,98383,0,1,13,Pedestrian/Animal,83,5,40,4,0,0,1,5,9,1,2,4,1,1,Going Straight,1,2,53,,0,58,38,2011,0,,12,,,,,,1,1,21,1,0,,0,0,99,7,11,0,,,,,0,0,0,3,1,0,,,,92,,,,,,98,,,,,,98404,53,70,165,6,1,0,0,0,0,,0,,,,,,0,,,20,0,0,0,8,9,8,,,0,,,8,8,8,95,,,96,,,8,95,995,,,,,,,,,,,,,,,,,,,,,,,,,,,,,,0,0,0,0,1,1,1,1,1,0,0,0,0,0,0,0,1,0,0,0,1,0,1,1,1,0,0,0,1,1,0,0,0,0,0,,0,0,0,0,0,0,0,0,1,0,0,0,0,0,0,0,,,,,,21-25,16-25,City street,U,Saturday,Unknown,PV,Not Fatal,0,0,0,0,City Street,Municipal/City Police,Tacoma Police Department,0,0,0,1,0,,,,,,0,0,0,,,,,,,,,,,98,98,98,0,,,,,20,7,,,,,,,,1,0,,,,,,
2017,232,632623,3,07-02-2017,23:46,2,7,July,5,67,Thurston,0,1,0,2,1,2,1,0,3,2,,,,12,0,1,Front-to-Rear,86,1,0,1,No intersection,1,1,1,1,0,0,0,0,I-5,,-122.9994639,46.77634444,98531,0,2,27,Others,53,3,70,4,0,0,1,2,12,1,1,3,3,15,Others,2,1,41,,0,72,706,2005,0,,12,68,12,12,,,1,1,41,1,7,,4,7,20,7,11,0,05-09-2020,12:53,2.23E+11,23475,0,0,0,3,1,8,,,,96,,,,,,98,,,,,,98408,53,76,220,6,1,0,1,0,1,,0,,,,,,0,11-15-2017,02-15-2017,20,8,0,0,0,9,8,,,0,,,8,8,2,695,605,,1,1,,2,1,0.21,,,,,,,,,,,,,,,,,,,,,,,,,,,,,,0,0,0,0,1,1,1,1,1,0,0,0,0,0,0,0,1,0,0,0,1,0,1,1,1,0,0,0,1,1,0,0,0,0,1,0,0,0,0,0,0,1,1,1,0,0,0,0,0,0,0,1,,,,,,41-45,36-45,City street,U,Saturday,,MC,White,0,0,0,0,City Street,Municipal/City Police,Tacoma Police Department,0,0,0,1,0,thc,25,carboxy-thc,37,,0,0,2,,,,,,,,,,,0,0,0,1,,,,,19,0,,,,,,,,1,0,,,,,,
2021,232,635720,3,06-21-2021,07:01,21,6,June,,53,Pierce,0,1,,1,1,2,1,0,2,2,,,,12,0,1,Front-to-Rear,39.1,3,0,2,4 Way,4,1,1,3,0,0,3,3,SR-7,304TH ST E,-122.3579167,46.98021667,98338,0,2,21,Others,60,4,98,66,1,0,1,5,12,1,1,3,1,5,Others,1,3,53,,0,48,401,2007,0,,12,,,,,,1,1,52,1,0,,0,0,3,0,11,0,,,,,0,0,0,3,1,0,,,,96,,,,,,0,,,,,,98366,53,67,150,6,1,0,0,0,0,,0,,,,,,0,,,1,0,0,0,8,3,8,,,0,,,8,8,0,0,,,0,,,0,0,996,,,,,,,,,,,,,,,,,,,,,,,,,,,,,,0,0,0,1,0,0,1,1,1,0,0,0,0,1,1,0,0,0,0,0,0,0,0,0,0,0,0,0,1,1,0,0,0,0,0,,0,0,0,0,0,0,0,0,0,0,0,0,0,0,0,0,,,,,,51-55,46-55,State route,U,Monday,Belt Used,PV,Not Fatal,1,0,0,0,State Route,State Patrol,Washington State Patrol,0,1,0,0,0,,,,,,0,0,0,,,,,,,,,,,98,98,98,0,,,,,20,7,,,,,,,,1,0,,,,,,
2021,232,635719,3,06-21-2021,07:01,21,6,June,,53,Pierce,0,1,,1,1,2,1,0,2,2,,,,12,0,1,Front-to-Rear,39.1,3,0,2,4 Way,4,1,1,3,0,0,0,0,SR-7,304TH ST E,-122.3579167,46.98021667,98338,0,1,20,Others,10,2,55,14,0,0,1,2,12,1,1,3,1,1,Going Straight,1,1,53,,0,53,706,2008,0,,12,,,,,,1,1,35,1,7,,4,7,20,7,11,0,05-04-2020,09:41,53021682,21682,0,0,3,2,1,8,33,39,,96,,,,,,98,,,,,,98366,53,72,170,1,1,1,0,1,2,,0,,,,,,0,06-15-2016,08-15-2019,20,8,0,0,0,9,8,,,0,,,8,8,2,401,417,128,1,1,1,2,1,0,,,,,,,,,,,,,,,,,,,,,,,,,,,,,,0,0,0,1,0,0,1,1,1,0,0,0,0,1,1,0,0,0,0,0,0,0,0,0,0,0,0,0,1,1,0,0,0,0,1,0,0,0,0,0,0,0,1,1,0,0,0,1,0,0,1,0,,,,,,31-35,26-35,State route,U,Monday,,MC,White,1,0,0,0,State Route,State Patrol,Washington State Patrol,0,1,0,0,0,thc,0.55,carboxy-thc,10,,0,1,10,1,1,1,,,177,695,605,,,0,0,0,1,,,,,5,0,,,,,,,nms,1,0,,,,,,
2020,232,634897,146,07-14-2020,16:40,14,7,July,,77,Yakima,0,1,,1,1,2,2,0,3,2,16:42,16:50,17:14,12,0,6,Angle,0.6,8,0,1,No intersection,6,1,2,4,0,0,0,0,CR-WENDELL PHILLIPS RD,,-120.0622583,46.29489444,98944,0,2,88,Striking from the Left,55,3,98,34,0,0,1,2,12,1,1,2,1,1,Going Straight,1,2,53,,0,14,402,2006,0,,12,,,,,,1,1,79,1,7,,4,7,20,7,11,0,05-08-2020,20:58,53022587,22587,0,0,3,2,1,0,,,,96,,,,,,0,,,,,,98022,53,66,150,1,1,0,2,3,0,,0,,,,,,0,07-15-2015,12-15-2018,1,0,0,0,0,9,8,,,0,,,8,8,2,401,417,,1,1,,2,1,0,,,,,,,,,,,,,,,,,,,,,,,,,,,,,,0,0,0,0,0,0,1,1,0,0,0,0,0,1,0,0,1,0,0,1,0,0,0,0,0,1,1,1,0,1,0,0,0,1,0,,1,0,0,0,0,0,1,1,0,0,0,1,0,0,1,0,,,,,,76-80,76+,County road,U,Friday,Not Used,PV,White,0,1,1,0,County Road,County Sheriff,Snohomish County Sheriff's Office,0,0,1,0,0,,,,,,0,0,4,,,,,,,,,,,98,98,98,1,,,,,20,7,,,,,,,,1,0,,,84TH ST NE,4.063,,
2020,232,634896,146,07-14-2020,16:40,14,7,July,,77,Yakima,0,1,,1,0,0,2,0,3,2,16:42,16:50,17:14,12,0,6,Angle,0.6,8,0,1,No intersection,6,1,2,4,0,0,0,0,CR-WENDELL PHILLIPS RD,,-120.0622583,46.29489444,98944,0,1,89,Others,17,2,0,90,0,0,1,2,12,0,0,0,0,1,Going Straight,2,0,53,,0,49,401,1985,0,,68,12,,,,,1,1,31,1,0,,3,0,99,7,11,5,,,,,0,0,0,2,1,28,,,,92,,,,,,98,,,,,,98252,53,72,200,1,1,0,1,0,0,,97,,,,,,0,02-15-2018,06-15-2020,20,0,0,0,8,9,8,,,0,,,8,8,8,95,,,96,,,8,95,995,,,,,,,,,,,,,,,,,,,,,,,,,,,,,,0,0,0,0,0,0,1,1,0,0,0,0,0,1,0,0,1,0,0,1,0,0,0,0,0,1,1,1,0,1,0,0,0,0,0,,0,0,0,0,0,0,0,0,1,0,0,1,0,0,0,0,,,,,,31-35,26-35,County road,U,Friday,Unknown,PV,Not Fatal,0,1,1,0,County Road,County Sheriff,Snohomish County Sheriff's Office,0,0,1,0,0,,,,,,0,0,2,,,,,,,,,,,0,0,0,0,,,,,20,7,,,,,,,,1,0,,,84TH ST NE,4.063,,
2018,232,633423,21,07-06-2018,19:22,6,7,July,0,25,Grant,0,1,0,1,1,7,1,0,4,2,19:18,19:33,20:01,12,0,6,Angle,2,2,0,2,4 Way,7,1,2,4,0,0,0,0,CR-RD 9 NW,RD S NW,-119.8965833,47.21844722,98848,0,2,88,Striking from the Left,66,4,50,67,0,0,1,7,12,8,8,2,1,1,Going Straight,1,1,53,,0,72,706,2019,0,,63,35,43,,,,1,1,55,1,7,,4,7,20,7,11,0,05-10-2020,06:55,53021751,21751,0,0,0,3,1,0,,,,96,,,,,,9,,,,,,98371,53,73,240,6,1,0,0,1,0,,0,,,,,,3,01-15-2019,01-15-2019,20,8,0,0,0,9,8,,,0,,,1,8,2,695,605,,1,1,,2,1,0,,,,,,,,,,,,,,,,,,,,,,,,,,,,,,0,0,1,0,0,0,1,1,1,0,0,0,1,0,0,0,0,0,0,0,0,0,0,0,0,0,0,0,1,0,0,0,0,0,1,0,0,0,0,0,0,0,1,1,0,1,0,0,0,0,1,0,,,,,,51-55,46-55,State route,U,Sunday,,MC,White,0,1,0,0,State Route,State Patrol,Washington State Patrol,1,1,0,0,0,thc,18,carboxy-thc,19,,0,0,0,,,,,,,,,,,0,0,0,1,,,,,5,0,,,,,,,,1,0,,,,,,
2018,232,633422,21,07-06-2018,19:22,6,7,July,0,25,Grant,0,1,0,1,1,7,1,0,4,2,19:18,19:33,20:01,12,0,6,Angle,2,2,0,2,4 Way,7,1,2,4,0,0,20,3,CR-RD 9 NW,RD S NW,-119.8965833,47.21844722,98848,0,1,89,Others,17,2,50,4,0,0,1,7,12,1,2,2,1,4,Others,3,1,53,,0,49,402,2016,0,,12,,,,,,1,1,62,1,0,,3,0,3,0,11,5,,,,,0,0,0,3,1,0,,,,96,,,,,,0,,,,,,98059,53,65,125,6,1,0,1,1,0,,0,,,,,,0,12-15-2015,09-15-2017,20,0,0,0,8,9,8,,,0,,,8,8,2,1,,,1,,,2,1,0,,,,,,,,,,,,,,,,,,,,,,,,,,,,,,0,0,0,0,1,1,1,1,1,0,0,0,0,0,0,0,0,0,0,0,0,0,0,0,0,0,0,0,0,1,0,0,0,0,0,,0,0,0,0,0,0,0,0,0,0,0,0,0,0,0,0,,,,,,61-65,56-65,State route,U,Friday,Belt Used,PV,Not Fatal,0,0,0,1,State Route,State Patrol,Washington State Patrol,0,1,0,0,0,,,,,,0,0,0,,,,,,,,,,,98,98,98,0,,,,,20,7,,,,,,,,1,0,,,,,,
2017,232,632622,3,07-02-2017,23:46,2,7,July,5,67,Thurston,0,1,0,2,1,2,1,0,3,2,,,,12,0,1,Front-to-Rear,86,1,0,1,No intersection,1,1,1,1,0,0,0,0,I-5,,-122.9994639,46.77634444,98531,0,1,24,Others,52,3,70,66,2,0,1,2,12,1,1,3,3,1,Going Straight,1,3,53,,0,49,47,2003,0,,12,,,,,,1,1,33,2,7,,4,7,3,0,11,0,05-08-2020,01:13,10053022458,22458,0,0,3,3,1,51,,,,96,,,,,,9,,,,,,98407,53,62,190,6,1,0,0,1,0,,0,,,,,,0,12-15-2018,12-15-2018,8,0,0,0,0,1,8,,,0,,,1,1,2,695,605,,1,1,,2,1,0.24,,,,,,,,,,,,,,,,,,,,,,,,,,,,,,0,0,0,0,1,1,1,1,1,0,0,0,0,0,0,0,0,0,0,0,0,0,0,0,0,0,0,0,0,1,0,0,0,0,0,,1,0,0,0,0,1,1,1,0,0,0,0,0,0,0,1,,,,,,31-35,26-35,State route,U,Friday,Belt Used,PV,White,0,0,0,1,State Route,State Patrol,Washington State Patrol,0,1,0,0,0,thc,12,carboxy-thc,888,,0,0,0,,,,,,,,,,,98,98,98,1,,,,,20,7,,,,,,,,1,0,,,,,,
2017,233,632648,5,07-01-2017,23:54,1,7,July,5,11,Clark,1860,1,0,2,1,2,1,1,4,1,,,,8,0,0,No vehicle,14.2,1,0,1,No intersection,1,1,1,1,0,0,0,0,I-5,,-122.6857833,45.81591389,,0,1,13,Pedestrian/Animal,80,5,70,34,0,0,1,2,8,1,1,3,3,1,Going Straight,4,1,41,,0,20,2,2007,0,,8,,,,,,1,1,999,9,0,,9,0,99,7,11,8,,,,,99,0,9,9,1,38,,,,96,,,,,,98,,,,,,99999,99,,999,9,9,99,99,99,99,,1,,,,,,3,,,99,0,0,0,8,9,8,,,0,,,8,8,0,0,,,0,,,0,0,996,,,,,,,,,,,,,,,,,,,,,,,,,,,,,,0,0,0,1,0,0,0,0,0,0,0,0,1,0,0,0,0,0,1,0,0,0,0,0,0,0,0,0,0,1,0,1,0,0,0,,0,0,0,0,0,0,0,0,0,1,1,0,0,0,0,0,,,,,,,,Interstate,U,Sunday,Unknown,PV,Not Fatal,0,0,0,0,City Street,Municipal/City Police,Tukwila Police Department,0,0,0,1,0,,,,,,99,99,99,,,,,,,,,,,98,98,98,0,,,,,20,7,,,,,,,,1,0,,,,,,
2021,233,635722,1,07-19-2021,14:00,19,7,July,,21,Franklin,1660,10,,1,1,1,1,0,1,1,,,,1,0,0,No vehicle,0.4,5,1,1,No intersection,1,2,1,1,0,0,0,0,I-182 RAMP,,-119.1806111,46.26716111,99301,0,1,1,Driver Off Road,13,2,98,4,0,0,1,2,1,3,1,1,6,14,Making a U turn,1,2,53,,0,72,706,2004,0,,12,,,,,,1,1,45,1,7,,4,7,20,7,11,0,05-07-2020,08:24,53021530,21530,0,0,0,3,1,0,,,,96,,,,,,0,,,,,,98072,53,72,205,6,1,0,0,0,0,,0,,,,,,0,,,20,8,0,0,0,9,8,,,0,,,8,8,2,695,605,,1,1,,2,1,0,,,,,,,,,,,,,,,,,,,,,,,,,,,,,,0,0,0,1,0,0,1,1,1,0,0,0,0,0,0,0,1,0,1,0,0,0,0,0,0,0,0,0,1,1,0,0,0,0,1,0,0,0,0,0,0,0,1,1,0,0,0,0,0,0,1,0,,,,,,41-45,36-45,State route,U,Thursday,,MC,White,1,0,0,0,State Route,County Sheriff,King County Police,0,1,0,0,0,thc,39,carboxy-thc,22,,0,0,0,,,,,,,,,,,0,0,0,1,,,,,5,0,,,,,,,nms,1,0,,,,,,
2020,233,634899,4,06-20-2020,16:07,20,6,June,,1,Adams,1630,1,,1,1,2,1,0,4,2,16:10,16:12,16:28,12,0,6,Angle,21.9,2,0,2,4 Way,3,2,1,3,0,0,0,0,SR-17,CUNNINGHAM RD,-119.1333306,46.82631667,,0,2,88,Striking from the Left,66,4,60,34,1,0,1,5,12,1,1,3,1,1,Going Straight,2,2,53,,0,7,402,2001,0,,12,,,,,,1,1,60,1,0,,0,0,3,0,11,0,,,,,0,0,0,3,1,38,,,,15,,,,,,98,,,,,,98290,53,65,160,6,1,0,1,0,1,,97,,,,,,0,03-15-2018,06-15-2019,20,0,0,0,8,9,8,,,0,,,8,8,0,0,,,0,,,0,0,996,,,,,,,,,,,,,,,,,,,,,,,,,,,,,,0,0,0,1,0,0,1,1,1,0,0,0,0,0,0,0,1,0,1,0,0,0,0,0,0,0,0,0,1,1,0,0,0,0,0,,0,0,0,0,0,0,0,0,1,0,1,0,0,0,0,0,,,,,,56-60,56-65,State route,U,Thursday,Belt Used,PV,Not Fatal,1,0,0,0,State Route,County Sheriff,King County Police,0,1,0,0,0,,,,,,0,0,0,,,,,,,,,,,98,98,98,0,,,,,20,7,,,,,,,,1,0,,,,,,
2020,233,634898,4,06-20-2020,16:07,20,6,June,,1,Adams,1630,1,,1,1,2,1,0,4,2,16:10,16:12,16:28,12,0,6,Angle,21.9,2,0,2,4 Way,3,2,1,3,0,0,20,3,SR-17,CUNNINGHAM RD,-119.1333306,46.82631667,,0,1,89,Others,17,2,35,4,0,0,1,2,12,1,1,2,1,4,Others,2,2,53,,0,72,706,2019,0,,68,64,67,42,,,1,1,49,1,7,,4,7,20,7,11,0,05-05-2020,16:42,53021567,21567,0,0,0,3,1,0,,,,96,,,,,,98,,,,,,98579,53,70,230,6,1,0,0,0,0,,0,,,,,,3,,,20,8,0,0,0,9,8,,,0,,,8,8,2,605,,,1,,,2,1,0.19,,,,,,,,,,,,,,,,,,,,,,,,,,,,,,0,0,0,0,1,1,1,1,1,0,0,0,1,0,0,0,0,0,0,0,0,0,0,0,0,0,0,0,1,0,0,0,0,0,1,0,0,0,0,0,0,1,1,1,0,1,0,0,0,0,0,1,,,,,,46-50,46-55,County road,R,Tuesday,,MC,White,0,1,0,0,County Road,County Sheriff,Thurston County Sheriff's Office,1,0,1,0,0,thc,1.1,,,,0,0,0,,,,,,,,,,,0,0,0,1,,,,,5,0,,,,,,,,1,0,,,JAMES RD SW,1.416,,
2018,233,633408,25,07-14-2018,16:36,14,7,July,0,33,King,0,1,0,1,1,2,1,1,1,2,,,,9,1,0,No vehicle,0.2,1,0,1,No intersection,3,2,2,4,0,0,0,0,CR-RAINIER AVE S,,-122.2342333,47.50804444,98178,0,1,13,Pedestrian/Animal,83,5,35,34,0,0,1,5,9,1,1,3,5,1,Going Straight,1,2,53,,0,41,471,1999,0,,68,64,42,,,,1,1,92,2,7,,4,7,20,7,11,0,05-06-2020,08:52,53021381,21381,0,0,0,3,1,0,,,,92,,,,,,98,,,,,,99003,53,61,150,6,1,0,0,0,0,,0,,,,,,0,,,1,0,0,0,0,9,8,,,0,,,8,8,2,1,,,1,,,2,1,0,,,,,,,,,,,,,,,,,,,,,,,,,,,,,,0,0,0,0,0,0,0,0,0,0,0,0,0,0,0,0,1,0,0,1,0,0,0,0,0,1,1,1,0,1,0,0,0,1,0,,1,0,0,0,0,0,0,0,1,0,0,0,0,0,0,0,,,,,,81+,76+,County road,R,Wednesday,Not Used,PV,White,0,1,0,0,County Road,County Sheriff,Spokane County Sheriff's Office,1,0,1,0,0,,,,,,0,0,0,,,,,,,,,,,0,0,0,1,,,,,20,7,,,,,,,,1,0,,,ELK-CHATTAROY RD,9.31,,
2019,234,634196,3,06-25-2019,14:57,25,6,June,,53,Pierce,0,1,0,1,1,2,2,0,3,2,,,,12,0,6,Angle,16.9,2,0,3,T Intersection,3,2,1,3,0,0,0,0,SR-161,244TH CT W,-122.2958,47.03495278,98338,0,2,69,Initial Opposite Direction(Going Straight),62,4,55,66,1,0,1,7,12,1,3,3,1,1,Going Straight,1,3,37,,0,53,706,2003,0,,63,35,,,,,1,1,37,1,0,,3,0,20,7,11,5,,,,,0,0,0,3,1,91,,,,96,,,,,,9,,,,,,98208,53,76,250,6,1,0,3,0,1,,1,,,,,,3,06-15-2015,10-15-2019,20,8,0,0,8,9,8,,,0,,,8,1,2,1,,,1,,,2,1,0.081,,,,,,,,,,,,,,,,,,,,,,,,,,,,,,0,0,1,0,1,1,0,1,0,0,0,0,1,0,0,0,0,0,0,0,0,0,0,0,0,0,0,0,1,0,0,0,0,0,0,0,0,0,0,0,0,1,0,1,0,1,0,0,0,1,0,1,,,,,,36-40,36-45,Interstate,U,Wednesday,,MC,Not Fatal,0,1,0,0,State Route,State Patrol,Washington State Patrol,1,1,0,0,0,,,,,,0,0,1,,,,,,,,,,,0,0,0,0,,,,,5,0,,,,,,,,1,0,,,,,,
2021,234,635724,173,07-15-2021,15:09,15,7,July,,53,Pierce,1124,1,,1,1,2,1,0,3,1,,,,33,0,0,No vehicle,0,3,0,2,4 Way,4,2,4,6,0,0,0,0,84TH ST S,Pine St S,-122.4738611,47.18116111,98499,0,1,1,Driver Off Road,13,2,35,14,0,0,1,2,1,1,1,5,5,1,Going Straight,3,1,53,,0,49,40,1997,0,,68,64,14,3,,,1,1,17,1,0,,3,0,3,0,11,5,,,,,0,0,0,0,1,0,,,,92,,,,,,98,,,,,,99207,53,72,155,0,0,0,0,0,0,,97,,,,,,0,,,20,0,0,0,8,9,8,,,0,,,8,8,2,695,605,401,1,1,1,2,1,0.039,,,,,,,,,,,,,,,,,,,,,,,,,,,,,,0,0,0,1,1,0,1,1,1,0,0,0,0,1,0,0,1,0,0,0,1,0,1,0,1,0,0,0,0,1,0,0,0,0,0,,0,0,0,0,1,0,1,1,1,0,0,1,0,0,0,1,,,,,,16-17,16-25,City street,U,Monday,Belt Used,PV,Not Fatal,0,1,0,0,City Street,Municipal/City Police,Spokane Police Department,1,0,0,1,0,thc,8.1,carboxy-thc,50,,0,0,0,,,,,,,,,,,0,0,0,0,,,,,20,7,,,,,,,,1,0,,,,,,
2020,234,634652,26,02-26-2020,12:24,26,2,Feb,,35,Kitsap,0,1,,1,1,2,1,0,4,2,12:32,12:59,13:47,12,0,6,Angle,1.6,8,0,1,No intersection,5,2,2,4,0,0,0,0,CR-SEABECK HWY NW,,-122.7350389,47.597225,98312,0,2,69,Initial Opposite Direction(Going Straight),62,4,35,80,0,0,1,5,12,1,1,2,1,1,Going Straight,1,1,53,,0,98,739,2007,0,,63,98,,,,,1,1,18,1,7,,4,7,20,7,11,0,05-01-2020,13:49,53021407,21407,0,0,0,0,1,0,,,,96,,,,,,9,,,,,,98338,53,69,112,0,0,0,0,0,0,,0,,,,,,4,,,20,1,9,0,0,9,8,,,0,,,1,8,2,695,605,,1,1,,2,1,0,,,,,,,,,,,,,,,,,,,,,,,,,,,,,,0,0,1,0,0,0,1,1,1,0,0,0,1,1,0,0,0,0,0,0,0,1,1,0,1,0,0,0,0,0,0,0,0,0,0,,0,0,0,0,0,0,1,1,0,1,0,1,0,0,1,0,,,,,,18-20,16-25,County road,R,Friday,,OTHVT,White,0,1,0,0,County Road,County Sheriff,Law Enforcement Support Agency,1,0,1,0,0,thc,7.3,carboxy-thc,17,,0,0,0,,,,,,,,,,,0,0,0,1,,,,,19,0,,,,,,,,1,0,,,TISCH RD S,1.75,,