year,something,Cases,repjur,crash_dt,crash_tm,accday,Month,Month,holiday,county,co_char,city,weather,weather2,lightcond,surfcond,surftype,Number of Fatalities,nmforms,pforms,vforms,not_tm,arr_tm,hosp_tm,fhevent,hitrun,Manner of Collision,Manner of Collision,milepnt,reljunc,reljuncinter,intersectiontype,Intersection Type,funcsystem,landuse,ownership,route,schlbus,spejur,contdev,devfunc,trafid1,trafid2,x,y,zipcode,wk_zone,vnumber,crashtype,Crash Type,criticalevent,criticaleventcat,spdlim,body,trailer,emerg,hazcargo,leave,mhevent,roadalgn,roadprof,traflane,trafflow,Vehicle Manure,Vehicle Manure,numoccs,regowner,regstate,,spuse,make,model,modelyr,vrf1,vrf2,seqevent1,seqevent2,seqevent3,seqevent4,seqevent5,seqevent6,pnumber,ptype,age,sex,hispanic,race,injury,diedscene,restraint,restraintmisuse,seatpos,takehosp,death_dt,death_tm,cert,cernum_wa,commlic,licendor,licrestrict,liccomp,drivpres,drf1,drf2,drf3,drf4,distract1,distract2,distract3,distract4,distract5,distract6,dricond1,dricond2,dricond3,dricond4,dricond5,dricond6,dzip,licstate,drhgt_in,weight,noncdl,noncdltype,prevdwi,prevoth,prevacc,prevspd,prevsus,driviol1,driviol2,driviol3,driviol4,driviol5,driviol6,spdrel,first_dt,last_dt,airbag,ejection,ejectpath,extricat,injurwrk,methalc,methdrug,nmlocat,strikveh,prf1,prf2,prf3,druginv,alcinvol,drugsts,drugres1,drugres2,drugres3,drugtst1,drugtst2,drugtst3,alcsts,alctst,alcres,nmact1,nmact2,nmact3,nmact4,nmact5,nmact6,nmprior1,nmprior2,nmprior3,nmprior4,nmprior5,nmprior6,nmcond1,nmcond2,nmcond3,nmcond4,nmcond5,nmcond6,nmsafe_helmet,nmsafe_pads,nmsafe_oth,nmprev_ref,nmprev_lgt,nmprev_oth,crashlocation,nmcrashtype,crosswalk,schoolzone,sidewalk,train_inv,wildlife_inv,rotr_fars,intersect_fars,Drink and Drive,aid_inv,Drug Positive Drivers,Impaired Drivers,Marijuana Positive,impnm_inv,ainm_inv,dpnm_inv,speed_inv,unlic_inv,unendmc_inv,drowsy_inv,drdist_inv,nmdist_inv,fty_inv,unrestfat_inv,dr1617_inv,dr1820_inv,dr1620_inv,dr2125_inv,dr1625_inv,dr65_inv,dr70_inv,dr75_inv,mc_inv,pv_inv,ht_inv,ped_inv,bike_inv,unrest_fat,mc_fat,unhelmet_mc,pv_fat,ht_fat,ped_fat,bike_fat,dr_alc7,dr_alc8,dr_drug,dr_imp,dr_dist,dr_spd,dr_fty,dr_unlic,dr_alc7only,dr_alc8only,dr_drugonly,dr_drink,nm_imp,nm_alc7,nm_alc8,nm_drug,nm_dist,agegrp1,agegrp2,roadclass,urbrur,dayweek,restuse,vehtype,race_me,intersect,lanedep,oppdir,wrongway,rep_typ,investag,repag_long,rotr,st_rd,cty_rd,city_rd,oth_rd,drug_thc,thc_res,drug_cthc,cthc_res,drug_cann,prevpersemin,prevperse,prevsusoth,drugtst4,drugtst5,drugtst6,drugtst7,drugtst8,drugres4,drugres5,drugres6,drugres7,drugres8,adspresent,adsengaged,adslevel,race1,race2,race3,race4,race5,helmet,helmetmisuse,nmdistract1,nmdistract2,nmdistract3,nmdistract4,nmdistract5,nmdistract6,lab,isedtcase,crf1,crf2,crf3,CoRoadName,CoMP,IntCoRoadName,IntCoMP
2020,234,634651,26,02-26-2020,12:24,26,2,Feb,,35,Kitsap,0,1,,1,1,2,1,0,4,2,12:32,12:59,13:47,12,0,6,Angle,1.6,8,0,1,No intersection,5,2,2,4,0,0,0,0,CR-SEABECK HWY NW,,-122.7350389,47.597225,98312,0,1,68,Initial Opposite Direction(Left/Right),15,2,35,4,0,0,1,5,12,1,1,2,1,11,Turning Red: Permitted on red,3,2,53,,0,41,50,2016,0,,63,30,30,,,,1,1,19,1,7,,4,7,99,7,11,0,05-01-2020,01:18,53020476,20476,0,0,0,3,1,0,,,,96,,,,,,9,,,,,,98375,53,75,148,6,1,0,0,0,1,,0,,,,,,0,04-15-2020,04-15-2020,8,0,0,0,0,1,1,,,0,,,1,1,2,695,605,,1,1,,2,1,0.117,,,,,,,,,,,,,,,,,,,,,,,,,,,,,,0,0,1,0,1,1,1,1,1,0,0,0,0,0,0,0,0,0,0,0,0,1,1,0,1,0,0,0,0,1,0,0,0,0,0,,1,0,0,0,0,1,1,1,0,0,0,0,0,0,0,1,,,,,,18-20,16-25,County road,U,Friday,Unknown,PV,Multiracial,0,1,0,0,County Road,County Sheriff,Law Enforcement Support Agency,1,0,1,0,0,thc,11,carboxy-thc,66,,0,0,0,,,,,,,,,,,98,98,98,202,205,298,,,20,7,,,,,,,nms,1,0,,,CANYON RD E,8.96,,
2019,234,634195,3,06-25-2019,14:57,25,6,June,,53,Pierce,0,1,0,1,1,2,2,0,3,2,,,,12,0,6,Angle,16.9,2,0,3,T Intersection,3,2,1,3,0,0,0,0,SR-161,244TH CT W,-122.2958,47.03495278,98338,0,1,68,Initial Opposite Direction(Left/Right),15,2,55,3,0,0,1,7,12,1,3,3,1,11,Turning Red: Permitted on red,2,2,53,,0,3,421,2003,0,,12,,,,,,1,1,38,2,0,,1,0,3,0,11,0,,,,,0,0,0,3,1,0,,,,96,,,,,,0,,,,,,99207,53,68,200,6,1,0,0,0,0,,0,,,,,,0,,,20,0,0,0,8,9,8,,,0,,,8,8,2,695,,,1,,,2,1,0,,,,,,,,,,,,,,,,,,,,,,,,,,,,,,0,0,0,1,0,0,1,1,1,0,0,0,1,1,1,0,0,0,0,0,0,0,0,0,0,0,0,0,1,1,0,0,0,0,0,,0,0,0,0,0,0,1,1,0,0,0,0,0,0,1,0,,,,,,36-40,36-45,City street,U,Tuesday,Belt Used,PV,Not Fatal,1,0,0,0,City Street,Municipal/City Police,Spokane Valley Police Department,0,0,0,1,0,,,carboxy-thc,5.1,,0,0,0,,,,,,,,,,,98,98,98,0,,,,,20,7,,,,,,,,1,0,,,,,,
2018,234,633418,3,07-14-2018,10:45,14,7,July,0,53,Pierce,0,1,0,1,1,2,1,0,2,2,10:48,11:04,11:37,12,0,6,Angle,49,2,0,2,4 Way,3,2,1,3,0,0,3,3,SR-7,166TH ST S,-122.4347917,47.10655556,98387,0,2,89,Others,66,4,25,4,0,0,1,7,12,1,1,2,1,1,Going Straight,1,1,53,,0,53,706,2014,0,,68,12,64,59,,,1,1,30,1,7,,4,7,20,7,11,0,04/28/2020,17:35,2.11E+11,20122,0,0,0,2,1,33,,,,96,,,,,,98,,,,,,99206,53,73,160,1,1,0,1,0,1,,0,,,,,,4,11-15-2015,12-15-2017,20,8,0,0,0,9,8,,,0,,,8,8,2,401,417,128,1,1,1,2,1,0,,,,,,,,,,,,,,,,,,,,,,,,,,,,,,0,0,0,1,0,0,1,1,1,0,0,0,1,1,1,0,0,0,0,0,0,0,0,0,0,0,0,0,1,1,0,0,0,0,1,0,0,0,0,0,0,0,1,1,0,1,0,1,0,0,1,0,,,,,,26-30,26-35,City street,U,Tuesday,,MC,White,1,0,0,0,City Street,Municipal/City Police,Spokane Valley Police Department,0,0,0,1,0,,,,,,0,0,4,1,1,1,,,177,151,996,,,0,0,0,1,,,,,19,0,,,,,,,,1,0,,,,,,
2018,234,633417,3,07-14-2018,10:45,14,7,July,0,53,Pierce,0,1,0,1,1,2,1,0,2,2,10:48,11:04,11:37,12,0,6,Angle,49,2,0,2,4 Way,3,2,1,3,0,0,3,3,SR-7,166TH ST S,-122.4347917,47.10655556,98387,0,1,88,Striking from the Left,17,2,40,80,0,0,1,7,12,1,1,5,1,1,Going Straight,1,1,53,,0,49,46,2015,0,,63,39,,,,,1,1,30,1,0,,2,0,3,0,11,0,,,,,0,0,0,3,1,91,,,,96,,,,,,9,,,,,,97217,41,66,180,6,1,0,0,0,0,,1,,,,,,0,,,8,0,0,0,8,3,2,,,0,,,1,8,2,351,605,,1,1,,2,1,0,,,,,,,,,,,,,,,,,,,,,,,,,,,,,,0,0,1,1,0,0,1,1,1,0,0,0,0,0,0,0,0,0,0,0,0,0,0,0,0,0,0,0,0,1,0,0,0,0,0,,0,0,0,0,0,0,1,1,0,0,0,0,0,0,1,0,,,,,,26-30,26-35,City street,U,Friday,Belt Used,PV,Not Fatal,0,1,0,0,City Street,Municipal/City Police,Vancouver Police Department,1,0,0,1,0,thc,10,carboxy-thc,888,,0,0,0,,,,,,,,,,,98,98,98,0,,,,,20,7,,,,,,,,1,0,,,,,,
2017,234,632651,7,07-03-2017,16:39,3,7,July,5,33,King,1960,1,0,1,1,1,1,0,2,2,,,,12,0,1,Front-to-Rear,163.5,1,0,1,No intersection,1,2,1,1,0,0,0,0,I-5,,-122.3200472,47.57328056,98134,0,2,29,Others,53,3,60,20,0,0,1,2,12,1,1,5,3,2,Others,1,1,53,,0,7,472,1999,0,,63,52,67,42,1,,1,1,39,1,7,,4,7,20,7,11,0,05-02-2020,05:04,53021086,21086,0,0,0,2,1,0,,,,96,,,,,,9,,,,,,98352,53,72,160,1,1,0,1,1,2,,0,,,,,,0,01-15-2016,07-15-2018,20,2,9,0,0,1,1,,,0,,,1,1,2,401,417,128,1,1,1,2,1,0,,,,,,,,,,,,,,,,,,,,,,,,,,,,,,0,0,1,1,1,0,1,1,0,0,0,0,0,1,0,0,0,0,0,1,0,0,0,0,0,0,0,0,0,1,0,0,0,1,0,,1,0,0,0,0,0,1,1,0,0,0,1,0,0,1,1,,,,,,36-40,36-45,State route,U,Saturday,Not Used,PV,White,0,1,0,0,State Route,State Patrol,Washington State Patrol,1,1,0,0,0,,,,,,0,0,2,1,,,,,177,,,,,0,0,0,1,,,,,20,7,,,,,,,,1,0,,,,,,
2017,234,632650,7,07-03-2017,16:39,3,7,July,5,33,King,1960,1,0,1,1,1,1,0,2,2,,,,12,0,1,Front-to-Rear,163.5,1,0,1,No intersection,1,2,1,1,0,0,0,0,I-5,,-122.3200472,47.57328056,98134,0,1,28,Others,52,3,60,80,0,0,1,2,12,1,1,5,3,2,Others,1,2,53,,0,7,28,2016,0,,63,59,,,,,1,1,20,1,7,,4,0,99,7,11,0,05-01-2020,19:55,2.23E+11,21087,0,0,0,0,1,0,,,,96,,,,,,98,,,,,,97007,41,71,130,0,0,0,0,0,0,,0,,,,,,3,,,99,1,9,0,0,9,8,,,0,,,8,8,8,95,,,96,,,8,95,995,,,,,,,,,,,,,,,,,,,,,,,,,,,,,,0,0,1,0,0,0,0,0,0,0,0,0,1,1,0,0,0,0,0,0,0,1,1,0,1,0,0,0,0,1,0,0,0,0,0,,1,0,0,0,0,0,0,0,0,1,0,1,0,0,0,0,,,,,,18-20,16-25,City street,U,Friday,Unknown,PV,Black,0,1,0,0,City Street,Municipal/City Police,Tacoma Police Department,1,0,0,1,0,,,,,,0,0,0,,,,,,,,,,,98,98,98,2,,,,,20,7,,,,,,,,1,0,,,,,,
2018,235,3756469,263,05-01-2018,13:56,1,5,May,0,33,King,1960,1,0,1,1,2,1,1,1,1,14:22,14:30,14:54,8,0,0,No vehicle,0,3,0,2,4 Way,4,2,4,6,0,0,2,3,1ST AVE,PINE ST,-122.3409444,47.6098,98121,0,1,13,Pedestrian/Animal,15,2,98,34,0,0,1,3,8,1,1,2,1,11,Turning Red: Permitted on red,1,1,53,,0,14,6,1994,0,,12,,,,,,1,1,40,1,0,,0,0,3,0,11,0,,,,,0,0,3,3,1,0,,,,0,,,,,,0,,,,,,98284,53,74,290,6,1,0,1,0,0,,0,,,,,,0,04-15-2017,04-15-2017,20,0,0,0,8,9,8,,,0,,,8,8,0,0,,,0,,,0,0,996,,,,,,,,,,,,,,,,,,,,,,,,,,,,,,0,0,0,1,0,0,1,1,0,0,0,0,1,1,0,0,0,0,0,1,0,0,0,0,0,0,0,0,0,1,0,0,0,0,0,,0,0,0,0,0,0,0,0,0,0,0,0,0,0,0,0,,,,,,36-40,36-45,City street,U,Thursday,Belt Used,PV,Not Fatal,1,0,0,0,City Street,State Patrol,Washington State Patrol,0,0,0,1,0,,,,,,0,0,0,,,,,,,,,,,0,0,0,0,,,,,20,7,,,,,,,,1,0,,,,,,
2020,235,634650,7,02-21-2020,08:57,21,2,Feb,,33,King,0,1,,1,4,2,1,0,4,2,08:55,09:10,09:27,12,0,6,Angle,59.3,1,0,1,No intersection,3,1,1,2,0,0,0,0,US-2,,-121.1441861,47.71357778,,0,2,66,Specific Other,62,4,50,34,0,0,1,2,12,1,2,3,1,1,Going Straight,2,1,53,,0,54,35,2001,0,,12,1,64,14,,,1,1,26,1,0,,1,0,20,7,11,0,,,,,0,0,0,2,1,8,,,,96,,,,,,9,,,,,,98284,53,74,180,1,1,0,1,1,1,,1,,,,,,3,10-15-2015,12-15-2019,1,0,0,0,8,9,8,,,0,,,1,8,2,177,401,417,1,1,1,2,1,0,,,,,,,,,,,,,,,,,,,,,,,,,,,,,,0,0,0,1,0,0,1,1,0,0,0,0,1,1,0,0,0,0,0,1,0,0,0,0,0,0,0,0,0,1,0,0,0,0,0,,0,0,0,0,0,0,1,1,0,1,0,1,0,0,1,0,,,,,,26-30,26-35,City street,U,Thursday,Not Used,PV,Not Fatal,1,0,0,0,City Street,State Patrol,Washington State Patrol,0,0,0,1,0,,,,,,0,0,7,,,,,,,,,,,98,98,98,0,,,,,20,7,,,,,,,,1,0,,,,,,
2020,235,634649,7,02-21-2020,08:57,21,2,Feb,,33,King,0,1,,1,4,2,1,0,4,2,08:55,09:10,09:27,12,0,6,Angle,59.3,1,0,1,No intersection,3,1,1,2,0,0,0,0,US-2,,-121.1441861,47.71357778,,0,1,66,Specific Other,5,1,50,34,1,0,1,2,12,1,2,3,1,1,Going Straight,2,1,53,,0,49,472,2016,0,,18,64,1,,,,1,1,18,2,7,,4,7,20,7,11,0,04/20/2020,07:47,53019123,19123,0,0,0,3,1,0,,,,92,,,,,,98,,,,,,98922,53,66,100,6,2,0,0,0,0,,0,,,,,,0,,,8,2,6,0,0,9,8,,,0,,,8,8,2,1,,,1,,,2,1,0,,,,,,,,,,,,,,,,,,,,,,,,,,,,,,0,0,0,0,0,0,0,0,0,0,0,0,0,0,0,0,1,0,0,1,0,1,1,0,1,0,0,0,0,1,0,0,0,1,0,,1,0,0,0,0,0,0,0,1,0,0,0,0,0,0,0,,,,,,18-20,16-25,County road,R,Monday,Not Used,PV,White,0,1,0,0,Other,County Sheriff,Chelan County Sheriff's Office,1,0,0,0,1,,,,,,0,0,0,,,,,,,,,,,98,98,98,1,,,,,20,7,,,,,,,,1,0,,,,,,
2019,235,634197,4,07-17-2019,09:45,17,7,July,,75,Whitman,0,10,0,1,1,2,1,0,1,1,,,,42,0,0,No vehicle,48.2,1,0,1,No intersection,5,1,1,3,0,0,0,0,SR-27,,-117.0988833,47.19575833,99033,0,1,6,Drive off road,12,2,55,34,0,0,1,2,42,2,3,2,1,14,Making a U turn,1,1,53,,0,76,705,2015,0,,12,,,,,,1,1,27,1,7,,4,0,20,7,11,4,04/26/2020,21:41,2.11E+11,19810,0,0,0,2,1,8,,,,96,,,,,,98,,,,,,99141,53,76,200,1,1,0,0,0,1,,0,,,,,,3,10-15-2019,10-15-2019,20,8,0,0,0,9,8,,,0,,,8,8,2,407,402,,1,1,,2,1,0.063,,,,,,,,,,,,,,,,,,,,,,,,,,,,,,0,0,0,0,1,0,1,1,0,0,0,0,1,1,1,0,0,0,0,0,0,0,0,1,1,0,0,0,1,0,0,0,0,0,1,0,0,0,0,0,1,0,1,1,0,1,0,1,0,0,0,1,,,,,,26-30,26-35,County road,R,Sunday,,MC,White,0,1,1,0,County Road,County Sheriff,Ferry County Sheriff's Office,0,0,1,0,0,,,,,,0,0,1,,,,,,,,,,,0,0,0,1,,,,,5,0,,,,,,,,1,0,,,LAKE ELLEN RD,0.1,,
2017,235,632636,2,07-04-2017,00:02,4,7,July,5,61,Snohomish,0,1,0,2,1,2,1,0,1,1,,,,52,0,0,No vehicle,34.3,1,0,1,No intersection,3,1,1,2,0,0,0,0,US-2,,-121.5625194,47.80901111,98256,0,1,1,Driver Off Road,13,2,60,4,0,0,1,2,2,3,1,2,1,14,Making a U turn,1,1,53,,0,98,734,2018,0,,12,63,1,,,,1,1,21,1,0,,0,0,3,0,11,0,,,,,0,0,0,1,1,8,58,,,96,,,,,,9,,,,,,99212,53,70,215,1,1,0,1,0,0,,0,,,,,,4,05-15-2017,05-15-2017,20,0,0,0,8,1,8,,,0,,,8,1,2,1,,,1,,,2,1,0.025,,,,,,,,,,,,,,,,,,,,,,,,,,,,,,0,0,0,0,1,0,1,1,0,0,0,0,1,1,1,0,0,0,0,0,0,0,0,1,1,0,0,0,1,0,0,0,0,0,0,,0,0,0,0,1,0,0,0,0,1,0,1,1,0,0,1,,,,,,21-25,16-25,County road,R,Sunday,,OTHVT,Not Fatal,0,1,1,0,County Road,County Sheriff,Ferry County Sheriff's Office,0,0,1,0,0,,,,,,0,0,0,,,,,,,,,,,0,0,0,0,,,,,17,7,,,,,,,,1,0,,,LAKE ELLEN RD,0.1,,
2020,236,634900,38,07-18-2020,12:55,18,7,July,,59,Skamania,0,1,,1,1,2,1,0,1,1,,,,24,0,0,No vehicle,9999.8,1,0,1,No intersection,5,1,64,8,0,0,0,0,USFS 90 RD,,-122.2309167,46.05845278,,0,1,2,Control/Traction Loss,13,2,25,80,0,0,1,2,24,3,2,2,1,14,Making a U turn,1,1,41,,0,20,2,2007,0,,63,69,68,64,1,,1,1,27,2,0,,0,0,1,0,11,0,,,,,0,0,0,0,1,0,,,,96,,,,,,9,,,,,,98325,53,65,140,3,7,0,0,0,0,,97,,,,,,3,,,1,0,0,0,8,9,8,,,0,,,8,1,2,402,996,,1,1,,2,1,0.19,,,,,,,,,,,,,,,,,,,,,,,,,,,,,,0,0,0,0,1,1,1,1,0,0,0,0,1,1,0,0,0,0,0,1,0,0,0,0,0,0,0,0,0,1,0,0,0,0,0,,0,0,0,0,0,1,1,1,0,1,0,1,0,0,0,1,,,,,,26-30,26-35,County road,R,Friday,Belt Used,PV,Not Fatal,0,1,0,0,County Road,County Sheriff,Jefferson County Sheriff's Office,1,0,1,0,0,,,,,,0,0,0,,,,,,,,,,,98,98,98,0,,,,,20,7,,,,,,,,1,0,,,CENTER RD,4.658,,
2021,236,635726,14,07-11-2021,22:08,11,7,July,,11,Clark,0,1,,2,1,2,1,0,2,2,,,,12,0,1,Front-to-Rear,2.3,3,0,3,T Intersection,4,1,2,4,0,0,20,3,CR-NE 159TH ST,NE 172ND AVE,-122.4957889,45.73769444,98606,0,2,25,Others,53,3,50,4,0,0,1,2,12,1,1,2,1,10,Others,1,1,53,,0,20,25,2017,0,,63,1,3,,,,1,1,25,8,0,,2,0,99,7,11,5,,,,,0,0,0,3,1,39,91,,,96,,,,,,9,,,,,,98103,53,72,180,6,1,0,1,0,2,,1,2,11,,,,0,06-15-2016,06-15-2016,99,9,0,0,8,2,8,,,0,,,8,1,2,605,,,1,,,2,1,0.11,,,,,,,,,,,,,,,,,,,,,,,,,,,,,,0,0,1,1,1,1,1,1,1,0,0,0,0,0,0,0,0,0,0,0,0,0,0,1,1,0,0,0,0,1,0,0,0,0,0,,0,0,0,0,0,1,1,1,0,0,0,0,0,0,0,1,,,,,,21-25,16-25,City street,U,Thursday,Unknown,PV,Not Fatal,1,0,0,0,City Street,Municipal/City Police,Tukwila Police Department,0,0,0,1,0,thc,19,carboxy-thc,888,,0,0,0,,,,,,,,,,,98,98,98,0,,,,,20,7,,,,,,,,1,0,,,,,,
2021,236,635725,14,07-11-2021,22:08,11,7,July,,11,Clark,0,1,,2,1,2,1,0,2,2,,,,12,0,1,Front-to-Rear,2.3,3,0,3,T Intersection,4,1,2,4,0,0,0,0,CR-NE 159TH ST,NE 172ND AVE,-122.4957889,45.73769444,98606,0,1,24,Others,51,3,35,6,0,0,1,2,12,1,1,2,1,1,Going Straight,1,2,53,,0,63,401,2014,0,,8,,,,,,1,1,18,2,0,,0,0,3,0,11,0,,,,,0,0,3,3,1,0,,,,96,,,,,,0,,,,,,98082,53,63,157,6,1,0,0,0,0,,0,,,,,,0,,,20,0,0,0,8,9,8,,,0,,,8,8,0,0,,,0,,,0,0,996,,,,,,,,,,,,,,,,,,,,,,,,,,,,,,0,0,0,0,0,0,0,0,0,1,0,1,0,0,0,0,0,0,0,0,0,1,1,0,1,0,0,0,0,1,0,1,0,0,0,,0,0,0,0,0,0,0,0,0,0,0,0,0,0,0,0,,,,,,18-20,16-25,State route,U,Friday,Belt Used,PV,Not Fatal,0,0,0,0,State Route,State Patrol,Washington State Patrol,0,1,0,0,0,,,,,,0,0,0,,,,,,,,,,,98,98,98,0,,,,,20,7,,,,,,,,1,0,,,,,,
2019,236,634199,4,07-06-2019,16:41,6,7,July,,65,Stevens,0,1,0,1,1,2,1,0,3,2,,,,12,0,2,Front-to-Front,201.3,1,0,1,No intersection,3,1,1,2,0,0,0,0,US-395,,-117.6602083,48.14169722,99181,0,2,51,Lateral Move(Going Straight),62,4,60,14,0,0,1,7,1,2,2,2,1,14,Making a U turn,2,2,53,,0,48,34,2018,0,,12,,,,,,1,1,73,1,0,,1,0,3,0,11,0,,,,,0,0,0,3,1,0,,,,96,,,,,,8,,,,,,98055,53,70,175,6,1,0,0,0,0,,0,,,,,,0,,,8,0,0,0,8,9,8,,,0,,,8,8,0,0,,,0,,,0,0,996,,,,,,,,,,,,,,,,,,,,,,,,,,,,,,0,0,0,1,0,0,1,1,1,0,0,0,0,1,1,0,0,0,0,0,0,1,1,0,1,1,1,0,1,1,0,0,0,0,0,,0,0,0,0,0,0,0,0,0,0,0,0,0,0,0,0,,,,,,71-75,66-75,City street,U,Tuesday,Belt Used,PV,Not Fatal,1,0,0,0,City Street,Municipal/City Police,Renton Police Department,0,0,0,1,0,,,,,,0,0,0,,,,,,,,,,,98,98,98,0,,,,,20,7,,,,,,,,1,0,,,,,,
2019,236,634198,4,07-06-2019,16:41,6,7,July,,65,Stevens,0,1,0,1,1,2,1,0,3,2,,,,12,0,2,Front-to-Front,201.3,1,0,1,No intersection,3,1,1,2,0,0,0,0,US-395,,-117.6602083,48.14169722,99181,0,1,50,Lateral Move(Left/Right),10,2,60,4,0,0,1,7,12,3,2,2,1,14,Making a U turn,1,2,53,,0,72,706,2005,0,,12,,,,,,1,1,20,1,7,,4,7,20,7,11,0,04/21/2020,08:53,1.83E+11,19473,0,0,0,2,1,0,,,,0,,,,,,8,,,,,,98055,53,70,237,1,1,0,0,2,0,,0,,,,,,0,03-15-2018,09-15-2019,20,8,0,0,0,9,8,,,0,,,8,8,2,695,,,1,,,2,1,0,,,,,,,,,,,,,,,,,,,,,,,,,,,,,,0,0,0,1,0,0,1,1,1,0,0,0,0,1,1,0,0,0,0,0,0,1,1,0,1,1,1,0,1,1,0,0,0,0,1,0,0,0,0,0,0,0,1,1,0,0,0,1,0,0,1,0,,,,,,18-20,16-25,City street,U,Tuesday,,MC,White,1,0,0,0,City Street,Municipal/City Police,Renton Police Department,0,0,0,1,0,,,,,,0,0,1,,,,,,,,,,,0,0,0,1,,,,,5,0,,,,,,,,1,0,,,,,,
2018,236,633414,2,07-18-2018,13:10,18,7,July,0,57,Skagit,0,1,0,1,1,2,1,0,5,3,13:12,13:24,13:53,12,0,1,Front-to-Rear,221.2,1,0,1,No intersection,1,1,1,1,0,0,0,0,I-5,,-122.3353361,48.34145,98238,1,3,98,Others,53,3,70,4,0,0,1,5,12,1,1,3,3,2,Others,2,1,53,,0,76,705,2009,0,,63,38,,,,,1,1,32,1,7,,4,7,20,7,11,0,04/18/2020,00:20,2.37E+11,19080,0,0,0,2,1,0,,,,96,,,,,,98,,,,,,98663,53,64,140,6,1,0,0,2,2,,0,,,,,,3,12-15-2017,08-15-2019,20,8,0,0,0,9,8,,,0,,,8,8,2,1,,,1,,,2,1,0.139,,,,,,,,,,,,,,,,,,,,,,,,,,,,,,0,0,1,0,1,1,0,1,0,0,0,0,1,0,1,0,0,0,0,0,0,0,0,0,0,0,0,0,1,0,0,0,0,0,1,0,0,0,0,0,0,1,0,1,0,1,0,0,0,1,0,1,,,,,,31-35,26-35,City street,U,Saturday,,MC,API,0,1,0,0,City Street,Municipal/City Police,Vancouver Police Department,1,0,0,1,0,,,,,,0,0,0,,,,,,,,,,,0,0,0,68,,,,,19,0,,,,,,,,1,0,,,,,,
2018,236,633413,2,07-18-2018,13:10,18,7,July,0,57,Skagit,0,1,0,1,1,2,1,0,5,3,13:12,13:24,13:53,12,0,1,Front-to-Rear,221.2,1,0,1,No intersection,1,1,1,1,0,0,0,0,I-5,,-122.3353361,48.34145,98238,1,2,29,Others,53,3,70,14,0,0,1,2,12,1,1,3,3,2,Others,2,1,53,,0,18,18,1996,0,,63,59,31,1,,,1,1,34,2,1,,4,7,20,7,11,0,04/18/2020,15:27,2.59E+11,18319,0,0,0,2,1,0,,,,96,,,,,,9,,,,,,98902,53,61,120,1,1,0,1,0,0,,0,,,,,,4,02-15-2020,02-15-2020,20,1,9,0,0,9,8,,,0,,,8,1,2,401,417,,1,1,,2,1,0.304,,,,,,,,,,,,,,,,,,,,,,,,,,,,,,0,0,1,1,1,1,1,1,0,0,0,0,1,1,0,0,0,0,0,1,0,0,0,0,0,0,0,0,0,1,0,0,0,1,0,,1,0,0,0,0,1,1,1,0,1,0,1,0,0,0,1,,,,,,31-35,26-35,City street,U,Saturday,Not Used,PV,Hispanic,0,1,0,0,City Street,Municipal/City Police,Yakima Police Department,1,0,0,1,0,,,,,,0,0,0,,,,,,,,,,,0,0,0,203,201,,,,20,7,,,,,,,,1,0,,,,,,
2018,236,633412,2,07-18-2018,13:10,18,7,July,0,57,Skagit,0,1,0,1,1,2,1,0,5,3,13:12,13:24,13:53,12,0,1,Front-to-Rear,221.2,1,0,1,No intersection,1,1,1,1,0,0,0,0,I-5,,-122.3353361,48.34145,98238,1,1,28,Others,52,3,60,66,1,0,1,2,12,1,1,3,3,1,Going Straight,1,9,53,,0,35,402,2001,0,,63,52,30,,,,1,1,62,1,0,,1,0,3,0,11,0,,,,,0,0,3,2,1,0,,,,96,,,,,,9,,,,,,98584,53,72,185,2,1,0,0,0,0,,97,,,,,,0,04-15-2017,03-15-2018,8,0,0,0,8,9,8,,,0,,,1,8,2,167,695,605,1,1,1,2,1,0,,,,,,,,,,,,,,,,,,,,,,,,,,,,,,0,0,1,0,0,0,1,1,1,0,0,0,0,1,0,0,0,0,0,0,0,0,0,0,0,0,0,0,0,1,0,0,0,0,0,,0,0,0,0,0,0,1,1,0,0,0,1,0,0,1,0,,,,,,61-65,56-65,County road,R,Saturday,Belt Used,PV,Not Fatal,0,1,0,0,County Road,County Sheriff,Mason County Sheriff's Office,1,0,1,0,0,thc,13,carboxy-thc,100,,0,0,2,1,,,,,387,,,,,98,98,98,0,,,,,20,7,,,,,,,,1,0,,,AGATE RD,1.61,,
2017,236,632665,7,07-04-2017,07:25,4,7,July,5,33,King,1960,1,0,1,1,1,1,0,2,2,,,,25,0,0,No vehicle,0.2,5,1,1,No intersection,1,2,1,1,0,0,0,0,I-5 RAMP R116473,,-122.3195083,47.59439444,98104,0,2,98,Others,98,7,60,5,0,0,1,2,12,8,8,4,3,1,Going Straight,1,2,53,,0,12,471,2004,0,,63,1,42,,,,1,1,62,1,7,,4,7,3,0,11,0,04/14/2020,11:06,53017916,17916,0,0,0,3,1,0,,,,92,,,,,,0,,,,,,98922,53,75,200,6,1,0,0,0,0,,0,,,,,,0,,,20,0,0,0,0,9,8,,,0,,,8,8,0,0,,,0,,,0,0,996,,,,,,,,,,,,,,,,,,,,,,,,,,,,,,0,0,1,0,0,0,0,0,0,0,0,0,0,0,0,0,1,0,0,0,0,0,0,0,0,0,0,0,0,1,0,0,0,0,0,,1,0,0,0,0,0,0,0,1,0,0,0,0,0,0,0,,,,,,61-65,56-65,County road,R,Tuesday,Belt Used,PV,White,0,1,0,0,County Road,County Sheriff,Kittitas County Sheriff's Office,1,0,1,0,0,,,,,,0,0,0,,,,,,,,,,,98,98,98,1,,,,,20,7,,,,,,,,1,0,,,MIDDLE FORK TEANAWAY RD,0.5,,