year,something,Cases,repjur,crash_dt,crash_tm,accday,Month,Month,holiday,county,co_char,city,weather,weather2,lightcond,surfcond,surftype,Number of Fatalities,nmforms,pforms,vforms,not_tm,arr_tm,hosp_tm,fhevent,hitrun,Manner of Collision,Manner of Collision,milepnt,reljunc,reljuncinter,intersectiontype,Intersection Type,funcsystem,landuse,ownership,route,schlbus,spejur,contdev,devfunc,trafid1,trafid2,x,y,zipcode,wk_zone,vnumber,crashtype,Crash Type,criticalevent,criticaleventcat,spdlim,body,trailer,emerg,hazcargo,leave,mhevent,roadalgn,roadprof,traflane,trafflow,Vehicle Manure,Vehicle Manure,numoccs,regowner,regstate,,spuse,make,model,modelyr,vrf1,vrf2,seqevent1,seqevent2,seqevent3,seqevent4,seqevent5,seqevent6,pnumber,ptype,age,sex,hispanic,race,injury,diedscene,restraint,restraintmisuse,seatpos,takehosp,death_dt,death_tm,cert,cernum_wa,commlic,licendor,licrestrict,liccomp,drivpres,drf1,drf2,drf3,drf4,distract1,distract2,distract3,distract4,distract5,distract6,dricond1,dricond2,dricond3,dricond4,dricond5,dricond6,dzip,licstate,drhgt_in,weight,noncdl,noncdltype,prevdwi,prevoth,prevacc,prevspd,prevsus,driviol1,driviol2,driviol3,driviol4,driviol5,driviol6,spdrel,first_dt,last_dt,airbag,ejection,ejectpath,extricat,injurwrk,methalc,methdrug,nmlocat,strikveh,prf1,prf2,prf3,druginv,alcinvol,drugsts,drugres1,drugres2,drugres3,drugtst1,drugtst2,drugtst3,alcsts,alctst,alcres,nmact1,nmact2,nmact3,nmact4,nmact5,nmact6,nmprior1,nmprior2,nmprior3,nmprior4,nmprior5,nmprior6,nmcond1,nmcond2,nmcond3,nmcond4,nmcond5,nmcond6,nmsafe_helmet,nmsafe_pads,nmsafe_oth,nmprev_ref,nmprev_lgt,nmprev_oth,crashlocation,nmcrashtype,crosswalk,schoolzone,sidewalk,train_inv,wildlife_inv,rotr_fars,intersect_fars,Drink and Drive,aid_inv,Drug Positive Drivers,Impaired Drivers,Marijuana Positive,impnm_inv,ainm_inv,dpnm_inv,speed_inv,unlic_inv,unendmc_inv,drowsy_inv,drdist_inv,nmdist_inv,fty_inv,unrestfat_inv,dr1617_inv,dr1820_inv,dr1620_inv,dr2125_inv,dr1625_inv,dr65_inv,dr70_inv,dr75_inv,mc_inv,pv_inv,ht_inv,ped_inv,bike_inv,unrest_fat,mc_fat,unhelmet_mc,pv_fat,ht_fat,ped_fat,bike_fat,dr_alc7,dr_alc8,dr_drug,dr_imp,dr_dist,dr_spd,dr_fty,dr_unlic,dr_alc7only,dr_alc8only,dr_drugonly,dr_drink,nm_imp,nm_alc7,nm_alc8,nm_drug,nm_dist,agegrp1,agegrp2,roadclass,urbrur,dayweek,restuse,vehtype,race_me,intersect,lanedep,oppdir,wrongway,rep_typ,investag,repag_long,rotr,st_rd,cty_rd,city_rd,oth_rd,drug_thc,thc_res,drug_cthc,cthc_res,drug_cann,prevpersemin,prevperse,prevsusoth,drugtst4,drugtst5,drugtst6,drugtst7,drugtst8,drugres4,drugres5,drugres6,drugres7,drugres8,adspresent,adsengaged,adslevel,race1,race2,race3,race4,race5,helmet,helmetmisuse,nmdistract1,nmdistract2,nmdistract3,nmdistract4,nmdistract5,nmdistract6,lab,isedtcase,crf1,crf2,crf3,CoRoadName,CoMP,IntCoRoadName,IntCoMP
2017,236,632664,7,07-04-2017,07:25,4,7,July,5,33,King,1960,1,0,1,1,1,1,0,2,2,,,,25,0,0,No vehicle,0.2,5,1,1,No intersection,1,2,1,1,0,0,0,0,I-5 RAMP R116473,,-122.3195083,47.59439444,98104,0,1,1,Driver Off Road,13,2,40,80,0,0,1,2,12,3,2,2,4,14,Making a U turn,1,2,53,,0,76,705,2007,0,,68,64,53,35,30,,1,1,19,1,7,,4,7,20,7,11,0,04/18/2020,16:04,53018432,18432,0,0,0,3,1,0,,,,92,,,,,,98,,,,,,98266,53,71,185,6,1,0,0,0,1,,0,,,,,,4,07-15-2019,07-15-2019,20,8,0,0,0,9,8,,,0,,,8,8,2,1,,,1,,,2,1,0,,,,,,,,,,,,,,,,,,,,,,,,,,,,,,0,0,1,0,0,0,0,0,0,0,0,0,1,0,0,0,1,0,0,0,0,1,1,0,1,0,0,0,1,0,0,0,0,0,1,0,0,0,0,0,0,0,0,0,1,1,0,0,0,0,0,0,,,,,,18-20,16-25,County road,R,Saturday,,MC,White,0,1,0,0,County Road,State Patrol,Washington State Patrol,1,0,1,0,0,,,,,,0,0,0,,,,,,,,,,,0,0,0,1,,,,,5,0,,,,,,,,1,0,,,SOUTH PASS RD,1.96,,
2020,237,634902,6,07-18-2020,19:35,18,7,July,,17,Douglas,0,1,,1,1,2,1,0,3,2,19:34,19:45,20:49,12,0,6,Angle,20,1,0,1,No intersection,3,1,1,3,0,0,0,0,SR-28,,-120.0658917,47.27953056,,0,2,98,Others,62,4,60,34,0,0,1,2,12,4,2,2,1,14,Making a U turn,1,1,53,,0,72,706,2012,0,,12,,,,,,1,1,62,1,7,,4,7,20,7,11,0,04/17/2020,15:20,53019515,19515,0,0,0,3,1,0,,,,96,,,,,,0,,,,,,98223,53,70,200,6,1,0,0,0,0,,0,,,,,,0,,,20,8,0,0,0,9,8,,,0,,,8,8,2,1,,,1,,,2,1,0.041,,,,,,,,,,,,,,,,,,,,,,,,,,,,,,0,0,0,1,1,0,0,0,0,0,0,0,0,1,0,0,0,0,1,0,0,0,0,0,0,0,0,0,1,1,0,0,0,0,1,0,0,0,0,0,1,0,0,0,0,0,0,0,1,0,0,1,,,,,,61-65,56-65,State route,R,Friday,,MC,White,1,0,0,0,State Route,State Patrol,Washington State Patrol,0,1,0,0,0,,,,,,0,0,0,,,,,,,,,,,0,0,0,1,,,,,5,0,,,,,,,,1,0,,,,,,
2020,237,634901,6,07-18-2020,19:35,18,7,July,,17,Douglas,0,1,,1,1,2,1,0,3,2,19:34,19:45,20:49,12,0,6,Angle,20,1,0,1,No intersection,3,1,1,3,0,0,0,0,SR-28,,-120.0658917,47.27953056,,0,1,98,Others,13,2,60,4,0,0,1,2,12,4,2,2,1,14,Making a U turn,2,1,53,,0,2,404,2006,0,,12,,,,,,1,1,29,1,0,,0,0,3,0,11,0,,,,,0,0,0,2,1,38,,,,96,,,,,,0,,,,,,98282,53,70,185,1,1,0,1,0,0,,46,,,,,,0,06-15-2015,06-15-2018,20,0,0,0,8,3,8,,,0,,,8,8,0,0,,,0,,,0,0,996,,,,,,,,,,,,,,,,,,,,,,,,,,,,,,0,0,0,1,1,0,0,0,0,0,0,0,0,1,0,0,0,0,1,0,0,0,0,0,0,0,0,0,1,1,0,0,0,0,0,,0,0,0,0,0,0,0,0,0,0,1,1,0,0,0,0,,,,,,26-30,26-35,State route,R,Friday,Belt Used,PV,Not Fatal,1,0,0,0,State Route,State Patrol,Washington State Patrol,0,1,0,0,0,,,,,,0,0,6,,,,,,,,,,,98,98,98,0,,,,,20,7,,,,,,,,1,0,,,,,,
2019,237,634202,172,07-17-2019,12:00,17,7,July,,61,Snohomish,1120,1,0,1,1,2,1,0,5,2,,,,12,0,2,Front-to-Front,1.6,1,0,1,No intersection,3,2,1,3,0,0,4,3,SR-204,,-122.1199028,47.996125,98258,0,2,51,Lateral Move(Going Straight),62,4,55,14,0,0,1,7,12,1,3,3,1,1,Going Straight,4,2,53,,0,37,421,2015,0,,12,,,,,,1,1,52,1,0,,2,0,3,0,11,0,,,,,0,0,0,3,1,0,,,,96,,,,,,0,,,,,,98586,53,72,190,6,1,0,2,0,2,,0,,,,,,0,10-15-2015,09-15-2016,8,0,0,0,8,3,8,,,0,,,8,8,0,0,,,0,,,0,0,996,,,,,,,,,,,,,,,,,,,,,,,,,,,,,,0,0,0,1,0,0,1,1,0,0,0,0,0,1,0,0,0,0,1,0,0,0,0,0,0,1,0,0,0,1,0,0,0,0,0,,0,0,0,0,0,0,0,0,0,0,0,0,0,0,0,0,,,,,,51-55,46-55,US highway,R,Monday,Belt Used,PV,Not Fatal,1,0,0,0,State Route,State Patrol,Washington State Patrol,0,1,0,0,0,,,,,,0,0,0,,,,,,,,,,,98,98,98,0,,,,,20,7,,,,,,,,1,0,,,,,,
2019,237,634201,172,07-17-2019,12:00,17,7,July,,61,Snohomish,1120,1,0,1,1,2,1,0,5,2,,,,12,0,2,Front-to-Front,1.6,1,0,1,No intersection,3,2,1,3,0,0,0,0,SR-204,,-122.1199028,47.996125,98258,0,1,50,Lateral Move(Left/Right),10,2,98,5,0,0,1,7,12,1,3,3,1,1,Going Straight,1,2,53,,0,52,46,2008,0,,12,,,,,,1,1,67,1,7,,4,7,3,0,11,0,03-09-2020,21:42,53011719,11719,0,0,3,2,1,38,,,,96,,,,,,98,,,,,,98579,53,73,222,1,1,0,1,1,0,,0,,,,,,0,12-15-2017,12-15-2017,8,0,0,0,0,9,8,,,0,,,8,8,2,401,417,,1,1,,2,1,0,,,,,,,,,,,,,,,,,,,,,,,,,,,,,,0,0,0,1,0,0,1,1,0,0,0,0,0,1,0,0,0,0,1,0,0,0,0,0,0,1,0,0,0,1,0,0,0,0,0,,1,0,0,0,0,0,1,1,0,0,1,1,0,0,1,0,,,,,,66-70,66-75,US highway,R,Monday,Belt Used,PV,White,1,0,0,0,State Route,State Patrol,Washington State Patrol,0,1,0,0,0,,,,,,0,0,1,,,,,,,,,,,98,98,98,1,,,,,20,7,,,,,,,,1,0,,,,,,
2018,237,633421,35,07-19-2018,14:54,19,7,July,0,53,Pierce,0,1,0,1,1,2,2,0,6,3,14:55,15:09,,12,0,2,Front-to-Front,3.2,2,0,2,4 Way,4,2,2,4,0,0,20,3,CR-GOLDEN GIVEN RD E,85TH ST E,-122.4156806,47.17999167,98445,0,3,98,Others,90,6,35,4,0,0,1,7,54,1,1,2,1,5,Others,2,1,53,,0,73,706,1999,0,,12,,,,,,1,1,66,1,1,,4,7,20,7,11,0,04-09-2020,18:58,53016506,16506,0,0,0,2,1,0,,,,96,,,,,,0,,,,,,99301,53,68,150,6,1,0,1,0,0,,0,,,,,,0,10-15-2019,10-15-2019,20,8,0,0,0,9,8,,,0,,,8,8,2,1,,,1,,,2,1,0,,,,,,,,,,,,,,,,,,,,,,,,,,,,,,0,0,0,1,1,0,0,0,0,0,0,0,0,0,1,0,1,0,1,0,0,0,0,1,1,1,0,0,1,1,0,0,0,0,1,0,0,0,0,0,0,0,0,0,0,0,0,0,0,0,0,0,,,,,,66-70,66-75,County road,R,Thursday,,MC,Hispanic,1,0,0,0,County Road,County Sheriff,Franklin County Sheriff's Office,0,0,1,0,0,,,,,,0,0,0,,,,,,,,,,,0,0,0,1,,,,,19,0,,,,,,,,1,0,,,PASCO-KAHLOTUS ROAD,1.96,CLARK ROAD,0
2018,237,633420,35,07-19-2018,14:54,19,7,July,0,53,Pierce,0,1,0,1,1,2,2,0,6,3,14:55,15:09,,12,0,2,Front-to-Front,3.2,2,0,2,4 Way,4,2,2,4,0,0,20,3,CR-GOLDEN GIVEN RD E,85TH ST E,-122.4156806,47.17999167,98445,0,2,82,Turn Into Opp Direction(Turning Left),66,4,35,4,0,0,1,7,12,1,1,2,1,11,Turning Red: Permitted on red,2,1,53,,0,20,2,2006,0,,12,,,,,,1,1,24,1,0,,0,0,3,0,11,0,,,,,0,0,0,3,1,38,,,,92,,,,,,98,,,,,,99301,53,66,130,6,1,0,1,0,1,,97,,,,,,0,10-15-2016,08-15-2016,1,0,0,0,8,9,8,,,0,,,8,8,2,1,,,1,,,2,1,0.016,,,,,,,,,,,,,,,,,,,,,,,,,,,,,,0,0,0,1,1,0,0,0,0,0,0,0,0,0,1,0,1,0,1,0,0,0,0,1,1,1,0,0,1,1,0,0,0,0,0,,0,0,0,0,1,0,0,0,1,0,1,0,1,0,0,1,,,,,,21-25,16-25,County road,R,Thursday,Belt Used,PV,Not Fatal,1,0,0,0,County Road,County Sheriff,Franklin County Sheriff's Office,0,0,1,0,0,,,,,,0,0,1,,,,,,,,,,,98,98,98,0,,,,,20,7,,,,,,,,1,0,,,PASCO-KAHLOTUS ROAD,1.96,CLARK ROAD,0
2018,237,633419,35,07-19-2018,14:54,19,7,July,0,53,Pierce,0,1,0,1,1,2,2,0,6,3,14:55,15:09,,12,0,2,Front-to-Front,3.2,2,0,2,4 Way,4,2,2,4,0,0,20,3,CR-GOLDEN GIVEN RD E,85TH ST E,-122.4156806,47.17999167,98445,0,1,83,Others,17,2,35,80,0,0,1,7,12,1,1,2,1,1,Going Straight,2,2,53,,0,53,706,2013,0,,63,25,1,,,,1,1,30,1,7,,4,0,20,7,11,5,04-11-2020,07:15,1.96E+11,16945,0,0,3,2,1,0,,,,96,,,,,,9,,,,,,98011,53,72,170,1,1,0,2,1,0,,0,,,,,,3,04-15-2015,05-15-2018,20,8,0,0,0,9,8,,,0,,,1,8,2,401,417,348,1,1,1,2,1,0,,,,,,,,,,,,,,,,,,,,,,,,,,,,,,0,0,1,0,0,0,1,1,0,0,0,0,1,1,1,0,0,0,0,0,0,0,0,0,0,0,0,0,1,0,0,0,0,0,1,0,0,0,0,0,0,0,1,1,0,1,0,1,0,0,1,0,,,,,,26-30,26-35,Interstate,U,Friday,,MC,White,0,1,0,0,State Route,State Patrol,Washington State Patrol,1,1,0,0,0,,,,,,0,0,5,1,,,,,177,,,,,0,0,0,1,,,,,5,0,,,,,,,,1,0,,,,,,
2017,237,632649,2,07-04-2017,12:52,4,7,July,5,57,Skagit,0,1,0,1,1,2,1,0,1,1,12:49,13:03,13:27,11,0,0,No vehicle,1.2,1,0,1,No intersection,7,1,2,4,0,0,0,0,CR-MUD LAKE,,-122.2584222,48.458325,98273,0,1,13,Pedestrian/Animal,87,6,35,80,0,0,1,5,11,1,1,2,1,1,Going Straight,1,1,53,,0,23,421,2004,0,,63,69,68,64,39,1,1,1,38,2,7,,4,7,20,7,11,0,04-10-2020,19:30,53018073,18073,0,0,0,2,1,0,,,,96,,,,,,9,,,,,,98610,53,69,145,1,1,0,1,1,0,,0,,,,,,0,07-15-2015,07-15-2015,8,1,9,0,0,9,8,,,0,,,1,8,2,996,401,417,1,1,1,2,1,0,,,,,,,,,,,,,,,,,,,,,,,,,,,,,,0,0,0,0,0,0,1,1,1,0,0,0,0,1,0,0,0,0,0,1,0,0,0,0,0,0,0,0,0,1,0,0,0,1,0,,1,0,0,0,0,0,1,1,0,0,0,1,0,0,1,0,,,,,,36-40,36-45,State route,R,Friday,Not Used,PV,White,0,1,0,0,State Route,State Patrol,Washington State Patrol,1,1,0,0,0,thc,17,carboxy-thc,23,,0,0,0,1,1,1,,,189,188,695,605,151,98,98,98,1,,,,,20,7,,,,,,,nms,1,0,,,,,,
2017,238,632661,6,07-06-2017,11:21,6,7,July,0,47,Okanogan,0,1,0,1,1,2,2,0,3,2,,,,12,0,2,Front-to-Front,8.8,1,0,1,No intersection,4,1,1,3,0,0,0,0,SR-153,,-120.0128444,48.10285833,98846,0,2,51,Lateral Move(Going Straight),62,4,55,66,1,0,1,2,12,2,2,2,1,14,Making a U turn,1,3,16,,0,72,706,2006,0,,63,18,1,,,,1,1,61,2,7,,4,7,20,7,11,0,04/13/2020,16:19,53017654,17654,0,0,3,3,1,0,,,,92,,,,,,98,,,,,,98926,53,65,145,6,1,0,0,0,0,,0,,,,,,0,,,20,8,0,0,0,9,8,,,0,,,8,8,2,1,,,1,,,2,1,0,,,,,,,,,,,,,,,,,,,,,,,,,,,,,,0,0,1,0,0,0,0,0,0,0,0,0,0,0,0,0,1,0,0,0,0,0,0,0,0,0,0,0,1,0,0,0,0,0,1,0,0,0,0,0,0,0,0,0,1,0,0,0,0,0,0,0,,,,,,61-65,56-65,County road,R,Monday,,MC,White,0,1,0,0,County Road,County Sheriff,Snohomish County Sheriff's Office,1,0,1,0,0,,,,,,0,0,0,,,,,,,,,,,0,0,0,1,,,,,19,0,,,,,,,,1,0,,,PIONEER HWY,2.98,,
2018,238,633451,2,07-01-2018,16:06,1,7,July,0,61,Snohomish,0,1,0,1,1,2,1,0,7,5,16:03,16:07,16:35,12,0,2,Front-to-Front,208.2,1,0,1,No intersection,1,1,1,1,0,0,0,0,I-5,,-122.1965389,48.18052222,9223,0,2,51,Lateral Move(Going Straight),54,3,70,4,0,0,1,2,12,1,1,3,3,1,Going Straight,3,2,41,,0,72,706,2017,0,,12,,,,,,1,1,48,1,0,,2,0,20,7,11,0,,,,,0,0,0,3,1,0,,,,96,,,,,,0,,,,,,98382,53,67,180,6,1,0,0,0,0,,0,,,,,,0,,,20,8,0,0,8,9,8,,,0,,,8,8,0,0,,,0,,,0,0,996,,,,,,,,,,,,,,,,,,,,,,,,,,,,,,0,0,1,0,1,1,0,1,0,0,0,0,1,0,0,0,0,0,0,0,0,0,0,0,0,0,0,0,1,0,0,0,0,0,0,0,0,0,0,0,0,0,0,0,0,0,0,0,0,0,0,0,,,,,,46-50,46-55,County road,U,Thursday,,MC,Not Fatal,0,1,0,0,County Road,County Sheriff,Clark County Sheriff's Office,1,0,1,0,0,,,,,,0,0,0,,,,,,,,,,,0,0,0,0,,,,,5,0,,,,,,,,1,0,,,NE WARD RD,0.46,,
2021,238,635727,36,07-17-2021,07:36,17,7,July,,55,San Juan,0,1,,2,1,2,1,0,1,1,,,,35,0,0,No vehicle,,1,0,1,No intersection,5,1,2,4,0,0,0,0,CR-TERRILL BEACH RD,,-122.8847111,48.70279722,98245,0,1,1,Driver Off Road,13,2,35,4,0,0,1,2,3,3,8,2,1,14,Making a U turn,1,1,53,,0,72,706,1997,0,,64,33,42,69,12,,1,1,52,2,7,,4,7,20,7,11,0,04-09-2020,19:41,53017368,17368,0,0,0,3,1,0,,,,96,,,,,,98,,,,,,98682,53,63,160,6,1,0,0,0,0,,0,,,,,,3,,,20,8,0,0,0,9,8,,,0,,,8,8,2,1,,,1,,,2,1,0.092,,,,,,,,,,,,,,,,,,,,,,,,,,,,,,0,0,1,0,1,1,0,1,0,0,0,0,1,0,0,0,0,0,0,0,0,0,0,0,0,0,0,0,1,0,0,0,0,0,1,0,0,0,0,0,0,1,0,1,0,1,0,0,0,1,0,1,,,,,,51-55,46-55,County road,U,Thursday,,MC,White,0,1,0,0,County Road,County Sheriff,Clark County Sheriff's Office,1,0,1,0,0,,,,,,0,0,0,,,,,,,,,,,0,0,0,1,,,,,5,0,,,,,,,,1,0,,,NE WARD RD,0.46,,
2019,238,634204,8,07-10-2019,06:59,10,7,July,,45,Mason,0,2,0,1,2,2,1,0,2,2,,,,12,0,6,Angle,346.1,1,0,1,No intersection,3,1,1,2,0,0,0,0,US-101,,-123.127175,47.20284722,98584,0,2,66,Specific Other,62,4,60,4,0,0,1,7,12,1,1,2,1,1,Going Straight,1,2,53,,0,55,401,2017,0,,8,,,,,,1,1,56,1,0,,0,0,3,0,11,0,,,,,0,0,0,3,1,0,,,,96,,,,,,0,,,,,,98661,53,66,155,6,1,0,1,1,4,,0,,,,,,0,05-15-2015,05-15-2019,20,0,0,0,8,9,8,,,0,,,8,8,0,0,,,0,,,0,0,996,,,,,,,,,,,,,,,,,,,,,,,,,,,,,,0,0,0,0,0,0,0,0,0,1,0,1,0,0,0,0,0,0,0,0,0,0,0,0,0,0,0,0,0,1,0,1,0,0,0,,0,0,0,0,0,0,0,0,0,0,0,0,0,0,0,0,,,,,,56-60,56-65,County road,R,Monday,Belt Used,PV,Not Fatal,0,0,0,0,County Road,County Sheriff,Clark County Sheriff's Office,0,0,1,0,0,,,,,,0,0,0,,,,,,,,,,,98,98,98,0,,,,,20,7,,,,,,,,1,0,,,NE 72ND AVE,6.54,,
2019,238,634203,8,07-10-2019,06:59,10,7,July,,45,Mason,0,2,0,1,2,2,1,0,2,2,,,,12,0,6,Angle,346.1,1,0,1,No intersection,3,1,1,2,0,0,0,0,US-101,,-123.127175,47.20284722,98584,0,1,66,Specific Other,6,1,60,34,0,0,1,7,12,1,1,2,1,1,Going Straight,1,2,53,,0,55,36,2002,0,,63,1,,,,,1,1,20,1,0,,2,0,20,7,11,0,,,,,0,0,3,2,1,58,,,,96,,,,,,9,,,,,,98837,53,77,180,1,1,0,0,1,0,,97,,,,,,4,08-15-2017,04-15-2019,20,0,0,0,8,9,8,,,0,,,8,1,2,695,605,402,1,1,1,2,1,0.12,,,,,,,,,,,,,,,,,,,,,,,,,,,,,,0,0,0,0,1,1,1,1,1,0,0,0,1,1,0,0,0,0,0,1,0,1,1,0,1,0,0,0,0,1,0,0,0,0,0,,0,0,0,0,0,1,1,1,0,1,0,1,0,0,0,1,,,,,,18-20,16-25,County road,R,Monday,Not Used,PV,Not Fatal,0,1,0,0,County Road,County Sheriff,Grant County Sheriff's Office,1,0,1,0,0,thc,6.7,carboxy-thc,54,,0,0,2,1,,,,,407,,,,,98,98,98,0,,,,,20,7,,,,,,,,1,0,,,16 NE,5.775,,
2018,238,633454,2,07-01-2018,16:06,1,7,July,0,61,Snohomish,0,1,0,1,1,2,1,0,7,5,16:03,16:07,16:35,12,0,2,Front-to-Front,208.2,1,0,1,No intersection,1,1,1,1,0,0,0,0,I-5,,-122.1965389,48.18052222,9223,0,5,98,Others,90,6,70,14,0,0,1,5,54,1,1,3,3,1,Going Straight,1,1,53,,0,32,45,2002,0,,68,68,63,1,,,1,1,25,1,0,,1,0,20,7,11,5,,,,,0,0,0,3,1,8,,,,96,,,,,,9,,,,,,98043,53,68,135,6,1,0,1,0,0,,97,,,,,,4,02-15-2018,02-15-2018,8,1,9,0,8,9,8,,,0,,,8,1,2,401,,,1,,,2,1,0.099,,,,,,,,,,,,,,,,,,,,,,,,,,,,,,0,0,0,0,1,1,1,1,0,0,0,0,1,0,0,0,0,0,0,0,0,0,0,1,1,0,0,0,0,1,0,0,0,0,0,,0,0,0,0,0,1,1,1,0,1,0,0,0,0,0,1,,,,,,21-25,16-25,County road,R,Friday,Not Used,PV,Not Fatal,0,1,0,0,County Road,County Sheriff,Snohomish County Sheriff's Office,1,0,1,0,0,,,,,,0,0,0,,,,,,,,,,,98,98,98,0,,,,,20,7,,,,,,,,1,0,,,80TH AVE NW,0.957,,
2018,238,633453,2,07-01-2018,16:06,1,7,July,0,61,Snohomish,0,1,0,1,1,2,1,0,7,5,16:03,16:07,16:35,12,0,2,Front-to-Front,208.2,1,0,1,No intersection,1,1,1,1,0,0,0,0,I-5,,-122.1965389,48.18052222,9223,0,4,98,Others,90,6,70,14,0,0,1,5,54,1,1,3,3,1,Going Straight,1,1,53,,0,12,481,2005,0,,9,,,,,,1,1,35,1,0,,0,0,3,0,11,0,,,,,0,0,0,3,1,0,,,,96,,,,,,0,,,,,,98902,53,69,145,6,1,1,1,0,0,,0,,,,,,0,02-15-2016,02-15-2016,20,0,0,0,8,9,8,,,0,,,8,8,0,0,,,0,,,0,0,996,,,,,,,,,,,,,,,,,,,,,,,,,,,,,,0,0,0,0,0,0,0,0,0,1,0,1,0,0,0,0,0,0,0,0,0,0,0,0,0,0,0,0,0,1,0,0,1,0,0,,0,0,0,0,0,0,0,0,0,0,0,0,0,0,0,0,,,,,,31-35,26-35,City street,U,Sunday,Belt Used,PV,Not Fatal,0,0,0,0,City Street,Municipal/City Police,Yakima Police Department,0,0,0,1,0,,,,,,0,1,0,,,,,,,,,,,98,98,98,0,,,,,20,7,,,,,,,,1,0,,,,,,
2018,238,633452,2,07-01-2018,16:06,1,7,July,0,61,Snohomish,0,1,0,1,1,2,1,0,7,5,16:03,16:07,16:35,12,0,2,Front-to-Front,208.2,1,0,1,No intersection,1,1,1,1,0,0,0,0,I-5,,-122.1965389,48.18052222,9223,0,3,98,Others,90,6,70,4,0,0,1,5,54,1,1,3,3,1,Going Straight,1,2,53,,0,37,441,2004,0,,9,,,,,,1,1,44,2,0,,0,0,3,0,11,0,,,,,0,0,0,3,1,38,,,,92,,,,,,0,,,,,,98005,53,63,130,6,1,0,0,0,0,,97,,,,,,0,,,20,0,0,0,8,3,8,,,0,,,8,8,0,0,,,0,,,0,0,996,,,,,,,,,,,,,,,,,,,,,,,,,,,,,,0,0,0,1,0,0,0,0,0,0,0,0,0,0,0,0,1,0,1,0,0,0,0,0,0,0,0,0,0,1,0,0,1,0,0,,0,0,0,0,0,0,0,0,1,0,1,0,0,0,0,0,,,,,,41-45,36-45,City street,U,Sunday,Belt Used,PV,Not Fatal,1,0,0,0,City Street,Municipal/City Police,Bellevue Police Department,0,0,0,1,0,,,,,,0,0,0,,,,,,,,,,,98,98,98,0,,,,,20,7,,,,,,,,1,0,,,,,,
2018,238,633450,2,07-01-2018,16:06,1,7,July,0,61,Snohomish,0,1,0,1,1,2,1,0,7,5,16:03,16:07,16:35,12,0,2,Front-to-Front,208.2,1,0,1,No intersection,1,1,1,1,0,0,0,0,I-5,,-122.1965389,48.18052222,9223,0,1,50,Lateral Move(Left/Right),54,3,98,14,0,0,1,2,12,1,1,3,3,1,Going Straight,1,2,53,,5,12,401,2016,0,,12,,,,,,1,1,46,1,0,,0,0,3,0,11,0,,,,,0,0,0,3,1,16,,,,96,,,,,,0,,,,,,98532,53,69,220,6,1,0,0,1,0,,0,,,,,,0,08-15-2015,08-15-2015,8,0,0,0,8,9,8,,,0,,,8,8,0,0,,,0,,,0,0,996,,,,,,,,,,,,,,,,,,,,,,,,,,,,,,0,0,0,1,0,0,0,0,0,0,0,0,0,0,0,0,0,0,1,0,0,0,0,0,0,0,0,0,0,1,0,0,0,0,0,,0,0,0,0,0,0,0,0,0,0,0,0,0,0,0,0,,,,,,46-50,46-55,County road,U,Friday,Belt Used,PV,Not Fatal,1,0,0,0,County Road,State Patrol,Washington State Patrol,0,0,1,0,0,,,,,,0,0,0,,,,,,,,,,,98,98,98,0,,,,,20,7,,,,,,,,1,0,,,112 ST S,6.63,B ST S,0
2017,238,632660,6,07-06-2017,11:21,6,7,July,0,47,Okanogan,0,1,0,1,1,2,2,0,3,2,,,,12,0,2,Front-to-Front,8.8,1,0,1,No intersection,4,1,1,3,0,0,0,0,SR-153,,-120.0128444,48.10285833,98846,0,1,50,Lateral Move(Left/Right),10,2,55,62,0,0,1,2,12,3,2,2,1,14,Making a U turn,2,3,53,,0,37,31,1998,0,,12,,,,,,1,1,31,2,1,,4,8,3,0,11,4,04-10-2020,13:24,2.23E+11,17502,0,0,0,3,1,38,,,,96,,,,,,98,,,,,,98499,53,59,119,6,1,0,2,0,0,,0,,,,,,0,07-15-2015,06-15-2018,20,0,0,0,0,9,8,,,0,,,8,8,0,0,,,0,,,0,0,996,,,,,,,,,,,,,,,,,,,,,,,,,,,,,,0,0,0,1,0,0,0,0,0,0,0,0,0,0,0,0,0,0,1,0,0,0,0,0,0,0,0,0,0,1,0,0,0,0,0,,1,0,0,0,0,0,0,0,0,0,1,0,0,0,0,0,,,,,,31-35,26-35,County road,U,Friday,Belt Used,PV,Hispanic,1,0,0,0,County Road,State Patrol,Washington State Patrol,0,0,1,0,0,,,,,,0,0,0,,,,,,,,,,,0,0,0,98,,,,,20,7,,,,,,,,1,0,,,112 ST S,6.63,B ST S,0