year,something,Cases,repjur,crash_dt,crash_tm,accday,Month,Month,holiday,county,co_char,city,weather,weather2,lightcond,surfcond,surftype,Number of Fatalities,nmforms,pforms,vforms,not_tm,arr_tm,hosp_tm,fhevent,hitrun,Manner of Collision,Manner of Collision,milepnt,reljunc,reljuncinter,intersectiontype,Intersection Type,funcsystem,landuse,ownership,route,schlbus,spejur,contdev,devfunc,trafid1,trafid2,x,y,zipcode,wk_zone,vnumber,crashtype,Crash Type,criticalevent,criticaleventcat,spdlim,body,trailer,emerg,hazcargo,leave,mhevent,roadalgn,roadprof,traflane,trafflow,Vehicle Manure,Vehicle Manure,numoccs,regowner,regstate,,spuse,make,model,modelyr,vrf1,vrf2,seqevent1,seqevent2,seqevent3,seqevent4,seqevent5,seqevent6,pnumber,ptype,age,sex,hispanic,race,injury,diedscene,restraint,restraintmisuse,seatpos,takehosp,death_dt,death_tm,cert,cernum_wa,commlic,licendor,licrestrict,liccomp,drivpres,drf1,drf2,drf3,drf4,distract1,distract2,distract3,distract4,distract5,distract6,dricond1,dricond2,dricond3,dricond4,dricond5,dricond6,dzip,licstate,drhgt_in,weight,noncdl,noncdltype,prevdwi,prevoth,prevacc,prevspd,prevsus,driviol1,driviol2,driviol3,driviol4,driviol5,driviol6,spdrel,first_dt,last_dt,airbag,ejection,ejectpath,extricat,injurwrk,methalc,methdrug,nmlocat,strikveh,prf1,prf2,prf3,druginv,alcinvol,drugsts,drugres1,drugres2,drugres3,drugtst1,drugtst2,drugtst3,alcsts,alctst,alcres,nmact1,nmact2,nmact3,nmact4,nmact5,nmact6,nmprior1,nmprior2,nmprior3,nmprior4,nmprior5,nmprior6,nmcond1,nmcond2,nmcond3,nmcond4,nmcond5,nmcond6,nmsafe_helmet,nmsafe_pads,nmsafe_oth,nmprev_ref,nmprev_lgt,nmprev_oth,crashlocation,nmcrashtype,crosswalk,schoolzone,sidewalk,train_inv,wildlife_inv,rotr_fars,intersect_fars,Drink and Drive,aid_inv,Drug Positive Drivers,Impaired Drivers,Marijuana Positive,impnm_inv,ainm_inv,dpnm_inv,speed_inv,unlic_inv,unendmc_inv,drowsy_inv,drdist_inv,nmdist_inv,fty_inv,unrestfat_inv,dr1617_inv,dr1820_inv,dr1620_inv,dr2125_inv,dr1625_inv,dr65_inv,dr70_inv,dr75_inv,mc_inv,pv_inv,ht_inv,ped_inv,bike_inv,unrest_fat,mc_fat,unhelmet_mc,pv_fat,ht_fat,ped_fat,bike_fat,dr_alc7,dr_alc8,dr_drug,dr_imp,dr_dist,dr_spd,dr_fty,dr_unlic,dr_alc7only,dr_alc8only,dr_drugonly,dr_drink,nm_imp,nm_alc7,nm_alc8,nm_drug,nm_dist,agegrp1,agegrp2,roadclass,urbrur,dayweek,restuse,vehtype,race_me,intersect,lanedep,oppdir,wrongway,rep_typ,investag,repag_long,rotr,st_rd,cty_rd,city_rd,oth_rd,drug_thc,thc_res,drug_cthc,cthc_res,drug_cann,prevpersemin,prevperse,prevsusoth,drugtst4,drugtst5,drugtst6,drugtst7,drugtst8,drugres4,drugres5,drugres6,drugres7,drugres8,adspresent,adsengaged,adslevel,race1,race2,race3,race4,race5,helmet,helmetmisuse,nmdistract1,nmdistract2,nmdistract3,nmdistract4,nmdistract5,nmdistract6,lab,isedtcase,crf1,crf2,crf3,CoRoadName,CoMP,IntCoRoadName,IntCoMP
2020,238,634903,160,07-16-2020,22:00,16,7,July,,33,King,1030,1,,3,1,2,1,1,1,1,,,,8,1,0,No vehicle,9999.8,1,0,1,No intersection,3,2,4,6,0,0,0,0,CR-S 272ND ST,,-122.2800111,47.35782222,98032,0,1,13,Pedestrian/Animal,11,2,35,99,0,0,1,5,8,1,2,4,1,1,Going Straight,99,9,99,,0,12,481,2007,0,,64,1,,,,,1,1,52,2,7,,4,7,20,7,11,0,04-05-2020,10:16,1.87E+11,16087,0,0,0,3,1,58,,,,96,,,,,,9,,,,,,99141,53,62,176,6,1,0,0,0,0,,0,,,,,,0,,,8,1,9,0,9,1,8,,,0,,,1,1,2,695,605,,1,1,,2,1,0.257,,,,,,,,,,,,,,,,,,,,,,,,,,,,,,0,0,0,0,1,1,1,1,1,0,0,0,0,0,0,0,0,0,0,1,0,0,0,0,0,0,0,0,0,1,0,0,0,1,0,,1,0,0,0,0,1,1,1,0,0,0,0,0,0,0,1,,,,,,51-55,46-55,US highway,R,Sunday,Not Used,PV,White,0,1,0,0,State Route,State Patrol,Washington State Patrol,1,1,0,0,0,thc,10,carboxy-thc,58,,0,0,0,,,,,,,,,,,98,98,98,1,,,,,20,7,,,,,,,nms,1,0,,,,,,
2021,239,635730,146,07-13-2021,20:08,13,7,July,,77,Yakima,0,1,,1,1,2,1,0,3,2,,,,12,0,2,Front-to-Front,0.9,1,0,1,No intersection,6,1,2,4,0,0,0,0,CR-BUENA RD,,-120.3124694,46.4283,98953,0,2,51,Lateral Move(Going Straight),62,4,35,92,0,0,1,5,12,1,1,2,1,1,Going Straight,1,0,53,,0,99,999,9999,0,,8,,,,,,1,1,999,9,0,,0,0,99,7,11,0,,,,,99,9,9,9,1,0,,,,92,,,,,,98,,,,,,99999,99,,999,9,9,99,99,99,99,,97,,,,,,0,,,99,9,0,0,8,9,8,,,0,,,8,8,0,0,,,0,,,0,0,996,,,,,,,,,,,,,,,,,,,,,,,,,,,,,,0,0,0,0,0,0,0,0,0,1,0,1,0,0,0,0,1,0,0,0,0,0,0,0,0,0,0,0,0,0,0,1,0,0,0,,0,0,0,0,0,0,0,0,1,0,0,0,0,0,0,0,,,,,,,,State route,U,Friday,,NR-U,Not Fatal,0,0,0,0,State Route,Municipal/City Police,Everett Police Department,0,1,0,0,0,,,,,,99,99,99,,,,,,,,,,,98,98,98,0,,,,,20,7,,,,,,,,1,0,,,,,,
2021,239,635729,146,07-13-2021,20:08,13,7,July,,77,Yakima,0,1,,1,1,2,1,0,3,2,,,,12,0,2,Front-to-Front,0.9,1,0,1,No intersection,6,1,2,4,0,0,0,0,CR-BUENA RD,,-120.3124694,46.4283,98953,0,1,50,Lateral Move(Left/Right),10,2,35,4,0,0,1,2,12,1,1,2,1,1,Going Straight,2,2,53,,0,85,881,2016,0,,63,12,,,,,1,1,48,1,0,,0,0,3,0,11,0,,,,,6,1,0,3,1,0,,,,96,,,,,,0,,,,,,99206,53,73,195,6,1,0,4,2,0,,0,,,,,,0,07-15-2017,03-15-2019,99,0,0,0,8,9,8,,,0,,,8,8,0,0,,,0,,,0,0,996,,,,,,,,,,,,,,,,,,,,,,,,,,,,,,0,0,0,0,1,1,0,1,0,0,0,0,0,0,0,0,0,0,0,0,0,0,0,0,0,0,0,0,0,1,1,0,0,0,0,,0,0,0,0,0,0,0,0,0,0,0,0,0,0,0,0,,,,,,46-50,46-55,US highway,R,Saturday,,MHTRUCK,Not Fatal,0,1,1,0,State Route,State Patrol,Washington State Patrol,0,1,0,0,0,,,,,,0,0,0,,,,,,,,,,,98,98,98,0,,,,,20,7,,,,,,,,1,0,,,,,,
2020,239,634905,6,07-03-2020,11:19,3,7,July,,47,Okanogan,0,1,,1,1,2,1,0,5,2,11:45,12:03,13:46,12,0,2,Front-to-Front,231.5,1,0,1,No intersection,4,1,1,3,0,0,0,0,SR-20,,-119.6073056,48.35046389,98840,0,2,51,Lateral Move(Going Straight),62,4,60,34,0,0,1,2,12,3,1,2,1,14,Making a U turn,3,1,53,,0,20,481,2006,0,,68,64,12,,,,1,1,32,1,7,,4,7,99,7,11,0,03/28/2020,01:31,53014240,14240,6,0,0,3,1,28,,,,96,,,,,,9,,,,,,99031,53,71,220,6,1,0,1,0,1,,0,,,,,,0,08-15-2016,05-15-2016,1,0,0,0,0,1,8,,,0,,,8,1,2,1,,,1,,,2,1,0.218,,,,,,,,,,,,,,,,,,,,,,,,,,,,,,0,0,0,0,1,1,0,1,0,0,0,0,0,0,0,0,0,0,0,0,0,0,0,0,0,0,0,0,0,1,1,0,0,0,0,,1,0,0,0,0,1,0,1,0,0,0,0,0,1,0,1,,,,,,31-35,26-35,US highway,R,Saturday,Unknown,PV,White,0,1,1,0,State Route,State Patrol,Washington State Patrol,0,1,0,0,0,,,,,,0,0,0,,,,,,,,,,,98,98,98,1,,,,,20,7,,,,,,,,1,0,,,,,,
2020,239,634904,6,07-03-2020,11:19,3,7,July,,47,Okanogan,0,1,,1,1,2,1,0,5,2,11:45,12:03,13:46,12,0,2,Front-to-Front,231.5,1,0,1,No intersection,4,1,1,3,0,0,0,0,SR-20,,-119.6073056,48.35046389,98840,0,1,50,Lateral Move(Left/Right),10,2,60,4,0,0,1,2,12,2,1,2,1,14,Making a U turn,2,2,53,,0,14,17,1999,0,,63,25,69,1,,,1,1,44,2,7,,4,7,3,0,11,0,02/29/2020,22:22,74753009933,9933,0,0,0,3,1,58,,,,96,,,,,,9,,,,,,98444,53,62,150,6,1,0,0,0,0,,0,,,,,,4,,,20,1,9,0,0,1,8,,,0,,,8,1,2,1,,,1,,,2,1,0.316,,,,,,,,,,,,,,,,,,,,,,,,,,,,,,0,0,1,0,1,1,0,1,0,0,0,0,1,0,0,0,0,0,0,0,0,0,0,0,0,0,0,0,0,1,0,0,0,0,0,,1,0,0,0,0,1,0,1,0,1,0,0,0,1,0,1,,,,,,41-45,36-45,Interstate,U,Saturday,Belt Used,PV,White,0,1,0,0,State Route,State Patrol,Washington State Patrol,1,1,0,0,0,,,,,,0,0,0,,,,,,,,,,,0,0,0,1,,,,,20,7,,,,,,,,1,0,,,,,,
2019,239,634205,290,07-18-2019,12:36,18,7,July,,53,Pierce,2230,1,0,1,1,2,1,1,1,1,,,,8,0,0,No vehicle,0,1,0,1,No intersection,3,2,1,6,0,0,0,0,E 28TH ST,,-122.4073944,47.23896389,98421,0,1,13,Pedestrian/Animal,80,5,25,66,1,0,1,5,8,1,2,3,4,1,Going Straight,1,3,53,,0,20,421,2005,0,,12,,,,,,1,1,44,1,0,,1,0,3,0,11,0,,,,,6,0,3,3,1,0,,,,96,,,,,,0,,,,,,98253,53,73,200,6,1,0,0,0,0,,0,,,,,,0,,,20,0,0,0,8,9,8,,,0,,,8,8,0,0,,,0,,,0,0,996,,,,,,,,,,,,,,,,,,,,,,,,,,,,,,0,0,0,1,0,0,0,0,0,0,0,0,0,0,0,0,0,0,0,0,0,0,0,0,0,0,0,0,0,1,0,0,0,0,0,,0,0,0,0,0,0,0,0,0,0,0,0,0,0,0,0,,,,,,41-45,36-45,State route,R,Saturday,Belt Used,PV,Not Fatal,1,0,0,0,State Route,State Patrol,Washington State Patrol,0,1,0,0,0,,,,,,0,0,0,,,,,,,,,,,98,98,98,0,,,,,20,7,,,,,,,,1,0,,,,,,
2018,239,633397,14,07-12-2018,18:53,12,7,July,0,11,Clark,0,1,0,1,1,2,1,0,2,1,,,,42,0,0,No vehicle,1.6,1,0,1,No intersection,6,1,2,4,0,0,0,0,CR-NE BRADFORD RD,,-122.4050333,45.66246944,98682,0,1,7,Control/Traction Loss,6,1,50,4,0,0,1,7,42,3,2,2,1,14,Making a U turn,2,1,53,,0,12,481,1982,0,,12,,,,,,1,1,58,1,7,,4,0,3,0,11,5,03/31/2020,11:54,1.96E+11,16223,0,0,0,3,1,26,,,,96,,,,,,0,,,,,,98253,53,72,260,6,1,0,1,0,0,,58,,,,,,0,12-15-2016,12-15-2016,20,0,0,0,0,9,8,,,0,,,8,8,0,0,,,0,,,0,0,996,,,,,,,,,,,,,,,,,,,,,,,,,,,,,,0,0,0,1,0,0,0,0,0,0,0,0,0,0,0,0,0,0,0,0,0,0,0,0,0,0,0,0,0,1,0,0,0,0,0,,1,0,0,0,0,0,0,0,0,0,0,0,0,0,0,0,,,,,,56-60,56-65,State route,R,Saturday,Belt Used,PV,White,1,0,0,0,State Route,State Patrol,Washington State Patrol,0,1,0,0,0,,,,,,0,0,0,,,,,,,,,,,0,0,0,1,,,,,20,7,,,,,,,,1,0,,,,,,
2017,239,632657,3,07-07-2017,18:32,7,7,July,0,67,Thurston,0,1,0,1,1,2,1,0,1,1,,,,1,0,0,No vehicle,7.4,1,0,1,No intersection,5,1,1,3,0,0,0,0,SR-507,,-122.9165333,46.77861111,98530,0,1,98,Others,9,1,35,80,0,0,1,2,1,1,1,2,1,1,Going Straight,1,1,53,,0,48,34,2018,0,,12,,,,,,1,1,43,1,0,,2,0,3,0,11,0,,,,,0,0,0,3,1,0,,,,96,,,,,,9,,,,,,83629,16,70,192,6,1,0,0,0,0,,0,,,,,,0,,,8,0,0,0,8,9,8,,,0,,,8,1,2,695,605,,1,1,,2,1,0.13,,,,,,,,,,,,,,,,,,,,,,,,,,,,,,0,0,0,0,1,1,1,1,1,0,0,0,0,0,0,0,0,0,0,0,0,0,0,0,0,0,0,0,0,1,0,0,0,0,0,,0,0,0,0,0,1,1,1,0,0,0,0,0,0,0,1,,,,,,41-45,36-45,State route,R,Friday,Belt Used,PV,Not Fatal,0,1,1,0,State Route,State Patrol,Washington State Patrol,0,1,0,0,0,thc,2.8,carboxy-thc,16,,0,0,0,,,,,,,,,,,98,98,98,0,,,,,20,7,,,,,,,,1,0,,,,,,
2021,240,635731,3,07-08-2021,14:25,8,7,July,,53,Pierce,0,1,,1,1,2,1,0,3,1,,,,42,0,0,No vehicle,9.4,1,0,1,No intersection,4,1,1,3,0,0,0,0,SR-123,,-121.5554194,46.80874722,,0,1,15,Others,98,7,35,14,0,0,1,2,42,1,2,2,1,1,Going Straight,3,1,53,,0,37,31,2008,0,,68,12,,,,,1,1,35,1,1,,4,7,3,0,11,0,03/20/2020,17:38,53014862,14862,0,0,0,3,1,28,,,,96,,,,,,0,,,,,,99350,53,72,235,6,1,0,0,0,1,,0,,,,,,0,10-15-2018,10-15-2018,8,0,0,0,0,9,8,,,0,,,8,8,2,1,,,1,,,2,1,0,,,,,,,,,,,,,,,,,,,,,,,,,,,,,,0,0,0,0,1,1,1,1,1,0,0,0,0,0,0,0,0,0,0,0,0,0,0,0,0,0,0,0,0,1,0,0,0,0,0,,1,0,0,0,0,0,0,0,0,0,0,0,0,0,0,0,,,,,,31-35,26-35,State route,R,Friday,Belt Used,PV,Hispanic,0,1,1,0,State Route,State Patrol,Washington State Patrol,0,1,0,0,0,,,,,,0,0,0,,,,,,,,,,,98,98,98,98,,,,,20,7,,,,,,,,1,0,,,,,,
2020,240,634906,35,07-17-2020,21:31,17,7,July,,53,Pierce,0,1,,2,1,2,1,0,1,1,,,,93,0,0,No vehicle,1.8,1,0,1,No intersection,5,2,2,4,0,0,0,0,CR-CRAMER ROAD KP N,,-122.7226306,47.35701944,98329,0,1,7,Control/Traction Loss,13,2,35,34,0,0,1,2,93,4,1,2,1,14,Making a U turn,1,2,53,,0,35,50,2011,0,,8,,,,,,1,1,32,1,0,,2,0,3,0,11,5,,,,,0,0,3,3,1,0,,,,96,,,,,,0,,,,,,98682,53,65,200,6,1,0,0,1,0,,0,,,,,,0,10-15-2016,10-15-2016,20,0,0,0,8,9,8,,,0,,,8,8,2,1,,,1,,,2,1,0,,,,,,,,,,,,,,,,,,,,,,,,,,,,,,0,0,0,0,0,0,0,0,0,0,0,0,0,0,0,0,0,0,0,0,0,0,0,0,0,0,0,0,0,1,0,1,0,0,0,,0,0,0,0,0,0,0,0,0,0,0,0,0,0,0,0,,,,,,31-35,26-35,City street,U,Friday,Belt Used,PV,Not Fatal,0,0,0,0,City Street,Municipal/City Police,Vancouver Police Department,0,0,0,1,0,,,,,,0,0,0,,,,,,,,,,,98,98,98,0,,,,,20,7,,,,,,,,1,0,,,,,,
2019,240,634206,12,07-20-2019,15:41,20,7,July,,7,Chelan,0,1,0,1,1,2,1,0,1,1,,,,32,0,0,No vehicle,3.3,1,0,1,No intersection,5,1,2,4,0,0,0,0,CR-STINE HILL RD,,-120.53575,47.52848333,98815,0,1,1,Driver Off Road,6,1,45,4,0,0,1,2,1,3,2,2,1,14,Making a U turn,1,1,53,,0,20,401,2002,0,,63,69,63,1,,,1,1,65,1,7,,4,7,20,7,11,0,03/18/2020,03:00,53013090,13090,0,0,0,3,1,0,,,,96,,,,,,98,,,,,,98584,53,70,240,6,1,1,0,1,0,,0,,,,,,0,07-15-2017,07-15-2017,8,0,0,0,9,9,8,,,0,,,8,8,2,996,996,334,1,1,1,2,1,0.121,,,,,,,,,,,,,,,,,,,,,,,,,,,,,,0,0,0,0,1,1,1,1,0,0,0,0,0,0,0,0,0,0,0,1,0,0,0,0,0,1,0,0,0,1,0,0,0,1,0,,1,0,0,0,0,1,1,1,0,0,0,0,0,0,0,1,,,,,,61-65,56-65,Other,R,Wednesday,Not Used,PV,White,0,1,0,0,Other,County Sheriff,Mason County Sheriff's Office,1,0,0,0,1,,,,,,0,1,0,,,,,,,,,,,98,98,98,1,,,,,20,7,,,,,,,,1,0,,,,,,
2018,240,633396,5,07-12-2018,23:06,12,7,July,0,15,Cowlitz,0,1,0,2,1,2,1,1,2,1,,,,9,0,0,No vehicle,56.9,1,0,1,No intersection,3,2,1,3,0,0,0,0,SR-4,,-122.9978306,46.162675,98632,0,1,13,Pedestrian/Animal,83,5,40,4,0,0,1,2,9,1,1,2,2,1,Going Straight,2,2,53,,0,23,471,2002,0,,12,,,,,,1,1,18,2,0,,1,0,3,0,11,5,,,,,0,0,0,3,1,0,,,,0,,,,,,0,,,,,,98629,53,63,157,6,2,0,0,0,0,,0,,,,,,0,,,20,0,0,0,8,9,8,,,0,,,8,8,0,0,,,0,,,0,0,996,,,,,,,,,,,,,,,,,,,,,,,,,,,,,,0,0,0,0,0,0,0,0,0,0,0,0,0,0,0,0,0,1,0,0,0,1,1,0,1,0,0,0,1,1,0,0,1,0,0,,0,0,0,0,0,0,0,0,0,0,0,0,0,0,0,0,,,,,,18-20,16-25,County road,R,Sunday,Belt Used,PV,Not Fatal,0,0,0,0,County Road,County Sheriff,Clark County Sheriff's Office,0,0,1,0,0,,,,,,0,0,0,,,,,,,,,,,98,98,98,0,,,,,20,7,,,,,,,,1,0,,,NE 182ND AVE,4.61,,
2017,240,632663,160,07-11-2017,03:39,11,7,July,0,33,King,1030,1,0,3,1,2,1,0,1,1,,,,18,0,0,No vehicle,0,1,0,1,No intersection,7,2,4,6,0,0,0,0,145 AVE SE,,-122.1481722,47.35547222,98042,0,1,12,Others,90,6,25,80,0,0,1,2,18,1,1,2,1,1,Going Straight,1,1,53,,0,37,706,1982,0,,9,68,12,,,,1,1,57,1,7,,4,0,20,7,11,5,03/15/2020,16:00,53012583,12583,0,0,1,3,1,0,,,,96,,,,,,0,,,,,,98604,53,70,190,6,1,0,0,0,0,,0,,,,,,0,,,20,8,0,0,0,9,8,,,0,,,8,8,2,1,,,1,,,2,1,0,,,,,,,,,,,,,,,,,,,,,,,,,,,,,,0,0,0,0,0,0,0,0,0,0,0,0,0,0,0,0,0,1,0,0,0,1,1,0,1,0,0,0,1,1,0,0,1,0,1,0,0,0,0,0,0,0,0,0,0,0,0,0,0,0,0,0,,,,,,56-60,56-65,County road,R,Sunday,,MC,White,0,0,0,0,County Road,County Sheriff,Clark County Sheriff's Office,0,0,1,0,0,,,,,,0,0,0,,,,,,,,,,,0,0,0,1,,,,,5,0,,,,,,,,1,0,,,NE 182ND AVE,4.61,,
2019,241,634207,5,07-18-2019,14:41,18,7,July,,39,Klickitat,0,1,0,1,1,2,1,0,1,1,,,,39,0,0,No vehicle,71.9,1,0,1,No intersection,3,1,1,3,0,0,0,0,SR-14,,-121.3627389,45.70759167,97040,0,1,1,Driver Off Road,13,2,60,80,0,0,1,2,39,3,1,2,1,14,Making a U turn,1,1,41,,0,30,40,2018,0,,64,1,42,,,,1,1,30,2,7,,4,7,3,0,11,0,03-08-2020,22:19,2.32E+11,11458,0,0,0,3,1,0,,,,92,,,,,,98,,,,,,98502,53,66,150,6,1,0,2,1,0,,0,,,,,,4,03-15-2018,01-15-2018,8,0,0,0,0,9,8,,,0,,,8,8,2,1,,,1,,,2,1,0.219,,,,,,,,,,,,,,,,,,,,,,,,,,,,,,0,0,1,0,1,1,0,1,0,0,0,0,1,0,0,0,1,0,0,0,0,0,0,0,0,0,0,0,0,1,0,0,0,0,0,,1,0,0,0,0,1,0,1,1,1,0,0,0,1,0,1,,,,,,26-30,26-35,Interstate,U,Sunday,Belt Used,PV,White,0,1,0,0,State Route,State Patrol,Washington State Patrol,1,1,0,0,0,,,,,,0,0,0,,,,,,,,,,,98,98,98,1,,,,,20,7,,,,,,,,1,0,,,,,,
2021,241,635728,5,07-21-2021,22:57,21,7,July,,41,Lewis,0,1,,2,1,2,1,0,1,1,,,,52,0,0,No vehicle,81.3,1,0,1,No intersection,1,2,1,1,0,0,0,0,I-5,,-122.9735194,46.70576111,,0,1,7,Control/Traction Loss,10,2,60,4,0,0,1,2,52,1,1,2,3,1,Going Straight,1,1,53,,0,35,401,2008,0,,68,64,30,38,39,19,1,1,27,2,7,,4,7,99,7,11,0,01-06-2020,07:42,1.41E+11,2936,0,0,0,2,1,0,,,,0,,,,,,1,,,,,,98466,53,64,115,1,1,0,0,2,0,,0,,,,,,0,07-15-2018,02-15-2019,99,0,0,0,0,9,8,,,0,,,8,8,2,695,605,,1,1,,2,1,0,,,,,,,,,,,,,,,,,,,,,,,,,,,,,,0,0,1,0,0,0,1,1,1,0,0,0,0,1,0,0,0,0,0,0,0,0,0,0,0,0,0,0,0,1,0,0,0,0,0,,1,0,0,0,0,0,1,1,0,0,0,1,0,0,1,0,,,,,,26-30,26-35,City street,U,Monday,Unknown,PV,Multiracial,0,1,0,0,City Street,Municipal/City Police,Mountlake Terrace Police Department,1,0,0,1,0,thc,41,carboxy-thc,160,,0,0,1,,,,,,,,,,,98,98,98,201,203,,,,20,7,,,,,,,nms,1,0,,,,,,
2020,241,634908,1,07-18-2020,04:49,18,7,July,,5,Benton,0,1,,4,1,1,1,0,2,2,,,,12,0,2,Front-to-Front,80.4,1,0,1,No intersection,1,2,1,1,0,0,0,0,I-82,,-119.7799417,46.22147778,99350,0,2,51,Lateral Move(Going Straight),62,4,60,66,1,0,1,2,12,1,1,2,2,1,Going Straight,1,1,53,,0,62,404,2015,0,,8,,,,,,1,1,49,8,0,,0,0,3,0,11,0,,,,,0,0,0,3,1,0,,,,96,,,,,,0,,,,,,98027,53,64,162,6,1,0,0,0,0,,0,,,,,,0,,,20,0,0,0,8,5,3,,,0,,,0,0,8,95,,,96,,,8,95,995,,,,,,,,,,,,,,,,,,,,,,,,,,,,,,0,0,0,0,0,0,0,0,0,0,0,0,0,0,0,0,0,1,0,0,0,0,0,0,0,0,0,0,0,1,0,1,0,0,0,,0,0,0,0,0,0,0,0,0,0,0,0,0,0,0,0,,,,,,46-50,46-55,County road,U,Saturday,Belt Used,PV,Not Fatal,0,0,0,0,County Road,County Sheriff,King County Police,0,0,1,0,0,,,,,,0,0,0,,,,,,,,,,,98,98,98,0,,,,,20,7,,,,,,,,1,0,,,ISSAQUAH HOBART RD,14.45,,
2020,241,634907,1,07-18-2020,04:49,18,7,July,,5,Benton,0,1,,4,1,1,1,0,2,2,,,,12,0,2,Front-to-Front,80.4,1,0,1,No intersection,1,2,1,1,0,0,0,0,I-82,,-119.7799417,46.22147778,99350,0,1,50,Lateral Move(Left/Right),12,2,70,34,0,0,1,2,12,1,1,2,2,1,Going Straight,1,1,53,,0,37,441,2007,0,,12,,,,,,1,1,31,2,7,,4,7,3,0,11,0,03-06-2020,15:50,10753012046,12046,0,0,3,3,1,0,,,,96,,,,,,0,,,,,,98606,53,60,160,6,1,0,0,0,1,,0,,,,,,0,07-15-2016,07-15-2016,8,0,0,0,0,9,8,,,0,,,8,8,2,1,,,1,,,2,1,0,,,,,,,,,,,,,,,,,,,,,,,,,,,,,,0,0,0,0,0,0,1,1,0,0,0,0,1,0,0,0,0,0,0,1,0,0,0,0,0,0,0,0,0,1,0,0,0,0,0,,1,0,0,0,0,0,0,0,0,0,0,0,0,0,0,0,,,,,,31-35,26-35,State route,U,Friday,Belt Used,PV,White,0,0,0,1,State Route,State Patrol,Washington State Patrol,0,1,0,0,0,,,,,,0,0,0,,,,,,,,,,,98,98,98,1,,,,,20,7,,,,,,,,1,0,,,,,,
2018,241,633430,1,07-11-2018,16:11,11,7,July,0,77,Yakima,0,1,0,1,1,1,1,0,2,1,16:19,16:48,17:47,35,0,0,No vehicle,70,1,0,1,No intersection,1,1,1,1,0,0,0,0,I-82,,-119.9595111,46.29718333,98944,0,1,6,Drive off road,3,1,70,14,0,0,1,2,1,1,1,2,2,15,Others,2,2,53,,0,30,42,2015,0,,68,12,,,,,1,1,41,2,7,,4,7,3,0,11,0,03-06-2020,15:50,10753011063,11063,0,0,0,3,1,28,,,,96,,,,,,98,,,,,,98604,53,61,185,6,1,0,0,0,1,,0,,,,,,3,07-15-2017,07-15-2017,8,0,0,0,0,9,8,,,0,,,8,8,2,401,417,308,1,1,1,2,1,0,,,,,,,,,,,,,,,,,,,,,,,,,,,,,,0,0,0,0,0,0,1,1,0,0,0,0,1,0,0,0,0,0,0,1,0,0,0,0,0,0,0,0,0,1,0,0,0,0,0,,1,0,0,0,0,0,1,1,0,1,0,0,0,0,1,0,,,,,,41-45,36-45,State route,U,Friday,Belt Used,PV,White,0,0,0,1,State Route,State Patrol,Washington State Patrol,0,1,0,0,0,,,,,,0,0,0,1,1,,,,151,996,,,,98,98,98,1,,,,,20,7,,,,,,,,1,0,,,,,,
2017,241,632682,1,07-12-2017,22:30,12,7,July,0,77,Yakima,0,1,0,2,1,2,1,0,1,1,,,,17,0,0,No vehicle,0.6,1,0,1,No intersection,6,1,2,4,0,0,0,0,CR-WEIKEL RD,,-120.6668611,46.64584444,98908,0,1,6,Drive off road,12,2,50,80,0,0,1,2,17,2,1,2,1,14,Making a U turn,1,1,53,,0,59,31,2002,0,,12,,,,,,1,1,51,2,0,,0,0,3,0,11,0,,,,,0,0,3,3,1,0,,,,96,,,,,,0,,,,,,99338,53,66,155,6,1,0,0,1,1,,0,,,,,,0,07-15-2018,03-15-2018,1,0,0,0,8,9,8,,,0,,,8,8,8,95,,,96,,,8,95,995,,,,,,,,,,,,,,,,,,,,,,,,,,,,,,0,0,0,0,0,0,0,0,0,0,0,0,0,0,0,0,0,0,0,0,0,0,0,0,0,0,0,0,0,1,0,0,0,0,0,,0,0,0,0,0,0,0,0,0,0,0,0,0,0,0,0,,,,,,51-55,46-55,Interstate,U,Wednesday,Belt Used,PV,Not Fatal,0,0,0,0,State Route,State Patrol,Washington State Patrol,0,1,0,0,0,,,,,,0,0,0,,,,,,,,,,,98,98,98,0,,,,,20,7,,,,,,,,1,23,,,,,,
2018,242,633388,7,07-11-2018,18:54,11,7,July,0,33,King,0,1,0,1,1,2,2,0,4,4,,,,12,0,2,Front-to-Front,28.6,2,0,3,T Intersection,3,2,1,3,0,0,0,0,SR-104,1ST AVE,-122.3299806,47.77763889,98026,0,3,68,Initial Opposite Direction(Left/Right),15,2,40,14,0,0,1,2,12,1,1,5,1,11,Turning Red: Permitted on red,1,1,18,,0,12,24,2008,0,,8,,,,,,1,1,64,1,0,,0,0,3,0,11,0,,,,,0,0,3,3,1,0,,,,96,,,,,,9,,,,,,98310,53,78,200,6,1,0,1,2,9,,97,,,,,,0,09-15-2015,06-15-2019,20,0,0,0,8,9,8,,,0,,,8,1,2,695,605,189,1,1,1,2,1,0.039,,,,,,,,,,,,,,,,,,,,,,,,,,,,,,0,0,0,1,1,0,1,1,1,1,0,1,0,0,0,0,0,0,0,0,0,0,0,0,0,0,0,0,0,1,0,1,0,0,0,,0,0,0,0,1,0,1,1,0,0,0,0,0,0,0,1,,,,,,61-65,56-65,City street,U,Sunday,Belt Used,PV,Not Fatal,1,0,0,0,City Street,Municipal/City Police,Vancouver Police Department,0,0,0,1,0,thc,29,carboxy-thc,888,,0,0,0,1,1,,,,321,351,,,,98,98,98,0,,,,,20,7,,,,,,,,1,0,,,,,,