year,something,Cases,repjur,crash_dt,crash_tm,accday,Month,Month,holiday,county,co_char,city,weather,weather2,lightcond,surfcond,surftype,Number of Fatalities,nmforms,pforms,vforms,not_tm,arr_tm,hosp_tm,fhevent,hitrun,Manner of Collision,Manner of Collision,milepnt,reljunc,reljuncinter,intersectiontype,Intersection Type,funcsystem,landuse,ownership,route,schlbus,spejur,contdev,devfunc,trafid1,trafid2,x,y,zipcode,wk_zone,vnumber,crashtype,Crash Type,criticalevent,criticaleventcat,spdlim,body,trailer,emerg,hazcargo,leave,mhevent,roadalgn,roadprof,traflane,trafflow,Vehicle Manure,Vehicle Manure,numoccs,regowner,regstate,,spuse,make,model,modelyr,vrf1,vrf2,seqevent1,seqevent2,seqevent3,seqevent4,seqevent5,seqevent6,pnumber,ptype,age,sex,hispanic,race,injury,diedscene,restraint,restraintmisuse,seatpos,takehosp,death_dt,death_tm,cert,cernum_wa,commlic,licendor,licrestrict,liccomp,drivpres,drf1,drf2,drf3,drf4,distract1,distract2,distract3,distract4,distract5,distract6,dricond1,dricond2,dricond3,dricond4,dricond5,dricond6,dzip,licstate,drhgt_in,weight,noncdl,noncdltype,prevdwi,prevoth,prevacc,prevspd,prevsus,driviol1,driviol2,driviol3,driviol4,driviol5,driviol6,spdrel,first_dt,last_dt,airbag,ejection,ejectpath,extricat,injurwrk,methalc,methdrug,nmlocat,strikveh,prf1,prf2,prf3,druginv,alcinvol,drugsts,drugres1,drugres2,drugres3,drugtst1,drugtst2,drugtst3,alcsts,alctst,alcres,nmact1,nmact2,nmact3,nmact4,nmact5,nmact6,nmprior1,nmprior2,nmprior3,nmprior4,nmprior5,nmprior6,nmcond1,nmcond2,nmcond3,nmcond4,nmcond5,nmcond6,nmsafe_helmet,nmsafe_pads,nmsafe_oth,nmprev_ref,nmprev_lgt,nmprev_oth,crashlocation,nmcrashtype,crosswalk,schoolzone,sidewalk,train_inv,wildlife_inv,rotr_fars,intersect_fars,Drink and Drive,aid_inv,Drug Positive Drivers,Impaired Drivers,Marijuana Positive,impnm_inv,ainm_inv,dpnm_inv,speed_inv,unlic_inv,unendmc_inv,drowsy_inv,drdist_inv,nmdist_inv,fty_inv,unrestfat_inv,dr1617_inv,dr1820_inv,dr1620_inv,dr2125_inv,dr1625_inv,dr65_inv,dr70_inv,dr75_inv,mc_inv,pv_inv,ht_inv,ped_inv,bike_inv,unrest_fat,mc_fat,unhelmet_mc,pv_fat,ht_fat,ped_fat,bike_fat,dr_alc7,dr_alc8,dr_drug,dr_imp,dr_dist,dr_spd,dr_fty,dr_unlic,dr_alc7only,dr_alc8only,dr_drugonly,dr_drink,nm_imp,nm_alc7,nm_alc8,nm_drug,nm_dist,agegrp1,agegrp2,roadclass,urbrur,dayweek,restuse,vehtype,race_me,intersect,lanedep,oppdir,wrongway,rep_typ,investag,repag_long,rotr,st_rd,cty_rd,city_rd,oth_rd,drug_thc,thc_res,drug_cthc,cthc_res,drug_cann,prevpersemin,prevperse,prevsusoth,drugtst4,drugtst5,drugtst6,drugtst7,drugtst8,drugres4,drugres5,drugres6,drugres7,drugres8,adspresent,adsengaged,adslevel,race1,race2,race3,race4,race5,helmet,helmetmisuse,nmdistract1,nmdistract2,nmdistract3,nmdistract4,nmdistract5,nmdistract6,lab,isedtcase,crf1,crf2,crf3,CoRoadName,CoMP,IntCoRoadName,IntCoMP
2021,242,635732,8,07-19-2021,13:01,19,7,July,,31,Jefferson,0,1,,1,1,2,1,2,1,1,,,,32,0,0,No vehicle,153.1,1,0,1,No intersection,3,1,1,2,0,3,0,0,US-101,,-124.3567722,47.55524444,98331,0,1,1,Driver Off Road,8,1,60,14,0,0,1,2,8,1,1,2,1,1,Going Straight,1,1,53,,0,20,431,1996,0,,63,1,,,,,1,1,32,2,7,,4,7,3,0,11,0,03/14/2020,21:04,53012610,12610,0,0,0,3,1,58,,,,96,,,,,,98,,,,,,99336,53,67,208,6,1,0,0,0,2,,0,,,,,,0,12-15-2018,07-15-2019,20,0,0,0,0,9,8,,,0,,,8,9,2,605,,,1,,,2,1,0,,,,,,,,,,,,,,,,,,,,,,,,,,,,,,0,0,1,0,0,0,1,1,1,0,0,0,0,0,0,0,0,0,0,0,0,0,0,0,0,0,0,0,0,1,0,0,0,0,0,,1,0,0,0,0,0,1,1,0,0,0,0,0,0,1,0,,,,,,31-35,26-35,Interstate,U,Saturday,Belt Used,PV,White,0,0,0,0,State Route,State Patrol,Washington State Patrol,0,1,0,0,0,thc,0.61,,,,0,0,2,,,,,,,,,,,0,0,0,1,,,,,20,7,,,,,,,nms,1,0,,,,,,
2020,242,634888,3,07-12-2020,23:32,12,7,July,,53,Pierce,0,1,,3,1,2,1,1,2,1,23:21,23:38,00:00,15,0,0,No vehicle,52.6,3,0,2,4 Way,3,2,1,3,0,0,3,3,SR-7,108TH ST S,-122.4342389,47.15930278,98444,0,1,13,Pedestrian/Animal,83,5,35,5,0,0,1,5,15,1,1,4,1,1,Going Straight,2,1,53,,0,12,881,2019,0,,12,,,,,,1,1,40,1,0,,0,0,3,0,11,0,,,,,0,0,0,3,1,0,,,,96,,,,,,0,,,,,,59932,30,,999,6,1,0,0,98,0,,0,,,,,,0,,,20,0,0,0,8,9,8,,,0,,,8,8,0,0,,,0,,,0,0,996,,,,,,,,,,,,,,,,,,,,,,,,,,,,,,0,0,0,0,0,0,0,0,0,0,0,0,0,0,0,0,1,0,0,0,0,0,0,0,0,0,0,0,0,1,1,0,0,0,0,,0,0,0,0,0,0,0,0,0,0,0,0,0,0,0,0,,,,,,36-40,36-45,State route,R,Thursday,,MHTRUCK,Not Fatal,0,1,1,0,State Route,State Patrol,Washington State Patrol,0,1,0,0,0,,,,,,0,0,0,,,,,,,,,,,98,98,98,0,,,,,20,7,,,,,,,,1,0,,,,,,
2019,242,634210,6,07-02-2019,10:20,2,7,July,,7,Chelan,0,99,0,9,99,2,1,0,1,1,,,,1,0,0,No vehicle,159,1,0,1,No intersection,4,1,1,3,0,0,0,0,SR-20,,-120.705575,48.501325,,0,1,7,Control/Traction Loss,13,2,60,14,0,0,1,2,1,2,2,2,1,14,Making a U turn,1,1,53,,0,98,809,2000,0,,12,,,,,,1,1,61,1,0,,0,0,3,0,11,0,,,,,6,1,0,3,1,0,,,,96,,,,,,0,,,,,,99362,53,70,245,6,1,0,0,0,1,,0,,,,,,0,03-15-2017,03-15-2017,20,0,0,0,8,9,8,,,0,,,8,8,0,0,,,0,,,0,0,996,,,,,,,,,,,,,,,,,,,,,,,,,,,,,,0,0,0,0,0,0,0,0,0,0,0,0,0,0,0,0,1,0,0,0,0,0,0,0,0,0,0,0,0,1,1,0,0,0,0,,0,0,0,0,0,0,0,0,0,0,0,0,0,0,0,0,,,,,,61-65,56-65,State route,R,Thursday,,MHTRUCK,Not Fatal,0,1,1,0,State Route,State Patrol,Washington State Patrol,0,1,0,0,0,,,,,,0,0,0,,,,,,,,,,,98,98,98,0,,,,,20,7,,,,,,,,1,0,,,,,,
2018,242,633389,7,07-11-2018,18:54,11,7,July,0,33,King,0,1,0,1,1,2,2,0,4,4,,,,12,0,2,Front-to-Front,28.6,2,0,3,T Intersection,3,2,1,3,0,0,0,0,SR-104,1ST AVE,-122.3299806,47.77763889,98026,0,4,98,Others,62,4,40,67,0,0,1,5,12,1,1,5,1,1,Going Straight,1,2,53,,0,59,31,2005,0,,68,12,12,63,35,,1,1,57,2,7,,4,7,3,0,11,0,03-12-2020,14:17,53012410,12410,0,0,0,3,1,28,,,,92,,,,,,98,,,,,,98648,53,71,240,6,1,0,0,0,0,,0,,,,,,0,,,8,0,0,0,0,9,8,,,0,,,8,8,0,0,,,0,,,2,4,0,,,,,,,,,,,,,,,,,,,,,,,,,,,,,,0,0,0,0,0,0,0,0,0,0,0,0,0,0,0,0,1,0,0,0,0,0,0,0,0,0,0,0,0,1,1,0,0,0,0,,1,0,0,0,0,0,0,0,1,0,0,0,0,0,0,0,,,,,,56-60,56-65,State route,R,Thursday,Belt Used,PV,White,0,1,1,0,State Route,State Patrol,Washington State Patrol,0,1,0,0,0,,,,,,0,0,0,,,,,,,,,,,98,98,98,1,,,,,20,7,,,,,,,,1,0,,,,,,
2018,242,633387,7,07-11-2018,18:54,11,7,July,0,33,King,0,1,0,1,1,2,2,0,4,4,,,,12,0,2,Front-to-Front,28.6,2,0,3,T Intersection,3,2,1,3,0,0,0,0,SR-104,1ST AVE,-122.3299806,47.77763889,98026,0,2,98,Others,62,4,40,80,0,0,1,2,12,1,1,5,1,1,Going Straight,1,2,53,,0,49,32,2015,0,,12,,,,,,1,1,27,1,0,,0,0,3,0,11,0,,,,,0,0,3,3,1,0,,,,96,,,,,,0,,,,,,99354,53,68,160,6,1,1,0,0,1,,0,,,,,,0,06-15-2016,02-15-2018,8,0,0,0,8,9,8,,,0,,,8,8,0,0,,,0,,,0,0,996,,,,,,,,,,,,,,,,,,,,,,,,,,,,,,0,0,0,1,0,0,0,0,0,0,0,0,0,0,0,0,0,0,1,0,0,0,0,0,0,1,1,1,0,1,0,0,0,0,0,,0,0,0,0,0,0,0,0,0,0,0,0,0,0,0,0,,,,,,26-30,26-35,City street,U,Friday,Belt Used,PV,Not Fatal,0,0,0,0,City Street,Municipal/City Police,Richland Police Department,0,0,0,1,0,,,,,,0,1,1,,,,,,,,,,,98,98,98,0,,,,,20,7,,,,,,,,1,0,,,,,,
2018,242,633386,7,07-11-2018,18:54,11,7,July,0,33,King,0,1,0,1,1,2,2,0,4,4,,,,12,0,2,Front-to-Front,28.6,2,0,3,T Intersection,3,2,1,3,0,0,0,0,SR-104,1ST AVE,-122.3299806,47.77763889,98026,0,1,69,Initial Opposite Direction(Going Straight),62,4,40,80,0,0,1,2,12,1,1,5,1,1,Going Straight,1,1,53,,0,49,46,2007,0,,12,,,,,,1,1,78,1,7,,4,0,3,0,11,5,03/18/2020,15:25,1.85E+11,12770,0,0,3,3,1,38,,,,0,,,,,,1,,,,,,99354,53,73,165,6,1,0,0,0,0,,46,,,,,,0,,,8,0,0,0,0,9,8,,,0,,,8,8,0,0,,,0,,,0,0,996,,,,,,,,,,,,,,,,,,,,,,,,,,,,,,0,0,0,1,0,0,0,0,0,0,0,0,0,0,0,0,0,0,1,0,0,0,0,0,0,1,1,1,0,1,0,0,0,0,0,,1,0,0,0,0,0,0,0,0,0,1,0,0,0,0,0,,,,,,76-80,76+,City street,U,Friday,Belt Used,PV,White,0,0,0,0,City Street,Municipal/City Police,Richland Police Department,0,0,0,1,0,,,,,,0,0,0,,,,,,,,,,,98,98,98,1,,,,,20,7,,,,,,,,1,0,,,,,,
2017,242,632659,39,07-06-2017,06:00,6,7,July,0,61,Snohomish,0,1,0,4,1,2,1,0,2,2,,,,12,0,6,Angle,3.4,1,0,1,No intersection,7,1,2,4,0,0,0,0,CR-268TH ST NW,,-122.2572944,48.23893333,98292,0,2,92,Others,20,2,98,34,0,0,1,5,12,1,2,2,1,13,Others,1,2,53,,0,82,881,2001,0,,8,,,,,,1,1,53,1,0,,0,0,3,0,11,0,,,,,6,1,0,3,1,0,,,,96,,,,,,0,,,,,,98903,53,63,165,6,1,0,0,0,0,,0,,,,,,0,,,20,0,0,0,8,9,8,,,0,,,8,8,0,0,,,0,,,0,0,996,,,,,,,,,,,,,,,,,,,,,,,,,,,,,,0,0,0,0,0,0,0,0,0,1,1,1,0,0,0,0,0,0,0,0,0,0,0,0,0,0,0,0,0,0,1,1,0,0,0,,0,0,0,0,0,0,0,0,0,0,0,0,0,0,0,0,,,,,,51-55,46-55,US highway,U,Sunday,,MHTRUCK,Not Fatal,0,0,0,0,State Route,State Patrol,Washington State Patrol,0,1,0,0,0,,,,,,0,0,0,,,,,,,,,,,98,98,98,0,,,,,20,7,,,,,,,,1,0,,,,,,
2017,242,632658,39,07-06-2017,06:00,6,7,July,0,61,Snohomish,0,1,0,4,1,2,1,0,2,2,,,,12,0,6,Angle,3.4,1,0,1,No intersection,7,1,2,4,0,0,0,0,CR-268TH ST NW,,-122.2572944,48.23893333,98292,0,1,93,Others,56,3,98,80,0,0,1,5,12,1,2,2,1,1,Going Straight,1,1,53,,0,12,37,2007,0,,68,64,33,38,1,,1,1,45,1,7,,4,7,20,7,11,0,03-11-2020,18:57,2.23E+11,11887,0,0,0,3,1,0,,,,96,,,,,,9,,,,,,98040,53,71,170,6,1,0,0,0,1,,0,,,,,,0,10-15-2015,10-15-2015,1,0,0,0,0,9,8,,,0,,,8,1,2,401,417,605,1,1,1,2,1,0,,,,,,,,,,,,,,,,,,,,,,,,,,,,,,0,0,1,1,1,0,1,1,1,0,0,0,0,0,0,0,0,0,0,1,0,0,0,0,0,0,0,0,0,1,0,0,0,1,0,,1,0,0,0,0,0,1,1,0,0,0,0,0,0,1,1,,,,,,41-45,36-45,State route,U,Wednesday,Not Used,PV,Black,0,1,0,0,City Street,State Patrol,Washington State Patrol,1,0,0,1,0,thc,4.5,,,,0,0,0,,,,,,,,,,,98,98,98,2,,,,,20,7,,,,,,,nms,1,0,,,,,,
2019,243,634212,7,07-16-2019,04:47,16,7,July,,33,King,0,2,0,2,2,2,1,0,2,2,,,,12,0,2,Front-to-Front,13.7,1,0,1,No intersection,4,2,1,3,0,0,0,0,SR-202,,-121.9995194,47.63253889,98053,0,2,51,Lateral Move(Going Straight),54,3,45,66,1,0,1,5,12,2,2,2,1,14,Making a U turn,1,3,18,,0,18,24,2012,0,,63,59,46,19,,,1,1,57,1,7,,4,7,99,7,11,0,03-03-2020,00:11,2.11E+11,10821,0,0,0,3,1,0,,,,92,,,,,,98,,,,,,98507,53,66,200,6,1,0,0,0,0,,0,,,,,,0,,,1,0,0,0,0,9,8,,,0,,,8,8,2,1,,,1,,,2,1,0.089,,,,,,,,,,,,,,,,,,,,,,,,,,,,,,0,0,1,0,1,1,0,1,0,0,0,0,0,0,0,0,1,0,0,0,0,0,0,0,0,0,0,0,0,1,0,0,0,0,0,,1,0,0,0,0,1,0,1,1,0,0,0,0,1,0,1,,,,,,56-60,56-65,City street,U,Tuesday,Unknown,PV,White,0,1,0,0,City Street,Municipal/City Police,Spokane Police Department,1,0,0,1,0,,,,,,0,0,0,,,,,,,,,,,98,98,98,1,,,,,20,7,,,,,,,,1,0,,,,,,
2021,243,635734,26,07-22-2021,15:20,22,7,July,,35,Kitsap,0,1,,1,1,2,1,0,3,2,,,,1,0,0,No vehicle,0.7,8,0,1,No intersection,4,2,2,4,0,0,0,0,CR-BETHEL BURLEY RD SE,,-122.6277778,47.41304444,98367,0,2,98,Others,8,1,45,80,0,0,1,2,12,2,1,2,1,14,Making a U turn,1,1,53,,0,48,34,2011,0,,8,,,,,,1,1,27,1,0,,2,0,3,0,11,8,,,,,0,0,0,3,1,10,,,,0,,,,,,0,,,,,,97006,41,71,170,6,1,0,0,0,0,,0,,,,,,0,,,20,0,0,0,8,1,8,,,0,,,8,0,2,695,605,,1,1,,2,1,0,,,,,,,,,,,,,,,,,,,,,,,,,,,,,,0,0,0,0,0,0,1,1,1,1,1,1,0,0,0,0,0,0,0,0,0,0,0,0,0,0,0,0,0,1,0,1,0,0,0,,0,0,0,0,0,0,1,1,0,0,0,0,0,0,1,0,,,,,,26-30,26-35,City street,U,Thursday,Belt Used,PV,Not Fatal,0,0,0,0,City Street,Municipal/City Police,Vancouver Police Department,0,0,0,1,0,thc,6.1,carboxy-thc,98,,0,0,0,,,,,,,,,,,98,98,98,0,,,,,20,7,,,,,,,,1,0,,,,,,
2021,243,635733,26,07-22-2021,15:20,22,7,July,,35,Kitsap,0,1,,1,1,2,1,0,3,2,,,,1,0,0,No vehicle,0.7,8,0,1,No intersection,4,2,2,4,0,0,0,0,CR-BETHEL BURLEY RD SE,,-122.6277778,47.41304444,98367,0,1,98,Others,15,2,45,14,0,0,1,5,12,3,1,2,1,11,Turning Red: Permitted on red,2,1,53,,0,37,422,2019,0,,12,,,,,,1,1,41,2,0,,0,0,3,0,11,0,,,,,0,0,0,3,1,0,,,,96,,,,,,0,,,,,,98682,53,63,165,6,1,0,0,0,0,,0,,,,,,0,,,20,0,0,0,8,9,8,,,0,,,8,8,8,95,,,96,,,8,95,995,,,,,,,,,,,,,,,,,,,,,,,,,,,,,,0,0,0,1,0,0,0,0,0,0,0,0,0,1,0,0,0,0,0,1,0,0,0,0,0,1,1,0,0,1,0,0,0,0,0,,0,0,0,0,0,0,0,0,0,0,0,0,0,0,0,0,,,,,,41-45,36-45,City street,U,Saturday,Belt Used,PV,Not Fatal,1,0,0,0,City Street,Municipal/City Police,Vancouver Police Department,0,0,0,1,0,,,,,,0,0,0,,,,,,,,,,,98,98,98,0,,,,,20,7,,,,,,,,1,0,,,,,,
2020,243,634909,160,07-18-2020,02:34,18,7,July,,33,King,1030,1,,3,1,2,1,1,2,1,,,,8,0,0,No vehicle,0.4,1,0,1,No intersection,4,2,1,3,0,0,0,0,SR-515,,-122.2023556,47.37793333,98030,0,1,13,Pedestrian/Animal,80,5,35,4,0,0,1,2,8,1,1,5,5,1,Going Straight,2,1,53,,0,49,40,1993,0,,63,69,65,12,,,1,1,70,1,7,,4,7,20,7,11,0,03-07-2020,15:46,2.37E+11,12511,0,0,0,2,1,0,,,,0,,,,,,1,,,,,,98682,53,65,170,1,1,0,0,0,0,,0,,,,,,0,11-15-2016,03-15-2019,1,0,0,0,0,9,8,,,0,,,8,8,2,1,,,1,,,2,1,0,,,,,,,,,,,,,,,,,,,,,,,,,,,,,,0,0,0,1,0,0,0,0,0,0,0,0,0,1,0,0,0,0,0,1,0,0,0,0,0,1,1,0,0,1,0,0,0,1,0,,1,0,0,0,0,0,0,0,0,0,0,1,0,0,0,0,,,,,,66-70,66-75,City street,U,Saturday,Not Used,PV,White,1,0,0,0,City Street,Municipal/City Police,Vancouver Police Department,0,0,0,1,0,,,,,,0,0,2,,,,,,,,,,,0,0,0,1,,,,,20,7,,,,,,,,1,0,,,,,,
2019,243,634211,7,07-16-2019,04:47,16,7,July,,33,King,0,2,0,2,2,2,1,0,2,2,,,,12,0,2,Front-to-Front,13.7,1,0,1,No intersection,4,2,1,3,0,0,0,0,SR-202,,-121.9995194,47.63253889,98053,0,1,50,Lateral Move(Left/Right),54,3,98,4,0,0,1,2,12,3,2,2,1,14,Making a U turn,1,2,53,,0,37,32,2006,0,,8,,,,,,1,1,45,1,0,,0,0,3,0,11,0,,,,,0,0,0,3,1,10,,,,0,,,,,,0,,,,,,98118,53,72,190,6,1,0,0,0,0,,97,,,,,,0,,,20,0,0,0,8,3,2,,,0,,,8,8,0,0,,,0,,,0,0,996,,,,,,,,,,,,,,,,,,,,,,,,,,,,,,0,0,0,1,0,0,0,0,0,1,1,0,0,0,0,0,0,0,0,0,0,0,0,0,0,0,0,0,0,1,0,1,0,0,0,,0,0,0,0,0,0,0,0,0,0,0,0,0,0,0,0,,,,,,41-45,36-45,County road,U,Sunday,Belt Used,PV,Not Fatal,0,0,0,0,County Road,County Sheriff,King County Police,0,0,1,0,0,,,,,,0,0,0,,,,,,,,,,,98,98,98,0,,,,,20,7,,,,,,,,1,0,,,16 AVE SW,3.1,SW 110 ST,0.302
2018,243,633393,146,07-14-2018,08:30,14,7,July,0,77,Yakima,0,1,0,1,1,2,1,0,2,2,,,,12,0,2,Front-to-Front,2,1,0,1,No intersection,5,1,2,4,0,0,0,0,CR-KONNOWAC PASS RD,,-120.3645167,46.50940278,98936,0,2,51,Lateral Move(Going Straight),62,4,50,63,0,0,1,7,12,3,2,2,1,14,Making a U turn,1,3,53,,0,7,20,2001,0,,64,65,64,39,1,,1,1,29,1,7,,4,7,3,0,11,0,03-02-2020,23:29,53010289,10289,0,0,0,3,1,58,,,,96,,,,,,98,,,,,,98686,53,70,170,6,1,0,1,3,2,,0,,,,,,4,10-15-2016,07-15-2019,8,0,0,0,0,9,8,,,0,,,8,8,2,1,,,1,,,2,1,0.069,,,,,,,,,,,,,,,,,,,,,,,,,,,,,,0,0,1,0,1,0,0,0,0,0,0,0,1,0,0,0,0,0,0,0,0,0,0,0,0,0,0,0,0,1,0,0,0,0,0,,1,0,0,0,1,0,0,0,0,1,0,0,1,0,0,1,,,,,,26-30,26-35,County road,U,Monday,Belt Used,PV,White,0,1,0,0,County Road,County Sheriff,Clark County Sheriff's Office,1,0,1,0,0,,,,,,0,0,0,,,,,,,,,,,98,98,98,1,,,,,20,7,,,,,,,,1,0,,,NE 117TH ST,1.02,,
2018,243,633392,146,07-14-2018,08:30,14,7,July,0,77,Yakima,0,1,0,1,1,2,1,0,2,2,,,,12,0,2,Front-to-Front,2,1,0,1,No intersection,5,1,2,4,0,0,0,0,CR-KONNOWAC PASS RD,,-120.3645167,46.50940278,98936,0,1,50,Lateral Move(Left/Right),10,2,50,15,0,0,1,7,12,2,2,2,1,14,Making a U turn,1,2,53,,0,34,404,2017,0,,8,,,,,,1,1,31,2,0,,0,0,3,0,11,0,,,,,0,0,3,3,1,39,,,,10,,,,,,0,,,,,,98033,53,67,135,6,1,0,0,0,0,,97,,,,,,0,,,20,0,0,0,8,9,8,,,0,,,8,8,0,0,,,0,,,0,0,996,,,,,,,,,,,,,,,,,,,,,,,,,,,,,,0,0,0,1,0,0,0,0,0,0,0,0,0,0,0,0,1,0,0,0,0,0,0,0,0,0,0,0,0,1,0,1,0,0,0,,0,0,0,0,0,0,0,0,1,0,0,0,0,0,0,0,,,,,,31-35,26-35,City street,U,Friday,Belt Used,PV,Not Fatal,1,0,0,0,City Street,Municipal/City Police,Bellevue Police Department,0,0,0,1,0,,,,,,0,0,0,,,,,,,,,,,98,98,98,0,,,,,20,7,,,,,,,,0,0,,,,,,
2021,244,635736,3,07-25-2021,16:57,25,7,July,,67,Thurston,0,1,,1,1,2,1,0,2,2,,,,12,0,6,Angle,40.6,2,0,2,4 Way,3,1,1,2,0,0,0,0,US-12,FORSTROM ST SW,-123.1181194,46.82405556,98579,0,2,86,Others,66,4,55,80,0,0,1,2,12,1,1,2,1,1,Going Straight,1,1,53,,0,12,37,2010,0,,64,53,42,14,14,14,1,1,23,2,7,,4,7,99,7,11,0,03-08-2020,04:38,2.16E+11,11286,0,0,0,3,1,0,,,,96,,,,,,9,,,,,,98070,53,64,140,6,1,0,0,0,3,,0,,,,,,3,09-15-2017,04-15-2018,8,1,9,0,0,9,8,,,0,,,8,1,2,1,,,1,,,2,1,0.235,,,,,,,,,,,,,,,,,,,,,,,,,,,,,,0,0,1,0,1,1,0,1,0,0,0,0,1,0,0,0,0,0,0,0,0,0,0,1,1,0,0,0,0,1,0,0,0,0,0,,1,0,0,0,0,1,0,1,0,1,0,0,0,1,0,1,,,,,,21-25,16-25,City street,U,Sunday,Unknown,PV,White,0,1,0,0,City Street,Municipal/City Police,Steilacoom Police Department,1,0,0,1,0,,,,,,0,0,0,,,,,,,,,,,98,98,98,1,,,,,20,7,,,,,,,,1,14,,,,,,
2021,244,635735,3,07-25-2021,16:57,25,7,July,,67,Thurston,0,1,,1,1,2,1,0,2,2,,,,12,0,6,Angle,40.6,2,0,2,4 Way,3,1,1,2,0,0,20,3,US-12,FORSTROM ST SW,-123.1181194,46.82405556,98579,0,1,87,Others,17,2,35,1,0,0,1,2,12,1,1,2,1,1,Going Straight,1,1,53,,0,49,402,2020,0,,12,,,,,,1,1,37,1,0,,1,0,3,0,11,5,,,,,0,0,3,3,1,0,,,,96,,,,,,0,,,,,,98282,53,71,185,6,1,0,0,0,0,,0,,,,,,0,,,8,0,0,0,8,9,8,,,0,,,8,8,0,0,,,0,,,0,0,996,,,,,,,,,,,,,,,,,,,,,,,,,,,,,,0,0,0,0,0,0,1,1,1,0,0,0,1,0,0,0,0,0,0,0,0,0,0,1,1,0,0,0,0,1,0,0,0,0,0,,0,0,0,0,0,0,0,0,0,0,0,0,0,0,0,0,,,,,,36-40,36-45,State route,R,Friday,Belt Used,PV,Not Fatal,0,1,1,0,State Route,State Patrol,Washington State Patrol,0,1,0,0,0,,,,,,0,0,0,,,,,,,,,,,98,98,98,0,,,,,20,7,,,,,,,,1,0,,,,,,
2020,244,634910,4,07-18-2020,12:35,18,7,July,,63,Spokane,0,1,,1,1,2,1,0,1,1,,,,39,0,0,No vehicle,263.5,1,0,1,No intersection,1,1,1,1,0,0,0,0,I-90,,-117.6693278,47.51988056,99014,0,1,1,Driver Off Road,13,2,70,6,0,0,1,2,39,1,1,2,2,1,Going Straight,1,1,53,,0,37,32,2002,0,,68,12,,,,,1,1,25,1,7,,4,0,3,0,11,5,02/15/2020,18:46,1.96E+11,8005,0,0,0,3,1,33,,,,96,,,,,,98,,,,,,98592,53,76,185,6,1,0,5,0,0,,0,,,,,,4,01-15-2016,11-15-2020,8,0,0,0,0,9,8,,,0,,,8,8,2,695,605,,1,1,,2,1,0,,,,,,,,,,,,,,,,,,,,,,,,,,,,,,0,0,0,0,0,0,1,1,1,0,0,0,1,0,0,0,0,0,0,0,0,0,0,1,1,0,0,0,0,1,0,0,0,0,0,,1,0,0,0,0,0,1,1,0,1,0,0,0,0,1,0,,,,,,21-25,16-25,State route,R,Friday,Belt Used,PV,White,0,1,1,0,State Route,State Patrol,Washington State Patrol,0,1,0,0,0,thc,0.91,carboxy-thc,5.9,,0,0,1,,,,,,,,,,,98,98,98,1,,,,,20,7,,,,,,,nms,1,0,,,,,,
2019,244,634222,146,06-20-2019,17:04,20,6,June,,77,Yakima,0,1,0,1,1,2,1,0,13,2,,,,12,0,6,Angle,0.5,2,0,2,4 Way,7,1,2,4,0,0,0,0,CR-ROSENKRANZ RD,N TIETON RD,-120.7523917,46.70945556,98947,0,2,89,Others,66,4,25,21,0,0,1,7,12,8,8,2,1,1,Going Straight,12,3,53,,0,42,48,2007,0,,64,25,,,,,1,1,20,1,1,,4,7,20,7,11,0,02/24/2020,00:42,1.01E+11,9545,0,0,0,3,1,0,,,,96,,,,,,98,,,,,,98671,53,70,153,6,1,0,2,1,3,,0,,,,,,3,01-15-2015,08-15-2020,1,1,9,0,0,9,8,,,0,,,8,8,8,95,,,96,,,2,98,997,,,,,,,,,,,,,,,,,,,,,,,,,,,,,,0,0,0,0,0,0,0,0,0,0,0,0,1,0,0,0,0,0,0,1,0,1,1,0,1,0,0,0,0,1,0,0,0,1,0,,1,0,0,0,0,0,0,0,0,1,0,0,0,0,0,0,,,,,,18-20,16-25,Interstate,U,Monday,Not Used,PV,Hispanic,0,1,0,0,State Route,State Patrol,Washington State Patrol,1,1,0,0,0,,,,,,0,0,0,,,,,,,,,,,98,98,98,1,,,,,20,7,,,,,,,,1,0,,,,,,
2018,244,633424,5,07-14-2018,16:36,14,7,July,0,15,Cowlitz,0,1,0,1,1,2,3,0,6,1,16:25,17:17,18:10,1,0,0,No vehicle,27.6,1,0,1,No intersection,1,1,1,1,0,0,0,0,I-5,,-122.8221389,45.97777222,98625,0,1,1,Driver Off Road,13,2,70,15,0,0,1,2,1,1,1,3,3,1,Going Straight,6,2,53,,0,54,38,2002,0,0,63,69,63,24,42,,1,1,25,1,0,,2,0,3,0,11,0,,,,,0,0,0,3,1,58,91,0,0,96,,,,,,9,,,,,,98620,53,73,155,6,1,1,0,1,0,,1,,,,,,0,03-15-2015,03-15-2015,8,0,0,0,8,9,8,,,0,0,0,8,1,2,695,605,,1,1,,2,1,0.15,,,,,,,,,,,,,,,,,,,,,,,,,,,,,,0,0,0,0,1,1,1,1,1,0,0,0,0,0,0,0,0,0,0,1,0,0,0,1,1,0,0,0,0,1,0,0,0,0,0,,0,0,0,0,0,1,1,1,0,0,0,0,0,0,0,1,,,,,,21-25,16-25,County road,R,Saturday,Belt Used,PV,Not Fatal,0,1,0,0,County Road,County Sheriff,Klickitat County Sheriff's Office,1,0,1,0,0,thc,2.3,carboxy-thc,7.8,,0,1,0,,,,,,,,,,,98,98,98,0,,,,,20,7,,,,,,,,,,,,,,,