year,something,Cases,repjur,crash_dt,crash_tm,accday,Month,Month,holiday,county,co_char,city,weather,weather2,lightcond,surfcond,surftype,Number of Fatalities,nmforms,pforms,vforms,not_tm,arr_tm,hosp_tm,fhevent,hitrun,Manner of Collision,Manner of Collision,milepnt,reljunc,reljuncinter,intersectiontype,Intersection Type,funcsystem,landuse,ownership,route,schlbus,spejur,contdev,devfunc,trafid1,trafid2,x,y,zipcode,wk_zone,vnumber,crashtype,Crash Type,criticalevent,criticaleventcat,spdlim,body,trailer,emerg,hazcargo,leave,mhevent,roadalgn,roadprof,traflane,trafflow,Vehicle Manure,Vehicle Manure,numoccs,regowner,regstate,,spuse,make,model,modelyr,vrf1,vrf2,seqevent1,seqevent2,seqevent3,seqevent4,seqevent5,seqevent6,pnumber,ptype,age,sex,hispanic,race,injury,diedscene,restraint,restraintmisuse,seatpos,takehosp,death_dt,death_tm,cert,cernum_wa,commlic,licendor,licrestrict,liccomp,drivpres,drf1,drf2,drf3,drf4,distract1,distract2,distract3,distract4,distract5,distract6,dricond1,dricond2,dricond3,dricond4,dricond5,dricond6,dzip,licstate,drhgt_in,weight,noncdl,noncdltype,prevdwi,prevoth,prevacc,prevspd,prevsus,driviol1,driviol2,driviol3,driviol4,driviol5,driviol6,spdrel,first_dt,last_dt,airbag,ejection,ejectpath,extricat,injurwrk,methalc,methdrug,nmlocat,strikveh,prf1,prf2,prf3,druginv,alcinvol,drugsts,drugres1,drugres2,drugres3,drugtst1,drugtst2,drugtst3,alcsts,alctst,alcres,nmact1,nmact2,nmact3,nmact4,nmact5,nmact6,nmprior1,nmprior2,nmprior3,nmprior4,nmprior5,nmprior6,nmcond1,nmcond2,nmcond3,nmcond4,nmcond5,nmcond6,nmsafe_helmet,nmsafe_pads,nmsafe_oth,nmprev_ref,nmprev_lgt,nmprev_oth,crashlocation,nmcrashtype,crosswalk,schoolzone,sidewalk,train_inv,wildlife_inv,rotr_fars,intersect_fars,Drink and Drive,aid_inv,Drug Positive Drivers,Impaired Drivers,Marijuana Positive,impnm_inv,ainm_inv,dpnm_inv,speed_inv,unlic_inv,unendmc_inv,drowsy_inv,drdist_inv,nmdist_inv,fty_inv,unrestfat_inv,dr1617_inv,dr1820_inv,dr1620_inv,dr2125_inv,dr1625_inv,dr65_inv,dr70_inv,dr75_inv,mc_inv,pv_inv,ht_inv,ped_inv,bike_inv,unrest_fat,mc_fat,unhelmet_mc,pv_fat,ht_fat,ped_fat,bike_fat,dr_alc7,dr_alc8,dr_drug,dr_imp,dr_dist,dr_spd,dr_fty,dr_unlic,dr_alc7only,dr_alc8only,dr_drugonly,dr_drink,nm_imp,nm_alc7,nm_alc8,nm_drug,nm_dist,agegrp1,agegrp2,roadclass,urbrur,dayweek,restuse,vehtype,race_me,intersect,lanedep,oppdir,wrongway,rep_typ,investag,repag_long,rotr,st_rd,cty_rd,city_rd,oth_rd,drug_thc,thc_res,drug_cthc,cthc_res,drug_cann,prevpersemin,prevperse,prevsusoth,drugtst4,drugtst5,drugtst6,drugtst7,drugtst8,drugres4,drugres5,drugres6,drugres7,drugres8,adspresent,adsengaged,adslevel,race1,race2,race3,race4,race5,helmet,helmetmisuse,nmdistract1,nmdistract2,nmdistract3,nmdistract4,nmdistract5,nmdistract6,lab,isedtcase,crf1,crf2,crf3,CoRoadName,CoMP,IntCoRoadName,IntCoMP
2019,244,634221,146,06-20-2019,17:04,20,6,June,,77,Yakima,0,1,0,1,1,2,1,0,13,2,,,,12,0,6,Angle,0.5,2,0,2,4 Way,7,1,2,4,0,0,20,3,CR-ROSENKRANZ RD,N TIETON RD,-120.7523917,46.70945556,98947,0,1,88,Striking from the Left,17,2,50,61,0,0,1,7,12,1,1,2,1,1,Going Straight,1,3,56,,0,37,32,2007,0,,63,67,42,1,,,1,1,55,1,7,,4,7,3,0,11,0,03-04-2020,03:35,53010312,10312,0,0,0,3,1,0,,,,0,,,,,,1,,,,,,98387,53,67,160,6,1,0,1,0,0,,0,,,,,,3,01-15-2019,01-15-2019,2,0,0,0,0,9,8,,,0,,,8,8,2,401,417,407,1,1,1,2,1,0,,,,,,,,,,,,,,,,,,,,,,,,,,,,,,0,0,1,0,0,0,1,1,0,0,0,0,1,0,0,0,0,0,0,0,0,0,0,0,0,0,0,0,0,1,0,0,0,0,0,,1,0,0,0,0,0,1,1,0,1,0,0,0,0,1,0,,,,,,51-55,46-55,County road,U,Wednesday,Belt Used,PV,Black,0,1,0,0,County Road,County Sheriff,Law Enforcement Support Agency,1,0,1,0,0,,,,,,0,0,0,1,,,,,402,,,,,98,98,98,2,,,,,20,7,,,,,,,,1,0,,,SPANAWAY LOOP RD S,1.32,,
2017,244,632669,2,07-10-2017,16:50,10,7,July,0,73,Whatcom,0,1,0,1,1,2,1,0,1,1,,,,18,0,0,No vehicle,86.7,1,0,1,No intersection,5,1,1,3,0,0,0,0,SR-9,,-122.309775,48.88116667,98247,0,1,15,Others,10,2,50,14,0,0,1,2,18,1,1,2,1,1,Going Straight,1,1,95,,0,48,44,2006,0,,8,,,,,,1,1,21,2,0,,0,0,3,0,11,0,,,,,0,0,0,3,1,10,,,,0,,,,,,0,,,,,,99001,53,67,150,6,1,0,0,0,1,,0,,,,,,0,10-15-2016,10-15-2016,20,0,0,0,8,3,2,,,0,,,8,8,8,95,,,96,,,8,95,995,,,,,,,,,,,,,,,,,,,,,,,,,,,,,,0,0,0,1,0,0,0,0,0,1,0,1,0,0,0,0,0,0,0,0,0,0,0,1,1,0,0,0,0,1,0,1,0,0,0,,0,0,0,0,0,0,0,0,0,0,0,0,0,0,0,0,,,,,,21-25,16-25,US highway,U,Tuesday,Belt Used,PV,Not Fatal,0,0,0,0,State Route,Municipal/City Police,Spokane Police Department,0,1,0,0,0,,,,,,0,0,0,,,,,,,,,,,98,98,98,0,,,,,20,7,,,,,,,,1,0,,,,,,
2021,245,635738,1,07-23-2021,11:29,23,7,July,,77,Yakima,0,1,,1,1,2,1,0,3,2,,,,12,0,6,Angle,2.5,8,0,1,No intersection,5,1,1,3,0,0,0,0,SR-821,,-120.4671694,46.70946944,98901,0,2,98,Others,98,7,45,34,1,0,1,5,12,1,1,2,1,11,Turning Red: Permitted on red,2,3,53,,0,58,32,1994,0,,63,33,69,68,64,42,1,1,24,1,2,,4,0,20,7,11,5,03-01-2020,13:33,1.96E+11,12041,0,0,2,2,1,74,,,,96,,,,,,98,,,,,,98038,53,67,140,1,1,2,1,1,1,,97,,,,,,4,01-15-2016,07-15-2019,20,0,0,0,0,9,8,,,0,,,8,8,2,1,,,1,,,2,1,0.169,,,,,,,,,,,,,,,,,,,,,,,,,,,,,,0,0,0,0,1,1,0,1,0,0,0,0,1,1,0,0,0,0,0,1,0,0,0,1,1,0,0,0,0,1,0,0,0,1,0,,1,0,0,0,0,1,0,1,0,1,0,1,0,1,0,1,,,,,,21-25,16-25,City street,U,Saturday,Not Used,PV,Hispanic,0,1,0,0,City Street,Municipal/City Police,Kent Police Department,1,0,0,1,0,,,,,,0,1,2,,,,,,,,,,,0,0,0,1,,,,,20,7,,,,,,,,1,0,,,,,,
2021,245,635737,1,07-23-2021,11:29,23,7,July,,77,Yakima,0,1,,1,1,2,1,0,3,2,,,,12,0,6,Angle,2.5,8,0,1,No intersection,5,1,1,3,0,0,0,0,SR-821,,-120.4671694,46.70946944,98901,0,1,98,Others,98,7,45,80,0,0,1,5,12,1,1,2,1,6,Others,1,1,53,,0,20,2,2006,0,,12,,,,,,1,1,64,2,0,,1,0,3,0,11,5,,,,,0,0,0,3,1,0,,,,96,,,,,,0,,,,,,98951,53,68,152,6,1,0,0,0,0,,0,,,,,,0,,,1,0,0,0,8,9,8,,,0,,,8,8,0,0,,,0,,,0,0,996,,,,,,,,,,,,,,,,,,,,,,,,,,,,,,0,0,0,1,0,0,0,0,0,0,0,0,0,1,1,0,0,0,1,0,0,0,0,0,0,1,0,0,1,1,0,0,0,0,0,,0,0,0,0,0,0,0,0,0,0,0,0,0,0,0,0,,,,,,61-65,56-65,State route,R,Friday,Belt Used,PV,Not Fatal,1,0,0,0,County Road,County Sheriff,Yakima County Sheriff's Office,0,0,1,0,0,,,,,,0,0,0,,,,,,,,,,,98,98,98,0,,,,,20,7,,,,,,,,1,0,,,FORT RD.,1.35,BECKER RD.,0.99
2020,245,634912,13,07-20-2020,15:13,20,7,July,,9,Clallam,0,1,,1,1,2,1,0,3,2,15:26,15:55,16:39,12,0,6,Angle,3.7,8,0,1,No intersection,6,1,2,4,0,0,0,0,CR-OBRIEN RD,,-123.3017167,48.09077778,98362,0,2,69,Initial Opposite Direction(Going Straight),62,4,35,80,0,0,1,2,12,1,2,2,1,1,Going Straight,2,2,53,,0,98,705,2007,0,,12,,,,,,1,1,65,1,7,,4,0,20,7,11,0,03-05-2020,06:35,1.96E+11,12237,0,0,3,2,1,38,,,,96,,,,,,0,,,,,,98936,53,69,175,1,1,0,1,0,0,,46,71,79,,,,0,12-15-2019,12-15-2019,20,8,0,0,0,9,8,,,0,,,8,8,0,0,,,0,,,0,0,996,,,,,,,,,,,,,,,,,,,,,,,,,,,,,,0,0,0,1,0,0,0,0,0,0,0,0,0,1,1,0,0,0,1,0,0,0,0,0,0,1,0,0,1,1,0,0,0,0,1,0,0,0,0,0,0,0,0,0,0,0,1,1,0,0,0,0,,,,,,61-65,56-65,State route,R,Friday,,MC,White,1,0,0,0,County Road,County Sheriff,Yakima County Sheriff's Office,0,0,1,0,0,,,,,,0,0,2,,,,,,,,,,,0,0,0,1,,,,,5,0,,,,,,,,1,0,,,FORT RD.,1.35,BECKER RD.,0.99
2020,245,634911,13,07-20-2020,15:13,20,7,July,,9,Clallam,0,1,,1,1,2,1,0,3,2,15:26,15:55,16:39,12,0,6,Angle,3.7,8,0,1,No intersection,6,1,2,4,0,0,0,0,CR-OBRIEN RD,,-123.3017167,48.09077778,98362,0,1,68,Initial Opposite Direction(Left/Right),15,2,35,34,0,0,1,2,12,1,2,2,1,11,Turning Red: Permitted on red,1,1,53,,0,2,405,2005,0,,68,64,69,71,33,67,1,1,29,2,1,,4,7,3,0,11,0,01/30/2020,02:42,1.02E+11,4620,0,0,3,3,1,0,,,,96,,,,,,8,,,,,,99301,53,66,134,6,1,0,0,0,2,,0,,,,,,5,04-15-2015,10-15-2019,8,2,1,0,0,9,8,,,0,,,8,8,2,1,,,1,,,2,1,0,,,,,,,,,,,,,,,,,,,,,,,,,,,,,,0,0,0,1,0,0,0,0,0,0,0,0,1,0,0,0,0,0,0,0,0,0,0,0,0,0,0,0,0,1,0,0,0,0,0,,1,0,0,0,0,0,0,0,0,1,0,0,0,0,0,0,,,,,,26-30,26-35,City street,U,Thursday,Belt Used,PV,Hispanic,1,0,0,0,City Street,Municipal/City Police,Kennewick Police Department,0,0,0,1,0,,,,,,0,0,0,,,,,,,,,,,98,98,98,98,,,,,20,7,,,,,,,,1,0,,,,,,
2019,245,634216,2,07-12-2019,23:03,12,7,July,,77,Yakima,0,1,0,3,1,2,1,2,2,1,,,,8,0,0,No vehicle,61.6,2,0,4,Y Intersection,4,2,1,2,0,3,3,3,US-97,FORT RD,-120.3297056,46.37501389,98951,0,1,13,Pedestrian/Animal,80,5,55,34,0,0,1,5,8,2,1,1,4,10,Others,2,1,53,,0,7,482,2010,0,,12,,,,,,1,1,35,2,0,,2,0,3,0,11,5,,,,,0,0,0,3,1,0,,,,96,,,,,,98,,,,,,98604,53,69,120,6,1,0,0,0,1,,0,,,,,,3,08-15-2017,08-15-2017,20,0,0,0,8,9,8,,,0,,,8,8,2,1,,,1,,,2,1,0,,,,,,,,,,,,,,,,,,,,,,,,,,,,,,0,0,0,0,0,0,0,0,0,0,0,0,1,0,0,0,0,0,1,0,0,0,0,0,0,0,0,0,0,1,0,0,0,0,0,,0,0,0,0,0,0,0,0,0,1,0,0,0,0,0,0,,,,,,31-35,26-35,County road,U,Tuesday,Belt Used,PV,Not Fatal,0,0,0,0,County Road,County Sheriff,Clark County Sheriff's Office,0,0,1,0,0,,,,,,0,0,0,,,,,,,,,,,98,98,98,0,,,,,20,7,,,,,,,,1,0,,,NE 78TH ST,5.41,,
2018,245,633432,4,07-15-2018,17:30,15,7,July,0,19,Ferry,0,1,0,1,1,2,1,0,2,2,,,,12,0,2,Front-to-Front,316.6,1,0,1,No intersection,4,1,1,3,0,0,0,0,SR-20,,-118.5144583,48.59887778,,0,2,51,Lateral Move(Going Straight),62,4,50,21,0,0,1,7,12,3,2,2,1,14,Making a U turn,1,3,53,,0,12,25,2017,0,,12,,,,,,1,1,54,2,7,,4,7,3,0,11,0,02/18/2020,19:31,53009825,9825,0,0,0,3,1,38,,,,96,,,,,,98,,,,,,98671,53,68,250,6,1,0,0,0,1,,0,,,,,,0,08-15-2018,08-15-2018,7,0,0,0,0,9,8,,,0,,,8,8,2,1,,,1,,,2,1,0,,,,,,,,,,,,,,,,,,,,,,,,,,,,,,0,0,0,0,0,0,0,0,0,0,0,0,1,0,0,0,0,0,1,0,0,0,0,0,0,0,0,0,0,1,0,0,0,0,0,,1,0,0,0,0,0,0,0,0,0,1,0,0,0,0,0,,,,,,51-55,46-55,County road,U,Tuesday,Belt Used,PV,White,0,0,0,0,County Road,County Sheriff,Clark County Sheriff's Office,0,0,1,0,0,,,,,,0,0,0,,,,,,,,,,,98,98,98,1,,,,,20,7,,,,,,,,1,0,,,NE 78TH ST,5.41,,
2018,245,633431,4,07-15-2018,17:30,15,7,July,0,19,Ferry,0,1,0,1,1,2,1,0,2,2,,,,12,0,2,Front-to-Front,316.6,1,0,1,No intersection,4,1,1,3,0,0,0,0,SR-20,,-118.5144583,48.59887778,,0,1,50,Lateral Move(Left/Right),9,1,55,80,0,0,1,2,12,2,2,2,1,14,Making a U turn,1,1,53,,0,72,706,1996,0,,12,,,,,,1,1,57,1,7,,4,0,20,7,11,1,02/26/2020,14:12,1.96E+11,9717,0,0,0,3,1,0,,,,96,,,,,,0,,,,,,98312,53,74,245,6,1,0,1,0,0,,0,,,,,,0,05-15-2018,05-15-2018,20,8,0,0,0,9,8,,,0,,,8,8,2,155,,,1,,,2,1,0.029,,,,,,,,,,,,,,,,,,,,,,,,,,,,,,0,0,0,0,1,0,1,1,0,0,0,0,0,0,0,0,0,0,0,0,0,0,0,0,0,0,0,0,1,1,0,0,0,0,1,0,0,0,0,0,1,0,1,1,0,0,0,0,0,0,0,1,,,,,,56-60,56-65,County road,U,Wednesday,,MC,White,0,0,0,0,County Road,County Sheriff,Kitsap County Sheriff's Office,0,0,1,0,0,,,,,,0,0,0,,,,,,,,,,,0,0,0,1,,,,,5,0,,,,,,,,0,0,,,SEABECK HIGHWAY NW,1.614,,
2017,245,632670,1,07-17-2017,04:00,17,7,July,0,71,Walla Walla,0,1,0,2,1,2,1,0,6,1,04:13,04:39,05:02,1,0,0,No vehicle,18.5,1,0,1,No intersection,4,1,1,3,0,0,0,0,SR-124,,-118.6780889,46.29716667,99348,0,1,98,Others,13,2,65,20,0,0,1,2,1,1,1,2,1,1,Going Straight,6,1,53,,0,37,32,1994,0,,12,,,,,,1,1,29,2,0,,0,0,3,0,11,0,,,,,0,0,0,3,1,10,,,,0,,,,,,98,,,,,,98370,53,62,175,6,1,0,1,0,0,,46,,,,,,0,05-15-2018,05-15-2018,1,0,0,0,8,9,8,,,0,,,8,8,8,95,,,96,,,8,95,995,,,,,,,,,,,,,,,,,,,,,,,,,,,,,,0,0,0,0,1,0,1,1,0,0,0,0,0,0,0,0,0,0,0,0,0,0,0,0,0,0,0,0,1,1,0,0,0,0,0,,0,0,0,0,0,0,0,0,0,0,0,0,0,0,0,0,,,,,,26-30,26-35,County road,U,Wednesday,Belt Used,PV,Not Fatal,0,0,0,0,County Road,County Sheriff,Kitsap County Sheriff's Office,0,0,1,0,0,,,,,,0,0,0,,,,,,,,,,,0,0,0,0,,,,,20,7,,,,,,,,0,0,,,SEABECK HIGHWAY NW,1.614,,
2021,246,635739,3,07-18-2021,18:07,18,7,July,,53,Pierce,2230,1,,1,1,1,2,0,2,1,,,,25,0,0,No vehicle,0.2,5,1,1,No intersection,1,2,1,1,0,0,0,0,I-705 RAMP,,-122.4322139,47.23595,98402,0,1,6,Drive off road,12,2,98,80,0,0,1,2,25,2,1,2,6,14,Making a U turn,2,1,53,,0,49,472,2016,0,,12,,,,,,1,1,49,1,7,,4,0,3,0,11,5,02/21/2020,10:31,81053008128,8128,0,0,0,3,1,0,,,,96,,,,,,0,,,,,,98815,53,75,230,6,1,0,1,0,1,,0,,,,,,0,01-15-2015,03-15-2018,8,0,0,0,0,9,8,,,0,,,8,8,2,1,,,1,,,2,1,0,,,,,,,,,,,,,,,,,,,,,,,,,,,,,,0,0,0,0,0,0,0,0,0,0,0,0,0,0,0,0,0,0,0,0,0,0,0,0,0,1,1,1,0,1,0,0,0,0,0,,1,0,0,0,0,0,0,0,0,0,0,0,0,0,0,0,,,,,,46-50,46-55,US highway,R,Friday,Belt Used,PV,White,0,1,1,0,State Route,State Patrol,Washington State Patrol,0,1,0,0,0,,,,,,0,0,0,,,,,,,,,,,98,98,98,1,,,,,20,7,,,,,,,,0,0,,,,,,
2020,246,634913,82,07-24-2020,06:26,24,7,July,,41,Lewis,300,10,,1,1,2,1,0,1,1,07:28,07:34,,43,0,0,No vehicle,0.4,3,1,2,4 Way,1,2,1,1,0,0,3,3,I-5,HARRISON AVE,-122.9777528,46.72760278,98531,0,1,1,Driver Off Road,15,2,98,20,0,0,1,2,43,1,1,2,6,11,Turning Red: Permitted on red,1,1,53,,0,12,481,2004,0,,68,12,,,,,1,1,75,1,0,,0,0,3,0,11,0,,,,,0,0,0,3,1,87,,,,96,,,,,,98,,,,,,98812,53,72,220,6,1,0,0,0,0,,0,,,,,,0,,,8,0,0,0,8,3,8,,,0,,,8,0,0,0,,,0,,,0,0,996,,,,,,,,,,,,,,,,,,,,,,,,,,,,,,0,0,0,0,0,0,0,0,0,0,0,0,0,0,0,0,0,0,0,0,0,0,0,0,0,1,1,1,0,1,0,0,0,0,0,,0,0,0,0,0,0,0,0,0,0,0,0,0,0,0,0,,,,,,71-75,66-75,US highway,R,Friday,Belt Used,PV,Not Fatal,0,1,1,0,State Route,State Patrol,Washington State Patrol,0,1,0,0,0,,,,,,0,0,0,,,,,,,,,,,98,98,98,0,,,,,20,7,,,,,,,,0,0,,,,,,
2018,246,633399,26,07-16-2018,00:00,16,7,July,0,35,Kitsap,0,1,0,2,1,2,1,0,1,1,,,,42,0,0,No vehicle,1.5,3,0,3,T Intersection,4,2,2,4,0,0,0,0,CR-BROWNSVILLE HWY NE,HOMEPOT PL NE,-122.6199472,47.65746111,98370,0,1,1,Driver Off Road,6,1,50,34,0,0,1,7,42,1,2,2,1,98,Others,1,1,53,,0,20,481,1998,0,,63,69,68,64,69,1,1,1,46,1,7,,4,7,20,7,11,0,02/25/2020,20:35,53009939,9939,0,0,0,0,1,58,,,,96,,,,,,98,,,,,,99224,53,73,230,0,0,0,0,0,0,,0,,,,,,0,10-15-2017,02-15-2017,20,1,9,0,0,9,8,,,0,,,8,8,2,996,401,417,1,1,1,2,1,0,,,,,,,,,,,,,,,,,,,,,,,,,,,,,,0,0,0,0,0,0,1,1,1,0,0,0,0,1,0,0,0,0,0,1,0,0,0,0,0,0,0,0,0,1,0,0,0,1,0,,1,0,0,0,0,0,1,1,0,0,0,1,0,0,1,0,,,,,,46-50,46-55,County road,R,Tuesday,Not Used,PV,White,0,0,0,0,County Road,County Sheriff,Spokane County Sheriff's Office,0,0,1,0,0,thc,4.9,carboxy-thc,14,,0,0,2,1,1,1,,,155,189,695,605,,0,0,0,1,,,,,20,7,,,,,,,nms,1,0,,,RAMBO RD,2.41,,
2017,246,632635,42,07-04-2017,08:04,4,7,July,5,67,Thurston,0,1,0,1,1,2,1,0,5,4,08:07,08:35,10:07,12,0,2,Front-to-Front,7.3,1,0,1,No intersection,4,2,2,4,0,0,0,0,CR-OLD HWY 99,,-122.9401111,46.83217778,98589,0,4,98,Others,98,7,50,34,0,0,1,5,54,1,1,2,1,1,Going Straight,2,2,53,,0,48,401,2010,0,,12,,,,,,1,1,72,1,0,,1,0,3,0,11,5,,,,,0,0,0,3,1,0,,,,96,,,,,,0,,,,,,98271,53,73,195,6,1,0,0,0,0,,0,,,,,,0,,,8,0,0,0,8,3,2,,,0,,,8,0,0,0,,,0,,,2,95,0,,,,,,,,,,,,,,,,,,,,,,,,,,,,,,0,0,0,1,1,0,1,1,1,0,0,0,0,1,0,0,0,0,0,0,0,0,0,0,0,1,1,0,0,1,0,0,0,0,0,,0,0,0,0,0,0,0,0,0,0,0,0,0,0,0,0,,,,,,71-75,66-75,US highway,R,Saturday,Belt Used,PV,Not Fatal,1,0,0,0,State Route,State Patrol,Washington State Patrol,0,1,0,0,0,,,,,,0,0,0,,,,,,,,,,,98,98,98,0,,,,,20,7,,,,,,,,1,0,,,,,,
2017,246,632634,42,07-04-2017,08:04,4,7,July,5,67,Thurston,0,1,0,1,1,2,1,0,5,4,08:07,08:35,10:07,12,0,2,Front-to-Front,7.3,1,0,1,No intersection,4,2,2,4,0,0,0,0,CR-OLD HWY 99,,-122.9401111,46.83217778,98589,0,3,98,Others,98,7,50,6,0,0,1,5,54,1,1,2,1,1,Going Straight,1,1,53,,0,48,38,1993,0,,12,12,,,,,1,1,35,1,0,,2,0,3,0,11,5,,,,,0,0,0,0,1,0,,,,96,,,,,,9,,,,,,98363,53,77,215,0,0,1,0,1,2,,97,,,,,,0,04-15-2016,10-15-2018,1,0,0,0,8,3,8,,,0,,,8,1,2,695,,,1,,,2,1,0,,,,,,,,,,,,,,,,,,,,,,,,,,,,,,0,0,0,1,1,0,1,1,1,0,0,0,0,1,0,0,0,0,0,0,0,0,0,0,0,1,1,0,0,1,0,0,0,0,0,,0,0,0,0,0,0,1,1,0,0,0,1,0,0,1,1,,,,,,31-35,26-35,US highway,R,Saturday,Belt Used,PV,Not Fatal,1,0,0,0,State Route,State Patrol,Washington State Patrol,0,1,0,0,0,,,carboxy-thc,15,,0,0,1,,,,,,,,,,,0,0,0,0,,,,,20,7,,,,,,,,1,0,,,,,,
2017,246,632633,42,07-04-2017,08:04,4,7,July,5,67,Thurston,0,1,0,1,1,2,1,0,5,4,08:07,08:35,10:07,12,0,2,Front-to-Front,7.3,1,0,1,No intersection,4,2,2,4,0,0,0,0,CR-OLD HWY 99,,-122.9401111,46.83217778,98589,0,2,51,Lateral Move(Going Straight),62,4,50,67,0,0,1,2,12,1,1,2,1,1,Going Straight,1,1,53,,0,18,401,2005,0,,12,,,,,,1,1,70,2,0,,2,0,3,0,11,5,,,,,0,0,0,3,1,91,,,,96,,,,,,9,,,,,,98368,53,66,150,6,1,0,0,0,3,,1,,,,,,0,09-15-2015,03-15-2019,8,0,0,0,8,3,2,,,0,,,1,8,2,1,,,1,,,2,1,0,,,,,,,,,,,,,,,,,,,,,,,,,,,,,,0,0,0,1,1,0,1,1,1,0,0,0,0,1,0,0,0,0,0,0,0,0,0,0,0,1,1,0,0,1,0,0,0,0,0,,0,0,0,0,0,0,0,0,0,0,0,0,0,0,0,0,,,,,,66-70,66-75,US highway,R,Saturday,Belt Used,PV,Not Fatal,1,0,0,0,State Route,State Patrol,Washington State Patrol,0,1,0,0,0,,,,,,0,0,0,,,,,,,,,,,98,98,98,0,,,,,20,7,,,,,,,,1,0,,,,,,
2017,246,632632,42,07-04-2017,08:04,4,7,July,5,67,Thurston,0,1,0,1,1,2,1,0,5,4,08:07,08:35,10:07,12,0,2,Front-to-Front,7.3,1,0,1,No intersection,4,2,2,4,0,0,0,0,CR-OLD HWY 99,,-122.9401111,46.83217778,98589,0,1,50,Lateral Move(Left/Right),10,2,50,15,0,0,1,2,12,1,1,2,1,1,Going Straight,1,1,53,,0,49,401,2010,0,,12,,,,,,1,1,37,2,0,,1,0,3,0,11,5,,,,,0,0,0,3,1,0,,,,96,,,,,,0,,,,,,98329,53,67,160,6,1,0,0,0,0,,0,,,,,,0,,,20,0,0,0,8,9,8,,,0,,,8,8,8,95,,,96,,,8,95,995,,,,,,,,,,,,,,,,,,,,,,,,,,,,,,0,0,0,1,0,0,0,0,0,0,0,0,0,0,0,0,0,0,0,0,0,0,0,0,0,1,1,1,0,1,0,0,0,0,0,,0,0,0,0,0,0,0,0,0,0,0,0,0,0,0,0,,,,,,36-40,36-45,County road,U,Monday,Belt Used,PV,Not Fatal,1,0,0,0,County Road,County Sheriff,Law Enforcement Support Agency,0,0,1,0,0,,,,,,0,0,0,,,,,,,,,,,98,98,98,0,,,,,20,7,,,,,,,,1,0,,,KEY PENINSULA HWY NW,2.51,134 AVE NW,0.17
2019,246,634218,288,07-25-2019,23:03,25,7,July,,53,Pierce,2210,1,0,3,1,2,1,1,1,1,,,,9,1,0,No vehicle,0,1,0,1,No intersection,7,2,4,6,0,0,0,0,W VALLEY HWY E,,-122.2521667,47.21118889,98390,0,1,13,Pedestrian/Animal,83,5,98,34,0,0,1,5,9,8,8,2,1,1,Going Straight,99,9,99,,0,63,32,2018,0,,12,,,,,,1,1,93,2,7,,4,7,3,0,11,0,02/17/2020,15:00,53009184,9184,0,0,3,3,1,0,,,,96,,,,,,98,,,,,,98367,53,62,139,6,1,0,0,0,0,,0,,,,,,0,,,1,0,0,0,0,9,8,,,0,,,8,8,2,1,,,1,,,2,1,0,,,,,,,,,,,,,,,,,,,,,,,,,,,,,,0,0,0,1,0,0,0,0,0,0,0,0,0,0,0,0,0,0,0,0,0,0,0,0,0,1,1,1,0,1,0,0,0,0,0,,1,0,0,0,0,0,0,0,0,0,0,0,0,0,0,0,,,,,,81+,76+,County road,U,Monday,Belt Used,PV,White,1,0,0,0,County Road,County Sheriff,Law Enforcement Support Agency,0,0,1,0,0,,,,,,0,0,0,,,,,,,,,,,98,98,98,1,,,,,20,7,,,,,,,,1,0,,,KEY PENINSULA HWY NW,2.51,134 AVE NW,0.17
2021,247,635741,35,07-21-2021,16:40,21,7,July,,53,Pierce,0,1,,1,1,2,1,0,3,2,,,,12,0,6,Angle,5.5,2,0,2,4 Way,3,2,2,4,0,0,3,3,CR-STEELE ST S,SALES RD S,-122.4672167,47.16259444,98444,0,2,87,Others,66,4,35,34,0,0,1,2,12,1,1,3,5,1,Going Straight,1,1,53,,0,82,881,1995,0,,12,,,,,,1,1,59,1,0,,0,0,3,0,11,0,,,,,6,1,0,3,1,0,,,,96,,,,,,0,,,,,,98168,53,70,240,6,1,0,0,0,0,,0,,,,,,0,,,20,0,0,0,8,9,8,,,0,,,8,8,0,0,,,0,,,0,0,996,,,,,,,,,,,,,,,,,,,,,,,,,,,,,,0,0,0,0,0,0,0,0,0,0,0,0,0,0,0,0,1,0,0,0,0,0,0,0,0,1,1,0,0,1,1,0,0,0,0,,0,0,0,0,0,0,0,0,0,0,0,0,0,0,0,0,,,,,,56-60,56-65,City street,U,Wednesday,,MHTRUCK,Not Fatal,0,1,1,0,City Street,Municipal/City Police,Kent Police Department,0,0,0,1,0,,,,,,0,0,0,,,,,,,,,,,0,0,0,0,,,,,20,7,,,,,,,,1,0,,,,,,