year,something,Cases,repjur,crash_dt,crash_tm,accday,Month,Month,holiday,county,co_char,city,weather,weather2,lightcond,surfcond,surftype,Number of Fatalities,nmforms,pforms,vforms,not_tm,arr_tm,hosp_tm,fhevent,hitrun,Manner of Collision,Manner of Collision,milepnt,reljunc,reljuncinter,intersectiontype,Intersection Type,funcsystem,landuse,ownership,route,schlbus,spejur,contdev,devfunc,trafid1,trafid2,x,y,zipcode,wk_zone,vnumber,crashtype,Crash Type,criticalevent,criticaleventcat,spdlim,body,trailer,emerg,hazcargo,leave,mhevent,roadalgn,roadprof,traflane,trafflow,Vehicle Manure,Vehicle Manure,numoccs,regowner,regstate,,spuse,make,model,modelyr,vrf1,vrf2,seqevent1,seqevent2,seqevent3,seqevent4,seqevent5,seqevent6,pnumber,ptype,age,sex,hispanic,race,injury,diedscene,restraint,restraintmisuse,seatpos,takehosp,death_dt,death_tm,cert,cernum_wa,commlic,licendor,licrestrict,liccomp,drivpres,drf1,drf2,drf3,drf4,distract1,distract2,distract3,distract4,distract5,distract6,dricond1,dricond2,dricond3,dricond4,dricond5,dricond6,dzip,licstate,drhgt_in,weight,noncdl,noncdltype,prevdwi,prevoth,prevacc,prevspd,prevsus,driviol1,driviol2,driviol3,driviol4,driviol5,driviol6,spdrel,first_dt,last_dt,airbag,ejection,ejectpath,extricat,injurwrk,methalc,methdrug,nmlocat,strikveh,prf1,prf2,prf3,druginv,alcinvol,drugsts,drugres1,drugres2,drugres3,drugtst1,drugtst2,drugtst3,alcsts,alctst,alcres,nmact1,nmact2,nmact3,nmact4,nmact5,nmact6,nmprior1,nmprior2,nmprior3,nmprior4,nmprior5,nmprior6,nmcond1,nmcond2,nmcond3,nmcond4,nmcond5,nmcond6,nmsafe_helmet,nmsafe_pads,nmsafe_oth,nmprev_ref,nmprev_lgt,nmprev_oth,crashlocation,nmcrashtype,crosswalk,schoolzone,sidewalk,train_inv,wildlife_inv,rotr_fars,intersect_fars,Drink and Drive,aid_inv,Drug Positive Drivers,Impaired Drivers,Marijuana Positive,impnm_inv,ainm_inv,dpnm_inv,speed_inv,unlic_inv,unendmc_inv,drowsy_inv,drdist_inv,nmdist_inv,fty_inv,unrestfat_inv,dr1617_inv,dr1820_inv,dr1620_inv,dr2125_inv,dr1625_inv,dr65_inv,dr70_inv,dr75_inv,mc_inv,pv_inv,ht_inv,ped_inv,bike_inv,unrest_fat,mc_fat,unhelmet_mc,pv_fat,ht_fat,ped_fat,bike_fat,dr_alc7,dr_alc8,dr_drug,dr_imp,dr_dist,dr_spd,dr_fty,dr_unlic,dr_alc7only,dr_alc8only,dr_drugonly,dr_drink,nm_imp,nm_alc7,nm_alc8,nm_drug,nm_dist,agegrp1,agegrp2,roadclass,urbrur,dayweek,restuse,vehtype,race_me,intersect,lanedep,oppdir,wrongway,rep_typ,investag,repag_long,rotr,st_rd,cty_rd,city_rd,oth_rd,drug_thc,thc_res,drug_cthc,cthc_res,drug_cann,prevpersemin,prevperse,prevsusoth,drugtst4,drugtst5,drugtst6,drugtst7,drugtst8,drugres4,drugres5,drugres6,drugres7,drugres8,adspresent,adsengaged,adslevel,race1,race2,race3,race4,race5,helmet,helmetmisuse,nmdistract1,nmdistract2,nmdistract3,nmdistract4,nmdistract5,nmdistract6,lab,isedtcase,crf1,crf2,crf3,CoRoadName,CoMP,IntCoRoadName,IntCoMP
2021,247,635740,35,07-21-2021,16:40,21,7,July,,53,Pierce,0,1,,1,1,2,1,0,3,2,,,,12,0,6,Angle,5.5,2,0,2,4 Way,3,2,2,4,0,0,3,3,CR-STEELE ST S,SALES RD S,-122.4672167,47.16259444,98444,0,1,86,Others,17,2,35,4,0,0,1,2,12,1,1,5,5,1,Going Straight,2,2,53,,0,51,47,2006,0,,68,12,,,,,1,1,74,1,7,,4,7,3,0,11,0,02/19/2020,06:57,1.96E+11,8360,0,0,3,3,1,28,87,,,92,,,,,,98,,,,,,98106,53,71,150,6,1,0,0,0,1,,0,,,,,,0,08-15-2017,08-15-2017,2,0,0,0,0,9,8,,,0,,,8,8,2,1,,,1,,,2,1,0,,,,,,,,,,,,,,,,,,,,,,,,,,,,,,0,0,0,0,0,0,0,0,0,0,0,0,0,0,0,0,1,0,0,0,0,0,0,0,0,1,1,0,0,1,1,0,0,0,0,,1,0,0,0,0,0,0,0,1,0,0,0,0,0,0,0,,,,,,71-75,66-75,City street,U,Wednesday,Belt Used,PV,API,0,1,1,0,City Street,Municipal/City Police,Kent Police Department,0,0,0,1,0,,,,,,0,0,0,,,,,,,,,,,98,98,98,18,,,,,20,7,,,,,,,,1,0,,,,,,
2020,247,634915,2,07-20-2020,17:05,20,7,July,,29,Island,0,1,,1,1,2,1,0,7,2,17:09,17:13,18:13,12,0,6,Angle,19.2,2,0,2,4 Way,3,1,1,3,0,0,0,0,SR-525,BUSH POINT RD,-122.5454833,48.01518333,98249,0,2,83,Others,67,4,45,67,1,0,1,2,12,1,2,4,1,1,Going Straight,5,1,53,,0,72,706,2006,0,,1,,,,,,1,1,62,1,7,,4,0,20,7,11,5,02/19/2020,09:53,1.96E+11,8097,0,0,3,3,1,6,,,,96,,,,,,98,,,,,,98338,53,73,260,6,1,0,1,2,0,,0,,,,,,0,03-15-2017,07-15-2019,20,8,0,0,0,9,8,,,0,,,8,8,2,1,,,1,,,2,1,0,,,,,,,,,,,,,,,,,,,,,,,,,,,,,,0,0,0,1,0,0,0,0,0,0,0,0,0,0,0,0,0,0,0,0,0,0,0,0,0,0,0,0,1,0,0,0,0,0,1,1,0,0,0,0,0,0,0,0,0,0,0,0,0,0,0,0,,,,,,61-65,56-65,City street,U,Saturday,,MC,White,0,0,0,0,City Street,Municipal/City Police,Tukwila Police Department,0,0,0,1,0,,,,,,0,0,0,,,,,,,,,,,0,0,0,1,,,,,16,0,,,,,,,,0,0,,,,,,
2020,247,634914,2,07-20-2020,17:05,20,7,July,,29,Island,0,1,,1,1,2,1,0,7,2,17:09,17:13,18:13,12,0,6,Angle,19.2,2,0,2,4 Way,3,1,1,3,0,0,20,3,SR-525,BUSH POINT RD,-122.5454833,48.01518333,98249,0,1,82,Turn Into Opp Direction(Turning Left),15,2,45,4,0,0,1,2,12,1,2,2,1,11,Turning Red: Permitted on red,2,2,53,,0,37,32,1999,0,,12,,,,,,1,1,22,1,1,,4,7,20,7,11,0,02/14/2020,19:09,53007275,7275,0,0,0,2,1,0,,,,96,,,,,,0,,,,,,98951,53,66,173,1,1,0,2,0,2,,0,,,,,,0,01-15-2015,11-15-2019,8,0,0,0,0,9,8,,,0,,,8,8,2,695,605,,1,1,,2,1,0,,,,,,,,,,,,,,,,,,,,,,,,,,,,,,0,0,0,0,1,0,1,1,1,0,0,0,0,1,0,0,0,0,0,1,0,0,0,1,1,0,0,0,0,1,0,0,0,1,0,,1,0,0,0,0,0,1,1,0,0,0,1,0,0,1,0,,,,,,21-25,16-25,County road,R,Friday,Not Used,PV,Hispanic,0,1,1,0,County Road,County Sheriff,Yakima County Sheriff's Office,0,0,1,0,0,thc,0.97,carboxy-thc,12,,0,0,4,,,,,,,,,,,0,0,0,3,,,,,20,7,,,,,,,nms,0,0,,,YAKIMA VALLEY HIGHWAY,6.87,,
2019,247,634219,2,07-24-2019,14:12,24,7,July,,73,Whatcom,0,1,0,1,1,7,1,0,1,1,,,,35,0,0,No vehicle,7.9,1,0,1,No intersection,5,1,2,4,0,0,0,0,CR-S PASS RD,,-122.1765667,48.96277222,98295,0,1,1,Driver Off Road,13,2,35,80,0,0,1,2,35,1,1,2,1,1,Going Straight,1,1,53,,0,22,20,2004,0,,68,12,,,,,1,1,22,1,0,,3,0,3,0,11,5,,,,,0,0,0,3,1,28,91,,,96,,,,,,9,,,,,,98591,53,71,145,6,1,0,0,1,0,,1,,,,,,0,03-15-2018,03-15-2018,8,0,0,0,8,3,2,,,0,,,1,1,2,348,,,1,,,2,1,0.078,,,,,,,,,,,,,,,,,,,,,,,,,,,,,,0,0,0,0,1,0,1,1,1,0,0,0,0,1,0,0,0,0,0,1,0,0,0,1,1,0,0,0,0,1,0,0,0,0,0,,0,0,0,0,1,0,1,1,0,0,0,0,0,0,0,1,,,,,,21-25,16-25,County road,R,Friday,Belt Used,PV,Not Fatal,0,1,1,0,County Road,County Sheriff,Yakima County Sheriff's Office,0,0,1,0,0,,,,,,0,0,0,,,,,,,,,,,98,98,98,0,,,,,20,7,,,,,,,,0,0,,,YAKIMA VALLEY HIGHWAY,6.87,,
2018,247,633401,55,07-12-2018,21:21,12,7,July,0,33,King,100,1,0,5,1,2,1,0,2,2,,,,12,0,2,Front-to-Front,0,4,0,1,No intersection,3,2,4,6,0,0,0,0,A ST SE,,-122.2289111,47.28015556,98002,0,2,69,Initial Opposite Direction(Going Straight),62,4,40,80,0,0,1,7,12,1,1,5,5,1,Going Straight,1,1,53,,0,22,18,2004,0,,12,63,34,,,,1,1,26,2,0,,2,0,3,0,11,5,,,,,0,0,3,3,1,0,,,,96,,,,,,0,,,,,,98047,53,64,330,6,1,0,1,1,0,,0,,,,,,0,07-15-2016,08-15-2018,8,0,0,0,8,9,8,,,0,,,8,8,8,95,,,96,,,8,95,995,,,,,,,,,,,,,,,,,,,,,,,,,,,,,,0,0,0,0,0,0,1,1,0,0,0,0,0,0,0,0,0,0,0,0,0,0,0,0,0,0,0,0,0,1,1,0,0,0,0,,0,0,0,0,0,0,0,0,0,0,0,0,0,0,0,0,,,,,,26-30,26-35,State route,U,Monday,Belt Used,PV,Not Fatal,0,0,0,0,State Route,Municipal/City Police,Federal Way Dept of Public Safety,0,1,0,0,0,,,,,,0,0,0,,,,,,,,,,,98,98,98,0,,,,,20,7,,,,,,,,0,0,,,,,,
2018,247,633400,55,07-12-2018,21:21,12,7,July,0,33,King,100,1,0,5,1,2,1,0,2,2,,,,12,0,2,Front-to-Front,0,4,0,1,No intersection,3,2,4,6,0,0,0,0,A ST SE,,-122.2289111,47.28015556,98002,0,1,68,Initial Opposite Direction(Left/Right),15,2,40,34,0,0,1,7,12,1,1,5,5,11,Turning Red: Permitted on red,1,2,53,,0,37,421,2017,0,,12,,,,,,1,1,50,2,7,,4,7,3,0,11,0,02-03-2020,09:26,73553005644,5644,0,0,0,3,1,0,,,,96,,,,,,0,,,,,,98354,53,63,125,6,1,0,0,0,0,,0,,,,,,0,,,8,0,0,1,0,9,8,,,0,,,8,8,2,1,,,1,,,2,1,0,,,,,,,,,,,,,,,,,,,,,,,,,,,,,,0,0,0,0,0,0,1,1,0,0,0,0,0,0,0,0,0,0,0,0,0,0,0,0,0,0,0,0,0,1,1,0,0,0,0,,1,0,0,0,0,0,0,0,0,0,0,0,0,0,0,0,,,,,,46-50,46-55,State route,U,Monday,Belt Used,PV,White,0,0,0,0,State Route,Municipal/City Police,Federal Way Dept of Public Safety,0,1,0,0,0,,,,,,0,0,0,,,,,,,,,,,98,98,98,1,,,,,20,7,,,,,,,,0,0,,,,,,
2017,247,632637,4,07-03-2017,02:57,3,7,July,5,63,Spokane,0,1,0,2,1,2,2,0,3,1,,,,42,0,0,No vehicle,81.7,1,0,1,No intersection,5,1,1,3,0,0,0,0,SR-27,,-117.2238389,47.57366667,99023,0,1,1,Driver Off Road,13,2,55,20,0,0,1,2,42,3,2,2,1,14,Making a U turn,3,1,53,,0,51,881,2012,0,,12,,,,,,1,1,59,1,0,,0,0,2,0,11,0,,,,,6,0,0,3,1,0,,,,96,,,,,,0,,,,,,98030,53,72,200,6,1,0,0,0,0,,0,,,,,,0,,,20,0,0,0,8,9,8,,,0,,,8,8,8,95,,,96,,,8,95,995,,,,,,,,,,,,,,,,,,,,,,,,,,,,,,0,0,0,0,0,0,1,1,0,0,0,0,0,0,0,0,0,0,0,0,0,0,0,0,0,0,0,0,0,1,1,0,0,0,0,,0,0,0,0,0,0,0,0,0,0,0,0,0,0,0,0,,,,,,56-60,56-65,State route,U,Monday,,MHTRUCK,Not Fatal,0,0,0,0,State Route,Municipal/City Police,Federal Way Dept of Public Safety,0,1,0,0,0,,,,,,0,0,0,,,,,,,,,,,98,98,98,0,,,,,20,7,,,,,,,,0,0,,,,,,
2020,248,634917,29,07-18-2020,18:45,18,7,July,,41,Lewis,0,1,,5,1,2,1,0,2,2,18:47,18:55,,12,0,6,Angle,3.4,8,0,1,No intersection,7,1,2,4,0,0,0,0,CR-LARMON RD,,-122.7253167,46.54658333,98570,0,2,83,Others,72,4,50,80,0,0,1,2,12,1,1,2,1,1,Going Straight,1,2,41,,0,87,881,1991,0,,12,68,12,12,,,1,1,51,1,0,,1,0,3,0,11,5,,,,,6,1,0,3,1,28,,,,96,,,,,,98,,,,,,98360,53,69,210,6,1,0,2,5,2,,97,,,,,,0,12-15-2016,03-15-2019,20,0,0,0,8,9,8,,,0,,,8,8,2,402,,,1,,,2,1,0,,,,,,,,,,,,,,,,,,,,,,,,,,,,,,0,0,0,0,0,0,1,1,0,0,0,0,0,0,0,0,0,0,0,0,0,0,0,0,0,0,0,0,0,1,1,0,0,0,0,,0,0,0,0,0,0,1,1,0,0,0,0,0,0,1,0,,,,,,51-55,46-55,State route,U,Monday,,MHTRUCK,Not Fatal,0,0,0,0,State Route,Municipal/City Police,Federal Way Dept of Public Safety,0,1,0,0,0,,,,,,0,0,2,,,,,,,,,,,0,0,0,0,,,,,20,7,,,,,,,,0,0,,,,,,
2021,248,635746,6,07-15-2021,06:22,15,7,July,,25,Grant,0,1,,4,1,2,1,0,2,2,,,,12,0,6,Angle,18.2,2,0,2,4 Way,2,1,1,3,0,0,0,0,SR-26,RD F SW,-119.6184694,46.89392222,99357,0,2,88,Striking from the Left,66,4,60,66,2,0,1,2,12,1,1,3,1,1,Going Straight,1,3,53,,0,39,37,2009,0,,63,59,26,1,,,1,1,38,1,1,,4,7,3,0,11,0,01/31/2020,10:48,2.59E+11,5389,0,0,3,3,1,0,,,,96,,,,,,98,,,,,,98901,53,69,175,6,1,0,0,0,0,,0,,,,,,3,,,8,2,9,0,0,9,8,,,0,,,8,8,2,695,,,1,,,2,1,0.226,,,,,,,,,,,,,,,,,,,,,,,,,,,,,,0,0,1,0,1,1,1,1,1,0,0,0,1,0,0,0,0,0,0,0,0,0,0,0,0,0,0,0,0,1,0,0,0,0,0,,1,0,0,0,0,1,1,1,0,1,0,0,0,0,0,1,,,,,,36-40,36-45,City street,U,Friday,Belt Used,PV,Hispanic,0,1,0,0,City Street,Municipal/City Police,Yakima Police Department,1,0,0,1,0,,,carboxy-thc,6.4,,0,0,0,,,,,,,,,,,98,98,98,98,,,,,20,7,,,,,,,nms,1,0,,,,,,
2021,248,635745,6,07-15-2021,06:22,15,7,July,,25,Grant,0,1,,4,1,2,1,0,2,2,,,,12,0,6,Angle,18.2,2,0,2,4 Way,2,1,1,3,0,0,20,3,SR-26,RD F SW,-119.6184694,46.89392222,99357,0,1,89,Others,17,2,50,15,0,0,1,2,12,1,1,2,1,1,Going Straight,1,2,53,,0,86,890,1985,0,,12,,,,,,1,1,51,1,0,,0,0,20,7,11,0,,,,,6,1,0,3,1,0,,,,96,,,,,,0,,,,,,98837,53,68,250,6,1,0,0,0,0,,0,,,,,,0,,,20,0,0,0,8,9,8,,,0,,,8,8,2,1,,,1,,,2,1,0,,,,,,,,,,,,,,,,,,,,,,,,,,,,,,0,0,0,1,0,0,0,0,0,0,0,0,1,0,0,0,0,0,1,0,0,0,0,0,0,0,0,0,0,1,1,0,0,0,0,,0,0,0,0,0,0,0,0,0,0,0,0,0,0,0,0,,,,,,51-55,46-55,County road,R,Sunday,,MHTRUCK,Not Fatal,1,0,0,0,County Road,County Sheriff,Kittitas County Sheriff's Office,0,0,1,0,0,,,,,,0,0,0,,,,,,,,,,,0,0,0,0,,,,,20,7,,,,,,,,1,0,,,COVE RD,3.14,HANSON RD,3.08
2020,248,634916,29,07-18-2020,18:45,18,7,July,,41,Lewis,0,1,,5,0,0,1,0,2,2,18:47,18:55,,12,0,6,Angle,3.4,8,0,1,No intersection,7,1,2,4,0,0,0,0,CR-LARMON RD,,-122.7253167,46.54658333,98570,0,1,82,Turn Into Opp Direction(Turning Left),15,2,0,34,1,0,1,5,12,0,0,0,0,11,Turning Red: Permitted on red,1,1,53,,0,35,472,2002,0,,12,,,,,,1,1,29,1,7,,4,8,3,0,11,1,02-02-2020,18:12,62053005678,5678,0,0,3,3,1,38,39,,,96,,,,,,98,,,,,,98926,53,71,220,6,1,0,0,0,0,,0,,,,,,3,,,1,0,0,1,0,9,8,,,0,,,8,8,8,95,,,96,,,8,95,995,,,,,,,,,,,,,,,,,,,,,,,,,,,,,,0,0,0,1,0,0,0,0,0,0,0,0,1,0,0,0,0,0,1,0,0,0,0,0,0,0,0,0,0,1,1,0,0,0,0,,1,0,0,0,0,0,0,0,0,1,1,0,0,0,0,0,,,,,,26-30,26-35,County road,R,Sunday,Belt Used,PV,Multiracial,1,0,0,0,County Road,County Sheriff,Kittitas County Sheriff's Office,0,0,1,0,0,,,,,,0,0,0,,,,,,,,,,,98,98,98,278,201,207,,,20,7,,,,,,,,1,0,,,COVE RD,3.14,HANSON RD,3.08
2019,248,634220,189,07-27-2019,01:52,27,7,July,,61,Snohomish,1280,1,0,2,1,2,1,1,2,1,,,,8,0,0,No vehicle,6.9,1,0,1,No intersection,3,2,1,3,0,0,0,0,SR-529,,-122.1806194,48.03826111,98270,0,1,13,Pedestrian/Animal,80,5,55,61,0,2,1,5,8,1,1,2,2,1,Going Straight,2,3,53,,0,41,51,2005,0,,54,,,,,,1,1,32,1,0,,0,0,3,0,11,0,,,,,0,0,0,3,1,0,,,,96,,,,,,0,,,,,,92106,6,65,180,6,1,0,0,0,0,,0,,,,,,0,,,20,0,0,0,8,9,8,,,0,,,8,8,0,0,,,0,,,0,0,996,,,,,,,,,,,,,,,,,,,,,,,,,,,,,,0,0,0,0,1,1,0,1,0,0,0,0,1,0,0,0,0,0,0,1,0,0,0,0,0,0,0,0,0,1,1,0,0,0,0,,0,0,0,0,0,0,0,0,0,0,0,0,0,0,0,0,,,,,,31-35,26-35,Interstate,U,Wednesday,Belt Used,PV,Not Fatal,0,0,0,1,State Route,State Patrol,Washington State Patrol,0,1,0,0,0,,,,,,0,0,0,,,,,,,,,,,98,98,98,0,,,,,20,7,,,,,,,,1,14,,,,,,
2018,248,633425,3,07-22-2018,17:27,22,7,July,0,53,Pierce,0,1,0,1,1,2,1,0,2,1,,,,42,0,0,No vehicle,26.6,1,0,1,No intersection,4,1,1,3,0,0,0,0,SR-7,,-122.3179778,46.84316944,98328,0,1,1,Driver Off Road,13,2,50,14,1,0,1,2,42,1,1,2,1,1,Going Straight,2,1,53,,0,51,881,2016,0,,12,64,25,,,,1,1,59,1,0,,0,0,3,0,11,0,,,,,6,1,0,3,1,0,,,,96,,,,,,0,,,,,,97206,41,69,190,6,1,0,0,0,1,,0,,,,,,0,10-15-2015,10-15-2015,1,0,0,0,8,9,8,,,0,,,8,8,0,0,,,0,,,0,0,996,,,,,,,,,,,,,,,,,,,,,,,,,,,,,,0,0,0,0,1,1,0,1,0,0,0,0,1,0,0,0,0,0,0,1,0,0,0,0,0,0,0,0,0,1,1,0,0,0,0,,0,0,0,0,0,0,0,0,0,0,0,0,0,0,0,0,,,,,,56-60,56-65,Interstate,U,Wednesday,,MHTRUCK,Not Fatal,0,0,0,1,State Route,State Patrol,Washington State Patrol,0,1,0,0,0,,,,,,0,0,0,,,,,,,,,,,98,98,98,0,,,,,20,7,,,,,,,,1,14,,,,,,
2017,248,632675,305,07-09-2017,01:38,9,7,July,0,11,Clark,2370,1,0,3,1,2,1,1,1,1,,,,8,0,0,No vehicle,0,1,0,1,No intersection,7,2,4,6,0,0,0,0,E FOURTH PLAIN ST,,-122.6250444,45.63881944,98661,0,1,13,Pedestrian/Animal,80,5,30,2,0,0,1,5,8,1,1,5,1,1,Going Straight,1,2,53,,0,55,33,2013,0,,12,60,54,,,,1,1,43,2,7,,4,7,3,0,11,0,02-12-2020,23:57,53007171,7171,0,0,3,3,1,51,,,,96,,,,,,98,,,,,,98512,53,60,125,6,1,0,1,1,0,,0,,,,,,4,11-15-2016,09-15-2016,8,0,0,0,0,9,8,,,0,,,8,8,2,1,,,1,,,2,1,0.255,,,,,,,,,,,,,,,,,,,,,,,,,,,,,,0,0,0,0,1,1,0,1,0,0,0,0,1,0,0,0,0,0,0,1,0,0,0,0,0,0,0,0,0,1,1,0,0,0,0,,1,0,0,0,0,1,0,1,0,1,0,0,0,1,0,1,,,,,,41-45,36-45,Interstate,U,Wednesday,Belt Used,PV,API,0,0,0,1,State Route,State Patrol,Washington State Patrol,0,1,0,0,0,,,,,,0,0,0,,,,,,,,,,,98,98,98,68,,,,,20,7,,,,,,,,1,14,,,,,,
2021,249,635747,25,07-18-2021,06:20,18,7,July,,33,King,0,1,,1,1,2,1,1,1,1,,,,8,1,0,No vehicle,0.8,1,0,1,No intersection,5,2,2,4,0,0,0,0,CR-SE 216TH WAY,,-122.0228667,47.40833333,98038,0,1,13,Pedestrian/Animal,11,2,35,4,0,0,1,5,8,1,2,2,1,1,Going Straight,99,2,53,,0,35,47,2011,0,,12,,,,,,1,1,18,1,0,,0,0,3,0,11,0,,,,,0,0,3,3,1,0,,,,96,,,,,,0,,,,,,98001,53,66,135,6,2,0,0,1,0,,0,,,,,,0,10-15-2019,10-15-2019,20,0,0,0,8,9,8,,,0,,,8,8,0,0,,,0,,,0,0,996,,,,,,,,,,,,,,,,,,,,,,,,,,,,,,0,0,0,1,1,1,0,1,0,0,0,0,0,0,0,0,0,0,0,1,0,1,1,0,1,0,0,0,0,1,0,0,0,0,0,,0,0,0,0,0,0,0,0,0,0,0,0,0,0,0,0,,,,,,18-20,16-25,City street,U,Monday,Belt Used,PV,Not Fatal,1,0,0,0,City Street,Municipal/City Police,Auburn Police Department,0,0,0,1,0,,,,,,0,0,0,,,,,,,,,,,98,98,98,0,,,,,20,7,,,,,,,,1,0,,,,,,
2020,249,634919,158,07-26-2020,14:55,26,7,July,,15,Cowlitz,1010,1,,1,1,2,1,0,4,3,14:55,14:59,15:28,12,0,6,Angle,0,2,0,2,4 Way,7,1,4,6,0,0,20,3,S 5TH AVE,Chestnut St,-122.9112667,46.13628056,98626,0,2,89,Others,66,4,25,5,0,0,1,2,12,1,1,8,1,4,Others,2,1,53,,0,2,403,2012,0,,12,12,,,,,1,1,62,1,0,,1,0,3,0,11,5,,,,,0,0,3,3,1,0,,,,96,,,,,,0,,,,,,98503,53,70,165,6,1,0,0,0,0,,0,,,,,,0,,,20,0,0,0,8,9,8,,,0,,,8,8,0,0,,,0,,,0,0,996,,,,,,,,,,,,,,,,,,,,,,,,,,,,,,0,0,0,1,1,1,0,1,0,0,0,0,0,0,0,0,0,0,0,1,0,1,1,0,1,0,0,0,0,1,0,0,0,0,0,,0,0,0,0,0,0,0,0,0,0,0,0,0,0,0,0,,,,,,61-65,56-65,City street,U,Monday,Belt Used,PV,Not Fatal,1,0,0,0,City Street,Municipal/City Police,Auburn Police Department,0,0,0,1,0,,,,,,0,0,0,,,,,,,,,,,98,98,98,0,,,,,20,7,,,,,,,,1,0,,,,,,
2020,249,634918,158,07-26-2020,14:55,26,7,July,,15,Cowlitz,1010,1,,1,1,2,1,0,4,3,14:55,14:59,15:28,12,0,6,Angle,0,2,0,2,4 Way,7,1,4,6,0,0,0,0,S 5TH AVE,Chestnut St,-122.9112667,46.13628056,98626,0,1,88,Striking from the Left,17,2,25,80,0,0,1,2,12,1,1,8,1,1,Going Straight,1,2,53,,0,35,51,2017,0,,12,,,,,,1,1,39,1,7,,4,0,20,7,11,5,02-10-2020,21:55,1.96E+11,7066,0,0,0,3,1,39,,,,96,,,,,,98,,,,,,98001,53,71,175,6,1,0,0,0,0,,0,,,,,,0,,,1,0,0,0,0,9,8,,,0,,,8,8,2,1,,,1,,,2,1,0.22,,,,,,,,,,,,,,,,,,,,,,,,,,,,,,0,0,0,1,1,1,0,1,0,0,0,0,0,0,0,0,0,0,0,1,0,1,1,0,1,0,0,0,0,1,0,0,0,1,0,,1,0,0,0,0,1,0,1,0,0,0,0,0,1,0,1,,,,,,36-40,36-45,City street,U,Monday,Not Used,PV,Multiracial,1,0,0,0,City Street,Municipal/City Police,Auburn Police Department,0,0,0,1,0,,,,,,0,0,0,,,,,,,,,,,98,98,98,201,203,,,,20,7,,,,,,,,1,0,,,,,,
2019,249,634224,1,07-23-2019,00:38,23,7,July,,77,Yakima,0,1,0,2,1,2,1,0,2,2,,,,12,0,6,Angle,0.3,1,0,1,No intersection,5,1,2,4,0,0,0,0,CR-VAN BELLE RD,,-120.1692278,46.34652778,98932,0,2,66,Specific Other,62,4,50,66,2,0,1,5,12,1,1,2,1,1,Going Straight,1,3,53,,0,12,880,2017,0,0,5,,,,,,1,1,76,1,0,,0,0,3,0,11,0,,,,,6,0,0,3,1,0,0,0,0,0,,,,,,0,,,,,,98022,53,71,200,6,1,0,0,0,0,,0,,,,,,0,,,20,0,0,0,8,9,8,,,0,0,0,8,8,8,95,,,96,,,8,95,995,,,,,,,,,,,,,,,,,,,,,,,,,,,,,,0,0,0,0,0,0,0,0,0,0,0,0,0,0,0,0,0,0,0,0,0,0,0,0,0,1,1,1,0,0,1,0,0,0,0,,0,0,0,0,0,0,0,0,0,0,0,0,0,0,0,0,,,,,,76-80,76+,Interstate,R,Thursday,,MHTRUCK,Not Fatal,0,0,0,0,State Route,State Patrol,Washington State Patrol,0,1,0,0,0,,,,,,0,0,0,,,,,,,,,,,98,98,98,0,,,,,20,7,,,,,,,,,,,,,,,
2019,249,634223,1,07-23-2019,00:38,23,7,July,,77,Yakima,0,1,0,2,1,2,1,0,2,2,,,,12,0,6,Angle,0.3,1,0,1,No intersection,5,1,2,4,0,0,0,0,CR-VAN BELLE RD,,-120.1692278,46.34652778,98932,0,1,66,Specific Other,6,1,50,4,0,0,1,2,12,1,1,2,1,1,Going Straight,1,1,53,,0,20,471,1989,0,,12,,,,,,1,1,56,1,1,,4,7,3,0,11,0,02-09-2020,06:13,69053006417,6417,0,0,3,3,1,0,,,,96,,,,,,0,,,,,,98204,53,68,207,6,1,0,0,0,0,,0,,,,,,0,,,20,0,0,0,0,9,8,,,0,,,8,8,2,1,,,1,,,2,1,0,,,,,,,,,,,,,,,,,,,,,,,,,,,,,,0,0,0,1,1,1,0,1,0,0,0,0,0,1,0,0,0,0,0,0,0,0,0,0,0,0,0,0,0,1,0,0,0,0,0,,1,0,0,0,0,0,0,0,0,0,0,0,0,0,0,0,,,,,,56-60,56-65,City street,U,Sunday,Belt Used,PV,Hispanic,1,0,0,0,City Street,Municipal/City Police,Everett Police Department,0,0,0,1,0,,,,,,0,0,0,,,,,,,,,,,0,0,0,98,,,,,20,7,,,,,,,,1,0,,,,,,
2018,249,633426,4,07-20-2018,23:06,20,7,July,0,43,Lincoln,0,1,0,3,1,2,1,0,1,1,23:10,23:51,00:18,1,0,0,No vehicle,253.9,1,0,1,No intersection,3,2,1,2,0,0,0,0,US-2,,-117.9195778,47.66466944,99029,0,1,1,Driver Off Road,13,2,60,80,0,0,1,2,1,1,1,2,1,1,Going Straight,1,2,53,,0,20,421,2004,0,,12,,,,,,1,1,29,1,0,,1,0,99,7,11,0,,,,,0,0,0,2,1,91,,,,96,,,,,,9,,,,,,98204,53,69,160,3,1,0,0,0,0,,1,7,,,,,0,,,1,9,0,0,8,9,8,,,0,,,8,1,2,1,,,1,,,2,1,0.099,,,,,,,,,,,,,,,,,,,,,,,,,,,,,,0,0,0,1,1,1,0,1,0,0,0,0,0,1,0,0,0,0,0,0,0,0,0,0,0,0,0,0,0,1,0,0,0,0,0,,0,0,0,0,0,1,0,1,0,0,0,1,0,1,0,1,,,,,,26-30,26-35,City street,U,Sunday,Unknown,PV,Not Fatal,1,0,0,0,City Street,Municipal/City Police,Everett Police Department,0,0,0,1,0,,,,,,0,0,0,,,,,,,,,,,98,98,98,0,,,,,20,7,,,,,,,,1,0,,,,,,