year,something,Cases,repjur,crash_dt,crash_tm,accday,Month,Month,holiday,county,co_char,city,weather,weather2,lightcond,surfcond,surftype,Number of Fatalities,nmforms,pforms,vforms,not_tm,arr_tm,hosp_tm,fhevent,hitrun,Manner of Collision,Manner of Collision,milepnt,reljunc,reljuncinter,intersectiontype,Intersection Type,funcsystem,landuse,ownership,route,schlbus,spejur,contdev,devfunc,trafid1,trafid2,x,y,zipcode,wk_zone,vnumber,crashtype,Crash Type,criticalevent,criticaleventcat,spdlim,body,trailer,emerg,hazcargo,leave,mhevent,roadalgn,roadprof,traflane,trafflow,Vehicle Manure,Vehicle Manure,numoccs,regowner,regstate,,spuse,make,model,modelyr,vrf1,vrf2,seqevent1,seqevent2,seqevent3,seqevent4,seqevent5,seqevent6,pnumber,ptype,age,sex,hispanic,race,injury,diedscene,restraint,restraintmisuse,seatpos,takehosp,death_dt,death_tm,cert,cernum_wa,commlic,licendor,licrestrict,liccomp,drivpres,drf1,drf2,drf3,drf4,distract1,distract2,distract3,distract4,distract5,distract6,dricond1,dricond2,dricond3,dricond4,dricond5,dricond6,dzip,licstate,drhgt_in,weight,noncdl,noncdltype,prevdwi,prevoth,prevacc,prevspd,prevsus,driviol1,driviol2,driviol3,driviol4,driviol5,driviol6,spdrel,first_dt,last_dt,airbag,ejection,ejectpath,extricat,injurwrk,methalc,methdrug,nmlocat,strikveh,prf1,prf2,prf3,druginv,alcinvol,drugsts,drugres1,drugres2,drugres3,drugtst1,drugtst2,drugtst3,alcsts,alctst,alcres,nmact1,nmact2,nmact3,nmact4,nmact5,nmact6,nmprior1,nmprior2,nmprior3,nmprior4,nmprior5,nmprior6,nmcond1,nmcond2,nmcond3,nmcond4,nmcond5,nmcond6,nmsafe_helmet,nmsafe_pads,nmsafe_oth,nmprev_ref,nmprev_lgt,nmprev_oth,crashlocation,nmcrashtype,crosswalk,schoolzone,sidewalk,train_inv,wildlife_inv,rotr_fars,intersect_fars,Drink and Drive,aid_inv,Drug Positive Drivers,Impaired Drivers,Marijuana Positive,impnm_inv,ainm_inv,dpnm_inv,speed_inv,unlic_inv,unendmc_inv,drowsy_inv,drdist_inv,nmdist_inv,fty_inv,unrestfat_inv,dr1617_inv,dr1820_inv,dr1620_inv,dr2125_inv,dr1625_inv,dr65_inv,dr70_inv,dr75_inv,mc_inv,pv_inv,ht_inv,ped_inv,bike_inv,unrest_fat,mc_fat,unhelmet_mc,pv_fat,ht_fat,ped_fat,bike_fat,dr_alc7,dr_alc8,dr_drug,dr_imp,dr_dist,dr_spd,dr_fty,dr_unlic,dr_alc7only,dr_alc8only,dr_drugonly,dr_drink,nm_imp,nm_alc7,nm_alc8,nm_drug,nm_dist,agegrp1,agegrp2,roadclass,urbrur,dayweek,restuse,vehtype,race_me,intersect,lanedep,oppdir,wrongway,rep_typ,investag,repag_long,rotr,st_rd,cty_rd,city_rd,oth_rd,drug_thc,thc_res,drug_cthc,cthc_res,drug_cann,prevpersemin,prevperse,prevsusoth,drugtst4,drugtst5,drugtst6,drugtst7,drugtst8,drugres4,drugres5,drugres6,drugres7,drugres8,adspresent,adsengaged,adslevel,race1,race2,race3,race4,race5,helmet,helmetmisuse,nmdistract1,nmdistract2,nmdistract3,nmdistract4,nmdistract5,nmdistract6,lab,isedtcase,crf1,crf2,crf3,CoRoadName,CoMP,IntCoRoadName,IntCoMP
2017,249,632647,129,07-07-2017,02:11,7,7,July,0,53,Pierce,747,1,0,2,1,2,1,1,2,2,,,,8,0,0,No vehicle,0,1,0,1,No intersection,3,2,4,6,0,3,0,0,PACIFIC HWY E,,-122.3955944,47.24321944,98421,0,2,13,Pedestrian/Animal,80,5,35,4,0,0,1,2,8,1,1,5,5,1,Going Straight,1,3,53,,0,30,40,2014,0,,8,,,,,,1,1,19,1,0,,0,0,3,0,11,0,,,,,0,0,0,3,1,0,,,,96,,,,,,0,,,,,,98632,53,74,150,6,1,0,0,0,0,,0,,,,,,0,,,20,0,0,0,8,9,8,,,0,,,8,8,0,0,,,0,,,0,0,996,,,,,,,,,,,,,,,,,,,,,,,,,,,,,,0,0,0,0,0,0,0,0,0,1,0,1,0,0,0,0,0,0,0,0,0,1,1,0,1,0,0,0,0,1,0,1,0,0,0,,0,0,0,0,0,0,0,0,0,0,0,0,0,0,0,0,,,,,,18-20,16-25,County road,R,Sunday,Belt Used,PV,Not Fatal,0,0,0,0,County Road,County Sheriff,Clark County Sheriff's Office,0,0,1,0,0,,,,,,0,0,0,,,,,,,,,,,98,98,98,0,,,,,20,7,,,,,,,,1,0,,,NW LAKESHORE DR,0.76,,
2017,249,632646,129,07-07-2017,02:11,7,7,July,0,53,Pierce,747,1,0,2,1,2,1,1,2,2,,,,8,0,0,No vehicle,0,1,0,1,No intersection,3,2,4,6,0,3,0,0,PACIFIC HWY E,,-122.3955944,47.24321944,98421,0,1,98,Others,80,5,35,2,0,0,1,2,8,1,1,5,5,15,Others,1,2,53,,0,12,461,2006,0,,12,,,,,,1,1,26,1,0,,3,0,3,0,11,5,,,,,0,0,0,3,1,0,,,,96,,,,,,0,,,,,,98604,53,77,205,6,1,0,0,1,0,,0,,,,,,0,06-15-2016,06-15-2016,8,0,0,0,8,9,8,,,0,,,8,8,0,0,,,0,,,0,0,996,,,,,,,,,,,,,,,,,,,,,,,,,,,,,,0,0,0,0,0,0,0,0,0,0,0,0,0,0,0,0,0,0,1,0,1,0,1,0,1,0,0,0,0,1,0,0,0,0,0,,0,0,0,0,0,0,0,0,0,0,0,0,0,0,0,0,,,,,,26-30,26-35,County road,R,Friday,Belt Used,PV,Not Fatal,0,1,1,0,County Road,County Sheriff,Clark County Sheriff's Office,0,0,1,0,0,,,,,,0,0,0,,,,,,,,,,,98,98,98,0,,,,,20,7,,,,,,,,1,0,,,NE 72ND AVE,4.84,,
2017,250,632652,8,07-05-2017,16:43,5,7,July,0,27,Grays Harbor,0,1,0,1,1,2,1,0,3,3,,,,12,0,6,Angle,16.4,2,0,2,4 Way,3,2,1,2,0,0,20,3,US-12,FOURTH ST,-123.4816333,46.99955556,98583,0,1,87,Others,17,2,35,1,0,0,1,2,12,1,1,3,1,1,Going Straight,1,2,41,,0,42,48,2002,0,,68,12,,,,,1,1,17,1,7,,4,7,3,0,11,0,01/31/2020,17:25,53005030,5030,0,0,3,3,1,28,38,,,96,,,,,,98,,,,,,98662,53,74,240,6,2,0,0,0,0,,0,,,,,,0,,,8,0,0,1,0,9,8,,,0,,,8,8,2,1,,,1,,,2,1,0,,,,,,,,,,,,,,,,,,,,,,,,,,,,,,0,0,0,0,0,0,0,0,0,0,0,0,0,0,0,0,0,0,1,0,1,0,1,0,1,0,0,0,0,1,0,0,0,0,0,,1,0,0,0,0,0,0,0,0,0,1,0,0,0,0,0,,,,,,16-17,16-25,County road,R,Friday,Belt Used,PV,White,0,1,1,0,County Road,County Sheriff,Clark County Sheriff's Office,0,0,1,0,0,,,,,,0,0,0,,,,,,,,,,,98,98,98,1,,,,,20,7,,,,,,,,1,0,,,NE 72ND AVE,4.84,,
2021,250,635748,25,07-17-2021,19:34,17,7,July,,33,King,0,1,,1,1,2,2,0,3,1,,,,38,0,0,No vehicle,5.8,1,0,1,No intersection,5,1,2,4,0,0,0,0,CR-LANDSBURD RD SE,,-121.9731056,47.38378611,98038,0,1,2,Control/Traction Loss,8,1,40,15,0,0,1,2,1,1,1,2,1,6,Others,3,1,53,,6,12,870,2019,0,,12,,,,,,1,1,25,1,0,,1,0,3,0,11,5,,,,,0,0,3,3,1,94,,,,96,,,,,,0,,,,,,98662,53,73,260,6,1,0,0,0,0,,0,,,,,,0,,,1,0,0,0,8,9,8,,,0,,,8,8,0,0,,,0,,,0,0,996,,,,,,,,,,,,,,,,,,,,,,,,,,,,,,0,0,0,0,0,0,1,1,1,0,0,0,1,0,0,0,0,0,0,0,0,0,0,1,1,0,0,0,0,1,1,0,0,0,0,,0,0,0,0,0,0,0,0,0,0,0,0,0,0,0,0,,,,,,21-25,16-25,County road,U,Tuesday,,MHTRUCK,Not Fatal,0,1,1,0,County Road,County Sheriff,Clark County Sheriff's Office,0,0,1,0,0,,,,,,0,0,0,,,,,,,,,,,98,98,98,0,,,,,20,7,,,,,,,,1,0,,,NE 78TH ST,5.36,,
2020,250,634924,297,07-24-2020,23:03,24,7,July,,33,King,2310,1,,3,1,2,1,0,2,2,,,,12,0,1,Front-to-Rear,0,1,0,1,No intersection,3,2,4,6,0,0,0,0,E MARGINAL WAY S,,-122.3072278,47.53070833,98108,0,2,32,Others,98,7,35,51,0,0,1,2,12,1,1,5,1,1,Going Straight,1,3,53,,0,24,7,2007,0,,68,12,,,,,1,1,41,1,7,,4,0,3,0,11,4,01/21/2020,14:32,2.37E+11,3719,0,0,3,3,1,8,28,58,,96,,,,,,98,,,,,,98682,53,71,200,6,1,2,8,1,1,,0,,,,,,4,05-15-2015,05-15-2019,8,0,0,0,0,9,8,,,0,,,8,8,2,401,417,695,98,98,98,2,8,0,,,,,,,,,,,,,,,,,,,,,,,,,,,,,,0,0,0,0,0,0,1,1,1,0,0,0,1,0,0,0,0,0,0,0,0,0,0,1,1,0,0,0,0,1,1,0,0,0,0,,1,0,0,0,0,0,1,1,0,1,0,0,0,0,1,0,,,,,,41-45,36-45,County road,U,Tuesday,Belt Used,PV,White,0,1,1,0,County Road,County Sheriff,Clark County Sheriff's Office,0,0,1,0,0,thc,6.5,carboxy-thc,29,,0,0,4,98,,,,,605,,,,,98,98,98,1,,,,,20,7,,,,,,,nms,1,0,,,NE 78TH ST,5.36,,
2020,250,634923,297,07-24-2020,23:03,24,7,July,,33,King,2310,1,,3,1,2,1,0,2,2,,,,12,0,1,Front-to-Rear,0,1,0,1,No intersection,3,2,4,6,0,0,0,0,E MARGINAL WAY S,,-122.3072278,47.53070833,98108,0,1,32,Others,98,7,35,14,0,0,1,2,2,1,1,5,1,1,Going Straight,1,1,53,,0,55,33,2011,0,,8,,,,,,1,1,30,1,0,,0,0,3,0,11,0,,,,,0,0,0,3,1,0,,,,96,,,,,,0,,,,,,98022,53,66,115,6,1,0,1,0,0,,0,,,,,,0,06-15-2016,06-15-2016,20,0,0,0,8,9,8,,,0,,,8,8,0,0,,,0,,,0,0,996,,,,,,,,,,,,,,,,,,,,,,,,,,,,,,0,0,0,0,0,0,0,0,0,1,1,1,0,0,0,0,0,0,0,0,0,0,0,0,0,0,0,0,0,1,0,1,0,0,0,,0,0,0,0,0,0,0,0,0,0,0,0,0,0,0,0,,,,,,26-30,26-35,State route,R,Saturday,Belt Used,PV,Not Fatal,0,0,0,0,State Route,State Patrol,Washington State Patrol,0,1,0,0,0,,,,,,0,0,0,,,,,,,,,,,98,98,98,0,,,,,20,7,,,,,,,,1,0,,,,,,
2019,250,634226,40,07-26-2019,12:43,26,7,July,,63,Spokane,0,1,0,1,1,2,1,0,1,1,,,,1,0,0,No vehicle,8.8,1,0,1,No intersection,5,1,2,4,0,0,0,0,CR-N WOOD RD,,-117.733475,47.774075,99029,0,1,6,Drive off road,13,2,98,14,0,0,1,5,1,1,1,2,1,1,Going Straight,1,2,53,,0,99,999,9999,0,,8,,,,,,1,1,999,8,0,,0,0,99,7,11,0,,,,,99,9,9,9,1,0,,,,92,,,,,,98,,,,,,99999,99,,999,9,9,99,99,99,99,,0,,,,,,0,,,99,9,0,0,8,9,8,,,0,,,8,8,0,0,,,0,,,0,0,996,,,,,,,,,,,,,,,,,,,,,,,,,,,,,,0,0,0,0,0,0,0,0,0,1,0,1,0,0,0,0,1,1,0,0,0,0,0,0,0,0,0,0,0,0,0,1,0,0,0,,0,0,0,0,0,0,0,0,1,0,0,0,0,0,0,0,,,,,,,,State route,U,Tuesday,,NR-U,Not Fatal,0,0,0,0,State Route,Municipal/City Police,Federal Way Dept of Public Safety,0,1,0,0,0,,,,,,99,99,99,,,,,,,,,,,98,98,98,0,,,,,20,7,,,,,,,,1,0,,,,,,
2018,250,633427,1,07-16-2018,23:06,16,7,July,0,77,Yakima,0,1,0,2,1,2,1,0,1,1,,,,35,0,0,No vehicle,58.5,1,0,1,No intersection,1,2,1,1,0,0,0,0,I-82,,-120.1778111,46.34558611,98932,0,1,6,Drive off road,6,1,70,4,0,0,1,2,35,1,1,2,3,1,Going Straight,1,1,53,,0,20,482,2005,0,,64,1,,,,,1,1,48,1,0,,2,0,3,0,11,5,,,,,0,0,0,3,1,58,87,,,96,,,,,,0,,,,,,98023,53,68,200,6,1,0,0,1,0,,97,,,,,,4,02-15-2018,02-15-2018,8,0,0,0,8,9,8,,,0,,,8,8,0,0,,,0,,,0,0,996,,,,,,,,,,,,,,,,,,,,,,,,,,,,,,0,0,0,0,0,0,0,0,0,0,0,0,1,0,0,0,0,0,0,1,0,0,0,0,0,0,0,0,0,1,0,0,0,0,0,,0,0,0,0,0,0,0,0,0,1,0,0,0,0,0,0,,,,,,46-50,46-55,Interstate,R,Monday,Belt Used,PV,Not Fatal,0,1,0,0,State Route,State Patrol,Washington State Patrol,1,1,0,0,0,,,,,,0,0,0,,,,,,,,,,,98,98,98,0,,,,,20,7,,,,,,,,1,0,,,,,,
2017,250,632654,8,07-05-2017,16:43,5,7,July,0,27,Grays Harbor,0,1,0,1,1,2,1,0,3,3,,,,12,0,6,Angle,16.4,2,0,2,4 Way,3,2,1,2,0,0,20,3,US-12,FOURTH ST,-123.4816333,46.99955556,98583,0,3,98,Others,62,4,35,34,0,0,1,5,12,1,1,3,1,5,Others,1,1,53,,0,12,23,2011,0,,71,38,58,1,2,,1,1,25,1,0,,2,0,20,7,11,5,,,,,0,0,0,0,1,39,91,,,96,,,,,,9,,,,,,98682,53,65,145,0,0,0,0,0,0,,1,7,,,,,0,,,1,0,0,0,8,1,8,,,0,,,8,1,2,1,,,1,,,2,1,0.16,,,,,,,,,,,,,,,,,,,,,,,,,,,,,,0,0,0,1,1,1,0,1,0,0,0,0,0,1,0,0,0,0,0,0,0,0,0,1,1,0,0,0,0,1,0,0,0,0,0,,0,0,0,0,0,1,0,1,0,0,0,1,0,1,0,1,,,,,,21-25,16-25,City street,U,Sunday,Not Used,PV,Not Fatal,1,0,0,0,City Street,State Patrol,Washington State Patrol,0,0,0,1,0,,,,,,0,0,0,,,,,,,,,,,98,98,98,0,,,,,20,7,,,,,,,,1,0,,,,,,
2017,250,632653,8,07-05-2017,16:43,5,7,July,0,27,Grays Harbor,0,1,0,1,1,2,1,0,3,3,,,,12,0,6,Angle,16.4,2,0,2,4 Way,3,2,1,2,0,0,0,0,US-12,FOURTH ST,-123.4816333,46.99955556,98583,0,2,86,Others,66,4,60,34,0,0,1,2,12,1,1,2,3,1,Going Straight,1,1,53,,0,87,881,2010,0,,12,,,,,,1,1,57,1,0,,1,0,3,0,11,0,,,,,6,1,3,3,1,0,,,,96,,,,,,0,,,,,,99371,53,72,245,6,1,0,0,1,0,,0,,,,,,0,09-15-2015,09-15-2015,20,0,0,0,8,1,8,,,0,,,8,0,0,0,,,0,,,2,95,0,,,,,,,,,,,,,,,,,,,,,,,,,,,,,,0,0,0,0,0,0,0,0,0,0,0,0,1,0,0,0,0,0,0,1,0,0,0,0,0,1,1,1,0,1,1,0,0,0,0,,0,0,0,0,0,0,0,0,0,0,0,0,0,0,0,0,,,,,,56-60,56-65,State route,R,Tuesday,,MHTRUCK,Not Fatal,0,1,1,0,State Route,State Patrol,Washington State Patrol,0,1,0,0,0,,,,,,0,0,0,,,,,,,,,,,98,98,98,0,,,,,20,7,,,,,,,,1,0,,,,,,
2021,251,635749,1,07-26-2021,00:05,26,7,July,,5,Benton,0,1,,2,1,2,1,0,1,1,,,,1,0,0,No vehicle,163.9,1,0,1,No intersection,4,1,1,3,0,0,0,0,SR-14,,-119.6607889,45.91420833,99345,0,1,98,Others,13,2,65,66,1,0,1,2,1,1,1,2,1,1,Going Straight,1,1,6,,0,52,47,2003,0,,68,12,,,,,1,1,76,2,7,,4,7,20,7,11,0,02-04-2020,15:02,53005528,5528,0,0,0,3,1,58,,,,96,,,,,,0,,,,,,99371,53,65,150,6,1,0,0,0,0,,0,,,,,,4,,,1,0,0,0,9,1,8,,,0,,,8,0,0,0,,,0,,,2,4,0,,,,,,,,,,,,,,,,,,,,,,,,,,,,,,0,0,0,0,0,0,0,0,0,0,0,0,1,0,0,0,0,0,0,1,0,0,0,0,0,1,1,1,0,1,1,0,0,1,0,,1,0,0,0,0,0,0,0,0,1,0,0,0,0,0,0,,,,,,76-80,76+,State route,R,Tuesday,Not Used,PV,White,0,1,1,0,State Route,State Patrol,Washington State Patrol,0,1,0,0,0,,,,,,0,0,0,,,,,,,,,,,98,98,98,1,,,,,20,7,,,,,,,,1,0,,,,,,
2019,251,634227,32,07-12-2019,14:30,12,7,July,,47,Okanogan,0,1,0,1,1,2,1,0,1,1,,,,19,0,0,No vehicle,7.3,3,0,4,Y Intersection,5,1,2,4,0,0,0,0,CR-TORODA CREEK RD,COUGAR CREEK RD,-118.9129861,48.77890833,98859,0,1,6,Drive off road,10,2,50,83,0,0,1,5,19,8,8,2,1,11,Turning Red: Permitted on red,1,1,6,,0,12,471,1999,0,,8,,,,,,1,1,61,1,0,,0,0,3,0,11,0,,,,,0,0,0,3,1,0,,,,96,,,,,,0,,,,,,99029,53,70,200,6,1,0,0,0,1,,0,,,,,,0,08-15-2017,08-15-2017,20,0,0,0,8,3,8,,,0,,,8,8,0,0,,,0,,,0,0,996,,,,,,,,,,,,,,,,,,,,,,,,,,,,,,0,0,0,0,0,0,0,0,0,1,1,1,0,0,0,0,0,1,0,0,0,0,0,0,0,0,0,0,0,1,0,1,0,0,0,,0,0,0,0,0,0,0,0,0,0,0,0,0,0,0,0,,,,,,61-65,56-65,US highway,U,Saturday,Belt Used,PV,Not Fatal,0,0,0,0,State Route,Municipal/City Police,Airway Heights Police Department,0,1,0,0,0,,,,,,0,0,0,,,,,,,,,,,0,0,0,0,,,,,20,7,,,,,,,,1,0,,,,,,
2018,251,633434,4,07-17-2018,15:53,17,7,July,0,63,Spokane,2113,1,0,1,1,2,1,0,2,2,,,,12,0,6,Angle,9.3,4,0,1,No intersection,3,2,1,3,0,0,0,0,SR-290,,-117.2223806,47.69426667,99212,0,2,71,Others,61,4,50,80,0,0,1,2,12,1,1,5,5,1,Going Straight,1,1,16,,0,7,482,2017,0,,12,,,,,,1,1,25,1,0,,1,0,3,0,11,5,,,,,0,0,0,3,1,0,,,,96,,,,,,0,,,,,,97058,41,71,195,6,1,0,2,0,1,,0,,,,,,0,08-15-2018,10-15-2019,8,0,0,0,8,9,8,,,0,,,8,8,0,0,,,0,,,0,0,996,,,,,,,,,,,,,,,,,,,,,,,,,,,,,,0,0,0,0,1,1,0,1,0,0,0,0,0,0,0,0,0,0,1,0,0,0,0,1,1,0,0,0,0,1,0,0,0,0,0,,0,0,0,0,0,0,0,0,0,0,0,0,0,0,0,0,,,,,,21-25,16-25,State route,U,Thursday,Belt Used,PV,Not Fatal,0,0,0,0,State Route,State Patrol,Washington State Patrol,0,1,0,0,0,,,,,,0,0,0,,,,,,,,,,,98,98,98,0,,,,,20,7,,,,,,,,1,0,,,,,,
2018,251,633433,4,07-17-2018,15:53,17,7,July,0,63,Spokane,2113,1,0,1,1,2,1,0,2,2,,,,12,0,6,Angle,9.3,4,0,1,No intersection,3,2,1,3,0,0,0,0,SR-290,,-117.2223806,47.69426667,99212,0,1,70,Others,53,3,50,66,1,0,1,5,12,1,1,5,5,10,Others,1,3,18,,0,55,36,2008,0,,12,,,,,,1,1,58,1,7,,4,7,3,0,11,0,01/30/2020,21:21,1.77E+11,5198,0,0,3,3,1,38,,,,96,,,,,,9,,,,,,98371,53,70,230,6,1,0,2,0,1,,0,,,,,,0,07-15-2016,07-15-2018,8,0,0,0,0,1,8,,,0,,,8,1,2,1,,,1,,,2,1,0.235,,,,,,,,,,,,,,,,,,,,,,,,,,,,,,0,0,0,0,1,1,0,1,0,0,0,0,0,0,0,0,0,0,1,0,0,0,0,1,1,0,0,0,0,1,0,0,0,0,0,,1,0,0,0,0,1,0,1,0,0,1,0,0,1,0,1,,,,,,56-60,56-65,State route,U,Thursday,Belt Used,PV,White,0,0,0,0,State Route,State Patrol,Washington State Patrol,0,1,0,0,0,,,,,,0,0,0,,,,,,,,,,,98,98,98,1,,,,,20,7,,,,,,,,1,0,,,,,,
2020,251,634926,278,07-28-2020,19:47,28,7,July,,63,Spokane,2110,1,,1,1,2,1,0,4,2,19:48,19:52,20:10,12,1,6,Angle,0,2,0,2,4 Way,4,2,4,6,0,0,3,3,N PERRY ST,E Indiana Ave,-117.3903556,47.67473056,99258,0,2,69,Initial Opposite Direction(Going Straight),62,4,30,14,0,0,1,5,12,1,1,4,1,1,Going Straight,1,2,53,,0,59,403,2004,0,,68,64,42,1,,,1,1,72,2,7,,4,7,3,0,11,0,02-02-2020,16:28,53005105,5105,0,0,3,3,1,0,,,,96,,,,,,98,,,,,,98671,53,61,117,6,1,0,0,0,0,,0,,,,,,0,,,8,0,0,0,0,9,8,,,0,,,8,8,2,1,,,1,,,2,1,0,,,,,,,,,,,,,,,,,,,,,,,,,,,,,,0,0,1,0,0,0,0,0,0,0,0,0,0,0,0,0,0,0,0,0,0,0,0,0,0,1,1,0,0,1,0,0,0,0,0,,1,0,0,0,0,0,0,0,0,0,0,0,0,0,0,0,,,,,,71-75,66-75,County road,R,Sunday,Belt Used,PV,White,0,1,0,0,County Road,County Sheriff,Clark County Sheriff's Office,1,0,1,0,0,,,,,,0,0,0,,,,,,,,,,,98,98,98,1,,,,,20,7,,,,,,,,1,0,,,SE 20TH ST,0.73,,
2020,251,634925,278,07-28-2020,19:47,28,7,July,,63,Spokane,2110,1,,1,1,2,1,0,4,2,19:48,19:52,20:10,12,0,6,Angle,0,2,0,2,4 Way,4,2,4,6,0,0,3,3,N PERRY ST,E Indiana Ave,-117.3903556,47.67473056,99258,0,1,68,Initial Opposite Direction(Left/Right),15,2,30,20,0,0,1,2,12,1,1,4,1,11,Turning Red: Permitted on red,3,1,53,,0,48,401,2016,0,,12,,,,,,1,1,34,1,0,,0,0,3,0,11,0,,,,,0,0,0,3,1,0,,,,96,,,,,,0,,,,,,98683,53,70,170,6,1,0,0,0,0,,0,,,,,,0,,,2,0,0,0,8,9,8,,,0,,,8,8,2,1,,,1,,,2,1,0,,,,,,,,,,,,,,,,,,,,,,,,,,,,,,0,0,0,1,0,0,0,0,0,0,0,0,1,0,0,0,0,0,0,0,0,0,0,0,0,0,0,0,1,1,0,0,0,0,0,,0,0,0,0,0,0,0,0,0,0,0,0,0,0,0,0,,,,,,31-35,26-35,City street,U,Sunday,Belt Used,PV,Not Fatal,1,0,0,0,City Street,Municipal/City Police,Vancouver Police Department,0,0,0,1,0,,,,,,0,0,0,,,,,,,,,,,98,98,98,0,,,,,20,7,,,,,,,,1,0,,,,,,
2017,251,632668,1,07-07-2017,15:55,7,7,July,0,77,Yakima,0,1,0,1,1,2,1,0,6,3,,,,12,0,8,Other,9999.9,1,0,1,No intersection,6,1,2,4,0,0,0,0,CR-OUTLOOK RD,,-120.0626639,46.33113889,98938,0,3,98,Others,62,4,50,34,0,0,1,2,12,1,1,2,1,1,Going Straight,4,1,53,,0,53,706,2008,0,,12,,,,,,1,1,38,1,7,,4,0,20,7,11,5,02-10-2020,01:43,1.65E+11,,0,0,0,3,1,0,,,,96,,,,,,0,,,,,,98685,53,73,220,6,1,0,0,0,1,,0,,,,,,3,09-15-2019,09-15-2019,20,8,0,0,0,9,8,,,0,,,8,8,0,0,,,0,,,0,0,996,,,,,,,,,,,,,,,,,,,,,,,,,,,,,,0,0,0,1,0,0,0,0,0,0,0,0,1,0,0,0,0,0,0,0,0,0,0,0,0,0,0,0,1,1,0,0,0,0,1,0,0,0,0,0,0,0,0,0,0,1,0,0,0,0,0,0,,,,,,36-40,36-45,City street,U,Sunday,,MC,White,1,0,0,0,City Street,Municipal/City Police,Vancouver Police Department,0,0,0,1,0,,,,,,0,0,0,,,,,,,,,,,0,0,0,1,,,,,5,0,,,,,,,,1,0,,,,,,
2017,251,632667,1,07-07-2017,15:55,7,7,July,0,77,Yakima,0,1,0,1,1,2,1,0,6,3,,,,12,0,8,Other,9999.9,1,0,1,No intersection,6,1,2,4,0,0,0,0,CR-OUTLOOK RD,,-120.0626639,46.33113889,98938,0,2,65,Others,62,4,50,4,0,0,1,5,12,1,1,2,1,1,Going Straight,1,1,53,,0,12,481,2013,0,,8,,,,,,1,1,33,1,0,,0,0,3,0,11,0,,,,,0,0,3,3,1,0,,,,96,,,,,,0,,,,,,98133,53,68,205,6,1,0,0,0,2,,0,,,,,,0,05-15-2017,02-15-2018,20,0,0,0,8,9,8,,,0,,,8,8,0,0,,,0,,,0,0,996,,,,,,,,,,,,,,,,,,,,,,,,,,,,,,0,0,0,1,0,0,0,0,0,0,0,0,0,0,0,0,0,0,0,0,0,0,0,0,0,0,0,0,0,1,0,1,0,0,0,,0,0,0,0,0,0,0,0,0,0,0,0,0,0,0,0,,,,,,31-35,26-35,State route,U,Friday,Belt Used,PV,Not Fatal,1,0,0,0,State Route,Municipal/City Police,Lynnwood Police Department,0,1,0,0,0,,,,,,0,0,0,,,,,,,,,,,98,98,98,0,,,,,20,7,,,,,,,,1,0,,,,,,
2017,251,632666,1,07-07-2017,15:55,7,7,July,0,77,Yakima,0,1,0,1,1,2,1,0,6,3,,,,12,0,8,Other,9999.9,1,0,1,No intersection,6,1,2,4,0,0,0,0,CR-OUTLOOK RD,,-120.0626639,46.33113889,98938,0,1,64,Others,10,2,50,4,0,0,1,2,12,1,1,2,1,1,Going Straight,1,1,53,,0,37,31,2003,0,,63,42,,,,,1,1,39,1,7,,4,7,20,7,11,0,02-01-2020,13:46,53005380,5380,0,0,0,3,1,0,,,,96,,,,,,0,,,,,,98516,53,70,165,6,1,0,0,0,0,,0,,,,,,0,,,8,2,9,0,0,9,8,,,0,,,8,8,2,695,,,1,,,2,1,0.141,,,,,,,,,,,,,,,,,,,,,,,,,,,,,,0,0,1,0,1,1,1,1,1,0,0,0,0,0,0,0,0,0,0,1,0,0,0,0,0,0,0,0,0,1,0,0,0,1,0,,1,0,0,0,0,1,1,1,0,0,0,0,0,0,0,1,,,,,,36-40,36-45,County road,R,Saturday,Not Used,PV,White,0,1,0,0,County Road,County Sheriff,Thurston County Sheriff's Office,1,0,1,0,0,thc,8.9,,,,0,0,0,,,,,,,,,,,98,98,98,1,,,,,20,7,,,,,,,nms,1,0,,,RAINIER RD SE,4.515,,
2021,252,635752,262,06-23-2021,22:10,23,6,June,,33,King,1958,1,,3,1,2,3,0,3,2,,,,12,0,2,Front-to-Front,,2,0,3,T Intersection,4,2,4,6,0,0,0,0,MILITARY RD S,S 209th St,-122.2881778,47.41455278,98198,0,2,51,Lateral Move(Going Straight),62,4,35,15,0,0,1,2,12,1,2,2,1,1,Going Straight,2,2,53,,0,48,38,2018,0,,8,,,,,,1,1,42,2,0,,0,0,3,0,11,0,,,,,0,0,3,3,1,38,,,,96,,,,,,0,,,,,,98023,53,67,150,6,1,0,0,0,0,,46,,,,,,0,,,20,0,0,0,8,9,8,,,0,,,8,8,8,95,,,96,,,8,95,995,,,,,,,,,,,,,,,,,,,,,,,,,,,,,,0,0,0,1,0,0,0,0,0,0,0,0,0,0,0,0,0,0,1,0,0,0,0,0,0,0,0,0,0,1,0,1,0,0,0,,0,0,0,0,0,0,0,0,0,0,1,0,0,0,0,0,,,,,,41-45,36-45,Interstate,U,Friday,Belt Used,PV,Not Fatal,1,0,0,0,State Route,Municipal/City Police,Marysville Police Department,0,1,0,0,0,,,,,,0,0,0,,,,,,,,,,,98,98,98,0,,,,,20,7,,,,,,,,1,0,,,,,,