year,something,Cases,repjur,crash_dt,crash_tm,accday,Month,Month,holiday,county,co_char,city,weather,weather2,lightcond,surfcond,surftype,Number of Fatalities,nmforms,pforms,vforms,not_tm,arr_tm,hosp_tm,fhevent,hitrun,Manner of Collision,Manner of Collision,milepnt,reljunc,reljuncinter,intersectiontype,Intersection Type,funcsystem,landuse,ownership,route,schlbus,spejur,contdev,devfunc,trafid1,trafid2,x,y,zipcode,wk_zone,vnumber,crashtype,Crash Type,criticalevent,criticaleventcat,spdlim,body,trailer,emerg,hazcargo,leave,mhevent,roadalgn,roadprof,traflane,trafflow,Vehicle Manure,Vehicle Manure,numoccs,regowner,regstate,,spuse,make,model,modelyr,vrf1,vrf2,seqevent1,seqevent2,seqevent3,seqevent4,seqevent5,seqevent6,pnumber,ptype,age,sex,hispanic,race,injury,diedscene,restraint,restraintmisuse,seatpos,takehosp,death_dt,death_tm,cert,cernum_wa,commlic,licendor,licrestrict,liccomp,drivpres,drf1,drf2,drf3,drf4,distract1,distract2,distract3,distract4,distract5,distract6,dricond1,dricond2,dricond3,dricond4,dricond5,dricond6,dzip,licstate,drhgt_in,weight,noncdl,noncdltype,prevdwi,prevoth,prevacc,prevspd,prevsus,driviol1,driviol2,driviol3,driviol4,driviol5,driviol6,spdrel,first_dt,last_dt,airbag,ejection,ejectpath,extricat,injurwrk,methalc,methdrug,nmlocat,strikveh,prf1,prf2,prf3,druginv,alcinvol,drugsts,drugres1,drugres2,drugres3,drugtst1,drugtst2,drugtst3,alcsts,alctst,alcres,nmact1,nmact2,nmact3,nmact4,nmact5,nmact6,nmprior1,nmprior2,nmprior3,nmprior4,nmprior5,nmprior6,nmcond1,nmcond2,nmcond3,nmcond4,nmcond5,nmcond6,nmsafe_helmet,nmsafe_pads,nmsafe_oth,nmprev_ref,nmprev_lgt,nmprev_oth,crashlocation,nmcrashtype,crosswalk,schoolzone,sidewalk,train_inv,wildlife_inv,rotr_fars,intersect_fars,Drink and Drive,aid_inv,Drug Positive Drivers,Impaired Drivers,Marijuana Positive,impnm_inv,ainm_inv,dpnm_inv,speed_inv,unlic_inv,unendmc_inv,drowsy_inv,drdist_inv,nmdist_inv,fty_inv,unrestfat_inv,dr1617_inv,dr1820_inv,dr1620_inv,dr2125_inv,dr1625_inv,dr65_inv,dr70_inv,dr75_inv,mc_inv,pv_inv,ht_inv,ped_inv,bike_inv,unrest_fat,mc_fat,unhelmet_mc,pv_fat,ht_fat,ped_fat,bike_fat,dr_alc7,dr_alc8,dr_drug,dr_imp,dr_dist,dr_spd,dr_fty,dr_unlic,dr_alc7only,dr_alc8only,dr_drugonly,dr_drink,nm_imp,nm_alc7,nm_alc8,nm_drug,nm_dist,agegrp1,agegrp2,roadclass,urbrur,dayweek,restuse,vehtype,race_me,intersect,lanedep,oppdir,wrongway,rep_typ,investag,repag_long,rotr,st_rd,cty_rd,city_rd,oth_rd,drug_thc,thc_res,drug_cthc,cthc_res,drug_cann,prevpersemin,prevperse,prevsusoth,drugtst4,drugtst5,drugtst6,drugtst7,drugtst8,drugres4,drugres5,drugres6,drugres7,drugres8,adspresent,adsengaged,adslevel,race1,race2,race3,race4,race5,helmet,helmetmisuse,nmdistract1,nmdistract2,nmdistract3,nmdistract4,nmdistract5,nmdistract6,lab,isedtcase,crf1,crf2,crf3,CoRoadName,CoMP,IntCoRoadName,IntCoMP
2021,252,635751,262,06-23-2021,22:10,23,6,June,,33,King,1958,1,,3,1,2,3,0,3,2,,,,12,0,2,Front-to-Front,,2,0,3,T Intersection,4,2,4,6,0,0,0,0,MILITARY RD S,S 209th St,-122.2881778,47.41455278,98198,0,1,50,Lateral Move(Left/Right),10,2,35,15,0,0,1,2,12,1,2,2,1,1,Going Straight,1,2,53,,0,37,402,2018,0,,68,64,42,,,,1,1,73,2,7,,4,7,1,0,11,0,01/23/2020,12:46,53004295,4295,0,0,0,3,1,0,,,,96,,,,,,0,,,,,,98620,53,58,130,6,1,0,0,0,0,,0,,,,,,0,,,8,0,0,0,1,9,8,,,0,,,8,8,2,1,,,1,,,2,1,0,,,,,,,,,,,,,,,,,,,,,,,,,,,,,,0,0,1,0,0,0,0,0,0,0,0,0,0,0,0,0,0,0,0,0,0,0,0,0,0,1,1,0,0,1,0,0,0,0,0,,1,0,0,0,0,0,0,0,0,0,0,0,0,0,0,0,,,,,,71-75,66-75,County road,R,Thursday,Belt Used,PV,White,0,1,0,0,County Road,County Sheriff,Klickitat County Sheriff's Office,1,0,1,0,0,,,,,,0,0,0,,,,,,,,,,,98,98,98,1,,,,,20,7,,,,,,,,1,0,,,GARRISON RD,2.685,,
2021,252,635750,262,06-23-2021,22:10,23,6,June,,33,King,1958,1,,3,1,2,3,0,3,2,,,,12,0,2,Front-to-Front,,2,0,3,T Intersection,4,2,4,6,0,0,0,0,MILITARY RD S,S 209th St,-122.2881778,47.41455278,98198,0,1,50,Lateral Move(Left/Right),10,2,35,15,0,0,1,2,12,1,2,2,1,1,Going Straight,1,2,53,,0,14,4,1996,0,,63,8,,,,,1,1,42,1,0,,0,0,3,0,11,0,,,,,0,0,0,3,1,91,,,,96,,,,,,9,,,,,,98270,53,62,108,6,1,0,1,1,0,,2,12,,,,,0,09-15-2015,02-15-2016,1,0,0,0,8,9,8,,,0,,,1,1,2,695,605,,1,1,,2,1,0.11,,,,,,,,,,,,,,,,,,,,,,,,,,,,,,0,0,0,0,1,1,1,1,1,0,0,0,0,0,0,0,0,0,0,0,0,0,0,0,0,0,0,0,0,1,0,1,0,0,0,,0,0,0,0,0,1,1,1,0,0,0,0,0,0,0,1,,,,,,41-45,36-45,City street,U,Friday,Belt Used,PV,Not Fatal,0,0,0,0,City Street,Municipal/City Police,Everett Police Department,0,0,0,1,0,thc,2.9,carboxy-thc,61,,0,0,0,,,,,,,,,,,0,0,0,0,,,,,20,7,,,,,,,,1,0,,,,,,
2020,252,634666,59,03-06-2020,20:25,6,3,March,,33,King,109,10,,1,1,2,1,1,1,1,,,,8,0,0,No vehicle,0,3,0,2,4 Way,4,2,4,6,0,0,2,3,156TH AVE NE,NE 13TH ST,-122.1324083,47.62098889,98007,0,1,13,Pedestrian/Animal,80,5,30,14,0,0,1,5,8,1,1,3,2,11,Turning Red: Permitted on red,1,9,53,,0,12,401,2003,0,,63,42,1,,,,1,1,24,2,7,,4,7,3,0,11,0,01/13/2020,22:15,1.03E+11,2190,0,0,0,3,1,0,,,,5,,,,,,98,,,,,,98391,53,63,140,6,1,0,0,0,0,,0,,,,,,4,,,20,0,0,0,0,9,8,,,0,,,8,8,2,605,,,1,,,2,1,0,,,,,,,,,,,,,,,,,,,,,,,,,,,,,,0,0,0,0,0,0,1,1,1,0,0,0,1,0,0,0,1,0,0,0,0,0,0,1,1,0,0,0,0,1,0,0,0,0,0,,1,0,0,0,0,0,1,1,1,1,0,0,0,0,1,0,,,,,,21-25,16-25,Interstate,U,Monday,Belt Used,PV,White,0,1,0,0,State Route,State Patrol,Washington State Patrol,1,1,0,0,0,thc,2.4,,,,0,0,0,,,,,,,,,,,98,98,98,1,,,,,20,7,,,,,,,nms,1,0,,,,,,
2019,252,634232,250,07-21-2019,19:55,21,7,July,,5,Benton,1850,1,0,1,1,2,1,0,1,1,,,,33,0,0,No vehicle,0,3,0,3,T Intersection,7,2,4,6,0,0,28,3,N STEPTOE ST,TAPTEAL DR,-119.2437028,46.23605833,99336,0,1,1,Driver Off Road,13,2,35,80,0,0,1,7,1,3,2,2,2,14,Making a U turn,1,1,53,,0,12,481,1993,0,,8,,,,,,1,1,22,1,0,,0,0,99,7,11,0,,,,,0,0,0,2,1,0,,,,92,,,,,,98,,,,,,98550,53,69,140,1,1,0,1,0,3,,97,,,,,,0,02-15-2015,03-15-2019,20,0,0,0,8,9,8,,,0,,,8,8,8,95,,,96,,,8,95,995,,,,,,,,,,,,,,,,,,,,,,,,,,,,,,0,0,0,1,0,0,0,0,0,1,0,1,0,1,0,0,1,0,0,0,0,0,0,1,1,0,0,0,0,1,0,1,0,0,0,,0,0,0,0,0,0,0,0,1,0,0,1,0,0,0,0,,,,,,21-25,16-25,City street,U,Tuesday,Unknown,PV,Not Fatal,1,0,0,0,City Street,Municipal/City Police,Aberdeen Police Department,0,0,0,1,0,,,,,,0,0,7,,,,,,,,,,,0,0,0,0,,,,,20,7,,,,,,,,1,0,,,,,,
2018,252,633436,127,07-21-2018,18:09,21,7,July,0,33,King,735,1,0,1,1,2,1,0,2,2,,,,12,0,6,Angle,12.1,2,0,3,T Intersection,4,2,1,3,0,0,0,0,SR-509,50TH AVE SW,-122.395875,47.32253611,98023,0,2,98,Others,60,4,35,6,0,0,1,7,12,1,1,2,1,11,Turning Red: Permitted on red,1,1,53,,0,20,481,1995,0,,8,8,,,,,1,1,19,1,0,,0,0,3,0,11,0,,,,,0,0,3,3,1,10,,,,0,,,,,,0,,,,,,98607,53,71,150,6,1,0,0,0,0,,0,,,,,,0,,,20,0,0,0,8,9,8,,,0,,,8,8,2,1,,,1,,,2,1,0,,,,,,,,,,,,,,,,,,,,,,,,,,,,,,0,0,0,0,0,0,0,0,0,1,0,1,0,0,0,0,0,0,0,0,0,1,1,0,1,0,0,0,0,1,0,1,0,0,0,,0,0,0,0,0,0,0,0,0,0,0,0,0,0,0,0,,,,,,18-20,16-25,City street,U,Tuesday,Belt Used,PV,Not Fatal,0,0,0,0,City Street,Municipal/City Police,Vancouver Police Department,0,0,0,1,0,,,,,,0,0,0,,,,,,,,,,,0,0,0,0,,,,,20,7,,,,,,,,1,0,,,,,,
2018,252,633435,127,07-21-2018,18:09,21,7,July,0,33,King,735,1,0,1,1,2,1,0,2,2,,,,12,0,6,Angle,12.1,2,0,3,T Intersection,4,2,1,3,0,0,0,0,SR-509,50TH AVE SW,-122.395875,47.32253611,98023,0,1,98,Others,10,2,35,80,0,0,1,7,12,1,1,2,1,6,Others,1,1,53,,0,49,40,1997,0,,8,8,,,,,1,1,19,2,0,,0,0,3,0,11,0,,,,,0,0,0,3,1,0,,,,96,,,,,,0,,,,,,98012,53,64,140,6,1,0,0,0,0,,0,,,,,,0,,,20,0,0,0,8,9,8,,,0,,,8,8,8,95,,,96,,,8,95,995,,,,,,,,,,,,,,,,,,,,,,,,,,,,,,0,0,0,0,0,0,0,0,0,0,0,0,0,0,0,0,0,0,0,0,0,1,1,0,1,0,0,0,0,1,0,1,0,0,0,,0,0,0,0,0,0,0,0,0,0,0,0,0,0,0,0,,,,,,18-20,16-25,State route,U,Sunday,Belt Used,PV,Not Fatal,0,0,0,0,State Route,Municipal/City Police,Lynnwood Police Department,0,1,0,0,0,,,,,,0,0,0,,,,,,,,,,,0,0,0,0,,,,,20,7,,,,,,,,1,0,,,,,,
2017,252,632672,35,07-14-2017,11:18,14,7,July,0,53,Pierce,0,1,0,1,1,2,1,0,3,2,,,,12,0,1,Front-to-Rear,122.7,1,0,1,No intersection,1,2,1,1,0,0,0,0,I-5,,-122.5574056,47.11813333,98430,0,2,29,Others,53,3,60,3,0,0,1,5,12,1,2,3,3,2,Others,2,1,53,,0,87,884,2018,0,,12,,,,,,1,1,46,1,0,,1,0,20,7,11,5,,,,,6,1,0,3,1,0,,,,96,,,,,,0,,,,,,98372,53,73,220,6,1,0,1,0,3,,0,,,,,,0,05-15-2016,05-15-2019,20,0,0,0,8,9,8,,,0,,,8,8,0,0,,,0,,,0,0,996,,,,,,,,,,,,,,,,,,,,,,,,,,,,,,0,0,0,0,0,0,0,0,0,0,0,0,0,0,0,0,0,0,1,0,0,0,0,0,0,0,0,0,0,1,1,0,0,0,0,,0,0,0,0,0,0,0,0,0,0,0,0,0,0,0,0,,,,,,46-50,46-55,State route,R,Saturday,,MHTRUCK,Not Fatal,0,1,1,0,State Route,State Patrol,Washington State Patrol,0,1,0,0,0,,,,,,0,0,0,,,,,,,,,,,98,98,98,0,,,,,20,7,,,,,,,,1,0,,,,,,
2017,252,632671,35,07-14-2017,11:18,14,7,July,0,53,Pierce,0,1,0,1,1,2,1,0,3,2,,,,12,0,1,Front-to-Rear,122.7,1,0,1,No intersection,1,2,1,1,0,0,0,0,I-5,,-122.5574056,47.11813333,98430,0,1,28,Others,52,3,60,80,0,0,1,2,12,1,2,3,3,1,Going Straight,1,1,53,,0,12,402,2013,0,,68,12,,,,,1,1,47,2,7,,4,7,99,7,11,0,01/25/2020,11:21,53004641,4641,0,0,0,3,1,28,38,,,96,,,,,,8,,,,,,98045,53,65,220,6,1,0,0,0,1,,0,,,,,,0,04-15-2015,03-15-2015,8,0,0,0,0,9,8,,,0,,,8,8,2,1,,,1,,,2,1,997,,,,,,,,,,,,,,,,,,,,,,,,,,,,,,0,0,0,0,0,0,0,0,0,0,0,0,0,0,0,0,0,0,1,0,0,0,0,0,0,0,0,0,0,1,1,0,0,0,0,,1,0,0,0,0,0,0,0,0,0,1,0,0,0,0,0,,,,,,46-50,46-55,State route,R,Saturday,Unknown,PV,White,0,1,1,0,State Route,State Patrol,Washington State Patrol,0,1,0,0,0,,,,,,0,0,1,,,,,,,,,,,98,98,98,1,,,,,20,7,,,,,,,,1,0,,,,,,
2018,253,633438,4,07-20-2018,18:37,20,7,July,0,65,Stevens,0,1,0,1,1,2,1,0,2,2,18:39,18:47,20:00,12,0,2,Front-to-Front,189.9,1,0,1,No intersection,3,1,1,2,0,0,0,0,US-395,,-117.5653306,47.99375556,99110,0,2,51,Lateral Move(Going Straight),62,4,60,4,0,0,1,2,12,3,1,2,1,14,Making a U turn,1,1,16,,0,12,471,1998,0,,12,,,,,,1,1,17,1,0,,3,0,3,0,11,4,,,,,99,9,9,9,1,0,,,,96,,,,,,0,,,,,,98524,99,,999,9,9,99,99,99,99,,0,,,,,,0,,,1,0,0,0,8,9,8,,,0,,,8,8,0,0,,,0,,,0,0,996,,,,,,,,,,,,,,,,,,,,,,,,,,,,,,0,0,0,0,1,1,0,1,0,0,0,0,0,0,0,0,0,0,0,1,1,0,1,0,1,0,0,0,0,1,1,0,0,0,0,,0,0,0,0,0,0,0,0,0,0,0,0,0,0,0,0,,,,,,16-17,16-25,County road,R,Saturday,Belt Used,PV,Not Fatal,0,1,1,0,County Road,State Patrol,Washington State Patrol,0,0,1,0,0,,,,,,99,99,99,,,,,,,,,,,0,0,0,0,,,,,20,7,,,,,,,,1,0,,,BELFAIR TAHUYA RD,0.383,,
2021,253,635753,8,07-23-2021,15:05,23,7,July,,27,Grays Harbor,0,1,,1,1,2,1,0,1,1,,,,1,0,0,No vehicle,19.6,3,0,3,T Intersection,5,1,1,3,0,0,0,0,SR-109,PACIFIC LANE,-124.1696556,47.09321667,98569,0,1,1,Driver Off Road,13,2,50,80,0,0,1,2,1,1,1,2,1,1,Going Straight,1,2,53,,0,12,880,2013,0,,68,12,,,,,1,1,51,1,0,,0,0,3,0,11,0,,,,,0,0,0,3,1,28,,,,96,,,,,,9,,,,,,98528,53,75,200,6,1,0,0,0,0,,97,,,,,,0,,,1,0,0,0,8,9,8,,,0,,,8,1,2,1,,,1,,,2,1,0.23,,,,,,,,,,,,,,,,,,,,,,,,,,,,,,0,0,0,0,1,1,0,1,0,0,0,0,0,0,0,0,0,0,0,1,1,0,1,0,1,0,0,0,0,1,1,0,0,0,0,,0,0,0,0,0,1,0,1,0,0,0,0,0,1,0,1,,,,,,51-55,46-55,County road,R,Saturday,,MHTRUCK,Not Fatal,0,1,1,0,County Road,State Patrol,Washington State Patrol,0,0,1,0,0,,,,,,0,0,0,,,,,,,,,,,98,98,98,0,,,,,20,7,,,,,,,,1,0,,,BELFAIR TAHUYA RD,0.383,,
2020,253,634927,262,07-29-2020,20:49,29,7,July,,33,King,1958,1,,3,1,2,1,0,1,1,,,,33,0,0,No vehicle,0,1,0,1,No intersection,4,2,4,6,0,0,0,0,MILITARY RD S,,-122.2743417,47.44348333,98188,0,1,1,Driver Off Road,13,2,35,80,0,0,1,2,59,3,2,3,5,14,Making a U turn,1,2,53,,0,37,471,2006,0,,12,,,,,,1,1,67,1,0,,3,0,3,0,11,5,,,,,0,0,0,3,1,0,,,,96,,,,,,0,,,,,,98328,53,73,210,6,1,0,0,2,1,,0,,,,,,0,12-15-2017,01-15-2019,8,0,0,0,8,9,8,,,0,,,8,8,0,0,,,0,,,0,0,996,,,,,,,,,,,,,,,,,,,,,,,,,,,,,,0,0,0,0,0,0,0,0,0,0,0,0,0,0,0,0,1,0,0,0,0,0,0,1,1,1,0,0,0,1,0,0,0,0,0,,0,0,0,0,0,0,0,0,0,0,0,0,0,0,0,0,,,,,,66-70,66-75,State route,R,Monday,Belt Used,PV,Not Fatal,0,1,1,0,State Route,State Patrol,Washington State Patrol,0,1,0,0,0,,,,,,0,0,0,,,,,,,,,,,98,98,98,0,,,,,20,7,,,,,,,,1,0,,,,,,
2019,253,634234,269,07-23-2019,05:47,23,7,July,,33,King,2005,1,0,9,1,1,1,0,1,1,,,,30,0,0,No vehicle,0,1,0,1,No intersection,7,2,4,6,0,0,0,0,N RICHMOND BEACH RD,,-122.3518361,47.76331667,98133,0,1,1,Driver Off Road,6,1,35,14,0,0,1,7,30,3,1,2,1,14,Making a U turn,1,2,53,,0,30,40,2016,0,,68,12,,,,,1,1,21,1,0,,3,0,3,0,11,5,,,,,0,0,0,3,1,91,,,,9,,,,,,0,,,,,,98407,53,74,190,6,1,0,2,1,0,,2,,,,,,0,12-15-2017,08-15-2018,8,0,0,0,8,9,8,,,0,,,8,8,0,0,,,0,,,0,0,996,,,,,,,,,,,,,,,,,,,,,,,,,,,,,,0,0,0,0,0,0,0,0,0,0,0,0,0,0,0,0,1,0,0,0,0,0,0,1,1,1,0,0,0,1,0,0,0,0,0,,0,0,0,0,0,0,0,0,1,0,0,0,0,0,0,0,,,,,,21-25,16-25,State route,R,Monday,Belt Used,PV,Not Fatal,0,1,1,0,State Route,State Patrol,Washington State Patrol,0,1,0,0,0,,,,,,0,0,0,,,,,,,,,,,98,98,98,0,,,,,20,7,,,,,,,,1,0,,,,,,
2018,253,633437,4,07-20-2018,18:37,20,7,July,0,65,Stevens,0,1,0,1,1,2,1,0,2,2,18:39,18:47,20:00,12,0,2,Front-to-Front,189.9,1,0,1,No intersection,3,1,1,2,0,0,0,0,US-395,,-117.5653306,47.99375556,99110,0,1,50,Lateral Move(Left/Right),10,2,60,4,0,0,1,2,12,2,1,2,1,14,Making a U turn,1,1,53,,2,84,981,2008,0,0,12,,,,,,1,1,56,2,0,,2,0,3,0,11,6,,,,,6,1,0,3,1,0,0,0,0,0,,,,,,0,,,,,,98823,53,61,165,6,1,0,0,0,0,,0,,,,,,0,,,20,0,0,0,8,9,8,,,0,0,0,8,8,8,95,,,96,,,8,95,995,,,,,,,,,,,,,,,,,,,,,,,,,,,,,,0,0,0,0,0,0,0,0,0,0,0,0,1,0,0,0,0,0,0,0,0,0,0,0,0,1,1,0,0,0,0,0,0,0,0,,0,0,0,0,0,0,0,0,0,0,0,0,0,0,0,0,,,,,,56-60,56-65,County road,R,Friday,,BUS,Not Fatal,0,0,0,0,County Road,County Sheriff,Grant County Sheriff's Office,0,0,1,0,0,,,,,,0,0,0,,,,,,,,,,,98,98,98,0,,,,,20,7,,,,,,,,,,,,,,,
2017,253,632674,197,07-15-2017,23:00,15,7,July,0,61,Snohomish,1338,1,0,3,1,2,1,0,2,2,,,,42,0,0,No vehicle,0,1,0,1,No intersection,5,2,4,6,0,0,0,0,VILLAGE GREEN DR,,-122.2087861,47.86709444,98012,0,2,98,Others,80,5,25,14,0,0,1,5,12,3,2,2,1,14,Making a U turn,1,3,53,,3,98,983,2005,0,0,12,,,,,,1,1,71,1,7,,4,7,3,0,11,0,12/13/2019,09:03,53055018,55018,6,1,3,3,1,0,0,0,0,96,,,,,,98,,,,,,99208,53,70,165,6,1,0,0,1,0,,0,,,,,,4,04-15-2015,04-15-2015,20,0,0,0,1,9,8,,,0,0,0,8,8,8,95,,,96,,,8,95,995,,,,,,,,,,,,,,,,,,,,,,,,,,,,,,0,0,0,0,0,0,0,0,0,0,0,0,1,0,0,0,0,0,0,0,0,0,0,0,0,1,1,0,0,0,0,0,0,0,0,,0,0,0,0,0,0,0,0,0,1,0,0,0,0,0,0,,,,,,71-75,66-75,County road,R,Friday,,BUS,White,0,0,0,0,County Road,County Sheriff,Grant County Sheriff's Office,0,0,1,0,0,,,,,,0,0,0,,,,,,,,,,,98,98,98,1,,,,,20,7,,,,,,,,,,,,,,,
2017,253,632673,197,07-15-2017,23:00,15,7,July,0,61,Snohomish,1338,1,0,3,1,2,1,0,2,2,,,,42,0,0,No vehicle,0,1,0,1,No intersection,5,2,4,6,0,0,0,0,VILLAGE GREEN DR,,-122.2087861,47.86709444,98012,0,1,7,Control/Traction Loss,9,1,25,4,0,0,1,2,12,3,2,2,1,14,Making a U turn,1,2,53,,0,20,423,2018,0,,8,,,,,,1,1,54,1,0,,0,0,3,0,11,0,,,,,0,0,0,3,1,10,,,,0,,,,,,0,,,,,,98532,53,71,260,6,1,0,0,0,1,,0,,,,,,0,05-15-2019,05-15-2019,20,0,0,0,8,2,2,,,0,,,8,0,0,0,,,0,,,2,10,0,,,,,,,,,,,,,,,,,,,,,,,,,,,,,,0,0,0,1,0,0,0,0,0,0,0,0,0,0,0,0,0,1,0,0,0,0,0,0,0,0,0,0,0,1,0,1,0,0,0,,0,0,0,0,0,0,0,0,0,0,0,0,0,0,0,0,,,,,,51-55,46-55,City street,U,Thursday,Belt Used,PV,Not Fatal,1,0,0,0,City Street,Municipal/City Police,Olympia Police Department,0,0,0,1,0,,,,,,0,0,0,,,,,,,,,,,98,98,98,0,,,,,20,7,,,,,,,,1,0,,,,,,
2019,254,634236,262,07-25-2019,13:01,25,7,July,,33,King,1958,1,0,1,1,2,1,0,10,2,,,,12,0,6,Angle,15.5,1,0,1,No intersection,3,2,1,3,0,0,0,0,SR-99,,-122.2962722,47.44646111,98188,0,2,98,Others,62,4,40,55,0,0,1,7,1,1,1,2,1,1,Going Straight,9,3,29,,0,20,22,2007,0,,63,69,68,64,53,1,1,1,25,2,1,,4,7,20,7,11,0,01-09-2020,01:35,53001176,1176,0,0,3,3,1,58,,,,96,,,,,,9,,,,,,98292,53,64,125,6,1,0,1,0,3,,0,,,,,,4,06-15-2016,11-15-2018,1,1,9,0,0,9,8,,,0,,,8,1,2,695,605,,1,1,,2,1,0.145,,,,,,,,,,,,,,,,,,,,,,,,,,,,,,0,0,0,0,1,1,1,1,1,0,0,0,1,0,0,0,0,0,0,1,0,0,0,1,1,0,0,0,0,1,0,0,0,1,0,,1,0,0,0,0,1,1,1,0,1,0,0,0,0,0,1,,,,,,21-25,16-25,State route,R,Thursday,Not Used,PV,Hispanic,0,1,0,0,State Route,State Patrol,Washington State Patrol,1,1,0,0,0,thc,23,carboxy-thc,97,,0,0,1,,,,,,,,,,,98,98,98,201,298,,,,20,7,,,,,,,nms,1,0,,,,,,
2020,254,3842285,12,07-16-2020,05:28,16,7,July,,7,Chelan,0,1,,9,1,5,1,0,1,1,,,,1,0,0,No vehicle,9999.8,1,0,1,No intersection,7,1,98,8,0,0,0,0,BISPING CANYON RD,,-120.3380389,47.76382778,98811,0,1,1,Driver Off Road,13,2,98,14,0,0,1,2,1,2,2,8,8,14,Making a U turn,1,1,53,,0,7,880,2015,0,,12,63,30,,,,1,1,26,1,0,,0,0,3,0,11,0,,,,,0,0,0,3,1,0,,,,96,,,,,,98,,,,,,98233,53,71,175,6,1,0,3,0,0,,0,,,,,,0,09-15-2017,08-15-2018,20,0,0,0,8,9,8,,,0,,,8,8,8,95,,,96,,,8,95,995,,,,,,,,,,,,,,,,,,,,,,,,,,,,,,0,0,0,1,0,0,0,0,0,0,0,0,0,0,0,0,0,0,1,1,0,0,0,0,0,0,0,0,0,1,1,0,0,0,0,,0,0,0,0,0,0,0,0,0,0,0,0,0,0,0,0,,,,,,26-30,26-35,City street,U,Thursday,,MHTRUCK,Not Fatal,1,0,0,0,City Street,Municipal/City Police,Mount Vernon Police Department,0,0,0,1,0,,,,,,0,0,0,,,,,,,,,,,98,98,98,0,,,,,20,7,,,,,,,,1,0,,,,,,
2021,254,635755,35,07-27-2021,19:58,27,7,July,,53,Pierce,0,1,,5,1,2,1,0,3,2,,,,12,0,6,Angle,2.2,2,0,3,T Intersection,3,2,2,4,0,0,20,3,CR-LAKEWOOD DR W,68TH ST W,-122.5086972,47.19619722,98467,0,2,82,Turn Into Opp Direction(Turning Left),15,2,40,4,0,0,1,5,12,1,1,2,1,11,Turning Red: Permitted on red,2,1,53,,0,24,1,1992,0,,12,,,,,,1,1,28,1,0,,0,0,3,0,11,0,,,,,0,0,3,3,1,38,,,,96,,,,,,98,,,,,,98273,53,71,121,6,1,0,0,1,0,,97,,,,,,0,04-15-2016,04-15-2016,20,0,0,0,8,9,8,,,0,,,8,8,2,1,,,1,,,2,1,0,,,,,,,,,,,,,,,,,,,,,,,,,,,,,,0,0,0,1,0,0,0,0,0,0,0,0,0,0,0,0,0,0,1,1,0,0,0,0,0,0,0,0,0,1,1,0,0,0,0,,0,0,0,0,0,0,0,0,0,0,1,0,0,0,0,0,,,,,,26-30,26-35,City street,U,Thursday,Belt Used,PV,Not Fatal,1,0,0,0,City Street,Municipal/City Police,Mount Vernon Police Department,0,0,0,1,0,,,,,,0,0,0,,,,,,,,,,,0,0,0,0,,,,,20,7,,,,,,,,1,0,,,,,,
2021,254,635754,35,07-27-2021,19:58,27,7,July,,53,Pierce,0,1,,5,1,2,1,0,3,2,,,,12,0,6,Angle,2.2,2,0,3,T Intersection,3,2,2,4,0,0,0,0,CR-LAKEWOOD DR W,68TH ST W,-122.5086972,47.19619722,98467,0,1,83,Others,67,4,40,80,0,0,1,2,12,1,1,5,5,1,Going Straight,1,1,53,,0,20,473,2005,0,,34,64,38,30,1,,1,1,60,1,1,,4,7,99,7,11,0,01/15/2020,06:00,53002324,2324,0,0,0,3,1,0,,,,96,,,,,,9,,,,,,97002,41,66,180,6,1,0,0,0,0,,0,,,,,,4,,,20,9,0,0,0,9,1,,,0,,,1,8,2,417,407,996,1,1,1,2,1,0.162,,,,,,,,,,,,,,,,,,,,,,,,,,,,,,0,0,0,0,1,1,1,1,1,0,0,0,1,0,0,0,0,0,0,0,0,0,0,0,0,0,0,0,0,1,0,0,0,0,0,,1,0,0,0,0,1,1,1,0,1,0,0,0,0,0,1,,,,,,56-60,56-65,County road,R,Wednesday,Unknown,PV,Hispanic,0,1,0,0,Other,County Sheriff,Yakima County Sheriff's Office,1,0,0,0,1,thc,7.4,carboxy-thc,7.1,,0,0,0,1,1,1,,,402,695,605,,,98,98,98,98,,,,,20,7,,,,,,,nms,1,0,,,,,,