year,something,Cases,repjur,crash_dt,crash_tm,accday,Month,Month,holiday,county,co_char,city,weather,weather2,lightcond,surfcond,surftype,Number of Fatalities,nmforms,pforms,vforms,not_tm,arr_tm,hosp_tm,fhevent,hitrun,Manner of Collision,Manner of Collision,milepnt,reljunc,reljuncinter,intersectiontype,Intersection Type,funcsystem,landuse,ownership,route,schlbus,spejur,contdev,devfunc,trafid1,trafid2,x,y,zipcode,wk_zone,vnumber,crashtype,Crash Type,criticalevent,criticaleventcat,spdlim,body,trailer,emerg,hazcargo,leave,mhevent,roadalgn,roadprof,traflane,trafflow,Vehicle Manure,Vehicle Manure,numoccs,regowner,regstate,,spuse,make,model,modelyr,vrf1,vrf2,seqevent1,seqevent2,seqevent3,seqevent4,seqevent5,seqevent6,pnumber,ptype,age,sex,hispanic,race,injury,diedscene,restraint,restraintmisuse,seatpos,takehosp,death_dt,death_tm,cert,cernum_wa,commlic,licendor,licrestrict,liccomp,drivpres,drf1,drf2,drf3,drf4,distract1,distract2,distract3,distract4,distract5,distract6,dricond1,dricond2,dricond3,dricond4,dricond5,dricond6,dzip,licstate,drhgt_in,weight,noncdl,noncdltype,prevdwi,prevoth,prevacc,prevspd,prevsus,driviol1,driviol2,driviol3,driviol4,driviol5,driviol6,spdrel,first_dt,last_dt,airbag,ejection,ejectpath,extricat,injurwrk,methalc,methdrug,nmlocat,strikveh,prf1,prf2,prf3,druginv,alcinvol,drugsts,drugres1,drugres2,drugres3,drugtst1,drugtst2,drugtst3,alcsts,alctst,alcres,nmact1,nmact2,nmact3,nmact4,nmact5,nmact6,nmprior1,nmprior2,nmprior3,nmprior4,nmprior5,nmprior6,nmcond1,nmcond2,nmcond3,nmcond4,nmcond5,nmcond6,nmsafe_helmet,nmsafe_pads,nmsafe_oth,nmprev_ref,nmprev_lgt,nmprev_oth,crashlocation,nmcrashtype,crosswalk,schoolzone,sidewalk,train_inv,wildlife_inv,rotr_fars,intersect_fars,Drink and Drive,aid_inv,Drug Positive Drivers,Impaired Drivers,Marijuana Positive,impnm_inv,ainm_inv,dpnm_inv,speed_inv,unlic_inv,unendmc_inv,drowsy_inv,drdist_inv,nmdist_inv,fty_inv,unrestfat_inv,dr1617_inv,dr1820_inv,dr1620_inv,dr2125_inv,dr1625_inv,dr65_inv,dr70_inv,dr75_inv,mc_inv,pv_inv,ht_inv,ped_inv,bike_inv,unrest_fat,mc_fat,unhelmet_mc,pv_fat,ht_fat,ped_fat,bike_fat,dr_alc7,dr_alc8,dr_drug,dr_imp,dr_dist,dr_spd,dr_fty,dr_unlic,dr_alc7only,dr_alc8only,dr_drugonly,dr_drink,nm_imp,nm_alc7,nm_alc8,nm_drug,nm_dist,agegrp1,agegrp2,roadclass,urbrur,dayweek,restuse,vehtype,race_me,intersect,lanedep,oppdir,wrongway,rep_typ,investag,repag_long,rotr,st_rd,cty_rd,city_rd,oth_rd,drug_thc,thc_res,drug_cthc,cthc_res,drug_cann,prevpersemin,prevperse,prevsusoth,drugtst4,drugtst5,drugtst6,drugtst7,drugtst8,drugres4,drugres5,drugres6,drugres7,drugres8,adspresent,adsengaged,adslevel,race1,race2,race3,race4,race5,helmet,helmetmisuse,nmdistract1,nmdistract2,nmdistract3,nmdistract4,nmdistract5,nmdistract6,lab,isedtcase,crf1,crf2,crf3,CoRoadName,CoMP,IntCoRoadName,IntCoMP
2019,254,634235,262,07-25-2019,13:01,25,7,July,,33,King,1958,1,0,1,1,2,1,0,10,2,,,,12,0,6,Angle,15.5,1,0,1,No intersection,3,2,1,3,0,0,0,0,SR-99,,-122.2962722,47.44646111,98188,0,1,98,Others,10,2,40,4,0,0,1,7,12,1,1,2,1,1,Going Straight,1,2,53,,0,42,403,2015,0,,12,,,,,,1,1,80,2,0,,1,0,3,0,11,0,,,,,0,0,0,3,1,0,,,,96,,,,,,98,,,,,,98023,53,62,140,6,1,0,0,0,0,,0,,,,,,0,,,8,0,0,0,8,9,8,,,0,,,8,8,8,95,,,96,,,8,95,995,,,,,,,,,,,,,,,,,,,,,,,,,,,,,,0,0,0,1,0,0,0,0,0,0,0,0,0,1,0,0,0,0,0,0,0,0,0,0,0,1,1,1,0,1,0,0,0,0,0,,0,0,0,0,0,0,0,0,0,0,0,0,0,0,0,0,,,,,,76-80,76+,City street,U,Sunday,Belt Used,PV,Not Fatal,1,0,0,0,City Street,Municipal/City Police,Federal Way Dept of Public Safety,0,0,0,1,0,,,,,,0,0,0,,,,,,,,,,,98,98,98,0,,,,,20,7,,,,,,,,1,0,,,,,,
2018,254,633439,39,07-22-2018,11:47,22,7,July,0,61,Snohomish,0,1,0,1,1,2,1,0,1,1,11:47,12:01,,1,0,0,No vehicle,4.4,1,0,1,No intersection,5,1,2,4,0,0,0,0,CR-HIGH BRIDGE RD,,-122.0362028,47.81901944,,0,1,1,Driver Off Road,13,2,35,80,0,0,1,7,1,3,2,2,1,14,Making a U turn,1,1,53,,0,7,482,2014,0,,12,,,,,,1,1,49,1,0,,2,0,3,0,11,0,,,,,0,0,3,2,1,48,,,,96,,,,,,98,,,,,,98023,53,72,240,1,1,1,3,1,0,,37,,,,,,0,01-15-2017,03-15-2020,8,0,0,0,8,9,8,,,0,,,8,8,8,95,,,96,,,8,95,995,,,,,,,,,,,,,,,,,,,,,,,,,,,,,,0,0,0,1,0,0,0,0,0,0,0,0,0,1,0,0,0,0,0,0,0,0,0,0,0,1,1,1,0,1,0,0,0,0,0,,0,0,0,0,0,0,0,0,0,0,0,1,0,0,0,0,,,,,,46-50,46-55,City street,U,Sunday,Belt Used,PV,Not Fatal,1,0,0,0,City Street,Municipal/City Police,Federal Way Dept of Public Safety,0,0,0,1,0,,,,,,0,1,3,,,,,,,,,,,98,98,98,0,,,,,20,7,,,,,,,,1,0,,,,,,
2017,254,632676,7,07-17-2017,09:46,17,7,July,0,33,King,0,1,0,1,1,2,1,1,1,1,,,,9,0,0,No vehicle,9.4,1,0,1,No intersection,3,2,1,3,0,0,0,0,SR-169,,-122.0121306,47.33398611,98010,0,1,13,Pedestrian/Animal,83,5,50,61,0,0,1,5,9,3,2,2,1,14,Making a U turn,1,1,53,,0,49,403,2013,0,,8,,,,,,1,1,50,2,0,,0,0,3,0,11,0,,,,,0,0,0,3,1,0,,,,96,,,,,,0,,,,,,98188,53,67,135,6,1,0,0,0,0,,0,,,,,,0,,,20,0,0,0,8,9,8,,,0,,,8,8,8,95,,,96,,,8,95,995,,,,,,,,,,,,,,,,,,,,,,,,,,,,,,0,0,0,0,0,0,0,0,0,1,1,1,0,0,0,0,0,0,0,0,0,0,0,0,0,0,0,0,0,1,0,1,0,0,0,,0,0,0,0,0,0,0,0,0,0,0,0,0,0,0,0,,,,,,46-50,46-55,State route,U,Saturday,Belt Used,PV,Not Fatal,0,0,0,0,State Route,State Patrol,Washington State Patrol,0,1,0,0,0,,,,,,0,0,0,,,,,,,,,,,98,98,98,0,,,,,20,7,,,,,,,,1,0,,,,,,
2017,255,632737,1,07-18-2017,05:55,18,7,July,0,77,Yakima,2590,1,0,4,1,2,1,0,2,2,05:55,06:04,06:28,12,0,2,Front-to-Front,201.5,1,0,1,No intersection,3,2,1,2,0,0,0,0,US-12,,-120.5257444,46.62561667,98902,0,2,51,Lateral Move(Going Straight),62,4,60,4,0,0,1,2,12,1,1,2,2,1,Going Straight,1,1,16,,0,12,13,1995,0,,68,68,63,42,,,1,1,61,1,7,,4,7,20,7,11,0,01-01-2020,20:10,53000701,701,0,0,0,3,1,33,,,,96,,,,,,98,,,,,,98282,53,73,190,6,1,0,2,1,0,,0,,,,,,0,08-15-2016,08-15-2017,20,0,0,0,0,1,8,,,0,,,8,1,2,124,996,,1,1,,2,1,0.188,,,,,,,,,,,,,,,,,,,,,,,,,,,,,,0,0,0,0,1,1,1,1,0,0,0,0,0,0,0,0,0,0,0,1,0,0,0,0,0,0,0,0,0,1,0,0,0,1,0,,1,0,0,0,0,1,1,1,0,0,0,0,0,0,0,1,,,,,,61-65,56-65,County road,R,Wednesday,Not Used,PV,White,0,1,0,0,County Road,State Patrol,Washington State Patrol,1,0,1,0,0,,,,,,0,0,0,,,,,,,,,,,0,0,0,1,,,,,20,7,,,,,,,,1,0,,,,,,
2019,255,634237,247,07-22-2019,21:05,22,7,July,,33,King,1820,1,0,3,1,2,1,0,1,1,,,,1,0,0,No vehicle,0,1,0,1,No intersection,7,2,4,6,0,0,0,0,BEAR CREEK PKWY,,-122.1232444,47.66871944,98052,0,1,6,Drive off road,6,1,30,80,0,0,1,7,1,2,1,2,1,6,Others,1,1,32,,0,20,441,2003,0,,63,8,,,,,1,1,18,1,0,,1,0,99,7,11,8,,,,,0,0,0,0,1,0,,,,92,,,,,,98,,,,,,98584,53,65,120,0,0,0,0,0,0,,97,,,,,,0,,,99,9,0,0,8,9,8,,,0,,,8,8,0,0,,,0,,,0,0,996,,,,,,,,,,,,,,,,,,,,,,,,,,,,,,0,0,0,0,0,0,0,0,0,1,0,1,0,1,0,0,1,0,0,0,0,1,1,0,1,0,0,0,0,1,0,1,0,0,0,,0,0,0,0,0,0,0,0,1,0,0,1,0,0,0,0,,,,,,18-20,16-25,US highway,R,Sunday,Unknown,PV,Not Fatal,0,0,0,0,State Route,State Patrol,Washington State Patrol,0,1,0,0,0,,,,,,0,0,0,,,,,,,,,,,98,98,98,0,,,,,20,7,,,,,,,,1,0,,,,,,
2020,255,3852084,263,07-18-2020,02:29,18,7,July,,33,King,1960,10,,3,1,2,1,0,1,4,,,,33,0,0,No vehicle,0,3,0,2,4 Way,3,2,4,6,0,0,3,3,15TH AVE W,W GARFIELD ST,-122.3762222,47.63346667,98119,0,1,6,Drive off road,12,2,30,2,0,0,1,2,2,2,1,6,2,11,Turning Red: Permitted on red,1,1,49,,0,7,472,2005,0,,12,,,,,,1,1,53,1,0,,0,0,3,0,11,0,,,,,6,0,3,3,1,87,,,,96,,,,,,0,,,,,,98221,53,66,185,6,1,0,0,0,0,,0,,,,,,0,,,20,0,0,0,8,9,8,,,0,,,8,8,0,0,,,0,,,0,0,996,,,,,,,,,,,,,,,,,,,,,,,,,,,,,,0,0,0,0,0,0,1,1,1,0,0,0,1,0,0,0,0,0,0,0,0,0,0,0,0,1,1,1,0,1,0,0,0,0,0,,0,0,0,0,0,0,0,0,0,0,0,0,0,0,0,0,,,,,,51-55,46-55,County road,U,Tuesday,Belt Used,PV,Not Fatal,0,0,0,0,City Street,State Patrol,Washington State Patrol,0,0,0,1,0,,,,,,0,0,0,,,,,,,,,,,98,98,98,0,,,,,20,7,,,,,,,,1,23,,,,,,
2021,255,635756,35,07-24-2021,16:32,24,7,July,,53,Pierce,0,1,,1,1,5,1,0,1,1,,,,42,0,0,No vehicle,3,1,0,1,No intersection,7,1,64,8,0,0,0,0,FOREST ROAD 75,,-121.6303306,47.08963611,,0,1,6,Drive off road,12,2,98,90,0,0,1,2,42,2,1,8,1,14,Making a U turn,1,2,53,,0,20,471,1992,0,,12,,,,,,1,1,75,1,7,,4,0,99,7,11,4,01/14/2020,22:08,69053002427,2427,0,0,0,3,1,87,,,,96,,,,,,98,,,,,,98221,53,69,212,6,1,0,0,1,0,,0,,,,,,4,08-15-2019,08-15-2019,20,0,0,0,0,9,8,,,0,,,8,8,2,695,605,151,1,1,1,2,1,0,,,,,,,,,,,,,,,,,,,,,,,,,,,,,,0,0,0,0,0,0,1,1,1,0,0,0,1,0,0,0,0,0,0,0,0,0,0,0,0,1,1,1,0,1,0,0,0,0,0,,1,0,0,0,0,0,1,1,0,1,0,0,0,0,1,0,,,,,,71-75,66-75,County road,U,Tuesday,Unknown,PV,AIAN,0,0,0,0,City Street,State Patrol,Washington State Patrol,0,0,0,1,0,thc,1.8,carboxy-thc,18,,0,0,0,,,,,,,,,,,0,0,0,3,,,,,20,7,,,,,,,nms,1,23,,,,,,
2018,255,633440,122,07-18-2018,02:51,18,7,July,0,61,Snohomish,690,1,0,2,1,2,1,1,1,1,,,,8,0,0,No vehicle,6.2,1,0,1,No intersection,3,2,1,3,0,0,0,0,SR-529,,-122.1833028,48.02946944,98201,0,1,13,Pedestrian/Animal,13,2,55,14,0,0,1,5,8,1,1,2,3,1,Going Straight,1,2,53,,0,55,36,2016,0,,63,30,,,,,1,1,25,2,7,,4,7,20,7,11,0,01-12-2020,01:45,53001668,1668,0,0,3,3,1,8,,,,96,,,,,,98,,,,,,53717,55,66,160,6,1,0,0,0,0,,0,,,,,,4,,,8,2,9,0,0,9,8,,,0,,,8,8,8,95,,,96,,,2,95,997,,,,,,,,,,,,,,,,,,,,,,,,,,,,,,0,0,0,1,0,0,0,0,0,0,0,0,1,0,0,0,0,0,0,1,0,0,0,1,1,0,0,0,0,1,0,0,0,1,0,,1,0,0,0,0,0,0,0,0,1,0,0,0,0,0,0,,,,,,21-25,16-25,Other,R,Sunday,Not Used,PV,Black,0,1,0,0,Other,Municipal/City Police,"Hdqtrs, 1st Military Police Brigade",1,0,0,0,1,,,,,,0,0,0,,,,,,,,,,,98,98,98,2,,,,,20,7,,,,,,,,1,0,,,,,,
2017,255,632736,1,07-18-2017,05:55,18,7,July,0,77,Yakima,2590,1,0,4,1,2,1,0,2,2,05:55,06:04,06:28,12,0,2,Front-to-Front,201.5,1,0,1,No intersection,3,2,1,2,0,0,0,0,US-12,,-120.5257444,46.62561667,98902,0,1,50,Lateral Move(Left/Right),12,2,60,4,0,0,1,2,12,1,1,2,2,1,Going Straight,1,2,53,,0,35,401,1995,0,,12,,,,,,1,1,27,1,7,,4,7,3,0,11,0,01-07-2020,20:31,53000913,913,0,0,3,3,1,0,,,,96,,,,,,0,,,,,,98628,53,66,120,6,1,0,0,0,0,,0,,,,,,0,,,20,0,0,0,0,9,8,,,0,,,8,8,2,695,605,,1,1,,2,1,0,,,,,,,,,,,,,,,,,,,,,,,,,,,,,,0,0,0,0,1,1,1,1,1,0,0,0,0,0,0,0,0,0,0,0,0,0,0,0,0,0,0,0,0,1,0,0,0,0,0,,1,0,0,0,0,0,1,1,0,0,0,0,0,0,1,0,,,,,,26-30,26-35,US highway,R,Tuesday,Belt Used,PV,White,0,1,1,0,State Route,State Patrol,Washington State Patrol,0,1,0,0,0,thc,1.9,carboxy-thc,8.3,,0,0,0,,,,,,,,,,,0,0,0,1,,,,,20,7,,,,,,,nms,1,0,,,,,,
2018,256,633442,160,07-25-2018,17:16,25,7,July,0,33,King,1030,1,0,1,1,2,1,1,3,2,,,,42,0,0,No vehicle,9.4,1,0,1,No intersection,3,2,1,3,0,0,0,0,SR-99,,-122.3085722,47.35971111,98198,0,2,98,Others,53,3,40,4,0,0,1,7,12,1,1,8,1,10,Others,1,1,6,,0,23,481,2018,0,,63,12,,,,,1,1,45,1,0,,1,0,3,0,11,4,,,,,99,0,9,9,1,28,,,,96,,,,,,9,,,,,,99999,99,,999,9,9,99,99,99,99,,1,,,,,,0,,,8,0,0,0,8,3,8,,,0,,,8,1,8,95,,,96,,,2,1,0.12,,,,,,,,,,,,,,,,,,,,,,,,,,,,,,0,0,0,0,1,1,1,1,1,0,0,0,0,0,0,0,0,0,0,0,0,0,0,0,0,0,0,0,0,1,0,0,0,0,0,,0,0,0,0,0,1,0,1,0,0,0,0,0,1,0,1,,,,,,41-45,36-45,US highway,R,Tuesday,Belt Used,PV,Not Fatal,0,1,1,0,State Route,State Patrol,Washington State Patrol,0,1,0,0,0,,,,,,99,99,99,,,,,,,,,,,98,98,98,0,,,,,20,7,,,,,,,,1,0,,,,,,
2021,256,635757,35,07-28-2021,22:58,28,7,July,,53,Pierce,0,1,,2,1,2,1,1,1,1,,,,8,0,0,No vehicle,0.8,3,0,3,T Intersection,5,1,2,4,0,0,0,0,CR-WRIGHT BLISS RD NW,109TH CT NW,-122.7639917,47.35787222,98329,0,1,13,Pedestrian/Animal,80,5,45,6,0,0,1,2,8,1,1,2,1,1,Going Straight,1,2,53,,0,29,5,2013,0,,12,,,,,,1,1,51,1,7,,4,0,3,0,11,5,01-07-2020,16:16,1.96E+11,1672,0,0,0,3,1,0,,,,96,,,,,,98,,,,,,98225,53,70,190,6,1,0,0,0,0,,0,,,,,,0,,,8,0,0,0,0,9,8,,,0,,,8,8,2,1,,,1,,,2,1,0,,,,,,,,,,,,,,,,,,,,,,,,,,,,,,0,0,0,0,1,1,1,1,1,0,0,0,1,0,0,0,0,0,0,0,0,0,0,1,1,0,0,0,0,1,0,0,0,0,0,,1,0,0,0,0,0,0,0,0,0,0,0,0,0,0,0,,,,,,51-55,46-55,Interstate,U,Sunday,Belt Used,PV,White,0,1,1,0,State Route,State Patrol,Washington State Patrol,0,1,0,0,0,,,,,,0,0,0,,,,,,,,,,,98,98,98,1,,,,,20,7,,,,,,,,1,0,,,,,,
2020,256,634928,326,07-27-2020,09:41,27,7,July,,33,King,2565,1,,1,1,2,1,1,1,1,,,,9,0,0,No vehicle,0,2,0,3,T Intersection,5,2,4,6,0,0,0,0,NE 171ST ST,143rd Pl NE,-122.1480417,47.75168056,98072,0,1,13,Pedestrian/Animal,15,2,35,4,0,0,1,2,9,1,2,3,5,11,Turning Red: Permitted on red,1,2,53,,0,37,31,2014,0,,68,64,67,12,,,1,1,23,1,0,,1,0,3,0,11,5,,,,,0,0,0,3,1,0,,,,96,,,,,,9,,,,,,98132,53,72,155,6,1,0,0,0,1,,97,,,,,,4,08-15-2019,08-15-2019,8,0,0,0,8,9,8,,,0,,,8,1,2,695,605,,1,1,,2,1,0.15,,,,,,,,,,,,,,,,,,,,,,,,,,,,,,0,0,0,0,1,1,1,1,1,0,0,0,1,0,0,0,0,0,0,0,0,0,0,1,1,0,0,0,0,1,0,0,0,0,0,,0,0,0,0,0,1,1,1,0,1,0,0,0,0,0,1,,,,,,21-25,16-25,Interstate,U,Sunday,Belt Used,PV,Not Fatal,0,1,1,0,State Route,State Patrol,Washington State Patrol,0,1,0,0,0,thc,4.4,carboxy-thc,49,,0,0,0,,,,,,,,,,,98,98,98,0,,,,,20,7,,,,,,,,1,0,,,,,,
2019,256,634233,146,07-29-2019,20:50,29,7,July,,77,Yakima,0,1,0,2,1,2,1,0,1,1,,,,52,0,0,No vehicle,10.2,1,0,1,No intersection,7,1,2,4,0,3,0,0,CR-W WAPATO RCR,,-120.642425,46.447875,98951,0,1,1,Driver Off Road,13,2,50,4,0,0,1,7,3,1,1,2,1,1,Going Straight,1,1,53,,0,41,421,2013,0,0,8,,,,,,1,1,21,8,0,,0,0,3,0,11,0,,,,,0,0,0,3,1,0,0,0,0,96,,,,,,0,,,,,,99037,53,70,165,6,1,0,0,1,0,,0,,,,,,0,04-15-2015,04-15-2015,20,0,0,0,8,9,8,,,0,0,0,8,8,8,95,,,96,,,8,95,995,,,,,,,,,,,,,,,,,,,,,,,,,,,,,,0,0,0,0,0,0,0,0,0,0,0,0,0,0,0,0,0,0,0,0,0,0,0,1,1,0,0,0,0,1,0,1,0,0,0,,0,0,0,0,0,0,0,0,0,0,0,0,0,0,0,0,,,,,,21-25,16-25,City street,U,Thursday,Belt Used,PV,Not Fatal,0,0,0,0,City Street,Municipal/City Police,Spokane Valley Police Department,0,0,0,1,0,,,,,,0,0,0,,,,,,,,,,,98,98,98,0,,,,,20,7,,,,,,,,,,,,,,,
2018,256,633441,160,07-25-2018,17:16,25,7,July,0,33,King,1030,1,0,1,1,2,1,1,3,2,,,,42,0,0,No vehicle,9.4,1,0,1,No intersection,3,2,1,3,0,0,0,0,SR-99,,-122.3085722,47.35971111,98198,0,1,1,Driver Off Road,13,2,40,14,0,0,1,7,8,1,1,8,1,6,Others,2,1,53,,0,37,32,2008,0,0,12,,,,,,1,1,35,1,0,,0,0,3,0,11,0,,,,,0,0,0,3,1,0,0,0,0,0,,,,,,99,,,,,,99163,53,70,168,6,1,0,3,0,1,,0,,,,,,0,12-15-2015,09-15-2019,20,0,0,0,8,9,8,,,0,0,0,8,8,8,95,,,96,,,8,95,995,,,,,,,,,,,,,,,,,,,,,,,,,,,,,,0,0,1,0,1,1,1,1,1,0,0,0,1,0,0,0,0,0,0,0,0,0,0,0,0,0,0,0,0,1,0,0,0,0,0,,0,0,0,0,0,0,0,0,0,0,0,0,0,0,0,0,,,,,,31-35,26-35,Interstate,U,Sunday,Belt Used,PV,Not Fatal,0,1,0,0,State Route,State Patrol,Washington State Patrol,1,1,0,0,0,,,,,,0,0,2,,,,,,,,,,,98,98,98,0,,,,,20,7,,,,,,,,,,,,,,,
2017,256,632699,7,07-17-2017,03:36,17,7,July,0,33,King,1050,1,0,3,1,2,1,0,2,1,,,,24,0,0,No vehicle,18.1,1,0,1,No intersection,1,2,1,1,0,0,0,0,I-405,,-122.1846806,47.67779444,98033,0,1,2,Control/Traction Loss,9,1,60,4,0,0,1,2,24,1,1,5,3,1,Going Straight,2,1,53,,0,35,48,2009,0,0,64,25,21,12,2,,1,1,28,1,7,,4,7,99,7,11,0,12/22/2019,02:37,1.41E+11,58063,0,0,0,3,1,0,0,0,0,96,,,,,,99,,,,,,98012,53,66,120,6,1,0,3,3,4,,0,,,,,,3,10-15-2015,12-15-2019,99,0,0,0,0,9,8,,,0,0,0,8,8,2,695,605,,1,1,,2,1,0.091,,,,,,,,,,,,,,,,,,,,,,,,,,,,,,0,0,1,0,1,1,1,1,1,0,0,0,1,0,0,0,0,0,0,0,0,0,0,0,0,0,0,0,0,1,0,0,0,0,0,,1,0,0,0,0,1,1,1,0,1,0,0,0,0,0,1,,,,,,26-30,26-35,Interstate,U,Sunday,Unknown,PV,White,0,1,0,0,State Route,State Patrol,Washington State Patrol,1,1,0,0,0,thc,50,carboxy-thc,210,,0,0,0,,,,,,,,,,,98,98,98,1,,,,,20,7,,,,,,,nms,,,,,,,,
2020,257,634929,24,07-23-2020,19:23,23,7,July,,31,Jefferson,0,1,,1,1,2,1,0,1,1,,,,1,0,0,No vehicle,4.3,1,0,1,No intersection,6,1,2,4,0,0,0,0,CR-HASTINGS AVE W,,-122.8596694,48.10414167,98368,0,1,98,Others,6,1,40,20,0,0,1,2,1,3,1,2,1,14,Making a U turn,1,2,53,,0,2,422,2017,0,,12,,,,,,1,1,24,1,0,,0,0,3,0,11,0,,,,,0,0,0,3,1,0,,,,96,,,,,,0,,,,,,49006,26,68,160,6,1,0,1,0,1,,0,,,,,,0,12-15-2016,10-15-2019,8,0,0,0,8,9,8,,,0,,,8,8,0,0,,,0,,,0,0,996,,,,,,,,,,,,,,,,,,,,,,,,,,,,,,0,0,0,0,1,1,1,1,1,0,0,0,0,0,0,0,0,0,0,0,0,1,1,1,1,0,0,0,0,1,0,0,0,0,0,,0,0,0,0,0,0,0,0,0,0,0,0,0,0,0,0,,,,,,21-25,16-25,State route,R,Friday,Belt Used,PV,Not Fatal,0,1,1,0,State Route,State Patrol,Washington State Patrol,0,1,0,0,0,,,,,,0,0,0,,,,,,,,,,,98,98,98,0,,,,,20,7,,,,,,,,1,0,,,,,,
2019,257,634238,42,07-28-2019,06:10,28,7,July,,67,Thurston,0,1,0,4,1,2,1,0,1,1,,,,1,0,0,No vehicle,0.2,1,0,1,No intersection,7,2,2,4,0,0,0,0,CR-VANTINE RD SE,,-122.8201,46.86505833,98589,0,1,1,Driver Off Road,6,1,25,90,0,0,1,7,1,3,1,2,1,14,Making a U turn,1,2,53,,0,20,22,2005,0,,68,68,68,12,,,1,1,19,1,7,,4,7,3,0,11,0,01-03-2020,02:40,53000122,122,0,0,0,3,1,8,28,,,96,,,,,,98,,,,,,98277,53,67,128,6,2,0,0,1,1,,0,,,,,,0,09-15-2017,02-15-2019,20,0,0,0,0,1,8,,,0,,,1,1,2,695,605,,1,1,,2,1,0.152,,,,,,,,,,,,,,,,,,,,,,,,,,,,,,0,0,0,0,1,1,1,1,1,0,0,0,0,0,0,0,0,0,0,0,0,1,1,1,1,0,0,0,0,1,0,0,0,0,0,,1,0,0,0,0,1,1,1,0,0,0,0,0,0,0,1,,,,,,18-20,16-25,State route,R,Friday,Belt Used,PV,Multiracial,0,1,1,0,State Route,State Patrol,Washington State Patrol,0,1,0,0,0,thc,11,carboxy-thc,100,,0,0,0,,,,,,,,,,,98,98,98,201,202,,,,20,7,,,,,,,nms,1,0,,,,,,
2018,257,633443,2,07-24-2018,12:11,24,7,July,0,57,Skagit,0,1,0,1,1,2,2,0,2,1,,,,42,0,0,No vehicle,5.2,1,0,1,No intersection,5,1,2,4,0,0,0,0,CR-BAKER LAKE RD,,-121.7988583,48.56723333,98237,0,1,6,Drive off road,12,2,50,34,0,0,1,2,42,2,1,2,1,14,Making a U turn,2,1,53,,0,12,401,2010,0,,8,,,,,,1,1,81,1,0,,0,0,3,0,11,0,,,,,0,0,3,3,1,0,,,,96,,,,,,0,,,,,,98328,53,63,196,6,1,0,0,0,0,,0,,,,,,0,,,20,0,0,0,8,9,8,,,0,,,8,8,2,1,,,1,,,2,1,0,,,,,,,,,,,,,,,,,,,,,,,,,,,,,,0,0,0,1,0,0,0,0,0,1,0,1,0,0,0,0,0,0,0,0,0,0,0,0,0,1,1,1,0,1,0,1,0,0,0,,0,0,0,0,0,0,0,0,0,0,0,0,0,0,0,0,,,,,,81+,76+,State route,U,Monday,Belt Used,PV,Not Fatal,1,0,0,0,State Route,State Patrol,Washington State Patrol,0,1,0,0,0,,,,,,0,0,0,,,,,,,,,,,98,98,98,0,,,,,20,7,,,,,,,,1,0,,,,,,
2017,257,632745,6,07-16-2017,19:40,16,7,July,0,47,Okanogan,0,1,0,1,1,2,1,1,1,1,,,,8,0,0,No vehicle,7.5,1,0,1,No intersection,7,1,2,4,0,0,0,0,CR-OMAK-RIVERSIDE E RD,,-119.48085,48.48501111,98841,0,1,13,Pedestrian/Animal,80,5,50,39,0,0,1,2,8,1,4,2,1,1,Going Straight,1,1,53,,0,12,23,2013,0,0,12,,,,,,1,1,19,1,0,,2,0,99,7,11,8,,,,,0,0,0,3,1,0,0,0,0,92,,,,,,0,,,,,,98003,53,65,120,6,1,0,0,1,3,,0,,,,,,0,01-15-2018,07-15-2018,8,0,0,0,8,9,8,,,0,0,0,8,8,8,95,,,96,,,8,95,995,,,,,,,,,,,,,,,,,,,,,,,,,,,,,,0,0,0,1,0,0,0,0,0,0,0,0,0,0,0,0,1,0,0,1,0,1,1,0,1,0,0,0,0,1,0,0,0,0,0,,0,0,0,0,0,0,0,0,1,0,0,0,0,0,0,0,,,,,,18-20,16-25,City street,U,Friday,Unknown,PV,Not Fatal,1,0,0,0,City Street,Municipal/City Police,Burien Police Department,0,0,0,1,0,,,,,,0,0,0,,,,,,,,,,,98,98,98,0,,,,,20,7,,,,,,,,,,,,,,,
2017,258,632680,5,07-15-2017,23:10,15,7,July,0,41,Lewis,310,1,0,2,1,2,1,0,3,2,23:11,23:17,23:44,12,0,2,Front-to-Front,77.6,1,0,1,No intersection,1,2,1,1,0,0,0,0,I-5,,-122.9747667,46.65437222,,0,2,51,Lateral Move(Going Straight),54,3,60,6,0,0,1,2,12,1,1,2,3,1,Going Straight,2,1,41,,0,49,32,2006,0,0,12,,,,,,1,1,51,1,7,,4,0,20,7,11,4,01/24/2020,09:46,1.96E+11,5806,6,0,0,3,1,0,0,0,0,92,,,,,,0,,,,,,98166,53,64,156,6,1,0,1,2,0,,0,,,,,,0,05-15-2018,03-15-2019,1,0,0,0,0,9,8,,,0,0,0,0,0,8,95,,,96,,,8,95,995,,,,,,,,,,,,,,,,,,,,,,,,,,,,,,0,0,0,1,0,0,0,0,0,0,0,0,0,0,0,0,1,0,0,1,0,1,1,0,1,0,0,0,0,1,0,0,0,1,0,,1,0,0,0,0,0,0,0,1,0,0,0,0,0,0,0,,,,,,51-55,46-55,City street,U,Friday,Not Used,PV,Black,1,0,0,0,City Street,Municipal/City Police,Burien Police Department,0,0,0,1,0,,,,,,0,0,0,,,,,,,,,,,98,98,98,2,,,,,20,7,,,,,,,,,,,,,,,