year,something,Cases,repjur,crash_dt,crash_tm,accday,Month,Month,holiday,county,co_char,city,weather,weather2,lightcond,surfcond,surftype,Number of Fatalities,nmforms,pforms,vforms,not_tm,arr_tm,hosp_tm,fhevent,hitrun,Manner of Collision,Manner of Collision,milepnt,reljunc,reljuncinter,intersectiontype,Intersection Type,funcsystem,landuse,ownership,route,schlbus,spejur,contdev,devfunc,trafid1,trafid2,x,y,zipcode,wk_zone,vnumber,crashtype,Crash Type,criticalevent,criticaleventcat,spdlim,body,trailer,emerg,hazcargo,leave,mhevent,roadalgn,roadprof,traflane,trafflow,Vehicle Manure,Vehicle Manure,numoccs,regowner,regstate,,spuse,make,model,modelyr,vrf1,vrf2,seqevent1,seqevent2,seqevent3,seqevent4,seqevent5,seqevent6,pnumber,ptype,age,sex,hispanic,race,injury,diedscene,restraint,restraintmisuse,seatpos,takehosp,death_dt,death_tm,cert,cernum_wa,commlic,licendor,licrestrict,liccomp,drivpres,drf1,drf2,drf3,drf4,distract1,distract2,distract3,distract4,distract5,distract6,dricond1,dricond2,dricond3,dricond4,dricond5,dricond6,dzip,licstate,drhgt_in,weight,noncdl,noncdltype,prevdwi,prevoth,prevacc,prevspd,prevsus,driviol1,driviol2,driviol3,driviol4,driviol5,driviol6,spdrel,first_dt,last_dt,airbag,ejection,ejectpath,extricat,injurwrk,methalc,methdrug,nmlocat,strikveh,prf1,prf2,prf3,druginv,alcinvol,drugsts,drugres1,drugres2,drugres3,drugtst1,drugtst2,drugtst3,alcsts,alctst,alcres,nmact1,nmact2,nmact3,nmact4,nmact5,nmact6,nmprior1,nmprior2,nmprior3,nmprior4,nmprior5,nmprior6,nmcond1,nmcond2,nmcond3,nmcond4,nmcond5,nmcond6,nmsafe_helmet,nmsafe_pads,nmsafe_oth,nmprev_ref,nmprev_lgt,nmprev_oth,crashlocation,nmcrashtype,crosswalk,schoolzone,sidewalk,train_inv,wildlife_inv,rotr_fars,intersect_fars,Drink and Drive,aid_inv,Drug Positive Drivers,Impaired Drivers,Marijuana Positive,impnm_inv,ainm_inv,dpnm_inv,speed_inv,unlic_inv,unendmc_inv,drowsy_inv,drdist_inv,nmdist_inv,fty_inv,unrestfat_inv,dr1617_inv,dr1820_inv,dr1620_inv,dr2125_inv,dr1625_inv,dr65_inv,dr70_inv,dr75_inv,mc_inv,pv_inv,ht_inv,ped_inv,bike_inv,unrest_fat,mc_fat,unhelmet_mc,pv_fat,ht_fat,ped_fat,bike_fat,dr_alc7,dr_alc8,dr_drug,dr_imp,dr_dist,dr_spd,dr_fty,dr_unlic,dr_alc7only,dr_alc8only,dr_drugonly,dr_drink,nm_imp,nm_alc7,nm_alc8,nm_drug,nm_dist,agegrp1,agegrp2,roadclass,urbrur,dayweek,restuse,vehtype,race_me,intersect,lanedep,oppdir,wrongway,rep_typ,investag,repag_long,rotr,st_rd,cty_rd,city_rd,oth_rd,drug_thc,thc_res,drug_cthc,cthc_res,drug_cann,prevpersemin,prevperse,prevsusoth,drugtst4,drugtst5,drugtst6,drugtst7,drugtst8,drugres4,drugres5,drugres6,drugres7,drugres8,adspresent,adsengaged,adslevel,race1,race2,race3,race4,race5,helmet,helmetmisuse,nmdistract1,nmdistract2,nmdistract3,nmdistract4,nmdistract5,nmdistract6,lab,isedtcase,crf1,crf2,crf3,CoRoadName,CoMP,IntCoRoadName,IntCoMP
2021,258,635603,3,05-10-2021,08:40,10,5,May,,53,Pierce,2230,1,,1,1,2,1,1,1,1,,,,8,0,0,No vehicle,,1,0,1,No intersection,1,2,1,1,0,0,0,0,I-705,,-122.4509389,47.23008611,98418,0,1,13,Pedestrian/Animal,80,5,60,4,0,0,1,5,8,1,2,4,3,1,Going Straight,1,1,53,,0,12,481,2018,0,0,63,1,,,,,1,1,45,1,6,,4,7,20,7,11,0,12/31/2019,21:15,53058430,58430,0,0,0,3,1,87,0,0,0,96,,,,,,98,,,,,,98841,53,72,272,6,1,0,0,0,1,,0,,,,,,0,03-15-2019,03-15-2019,8,1,9,0,0,9,8,,,0,0,0,8,8,2,695,605,,1,1,,2,1,0.149,,,,,,,,,,,,,,,,,,,,,,,,,,,,,,0,0,1,0,1,1,1,1,1,0,0,0,0,0,0,0,0,0,0,1,0,0,0,0,0,0,0,0,0,1,0,0,0,1,0,,1,0,0,0,0,1,1,1,0,0,0,0,0,0,0,1,,,,,,41-45,36-45,County road,U,Tuesday,Not Used,PV,Hispanic,0,1,0,0,County Road,County Sheriff,Okanogan County Sheriff's Office,1,0,1,0,0,thc,5,carboxy-thc,14,,0,0,0,,,,,,,,,,,98,98,98,201,203,,,,20,7,,,,,,,nms,,,,,,,,
2020,258,634930,2,07-26-2020,03:40,26,7,July,,57,Skagit,0,1,,2,1,7,1,0,1,1,03:37,03:52,,42,0,0,No vehicle,4.3,1,0,1,No intersection,6,1,2,4,0,0,0,0,CR-COLONY RD,,-122.3612944,48.58789167,98232,0,1,6,Drive off road,12,2,35,80,0,0,1,2,42,2,1,2,1,14,Making a U turn,1,5,53,,0,12,402,2005,0,,8,,,,,,1,1,999,9,0,,9,0,99,7,11,0,,,,,99,9,9,9,1,0,,,,92,,,,,,98,,,,,,99999,99,,999,9,9,99,99,99,99,,0,,,,,,0,,,99,9,0,0,8,9,8,,,0,,,8,8,0,0,,,0,,,0,0,996,,,,,,,,,,,,,,,,,,,,,,,,,,,,,,0,0,0,1,0,0,0,0,0,1,0,1,0,0,0,0,1,0,0,0,0,0,0,0,0,0,0,0,0,1,0,1,0,0,0,,0,0,0,0,0,0,0,0,1,0,0,0,0,0,0,0,,,,,,,,State route,U,Monday,Unknown,PV,Not Fatal,1,0,0,0,State Route,Municipal/City Police,Spokane Police Department,0,1,0,0,0,,,,,,99,99,99,,,,,,,,,,,98,98,98,0,,,,,20,7,,,,,,,,1,0,,,,,,
2019,258,634241,305,07-26-2019,23:44,26,7,July,,11,Clark,2370,1,0,2,1,2,2,0,4,3,,,,12,0,6,Angle,0,2,0,3,T Intersection,7,2,4,6,0,0,20,3,NE 18TH ST,NE 187TH AVE,-122.4810639,45.63583333,98684,0,3,82,Turn Into Opp Direction(Turning Left),66,4,40,14,0,0,1,7,12,8,8,2,1,11,Turning Red: Permitted on red,2,1,53,,0,9,20,2000,0,0,63,33,1,,,,1,1,72,1,7,,4,7,20,7,11,0,12/31/2019,18:42,10053058252,58252,0,0,0,3,1,58,0,0,0,92,,,,,,1,,,,,,98030,53,69,260,6,1,0,0,1,0,,0,,,,,,0,02-15-2017,02-15-2017,20,0,0,0,0,9,8,,,0,0,0,8,8,2,1,,,1,,,2,1,0,,,,,,,,,,,,,,,,,,,,,,,,,,,,,,0,0,0,1,0,0,0,0,0,0,0,0,0,0,0,0,1,0,0,1,0,0,0,0,0,1,1,0,0,1,0,0,0,1,0,,1,0,0,0,0,0,0,0,1,0,0,0,0,0,0,0,,,,,,71-75,66-75,City street,U,Tuesday,Not Used,PV,Black,0,1,0,0,City Street,Municipal/City Police,Auburn Police Department,1,0,0,1,0,,,,,,0,0,0,,,,,,,,,,,98,98,98,2,,,,,20,7,,,,,,,,,,,,,,,
2019,258,634240,305,07-26-2019,23:44,26,7,July,,11,Clark,2370,1,0,2,1,2,2,0,4,3,,,,12,0,6,Angle,0,2,0,3,T Intersection,7,2,4,6,0,0,0,0,NE 18TH ST,NE 187TH AVE,-122.4810639,45.63583333,98684,0,2,98,Others,98,7,40,80,0,0,1,7,1,1,1,2,1,1,Going Straight,1,2,53,,0,20,481,2012,0,0,63,69,68,64,35,1,1,1,26,1,6,,4,7,20,7,11,0,12/29/2019,20:28,53057418,57418,0,0,0,3,1,0,0,0,0,96,,,,,,9,,,,,,98935,53,67,170,6,1,1,1,0,0,,0,,,,,,0,03-15-2018,03-15-2018,8,1,9,0,0,1,8,,,0,0,0,8,1,2,1,,,1,,,2,1,0.238,,,,,,,,,,,,,,,,,,,,,,,,,,,,,,0,0,0,0,1,1,0,1,0,0,0,0,0,0,0,0,0,0,0,1,0,0,0,0,0,0,0,0,0,1,0,0,0,1,0,,1,0,0,0,0,1,0,1,0,0,0,0,0,1,0,1,,,,,,26-30,26-35,State route,R,Sunday,Not Used,PV,Hispanic,0,1,0,0,State Route,State Patrol,Washington State Patrol,1,1,0,0,0,,,,,,0,1,1,,,,,,,,,,,98,98,98,298,,,,,20,7,,,,,,,,,,,,,,,
2019,258,634239,305,07-26-2019,23:44,26,7,July,,11,Clark,2370,1,0,2,1,2,2,0,4,3,,,,12,0,6,Angle,0,2,0,3,T Intersection,7,2,4,6,0,0,0,0,NE 18TH ST,NE 187TH AVE,-122.4810639,45.63583333,98684,0,1,83,Others,67,4,40,80,0,0,1,2,12,1,1,2,1,1,Going Straight,1,1,53,,0,7,442,2007,0,0,12,,,,,,1,1,34,1,0,,3,0,3,0,11,4,,,,,0,0,0,3,1,0,0,0,0,96,,,,,,0,,,,,,99169,53,68,190,6,1,0,0,1,1,,0,,,,,,0,01-15-2017,05-15-2017,1,0,0,0,8,9,8,,,0,0,0,8,8,8,95,,,96,,,8,95,995,,,,,,,,,,,,,,,,,,,,,,,,,,,,,,0,0,0,0,1,1,0,1,0,0,0,0,0,0,0,0,0,0,0,0,0,0,0,0,0,0,0,0,0,1,0,0,0,0,0,,0,0,0,0,0,0,0,0,0,0,0,0,0,0,0,0,,,,,,31-35,26-35,US highway,R,Sunday,Belt Used,PV,Not Fatal,0,0,0,1,State Route,State Patrol,Washington State Patrol,0,1,0,0,0,,,,,,0,0,0,,,,,,,,,,,98,98,98,0,,,,,20,7,,,,,,,,,,,,,,,
2018,258,633445,26,07-25-2018,16:22,25,7,July,0,35,Kitsap,0,1,0,1,1,2,1,0,2,2,,,,12,0,2,Front-to-Front,4.6,1,0,1,No intersection,5,1,2,4,0,0,0,0,CR-NW HOLLY RD,,-122.7598028,47.60418056,98312,0,2,51,Lateral Move(Going Straight),62,4,40,34,0,0,1,7,12,3,2,2,1,14,Making a U turn,1,1,53,,0,49,46,2015,0,0,12,,,,,,1,1,57,2,7,,4,7,3,0,11,0,12/29/2019,18:29,53057770,57770,0,0,3,3,1,51,0,0,0,96,,,,,,9,,,,,,99204,53,58,107,6,1,0,0,0,1,,0,,,,,,0,07-15-2015,09-15-2015,1,0,0,0,0,1,8,,,0,0,0,8,1,2,1,,,1,,,2,1,0.22,,,,,,,,,,,,,,,,,,,,,,,,,,,,,,0,0,0,0,1,1,0,1,0,0,0,0,0,0,0,0,0,0,0,0,0,0,0,0,0,0,0,0,0,1,0,0,0,0,0,,1,0,0,0,0,1,0,1,0,0,0,0,0,1,0,1,,,,,,56-60,56-65,US highway,R,Sunday,Belt Used,PV,White,0,0,0,1,State Route,State Patrol,Washington State Patrol,0,1,0,0,0,,,,,,0,0,3,,,,,,,,,,,98,98,98,1,,,,,20,7,,,,,,,,,,,,,,,
2018,258,633444,26,07-25-2018,16:22,25,7,July,0,35,Kitsap,0,1,0,1,1,2,1,0,2,2,,,,12,0,2,Front-to-Front,4.6,1,0,1,No intersection,5,1,2,4,0,0,0,0,CR-NW HOLLY RD,,-122.7598028,47.60418056,98312,0,1,50,Lateral Move(Left/Right),10,2,98,4,0,0,1,7,12,2,2,2,1,14,Making a U turn,1,1,53,,0,2,404,2014,0,0,12,1,,,,,1,1,39,1,0,,3,0,2,0,11,8,,,,,6,0,0,3,1,0,0,0,0,0,,,,,,99,,,,,,98640,53,67,250,6,1,0,1,0,0,,0,,,,,,0,05-15-2015,09-15-2015,8,0,0,0,8,9,8,,,0,0,0,8,8,8,95,,,96,,,8,95,995,,,,,,,,,,,,,,,,,,,,,,,,,,,,,,0,0,0,0,0,0,0,0,0,0,0,0,0,0,0,0,1,0,0,0,0,0,0,0,0,1,0,0,0,1,0,0,0,0,0,,0,0,0,0,0,0,0,0,0,0,0,0,0,0,0,0,,,,,,36-40,36-45,County road,R,Friday,Belt Used,PV,Not Fatal,0,1,1,0,County Road,County Sheriff,Pacific County Sheriff's Office,0,0,1,0,0,,,,,,0,0,1,,,,,,,,,,,98,98,98,0,,,,,20,7,,,,,,,,,,,,,,,
2017,258,632679,5,07-15-2017,23:10,15,7,July,0,41,Lewis,310,1,0,2,1,2,1,0,3,2,23:11,23:17,23:44,12,0,2,Front-to-Front,77.6,1,0,1,No intersection,1,2,1,1,0,0,0,0,I-5,,-122.9747667,46.65437222,,0,1,50,Lateral Move(Left/Right),10,2,60,3,0,0,1,2,12,1,1,2,3,1,Going Straight,1,1,53,,0,7,482,2006,0,0,68,12,,,,,1,1,65,1,0,,1,0,99,7,11,0,,,,,0,0,0,3,1,28,0,0,0,92,,,,,,99,,,,,,97103,41,66,175,6,1,0,0,0,0,,97,,,,,,0,,,8,0,0,0,8,9,8,,,0,0,0,8,8,8,95,,,96,,,8,95,995,,,,,,,,,,,,,,,,,,,,,,,,,,,,,,0,0,0,0,0,0,0,0,0,0,0,0,0,0,0,0,1,0,0,0,0,0,0,0,0,1,0,0,0,1,0,0,0,0,0,,0,0,0,0,0,0,0,0,1,0,0,0,0,0,0,0,,,,,,61-65,56-65,County road,R,Friday,Unknown,PV,Not Fatal,0,1,1,0,County Road,County Sheriff,Pacific County Sheriff's Office,0,0,1,0,0,,,,,,0,0,0,,,,,,,,,,,98,98,98,0,,,,,20,7,,,,,,,,,,,,,,,
2017,259,632690,2,07-15-2017,13:27,15,7,July,0,61,Snohomish,2030,1,0,1,1,2,1,0,3,2,13:24,13:31,,1,0,0,No vehicle,9.5,1,0,1,No intersection,3,2,1,3,0,0,0,0,SR-9,,-122.1086833,47.91425278,98291,0,1,98,Others,6,1,55,80,0,0,1,2,12,1,2,2,1,1,Going Straight,1,2,41,,0,7,24,2019,0,0,68,64,42,,,,1,1,37,1,7,,4,7,20,7,11,0,12/31/2019,20:45,2.31E+11,56922,0,0,0,3,1,0,0,0,0,96,,,,,,98,,,,,,98373,53,73,220,6,1,0,0,1,0,,0,,,,,,0,04-15-2019,04-15-2019,8,0,0,0,9,9,8,,,0,0,0,8,8,2,401,417,,1,1,,2,1,0.105,,,,,,,,,,,,,,,,,,,,,,,,,,,,,,0,0,1,0,1,1,1,1,0,0,0,0,0,0,0,0,0,0,0,1,0,0,0,0,0,0,0,0,0,1,0,0,0,1,0,,1,0,0,0,0,1,1,1,0,0,0,0,0,0,0,1,,,,,,36-40,36-45,City street,U,Tuesday,Not Used,PV,White,0,1,0,0,City Street,Municipal/City Police,Tukwila Police Department,1,0,0,1,0,,,,,,0,0,0,,,,,,,,,,,98,98,98,1,,,,,20,7,,,,,,,,,,,,,,,
2021,259,635721,7,07-11-2021,02:43,11,7,July,,33,King,1030,1,,2,1,2,1,1,1,2,,,,12,0,1,Front-to-Rear,20.8,1,0,1,No intersection,2,2,1,3,0,0,0,0,SR-167,,-122.2441778,47.37710833,98032,0,2,98,Others,50,3,60,14,0,0,1,2,12,1,2,3,3,1,Going Straight,1,1,53,,0,59,401,1999,0,0,68,68,68,64,42,1,1,1,31,1,7,,4,0,3,0,11,5,12/29/2019,02:35,53057129,57129,0,0,0,3,1,58,0,0,0,96,,,,,,9,,,,,,99223,53,69,145,6,1,0,0,0,0,,0,,,,,,4,,,2,0,0,0,0,1,8,,,0,0,0,8,1,2,1,,,1,,,2,1,0.217,,,,,,,,,,,,,,,,,,,,,,,,,,,,,,0,0,1,0,1,1,0,1,0,0,0,0,1,0,0,0,0,0,0,0,0,0,0,0,0,0,0,0,0,1,0,0,0,0,0,,1,0,0,0,0,1,0,1,0,1,0,0,0,1,0,1,,,,,,31-35,26-35,State route,R,Saturday,Belt Used,PV,White,0,1,0,0,State Route,State Patrol,Washington State Patrol,1,1,0,0,0,,,,,,0,0,0,,,,,,,,,,,0,0,0,1,,,,,20,7,,,,,,,,,,,,,,,
2020,259,634932,7,07-14-2020,17:46,14,7,July,,33,King,1830,1,,1,1,1,1,0,1,1,,,,25,0,0,No vehicle,3,1,0,1,No intersection,1,2,1,1,0,0,0,0,I-405,,-122.2050917,47.47099167,98057,0,1,7,Control/Traction Loss,8,1,60,80,0,0,1,2,25,2,2,4,3,15,Others,1,1,53,,0,55,35,2019,0,0,18,10,,,,,1,1,36,1,7,,4,7,20,7,11,0,12/27/2019,17:00,23053057112,57112,0,0,3,3,1,37,39,0,0,96,,,,,,9,,,,,,98233,53,73,212,6,1,1,2,1,2,,0,,,,,,0,07-15-2016,11-15-2018,99,9,0,0,0,1,8,,,0,0,0,8,1,2,1,,,1,,,2,1,0.173,,,,,,,,,,,,,,,,,,,,,,,,,,,,,,1,0,0,0,1,1,0,1,0,0,0,0,0,0,0,0,0,0,0,1,0,0,0,0,0,0,0,0,0,1,0,0,0,1,0,,1,0,0,0,0,1,0,1,0,0,0,0,0,1,0,1,,,,,,36-40,36-45,County road,U,Friday,Not Used,PV,White,1,0,0,0,State Route,State Patrol,Washington State Patrol,0,1,0,0,0,,,,,,0,1,1,,,,,,,,,,,98,98,98,1,,,,,20,7,,,,,,,,,,,,,,,
2019,259,634242,242,07-30-2019,01:25,30,7,July,,53,Pierce,1770,1,0,3,1,2,1,0,4,1,,,,42,0,0,No vehicle,0,1,0,1,No intersection,7,2,4,6,0,0,0,0,W STEWART,,-122.3209528,47.19736111,98371,0,1,98,Others,6,1,35,4,0,0,1,7,42,1,1,2,1,1,Going Straight,4,2,53,,0,85,881,1999,0,0,63,14,,,,,1,1,57,1,0,,1,0,3,0,11,5,,,,,6,1,3,3,1,87,0,0,0,96,,,,,,0,,,,,,99301,53,68,185,6,1,0,1,1,1,,23,,,,,,4,12-15-2015,09-15-2018,1,0,0,0,8,9,8,,,0,0,0,8,0,8,95,,,96,,,8,95,995,,,,,,,,,,,,,,,,,,,,,,,,,,,,,,0,0,0,0,0,0,0,0,0,0,0,0,1,0,0,0,0,0,0,0,0,0,0,0,0,0,0,0,0,1,1,0,0,0,0,,0,0,0,0,0,0,0,0,0,1,0,0,0,0,0,0,,,,,,56-60,56-65,State route,R,Monday,,MHTRUCK,Not Fatal,0,0,0,0,State Route,State Patrol,Washington State Patrol,0,1,0,0,0,,,,,,0,0,0,,,,,,,,,,,0,0,0,0,,,,,20,7,,,,,,,,,,,,,,,
2018,259,633447,26,07-26-2018,08:11,26,7,July,0,35,Kitsap,0,1,0,1,1,2,1,0,1,1,,,,42,0,0,No vehicle,0.5,1,0,1,No intersection,4,2,2,4,0,0,0,0,CR-ILLAHEE RD NE,,-122.6012278,47.60386389,98311,0,1,2,Control/Traction Loss,13,2,35,4,0,0,1,7,42,1,2,2,1,1,Going Straight,1,2,53,,0,12,481,2011,0,0,8,,,,,,1,1,54,1,0,,0,0,3,0,11,0,,,,,6,0,0,3,1,0,0,0,0,96,,,,,,0,,,,,,98233,53,67,197,6,1,0,0,0,0,,0,,,,,,0,,,20,0,0,0,8,9,8,,,0,0,0,8,0,8,95,,,96,,,8,95,995,,,,,,,,,,,,,,,,,,,,,,,,,,,,,,0,0,0,0,0,0,0,0,0,0,0,0,0,0,0,0,0,0,0,0,0,0,0,0,0,0,0,0,0,1,0,1,0,0,0,,0,0,0,0,0,0,0,0,0,0,0,0,0,0,0,0,,,,,,51-55,46-55,City street,U,Wednesday,Belt Used,PV,Not Fatal,0,0,0,0,City Street,Municipal/City Police,Burlington Police Department,0,0,0,1,0,,,,,,0,0,0,,,,,,,,,,,98,98,98,0,,,,,20,7,,,,,,,,,,,,,,,
2017,259,632691,2,07-15-2017,13:27,15,7,July,0,61,Snohomish,2030,1,0,1,1,2,1,0,3,2,13:24,13:31,,1,0,0,No vehicle,9.5,1,0,1,No intersection,3,2,1,3,0,0,0,0,SR-9,,-122.1086833,47.91425278,98291,0,2,98,Others,62,4,55,6,0,0,1,2,12,1,2,2,1,1,Going Straight,2,1,53,,0,30,40,2004,0,0,8,,,,,,1,1,20,8,0,,0,0,3,0,11,0,,,,,0,0,0,3,1,0,0,0,0,96,,,,,,0,,,,,,98936,53,70,160,6,1,0,0,0,2,,0,,,,,,0,01-15-2018,05-15-2018,20,0,0,0,8,9,8,,,0,0,0,8,0,8,95,,,96,,,8,95,995,,,,,,,,,,,,,,,,,,,,,,,,,,,,,,0,0,0,0,0,0,0,0,0,1,1,0,0,0,0,0,0,1,0,0,0,1,1,0,1,0,0,0,0,1,0,1,0,0,0,,0,0,0,0,0,0,0,0,0,0,0,0,0,0,0,0,,,,,,18-20,16-25,State route,U,Thursday,Belt Used,PV,Not Fatal,0,0,0,0,State Route,State Patrol,Washington State Patrol,0,1,0,0,0,,,,,,0,0,0,,,,,,,,,,,98,98,98,0,,,,,20,7,,,,,,,,,,,,,,,
2019,260,634243,5,07-23-2019,15:12,23,7,July,,15,Cowlitz,0,1,0,1,1,2,1,0,1,1,,,,24,0,0,No vehicle,54.6,1,0,1,No intersection,3,1,1,3,0,0,0,0,SR-4,,-123.0389861,46.17944722,98632,0,1,7,Control/Traction Loss,13,2,55,80,0,0,1,2,24,3,1,2,1,14,Making a U turn,1,1,6,,0,52,46,2003,0,0,8,,,,,,1,1,20,2,0,,0,0,3,0,11,0,,,,,0,0,0,3,1,0,0,0,0,96,,,,,,0,,,,,,98948,53,58,92,6,1,0,0,0,0,,0,,,,,,0,,,20,0,0,0,8,9,8,,,0,0,0,8,0,8,95,,,96,,,8,95,995,,,,,,,,,,,,,,,,,,,,,,,,,,,,,,0,0,0,0,0,0,0,0,0,1,1,0,0,0,0,0,0,1,0,0,0,1,1,0,1,0,0,0,0,1,0,1,0,0,0,,0,0,0,0,0,0,0,0,0,0,0,0,0,0,0,0,,,,,,18-20,16-25,State route,U,Thursday,Belt Used,PV,Not Fatal,0,0,0,0,State Route,State Patrol,Washington State Patrol,0,1,0,0,0,,,,,,0,0,0,,,,,,,,,,,98,98,98,0,,,,,20,7,,,,,,,,,,,,,,,
2021,260,635723,3,07-08-2021,09:07,8,7,July,,67,Thurston,0,10,,1,1,2,2,1,4,2,,,,8,0,0,No vehicle,0.3,5,1,1,No intersection,1,2,1,1,0,0,0,0,I-5 RAMP,,-123.0063472,46.80517222,98531,0,1,13,Pedestrian/Animal,13,2,70,4,0,0,1,2,8,1,1,1,6,1,Going Straight,1,2,53,,0,7,482,2012,0,0,8,,,,,,1,1,26,1,0,,0,0,3,0,11,0,,,,,0,0,0,3,1,0,0,0,0,96,,,,,,0,,,,,,98921,53,68,190,6,1,0,1,0,5,,0,,,,,,0,08-15-2015,05-15-2019,20,0,0,0,8,9,8,,,0,0,0,8,0,8,95,,,96,,,8,95,995,,,,,,,,,,,,,,,,,,,,,,,,,,,,,,0,0,0,0,0,0,0,0,0,1,1,0,0,0,0,0,0,1,0,0,0,1,1,0,1,0,0,0,0,1,0,1,0,0,0,,0,0,0,0,0,0,0,0,0,0,0,0,0,0,0,0,,,,,,26-30,26-35,State route,U,Thursday,Belt Used,PV,Not Fatal,0,0,0,0,State Route,State Patrol,Washington State Patrol,0,1,0,0,0,,,,,,0,0,2,,,,,,,,,,,98,98,98,0,,,,,20,7,,,,,,,,,,,,,,,
2020,260,634934,7,07-29-2020,21:42,29,7,July,,33,King,2310,1,,2,1,2,1,0,3,3,,,,24,0,0,No vehicle,1.1,1,0,1,No intersection,3,2,1,3,0,0,0,0,SR-599,,-122.2827917,47.49504167,98168,0,2,7,Control/Traction Loss,9,1,60,80,0,0,1,2,24,2,1,2,3,14,Making a U turn,1,1,53,,0,49,40,2009,0,0,12,,,,,,1,1,21,2,0,,0,0,3,0,11,0,,,,,0,0,3,3,1,0,0,0,0,96,,,,,,0,,,,,,98047,53,62,125,6,2,0,0,0,1,,0,,,,,,0,11-15-2017,11-15-2017,1,0,0,0,8,9,8,,,0,0,0,8,0,8,95,,,96,,,8,95,995,,,,,,,,,,,,,,,,,,,,,,,,,,,,,,0,0,0,0,1,1,1,1,1,0,0,0,0,0,0,0,0,0,0,0,0,0,0,1,1,0,0,0,0,1,0,0,0,0,0,,0,0,0,0,0,0,0,0,0,0,0,0,0,0,0,0,,,,,,21-25,16-25,County road,U,Friday,Belt Used,PV,Not Fatal,0,1,1,0,County Road,County Sheriff,Law Enforcement Support Agency,0,0,1,0,0,,,,,,0,0,0,,,,,,,,,,,98,98,98,0,,,,,20,7,,,,,,,,,,,,,,,
2020,260,634933,7,07-29-2020,21:42,29,7,July,,33,King,2310,1,,2,1,2,1,0,3,3,,,,24,1,0,No vehicle,1.1,1,0,1,No intersection,3,2,1,3,0,0,0,0,SR-599,,-122.2827917,47.49504167,98168,0,1,98,Others,98,7,60,4,0,0,1,2,12,2,1,2,3,14,Making a U turn,1,1,53,,0,30,42,1994,0,0,12,,,,,,1,1,29,1,7,,4,7,3,0,11,0,12/27/2019,01:11,53057739,57739,0,0,3,3,1,0,0,0,0,96,,,,,,99,,,,,,98391,53,72,160,6,1,0,1,1,0,,0,,,,,,0,10-15-2017,10-15-2017,20,0,0,0,0,1,1,,,0,0,0,1,1,2,695,,,1,,,2,1,0.195,,,,,,,,,,,,,,,,,,,,,,,,,,,,,,0,0,0,0,1,1,1,1,1,0,0,0,0,0,0,0,0,0,0,0,0,0,0,1,1,0,0,0,0,1,0,0,0,0,0,,1,0,0,0,0,1,1,1,0,0,0,0,0,0,0,1,,,,,,26-30,26-35,County road,U,Friday,Belt Used,PV,White,0,1,1,0,County Road,County Sheriff,Law Enforcement Support Agency,0,0,1,0,0,,,carboxy-thc,20,,0,0,1,,,,,,,,,,,0,0,0,1,,,,,20,7,,,,,,,nms,,,,,,,,
2018,260,633456,57,07-28-2018,08:46,28,7,July,0,11,Clark,107,1,0,1,1,2,1,0,1,1,08:48,08:57,09:18,33,0,0,No vehicle,7.9,3,0,2,4 Way,3,2,1,3,0,0,3,3,SR-503,SR-502,-122.5475472,45.78071111,98604,0,1,6,Drive off road,12,2,55,4,0,0,1,7,19,1,1,5,1,1,Going Straight,1,1,53,,0,12,481,1999,0,0,70,64,24,24,1,,1,1,57,1,7,,4,7,20,7,11,0,12/27/2019,05:40,53057094,57094,3,0,0,3,1,0,0,0,0,96,,,,,,0,,,,,,97321,41,69,180,6,1,0,1,0,0,,0,,,,,,4,07-15-2017,07-15-2017,20,1,9,0,0,1,8,,,0,0,0,8,0,2,1,,,1,,,2,1,0,,,,,,,,,,,,,,,,,,,,,,,,,,,,,,0,0,0,0,0,0,0,0,0,0,0,0,1,0,0,0,0,0,0,1,0,0,0,0,0,0,0,0,0,1,0,0,0,1,0,,1,0,0,0,0,0,0,0,0,1,0,0,0,0,0,0,,,,,,56-60,56-65,Interstate,R,Friday,Not Used,PV,White,0,1,0,0,State Route,State Patrol,Washington State Patrol,1,1,0,0,0,,,,,,0,0,0,,,,,,,,,,,0,0,0,1,,,,,20,7,,,,,,,,,,,,,,,
2017,260,632681,45,07-12-2017,15:00,12,7,July,0,73,Whatcom,2200,1,0,1,1,4,1,0,1,1,,,,1,0,0,No vehicle,5,1,0,1,No intersection,96,6,96,8,0,0,0,0,NF - 3065,,-121.6627306,48.94349444,,0,1,2,Control/Traction Loss,13,2,98,34,0,0,1,5,1,3,2,8,8,14,Making a U turn,1,1,53,,0,41,49,2004,0,0,8,,,,,,1,1,32,2,0,,0,0,20,7,11,0,,,,,0,0,0,3,1,91,0,0,0,96,,,,,,9,,,,,,98394,53,59,105,6,1,0,0,1,3,,1,,,,,,0,02-15-2016,12-15-2016,20,0,0,0,8,9,8,,,0,0,0,8,1,8,95,,,96,,,8,95,995,,,,,,,,,,,,,,,,,,,,,,,,,,,,,,0,0,0,0,1,0,0,0,0,1,1,0,0,0,0,0,0,0,0,0,0,0,0,0,0,0,0,0,0,1,0,1,0,0,0,,0,0,0,0,0,0,0,0,0,0,0,0,0,0,0,1,,,,,,31-35,26-35,US highway,U,Wednesday,Not Used,PV,Not Fatal,0,0,0,0,State Route,State Patrol,Washington State Patrol,0,1,0,0,0,,,,,,0,0,0,,,,,,,,,,,98,98,98,0,,,,,20,7,,,,,,,,,,,,,,,