year,something,Cases,repjur,crash_dt,crash_tm,accday,Month,Month,holiday,county,co_char,city,weather,weather2,lightcond,surfcond,surftype,Number of Fatalities,nmforms,pforms,vforms,not_tm,arr_tm,hosp_tm,fhevent,hitrun,Manner of Collision,Manner of Collision,milepnt,reljunc,reljuncinter,intersectiontype,Intersection Type,funcsystem,landuse,ownership,route,schlbus,spejur,contdev,devfunc,trafid1,trafid2,x,y,zipcode,wk_zone,vnumber,crashtype,Crash Type,criticalevent,criticaleventcat,spdlim,body,trailer,emerg,hazcargo,leave,mhevent,roadalgn,roadprof,traflane,trafflow,Vehicle Manure,Vehicle Manure,numoccs,regowner,regstate,,spuse,make,model,modelyr,vrf1,vrf2,seqevent1,seqevent2,seqevent3,seqevent4,seqevent5,seqevent6,pnumber,ptype,age,sex,hispanic,race,injury,diedscene,restraint,restraintmisuse,seatpos,takehosp,death_dt,death_tm,cert,cernum_wa,commlic,licendor,licrestrict,liccomp,drivpres,drf1,drf2,drf3,drf4,distract1,distract2,distract3,distract4,distract5,distract6,dricond1,dricond2,dricond3,dricond4,dricond5,dricond6,dzip,licstate,drhgt_in,weight,noncdl,noncdltype,prevdwi,prevoth,prevacc,prevspd,prevsus,driviol1,driviol2,driviol3,driviol4,driviol5,driviol6,spdrel,first_dt,last_dt,airbag,ejection,ejectpath,extricat,injurwrk,methalc,methdrug,nmlocat,strikveh,prf1,prf2,prf3,druginv,alcinvol,drugsts,drugres1,drugres2,drugres3,drugtst1,drugtst2,drugtst3,alcsts,alctst,alcres,nmact1,nmact2,nmact3,nmact4,nmact5,nmact6,nmprior1,nmprior2,nmprior3,nmprior4,nmprior5,nmprior6,nmcond1,nmcond2,nmcond3,nmcond4,nmcond5,nmcond6,nmsafe_helmet,nmsafe_pads,nmsafe_oth,nmprev_ref,nmprev_lgt,nmprev_oth,crashlocation,nmcrashtype,crosswalk,schoolzone,sidewalk,train_inv,wildlife_inv,rotr_fars,intersect_fars,Drink and Drive,aid_inv,Drug Positive Drivers,Impaired Drivers,Marijuana Positive,impnm_inv,ainm_inv,dpnm_inv,speed_inv,unlic_inv,unendmc_inv,drowsy_inv,drdist_inv,nmdist_inv,fty_inv,unrestfat_inv,dr1617_inv,dr1820_inv,dr1620_inv,dr2125_inv,dr1625_inv,dr65_inv,dr70_inv,dr75_inv,mc_inv,pv_inv,ht_inv,ped_inv,bike_inv,unrest_fat,mc_fat,unhelmet_mc,pv_fat,ht_fat,ped_fat,bike_fat,dr_alc7,dr_alc8,dr_drug,dr_imp,dr_dist,dr_spd,dr_fty,dr_unlic,dr_alc7only,dr_alc8only,dr_drugonly,dr_drink,nm_imp,nm_alc7,nm_alc8,nm_drug,nm_dist,agegrp1,agegrp2,roadclass,urbrur,dayweek,restuse,vehtype,race_me,intersect,lanedep,oppdir,wrongway,rep_typ,investag,repag_long,rotr,st_rd,cty_rd,city_rd,oth_rd,drug_thc,thc_res,drug_cthc,cthc_res,drug_cann,prevpersemin,prevperse,prevsusoth,drugtst4,drugtst5,drugtst6,drugtst7,drugtst8,drugres4,drugres5,drugres6,drugres7,drugres8,adspresent,adsengaged,adslevel,race1,race2,race3,race4,race5,helmet,helmetmisuse,nmdistract1,nmdistract2,nmdistract3,nmdistract4,nmdistract5,nmdistract6,lab,isedtcase,crf1,crf2,crf3,CoRoadName,CoMP,IntCoRoadName,IntCoMP
2020,260,634935,7,07-29-2020,21:42,29,7,July,,33,King,2310,1,,2,1,2,1,0,3,3,,,,24,1,0,No vehicle,1.1,1,0,1,No intersection,3,2,1,3,0,0,0,0,SR-599,,-122.2827917,47.49504167,98168,0,3,98,Others,98,7,60,99,0,0,1,5,12,2,1,2,3,14,Making a U turn,99,9,99,,0,20,481,2006,0,0,63,14,14,8,8,,1,1,25,1,0,,2,0,3,0,11,0,,,,,0,0,0,2,1,91,0,0,0,93,,,,,,9,,,,,,98271,53,67,135,1,1,0,1,1,1,,1,12,,,,,0,06-15-2015,10-15-2019,1,0,0,0,8,9,2,,,0,0,0,1,0,2,151,996,605,1,1,1,2,1,0,,,,,,,,,,,,,,,,,,,,,,,,,,,,,,0,0,0,0,0,0,1,1,1,1,0,1,0,1,0,0,1,0,0,0,0,0,0,1,1,0,0,0,0,1,0,1,0,0,0,,0,0,0,0,0,0,1,1,1,0,0,1,0,0,1,0,,,,,,21-25,16-25,Interstate,U,Saturday,Belt Used,PV,Not Fatal,0,1,0,0,State Route,State Patrol,Washington State Patrol,1,1,0,0,0,thc,1,,,,0,0,4,,,,,,,,,,,98,98,98,0,,,,,20,7,,,,,,,,,,,,,,,
2021,261,635761,146,07-29-2021,14:23,29,7,July,,77,Yakima,0,1,,1,1,2,1,0,3,2,,,,12,0,2,Front-to-Front,4.1,1,0,1,No intersection,5,1,2,4,0,0,0,0,CR- YAKIMA VALLEY HWY,,-120.3914861,46.47662778,98951,0,2,51,Lateral Move(Going Straight),62,4,55,15,0,0,1,2,12,2,1,2,1,14,Making a U turn,2,1,53,,0,49,401,2001,0,0,12,,,,,,1,1,51,1,0,,1,0,3,0,11,4,,,,,0,0,0,3,1,0,0,0,0,96,,,,,,0,,,,,,98059,53,63,130,6,1,0,0,0,0,,0,,,,,,0,,,20,0,0,0,8,9,8,,,0,0,0,8,0,8,95,,,96,,,8,95,995,,,,,,,,,,,,,,,,,,,,,,,,,,,,,,0,0,0,0,0,0,1,1,0,0,0,0,1,0,0,0,0,0,0,0,0,0,0,1,1,0,0,0,0,1,0,0,0,0,0,,0,0,0,0,0,0,0,0,0,0,0,0,0,0,0,0,,,,,,51-55,46-55,US highway,R,Saturday,Belt Used,PV,Not Fatal,0,1,1,0,State Route,State Patrol,Washington State Patrol,0,1,0,0,0,,,,,,0,0,0,,,,,,,,,,,98,98,98,0,,,,,20,7,,,,,,,,,,,,,,,
2021,261,635760,146,07-29-2021,14:23,29,7,July,,77,Yakima,0,1,,1,1,2,1,0,3,2,,,,12,0,2,Front-to-Front,4.1,1,0,1,No intersection,5,1,2,4,0,0,0,0,CR- YAKIMA VALLEY HWY,,-120.3914861,46.47662778,98951,0,1,50,Lateral Move(Left/Right),10,2,55,4,0,0,1,2,12,3,1,2,1,14,Making a U turn,1,2,53,,0,29,5,2014,0,0,68,12,,,,,1,1,21,1,6,,4,0,99,7,11,8,12/17/2019,13:19,1.96E+11,56914,0,0,0,3,1,28,87,0,0,96,,,,,,0,,,,,,98105,53,74,190,6,1,0,1,1,3,,0,,,,,,4,05-15-2015,09-15-2019,8,0,0,0,0,9,8,,,0,0,0,8,0,2,348,,,1,,,2,1,0,,,,,,,,,,,,,,,,,,,,,,,,,,,,,,0,0,0,0,0,0,1,1,0,0,0,0,1,0,0,0,0,0,0,0,0,0,0,1,1,0,0,0,0,1,0,0,0,0,0,,1,0,0,0,0,0,1,1,0,1,0,0,0,0,1,0,,,,,,21-25,16-25,US highway,R,Saturday,Unknown,PV,Hispanic,0,1,1,0,State Route,State Patrol,Washington State Patrol,0,1,0,0,0,,,,,,0,0,0,,,,,,,,,,,98,98,98,1,,,,,20,7,,,,,,,,,,,,,,,
2020,261,634939,5,07-02-2020,19:30,2,7,July,,41,Lewis,0,1,,5,99,2,1,0,1,1,,,,42,0,0,No vehicle,140.6,1,0,1,No intersection,3,1,1,2,0,0,0,0,US-12,,-121.5403417,46.68014167,98352,0,1,6,Drive off road,12,2,50,4,0,0,1,2,42,1,2,2,1,1,Going Straight,1,1,53,,0,12,471,1996,0,0,8,,,,,,1,1,85,1,0,,0,0,3,0,11,0,,,,,0,0,3,3,1,0,0,0,0,96,,,,,,0,,,,,,98292,53,66,210,6,1,0,0,1,0,,0,,,,,,0,06-15-2016,06-15-2016,20,0,0,0,8,9,8,,,0,0,0,8,0,8,95,,,96,,,8,95,995,,,,,,,,,,,,,,,,,,,,,,,,,,,,,,0,0,0,0,0,0,0,0,0,1,1,1,0,0,0,0,0,0,0,0,0,0,0,0,0,1,1,1,0,1,0,1,0,0,0,,0,0,0,0,0,0,0,0,0,0,0,0,0,0,0,0,,,,,,81+,76+,County road,U,Saturday,Belt Used,PV,Not Fatal,0,0,0,0,County Road,County Sheriff,Snohomish County Sheriff's Office,0,0,1,0,0,,,,,,0,0,0,,,,,,,,,,,0,0,0,0,,,,,20,7,,,,,,,,,,,,,,,
2019,261,634244,8,07-24-2019,14:52,24,7,July,,49,Pacific,0,1,0,1,1,2,1,0,1,1,,,,24,0,0,No vehicle,45.4,1,0,1,No intersection,3,1,1,2,0,0,0,0,US-101,,-123.9195111,46.65268056,98586,0,1,1,Driver Off Road,6,1,55,80,0,0,1,2,24,3,2,2,1,14,Making a U turn,1,1,53,,0,48,34,1998,0,0,68,64,69,12,,,1,1,62,2,7,,4,7,3,0,11,0,12/13/2019,08:45,53055759,55759,0,0,0,3,1,28,58,87,0,96,,,,,,99,,,,,,98620,53,70,150,6,1,0,0,0,0,,0,,,,,,0,,,20,0,0,0,0,9,8,,,0,0,0,8,0,8,95,,,96,,,8,95,995,,,,,,,,,,,,,,,,,,,,,,,,,,,,,,0,0,0,0,0,0,0,0,0,0,0,0,0,0,0,0,0,0,0,0,0,0,0,0,0,1,1,1,0,1,0,0,0,0,0,,1,0,0,0,0,0,0,0,0,0,0,0,0,0,0,0,,,,,,61-65,56-65,County road,R,Friday,Belt Used,PV,White,0,1,1,0,County Road,County Sheriff,Klickitat County Sheriff's Office,0,0,1,0,0,,,,,,0,0,0,,,,,,,,,,,0,0,0,1,,,,,20,7,,,,,,,,,,,,,,,
2018,261,633458,2,07-31-2018,17:40,31,7,July,0,73,Whatcom,110,1,0,1,1,1,1,0,2,2,17:40,17:49,,12,0,1,Front-to-Rear,256.5,1,0,1,No intersection,1,2,1,1,0,0,0,0,I-5,,-122.4911333,48.78310278,98226,0,2,29,Others,53,3,60,15,0,0,1,5,12,1,2,2,3,2,Others,1,2,53,,0,7,482,2016,0,0,12,,,,,,1,1,84,1,0,,1,0,3,0,11,8,,,,,6,0,0,3,1,0,0,0,0,96,,,,,,0,,,,,,98620,53,73,222,6,1,0,0,0,0,,0,,,,,,0,,,20,0,0,0,8,9,8,,,0,0,0,8,0,8,95,,,96,,,8,95,995,,,,,,,,,,,,,,,,,,,,,,,,,,,,,,0,0,0,0,0,0,0,0,0,0,0,0,0,0,0,0,0,0,0,0,0,0,0,0,0,1,1,1,0,1,0,0,0,0,0,,0,0,0,0,0,0,0,0,0,0,0,0,0,0,0,0,,,,,,81+,76+,County road,R,Friday,Belt Used,PV,Not Fatal,0,1,1,0,County Road,County Sheriff,Klickitat County Sheriff's Office,0,0,1,0,0,,,,,,0,0,0,,,,,,,,,,,98,98,98,0,,,,,20,7,,,,,,,,,,,,,,,
2018,261,633457,2,07-31-2018,17:40,31,7,July,0,73,Whatcom,110,1,0,1,1,1,1,0,2,2,17:40,17:49,,12,0,1,Front-to-Rear,256.5,1,0,1,No intersection,1,2,1,1,0,0,0,0,I-5,,-122.4911333,48.78310278,98226,0,1,28,Others,52,3,60,80,0,0,1,7,12,1,2,2,3,1,Going Straight,1,1,53,,0,55,33,2006,0,0,12,,,,,,1,1,90,2,7,,4,0,3,0,11,5,12/28/2019,20:41,2.23E+11,57490,0,0,3,3,1,0,0,0,0,96,,,,,,0,,,,,,98372,53,66,130,6,1,0,1,2,0,,0,,,,,,0,07-15-2015,06-15-2016,8,0,0,0,0,9,8,,,0,0,0,8,0,2,151,,,1,,,2,1,0,,,,,,,,,,,,,,,,,,,,,,,,,,,,,,0,0,0,1,0,0,1,1,0,0,0,0,0,0,0,0,0,0,1,0,0,0,0,1,1,1,1,1,0,1,1,0,0,0,0,,1,0,0,0,0,0,1,1,0,0,0,0,0,0,1,0,,,,,,81+,76+,State route,U,Wednesday,Belt Used,PV,White,1,0,0,0,State Route,Municipal/City Police,Puyallup Police Department,0,1,0,0,0,,,,,,0,0,0,,,,,,,,,,,98,98,98,1,,,,,20,7,,,,,,,,,,,,,,,
2017,261,632685,40,07-14-2017,18:44,14,7,July,0,63,Spokane,0,1,0,1,1,4,1,0,1,1,18:48,19:08,,1,0,0,No vehicle,1.5,1,0,1,No intersection,7,1,2,4,0,0,0,0,CR-S GRAHAM RD,,-117.67245,47.48518889,99004,0,1,1,Driver Off Road,13,2,35,14,0,0,1,2,1,4,2,2,1,14,Making a U turn,1,1,53,,0,23,880,2017,0,0,12,,,,,,1,1,24,1,0,,0,0,3,0,11,0,,,,,0,0,0,3,1,38,0,0,0,96,,,,,,0,,,,,,98391,53,70,150,6,1,0,0,0,2,,39,,,,,,0,03-15-2015,11-15-2015,20,0,0,1,8,9,8,,,0,0,0,8,0,8,95,,,96,,,8,95,995,,,,,,,,,,,,,,,,,,,,,,,,,,,,,,0,0,0,1,0,0,1,1,0,0,0,0,0,0,0,0,0,0,1,0,0,0,0,1,1,1,1,1,0,1,1,0,0,0,0,,0,0,0,0,0,0,0,0,0,0,1,0,0,0,0,0,,,,,,21-25,16-25,State route,U,Wednesday,,MHTRUCK,Not Fatal,1,0,0,0,State Route,Municipal/City Police,Puyallup Police Department,0,1,0,0,0,,,,,,0,0,0,,,,,,,,,,,98,98,98,0,,,,,20,7,,,,,,,,,,,,,,,
2017,262,632686,39,07-23-2017,13:12,23,7,July,0,61,Snohomish,0,1,0,1,1,2,1,0,6,2,,,,12,0,6,Angle,0.6,8,0,1,No intersection,5,2,2,4,0,0,0,0,CR-SPRINGHETTI RD,,-122.0989528,47.88074444,98296,0,1,98,Others,10,2,35,80,0,0,1,2,12,1,1,2,1,6,Others,1,1,4,,0,20,481,2019,0,0,64,67,58,1,,,1,1,57,1,7,,4,7,20,7,11,0,12/13/2019,06:00,53055393,55393,0,0,0,3,1,0,0,0,0,92,,,,,,99,,,,,,98626,53,69,175,6,1,0,0,0,0,,0,,,,,,0,,,8,2,3,0,0,9,8,,,0,0,0,8,9,2,1,,,1,,,2,1,0,,,,,,,,,,,,,,,,,,,,,,,,,,,,,,0,0,1,0,0,0,0,0,0,0,0,0,0,0,0,0,1,0,0,1,0,0,0,0,0,0,0,0,0,1,0,0,0,1,0,,1,0,0,0,0,0,0,0,1,0,0,0,0,0,0,0,,,,,,56-60,56-65,Other,R,Friday,Not Used,PV,White,0,1,0,0,Other,County Sheriff,Lewis County Sheriff's Office,1,0,0,0,1,,,,,,0,0,0,,,,,,,,,,,98,98,98,1,,,,,20,7,,,,,,,,,,,,,,,
2019,262,3692982,263,07-03-2019,09:22,3,7,July,,33,King,1960,10,0,1,1,1,1,1,1,1,,,,8,0,0,No vehicle,0,1,0,1,No intersection,4,2,4,6,0,0,0,0,SW BARTON ST,,-122.3681556,47.52104444,98126,0,1,13,Pedestrian/Animal,80,5,25,34,0,0,1,7,8,1,1,2,2,1,Going Straight,1,1,53,,0,63,38,2019,0,0,8,,,,,,1,1,29,2,0,,0,0,99,7,11,0,,,,,0,0,0,3,1,91,0,0,0,96,,,,,,9,,,,,,98499,53,62,115,6,1,0,0,0,0,,1,,,,,,0,,,20,0,0,0,8,9,8,,,0,0,0,8,1,8,95,,,96,,,2,1,0.28,,,,,,,,,,,,,,,,,,,,,,,,,,,,,,0,0,0,0,1,1,0,1,0,0,0,0,0,0,0,0,0,0,0,0,0,0,0,0,0,0,0,0,0,1,0,1,0,0,0,,0,0,0,0,0,1,0,1,0,0,0,0,0,1,0,1,,,,,,26-30,26-35,City street,U,Monday,Unknown,PV,Not Fatal,0,0,0,0,City Street,Municipal/City Police,Lakewood Police Department,0,0,0,1,0,,,,,,0,0,0,,,,,,,,,,,98,98,98,0,,,,,20,7,,,,,,,,,,,,,,,
2021,262,635763,2,07-24-2021,16:24,24,7,July,,73,Whatcom,0,1,,1,1,2,2,0,7,2,,,,12,0,2,Front-to-Front,15.8,1,0,1,No intersection,5,2,1,3,0,0,0,0,SR-11,,-122.4864194,48.66540833,98229,0,2,51,Lateral Move(Going Straight),62,4,45,34,0,0,1,5,12,3,2,2,1,14,Making a U turn,5,1,53,,0,48,34,2004,0,0,63,67,34,1,,,1,1,19,2,0,,2,0,3,0,11,8,,,,,0,0,0,3,1,0,0,0,0,93,,,,,,0,,,,,,98844,53,68,192,6,1,0,0,0,0,,0,,,,,,0,,,1,0,0,0,8,9,8,,,0,0,0,8,0,8,95,,,96,,,8,95,995,,,,,,,,,,,,,,,,,,,,,,,,,,,,,,0,0,1,0,0,0,0,0,0,0,0,0,0,0,0,0,1,0,0,0,0,1,1,0,1,0,0,0,0,1,0,0,0,0,0,,0,0,0,0,0,0,0,0,1,0,0,0,0,0,0,0,,,,,,18-20,16-25,US highway,R,Monday,Belt Used,PV,Not Fatal,0,1,0,0,State Route,State Patrol,Washington State Patrol,1,1,0,0,0,,,,,,0,0,0,,,,,,,,,,,98,98,98,0,,,,,20,7,,,,,,,,,,,,,,,
2021,262,635762,2,07-24-2021,16:24,24,7,July,,73,Whatcom,0,1,,1,1,2,2,0,7,2,,,,12,0,2,Front-to-Front,15.8,1,0,1,No intersection,5,2,1,3,0,0,0,0,SR-11,,-122.4864194,48.66540833,98229,0,1,50,Lateral Move(Left/Right),10,2,45,80,0,0,1,5,12,2,2,2,1,14,Making a U turn,2,1,53,,0,12,3,2013,0,0,64,1,,,,,1,1,58,1,0,,3,0,3,0,11,4,,,,,6,0,0,3,1,91,0,0,0,96,,,,,,0,,,,,,99320,53,71,190,6,1,0,0,0,0,,1,,,,,,4,,,8,0,0,0,8,9,2,,,0,0,0,0,0,8,95,,,96,,,8,95,995,,,,,,,,,,,,,,,,,,,,,,,,,,,,,,0,0,0,0,0,0,0,0,0,0,0,0,1,0,0,0,0,0,0,0,0,0,0,0,0,0,0,0,0,1,0,0,0,0,0,,0,0,0,0,0,0,0,0,0,1,0,0,0,0,0,0,,,,,,56-60,56-65,Interstate,R,Friday,Belt Used,PV,Not Fatal,0,1,0,0,State Route,State Patrol,Washington State Patrol,1,1,0,0,0,,,,,,0,0,0,,,,,,,,,,,98,98,98,0,,,,,20,7,,,,,,,,,,,,,,,
2020,262,634940,40,08-02-2020,21:28,2,8,Aug,,63,Spokane,0,1,,2,1,2,1,0,1,1,21:29,21:39,,11,0,0,No vehicle,4.2,1,0,1,No intersection,5,1,2,4,0,0,0,0,CR-N ARGONNE RD,,-117.3037361,47.75426111,,0,1,13,Pedestrian/Animal,87,6,35,80,0,0,1,5,11,1,1,3,2,1,Going Straight,1,1,53,,5,20,421,2012,0,0,63,38,18,19,2,,1,1,25,1,7,,4,7,3,0,11,0,12/21/2019,03:16,53056336,56336,0,0,0,3,1,16,0,0,0,96,,,,,,0,,,,,,98409,53,73,185,6,1,0,0,0,0,,0,,,,,,4,,,8,0,0,0,1,9,8,,,0,0,0,8,0,2,1,,,1,,,2,1,0,,,,,,,,,,,,,,,,,,,,,,,,,,,,,,0,0,1,0,0,0,0,0,0,0,0,0,1,0,0,0,0,0,0,0,0,0,0,1,1,0,0,0,0,1,0,0,0,0,0,,1,0,0,0,0,0,0,0,0,1,0,0,0,0,0,0,,,,,,21-25,16-25,County road,U,Saturday,Belt Used,PV,White,0,1,0,0,County Road,State Patrol,Washington State Patrol,1,0,1,0,0,,,,,,0,0,0,,,,,,,,,,,98,98,98,1,,,,,20,7,,,,,,,,,,,,,,,
2018,262,633459,290,07-20-2018,20:10,20,7,July,0,53,Pierce,2230,1,0,1,1,2,1,0,1,1,,,,30,0,0,No vehicle,0,1,0,1,No intersection,7,2,4,6,0,0,0,0,S 12TH ST,,-122.4639139,47.25008889,98405,0,1,1,Driver Off Road,6,1,30,80,0,0,1,7,30,3,2,3,5,14,Making a U turn,1,2,53,,0,30,40,2012,0,0,63,67,35,,,,1,1,29,2,7,,4,7,3,0,11,0,12/17/2019,19:06,53055727,55727,0,0,0,2,1,0,0,0,0,92,,,,,,9,,,,,,98552,53,61,125,1,1,0,1,1,0,,0,,,,,,0,10-15-2018,10-15-2019,1,0,0,0,0,1,8,,,0,0,0,8,1,2,996,996,996,1,1,1,2,1,0.388,,,,,,,,,,,,,,,,,,,,,,,,,,,,,,0,0,1,0,1,1,1,1,0,0,0,0,0,1,0,0,1,0,0,0,0,0,0,0,0,0,0,0,0,1,0,0,0,0,0,,1,0,0,0,0,1,1,1,1,0,0,1,0,0,0,1,,,,,,26-30,26-35,US highway,R,Tuesday,Belt Used,PV,White,0,1,0,0,State Route,State Patrol,Washington State Patrol,1,1,0,0,0,,,,,,0,0,1,1,1,,,,124,996,,,,98,98,98,1,,,,,20,7,,,,,,,,,,,,,,,
2017,262,632687,39,07-23-2017,13:12,23,7,July,0,61,Snohomish,0,1,0,1,1,2,1,0,6,2,,,,12,0,6,Angle,0.6,8,0,1,No intersection,5,2,2,4,0,0,0,0,CR-SPRINGHETTI RD,,-122.0989528,47.88074444,98296,0,2,98,Others,60,4,35,20,0,0,1,5,12,1,1,2,1,11,Turning Red: Permitted on red,5,2,53,,0,49,47,2007,0,0,8,18,,,,,1,1,45,2,0,,0,0,3,0,11,0,,,,,0,0,3,3,1,10,0,0,0,93,,,,,,0,,,,,,98055,53,62,120,6,1,0,0,0,0,,0,,,,,,0,,,20,0,0,0,8,9,8,,,0,0,0,8,0,8,95,,,96,,,8,95,995,,,,,,,,,,,,,,,,,,,,,,,,,,,,,,0,0,0,1,0,0,0,0,0,1,0,1,0,0,0,0,1,0,0,0,0,0,0,0,0,0,0,0,0,1,0,1,0,0,0,,0,0,0,0,0,0,0,0,1,0,0,0,0,0,0,0,,,,,,41-45,36-45,City street,U,Thursday,Belt Used,PV,Not Fatal,1,0,0,0,City Street,Municipal/City Police,Renton Police Department,0,0,0,1,0,,,,,,0,0,0,,,,,,,,,,,98,98,98,0,,,,,20,7,,,,,,,,,,,,,,,
2021,263,635759,25,07-31-2021,21:22,31,7,July,,33,King,0,1,,5,0,0,1,0,3,2,,,,12,0,1,Front-to-Rear,4,8,0,1,No intersection,4,1,2,4,0,0,0,0,CR-VASHON HWY SW,,-122.4790639,47.38528889,98070,0,2,25,Others,53,3,0,20,0,0,1,5,12,0,0,0,0,10,Others,2,2,53,,0,41,49,2004,0,0,68,64,67,1,3,,1,1,19,1,7,,4,0,99,7,11,5,12/15/2019,17:54,2.23E+11,55398,0,0,0,3,1,58,0,0,0,96,,,,,,99,,,,,,98346,53,73,185,6,2,0,0,0,1,,0,,,,,,3,08-15-2019,08-15-2019,20,0,0,0,0,9,8,,,0,0,0,8,9,2,348,605,,1,1,,2,1,0,,,,,,,,,,,,,,,,,,,,,,,,,,,,,,0,0,0,0,0,0,1,1,1,0,0,0,1,0,0,0,0,0,0,0,0,1,1,0,1,0,0,0,0,1,0,0,0,0,0,,1,0,0,0,0,0,1,1,0,1,0,0,0,0,1,0,,,,,,18-20,16-25,City street,U,Saturday,Unknown,PV,White,0,1,0,0,County Road,Municipal/City Police,Poulsbo Police Department,1,0,1,0,0,,,,,,0,0,0,,,,,,,,,,,98,98,98,1,,,,,20,7,,,,,,,,,,,,,,,
2021,263,635758,25,07-31-2021,21:22,31,7,July,,33,King,0,1,,5,1,2,1,0,3,2,,,,12,0,1,Front-to-Rear,4,8,0,1,No intersection,4,1,2,4,0,0,0,0,CR-VASHON HWY SW,,-122.4790639,47.38528889,98070,0,1,24,Others,70,4,98,80,0,0,1,5,12,8,8,2,1,1,Going Straight,1,2,53,,0,85,881,2020,0,0,12,,,,,,1,1,48,1,0,,0,0,3,0,11,0,,,,,6,1,3,3,1,0,0,0,0,96,,,,,,0,,,,,,98580,53,73,175,6,1,0,1,2,0,,0,,,,,,0,05-15-2018,06-15-2018,20,0,0,0,8,9,8,,,0,0,0,8,0,8,95,,,96,,,8,95,995,,,,,,,,,,,,,,,,,,,,,,,,,,,,,,0,0,0,0,0,0,0,0,0,0,0,0,1,0,0,0,0,0,0,1,0,0,0,0,0,0,0,0,0,1,1,0,0,0,0,,0,0,0,0,0,0,0,0,0,0,0,0,0,0,0,0,,,,,,46-50,46-55,Interstate,U,Wednesday,,MHTRUCK,Not Fatal,0,0,0,0,State Route,State Patrol,Washington State Patrol,0,1,0,0,0,,,,,,0,0,0,,,,,,,,,,,98,98,98,0,,,,,20,7,,,,,,,,,,,,,,,
2020,263,634941,25,08-01-2020,00:06,1,8,Aug,,33,King,0,1,,2,1,2,1,1,2,1,00:06,00:17,,8,0,0,No vehicle,7.2,1,0,1,No intersection,5,2,2,4,0,0,0,0,CR-83RD CENTRAL AVE S,,-122.2298472,47.35809167,98030,0,1,13,Pedestrian/Animal,80,5,35,6,0,0,1,2,8,1,1,4,1,1,Going Straight,2,2,53,,0,85,881,2012,0,0,12,,,,,,1,1,29,1,0,,0,0,3,0,11,0,,,,,6,1,3,3,1,0,0,0,0,96,,,,,,0,,,,,,98040,53,69,180,6,1,0,0,0,0,,0,,,,,,0,,,20,0,0,0,8,9,8,,,0,0,0,8,0,8,95,,,96,,,8,95,995,,,,,,,,,,,,,,,,,,,,,,,,,,,,,,0,0,0,0,0,0,0,0,0,0,0,0,1,0,0,0,0,0,0,1,0,0,0,0,0,0,0,0,0,1,1,0,0,0,0,,0,0,0,0,0,0,0,0,0,0,0,0,0,0,0,0,,,,,,26-30,26-35,Interstate,U,Wednesday,,MHTRUCK,Not Fatal,0,0,0,0,State Route,State Patrol,Washington State Patrol,0,1,0,0,0,,,,,,0,0,0,,,,,,,,,,,98,98,98,0,,,,,20,7,,,,,,,,,,,,,,,
2019,263,634134,39,06-23-2019,00:14,23,6,June,,61,Snohomish,0,10,0,3,1,2,1,0,3,2,,,,12,0,2,Front-to-Front,1.3,2,0,3,T Intersection,5,1,2,4,0,0,0,0,CR-236TH ST NE,32ND AVE NE,-122.1871333,48.21002222,98223,0,2,51,Lateral Move(Going Straight),62,4,35,4,0,0,1,7,12,1,2,2,1,1,Going Straight,1,1,53,,0,37,441,2008,0,0,12,12,,,,,1,1,62,1,7,,4,7,20,7,11,0,12/18/2019,12:03,98053056898,56898,0,0,3,3,1,0,0,0,0,96,,,,,,99,,,,,,98118,53,73,215,6,1,0,0,0,0,,0,,,,,,3,,,1,0,0,0,0,9,8,,,0,0,0,1,9,2,1,,,1,,,2,1,0,,,,,,,,,,,,,,,,,,,,,,,,,,,,,,0,0,0,0,0,0,0,0,0,0,0,0,1,0,0,0,0,0,0,1,0,0,0,0,0,0,0,0,0,1,1,0,0,1,0,,1,0,0,0,0,0,0,0,0,1,0,0,0,0,0,0,,,,,,61-65,56-65,Interstate,U,Wednesday,Not Used,PV,White,0,0,0,0,State Route,State Patrol,Washington State Patrol,0,1,0,0,0,,,,,,0,0,0,,,,,,,,,,,98,98,98,1,,,,,20,7,,,,,,,,,,,,,,,
2019,263,634133,39,06-23-2019,00:14,23,6,June,,61,Snohomish,0,10,0,3,1,2,1,0,3,2,,,,12,0,2,Front-to-Front,1.3,2,0,3,T Intersection,5,1,2,4,0,0,0,0,CR-236TH ST NE,32ND AVE NE,-122.1871333,48.21002222,98223,0,1,50,Lateral Move(Left/Right),10,2,35,34,0,0,1,7,12,1,2,2,1,1,Going Straight,2,1,53,,0,37,37,2019,0,0,8,,,,,,1,1,30,1,0,,0,0,3,0,11,0,,,,,0,0,0,2,1,10,38,0,0,96,,,,,,98,,,,,,98022,53,71,210,1,1,0,0,1,1,,97,,,,,,0,10-15-2018,11-15-2018,20,0,0,0,8,9,2,,,0,0,0,0,0,8,95,,,96,,,8,95,995,,,,,,,,,,,,,,,,,,,,,,,,,,,,,,0,0,0,1,0,0,0,0,0,0,0,0,0,1,0,0,0,0,1,0,0,0,0,0,0,0,0,0,0,1,0,1,0,0,0,,0,0,0,0,0,0,0,0,0,0,1,1,0,0,0,0,,,,,,26-30,26-35,City street,U,Thursday,Belt Used,PV,Not Fatal,1,0,0,0,City Street,Municipal/City Police,SeaTac Police Department,0,0,0,1,0,,,,,,0,0,1,,,,,,,,,,,98,98,98,0,,,,,20,7,,,,,,,,,,,,,,,