year,something,Cases,repjur,crash_dt,crash_tm,accday,Month,Month,holiday,county,co_char,city,weather,weather2,lightcond,surfcond,surftype,Number of Fatalities,nmforms,pforms,vforms,not_tm,arr_tm,hosp_tm,fhevent,hitrun,Manner of Collision,Manner of Collision,milepnt,reljunc,reljuncinter,intersectiontype,Intersection Type,funcsystem,landuse,ownership,route,schlbus,spejur,contdev,devfunc,trafid1,trafid2,x,y,zipcode,wk_zone,vnumber,crashtype,Crash Type,criticalevent,criticaleventcat,spdlim,body,trailer,emerg,hazcargo,leave,mhevent,roadalgn,roadprof,traflane,trafflow,Vehicle Manure,Vehicle Manure,numoccs,regowner,regstate,,spuse,make,model,modelyr,vrf1,vrf2,seqevent1,seqevent2,seqevent3,seqevent4,seqevent5,seqevent6,pnumber,ptype,age,sex,hispanic,race,injury,diedscene,restraint,restraintmisuse,seatpos,takehosp,death_dt,death_tm,cert,cernum_wa,commlic,licendor,licrestrict,liccomp,drivpres,drf1,drf2,drf3,drf4,distract1,distract2,distract3,distract4,distract5,distract6,dricond1,dricond2,dricond3,dricond4,dricond5,dricond6,dzip,licstate,drhgt_in,weight,noncdl,noncdltype,prevdwi,prevoth,prevacc,prevspd,prevsus,driviol1,driviol2,driviol3,driviol4,driviol5,driviol6,spdrel,first_dt,last_dt,airbag,ejection,ejectpath,extricat,injurwrk,methalc,methdrug,nmlocat,strikveh,prf1,prf2,prf3,druginv,alcinvol,drugsts,drugres1,drugres2,drugres3,drugtst1,drugtst2,drugtst3,alcsts,alctst,alcres,nmact1,nmact2,nmact3,nmact4,nmact5,nmact6,nmprior1,nmprior2,nmprior3,nmprior4,nmprior5,nmprior6,nmcond1,nmcond2,nmcond3,nmcond4,nmcond5,nmcond6,nmsafe_helmet,nmsafe_pads,nmsafe_oth,nmprev_ref,nmprev_lgt,nmprev_oth,crashlocation,nmcrashtype,crosswalk,schoolzone,sidewalk,train_inv,wildlife_inv,rotr_fars,intersect_fars,Drink and Drive,aid_inv,Drug Positive Drivers,Impaired Drivers,Marijuana Positive,impnm_inv,ainm_inv,dpnm_inv,speed_inv,unlic_inv,unendmc_inv,drowsy_inv,drdist_inv,nmdist_inv,fty_inv,unrestfat_inv,dr1617_inv,dr1820_inv,dr1620_inv,dr2125_inv,dr1625_inv,dr65_inv,dr70_inv,dr75_inv,mc_inv,pv_inv,ht_inv,ped_inv,bike_inv,unrest_fat,mc_fat,unhelmet_mc,pv_fat,ht_fat,ped_fat,bike_fat,dr_alc7,dr_alc8,dr_drug,dr_imp,dr_dist,dr_spd,dr_fty,dr_unlic,dr_alc7only,dr_alc8only,dr_drugonly,dr_drink,nm_imp,nm_alc7,nm_alc8,nm_drug,nm_dist,agegrp1,agegrp2,roadclass,urbrur,dayweek,restuse,vehtype,race_me,intersect,lanedep,oppdir,wrongway,rep_typ,investag,repag_long,rotr,st_rd,cty_rd,city_rd,oth_rd,drug_thc,thc_res,drug_cthc,cthc_res,drug_cann,prevpersemin,prevperse,prevsusoth,drugtst4,drugtst5,drugtst6,drugtst7,drugtst8,drugres4,drugres5,drugres6,drugres7,drugres8,adspresent,adsengaged,adslevel,race1,race2,race3,race4,race5,helmet,helmetmisuse,nmdistract1,nmdistract2,nmdistract3,nmdistract4,nmdistract5,nmdistract6,lab,isedtcase,crf1,crf2,crf3,CoRoadName,CoMP,IntCoRoadName,IntCoMP
2018,263,633460,6,07-26-2018,04:21,26,7,July,0,47,Okanogan,0,1,0,2,1,2,1,0,1,1,,,,1,0,0,No vehicle,34.2,1,0,1,No intersection,4,1,1,3,0,3,0,0,SR-155,,-118.9856028,48.05089167,99124,0,1,1,Driver Off Road,13,2,45,80,0,0,1,7,1,3,2,2,1,14,Making a U turn,1,1,53,,0,12,471,2008,0,0,8,,,,,,1,1,60,1,0,,0,0,3,0,11,0,,,,,0,0,0,0,1,0,0,0,0,96,,,,,,0,,,,,,98188,53,69,185,3,1,0,0,1,0,,0,,,,,,0,11-15-2016,11-15-2016,20,0,0,0,8,9,8,,,0,0,0,8,0,8,95,,,96,,,8,95,995,,,,,,,,,,,,,,,,,,,,,,,,,,,,,,0,0,0,0,0,0,0,0,0,1,0,1,0,1,0,0,0,0,0,0,0,0,0,0,0,0,0,0,0,1,0,1,0,0,0,,0,0,0,0,0,0,0,0,0,0,0,1,0,0,0,0,,,,,,56-60,56-65,State route,U,Thursday,Belt Used,PV,Not Fatal,0,0,0,0,State Route,State Patrol,Washington State Patrol,0,1,0,0,0,,,,,,0,0,0,,,,,,,,,,,98,98,98,0,,,,,20,7,,,,,,,,,,,,,,,
2017,263,632688,248,07-24-2017,08:30,24,7,July,0,33,King,1830,1,0,1,1,2,2,0,2,1,,,,1,0,0,No vehicle,0,3,0,3,T Intersection,7,2,4,6,0,0,0,0,ROYAL HILLS DR SE,HARRINGTON PL SE,-122.1811306,47.47008611,98055,0,1,1,Driver Off Road,13,2,25,34,0,0,1,2,1,2,2,4,1,14,Making a U turn,2,1,53,,0,72,706,2017,0,0,12,,,,,,1,1,49,1,7,,4,0,20,7,11,4,12/22/2019,17:27,1.96E+11,56617,0,0,3,3,1,0,0,0,0,96,,,,,,0,,,,,,98445,53,70,270,6,1,0,0,0,0,,0,,,,,,0,,,20,8,0,0,0,9,8,,,0,0,0,8,0,8,95,,,96,,,8,95,995,,,,,,,,,,,,,,,,,,,,,,,,,,,,,,0,0,0,1,0,0,0,0,0,0,0,0,0,0,0,0,0,0,1,0,0,0,0,0,0,0,0,0,1,1,0,0,0,0,1,0,0,0,0,0,0,0,0,0,0,0,0,0,0,0,0,0,,,,,,46-50,46-55,State route,U,Monday,,MC,White,1,0,0,0,State Route,Municipal/City Police,Kent Police Department,0,1,0,0,0,,,,,,0,0,0,,,,,,,,,,,0,0,0,1,,,,,19,0,,,,,,,,,,,,,,,
2017,264,3660803,344,07-23-2017,15:51,23,7,July,0,77,Yakima,2300,1,0,1,1,2,3,0,3,1,,,,42,0,0,No vehicle,16,1,0,1,No intersection,96,6,96,8,0,3,0,0,SIGNAL PEAK RD,,-120.7971778,46.28616389,,0,1,6,Drive off road,12,2,98,2,0,0,1,2,42,2,1,2,1,14,Making a U turn,3,1,53,,0,54,421,2016,0,0,12,,,,,,1,1,52,1,0,,0,0,99,7,11,0,,,,,0,0,0,3,1,38,91,0,0,96,,,,,,0,,,,,,98444,53,67,122,6,1,0,0,0,0,,2,,,,,,0,,,20,0,0,0,8,9,8,,,0,0,0,8,0,8,95,,,96,,,8,95,995,,,,,,,,,,,,,,,,,,,,,,,,,,,,,,0,0,0,1,0,0,0,0,0,0,0,0,0,0,0,0,0,0,1,0,0,0,0,0,0,0,0,0,1,1,0,0,0,0,0,,0,0,0,0,0,0,0,0,0,0,1,0,0,0,0,0,,,,,,51-55,46-55,State route,U,Monday,Unknown,PV,Not Fatal,1,0,0,0,State Route,Municipal/City Police,Kent Police Department,0,1,0,0,0,,,,,,0,0,0,,,,,,,,,,,98,98,98,0,,,,,20,7,,,,,,,,,,,,,,,
2021,264,635767,35,08-02-2021,19:40,2,8,Aug,,53,Pierce,0,1,,1,1,1,1,0,1,1,,,,38,0,0,No vehicle,0.4,1,0,1,No intersection,6,1,2,4,0,0,0,0,CR-LEBOR DEVORE RD E,,-122.3199167,46.972225,98328,0,1,6,Drive off road,12,2,35,80,0,0,1,2,38,1,1,2,1,1,Going Straight,1,2,53,,0,49,402,2015,0,0,12,,,,,,1,1,26,2,0,,0,0,3,0,11,0,,,,,0,0,0,3,1,0,0,0,0,96,,,,,,0,,,,,,94015,6,67,125,6,1,0,0,0,0,,0,,,,,,0,,,20,0,0,0,8,9,8,,,0,0,0,8,0,8,95,,,96,,,8,95,995,,,,,,,,,,,,,,,,,,,,,,,,,,,,,,0,0,0,0,1,1,0,1,0,0,0,0,0,0,0,0,0,0,0,0,0,0,0,0,0,0,0,0,0,1,0,0,0,0,0,,0,0,0,0,0,0,0,0,0,0,0,0,0,0,0,0,,,,,,26-30,26-35,City street,U,Sunday,Belt Used,PV,Not Fatal,0,1,1,0,State Route,Municipal/City Police,Shoreline Police Department,0,1,0,0,0,,,,,,0,0,0,,,,,,,,,,,98,98,98,0,,,,,20,7,,,,,,,,,,,,,,,
2020,264,634942,29,07-29-2020,13:35,29,7,July,,41,Lewis,0,1,,1,1,2,1,0,1,1,,,,1,0,0,No vehicle,1.1,1,0,1,No intersection,3,1,2,4,0,0,0,0,CR-LABREE RD,,-122.9423,46.62080833,98565,0,1,7,Control/Traction Loss,13,2,35,34,0,0,1,2,1,3,1,2,1,14,Making a U turn,1,1,53,,0,7,461,1991,0,0,12,12,,,,,1,1,49,1,0,,3,0,3,0,11,8,,,,,0,0,0,3,1,0,0,0,0,96,,,,,,0,,,,,,74601,40,72,250,6,1,0,0,0,0,,0,,,,,,0,,,20,0,0,0,8,9,8,,,0,0,0,8,0,8,95,,,96,,,8,95,995,,,,,,,,,,,,,,,,,,,,,,,,,,,,,,0,0,0,0,1,1,0,1,0,0,0,0,0,0,0,0,0,0,0,0,0,0,0,0,0,0,0,0,0,1,0,0,0,0,0,,0,0,0,0,0,0,0,0,0,0,0,0,0,0,0,0,,,,,,46-50,46-55,City street,U,Sunday,Belt Used,PV,Not Fatal,0,1,1,0,State Route,Municipal/City Police,Shoreline Police Department,0,1,0,0,0,,,,,,0,0,0,,,,,,,,,,,0,0,0,0,,,,,20,7,,,,,,,,,,,,,,,
2019,264,634230,2,07-05-2019,00:02,5,7,July,,61,Snohomish,0,1,0,2,1,2,1,0,4,2,,,,12,0,2,Front-to-Front,2.4,1,0,1,No intersection,7,1,2,4,0,0,0,0,CR-NEWBERG RD,,-122.0050972,48.02346389,98290,0,2,51,Lateral Move(Going Straight),62,4,35,83,0,0,1,7,12,1,2,2,1,1,Going Straight,1,2,53,,0,12,3,1994,0,0,68,12,,,,,1,1,44,1,7,,4,7,3,0,11,0,12/15/2019,17:10,2.01E+11,55156,0,0,3,3,1,0,0,0,0,96,,,,,,99,,,,,,98155,53,72,195,6,1,0,0,0,1,,0,,,,,,0,07-15-2019,07-15-2019,20,0,0,0,0,9,8,,,0,0,0,8,9,2,1,,,1,,,2,1,0.13,,,,,,,,,,,,,,,,,,,,,,,,,,,,,,0,0,0,0,1,1,0,1,0,0,0,0,0,0,0,0,0,0,0,0,0,0,0,0,0,0,0,0,0,1,0,0,0,0,0,,1,0,0,0,0,1,0,1,0,0,0,0,0,1,0,1,,,,,,41-45,36-45,City street,U,Sunday,Belt Used,PV,White,0,1,1,0,State Route,Municipal/City Police,Shoreline Police Department,0,1,0,0,0,,,,,,0,0,0,,,,,,,,,,,0,0,0,1,,,,,20,7,,,,,,,,,,,,,,,
2019,264,634229,2,07-05-2019,00:02,5,7,July,,61,Snohomish,0,1,0,2,1,2,1,0,4,2,,,,12,0,2,Front-to-Front,2.4,1,0,1,No intersection,7,1,2,4,0,0,0,0,CR-NEWBERG RD,,-122.0050972,48.02346389,98290,0,1,50,Lateral Move(Left/Right),10,2,35,34,0,0,1,7,12,1,2,2,1,6,Others,3,1,53,,0,49,401,2000,0,0,8,,,,,,1,1,25,1,0,,0,0,99,7,11,0,,,,,0,0,0,3,1,0,0,0,0,96,,,,,,0,,,,,,98031,53,76,190,6,1,0,0,2,0,,0,,,,,,0,05-15-2017,11-15-2018,20,0,0,0,8,9,2,,,0,0,0,0,0,8,95,,,96,,,8,95,995,,,,,,,,,,,,,,,,,,,,,,,,,,,,,,0,0,0,1,0,0,0,0,0,1,0,1,0,0,0,0,0,0,0,0,0,0,0,1,1,0,0,0,0,1,0,1,0,0,0,,0,0,0,0,0,0,0,0,0,0,0,0,0,0,0,0,,,,,,21-25,16-25,State route,U,Tuesday,Unknown,PV,Not Fatal,1,0,0,0,State Route,Municipal/City Police,Kent Police Department,0,1,0,0,0,,,,,,0,0,0,,,,,,,,,,,98,98,98,0,,,,,20,7,,,,,,,,,,,,,,,
2018,264,633463,4,07-30-2018,21:02,30,7,July,0,63,Spokane,0,1,0,5,1,2,1,0,4,3,21:02,21:22,22:15,12,0,1,Front-to-Rear,256.5,1,0,1,No intersection,1,1,1,1,0,0,0,0,I-90,,-117.7740861,47.44777778,99014,0,3,98,Others,62,4,70,66,1,0,1,5,12,1,1,2,2,15,Others,1,1,53,,0,48,34,2002,0,0,63,30,1,,,,1,1,40,2,7,,4,7,20,7,11,0,12-04-2019,21:57,53053606,53606,0,0,3,3,1,0,0,0,0,96,,,,,,9,,,,,,98282,53,58,111,6,1,0,1,0,0,,0,,,,,,4,01-15-2018,01-15-2018,8,2,9,0,0,1,8,,,0,0,0,8,1,2,695,605,,1,1,,2,1,0.299,,,,,,,,,,,,,,,,,,,,,,,,,,,,,,0,0,1,0,1,1,1,1,1,0,0,0,1,0,0,0,0,0,0,1,0,0,0,0,0,0,0,0,0,1,0,0,0,1,0,,1,0,0,0,0,1,1,1,0,1,0,0,0,0,0,1,,,,,,36-40,36-45,County road,R,Wednesday,Not Used,PV,Oth/Unk,0,1,0,0,County Road,State Patrol,Washington State Patrol,1,0,1,0,0,thc,0.78,carboxy-thc,14,,0,0,0,,,,,,,,,,,98,98,98,99,,,,,20,7,,,,,,,nms,,,,,,,,
2018,264,633462,4,07-30-2018,21:02,30,7,July,0,63,Spokane,0,1,0,5,1,2,1,0,4,3,21:02,21:22,22:15,12,0,1,Front-to-Rear,256.5,1,0,1,No intersection,1,1,1,1,0,0,0,0,I-90,,-117.7740861,47.44777778,99014,0,2,25,Others,53,3,70,34,0,0,1,2,12,1,1,2,2,1,Going Straight,2,1,53,,0,49,402,2008,0,0,63,8,,,,,1,1,35,1,0,,0,0,3,0,11,0,,,,,0,0,3,2,1,0,0,0,0,92,,,,,,99,,,,,,98948,53,72,180,1,1,0,0,0,0,,7,,,,,,0,09-15-2015,09-15-2015,20,0,0,0,8,9,8,,,0,0,0,8,9,0,0,,,0,,,0,0,996,,,,,,,,,,,,,,,,,,,,,,,,,,,,,,0,0,0,0,0,0,0,0,0,0,0,0,0,1,0,0,1,0,0,0,0,0,0,0,0,0,0,0,0,1,0,1,0,0,0,,0,0,0,0,0,0,0,0,1,0,0,1,0,0,0,0,,,,,,31-35,26-35,Interstate,R,Sunday,Belt Used,PV,Not Fatal,0,0,0,0,State Route,State Patrol,Washington State Patrol,0,1,0,0,0,,,,,,0,0,1,,,,,,,,,,,98,98,98,0,,,,,20,7,,,,,,,,,,,,,,,
2018,264,633461,4,07-30-2018,21:02,30,7,July,0,63,Spokane,0,1,0,5,1,2,1,0,4,3,21:02,21:22,22:15,12,0,1,Front-to-Rear,256.5,1,0,1,No intersection,1,1,1,1,0,0,0,0,I-90,,-117.7740861,47.44777778,99014,0,1,24,Others,51,3,70,34,0,0,1,2,1,1,1,2,2,1,Going Straight,1,1,53,,0,12,481,2008,0,0,12,,,,,,1,1,16,2,0,,2,0,3,0,11,4,,,,,0,0,1,3,1,0,0,0,0,3,6,,,,,0,,,,,,98837,53,64,175,6,2,0,0,0,0,,0,,,,,,0,,,1,0,0,0,8,9,8,,,0,0,0,8,0,8,95,,,96,,,8,95,995,,,,,,,,,,,,,,,,,,,,,,,,,,,,,,0,0,0,0,0,0,0,0,0,0,0,0,0,0,0,0,1,0,0,0,1,0,1,0,1,1,1,1,0,1,0,0,0,0,0,,0,0,0,0,0,0,0,0,1,0,0,0,0,0,0,0,,,,,,16-17,16-25,County road,R,Friday,Belt Used,PV,Not Fatal,0,1,1,0,County Road,County Sheriff,Grant County Sheriff's Office,0,0,1,0,0,,,,,,0,0,0,,,,,,,,,,,98,98,98,0,,,,,20,7,,,,,,,,,,,,,,,
2021,265,635764,6,07-29-2021,15:30,29,7,July,,47,Okanogan,1600,1,,1,1,2,1,1,1,1,,,,8,0,0,No vehicle,276.3,3,0,3,T Intersection,2,2,1,2,0,3,3,3,US-97,DAYTON ST,-119.5213389,48.40387222,98841,0,1,13,Pedestrian/Animal,80,5,50,14,0,0,1,5,8,1,1,3,1,1,Going Straight,1,2,53,,0,7,26,2013,0,0,68,12,,,,,1,1,75,1,7,,4,0,3,0,11,8,12-06-2019,17:38,1.39E+11,54021,0,0,0,3,1,28,0,0,0,0,,,,,,1,,,,,,98837,53,66,280,6,1,0,0,0,0,,0,,,,,,0,,,8,0,0,0,0,9,8,,,0,0,0,8,0,8,95,,,96,,,8,95,995,,,,,,,,,,,,,,,,,,,,,,,,,,,,,,0,0,0,0,0,0,0,0,0,0,0,0,0,0,0,0,1,0,0,0,1,0,1,0,1,1,1,1,0,1,0,0,0,0,0,,1,0,0,0,0,0,0,0,0,0,0,0,0,0,0,0,,,,,,71-75,66-75,County road,R,Friday,Belt Used,PV,White,0,1,1,0,County Road,County Sheriff,Grant County Sheriff's Office,0,0,1,0,0,,,,,,0,0,0,,,,,,,,,,,98,98,98,1,,,,,20,7,,,,,,,,,,,,,,,
2020,265,634943,2,07-31-2020,17:05,31,7,July,,61,Snohomish,0,1,,1,1,2,1,0,7,1,17:21,17:28,17:48,52,0,0,No vehicle,209.5,1,0,1,No intersection,1,1,1,1,0,0,0,0,I-5,,-122.2114083,48.19933056,,0,1,7,Control/Traction Loss,8,1,70,14,0,0,1,2,1,1,1,3,3,15,Others,7,2,53,,0,62,401,2001,0,0,63,1,,,,,1,1,43,1,1,,4,7,3,0,11,0,12-06-2019,09:40,53054332,54332,0,0,3,2,1,0,0,0,0,92,,,,,,9,,,,,,99203,53,69,140,1,1,2,2,1,3,,0,,,,,,0,07-15-2016,08-15-2019,1,2,9,0,0,1,8,,,0,0,0,8,1,2,1,,,1,,,2,1,0.318,,,,,,,,,,,,,,,,,,,,,,,,,,,,,,0,0,1,0,1,1,0,1,0,0,0,0,0,1,0,0,1,0,0,0,0,0,0,0,0,0,0,0,0,1,0,0,0,0,0,,1,0,0,0,0,1,0,1,1,0,0,1,0,1,0,1,,,,,,41-45,36-45,State route,R,Friday,Belt Used,PV,Hispanic,0,1,0,0,State Route,State Patrol,Washington State Patrol,1,1,0,0,0,,,,,,0,2,6,,,,,,,,,,,98,98,98,298,,,,,20,7,,,,,,,,,,,,,,,
2019,265,634261,4,07-10-2019,15:37,10,7,July,,65,Stevens,0,1,0,1,1,2,1,0,4,2,,,,12,0,2,Front-to-Front,228.3,1,0,1,No intersection,3,1,1,2,0,0,0,0,US-395,,-117.8843583,48.46324722,99114,0,2,51,Lateral Move(Going Straight),62,4,60,5,0,0,1,7,12,1,1,2,1,1,Going Straight,1,1,53,,0,12,17,1993,0,0,71,39,,,,,1,1,37,1,7,,4,7,20,7,11,0,12-12-2019,20:45,1053055372,55372,6,0,0,3,1,0,0,0,0,92,,,,,,99,,,,,,98513,53,69,160,6,1,0,2,1,1,,0,,,,,,0,01-15-2018,08-15-2019,1,1,9,0,0,9,8,,,0,0,0,8,9,2,401,417,,1,1,,2,1,0,,,,,,,,,,,,,,,,,,,,,,,,,,,,,,0,0,0,1,0,0,1,1,0,0,0,0,0,0,0,0,1,0,0,1,0,0,0,0,0,0,0,0,0,1,0,0,0,1,0,,1,0,0,0,0,0,1,1,1,0,0,0,0,0,1,0,,,,,,36-40,36-45,City street,U,Thursday,Not Used,PV,White,1,0,0,0,City Street,Municipal/City Police,Aberdeen Police Department,0,0,0,1,0,,,,,,0,0,1,,,,,,,,,,,0,0,0,1,,,,,20,7,,,,,,,,,,,,,,,
2019,265,634260,4,07-10-2019,15:37,10,7,July,,65,Stevens,0,1,0,1,1,2,1,0,4,2,,,,12,0,2,Front-to-Front,228.3,1,0,1,No intersection,3,1,1,2,0,0,0,0,US-395,,-117.8843583,48.46324722,99114,0,1,50,Lateral Move(Left/Right),10,2,60,14,0,0,1,7,12,1,1,2,1,1,Going Straight,3,1,53,,0,98,734,2015,0,0,63,69,68,64,38,1,1,1,38,1,7,,4,0,20,7,11,8,12/17/2019,17:00,1.96E+11,55929,0,0,0,1,1,87,0,0,0,96,,,,,,9,,,,,,98068,53,71,160,6,1,0,1,0,1,,0,,,,,,0,10-15-2019,12-15-2019,20,1,9,0,0,9,8,,,0,0,0,8,1,2,695,605,,1,1,,2,1,0.182,,,,,,,,,,,,,,,,,,,,,,,,,,,,,,0,0,1,0,1,1,1,1,1,0,0,0,0,0,0,0,0,0,0,0,0,0,0,0,0,0,0,0,0,0,0,0,0,0,0,,0,0,0,0,0,1,1,1,0,0,0,0,0,0,0,1,,,,,,36-40,36-45,County road,R,Saturday,,OTHVT,White,0,0,0,0,County Road,County Sheriff,Kittitas County Sheriff's Office,0,0,1,0,0,thc,2.6,carboxy-thc,22,,0,0,0,,,,,,,,,,,98,98,98,1,,,,,17,7,,,,,,,nms,,,,,,,,
2018,265,633466,10,07-22-2018,00:57,22,7,July,0,3,Asotin,0,1,0,3,1,2,1,0,2,1,,,,1,0,0,No vehicle,0.4,3,0,4,Y Intersection,4,2,2,4,0,0,0,0,CR-BEN JOHNSON RD,PITCHSTONE DR,-117.0934833,46.39936944,99403,0,1,6,Drive off road,6,1,35,34,0,0,1,5,1,1,2,2,1,6,Others,2,1,53,,0,34,44,2009,0,0,12,,,,,,1,1,41,2,0,,0,0,3,0,11,0,,,,,99,9,9,9,1,0,0,0,0,96,,,,,,0,,,,,,0,95,,999,9,9,99,99,99,99,,0,,,,,,0,,,20,0,0,0,8,9,8,,,0,0,0,8,8,8,95,,,96,,,8,95,995,,,,,,,,,,,,,,,,,,,,,,,,,,,,,,0,0,0,0,1,1,1,1,1,0,0,0,1,0,0,0,0,0,0,0,0,1,1,0,1,0,0,0,0,1,0,0,0,0,0,,0,0,0,0,0,0,0,0,0,0,0,0,0,0,0,0,,,,,,41-45,36-45,Interstate,U,Friday,Belt Used,PV,Not Fatal,0,0,0,0,State Route,State Patrol,Washington State Patrol,0,1,0,0,0,,,,,,99,99,99,,,,,,,,,,,98,98,98,0,,,,,20,7,,,,,,,,,,,,,,,
2017,265,632689,40,07-26-2017,16:22,26,7,July,0,63,Spokane,0,1,0,1,1,2,1,0,1,1,16:30,16:48,,42,0,0,No vehicle,2.8,1,0,1,No intersection,6,1,2,4,0,0,0,0,CR-N MUZZY RD,,-117.0990889,47.80086944,,0,1,7,Control/Traction Loss,6,1,35,14,0,0,1,2,42,2,2,2,1,14,Making a U turn,1,1,53,,0,32,43,2015,0,0,12,63,42,1,2,,1,1,19,1,7,,4,7,99,7,11,0,12/13/2019,22:09,11053055244,55244,0,0,3,3,1,0,0,0,0,96,,,,,,99,,,,,,98226,53,70,186,6,1,0,2,1,4,,0,,,,,,4,10-15-2017,07-15-2019,99,0,0,0,0,9,8,,,0,0,0,8,8,2,402,605,,1,1,,2,1,0.128,,,,,,,,,,,,,,,,,,,,,,,,,,,,,,0,0,0,0,1,1,1,1,1,0,0,0,1,0,0,0,0,0,0,0,0,1,1,0,1,0,0,0,0,1,0,0,0,0,0,,1,0,0,0,0,1,1,1,0,1,0,0,0,0,0,1,,,,,,18-20,16-25,Interstate,U,Friday,Unknown,PV,API,0,0,0,0,State Route,State Patrol,Washington State Patrol,0,1,0,0,0,thc,1.4,,,,0,0,0,,,,,,,,,,,98,98,98,18,,,,,20,7,,,,,,,nms,,,,,,,,
2021,266,635765,277,08-02-2021,14:20,2,8,Aug,,63,Spokane,2110,1,,1,1,2,1,0,2,2,,,,12,0,6,Angle,0,2,0,2,4 Way,3,2,4,6,0,0,20,3,W AIRPORT DR,S Spotted Rd,-117.5184028,47.63730556,99224,0,1,87,Others,17,2,30,34,0,0,1,8,12,1,1,2,1,1,Going Straight,1,1,53,,0,12,481,2001,0,0,63,1,38,,,,1,1,43,1,1,,4,7,20,7,11,0,12/13/2019,06:28,53054803,54803,0,0,0,3,1,0,0,0,0,96,,,,,,0,,,,,,99336,53,71,300,6,1,0,1,1,0,,0,,,,,,4,05-15-2015,01-15-2017,20,1,9,0,0,1,8,,,0,0,0,8,0,2,1,,,1,,,2,1,0,,,,,,,,,,,,,,,,,,,,,,,,,,,,,,0,0,0,0,0,0,0,0,0,0,0,0,1,0,0,0,0,0,0,1,0,0,0,0,0,0,0,0,0,1,0,0,0,1,0,,1,0,0,0,0,0,0,0,0,1,0,0,0,0,0,0,,,,,,41-45,36-45,Interstate,R,Friday,Not Used,PV,Hispanic,0,1,0,0,State Route,State Patrol,Washington State Patrol,1,1,0,0,0,,,,,,0,0,0,,,,,,,,,,,98,98,98,298,,,,,20,7,,,,,,,,,,,,,,,
2020,266,634945,2,07-11-2020,22:19,11,7,July,,61,Snohomish,1360,10,,2,1,2,1,0,4,2,22:11,22:20,22:51,12,0,2,Front-to-Front,22.9,1,0,1,No intersection,3,2,1,3,0,0,0,0,SR-522,,-122.0106389,47.84696111,98272,0,2,52,Others,54,3,60,14,0,0,1,2,12,4,1,2,3,14,Making a U turn,3,1,53,,0,12,481,2016,0,0,8,,,,,,1,1,24,1,0,,0,0,3,0,11,0,,,,,0,0,0,3,1,0,0,0,0,96,,,,,,98,,,,,,98405,53,68,195,6,1,0,0,2,0,,0,,,,,,0,11-15-2016,08-15-2018,20,0,0,0,8,9,8,,,0,0,0,8,8,8,95,,,96,,,8,95,995,,,,,,,,,,,,,,,,,,,,,,,,,,,,,,0,0,0,1,0,0,0,0,0,1,1,0,0,0,0,0,0,0,1,0,0,0,0,1,1,1,1,0,0,1,0,1,0,0,0,,0,0,0,0,0,0,0,0,0,0,0,0,0,0,0,0,,,,,,21-25,16-25,City street,U,Wednesday,Belt Used,PV,Not Fatal,1,0,0,0,City Street,Municipal/City Police,Tukwila Police Department,0,0,0,1,0,,,,,,0,0,0,,,,,,,,,,,98,98,98,0,,,,,20,7,,,,,,,,,,,,,,,
2020,266,634944,2,07-11-2020,22:19,11,7,July,,61,Snohomish,1360,10,,2,1,2,1,0,4,2,22:11,22:20,22:51,12,0,2,Front-to-Front,22.9,1,0,1,No intersection,3,2,1,3,0,0,0,0,SR-522,,-122.0106389,47.84696111,98272,0,1,52,Others,54,3,60,6,0,0,1,2,12,4,1,2,3,14,Making a U turn,1,1,53,,0,54,44,2016,0,0,8,,,,,,1,1,73,2,0,,0,0,3,0,11,0,,,,,0,0,3,3,1,38,0,0,0,96,,,,,,98,,,,,,98125,53,63,127,6,1,0,0,0,0,,46,,,,,,0,,,20,0,0,0,8,9,8,,,0,0,0,8,8,8,95,,,96,,,8,95,995,,,,,,,,,,,,,,,,,,,,,,,,,,,,,,0,0,0,1,0,0,0,0,0,1,1,0,0,0,0,0,0,0,1,0,0,0,0,1,1,1,1,0,0,1,0,1,0,0,0,,0,0,0,0,0,0,0,0,0,0,1,0,0,0,0,0,,,,,,71-75,66-75,City street,U,Wednesday,Belt Used,PV,Not Fatal,1,0,0,0,City Street,Municipal/City Police,Tukwila Police Department,0,0,0,1,0,,,,,,0,0,0,,,,,,,,,,,98,98,98,0,,,,,20,7,,,,,,,,,,,,,,,
2019,266,634246,248,08-03-2019,00:17,3,8,Aug,,33,King,1830,1,0,3,1,2,1,0,3,2,,,,12,0,1,Front-to-Rear,24.6,8,0,1,No intersection,3,2,1,3,0,0,0,0,SR-169,,-122.1867444,47.47766389,98057,0,2,29,Others,53,3,40,80,0,0,1,7,12,1,1,2,1,2,Others,1,1,53,,0,55,33,2011,0,0,8,,,,,,1,1,63,2,0,,0,0,3,0,11,0,,,,,0,0,3,3,1,0,0,0,0,96,,,,,,0,,,,,,98203,53,63,175,6,1,0,0,0,0,,0,,,,,,0,,,20,0,0,0,8,9,8,,,0,0,0,8,0,8,95,,,96,,,8,95,995,,,,,,,,,,,,,,,,,,,,,,,,,,,,,,0,0,0,0,0,0,0,0,0,0,0,0,0,0,0,0,0,0,0,0,0,0,0,0,0,0,0,0,0,1,0,1,0,0,0,,0,0,0,0,0,0,0,0,0,0,0,0,0,0,0,0,,,,,,61-65,56-65,City street,U,Tuesday,Belt Used,PV,Not Fatal,0,0,0,0,City Street,Municipal/City Police,Everett Police Department,0,0,0,1,0,,,,,,0,0,0,,,,,,,,,,,98,98,98,0,,,,,20,7,,,,,,,,,,,,,,,