year,something,Cases,repjur,crash_dt,crash_tm,accday,Month,Month,holiday,county,co_char,city,weather,weather2,lightcond,surfcond,surftype,Number of Fatalities,nmforms,pforms,vforms,not_tm,arr_tm,hosp_tm,fhevent,hitrun,Manner of Collision,Manner of Collision,milepnt,reljunc,reljuncinter,intersectiontype,Intersection Type,funcsystem,landuse,ownership,route,schlbus,spejur,contdev,devfunc,trafid1,trafid2,x,y,zipcode,wk_zone,vnumber,crashtype,Crash Type,criticalevent,criticaleventcat,spdlim,body,trailer,emerg,hazcargo,leave,mhevent,roadalgn,roadprof,traflane,trafflow,Vehicle Manure,Vehicle Manure,numoccs,regowner,regstate,,spuse,make,model,modelyr,vrf1,vrf2,seqevent1,seqevent2,seqevent3,seqevent4,seqevent5,seqevent6,pnumber,ptype,age,sex,hispanic,race,injury,diedscene,restraint,restraintmisuse,seatpos,takehosp,death_dt,death_tm,cert,cernum_wa,commlic,licendor,licrestrict,liccomp,drivpres,drf1,drf2,drf3,drf4,distract1,distract2,distract3,distract4,distract5,distract6,dricond1,dricond2,dricond3,dricond4,dricond5,dricond6,dzip,licstate,drhgt_in,weight,noncdl,noncdltype,prevdwi,prevoth,prevacc,prevspd,prevsus,driviol1,driviol2,driviol3,driviol4,driviol5,driviol6,spdrel,first_dt,last_dt,airbag,ejection,ejectpath,extricat,injurwrk,methalc,methdrug,nmlocat,strikveh,prf1,prf2,prf3,druginv,alcinvol,drugsts,drugres1,drugres2,drugres3,drugtst1,drugtst2,drugtst3,alcsts,alctst,alcres,nmact1,nmact2,nmact3,nmact4,nmact5,nmact6,nmprior1,nmprior2,nmprior3,nmprior4,nmprior5,nmprior6,nmcond1,nmcond2,nmcond3,nmcond4,nmcond5,nmcond6,nmsafe_helmet,nmsafe_pads,nmsafe_oth,nmprev_ref,nmprev_lgt,nmprev_oth,crashlocation,nmcrashtype,crosswalk,schoolzone,sidewalk,train_inv,wildlife_inv,rotr_fars,intersect_fars,Drink and Drive,aid_inv,Drug Positive Drivers,Impaired Drivers,Marijuana Positive,impnm_inv,ainm_inv,dpnm_inv,speed_inv,unlic_inv,unendmc_inv,drowsy_inv,drdist_inv,nmdist_inv,fty_inv,unrestfat_inv,dr1617_inv,dr1820_inv,dr1620_inv,dr2125_inv,dr1625_inv,dr65_inv,dr70_inv,dr75_inv,mc_inv,pv_inv,ht_inv,ped_inv,bike_inv,unrest_fat,mc_fat,unhelmet_mc,pv_fat,ht_fat,ped_fat,bike_fat,dr_alc7,dr_alc8,dr_drug,dr_imp,dr_dist,dr_spd,dr_fty,dr_unlic,dr_alc7only,dr_alc8only,dr_drugonly,dr_drink,nm_imp,nm_alc7,nm_alc8,nm_drug,nm_dist,agegrp1,agegrp2,roadclass,urbrur,dayweek,restuse,vehtype,race_me,intersect,lanedep,oppdir,wrongway,rep_typ,investag,repag_long,rotr,st_rd,cty_rd,city_rd,oth_rd,drug_thc,thc_res,drug_cthc,cthc_res,drug_cann,prevpersemin,prevperse,prevsusoth,drugtst4,drugtst5,drugtst6,drugtst7,drugtst8,drugres4,drugres5,drugres6,drugres7,drugres8,adspresent,adsengaged,adslevel,race1,race2,race3,race4,race5,helmet,helmetmisuse,nmdistract1,nmdistract2,nmdistract3,nmdistract4,nmdistract5,nmdistract6,lab,isedtcase,crf1,crf2,crf3,CoRoadName,CoMP,IntCoRoadName,IntCoMP
2019,266,634245,248,08-03-2019,00:17,3,8,Aug,,33,King,1830,1,0,3,1,2,1,0,3,2,,,,12,0,1,Front-to-Rear,24.6,8,0,1,No intersection,3,2,1,3,0,0,0,0,SR-169,,-122.1867444,47.47766389,98057,0,1,28,Others,52,3,40,4,0,0,1,7,12,1,1,2,1,1,Going Straight,2,1,53,,0,71,706,2011,0,0,12,,,,,,1,1,22,1,7,,4,7,20,7,11,0,12-05-2019,17:46,53053886,53886,0,0,0,2,1,0,0,0,0,96,,,,,,99,,,,,,98001,53,70,160,6,1,1,4,2,2,,0,,,,,,0,11-15-2017,04-15-2019,20,8,0,0,0,9,8,,,0,0,0,8,9,2,605,,,1,,,2,1,0,,,,,,,,,,,,,,,,,,,,,,,,,,,,,,0,0,0,1,0,0,1,1,1,0,0,0,0,0,1,0,0,0,1,0,0,0,0,1,1,0,0,0,1,1,0,0,0,0,1,0,0,0,0,0,0,0,1,1,0,0,0,0,0,0,1,0,,,,,,21-25,16-25,County road,U,Thursday,,MC,White,1,0,0,0,County Road,County Sheriff,King County Police,0,0,1,0,0,thc,1.8,,,,1,0,2,,,,,,,,,,,0,0,0,1,,,,,19,0,,,,,,,,,,,,,,,
2018,266,633468,26,08-05-2018,13:18,5,8,Aug,0,35,Kitsap,0,1,0,1,1,7,1,0,1,1,,,,32,0,0,No vehicle,5.4,1,0,1,No intersection,5,1,2,4,0,0,0,0,CR-SEABECK HOLLY RD NW,,-122.8875278,47.57308889,98380,0,1,6,Drive off road,12,2,25,3,0,0,1,7,42,2,1,2,1,14,Making a U turn,1,1,53,,0,49,40,1997,0,0,12,,,,,,1,1,23,1,0,,0,0,3,0,11,0,,,,,6,0,0,3,1,10,38,0,0,96,,,,,,0,,,,,,98001,53,68,140,6,1,0,0,1,1,,97,,,,,,0,03-15-2015,08-15-2015,1,0,0,0,8,9,8,,,0,0,0,8,0,8,95,,,96,,,8,95,995,,,,,,,,,,,,,,,,,,,,,,,,,,,,,,0,0,0,1,0,0,1,1,1,0,0,0,0,0,1,0,0,0,1,0,0,0,0,1,1,0,0,0,1,1,0,0,0,0,0,,0,0,0,0,0,0,0,0,0,0,1,0,0,0,0,0,,,,,,21-25,16-25,County road,U,Thursday,Belt Used,PV,Not Fatal,1,0,0,0,County Road,County Sheriff,King County Police,0,0,1,0,0,,,,,,0,0,0,,,,,,,,,,,0,0,0,0,,,,,20,7,,,,,,,,,,,,,,,
2017,266,632705,25,07-27-2017,19:13,27,7,July,0,33,King,0,1,0,1,1,2,1,0,1,1,,,,1,0,0,No vehicle,3.5,1,0,1,No intersection,5,1,2,4,0,0,0,0,CR-244TH AVE SE,,-122.0162222,47.22753056,98022,0,1,7,Control/Traction Loss,6,1,35,4,0,0,1,5,1,1,1,2,1,1,Going Straight,1,1,53,,0,20,404,2014,0,0,63,69,68,68,63,1,1,1,70,2,7,,4,7,3,0,11,0,11/29/2019,19:30,53052462,52462,0,0,3,2,1,0,0,0,0,92,,,,,,0,,,,,,99155,53,64,195,3,1,0,0,0,0,,0,,,,,,0,,,8,0,0,0,0,9,8,,,0,0,0,8,0,8,95,,,96,,,8,95,995,,,,,,,,,,,,,,,,,,,,,,,,,,,,,,0,0,0,0,0,0,0,0,0,0,0,0,0,1,0,0,1,0,0,0,0,0,0,0,0,1,1,0,0,1,0,0,0,0,0,,1,0,0,0,0,0,0,0,1,0,0,1,0,0,0,0,,,,,,66-70,66-75,State route,R,Friday,Belt Used,PV,AIAN,0,1,0,0,State Route,State Patrol,Washington State Patrol,1,1,0,0,0,,,,,,0,0,0,,,,,,,,,,,98,98,98,3,,,,,20,7,,,,,,,,,,,,,,,
2021,266,635766,277,08-02-2021,14:20,2,8,Aug,,63,Spokane,2110,1,,1,1,2,1,0,2,2,,,,12,0,6,Angle,0,2,0,2,4 Way,3,2,4,6,0,0,0,0,W AIRPORT DR,S Spotted Rd,-117.5184028,47.63730556,99224,0,2,86,Others,66,4,50,34,0,0,1,8,12,1,1,4,1,1,Going Straight,1,9,99,,0,63,401,2011,0,0,8,,,,,,1,1,30,1,0,,0,0,3,0,11,0,,,,,0,0,3,3,1,38,0,0,0,9,,,,,,0,,,,,,98007,53,72,183,6,1,0,0,0,1,,97,,,,,,0,07-15-2016,07-15-2016,20,0,0,0,8,3,2,,,0,0,0,0,1,0,0,,,0,,,0,0,996,,,,,,,,,,,,,,,,,,,,,,,,,,,,,,0,0,0,0,1,0,0,0,0,0,0,0,0,0,0,0,1,0,1,0,0,0,0,0,0,0,0,0,0,1,0,1,0,0,0,,0,0,0,0,0,0,0,0,1,0,1,0,0,0,0,1,,,,,,26-30,26-35,City street,U,Sunday,Belt Used,PV,Not Fatal,0,0,0,0,City Street,Municipal/City Police,Bellevue Police Department,0,0,0,1,0,,,,,,0,0,0,,,,,,,,,,,98,98,98,0,,,,,20,7,,,,,,,,,,,,,,,
2021,267,635769,2,07-30-2021,15:41,30,7,July,,29,Island,0,1,,1,1,2,1,0,3,2,,,,12,0,6,Angle,,8,0,1,No intersection,5,1,2,4,0,0,0,0,CR-ENGLE RD,,-122.6861583,48.1988,98239,0,2,98,Others,60,4,35,34,0,0,1,2,12,1,1,2,1,11,Turning Red: Permitted on red,1,2,53,,0,35,43,2017,0,0,63,42,,,,,1,1,47,1,7,,4,7,20,7,11,0,12-06-2019,17:52,53056041,56041,0,0,3,3,1,0,0,0,0,92,,,,,,9,,,,,,98260,53,70,188,6,1,0,2,1,4,,0,,,,,,0,02-15-2015,10-15-2019,8,0,0,0,0,9,8,,,0,0,0,1,1,2,155,,,1,,,2,1,0,,,,,,,,,,,,,,,,,,,,,,,,,,,,,,0,0,1,0,1,0,1,1,0,0,0,0,0,0,0,0,1,0,0,1,0,0,0,0,0,0,0,0,0,1,0,0,0,1,0,,1,0,0,0,0,0,1,1,1,0,0,0,0,0,1,1,,,,,,46-50,46-55,County road,R,Friday,Not Used,PV,White,0,1,0,0,County Road,State Patrol,Washington State Patrol,1,0,1,0,0,,,,,,0,0,2,,,,,,,,,,,98,98,98,1,,,,,20,7,,,,,,,,,,,,,,,
2021,267,635768,2,07-30-2021,15:41,30,7,July,,29,Island,0,1,,1,1,2,1,0,3,2,,,,12,0,6,Angle,,8,0,1,No intersection,5,1,2,4,0,0,0,0,CR-ENGLE RD,,-122.6861583,48.1988,98239,0,1,98,Others,52,3,35,80,0,0,1,2,12,1,1,2,1,6,Others,2,1,53,,0,23,481,2005,0,0,12,,,,,,1,1,51,2,0,,0,0,3,0,11,0,,,,,0,0,0,3,1,0,0,0,0,96,,,,,,0,,,,,,98814,53,62,165,6,1,0,0,0,0,,0,,,,,,0,,,20,0,0,0,8,9,8,,,0,0,0,8,0,8,95,,,96,,,8,95,995,,,,,,,,,,,,,,,,,,,,,,,,,,,,,,0,0,0,0,0,0,1,1,0,0,0,0,0,0,0,0,0,0,0,0,0,0,0,0,0,0,0,0,0,1,0,0,0,0,0,,0,0,0,0,0,0,0,0,0,0,0,0,0,0,0,0,,,,,,51-55,46-55,State route,R,Sunday,Belt Used,PV,Not Fatal,0,0,0,1,State Route,State Patrol,Washington State Patrol,0,1,0,0,0,,,,,,0,0,0,,,,,,,,,,,98,98,98,0,,,,,20,7,,,,,,,,,,,,,,,
2020,267,634947,2,08-05-2020,12:09,5,8,Aug,,57,Skagit,0,1,,1,1,1,2,0,2,2,,,,12,0,2,Front-to-Front,50.8,1,0,1,No intersection,2,2,1,3,0,0,0,0,SR-20,,-122.5137222,48.45450833,98273,0,2,52,Others,54,3,55,14,0,0,1,2,12,1,2,2,3,1,Going Straight,1,1,53,,0,12,401,2002,0,0,68,12,,,,,1,1,38,1,7,,4,7,3,0,11,0,10/27/2019,14:56,53047982,47982,0,0,0,3,1,28,0,0,0,96,,,,,,99,,,,,,98814,53,76,185,6,1,0,1,1,0,,0,,,,,,0,03-15-2018,04-15-2019,8,0,0,0,0,9,8,,,0,0,0,8,9,2,401,417,128,1,1,1,2,1,0,,,,,,,,,,,,,,,,,,,,,,,,,,,,,,0,0,0,0,0,0,1,1,0,0,0,0,0,0,0,0,0,0,0,0,0,0,0,0,0,0,0,0,0,1,0,0,0,0,0,,1,0,0,0,0,0,1,1,0,0,0,0,0,0,1,0,,,,,,36-40,36-45,State route,R,Sunday,Belt Used,PV,White,0,0,0,1,State Route,State Patrol,Washington State Patrol,0,1,0,0,0,,,,,,0,0,1,1,1,,,,177,996,,,,98,98,98,1,,,,,20,7,,,,,,,,,,,,,,,
2020,267,634946,2,08-05-2020,12:09,5,8,Aug,,57,Skagit,0,1,,1,1,1,2,0,2,2,,,,12,0,2,Front-to-Front,50.8,1,0,1,No intersection,2,2,1,3,0,0,0,0,SR-20,,-122.5137222,48.45450833,98273,0,1,52,Others,54,3,55,14,0,0,1,2,12,1,2,2,3,1,Going Straight,1,1,53,,0,12,402,2005,0,0,12,,,,,,1,1,69,2,1,,4,7,3,0,11,0,12-07-2019,20:50,53054322,54322,0,0,0,3,1,0,0,0,0,96,,,,,,99,,,,,,98444,53,60,130,6,1,0,0,0,0,,0,,,,,,0,,,20,0,0,0,0,9,8,,,0,0,0,8,9,2,1,,,1,,,2,1,0,,,,,,,,,,,,,,,,,,,,,,,,,,,,,,0,0,0,1,0,0,0,0,0,0,0,0,0,0,0,0,0,0,0,0,0,0,0,0,0,1,0,0,0,1,0,0,0,0,0,,1,0,0,0,0,0,0,0,0,0,0,0,0,0,0,0,,,,,,66-70,66-75,County road,U,Saturday,Belt Used,PV,Hispanic,1,0,0,0,County Road,County Sheriff,Law Enforcement Support Agency,0,0,1,0,0,,,,,,0,0,0,,,,,,,,,,,98,98,98,1,,,,,20,7,,,,,,,,,,,,,,,
2019,267,634249,3,08-03-2019,18:12,3,8,Aug,,53,Pierce,2230,1,0,1,1,2,1,0,4,3,,,,12,0,98,Other,0.1,1,0,1,No intersection,1,2,1,1,0,0,0,0,I-5,,-122.4269722,47.23494722,98418,0,3,98,Others,62,4,60,4,0,0,1,2,12,1,1,4,3,1,Going Straight,2,1,53,,0,12,461,1996,0,0,12,,,,,,1,1,30,1,0,,9,0,99,7,11,8,,,,,0,0,3,3,1,39,0,0,0,96,,,,,,99,,,,,,98387,53,72,180,6,1,0,1,1,0,,97,,,,,,0,01-15-2015,03-15-2015,20,0,0,0,8,9,8,,,0,0,0,8,9,8,95,,,96,,,8,95,995,,,,,,,,,,,,,,,,,,,,,,,,,,,,,,0,0,0,1,0,0,0,0,0,0,0,0,0,0,0,0,0,0,0,0,0,0,0,0,0,1,0,0,0,1,0,0,0,0,0,,0,0,0,0,0,0,0,0,0,0,0,0,0,0,0,0,,,,,,26-30,26-35,County road,U,Saturday,Unknown,PV,Not Fatal,1,0,0,0,County Road,County Sheriff,Law Enforcement Support Agency,0,0,1,0,0,,,,,,0,0,1,,,,,,,,,,,0,0,0,0,,,,,20,7,,,,,,,,,,,,,,,
2019,267,634248,3,08-03-2019,18:12,3,8,Aug,,53,Pierce,2230,1,0,1,1,2,1,0,4,3,,,,12,0,98,Other,0.1,1,0,1,No intersection,1,2,1,1,0,0,0,0,I-5,,-122.4269722,47.23494722,98418,0,2,98,Others,98,7,60,80,0,0,1,2,12,1,1,2,2,98,Others,1,1,53,,0,49,401,2010,0,0,12,,,,,,1,1,44,2,0,,1,0,3,0,11,4,,,,,0,0,0,3,1,0,0,0,0,96,,,,,,0,,,,,,98524,53,64,125,6,1,0,0,0,0,,0,,,,,,0,,,8,0,0,0,8,9,8,,,0,0,0,8,0,8,95,,,96,,,8,95,995,,,,,,,,,,,,,,,,,,,,,,,,,,,,,,0,0,0,0,0,0,1,1,1,0,0,0,0,1,0,0,1,0,0,0,0,0,0,0,0,0,0,0,0,1,0,0,0,0,0,,0,0,0,0,0,0,0,0,0,0,0,0,0,0,0,0,,,,,,41-45,36-45,State route,R,Friday,Belt Used,PV,Not Fatal,0,1,1,0,State Route,State Patrol,Washington State Patrol,0,1,0,0,0,,,,,,0,0,0,,,,,,,,,,,98,98,98,0,,,,,20,7,,,,,,,,,,,,,,,
2019,267,634247,3,08-03-2019,18:12,3,8,Aug,,53,Pierce,2230,1,0,1,1,2,1,0,4,3,,,,12,0,98,Other,0.1,1,0,1,No intersection,1,2,1,1,0,0,0,0,I-5,,-122.4269722,47.23494722,98418,0,1,98,Others,12,2,60,20,0,0,1,2,12,1,1,2,2,15,Others,1,2,53,,0,13,1,1996,0,0,68,12,,,,,1,1,48,2,7,,4,7,3,0,11,0,11/29/2019,19:40,53053246,53246,0,0,0,2,1,28,0,0,0,93,,,,,,99,,,,,,98349,53,62,124,1,1,0,0,1,3,,0,,,,,,0,08-15-2017,08-15-2019,8,0,0,0,0,9,8,,,0,0,0,8,9,2,321,351,300,1,1,1,2,1,0,,,,,,,,,,,,,,,,,,,,,,,,,,,,,,0,0,0,0,0,0,1,1,1,0,0,0,0,1,0,0,1,0,0,0,0,0,0,0,0,0,0,0,0,1,0,0,0,0,0,,1,0,0,0,0,0,1,1,1,0,0,1,0,0,1,0,,,,,,46-50,46-55,State route,R,Friday,Belt Used,PV,White,0,1,1,0,State Route,State Patrol,Washington State Patrol,0,1,0,0,0,thc,9.2,carboxy-thc,5.7,,0,0,1,1,1,1,,,189,188,695,605,151,0,0,0,1,,,,,20,7,,,,,,,nms,,,,,,,,
2018,267,633469,1,07-29-2018,23:22,29,7,July,0,5,Benton,1020,1,0,3,1,2,1,0,1,1,23:28,23:32,,31,0,0,No vehicle,17.9,3,0,4,Y Intersection,3,2,1,2,0,0,0,0,US-397,COLUMBIA DR,-119.1073139,46.212325,99336,0,1,1,Driver Off Road,13,2,35,4,0,0,1,2,42,1,2,3,1,1,Going Straight,1,2,53,,0,49,482,2012,0,0,8,,,,,,1,1,49,1,0,,0,0,3,0,11,0,,,,,0,0,0,3,1,0,0,0,0,96,,,,,,0,,,,,,98546,53,69,198,6,1,0,2,0,0,,0,,,,,,0,12-15-2015,12-15-2015,20,0,0,0,8,9,8,,,0,0,0,8,0,8,95,,,96,,,8,95,995,,,,,,,,,,,,,,,,,,,,,,,,,,,,,,0,0,0,0,0,0,0,0,0,1,1,1,0,0,0,0,0,0,0,0,0,0,0,0,0,0,0,0,0,1,0,1,0,0,0,,0,0,0,0,0,0,0,0,0,0,0,0,0,0,0,0,,,,,,46-50,46-55,US highway,R,Sunday,Belt Used,PV,Not Fatal,0,0,0,0,State Route,State Patrol,Washington State Patrol,0,1,0,0,0,,,,,,0,0,0,,,,,,,,,,,98,98,98,0,,,,,20,7,,,,,,,,,,,,,,,
2017,267,632694,35,07-26-2017,17:35,26,7,July,0,53,Pierce,0,1,0,1,1,2,1,0,2,2,,,,12,0,6,Angle,0.9,2,0,3,T Intersection,4,2,2,4,0,0,20,3,CR-GEM HEIGHTS,176RD ST CT E,-122.3048694,47.09855833,98375,0,2,82,Turn Into Opp Direction(Turning Left),15,2,35,6,0,0,1,2,12,1,1,2,1,11,Turning Red: Permitted on red,1,2,53,,0,35,47,2009,0,0,8,,,,,,1,1,19,1,0,,0,0,99,7,11,0,,,,,0,0,0,0,1,0,0,0,0,96,,,,,,0,,,,,,98003,53,66,120,0,0,0,0,0,0,,72,,,,,,0,,,99,0,0,0,8,9,8,,,0,0,0,8,0,8,95,,,96,,,8,95,995,,,,,,,,,,,,,,,,,,,,,,,,,,,,,,0,0,0,0,0,0,0,0,0,0,0,0,0,1,0,0,0,0,0,0,0,1,1,0,1,0,0,0,0,1,0,1,0,0,0,,0,0,0,0,0,0,0,0,0,0,0,1,0,0,0,0,,,,,,18-20,16-25,City street,U,Wednesday,Unknown,PV,Not Fatal,0,0,0,0,City Street,Municipal/City Police,Kent Police Department,0,0,0,1,0,,,,,,0,0,0,,,,,,,,,,,98,98,98,0,,,,,20,7,,,,,,,,,,,,,,,
2017,267,632693,35,07-26-2017,17:35,26,7,July,0,53,Pierce,0,1,0,1,1,2,1,0,2,2,,,,12,0,6,Angle,0.9,2,0,3,T Intersection,4,2,2,4,0,0,0,0,CR-GEM HEIGHTS,176RD ST CT E,-122.3048694,47.09855833,98375,0,1,83,Others,67,4,35,80,0,0,1,2,12,1,1,2,1,1,Going Straight,1,2,53,,0,35,43,2000,0,0,68,64,67,31,1,,1,1,19,1,1,,4,7,20,7,11,0,11/28/2019,23:50,53052248,52248,0,0,0,0,1,0,0,0,0,96,,,,,,9,,,,,,98932,53,70,135,3,7,0,5,0,0,,0,,,,,,3,07-15-2016,09-15-2018,8,1,9,0,0,9,8,,,0,0,0,8,1,2,695,605,,1,1,,2,1,0.22,,,,,,,,,,,,,,,,,,,,,,,,,,,,,,0,0,1,0,1,1,1,1,1,0,0,0,1,1,0,0,0,0,0,1,0,1,1,0,1,0,0,0,0,1,0,0,0,1,0,,1,0,0,0,0,1,1,1,0,1,0,1,0,0,0,1,,,,,,18-20,16-25,County road,R,Thursday,Not Used,PV,Hispanic,0,1,0,0,County Road,County Sheriff,Yakima County Sheriff's Office,1,0,1,0,0,thc,5.6,carboxy-thc,17,,0,0,0,,,,,,,,,,,98,98,98,298,,,,,20,7,,,,,,,,,,,,,,,
2019,268,634251,1,08-01-2019,18:53,1,8,Aug,,5,Benton,0,1,0,1,1,2,1,0,2,2,,,,12,0,2,Front-to-Front,180.2,1,0,1,No intersection,4,1,1,3,0,0,0,0,SR-14,,-119.3449639,45.94404167,99346,0,2,50,Lateral Move(Left/Right),10,2,55,4,0,0,1,2,12,1,1,2,1,1,Going Straight,1,1,41,,0,37,39,2013,0,0,64,42,,,,,1,1,41,2,7,,4,7,20,7,11,0,11/24/2019,09:55,73553053127,53127,0,0,0,2,1,37,50,0,0,96,,,,,,99,,,,,,98422,53,67,190,1,1,0,0,0,1,,0,,,,,,4,11-15-2015,11-15-2015,8,0,0,0,0,9,8,,,0,0,0,8,9,2,1,,,1,,,2,1,0,,,,,,,,,,,,,,,,,,,,,,,,,,,,,,0,0,0,0,0,0,0,0,0,0,0,0,1,1,0,0,0,0,0,1,0,0,0,0,0,0,0,0,0,1,0,0,0,1,0,,1,0,0,0,0,0,0,0,0,1,0,1,0,0,0,0,,,,,,41-45,36-45,City street,U,Sunday,Not Used,PV,White,0,0,0,1,City Street,State Patrol,Washington State Patrol,0,0,0,1,0,,,,,,0,0,1,,,,,,,,,,,98,98,98,1,,,,,20,7,,,,,,,,,,,,,,,
2019,268,634250,1,08-01-2019,18:53,1,8,Aug,,5,Benton,0,1,0,1,1,2,1,0,2,2,,,,12,0,2,Front-to-Front,180.2,1,0,1,No intersection,4,1,1,3,0,0,0,0,SR-14,,-119.3449639,45.94404167,99346,0,1,51,Lateral Move(Going Straight),62,4,55,80,0,0,1,2,12,1,1,2,1,1,Going Straight,1,1,41,,0,20,471,1987,0,0,8,,,,,,1,1,25,1,0,,0,0,3,0,11,0,,,,,6,0,0,3,1,0,0,0,0,96,,,,,,0,,,,,,98233,53,73,200,6,1,0,0,0,0,,0,,,,,,0,,,20,0,0,0,8,9,8,,,0,0,0,8,0,8,95,,,96,,,8,95,995,,,,,,,,,,,,,,,,,,,,,,,,,,,,,,0,0,0,0,0,0,0,0,0,1,0,1,0,1,0,0,0,0,0,0,0,0,0,1,1,0,0,0,0,1,0,1,0,0,0,,0,0,0,0,0,0,0,0,0,0,0,0,0,0,0,0,,,,,,21-25,16-25,State route,U,Thursday,Belt Used,PV,Not Fatal,0,0,0,0,State Route,State Patrol,Washington State Patrol,0,1,0,0,0,,,,,,0,0,0,,,,,,,,,,,0,0,0,0,,,,,20,7,,,,,,,,,,,,,,,
2021,268,635770,330,07-18-2021,20:00,18,7,July,,77,Yakima,2590,1,,1,1,2,1,1,1,1,,,,9,0,0,No vehicle,0,1,0,1,No intersection,3,2,4,6,0,0,0,0,N 5TH AVE,,-120.5185472,46.60945,98902,0,1,13,Pedestrian/Animal,83,5,30,34,0,0,1,2,9,1,1,3,5,1,Going Straight,1,2,53,,0,35,47,2013,0,0,8,,,,,,1,1,41,2,0,,0,0,3,0,11,0,,,,,0,0,0,2,1,0,0,0,0,96,,,,,,0,,,,,,98203,53,58,145,1,1,0,0,0,0,,0,,,,,,0,,,20,0,0,0,8,9,8,,,0,0,0,8,0,8,95,,,96,,,8,95,995,,,,,,,,,,,,,,,,,,,,,,,,,,,,,,0,0,0,0,0,0,0,0,0,1,0,1,0,1,0,0,0,0,0,0,0,0,0,1,1,0,0,0,0,1,0,1,0,0,0,,0,0,0,0,0,0,0,0,0,0,0,1,0,0,0,0,,,,,,41-45,36-45,State route,U,Thursday,Belt Used,PV,Not Fatal,0,0,0,0,State Route,State Patrol,Washington State Patrol,0,1,0,0,0,,,,,,0,0,0,,,,,,,,,,,98,98,98,0,,,,,20,7,,,,,,,,,,,,,,,
2020,268,634950,25,08-04-2020,19:09,4,8,Aug,,33,King,0,1,,1,1,2,1,0,8,3,19:14,19:19,20:39,12,0,2,Front-to-Front,7.1,1,0,1,No intersection,5,2,2,4,0,0,0,0,CR-KENT BLACK DIAMOND R,,-122.1245639,47.33681667,98042,0,3,98,Others,62,4,40,34,0,0,1,2,12,1,2,2,1,1,Going Straight,4,1,53,,0,52,46,2012,0,0,8,,,,,,1,1,25,1,0,,0,0,3,0,11,0,,,,,0,0,0,3,1,0,0,0,0,96,,,,,,0,,,,,,98087,53,74,180,6,1,0,1,1,5,,0,,,,,,0,11-15-2016,02-15-2019,20,0,0,0,8,9,8,,,0,0,0,8,0,8,95,,,96,,,8,95,995,,,,,,,,,,,,,,,,,,,,,,,,,,,,,,0,0,0,0,0,0,0,0,0,1,0,1,0,1,0,0,0,0,0,0,0,0,0,1,1,0,0,0,0,1,0,1,0,0,0,,0,0,0,0,0,0,0,0,0,0,0,0,0,0,0,0,,,,,,21-25,16-25,State route,U,Thursday,Belt Used,PV,Not Fatal,0,0,0,0,State Route,State Patrol,Washington State Patrol,0,1,0,0,0,,,,,,0,0,1,,,,,,,,,,,98,98,98,0,,,,,20,7,,,,,,,,,,,,,,,
2020,268,634949,25,08-04-2020,19:09,4,8,Aug,,33,King,0,1,,1,1,2,1,0,8,3,19:14,19:19,20:39,12,0,2,Front-to-Front,7.1,1,0,1,No intersection,5,2,2,4,0,0,0,0,CR-KENT BLACK DIAMOND R,,-122.1245639,47.33681667,98042,0,2,51,Lateral Move(Going Straight),62,4,40,14,0,0,1,2,12,1,2,2,1,1,Going Straight,3,2,53,,0,85,881,2015,0,0,12,,,,,,1,1,63,1,0,,0,0,3,0,11,0,,,,,6,1,0,3,1,38,0,0,0,96,,,,,,0,,,,,,98223,53,69,190,6,1,0,0,0,0,,97,,,,,,0,,,20,0,0,0,8,9,8,,,0,0,0,8,0,8,95,,,96,,,8,95,995,,,,,,,,,,,,,,,,,,,,,,,,,,,,,,0,0,0,1,0,0,1,1,0,0,0,0,1,0,0,0,0,0,1,0,0,0,0,0,0,0,0,0,0,1,1,0,0,0,0,,0,0,0,0,0,0,0,0,0,0,1,0,0,0,0,0,,,,,,61-65,56-65,County road,U,Tuesday,,MHTRUCK,Not Fatal,1,0,0,0,County Road,State Patrol,Washington State Patrol,0,0,1,0,0,,,,,,0,0,0,,,,,,,,,,,98,98,98,0,,,,,20,7,,,,,,,,,,,,,,,
2020,268,634948,25,08-04-2020,19:09,4,8,Aug,,33,King,0,1,,1,1,2,1,0,8,3,19:14,19:19,20:39,12,0,2,Front-to-Front,7.1,1,0,1,No intersection,5,2,2,4,0,0,0,0,CR-KENT BLACK DIAMOND R,,-122.1245639,47.33681667,98042,0,1,50,Lateral Move(Left/Right),10,2,40,34,0,0,1,2,12,1,2,2,1,1,Going Straight,1,2,53,,0,20,16,2001,0,0,12,,,,,,1,1,43,1,7,,4,7,3,0,11,0,11/19/2019,15:43,53051473,51473,0,0,0,3,1,0,0,0,0,96,,,,,,99,,,,,,98277,53,71,200,6,1,0,1,1,0,,0,,,,,,4,10-15-2015,06-15-2017,8,0,0,0,0,9,8,,,0,0,0,8,9,2,996,996,,1,1,,2,1,0,,,,,,,,,,,,,,,,,,,,,,,,,,,,,,0,0,0,1,0,0,1,1,0,0,0,0,1,0,0,0,0,0,1,0,0,0,0,0,0,0,0,0,0,1,1,0,0,0,0,,1,0,0,0,0,0,1,1,0,1,0,0,0,0,1,0,,,,,,41-45,36-45,County road,U,Tuesday,Belt Used,PV,White,1,0,0,0,County Road,State Patrol,Washington State Patrol,0,0,1,0,0,,,,,,0,0,1,,,,,,,,,,,98,98,98,1,,,,,20,7,,,,,,,,,,,,,,,