year,something,Cases,repjur,crash_dt,crash_tm,accday,Month,Month,holiday,county,co_char,city,weather,weather2,lightcond,surfcond,surftype,Number of Fatalities,nmforms,pforms,vforms,not_tm,arr_tm,hosp_tm,fhevent,hitrun,Manner of Collision,Manner of Collision,milepnt,reljunc,reljuncinter,intersectiontype,Intersection Type,funcsystem,landuse,ownership,route,schlbus,spejur,contdev,devfunc,trafid1,trafid2,x,y,zipcode,wk_zone,vnumber,crashtype,Crash Type,criticalevent,criticaleventcat,spdlim,body,trailer,emerg,hazcargo,leave,mhevent,roadalgn,roadprof,traflane,trafflow,Vehicle Manure,Vehicle Manure,numoccs,regowner,regstate,,spuse,make,model,modelyr,vrf1,vrf2,seqevent1,seqevent2,seqevent3,seqevent4,seqevent5,seqevent6,pnumber,ptype,age,sex,hispanic,race,injury,diedscene,restraint,restraintmisuse,seatpos,takehosp,death_dt,death_tm,cert,cernum_wa,commlic,licendor,licrestrict,liccomp,drivpres,drf1,drf2,drf3,drf4,distract1,distract2,distract3,distract4,distract5,distract6,dricond1,dricond2,dricond3,dricond4,dricond5,dricond6,dzip,licstate,drhgt_in,weight,noncdl,noncdltype,prevdwi,prevoth,prevacc,prevspd,prevsus,driviol1,driviol2,driviol3,driviol4,driviol5,driviol6,spdrel,first_dt,last_dt,airbag,ejection,ejectpath,extricat,injurwrk,methalc,methdrug,nmlocat,strikveh,prf1,prf2,prf3,druginv,alcinvol,drugsts,drugres1,drugres2,drugres3,drugtst1,drugtst2,drugtst3,alcsts,alctst,alcres,nmact1,nmact2,nmact3,nmact4,nmact5,nmact6,nmprior1,nmprior2,nmprior3,nmprior4,nmprior5,nmprior6,nmcond1,nmcond2,nmcond3,nmcond4,nmcond5,nmcond6,nmsafe_helmet,nmsafe_pads,nmsafe_oth,nmprev_ref,nmprev_lgt,nmprev_oth,crashlocation,nmcrashtype,crosswalk,schoolzone,sidewalk,train_inv,wildlife_inv,rotr_fars,intersect_fars,Drink and Drive,aid_inv,Drug Positive Drivers,Impaired Drivers,Marijuana Positive,impnm_inv,ainm_inv,dpnm_inv,speed_inv,unlic_inv,unendmc_inv,drowsy_inv,drdist_inv,nmdist_inv,fty_inv,unrestfat_inv,dr1617_inv,dr1820_inv,dr1620_inv,dr2125_inv,dr1625_inv,dr65_inv,dr70_inv,dr75_inv,mc_inv,pv_inv,ht_inv,ped_inv,bike_inv,unrest_fat,mc_fat,unhelmet_mc,pv_fat,ht_fat,ped_fat,bike_fat,dr_alc7,dr_alc8,dr_drug,dr_imp,dr_dist,dr_spd,dr_fty,dr_unlic,dr_alc7only,dr_alc8only,dr_drugonly,dr_drink,nm_imp,nm_alc7,nm_alc8,nm_drug,nm_dist,agegrp1,agegrp2,roadclass,urbrur,dayweek,restuse,vehtype,race_me,intersect,lanedep,oppdir,wrongway,rep_typ,investag,repag_long,rotr,st_rd,cty_rd,city_rd,oth_rd,drug_thc,thc_res,drug_cthc,cthc_res,drug_cann,prevpersemin,prevperse,prevsusoth,drugtst4,drugtst5,drugtst6,drugtst7,drugtst8,drugres4,drugres5,drugres6,drugres7,drugres8,adspresent,adsengaged,adslevel,race1,race2,race3,race4,race5,helmet,helmetmisuse,nmdistract1,nmdistract2,nmdistract3,nmdistract4,nmdistract5,nmdistract6,lab,isedtcase,crf1,crf2,crf3,CoRoadName,CoMP,IntCoRoadName,IntCoMP
2018,268,633470,278,08-08-2018,17:55,8,8,Aug,0,63,Spokane,2110,1,0,1,1,2,1,1,1,1,17:56,18:05,,9,0,0,No vehicle,281.5,3,0,3,T Intersection,3,2,1,2,0,0,0,0,US-2,E PROVIDENCE,-117.4112861,47.69231667,99207,0,1,13,Pedestrian/Animal,83,5,30,14,0,0,1,7,9,1,1,6,2,1,Going Straight,1,1,53,,0,20,481,2008,0,0,12,,,,,,1,1,52,1,0,,2,0,3,0,11,5,,,,,0,0,0,3,1,0,0,0,0,96,,,,,,0,,,,,,98022,53,67,150,6,1,0,0,0,0,,0,,,,,,0,,,20,0,0,0,8,9,8,,,0,0,0,8,0,8,95,,,96,,,8,95,995,,,,,,,,,,,,,,,,,,,,,,,,,,,,,,0,0,0,1,0,0,0,0,0,0,0,0,0,0,0,0,0,0,1,0,0,0,0,0,0,1,1,1,0,1,0,0,0,0,0,,0,0,0,0,0,0,0,0,0,0,0,0,0,0,0,0,,,,,,51-55,46-55,State route,U,Friday,Belt Used,PV,Not Fatal,1,0,0,0,State Route,Municipal/City Police,Auburn Police Department,0,1,0,0,0,,,,,,0,0,0,,,,,,,,,,,98,98,98,0,,,,,20,7,,,,,,,,,,,,,,,
2017,268,632702,173,07-29-2017,12:30,29,7,July,0,53,Pierce,1124,1,0,1,1,2,1,0,2,2,,,,12,0,6,Angle,0,2,0,3,T Intersection,3,2,4,6,0,0,3,3,S TACOMA WAY,STELLACOOM BLVD SW,-122.4838167,47.17665,98499,0,2,82,Turn Into Opp Direction(Turning Left),66,4,35,5,0,0,1,5,12,1,2,6,1,11,Turning Red: Permitted on red,1,1,53,,0,63,34,2009,0,0,12,,,,,,1,1,86,2,0,,2,0,3,0,11,5,,,,,0,0,3,3,1,38,0,0,0,96,,,,,,99,,,,,,98022,53,62,160,6,1,0,0,0,0,,97,,,,,,0,,,20,0,0,0,8,9,8,,,0,0,0,8,9,8,95,,,96,,,8,95,995,,,,,,,,,,,,,,,,,,,,,,,,,,,,,,0,0,0,1,0,0,0,0,0,0,0,0,0,0,0,0,0,0,1,0,0,0,0,0,0,1,1,1,0,1,0,0,0,0,0,,0,0,0,0,0,0,0,0,0,0,1,0,0,0,0,0,,,,,,81+,76+,State route,U,Friday,Belt Used,PV,Not Fatal,1,0,0,0,State Route,Municipal/City Police,Auburn Police Department,0,1,0,0,0,,,,,,0,0,0,,,,,,,,,,,98,98,98,0,,,,,20,7,,,,,,,,,,,,,,,
2017,268,632701,173,07-29-2017,12:30,29,7,July,0,53,Pierce,1124,1,0,1,1,2,1,0,2,2,,,,12,0,6,Angle,0,2,0,3,T Intersection,3,2,4,6,0,0,3,3,S TACOMA WAY,STELLACOOM BLVD SW,-122.4838167,47.17665,98499,0,1,83,Others,17,2,35,80,0,0,1,2,12,1,2,5,1,1,Going Straight,1,2,53,,0,7,442,1994,0,0,68,64,24,1,,,1,1,32,1,7,,4,0,99,7,11,8,11/21/2019,06:17,69053052352,52352,0,0,0,0,1,0,0,0,0,96,,,,,,99,,,,,,98370,53,66,175,0,0,0,1,1,0,,0,,,,,,4,04-15-2019,04-15-2019,1,1,9,0,0,9,8,,,0,0,0,8,9,2,401,417,695,1,1,1,2,1,0,,,,,,,,,,,,,,,,,,,,,,,,,,,,,,0,0,1,0,0,0,1,1,1,0,0,0,1,1,0,0,0,0,0,0,0,0,0,0,0,0,0,0,0,1,0,0,0,0,0,,1,0,0,0,0,0,1,1,0,1,0,1,0,0,1,0,,,,,,31-35,26-35,State route,R,Thursday,Unknown,PV,White,0,1,0,0,State Route,State Patrol,Washington State Patrol,1,1,0,0,0,thc,2.2,carboxy-thc,11,,0,0,0,1,,,,,605,,,,,0,0,0,1,,,,,20,7,,,,,,,nms,,,,,,,,
2021,269,635771,39,08-03-2021,01:43,3,8,Aug,,61,Snohomish,0,1,,2,1,2,1,2,1,1,,,,8,0,0,No vehicle,0.3,1,0,1,No intersection,6,1,2,4,0,0,0,0,CR-13TH AVE W,,-122.2513278,47.84509722,98037,0,1,13,Pedestrian/Animal,80,5,35,34,0,0,1,5,8,1,1,2,1,1,Going Straight,1,2,53,,0,53,705,2003,0,0,12,68,64,14,,,1,1,25,1,7,,4,7,20,7,11,0,11/27/2019,16:32,53253053266,53266,0,0,3,2,1,0,0,0,0,92,,,,,,99,,,,,,98198,53,75,200,1,1,0,1,0,4,,0,,,,,,0,05-15-2016,07-15-2019,20,8,0,0,0,9,8,,,0,0,0,8,9,2,996,401,417,1,1,1,2,1,0.1,,,,,,,,,,,,,,,,,,,,,,,,,,,,,,0,0,0,1,1,1,1,1,1,0,0,0,0,1,1,0,1,0,1,0,0,0,0,1,1,1,1,0,1,1,0,0,0,0,1,0,0,0,0,0,0,1,1,1,1,0,0,1,0,0,0,1,,,,,,21-25,16-25,City street,U,Wednesday,,MC,White,1,0,0,0,City Street,Municipal/City Police,Des Moines Police Department,0,0,0,1,0,thc,4.1,carboxy-thc,6.7,,0,0,5,1,1,,,,695,605,,,,0,0,0,1,,,,,19,0,,,,,,,nms,,,,,,,,
2020,269,634954,2,07-26-2020,19:55,26,7,July,,29,Island,0,1,,1,1,2,1,0,2,2,19:42,19:49,20:06,12,0,2,Front-to-Front,10,1,0,1,No intersection,5,1,2,4,0,0,0,0,CR-SW CAMANO DR,,-122.5166306,48.16032778,98282,0,2,51,Lateral Move(Going Straight),62,4,50,20,0,0,1,2,12,3,1,2,1,14,Making a U turn,1,1,53,,0,20,473,2016,0,0,12,,,,,,1,1,73,1,0,,0,0,3,0,11,0,,,,,0,0,0,3,1,38,0,0,0,96,,,,,,99,,,,,,98148,53,69,220,6,1,0,0,0,0,,97,,,,,,0,,,99,0,0,0,8,9,8,,,0,0,0,8,9,8,95,,,96,,,8,95,995,,,,,,,,,,,,,,,,,,,,,,,,,,,,,,0,0,0,1,1,1,1,1,1,0,0,0,0,1,1,0,1,0,1,0,0,0,0,1,1,1,1,0,1,1,0,0,0,0,0,,0,0,0,0,0,0,0,0,0,0,1,0,0,0,0,0,,,,,,71-75,66-75,City street,U,Wednesday,Belt Used,PV,Not Fatal,1,0,0,0,City Street,Municipal/City Police,Des Moines Police Department,0,0,0,1,0,,,,,,0,0,0,,,,,,,,,,,98,98,98,0,,,,,20,7,,,,,,,,,,,,,,,
2020,269,634953,2,07-26-2020,19:55,26,7,July,,29,Island,0,1,,1,1,2,1,0,2,2,19:42,19:49,20:06,12,0,2,Front-to-Front,10,1,0,1,No intersection,5,1,2,4,0,0,0,0,CR-SW CAMANO DR,,-122.5166306,48.16032778,98282,0,1,50,Lateral Move(Left/Right),9,1,50,80,0,0,1,2,12,2,1,2,1,14,Making a U turn,1,1,53,,0,49,402,2009,0,0,63,31,38,19,14,,1,1,33,2,7,,4,7,20,7,11,0,11/16/2019,00:01,53051215,51215,0,0,0,3,1,0,0,0,0,96,,,,,,99,,,,,,98292,53,71,168,6,1,1,1,1,0,,0,,,,,,3,01-15-2017,01-15-2018,8,0,0,0,0,1,8,,,0,0,0,8,1,2,996,996,,1,1,,2,1,0.2,,,,,,,,,,,,,,,,,,,,,,,,,,,,,,0,0,1,0,1,1,1,1,0,0,0,0,1,0,0,0,0,0,0,1,0,0,0,0,0,0,0,0,0,1,0,0,0,1,0,,1,0,0,0,0,1,1,1,0,1,0,0,0,0,0,1,,,,,,31-35,26-35,State route,U,Saturday,Not Used,PV,White,0,1,0,0,State Route,State Patrol,Washington State Patrol,1,1,0,0,0,,,,,,0,1,1,,,,,,,,,,,98,98,98,1,,,,,20,7,,,,,,,,,,,,,,,
2019,269,634256,305,08-02-2019,13:55,2,8,Aug,,11,Clark,2370,1,0,1,1,2,1,0,6,5,,,,12,0,1,Front-to-Rear,0.3,3,1,2,4 Way,3,2,1,1,0,0,3,3,I-205 RAMP LX03111,FOURTH PLAIN BLVD,-122.5755111,45.65748889,98662,0,5,98,Others,98,7,35,14,0,0,1,7,12,1,2,5,1,5,Others,1,3,53,,0,59,403,2013,0,0,8,,,,,,1,1,76,1,0,,0,0,3,0,11,0,,,,,0,0,0,3,1,0,0,0,0,96,,,,,,0,,,,,,98053,53,72,230,6,1,0,0,0,0,,97,,,,,,0,,,20,0,0,0,8,9,8,,,0,0,0,8,0,8,95,,,96,,,8,95,995,,,,,,,,,,,,,,,,,,,,,,,,,,,,,,0,0,0,1,0,0,0,0,0,0,0,0,0,0,0,0,0,0,0,0,0,0,0,0,0,1,1,1,0,1,0,1,0,0,0,,0,0,0,0,0,0,0,0,0,0,0,0,0,0,0,0,,,,,,76-80,76+,City street,U,Wednesday,Belt Used,PV,Not Fatal,1,0,0,0,City Street,Municipal/City Police,Bellevue Police Department,0,0,0,1,0,,,,,,0,0,0,,,,,,,,,,,98,98,98,0,,,,,20,7,,,,,,,,,,,,,,,
2019,269,634255,305,08-02-2019,13:55,2,8,Aug,,11,Clark,2370,1,0,1,1,2,1,0,6,5,,,,12,0,1,Front-to-Rear,0.3,3,1,2,4 Way,3,2,1,1,0,0,3,3,I-205 RAMP LX03111,FOURTH PLAIN BLVD,-122.5755111,45.65748889,98662,0,4,98,Others,98,7,35,34,0,0,1,5,12,1,2,5,1,5,Others,2,1,53,,0,41,49,2005,0,0,68,64,14,,,,1,1,41,1,0,,9,0,99,7,11,0,,,,,0,0,0,0,1,0,0,0,0,93,,,,,,99,,,,,,99206,53,72,200,0,0,0,0,0,1,,97,,,,,,0,07-15-2016,07-15-2016,99,0,0,0,8,9,8,,,0,0,0,8,9,8,95,,,96,,,8,95,995,,,,,,,,,,,,,,,,,,,,,,,,,,,,,,0,0,0,1,0,0,0,0,0,0,0,0,0,1,0,0,1,0,0,0,0,0,0,0,0,0,0,0,0,1,1,0,0,0,0,,0,0,0,0,0,0,0,0,1,0,0,1,0,0,0,0,,,,,,41-45,36-45,City street,U,Sunday,Unknown,PV,Not Fatal,0,1,0,0,City Street,Municipal/City Police,Spokane Valley Police Department,1,0,0,1,0,,,,,,0,0,0,,,,,,,,,,,98,98,98,0,,,,,20,7,,,,,,,,,,,,,,,
2019,269,634254,305,08-02-2019,13:55,2,8,Aug,,11,Clark,2370,1,0,1,1,2,1,0,6,5,,,,12,0,1,Front-to-Rear,0.3,3,1,2,4 Way,3,2,1,1,0,0,3,3,I-205 RAMP LX03111,FOURTH PLAIN BLVD,-122.5755111,45.65748889,98662,0,3,98,Others,98,7,35,34,0,0,1,7,12,1,2,5,1,5,Others,1,1,53,,0,20,36,2002,0,0,8,,,,,,1,1,69,2,0,,0,0,3,0,11,0,,,,,0,0,3,3,1,0,0,0,0,96,,,,,,0,,,,,,98632,53,69,180,6,1,0,0,0,0,,0,,,,,,0,,,20,0,0,0,8,9,8,,,0,0,0,0,0,8,95,,,96,,,8,95,995,,,,,,,,,,,,,,,,,,,,,,,,,,,,,,0,0,0,0,0,0,0,0,0,1,1,0,0,0,0,0,0,1,0,0,0,0,0,0,0,1,0,0,0,1,0,1,0,0,0,,0,0,0,0,0,0,0,0,0,0,0,0,0,0,0,0,,,,,,66-70,66-75,City street,U,Friday,Belt Used,PV,Not Fatal,0,0,0,0,State Route,Municipal/City Police,Longview Police Department,0,1,0,0,0,,,,,,0,0,0,,,,,,,,,,,98,98,98,0,,,,,20,7,,,,,,,,,,,,,,,
2019,269,634253,305,08-02-2019,13:55,2,8,Aug,,11,Clark,2370,1,0,1,1,2,1,0,6,5,,,,12,0,1,Front-to-Rear,0.3,3,1,2,4 Way,3,2,1,1,0,0,3,3,I-205 RAMP LX03111,FOURTH PLAIN BLVD,-122.5755111,45.65748889,98662,0,2,21,Others,53,3,35,80,0,0,1,7,12,1,2,5,1,5,Others,1,1,53,,0,23,421,2000,0,0,68,64,34,,,,1,1,16,1,0,,0,0,3,0,11,0,,,,,0,0,0,3,1,0,0,0,0,0,,,,,,2,,,,,,98042,53,75,175,6,2,0,0,0,0,,0,,,,,,0,,,20,0,0,0,8,9,8,,,0,0,0,8,0,8,95,,,96,,,8,95,995,,,,,,,,,,,,,,,,,,,,,,,,,,,,,,0,0,1,0,0,0,0,0,0,0,0,0,0,0,0,1,0,0,0,0,1,0,1,0,1,0,0,0,0,1,0,0,0,0,0,,0,0,0,0,0,0,0,0,0,0,0,0,0,0,0,0,,,,,,16-17,16-25,County road,U,Friday,Belt Used,PV,Not Fatal,0,1,0,0,County Road,County Sheriff,King County Police,1,0,1,0,0,,,,,,0,0,0,,,,,,,,,,,98,98,98,0,,,,,20,7,,,,,,,,,,,,,,,
2019,269,634252,305,08-02-2019,13:55,2,8,Aug,,11,Clark,2370,1,0,1,1,2,1,0,6,5,,,,12,0,1,Front-to-Rear,0.3,3,1,2,4 Way,3,2,1,1,0,0,3,3,I-205 RAMP LX03111,FOURTH PLAIN BLVD,-122.5755111,45.65748889,98662,0,1,20,Others,50,3,35,4,0,0,1,7,12,1,2,5,1,1,Going Straight,1,1,53,,0,84,881,1993,0,0,12,,,,,,1,1,27,1,0,,0,0,3,0,11,0,,,,,0,0,0,3,1,0,0,0,0,96,,,,,,0,,,,,,98366,53,67,140,6,1,0,0,0,0,,0,,,,,,0,,,20,0,0,0,8,9,8,,,0,0,0,8,0,8,95,,,96,,,8,95,995,,,,,,,,,,,,,,,,,,,,,,,,,,,,,,0,0,0,0,0,0,0,0,0,0,0,0,0,0,0,0,0,0,0,0,0,0,0,0,0,0,0,0,0,1,1,0,0,0,0,,0,0,0,0,0,0,0,0,0,0,0,0,0,0,0,0,,,,,,26-30,26-35,County road,R,Friday,,MHTRUCK,Not Fatal,0,1,1,0,County Road,County Sheriff,Law Enforcement Support Agency,0,0,1,0,0,,,,,,0,0,0,,,,,,,,,,,0,0,0,0,,,,,20,7,,,,,,,,,,,,,,,
2018,269,633471,39,08-06-2018,14:55,6,8,Aug,0,61,Snohomish,0,1,0,1,8,7,2,0,2,1,,,,18,0,0,No vehicle,52,1,0,1,No intersection,5,2,4,6,0,0,0,0,CR-MOUNTAIN LOOP HWY,CLEAR CREEK RD,-121.596,48.24235278,98241,1,1,7,Control/Traction Loss,6,1,98,34,0,0,1,7,18,2,2,2,1,14,Making a U turn,2,2,53,,0,30,40,2015,0,0,68,68,68,12,,,1,1,42,1,7,,4,7,3,0,11,0,11/22/2019,05:54,53051608,51608,0,0,3,3,1,28,58,0,0,96,,,,,,99,,,,,,98360,53,70,190,6,1,0,0,0,0,,0,,,,,,0,,,2,0,0,0,0,9,8,,,0,0,0,8,9,2,1,,,1,,,2,1,0,,,,,,,,,,,,,,,,,,,,,,,,,,,,,,0,0,0,0,0,0,0,0,0,0,0,0,0,0,0,0,0,0,0,0,0,0,0,0,0,0,0,0,0,1,1,0,0,0,0,,1,0,0,0,0,0,0,0,0,0,0,0,0,0,0,0,,,,,,41-45,36-45,County road,R,Friday,Belt Used,PV,White,0,1,1,0,County Road,County Sheriff,Law Enforcement Support Agency,0,0,1,0,0,,,,,,0,0,0,,,,,,,,,,,98,98,98,1,,,,,20,7,,,,,,,,,,,,,,,
2017,269,632692,35,07-21-2017,20:28,21,7,July,0,53,Pierce,0,1,0,2,1,2,1,0,1,1,,,,42,0,0,No vehicle,8.5,1,0,1,No intersection,5,1,2,4,0,0,0,0,CR-KEY PENINSULA HWY,,-122.7620972,47.23209444,98349,0,1,6,Drive off road,12,2,45,4,0,0,1,2,30,2,1,2,1,14,Making a U turn,1,2,53,,0,23,481,1997,0,0,63,1,,,,,1,1,23,1,7,,4,7,99,7,11,0,11/21/2019,01:27,53052777,52777,0,0,0,3,1,0,0,0,0,93,,,,,,99,,,,,,99348,53,71,250,6,1,0,0,0,0,,0,,,,,,0,,,20,1,9,0,0,9,8,,,0,0,0,8,1,8,95,,,96,,,8,95,995,,,,,,,,,,,,,,,,,,,,,,,,,,,,,,0,0,1,0,1,0,0,0,0,0,0,0,0,0,0,0,1,0,0,0,0,0,0,1,1,0,0,0,0,1,0,0,0,0,0,,1,0,0,0,0,0,0,0,1,0,0,0,0,0,0,1,,,,,,21-25,16-25,County road,R,Thursday,Unknown,PV,White,0,1,0,0,County Road,County Sheriff,Walla Walla County Sheriff's Office,1,0,1,0,0,,,,,,0,0,0,,,,,,,,,,,0,0,0,1,,,,,20,7,,,,,,,,,,,,,,,
2021,270,635773,31,07-23-2021,04:00,23,7,July,,45,Mason,0,1,,2,1,7,1,0,1,1,,,,1,0,0,No vehicle,2.7,1,0,1,No intersection,5,2,2,4,0,0,0,0,CR-E JOHNS PRAIRIE RD,,-123.0665694,47.24766389,98555,0,1,98,Others,6,1,45,3,0,0,1,2,1,3,1,2,1,14,Making a U turn,1,1,53,,0,55,36,2002,0,0,68,68,63,1,42,,1,1,20,1,7,,4,7,3,0,11,0,11-11-2019,03:40,53049821,49821,0,0,0,3,1,0,0,0,0,96,,,,,,9,,,,,,98368,53,72,180,6,1,0,0,0,0,,0,,,,,,4,,,1,0,0,0,0,9,8,,,0,0,0,1,1,8,95,,,96,,,8,95,995,,,,,,,,,,,,,,,,,,,,,,,,,,,,,,0,0,0,0,1,0,0,0,0,0,0,0,1,0,0,0,0,0,0,1,0,1,1,0,1,0,0,0,0,1,0,0,0,0,0,,1,0,0,0,0,0,0,0,0,1,0,0,0,0,0,1,,,,,,18-20,16-25,State route,R,Monday,Belt Used,PV,White,0,1,0,0,State Route,State Patrol,Washington State Patrol,1,1,0,0,0,,,,,,0,0,0,,,,,,,,,,,98,98,98,1,,,,,20,7,,,,,,,,,,,,,,,
2020,270,634956,5,08-03-2020,01:45,3,8,Aug,,41,Lewis,0,1,,2,1,2,1,0,4,2,01:43,01:58,,12,0,6,Angle,78.4,2,0,2,4 Way,3,1,1,2,0,0,0,0,US-12,STOWELL RD,-122.6260667,46.53145833,98582,0,2,98,Others,98,7,55,66,2,0,1,2,12,2,2,2,1,14,Making a U turn,1,3,53,,0,49,32,1988,0,0,63,69,68,64,42,1,1,1,50,1,7,,4,7,20,7,11,0,11-10-2019,13:00,53051294,51294,0,0,0,3,1,58,0,0,0,96,,,,,,99,,,,,,98223,53,64,155,6,1,0,0,1,1,,0,,,,,,0,04-15-2015,08-15-2015,20,0,0,0,0,9,8,,,0,0,0,8,9,2,1,,,1,,,2,1,0.23,,,,,,,,,,,,,,,,,,,,,,,,,,,,,,0,0,1,0,1,1,0,1,0,0,0,0,0,0,0,0,0,0,0,1,0,0,0,0,0,0,0,0,0,1,0,0,0,1,0,,1,0,0,0,0,1,0,1,0,0,0,0,0,1,0,1,,,,,,46-50,46-55,County road,R,Sunday,Not Used,PV,White,0,1,0,0,County Road,County Sheriff,Snohomish County Sheriff's Office,1,0,1,0,0,,,,,,0,0,0,,,,,,,,,,,0,0,0,1,,,,,20,7,,,,,,,,,,,,,,,
2020,270,634955,5,08-03-2020,01:45,3,8,Aug,,41,Lewis,0,1,,2,1,2,1,0,4,2,01:43,01:58,,12,0,6,Angle,78.4,2,0,2,4 Way,3,1,1,2,0,0,0,0,US-12,STOWELL RD,-122.6260667,46.53145833,98582,0,1,98,Others,21,2,55,61,0,0,1,2,12,2,2,2,1,12,Others,3,3,53,,0,82,881,2017,0,0,8,,,,,,1,1,46,1,0,,0,0,3,0,11,0,,,,,6,1,0,3,1,0,0,0,0,96,,,,,,0,,,,,,95338,6,71,190,6,1,0,0,0,0,,0,,,,,,0,,,20,0,0,0,8,9,8,,,0,0,0,8,0,8,95,,,96,,,8,95,995,,,,,,,,,,,,,,,,,,,,,,,,,,,,,,0,0,0,0,0,0,0,0,0,1,1,1,0,0,0,0,0,0,0,0,0,0,0,0,0,0,0,0,0,0,1,1,0,0,0,,0,0,0,0,0,0,0,0,0,0,0,0,0,0,0,0,,,,,,46-50,46-55,Interstate,R,Wednesday,,MHTRUCK,Not Fatal,0,0,0,0,State Route,State Patrol,Washington State Patrol,0,1,0,0,0,,,,,,0,0,0,,,,,,,,,,,98,98,98,0,,,,,20,7,,,,,,,,,,,,,,,
2019,270,634257,2,07-25-2019,14:54,25,7,July,,73,Whatcom,740,1,0,1,1,1,1,0,1,1,,,,42,0,0,No vehicle,264.8,1,0,1,No intersection,1,2,1,1,0,0,0,0,I-5,,-122.5890889,48.87705556,98262,0,1,1,Driver Off Road,8,1,70,4,0,0,1,2,1,1,1,2,3,15,Others,1,1,53,,0,99,999,9999,0,0,8,,,,,,1,1,999,8,0,,0,0,99,7,11,0,,,,,99,9,9,9,1,0,0,0,0,96,,,,,,99,,,,,,99999,99,,999,9,9,99,99,99,99,,0,,,,,,0,,,99,0,0,0,8,9,8,,,0,0,0,8,9,8,95,,,96,,,8,95,995,,,,,,,,,,,,,,,,,,,,,,,,,,,,,,0,0,0,0,0,0,0,0,0,1,1,1,0,0,0,0,0,0,0,0,0,0,0,0,0,0,0,0,0,0,1,1,0,0,0,,0,0,0,0,0,0,0,0,0,0,0,0,0,0,0,0,,,,,,,,Interstate,R,Wednesday,,NR-U,Not Fatal,0,0,0,0,State Route,State Patrol,Washington State Patrol,0,1,0,0,0,,,,,,99,99,99,,,,,,,,,,,98,98,98,0,,,,,20,7,,,,,,,,,,,,,,,
2018,270,633472,1,08-03-2018,03:44,3,8,Aug,0,21,Franklin,0,1,0,2,1,2,1,0,2,1,,,,1,0,0,No vehicle,33.7,1,0,1,No intersection,3,1,1,2,0,0,0,0,US-395,,-119.0930417,46.31106667,,0,1,7,Control/Traction Loss,9,1,70,6,0,0,1,2,1,1,1,2,3,1,Going Straight,2,1,53,,0,52,398,2017,0,0,68,64,34,,,,1,1,87,2,7,,4,0,3,0,11,5,11/19/2019,12:04,11053051259,51259,99,9,9,9,1,0,0,0,0,96,,,,,,98,,,,,,0,95,,999,9,9,99,99,99,99,,0,,,,,,0,,,20,0,0,0,0,9,8,,,0,0,0,8,0,8,95,,,96,,,8,95,995,,,,,,,,,,,,,,,,,,,,,,,,,,,,,,0,0,1,0,0,0,0,0,0,0,0,0,0,0,0,0,0,0,0,0,0,0,0,0,0,1,1,1,0,1,0,0,0,0,0,,1,0,0,0,0,0,0,0,0,0,0,0,0,0,0,0,,,,,,81+,76+,County road,R,Monday,Belt Used,PV,Multiracial,0,1,0,0,County Road,State Patrol,Washington State Patrol,1,0,1,0,0,,,,,,99,99,99,,,,,,,,,,,98,98,98,203,298,,,,20,7,,,,,,,,,,,,,,,
2017,270,632697,8,07-28-2017,07:30,28,7,July,0,9,Clallam,0,1,0,1,1,2,1,0,2,2,,,,12,0,6,Angle,54.6,2,0,2,4 Way,5,1,1,3,0,0,0,0,SR-112,THOMPSON RD,-123.6669611,48.11908889,98363,0,2,88,Striking from the Left,66,4,55,66,1,0,1,5,12,1,1,2,1,1,Going Straight,1,3,53,,0,37,32,2003,0,0,63,59,25,,,,1,1,38,2,7,,4,7,20,7,11,0,11/14/2019,06:50,15053054063,54063,0,0,3,3,1,0,0,0,0,96,,,,,,9,,,,,,81416,8,69,190,6,1,0,0,0,0,,0,,,,,,4,,,8,0,0,0,0,9,8,,,0,0,0,1,9,2,996,996,996,1,1,1,2,1,0,,,,,,,,,,,,,,,,,,,,,,,,,,,,,,0,0,0,0,0,0,1,1,0,0,0,0,1,0,0,0,0,0,0,1,0,0,0,0,0,0,0,0,0,1,0,0,0,1,0,,1,0,0,0,0,0,1,1,0,1,0,0,0,0,1,0,,,,,,36-40,36-45,Interstate,U,Thursday,Not Used,PV,White,0,1,0,0,State Route,State Patrol,Washington State Patrol,1,1,0,0,0,,,,,,0,0,0,1,1,1,,,334,401,417,,,98,98,98,1,,,,,20,7,,,,,,,,,,,,,,,