year,something,Cases,repjur,crash_dt,crash_tm,accday,Month,Month,holiday,county,co_char,city,weather,weather2,lightcond,surfcond,surftype,Number of Fatalities,nmforms,pforms,vforms,not_tm,arr_tm,hosp_tm,fhevent,hitrun,Manner of Collision,Manner of Collision,milepnt,reljunc,reljuncinter,intersectiontype,Intersection Type,funcsystem,landuse,ownership,route,schlbus,spejur,contdev,devfunc,trafid1,trafid2,x,y,zipcode,wk_zone,vnumber,crashtype,Crash Type,criticalevent,criticaleventcat,spdlim,body,trailer,emerg,hazcargo,leave,mhevent,roadalgn,roadprof,traflane,trafflow,Vehicle Manure,Vehicle Manure,numoccs,regowner,regstate,,spuse,make,model,modelyr,vrf1,vrf2,seqevent1,seqevent2,seqevent3,seqevent4,seqevent5,seqevent6,pnumber,ptype,age,sex,hispanic,race,injury,diedscene,restraint,restraintmisuse,seatpos,takehosp,death_dt,death_tm,cert,cernum_wa,commlic,licendor,licrestrict,liccomp,drivpres,drf1,drf2,drf3,drf4,distract1,distract2,distract3,distract4,distract5,distract6,dricond1,dricond2,dricond3,dricond4,dricond5,dricond6,dzip,licstate,drhgt_in,weight,noncdl,noncdltype,prevdwi,prevoth,prevacc,prevspd,prevsus,driviol1,driviol2,driviol3,driviol4,driviol5,driviol6,spdrel,first_dt,last_dt,airbag,ejection,ejectpath,extricat,injurwrk,methalc,methdrug,nmlocat,strikveh,prf1,prf2,prf3,druginv,alcinvol,drugsts,drugres1,drugres2,drugres3,drugtst1,drugtst2,drugtst3,alcsts,alctst,alcres,nmact1,nmact2,nmact3,nmact4,nmact5,nmact6,nmprior1,nmprior2,nmprior3,nmprior4,nmprior5,nmprior6,nmcond1,nmcond2,nmcond3,nmcond4,nmcond5,nmcond6,nmsafe_helmet,nmsafe_pads,nmsafe_oth,nmprev_ref,nmprev_lgt,nmprev_oth,crashlocation,nmcrashtype,crosswalk,schoolzone,sidewalk,train_inv,wildlife_inv,rotr_fars,intersect_fars,Drink and Drive,aid_inv,Drug Positive Drivers,Impaired Drivers,Marijuana Positive,impnm_inv,ainm_inv,dpnm_inv,speed_inv,unlic_inv,unendmc_inv,drowsy_inv,drdist_inv,nmdist_inv,fty_inv,unrestfat_inv,dr1617_inv,dr1820_inv,dr1620_inv,dr2125_inv,dr1625_inv,dr65_inv,dr70_inv,dr75_inv,mc_inv,pv_inv,ht_inv,ped_inv,bike_inv,unrest_fat,mc_fat,unhelmet_mc,pv_fat,ht_fat,ped_fat,bike_fat,dr_alc7,dr_alc8,dr_drug,dr_imp,dr_dist,dr_spd,dr_fty,dr_unlic,dr_alc7only,dr_alc8only,dr_drugonly,dr_drink,nm_imp,nm_alc7,nm_alc8,nm_drug,nm_dist,agegrp1,agegrp2,roadclass,urbrur,dayweek,restuse,vehtype,race_me,intersect,lanedep,oppdir,wrongway,rep_typ,investag,repag_long,rotr,st_rd,cty_rd,city_rd,oth_rd,drug_thc,thc_res,drug_cthc,cthc_res,drug_cann,prevpersemin,prevperse,prevsusoth,drugtst4,drugtst5,drugtst6,drugtst7,drugtst8,drugres4,drugres5,drugres6,drugres7,drugres8,adspresent,adsengaged,adslevel,race1,race2,race3,race4,race5,helmet,helmetmisuse,nmdistract1,nmdistract2,nmdistract3,nmdistract4,nmdistract5,nmdistract6,lab,isedtcase,crf1,crf2,crf3,CoRoadName,CoMP,IntCoRoadName,IntCoMP
2017,270,632696,8,07-28-2017,07:30,28,7,July,0,9,Clallam,0,1,0,1,1,2,1,0,2,2,,,,12,0,6,Angle,54.6,2,0,2,4 Way,5,1,1,3,0,0,20,3,SR-112,THOMPSON RD,-123.6669611,48.11908889,98363,0,1,89,Others,17,2,25,40,0,0,1,2,12,1,1,2,1,4,Others,1,1,53,,0,20,481,1988,0,0,8,,,,,,1,1,19,1,0,,0,0,3,0,11,0,,,,,0,0,2,3,1,10,0,0,0,96,,,,,,0,,,,,,98264,53,72,130,6,2,0,0,2,0,,97,,,,,,0,08-15-2015,10-15-2018,20,0,0,0,8,9,8,,,0,0,0,8,0,2,1,,,1,,,2,1,0,,,,,,,,,,,,,,,,,,,,,,,,,,,,,,0,0,0,0,0,0,0,0,0,0,0,0,0,0,0,0,0,0,0,0,0,1,1,0,1,0,0,0,0,1,0,1,0,0,0,,0,0,0,0,0,0,0,0,0,0,0,0,0,0,0,0,,,,,,18-20,16-25,City street,U,Tuesday,Belt Used,PV,Not Fatal,0,0,0,0,City Street,State Patrol,Washington State Patrol,0,0,0,1,0,,,,,,0,0,0,,,,,,,,,,,0,0,0,0,,,,,20,7,,,,,,,,,,,,,,,
2021,271,635774,3,07-29-2021,20:10,29,7,July,,53,Pierce,2230,1,,1,1,1,1,0,1,1,,,,25,0,0,No vehicle,58,19,1,1,No intersection,2,2,1,3,0,0,0,0,SR-7,,-122.428925,47.23037222,98402,0,1,6,Drive off road,12,2,98,80,0,0,1,2,25,2,2,4,3,14,Making a U turn,1,1,53,,0,6,52,2005,0,0,8,,,,,,1,1,18,1,0,,0,0,3,0,11,0,,,,,0,0,0,3,1,0,0,0,0,96,,,,,,0,,,,,,98270,53,69,140,6,1,0,0,0,0,,0,,,,,,0,,,20,0,0,0,8,9,8,,,0,0,0,8,0,8,95,,,96,,,8,95,995,,,,,,,,,,,,,,,,,,,,,,,,,,,,,,0,0,0,0,0,0,0,0,0,1,1,0,0,0,0,0,0,0,0,0,0,1,1,0,1,0,0,0,0,1,0,1,0,0,0,,0,0,0,0,0,0,0,0,0,0,0,0,0,0,0,0,,,,,,18-20,16-25,City street,U,Sunday,Belt Used,PV,Not Fatal,0,0,0,0,City Street,Municipal/City Police,Marysville Police Department,0,0,0,1,0,,,,,,0,0,0,,,,,,,,,,,98,98,98,0,,,,,20,7,,,,,,,,,,,,,,,
2020,271,634957,27,07-29-2020,16:00,29,7,July,,37,Kittitas,0,1,,1,1,4,1,0,2,1,22:28,23:23,,1,0,0,No vehicle,9999.9,1,0,1,No intersection,98,1,64,8,0,0,0,0,FS RD 3111,,-120.9335028,47.0525,,0,1,6,Drive off road,12,2,40,14,0,0,1,2,1,3,2,8,8,14,Making a U turn,2,1,53,,0,98,706,2001,0,0,64,1,,,,,1,1,53,1,7,,4,0,20,7,11,8,11/19/2019,06:57,2.59E+11,51693,5,0,0,2,1,0,0,0,0,96,,,,,,99,,,,,,98421,53,70,238,1,1,0,0,0,0,,71,,,,,,0,,,20,8,0,0,0,9,8,,,0,0,0,8,9,8,95,,,96,,,8,95,995,,,,,,,,,,,,,,,,,,,,,,,,,,,,,,0,0,1,0,0,0,0,0,0,0,0,0,0,1,1,0,0,0,0,0,0,0,0,0,0,0,0,0,1,0,0,0,0,0,1,0,0,0,0,0,0,0,0,0,0,0,0,1,0,0,0,0,,,,,,51-55,46-55,Interstate,U,Monday,,MC,White,0,1,0,0,State Route,State Patrol,Washington State Patrol,1,1,0,0,0,,,,,,0,0,0,,,,,,,,,,,0,0,0,1,,,,,5,0,,,,,,,,,,,,,,,
2019,271,634259,8,08-03-2019,11:57,3,8,Aug,,31,Jefferson,0,1,0,1,1,2,2,0,2,2,,,,12,0,2,Front-to-Front,313.1,1,0,1,No intersection,3,1,1,2,0,0,0,0,US-101,,-122.9839389,47.61368611,98320,0,2,51,Lateral Move(Going Straight),62,4,50,80,0,0,1,2,12,3,2,2,1,14,Making a U turn,1,1,53,,0,12,481,2019,0,0,8,,,,,,1,1,54,1,0,,0,0,3,0,11,0,,,,,6,0,0,3,1,0,0,0,0,96,,,,,,0,,,,,,98942,53,73,200,6,1,0,1,0,0,,0,,,,,,0,09-15-2015,09-15-2015,20,0,0,0,8,9,2,,,0,0,0,0,0,8,95,,,96,,,8,95,995,,,,,,,,,,,,,,,,,,,,,,,,,,,,,,0,0,0,0,0,0,0,0,0,1,0,1,0,0,0,0,0,0,0,0,0,0,0,0,0,0,0,0,0,1,0,1,0,0,0,,0,0,0,0,0,0,0,0,0,0,0,0,0,0,0,0,,,,,,51-55,46-55,Interstate,U,Friday,Belt Used,PV,Not Fatal,0,0,0,0,State Route,State Patrol,Washington State Patrol,0,1,0,0,0,,,,,,0,0,0,,,,,,,,,,,98,98,98,0,,,,,20,7,,,,,,,,,,,,,,,
2019,271,634258,8,08-03-2019,11:57,3,8,Aug,,31,Jefferson,0,1,0,1,1,2,2,0,2,2,,,,12,0,2,Front-to-Front,313.1,1,0,1,No intersection,3,1,1,2,0,0,0,0,US-101,,-122.9839389,47.61368611,98320,0,1,50,Lateral Move(Left/Right),10,2,50,80,0,0,1,2,12,2,2,2,1,14,Making a U turn,1,1,53,,0,49,402,1997,0,0,8,,,,,,1,1,26,8,0,,0,0,2,0,11,0,,,,,0,0,0,0,1,10,0,0,0,96,,,,,,0,,,,,,98003,53,69,160,0,0,0,0,0,0,,0,,,,,,0,,,20,0,0,0,8,9,2,,,0,0,0,0,0,8,95,,,96,,,8,95,995,,,,,,,,,,,,,,,,,,,,,,,,,,,,,,0,0,0,0,0,0,0,0,0,1,1,0,0,1,0,0,0,0,0,0,0,0,0,0,0,0,0,0,0,1,0,1,0,0,0,,0,0,0,0,0,0,0,0,0,0,0,1,0,0,0,0,,,,,,26-30,26-35,State route,U,Thursday,Belt Used,PV,Not Fatal,0,0,0,0,State Route,Municipal/City Police,Des Moines Police Department,0,1,0,0,0,,,,,,0,0,0,,,,,,,,,,,0,0,0,0,,,,,20,7,,,,,,,,,,,,,,,
2018,271,633473,67,08-09-2018,01:45,9,8,Aug,0,35,Kitsap,180,1,0,2,1,2,1,1,1,1,,,,8,1,0,No vehicle,0,1,0,1,No intersection,7,2,4,6,0,0,0,0,NATIONAL AVE N,,-122.6678,47.56423611,98312,0,1,13,Pedestrian/Animal,11,2,35,4,0,0,1,7,8,1,1,2,1,1,Going Straight,1,1,53,,0,12,881,1999,0,0,63,8,,,,,1,1,49,1,0,,0,0,3,0,11,0,,,,,0,0,0,3,1,0,0,0,0,96,,,,,,0,,,,,,98328,53,71,220,6,1,0,0,0,0,,0,,,,,,0,,,20,0,0,0,8,9,8,,,0,0,0,8,0,8,95,,,96,,,8,95,995,,,,,,,,,,,,,,,,,,,,,,,,,,,,,,0,0,0,0,0,0,0,0,0,0,0,0,0,0,0,0,0,0,0,0,0,0,0,0,0,0,0,0,0,0,1,1,0,0,0,,0,0,0,0,0,0,0,0,0,0,0,0,0,0,0,0,,,,,,46-50,46-55,State route,R,Monday,,MHTRUCK,Not Fatal,0,0,0,0,State Route,State Patrol,Washington State Patrol,0,1,0,0,0,,,,,,0,0,0,,,,,,,,,,,0,0,0,0,,,,,20,7,,,,,,,,,,,,,,,
2017,271,632698,7,07-28-2017,01:15,28,7,July,0,33,King,0,1,0,3,1,2,1,0,2,1,,,,38,0,0,No vehicle,11.3,1,0,1,No intersection,3,2,1,3,0,0,0,0,SR-900,,-122.1107361,47.49726111,98059,0,1,1,Driver Off Road,13,2,40,4,0,0,1,2,1,3,2,2,1,14,Making a U turn,2,1,53,,0,20,16,2001,0,0,63,9,,,,,1,1,31,1,0,,9,0,99,7,11,8,,,,,0,0,0,3,1,91,0,0,0,7,,,,,,99,,,,,,98042,53,71,165,6,1,0,1,1,1,,1,7,,,,,3,12-15-2017,09-15-2018,99,9,0,0,8,9,8,,,0,0,0,8,9,8,95,,,96,,,8,95,995,,,,,,,,,,,,,,,,,,,,,,,,,,,,,,0,0,0,0,0,0,0,0,0,0,0,0,1,0,0,0,1,0,0,0,0,0,0,0,0,0,0,0,0,1,0,0,1,0,0,,0,0,0,0,0,0,0,0,1,1,0,0,0,0,0,0,,,,,,31-35,26-35,City street,R,Wednesday,Unknown,PV,Not Fatal,0,0,0,0,City Street,County Sheriff,King County Police,0,0,0,1,0,,,,,,0,0,0,,,,,,,,,,,98,98,98,0,,,,,20,7,,,,,,,,,,,,,,,
2021,272,635776,160,06-10-2021,20:00,10,6,June,,33,King,1030,1,,1,1,2,1,0,2,2,,,,5,0,0,No vehicle,0,1,0,1,No intersection,4,2,4,6,0,0,20,3,VETERANS DR,,-122.2843083,47.39516944,98089,0,2,98,Others,98,7,98,15,0,0,1,2,12,1,2,3,1,5,Others,1,1,53,,0,2,405,2005,0,0,71,38,41,1,,,1,1,77,8,7,,4,7,20,7,11,0,11-04-2019,10:30,1.59E+11,49105,0,0,3,3,1,0,0,0,0,96,,,,,,0,,,,,,98502,53,66,320,6,1,0,0,0,0,,0,,,,,,0,,,1,0,0,0,0,9,8,,,0,0,0,8,0,2,996,996,996,1,1,1,2,1,0,,,,,,,,,,,,,,,,,,,,,,,,,,,,,,0,0,0,0,0,0,1,1,0,0,0,0,0,0,0,0,0,0,0,1,0,0,0,0,0,1,1,1,0,1,0,0,0,1,0,,1,0,0,0,0,0,1,1,0,0,0,0,0,0,1,0,,,,,,76-80,76+,City street,U,Monday,Not Used,PV,White,0,0,0,0,City Street,Municipal/City Police,Olympia Police Department,0,0,0,1,0,,,,,,0,0,0,1,1,1,,,996,996,996,996,996,98,98,98,1,,,,,20,7,,,,,,,,,,,,,,,
2021,272,635775,160,06-10-2021,20:00,10,6,June,,33,King,1030,1,,1,1,2,1,0,2,2,,,,5,0,0,No vehicle,0,1,0,1,No intersection,4,2,4,6,0,0,0,0,VETERANS DR,,-122.2843083,47.39516944,98089,0,1,0,Others,98,7,40,61,0,0,1,2,5,1,2,2,2,1,Going Straight,1,2,53,,0,49,471,1991,0,0,63,69,68,64,1,,1,1,21,1,1,,4,0,3,0,11,8,10/22/2019,19:26,1.63E+11,46942,0,0,0,3,1,34,58,0,0,96,,,,,,9,,,,,,99344,53,66,140,6,1,1,2,2,0,,0,,,,,,4,09-15-2015,11-15-2018,20,0,0,0,9,9,1,,,0,0,0,1,1,2,402,695,605,1,1,1,2,1,0.02,,,,,,,,,,,,,,,,,,,,,,,,,,,,,,0,0,1,0,1,0,1,1,1,0,0,0,1,0,0,0,0,0,0,0,0,0,0,1,1,0,0,0,0,1,0,0,0,0,0,,1,0,0,0,1,0,1,1,0,1,0,0,0,0,0,1,,,,,,21-25,16-25,State route,R,Tuesday,Belt Used,PV,Hispanic,0,1,0,0,State Route,State Patrol,Washington State Patrol,1,1,0,0,0,thc,3.5,carboxy-thc,10,,0,1,1,1,1,,,,151,996,,,,0,0,0,1,,,,,20,7,,,,,,,nms,,,,,,,,
2020,272,634958,17,07-21-2020,15:30,21,7,July,,17,Douglas,0,1,,1,1,4,1,0,1,1,,,,1,0,0,No vehicle,1,1,0,1,No intersection,7,1,2,4,0,0,0,0,CR-PENDALL RD,,-118.9986083,47.98525833,99116,0,1,7,Control/Traction Loss,9,1,35,20,0,0,1,2,1,3,1,8,1,14,Making a U turn,1,1,53,,0,63,33,2007,0,0,63,40,41,,,,1,1,62,2,1,,4,7,3,0,11,0,11-12-2019,20:27,53050520,50520,0,0,0,2,1,0,0,0,0,96,,,,,,0,,,,,,98466,53,62,150,1,1,0,0,0,0,,0,,,,,,4,,,20,0,0,0,0,9,8,,,0,0,0,8,0,2,996,996,401,1,1,1,2,1,0,,,,,,,,,,,,,,,,,,,,,,,,,,,,,,0,0,0,0,0,0,1,1,0,0,0,0,1,1,0,0,0,0,0,0,0,0,0,0,0,0,0,0,0,1,0,0,0,0,0,,1,0,0,0,0,0,1,1,0,1,0,1,0,0,1,0,,,,,,61-65,56-65,County road,U,Tuesday,Belt Used,PV,Hispanic,0,1,0,0,County Road,County Sheriff,Law Enforcement Support Agency,1,0,1,0,0,,,,,,0,0,0,1,,,,,417,,,,,98,98,98,1,,,,,20,7,,,,,,,,,,,,,,,
2019,272,634264,297,08-06-2019,20:50,6,8,Aug,,33,King,2310,1,0,3,1,2,1,0,2,2,,,,1,0,0,No vehicle,0,1,0,1,No intersection,7,2,4,6,0,0,0,0,INTERURBAN AVE S,,-122.2527694,47.46861389,98168,0,2,98,Others,62,4,35,4,0,0,1,7,12,3,1,2,2,14,Making a U turn,1,1,53,,0,23,421,1995,0,0,12,,,,,,1,1,24,1,0,,0,0,3,0,11,0,,,,,0,0,0,3,1,0,0,0,0,96,,,,,,0,,,,,,98848,53,67,125,6,1,0,0,0,0,,0,,,,,,0,,,20,0,0,0,8,9,8,,,0,0,0,8,0,8,95,,,96,,,8,95,995,,,,,,,,,,,,,,,,,,,,,,,,,,,,,,0,0,0,0,1,1,0,1,0,0,0,0,0,1,0,0,0,0,0,1,0,0,0,1,1,0,0,0,0,1,0,0,0,0,0,,0,0,0,0,0,0,0,0,0,0,0,0,0,0,0,0,,,,,,21-25,16-25,State route,U,Wednesday,Belt Used,PV,Not Fatal,0,0,0,0,State Route,State Patrol,Washington State Patrol,0,1,0,0,0,,,,,,0,0,0,,,,,,,,,,,0,0,0,0,,,,,20,7,,,,,,,,,,,,,,,
2019,272,634263,297,08-06-2019,20:50,6,8,Aug,,33,King,2310,1,0,3,1,2,1,0,2,2,,,,1,0,0,No vehicle,0,1,0,1,No intersection,7,2,4,6,0,0,0,0,INTERURBAN AVE S,,-122.2527694,47.46861389,98168,0,1,98,Others,8,1,35,80,0,0,1,7,1,2,1,5,5,14,Making a U turn,1,1,53,,0,20,404,2018,0,0,12,,,,,,1,1,44,1,0,,1,0,3,0,11,5,,,,,0,0,0,3,1,0,0,0,0,96,,,,,,0,,,,,,98801,53,72,170,6,1,2,0,0,0,,0,,,,,,0,11-15-2016,02-15-2017,8,0,0,0,8,9,8,,,0,0,0,8,0,8,95,,,96,,,8,95,995,,,,,,,,,,,,,,,,,,,,,,,,,,,,,,0,0,0,0,1,1,0,1,0,0,0,0,0,1,0,0,0,0,0,1,0,0,0,1,1,0,0,0,0,1,0,0,0,0,0,,0,0,0,0,0,0,0,0,0,0,0,0,0,0,0,0,,,,,,41-45,36-45,State route,U,Wednesday,Belt Used,PV,Not Fatal,0,0,0,0,State Route,State Patrol,Washington State Patrol,0,1,0,0,0,,,,,,0,2,3,,,,,,,,,,,98,98,98,0,,,,,20,7,,,,,,,,,,,,,,,
2018,272,633476,6,08-10-2018,11:49,10,8,Aug,0,47,Okanogan,0,1,0,9,1,2,1,0,1,1,11:46,12:00,12:49,35,0,0,No vehicle,4.6,1,0,1,No intersection,4,2,1,3,0,0,0,0,SR-153,,-119.9745167,48.07614444,98846,0,1,2,Control/Traction Loss,13,2,60,4,0,0,1,2,1,3,1,2,1,14,Making a U turn,1,1,53,,0,20,461,2004,0,0,68,68,12,68,12,64,1,1,55,1,7,,4,7,20,7,11,0,11-06-2019,05:44,57053049409,49409,0,0,3,2,1,33,0,0,0,96,,,,,,99,,,,,,98802,53,70,190,1,1,1,1,1,0,,0,,,,,,0,09-15-2016,06-15-2019,1,0,0,0,0,9,8,,,0,0,0,8,9,2,1,,,1,,,2,1,0.44,,,,,,,,,,,,,,,,,,,,,,,,,,,,,,0,0,0,0,1,1,0,1,0,0,0,0,0,1,0,0,0,0,0,1,0,0,0,1,1,0,0,0,0,1,0,0,0,1,0,,1,0,0,0,0,1,0,1,0,0,0,1,0,1,0,1,,,,,,51-55,46-55,State route,U,Wednesday,Not Used,PV,White,0,0,0,0,State Route,State Patrol,Washington State Patrol,0,1,0,0,0,,,,,,0,1,2,,,,,,,,,,,98,98,98,1,,,,,20,7,,,,,,,,,,,,,,,
2017,272,632700,5,07-23-2017,20:25,23,7,July,0,41,Lewis,0,1,0,5,1,2,2,0,2,1,20:21,21:44,,42,0,0,No vehicle,81.4,1,0,1,No intersection,3,1,1,2,0,0,0,0,US-12,,-122.5779333,46.51337778,98532,0,1,1,Driver Off Road,13,2,55,14,0,0,1,2,3,3,2,2,1,14,Making a U turn,2,1,53,,0,20,37,2003,0,0,12,,,,,,1,1,18,2,7,,4,0,3,0,11,1,11-09-2019,03:06,1.96E+11,50847,0,0,0,3,1,38,0,0,0,96,,,,,,0,,,,,,98311,53,62,115,6,1,0,1,0,0,,0,,,,,,0,12-15-2018,12-15-2018,1,0,0,0,0,9,8,,,0,0,0,8,0,2,1,,,1,,,2,1,0,,,,,,,,,,,,,,,,,,,,,,,,,,,,,,0,0,0,1,0,0,0,0,0,0,0,0,0,0,0,0,0,0,1,0,0,1,1,0,1,0,0,0,0,1,0,0,0,0,0,,1,0,0,0,0,0,0,0,0,0,1,0,0,0,0,0,,,,,,18-20,16-25,County road,U,Friday,Belt Used,PV,White,1,0,0,0,County Road,County Sheriff,Kitsap County Sheriff's Office,0,0,1,0,0,,,,,,0,0,0,,,,,,,,,,,98,98,98,1,,,,,20,7,,,,,,,,,,,,,,,
2021,273,635772,55,08-01-2021,00:43,1,8,Aug,,33,King,100,10,,3,1,2,1,1,1,1,,,,8,0,0,No vehicle,0.7,1,0,1,No intersection,3,2,1,3,0,0,0,0,SR-164,,-122.2160806,47.29615278,98002,0,1,13,Pedestrian/Animal,80,5,35,6,0,0,1,2,8,1,1,5,5,1,Going Straight,1,1,53,,0,49,472,2015,0,0,12,,,,,,1,1,51,1,0,,0,0,20,7,11,0,,,,,0,0,0,3,1,0,0,0,0,96,,,,,,0,,,,,,98383,53,67,235,6,1,0,1,2,1,,0,,,,,,0,04-15-2016,01-15-2019,8,0,0,0,8,9,8,,,0,0,0,8,0,8,95,,,96,,,8,95,995,,,,,,,,,,,,,,,,,,,,,,,,,,,,,,0,0,0,1,0,0,0,0,0,0,0,0,0,0,0,0,0,0,1,0,0,1,1,0,1,0,0,0,0,1,0,0,0,0,0,,0,0,0,0,0,0,0,0,0,0,0,0,0,0,0,0,,,,,,51-55,46-55,County road,U,Friday,Not Used,PV,Not Fatal,1,0,0,0,County Road,County Sheriff,Kitsap County Sheriff's Office,0,0,1,0,0,,,,,,0,0,0,,,,,,,,,,,98,98,98,0,,,,,20,7,,,,,,,,,,,,,,,
2019,273,634267,4,08-04-2019,11:49,4,8,Aug,,63,Spokane,0,1,0,1,1,2,1,0,5,3,,,,12,0,6,Angle,296.4,2,0,2,4 Way,3,1,1,2,0,0,0,0,US-2,CHATTAROY RD,-117.3540889,47.889375,99005,0,3,98,Others,65,4,60,21,1,0,1,2,1,1,1,3,2,1,Going Straight,2,1,53,,0,12,24,2007,0,0,8,,,,,,1,1,21,2,0,,0,0,3,0,11,0,,,,,0,0,3,3,1,10,38,0,0,96,,,,,,0,,,,,,99223,53,67,140,6,2,0,0,2,0,,46,,,,,,0,10-15-2015,02-15-2016,20,0,0,0,8,9,8,,,0,0,0,8,0,8,95,,,96,,,8,95,995,,,,,,,,,,,,,,,,,,,,,,,,,,,,,,0,0,0,0,0,0,0,0,0,0,0,0,0,0,0,0,0,0,1,0,0,0,0,1,1,0,0,0,0,1,0,1,0,0,0,,0,0,0,0,0,0,0,0,0,0,1,0,0,0,0,0,,,,,,21-25,16-25,City street,U,Saturday,Belt Used,PV,Not Fatal,0,0,0,0,City Street,Municipal/City Police,Spokane Police Department,0,0,0,1,0,,,,,,0,0,0,,,,,,,,,,,98,98,98,0,,,,,20,7,,,,,,,,,,,,,,,
2019,273,634266,4,08-04-2019,11:49,4,8,Aug,,63,Spokane,0,1,0,1,1,2,1,0,5,3,,,,12,0,6,Angle,296.4,2,0,2,4 Way,3,1,1,2,0,0,0,0,US-2,CHATTAROY RD,-117.3540889,47.889375,99005,0,2,79,Others,65,4,60,34,0,0,1,7,12,1,1,3,2,1,Going Straight,1,2,53,,0,85,881,2017,0,0,63,42,,,,,1,1,58,1,7,,4,7,20,7,11,0,11-08-2019,08:50,53050261,50261,6,1,0,3,1,0,0,0,0,92,,,,,,99,,,,,,98632,53,73,208,6,1,0,0,0,0,,0,,,,,,0,,,20,0,0,0,1,9,8,,,0,0,0,8,9,2,1,,,1,,,2,1,0,,,,,,,,,,,,,,,,,,,,,,,,,,,,,,0,0,1,0,0,0,0,0,0,0,0,0,0,0,0,0,1,0,0,0,0,0,0,0,0,0,0,0,0,0,1,0,0,0,0,,0,1,0,0,0,0,0,0,1,0,0,0,0,0,0,0,,,,,,56-60,56-65,County road,R,Friday,,MHTRUCK,White,0,1,0,0,County Road,County Sheriff,Cowlitz County Sheriff's Office,1,0,1,0,0,,,,,,0,0,0,,,,,,,,,,,98,98,98,1,,,,,20,7,,,,,,,,,,,,,,,
2019,273,634265,4,08-04-2019,11:49,4,8,Aug,,63,Spokane,0,1,0,1,1,2,1,0,5,3,,,,12,0,6,Angle,296.4,2,0,2,4 Way,3,1,1,2,0,0,20,3,US-2,CHATTAROY RD,-117.3540889,47.889375,99005,0,1,78,Others,16,2,60,4,0,0,1,2,12,1,1,2,1,10,Others,2,1,53,,0,72,706,2018,0,0,12,,,,,,1,1,57,1,7,,4,0,20,7,11,4,11-06-2019,16:03,41053049913,49913,0,0,3,3,1,0,0,0,0,96,,,,,,99,,,,,,99141,53,71,230,6,1,0,0,0,0,,0,,,,,,0,,,20,8,0,0,0,9,8,,,0,0,0,8,9,2,1,,,1,,,2,1,0,,,,,,,,,,,,,,,,,,,,,,,,,,,,,,0,0,0,0,0,0,0,0,0,0,0,0,0,0,0,0,0,0,0,0,0,0,0,0,0,1,1,1,1,1,0,0,0,0,1,0,0,0,0,0,0,0,0,0,0,0,0,0,0,0,0,0,,,,,,56-60,56-65,US highway,R,Wednesday,,MC,White,0,1,1,0,State Route,State Patrol,Washington State Patrol,0,1,0,0,0,,,,,,0,0,0,,,,,,,,,,,0,0,0,1,,,,,5,0,,,,,,,,,,,,,,,
2018,273,633477,3,08-09-2018,10:21,9,8,Aug,0,53,Pierce,0,1,0,1,1,2,1,1,1,1,,,,9,1,0,No vehicle,38,1,0,1,No intersection,4,1,1,3,0,0,0,0,SR-7,,-122.3576972,46.965125,98328,0,1,13,Pedestrian/Animal,13,2,55,34,0,0,1,5,9,1,2,2,1,1,Going Straight,1,2,53,,0,63,402,2015,0,0,68,12,,,,,1,1,76,2,0,,1,0,3,0,11,8,,,,,99,9,9,9,1,28,33,0,0,96,,,,,,1,,,,,,0,95,,999,9,9,99,99,99,99,,97,,,,,,0,,,1,0,0,0,8,9,8,,,0,0,0,8,0,8,95,,,96,,,8,95,995,,,,,,,,,,,,,,,,,,,,,,,,,,,,,,0,0,0,0,0,0,0,0,0,0,0,0,0,0,0,0,0,0,0,0,0,0,0,0,0,1,1,1,1,1,0,0,0,0,0,,0,0,0,0,0,0,0,0,0,0,0,0,0,0,0,0,,,,,,76-80,76+,US highway,R,Wednesday,Belt Used,PV,Not Fatal,0,1,1,0,State Route,State Patrol,Washington State Patrol,0,1,0,0,0,,,,,,99,99,99,,,,,,,,,,,98,98,98,0,,,,,20,7,,,,,,,,,,,,,,,
2017,273,632710,6,07-29-2017,00:41,29,7,July,0,47,Okanogan,0,1,0,2,1,2,1,0,2,1,,,,24,0,0,No vehicle,46.9,1,0,1,No intersection,4,1,1,3,0,3,0,0,SR-155,,-119.0245083,48.21256111,99155,0,1,7,Control/Traction Loss,13,2,60,34,0,0,1,2,2,1,2,2,1,1,Going Straight,2,1,53,,0,48,38,2008,0,0,64,1,57,,,,1,1,19,2,6,,4,7,20,7,11,0,10-11-2019,23:22,53045820,45820,0,0,0,0,1,37,0,0,0,96,,,,,,99,,,,,,98520,53,64,112,0,0,0,0,0,0,,0,,,,,,4,,,8,1,9,0,0,9,8,,,0,0,0,8,9,2,996,996,401,1,1,1,2,1,0,,,,,,,,,,,,,,,,,,,,,,,,,,,,,,0,0,1,0,0,0,1,1,0,0,0,0,1,1,0,0,0,0,0,1,0,1,1,0,1,0,0,0,0,1,0,0,0,1,0,,1,0,0,0,0,0,1,1,0,1,0,1,0,0,1,0,,,,,,18-20,16-25,State route,U,Friday,Not Used,PV,Hispanic,0,1,0,0,State Route,State Patrol,Washington State Patrol,1,1,0,0,0,,,,,,0,0,0,1,1,1,,,417,128,177,157,,98,98,98,1,,,,,20,7,,,,,,,,,,,,,,,