year,something,Cases,repjur,crash_dt,crash_tm,accday,Month,Month,holiday,county,co_char,city,weather,weather2,lightcond,surfcond,surftype,Number of Fatalities,nmforms,pforms,vforms,not_tm,arr_tm,hosp_tm,fhevent,hitrun,Manner of Collision,Manner of Collision,milepnt,reljunc,reljuncinter,intersectiontype,Intersection Type,funcsystem,landuse,ownership,route,schlbus,spejur,contdev,devfunc,trafid1,trafid2,x,y,zipcode,wk_zone,vnumber,crashtype,Crash Type,criticalevent,criticaleventcat,spdlim,body,trailer,emerg,hazcargo,leave,mhevent,roadalgn,roadprof,traflane,trafflow,Vehicle Manure,Vehicle Manure,numoccs,regowner,regstate,,spuse,make,model,modelyr,vrf1,vrf2,seqevent1,seqevent2,seqevent3,seqevent4,seqevent5,seqevent6,pnumber,ptype,age,sex,hispanic,race,injury,diedscene,restraint,restraintmisuse,seatpos,takehosp,death_dt,death_tm,cert,cernum_wa,commlic,licendor,licrestrict,liccomp,drivpres,drf1,drf2,drf3,drf4,distract1,distract2,distract3,distract4,distract5,distract6,dricond1,dricond2,dricond3,dricond4,dricond5,dricond6,dzip,licstate,drhgt_in,weight,noncdl,noncdltype,prevdwi,prevoth,prevacc,prevspd,prevsus,driviol1,driviol2,driviol3,driviol4,driviol5,driviol6,spdrel,first_dt,last_dt,airbag,ejection,ejectpath,extricat,injurwrk,methalc,methdrug,nmlocat,strikveh,prf1,prf2,prf3,druginv,alcinvol,drugsts,drugres1,drugres2,drugres3,drugtst1,drugtst2,drugtst3,alcsts,alctst,alcres,nmact1,nmact2,nmact3,nmact4,nmact5,nmact6,nmprior1,nmprior2,nmprior3,nmprior4,nmprior5,nmprior6,nmcond1,nmcond2,nmcond3,nmcond4,nmcond5,nmcond6,nmsafe_helmet,nmsafe_pads,nmsafe_oth,nmprev_ref,nmprev_lgt,nmprev_oth,crashlocation,nmcrashtype,crosswalk,schoolzone,sidewalk,train_inv,wildlife_inv,rotr_fars,intersect_fars,Drink and Drive,aid_inv,Drug Positive Drivers,Impaired Drivers,Marijuana Positive,impnm_inv,ainm_inv,dpnm_inv,speed_inv,unlic_inv,unendmc_inv,drowsy_inv,drdist_inv,nmdist_inv,fty_inv,unrestfat_inv,dr1617_inv,dr1820_inv,dr1620_inv,dr2125_inv,dr1625_inv,dr65_inv,dr70_inv,dr75_inv,mc_inv,pv_inv,ht_inv,ped_inv,bike_inv,unrest_fat,mc_fat,unhelmet_mc,pv_fat,ht_fat,ped_fat,bike_fat,dr_alc7,dr_alc8,dr_drug,dr_imp,dr_dist,dr_spd,dr_fty,dr_unlic,dr_alc7only,dr_alc8only,dr_drugonly,dr_drink,nm_imp,nm_alc7,nm_alc8,nm_drug,nm_dist,agegrp1,agegrp2,roadclass,urbrur,dayweek,restuse,vehtype,race_me,intersect,lanedep,oppdir,wrongway,rep_typ,investag,repag_long,rotr,st_rd,cty_rd,city_rd,oth_rd,drug_thc,thc_res,drug_cthc,cthc_res,drug_cann,prevpersemin,prevperse,prevsusoth,drugtst4,drugtst5,drugtst6,drugtst7,drugtst8,drugres4,drugres5,drugres6,drugres7,drugres8,adspresent,adsengaged,adslevel,race1,race2,race3,race4,race5,helmet,helmetmisuse,nmdistract1,nmdistract2,nmdistract3,nmdistract4,nmdistract5,nmdistract6,lab,isedtcase,crf1,crf2,crf3,CoRoadName,CoMP,IntCoRoadName,IntCoMP
2021,274,635778,297,08-03-2021,19:28,3,8,Aug,,33,King,2310,1,,1,1,2,1,0,2,2,,,,12,0,1,Front-to-Rear,0,1,0,1,No intersection,5,2,4,6,0,0,0,0,SOUTHCENTER PKWY,,-122.2705,47.42638611,98188,0,2,25,Others,53,3,35,80,0,0,1,2,12,1,1,5,5,1,Going Straight,1,1,53,,0,37,421,2004,0,0,8,,,,,,1,1,49,2,0,,0,0,3,0,11,0,,,,,0,0,0,3,1,10,0,0,0,96,,,,,,0,,,,,,98251,53,66,200,6,1,0,0,0,0,,0,,,,,,0,,,20,0,0,0,8,9,8,,,0,0,0,8,0,8,95,,,96,,,8,95,995,,,,,,,,,,,,,,,,,,,,,,,,,,,,,,0,0,0,0,0,0,0,0,0,1,0,1,0,0,0,0,0,0,0,0,0,0,0,0,0,0,0,0,0,1,0,1,0,0,0,,0,0,0,0,0,0,0,0,0,0,0,0,0,0,0,0,,,,,,46-50,46-55,US highway,U,Sunday,Belt Used,PV,Not Fatal,0,0,0,0,State Route,Municipal/City Police,Sultan Police Department,0,1,0,0,0,,,,,,0,0,0,,,,,,,,,,,98,98,98,0,,,,,20,7,,,,,,,,,,,,,,,
2021,274,635777,297,08-03-2021,19:28,3,8,Aug,,33,King,2310,1,,1,1,2,1,0,2,2,,,,12,0,1,Front-to-Rear,0,1,0,1,No intersection,5,2,4,6,0,0,0,0,SOUTHCENTER PKWY,,-122.2705,47.42638611,98188,0,1,24,Others,51,3,35,80,0,0,1,2,12,1,1,5,5,1,Going Straight,1,1,53,,0,12,481,2013,0,0,63,42,,,,,1,1,25,1,0,,2,0,99,7,11,8,,,,,0,0,0,3,1,0,0,0,0,96,,,,,,9,,,,,,98541,53,70,200,6,1,0,0,0,3,,97,,,,,,4,01-15-2018,12-15-2018,8,0,0,0,8,9,8,,,0,0,0,8,1,2,695,605,,1,1,,2,1,0.057,,,,,,,,,,,,,,,,,,,,,,,,,,,,,,0,0,1,0,1,0,1,1,1,0,0,0,1,0,0,0,0,0,0,0,0,0,0,1,1,0,0,0,0,1,0,0,0,0,0,,0,0,0,0,1,0,1,1,0,1,0,0,0,0,0,1,,,,,,21-25,16-25,Other,,Sunday,Unknown,PV,Not Fatal,0,1,0,0,Other,State Patrol,Washington State Patrol,1,0,0,0,1,thc,4.7,carboxy-thc,37,,0,0,0,,,,,,,,,,,98,98,98,0,,,,,20,7,,,,,,,,,,,,,,,
2020,274,634959,8,08-09-2020,02:43,9,8,Aug,,31,Jefferson,0,1,,2,1,2,1,1,1,1,02:43,02:51,,8,0,0,No vehicle,7.7,1,0,1,No intersection,3,1,1,3,0,0,0,0,SR-104,,-122.7521667,47.89328056,,0,1,13,Pedestrian/Animal,80,5,60,15,0,0,1,2,8,1,1,2,1,1,Going Straight,1,1,53,,0,51,42,1994,0,0,63,14,,,,,1,1,54,2,7,,4,0,99,7,11,8,11-04-2019,10:23,2.23E+11,48840,0,0,0,2,1,0,0,0,0,92,,,,,,99,,,,,,98531,53,63,171,1,1,0,1,0,0,,97,,,,,,0,11-15-2015,10-15-2018,20,0,0,0,0,9,8,,,0,0,0,8,9,2,401,417,,1,1,,2,1,0.2,,,,,,,,,,,,,,,,,,,,,,,,,,,,,,0,0,0,0,1,1,1,1,0,0,0,0,0,1,0,0,1,0,0,0,0,0,0,0,0,0,0,0,0,1,0,0,0,0,0,,1,0,0,0,0,1,1,1,1,0,0,1,0,0,0,1,,,,,,51-55,46-55,City street,U,Saturday,Unknown,PV,White,0,1,0,0,City Street,Municipal/City Police,Centralia Police Department,1,0,0,1,0,,,,,,0,0,9,,,,,,,,,,,0,0,0,1,,,,,20,7,,,,,,,,,,,,,,,
2019,274,634269,21,08-01-2019,05:21,1,8,Aug,,25,Grant,0,1,0,4,1,7,1,0,2,2,,,,12,0,6,Angle,4,2,0,2,4 Way,4,1,2,4,0,0,0,0,CR-STRATFORD RD NE,RD 7 NE,-119.2778778,47.18979167,98837,0,2,69,Initial Opposite Direction(Going Straight),62,4,55,89,0,0,1,7,12,1,1,2,1,1,Going Straight,1,2,53,,0,51,881,2016,0,0,8,,,,,,1,1,59,1,0,,0,0,3,0,11,0,,,,,6,1,3,3,1,0,0,0,0,96,,,,,,0,,,,,,97203,41,68,170,6,1,0,1,2,0,,0,,,,,,0,10-15-2015,11-15-2017,20,0,0,0,8,9,8,,,0,0,0,8,0,8,95,,,96,,,8,95,995,,,,,,,,,,,,,,,,,,,,,,,,,,,,,,0,0,0,0,0,0,0,0,0,0,0,0,0,0,0,0,0,0,0,0,0,0,0,0,0,0,0,0,0,0,1,1,0,0,0,,0,0,0,0,0,0,0,0,0,0,0,0,0,0,0,0,,,,,,56-60,56-65,Interstate,U,Sunday,,MHTRUCK,Not Fatal,0,0,0,0,State Route,State Patrol,Washington State Patrol,0,1,0,0,0,,,,,,0,0,0,,,,,,,,,,,98,98,98,0,,,,,20,7,,,,,,,,,,,,,,,
2019,274,634268,21,08-01-2019,05:21,1,8,Aug,,25,Grant,0,1,0,4,1,7,1,0,2,2,,,,12,0,6,Angle,4,2,0,2,4 Way,4,1,2,4,0,0,0,0,CR-STRATFORD RD NE,RD 7 NE,-119.2778778,47.18979167,98837,0,1,68,Initial Opposite Direction(Left/Right),15,2,55,34,0,0,1,7,12,1,1,2,1,11,Turning Red: Permitted on red,1,1,53,,0,49,472,2014,0,0,12,,,,,,1,1,45,1,0,,2,0,3,0,11,4,,,,,0,0,0,3,1,0,0,0,0,96,,,,,,0,,,,,,99353,53,68,165,6,1,0,0,0,0,,0,,,,,,0,,,8,0,0,0,8,9,8,,,0,0,0,8,0,8,95,,,96,,,8,95,995,,,,,,,,,,,,,,,,,,,,,,,,,,,,,,0,0,0,0,0,0,0,0,0,0,0,0,0,0,0,0,0,0,0,0,0,0,0,0,0,0,0,0,0,1,0,0,0,0,0,,0,0,0,0,0,0,0,0,0,0,0,0,0,0,0,0,,,,,,41-45,36-45,County road,R,Thursday,Belt Used,PV,Not Fatal,0,1,1,0,Other,County Sheriff,Benton County Sheriff's Office,0,0,0,0,1,,,,,,0,0,0,,,,,,,,,,,98,98,98,0,,,,,20,7,,,,,,,,,,,,,,,
2018,274,633479,7,08-05-2018,21:44,5,8,Aug,0,33,King,0,1,0,3,1,2,1,0,2,2,,,,12,0,2,Front-to-Front,20.9,1,0,1,No intersection,3,1,1,3,0,0,0,0,SR-18,,-121.9748306,47.43580556,98027,0,2,51,Lateral Move(Going Straight),54,3,55,4,0,0,1,2,12,2,2,2,1,14,Making a U turn,1,2,53,,0,59,35,2006,0,0,68,12,,,,,1,1,56,1,7,,4,7,3,0,11,0,10-10-2019,06:16,53044611,44611,0,0,0,3,1,33,0,0,0,96,,,,,,0,,,,,,99354,53,68,200,6,1,0,0,0,2,,0,,,,,,0,12-15-2016,12-15-2017,8,0,0,0,0,9,8,,,0,0,0,8,0,2,1,,,1,,,2,1,0,,,,,,,,,,,,,,,,,,,,,,,,,,,,,,0,0,0,0,0,0,0,0,0,0,0,0,0,0,0,0,0,0,0,0,0,0,0,0,0,0,0,0,0,1,0,0,0,0,0,,1,0,0,0,0,0,0,0,0,0,0,0,0,0,0,0,,,,,,56-60,56-65,County road,R,Thursday,Belt Used,PV,API,0,1,1,0,Other,County Sheriff,Benton County Sheriff's Office,0,0,0,0,1,,,,,,0,0,0,,,,,,,,,,,98,98,98,18,,,,,20,7,,,,,,,,,,,,,,,
2018,274,633478,7,08-05-2018,21:44,5,8,Aug,0,33,King,0,1,0,3,1,2,1,0,2,2,,,,12,0,2,Front-to-Front,20.9,1,0,1,No intersection,3,1,1,3,0,0,0,0,SR-18,,-121.9748306,47.43580556,98027,0,1,50,Lateral Move(Left/Right),54,3,98,15,0,0,1,2,12,3,2,3,3,14,Making a U turn,1,2,53,,0,2,404,1996,0,0,64,24,21,67,1,,1,1,61,1,7,,4,7,3,0,11,0,10/26/2019,23:33,53048599,48599,0,0,0,3,1,0,0,0,0,96,,,,,,9,,,,,,98908,53,70,200,6,1,0,0,0,0,,0,,,,,,4,,,1,2,9,0,0,1,8,,,0,0,0,1,1,2,996,996,417,1,1,1,2,1,0.21,,,,,,,,,,,,,,,,,,,,,,,,,,,,,,0,0,1,0,1,1,1,1,0,0,0,0,1,0,0,0,0,0,0,0,0,0,0,0,0,0,0,0,0,1,0,0,0,0,0,,1,0,0,0,0,1,1,1,0,1,0,0,0,0,0,1,,,,,,61-65,56-65,US highway,U,Saturday,Belt Used,PV,White,0,1,0,0,State Route,State Patrol,Washington State Patrol,1,1,0,0,0,,,,,,0,0,0,1,1,,,,996,996,,,,0,0,0,1,,,,,20,7,,,,,,,,,,,,,,,
2017,274,632706,39,07-26-2017,04:05,26,7,July,0,61,Snohomish,0,1,0,3,1,2,3,0,4,2,,,,14,0,0,No vehicle,0.3,1,0,1,No intersection,4,2,2,4,0,0,0,0,CR-ALDERDALE MALL PKWY,,-122.2711083,47.84503611,98037,0,1,11,Others,13,2,40,14,0,0,1,2,14,1,2,6,5,1,Going Straight,4,2,53,,0,49,40,2018,0,0,63,69,68,64,42,,1,1,34,1,7,,4,7,20,7,11,0,10/31/2019,21:11,53048824,48824,0,0,0,3,1,58,0,0,0,96,,,,,,99,,,,,,98597,53,70,190,6,1,0,0,0,0,,0,,,,,,4,,,8,0,0,0,0,9,8,,,0,0,0,8,9,2,695,605,,1,1,,2,1,0.19,,,,,,,,,,,,,,,,,,,,,,,,,,,,,,0,0,1,0,1,1,1,1,1,0,0,0,1,0,0,0,0,0,0,1,0,0,0,0,0,0,0,0,0,1,0,0,0,1,0,,1,0,0,0,0,1,1,1,0,1,0,0,0,0,0,1,,,,,,31-35,26-35,County road,R,Thursday,Not Used,PV,White,0,1,0,0,County Road,County Sheriff,Thurston County Sheriff's Office,1,0,1,0,0,thc,7.3,carboxy-thc,17,,0,0,0,,,,,,,,,,,98,98,98,1,,,,,20,7,,,,,,,,,,,,,,,
2017,275,632711,5,07-25-2017,15:17,25,7,July,0,11,Clark,2370,1,0,1,1,2,1,0,5,4,,,,12,0,7,"Sideswipe,Same",3.5,1,0,1,No intersection,1,2,1,1,0,0,0,0,I-205,,-122.5720417,45.65851111,98662,0,1,47,Others,10,2,60,80,0,0,1,2,12,1,1,3,3,6,Others,1,1,41,,2,84,981,2017,0,0,12,,,,,,1,1,62,2,0,,0,0,3,0,11,0,,,,,6,1,0,3,1,0,0,0,0,96,,,,,,0,,,,,,98579,53,66,200,6,1,0,0,0,0,,0,,,,,,0,,,20,0,0,0,8,9,8,,,0,0,0,8,0,8,95,,,96,,,8,95,995,,,,,,,,,,,,,,,,,,,,,,,,,,,,,,0,0,0,1,0,0,0,0,0,0,0,0,0,0,0,0,0,0,1,0,0,0,0,0,0,0,0,0,0,1,0,0,0,0,0,,0,0,0,0,0,0,0,0,0,0,0,0,0,0,0,0,,,,,,61-65,56-65,County road,R,Wednesday,,BUS,Not Fatal,1,0,0,0,County Road,County Sheriff,Thurston County Sheriff's Office,0,0,1,0,0,,,,,,0,0,0,,,,,,,,,,,98,98,98,0,,,,,20,7,,,,,,,,,,,,,,,
2021,275,635780,21,07-26-2021,04:33,26,7,July,,25,Grant,0,1,,2,1,2,1,0,2,2,,,,12,0,1,Front-to-Rear,3.6,1,0,1,No intersection,7,1,2,4,0,0,0,0,CR-ROAD 9 NW,,-119.9309306,47.21841944,98848,0,2,24,Others,51,3,50,4,0,0,1,2,12,1,1,2,1,1,Going Straight,1,2,53,,0,37,403,2003,0,0,12,,,,,,1,1,59,2,0,,3,0,3,0,11,8,,,,,0,0,0,3,1,38,0,0,0,96,,,,,,0,,,,,,98512,53,61,180,6,1,0,0,0,0,,46,,,,,,0,,,20,0,0,0,8,9,8,,,0,0,0,8,0,8,95,,,96,,,8,95,995,,,,,,,,,,,,,,,,,,,,,,,,,,,,,,0,0,0,1,0,0,0,0,0,0,0,0,0,0,0,0,0,0,1,0,0,0,0,0,0,0,0,0,0,1,0,0,0,0,0,,0,0,0,0,0,0,0,0,0,0,1,0,0,0,0,0,,,,,,56-60,56-65,County road,R,Wednesday,Belt Used,PV,Not Fatal,1,0,0,0,County Road,County Sheriff,Thurston County Sheriff's Office,0,0,1,0,0,,,,,,0,0,0,,,,,,,,,,,98,98,98,0,,,,,20,7,,,,,,,,,,,,,,,
2020,275,634960,35,08-10-2020,07:50,10,8,Aug,,53,Pierce,0,1,,1,1,2,1,0,1,1,07:51,07:59,,42,0,0,No vehicle,7.8,1,0,1,No intersection,4,1,2,4,0,0,0,0,CR-SUMNER BUCKLEY HWY E,,-122.0472167,47.16757222,98321,0,1,1,Driver Off Road,13,2,35,4,0,0,1,2,2,3,1,2,1,14,Making a U turn,1,1,53,,0,87,881,2006,0,0,12,,,,,,1,1,31,1,0,,0,0,20,7,11,0,,,,,6,1,0,3,1,0,0,0,0,96,,,,,,0,,,,,,98321,53,70,165,6,1,0,1,2,0,,0,,,,,,0,09-15-2016,06-15-2017,20,0,0,0,8,9,8,,,0,0,0,8,0,8,95,,,96,,,8,95,995,,,,,,,,,,,,,,,,,,,,,,,,,,,,,,0,0,0,1,0,0,0,0,0,0,0,0,0,0,0,0,0,0,1,0,0,0,0,0,0,1,1,1,0,1,1,0,0,0,0,,0,0,0,0,0,0,0,0,0,0,0,0,0,0,0,0,,,,,,31-35,26-35,State route,U,Tuesday,,MHTRUCK,Not Fatal,1,0,0,0,State Route,Municipal/City Police,Maple Valley Police Dept,0,1,0,0,0,,,,,,0,0,0,,,,,,,,,,,98,98,98,0,,,,,20,7,,,,,,,,,,,,,,,
2019,275,634270,305,06-24-2019,21:31,24,6,June,,11,Clark,2370,1,0,3,1,2,1,1,1,1,,,,8,0,0,No vehicle,0,3,0,3,T Intersection,7,2,4,6,0,0,0,0,W FOURTH PLAIN BLVD,ROOSEVELT AVE,-122.689225,45.640325,98660,0,1,13,Pedestrian/Animal,80,5,35,2,0,0,1,7,8,1,2,4,1,1,Going Straight,1,2,53,,0,37,32,2006,0,0,12,,,,,,1,1,82,2,7,,4,0,3,0,11,4,10/23/2019,11:50,1.96E+11,46954,0,0,0,3,1,38,0,0,0,96,,,,,,0,,,,,,98038,53,64,160,6,1,0,0,0,0,,0,,,,,,0,,,8,0,0,0,0,9,8,,,0,0,0,8,0,2,1,,,1,,,2,1,0,,,,,,,,,,,,,,,,,,,,,,,,,,,,,,0,0,0,1,0,0,0,0,0,0,0,0,0,0,0,0,0,0,1,0,0,0,0,0,0,1,1,1,0,1,1,0,0,0,0,,1,0,0,0,0,0,0,0,0,0,1,0,0,0,0,0,,,,,,81+,76+,State route,U,Tuesday,Belt Used,PV,White,1,0,0,0,State Route,Municipal/City Police,Maple Valley Police Dept,0,1,0,0,0,,,,,,0,0,0,,,,,,,,,,,98,98,98,1,,,,,20,7,,,,,,,,,,,,,,,
2018,275,633480,3,07-24-2018,02:31,24,7,July,0,53,Pierce,1770,1,0,2,1,2,1,0,1,1,,,,1,0,0,No vehicle,8.7,1,0,1,No intersection,3,2,1,3,0,0,0,0,SR-512,,-122.2976389,47.16069167,98703,0,1,1,Driver Off Road,11,2,60,80,0,0,1,2,1,3,1,2,3,14,Making a U turn,1,1,53,,0,42,44,2005,0,0,54,,,,,,1,1,77,1,0,,0,0,3,0,11,0,,,,,0,0,3,3,1,0,0,0,0,96,,,,,,0,,,,,,98075,53,73,220,6,1,0,0,0,0,,0,,,,,,0,,,20,0,0,0,8,9,8,,,0,0,0,8,0,8,95,,,96,,,8,95,995,,,,,,,,,,,,,,,,,,,,,,,,,,,,,,0,0,1,1,0,0,1,1,1,0,0,0,1,0,0,0,0,0,0,0,0,0,0,0,0,1,1,1,0,1,0,0,0,0,0,,0,0,0,0,0,0,0,0,0,0,0,0,0,0,0,0,,,,,,76-80,76+,Interstate,U,Tuesday,Belt Used,PV,Not Fatal,0,1,0,0,State Route,State Patrol,Washington State Patrol,1,1,0,0,0,,,,,,0,0,0,,,,,,,,,,,98,98,98,0,,,,,20,7,,,,,,,,,,,,,,,
2017,275,632714,5,07-25-2017,15:17,25,7,July,0,11,Clark,2370,1,0,1,1,2,1,0,5,4,,,,12,0,7,"Sideswipe,Same",3.5,1,0,1,No intersection,1,2,1,1,0,0,0,0,I-205,,-122.5720417,45.65851111,98662,0,4,98,Others,98,7,60,4,0,0,1,5,12,1,1,3,3,5,Others,1,1,53,,0,12,461,2004,0,0,63,25,30,2,60,54,1,1,49,1,1,,4,7,3,0,11,0,10/29/2019,10:26,1.05E+11,48414,0,0,0,3,1,0,0,0,0,96,,,,,,99,,,,,,98034,53,71,200,6,1,0,1,1,3,,0,,,,,,4,10-15-2016,04-15-2018,99,0,0,0,0,9,8,,,0,0,0,8,9,2,695,605,,1,1,,2,1,0,,,,,,,,,,,,,,,,,,,,,,,,,,,,,,0,0,1,1,0,0,1,1,1,0,0,0,1,0,0,0,0,0,0,0,0,0,0,0,0,1,1,1,0,1,0,0,0,0,0,,1,0,0,0,0,0,1,1,0,1,0,0,0,0,1,0,,,,,,46-50,46-55,Interstate,U,Tuesday,Belt Used,PV,Hispanic,0,1,0,0,State Route,State Patrol,Washington State Patrol,1,1,0,0,0,thc,888,carboxy-thc,888,,0,0,0,,,,,,,,,,,98,98,98,1,,,,,20,7,,,,,,,,,,,,,,,
2017,275,632713,5,07-25-2017,15:17,25,7,July,0,11,Clark,2370,1,0,1,1,2,1,0,5,4,,,,12,0,7,"Sideswipe,Same",3.5,1,0,1,No intersection,1,2,1,1,0,0,0,0,I-205,,-122.5720417,45.65851111,98662,0,3,98,Others,60,4,60,14,0,0,1,2,12,1,1,3,3,5,Others,2,1,53,,0,37,402,2002,0,0,12,,,,,,1,1,54,2,0,,2,0,3,0,11,4,,,,,0,0,0,3,1,0,0,0,0,96,,,,,,0,,,,,,98001,53,67,160,6,1,0,0,2,2,,0,,,,,,0,11-15-2014,08-15-2018,1,0,0,0,8,9,8,,,0,0,0,8,0,8,95,,,96,,,8,95,995,,,,,,,,,,,,,,,,,,,,,,,,,,,,,,0,0,0,1,0,0,1,1,1,0,0,0,0,1,0,0,0,0,0,1,0,0,0,0,0,0,0,0,0,1,0,0,0,0,0,,0,0,0,0,0,0,0,0,0,0,0,0,0,0,0,0,,,,,,51-55,46-55,County road,U,Tuesday,Belt Used,PV,Not Fatal,1,0,0,0,County Road,County Sheriff,King County Police,0,0,1,0,0,,,,,,0,0,0,,,,,,,,,,,98,98,98,0,,,,,20,7,,,,,,,,,,,,,,,
2017,275,632712,5,07-25-2017,15:17,25,7,July,0,11,Clark,2370,1,0,1,1,2,1,0,5,4,,,,12,0,7,"Sideswipe,Same",3.5,1,0,1,No intersection,1,2,1,1,0,0,0,0,I-205,,-122.5720417,45.65851111,98662,0,2,45,Others,60,4,60,34,0,0,1,2,12,1,1,3,3,1,Going Straight,1,2,53,,0,52,37,2003,0,0,12,,,,,,1,1,63,1,7,,4,7,20,7,11,0,10/22/2019,22:44,53046545,46545,0,0,0,2,1,39,0,0,0,96,,,,,,99,,,,,,98002,53,72,180,1,1,0,2,1,1,,0,,,,,,0,03-15-2016,06-15-2019,1,0,0,0,0,9,8,,,0,0,0,8,9,2,401,417,177,98,98,98,2,98,0,,,,,,,,,,,,,,,,,,,,,,,,,,,,,,0,0,0,1,0,0,1,1,1,0,0,0,0,1,0,0,0,0,0,1,0,0,0,0,0,0,0,0,0,1,0,0,0,1,0,,1,0,0,0,0,0,1,1,0,0,0,1,0,0,1,0,,,,,,61-65,56-65,County road,U,Tuesday,Not Used,PV,White,1,0,0,0,County Road,County Sheriff,King County Police,0,0,1,0,0,thc,1,carboxy-thc,8.7,,0,0,15,98,98,,,,695,605,,,,98,98,98,1,,,,,20,7,,,,,,,nms,,,,,,,,
2021,275,635779,21,07-26-2021,04:33,26,7,July,,25,Grant,0,1,,2,1,2,1,0,2,2,,,,12,0,1,Front-to-Rear,3.6,1,0,1,No intersection,7,1,2,4,0,0,0,0,CR-ROAD 9 NW,,-119.9309306,47.21841944,98848,0,1,25,Others,53,3,50,96,0,0,1,5,12,1,1,2,1,1,Going Straight,1,0,92,,0,59,403,2008,0,0,8,,,,,,1,1,72,2,0,,0,0,3,0,11,0,,,,,0,0,0,3,1,38,0,0,0,96,,,,,,0,,,,,,98375,53,61,142,6,1,0,0,0,0,,97,,,,,,0,,,20,0,0,0,8,9,8,,,0,0,0,8,0,8,95,,,96,,,8,95,995,,,,,,,,,,,,,,,,,,,,,,,,,,,,,,0,0,0,1,0,0,0,0,0,0,0,0,0,0,0,0,0,0,1,0,0,0,0,0,0,1,1,0,0,1,0,1,0,0,0,,0,0,0,0,0,0,0,0,0,0,1,0,0,0,0,0,,,,,,71-75,66-75,County road,U,Tuesday,Belt Used,PV,Not Fatal,0,0,0,0,County Road,County Sheriff,Law Enforcement Support Agency,0,0,1,0,0,,,,,,0,0,0,,,,,,,,,,,98,98,98,0,,,,,20,7,,,,,,,,,,,,,,,
2018,276,633482,3,08-06-2018,16:10,6,8,Aug,0,53,Pierce,0,1,0,1,1,7,3,0,6,2,,,,12,0,6,Angle,5.3,2,0,2,4 Way,4,1,1,3,0,0,4,3,SR-702,8TH AVE,-122.4423667,46.93728611,,0,2,87,Others,66,4,55,14,0,0,1,7,1,1,2,2,1,1,Going Straight,4,2,6,,0,58,403,2016,0,0,54,,,,,,1,1,30,1,0,,0,0,3,0,11,0,,,,,0,0,3,3,1,0,0,0,0,96,,,,,,0,,,,,,98115,53,73,200,6,1,0,0,1,0,,0,,,,,,0,06-15-2018,06-15-2018,20,0,0,0,8,9,8,,,0,0,0,8,0,8,95,,,96,,,8,95,995,,,,,,,,,,,,,,,,,,,,,,,,,,,,,,0,0,0,0,0,0,0,0,0,0,0,0,0,0,0,0,0,0,0,0,0,0,0,0,0,1,1,1,1,1,0,0,0,0,0,,0,0,0,0,0,0,0,0,0,0,0,0,0,0,0,0,,,,,,26-30,26-35,State route,U,Friday,Belt Used,PV,Not Fatal,0,0,0,1,State Route,State Patrol,Washington State Patrol,0,1,0,0,0,,,,,,0,0,0,,,,,,,,,,,98,98,98,0,,,,,20,7,,,,,,,,,,,,,,,
2019,276,3752584,263,07-15-2019,08:46,15,7,July,,33,King,1960,10,0,1,1,1,1,1,1,1,,,,8,0,0,No vehicle,0,1,0,1,No intersection,4,2,4,6,0,0,0,0,SW ADMIRAL WY,,-122.4054083,47.57709167,98116,0,1,13,Pedestrian/Animal,80,5,30,34,0,0,1,7,8,1,2,3,5,1,Going Straight,1,2,53,,0,49,402,2018,0,0,54,,,,,,1,1,29,1,0,,0,0,3,0,11,0,,,,,0,0,0,3,1,0,0,0,0,96,,,,,,0,,,,,,98033,53,61,120,6,1,1,1,0,1,,0,,,,,,0,04-15-2015,04-15-2015,20,0,0,0,8,9,8,,,0,0,0,8,0,8,95,,,96,,,8,95,995,,,,,,,,,,,,,,,,,,,,,,,,,,,,,,0,0,0,0,0,0,0,0,0,0,0,0,0,0,0,0,0,0,0,0,0,0,0,0,0,1,1,1,1,1,0,0,0,0,0,,0,0,0,0,0,0,0,0,0,0,0,0,0,0,0,0,,,,,,26-30,26-35,State route,U,Friday,Belt Used,PV,Not Fatal,0,0,0,1,State Route,State Patrol,Washington State Patrol,0,1,0,0,0,,,,,,0,1,1,,,,,,,,,,,98,98,98,0,,,,,20,7,,,,,,,,,,,,,,,
2021,276,635781,5,07-30-2021,22:17,30,7,July,,11,Clark,2370,1,,3,1,2,1,0,1,1,,,,25,0,0,No vehicle,2.4,3,1,4,Y Intersection,2,2,1,3,0,0,0,0,SR-500,STAPLETON RD,-122.6171333,45.64786111,98661,0,1,6,Drive off road,12,2,98,80,0,0,1,2,25,2,1,1,6,14,Making a U turn,1,1,53,,0,34,706,2004,0,0,12,64,25,2,,,1,1,71,1,7,,4,7,20,7,11,0,10/18/2019,11:15,2.60E+11,46947,0,0,3,3,1,0,0,0,0,96,,,,,,99,,,,,,98033,53,72,165,6,1,0,0,0,1,,0,,,,,,0,02-15-2016,02-15-2016,20,8,0,0,0,9,8,,,0,0,0,8,9,0,0,,,0,,,2,4,0,,,,,,,,,,,,,,,,,,,,,,,,,,,,,,0,0,0,0,0,0,0,0,0,0,0,0,0,0,0,0,0,0,0,0,0,0,0,0,0,1,1,1,1,1,0,0,0,0,1,0,0,0,0,0,0,0,0,0,0,0,0,0,0,0,0,0,,,,,,71-75,66-75,State route,U,Friday,,MC,White,0,0,0,1,State Route,State Patrol,Washington State Patrol,0,1,0,0,0,,,,,,0,0,0,,,,,,,,,,,0,0,0,1,,,,,5,0,,,,,,,,,,,,,,,