year,something,Cases,repjur,crash_dt,crash_tm,accday,Month,Month,holiday,county,co_char,city,weather,weather2,lightcond,surfcond,surftype,Number of Fatalities,nmforms,pforms,vforms,not_tm,arr_tm,hosp_tm,fhevent,hitrun,Manner of Collision,Manner of Collision,milepnt,reljunc,reljuncinter,intersectiontype,Intersection Type,funcsystem,landuse,ownership,route,schlbus,spejur,contdev,devfunc,trafid1,trafid2,x,y,zipcode,wk_zone,vnumber,crashtype,Crash Type,criticalevent,criticaleventcat,spdlim,body,trailer,emerg,hazcargo,leave,mhevent,roadalgn,roadprof,traflane,trafflow,Vehicle Manure,Vehicle Manure,numoccs,regowner,regstate,,spuse,make,model,modelyr,vrf1,vrf2,seqevent1,seqevent2,seqevent3,seqevent4,seqevent5,seqevent6,pnumber,ptype,age,sex,hispanic,race,injury,diedscene,restraint,restraintmisuse,seatpos,takehosp,death_dt,death_tm,cert,cernum_wa,commlic,licendor,licrestrict,liccomp,drivpres,drf1,drf2,drf3,drf4,distract1,distract2,distract3,distract4,distract5,distract6,dricond1,dricond2,dricond3,dricond4,dricond5,dricond6,dzip,licstate,drhgt_in,weight,noncdl,noncdltype,prevdwi,prevoth,prevacc,prevspd,prevsus,driviol1,driviol2,driviol3,driviol4,driviol5,driviol6,spdrel,first_dt,last_dt,airbag,ejection,ejectpath,extricat,injurwrk,methalc,methdrug,nmlocat,strikveh,prf1,prf2,prf3,druginv,alcinvol,drugsts,drugres1,drugres2,drugres3,drugtst1,drugtst2,drugtst3,alcsts,alctst,alcres,nmact1,nmact2,nmact3,nmact4,nmact5,nmact6,nmprior1,nmprior2,nmprior3,nmprior4,nmprior5,nmprior6,nmcond1,nmcond2,nmcond3,nmcond4,nmcond5,nmcond6,nmsafe_helmet,nmsafe_pads,nmsafe_oth,nmprev_ref,nmprev_lgt,nmprev_oth,crashlocation,nmcrashtype,crosswalk,schoolzone,sidewalk,train_inv,wildlife_inv,rotr_fars,intersect_fars,Drink and Drive,aid_inv,Drug Positive Drivers,Impaired Drivers,Marijuana Positive,impnm_inv,ainm_inv,dpnm_inv,speed_inv,unlic_inv,unendmc_inv,drowsy_inv,drdist_inv,nmdist_inv,fty_inv,unrestfat_inv,dr1617_inv,dr1820_inv,dr1620_inv,dr2125_inv,dr1625_inv,dr65_inv,dr70_inv,dr75_inv,mc_inv,pv_inv,ht_inv,ped_inv,bike_inv,unrest_fat,mc_fat,unhelmet_mc,pv_fat,ht_fat,ped_fat,bike_fat,dr_alc7,dr_alc8,dr_drug,dr_imp,dr_dist,dr_spd,dr_fty,dr_unlic,dr_alc7only,dr_alc8only,dr_drugonly,dr_drink,nm_imp,nm_alc7,nm_alc8,nm_drug,nm_dist,agegrp1,agegrp2,roadclass,urbrur,dayweek,restuse,vehtype,race_me,intersect,lanedep,oppdir,wrongway,rep_typ,investag,repag_long,rotr,st_rd,cty_rd,city_rd,oth_rd,drug_thc,thc_res,drug_cthc,cthc_res,drug_cann,prevpersemin,prevperse,prevsusoth,drugtst4,drugtst5,drugtst6,drugtst7,drugtst8,drugres4,drugres5,drugres6,drugres7,drugres8,adspresent,adsengaged,adslevel,race1,race2,race3,race4,race5,helmet,helmetmisuse,nmdistract1,nmdistract2,nmdistract3,nmdistract4,nmdistract5,nmdistract6,lab,isedtcase,crf1,crf2,crf3,CoRoadName,CoMP,IntCoRoadName,IntCoMP
2020,276,634962,8,08-04-2020,17:28,4,8,Aug,,9,Clallam,0,1,,1,1,2,1,0,7,2,18:09,18:37,19:16,12,0,6,Angle,54.8,1,0,1,No intersection,5,1,1,3,0,0,0,0,SR-112,,-123.6632528,48.11891667,98363,0,2,66,Specific Other,62,4,55,15,0,0,1,2,12,1,1,2,1,1,Going Straight,1,1,53,,0,20,481,2004,0,0,12,60,54,54,,,1,1,79,1,0,,1,0,3,0,11,5,,,,,0,0,0,3,1,51,0,0,0,96,,,,,,0,,,,,,98027,53,66,195,6,1,0,1,0,0,,97,,,,,,0,01-15-2015,01-15-2015,1,0,0,0,8,9,8,,,0,0,0,8,0,8,95,,,96,,,8,95,995,,,,,,,,,,,,,,,,,,,,,,,,,,,,,,0,0,0,0,0,0,0,0,0,0,0,0,0,0,0,0,0,0,0,0,0,0,0,0,0,1,1,1,1,1,0,0,0,0,0,,0,0,0,0,0,0,0,0,0,0,0,0,0,0,0,0,,,,,,76-80,76+,State route,U,Friday,Belt Used,PV,Not Fatal,0,0,0,1,State Route,State Patrol,Washington State Patrol,0,1,0,0,0,,,,,,0,0,0,,,,,,,,,,,98,98,98,0,,,,,20,7,,,,,,,,,,,,,,,
2020,276,634961,8,08-04-2020,17:28,4,8,Aug,,9,Clallam,0,1,,1,1,2,1,0,7,2,18:09,18:37,19:16,12,0,6,Angle,54.8,1,0,1,No intersection,5,1,1,3,0,0,0,0,SR-112,,-123.6632528,48.11891667,98363,0,1,66,Specific Other,10,2,55,14,0,0,1,2,12,1,1,2,1,15,Others,6,2,53,,0,12,23,2012,0,0,12,12,,,,,1,1,54,2,0,,0,0,3,0,11,0,,,,,0,0,3,3,1,0,0,0,0,0,,,,,,0,,,,,,98233,53,62,145,6,1,0,0,0,0,,0,,,,,,0,,,20,0,0,0,8,9,8,,,0,0,0,0,0,0,0,,,0,,,0,0,996,,,,,,,,,,,,,,,,,,,,,,,,,,,,,,0,0,1,0,0,0,0,0,0,0,0,0,0,1,0,0,0,0,0,1,0,0,0,1,1,1,0,0,0,1,0,0,0,0,0,,0,0,0,0,0,0,0,0,0,0,0,0,0,0,0,0,,,,,,51-55,46-55,Interstate,R,Sunday,Belt Used,PV,Not Fatal,0,1,0,0,State Route,State Patrol,Washington State Patrol,1,1,0,0,0,,,,,,0,0,0,,,,,,,,,,,98,98,98,0,,,,,20,7,,,,,,,,,,,,,,,
2018,276,633481,3,08-06-2018,16:10,6,8,Aug,0,53,Pierce,0,1,0,1,1,7,3,0,6,2,,,,12,0,6,Angle,5.3,2,0,2,4 Way,4,1,1,3,0,0,4,3,SR-702,8TH AVE,-122.4423667,46.93728611,,0,1,86,Others,17,2,45,20,0,0,1,7,12,1,2,2,1,1,Going Straight,2,1,53,,0,49,472,2014,0,0,12,12,,,,,1,1,24,1,0,,0,0,3,0,11,0,,,,,0,0,0,3,1,0,0,0,0,0,,,,,,0,,,,,,98221,53,73,160,6,1,0,0,0,0,,0,,,,,,0,,,1,0,0,0,8,9,8,,,0,0,0,0,0,0,0,,,0,,,0,0,996,,,,,,,,,,,,,,,,,,,,,,,,,,,,,,0,0,1,0,0,0,0,0,0,0,0,0,0,1,0,0,0,0,0,1,0,0,0,1,1,1,0,0,0,1,0,0,0,0,0,,0,0,0,0,0,0,0,0,0,0,0,0,0,0,0,0,,,,,,21-25,16-25,Interstate,R,Sunday,Belt Used,PV,Not Fatal,0,1,0,0,State Route,State Patrol,Washington State Patrol,1,1,0,0,0,,,,,,0,0,0,,,,,,,,,,,98,98,98,0,,,,,20,7,,,,,,,,,,,,,,,
2017,276,632720,82,07-27-2017,20:26,27,7,July,0,41,Lewis,300,1,0,1,1,2,1,1,1,1,,,,8,0,0,No vehicle,0,3,0,2,4 Way,3,2,4,6,0,0,0,0,W MAIN ST,IRON ST,-122.9575667,46.71689722,,0,1,13,Pedestrian/Animal,80,5,25,6,0,0,1,5,8,1,1,2,1,1,Going Straight,1,1,53,,0,12,471,2003,0,0,64,57,65,67,12,1,1,1,69,1,7,,4,7,20,7,11,0,10/20/2019,10:26,53040062,40062,0,0,3,2,1,0,0,0,0,0,,,,,,1,,,,,,98284,53,72,155,1,1,0,0,1,0,,0,,,,,,0,08-15-2019,08-15-2019,1,1,9,0,0,9,8,,,0,0,0,0,0,2,1,,,1,,,2,1,0,,,,,,,,,,,,,,,,,,,,,,,,,,,,,,0,0,1,0,0,0,0,0,0,0,0,0,0,1,0,0,0,0,0,1,0,0,0,1,1,1,0,0,0,1,0,0,0,1,0,,1,0,0,0,0,0,0,0,0,0,0,1,0,0,0,0,,,,,,66-70,66-75,Interstate,R,Sunday,Not Used,PV,White,0,1,0,0,State Route,State Patrol,Washington State Patrol,1,1,0,0,0,,,,,,0,0,0,,,,,,,,,,,98,98,98,1,,,,,20,7,,,,,,,,,,,,,,,
2021,277,635783,2,08-03-2021,18:36,3,8,Aug,,57,Skagit,0,1,,1,1,2,1,0,7,2,,,,57,0,0,No vehicle,232.5,1,0,1,No intersection,1,1,1,1,0,0,0,0,I-5,,-122.3371889,48.5037,98233,0,2,98,Others,8,1,70,4,0,0,1,2,57,1,1,2,3,1,Going Straight,6,2,53,,0,12,401,2000,0,0,63,1,30,,,,1,1,999,8,0,,0,0,99,7,11,0,,,,,99,9,9,9,1,0,0,0,0,96,,,,,,99,,,,,,99999,99,,999,9,9,99,99,99,99,,97,,,,,,0,,,99,9,0,0,8,9,8,,,0,0,0,8,9,0,0,,,0,,,0,0,996,,,,,,,,,,,,,,,,,,,,,,,,,,,,,,0,0,0,0,0,0,0,0,0,0,0,0,0,0,0,0,0,0,0,1,0,0,0,0,0,0,0,0,0,1,0,0,0,0,0,,0,0,0,0,0,0,0,0,0,0,0,0,0,0,0,0,,,,,,,,County road,R,Thursday,Unknown,PV,Not Fatal,0,1,0,0,Other,County Sheriff,Yakima County Sheriff's Office,1,0,0,0,1,,,,,,99,99,99,,,,,,,,,,,98,98,98,0,,,,,20,7,,,,,,,,,,,,,,,
2021,277,635782,2,08-03-2021,18:36,3,8,Aug,,57,Skagit,0,1,,1,1,2,1,0,7,2,,,,57,0,0,No vehicle,232.5,1,0,1,No intersection,1,1,1,1,0,0,0,0,I-5,,-122.3371889,48.5037,98233,0,1,6,Drive off road,9,1,70,34,0,0,1,2,57,1,1,2,3,6,Others,1,1,53,,0,12,23,2012,0,0,8,,,,,,1,1,36,1,0,,0,0,3,0,11,0,,,,,0,0,3,3,1,0,0,0,0,96,,,,,,0,,,,,,99301,53,72,185,6,1,0,0,0,0,,0,,,,,,0,,,20,0,0,0,8,9,8,,,0,0,0,8,0,8,95,,,96,,,8,95,995,,,,,,,,,,,,,,,,,,,,,,,,,,,,,,0,0,0,0,0,0,0,0,0,1,1,1,0,0,0,0,0,0,0,0,0,0,0,0,0,0,0,0,0,1,0,1,0,0,0,,0,0,0,0,0,0,0,0,0,0,0,0,0,0,0,0,,,,,,36-40,36-45,State route,U,Sunday,Belt Used,PV,Not Fatal,0,0,0,0,State Route,State Patrol,Washington State Patrol,0,1,0,0,0,,,,,,0,0,0,,,,,,,,,,,98,98,98,0,,,,,20,7,,,,,,,,,,,,,,,
2020,277,634963,7,08-05-2020,18:43,5,8,Aug,,33,King,0,1,,1,1,2,1,0,1,1,,,,35,0,0,No vehicle,18.9,1,0,1,No intersection,3,1,1,3,0,0,0,0,SR-169,,-122.0762833,47.45349167,98038,0,1,7,Control/Traction Loss,6,1,50,15,0,0,1,2,1,2,1,2,1,6,Others,1,1,53,,0,37,402,2008,0,0,12,1,,,,,1,1,59,2,7,,4,7,3,0,11,0,10/22/2019,09:31,53048118,48118,0,0,3,3,1,0,0,0,0,96,,,,,,0,,,,,,98831,53,71,140,6,1,0,0,0,0,,0,,,,,,0,,,8,0,0,0,1,9,8,,,0,0,0,8,0,2,1,,,1,,,2,1,0,,,,,,,,,,,,,,,,,,,,,,,,,,,,,,0,0,0,0,1,1,0,1,0,0,0,0,0,1,0,0,0,0,0,0,0,0,0,0,0,0,0,0,0,1,0,0,0,0,0,,1,0,0,0,0,0,0,0,0,0,0,0,0,0,0,0,,,,,,56-60,56-65,US highway,R,Tuesday,Belt Used,PV,White,0,1,1,0,State Route,State Patrol,Washington State Patrol,0,1,0,0,0,,,,,,0,0,0,,,,,,,,,,,98,98,98,1,,,,,20,7,,,,,,,,,,,,,,,
2019,277,634228,3,07-27-2019,19:58,27,7,July,,53,Pierce,0,1,0,1,1,2,1,0,1,1,,,,53,0,0,No vehicle,45.4,1,0,1,No intersection,3,2,1,3,0,0,0,0,SR-7,,-122.40725,47.06209167,98387,0,1,2,Control/Traction Loss,51,3,50,14,0,0,1,2,1,1,1,5,5,1,Going Straight,1,1,53,,0,23,421,2009,0,0,12,,,,,,1,1,37,1,0,,2,0,20,7,11,8,,,,,0,0,0,0,1,28,33,91,0,96,,,,,,9,,,,,,98812,53,71,210,0,0,0,0,0,0,,1,,,,,,0,,,8,0,0,0,8,9,8,,,0,0,0,8,1,2,1,,,1,,,2,1,0.093,,,,,,,,,,,,,,,,,,,,,,,,,,,,,,0,0,0,0,1,1,0,1,0,0,0,0,0,1,0,0,0,0,0,0,0,0,0,0,0,0,0,0,0,1,0,0,0,0,0,,0,0,0,0,0,1,0,1,0,0,0,1,0,1,0,1,,,,,,36-40,36-45,US highway,R,Tuesday,Not Used,PV,Not Fatal,0,1,1,0,State Route,State Patrol,Washington State Patrol,0,1,0,0,0,,,,,,0,0,0,,,,,,,,,,,98,98,98,0,,,,,20,7,,,,,,,,,,,,,,,
2018,277,633486,7,08-03-2018,02:49,3,8,Aug,0,33,King,1030,2,0,2,2,2,1,0,4,4,,,,12,0,2,Front-to-Front,3.3,1,0,1,No intersection,3,2,1,3,0,0,0,0,SR-516,,-122.2757111,47.38091944,98089,0,4,98,Others,54,3,60,14,0,0,1,7,12,2,2,2,3,14,Making a U turn,1,1,53,,0,7,472,1993,0,0,63,69,68,64,1,,1,1,55,1,7,,4,7,20,7,11,0,10/22/2019,18:56,1.30E+11,48378,0,0,3,2,1,58,0,0,0,96,,,,,,9,,,,,,99020,53,74,180,1,1,1,0,0,1,,0,,,,,,0,03-15-2015,12-15-2017,20,2,9,0,0,9,8,,,0,0,0,8,1,2,1,,,1,,,2,1,0.32,,,,,,,,,,,,,,,,,,,,,,,,,,,,,,0,0,0,0,1,1,0,1,0,0,0,0,0,1,0,0,0,0,0,1,0,0,0,0,0,0,0,0,0,1,0,0,0,1,0,,1,0,0,0,0,1,0,1,0,0,0,1,0,1,0,1,,,,,,51-55,46-55,State route,R,Tuesday,Not Used,PV,White,0,1,0,0,State Route,State Patrol,Washington State Patrol,1,1,0,0,0,,,,,,0,1,2,,,,,,,,,,,0,0,0,1,,,,,20,7,,,,,,,,,,,,,,,
2018,277,633485,7,08-03-2018,02:49,3,8,Aug,0,33,King,1030,2,0,2,2,2,1,0,4,4,,,,12,0,2,Front-to-Front,3.3,1,0,1,No intersection,3,2,1,3,0,0,0,0,SR-516,,-122.2757111,47.38091944,98089,0,3,98,Others,54,3,60,14,0,0,1,5,54,2,2,2,3,14,Making a U turn,1,1,53,,0,20,481,2016,0,0,64,59,43,,,,1,1,46,1,7,,4,0,20,7,11,5,10-08-2019,05:03,2.11E+11,44213,0,0,0,3,1,0,0,0,0,92,,,,,,99,,,,,,99206,53,68,240,6,1,0,0,0,0,,0,,,,,,0,,,1,0,0,1,0,9,8,,,0,0,0,8,1,2,1,,,1,,,2,1,0.089,,,,,,,,,,,,,,,,,,,,,,,,,,,,,,0,0,1,1,1,1,0,1,0,0,0,0,0,0,0,0,1,0,0,1,0,0,0,0,0,0,0,0,0,1,0,0,0,1,0,,1,0,0,0,0,1,0,1,1,0,0,0,0,1,0,1,,,,,,46-50,46-55,City street,U,Tuesday,Not Used,PV,White,1,0,0,0,City Street,Municipal/City Police,LIBERTY LAKE POLICE DEPT,0,0,0,1,0,,,,,,0,0,0,,,,,,,,,,,98,98,98,1,,,,,20,7,,,,,,,,,,,,,,,
2018,277,633484,7,08-03-2018,02:49,3,8,Aug,0,33,King,1030,2,0,2,2,2,1,0,4,4,,,,12,0,2,Front-to-Front,3.3,1,0,1,No intersection,3,2,1,3,0,0,0,0,SR-516,,-122.2757111,47.38091944,98089,0,2,51,Lateral Move(Going Straight),54,3,60,61,0,0,1,2,12,2,2,2,3,14,Making a U turn,1,3,53,,0,82,881,2000,0,0,63,1,42,,,,1,1,60,1,7,,4,7,3,0,11,0,10-11-2019,19:28,53045869,45869,6,1,3,3,1,0,0,0,0,96,,,,,,99,,,,,,98823,53,69,197,6,1,0,0,0,0,,0,,,,,,0,,,20,0,0,0,1,9,8,,,0,0,0,8,9,2,1,,,1,,,2,1,0,,,,,,,,,,,,,,,,,,,,,,,,,,,,,,0,0,1,0,0,0,0,0,0,0,0,0,0,0,0,0,0,0,0,0,0,0,0,0,0,0,0,0,0,0,1,0,0,0,0,,0,1,0,0,0,0,0,0,0,0,0,0,0,0,0,0,,,,,,56-60,56-65,US highway,R,Friday,,MHTRUCK,White,0,1,0,0,State Route,State Patrol,Washington State Patrol,1,1,0,0,0,,,,,,0,0,0,,,,,,,,,,,98,98,98,1,,,,,20,7,,,,,,,,,,,,,,,
2018,277,633483,7,08-03-2018,02:49,3,8,Aug,0,33,King,1030,2,0,2,2,2,1,0,4,4,,,,12,0,2,Front-to-Front,3.3,1,0,1,No intersection,3,2,1,3,0,0,0,0,SR-516,,-122.2757111,47.38091944,98089,0,1,50,Lateral Move(Left/Right),54,3,98,4,0,0,1,2,12,3,2,2,3,14,Making a U turn,1,1,53,,0,12,461,2008,0,0,12,,,,,,1,1,79,2,0,,1,0,3,0,11,8,,,,,0,0,0,3,1,0,0,0,0,96,,,,,,0,,,,,,98467,53,61,124,6,1,0,0,0,0,,0,,,,,,0,,,8,0,0,0,8,9,8,,,0,0,0,8,0,8,95,,,96,,,8,95,995,,,,,,,,,,,,,,,,,,,,,,,,,,,,,,0,0,0,0,1,0,1,1,1,0,0,0,0,0,0,0,0,0,0,0,0,0,0,0,0,1,1,1,0,1,0,0,0,0,0,,0,0,0,0,0,0,0,0,0,0,0,0,0,0,0,0,,,,,,76-80,76+,City street,U,Tuesday,Belt Used,PV,Not Fatal,0,1,1,0,City Street,Municipal/City Police,Tacoma Police Department,0,0,0,1,0,,,,,,0,0,0,,,,,,,,,,,98,98,98,0,,,,,20,7,,,,,,,,,,,,,,,
2017,277,632725,19,07-30-2017,19:25,30,7,July,0,21,Franklin,0,1,0,1,1,1,1,0,2,2,,,,12,0,1,Front-to-Rear,0.1,1,0,1,No intersection,7,1,2,4,0,0,0,0,CR-MCCLENNY RD,,-118.7829917,46.37083611,,0,2,21,Others,53,3,50,90,0,0,1,5,12,2,1,2,1,5,Others,1,0,53,,0,49,40,2003,0,0,68,12,,,,,1,1,56,2,7,,4,7,99,7,11,0,10/22/2019,12:20,2.23E+11,46736,0,0,3,3,1,28,0,0,0,96,,,,,,99,,,,,,98424,53,59,105,6,1,0,0,2,0,,0,,,,,,0,09-15-2017,06-15-2018,8,0,0,0,0,9,8,,,0,0,0,8,1,2,996,996,996,1,1,1,2,1,0,,,,,,,,,,,,,,,,,,,,,,,,,,,,,,0,0,0,0,1,0,1,1,1,0,0,0,0,0,0,0,0,0,0,0,0,0,0,0,0,1,1,1,0,1,0,0,0,0,0,,1,0,0,0,0,0,1,1,0,0,0,0,0,0,1,1,,,,,,56-60,56-65,City street,U,Tuesday,Unknown,PV,Multiracial,0,1,1,0,City Street,Municipal/City Police,Tacoma Police Department,0,0,0,1,0,thc,3,carboxy-thc,9.7,,0,0,0,1,1,1,,,996,401,417,605,695,98,98,98,201,298,,,,20,7,,,,,,,nms,,,,,,,,
2017,277,632724,19,07-30-2017,19:25,30,7,July,0,21,Franklin,0,1,0,1,1,1,1,0,2,2,,,,12,0,1,Front-to-Rear,0.1,1,0,1,No intersection,7,1,2,4,0,0,0,0,CR-MCCLENNY RD,,-118.7829917,46.37083611,,0,1,20,Others,50,3,50,20,0,0,1,5,12,2,1,2,1,14,Making a U turn,1,1,53,,0,12,471,1987,0,0,12,,,,,,1,1,999,9,0,,0,0,99,7,11,0,,,,,99,9,9,9,1,31,0,0,0,96,,,,,,99,,,,,,99999,99,,999,9,9,99,99,99,99,,0,,,,,,0,,,20,0,0,9,8,9,8,,,0,0,0,8,9,9,999,,,99,,,9,99,999,,,,,,,,,,,,,,,,,,,,,,,,,,,,,,0,0,0,0,1,1,1,1,1,1,0,1,0,1,0,0,0,0,0,0,0,0,0,0,0,0,0,0,0,1,0,1,0,0,0,,0,0,0,0,0,0,0,0,0,0,0,0,0,0,0,0,,,,,,,,County road,U,Friday,Unknown,PV,Not Fatal,0,0,0,0,County Road,County Sheriff,Kitsap County Sheriff's Office,0,0,1,0,0,,,,,,99,99,99,,,,,,,,,,,0,0,0,0,,,,,20,7,,,,,,,,,,,,,,,
2020,278,634965,75,08-09-2020,16:28,9,8,Aug,,11,Clark,240,1,,1,1,2,1,0,6,2,16:34,16:49,17:38,12,0,2,Front-to-Front,9999.8,1,0,1,No intersection,4,2,4,6,0,0,0,0,NW LAKE RD,,-122.4146806,45.60650556,98607,0,2,51,Lateral Move(Going Straight),62,4,35,4,0,0,1,5,12,4,2,2,1,14,Making a U turn,5,2,41,,0,12,481,1968,0,0,12,,,,,,1,1,61,1,0,,0,0,99,7,11,0,,,,,0,0,0,2,1,0,0,0,0,96,,,,,,0,,,,,,98370,53,70,180,1,1,0,0,0,0,,0,,,,,,0,10-15-2018,10-15-2018,20,0,0,0,8,9,8,,,0,0,0,8,0,8,95,,,96,,,8,95,995,,,,,,,,,,,,,,,,,,,,,,,,,,,,,,0,0,0,0,1,1,1,1,1,1,0,1,0,1,0,0,0,0,0,0,0,0,0,0,0,0,0,0,0,1,0,1,0,0,0,,0,0,0,0,0,0,0,0,0,0,0,1,0,0,0,0,,,,,,61-65,56-65,County road,U,Friday,Unknown,PV,Not Fatal,0,0,0,0,County Road,County Sheriff,Kitsap County Sheriff's Office,0,0,1,0,0,,,,,,0,0,1,,,,,,,,,,,0,0,0,0,,,,,20,7,,,,,,,,,,,,,,,
2020,278,634964,75,08-09-2020,16:28,9,8,Aug,,11,Clark,240,1,,1,1,2,1,0,6,2,16:34,16:49,17:38,12,0,2,Front-to-Front,9999.8,1,0,1,No intersection,4,2,4,6,0,0,0,0,NW LAKE RD,,-122.4146806,45.60650556,98607,0,1,50,Lateral Move(Left/Right),10,2,35,5,0,0,1,2,12,4,2,2,1,14,Making a U turn,1,1,53,,0,20,16,1998,0,0,12,12,8,,,,1,1,55,1,0,,9,0,99,7,11,8,,,,,0,0,3,3,1,91,0,0,0,96,,,,,,9,,,,,,98370,53,69,160,6,1,0,1,0,0,,1,12,,,,,0,08-15-2018,08-15-2018,1,0,0,0,8,9,8,,,0,0,0,8,1,2,695,605,,1,1,,2,1,0.23,,,,,,,,,,,,,,,,,,,,,,,,,,,,,,0,0,0,0,1,1,1,1,1,1,0,1,0,1,0,0,0,0,0,0,0,0,0,0,0,0,0,0,0,1,0,1,0,0,0,,0,0,0,0,0,1,1,1,0,0,0,0,0,0,0,1,,,,,,51-55,46-55,County road,U,Friday,Unknown,PV,Not Fatal,0,0,0,0,County Road,County Sheriff,Kitsap County Sheriff's Office,0,0,1,0,0,thc,11,carboxy-thc,71,,0,0,0,,,,,,,,,,,0,0,0,0,,,,,20,7,,,,,,,,,,,,,,,
2019,278,634272,2,05-03-2019,08:08,3,5,May,,61,Snohomish,0,10,0,1,1,2,1,0,4,2,,,,12,0,1,Front-to-Rear,43.4,3,0,3,T Intersection,3,2,1,3,0,0,3,3,SR-99,156TH ST SW,-122.2879028,47.85777778,98087,0,2,21,Others,60,4,98,61,0,0,1,5,12,1,1,4,2,5,Others,3,3,53,,0,37,402,2007,0,0,15,,,,,,1,1,21,1,0,,9,0,99,7,11,8,,,,,0,0,3,2,1,38,0,0,0,96,,,,,,99,,,,,,99217,53,64,160,1,1,1,2,0,1,,97,,,,,,0,09-15-2016,02-15-2018,99,9,0,0,8,9,8,,,0,0,0,8,9,2,695,605,,1,1,,2,1,0,,,,,,,,,,,,,,,,,,,,,,,,,,,,,,0,0,0,1,0,0,1,1,1,1,1,1,0,1,0,0,0,0,1,0,0,0,0,1,1,0,0,0,0,1,0,1,0,0,0,,0,0,0,0,0,0,1,1,0,0,1,1,0,0,1,0,,,,,,21-25,16-25,City street,U,Wednesday,Unknown,PV,Not Fatal,1,0,0,0,City Street,Municipal/City Police,Spokane Police Department,0,0,0,1,0,thc,2.7,carboxy-thc,26,,0,0,3,,,,,,,,,,,98,98,98,0,,,,,20,7,,,,,,,,,,,,,,,
2019,278,634271,2,05-03-2019,08:08,3,5,May,,61,Snohomish,0,10,0,1,1,2,1,0,4,2,,,,12,0,1,Front-to-Rear,43.4,3,0,3,T Intersection,3,2,1,3,0,0,3,3,SR-99,156TH ST SW,-122.2879028,47.85777778,98087,0,1,20,Others,9,1,98,5,0,0,1,7,1,1,1,4,2,1,Going Straight,1,1,53,,0,49,422,2008,0,0,8,,,,,,1,1,36,1,0,,0,0,3,0,11,0,,,,,0,0,0,3,1,10,0,0,0,93,,,,,,0,,,,,,98208,53,71,190,6,1,0,0,0,0,,0,,,,,,0,,,20,0,0,0,8,9,8,,,0,0,0,8,0,8,95,,,96,,,8,95,995,,,,,,,,,,,,,,,,,,,,,,,,,,,,,,0,0,0,0,0,0,0,0,0,0,0,0,0,0,0,0,1,0,0,0,0,0,0,0,0,0,0,0,0,1,0,1,0,0,0,,0,0,0,0,0,0,0,0,1,0,0,0,0,0,0,0,,,,,,36-40,36-45,Other,,Friday,Belt Used,PV,Not Fatal,0,0,0,0,City Street,Municipal/City Police,Everett Police Department,0,0,0,1,0,,,,,,0,0,0,,,,,,,,,,,98,98,98,0,,,,,20,7,,,,,,,,,,,,,,,
2018,278,633488,6,08-04-2018,14:40,4,8,Aug,0,25,Grant,0,1,0,1,1,2,1,0,2,1,14:59,15:10,,1,0,0,No vehicle,82.8,1,0,1,No intersection,4,2,1,3,0,0,0,0,SR-17,,-119.4343722,47.57333333,,0,1,6,Drive off road,12,2,60,15,0,0,1,7,1,1,1,2,1,1,Going Straight,2,2,53,,0,18,25,2013,0,0,12,,,,,,1,1,21,2,0,,3,0,3,0,11,4,,,,,0,0,3,3,1,0,0,0,0,96,,,,,,0,,,,,,99327,53,64,140,6,1,0,0,2,2,,0,,,,,,0,06-15-2015,03-15-2017,8,0,0,0,8,9,8,,,0,0,0,8,0,8,95,,,96,,,8,95,995,,,,,,,,,,,,,,,,,,,,,,,,,,,,,,0,0,0,0,1,1,1,1,0,0,0,0,0,0,0,0,0,0,0,0,0,0,0,1,1,0,0,0,0,1,0,0,0,0,0,,0,0,0,0,0,0,0,0,0,0,0,0,0,0,0,0,,,,,,21-25,16-25,Interstate,R,Thursday,Belt Used,PV,Not Fatal,0,0,0,1,State Route,State Patrol,Washington State Patrol,0,1,0,0,0,,,,,,0,0,0,,,,,,,,,,,98,98,98,0,,,,,20,7,,,,,,,,,,,,,,,
2017,278,632721,2,07-31-2017,15:38,31,7,July,0,73,Whatcom,110,1,0,1,1,1,1,0,1,1,,,,1,0,0,No vehicle,250.5,1,0,1,No intersection,1,2,1,1,0,0,0,0,I-5,,-122.4747222,48.71324722,98225,0,1,98,Others,12,2,60,40,0,0,1,2,1,2,1,2,3,14,Making a U turn,1,1,53,,0,49,40,2014,0,0,12,,,,,,1,1,43,1,1,,4,7,3,0,11,0,09/19/2019,22:21,84053041498,41498,0,0,0,3,1,51,0,0,0,96,,,,,,9,,,,,,98944,53,,999,6,1,1,1,0,0,,0,,,,,,0,01-15-2018,01-15-2018,8,0,0,0,0,9,8,,,0,0,0,1,1,2,401,417,,1,1,,2,1,0.322,,,,,,,,,,,,,,,,,,,,,,,,,,,,,,0,0,0,0,1,1,1,1,0,0,0,0,0,0,0,0,0,0,0,0,0,0,0,1,1,0,0,0,0,1,0,0,0,0,0,,1,0,0,0,0,1,1,1,0,0,0,0,0,0,0,1,,,,,,41-45,36-45,Interstate,R,Thursday,Belt Used,PV,Hispanic,0,0,0,1,State Route,State Patrol,Washington State Patrol,0,1,0,0,0,,,,,,0,0,1,,,,,,,,,,,98,98,98,298,,,,,20,7,,,,,,,,,,,,,,,