year,something,Cases,repjur,crash_dt,crash_tm,accday,Month,Month,holiday,county,co_char,city,weather,weather2,lightcond,surfcond,surftype,Number of Fatalities,nmforms,pforms,vforms,not_tm,arr_tm,hosp_tm,fhevent,hitrun,Manner of Collision,Manner of Collision,milepnt,reljunc,reljuncinter,intersectiontype,Intersection Type,funcsystem,landuse,ownership,route,schlbus,spejur,contdev,devfunc,trafid1,trafid2,x,y,zipcode,wk_zone,vnumber,crashtype,Crash Type,criticalevent,criticaleventcat,spdlim,body,trailer,emerg,hazcargo,leave,mhevent,roadalgn,roadprof,traflane,trafflow,Vehicle Manure,Vehicle Manure,numoccs,regowner,regstate,,spuse,make,model,modelyr,vrf1,vrf2,seqevent1,seqevent2,seqevent3,seqevent4,seqevent5,seqevent6,pnumber,ptype,age,sex,hispanic,race,injury,diedscene,restraint,restraintmisuse,seatpos,takehosp,death_dt,death_tm,cert,cernum_wa,commlic,licendor,licrestrict,liccomp,drivpres,drf1,drf2,drf3,drf4,distract1,distract2,distract3,distract4,distract5,distract6,dricond1,dricond2,dricond3,dricond4,dricond5,dricond6,dzip,licstate,drhgt_in,weight,noncdl,noncdltype,prevdwi,prevoth,prevacc,prevspd,prevsus,driviol1,driviol2,driviol3,driviol4,driviol5,driviol6,spdrel,first_dt,last_dt,airbag,ejection,ejectpath,extricat,injurwrk,methalc,methdrug,nmlocat,strikveh,prf1,prf2,prf3,druginv,alcinvol,drugsts,drugres1,drugres2,drugres3,drugtst1,drugtst2,drugtst3,alcsts,alctst,alcres,nmact1,nmact2,nmact3,nmact4,nmact5,nmact6,nmprior1,nmprior2,nmprior3,nmprior4,nmprior5,nmprior6,nmcond1,nmcond2,nmcond3,nmcond4,nmcond5,nmcond6,nmsafe_helmet,nmsafe_pads,nmsafe_oth,nmprev_ref,nmprev_lgt,nmprev_oth,crashlocation,nmcrashtype,crosswalk,schoolzone,sidewalk,train_inv,wildlife_inv,rotr_fars,intersect_fars,Drink and Drive,aid_inv,Drug Positive Drivers,Impaired Drivers,Marijuana Positive,impnm_inv,ainm_inv,dpnm_inv,speed_inv,unlic_inv,unendmc_inv,drowsy_inv,drdist_inv,nmdist_inv,fty_inv,unrestfat_inv,dr1617_inv,dr1820_inv,dr1620_inv,dr2125_inv,dr1625_inv,dr65_inv,dr70_inv,dr75_inv,mc_inv,pv_inv,ht_inv,ped_inv,bike_inv,unrest_fat,mc_fat,unhelmet_mc,pv_fat,ht_fat,ped_fat,bike_fat,dr_alc7,dr_alc8,dr_drug,dr_imp,dr_dist,dr_spd,dr_fty,dr_unlic,dr_alc7only,dr_alc8only,dr_drugonly,dr_drink,nm_imp,nm_alc7,nm_alc8,nm_drug,nm_dist,agegrp1,agegrp2,roadclass,urbrur,dayweek,restuse,vehtype,race_me,intersect,lanedep,oppdir,wrongway,rep_typ,investag,repag_long,rotr,st_rd,cty_rd,city_rd,oth_rd,drug_thc,thc_res,drug_cthc,cthc_res,drug_cann,prevpersemin,prevperse,prevsusoth,drugtst4,drugtst5,drugtst6,drugtst7,drugtst8,drugres4,drugres5,drugres6,drugres7,drugres8,adspresent,adsengaged,adslevel,race1,race2,race3,race4,race5,helmet,helmetmisuse,nmdistract1,nmdistract2,nmdistract3,nmdistract4,nmdistract5,nmdistract6,lab,isedtcase,crf1,crf2,crf3,CoRoadName,CoMP,IntCoRoadName,IntCoMP
2021,279,635785,4,08-06-2021,15:48,6,8,Aug,,43,Lincoln,0,1,,1,1,2,1,0,2,2,,,,12,0,6,Angle,240.8,1,0,1,No intersection,1,1,1,1,0,0,0,0,I-90,,-118.015975,47.30069722,99032,0,2,66,Specific Other,62,4,60,66,1,0,1,5,12,2,2,2,2,14,Making a U turn,1,3,19,,0,55,404,2018,0,0,12,,,,,,1,1,64,2,0,,0,0,3,0,11,0,,,,,0,0,3,3,1,0,0,0,0,96,,,,,,0,,,,,,98031,53,68,175,6,1,0,0,0,0,,0,,,,,,0,,,20,0,0,0,8,9,8,,,0,0,0,8,0,8,95,,,96,,,8,95,995,,,,,,,,,,,,,,,,,,,,,,,,,,,,,,0,0,1,0,0,0,1,1,1,0,0,0,0,0,0,0,0,0,1,0,0,0,0,0,0,0,0,0,1,1,0,0,0,0,0,,0,0,0,0,0,0,0,0,0,0,0,0,0,0,0,0,,,,,,61-65,56-65,State route,U,Friday,Belt Used,PV,Not Fatal,0,1,0,0,State Route,State Patrol,Washington State Patrol,1,1,0,0,0,,,,,,0,0,0,,,,,,,,,,,98,98,98,0,,,,,20,7,,,,,,,,,,,,,,,
2021,279,635784,4,08-06-2021,15:48,6,8,Aug,,43,Lincoln,0,1,,1,1,2,1,0,2,2,,,,12,0,6,Angle,240.8,1,0,1,No intersection,1,1,1,1,0,0,0,0,I-90,,-118.015975,47.30069722,99032,0,1,66,Specific Other,12,2,70,34,0,0,1,2,12,3,2,2,2,14,Making a U turn,1,1,30,,0,12,481,2016,0,0,64,25,69,12,,,1,1,35,1,0,,0,0,3,0,11,0,,,,,0,0,0,3,1,0,0,0,0,96,,,,,,0,,,,,,98002,53,66,180,6,1,0,1,0,2,,0,,,,,,0,01-15-2016,02-15-2019,20,0,0,0,8,9,8,,,0,0,0,8,0,8,95,,,96,,,8,95,995,,,,,,,,,,,,,,,,,,,,,,,,,,,,,,0,0,1,0,0,0,1,1,1,0,0,0,0,0,0,0,0,0,1,0,0,0,0,0,0,0,0,0,1,1,0,0,0,0,0,,0,0,0,0,0,0,0,0,0,0,0,0,0,0,0,0,,,,,,31-35,26-35,State route,U,Friday,Belt Used,PV,Not Fatal,0,1,0,0,State Route,State Patrol,Washington State Patrol,1,1,0,0,0,,,,,,0,0,0,,,,,,,,,,,98,98,98,0,,,,,20,7,,,,,,,,,,,,,,,
2020,279,634966,305,08-08-2020,20:25,8,8,Aug,,11,Clark,2370,1,,5,1,2,1,0,1,1,,,,59,0,0,No vehicle,6.1,1,0,1,No intersection,4,2,1,3,0,0,0,0,SR-501,,-122.7593583,45.67292222,98660,0,1,1,Driver Off Road,13,2,50,4,0,0,1,2,1,3,1,2,1,14,Making a U turn,1,2,41,,0,72,706,2003,0,0,12,1,12,,,,1,1,59,1,7,,4,7,20,7,11,0,10-11-2019,13:59,1.03E+11,45339,0,0,0,3,1,38,0,0,0,96,,,,,,99,,,,,,98547,53,71,217,6,1,0,0,0,0,,0,,,,,,0,,,20,8,0,0,0,9,8,,,0,0,0,8,0,2,177,189,605,1,1,1,2,1,0,,,,,,,,,,,,,,,,,,,,,,,,,,,,,,0,0,1,0,0,0,1,1,1,0,0,0,0,0,0,0,0,0,1,0,0,0,0,0,0,0,0,0,1,1,0,0,0,0,1,0,0,0,0,0,0,0,1,1,0,0,1,0,0,0,1,0,,,,,,56-60,56-65,State route,U,Friday,,MC,White,0,1,0,0,State Route,State Patrol,Washington State Patrol,1,1,0,0,0,thc,7.4,,,,0,0,0,,,,,,,,,,,0,0,0,1,,,,,5,0,,,,,,,nms,,,,,,,,
2019,279,634078,163,05-31-2019,16:20,31,5,May,,33,King,1050,1,0,1,1,2,1,1,1,1,,,,8,0,0,No vehicle,0,3,0,2,4 Way,3,2,4,6,0,0,20,3,MARKET ST,CENTRAL WAY,-122.2095028,47.67639167,98033,0,1,13,Pedestrian/Animal,80,5,25,34,0,0,1,7,8,1,1,3,1,11,Turning Red: Permitted on red,1,2,53,,0,59,32,2006,0,0,12,,,,,,1,1,68,1,7,,4,7,3,0,11,0,10/16/2019,10:40,53045925,45925,0,0,0,3,1,0,0,0,0,96,,,,,,99,,,,,,85123,4,67,170,6,1,0,0,0,0,,0,,,,,,0,,,8,0,0,0,0,9,8,,,0,0,0,8,9,2,1,,,1,,,2,1,0,,,,,,,,,,,,,,,,,,,,,,,,,,,,,,0,0,0,0,0,0,0,0,0,0,0,0,0,1,0,0,0,0,0,0,0,0,0,0,0,1,0,0,0,1,0,0,0,0,0,,1,0,0,0,0,0,0,0,0,0,0,0,0,0,0,0,,,,,,66-70,66-75,County road,R,Wednesday,Belt Used,PV,White,0,1,1,0,County Road,County Sheriff,King County Police,0,0,1,0,0,,,,,,0,0,0,,,,,,,,,,,98,98,98,1,,,,,20,7,,,,,,,,,,,,,,,
2018,279,633464,14,07-31-2018,13:28,31,7,July,0,11,Clark,0,1,0,1,1,2,1,0,1,1,,,,33,0,0,No vehicle,0.5,1,0,1,No intersection,4,2,2,4,0,0,0,0,CR-NE HAZEL DELL AVE,,-122.6686389,45.66255278,98663,0,1,1,Driver Off Road,13,2,30,80,0,0,1,7,31,3,2,2,1,14,Making a U turn,1,2,53,,0,49,471,1993,0,0,68,12,,,,,1,1,32,1,0,,3,0,3,0,11,5,,,,,0,0,3,2,1,28,0,0,0,96,,,,,,99,,,,,,98024,53,73,220,1,1,0,3,2,1,,97,,,,,,0,10-15-2014,05-15-2019,20,0,0,0,8,9,8,,,0,0,0,8,9,8,95,,,96,,,8,95,995,,,,,,,,,,,,,,,,,,,,,,,,,,,,,,0,0,0,0,0,0,0,0,0,0,0,0,0,1,0,0,0,0,0,0,0,0,0,0,0,1,0,0,0,1,0,0,0,0,0,,0,0,0,0,0,0,0,0,0,0,0,1,0,0,0,0,,,,,,31-35,26-35,County road,R,Wednesday,Belt Used,PV,Not Fatal,0,1,1,0,County Road,County Sheriff,King County Police,0,0,1,0,0,,,,,,0,0,9,,,,,,,,,,,0,0,0,0,,,,,20,7,,,,,,,,,,,,,,,
2017,279,632678,5,07-15-2017,18:44,15,7,July,0,41,Lewis,0,1,0,1,1,2,1,0,1,1,18:43,18:49,19:37,10,0,0,No vehicle,46.1,6,0,1,No intersection,4,1,1,3,0,0,65,3,SR-6,,-123.0709694,46.62698889,98532,0,1,98,Others,17,2,55,34,0,0,1,2,10,1,1,2,1,1,Going Straight,1,1,53,,0,59,35,2002,0,0,15,,,,,,1,1,55,1,0,,0,0,3,0,11,0,,,,,0,0,0,3,1,0,0,0,0,96,,,,,,0,,,,,,98683,53,73,190,6,1,0,0,0,1,,0,,,,,,0,08-15-2017,08-15-2017,20,0,0,0,8,9,8,,,0,0,0,8,0,2,1,,,1,,,2,1,0,,,,,,,,,,,,,,,,,,,,,,,,,,,,,,0,0,0,1,0,0,0,0,0,0,0,0,0,0,0,0,0,0,0,0,0,0,0,0,0,0,0,0,0,1,0,1,0,0,0,,0,0,0,0,0,0,0,0,0,0,0,0,0,0,0,0,,,,,,51-55,46-55,City street,U,Tuesday,Belt Used,PV,Not Fatal,1,0,0,0,City Street,Municipal/City Police,Vancouver Police Department,0,0,0,1,0,,,,,,0,0,0,,,,,,,,,,,98,98,98,0,,,,,20,7,,,,,,,,,,,,,,,
2021,280,635786,146,08-05-2021,10:05,5,8,Aug,,77,Yakima,0,10,,1,1,5,3,0,7,1,,,,59,0,0,No vehicle,0.2,1,0,1,No intersection,7,1,2,4,0,3,0,0,CR-SHIELDS RD,,-120.5654611,46.42255833,98951,0,1,6,Drive off road,6,1,50,34,0,0,1,2,1,1,4,2,1,1,Going Straight,7,2,53,,0,37,31,1992,0,0,63,52,,,,,1,1,30,1,7,,4,0,3,0,11,8,10/15/2019,18:20,69053046437,46437,0,0,3,2,1,0,0,0,0,96,,,,,,99,,,,,,98258,53,75,215,1,1,1,0,0,1,,0,,,,,,0,04-15-2018,04-15-2018,1,0,0,0,0,9,8,,,0,0,0,8,9,2,417,351,313,1,1,1,2,1,0,,,,,,,,,,,,,,,,,,,,,,,,,,,,,,0,0,1,0,0,0,1,1,0,0,0,0,0,1,0,0,0,0,0,0,0,0,0,0,0,0,0,0,0,1,0,0,0,0,0,,1,0,0,0,0,0,1,1,0,0,0,1,0,0,1,0,,,,,,26-30,26-35,State route,U,Saturday,Belt Used,PV,White,0,1,0,0,State Route,Municipal/City Police,Everett Police Department,1,1,0,0,0,,,,,,0,0,1,1,1,1,,,300,348,151,996,996,0,0,0,1,,,,,20,7,,,,,,,,,,,,,,,
2020,280,634967,278,08-15-2020,22:45,15,8,Aug,,63,Spokane,2110,1,,3,1,2,1,2,1,1,22:48,22:52,23:18,8,0,0,No vehicle,0,8,0,1,No intersection,3,2,4,6,0,0,0,0,N MONROE ST,,-117.4266806,47.67888333,99205,0,1,13,Pedestrian/Animal,80,5,30,14,0,0,1,2,8,1,1,3,5,10,Others,1,1,53,,0,41,402,2005,0,0,12,,,,,,1,1,44,1,0,,0,0,3,0,11,0,,,,,0,0,0,3,1,0,0,0,0,96,,,,,,0,,,,,,99205,53,70,180,6,1,0,0,0,0,,0,,,,,,0,,,20,0,0,0,8,9,8,,,0,0,0,8,0,8,95,,,96,,,8,95,995,,,,,,,,,,,,,,,,,,,,,,,,,,,,,,0,0,0,1,0,0,1,1,0,0,0,0,1,1,1,0,0,0,0,0,0,0,0,0,0,0,0,0,1,1,0,0,0,0,0,,0,0,0,0,0,0,0,0,0,0,0,0,0,0,0,0,,,,,,41-45,36-45,City street,U,Tuesday,Belt Used,PV,Not Fatal,1,0,0,0,City Street,Municipal/City Police,Spokane Police Department,0,0,0,1,0,,,,,,0,0,0,,,,,,,,,,,98,98,98,0,,,,,20,7,,,,,,,,,,,,,,,
2019,280,634273,349,07-31-2019,22:13,31,7,July,,53,Pierce,0,1,0,3,1,2,1,0,1,1,,,,33,0,0,No vehicle,0,1,0,1,No intersection,96,6,96,8,0,2,0,0,41ST DIVISION DR,,-122.5901028,47.10625833,98433,0,1,6,Drive off road,10,2,35,80,0,0,1,7,1,2,2,2,2,14,Making a U turn,1,1,53,,0,73,706,2009,0,0,12,,,,,,1,1,36,1,7,,4,7,20,7,11,0,10/15/2019,18:53,2.11E+11,45995,0,0,0,2,1,0,0,0,0,96,,,,,,99,,,,,,99205,53,74,195,1,1,0,1,0,3,,0,,,,,,3,08-15-2015,02-15-2019,20,8,0,0,0,9,8,,,0,0,0,8,9,2,128,177,401,1,1,1,2,1,0,,,,,,,,,,,,,,,,,,,,,,,,,,,,,,0,0,0,1,0,0,1,1,0,0,0,0,1,1,1,0,0,0,0,0,0,0,0,0,0,0,0,0,1,1,0,0,0,0,1,0,0,0,0,0,0,0,1,1,0,1,0,1,0,0,1,0,,,,,,36-40,36-45,City street,U,Tuesday,,MC,White,1,0,0,0,City Street,Municipal/City Police,Spokane Police Department,0,0,0,1,0,,,,,,0,0,0,1,,,,,417,,,,,0,0,0,1,,,,,19,0,,,,,,,,,,,,,,,
2018,280,633465,21,07-25-2018,16:57,25,7,July,0,25,Grant,0,1,0,1,1,4,1,0,2,1,18:02,18:12,18:54,1,0,0,No vehicle,9.1,1,0,1,No intersection,7,1,2,4,0,0,0,0,CR-RD 9 NE,,-119.2612667,47.21908333,98837,0,1,2,Control/Traction Loss,13,2,50,2,0,0,1,7,1,1,2,8,1,1,Going Straight,2,2,53,,0,13,2,1994,0,0,68,68,63,14,,,1,1,55,1,7,,4,0,1,0,11,8,04/20/2019,15:57,1.65E+11,,0,0,3,2,1,0,0,0,0,96,,,,,,99,,,,,,98631,53,68,205,1,1,1,2,1,0,,0,,,,,,3,03-15-2016,06-15-2017,20,0,0,0,0,9,8,,,0,0,0,8,9,8,95,,,96,,,8,95,995,,,,,,,,,,,,,,,,,,,,,,,,,,,,,,0,0,0,0,0,0,0,0,0,0,0,0,1,1,0,0,0,0,0,0,0,0,0,0,0,0,0,0,0,1,1,0,0,0,0,,1,0,0,0,0,0,0,0,0,1,0,1,0,0,0,0,,,,,,51-55,46-55,County road,R,Wednesday,Belt Used,PV,White,0,1,0,0,County Road,County Sheriff,Pacific County Sheriff's Office,1,0,1,0,0,,,,,,0,1,2,,,,,,,,,,,0,0,0,1,,,,,20,7,,,,,,,,,,,,,,,
2017,280,632723,14,07-30-2017,19:59,30,7,July,0,11,Clark,240,1,0,1,1,2,1,0,2,2,,,,12,0,6,Angle,0,2,0,2,4 Way,4,2,4,6,0,0,20,3,NW BRADY RD,NW 16TH AVE,-122.4527167,45.59065278,98607,0,2,89,Others,66,4,35,4,0,0,1,2,12,1,1,2,1,3,Others,1,2,53,,0,7,482,2015,0,0,9,,,,,,1,1,45,1,0,,0,0,3,0,11,0,,,,,0,0,0,0,1,0,0,0,0,93,,,,,,0,,,,,,98684,53,69,185,0,0,0,0,0,1,,97,,,,,,0,06-15-2018,06-15-2018,20,0,0,0,8,9,2,,,0,0,0,0,0,2,1,,,1,,,2,1,0,,,,,,,,,,,,,,,,,,,,,,,,,,,,,,0,0,0,1,0,0,0,0,0,0,0,0,0,1,0,0,1,0,0,0,0,0,0,0,0,0,0,0,0,1,0,0,1,0,0,,0,0,0,0,0,0,0,0,1,0,0,1,0,0,0,0,,,,,,41-45,36-45,County road,R,Tuesday,Belt Used,PV,Not Fatal,1,0,0,0,County Road,County Sheriff,Clark County Sheriff's Office,0,0,1,0,0,,,,,,0,0,0,,,,,,,,,,,98,98,98,0,,,,,20,7,,,,,,,,,,,,,,,
2017,280,632722,14,07-30-2017,19:59,30,7,July,0,11,Clark,240,1,0,1,1,2,1,0,2,2,,,,12,0,6,Angle,0,2,0,2,4 Way,4,2,4,6,0,0,20,3,NW BRADY RD,NW 16TH AVE,-122.4527167,45.59065278,98607,0,1,88,Striking from the Left,17,2,35,80,0,0,1,2,12,1,1,2,1,1,Going Straight,1,1,53,,0,12,481,2000,0,0,8,,,,,,1,1,66,8,0,,0,0,3,0,11,0,,,,,0,0,0,0,1,10,0,0,0,96,,,,,,0,,,,,,98002,53,66,170,3,1,0,1,2,1,,72,75,,,,,0,11-15-2017,03-15-2018,20,0,0,0,8,9,8,,,0,0,0,8,0,8,95,,,96,,,8,95,995,,,,,,,,,,,,,,,,,,,,,,,,,,,,,,0,0,0,0,0,0,0,0,0,0,0,0,0,1,0,0,0,0,0,0,0,0,0,0,0,1,0,0,0,1,0,1,0,0,0,,0,0,0,0,0,0,0,0,0,0,0,1,0,0,0,0,,,,,,66-70,66-75,County road,U,Friday,Belt Used,PV,Not Fatal,0,0,0,0,County Road,County Sheriff,King County Police,0,0,1,0,0,,,,,,0,0,0,,,,,,,,,,,98,98,98,0,,,,,20,7,,,,,,,,,,,,,,,
2021,281,635787,35,08-06-2021,01:31,6,8,Aug,,53,Pierce,0,8,,2,2,2,2,0,2,1,,,,21,0,0,No vehicle,4.9,1,0,1,No intersection,4,2,2,4,0,0,0,0,CR-WALLER RD E,,-122.3888861,47.15834722,98446,0,1,6,Drive off road,6,1,35,2,0,0,1,2,21,1,1,2,1,1,Going Straight,2,2,53,,0,42,42,2015,0,0,71,3,,,,,1,1,20,8,7,,4,7,99,7,11,0,09/30/2019,02:20,53044541,44541,0,0,0,3,1,39,0,0,0,96,,,,,,99,,,,,,98002,53,66,170,6,1,0,1,2,1,,0,,,,,,0,11-15-2017,03-15-2018,20,0,0,0,0,9,8,,,0,0,0,8,9,2,605,695,,1,1,,2,1,0.179,,,,,,,,,,,,,,,,,,,,,,,,,,,,,,0,0,0,1,1,1,1,1,1,0,0,0,0,0,0,0,0,0,0,0,0,1,1,0,1,0,0,0,0,1,0,0,0,0,0,,1,0,0,0,0,1,1,1,0,0,0,0,0,0,0,1,,,,,,18-20,16-25,County road,R,Monday,Unknown,PV,API,0,1,0,0,Other,County Sheriff,King County Police,1,0,0,0,1,thc,4.5,carboxy-thc,26,,0,0,0,,,,,,,,,,,98,98,98,68,,,,,20,7,,,,,,,nms,,,,,,,,
2020,281,634969,146,08-15-2020,20:07,15,8,Aug,,77,Yakima,0,1,,1,1,2,1,0,3,2,20:21,21:00,21:28,12,0,6,Angle,12.7,1,0,1,No intersection,6,1,2,4,0,3,0,0,CR-PROGRESSIVE RD,,-120.4454278,46.41911389,98951,0,2,66,Specific Other,54,3,50,2,0,0,1,2,12,1,1,2,1,1,Going Straight,2,2,53,,6,12,870,2018,0,0,15,,,,,,1,1,26,2,0,,0,0,3,0,11,0,,,,,0,0,3,3,1,0,0,0,0,96,,,,,,0,,,,,,98198,53,61,127,6,1,0,0,0,0,,0,,,,,,0,,,20,0,0,0,8,9,8,,,0,0,0,8,0,2,1,,,1,,,2,1,0,,,,,,,,,,,,,,,,,,,,,,,,,,,,,,0,0,0,0,0,0,0,0,0,1,1,0,0,0,0,0,0,0,0,0,0,0,0,0,0,0,0,0,0,0,1,1,0,0,0,,0,0,0,0,0,0,0,0,0,0,0,0,0,0,0,0,,,,,,26-30,26-35,State route,U,Saturday,,MHTRUCK,Not Fatal,0,0,0,0,State Route,State Patrol,Washington State Patrol,0,1,0,0,0,,,,,,0,0,0,,,,,,,,,,,98,98,98,0,,,,,20,7,,,,,,,,,,,,,,,
2020,281,634968,146,08-15-2020,20:07,15,8,Aug,,77,Yakima,0,1,,1,1,2,1,0,3,2,20:21,21:00,21:28,12,0,6,Angle,12.7,1,0,1,No intersection,6,1,2,4,0,3,0,0,CR-PROGRESSIVE RD,,-120.4454278,46.41911389,98951,0,1,66,Specific Other,9,1,50,4,0,0,1,2,12,1,1,2,1,1,Going Straight,1,1,53,,0,12,471,1994,0,0,63,1,3,,,,1,1,65,1,7,,4,7,20,7,11,0,10-04-2019,22:00,53050085,50085,0,0,3,3,1,31,0,0,0,96,,,,,,99,,,,,,98051,53,72,195,6,1,0,0,0,0,,0,,,,,,0,,,20,2,9,0,0,9,8,,,0,0,0,8,9,2,695,605,,1,1,,2,1,0.19,,,,,,,,,,,,,,,,,,,,,,,,,,,,,,0,0,0,0,1,1,1,1,1,0,0,0,0,0,0,0,0,0,0,1,0,0,0,0,0,1,0,0,0,1,0,0,0,1,0,,1,0,0,0,0,1,1,1,0,0,0,0,0,0,0,1,,,,,,61-65,56-65,Other,,Friday,Not Used,PV,White,0,1,0,0,Other,County Sheriff,King County Police,1,0,0,0,1,thc,5.9,carboxy-thc,5.2,,0,0,0,,,,,,,,,,,0,0,0,1,,,,,20,7,,,,,,,,,,,,,,,
2019,281,634274,8,08-02-2019,22:28,2,8,Aug,,45,Mason,2000,1,0,3,1,2,1,1,2,1,,,,8,0,0,No vehicle,1.6,1,0,1,No intersection,3,2,1,3,0,0,0,0,SR-3,,-123.0916583,47.20078333,,0,1,13,Pedestrian/Animal,80,5,30,5,0,0,1,5,8,1,2,3,5,1,Going Straight,2,1,53,,0,41,35,1998,0,0,12,,,,,,1,1,62,1,7,,4,7,20,7,11,0,10-07-2019,00:44,53044504,44504,0,0,3,3,1,0,0,0,0,96,,,,,,99,,,,,,98248,53,71,260,6,1,0,7,3,1,,0,,,,,,0,06-15-2016,08-15-2018,8,0,0,0,1,9,8,,,0,0,0,8,9,2,1,,,1,,,2,1,0,,,,,,,,,,,,,,,,,,,,,,,,,,,,,,0,0,0,0,1,1,1,1,1,0,0,0,0,0,0,0,0,0,0,1,0,0,0,0,0,0,0,0,0,1,0,0,0,1,0,,1,0,0,0,0,0,0,0,0,0,0,0,0,0,0,0,,,,,,61-65,56-65,County road,R,Monday,Not Used,PV,Multiracial,0,1,1,0,County Road,State Patrol,Washington State Patrol,0,0,1,0,0,,,,,,0,0,0,,,,,,,,,,,0,0,0,201,298,,,,20,7,,,,,,,,,,,,,,,
2018,281,633474,2,07-11-2018,00:22,11,7,July,0,73,Whatcom,0,1,0,2,1,2,1,0,2,1,00:15,00:37,,24,0,0,No vehicle,15,1,0,1,No intersection,4,1,1,3,0,0,0,0,SR-542,,-122.1954583,48.82064167,98244,0,1,1,Driver Off Road,13,2,55,3,0,0,1,2,1,3,1,2,1,14,Making a U turn,2,1,53,,0,12,461,2002,0,0,68,12,,,,,1,1,31,1,0,,0,0,3,0,11,0,,,,,0,0,0,3,1,28,0,0,0,96,,,,,,9,,,,,,98266,53,76,180,6,1,0,1,0,2,,1,,,,,,0,06-15-2015,10-15-2018,1,0,0,0,8,9,8,,,0,0,0,8,1,2,695,605,,1,1,,2,1,0.12,,,,,,,,,,,,,,,,,,,,,,,,,,,,,,0,0,0,0,1,1,1,1,1,0,0,0,0,0,0,0,0,0,0,1,0,0,0,0,0,0,0,0,0,1,0,0,0,0,0,,0,0,0,0,0,1,1,1,0,0,0,0,0,0,0,1,,,,,,31-35,26-35,County road,R,Monday,Belt Used,PV,Not Fatal,0,1,1,0,County Road,State Patrol,Washington State Patrol,0,0,1,0,0,thc,6.1,carboxy-thc,30,,0,0,4,,,,,,,,,,,98,98,98,0,,,,,20,7,,,,,,,,,,,,,,,
2017,281,632704,278,07-31-2017,17:17,31,7,July,0,63,Spokane,2110,1,0,1,1,2,1,0,2,2,17:19,17:24,17:54,12,0,6,Angle,0,2,0,2,4 Way,3,2,4,6,0,0,0,0,E LINCOLN RD,N DAKOTA ST,-117.4005778,47.72944722,99208,0,2,98,Others,60,4,30,4,0,0,1,5,12,1,1,4,1,11,Turning Red: Permitted on red,1,2,53,,0,12,471,2000,0,0,8,,,,,,1,1,55,1,0,,0,0,3,0,11,0,,,,,0,0,0,3,1,0,0,0,0,96,,,,,,0,,,,,,98325,53,72,220,6,1,0,0,0,0,,0,,,,,,0,,,20,0,0,0,8,9,2,,,0,0,0,0,0,2,1,,,1,,,2,1,0,,,,,,,,,,,,,,,,,,,,,,,,,,,,,,0,0,0,0,0,0,0,0,0,0,0,0,0,0,0,0,0,0,0,0,0,0,0,0,0,0,0,0,0,1,0,1,0,0,0,,0,0,0,0,0,0,0,0,0,0,0,0,0,0,0,0,,,,,,51-55,46-55,Interstate,R,Wednesday,Belt Used,PV,Not Fatal,0,0,0,0,State Route,State Patrol,Washington State Patrol,0,1,0,0,0,,,,,,0,0,0,,,,,,,,,,,98,98,98,0,,,,,20,7,,,,,,,,,,,,,,,
2017,281,632703,278,07-31-2017,17:17,31,7,July,0,63,Spokane,2110,1,0,1,1,2,1,0,2,2,17:19,17:24,17:54,12,0,6,Angle,0,2,0,2,4 Way,3,2,4,6,0,0,0,0,E LINCOLN RD,N DAKOTA ST,-117.4005778,47.72944722,99208,0,1,98,Others,17,2,30,80,0,0,1,5,12,1,1,4,1,6,Others,1,2,53,,0,82,881,1998,0,0,68,64,1,,,,1,1,80,1,7,,4,7,3,0,11,0,09/30/2019,01:29,53044078,44078,6,3,0,3,1,0,0,0,0,96,,,,,,99,,,,,,83536,16,72,180,6,1,0,0,0,1,,0,,,,,,4,11-15-2016,11-15-2016,20,2,9,0,1,9,8,,,0,0,0,8,0,2,1,,,1,,,2,1,0,,,,,,,,,,,,,,,,,,,,,,,,,,,,,,0,0,1,0,0,0,0,0,0,0,0,0,1,0,0,0,0,0,0,0,0,0,0,0,0,1,1,1,0,0,1,0,0,0,0,,0,1,0,0,0,0,0,0,0,1,0,0,0,0,0,0,,,,,,76-80,76+,US highway,R,Monday,,MHTRUCK,White,0,1,0,0,State Route,State Patrol,Washington State Patrol,1,1,0,0,0,,,,,,0,0,0,,,,,,,,,,,0,0,0,1,,,,,20,7,,,,,,,,,,,,,,,
2021,282,635788,4,07-24-2021,19:52,24,7,July,,63,Spokane,2113,1,,1,1,2,1,0,3,2,,,,12,0,2,Front-to-Front,9.8,1,0,1,No intersection,3,2,1,3,0,0,0,0,SR-290,,-117.2103111,47.69489167,99216,0,1,50,Lateral Move(Left/Right),10,2,50,15,0,0,1,2,12,1,1,5,5,1,Going Straight,1,2,16,,0,12,481,2001,0,0,64,69,63,1,,,1,1,21,1,7,,4,7,20,7,11,0,10-04-2019,10:52,53043686,43686,0,0,0,3,1,58,0,0,0,92,,,,,,9,,,,,,31210,13,72,180,6,1,0,2,98,2,,0,,,,,,0,05-15-2017,09-15-2019,20,1,9,0,0,9,8,,,0,0,0,1,9,2,605,695,,1,1,,2,1,0,,,,,,,,,,,,,,,,,,,,,,,,,,,,,,0,0,1,0,0,0,1,1,1,0,0,0,0,0,0,0,1,0,0,1,0,0,0,1,1,0,0,0,0,1,0,0,0,1,0,,1,0,0,0,0,0,1,1,1,0,0,0,0,0,1,0,,,,,,21-25,16-25,US highway,R,Friday,Not Used,PV,White,0,0,0,0,State Route,State Patrol,Washington State Patrol,0,1,0,0,0,thc,2.9,carboxy-thc,7.2,,0,0,0,,,,,,,,,,,98,98,98,1,,,,,20,7,,,,,,,,,,,,,,,