year,something,Cases,repjur,crash_dt,crash_tm,accday,Month,Month,holiday,county,co_char,city,weather,weather2,lightcond,surfcond,surftype,Number of Fatalities,nmforms,pforms,vforms,not_tm,arr_tm,hosp_tm,fhevent,hitrun,Manner of Collision,Manner of Collision,milepnt,reljunc,reljuncinter,intersectiontype,Intersection Type,funcsystem,landuse,ownership,route,schlbus,spejur,contdev,devfunc,trafid1,trafid2,x,y,zipcode,wk_zone,vnumber,crashtype,Crash Type,criticalevent,criticaleventcat,spdlim,body,trailer,emerg,hazcargo,leave,mhevent,roadalgn,roadprof,traflane,trafflow,Vehicle Manure,Vehicle Manure,numoccs,regowner,regstate,,spuse,make,model,modelyr,vrf1,vrf2,seqevent1,seqevent2,seqevent3,seqevent4,seqevent5,seqevent6,pnumber,ptype,age,sex,hispanic,race,injury,diedscene,restraint,restraintmisuse,seatpos,takehosp,death_dt,death_tm,cert,cernum_wa,commlic,licendor,licrestrict,liccomp,drivpres,drf1,drf2,drf3,drf4,distract1,distract2,distract3,distract4,distract5,distract6,dricond1,dricond2,dricond3,dricond4,dricond5,dricond6,dzip,licstate,drhgt_in,weight,noncdl,noncdltype,prevdwi,prevoth,prevacc,prevspd,prevsus,driviol1,driviol2,driviol3,driviol4,driviol5,driviol6,spdrel,first_dt,last_dt,airbag,ejection,ejectpath,extricat,injurwrk,methalc,methdrug,nmlocat,strikveh,prf1,prf2,prf3,druginv,alcinvol,drugsts,drugres1,drugres2,drugres3,drugtst1,drugtst2,drugtst3,alcsts,alctst,alcres,nmact1,nmact2,nmact3,nmact4,nmact5,nmact6,nmprior1,nmprior2,nmprior3,nmprior4,nmprior5,nmprior6,nmcond1,nmcond2,nmcond3,nmcond4,nmcond5,nmcond6,nmsafe_helmet,nmsafe_pads,nmsafe_oth,nmprev_ref,nmprev_lgt,nmprev_oth,crashlocation,nmcrashtype,crosswalk,schoolzone,sidewalk,train_inv,wildlife_inv,rotr_fars,intersect_fars,Drink and Drive,aid_inv,Drug Positive Drivers,Impaired Drivers,Marijuana Positive,impnm_inv,ainm_inv,dpnm_inv,speed_inv,unlic_inv,unendmc_inv,drowsy_inv,drdist_inv,nmdist_inv,fty_inv,unrestfat_inv,dr1617_inv,dr1820_inv,dr1620_inv,dr2125_inv,dr1625_inv,dr65_inv,dr70_inv,dr75_inv,mc_inv,pv_inv,ht_inv,ped_inv,bike_inv,unrest_fat,mc_fat,unhelmet_mc,pv_fat,ht_fat,ped_fat,bike_fat,dr_alc7,dr_alc8,dr_drug,dr_imp,dr_dist,dr_spd,dr_fty,dr_unlic,dr_alc7only,dr_alc8only,dr_drugonly,dr_drink,nm_imp,nm_alc7,nm_alc8,nm_drug,nm_dist,agegrp1,agegrp2,roadclass,urbrur,dayweek,restuse,vehtype,race_me,intersect,lanedep,oppdir,wrongway,rep_typ,investag,repag_long,rotr,st_rd,cty_rd,city_rd,oth_rd,drug_thc,thc_res,drug_cthc,cthc_res,drug_cann,prevpersemin,prevperse,prevsusoth,drugtst4,drugtst5,drugtst6,drugtst7,drugtst8,drugres4,drugres5,drugres6,drugres7,drugres8,adspresent,adsengaged,adslevel,race1,race2,race3,race4,race5,helmet,helmetmisuse,nmdistract1,nmdistract2,nmdistract3,nmdistract4,nmdistract5,nmdistract6,lab,isedtcase,crf1,crf2,crf3,CoRoadName,CoMP,IntCoRoadName,IntCoMP
2021,282,635789,4,07-24-2021,19:52,24,7,July,,63,Spokane,2113,1,,1,1,2,1,0,3,2,,,,12,0,2,Front-to-Front,9.8,1,0,1,No intersection,3,2,1,3,0,0,0,0,SR-290,,-117.2103111,47.69489167,99216,0,2,51,Lateral Move(Going Straight),62,4,50,6,0,0,1,2,12,1,1,5,5,1,Going Straight,2,2,53,,0,12,881,2015,0,0,12,,,,,,1,1,27,1,0,,0,0,1,0,11,0,,,,,6,1,0,3,1,0,0,0,0,93,,,,,,0,,,,,,98391,53,67,287,6,1,0,0,0,0,,0,,,,,,0,,,20,0,0,0,8,9,8,,,0,0,0,8,0,2,1,,,1,,,2,1,0,,,,,,,,,,,,,,,,,,,,,,,,,,,,,,0,0,0,1,0,0,0,0,0,0,0,0,1,0,1,0,1,0,0,0,0,0,0,1,1,0,0,0,1,0,1,0,0,0,0,,0,0,0,0,0,0,0,0,1,0,0,0,0,0,0,0,,,,,,26-30,26-35,State route,U,Wednesday,,MHTRUCK,Not Fatal,1,0,0,0,State Route,Municipal/City Police,Kent Police Department,0,1,0,0,0,,,,,,0,0,0,,,,,,,,,,,98,98,98,0,,,,,20,7,,,,,,,,,,,,,,,
2020,282,634971,8,07-30-2020,11:00,30,7,July,,35,Kitsap,0,1,,1,1,2,1,0,3,2,,,,12,0,6,Angle,0.3,2,1,2,4 Way,4,2,1,3,0,0,0,0,SR-3 RAMP 003LX04848,SR-308,-122.6857167,47.70120556,98383,0,2,89,Others,66,4,40,4,0,0,1,2,12,1,2,2,2,1,Going Straight,1,2,53,,0,76,705,2014,0,0,12,,,,,,1,1,23,1,7,,4,7,20,7,11,0,10-02-2019,14:39,1.03E+11,43707,0,0,0,2,1,0,0,0,0,96,,,,,,99,,,,,,98032,53,72,210,6,1,0,1,0,0,,0,,,,,,4,05-15-2016,12-15-2017,20,8,0,0,0,9,8,,,0,0,0,8,9,2,1,,,1,,,2,1,0,,,,,,,,,,,,,,,,,,,,,,,,,,,,,,0,0,0,1,0,0,0,0,0,0,0,0,1,0,1,0,1,0,0,0,0,0,0,1,1,0,0,0,1,0,1,0,0,0,1,0,0,0,0,0,0,0,0,0,0,1,0,0,0,0,0,0,,,,,,21-25,16-25,State route,U,Wednesday,,MC,Black,1,0,0,0,State Route,Municipal/City Police,Kent Police Department,0,1,0,0,0,,,,,,0,0,1,,,,,,,,,,,0,0,0,2,,,,,19,0,,,,,,,,,,,,,,,
2020,282,634970,8,07-30-2020,11:00,30,7,July,,35,Kitsap,0,1,,1,1,2,1,0,3,2,,,,12,0,6,Angle,0.3,2,1,2,4 Way,4,2,1,3,0,0,20,3,SR-3 RAMP 003LX04848,SR-308,-122.6857167,47.70120556,98383,0,1,88,Striking from the Left,17,2,98,34,0,0,1,2,12,1,2,1,6,4,Others,2,2,53,,0,20,37,2012,0,0,12,,,,,,1,1,43,1,0,,3,0,3,0,11,5,,,,,0,0,0,3,1,0,0,0,0,96,,,,,,0,,,,,,99301,53,72,280,6,1,0,0,0,0,,0,,,,,,0,,,8,0,0,0,8,9,8,,,0,0,0,8,0,8,95,,,96,,,8,95,995,,,,,,,,,,,,,,,,,,,,,,,,,,,,,,0,0,0,0,0,0,0,0,0,0,0,0,1,0,0,0,0,0,0,1,0,0,0,1,1,0,0,0,0,1,0,0,0,0,0,,0,0,0,0,0,0,0,0,0,0,0,0,0,0,0,0,,,,,,41-45,36-45,State route,R,Sunday,Belt Used,PV,Not Fatal,0,1,1,0,State Route,State Patrol,Washington State Patrol,0,1,0,0,0,,,,,,0,0,0,,,,,,,,,,,98,98,98,0,,,,,20,7,,,,,,,,,,,,,,,
2019,282,634276,297,08-12-2019,19:08,12,8,Aug,,33,King,2310,1,0,1,1,1,1,0,4,2,,,,12,0,2,Front-to-Front,0.3,1,0,1,No intersection,3,2,1,3,0,0,0,0,SR-99,,-122.2949361,47.49629722,98168,0,2,51,Lateral Move(Going Straight),62,4,98,6,0,0,1,5,12,1,2,4,1,1,Going Straight,2,2,53,,0,23,472,2007,0,0,68,12,,,,,1,1,24,1,99,,4,0,20,7,11,5,09/29/2019,21:50,2.46E+11,42923,0,0,0,3,1,28,87,0,0,96,,,,,,0,,,,,,98926,53,75,195,6,1,0,2,0,3,,0,,,,,,4,01-15-2015,04-15-2018,20,0,0,0,0,9,8,,,0,0,0,8,0,0,0,,,0,,,2,1,0,,,,,,,,,,,,,,,,,,,,,,,,,,,,,,0,0,0,0,0,0,0,0,0,0,0,0,1,0,0,0,0,0,0,1,0,0,0,1,1,0,0,0,0,1,0,0,0,1,0,,1,0,0,0,0,0,0,0,0,1,0,0,0,0,0,0,,,,,,21-25,16-25,State route,R,Sunday,Not Used,PV,White,0,1,1,0,State Route,State Patrol,Washington State Patrol,0,1,0,0,0,,,,,,0,0,1,,,,,,,,,,,98,98,98,1,,,,,20,7,,,,,,,,,,,,,,,
2019,282,634275,297,08-12-2019,19:08,12,8,Aug,,33,King,2310,1,0,1,1,1,1,0,4,2,,,,12,0,2,Front-to-Front,0.3,1,0,1,No intersection,3,2,1,3,0,0,0,0,SR-99,,-122.2949361,47.49629722,98168,0,1,50,Lateral Move(Left/Right),10,2,98,15,0,0,1,5,1,1,2,4,1,1,Going Straight,2,2,53,,0,87,881,2016,0,0,12,,,,,,1,1,39,1,0,,0,0,3,0,11,0,,,,,6,1,0,3,1,0,0,0,0,96,,,,,,0,,,,,,98901,53,71,270,6,1,0,0,0,0,,0,,,,,,0,,,20,0,0,0,8,9,2,,,0,0,0,0,0,8,95,,,96,,,8,95,995,,,,,,,,,,,,,,,,,,,,,,,,,,,,,,0,0,0,0,1,1,0,1,0,0,0,0,0,0,0,0,0,0,0,0,0,0,0,1,1,1,0,0,0,1,1,0,0,0,0,,0,0,0,0,0,0,0,0,0,0,0,0,0,0,0,0,,,,,,36-40,36-45,State route,R,Friday,,MHTRUCK,Not Fatal,0,1,1,0,State Route,State Patrol,Washington State Patrol,0,1,0,0,0,,,,,,0,0,0,,,,,,,,,,,98,98,98,0,,,,,20,7,,,,,,,,,,,,,,,
2018,282,633475,6,08-05-2018,17:02,5,8,Aug,0,47,Okanogan,0,1,0,1,1,2,1,0,1,1,16:59,17:06,17:25,24,0,0,No vehicle,248.8,1,0,1,No intersection,3,1,1,3,0,0,0,0,SR-97,,-119.7175361,48.10233056,98812,0,1,1,Driver Off Road,13,2,60,80,0,0,1,7,24,3,3,2,1,14,Making a U turn,1,1,53,,0,12,481,2016,0,0,12,,,,,,1,1,63,1,0,,0,0,3,0,11,0,,,,,0,0,0,3,1,0,0,0,0,0,,,,,,0,,,,,,97068,41,75,240,6,1,0,0,0,0,,0,,,,,,0,,,20,0,0,0,8,9,2,,,0,0,0,0,0,8,95,,,96,,,8,95,995,,,,,,,,,,,,,,,,,,,,,,,,,,,,,,0,0,0,0,1,1,0,1,0,0,0,0,0,0,0,0,0,0,0,0,0,0,0,1,1,1,0,0,0,1,1,0,0,0,0,,0,0,0,0,0,0,0,0,0,0,0,0,0,0,0,0,,,,,,61-65,56-65,State route,R,Friday,Belt Used,PV,Not Fatal,0,1,1,0,State Route,State Patrol,Washington State Patrol,0,1,0,0,0,,,,,,0,0,0,,,,,,,,,,,98,98,98,0,,,,,20,7,,,,,,,,,,,,,,,
2017,282,632662,55,07-08-2017,14:20,8,7,July,0,33,King,100,1,0,1,1,2,1,1,3,1,,,,15,0,0,No vehicle,0,3,0,3,T Intersection,5,2,4,6,0,0,3,3,R ST NE,8TH ST NE,-122.2082,47.31545,98002,0,1,13,Pedestrian/Animal,83,5,30,34,0,0,1,5,15,1,1,4,1,11,Turning Red: Permitted on red,3,2,53,,0,85,881,2017,0,0,12,,,,,,1,1,23,1,0,,0,0,3,0,11,0,,,,,6,3,0,3,1,0,0,0,0,0,,,,,,0,,,,,,84754,49,74,150,6,1,0,0,98,0,,0,,,,,,0,,,20,0,0,0,8,9,2,,,0,0,0,0,0,8,95,,,96,,,8,95,995,,,,,,,,,,,,,,,,,,,,,,,,,,,,,,0,0,0,0,1,1,0,1,0,0,0,0,0,0,0,0,0,0,0,0,0,0,0,1,1,1,0,0,0,1,1,0,0,0,0,,0,0,0,0,0,0,0,0,0,0,0,0,0,0,0,0,,,,,,21-25,16-25,State route,R,Friday,,MHTRUCK,Not Fatal,0,1,1,0,State Route,State Patrol,Washington State Patrol,0,1,0,0,0,,,,,,0,0,0,,,,,,,,,,,98,98,98,0,,,,,20,7,,,,,,,,,,,,,,,
2021,283,635791,57,07-27-2021,16:52,27,7,July,,11,Clark,107,1,,1,1,2,1,0,4,2,,,,12,0,2,Front-to-Front,0,1,0,1,No intersection,4,2,4,6,0,0,0,0,SE EATON BLVD,,-122.5114528,45.76663611,98604,0,2,51,Lateral Move(Going Straight),62,4,50,34,0,0,1,2,12,1,1,2,1,1,Going Straight,2,1,53,,0,12,32,2011,0,0,68,12,12,12,,,1,1,67,1,7,,4,7,3,0,11,0,10-04-2019,10:04,53045041,45041,0,0,3,3,1,28,35,0,0,96,,,,,,99,,,,,,98624,53,72,180,6,1,0,0,0,0,,0,,,,,,0,,,8,0,0,0,0,1,8,,,0,0,0,8,1,2,1,,,1,,,2,1,0.44,,,,,,,,,,,,,,,,,,,,,,,,,,,,,,0,0,0,0,1,1,0,1,0,0,0,0,0,0,0,0,0,0,0,0,0,0,0,1,1,1,0,0,0,1,1,0,0,0,0,,1,0,0,0,0,1,0,1,0,0,0,0,0,1,0,1,,,,,,66-70,66-75,State route,R,Friday,Belt Used,PV,White,0,1,1,0,State Route,State Patrol,Washington State Patrol,0,1,0,0,0,,,,,,0,0,0,,,,,,,,,,,98,98,98,1,,,,,20,7,,,,,,,,,,,,,,,
2021,283,635790,57,07-27-2021,16:52,27,7,July,,11,Clark,107,1,,1,1,2,1,0,4,2,,,,12,0,2,Front-to-Front,0,1,0,1,No intersection,4,2,4,6,0,0,0,0,SE EATON BLVD,,-122.5114528,45.76663611,98604,0,1,50,Lateral Move(Left/Right),10,2,50,14,0,0,1,2,12,1,1,2,1,1,Going Straight,2,2,53,,0,49,42,1992,0,0,12,,,,,,1,1,60,2,0,,1,0,3,0,11,8,,,,,0,0,3,3,1,0,0,0,0,96,,,,,,0,,,,,,98444,53,61,220,6,1,0,0,1,1,,0,,,,,,0,09-15-2016,01-15-2017,20,0,0,0,8,9,8,,,0,0,0,8,0,8,95,,,96,,,8,95,995,,,,,,,,,,,,,,,,,,,,,,,,,,,,,,0,0,0,0,1,0,1,1,1,0,0,0,0,0,0,0,0,0,1,0,0,0,0,0,0,0,0,0,0,1,0,0,0,0,0,,0,0,0,0,0,0,0,0,0,0,0,0,0,0,0,0,,,,,,56-60,56-65,City street,U,Saturday,Belt Used,PV,Not Fatal,0,0,0,0,City Street,Municipal/City Police,Fife Police Department,0,0,0,1,0,,,,,,0,0,0,,,,,,,,,,,0,0,0,0,,,,,20,7,,,,,,,,,,,,,,,
2020,283,634973,6,08-15-2020,17:40,15,8,Aug,,37,Kittitas,0,1,,1,1,1,1,0,2,1,17:39,17:55,,1,0,0,No vehicle,60.1,1,0,1,No intersection,1,1,1,1,0,0,0,0,I-90,,-121.3207306,47.31858056,,0,1,98,Others,13,2,65,14,0,0,1,2,1,4,1,2,2,14,Making a U turn,2,2,53,,0,20,481,2001,0,0,12,,,,,,1,1,32,1,0,,1,0,3,0,11,8,,,,,0,0,0,3,1,38,0,0,0,96,,,,,,9,,,,,,98443,53,73,156,6,1,0,1,1,0,,1,12,,,,,0,02-15-2016,05-15-2018,20,0,0,0,8,9,8,,,0,0,0,8,1,2,401,417,695,1,1,1,2,1,0.071,,,,,,,,,,,,,,,,,,,,,,,,,,,,,,0,0,0,0,1,0,1,1,1,0,0,0,0,0,0,0,0,0,1,0,0,0,0,0,0,0,0,0,0,1,0,0,0,0,0,,0,0,0,0,1,0,1,1,0,0,1,0,0,0,0,1,,,,,,31-35,26-35,City street,U,Saturday,Belt Used,PV,Not Fatal,0,0,0,0,City Street,Municipal/City Police,Fife Police Department,0,0,0,1,0,,,carboxy-thc,6.7,,0,0,0,,,,,,,,,,,98,98,98,0,,,,,20,7,,,,,,,,,,,,,,,
2019,283,634277,2,07-23-2019,22:42,23,7,July,,73,Whatcom,0,10,0,2,1,1,1,1,2,1,,,,8,0,0,No vehicle,3.3,1,0,1,No intersection,3,2,1,3,0,0,0,0,SR-539,,-122.4859694,48.83045278,98226,0,1,13,Pedestrian/Animal,80,5,50,4,0,0,1,5,8,1,1,5,5,1,Going Straight,2,2,53,,2,82,981,2013,0,0,12,,,,,,1,1,61,2,0,,0,0,3,0,11,0,,,,,6,1,0,3,1,0,0,0,0,96,,,,,,0,,,,,,98367,53,67,160,6,1,0,0,1,0,,0,,,,,,0,05-15-2018,05-15-2018,20,0,0,0,8,9,2,,,0,0,0,0,0,2,1,,,1,,,2,1,0,,,,,,,,,,,,,,,,,,,,,,,,,,,,,,0,0,0,1,0,0,0,0,0,0,0,0,1,0,0,0,0,0,0,0,0,0,0,0,0,0,0,0,1,0,0,0,0,0,0,,0,0,0,0,0,0,0,0,0,0,0,0,0,0,0,0,,,,,,61-65,56-65,State route,R,Friday,,BUS,Not Fatal,1,0,0,0,State Route,State Patrol,Washington State Patrol,0,1,0,0,0,,,,,,0,0,0,,,,,,,,,,,98,98,98,0,,,,,20,7,,,,,,,,,,,,,,,
2018,283,633487,7,08-16-2018,13:25,16,8,Aug,0,33,King,2310,1,0,1,1,2,1,0,1,1,,,,24,0,0,No vehicle,0.2,5,1,1,No intersection,1,2,1,1,0,0,0,0,I-5 RAMP,,-122.2725444,47.48220833,98178,0,1,1,Driver Off Road,13,2,98,3,0,0,1,7,1,2,4,2,6,14,Making a U turn,1,2,53,,0,37,706,2003,0,0,12,,,,,,1,1,45,1,7,,4,7,20,7,11,0,09/27/2019,15:55,53043515,43515,0,0,0,3,1,0,0,0,0,96,,,,,,99,,,,,,98367,53,73,195,6,1,0,0,1,0,,0,,,,,,4,06-15-2018,06-15-2018,20,8,0,0,0,9,8,,,0,0,0,8,9,2,1,,,1,,,2,1,0,,,,,,,,,,,,,,,,,,,,,,,,,,,,,,0,0,0,1,0,0,0,0,0,0,0,0,1,0,0,0,0,0,0,0,0,0,0,0,0,0,0,0,1,0,0,0,0,0,1,0,0,0,0,0,0,0,0,0,0,1,0,0,0,0,0,0,,,,,,41-45,36-45,State route,R,Friday,,MC,White,1,0,0,0,State Route,State Patrol,Washington State Patrol,0,1,0,0,0,,,,,,0,0,0,,,,,,,,,,,0,0,0,1,,,,,5,0,,,,,,,,,,,,,,,
2017,283,632837,180,07-06-2017,22:19,6,7,July,0,15,Cowlitz,1190,1,0,3,1,1,1,1,2,1,,,,8,0,0,No vehicle,0,1,0,1,No intersection,3,2,4,6,0,0,0,0,15TH AVE,,-122.9411417,46.12711944,98626,0,1,13,Pedestrian/Animal,80,5,98,6,0,0,1,5,8,8,8,6,1,1,Going Straight,2,1,53,,0,98,706,2019,0,0,1,63,30,,,,1,1,34,1,7,,4,7,20,7,11,0,10-01-2019,14:51,2.11E+11,43403,0,0,0,2,1,0,0,0,0,96,,,,,,99,,,,,,99202,53,75,255,1,1,0,2,1,4,,0,,,,,,4,10-15-2014,01-15-2019,20,8,0,0,0,9,8,,,0,0,0,8,9,2,1,,,1,,,2,1,0,,,,,,,,,,,,,,,,,,,,,,,,,,,,,,0,0,0,0,0,0,0,0,0,0,0,0,1,1,1,0,0,0,0,0,0,0,0,0,0,0,0,0,1,0,0,0,0,0,1,0,0,0,0,0,0,0,0,0,0,1,0,1,0,0,0,0,,,,,,31-35,26-35,City street,U,Tuesday,,MC,White,0,1,0,0,City Street,Municipal/City Police,Spokane Police Department,1,0,0,1,0,,,,,,0,0,3,,,,,,,,,,,0,0,0,1,,,,,19,0,,,,,,,,,,,,,,,
2021,284,635793,290,08-07-2021,23:32,7,8,Aug,,53,Pierce,2230,1,,3,1,2,2,0,5,2,,,,12,0,6,Angle,0,2,0,2,4 Way,3,2,4,6,0,0,3,3,S 72ND ST,S Yakima Ave,-122.4432528,47.19190556,98408,0,2,87,Others,66,4,30,4,0,0,1,2,12,1,2,3,1,1,Going Straight,2,2,53,,0,99,399,9999,0,0,8,8,,,,,1,1,999,9,0,,0,0,99,7,11,0,,,,,99,9,9,9,1,0,0,0,0,92,,,,,,99,,,,,,99999,99,,999,9,9,99,99,99,99,,97,,,,,,0,,,99,0,0,0,8,9,8,,,0,0,0,8,9,8,95,,,96,,,8,95,995,,,,,,,,,,,,,,,,,,,,,,,,,,,,,,0,0,0,1,0,0,0,0,0,0,0,0,0,0,0,0,1,0,0,0,0,0,0,0,0,0,0,0,0,1,0,1,0,0,0,,0,0,0,0,0,0,0,0,1,0,0,0,0,0,0,0,,,,,,,,City street,U,Monday,Unknown,PV,Not Fatal,1,0,0,0,City Street,Municipal/City Police,Seattle Police Department,0,0,0,1,0,,,,,,99,99,99,,,,,,,,,,,98,98,98,0,,,,,20,7,,,,,,,,,,,,,,,
2021,284,635792,290,08-07-2021,23:32,7,8,Aug,,53,Pierce,2230,1,,3,1,2,2,0,5,2,,,,12,0,6,Angle,0,2,0,2,4 Way,3,2,4,6,0,0,3,3,S 72ND ST,S Yakima Ave,-122.4432528,47.19190556,98408,0,1,86,Others,17,2,35,4,0,0,1,2,12,1,2,5,1,1,Going Straight,3,1,53,,0,35,401,1995,0,0,63,32,67,30,1,,1,1,57,1,0,,1,0,3,0,11,0,,,,,0,0,0,0,1,33,91,0,0,96,,,,,,9,,,,,,98606,53,67,150,1,1,0,0,0,0,,1,7,,,,,4,,,20,0,0,0,8,9,8,,,0,0,0,8,1,2,401,417,,1,1,,2,1,0.092,,,,,,,,,,,,,,,,,,,,,,,,,,,,,,0,0,1,0,1,1,1,1,0,0,0,0,1,1,0,0,0,0,0,1,0,0,0,0,0,0,0,0,0,1,0,0,0,0,0,,0,0,0,0,0,1,1,1,0,1,0,1,0,0,0,1,,,,,,56-60,56-65,County road,R,Monday,Belt Used,PV,Not Fatal,0,1,0,0,County Road,County Sheriff,Clark County Sheriff's Office,1,0,1,0,0,,,,,,0,0,0,,,,,,,,,,,0,0,0,0,,,,,20,7,,,,,,,,,,,,,,,
2020,284,634976,21,08-03-2020,11:17,3,8,Aug,,25,Grant,0,1,,1,1,7,1,0,3,3,,,,1,0,0,No vehicle,11.3,1,0,1,No intersection,5,1,2,4,0,0,0,0,CR-ROAD U SE,,-119.0450889,47.06436944,98857,0,3,98,Others,98,7,55,60,0,0,1,2,12,1,2,2,1,1,Going Straight,1,3,53,,0,35,48,2004,0,0,63,42,1,,,,1,1,24,1,7,,4,7,3,0,11,0,09/22/2019,05:56,53041621,41621,0,0,0,3,1,0,0,0,0,96,,,,,,99,,,,,,98501,53,67,165,6,1,0,0,0,0,,0,,,,,,0,,,1,0,0,0,0,9,8,,,0,0,0,8,9,2,300,695,605,1,1,1,2,1,0,,,,,,,,,,,,,,,,,,,,,,,,,,,,,,0,0,1,0,0,0,1,1,1,0,0,0,0,0,0,0,0,0,0,0,0,0,0,1,1,0,0,0,0,1,0,0,0,0,0,,1,0,0,0,0,0,1,1,0,0,0,0,0,0,1,0,,,,,,21-25,16-25,State route,R,Sunday,Belt Used,PV,White,0,1,0,0,State Route,State Patrol,Washington State Patrol,1,1,0,0,0,thc,2.8,carboxy-thc,12,,0,0,0,,,,,,,,,,,98,98,98,1,,,,,20,7,,,,,,,nms,,,,,,,,
2020,284,634975,21,08-03-2020,11:17,3,8,Aug,,25,Grant,0,1,,1,1,7,1,0,3,3,,,,1,0,0,No vehicle,11.3,1,0,1,No intersection,5,1,2,4,0,0,0,0,CR-ROAD U SE,,-119.0450889,47.06436944,98857,0,2,98,Others,53,3,55,66,1,0,1,5,12,1,2,2,1,1,Going Straight,1,3,53,,0,37,31,2001,0,0,68,12,,,,,1,1,51,2,99,,4,7,20,7,11,0,09/15/2019,15:53,53041718,41718,0,0,0,2,1,28,0,0,0,96,,,,,,99,,,,,,98601,53,65,135,1,1,0,3,0,0,,0,,,,,,0,02-15-2016,07-15-2018,8,0,0,0,0,9,8,,,0,0,0,8,9,2,401,417,,1,1,,2,1,0,,,,,,,,,,,,,,,,,,,,,,,,,,,,,,0,0,0,0,0,0,1,1,0,0,0,0,0,1,0,0,0,0,0,1,0,0,0,0,0,0,0,0,0,1,1,0,0,1,0,,1,0,0,0,0,0,1,1,0,0,0,1,0,0,1,0,,,,,,51-55,46-55,County road,R,Sunday,Not Used,PV,Oth/Unk,0,1,1,0,County Road,County Sheriff,Clark County Sheriff's Office,0,0,1,0,0,,,,,,0,0,5,,,,,,,,,,,98,98,98,99,,,,,20,7,,,,,,,,,,,,,,,
2020,284,634974,21,08-03-2020,11:17,3,8,Aug,,25,Grant,0,1,,1,1,7,1,0,3,3,,,,1,0,0,No vehicle,11.3,1,0,1,No intersection,5,1,2,4,0,0,0,0,CR-ROAD U SE,,-119.0450889,47.06436944,98857,0,1,98,Others,51,3,55,80,0,0,1,2,12,1,2,2,1,1,Going Straight,1,1,53,,0,12,880,2016,0,0,12,,,,,,1,1,54,1,0,,9,0,3,0,11,5,,,,,0,0,3,3,1,28,0,0,0,96,,,,,,0,,,,,,98642,53,71,265,6,1,0,0,0,0,,0,,,,,,0,,,8,0,0,0,8,9,8,,,0,0,0,8,0,8,95,,,96,,,8,95,995,,,,,,,,,,,,,,,,,,,,,,,,,,,,,,0,0,0,0,0,0,1,1,0,0,0,0,0,1,0,0,0,0,0,1,0,0,0,0,0,0,0,0,0,1,1,0,0,0,0,,0,0,0,0,0,0,0,0,0,0,0,0,0,0,0,0,,,,,,51-55,46-55,County road,R,Sunday,,MHTRUCK,Not Fatal,0,1,1,0,County Road,County Sheriff,Clark County Sheriff's Office,0,0,1,0,0,,,,,,0,0,0,,,,,,,,,,,98,98,98,0,,,,,20,7,,,,,,,,,,,,,,,
2019,284,634278,55,08-03-2019,01:00,3,8,Aug,,33,King,100,1,0,3,1,2,1,2,1,1,,,,8,0,0,No vehicle,1.8,3,0,2,4 Way,3,2,1,3,0,3,3,3,SR-164,RIVERWALK DR SE,-122.1966778,47.28906944,98002,0,1,13,Pedestrian/Animal,80,5,35,34,0,0,1,7,8,1,1,5,1,1,Going Straight,1,1,53,,0,49,442,2008,0,0,9,,,,,,1,1,28,1,0,,0,0,3,0,11,0,,,,,0,0,0,0,1,0,0,0,0,0,,,,,,0,,,,,,98087,53,67,145,1,1,0,0,1,0,,97,,,,,,0,05-15-2019,05-15-2019,20,0,0,0,8,9,8,,,0,0,0,8,0,8,95,,,96,,,8,95,995,,,,,,,,,,,,,,,,,,,,,,,,,,,,,,0,0,0,1,0,0,0,0,0,1,0,1,0,1,0,0,0,0,0,0,0,0,0,0,0,0,0,0,0,1,0,0,1,0,0,,0,0,0,0,0,0,0,0,0,0,0,1,0,0,0,0,,,,,,26-30,26-35,City street,U,Sunday,Belt Used,PV,Not Fatal,1,0,0,0,City Street,Municipal/City Police,Bellevue Police Department,0,0,0,1,0,,,,,,0,0,0,,,,,,,,,,,98,98,98,0,,,,,20,7,,,,,,,,,,,,,,,
2018,284,633493,2,08-09-2018,23:13,9,8,Aug,0,57,Skagit,0,1,0,2,1,2,1,0,6,5,23:07,23:17,23:54,12,0,1,Front-to-Rear,233.4,1,0,1,No intersection,1,1,1,1,0,0,0,0,I-5,,-122.3392944,48.50786944,98233,0,4,98,Others,53,3,70,4,0,0,1,2,12,1,2,2,3,5,Others,2,1,53,,0,20,481,1997,0,0,63,30,42,,,,1,1,74,1,7,,4,0,20,7,11,8,10-06-2019,04:27,1.96E+11,44551,0,0,3,3,1,0,0,0,0,96,,,,,,0,,,,,,98563,53,65,180,6,1,0,0,1,0,,0,,,,,,0,06-15-2019,06-15-2019,8,0,0,0,0,9,8,,,0,0,0,8,0,2,996,,,1,,,2,1,0.19,,,,,,,,,,,,,,,,,,,,,,,,,,,,,,0,0,1,0,1,1,1,1,0,0,0,0,0,0,0,0,0,0,0,1,0,0,0,0,0,1,1,0,0,1,0,0,0,1,0,,1,0,0,0,0,1,1,1,0,0,0,0,0,0,0,1,,,,,,71-75,66-75,County road,R,Saturday,Not Used,PV,Multiracial,0,1,0,0,County Road,County Sheriff,Grays Harbor County Sheriff's Offic,1,0,1,0,0,,,,,,0,0,0,,,,,,,,,,,0,0,0,201,203,,,,20,7,,,,,,,,,,,,,,,