year,something,Cases,repjur,crash_dt,crash_tm,accday,Month,Month,holiday,county,co_char,city,weather,weather2,lightcond,surfcond,surftype,Number of Fatalities,nmforms,pforms,vforms,not_tm,arr_tm,hosp_tm,fhevent,hitrun,Manner of Collision,Manner of Collision,milepnt,reljunc,reljuncinter,intersectiontype,Intersection Type,funcsystem,landuse,ownership,route,schlbus,spejur,contdev,devfunc,trafid1,trafid2,x,y,zipcode,wk_zone,vnumber,crashtype,Crash Type,criticalevent,criticaleventcat,spdlim,body,trailer,emerg,hazcargo,leave,mhevent,roadalgn,roadprof,traflane,trafflow,Vehicle Manure,Vehicle Manure,numoccs,regowner,regstate,,spuse,make,model,modelyr,vrf1,vrf2,seqevent1,seqevent2,seqevent3,seqevent4,seqevent5,seqevent6,pnumber,ptype,age,sex,hispanic,race,injury,diedscene,restraint,restraintmisuse,seatpos,takehosp,death_dt,death_tm,cert,cernum_wa,commlic,licendor,licrestrict,liccomp,drivpres,drf1,drf2,drf3,drf4,distract1,distract2,distract3,distract4,distract5,distract6,dricond1,dricond2,dricond3,dricond4,dricond5,dricond6,dzip,licstate,drhgt_in,weight,noncdl,noncdltype,prevdwi,prevoth,prevacc,prevspd,prevsus,driviol1,driviol2,driviol3,driviol4,driviol5,driviol6,spdrel,first_dt,last_dt,airbag,ejection,ejectpath,extricat,injurwrk,methalc,methdrug,nmlocat,strikveh,prf1,prf2,prf3,druginv,alcinvol,drugsts,drugres1,drugres2,drugres3,drugtst1,drugtst2,drugtst3,alcsts,alctst,alcres,nmact1,nmact2,nmact3,nmact4,nmact5,nmact6,nmprior1,nmprior2,nmprior3,nmprior4,nmprior5,nmprior6,nmcond1,nmcond2,nmcond3,nmcond4,nmcond5,nmcond6,nmsafe_helmet,nmsafe_pads,nmsafe_oth,nmprev_ref,nmprev_lgt,nmprev_oth,crashlocation,nmcrashtype,crosswalk,schoolzone,sidewalk,train_inv,wildlife_inv,rotr_fars,intersect_fars,Drink and Drive,aid_inv,Drug Positive Drivers,Impaired Drivers,Marijuana Positive,impnm_inv,ainm_inv,dpnm_inv,speed_inv,unlic_inv,unendmc_inv,drowsy_inv,drdist_inv,nmdist_inv,fty_inv,unrestfat_inv,dr1617_inv,dr1820_inv,dr1620_inv,dr2125_inv,dr1625_inv,dr65_inv,dr70_inv,dr75_inv,mc_inv,pv_inv,ht_inv,ped_inv,bike_inv,unrest_fat,mc_fat,unhelmet_mc,pv_fat,ht_fat,ped_fat,bike_fat,dr_alc7,dr_alc8,dr_drug,dr_imp,dr_dist,dr_spd,dr_fty,dr_unlic,dr_alc7only,dr_alc8only,dr_drugonly,dr_drink,nm_imp,nm_alc7,nm_alc8,nm_drug,nm_dist,agegrp1,agegrp2,roadclass,urbrur,dayweek,restuse,vehtype,race_me,intersect,lanedep,oppdir,wrongway,rep_typ,investag,repag_long,rotr,st_rd,cty_rd,city_rd,oth_rd,drug_thc,thc_res,drug_cthc,cthc_res,drug_cann,prevpersemin,prevperse,prevsusoth,drugtst4,drugtst5,drugtst6,drugtst7,drugtst8,drugres4,drugres5,drugres6,drugres7,drugres8,adspresent,adsengaged,adslevel,race1,race2,race3,race4,race5,helmet,helmetmisuse,nmdistract1,nmdistract2,nmdistract3,nmdistract4,nmdistract5,nmdistract6,lab,isedtcase,crf1,crf2,crf3,CoRoadName,CoMP,IntCoRoadName,IntCoMP
2018,284,633492,2,08-09-2018,23:13,9,8,Aug,0,57,Skagit,0,1,0,2,1,2,1,0,6,5,23:07,23:17,23:54,12,0,1,Front-to-Rear,233.4,1,0,1,No intersection,1,1,1,1,0,0,0,0,I-5,,-122.3392944,48.50786944,98233,0,3,98,Others,53,3,70,4,0,0,1,2,12,1,2,2,3,5,Others,1,1,53,,0,7,29,2015,0,0,12,,,,,,1,1,61,2,0,,3,0,3,0,11,4,,,,,0,0,0,3,1,0,0,0,0,96,,,,,,99,,,,,,98198,53,66,145,6,1,0,0,0,0,,0,,,,,,0,,,8,0,0,0,8,9,8,,,0,0,0,8,9,8,95,,,96,,,8,95,995,,,,,,,,,,,,,,,,,,,,,,,,,,,,,,0,0,0,1,0,0,1,1,1,0,0,0,1,0,0,0,0,0,0,1,0,0,0,0,0,0,0,0,0,1,0,0,0,0,0,,0,0,0,0,0,0,0,0,0,0,0,0,0,0,0,0,,,,,,61-65,56-65,City street,U,Wednesday,Belt Used,PV,Not Fatal,0,1,1,0,City Street,County Sheriff,King County Police,0,0,0,1,0,,,,,,0,0,0,,,,,,,,,,,98,98,98,0,,,,,20,7,,,,,,,,,,,,,,,
2018,284,633491,2,08-09-2018,23:13,9,8,Aug,0,57,Skagit,0,1,0,2,1,2,1,0,6,5,23:07,23:17,23:54,12,0,1,Front-to-Rear,233.4,1,0,1,No intersection,1,1,1,1,0,0,0,0,I-5,,-122.3392944,48.50786944,98233,0,2,21,Others,53,3,70,4,0,0,1,2,12,1,2,2,3,5,Others,1,2,53,,0,37,31,1994,0,0,68,12,,,,,1,1,30,1,7,,4,7,20,7,11,0,09/18/2019,19:56,1.96E+11,41761,0,0,0,3,1,28,0,0,0,96,,,,,,99,,,,,,98198,53,72,220,6,1,0,0,0,0,,0,,,,,,4,,,20,2,9,0,0,9,8,,,0,0,0,8,9,2,695,605,,1,1,,2,1,0,,,,,,,,,,,,,,,,,,,,,,,,,,,,,,0,0,0,1,0,0,1,1,1,0,0,0,1,0,0,0,0,0,0,1,0,0,0,0,0,0,0,0,0,1,0,0,0,1,0,,1,0,0,0,0,0,1,1,0,1,0,0,0,0,1,0,,,,,,26-30,26-35,City street,U,Wednesday,Not Used,PV,White,0,1,1,0,City Street,County Sheriff,King County Police,0,0,0,1,0,thc,888,carboxy-thc,86,,0,0,0,,,,,,,,,,,0,0,0,1,,,,,20,7,,,,,,,,,,,,,,,
2018,284,633490,2,08-09-2018,23:13,9,8,Aug,0,57,Skagit,0,1,0,2,1,2,1,0,6,5,23:07,23:17,23:54,12,0,1,Front-to-Rear,233.4,1,0,1,No intersection,1,1,1,1,0,0,0,0,I-5,,-122.3392944,48.50786944,98233,0,1,20,Others,50,3,70,34,0,0,1,2,12,1,2,2,3,1,Going Straight,1,2,53,,0,20,401,1995,0,0,63,1,2,,,,1,1,45,1,0,,1,0,3,0,11,0,,,,,0,0,3,3,1,91,0,0,0,0,,,,,,2,9,,,,,98632,53,61,127,6,1,0,0,1,0,,1,,,,,,0,06-15-2018,06-15-2018,99,0,0,0,8,9,2,,,0,0,0,1,0,2,996,,,1,,,2,1,0,,,,,,,,,,,,,,,,,,,,,,,,,,,,,,0,0,1,0,0,0,1,1,0,0,0,0,0,0,0,1,0,0,0,1,0,0,0,0,0,0,0,0,0,1,0,0,0,0,0,,0,0,0,0,0,0,1,1,0,0,0,0,0,0,1,0,,,,,,41-45,36-45,State route,R,Friday,Belt Used,PV,Not Fatal,0,1,0,0,State Route,State Patrol,Washington State Patrol,1,1,0,0,0,,,,,,0,0,1,,,,,,,,,,,0,0,0,0,,,,,20,7,,,,,,,,,,,,,,,
2017,284,632844,11,07-30-2017,12:00,30,7,July,0,5,Benton,0,1,0,1,1,2,1,0,1,1,,,,1,0,0,No vehicle,0,1,0,1,No intersection,5,1,2,4,0,0,0,0,CR-SELLARDS RD,,-119.8508361,46.12608889,,0,1,98,Others,13,2,50,80,0,0,1,2,1,3,1,2,1,14,Making a U turn,1,1,53,,0,85,881,1999,0,0,12,,,,,,1,1,67,1,0,,0,0,3,0,11,0,,,,,6,1,3,3,1,0,0,0,0,96,,,,,,0,,,,,,98638,53,67,190,6,1,0,0,0,0,,0,,,,,,0,,,20,0,0,0,8,9,2,,,0,0,0,0,0,8,95,,,96,,,8,95,995,,,,,,,,,,,,,,,,,,,,,,,,,,,,,,0,0,0,1,0,0,0,0,0,0,0,0,0,0,0,0,0,0,1,0,0,0,0,1,1,1,0,0,0,1,1,0,0,0,0,,0,0,0,0,0,0,0,0,0,0,0,0,0,0,0,0,,,,,,66-70,66-75,US highway,R,Friday,,MHTRUCK,Not Fatal,1,0,0,0,State Route,State Patrol,WASHINGTON STATE PATROL,0,1,0,0,0,,,,,,0,0,0,,,,,,,,,,,0,0,0,0,,,,,20,7,,,,,,,,,,,,,,,
2018,284,633494,2,08-09-2018,23:13,9,8,Aug,0,57,Skagit,0,1,0,2,1,2,1,0,6,5,23:07,23:17,23:54,12,0,1,Front-to-Rear,233.4,1,0,1,No intersection,1,1,1,1,0,0,0,0,I-5,,-122.3392944,48.50786944,98233,0,5,98,Others,53,3,70,4,0,0,1,5,12,1,2,2,3,5,Others,1,2,95,,0,35,472,2000,0,0,12,,,,,,1,1,22,1,7,,4,7,3,0,11,0,09/13/2019,13:27,53040602,40602,0,0,3,3,1,38,48,0,0,96,,,,,,99,,,,,,32570,12,75,999,6,1,0,1,0,0,,0,,,,,,0,06-15-2019,07-15-2019,8,0,0,0,0,9,8,,,0,0,0,8,9,8,95,,,96,,,8,95,995,,,,,,,,,,,,,,,,,,,,,,,,,,,,,,0,0,0,1,0,0,0,0,0,0,0,0,0,0,0,0,0,0,1,0,0,0,0,1,1,1,0,0,0,1,1,0,0,0,0,,1,0,0,0,0,0,0,0,0,0,1,0,0,0,0,0,,,,,,21-25,16-25,US highway,R,Friday,Belt Used,PV,White,1,0,0,0,State Route,State Patrol,WASHINGTON STATE PATROL,0,1,0,0,0,,,,,,0,0,1,,,,,,,,,,,98,98,98,1,,,,,20,7,,,,,,,,,,,,,,,
2021,285,635794,2,08-09-2021,04:00,9,8,Aug,,73,Whatcom,0,10,,2,1,2,1,0,1,1,,,,38,0,0,No vehicle,4,1,0,1,No intersection,5,1,1,3,0,0,0,0,SR-547,,-122.1639167,48.96871944,98295,0,1,1,Driver Off Road,13,2,45,4,0,0,1,2,30,3,2,2,1,14,Making a U turn,1,3,53,,0,20,471,1991,0,0,12,,,,,,1,1,32,1,7,,4,0,99,7,11,4,09/20/2019,14:26,1.96E+11,42033,0,0,3,3,1,0,0,0,0,92,,,,,,99,,,,,,98351,53,73,145,6,1,0,1,1,0,,0,,,,,,0,03-15-2016,03-15-2016,20,0,0,0,0,9,8,,,0,0,0,8,9,2,1,,,1,,,2,1,0,,,,,,,,,,,,,,,,,,,,,,,,,,,,,,0,0,0,0,1,1,0,1,0,0,0,0,0,1,0,0,1,0,0,0,0,0,0,1,1,0,0,0,0,1,0,0,0,0,0,,1,0,0,0,0,0,0,0,1,0,0,0,0,0,0,0,,,,,,31-35,26-35,State route,U,Wednesday,Unknown,PV,White,0,0,0,1,State Route,State Patrol,Washington State Patrol,0,1,0,0,0,,,,,,0,0,0,,,,,,,,,,,0,0,0,1,,,,,20,7,,,,,,,,,,,,,,,
2020,285,634978,5,08-09-2020,14:07,9,8,Aug,,41,Lewis,0,1,,1,1,2,1,0,2,2,14:09,14:31,,12,0,2,Front-to-Front,21.3,1,0,1,No intersection,5,1,1,3,0,0,0,0,SR-508,,-122.4740806,46.60551667,98533,0,2,51,Lateral Move(Going Straight),62,4,55,14,0,0,1,2,12,3,2,2,1,14,Making a U turn,1,2,53,,0,12,471,1988,0,0,12,1,,,,,1,1,22,2,0,,2,0,3,0,11,8,,,,,0,0,0,2,1,51,91,0,0,96,,,,,,9,,,,,,98312,53,63,130,1,1,0,0,0,1,,9,11,71,,,,0,05-15-2019,05-15-2019,20,0,0,0,8,9,8,,,0,0,0,8,1,2,1,,,1,,,2,1,0.21,,,,,,,,,,,,,,,,,,,,,,,,,,,,,,0,0,0,0,1,1,0,1,0,0,0,0,0,1,0,0,1,0,0,0,0,0,0,1,1,0,0,0,0,1,0,0,0,0,0,,0,0,0,0,0,1,0,1,0,0,0,1,0,1,0,1,,,,,,21-25,16-25,State route,U,Wednesday,Belt Used,PV,Not Fatal,0,0,0,1,State Route,State Patrol,Washington State Patrol,0,1,0,0,0,,,,,,0,0,1,,,,,,,,,,,0,0,0,0,,,,,20,7,,,,,,,,,,,,,,,
2020,285,634977,5,08-09-2020,14:07,9,8,Aug,,41,Lewis,0,1,,1,1,2,1,0,2,2,14:09,14:31,,12,0,2,Front-to-Front,21.3,1,0,1,No intersection,5,1,1,3,0,0,0,0,SR-508,,-122.4740806,46.60551667,98533,0,1,50,Lateral Move(Left/Right),10,2,50,80,0,0,1,2,12,2,2,2,1,14,Making a U turn,1,1,53,,0,35,498,1991,0,0,12,,,,,,1,1,44,1,6,,4,7,20,7,11,0,09/23/2019,07:51,22953042254,42254,0,0,0,3,1,0,0,0,0,96,,,,,,99,,,,,,98168,53,65,165,6,1,0,1,1,1,,0,,,,,,0,04-15-2016,08-15-2019,20,0,0,0,0,9,8,,,0,0,0,8,9,2,605,695,,1,1,,2,1,0,,,,,,,,,,,,,,,,,,,,,,,,,,,,,,0,0,0,0,1,0,1,1,1,0,0,0,0,1,0,1,0,0,0,1,0,0,0,0,0,0,0,0,0,1,0,0,0,1,0,,1,0,0,0,0,0,1,1,0,0,0,0,0,0,1,0,,,,,,41-45,36-45,City street,U,Monday,Not Used,PV,Hispanic,0,0,0,1,City Street,Municipal/City Police,Burien Police Department,0,0,0,1,0,thc,42,carboxy-thc,29,,0,0,0,,,,,,,,,,,0,0,0,298,,,,,20,7,,,,,,,,,,,,,,,
2019,285,634215,7,07-24-2019,09:33,24,7,July,,33,King,1830,1,0,1,1,2,1,0,3,3,,,,12,0,1,Front-to-Rear,2.3,1,0,1,No intersection,1,2,1,1,0,0,0,0,I-405,,-122.2184306,47.46775278,98057,0,3,98,Others,98,7,60,14,0,0,1,5,12,3,2,5,3,5,Others,1,3,53,,0,48,34,1999,0,0,68,12,,,,,1,1,30,1,0,,3,0,20,7,11,8,,,,,0,0,0,2,1,28,0,0,0,0,,,,,,2,,,,,,98168,53,73,171,1,1,0,2,0,2,,97,,,,,,0,04-15-2016,06-15-2016,1,0,0,0,8,9,8,,,0,0,0,8,1,8,95,,,96,,,8,95,995,,,,,,,,,,,,,,,,,,,,,,,,,,,,,,0,0,0,0,1,0,1,1,1,0,0,0,0,1,0,1,0,0,0,1,0,0,0,0,0,0,0,0,0,1,0,0,0,0,0,,0,0,0,0,0,0,0,0,0,0,0,1,0,0,0,1,,,,,,26-30,26-35,City street,U,Monday,Not Used,PV,Not Fatal,0,0,0,1,City Street,Municipal/City Police,Burien Police Department,0,0,0,1,0,,,,,,0,0,1,,,,,,,,,,,0,0,0,0,,,,,20,7,,,,,,,,,,,,,,,
2019,285,634214,7,07-24-2019,09:33,24,7,July,,33,King,1830,1,0,1,1,2,1,0,3,3,,,,12,0,1,Front-to-Rear,2.3,1,0,1,No intersection,1,2,1,1,0,0,0,0,I-405,,-122.2184306,47.46775278,98057,0,2,21,Others,53,3,60,62,0,0,1,7,12,3,2,5,3,5,Others,1,3,53,,0,98,734,2018,0,0,64,1,,,,,1,1,71,1,7,,4,0,20,7,11,4,07/21/2019,19:38,1.84E+11,33215,0,0,0,1,1,0,0,0,0,96,,,,,,99,,,,,,99166,53,71,250,6,1,0,0,0,0,,0,,,,,,0,,,20,1,9,0,0,9,8,,,0,0,0,8,9,2,1,,,1,,,2,1,0.18,,,,,,,,,,,,,,,,,,,,,,,,,,,,,,0,0,1,0,1,1,0,1,0,0,0,0,0,0,0,0,0,0,0,0,0,0,0,0,0,1,1,0,0,0,0,0,0,0,0,,0,0,0,0,0,1,0,1,0,0,0,0,0,1,0,1,,,,,,71-75,66-75,County road,U,Sunday,,OTHVT,White,0,1,0,0,County Road,County Sheriff,Ferry County Sheriff's Office,1,0,1,0,0,,,,,,0,0,0,,,,,,,,,,,98,98,98,1,,,,,98,7,,,,,,,,,,,,,,,
2019,285,634213,7,07-24-2019,09:33,24,7,July,,33,King,1830,1,0,1,1,2,1,0,3,3,,,,12,0,1,Front-to-Rear,2.3,1,0,1,No intersection,1,2,1,1,0,0,0,0,I-405,,-122.2184306,47.46775278,98057,0,1,20,Others,50,3,60,34,0,0,1,2,12,3,2,5,3,14,Making a U turn,1,1,53,,0,37,31,2012,0,0,12,,,,,,1,1,63,2,0,,0,0,3,0,11,0,,,,,0,0,0,3,1,0,0,0,0,96,,,,,,0,,,,,,98607,53,63,130,6,1,0,1,1,0,,0,,,,,,0,04-15-2018,08-15-2018,20,0,0,0,8,9,8,,,0,0,0,8,0,2,1,,,1,,,2,1,0,,,,,,,,,,,,,,,,,,,,,,,,,,,,,,0,0,0,0,1,1,0,1,0,0,0,0,1,0,0,0,0,0,0,0,0,0,0,0,0,0,0,0,1,1,0,0,0,0,0,,0,0,0,0,0,0,0,0,0,0,0,0,0,0,0,0,,,,,,61-65,56-65,State route,R,Saturday,Belt Used,PV,Not Fatal,0,1,1,0,State Route,State Patrol,Washington State Patrol,0,1,0,0,0,,,,,,0,0,0,,,,,,,,,,,98,98,98,0,,,,,20,7,,,,,,,,,,,,,,,
2018,285,633496,248,08-19-2018,20:24,19,8,Aug,0,33,King,1830,5,0,5,1,2,1,0,3,2,,,,12,0,6,Angle,0,1,0,1,No intersection,7,2,4,6,0,0,0,0,SE CARR RD,103RD AVE SE,-122.2053833,47.44236667,98055,0,2,66,Specific Other,62,4,35,6,0,0,1,7,12,1,2,2,1,1,Going Straight,2,1,53,,0,73,705,2017,0,0,68,12,,,,,1,1,29,1,7,,4,7,20,7,11,0,09/14/2019,18:47,53041859,41859,0,0,3,3,1,28,0,0,0,96,,,,,,99,,,,,,98682,53,74,225,6,1,0,1,0,0,,0,,,,,,4,08-15-2018,08-15-2018,20,8,0,0,0,9,8,,,0,0,0,8,9,2,1,,,1,,,2,1,0.15,,,,,,,,,,,,,,,,,,,,,,,,,,,,,,0,0,0,0,1,1,0,1,0,0,0,0,1,0,0,0,0,0,0,0,0,0,0,0,0,0,0,0,1,1,0,0,0,0,1,0,0,0,0,0,0,1,0,1,0,1,0,0,0,1,0,1,,,,,,26-30,26-35,State route,R,Saturday,,MC,White,0,1,1,0,State Route,State Patrol,Washington State Patrol,0,1,0,0,0,,,,,,0,0,0,,,,,,,,,,,0,0,0,1,,,,,5,0,,,,,,,,,,,,,,,
2018,285,633495,248,08-19-2018,20:24,19,8,Aug,0,33,King,1830,5,0,5,1,2,1,0,3,2,,,,12,0,6,Angle,0,1,0,1,No intersection,7,2,4,6,0,0,0,0,SE CARR RD,103RD AVE SE,-122.2053833,47.44236667,98055,0,1,66,Specific Other,6,1,98,4,0,0,1,7,1,1,2,2,1,1,Going Straight,1,2,53,,0,99,999,9999,0,0,9,,,,,,1,1,34,8,0,,0,0,99,7,11,0,,,,,99,9,9,9,1,0,0,0,0,92,,,,,,99,,,,,,99999,99,,999,9,9,99,99,99,99,,0,,,,,,0,,,99,9,0,0,8,9,8,,,0,0,0,8,9,8,95,,,96,,,8,95,995,,,,,,,,,,,,,,,,,,,,,,,,,,,,,,0,0,0,0,0,0,0,0,0,1,0,1,0,0,0,0,1,0,0,0,0,0,0,0,0,0,0,0,0,0,0,0,1,0,0,,0,0,0,0,0,0,0,0,1,0,0,0,0,0,0,0,,,,,,31-35,26-35,State route,U,Friday,,NR-U,Not Fatal,0,0,0,0,State Route,Municipal/City Police,Federal Way Dept of Public Safety,0,1,0,0,0,,,,,,99,99,99,,,,,,,,,,,98,98,98,0,,,,,20,7,,,,,,,,,,,,,,,
2017,285,632875,7,07-16-2017,03:38,16,7,July,0,33,King,1030,1,0,3,1,1,1,0,1,1,,,,42,0,0,No vehicle,147,1,0,1,No intersection,1,2,1,1,0,0,0,0,I-5,,-122.2964583,47.35935556,98089,0,1,1,Driver Off Road,13,2,60,4,0,0,1,5,42,1,3,5,3,1,Going Straight,1,1,53,,0,53,706,2007,0,0,12,64,24,,,,1,1,30,1,7,,4,7,20,7,11,0,09/18/2019,21:10,17053041401,41401,0,0,0,3,1,0,0,0,0,96,,,,,,99,,,,,,98001,53,73,200,6,1,0,3,0,0,,0,,,,,,4,11-15-2014,06-15-2016,20,8,0,0,0,9,8,,,0,0,0,8,9,2,605,,,1,,,2,1,0.022,,,,,,,,,,,,,,,,,,,,,,,,,,,,,,0,0,0,0,1,1,1,1,1,0,0,0,1,0,0,0,0,0,0,0,0,0,0,0,0,0,0,0,1,1,0,0,0,0,1,0,0,0,0,0,1,0,1,1,0,1,0,0,0,0,0,1,,,,,,26-30,26-35,Interstate,U,Wednesday,,MC,White,0,0,0,0,State Route,State Patrol,Washington State Patrol,0,1,0,0,0,thc,3,,,,0,0,4,,,,,,,,,,,0,0,0,1,,,,,19,0,,,,,,,,,,,,,,,
2021,286,635797,6,08-08-2021,00:35,8,8,Aug,,25,Grant,0,1,,2,1,2,1,0,5,3,,,,12,0,2,Front-to-Front,10.6,1,0,1,No intersection,4,1,1,3,0,0,0,0,SR-243,,-119.9138194,46.68986111,99349,0,3,51,Lateral Move(Going Straight),62,4,60,15,0,0,1,5,12,1,1,2,1,1,Going Straight,1,2,41,,0,54,36,2006,0,0,12,64,24,,,,1,1,42,1,0,,2,0,3,0,11,8,,,,,0,0,0,3,1,91,0,0,0,96,,,,,,9,,,,,,98034,53,71,165,6,1,1,0,1,0,,1,,,,,,4,02-15-2016,03-15-2018,1,0,0,0,8,9,8,,,0,0,0,8,1,2,1,,,1,,,2,1,0.12,,,,,,,,,,,,,,,,,,,,,,,,,,,,,,0,0,0,0,1,1,1,1,1,0,0,0,1,0,0,0,0,0,0,0,0,0,0,0,0,0,0,0,1,1,0,0,0,0,0,,0,0,0,0,0,1,0,1,0,1,0,0,0,1,0,1,,,,,,41-45,36-45,Interstate,U,Wednesday,Belt Used,PV,Not Fatal,0,0,0,0,State Route,State Patrol,Washington State Patrol,0,1,0,0,0,,,,,,0,1,1,,,,,,,,,,,98,98,98,0,,,,,20,7,,,,,,,,,,,,,,,
2021,286,635796,6,08-08-2021,00:35,8,8,Aug,,25,Grant,0,1,,2,1,2,1,0,5,3,,,,12,0,2,Front-to-Front,10.6,1,0,1,No intersection,4,1,1,3,0,0,0,0,SR-243,,-119.9138194,46.68986111,99349,0,2,98,Others,98,7,60,15,0,0,1,5,54,1,1,2,1,1,Going Straight,3,1,53,,0,7,482,2017,0,0,63,42,2,,,,1,1,37,1,0,,3,0,99,7,11,4,,,,,0,0,0,3,1,0,0,0,0,96,,,,,,1,,,,,,98584,53,71,205,6,1,0,0,0,1,,0,,,,,,0,03-15-2015,03-15-2015,99,0,0,0,8,9,2,,,0,0,0,0,0,8,95,,,96,,,8,95,995,,,,,,,,,,,,,,,,,,,,,,,,,,,,,,0,0,1,0,0,0,0,0,0,0,0,0,0,0,0,0,0,0,0,0,0,0,0,0,0,0,0,0,0,1,0,0,0,0,0,,0,0,0,0,0,0,0,0,0,0,0,0,0,0,0,0,,,,,,36-40,36-45,US highway,R,Monday,Unknown,PV,Not Fatal,0,1,0,0,State Route,State Patrol,Washington State Patrol,1,1,0,0,0,,,,,,0,0,0,,,,,,,,,,,98,98,98,0,,,,,20,7,,,,,,,,,,,,,,,
2021,286,635795,6,08-08-2021,00:35,8,8,Aug,,25,Grant,0,1,,2,1,2,1,0,5,3,,,,12,0,2,Front-to-Front,10.6,1,0,1,No intersection,4,1,1,3,0,0,0,0,SR-243,,-119.9138194,46.68986111,99349,0,1,50,Lateral Move(Left/Right),10,2,60,34,0,0,1,2,12,1,1,2,1,6,Others,1,1,53,,0,12,23,2007,0,0,68,64,67,35,,,1,1,49,1,7,,4,7,3,0,11,0,09/13/2019,00:01,53040840,40840,0,0,0,3,1,0,0,0,0,96,,,,,,9,,,,,,99201,53,72,154,6,1,2,1,1,0,,0,,,,,,0,04-15-2016,01-15-2019,8,0,0,0,0,9,8,,,0,0,0,1,1,2,996,,,1,,,2,1,0.29,,,,,,,,,,,,,,,,,,,,,,,,,,,,,,0,0,1,0,1,1,1,1,0,0,0,0,0,0,0,0,0,0,0,0,0,0,0,0,0,0,0,0,0,1,0,0,0,0,0,,1,0,0,0,0,1,1,1,0,0,0,0,0,0,0,1,,,,,,46-50,46-55,State route,R,Friday,Belt Used,PV,White,0,1,0,0,State Route,State Patrol,Washington State Patrol,1,1,0,0,0,,,,,,0,0,4,,,,,,,,,,,98,98,98,1,,,,,20,7,,,,,,,,,,,,,,,
2020,286,634981,6,07-22-2020,20:40,22,7,July,,25,Grant,0,1,,2,1,2,1,0,2,2,,,,12,0,8,Other,33.9,1,0,1,No intersection,3,1,1,3,0,0,0,0,SR-17,,-119.1192778,46.993375,98857,0,2,66,Specific Other,62,4,60,66,1,0,1,2,12,3,2,2,1,14,Making a U turn,1,3,53,,0,50,705,2012,0,0,68,64,33,69,30,,1,1,42,1,7,,4,7,20,7,11,0,09-12-2019,16:04,73553040734,40734,0,0,3,3,1,0,0,0,0,17,,,,,,99,,,,,,98407,53,71,170,6,1,0,0,1,1,,0,,,,,,4,08-15-2016,08-15-2016,20,8,0,0,0,9,8,,,0,0,0,8,9,2,996,996,,1,1,,2,1,0.28,,,,,,,,,,,,,,,,,,,,,,,,,,,,,,0,0,1,1,1,1,1,1,0,0,0,0,1,0,0,0,1,0,0,0,0,0,0,0,0,0,0,0,1,0,0,0,0,0,1,0,0,0,0,0,0,1,1,1,1,1,0,0,0,0,0,1,,,,,,41-45,36-45,City street,U,Thursday,,MC,White,0,1,0,0,City Street,Municipal/City Police,Federal Way Dept of Public Safety,1,0,0,1,0,,,,,,0,0,0,,,,,,,,,,,0,0,0,1,,,,,19,0,,,,,,,,,,,,,,,
2020,286,634980,6,07-22-2020,20:40,22,7,July,,25,Grant,0,1,,2,1,2,1,0,2,2,,,,12,0,8,Other,33.9,1,0,1,No intersection,3,1,1,3,0,0,0,0,SR-17,,-119.1192778,46.993375,98857,0,1,66,Specific Other,10,2,60,34,0,0,1,2,12,2,2,2,1,14,Making a U turn,1,1,53,,0,12,37,2012,0,0,12,,,,,,1,1,83,1,0,,0,0,3,0,11,0,,,,,0,0,3,3,1,0,0,0,0,96,,,,,,0,,,,,,98223,53,66,130,6,1,0,0,0,0,,0,,,,,,0,,,20,0,0,0,8,9,8,,,0,0,0,8,0,8,95,,,96,,,8,95,995,,,,,,,,,,,,,,,,,,,,,,,,,,,,,,0,0,0,0,1,1,1,1,0,0,0,0,0,0,0,0,0,0,0,0,0,0,0,0,0,1,1,1,0,1,0,0,0,0,0,,0,0,0,0,0,0,0,0,0,0,0,0,0,0,0,0,,,,,,81+,76+,Interstate,U,Sunday,Belt Used,PV,Not Fatal,0,0,0,1,State Route,State Patrol,Washington State Patrol,0,1,0,0,0,,,,,,0,0,0,,,,,,,,,,,98,98,98,0,,,,,20,7,,,,,,,,,,,,,,,
2019,286,634279,14,07-31-2019,22:32,31,7,July,,11,Clark,0,1,0,2,1,2,1,0,1,1,,,,42,0,0,No vehicle,9999.9,3,0,3,T Intersection,7,2,2,4,0,0,0,0,CR-NE 14TH ST,NE 249TH AVE,-122.4175861,45.63253889,98607,0,1,1,Driver Off Road,13,2,40,4,0,0,1,7,42,3,1,2,1,14,Making a U turn,1,2,53,,0,55,36,2008,0,0,64,25,69,12,,,1,1,26,1,1,,4,7,99,7,11,0,09-08-2019,05:15,1.22E+11,40517,0,0,0,3,1,51,0,0,0,96,,,,,,9,,,,,,98290,53,73,215,6,1,0,0,0,3,,0,,,,,,0,01-15-2015,07-15-2019,8,0,0,0,0,1,8,,,0,0,0,1,1,2,402,,,1,,,2,1,0.2,,,,,,,,,,,,,,,,,,,,,,,,,,,,,,0,0,0,0,1,1,1,1,0,0,0,0,0,0,0,0,0,0,0,0,0,0,0,0,0,1,1,1,0,1,0,0,0,0,0,,1,0,0,0,0,1,1,1,0,0,0,0,0,0,0,1,,,,,,26-30,26-35,Interstate,U,Sunday,Unknown,PV,Hispanic,0,0,0,1,State Route,State Patrol,Washington State Patrol,0,1,0,0,0,,,,,,0,0,0,,,,,,,,,,,98,98,98,298,,,,,20,7,,,,,,,,,,,,,,,