year,something,Cases,repjur,crash_dt,crash_tm,accday,Month,Month,holiday,county,co_char,city,weather,weather2,lightcond,surfcond,surftype,Number of Fatalities,nmforms,pforms,vforms,not_tm,arr_tm,hosp_tm,fhevent,hitrun,Manner of Collision,Manner of Collision,milepnt,reljunc,reljuncinter,intersectiontype,Intersection Type,funcsystem,landuse,ownership,route,schlbus,spejur,contdev,devfunc,trafid1,trafid2,x,y,zipcode,wk_zone,vnumber,crashtype,Crash Type,criticalevent,criticaleventcat,spdlim,body,trailer,emerg,hazcargo,leave,mhevent,roadalgn,roadprof,traflane,trafflow,Vehicle Manure,Vehicle Manure,numoccs,regowner,regstate,,spuse,make,model,modelyr,vrf1,vrf2,seqevent1,seqevent2,seqevent3,seqevent4,seqevent5,seqevent6,pnumber,ptype,age,sex,hispanic,race,injury,diedscene,restraint,restraintmisuse,seatpos,takehosp,death_dt,death_tm,cert,cernum_wa,commlic,licendor,licrestrict,liccomp,drivpres,drf1,drf2,drf3,drf4,distract1,distract2,distract3,distract4,distract5,distract6,dricond1,dricond2,dricond3,dricond4,dricond5,dricond6,dzip,licstate,drhgt_in,weight,noncdl,noncdltype,prevdwi,prevoth,prevacc,prevspd,prevsus,driviol1,driviol2,driviol3,driviol4,driviol5,driviol6,spdrel,first_dt,last_dt,airbag,ejection,ejectpath,extricat,injurwrk,methalc,methdrug,nmlocat,strikveh,prf1,prf2,prf3,druginv,alcinvol,drugsts,drugres1,drugres2,drugres3,drugtst1,drugtst2,drugtst3,alcsts,alctst,alcres,nmact1,nmact2,nmact3,nmact4,nmact5,nmact6,nmprior1,nmprior2,nmprior3,nmprior4,nmprior5,nmprior6,nmcond1,nmcond2,nmcond3,nmcond4,nmcond5,nmcond6,nmsafe_helmet,nmsafe_pads,nmsafe_oth,nmprev_ref,nmprev_lgt,nmprev_oth,crashlocation,nmcrashtype,crosswalk,schoolzone,sidewalk,train_inv,wildlife_inv,rotr_fars,intersect_fars,Drink and Drive,aid_inv,Drug Positive Drivers,Impaired Drivers,Marijuana Positive,impnm_inv,ainm_inv,dpnm_inv,speed_inv,unlic_inv,unendmc_inv,drowsy_inv,drdist_inv,nmdist_inv,fty_inv,unrestfat_inv,dr1617_inv,dr1820_inv,dr1620_inv,dr2125_inv,dr1625_inv,dr65_inv,dr70_inv,dr75_inv,mc_inv,pv_inv,ht_inv,ped_inv,bike_inv,unrest_fat,mc_fat,unhelmet_mc,pv_fat,ht_fat,ped_fat,bike_fat,dr_alc7,dr_alc8,dr_drug,dr_imp,dr_dist,dr_spd,dr_fty,dr_unlic,dr_alc7only,dr_alc8only,dr_drugonly,dr_drink,nm_imp,nm_alc7,nm_alc8,nm_drug,nm_dist,agegrp1,agegrp2,roadclass,urbrur,dayweek,restuse,vehtype,race_me,intersect,lanedep,oppdir,wrongway,rep_typ,investag,repag_long,rotr,st_rd,cty_rd,city_rd,oth_rd,drug_thc,thc_res,drug_cthc,cthc_res,drug_cann,prevpersemin,prevperse,prevsusoth,drugtst4,drugtst5,drugtst6,drugtst7,drugtst8,drugres4,drugres5,drugres6,drugres7,drugres8,adspresent,adsengaged,adslevel,race1,race2,race3,race4,race5,helmet,helmetmisuse,nmdistract1,nmdistract2,nmdistract3,nmdistract4,nmdistract5,nmdistract6,lab,isedtcase,crf1,crf2,crf3,CoRoadName,CoMP,IntCoRoadName,IntCoMP
2018,286,633497,6,08-12-2018,06:48,12,8,Aug,0,7,Chelan,0,1,0,4,1,2,1,0,1,1,,,,1,0,0,No vehicle,152.3,1,0,1,No intersection,3,1,1,3,0,0,0,0,SR-97,,-120.5783472,47.36736389,,0,1,1,Driver Off Road,13,2,60,34,0,0,1,2,1,3,2,2,1,14,Making a U turn,1,1,53,,0,52,46,2015,0,0,12,,,,,,1,1,24,2,0,,1,0,3,0,11,8,,,,,0,0,0,3,1,0,0,0,0,96,,,,,,0,,,,,,98387,53,63,155,6,1,0,0,0,0,,0,,,,,,0,,,20,0,0,0,8,9,8,,,0,0,0,8,0,8,95,,,96,,,8,95,995,,,,,,,,,,,,,,,,,,,,,,,,,,,,,,0,0,0,0,1,0,1,1,1,0,0,0,0,1,0,0,0,0,0,0,0,0,0,1,1,0,0,0,0,1,0,0,0,0,0,,0,0,0,0,0,0,0,0,0,0,0,0,0,0,0,0,,,,,,21-25,16-25,County road,U,Tuesday,Belt Used,PV,Not Fatal,0,1,1,0,County Road,County Sheriff,Law Enforcement Support Agency,0,0,1,0,0,,,,,,0,0,0,,,,,,,,,,,98,98,98,0,,,,,20,7,,,,,,,,,,,,,,,
2017,286,632628,200,07-04-2017,19:25,4,7,July,5,61,Snohomish,1360,1,0,1,1,1,1,0,3,2,,,,12,0,6,Angle,13,2,0,2,4 Way,3,2,1,2,0,0,3,3,US-2,ROOSEVELT RD,-122.0078833,47.87246389,98272,0,2,69,Initial Opposite Direction(Going Straight),62,4,55,4,0,0,1,5,12,1,1,5,1,1,Going Straight,2,2,53,,0,42,48,2019,0,0,12,,,,,,1,1,55,1,0,,1,0,3,0,11,8,,,,,0,0,0,3,1,0,0,0,0,96,,,,,,0,,,,,,98387,53,71,165,6,1,0,0,0,0,,0,,,,,,0,,,20,0,0,0,8,9,8,,,0,0,0,8,0,8,95,,,96,,,8,95,995,,,,,,,,,,,,,,,,,,,,,,,,,,,,,,0,0,0,0,1,0,1,1,1,0,0,0,0,1,0,0,0,0,0,0,0,0,0,1,1,0,0,0,0,1,0,0,0,0,0,,0,0,0,0,0,0,0,0,0,0,0,0,0,0,0,0,,,,,,51-55,46-55,County road,U,Tuesday,Belt Used,PV,Not Fatal,0,1,1,0,County Road,County Sheriff,Law Enforcement Support Agency,0,0,1,0,0,,,,,,0,0,0,,,,,,,,,,,98,98,98,0,,,,,20,7,,,,,,,,,,,,,,,
2017,286,632627,200,07-04-2017,19:25,4,7,July,5,61,Snohomish,1360,1,0,1,1,1,1,0,3,2,,,,12,0,6,Angle,13,2,0,2,4 Way,3,2,1,2,0,0,3,3,US-2,ROOSEVELT RD,-122.0078833,47.87246389,98272,0,1,68,Initial Opposite Direction(Left/Right),10,2,55,14,0,0,1,5,12,1,1,5,1,11,Turning Red: Permitted on red,1,1,53,,0,6,441,2014,0,0,12,12,12,,,,1,1,30,2,0,,1,0,3,0,11,8,,,,,0,0,0,3,1,0,0,0,0,96,,,,,,0,,,,,,98375,53,66,170,6,1,0,0,0,0,,0,,,,,,0,,,1,0,0,0,8,9,8,,,0,0,0,8,0,8,95,,,96,,,8,95,995,,,,,,,,,,,,,,,,,,,,,,,,,,,,,,0,0,0,0,1,0,1,1,1,0,0,0,0,1,0,0,0,0,0,0,0,0,0,1,1,0,0,0,0,1,0,0,0,0,0,,0,0,0,0,0,0,0,0,0,0,0,0,0,0,0,0,,,,,,26-30,26-35,County road,U,Tuesday,Belt Used,PV,Not Fatal,0,1,1,0,County Road,County Sheriff,Law Enforcement Support Agency,0,0,1,0,0,,,,,,0,0,0,,,,,,,,,,,98,98,98,0,,,,,20,7,,,,,,,,,,,,,,,
2017,287,3722441,297,07-16-2017,00:54,16,7,July,0,33,King,2310,1,0,3,1,1,1,1,2,1,,,,8,1,0,No vehicle,0,1,0,1,No intersection,3,2,4,6,0,0,0,0,E MARGINAL WAY S,,-122.2926861,47.51053889,98168,0,1,13,Pedestrian/Animal,80,5,40,14,0,0,1,2,8,1,1,2,2,1,Going Straight,2,2,53,,0,7,482,1994,0,0,64,65,12,,,,1,1,44,1,7,,4,7,3,0,11,0,09-10-2019,08:38,53040422,40422,0,0,0,2,1,28,0,0,0,96,,,,,,99,,,,,,98508,53,69,170,1,1,0,2,1,0,,0,,,,,,0,12-15-2016,02-15-2019,20,0,0,0,0,9,8,,,0,0,0,8,9,2,401,417,996,1,1,1,2,1,0.047,,,,,,,,,,,,,,,,,,,,,,,,,,,,,,0,0,0,0,1,0,1,1,1,0,0,0,0,1,0,0,0,0,0,0,0,0,0,1,1,0,0,0,0,1,0,0,0,0,0,,1,0,0,0,1,0,1,1,0,0,0,1,0,0,0,1,,,,,,41-45,36-45,County road,U,Tuesday,Belt Used,PV,White,0,1,1,0,County Road,County Sheriff,Law Enforcement Support Agency,0,0,1,0,0,thc,7.7,carboxy-thc,14,,0,0,3,1,1,,,,695,605,,,,0,0,0,1,,,,,20,7,,,,,,,,,,,,,,,
2020,287,634985,40,08-17-2020,20:32,17,8,Aug,,63,Spokane,0,1,,2,1,2,1,0,2,2,20:33,20:48,21:19,12,0,1,Front-to-Rear,1.9,1,0,1,No intersection,6,1,2,4,0,0,0,0,CR-W RUTTER PKWY,,-117.5072639,47.77289167,99208,0,2,25,Others,53,3,45,14,0,0,1,2,2,1,1,2,1,1,Going Straight,1,1,53,,0,72,706,2014,0,0,63,1,,,,,1,1,63,1,7,,4,0,20,7,11,8,10-01-2019,04:50,2.23E+11,44535,0,0,0,0,1,0,0,0,0,96,,,,,,9,,,,,,98390,53,70,160,0,0,0,0,0,0,,0,,,,,,0,,,20,8,0,0,0,1,8,,,0,0,0,8,1,8,95,,,96,,,2,1,0.1,,,,,,,,,,,,,,,,,,,,,,,,,,,,,,0,0,1,0,1,1,0,1,0,0,0,0,0,1,1,0,0,0,0,0,0,0,0,0,0,0,0,0,1,0,0,0,0,0,1,0,0,0,0,0,0,1,0,1,0,0,0,1,0,1,0,1,,,,,,61-65,56-65,County road,U,Saturday,,MC,White,0,1,0,0,County Road,County Sheriff,Law Enforcement Support Agency,1,0,1,0,0,,,,,,0,0,0,,,,,,,,,,,0,0,0,1,,,,,19,0,,,,,,,,,,,,,,,
2020,287,634984,40,08-17-2020,20:32,17,8,Aug,,63,Spokane,0,1,,2,1,2,1,0,2,2,20:33,20:48,21:19,12,0,1,Front-to-Rear,1.9,1,0,1,No intersection,6,1,2,4,0,0,0,0,CR-W RUTTER PKWY,,-117.5072639,47.77289167,99208,0,1,24,Others,51,3,45,6,0,0,1,2,12,1,1,2,1,1,Going Straight,1,2,53,,0,99,999,9999,0,0,8,,,,,,1,1,999,9,0,,0,0,99,7,11,0,,,,,99,9,9,9,1,0,0,0,0,96,,,,,,99,,,,,,99999,99,,999,9,9,99,99,99,99,,97,,,,,,0,,,99,9,0,0,8,9,8,,,0,0,0,8,9,8,95,,,96,,,8,95,995,,,,,,,,,,,,,,,,,,,,,,,,,,,,,,0,0,0,0,0,0,0,0,0,1,1,1,0,0,0,0,0,0,0,0,0,0,0,0,0,0,0,0,0,0,0,1,0,0,0,,0,0,0,0,0,0,0,0,0,0,0,0,0,0,0,0,,,,,,,,Interstate,U,Tuesday,,NR-U,Not Fatal,0,0,0,0,State Route,State Patrol,Washington State Patrol,0,1,0,0,0,,,,,,99,99,99,,,,,,,,,,,98,98,98,0,,,,,20,7,,,,,,,,,,,,,,,
2019,287,634281,26,08-17-2019,16:43,17,8,Aug,,35,Kitsap,0,1,0,1,1,2,1,0,2,2,,,,12,0,2,Front-to-Front,1.4,2,0,3,T Intersection,5,1,2,4,0,0,0,0,CR-MILLER BAY RD NE,NE WOOD BAY LN,-122.5622028,47.75853333,98370,0,2,51,Lateral Move(Going Straight),62,4,45,63,0,0,1,7,12,1,2,2,1,1,Going Straight,1,3,53,,0,48,38,2007,0,0,68,64,35,1,,,1,1,22,1,7,,4,7,20,7,11,0,09-07-2019,20:04,53040277,40277,0,0,0,3,1,0,0,0,0,96,,,,,,99,,,,,,98532,53,73,230,6,1,0,2,2,4,,0,,,,,,4,01-15-2015,07-15-2019,8,1,9,0,0,9,8,,,0,0,0,8,9,2,1,,,1,,,2,1,0.12,,,,,,,,,,,,,,,,,,,,,,,,,,,,,,0,0,1,0,1,1,0,1,0,0,0,0,1,0,0,0,0,0,0,1,0,0,0,1,1,0,0,0,0,1,0,0,0,1,0,,1,0,0,0,0,1,0,1,0,1,0,0,0,1,0,1,,,,,,21-25,16-25,County road,R,Saturday,Not Used,PV,White,0,1,0,0,County Road,County Sheriff,Lewis County Sheriff's Office,1,0,1,0,0,,,,,,0,0,0,,,,,,,,,,,98,98,98,1,,,,,20,7,,,,,,,,,,,,,,,
2019,287,634280,26,08-17-2019,16:43,17,8,Aug,,35,Kitsap,0,1,0,1,1,2,1,0,2,2,,,,12,0,2,Front-to-Front,1.4,2,0,3,T Intersection,5,1,2,4,0,0,0,0,CR-MILLER BAY RD NE,NE WOOD BAY LN,-122.5622028,47.75853333,98370,0,1,50,Lateral Move(Left/Right),10,2,45,15,0,0,1,7,12,1,2,2,1,1,Going Straight,1,1,53,,0,48,45,2008,0,0,64,71,35,1,,,1,1,76,1,7,,4,0,3,0,11,8,09-02-2019,09:27,1.65E+11,,0,0,0,3,1,33,39,0,0,96,,,,,,0,,,,,,97058,41,71,230,6,1,0,0,0,0,,0,,,,,,0,04-15-2018,04-15-2018,1,0,0,0,0,9,8,,,0,0,0,8,0,8,95,,,96,,,8,95,995,,,,,,,,,,,,,,,,,,,,,,,,,,,,,,0,0,0,1,0,0,0,0,0,0,0,0,0,0,0,0,0,0,0,0,0,0,0,0,0,1,1,1,0,1,0,0,0,0,0,,1,0,0,0,0,0,0,0,0,0,0,0,0,0,0,0,,,,,,76-80,76+,State route,R,Tuesday,Belt Used,PV,White,1,0,0,0,State Route,State Patrol,Washington State Patrol,0,1,0,0,0,,,,,,0,0,1,,,,,,,,,,,98,98,98,1,,,,,20,7,,,,,,,,,,,,,,,
2018,287,633502,7,08-09-2018,12:19,9,8,Aug,0,33,King,0,1,0,1,1,1,1,0,1,1,,,,43,0,0,No vehicle,17.4,1,0,1,No intersection,1,2,1,1,0,0,0,0,I-90,,-121.9995417,47.53358333,98029,0,1,6,Drive off road,12,2,70,4,0,0,1,7,2,2,2,3,2,14,Making a U turn,1,1,53,,0,41,471,2000,0,0,61,64,1,,,,1,1,69,1,7,,4,7,20,7,11,0,09-05-2019,13:35,62053040660,40660,0,0,0,3,1,80,0,0,0,96,,,,,,99,,,,,,99202,53,75,300,6,1,0,1,0,0,,0,,,,,,0,03-15-2015,03-15-2015,20,2,9,0,0,9,8,,,0,0,0,8,9,8,95,,,96,,,8,95,995,,,,,,,,,,,,,,,,,,,,,,,,,,,,,,0,0,1,0,0,0,0,0,0,0,0,0,0,0,0,0,0,0,0,1,0,0,0,0,0,1,0,0,0,1,0,0,0,1,0,,1,0,0,0,0,0,0,0,0,0,0,0,0,0,0,0,,,,,,66-70,66-75,Interstate,R,Thursday,Not Used,PV,White,0,1,0,0,State Route,State Patrol,Washington State Patrol,1,1,0,0,0,,,,,,0,0,0,,,,,,,,,,,98,98,98,1,,,,,20,7,,,,,,,,,,,,,,,
2021,287,635602,2,06-01-2021,21:25,1,6,June,,73,Whatcom,0,1,,1,1,2,1,0,1,1,,,,39,0,0,No vehicle,,3,0,10,L Intersection,6,1,2,4,0,0,28,3,CR-ROOSEVELT WAY,BAY VIEW RD,-123.0354667,49.00203333,98281,0,1,6,Drive off road,12,2,30,4,0,0,1,2,39,2,1,2,1,14,Making a U turn,1,9,95,,0,99,884,9999,0,0,8,18,14,,,,1,1,999,8,0,,0,0,99,7,11,0,,,,,99,9,9,9,1,0,0,0,0,96,,,,,,99,,,,,,99999,99,,999,9,9,99,99,99,99,,0,,,,,,0,,,99,9,0,0,8,9,8,,,0,0,0,8,9,8,95,,,96,,,8,95,995,,,,,,,,,,,,,,,,,,,,,,,,,,,,,,0,0,0,0,0,0,0,0,0,0,0,0,0,0,0,0,0,0,0,0,0,0,0,0,0,0,0,0,0,1,1,1,0,0,0,,0,0,0,0,0,0,0,0,0,0,0,0,0,0,0,0,,,,,,,,Interstate,U,Tuesday,,MHTRUCK,Not Fatal,0,0,0,0,State Route,State Patrol,Washington State Patrol,0,1,0,0,0,,,,,,99,99,99,,,,,,,,,,,98,98,98,0,,,,,20,7,,,,,,,,,,,,,,,
2020,288,634988,5,08-05-2020,06:57,5,8,Aug,,11,Clark,2370,1,,1,1,2,1,0,3,3,,,,12,0,1,Front-to-Rear,2,1,0,1,No intersection,1,2,1,1,0,0,0,0,I-5,,-122.66195,45.64409444,98663,1,3,98,Others,98,7,60,66,1,0,1,5,12,1,1,5,3,2,Others,1,3,41,,0,63,37,2015,0,0,12,,,,,,1,1,68,1,0,,1,0,3,0,11,4,,,,,0,0,0,3,1,0,0,0,0,96,,,,,,0,,,,,,98208,53,70,250,6,1,0,0,0,1,,0,,,,,,0,06-15-2017,06-15-2017,1,0,0,0,8,9,8,,,0,0,0,8,0,8,95,,,96,,,8,95,995,,,,,,,,,,,,,,,,,,,,,,,,,,,,,,0,0,0,0,1,1,1,1,1,0,0,0,0,0,1,0,0,0,0,0,0,0,0,0,0,1,0,0,1,1,0,0,0,0,0,,0,0,0,0,0,0,0,0,0,0,0,0,0,0,0,0,,,,,,66-70,66-75,US highway,R,Sunday,Belt Used,PV,Not Fatal,0,1,1,0,State Route,State Patrol,Washington State Patrol,0,1,0,0,0,,,,,,0,0,0,,,,,,,,,,,98,98,98,0,,,,,20,7,,,,,,,,,,,,,,,
2021,288,635601,4,06-02-2021,13:20,2,6,June,,75,Whitman,0,1,,1,1,2,2,0,2,1,,,,59,0,0,No vehicle,,1,0,1,No intersection,3,1,1,3,0,0,0,0,SR-26,,-117.6138083,46.81237778,99143,0,1,2,Control/Traction Loss,13,2,65,4,0,0,1,2,1,3,1,2,1,14,Making a U turn,2,2,53,,0,98,709,2012,0,0,68,12,,,,,1,1,62,1,7,,4,7,20,7,11,0,08/18/2019,11:33,53037163,37163,0,0,0,2,1,28,0,0,0,96,,,,,,9,,,,,,98272,53,72,180,6,1,0,0,0,0,,0,,,,,,0,,,20,8,0,0,0,1,8,,,0,0,0,8,1,2,605,695,,1,1,,2,1,0.14,,,,,,,,,,,,,,,,,,,,,,,,,,,,,,0,0,0,0,1,1,1,1,1,0,0,0,0,0,1,0,0,0,0,0,0,0,0,0,0,1,0,0,1,1,0,0,0,0,1,0,0,0,0,0,0,1,1,1,0,0,0,0,0,0,0,1,,,,,,61-65,56-65,US highway,R,Sunday,,MC,White,0,1,1,0,State Route,State Patrol,Washington State Patrol,0,1,0,0,0,thc,6.2,carboxy-thc,5.2,,0,0,0,,,,,,,,,,,0,0,0,1,,,,,5,0,,,,,,,,,,,,,,,
2020,288,634987,5,08-05-2020,06:57,5,8,Aug,,11,Clark,2370,1,,1,1,2,1,0,3,3,,,,12,0,1,Front-to-Rear,2,1,0,1,No intersection,1,2,1,1,0,0,0,0,I-5,,-122.66195,45.64409444,98663,1,2,29,Others,53,3,60,14,0,0,1,2,12,1,1,5,3,2,Others,1,2,53,,0,6,16,1992,0,0,12,,,,,,1,1,84,1,7,,4,0,3,0,11,4,09/20/2019,09:16,2.59E+11,42068,0,0,3,3,1,0,0,0,0,96,,,,,,0,,,,,,98903,53,71,250,6,1,0,0,0,0,,0,,,,,,0,03-15-2017,03-15-2017,20,0,0,0,0,9,8,,,0,0,0,8,0,8,95,,,96,,,8,95,995,,,,,,,,,,,,,,,,,,,,,,,,,,,,,,0,0,0,1,0,0,0,0,0,0,0,0,0,0,0,0,0,0,1,0,0,0,0,0,0,1,1,1,0,1,0,0,0,0,0,,1,0,0,0,0,0,0,0,0,0,0,0,0,0,0,0,,,,,,81+,76+,City street,U,Monday,Belt Used,PV,White,1,0,0,0,City Street,Municipal/City Police,Yakima Police Department,0,0,0,1,0,,,,,,0,0,1,,,,,,,,,,,0,0,0,1,,,,,20,7,,,,,,,,,,,,,,,
2019,288,634282,4,08-17-2019,08:30,17,8,Aug,,65,Stevens,0,1,0,1,1,2,1,0,1,1,,,,1,0,0,No vehicle,71.9,1,0,1,No intersection,5,1,1,3,0,0,0,0,SR-231,,-117.7285611,48.17846667,99181,0,1,1,Driver Off Road,13,2,55,14,0,0,1,2,1,1,1,2,1,1,Going Straight,1,1,53,,0,49,43,2004,0,0,12,,,,,,1,1,36,1,0,,1,0,3,0,11,8,,,,,0,0,3,3,1,38,0,0,0,96,,,,,,0,,,,,,98902,53,71,150,6,1,0,0,0,0,,46,,,,,,0,01-15-2018,01-15-2018,20,0,0,0,8,9,8,,,0,0,0,8,0,8,95,,,96,,,8,95,995,,,,,,,,,,,,,,,,,,,,,,,,,,,,,,0,0,0,1,0,0,0,0,0,0,0,0,0,0,0,0,0,0,1,0,0,0,0,0,0,1,1,1,0,1,0,0,0,0,0,,0,0,0,0,0,0,0,0,0,0,1,0,0,0,0,0,,,,,,36-40,36-45,City street,U,Monday,Belt Used,PV,Not Fatal,1,0,0,0,City Street,Municipal/City Police,Yakima Police Department,0,0,0,1,0,,,,,,0,0,1,,,,,,,,,,,98,98,98,0,,,,,20,7,,,,,,,,,,,,,,,
2018,288,633446,290,07-25-2018,08:46,25,7,July,0,53,Pierce,2230,1,0,1,1,2,1,0,2,3,,,,14,0,0,No vehicle,0,1,0,1,No intersection,7,2,4,6,0,0,0,0,TACOMA AVE S,,-122.4392778,47.22875278,98418,0,1,11,Others,11,2,25,4,0,0,1,7,14,1,1,2,1,1,Going Straight,2,2,53,,0,7,880,2017,0,0,12,,,,,,1,1,37,1,0,,0,0,3,0,11,0,,,,,0,0,0,3,1,0,0,0,0,96,,,,,,0,,,,,,98273,53,64,161,6,1,0,0,0,0,,0,,,,,,0,,,8,0,0,0,8,9,8,,,0,0,0,8,0,8,95,,,96,,,8,95,995,,,,,,,,,,,,,,,,,,,,,,,,,,,,,,0,0,0,1,1,1,0,1,0,0,0,0,0,1,0,0,0,0,1,0,0,0,0,0,0,0,0,0,0,1,1,0,0,0,0,,0,0,0,0,0,0,0,0,0,0,0,0,0,0,0,0,,,,,,36-40,36-45,State route,R,Monday,,MHTRUCK,Not Fatal,1,0,0,0,State Route,State Patrol,Washington State Patrol,0,1,0,0,0,,,,,,0,0,0,,,,,,,,,,,98,98,98,0,,,,,20,7,,,,,,,,,,,,,,,
2020,288,634986,5,08-05-2020,06:57,5,8,Aug,,11,Clark,2370,1,,1,1,2,1,0,3,3,,,,12,0,1,Front-to-Rear,2,1,0,1,No intersection,1,2,1,1,0,0,0,0,I-5,,-122.66195,45.64409444,98663,1,1,28,Others,52,3,60,66,0,0,1,5,12,1,1,5,3,1,Going Straight,1,3,95,,0,20,481,1987,0,0,12,,,,,,1,1,47,1,7,,4,7,99,7,11,0,09-02-2019,17:46,53039270,39270,0,0,3,2,1,38,0,0,0,96,,,,,,9,,,,,,98249,53,65,175,1,1,1,1,1,0,,0,,,,,,0,01-15-2017,08-15-2017,20,0,0,0,0,1,8,,,0,0,0,8,1,2,1,,,1,,,2,1,0.27,,,,,,,,,,,,,,,,,,,,,,,,,,,,,,0,0,0,1,1,1,0,1,0,0,0,0,0,1,0,0,0,0,1,0,0,0,0,0,0,0,0,0,0,1,1,0,0,0,0,,1,0,0,0,0,1,0,1,0,0,1,1,0,1,0,1,,,,,,46-50,46-55,State route,R,Monday,Unknown,PV,Multiracial,1,0,0,0,State Route,State Patrol,Washington State Patrol,0,1,0,0,0,,,,,,0,1,3,,,,,,,,,,,0,0,0,203,298,,,,20,7,,,,,,,,,,,,,,,
2017,288,632640,189,07-06-2017,04:33,6,7,July,0,61,Snohomish,1280,1,0,4,1,1,1,1,1,1,,,,8,1,0,No vehicle,0.1,3,1,2,4 Way,3,2,1,3,0,0,1,3,SR-528,4TH ST,-122.1835806,48.05188611,98270,0,1,13,Pedestrian/Animal,80,5,25,98,0,0,1,5,8,1,1,1,6,99,Others,99,9,99,,0,19,23,2017,0,0,63,42,,,,,1,1,27,2,7,,4,0,3,0,11,4,09-09-2019,20:40,1.96E+11,41110,0,0,0,3,1,0,0,0,0,96,,,,,,9,,,,,,98502,53,64,130,6,1,0,0,0,0,,0,,,,,,3,,,8,0,0,0,0,9,8,,,0,0,0,8,1,2,348,,,1,,,2,1,0.16,,,,,,,,,,,,,,,,,,,,,,,,,,,,,,0,0,1,0,1,1,1,1,0,0,0,0,1,0,0,0,0,0,0,0,0,0,0,0,0,0,0,0,0,1,0,0,0,0,0,,1,0,0,0,0,1,1,1,0,1,0,0,0,0,0,1,,,,,,26-30,26-35,County road,R,Monday,Belt Used,PV,Multiracial,0,1,0,0,County Road,County Sheriff,Thurston County Sheriff's Office,1,0,1,0,0,,,,,,0,0,0,,,,,,,,,,,98,98,98,201,268,,,,20,7,,,,,,,,,,,,,,,
2018,289,3789562,12,06-17-2018,02:49,17,6,June,0,7,Chelan,0,1,0,2,1,2,1,1,1,1,02:44,02:54,,8,1,0,No vehicle,0.3,1,0,1,No intersection,5,2,2,6,0,0,0,0,CR-MANSON BLVD,,-120.1675806,47.88556944,98831,0,1,13,Pedestrian/Animal,80,5,25,4,0,0,1,7,8,2,2,2,1,14,Making a U turn,1,2,53,,0,20,16,2002,0,0,12,,,,,,1,1,23,1,0,,1,0,3,0,11,4,,,,,0,0,0,3,1,0,0,0,0,96,,,,,,0,,,,,,99206,53,72,150,6,1,0,1,1,1,,0,,,,,,0,11-15-2015,01-15-2016,8,0,0,0,8,9,8,,,0,0,0,8,0,8,95,,,96,,,8,95,995,,,,,,,,,,,,,,,,,,,,,,,,,,,,,,0,0,0,0,1,1,0,1,0,0,0,0,1,1,1,0,0,0,0,0,0,0,0,1,1,0,0,0,1,1,0,0,0,0,0,,0,0,0,0,0,0,0,0,0,0,0,0,0,0,0,0,,,,,,21-25,16-25,State route,U,Friday,Belt Used,PV,Not Fatal,0,0,0,1,State Route,State Patrol,Washington State Patrol,0,1,0,0,0,,,,,,0,0,0,,,,,,,,,,,98,98,98,0,,,,,20,7,,,,,,,,,,,,,,,
2020,289,634990,278,08-19-2020,17:39,19,8,Aug,,63,Spokane,2110,1,,1,1,2,1,0,3,2,17:43,17:45,,1,0,0,No vehicle,0,3,0,4,Y Intersection,3,2,4,6,0,0,0,0,N NEVADA ST,E WOLVERTON CT,-117.3953028,47.68516667,99207,0,2,98,Others,62,4,98,20,0,0,1,5,12,3,2,2,1,14,Making a U turn,2,1,53,,0,53,706,2004,0,0,68,12,,,,,1,1,25,1,7,,4,7,20,7,11,0,09-06-2019,02:59,53039967,39967,0,0,0,2,1,28,0,0,0,96,,,,,,9,,,,,,99205,53,72,180,1,1,1,1,0,2,,0,,,,,,3,05-15-2017,02-15-2019,20,8,0,0,0,9,8,,,0,0,0,8,1,2,1,,,1,,,2,1,0.16,,,,,,,,,,,,,,,,,,,,,,,,,,,,,,0,0,0,0,1,1,0,1,0,0,0,0,1,1,1,0,0,0,0,0,0,0,0,1,1,0,0,0,1,1,0,0,0,0,1,0,0,0,0,0,0,1,0,1,0,1,0,1,0,1,0,1,,,,,,21-25,16-25,State route,U,Friday,,MC,White,0,0,0,1,State Route,State Patrol,Washington State Patrol,0,1,0,0,0,,,,,,0,1,2,,,,,,,,,,,0,0,0,1,,,,,5,0,,,,,,,,,,,,,,,
2020,289,634989,278,08-19-2020,17:39,19,8,Aug,,63,Spokane,2110,1,,1,1,2,1,0,3,2,17:43,17:45,,1,0,0,No vehicle,0,3,0,4,Y Intersection,3,2,4,6,0,0,0,0,N NEVADA ST,E WOLVERTON CT,-117.3953028,47.68516667,99207,0,1,98,Others,9,1,98,80,0,0,1,2,1,2,2,2,1,14,Making a U turn,1,1,53,,0,6,52,2007,0,0,12,2,,,,,1,1,65,1,7,,4,0,3,0,11,1,08-12-2019,12:30,1.96E+11,36466,0,0,3,3,1,0,0,0,0,96,,,,,,0,,,,,,99343,53,70,190,6,1,0,0,0,2,,0,,,,,,0,02-15-2015,05-15-2017,1,0,0,0,0,9,8,,,0,0,0,8,0,2,1,,,1,,,2,1,0,,,,,,,,,,,,,,,,,,,,,,,,,,,,,,0,0,0,0,0,0,0,0,0,0,0,0,0,0,0,0,0,0,0,0,0,1,1,0,1,1,0,0,0,1,0,0,0,0,0,,1,0,0,0,0,0,0,0,0,0,0,0,0,0,0,0,,,,,,61-65,56-65,State route,R,Thursday,Belt Used,PV,White,0,1,1,0,State Route,State Patrol,Washington State Patrol,0,1,0,0,0,,,,,,0,0,0,,,,,,,,,,,98,98,98,1,,,,,20,7,,,,,,,,,,,,,,,