year,something,Cases,repjur,crash_dt,crash_tm,accday,Month,Month,holiday,county,co_char,city,weather,weather2,lightcond,surfcond,surftype,Number of Fatalities,nmforms,pforms,vforms,not_tm,arr_tm,hosp_tm,fhevent,hitrun,Manner of Collision,Manner of Collision,milepnt,reljunc,reljuncinter,intersectiontype,Intersection Type,funcsystem,landuse,ownership,route,schlbus,spejur,contdev,devfunc,trafid1,trafid2,x,y,zipcode,wk_zone,vnumber,crashtype,Crash Type,criticalevent,criticaleventcat,spdlim,body,trailer,emerg,hazcargo,leave,mhevent,roadalgn,roadprof,traflane,trafflow,Vehicle Manure,Vehicle Manure,numoccs,regowner,regstate,,spuse,make,model,modelyr,vrf1,vrf2,seqevent1,seqevent2,seqevent3,seqevent4,seqevent5,seqevent6,pnumber,ptype,age,sex,hispanic,race,injury,diedscene,restraint,restraintmisuse,seatpos,takehosp,death_dt,death_tm,cert,cernum_wa,commlic,licendor,licrestrict,liccomp,drivpres,drf1,drf2,drf3,drf4,distract1,distract2,distract3,distract4,distract5,distract6,dricond1,dricond2,dricond3,dricond4,dricond5,dricond6,dzip,licstate,drhgt_in,weight,noncdl,noncdltype,prevdwi,prevoth,prevacc,prevspd,prevsus,driviol1,driviol2,driviol3,driviol4,driviol5,driviol6,spdrel,first_dt,last_dt,airbag,ejection,ejectpath,extricat,injurwrk,methalc,methdrug,nmlocat,strikveh,prf1,prf2,prf3,druginv,alcinvol,drugsts,drugres1,drugres2,drugres3,drugtst1,drugtst2,drugtst3,alcsts,alctst,alcres,nmact1,nmact2,nmact3,nmact4,nmact5,nmact6,nmprior1,nmprior2,nmprior3,nmprior4,nmprior5,nmprior6,nmcond1,nmcond2,nmcond3,nmcond4,nmcond5,nmcond6,nmsafe_helmet,nmsafe_pads,nmsafe_oth,nmprev_ref,nmprev_lgt,nmprev_oth,crashlocation,nmcrashtype,crosswalk,schoolzone,sidewalk,train_inv,wildlife_inv,rotr_fars,intersect_fars,Drink and Drive,aid_inv,Drug Positive Drivers,Impaired Drivers,Marijuana Positive,impnm_inv,ainm_inv,dpnm_inv,speed_inv,unlic_inv,unendmc_inv,drowsy_inv,drdist_inv,nmdist_inv,fty_inv,unrestfat_inv,dr1617_inv,dr1820_inv,dr1620_inv,dr2125_inv,dr1625_inv,dr65_inv,dr70_inv,dr75_inv,mc_inv,pv_inv,ht_inv,ped_inv,bike_inv,unrest_fat,mc_fat,unhelmet_mc,pv_fat,ht_fat,ped_fat,bike_fat,dr_alc7,dr_alc8,dr_drug,dr_imp,dr_dist,dr_spd,dr_fty,dr_unlic,dr_alc7only,dr_alc8only,dr_drugonly,dr_drink,nm_imp,nm_alc7,nm_alc8,nm_drug,nm_dist,agegrp1,agegrp2,roadclass,urbrur,dayweek,restuse,vehtype,race_me,intersect,lanedep,oppdir,wrongway,rep_typ,investag,repag_long,rotr,st_rd,cty_rd,city_rd,oth_rd,drug_thc,thc_res,drug_cthc,cthc_res,drug_cann,prevpersemin,prevperse,prevsusoth,drugtst4,drugtst5,drugtst6,drugtst7,drugtst8,drugres4,drugres5,drugres6,drugres7,drugres8,adspresent,adsengaged,adslevel,race1,race2,race3,race4,race5,helmet,helmetmisuse,nmdistract1,nmdistract2,nmdistract3,nmdistract4,nmdistract5,nmdistract6,lab,isedtcase,crf1,crf2,crf3,CoRoadName,CoMP,IntCoRoadName,IntCoMP
2019,289,634284,39,08-14-2019,14:35,14,8,Aug,,61,Snohomish,0,1,0,1,1,2,1,0,2,2,,,,1,0,0,No vehicle,0.2,1,0,1,No intersection,7,2,2,4,0,0,0,0,CR-4TH AVE W,,-122.2392417,47.87877222,98204,0,2,98,Others,62,4,98,14,0,0,1,7,12,3,2,5,5,14,Making a U turn,1,1,53,,0,37,39,2007,0,0,68,12,2,,,,1,1,18,1,0,,3,0,20,7,11,1,,,,,0,0,0,3,1,28,33,0,0,96,,,,,,0,,,,,,99349,53,64,135,6,1,0,1,0,1,,97,,,,,,0,03-15-2019,05-15-2019,1,0,0,0,8,1,1,,,0,0,0,0,0,2,1,,,1,,,2,1,0,,,,,,,,,,,,,,,,,,,,,,,,,,,,,,0,0,0,0,0,0,0,0,0,0,0,0,0,0,0,0,0,0,0,0,0,1,1,0,1,1,0,0,0,1,0,0,0,0,0,,0,0,0,0,0,0,0,0,0,0,0,0,0,0,0,0,,,,,,18-20,16-25,State route,R,Thursday,Not Used,PV,Not Fatal,0,1,1,0,State Route,State Patrol,Washington State Patrol,0,1,0,0,0,,,,,,0,0,0,,,,,,,,,,,98,98,98,0,,,,,20,7,,,,,,,,,,,,,,,
2019,289,634283,39,08-14-2019,14:35,14,8,Aug,,61,Snohomish,0,1,0,1,1,2,1,0,2,2,,,,1,0,0,No vehicle,0.2,1,0,1,No intersection,7,2,2,4,0,0,0,0,CR-4TH AVE W,,-122.2392417,47.87877222,98204,0,1,98,Others,8,1,98,80,0,0,1,7,12,2,2,5,5,14,Making a U turn,1,1,53,,0,12,473,2001,0,0,63,14,,,,,1,1,66,2,7,,4,7,2,0,11,0,08/20/2019,15:32,53037789,37789,0,0,3,3,1,0,0,0,0,96,,,,,,99,,,,,,98649,53,66,127,6,1,0,0,0,0,,0,,,,,,0,,,1,0,0,0,0,9,8,,,0,0,0,8,1,2,1,,,1,,,2,1,0,,,,,,,,,,,,,,,,,,,,,,,,,,,,,,0,0,0,0,1,0,0,0,0,0,0,0,0,0,0,0,0,0,0,0,0,0,0,0,0,1,0,0,0,1,1,0,0,0,0,,1,0,0,0,0,0,0,0,0,0,0,0,0,0,0,1,,,,,,66-70,66-75,State route,R,Tuesday,Belt Used,PV,White,0,1,0,0,State Route,State Patrol,Washington State Patrol,1,1,0,0,0,,,,,,0,0,0,,,,,,,,,,,98,98,98,1,,,,,20,7,,,,,,,,,,,,,,,
2021,289,635804,26,08-09-2021,22:42,9,8,Aug,,35,Kitsap,0,1,,2,1,2,1,1,1,1,,,,8,1,0,No vehicle,2.9,1,0,1,No intersection,4,2,2,4,0,0,0,0,CR-CLEAR CREEK RD NW,,-122.6920556,47.70573056,98370,0,1,13,Pedestrian/Animal,80,5,98,4,0,0,1,5,8,8,2,2,1,1,Going Straight,99,9,99,,0,98,850,1987,0,0,12,,,,,,1,1,48,1,0,,0,0,3,0,11,0,,,,,0,0,0,3,1,48,0,0,0,96,,,,,,0,,,,,,98277,53,67,180,6,1,0,0,0,0,,0,,,,,,0,,,20,0,0,0,8,9,8,,,0,0,0,8,0,8,95,,,96,,,8,95,995,,,,,,,,,,,,,,,,,,,,,,,,,,,,,,0,0,0,0,0,0,0,0,0,0,0,0,0,0,0,0,1,0,1,0,0,0,0,1,1,0,0,0,1,0,0,0,0,0,0,,0,0,0,0,0,0,0,0,0,0,0,0,0,0,0,0,,,,,,46-50,46-55,County road,U,Saturday,,MHOME,Not Fatal,0,0,0,0,County Road,State Patrol,Washington State Patrol,0,0,1,0,0,,,,,,0,0,0,,,,,,,,,,,0,0,0,0,,,,,20,7,,,,,,,,,,,,,,,
2021,290,635805,1,08-10-2021,17:40,10,8,Aug,,23,Garfield,0,1,,1,1,2,1,0,1,1,,,,34,0,0,No vehicle,408,1,0,1,No intersection,3,1,1,2,0,0,0,0,US-12,,-117.45935,46.44624444,99347,0,1,1,Driver Off Road,13,2,60,80,0,0,1,2,34,3,2,3,1,14,Making a U turn,1,1,53,,0,98,709,2019,0,0,1,12,,,,,1,1,24,1,7,,4,7,20,7,11,0,09-07-2019,15:10,53041032,41032,0,0,3,3,1,33,38,0,0,93,,,,,,99,,,,,,11575,36,71,999,6,1,0,0,1,0,,46,,,,,,0,06-15-2016,06-15-2016,20,8,0,0,0,9,8,,,0,0,0,8,9,2,1,,,1,,,2,1,0,,,,,,,,,,,,,,,,,,,,,,,,,,,,,,0,0,0,0,0,0,0,0,0,0,0,0,0,0,0,0,1,0,1,0,0,0,0,1,1,0,0,0,1,0,0,0,0,0,1,0,0,0,0,0,0,0,0,0,1,0,1,0,0,0,0,0,,,,,,21-25,16-25,County road,U,Saturday,,MC,Black,0,0,0,0,County Road,State Patrol,Washington State Patrol,0,0,1,0,0,,,,,,0,0,0,,,,,,,,,,,0,0,0,2,,,,,5,0,,,,,,,,,,,,,,,
2020,290,634992,14,08-19-2020,17:19,19,8,Aug,,11,Clark,0,1,,1,1,2,1,0,2,2,17:21,17:25,,12,0,6,Angle,2.1,2,0,3,T Intersection,5,2,2,4,0,0,3,3,CR-NE MINNEHAHA ST,NE 47TH AVE,-122.6222972,45.66787778,98661,0,2,98,Others,98,7,40,80,0,0,1,2,12,1,1,2,2,1,Going Straight,1,1,53,,0,23,898,1980,0,0,12,,,,,,1,1,71,1,0,,0,0,2,0,11,0,,,,,0,0,0,9,1,0,0,0,0,0,,,,,,0,,,,,,98589,53,72,230,6,1,0,0,0,0,,0,,,,,,0,,,20,0,0,0,8,9,8,,,0,0,0,8,0,8,95,,,96,,,8,95,995,,,,,,,,,,,,,,,,,,,,,,,,,,,,,,0,0,0,0,1,1,1,1,1,0,0,0,1,1,0,0,1,0,0,0,0,0,0,1,1,1,1,0,0,1,1,0,0,0,0,,0,0,0,0,0,0,0,0,0,0,0,0,0,0,0,0,,,,,,71-75,66-75,State route,R,Tuesday,,MHTRUCK,Not Fatal,0,0,0,0,State Route,State Patrol,Washington State Patrol,0,1,0,0,0,,,,,,0,0,0,,,,,,,,,,,0,0,0,0,,,,,20,7,,,,,,,,,,,,,,,
2020,290,634991,14,08-19-2020,17:19,19,8,Aug,,11,Clark,0,1,,1,1,2,1,0,2,2,17:21,17:25,,12,0,6,Angle,2.1,2,0,3,T Intersection,5,2,2,4,0,0,3,3,CR-NE MINNEHAHA ST,NE 47TH AVE,-122.6222972,45.66787778,98661,0,1,98,Others,98,7,40,21,0,0,1,2,12,1,1,2,2,98,Others,1,2,53,,0,12,23,2013,0,0,12,,,,,,1,1,21,1,7,,4,0,3,0,11,4,08/21/2019,02:25,1.96E+11,37270,0,0,0,0,1,0,0,0,0,93,,,,,,9,,,,,,59901,30,,999,3,1,0,0,98,0,,0,,,,,,4,,,1,0,0,0,0,9,8,,,0,0,0,8,1,2,605,695,,1,1,,2,1,0.11,,,,,,,,,,,,,,,,,,,,,,,,,,,,,,0,0,0,0,1,1,1,1,1,0,0,0,1,1,0,0,1,0,0,0,0,0,0,1,1,1,1,0,0,1,1,0,0,0,0,,1,0,0,0,0,1,1,1,1,1,0,1,0,0,0,1,,,,,,21-25,16-25,State route,R,Tuesday,Belt Used,PV,White,0,0,0,0,State Route,State Patrol,Washington State Patrol,0,1,0,0,0,thc,6.7,carboxy-thc,32,,0,0,0,,,,,,,,,,,98,98,98,1,,,,,20,7,,,,,,,,,,,,,,,
2019,290,634285,28,08-17-2019,05:20,17,8,Aug,,39,Klickitat,0,1,0,4,1,4,1,0,1,1,,,,38,0,0,No vehicle,0.2,1,0,1,No intersection,7,2,2,4,0,0,0,0,CR-KNOX RD,,-120.9116139,45.85364444,98620,0,1,1,Driver Off Road,9,1,50,34,0,0,1,7,1,1,2,8,1,1,Going Straight,1,1,53,,0,7,482,2002,0,0,12,,,,,,1,1,39,1,0,,0,0,3,0,11,0,,,,,0,0,3,3,1,0,0,0,0,0,,,,,,0,,,,,,98908,53,74,285,6,1,0,1,0,0,,0,,,,,,0,09-15-2016,09-15-2016,20,0,0,0,8,9,8,,,0,0,0,8,0,8,95,,,96,,,8,95,995,,,,,,,,,,,,,,,,,,,,,,,,,,,,,,0,0,0,0,0,0,1,1,0,0,0,0,1,1,1,0,0,0,0,0,0,0,0,0,0,1,1,1,1,1,0,0,0,0,0,,0,0,0,0,0,0,0,0,0,0,0,0,0,0,0,0,,,,,,36-40,36-45,City street,U,Wednesday,Belt Used,PV,Not Fatal,0,0,0,0,City Street,Municipal/City Police,Union Gap Police Department,0,0,0,1,0,,,,,,0,0,0,,,,,,,,,,,98,98,98,0,,,,,20,7,,,,,,,,,,,,,,,
2018,290,633501,2,08-19-2018,21:20,19,8,Aug,0,61,Snohomish,0,1,0,2,1,7,1,0,4,4,,,,12,0,8,Other,4.8,1,0,1,No intersection,4,1,1,3,0,0,0,0,SR-530,,-122.1170972,48.20594444,98223,0,4,98,Others,62,4,55,4,0,0,1,5,12,3,1,2,1,14,Making a U turn,1,2,53,,0,35,43,2004,0,0,12,,,,,,1,1,36,2,0,,0,0,3,0,11,0,,,,,0,0,0,3,1,0,0,0,0,0,,,,,,0,,,,,,98903,53,61,140,6,1,0,0,1,0,,0,,,,,,0,08-15-2018,08-15-2018,20,0,0,0,8,9,8,,,0,0,0,8,0,8,95,,,96,,,8,95,995,,,,,,,,,,,,,,,,,,,,,,,,,,,,,,0,0,0,0,0,0,1,1,0,0,0,0,1,1,1,0,0,0,0,0,0,0,0,0,0,1,1,1,1,1,0,0,0,0,0,,0,0,0,0,0,0,0,0,0,0,0,0,0,0,0,0,,,,,,36-40,36-45,City street,U,Wednesday,Belt Used,PV,Not Fatal,0,0,0,0,City Street,Municipal/City Police,Union Gap Police Department,0,0,0,1,0,,,,,,0,0,0,,,,,,,,,,,98,98,98,0,,,,,20,7,,,,,,,,,,,,,,,
2018,290,633500,2,08-19-2018,21:20,19,8,Aug,0,61,Snohomish,0,1,0,2,1,7,1,0,4,4,,,,12,0,8,Other,4.8,1,0,1,No intersection,4,1,1,3,0,0,0,0,SR-530,,-122.1170972,48.20594444,98223,0,3,98,Others,62,4,55,34,0,0,1,5,12,3,1,2,1,14,Making a U turn,1,1,53,,0,20,471,2003,0,0,12,12,,,,,1,1,76,1,0,,0,0,3,0,11,0,,,,,0,0,0,3,1,0,0,0,0,0,,,,,,0,,,,,,98908,53,72,240,6,1,0,0,0,0,,0,,,,,,0,,,20,0,0,0,8,9,8,,,0,0,0,8,0,8,95,,,96,,,8,95,995,,,,,,,,,,,,,,,,,,,,,,,,,,,,,,0,0,0,0,0,0,1,1,0,0,0,0,1,1,1,0,0,0,0,0,0,0,0,0,0,1,1,1,1,1,0,0,0,0,0,,0,0,0,0,0,0,0,0,0,0,0,0,0,0,0,0,,,,,,76-80,76+,City street,U,Wednesday,Belt Used,PV,Not Fatal,0,0,0,0,City Street,Municipal/City Police,Union Gap Police Department,0,0,0,1,0,,,,,,0,0,0,,,,,,,,,,,98,98,98,0,,,,,20,7,,,,,,,,,,,,,,,
2018,290,633499,2,08-19-2018,21:20,19,8,Aug,0,61,Snohomish,0,1,0,2,1,7,1,0,4,4,,,,12,0,8,Other,4.8,1,0,1,No intersection,4,1,1,3,0,0,0,0,SR-530,,-122.1170972,48.20594444,98223,0,2,65,Others,62,4,55,14,0,0,1,7,1,3,1,2,1,14,Making a U turn,1,1,53,,0,73,703,2014,0,0,12,12,,,,,1,1,44,2,1,,4,0,20,7,11,4,09-04-2019,18:44,2.59E+11,40096,0,0,0,2,1,0,0,0,0,96,,,,,,99,,,,,,98908,53,65,120,1,1,0,3,0,0,,0,,,,,,4,02-15-2015,06-15-2017,20,8,0,0,0,9,8,,,0,0,0,8,9,2,401,417,,1,1,,2,1,0,,,,,,,,,,,,,,,,,,,,,,,,,,,,,,0,0,0,0,0,0,1,1,0,0,0,0,1,1,1,0,0,0,0,0,0,0,0,0,0,1,1,1,1,1,0,0,0,0,1,0,0,0,0,0,0,0,1,1,0,1,0,1,0,0,1,0,,,,,,41-45,36-45,City street,U,Wednesday,,MC,Hispanic,0,0,0,0,City Street,Municipal/City Police,Union Gap Police Department,0,0,0,1,0,,,,,,0,0,4,,,,,,,,,,,0,0,0,298,,,,,19,0,,,,,,,,,,,,,,,
2018,290,633498,2,08-19-2018,21:20,19,8,Aug,0,61,Snohomish,0,1,0,2,1,7,1,0,4,4,,,,12,0,8,Other,4.8,1,0,1,No intersection,4,1,1,3,0,0,0,0,SR-530,,-122.1170972,48.20594444,98223,0,1,64,Others,10,2,55,6,0,0,1,7,12,2,1,2,1,14,Making a U turn,1,1,53,,0,73,705,2008,0,0,12,,,,,,1,1,27,1,7,,4,0,20,7,11,4,08/31/2019,22:20,1.55E+11,39683,0,0,0,2,1,0,0,0,0,96,,,,,,9,,,,,,98277,53,73,160,1,1,1,1,1,5,,0,,,,,,0,03-15-2016,04-15-2019,20,8,0,0,0,1,8,,,0,0,0,8,1,0,0,,,0,,,2,1,0.05,,,,,,,,,,,,,,,,,,,,,,,,,,,,,,0,0,0,1,1,0,0,0,0,0,0,0,0,1,1,0,0,0,1,0,0,0,0,0,0,0,0,0,1,1,0,0,0,0,1,0,0,0,0,0,1,0,0,0,0,0,0,1,1,0,0,1,,,,,,26-30,26-35,State route,U,Saturday,,MC,Black,1,0,0,0,State Route,State Patrol,Washington State Patrol,0,1,0,0,0,,,,,,0,1,1,,,,,,,,,,,0,0,0,2,,,,,5,0,,,,,,,,,,,,,,,
2021,291,635807,5,08-12-2021,00:00,12,8,Aug,,11,Clark,0,1,,2,1,1,2,0,5,2,,,,12,0,1,Front-to-Rear,8.2,1,0,1,No intersection,1,2,1,1,0,0,4,3,I-5,,-122.6571056,45.73198056,98642,1,2,32,Others,53,3,60,63,0,0,1,2,12,1,1,4,3,4,Others,1,3,53,,0,20,481,2017,0,0,12,,,,,,1,1,51,1,0,,0,0,3,0,11,0,,,,,0,0,3,3,1,38,0,0,0,96,,,,,,0,,,,,,98277,53,75,220,6,1,0,0,1,0,,97,,,,,,0,05-15-2015,05-15-2015,20,0,0,0,8,9,8,,,0,0,0,8,0,0,0,,,0,,,0,0,996,,,,,,,,,,,,,,,,,,,,,,,,,,,,,,0,0,0,1,1,0,0,0,0,0,0,0,0,1,1,0,0,0,1,0,0,0,0,0,0,0,0,0,1,1,0,0,0,0,0,,0,0,0,0,0,0,0,0,0,0,1,0,0,0,0,0,,,,,,51-55,46-55,State route,U,Saturday,Belt Used,PV,Not Fatal,1,0,0,0,State Route,State Patrol,Washington State Patrol,0,1,0,0,0,,,,,,0,0,0,,,,,,,,,,,98,98,98,0,,,,,20,7,,,,,,,,,,,,,,,
2021,291,635806,5,08-12-2021,00:00,12,8,Aug,,11,Clark,0,1,,2,1,1,2,0,5,2,,,,12,0,1,Front-to-Rear,8.2,1,0,1,No intersection,1,2,1,1,0,0,4,3,I-5,,-122.6571056,45.73198056,98642,1,1,32,Others,51,3,60,4,0,0,1,2,12,1,1,4,3,15,Others,4,1,53,,0,34,47,2015,0,0,12,64,30,,,,1,1,25,2,0,,1,0,3,0,11,5,,,,,0,0,0,3,1,0,0,0,0,96,,,,,,0,,,,,,98683,53,67,185,6,1,0,0,0,1,,0,,,,,,3,02-15-2019,02-15-2019,8,0,0,0,8,9,8,,,0,0,0,8,0,2,1,,,1,,,2,1,0,,,,,,,,,,,,,,,,,,,,,,,,,,,,,,0,0,0,1,0,0,0,0,0,0,0,0,1,0,0,0,0,0,0,0,0,0,0,1,1,1,1,1,0,1,0,0,0,0,0,,0,0,0,0,0,0,0,0,0,1,0,0,0,0,0,0,,,,,,21-25,16-25,City street,U,Sunday,Belt Used,PV,Not Fatal,1,0,0,0,City Street,Municipal/City Police,Vancouver Police Department,0,0,0,1,0,,,,,,0,0,0,,,,,,,,,,,98,98,98,0,,,,,20,7,,,,,,,,,,,,,,,
2020,291,634993,3,08-14-2020,20:35,14,8,Aug,,53,Pierce,800,1,,1,1,2,1,0,1,1,20:35,20:42,,57,0,0,No vehicle,12.4,1,0,1,No intersection,3,2,1,3,0,0,0,0,SR-16,,-122.6123278,47.35324444,98332,0,1,7,Control/Traction Loss,8,1,60,10,0,0,1,2,57,1,1,2,3,6,Others,1,1,53,,0,19,3,1995,0,0,12,,,,,,1,1,81,1,7,,4,7,3,0,11,0,09-01-2019,17:17,2.37E+11,39981,0,0,3,3,1,39,0,0,0,96,,,,,,99,,,,,,98671,53,68,238,6,1,0,1,1,0,,0,,,,,,0,12-15-2017,12-15-2017,2,0,0,0,0,9,8,,,0,0,0,8,9,2,1,,,1,,,2,1,0,,,,,,,,,,,,,,,,,,,,,,,,,,,,,,0,0,0,1,0,0,0,0,0,0,0,0,1,0,0,0,0,0,0,0,0,0,0,1,1,1,1,1,0,1,0,0,0,0,0,,1,0,0,0,0,0,0,0,0,0,0,0,0,0,0,0,,,,,,81+,76+,City street,U,Sunday,Belt Used,PV,White,1,0,0,0,City Street,Municipal/City Police,Vancouver Police Department,0,0,0,1,0,,,,,,0,0,0,,,,,,,,,,,0,0,0,1,,,,,20,7,,,,,,,,,,,,,,,
2019,291,634289,5,08-03-2019,19:51,3,8,Aug,,41,Lewis,0,1,0,1,1,2,1,0,2,2,,,,12,0,6,Angle,73.9,8,0,1,No intersection,3,1,1,2,0,0,0,0,US-12,,-122.7208167,46.53205556,98532,0,2,69,Initial Opposite Direction(Going Straight),62,4,55,80,0,0,1,2,12,1,1,3,1,1,Going Straight,1,1,53,,0,49,404,2007,0,0,12,,,,,,1,1,50,2,0,,2,0,3,0,11,8,,,,,0,0,0,3,1,0,0,0,0,96,,,,,,0,,,,,,98933,53,61,200,6,1,0,0,0,0,,0,,,,,,0,,,1,0,0,0,8,9,8,,,0,0,0,8,0,8,95,,,96,,,8,95,995,,,,,,,,,,,,,,,,,,,,,,,,,,,,,,0,0,0,1,0,0,0,0,0,0,0,0,0,1,0,0,0,0,0,1,0,1,1,0,1,0,0,0,0,1,0,0,0,0,0,,0,0,0,0,0,0,0,0,0,0,0,0,0,0,0,0,,,,,,46-50,46-55,County road,R,Monday,Belt Used,PV,Not Fatal,1,0,0,0,County Road,County Sheriff,Yakima County Sheriff's Office,0,0,1,0,0,,,,,,0,0,0,,,,,,,,,,,98,98,98,0,,,,,20,7,,,,,,,,,,,,,,,
2019,291,634288,5,08-03-2019,19:51,3,8,Aug,,41,Lewis,0,1,0,1,1,2,1,0,2,2,,,,12,0,6,Angle,73.9,8,0,1,No intersection,3,1,1,2,0,0,0,0,US-12,,-122.7208167,46.53205556,98532,0,1,68,Initial Opposite Direction(Left/Right),15,2,55,14,0,0,1,2,12,1,1,3,1,11,Turning Red: Permitted on red,1,1,53,,0,7,442,2000,0,0,12,63,1,3,,,1,1,18,1,1,,4,0,20,7,11,4,09-06-2019,13:14,2.59E+11,39876,0,0,0,0,1,39,0,0,0,96,,,,,,0,,,,,,98539,53,61,126,0,0,0,0,0,0,,0,,,,,,0,,,1,0,0,1,0,9,8,,,0,0,0,8,0,2,1,,,1,,,2,1,0,,,,,,,,,,,,,,,,,,,,,,,,,,,,,,0,0,0,1,0,0,0,0,0,0,0,0,0,1,0,0,0,0,0,1,0,1,1,0,1,0,0,0,0,1,0,0,0,1,0,,1,0,0,0,0,0,0,0,0,0,0,1,0,0,0,0,,,,,,18-20,16-25,County road,R,Monday,Not Used,PV,Hispanic,1,0,0,0,County Road,County Sheriff,Yakima County Sheriff's Office,0,0,1,0,0,,,,,,0,0,0,,,,,,,,,,,98,98,98,298,,,,,20,7,,,,,,,,,,,,,,,
2018,291,633503,248,06-27-2018,13:42,27,6,June,0,33,King,1830,1,0,1,1,2,1,0,1,1,,,,31,0,0,No vehicle,23,3,0,3,T Intersection,3,2,1,3,0,0,3,3,SR-169,140TH WAY SE,-122.15635,47.46844167,98058,0,1,1,Driver Off Road,13,2,40,80,0,0,1,7,31,1,1,5,1,1,Going Straight,1,5,53,,0,72,706,2015,0,0,63,42,,,,,1,1,60,1,7,,4,7,20,7,11,0,08/23/2019,14:48,53037809,37809,0,0,0,2,1,0,0,0,0,92,,,,,,0,,,,,,98022,53,68,180,6,1,0,0,0,1,,0,,,,,,0,10-15-2015,10-15-2015,20,8,0,0,0,9,8,,,0,0,0,8,0,2,1,,,1,,,2,1,0,,,,,,,,,,,,,,,,,,,,,,,,,,,,,,0,0,1,0,0,0,0,0,0,0,0,0,0,0,1,0,1,0,0,0,0,0,0,0,0,0,0,0,1,0,0,0,0,0,1,0,0,0,0,0,0,0,0,0,1,0,0,0,0,0,0,0,,,,,,56-60,56-65,County road,R,Friday,,MC,White,0,1,0,0,County Road,County Sheriff,Snohomish County Sheriff's Office,1,0,1,0,0,,,,,,0,0,0,,,,,,,,,,,0,0,0,1,,,,,19,0,,,,,,,,,,,,,,,
2017,291,632709,6,08-01-2017,16:22,1,8,Aug,0,37,Kittitas,0,1,0,1,1,1,1,0,3,2,,,,12,0,8,Other,13.5,1,0,1,No intersection,1,1,1,1,0,0,0,0,I-82,,-120.3924278,46.85513333,,0,2,66,Specific Other,98,7,70,34,1,0,1,2,12,1,2,2,3,1,Going Straight,2,1,53,,0,7,472,2008,0,0,8,,,,,,1,1,75,1,0,,0,0,3,0,11,0,,,,,0,0,3,3,1,0,0,0,0,93,,,,,,0,,,,,,98022,53,72,250,6,1,0,0,0,0,,97,,,,,,0,,,20,0,0,0,8,9,8,,,0,0,0,8,0,8,95,,,96,,,8,95,995,,,,,,,,,,,,,,,,,,,,,,,,,,,,,,0,0,0,1,0,0,0,0,0,0,0,0,0,0,0,0,1,0,0,0,0,0,0,0,0,1,1,1,0,1,0,1,0,0,0,,0,0,0,0,0,0,0,0,1,0,0,0,0,0,0,0,,,,,,71-75,66-75,State route,U,Friday,Belt Used,PV,Not Fatal,1,0,0,0,State Route,Municipal/City Police,Enumclaw Police Department,0,1,0,0,0,,,,,,0,0,0,,,,,,,,,,,98,98,98,0,,,,,20,7,,,,,,,,,,,,,,,
2017,291,632708,6,08-01-2017,16:22,1,8,Aug,0,37,Kittitas,0,1,0,1,1,1,1,0,3,2,,,,12,0,8,Other,13.5,1,0,1,No intersection,1,1,1,1,0,0,0,0,I-82,,-120.3924278,46.85513333,,0,1,66,Specific Other,60,4,70,4,0,0,1,2,1,1,2,2,3,6,Others,1,2,53,,0,35,48,2006,0,0,63,1,,,,,1,1,27,1,7,,4,7,3,0,11,0,08/29/2019,19:50,53039044,39044,0,0,0,3,1,0,0,0,0,96,,,,,,9,,,,,,32084,12,75,999,6,1,0,0,0,0,,0,,,,,,3,,,20,2,9,0,0,1,8,,,0,0,0,8,1,2,1,,,1,,,2,1,0.21,,,,,,,,,,,,,,,,,,,,,,,,,,,,,,0,0,0,0,1,1,0,1,0,0,0,0,1,0,0,0,0,0,0,0,0,0,0,0,0,0,0,0,0,1,0,0,0,0,0,,1,0,0,0,0,1,0,1,0,1,0,0,0,1,0,1,,,,,,26-30,26-35,US highway,R,Thursday,Belt Used,PV,White,0,1,0,0,State Route,State Patrol,Washington State Patrol,1,1,0,0,0,,,,,,0,0,0,,,,,,,,,,,98,98,98,1,,,,,20,7,,,,,,,,,,,,,,,
2018,292,633506,1,08-13-2018,07:14,13,8,Aug,0,71,Walla Walla,0,1,0,1,1,2,1,0,6,4,07:13,07:23,07:38,12,0,6,Angle,1.6,2,0,2,4 Way,3,1,1,3,0,0,3,3,SR-125,OLD MILTON HWY,-118.3890222,46.02388889,99324,0,3,98,Others,62,4,55,4,0,0,1,5,12,1,2,6,1,5,Others,1,2,41,,0,12,481,2016,0,0,12,,,,,,1,1,27,1,0,,0,0,3,0,11,0,,,,,0,0,0,3,1,10,0,0,0,96,,,,,,0,,,,,,98373,53,75,300,6,1,0,0,0,2,,0,,,,,,0,01-15-2015,05-15-2015,20,0,0,0,8,9,8,,,0,0,0,8,0,8,95,,,96,,,8,95,995,,,,,,,,,,,,,,,,,,,,,,,,,,,,,,0,0,0,1,0,0,1,1,0,0,0,0,1,0,0,0,0,0,0,0,0,0,0,0,0,0,0,0,1,1,0,0,0,0,0,,0,0,0,0,0,0,0,0,0,0,0,0,0,0,0,0,,,,,,26-30,26-35,County road,U,Friday,Belt Used,PV,Not Fatal,1,0,0,0,County Road,County Sheriff,Law Enforcement Support Agency,0,0,1,0,0,,,,,,0,0,1,,,,,,,,,,,98,98,98,0,,,,,20,7,,,,,,,,,,,,,,,