year,something,Cases,repjur,crash_dt,crash_tm,accday,Month,Month,holiday,county,co_char,city,weather,weather2,lightcond,surfcond,surftype,Number of Fatalities,nmforms,pforms,vforms,not_tm,arr_tm,hosp_tm,fhevent,hitrun,Manner of Collision,Manner of Collision,milepnt,reljunc,reljuncinter,intersectiontype,Intersection Type,funcsystem,landuse,ownership,route,schlbus,spejur,contdev,devfunc,trafid1,trafid2,x,y,zipcode,wk_zone,vnumber,crashtype,Crash Type,criticalevent,criticaleventcat,spdlim,body,trailer,emerg,hazcargo,leave,mhevent,roadalgn,roadprof,traflane,trafflow,Vehicle Manure,Vehicle Manure,numoccs,regowner,regstate,,spuse,make,model,modelyr,vrf1,vrf2,seqevent1,seqevent2,seqevent3,seqevent4,seqevent5,seqevent6,pnumber,ptype,age,sex,hispanic,race,injury,diedscene,restraint,restraintmisuse,seatpos,takehosp,death_dt,death_tm,cert,cernum_wa,commlic,licendor,licrestrict,liccomp,drivpres,drf1,drf2,drf3,drf4,distract1,distract2,distract3,distract4,distract5,distract6,dricond1,dricond2,dricond3,dricond4,dricond5,dricond6,dzip,licstate,drhgt_in,weight,noncdl,noncdltype,prevdwi,prevoth,prevacc,prevspd,prevsus,driviol1,driviol2,driviol3,driviol4,driviol5,driviol6,spdrel,first_dt,last_dt,airbag,ejection,ejectpath,extricat,injurwrk,methalc,methdrug,nmlocat,strikveh,prf1,prf2,prf3,druginv,alcinvol,drugsts,drugres1,drugres2,drugres3,drugtst1,drugtst2,drugtst3,alcsts,alctst,alcres,nmact1,nmact2,nmact3,nmact4,nmact5,nmact6,nmprior1,nmprior2,nmprior3,nmprior4,nmprior5,nmprior6,nmcond1,nmcond2,nmcond3,nmcond4,nmcond5,nmcond6,nmsafe_helmet,nmsafe_pads,nmsafe_oth,nmprev_ref,nmprev_lgt,nmprev_oth,crashlocation,nmcrashtype,crosswalk,schoolzone,sidewalk,train_inv,wildlife_inv,rotr_fars,intersect_fars,Drink and Drive,aid_inv,Drug Positive Drivers,Impaired Drivers,Marijuana Positive,impnm_inv,ainm_inv,dpnm_inv,speed_inv,unlic_inv,unendmc_inv,drowsy_inv,drdist_inv,nmdist_inv,fty_inv,unrestfat_inv,dr1617_inv,dr1820_inv,dr1620_inv,dr2125_inv,dr1625_inv,dr65_inv,dr70_inv,dr75_inv,mc_inv,pv_inv,ht_inv,ped_inv,bike_inv,unrest_fat,mc_fat,unhelmet_mc,pv_fat,ht_fat,ped_fat,bike_fat,dr_alc7,dr_alc8,dr_drug,dr_imp,dr_dist,dr_spd,dr_fty,dr_unlic,dr_alc7only,dr_alc8only,dr_drugonly,dr_drink,nm_imp,nm_alc7,nm_alc8,nm_drug,nm_dist,agegrp1,agegrp2,roadclass,urbrur,dayweek,restuse,vehtype,race_me,intersect,lanedep,oppdir,wrongway,rep_typ,investag,repag_long,rotr,st_rd,cty_rd,city_rd,oth_rd,drug_thc,thc_res,drug_cthc,cthc_res,drug_cann,prevpersemin,prevperse,prevsusoth,drugtst4,drugtst5,drugtst6,drugtst7,drugtst8,drugres4,drugres5,drugres6,drugres7,drugres8,adspresent,adsengaged,adslevel,race1,race2,race3,race4,race5,helmet,helmetmisuse,nmdistract1,nmdistract2,nmdistract3,nmdistract4,nmdistract5,nmdistract6,lab,isedtcase,crf1,crf2,crf3,CoRoadName,CoMP,IntCoRoadName,IntCoMP
2018,292,633505,1,08-13-2018,07:14,13,8,Aug,0,71,Walla Walla,0,1,0,1,1,2,1,0,6,4,07:13,07:23,07:38,12,0,6,Angle,1.6,2,0,2,4 Way,3,1,1,3,0,0,3,3,SR-125,OLD MILTON HWY,-118.3890222,46.02388889,99324,0,2,98,Others,62,4,40,4,0,0,1,7,12,1,2,6,1,1,Going Straight,1,2,41,,0,37,706,2004,0,0,12,,,,,,1,1,54,1,7,,4,7,20,7,11,0,08/30/2019,20:39,53038781,38781,0,0,0,3,1,0,0,0,0,96,,,,,,9,,,,,,98445,53,70,190,6,1,0,0,0,0,,0,,,,,,3,,,20,8,0,0,0,9,8,,,0,0,0,1,9,2,401,417,,1,1,,2,1,0,,,,,,,,,,,,,,,,,,,,,,,,,,,,,,0,0,0,1,0,0,1,1,0,0,0,0,1,0,0,0,0,0,0,0,0,0,0,0,0,0,0,0,1,1,0,0,0,0,1,0,0,0,0,0,0,0,1,1,0,1,0,0,0,0,1,0,,,,,,51-55,46-55,County road,U,Friday,,MC,White,1,0,0,0,County Road,County Sheriff,Law Enforcement Support Agency,0,0,1,0,0,,,,,,0,0,0,,,,,,,,,,,0,0,0,1,,,,,19,0,,,,,,,,,,,,,,,
2021,292,635809,1,08-06-2021,05:08,6,8,Aug,,71,Walla Walla,0,1,,2,1,2,1,0,2,2,,,,12,0,2,Front-to-Front,9.1,1,0,1,No intersection,4,1,1,3,0,0,0,0,SR-124,,-118.8362278,46.23656389,99323,0,2,51,Lateral Move(Going Straight),62,4,65,14,0,0,1,2,12,1,2,2,1,1,Going Straight,1,1,53,,0,49,402,2015,0,0,63,69,68,64,1,35,1,1,69,2,7,,4,7,99,7,11,0,08/16/2019,13:00,53036392,36392,0,0,0,3,1,0,0,0,0,96,,,,,,99,,,,,,99348,53,65,175,6,1,0,0,0,0,,0,,,,,,0,,,8,0,0,0,0,9,8,,,0,0,0,8,9,8,95,,,96,,,8,95,995,,,,,,,,,,,,,,,,,,,,,,,,,,,,,,0,0,0,0,0,0,0,0,0,0,0,0,0,0,0,0,0,0,0,0,0,0,0,0,0,1,0,0,0,1,0,0,0,0,0,,1,0,0,0,0,0,0,0,0,0,0,0,0,0,0,0,,,,,,66-70,66-75,County road,R,Friday,Unknown,PV,White,0,1,0,0,County Road,County Sheriff,Walla Walla County Sheriff's Office,1,0,1,0,0,,,,,,0,0,0,,,,,,,,,,,98,98,98,1,,,,,20,7,,,,,,,,,,,,,,,
2021,292,635808,1,08-06-2021,05:08,6,8,Aug,,71,Walla Walla,0,1,,2,1,2,1,0,2,2,,,,12,0,2,Front-to-Front,9.1,1,0,1,No intersection,4,1,1,3,0,0,0,0,SR-124,,-118.8362278,46.23656389,99323,0,1,50,Lateral Move(Left/Right),10,2,65,4,0,0,1,2,12,1,2,2,1,6,Others,1,2,53,,0,72,706,2018,0,0,1,68,14,,,,1,1,49,1,7,,4,0,20,7,11,8,08/26/2019,03:41,2.11E+11,37914,0,0,0,3,1,0,0,0,0,96,,,,,,99,,,,,,99208,53,70,175,6,1,0,3,1,3,,0,,,,,,0,05-15-2016,06-15-2019,20,8,0,0,0,9,8,,,0,0,0,8,1,2,402,695,605,1,1,1,2,1,0,,,,,,,,,,,,,,,,,,,,,,,,,,,,,,0,0,0,0,1,0,1,1,1,0,0,0,0,0,0,0,0,0,0,0,0,0,0,0,0,0,0,0,1,1,0,0,0,0,1,0,0,0,0,0,0,0,1,1,0,0,0,0,0,0,1,1,,,,,,46-50,46-55,County road,U,Sunday,,MC,White,0,0,0,0,County Road,County Sheriff,Spokane County Sheriff's Office,0,0,1,0,0,thc,2.3,carboxy-thc,22,,0,0,2,,,,,,,,,,,0,0,0,1,,,,,19,0,,,,,,,,,,,,,,,
2020,292,634994,290,08-20-2020,23:38,20,8,Aug,,53,Pierce,2230,2,,3,2,2,2,0,3,3,,,,43,0,0,No vehicle,0,3,0,5,Traffic Circle,7,2,4,6,0,0,0,0,S PARK AVE,S 88th St,-122.4419778,47.17738056,98444,0,1,14,Others,14,2,25,4,0,0,1,2,43,1,1,2,2,1,Going Straight,2,2,53,,0,49,482,2017,0,0,12,,,,,,1,1,50,1,0,,1,0,3,0,11,4,,,,,0,0,3,3,1,0,0,0,0,96,,,,,,0,,,,,,98118,53,65,160,6,1,0,0,0,0,,0,,,,,,0,,,20,0,0,0,8,9,8,,,0,0,0,8,0,8,95,,,96,,,8,95,995,,,,,,,,,,,,,,,,,,,,,,,,,,,,,,0,0,1,0,1,1,1,1,1,0,0,0,0,0,0,0,0,0,0,1,0,1,1,0,1,0,0,0,0,1,0,0,0,0,0,,0,0,0,0,0,0,0,0,0,0,0,0,0,0,0,0,,,,,,46-50,46-55,Interstate,U,Thursday,Belt Used,PV,Not Fatal,0,1,0,0,State Route,State Patrol,Washington State Patrol,1,1,0,0,0,,,,,,0,0,0,,,,,,,,,,,98,98,98,0,,,,,20,7,,,,,,,,,,,,,,,
2019,292,634290,59,08-14-2019,07:51,14,8,Aug,,33,King,109,1,0,1,1,2,1,1,2,1,,,,9,0,0,No vehicle,0,2,0,3,T Intersection,7,2,4,6,0,0,0,0,NE 8TH ST,134TH AVE NE,-122.1616583,47.61723333,98005,0,1,13,Pedestrian/Animal,83,5,35,5,0,0,1,7,9,1,2,5,1,11,Turning Red: Permitted on red,2,2,53,,0,20,22,2009,0,0,64,25,69,12,,,1,1,18,2,0,,1,0,20,7,11,4,,,,,0,0,3,3,1,91,0,0,0,0,,,,,,9,,,,,,98499,53,65,143,6,1,0,0,1,0,,1,12,,,,,0,05-15-2019,05-15-2019,20,0,0,0,8,9,8,,,0,0,0,8,1,2,337,695,605,1,1,1,2,1,0.19,,,,,,,,,,,,,,,,,,,,,,,,,,,,,,0,0,1,0,1,1,1,1,1,0,0,0,0,0,0,0,0,0,0,1,0,1,1,0,1,0,0,0,0,1,0,0,0,0,0,,0,0,0,0,0,1,1,1,0,0,0,0,0,0,0,1,,,,,,18-20,16-25,Interstate,U,Thursday,Not Used,PV,Not Fatal,0,1,0,0,State Route,State Patrol,Washington State Patrol,1,1,0,0,0,thc,7.5,carboxy-thc,41,,0,0,0,,,,,,,,,,,98,98,98,0,,,,,20,7,,,,,,,,,,,,,,,
2018,292,633507,1,08-13-2018,07:14,13,8,Aug,0,71,Walla Walla,0,1,0,1,1,2,1,0,6,4,07:13,07:23,07:38,12,0,6,Angle,1.6,2,0,2,4 Way,3,1,1,3,0,0,3,3,SR-125,OLD MILTON HWY,-118.3890222,46.02388889,99324,0,4,89,Others,66,4,55,4,0,0,1,7,12,1,2,4,1,1,Going Straight,3,1,53,,0,12,481,1998,0,0,8,,,,,,1,1,53,1,0,,0,0,99,7,11,0,,,,,0,0,0,3,1,0,0,0,0,96,,,,,,9,,,,,,98032,53,68,145,6,1,0,0,0,0,,97,,,,,,0,,,20,0,0,0,8,9,8,,,0,0,0,8,1,8,95,,,96,,,8,95,995,,,,,,,,,,,,,,,,,,,,,,,,,,,,,,0,0,0,0,1,0,0,0,0,1,1,0,0,0,0,0,0,0,0,0,0,0,0,0,0,0,0,0,0,1,0,1,0,0,0,,0,0,0,0,0,0,0,0,0,0,0,0,0,0,0,1,,,,,,51-55,46-55,City street,U,Friday,Unknown,PV,Not Fatal,0,0,0,0,City Street,Municipal/City Police,Kent Police Department,0,0,0,1,0,,,,,,0,0,0,,,,,,,,,,,0,0,0,0,,,,,20,7,,,,,,,,,,,,,,,
2018,292,633504,1,08-13-2018,07:14,13,8,Aug,0,71,Walla Walla,0,1,0,1,1,2,1,0,6,4,07:13,07:23,07:38,12,0,6,Angle,1.6,2,0,2,4 Way,3,1,1,3,0,0,3,3,SR-125,OLD MILTON HWY,-118.3890222,46.02388889,99324,0,1,88,Striking from the Left,17,2,55,14,0,0,1,7,12,1,2,6,1,1,Going Straight,1,1,53,,0,12,27,2013,0,0,12,,,,,,1,1,26,1,0,,1,0,3,0,11,8,,,,,0,0,3,3,1,0,0,0,0,96,,,,,,0,,,,,,98445,53,69,200,6,1,0,0,0,0,,0,,,,,,0,,,8,0,0,0,8,9,8,,,0,0,0,8,0,8,95,,,96,,,8,95,995,,,,,,,,,,,,,,,,,,,,,,,,,,,,,,0,0,0,0,1,1,1,1,0,0,0,0,0,1,0,0,0,0,0,0,0,0,0,0,0,1,0,0,0,1,0,0,0,0,0,,0,0,0,0,0,0,0,0,0,0,0,0,0,0,0,0,,,,,,26-30,26-35,Interstate,U,Thursday,Belt Used,PV,Not Fatal,0,1,1,0,State Route,State Patrol,Washington State Patrol,0,1,0,0,0,,,,,,0,0,0,,,,,,,,,,,98,98,98,0,,,,,20,7,,,,,,,,,,,,,,,
2017,292,632718,5,08-01-2017,09:28,1,8,Aug,0,11,Clark,0,1,0,1,1,2,1,0,5,4,09:25,09:28,10:25,12,0,8,Other,10.9,1,0,1,No intersection,4,1,1,3,0,0,0,0,SR-500,,-122.4898556,45.672,98682,0,4,98,Others,62,4,50,4,0,0,1,2,12,3,1,2,1,14,Making a U turn,1,1,53,,0,24,7,2007,0,0,12,64,25,,,,1,1,67,2,7,,4,0,99,7,11,4,08/15/2019,22:37,1.96E+11,40740,0,0,3,2,1,51,0,0,0,96,,,,,,99,,,,,,98012,53,63,145,1,1,1,0,0,1,,0,,,,,,0,10-15-2014,12-15-2017,1,0,0,0,0,9,8,,,0,0,0,8,9,2,155,157,,1,1,,2,1,0.2,,,,,,,,,,,,,,,,,,,,,,,,,,,,,,0,0,0,0,1,1,1,1,0,0,0,0,0,1,0,0,0,0,0,0,0,0,0,0,0,1,0,0,0,1,0,0,0,0,0,,1,0,0,0,0,1,1,1,0,0,0,1,0,0,0,1,,,,,,66-70,66-75,Interstate,U,Thursday,Unknown,PV,White,0,1,1,0,State Route,State Patrol,Washington State Patrol,0,1,0,0,0,,,,,,0,1,1,,,,,,,,,,,98,98,98,1,,,,,20,7,,,,,,,,,,,,,,,
2017,292,632717,5,08-01-2017,09:28,1,8,Aug,0,11,Clark,0,1,0,1,1,2,1,0,5,4,09:25,09:28,10:25,12,0,8,Other,10.9,1,0,1,No intersection,4,1,1,3,0,0,0,0,SR-500,,-122.4898556,45.672,98682,0,3,98,Others,62,4,50,6,0,0,1,2,12,2,1,2,1,14,Making a U turn,1,1,53,,0,9,442,1999,0,0,63,1,,,,,1,1,22,1,7,,4,0,20,7,11,5,08/27/2019,11:45,2.23E+11,39484,0,0,0,3,1,0,0,0,0,96,,,,,,99,,,,,,98391,53,69,185,6,1,0,0,1,0,,0,,,,,,0,09-15-2017,09-15-2017,1,1,9,0,0,9,8,,,0,0,0,8,9,2,605,,,1,,,2,1,0.14,,,,,,,,,,,,,,,,,,,,,,,,,,,,,,0,0,1,1,1,1,1,1,1,0,0,0,0,0,0,0,0,0,0,1,0,0,0,1,1,0,0,0,0,1,0,0,0,1,0,,1,0,0,0,0,1,1,1,0,0,0,0,0,0,0,1,,,,,,21-25,16-25,City street,U,Sunday,Not Used,PV,White,0,1,0,0,City Street,Municipal/City Police,Edgewood Police Department,1,0,0,1,0,,,carboxy-thc,10,,0,0,0,,,,,,,,,,,0,0,0,1,,,,,20,7,,,,,,,,,,,,,,,
2017,292,632716,5,08-01-2017,09:28,1,8,Aug,0,11,Clark,0,1,0,1,1,2,1,0,5,4,09:25,09:28,10:25,12,0,8,Other,10.9,1,0,1,No intersection,4,1,1,3,0,0,0,0,SR-500,,-122.4898556,45.672,98682,0,2,65,Others,62,4,50,34,0,0,1,2,12,2,1,2,1,14,Making a U turn,2,2,53,,0,37,32,2004,0,0,12,,,,,,1,1,998,8,0,,9,0,99,7,11,8,,,,,99,9,9,9,1,0,0,0,0,92,,,,,,99,,,,,,99999,99,,999,9,9,99,99,99,99,,97,,,,,,0,,,99,9,0,0,8,9,8,,,0,0,0,8,9,8,95,,,96,,,8,95,995,,,,,,,,,,,,,,,,,,,,,,,,,,,,,,0,0,0,1,0,0,0,0,0,0,0,0,0,1,0,0,1,0,0,0,0,0,0,0,0,0,0,0,0,1,0,0,0,0,0,,0,0,0,0,0,0,0,0,1,0,0,0,0,0,0,0,,,,,,,,State route,U,Sunday,Unknown,PV,Not Fatal,1,0,0,0,State Route,Municipal/City Police,Federal Way Dept of Public Safety,0,1,0,0,0,,,,,,99,99,99,,,,,,,,,,,98,98,98,0,,,,,20,7,,,,,,,,,,,,,,,
2017,292,632715,5,08-01-2017,09:28,1,8,Aug,0,11,Clark,0,1,0,1,1,2,1,0,5,4,09:25,09:28,10:25,12,0,8,Other,10.9,1,0,1,No intersection,4,1,1,3,0,0,0,0,SR-500,,-122.4898556,45.672,98682,0,1,64,Others,10,2,50,15,0,0,1,2,12,3,1,2,1,14,Making a U turn,1,2,53,,0,49,40,2011,0,0,12,64,30,,,,1,1,55,8,0,,3,0,3,0,11,8,,,,,0,0,3,2,1,48,0,0,0,96,,,,,,0,,,,,,95155,6,66,220,3,1,0,0,0,0,,97,,,,,,0,,,1,0,0,0,8,9,8,,,0,0,0,8,0,8,95,,,96,,,8,95,995,,,,,,,,,,,,,,,,,,,,,,,,,,,,,,0,0,0,1,0,0,0,0,0,0,0,0,0,1,0,0,1,0,0,0,0,0,0,0,0,0,0,0,0,1,0,0,0,0,0,,0,0,0,0,0,0,0,0,0,0,0,1,0,0,0,0,,,,,,51-55,46-55,State route,U,Sunday,Belt Used,PV,Not Fatal,1,0,0,0,State Route,Municipal/City Police,Federal Way Dept of Public Safety,0,1,0,0,0,,,,,,0,0,0,,,,,,,,,,,98,98,98,0,,,,,20,7,,,,,,,,,,,,,,,
2018,293,3751258,263,06-22-2018,00:26,22,6,June,0,33,King,1960,1,0,3,1,1,1,0,5,4,,,,12,0,6,Angle,0,2,0,2,4 Way,7,2,4,6,0,0,3,3,NW MARKET ST,15TH AVE NW,-122.3762194,47.66867222,98107,0,1,89,Others,17,2,30,34,0,0,1,7,12,1,1,6,1,1,Going Straight,2,2,53,,0,49,403,9999,0,0,8,,,,,,1,1,999,8,0,,9,0,99,7,11,8,,,,,99,9,9,9,1,0,0,0,0,92,,,,,,99,,,,,,99999,99,,999,9,9,99,99,99,99,,97,,,,,,0,,,99,0,0,0,8,9,8,,,0,0,0,8,9,8,95,,,96,,,8,95,995,,,,,,,,,,,,,,,,,,,,,,,,,,,,,,0,0,0,0,0,0,0,0,0,0,0,0,0,0,0,0,1,0,0,0,0,0,0,0,0,0,0,0,0,1,0,1,0,0,0,,0,0,0,0,0,0,0,0,1,0,0,0,0,0,0,0,,,,,,,,City street,U,Friday,Unknown,PV,Not Fatal,0,0,0,0,City Street,Municipal/City Police,Tacoma Police Department,0,0,0,1,0,,,,,,99,99,99,,,,,,,,,,,98,98,98,0,,,,,20,7,,,,,,,,,,,,,,,
2018,293,3751258,263,06-22-2018,00:26,22,6,June,0,33,King,1960,1,0,3,1,1,1,0,5,4,,,,12,0,6,Angle,0,2,0,2,4 Way,7,2,4,6,0,0,3,3,NW MARKET ST,15TH AVE NW,-122.3762194,47.66867222,98107,0,2,88,Striking from the Left,66,4,30,14,0,0,1,7,12,1,1,7,1,1,Going Straight,1,2,53,,0,41,51,9999,0,0,8,,,,,,1,1,999,8,0,,9,0,99,7,11,8,,,,,99,9,9,9,1,0,0,0,0,92,,,,,,99,,,,,,99999,99,,999,9,9,99,99,99,99,,97,,,,,,0,,,99,0,0,0,8,9,8,,,0,0,0,8,9,8,95,,,96,,,8,95,995,,,,,,,,,,,,,,,,,,,,,,,,,,,,,,0,0,0,0,0,0,0,0,0,0,0,0,0,0,0,0,1,0,0,0,0,0,0,0,0,0,0,0,0,1,0,1,0,0,0,,0,0,0,0,0,0,0,0,1,0,0,0,0,0,0,0,,,,,,,,City street,U,Friday,Unknown,PV,Not Fatal,0,0,0,0,City Street,Municipal/City Police,Tacoma Police Department,0,0,0,1,0,,,,,,99,99,99,,,,,,,,,,,98,98,98,0,,,,,20,7,,,,,,,,,,,,,,,
2018,293,3751258,263,06-22-2018,00:26,22,6,June,0,33,King,1960,1,0,3,1,1,1,0,5,4,,,,12,0,6,Angle,0,2,0,2,4 Way,7,2,4,6,0,0,3,3,NW MARKET ST,15TH AVE NW,-122.3762194,47.66867222,98107,0,3,98,Others,66,4,30,4,0,0,1,7,12,1,1,7,1,1,Going Straight,1,1,53,,0,49,46,2005,0,0,9,,,,,,1,1,48,2,0,,0,0,3,0,11,0,,,,,0,0,3,3,1,10,0,0,0,96,,,,,,0,,,,,,98004,53,61,117,6,1,0,0,0,0,,0,,,,,,0,,,20,0,0,0,8,9,8,,,0,0,0,8,0,8,95,,,96,,,8,95,995,,,,,,,,,,,,,,,,,,,,,,,,,,,,,,0,0,0,1,0,0,0,0,0,1,0,1,0,0,0,0,0,0,0,0,0,0,0,0,0,0,0,0,0,1,0,0,1,0,0,,0,0,0,0,0,0,0,0,0,0,0,0,0,0,0,0,,,,,,46-50,46-55,City street,U,Wednesday,Belt Used,PV,Not Fatal,1,0,0,0,City Street,Municipal/City Police,Bellevue Police Department,0,0,0,1,0,,,,,,0,0,0,,,,,,,,,,,98,98,98,0,,,,,20,7,,,,,,,,,,,,,,,
2018,293,3751258,263,06-22-2018,00:26,22,6,June,0,33,King,1960,1,0,3,1,1,1,0,5,4,,,,12,0,6,Angle,0,2,0,2,4 Way,7,2,4,6,0,0,3,3,NW MARKET ST,15TH AVE NW,-122.3762194,47.66867222,98107,0,4,98,Others,62,4,30,6,0,0,1,5,12,1,1,7,1,5,Others,1,2,53,,0,72,706,2010,0,0,12,,,,,,1,1,28,1,7,,4,7,20,7,11,0,08-03-2019,19:51,1.40E+11,34996,0,0,0,3,1,0,0,0,0,96,,,,,,99,,,,,,98632,53,73,165,6,1,0,0,0,3,,0,,,,,,0,04-15-2017,09-15-2018,20,8,0,0,0,9,8,,,0,0,0,8,9,2,1,,,1,,,2,1,0,,,,,,,,,,,,,,,,,,,,,,,,,,,,,,0,0,0,0,1,0,0,0,0,0,0,0,0,0,0,0,0,0,1,0,0,0,0,0,0,0,0,0,1,1,0,0,0,0,1,0,0,0,0,0,0,0,0,0,0,0,0,0,0,0,0,0,,,,,,26-30,26-35,US highway,R,Saturday,,MC,White,0,0,0,0,State Route,State Patrol,Washington State Patrol,0,1,0,0,0,,,,,,0,0,0,,,,,,,,,,,0,0,0,1,,,,,5,0,,,,,,,,,,,,,,,
2021,293,635810,169,08-07-2021,03:18,7,8,Aug,,67,Thurston,1102,1,,3,1,2,1,0,1,1,,,,1,0,0,No vehicle,0,2,0,6,Roundabout,3,2,4,6,0,0,21,3,COLLEGE ST SE,22nd Ave SE,-122.8233194,47.02751111,98503,0,1,98,Others,9,1,35,80,0,0,1,2,1,1,1,3,1,1,Going Straight,1,2,53,,0,12,402,2008,0,0,12,,,,,,1,1,48,1,0,,2,0,3,0,11,4,,,,,0,0,0,3,1,38,0,0,0,96,,,,,,0,,,,,,98570,53,71,170,6,1,0,0,0,0,,97,,,,,,0,,,8,0,0,0,8,9,2,,,0,0,0,0,1,8,95,,,96,,,8,95,995,,,,,,,,,,,,,,,,,,,,,,,,,,,,,,0,0,0,0,1,0,0,0,0,0,0,0,0,0,0,0,0,0,1,0,0,0,0,0,0,0,0,0,1,1,0,0,0,0,0,,0,0,0,0,0,0,0,0,0,0,1,0,0,0,0,1,,,,,,46-50,46-55,US highway,R,Saturday,Belt Used,PV,Not Fatal,0,0,0,0,State Route,State Patrol,Washington State Patrol,0,1,0,0,0,,,,,,0,0,0,,,,,,,,,,,98,98,98,0,,,,,20,7,,,,,,,,,,,,,,,
2020,293,634995,229,07-30-2020,17:00,30,7,July,,21,Franklin,1660,1,,1,1,2,1,1,1,1,16:59,17:05,17:25,9,0,0,No vehicle,0,2,0,2,4 Way,7,2,4,6,0,0,0,0,W OCTAVE ST,N 8th Ave,-119.1006056,46.23848056,99301,0,1,13,Pedestrian/Animal,83,5,25,4,0,0,1,5,9,1,1,2,1,1,Going Straight,1,1,53,,0,2,403,2017,0,0,12,,,,,,1,1,44,2,0,,3,0,3,0,11,4,,,,,0,0,0,3,1,0,0,0,0,96,,,,,,0,,,,,,98249,53,62,140,6,1,0,0,0,0,,0,,,,,,0,,,1,0,0,0,8,9,8,,,0,0,0,8,0,8,95,,,96,,,8,95,995,,,,,,,,,,,,,,,,,,,,,,,,,,,,,,0,0,0,1,0,0,0,0,0,0,0,0,0,0,0,0,0,0,1,0,0,0,0,0,0,1,0,0,0,1,0,0,0,0,0,,0,0,0,0,0,0,0,0,0,0,0,0,0,0,0,0,,,,,,41-45,36-45,State route,R,Saturday,Belt Used,PV,Not Fatal,1,0,0,0,State Route,State Patrol,Washington State Patrol,0,1,0,0,0,,,,,,0,0,0,,,,,,,,,,,98,98,98,0,,,,,20,7,,,,,,,,,,,,,,,
2019,293,634076,3,05-06-2019,18:02,6,5,May,,53,Pierce,2230,1,0,1,1,2,1,0,1,1,,,,30,0,0,No vehicle,0.1,5,1,1,No intersection,1,2,1,1,0,0,0,0,I-705 RAMP S100010,A ST,-122.4331083,47.23483889,98402,0,1,6,Drive off road,12,2,98,14,0,0,1,2,3,2,2,1,6,14,Making a U turn,1,2,53,,0,55,401,2019,0,0,12,,,,,,1,1,65,2,0,,3,0,3,0,11,4,,,,,0,0,0,3,1,10,38,0,0,96,,,,,,0,,,,,,98026,53,68,190,6,1,0,0,0,0,,46,,,,,,0,,,8,0,0,0,8,9,8,,,0,0,0,8,0,8,95,,,96,,,8,95,995,,,,,,,,,,,,,,,,,,,,,,,,,,,,,,0,0,0,1,0,0,0,0,0,0,0,0,0,0,0,0,0,0,1,0,0,0,0,0,0,1,0,0,0,1,0,0,0,0,0,,0,0,0,0,0,0,0,0,0,0,1,0,0,0,0,0,,,,,,61-65,56-65,State route,R,Saturday,Belt Used,PV,Not Fatal,1,0,0,0,State Route,State Patrol,Washington State Patrol,0,1,0,0,0,,,,,,0,0,0,,,,,,,,,,,98,98,98,0,,,,,20,7,,,,,,,,,,,,,,,
2017,293,632719,2,08-02-2017,18:16,2,8,Aug,0,73,Whatcom,0,1,0,1,1,1,1,0,1,1,,,,38,0,0,No vehicle,0.7,1,0,1,No intersection,7,1,2,4,0,0,0,0,CR-NOON RD,,-122.3989139,48.81286389,98226,0,1,2,Control/Traction Loss,6,1,35,34,0,0,1,2,1,1,1,2,1,1,Going Straight,1,2,53,,0,7,482,2006,0,0,63,38,1,,,,1,1,42,1,7,,4,7,99,7,11,0,08/17/2019,05:20,53036879,36879,0,0,0,3,1,0,0,0,0,96,,,,,,99,,,,,,98620,53,73,224,6,1,0,0,0,0,,0,,,,,,0,,,20,1,9,0,0,9,8,,,0,0,0,8,9,8,95,,,96,,,8,95,995,,,,,,,,,,,,,,,,,,,,,,,,,,,,,,0,0,1,0,0,0,0,0,0,0,0,0,0,0,0,0,0,0,0,0,0,0,0,0,0,0,0,0,0,1,0,0,0,0,0,,1,0,0,0,0,0,0,0,0,0,0,0,0,0,0,0,,,,,,41-45,36-45,County road,U,Saturday,Unknown,PV,White,0,1,0,0,County Road,County Sheriff,Klickitat County Sheriff's Office,1,0,1,0,0,,,,,,0,0,0,,,,,,,,,,,98,98,98,1,,,,,20,7,,,,,,,,,,,,,,,
2021,294,635813,8,08-02-2021,23:16,2,8,Aug,,27,Grays Harbor,0,1,,2,1,2,1,0,2,1,,,,42,0,0,No vehicle,24.3,1,0,1,No intersection,5,1,1,3,0,0,0,0,SR-109,,-124.1829528,47.15505556,98535,0,1,1,Driver Off Road,13,2,55,34,0,0,1,2,42,3,1,2,1,14,Making a U turn,2,1,53,,0,49,402,2017,0,0,12,,,,,,1,1,60,2,0,,0,0,99,7,11,0,,,,,0,0,3,3,1,0,0,0,0,96,,,,,,0,,,,,,98258,53,63,136,6,1,0,0,0,0,,0,,,,,,0,,,20,0,0,0,8,9,8,,,0,0,0,8,0,8,95,,,96,,,8,95,995,,,,,,,,,,,,,,,,,,,,,,,,,,,,,,0,0,0,0,1,0,0,0,0,0,0,0,1,0,0,0,0,0,0,0,0,0,0,0,0,0,0,0,1,1,0,0,0,0,0,,0,0,0,0,0,0,0,0,0,0,0,0,0,0,0,0,,,,,,56-60,56-65,County road,U,Wednesday,Unknown,PV,Not Fatal,0,0,0,0,County Road,County Sheriff,Snohomish County Sheriff's Office,0,0,1,0,0,,,,,,0,0,0,,,,,,,,,,,98,98,98,0,,,,,20,7,,,,,,,,,,,,,,,