year,something,Cases,repjur,crash_dt,crash_tm,accday,Month,Month,holiday,county,co_char,city,weather,weather2,lightcond,surfcond,surftype,Number of Fatalities,nmforms,pforms,vforms,not_tm,arr_tm,hosp_tm,fhevent,hitrun,Manner of Collision,Manner of Collision,milepnt,reljunc,reljuncinter,intersectiontype,Intersection Type,funcsystem,landuse,ownership,route,schlbus,spejur,contdev,devfunc,trafid1,trafid2,x,y,zipcode,wk_zone,vnumber,crashtype,Crash Type,criticalevent,criticaleventcat,spdlim,body,trailer,emerg,hazcargo,leave,mhevent,roadalgn,roadprof,traflane,trafflow,Vehicle Manure,Vehicle Manure,numoccs,regowner,regstate,,spuse,make,model,modelyr,vrf1,vrf2,seqevent1,seqevent2,seqevent3,seqevent4,seqevent5,seqevent6,pnumber,ptype,age,sex,hispanic,race,injury,diedscene,restraint,restraintmisuse,seatpos,takehosp,death_dt,death_tm,cert,cernum_wa,commlic,licendor,licrestrict,liccomp,drivpres,drf1,drf2,drf3,drf4,distract1,distract2,distract3,distract4,distract5,distract6,dricond1,dricond2,dricond3,dricond4,dricond5,dricond6,dzip,licstate,drhgt_in,weight,noncdl,noncdltype,prevdwi,prevoth,prevacc,prevspd,prevsus,driviol1,driviol2,driviol3,driviol4,driviol5,driviol6,spdrel,first_dt,last_dt,airbag,ejection,ejectpath,extricat,injurwrk,methalc,methdrug,nmlocat,strikveh,prf1,prf2,prf3,druginv,alcinvol,drugsts,drugres1,drugres2,drugres3,drugtst1,drugtst2,drugtst3,alcsts,alctst,alcres,nmact1,nmact2,nmact3,nmact4,nmact5,nmact6,nmprior1,nmprior2,nmprior3,nmprior4,nmprior5,nmprior6,nmcond1,nmcond2,nmcond3,nmcond4,nmcond5,nmcond6,nmsafe_helmet,nmsafe_pads,nmsafe_oth,nmprev_ref,nmprev_lgt,nmprev_oth,crashlocation,nmcrashtype,crosswalk,schoolzone,sidewalk,train_inv,wildlife_inv,rotr_fars,intersect_fars,Drink and Drive,aid_inv,Drug Positive Drivers,Impaired Drivers,Marijuana Positive,impnm_inv,ainm_inv,dpnm_inv,speed_inv,unlic_inv,unendmc_inv,drowsy_inv,drdist_inv,nmdist_inv,fty_inv,unrestfat_inv,dr1617_inv,dr1820_inv,dr1620_inv,dr2125_inv,dr1625_inv,dr65_inv,dr70_inv,dr75_inv,mc_inv,pv_inv,ht_inv,ped_inv,bike_inv,unrest_fat,mc_fat,unhelmet_mc,pv_fat,ht_fat,ped_fat,bike_fat,dr_alc7,dr_alc8,dr_drug,dr_imp,dr_dist,dr_spd,dr_fty,dr_unlic,dr_alc7only,dr_alc8only,dr_drugonly,dr_drink,nm_imp,nm_alc7,nm_alc8,nm_drug,nm_dist,agegrp1,agegrp2,roadclass,urbrur,dayweek,restuse,vehtype,race_me,intersect,lanedep,oppdir,wrongway,rep_typ,investag,repag_long,rotr,st_rd,cty_rd,city_rd,oth_rd,drug_thc,thc_res,drug_cthc,cthc_res,drug_cann,prevpersemin,prevperse,prevsusoth,drugtst4,drugtst5,drugtst6,drugtst7,drugtst8,drugres4,drugres5,drugres6,drugres7,drugres8,adspresent,adsengaged,adslevel,race1,race2,race3,race4,race5,helmet,helmetmisuse,nmdistract1,nmdistract2,nmdistract3,nmdistract4,nmdistract5,nmdistract6,lab,isedtcase,crf1,crf2,crf3,CoRoadName,CoMP,IntCoRoadName,IntCoMP
2017,294,632727,40,08-04-2017,09:43,4,8,Aug,0,63,Spokane,2113,1,0,1,1,2,1,0,1,3,09:43,09:46,,14,0,0,No vehicle,0,1,0,1,No intersection,4,2,4,6,0,0,0,0,S ADAMS RD,,-117.2074417,47.63654444,99037,0,1,11,Others,13,2,25,15,0,0,1,2,14,1,1,2,1,1,Going Straight,1,1,53,,0,72,706,2004,0,0,68,1,12,,,,1,1,63,1,7,,4,7,20,7,11,0,08/14/2019,14:35,53036748,36748,0,0,0,3,1,28,0,0,0,96,,,,,,99,,,,,,98204,53,70,210,6,1,0,0,1,1,,0,,,,,,4,02-15-2015,06-15-2018,20,8,0,0,0,9,8,,,0,0,0,8,9,2,1,,,1,,,2,1,0.037,,,,,,,,,,,,,,,,,,,,,,,,,,,,,,0,0,0,0,1,0,0,0,0,0,0,0,1,0,0,0,0,0,0,0,0,0,0,0,0,0,0,0,1,1,0,0,0,0,1,0,0,0,0,0,1,0,0,0,0,1,0,0,1,0,0,1,,,,,,61-65,56-65,County road,U,Wednesday,,MC,White,0,0,0,0,County Road,County Sheriff,Snohomish County Sheriff's Office,0,0,1,0,0,,,,,,0,0,0,,,,,,,,,,,0,0,0,1,,,,,5,0,,,,,,,,,,,,,,,
2020,295,3834601,263,08-11-2020,01:10,11,8,Aug,,33,King,1960,98,,3,1,2,1,0,1,1,,,,30,0,0,No vehicle,0,3,0,3,T Intersection,4,2,4,6,0,0,20,3,RENTON AVE S,S Prentice St,-122.2567278,47.50838056,98178,0,1,1,Driver Off Road,13,2,25,6,0,0,1,2,30,1,4,2,1,11,Turning Red: Permitted on red,1,1,53,,0,34,402,2006,0,0,63,1,,,,,1,1,48,2,7,,4,7,20,7,11,0,08/17/2019,08:30,53036928,36928,6,0,3,3,1,0,0,0,0,0,,,,,,2,,,,,,99181,53,65,220,6,1,0,0,1,1,,0,,,,,,0,03-15-2017,06-15-2019,8,1,6,0,0,9,8,,,0,0,0,8,0,2,1,,,1,,,2,1,0,,,,,,,,,,,,,,,,,,,,,,,,,,,,,,0,0,1,0,0,0,0,0,0,0,0,0,0,0,0,1,0,0,0,1,0,0,0,0,0,0,0,0,0,1,0,0,0,1,0,,1,0,0,0,0,0,0,0,0,0,0,0,0,0,0,0,,,,,,46-50,46-55,State route,R,Saturday,Not Used,PV,White,0,1,0,0,State Route,State Patrol,Washington State Patrol,1,1,0,0,0,,,,,,0,0,0,,,,,,,,,,,98,98,98,1,,,,,20,7,,,,,,,,,,,,,,,
2018,295,633526,6,07-27-2018,05:54,27,7,July,0,37,Kittitas,0,1,0,1,1,1,2,0,2,1,06:13,06:17,,1,0,0,No vehicle,85.2,1,0,1,No intersection,1,1,1,1,0,0,0,0,I-90,,-120.8775694,47.166125,,0,1,2,Control/Traction Loss,12,2,70,14,0,0,1,2,1,3,2,2,2,14,Making a U turn,2,1,53,,0,84,881,2009,0,0,12,,,,,,1,1,60,1,0,,1,0,3,0,11,5,,,,,6,9,0,3,1,0,0,0,0,0,,,,,,0,,,,,,98368,53,67,300,6,1,0,0,0,0,,0,,,,,,0,,,20,0,0,0,8,2,3,,,0,0,0,0,0,8,95,,,96,,,2,10,0,,,,,,,,,,,,,,,,,,,,,,,,,,,,,,0,0,0,1,0,0,1,1,1,0,0,0,0,0,0,0,0,0,0,1,0,0,0,0,0,0,0,0,0,1,1,0,0,0,0,,0,0,0,0,0,0,0,0,0,0,0,0,0,0,0,0,,,,,,56-60,56-65,County road,R,Saturday,,MHTRUCK,Not Fatal,0,1,1,0,County Road,County Sheriff,Kitsap County Sheriff's Office,0,0,1,0,0,,,,,,0,0,0,,,,,,,,,,,98,98,98,0,,,,,20,7,,,,,,,,,,,,,,,
2017,295,632684,55,07-21-2017,12:51,21,7,July,0,33,King,100,1,0,1,1,2,1,0,3,2,13:05,13:11,13:41,12,0,6,Angle,0,2,0,3,T Intersection,5,2,4,6,0,0,0,0,A ST SE,12TH ST SE,-122.2289389,47.29718889,98002,0,2,83,Others,67,4,40,34,0,0,1,2,12,1,1,2,1,1,Going Straight,2,2,53,,0,49,422,2005,0,0,68,12,,,,,1,1,55,1,7,,4,7,20,7,11,0,08/17/2019,16:43,53037414,37414,0,0,0,3,1,28,0,0,0,96,,,,,,0,,,,,,98029,53,75,235,6,1,0,0,1,0,,0,,,,,,0,01-15-2018,01-15-2018,8,0,0,0,0,9,8,,,0,0,0,8,0,2,605,695,,1,1,,2,1,0,,,,,,,,,,,,,,,,,,,,,,,,,,,,,,0,0,0,1,0,0,1,1,1,0,0,0,0,0,0,0,0,0,0,1,0,0,0,0,0,0,0,0,0,1,1,0,0,1,0,,1,0,0,0,0,0,1,1,0,0,0,0,0,0,1,0,,,,,,51-55,46-55,County road,R,Saturday,Not Used,PV,White,0,1,1,0,County Road,County Sheriff,Kitsap County Sheriff's Office,0,0,1,0,0,thc,12,carboxy-thc,22,,0,0,0,,,,,,,,,,,98,98,98,1,,,,,20,7,,,,,,,,,,,,,,,
2017,295,632683,55,07-21-2017,12:51,21,7,July,0,33,King,100,1,0,1,1,2,1,0,3,2,13:05,13:11,13:41,12,0,6,Angle,0,2,0,3,T Intersection,5,2,4,6,0,0,20,3,A ST SE,12TH ST SE,-122.2289389,47.29718889,98002,0,1,82,Turn Into Opp Direction(Turning Left),15,2,30,4,0,0,1,2,12,1,1,2,1,11,Turning Red: Permitted on red,1,1,53,,0,34,34,1991,0,0,63,42,,,,,1,1,22,2,7,,4,7,20,7,11,0,07/31/2019,22:32,53034591,34591,0,0,0,2,1,0,0,0,0,96,,,,,,99,,,,,,98671,53,68,129,1,1,0,2,1,0,,0,,,,,,4,11-15-2015,05-15-2017,1,0,0,0,0,9,8,,,0,0,0,8,1,2,1,,,1,,,2,1,0.34,,,,,,,,,,,,,,,,,,,,,,,,,,,,,,0,0,1,1,1,1,0,1,0,0,0,0,1,1,0,0,0,0,0,1,0,0,0,1,1,0,0,0,0,1,0,0,0,1,0,,1,0,0,0,0,1,0,1,0,1,0,1,0,1,0,1,,,,,,21-25,16-25,County road,U,Wednesday,Not Used,PV,White,0,1,0,0,County Road,County Sheriff,Clark County Sheriff's Office,1,0,1,0,0,,,,,,0,0,2,,,,,,,,,,,0,0,0,1,,,,,20,7,,,,,,,,,,,,,,,
2019,295,634292,290,08-23-2019,20:49,23,8,Aug,,53,Pierce,2230,1,0,3,1,2,1,1,2,2,,,,8,1,0,No vehicle,0,1,0,1,No intersection,7,2,4,6,0,0,0,0,S HOSMER ST,,-122.4631194,47.17615556,98408,0,2,98,Others,98,7,35,14,0,0,1,5,8,1,1,5,5,1,Going Straight,99,9,99,,0,12,481,2000,0,0,8,8,,,,,1,1,26,1,0,,0,0,3,0,11,0,,,,,0,0,0,3,1,0,0,0,0,96,,,,,,0,,,,,,98045,53,67,155,6,1,1,3,3,1,,0,,,,,,0,10-15-2014,08-15-2018,20,0,0,0,8,1,8,,,0,0,0,8,1,2,1,,,1,,,2,1,0.052,,,,,,,,,,,,,,,,,,,,,,,,,,,,,,0,0,0,1,1,0,0,0,0,1,0,1,0,0,0,0,0,0,0,0,0,0,0,0,0,0,0,0,0,1,0,1,0,0,0,,0,0,0,0,1,0,0,0,0,0,0,0,1,0,0,1,,,,,,26-30,26-35,State route,U,Saturday,Belt Used,PV,Not Fatal,1,0,0,0,State Route,Municipal/City Police,Auburn Police Department,0,1,0,0,0,,,,,,0,1,0,,,,,,,,,,,98,98,98,0,,,,,20,7,,,,,,,,,,,,,,,
2019,295,634291,290,08-23-2019,20:49,23,8,Aug,,53,Pierce,2230,1,0,3,1,2,1,1,2,2,,,,8,1,0,No vehicle,0,1,0,1,No intersection,7,2,4,6,0,0,0,0,S HOSMER ST,,-122.4631194,47.17615556,98408,0,1,13,Pedestrian/Animal,80,5,35,4,0,0,1,5,8,1,1,5,5,1,Going Straight,99,9,99,,0,20,37,2002,0,0,8,,,,,,1,1,23,2,0,,0,0,3,0,11,0,,,,,0,0,0,2,1,0,0,0,0,96,,,,,,0,,,,,,98248,53,67,200,1,1,0,3,0,0,,97,,,,,,0,05-15-2016,04-15-2018,20,0,0,0,8,9,8,,,0,0,0,8,0,8,95,,,96,,,8,95,995,,,,,,,,,,,,,,,,,,,,,,,,,,,,,,0,0,0,0,0,0,0,0,0,1,0,1,0,1,0,0,0,1,0,0,0,0,0,1,1,0,0,0,0,1,0,1,0,0,0,,0,0,0,0,0,0,0,0,0,0,0,1,0,0,0,0,,,,,,21-25,16-25,State route,U,Tuesday,Belt Used,PV,Not Fatal,0,0,0,0,State Route,State Patrol,Washington State Patrol,0,1,0,0,0,,,,,,0,0,1,,,,,,,,,,,98,98,98,0,,,,,20,7,,,,,,,,,,,,,,,
2021,296,3835736,263,03-31-2021,11:59,31,3,March,,33,King,1960,1,,1,1,1,1,1,1,1,,,,9,0,0,No vehicle,0,2,0,2,4 Way,5,2,4,6,0,0,20,3,WABASH AVE S,S Cloverdale Pl,-122.2675861,47.52771389,98118,0,1,13,Pedestrian/Animal,83,5,20,4,0,0,1,5,9,1,1,2,1,4,Others,1,1,53,,0,35,51,2018,0,0,12,1,2,,,,1,1,23,2,1,,4,7,99,7,11,0,08-12-2019,19:08,2.31E+11,37074,0,0,3,3,1,0,0,0,0,96,,,,,,99,,,,,,98168,53,65,175,6,1,0,0,0,0,,0,,,,,,0,,,8,0,0,0,0,9,8,,,0,0,0,8,9,2,1,,,1,,,2,1,0,,,,,,,,,,,,,,,,,,,,,,,,,,,,,,0,0,0,0,0,0,0,0,0,0,0,0,0,0,0,0,0,0,0,0,1,0,1,1,1,0,0,0,0,1,0,0,0,0,0,,1,0,0,0,0,0,0,0,0,0,0,0,0,0,0,0,,,,,,21-25,16-25,State route,U,Monday,Unknown,PV,Hispanic,0,1,1,0,State Route,Municipal/City Police,Tukwila Police Department,0,1,0,0,0,,,,,,0,0,0,,,,,,,,,,,98,98,98,1,,,,,20,7,,,,,,,,,,,,,,,
2020,296,634979,248,08-18-2020,22:30,18,8,Aug,,33,King,1830,1,,3,1,2,1,0,1,2,,,,38,0,0,No vehicle,0,1,0,1,No intersection,3,2,4,6,0,0,0,0,SE PETROVITSKY RD,,-122.1758694,47.44545833,98058,0,1,1,Driver Off Road,13,2,40,2,0,0,1,2,2,2,1,4,2,14,Making a U turn,1,1,53,,0,20,422,2004,0,0,68,12,1,,,,1,1,16,1,0,,3,0,99,7,11,5,,,,,0,0,3,3,1,28,0,0,0,96,,,,,,99,,,,,,98168,53,68,140,6,2,0,0,0,0,,97,,,,,,0,,,8,9,0,0,8,9,8,,,0,0,0,8,9,8,95,,,96,,,8,95,995,,,,,,,,,,,,,,,,,,,,,,,,,,,,,,0,0,0,0,0,0,0,0,0,0,0,0,0,0,0,0,0,0,0,0,1,0,1,1,1,0,0,0,0,1,0,0,0,0,0,,0,0,0,0,0,0,0,0,0,0,0,0,0,0,0,0,,,,,,16-17,16-25,State route,U,Monday,Unknown,PV,Not Fatal,0,1,1,0,State Route,Municipal/City Police,Tukwila Police Department,0,1,0,0,0,,,,,,0,0,0,,,,,,,,,,,98,98,98,0,,,,,20,7,,,,,,,,,,,,,,,
2019,296,634294,127,08-25-2019,21:05,25,8,Aug,,33,King,735,1,0,3,1,2,1,0,4,2,,,,12,1,6,Angle,6.5,2,0,2,4 Way,3,2,1,3,0,0,3,3,SR-99,S 316TH ST,-122.3133806,47.31868611,98003,0,2,69,Initial Opposite Direction(Going Straight),60,4,98,4,0,0,1,7,12,1,1,7,1,1,Going Straight,2,2,53,,0,49,51,2012,0,0,8,,,,,,1,1,50,2,0,,0,0,3,0,11,0,,,,,0,0,3,3,1,0,0,0,0,96,,,,,,0,,,,,,98367,53,69,200,6,1,0,1,0,2,,0,,,,,,0,07-15-2017,08-15-2018,20,0,0,0,8,9,8,,,0,0,0,8,0,2,1,,,1,,,2,1,0,,,,,,,,,,,,,,,,,,,,,,,,,,,,,,0,0,0,0,0,0,0,0,0,0,0,0,0,0,0,0,0,1,0,0,0,0,0,0,0,0,0,0,0,1,0,1,0,0,0,,0,0,0,0,0,0,0,0,0,0,0,0,0,0,0,0,,,,,,46-50,46-55,State route,U,Friday,Belt Used,PV,Not Fatal,0,0,0,0,State Route,State Patrol,Washington State Patrol,0,1,0,0,0,,,,,,0,0,0,,,,,,,,,,,98,98,98,0,,,,,20,7,,,,,,,,,,,,,,,
2019,296,634293,127,08-25-2019,21:05,25,8,Aug,,33,King,735,1,0,3,1,2,1,0,4,2,,,,12,0,6,Angle,6.5,2,0,2,4 Way,3,2,1,3,0,0,3,3,SR-99,S 316TH ST,-122.3133806,47.31868611,98003,0,1,68,Initial Opposite Direction(Left/Right),15,2,98,4,0,0,1,7,12,1,1,7,1,11,Turning Red: Permitted on red,2,2,53,,0,50,706,2017,0,0,64,33,1,30,,,1,1,41,1,7,,4,7,20,7,11,0,07/31/2019,22:45,53034341,34341,0,0,0,3,1,0,0,0,0,96,,,,,,0,,,,,,98433,53,72,205,6,1,0,0,0,0,,0,,,,,,4,,,20,8,0,0,0,9,8,,,0,0,0,8,0,8,95,,,96,,,8,95,995,,,,,,,,,,,,,,,,,,,,,,,,,,,,,,0,0,1,0,0,0,0,0,0,0,0,0,1,0,0,0,0,0,0,0,0,0,0,0,0,0,0,0,1,0,0,0,0,0,1,0,0,0,0,0,0,0,0,0,0,1,0,0,0,0,0,0,,,,,,41-45,36-45,Other,,Wednesday,,MC,White,0,1,0,0,Other,Municipal/City Police,"Hdqtrs, 1st Military Police Brigade",1,0,0,0,1,,,,,,0,0,0,,,,,,,,,,,0,0,0,1,,,,,19,0,,,,,,,,,,,,,,,
2018,296,633489,248,08-18-2018,00:10,18,8,Aug,0,33,King,1830,1,0,3,1,2,1,1,2,1,,,,8,0,0,No vehicle,5.2,3,0,2,4 Way,3,2,1,3,0,0,3,3,SR-900,NE 12TH ST,-122.1774139,47.50309444,98056,0,1,13,Pedestrian/Animal,80,5,35,2,0,0,1,7,8,1,1,4,1,1,Going Straight,2,2,53,,0,38,882,2005,0,0,12,,,,,,1,1,35,1,0,,1,0,3,0,11,8,,,,,0,0,0,3,1,0,0,0,0,0,,,,,,0,,,,,,98037,53,70,185,6,1,0,0,0,0,,0,,,,,,0,,,20,0,0,0,8,9,8,,,0,0,0,8,0,8,95,,,96,,,8,95,995,,,,,,,,,,,,,,,,,,,,,,,,,,,,,,0,0,0,1,0,0,1,1,0,0,0,0,0,1,0,0,1,0,0,0,0,0,0,0,0,0,0,0,0,1,1,0,0,0,0,,0,0,0,0,0,0,0,0,0,0,0,0,0,0,0,0,,,,,,31-35,26-35,State route,U,Friday,,MHTRUCK,Not Fatal,0,0,0,0,State Route,State Patrol,Washington State Patrol,0,1,0,0,0,,,,,,0,0,0,,,,,,,,,,,98,98,98,0,,,,,20,7,,,,,,,,,,,,,,,
2017,296,632695,7,07-25-2017,14:39,25,7,July,0,33,King,735,1,0,1,1,2,1,0,2,1,,,,42,0,0,No vehicle,0.2,5,1,1,No intersection,1,2,1,1,0,0,0,0,I-5 RAMP R114234,,-122.3064083,47.29195556,98003,0,1,6,Drive off road,12,2,98,14,0,0,1,2,42,2,2,1,6,14,Making a U turn,2,1,53,,0,49,46,2013,0,0,12,1,,,,,1,1,41,1,7,,4,7,3,0,11,0,05-03-2019,08:08,53021176,21176,0,0,0,2,1,0,0,0,0,92,,,,,,99,,,,,,98037,53,72,170,1,1,0,1,2,1,,0,,,,,,0,08-15-2017,07-15-2018,20,0,0,0,0,9,8,,,0,0,0,8,9,2,996,401,417,1,1,1,2,1,0,,,,,,,,,,,,,,,,,,,,,,,,,,,,,,0,0,0,1,0,0,1,1,0,0,0,0,0,1,0,0,1,0,0,0,0,0,0,0,0,0,0,0,0,1,1,0,0,0,0,,1,0,0,0,0,0,1,1,1,0,0,1,0,0,1,0,,,,,,41-45,36-45,State route,U,Friday,Belt Used,PV,White,0,0,0,0,State Route,State Patrol,Washington State Patrol,0,1,0,0,0,,,,,,0,0,3,,,,,,,,,,,98,98,98,1,,,,,20,7,,,,,,,,,,,,,,,
2017,297,3764477,263,07-26-2017,08:40,26,7,July,0,33,King,1960,1,0,1,1,2,1,1,1,1,,,,8,0,0,No vehicle,0,3,0,2,4 Way,3,2,4,6,0,0,2,3,RAINER AVE S,S WALDEN ST,-122.2940472,47.57290278,98144,0,1,13,Pedestrian/Animal,80,5,30,4,0,0,1,5,8,1,1,2,1,10,Others,1,1,53,,0,35,32,1995,0,0,8,,,,,,1,1,25,1,0,,1,0,3,0,11,8,,,,,0,0,0,2,1,91,0,0,0,96,,,,,,9,,,,,,98660,53,71,230,1,1,0,0,0,0,,1,,,,,,0,01-15-2017,01-15-2017,20,0,0,0,8,9,2,,,0,0,0,1,1,2,1,,,1,,,2,1,0,,,,,,,,,,,,,,,,,,,,,,,,,,,,,,0,0,0,1,1,0,0,0,0,1,1,1,0,1,0,0,0,0,0,0,0,0,0,1,1,0,0,0,0,1,0,1,0,0,0,,0,0,0,0,0,0,0,0,0,0,0,1,0,0,0,1,,,,,,21-25,16-25,City street,U,Monday,Belt Used,PV,Not Fatal,0,0,0,0,City Street,Municipal/City Police,Vancouver Police Department,0,0,0,1,0,,,,,,0,0,1,,,,,,,,,,,0,0,0,0,,,,,20,7,,,,,,,,,,,,,,,
2021,297,635658,3,06-25-2021,16:06,25,6,June,,53,Pierce,0,1,,1,1,2,1,0,2,2,,,,1,0,0,No vehicle,22.5,3,0,2,4 Way,3,2,1,3,0,0,3,3,SR-161,156TH ST,-122.2933139,47.11468611,98343,0,2,98,Others,53,3,45,6,0,0,1,5,12,1,1,6,1,5,Others,1,1,53,,0,37,706,1983,0,0,12,,,,,,1,1,51,1,7,,4,7,20,7,11,0,08-01-2019,05:21,53034122,34122,0,0,0,0,1,0,0,0,0,96,,,,,,99,,,,,,98837,53,72,170,0,0,0,0,0,0,,0,,,,,,0,,,20,8,0,0,0,9,8,,,0,0,0,8,9,8,95,,,96,,,8,95,995,,,,,,,,,,,,,,,,,,,,,,,,,,,,,,0,0,0,1,0,0,0,0,0,0,0,0,0,1,1,0,1,0,1,0,0,0,0,0,0,0,0,0,1,1,0,0,0,0,1,0,0,0,0,0,0,0,0,0,0,0,0,1,0,0,0,0,,,,,,51-55,46-55,County road,R,Thursday,,OTHMC,White,1,0,0,0,County Road,County Sheriff,Grant County Sheriff's Office,0,0,1,0,0,,,,,,0,0,0,,,,,,,,,,,0,0,0,1,,,,,19,0,,,,,,,,,,,,,,,
2021,297,635657,3,06-25-2021,16:06,25,6,June,,53,Pierce,0,1,,1,1,2,1,0,2,2,,,,1,0,0,No vehicle,22.5,3,0,2,4 Way,3,2,1,3,0,0,3,3,SR-161,156TH ST,-122.2933139,47.11468611,98343,0,1,98,Others,8,1,45,80,0,0,1,2,1,1,1,6,1,1,Going Straight,1,1,53,,0,7,482,2012,0,0,12,,,,,,1,1,28,1,0,,0,0,3,0,11,0,,,,,0,0,0,3,1,38,0,0,0,93,,,,,,0,,,,,,98837,53,71,190,6,1,0,1,0,0,,46,,,,,,0,01-15-2016,01-15-2016,2,0,0,0,8,9,8,,,0,0,0,8,0,8,95,,,96,,,8,95,995,,,,,,,,,,,,,,,,,,,,,,,,,,,,,,0,0,0,1,0,0,0,0,0,0,0,0,0,1,1,0,1,0,1,0,0,0,0,0,0,0,0,0,1,1,0,0,0,0,0,,0,0,0,0,0,0,0,0,1,0,1,0,0,0,0,0,,,,,,26-30,26-35,County road,R,Thursday,Belt Used,PV,Not Fatal,1,0,0,0,County Road,County Sheriff,Grant County Sheriff's Office,0,0,1,0,0,,,,,,0,0,0,,,,,,,,,,,98,98,98,0,,,,,20,7,,,,,,,,,,,,,,,
2020,297,634983,6,08-04-2020,12:37,4,8,Aug,,25,Grant,0,1,,1,1,2,1,0,2,2,12:45,13:20,,12,0,2,Front-to-Front,50.7,1,0,1,No intersection,3,2,1,3,0,0,0,0,SR-17,,-119.3302806,47.17406667,,0,2,51,Lateral Move(Going Straight),62,4,60,14,0,0,1,2,12,1,1,2,1,1,Going Straight,1,1,53,,0,12,461,2006,0,0,12,64,1,,,,1,1,34,2,0,,2,0,3,0,11,4,,,,,0,0,0,3,1,0,0,0,0,96,,,,,,0,,,,,,98367,53,64,115,6,1,0,0,0,0,,0,,,,,,0,,,20,0,0,0,8,9,8,,,0,0,0,8,0,8,95,,,96,,,8,95,995,,,,,,,,,,,,,,,,,,,,,,,,,,,,,,0,0,0,1,0,0,0,0,0,0,0,0,0,0,0,0,0,0,1,0,0,0,0,0,0,1,1,1,0,1,0,0,0,0,0,,0,0,0,0,0,0,0,0,0,0,0,0,0,0,0,0,,,,,,31-35,26-35,US highway,R,Sunday,Belt Used,PV,Not Fatal,1,0,0,0,State Route,State Patrol,Washington State Patrol,0,1,0,0,0,,,,,,0,0,0,,,,,,,,,,,98,98,98,0,,,,,20,7,,,,,,,,,,,,,,,
2020,297,634982,6,08-04-2020,12:37,4,8,Aug,,25,Grant,0,1,,1,1,2,1,0,2,2,12:45,13:20,,12,0,2,Front-to-Front,50.7,1,0,1,No intersection,3,2,1,3,0,0,0,0,SR-17,,-119.3302806,47.17406667,,0,1,50,Lateral Move(Left/Right),10,2,60,14,0,0,1,2,12,1,1,2,1,1,Going Straight,1,2,53,,0,20,481,2018,0,0,12,,,,,,1,1,41,1,0,,0,0,3,0,11,0,,,,,0,0,0,3,1,0,0,0,0,96,,,,,,0,,,,,,99217,53,72,195,6,1,0,0,0,0,,0,,,,,,0,,,20,0,0,0,8,9,8,,,0,0,0,8,0,8,95,,,96,,,8,95,995,,,,,,,,,,,,,,,,,,,,,,,,,,,,,,0,0,0,1,0,0,0,0,0,0,0,0,0,0,0,0,0,0,1,0,0,0,0,0,0,1,1,1,0,1,0,0,0,0,0,,0,0,0,0,0,0,0,0,0,0,0,0,0,0,0,0,,,,,,41-45,36-45,US highway,R,Sunday,Belt Used,PV,Not Fatal,1,0,0,0,State Route,State Patrol,Washington State Patrol,0,1,0,0,0,,,,,,0,0,0,,,,,,,,,,,98,98,98,0,,,,,20,7,,,,,,,,,,,,,,,
2019,297,634298,160,08-23-2019,22:43,23,8,Aug,,33,King,1030,1,0,2,1,2,1,1,1,1,,,,8,0,0,No vehicle,0,1,0,1,No intersection,7,2,4,6,0,0,0,0,REITH RD,,-122.2743694,47.37856944,98032,0,1,13,Pedestrian/Animal,80,5,35,34,0,0,1,5,8,2,2,4,1,14,Making a U turn,1,1,53,,0,14,20,2006,0,0,12,12,,,,,1,1,93,2,7,,4,0,3,0,11,4,08-05-2019,10:45,2.11E+11,34565,0,0,3,3,1,38,0,0,0,96,,,,,,0,,,,,,99006,53,60,125,6,1,0,0,0,0,,0,,,,,,0,,,1,0,0,0,0,9,8,,,0,0,0,8,0,8,95,,,96,,,8,95,995,,,,,,,,,,,,,,,,,,,,,,,,,,,,,,0,0,0,1,0,0,0,0,0,0,0,0,0,0,0,0,0,0,1,0,0,0,0,0,0,1,1,1,0,1,0,0,0,0,0,,1,0,0,0,0,0,0,0,0,0,1,0,0,0,0,0,,,,,,81+,76+,US highway,R,Sunday,Belt Used,PV,White,1,0,0,0,State Route,State Patrol,Washington State Patrol,0,1,0,0,0,,,,,,0,0,0,,,,,,,,,,,98,98,98,1,,,,,20,7,,,,,,,,,,,,,,,
2018,297,633523,6,08-27-2018,13:16,27,8,Aug,0,37,Kittitas,0,1,0,1,0,0,1,0,6,2,13:15,13:21,15:05,1,0,0,No vehicle,2.1,1,0,1,No intersection,3,1,1,3,0,0,0,0,SR-970,,-120.8662944,47.17769167,98922,0,2,98,Others,62,4,0,34,0,0,1,5,12,0,0,0,0,5,Others,1,1,53,,0,34,34,2002,0,0,12,,,,,,1,1,26,1,0,,0,0,3,0,11,0,,,,,0,0,0,3,1,0,0,0,0,96,,,,,,0,,,,,,98023,53,70,180,6,1,0,0,0,0,,0,,,,,,0,,,8,0,0,0,8,9,8,,,0,0,0,8,0,8,95,,,96,,,8,95,995,,,,,,,,,,,,,,,,,,,,,,,,,,,,,,0,0,0,0,1,0,1,1,1,0,0,0,0,0,1,0,0,0,0,0,0,0,0,1,1,0,0,0,1,1,0,0,0,0,0,,0,0,0,0,0,0,0,0,0,0,0,0,0,0,0,0,,,,,,26-30,26-35,City street,U,Tuesday,Belt Used,PV,Not Fatal,0,0,0,0,City Street,Municipal/City Police,Tukwila Police Department,0,0,0,1,0,,,,,,0,0,0,,,,,,,,,,,98,98,98,0,,,,,20,7,,,,,,,,,,,,,,,