year,something,Cases,repjur,crash_dt,crash_tm,accday,Month,Month,holiday,county,co_char,city,weather,weather2,lightcond,surfcond,surftype,Number of Fatalities,nmforms,pforms,vforms,not_tm,arr_tm,hosp_tm,fhevent,hitrun,Manner of Collision,Manner of Collision,milepnt,reljunc,reljuncinter,intersectiontype,Intersection Type,funcsystem,landuse,ownership,route,schlbus,spejur,contdev,devfunc,trafid1,trafid2,x,y,zipcode,wk_zone,vnumber,crashtype,Crash Type,criticalevent,criticaleventcat,spdlim,body,trailer,emerg,hazcargo,leave,mhevent,roadalgn,roadprof,traflane,trafflow,Vehicle Manure,Vehicle Manure,numoccs,regowner,regstate,,spuse,make,model,modelyr,vrf1,vrf2,seqevent1,seqevent2,seqevent3,seqevent4,seqevent5,seqevent6,pnumber,ptype,age,sex,hispanic,race,injury,diedscene,restraint,restraintmisuse,seatpos,takehosp,death_dt,death_tm,cert,cernum_wa,commlic,licendor,licrestrict,liccomp,drivpres,drf1,drf2,drf3,drf4,distract1,distract2,distract3,distract4,distract5,distract6,dricond1,dricond2,dricond3,dricond4,dricond5,dricond6,dzip,licstate,drhgt_in,weight,noncdl,noncdltype,prevdwi,prevoth,prevacc,prevspd,prevsus,driviol1,driviol2,driviol3,driviol4,driviol5,driviol6,spdrel,first_dt,last_dt,airbag,ejection,ejectpath,extricat,injurwrk,methalc,methdrug,nmlocat,strikveh,prf1,prf2,prf3,druginv,alcinvol,drugsts,drugres1,drugres2,drugres3,drugtst1,drugtst2,drugtst3,alcsts,alctst,alcres,nmact1,nmact2,nmact3,nmact4,nmact5,nmact6,nmprior1,nmprior2,nmprior3,nmprior4,nmprior5,nmprior6,nmcond1,nmcond2,nmcond3,nmcond4,nmcond5,nmcond6,nmsafe_helmet,nmsafe_pads,nmsafe_oth,nmprev_ref,nmprev_lgt,nmprev_oth,crashlocation,nmcrashtype,crosswalk,schoolzone,sidewalk,train_inv,wildlife_inv,rotr_fars,intersect_fars,Drink and Drive,aid_inv,Drug Positive Drivers,Impaired Drivers,Marijuana Positive,impnm_inv,ainm_inv,dpnm_inv,speed_inv,unlic_inv,unendmc_inv,drowsy_inv,drdist_inv,nmdist_inv,fty_inv,unrestfat_inv,dr1617_inv,dr1820_inv,dr1620_inv,dr2125_inv,dr1625_inv,dr65_inv,dr70_inv,dr75_inv,mc_inv,pv_inv,ht_inv,ped_inv,bike_inv,unrest_fat,mc_fat,unhelmet_mc,pv_fat,ht_fat,ped_fat,bike_fat,dr_alc7,dr_alc8,dr_drug,dr_imp,dr_dist,dr_spd,dr_fty,dr_unlic,dr_alc7only,dr_alc8only,dr_drugonly,dr_drink,nm_imp,nm_alc7,nm_alc8,nm_drug,nm_dist,agegrp1,agegrp2,roadclass,urbrur,dayweek,restuse,vehtype,race_me,intersect,lanedep,oppdir,wrongway,rep_typ,investag,repag_long,rotr,st_rd,cty_rd,city_rd,oth_rd,drug_thc,thc_res,drug_cthc,cthc_res,drug_cann,prevpersemin,prevperse,prevsusoth,drugtst4,drugtst5,drugtst6,drugtst7,drugtst8,drugres4,drugres5,drugres6,drugres7,drugres8,adspresent,adsengaged,adslevel,race1,race2,race3,race4,race5,helmet,helmetmisuse,nmdistract1,nmdistract2,nmdistract3,nmdistract4,nmdistract5,nmdistract6,lab,isedtcase,crf1,crf2,crf3,CoRoadName,CoMP,IntCoRoadName,IntCoMP
2018,297,633522,6,08-27-2018,13:16,27,8,Aug,0,37,Kittitas,0,1,0,1,1,2,1,0,6,2,13:15,13:21,15:05,1,0,0,No vehicle,2.1,1,0,1,No intersection,3,1,1,3,0,0,0,0,SR-970,,-120.8662944,47.17769167,98922,0,1,6,Drive off road,12,2,55,14,0,0,1,2,1,1,1,2,1,6,Others,5,1,53,,0,37,705,2015,0,0,1,68,41,12,63,39,1,1,21,1,2,,4,7,20,7,11,0,08-06-2019,20:50,2.31E+11,35937,0,0,0,2,1,0,0,0,0,96,,,,,,99,,,,,,98168,53,71,370,6,1,0,0,0,0,,0,,,,,,0,,,20,8,0,0,0,9,8,,,0,0,0,8,9,2,605,,,1,,,2,1,0.045,,,,,,,,,,,,,,,,,,,,,,,,,,,,,,0,0,0,0,1,0,1,1,1,0,0,0,0,0,1,0,0,0,0,0,0,0,0,1,1,0,0,0,1,1,0,0,0,0,1,0,0,0,0,0,1,0,1,1,0,0,0,0,0,0,0,1,,,,,,21-25,16-25,City street,U,Tuesday,,MC,Hispanic,0,0,0,0,City Street,Municipal/City Police,Tukwila Police Department,0,0,0,1,0,thc,560,,,,0,0,0,,,,,,,,,,,0,0,0,1,,,,,19,0,,,,,,,,,,,,,,,
2020,298,634996,1,08-20-2020,08:52,20,8,Aug,,39,Klickitat,0,1,,1,1,2,1,0,1,1,08:51,08:56,,1,0,0,No vehicle,14.5,1,0,1,No intersection,3,1,1,2,0,0,0,0,US-97,,-120.7930306,45.84741944,98620,0,1,2,Control/Traction Loss,13,2,60,61,0,0,1,2,1,3,2,2,1,14,Making a U turn,1,2,6,,0,72,706,2008,0,0,1,,,,,,1,1,48,1,1,,4,0,20,7,11,8,08-11-2019,16:45,2.11E+11,35722,0,0,0,3,1,26,0,0,0,93,,,,,,0,,,,,,99206,53,70,160,6,1,0,0,0,1,,58,,,,,,0,06-15-2016,06-15-2016,20,8,0,0,0,9,8,,,0,0,0,8,0,8,95,,,96,,,8,95,995,,,,,,,,,,,,,,,,,,,,,,,,,,,,,,0,0,0,0,0,0,0,0,0,0,0,0,0,0,0,0,1,0,0,0,0,0,0,0,0,0,0,0,1,0,0,0,0,0,1,0,0,0,0,0,0,0,0,0,1,0,0,0,0,0,0,0,,,,,,46-50,46-55,City street,U,Tuesday,,MC,Hispanic,1,0,0,0,City Street,Municipal/City Police,Spokane Valley Police Department,0,0,0,1,0,,,,,,0,0,0,,,,,,,,,,,0,0,0,1,,,,,19,0,,,,,,,,,,,,,,,
2017,298,632728,4,08-02-2017,13:15,2,8,Aug,0,19,Ferry,0,1,0,1,1,2,1,0,2,2,,,,12,0,6,Angle,313,1,0,1,No intersection,4,1,1,3,0,0,0,0,SR-20,,-118.5766333,48.61314167,,0,1,64,Others,9,1,50,80,0,0,1,2,12,2,2,2,1,14,Making a U turn,1,1,32,,0,41,51,2010,0,0,12,,,,,,1,1,81,2,7,,4,7,3,0,11,0,07-10-2019,15:37,53031401,31401,0,0,3,3,1,0,0,0,0,0,,,,,,99,,,,,,99114,53,66,150,6,1,0,1,0,1,,0,,,,,,0,03-15-2016,05-15-2019,1,0,0,0,0,9,8,,,0,0,0,8,0,2,1,,,1,,,2,1,0,,,,,,,,,,,,,,,,,,,,,,,,,,,,,,0,0,0,0,0,0,0,0,0,0,0,0,0,0,0,1,0,0,0,0,0,0,0,1,1,1,1,1,0,1,0,0,0,0,0,,1,0,0,0,0,0,0,0,0,0,0,0,0,0,0,0,,,,,,81+,76+,US highway,R,Wednesday,Belt Used,PV,White,0,1,1,0,State Route,State Patrol,Washington State Patrol,0,1,0,0,0,,,,,,0,0,0,,,,,,,,,,,98,98,98,1,,,,,20,7,,,,,,,,,,,,,,,
2021,298,635812,6,08-11-2021,15:34,11,8,Aug,,25,Grant,0,1,,1,1,2,2,0,3,2,,,,12,0,6,Angle,4,2,0,2,4 Way,4,1,1,3,0,0,0,0,SR-283,ADAMS RD,-119.7688361,47.14278889,98848,0,2,89,Others,66,4,60,34,0,0,1,2,12,1,1,4,1,1,Going Straight,2,2,53,,0,18,401,2004,0,0,68,12,,,,,1,1,24,1,0,,2,0,3,0,11,4,,,,,0,0,0,3,1,28,0,0,0,0,,,,,,2,,,,,,99013,53,73,350,6,1,0,3,0,13,,2,,,,,,0,10-15-2015,05-15-2019,8,0,0,0,8,9,8,,,0,0,0,8,0,8,95,,,96,,,8,95,995,,,,,,,,,,,,,,,,,,,,,,,,,,,,,,0,0,0,0,0,0,0,0,0,0,0,0,0,0,0,1,0,0,0,0,0,0,0,1,1,1,1,1,0,1,0,0,0,0,0,,0,0,0,0,0,0,0,0,0,0,0,0,0,0,0,0,,,,,,21-25,16-25,US highway,R,Wednesday,Belt Used,PV,Not Fatal,0,1,1,0,State Route,State Patrol,Washington State Patrol,0,1,0,0,0,,,,,,0,0,0,,,,,,,,,,,98,98,98,0,,,,,20,7,,,,,,,,,,,,,,,
2021,298,635811,6,08-11-2021,15:34,11,8,Aug,,25,Grant,0,1,,1,1,2,2,0,3,2,,,,12,0,6,Angle,4,2,0,2,4 Way,4,1,1,3,0,0,20,3,SR-283,ADAMS RD,-119.7688361,47.14278889,98848,0,1,88,Striking from the Left,17,2,60,62,0,0,1,2,12,1,1,2,1,1,Going Straight,1,3,53,,0,37,706,2005,0,0,12,,,,,,1,1,65,1,7,,4,7,20,7,11,0,08-03-2019,11:57,53034848,34848,0,0,0,3,1,0,0,0,0,96,,,,,,99,,,,,,98375,53,75,220,6,1,0,0,0,0,,0,,,,,,0,,,20,8,0,0,0,9,8,,,0,0,0,8,9,8,95,,,96,,,8,95,995,,,,,,,,,,,,,,,,,,,,,,,,,,,,,,0,0,0,0,0,0,0,0,0,0,0,0,0,0,0,0,0,0,0,0,0,0,0,0,0,1,1,0,1,0,0,0,0,0,1,0,0,0,0,0,0,0,0,0,0,0,0,0,0,0,0,0,,,,,,61-65,56-65,US highway,R,Saturday,,MC,White,0,1,1,0,State Route,State Patrol,Washington State Patrol,0,1,0,0,0,,,,,,0,0,0,,,,,,,,,,,0,0,0,1,,,,,5,0,,,,,,,,,,,,,,,
2019,298,634300,3,08-22-2019,02:22,22,8,Aug,,53,Pierce,1350,2,0,2,2,2,1,0,5,2,,,,25,0,0,No vehicle,139.2,1,0,1,No intersection,1,2,1,1,0,0,0,0,I-5,,-122.3325722,47.25273611,98424,0,2,98,Others,50,3,60,34,0,0,1,7,12,2,2,5,3,14,Making a U turn,2,1,53,,0,72,706,2019,0,0,68,12,,,,,1,1,71,1,7,,4,7,20,7,11,0,08-03-2019,11:57,53035036,35036,0,0,3,3,1,28,0,0,0,96,,,,,,99,,,,,,98501,53,68,225,6,1,0,0,0,0,,0,,,,,,0,,,20,8,0,0,0,9,8,,,0,0,0,8,9,8,95,,,96,,,8,95,995,,,,,,,,,,,,,,,,,,,,,,,,,,,,,,0,0,0,0,0,0,0,0,0,0,0,0,0,0,0,0,0,0,0,0,0,0,0,0,0,1,1,0,1,0,0,0,0,0,1,0,0,0,0,0,0,0,0,0,0,0,0,0,0,0,0,0,,,,,,71-75,66-75,US highway,R,Saturday,,MC,White,0,1,1,0,State Route,State Patrol,Washington State Patrol,0,1,0,0,0,,,,,,0,0,0,,,,,,,,,,,0,0,0,1,,,,,5,0,,,,,,,,,,,,,,,
2019,298,634299,3,08-22-2019,02:22,22,8,Aug,,53,Pierce,1350,2,0,2,2,2,1,0,5,2,,,,25,0,0,No vehicle,139.2,1,0,1,No intersection,1,2,1,1,0,0,0,0,I-5,,-122.3325722,47.25273611,98424,0,1,6,Drive off road,12,2,60,4,0,0,1,7,12,2,2,5,3,14,Making a U turn,3,1,53,,0,49,40,2002,0,0,63,42,67,1,42,,1,1,60,1,7,,4,7,3,0,11,0,07/25/2019,14:54,74053033880,33880,6,0,0,3,1,38,0,0,0,93,,,,,,99,,,,,,98248,53,74,200,6,1,1,1,2,0,,0,,,,,,0,08-15-2014,06-15-2016,1,0,0,0,0,9,8,,,0,0,0,8,0,2,605,695,,1,1,,2,1,0,,,,,,,,,,,,,,,,,,,,,,,,,,,,,,0,0,1,0,0,0,1,1,1,0,0,0,0,0,0,0,1,0,1,0,0,0,0,0,0,0,0,0,0,1,0,0,0,0,0,,1,0,0,0,0,0,1,1,1,0,1,0,0,0,1,0,,,,,,56-60,56-65,Interstate,U,Thursday,Belt Used,PV,Multiracial,0,1,0,0,State Route,State Patrol,Washington State Patrol,1,1,0,0,0,thc,17,carboxy-thc,14,,0,1,0,,,,,,,,,,,98,98,98,201,298,,,,20,7,,,,,,,,,,,,,,,
2018,298,633525,21,08-10-2018,00:25,10,8,Aug,0,25,Grant,0,1,0,2,1,7,1,1,2,2,00:44,01:07,,8,0,0,No vehicle,4.4,1,0,1,No intersection,6,1,2,4,0,0,0,0,CR-ROAD 9 NW,,-119.6847222,47.22023056,,0,2,98,Others,80,5,55,4,0,0,1,5,8,1,1,2,1,1,Going Straight,1,1,53,,0,49,402,2019,0,0,12,,,,,,1,1,41,2,0,,0,0,3,0,11,0,,,,,0,0,3,3,1,0,0,0,0,0,,,,,,0,,,,,,97213,41,64,179,6,1,0,0,0,0,,0,,,,,,0,,,20,0,0,0,8,9,8,,,0,0,0,8,0,8,95,,,96,,,8,95,995,,,,,,,,,,,,,,,,,,,,,,,,,,,,,,0,0,0,1,0,0,0,0,0,0,0,0,0,0,0,0,0,0,0,0,0,1,1,0,1,1,1,1,1,1,0,0,0,0,0,,0,0,0,0,0,0,0,0,0,0,0,0,0,0,0,0,,,,,,41-45,36-45,Interstate,U,Friday,Belt Used,PV,Not Fatal,1,0,0,0,State Route,Municipal/City Police,Vancouver Police Department,0,1,0,0,0,,,,,,0,0,0,,,,,,,,,,,98,98,98,0,,,,,20,7,,,,,,,,,,,,,,,
2017,298,632729,4,08-02-2017,13:15,2,8,Aug,0,19,Ferry,0,1,0,1,1,2,1,0,2,2,,,,12,0,6,Angle,313,1,0,1,No intersection,4,1,1,3,0,0,0,0,SR-20,,-118.5766333,48.61314167,,0,2,65,Others,62,4,50,66,0,0,1,2,12,3,2,2,1,14,Making a U turn,1,3,53,,0,12,471,2003,0,0,12,,,,,,1,1,80,1,0,,0,0,3,0,11,0,,,,,0,0,3,3,1,0,0,0,0,0,,,,,,0,,,,,,98662,53,72,190,6,1,0,0,0,0,,0,,,,,,0,,,20,0,0,0,8,9,8,,,0,0,0,8,0,8,95,,,96,,,8,95,995,,,,,,,,,,,,,,,,,,,,,,,,,,,,,,0,0,0,1,0,0,0,0,0,0,0,0,0,0,0,0,0,0,0,0,0,1,1,0,1,1,1,1,1,1,0,0,0,0,0,,0,0,0,0,0,0,0,0,0,0,0,0,0,0,0,0,,,,,,76-80,76+,Interstate,U,Friday,Belt Used,PV,Not Fatal,1,0,0,0,State Route,Municipal/City Police,Vancouver Police Department,0,1,0,0,0,,,,,,0,0,0,,,,,,,,,,,98,98,98,0,,,,,20,7,,,,,,,,,,,,,,,
2018,298,633524,21,08-10-2018,00:25,10,8,Aug,0,25,Grant,0,1,0,2,1,7,1,1,2,2,00:44,01:07,,8,1,0,No vehicle,4.4,1,0,1,No intersection,6,1,2,4,0,0,0,0,CR-ROAD 9 NW,,-119.6847222,47.22023056,,0,1,13,Pedestrian/Animal,80,5,55,99,0,0,1,5,8,1,1,2,1,1,Going Straight,99,9,99,,0,35,472,2008,0,0,12,12,12,,,,1,1,68,1,0,,1,0,3,0,11,8,,,,,0,0,3,3,1,0,0,0,0,0,,,,,,0,,,,,,98683,53,64,170,6,1,0,0,0,0,,0,,,,,,0,,,1,0,0,0,8,9,8,,,0,0,0,8,0,8,95,,,96,,,8,95,995,,,,,,,,,,,,,,,,,,,,,,,,,,,,,,0,0,0,1,0,0,0,0,0,0,0,0,0,0,0,0,0,0,0,0,0,1,1,0,1,1,1,1,1,1,0,0,0,0,0,,0,0,0,0,0,0,0,0,0,0,0,0,0,0,0,0,,,,,,66-70,66-75,Interstate,U,Friday,Belt Used,PV,Not Fatal,1,0,0,0,State Route,Municipal/City Police,Vancouver Police Department,0,1,0,0,0,,,,,,0,0,0,,,,,,,,,,,98,98,98,0,,,,,20,7,,,,,,,,,,,,,,,
2018,299,633448,290,07-28-2018,23:32,28,7,July,0,53,Pierce,2230,1,0,3,1,2,1,0,4,2,,,,12,0,6,Angle,56.7,2,0,2,4 Way,3,2,1,3,0,0,0,0,SR-7,S 43RD ST,-122.4340333,47.21834722,98418,0,1,69,Initial Opposite Direction(Going Straight),17,2,35,80,0,0,1,7,12,1,1,4,1,1,Going Straight,1,1,39,,0,37,703,2012,0,0,12,12,,,,,1,1,20,1,99,,4,7,20,7,11,0,08-02-2019,13:55,2.37E+11,34893,0,0,0,3,1,0,0,0,0,0,,,,,,99,,,,,,98682,53,71,230,6,1,0,1,2,0,,0,,,,,,0,08-15-2016,03-15-2018,20,8,0,0,0,9,8,,,0,0,0,8,9,2,1,,,1,,,2,1,0,,,,,,,,,,,,,,,,,,,,,,,,,,,,,,0,0,0,1,0,0,0,0,0,0,0,0,0,0,0,0,0,0,0,0,0,1,1,0,1,1,1,1,1,1,0,0,0,0,1,0,0,0,0,0,0,0,0,0,0,0,0,0,0,0,0,0,,,,,,18-20,16-25,Interstate,U,Friday,,MC,Oth/Unk,1,0,0,0,State Route,Municipal/City Police,Vancouver Police Department,0,1,0,0,0,,,,,,0,0,0,,,,,,,,,,,0,0,0,99,,,,,19,0,,,,,,,,,,,,,,,
2021,299,635814,2,08-12-2021,00:30,12,8,Aug,,61,Snohomish,690,1,,2,1,2,1,0,1,1,,,,24,0,0,No vehicle,194.1,5,1,1,No intersection,1,2,1,1,0,0,0,0,I-5 RAMP,,-122.1853028,47.98218056,98201,0,1,1,Driver Off Road,9,1,98,80,0,0,1,5,24,2,1,2,6,14,Making a U turn,1,1,53,,0,49,40,2010,0,0,12,,,,,,1,1,60,2,0,,0,0,3,0,11,0,,,,,0,0,3,3,1,26,91,0,0,96,,,,,,9,,,,,,98604,53,68,160,6,1,0,0,4,0,,1,11,,,,,0,10-15-2015,11-15-2018,20,0,0,0,8,9,2,,,0,0,0,1,0,2,1,,,1,,,2,1,0,,,,,,,,,,,,,,,,,,,,,,,,,,,,,,0,0,0,1,0,0,0,0,0,0,0,0,0,0,0,0,0,0,0,0,0,1,1,0,1,1,1,1,1,1,0,0,0,0,0,,0,0,0,0,0,0,0,0,0,0,0,0,0,0,0,0,,,,,,56-60,56-65,Interstate,U,Friday,Belt Used,PV,Not Fatal,1,0,0,0,State Route,Municipal/City Police,Vancouver Police Department,0,1,0,0,0,,,,,,0,0,0,,,,,,,,,,,98,98,98,0,,,,,20,7,,,,,,,,,,,,,,,
2020,299,634998,40,07-24-2020,19:27,24,7,July,,63,Spokane,0,1,,1,1,2,1,0,2,2,,,,12,0,6,Angle,3.5,1,0,1,No intersection,5,1,2,4,0,0,0,0,CR-E ELDER RD,,-117.0832944,47.50713056,99030,0,2,66,Specific Other,62,4,98,34,0,0,1,2,12,1,1,2,1,1,Going Straight,1,2,53,,0,37,32,2014,0,0,68,12,,,,,1,1,41,1,0,,2,0,3,0,11,4,,,,,0,0,0,3,1,28,0,0,0,92,,,,,,0,,,,,,99336,53,66,163,6,1,0,0,0,1,,97,,,,,,0,08-15-2019,08-15-2019,8,0,0,0,8,9,8,,,0,0,0,8,0,2,1,,,1,,,2,1,0,,,,,,,,,,,,,,,,,,,,,,,,,,,,,,0,0,0,0,0,0,1,1,1,0,0,0,0,0,0,0,1,0,0,0,0,0,0,0,0,0,0,0,1,1,0,0,0,0,0,,0,0,0,0,0,0,0,0,1,0,0,0,0,0,0,0,,,,,,41-45,36-45,State route,R,Thursday,Belt Used,PV,Not Fatal,0,0,0,1,State Route,State Patrol,Washington State Patrol,0,1,0,0,0,,,,,,0,0,0,,,,,,,,,,,98,98,98,0,,,,,20,7,,,,,,,,,,,,,,,
2020,299,634997,40,07-24-2020,19:27,24,7,July,,63,Spokane,0,1,,1,1,2,1,0,2,2,,,,12,0,6,Angle,3.5,1,0,1,No intersection,5,1,2,4,0,0,0,0,CR-E ELDER RD,,-117.0832944,47.50713056,99030,0,1,66,Specific Other,13,2,45,4,0,0,1,2,12,1,1,2,1,1,Going Straight,1,2,53,,0,72,706,2004,0,0,12,,,,,,1,1,55,1,7,,4,7,20,7,11,0,08-01-2019,18:53,53034210,34210,0,0,3,3,1,0,0,0,0,96,,,,,,9,,,,,,97875,41,70,150,6,1,0,0,0,0,,0,,,,,,0,,,20,8,0,0,0,9,8,,,0,0,0,1,9,2,605,695,189,1,1,1,2,1,0,,,,,,,,,,,,,,,,,,,,,,,,,,,,,,0,0,0,0,0,0,1,1,1,0,0,0,0,0,0,0,1,0,0,0,0,0,0,0,0,0,0,0,1,1,0,0,0,0,1,0,0,0,0,0,0,0,1,1,0,0,0,0,0,0,1,0,,,,,,51-55,46-55,State route,R,Thursday,,MC,White,0,0,0,1,State Route,State Patrol,Washington State Patrol,0,1,0,0,0,thc,5.7,carboxy-thc,8,,0,0,0,,,,,,,,,,,0,0,0,1,,,,,5,0,,,,,,,wa nm,,,,,,,,
2019,299,634301,40,08-25-2019,18:39,25,8,Aug,,63,Spokane,0,1,0,1,1,2,1,0,1,2,,,,1,0,0,No vehicle,0.4,1,0,1,No intersection,5,2,2,4,0,0,0,0,CR-N WALL ST,,-117.4220361,47.72123056,99208,0,1,98,Others,8,1,30,80,0,0,1,5,14,1,1,2,1,1,Going Straight,1,1,53,,0,12,37,2017,0,0,12,,,,,,1,1,64,1,0,,0,0,3,0,11,0,,,,,0,0,0,3,1,0,0,0,0,96,,,,,,0,,,,,,98001,53,71,246,6,1,0,0,1,0,,0,,,,,,0,10-15-2018,10-15-2018,1,0,0,0,8,9,8,,,0,0,0,8,0,8,95,,,96,,,8,95,995,,,,,,,,,,,,,,,,,,,,,,,,,,,,,,0,0,0,0,1,1,0,1,0,0,0,0,0,0,0,0,0,0,0,0,0,0,0,1,1,0,0,0,1,1,0,0,0,0,0,,0,0,0,0,0,0,0,0,0,0,0,0,0,0,0,0,,,,,,61-65,56-65,Interstate,U,Saturday,Belt Used,PV,Not Fatal,0,0,0,0,State Route,State Patrol,Washington State Patrol,0,1,0,0,0,,,,,,0,0,0,,,,,,,,,,,98,98,98,0,,,,,20,7,,,,,,,,,,,,,,,
2018,299,633449,290,07-28-2018,23:32,28,7,July,0,53,Pierce,2230,1,0,3,1,2,1,0,4,2,,,,12,0,6,Angle,56.7,2,0,2,4 Way,3,2,1,3,0,0,0,0,SR-7,S 43RD ST,-122.4340333,47.21834722,98418,0,2,68,Initial Opposite Direction(Left/Right),61,4,35,20,0,0,1,7,12,1,1,4,1,11,Turning Red: Permitted on red,3,2,53,,0,53,705,2005,0,0,12,,,,,,1,1,24,1,7,,4,7,20,7,11,0,08-03-2019,18:12,2.23E+11,34731,0,0,0,3,1,0,0,0,0,0,,,,,,99,,,,,,98409,53,70,190,6,1,0,0,0,2,,0,,,,,,0,08-15-2015,10-15-2015,20,8,0,0,0,9,8,,,0,0,0,8,9,2,1,,,1,,,2,1,0,,,,,,,,,,,,,,,,,,,,,,,,,,,,,,0,0,0,0,1,1,0,1,0,0,0,0,0,0,0,0,0,0,0,0,0,0,0,1,1,0,0,0,1,1,0,0,0,0,1,0,0,0,0,0,0,0,0,0,0,0,0,0,0,0,0,0,,,,,,21-25,16-25,Interstate,U,Saturday,,MC,Black,0,0,0,0,State Route,State Patrol,Washington State Patrol,0,1,0,0,0,,,,,,0,0,0,,,,,,,,,,,0,0,0,2,,,,,5,0,,,,,,,,,,,,,,,
2017,299,632733,42,08-09-2017,17:06,9,8,Aug,0,67,Thurston,0,1,0,1,1,2,1,0,2,2,,,,12,0,2,Front-to-Front,4,1,0,1,No intersection,5,1,2,4,0,0,0,0,CR-MCDUFF RD SE,,-122.8629667,46.86506667,98589,0,2,51,Lateral Move(Going Straight),62,4,50,3,0,0,1,2,12,3,2,2,1,14,Making a U turn,1,1,53,,0,12,442,2002,0,0,64,12,69,12,64,24,1,1,62,2,0,,0,0,3,0,11,0,,,,,0,0,0,3,1,91,0,0,0,96,,,,,,9,,,,,,98406,53,66,150,6,1,0,0,0,0,,1,11,,,,,0,,,1,0,0,0,8,9,8,,,0,0,0,8,1,2,1,,,1,,,2,1,0.13,,,,,,,,,,,,,,,,,,,,,,,,,,,,,,0,0,0,0,1,1,0,1,0,0,0,0,0,0,0,0,0,0,0,0,0,0,0,1,1,0,0,0,1,1,0,0,0,0,0,,0,0,0,0,0,1,0,1,0,0,0,0,0,1,0,1,,,,,,61-65,56-65,Interstate,U,Saturday,Belt Used,PV,Not Fatal,0,0,0,0,State Route,State Patrol,Washington State Patrol,0,1,0,0,0,,,,,,0,0,0,,,,,,,,,,,98,98,98,0,,,,,20,7,,,,,,,,,,,,,,,
2017,299,632732,42,08-09-2017,17:06,9,8,Aug,0,67,Thurston,0,1,0,1,1,2,1,0,2,2,,,,12,0,2,Front-to-Front,4,1,0,1,No intersection,5,1,2,4,0,0,0,0,CR-MCDUFF RD SE,,-122.8629667,46.86506667,98589,0,1,50,Lateral Move(Left/Right),10,2,50,34,0,0,1,2,12,2,2,2,1,14,Making a U turn,1,1,53,,0,76,705,2007,0,0,12,,,,,,1,1,64,1,7,,4,7,20,7,11,0,08-03-2019,00:17,1.83E+11,34978,0,0,3,3,1,0,0,0,0,96,,,,,,0,,,,,,98042,53,69,170,6,1,0,1,1,0,,0,,,,,,0,04-15-2015,07-15-2018,20,8,0,0,0,9,8,,,0,0,0,8,0,2,401,417,,1,1,,2,1,0,,,,,,,,,,,,,,,,,,,,,,,,,,,,,,0,0,0,0,1,1,1,1,0,0,0,0,0,0,0,0,0,0,0,0,0,0,0,0,0,0,0,0,1,1,0,0,0,0,1,0,0,0,0,0,0,0,1,1,0,0,0,0,0,0,1,0,,,,,,61-65,56-65,State route,U,Saturday,,MC,White,0,0,0,0,State Route,Municipal/City Police,Renton Police Department,0,1,0,0,0,,,,,,0,0,0,,,,,,,,,,,0,0,0,1,,,,,19,0,,,,,,,,,,,,,,,
2017,300,3764489,263,08-04-2017,05:28,4,8,Aug,0,33,King,1960,1,0,4,1,1,1,0,2,2,,,,12,0,7,"Sideswipe,Same",0,1,0,1,No intersection,3,2,4,6,0,0,0,0,1ST AVE S,S FIDALGO ST,-122.3341694,47.55038889,98108,0,1,46,Others,11,2,35,4,0,0,1,2,12,1,1,5,1,15,Others,1,1,53,,0,55,35,2013,0,0,12,,,,,,1,1,34,1,0,,0,0,3,0,11,0,,,,,0,0,0,3,1,0,0,0,0,96,,,,,,9,,,,,,98057,53,66,170,6,1,0,0,1,0,,97,,,,,,0,01-15-2018,01-15-2018,20,0,0,0,8,9,8,,,0,0,0,8,1,2,1,,,1,,,2,1,0.17,,,,,,,,,,,,,,,,,,,,,,,,,,,,,,0,0,0,0,1,1,1,1,0,0,0,0,0,0,0,0,0,0,0,0,0,0,0,0,0,0,0,0,1,1,0,0,0,0,0,,0,0,0,0,0,1,0,1,0,0,0,0,0,1,0,1,,,,,,31-35,26-35,State route,U,Saturday,Belt Used,PV,Not Fatal,0,0,0,0,State Route,Municipal/City Police,Renton Police Department,0,1,0,0,0,,,,,,0,0,0,,,,,,,,,,,98,98,98,0,,,,,20,7,,,,,,,,,,,,,,,
2017,300,3764489,263,08-04-2017,05:28,4,8,Aug,0,33,King,1960,1,0,4,1,1,1,0,2,2,,,,12,0,7,"Sideswipe,Same",0,1,0,1,No intersection,3,2,4,6,0,0,0,0,1ST AVE S,S FIDALGO ST,-122.3341694,47.55038889,98108,0,2,45,Others,61,4,35,80,0,0,1,2,42,1,1,5,1,1,Going Straight,1,2,53,,0,76,705,1992,0,0,63,24,,,,,1,1,44,1,7,,4,7,20,7,11,0,07/24/2019,14:52,53033067,33067,0,0,0,3,1,0,0,0,0,96,,,,,,99,,,,,,98586,53,69,185,6,1,0,0,0,0,,0,,,,,,4,02-15-2016,02-15-2016,20,8,0,0,0,9,8,,,0,0,0,8,9,2,1,,,1,,,2,1,0.29,,,,,,,,,,,,,,,,,,,,,,,,,,,,,,0,0,1,0,1,1,0,1,0,0,0,0,1,0,0,0,0,0,0,0,0,0,0,0,0,0,0,0,1,0,0,0,0,0,1,0,0,0,0,0,0,1,0,1,0,1,0,0,0,1,0,1,,,,,,41-45,36-45,US highway,R,Wednesday,,MC,White,0,1,0,0,State Route,State Patrol,WASHINGTON STATE PATROL,1,1,0,0,0,,,,,,0,0,1,,,,,,,,,,,0,0,0,1,,,,,5,0,,,,,,,,,,,,,,,