year,something,Cases,repjur,crash_dt,crash_tm,accday,Month,Month,holiday,county,co_char,city,weather,weather2,lightcond,surfcond,surftype,Number of Fatalities,nmforms,pforms,vforms,not_tm,arr_tm,hosp_tm,fhevent,hitrun,Manner of Collision,Manner of Collision,milepnt,reljunc,reljuncinter,intersectiontype,Intersection Type,funcsystem,landuse,ownership,route,schlbus,spejur,contdev,devfunc,trafid1,trafid2,x,y,zipcode,wk_zone,vnumber,crashtype,Crash Type,criticalevent,criticaleventcat,spdlim,body,trailer,emerg,hazcargo,leave,mhevent,roadalgn,roadprof,traflane,trafflow,Vehicle Manure,Vehicle Manure,numoccs,regowner,regstate,,spuse,make,model,modelyr,vrf1,vrf2,seqevent1,seqevent2,seqevent3,seqevent4,seqevent5,seqevent6,pnumber,ptype,age,sex,hispanic,race,injury,diedscene,restraint,restraintmisuse,seatpos,takehosp,death_dt,death_tm,cert,cernum_wa,commlic,licendor,licrestrict,liccomp,drivpres,drf1,drf2,drf3,drf4,distract1,distract2,distract3,distract4,distract5,distract6,dricond1,dricond2,dricond3,dricond4,dricond5,dricond6,dzip,licstate,drhgt_in,weight,noncdl,noncdltype,prevdwi,prevoth,prevacc,prevspd,prevsus,driviol1,driviol2,driviol3,driviol4,driviol5,driviol6,spdrel,first_dt,last_dt,airbag,ejection,ejectpath,extricat,injurwrk,methalc,methdrug,nmlocat,strikveh,prf1,prf2,prf3,druginv,alcinvol,drugsts,drugres1,drugres2,drugres3,drugtst1,drugtst2,drugtst3,alcsts,alctst,alcres,nmact1,nmact2,nmact3,nmact4,nmact5,nmact6,nmprior1,nmprior2,nmprior3,nmprior4,nmprior5,nmprior6,nmcond1,nmcond2,nmcond3,nmcond4,nmcond5,nmcond6,nmsafe_helmet,nmsafe_pads,nmsafe_oth,nmprev_ref,nmprev_lgt,nmprev_oth,crashlocation,nmcrashtype,crosswalk,schoolzone,sidewalk,train_inv,wildlife_inv,rotr_fars,intersect_fars,Drink and Drive,aid_inv,Drug Positive Drivers,Impaired Drivers,Marijuana Positive,impnm_inv,ainm_inv,dpnm_inv,speed_inv,unlic_inv,unendmc_inv,drowsy_inv,drdist_inv,nmdist_inv,fty_inv,unrestfat_inv,dr1617_inv,dr1820_inv,dr1620_inv,dr2125_inv,dr1625_inv,dr65_inv,dr70_inv,dr75_inv,mc_inv,pv_inv,ht_inv,ped_inv,bike_inv,unrest_fat,mc_fat,unhelmet_mc,pv_fat,ht_fat,ped_fat,bike_fat,dr_alc7,dr_alc8,dr_drug,dr_imp,dr_dist,dr_spd,dr_fty,dr_unlic,dr_alc7only,dr_alc8only,dr_drugonly,dr_drink,nm_imp,nm_alc7,nm_alc8,nm_drug,nm_dist,agegrp1,agegrp2,roadclass,urbrur,dayweek,restuse,vehtype,race_me,intersect,lanedep,oppdir,wrongway,rep_typ,investag,repag_long,rotr,st_rd,cty_rd,city_rd,oth_rd,drug_thc,thc_res,drug_cthc,cthc_res,drug_cann,prevpersemin,prevperse,prevsusoth,drugtst4,drugtst5,drugtst6,drugtst7,drugtst8,drugres4,drugres5,drugres6,drugres7,drugres8,adspresent,adsengaged,adslevel,race1,race2,race3,race4,race5,helmet,helmetmisuse,nmdistract1,nmdistract2,nmdistract3,nmdistract4,nmdistract5,nmdistract6,lab,isedtcase,crf1,crf2,crf3,CoRoadName,CoMP,IntCoRoadName,IntCoMP
2021,300,635815,35,08-14-2021,00:01,14,8,Aug,,53,Pierce,0,1,,3,1,2,1,1,1,1,,,,8,0,0,No vehicle,6,1,0,1,No intersection,3,2,2,4,0,0,0,0,CR-CANYON RD E,,-122.3571028,47.16593056,98373,0,1,13,Pedestrian/Animal,80,5,45,15,0,0,1,5,8,1,1,4,1,1,Going Straight,1,2,53,,0,34,706,1996,0,0,63,69,68,64,24,,1,1,67,1,7,,4,7,20,7,11,0,07/23/2019,15:12,53033287,33287,0,0,3,3,1,0,0,0,0,96,,,,,,9,,,,,,98601,53,69,162,6,1,0,0,0,0,,0,,,,,,4,,,20,8,0,0,0,9,8,,,0,0,0,8,1,2,189,,,1,,,2,1,0.134,,,,,,,,,,,,,,,,,,,,,,,,,,,,,,0,0,0,0,1,1,1,1,0,0,0,0,1,0,0,0,0,0,0,0,0,0,0,0,0,1,0,0,1,0,0,0,0,0,1,0,0,0,0,0,0,1,1,1,0,1,0,0,0,0,0,1,,,,,,66-70,66-75,State route,R,Tuesday,,MC,White,0,1,0,0,State Route,State Patrol,Washington State Patrol,1,1,0,0,0,,,,,,0,0,0,,,,,,,,,,,0,0,0,1,,,,,5,0,,,,,,,,,,,,,,,
2020,300,635000,3,08-12-2020,12:38,12,8,Aug,,53,Pierce,0,1,,1,1,2,2,0,3,2,12:46,12:52,,12,0,6,Angle,48.5,2,0,2,4 Way,3,2,1,3,0,0,0,0,SR-7,174TH ST S,-122.4348917,47.09929444,98448,0,2,89,Others,66,4,40,34,0,0,1,2,12,1,1,5,5,1,Going Straight,1,3,53,,0,37,31,2011,0,0,79,42,,,,,1,1,16,1,1,,4,0,3,0,11,5,07/30/2019,04:50,2.23E+11,33923,0,0,2,3,1,73,0,0,0,96,,,,,,99,,,,,,98375,53,68,165,6,2,0,0,0,0,,0,,,,,,4,,,8,0,0,1,0,9,8,,,0,0,0,8,9,2,1,,,1,,,2,1,0.096,,,,,,,,,,,,,,,,,,,,,,,,,,,,,,0,0,0,0,1,1,0,1,0,0,0,0,1,0,0,0,0,0,0,0,1,0,1,0,1,0,0,0,0,1,0,0,0,0,0,,1,0,0,0,0,1,0,1,0,1,0,0,0,1,0,1,,,,,,16-17,16-25,City street,U,Tuesday,Belt Used,PV,Hispanic,0,1,0,0,City Street,Municipal/City Police,Puyallup Police Department,1,0,0,1,0,,,,,,0,0,0,,,,,,,,,,,98,98,98,1,,,,,20,7,,,,,,,,,,,,,,,
2020,300,634999,3,08-12-2020,12:38,12,8,Aug,,53,Pierce,0,1,,1,1,2,2,0,3,2,12:46,12:52,,12,0,6,Angle,48.5,2,0,2,4 Way,3,2,1,3,0,0,20,3,SR-7,174TH ST S,-122.4348917,47.09929444,98448,0,1,88,Striking from the Left,17,2,35,3,0,0,1,2,12,1,1,2,1,1,Going Straight,2,2,53,,0,34,401,2005,0,0,12,,,,,,1,1,50,2,7,,4,7,20,7,11,0,07/26/2019,23:44,2.37E+11,33582,0,0,0,3,1,0,0,0,0,92,,,,,,99,,,,,,98607,53,67,100,6,1,0,0,0,0,,0,,,,,,0,,,2,0,0,0,0,9,8,,,0,0,0,8,9,2,1,,,1,,,2,1,0,,,,,,,,,,,,,,,,,,,,,,,,,,,,,,0,0,0,1,1,0,0,0,0,0,0,0,1,0,0,0,1,0,0,1,0,0,0,1,1,0,0,0,1,1,0,0,0,1,0,,1,0,0,0,0,0,0,0,1,0,0,0,0,0,0,0,,,,,,46-50,46-55,City street,U,Friday,Not Used,PV,White,1,0,0,0,City Street,Municipal/City Police,Vancouver Police Department,0,0,0,1,0,,,,,,0,0,0,,,,,,,,,,,98,98,98,1,,,,,20,7,,,,,,,,,,,,,,,
2019,300,634175,57,07-08-2019,08:00,8,7,July,,11,Clark,107,10,0,1,1,2,1,0,4,4,,,,12,0,6,Angle,6.9,2,0,2,4 Way,3,2,1,3,0,0,3,3,SR-503,SW 10TH AVE,-122.5473917,45.76623611,98604,0,4,98,Others,98,7,55,14,0,0,1,5,12,1,1,5,1,5,Others,1,1,53,,0,73,705,2008,0,0,1,,,,,,1,1,23,1,0,,3,0,20,7,11,4,,,,,6,0,3,3,1,0,0,0,0,92,,,,,,99,,,,,,98682,53,75,150,6,1,0,0,0,1,,0,,,,,,3,04-15-2016,04-15-2016,20,8,0,0,8,9,8,,,0,0,0,8,1,2,1,,,1,,,2,1,0.052,,,,,,,,,,,,,,,,,,,,,,,,,,,,,,0,0,0,1,1,0,0,0,0,0,0,0,1,0,0,0,1,0,0,1,0,0,0,1,1,0,0,0,1,1,0,0,0,0,0,0,0,0,0,0,1,0,0,0,1,1,0,0,1,0,0,1,,,,,,21-25,16-25,City street,U,Friday,,MC,Not Fatal,1,0,0,0,City Street,Municipal/City Police,Vancouver Police Department,0,0,0,1,0,,,,,,0,0,0,,,,,,,,,,,0,0,0,0,,,,,19,0,,,,,,,,,,,,,,,
2019,300,634174,57,07-08-2019,08:00,8,7,July,,11,Clark,107,10,0,1,1,2,1,0,4,4,,,,12,0,6,Angle,6.9,2,0,2,4 Way,3,2,1,3,0,0,3,3,SR-503,SW 10TH AVE,-122.5473917,45.76623611,98604,0,3,98,Others,98,7,55,67,0,0,1,5,12,1,1,5,1,5,Others,1,1,53,,0,73,706,2017,0,0,12,,,,,,1,1,23,1,7,,4,7,20,7,11,0,07/26/2019,23:44,2.37E+11,33560,0,0,0,3,1,0,0,0,0,96,,,,,,99,,,,,,98682,53,73,135,6,1,0,2,2,1,,0,,,,,,3,02-15-2016,06-15-2019,20,8,0,0,0,9,8,,,0,0,0,8,1,2,1,,,1,,,2,1,0.026,,,,,,,,,,,,,,,,,,,,,,,,,,,,,,0,0,0,1,1,0,0,0,0,0,0,0,1,0,0,0,1,0,0,1,0,0,0,1,1,0,0,0,1,1,0,0,0,0,1,0,0,0,0,0,1,0,0,0,0,1,0,0,1,0,0,1,,,,,,21-25,16-25,City street,U,Friday,,MC,White,1,0,0,0,City Street,Municipal/City Police,Vancouver Police Department,0,0,0,1,0,,,,,,0,0,0,,,,,,,,,,,0,0,0,1,,,,,19,0,,,,,,,,,,,,,,,
2019,300,634172,57,07-08-2019,08:00,8,7,July,,11,Clark,107,10,0,1,1,2,1,0,4,4,,,,12,0,6,Angle,6.9,2,0,2,4 Way,3,2,1,3,0,0,3,3,SR-503,SW 10TH AVE,-122.5473917,45.76623611,98604,0,1,86,Others,17,2,55,4,0,0,1,7,12,1,1,5,1,1,Going Straight,1,1,53,,0,53,734,2018,0,0,63,1,,,,,1,1,45,1,7,,4,7,20,7,11,0,07/28/2019,06:26,53034223,34223,0,0,0,1,1,0,0,0,0,96,,,,,,99,,,,,,98576,53,76,320,6,1,0,0,0,0,,0,,,,,,4,,,20,1,9,0,0,9,8,,,0,0,0,8,1,2,996,,,1,,,2,1,0.22,,,,,,,,,,,,,,,,,,,,,,,,,,,,,,0,0,1,0,1,1,1,1,0,0,0,0,1,0,0,0,0,0,0,0,0,0,0,0,0,0,0,0,0,0,0,0,0,0,0,,0,0,0,0,0,1,1,1,0,1,0,0,0,0,0,1,,,,,,41-45,36-45,County road,U,Sunday,,OTHVT,White,0,1,0,0,County Road,County Sheriff,Thurston County Sheriff's Office,1,0,1,0,0,,,,,,0,0,0,,,,,,,,,,,0,0,0,1,,,,,17,7,,,,,,,,,,,,,,,
2019,300,634173,57,07-08-2019,08:00,8,7,July,,11,Clark,107,10,0,1,1,2,1,0,4,4,,,,12,0,6,Angle,6.9,2,0,2,4 Way,3,2,1,3,0,0,3,3,SR-503,SW 10TH AVE,-122.5473917,45.76623611,98604,0,2,87,Others,66,4,55,80,0,0,1,7,12,1,1,2,1,1,Going Straight,1,9,99,,0,53,705,2006,0,0,68,64,1,,,,1,1,22,1,7,,4,0,20,7,11,8,07/23/2019,14:00,1.96E+11,34071,0,0,0,3,1,0,0,0,0,96,,,,,,99,,,,,,98052,53,72,145,6,1,0,0,0,2,,0,,,,,,0,12-15-2014,03-15-2015,20,8,0,0,0,9,8,,,0,0,0,8,9,8,95,,,96,,,8,95,995,,,,,,,,,,,,,,,,,,,,,,,,,,,,,,0,0,1,0,0,0,0,0,0,0,0,0,0,0,0,0,0,0,0,0,0,0,0,1,1,0,0,0,1,0,0,0,0,0,1,0,0,0,0,0,0,0,0,0,0,0,0,0,0,0,0,0,,,,,,21-25,16-25,City street,U,Monday,,MC,White,0,1,0,0,City Street,Municipal/City Police,Redmond Police Department,1,0,0,1,0,,,,,,0,0,0,,,,,,,,,,,0,0,0,1,,,,,19,0,,,,,,,,,,,,,,,
2020,301,635002,146,08-20-2020,08:18,20,8,Aug,,77,Yakima,0,10,,1,1,2,2,0,3,2,08:21,08:36,09:18,12,0,6,Angle,2,2,0,2,4 Way,5,1,2,4,0,3,0,0,CR-HARRAH RD,EVANS RD,-120.5440056,46.43348056,98951,0,2,89,Others,66,4,50,63,0,0,1,5,12,1,2,2,1,1,Going Straight,1,3,53,,3,12,870,2019,0,0,12,1,,,,,1,1,39,1,0,,1,0,3,0,11,8,,,,,6,0,0,3,1,0,0,0,0,96,,,,,,0,,,,,,98188,53,75,214,6,1,0,0,0,0,,0,,,,,,0,,,20,0,0,0,8,9,8,,,0,0,0,8,0,8,95,,,96,,,8,95,995,,,,,,,,,,,,,,,,,,,,,,,,,,,,,,0,0,0,0,0,0,0,0,0,0,0,0,0,0,0,0,1,0,0,0,0,0,0,0,0,0,0,0,0,1,0,0,0,0,0,,0,0,0,0,0,0,0,0,0,0,0,0,0,0,0,0,,,,,,36-40,36-45,State route,U,Thursday,,BUS,Not Fatal,0,1,1,0,State Route,Municipal/City Police,SeaTac Police Department,0,1,0,0,0,,,,,,0,0,0,,,,,,,,,,,98,98,98,0,,,,,20,7,,,,,,,,,,,,,,,
2020,301,635001,146,08-20-2020,08:18,20,8,Aug,,77,Yakima,0,10,,1,1,2,2,0,3,2,08:21,08:36,09:18,12,0,6,Angle,2,2,0,2,4 Way,5,1,2,4,0,3,20,3,CR-HARRAH RD,EVANS RD,-120.5440056,46.43348056,98951,0,1,88,Striking from the Left,17,2,50,14,0,0,1,2,12,1,2,2,1,1,Going Straight,2,2,53,,0,34,34,2001,0,0,68,12,,,,,1,1,49,2,0,,3,0,3,0,11,4,,,,,0,0,0,3,1,28,0,0,0,6,,,,,,0,,,,,,98001,53,64,174,6,1,0,1,0,0,,97,,,,,,0,07-15-2015,07-15-2015,1,0,0,0,8,9,8,,,0,0,0,8,0,8,95,,,96,,,8,95,995,,,,,,,,,,,,,,,,,,,,,,,,,,,,,,0,0,0,0,0,0,0,0,0,0,0,0,0,0,0,0,1,0,0,0,0,0,0,0,0,0,0,0,0,1,0,0,0,0,0,,0,0,0,0,0,0,0,0,1,0,0,0,0,0,0,0,,,,,,46-50,46-55,State route,U,Thursday,Belt Used,PV,Not Fatal,0,1,1,0,State Route,Municipal/City Police,SeaTac Police Department,0,1,0,0,0,,,,,,0,0,0,,,,,,,,,,,98,98,98,0,,,,,20,7,,,,,,,,,,,,,,,
2019,301,634302,44,08-16-2019,13:00,16,8,Aug,,71,Walla Walla,0,1,0,1,1,2,1,0,1,1,,,,1,0,0,No vehicle,0.5,1,0,1,No intersection,5,1,2,4,0,0,0,0,CR-HART RD,,-118.3052222,46.182675,,0,1,3,Others,13,2,50,14,0,0,1,7,2,3,2,2,1,14,Making a U turn,1,1,53,,0,55,402,2005,0,0,63,30,38,42,,,1,1,18,2,7,,4,7,3,0,11,0,07/23/2019,05:47,2.01E+11,33392,0,0,3,3,1,0,0,0,0,96,,,,,,99,,,,,,98177,53,67,130,6,2,0,0,0,0,,0,,,,,,4,,,1,0,0,0,0,9,8,,,0,0,0,8,9,2,605,695,,1,1,,2,1,0.27,,,,,,,,,,,,,,,,,,,,,,,,,,,,,,0,0,1,0,1,1,1,1,1,0,0,0,1,0,0,0,0,0,0,0,0,1,1,0,1,0,0,0,0,1,0,0,0,0,0,,1,0,0,0,0,1,1,1,0,1,0,0,0,0,0,1,,,,,,18-20,16-25,City street,U,Tuesday,Belt Used,PV,White,0,1,0,0,City Street,Municipal/City Police,Shoreline Police Department,1,0,0,1,0,thc,8.6,carboxy-thc,31,,0,0,0,,,,,,,,,,,98,98,98,1,,,,,20,7,,,,,,,,,,,,,,,
2018,301,633529,3,08-18-2018,13:00,18,8,Aug,0,69,Wahkiakum,290,1,0,1,1,2,2,0,5,3,12:52,13:00,13:34,12,0,8,Other,35.1,1,0,1,No intersection,3,1,1,3,0,0,0,0,SR-4,,-123.3878028,46.20876944,98612,0,3,98,Others,98,7,50,80,0,0,1,2,39,3,2,2,1,14,Making a U turn,2,1,53,,0,22,18,1996,0,0,63,52,1,3,,,1,1,61,1,1,,4,0,20,7,11,5,07/31/2019,14:00,2.59E+11,34021,0,0,0,2,1,0,0,0,0,96,,,,,,9,,,,,,98952,53,63,188,1,1,0,0,0,0,,11,,,,,,0,,,8,0,0,0,0,5,8,,,0,0,0,8,1,2,1,,,1,,,2,1,0.17,,,,,,,,,,,,,,,,,,,,,,,,,,,,,,0,0,1,0,1,1,0,1,0,0,0,0,0,1,0,0,0,0,0,1,0,0,0,0,0,0,0,0,0,1,0,0,0,1,0,,1,0,0,0,0,1,0,1,0,0,0,1,0,1,0,1,,,,,,61-65,56-65,County road,R,Monday,Not Used,PV,Hispanic,0,1,0,0,County Road,County Sheriff,Yakima County Sheriff's Office,1,0,1,0,0,,,,,,0,0,0,,,,,,,,,,,0,0,0,298,,,,,20,7,,,,,,,,,,,,,,,
2018,301,633528,3,08-18-2018,13:00,18,8,Aug,0,69,Wahkiakum,290,1,0,1,1,2,2,0,5,3,12:52,13:00,13:34,12,0,8,Other,35.1,1,0,1,No intersection,3,1,1,3,0,0,0,0,SR-4,,-123.3878028,46.20876944,98612,0,2,65,Others,62,4,50,80,0,0,1,2,12,3,2,2,1,14,Making a U turn,2,1,53,,0,72,706,2014,0,0,63,33,1,,,,1,1,24,1,7,,4,0,20,7,11,5,07/26/2019,17:57,1.96E+11,33358,0,0,0,3,1,0,0,0,0,96,,,,,,9,,,,,,99216,53,67,190,6,1,0,0,0,0,,0,,,,,,0,,,20,8,0,0,0,9,8,,,0,0,0,8,1,2,1,,,1,,,2,1,0.12,,,,,,,,,,,,,,,,,,,,,,,,,,,,,,0,0,1,1,1,1,0,1,0,0,0,0,0,0,0,0,0,0,0,0,0,0,0,1,1,0,0,0,1,0,0,0,0,0,1,0,0,0,0,0,0,1,0,1,0,0,0,0,0,1,0,1,,,,,,21-25,16-25,City street,U,Sunday,,MC,White,1,0,0,0,City Street,Municipal/City Police,Richland Police Department,0,0,0,1,0,,,,,,0,0,0,,,,,,,,,,,0,0,0,1,,,,,5,0,,,,,,,,,,,,,,,
2018,301,633527,3,08-18-2018,13:00,18,8,Aug,0,69,Wahkiakum,290,1,0,1,1,2,2,0,5,3,12:52,13:00,13:34,12,0,8,Other,35.1,1,0,1,No intersection,3,1,1,3,0,0,0,0,SR-4,,-123.3878028,46.20876944,98612,0,1,64,Others,10,2,50,34,0,0,1,7,12,2,2,2,1,14,Making a U turn,1,1,53,,0,2,404,1998,0,0,63,1,,,,,1,1,37,2,7,1,4,0,3,0,11,4,10/19/2018,20:14,57053046278,46278,0,0,0,3,1,0,0,0,0,96,,,,,,99,,,,,,98858,53,66,160,6,1,0,0,0,0,,0,,,,,,4,,,20,9,0,0,0,9,8,,,0,0,0,8,1,2,1,,,1,,,2,1,0.1,,,,,,,,,,,,,,,,,,,,,,,,,,,,,,0,0,0,0,1,1,0,1,0,0,0,0,1,0,0,0,0,0,0,0,0,0,0,0,0,0,0,0,0,1,0,0,0,0,0,,1,0,0,0,0,1,0,1,0,1,0,0,0,1,0,1,,,,,,36-40,36-45,County road,R,Thursday,Belt Used,PV,White,0,1,0,0,County Road,County Sheriff,Douglas County Sheriff's Office,1,0,1,0,0,,,,,,0,0,0,,,,,,,,,,,,,,,,,,,,,,,,,,,,,,,,,,,
2017,301,632735,243,08-01-2017,08:15,1,8,Aug,0,25,Grant,1780,1,0,1,1,2,1,0,2,2,08:16,08:21,08:38,12,0,6,Angle,33.8,2,0,2,4 Way,4,2,1,3,0,0,3,3,SR-28,SR-281,-119.8533806,47.23343889,,0,2,82,Turn Into Opp Direction(Turning Left),66,4,35,34,0,0,1,2,12,1,1,8,1,11,Turning Red: Permitted on red,1,1,53,,0,98,703,2008,0,0,12,,,,,,1,1,31,1,7,,4,7,20,7,11,0,07-05-2019,00:02,53031510,31510,0,0,3,2,1,0,0,0,0,96,,,,,,0,,,,,,98271,53,74,185,6,1,0,2,1,1,,0,,,,,,0,12-15-2015,09-15-2018,20,8,0,0,0,9,8,,,0,0,0,8,9,2,401,417,,1,1,,2,1,0.095,,,,,,,,,,,,,,,,,,,,,,,,,,,,,,0,0,0,0,1,1,1,1,0,0,0,0,0,0,1,0,0,0,0,0,0,0,0,0,0,0,0,0,1,1,0,0,0,0,1,0,0,0,0,0,0,1,1,1,0,0,0,0,0,0,0,1,,,,,,31-35,26-35,County road,R,Friday,,MC,White,0,1,1,0,County Road,County Sheriff,Snohomish County Sheriff's Office,0,0,1,0,0,,,,,,0,0,1,,,,,,,,,,,0,0,0,1,,,,,19,0,,,,,,,,,,,,,,,
2017,301,632734,243,08-01-2017,08:15,1,8,Aug,0,25,Grant,1780,1,0,1,1,2,1,0,2,2,08:16,08:21,08:38,12,0,6,Angle,33.8,2,0,2,4 Way,4,2,1,3,0,0,3,3,SR-28,SR-281,-119.8533806,47.23343889,,0,1,83,Others,17,2,35,20,0,0,1,2,12,1,1,8,1,1,Going Straight,1,1,53,,0,20,471,1984,0,0,68,12,,,,,1,1,44,1,0,,0,0,99,7,11,0,,,,,0,0,0,3,1,33,0,0,0,96,,,,,,9,,,,,,98290,53,70,180,6,1,0,1,1,0,,97,,,,,,0,10-15-2015,10-15-2015,20,0,0,0,8,9,8,,,0,0,0,8,1,8,95,,,96,,,8,95,995,,,,,,,,,,,,,,,,,,,,,,,,,,,,,,0,0,0,0,1,1,1,1,0,0,0,0,0,0,1,0,0,0,0,0,0,0,0,0,0,0,0,0,1,1,0,0,0,0,0,,0,0,0,0,0,0,0,0,0,0,0,0,0,0,0,1,,,,,,41-45,36-45,County road,R,Friday,Unknown,PV,Not Fatal,0,1,1,0,County Road,County Sheriff,Snohomish County Sheriff's Office,0,0,1,0,0,,,,,,0,0,0,,,,,,,,,,,0,0,0,0,,,,,20,7,,,,,,,,,,,,,,,
2019,302,634304,35,08-30-2019,20:39,30,8,Aug,,53,Pierce,0,1,0,2,1,2,1,0,3,2,,,,12,0,6,Angle,4.7,2,0,2,4 Way,5,2,2,4,0,0,20,3,CR-128TH ST E,78TH AVE E,-122.3254861,47.14029722,98373,0,2,82,Turn Into Opp Direction(Turning Left),66,4,35,34,0,0,1,5,12,1,2,2,1,11,Turning Red: Permitted on red,2,2,53,,0,48,401,1998,0,0,63,53,31,35,67,1,1,1,36,1,7,,4,7,3,0,11,0,07/27/2019,19:58,53034878,34878,0,0,0,3,1,58,0,0,0,96,,,,,,99,,,,,,98360,53,69,170,6,1,0,1,0,1,,0,,,,,,4,08-15-2014,08-15-2017,20,0,0,0,0,9,8,,,0,0,0,8,9,2,321,351,605,1,1,1,2,1,0.105,,,,,,,,,,,,,,,,,,,,,,,,,,,,,,0,0,0,0,1,1,1,1,1,0,0,0,1,0,0,0,0,0,0,0,0,0,0,0,0,0,0,0,0,1,0,0,0,0,0,,1,0,0,0,0,1,1,1,0,1,0,0,0,0,0,1,,,,,,36-40,36-45,State route,U,Saturday,Belt Used,PV,White,0,1,0,0,State Route,State Patrol,Washington State Patrol,1,1,0,0,0,thc,50,carboxy-thc,190,,0,0,1,1,,,,,695,,,,,0,0,0,1,,,,,20,7,,,,,,,nms,,,,,,,,
2019,302,634303,35,08-30-2019,20:39,30,8,Aug,,53,Pierce,0,1,0,2,1,2,1,0,3,2,,,,12,0,6,Angle,4.7,2,0,2,4 Way,5,2,2,4,0,0,0,0,CR-128TH ST E,78TH AVE E,-122.3254861,47.14029722,98373,0,1,83,Others,17,2,35,80,0,0,1,7,12,1,2,2,1,1,Going Straight,1,1,53,,0,53,703,2004,0,0,68,64,19,,,,1,1,63,8,7,,4,7,20,7,11,0,07-12-2019,14:30,53031224,31224,0,0,0,1,1,0,0,0,0,92,,,,,,99,,,,,,92341,6,75,270,6,1,0,0,0,0,,0,,,,,,0,,,20,8,0,0,0,9,8,,,0,0,0,8,9,2,1,,,1,,,2,1,0.26,,,,,,,,,,,,,,,,,,,,,,,,,,,,,,0,0,1,1,1,1,0,1,0,0,0,0,0,0,0,0,1,0,0,0,0,0,0,0,0,0,0,0,1,0,0,0,0,0,1,0,0,0,0,0,0,1,0,1,1,0,0,0,0,1,0,1,,,,,,61-65,56-65,County road,R,Friday,,MC,White,0,1,0,0,County Road,County Sheriff,Okanogan County Sheriff's Office,1,0,1,0,0,,,,,,0,0,0,,,,,,,,,,,0,0,0,1,,,,,19,0,,,,,,,,,,,,,,,
2018,302,633531,146,08-27-2018,10:54,27,8,Aug,0,77,Yakima,0,1,0,1,1,2,1,0,3,2,11:00,11:25,11:45,12,0,6,Angle,7.3,2,0,2,4 Way,5,1,2,4,0,3,0,0,CR-FORT RD,LATERAL RD A,-120.4811556,46.37535,98951,0,2,86,Others,66,4,55,63,0,0,1,7,12,1,1,2,1,1,Going Straight,1,3,53,,0,63,401,2002,0,0,63,69,68,64,1,,1,1,62,1,7,,4,7,99,7,11,0,07/26/2019,12:43,53033583,33583,0,0,0,2,1,0,0,0,0,93,,,,,,99,,,,,,99224,53,70,175,1,1,1,0,1,0,,0,,,,,,0,06-15-2016,09-15-2018,20,0,0,0,0,9,8,,,0,0,0,8,9,2,605,695,,1,1,,2,1,0.3,,,,,,,,,,,,,,,,,,,,,,,,,,,,,,0,0,1,0,1,1,1,1,1,0,0,0,0,1,0,0,1,0,0,0,0,0,0,0,0,0,0,0,0,1,0,0,0,0,0,,1,0,0,0,0,1,1,1,1,0,0,1,0,0,0,1,,,,,,61-65,56-65,County road,R,Friday,Unknown,PV,White,0,1,0,0,County Road,County Sheriff,Spokane County Sheriff's Office,1,0,1,0,0,thc,31,carboxy-thc,15,,0,1,1,,,,,,,,,,,98,98,98,1,,,,,20,7,,,,,,,,,,,,,,,
2018,302,633530,146,08-27-2018,10:54,27,8,Aug,0,77,Yakima,0,1,0,1,1,2,1,0,3,2,11:00,11:25,11:45,12,0,6,Angle,7.3,2,0,2,4 Way,5,1,2,4,0,3,20,3,CR-FORT RD,LATERAL RD A,-120.4811556,46.37535,98951,0,1,87,Others,17,2,55,14,0,0,1,7,12,1,1,2,1,1,Going Straight,2,2,53,,0,72,706,1997,0,0,63,1,,,,,1,1,58,1,7,,4,0,20,7,11,1,08-01-2019,14:04,1.96E+11,34853,0,0,0,3,1,0,0,0,0,92,,,,,,99,,,,,,98528,53,67,180,6,1,0,0,0,0,,0,,,,,,0,,,20,8,0,0,0,9,8,,,0,0,0,8,9,2,321,,,1,,,2,1,0.14,,,,,,,,,,,,,,,,,,,,,,,,,,,,,,0,0,1,0,1,1,1,1,0,0,0,0,0,0,0,0,1,0,0,0,0,0,0,0,0,0,0,0,1,0,0,0,0,0,1,0,0,0,0,0,0,1,1,1,1,0,0,0,0,0,0,1,,,,,,56-60,56-65,County road,R,Sunday,,MC,White,0,1,0,0,County Road,County Sheriff,Mason County Sheriff's Office,1,0,1,0,0,,,,,,0,0,0,,,,,,,,,,,0,0,0,1,,,,,19,0,,,,,,,,,,,,,,,
2017,302,632744,155,08-13-2017,01:07,13,8,Aug,0,33,King,980,10,0,3,2,2,1,0,1,1,,,,42,0,0,No vehicle,0,1,0,1,No intersection,4,2,4,6,0,0,0,0,NW GILMAN BLVD,,-122.0464361,47.54299444,98029,0,1,6,Drive off road,12,2,35,6,0,0,1,5,42,1,1,4,2,1,Going Straight,1,1,53,,0,85,881,2018,0,0,12,,,,,,1,1,45,1,0,,0,0,3,0,11,0,,,,,6,1,0,3,1,0,0,0,0,96,,,,,,0,,,,,,98932,53,66,200,6,1,0,1,0,1,,0,,,,,,0,04-15-2016,07-15-2019,20,0,0,0,8,9,8,,,0,0,0,8,0,8,95,,,96,,,8,95,995,,,,,,,,,,,,,,,,,,,,,,,,,,,,,,0,0,0,0,1,1,0,1,0,0,0,0,1,1,0,0,0,0,0,0,0,0,0,1,1,0,0,0,0,1,1,0,0,0,0,,0,0,0,0,0,0,0,0,0,0,0,0,0,0,0,0,,,,,,41-45,36-45,County road,R,Tuesday,,MHTRUCK,Not Fatal,0,1,1,0,County Road,State Patrol,Washington State Patrol,0,0,1,0,0,,,,,,0,0,0,,,,,,,,,,,98,98,98,0,,,,,20,7,,,,,,,,,,,,,,,