year,something,Cases,repjur,crash_dt,crash_tm,accday,Month,Month,holiday,county,co_char,city,weather,weather2,lightcond,surfcond,surftype,Number of Fatalities,nmforms,pforms,vforms,not_tm,arr_tm,hosp_tm,fhevent,hitrun,Manner of Collision,Manner of Collision,milepnt,reljunc,reljuncinter,intersectiontype,Intersection Type,funcsystem,landuse,ownership,route,schlbus,spejur,contdev,devfunc,trafid1,trafid2,x,y,zipcode,wk_zone,vnumber,crashtype,Crash Type,criticalevent,criticaleventcat,spdlim,body,trailer,emerg,hazcargo,leave,mhevent,roadalgn,roadprof,traflane,trafflow,Vehicle Manure,Vehicle Manure,numoccs,regowner,regstate,,spuse,make,model,modelyr,vrf1,vrf2,seqevent1,seqevent2,seqevent3,seqevent4,seqevent5,seqevent6,pnumber,ptype,age,sex,hispanic,race,injury,diedscene,restraint,restraintmisuse,seatpos,takehosp,death_dt,death_tm,cert,cernum_wa,commlic,licendor,licrestrict,liccomp,drivpres,drf1,drf2,drf3,drf4,distract1,distract2,distract3,distract4,distract5,distract6,dricond1,dricond2,dricond3,dricond4,dricond5,dricond6,dzip,licstate,drhgt_in,weight,noncdl,noncdltype,prevdwi,prevoth,prevacc,prevspd,prevsus,driviol1,driviol2,driviol3,driviol4,driviol5,driviol6,spdrel,first_dt,last_dt,airbag,ejection,ejectpath,extricat,injurwrk,methalc,methdrug,nmlocat,strikveh,prf1,prf2,prf3,druginv,alcinvol,drugsts,drugres1,drugres2,drugres3,drugtst1,drugtst2,drugtst3,alcsts,alctst,alcres,nmact1,nmact2,nmact3,nmact4,nmact5,nmact6,nmprior1,nmprior2,nmprior3,nmprior4,nmprior5,nmprior6,nmcond1,nmcond2,nmcond3,nmcond4,nmcond5,nmcond6,nmsafe_helmet,nmsafe_pads,nmsafe_oth,nmprev_ref,nmprev_lgt,nmprev_oth,crashlocation,nmcrashtype,crosswalk,schoolzone,sidewalk,train_inv,wildlife_inv,rotr_fars,intersect_fars,Drink and Drive,aid_inv,Drug Positive Drivers,Impaired Drivers,Marijuana Positive,impnm_inv,ainm_inv,dpnm_inv,speed_inv,unlic_inv,unendmc_inv,drowsy_inv,drdist_inv,nmdist_inv,fty_inv,unrestfat_inv,dr1617_inv,dr1820_inv,dr1620_inv,dr2125_inv,dr1625_inv,dr65_inv,dr70_inv,dr75_inv,mc_inv,pv_inv,ht_inv,ped_inv,bike_inv,unrest_fat,mc_fat,unhelmet_mc,pv_fat,ht_fat,ped_fat,bike_fat,dr_alc7,dr_alc8,dr_drug,dr_imp,dr_dist,dr_spd,dr_fty,dr_unlic,dr_alc7only,dr_alc8only,dr_drugonly,dr_drink,nm_imp,nm_alc7,nm_alc8,nm_drug,nm_dist,agegrp1,agegrp2,roadclass,urbrur,dayweek,restuse,vehtype,race_me,intersect,lanedep,oppdir,wrongway,rep_typ,investag,repag_long,rotr,st_rd,cty_rd,city_rd,oth_rd,drug_thc,thc_res,drug_cthc,cthc_res,drug_cann,prevpersemin,prevperse,prevsusoth,drugtst4,drugtst5,drugtst6,drugtst7,drugtst8,drugres4,drugres5,drugres6,drugres7,drugres8,adspresent,adsengaged,adslevel,race1,race2,race3,race4,race5,helmet,helmetmisuse,nmdistract1,nmdistract2,nmdistract3,nmdistract4,nmdistract5,nmdistract6,lab,isedtcase,crf1,crf2,crf3,CoRoadName,CoMP,IntCoRoadName,IntCoMP
2021,302,635816,160,08-15-2021,02:39,15,8,Aug,,33,King,1030,1,,3,1,2,1,1,1,1,,,,9,1,0,No vehicle,0,1,0,1,No intersection,5,2,4,6,0,0,0,0,W SMITH ST,,-122.2397389,47.38308056,98032,0,1,13,Pedestrian/Animal,83,5,35,99,0,0,1,5,9,1,1,4,1,1,Going Straight,99,9,99,,0,42,31,1992,0,0,68,68,68,64,69,12,1,1,21,1,1,,4,7,3,0,11,0,07/23/2019,00:38,53032958,32958,0,0,0,2,1,28,0,0,0,96,,,,,,9,,,,,,98944,53,66,155,1,1,0,1,0,1,,0,,,,,,4,07-15-2018,08-15-2018,1,0,0,0,0,1,8,,,0,0,0,8,1,2,1,,,1,,,2,1,0.21,,,,,,,,,,,,,,,,,,,,,,,,,,,,,,0,0,0,0,1,1,0,1,0,0,0,0,1,1,0,0,0,0,0,0,0,0,0,1,1,0,0,0,0,1,1,0,0,0,0,,1,0,0,0,0,1,0,1,0,1,0,1,0,1,0,1,,,,,,21-25,16-25,County road,R,Tuesday,Belt Used,PV,Hispanic,0,1,1,0,County Road,State Patrol,Washington State Patrol,0,0,1,0,0,,,,,,1,0,1,,,,,,,,,,,0,0,0,201,298,,,,20,7,,,,,,,,,,,,,,,
2020,302,635005,55,08-21-2020,05:13,21,8,Aug,,33,King,100,10,,3,1,2,1,1,1,1,,,,8,1,0,No vehicle,0,1,0,1,No intersection,4,2,4,6,0,0,0,0,C ST SW,,-122.2309861,47.27655833,98001,0,1,13,Pedestrian/Animal,80,5,45,99,0,0,1,5,8,1,1,4,1,1,Going Straight,99,9,99,,0,12,462,2016,0,0,12,63,1,,,,1,1,60,1,0,,1,0,99,7,11,4,,,,,0,0,0,3,1,0,0,0,0,96,,,,,,0,,,,,,98947,53,66,165,6,1,0,0,2,0,,0,,,,,,0,02-15-2017,04-15-2017,8,0,0,0,8,9,8,,,0,0,0,8,0,8,95,,,96,,,8,95,995,,,,,,,,,,,,,,,,,,,,,,,,,,,,,,0,0,0,1,0,0,0,0,0,0,0,0,0,0,0,0,0,0,0,0,0,0,0,0,0,0,0,0,0,1,1,0,0,0,0,,0,0,0,0,0,0,0,0,0,0,0,0,0,0,0,0,,,,,,56-60,56-65,County road,R,Thursday,Unknown,PV,Not Fatal,1,0,0,0,County Road,County Sheriff,Yakima County Sheriff's Office,0,0,1,0,0,,,,,,0,0,0,,,,,,,,,,,98,98,98,0,,,,,20,7,,,,,,,,,,,,,,,
2019,303,634305,4,08-29-2019,19:50,29,8,Aug,,43,Lincoln,0,1,0,5,1,2,1,0,1,1,,,,1,0,0,No vehicle,225.3,1,0,1,No intersection,3,1,1,2,0,0,0,0,US-2,,-118.473525,47.73735833,99117,0,1,2,Control/Traction Loss,6,1,60,3,0,0,1,7,1,2,1,2,1,14,Making a U turn,1,1,48,,0,7,881,2018,0,0,12,,,,,,1,1,27,1,0,,0,0,3,0,11,0,,,,,6,0,0,3,1,39,0,0,0,96,,,,,,0,,,,,,98908,53,68,205,6,1,0,0,0,1,,97,,,,,,0,07-15-2016,11-15-2016,1,0,0,0,8,9,8,,,0,0,0,8,0,8,95,,,96,,,8,95,995,,,,,,,,,,,,,,,,,,,,,,,,,,,,,,0,0,0,1,0,0,0,0,0,0,0,0,0,0,0,0,0,0,0,0,0,0,0,0,0,0,0,0,0,1,1,0,0,0,0,,0,0,0,0,0,0,0,0,0,0,0,0,0,0,0,0,,,,,,26-30,26-35,County road,R,Thursday,,MHTRUCK,Not Fatal,1,0,0,0,County Road,County Sheriff,Yakima County Sheriff's Office,0,0,1,0,0,,,,,,0,0,1,,,,,,,,,,,98,98,98,0,,,,,20,7,,,,,,,,,,,,,,,
2021,303,635818,2,08-08-2021,15:50,8,8,Aug,,61,Snohomish,0,1,,1,1,2,1,0,2,2,,,,12,0,1,Front-to-Rear,196.4,1,0,1,No intersection,1,2,1,1,0,0,0,0,I-5,,-122.1747583,48.01326389,98201,0,2,25,Others,53,3,60,80,0,0,1,2,12,1,1,3,3,1,Going Straight,1,1,53,,6,12,870,2019,0,0,8,,,,,,1,1,32,1,0,,0,0,99,7,11,0,,,,,0,0,3,3,1,10,0,0,0,96,,,,,,0,,,,,,98208,53,74,200,6,1,0,0,0,0,,0,,,,,,0,,,20,0,0,0,8,9,8,,,0,0,0,8,0,8,95,,,96,,,8,95,995,,,,,,,,,,,,,,,,,,,,,,,,,,,,,,0,0,0,0,0,0,0,0,0,1,1,0,0,0,0,0,0,0,0,0,0,0,0,0,0,0,0,0,0,0,1,1,0,0,0,,0,0,0,0,0,0,0,0,0,0,0,0,0,0,0,0,,,,,,31-35,26-35,State route,U,Saturday,,MHTRUCK,Not Fatal,0,0,0,0,State Route,Municipal/City Police,Marysville Police Department,0,1,0,0,0,,,,,,0,0,0,,,,,,,,,,,98,98,98,0,,,,,20,7,,,,,,,,,,,,,,,
2021,303,635817,2,08-08-2021,15:50,8,8,Aug,,61,Snohomish,0,1,,1,1,2,1,0,2,2,,,,12,0,1,Front-to-Rear,196.4,1,0,1,No intersection,1,2,1,1,0,0,0,0,I-5,,-122.1747583,48.01326389,98201,0,1,24,Others,51,3,60,4,0,0,1,2,1,1,1,3,3,1,Going Straight,1,2,53,,0,71,706,2018,0,0,63,35,,,,,1,1,32,1,7,,4,7,20,7,11,0,07/24/2019,14:12,53033572,33572,0,0,0,2,1,0,0,0,0,96,,,,,,99,,,,,,98225,53,69,130,6,1,0,1,1,1,,0,,,,,,0,12-15-2015,04-15-2017,20,8,0,0,0,9,8,,,0,0,0,8,0,2,1,,,1,,,2,1,0,,,,,,,,,,,,,,,,,,,,,,,,,,,,,,0,0,1,0,0,0,0,0,0,0,0,0,0,0,1,0,0,0,0,0,0,0,0,0,0,0,0,0,1,0,0,0,0,0,1,0,0,0,0,0,0,0,0,0,0,0,0,0,0,0,0,0,,,,,,31-35,26-35,County road,R,Wednesday,,MC,White,0,1,0,0,County Road,State Patrol,Washington State Patrol,1,0,1,0,0,,,,,,0,0,0,,,,,,,,,,,0,0,0,1,,,,,5,0,,,,,,,,,,,,,,,
2018,303,633533,146,08-31-2018,05:30,31,8,Aug,0,77,Yakima,0,1,0,4,1,2,1,0,2,2,,,,12,0,6,Angle,4.1,2,0,2,4 Way,5,1,2,4,0,0,0,0,CR-INDEPENDENCE RD,MAPLE GROVE RD,-120.041,46.37469167,98944,0,2,87,Others,66,4,50,2,0,0,1,7,12,1,1,2,1,1,Going Straight,1,1,53,,0,12,471,9999,0,0,9,,,,,,1,1,999,8,0,,9,0,99,7,11,8,,,,,99,9,9,9,1,0,0,0,0,92,,,,,,99,,,,,,99999,98,,999,9,9,99,99,99,99,,97,,,,,,0,,,99,9,0,0,8,9,8,,,0,0,0,8,9,0,0,,,0,,,0,0,996,,,,,,,,,,,,,,,,,,,,,,,,,,,,,,0,0,0,0,0,0,0,0,0,1,1,1,0,0,0,0,1,1,0,0,0,0,0,0,0,0,0,0,0,1,0,0,1,0,0,,0,0,0,0,0,0,0,0,1,0,0,0,0,0,0,0,,,,,,,,City street,U,Thursday,Unknown,PV,Not Fatal,0,0,0,0,City Street,Municipal/City Police,Sumner Police Department,0,0,0,1,0,,,,,,99,99,99,,,,,,,,,,,98,98,98,0,,,,,20,7,,,,,,,,,,,,,,,
2018,303,633532,146,08-31-2018,05:30,31,8,Aug,0,77,Yakima,0,1,0,4,1,2,1,0,2,2,,,,12,1,6,Angle,4.1,2,0,2,4 Way,5,1,2,4,0,0,20,3,CR-INDEPENDENCE RD,MAPLE GROVE RD,-120.041,46.37469167,98944,0,1,86,Others,17,2,50,2,0,0,1,7,12,1,1,2,1,1,Going Straight,1,2,53,,0,7,472,2003,0,0,10,,,,,,1,1,55,1,7,,4,0,99,7,11,5,07/26/2019,23:54,24053033900,33900,0,0,3,3,1,39,0,0,0,96,,,,,,99,,,,,,98607,53,73,200,6,1,0,0,0,0,,0,,,,,,0,,,8,1,9,0,0,9,8,,,0,0,0,8,0,8,95,,,96,,,0,0,996,,,,,,,,,,,,,,,,,,,,,,,,,,,,,,1,0,0,0,0,0,0,0,0,0,0,0,0,0,0,0,0,0,0,0,0,0,0,0,0,0,0,0,0,1,0,0,0,0,0,,1,0,0,0,0,0,0,0,0,0,0,0,0,0,0,0,,,,,,51-55,46-55,City street,U,Monday,Unknown,PV,White,1,0,0,0,City Street,Municipal/City Police,Camas Police Department,0,0,0,1,0,,,,,,0,0,0,,,,,,,,,,,98,98,98,1,,,,,20,7,,,,,,,,,,,,,,,
2017,303,632746,3,08-13-2017,13:58,13,8,Aug,0,67,Thurston,0,1,0,1,1,2,1,1,1,1,,,,9,0,0,No vehicle,30.7,1,0,1,No intersection,4,2,1,3,0,0,0,0,SR-507,,-122.5691694,46.93229167,98597,0,1,13,Pedestrian/Animal,11,2,45,34,0,0,1,2,9,1,2,2,1,1,Going Straight,1,2,53,,0,49,472,2016,0,0,8,8,,,,,1,1,37,1,0,,0,0,3,0,11,0,,,,,0,0,0,3,1,0,0,0,0,0,,,,,,0,,,,,,98942,53,67,170,6,1,0,0,0,0,,97,,,,,,0,,,20,0,0,0,8,9,2,,,0,0,0,0,0,0,0,,,0,,,0,0,996,,,,,,,,,,,,,,,,,,,,,,,,,,,,,,0,0,0,1,0,0,0,0,0,1,0,1,0,0,0,0,0,0,0,0,0,0,0,0,0,0,0,0,0,1,0,1,0,0,0,,0,0,0,0,0,0,0,0,0,0,0,0,0,0,0,0,,,,,,36-40,36-45,US highway,U,Friday,Belt Used,PV,Not Fatal,1,0,0,0,State Route,State Patrol,Washington State Patrol,0,1,0,0,0,,,,,,0,0,0,,,,,,,,,,,98,98,98,0,,,,,20,7,,,,,,,,,,,,,,,
2020,303,635006,39,08-08-2020,00:38,8,8,Aug,,61,Snohomish,0,1,,2,1,2,1,1,1,1,00:40,00:46,01:18,8,1,0,No vehicle,0.2,1,0,1,No intersection,3,1,2,4,0,0,0,0,CR-110TH ST SE,,-122.1901444,47.89827778,98208,0,1,98,Others,13,2,25,99,0,0,1,5,8,2,2,2,1,14,Making a U turn,99,9,99,,0,49,402,2019,0,0,12,,,,,,1,1,72,1,0,,1,0,3,0,11,0,,,,,0,0,3,3,1,0,0,0,0,0,,,,,,0,,,,,,98053,53,72,201,6,1,0,0,0,0,,0,,,,,,0,,,20,0,0,0,8,9,8,,,0,0,0,8,0,8,95,,,96,,,8,95,995,,,,,,,,,,,,,,,,,,,,,,,,,,,,,,0,0,0,0,0,0,1,1,0,0,0,0,1,0,0,0,1,0,0,0,0,0,0,0,0,1,1,0,0,1,1,0,0,0,0,,0,0,0,0,0,0,0,0,0,0,0,0,0,0,0,0,,,,,,71-75,66-75,Interstate,U,Wednesday,Belt Used,PV,Not Fatal,0,0,0,0,State Route,State Patrol,Washington State Patrol,0,1,0,0,0,,,,,,0,0,0,,,,,,,,,,,98,98,98,0,,,,,20,7,,,,,,,,,,,,,,,
2017,304,632750,2,08-07-2017,12:36,7,8,Aug,0,57,Skagit,0,1,0,1,1,2,1,0,3,2,,,,12,0,6,Angle,145.5,1,0,1,No intersection,4,1,1,3,0,0,0,0,SR-20,,-120.8589944,48.65395278,,0,2,98,Others,63,4,50,4,0,0,1,2,12,3,2,2,1,14,Making a U turn,2,1,30,,0,12,881,2000,0,0,12,12,,,,,1,1,34,1,0,,3,0,3,0,11,4,,,,,0,0,0,3,1,0,0,0,0,0,,,,,,0,,,,,,98292,53,71,233,6,1,0,0,0,0,,0,,,,,,0,,,20,0,0,0,8,9,8,,,0,0,0,8,0,8,95,,,96,,,8,95,995,,,,,,,,,,,,,,,,,,,,,,,,,,,,,,0,0,0,0,0,0,1,1,0,0,0,0,1,0,0,0,1,0,0,0,0,0,0,0,0,1,1,0,0,1,1,0,0,0,0,,0,0,0,0,0,0,0,0,0,0,0,0,0,0,0,0,,,,,,31-35,26-35,Interstate,U,Wednesday,,MHTRUCK,Not Fatal,0,0,0,0,State Route,State Patrol,Washington State Patrol,0,1,0,0,0,,,,,,0,0,0,,,,,,,,,,,98,98,98,0,,,,,20,7,,,,,,,,,,,,,,,
2021,304,635819,4,08-15-2021,16:03,15,8,Aug,,1,Adams,0,1,,1,1,2,1,0,4,1,,,,1,0,0,No vehicle,210.4,1,0,1,No intersection,1,1,1,1,0,0,0,0,I-90,,-118.5603861,47.11121111,,0,1,6,Drive off road,12,2,70,20,0,0,1,2,1,1,2,2,2,1,Going Straight,4,1,53,,0,12,481,1998,0,0,12,,,,,,1,1,49,1,7,,4,0,3,0,11,4,07/29/2019,11:22,1.96E+11,35057,0,0,3,3,1,26,0,0,0,93,,,,,,0,,,,,,98531,53,71,250,6,1,0,2,1,1,,23,,,,,,4,07-15-2016,04-15-2019,1,0,0,0,0,9,8,,,0,0,0,8,0,2,996,,,1,,,2,1,0,,,,,,,,,,,,,,,,,,,,,,,,,,,,,,0,0,0,0,0,0,1,1,0,0,0,0,1,0,0,0,1,0,0,0,0,0,0,0,0,1,1,0,0,1,1,0,0,0,0,,1,0,0,0,0,0,1,1,1,1,0,0,0,0,1,0,,,,,,46-50,46-55,Interstate,U,Wednesday,Belt Used,PV,White,0,0,0,0,State Route,State Patrol,Washington State Patrol,0,1,0,0,0,,,,,,0,0,0,,,,,,,,,,,0,0,0,1,,,,,20,7,,,,,,,,,,,,,,,
2020,304,635008,146,07-26-2020,11:33,26,7,July,,77,Yakima,0,1,,1,1,2,1,0,6,2,11:40,11:49,12:23,12,0,6,Angle,5.1,2,0,2,4 Way,5,1,2,4,0,0,0,0,CR-SCOON RD,INDEPENDENCE RD,-120.0199917,46.37454444,98944,0,2,88,Striking from the Left,66,4,50,34,0,0,1,5,12,1,1,2,1,1,Going Straight,2,3,53,,0,51,881,2015,0,0,12,,,,,,1,1,53,1,0,,2,0,3,0,11,4,,,,,6,1,3,3,1,0,0,0,0,96,,,,,,0,,,,,,98933,53,72,160,6,1,0,1,0,0,,0,,,,,,0,09-15-2017,09-15-2017,20,0,0,0,8,9,8,,,0,0,0,8,1,0,0,,,0,,,0,0,996,,,,,,,,,,,,,,,,,,,,,,,,,,,,,,0,0,0,0,1,0,0,0,0,0,0,0,0,0,0,0,0,0,0,1,0,0,0,0,0,1,1,0,0,1,1,0,0,0,0,,0,0,0,0,0,0,0,0,0,0,0,0,0,0,0,1,,,,,,51-55,46-55,State route,U,Tuesday,,MHTRUCK,Not Fatal,0,0,0,1,State Route,State Patrol,Washington State Patrol,0,1,0,0,0,,,,,,0,0,0,,,,,,,,,,,98,98,98,0,,,,,20,7,,,,,,,,,,,,,,,
2020,304,635007,146,07-26-2020,11:33,26,7,July,,77,Yakima,0,1,,1,1,2,1,0,6,2,11:40,11:49,12:23,12,0,6,Angle,5.1,2,0,2,4 Way,5,1,2,4,0,0,20,3,CR-SCOON RD,INDEPENDENCE RD,-120.0199917,46.37454444,98944,0,1,89,Others,17,2,50,34,0,0,1,2,12,1,1,2,1,1,Going Straight,4,0,53,,0,42,43,2000,0,0,12,,,,,,1,1,72,1,7,,4,7,20,7,11,0,07/16/2019,04:47,53031767,31767,0,0,0,3,1,51,0,0,0,96,,,,,,0,,,,,,98058,53,72,200,6,1,0,0,0,0,,0,,,,,,0,,,1,0,0,0,0,9,8,,,0,0,0,8,0,2,1,,,1,,,2,1,0,,,,,,,,,,,,,,,,,,,,,,,,,,,,,,0,0,0,0,1,0,0,0,0,0,0,0,0,0,0,0,0,0,0,1,0,0,0,0,0,1,1,0,0,1,1,0,0,1,0,,1,0,0,0,0,0,0,0,0,0,0,0,0,0,0,0,,,,,,71-75,66-75,State route,U,Tuesday,Not Used,PV,API,0,0,0,1,State Route,State Patrol,Washington State Patrol,0,1,0,0,0,,,,,,0,0,0,,,,,,,,,,,98,98,98,18,,,,,20,7,,,,,,,,,,,,,,,
2019,304,634306,120,08-23-2019,10:40,23,8,Aug,,33,King,670,1,0,1,1,2,1,1,1,1,,,,8,0,0,No vehicle,15.7,3,0,2,4 Way,3,2,1,3,0,0,3,3,SR-410,GARRETT ST,-121.98825,47.19941389,98022,0,1,13,Pedestrian/Animal,80,5,25,34,0,0,1,5,8,1,1,3,1,11,Turning Red: Permitted on red,1,1,53,,0,2,404,1999,0,0,63,69,68,64,1,42,1,1,24,1,7,,4,7,3,0,11,0,07-02-2019,10:20,53029679,29679,0,0,0,3,1,58,0,0,0,96,,,,,,9,,,,,,98266,53,74,185,6,1,0,0,0,0,,0,,,,,,0,,,20,0,0,0,0,1,8,,,0,0,0,1,1,2,605,695,,1,1,,2,1,0.098,,,,,,,,,,,,,,,,,,,,,,,,,,,,,,0,0,0,0,1,1,1,1,1,0,0,0,0,0,0,0,0,0,0,0,0,0,0,1,1,0,0,0,0,1,0,0,0,0,0,,1,0,0,0,0,1,1,1,0,0,0,0,0,0,0,1,,,,,,21-25,16-25,State route,R,Tuesday,Belt Used,PV,White,0,1,0,0,State Route,State Patrol,Washington State Patrol,1,1,0,0,0,thc,8,carboxy-thc,8.9,,0,0,0,,,,,,,,,,,0,0,0,1,,,,,20,7,,,,,,,,,,,,,,,
2018,304,633534,2,09-04-2018,19:18,4,9,Sep,0,73,Whatcom,0,1,0,1,1,4,1,0,1,1,,,,42,0,0,No vehicle,9999.9,1,0,1,No intersection,7,1,64,8,0,0,0,0,FS RD 1130,,-121.6983261,48.7626636,,0,1,1,Driver Off Road,13,2,98,34,0,0,1,2,42,1,2,8,8,1,Going Straight,1,2,53,,0,63,38,2017,0,0,12,,,,,,1,1,38,1,0,,0,0,3,0,11,0,,,,,0,0,3,3,1,0,0,0,0,0,,,,,,0,,,,,,98349,53,74,260,6,1,0,0,0,0,,0,,,,,,0,,,20,0,0,0,8,9,8,,,0,0,0,8,0,8,95,,,96,,,8,95,995,,,,,,,,,,,,,,,,,,,,,,,,,,,,,,0,0,0,0,0,0,0,0,0,0,0,0,0,0,0,0,0,0,0,0,0,0,0,0,0,1,0,0,0,1,0,0,0,0,0,,0,0,0,0,0,0,0,0,0,0,0,0,0,0,0,0,,,,,,36-40,36-45,City street,U,Saturday,Belt Used,PV,Not Fatal,0,0,0,0,City Street,State Patrol,Washington State Patrol,0,0,0,1,0,,,,,,0,0,0,,,,,,,,,,,98,98,98,0,,,,,20,7,,,,,,,,,,,,,,,
2017,304,632749,2,08-07-2017,12:36,7,8,Aug,0,57,Skagit,0,1,0,1,1,2,1,0,3,2,,,,12,0,6,Angle,145.5,1,0,1,No intersection,4,1,1,3,0,0,0,0,SR-20,,-120.8589944,48.65395278,,0,1,98,Others,10,2,50,80,0,0,1,2,12,2,2,2,1,14,Making a U turn,1,1,95,,0,12,401,1999,0,0,71,38,41,12,25,,1,1,66,1,7,,4,0,99,7,11,4,07/13/2019,14:25,2.23E+11,31618,0,0,3,3,1,0,0,0,0,0,,,,,,1,,,,,,98405,53,75,210,6,1,0,0,0,0,,0,,,,,,0,,,1,0,0,0,0,9,8,,,0,0,0,8,9,8,95,,,96,,,8,95,995,,,,,,,,,,,,,,,,,,,,,,,,,,,,,,0,0,0,0,0,0,0,0,0,0,0,0,0,0,0,0,0,0,0,0,0,0,0,0,0,1,0,0,0,1,0,0,0,0,0,,1,0,0,0,0,0,0,0,0,0,0,0,0,0,0,0,,,,,,66-70,66-75,City street,U,Saturday,Unknown,PV,White,0,0,0,0,City Street,State Patrol,Washington State Patrol,0,0,0,1,0,,,,,,0,0,0,,,,,,,,,,,0,0,0,1,,,,,20,7,,,,,,,,,,,,,,,
2019,305,634307,39,08-23-2019,14:48,23,8,Aug,,61,Snohomish,0,1,0,1,1,2,1,0,1,1,,,,42,0,0,No vehicle,1.9,1,0,1,No intersection,3,1,2,4,0,0,0,0,CR-RIVERSHORE RD,,-122.1693111,47.93106111,98290,0,1,1,Driver Off Road,13,2,35,87,0,0,1,5,42,3,1,8,1,14,Making a U turn,1,3,46,,0,73,706,2013,0,0,63,39,,,,,1,1,71,1,7,,4,7,20,7,11,0,07/18/2019,14:41,53032270,32270,0,0,0,3,1,0,0,0,0,96,,,,,,99,,,,,,97124,41,71,220,6,1,0,0,0,1,,0,,,,,,0,02-15-2016,02-15-2016,20,8,0,0,0,9,8,,,0,0,0,8,9,8,95,,,96,,,8,95,995,,,,,,,,,,,,,,,,,,,,,,,,,,,,,,0,0,1,0,0,0,0,0,0,0,0,0,0,0,0,0,0,0,0,0,0,0,0,0,0,1,1,0,1,0,0,0,0,0,1,0,0,0,0,0,0,0,0,0,0,0,0,0,0,0,0,0,,,,,,71-75,66-75,State route,R,Thursday,,MC,White,0,1,0,0,State Route,State Patrol,Washington State Patrol,1,1,0,0,0,,,,,,0,0,0,,,,,,,,,,,0,0,0,1,,,,,19,0,,,,,,,,,,,,,,,
2021,305,635823,248,08-16-2021,17:01,16,8,Aug,,33,King,1830,1,,1,1,1,1,0,6,4,,,,12,0,6,Angle,0,2,0,2,4 Way,4,2,4,6,0,0,3,3,LIND AVE SW,SW 16th St,-122.2233417,47.46608056,98057,0,4,98,Others,62,4,35,14,0,0,1,5,12,1,1,5,1,5,Others,1,2,53,,0,48,38,2008,0,0,63,32,35,1,,,1,1,29,1,1,,4,7,99,7,11,0,07/20/2019,15:41,53032507,32507,0,0,0,3,1,0,0,0,0,96,,,,,,99,,,,,,98815,53,67,210,6,1,0,0,1,1,,0,,,,,,3,11-15-2015,03-15-2019,1,9,0,0,0,9,8,,,0,0,0,8,9,8,95,,,96,,,8,95,995,,,,,,,,,,,,,,,,,,,,,,,,,,,,,,0,0,1,0,0,0,0,0,0,0,0,0,1,0,0,0,0,0,0,0,0,0,0,0,0,0,0,0,0,1,0,0,0,0,0,,1,0,0,0,0,0,0,0,0,1,0,0,0,0,0,0,,,,,,26-30,26-35,County road,R,Saturday,Unknown,PV,Hispanic,0,1,0,0,County Road,County Sheriff,Chelan County Sheriff's Office,1,0,1,0,0,,,,,,0,0,0,,,,,,,,,,,98,98,98,1,,,,,20,7,,,,,,,,,,,,,,,
2021,305,635822,248,08-16-2021,17:01,16,8,Aug,,33,King,1830,1,,1,1,1,1,0,6,4,,,,12,0,6,Angle,0,2,0,2,4 Way,4,2,4,6,0,0,3,3,LIND AVE SW,SW 16th St,-122.2233417,47.46608056,98057,0,3,98,Others,62,4,35,14,0,0,1,2,12,1,1,5,1,5,Others,1,1,53,,0,85,881,2014,0,0,8,,,,,,1,1,58,1,0,,0,0,3,0,11,0,,,,,0,0,0,2,1,0,0,0,0,96,,,,,,0,,,,,,98223,53,66,150,1,1,0,3,1,0,,97,,,,,,0,03-15-2017,07-15-2018,20,0,0,0,8,9,8,,,0,0,0,8,0,8,95,,,96,,,8,95,995,,,,,,,,,,,,,,,,,,,,,,,,,,,,,,0,0,0,0,0,0,0,0,0,1,0,1,0,1,0,0,0,0,0,0,0,0,0,0,0,0,0,0,0,0,1,1,0,0,0,,0,0,0,0,0,0,0,0,0,0,0,1,0,0,0,0,,,,,,56-60,56-65,City street,U,Thursday,,MHTRUCK,Not Fatal,0,0,0,0,State Route,Municipal/City Police,Tacoma Police Department,0,1,0,0,0,,,,,,0,0,2,,,,,,,,,,,98,98,98,0,,,,,20,7,,,,,,,,,,,,,,,
2021,305,635820,248,08-16-2021,17:01,16,8,Aug,,33,King,1830,1,,1,1,1,1,0,6,4,,,,12,0,6,Angle,0,2,0,2,4 Way,4,2,4,6,0,0,3,3,LIND AVE SW,SW 16th St,-122.2233417,47.46608056,98057,0,1,87,Others,17,2,35,21,0,0,1,2,12,1,1,5,1,1,Going Straight,1,3,53,,0,49,40,1989,0,0,12,,,,,,1,1,63,1,7,,4,7,3,0,11,0,07-10-2019,06:59,53031127,31127,0,0,0,2,1,0,0,0,0,96,,,,,,99,,,,,,98584,53,72,170,1,1,0,1,0,0,,0,,,,,,0,06-15-2017,01-15-2018,20,0,0,0,0,9,8,,,0,0,0,8,9,2,605,695,,1,1,,2,1,0,,,,,,,,,,,,,,,,,,,,,,,,,,,,,,0,0,0,0,0,0,1,1,1,0,0,0,1,1,0,0,0,0,0,0,0,0,0,0,0,0,0,0,0,1,0,0,0,0,0,,1,0,0,0,0,0,1,1,0,0,0,1,0,0,1,0,,,,,,61-65,56-65,US highway,R,Wednesday,Belt Used,PV,White,1,0,0,0,State Route,State Patrol,Washington State Patrol,0,1,0,0,0,thc,31,carboxy-thc,888,,0,0,2,,,,,,,,,,,0,0,0,1,,,,,20,7,,,,,,,,,,,,,,,