year,something,Cases,repjur,crash_dt,crash_tm,accday,Month,Month,holiday,county,co_char,city,weather,weather2,lightcond,surfcond,surftype,Number of Fatalities,nmforms,pforms,vforms,not_tm,arr_tm,hosp_tm,fhevent,hitrun,Manner of Collision,Manner of Collision,milepnt,reljunc,reljuncinter,intersectiontype,Intersection Type,funcsystem,landuse,ownership,route,schlbus,spejur,contdev,devfunc,trafid1,trafid2,x,y,zipcode,wk_zone,vnumber,crashtype,Crash Type,criticalevent,criticaleventcat,spdlim,body,trailer,emerg,hazcargo,leave,mhevent,roadalgn,roadprof,traflane,trafflow,Vehicle Manure,Vehicle Manure,numoccs,regowner,regstate,,spuse,make,model,modelyr,vrf1,vrf2,seqevent1,seqevent2,seqevent3,seqevent4,seqevent5,seqevent6,pnumber,ptype,age,sex,hispanic,race,injury,diedscene,restraint,restraintmisuse,seatpos,takehosp,death_dt,death_tm,cert,cernum_wa,commlic,licendor,licrestrict,liccomp,drivpres,drf1,drf2,drf3,drf4,distract1,distract2,distract3,distract4,distract5,distract6,dricond1,dricond2,dricond3,dricond4,dricond5,dricond6,dzip,licstate,drhgt_in,weight,noncdl,noncdltype,prevdwi,prevoth,prevacc,prevspd,prevsus,driviol1,driviol2,driviol3,driviol4,driviol5,driviol6,spdrel,first_dt,last_dt,airbag,ejection,ejectpath,extricat,injurwrk,methalc,methdrug,nmlocat,strikveh,prf1,prf2,prf3,druginv,alcinvol,drugsts,drugres1,drugres2,drugres3,drugtst1,drugtst2,drugtst3,alcsts,alctst,alcres,nmact1,nmact2,nmact3,nmact4,nmact5,nmact6,nmprior1,nmprior2,nmprior3,nmprior4,nmprior5,nmprior6,nmcond1,nmcond2,nmcond3,nmcond4,nmcond5,nmcond6,nmsafe_helmet,nmsafe_pads,nmsafe_oth,nmprev_ref,nmprev_lgt,nmprev_oth,crashlocation,nmcrashtype,crosswalk,schoolzone,sidewalk,train_inv,wildlife_inv,rotr_fars,intersect_fars,Drink and Drive,aid_inv,Drug Positive Drivers,Impaired Drivers,Marijuana Positive,impnm_inv,ainm_inv,dpnm_inv,speed_inv,unlic_inv,unendmc_inv,drowsy_inv,drdist_inv,nmdist_inv,fty_inv,unrestfat_inv,dr1617_inv,dr1820_inv,dr1620_inv,dr2125_inv,dr1625_inv,dr65_inv,dr70_inv,dr75_inv,mc_inv,pv_inv,ht_inv,ped_inv,bike_inv,unrest_fat,mc_fat,unhelmet_mc,pv_fat,ht_fat,ped_fat,bike_fat,dr_alc7,dr_alc8,dr_drug,dr_imp,dr_dist,dr_spd,dr_fty,dr_unlic,dr_alc7only,dr_alc8only,dr_drugonly,dr_drink,nm_imp,nm_alc7,nm_alc8,nm_drug,nm_dist,agegrp1,agegrp2,roadclass,urbrur,dayweek,restuse,vehtype,race_me,intersect,lanedep,oppdir,wrongway,rep_typ,investag,repag_long,rotr,st_rd,cty_rd,city_rd,oth_rd,drug_thc,thc_res,drug_cthc,cthc_res,drug_cann,prevpersemin,prevperse,prevsusoth,drugtst4,drugtst5,drugtst6,drugtst7,drugtst8,drugres4,drugres5,drugres6,drugres7,drugres8,adspresent,adsengaged,adslevel,race1,race2,race3,race4,race5,helmet,helmetmisuse,nmdistract1,nmdistract2,nmdistract3,nmdistract4,nmdistract5,nmdistract6,lab,isedtcase,crf1,crf2,crf3,CoRoadName,CoMP,IntCoRoadName,IntCoMP
2020,305,635010,223,08-20-2020,13:58,20,8,Aug,,47,Okanogan,1600,10,,1,1,2,1,0,2,2,,,,12,0,2,Front-to-Front,6.1,1,0,1,No intersection,4,2,1,3,0,0,0,0,SR-215,,-119.5125667,48.41680556,98841,0,2,51,Lateral Move(Going Straight),62,4,35,66,0,0,1,5,12,1,1,3,5,1,Going Straight,1,3,53,,0,7,472,2007,0,0,68,12,,,,,1,1,47,2,0,,1,0,3,0,11,8,,,,,0,0,0,3,1,28,0,0,0,96,,,,,,0,,,,,,98584,53,58,140,6,1,0,0,0,0,,23,,,,,,4,,,20,0,0,0,8,9,8,,,0,0,0,8,0,8,95,,,96,,,8,95,995,,,,,,,,,,,,,,,,,,,,,,,,,,,,,,0,0,0,0,0,0,1,1,1,0,0,0,1,1,0,0,0,0,0,0,0,0,0,0,0,0,0,0,0,1,0,0,0,0,0,,0,0,0,0,0,0,0,0,0,1,0,0,0,0,0,0,,,,,,46-50,46-55,US highway,R,Wednesday,Belt Used,PV,Not Fatal,1,0,0,0,State Route,State Patrol,Washington State Patrol,0,1,0,0,0,,,,,,0,0,0,,,,,,,,,,,98,98,98,0,,,,,20,7,,,,,,,,,,,,,,,
2020,305,635009,223,08-20-2020,13:58,20,8,Aug,,47,Okanogan,1600,10,,1,1,2,1,0,2,2,,,,12,0,2,Front-to-Front,6.1,1,0,1,No intersection,4,2,1,3,0,0,0,0,SR-215,,-119.5125667,48.41680556,98841,0,1,50,Lateral Move(Left/Right),10,2,35,20,0,0,1,2,12,1,1,3,5,1,Going Straight,1,3,53,,0,23,401,2002,0,0,12,,,,,,1,1,18,1,0,,1,0,3,0,11,5,,,,,0,0,0,0,1,0,0,0,0,96,,,,,,0,,,,,,98258,53,74,215,0,0,0,0,0,1,,0,,,,,,0,07-15-2018,07-15-2018,8,0,0,0,8,9,8,,,0,0,0,8,0,8,95,,,96,,,8,95,995,,,,,,,,,,,,,,,,,,,,,,,,,,,,,,0,0,0,0,0,0,1,1,1,0,0,0,0,1,0,0,0,0,0,0,0,1,1,0,1,0,0,0,0,1,0,0,0,0,0,,0,0,0,0,0,0,0,0,0,0,0,1,0,0,0,0,,,,,,18-20,16-25,State route,U,Wednesday,Belt Used,PV,Not Fatal,0,1,1,0,State Route,Municipal/City Police,Lake Stevens Police Department,0,1,0,0,0,,,,,,0,0,1,,,,,,,,,,,98,98,98,0,,,,,20,7,,,,,,,,,,,,,,,
2018,305,633535,7,08-30-2018,11:23,30,8,Aug,0,33,King,1960,10,0,1,1,2,1,0,1,1,,,,24,0,0,No vehicle,0.2,5,1,1,No intersection,1,2,1,1,0,0,0,0,I-5 RAMP,,-122.3135833,47.54885,98108,0,1,6,Drive off road,12,2,98,80,0,0,1,3,24,2,2,1,6,14,Making a U turn,1,1,53,,0,12,32,2014,0,0,68,12,,,,,1,1,47,1,7,,4,0,3,0,11,5,07/17/2019,13:12,69053031876,31876,0,0,0,3,1,28,0,0,0,96,,,,,,99,,,,,,98290,53,74,235,6,1,0,0,0,0,,0,,,,,,0,,,8,0,0,1,0,9,8,,,0,0,0,8,9,2,401,417,695,1,1,1,2,1,0,,,,,,,,,,,,,,,,,,,,,,,,,,,,,,0,0,0,0,0,0,1,1,1,0,0,0,0,1,0,0,0,0,0,0,0,1,1,0,1,0,0,0,0,1,0,0,0,0,0,,1,0,0,0,0,0,1,1,0,0,0,0,0,0,1,0,,,,,,46-50,46-55,State route,U,Wednesday,Belt Used,PV,White,0,1,1,0,State Route,Municipal/City Police,Lake Stevens Police Department,0,1,0,0,0,,,carboxy-thc,13,,0,0,0,,,,,,,,,,,98,98,98,1,,,,,20,7,,,,,,,nms,,,,,,,,
2017,305,632743,2,08-10-2017,10:17,10,8,Aug,0,73,Whatcom,0,1,0,1,1,2,1,0,2,2,10:17,10:29,11:15,12,0,2,Front-to-Front,7.9,2,0,2,4 Way,5,1,2,4,0,0,4,3,CR-BIRCH BAY LINDEN RD,N ENTERPRISE RD,-122.5743889,48.9353,98248,0,2,51,Lateral Move(Going Straight),62,4,50,14,0,0,1,2,12,1,1,2,1,5,Others,1,2,53,,0,47,31,1995,0,0,63,24,69,64,24,,1,1,37,2,7,,4,0,20,7,11,8,07/17/2019,17:00,1.96E+11,33543,0,0,3,2,1,0,0,0,0,96,,,,,,9,,,,,,98023,53,67,120,1,1,0,0,0,0,,0,,,,,,0,,,20,0,0,0,0,9,2,,,0,0,0,1,1,2,996,996,167,1,1,1,2,1,0,,,,,,,,,,,,,,,,,,,,,,,,,,,,,,0,0,1,0,1,0,1,1,0,0,0,0,0,1,0,0,0,0,0,1,0,0,0,0,0,0,0,0,0,1,0,0,0,1,0,,1,0,0,0,0,0,1,1,0,0,0,1,0,0,1,1,,,,,,36-40,36-45,State route,U,Tuesday,Not Used,PV,White,0,1,0,0,State Route,State Patrol,Washington State Patrol,1,1,0,0,0,,,,,,0,0,0,1,1,1,,,996,401,417,,,0,0,0,1,,,,,20,7,,,,,,,,,,,,,,,
2017,305,632742,2,08-10-2017,10:17,10,8,Aug,0,73,Whatcom,0,1,0,1,1,2,1,0,2,2,10:17,10:29,11:15,12,0,2,Front-to-Front,7.9,2,0,2,4 Way,5,1,2,4,0,0,4,3,CR-BIRCH BAY LINDEN RD,N ENTERPRISE RD,-122.5743889,48.9353,98248,0,1,50,Lateral Move(Left/Right),51,3,50,5,0,0,1,2,12,1,1,2,1,1,Going Straight,1,1,53,,0,59,403,2011,0,0,12,1,,,,,1,1,40,2,0,,3,0,3,0,11,4,,,,,0,0,3,3,1,0,0,0,0,96,,,,,,0,,,,,,99029,53,66,150,6,1,0,0,0,0,,0,,,,,,0,,,1,0,0,0,8,9,8,,,0,0,0,8,0,8,95,,,96,,,8,95,995,,,,,,,,,,,,,,,,,,,,,,,,,,,,,,0,0,0,0,0,0,1,1,1,0,0,0,0,0,0,0,0,0,0,1,0,0,0,0,0,0,0,0,0,1,0,0,0,0,0,,0,0,0,0,0,0,0,0,0,0,0,0,0,0,0,0,,,,,,36-40,36-45,US highway,R,Saturday,Belt Used,PV,Not Fatal,0,1,1,0,State Route,State Patrol,Washington State Patrol,0,1,0,0,0,,,,,,0,0,0,,,,,,,,,,,98,98,98,0,,,,,20,7,,,,,,,,,,,,,,,
2021,305,635821,248,08-16-2021,17:01,16,8,Aug,,33,King,1830,1,,1,1,1,1,0,6,4,,,,12,0,6,Angle,0,2,0,2,4 Way,4,2,4,6,0,0,3,3,LIND AVE SW,SW 16th St,-122.2233417,47.46608056,98057,0,2,86,Others,66,4,35,63,0,5,1,2,12,1,1,4,1,1,Going Straight,3,3,94,,0,49,40,2006,0,0,68,12,,,,,1,1,29,2,1,,4,0,20,7,11,8,07-06-2019,18:16,2.11E+11,30632,0,0,0,3,1,28,0,0,0,96,,,,,,99,,,,,,99006,53,62,150,6,1,0,3,2,3,,0,,,,,,0,07-15-2015,09-15-2018,8,0,0,0,0,1,1,,,0,0,0,1,0,2,401,417,128,1,1,1,2,1,0,,,,,,,,,,,,,,,,,,,,,,,,,,,,,,0,0,0,0,0,0,1,1,1,0,0,0,0,0,0,0,0,0,0,1,0,0,0,0,0,0,0,0,0,1,0,0,0,1,0,,1,0,0,0,0,0,1,1,0,0,0,0,0,0,1,0,,,,,,26-30,26-35,US highway,R,Saturday,Not Used,PV,Hispanic,0,1,1,0,State Route,State Patrol,Washington State Patrol,0,1,0,0,0,thc,1.8,,,,0,0,3,1,1,,,,177,605,,,,98,98,98,1,,,,,20,7,,,,,,,nms,,,,,,,,
2019,306,634311,305,09-01-2019,17:17,1,9,Sep,,11,Clark,2370,1,0,1,1,2,1,0,3,2,,,,12,0,6,Angle,0,2,0,2,4 Way,7,2,4,6,0,0,3,3,SE 164TH AVE,SE 12TH ST,-122.5041861,45.61212222,98683,0,2,69,Initial Opposite Direction(Going Straight),62,4,40,2,0,0,1,5,12,1,1,5,1,1,Going Straight,2,1,41,,0,49,471,1992,0,0,68,64,42,,,,1,1,61,1,7,,4,7,3,0,11,0,07/17/2019,09:45,53032768,32768,0,0,3,3,1,0,0,0,0,93,,,,,,99,,,,,,99328,53,72,230,6,1,0,0,0,0,,0,,,,,,0,,,20,0,0,0,0,9,8,,,0,0,0,8,0,2,996,244,155,1,1,1,2,1,0,,,,,,,,,,,,,,,,,,,,,,,,,,,,,,0,0,1,0,0,0,1,1,0,0,0,0,0,0,0,0,1,0,0,0,0,0,0,0,0,0,0,0,0,1,0,0,0,0,0,,1,0,0,0,0,0,1,1,1,0,0,0,0,0,1,0,,,,,,61-65,56-65,State route,R,Wednesday,Belt Used,PV,White,0,1,0,0,State Route,State Patrol,Washington State Patrol,1,1,0,0,0,,,,,,0,0,0,1,1,1,,,157,996,386,996,996,0,0,0,1,,,,,20,7,,,,,,,,,,,,,,,
2017,306,3659694,344,08-03-2017,22:42,3,8,Aug,0,77,Yakima,0,1,0,2,1,2,1,1,1,1,,,,8,0,0,No vehicle,1.6,1,0,1,No intersection,5,1,2,4,0,3,0,0,CR-S WAPATO RD,,-120.4173139,46.41005278,98951,0,1,13,Pedestrian/Animal,80,5,50,14,0,0,1,5,8,1,1,2,1,1,Going Straight,1,2,53,,0,82,881,2009,0,0,12,2,,,,,1,1,40,1,0,,0,0,3,0,11,0,,,,,6,1,0,3,1,0,0,0,0,96,,,,,,0,,,,,,98597,53,71,200,6,1,0,0,0,2,,0,,,,,,0,03-15-2017,03-15-2018,99,0,0,0,8,9,2,,,0,0,0,0,0,8,95,,,96,,,8,95,995,,,,,,,,,,,,,,,,,,,,,,,,,,,,,,0,0,0,1,0,0,0,0,0,0,0,0,0,0,0,0,1,0,1,0,1,0,1,0,1,0,0,0,0,1,1,0,0,0,0,,0,0,0,0,0,0,0,0,0,0,0,0,0,0,0,0,,,,,,36-40,36-45,State route,U,Tuesday,,MHTRUCK,Not Fatal,1,0,0,0,State Route,State Patrol,Washington State Patrol,0,1,0,0,0,,,,,,0,0,0,,,,,,,,,,,98,98,98,0,,,,,20,7,,,,,,,,,,,,,,,
2021,306,635825,278,08-16-2021,20:53,16,8,Aug,,63,Spokane,2110,1,,3,0,0,1,0,2,2,,,,12,0,6,Angle,0,8,0,1,No intersection,7,2,4,6,0,0,0,0,W HOLYOKE AVE,,-117.4619611,47.71805278,99208,0,2,82,Turn Into Opp Direction(Turning Left),66,4,0,34,0,0,1,5,12,0,0,0,0,11,Turning Red: Permitted on red,1,1,53,,0,30,47,2000,0,0,12,2,,,,,1,1,16,1,7,,4,7,99,7,11,0,06/25/2019,14:57,53028777,28777,0,0,3,3,1,38,0,0,0,17,,,,,,99,,,,,,98338,53,66,130,6,2,0,0,0,0,,0,,,,,,0,,,99,0,0,0,0,9,8,,,0,0,0,8,9,2,1,,,1,,,2,1,0,,,,,,,,,,,,,,,,,,,,,,,,,,,,,,0,0,0,1,0,0,0,0,0,0,0,0,0,0,0,0,1,0,1,0,1,0,1,0,1,0,0,0,0,1,1,0,0,0,0,,1,0,0,0,0,0,0,0,1,0,1,0,0,0,0,0,,,,,,16-17,16-25,State route,U,Tuesday,Unknown,PV,White,1,0,0,0,State Route,State Patrol,Washington State Patrol,0,1,0,0,0,,,,,,0,0,0,,,,,,,,,,,98,98,98,1,,,,,20,7,,,,,,,,,,,,,,,
2021,306,635824,278,08-16-2021,20:53,16,8,Aug,,63,Spokane,2110,1,,3,1,2,1,0,2,2,,,,12,0,6,Angle,0,8,0,1,No intersection,7,2,4,6,0,0,0,0,W HOLYOKE AVE,,-117.4619611,47.71805278,99208,0,1,83,Others,72,4,35,14,0,0,1,5,12,1,1,4,1,1,Going Straight,1,2,53,,0,48,45,2006,0,0,12,,,,,,1,1,23,2,0,,0,0,3,0,11,0,,,,,0,0,0,3,1,10,0,0,0,96,,,,,,0,,,,,,98466,53,64,127,6,1,0,0,0,1,,0,,,,,,0,02-15-2015,02-15-2015,1,0,0,0,8,9,8,,,0,0,0,8,0,8,95,,,96,,,8,95,995,,,,,,,,,,,,,,,,,,,,,,,,,,,,,,0,0,0,0,1,1,0,1,0,0,0,0,0,0,0,0,0,0,0,0,0,0,0,1,1,0,0,0,1,1,0,0,0,0,0,,0,0,0,0,0,0,0,0,0,0,0,0,0,0,0,0,,,,,,21-25,16-25,County road,U,Sunday,Belt Used,PV,Not Fatal,0,1,1,0,County Road,County Sheriff,Law Enforcement Support Agency,0,0,1,0,0,,,,,,0,0,0,,,,,,,,,,,98,98,98,0,,,,,20,7,,,,,,,,,,,,,,,
2020,306,635011,3,08-24-2020,05:45,24,8,Aug,,67,Thurston,1102,1,,4,1,2,1,1,4,1,,,,8,0,0,No vehicle,111.8,1,0,1,No intersection,1,2,1,1,0,0,0,0,I-5,,-122.7694167,47.06275556,98509,0,1,13,Pedestrian/Animal,80,5,60,34,0,0,1,5,8,1,1,3,3,1,Going Straight,4,1,53,,0,37,705,2003,0,0,12,,,,,,1,1,27,1,7,,4,0,20,7,11,4,07/15/2019,01:27,2.23E+11,31686,0,0,0,3,1,51,0,0,0,96,,,,,,99,,,,,,98375,53,68,191,6,1,0,3,2,4,,0,,,,,,0,12-15-2014,01-15-2019,20,8,0,0,0,9,8,,,0,0,0,8,1,2,1,,,1,,,2,1,0.16,,,,,,,,,,,,,,,,,,,,,,,,,,,,,,0,0,0,0,1,1,0,1,0,0,0,0,0,0,0,0,0,0,0,0,0,0,0,1,1,0,0,0,1,1,0,0,0,0,1,1,0,0,0,0,0,1,0,1,0,0,0,0,0,1,0,1,,,,,,26-30,26-35,County road,U,Sunday,,MC,White,0,1,1,0,County Road,County Sheriff,Law Enforcement Support Agency,0,0,1,0,0,,,,,,0,0,4,,,,,,,,,,,0,0,0,1,,,,,17,7,,,,,,,,,,,,,,,
2019,306,634310,305,09-01-2019,17:17,1,9,Sep,,11,Clark,2370,1,0,1,1,2,1,0,3,2,,,,12,0,6,Angle,0,2,0,2,4 Way,7,2,4,6,0,0,3,3,SE 164TH AVE,SE 12TH ST,-122.5041861,45.61212222,98683,0,1,68,Initial Opposite Direction(Left/Right),15,2,40,4,0,0,1,5,12,1,1,5,1,11,Turning Red: Permitted on red,1,1,53,,0,49,40,2011,0,0,68,64,69,30,42,,1,1,52,1,7,,4,0,20,7,11,5,07/15/2019,20:55,2.23E+11,32885,0,0,0,0,1,0,0,0,0,96,,,,,,99,,,,,,98052,53,72,175,0,0,0,0,0,0,,0,,,,,,0,,,1,0,0,0,0,5,8,,,0,0,0,8,1,2,1,,,1,,,2,1,0.28,,,,,,,,,,,,,,,,,,,,,,,,,,,,,,0,0,1,0,1,1,0,1,0,0,0,0,0,1,0,0,0,0,0,1,0,0,0,0,0,0,0,0,0,1,0,0,0,1,0,,1,0,0,0,0,1,0,1,0,0,0,1,0,1,0,1,,,,,,51-55,46-55,County road,R,Monday,Not Used,PV,Multiracial,0,1,0,0,County Road,County Sheriff,Law Enforcement Support Agency,1,0,1,0,0,,,,,,0,0,0,,,,,,,,,,,98,98,98,204,201,,,,20,7,,,,,,,,,,,,,,,
2018,306,633455,250,07-29-2018,08:23,29,7,July,0,5,Benton,1850,1,0,1,1,2,1,0,1,1,,,,1,0,0,No vehicle,0,3,0,3,T Intersection,3,2,4,6,0,0,0,0,GEORGE WAHINGTON WAY,JADWIN AVE,-119.2733222,46.27302778,99352,0,1,1,Driver Off Road,13,2,35,80,0,0,1,7,1,3,1,4,1,14,Making a U turn,1,2,53,,0,72,706,2014,0,0,63,42,30,,,,1,1,58,1,7,,4,7,20,7,11,0,07/13/2019,21:44,53031288,31288,0,0,0,3,1,0,0,0,0,96,,,,,,99,,,,,,98223,53,64,187,6,1,0,2,0,0,,0,,,,,,4,07-15-2017,09-15-2017,20,8,0,0,0,9,8,,,0,0,0,8,9,2,136,155,,1,1,,2,1,0.119,,,,,,,,,,,,,,,,,,,,,,,,,,,,,,0,0,1,0,1,1,1,1,0,0,0,0,1,0,0,0,0,0,0,0,0,0,0,0,0,0,0,0,1,0,0,0,0,0,1,0,0,0,0,0,0,1,1,1,0,1,0,0,0,0,0,1,,,,,,56-60,56-65,County road,R,Saturday,,MC,White,0,1,0,0,County Road,County Sheriff,Snohomish County Sheriff's Office,1,0,1,0,0,,,,,,0,0,0,,,,,,,,,,,0,0,0,1,,,,,5,0,,,,,,,,,,,,,,,
2017,307,632738,2,08-09-2017,14:23,9,8,Aug,0,61,Snohomish,0,1,0,1,1,2,1,0,3,3,,,,12,0,1,Front-to-Rear,203.9,1,0,1,No intersection,1,2,1,1,0,0,0,0,I-5,,-122.1851667,48.12236111,98271,0,1,24,Others,51,3,60,4,0,0,1,2,12,1,1,3,3,1,Going Straight,1,2,6,,0,20,850,1984,0,0,54,,,,,,1,1,63,1,0,,0,0,3,0,11,0,,,,,0,0,0,3,1,0,0,0,0,96,,,,,,0,,,,,,99204,53,69,200,6,1,0,0,0,0,,0,,,,,,0,,,20,0,0,0,8,9,8,,,0,0,0,8,0,8,95,,,96,,,8,95,995,,,,,,,,,,,,,,,,,,,,,,,,,,,,,,0,0,1,0,0,0,0,0,0,0,0,0,1,0,0,0,0,0,0,0,0,0,0,0,0,0,0,0,1,0,0,0,0,0,0,,0,0,0,0,0,0,0,0,0,0,0,0,0,0,0,0,,,,,,61-65,56-65,US highway,R,Sunday,,MHOME,Not Fatal,0,1,0,0,State Route,State Patrol,Washington State Patrol,1,1,0,0,0,,,,,,0,0,0,,,,,,,,,,,0,0,0,0,,,,,20,7,,,,,,,,,,,,,,,
2020,307,635012,1,08-24-2020,17:41,24,8,Aug,,5,Benton,0,1,,1,1,2,1,0,1,1,,,,31,0,0,No vehicle,5.5,1,0,1,No intersection,5,1,1,3,0,0,0,0,SR-225,,-119.4934194,46.32340278,99320,0,1,1,Driver Off Road,13,2,50,80,0,0,1,2,31,1,1,2,1,1,Going Straight,1,1,26,,0,72,706,2010,0,0,64,1,54,,,,1,1,61,1,7,,4,7,20,7,11,0,07/14/2019,10:30,53031240,31240,0,0,0,3,1,0,0,0,0,96,,,,,,0,,,,,,59102,30,,999,6,1,0,1,98,1,,0,,,,,,4,09-15-2014,05-15-2015,20,8,0,0,0,9,8,,,0,0,0,8,0,2,1,,,1,,,2,1,0,,,,,,,,,,,,,,,,,,,,,,,,,,,,,,0,0,1,0,0,0,0,0,0,0,0,0,1,0,0,0,0,0,0,0,0,0,0,0,0,0,0,0,1,0,0,0,0,0,1,0,0,0,0,0,0,0,0,0,0,1,0,0,0,0,0,0,,,,,,61-65,56-65,US highway,R,Sunday,,MC,White,0,1,0,0,State Route,State Patrol,Washington State Patrol,1,1,0,0,0,,,,,,0,0,0,,,,,,,,,,,0,0,0,1,,,,,19,0,,,,,,,,,,,,,,,
2021,307,635827,1,08-08-2021,20:15,8,8,Aug,,5,Benton,0,1,,5,1,2,2,0,2,2,,,,12,0,6,Angle,13.4,2,0,2,4 Way,4,1,1,3,0,0,0,0,SR-221,SELLARDS RD,-119.6016083,46.13107778,99350,0,2,87,Others,66,4,65,4,0,0,1,2,12,1,1,2,1,1,Going Straight,1,2,53,,0,39,36,2004,0,0,68,64,52,,,,1,1,49,1,0,,2,0,3,0,11,8,,,,,0,0,0,3,1,91,0,0,0,96,,,,,,9,,,,,,98374,53,70,190,6,1,0,0,0,1,,1,,,,,,4,06-15-2015,06-15-2015,20,0,0,0,8,1,8,,,0,0,0,8,1,2,1,,,1,,,2,1,0.19,,,,,,,,,,,,,,,,,,,,,,,,,,,,,,0,0,0,0,1,1,0,1,0,0,0,0,1,0,0,0,0,0,0,0,0,0,0,0,0,0,0,0,0,1,0,0,0,0,0,,0,0,0,0,0,1,0,1,0,1,0,0,0,1,0,1,,,,,,46-50,46-55,County road,U,Sunday,Belt Used,PV,Not Fatal,0,1,0,0,County Road,County Sheriff,Law Enforcement Support Agency,1,0,1,0,0,,,,,,0,0,0,,,,,,,,,,,98,98,98,0,,,,,20,7,,,,,,,,,,,,,,,
2021,307,635826,1,08-08-2021,20:15,8,8,Aug,,5,Benton,0,1,,5,1,2,2,0,2,2,,,,12,0,6,Angle,13.4,2,0,2,4 Way,4,1,1,3,0,0,20,3,SR-221,SELLARDS RD,-119.6016083,46.13107778,99350,0,1,86,Others,66,4,50,34,0,0,1,2,12,1,1,2,1,1,Going Straight,1,1,53,,0,37,705,1983,0,0,63,42,,,,,1,1,77,1,7,,4,7,20,7,11,0,06/29/2019,14:34,53029121,29121,0,0,3,3,1,0,0,0,0,96,,,,,,99,,,,,,98801,53,69,172,6,1,0,1,0,0,,0,,,,,,4,01-15-2018,01-15-2018,20,8,0,0,0,9,8,,,0,0,0,8,9,8,95,,,96,,,8,95,995,,,,,,,,,,,,,,,,,,,,,,,,,,,,,,0,0,1,0,0,0,0,0,0,0,0,0,1,0,0,0,0,0,0,0,0,0,0,0,0,1,1,1,1,0,0,0,0,0,1,0,0,0,0,0,0,0,0,0,0,1,0,0,0,0,0,0,,,,,,76-80,76+,County road,R,Saturday,,MC,White,0,1,0,0,County Road,County Sheriff,Chelan County Sheriff's Office,1,0,1,0,0,,,,,,0,0,0,,,,,,,,,,,0,0,0,1,,,,,19,0,,,,,,,,,,,,,,,
2019,307,634313,2,08-31-2019,21:00,31,8,Aug,,29,Island,1550,1,0,3,1,2,1,0,2,2,,,,12,0,6,Angle,33,2,0,2,4 Way,3,2,1,3,0,0,3,3,SR-20,NE 16TH AVE,-122.638,48.31122222,98277,0,2,69,Initial Opposite Direction(Going Straight),62,4,35,80,0,0,1,2,12,1,2,3,1,1,Going Straight,1,2,53,,0,20,404,2007,0,0,12,,,,,,1,1,79,2,0,,0,0,3,0,11,0,,,,,0,0,0,3,1,38,0,0,0,96,,,,,,0,,,,,,98260,53,65,160,6,1,0,0,0,0,,97,,,,,,0,,,1,0,0,0,8,9,8,,,0,0,0,8,0,2,1,,,1,,,2,1,0,,,,,,,,,,,,,,,,,,,,,,,,,,,,,,0,0,0,1,1,1,1,1,1,0,0,0,1,0,0,0,0,0,1,0,0,0,0,0,0,1,1,1,1,1,0,0,0,0,0,,0,0,0,0,0,0,0,0,0,0,1,0,0,0,0,0,,,,,,76-80,76+,County road,R,Monday,Belt Used,PV,Not Fatal,1,0,0,0,County Road,State Patrol,Washington State Patrol,0,0,1,0,0,,,,,,0,0,0,,,,,,,,,,,98,98,98,0,,,,,20,7,,,,,,,,,,,,,,,
2019,307,634312,2,08-31-2019,21:00,31,8,Aug,,29,Island,1550,1,0,3,1,2,1,0,2,2,,,,12,0,6,Angle,33,2,0,2,4 Way,3,2,1,3,0,0,3,3,SR-20,NE 16TH AVE,-122.638,48.31122222,98277,0,1,68,Initial Opposite Direction(Left/Right),15,2,35,34,0,0,1,7,12,1,2,3,1,11,Turning Red: Permitted on red,1,3,53,,0,98,706,2008,0,0,12,,,,,,1,1,49,1,7,,4,7,20,7,11,0,07-01-2019,21:10,53029560,29560,0,0,0,3,1,0,0,0,0,96,,,,,,9,,,,,,98249,53,71,180,6,1,0,3,1,0,,23,,,,,,4,08-15-2017,06-15-2018,20,8,0,0,0,1,8,,,0,0,0,1,1,2,605,695,,1,1,,2,1,0.2,,,,,,,,,,,,,,,,,,,,,,,,,,,,,,0,0,0,1,1,1,1,1,1,0,0,0,1,0,0,0,0,0,1,0,0,0,0,0,0,1,1,1,1,1,0,0,0,0,1,0,0,0,0,0,0,1,1,1,0,1,0,0,0,0,0,1,,,,,,46-50,46-55,County road,R,Monday,,MC,White,1,0,0,0,County Road,State Patrol,Washington State Patrol,0,0,1,0,0,thc,58,carboxy-thc,59,,0,0,0,,,,,,,,,,,0,0,0,1,,,,,19,0,,,,,,,,,,,,,,,
2018,307,633516,7,07-22-2018,01:55,22,7,July,0,33,King,1030,1,0,3,1,2,1,1,6,4,,,,8,0,0,No vehicle,3.5,1,0,1,No intersection,3,2,1,3,0,0,3,3,SR-516,,-122.270425,47.37678056,98032,0,4,98,Others,60,4,50,4,0,0,1,7,12,1,2,7,1,5,Others,1,1,53,,0,24,7,2003,0,0,12,63,1,38,,,1,1,29,1,7,,4,0,20,7,11,4,07-03-2019,21:30,2.23E+11,29854,0,0,0,2,1,0,0,0,0,96,,,,,,99,,,,,,98499,53,66,150,1,1,1,0,0,2,,0,,,,,,3,10-15-2014,03-15-2019,20,1,9,0,0,9,8,,,0,0,0,8,1,2,605,,,1,,,2,1,0.18,,,,,,,,,,,,,,,,,,,,,,,,,,,,,,0,0,0,0,1,1,1,1,1,0,0,0,1,1,0,0,0,0,0,1,0,0,0,0,0,0,0,0,0,1,0,0,0,1,0,,1,0,0,0,0,1,1,1,0,1,0,1,0,0,0,1,,,,,,26-30,26-35,Interstate,U,Wednesday,Not Used,PV,White,0,0,0,0,State Route,State Patrol,Washington State Patrol,0,1,0,0,0,thc,1.6,,,,0,1,4,,,,,,,,,,,98,98,98,1,,,,,20,7,,,,,,,,,,,,,,,