year,something,Cases,repjur,crash_dt,crash_tm,accday,Month,Month,holiday,county,co_char,city,weather,weather2,lightcond,surfcond,surftype,Number of Fatalities,nmforms,pforms,vforms,not_tm,arr_tm,hosp_tm,fhevent,hitrun,Manner of Collision,Manner of Collision,milepnt,reljunc,reljuncinter,intersectiontype,Intersection Type,funcsystem,landuse,ownership,route,schlbus,spejur,contdev,devfunc,trafid1,trafid2,x,y,zipcode,wk_zone,vnumber,crashtype,Crash Type,criticalevent,criticaleventcat,spdlim,body,trailer,emerg,hazcargo,leave,mhevent,roadalgn,roadprof,traflane,trafflow,Vehicle Manure,Vehicle Manure,numoccs,regowner,regstate,,spuse,make,model,modelyr,vrf1,vrf2,seqevent1,seqevent2,seqevent3,seqevent4,seqevent5,seqevent6,pnumber,ptype,age,sex,hispanic,race,injury,diedscene,restraint,restraintmisuse,seatpos,takehosp,death_dt,death_tm,cert,cernum_wa,commlic,licendor,licrestrict,liccomp,drivpres,drf1,drf2,drf3,drf4,distract1,distract2,distract3,distract4,distract5,distract6,dricond1,dricond2,dricond3,dricond4,dricond5,dricond6,dzip,licstate,drhgt_in,weight,noncdl,noncdltype,prevdwi,prevoth,prevacc,prevspd,prevsus,driviol1,driviol2,driviol3,driviol4,driviol5,driviol6,spdrel,first_dt,last_dt,airbag,ejection,ejectpath,extricat,injurwrk,methalc,methdrug,nmlocat,strikveh,prf1,prf2,prf3,druginv,alcinvol,drugsts,drugres1,drugres2,drugres3,drugtst1,drugtst2,drugtst3,alcsts,alctst,alcres,nmact1,nmact2,nmact3,nmact4,nmact5,nmact6,nmprior1,nmprior2,nmprior3,nmprior4,nmprior5,nmprior6,nmcond1,nmcond2,nmcond3,nmcond4,nmcond5,nmcond6,nmsafe_helmet,nmsafe_pads,nmsafe_oth,nmprev_ref,nmprev_lgt,nmprev_oth,crashlocation,nmcrashtype,crosswalk,schoolzone,sidewalk,train_inv,wildlife_inv,rotr_fars,intersect_fars,Drink and Drive,aid_inv,Drug Positive Drivers,Impaired Drivers,Marijuana Positive,impnm_inv,ainm_inv,dpnm_inv,speed_inv,unlic_inv,unendmc_inv,drowsy_inv,drdist_inv,nmdist_inv,fty_inv,unrestfat_inv,dr1617_inv,dr1820_inv,dr1620_inv,dr2125_inv,dr1625_inv,dr65_inv,dr70_inv,dr75_inv,mc_inv,pv_inv,ht_inv,ped_inv,bike_inv,unrest_fat,mc_fat,unhelmet_mc,pv_fat,ht_fat,ped_fat,bike_fat,dr_alc7,dr_alc8,dr_drug,dr_imp,dr_dist,dr_spd,dr_fty,dr_unlic,dr_alc7only,dr_alc8only,dr_drugonly,dr_drink,nm_imp,nm_alc7,nm_alc8,nm_drug,nm_dist,agegrp1,agegrp2,roadclass,urbrur,dayweek,restuse,vehtype,race_me,intersect,lanedep,oppdir,wrongway,rep_typ,investag,repag_long,rotr,st_rd,cty_rd,city_rd,oth_rd,drug_thc,thc_res,drug_cthc,cthc_res,drug_cann,prevpersemin,prevperse,prevsusoth,drugtst4,drugtst5,drugtst6,drugtst7,drugtst8,drugres4,drugres5,drugres6,drugres7,drugres8,adspresent,adsengaged,adslevel,race1,race2,race3,race4,race5,helmet,helmetmisuse,nmdistract1,nmdistract2,nmdistract3,nmdistract4,nmdistract5,nmdistract6,lab,isedtcase,crf1,crf2,crf3,CoRoadName,CoMP,IntCoRoadName,IntCoMP
2018,307,633515,7,07-22-2018,01:55,22,7,July,0,33,King,1030,1,0,3,1,2,1,1,6,4,,,,8,0,0,No vehicle,3.5,1,0,1,No intersection,3,2,1,3,0,0,3,3,SR-516,,-122.270425,47.37678056,98032,0,3,98,Others,60,4,50,4,0,0,1,7,12,1,2,7,1,5,Others,2,1,53,,0,37,32,2004,0,0,12,,,,,,1,1,41,1,0,,0,0,3,0,11,0,,,,,0,0,0,3,1,91,0,0,0,96,,,,,,9,,,,,,98027,53,71,180,6,1,0,0,1,1,,1,11,,,,,3,03-15-2015,02-15-2016,20,0,0,0,8,9,8,,,0,0,0,8,1,8,95,,,96,,,8,95,995,,,,,,,,,,,,,,,,,,,,,,,,,,,,,,0,0,0,0,1,1,1,1,1,0,0,0,1,1,0,0,0,0,0,1,0,0,0,0,0,0,0,0,0,1,0,0,0,0,0,,0,0,0,0,0,0,0,0,0,1,0,0,0,0,0,1,,,,,,41-45,36-45,Interstate,U,Wednesday,Belt Used,PV,Not Fatal,0,0,0,0,State Route,State Patrol,Washington State Patrol,0,1,0,0,0,,,,,,0,0,0,,,,,,,,,,,98,98,98,0,,,,,20,7,,,,,,,,,,,,,,,
2018,307,633514,7,07-22-2018,01:55,22,7,July,0,33,King,1030,1,0,3,1,2,1,1,6,4,,,,8,0,0,No vehicle,3.5,1,0,1,No intersection,3,2,1,3,0,0,3,3,SR-516,,-122.270425,47.37678056,98032,0,2,98,Others,60,4,50,6,0,0,1,7,12,1,2,7,1,5,Others,2,1,53,,0,37,39,2008,0,0,12,,,,,,1,1,25,2,0,,2,0,3,0,11,8,,,,,0,0,0,3,1,0,0,0,0,96,,,,,,0,,,,,,98407,53,68,150,6,1,0,0,1,1,,0,,,,,,0,09-15-2016,09-15-2016,1,0,0,0,8,9,8,,,0,0,0,8,0,8,95,,,96,,,8,95,995,,,,,,,,,,,,,,,,,,,,,,,,,,,,,,0,0,1,0,1,1,1,1,1,0,0,0,0,0,0,0,0,0,0,0,0,0,0,1,1,0,0,0,0,1,0,0,0,0,0,,0,0,0,0,0,0,0,0,0,0,0,0,0,0,0,0,,,,,,21-25,16-25,Interstate,U,Sunday,Belt Used,PV,Not Fatal,0,1,0,0,State Route,State Patrol,Washington State Patrol,1,1,0,0,0,,,,,,0,0,0,,,,,,,,,,,98,98,98,0,,,,,20,7,,,,,,,,,,,,,,,
2018,307,633513,7,07-22-2018,01:55,22,7,July,0,33,King,1030,1,0,3,1,2,1,1,6,4,,,,8,0,0,No vehicle,3.5,1,0,1,No intersection,3,2,1,3,0,0,0,0,SR-516,,-122.270425,47.37678056,98032,0,1,13,Pedestrian/Animal,80,5,50,15,0,6,1,7,8,1,2,7,1,1,Going Straight,1,3,53,,0,20,25,2012,0,0,63,24,1,12,,,1,1,29,2,7,,4,7,99,7,11,0,06/23/2019,02:12,73553028449,28449,0,0,3,3,1,0,0,0,0,96,,,,,,9,,,,,,98003,53,64,150,6,1,0,0,1,2,,0,,,,,,0,06-15-2016,01-15-2017,8,0,0,0,0,1,8,,,0,0,0,8,1,2,605,695,,1,1,,2,1,0.27,,,,,,,,,,,,,,,,,,,,,,,,,,,,,,0,0,1,0,1,1,1,1,1,0,0,0,0,0,0,0,0,0,0,0,0,0,0,1,1,0,0,0,0,1,0,0,0,0,0,,1,0,0,0,0,1,1,1,0,0,0,0,0,0,0,1,,,,,,26-30,26-35,Interstate,U,Sunday,Unknown,PV,Multiracial,0,1,0,0,State Route,State Patrol,Washington State Patrol,1,1,0,0,0,thc,22,carboxy-thc,26,,0,0,0,,,,,,,,,,,98,98,98,298,,,,,20,7,,,,,,,,,,,,,,,
2017,307,632739,2,08-09-2017,14:23,9,8,Aug,0,61,Snohomish,0,1,0,1,1,2,1,0,3,3,,,,12,0,1,Front-to-Rear,203.9,1,0,1,No intersection,1,2,1,1,0,0,0,0,I-5,,-122.1851667,48.12236111,98271,0,2,25,Others,53,3,60,66,1,0,1,5,12,1,1,3,3,1,Going Straight,1,3,53,,0,12,471,2000,0,0,64,69,1,,,,1,1,40,1,7,,4,7,20,7,11,0,07-05-2019,04:20,1.70E+11,30349,0,0,0,3,1,58,0,0,0,96,,,,,,9,,,,,,98382,53,74,200,6,1,0,2,0,1,,0,,,,,,0,11-15-2016,03-15-2019,20,1,9,0,0,1,8,,,0,0,0,1,1,2,155,996,605,1,1,1,2,1,0.164,,,,,,,,,,,,,,,,,,,,,,,,,,,,,,0,0,0,0,1,1,1,1,1,0,0,0,0,0,0,0,0,0,0,1,0,0,0,0,0,0,0,0,0,1,0,0,0,1,0,,1,0,0,0,0,1,1,1,0,0,0,0,0,0,0,1,,,,,,36-40,36-45,US highway,R,Friday,Not Used,PV,White,0,0,0,0,State Route,State Patrol,Washington State Patrol,0,1,0,0,0,thc,1.9,carboxy-thc,17,,0,0,3,1,,,,,695,,,,,98,98,98,1,,,,,20,7,,,,,,,nms,,,,,,,,
2017,307,632740,2,08-09-2017,14:23,9,8,Aug,0,61,Snohomish,0,1,0,1,1,2,1,0,3,3,,,,12,0,1,Front-to-Rear,203.9,1,0,1,No intersection,1,2,1,1,0,0,0,0,I-5,,-122.1851667,48.12236111,98271,0,3,98,Others,60,4,60,66,1,0,1,2,12,1,1,3,3,1,Going Straight,1,9,99,,0,49,32,2005,0,0,12,,,,,,1,1,25,1,0,,0,0,3,0,11,0,,,,,0,0,0,3,1,0,0,0,0,96,,,,,,0,,,,,,17112,42,71,999,6,1,0,0,0,0,,0,,,,,,0,,,20,0,0,0,8,9,8,,,0,0,0,8,0,8,95,,,96,,,8,95,995,,,,,,,,,,,,,,,,,,,,,,,,,,,,,,0,0,0,0,0,0,0,0,0,0,0,0,0,1,0,0,0,0,0,0,1,0,1,1,1,0,0,0,0,1,0,0,0,0,0,,0,0,0,0,0,0,0,0,0,0,0,0,0,0,0,0,,,,,,21-25,16-25,State route,U,Sunday,Belt Used,PV,Not Fatal,0,0,0,0,State Route,Municipal/City Police,Kent Police Department,0,1,0,0,0,,,,,,0,0,0,,,,,,,,,,,98,98,98,0,,,,,20,7,,,,,,,,,,,,,,,
2021,308,635828,5,08-10-2021,20:31,10,8,Aug,,15,Cowlitz,0,1,,1,1,2,1,1,1,1,,,,8,0,0,No vehicle,23.3,1,0,1,No intersection,1,1,1,1,0,0,0,0,I-5,,-122.7638389,45.93380833,98674,0,1,13,Pedestrian/Animal,80,5,60,66,1,0,1,5,8,1,1,3,3,1,Going Straight,1,3,18,,0,41,35,2002,0,0,12,65,12,,,,1,1,39,1,0,,2,0,99,7,11,8,,,,,0,0,0,3,1,0,0,0,0,96,,,,,,0,,,,,,98030,53,63,130,6,1,0,0,0,0,,0,,,,,,0,,,8,0,0,0,8,9,8,,,0,0,0,8,9,8,95,,,96,,,8,95,995,,,,,,,,,,,,,,,,,,,,,,,,,,,,,,0,0,0,0,0,0,0,0,0,0,0,0,0,1,0,0,0,0,0,0,1,0,1,1,1,0,0,0,0,1,0,0,0,0,0,,0,0,0,0,0,0,0,0,0,0,0,0,0,0,0,0,,,,,,36-40,36-45,State route,U,Sunday,Unknown,PV,Not Fatal,0,0,0,0,State Route,Municipal/City Police,Kent Police Department,0,1,0,0,0,,,,,,0,0,0,,,,,,,,,,,98,98,98,0,,,,,20,7,,,,,,,,,,,,,,,
2017,308,632755,4,08-11-2017,21:30,11,8,Aug,0,43,Lincoln,0,1,0,2,1,2,1,0,2,2,21:55,22:28,,12,0,8,Other,217,1,0,1,No intersection,3,1,1,2,0,0,0,0,US-2,,-118.63475,47.75784722,99185,0,2,65,Others,62,4,60,66,1,0,1,2,12,3,1,2,1,14,Making a U turn,1,3,19,,0,37,402,2009,0,0,12,,,,,,1,1,42,2,0,,0,0,3,0,11,0,,,,,0,0,0,3,1,0,0,0,0,96,,,,,,0,,,,,,98030,53,63,130,6,1,0,0,0,0,,0,,,,,,0,,,20,0,0,0,8,9,8,,,0,0,0,8,0,8,95,,,96,,,8,95,995,,,,,,,,,,,,,,,,,,,,,,,,,,,,,,0,0,0,0,0,0,0,0,0,0,0,0,0,1,0,0,0,0,0,0,1,0,1,1,1,0,0,0,0,1,0,0,0,0,0,,0,0,0,0,0,0,0,0,0,0,0,0,0,0,0,0,,,,,,41-45,36-45,State route,U,Sunday,Belt Used,PV,Not Fatal,0,0,0,0,State Route,Municipal/City Police,Kent Police Department,0,1,0,0,0,,,,,,0,0,0,,,,,,,,,,,98,98,98,0,,,,,20,7,,,,,,,,,,,,,,,
2018,308,2709956,12,07-25-2018,18:32,25,7,July,0,7,Chelan,0,1,0,1,1,2,1,1,1,1,,,,9,0,0,No vehicle,1.7,1,0,1,No intersection,5,1,2,4,0,0,0,0,CR-ICICLE RD,,-120.6797917,47.565625,98826,0,1,13,Pedestrian/Animal,83,5,35,20,0,0,1,7,9,1,1,2,1,1,Going Straight,1,1,53,,0,35,47,2018,0,0,12,63,69,65,12,,1,1,16,1,0,,9,0,99,7,11,8,,,,,0,0,0,0,1,28,0,0,0,96,,,,,,99,,,,,,93263,6,67,162,0,0,0,0,0,0,,97,,,,,,0,,,8,9,0,0,8,9,8,,,0,0,0,8,9,8,95,,,96,,,8,95,995,,,,,,,,,,,,,,,,,,,,,,,,,,,,,,0,0,0,0,0,0,0,0,0,0,0,0,0,1,0,0,0,0,0,0,1,0,1,1,1,0,0,0,0,1,0,0,0,0,0,,0,0,0,0,0,0,0,0,0,0,0,1,0,0,0,0,,,,,,16-17,16-25,State route,U,Sunday,Unknown,PV,Not Fatal,0,0,0,0,State Route,Municipal/City Police,Kent Police Department,0,1,0,0,0,,,,,,0,0,0,,,,,,,,,,,98,98,98,0,,,,,20,7,,,,,,,,,,,,,,,
2020,308,635016,25,08-22-2020,23:24,22,8,Aug,,33,King,0,1,,3,1,2,1,0,8,2,23:42,23:58,00:43,12,0,6,Angle,0.9,1,0,1,No intersection,5,2,2,4,0,0,0,0,CR-SE COVINGTON SAWYER,,-122.1000444,47.34351111,98042,0,2,66,Specific Other,62,4,35,6,0,0,1,2,12,3,2,2,1,14,Making a U turn,5,2,53,,0,2,407,2012,0,0,12,,,,,,1,1,38,2,0,,0,0,3,0,11,0,,,,,0,0,0,3,1,0,0,0,0,0,,,,,,0,,,,,,98604,53,61,130,6,1,0,0,0,0,,0,,,,,,0,,,20,0,0,0,8,9,8,,,0,0,0,8,0,0,0,,,0,,,0,0,996,,,,,,,,,,,,,,,,,,,,,,,,,,,,,,0,0,0,1,0,0,1,1,0,0,0,0,1,0,0,0,1,0,0,0,0,0,0,0,0,0,0,0,1,1,1,0,0,0,0,,0,0,0,0,0,0,0,0,0,0,0,0,0,0,0,0,,,,,,36-40,36-45,State route,U,Monday,Belt Used,PV,Not Fatal,1,0,0,0,State Route,Municipal/City Police,Battleground Police Department,0,1,0,0,0,,,,,,0,0,0,,,,,,,,,,,98,98,98,0,,,,,20,7,,,,,,,,,,,,,,,
2020,308,635015,25,08-22-2020,23:24,22,8,Aug,,33,King,0,1,,3,1,2,1,0,8,2,23:42,23:58,00:43,12,0,6,Angle,0.9,1,0,1,No intersection,5,2,2,4,0,0,40,3,CR-SE COVINGTON SAWYER,,-122.1000444,47.34351111,98042,0,1,66,Specific Other,6,1,35,2,0,0,1,2,12,2,2,2,1,14,Making a U turn,3,2,53,,0,12,880,2017,0,0,12,,,,,,1,1,52,1,0,,0,0,3,0,11,0,,,,,0,0,0,3,1,0,0,0,0,0,,,,,,0,,,,,,98675,53,69,215,6,1,0,0,0,0,,0,,,,,,0,,,20,0,0,0,8,9,8,,,0,0,0,8,0,8,95,,,96,,,8,95,995,,,,,,,,,,,,,,,,,,,,,,,,,,,,,,0,0,0,1,0,0,1,1,0,0,0,0,1,0,0,0,1,0,0,0,0,0,0,0,0,0,0,0,1,1,1,0,0,0,0,,0,0,0,0,0,0,0,0,0,0,0,0,0,0,0,0,,,,,,51-55,46-55,State route,U,Monday,,MHTRUCK,Not Fatal,1,0,0,0,State Route,Municipal/City Police,Battleground Police Department,0,1,0,0,0,,,,,,0,0,0,,,,,,,,,,,98,98,98,0,,,,,20,7,,,,,,,,,,,,,,,
2019,308,634317,300,09-04-2019,18:12,4,9,Sep,,77,Yakima,2340,1,0,1,1,2,1,0,4,4,,,,12,0,1,Front-to-Rear,0,1,0,1,No intersection,7,2,4,6,0,0,0,0,W VALLEY MALL BLVD,,-120.5035083,46.56333611,98903,0,4,98,Others,98,7,40,34,0,0,1,5,12,1,1,2,1,5,Others,1,1,53,,0,98,706,2019,0,0,12,12,12,,,,1,1,57,1,7,,4,0,20,7,11,4,07-10-2019,17:55,2.37E+11,31576,0,0,0,3,1,0,0,0,0,96,,,,,,99,,,,,,98642,53,71,165,6,1,0,0,0,0,,0,,,,,,0,,,20,8,0,0,0,9,8,,,0,0,0,8,9,2,996,,,1,,,2,1,0,,,,,,,,,,,,,,,,,,,,,,,,,,,,,,0,0,0,1,0,0,1,1,0,0,0,0,1,0,0,0,1,0,0,0,0,0,0,0,0,0,0,0,1,1,1,0,0,0,1,0,0,0,0,0,0,0,1,1,0,0,0,0,0,0,1,0,,,,,,56-60,56-65,State route,U,Monday,,MC,White,1,0,0,0,State Route,Municipal/City Police,Battleground Police Department,0,1,0,0,0,,,,,,0,0,0,,,,,,,,,,,0,0,0,1,,,,,19,0,,,,,,,,,,,,,,,
2019,308,634316,300,09-04-2019,18:12,4,9,Sep,,77,Yakima,2340,1,0,1,1,2,1,0,4,4,,,,12,0,1,Front-to-Rear,0,1,0,1,No intersection,7,2,4,6,0,0,0,0,W VALLEY MALL BLVD,,-120.5035083,46.56333611,98903,0,3,98,Others,98,7,40,4,0,0,1,5,12,1,1,2,2,5,Others,1,1,53,,0,59,32,1992,0,0,12,,,,,,1,1,33,1,0,,0,0,3,0,11,0,,,,,0,0,0,3,1,39,0,0,0,93,,,,,,0,,,,,,98684,53,76,185,6,1,0,1,3,0,,97,,,,,,4,11-15-2014,04-15-2019,1,0,0,0,8,9,8,,,0,0,0,8,0,2,401,417,,1,1,,2,1,0,,,,,,,,,,,,,,,,,,,,,,,,,,,,,,0,0,0,1,0,0,1,1,0,0,0,0,1,0,0,0,1,0,0,0,0,0,0,0,0,0,0,0,1,1,1,0,0,0,0,,0,0,0,0,0,0,1,1,1,1,0,0,0,0,1,0,,,,,,31-35,26-35,State route,U,Monday,Belt Used,PV,Not Fatal,1,0,0,0,State Route,Municipal/City Police,Battleground Police Department,0,1,0,0,0,,,,,,0,0,0,,,,,,,,,,,0,0,0,0,,,,,20,7,,,,,,,,,,,,,,,
2019,308,634315,300,09-04-2019,18:12,4,9,Sep,,77,Yakima,2340,1,0,1,1,2,1,0,4,4,,,,12,0,1,Front-to-Rear,0,1,0,1,No intersection,7,2,4,6,0,0,0,0,W VALLEY MALL BLVD,,-120.5035083,46.56333611,98903,0,2,21,Others,53,3,40,34,0,0,1,5,12,1,1,2,2,5,Others,1,1,53,,0,19,480,2004,0,0,12,,,,,,1,1,47,1,0,,0,0,3,0,11,0,,,,,99,9,9,9,1,0,0,0,0,96,,,,,,0,,,,,,83858,16,,999,9,9,99,99,99,99,,0,,,,,,0,,,20,0,0,0,8,9,8,,,0,0,0,8,1,8,95,,,96,,,8,95,995,,,,,,,,,,,,,,,,,,,,,,,,,,,,,,0,0,0,1,1,0,1,1,1,0,0,0,1,0,0,0,0,0,0,0,0,0,0,1,1,0,0,0,1,1,0,0,0,0,0,,0,0,0,0,0,0,0,0,0,0,0,0,0,0,0,1,,,,,,46-50,46-55,City street,U,Monday,Belt Used,PV,Not Fatal,0,0,0,0,City Street,Municipal/City Police,Spokane Police Department,0,0,0,1,0,,,,,,99,99,99,,,,,,,,,,,98,98,98,0,,,,,20,7,,,,,,,,,,,,,,,
2019,308,634314,300,09-04-2019,18:12,4,9,Sep,,77,Yakima,2340,1,0,1,1,2,1,0,4,4,,,,12,0,1,Front-to-Rear,0,1,0,1,No intersection,7,2,4,6,0,0,0,0,W VALLEY MALL BLVD,,-120.5035083,46.56333611,98903,0,1,20,Others,50,3,40,80,0,0,1,5,12,1,1,2,2,3,Others,1,1,53,,0,37,705,2005,0,0,12,,,,,,1,1,21,1,7,,4,0,20,7,11,8,07-09-2019,02:58,2.11E+11,30703,0,0,3,3,1,0,0,0,0,96,,,,,,99,,,,,,98207,53,68,170,6,1,0,1,3,0,,0,,,,,,3,04-15-2016,07-15-2019,20,8,0,0,0,9,8,,,0,0,0,8,9,2,695,605,,1,1,,2,1,0,,,,,,,,,,,,,,,,,,,,,,,,,,,,,,0,0,0,1,1,0,1,1,1,0,0,0,1,0,0,0,0,0,0,0,0,0,0,1,1,0,0,0,1,1,0,0,0,0,1,0,0,0,0,0,0,0,1,1,0,1,0,0,0,0,1,0,,,,,,21-25,16-25,City street,U,Monday,,MC,White,0,0,0,0,City Street,Municipal/City Police,Spokane Police Department,0,0,0,1,0,thc,2,carboxy-thc,34,,0,0,0,,,,,,,,,,,0,0,0,1,,,,,19,0,,,,,,,,,,,,,,,
2017,308,632754,4,08-11-2017,21:30,11,8,Aug,0,43,Lincoln,0,1,0,2,1,2,1,0,2,2,21:55,22:28,,12,0,8,Other,217,1,0,1,No intersection,3,1,1,2,0,0,0,0,US-2,,-118.63475,47.75784722,99185,0,1,64,Others,10,2,98,34,0,0,1,2,12,2,1,2,1,14,Making a U turn,1,2,53,,0,48,34,2000,0,0,12,,,,,,1,1,19,2,0,,2,0,3,0,11,4,,,,,0,0,0,3,1,0,0,0,0,96,,,,,,0,,,,,,98951,53,64,160,6,2,0,0,0,0,,0,,,,,,0,,,1,0,0,0,8,9,8,,,0,0,0,8,0,8,95,,,96,,,8,95,995,,,,,,,,,,,,,,,,,,,,,,,,,,,,,,0,0,0,0,1,1,1,1,1,0,0,0,0,0,0,0,0,0,0,1,0,1,1,1,1,0,0,0,0,1,0,0,0,0,0,,0,0,0,0,0,0,0,0,0,0,0,0,0,0,0,0,,,,,,18-20,16-25,County road,R,Saturday,Belt Used,PV,Not Fatal,0,1,1,0,County Road,State Patrol,Washington State Patrol,0,0,1,0,0,,,,,,0,0,0,,,,,,,,,,,98,98,98,0,,,,,20,7,,,,,,,,,,,,,,,
2021,309,635829,3,08-15-2021,00:00,15,8,Aug,,67,Thurston,0,1,,2,1,2,1,0,1,1,,,,1,0,0,No vehicle,9.2,1,0,1,No intersection,4,1,1,3,0,0,0,0,SR-510,,-122.6503917,46.98558333,98956,0,1,1,Driver Off Road,9,1,50,80,0,0,1,2,1,1,1,2,1,6,Others,1,1,53,,0,52,37,2001,0,0,68,12,,,,,1,1,25,2,1,,4,0,20,7,11,8,06/25/2019,11:23,1.96E+11,29135,0,0,0,3,1,0,0,0,0,96,,,,,,9,,,,,,98936,53,60,115,6,1,0,0,0,0,,11,,,,,,0,,,1,0,0,0,0,1,8,,,0,0,0,1,1,2,605,,,1,,,2,1,0.14,,,,,,,,,,,,,,,,,,,,,,,,,,,,,,0,0,0,0,1,1,1,1,1,0,0,0,0,0,0,0,0,0,0,1,0,1,1,1,1,0,0,0,0,1,0,0,0,1,0,,1,0,0,0,0,1,1,1,0,0,0,0,0,0,0,1,,,,,,21-25,16-25,County road,R,Saturday,Not Used,PV,Hispanic,0,1,1,0,County Road,State Patrol,Washington State Patrol,0,0,1,0,0,thc,1.3,,,,0,0,0,,,,,,,,,,,98,98,98,298,,,,,20,7,,,,,,,,,,,,,,,
2020,309,635018,3,08-28-2020,14:07,28,8,Aug,,53,Pierce,0,1,,1,1,2,1,0,2,2,14:09,14:17,,12,0,6,Angle,46.5,8,0,1,No intersection,3,2,1,3,0,0,0,0,SR-7,,-122.4223417,47.07418611,98387,0,2,68,Initial Opposite Direction(Left/Right),15,2,40,21,0,0,1,2,12,1,1,5,1,11,Turning Red: Permitted on red,1,3,53,,0,72,706,2003,0,0,63,69,68,64,24,,1,1,84,1,7,,4,0,20,7,11,8,06/30/2019,14:25,2.37E+11,29327,0,0,3,3,1,0,0,0,0,96,,,,,,0,,,,,,98647,53,70,170,6,1,0,0,0,0,,0,,,,,,4,,,20,8,0,0,0,9,8,,,0,0,0,8,0,2,348,,,1,,,2,1,0,,,,,,,,,,,,,,,,,,,,,,,,,,,,,,0,0,1,0,0,0,1,1,0,0,0,0,1,0,0,0,0,0,0,0,0,0,0,0,0,1,1,1,1,0,0,0,0,0,1,0,0,0,0,0,0,0,1,1,0,1,0,0,0,0,1,0,,,,,,81+,76+,State route,R,Sunday,,MC,White,0,1,0,0,State Route,State Patrol,Washington State Patrol,1,1,0,0,0,,,,,,0,0,0,,,,,,,,,,,0,0,0,1,,,,,5,0,,,,,,,,,,,,,,,
2020,309,635017,3,08-28-2020,14:07,28,8,Aug,,53,Pierce,0,1,,1,1,2,1,0,2,2,14:09,14:17,,12,0,6,Angle,46.5,8,0,1,No intersection,3,2,1,3,0,0,0,0,SR-7,,-122.4223417,47.07418611,98387,0,1,69,Initial Opposite Direction(Going Straight),62,4,40,80,0,0,1,2,12,1,1,5,1,1,Going Straight,1,2,53,,0,12,443,2005,0,0,63,69,68,64,1,,1,1,62,2,0,,1,0,20,7,11,8,,,,,0,0,3,3,1,0,0,0,0,96,,,,,,0,,,,,,98349,53,63,136,6,1,0,0,0,0,,0,,,,,,0,,,20,0,0,0,8,9,8,,,0,0,0,8,0,8,95,,,96,,,8,95,995,,,,,,,,,,,,,,,,,,,,,,,,,,,,,,0,0,0,1,0,0,0,0,0,0,0,0,0,0,0,0,0,0,0,1,0,0,0,0,0,0,0,0,0,1,0,0,0,0,0,,0,0,0,0,0,0,0,0,0,0,0,0,0,0,0,0,,,,,,61-65,56-65,County road,R,Saturday,Not Used,PV,Not Fatal,0,1,0,0,County Road,County Sheriff,Law Enforcement Support Agency,1,0,1,0,0,,,,,,0,0,0,,,,,,,,,,,98,98,98,0,,,,,20,7,,,,,,,,,,,,,,,
2019,309,634297,7,08-15-2019,21:26,15,8,Aug,,33,King,170,1,0,3,1,2,1,0,2,2,,,,12,0,6,Angle,24.4,1,0,1,No intersection,1,2,1,1,0,0,0,0,I-405,,-122.1886444,47.76725833,19811,0,2,98,Others,98,7,60,5,0,0,1,7,12,1,1,3,3,1,Going Straight,1,1,53,,0,7,482,2010,0,0,12,,,,,,1,1,47,2,0,,1,0,3,0,11,4,,,,,0,0,3,3,1,91,0,0,0,96,,,,,,9,,,,,,98501,53,68,135,6,1,1,1,0,0,,1,,,,,,4,03-15-2015,03-15-2015,8,0,0,0,8,9,8,,,0,0,0,8,1,8,95,,,96,,,8,95,995,,,,,,,,,,,,,,,,,,,,,,,,,,,,,,0,0,0,0,1,1,1,1,1,0,0,0,1,0,0,0,1,0,0,1,0,0,0,0,0,0,0,0,0,1,0,0,0,0,0,,0,0,0,0,0,0,0,0,0,1,0,0,0,0,0,1,,,,,,46-50,46-55,County road,U,Saturday,Belt Used,PV,Not Fatal,0,1,1,0,County Road,County Sheriff,Thurston County Sheriff's Office,0,0,1,0,0,,,,,,0,1,1,,,,,,,,,,,98,98,98,0,,,,,20,7,,,,,,,,,,,,,,,
2019,309,634296,7,08-15-2019,21:26,15,8,Aug,,33,King,170,1,0,3,1,2,1,0,2,2,,,,12,0,6,Angle,24.4,1,0,1,No intersection,1,2,1,1,0,0,0,0,I-405,,-122.1886444,47.76725833,19811,0,1,98,Others,21,2,98,4,0,0,1,7,12,1,1,3,3,12,Others,1,1,53,,0,63,37,2014,0,0,68,12,,,,,1,1,37,1,1,,4,7,20,7,11,0,06/29/2019,02:43,53030080,30080,0,0,0,3,1,28,0,0,0,92,,,,,,99,,,,,,98513,53,71,295,6,1,0,0,0,0,,0,,,,,,0,,,8,0,0,0,0,9,8,,,0,0,0,8,1,2,605,695,,1,1,,2,1,0.24,,,,,,,,,,,,,,,,,,,,,,,,,,,,,,0,0,0,0,1,1,1,1,1,0,0,0,1,0,0,0,1,0,0,1,0,0,0,0,0,0,0,0,0,1,0,0,0,1,0,,1,0,0,0,0,1,1,1,1,0,0,0,0,0,0,1,,,,,,36-40,36-45,County road,U,Saturday,Not Used,PV,Hispanic,0,1,1,0,County Road,County Sheriff,Thurston County Sheriff's Office,0,0,1,0,0,thc,13,carboxy-thc,57,,0,0,0,,,,,,,,,,,98,98,98,298,,,,,20,7,,,,,,,,,,,,,,,