year,something,Cases,repjur,crash_dt,crash_tm,accday,Month,Month,holiday,county,co_char,city,weather,weather2,lightcond,surfcond,surftype,Number of Fatalities,nmforms,pforms,vforms,not_tm,arr_tm,hosp_tm,fhevent,hitrun,Manner of Collision,Manner of Collision,milepnt,reljunc,reljuncinter,intersectiontype,Intersection Type,funcsystem,landuse,ownership,route,schlbus,spejur,contdev,devfunc,trafid1,trafid2,x,y,zipcode,wk_zone,vnumber,crashtype,Crash Type,criticalevent,criticaleventcat,spdlim,body,trailer,emerg,hazcargo,leave,mhevent,roadalgn,roadprof,traflane,trafflow,Vehicle Manure,Vehicle Manure,numoccs,regowner,regstate,,spuse,make,model,modelyr,vrf1,vrf2,seqevent1,seqevent2,seqevent3,seqevent4,seqevent5,seqevent6,pnumber,ptype,age,sex,hispanic,race,injury,diedscene,restraint,restraintmisuse,seatpos,takehosp,death_dt,death_tm,cert,cernum_wa,commlic,licendor,licrestrict,liccomp,drivpres,drf1,drf2,drf3,drf4,distract1,distract2,distract3,distract4,distract5,distract6,dricond1,dricond2,dricond3,dricond4,dricond5,dricond6,dzip,licstate,drhgt_in,weight,noncdl,noncdltype,prevdwi,prevoth,prevacc,prevspd,prevsus,driviol1,driviol2,driviol3,driviol4,driviol5,driviol6,spdrel,first_dt,last_dt,airbag,ejection,ejectpath,extricat,injurwrk,methalc,methdrug,nmlocat,strikveh,prf1,prf2,prf3,druginv,alcinvol,drugsts,drugres1,drugres2,drugres3,drugtst1,drugtst2,drugtst3,alcsts,alctst,alcres,nmact1,nmact2,nmact3,nmact4,nmact5,nmact6,nmprior1,nmprior2,nmprior3,nmprior4,nmprior5,nmprior6,nmcond1,nmcond2,nmcond3,nmcond4,nmcond5,nmcond6,nmsafe_helmet,nmsafe_pads,nmsafe_oth,nmprev_ref,nmprev_lgt,nmprev_oth,crashlocation,nmcrashtype,crosswalk,schoolzone,sidewalk,train_inv,wildlife_inv,rotr_fars,intersect_fars,Drink and Drive,aid_inv,Drug Positive Drivers,Impaired Drivers,Marijuana Positive,impnm_inv,ainm_inv,dpnm_inv,speed_inv,unlic_inv,unendmc_inv,drowsy_inv,drdist_inv,nmdist_inv,fty_inv,unrestfat_inv,dr1617_inv,dr1820_inv,dr1620_inv,dr2125_inv,dr1625_inv,dr65_inv,dr70_inv,dr75_inv,mc_inv,pv_inv,ht_inv,ped_inv,bike_inv,unrest_fat,mc_fat,unhelmet_mc,pv_fat,ht_fat,ped_fat,bike_fat,dr_alc7,dr_alc8,dr_drug,dr_imp,dr_dist,dr_spd,dr_fty,dr_unlic,dr_alc7only,dr_alc8only,dr_drugonly,dr_drink,nm_imp,nm_alc7,nm_alc8,nm_drug,nm_dist,agegrp1,agegrp2,roadclass,urbrur,dayweek,restuse,vehtype,race_me,intersect,lanedep,oppdir,wrongway,rep_typ,investag,repag_long,rotr,st_rd,cty_rd,city_rd,oth_rd,drug_thc,thc_res,drug_cthc,cthc_res,drug_cann,prevpersemin,prevperse,prevsusoth,drugtst4,drugtst5,drugtst6,drugtst7,drugtst8,drugres4,drugres5,drugres6,drugres7,drugres8,adspresent,adsengaged,adslevel,race1,race2,race3,race4,race5,helmet,helmetmisuse,nmdistract1,nmdistract2,nmdistract3,nmdistract4,nmdistract5,nmdistract6,lab,isedtcase,crf1,crf2,crf3,CoRoadName,CoMP,IntCoRoadName,IntCoMP
2018,309,633508,3,08-02-2018,23:48,2,8,Aug,0,53,Pierce,2230,1,0,2,1,2,1,1,1,1,,,,8,0,0,No vehicle,2.7,1,0,1,No intersection,3,2,1,3,0,0,0,0,SR-16,,-122.4994472,47.23616944,98405,0,1,13,Pedestrian/Animal,80,5,60,4,0,0,1,7,8,1,1,4,3,1,Going Straight,1,1,53,,0,49,32,2012,0,0,63,8,,,,,1,1,21,1,0,,0,0,3,0,11,0,,,,,0,0,0,3,1,0,0,0,0,93,,,,,,99,,,,,,98022,53,67,140,6,1,0,0,0,0,,97,,,,,,0,,,20,0,0,0,8,9,8,,,0,0,0,8,0,8,95,,,96,,,8,95,995,,,,,,,,,,,,,,,,,,,,,,,,,,,,,,0,0,0,0,0,0,0,0,0,0,0,0,0,0,0,0,1,0,0,0,0,0,0,1,1,0,0,0,0,1,0,1,0,0,0,,0,0,0,0,0,0,0,0,1,0,0,0,0,0,0,0,,,,,,21-25,16-25,State route,U,Sunday,Belt Used,PV,Not Fatal,0,0,0,0,State Route,Municipal/City Police,Enumclaw Police Department,0,1,0,0,0,,,,,,0,0,0,,,,,,,,,,,98,98,98,0,,,,,20,7,,,,,,,,,,,,,,,
2017,309,632768,1,08-12-2017,15:45,12,8,Aug,0,5,Benton,0,1,0,1,1,2,1,0,3,2,,,,12,0,11,Other,17.3,1,0,1,No intersection,4,1,1,3,0,0,0,0,SR-221,,-119.6014694,46.18498056,,0,2,98,Others,62,4,65,3,0,0,1,2,2,2,1,2,1,14,Making a U turn,2,1,53,,5,20,421,2012,0,0,12,,,,,,1,1,31,1,0,,0,0,3,0,11,0,,,,,0,0,0,3,1,16,0,0,0,96,,,,,,0,,,,,,98030,53,67,190,6,1,0,0,1,0,,0,,,,,,0,05-15-2016,05-15-2016,20,0,0,0,8,9,8,,,0,0,0,8,0,8,95,,,96,,,8,95,995,,,,,,,,,,,,,,,,,,,,,,,,,,,,,,0,0,0,1,1,1,1,1,1,0,0,0,1,1,1,0,0,0,0,0,0,1,1,0,1,0,0,0,1,1,0,0,0,0,0,,0,0,0,0,0,0,0,0,0,0,0,0,0,0,0,0,,,,,,31-35,26-35,City street,U,Friday,Belt Used,PV,Not Fatal,0,0,0,0,City Street,County Sheriff,King County Police,0,0,0,1,0,,,,,,0,0,0,,,,,,,,,,,98,98,98,0,,,,,20,7,,,,,,,,,,,,,,,
2017,309,632767,1,08-12-2017,15:45,12,8,Aug,0,5,Benton,0,1,0,1,1,2,1,0,3,2,,,,12,0,11,Other,17.3,1,0,1,No intersection,4,1,1,3,0,0,0,0,SR-221,,-119.6014694,46.18498056,,0,1,98,Others,13,2,65,2,0,0,1,2,12,3,1,2,1,14,Making a U turn,1,1,53,,0,53,705,2006,0,0,68,1,12,,,,1,1,18,1,7,,4,7,20,7,11,0,06/28/2019,20:52,1.03E+11,29507,0,0,0,2,1,0,0,0,0,96,,,,,,99,,,,,,98092,53,71,155,1,1,0,3,1,1,,0,,,,,,3,05-15-2017,04-15-2019,20,8,0,0,0,9,8,,,0,0,0,8,9,2,402,605,695,1,1,1,2,1,0.087,,,,,,,,,,,,,,,,,,,,,,,,,,,,,,0,0,0,1,1,1,1,1,1,0,0,0,1,1,1,0,0,0,0,0,0,1,1,0,1,0,0,0,1,1,0,0,0,0,1,0,0,0,0,0,0,1,1,1,0,1,0,1,0,0,0,1,,,,,,18-20,16-25,City street,U,Friday,,MC,White,0,0,0,0,City Street,County Sheriff,King County Police,0,0,0,1,0,thc,9.7,carboxy-thc,30,,0,0,3,,,,,,,,,,,0,0,0,1,,,,,19,0,,,,,,,nms,,,,,,,,
2021,310,635833,290,08-19-2021,19:56,19,8,Aug,,53,Pierce,2230,1,,1,1,2,2,0,10,4,,,,12,0,6,Angle,0,2,0,3,T Intersection,1,2,1,1,0,0,3,3,I-5 RAMP,S HOSMER ST,-122.4631722,47.17924444,98408,0,4,98,Others,62,4,35,34,0,0,1,2,12,1,1,5,5,2,Others,1,2,53,,0,7,482,2004,0,0,63,24,1,,,,1,1,50,8,7,,4,7,3,0,11,0,06/30/2019,04:30,53029689,29689,0,0,0,3,1,0,0,0,0,92,,,,,,99,,,,,,98626,53,70,185,6,1,0,0,0,0,,0,,,,,,0,,,20,2,9,0,0,9,8,,,0,0,0,8,1,2,1,,,1,,,2,1,0.1,,,,,,,,,,,,,,,,,,,,,,,,,,,,,,0,0,1,0,1,1,0,1,0,0,0,0,0,0,0,0,1,0,0,0,0,0,0,0,0,0,0,0,0,1,0,0,0,0,0,,1,0,0,0,0,1,0,1,1,0,0,0,0,1,0,1,,,,,,46-50,46-55,County road,R,Sunday,Belt Used,PV,White,0,1,0,0,County Road,County Sheriff,Cowlitz County Sheriff's Office,1,0,1,0,0,,,,,,0,0,0,,,,,,,,,,,98,98,98,1,,,,,20,7,,,,,,,,,,,,,,,
2021,310,635832,290,08-19-2021,19:56,19,8,Aug,,53,Pierce,2230,1,,1,1,2,2,0,10,4,,,,12,0,6,Angle,0,2,0,3,T Intersection,1,2,1,1,0,0,3,3,I-5 RAMP,S HOSMER ST,-122.4631722,47.17924444,98408,0,3,98,Others,62,4,35,4,0,0,1,2,12,1,1,5,5,5,Others,3,1,53,,0,37,32,1999,0,0,12,,,,,,1,1,22,1,1,,4,7,3,0,11,0,06/22/2019,03:05,1.28E+11,27850,0,0,0,2,1,0,0,0,0,92,,,,,,99,,,,,,98252,53,73,200,1,1,0,2,1,1,,0,,,,,,0,02-15-2015,08-15-2018,20,0,0,0,0,9,8,,,0,0,0,8,9,2,401,417,,1,1,,2,1,0,,,,,,,,,,,,,,,,,,,,,,,,,,,,,,0,0,0,0,1,0,1,1,0,0,0,0,0,1,0,0,1,0,0,0,0,0,0,1,1,0,0,0,0,1,1,0,0,0,0,,1,0,0,0,0,0,1,1,1,0,0,1,0,0,1,0,,,,,,21-25,16-25,Interstate,U,Saturday,Belt Used,PV,Hispanic,0,0,0,0,State Route,State Patrol,Washington State Patrol,0,1,0,0,0,,,,,,0,0,7,,,,,,,,,,,0,0,0,1,,,,,20,7,,,,,,,,,,,,,,,
2021,310,635831,290,08-19-2021,19:56,19,8,Aug,,53,Pierce,2230,1,,1,1,2,2,0,10,4,,,,12,0,6,Angle,0,2,0,3,T Intersection,1,2,1,1,0,0,3,3,I-5 RAMP,S HOSMER ST,-122.4631722,47.17924444,98408,0,2,82,Turn Into Opp Direction(Turning Left),66,4,30,4,0,0,1,2,12,1,1,2,6,11,Turning Red: Permitted on red,4,2,53,,0,12,880,2015,0,0,12,1,,,,,1,1,27,1,0,,3,0,20,7,11,4,,,,,0,0,0,3,1,0,0,0,0,92,,,,,,99,,,,,,98203,53,69,206,6,1,0,1,1,0,,0,,,,,,0,03-15-2015,03-15-2015,8,0,0,0,8,9,8,,,0,0,0,8,1,8,95,,,96,,,8,95,995,,,,,,,,,,,,,,,,,,,,,,,,,,,,,,0,0,0,0,1,0,1,1,0,0,0,0,0,1,0,0,1,0,0,0,0,0,0,1,1,0,0,0,0,1,1,0,0,0,0,,0,0,0,0,0,0,0,0,1,0,0,0,0,0,0,1,,,,,,26-30,26-35,Interstate,U,Saturday,,MHTRUCK,Not Fatal,0,0,0,0,State Route,State Patrol,Washington State Patrol,0,1,0,0,0,,,,,,0,0,0,,,,,,,,,,,98,98,98,0,,,,,20,7,,,,,,,,,,,,,,,
2021,310,635830,290,08-19-2021,19:56,19,8,Aug,,53,Pierce,2230,1,,1,1,2,2,0,10,4,,,,12,0,6,Angle,0,2,0,3,T Intersection,1,2,1,1,0,0,3,3,I-5 RAMP,S HOSMER ST,-122.4631722,47.17924444,98408,0,1,83,Others,17,2,35,4,0,0,1,2,12,1,1,5,5,6,Others,2,2,53,,0,37,37,2010,0,0,8,,,,,,1,1,45,2,0,,0,0,3,0,11,0,,,,,0,0,0,3,1,10,0,0,0,96,,,,,,0,,,,,,98103,53,61,120,6,1,0,0,1,0,,0,,,,,,0,06-15-2019,06-15-2019,20,0,0,0,8,9,8,,,0,0,0,8,0,8,95,,,96,,,8,95,995,,,,,,,,,,,,,,,,,,,,,,,,,,,,,,0,0,0,0,0,0,0,0,0,1,0,1,0,0,0,0,0,0,0,0,0,0,0,0,0,0,0,0,0,1,0,1,0,0,0,,0,0,0,0,0,0,0,0,0,0,0,0,0,0,0,0,,,,,,41-45,36-45,State route,U,Friday,Belt Used,PV,Not Fatal,0,0,0,0,State Route,Municipal/City Police,Lake Forest Park Police Department,0,1,0,0,0,,,,,,0,0,0,,,,,,,,,,,98,98,98,0,,,,,20,7,,,,,,,,,,,,,,,
2020,310,635021,2,08-23-2020,11:15,23,8,Aug,,73,Whatcom,0,1,,1,1,1,1,0,3,2,11:20,12:04,,12,0,2,Front-to-Front,143.4,1,0,1,No intersection,4,1,1,3,0,0,0,0,SR-20,,-120.8815778,48.67960833,,0,2,51,Lateral Move(Going Straight),62,4,55,34,1,0,1,2,12,3,2,2,1,14,Making a U turn,2,1,53,,0,84,884,2019,0,0,8,,,,,,1,1,64,2,0,,0,0,3,0,11,0,,,,,6,1,0,3,1,0,0,0,0,96,,,,,,0,,,,,,98087,53,66,135,6,1,0,0,1,1,,0,,,,,,0,01-15-2015,04-15-2015,20,0,0,0,8,9,8,,,0,0,0,8,0,8,95,,,96,,,8,95,995,,,,,,,,,,,,,,,,,,,,,,,,,,,,,,0,0,0,0,0,0,0,0,0,1,1,0,0,0,0,0,0,0,0,0,0,0,0,1,1,0,0,0,0,1,1,1,0,0,0,,0,0,0,0,0,0,0,0,0,0,0,0,0,0,0,0,,,,,,61-65,56-65,Interstate,U,Saturday,,MHTRUCK,Not Fatal,0,0,0,0,State Route,State Patrol,Washington State Patrol,0,1,0,0,0,,,,,,0,0,0,,,,,,,,,,,98,98,98,0,,,,,20,7,,,,,,,,,,,,,,,
2020,310,635020,2,08-23-2020,11:15,23,8,Aug,,73,Whatcom,0,1,,1,1,1,1,0,3,2,11:20,12:04,,12,0,2,Front-to-Front,143.4,1,0,1,No intersection,4,1,1,3,0,0,0,0,SR-20,,-120.8815778,48.67960833,,0,1,50,Lateral Move(Left/Right),10,2,55,80,0,0,1,2,12,2,2,2,1,14,Making a U turn,1,1,53,,0,37,402,2004,0,0,8,,,,,,1,1,52,1,0,,0,0,3,0,11,0,,,,,0,0,0,3,1,0,0,0,0,96,,,,,,0,,,,,,98087,53,70,190,6,1,0,1,1,2,,0,,,,,,0,01-15-2015,09-15-2018,20,0,0,0,8,9,8,,,0,0,0,8,0,8,95,,,96,,,8,95,995,,,,,,,,,,,,,,,,,,,,,,,,,,,,,,0,0,0,0,0,0,0,0,0,1,1,0,0,0,0,0,0,0,0,0,0,0,0,1,1,0,0,0,0,1,1,1,0,0,0,,0,0,0,0,0,0,0,0,0,0,0,0,0,0,0,0,,,,,,51-55,46-55,Interstate,U,Saturday,Belt Used,PV,Not Fatal,0,0,0,0,State Route,State Patrol,Washington State Patrol,0,1,0,0,0,,,,,,0,0,0,,,,,,,,,,,98,98,98,0,,,,,20,7,,,,,,,,,,,,,,,
2019,310,634324,6,08-01-2019,05:07,1,8,Aug,,25,Grant,0,1,0,4,1,2,2,0,4,2,,,,12,0,2,Front-to-Front,46.6,1,0,1,No intersection,5,1,1,3,0,0,0,0,SR-24,,-119.6859806,46.66873611,,0,2,51,Lateral Move(Going Straight),62,4,60,6,0,0,1,2,12,2,2,2,1,14,Making a U turn,2,1,53,,0,20,481,2001,0,0,8,,,,,,1,1,25,1,0,,0,0,3,0,11,0,,,,,0,0,0,3,1,0,0,0,0,96,,,,,,0,,,,,,98387,53,71,165,6,1,0,0,1,1,,0,,,,,,0,12-15-2017,05-15-2018,20,0,0,0,8,9,8,,,0,0,0,8,0,8,95,,,96,,,8,95,995,,,,,,,,,,,,,,,,,,,,,,,,,,,,,,0,0,0,0,0,0,0,0,0,1,1,0,0,0,0,0,0,0,0,0,0,0,0,1,1,0,0,0,0,1,1,1,0,0,0,,0,0,0,0,0,0,0,0,0,0,0,0,0,0,0,0,,,,,,21-25,16-25,Interstate,U,Saturday,Belt Used,PV,Not Fatal,0,0,0,0,State Route,State Patrol,Washington State Patrol,0,1,0,0,0,,,,,,0,0,0,,,,,,,,,,,98,98,98,0,,,,,20,7,,,,,,,,,,,,,,,
2019,310,634323,6,08-01-2019,05:07,1,8,Aug,,25,Grant,0,1,0,4,1,2,2,0,4,2,,,,12,0,2,Front-to-Front,46.6,1,0,1,No intersection,5,1,1,3,0,0,0,0,SR-24,,-119.6859806,46.66873611,,0,1,50,Lateral Move(Left/Right),10,2,60,5,0,0,1,2,12,1,2,2,1,6,Others,2,2,53,,0,2,404,2011,0,0,12,,,,,,1,1,53,1,0,,3,0,3,0,11,4,,,,,0,0,0,3,1,0,0,0,0,96,,,,,,0,,,,,,98277,53,69,170,6,1,0,0,0,0,,0,,,,,,0,,,1,0,0,0,8,9,8,,,0,0,0,8,0,8,95,,,96,,,8,95,995,,,,,,,,,,,,,,,,,,,,,,,,,,,,,,0,0,0,1,0,0,0,0,0,0,0,0,0,0,0,0,0,0,1,1,0,0,0,0,0,0,0,0,0,1,0,0,0,0,0,,0,0,0,0,0,0,0,0,0,0,0,0,0,0,0,0,,,,,,51-55,46-55,State route,U,Saturday,Belt Used,PV,Not Fatal,1,0,0,0,State Route,State Patrol,Washington State Patrol,0,1,0,0,0,,,,,,0,0,0,,,,,,,,,,,98,98,98,0,,,,,20,7,,,,,,,,,,,,,,,
2018,310,633536,1,08-29-2018,18:41,29,8,Aug,0,71,Walla Walla,0,1,0,1,1,2,1,0,1,1,,,,1,0,0,No vehicle,328.2,1,0,1,No intersection,3,1,1,2,0,0,0,0,US-12,,-118.4513861,46.05566389,99324,0,1,6,Drive off road,12,2,60,14,0,0,1,2,1,1,1,3,3,1,Going Straight,1,1,53,,0,2,403,2009,0,0,12,,,,,,1,1,57,2,0,,1,0,20,7,11,4,,,,,0,0,3,3,1,38,91,0,0,96,,,,,,9,,,,,,98277,53,64,140,6,1,0,2,1,2,,1,3,,,,,0,08-15-2014,02-15-2018,20,0,0,0,8,9,2,,,0,0,0,1,0,8,95,,,96,,,8,95,995,,,,,,,,,,,,,,,,,,,,,,,,,,,,,,0,0,0,1,0,0,0,0,0,0,0,0,0,0,0,0,0,0,1,1,0,0,0,0,0,0,0,0,0,1,0,0,0,0,0,,0,0,0,0,0,0,0,0,0,0,1,0,0,0,0,0,,,,,,56-60,56-65,State route,U,Saturday,Not Used,PV,Not Fatal,1,0,0,0,State Route,State Patrol,Washington State Patrol,0,1,0,0,0,,,,,,0,0,0,,,,,,,,,,,98,98,98,0,,,,,20,7,,,,,,,,,,,,,,,
2017,310,632726,278,08-04-2017,21:07,4,8,Aug,0,63,Spokane,2110,1,0,3,1,2,1,1,3,1,,,,9,0,0,No vehicle,0,2,0,3,T Intersection,7,2,4,6,0,0,0,0,S FRETA ST,E 12TH ST,-117.3576944,47.64457222,99202,0,1,13,Pedestrian/Animal,15,2,30,20,0,0,1,5,9,1,2,2,1,11,Turning Red: Permitted on red,3,2,53,,0,72,706,2016,0,0,64,1,,,,,1,1,49,1,7,,4,7,20,7,11,0,06/25/2019,12:01,53028461,28461,0,0,0,3,1,0,0,0,0,96,,,,,,99,,,,,,98387,53,69,210,6,1,0,0,0,0,,0,,,,,,0,,,20,8,0,0,0,9,8,,,0,0,0,8,9,8,95,,,96,,,8,95,995,,,,,,,,,,,,,,,,,,,,,,,,,,,,,,0,0,1,0,0,0,0,0,0,0,0,0,0,0,0,0,0,0,0,0,0,0,0,0,0,0,0,0,1,0,0,0,0,0,1,0,0,0,0,0,0,0,0,0,0,0,0,0,0,0,0,0,,,,,,46-50,46-55,Interstate,R,Tuesday,,MC,White,0,1,0,0,State Route,State Patrol,Washington State Patrol,1,1,0,0,0,,,,,,0,0,0,,,,,,,,,,,0,0,0,1,,,,,19,0,,,,,,,,,,,,,,,
2021,311,635835,1,08-11-2021,09:09,11,8,Aug,,77,Yakima,2220,1,,1,1,2,1,0,3,2,,,,12,0,6,Angle,69.7,1,0,1,No intersection,1,2,1,1,0,0,0,0,I-82,,-119.9648361,46.30085833,98944,0,2,45,Others,61,4,60,66,1,0,1,2,12,1,1,2,2,1,Going Straight,1,3,18,,0,12,422,1997,0,0,63,42,1,,,,1,1,24,8,0,,2,0,20,7,11,8,,,,,0,0,0,3,1,91,0,0,0,96,,,,,,9,,,,,,99205,53,72,180,6,1,0,1,1,0,,1,,,,,,0,04-15-2018,04-15-2018,20,9,0,0,8,9,8,,,0,0,0,8,1,2,695,,,1,,,2,1,0.15,,,,,,,,,,,,,,,,,,,,,,,,,,,,,,0,0,1,0,1,1,1,1,1,0,0,0,0,0,0,0,0,0,0,1,0,0,0,1,1,0,0,0,0,1,0,0,0,0,0,,0,0,0,0,0,1,1,1,0,0,0,0,0,0,0,1,,,,,,21-25,16-25,County road,U,Monday,Not Used,PV,Not Fatal,0,1,0,0,County Road,County Sheriff,Pend Oreille County Sheriff's Offic,1,0,1,0,0,,,carboxy-thc,13,,0,0,0,,,,,,,,,,,0,0,0,0,,,,,20,7,,,,,,,,,,,,,,,
2021,311,635834,1,08-11-2021,09:09,11,8,Aug,,77,Yakima,2220,1,,1,1,2,1,0,3,2,,,,12,0,6,Angle,69.7,1,0,1,No intersection,1,2,1,1,0,0,0,0,I-82,,-119.9648361,46.30085833,98944,0,1,47,Others,53,3,70,14,0,0,1,2,12,1,1,2,2,15,Others,2,1,53,,0,12,481,2001,0,0,12,,,,,,1,1,41,1,0,,1,0,3,0,11,8,,,,,6,0,0,3,1,0,0,0,0,96,,,,,,0,,,,,,98359,53,72,265,6,1,0,0,0,0,,0,,,,,,0,,,1,0,0,0,8,9,8,,,0,0,0,8,0,8,95,,,96,,,8,95,995,,,,,,,,,,,,,,,,,,,,,,,,,,,,,,0,0,0,0,1,0,1,1,1,0,0,0,0,0,0,0,0,0,0,0,0,0,0,0,0,0,0,0,0,1,0,0,0,0,0,,0,0,0,0,0,0,0,0,0,0,0,0,0,0,0,0,,,,,,41-45,36-45,County road,R,Thursday,Belt Used,PV,Not Fatal,0,1,1,0,County Road,County Sheriff,Kitsap County Sheriff's Office,0,0,1,0,0,,,,,,0,0,0,,,,,,,,,,,98,98,98,0,,,,,20,7,,,,,,,,,,,,,,,
2019,311,634322,5,08-20-2019,15:32,20,8,Aug,,15,Cowlitz,0,10,0,1,1,2,1,0,1,2,,,,14,0,0,No vehicle,7.3,1,0,1,No intersection,4,1,1,3,0,0,0,0,SR-504,,-122.79515,46.31074444,98645,0,1,11,Others,13,2,55,34,0,0,1,2,14,2,3,2,1,14,Making a U turn,1,1,53,,0,49,40,2011,0,0,68,12,,,,,1,1,57,2,7,,4,7,3,0,11,0,06/27/2019,16:26,53029349,29349,0,0,3,3,1,28,0,0,0,96,,,,,,9,,,,,,98367,53,63,125,6,1,0,0,0,2,,0,,,,,,0,04-15-2016,05-15-2016,8,0,0,0,0,1,1,,,0,0,0,1,1,2,605,695,,1,1,,2,1,0.078,,,,,,,,,,,,,,,,,,,,,,,,,,,,,,0,0,0,0,1,0,1,1,1,0,0,0,0,0,0,0,0,0,0,0,0,0,0,0,0,0,0,0,0,1,0,0,0,0,0,,1,0,0,0,1,0,1,1,0,0,0,0,0,0,0,1,,,,,,56-60,56-65,County road,R,Thursday,Belt Used,PV,White,0,1,1,0,County Road,County Sheriff,Kitsap County Sheriff's Office,0,0,1,0,0,thc,28,carboxy-thc,65,,0,0,0,,,,,,,,,,,98,98,98,1,,,,,20,7,,,,,,,,,,,,,,,
2018,311,633537,6,09-03-2018,15:23,3,9,Sep,6,37,Kittitas,0,1,0,1,1,2,2,0,9,1,15:26,15:35,15:48,24,0,0,No vehicle,107.5,1,0,1,No intersection,1,2,1,1,0,0,0,0,I-90,,-120.5456861,46.97478611,98926,0,1,6,Drive off road,1,1,60,65,1,0,1,2,21,1,2,3,3,1,Going Straight,9,1,53,,0,49,482,2003,0,0,12,,,,,,1,1,24,1,0,,1,0,3,0,11,8,,,,,0,0,0,3,1,0,0,0,0,96,,,,,,0,,,,,,98021,53,70,180,6,1,0,1,1,2,,0,,,,,,0,05-15-2016,08-15-2017,8,0,0,0,8,9,8,,,0,0,0,8,0,8,95,,,96,,,8,95,995,,,,,,,,,,,,,,,,,,,,,,,,,,,,,,0,0,0,0,0,0,1,1,1,0,0,0,0,1,0,0,1,0,1,0,0,1,1,1,1,0,0,0,0,1,0,0,0,0,0,,0,0,0,0,0,0,0,0,0,0,0,0,0,0,0,0,,,,,,21-25,16-25,State route,U,Tuesday,Belt Used,PV,Not Fatal,0,0,0,0,State Route,State Patrol,Washington State Patrol,0,1,0,0,0,,,,,,0,0,0,,,,,,,,,,,98,98,98,0,,,,,20,7,,,,,,,,,,,,,,,
2017,311,632758,6,08-17-2017,13:15,17,8,Aug,0,47,Okanogan,1600,1,0,1,1,2,1,0,2,2,13:28,13:48,15:30,12,0,6,Angle,277.4,2,0,4,Y Intersection,3,2,1,2,0,0,3,3,US-97,ENGH RD,-119.508675,48.41676944,98841,0,2,69,Initial Opposite Direction(Going Straight),62,4,50,66,1,0,1,2,12,1,1,4,1,1,Going Straight,1,3,53,,0,12,3,2000,0,0,12,,,,,,1,1,19,2,1,,4,7,3,0,11,0,06/25/2019,04:27,53028338,28338,0,0,0,0,1,38,48,0,0,93,,,,,,99,,,,,,98125,53,64,130,0,0,0,0,0,0,,0,,,,,,0,,,8,0,0,0,0,9,8,,,0,0,0,8,9,2,401,417,407,1,1,1,2,1,0,,,,,,,,,,,,,,,,,,,,,,,,,,,,,,0,0,0,0,0,0,1,1,1,0,0,0,0,1,0,0,1,0,1,0,0,1,1,1,1,0,0,0,0,1,0,0,0,0,0,,1,0,0,0,0,0,1,1,1,0,1,1,0,0,1,0,,,,,,18-20,16-25,State route,U,Tuesday,Belt Used,PV,Hispanic,0,0,0,0,State Route,State Patrol,Washington State Patrol,0,1,0,0,0,thc,4.8,carboxy-thc,23,,0,0,0,1,1,1,,,402,605,695,,,98,98,98,202,201,,,,20,7,,,,,,,nms,,,,,,,,
2017,311,632757,6,08-17-2017,13:15,17,8,Aug,0,47,Okanogan,1600,1,0,1,1,2,1,0,2,2,13:28,13:48,15:30,12,0,6,Angle,277.4,2,0,4,Y Intersection,3,2,1,2,0,0,3,3,US-97,ENGH RD,-119.508675,48.41676944,98841,0,1,68,Initial Opposite Direction(Left/Right),15,2,50,4,0,0,1,2,12,1,1,4,1,11,Turning Red: Permitted on red,1,1,53,,0,12,481,2004,0,0,68,64,30,,,,1,1,42,1,0,,3,0,20,7,11,8,,,,,0,0,0,3,1,33,91,0,0,96,,,,,,9,,,,,,98226,53,71,210,6,1,0,0,0,1,,1,,,,,,4,02-15-2015,07-15-2015,20,1,9,0,8,9,8,,,0,0,0,8,1,8,95,,,96,,,8,95,995,,,,,,,,,,,,,,,,,,,,,,,,,,,,,,0,0,1,0,1,0,0,0,0,0,0,0,1,0,0,0,0,0,0,0,0,0,0,0,0,0,0,0,0,1,0,0,0,0,0,,0,0,0,0,0,0,0,0,0,1,0,0,0,0,0,1,,,,,,41-45,36-45,County road,U,Sunday,Not Used,PV,Not Fatal,0,1,0,0,County Road,State Patrol,Washington State Patrol,1,0,1,0,0,,,,,,0,0,1,,,,,,,,,,,98,98,98,0,,,,,20,7,,,,,,,,,,,,,,,
2021,312,635838,7,08-19-2021,23:39,19,8,Aug,,33,King,0,1,,2,1,2,1,0,3,2,,,,12,0,1,Front-to-Rear,25.8,1,0,1,No intersection,2,2,1,3,0,0,0,0,SR-18,,-121.8979861,47.47393333,98025,0,2,25,Others,53,3,55,14,1,0,1,5,12,1,2,2,3,1,Going Straight,1,1,53,,0,85,881,2013,0,0,12,,,,,,1,1,59,1,0,,0,0,3,0,11,0,,,,,6,1,0,3,1,0,0,0,0,96,,,,,,0,,,,,,98632,53,70,180,6,1,0,0,1,0,,0,,,,,,0,08-15-2017,08-15-2017,20,0,0,0,8,9,2,,,0,0,0,0,0,8,95,,,96,,,8,95,995,,,,,,,,,,,,,,,,,,,,,,,,,,,,,,0,0,0,0,0,0,0,0,0,0,0,0,0,0,0,0,0,0,0,0,0,0,0,0,0,1,1,1,0,1,1,0,0,0,0,,0,0,0,0,0,0,0,0,0,0,0,0,0,0,0,0,,,,,,56-60,56-65,US highway,R,Wednesday,,MHTRUCK,Not Fatal,0,1,1,0,State Route,State Patrol,Washington State Patrol,0,1,0,0,0,,,,,,0,0,0,,,,,,,,,,,98,98,98,0,,,,,20,7,,,,,,,,,,,,,,,