year,something,Cases,repjur,crash_dt,crash_tm,accday,Month,Month,holiday,county,co_char,city,weather,weather2,lightcond,surfcond,surftype,Number of Fatalities,nmforms,pforms,vforms,not_tm,arr_tm,hosp_tm,fhevent,hitrun,Manner of Collision,Manner of Collision,milepnt,reljunc,reljuncinter,intersectiontype,Intersection Type,funcsystem,landuse,ownership,route,schlbus,spejur,contdev,devfunc,trafid1,trafid2,x,y,zipcode,wk_zone,vnumber,crashtype,Crash Type,criticalevent,criticaleventcat,spdlim,body,trailer,emerg,hazcargo,leave,mhevent,roadalgn,roadprof,traflane,trafflow,Vehicle Manure,Vehicle Manure,numoccs,regowner,regstate,,spuse,make,model,modelyr,vrf1,vrf2,seqevent1,seqevent2,seqevent3,seqevent4,seqevent5,seqevent6,pnumber,ptype,age,sex,hispanic,race,injury,diedscene,restraint,restraintmisuse,seatpos,takehosp,death_dt,death_tm,cert,cernum_wa,commlic,licendor,licrestrict,liccomp,drivpres,drf1,drf2,drf3,drf4,distract1,distract2,distract3,distract4,distract5,distract6,dricond1,dricond2,dricond3,dricond4,dricond5,dricond6,dzip,licstate,drhgt_in,weight,noncdl,noncdltype,prevdwi,prevoth,prevacc,prevspd,prevsus,driviol1,driviol2,driviol3,driviol4,driviol5,driviol6,spdrel,first_dt,last_dt,airbag,ejection,ejectpath,extricat,injurwrk,methalc,methdrug,nmlocat,strikveh,prf1,prf2,prf3,druginv,alcinvol,drugsts,drugres1,drugres2,drugres3,drugtst1,drugtst2,drugtst3,alcsts,alctst,alcres,nmact1,nmact2,nmact3,nmact4,nmact5,nmact6,nmprior1,nmprior2,nmprior3,nmprior4,nmprior5,nmprior6,nmcond1,nmcond2,nmcond3,nmcond4,nmcond5,nmcond6,nmsafe_helmet,nmsafe_pads,nmsafe_oth,nmprev_ref,nmprev_lgt,nmprev_oth,crashlocation,nmcrashtype,crosswalk,schoolzone,sidewalk,train_inv,wildlife_inv,rotr_fars,intersect_fars,Drink and Drive,aid_inv,Drug Positive Drivers,Impaired Drivers,Marijuana Positive,impnm_inv,ainm_inv,dpnm_inv,speed_inv,unlic_inv,unendmc_inv,drowsy_inv,drdist_inv,nmdist_inv,fty_inv,unrestfat_inv,dr1617_inv,dr1820_inv,dr1620_inv,dr2125_inv,dr1625_inv,dr65_inv,dr70_inv,dr75_inv,mc_inv,pv_inv,ht_inv,ped_inv,bike_inv,unrest_fat,mc_fat,unhelmet_mc,pv_fat,ht_fat,ped_fat,bike_fat,dr_alc7,dr_alc8,dr_drug,dr_imp,dr_dist,dr_spd,dr_fty,dr_unlic,dr_alc7only,dr_alc8only,dr_drugonly,dr_drink,nm_imp,nm_alc7,nm_alc8,nm_drug,nm_dist,agegrp1,agegrp2,roadclass,urbrur,dayweek,restuse,vehtype,race_me,intersect,lanedep,oppdir,wrongway,rep_typ,investag,repag_long,rotr,st_rd,cty_rd,city_rd,oth_rd,drug_thc,thc_res,drug_cthc,cthc_res,drug_cann,prevpersemin,prevperse,prevsusoth,drugtst4,drugtst5,drugtst6,drugtst7,drugtst8,drugres4,drugres5,drugres6,drugres7,drugres8,adspresent,adsengaged,adslevel,race1,race2,race3,race4,race5,helmet,helmetmisuse,nmdistract1,nmdistract2,nmdistract3,nmdistract4,nmdistract5,nmdistract6,lab,isedtcase,crf1,crf2,crf3,CoRoadName,CoMP,IntCoRoadName,IntCoMP
2021,312,635837,7,08-19-2021,23:39,19,8,Aug,,33,King,0,1,,2,1,2,1,0,3,2,,,,12,0,1,Front-to-Rear,25.8,1,0,1,No intersection,2,2,1,3,0,0,0,0,SR-18,,-121.8979861,47.47393333,98025,0,1,24,Others,51,3,55,80,0,0,1,2,12,1,2,2,3,1,Going Straight,2,1,53,,0,35,49,2018,0,0,12,12,,,,,1,1,61,1,0,,3,0,3,0,11,8,,,,,0,0,0,3,1,0,0,0,0,96,,,,,,0,,,,,,48383,26,73,165,6,1,0,0,0,0,,0,,,,,,0,,,8,0,0,0,8,9,2,,,0,0,0,0,0,8,95,,,96,,,8,95,995,,,,,,,,,,,,,,,,,,,,,,,,,,,,,,0,0,0,0,0,0,0,0,0,0,0,0,0,0,0,0,0,0,0,0,0,0,0,0,0,1,1,1,0,1,1,0,0,0,0,,0,0,0,0,0,0,0,0,0,0,0,0,0,0,0,0,,,,,,61-65,56-65,US highway,R,Wednesday,Belt Used,PV,Not Fatal,0,1,1,0,State Route,State Patrol,Washington State Patrol,0,1,0,0,0,,,,,,0,0,0,,,,,,,,,,,98,98,98,0,,,,,20,7,,,,,,,,,,,,,,,
2020,312,635025,6,08-26-2020,13:18,26,8,Aug,,7,Chelan,0,1,,1,1,2,1,0,5,2,13:19,13:29,14:06,12,0,1,Front-to-Rear,106,1,0,1,No intersection,2,1,1,2,0,0,0,0,US-2,,-120.5641778,47.54123056,98821,0,2,25,Others,53,3,60,92,0,0,1,2,12,1,1,2,3,1,Going Straight,1,0,53,,0,30,47,2016,0,0,68,12,,,,,1,1,75,2,7,,4,7,3,0,11,0,06/26/2019,09:35,53029032,29032,0,0,0,3,1,28,0,0,0,96,,,,,,99,,,,,,98424,53,64,168,6,1,0,2,2,0,,0,,,,,,0,11-15-2015,12-15-2015,1,0,0,0,0,9,8,,,0,0,0,8,9,8,95,,,96,,,8,95,995,,,,,,,,,,,,,,,,,,,,,,,,,,,,,,0,0,0,0,0,0,0,0,0,0,0,0,0,0,0,0,0,0,0,0,0,0,0,0,0,1,1,1,0,1,1,0,0,0,0,,1,0,0,0,0,0,0,0,0,0,0,0,0,0,0,0,,,,,,71-75,66-75,US highway,R,Wednesday,Belt Used,PV,White,0,1,1,0,State Route,State Patrol,Washington State Patrol,0,1,0,0,0,,,,,,0,0,0,,,,,,,,,,,98,98,98,1,,,,,20,7,,,,,,,,,,,,,,,
2020,312,635024,6,08-26-2020,13:18,26,8,Aug,,7,Chelan,0,1,,1,1,2,1,0,5,2,13:19,13:29,14:06,12,0,1,Front-to-Rear,106,1,0,1,No intersection,2,1,1,2,0,0,0,0,US-2,,-120.5641778,47.54123056,98821,0,1,24,Others,51,3,60,34,0,0,1,2,12,1,1,2,3,1,Going Straight,4,2,53,,0,2,404,2005,0,0,63,38,8,8,31,,1,1,71,1,0,,0,0,99,7,11,0,,,,,0,0,0,3,1,91,0,0,0,96,,,,,,9,,,,,,98671,53,66,140,6,1,0,0,0,0,,1,7,,,,,0,,,20,0,0,0,8,9,8,,,0,0,0,8,1,2,1,,,1,,,2,1,0.075,,,,,,,,,,,,,,,,,,,,,,,,,,,,,,0,0,1,0,1,0,0,0,0,0,0,0,0,0,0,0,0,0,0,0,0,0,0,0,0,1,1,0,0,1,0,1,0,0,0,,0,0,0,0,1,0,0,0,0,0,0,0,1,0,0,1,,,,,,71-75,66-75,City street,U,Tuesday,Unknown,PV,Not Fatal,0,1,0,0,City Street,Municipal/City Police,Washougal Police Department,1,0,0,1,0,,,,,,0,0,0,,,,,,,,,,,98,98,98,0,,,,,20,7,,,,,,,,,,,,,,,
2019,312,634328,2,09-02-2019,17:46,2,9,Sep,,73,Whatcom,0,1,0,1,1,2,1,0,4,2,,,,12,0,2,Front-to-Front,14.1,2,0,7,Five point or more,4,1,1,3,0,0,0,0,SR-542,DEMING RD,-122.2096028,48.821075,98247,0,1,68,Initial Opposite Direction(Left/Right),10,2,55,34,0,0,1,5,12,1,1,2,1,11,Turning Red: Permitted on red,1,2,53,,0,35,39,2000,0,0,63,69,68,64,42,,1,1,24,1,7,,4,7,3,0,11,0,06/20/2019,17:04,53028150,28150,0,0,0,3,1,58,0,0,0,96,,,,,,99,,,,,,98668,53,72,140,6,1,0,0,0,0,,0,,,,,,4,,,2,0,0,0,0,9,8,,,0,0,0,8,9,2,605,695,,1,1,,2,1,0.15,,,,,,,,,,,,,,,,,,,,,,,,,,,,,,0,0,0,0,1,1,1,1,1,0,0,0,1,0,0,0,0,0,0,0,0,0,0,1,1,0,0,0,0,1,0,0,0,0,0,,1,0,0,0,0,1,1,1,0,1,0,0,0,0,0,1,,,,,,21-25,16-25,State route,R,Thursday,Belt Used,PV,White,0,1,0,0,State Route,State Patrol,Washington State Patrol,1,1,0,0,0,thc,14,carboxy-thc,29,,0,0,0,,,,,,,,,,,98,98,98,1,,,,,20,7,,,,,,,,,,,,,,,
2017,312,632769,3,08-18-2017,04:04,18,8,Aug,0,53,Pierce,0,1,0,2,1,2,1,1,1,1,04:05,04:14,,8,0,0,No vehicle,7.1,1,0,1,No intersection,3,2,1,3,0,0,0,0,SR-512,,-122.3260917,47.15818611,98373,0,1,13,Pedestrian/Animal,80,5,60,34,0,0,1,2,8,1,1,2,3,1,Going Straight,1,3,53,,0,7,482,1998,0,0,63,69,63,1,,,1,1,33,1,7,,4,7,20,7,11,0,06/21/2019,11:25,53027954,27954,0,0,0,3,1,0,0,0,0,96,,,,,,99,,,,,,98951,53,75,225,6,1,0,0,0,0,,0,,,,,,4,,,20,2,9,0,0,9,8,,,0,0,0,8,9,2,605,695,,1,1,,2,1,0.23,,,,,,,,,,,,,,,,,,,,,,,,,,,,,,0,0,1,0,1,1,1,1,1,0,0,0,1,0,0,0,0,0,0,1,0,0,0,0,0,0,0,0,0,1,0,0,0,1,0,,1,0,0,0,0,1,1,1,0,1,0,0,0,0,0,1,,,,,,31-35,26-35,County road,U,Friday,Not Used,PV,White,1,0,0,0,County Road,County Sheriff,Yakima County Sheriff's Office,0,0,1,0,0,thc,2.9,carboxy-thc,15,,0,0,0,,,,,,,,,,,0,0,0,1,,,,,20,7,,,,,,,,,,,,,,,
2019,312,634329,2,09-02-2019,17:46,2,9,Sep,,73,Whatcom,0,1,0,1,1,2,1,0,4,2,,,,12,0,2,Front-to-Front,14.1,2,0,7,Five point or more,4,1,1,3,0,0,0,0,SR-542,DEMING RD,-122.2096028,48.821075,98247,0,2,69,Initial Opposite Direction(Going Straight),62,4,55,67,1,0,1,2,12,1,1,2,1,1,Going Straight,3,9,95,,0,20,481,2016,0,0,54,,,,,,1,1,41,1,0,,0,0,3,0,11,0,,,,,0,0,0,3,1,0,0,0,0,96,,,,,,0,,,,,,98837,53,68,190,6,1,0,1,1,0,,0,,,,,,0,12-15-2014,08-15-2015,20,0,0,0,8,9,8,,,0,0,0,8,0,8,95,,,96,,,8,95,995,,,,,,,,,,,,,,,,,,,,,,,,,,,,,,0,0,1,0,0,0,0,0,0,0,0,0,0,1,0,1,0,0,0,1,0,0,0,1,1,0,0,0,0,1,0,0,0,0,0,,0,0,0,0,0,0,0,0,0,0,0,0,0,0,0,0,,,,,,41-45,36-45,State route,R,Sunday,Belt Used,PV,Not Fatal,0,1,0,0,State Route,State Patrol,Washington State Patrol,1,1,0,0,0,,,,,,0,0,0,,,,,,,,,,,98,98,98,0,,,,,20,7,,,,,,,,,,,,,,,
2018,312,633538,122,09-08-2018,20:03,8,9,Sep,0,61,Snohomish,690,1,0,3,1,2,1,1,1,1,,,,8,1,0,No vehicle,8.6,3,0,3,T Intersection,3,2,1,3,0,0,0,0,SR-527,98TH ST SE,-122.2070611,47.90926667,98208,0,1,13,Pedestrian/Animal,80,5,35,99,0,0,1,5,8,1,1,3,5,1,Going Straight,99,9,99,,0,20,36,2004,0,0,54,,,,,,1,1,59,2,0,,0,0,3,0,11,0,,,,,0,0,3,3,1,0,0,0,0,96,,,,,,0,,,,,,99135,53,67,210,6,1,0,1,0,0,,0,,,,,,0,12-15-2018,12-15-2018,20,0,0,0,8,9,8,,,0,0,0,8,0,8,95,,,96,,,8,95,995,,,,,,,,,,,,,,,,,,,,,,,,,,,,,,0,0,1,0,0,0,0,0,0,0,0,0,0,1,0,1,0,0,0,1,0,0,0,1,1,0,0,0,0,1,0,0,0,0,0,,0,0,0,0,0,0,0,0,0,0,0,0,0,0,0,0,,,,,,56-60,56-65,State route,R,Sunday,Belt Used,PV,Not Fatal,0,1,0,0,State Route,State Patrol,Washington State Patrol,1,1,0,0,0,,,,,,0,0,0,,,,,,,,,,,98,98,98,0,,,,,20,7,,,,,,,,,,,,,,,
2020,313,635026,4,08-24-2020,07:44,24,8,Aug,,63,Spokane,0,1,,1,1,2,1,0,2,2,07:51,07:54,,12,0,6,Angle,181.1,2,0,2,4 Way,3,1,1,2,0,0,20,3,US-395,DENISON-CHATTEROY,-117.4397194,47.90368611,99006,0,1,87,Others,17,2,35,4,0,0,1,2,12,1,1,2,1,4,Others,1,2,16,,0,37,441,2002,0,0,54,,,,,,1,1,45,1,0,,0,0,3,0,11,0,,,,,0,0,0,3,1,0,0,0,0,96,,,,,,0,,,,,,98823,53,65,190,6,1,0,1,1,4,,0,,,,,,0,11-15-2014,12-15-2017,20,0,0,0,8,9,8,,,0,0,0,8,0,8,95,,,96,,,8,95,995,,,,,,,,,,,,,,,,,,,,,,,,,,,,,,0,0,1,0,0,0,0,0,0,0,0,0,0,1,0,1,0,0,0,1,0,0,0,1,1,0,0,0,0,1,0,0,0,0,0,,0,0,0,0,0,0,0,0,0,0,0,0,0,0,0,0,,,,,,41-45,36-45,State route,R,Sunday,Belt Used,PV,Not Fatal,0,1,0,0,State Route,State Patrol,Washington State Patrol,1,1,0,0,0,,,,,,0,0,0,,,,,,,,,,,98,98,98,0,,,,,20,7,,,,,,,,,,,,,,,
2018,313,633539,1,08-26-2018,19:27,26,8,Aug,0,5,Benton,0,1,0,1,1,1,2,0,2,1,19:23,19:39,,1,0,0,No vehicle,89,1,0,1,No intersection,1,1,1,1,0,0,0,0,I-82,,-119.6228556,46.24771389,,0,1,98,Others,9,1,70,34,0,0,1,2,1,1,1,2,3,6,Others,2,2,49,,0,12,481,2002,0,0,68,64,35,1,60,54,1,1,23,2,7,,4,7,20,7,11,0,06-09-2019,03:55,53026373,26373,0,0,3,2,1,0,0,0,0,96,,,,,,2,,,,,,98851,53,66,180,1,1,0,4,0,0,,0,,,,,,0,10-15-2014,08-15-2018,1,1,9,0,0,9,8,,,0,0,0,8,9,8,95,,,96,,,8,95,995,,,,,,,,,,,,,,,,,,,,,,,,,,,,,,0,0,1,0,0,0,0,0,0,0,0,0,0,1,0,1,0,0,0,1,0,0,0,1,1,0,0,0,0,1,0,0,0,1,0,,1,0,0,0,0,0,0,0,0,0,0,1,0,0,0,0,,,,,,21-25,16-25,State route,R,Sunday,Not Used,PV,White,0,1,0,0,State Route,State Patrol,Washington State Patrol,1,1,0,0,0,,,,,,0,0,6,,,,,,,,,,,98,98,98,1,,,,,20,7,,,,,,,,,,,,,,,
2020,313,635027,4,08-24-2020,07:44,24,8,Aug,,63,Spokane,0,1,,1,1,2,1,0,2,2,07:51,07:54,,12,0,6,Angle,181.1,2,0,2,4 Way,3,1,1,2,0,0,0,0,US-395,DENISON-CHATTEROY,-117.4397194,47.90368611,99006,0,2,86,Others,66,4,60,21,0,0,1,5,12,1,1,4,1,1,Going Straight,1,2,53,,0,12,37,2001,0,0,12,,,,,,1,1,61,2,7,,4,0,3,0,11,4,07-06-2019,08:53,69053030431,30431,0,0,0,3,1,0,0,0,0,96,,,,,,0,,,,,,98292,53,67,175,6,1,0,0,1,1,,0,,,,,,0,08-15-2016,05-15-2018,8,0,0,0,0,9,8,,,0,0,0,8,9,2,348,,,1,,,2,1,0,,,,,,,,,,,,,,,,,,,,,,,,,,,,,,0,0,0,1,0,0,1,1,0,0,0,0,0,1,0,0,1,0,0,0,0,0,0,0,0,0,0,0,0,1,0,0,0,0,0,,1,0,0,0,0,0,1,1,0,0,0,0,0,0,1,0,,,,,,61-65,56-65,County road,R,Sunday,Belt Used,PV,Multiracial,0,1,1,0,County Road,County Sheriff,Snohomish County Sheriff's Office,0,0,1,0,0,,,,,,0,0,0,,,,,,,,,,,98,98,98,201,298,,,,20,7,,,,,,,,,,,,,,,
2019,313,634333,2,08-18-2019,11:33,18,8,Aug,,61,Snohomish,0,1,0,1,1,2,1,0,3,2,,,,12,0,2,Front-to-Front,12.2,1,0,1,No intersection,3,1,1,2,0,0,0,0,US-2,,-122.0200417,47.88086667,98290,0,2,51,Lateral Move(Going Straight),62,4,60,6,0,0,1,7,12,1,1,2,1,1,Going Straight,2,2,53,,0,49,472,2015,0,0,68,12,,,,,1,1,42,1,0,,1,0,3,0,11,8,,,,,0,0,0,2,1,28,0,0,0,93,,,,,,0,,,,,,98233,53,74,215,1,1,0,1,1,0,,2,,,,,,0,09-15-2014,12-15-2018,1,0,0,0,8,9,8,,,0,0,0,8,0,8,95,,,96,,,8,95,995,,,,,,,,,,,,,,,,,,,,,,,,,,,,,,0,0,0,1,0,0,1,1,0,0,0,0,0,1,0,0,1,0,0,0,0,0,0,0,0,0,0,0,0,1,0,0,0,0,0,,0,0,0,0,0,0,0,0,1,0,0,1,0,0,0,0,,,,,,41-45,36-45,County road,R,Sunday,Belt Used,PV,Not Fatal,0,1,1,0,County Road,County Sheriff,Snohomish County Sheriff's Office,0,0,1,0,0,,,,,,0,0,3,,,,,,,,,,,98,98,98,0,,,,,20,7,,,,,,,,,,,,,,,
2019,313,634332,2,08-18-2019,11:33,18,8,Aug,,61,Snohomish,0,1,0,1,1,2,1,0,3,2,,,,12,0,2,Front-to-Front,12.2,1,0,1,No intersection,3,1,1,2,0,0,0,0,US-2,,-122.0200417,47.88086667,98290,0,1,50,Lateral Move(Left/Right),10,2,98,80,0,0,1,7,12,1,1,2,1,1,Going Straight,1,1,53,,0,37,706,2006,0,0,63,31,,,,,1,1,31,1,7,,4,0,20,7,11,8,06/23/2019,22:35,2.39E+11,28399,6,0,0,3,1,0,0,0,0,96,,,,,,99,,,,,,99362,53,75,170,6,1,1,1,0,1,,0,,,,,,3,01-15-2015,06-15-2017,20,8,0,0,0,9,8,,,0,0,0,8,9,8,95,,,96,,,8,95,995,,,,,,,,,,,,,,,,,,,,,,,,,,,,,,0,0,1,1,0,0,0,0,0,0,0,0,1,0,0,0,0,0,0,0,0,0,0,0,0,0,0,0,1,0,0,0,0,0,1,0,0,0,0,0,0,0,0,0,0,1,0,0,0,0,0,0,,,,,,31-35,26-35,City street,U,Sunday,,MC,White,0,1,0,0,City Street,Municipal/City Police,Walla Walla Police Department,1,0,0,1,0,,,,,,0,1,0,,,,,,,,,,,0,0,0,1,,,,,19,0,,,,,,,,,,,,,,,
2017,313,632753,42,08-16-2017,14:45,16,8,Aug,0,67,Thurston,0,1,0,1,1,2,1,0,6,3,,,,12,0,6,Angle,2.3,2,0,3,T Intersection,5,2,2,4,0,0,0,0,CR-OLD HWY 99 SW,SARGENT RD SW,-123.0120583,46.797825,98579,0,3,98,Others,90,6,35,34,0,0,1,5,54,1,1,2,1,1,Going Straight,2,2,53,,0,49,401,2004,0,0,12,,,,,,1,1,26,1,0,,1,0,3,0,11,0,,,,,0,0,0,3,1,0,0,0,0,96,,,,,,0,,,,,,98822,53,73,205,6,1,0,2,0,1,,0,,,,,,0,03-15-2015,06-15-2018,8,0,0,0,8,9,8,,,0,0,0,8,0,8,95,,,96,,,8,95,995,,,,,,,,,,,,,,,,,,,,,,,,,,,,,,0,0,0,0,1,0,0,0,0,0,0,0,0,0,0,0,0,0,0,0,0,1,1,1,1,0,0,0,0,1,0,0,0,0,0,,0,0,0,0,0,0,0,0,0,0,0,0,0,0,0,0,,,,,,26-30,26-35,US highway,R,Sunday,Belt Used,PV,Not Fatal,0,1,1,0,State Route,State Patrol,Washington State Patrol,0,1,0,0,0,,,,,,0,0,0,,,,,,,,,,,98,98,98,0,,,,,20,7,,,,,,,,,,,,,,,
2017,313,632752,42,08-16-2017,14:45,16,8,Aug,0,67,Thurston,0,1,0,1,1,2,1,0,6,3,,,,12,0,6,Angle,2.3,2,0,3,T Intersection,5,2,2,4,0,0,0,0,CR-OLD HWY 99 SW,SARGENT RD SW,-123.0120583,46.797825,98579,0,2,83,Others,67,4,35,63,0,0,1,5,12,1,1,2,1,1,Going Straight,3,3,53,,0,20,481,2000,0,0,12,,,,,,1,1,23,1,0,,0,0,3,0,11,0,,,,,0,0,0,3,1,0,0,0,0,96,,,,,,0,,,,,,98822,53,65,190,6,1,0,0,0,0,,0,,,,,,0,,,1,0,0,0,8,9,8,,,0,0,0,0,0,8,95,,,96,,,8,95,995,,,,,,,,,,,,,,,,,,,,,,,,,,,,,,0,0,0,0,1,0,0,0,0,0,0,0,0,0,0,0,0,0,0,0,0,1,1,1,1,0,0,0,0,1,0,0,0,0,0,,0,0,0,0,0,0,0,0,0,0,0,0,0,0,0,0,,,,,,21-25,16-25,US highway,R,Sunday,Belt Used,PV,Not Fatal,0,1,1,0,State Route,State Patrol,Washington State Patrol,0,1,0,0,0,,,,,,0,0,0,,,,,,,,,,,98,98,98,0,,,,,20,7,,,,,,,,,,,,,,,
2017,313,632751,42,08-16-2017,14:45,16,8,Aug,0,67,Thurston,0,1,0,1,1,2,1,0,6,3,,,,12,0,6,Angle,2.3,2,0,3,T Intersection,5,2,2,4,0,0,20,3,CR-OLD HWY 99 SW,SARGENT RD SW,-123.0120583,46.797825,98579,0,1,82,Turn Into Opp Direction(Turning Left),15,2,35,4,0,0,1,2,12,1,1,2,1,11,Turning Red: Permitted on red,1,1,53,,0,49,32,2006,0,0,68,12,12,,,,1,1,20,2,7,,4,0,3,0,11,4,05/26/2019,03:31,2.46E+11,23627,0,0,3,3,1,28,0,0,0,96,,,,,,99,,,,,,84015,49,73,165,6,1,0,1,98,0,,0,,,,,,0,10-15-2016,10-15-2016,8,0,0,0,0,1,8,,,0,0,0,8,1,2,1,,,1,,,2,1,0.063,,,,,,,,,,,,,,,,,,,,,,,,,,,,,,0,0,0,0,1,0,0,0,0,0,0,0,0,0,0,0,0,0,0,0,0,1,1,1,1,0,0,0,0,1,0,0,0,0,0,,1,0,0,0,1,0,0,0,0,0,0,0,1,0,0,1,,,,,,18-20,16-25,US highway,R,Sunday,Belt Used,PV,Black,0,1,1,0,State Route,State Patrol,Washington State Patrol,0,1,0,0,0,,,,,,0,0,0,,,,,,,,,,,98,98,98,2,,,,,20,7,,,,,,,,,,,,,,,
2021,314,3835802,263,07-14-2021,11:10,14,7,July,,33,King,1960,1,,1,1,1,1,1,1,1,,,,8,1,0,No vehicle,0,1,0,1,No intersection,7,2,4,6,0,0,0,0,37TH AVE S,,-122.2859333,47.51528611,98118,0,1,13,Pedestrian/Animal,80,5,20,61,0,0,1,5,8,1,2,8,1,1,Going Straight,1,3,53,,0,55,401,2003,0,0,63,69,1,,,,1,1,65,2,7,,4,0,3,0,11,5,05-01-2019,14:20,1.96E+11,20367,0,0,0,3,1,58,0,0,0,93,,,,,,0,,,,,,98568,53,66,250,6,1,0,0,1,0,,0,,,,,,0,07-15-2017,07-15-2017,20,0,0,0,0,9,8,,,0,0,0,8,0,2,1,,,1,,,2,1,0,,,,,,,,,,,,,,,,,,,,,,,,,,,,,,0,0,0,0,0,0,0,0,0,0,0,0,0,0,0,0,1,0,0,0,0,0,0,0,0,1,0,0,0,1,0,0,0,0,0,,1,0,0,0,0,0,0,0,1,0,0,0,0,0,0,0,,,,,,61-65,56-65,County road,R,Monday,Belt Used,PV,White,0,1,0,0,County Road,County Sheriff,Grays Harbor County Sheriff's Offic,1,0,1,0,0,,,,,,0,0,0,,,,,,,,,,,98,98,98,1,,,,,20,7,,,,,,,,,,,,,,,
2019,314,3795706,263,08-13-2019,21:20,13,8,Aug,,33,King,1960,1,0,3,1,2,1,1,1,1,,,,8,0,0,No vehicle,31,1,0,1,No intersection,3,2,1,3,0,0,0,0,SR-99,,-122.34455,47.69048333,98103,0,1,13,Pedestrian/Animal,80,5,30,20,0,0,1,7,8,1,1,2,2,1,Going Straight,1,2,53,,0,20,402,2001,0,0,12,,,,,,1,1,55,2,0,,0,0,3,0,11,0,,,,,0,0,0,3,1,0,0,0,0,96,,,,,,0,,,,,,98936,53,62,138,6,1,0,0,0,0,,0,,,,,,0,,,20,0,0,0,8,9,8,,,0,0,0,8,0,8,95,,,96,,,8,95,995,,,,,,,,,,,,,,,,,,,,,,,,,,,,,,0,0,0,0,1,0,1,1,0,0,0,0,0,0,0,0,0,0,0,0,0,0,0,0,0,1,1,1,0,1,0,0,0,0,0,,0,0,0,0,0,0,0,0,0,0,0,0,0,0,0,0,,,,,,51-55,46-55,County road,U,Friday,Belt Used,PV,Not Fatal,0,1,1,0,County Road,County Sheriff,Yakima County Sheriff's Office,0,0,1,0,0,,,,,,0,0,0,,,,,,,,,,,98,98,98,0,,,,,20,7,,,,,,,,,,,,,,,
2020,314,635014,278,08-28-2020,00:18,28,8,Aug,,63,Spokane,2110,1,,2,1,2,1,0,1,1,,,,1,0,0,No vehicle,0,1,0,1,No intersection,5,2,4,6,0,0,0,0,N AUBREY L WHITE PKWY,,-117.4996556,47.71099444,99208,0,1,6,Drive off road,12,2,25,1,0,0,1,2,1,2,1,2,1,14,Making a U turn,1,2,53,,0,14,6,2005,0,0,12,,,,,,1,1,81,2,7,,4,0,3,0,11,1,06/19/2019,12:49,1.96E+11,28111,0,0,3,3,1,0,0,0,0,96,,,,,,0,,,,,,98942,53,64,222,6,1,0,1,2,0,,0,,,,,,0,05-15-2016,01-15-2019,20,0,0,0,0,9,8,,,0,0,0,8,0,2,996,996,,1,1,,2,1,0,,,,,,,,,,,,,,,,,,,,,,,,,,,,,,0,0,0,0,1,0,1,1,0,0,0,0,0,0,0,0,0,0,0,0,0,0,0,0,0,1,1,1,0,1,0,0,0,0,0,,1,0,0,0,0,0,1,1,0,0,0,0,0,0,1,0,,,,,,81+,76+,County road,U,Friday,Belt Used,PV,White,0,1,1,0,County Road,County Sheriff,Yakima County Sheriff's Office,0,0,1,0,0,,,,,,0,0,0,,,,,,,,,,,98,98,98,1,,,,,20,7,,,,,,,,,,,,,,,
2018,314,633521,6,08-10-2018,10:56,10,8,Aug,0,25,Grant,0,1,0,1,1,2,1,0,4,2,10:56,11:07,11:34,12,0,6,Angle,29.1,2,0,2,4 Way,3,1,1,3,0,0,0,0,SR-28,ROAD 10 NW,-119.9536417,47.23300278,,0,2,69,Initial Opposite Direction(Going Straight),62,4,60,4,0,0,1,7,12,1,1,4,1,1,Going Straight,2,1,53,,0,20,481,2002,0,0,68,12,12,,,,1,1,56,1,0,,0,0,3,0,11,0,,,,,0,0,0,3,1,28,0,0,0,96,,,,,,9,,,,,,98942,53,67,165,6,1,0,0,1,0,,97,,,,,,0,04-15-2018,04-15-2018,20,0,0,0,8,9,2,,,0,0,0,1,1,8,95,,,96,,,8,95,995,,,,,,,,,,,,,,,,,,,,,,,,,,,,,,0,0,0,0,1,0,1,1,0,0,0,0,0,0,0,0,0,0,0,0,0,0,0,0,0,1,1,1,0,1,0,0,0,0,0,,0,0,0,0,0,0,0,0,0,0,0,0,0,0,0,1,,,,,,56-60,56-65,County road,U,Friday,Belt Used,PV,Not Fatal,0,1,1,0,County Road,County Sheriff,Yakima County Sheriff's Office,0,0,1,0,0,,,,,,0,0,0,,,,,,,,,,,98,98,98,0,,,,,20,7,,,,,,,,,,,,,,,