year,something,Cases,repjur,crash_dt,crash_tm,accday,Month,Month,holiday,county,co_char,city,weather,weather2,lightcond,surfcond,surftype,Number of Fatalities,nmforms,pforms,vforms,not_tm,arr_tm,hosp_tm,fhevent,hitrun,Manner of Collision,Manner of Collision,milepnt,reljunc,reljuncinter,intersectiontype,Intersection Type,funcsystem,landuse,ownership,route,schlbus,spejur,contdev,devfunc,trafid1,trafid2,x,y,zipcode,wk_zone,vnumber,crashtype,Crash Type,criticalevent,criticaleventcat,spdlim,body,trailer,emerg,hazcargo,leave,mhevent,roadalgn,roadprof,traflane,trafflow,Vehicle Manure,Vehicle Manure,numoccs,regowner,regstate,,spuse,make,model,modelyr,vrf1,vrf2,seqevent1,seqevent2,seqevent3,seqevent4,seqevent5,seqevent6,pnumber,ptype,age,sex,hispanic,race,injury,diedscene,restraint,restraintmisuse,seatpos,takehosp,death_dt,death_tm,cert,cernum_wa,commlic,licendor,licrestrict,liccomp,drivpres,drf1,drf2,drf3,drf4,distract1,distract2,distract3,distract4,distract5,distract6,dricond1,dricond2,dricond3,dricond4,dricond5,dricond6,dzip,licstate,drhgt_in,weight,noncdl,noncdltype,prevdwi,prevoth,prevacc,prevspd,prevsus,driviol1,driviol2,driviol3,driviol4,driviol5,driviol6,spdrel,first_dt,last_dt,airbag,ejection,ejectpath,extricat,injurwrk,methalc,methdrug,nmlocat,strikveh,prf1,prf2,prf3,druginv,alcinvol,drugsts,drugres1,drugres2,drugres3,drugtst1,drugtst2,drugtst3,alcsts,alctst,alcres,nmact1,nmact2,nmact3,nmact4,nmact5,nmact6,nmprior1,nmprior2,nmprior3,nmprior4,nmprior5,nmprior6,nmcond1,nmcond2,nmcond3,nmcond4,nmcond5,nmcond6,nmsafe_helmet,nmsafe_pads,nmsafe_oth,nmprev_ref,nmprev_lgt,nmprev_oth,crashlocation,nmcrashtype,crosswalk,schoolzone,sidewalk,train_inv,wildlife_inv,rotr_fars,intersect_fars,Drink and Drive,aid_inv,Drug Positive Drivers,Impaired Drivers,Marijuana Positive,impnm_inv,ainm_inv,dpnm_inv,speed_inv,unlic_inv,unendmc_inv,drowsy_inv,drdist_inv,nmdist_inv,fty_inv,unrestfat_inv,dr1617_inv,dr1820_inv,dr1620_inv,dr2125_inv,dr1625_inv,dr65_inv,dr70_inv,dr75_inv,mc_inv,pv_inv,ht_inv,ped_inv,bike_inv,unrest_fat,mc_fat,unhelmet_mc,pv_fat,ht_fat,ped_fat,bike_fat,dr_alc7,dr_alc8,dr_drug,dr_imp,dr_dist,dr_spd,dr_fty,dr_unlic,dr_alc7only,dr_alc8only,dr_drugonly,dr_drink,nm_imp,nm_alc7,nm_alc8,nm_drug,nm_dist,agegrp1,agegrp2,roadclass,urbrur,dayweek,restuse,vehtype,race_me,intersect,lanedep,oppdir,wrongway,rep_typ,investag,repag_long,rotr,st_rd,cty_rd,city_rd,oth_rd,drug_thc,thc_res,drug_cthc,cthc_res,drug_cann,prevpersemin,prevperse,prevsusoth,drugtst4,drugtst5,drugtst6,drugtst7,drugtst8,drugres4,drugres5,drugres6,drugres7,drugres8,adspresent,adsengaged,adslevel,race1,race2,race3,race4,race5,helmet,helmetmisuse,nmdistract1,nmdistract2,nmdistract3,nmdistract4,nmdistract5,nmdistract6,lab,isedtcase,crf1,crf2,crf3,CoRoadName,CoMP,IntCoRoadName,IntCoMP
2018,314,633520,6,08-10-2018,10:56,10,8,Aug,0,25,Grant,0,1,0,1,1,2,1,0,4,2,10:56,11:07,11:34,12,0,6,Angle,29.1,2,0,2,4 Way,3,1,1,3,0,0,0,0,SR-28,ROAD 10 NW,-119.9536417,47.23300278,,0,1,68,Initial Opposite Direction(Left/Right),15,2,60,4,0,0,1,7,12,1,1,4,1,11,Turning Red: Permitted on red,2,1,53,,0,30,40,2002,0,0,63,30,1,,,,1,1,34,1,1,,4,0,99,7,11,5,06-12-2019,20:47,2.23E+11,27016,0,0,0,3,1,0,0,0,0,96,,,,,,99,,,,,,98387,53,67,150,6,1,0,0,0,0,,0,,,,,,3,,,8,0,0,1,0,9,8,,,0,0,0,8,9,2,1,,,1,,,2,1,0.17,,,,,,,,,,,,,,,,,,,,,,,,,,,,,,0,0,1,1,1,1,0,1,0,0,0,0,1,0,0,0,0,0,0,0,0,0,0,0,0,0,0,0,0,1,0,0,0,0,0,,1,0,0,0,0,1,0,1,0,1,0,0,0,1,0,1,,,,,,31-35,26-35,City street,U,Wednesday,Unknown,PV,Hispanic,0,1,0,0,City Street,Municipal/City Police,Puyallup Police Department,1,0,0,1,0,,,,,,0,0,0,,,,,,,,,,,98,98,98,1,,,,,20,7,,,,,,,,,,,,,,,
2017,314,632787,2,08-19-2017,11:12,19,8,Aug,0,73,Whatcom,0,1,0,1,1,2,1,0,1,1,,,,17,0,0,No vehicle,125.9,1,0,1,No intersection,4,1,1,3,0,0,0,0,SR-20,,-121.1493417,48.71223056,,0,1,7,Control/Traction Loss,12,2,50,80,0,0,1,2,17,3,3,2,1,14,Making a U turn,1,1,53,,0,86,881,2000,0,0,12,,,,,,1,1,73,1,0,,1,0,3,0,11,8,,,,,6,1,0,3,1,0,0,0,0,96,,,,,,0,,,,,,98371,53,69,178,6,1,0,1,3,0,,0,,,,,,0,09-15-2014,01-15-2017,20,0,0,0,8,9,8,,,0,0,0,8,0,8,95,,,96,,,8,95,995,,,,,,,,,,,,,,,,,,,,,,,,,,,,,,0,0,0,0,0,0,0,0,0,0,0,0,0,0,0,0,1,0,0,0,0,0,0,0,0,1,1,0,0,1,1,0,0,0,0,,0,0,0,0,0,0,0,0,0,0,0,0,0,0,0,0,,,,,,71-75,66-75,State route,R,Monday,,MHTRUCK,Not Fatal,0,1,1,0,State Route,State Patrol,Washington State Patrol,0,1,0,0,0,,,,,,0,0,0,,,,,,,,,,,98,98,98,0,,,,,20,7,,,,,,,,,,,,,,,
2021,315,635840,290,08-22-2021,13:28,22,8,Aug,,53,Pierce,2230,10,,1,1,2,1,0,2,2,,,,12,0,6,Angle,0,2,0,2,4 Way,4,2,4,6,0,0,0,0,S 56TH ST,S I St,-122.4458611,47.20638611,98408,0,2,69,Initial Opposite Direction(Going Straight),62,4,30,80,0,0,1,2,12,1,1,2,1,1,Going Straight,1,1,53,,0,2,404,2007,0,0,68,12,,,,,1,1,58,2,7,,4,7,3,0,11,0,06-10-2019,11:40,1.93E+11,26055,0,0,3,3,1,28,0,0,0,92,,,,,,99,,,,,,98031,53,68,215,6,1,0,0,1,0,,0,,,,,,0,09-15-2014,09-15-2014,8,2,9,0,0,9,8,,,0,0,0,8,9,2,1,,,1,,,2,1,0,,,,,,,,,,,,,,,,,,,,,,,,,,,,,,0,0,0,0,0,0,0,0,0,0,0,0,0,0,0,0,1,0,0,0,0,0,0,0,0,1,1,0,0,1,1,0,0,0,0,,1,0,0,0,0,0,0,0,1,0,0,0,0,0,0,0,,,,,,56-60,56-65,State route,R,Monday,Belt Used,PV,White,0,1,1,0,State Route,State Patrol,Washington State Patrol,0,1,0,0,0,,,,,,0,0,0,,,,,,,,,,,98,98,98,1,,,,,20,7,,,,,,,,,,,,,,,
2021,315,635839,290,08-22-2021,13:28,22,8,Aug,,53,Pierce,2230,10,,1,1,2,1,0,2,2,,,,12,0,6,Angle,0,2,0,2,4 Way,4,2,4,6,0,0,0,0,S 56TH ST,S I St,-122.4458611,47.20638611,98408,0,1,68,Initial Opposite Direction(Left/Right),15,2,30,4,0,0,1,2,12,1,1,2,1,11,Turning Red: Permitted on red,1,2,53,,0,54,421,2014,0,0,12,,,,,,1,1,49,2,0,,3,0,3,0,11,8,,,,,0,0,3,3,1,0,0,0,0,96,,,,,,0,,,,,,98424,53,60,160,6,1,0,0,0,0,,0,,,,,,0,,,8,0,0,0,8,9,8,,,0,0,0,8,0,8,95,,,96,,,8,95,995,,,,,,,,,,,,,,,,,,,,,,,,,,,,,,0,0,0,1,1,1,0,1,0,0,0,0,1,1,0,0,0,0,0,0,0,0,0,0,0,0,0,0,0,1,0,0,0,0,0,,0,0,0,0,0,0,0,0,0,0,0,0,0,0,0,0,,,,,,46-50,46-55,City street,U,Saturday,Belt Used,PV,Not Fatal,0,1,1,0,City Street,Municipal/City Police,Fife Police Department,0,0,0,1,0,,,,,,0,0,0,,,,,,,,,,,98,98,98,0,,,,,20,7,,,,,,,,,,,,,,,
2020,315,635019,3,08-15-2020,23:11,15,8,Aug,,67,Thurston,2320,1,,2,1,2,1,0,1,1,,,,25,0,0,No vehicle,0.2,5,1,1,No intersection,1,2,1,1,0,0,0,0,I-5,,-122.9058306,47.02016667,98512,0,1,1,Driver Off Road,13,2,98,14,0,0,1,2,25,3,4,1,6,14,Making a U turn,1,1,53,,0,18,2,2002,0,0,68,12,,,,,1,1,35,8,1,,4,7,3,0,11,0,06-01-2019,13:28,74753025114,25114,0,0,3,2,1,28,0,0,0,96,,,,,,9,,,,,,98198,53,,999,1,1,1,0,0,0,,0,,,,,,4,09-15-2018,09-15-2018,1,0,0,0,0,9,8,,,0,0,0,8,1,2,1,,,1,,,2,1,0.24,,,,,,,,,,,,,,,,,,,,,,,,,,,,,,0,0,0,1,1,1,0,1,0,0,0,0,1,1,0,0,0,0,0,0,0,0,0,0,0,0,0,0,0,1,0,0,0,0,0,,1,0,0,0,0,1,0,1,0,1,0,1,0,1,0,1,,,,,,31-35,26-35,City street,U,Saturday,Belt Used,PV,Hispanic,0,1,1,0,City Street,Municipal/City Police,Fife Police Department,0,0,0,1,0,,,,,,0,1,1,,,,,,,,,,,98,98,98,298,,,,,20,7,,,,,,,,,,,,,,,
2019,315,634061,1,05-16-2019,14:47,16,5,May,,5,Benton,0,2,0,7,6,2,1,0,3,1,,,,35,0,0,No vehicle,86.5,1,0,1,No intersection,1,1,1,1,0,0,0,0,I-82,,-119.6683333,46.22860278,99350,0,1,6,Drive off road,6,1,70,14,0,0,1,7,1,4,2,2,3,14,Making a U turn,3,1,53,,0,53,706,2012,0,0,12,,,,,,1,1,22,1,7,,4,0,20,7,11,4,06-09-2019,23:03,2.23E+11,26305,0,0,0,2,1,0,0,0,0,96,,,,,,9,,,,,,98387,53,70,150,6,1,0,1,0,3,,0,,,,,,3,09-15-2016,05-15-2019,20,8,0,0,0,9,1,,,0,0,0,1,9,2,605,695,,1,1,,2,1,0,,,,,,,,,,,,,,,,,,,,,,,,,,,,,,0,0,0,1,0,0,1,1,1,0,0,0,1,0,1,0,0,0,1,0,0,0,0,1,1,1,1,1,1,1,0,0,0,0,1,0,0,0,0,0,0,0,1,1,0,1,0,0,0,0,1,0,,,,,,21-25,16-25,County road,U,Sunday,,MC,White,1,0,0,0,County Road,County Sheriff,Law Enforcement Support Agency,0,0,1,0,0,thc,7,carboxy-thc,21,,0,0,0,,,,,,,,,,,0,0,0,1,,,,,19,0,,,,,,,,,,,,,,,
2018,315,633509,4,08-15-2018,00:00,15,8,Aug,0,51,Pend Oreille,0,1,0,3,1,4,3,0,5,1,,,,42,0,0,No vehicle,9999.9,1,0,1,No intersection,7,1,66,8,0,0,0,0,CEE CEE AH CREEK RD,,-117.2703611,48.39834444,,0,1,99,Others,99,9,20,4,0,0,1,2,42,8,8,8,8,99,Others,5,2,53,,0,18,18,1994,0,0,12,,,,,,1,1,80,1,0,,0,0,3,0,11,0,,,,,0,0,0,3,1,38,0,0,0,96,,,,,,0,,,,,,98445,53,68,180,6,1,0,0,0,0,,97,,,,,,0,,,20,0,0,0,8,9,8,,,0,0,0,8,0,8,95,,,96,,,8,95,995,,,,,,,,,,,,,,,,,,,,,,,,,,,,,,0,0,0,1,0,0,1,1,1,0,0,0,1,0,1,0,0,0,1,0,0,0,0,1,1,1,1,1,1,1,0,0,0,0,0,,0,0,0,0,0,0,0,0,0,0,1,0,0,0,0,0,,,,,,76-80,76+,County road,U,Sunday,Belt Used,PV,Not Fatal,1,0,0,0,County Road,County Sheriff,Law Enforcement Support Agency,0,0,1,0,0,,,,,,0,0,0,,,,,,,,,,,0,0,0,0,,,,,20,7,,,,,,,,,,,,,,,
2017,315,632741,1,08-09-2017,14:03,9,8,Aug,0,77,Yakima,2590,1,0,1,1,1,1,0,1,1,13:59,14:07,14:18,25,0,0,No vehicle,0.4,5,1,1,No intersection,1,2,1,1,0,0,0,0,I-82 RAMP R203175,,-120.5110194,46.62489722,98901,0,1,6,Drive off road,12,2,98,80,0,0,1,2,25,2,6,1,6,14,Making a U turn,1,1,53,,0,72,706,2015,0,0,12,,,,,,1,1,40,1,0,,1,0,20,7,11,4,,,,,0,0,0,3,1,0,0,0,0,96,,,,,,0,,,,,,95123,6,70,240,6,1,0,0,1,0,,0,,,,,,0,01-15-2018,01-15-2018,20,8,0,0,8,9,8,,,0,0,0,8,0,8,95,,,96,,,8,95,995,,,,,,,,,,,,,,,,,,,,,,,,,,,,,,0,0,0,0,0,0,0,0,0,0,0,0,0,1,1,0,0,0,0,0,0,0,0,0,0,0,0,0,1,0,0,0,0,0,0,0,0,0,0,0,0,0,0,0,0,0,0,0,0,0,0,0,,,,,,36-40,36-45,State route,U,Friday,,MC,Not Fatal,0,0,0,0,State Route,State Patrol,Washington State Patrol,0,1,0,0,0,,,,,,0,0,0,,,,,,,,,,,0,0,0,0,,,,,5,0,,,,,,,,,,,,,,,
2020,316,635029,25,08-24-2020,11:11,24,8,Aug,,33,King,735,1,,1,1,2,1,0,2,2,11:24,11:35,11:52,12,0,2,Front-to-Front,9999.8,1,0,1,No intersection,3,1,4,6,0,0,0,0,CR-PEASLEY CANYON RD S,,-122.2780417,47.31093056,98001,0,2,51,Lateral Move(Going Straight),62,4,40,80,0,0,1,5,12,3,2,2,1,14,Making a U turn,1,1,53,,0,72,706,2008,0,0,1,12,,,,,1,1,36,1,1,,4,7,20,7,11,0,06-07-2019,15:53,1.64E+11,25998,0,0,3,2,1,0,0,0,0,96,,,,,,99,,,,,,95123,6,66,185,1,1,0,0,1,0,,0,,,,,,0,05-15-2017,12-15-2017,20,8,0,0,0,9,8,,,0,0,0,8,9,2,1,,,1,,,2,1,0,,,,,,,,,,,,,,,,,,,,,,,,,,,,,,0,0,0,0,0,0,0,0,0,0,0,0,0,1,1,0,0,0,0,0,0,0,0,0,0,0,0,0,1,0,0,0,0,0,1,0,0,0,0,0,0,0,0,0,0,0,0,1,0,0,0,0,,,,,,36-40,36-45,State route,U,Friday,,MC,Hispanic,0,0,0,0,State Route,State Patrol,Washington State Patrol,0,1,0,0,0,,,,,,0,0,2,,,,,,,,,,,0,0,0,298,,,,,5,0,,,,,,,,,,,,,,,
2020,316,635028,25,08-24-2020,11:11,24,8,Aug,,33,King,735,1,,1,1,2,1,0,2,2,11:24,11:35,11:52,12,0,2,Front-to-Front,9999.8,1,0,1,No intersection,3,1,4,6,0,0,0,0,CR-PEASLEY CANYON RD S,,-122.2780417,47.31093056,98001,0,1,50,Lateral Move(Left/Right),10,2,40,6,0,0,1,5,12,2,2,2,1,6,Others,1,1,53,,0,20,441,1993,0,0,68,64,24,,,,1,1,35,1,7,,4,0,3,0,11,8,06-12-2019,01:25,18053026899,26899,0,0,3,3,1,0,0,0,0,96,,,,,,9,,,,,,98311,53,71,310,6,1,0,0,0,3,,0,,,,,,4,06-15-2015,10-15-2018,20,0,0,0,0,1,8,,,0,0,0,8,1,2,605,695,,1,1,,2,1,0.15,,,,,,,,,,,,,,,,,,,,,,,,,,,,,,0,0,1,0,1,1,1,1,1,0,0,0,1,0,0,0,0,0,0,0,0,0,0,0,0,0,0,0,0,1,0,0,0,0,0,,1,0,0,0,0,1,1,1,0,1,0,0,0,0,0,1,,,,,,31-35,26-35,County road,U,Wednesday,Belt Used,PV,White,0,1,0,0,County Road,County Sheriff,Kitsap County Sheriff's Office,1,0,1,0,0,thc,888,carboxy-thc,51,,0,0,0,,,,,,,,,,,0,0,0,1,,,,,20,7,,,,,,,,,,,,,,,
2019,316,634217,75,07-15-2019,06:18,15,7,July,,11,Clark,2420,1,0,1,1,2,1,0,1,1,,,,10,0,0,No vehicle,0,6,0,1,No intersection,7,2,4,6,0,0,65,3,SE WHITNEY ST,,-122.3751361,45.58228056,98671,0,1,15,Others,90,6,25,34,0,0,1,7,10,1,1,2,1,1,Going Straight,1,1,53,,0,7,482,2014,0,0,12,,,,,,1,1,61,1,7,,4,7,3,0,11,0,05/23/2019,07:40,53023525,23525,6,0,0,3,1,0,0,0,0,96,,,,,,99,,,,,,98512,53,72,165,6,1,0,0,0,0,,0,,,,,,0,,,8,0,0,0,0,9,8,,,0,0,0,8,9,2,1,,,1,,,2,1,0,,,,,,,,,,,,,,,,,,,,,,,,,,,,,,0,0,0,0,0,0,0,0,0,0,0,0,0,0,0,0,1,0,0,0,0,0,0,0,0,0,0,0,0,1,1,0,0,0,0,,1,0,0,0,0,0,0,0,0,0,0,0,0,0,0,0,,,,,,61-65,56-65,US highway,R,Thursday,Belt Used,PV,White,0,1,1,0,State Route,State Patrol,Washington State Patrol,0,1,0,0,0,,,,,,0,0,0,,,,,,,,,,,98,98,98,1,,,,,20,7,,,,,,,,,,,,,,,
2018,316,633510,2,08-18-2018,16:26,18,8,Aug,0,57,Skagit,0,5,0,1,1,2,1,0,1,1,16:10,16:24,,24,0,0,No vehicle,1.4,1,0,1,No intersection,96,6,96,4,0,0,0,0,CR-BAKER LAKE RD,,-121.9074833,48.53666667,,0,1,1,Driver Off Road,13,2,50,84,0,0,1,5,24,3,2,2,1,14,Making a U turn,1,1,53,,0,85,881,2006,0,0,63,69,68,12,1,,1,1,47,1,0,,3,0,3,0,11,1,,,,,6,1,0,3,1,0,0,0,0,93,,,,,,0,,,,,,98362,53,70,250,6,1,0,3,1,1,,97,,,,,,0,09-15-2014,04-15-2018,20,0,0,0,8,9,8,,,0,0,0,8,0,8,95,,,96,,,8,95,995,,,,,,,,,,,,,,,,,,,,,,,,,,,,,,0,0,0,0,0,0,0,0,0,0,0,0,0,0,0,0,1,0,0,0,0,0,0,0,0,0,0,0,0,1,1,0,0,0,0,,0,0,0,0,0,0,0,0,1,0,0,0,0,0,0,0,,,,,,46-50,46-55,US highway,R,Thursday,,MHTRUCK,Not Fatal,0,1,1,0,State Route,State Patrol,Washington State Patrol,0,1,0,0,0,,,,,,0,0,5,,,,,,,,,,,98,98,98,0,,,,,20,7,,,,,,,,,,,,,,,
2017,316,632756,6,08-21-2017,12:26,21,8,Aug,0,25,Grant,0,1,0,1,1,2,1,0,1,1,,,,39,0,0,No vehicle,81.1,1,0,1,No intersection,4,1,1,3,0,0,0,0,SR-17,,-119.4592167,47.557475,,0,1,2,Control/Traction Loss,6,1,60,82,0,0,1,2,39,2,1,2,1,6,Others,1,1,53,,0,85,881,2016,0,0,12,,,,,,1,1,57,2,0,,0,0,3,0,11,0,,,,,6,1,0,3,1,0,0,0,0,96,,,,,,0,,,,,,97048,41,68,200,6,1,0,1,0,0,,0,,,,,,0,05-15-2017,05-15-2017,20,0,0,0,8,9,2,,,0,0,0,0,0,8,95,,,96,,,8,95,995,,,,,,,,,,,,,,,,,,,,,,,,,,,,,,0,0,0,0,1,1,0,1,0,0,0,0,0,0,0,0,0,0,0,0,0,0,0,0,0,0,0,0,1,0,1,0,0,0,0,,0,0,0,0,0,0,0,0,0,0,0,0,0,0,0,0,,,,,,56-60,56-65,US highway,R,Tuesday,,MHTRUCK,Not Fatal,0,0,0,0,State Route,State Patrol,Washington State Patrol,0,1,0,0,0,,,,,,0,0,0,,,,,,,,,,,98,98,98,0,,,,,20,7,,,,,,,,,,,,,,,
2021,317,635843,3,08-02-2021,16:14,2,8,Aug,,53,Pierce,2230,1,,1,1,2,1,0,1,1,,,,25,0,0,No vehicle,0.3,5,1,1,No intersection,1,2,1,1,0,0,0,0,I-5 RAMP,,-122.4632194,47.22911389,98405,0,1,1,Driver Off Road,12,2,98,4,0,0,1,2,25,2,2,2,6,14,Making a U turn,1,1,53,,0,72,706,2013,0,0,12,,,,,,1,1,59,2,7,,4,0,20,7,11,4,06-04-2019,12:53,1.38E+11,25518,0,0,0,3,1,48,0,0,0,96,,,,,,9,,,,,,98377,53,63,124,6,1,1,0,0,0,,0,,,,,,0,09-15-2014,09-15-2014,20,8,0,0,0,1,8,,,0,0,0,8,1,8,95,,,96,,,2,1,0.17,,,,,,,,,,,,,,,,,,,,,,,,,,,,,,0,0,0,0,1,1,0,1,0,0,0,0,0,0,0,0,0,0,0,0,0,0,0,0,0,0,0,0,1,0,1,0,0,0,1,0,0,0,0,0,0,1,0,1,0,0,0,0,0,1,0,1,,,,,,56-60,56-65,US highway,R,Tuesday,,MC,White,0,0,0,0,State Route,State Patrol,Washington State Patrol,0,1,0,0,0,,,,,,0,0,1,,,,,,,,,,,0,0,0,1,,,,,5,0,,,,,,,,,,,,,,,
2020,317,635031,3,08-18-2020,14:47,18,8,Aug,,53,Pierce,0,1,,1,1,2,1,0,4,3,,,,12,0,6,Angle,18.3,8,0,1,No intersection,3,2,1,3,0,0,0,0,SR-161,,-122.2947667,47.05485278,9339,0,2,98,Others,98,7,40,34,0,0,1,2,12,1,1,5,5,1,Going Straight,2,1,53,,0,20,481,2005,0,0,63,34,32,,,,1,1,74,1,7,,4,7,3,0,11,0,06-01-2019,16:42,53024959,24959,0,0,3,3,1,0,0,0,0,96,,,,,,1,,,,,,98321,53,67,155,6,1,0,0,0,0,,0,,,,,,0,,,20,0,0,0,0,9,8,,,0,0,0,8,9,2,1,,,1,,,2,1,0,,,,,,,,,,,,,,,,,,,,,,,,,,,,,,0,0,1,0,0,0,0,0,0,0,0,0,0,0,0,0,0,0,0,0,0,0,0,0,0,1,1,0,0,1,0,0,0,0,0,,1,0,0,0,0,0,0,0,0,0,0,0,0,0,0,0,,,,,,71-75,66-75,State route,R,Saturday,Belt Used,PV,White,0,1,0,0,State Route,State Patrol,Washington State Patrol,1,1,0,0,0,,,,,,0,0,0,,,,,,,,,,,98,98,98,1,,,,,20,7,,,,,,,,,,,,,,,
2020,317,635030,3,08-18-2020,14:47,18,8,Aug,,53,Pierce,0,1,,1,0,0,1,0,4,3,,,,12,0,6,Angle,18.3,8,0,1,No intersection,3,2,1,3,0,0,0,0,SR-161,,-122.2947667,47.05485278,9339,0,1,76,Others,15,2,0,20,0,0,1,2,12,0,0,0,0,11,Turning Red: Permitted on red,1,1,53,,0,7,482,2004,0,0,63,69,68,1,,,1,1,18,1,0,,1,0,3,0,11,8,,,,,0,0,0,3,1,0,0,0,0,96,,,,,,9,,,,,,98923,53,71,174,6,1,0,1,1,0,,97,,,,,,0,04-15-2019,04-15-2019,20,0,0,0,8,9,8,,,0,0,0,8,1,2,1,,,1,,,2,1,0.14,,,,,,,,,,,,,,,,,,,,,,,,,,,,,,0,0,0,0,1,1,0,1,0,0,0,0,0,0,0,0,0,0,0,0,0,1,1,0,1,0,0,0,0,1,0,0,0,0,0,,0,0,0,0,0,1,0,1,0,0,0,0,0,1,0,1,,,,,,18-20,16-25,County road,U,Saturday,Belt Used,PV,Not Fatal,0,0,0,0,County Road,County Sheriff,Yakima County Sheriff's Office,0,0,1,0,0,,,,,,0,0,0,,,,,,,,,,,98,98,98,0,,,,,20,7,,,,,,,,,,,,,,,
2019,317,634287,2,08-17-2019,18:40,17,8,Aug,,29,Island,0,1,0,1,1,2,1,0,3,2,,,,12,0,2,Front-to-Front,26,2,0,3,T Intersection,3,1,1,3,0,0,0,0,SR-525,SMUGGLERS COVE RD,-122.5802611,48.10795556,98239,0,2,83,Others,67,4,55,14,0,0,1,2,12,1,1,2,1,1,Going Straight,1,2,53,,0,2,404,2002,0,0,8,,,,,,1,1,74,1,0,,0,0,3,0,11,0,,,,,0,0,3,3,1,0,0,0,0,93,,,,,,0,,,,,,98407,53,68,200,6,1,0,0,0,0,,0,,,,,,0,,,20,0,0,0,8,9,8,,,0,0,0,8,0,8,95,,,96,,,8,95,995,,,,,,,,,,,,,,,,,,,,,,,,,,,,,,0,0,0,0,0,0,0,0,0,1,0,1,0,0,0,0,1,0,0,0,0,0,0,0,0,1,1,0,0,1,0,1,0,0,0,,0,0,0,0,0,0,0,0,1,0,0,0,0,0,0,0,,,,,,71-75,66-75,City street,U,Monday,Belt Used,PV,Not Fatal,0,0,0,0,City Street,Municipal/City Police,Tacoma Police Department,0,0,0,1,0,,,,,,0,0,0,,,,,,,,,,,98,98,98,0,,,,,20,7,,,,,,,,,,,,,,,
2019,317,634286,2,08-17-2019,18:40,17,8,Aug,,29,Island,0,1,0,1,1,2,1,0,3,2,,,,12,0,2,Front-to-Front,26,2,0,3,T Intersection,3,1,1,3,0,0,20,3,SR-525,SMUGGLERS COVE RD,-122.5802611,48.10795556,98239,0,1,82,Turn Into Opp Direction(Turning Left),15,2,55,14,0,0,1,2,12,1,1,2,1,11,Turning Red: Permitted on red,2,1,53,,0,20,25,2015,0,0,12,,,,,,1,1,20,1,0,,1,0,3,0,11,4,,,,,0,0,0,3,1,0,0,0,0,0,,,,,,0,,,,,,99159,53,69,145,6,1,0,0,0,0,,0,,,,,,0,,,8,0,0,0,8,9,8,,,0,0,0,8,0,8,95,,,96,,,8,95,995,,,,,,,,,,,,,,,,,,,,,,,,,,,,,,0,0,0,0,1,0,1,1,0,0,0,0,0,1,0,0,1,0,0,1,0,1,1,0,1,0,0,0,0,1,0,0,0,0,0,,0,0,0,0,0,0,0,0,0,0,0,0,0,0,0,0,,,,,,18-20,16-25,County road,R,Sunday,Belt Used,PV,Not Fatal,0,0,0,1,County Road,County Sheriff,Lincoln County Sheriff's Office,0,0,1,0,0,,,,,,0,0,0,,,,,,,,,,,98,98,98,0,,,,,20,7,,,,,,,,,,,,,,,
2018,317,633512,160,08-18-2018,18:12,18,8,Aug,0,33,King,1030,1,0,1,1,2,1,0,2,2,,,,12,0,6,Angle,0.2,2,0,3,T Intersection,3,2,1,3,0,0,0,0,SR-515,SE 253 PL,-122.2024,47.37491389,98030,0,2,83,Others,67,4,35,80,0,0,1,5,12,1,1,5,5,1,Going Straight,1,2,53,,0,7,472,1995,0,0,12,,,,,,1,1,30,2,7,,4,7,20,7,11,0,06-02-2019,12:19,53025168,25168,0,0,3,2,1,51,0,0,0,15,,,,,,99,,,,,,98857,53,62,110,1,1,0,1,0,2,,0,,,,,,0,08-15-2014,05-15-2017,20,0,0,0,0,9,8,,,0,0,0,8,9,2,996,401,417,1,1,1,2,1,0.041,,,,,,,,,,,,,,,,,,,,,,,,,,,,,,0,0,0,0,1,0,1,1,0,0,0,0,0,1,0,0,1,0,0,1,0,1,1,0,1,0,0,0,0,1,0,0,0,1,0,,1,0,0,0,1,0,1,1,1,0,0,1,0,0,0,1,,,,,,26-30,26-35,County road,R,Sunday,Not Used,PV,White,0,0,0,1,County Road,County Sheriff,Lincoln County Sheriff's Office,0,0,1,0,0,,,,,,0,0,11,,,,,,,,,,,0,0,0,1,,,,,20,7,,,,,,,,,,,,,,,
2018,317,633511,160,08-18-2018,18:12,18,8,Aug,0,33,King,1030,1,0,1,0,0,1,0,2,2,,,,12,0,6,Angle,0.2,2,0,3,T Intersection,3,2,1,3,0,0,0,0,SR-515,SE 253 PL,-122.2024,47.37491389,98030,0,1,82,Turn Into Opp Direction(Turning Left),15,2,0,4,0,0,1,5,12,0,0,0,0,11,Turning Red: Permitted on red,1,1,53,,0,76,706,2012,0,0,12,,,,,,1,1,69,1,7,,4,7,20,7,11,0,06-04-2019,09:15,53025347,25347,99,9,9,9,1,0,0,0,0,96,,,,,,0,,,,,,0,95,,999,9,9,99,99,99,99,,0,,,,,,0,,,20,8,0,0,0,9,8,,,0,0,0,8,0,2,1,,,1,,,2,1,0,,,,,,,,,,,,,,,,,,,,,,,,,,,,,,0,0,0,1,0,0,0,0,0,0,0,0,1,0,0,0,0,0,0,0,0,0,0,0,0,1,0,0,1,0,1,0,0,0,1,0,0,0,0,0,0,0,0,0,0,0,0,0,0,0,0,0,,,,,,66-70,66-75,US highway,R,Tuesday,,MC,White,0,0,0,0,State Route,State Patrol,Washington State Patrol,0,1,0,0,0,,,,,,99,99,99,,,,,,,,,,,0,0,0,1,,,,,5,0,,,,,,,,,,,,,,,