year,something,Cases,repjur,crash_dt,crash_tm,accday,Month,Month,holiday,county,co_char,city,weather,weather2,lightcond,surfcond,surftype,Number of Fatalities,nmforms,pforms,vforms,not_tm,arr_tm,hosp_tm,fhevent,hitrun,Manner of Collision,Manner of Collision,milepnt,reljunc,reljuncinter,intersectiontype,Intersection Type,funcsystem,landuse,ownership,route,schlbus,spejur,contdev,devfunc,trafid1,trafid2,x,y,zipcode,wk_zone,vnumber,crashtype,Crash Type,criticalevent,criticaleventcat,spdlim,body,trailer,emerg,hazcargo,leave,mhevent,roadalgn,roadprof,traflane,trafflow,Vehicle Manure,Vehicle Manure,numoccs,regowner,regstate,,spuse,make,model,modelyr,vrf1,vrf2,seqevent1,seqevent2,seqevent3,seqevent4,seqevent5,seqevent6,pnumber,ptype,age,sex,hispanic,race,injury,diedscene,restraint,restraintmisuse,seatpos,takehosp,death_dt,death_tm,cert,cernum_wa,commlic,licendor,licrestrict,liccomp,drivpres,drf1,drf2,drf3,drf4,distract1,distract2,distract3,distract4,distract5,distract6,dricond1,dricond2,dricond3,dricond4,dricond5,dricond6,dzip,licstate,drhgt_in,weight,noncdl,noncdltype,prevdwi,prevoth,prevacc,prevspd,prevsus,driviol1,driviol2,driviol3,driviol4,driviol5,driviol6,spdrel,first_dt,last_dt,airbag,ejection,ejectpath,extricat,injurwrk,methalc,methdrug,nmlocat,strikveh,prf1,prf2,prf3,druginv,alcinvol,drugsts,drugres1,drugres2,drugres3,drugtst1,drugtst2,drugtst3,alcsts,alctst,alcres,nmact1,nmact2,nmact3,nmact4,nmact5,nmact6,nmprior1,nmprior2,nmprior3,nmprior4,nmprior5,nmprior6,nmcond1,nmcond2,nmcond3,nmcond4,nmcond5,nmcond6,nmsafe_helmet,nmsafe_pads,nmsafe_oth,nmprev_ref,nmprev_lgt,nmprev_oth,crashlocation,nmcrashtype,crosswalk,schoolzone,sidewalk,train_inv,wildlife_inv,rotr_fars,intersect_fars,Drink and Drive,aid_inv,Drug Positive Drivers,Impaired Drivers,Marijuana Positive,impnm_inv,ainm_inv,dpnm_inv,speed_inv,unlic_inv,unendmc_inv,drowsy_inv,drdist_inv,nmdist_inv,fty_inv,unrestfat_inv,dr1617_inv,dr1820_inv,dr1620_inv,dr2125_inv,dr1625_inv,dr65_inv,dr70_inv,dr75_inv,mc_inv,pv_inv,ht_inv,ped_inv,bike_inv,unrest_fat,mc_fat,unhelmet_mc,pv_fat,ht_fat,ped_fat,bike_fat,dr_alc7,dr_alc8,dr_drug,dr_imp,dr_dist,dr_spd,dr_fty,dr_unlic,dr_alc7only,dr_alc8only,dr_drugonly,dr_drink,nm_imp,nm_alc7,nm_alc8,nm_drug,nm_dist,agegrp1,agegrp2,roadclass,urbrur,dayweek,restuse,vehtype,race_me,intersect,lanedep,oppdir,wrongway,rep_typ,investag,repag_long,rotr,st_rd,cty_rd,city_rd,oth_rd,drug_thc,thc_res,drug_cthc,cthc_res,drug_cann,prevpersemin,prevperse,prevsusoth,drugtst4,drugtst5,drugtst6,drugtst7,drugtst8,drugres4,drugres5,drugres6,drugres7,drugres8,adspresent,adsengaged,adslevel,race1,race2,race3,race4,race5,helmet,helmetmisuse,nmdistract1,nmdistract2,nmdistract3,nmdistract4,nmdistract5,nmdistract6,lab,isedtcase,crf1,crf2,crf3,CoRoadName,CoMP,IntCoRoadName,IntCoMP
2017,317,632760,180,08-18-2017,15:37,18,8,Aug,0,15,Cowlitz,1190,1,0,1,1,2,1,2,1,1,15:40,15:41,15:43,8,0,0,No vehicle,0,1,0,1,No intersection,5,2,4,6,0,0,0,0,7TH AVE,DELAWARE ST,-122.9293417,46.12872222,98632,0,1,13,Pedestrian/Animal,80,5,35,4,0,0,1,5,8,1,1,2,1,1,Going Straight,1,1,53,,0,85,881,2008,0,0,68,1,12,,,,1,1,62,1,0,,3,0,3,0,11,8,,,,,6,1,3,3,1,28,0,0,0,96,,,,,,99,,,,,,99202,53,64,155,6,1,0,0,0,0,,97,,,,,,3,,,20,2,9,0,8,9,8,,,0,0,0,8,0,8,95,,,96,,,8,95,995,,,,,,,,,,,,,,,,,,,,,,,,,,,,,,0,0,0,1,0,0,0,0,0,0,0,0,1,0,0,0,0,0,0,0,0,0,0,0,0,1,0,0,1,0,1,0,0,0,0,,0,0,0,0,0,0,0,0,0,1,0,0,0,0,0,0,,,,,,61-65,56-65,US highway,R,Tuesday,,MHTRUCK,Not Fatal,0,0,0,0,State Route,State Patrol,Washington State Patrol,0,1,0,0,0,,,,,,0,0,0,,,,,,,,,,,98,98,98,0,,,,,20,7,,,,,,,,,,,,,,,
2020,317,635032,3,08-18-2020,14:47,18,8,Aug,,53,Pierce,0,1,,1,1,2,1,0,4,3,,,,12,0,6,Angle,18.3,8,0,1,No intersection,3,2,1,3,0,0,0,0,SR-161,,-122.2947667,47.05485278,9339,0,3,77,Others,65,4,98,14,0,0,1,7,12,1,1,5,5,1,Going Straight,1,9,99,,0,41,402,2001,0,0,63,69,68,12,,,1,1,25,1,0,,2,0,3,0,11,8,,,,,0,0,0,3,1,28,91,0,0,96,,,,,,9,,,,,,98362,53,70,165,6,1,0,0,0,0,,1,,,,,,0,,,1,0,0,0,8,9,8,,,0,0,0,8,1,2,1,,,1,,,2,1,0.053,,,,,,,,,,,,,,,,,,,,,,,,,,,,,,0,0,0,0,1,0,0,0,0,0,0,0,0,0,0,0,0,0,0,0,0,0,0,1,1,0,0,0,0,1,0,0,0,0,0,,0,0,0,0,1,0,0,0,0,0,0,0,1,0,0,1,,,,,,21-25,16-25,US highway,U,Wednesday,Belt Used,PV,Not Fatal,0,1,1,0,State Route,State Patrol,Washington State Patrol,0,1,0,0,0,,,,,,0,0,0,,,,,,,,,,,98,98,98,0,,,,,20,7,,,,,,,,,,,,,,,
2021,318,635846,109,08-23-2021,05:27,23,8,Aug,,17,Douglas,570,1,,3,1,2,1,0,3,3,,,,12,0,2,Front-to-Front,3.1,1,0,1,No intersection,2,2,1,3,0,0,0,0,SR-28,,-120.2975306,47.42311389,98802,0,3,98,Others,54,3,40,6,0,0,1,2,12,1,1,2,2,1,Going Straight,1,1,53,,0,12,37,2003,0,0,12,,,,,,1,1,27,1,7,,4,7,3,0,11,0,05/29/2019,16:42,1.99E+11,25381,0,0,3,3,1,0,0,0,0,96,,,,,,99,,,,,,98362,53,72,185,6,1,0,1,1,0,,0,,,,,,0,11-15-2016,11-15-2016,1,0,0,0,0,9,8,,,0,0,0,8,9,2,1,,,1,,,2,1,0,,,,,,,,,,,,,,,,,,,,,,,,,,,,,,0,0,0,0,1,0,0,0,0,0,0,0,0,0,0,0,0,0,0,0,0,0,0,1,1,0,0,0,0,1,0,0,0,0,0,,1,0,0,0,0,0,0,0,0,0,0,0,0,0,0,0,,,,,,26-30,26-35,US highway,U,Wednesday,Belt Used,PV,White,0,1,1,0,State Route,State Patrol,Washington State Patrol,0,1,0,0,0,,,,,,0,0,0,,,,,,,,,,,98,98,98,1,,,,,20,7,,,,,,,,,,,,,,,
2021,318,635845,109,08-23-2021,05:27,23,8,Aug,,17,Douglas,570,1,,3,1,2,1,0,3,3,,,,12,0,2,Front-to-Front,3.1,1,0,1,No intersection,2,2,1,3,0,0,0,0,SR-28,,-120.2975306,47.42311389,98802,0,2,51,Lateral Move(Going Straight),54,3,40,14,0,0,1,2,12,1,1,2,2,1,Going Straight,1,1,53,,0,49,32,2009,0,0,12,,,,,,1,1,31,2,0,,0,0,3,0,11,0,,,,,0,0,0,3,1,0,0,0,0,96,,,,,,0,,,,,,98270,53,65,180,6,1,0,0,0,0,,0,,,,,,0,,,20,0,0,0,8,9,8,,,0,0,0,8,0,8,95,,,96,,,8,95,995,,,,,,,,,,,,,,,,,,,,,,,,,,,,,,0,0,0,1,0,0,1,1,1,0,0,0,0,0,0,0,0,0,0,0,0,0,0,0,0,0,0,0,0,1,0,0,0,0,0,,0,0,0,0,0,0,0,0,0,0,0,0,0,0,0,0,,,,,,31-35,26-35,Interstate,U,Monday,Belt Used,PV,Not Fatal,1,0,0,0,State Route,County Sheriff,Snohomish County Sheriff's Office,0,1,0,0,0,,,,,,0,0,0,,,,,,,,,,,98,98,98,0,,,,,20,7,,,,,,,,,,,,,,,
2021,318,635844,109,08-23-2021,05:27,23,8,Aug,,17,Douglas,570,1,,3,1,2,1,0,3,3,,,,12,0,2,Front-to-Front,3.1,1,0,1,No intersection,2,2,1,3,0,0,0,0,SR-28,,-120.2975306,47.42311389,98802,0,1,50,Lateral Move(Left/Right),54,3,40,34,0,0,1,2,12,1,1,2,2,1,Going Straight,1,2,53,,0,20,445,2015,0,0,12,63,24,,,,1,1,57,1,7,,4,0,3,0,11,4,06-03-2019,11:09,69053025274,25274,0,0,0,3,1,0,0,0,0,0,,,,,,1,,,,,,98087,53,72,220,6,1,0,0,1,0,,0,,,,,,0,04-15-2016,04-15-2016,20,0,0,0,0,9,8,,,0,0,0,8,0,2,695,605,,1,1,,2,1,0,,,,,,,,,,,,,,,,,,,,,,,,,,,,,,0,0,0,1,0,0,1,1,1,0,0,0,0,0,0,0,0,0,0,0,0,0,0,0,0,0,0,0,0,1,0,0,0,0,0,,1,0,0,0,0,0,1,1,0,0,0,0,0,0,1,0,,,,,,56-60,56-65,Interstate,U,Monday,Belt Used,PV,White,1,0,0,0,State Route,County Sheriff,Snohomish County Sheriff's Office,0,1,0,0,0,thc,24,carboxy-thc,23,,0,0,0,,,,,,,,,,,98,98,98,1,,,,,20,7,,,,,,,,,,,,,,,
2019,318,634295,112,08-25-2019,01:34,25,8,Aug,,53,Pierce,586,1,0,2,1,2,1,0,1,1,,,,1,0,0,No vehicle,0,3,0,3,T Intersection,7,2,4,6,0,0,0,0,48TH ST E,EDGEWOOD DR E,-122.2607417,47.21384722,98372,0,1,1,Driver Off Road,13,2,25,20,0,0,1,7,1,3,2,2,1,14,Making a U turn,1,1,53,,0,86,881,2019,0,0,12,,,,,,1,1,60,2,0,,0,0,3,0,11,0,,,,,6,1,3,3,1,0,0,0,0,96,,,,,,0,,,,,,98292,53,71,147,6,1,0,2,0,0,,0,,,,,,0,10-15-2014,09-15-2015,20,0,0,0,8,9,8,,,0,0,0,8,0,0,0,,,0,,,0,0,996,,,,,,,,,,,,,,,,,,,,,,,,,,,,,,0,0,0,0,0,0,1,1,0,0,0,0,0,0,0,1,0,0,0,1,0,0,0,0,0,0,0,0,0,1,1,0,0,0,0,,0,0,0,0,0,0,0,0,0,0,0,0,0,0,0,0,,,,,,56-60,56-65,State route,R,Thursday,,MHTRUCK,Not Fatal,0,1,1,0,State Route,State Patrol,Washington State Patrol,0,1,0,0,0,,,,,,0,0,0,,,,,,,,,,,98,98,98,0,,,,,20,7,,,,,,,,,,,,,,,
2018,318,633519,4,08-23-2018,02:43,23,8,Aug,0,1,Adams,0,1,0,3,1,1,1,0,1,1,,,,1,0,0,No vehicle,101.9,1,0,1,No intersection,3,1,1,2,0,0,0,0,US-395,,-118.4071861,47.10307778,99169,0,1,98,Others,12,2,70,2,0,0,1,7,1,2,2,2,3,14,Making a U turn,1,2,53,,0,2,404,1994,0,0,68,12,,,,,1,1,46,1,7,,4,7,20,7,11,0,06-06-2019,09:09,53026321,26321,0,0,0,3,1,28,0,0,0,0,,,,,,2,,,,,,98241,53,77,220,6,1,0,0,0,0,,0,,,,,,0,,,1,0,0,0,0,9,8,,,0,0,0,1,0,2,167,996,128,1,1,1,2,1,0,,,,,,,,,,,,,,,,,,,,,,,,,,,,,,0,0,0,0,0,0,1,1,0,0,0,0,0,0,0,1,0,0,0,1,0,0,0,0,0,0,0,0,0,1,1,0,0,1,0,,1,0,0,0,0,0,1,1,0,0,0,0,0,0,1,0,,,,,,46-50,46-55,State route,R,Thursday,Not Used,PV,White,0,1,1,0,State Route,State Patrol,Washington State Patrol,0,1,0,0,0,,,,,,0,0,0,1,,,,,177,,,,,0,0,0,1,,,,,20,7,,,,,,,,,,,,,,,
2017,318,632759,122,08-21-2017,18:59,21,8,Aug,0,61,Snohomish,690,1,0,1,1,2,1,1,2,1,18:58,19:07,19:33,8,0,0,No vehicle,7.6,1,0,1,No intersection,3,2,1,3,0,0,2,3,SR-527,,-122.2048444,47.89566389,98208,0,1,13,Pedestrian/Animal,80,5,98,4,0,0,1,2,8,1,1,2,1,1,Going Straight,2,4,53,,0,55,35,2009,0,0,12,,,,,,1,1,33,2,0,,0,0,3,0,11,0,,,,,0,0,0,3,1,0,0,0,0,96,,,,,,0,,,,,,98031,53,64,230,6,1,0,0,0,0,,0,,,,,,0,,,20,0,0,0,8,9,8,,,0,0,0,8,0,2,1,,,1,,,2,1,0,,,,,,,,,,,,,,,,,,,,,,,,,,,,,,0,0,0,0,1,0,0,0,0,0,0,0,0,0,0,0,0,0,0,0,0,0,0,0,0,0,0,0,1,1,1,0,0,0,0,,0,0,0,0,0,0,0,0,0,0,0,0,0,0,0,0,,,,,,31-35,26-35,State route,U,Thursday,Belt Used,PV,Not Fatal,0,0,0,0,State Route,State Patrol,Washington State Patrol,0,1,0,0,0,,,,,,0,0,0,,,,,,,,,,,98,98,98,0,,,,,20,7,,,,,,,,,,,,,,,
2017,319,632776,5,08-15-2017,02:01,15,8,Aug,0,11,Clark,2370,1,0,3,1,2,1,0,1,1,,,,25,0,0,No vehicle,0.3,5,1,1,No intersection,1,2,1,1,0,0,0,0,I-5 RAMP P500039,,-122.6696639,45.623125,98660,0,1,6,Drive off road,12,2,98,80,0,0,1,2,25,2,2,1,6,14,Making a U turn,1,1,6,,0,98,706,2017,0,0,45,2,12,,,,1,1,28,1,7,,4,7,20,7,11,0,06-06-2019,00:20,1.03E+11,26031,0,0,0,3,1,0,0,0,0,96,,,,,,99,,,,,,98031,53,74,160,6,1,0,0,0,1,,0,,,,,,0,04-15-2017,04-15-2017,20,8,0,0,0,9,8,,,0,0,0,8,9,2,1,,,1,,,2,1,0.056,,,,,,,,,,,,,,,,,,,,,,,,,,,,,,0,0,0,0,1,0,0,0,0,0,0,0,0,0,0,0,0,0,0,0,0,0,0,0,0,0,0,0,1,1,1,0,0,0,1,0,0,0,0,0,1,0,0,0,0,0,0,0,1,0,0,1,,,,,,26-30,26-35,State route,U,Thursday,,MC,White,0,0,0,0,State Route,State Patrol,Washington State Patrol,0,1,0,0,0,,,,,,0,0,0,,,,,,,,,,,0,0,0,1,,,,,19,0,,,,,,,,,,,,,,,
2019,319,634318,3,08-20-2019,18:24,20,8,Aug,,67,Thurston,0,1,0,1,1,2,1,0,2,2,,,,12,0,1,Front-to-Rear,16.6,8,0,1,No intersection,4,1,1,3,0,0,0,0,SR-507,,-122.8149722,46.85812778,98589,0,1,24,Others,52,3,50,4,0,0,1,2,12,1,1,2,1,1,Going Straight,1,1,41,,0,12,473,2002,0,0,63,42,,,,,1,1,43,1,0,,0,0,99,7,11,0,,,,,0,0,0,2,1,0,0,0,0,96,,,,,,9,,,,,,99155,53,70,178,1,1,0,1,0,0,,11,,,,,,0,10-15-2015,03-15-2018,1,0,0,0,8,9,2,,,0,0,0,1,1,2,695,,,1,,,2,1,0.19,,,,,,,,,,,,,,,,,,,,,,,,,,,,,,0,0,1,0,1,1,1,1,1,0,0,0,0,1,0,0,0,0,0,1,0,0,0,0,0,0,0,0,0,1,0,0,0,0,0,,0,0,0,0,0,1,1,1,0,0,0,1,0,0,0,1,,,,,,41-45,36-45,State route,R,Monday,Unknown,PV,Not Fatal,0,1,0,0,State Route,State Patrol,Washington State Patrol,1,1,0,0,0,,,carboxy-thc,8,,0,0,2,,,,,,,,,,,98,98,98,0,,,,,20,7,,,,,,,,,,,,,,,
2021,319,635848,25,08-24-2021,13:01,24,8,Aug,,33,King,0,1,,1,1,1,1,0,2,2,,,,12,0,6,Angle,2.3,1,0,1,No intersection,4,1,2,4,0,0,0,0,CR-SE AUBURN BLACK DIAM,,-122.1441278,47.31617222,98092,0,2,66,Specific Other,62,4,40,61,0,0,1,5,12,1,2,2,1,1,Going Straight,1,3,53,,0,14,4,1995,0,0,12,,,,,,1,1,49,1,7,,4,7,99,7,11,0,03/31/2019,02:14,53014536,14536,0,0,0,3,1,0,0,0,0,92,,,,,,99,,,,,,98577,53,72,215,6,1,0,0,0,2,,0,,,,,,0,10-15-2015,07-15-2018,8,0,0,0,0,9,8,,,0,0,0,8,9,2,401,417,177,1,1,1,2,1,0,,,,,,,,,,,,,,,,,,,,,,,,,,,,,,0,0,0,0,1,0,1,1,0,0,0,0,0,0,0,0,1,0,0,0,0,0,0,0,0,0,0,0,0,1,0,0,0,0,0,,1,0,0,0,0,0,1,1,1,0,0,0,0,0,1,0,,,,,,46-50,46-55,State route,R,Sunday,Unknown,PV,White,0,1,1,0,State Route,State Patrol,WASHINGTON STATE PATROL,0,1,0,0,0,,,,,,0,0,0,,,,,,,,,,,0,0,0,1,,,,,20,7,,,,,,,,,,,,,,,
2021,319,635847,25,08-24-2021,13:01,24,8,Aug,,33,King,0,1,,1,1,1,1,0,2,2,,,,12,0,6,Angle,2.3,1,0,1,No intersection,4,1,2,4,0,0,0,0,CR-SE AUBURN BLACK DIAM,,-122.1441278,47.31617222,98092,0,1,66,Specific Other,10,2,40,80,0,0,1,2,12,1,2,2,1,6,Others,1,2,53,,0,49,472,2016,0,0,68,12,,,,,1,1,38,1,0,,0,0,3,0,11,0,,,,,0,0,0,3,1,0,0,0,0,7,,,,,,9,,,,,,98532,53,71,225,6,1,1,0,0,0,,97,,,,,,0,07-15-2016,07-15-2016,8,0,0,0,8,9,8,,,0,0,0,8,1,2,1,,,1,,,2,1,0.072,,,,,,,,,,,,,,,,,,,,,,,,,,,,,,0,0,0,0,1,0,1,1,0,0,0,0,0,0,0,0,1,0,0,0,0,0,0,0,0,0,0,0,0,1,0,0,0,0,0,,0,0,0,0,1,0,0,0,1,0,0,0,1,0,0,1,,,,,,36-40,36-45,State route,R,Sunday,Belt Used,PV,Not Fatal,0,1,1,0,State Route,State Patrol,WASHINGTON STATE PATROL,0,1,0,0,0,,,,,,0,1,0,,,,,,,,,,,98,98,98,0,,,,,20,7,,,,,,,,,,,,,,,
2020,319,634858,25,06-25-2020,22:43,25,6,June,,33,King,0,1,,2,1,2,1,0,2,2,22:49,23:19,00:15,12,0,2,Front-to-Front,7.5,1,0,1,No intersection,5,1,2,4,0,0,0,0,CR-CUMBERLAND KANASKET,,-121.9137417,47.29377222,98051,0,2,51,Lateral Move(Going Straight),62,4,40,14,0,0,1,2,12,1,1,2,1,1,Going Straight,1,2,53,,0,22,2,1992,0,0,64,33,69,63,9,59,1,1,76,1,7,,4,0,20,7,11,8,06-11-2019,14:44,2.11E+11,27754,0,0,0,3,1,0,0,0,0,0,,,,,,1,,,,,,99223,53,70,160,6,1,0,0,1,0,,0,,,,,,0,06-15-2019,06-15-2019,20,2,9,0,0,9,8,,,0,0,0,8,0,2,1,,,1,,,2,1,0,,,,,,,,,,,,,,,,,,,,,,,,,,,,,,0,0,1,0,0,0,0,0,0,0,0,0,0,0,0,0,0,0,0,1,0,0,0,0,0,1,1,1,0,1,0,0,1,1,0,,1,0,0,0,0,0,0,0,0,0,0,0,0,0,0,0,,,,,,76-80,76+,City street,U,Wednesday,Not Used,PV,White,0,0,0,0,City Street,Municipal/City Police,Spokane Police Department,0,0,0,1,0,,,,,,0,0,0,,,,,,,,,,,0,0,0,1,,,,,20,7,,,,,,,,,,,,,,,
2020,319,634857,25,06-25-2020,22:43,25,6,June,,33,King,0,1,,2,1,2,1,0,2,2,22:49,23:19,00:15,12,0,2,Front-to-Front,7.5,1,0,1,No intersection,5,1,2,4,0,0,0,0,CR-CUMBERLAND KANASKET,,-121.9137417,47.29377222,98051,0,1,50,Lateral Move(Left/Right),9,1,40,5,0,0,1,2,12,1,1,2,1,1,Going Straight,1,1,53,,0,12,880,2011,0,0,12,,,,,,1,1,44,1,0,,0,0,3,0,11,0,,,,,0,0,0,3,1,0,0,0,0,0,,,,,,0,,,,,,99403,53,71,230,6,1,0,0,0,0,,0,,,,,,0,,,20,0,0,0,8,9,8,,,0,0,0,8,0,8,95,,,96,,,8,95,995,,,,,,,,,,,,,,,,,,,,,,,,,,,,,,0,0,0,0,0,0,0,0,0,0,0,0,0,0,0,0,1,0,0,0,0,0,0,0,0,1,1,0,1,1,1,0,0,0,0,,0,0,0,0,0,0,0,0,0,0,0,0,0,0,0,0,,,,,,41-45,36-45,US highway,R,Tuesday,,MHTRUCK,Not Fatal,0,0,0,0,State Route,State Patrol,Washington State Patrol,0,1,0,0,0,,,,,,0,0,0,,,,,,,,,,,98,98,98,0,,,,,20,7,,,,,,,,,,,,,,,
2019,319,634319,3,08-20-2019,18:24,20,8,Aug,,67,Thurston,0,1,0,1,1,2,1,0,2,2,,,,12,0,1,Front-to-Rear,16.6,8,0,1,No intersection,4,1,1,3,0,0,0,0,SR-507,,-122.8149722,46.85812778,98589,0,2,25,Others,53,3,50,61,0,0,1,5,12,1,1,2,1,11,Turning Red: Permitted on red,1,3,53,,0,12,401,2013,0,0,12,12,,,,,1,1,39,2,0,,0,0,3,0,11,0,,,,,0,0,0,3,1,0,0,0,0,0,,,,,,0,,,,,,99347,53,67,220,6,1,0,0,0,0,,0,,,,,,0,,,20,0,0,0,8,9,8,,,0,0,0,8,0,8,95,,,96,,,8,95,995,,,,,,,,,,,,,,,,,,,,,,,,,,,,,,0,0,0,0,0,0,0,0,0,0,0,0,0,0,0,0,1,0,0,0,0,0,0,0,0,1,1,0,1,1,1,0,0,0,0,,0,0,0,0,0,0,0,0,0,0,0,0,0,0,0,0,,,,,,36-40,36-45,US highway,R,Tuesday,Belt Used,PV,Not Fatal,0,0,0,0,State Route,State Patrol,Washington State Patrol,0,1,0,0,0,,,,,,0,0,0,,,,,,,,,,,98,98,98,0,,,,,20,7,,,,,,,,,,,,,,,
2018,319,633518,159,08-21-2018,20:47,21,8,Aug,0,5,Benton,1020,1,0,3,1,2,1,0,2,2,20:47,20:53,,12,0,6,Angle,0,2,0,3,T Intersection,3,2,4,6,0,0,3,3,CLEARWATER,EDISON,-119.1918056,46.2124,99336,0,2,69,Initial Opposite Direction(Going Straight),62,4,35,81,0,0,1,7,12,1,1,5,1,1,Going Straight,1,1,53,,0,98,706,2016,0,0,12,,,,,,1,1,52,1,7,,4,7,20,7,11,0,05/28/2019,15:11,53024140,24140,99,9,9,9,1,0,0,0,0,0,,,,,,0,,,,,,0,95,,999,9,9,99,99,99,99,,0,,,,,,0,,,20,8,0,0,0,9,8,,,0,0,0,8,0,8,95,,,96,,,8,95,995,,,,,,,,,,,,,,,,,,,,,,,,,,,,,,0,0,0,0,0,0,0,0,0,0,0,0,0,0,0,0,1,0,0,0,0,0,0,0,0,1,1,0,1,1,1,0,0,0,1,0,0,0,0,0,0,0,0,0,0,0,0,0,0,0,0,0,,,,,,51-55,46-55,US highway,R,Tuesday,,MC,White,0,0,0,0,State Route,State Patrol,Washington State Patrol,0,1,0,0,0,,,,,,99,99,99,,,,,,,,,,,0,0,0,1,,,,,5,0,,,,,,,,,,,,,,,
2018,319,633517,159,08-21-2018,20:47,21,8,Aug,0,5,Benton,1020,1,0,3,1,2,1,0,2,2,20:47,20:53,,12,1,6,Angle,0,2,0,3,T Intersection,3,2,4,6,0,0,3,3,CLEARWATER,EDISON,-119.1918056,46.2124,99336,0,1,68,Initial Opposite Direction(Left/Right),15,2,35,34,0,0,1,7,12,1,1,5,1,11,Turning Red: Permitted on red,1,1,53,,0,34,706,2012,0,0,12,,,,,,1,1,52,1,0,,0,0,20,7,11,0,,,,,0,0,3,3,1,0,0,0,0,0,,,,,,0,,,,,,98004,53,73,200,6,1,0,0,0,0,,0,,,,,,0,,,20,8,0,0,8,9,8,,,0,0,0,8,0,8,95,,,96,,,8,95,995,,,,,,,,,,,,,,,,,,,,,,,,,,,,,,0,0,0,0,0,0,0,0,0,0,0,0,0,0,0,0,1,0,0,0,0,0,0,0,0,1,1,0,1,1,1,0,0,0,0,0,0,0,0,0,0,0,0,0,0,0,0,0,0,0,0,0,,,,,,51-55,46-55,US highway,R,Tuesday,,MC,Not Fatal,0,0,0,0,State Route,State Patrol,Washington State Patrol,0,1,0,0,0,,,,,,0,0,0,,,,,,,,,,,0,0,0,0,,,,,5,0,,,,,,,,,,,,,,,
2021,320,635849,305,08-24-2021,16:09,24,8,Aug,,11,Clark,2370,1,,1,1,2,1,1,5,3,,,,12,0,6,Angle,0.3,3,0,2,4 Way,3,2,1,6,0,0,3,3,NE FOURTH PLAIN BLVD,NE VANCOUVER MALL DR,-122.5755528,45.65756667,98662,0,1,98,Others,8,1,35,14,0,0,1,2,8,1,1,5,5,1,Going Straight,1,4,41,,0,20,461,2007,0,0,12,12,12,12,,,1,1,53,1,0,,0,0,3,0,11,0,,,,,0,0,0,3,1,0,0,0,0,0,,,,,,0,,,,,,99111,53,71,300,6,1,0,0,0,0,,0,,,,,,0,,,20,0,0,0,8,9,8,,,0,0,0,8,0,8,95,,,96,,,8,95,995,,,,,,,,,,,,,,,,,,,,,,,,,,,,,,0,0,0,0,0,0,0,0,0,0,0,0,0,0,0,0,1,0,0,0,0,0,0,0,0,1,1,0,1,1,1,0,0,0,0,,0,0,0,0,0,0,0,0,0,0,0,0,0,0,0,0,,,,,,51-55,46-55,US highway,R,Tuesday,Belt Used,PV,Not Fatal,0,0,0,0,State Route,State Patrol,Washington State Patrol,0,1,0,0,0,,,,,,0,0,0,,,,,,,,,,,98,98,98,0,,,,,20,7,,,,,,,,,,,,,,,
2021,320,635851,305,08-24-2021,16:09,24,8,Aug,,11,Clark,2370,1,,1,1,2,1,1,5,3,,,,12,0,6,Angle,0.3,3,0,2,4 Way,3,2,1,6,0,0,3,3,NE FOURTH PLAIN BLVD,NE VANCOUVER MALL DR,-122.5755528,45.65756667,98662,0,3,98,Others,62,4,35,14,0,0,1,5,12,1,1,5,1,5,Others,2,2,53,,0,49,40,2019,0,0,12,12,,,,,1,1,71,2,0,,1,0,3,0,11,4,,,,,0,0,0,3,1,0,0,0,0,0,,,,,,0,,,,,,99403,53,66,140,6,1,0,0,0,0,,0,,,,,,0,,,8,0,0,0,8,9,8,,,0,0,0,8,0,8,95,,,96,,,8,95,995,,,,,,,,,,,,,,,,,,,,,,,,,,,,,,0,0,0,0,0,0,0,0,0,0,0,0,0,0,0,0,1,0,0,0,0,0,0,0,0,1,1,0,1,1,1,0,0,0,0,,0,0,0,0,0,0,0,0,0,0,0,0,0,0,0,0,,,,,,71-75,66-75,US highway,R,Tuesday,Belt Used,PV,Not Fatal,0,0,0,0,State Route,State Patrol,Washington State Patrol,0,1,0,0,0,,,,,,0,0,0,,,,,,,,,,,98,98,98,0,,,,,20,7,,,,,,,,,,,,,,,
2021,320,635850,305,08-24-2021,16:09,24,8,Aug,,11,Clark,2370,1,,1,1,2,1,1,5,3,,,,12,0,6,Angle,0.3,3,0,2,4 Way,3,2,1,6,0,0,3,3,NE FOURTH PLAIN BLVD,NE VANCOUVER MALL DR,-122.5755528,45.65756667,98662,0,2,98,Others,98,7,35,6,0,0,1,5,12,1,1,5,1,10,Others,2,1,53,,0,87,881,1999,0,0,12,,,,,,1,1,57,1,0,,0,0,3,0,11,0,,,,,6,1,3,3,1,0,0,0,0,93,,,,,,0,,,,,,99350,53,70,220,6,1,0,1,0,0,,97,,,,,,0,01-15-2018,01-15-2018,20,0,0,0,8,9,2,,,0,0,0,0,0,8,95,,,96,,,8,95,995,,,,,,,,,,,,,,,,,,,,,,,,,,,,,,0,0,0,0,0,0,0,0,0,0,0,0,0,0,0,0,1,0,0,0,0,0,0,0,0,1,1,0,1,1,1,0,0,0,0,,0,0,0,0,0,0,0,0,1,0,0,0,0,0,0,0,,,,,,56-60,56-65,US highway,R,Tuesday,,MHTRUCK,Not Fatal,0,0,0,0,State Route,State Patrol,Washington State Patrol,0,1,0,0,0,,,,,,0,0,0,,,,,,,,,,,0,0,0,0,,,,,20,7,,,,,,,,,,,,,,,