year,something,Cases,repjur,crash_dt,crash_tm,accday,Month,Month,holiday,county,co_char,city,weather,weather2,lightcond,surfcond,surftype,Number of Fatalities,nmforms,pforms,vforms,not_tm,arr_tm,hosp_tm,fhevent,hitrun,Manner of Collision,Manner of Collision,milepnt,reljunc,reljuncinter,intersectiontype,Intersection Type,funcsystem,landuse,ownership,route,schlbus,spejur,contdev,devfunc,trafid1,trafid2,x,y,zipcode,wk_zone,vnumber,crashtype,Crash Type,criticalevent,criticaleventcat,spdlim,body,trailer,emerg,hazcargo,leave,mhevent,roadalgn,roadprof,traflane,trafflow,Vehicle Manure,Vehicle Manure,numoccs,regowner,regstate,,spuse,make,model,modelyr,vrf1,vrf2,seqevent1,seqevent2,seqevent3,seqevent4,seqevent5,seqevent6,pnumber,ptype,age,sex,hispanic,race,injury,diedscene,restraint,restraintmisuse,seatpos,takehosp,death_dt,death_tm,cert,cernum_wa,commlic,licendor,licrestrict,liccomp,drivpres,drf1,drf2,drf3,drf4,distract1,distract2,distract3,distract4,distract5,distract6,dricond1,dricond2,dricond3,dricond4,dricond5,dricond6,dzip,licstate,drhgt_in,weight,noncdl,noncdltype,prevdwi,prevoth,prevacc,prevspd,prevsus,driviol1,driviol2,driviol3,driviol4,driviol5,driviol6,spdrel,first_dt,last_dt,airbag,ejection,ejectpath,extricat,injurwrk,methalc,methdrug,nmlocat,strikveh,prf1,prf2,prf3,druginv,alcinvol,drugsts,drugres1,drugres2,drugres3,drugtst1,drugtst2,drugtst3,alcsts,alctst,alcres,nmact1,nmact2,nmact3,nmact4,nmact5,nmact6,nmprior1,nmprior2,nmprior3,nmprior4,nmprior5,nmprior6,nmcond1,nmcond2,nmcond3,nmcond4,nmcond5,nmcond6,nmsafe_helmet,nmsafe_pads,nmsafe_oth,nmprev_ref,nmprev_lgt,nmprev_oth,crashlocation,nmcrashtype,crosswalk,schoolzone,sidewalk,train_inv,wildlife_inv,rotr_fars,intersect_fars,Drink and Drive,aid_inv,Drug Positive Drivers,Impaired Drivers,Marijuana Positive,impnm_inv,ainm_inv,dpnm_inv,speed_inv,unlic_inv,unendmc_inv,drowsy_inv,drdist_inv,nmdist_inv,fty_inv,unrestfat_inv,dr1617_inv,dr1820_inv,dr1620_inv,dr2125_inv,dr1625_inv,dr65_inv,dr70_inv,dr75_inv,mc_inv,pv_inv,ht_inv,ped_inv,bike_inv,unrest_fat,mc_fat,unhelmet_mc,pv_fat,ht_fat,ped_fat,bike_fat,dr_alc7,dr_alc8,dr_drug,dr_imp,dr_dist,dr_spd,dr_fty,dr_unlic,dr_alc7only,dr_alc8only,dr_drugonly,dr_drink,nm_imp,nm_alc7,nm_alc8,nm_drug,nm_dist,agegrp1,agegrp2,roadclass,urbrur,dayweek,restuse,vehtype,race_me,intersect,lanedep,oppdir,wrongway,rep_typ,investag,repag_long,rotr,st_rd,cty_rd,city_rd,oth_rd,drug_thc,thc_res,drug_cthc,cthc_res,drug_cann,prevpersemin,prevperse,prevsusoth,drugtst4,drugtst5,drugtst6,drugtst7,drugtst8,drugres4,drugres5,drugres6,drugres7,drugres8,adspresent,adsengaged,adslevel,race1,race2,race3,race4,race5,helmet,helmetmisuse,nmdistract1,nmdistract2,nmdistract3,nmdistract4,nmdistract5,nmdistract6,lab,isedtcase,crf1,crf2,crf3,CoRoadName,CoMP,IntCoRoadName,IntCoMP
2020,320,634937,25,07-29-2020,16:05,29,7,July,,33,King,0,1,,1,1,2,1,0,5,2,,,,12,0,6,Angle,5.4,1,0,1,No intersection,5,1,2,4,0,0,0,0,CR-VEAZIE CUMBERLAND RD,,-121.9370278,47.27109722,98022,0,2,98,Others,60,4,40,4,0,0,1,5,12,1,1,2,1,12,Others,4,1,53,,0,72,706,2006,0,0,68,64,24,,,,1,1,62,1,0,,3,0,20,7,11,8,,,,,0,0,3,3,1,0,0,0,0,93,,,,,,0,,,,,,98252,53,72,200,6,1,0,0,0,0,,97,,,,,,0,,,20,8,0,0,8,9,8,,,0,0,0,8,0,8,95,,,96,,,8,95,995,,,,,,,,,,,,,,,,,,,,,,,,,,,,,,0,0,1,0,0,0,0,0,0,0,0,0,0,0,0,0,1,0,0,0,0,0,0,0,0,0,0,0,1,0,0,0,0,0,0,0,0,0,0,0,0,0,0,0,1,0,0,0,0,0,0,0,,,,,,61-65,56-65,County road,R,Sunday,,MC,Not Fatal,0,1,0,0,County Road,State Patrol,Washington State Patrol,1,0,1,0,0,,,,,,0,0,0,,,,,,,,,,,0,0,0,0,,,,,5,0,,,,,,,,,,,,,,,
2020,320,634936,25,07-29-2020,16:05,29,7,July,,33,King,0,1,,1,1,2,1,0,5,2,,,,12,0,6,Angle,5.4,1,0,1,No intersection,5,1,2,4,0,0,0,0,CR-VEAZIE CUMBERLAND RD,,-121.9370278,47.27109722,98022,0,1,98,Others,10,2,40,80,0,0,1,2,12,1,1,2,1,6,Others,1,1,53,,0,49,401,2017,0,0,12,,,,,,1,1,30,1,0,,0,0,3,0,11,0,,,,,0,0,0,3,1,0,0,0,0,96,,,,,,0,,,,,,99208,53,72,175,6,1,0,0,0,0,,0,,,,,,0,,,20,0,0,0,8,9,8,,,0,0,0,8,0,8,95,,,96,,,8,95,995,,,,,,,,,,,,,,,,,,,,,,,,,,,,,,0,0,0,1,1,1,1,1,0,0,0,0,1,0,0,0,0,0,0,0,0,0,0,0,0,0,0,0,1,1,0,0,0,0,0,,0,0,0,0,0,0,0,0,0,0,0,0,0,0,0,0,,,,,,26-30,26-35,City street,U,Sunday,Belt Used,PV,Not Fatal,1,0,0,0,City Street,Municipal/City Police,Spokane Police Department,0,0,0,1,0,,,,,,0,0,0,,,,,,,,,,,98,98,98,0,,,,,20,7,,,,,,,,,,,,,,,
2019,320,634321,2,09-07-2019,15:10,7,9,Sep,,29,Island,0,10,0,1,1,2,1,0,4,2,,,,1,0,0,No vehicle,9.8,8,0,1,No intersection,5,2,2,4,0,0,0,0,CR-AULT FIELD RD,,-122.6671361,48.32586944,98277,0,2,98,Others,98,7,35,73,0,0,1,5,12,1,1,3,5,10,Others,3,2,53,,0,71,706,2017,0,0,68,12,,,,,1,1,42,1,7,,4,7,20,7,11,0,06-02-2019,20:44,2.11E+11,25396,0,0,0,3,1,33,0,0,0,96,,,,,,99,,,,,,99208,53,71,268,6,1,0,0,0,0,,0,,,,,,3,,,20,8,0,0,0,9,8,,,0,0,0,8,9,2,996,996,,1,1,,2,1,0.1,,,,,,,,,,,,,,,,,,,,,,,,,,,,,,0,0,0,1,1,1,1,1,0,0,0,0,1,0,0,0,0,0,0,0,0,0,0,0,0,0,0,0,1,1,0,0,0,0,1,0,0,0,0,0,0,1,1,1,0,1,0,0,0,0,0,1,,,,,,41-45,36-45,City street,U,Sunday,,MC,White,1,0,0,0,City Street,Municipal/City Police,Spokane Police Department,0,0,0,1,0,,,,,,0,0,0,,,,,,,,,,,0,0,0,1,,,,,19,0,,,,,,,,,,,,,,,
2019,320,634320,2,09-07-2019,15:10,7,9,Sep,,29,Island,0,10,0,1,1,2,1,0,4,2,,,,1,0,0,No vehicle,9.8,8,0,1,No intersection,5,2,2,4,0,0,0,0,CR-AULT FIELD RD,,-122.6671361,48.32586944,98277,0,1,98,Others,98,7,35,80,0,0,1,7,12,1,1,3,5,6,Others,1,1,53,,0,30,40,1998,0,0,63,14,2,,,,1,1,49,1,7,,4,7,99,7,11,0,05/24/2019,05:30,1.00E+11,25167,0,0,3,3,1,0,0,0,0,92,,,,,,99,,,,,,98584,53,70,195,6,1,0,0,0,0,,0,,,,,,0,,,99,0,0,0,0,9,8,,,0,0,0,8,9,2,605,695,,1,1,,2,1,0,,,,,,,,,,,,,,,,,,,,,,,,,,,,,,0,0,1,0,0,0,1,1,1,0,0,0,0,0,0,0,1,0,0,0,0,0,0,0,0,0,0,0,0,1,1,0,0,0,0,,1,0,0,0,0,0,1,1,1,0,0,0,0,0,1,0,,,,,,46-50,46-55,City street,U,Friday,Unknown,PV,White,0,1,0,0,City Street,Municipal/City Police,Kalama Police Department,1,0,0,1,0,thc,35,carboxy-thc,45,,0,0,0,,,,,,,,,,,0,0,0,1,,,,,20,7,,,,,,,nms,,,,,,,,
2018,320,633541,25,09-06-2018,12:33,6,9,Sep,0,33,King,0,1,0,1,1,2,1,0,2,2,,,,12,0,1,Front-to-Rear,3.7,3,0,3,T Intersection,3,2,2,4,0,0,3,3,CR-SE PETROVITSKY RD,PARKSIDE WAY SE,-122.1208722,47.43953333,98058,0,2,21,Others,53,3,40,80,0,0,1,7,12,1,1,3,1,5,Others,1,2,53,,0,34,35,2008,0,0,8,,,,,,1,1,47,1,0,,0,0,3,0,11,0,,,,,0,0,0,3,1,0,0,0,0,12,,,,,,0,,,,,,99201,53,72,205,6,1,0,0,0,0,,0,,,,,,0,,,20,0,0,0,8,9,8,,,0,0,0,8,0,8,95,,,96,,,8,95,995,,,,,,,,,,,,,,,,,,,,,,,,,,,,,,0,0,0,0,0,0,0,0,0,0,0,0,0,0,0,0,1,0,0,0,0,0,0,1,1,0,0,0,0,1,0,1,0,0,0,,0,0,0,0,0,0,0,0,1,0,0,0,0,0,0,0,,,,,,46-50,46-55,County road,U,Thursday,Belt Used,PV,Not Fatal,0,0,0,0,County Road,County Sheriff,Spokane County Sheriff's Office,0,0,1,0,0,,,,,,0,0,0,,,,,,,,,,,98,98,98,0,,,,,20,7,,,,,,,,,,,,,,,
2018,320,633540,25,09-06-2018,12:33,6,9,Sep,0,33,King,0,1,0,1,1,2,1,0,2,2,,,,12,0,1,Front-to-Rear,3.7,3,0,3,T Intersection,3,2,2,4,0,0,3,3,CR-SE PETROVITSKY RD,PARKSIDE WAY SE,-122.1208722,47.43953333,98058,0,1,20,Others,50,3,40,4,0,0,1,7,12,1,1,3,1,1,Going Straight,1,1,53,,0,7,482,2010,0,0,8,,,,,,1,1,24,1,0,,9,0,99,7,11,8,,,,,0,0,0,3,1,0,0,0,0,92,,,,,,99,,,,,,99218,53,70,170,6,1,0,0,0,0,,97,,,,,,0,,,99,0,0,0,8,9,8,,,0,0,0,8,9,8,95,,,96,,,8,95,995,,,,,,,,,,,,,,,,,,,,,,,,,,,,,,0,0,0,0,0,0,0,0,0,0,0,0,0,0,0,0,1,0,0,0,0,0,0,1,1,0,0,0,0,1,0,1,0,0,0,,0,0,0,0,0,0,0,0,1,0,0,0,0,0,0,0,,,,,,21-25,16-25,County road,U,Thursday,Unknown,PV,Not Fatal,0,0,0,0,County Road,County Sheriff,Spokane County Sheriff's Office,0,0,1,0,0,,,,,,0,0,0,,,,,,,,,,,98,98,98,0,,,,,20,7,,,,,,,,,,,,,,,
2017,320,632786,1,08-22-2017,23:30,22,8,Aug,0,77,Yakima,1440,1,0,2,1,2,2,0,3,5,23:32,23:46,,12,0,2,Front-to-Front,190,1,0,1,No intersection,3,2,1,2,0,0,0,0,US-12,,-120.6985056,46.72763333,98937,0,3,98,Others,98,7,35,16,0,0,1,5,12,3,1,2,1,14,Making a U turn,1,1,53,,0,49,472,2016,0,0,8,,,,,,1,1,51,2,0,,0,0,99,7,11,0,,,,,0,0,3,3,1,38,0,0,0,96,,,,,,0,,,,,,98033,53,65,150,6,1,0,1,0,0,,46,,,,,,0,05-15-2019,05-15-2019,20,0,0,0,8,9,8,,,0,0,0,8,0,8,95,,,96,,,8,95,995,,,,,,,,,,,,,,,,,,,,,,,,,,,,,,0,0,0,1,0,0,0,0,0,0,0,0,0,0,0,0,0,0,1,0,0,0,0,0,0,0,0,0,0,1,0,1,0,0,0,,0,0,0,0,0,0,0,0,0,0,1,0,0,0,0,0,,,,,,51-55,46-55,City street,U,Friday,Unknown,PV,Not Fatal,1,0,0,0,City Street,Municipal/City Police,Kirkland Police Department,0,0,0,1,0,,,,,,0,0,0,,,,,,,,,,,98,98,98,0,,,,,20,7,,,,,,,,,,,,,,,
2017,320,632785,1,08-22-2017,23:30,22,8,Aug,0,77,Yakima,1440,1,0,2,1,2,2,0,3,5,23:32,23:46,,12,0,2,Front-to-Front,190,1,0,1,No intersection,3,2,1,2,0,0,0,0,US-12,,-120.6985056,46.72763333,98937,0,2,51,Lateral Move(Going Straight),62,4,35,34,0,0,1,2,12,3,1,2,1,14,Making a U turn,1,2,53,,0,6,51,2005,0,0,64,69,64,1,,,1,1,21,1,1,,4,7,3,0,11,0,06-01-2019,04:43,53025172,25172,0,0,0,3,1,58,0,0,0,96,,,,,,9,,,,,,99326,53,64,220,6,1,0,1,0,2,,0,,,,,,0,12-15-2015,04-15-2018,20,2,9,0,0,1,8,,,0,0,0,1,1,2,417,605,695,1,1,1,2,1,0.25,,,,,,,,,,,,,,,,,,,,,,,,,,,,,,0,0,0,0,1,1,1,1,1,0,0,0,0,0,0,0,0,0,0,0,0,0,0,1,1,0,0,0,0,1,0,0,0,0,0,,1,0,0,0,0,1,1,1,0,0,0,0,0,0,0,1,,,,,,21-25,16-25,US highway,R,Saturday,Belt Used,PV,Hispanic,0,1,0,0,State Route,State Patrol,Washington State Patrol,1,1,0,0,0,thc,12,carboxy-thc,100,,0,0,0,,,,,,,,,,,98,98,98,1,,,,,20,7,,,,,,,,,,,,,,,
2017,320,632784,1,08-22-2017,23:30,22,8,Aug,0,77,Yakima,1440,1,0,2,1,2,2,0,3,5,23:32,23:46,,12,0,2,Front-to-Front,190,1,0,1,No intersection,3,2,1,2,0,0,0,0,US-12,,-120.6985056,46.72763333,98937,0,1,50,Lateral Move(Left/Right),10,2,35,4,0,0,1,2,12,2,1,2,1,14,Making a U turn,1,1,53,,0,2,404,1995,0,0,64,30,1,64,3,,1,1,63,1,3,,4,0,99,7,11,8,05/24/2019,19:30,2.23E+11,24366,0,0,0,2,1,0,0,0,0,93,,,,,,99,,,,,,98402,53,65,150,1,1,1,1,0,0,,0,,,,,,4,08-15-2014,04-15-2016,20,0,0,0,0,9,8,,,0,0,0,8,9,8,95,,,96,,,8,95,995,,,,,,,,,,,,,,,,,,,,,,,,,,,,,,0,0,1,0,0,0,0,0,0,0,0,0,1,1,0,0,1,0,0,0,0,0,0,0,0,0,0,0,0,1,0,0,0,0,0,,1,0,0,0,0,0,0,0,1,1,0,1,0,0,0,0,,,,,,61-65,56-65,Interstate,U,Monday,Unknown,PV,Hispanic,0,1,0,0,State Route,State Patrol,Washington State Patrol,1,1,0,0,0,,,,,,0,1,4,,,,,,,,,,,0,0,0,298,,,,,20,7,,,,,,,,,,,,,,,
2021,321,3906392,263,07-23-2021,22:46,23,7,July,,33,King,1960,1,,3,1,1,1,0,2,2,,,,12,0,1,Front-to-Rear,34,3,0,3,T Intersection,3,2,1,3,0,0,3,3,SR-99,ROOSEVELT WAY N,-122.3450861,47.73357778,98133,0,2,21,Others,53,3,35,66,2,0,1,5,12,1,1,5,5,5,Others,1,3,41,,0,12,401,1993,0,0,63,1,,,,,1,1,37,1,1,,4,0,20,7,11,8,05/29/2019,19:59,69053024257,24257,0,0,0,3,1,0,0,0,0,96,,,,,,99,,,,,,99323,53,66,167,6,1,0,0,1,0,,0,,,,,,0,12-15-2015,12-15-2015,98,1,9,0,0,9,8,,,0,0,0,8,8,2,401,417,348,1,1,1,2,1,0,,,,,,,,,,,,,,,,,,,,,,,,,,,,,,0,0,1,0,0,0,1,1,0,0,0,0,0,0,0,0,0,0,0,1,0,0,0,0,0,0,0,0,0,1,0,0,0,1,0,,1,0,0,0,0,0,1,1,0,0,0,0,0,0,1,0,,,,,,36-40,36-45,Interstate,R,Monday,Not Used,PV,Hispanic,0,1,0,0,State Route,State Patrol,Washington State Patrol,1,1,0,0,0,,,,,,0,0,0,,,,,,,,,,,0,0,0,298,,,,,20,7,,,,,,,,,,,,,,,
2021,321,3906392,263,07-23-2021,22:46,23,7,July,,33,King,1960,1,,3,1,1,1,0,2,2,,,,12,0,1,Front-to-Rear,34,3,0,3,T Intersection,3,2,1,3,0,0,3,3,SR-99,ROOSEVELT WAY N,-122.3450861,47.73357778,98133,0,1,20,Others,50,3,35,4,0,0,1,2,12,1,1,5,5,1,Going Straight,1,1,53,,0,72,706,2007,0,0,12,,,,,,1,1,71,1,7,,4,0,20,7,11,4,05/26/2019,17:12,2.37E+11,28364,0,0,0,3,1,38,0,0,0,93,,,,,,99,,,,,,98662,53,69,182,6,1,0,1,0,1,,0,,,,,,0,07-15-2015,01-15-2016,20,8,0,0,0,9,8,,,0,0,0,8,9,2,1,,,1,,,2,1,0,,,,,,,,,,,,,,,,,,,,,,,,,,,,,,0,0,0,1,0,0,0,0,0,0,0,0,0,0,0,0,1,0,1,0,0,0,0,0,0,1,1,0,1,1,0,0,0,0,1,0,0,0,0,0,0,0,0,0,1,0,1,0,0,0,0,0,,,,,,71-75,66-75,State route,R,Sunday,,MC,White,1,0,0,0,State Route,State Patrol,Washington State Patrol,0,1,0,0,0,,,,,,0,0,0,,,,,,,,,,,0,0,0,1,,,,,5,0,,,,,,,,,,,,,,,
2020,321,635004,5,08-26-2020,13:45,26,8,Aug,,41,Lewis,0,1,,1,1,2,1,0,2,2,13:49,13:53,14:15,12,0,2,Front-to-Front,50.2,1,0,1,No intersection,4,1,1,3,0,0,0,0,SR-6,,-122.9992306,46.65261944,98532,0,2,51,Lateral Move(Going Straight),62,4,55,1,0,0,1,2,12,1,1,2,1,1,Going Straight,1,1,53,,0,23,481,2001,0,0,12,,,,,,1,1,45,1,0,,0,0,3,0,11,0,,,,,0,0,3,3,1,0,0,0,0,96,,,,,,0,,,,,,97051,41,70,300,6,1,0,1,0,0,,0,,,,,,0,03-15-2016,06-15-2016,20,0,0,0,8,9,8,,,0,0,0,8,0,8,95,,,96,,,8,95,995,,,,,,,,,,,,,,,,,,,,,,,,,,,,,,0,0,0,1,0,0,0,0,0,0,0,0,0,0,0,0,1,0,1,0,0,0,0,0,0,1,1,0,1,1,0,0,0,0,0,,0,0,0,0,0,0,0,0,0,0,0,0,0,0,0,0,,,,,,41-45,36-45,State route,R,Sunday,Belt Used,PV,Not Fatal,1,0,0,0,State Route,State Patrol,Washington State Patrol,0,1,0,0,0,,,,,,0,0,1,,,,,,,,,,,98,98,98,0,,,,,20,7,,,,,,,,,,,,,,,
2020,321,635003,5,08-26-2020,13:45,26,8,Aug,,41,Lewis,0,1,,1,1,2,1,0,2,2,13:49,13:53,14:15,12,0,2,Front-to-Front,50.2,1,0,1,No intersection,4,1,1,3,0,0,0,0,SR-6,,-122.9992306,46.65261944,98532,0,1,50,Lateral Move(Left/Right),10,2,55,4,0,0,1,2,12,1,1,2,1,1,Going Straight,1,2,53,,0,7,482,2011,0,0,63,14,1,14,42,14,1,1,25,1,7,,4,7,20,7,11,0,05/25/2019,02:15,53023997,23997,6,0,0,3,1,0,0,0,0,93,,,,,,99,,,,,,98284,53,69,180,6,1,0,0,0,3,,0,,,,,,3,06-15-2014,04-15-2017,8,0,0,0,0,1,8,,,0,0,0,8,1,2,1,,,1,,,2,1,0.25,,,,,,,,,,,,,,,,,,,,,,,,,,,,,,0,0,0,0,1,1,0,1,0,0,0,0,1,0,0,0,1,0,0,1,0,0,0,1,1,0,0,0,0,1,0,0,0,1,0,,1,0,0,0,0,1,0,1,1,1,0,0,0,1,0,1,,,,,,21-25,16-25,County road,U,Saturday,Not Used,PV,White,0,1,0,0,County Road,State Patrol,Washington State Patrol,1,0,1,0,0,,,,,,0,0,0,,,,,,,,,,,98,98,98,1,,,,,20,7,,,,,,,,,,,,,,,
2019,321,634326,4,09-06-2019,02:59,6,9,Sep,,63,Spokane,0,1,0,2,1,2,1,0,3,2,,,,12,0,2,Front-to-Front,5,1,0,1,No intersection,3,2,1,3,0,0,0,0,SR-291,,-117.5068972,47.73443611,99026,0,2,51,Lateral Move(Going Straight),62,4,55,2,0,0,1,2,12,3,1,2,1,14,Making a U turn,2,2,53,,0,99,999,9999,0,0,8,,,,,,1,1,999,8,0,,9,0,99,7,11,8,,,,,99,9,9,9,1,0,0,0,0,96,,,,,,99,,,,,,99999,99,,999,9,9,99,99,99,99,,0,,,,,,0,,,99,9,0,0,8,9,8,,,0,0,0,8,9,0,0,,,0,,,0,0,996,,,,,,,,,,,,,,,,,,,,,,,,,,,,,,0,0,0,0,0,0,0,0,0,1,0,1,0,0,0,0,0,0,0,0,0,0,0,0,0,0,0,0,0,0,0,1,0,0,0,,0,0,0,0,0,0,0,0,0,0,0,0,0,0,0,0,,,,,,,,City street,U,Saturday,,NR-U,Not Fatal,0,0,0,0,City Street,Municipal/City Police,Everett Police Department,0,0,0,1,0,,,,,,99,99,99,,,,,,,,,,,98,98,98,0,,,,,20,7,,,,,,,,,,,,,,,
2019,321,634325,4,09-06-2019,02:59,6,9,Sep,,63,Spokane,0,1,0,2,1,2,1,0,3,2,,,,12,0,2,Front-to-Front,5,1,0,1,No intersection,3,2,1,3,0,0,0,0,SR-291,,-117.5068972,47.73443611,99026,0,1,50,Lateral Move(Left/Right),10,2,98,80,0,0,1,2,12,2,1,2,1,14,Making a U turn,1,2,53,,0,7,482,2010,0,0,68,64,41,1,,,1,1,28,1,7,,4,7,20,7,11,0,05/18/2019,01:51,53023347,23347,6,0,3,3,1,0,0,0,0,96,,,,,,99,,,,,,98328,53,69,200,6,1,0,0,1,0,,0,,,,,,3,05-15-2018,05-15-2018,8,0,0,0,0,9,8,,,0,0,0,8,9,2,1,,,1,,,2,1,0.18,,,,,,,,,,,,,,,,,,,,,,,,,,,,,,0,0,1,0,1,1,0,1,0,0,0,0,1,0,0,0,0,0,0,1,0,0,0,0,0,0,0,0,0,1,0,0,0,1,0,,1,0,0,0,0,1,0,1,0,1,0,0,0,1,0,1,,,,,,26-30,26-35,County road,R,Saturday,Not Used,PV,White,0,1,0,0,County Road,County Sheriff,Law Enforcement Support Agency,1,0,1,0,0,,,,,,0,0,0,,,,,,,,,,,98,98,98,1,,,,,20,7,,,,,,,,,,,,,,,
2018,321,633543,67,09-07-2018,23:34,7,9,Sep,0,35,Kitsap,180,2,0,3,2,2,1,0,2,2,,,,33,0,0,No vehicle,1.5,1,0,1,No intersection,3,2,1,3,0,0,0,0,SR-304,,-122.6534889,47.56333889,98314,0,2,98,Others,62,4,30,5,0,0,1,5,12,3,1,2,3,14,Making a U turn,1,2,53,,0,73,705,2014,0,0,68,64,30,,,,1,1,20,2,7,,4,7,20,7,11,0,05/19/2019,12:15,53023088,23088,0,0,3,3,1,0,0,0,0,96,,,,,,99,,,,,,98226,53,67,206,6,1,0,0,0,1,,0,,,,,,4,12-15-2017,01-15-2018,20,8,0,0,0,9,8,,,0,0,0,8,9,2,1,,,1,,,2,1,0,,,,,,,,,,,,,,,,,,,,,,,,,,,,,,0,0,1,0,0,0,0,0,0,0,0,0,1,0,0,0,0,0,0,0,0,1,1,0,1,0,0,0,1,0,0,0,0,0,1,0,0,0,0,0,0,0,0,0,0,1,0,0,0,0,0,0,,,,,,18-20,16-25,County road,R,Sunday,,MC,AIAN,0,1,0,0,County Road,State Patrol,Washington State Patrol,1,0,1,0,0,,,,,,0,0,1,,,,,,,,,,,0,0,0,3,,,,,5,0,,,,,,,,,,,,,,,
2018,321,633542,67,09-07-2018,23:34,7,9,Sep,0,35,Kitsap,180,2,0,3,2,2,1,0,2,2,,,,33,0,0,No vehicle,1.5,1,0,1,No intersection,3,2,1,3,0,0,0,0,SR-304,,-122.6534889,47.56333889,98314,0,1,6,Drive off road,6,1,30,80,0,0,1,5,42,2,2,2,2,14,Making a U turn,1,1,53,,0,23,421,2002,0,0,12,,,,,,1,1,63,2,1,,4,0,3,0,11,4,05-11-2019,10:49,1.96E+11,22127,0,0,0,3,1,0,0,0,0,96,,,,,,0,,,,,,98051,53,59,150,6,1,0,0,0,0,,0,,,,,,0,09-15-2018,09-15-2018,1,0,0,0,0,9,8,,,0,0,0,8,0,2,1,,,1,,,2,1,0,,,,,,,,,,,,,,,,,,,,,,,,,,,,,,0,0,0,0,0,0,0,0,0,0,0,0,0,0,0,0,1,0,0,0,0,0,0,0,0,0,0,0,0,1,0,0,0,0,0,,1,0,0,0,0,0,0,0,0,0,0,0,0,0,0,0,,,,,,61-65,56-65,County road,U,Thursday,Belt Used,PV,Hispanic,0,1,1,0,County Road,County Sheriff,King County Police,0,0,1,0,0,,,,,,0,0,1,,,,,,,,,,,98,98,98,298,,,,,20,7,,,,,,,,,,,,,,,
2017,321,632765,20,08-21-2017,02:30,21,8,Aug,0,23,Garfield,0,1,0,2,1,2,1,0,1,1,06:10,06:41,,38,0,0,No vehicle,18.4,1,0,1,No intersection,5,1,2,4,0,0,0,0,CR-KRBY MAYVIEW RD,,-117.4431389,46.60196944,,0,1,6,Drive off road,6,1,50,34,0,0,1,2,1,2,2,2,1,14,Making a U turn,1,1,53,,0,2,422,2015,0,0,68,12,,,,,1,1,57,2,0,,3,0,3,0,11,1,,,,,0,0,0,3,1,28,0,0,0,92,,,,,,0,,,,,,98022,53,70,205,6,1,0,0,0,0,,97,,,,,,0,,,1,0,0,0,8,9,8,,,0,0,0,8,0,8,95,,,96,,,8,95,995,,,,,,,,,,,,,,,,,,,,,,,,,,,,,,0,0,0,0,0,0,0,0,0,0,0,0,0,0,0,0,1,0,0,0,0,0,0,0,0,0,0,0,0,1,0,0,0,0,0,,0,0,0,0,0,0,0,0,1,0,0,0,0,0,0,0,,,,,,56-60,56-65,County road,U,Thursday,Belt Used,PV,Not Fatal,0,1,1,0,County Road,County Sheriff,King County Police,0,0,1,0,0,,,,,,0,0,0,,,,,,,,,,,98,98,98,0,,,,,20,7,,,,,,,,,,,,,,,
2020,322,635023,146,08-21-2020,23:55,21,8,Aug,,77,Yakima,0,1,,2,1,2,1,0,1,1,23:57,00:04,,34,0,0,No vehicle,8.6,1,0,1,No intersection,5,1,2,4,0,0,0,0,CR-VAN BELLE RD,,-119.9971056,46.34553333,98944,0,1,2,Control/Traction Loss,13,2,50,4,0,0,1,2,1,1,1,2,1,1,Going Straight,1,2,53,,0,20,421,2011,0,0,12,,,,,,1,1,71,1,7,,4,0,3,0,11,4,04/26/2019,14:07,2.11E+11,19381,0,0,3,3,1,0,0,0,0,96,,,,,,0,,,,,,98844,53,71,165,6,1,0,0,0,1,,0,,,,,,0,03-15-2017,03-15-2017,8,0,0,0,0,9,8,,,0,0,0,8,0,2,348,,,1,,,2,1,0,,,,,,,,,,,,,,,,,,,,,,,,,,,,,,0,0,0,1,0,0,1,1,0,0,0,0,0,0,0,0,0,0,0,0,0,0,0,0,0,1,1,1,0,1,0,0,0,0,0,,1,0,0,0,0,0,1,1,0,0,0,0,0,0,1,0,,,,,,71-75,66-75,US highway,R,Monday,Belt Used,PV,White,1,0,0,0,State Route,State Patrol,Washington State Patrol,0,1,0,0,0,,,,,,0,0,0,,,,,,,,,,,98,98,98,1,,,,,20,7,,,,,,,,,,,,,,,
2019,322,634309,146,09-02-2019,21:15,2,9,Sep,,77,Yakima,0,1,0,2,1,2,1,0,3,2,,,,12,0,6,Angle,1.8,2,0,2,4 Way,5,1,2,4,0,3,0,0,CR-KAYS RD,LATERAL RD A,-120.4803083,46.49196944,98951,0,2,88,Striking from the Left,66,4,55,14,0,0,1,7,12,1,1,2,1,1,Going Straight,2,1,53,,0,18,22,2009,0,0,12,,,,,,1,1,87,1,7,,4,0,3,0,11,4,04/22/2019,15:33,1.60E+11,19101,0,0,0,3,1,48,0,0,0,96,,,,,,0,,,,,,98849,53,73,250,6,1,0,0,0,0,,0,,,,,,0,,,8,0,0,0,0,9,8,,,0,0,0,8,0,2,1,,,1,,,2,1,0,,,,,,,,,,,,,,,,,,,,,,,,,,,,,,0,0,0,1,0,0,1,1,0,0,0,0,0,0,0,0,0,0,0,0,0,0,0,0,0,1,1,1,0,1,0,0,0,0,0,,1,0,0,0,0,0,0,0,0,0,0,0,0,0,0,0,,,,,,81+,76+,US highway,R,Monday,Belt Used,PV,White,1,0,0,0,State Route,State Patrol,Washington State Patrol,0,1,0,0,0,,,,,,0,0,0,,,,,,,,,,,98,98,98,1,,,,,20,7,,,,,,,,,,,,,,,