year,something,Cases,repjur,crash_dt,crash_tm,accday,Month,Month,holiday,county,co_char,city,weather,weather2,lightcond,surfcond,surftype,Number of Fatalities,nmforms,pforms,vforms,not_tm,arr_tm,hosp_tm,fhevent,hitrun,Manner of Collision,Manner of Collision,milepnt,reljunc,reljuncinter,intersectiontype,Intersection Type,funcsystem,landuse,ownership,route,schlbus,spejur,contdev,devfunc,trafid1,trafid2,x,y,zipcode,wk_zone,vnumber,crashtype,Crash Type,criticalevent,criticaleventcat,spdlim,body,trailer,emerg,hazcargo,leave,mhevent,roadalgn,roadprof,traflane,trafflow,Vehicle Manure,Vehicle Manure,numoccs,regowner,regstate,,spuse,make,model,modelyr,vrf1,vrf2,seqevent1,seqevent2,seqevent3,seqevent4,seqevent5,seqevent6,pnumber,ptype,age,sex,hispanic,race,injury,diedscene,restraint,restraintmisuse,seatpos,takehosp,death_dt,death_tm,cert,cernum_wa,commlic,licendor,licrestrict,liccomp,drivpres,drf1,drf2,drf3,drf4,distract1,distract2,distract3,distract4,distract5,distract6,dricond1,dricond2,dricond3,dricond4,dricond5,dricond6,dzip,licstate,drhgt_in,weight,noncdl,noncdltype,prevdwi,prevoth,prevacc,prevspd,prevsus,driviol1,driviol2,driviol3,driviol4,driviol5,driviol6,spdrel,first_dt,last_dt,airbag,ejection,ejectpath,extricat,injurwrk,methalc,methdrug,nmlocat,strikveh,prf1,prf2,prf3,druginv,alcinvol,drugsts,drugres1,drugres2,drugres3,drugtst1,drugtst2,drugtst3,alcsts,alctst,alcres,nmact1,nmact2,nmact3,nmact4,nmact5,nmact6,nmprior1,nmprior2,nmprior3,nmprior4,nmprior5,nmprior6,nmcond1,nmcond2,nmcond3,nmcond4,nmcond5,nmcond6,nmsafe_helmet,nmsafe_pads,nmsafe_oth,nmprev_ref,nmprev_lgt,nmprev_oth,crashlocation,nmcrashtype,crosswalk,schoolzone,sidewalk,train_inv,wildlife_inv,rotr_fars,intersect_fars,Drink and Drive,aid_inv,Drug Positive Drivers,Impaired Drivers,Marijuana Positive,impnm_inv,ainm_inv,dpnm_inv,speed_inv,unlic_inv,unendmc_inv,drowsy_inv,drdist_inv,nmdist_inv,fty_inv,unrestfat_inv,dr1617_inv,dr1820_inv,dr1620_inv,dr2125_inv,dr1625_inv,dr65_inv,dr70_inv,dr75_inv,mc_inv,pv_inv,ht_inv,ped_inv,bike_inv,unrest_fat,mc_fat,unhelmet_mc,pv_fat,ht_fat,ped_fat,bike_fat,dr_alc7,dr_alc8,dr_drug,dr_imp,dr_dist,dr_spd,dr_fty,dr_unlic,dr_alc7only,dr_alc8only,dr_drugonly,dr_drink,nm_imp,nm_alc7,nm_alc8,nm_drug,nm_dist,agegrp1,agegrp2,roadclass,urbrur,dayweek,restuse,vehtype,race_me,intersect,lanedep,oppdir,wrongway,rep_typ,investag,repag_long,rotr,st_rd,cty_rd,city_rd,oth_rd,drug_thc,thc_res,drug_cthc,cthc_res,drug_cann,prevpersemin,prevperse,prevsusoth,drugtst4,drugtst5,drugtst6,drugtst7,drugtst8,drugres4,drugres5,drugres6,drugres7,drugres8,adspresent,adsengaged,adslevel,race1,race2,race3,race4,race5,helmet,helmetmisuse,nmdistract1,nmdistract2,nmdistract3,nmdistract4,nmdistract5,nmdistract6,lab,isedtcase,crf1,crf2,crf3,CoRoadName,CoMP,IntCoRoadName,IntCoMP
2019,322,634308,146,09-02-2019,21:15,2,9,Sep,,77,Yakima,0,1,0,2,1,2,1,0,3,2,,,,12,0,6,Angle,1.8,2,0,2,4 Way,5,1,2,4,0,3,20,3,CR-KAYS RD,LATERAL RD A,-120.4803083,46.49196944,98951,0,1,89,Others,17,2,50,20,0,0,1,7,12,1,1,2,1,1,Going Straight,1,2,53,,0,37,39,2019,0,0,12,,,,,,1,1,51,2,0,,0,0,3,0,11,0,,,,,0,0,3,3,1,0,0,0,0,96,,,,,,0,,,,,,98125,53,69,210,6,1,0,1,0,1,,0,,,,,,0,08-15-2014,07-15-2015,8,0,0,0,8,9,8,,,0,0,0,8,0,8,95,,,96,,,8,95,995,,,,,,,,,,,,,,,,,,,,,,,,,,,,,,0,0,0,1,0,0,1,1,1,0,0,0,1,0,0,0,0,0,0,0,0,0,0,1,1,0,0,0,1,1,0,0,0,0,0,,0,0,0,0,0,0,0,0,0,0,0,0,0,0,0,0,,,,,,51-55,46-55,State route,U,Monday,Belt Used,PV,Not Fatal,1,0,0,0,State Route,State Patrol,Washington State Patrol,0,1,0,0,0,,,,,,0,0,0,,,,,,,,,,,98,98,98,0,,,,,20,7,,,,,,,,,,,,,,,
2018,322,633544,346,09-04-2018,20:30,4,9,Sep,0,63,Spokane,1165,1,0,2,1,2,1,0,2,1,,,,38,0,0,No vehicle,0,1,0,1,No intersection,7,2,4,6,0,0,0,0,E VALLEYWAY AVE,,-117.0805361,47.66035556,99019,0,1,6,Drive off road,9,1,35,80,0,0,1,7,38,1,1,2,1,1,Going Straight,2,1,53,,0,37,705,2006,0,0,12,,,,,,1,1,23,1,7,,4,0,20,7,11,4,05-06-2019,20:37,1.96E+11,20923,0,0,0,3,1,0,0,0,0,96,,,,,,99,,,,,,98011,53,70,170,6,1,0,0,0,0,,0,,,,,,4,,,20,8,0,0,0,9,8,,,0,0,0,8,9,2,348,605,,1,1,,2,1,0,,,,,,,,,,,,,,,,,,,,,,,,,,,,,,0,0,0,1,0,0,1,1,1,0,0,0,1,0,0,0,0,0,0,0,0,0,0,1,1,0,0,0,1,1,0,0,0,0,1,0,0,0,0,0,0,0,1,1,0,1,0,0,0,0,1,0,,,,,,21-25,16-25,State route,U,Monday,,MC,API,1,0,0,0,State Route,State Patrol,Washington State Patrol,0,1,0,0,0,thc,0.71,,,,0,0,0,,,,,,,,,,,0,0,0,4,,,,,5,0,,,,,,,nms,,,,,,,,
2017,322,632766,21,08-05-2017,20:30,5,8,Aug,0,25,Grant,0,1,0,5,1,2,1,0,1,1,,,,34,0,0,No vehicle,1.1,1,0,1,No intersection,6,1,2,4,0,0,0,0,CR-RD Q SE,,-119.1255556,47.43608333,98860,0,1,7,Control/Traction Loss,13,2,50,2,0,0,1,2,1,3,2,2,1,14,Making a U turn,1,2,53,,0,41,50,2018,0,0,68,64,67,42,18,18,1,1,26,1,7,,4,7,20,7,11,0,05/18/2019,00:55,53022660,22660,0,0,0,3,1,0,0,0,0,96,,,,,,9,,,,,,98329,53,71,200,6,1,1,4,1,2,,0,,,,,,3,12-15-2014,07-15-2018,2,1,9,0,0,1,1,,,0,0,0,1,1,2,605,695,,1,1,,2,1,0.025,,,,,,,,,,,,,,,,,,,,,,,,,,,,,,0,0,1,0,1,0,1,1,1,0,0,0,1,0,0,0,0,0,0,1,0,0,0,0,0,0,0,0,0,1,0,0,0,1,0,,1,0,0,0,1,0,1,1,0,1,0,0,0,0,0,1,,,,,,26-30,26-35,County road,R,Saturday,Not Used,PV,White,0,1,0,0,County Road,County Sheriff,Law Enforcement Support Agency,1,0,1,0,0,thc,53,carboxy-thc,89,,0,1,1,,,,,,,,,,,98,98,98,1,,,,,20,7,,,,,,,,,,,,,,,
2018,323,633545,146,09-08-2018,07:45,8,9,Sep,0,77,Yakima,0,1,0,1,1,2,1,0,2,2,07:41,07:49,,12,0,6,Angle,1.2,2,0,2,4 Way,5,1,2,4,0,0,20,3,CR-OLD PROSSER RD,MOUNTAINVIEW RD,-119.8944,46.22920278,98930,0,1,86,Others,17,2,50,34,0,0,1,5,1,1,1,2,1,1,Going Straight,1,2,6,,0,12,402,2013,0,0,64,35,1,,,,1,1,74,2,0,,3,0,3,0,11,4,,,,,0,0,3,3,1,0,0,0,0,96,,,,,,0,,,,,,98029,53,63,180,6,1,0,0,0,0,,0,,,,,,4,,,8,0,0,0,8,9,8,,,0,0,0,8,0,8,95,,,96,,,8,95,995,,,,,,,,,,,,,,,,,,,,,,,,,,,,,,0,0,1,0,0,0,0,0,0,0,0,0,1,0,0,0,0,0,0,0,0,0,0,0,0,1,1,0,0,1,0,0,0,0,0,,0,0,0,0,0,0,0,0,0,1,0,0,0,0,0,0,,,,,,71-75,66-75,Interstate,R,Thursday,Belt Used,PV,Not Fatal,0,1,0,0,State Route,State Patrol,Washington State Patrol,1,1,0,0,0,,,,,,0,0,0,,,,,,,,,,,98,98,98,0,,,,,20,7,,,,,,,,,,,,,,,
2021,323,635853,21,08-05-2021,14:25,5,8,Aug,,25,Grant,0,1,,1,1,2,2,0,3,2,,,,12,0,6,Angle,12.1,2,0,2,4 Way,6,1,2,4,0,0,0,0,CR-ROAD 11 SW,RD E SW,-119.6005694,46.92826111,99357,0,2,88,Striking from the Left,66,4,55,66,0,0,1,2,12,1,1,2,1,1,Going Straight,1,3,53,,0,72,706,2007,0,0,63,24,,,,,1,1,42,1,7,,4,7,20,7,11,0,05-09-2019,20:21,53021443,21443,0,0,0,3,1,0,0,0,0,92,,,,,,99,,,,,,98445,53,70,200,6,1,0,0,1,2,,0,,,,,,4,10-15-2018,03-15-2019,20,8,0,0,0,9,8,,,0,0,0,8,9,2,1,,,1,,,2,1,0.039,,,,,,,,,,,,,,,,,,,,,,,,,,,,,,0,0,1,1,1,0,0,0,0,0,0,0,1,0,0,0,1,0,0,0,0,0,0,0,0,0,0,0,1,0,0,0,0,0,1,0,0,0,0,0,1,0,0,0,1,1,0,0,1,0,0,1,,,,,,41-45,36-45,County road,R,Thursday,,MC,White,0,1,0,0,County Road,County Sheriff,King County Police,1,0,1,0,0,,,,,,0,0,0,,,,,,,,,,,0,0,0,1,,,,,19,0,,,,,,,,,,,,,,,
2021,323,635852,21,08-05-2021,14:25,5,8,Aug,,25,Grant,0,1,,1,1,2,2,0,3,2,,,,12,0,6,Angle,12.1,2,0,2,4 Way,6,1,2,4,0,0,20,3,CR-ROAD 11 SW,RD E SW,-119.6005694,46.92826111,99357,0,1,89,Others,17,2,55,6,0,0,1,2,12,1,1,2,1,4,Others,2,2,53,,0,12,37,2002,0,0,63,43,67,42,,,1,1,45,1,0,,2,0,3,0,11,8,,,,,0,0,0,0,1,0,0,0,0,96,,,,,,99,,,,,,98626,53,73,220,0,0,0,0,0,0,,97,,,,,,4,,,1,0,0,0,8,9,8,,,0,0,0,8,1,8,95,,,96,,,8,95,995,,,,,,,,,,,,,,,,,,,,,,,,,,,,,,0,0,1,0,1,0,0,0,0,0,0,0,1,1,0,0,0,0,0,0,0,0,0,0,0,0,0,0,0,1,0,0,0,0,0,,0,0,0,0,0,0,0,0,0,1,0,1,0,0,0,1,,,,,,41-45,36-45,State route,R,Thursday,Belt Used,PV,Not Fatal,0,1,0,0,State Route,State Patrol,Washington State Patrol,1,1,0,0,0,,,,,,0,0,0,,,,,,,,,,,98,98,98,0,,,,,20,7,,,,,,,,,,,,,,,
2019,323,634327,42,09-09-2019,17:50,9,9,Sep,,67,Thurston,0,10,0,5,2,2,1,0,2,1,,,,42,0,0,No vehicle,0.2,1,0,1,No intersection,7,1,2,4,0,0,0,0,CR-SUMMIT LAKE RD NW,,-123.1054778,47.03587222,98502,0,1,1,Driver Off Road,13,2,35,4,0,0,1,7,42,1,2,2,1,1,Going Straight,2,2,53,,0,37,402,2001,0,0,65,64,33,8,18,33,1,1,23,2,0,,1,0,99,7,11,8,,,,,0,0,0,3,1,0,0,0,0,96,,,,,,99,,,,,,98204,53,67,180,6,1,0,0,0,1,,97,,,,,,0,09-15-2018,09-15-2018,8,0,0,0,8,9,8,,,0,0,0,8,9,8,95,,,96,,,8,95,995,,,,,,,,,,,,,,,,,,,,,,,,,,,,,,0,0,1,1,0,0,0,0,0,0,0,0,0,0,0,0,0,0,0,0,0,0,0,1,1,0,0,0,0,1,0,1,0,0,0,,0,0,0,0,0,0,0,0,0,0,0,0,0,0,0,0,,,,,,21-25,16-25,City street,U,Thursday,Unknown,PV,Not Fatal,0,1,0,0,City Street,Municipal/City Police,Lynnwood Police Department,1,0,0,1,0,,,,,,0,0,0,,,,,,,,,,,98,98,98,0,,,,,20,7,,,,,,,,,,,,,,,
2018,323,633546,146,09-08-2018,07:45,8,9,Sep,0,77,Yakima,0,1,0,1,1,2,1,0,2,2,07:41,07:49,,12,0,6,Angle,1.2,2,0,2,4 Way,5,1,2,4,0,0,0,0,CR-OLD PROSSER RD,MOUNTAINVIEW RD,-119.8944,46.22920278,98930,0,2,87,Others,66,4,50,4,0,0,1,5,1,1,1,2,1,1,Going Straight,1,1,53,,0,37,402,2013,0,0,63,34,1,42,,,1,1,91,1,7,,4,0,3,0,11,8,05/20/2019,22:49,1.96E+11,23266,0,0,3,2,1,0,0,0,0,96,,,,,,0,,,,,,98051,53,70,167,4,1,0,0,3,0,,0,,,,,,0,11-15-2016,05-15-2019,8,0,0,0,0,9,8,,,0,0,0,8,0,8,95,,,96,,,8,95,995,,,,,,,,,,,,,,,,,,,,,,,,,,,,,,0,0,1,0,0,0,0,0,0,0,0,0,0,1,0,0,0,0,0,0,0,0,0,0,0,1,1,1,0,1,0,0,0,0,0,,1,0,0,0,0,0,0,0,0,0,0,1,0,0,0,0,,,,,,81+,76+,County road,R,Thursday,Belt Used,PV,White,0,1,0,0,County Road,County Sheriff,King County Police,1,0,1,0,0,,,,,,0,0,1,,,,,,,,,,,98,98,98,1,,,,,20,7,,,,,,,,,,,,,,,
2017,323,632764,160,08-23-2017,06:48,23,8,Aug,0,33,King,1030,1,0,1,1,2,1,0,5,4,,,,12,0,7,"Sideswipe,Same",11.3,3,0,2,4 Way,3,2,1,3,0,0,3,3,SR-99,S 240 ST,-122.2964528,47.38647222,98089,0,4,98,Others,61,4,45,14,0,0,1,5,12,1,1,3,1,1,Going Straight,1,2,53,,0,99,399,9999,0,0,8,,,,,,1,1,18,1,0,,0,0,99,7,11,0,,,,,0,0,0,0,1,0,0,0,0,96,,,,,,99,,,,,,98023,53,71,180,0,0,0,2,0,0,,97,,,,,,0,08-15-2017,08-15-2017,99,9,0,0,8,9,8,,,0,0,0,8,9,8,95,,,96,,,8,95,995,,,,,,,,,,,,,,,,,,,,,,,,,,,,,,0,0,0,0,0,0,0,0,0,0,0,0,0,1,0,0,0,0,0,0,0,1,1,0,1,0,0,0,0,1,0,1,0,0,0,,0,0,0,0,0,0,0,0,0,0,0,1,0,0,0,0,,,,,,18-20,16-25,City street,U,Tuesday,Unknown,PV,Not Fatal,0,0,0,0,City Street,Municipal/City Police,Tacoma Police Department,0,0,0,1,0,,,,,,1,0,2,,,,,,,,,,,98,98,98,0,,,,,20,7,,,,,,,,,,,,,,,
2017,323,632763,160,08-23-2017,06:48,23,8,Aug,0,33,King,1030,1,0,1,1,2,1,0,5,4,,,,12,0,7,"Sideswipe,Same",11.3,3,0,2,4 Way,3,2,1,3,0,0,3,3,SR-99,S 240 ST,-122.2964528,47.38647222,98089,0,3,98,Others,61,4,45,5,0,0,1,5,12,1,1,3,1,1,Going Straight,1,1,53,,0,20,481,2018,0,0,12,,,,,,1,1,64,1,0,,0,0,3,0,11,0,,,,,0,0,3,3,1,0,0,0,0,96,,,,,,0,,,,,,98501,53,72,200,6,1,0,0,0,0,,0,,,,,,0,,,20,0,0,0,8,9,8,,,0,0,0,8,0,8,95,,,96,,,8,95,995,,,,,,,,,,,,,,,,,,,,,,,,,,,,,,0,0,0,0,0,0,0,0,0,0,0,0,1,0,0,0,0,0,0,0,0,0,0,0,0,0,0,0,1,1,0,0,0,0,0,,0,0,0,0,0,0,0,0,0,0,0,0,0,0,0,0,,,,,,61-65,56-65,State route,R,Saturday,Belt Used,PV,Not Fatal,0,1,1,0,State Route,State Patrol,Washington State Patrol,0,1,0,0,0,,,,,,0,0,0,,,,,,,,,,,98,98,98,0,,,,,20,7,,,,,,,,,,,,,,,
2017,323,632762,160,08-23-2017,06:48,23,8,Aug,0,33,King,1030,1,0,1,1,2,1,0,5,4,,,,12,0,7,"Sideswipe,Same",11.3,3,0,2,4 Way,3,2,1,3,0,0,3,3,SR-99,S 240 ST,-122.2964528,47.38647222,98089,0,2,45,Others,61,4,45,80,0,0,1,2,12,1,1,3,1,1,Going Straight,1,1,53,,0,72,706,2002,0,0,68,12,,,,,1,1,64,1,7,,4,7,20,7,11,0,05-11-2019,11:57,53021771,21771,99,9,9,9,1,28,0,0,0,96,,,,,,99,,,,,,0,95,,999,9,9,99,99,99,99,,0,,,,,,4,,,20,8,0,0,0,9,8,,,0,0,0,8,9,2,1,,,1,,,2,1,0,,,,,,,,,,,,,,,,,,,,,,,,,,,,,,0,0,0,0,0,0,0,0,0,0,0,0,1,0,0,0,0,0,0,0,0,0,0,0,0,0,0,0,1,1,0,0,0,0,1,0,0,0,0,0,0,0,0,0,0,1,0,0,0,0,0,0,,,,,,61-65,56-65,State route,R,Saturday,,MC,White,0,1,1,0,State Route,State Patrol,Washington State Patrol,0,1,0,0,0,,,,,,99,99,99,,,,,,,,,,,0,0,0,1,,,,,5,0,,,,,,,,,,,,,,,
2017,323,632761,160,08-23-2017,06:48,23,8,Aug,0,33,King,1030,1,0,1,1,2,1,0,5,4,,,,12,0,7,"Sideswipe,Same",11.3,3,0,2,4 Way,3,2,1,3,0,0,3,3,SR-99,S 240 ST,-122.2964528,47.38647222,98089,0,1,46,Others,11,2,45,6,0,0,1,2,12,1,1,3,1,15,Others,2,1,53,,0,49,422,2006,0,0,12,,,,,,1,1,54,8,0,,1,0,3,0,11,5,,,,,0,0,3,3,1,0,0,0,0,96,,,,,,0,,,,,,98823,53,65,180,6,1,0,0,0,0,,0,,,,,,0,,,1,0,0,0,8,9,8,,,0,0,0,8,0,8,95,,,96,,,8,95,995,,,,,,,,,,,,,,,,,,,,,,,,,,,,,,0,0,0,1,1,0,0,0,0,0,0,0,0,1,0,0,0,0,1,1,0,0,0,0,0,0,0,0,0,1,0,0,0,0,0,,0,0,0,0,0,0,0,0,0,0,0,0,0,0,0,0,,,,,,51-55,46-55,State route,R,Tuesday,Belt Used,PV,Not Fatal,1,0,0,0,State Route,State Patrol,Washington State Patrol,0,1,0,0,0,,,,,,0,0,0,,,,,,,,,,,98,98,98,0,,,,,20,7,,,,,,,,,,,,,,,
2021,324,635854,21,08-07-2021,06:01,7,8,Aug,,25,Grant,0,1,,9,1,4,1,0,2,1,,,,58,0,0,No vehicle,9.5,1,0,1,No intersection,7,1,2,4,0,0,0,0,CR-ROAD 9 NE,,-119.2617194,47.21915,98837,0,1,6,Drive off road,12,2,50,4,0,0,1,2,58,1,2,8,1,1,Going Straight,2,2,53,,0,22,22,2007,0,0,12,,,,,,1,1,38,1,0,,1,0,3,0,11,5,,,,,0,0,0,2,1,38,91,0,0,96,,,,,,0,,,,,,98837,53,68,188,1,1,0,1,0,0,,2,71,76,,,,0,08-15-2014,09-15-2018,20,0,0,0,8,9,8,,,0,0,0,8,1,8,95,,,96,,,8,95,995,,,,,,,,,,,,,,,,,,,,,,,,,,,,,,0,0,0,1,1,0,0,0,0,0,0,0,0,1,0,0,0,0,1,1,0,0,0,0,0,0,0,0,0,1,0,0,0,0,0,,0,0,0,0,0,0,0,0,0,0,1,1,0,0,0,1,,,,,,36-40,36-45,State route,R,Tuesday,Belt Used,PV,Not Fatal,1,0,0,0,State Route,State Patrol,Washington State Patrol,0,1,0,0,0,,,,,,0,0,4,,,,,,,,,,,98,98,98,0,,,,,20,7,,,,,,,,,,,,,,,
2020,324,635033,189,08-29-2020,02:03,29,8,Aug,,61,Snohomish,1280,1,,3,1,2,2,2,1,1,,,,41,0,0,No vehicle,0,3,0,10,L Intersection,7,2,4,6,0,0,0,0,84TH ST NE,55TTH AVE NE,-122.1564167,48.07169167,98270,0,1,6,Drive off road,14,2,25,2,0,0,1,2,8,1,1,2,1,1,Going Straight,1,2,53,,0,12,401,2014,0,0,12,,,,,,1,1,33,1,0,,2,0,3,0,11,5,,,,,0,0,3,2,1,0,0,0,0,96,,,,,,0,,,,,,98391,53,68,185,1,1,0,0,0,0,,97,,,,,,0,03-15-2019,03-15-2019,8,0,0,0,8,9,8,,,0,0,0,8,0,8,95,,,96,,,8,95,995,,,,,,,,,,,,,,,,,,,,,,,,,,,,,,0,0,0,1,0,0,1,1,0,0,0,0,0,1,0,0,1,0,0,1,0,0,0,0,0,1,1,1,0,1,0,0,0,0,0,,0,0,0,0,0,0,0,0,0,0,0,1,0,0,0,0,,,,,,31-35,26-35,State route,U,Sunday,Belt Used,PV,Not Fatal,1,0,0,0,State Route,Municipal/City Police,Bonney Lake Police Department,0,1,0,0,0,,,,,,0,0,1,,,,,,,,,,,98,98,98,0,,,,,20,7,,,,,,,,,,,,,,,
2018,324,633547,305,09-12-2018,12:55,12,9,Sep,0,11,Clark,2370,10,0,1,1,2,1,1,1,1,12:55,13:01,13:15,8,0,0,No vehicle,0,1,0,1,No intersection,7,2,4,6,0,0,0,0,N ANDRESEN RD,,-122.6020806,45.62123056,98664,0,1,13,Pedestrian/Animal,80,5,35,20,0,0,1,5,8,1,1,4,2,1,Going Straight,1,1,53,,0,35,47,2015,0,0,68,12,,,,,1,1,76,1,7,,4,0,20,7,11,5,05-12-2019,04:55,2.23E+11,21773,0,0,0,3,1,28,0,0,0,92,,,,,,0,,,,,,98373,53,70,200,6,1,0,0,0,0,,0,,,,,,0,,,20,0,0,0,0,9,8,,,0,0,0,8,0,2,996,996,,1,1,,2,1,0,,,,,,,,,,,,,,,,,,,,,,,,,,,,,,0,0,0,1,0,0,1,1,0,0,0,0,0,1,0,0,1,0,0,1,0,0,0,0,0,1,1,1,0,1,0,0,0,1,0,,1,0,0,0,0,0,1,1,1,0,0,0,0,0,1,0,,,,,,76-80,76+,State route,U,Sunday,Not Used,PV,White,1,0,0,0,State Route,Municipal/City Police,Bonney Lake Police Department,0,1,0,0,0,,,,,,0,0,0,,,,,,,,,,,98,98,98,1,,,,,20,7,,,,,,,,,,,,,,,
2019,324,634334,7,09-10-2019,23:06,10,9,Sep,,33,King,1050,1,0,2,1,2,1,1,1,2,,,,8,1,0,No vehicle,21,1,0,1,No intersection,1,2,1,1,0,0,0,0,I-405,,-122.1882472,47.71946667,98034,0,1,13,Pedestrian/Animal,80,5,60,66,1,0,1,5,8,1,2,5,3,1,Going Straight,99,9,99,,0,53,706,2005,0,0,12,,,,,,1,1,72,1,7,,4,7,20,7,11,0,05-03-2019,14:34,53020976,20976,0,0,3,3,1,0,0,0,0,96,,,,,,0,,,,,,98368,53,69,178,6,1,0,0,0,0,,0,,,,,,0,,,20,8,0,0,0,9,8,,,0,0,0,8,9,2,177,,,1,,,2,1,0,,,,,,,,,,,,,,,,,,,,,,,,,,,,,,0,0,0,1,0,0,1,1,0,0,0,0,0,0,0,0,0,0,0,0,0,0,0,0,0,1,1,1,1,1,0,0,0,0,1,0,0,0,0,0,0,0,1,1,0,0,0,0,0,0,1,0,,,,,,71-75,66-75,State route,R,Friday,,MC,White,1,0,0,0,State Route,State Patrol,Washington State Patrol,0,1,0,0,0,,,,,,0,0,0,,,,,,,,,,,0,0,0,1,,,,,5,0,,,,,,,,,,,,,,,
2017,325,632771,6,08-24-2017,10:40,24,8,Aug,0,37,Kittitas,0,5,0,1,1,2,1,0,7,4,,,,12,0,1,Front-to-Rear,123.3,1,0,1,No intersection,1,1,1,1,0,0,0,0,I-90,,-120.2225722,46.94285556,,0,2,28,Others,52,3,70,66,1,0,1,5,12,1,2,2,3,2,Others,2,3,13,,0,32,51,2013,0,0,12,71,24,,,,1,1,80,1,0,,0,0,3,0,11,0,,,,,0,0,0,3,1,48,0,0,0,96,,,,,,0,,,,,,98365,53,69,220,6,1,0,1,0,0,,46,,,,,,0,07-15-2014,07-15-2014,20,0,0,0,8,9,8,,,0,0,0,8,0,8,95,,,96,,,8,95,995,,,,,,,,,,,,,,,,,,,,,,,,,,,,,,0,0,0,1,0,0,1,1,0,0,0,0,0,0,0,0,0,0,0,0,0,0,0,0,0,1,1,1,1,1,0,0,0,0,0,,0,0,0,0,0,0,0,0,0,0,0,0,0,0,0,0,,,,,,76-80,76+,State route,R,Friday,Belt Used,PV,Not Fatal,1,0,0,0,State Route,State Patrol,Washington State Patrol,0,1,0,0,0,,,,,,0,0,0,,,,,,,,,,,98,98,98,0,,,,,20,7,,,,,,,,,,,,,,,
2021,325,635856,7,08-20-2021,07:14,20,8,Aug,,33,King,1050,10,,1,1,1,1,0,3,2,,,,25,0,0,No vehicle,17.9,19,1,1,No intersection,1,2,1,1,0,0,0,0,I-405,,-122.1848,47.67636389,98033,0,2,98,Others,61,4,60,15,0,0,1,2,12,1,1,7,3,16,Others,2,2,53,,0,35,48,2007,0,0,68,64,1,19,,,1,1,20,1,7,,4,0,99,7,11,5,05/17/2019,16:23,2.23E+11,23274,0,0,3,3,1,0,0,0,0,96,,,,,,99,,,,,,98498,53,67,140,6,1,0,0,1,0,,0,,,,,,4,03-15-2019,03-15-2019,8,0,0,0,0,9,8,,,0,0,0,8,9,8,95,,,96,,,8,95,995,,,,,,,,,,,,,,,,,,,,,,,,,,,,,,0,0,1,0,0,0,0,0,0,0,0,0,1,0,0,0,0,0,0,0,0,1,1,0,1,0,0,0,0,1,0,0,0,0,0,,1,0,0,0,0,0,0,0,0,1,0,0,0,0,0,0,,,,,,18-20,16-25,City street,U,Saturday,Unknown,PV,API,0,1,0,0,City Street,Municipal/City Police,Lakewood Police Department,1,0,0,1,0,,,,,,0,0,0,,,,,,,,,,,98,98,98,7,,,,,20,7,,,,,,,,,,,,,,,
2021,325,635855,7,08-20-2021,07:14,20,8,Aug,,33,King,1050,10,,1,1,1,1,0,3,2,,,,25,0,0,No vehicle,17.9,19,1,1,No intersection,1,2,1,1,0,0,0,0,I-405,,-122.1848,47.67636389,98033,0,1,6,Drive off road,8,1,60,4,0,0,1,2,25,1,1,7,3,1,Going Straight,1,1,53,,0,35,49,2015,0,0,12,,,,,,1,1,31,1,0,,0,0,3,0,11,0,,,,,0,0,0,3,1,26,0,0,0,96,,,,,,0,,,,,,98122,53,70,160,6,1,0,1,2,2,,58,,,,,,0,06-15-2014,10-15-2017,1,0,0,0,8,9,8,,,0,0,0,8,0,8,95,,,96,,,8,95,995,,,,,,,,,,,,,,,,,,,,,,,,,,,,,,0,0,0,0,0,0,0,0,0,0,0,0,0,1,0,0,0,0,0,1,0,0,0,0,0,0,0,0,0,1,0,0,0,0,0,,0,0,0,0,0,0,0,0,0,0,0,0,0,0,0,0,,,,,,31-35,26-35,Interstate,U,Tuesday,Belt Used,PV,Not Fatal,0,0,0,0,State Route,State Patrol,Washington State Patrol,0,1,0,0,0,,,,,,0,0,0,,,,,,,,,,,98,98,98,0,,,,,20,7,,,,,,,,,,,,,,,
2020,325,635035,3,08-29-2020,03:07,29,8,Aug,,67,Thurston,0,1,,2,1,2,1,0,3,2,,,,12,0,2,Front-to-Front,114.6,1,0,1,No intersection,1,2,1,1,0,0,0,0,I-5,,-122.7110417,47.068925,98561,0,2,52,Others,54,3,60,5,0,0,1,2,12,1,1,3,3,1,Going Straight,2,1,53,,0,35,47,1997,0,0,12,,,,,,1,1,58,1,1,,4,0,20,7,11,4,02/17/2019,15:31,1.96E+11,9654,0,0,0,0,1,0,0,0,0,96,,,,,,99,,,,,,98198,53,,999,0,0,0,0,0,0,,0,,,,,,0,,,20,0,0,0,0,9,8,,,0,0,0,8,9,2,1,,,1,,,2,1,0,,,,,,,,,,,,,,,,,,,,,,,,,,,,,,0,0,0,0,0,0,0,0,0,0,0,0,0,1,0,0,0,0,0,1,0,0,0,0,0,0,0,0,0,1,0,0,0,1,0,,1,0,0,0,0,0,0,0,0,0,0,1,0,0,0,0,,,,,,56-60,56-65,Interstate,U,Tuesday,Not Used,PV,Hispanic,0,0,0,0,State Route,State Patrol,Washington State Patrol,0,1,0,0,0,,,,,,0,0,0,,,,,,,,,,,0,0,0,298,,,,,20,7,,,,,,,,,,,,,,,