year,something,Cases,repjur,crash_dt,crash_tm,accday,Month,Month,holiday,county,co_char,city,weather,weather2,lightcond,surfcond,surftype,Number of Fatalities,nmforms,pforms,vforms,not_tm,arr_tm,hosp_tm,fhevent,hitrun,Manner of Collision,Manner of Collision,milepnt,reljunc,reljuncinter,intersectiontype,Intersection Type,funcsystem,landuse,ownership,route,schlbus,spejur,contdev,devfunc,trafid1,trafid2,x,y,zipcode,wk_zone,vnumber,crashtype,Crash Type,criticalevent,criticaleventcat,spdlim,body,trailer,emerg,hazcargo,leave,mhevent,roadalgn,roadprof,traflane,trafflow,Vehicle Manure,Vehicle Manure,numoccs,regowner,regstate,,spuse,make,model,modelyr,vrf1,vrf2,seqevent1,seqevent2,seqevent3,seqevent4,seqevent5,seqevent6,pnumber,ptype,age,sex,hispanic,race,injury,diedscene,restraint,restraintmisuse,seatpos,takehosp,death_dt,death_tm,cert,cernum_wa,commlic,licendor,licrestrict,liccomp,drivpres,drf1,drf2,drf3,drf4,distract1,distract2,distract3,distract4,distract5,distract6,dricond1,dricond2,dricond3,dricond4,dricond5,dricond6,dzip,licstate,drhgt_in,weight,noncdl,noncdltype,prevdwi,prevoth,prevacc,prevspd,prevsus,driviol1,driviol2,driviol3,driviol4,driviol5,driviol6,spdrel,first_dt,last_dt,airbag,ejection,ejectpath,extricat,injurwrk,methalc,methdrug,nmlocat,strikveh,prf1,prf2,prf3,druginv,alcinvol,drugsts,drugres1,drugres2,drugres3,drugtst1,drugtst2,drugtst3,alcsts,alctst,alcres,nmact1,nmact2,nmact3,nmact4,nmact5,nmact6,nmprior1,nmprior2,nmprior3,nmprior4,nmprior5,nmprior6,nmcond1,nmcond2,nmcond3,nmcond4,nmcond5,nmcond6,nmsafe_helmet,nmsafe_pads,nmsafe_oth,nmprev_ref,nmprev_lgt,nmprev_oth,crashlocation,nmcrashtype,crosswalk,schoolzone,sidewalk,train_inv,wildlife_inv,rotr_fars,intersect_fars,Drink and Drive,aid_inv,Drug Positive Drivers,Impaired Drivers,Marijuana Positive,impnm_inv,ainm_inv,dpnm_inv,speed_inv,unlic_inv,unendmc_inv,drowsy_inv,drdist_inv,nmdist_inv,fty_inv,unrestfat_inv,dr1617_inv,dr1820_inv,dr1620_inv,dr2125_inv,dr1625_inv,dr65_inv,dr70_inv,dr75_inv,mc_inv,pv_inv,ht_inv,ped_inv,bike_inv,unrest_fat,mc_fat,unhelmet_mc,pv_fat,ht_fat,ped_fat,bike_fat,dr_alc7,dr_alc8,dr_drug,dr_imp,dr_dist,dr_spd,dr_fty,dr_unlic,dr_alc7only,dr_alc8only,dr_drugonly,dr_drink,nm_imp,nm_alc7,nm_alc8,nm_drug,nm_dist,agegrp1,agegrp2,roadclass,urbrur,dayweek,restuse,vehtype,race_me,intersect,lanedep,oppdir,wrongway,rep_typ,investag,repag_long,rotr,st_rd,cty_rd,city_rd,oth_rd,drug_thc,thc_res,drug_cthc,cthc_res,drug_cann,prevpersemin,prevperse,prevsusoth,drugtst4,drugtst5,drugtst6,drugtst7,drugtst8,drugres4,drugres5,drugres6,drugres7,drugres8,adspresent,adsengaged,adslevel,race1,race2,race3,race4,race5,helmet,helmetmisuse,nmdistract1,nmdistract2,nmdistract3,nmdistract4,nmdistract5,nmdistract6,lab,isedtcase,crf1,crf2,crf3,CoRoadName,CoMP,IntCoRoadName,IntCoMP
2020,325,635034,3,08-29-2020,03:07,29,8,Aug,,67,Thurston,0,1,,2,1,2,1,0,3,2,,,,12,0,2,Front-to-Front,114.6,1,0,1,No intersection,1,2,1,1,0,0,0,0,I-5,,-122.7110417,47.068925,98561,0,1,52,Others,54,3,60,4,0,0,1,2,12,1,1,3,3,1,Going Straight,1,2,53,,3,98,988,2018,0,0,8,,,,,,1,1,49,1,0,,0,0,3,0,11,0,,,,,6,3,3,3,1,0,0,0,0,96,,,,,,0,,,,,,98199,53,72,200,6,1,0,0,0,0,,0,,,,,,0,,,20,0,0,0,8,9,8,,,0,0,0,8,0,8,95,,,96,,,8,95,995,,,,,,,,,,,,,,,,,,,,,,,,,,,,,,0,0,0,0,0,0,0,0,0,1,0,1,0,0,0,0,0,0,0,0,0,0,0,0,0,0,0,0,0,0,0,1,0,0,0,,0,0,0,0,0,0,0,0,0,0,0,0,0,0,0,0,,,,,,46-50,46-55,State route,U,Tuesday,,BUS,Not Fatal,0,0,0,0,State Route,State Patrol,Washington State Patrol,0,1,0,0,0,,,,,,0,0,0,,,,,,,,,,,98,98,98,0,,,,,20,7,,,,,,,,,,,,,,,
2019,325,634335,6,09-05-2019,13:35,5,9,Sep,,37,Kittitas,0,1,0,1,1,2,1,0,1,1,,,,1,0,0,No vehicle,110.8,1,0,1,No intersection,1,1,1,1,0,0,0,0,I-90,,-120.4755028,46.97048611,98934,0,1,6,Drive off road,1,1,70,34,0,0,1,7,1,1,1,2,2,1,Going Straight,1,1,53,,0,73,706,1997,0,0,12,,,,,,1,1,58,1,7,,4,7,20,7,11,0,05-01-2019,06:05,53020643,20643,0,0,0,2,1,0,0,0,0,96,,,,,,0,,,,,,98579,53,66,125,6,1,0,0,1,0,,0,,,,,,0,10-15-2016,10-15-2016,20,8,0,0,0,9,8,,,0,0,0,8,0,2,1,,,1,,,2,1,0,,,,,,,,,,,,,,,,,,,,,,,,,,,,,,0,0,0,1,0,0,0,0,0,0,0,0,0,0,1,0,0,0,1,0,0,0,0,0,0,1,1,1,1,1,0,0,0,0,1,0,0,0,0,0,0,0,0,0,0,0,0,0,0,0,0,0,,,,,,56-60,56-65,US highway,R,Wednesday,,MC,White,1,0,0,0,State Route,State Patrol,Washington State Patrol,0,1,0,0,0,,,,,,0,0,0,,,,,,,,,,,0,0,0,1,,,,,5,0,,,,,,,,,,,,,,,
2018,325,633550,39,09-07-2018,05:45,7,9,Sep,0,61,Snohomish,0,1,0,2,1,2,1,0,2,2,05:55,06:06,,12,0,1,Front-to-Rear,0.8,1,0,1,No intersection,5,2,2,4,0,0,0,0,CR-SPRINGHETTI RD,,-122.0988833,47.88552222,98296,0,2,25,Others,53,3,98,4,0,0,1,5,12,1,1,2,1,3,Others,1,1,53,,0,21,21,2000,0,0,12,,,,,,1,1,80,2,0,,0,0,3,0,11,0,,,,,0,0,3,3,1,38,0,0,0,96,,,,,,0,,,,,,98512,53,62,134,6,1,0,0,0,0,,97,,,,,,0,,,8,0,0,0,8,9,8,,,0,0,0,8,0,8,95,,,96,,,8,95,995,,,,,,,,,,,,,,,,,,,,,,,,,,,,,,0,0,0,1,0,0,0,0,0,0,0,0,0,0,1,0,0,0,1,0,0,0,0,0,0,1,1,1,1,1,0,0,0,0,0,,0,0,0,0,0,0,0,0,0,0,1,0,0,0,0,0,,,,,,76-80,76+,US highway,R,Wednesday,Belt Used,PV,Not Fatal,1,0,0,0,State Route,State Patrol,Washington State Patrol,0,1,0,0,0,,,,,,0,0,0,,,,,,,,,,,98,98,98,0,,,,,20,7,,,,,,,,,,,,,,,
2018,325,633549,39,09-07-2018,05:45,7,9,Sep,0,61,Snohomish,0,1,0,2,1,2,1,0,2,2,05:55,06:06,,12,0,1,Front-to-Rear,0.8,1,0,1,No intersection,5,2,2,4,0,0,0,0,CR-SPRINGHETTI RD,,-122.0988833,47.88552222,98296,0,1,24,Others,51,3,98,80,0,0,1,5,12,1,1,2,1,1,Going Straight,1,1,53,,0,72,706,2012,0,0,1,,,,,,1,1,65,1,1,,4,0,20,7,11,8,05/21/2019,20:22,2.11E+11,23321,0,0,0,3,1,0,0,0,0,96,,,,,,0,,,,,,76131,48,,999,6,1,0,0,0,0,,0,,,,,,0,,,20,8,0,0,0,9,8,,,0,0,0,8,0,8,95,,,96,,,8,95,995,,,,,,,,,,,,,,,,,,,,,,,,,,,,,,0,0,0,0,0,0,0,0,0,0,0,0,0,0,0,0,0,0,0,0,0,0,0,0,0,1,0,0,1,0,0,0,0,0,1,0,0,0,0,0,0,0,0,0,0,0,0,0,0,0,0,0,,,,,,61-65,56-65,Interstate,R,Sunday,,MC,Hispanic,0,0,0,0,State Route,State Patrol,Washington State Patrol,0,1,0,0,0,,,,,,0,0,0,,,,,,,,,,,0,0,0,1,,,,,19,0,,,,,,,,,,,,,,,
2017,325,632773,6,08-24-2017,10:40,24,8,Aug,0,37,Kittitas,0,5,0,1,1,2,1,0,7,4,,,,12,0,1,Front-to-Rear,123.3,1,0,1,No intersection,1,1,1,1,0,0,0,0,I-90,,-120.2225722,46.94285556,,0,4,98,Others,52,3,70,14,0,0,1,5,12,1,2,2,3,1,Going Straight,1,1,53,,0,48,45,2008,0,0,64,1,3,,,,1,1,21,2,0,,3,0,99,7,11,1,,,,,0,0,0,3,1,48,0,0,0,96,,,,,,99,,,,,,98008,53,65,107,6,1,0,0,0,0,,0,,,,,,0,,,20,0,0,0,8,9,8,,,0,0,0,8,9,8,95,,,96,,,8,95,995,,,,,,,,,,,,,,,,,,,,,,,,,,,,,,0,0,1,0,0,0,0,0,0,0,0,0,0,0,0,0,0,0,0,0,0,0,0,1,1,0,0,0,0,1,0,0,0,0,0,,0,0,0,0,0,0,0,0,0,0,0,0,0,0,0,0,,,,,,21-25,16-25,County road,R,Wednesday,Unknown,PV,Not Fatal,0,0,0,0,County Road,State Patrol,Washington State Patrol,0,0,1,0,0,,,,,,0,0,0,,,,,,,,,,,98,98,98,0,,,,,20,7,,,,,,,,,,,,,,,
2017,325,632772,6,08-24-2017,10:40,24,8,Aug,0,37,Kittitas,0,5,0,1,1,2,1,0,7,4,,,,12,0,1,Front-to-Rear,123.3,1,0,1,No intersection,1,1,1,1,0,0,0,0,I-90,,-120.2225722,46.94285556,,0,3,98,Others,52,3,70,34,1,0,1,2,12,1,2,2,3,1,Going Straight,2,1,53,,0,82,881,2011,0,0,12,63,1,,,,1,1,55,1,0,,1,0,3,0,11,8,,,,,6,1,0,3,1,0,0,0,0,96,,,,,,0,,,,,,98902,53,67,240,6,1,0,0,0,0,,0,,,,,,0,,,20,0,0,0,8,9,8,,,0,0,0,8,0,8,95,,,96,,,8,95,995,,,,,,,,,,,,,,,,,,,,,,,,,,,,,,0,0,0,1,1,0,1,1,1,0,0,0,0,1,0,0,0,0,0,0,0,0,0,1,1,0,0,0,0,1,1,0,0,0,0,,0,0,0,0,0,0,0,0,0,0,0,0,0,0,0,0,,,,,,51-55,46-55,US highway,R,Tuesday,,MHTRUCK,Not Fatal,1,0,0,0,State Route,County Sheriff,Yakima County Sheriff's Office,0,1,0,0,0,,,,,,0,0,0,,,,,,,,,,,98,98,98,0,,,,,20,7,,,,,,,,,,,,,,,
2017,325,632770,6,08-24-2017,10:40,24,8,Aug,0,37,Kittitas,0,5,0,1,1,2,1,0,7,4,,,,12,0,1,Front-to-Rear,123.3,1,0,1,No intersection,1,1,1,1,0,0,0,0,I-90,,-120.2225722,46.94285556,,0,1,29,Others,53,3,70,34,0,0,1,5,12,1,2,2,3,2,Others,2,1,53,,0,7,422,2007,0,0,12,1,,,,,1,1,25,1,0,,3,0,20,7,11,8,,,,,0,0,0,0,1,39,0,0,0,96,,,,,,9,,,,,,98951,53,70,225,0,0,0,1,0,0,,97,,,,,,0,05-15-2017,05-15-2017,8,1,9,0,8,9,8,,,0,0,0,8,1,2,695,605,402,1,1,1,2,1,0.025,,,,,,,,,,,,,,,,,,,,,,,,,,,,,,0,0,0,1,1,0,1,1,1,0,0,0,0,1,0,0,0,0,0,0,0,0,0,1,1,0,0,0,0,1,1,0,0,0,0,,0,0,0,0,1,0,1,1,0,0,0,1,0,0,0,1,,,,,,21-25,16-25,US highway,R,Tuesday,Not Used,PV,Not Fatal,1,0,0,0,State Route,County Sheriff,Yakima County Sheriff's Office,0,1,0,0,0,thc,2,carboxy-thc,44,,0,0,0,1,1,,,,996,407,,,,98,98,98,0,,,,,20,7,,,,,,,,,,,,,,,
2017,326,632774,1,08-25-2017,00:55,25,8,Aug,0,5,Benton,0,1,0,2,1,1,1,0,1,1,,,,1,0,0,No vehicle,123.8,1,0,1,No intersection,1,1,1,1,0,0,0,0,I-82,,-119.232875,46.01157778,,0,1,2,Control/Traction Loss,12,2,70,34,0,0,1,2,1,1,1,2,3,1,Going Straight,1,1,41,,0,12,3,1996,0,0,68,64,35,1,,,1,1,36,1,7,,4,7,20,7,11,0,05-06-2019,14:20,53020905,20905,0,0,0,0,1,0,0,0,0,96,,,,,,99,,,,,,98632,53,64,165,0,0,0,0,0,0,,0,,,,,,4,11-15-2017,11-15-2018,1,1,9,0,0,9,8,,,0,0,0,8,1,2,401,417,605,1,1,1,2,1,0.136,,,,,,,,,,,,,,,,,,,,,,,,,,,,,,0,0,1,0,1,1,1,1,1,0,0,0,1,1,0,0,0,0,0,1,0,0,0,0,0,0,0,0,0,1,0,0,0,1,0,,1,0,0,0,0,1,1,1,0,1,0,1,0,0,0,1,,,,,,36-40,36-45,County road,R,Monday,Not Used,PV,White,0,1,0,0,County Road,County Sheriff,Cowlitz County Sheriff's Office,1,0,1,0,0,thc,1.7,,,,0,0,2,,,,,,,,,,,0,0,0,1,,,,,20,7,,,,,,,nms,,,,,,,,
2021,326,635857,184,08-27-2021,12:37,27,8,Aug,,61,Snohomish,1215,2,,1,2,2,1,1,2,1,,,,8,0,0,No vehicle,42.1,3,0,3,T Intersection,3,2,1,3,0,0,20,3,SR-99,VALUE VILLAGE,-122.2973028,47.84173889,98037,0,1,13,Pedestrian/Animal,80,5,98,15,0,0,1,2,8,1,1,3,1,10,Others,2,1,53,,0,20,36,2003,0,0,68,68,63,1,3,,1,1,25,8,1,,4,7,20,7,11,0,05-03-2019,19:10,53020144,20144,0,0,3,3,1,33,0,0,0,96,,,,,,99,,,,,,98948,53,63,240,6,1,0,1,0,1,,0,,,,,,0,11-15-2015,12-15-2018,20,0,0,0,0,9,8,,,0,0,0,8,1,2,996,,,1,,,2,1,0.14,,,,,,,,,,,,,,,,,,,,,,,,,,,,,,0,0,0,0,1,1,1,1,0,0,0,0,0,0,0,0,0,0,0,1,0,0,0,1,1,0,0,0,0,1,0,0,0,1,0,,1,0,0,0,0,1,1,1,0,0,0,0,0,0,0,1,,,,,,21-25,16-25,County road,R,Friday,Not Used,PV,Hispanic,0,1,0,0,County Road,County Sheriff,Yakima County Sheriff's Office,1,0,1,0,0,,,,,,0,0,0,,,,,,,,,,,98,98,98,1,,,,,20,7,,,,,,,,,,,,,,,
2020,326,635037,5,08-14-2020,18:21,14,8,Aug,,59,Skamania,0,1,,5,1,2,1,0,1,1,,,,11,0,0,No vehicle,33.3,1,0,1,No intersection,3,1,1,3,0,0,0,0,SR-14,,-122.0422556,45.61704722,97014,0,1,13,Pedestrian/Animal,87,6,55,80,0,0,1,2,11,1,1,2,1,1,Going Straight,1,1,53,,0,24,1,1995,0,0,12,,,,,,1,1,42,1,0,,0,0,3,0,11,0,,,,,0,0,3,3,1,0,0,0,0,96,,,,,,0,,,,,,98273,53,73,185,6,1,0,0,0,0,,0,,,,,,0,,,20,0,0,0,8,9,8,,,0,0,0,8,0,8,95,,,96,,,8,95,995,,,,,,,,,,,,,,,,,,,,,,,,,,,,,,0,0,0,0,0,0,0,0,0,0,0,0,0,0,0,0,1,0,0,0,0,1,1,0,1,0,0,0,0,1,1,0,0,0,0,,0,0,0,0,0,0,0,0,0,0,0,0,0,0,0,0,,,,,,41-45,36-45,Interstate,R,Tuesday,Belt Used,PV,Not Fatal,0,0,0,0,State Route,State Patrol,Washington State Patrol,0,1,0,0,0,,,,,,0,0,0,,,,,,,,,,,0,0,0,0,,,,,20,7,,,,,,,,,,,,,,,
2018,326,633554,269,09-13-2018,07:04,13,9,Sep,0,33,King,2005,10,0,1,1,2,1,0,6,4,,,,12,0,2,Front-to-Front,34.6,2,0,2,4 Way,3,2,1,3,0,0,3,3,SR-99,N 155TH ST,-122.3453833,47.74143333,98133,0,4,98,Others,61,4,40,4,0,0,1,7,12,1,1,7,1,1,Going Straight,1,1,53,,0,52,34,2012,0,0,12,64,57,,,,1,1,43,2,0,,0,0,3,0,11,0,,,,,0,0,0,3,1,0,0,0,0,96,,,,,,0,,,,,,98273,53,65,180,6,1,0,0,1,0,,0,,,,,,0,06-15-2017,06-15-2017,20,0,0,0,8,9,8,,,0,0,0,8,0,8,95,,,96,,,8,95,995,,,,,,,,,,,,,,,,,,,,,,,,,,,,,,0,0,0,0,0,0,0,0,0,0,0,0,0,0,0,0,1,0,0,0,0,1,1,0,1,0,0,0,0,1,1,0,0,0,0,,0,0,0,0,0,0,0,0,0,0,0,0,0,0,0,0,,,,,,41-45,36-45,Interstate,R,Tuesday,Belt Used,PV,Not Fatal,0,0,0,0,State Route,State Patrol,Washington State Patrol,0,1,0,0,0,,,,,,0,0,0,,,,,,,,,,,98,98,98,0,,,,,20,7,,,,,,,,,,,,,,,
2018,326,633553,269,09-13-2018,07:04,13,9,Sep,0,33,King,2005,10,0,1,1,2,1,0,6,4,,,,12,0,2,Front-to-Front,34.6,2,0,2,4 Way,3,2,1,3,0,0,3,3,SR-99,N 155TH ST,-122.3453833,47.74143333,98133,0,3,98,Others,98,7,40,34,0,0,1,7,12,1,1,7,1,1,Going Straight,2,2,53,,0,63,32,2009,0,0,12,12,64,24,,,1,1,37,1,0,,0,0,3,0,11,0,,,,,0,0,0,3,1,0,0,0,0,96,,,,,,0,,,,,,98284,53,71,190,6,1,0,0,0,0,,0,,,,,,0,,,1,0,0,0,8,9,8,,,0,0,0,8,0,8,95,,,96,,,8,95,995,,,,,,,,,,,,,,,,,,,,,,,,,,,,,,0,0,0,0,0,0,0,0,0,0,0,0,0,0,0,0,1,0,0,0,0,1,1,0,1,0,0,0,0,1,1,0,0,0,0,,0,0,0,0,0,0,0,0,0,0,0,0,0,0,0,0,,,,,,36-40,36-45,Interstate,R,Tuesday,Belt Used,PV,Not Fatal,0,0,0,0,State Route,State Patrol,Washington State Patrol,0,1,0,0,0,,,,,,0,0,0,,,,,,,,,,,98,98,98,0,,,,,20,7,,,,,,,,,,,,,,,
2018,326,633552,269,09-13-2018,07:04,13,9,Sep,0,33,King,2005,10,0,1,1,2,1,0,6,4,,,,12,0,2,Front-to-Front,34.6,2,0,2,4 Way,3,2,1,3,0,0,3,3,SR-99,N 155TH ST,-122.3453833,47.74143333,98133,0,2,51,Lateral Move(Going Straight),62,4,40,6,0,0,1,7,12,1,1,7,1,1,Going Straight,2,1,53,,0,12,402,2009,0,0,12,12,,,,,1,1,20,1,0,,0,0,3,0,11,0,,,,,0,0,0,3,1,0,0,0,0,96,,,,,,0,,,,,,98273,53,70,200,6,1,0,0,0,0,,0,,,,,,0,,,1,0,0,0,8,9,8,,,0,0,0,8,0,8,95,,,96,,,8,95,995,,,,,,,,,,,,,,,,,,,,,,,,,,,,,,0,0,0,0,0,0,0,0,0,0,0,0,0,0,0,0,1,0,0,0,0,1,1,0,1,0,0,0,0,1,1,0,0,0,0,,0,0,0,0,0,0,0,0,0,0,0,0,0,0,0,0,,,,,,18-20,16-25,Interstate,R,Tuesday,Belt Used,PV,Not Fatal,0,0,0,0,State Route,State Patrol,Washington State Patrol,0,1,0,0,0,,,,,,0,0,0,,,,,,,,,,,98,98,98,0,,,,,20,7,,,,,,,,,,,,,,,
2018,326,633551,269,09-13-2018,07:04,13,9,Sep,0,33,King,2005,10,0,1,1,2,1,0,6,4,,,,12,0,2,Front-to-Front,34.6,2,0,2,4 Way,3,2,1,3,0,0,3,3,SR-99,N 155TH ST,-122.3453833,47.74143333,98133,0,1,50,Lateral Move(Left/Right),10,2,40,4,0,0,1,7,12,1,1,7,1,1,Going Straight,1,2,53,,0,20,9,1993,0,0,12,,,,,,1,1,58,1,0,,0,0,3,0,11,0,,,,,0,0,3,3,1,0,0,0,0,96,,,,,,0,,,,,,98284,53,71,205,6,1,0,0,0,0,,0,,,,,,0,,,20,0,0,0,8,9,8,,,0,0,0,8,0,8,95,,,96,,,8,95,995,,,,,,,,,,,,,,,,,,,,,,,,,,,,,,0,0,0,0,0,0,0,0,0,0,0,0,0,0,0,0,1,0,0,0,0,1,1,0,1,0,0,0,0,1,1,0,0,0,0,,0,0,0,0,0,0,0,0,0,0,0,0,0,0,0,0,,,,,,56-60,56-65,Interstate,R,Tuesday,Belt Used,PV,Not Fatal,0,0,0,0,State Route,State Patrol,Washington State Patrol,0,1,0,0,0,,,,,,0,0,0,,,,,,,,,,,0,0,0,0,,,,,20,7,,,,,,,,,,,,,,,
2019,326,634338,4,09-10-2019,22:48,10,9,Sep,,63,Spokane,2110,1,0,3,1,2,1,1,1,1,,,,8,1,0,No vehicle,280.4,1,0,1,No intersection,1,2,1,1,0,0,0,0,I-90,,-117.3833306,47.65398056,99202,0,1,13,Pedestrian/Animal,80,5,60,99,0,0,1,5,8,1,1,4,3,1,Going Straight,99,9,99,,0,20,441,2005,0,0,12,12,12,12,,,1,1,33,1,7,,4,7,99,7,11,0,04/30/2019,05:35,53020689,20689,0,0,0,3,1,0,0,0,0,96,,,,,,99,,,,,,98284,53,70,225,6,1,0,0,0,0,,0,,,,,,0,,,99,0,0,0,0,9,8,,,0,0,0,8,9,2,1,,,1,,,2,1,0,,,,,,,,,,,,,,,,,,,,,,,,,,,,,,0,0,0,0,0,0,0,0,0,0,0,0,0,0,0,0,1,0,0,0,0,1,1,0,1,0,0,0,0,1,1,0,0,0,0,,1,0,0,0,0,0,0,0,0,0,0,0,0,0,0,0,,,,,,31-35,26-35,Interstate,R,Tuesday,Unknown,PV,White,0,0,0,0,State Route,State Patrol,Washington State Patrol,0,1,0,0,0,,,,,,0,0,0,,,,,,,,,,,98,98,98,1,,,,,20,7,,,,,,,,,,,,,,,
2021,327,635858,1,08-29-2021,10:44,29,8,Aug,,77,Yakima,2590,1,,1,1,2,1,0,1,1,,,,21,0,0,No vehicle,31.4,1,0,1,No intersection,1,2,1,1,0,0,0,0,I-82,,-120.5074,46.62636944,98901,0,1,1,Driver Off Road,13,2,60,6,0,0,1,2,21,1,1,2,3,1,Going Straight,1,2,53,,0,82,881,2017,0,0,12,,,,,,1,1,54,1,0,,0,0,3,0,11,0,,,,,6,1,0,3,1,0,0,0,0,13,,,,,,0,,,,,,98371,53,66,240,6,1,0,0,0,0,,97,,,,,,0,,,99,0,0,0,8,9,2,,,0,0,0,0,0,2,1,,,1,,,2,1,0,,,,,,,,,,,,,,,,,,,,,,,,,,,,,,0,0,0,0,0,0,0,0,0,0,0,0,0,0,0,0,1,0,0,0,0,1,1,0,1,0,0,0,0,1,1,0,0,0,0,,0,0,0,0,0,0,0,0,1,0,0,0,0,0,0,0,,,,,,51-55,46-55,Interstate,R,Tuesday,,MHTRUCK,Not Fatal,0,0,0,0,State Route,State Patrol,Washington State Patrol,0,1,0,0,0,,,,,,0,0,0,,,,,,,,,,,98,98,98,0,,,,,20,7,,,,,,,,,,,,,,,
2020,327,635038,269,09-02-2020,20:28,2,9,Sep,,33,King,2005,1,,3,1,2,1,1,1,1,,,,8,0,0,No vehicle,0,1,0,1,No intersection,4,2,4,6,0,0,0,0,NW RICHMOND BEACH RD,,-122.3632417,47.76509167,98020,0,1,13,Pedestrian/Animal,80,5,30,14,0,0,1,5,8,1,1,3,5,1,Going Straight,1,1,53,,0,49,38,1991,0,0,63,69,68,64,1,3,1,1,70,1,7,,4,7,2,0,11,0,05-04-2019,14:58,53020553,20553,0,0,0,2,1,0,0,0,0,93,,,,,,99,,,,,,98360,53,69,160,1,1,0,0,0,0,,0,,,,,,4,11-15-2015,11-15-2015,20,0,0,0,0,9,8,,,0,0,0,8,9,2,996,401,417,1,1,1,2,1,0.141,,,,,,,,,,,,,,,,,,,,,,,,,,,,,,0,0,0,0,1,1,1,1,1,0,0,0,1,1,0,0,1,0,0,0,0,0,0,0,0,1,1,0,0,1,0,0,0,0,0,,1,0,0,0,0,1,1,1,1,1,0,1,0,0,0,1,,,,,,66-70,66-75,State route,U,Saturday,Belt Used,PV,White,0,1,0,0,State Route,State Patrol,Washington State Patrol,1,1,0,0,0,thc,11,carboxy-thc,32,,0,0,1,1,1,,,,695,605,,,,0,0,0,1,,,,,20,7,,,,,,,nms,,,,,,,,
2019,327,634343,35,09-10-2019,08:38,10,9,Sep,,53,Pierce,0,1,0,1,1,2,1,0,6,4,,,,12,0,2,Front-to-Front,9.2,1,0,1,No intersection,4,2,2,4,0,0,0,0,CR-CANYON RD E,,-122.3576389,47.1178,98375,0,4,98,Others,61,4,45,4,0,0,1,5,12,1,1,3,2,1,Going Straight,1,2,53,,0,32,44,2007,0,0,12,,,,,,1,1,48,1,0,,2,0,3,0,11,8,,,,,0,0,0,3,1,0,0,0,0,96,,,,,,99,,,,,,98047,53,72,225,6,1,0,0,0,0,,0,,,,,,0,,,8,0,0,0,8,9,8,,,0,0,0,8,1,2,402,,,1,,,2,1,0.062,,,,,,,,,,,,,,,,,,,,,,,,,,,,,,0,0,0,0,1,1,1,1,0,0,0,0,0,0,0,0,0,0,0,0,0,0,0,1,1,0,0,0,0,1,0,0,0,0,0,,0,0,0,0,1,0,1,1,0,0,0,0,0,0,0,1,,,,,,46-50,46-55,City street,R,Saturday,Belt Used,PV,Not Fatal,0,0,0,1,City Street,Municipal/City Police,Sumner Police Department,0,0,0,1,0,,,,,,0,0,0,,,,,,,,,,,98,98,98,0,,,,,20,7,,,,,,,,,,,,,,,
2019,327,634342,35,09-10-2019,08:38,10,9,Sep,,53,Pierce,0,1,0,1,1,2,1,0,6,4,,,,12,0,2,Front-to-Front,9.2,1,0,1,No intersection,4,2,2,4,0,0,0,0,CR-CANYON RD E,,-122.3576389,47.1178,98375,0,3,98,Others,61,4,45,4,0,0,1,5,12,1,1,3,2,1,Going Straight,1,1,53,,0,34,34,1999,0,0,12,2,,,,,1,1,24,2,7,,4,7,99,7,11,0,04/27/2019,01:35,2.21E+11,19458,0,0,0,3,1,51,0,0,0,96,,,,,,99,,,,,,98338,53,67,143,6,1,0,1,0,2,,0,,,,,,0,08-15-2014,11-15-2016,99,0,0,0,0,9,8,,,0,0,0,8,9,2,1,,,1,,,2,1,0.27,,,,,,,,,,,,,,,,,,,,,,,,,,,,,,0,0,0,0,1,1,1,1,0,0,0,0,0,0,0,0,0,0,0,0,0,0,0,1,1,0,0,0,0,1,0,0,0,0,0,,1,0,0,0,0,1,0,1,0,0,0,0,0,1,0,1,,,,,,21-25,16-25,City street,R,Saturday,Unknown,PV,White,0,0,0,1,City Street,Municipal/City Police,Sumner Police Department,0,0,0,1,0,,,,,,0,0,2,,,,,,,,,,,0,0,0,1,,,,,20,7,,,,,,,,,,,,,,,
2019,327,634341,35,09-10-2019,08:38,10,9,Sep,,53,Pierce,0,1,0,1,1,2,1,0,6,4,,,,12,0,2,Front-to-Front,9.2,1,0,1,No intersection,4,2,2,4,0,0,0,0,CR-CANYON RD E,,-122.3576389,47.1178,98375,0,2,51,Lateral Move(Going Straight),62,4,45,20,0,0,1,5,12,1,1,3,2,1,Going Straight,3,2,53,,0,76,706,2006,0,0,63,24,,,,,1,1,21,1,7,,4,0,20,7,11,1,05/18/2019,12:47,1.96E+11,23804,0,0,0,3,1,0,0,0,0,96,,,,,,99,,,,,,32583,12,68,999,6,1,0,0,0,2,,0,,,,,,4,05-15-2017,06-15-2018,20,8,0,0,0,9,8,,,0,0,0,8,9,8,95,,,96,,,8,95,995,,,,,,,,,,,,,,,,,,,,,,,,,,,,,,0,0,0,0,0,0,0,0,0,0,0,0,1,0,0,0,0,0,0,0,0,0,0,1,1,0,0,0,1,0,0,0,0,0,1,0,0,0,0,0,0,0,0,0,0,1,0,0,0,0,0,0,,,,,,21-25,16-25,County road,R,Tuesday,,MC,White,0,1,0,0,County Road,County Sheriff,Kitsap County Sheriff's Office,1,0,1,0,0,,,,,,0,0,1,,,,,,,,,,,0,0,0,1,,,,,19,0,,,,,,,,,,,,,,,