year,something,Cases,repjur,crash_dt,crash_tm,accday,Month,Month,holiday,county,co_char,city,weather,weather2,lightcond,surfcond,surftype,Number of Fatalities,nmforms,pforms,vforms,not_tm,arr_tm,hosp_tm,fhevent,hitrun,Manner of Collision,Manner of Collision,milepnt,reljunc,reljuncinter,intersectiontype,Intersection Type,funcsystem,landuse,ownership,route,schlbus,spejur,contdev,devfunc,trafid1,trafid2,x,y,zipcode,wk_zone,vnumber,crashtype,Crash Type,criticalevent,criticaleventcat,spdlim,body,trailer,emerg,hazcargo,leave,mhevent,roadalgn,roadprof,traflane,trafflow,Vehicle Manure,Vehicle Manure,numoccs,regowner,regstate,,spuse,make,model,modelyr,vrf1,vrf2,seqevent1,seqevent2,seqevent3,seqevent4,seqevent5,seqevent6,pnumber,ptype,age,sex,hispanic,race,injury,diedscene,restraint,restraintmisuse,seatpos,takehosp,death_dt,death_tm,cert,cernum_wa,commlic,licendor,licrestrict,liccomp,drivpres,drf1,drf2,drf3,drf4,distract1,distract2,distract3,distract4,distract5,distract6,dricond1,dricond2,dricond3,dricond4,dricond5,dricond6,dzip,licstate,drhgt_in,weight,noncdl,noncdltype,prevdwi,prevoth,prevacc,prevspd,prevsus,driviol1,driviol2,driviol3,driviol4,driviol5,driviol6,spdrel,first_dt,last_dt,airbag,ejection,ejectpath,extricat,injurwrk,methalc,methdrug,nmlocat,strikveh,prf1,prf2,prf3,druginv,alcinvol,drugsts,drugres1,drugres2,drugres3,drugtst1,drugtst2,drugtst3,alcsts,alctst,alcres,nmact1,nmact2,nmact3,nmact4,nmact5,nmact6,nmprior1,nmprior2,nmprior3,nmprior4,nmprior5,nmprior6,nmcond1,nmcond2,nmcond3,nmcond4,nmcond5,nmcond6,nmsafe_helmet,nmsafe_pads,nmsafe_oth,nmprev_ref,nmprev_lgt,nmprev_oth,crashlocation,nmcrashtype,crosswalk,schoolzone,sidewalk,train_inv,wildlife_inv,rotr_fars,intersect_fars,Drink and Drive,aid_inv,Drug Positive Drivers,Impaired Drivers,Marijuana Positive,impnm_inv,ainm_inv,dpnm_inv,speed_inv,unlic_inv,unendmc_inv,drowsy_inv,drdist_inv,nmdist_inv,fty_inv,unrestfat_inv,dr1617_inv,dr1820_inv,dr1620_inv,dr2125_inv,dr1625_inv,dr65_inv,dr70_inv,dr75_inv,mc_inv,pv_inv,ht_inv,ped_inv,bike_inv,unrest_fat,mc_fat,unhelmet_mc,pv_fat,ht_fat,ped_fat,bike_fat,dr_alc7,dr_alc8,dr_drug,dr_imp,dr_dist,dr_spd,dr_fty,dr_unlic,dr_alc7only,dr_alc8only,dr_drugonly,dr_drink,nm_imp,nm_alc7,nm_alc8,nm_drug,nm_dist,agegrp1,agegrp2,roadclass,urbrur,dayweek,restuse,vehtype,race_me,intersect,lanedep,oppdir,wrongway,rep_typ,investag,repag_long,rotr,st_rd,cty_rd,city_rd,oth_rd,drug_thc,thc_res,drug_cthc,cthc_res,drug_cann,prevpersemin,prevperse,prevsusoth,drugtst4,drugtst5,drugtst6,drugtst7,drugtst8,drugres4,drugres5,drugres6,drugres7,drugres8,adspresent,adsengaged,adslevel,race1,race2,race3,race4,race5,helmet,helmetmisuse,nmdistract1,nmdistract2,nmdistract3,nmdistract4,nmdistract5,nmdistract6,lab,isedtcase,crf1,crf2,crf3,CoRoadName,CoMP,IntCoRoadName,IntCoMP
2019,327,634340,35,09-10-2019,08:38,10,9,Sep,,53,Pierce,0,1,0,1,1,2,1,0,6,4,,,,12,0,2,Front-to-Front,9.2,1,0,1,No intersection,4,2,2,4,0,0,0,0,CR-CANYON RD E,,-122.3576389,47.1178,98375,0,1,50,Lateral Move(Left/Right),12,2,45,34,0,0,1,5,12,1,1,3,2,1,Going Straight,1,1,53,,0,12,37,2009,0,0,12,,,,,,1,1,85,2,7,,4,0,3,0,11,8,04/17/2019,16:29,1.96E+11,17917,0,0,0,3,1,0,0,0,0,96,,,,,,0,,,,,,98524,53,66,130,6,1,0,0,0,0,,0,,,,,,0,,,8,0,0,0,0,9,8,,,0,0,0,8,0,2,348,155,151,1,1,1,2,1,0,,,,,,,,,,,,,,,,,,,,,,,,,,,,,,0,0,0,0,0,0,1,1,1,0,0,0,0,0,0,1,0,0,0,0,0,0,0,0,0,1,1,1,0,1,0,0,0,0,0,,1,0,0,0,0,0,1,1,0,0,0,0,0,0,1,0,,,,,,81+,76+,State route,U,Wednesday,Belt Used,PV,White,0,1,1,0,State Route,State Patrol,Washington State Patrol,0,1,0,0,0,,,,,,0,0,0,,,,,,,,,,,98,98,98,1,,,,,20,7,,,,,,,,,,,,,,,
2018,327,633558,3,09-07-2018,17:28,7,9,Sep,0,67,Thurston,0,10,0,5,1,2,1,0,4,4,,,,12,0,8,Other,6.3,1,0,1,No intersection,4,2,1,3,0,0,0,0,SR-510,,-122.6943444,47.01323056,98513,0,4,98,Others,98,7,45,14,1,0,1,5,12,3,1,2,1,14,Making a U turn,1,2,53,,0,20,34,1995,0,0,68,12,,,,,1,1,42,1,0,,3,0,3,0,11,8,,,,,0,0,0,3,1,28,0,0,0,96,,,,,,2,,,,,,98557,53,72,200,6,1,0,0,0,0,,97,,,,,,0,,,8,0,0,0,8,9,8,,,0,0,0,8,0,2,695,605,177,1,1,1,2,1,0,,,,,,,,,,,,,,,,,,,,,,,,,,,,,,0,0,0,0,0,0,1,1,1,0,0,0,0,0,0,1,0,0,0,0,0,0,0,0,0,1,1,1,0,1,0,0,0,0,0,,0,0,0,0,0,0,1,1,0,0,0,0,0,0,1,0,,,,,,41-45,36-45,State route,U,Wednesday,Belt Used,PV,Not Fatal,0,1,1,0,State Route,State Patrol,Washington State Patrol,0,1,0,0,0,thc,25,carboxy-thc,130,,0,0,0,,,,,,,,,,,0,0,0,0,,,,,20,7,,,,,,,,,,,,,,,
2018,327,633557,3,09-07-2018,17:28,7,9,Sep,0,67,Thurston,0,10,0,5,1,2,1,0,4,4,,,,12,0,8,Other,6.3,1,0,1,No intersection,4,2,1,3,0,0,0,0,SR-510,,-122.6943444,47.01323056,98513,0,3,98,Others,62,4,45,20,0,0,1,2,12,3,1,2,1,14,Making a U turn,1,3,53,,0,20,481,2008,0,0,15,,,,,,1,1,27,1,0,,0,0,3,0,11,0,,,,,0,0,0,3,1,0,0,0,0,96,,,,,,0,,,,,,98022,53,72,180,6,1,0,0,0,0,,0,,,,,,0,,,20,0,0,0,8,9,8,,,0,0,0,8,0,8,95,,,96,,,8,95,995,,,,,,,,,,,,,,,,,,,,,,,,,,,,,,0,0,0,0,0,0,0,0,0,0,0,0,0,0,0,0,0,0,0,0,0,0,0,0,0,0,0,0,0,1,0,1,0,0,0,,0,0,0,0,0,0,0,0,0,0,0,0,0,0,0,0,,,,,,26-30,26-35,County road,R,Wednesday,Belt Used,PV,Not Fatal,0,0,0,0,County Road,County Sheriff,Law Enforcement Support Agency,0,0,1,0,0,,,,,,0,0,0,,,,,,,,,,,98,98,98,0,,,,,20,7,,,,,,,,,,,,,,,
2018,327,633556,3,09-07-2018,17:28,7,9,Sep,0,67,Thurston,0,10,0,5,1,2,1,0,4,4,,,,12,0,8,Other,6.3,1,0,1,No intersection,4,2,1,3,0,0,0,0,SR-510,,-122.6943444,47.01323056,98513,0,2,65,Others,62,4,45,4,0,0,1,2,12,3,1,2,1,14,Making a U turn,1,1,53,,0,37,705,2015,0,0,68,64,24,,,,1,1,54,1,7,,4,7,20,7,11,0,05-02-2019,01:47,53034312,34312,0,0,0,3,1,0,0,0,0,93,,,,,,99,,,,,,98104,53,72,190,6,1,0,1,1,1,,0,,,,,,4,10-15-2018,02-15-2019,20,8,0,0,0,9,8,,,0,0,0,8,9,2,996,401,417,1,1,1,2,1,0,,,,,,,,,,,,,,,,,,,,,,,,,,,,,,0,0,0,0,0,0,1,1,0,0,0,0,1,0,0,0,1,0,0,0,0,0,0,0,0,0,0,0,1,0,0,0,0,0,1,0,0,0,0,0,0,0,1,1,1,1,0,0,0,0,1,0,,,,,,51-55,46-55,County road,U,Thursday,,MC,White,0,1,0,0,County Road,County Sheriff,Snohomish County Sheriff's Office,1,0,1,0,0,,,,,,0,0,3,,,,,,,,,,,0,0,0,1,,,,,5,0,,,,,,,,,,,,,,,
2018,327,633555,3,09-07-2018,17:28,7,9,Sep,0,67,Thurston,0,10,0,5,1,2,1,0,4,4,,,,12,0,8,Other,6.3,1,0,1,No intersection,4,2,1,3,0,0,0,0,SR-510,,-122.6943444,47.01323056,98513,0,1,64,Others,10,2,45,4,0,0,1,2,12,2,1,2,1,14,Making a U turn,1,1,53,,0,85,881,2004,0,0,12,,,,,,1,1,58,1,0,,0,0,3,0,11,0,,,,,6,1,0,3,1,0,0,0,0,96,,,,,,0,,,,,,98355,53,72,160,6,1,0,0,0,1,,0,,,,,,0,05-15-2015,05-15-2015,20,0,0,0,8,9,8,,,0,0,0,8,0,8,95,,,96,,,8,95,995,,,,,,,,,,,,,,,,,,,,,,,,,,,,,,0,0,0,0,0,0,0,0,0,0,0,0,0,0,0,0,0,0,0,0,0,0,0,0,0,1,1,1,1,0,1,0,0,0,0,,0,0,0,0,0,0,0,0,0,0,0,0,0,0,0,0,,,,,,56-60,56-65,State route,R,Tuesday,,MHTRUCK,Not Fatal,0,1,1,0,State Route,State Patrol,Washington State Patrol,0,1,0,0,0,,,,,,0,0,0,,,,,,,,,,,98,98,98,0,,,,,20,7,,,,,,,,,,,,,,,
2017,327,632775,24,08-21-2017,13:56,21,8,Aug,0,31,Jefferson,0,1,0,1,1,2,1,0,2,1,14:01,14:30,14:56,11,0,0,No vehicle,5,1,0,1,No intersection,5,1,2,4,0,0,0,0,CR-CENTER RD,,-122.7910611,47.94259167,98325,0,1,13,Pedestrian/Animal,87,6,55,80,0,0,1,2,1,1,2,2,1,1,Going Straight,2,1,53,,0,76,706,2014,0,0,68,12,,,,,1,1,77,1,7,,4,7,20,7,11,0,04/30/2019,12:00,53019687,19687,0,0,3,3,1,28,0,0,0,96,,,,,,0,,,,,,98387,53,70,185,6,1,0,0,0,0,,69,,,,,,0,,,20,8,0,0,0,9,8,,,0,0,0,8,0,2,1,,,1,,,2,1,0,,,,,,,,,,,,,,,,,,,,,,,,,,,,,,0,0,0,0,0,0,0,0,0,0,0,0,0,0,0,0,0,0,0,0,0,0,0,0,0,1,1,1,1,0,1,0,0,0,1,0,0,0,0,0,0,0,0,0,0,0,0,0,0,0,0,0,,,,,,76-80,76+,State route,R,Tuesday,,MC,White,0,1,1,0,State Route,State Patrol,Washington State Patrol,0,1,0,0,0,,,,,,0,0,0,,,,,,,,,,,0,0,0,1,,,,,5,0,,,,,,,,,,,,,,,
2021,328,635859,222,08-27-2021,07:45,27,8,Aug,,67,Thurston,1590,1,,1,1,2,1,0,1,1,,,,42,0,0,No vehicle,0,1,0,1,No intersection,5,2,4,6,0,0,0,0,WHEELER AVE SE,,-122.8816083,47.03503889,98501,0,1,7,Control/Traction Loss,6,1,98,4,0,0,1,2,42,2,4,2,1,14,Making a U turn,1,0,41,,0,20,481,2001,0,0,12,,,,,,1,1,33,1,1,,4,7,99,7,11,0,04/28/2019,15:42,53019460,19460,0,0,0,3,1,0,0,0,0,96,,,,,,99,,,,,,98092,53,68,200,6,1,0,1,0,1,,0,,,,,,0,02-15-2015,07-15-2018,20,0,0,0,0,9,8,,,0,0,0,8,9,2,1,,,1,,,2,1,0,,,,,,,,,,,,,,,,,,,,,,,,,,,,,,0,0,0,0,1,0,0,0,0,0,0,0,0,0,0,0,0,0,0,0,0,0,0,0,0,0,0,0,0,1,0,0,0,0,0,,1,0,0,0,0,0,0,0,0,0,0,0,0,0,0,0,,,,,,31-35,26-35,County road,U,Sunday,Unknown,PV,Hispanic,0,1,1,0,County Road,County Sheriff,Law Enforcement Support Agency,0,0,1,0,0,,,,,,0,0,0,,,,,,,,,,,98,98,98,298,,,,,20,7,,,,,,,,,,,,,,,
2017,328,632778,3,08-27-2017,03:49,27,8,Aug,0,67,Thurston,0,1,0,2,1,2,1,0,10,7,,,,12,0,1,Front-to-Rear,93.8,1,0,1,No intersection,1,1,1,1,0,0,0,0,I-5,,-122.9669722,46.87550833,,0,2,21,Others,53,3,60,66,1,0,1,5,12,1,1,3,3,5,Others,1,3,41,,0,20,482,2005,0,0,68,12,,,,,1,1,33,1,0,,2,0,3,0,11,8,,,,,0,0,0,3,1,28,91,0,0,96,,,,,,9,,,,,,98391,53,66,185,6,1,0,0,0,0,,1,,,,,,0,,,1,0,0,0,8,9,8,,,0,0,0,8,1,2,1,,,1,,,2,1,0.044,,,,,,,,,,,,,,,,,,,,,,,,,,,,,,0,0,0,0,1,0,0,0,0,0,0,0,0,0,0,0,0,0,0,0,0,0,0,0,0,0,0,0,0,1,0,0,0,0,0,,0,0,0,0,1,0,0,0,0,0,0,0,1,0,0,1,,,,,,31-35,26-35,County road,U,Sunday,Belt Used,PV,Not Fatal,0,1,1,0,County Road,County Sheriff,Law Enforcement Support Agency,0,0,1,0,0,,,,,,0,0,0,,,,,,,,,,,98,98,98,0,,,,,20,7,,,,,,,,,,,,,,,
2020,328,635039,14,08-18-2020,11:41,18,8,Aug,,11,Clark,0,1,,1,1,2,2,0,2,1,,,,1,0,0,No vehicle,2.2,1,0,1,No intersection,5,1,2,4,0,0,0,0,CR-NE LUCIA FALLS RD,,-122.4427306,45.840575,,0,1,7,Control/Traction Loss,13,2,40,34,0,0,1,2,1,4,2,2,1,14,Making a U turn,2,1,53,,0,12,481,2005,0,0,12,1,,,,,1,1,31,1,7,,4,7,3,0,11,0,04/25/2019,18:08,53019265,19265,0,0,0,3,1,0,0,0,0,96,,,,,,99,,,,,,98284,53,73,190,6,1,0,0,0,0,,0,,,,,,0,03-15-2017,03-15-2017,20,0,0,0,0,9,8,,,0,0,0,8,9,8,95,,,96,,,8,95,995,,,,,,,,,,,,,,,,,,,,,,,,,,,,,,0,0,0,1,0,0,1,1,1,0,0,0,0,0,0,0,0,0,1,0,1,0,1,0,1,0,0,0,0,1,0,0,0,0,0,,1,0,0,0,0,0,0,0,0,0,0,0,0,0,0,0,,,,,,31-35,26-35,State route,R,Thursday,Belt Used,PV,White,1,0,0,0,State Route,State Patrol,Washington State Patrol,0,1,0,0,0,,,,,,0,0,1,,,,,,,,,,,98,98,98,1,,,,,20,7,,,,,,,,,,,,,,,
2019,328,634345,2,09-08-2019,05:15,8,9,Sep,,61,Snohomish,1215,2,0,3,2,2,1,0,2,2,,,,25,0,0,No vehicle,180.7,1,0,1,No intersection,1,2,1,1,0,0,0,0,I-5,,-122.2926722,47.81394444,98036,0,2,98,Others,50,3,60,5,0,0,1,5,12,1,1,4,3,1,Going Straight,1,1,53,,0,12,402,2008,0,0,12,,,,,,1,1,17,2,0,,0,0,3,0,11,0,,,,,0,0,3,3,1,38,0,0,0,96,,,,,,0,,,,,,98233,53,64,140,6,2,0,0,0,0,,97,,,,,,0,,,20,0,0,0,8,9,8,,,0,0,0,8,0,2,695,605,,1,1,,2,1,0,,,,,,,,,,,,,,,,,,,,,,,,,,,,,,0,0,0,1,0,0,1,1,1,0,0,0,0,0,0,0,0,0,1,0,1,0,1,0,1,0,0,0,0,1,0,0,0,0,0,,0,0,0,0,0,0,1,1,0,0,1,0,0,0,1,0,,,,,,16-17,16-25,State route,R,Thursday,Belt Used,PV,Not Fatal,1,0,0,0,State Route,State Patrol,Washington State Patrol,0,1,0,0,0,thc,5.9,carboxy-thc,130,,0,0,0,,,,,,,,,,,98,98,98,0,,,,,20,7,,,,,,,,,,,,,,,
2019,328,634344,2,09-08-2019,05:15,8,9,Sep,,61,Snohomish,1215,2,0,3,2,2,1,0,2,2,,,,25,0,0,No vehicle,180.7,1,0,1,No intersection,1,2,1,1,0,0,0,0,I-5,,-122.2926722,47.81394444,98036,0,1,98,Others,12,2,60,3,0,0,1,2,12,1,1,4,3,1,Going Straight,1,2,53,,0,76,705,2004,0,0,12,,,,,,1,1,33,1,7,,4,7,20,7,11,0,04-09-2019,20:22,53016616,16616,0,0,0,2,1,0,0,0,0,96,,,,,,99,,,,,,98501,53,67,200,1,1,0,0,0,0,,0,,,,,,0,05-15-2014,03-15-2016,20,8,0,0,0,9,8,,,0,0,0,8,9,8,95,,,96,,,8,95,995,,,,,,,,,,,,,,,,,,,,,,,,,,,,,,0,0,0,1,1,0,0,0,0,0,0,0,0,1,1,0,0,0,1,0,0,0,0,0,0,0,0,0,1,1,0,0,0,0,1,0,0,0,0,0,0,0,0,0,0,0,0,1,0,0,0,0,,,,,,31-35,26-35,State route,U,Tuesday,,MC,API,1,0,0,0,State Route,State Patrol,Washington State Patrol,0,1,0,0,0,,,,,,0,0,3,,,,,,,,,,,0,0,0,68,,,,,5,0,,,,,,,,,,,,,,,
2018,328,633560,7,09-05-2018,11:39,5,9,Sep,0,33,King,0,1,0,1,1,7,1,0,2,2,11:47,12:25,13:20,12,0,2,Front-to-Front,17.6,1,0,1,No intersection,4,1,1,3,0,0,0,0,SR-202,,-121.9607556,47.59588333,98024,0,2,51,Lateral Move(Going Straight),62,4,55,63,1,0,1,2,12,1,1,2,1,1,Going Straight,1,3,53,,0,41,51,2004,0,0,12,,,,,,1,1,36,1,0,,0,0,3,0,11,0,,,,,0,0,3,3,1,38,91,0,0,96,,,,,,9,,,,,,98503,53,71,165,6,1,0,0,0,0,,1,,,,,,0,,,20,0,0,0,8,1,8,,,0,0,0,8,1,2,1,,,1,,,2,1,0.044,,,,,,,,,,,,,,,,,,,,,,,,,,,,,,0,0,0,1,1,0,0,0,0,0,0,0,0,1,1,0,0,0,1,0,0,0,0,0,0,0,0,0,1,1,0,0,0,0,0,,0,0,0,0,1,0,0,0,0,0,1,0,1,0,0,1,,,,,,36-40,36-45,State route,U,Tuesday,Belt Used,PV,Not Fatal,1,0,0,0,State Route,State Patrol,Washington State Patrol,0,1,0,0,0,,,,,,0,0,0,,,,,,,,,,,98,98,98,0,,,,,20,7,,,,,,,,,,,,,,,
2018,328,633559,7,09-05-2018,11:39,5,9,Sep,0,33,King,0,1,0,1,1,7,1,0,2,2,11:47,12:25,13:20,12,0,2,Front-to-Front,17.6,1,0,1,No intersection,4,1,1,3,0,0,0,0,SR-202,,-121.9607556,47.59588333,98024,0,1,50,Lateral Move(Left/Right),10,2,55,14,0,0,1,2,2,1,1,2,1,1,Going Straight,1,2,53,,0,72,706,2016,0,0,68,64,24,,,,1,1,33,1,7,,4,0,20,7,11,8,04/27/2019,19:30,1.85E+11,21192,0,0,3,3,1,0,0,0,0,96,,,,,,99,,,,,,99352,53,74,159,6,1,0,0,0,0,,0,,,,,,4,,,20,8,0,0,0,9,8,,,0,0,0,8,0,2,1,,,1,,,2,1,0,,,,,,,,,,,,,,,,,,,,,,,,,,,,,,0,0,0,0,0,0,0,0,0,0,0,0,1,0,0,0,0,0,0,0,0,0,0,0,0,0,0,0,1,0,0,0,0,0,1,0,0,0,0,0,0,0,0,0,0,1,0,0,0,0,0,0,,,,,,31-35,26-35,State route,R,Saturday,,MC,White,0,1,0,0,State Route,State Patrol,Washington State Patrol,1,1,0,0,0,,,,,,0,0,0,,,,,,,,,,,0,0,0,1,,,,,19,0,,,,,,,,,,,,,,,
2017,328,632781,3,08-27-2017,03:49,27,8,Aug,0,67,Thurston,0,1,0,2,1,2,1,0,10,7,,,,12,0,1,Front-to-Rear,93.8,1,0,1,No intersection,1,1,1,1,0,0,0,0,I-5,,-122.9669722,46.87550833,,0,5,98,Others,53,3,60,14,0,0,1,5,12,1,1,3,3,5,Others,1,1,53,,0,35,47,2019,0,0,63,67,1,,,,1,1,25,1,0,,1,0,20,7,11,8,,,,,0,0,0,3,1,0,0,0,0,96,,,,,,9,,,,,,98665,53,67,155,6,1,0,0,1,0,,97,,,,,,3,07-15-2017,07-15-2017,2,0,0,0,8,1,8,,,0,0,0,1,1,2,695,605,337,1,1,1,2,1,0.097,,,,,,,,,,,,,,,,,,,,,,,,,,,,,,0,0,1,0,1,1,1,1,1,0,0,0,1,0,0,0,0,0,0,1,0,0,0,1,1,0,0,0,0,1,0,0,0,0,0,,0,0,0,0,0,1,1,1,0,1,0,0,0,0,0,1,,,,,,21-25,16-25,US highway,R,Monday,Not Used,PV,Not Fatal,0,1,0,0,State Route,State Patrol,Washington State Patrol,1,1,0,0,0,thc,3.5,carboxy-thc,25,,0,0,0,1,,,,,348,,,,,98,98,98,0,,,,,20,7,,,,,,,,,,,,,,,
2017,328,632780,3,08-27-2017,03:49,27,8,Aug,0,67,Thurston,0,1,0,2,1,2,1,0,10,7,,,,12,0,1,Front-to-Rear,93.8,1,0,1,No intersection,1,1,1,1,0,0,0,0,I-5,,-122.9669722,46.87550833,,0,4,98,Others,53,3,60,34,0,0,1,2,12,1,1,3,3,5,Others,2,1,53,,0,37,31,2014,0,0,12,,,,,,1,1,26,2,0,,3,0,3,0,11,8,,,,,0,0,0,3,1,0,0,0,0,96,,,,,,0,,,,,,98503,53,67,155,6,1,0,1,0,1,,0,,,,,,0,01-15-2015,11-15-2017,8,0,0,0,8,9,8,,,0,0,0,8,9,8,95,,,96,,,8,95,995,,,,,,,,,,,,,,,,,,,,,,,,,,,,,,0,0,0,0,1,1,0,1,0,0,0,0,1,1,0,0,0,0,0,1,0,0,0,0,0,0,0,0,0,1,0,0,0,0,0,,0,0,0,0,0,0,0,0,0,0,0,0,0,0,0,0,,,,,,26-30,26-35,US highway,R,Saturday,Belt Used,PV,Not Fatal,0,0,0,0,State Route,State Patrol,Washington State Patrol,0,1,0,0,0,,,,,,0,0,2,,,,,,,,,,,98,98,98,0,,,,,20,7,,,,,,,,,,,,,,,
2017,328,632779,3,08-27-2017,03:49,27,8,Aug,0,67,Thurston,0,1,0,2,1,2,1,0,10,7,,,,12,0,1,Front-to-Rear,93.8,1,0,1,No intersection,1,1,1,1,0,0,0,0,I-5,,-122.9669722,46.87550833,,0,3,98,Others,53,3,60,3,0,0,1,2,12,1,1,3,3,5,Others,1,1,53,,0,49,40,2012,0,0,12,,,,,,1,1,49,1,0,,0,0,3,0,11,0,,,,,0,0,0,0,1,0,0,0,0,96,,,,,,99,,,,,,98331,53,61,110,0,0,0,0,0,0,,0,,,,,,0,,,2,0,0,0,8,9,8,,,0,0,0,8,0,8,95,,,96,,,8,95,995,,,,,,,,,,,,,,,,,,,,,,,,,,,,,,0,0,0,0,1,1,0,1,0,0,0,0,1,1,0,0,0,0,0,1,0,0,0,0,0,0,0,0,0,1,0,0,0,0,0,,0,0,0,0,0,0,0,0,0,0,0,1,0,0,0,0,,,,,,46-50,46-55,US highway,R,Saturday,Belt Used,PV,Not Fatal,0,0,0,0,State Route,State Patrol,Washington State Patrol,0,1,0,0,0,,,,,,0,0,0,,,,,,,,,,,98,98,98,0,,,,,20,7,,,,,,,,,,,,,,,
2017,328,632777,3,08-27-2017,03:49,27,8,Aug,0,67,Thurston,0,1,0,2,1,2,1,0,10,7,,,,12,0,1,Front-to-Rear,93.8,1,0,1,No intersection,1,1,1,1,0,0,0,0,I-5,,-122.9669722,46.87550833,,0,1,20,Others,50,3,60,66,1,0,1,2,12,1,1,3,3,1,Going Straight,1,3,53,,0,37,32,2002,0,0,68,68,12,1,12,,1,1,38,1,7,,4,7,20,7,11,0,04/20/2019,23:20,53019608,19608,0,0,3,2,1,33,0,0,0,96,,,,,,9,,,,,,98502,53,72,297,1,1,0,1,1,0,,0,,,,,,3,09-15-2014,10-15-2016,8,2,9,0,0,1,8,,,0,0,0,8,1,2,1,,,1,,,2,1,0.14,,,,,,,,,,,,,,,,,,,,,,,,,,,,,,0,0,0,0,1,1,0,1,0,0,0,0,1,1,0,0,0,0,0,1,0,0,0,0,0,0,0,0,0,1,0,0,0,1,0,,1,0,0,0,0,1,0,1,0,1,0,1,0,1,0,1,,,,,,36-40,36-45,US highway,R,Saturday,Not Used,PV,White,0,0,0,0,State Route,State Patrol,Washington State Patrol,0,1,0,0,0,,,,,,0,0,6,,,,,,,,,,,98,98,98,1,,,,,20,7,,,,,,,,,,,,,,,
2017,328,632783,3,08-27-2017,03:49,27,8,Aug,0,67,Thurston,0,1,0,2,1,2,1,0,10,7,,,,12,0,1,Front-to-Rear,93.8,1,0,1,No intersection,1,1,1,1,0,0,0,0,I-5,,-122.9669722,46.87550833,,0,7,98,Others,53,3,60,66,1,0,1,5,12,1,1,3,3,5,Others,1,3,95,,0,37,32,1997,0,0,63,1,42,,,,1,1,79,1,7,,4,7,2,0,11,0,04/21/2019,17:53,53018696,18696,0,0,0,3,1,0,0,0,0,92,,,,,,99,,,,,,98331,53,68,170,6,1,0,0,0,0,,0,,,,,,0,,,1,1,9,0,0,9,8,,,0,0,0,8,1,2,1,,,1,,,2,1,0,,,,,,,,,,,,,,,,,,,,,,,,,,,,,,0,0,1,0,1,0,0,0,0,0,0,0,0,0,0,0,1,0,0,0,0,0,0,0,0,1,1,1,0,1,0,0,0,0,0,,1,0,0,0,0,0,0,0,1,0,0,0,0,0,0,1,,,,,,76-80,76+,US highway,R,Sunday,Belt Used,PV,White,0,1,0,0,State Route,State Patrol,Washington State Patrol,1,1,0,0,0,,,,,,0,0,0,,,,,,,,,,,0,0,0,1,,,,,20,7,,,,,,,,,,,,,,,
2017,328,632782,3,08-27-2017,03:49,27,8,Aug,0,67,Thurston,0,1,0,2,1,2,1,0,10,7,,,,12,0,1,Front-to-Rear,93.8,1,0,1,No intersection,1,1,1,1,0,0,0,0,I-5,,-122.9669722,46.87550833,,0,6,98,Others,53,3,60,34,1,0,1,2,12,1,1,3,3,5,Others,3,9,95,,0,53,705,2003,0,0,12,,,,,,1,1,44,1,7,,4,7,20,7,11,0,04/23/2019,11:33,2.11E+11,18986,0,0,0,2,1,0,0,0,0,96,,,,,,99,,,,,,99212,53,66,200,1,1,0,0,0,0,,0,,,,,,3,09-15-2014,09-15-2014,20,8,0,0,0,9,8,,,0,0,0,8,9,2,401,417,,1,1,,2,1,0.06,,,,,,,,,,,,,,,,,,,,,,,,,,,,,,0,0,0,1,1,0,1,1,0,0,0,0,1,1,1,0,0,0,0,0,0,0,0,0,0,0,0,0,1,0,1,0,0,0,1,0,0,0,0,0,1,0,1,1,0,1,0,1,0,0,0,1,,,,,,41-45,36-45,City street,U,Tuesday,,MC,White,1,0,0,0,City Street,Municipal/City Police,Spokane Valley Police Department,0,0,0,1,0,,,,,,0,0,1,,,,,,,,,,,0,0,0,1,,,,,19,0,,,,,,,,,,,,,,,
2021,329,635860,3,08-10-2021,20:54,10,8,Aug,,53,Pierce,0,1,,3,1,2,1,0,2,2,,,,12,0,1,Front-to-Rear,44.7,1,0,1,No intersection,3,2,1,3,0,0,0,0,SR-7,,-122.3981333,47.05349722,98404,0,1,24,Others,51,3,50,4,0,0,1,2,12,1,1,5,5,1,Going Straight,1,1,53,,0,7,880,2016,0,0,12,,,,,,1,1,64,1,0,,0,0,3,0,11,0,,,,,6,0,3,3,1,0,0,0,0,96,,,,,,0,,,,,,99402,53,73,270,6,1,0,0,0,0,,0,,,,,,0,,,20,0,0,0,8,9,8,,,0,0,0,8,0,8,95,,,96,,,8,95,995,,,,,,,,,,,,,,,,,,,,,,,,,,,,,,0,0,0,1,1,0,1,1,0,0,0,0,1,1,1,0,0,0,0,0,0,0,0,0,0,0,0,0,1,0,1,0,0,0,0,,0,0,0,0,0,0,0,0,0,0,0,0,0,0,0,0,,,,,,61-65,56-65,City street,U,Tuesday,,MHTRUCK,Not Fatal,1,0,0,0,City Street,Municipal/City Police,Spokane Valley Police Department,0,0,0,1,0,,,,,,0,0,0,,,,,,,,,,,98,98,98,0,,,,,20,7,,,,,,,,,,,,,,,