year,something,Cases,repjur,crash_dt,crash_tm,accday,Month,Month,holiday,county,co_char,city,weather,weather2,lightcond,surfcond,surftype,Number of Fatalities,nmforms,pforms,vforms,not_tm,arr_tm,hosp_tm,fhevent,hitrun,Manner of Collision,Manner of Collision,milepnt,reljunc,reljuncinter,intersectiontype,Intersection Type,funcsystem,landuse,ownership,route,schlbus,spejur,contdev,devfunc,trafid1,trafid2,x,y,zipcode,wk_zone,vnumber,crashtype,Crash Type,criticalevent,criticaleventcat,spdlim,body,trailer,emerg,hazcargo,leave,mhevent,roadalgn,roadprof,traflane,trafflow,Vehicle Manure,Vehicle Manure,numoccs,regowner,regstate,,spuse,make,model,modelyr,vrf1,vrf2,seqevent1,seqevent2,seqevent3,seqevent4,seqevent5,seqevent6,pnumber,ptype,age,sex,hispanic,race,injury,diedscene,restraint,restraintmisuse,seatpos,takehosp,death_dt,death_tm,cert,cernum_wa,commlic,licendor,licrestrict,liccomp,drivpres,drf1,drf2,drf3,drf4,distract1,distract2,distract3,distract4,distract5,distract6,dricond1,dricond2,dricond3,dricond4,dricond5,dricond6,dzip,licstate,drhgt_in,weight,noncdl,noncdltype,prevdwi,prevoth,prevacc,prevspd,prevsus,driviol1,driviol2,driviol3,driviol4,driviol5,driviol6,spdrel,first_dt,last_dt,airbag,ejection,ejectpath,extricat,injurwrk,methalc,methdrug,nmlocat,strikveh,prf1,prf2,prf3,druginv,alcinvol,drugsts,drugres1,drugres2,drugres3,drugtst1,drugtst2,drugtst3,alcsts,alctst,alcres,nmact1,nmact2,nmact3,nmact4,nmact5,nmact6,nmprior1,nmprior2,nmprior3,nmprior4,nmprior5,nmprior6,nmcond1,nmcond2,nmcond3,nmcond4,nmcond5,nmcond6,nmsafe_helmet,nmsafe_pads,nmsafe_oth,nmprev_ref,nmprev_lgt,nmprev_oth,crashlocation,nmcrashtype,crosswalk,schoolzone,sidewalk,train_inv,wildlife_inv,rotr_fars,intersect_fars,Drink and Drive,aid_inv,Drug Positive Drivers,Impaired Drivers,Marijuana Positive,impnm_inv,ainm_inv,dpnm_inv,speed_inv,unlic_inv,unendmc_inv,drowsy_inv,drdist_inv,nmdist_inv,fty_inv,unrestfat_inv,dr1617_inv,dr1820_inv,dr1620_inv,dr2125_inv,dr1625_inv,dr65_inv,dr70_inv,dr75_inv,mc_inv,pv_inv,ht_inv,ped_inv,bike_inv,unrest_fat,mc_fat,unhelmet_mc,pv_fat,ht_fat,ped_fat,bike_fat,dr_alc7,dr_alc8,dr_drug,dr_imp,dr_dist,dr_spd,dr_fty,dr_unlic,dr_alc7only,dr_alc8only,dr_drugonly,dr_drink,nm_imp,nm_alc7,nm_alc8,nm_drug,nm_dist,agegrp1,agegrp2,roadclass,urbrur,dayweek,restuse,vehtype,race_me,intersect,lanedep,oppdir,wrongway,rep_typ,investag,repag_long,rotr,st_rd,cty_rd,city_rd,oth_rd,drug_thc,thc_res,drug_cthc,cthc_res,drug_cann,prevpersemin,prevperse,prevsusoth,drugtst4,drugtst5,drugtst6,drugtst7,drugtst8,drugres4,drugres5,drugres6,drugres7,drugres8,adspresent,adsengaged,adslevel,race1,race2,race3,race4,race5,helmet,helmetmisuse,nmdistract1,nmdistract2,nmdistract3,nmdistract4,nmdistract5,nmdistract6,lab,isedtcase,crf1,crf2,crf3,CoRoadName,CoMP,IntCoRoadName,IntCoMP
2020,329,635042,13,08-31-2020,15:49,31,8,Aug,,9,Clallam,0,1,,1,1,2,1,0,1,1,,,,11,0,0,No vehicle,0.9,1,0,1,No intersection,7,1,2,4,0,0,0,0,CR-OLD MILL RD,,-123.4425694,48.07946944,98362,0,1,13,Pedestrian/Animal,87,6,35,80,0,0,1,2,11,2,2,2,1,14,Making a U turn,1,1,53,,0,49,46,2017,0,0,12,,,,,,1,1,27,1,0,,0,0,3,0,11,0,,,,,0,0,0,3,1,0,0,0,0,0,,,,,,0,,,,,,98520,53,66,230,6,1,0,0,0,0,,0,,,,,,0,,,99,0,0,0,8,9,8,,,0,0,0,8,0,8,95,,,96,,,8,95,995,,,,,,,,,,,,,,,,,,,,,,,,,,,,,,0,0,0,0,0,0,0,0,0,0,0,0,0,0,0,0,0,0,0,0,0,0,0,0,0,1,0,0,0,1,1,0,0,0,0,,0,0,0,0,0,0,0,0,0,0,0,0,0,0,0,0,,,,,,26-30,26-35,US highway,U,Monday,Belt Used,PV,Not Fatal,0,1,1,0,State Route,Municipal/City Police,Aberdeen Police Department,0,1,0,0,0,,,,,,0,0,0,,,,,,,,,,,98,98,98,0,,,,,20,7,,,,,,,,,,,,,,,
2018,329,633561,1,09-15-2018,08:04,15,9,Sep,0,21,Franklin,1660,1,0,1,1,2,1,0,1,1,,,,1,0,0,No vehicle,0.2,20,1,1,No intersection,1,2,1,1,0,0,0,0,I-182 RAMP,,-119.1843944,46.264775,99301,0,1,98,Others,6,1,98,80,0,0,1,2,1,2,2,1,6,14,Making a U turn,1,2,53,,0,87,884,2014,0,0,12,,,,,,1,1,61,1,0,,0,0,3,0,11,0,,,,,6,3,0,3,1,0,0,0,0,96,,,,,,0,,,,,,98520,53,72,225,6,1,0,1,2,1,,0,,,,,,0,01-15-2016,08-15-2017,20,0,0,0,8,9,8,,,0,0,0,8,0,8,95,,,96,,,8,95,995,,,,,,,,,,,,,,,,,,,,,,,,,,,,,,0,0,0,0,0,0,0,0,0,0,0,0,0,0,0,0,0,0,0,0,0,0,0,0,0,1,0,0,0,1,1,0,0,0,0,,0,0,0,0,0,0,0,0,0,0,0,0,0,0,0,0,,,,,,61-65,56-65,US highway,U,Monday,,MHTRUCK,Not Fatal,0,1,1,0,State Route,Municipal/City Police,Aberdeen Police Department,0,1,0,0,0,,,,,,0,0,0,,,,,,,,,,,98,98,98,0,,,,,20,7,,,,,,,,,,,,,,,
2017,329,632809,8,08-25-2017,22:52,25,8,Aug,0,27,Grays Harbor,0,1,0,2,1,2,1,1,2,1,,,,8,0,0,No vehicle,13.9,1,0,1,No intersection,3,2,1,2,0,0,0,0,US-12,,-123.5375389,46.98810833,98583,0,1,13,Pedestrian/Animal,80,5,60,15,0,0,1,5,8,1,1,2,3,1,Going Straight,2,3,53,,0,7,482,1997,0,0,68,12,12,,,,1,1,69,1,7,,4,7,3,0,11,0,04/15/2019,13:23,1053017787,17787,6,0,3,3,1,28,0,0,0,96,,,,,,99,,,,,,98520,53,70,185,6,1,0,0,0,0,,0,,,,,,0,,,1,0,0,0,0,9,8,,,0,0,0,8,9,2,1,,,1,,,2,1,0,,,,,,,,,,,,,,,,,,,,,,,,,,,,,,0,0,0,0,0,0,0,0,0,0,0,0,0,0,0,0,0,0,0,0,0,0,0,0,0,1,0,0,0,1,1,0,0,0,0,,1,0,0,0,0,0,0,0,0,0,0,0,0,0,0,0,,,,,,66-70,66-75,US highway,U,Monday,Belt Used,PV,White,0,1,1,0,State Route,Municipal/City Police,Aberdeen Police Department,0,1,0,0,0,,,,,,0,0,0,,,,,,,,,,,0,0,0,1,,,,,20,7,,,,,,,,,,,,,,,
2021,329,635861,3,08-10-2021,20:54,10,8,Aug,,53,Pierce,0,1,,3,1,2,1,0,2,2,,,,12,0,1,Front-to-Rear,44.7,1,0,1,No intersection,3,2,1,3,0,0,0,0,SR-7,,-122.3981333,47.05349722,98404,0,2,25,Others,53,3,50,4,0,0,1,5,12,1,1,5,5,1,Going Straight,1,9,99,,0,35,47,2018,0,0,68,64,42,2,,,1,1,37,1,2,,4,7,20,7,11,0,04/20/2019,03:34,53018765,18765,0,0,0,3,1,0,0,0,0,92,,,,,,99,,,,,,32542,12,73,999,6,1,0,0,0,1,,0,,,,,,0,11-15-2015,02-15-2018,99,2,9,0,0,9,8,,,0,0,0,8,9,2,401,,,1,,,2,1,0.19,,,,,,,,,,,,,,,,,,,,,,,,,,,,,,0,0,1,0,1,1,1,1,0,0,0,0,0,0,0,0,1,0,0,1,0,0,0,0,0,0,0,0,0,1,0,0,0,1,0,,1,0,0,0,0,1,1,1,1,0,0,0,0,0,0,1,,,,,,36-40,36-45,County road,R,Saturday,Not Used,PV,Hispanic,0,1,0,0,County Road,County Sheriff,Snohomish County Sheriff's Office,1,0,1,0,0,,,,,,0,0,1,,,,,,,,,,,98,98,98,298,,,,,20,7,,,,,,,,,,,,,,,
2019,329,634075,2,05-27-2019,19:40,27,5,May,,61,Snohomish,0,1,0,1,1,2,1,0,2,1,,,,1,0,0,No vehicle,214.3,1,0,1,No intersection,1,1,1,1,0,0,0,0,I-5,,-122.2556333,48.25508611,,0,1,1,Driver Off Road,13,2,70,14,0,0,1,2,1,1,1,3,2,1,Going Straight,2,9,99,,0,49,442,2012,0,0,63,69,68,64,1,,1,1,80,1,0,,3,0,99,7,11,8,,,,,0,0,3,3,1,58,0,0,0,93,,,,,,0,,,,,,98841,53,68,204,6,1,0,0,0,0,,0,,,,,,0,,,20,0,0,0,8,9,2,,,0,0,0,0,0,8,95,,,96,,,8,95,995,,,,,,,,,,,,,,,,,,,,,,,,,,,,,,0,0,0,0,0,0,0,0,0,0,0,0,0,0,0,0,1,0,0,0,0,0,0,0,0,1,1,1,0,1,0,0,0,0,0,,0,0,0,0,0,0,0,0,1,0,0,0,0,0,0,0,,,,,,76-80,76+,State route,R,Monday,Unknown,PV,Not Fatal,0,1,0,0,State Route,State Patrol,Washington State Patrol Headquarter,1,1,0,0,0,,,,,,0,0,0,,,,,,,,,,,98,98,98,0,,,,,20,7,,,,,,,,,,,,,,,
2021,330,3889826,344,08-20-2021,20:27,20,8,Aug,,77,Yakima,0,1,,2,1,2,2,0,2,1,,,,1,0,0,No vehicle,57.7,1,0,1,No intersection,3,1,1,2,0,3,0,0,US-97,,-120.3206333,46.32196944,98948,0,1,2,Control/Traction Loss,13,2,60,4,0,0,1,2,1,3,1,2,1,14,Making a U turn,2,2,41,,0,9,20,2001,0,0,12,,,,,,1,1,29,1,0,,0,0,3,0,11,0,,,,,0,0,0,3,1,0,0,0,0,96,,,,,,0,,,,,,98837,53,70,260,6,1,0,1,1,0,,0,,,,,,0,09-15-2014,01-15-2017,20,0,0,0,8,9,8,,,0,0,0,8,0,8,95,,,96,,,8,95,995,,,,,,,,,,,,,,,,,,,,,,,,,,,,,,0,0,0,0,0,0,0,0,0,0,0,0,0,0,0,0,0,0,0,0,0,0,0,0,0,0,0,0,0,1,0,0,0,0,0,,0,0,0,0,0,0,0,0,0,0,0,0,0,0,0,0,,,,,,26-30,26-35,State route,R,Friday,Belt Used,PV,Not Fatal,0,1,1,0,State Route,State Patrol,Washington State Patrol,0,1,0,0,0,,,,,,0,0,0,,,,,,,,,,,98,98,98,0,,,,,20,7,,,,,,,,,,,,,,,
2020,330,635043,129,08-28-2020,22:02,28,8,Aug,,53,Pierce,747,1,,3,1,2,1,1,1,1,,,,8,0,0,No vehicle,0,3,0,3,T Intersection,3,2,4,6,0,3,0,0,PACIFIC HWY E,44TH AVE E,-122.3705278,47.24309444,98424,0,1,13,Pedestrian/Animal,80,5,35,34,0,0,1,5,8,1,1,5,5,1,Going Straight,1,1,53,,0,6,52,2004,0,0,12,1,,,,,1,1,38,1,0,,3,0,3,0,11,1,,,,,0,0,0,3,1,0,0,0,0,96,,,,,,0,,,,,,98823,53,68,170,6,1,0,0,0,0,,0,,,,,,0,,,8,0,0,0,8,9,8,,,0,0,0,8,0,8,95,,,96,,,8,95,995,,,,,,,,,,,,,,,,,,,,,,,,,,,,,,0,0,0,0,0,0,0,0,0,0,0,0,0,0,0,0,0,0,0,0,0,0,0,0,0,0,0,0,0,1,0,0,0,0,0,,0,0,0,0,0,0,0,0,0,0,0,0,0,0,0,0,,,,,,36-40,36-45,State route,R,Friday,Belt Used,PV,Not Fatal,0,1,1,0,State Route,State Patrol,Washington State Patrol,0,1,0,0,0,,,,,,0,0,0,,,,,,,,,,,98,98,98,0,,,,,20,7,,,,,,,,,,,,,,,
2019,330,634346,127,09-12-2019,16:04,12,9,Sep,,33,King,735,1,0,1,1,2,1,0,1,1,,,,33,0,0,No vehicle,0,3,0,2,4 Way,7,2,4,6,0,0,3,3,SW 356TH ST,8TH AVE SW,-122.3452389,47.28195556,98023,0,1,6,Drive off road,12,2,40,80,0,0,1,7,30,2,2,5,5,14,Making a U turn,1,1,53,,0,20,481,2013,0,0,12,,,,,,1,1,31,1,0,,0,0,3,0,11,0,,,,,0,0,0,3,1,0,0,0,0,96,,,,,,0,,,,,,98823,53,75,225,6,1,0,0,0,0,,0,,,,,,0,,,20,0,0,0,8,9,8,,,0,0,0,8,0,8,95,,,96,,,8,95,995,,,,,,,,,,,,,,,,,,,,,,,,,,,,,,0,0,0,0,0,0,0,0,0,0,0,0,0,0,0,0,0,0,0,0,0,0,0,0,0,0,0,0,0,1,0,0,0,0,0,,0,0,0,0,0,0,0,0,0,0,0,0,0,0,0,0,,,,,,31-35,26-35,State route,R,Friday,Belt Used,PV,Not Fatal,0,1,1,0,State Route,State Patrol,Washington State Patrol,0,1,0,0,0,,,,,,0,0,0,,,,,,,,,,,98,98,98,0,,,,,20,7,,,,,,,,,,,,,,,
2018,330,633564,14,09-14-2018,12:23,14,9,Sep,0,11,Clark,0,1,0,1,1,2,1,0,3,3,12:23,12:38,13:21,12,0,2,Front-to-Front,12.4,1,0,1,No intersection,5,1,2,4,0,0,0,0,CR-NE 82ND AVE,,-122.5895306,45.83143611,98604,0,3,98,Others,98,7,50,34,0,0,1,5,12,1,2,2,1,1,Going Straight,1,1,53,,0,63,34,2013,0,0,68,12,12,12,,,1,1,50,1,7,,4,7,3,0,11,0,03/22/2019,15:54,53013972,13972,0,0,3,3,1,28,0,0,0,96,,,,,,99,,,,,,98823,53,71,250,6,1,0,0,0,0,,0,,,,,,0,,,8,0,0,0,0,9,8,,,0,0,0,8,9,8,95,,,96,,,8,95,995,,,,,,,,,,,,,,,,,,,,,,,,,,,,,,0,0,0,0,0,0,0,0,0,0,0,0,0,0,0,0,0,0,0,0,0,0,0,0,0,0,0,0,0,1,0,0,0,0,0,,1,0,0,0,0,0,0,0,0,0,0,0,0,0,0,0,,,,,,46-50,46-55,State route,R,Friday,Belt Used,PV,White,0,1,1,0,State Route,State Patrol,Washington State Patrol,0,1,0,0,0,,,,,,0,0,0,,,,,,,,,,,98,98,98,1,,,,,20,7,,,,,,,,,,,,,,,
2018,330,633563,14,09-14-2018,12:23,14,9,Sep,0,11,Clark,0,1,0,1,1,2,1,0,3,3,12:23,12:38,13:21,12,0,2,Front-to-Front,12.4,1,0,1,No intersection,5,1,2,4,0,0,0,0,CR-NE 82ND AVE,,-122.5895306,45.83143611,98604,0,2,51,Lateral Move(Going Straight),62,4,50,61,0,0,1,5,12,1,2,2,1,1,Going Straight,1,3,53,,0,30,40,2003,0,0,12,,,,,,1,1,37,1,7,,4,7,3,0,11,0,04/15/2019,14:02,53017906,17906,0,0,0,3,1,0,0,0,0,96,,,,,,99,,,,,,98597,53,71,215,6,1,0,0,0,0,,0,,,,,,0,,,8,0,0,0,0,9,8,,,0,0,0,8,9,8,95,,,96,,,8,95,995,,,,,,,,,,,,,,,,,,,,,,,,,,,,,,0,0,0,0,0,0,0,0,0,0,0,0,0,0,0,0,0,0,0,0,0,0,0,0,0,0,0,0,0,1,0,0,0,0,0,,1,0,0,0,0,0,0,0,0,0,0,0,0,0,0,0,,,,,,36-40,36-45,County road,R,Monday,Belt Used,PV,White,0,1,1,0,County Road,County Sheriff,Thurston County Sheriff's Office,0,0,1,0,0,,,,,,0,0,0,,,,,,,,,,,98,98,98,1,,,,,20,7,,,,,,,,,,,,,,,
2018,330,633562,14,09-14-2018,12:23,14,9,Sep,0,11,Clark,0,1,0,1,1,2,1,0,3,3,12:23,12:38,13:21,12,0,2,Front-to-Front,12.4,1,0,1,No intersection,5,1,2,4,0,0,0,0,CR-NE 82ND AVE,,-122.5895306,45.83143611,98604,0,1,50,Lateral Move(Left/Right),6,1,98,14,0,0,1,5,12,1,2,2,1,6,Others,1,1,53,,0,12,37,2005,0,0,63,69,68,12,,,1,1,37,1,7,,4,7,3,0,11,0,04/15/2019,14:02,53017424,17424,0,0,0,3,1,33,28,0,0,96,,,,,,99,,,,,,98576,53,72,200,6,1,0,0,1,0,,0,,,,,,0,06-15-2018,06-15-2018,8,0,0,0,0,9,8,,,0,0,0,8,9,8,95,,,96,,,8,95,995,,,,,,,,,,,,,,,,,,,,,,,,,,,,,,0,0,0,0,0,0,0,0,0,0,0,0,0,0,0,0,0,0,0,0,0,0,0,0,0,0,0,0,0,1,0,0,0,0,0,,1,0,0,0,0,0,0,0,0,0,0,0,0,0,0,0,,,,,,36-40,36-45,County road,R,Monday,Belt Used,PV,White,0,1,1,0,County Road,County Sheriff,Thurston County Sheriff's Office,0,0,1,0,0,,,,,,0,0,0,,,,,,,,,,,98,98,98,1,,,,,20,7,,,,,,,,,,,,,,,
2017,330,632835,2,08-26-2017,10:24,26,8,Aug,0,61,Snohomish,0,1,0,1,1,2,1,0,1,1,,,,1,0,0,No vehicle,2.8,1,0,1,No intersection,3,2,1,2,0,0,0,0,US-2,,-122.1362583,47.97395833,98258,0,1,98,Others,8,1,55,80,0,0,1,2,1,1,1,2,1,1,Going Straight,1,1,53,,0,12,402,2010,0,0,54,,,,,,1,1,65,1,0,,0,0,3,0,11,0,,,,,6,0,3,3,1,0,0,0,0,0,,,,,,0,,,,,,98532,53,72,210,6,1,0,0,0,0,,0,,,,,,0,,,20,0,0,0,8,9,2,,,0,0,0,0,0,8,95,,,96,,,8,95,995,,,,,,,,,,,,,,,,,,,,,,,,,,,,,,0,0,0,0,0,0,0,0,0,0,0,0,0,0,0,0,1,0,0,0,0,0,0,1,1,1,0,0,0,1,1,0,0,0,0,,0,0,0,0,0,0,0,0,0,0,0,0,0,0,0,0,,,,,,61-65,56-65,State route,R,Friday,Belt Used,PV,Not Fatal,0,0,0,0,State Route,State Patrol,Washington State Patrol,0,1,0,0,0,,,,,,0,0,0,,,,,,,,,,,98,98,98,0,,,,,20,7,,,,,,,,,,,,,,,
2021,331,635863,20,08-07-2021,18:30,7,8,Aug,,23,Garfield,0,1,,1,1,4,1,0,1,1,,,,30,0,0,No vehicle,,1,0,1,No intersection,7,1,2,4,0,0,0,0,CR-KESSLER MILL RD,,-117.5132444,46.01025,97828,0,1,1,Driver Off Road,13,2,50,90,0,0,1,5,30,4,1,8,8,14,Making a U turn,1,0,0,,0,55,404,2018,0,0,12,,,,,,1,1,62,2,7,,4,7,3,0,11,0,04-12-2019,15:25,53019224,19224,0,0,3,3,1,0,0,0,0,96,,,,,,0,,,,,,98570,53,63,126,6,1,0,0,0,0,,99,,,,,,0,,,8,0,0,0,0,9,8,,,0,0,0,8,9,2,1,,,1,,,2,1,0,,,,,,,,,,,,,,,,,,,,,,,,,,,,,,0,0,0,0,0,0,0,0,0,0,0,0,0,0,0,0,1,0,0,0,0,0,0,1,1,1,0,0,0,1,1,0,0,0,0,,1,0,0,0,0,0,0,0,0,0,0,0,0,0,0,0,,,,,,61-65,56-65,State route,R,Friday,Belt Used,PV,White,0,0,0,0,State Route,State Patrol,Washington State Patrol,0,1,0,0,0,,,,,,0,0,0,,,,,,,,,,,98,98,98,1,,,,,20,7,,,,,,,,,,,,,,,
2019,331,634347,4,09-13-2019,00:01,13,9,Sep,,43,Lincoln,0,99,0,2,99,2,1,0,1,1,,,,35,0,0,No vehicle,127.2,1,0,1,No intersection,4,1,1,3,0,0,0,0,SR-28,,-118.1920778,47.54373056,99134,0,1,6,Drive off road,12,2,60,4,0,0,1,2,35,2,1,2,1,14,Making a U turn,1,1,30,,0,20,431,2003,0,0,12,,,,,,1,1,21,1,0,,0,0,3,0,11,0,,,,,0,0,0,3,1,0,0,0,0,0,,,,,,0,,,,,,98532,53,72,225,6,1,0,1,0,2,,0,,,,,,0,10-15-2015,01-15-2017,20,0,0,0,8,9,2,,,0,0,0,0,0,8,95,,,96,,,8,95,995,,,,,,,,,,,,,,,,,,,,,,,,,,,,,,0,0,0,0,0,0,0,0,0,0,0,0,0,0,0,0,1,0,0,0,0,0,0,1,1,1,0,0,0,1,1,0,0,0,0,,0,0,0,0,0,0,0,0,0,0,0,0,0,0,0,0,,,,,,21-25,16-25,State route,R,Friday,Belt Used,PV,Not Fatal,0,0,0,0,State Route,State Patrol,Washington State Patrol,0,1,0,0,0,,,,,,0,0,0,,,,,,,,,,,98,98,98,0,,,,,20,7,,,,,,,,,,,,,,,
2020,331,635044,1,08-31-2020,19:00,31,8,Aug,,77,Yakima,0,1,,1,1,2,1,0,1,1,,,,1,0,0,No vehicle,0.3,5,1,1,No intersection,1,1,1,1,0,0,0,0,I-82,,-120.3977806,46.47029167,98953,0,1,6,Drive off road,13,2,98,34,0,0,1,2,1,2,8,1,6,14,Making a U turn,1,1,53,,0,23,881,2008,0,0,12,68,12,60,54,,1,1,21,1,0,,1,0,3,0,11,8,,,,,6,9,0,3,1,28,0,0,0,12,,,,,,0,,,,,,98532,53,71,180,6,1,0,0,0,0,,69,,,,,,0,,,1,0,0,0,8,9,2,,,0,0,0,0,0,8,95,,,96,,,8,95,995,,,,,,,,,,,,,,,,,,,,,,,,,,,,,,0,0,0,0,0,0,0,0,0,0,0,0,0,0,0,0,1,0,0,0,0,0,0,1,1,1,0,0,0,1,1,0,0,0,0,,0,0,0,0,0,0,0,0,1,0,0,0,0,0,0,0,,,,,,21-25,16-25,State route,R,Friday,,MHTRUCK,Not Fatal,0,0,0,0,State Route,State Patrol,Washington State Patrol,0,1,0,0,0,,,,,,0,0,0,,,,,,,,,,,98,98,98,0,,,,,20,7,,,,,,,,,,,,,,,
2018,331,633566,146,09-13-2018,17:50,13,9,Sep,0,77,Yakima,0,1,0,1,1,2,1,0,3,2,,,,12,0,6,Angle,5.1,2,0,2,4 Way,6,1,2,4,0,0,0,0,CR-INDEPENDENCE RD,SCOON RD,-120.0199889,46.37458889,98944,0,2,87,Others,66,4,50,3,0,0,1,2,12,1,1,2,1,1,Going Straight,2,2,53,,0,48,34,1994,0,0,12,63,30,19,,,1,1,54,1,7,,4,7,3,0,11,0,03/15/2019,16:50,53012687,12687,0,0,0,3,1,0,0,0,0,96,,,,,,0,,,,,,98951,53,69,210,6,1,0,0,0,0,,0,,,,,,0,,,20,1,9,0,0,9,8,,,0,0,0,8,0,2,1,,,1,,,2,1,0,,,,,,,,,,,,,,,,,,,,,,,,,,,,,,0,0,0,1,0,0,0,0,0,0,0,0,1,0,0,0,0,0,0,0,0,0,0,0,0,0,0,0,0,1,0,0,0,0,0,,1,0,0,0,0,0,0,0,0,0,0,0,0,0,0,0,,,,,,51-55,46-55,County road,R,Friday,Belt Used,PV,White,1,0,0,0,County Road,County Sheriff,Yakima County Sheriff's Office,0,0,1,0,0,,,,,,0,0,0,,,,,,,,,,,0,0,0,1,,,,,20,7,,,,,,,,,,,,,,,
2018,331,633565,146,09-13-2018,17:50,13,9,Sep,0,77,Yakima,0,1,0,1,1,2,1,0,3,2,,,,12,0,6,Angle,5.1,2,0,2,4 Way,6,1,2,4,0,0,20,3,CR-INDEPENDENCE RD,SCOON RD,-120.0199889,46.37458889,98944,0,1,86,Others,17,2,50,4,0,0,1,2,12,1,1,2,1,1,Going Straight,1,2,53,,0,54,35,2013,0,0,12,,,,,,1,1,40,1,0,,3,0,3,0,11,8,,,,,0,0,3,3,1,39,0,0,0,96,,,,,,0,,,,,,98901,53,76,230,6,1,0,0,1,2,,97,,,,,,3,02-15-2017,01-15-2019,1,0,0,0,8,9,8,,,0,0,0,8,0,8,95,,,96,,,8,95,995,,,,,,,,,,,,,,,,,,,,,,,,,,,,,,0,0,0,1,0,0,0,0,0,0,0,0,1,0,0,0,0,0,0,0,0,0,0,0,0,0,0,0,0,1,0,0,0,0,0,,0,0,0,0,0,0,0,0,0,1,0,0,0,0,0,0,,,,,,36-40,36-45,County road,R,Friday,Belt Used,PV,Not Fatal,1,0,0,0,County Road,County Sheriff,Yakima County Sheriff's Office,0,0,1,0,0,,,,,,0,0,1,,,,,,,,,,,98,98,98,0,,,,,20,7,,,,,,,,,,,,,,,
2017,331,632794,2,08-26-2017,20:02,26,8,Aug,0,57,Skagit,0,1,0,5,1,2,1,0,1,1,19:56,20:15,,31,0,0,No vehicle,5.7,1,0,1,No intersection,6,1,2,4,0,0,0,0,CR-PRAIRIE RD,,-122.2594722,48.583325,98284,0,1,1,Driver Off Road,13,2,50,80,0,0,1,2,31,1,2,2,1,1,Going Straight,1,1,53,,0,34,39,1998,0,0,12,,,,,,1,1,60,1,0,,3,0,3,0,11,8,,,,,0,0,0,3,1,0,0,0,0,96,,,,,,0,,,,,,98674,53,76,275,6,1,0,0,0,0,,0,,,,,,0,,,1,0,0,0,8,9,2,,,0,0,0,0,0,8,95,,,96,,,8,95,995,,,,,,,,,,,,,,,,,,,,,,,,,,,,,,0,0,0,0,0,0,1,1,0,0,0,0,0,0,0,0,0,0,0,0,0,0,0,0,0,1,1,1,0,1,0,0,0,0,0,,0,0,0,0,0,0,0,0,0,0,0,0,0,0,0,0,,,,,,56-60,56-65,State route,R,Friday,Belt Used,PV,Not Fatal,0,1,1,0,State Route,State Patrol,Washington State Patrol,0,1,0,0,0,,,,,,0,0,0,,,,,,,,,,,0,0,0,0,,,,,20,7,,,,,,,,,,,,,,,
2017,332,3755962,263,08-26-2017,,26,8,Aug,,33,King,1960,1,0,9,1,2,1,0,1,1,,,,33,0,0,No vehicle,0,3,0,2,4 Way,3,2,4,6,0,0,0,0,S ALASKA ST,S COLUMBIAN WAY,-122.2970111,47.56161111,98108,0,1,7,Control/Traction Loss,9,1,98,80,0,0,1,2,30,2,2,2,1,14,Making a U turn,1,1,53,,0,63,31,1999,0,0,68,12,,,,,1,1,75,1,7,,4,7,3,0,11,0,03/15/2019,13:36,53013146,13146,0,0,0,3,1,28,0,0,0,0,,,,,,1,,,,,,98603,53,67,125,6,1,0,0,0,0,,0,,,,,,0,,,20,0,0,0,0,9,8,,,0,0,0,8,9,2,177,,,1,,,2,1,0,,,,,,,,,,,,,,,,,,,,,,,,,,,,,,0,0,0,0,0,0,1,1,0,0,0,0,0,0,0,0,0,0,0,0,0,0,0,0,0,1,1,1,0,1,0,0,0,0,0,,1,0,0,0,0,0,1,1,0,0,0,0,0,0,1,0,,,,,,71-75,66-75,State route,R,Friday,Belt Used,PV,White,0,1,1,0,State Route,State Patrol,Washington State Patrol,0,1,0,0,0,,,,,,0,0,0,,,,,,,,,,,0,0,0,1,,,,,20,7,,,,,,,,,,,,,,,
2021,332,635864,25,08-26-2021,21:49,26,8,Aug,,33,King,0,10,,2,2,2,1,0,1,1,,,,42,0,0,No vehicle,1.1,1,0,1,No intersection,6,1,2,4,0,0,0,0,CR-244TH AVE SE,,-122.0157917,47.41350278,98038,0,1,2,Control/Traction Loss,9,1,35,2,0,0,1,5,42,1,2,2,1,1,Going Straight,1,1,53,,0,34,402,2014,0,0,63,42,,,,,1,1,77,2,7,,4,7,3,0,11,0,04-09-2019,12:21,53016662,16662,0,0,0,3,1,0,0,0,0,96,,,,,,1,,,,,,98032,53,63,150,6,1,0,0,0,0,,0,,,,,,0,,,1,0,0,0,0,9,8,,,0,0,0,8,9,2,1,,,1,,,2,1,0,,,,,,,,,,,,,,,,,,,,,,,,,,,,,,0,0,1,0,0,0,0,0,0,0,0,0,0,0,0,0,0,0,0,0,0,0,0,0,0,1,1,1,0,1,0,0,0,0,0,,1,0,0,0,0,0,0,0,0,0,0,0,0,0,0,0,,,,,,76-80,76+,County road,R,Tuesday,Belt Used,PV,White,0,1,0,0,County Road,County Sheriff,Law Enforcement Support Agency,1,0,1,0,0,,,,,,0,0,0,,,,,,,,,,,98,98,98,1,,,,,20,7,,,,,,,,,,,,,,,