year,something,Cases,repjur,crash_dt,crash_tm,accday,Month,Month,holiday,county,co_char,city,weather,weather2,lightcond,surfcond,surftype,Number of Fatalities,nmforms,pforms,vforms,not_tm,arr_tm,hosp_tm,fhevent,hitrun,Manner of Collision,Manner of Collision,milepnt,reljunc,reljuncinter,intersectiontype,Intersection Type,funcsystem,landuse,ownership,route,schlbus,spejur,contdev,devfunc,trafid1,trafid2,x,y,zipcode,wk_zone,vnumber,crashtype,Crash Type,criticalevent,criticaleventcat,spdlim,body,trailer,emerg,hazcargo,leave,mhevent,roadalgn,roadprof,traflane,trafflow,Vehicle Manure,Vehicle Manure,numoccs,regowner,regstate,,spuse,make,model,modelyr,vrf1,vrf2,seqevent1,seqevent2,seqevent3,seqevent4,seqevent5,seqevent6,pnumber,ptype,age,sex,hispanic,race,injury,diedscene,restraint,restraintmisuse,seatpos,takehosp,death_dt,death_tm,cert,cernum_wa,commlic,licendor,licrestrict,liccomp,drivpres,drf1,drf2,drf3,drf4,distract1,distract2,distract3,distract4,distract5,distract6,dricond1,dricond2,dricond3,dricond4,dricond5,dricond6,dzip,licstate,drhgt_in,weight,noncdl,noncdltype,prevdwi,prevoth,prevacc,prevspd,prevsus,driviol1,driviol2,driviol3,driviol4,driviol5,driviol6,spdrel,first_dt,last_dt,airbag,ejection,ejectpath,extricat,injurwrk,methalc,methdrug,nmlocat,strikveh,prf1,prf2,prf3,druginv,alcinvol,drugsts,drugres1,drugres2,drugres3,drugtst1,drugtst2,drugtst3,alcsts,alctst,alcres,nmact1,nmact2,nmact3,nmact4,nmact5,nmact6,nmprior1,nmprior2,nmprior3,nmprior4,nmprior5,nmprior6,nmcond1,nmcond2,nmcond3,nmcond4,nmcond5,nmcond6,nmsafe_helmet,nmsafe_pads,nmsafe_oth,nmprev_ref,nmprev_lgt,nmprev_oth,crashlocation,nmcrashtype,crosswalk,schoolzone,sidewalk,train_inv,wildlife_inv,rotr_fars,intersect_fars,Drink and Drive,aid_inv,Drug Positive Drivers,Impaired Drivers,Marijuana Positive,impnm_inv,ainm_inv,dpnm_inv,speed_inv,unlic_inv,unendmc_inv,drowsy_inv,drdist_inv,nmdist_inv,fty_inv,unrestfat_inv,dr1617_inv,dr1820_inv,dr1620_inv,dr2125_inv,dr1625_inv,dr65_inv,dr70_inv,dr75_inv,mc_inv,pv_inv,ht_inv,ped_inv,bike_inv,unrest_fat,mc_fat,unhelmet_mc,pv_fat,ht_fat,ped_fat,bike_fat,dr_alc7,dr_alc8,dr_drug,dr_imp,dr_dist,dr_spd,dr_fty,dr_unlic,dr_alc7only,dr_alc8only,dr_drugonly,dr_drink,nm_imp,nm_alc7,nm_alc8,nm_drug,nm_dist,agegrp1,agegrp2,roadclass,urbrur,dayweek,restuse,vehtype,race_me,intersect,lanedep,oppdir,wrongway,rep_typ,investag,repag_long,rotr,st_rd,cty_rd,city_rd,oth_rd,drug_thc,thc_res,drug_cthc,cthc_res,drug_cann,prevpersemin,prevperse,prevsusoth,drugtst4,drugtst5,drugtst6,drugtst7,drugtst8,drugres4,drugres5,drugres6,drugres7,drugres8,adspresent,adsengaged,adslevel,race1,race2,race3,race4,race5,helmet,helmetmisuse,nmdistract1,nmdistract2,nmdistract3,nmdistract4,nmdistract5,nmdistract6,lab,isedtcase,crf1,crf2,crf3,CoRoadName,CoMP,IntCoRoadName,IntCoMP
2020,332,635036,38,09-01-2020,16:40,1,9,Sep,,59,Skamania,0,1,,1,1,2,1,0,1,1,,,,30,0,0,No vehicle,9,1,0,1,No intersection,5,1,2,4,0,0,0,0,CR-WASHOUGAL RIVER RD,,-122.2430278,45.61227778,98671,0,1,1,Driver Off Road,13,2,35,34,0,0,1,2,30,3,1,2,1,14,Making a U turn,1,2,53,,0,7,482,2014,0,0,8,,,,,,1,1,47,1,0,,0,0,3,0,11,0,,,,,0,0,0,3,1,0,0,0,0,96,,,,,,0,,,,,,98606,53,69,160,6,1,0,0,0,1,,0,,,,,,0,03-15-2016,03-15-2016,20,0,0,0,8,9,8,,,0,0,0,8,0,2,1,,,1,,,2,1,0,,,,,,,,,,,,,,,,,,,,,,,,,,,,,,0,0,0,0,0,0,0,0,0,1,1,1,0,0,0,0,0,0,0,0,0,0,0,0,0,0,0,0,0,1,0,1,0,0,0,,0,0,0,0,0,0,0,0,0,0,0,0,0,0,0,0,,,,,,46-50,46-55,State route,U,Wednesday,Belt Used,PV,Not Fatal,0,0,0,0,State Route,State Patrol,Washington State Patrol,0,1,0,0,0,,,,,,0,0,0,,,,,,,,,,,98,98,98,0,,,,,20,7,,,,,,,,,,,,,,,
2019,332,634348,3,09-02-2019,14:00,2,9,Sep,,67,Thurston,0,1,0,1,1,2,1,0,4,1,,,,42,0,0,No vehicle,355.4,1,0,1,No intersection,3,1,1,2,0,0,0,0,US-101,,-123.0704917,47.09144167,98502,0,1,1,Driver Off Road,13,2,60,34,1,0,1,2,2,1,2,2,3,1,Going Straight,4,1,53,,0,14,4,1996,0,0,63,1,,,,,1,1,44,1,6,,4,0,3,0,11,5,04-06-2019,17:41,1.96E+11,16434,0,0,0,2,1,0,0,0,0,96,,,,,,99,,,,,,98146,53,66,195,1,1,0,0,2,0,,0,,,,,,4,02-15-2018,02-15-2019,1,0,0,0,0,9,8,,,0,0,0,8,9,0,0,,,0,,,2,1,0.34,,,,,,,,,,,,,,,,,,,,,,,,,,,,,,0,0,1,0,1,1,0,1,0,0,0,0,1,1,0,0,0,0,0,0,0,0,0,0,0,0,0,0,0,1,0,0,0,0,0,,1,0,0,0,0,1,0,1,0,1,0,1,0,1,0,1,,,,,,41-45,36-45,County road,U,Friday,Belt Used,PV,Hispanic,0,1,0,0,County Road,County Sheriff,King County Police,1,0,1,0,0,,,,,,0,0,0,,,,,,,,,,,0,0,0,298,,,,,20,7,,,,,,,,,,,,,,,
2018,332,633568,1,08-31-2018,05:48,31,8,Aug,0,77,Yakima,0,1,0,4,1,2,3,0,5,2,05:43,05:58,,12,0,2,Front-to-Front,43.1,1,0,1,No intersection,3,1,1,2,0,3,0,0,US-97,,-120.5027778,46.17398889,98948,0,2,51,Lateral Move(Going Straight),62,4,60,66,1,0,1,2,12,1,3,2,1,1,Going Straight,1,3,53,,0,12,481,1999,0,0,8,,,,,,1,1,51,2,0,,0,0,3,0,11,0,,,,,0,0,3,3,1,0,0,0,0,96,,,,,,0,,,,,,98908,53,67,170,6,1,0,0,0,0,,0,,,,,,0,,,20,0,0,0,8,9,8,,,0,0,0,8,0,8,95,,,96,,,8,95,995,,,,,,,,,,,,,,,,,,,,,,,,,,,,,,0,0,0,1,0,0,0,0,0,1,1,1,0,0,0,0,0,0,0,0,0,0,0,0,0,1,1,1,0,1,0,1,0,0,0,,0,0,0,0,0,0,0,0,0,0,0,0,0,0,0,0,,,,,,51-55,46-55,US highway,U,Friday,Belt Used,PV,Not Fatal,1,0,0,0,State Route,State Patrol,Washington State Patrol,0,1,0,0,0,,,,,,0,0,0,,,,,,,,,,,0,0,0,0,,,,,20,7,,,,,,,,,,,,,,,
2018,332,633567,1,08-31-2018,05:48,31,8,Aug,0,77,Yakima,0,1,0,4,1,2,3,0,5,2,05:43,05:58,,12,0,2,Front-to-Front,43.1,1,0,1,No intersection,3,1,1,2,0,3,0,0,US-97,,-120.5027778,46.17398889,98948,0,1,50,Lateral Move(Left/Right),10,2,65,21,0,0,1,2,12,1,3,2,1,1,Going Straight,4,3,53,,0,7,29,2013,0,0,8,,,,,,1,1,54,2,0,,0,0,3,0,11,0,,,,,0,0,0,3,1,0,0,0,0,96,,,,,,0,,,,,,98951,53,61,170,6,1,0,0,0,0,,0,,,,,,0,,,20,0,0,0,8,9,8,,,0,0,0,8,0,8,95,,,96,,,8,95,995,,,,,,,,,,,,,,,,,,,,,,,,,,,,,,0,0,0,1,0,0,0,0,0,1,1,1,0,0,0,0,0,0,0,0,0,0,0,0,0,1,1,1,0,1,0,1,0,0,0,,0,0,0,0,0,0,0,0,0,0,0,0,0,0,0,0,,,,,,51-55,46-55,US highway,U,Friday,Belt Used,PV,Not Fatal,1,0,0,0,State Route,State Patrol,Washington State Patrol,0,1,0,0,0,,,,,,0,0,0,,,,,,,,,,,98,98,98,0,,,,,20,7,,,,,,,,,,,,,,,
2017,333,3752234,160,08-17-2017,20:28,17,8,Aug,0,33,King,1030,1,0,5,1,2,1,0,2,2,,,,12,0,2,Front-to-Front,0,1,0,1,No intersection,4,2,4,6,0,0,0,0,MILITARY RD S,,-122.2917722,47.36603889,98032,0,1,50,Lateral Move(Left/Right),10,2,98,2,0,0,1,2,12,2,1,2,1,14,Making a U turn,1,1,53,,0,49,40,2014,0,0,8,,,,,,1,1,76,2,0,,0,0,3,0,11,0,,,,,0,0,0,3,1,0,0,0,0,96,,,,,,0,,,,,,98951,53,64,150,6,1,0,0,0,1,,0,,,,,,0,11-15-2018,11-15-2018,20,0,0,0,8,9,8,,,0,0,0,8,0,8,95,,,96,,,8,95,995,,,,,,,,,,,,,,,,,,,,,,,,,,,,,,0,0,0,1,0,0,0,0,0,1,1,1,0,0,0,0,0,0,0,0,0,0,0,0,0,1,1,1,0,1,0,1,0,0,0,,0,0,0,0,0,0,0,0,0,0,0,0,0,0,0,0,,,,,,76-80,76+,US highway,U,Friday,Belt Used,PV,Not Fatal,1,0,0,0,State Route,State Patrol,Washington State Patrol,0,1,0,0,0,,,,,,0,0,0,,,,,,,,,,,98,98,98,0,,,,,20,7,,,,,,,,,,,,,,,
2017,333,3752234,160,08-17-2017,20:28,17,8,Aug,0,33,King,1030,1,0,5,1,2,1,0,2,2,,,,12,0,2,Front-to-Front,0,1,0,1,No intersection,4,2,4,6,0,0,0,0,MILITARY RD S,,-122.2917722,47.36603889,98032,0,2,51,Lateral Move(Going Straight),62,4,98,21,0,0,1,2,12,3,2,2,1,14,Making a U turn,1,1,53,,0,99,999,9999,0,0,8,,,,,,1,1,998,8,0,,9,0,99,7,11,8,,,,,99,9,9,9,1,0,0,0,0,96,,,,,,99,,,,,,99999,99,,999,9,9,99,99,99,99,,97,,,,,,0,,,99,0,0,0,8,9,8,,,0,0,0,8,9,8,95,,,96,,,8,95,995,,,,,,,,,,,,,,,,,,,,,,,,,,,,,,0,0,0,1,0,0,0,0,0,1,1,1,0,0,0,0,0,0,0,0,0,0,0,0,0,1,1,1,0,1,0,1,0,0,0,,0,0,0,0,0,0,0,0,0,0,0,0,0,0,0,0,,,,,,,,US highway,U,Friday,Unknown,PV,Not Fatal,1,0,0,0,State Route,State Patrol,Washington State Patrol,0,1,0,0,0,,,,,,99,99,99,,,,,,,,,,,98,98,98,0,,,,,20,7,,,,,,,,,,,,,,,
2021,333,635865,1,08-28-2021,06:43,28,8,Aug,,21,Franklin,0,1,,1,1,2,1,0,1,1,,,,1,0,0,No vehicle,37.4,1,0,1,No intersection,2,1,1,2,0,0,0,0,US-395,,-119.0838611,46.36494444,,0,1,1,Driver Off Road,13,2,70,4,0,0,1,2,1,3,1,2,2,14,Making a U turn,1,2,53,,0,55,35,2008,0,0,12,,,,,,1,1,28,2,0,,0,0,3,0,11,0,,,,,0,0,0,3,1,0,0,0,0,96,,,,,,0,,,,,,98107,53,64,135,6,1,0,0,0,0,,97,,,,,,0,,,20,0,0,0,8,9,8,,,0,0,0,8,0,8,95,,,96,,,8,95,995,,,,,,,,,,,,,,,,,,,,,,,,,,,,,,0,0,0,0,0,0,0,0,0,0,0,0,1,0,0,0,0,0,0,0,0,0,0,0,0,0,0,0,1,1,0,0,0,0,0,,0,0,0,0,0,0,0,0,0,0,0,0,0,0,0,0,,,,,,26-30,26-35,Interstate,U,Friday,Belt Used,PV,Not Fatal,0,0,0,0,State Route,State Patrol,Washington State Patrol,0,1,0,0,0,,,,,,0,0,0,,,,,,,,,,,98,98,98,0,,,,,20,7,,,,,,,,,,,,,,,
2020,333,635047,6,08-28-2020,18:00,28,8,Aug,,7,Chelan,0,1,,1,1,2,3,0,5,3,18:10,18:35,20:04,12,0,2,Front-to-Front,154.7,1,0,1,No intersection,3,1,1,2,0,0,0,0,US-97,,-120.6105694,47.39430556,,0,3,98,Others,98,7,60,61,0,0,1,2,12,1,2,3,1,1,Going Straight,1,1,53,,0,72,706,2006,0,0,12,,,,,,1,1,44,1,7,,4,7,20,7,11,0,03/29/2019,12:34,2.23E+11,15128,0,0,0,3,1,26,0,0,0,96,,,,,,0,,,,,,98252,53,72,250,6,1,0,1,0,0,,0,,,,,,4,11-15-2018,11-15-2018,20,8,0,0,0,9,8,,,0,0,0,8,0,2,1,,,1,,,2,1,0,,,,,,,,,,,,,,,,,,,,,,,,,,,,,,0,0,0,0,0,0,0,0,0,0,0,0,1,0,0,0,0,0,0,0,0,0,0,0,0,0,0,0,1,1,0,0,0,0,1,0,0,0,0,0,0,0,0,0,0,1,0,0,0,0,0,0,,,,,,41-45,36-45,Interstate,U,Friday,,MC,White,0,0,0,0,State Route,State Patrol,Washington State Patrol,0,1,0,0,0,,,,,,0,0,0,,,,,,,,,,,0,0,0,1,,,,,5,0,,,,,,,,,,,,,,,
2020,333,635046,6,08-28-2020,18:00,28,8,Aug,,7,Chelan,0,1,,1,1,2,3,0,5,3,18:10,18:35,20:04,12,0,2,Front-to-Front,154.7,1,0,1,No intersection,3,1,1,2,0,0,0,0,US-97,,-120.6105694,47.39430556,,0,2,51,Lateral Move(Going Straight),62,4,60,34,0,0,1,2,12,1,2,3,1,1,Going Straight,2,2,53,,0,49,401,1999,0,0,12,,,,,,1,1,71,1,7,,4,0,3,0,11,4,04/14/2019,18:10,2.11E+11,17304,0,0,0,3,1,28,0,0,0,96,,,,,,0,,,,,,99301,53,74,198,6,1,0,0,0,0,,0,,,,,,0,,,8,0,0,0,0,9,8,,,0,0,0,8,0,8,95,,,96,,,8,95,995,,,,,,,,,,,,,,,,,,,,,,,,,,,,,,0,0,0,0,0,0,1,1,0,0,0,0,0,0,0,0,1,0,0,0,0,0,0,0,0,1,1,0,0,1,0,0,0,0,0,,1,0,0,0,0,0,0,0,0,0,0,0,0,0,0,0,,,,,,71-75,66-75,City street,U,Wednesday,Belt Used,PV,White,0,1,1,0,City Street,Municipal/City Police,Kennewick Police Department,0,0,0,1,0,,,,,,0,0,0,,,,,,,,,,,0,0,0,1,,,,,20,7,,,,,,,,,,,,,,,
2020,333,635045,6,08-28-2020,18:00,28,8,Aug,,7,Chelan,0,1,,1,1,2,3,0,5,3,18:10,18:35,20:04,12,0,2,Front-to-Front,154.7,1,0,1,No intersection,3,1,1,2,0,0,0,0,US-97,,-120.6105694,47.39430556,,0,1,50,Lateral Move(Left/Right),10,2,60,15,0,0,1,2,12,1,2,3,1,6,Others,2,1,53,,0,12,481,1993,0,0,68,12,,,,,1,1,45,2,0,,3,0,3,0,11,5,,,,,0,0,0,3,1,28,0,0,0,92,,,,,,99,,,,,,99337,53,66,148,6,1,2,6,2,2,,97,,,,,,0,06-15-2015,10-15-2018,20,0,0,0,8,9,8,,,0,0,0,8,9,2,401,417,,1,1,,2,1,0,,,,,,,,,,,,,,,,,,,,,,,,,,,,,,0,0,0,0,0,0,1,1,0,0,0,0,0,0,0,0,1,0,0,0,0,0,0,0,0,1,1,0,0,1,0,0,0,0,0,,0,0,0,0,0,0,1,1,1,0,0,0,0,0,1,0,,,,,,41-45,36-45,City street,U,Wednesday,Belt Used,PV,Not Fatal,0,1,1,0,City Street,Municipal/City Police,Kennewick Police Department,0,0,0,1,0,,,,,,0,0,0,,,,,,,,,,,0,0,0,0,,,,,20,7,,,,,,,,,,,,,,,
2019,333,634350,2,09-18-2019,20:35,18,9,Sep,,61,Snohomish,170,1,0,3,1,2,1,0,2,2,,,,12,0,7,"Sideswipe,Same",26.1,1,0,1,No intersection,1,2,1,1,0,0,0,0,I-405,,-122.2032389,47.78912778,98021,0,2,45,Others,60,4,60,80,0,0,1,7,12,1,2,3,3,1,Going Straight,1,2,53,,0,73,705,2007,0,0,1,63,24,,,,1,1,19,1,7,,4,7,20,7,11,0,03/29/2019,19:36,24053014786,14786,0,0,0,3,1,0,0,0,0,96,,,,,,99,,,,,,98684,53,72,165,6,1,0,0,0,0,,0,,,,,,4,,,20,8,0,0,0,9,8,,,0,0,0,8,9,2,1,,,1,,,2,1,0,,,,,,,,,,,,,,,,,,,,,,,,,,,,,,0,0,0,0,0,0,0,0,0,0,0,0,1,0,0,0,0,0,0,0,0,1,1,0,1,0,0,0,1,0,0,0,0,0,1,0,0,0,0,0,0,0,0,0,0,1,0,0,0,0,0,0,,,,,,18-20,16-25,City street,U,Friday,,MC,White,0,0,0,0,City Street,Municipal/City Police,Camas Police Department,0,0,0,1,0,,,,,,0,0,0,,,,,,,,,,,0,0,0,1,,,,,19,0,,,,,,,,,,,,,,,
2019,333,634349,2,09-18-2019,20:35,18,9,Sep,,61,Snohomish,170,1,0,3,1,2,1,0,2,2,,,,12,0,7,"Sideswipe,Same",26.1,1,0,1,No intersection,1,2,1,1,0,0,0,0,I-405,,-122.2032389,47.78912778,98021,0,1,47,Others,10,2,60,4,0,0,1,7,12,1,2,3,3,15,Others,1,1,53,,0,37,31,2003,0,0,63,30,53,,,,1,1,60,1,0,,3,0,3,0,11,8,,,,,0,0,0,3,1,91,0,0,0,0,,,,,,2,9,,,,,98626,53,64,135,6,1,0,0,0,0,,1,,,,,,0,,,1,0,0,0,8,9,2,,,0,0,0,1,0,2,167,189,,1,1,,2,1,0,,,,,,,,,,,,,,,,,,,,,,,,,,,,,,0,0,1,0,0,0,1,1,0,0,0,0,0,0,0,1,0,0,0,1,0,0,0,0,0,0,0,0,0,1,0,0,0,0,0,,0,0,0,0,0,0,1,1,0,0,0,0,0,0,1,0,,,,,,56-60,56-65,State route,U,Friday,Belt Used,PV,Not Fatal,0,1,0,0,State Route,State Patrol,Washington State Patrol,1,1,0,0,0,,,,,,0,0,0,,,,,,,,,,,98,98,98,0,,,,,20,7,,,,,,,,,,,,,,,
2018,333,633569,3,09-17-2018,22:12,17,9,Sep,0,53,Pierce,2230,1,0,2,1,2,1,1,1,1,,,,8,0,0,No vehicle,2.6,1,0,1,No intersection,3,2,1,3,0,3,0,0,SR-509,,-122.3801944,47.2473,98424,0,1,13,Pedestrian/Animal,80,5,60,4,0,0,1,7,8,1,1,2,3,1,Going Straight,1,1,53,,0,76,705,2017,0,0,12,,,,,,1,1,30,1,1,,4,7,20,7,11,0,04-02-2019,19:05,53015148,15148,0,0,0,3,1,0,0,0,0,96,,,,,,99,,,,,,98593,53,68,200,6,1,0,0,0,0,,0,,,,,,3,,,20,8,0,0,0,9,8,,,0,0,0,8,9,2,605,695,,1,1,,2,1,0,,,,,,,,,,,,,,,,,,,,,,,,,,,,,,0,0,0,1,0,0,1,1,1,0,0,0,1,0,0,0,0,0,0,0,0,0,0,0,0,0,0,0,1,1,0,0,0,0,1,0,0,0,0,0,0,0,1,1,0,1,0,0,0,0,1,0,,,,,,26-30,26-35,County road,U,Tuesday,,MC,Hispanic,1,0,0,0,County Road,County Sheriff,Yakima County Sheriff's Office,0,0,1,0,0,thc,10,carboxy-thc,53,,0,0,0,,,,,,,,,,,0,0,0,1,,,,,19,0,,,,,,,,,,,,,,,
2020,334,635049,14,08-30-2020,11:23,30,8,Aug,,11,Clark,0,1,,1,1,2,1,0,3,2,,,,11,0,0,No vehicle,1.3,1,0,1,No intersection,6,1,2,4,0,0,0,0,CR-SE VERNON RD,,-122.2936444,45.62036389,98671,0,2,98,Others,98,7,50,80,0,0,1,5,12,1,2,2,1,1,Going Straight,1,1,53,,0,20,404,2015,0,0,12,,,,,,1,1,31,1,0,,0,0,3,0,11,0,,,,,0,0,0,3,1,0,0,0,0,96,,,,,,0,,,,,,98908,53,71,250,6,1,0,0,0,2,,0,,,,,,0,02-15-2015,05-15-2017,8,0,0,0,8,9,8,,,0,0,0,8,0,8,95,,,96,,,8,95,995,,,,,,,,,,,,,,,,,,,,,,,,,,,,,,0,0,0,1,0,0,1,1,1,0,0,0,1,0,0,0,0,0,0,0,0,0,0,0,0,0,0,0,1,1,0,0,0,0,0,,0,0,0,0,0,0,0,0,0,0,0,0,0,0,0,0,,,,,,31-35,26-35,County road,U,Tuesday,Belt Used,PV,Not Fatal,1,0,0,0,County Road,County Sheriff,Yakima County Sheriff's Office,0,0,1,0,0,,,,,,0,0,0,,,,,,,,,,,98,98,98,0,,,,,20,7,,,,,,,,,,,,,,,
2020,334,635048,14,08-30-2020,11:23,30,8,Aug,,11,Clark,0,1,,1,1,2,1,0,3,2,,,,11,0,0,No vehicle,1.3,1,0,1,No intersection,6,1,2,4,0,0,0,0,CR-SE VERNON RD,,-122.2936444,45.62036389,98671,0,1,13,Pedestrian/Animal,87,6,50,80,0,0,1,2,11,1,2,2,1,1,Going Straight,2,1,53,,0,20,404,2017,0,0,8,,,,,,1,1,39,1,0,,0,0,3,0,11,0,,,,,0,0,0,3,1,0,0,0,0,96,,,,,,0,,,,,,98625,53,71,190,6,1,0,0,0,0,,0,,,,,,0,,,20,0,0,0,8,9,8,,,0,0,0,8,0,8,95,,,96,,,8,95,995,,,,,,,,,,,,,,,,,,,,,,,,,,,,,,0,0,0,0,0,0,0,0,0,0,0,0,0,0,0,0,0,0,0,0,0,0,0,0,0,0,0,0,0,1,0,1,0,0,0,,0,0,0,0,0,0,0,0,0,0,0,0,0,0,0,0,,,,,,36-40,36-45,City street,U,Thursday,Belt Used,PV,Not Fatal,0,0,0,0,City Street,Municipal/City Police,Longview Police Department,0,0,0,1,0,,,,,,0,0,0,,,,,,,,,,,98,98,98,0,,,,,20,7,,,,,,,,,,,,,,,
2018,334,633548,247,09-09-2018,14:54,9,9,Sep,0,33,King,1820,10,0,1,1,2,1,1,1,1,,,,9,0,0,No vehicle,0,2,0,2,4 Way,4,2,4,6,0,0,3,3,NE 85TH ST,158TH AVE NE,-122.1302806,47.67855833,98052,0,1,13,Pedestrian/Animal,83,5,30,1,0,0,1,5,9,1,1,3,1,1,Going Straight,1,1,53,,0,76,705,2001,0,0,64,25,,,,,1,1,52,1,7,,4,7,20,7,11,0,03/14/2019,05:25,1.96E+11,16256,0,0,3,3,1,0,0,0,0,96,,,,,,99,,,,,,98223,53,71,223,6,1,0,0,0,0,,0,,,,,,4,,,20,8,0,0,0,9,8,,,0,0,0,8,9,2,417,,,1,,,2,1,0,,,,,,,,,,,,,,,,,,,,,,,,,,,,,,0,0,1,0,0,0,1,1,0,0,0,0,1,0,0,0,0,0,0,0,0,0,0,0,0,0,0,0,1,0,0,0,0,0,1,0,0,0,0,0,0,0,1,1,0,1,0,0,0,0,1,0,,,,,,51-55,46-55,Interstate,U,Thursday,,MC,White,0,1,0,0,State Route,State Patrol,Washington State Patrol,1,1,0,0,0,,,,,,0,0,0,,,,,,,,,,,0,0,0,1,,,,,19,0,,,,,,,,,,,,,,,
2017,334,632830,7,08-29-2017,15:08,29,8,Aug,0,33,King,1958,1,0,1,1,2,1,0,2,1,,,,1,0,0,No vehicle,0.1,5,1,1,No intersection,3,2,1,3,0,0,0,0,SR-509 RAMP R502435B,,-122.3213139,47.437425,98148,0,1,6,Drive off road,12,2,98,61,0,0,1,2,1,3,2,1,6,14,Making a U turn,2,3,53,,0,7,482,2012,0,0,12,1,,,,,1,1,26,1,6,,4,7,99,7,11,0,03/30/2019,00:25,53015292,15292,0,0,0,3,1,0,0,0,0,96,,,,,,99,,,,,,98671,53,71,185,6,1,0,0,0,1,,0,,,,,,0,03-15-2018,03-15-2018,8,0,0,0,0,9,8,,,0,0,0,8,9,2,1,,,1,,,2,1,0.17,,,,,,,,,,,,,,,,,,,,,,,,,,,,,,0,0,0,0,1,1,0,1,0,0,0,0,0,0,0,0,0,0,0,0,0,0,0,0,0,0,0,0,0,1,0,0,0,0,0,,1,0,0,0,0,1,0,1,0,0,0,0,0,1,0,1,,,,,,26-30,26-35,County road,U,Saturday,Unknown,PV,Hispanic,0,0,0,0,County Road,County Sheriff,Clark County Sheriff's Office,0,0,1,0,0,,,,,,0,0,0,,,,,,,,,,,98,98,98,298,,,,,20,7,,,,,,,,,,,,,,,
2019,334,634351,127,09-13-2019,00:28,13,9,Sep,,33,King,735,2,0,3,2,2,1,1,1,1,,,,9,1,0,No vehicle,5,1,0,1,No intersection,3,2,1,3,0,0,0,0,SR-99,,-122.3141556,47.29613056,98003,0,1,13,Pedestrian/Animal,83,5,98,99,0,0,1,5,9,1,2,3,2,1,Going Straight,99,9,99,,0,12,481,1984,0,0,12,,,,,,1,1,34,2,0,,1,0,99,7,11,8,,,,,0,0,0,3,1,0,0,0,0,96,,,,,,0,,,,,,98684,53,61,135,6,1,0,0,0,1,,97,,,,,,0,06-15-2016,09-15-2017,20,0,0,0,8,9,8,,,0,0,0,8,0,8,95,,,96,,,8,95,995,,,,,,,,,,,,,,,,,,,,,,,,,,,,,,0,0,0,0,1,1,0,1,0,0,0,0,0,0,0,0,0,0,0,0,0,0,0,0,0,0,0,0,0,1,0,0,0,0,0,,0,0,0,0,0,0,0,0,0,0,0,0,0,0,0,0,,,,,,31-35,26-35,County road,U,Saturday,Unknown,PV,Not Fatal,0,0,0,0,County Road,County Sheriff,Clark County Sheriff's Office,0,0,1,0,0,,,,,,0,0,1,,,,,,,,,,,0,0,0,0,,,,,20,7,,,,,,,,,,,,,,,
2021,335,635869,3,08-14-2021,12:05,14,8,Aug,,53,Pierce,0,10,,1,1,2,1,0,1,1,,,,1,0,0,No vehicle,9.8,3,0,2,4 Way,3,2,1,3,0,0,0,0,SR-410,262ND ST E,-122.0803972,47.16220556,98321,0,1,1,Driver Off Road,13,2,55,82,0,0,1,2,1,1,1,2,1,11,Turning Red: Permitted on red,1,1,53,,0,9,20,1996,0,0,68,64,43,1,,,1,1,24,1,1,,4,7,20,7,11,0,03/17/2019,01:26,53012791,12791,0,0,0,0,1,0,0,0,0,96,,,,,,9,,,,,,99357,96,,999,0,0,99,99,99,99,,0,,,,,,4,,,8,1,9,0,0,1,1,,,0,0,0,1,1,2,401,303,304,1,1,1,2,1,0.21,,,,,,,,,,,,,,,,,,,,,,,,,,,,,,0,0,1,0,1,1,1,1,1,0,0,0,1,1,0,0,0,0,0,1,0,0,0,1,1,0,0,0,0,1,0,0,0,1,0,,1,0,0,0,0,1,1,1,0,1,0,1,0,0,0,1,,,,,,21-25,16-25,State route,R,Sunday,Not Used,PV,Hispanic,0,1,0,0,State Route,State Patrol,Washington State Patrol,1,1,0,0,0,,,,,,99,99,99,1,1,1,,,124,695,407,151,167,0,0,0,1,,,,,20,7,,,,,,,,,,,,,,,
2020,335,635050,32,07-17-2020,13:10,17,7,July,,47,Okanogan,0,1,,9,1,2,1,0,1,1,,,,17,0,0,No vehicle,9999.9,1,0,1,No intersection,6,1,2,4,0,3,0,0,CR-COLUMBIA RIVER RD,,-119.2279694,48.11639167,98840,0,1,1,Driver Off Road,13,2,50,34,0,0,1,2,17,3,2,2,1,14,Making a U turn,1,1,53,,0,12,880,2016,0,0,12,1,,,,,1,1,67,1,0,,3,0,3,0,11,8,,,,,6,0,3,3,1,0,0,0,0,96,,,,,,0,,,,,,98903,53,69,250,6,1,0,0,0,0,,0,,,,,,0,,,8,0,0,0,8,9,8,,,0,0,0,8,0,8,95,,,96,,,8,95,995,,,,,,,,,,,,,,,,,,,,,,,,,,,,,,0,0,0,1,0,0,0,0,0,0,0,0,0,0,0,0,0,0,1,0,0,0,0,0,0,1,1,1,0,1,1,0,0,0,0,,0,0,0,0,0,0,0,0,0,0,0,0,0,0,0,0,,,,,,66-70,66-75,County road,R,Sunday,,MHTRUCK,Not Fatal,1,0,0,0,County Road,County Sheriff,Yakima County Sheriff's Office,0,0,1,0,0,,,,,,0,0,0,,,,,,,,,,,98,98,98,0,,,,,20,7,,,,,,,,,,,,,,,
2019,335,634353,5,09-14-2019,18:38,14,9,Sep,,11,Clark,0,1,0,5,1,2,1,0,2,2,,,,12,0,2,Front-to-Front,11.7,1,0,1,No intersection,4,1,1,3,0,0,0,0,SR-500,,-122.476975,45.66495833,98682,0,2,51,Lateral Move(Going Straight),62,4,50,4,0,0,1,7,12,3,1,2,1,14,Making a U turn,1,2,53,,0,55,33,2000,0,0,12,,,,,,1,1,86,1,7,,4,0,3,0,11,4,03/17/2019,15:42,2.22E+11,12470,0,0,3,3,1,38,39,0,0,96,,,,,,99,,,,,,98944,53,68,193,6,1,0,0,0,0,,0,,,,,,0,,,1,0,0,0,0,9,8,,,0,0,0,8,9,8,95,,,96,,,8,95,995,,,,,,,,,,,,,,,,,,,,,,,,,,,,,,0,0,0,1,0,0,0,0,0,0,0,0,0,0,0,0,0,0,1,0,0,0,0,0,0,1,1,1,0,1,1,0,0,0,0,,1,0,0,0,0,0,0,0,0,0,1,0,0,0,0,0,,,,,,81+,76+,County road,R,Sunday,Belt Used,PV,White,1,0,0,0,County Road,County Sheriff,Yakima County Sheriff's Office,0,0,1,0,0,,,,,,0,0,0,,,,,,,,,,,98,98,98,1,,,,,20,7,,,,,,,,,,,,,,,