year,something,Cases,repjur,crash_dt,crash_tm,accday,Month,Month,holiday,county,co_char,city,weather,weather2,lightcond,surfcond,surftype,Number of Fatalities,nmforms,pforms,vforms,not_tm,arr_tm,hosp_tm,fhevent,hitrun,Manner of Collision,Manner of Collision,milepnt,reljunc,reljuncinter,intersectiontype,Intersection Type,funcsystem,landuse,ownership,route,schlbus,spejur,contdev,devfunc,trafid1,trafid2,x,y,zipcode,wk_zone,vnumber,crashtype,Crash Type,criticalevent,criticaleventcat,spdlim,body,trailer,emerg,hazcargo,leave,mhevent,roadalgn,roadprof,traflane,trafflow,Vehicle Manure,Vehicle Manure,numoccs,regowner,regstate,,spuse,make,model,modelyr,vrf1,vrf2,seqevent1,seqevent2,seqevent3,seqevent4,seqevent5,seqevent6,pnumber,ptype,age,sex,hispanic,race,injury,diedscene,restraint,restraintmisuse,seatpos,takehosp,death_dt,death_tm,cert,cernum_wa,commlic,licendor,licrestrict,liccomp,drivpres,drf1,drf2,drf3,drf4,distract1,distract2,distract3,distract4,distract5,distract6,dricond1,dricond2,dricond3,dricond4,dricond5,dricond6,dzip,licstate,drhgt_in,weight,noncdl,noncdltype,prevdwi,prevoth,prevacc,prevspd,prevsus,driviol1,driviol2,driviol3,driviol4,driviol5,driviol6,spdrel,first_dt,last_dt,airbag,ejection,ejectpath,extricat,injurwrk,methalc,methdrug,nmlocat,strikveh,prf1,prf2,prf3,druginv,alcinvol,drugsts,drugres1,drugres2,drugres3,drugtst1,drugtst2,drugtst3,alcsts,alctst,alcres,nmact1,nmact2,nmact3,nmact4,nmact5,nmact6,nmprior1,nmprior2,nmprior3,nmprior4,nmprior5,nmprior6,nmcond1,nmcond2,nmcond3,nmcond4,nmcond5,nmcond6,nmsafe_helmet,nmsafe_pads,nmsafe_oth,nmprev_ref,nmprev_lgt,nmprev_oth,crashlocation,nmcrashtype,crosswalk,schoolzone,sidewalk,train_inv,wildlife_inv,rotr_fars,intersect_fars,Drink and Drive,aid_inv,Drug Positive Drivers,Impaired Drivers,Marijuana Positive,impnm_inv,ainm_inv,dpnm_inv,speed_inv,unlic_inv,unendmc_inv,drowsy_inv,drdist_inv,nmdist_inv,fty_inv,unrestfat_inv,dr1617_inv,dr1820_inv,dr1620_inv,dr2125_inv,dr1625_inv,dr65_inv,dr70_inv,dr75_inv,mc_inv,pv_inv,ht_inv,ped_inv,bike_inv,unrest_fat,mc_fat,unhelmet_mc,pv_fat,ht_fat,ped_fat,bike_fat,dr_alc7,dr_alc8,dr_drug,dr_imp,dr_dist,dr_spd,dr_fty,dr_unlic,dr_alc7only,dr_alc8only,dr_drugonly,dr_drink,nm_imp,nm_alc7,nm_alc8,nm_drug,nm_dist,agegrp1,agegrp2,roadclass,urbrur,dayweek,restuse,vehtype,race_me,intersect,lanedep,oppdir,wrongway,rep_typ,investag,repag_long,rotr,st_rd,cty_rd,city_rd,oth_rd,drug_thc,thc_res,drug_cthc,cthc_res,drug_cann,prevpersemin,prevperse,prevsusoth,drugtst4,drugtst5,drugtst6,drugtst7,drugtst8,drugres4,drugres5,drugres6,drugres7,drugres8,adspresent,adsengaged,adslevel,race1,race2,race3,race4,race5,helmet,helmetmisuse,nmdistract1,nmdistract2,nmdistract3,nmdistract4,nmdistract5,nmdistract6,lab,isedtcase,crf1,crf2,crf3,CoRoadName,CoMP,IntCoRoadName,IntCoMP
2019,335,634352,5,09-14-2019,18:38,14,9,Sep,,11,Clark,0,1,0,5,1,2,1,0,2,2,,,,12,0,2,Front-to-Front,11.7,1,0,1,No intersection,4,1,1,3,0,0,0,0,SR-500,,-122.476975,45.66495833,98682,0,1,50,Lateral Move(Left/Right),10,2,50,80,0,0,1,2,12,2,1,2,1,14,Making a U turn,1,2,53,,0,12,401,1998,0,0,68,64,32,1,42,3,1,1,24,1,7,,4,7,20,7,11,0,03/22/2019,13:00,53014134,14134,6,0,0,3,1,0,0,0,0,93,,,,,,99,,,,,,99403,53,73,215,6,1,0,0,0,0,,0,,,,,,0,,,8,0,0,0,0,1,8,,,0,0,0,1,1,2,695,605,,1,1,,2,1,0.22,,,,,,,,,,,,,,,,,,,,,,,,,,,,,,0,0,1,0,1,1,1,1,1,0,0,0,0,0,0,0,1,0,0,1,0,0,0,1,1,0,0,0,0,1,0,0,0,1,0,,1,0,0,0,0,1,1,1,1,0,0,0,0,0,0,1,,,,,,21-25,16-25,US highway,R,Friday,Not Used,PV,White,0,1,0,0,State Route,State Patrol,Washington State Patrol,1,1,0,0,0,thc,1.7,carboxy-thc,6.6,,0,0,0,,,,,,,,,,,0,0,0,1,,,,,20,7,,,,,,,,,,,,,,,
2017,335,632804,3,08-30-2017,02:27,30,8,Aug,0,53,Pierce,0,1,0,3,1,2,1,0,2,2,02:27,02:34,,14,0,0,No vehicle,2.1,5,1,1,No intersection,3,2,1,3,0,0,0,0,SR-512,SR-7,-122.4397139,47.15817222,98444,0,1,6,Drive off road,12,2,60,3,0,0,1,2,14,1,1,1,6,1,Going Straight,1,1,53,,0,37,705,2018,0,0,63,24,,,,,1,1,21,1,7,,4,7,20,7,11,0,03/28/2019,21:16,53014691,14691,0,0,0,3,1,0,0,0,0,96,,,,,,9,,,,,,98312,53,70,160,6,1,0,1,0,1,,0,,,,,,4,06-15-2017,08-15-2017,20,8,0,0,0,9,8,,,0,0,0,8,1,2,1,,,1,,,2,1,0.33,,,,,,,,,,,,,,,,,,,,,,,,,,,,,,0,0,1,0,1,1,0,1,0,0,0,0,1,0,0,0,0,0,0,0,0,0,0,1,1,0,0,0,1,0,0,0,0,0,1,0,0,0,0,0,0,1,0,1,0,1,0,0,0,1,0,1,,,,,,21-25,16-25,County road,U,Thursday,,MC,White,0,1,0,0,County Road,County Sheriff,Kitsap County Sheriff's Office,1,0,1,0,0,,,,,,0,0,0,,,,,,,,,,,0,0,0,1,,,,,19,0,,,,,,,,,,,,,,,
2018,335,633570,7,09-07-2018,14:47,7,9,Sep,0,33,King,2310,1,0,1,1,1,1,1,1,1,,,,8,0,0,No vehicle,0.8,1,0,1,No intersection,1,2,1,1,0,0,0,0,I-405,,-122.2497111,47.46263889,98188,0,1,13,Pedestrian/Animal,80,5,60,66,1,0,1,5,8,1,2,5,3,1,Going Straight,1,3,95,,0,49,40,2018,0,0,8,,,,,,1,1,33,1,0,,0,0,99,7,11,0,,,,,0,0,3,3,1,0,0,0,0,96,,,,,,0,,,,,,98502,53,64,100,6,1,0,0,0,0,,97,,,,,,0,,,20,0,0,0,8,9,8,,,0,0,0,8,0,8,95,,,96,,,8,95,995,,,,,,,,,,,,,,,,,,,,,,,,,,,,,,0,0,0,1,0,0,0,0,0,0,0,0,0,0,0,0,0,0,0,0,0,0,0,0,0,0,0,0,0,1,0,1,0,0,0,,0,0,0,0,0,0,0,0,0,0,0,0,0,0,0,0,,,,,,31-35,26-35,City street,U,Sunday,Unknown,PV,Not Fatal,1,0,0,0,City Street,Municipal/City Police,Olympia Police Department,0,0,0,1,0,,,,,,0,0,0,,,,,,,,,,,98,98,98,0,,,,,20,7,,,,,,,,,,,,,,,
2021,336,635872,4,08-29-2021,20:25,29,8,Aug,,63,Spokane,0,1,,5,1,2,1,1,2,2,,,,9,0,0,No vehicle,170.1,2,0,2,4 Way,3,2,1,2,0,0,3,3,US-395,HAWTHORNE,-117.4108889,47.75117222,99251,0,2,98,Others,83,5,45,4,0,0,1,5,9,1,1,5,1,1,Going Straight,1,2,53,,0,48,34,1999,0,0,12,,,,,,1,1,56,1,7,,4,7,3,0,11,0,03/22/2019,05:42,53013894,13894,0,0,3,2,1,0,0,0,0,96,,,,,,99,,,,,,98801,53,71,198,1,1,0,4,0,0,,0,,,,,,0,11-15-2014,02-15-2019,20,0,0,0,0,9,8,,,0,0,0,8,9,2,996,401,417,1,1,1,2,1,0,,,,,,,,,,,,,,,,,,,,,,,,,,,,,,0,0,0,0,0,0,1,1,1,0,0,0,0,1,0,0,0,0,0,0,0,0,0,0,0,0,0,0,0,1,0,0,0,0,0,,1,0,0,0,0,0,1,1,0,0,0,1,0,0,1,0,,,,,,56-60,56-65,Interstate,R,Friday,Belt Used,PV,White,0,0,0,0,State Route,State Patrol,Washington State Patrol,0,1,0,0,0,thc,0.78,,,,0,0,6,1,1,,,,177,605,,,,0,0,0,1,,,,,20,7,,,,,,,nms,,,,,,,,
2021,336,635871,4,08-29-2021,20:25,29,8,Aug,,63,Spokane,0,1,,5,1,2,1,1,2,2,,,,9,0,0,No vehicle,170.1,2,0,2,4 Way,3,2,1,2,0,0,3,3,US-395,HAWTHORNE,-117.4108889,47.75117222,99251,0,1,13,Pedestrian/Animal,83,5,45,14,0,0,1,2,9,1,1,5,1,1,Going Straight,1,1,53,,3,98,988,2019,0,0,12,,,,,,1,1,57,2,0,,0,0,3,0,11,0,,,,,6,3,0,3,1,0,0,0,0,96,,,,,,0,,,,,,55433,27,,999,6,1,0,0,0,0,,97,,,,,,0,,,20,0,0,0,8,9,8,,,0,0,0,8,0,8,95,,,96,,,8,95,995,,,,,,,,,,,,,,,,,,,,,,,,,,,,,,0,0,0,0,0,0,1,1,1,0,0,0,0,1,0,0,0,0,0,0,0,0,0,0,0,0,0,0,0,1,0,0,0,0,0,,0,0,0,0,0,0,0,0,0,0,0,0,0,0,0,0,,,,,,56-60,56-65,Interstate,R,Friday,,BUS,Not Fatal,0,0,0,0,State Route,State Patrol,Washington State Patrol,0,1,0,0,0,,,,,,0,0,0,,,,,,,,,,,98,98,98,0,,,,,20,7,,,,,,,,,,,,,,,
2020,336,635052,3,09-04-2020,23:21,4,9,Sep,,53,Pierce,1124,1,,3,1,2,1,1,2,2,23:21,23:26,,8,0,0,No vehicle,0.6,1,0,1,No intersection,3,2,1,3,0,0,0,0,SR-512,,-122.4686056,47.16041944,98447,0,2,98,Others,80,5,45,14,0,0,1,5,8,1,1,4,3,1,Going Straight,1,1,53,,0,23,471,1997,0,0,68,64,42,,,,1,1,40,1,7,,4,7,20,7,11,0,03/26/2019,,53014351,14351,0,0,3,3,1,0,0,0,0,96,,,,,,99,,,,,,98250,53,69,150,6,1,0,1,0,1,,0,,,,,,4,03-15-2014,02-15-2015,1,0,0,1,0,9,8,,,0,0,0,8,9,2,605,695,,1,1,,2,1,0.27,,,,,,,,,,,,,,,,,,,,,,,,,,,,,,0,0,1,0,1,1,1,1,1,0,0,0,1,0,0,0,0,0,0,1,0,0,0,0,0,0,0,0,0,1,0,0,0,1,0,,1,0,0,0,0,1,1,1,0,1,0,0,0,0,0,1,,,,,,36-40,36-45,County road,U,Tuesday,Not Used,PV,White,0,1,0,0,County Road,County Sheriff,San Juan County Sheriff's Office,1,0,1,0,0,thc,22,carboxy-thc,11,,0,0,1,,,,,,,,,,,0,0,0,1,,,,,20,7,,,,,,,,,,,,,,,
2019,336,634337,29,09-07-2019,20:04,7,9,Sep,,41,Lewis,0,1,0,5,1,2,1,0,1,1,,,,35,0,0,No vehicle,1.5,1,0,1,No intersection,5,1,2,4,0,0,0,0,CR-HIGHWAY 603,,-122.9985639,46.63107778,98532,0,1,6,Drive off road,6,1,35,6,0,0,1,7,1,3,2,2,1,14,Making a U turn,1,1,53,,0,12,401,1993,0,0,63,42,2,,,,1,1,23,1,7,,4,0,99,7,11,5,03/23/2019,13:32,2.11E+11,13995,0,0,3,2,1,0,0,0,0,92,,,,,,99,,,,,,99204,53,71,150,1,1,1,0,0,0,,0,,,,,,0,11-15-2017,11-15-2017,99,0,0,0,0,9,8,,,0,0,0,8,9,2,417,,,1,,,2,1,0,,,,,,,,,,,,,,,,,,,,,,,,,,,,,,0,0,1,0,0,0,1,1,0,0,0,0,0,1,0,0,1,0,0,0,0,0,0,1,1,0,0,0,0,1,0,0,0,0,0,,1,0,0,0,0,0,1,1,1,0,0,1,0,0,1,0,,,,,,21-25,16-25,City street,U,Thursday,Unknown,PV,White,0,1,0,0,City Street,Municipal/City Police,Spokane Police Department,1,0,0,1,0,,,,,,0,1,0,,,,,,,,,,,0,0,0,1,,,,,20,7,,,,,,,,,,,,,,,
2018,336,633572,39,09-12-2018,10:56,12,9,Sep,0,61,Snohomish,0,2,0,1,2,2,1,0,2,2,10:53,11:10,11:53,12,0,6,Angle,2.9,2,0,2,4 Way,7,1,2,4,0,0,0,0,CR-268TH ST NW,28TH AVE NW,-122.2697417,48.23906944,98292,0,2,88,Striking from the Left,66,4,98,6,0,0,1,5,12,1,2,2,1,1,Going Straight,1,2,53,,0,72,706,2002,0,0,63,33,1,,,,1,1,30,1,7,,4,7,20,7,11,0,03/22/2019,17:05,2.11E+11,13883,0,0,0,3,1,0,0,0,0,96,,,,,,99,,,,,,99207,53,66,185,6,1,0,2,1,0,,0,,,,,,4,01-15-2016,02-15-2018,20,8,0,0,0,9,8,,,0,0,0,8,9,2,1,,,1,,,2,1,0.14,,,,,,,,,,,,,,,,,,,,,,,,,,,,,,0,0,0,0,1,1,0,1,0,0,0,0,1,0,0,0,0,0,0,0,0,0,0,0,0,0,0,0,1,0,0,0,0,0,1,0,0,0,0,0,0,1,0,1,0,1,0,0,0,1,0,1,,,,,,26-30,26-35,City street,U,Friday,,MC,White,0,1,0,0,City Street,Municipal/City Police,Spokane Police Department,1,0,0,1,0,,,,,,0,0,0,,,,,,,,,,,0,0,0,1,,,,,19,0,,,,,,,,,,,,,,,
2018,336,633571,39,09-12-2018,10:56,12,9,Sep,0,61,Snohomish,0,2,0,1,2,2,1,0,2,2,10:53,11:10,11:53,12,0,6,Angle,2.9,2,0,2,4 Way,7,1,2,4,0,0,20,3,CR-268TH ST NW,28TH AVE NW,-122.2697417,48.23906944,98292,0,1,89,Others,17,2,98,14,0,0,1,7,1,1,2,2,1,1,Going Straight,1,1,53,,0,54,37,2001,0,0,8,,,,,,1,1,44,2,0,,0,0,99,7,11,0,,,,,0,0,0,3,1,0,0,0,0,92,,,,,,99,,,,,,98275,53,67,172,6,1,0,0,0,0,,7,,,,,,0,,,20,0,0,0,8,9,8,,,0,0,0,8,9,8,95,,,96,,,8,95,995,,,,,,,,,,,,,,,,,,,,,,,,,,,,,,0,0,0,0,0,0,0,0,0,1,1,0,0,0,0,0,1,0,0,0,0,0,0,0,0,0,0,0,0,1,0,1,0,0,0,,0,0,0,0,0,0,0,0,1,0,0,0,0,0,0,0,,,,,,41-45,36-45,County road,U,Sunday,Unknown,PV,Not Fatal,0,0,0,0,County Road,State Patrol,Washington State Patrol,0,0,1,0,0,,,,,,0,0,0,,,,,,,,,,,98,98,98,0,,,,,20,7,,,,,,,,,,,,,,,
2017,336,632790,290,08-29-2017,15:00,29,8,Aug,0,53,Pierce,2230,1,0,1,1,2,1,0,3,3,,,,12,0,2,Front-to-Front,0,1,0,1,No intersection,4,2,4,6,0,0,0,0,CENTER ST,,-122.4981583,47.234375,98409,0,3,98,Others,50,3,35,2,0,0,1,5,12,3,3,2,1,14,Making a U turn,1,1,53,,0,37,32,1991,0,0,63,30,,,,,1,1,23,1,0,,0,0,99,7,11,0,,,,,0,0,3,3,1,91,0,0,0,93,,,,,,9,,,,,,98503,53,66,138,6,1,0,1,0,2,,1,,,,,,4,05-15-2015,08-15-2018,20,0,0,0,8,9,8,,,0,0,0,8,1,2,1,,,1,,,2,1,0.25,,,,,,,,,,,,,,,,,,,,,,,,,,,,,,0,0,0,0,1,1,0,1,0,0,0,0,1,0,0,0,1,0,0,0,0,0,0,1,1,0,0,0,0,1,0,0,0,0,0,,0,0,0,0,0,1,0,1,1,1,0,0,0,1,0,1,,,,,,21-25,16-25,City street,U,Thursday,Unknown,PV,Not Fatal,0,1,0,0,City Street,Municipal/City Police,Tumwater Police Department,1,0,0,1,0,,,,,,0,0,0,,,,,,,,,,,0,0,0,0,,,,,20,7,,,,,,,,,,,,,,,
2017,336,632789,290,08-29-2017,15:00,29,8,Aug,0,53,Pierce,2230,1,0,1,1,2,1,0,3,3,,,,12,0,2,Front-to-Front,0,1,0,1,No intersection,4,2,4,6,0,0,0,0,CENTER ST,,-122.4981583,47.234375,98409,0,2,51,Lateral Move(Going Straight),62,4,35,4,0,0,1,2,12,3,3,2,1,14,Making a U turn,1,1,53,,0,63,402,2013,0,0,8,,,,,,1,1,42,2,0,,0,0,99,7,11,0,,,,,0,0,0,3,1,0,0,0,0,92,,,,,,0,,,,,,98177,53,66,168,6,1,0,0,0,0,,0,,,,,,0,,,20,0,0,0,8,9,8,,,0,0,0,8,0,8,95,,,96,,,8,95,995,,,,,,,,,,,,,,,,,,,,,,,,,,,,,,0,0,0,0,0,0,0,0,0,1,0,1,0,0,0,0,1,1,0,0,0,0,0,0,0,0,0,0,0,1,0,1,0,0,0,,0,0,0,0,0,0,0,0,1,0,0,0,0,0,0,0,,,,,,41-45,36-45,State route,U,Monday,Unknown,PV,Not Fatal,1,0,0,0,State Route,Municipal/City Police,Edmonds Police Department,0,1,0,0,0,,,,,,0,0,0,,,,,,,,,,,98,98,98,0,,,,,20,7,,,,,,,,,,,,,,,
2017,336,632788,290,08-29-2017,15:00,29,8,Aug,0,53,Pierce,2230,1,0,1,1,2,1,0,3,3,,,,12,0,2,Front-to-Front,0,1,0,1,No intersection,4,2,4,6,0,0,0,0,CENTER ST,,-122.4981583,47.234375,98409,0,1,50,Lateral Move(Left/Right),10,2,35,4,0,0,1,5,12,2,3,2,1,14,Making a U turn,1,1,53,,0,82,881,2006,0,0,8,,,,,,1,1,46,2,0,,0,0,3,0,11,0,,,,,6,1,0,3,1,0,0,0,0,96,,,,,,0,,,,,,97055,41,65,138,6,1,0,2,0,0,,0,,,,,,0,02-15-2019,02-15-2019,20,0,0,0,8,9,2,,,0,0,0,0,0,2,1,,,1,,,2,1,0,,,,,,,,,,,,,,,,,,,,,,,,,,,,,,0,0,0,0,0,0,0,0,0,1,0,1,0,0,0,0,0,0,0,0,0,0,0,0,0,0,0,0,0,0,1,1,0,0,0,,0,0,0,0,0,0,0,0,0,0,0,0,0,0,0,0,,,,,,46-50,46-55,Interstate,U,Monday,,MHTRUCK,Not Fatal,0,0,0,0,State Route,State Patrol,Washington State Patrol,0,1,0,0,0,,,,,,0,0,0,,,,,,,,,,,98,98,98,0,,,,,20,7,,,,,,,,,,,,,,,
2020,336,635051,3,09-04-2020,23:21,4,9,Sep,,53,Pierce,1124,1,,3,1,2,1,1,2,2,23:21,23:26,,8,1,0,No vehicle,0.6,1,0,1,No intersection,3,2,1,3,0,0,0,0,SR-512,,-122.4686056,47.16041944,98447,0,1,13,Pedestrian/Animal,80,5,45,99,0,0,1,5,8,1,1,4,3,1,Going Straight,99,9,99,,0,87,884,2000,0,0,8,,,,,,1,1,44,1,0,,0,0,99,7,11,0,,,,,6,1,0,3,1,0,0,0,0,0,,,,,,0,,,,,,83501,16,67,160,6,1,0,0,0,1,,0,,,,,,0,10-15-2016,10-15-2016,20,0,0,0,8,9,8,,,0,0,0,8,0,8,95,,,96,,,8,95,995,,,,,,,,,,,,,,,,,,,,,,,,,,,,,,0,0,0,0,0,0,0,0,0,0,0,0,0,0,0,0,0,0,0,0,0,0,0,0,0,0,0,0,0,0,1,1,0,0,0,,0,0,0,0,0,0,0,0,0,0,0,0,0,0,0,0,,,,,,41-45,36-45,County road,U,Thursday,,MHTRUCK,Not Fatal,0,0,0,0,County Road,County Sheriff,Whitman County Sheriff's Office,0,0,1,0,0,,,,,,0,0,0,,,,,,,,,,,98,98,98,0,,,,,20,7,,,,,,,,,,,,,,,
2017,337,632791,1,08-24-2017,16:12,24,8,Aug,0,21,Franklin,1660,1,0,1,1,2,1,0,5,3,,,,12,0,1,Front-to-Rear,13.8,1,0,1,No intersection,1,2,1,1,0,0,0,0,I-82,,-119.0943083,46.24978333,99301,0,1,28,Others,52,3,60,4,0,0,1,2,12,1,1,2,3,1,Going Straight,3,1,6,,0,7,442,2005,0,0,12,1,63,30,,,1,1,49,2,0,,3,0,99,7,11,8,,,,,0,0,0,3,1,0,0,0,0,96,,,,,,99,,,,,,98148,53,62,169,6,1,0,4,0,5,,0,,,,,,0,08-15-2014,10-15-2017,20,9,0,0,8,9,8,,,0,0,0,8,9,8,95,,,96,,,8,95,995,,,,,,,,,,,,,,,,,,,,,,,,,,,,,,0,0,0,1,1,1,1,1,1,0,0,0,1,0,0,0,0,0,0,0,0,1,1,0,1,0,0,0,0,1,0,0,0,0,0,,0,0,0,0,0,0,0,0,0,0,0,0,0,0,0,0,,,,,,46-50,46-55,County road,U,Saturday,Unknown,PV,Not Fatal,1,0,0,0,County Road,County Sheriff,Snohomish County Sheriff's Office,0,0,1,0,0,,,,,,0,0,3,,,,,,,,,,,98,98,98,0,,,,,20,7,,,,,,,,,,,,,,,
2021,337,635874,127,09-02-2021,18:47,2,9,Sep,,33,King,735,1,,1,1,1,1,0,2,2,,,,12,0,6,Angle,0,2,0,3,T Intersection,4,2,4,6,0,0,0,0,SW 320TH ST,43rd Pl SW,-122.3882,47.31517778,98023,0,2,69,Initial Opposite Direction(Going Straight),62,4,35,2,0,0,1,2,12,1,1,5,5,1,Going Straight,1,1,53,,0,32,43,2008,0,0,12,63,42,,,,1,1,19,1,0,,0,0,99,7,11,0,,,,,0,0,0,3,1,26,0,0,0,96,,,,,,9,,,,,,98258,53,67,155,6,1,0,1,0,4,,1,,,,,,4,05-15-2017,09-15-2018,1,0,0,0,8,9,8,,,0,0,0,8,1,2,605,,,1,,,2,1,0.11,,,,,,,,,,,,,,,,,,,,,,,,,,,,,,0,0,0,1,1,1,1,1,1,0,0,0,1,0,0,0,0,0,0,0,0,1,1,0,1,0,0,0,0,1,0,0,0,0,0,,0,0,0,0,0,1,1,1,0,1,0,0,0,0,0,1,,,,,,18-20,16-25,County road,U,Saturday,Unknown,PV,Not Fatal,1,0,0,0,County Road,County Sheriff,Snohomish County Sheriff's Office,0,0,1,0,0,thc,2.6,,,,0,0,0,,,,,,,,,,,98,98,98,0,,,,,20,7,,,,,,,,,,,,,,,
2021,337,635873,127,09-02-2021,18:47,2,9,Sep,,33,King,735,1,,1,1,1,1,0,2,2,,,,12,0,6,Angle,0,2,0,3,T Intersection,4,2,4,6,0,0,0,0,SW 320TH ST,43rd Pl SW,-122.3882,47.31517778,98023,0,1,68,Initial Opposite Direction(Left/Right),15,2,35,61,0,0,1,5,12,1,1,5,5,11,Turning Red: Permitted on red,1,3,53,,0,63,34,2008,0,0,8,,,,,,1,1,52,2,0,,0,0,3,0,11,0,,,,,0,0,0,3,1,0,0,0,0,96,,,,,,0,,,,,,98273,53,59,135,6,1,0,0,0,0,,0,,,,,,0,,,20,0,0,0,8,9,8,,,0,0,0,8,9,2,1,,,1,,,2,1,0,,,,,,,,,,,,,,,,,,,,,,,,,,,,,,0,0,0,0,0,0,0,0,0,1,1,1,0,0,0,0,0,0,0,0,0,0,0,0,0,0,0,0,0,1,0,1,0,0,0,,0,0,0,0,0,0,0,0,0,0,0,0,0,0,0,0,,,,,,51-55,46-55,City street,U,Wednesday,Belt Used,PV,Not Fatal,0,0,0,0,City Street,State Patrol,Washington State Patrol,0,0,0,1,0,,,,,,0,0,0,,,,,,,,,,,98,98,98,0,,,,,20,7,,,,,,,,,,,,,,,
2020,337,635053,173,09-06-2020,21:19,6,9,Sep,,53,Pierce,1124,1,,3,1,2,1,0,1,1,,,,30,0,0,No vehicle,0,1,0,1,No intersection,3,2,4,6,0,0,0,0,WASHINGTON BLVD SW,,-122.5639917,47.14854167,98498,0,1,1,Driver Off Road,13,2,35,3,0,0,1,2,30,3,1,3,1,14,Making a U turn,1,1,53,,0,37,31,2012,0,0,54,,,,,,1,1,52,8,0,,0,0,3,0,11,0,,,,,0,0,0,3,1,0,0,0,0,96,,,,,,0,,,,,,98531,53,61,170,6,1,0,0,1,0,,0,,,,,,0,05-15-2015,05-15-2015,20,0,0,0,8,9,8,,,0,0,0,8,0,8,95,,,96,,,8,95,995,,,,,,,,,,,,,,,,,,,,,,,,,,,,,,0,0,0,0,0,0,1,1,1,0,0,0,0,1,0,0,0,0,0,0,0,0,0,1,1,0,0,0,0,1,0,0,0,0,0,,0,0,0,0,0,0,0,0,0,0,0,0,0,0,0,0,,,,,,51-55,46-55,US highway,R,Friday,Belt Used,PV,Not Fatal,0,1,1,0,State Route,State Patrol,Washington State Patrol,0,1,0,0,0,,,,,,0,0,0,,,,,,,,,,,98,98,98,0,,,,,20,7,,,,,,,,,,,,,,,
2019,337,634354,18,07-21-2019,18:15,21,7,July,,19,Ferry,0,1,0,1,11,4,1,0,3,1,,,,1,0,0,No vehicle,0.4,1,0,1,No intersection,7,2,2,4,0,0,0,0,CR-FISH HATCHERY RD,,-118.6560194,48.67808056,,0,1,6,Drive off road,12,2,98,96,0,0,1,5,1,2,8,2,1,14,Making a U turn,3,1,53,,0,20,2,2001,0,0,12,,,,,,1,1,23,1,0,,0,0,3,0,11,0,,,,,0,0,0,3,1,0,0,0,0,96,,,,,,0,,,,,,98579,53,69,200,6,1,0,0,0,0,,0,,,,,,0,,,20,0,0,0,8,9,8,,,0,0,0,8,0,8,95,,,96,,,8,95,995,,,,,,,,,,,,,,,,,,,,,,,,,,,,,,0,0,0,0,0,0,1,1,1,0,0,0,0,1,0,0,0,0,0,0,0,0,0,1,1,0,0,0,0,1,0,0,0,0,0,,0,0,0,0,0,0,0,0,0,0,0,0,0,0,0,0,,,,,,21-25,16-25,US highway,R,Friday,Belt Used,PV,Not Fatal,0,1,1,0,State Route,State Patrol,Washington State Patrol,0,1,0,0,0,,,,,,0,0,0,,,,,,,,,,,98,98,98,0,,,,,20,7,,,,,,,,,,,,,,,
2018,337,633576,222,07-20-2018,22:09,20,7,July,0,67,Thurston,1590,1,0,3,1,5,1,0,1,1,,,,42,0,0,No vehicle,0,3,0,3,T Intersection,7,2,4,6,0,0,0,0,NORTH ST SE,CAIN RD SE,-122.8732083,47.01653611,98501,0,1,14,Others,14,2,98,14,0,0,1,7,42,8,8,2,1,1,Going Straight,1,1,53,,0,12,481,2002,0,0,12,,,,,,1,1,29,1,0,,0,0,3,0,11,0,,,,,0,0,0,3,1,0,0,0,0,96,,,,,,0,,,,,,98568,53,77,215,6,1,0,2,1,3,,0,,,,,,0,03-15-2014,05-15-2017,1,0,0,0,8,9,8,,,0,0,0,8,0,8,95,,,96,,,8,95,995,,,,,,,,,,,,,,,,,,,,,,,,,,,,,,0,0,0,0,0,0,1,1,1,0,0,0,0,1,0,0,0,0,0,0,0,0,0,1,1,0,0,0,0,1,0,0,0,0,0,,0,0,0,0,0,0,0,0,0,0,0,0,0,0,0,0,,,,,,26-30,26-35,US highway,R,Friday,Belt Used,PV,Not Fatal,0,1,1,0,State Route,State Patrol,Washington State Patrol,0,1,0,0,0,,,,,,0,0,0,,,,,,,,,,,98,98,98,0,,,,,20,7,,,,,,,,,,,,,,,