year,something,Cases,repjur,crash_dt,crash_tm,accday,Month,Month,holiday,county,co_char,city,weather,weather2,lightcond,surfcond,surftype,Number of Fatalities,nmforms,pforms,vforms,not_tm,arr_tm,hosp_tm,fhevent,hitrun,Manner of Collision,Manner of Collision,milepnt,reljunc,reljuncinter,intersectiontype,Intersection Type,funcsystem,landuse,ownership,route,schlbus,spejur,contdev,devfunc,trafid1,trafid2,x,y,zipcode,wk_zone,vnumber,crashtype,Crash Type,criticalevent,criticaleventcat,spdlim,body,trailer,emerg,hazcargo,leave,mhevent,roadalgn,roadprof,traflane,trafflow,Vehicle Manure,Vehicle Manure,numoccs,regowner,regstate,,spuse,make,model,modelyr,vrf1,vrf2,seqevent1,seqevent2,seqevent3,seqevent4,seqevent5,seqevent6,pnumber,ptype,age,sex,hispanic,race,injury,diedscene,restraint,restraintmisuse,seatpos,takehosp,death_dt,death_tm,cert,cernum_wa,commlic,licendor,licrestrict,liccomp,drivpres,drf1,drf2,drf3,drf4,distract1,distract2,distract3,distract4,distract5,distract6,dricond1,dricond2,dricond3,dricond4,dricond5,dricond6,dzip,licstate,drhgt_in,weight,noncdl,noncdltype,prevdwi,prevoth,prevacc,prevspd,prevsus,driviol1,driviol2,driviol3,driviol4,driviol5,driviol6,spdrel,first_dt,last_dt,airbag,ejection,ejectpath,extricat,injurwrk,methalc,methdrug,nmlocat,strikveh,prf1,prf2,prf3,druginv,alcinvol,drugsts,drugres1,drugres2,drugres3,drugtst1,drugtst2,drugtst3,alcsts,alctst,alcres,nmact1,nmact2,nmact3,nmact4,nmact5,nmact6,nmprior1,nmprior2,nmprior3,nmprior4,nmprior5,nmprior6,nmcond1,nmcond2,nmcond3,nmcond4,nmcond5,nmcond6,nmsafe_helmet,nmsafe_pads,nmsafe_oth,nmprev_ref,nmprev_lgt,nmprev_oth,crashlocation,nmcrashtype,crosswalk,schoolzone,sidewalk,train_inv,wildlife_inv,rotr_fars,intersect_fars,Drink and Drive,aid_inv,Drug Positive Drivers,Impaired Drivers,Marijuana Positive,impnm_inv,ainm_inv,dpnm_inv,speed_inv,unlic_inv,unendmc_inv,drowsy_inv,drdist_inv,nmdist_inv,fty_inv,unrestfat_inv,dr1617_inv,dr1820_inv,dr1620_inv,dr2125_inv,dr1625_inv,dr65_inv,dr70_inv,dr75_inv,mc_inv,pv_inv,ht_inv,ped_inv,bike_inv,unrest_fat,mc_fat,unhelmet_mc,pv_fat,ht_fat,ped_fat,bike_fat,dr_alc7,dr_alc8,dr_drug,dr_imp,dr_dist,dr_spd,dr_fty,dr_unlic,dr_alc7only,dr_alc8only,dr_drugonly,dr_drink,nm_imp,nm_alc7,nm_alc8,nm_drug,nm_dist,agegrp1,agegrp2,roadclass,urbrur,dayweek,restuse,vehtype,race_me,intersect,lanedep,oppdir,wrongway,rep_typ,investag,repag_long,rotr,st_rd,cty_rd,city_rd,oth_rd,drug_thc,thc_res,drug_cthc,cthc_res,drug_cann,prevpersemin,prevperse,prevsusoth,drugtst4,drugtst5,drugtst6,drugtst7,drugtst8,drugres4,drugres5,drugres6,drugres7,drugres8,adspresent,adsengaged,adslevel,race1,race2,race3,race4,race5,helmet,helmetmisuse,nmdistract1,nmdistract2,nmdistract3,nmdistract4,nmdistract5,nmdistract6,lab,isedtcase,crf1,crf2,crf3,CoRoadName,CoMP,IntCoRoadName,IntCoMP
2017,342,632798,46,08-20-2017,00:24,20,8,Aug,0,75,Whitman,0,1,0,2,1,2,1,0,2,1,,,,5,0,0,No vehicle,23.6,1,0,1,No intersection,5,1,2,4,0,0,0,0,CR-WAWAWAI RD,,-117.2481361,46.54096944,,0,1,0,Others,98,7,98,34,0,0,1,5,5,1,1,2,1,1,Going Straight,2,1,53,,0,87,881,1997,0,0,12,,,,,,1,1,64,1,0,,0,0,3,0,11,0,,,,,6,1,3,3,1,0,0,0,0,96,,,,,,0,,,,,,99114,53,72,290,6,1,0,2,1,1,,0,,,,,,0,08-15-2015,11-15-2018,20,0,0,0,8,9,8,,,0,0,0,8,0,8,95,,,96,,,8,95,995,,,,,,,,,,,,,,,,,,,,,,,,,,,,,,0,0,0,0,0,0,1,1,1,0,0,0,1,0,0,0,0,0,0,0,0,0,0,0,0,0,0,0,0,1,1,0,0,0,0,,0,0,0,0,0,0,0,0,0,0,0,0,0,0,0,0,,,,,,61-65,56-65,State route,R,Wednesday,,MHTRUCK,Not Fatal,0,1,1,0,State Route,State Patrol,Washington State Patrol,0,1,0,0,0,,,,,,0,0,0,,,,,,,,,,,0,0,0,0,,,,,20,7,,,,,,,,,,,,,,,
2017,343,632730,40,08-08-2017,07:23,8,8,Aug,0,63,Spokane,0,1,0,1,1,1,1,0,2,2,07:33,07:49,07:58,12,0,6,Angle,0.5,2,0,4,Y Intersection,3,2,1,2,0,0,3,3,US-395 LX16569S,CR-E FARWELL RD,-117.3704778,47.77285556,99021,0,1,79,Others,17,2,35,80,0,0,1,2,12,1,4,2,2,1,Going Straight,1,2,16,,0,18,405,2017,0,0,68,12,,,,,1,1,62,1,7,,4,0,3,0,11,4,02/27/2019,14:02,2.11E+11,9637,0,0,0,3,1,28,87,0,0,96,,,,,,0,,,,,,97030,41,74,250,6,1,0,0,1,1,,0,,,,,,4,08-15-2015,12-15-2015,8,0,0,0,1,9,8,,,0,0,0,8,0,2,605,695,996,1,1,1,2,1,0,,,,,,,,,,,,,,,,,,,,,,,,,,,,,,0,0,0,0,0,0,1,1,1,0,0,0,1,0,0,0,0,0,0,0,0,0,0,0,0,0,0,0,0,1,1,0,0,0,0,,1,0,0,0,0,0,1,1,0,1,0,0,0,0,1,0,,,,,,61-65,56-65,State route,R,Wednesday,Belt Used,PV,AIAN,0,1,1,0,State Route,State Patrol,Washington State Patrol,0,1,0,0,0,thc,71,carboxy-thc,888,,0,0,0,,,,,,,,,,,98,98,98,3,,,,,20,7,,,,,,,,,,,,,,,
2021,343,635882,330,08-31-2021,22:16,31,8,Aug,,77,Yakima,2590,1,,3,1,2,3,0,6,2,,,,12,0,6,Angle,0,2,0,2,4 Way,5,2,4,6,0,0,3,3,W NOB HILL BLVD,S 48th Ave,-120.5722722,46.58534167,98908,0,2,87,Others,66,4,35,4,0,0,1,2,12,1,1,5,1,1,Going Straight,4,2,53,,0,7,20,2004,0,0,63,10,,,,,1,1,31,8,7,1,4,7,3,0,11,0,09/25/2018,02:28,1.28E+11,42363,0,0,3,3,1,0,0,0,0,92,,,,,,0,,,,,,98271,53,69,190,6,1,0,1,1,1,,0,,,,,,0,03-15-2014,07-15-2018,1,0,0,0,0,9,8,,,0,0,0,8,0,2,605,695,,1,1,,2,1,0,,,,,,,,,,,,,,,,,,,,,,,,,,,,,,1,0,1,0,0,0,1,1,1,0,0,0,0,0,0,0,1,0,0,0,0,0,0,0,0,0,0,0,0,1,0,0,0,0,0,,1,0,0,0,0,0,1,1,1,0,0,0,0,0,1,0,,,,,,31-35,26-35,City street,U,Tuesday,Belt Used,PV,White,0,0,0,0,City Street,Municipal/City Police,Marysville Police Department,0,0,0,1,0,thc,10,carboxy-thc,51,,0,0,0,,,,,,,,,,,,,,,,,,,,,,,,,,,,,,,,,,,
2021,343,635881,330,08-31-2021,22:16,31,8,Aug,,77,Yakima,2590,1,,3,1,2,3,0,6,2,,,,12,0,6,Angle,0,2,0,2,4 Way,5,2,4,6,0,0,3,3,W NOB HILL BLVD,S 48th Ave,-120.5722722,46.58534167,98908,0,1,86,Others,17,2,35,3,0,0,1,2,12,1,1,3,1,1,Going Straight,2,2,53,,0,7,482,2016,0,0,12,1,,,,,1,1,32,1,0,,2,0,3,0,11,8,,,,,0,0,0,3,1,0,0,0,0,96,,,,,,0,,,,,,98951,53,71,190,6,1,0,0,0,0,,0,,,,,,0,,,8,0,0,0,8,9,8,,,0,0,0,8,0,8,95,,,96,,,8,95,995,,,,,,,,,,,,,,,,,,,,,,,,,,,,,,0,0,0,1,0,0,1,1,1,0,0,0,0,1,0,0,0,0,0,1,0,0,0,1,1,0,0,0,0,1,0,0,0,0,0,,0,0,0,0,0,0,0,0,0,0,0,0,0,0,0,0,,,,,,31-35,26-35,County road,R,Saturday,Belt Used,PV,Not Fatal,1,0,0,0,County Road,County Sheriff,Yakima County Sheriff's Office,0,0,1,0,0,,,,,,0,0,0,,,,,,,,,,,98,98,98,0,,,,,20,7,,,,,,,,,,,,,,,
2020,343,635062,2,09-05-2020,00:35,5,9,Sep,,61,Snohomish,1407,1,,3,1,2,1,0,1,1,,,,24,0,0,No vehicle,179.4,1,0,1,No intersection,1,2,1,1,0,0,0,0,I-5,,-122.3137139,47.80093056,98043,0,1,6,Drive off road,12,2,60,80,0,0,1,2,24,2,1,4,3,14,Making a U turn,1,2,53,,0,20,2,2001,0,0,12,,,,,,1,1,25,1,1,,4,7,20,7,11,0,02/23/2019,15:45,53009006,9006,0,0,0,0,1,39,0,0,0,96,,,,,,99,,,,,,98952,53,65,140,0,0,0,0,0,0,,0,,,,,,0,,,8,0,0,0,0,9,8,,,0,0,0,8,9,2,695,605,,1,1,,2,1,0,,,,,,,,,,,,,,,,,,,,,,,,,,,,,,0,0,0,1,0,0,1,1,1,0,0,0,0,1,0,0,0,0,0,1,0,0,0,1,1,0,0,0,0,1,0,0,0,1,0,,1,0,0,0,0,0,1,1,0,0,0,1,0,0,1,0,,,,,,21-25,16-25,County road,R,Saturday,Not Used,PV,Hispanic,1,0,0,0,County Road,County Sheriff,Yakima County Sheriff's Office,0,0,1,0,0,thc,11,carboxy-thc,98,,0,0,0,,,,,,,,,,,98,98,98,1,,,,,20,7,,,,,,,,,,,,,,,
2019,343,634367,14,09-15-2019,15:53,15,9,Sep,,11,Clark,0,2,0,1,2,2,1,0,2,2,,,,12,0,2,Front-to-Front,5.5,1,0,1,No intersection,5,1,2,4,0,0,0,0,CR-NE CEDAR CREEK RD,,-122.6454861,45.92420278,98674,0,2,50,Lateral Move(Left/Right),10,2,98,4,0,0,1,5,12,2,1,2,1,14,Making a U turn,1,2,53,,0,82,881,2015,0,0,12,63,1,,,,1,1,29,1,0,,0,0,3,0,11,0,,,,,6,1,0,3,1,0,0,0,0,96,,,,,,0,,,,,,98682,53,76,200,6,1,0,0,1,2,,0,,,,,,0,03-15-2014,06-15-2016,99,0,0,0,8,9,8,,,0,0,0,8,0,8,95,,,96,,,8,95,995,,,,,,,,,,,,,,,,,,,,,,,,,,,,,,0,0,0,0,0,0,0,0,0,0,0,0,1,0,0,0,0,0,0,0,0,0,0,0,0,0,0,0,0,1,1,0,0,0,0,,0,0,0,0,0,0,0,0,0,0,0,0,0,0,0,0,,,,,,26-30,26-35,State route,R,Wednesday,,MHTRUCK,Not Fatal,0,1,1,0,State Route,State Patrol,Washington State Patrol,0,1,0,0,0,,,,,,0,0,0,,,,,,,,,,,98,98,98,0,,,,,20,7,,,,,,,,,,,,,,,
2019,343,634366,14,09-15-2019,15:53,15,9,Sep,,11,Clark,0,2,0,1,2,2,1,0,2,2,,,,12,0,2,Front-to-Front,5.5,1,0,1,No intersection,5,1,2,4,0,0,0,0,CR-NE CEDAR CREEK RD,,-122.6454861,45.92420278,98674,0,1,51,Lateral Move(Going Straight),62,4,50,67,1,0,1,5,12,3,1,2,1,14,Making a U turn,1,1,53,,0,48,403,2019,0,0,12,63,1,,,,1,1,29,2,7,,4,7,3,0,11,0,02/27/2019,09:58,2.43E+11,10223,0,0,3,3,1,87,0,0,0,96,,,,,,99,,,,,,98851,53,66,170,6,1,0,0,0,0,,0,,,,,,4,,,8,0,0,0,0,9,8,,,0,0,0,8,0,2,1,,,1,,,2,1,0,,,,,,,,,,,,,,,,,,,,,,,,,,,,,,0,0,0,0,0,0,0,0,0,0,0,0,1,0,0,0,0,0,0,0,0,0,0,0,0,0,0,0,0,1,1,0,0,0,0,,1,0,0,0,0,0,0,0,0,1,0,0,0,0,0,0,,,,,,26-30,26-35,State route,R,Wednesday,Belt Used,PV,White,0,1,1,0,State Route,State Patrol,Washington State Patrol,0,1,0,0,0,,,,,,0,0,0,,,,,,,,,,,98,98,98,1,,,,,20,7,,,,,,,,,,,,,,,
2018,343,633588,7,04-01-2018,19:20,1,4,April,0,33,King,0,4,0,2,10,2,1,0,4,1,,,,24,0,0,No vehicle,29.9,1,0,1,No intersection,1,2,1,1,0,0,0,0,I-90,,-121.7806083,47.47386944,,0,1,7,Control/Traction Loss,6,1,70,4,0,0,1,7,24,1,1,3,3,1,Going Straight,4,2,53,,0,37,31,2001,0,0,8,,,,,,1,1,58,1,0,,0,0,3,0,11,0,,,,,0,0,0,3,1,0,0,0,0,0,,,,,,0,,,,,,98058,53,71,184,6,1,0,0,0,0,,0,,,,,,0,,,20,0,0,0,8,9,8,,,0,0,0,8,0,8,95,,,96,,,8,95,995,,,,,,,,,,,,,,,,,,,,,,,,,,,,,,0,0,0,1,0,0,0,0,0,0,0,0,0,0,0,0,0,0,0,0,0,0,0,0,0,0,0,0,0,1,0,1,0,0,0,,0,0,0,0,0,0,0,0,0,0,0,0,0,0,0,0,,,,,,56-60,56-65,State route,U,Friday,Belt Used,PV,Not Fatal,1,0,0,0,State Route,Municipal/City Police,Maple Valley Police Dept,0,1,0,0,0,,,,,,0,0,0,,,,,,,,,,,98,98,98,0,,,,,20,7,,,,,,,,,,,,,,,
2017,343,632731,40,08-08-2017,07:23,8,8,Aug,0,63,Spokane,0,1,0,1,1,1,1,0,2,2,07:33,07:49,07:58,12,0,6,Angle,0.5,2,0,4,Y Intersection,3,2,1,2,0,0,21,3,US-395 LX16569S,CR-E FARWELL RD,-117.3704778,47.77285556,99021,0,2,78,Others,16,2,35,1,0,0,1,2,12,2,8,1,6,10,Others,1,1,53,,0,37,441,2014,0,0,8,,,,,,1,1,43,2,0,,0,0,3,0,11,0,,,,,0,0,3,3,1,0,0,0,0,0,,,,,,0,,,,,,98038,53,68,140,6,1,0,0,0,0,,0,,,,,,0,,,20,0,0,0,8,9,8,,,0,0,0,8,0,8,95,,,96,,,8,95,995,,,,,,,,,,,,,,,,,,,,,,,,,,,,,,0,0,0,1,0,0,0,0,0,0,0,0,0,0,0,0,0,0,0,0,0,0,0,0,0,0,0,0,0,1,0,1,0,0,0,,0,0,0,0,0,0,0,0,0,0,0,0,0,0,0,0,,,,,,41-45,36-45,State route,U,Friday,Belt Used,PV,Not Fatal,1,0,0,0,State Route,Municipal/City Police,Maple Valley Police Dept,0,1,0,0,0,,,,,,0,0,0,,,,,,,,,,,98,98,98,0,,,,,20,7,,,,,,,,,,,,,,,
2021,344,635883,48,09-08-2021,02:13,8,9,Sep,,63,Spokane,22,1,,6,1,2,1,0,1,1,,,,35,0,0,No vehicle,0,1,0,1,No intersection,4,2,4,6,0,0,0,0,S HAYFORD RD,,-117.5607917,47.62936944,99224,0,1,6,Drive off road,11,2,45,14,0,0,1,5,1,1,1,2,1,1,Going Straight,1,1,53,,0,7,482,1999,0,0,63,69,63,1,42,,1,1,33,8,7,,4,7,20,7,11,0,01/27/2019,08:17,53004780,4780,0,0,0,3,1,0,0,0,0,93,,,,,,99,,,,,,98675,53,70,200,6,1,0,0,0,1,,0,,,,,,3,04-15-2017,06-15-2017,20,0,0,1,0,9,8,,,0,0,0,8,9,2,996,401,417,1,1,1,2,1,0,,,,,,,,,,,,,,,,,,,,,,,,,,,,,,0,0,0,0,0,0,1,1,0,0,0,0,1,0,0,0,1,0,0,1,0,0,0,0,0,0,0,0,0,1,0,0,0,1,0,,1,0,0,0,0,0,1,1,1,1,0,0,0,0,1,0,,,,,,31-35,26-35,County road,R,Sunday,Not Used,PV,White,0,1,0,0,County Road,County Sheriff,Clark County Sheriff's Office,1,0,1,0,0,,,,,,0,0,1,,,,,,,,,,,0,0,0,1,,,,,20,7,,,,,,,,,,,,,,,
2020,344,635063,6,09-04-2020,19:43,4,9,Sep,,47,Okanogan,0,1,,2,1,2,1,0,2,1,,,,11,0,0,No vehicle,205.8,1,0,1,No intersection,4,1,1,3,0,0,0,0,SR-20,,-120.0388917,48.35467778,,0,1,13,Pedestrian/Animal,87,6,60,82,0,0,1,2,11,1,1,2,1,1,Going Straight,2,1,53,,0,48,401,2003,0,0,68,64,1,42,,,1,1,21,2,7,,4,7,3,0,11,0,02/20/2019,08:20,53008244,8244,0,0,0,3,1,0,0,0,0,96,,,,,,99,,,,,,94583,6,68,175,6,1,0,0,0,0,,0,,,,,,4,,,20,0,0,0,0,1,8,,,0,0,0,8,1,2,1,,,1,,,2,1,0,,,,,,,,,,,,,,,,,,,,,,,,,,,,,,0,0,0,0,1,0,0,0,0,0,0,0,1,0,0,0,0,0,0,0,0,0,0,1,1,0,0,0,0,1,0,0,0,0,0,,1,0,0,0,0,0,0,0,0,1,0,0,0,0,0,1,,,,,,21-25,16-25,State route,R,Wednesday,Belt Used,PV,Oth/Unk,0,1,0,0,State Route,State Patrol,Washington State Patrol,1,1,0,0,0,,,,,,0,0,0,,,,,,,,,,,98,98,98,98,,,,,20,7,,,,,,,,,,,,,,,
2018,344,633591,305,09-30-2018,15:57,30,9,Sep,0,11,Clark,2370,10,0,1,1,2,1,1,1,1,16:10,16:11,,8,0,0,No vehicle,0,3,0,2,4 Way,7,2,4,6,0,0,0,0,E MILL PLAIN BLVD,N MORRISON RD,-122.59545,45.62534722,98664,0,1,13,Pedestrian/Animal,80,5,35,5,0,0,1,5,8,1,1,5,1,1,Going Straight,1,2,53,,0,12,481,2008,0,0,68,64,32,35,1,,1,1,73,1,7,,4,7,3,0,11,0,02/26/2019,17:20,53009732,9732,0,0,3,3,1,0,0,0,0,92,,,,,,99,,,,,,98532,53,68,203,6,1,0,1,1,0,,0,,,,,,0,01-15-2018,01-15-2018,20,0,0,0,0,9,8,,,0,0,0,8,9,2,1,,,1,,,2,1,0.19,,,,,,,,,,,,,,,,,,,,,,,,,,,,,,0,0,1,0,1,1,0,1,0,0,0,0,0,0,0,0,1,0,0,0,0,0,0,0,0,1,1,0,0,1,0,0,0,0,0,,1,0,0,0,0,1,0,1,1,0,0,0,0,1,0,1,,,,,,71-75,66-75,County road,R,Tuesday,Belt Used,PV,White,0,1,0,0,County Road,County Sheriff,Lewis County Sheriff's Office,1,0,1,0,0,,,,,,0,0,0,,,,,,,,,,,98,98,98,1,,,,,20,7,,,,,,,,,,,,,,,
2017,344,632803,3,08-06-2017,18:29,6,8,Aug,0,53,Pierce,0,1,0,1,1,2,1,0,5,2,18:26,18:46,19:20,12,0,2,Front-to-Front,14.8,1,0,1,No intersection,3,2,1,3,0,0,0,0,SR-302,,-122.6523167,47.37719167,,0,2,51,Lateral Move(Going Straight),62,4,40,14,0,0,1,5,12,2,2,2,1,14,Making a U turn,2,1,53,,0,12,481,2017,0,0,8,,,,,,1,1,37,1,0,,0,0,3,0,11,0,,,,,0,0,3,3,1,39,91,0,0,96,,,,,,9,,,,,,98188,53,74,250,6,1,0,0,0,0,,1,,,,,,0,,,20,0,0,0,8,9,8,,,0,0,0,8,1,2,1,,,1,,,2,1,0.31,,,,,,,,,,,,,,,,,,,,,,,,,,,,,,0,0,0,1,1,1,0,1,0,1,0,1,0,0,0,0,0,0,0,0,0,0,0,0,0,0,0,0,0,1,0,1,0,0,0,,0,0,0,0,0,1,0,1,0,0,0,0,0,1,0,1,,,,,,36-40,36-45,State route,U,Sunday,Belt Used,PV,Not Fatal,1,0,0,0,State Route,Municipal/City Police,Kent Police Department,0,1,0,0,0,,,,,,0,0,0,,,,,,,,,,,98,98,98,0,,,,,20,7,,,,,,,,,,,,,,,
2017,344,632802,3,08-06-2017,18:29,6,8,Aug,0,53,Pierce,0,1,0,1,1,2,1,0,5,2,18:26,18:46,19:20,12,0,2,Front-to-Front,14.8,1,0,1,No intersection,3,2,1,3,0,0,0,0,SR-302,,-122.6523167,47.37719167,,0,1,50,Lateral Move(Left/Right),10,2,40,2,0,0,1,2,12,3,2,2,1,14,Making a U turn,3,2,53,,0,20,24,2011,0,0,12,,,,,,1,1,36,2,0,,3,0,3,0,11,8,,,,,0,0,0,3,1,0,0,0,0,96,,,,,,0,,,,,,98942,53,68,140,6,1,0,1,1,0,,0,,,,,,0,03-15-2015,03-15-2015,8,0,0,0,8,9,8,,,0,0,0,8,0,8,95,,,96,,,8,95,995,,,,,,,,,,,,,,,,,,,,,,,,,,,,,,0,0,0,0,0,0,0,0,0,0,0,0,0,0,0,0,0,0,0,0,0,0,0,0,0,0,0,0,0,1,0,0,0,0,0,,0,0,0,0,0,0,0,0,0,0,0,0,0,0,0,0,,,,,,36-40,36-45,US highway,R,Saturday,Belt Used,PV,Not Fatal,0,1,1,0,State Route,State Patrol,Washington State Patrol,0,1,0,0,0,,,,,,0,0,0,,,,,,,,,,,98,98,98,0,,,,,20,7,,,,,,,,,,,,,,,
2021,345,635884,146,09-03-2021,06:54,3,9,Sep,,77,Yakima,0,1,,1,1,2,1,0,4,1,,,,1,0,0,No vehicle,2.4,1,0,1,No intersection,5,1,2,4,0,0,0,0,CR-GLADE RD,,-120.0006861,46.17624722,98935,0,1,2,Control/Traction Loss,13,2,50,4,0,0,1,2,1,3,2,2,1,14,Making a U turn,4,2,53,,0,12,402,2017,0,0,68,12,,,,,1,1,39,2,7,,4,7,3,0,11,0,02/23/2019,14:01,53009588,9588,0,0,0,3,1,28,0,0,0,96,,,,,,9,,,,,,98002,53,63,155,6,1,0,0,0,1,,0,,,,,,0,08-15-2014,08-15-2014,99,0,0,0,0,9,8,,,0,0,0,1,0,8,95,,,96,,,8,95,995,,,,,,,,,,,,,,,,,,,,,,,,,,,,,,0,0,0,0,0,0,0,0,0,0,0,0,0,0,0,0,0,0,0,0,0,0,0,0,0,0,0,0,0,1,0,0,0,0,0,,1,0,0,0,0,0,0,0,0,0,0,0,0,0,0,0,,,,,,36-40,36-45,US highway,R,Saturday,Belt Used,PV,White,0,1,1,0,State Route,State Patrol,Washington State Patrol,0,1,0,0,0,,,,,,0,0,0,,,,,,,,,,,98,98,98,1,,,,,20,7,,,,,,,,,,,,,,,
2020,345,635065,21,09-05-2020,19:20,5,9,Sep,,25,Grant,0,1,,1,1,4,2,0,2,2,19:29,19:51,,12,0,2,Front-to-Front,3.2,1,0,1,No intersection,7,1,2,4,0,0,0,0,CR-SAND DUNES RD SE,,-119.3003306,47.06604444,,0,2,51,Lateral Move(Going Straight),62,4,35,80,0,0,1,5,12,3,1,2,1,14,Making a U turn,1,1,53,,0,48,38,2007,0,0,12,,,,,,1,1,34,1,0,,0,0,3,0,11,0,,,,,0,0,0,3,1,0,0,0,0,96,,,,,,0,,,,,,98374,53,67,142,6,1,0,0,0,0,,0,,,,,,0,,,1,0,0,0,8,9,8,,,0,0,0,8,0,8,95,,,96,,,8,95,995,,,,,,,,,,,,,,,,,,,,,,,,,,,,,,0,0,0,0,1,1,1,1,1,0,0,0,0,1,0,0,1,0,0,0,0,0,0,0,0,0,0,0,0,1,0,0,0,0,0,,0,0,0,0,0,0,0,0,0,0,0,0,0,0,0,0,,,,,,31-35,26-35,City street,U,Friday,Belt Used,PV,Not Fatal,0,1,1,0,City Street,Municipal/City Police,Renton Police Department,0,0,0,1,0,,,,,,0,0,0,,,,,,,,,,,98,98,98,0,,,,,20,7,,,,,,,,,,,,,,,
2019,345,634368,8,09-22-2019,05:56,22,9,Sep,,27,Grays Harbor,0,2,0,4,2,2,1,0,1,1,,,,42,0,0,No vehicle,4.8,1,0,1,No intersection,3,1,1,3,0,0,0,0,SR-8,,-123.3104944,47.04732778,98557,0,1,1,Driver Off Road,13,2,60,3,0,0,1,2,42,3,1,2,3,14,Making a U turn,1,2,53,,0,20,421,2003,0,0,12,12,,,,,1,1,59,1,0,,3,0,3,0,11,5,,,,,0,0,3,3,1,0,0,0,0,96,,,,,,0,,,,,,98168,53,73,200,6,1,0,0,0,0,,0,,,,,,0,,,1,0,0,0,8,9,8,,,0,0,0,8,0,8,95,,,96,,,8,95,995,,,,,,,,,,,,,,,,,,,,,,,,,,,,,,0,0,0,0,1,1,1,1,1,0,0,0,0,1,0,0,1,0,0,0,0,0,0,0,0,0,0,0,0,1,0,0,0,0,0,,0,0,0,0,0,0,0,0,0,0,0,0,0,0,0,0,,,,,,56-60,56-65,City street,U,Friday,Belt Used,PV,Not Fatal,0,1,1,0,City Street,Municipal/City Police,Renton Police Department,0,0,0,1,0,,,,,,0,0,0,,,,,,,,,,,98,98,98,0,,,,,20,7,,,,,,,,,,,,,,,
2018,345,633593,248,10-01-2018,23:04,1,10,Oct,0,33,King,1830,2,0,3,2,2,1,0,2,2,,,,12,0,6,Angle,0,1,0,1,No intersection,7,2,4,6,0,0,0,0,SE CARR RD,S CARR RD,-122.2060083,47.44237778,98055,0,2,66,Specific Other,62,4,35,34,0,0,1,7,12,3,3,2,1,14,Making a U turn,1,1,53,,0,51,47,2004,0,0,68,12,,,,,1,1,43,2,7,,4,7,99,7,11,0,02/15/2019,10:34,1.83E+11,8199,0,0,0,2,1,28,0,0,0,93,,,,,,99,,,,,,98178,53,66,160,1,1,0,0,1,2,,0,,,,,,0,09-15-2015,06-15-2018,8,0,0,0,0,9,8,,,0,0,0,8,9,2,695,605,,1,1,,2,1,0.24,,,,,,,,,,,,,,,,,,,,,,,,,,,,,,0,0,0,0,1,1,1,1,1,0,0,0,0,1,0,0,1,0,0,0,0,0,0,0,0,0,0,0,0,1,0,0,0,0,0,,1,0,0,0,0,1,1,1,1,0,0,1,0,0,0,1,,,,,,41-45,36-45,City street,U,Friday,Unknown,PV,Black,0,1,1,0,City Street,Municipal/City Police,Renton Police Department,0,0,0,1,0,thc,13,carboxy-thc,67,,0,0,2,,,,,,,,,,,98,98,98,2,,,,,20,7,,,,,,,,,,,,,,,
2018,345,633592,248,10-01-2018,23:04,1,10,Oct,0,33,King,1830,2,0,3,2,2,1,0,2,2,,,,12,0,6,Angle,0,1,0,1,No intersection,7,2,4,6,0,0,0,0,SE CARR RD,S CARR RD,-122.2060083,47.44237778,98055,0,1,66,Specific Other,6,1,35,3,0,0,1,7,12,2,6,2,1,14,Making a U turn,1,1,53,,0,48,401,2000,0,0,12,64,43,1,,,1,1,85,1,0,,1,0,3,0,11,8,,,,,0,0,3,3,1,0,0,0,0,96,,,,,,0,,,,,,98926,53,73,230,6,1,0,0,0,0,,0,,,,,,0,,,8,0,0,0,8,9,8,,,0,0,0,8,0,8,95,,,96,,,8,95,995,,,,,,,,,,,,,,,,,,,,,,,,,,,,,,0,0,0,1,0,0,0,0,0,0,0,0,0,0,0,0,0,0,0,0,0,0,0,0,0,1,1,1,0,1,0,0,0,0,0,,0,0,0,0,0,0,0,0,0,0,0,0,0,0,0,0,,,,,,81+,76+,State route,R,Wednesday,Belt Used,PV,Not Fatal,1,0,0,0,State Route,State Patrol,Washington State Patrol,0,1,0,0,0,,,,,,0,0,0,,,,,,,,,,,98,98,98,0,,,,,20,7,,,,,,,,,,,,,,,