year,something,Cases,repjur,crash_dt,crash_tm,accday,Month,Month,holiday,county,co_char,city,weather,weather2,lightcond,surfcond,surftype,Number of Fatalities,nmforms,pforms,vforms,not_tm,arr_tm,hosp_tm,fhevent,hitrun,Manner of Collision,Manner of Collision,milepnt,reljunc,reljuncinter,intersectiontype,Intersection Type,funcsystem,landuse,ownership,route,schlbus,spejur,contdev,devfunc,trafid1,trafid2,x,y,zipcode,wk_zone,vnumber,crashtype,Crash Type,criticalevent,criticaleventcat,spdlim,body,trailer,emerg,hazcargo,leave,mhevent,roadalgn,roadprof,traflane,trafflow,Vehicle Manure,Vehicle Manure,numoccs,regowner,regstate,,spuse,make,model,modelyr,vrf1,vrf2,seqevent1,seqevent2,seqevent3,seqevent4,seqevent5,seqevent6,pnumber,ptype,age,sex,hispanic,race,injury,diedscene,restraint,restraintmisuse,seatpos,takehosp,death_dt,death_tm,cert,cernum_wa,commlic,licendor,licrestrict,liccomp,drivpres,drf1,drf2,drf3,drf4,distract1,distract2,distract3,distract4,distract5,distract6,dricond1,dricond2,dricond3,dricond4,dricond5,dricond6,dzip,licstate,drhgt_in,weight,noncdl,noncdltype,prevdwi,prevoth,prevacc,prevspd,prevsus,driviol1,driviol2,driviol3,driviol4,driviol5,driviol6,spdrel,first_dt,last_dt,airbag,ejection,ejectpath,extricat,injurwrk,methalc,methdrug,nmlocat,strikveh,prf1,prf2,prf3,druginv,alcinvol,drugsts,drugres1,drugres2,drugres3,drugtst1,drugtst2,drugtst3,alcsts,alctst,alcres,nmact1,nmact2,nmact3,nmact4,nmact5,nmact6,nmprior1,nmprior2,nmprior3,nmprior4,nmprior5,nmprior6,nmcond1,nmcond2,nmcond3,nmcond4,nmcond5,nmcond6,nmsafe_helmet,nmsafe_pads,nmsafe_oth,nmprev_ref,nmprev_lgt,nmprev_oth,crashlocation,nmcrashtype,crosswalk,schoolzone,sidewalk,train_inv,wildlife_inv,rotr_fars,intersect_fars,Drink and Drive,aid_inv,Drug Positive Drivers,Impaired Drivers,Marijuana Positive,impnm_inv,ainm_inv,dpnm_inv,speed_inv,unlic_inv,unendmc_inv,drowsy_inv,drdist_inv,nmdist_inv,fty_inv,unrestfat_inv,dr1617_inv,dr1820_inv,dr1620_inv,dr2125_inv,dr1625_inv,dr65_inv,dr70_inv,dr75_inv,mc_inv,pv_inv,ht_inv,ped_inv,bike_inv,unrest_fat,mc_fat,unhelmet_mc,pv_fat,ht_fat,ped_fat,bike_fat,dr_alc7,dr_alc8,dr_drug,dr_imp,dr_dist,dr_spd,dr_fty,dr_unlic,dr_alc7only,dr_alc8only,dr_drugonly,dr_drink,nm_imp,nm_alc7,nm_alc8,nm_drug,nm_dist,agegrp1,agegrp2,roadclass,urbrur,dayweek,restuse,vehtype,race_me,intersect,lanedep,oppdir,wrongway,rep_typ,investag,repag_long,rotr,st_rd,cty_rd,city_rd,oth_rd,drug_thc,thc_res,drug_cthc,cthc_res,drug_cann,prevpersemin,prevperse,prevsusoth,drugtst4,drugtst5,drugtst6,drugtst7,drugtst8,drugres4,drugres5,drugres6,drugres7,drugres8,adspresent,adsengaged,adslevel,race1,race2,race3,race4,race5,helmet,helmetmisuse,nmdistract1,nmdistract2,nmdistract3,nmdistract4,nmdistract5,nmdistract6,lab,isedtcase,crf1,crf2,crf3,CoRoadName,CoMP,IntCoRoadName,IntCoMP
2017,345,3658418,344,08-22-2017,20:55,22,8,Aug,0,77,Yakima,0,1,0,5,1,2,1,1,1,1,20:05,20:12,20:36,8,1,0,No vehicle,0,1,0,1,No intersection,7,2,4,6,0,3,0,0,N FIR ST,,-120.3114528,46.38800556,98948,0,1,13,Pedestrian/Animal,80,5,25,99,0,0,1,5,8,1,1,8,1,1,Going Straight,99,9,99,,0,35,47,2014,0,0,12,,,,,,1,1,89,2,0,,1,0,3,0,11,8,,,,,0,0,0,3,1,39,91,0,0,96,,,,,,0,,,,,,98901,53,64,162,6,1,0,0,0,0,,2,,,,,,0,,,8,0,0,0,8,9,8,,,0,0,0,8,0,8,95,,,96,,,8,95,995,,,,,,,,,,,,,,,,,,,,,,,,,,,,,,0,0,0,1,0,0,0,0,0,0,0,0,0,0,0,0,0,0,0,0,0,0,0,0,0,1,1,1,0,1,0,0,0,0,0,,0,0,0,0,0,0,0,0,0,0,0,0,0,0,0,0,,,,,,81+,76+,State route,R,Wednesday,Belt Used,PV,Not Fatal,1,0,0,0,State Route,State Patrol,Washington State Patrol,0,1,0,0,0,,,,,,0,0,0,,,,,,,,,,,98,98,98,0,,,,,20,7,,,,,,,,,,,,,,,
2020,345,635064,21,09-05-2020,19:20,5,9,Sep,,25,Grant,0,1,,1,1,4,2,0,2,2,19:29,19:51,,12,0,2,Front-to-Front,3.2,1,0,1,No intersection,7,1,2,4,0,0,0,0,CR-SAND DUNES RD SE,,-119.3003306,47.06604444,,0,1,50,Lateral Move(Left/Right),10,2,35,90,0,0,1,5,12,2,1,2,1,6,Others,1,9,99,,0,42,421,2014,0,0,8,,,,,,1,1,47,1,0,,0,0,3,0,11,0,,,,,0,0,0,3,1,0,0,0,0,96,,,,,,0,,,,,,98607,53,67,160,6,1,0,0,0,0,,0,,,,,,0,,,20,0,0,0,8,9,8,,,0,0,0,8,0,8,95,,,96,,,8,95,995,,,,,,,,,,,,,,,,,,,,,,,,,,,,,,0,0,0,0,0,0,0,0,0,0,0,0,0,0,0,0,0,0,0,0,0,0,0,0,0,0,0,0,0,1,0,1,0,0,0,,0,0,0,0,0,0,0,0,0,0,0,0,0,0,0,0,,,,,,46-50,46-55,State route,R,Sunday,Belt Used,PV,Not Fatal,0,0,0,0,State Route,State Patrol,Washington State Patrol,0,1,0,0,0,,,,,,0,0,0,,,,,,,,,,,98,98,98,0,,,,,20,7,,,,,,,,,,,,,,,
2021,346,635885,6,09-06-2021,15:21,6,9,Sep,,37,Kittitas,0,5,,1,1,1,1,0,1,1,,,,35,0,0,No vehicle,15.7,1,0,1,No intersection,1,1,1,1,0,0,0,0,I-82,,-120.359475,46.79136389,,0,1,1,Driver Off Road,13,2,70,14,0,0,1,2,1,3,2,2,2,14,Making a U turn,1,2,53,,0,51,881,2011,0,0,12,,,,,,1,1,60,1,0,,0,0,3,0,11,0,,,,,6,1,0,3,1,0,0,0,0,96,,,,,,0,,,,,,98531,53,72,220,6,1,0,1,1,0,,0,,,,,,0,11-15-2016,11-15-2016,20,0,0,0,8,9,8,,,0,0,0,8,0,8,95,,,96,,,8,95,995,,,,,,,,,,,,,,,,,,,,,,,,,,,,,,0,0,0,0,1,1,1,1,1,0,0,0,1,0,0,0,0,0,0,0,0,0,0,0,0,0,0,0,0,1,1,0,0,0,0,,0,0,0,0,0,0,0,0,0,0,0,0,0,0,0,0,,,,,,56-60,56-65,City street,U,Tuesday,,MHTRUCK,Not Fatal,0,1,1,0,City Street,Municipal/City Police,Fife Police Department,0,0,0,1,0,,,,,,0,0,0,,,,,,,,,,,98,98,98,0,,,,,20,7,,,,,,,,,,,,,,,
2020,346,635067,66,07-23-2020,23:56,23,7,July,,61,Snohomish,170,1,,3,1,2,1,0,2,2,,,,12,0,8,Other,0,2,0,2,4 Way,4,2,4,6,0,0,3,3,228TH ST SE,15th Ave SE,-122.2130861,47.79130833,98021,0,2,69,Initial Opposite Direction(Going Straight),62,4,30,80,0,0,1,2,12,1,1,5,1,1,Going Straight,1,1,53,,0,49,442,2002,0,0,68,12,,,,,1,1,26,1,7,,4,7,3,0,11,0,02/19/2019,05:10,74753008318,8318,0,0,0,3,1,28,0,0,0,96,,,,,,99,,,,,,98003,53,71,155,6,1,0,0,0,0,,0,,,,,,3,,,8,0,0,0,0,9,8,,,0,0,0,8,9,2,695,605,,1,1,,2,1,0.26,,,,,,,,,,,,,,,,,,,,,,,,,,,,,,0,0,0,0,1,1,1,1,1,0,0,0,1,0,0,0,0,0,0,0,0,0,0,0,0,0,0,0,0,1,1,0,0,0,0,,1,0,0,0,0,1,1,1,0,1,0,0,0,0,0,1,,,,,,26-30,26-35,City street,U,Tuesday,Belt Used,PV,White,0,1,1,0,City Street,Municipal/City Police,Fife Police Department,0,0,0,1,0,thc,11,carboxy-thc,13,,0,0,0,,,,,,,,,,,98,98,98,1,,,,,20,7,,,,,,,,,,,,,,,
2019,346,634369,14,09-23-2019,10:48,23,9,Sep,,11,Clark,0,1,0,1,1,2,1,0,2,1,,,,32,1,0,No vehicle,3.1,1,0,1,No intersection,5,1,2,4,0,0,0,0,CR-NW HAYES RD,,-122.6874,45.93005278,98674,0,1,1,Driver Off Road,13,2,50,14,0,0,1,7,1,3,1,2,1,6,Others,2,1,53,,0,24,2,2001,0,0,8,,,,,,1,1,31,1,0,,0,0,3,0,11,0,,,,,0,0,0,3,1,0,0,0,0,96,,,,,,0,,,,,,98229,53,74,185,6,1,0,0,0,1,,0,,,,,,0,07-15-2016,07-15-2016,20,0,0,0,8,9,8,,,0,0,0,8,0,8,95,,,96,,,8,95,995,,,,,,,,,,,,,,,,,,,,,,,,,,,,,,0,0,0,0,0,0,1,1,1,1,0,1,0,0,0,0,1,0,0,0,0,1,1,0,1,0,0,0,0,1,0,1,0,0,0,,0,0,0,0,0,0,0,0,0,0,0,0,0,0,0,0,,,,,,31-35,26-35,Interstate,R,Saturday,Belt Used,PV,Not Fatal,0,0,0,0,State Route,State Patrol,Washington State Patrol,0,1,0,0,0,,,,,,0,0,0,,,,,,,,,,,98,98,98,0,,,,,20,7,,,,,,,,,,,,,,,
2018,346,633374,35,07-05-2018,17:27,5,7,July,0,53,Pierce,0,1,0,1,1,2,1,0,1,1,,,,30,0,0,No vehicle,3.6,1,0,1,No intersection,3,2,2,4,0,0,0,0,CR-BROOKDALE RD E,,-122.3699194,47.115775,98446,0,1,1,Driver Off Road,13,2,35,80,0,0,1,7,30,1,1,2,1,15,Others,1,2,53,,0,99,999,9999,0,0,8,,,,,,1,1,55,1,0,,0,0,3,0,11,0,,,,,0,0,0,3,1,0,0,0,0,96,,,,,,0,,,,,,98055,53,64,136,6,1,0,0,0,0,,0,,,,,,0,,,20,0,0,0,8,9,8,,,0,0,0,8,0,8,95,,,96,,,8,95,995,,,,,,,,,,,,,,,,,,,,,,,,,,,,,,0,0,0,0,0,0,1,1,1,1,0,1,0,0,0,0,1,0,0,0,0,1,1,0,1,0,0,0,0,1,0,1,0,0,0,,0,0,0,0,0,0,0,0,0,0,0,0,0,0,0,0,,,,,,51-55,46-55,Interstate,R,Saturday,Belt Used,PV,Not Fatal,0,0,0,0,State Route,State Patrol,Washington State Patrol,0,1,0,0,0,,,,,,0,0,0,,,,,,,,,,,98,98,98,0,,,,,20,7,,,,,,,,,,,,,,,
2017,346,632817,32,08-14-2017,18:30,14,8,Aug,0,47,Okanogan,0,1,0,1,1,2,1,0,1,1,,,,42,0,0,No vehicle,9.3,1,0,1,No intersection,6,1,2,4,0,0,0,0,CR-TWISP-CARLTON RD,,-120.1094056,48.35009167,98856,0,1,1,Driver Off Road,13,2,50,80,0,0,1,2,3,3,1,2,1,14,Making a U turn,1,2,53,,0,7,21,2005,0,0,8,,,,,,1,1,44,2,0,,0,0,3,0,11,0,,,,,0,0,0,3,1,0,0,0,0,96,,,,,,0,,,,,,98273,53,65,210,6,1,0,1,0,0,,0,,,,,,0,07-15-2017,07-15-2017,20,0,0,0,8,9,8,,,0,0,0,8,0,8,95,,,96,,,8,95,995,,,,,,,,,,,,,,,,,,,,,,,,,,,,,,0,0,0,0,0,0,1,1,1,1,0,1,0,0,0,0,1,0,0,0,0,1,1,0,1,0,0,0,0,1,0,1,0,0,0,,0,0,0,0,0,0,0,0,0,0,0,0,0,0,0,0,,,,,,41-45,36-45,Interstate,R,Saturday,Belt Used,PV,Not Fatal,0,0,0,0,State Route,State Patrol,Washington State Patrol,0,1,0,0,0,,,,,,0,0,0,,,,,,,,,,,98,98,98,0,,,,,20,7,,,,,,,,,,,,,,,
2020,346,635066,66,07-23-2020,23:56,23,7,July,,61,Snohomish,170,1,,3,1,2,1,0,2,2,,,,12,1,8,Other,0,2,0,2,4 Way,4,2,4,6,0,0,4,3,228TH ST SE,15th Ave SE,-122.2130861,47.79130833,98021,0,1,68,Initial Opposite Direction(Left/Right),15,2,30,3,0,0,1,2,12,1,1,5,1,11,Turning Red: Permitted on red,1,2,91,,0,48,401,2003,0,0,8,,,,,,1,1,18,1,0,,0,0,3,0,11,0,,,,,0,0,0,3,1,0,0,0,0,92,,,,,,99,,,,,,98273,53,73,180,6,2,0,0,0,0,,0,,,,,,0,,,20,0,0,0,8,9,8,,,0,0,0,8,0,2,695,,,1,,,2,1,0,,,,,,,,,,,,,,,,,,,,,,,,,,,,,,0,0,0,0,0,0,1,1,1,1,0,1,0,0,0,0,1,0,0,0,0,1,1,0,1,0,0,0,0,1,0,1,0,0,0,,0,0,0,0,0,0,1,1,1,0,0,0,0,0,1,0,,,,,,18-20,16-25,Interstate,R,Saturday,Belt Used,PV,Not Fatal,0,0,0,0,State Route,State Patrol,Washington State Patrol,0,1,0,0,0,,,carboxy-thc,5.2,,0,0,0,,,,,,,,,,,98,98,98,0,,,,,20,7,,,,,,,,,,,,,,,
2021,347,635887,238,08-28-2021,16:09,28,8,Aug,,35,Kitsap,1730,1,,1,1,2,1,0,2,1,,,,43,0,0,No vehicle,11.4,3,0,2,4 Way,3,2,1,3,0,0,3,3,SR-305,NE HOSTMARK ST,-122.6370778,47.73374167,98370,0,1,1,Driver Off Road,13,2,40,4,0,0,1,2,43,1,1,5,1,1,Going Straight,2,1,53,,0,12,481,1999,0,0,63,24,1,,,,1,1,21,1,0,,2,0,20,7,11,8,,,,,0,0,0,3,1,87,0,0,0,96,,,,,,0,,,,,,98541,53,66,150,6,1,0,0,0,1,,0,,,,,,4,08-15-2017,08-15-2017,20,1,9,0,8,9,8,,,0,0,0,8,0,2,1,,,1,,,2,1,0,,,,,,,,,,,,,,,,,,,,,,,,,,,,,,0,0,0,0,0,0,0,0,0,0,0,0,1,0,0,0,0,0,0,1,0,0,0,1,1,0,0,0,0,1,0,0,0,0,0,,0,0,0,0,0,0,0,0,0,1,0,0,0,0,0,0,,,,,,21-25,16-25,State route,R,Saturday,Not Used,PV,Not Fatal,0,1,0,0,State Route,State Patrol,Washington State Patrol,1,1,0,0,0,,,,,,0,0,0,,,,,,,,,,,0,0,0,0,,,,,20,7,,,,,,,,,,,,,,,
2019,347,634371,278,10-01-2019,14:51,1,10,Oct,,63,Spokane,2110,1,0,1,1,2,1,0,1,1,,,,1,0,0,No vehicle,0,1,0,1,No intersection,7,2,4,6,0,0,0,0,E FERRY AVE,,-117.3726139,47.66088889,99202,0,1,98,Others,6,1,98,80,0,0,1,7,1,3,1,2,1,14,Making a U turn,1,1,53,,0,12,37,2006,0,0,63,14,,,,,1,1,40,1,0,,1,0,3,0,11,8,,,,,0,0,0,3,1,0,0,0,0,96,,,,,,9,,,,,,98370,53,69,180,6,1,0,0,0,0,,97,,,,,,0,,,8,0,0,0,8,9,2,,,0,0,0,1,9,8,95,,,96,,,8,95,995,,,,,,,,,,,,,,,,,,,,,,,,,,,,,,0,0,0,0,0,0,0,0,0,0,0,0,0,0,0,0,0,0,0,0,0,0,0,0,0,0,0,0,0,1,0,0,0,0,0,,0,0,0,0,0,0,0,0,0,0,0,0,0,0,0,0,,,,,,36-40,36-45,Interstate,U,Saturday,Belt Used,PV,Not Fatal,0,1,0,0,State Route,State Patrol,Washington State Patrol,1,1,0,0,0,,,,,,0,0,0,,,,,,,,,,,98,98,98,0,,,,,20,7,,,,,,,,,,,,,,,
2018,347,633573,36,09-05-2018,23:30,5,9,Sep,0,55,San Juan,0,1,0,2,1,2,1,0,2,1,,,,42,0,0,No vehicle,3.5,1,0,1,No intersection,5,1,2,4,0,0,0,0,CR-ORCAS RD,,-122.9446972,48.64461944,98245,0,1,1,Driver Off Road,13,2,35,4,0,0,1,2,42,3,1,2,1,14,Making a U turn,2,2,53,,0,18,3,1997,0,0,64,33,67,42,42,2,1,1,28,1,7,,4,7,20,7,11,0,01-07-2019,23:42,98053001570,1570,0,0,0,3,1,0,0,0,0,92,,,,,,99,,,,,,98374,53,69,180,6,1,0,1,0,1,,0,,,,,,0,02-15-2017,01-15-2018,1,0,0,0,0,9,8,,,0,0,0,8,9,2,695,605,,1,1,,2,1,0.241,,,,,,,,,,,,,,,,,,,,,,,,,,,,,,0,0,1,1,1,1,1,1,1,0,0,0,0,0,0,0,1,0,0,1,0,0,0,0,0,0,0,0,0,1,0,0,0,1,0,,1,0,0,0,0,1,1,1,1,0,0,0,0,0,0,1,,,,,,26-30,26-35,City street,U,Monday,Not Used,PV,Black,0,1,0,0,City Street,Municipal/City Police,Issaquah Police Department,1,0,0,1,0,thc,1.8,carboxy-thc,9.1,,0,0,2,,,,,,,,,,,0,0,0,2,,,,,20,7,,,,,,,nms,,,,,,,,
2017,347,632748,278,08-16-2017,15:38,16,8,Aug,0,63,Spokane,2110,1,0,1,0,0,1,2,1,1,15:41,16:01,16:25,8,0,0,No vehicle,0,8,0,1,No intersection,96,6,96,8,0,0,20,3,N ATLANTIC LANE,,-117.4130944,47.72731389,99218,0,1,13,Pedestrian/Animal,80,5,0,6,0,0,1,2,8,0,0,0,0,3,Others,1,2,53,,0,7,482,2013,0,0,12,,,,,,1,1,27,1,0,,0,0,3,0,11,0,,,,,0,0,0,3,1,0,0,0,0,96,,,,,,0,,,,,,99352,53,69,200,6,1,0,0,0,1,,0,,,,,,0,09-15-2017,09-15-2017,20,0,0,0,8,9,8,,,0,0,0,8,0,8,95,,,96,,,8,95,995,,,,,,,,,,,,,,,,,,,,,,,,,,,,,,0,0,0,0,0,0,0,0,0,0,0,0,0,1,0,0,0,0,0,0,0,0,0,1,1,0,0,0,0,1,0,0,0,0,0,,0,0,0,0,0,0,0,0,0,0,0,0,0,0,0,0,,,,,,26-30,26-35,Interstate,U,Saturday,Belt Used,PV,Not Fatal,0,0,0,0,State Route,State Patrol,Washington State Patrol,0,1,0,0,0,,,,,,0,0,0,,,,,,,,,,,98,98,98,0,,,,,20,7,,,,,,,,,,,,,,,
2018,348,633584,200,09-07-2018,21:38,7,9,Sep,0,61,Snohomish,1360,2,0,3,2,2,1,0,2,2,,,,12,0,1,Front-to-Rear,13.2,1,0,1,No intersection,3,2,1,2,0,0,0,0,US-2,,-121.8464889,47.85375,98272,0,2,25,Others,53,3,45,80,0,0,1,7,12,1,1,2,1,1,Going Straight,1,0,4,,0,20,481,2018,0,0,12,,,,,,1,1,48,1,0,,0,0,3,0,11,0,,,,,0,0,0,3,1,0,0,0,0,96,,,,,,0,,,,,,99352,53,71,200,6,1,0,0,0,0,,0,,,,,,0,,,20,0,0,0,8,9,8,,,0,0,0,8,0,8,95,,,96,,,8,95,995,,,,,,,,,,,,,,,,,,,,,,,,,,,,,,0,0,0,0,0,0,0,0,0,0,0,0,0,1,0,0,0,0,0,0,0,0,0,1,1,0,0,0,0,1,0,0,0,0,0,,0,0,0,0,0,0,0,0,0,0,0,0,0,0,0,0,,,,,,46-50,46-55,Interstate,U,Saturday,Belt Used,PV,Not Fatal,0,0,0,0,State Route,State Patrol,Washington State Patrol,0,1,0,0,0,,,,,,0,0,0,,,,,,,,,,,98,98,98,0,,,,,20,7,,,,,,,,,,,,,,,
2020,348,635076,6,09-06-2020,19:15,6,9,Sep,,47,Okanogan,0,1,,5,1,2,1,0,3,2,,,,12,0,1,Front-to-Rear,171.2,8,0,1,No intersection,4,1,1,3,0,0,0,0,SR-20,,-120.5659694,48.60018889,,0,2,26,Others,53,3,60,3,0,0,1,2,12,4,2,2,1,11,Turning Red: Permitted on red,1,2,6,,0,35,43,2019,0,0,12,,,,,,1,1,25,2,0,,1,0,3,0,11,8,,,,,0,0,0,3,1,0,0,0,0,96,,,,,,0,,,,,,99301,53,64,95,6,1,0,0,0,1,,0,,,,,,0,02-15-2017,02-15-2017,8,0,0,0,8,9,8,,,0,0,0,8,0,8,95,,,96,,,8,95,995,,,,,,,,,,,,,,,,,,,,,,,,,,,,,,0,0,0,0,0,0,0,0,0,0,0,0,0,1,0,0,0,0,0,0,0,0,0,1,1,0,0,0,0,1,0,0,0,0,0,,0,0,0,0,0,0,0,0,0,0,0,0,0,0,0,0,,,,,,21-25,16-25,Interstate,U,Saturday,Belt Used,PV,Not Fatal,0,0,0,0,State Route,State Patrol,Washington State Patrol,0,1,0,0,0,,,,,,0,0,0,,,,,,,,,,,98,98,98,0,,,,,20,7,,,,,,,,,,,,,,,
2021,348,635886,278,09-10-2021,03:40,10,9,Sep,,63,Spokane,2110,1,,3,1,2,1,1,1,1,,,,8,0,0,No vehicle,0.4,2,0,2,4 Way,3,2,1,2,0,0,0,0,US-2,S BROWNE ST,-117.4133917,47.65556667,99201,0,1,13,Pedestrian/Animal,80,5,30,4,0,0,1,5,8,1,1,4,4,1,Going Straight,1,1,53,,0,35,47,2013,0,0,12,,,,,,1,1,33,1,0,,3,0,3,0,11,4,,,,,0,0,0,3,1,0,0,0,0,96,,,,,,0,,,,,,99301,53,63,140,6,1,0,0,0,1,,0,,,,,,0,12-15-2014,12-15-2014,1,0,0,0,8,9,8,,,0,0,0,8,0,8,95,,,96,,,8,95,995,,,,,,,,,,,,,,,,,,,,,,,,,,,,,,0,0,0,0,0,0,0,0,0,0,0,0,0,1,0,0,0,0,0,0,0,0,0,1,1,0,0,0,0,1,0,0,0,0,0,,0,0,0,0,0,0,0,0,0,0,0,0,0,0,0,0,,,,,,31-35,26-35,Interstate,U,Saturday,Belt Used,PV,Not Fatal,0,0,0,0,State Route,State Patrol,Washington State Patrol,0,1,0,0,0,,,,,,0,0,0,,,,,,,,,,,98,98,98,0,,,,,20,7,,,,,,,,,,,,,,,
2020,348,635075,6,09-06-2020,19:15,6,9,Sep,,47,Okanogan,0,1,,5,1,2,1,0,3,2,,,,12,0,1,Front-to-Rear,171.2,8,0,1,No intersection,4,1,1,3,0,0,0,0,SR-20,,-120.5659694,48.60018889,,0,1,24,Others,51,3,60,80,0,0,1,2,12,4,2,2,1,6,Others,2,1,53,,0,12,3,2010,0,0,12,,,,,,1,1,48,2,7,,4,0,3,0,11,4,02-05-2019,16:27,1.66E+11,5662,0,0,3,3,1,0,0,0,0,96,,,,,,99,,,,,,99301,53,67,105,6,1,0,0,0,0,,0,,,,,,0,,,8,0,0,0,0,9,8,,,0,0,0,8,9,8,95,,,96,,,8,95,995,,,,,,,,,,,,,,,,,,,,,,,,,,,,,,0,0,0,0,0,0,0,0,0,0,0,0,0,1,0,0,0,0,0,0,0,0,0,1,1,0,0,0,0,1,0,0,0,0,0,,1,0,0,0,0,0,0,0,0,0,0,0,0,0,0,0,,,,,,46-50,46-55,Interstate,U,Saturday,Belt Used,PV,White,0,0,0,0,State Route,State Patrol,Washington State Patrol,0,1,0,0,0,,,,,,0,0,0,,,,,,,,,,,98,98,98,1,,,,,20,7,,,,,,,,,,,,,,,
2019,348,634373,8,09-27-2019,15:55,27,9,Sep,,35,Kitsap,0,1,0,1,1,2,1,0,2,2,,,,12,0,6,Angle,6.1,2,0,3,T Intersection,4,1,1,3,1,0,0,0,SR-160,COTTONWOOD DR SE,-122.5194028,47.504825,98366,0,2,68,Initial Opposite Direction(Left/Right),15,2,45,50,0,0,1,5,12,1,2,2,1,11,Turning Red: Permitted on red,1,3,53,,0,2,422,2014,0,0,12,65,12,12,12,12,1,1,44,2,7,,4,7,3,0,11,0,02-02-2019,20:30,1.66E+11,5705,0,0,0,3,1,0,0,0,0,0,,,,,,0,,,,,,99320,53,69,190,6,1,0,0,0,1,,0,,,,,,0,11-15-2016,11-15-2016,20,0,0,0,0,9,8,,,0,0,0,8,0,2,1,,,1,,,2,4,0,,,,,,,,,,,,,,,,,,,,,,,,,,,,,,0,0,0,0,0,0,0,0,0,0,0,0,0,1,0,0,0,0,0,0,0,0,0,1,1,0,0,0,0,1,0,0,0,0,0,,1,0,0,0,0,0,0,0,0,0,0,0,0,0,0,0,,,,,,41-45,36-45,Interstate,U,Saturday,Belt Used,PV,White,0,0,0,0,State Route,State Patrol,Washington State Patrol,0,1,0,0,0,,,,,,0,0,0,,,,,,,,,,,98,98,98,1,,,,,20,7,,,,,,,,,,,,,,,
2019,348,634372,8,09-27-2019,15:55,27,9,Sep,,35,Kitsap,0,1,0,1,1,2,1,0,2,2,,,,12,0,6,Angle,6.1,2,0,3,T Intersection,4,1,1,3,1,0,0,0,SR-160,COTTONWOOD DR SE,-122.5194028,47.504825,98366,0,1,69,Initial Opposite Direction(Going Straight),62,4,45,80,0,0,1,2,12,1,2,2,1,1,Going Straight,1,1,53,,0,6,43,2004,0,0,12,,,,,,1,1,22,1,0,,0,0,3,0,11,0,,,,,0,0,3,2,1,0,0,0,0,96,,,,,,99,,,,,,99301,53,66,175,1,1,1,5,1,0,,7,,,,,,0,03-15-2015,09-15-2018,1,0,0,0,8,9,8,,,0,0,0,8,9,8,95,,,96,,,8,95,995,,,,,,,,,,,,,,,,,,,,,,,,,,,,,,0,0,0,0,0,0,0,0,0,0,0,0,0,1,0,0,0,0,0,0,0,0,0,1,1,0,0,0,0,1,0,0,0,0,0,,0,0,0,0,0,0,0,0,0,0,0,1,0,0,0,0,,,,,,21-25,16-25,Interstate,U,Saturday,Belt Used,PV,Not Fatal,0,0,0,0,State Route,State Patrol,Washington State Patrol,0,1,0,0,0,,,,,,1,0,8,,,,,,,,,,,98,98,98,0,,,,,20,7,,,,,,,,,,,,,,,
2018,348,633583,200,09-07-2018,21:38,7,9,Sep,0,61,Snohomish,1360,2,0,3,2,2,1,0,2,2,,,,12,0,1,Front-to-Rear,13.2,1,0,1,No intersection,3,2,1,2,0,0,0,0,US-2,,-121.8464889,47.85375,98272,0,1,24,Others,51,3,45,14,0,0,1,7,12,1,1,2,1,1,Going Straight,1,2,53,,0,49,482,2004,0,0,63,1,,,,,1,1,31,2,0,,0,0,3,0,11,0,,,,,0,0,3,3,1,87,0,0,0,96,,,,,,0,,,,,,83627,16,63,150,6,1,0,0,0,1,,0,,,,,,4,08-15-2015,08-15-2015,20,0,0,0,8,9,8,,,0,0,0,8,0,2,1,,,1,,,2,1,0,,,,,,,,,,,,,,,,,,,,,,,,,,,,,,0,0,0,0,0,0,0,0,0,0,0,0,1,0,0,0,0,0,0,1,0,0,0,0,0,0,0,0,0,1,0,0,0,0,0,,0,0,0,0,0,0,0,0,0,1,0,0,0,0,0,0,,,,,,31-35,26-35,US highway,R,Monday,Belt Used,PV,Not Fatal,0,1,0,0,State Route,State Patrol,Washington State Patrol,1,1,0,0,0,,,,,,0,0,0,,,,,,,,,,,98,98,98,0,,,,,20,7,,,,,,,,,,,,,,,
2017,348,632707,180,08-02-2017,08:54,2,8,Aug,0,15,Cowlitz,1190,1,0,1,1,1,1,1,1,1,,,,15,0,0,No vehicle,0.8,3,0,3,T Intersection,4,2,1,3,0,0,2,3,SR-411,HUDSON ST,-122.9228056,46.13477222,98632,0,1,13,Pedestrian/Animal,83,5,35,4,0,0,1,5,15,1,1,3,1,11,Turning Red: Permitted on red,1,2,53,,0,22,22,2008,0,0,63,42,30,1,,,1,1,29,1,0,,1,0,3,0,11,8,,,,,0,0,0,0,1,91,0,0,0,96,,,,,,99,,,,,,96792,15,64,180,0,0,0,3,0,1,,1,,,,,,4,07-15-2015,02-15-2019,1,0,0,0,8,9,8,,,0,0,0,8,9,2,1,,,1,,,2,1,0.26,,,,,,,,,,,,,,,,,,,,,,,,,,,,,,0,0,1,0,1,1,0,1,0,0,0,0,1,1,0,0,0,0,0,0,0,0,0,0,0,0,0,0,0,1,0,0,0,0,0,,0,0,0,0,0,1,0,1,0,1,0,1,0,1,0,1,,,,,,26-30,26-35,City street,U,Wednesday,Belt Used,PV,Not Fatal,0,1,0,0,City Street,Municipal/City Police,Camas Police Department,1,0,0,1,0,,,,,,0,0,2,,,,,,,,,,,98,98,98,0,,,,,20,7,,,,,,,,,,,,,,,