year,something,Cases,repjur,crash_dt,crash_tm,accday,Month,Month,holiday,county,co_char,city,weather,weather2,lightcond,surfcond,surftype,Number of Fatalities,nmforms,pforms,vforms,not_tm,arr_tm,hosp_tm,fhevent,hitrun,Manner of Collision,Manner of Collision,milepnt,reljunc,reljuncinter,intersectiontype,Intersection Type,funcsystem,landuse,ownership,route,schlbus,spejur,contdev,devfunc,trafid1,trafid2,x,y,zipcode,wk_zone,vnumber,crashtype,Crash Type,criticalevent,criticaleventcat,spdlim,body,trailer,emerg,hazcargo,leave,mhevent,roadalgn,roadprof,traflane,trafflow,Vehicle Manure,Vehicle Manure,numoccs,regowner,regstate,,spuse,make,model,modelyr,vrf1,vrf2,seqevent1,seqevent2,seqevent3,seqevent4,seqevent5,seqevent6,pnumber,ptype,age,sex,hispanic,race,injury,diedscene,restraint,restraintmisuse,seatpos,takehosp,death_dt,death_tm,cert,cernum_wa,commlic,licendor,licrestrict,liccomp,drivpres,drf1,drf2,drf3,drf4,distract1,distract2,distract3,distract4,distract5,distract6,dricond1,dricond2,dricond3,dricond4,dricond5,dricond6,dzip,licstate,drhgt_in,weight,noncdl,noncdltype,prevdwi,prevoth,prevacc,prevspd,prevsus,driviol1,driviol2,driviol3,driviol4,driviol5,driviol6,spdrel,first_dt,last_dt,airbag,ejection,ejectpath,extricat,injurwrk,methalc,methdrug,nmlocat,strikveh,prf1,prf2,prf3,druginv,alcinvol,drugsts,drugres1,drugres2,drugres3,drugtst1,drugtst2,drugtst3,alcsts,alctst,alcres,nmact1,nmact2,nmact3,nmact4,nmact5,nmact6,nmprior1,nmprior2,nmprior3,nmprior4,nmprior5,nmprior6,nmcond1,nmcond2,nmcond3,nmcond4,nmcond5,nmcond6,nmsafe_helmet,nmsafe_pads,nmsafe_oth,nmprev_ref,nmprev_lgt,nmprev_oth,crashlocation,nmcrashtype,crosswalk,schoolzone,sidewalk,train_inv,wildlife_inv,rotr_fars,intersect_fars,Drink and Drive,aid_inv,Drug Positive Drivers,Impaired Drivers,Marijuana Positive,impnm_inv,ainm_inv,dpnm_inv,speed_inv,unlic_inv,unendmc_inv,drowsy_inv,drdist_inv,nmdist_inv,fty_inv,unrestfat_inv,dr1617_inv,dr1820_inv,dr1620_inv,dr2125_inv,dr1625_inv,dr65_inv,dr70_inv,dr75_inv,mc_inv,pv_inv,ht_inv,ped_inv,bike_inv,unrest_fat,mc_fat,unhelmet_mc,pv_fat,ht_fat,ped_fat,bike_fat,dr_alc7,dr_alc8,dr_drug,dr_imp,dr_dist,dr_spd,dr_fty,dr_unlic,dr_alc7only,dr_alc8only,dr_drugonly,dr_drink,nm_imp,nm_alc7,nm_alc8,nm_drug,nm_dist,agegrp1,agegrp2,roadclass,urbrur,dayweek,restuse,vehtype,race_me,intersect,lanedep,oppdir,wrongway,rep_typ,investag,repag_long,rotr,st_rd,cty_rd,city_rd,oth_rd,drug_thc,thc_res,drug_cthc,cthc_res,drug_cann,prevpersemin,prevperse,prevsusoth,drugtst4,drugtst5,drugtst6,drugtst7,drugtst8,drugres4,drugres5,drugres6,drugres7,drugres8,adspresent,adsengaged,adslevel,race1,race2,race3,race4,race5,helmet,helmetmisuse,nmdistract1,nmdistract2,nmdistract3,nmdistract4,nmdistract5,nmdistract6,lab,isedtcase,crf1,crf2,crf3,CoRoadName,CoMP,IntCoRoadName,IntCoMP
2017,349,3633271,278,08-07-2017,10:00,7,8,Aug,0,63,Spokane,2110,1,0,1,1,1,1,1,3,3,,,,12,0,7,"Sideswipe,Same",278.8,20,1,1,No intersection,3,2,1,2,0,0,2,3,US-2,3RD AVE,-117.411225,47.65345833,99202,0,2,45,Others,61,4,35,5,0,0,1,5,12,1,4,2,6,5,Others,1,1,16,,0,12,481,2015,0,0,12,63,35,1,,,1,1,43,1,0,,1,0,3,0,11,4,,,,,0,0,0,3,1,38,0,0,0,96,,,,,,0,,,,,,98370,53,73,250,6,1,0,0,1,0,,0,,,,,,0,06-15-2016,06-15-2016,8,0,0,0,8,9,8,,,0,0,0,8,9,8,95,,,96,,,8,95,995,,,,,,,,,,,,,,,,,,,,,,,,,,,,,,0,0,0,1,0,0,0,0,0,0,0,0,1,1,0,0,0,0,1,0,0,0,0,0,0,0,0,0,0,1,1,0,0,0,0,,0,0,0,0,0,0,0,0,0,0,1,0,0,0,0,0,,,,,,41-45,36-45,County road,R,Saturday,Belt Used,PV,Not Fatal,1,0,0,0,County Road,County Sheriff,Mason County Sheriff's Office,0,0,1,0,0,,,,,,0,0,0,,,,,,,,,,,98,98,98,0,,,,,20,7,,,,,,,,,,,,,,,
2021,349,635888,1,09-12-2021,19:33,12,9,Sep,,5,Benton,1850,1,,1,1,2,1,0,1,1,,,,1,0,0,No vehicle,0.4,5,1,1,No intersection,1,2,1,1,0,0,0,0,I-182 RAMP,,-119.258225,46.25730833,99352,0,1,6,Drive off road,12,2,98,15,0,0,1,2,1,2,1,1,6,14,Making a U turn,1,1,38,,0,20,880,2010,0,0,12,,,,,,1,1,43,1,7,,4,7,20,7,11,0,02-02-2019,16:51,53006649,6649,0,0,0,2,1,33,58,0,0,96,,,,,,99,,,,,,98584,53,69,185,1,1,0,1,0,0,,0,,,,,,4,04-15-2014,04-15-2014,20,1,9,0,0,9,8,,,0,0,0,8,9,2,1,,,1,,,2,1,0,,,,,,,,,,,,,,,,,,,,,,,,,,,,,,0,0,0,1,0,0,0,0,0,0,0,0,1,1,0,0,0,0,1,0,0,0,0,0,0,0,0,0,0,1,1,0,0,0,0,,0,1,0,0,0,0,0,0,0,1,0,1,0,0,0,0,,,,,,41-45,36-45,County road,R,Saturday,,MHTRUCK,White,1,0,0,0,County Road,County Sheriff,Mason County Sheriff's Office,0,0,1,0,0,,,,,,0,0,1,,,,,,,,,,,98,98,98,1,,,,,20,7,,,,,,,,,,,,,,,
2017,349,3633271,278,08-07-2017,10:00,7,8,Aug,0,63,Spokane,2110,1,0,1,1,1,1,1,3,3,,,,12,0,7,"Sideswipe,Same",278.8,20,1,1,No intersection,3,2,1,2,0,0,2,3,US-2,3RD AVE,-117.411225,47.65345833,99202,0,1,46,Others,3,1,35,14,0,0,1,2,8,1,4,2,6,15,Others,1,1,53,,0,37,32,1994,0,0,68,64,42,31,67,1,1,1,19,1,0,0,2,0,99,0,11,5,,,,,0,0,0,0,1,0,0,0,0,0,,,,,,99,,,,,,98541,53,73,165,0,0,0,0,0,1,,97,,,,,,3,09-15-2018,09-15-2018,8,9,0,1,8,9,8,,,0,0,0,8,9,2,401,417,,1,1,,2,1,0,,,,,,,,,,,,,,,,,,,,,,,,,,,,,,0,0,1,0,0,0,1,1,0,0,0,0,1,1,0,0,0,0,0,0,0,1,1,0,1,0,0,0,0,1,0,0,0,0,0,,0,0,0,0,0,0,1,1,0,1,0,1,0,0,1,0,,,,,,18-20,16-25,County road,R,Sunday,Unknown,PV,Not Fatal,0,1,0,0,County Road,County Sheriff,Mason County Sheriff's Office,1,0,1,0,0,,,,,,0,0,0,,,,,,,,,,,,,,,,,,,,,,,,,,,,,,,,,,,
2017,349,3633271,278,08-07-2017,10:00,7,8,Aug,0,63,Spokane,2110,1,0,1,1,1,1,1,3,3,,,,12,0,7,"Sideswipe,Same",278.8,20,1,1,No intersection,3,2,1,2,0,0,2,3,US-2,3RD AVE,-117.411225,47.65345833,99202,0,3,98,Others,60,4,35,14,0,0,1,5,12,1,4,2,6,5,Others,1,1,53,,0,49,40,2015,0,0,12,63,24,17,53,1,1,1,21,1,1,,4,0,20,7,11,4,01/17/2019,23:05,2.11E+11,3042,0,0,3,3,1,0,0,0,0,96,,,,,,0,,,,,,99344,53,65,160,6,1,0,2,0,1,,0,,,,,,0,10-15-2016,10-15-2017,8,1,9,0,0,9,8,,,0,0,0,8,0,2,300,348,,1,1,,2,1,0,,,,,,,,,,,,,,,,,,,,,,,,,,,,,,0,0,0,1,0,0,1,1,0,0,0,0,0,1,0,0,0,0,0,1,0,0,0,1,1,0,0,0,0,1,1,0,0,1,0,,1,0,0,0,0,0,1,1,0,0,0,0,0,0,1,0,,,,,,21-25,16-25,State route,U,Wednesday,Not Used,PV,Hispanic,1,0,0,0,State Route,State Patrol,Washington State Patrol Headquarter,0,1,0,0,0,,,,,,0,0,2,,,,,,,,,,,98,98,98,1,,,,,20,7,,,,,,,,,,,,,,,
2020,349,635077,40,09-09-2020,15:26,9,9,Sep,,63,Spokane,0,1,,1,1,2,1,0,1,1,15:28,15:36,,42,0,0,No vehicle,13.5,1,0,1,No intersection,5,1,2,4,0,0,0,0,CR-N ELK CHATTAROY RD,,-117.2737417,47.99591111,99009,0,1,6,Drive off road,12,2,98,34,0,0,1,2,1,2,2,2,1,14,Making a U turn,1,1,53,,0,85,881,1994,0,0,68,12,,,,,1,1,54,1,0,,0,0,3,0,11,0,,,,,1,0,0,2,1,48,0,0,0,96,,,,,,0,,,,,,99349,53,72,216,1,1,0,1,0,2,,69,,,,,,0,02-15-2018,06-15-2018,20,0,0,0,8,9,8,,,0,0,0,8,0,8,95,,,96,,,8,95,995,,,,,,,,,,,,,,,,,,,,,,,,,,,,,,0,0,0,1,0,0,1,1,0,0,0,0,0,1,0,0,0,0,0,1,0,0,0,1,1,0,0,0,0,1,1,0,0,0,0,,0,0,0,0,0,0,0,0,0,0,0,1,0,0,0,0,,,,,,51-55,46-55,State route,U,Wednesday,,MHTRUCK,Not Fatal,1,0,0,0,State Route,State Patrol,Washington State Patrol Headquarter,0,1,0,0,0,,,,,,0,0,1,,,,,,,,,,,0,0,0,0,,,,,20,7,,,,,,,,,,,,,,,
2019,349,634375,129,09-28-2019,21:00,28,9,Sep,,53,Pierce,747,10,0,3,1,2,1,0,3,2,,,,12,0,6,Angle,0,8,0,1,No intersection,7,2,4,6,0,3,0,0,PACIFIC HWY E,,-122.36895,47.24309167,98424,0,2,69,Initial Opposite Direction(Going Straight),62,4,35,2,0,0,1,7,12,1,1,5,5,1,Going Straight,2,1,53,,0,99,884,9999,0,0,8,,,,,,1,1,999,8,0,,9,0,99,7,11,8,,,,,99,9,9,9,1,0,0,0,0,93,,,,,,99,,,,,,99999,99,,999,9,9,99,99,99,99,,97,,,,,,0,,,99,9,0,0,8,9,8,,,0,0,0,8,9,0,0,,,0,,,0,0,996,,,,,,,,,,,,,,,,,,,,,,,,,,,,,,0,0,0,1,0,0,0,0,0,1,0,1,0,0,0,0,1,0,0,0,0,0,0,0,0,0,0,0,0,0,1,1,0,0,0,,0,0,0,0,0,0,0,0,1,0,0,0,0,0,0,0,,,,,,,,City street,U,Tuesday,,MHTRUCK,Not Fatal,1,0,0,0,State Route,Municipal/City Police,Tacoma Police Department,0,1,0,0,0,,,,,,99,99,99,,,,,,,,,,,98,98,98,0,,,,,20,7,,,,,,,,,,,,,,,
2019,349,634374,129,09-28-2019,21:00,28,9,Sep,,53,Pierce,747,10,0,3,1,2,1,0,3,2,,,,12,0,6,Angle,0,8,0,1,No intersection,7,2,4,6,0,3,0,0,PACIFIC HWY E,,-122.36895,47.24309167,98424,0,1,68,Initial Opposite Direction(Left/Right),15,2,35,34,0,0,1,7,12,1,1,5,5,11,Turning Red: Permitted on red,1,1,53,,0,35,47,2013,0,0,12,,,,,,1,1,38,1,0,,2,0,3,0,11,8,,,,,0,0,0,3,1,0,0,0,0,96,,,,,,0,,,,,,98031,53,69,200,6,1,0,0,0,0,,0,,,,,,0,,,1,0,0,0,8,9,8,,,0,0,0,8,0,8,95,,,96,,,8,95,995,,,,,,,,,,,,,,,,,,,,,,,,,,,,,,0,0,0,1,0,0,0,0,0,0,0,0,0,1,0,0,0,0,0,1,0,0,0,0,0,0,0,0,0,1,0,0,0,0,0,,0,0,0,0,0,0,0,0,0,0,0,0,0,0,0,0,,,,,,36-40,36-45,City street,U,Saturday,Belt Used,PV,Not Fatal,0,1,1,0,City Street,Municipal/City Police,Kent Police Department,0,0,0,1,0,,,,,,0,0,0,,,,,,,,,,,98,98,98,0,,,,,20,7,,,,,,,,,,,,,,,
2018,349,633598,21,10-01-2018,05:59,1,10,Oct,0,25,Grant,0,1,0,2,1,2,1,0,3,2,05:59,06:12,06:46,12,0,6,Angle,22.2,4,0,1,No intersection,5,1,2,4,0,0,0,0,CR-ADAMS RD N,,-119.7681111,47.212525,98848,0,2,69,Initial Opposite Direction(Going Straight),62,4,60,4,0,0,1,7,12,1,1,2,1,1,Going Straight,1,1,53,,0,7,43,2003,0,0,68,12,,,,,1,1,32,2,7,,4,0,20,7,11,8,02/19/2019,15:37,1.96E+11,9461,0,0,3,2,1,28,37,0,0,96,,,,,,99,,,,,,98042,53,61,140,1,1,1,2,1,0,,0,,,,,,0,12-15-2016,02-15-2019,8,0,0,0,0,9,8,,,0,0,0,8,9,8,95,,,96,,,8,95,995,,,,,,,,,,,,,,,,,,,,,,,,,,,,,,0,0,0,1,0,0,0,0,0,0,0,0,0,1,0,0,0,0,0,1,0,0,0,0,0,0,0,0,0,1,0,0,0,1,0,,1,0,0,0,0,0,0,0,0,0,0,1,0,0,0,0,,,,,,31-35,26-35,City street,U,Saturday,Not Used,PV,White,0,1,1,0,City Street,Municipal/City Police,Kent Police Department,0,0,0,1,0,,,,,,0,0,5,,,,,,,,,,,98,98,98,1,,,,,20,7,,,,,,,,,,,,,,,
2018,349,633597,21,10-01-2018,05:59,1,10,Oct,0,25,Grant,0,1,0,2,1,2,1,0,3,2,05:59,06:12,06:46,12,0,6,Angle,22.2,4,0,1,No intersection,5,1,2,4,0,0,0,0,CR-ADAMS RD N,,-119.7681111,47.212525,98848,0,1,68,Initial Opposite Direction(Left/Right),15,2,60,4,0,0,1,7,12,1,1,2,1,11,Turning Red: Permitted on red,2,1,53,,0,63,33,2008,0,0,64,43,,,,,1,1,85,2,7,,4,0,99,7,11,8,02-04-2019,13:50,2.23E+11,5107,0,0,0,3,1,0,0,0,0,92,,,,,,99,,,,,,98444,53,62,160,6,1,0,0,0,0,,0,,,,,,0,,,1,0,0,0,0,9,8,,,0,0,0,8,9,2,1,,,1,,,2,1,0,,,,,,,,,,,,,,,,,,,,,,,,,,,,,,0,0,1,1,0,0,0,0,0,0,0,0,0,0,0,0,1,0,0,0,0,0,0,0,0,1,1,1,0,1,0,0,0,0,0,,1,0,0,0,0,0,0,0,1,0,0,0,0,0,0,0,,,,,,81+,76+,City street,U,Sunday,Unknown,PV,White,1,0,0,0,City Street,Municipal/City Police,Tacoma Police Department,0,0,0,1,0,,,,,,0,0,0,,,,,,,,,,,98,98,98,1,,,,,20,7,,,,,,,,,,,,,,,
2019,350,634379,6,10-04-2019,10:04,4,10,Oct,,39,Klickitat,0,1,0,1,1,2,1,0,4,4,,,,12,0,2,Front-to-Front,30.9,1,0,1,No intersection,3,1,1,3,0,3,0,0,SR-97,,-120.6165861,46.02800833,,0,4,98,Others,98,7,60,66,1,0,1,7,12,1,1,2,1,1,Going Straight,1,3,41,,0,85,881,2018,0,0,12,,,,,,1,1,36,1,0,,0,0,3,0,11,0,,,,,6,1,0,3,1,0,0,0,0,0,,,,,,0,,,,,,99206,53,74,260,6,1,0,0,0,0,,0,,,,,,0,,,20,0,0,0,8,9,8,,,0,0,0,8,0,8,95,,,96,,,8,95,995,,,,,,,,,,,,,,,,,,,,,,,,,,,,,,0,0,0,0,1,1,0,1,0,0,0,0,1,0,0,0,0,0,0,1,0,0,0,0,0,0,0,0,0,1,1,0,0,0,0,,0,0,0,0,0,0,0,0,0,0,0,0,0,0,0,0,,,,,,36-40,36-45,US highway,R,Friday,,MHTRUCK,Not Fatal,0,1,1,0,State Route,State Patrol,Washington State Patrol,0,1,0,0,0,,,,,,0,0,0,,,,,,,,,,,98,98,98,0,,,,,20,7,,,,,,,,,,,,,,,
2019,350,634378,6,10-04-2019,10:04,4,10,Oct,,39,Klickitat,0,1,0,1,1,2,1,0,4,4,,,,12,0,2,Front-to-Front,30.9,1,0,1,No intersection,3,1,1,3,0,3,0,0,SR-97,,-120.6165861,46.02800833,,0,3,98,Others,62,4,60,34,0,0,1,7,12,1,1,2,1,1,Going Straight,1,3,41,,0,24,10,2007,0,0,12,12,,,,,1,1,44,2,0,,3,0,3,0,11,8,,,,,0,0,0,3,1,0,0,0,0,96,,,,,,0,,,,,,99156,53,68,270,6,1,0,1,1,0,,0,,,,,,0,12-15-2018,12-15-2018,8,0,0,0,8,9,8,,,0,0,0,8,0,8,95,,,96,,,8,95,995,,,,,,,,,,,,,,,,,,,,,,,,,,,,,,0,0,0,0,1,1,0,1,0,0,0,0,1,0,0,0,0,0,0,1,0,0,0,0,0,0,0,0,0,1,1,0,0,0,0,,0,0,0,0,0,0,0,0,0,0,0,0,0,0,0,0,,,,,,41-45,36-45,US highway,R,Friday,Belt Used,PV,Not Fatal,0,1,1,0,State Route,State Patrol,Washington State Patrol,0,1,0,0,0,,,,,,0,0,1,,,,,,,,,,,98,98,98,0,,,,,20,7,,,,,,,,,,,,,,,
2019,350,634377,6,10-04-2019,10:04,4,10,Oct,,39,Klickitat,0,1,0,1,1,2,1,0,4,4,,,,12,0,2,Front-to-Front,30.9,1,0,1,No intersection,3,1,1,3,0,3,0,0,SR-97,,-120.6165861,46.02800833,,0,2,51,Lateral Move(Going Straight),62,4,60,66,1,0,1,7,12,1,1,2,1,1,Going Straight,1,1,49,,0,48,38,2004,0,0,12,,,,,,1,1,38,1,7,,4,7,20,7,11,0,02-01-2019,20:10,53005709,5709,0,0,0,3,1,28,33,0,0,96,,,,,,9,,,,,,99037,53,70,225,6,1,0,1,0,1,,0,,,,,,4,05-15-2018,09-15-2018,1,2,9,0,0,1,8,,,0,0,0,8,1,2,1,,,1,,,2,1,0.27,,,,,,,,,,,,,,,,,,,,,,,,,,,,,,0,0,0,0,1,1,0,1,0,0,0,0,1,0,0,0,0,0,0,1,0,0,0,0,0,0,0,0,0,1,1,0,0,1,0,,1,0,0,0,0,1,0,1,0,1,0,0,0,1,0,1,,,,,,36-40,36-45,US highway,R,Friday,Not Used,PV,White,0,1,1,0,State Route,State Patrol,Washington State Patrol,0,1,0,0,0,,,,,,0,0,0,,,,,,,,,,,98,98,98,1,,,,,20,7,,,,,,,,,,,,,,,
2017,350,3604498,40,08-15-2017,03:23,15,8,Aug,0,63,Spokane,0,1,0,2,1,2,1,0,1,1,03:31,03:34,,1,0,0,No vehicle,0.2,1,0,1,No intersection,4,2,2,4,0,0,0,0,CR-29TH,,-117.3442361,47.62687222,99223,0,1,98,Others,6,1,35,80,0,0,1,8,1,3,2,2,1,14,Making a U turn,1,1,53,,0,55,999,2001,0,0,12,,,,,,1,1,40,1,0,,0,0,2,0,11,0,,,,,6,0,0,3,1,0,0,0,0,96,,,,,,0,,,,,,98801,53,70,160,6,1,0,0,0,0,,0,,,,,,0,,,20,0,0,0,8,5,2,,,0,0,0,0,0,0,0,,,0,,,0,0,996,,,,,,,,,,,,,,,,,,,,,,,,,,,,,,0,0,0,0,1,1,0,1,0,0,0,0,0,0,0,0,0,0,0,1,0,0,0,0,0,0,0,0,0,1,0,0,0,0,0,,0,0,0,0,0,0,0,0,0,0,0,0,0,0,0,0,,,,,,36-40,36-45,US highway,R,Friday,,NR-U,Not Fatal,0,0,0,0,State Route,State Patrol,Washington State Patrol,0,1,0,0,0,,,,,,0,0,0,,,,,,,,,,,98,98,98,0,,,,,20,7,,,,,,,,,,,,,,,
2021,350,635891,2,09-04-2021,14:42,4,9,Sep,,57,Skagit,0,10,,1,1,2,1,0,4,3,,,,12,0,6,Angle,,2,0,2,4 Way,5,1,2,4,0,0,0,0,CR-JOSH WILSON RD,FARM TO MARKET RD,-122.4444056,48.48668333,,0,3,88,Striking from the Left,66,4,50,4,0,0,1,2,12,1,2,2,1,1,Going Straight,1,2,53,,0,48,34,1998,0,0,12,1,,,,,1,1,47,1,7,,4,0,20,7,11,4,01/25/2019,23:12,2.49E+11,4519,0,0,0,3,1,0,0,0,0,96,,,,,,9,,,,,,98279,53,69,165,6,1,0,0,1,0,,0,,,,,,0,08-15-2016,08-15-2016,1,0,0,0,0,1,8,,,0,0,0,8,1,8,95,,,96,,,2,1,0.09,,,,,,,,,,,,,,,,,,,,,,,,,,,,,,0,0,0,0,1,1,0,1,0,0,0,0,0,0,0,0,0,0,0,1,0,0,0,0,0,0,0,0,0,1,0,0,0,1,0,,1,0,0,0,0,1,0,1,0,0,0,0,0,1,0,1,,,,,,46-50,46-55,US highway,R,Friday,Not Used,PV,White,0,0,0,0,State Route,State Patrol,Washington State Patrol,0,1,0,0,0,,,,,,0,0,0,,,,,,,,,,,0,0,0,1,,,,,20,7,,,,,,,,,,,,,,,
2021,350,635890,2,09-04-2021,14:42,4,9,Sep,,57,Skagit,0,10,,1,1,2,1,0,4,3,,,,12,0,6,Angle,,2,0,2,4 Way,5,1,2,4,0,0,0,0,CR-JOSH WILSON RD,FARM TO MARKET RD,-122.4444056,48.48668333,,0,2,98,Others,66,4,50,14,0,0,1,5,12,1,2,2,1,1,Going Straight,2,2,53,,0,49,33,1992,0,0,12,,,,,,1,1,17,2,0,,1,0,3,0,11,8,,,,,0,0,0,3,1,0,0,0,0,96,,,,,,0,,,,,,98391,53,64,130,6,2,0,0,0,0,,0,,,,,,0,,,1,0,0,0,8,9,8,,,0,0,0,8,0,8,95,,,96,,,8,95,995,,,,,,,,,,,,,,,,,,,,,,,,,,,,,,0,0,0,0,1,1,0,1,0,0,0,0,0,0,0,0,0,0,0,1,1,0,1,0,1,0,0,0,0,1,0,0,0,0,0,,0,0,0,0,0,0,0,0,0,0,0,0,0,0,0,0,,,,,,16-17,16-25,County road,U,Tuesday,Belt Used,PV,Not Fatal,1,0,0,0,County Road,County Sheriff,Law Enforcement Support Agency,0,0,1,0,0,,,,,,0,0,0,,,,,,,,,,,0,0,0,0,,,,,20,7,,,,,,,,,,,,,,,
2021,350,635889,2,09-04-2021,14:42,4,9,Sep,,57,Skagit,0,10,,1,1,2,1,0,4,3,,,,12,0,6,Angle,,2,0,2,4 Way,5,1,2,4,0,0,20,3,CR-JOSH WILSON RD,FARM TO MARKET RD,-122.4444056,48.48668333,,0,1,89,Others,17,2,50,4,0,0,1,2,12,1,2,2,1,1,Going Straight,1,1,53,,0,20,34,1989,0,0,12,12,,,,,1,1,61,1,0,,3,0,3,0,11,5,,,,,6,0,0,3,1,0,0,0,0,96,,,,,,0,,,,,,98391,53,72,240,6,1,0,0,0,0,,0,,,,,,0,,,1,0,0,0,8,9,8,,,0,0,0,8,0,8,95,,,96,,,8,95,995,,,,,,,,,,,,,,,,,,,,,,,,,,,,,,0,0,0,0,1,1,0,1,0,0,0,0,0,0,0,0,0,0,0,1,1,0,1,0,1,0,0,0,0,1,0,0,0,0,0,,0,0,0,0,0,0,0,0,0,0,0,0,0,0,0,0,,,,,,61-65,56-65,County road,U,Tuesday,Belt Used,PV,Not Fatal,1,0,0,0,County Road,County Sheriff,Law Enforcement Support Agency,0,0,1,0,0,,,,,,0,0,0,,,,,,,,,,,0,0,0,0,,,,,20,7,,,,,,,,,,,,,,,
2020,350,635083,3,08-19-2020,15:16,19,8,Aug,,53,Pierce,0,10,,1,1,2,1,0,6,4,15:14,15:24,16:02,12,0,2,Front-to-Front,47,1,0,1,No intersection,3,2,1,3,0,0,0,0,SR-7,,-122.4300917,47.07997222,98387,0,4,50,Lateral Move(Left/Right),10,2,40,2,0,0,1,2,12,1,1,5,5,1,Going Straight,1,2,53,,0,12,471,2009,0,0,12,,,,,,1,1,61,1,0,,0,0,3,0,11,0,,,,,6,0,3,3,1,0,0,0,0,96,,,,,,9,,,,,,98391,53,71,220,6,1,0,5,1,0,,97,,,,,,0,04-15-2014,06-15-2017,1,0,0,0,8,1,8,,,0,0,0,8,1,2,1,,,1,,,2,1,0.16,,,,,,,,,,,,,,,,,,,,,,,,,,,,,,0,0,0,0,1,1,0,1,0,0,0,0,0,0,0,0,0,0,0,1,1,0,1,0,1,0,0,0,0,1,0,0,0,0,0,,0,0,0,0,0,1,0,1,0,0,0,0,0,1,0,1,,,,,,61-65,56-65,County road,U,Tuesday,Belt Used,PV,Not Fatal,1,0,0,0,County Road,County Sheriff,Law Enforcement Support Agency,0,0,1,0,0,,,,,,0,0,0,,,,,,,,,,,98,98,98,0,,,,,20,7,,,,,,,,,,,,,,,
2020,350,635082,3,08-19-2020,15:16,19,8,Aug,,53,Pierce,0,10,,1,1,2,1,0,6,4,15:14,15:24,16:02,12,0,2,Front-to-Front,47,1,0,1,No intersection,3,2,1,3,0,0,0,0,SR-7,,-122.4300917,47.07997222,98387,0,3,98,Others,98,7,40,4,0,0,1,2,12,1,1,5,5,1,Going Straight,1,1,53,,0,85,881,1999,0,0,12,,,,,,1,1,81,1,0,,0,0,3,0,11,0,,,,,6,1,3,3,1,0,0,0,0,96,,,,,,0,,,,,,99005,53,68,200,6,1,0,1,4,0,,0,,,,,,0,01-15-2014,09-15-2017,20,0,0,0,8,9,2,,,0,0,0,0,0,8,95,,,96,,,8,95,995,,,,,,,,,,,,,,,,,,,,,,,,,,,,,,0,0,0,0,1,0,0,0,0,0,0,0,0,0,0,0,0,0,0,0,0,0,0,0,0,1,1,1,0,1,1,0,0,0,0,,0,0,0,0,0,0,0,0,0,0,0,0,0,0,0,0,,,,,,81+,76+,US highway,R,Friday,,MHTRUCK,Not Fatal,0,1,1,0,State Route,State Patrol,Washington State Patrol,0,1,0,0,0,,,,,,0,0,0,,,,,,,,,,,0,0,0,0,,,,,20,7,,,,,,,,,,,,,,,
2020,350,635081,3,08-19-2020,15:16,19,8,Aug,,53,Pierce,0,10,,1,1,2,1,0,6,4,15:14,15:24,16:02,12,0,2,Front-to-Front,47,1,0,1,No intersection,3,2,1,3,0,0,0,0,SR-7,,-122.4300917,47.07997222,98387,0,2,98,Others,98,7,40,14,0,0,1,2,12,1,1,5,5,1,Going Straight,1,1,53,,0,35,39,2012,0,0,68,12,,,,,1,1,67,1,7,,4,7,3,0,11,0,01/25/2019,15:05,53004837,4837,0,0,0,3,1,28,0,0,0,96,,,,,,99,,,,,,99224,53,70,170,6,1,0,2,1,0,,0,,,,,,0,03-15-2016,05-15-2016,8,0,0,0,0,1,8,,,0,0,0,8,1,2,1,,,1,,,2,1,0,,,,,,,,,,,,,,,,,,,,,,,,,,,,,,0,0,0,0,1,0,0,0,0,0,0,0,0,0,0,0,0,0,0,0,0,0,0,0,0,1,1,1,0,1,1,0,0,0,0,,1,0,0,0,0,0,0,0,0,0,0,0,0,0,0,1,,,,,,66-70,66-75,US highway,R,Friday,Belt Used,PV,White,0,1,1,0,State Route,State Patrol,Washington State Patrol,0,1,0,0,0,,,,,,0,0,0,,,,,,,,,,,98,98,98,1,,,,,20,7,,,,,,,,,,,,,,,
2020,350,635080,3,08-19-2020,15:16,19,8,Aug,,53,Pierce,0,10,,1,1,2,1,0,6,4,15:14,15:24,16:02,12,0,2,Front-to-Front,47,1,0,1,No intersection,3,2,1,3,0,0,0,0,SR-7,,-122.4300917,47.07997222,98387,0,1,51,Lateral Move(Going Straight),62,4,40,15,0,0,1,2,12,1,1,5,5,1,Going Straight,3,1,53,,0,54,35,2000,0,0,67,68,64,40,42,30,1,1,27,1,0,,3,0,3,0,11,8,,,,,0,0,3,2,1,0,0,0,0,96,,,,,,9,,,,,,98208,53,69,200,1,1,1,1,1,3,,97,,,,,,4,04-15-2015,01-15-2018,1,1,9,0,8,9,8,,,0,0,0,8,1,2,1,,,1,,,2,1,0.064,,,,,,,,,,,,,,,,,,,,,,,,,,,,,,0,0,0,0,1,0,0,0,0,0,0,0,1,1,0,0,0,0,0,0,0,0,0,0,0,0,0,0,0,1,0,0,0,0,0,,0,0,0,0,1,0,0,0,0,1,0,1,1,0,0,1,,,,,,26-30,26-35,City street,U,Sunday,Belt Used,PV,Not Fatal,0,1,0,0,City Street,Municipal/City Police,Everett Police Department,1,0,0,1,0,,,,,,0,1,5,,,,,,,,,,,98,98,98,0,,,,,20,7,,,,,,,,,,,,,,,