year,something,Cases,repjur,crash_dt,crash_tm,accday,Month,Month,holiday,county,co_char,city,weather,weather2,lightcond,surfcond,surftype,Number of Fatalities,nmforms,pforms,vforms,not_tm,arr_tm,hosp_tm,fhevent,hitrun,Manner of Collision,Manner of Collision,milepnt,reljunc,reljuncinter,intersectiontype,Intersection Type,funcsystem,landuse,ownership,route,schlbus,spejur,contdev,devfunc,trafid1,trafid2,x,y,zipcode,wk_zone,vnumber,crashtype,Crash Type,criticalevent,criticaleventcat,spdlim,body,trailer,emerg,hazcargo,leave,mhevent,roadalgn,roadprof,traflane,trafflow,Vehicle Manure,Vehicle Manure,numoccs,regowner,regstate,,spuse,make,model,modelyr,vrf1,vrf2,seqevent1,seqevent2,seqevent3,seqevent4,seqevent5,seqevent6,pnumber,ptype,age,sex,hispanic,race,injury,diedscene,restraint,restraintmisuse,seatpos,takehosp,death_dt,death_tm,cert,cernum_wa,commlic,licendor,licrestrict,liccomp,drivpres,drf1,drf2,drf3,drf4,distract1,distract2,distract3,distract4,distract5,distract6,dricond1,dricond2,dricond3,dricond4,dricond5,dricond6,dzip,licstate,drhgt_in,weight,noncdl,noncdltype,prevdwi,prevoth,prevacc,prevspd,prevsus,driviol1,driviol2,driviol3,driviol4,driviol5,driviol6,spdrel,first_dt,last_dt,airbag,ejection,ejectpath,extricat,injurwrk,methalc,methdrug,nmlocat,strikveh,prf1,prf2,prf3,druginv,alcinvol,drugsts,drugres1,drugres2,drugres3,drugtst1,drugtst2,drugtst3,alcsts,alctst,alcres,nmact1,nmact2,nmact3,nmact4,nmact5,nmact6,nmprior1,nmprior2,nmprior3,nmprior4,nmprior5,nmprior6,nmcond1,nmcond2,nmcond3,nmcond4,nmcond5,nmcond6,nmsafe_helmet,nmsafe_pads,nmsafe_oth,nmprev_ref,nmprev_lgt,nmprev_oth,crashlocation,nmcrashtype,crosswalk,schoolzone,sidewalk,train_inv,wildlife_inv,rotr_fars,intersect_fars,Drink and Drive,aid_inv,Drug Positive Drivers,Impaired Drivers,Marijuana Positive,impnm_inv,ainm_inv,dpnm_inv,speed_inv,unlic_inv,unendmc_inv,drowsy_inv,drdist_inv,nmdist_inv,fty_inv,unrestfat_inv,dr1617_inv,dr1820_inv,dr1620_inv,dr2125_inv,dr1625_inv,dr65_inv,dr70_inv,dr75_inv,mc_inv,pv_inv,ht_inv,ped_inv,bike_inv,unrest_fat,mc_fat,unhelmet_mc,pv_fat,ht_fat,ped_fat,bike_fat,dr_alc7,dr_alc8,dr_drug,dr_imp,dr_dist,dr_spd,dr_fty,dr_unlic,dr_alc7only,dr_alc8only,dr_drugonly,dr_drink,nm_imp,nm_alc7,nm_alc8,nm_drug,nm_dist,agegrp1,agegrp2,roadclass,urbrur,dayweek,restuse,vehtype,race_me,intersect,lanedep,oppdir,wrongway,rep_typ,investag,repag_long,rotr,st_rd,cty_rd,city_rd,oth_rd,drug_thc,thc_res,drug_cthc,cthc_res,drug_cann,prevpersemin,prevperse,prevsusoth,drugtst4,drugtst5,drugtst6,drugtst7,drugtst8,drugres4,drugres5,drugres6,drugres7,drugres8,adspresent,adsengaged,adslevel,race1,race2,race3,race4,race5,helmet,helmetmisuse,nmdistract1,nmdistract2,nmdistract3,nmdistract4,nmdistract5,nmdistract6,lab,isedtcase,crf1,crf2,crf3,CoRoadName,CoMP,IntCoRoadName,IntCoMP
2019,350,634376,6,10-04-2019,10:04,4,10,Oct,,39,Klickitat,0,1,0,1,1,2,1,0,4,4,,,,12,0,2,Front-to-Front,30.9,1,0,1,No intersection,3,1,1,3,0,3,0,0,SR-97,,-120.6165861,46.02800833,,0,1,50,Lateral Move(Left/Right),10,2,98,5,0,0,1,7,12,1,1,2,1,6,Others,1,1,53,,0,12,471,1998,0,0,63,69,68,64,1,,1,1,57,2,7,,4,0,20,7,11,8,01/25/2019,12:15,2.11E+11,4423,0,0,0,2,1,58,0,0,0,6,,,,,,0,,,,,,73128,40,64,150,1,1,0,2,1,0,,0,,,,,,0,04-15-2014,02-15-2015,20,1,9,0,0,9,8,,,0,0,0,8,0,8,95,,,96,,,8,95,995,,,,,,,,,,,,,,,,,,,,,,,,,,,,,,0,0,1,0,0,0,0,0,0,0,0,0,0,1,0,0,1,0,0,1,0,0,0,0,0,0,0,0,0,1,0,0,0,1,0,,1,0,0,0,0,0,0,0,1,0,0,1,0,0,0,0,,,,,,56-60,56-65,State route,R,Friday,Not Used,PV,White,0,1,0,0,State Route,State Patrol,Washington State Patrol,1,1,0,0,0,,,,,,0,0,0,,,,,,,,,,,0,0,0,1,,,,,20,7,,,,,,,,,,,,,,,
2018,350,633600,8,09-24-2018,14:55,24,9,Sep,0,27,Grays Harbor,0,1,0,1,1,2,1,0,2,2,,,,12,0,6,Angle,2.9,2,0,3,T Intersection,3,2,1,3,0,0,0,0,SR-12,ABERDEEN LAKE RD,-123.7543417,46.978475,98520,0,2,83,Others,67,4,50,34,1,0,1,5,12,1,1,4,1,1,Going Straight,1,1,53,,0,37,31,2017,0,0,8,,,,,,1,1,96,2,0,0,0,0,3,0,11,0,,,,,0,0,0,3,1,0,0,0,0,96,,,,,,0,,,,,,98516,53,62,130,6,1,0,0,0,0,,0,,,,,,0,,,20,0,0,0,8,9,8,,,0,0,0,8,0,8,95,,,96,,,8,95,995,,,,,,,,,,,,,,,,,,,,,,,,,,,,,,0,0,0,0,0,0,0,0,0,0,0,0,0,0,0,0,0,0,0,0,0,0,0,0,0,1,1,1,0,1,0,1,0,0,0,,0,0,0,0,0,0,0,0,0,0,0,0,0,0,0,0,,,,,,81+,76+,City street,U,Sunday,Belt Used,PV,Not Fatal,0,0,0,0,City Street,Municipal/City Police,Olympia Police Department,0,0,0,1,0,,,,,,0,0,0,,,,,,,,,,,,,,,,,,,,,,,,,,,,,,,,,,,
2018,350,633599,8,09-24-2018,14:55,24,9,Sep,0,27,Grays Harbor,0,1,0,1,1,2,1,0,2,2,,,,12,0,6,Angle,2.9,2,0,3,T Intersection,3,2,1,3,0,0,20,3,SR-12,ABERDEEN LAKE RD,-123.7543417,46.978475,98520,0,1,82,Turn Into Opp Direction(Turning Left),11,2,50,6,0,0,1,7,12,4,1,2,1,11,Turning Red: Permitted on red,1,1,53,,0,35,51,2015,0,0,12,,,,,,1,1,64,2,7,,4,7,3,0,11,0,01/18/2019,10:10,53003052,3052,0,0,3,3,1,0,0,0,0,96,,,,,,99,,,,,,98550,53,64,210,6,1,0,0,0,1,,0,,,,,,0,06-15-2018,06-15-2018,8,9,0,0,0,9,8,,,0,0,0,8,9,2,1,,,1,,,2,1,0,,,,,,,,,,,,,,,,,,,,,,,,,,,,,,0,0,0,0,0,0,0,0,0,0,0,0,0,0,0,0,0,0,0,0,0,0,0,0,0,0,0,0,0,1,1,0,0,0,0,,1,0,0,0,0,0,0,0,0,0,0,0,0,0,0,0,,,,,,61-65,56-65,US highway,R,Friday,Belt Used,PV,White,0,1,1,0,State Route,State Patrol,WASHINGTON STATE PATROL,0,1,0,0,0,,,,,,0,0,0,,,,,,,,,,,98,98,98,1,,,,,20,7,,,,,,,,,,,,,,,
2021,351,635893,7,09-12-2021,18:50,12,9,Sep,,33,King,2310,10,,1,1,2,1,0,2,2,,,,12,0,7,"Sideswipe,Same",155.2,1,0,1,No intersection,1,2,1,1,0,0,0,0,I-5,,-122.268775,47.47233889,98188,0,2,45,Others,61,4,60,66,1,0,1,2,12,3,1,5,3,14,Making a U turn,1,3,18,,0,87,881,2000,0,0,12,,,,,,1,1,62,1,0,,0,0,3,0,11,0,,,,,6,1,0,3,1,0,0,0,0,96,,,,,,0,,,,,,97391,41,73,280,6,1,0,0,0,0,,0,,,,,,0,,,20,0,0,0,8,9,8,,,0,0,0,8,0,2,1,,,1,,,2,1,0,,,,,,,,,,,,,,,,,,,,,,,,,,,,,,0,0,0,0,0,0,0,0,0,0,0,0,0,0,0,0,0,0,0,0,0,0,0,0,0,0,0,0,0,1,1,0,0,0,0,,0,0,0,0,0,0,0,0,0,0,0,0,0,0,0,0,,,,,,61-65,56-65,US highway,R,Friday,,MHTRUCK,Not Fatal,0,1,1,0,State Route,State Patrol,WASHINGTON STATE PATROL,0,1,0,0,0,,,,,,0,0,0,,,,,,,,,,,98,98,98,0,,,,,20,7,,,,,,,,,,,,,,,
2021,351,635892,7,09-12-2021,18:50,12,9,Sep,,33,King,2310,10,,1,1,2,1,0,2,2,,,,12,0,7,"Sideswipe,Same",155.2,1,0,1,No intersection,1,2,1,1,0,0,0,0,I-5,,-122.268775,47.47233889,98188,0,1,47,Others,10,2,60,34,0,0,1,2,12,3,1,5,3,15,Others,1,2,53,,0,12,481,1986,0,0,68,64,42,,,,1,1,18,1,7,,4,7,3,0,11,0,01/13/2019,03:32,53002911,2911,0,0,3,3,1,0,0,0,0,92,,,,,,99,,,,,,98596,53,69,160,6,2,0,0,0,0,,0,,,,,,0,,,20,0,0,0,0,9,8,,,0,0,0,8,9,2,1,,,1,,,2,1,0.21,,,,,,,,,,,,,,,,,,,,,,,,,,,,,,0,0,1,0,1,1,0,1,0,0,0,0,0,0,0,0,1,0,0,0,0,1,1,0,1,0,0,0,0,1,0,0,0,0,0,,1,0,0,0,0,1,0,1,1,0,0,0,0,1,0,1,,,,,,18-20,16-25,County road,R,Sunday,Belt Used,PV,White,0,1,0,0,County Road,County Sheriff,Lewis County Sheriff's Office,1,0,1,0,0,,,,,,0,0,0,,,,,,,,,,,0,0,0,1,,,,,20,7,,,,,,,,,,,,,,,
2020,351,635084,303,09-08-2020,17:15,8,9,Sep,,53,Pierce,2337,1,,1,1,2,1,0,1,1,,,,33,0,0,No vehicle,0,1,0,1,No intersection,4,2,4,6,0,0,0,0,64TH ST W/CHAMBERS CREEK RD W,,-122.5674667,47.19893889,98467,0,1,1,Driver Off Road,13,2,30,80,0,0,1,5,1,3,1,2,1,14,Making a U turn,1,2,53,,0,59,403,2004,0,0,8,,,,,,1,1,58,1,0,,0,0,3,0,11,0,,,,,0,0,3,3,1,0,0,0,0,93,,,,,,0,,,,,,99223,53,73,180,6,1,0,3,2,0,,0,,,,,,0,07-15-2015,07-15-2017,20,0,0,0,8,9,8,,,0,0,0,8,0,2,1,,,1,,,2,1,0,,,,,,,,,,,,,,,,,,,,,,,,,,,,,,0,0,0,1,0,0,0,0,0,0,0,0,0,0,0,0,1,1,0,0,0,0,0,0,0,0,0,0,0,1,0,1,0,0,0,,0,0,0,0,0,0,0,0,1,0,0,0,0,0,0,0,,,,,,56-60,56-65,County road,U,Friday,Belt Used,PV,Not Fatal,1,0,0,0,County Road,County Sheriff,Spokane County Sheriff's Office,0,0,1,0,0,,,,,,0,1,1,,,,,,,,,,,98,98,98,0,,,,,20,7,,,,,,,,,,,,,,,
2019,351,634381,6,09-29-2019,19:05,29,9,Sep,,37,Kittitas,0,4,0,2,10,2,1,0,3,2,,,,12,0,6,Angle,145.5,1,0,1,No intersection,3,1,1,3,0,0,0,0,SR-97,,-120.6435917,47.331025,,0,2,98,Others,62,4,60,4,0,0,1,7,12,2,2,2,1,14,Making a U turn,2,1,53,,0,9,442,1998,0,0,8,,,,,,1,1,51,1,0,,0,0,99,7,11,0,,,,,0,0,0,2,1,91,0,0,0,96,,,,,,99,,,,,,98584,53,72,195,1,1,0,1,0,0,,1,,,,,,0,02-15-2016,06-15-2018,20,0,0,0,8,9,8,,,0,0,0,8,9,8,95,,,96,,,8,95,995,,,,,,,,,,,,,,,,,,,,,,,,,,,,,,0,0,0,0,0,0,0,0,0,0,0,0,0,1,0,0,0,0,0,0,0,0,0,0,0,0,0,0,0,1,0,1,0,0,0,,0,0,0,0,0,0,0,0,0,0,0,1,0,0,0,0,,,,,,51-55,46-55,US highway,R,Sunday,Unknown,PV,Not Fatal,0,0,0,0,State Route,State Patrol,Washington State Patrol,0,1,0,0,0,,,,,,0,0,5,,,,,,,,,,,0,0,0,0,,,,,20,7,,,,,,,,,,,,,,,
2019,351,634380,6,09-29-2019,19:05,29,9,Sep,,37,Kittitas,0,4,0,2,10,2,1,0,3,2,,,,12,0,6,Angle,145.5,1,0,1,No intersection,3,1,1,3,0,0,0,0,SR-97,,-120.6435917,47.331025,,0,1,98,Others,6,1,60,34,0,0,1,7,12,3,2,2,1,14,Making a U turn,1,3,53,,0,84,884,1997,0,0,12,,,,,,1,1,39,1,0,,1,0,3,0,11,8,,,,,6,1,0,3,1,91,0,0,0,96,,,,,,0,,,,,,99001,53,69,275,6,1,0,0,1,0,,89,,,,,,0,11-15-2015,11-15-2015,20,0,0,0,8,9,2,,,0,0,0,0,0,2,1,,,1,,,2,1,0,,,,,,,,,,,,,,,,,,,,,,,,,,,,,,0,0,0,0,0,0,0,0,0,0,0,0,0,0,0,1,1,0,0,0,0,0,0,0,0,0,0,0,0,1,1,0,0,0,0,,0,0,0,0,0,0,0,0,0,0,0,0,0,0,0,0,,,,,,36-40,36-45,US highway,R,Wednesday,,MHTRUCK,Not Fatal,0,0,0,0,State Route,State Patrol,Washington State Patrol,0,1,0,0,0,,,,,,0,0,0,,,,,,,,,,,0,0,0,0,,,,,20,7,,,,,,,,,,,,,,,
2018,351,633601,7,10-07-2018,02:17,7,10,Oct,7,33,King,2310,10,0,3,1,1,4,0,5,1,,,,24,0,0,No vehicle,3.4,1,0,1,No intersection,3,2,1,3,0,0,0,0,SR-518,,-122.2655639,47.46140278,98188,0,1,1,Driver Off Road,13,2,60,34,0,0,1,7,21,3,2,1,4,14,Making a U turn,5,2,53,,0,7,442,1999,0,0,12,,,,,,1,1,35,1,7,,4,7,3,0,11,0,01/23/2019,23:43,53003578,3578,0,0,3,3,1,0,0,0,0,93,,,,,,2,,,,,,99324,53,74,180,6,1,0,1,1,1,,0,,,,,,0,03-15-2016,04-15-2018,1,0,0,0,0,9,8,,,0,0,0,8,0,8,95,,,96,,,8,95,995,,,,,,,,,,,,,,,,,,,,,,,,,,,,,,0,0,0,0,0,0,0,0,0,0,0,0,0,0,0,1,1,0,0,0,0,0,0,0,0,0,0,0,0,1,1,0,0,0,0,,1,0,0,0,0,0,0,0,1,0,0,0,0,0,0,0,,,,,,31-35,26-35,US highway,R,Wednesday,Belt Used,PV,Multiracial,0,0,0,0,State Route,State Patrol,Washington State Patrol,0,1,0,0,0,,,,,,0,0,0,,,,,,,,,,,0,0,0,202,248,,,,20,7,,,,,,,,,,,,,,,
2017,351,632747,337,08-16-2017,09:59,16,8,Aug,0,73,Whatcom,110,10,0,1,1,2,1,0,1,1,,,,31,0,0,No vehicle,0,3,0,6,Roundabout,4,2,4,6,0,0,0,0,BOULEVARD ST,N FOREST ST,-122.4851056,48.74330556,98225,0,1,6,Drive off road,8,1,25,29,0,0,1,2,42,2,1,2,1,10,Others,1,2,53,,0,2,403,2002,0,0,8,,,,,,1,1,21,1,0,,0,0,3,0,11,0,,,,,0,0,0,3,1,0,0,0,0,96,,,,,,0,,,,,,77532,48,,999,6,1,0,1,0,0,,0,,,,,,0,10-15-2016,10-15-2016,20,0,0,0,8,9,8,,,0,0,0,8,0,8,95,,,96,,,8,95,995,,,,,,,,,,,,,,,,,,,,,,,,,,,,,,0,0,0,1,0,0,0,0,0,0,0,0,0,0,0,0,0,0,0,0,0,0,0,1,1,0,0,0,0,1,0,1,0,0,0,,0,0,0,0,0,0,0,0,0,0,0,0,0,0,0,0,,,,,,21-25,16-25,State route,R,Monday,Belt Used,PV,Not Fatal,1,0,0,0,State Route,State Patrol,Washington State Patrol,0,1,0,0,0,,,,,,0,0,0,,,,,,,,,,,98,98,98,0,,,,,20,7,,,,,,,,,,,,,,,
2021,352,635894,163,09-03-2021,17:08,3,9,Sep,,33,King,1050,1,,1,1,2,1,0,3,2,,,,12,0,2,Front-to-Front,0,1,0,1,No intersection,4,2,4,6,0,0,0,0,132ND AVE NE,,-122.1643,47.71495556,98034,0,1,50,Lateral Move(Left/Right),10,2,35,4,0,0,1,2,12,2,2,3,5,14,Making a U turn,1,2,16,,0,12,481,1998,0,0,8,,,,,,1,1,57,2,0,,0,0,3,0,11,0,,,,,0,0,3,3,1,0,0,0,0,96,,,,,,0,,,,,,98321,53,65,300,6,1,0,0,0,0,,0,,,,,,0,,,20,0,0,0,8,9,8,,,0,0,0,8,0,2,1,,,1,,,2,1,0,,,,,,,,,,,,,,,,,,,,,,,,,,,,,,0,0,0,0,0,0,0,0,0,0,0,0,0,0,0,0,0,1,0,0,0,0,0,0,0,0,0,0,0,1,0,1,0,0,0,,0,0,0,0,0,0,0,0,0,0,0,0,0,0,0,0,,,,,,56-60,56-65,State route,U,Tuesday,Belt Used,PV,Not Fatal,0,0,0,0,State Route,Municipal/City Police,Auburn Police Department,0,1,0,0,0,,,,,,0,0,0,,,,,,,,,,,0,0,0,0,,,,,20,7,,,,,,,,,,,,,,,
2019,352,634382,160,10-02-2019,14:39,2,10,Oct,,33,King,1030,1,0,1,1,2,1,0,2,2,,,,12,0,2,Front-to-Front,4.9,2,0,2,4 Way,3,2,1,3,0,0,3,3,SR-516,SR-167,-122.2458472,47.37803333,98032,0,1,69,Initial Opposite Direction(Going Straight),54,3,35,80,0,0,1,7,12,1,1,6,1,6,Others,1,2,32,,0,72,706,2014,0,0,68,64,42,,,,1,1,28,1,7,,4,7,20,7,11,0,01/18/2019,02:32,53002970,2970,0,0,0,3,1,0,0,0,0,96,,,,,,99,,,,,,98249,53,74,200,6,1,0,0,0,0,,0,,,,,,0,,,20,8,0,0,0,9,8,,,0,0,0,8,9,2,401,996,,1,1,,2,1,0.221,,,,,,,,,,,,,,,,,,,,,,,,,,,,,,0,0,1,0,1,1,1,1,0,0,0,0,0,0,0,0,0,0,0,0,0,0,0,0,0,0,0,0,1,0,0,0,0,0,1,0,0,0,0,0,0,1,1,1,0,0,0,0,0,0,0,1,,,,,,26-30,26-35,County road,R,Friday,,MC,White,0,1,0,0,County Road,County Sheriff,King County Police,1,0,1,0,0,,,,,,0,0,0,,,,,,,,,,,0,0,0,1,,,,,19,0,,,,,,,,,,,,,,,
2021,352,635895,163,09-03-2021,17:08,3,9,Sep,,33,King,1050,1,,1,1,2,1,0,3,2,,,,12,0,2,Front-to-Front,0,1,0,1,No intersection,4,2,4,6,0,0,0,0,132ND AVE NE,,-122.1643,47.71495556,98034,0,2,51,Lateral Move(Going Straight),62,4,35,34,0,0,1,2,12,3,2,3,5,14,Making a U turn,2,1,53,,0,87,882,2013,0,0,12,,,,,,1,1,48,8,0,,1,0,3,0,11,4,,,,,6,1,3,3,1,0,0,0,0,96,,,,,,0,,,,,,98579,53,69,210,6,1,0,0,1,0,,0,,,,,,0,10-15-2014,10-15-2014,20,0,0,0,8,9,2,,,0,0,0,0,0,8,95,,,96,,,8,95,995,,,,,,,,,,,,,,,,,,,,,,,,,,,,,,0,0,0,0,1,0,1,1,1,0,0,0,0,0,0,0,0,0,0,0,0,0,0,0,0,0,0,0,0,1,1,0,0,0,0,,0,0,0,0,0,0,0,0,0,0,0,0,0,0,0,0,,,,,,46-50,46-55,US highway,R,Wednesday,,MHTRUCK,Not Fatal,0,1,1,0,State Route,State Patrol,Washington State Patrol,0,1,0,0,0,,,,,,0,0,0,,,,,,,,,,,98,98,98,0,,,,,20,7,,,,,,,,,,,,,,,
2020,352,635069,31,08-22-2020,16:20,22,8,Aug,,45,Mason,0,1,,1,1,2,1,0,2,2,,,,12,0,6,Angle,1.8,2,0,2,4 Way,5,1,2,4,0,0,0,0,CR-NE BELFAIR TAHUYA RD,ELFENDAHL PASS RD,-122.9142722,47.43988056,98528,0,2,88,Striking from the Left,66,4,50,61,0,0,1,2,12,1,4,2,1,1,Going Straight,1,3,53,,0,35,50,2016,0,0,68,12,,,,,1,1,63,2,7,,4,7,3,0,11,0,01/23/2019,14:35,53004628,4628,0,0,3,3,1,28,0,0,0,96,,,,,,99,,,,,,98377,53,65,179,6,1,0,0,1,0,,0,,,,,,0,09-15-2017,09-15-2017,8,0,0,0,0,9,8,,,0,0,0,8,9,2,695,605,151,1,1,1,2,1,0.014,,,,,,,,,,,,,,,,,,,,,,,,,,,,,,0,0,0,0,1,0,1,1,1,0,0,0,0,0,0,0,0,0,0,0,0,0,0,0,0,0,0,0,0,1,1,0,0,0,0,,1,0,0,0,1,0,1,1,0,0,0,0,0,0,0,1,,,,,,61-65,56-65,US highway,R,Wednesday,Belt Used,PV,White,0,1,1,0,State Route,State Patrol,Washington State Patrol,0,1,0,0,0,thc,35,carboxy-thc,850,,0,0,0,,,,,,,,,,,98,98,98,1,,,,,20,7,,,,,,,nms,,,,,,,,
2020,352,635068,31,08-22-2020,16:20,22,8,Aug,,45,Mason,0,1,,1,1,2,1,0,2,2,,,,12,0,6,Angle,1.8,2,0,2,4 Way,5,1,2,4,0,0,20,3,CR-NE BELFAIR TAHUYA RD,ELFENDAHL PASS RD,-122.9142722,47.43988056,98528,0,1,89,Others,17,2,45,90,0,0,1,2,12,1,4,2,1,4,Others,1,2,53,,0,2,403,2000,0,0,63,1,,,,,1,1,22,1,0,,0,0,20,7,11,0,,,,,0,0,3,3,1,0,0,0,0,96,,,,,,0,,,,,,98361,53,74,155,6,1,0,0,0,0,,97,,,,,,0,,,20,0,0,0,8,9,8,,,0,0,0,8,0,2,695,605,,1,1,,2,1,0,,,,,,,,,,,,,,,,,,,,,,,,,,,,,,0,0,1,0,0,0,1,1,1,0,0,0,0,0,0,0,0,0,0,1,0,0,0,1,1,0,0,0,0,1,0,0,0,0,0,,0,0,0,0,0,0,1,1,0,0,0,0,0,0,1,0,,,,,,21-25,16-25,County road,R,Friday,Not Used,PV,Not Fatal,0,1,0,0,County Road,County Sheriff,Lewis County Sheriff's Office,1,0,1,0,0,thc,5.4,carboxy-thc,59,,0,0,0,,,,,,,,,,,98,98,98,0,,,,,20,7,,,,,,,,,,,,,,,
2019,352,634383,160,10-02-2019,14:39,2,10,Oct,,33,King,1030,1,0,1,1,2,1,0,2,2,,,,12,0,2,Front-to-Front,4.9,2,0,2,4 Way,3,2,1,3,0,0,3,3,SR-516,SR-167,-122.2458472,47.37803333,98032,0,2,68,Initial Opposite Direction(Left/Right),63,4,35,61,0,0,1,7,12,1,1,5,1,11,Turning Red: Permitted on red,1,3,53,,0,85,881,2008,0,0,12,,,,,,1,1,44,1,0,,0,0,3,0,11,0,,,,,6,1,0,3,1,0,0,0,0,96,,,,,,0,,,,,,98363,53,73,240,6,1,0,0,0,0,,0,,,,,,0,,,20,0,0,0,8,9,2,,,0,0,0,0,0,8,95,,,96,,,8,95,995,,,,,,,,,,,,,,,,,,,,,,,,,,,,,,0,0,0,0,0,0,1,1,0,0,0,0,0,0,0,0,0,0,0,0,0,0,0,0,0,1,0,0,0,1,1,0,0,0,0,,0,0,0,0,0,0,0,0,0,0,0,0,0,0,0,0,,,,,,41-45,36-45,US highway,R,Wednesday,,MHTRUCK,Not Fatal,0,1,1,0,State Route,State Patrol,Washington State Patrol,0,1,0,0,0,,,,,,0,0,0,,,,,,,,,,,98,98,98,0,,,,,20,7,,,,,,,,,,,,,,,
2018,352,633602,160,10-06-2018,22:28,6,10,Oct,7,33,King,1030,1,0,3,1,2,1,1,1,1,,,,8,0,0,No vehicle,2.7,1,0,1,No intersection,4,2,1,3,0,0,0,0,SR-515,,-122.1970528,47.41034722,98031,0,1,13,Pedestrian/Animal,80,5,40,15,0,0,1,7,8,1,1,5,5,1,Going Straight,1,1,53,,0,24,1,1996,0,0,68,12,,,,,1,1,65,1,7,,4,7,3,0,11,0,01-09-2019,05:19,53001542,1542,0,0,3,3,1,28,0,0,0,96,,,,,,99,,,,,,98337,53,75,220,6,1,0,0,0,0,,0,,,,,,0,01-15-2015,03-15-2016,1,0,0,0,0,9,8,,,0,0,0,8,9,2,401,417,,1,1,,2,1,0,,,,,,,,,,,,,,,,,,,,,,,,,,,,,,0,0,0,0,0,0,1,1,0,0,0,0,0,0,0,0,0,0,0,0,0,0,0,0,0,1,0,0,0,1,1,0,0,0,0,,1,0,0,0,0,0,1,1,0,0,0,0,0,0,1,0,,,,,,61-65,56-65,US highway,R,Wednesday,Belt Used,PV,White,0,1,1,0,State Route,State Patrol,Washington State Patrol,0,1,0,0,0,,,,,,0,0,2,,,,,,,,,,,0,0,0,1,,,,,20,7,,,,,,,,,,,,,,,
2017,352,632799,206,09-01-2017,23:33,1,9,Sep,6,61,Snohomish,1407,1,0,3,1,2,1,0,2,1,23:33,23:42,00:11,42,0,0,No vehicle,0,1,0,1,No intersection,5,2,4,6,0,0,0,0,48TH AVE W,,-122.2976833,47.79785833,98036,0,1,1,Driver Off Road,13,2,25,2,0,0,1,2,42,1,1,2,1,1,Going Straight,2,1,53,,0,20,401,1994,0,0,8,,,,,,1,1,59,1,0,,0,0,3,0,11,0,,,,,0,0,0,3,1,0,0,0,0,96,,,,,,0,,,,,,98011,53,65,175,6,1,0,0,0,0,,0,,,,,,0,,,20,0,0,0,8,9,8,,,0,0,0,8,0,2,1,,,1,,,2,1,0,,,,,,,,,,,,,,,,,,,,,,,,,,,,,,0,0,0,1,0,0,0,0,0,0,0,0,0,0,0,0,0,1,0,0,0,0,0,0,0,0,0,0,0,1,0,1,0,0,0,,0,0,0,0,0,0,0,0,0,0,0,0,0,0,0,0,,,,,,56-60,56-65,City street,U,Tuesday,Belt Used,PV,Not Fatal,1,0,0,0,City Street,Municipal/City Police,Everett Police Department,0,0,0,1,0,,,,,,0,0,0,,,,,,,,,,,0,0,0,0,,,,,20,7,,,,,,,,,,,,,,,
2019,353,634384,1,10-04-2019,10:52,4,10,Oct,,21,Franklin,0,1,0,1,1,1,1,0,1,1,,,,1,0,0,No vehicle,41.8,1,0,1,No intersection,3,1,1,2,0,0,0,0,US-395,,-119.0401611,46.41979722,,0,1,1,Driver Off Road,12,2,70,34,0,0,1,2,1,1,2,2,2,1,Going Straight,1,3,16,,0,54,421,2001,0,0,12,,,,,,1,1,28,1,0,0,2,0,3,0,11,8,,,,,0,0,3,2,1,0,0,0,0,96,,,,,,0,,,,,,98223,53,74,220,1,1,0,2,0,0,,97,,,,,,0,12-15-2015,01-15-2016,1,0,0,0,8,9,8,,,0,0,0,8,0,8,95,,,96,,,8,95,995,,,,,,,,,,,,,,,,,,,,,,,,,,,,,,0,0,0,1,0,0,0,0,0,0,0,0,0,1,0,0,1,0,0,0,0,0,0,0,0,0,0,0,0,1,0,0,0,0,0,,0,0,0,0,0,0,0,0,0,0,0,1,0,0,0,0,,,,,,26-30,26-35,County road,R,Monday,Belt Used,PV,Not Fatal,1,0,0,0,County Road,County Sheriff,Snohomish County Sheriff's Office,0,0,1,0,0,,,,,,0,0,2,,,,,,,,,,,,,,,,,,,,,,,,,,,,,,,,,,,
2017,353,632800,4,09-02-2017,00:06,2,9,Sep,6,1,Adams,0,1,0,2,1,2,1,0,1,1,00:13,00:27,,1,0,0,No vehicle,226.3,1,0,1,No intersection,1,1,1,1,0,0,0,0,I-90,,-118.2966028,47.16491111,,0,1,98,Others,1,1,70,34,0,0,1,2,1,1,1,2,3,1,Going Straight,1,1,30,,0,49,51,2008,0,0,12,68,12,,,,1,1,48,2,0,0,9,0,3,0,11,8,,,,,0,0,0,3,1,0,0,0,0,96,,,,,,0,,,,,,98272,53,65,155,6,1,0,0,0,0,,0,,,,,,0,,,1,0,0,0,8,9,8,,,0,0,0,8,0,8,95,,,96,,,8,95,995,,,,,,,,,,,,,,,,,,,,,,,,,,,,,,0,0,0,1,0,0,0,0,0,0,0,0,0,1,0,0,1,0,0,0,0,0,0,0,0,0,0,0,0,1,0,0,0,0,0,,0,0,0,0,0,0,0,0,0,0,0,0,0,0,0,0,,,,,,46-50,46-55,County road,R,Monday,Belt Used,PV,Not Fatal,1,0,0,0,County Road,County Sheriff,Snohomish County Sheriff's Office,0,0,1,0,0,,,,,,0,0,0,,,,,,,,,,,,,,,,,,,,,,,,,,,,,,,,,,,