year,something,Cases,repjur,crash_dt,crash_tm,accday,Month,Month,holiday,county,co_char,city,weather,weather2,lightcond,surfcond,surftype,Number of Fatalities,nmforms,pforms,vforms,not_tm,arr_tm,hosp_tm,fhevent,hitrun,Manner of Collision,Manner of Collision,milepnt,reljunc,reljuncinter,intersectiontype,Intersection Type,funcsystem,landuse,ownership,route,schlbus,spejur,contdev,devfunc,trafid1,trafid2,x,y,zipcode,wk_zone,vnumber,crashtype,Crash Type,criticalevent,criticaleventcat,spdlim,body,trailer,emerg,hazcargo,leave,mhevent,roadalgn,roadprof,traflane,trafflow,Vehicle Manure,Vehicle Manure,numoccs,regowner,regstate,,spuse,make,model,modelyr,vrf1,vrf2,seqevent1,seqevent2,seqevent3,seqevent4,seqevent5,seqevent6,pnumber,ptype,age,sex,hispanic,race,injury,diedscene,restraint,restraintmisuse,seatpos,takehosp,death_dt,death_tm,cert,cernum_wa,commlic,licendor,licrestrict,liccomp,drivpres,drf1,drf2,drf3,drf4,distract1,distract2,distract3,distract4,distract5,distract6,dricond1,dricond2,dricond3,dricond4,dricond5,dricond6,dzip,licstate,drhgt_in,weight,noncdl,noncdltype,prevdwi,prevoth,prevacc,prevspd,prevsus,driviol1,driviol2,driviol3,driviol4,driviol5,driviol6,spdrel,first_dt,last_dt,airbag,ejection,ejectpath,extricat,injurwrk,methalc,methdrug,nmlocat,strikveh,prf1,prf2,prf3,druginv,alcinvol,drugsts,drugres1,drugres2,drugres3,drugtst1,drugtst2,drugtst3,alcsts,alctst,alcres,nmact1,nmact2,nmact3,nmact4,nmact5,nmact6,nmprior1,nmprior2,nmprior3,nmprior4,nmprior5,nmprior6,nmcond1,nmcond2,nmcond3,nmcond4,nmcond5,nmcond6,nmsafe_helmet,nmsafe_pads,nmsafe_oth,nmprev_ref,nmprev_lgt,nmprev_oth,crashlocation,nmcrashtype,crosswalk,schoolzone,sidewalk,train_inv,wildlife_inv,rotr_fars,intersect_fars,Drink and Drive,aid_inv,Drug Positive Drivers,Impaired Drivers,Marijuana Positive,impnm_inv,ainm_inv,dpnm_inv,speed_inv,unlic_inv,unendmc_inv,drowsy_inv,drdist_inv,nmdist_inv,fty_inv,unrestfat_inv,dr1617_inv,dr1820_inv,dr1620_inv,dr2125_inv,dr1625_inv,dr65_inv,dr70_inv,dr75_inv,mc_inv,pv_inv,ht_inv,ped_inv,bike_inv,unrest_fat,mc_fat,unhelmet_mc,pv_fat,ht_fat,ped_fat,bike_fat,dr_alc7,dr_alc8,dr_drug,dr_imp,dr_dist,dr_spd,dr_fty,dr_unlic,dr_alc7only,dr_alc8only,dr_drugonly,dr_drink,nm_imp,nm_alc7,nm_alc8,nm_drug,nm_dist,agegrp1,agegrp2,roadclass,urbrur,dayweek,restuse,vehtype,race_me,intersect,lanedep,oppdir,wrongway,rep_typ,investag,repag_long,rotr,st_rd,cty_rd,city_rd,oth_rd,drug_thc,thc_res,drug_cthc,cthc_res,drug_cann,prevpersemin,prevperse,prevsusoth,drugtst4,drugtst5,drugtst6,drugtst7,drugtst8,drugres4,drugres5,drugres6,drugres7,drugres8,adspresent,adsengaged,adslevel,race1,race2,race3,race4,race5,helmet,helmetmisuse,nmdistract1,nmdistract2,nmdistract3,nmdistract4,nmdistract5,nmdistract6,lab,isedtcase,crf1,crf2,crf3,CoRoadName,CoMP,IntCoRoadName,IntCoMP
2021,353,635902,349,06-05-2021,15:01,5,6,June,,53,Pierce,0,1,,1,1,2,1,0,7,3,,,,1,0,0,No vehicle,,1,0,1,No intersection,4,1,2,8,0,0,0,0,CR-NORTH GATE RD,,-122.5950611,47.13862222,98493,0,3,98,Others,62,4,45,34,0,0,1,5,12,3,1,2,1,14,Making a U turn,4,1,53,,0,20,461,2013,0,0,12,,,,,,1,1,43,1,0,0,0,0,3,0,11,0,,,,,0,0,3,3,1,26,0,0,0,93,,,,,,0,,,,,,98168,53,74,215,6,1,0,0,1,0,,97,,,,,,0,10-15-2016,10-15-2016,20,0,0,0,8,9,8,,,0,0,0,8,0,8,95,,,96,,,8,95,995,,,,,,,,,,,,,,,,,,,,,,,,,,,,,,0,0,0,1,0,0,0,0,0,0,0,0,0,1,0,0,1,0,0,0,0,0,0,0,0,0,0,0,0,1,0,0,0,0,0,,0,0,0,0,0,0,0,0,1,0,0,0,0,0,0,0,,,,,,41-45,36-45,County road,R,Monday,Belt Used,PV,Not Fatal,1,0,0,0,County Road,County Sheriff,Snohomish County Sheriff's Office,0,0,1,0,0,,,,,,0,0,0,,,,,,,,,,,,,,,,,,,,,,,,,,,,,,,,,,,
2021,353,635901,349,06-05-2021,15:01,5,6,June,,53,Pierce,0,1,,1,1,2,1,0,7,3,,,,1,0,0,No vehicle,,1,0,1,No intersection,4,1,2,8,0,0,0,0,CR-NORTH GATE RD,,-122.5950611,47.13862222,98493,0,2,98,Others,62,4,45,20,0,0,1,2,12,3,1,2,1,14,Making a U turn,2,3,53,,0,30,40,2004,0,0,12,,,,,,1,1,24,2,0,,0,0,3,0,11,0,,,,,0,0,3,3,1,0,0,0,0,0,,,,,,0,,,,,,98031,53,62,220,6,1,0,0,1,0,,0,,,,,,0,01-15-2015,01-15-2015,20,0,0,0,8,9,8,,,0,0,0,8,0,8,95,,,96,,,8,95,995,,,,,,,,,,,,,,,,,,,,,,,,,,,,,,0,0,0,1,0,0,1,1,0,0,0,0,0,0,0,0,0,0,0,1,0,0,0,1,1,0,0,0,0,1,0,0,0,0,0,,0,0,0,0,0,0,0,0,0,0,0,0,0,0,0,0,,,,,,21-25,16-25,State route,U,Friday,Belt Used,PV,Not Fatal,1,0,0,0,State Route,State Patrol,Washington State Patrol,0,1,0,0,0,,,,,,0,0,0,,,,,,,,,,,98,98,98,0,,,,,20,7,,,,,,,,,,,,,,,
2021,353,635900,349,06-05-2021,15:01,5,6,June,,53,Pierce,0,1,,1,1,2,1,0,7,3,,,,1,0,0,No vehicle,,1,0,1,No intersection,4,1,2,8,0,0,0,0,CR-NORTH GATE RD,,-122.5950611,47.13862222,98493,0,1,98,Others,9,1,45,80,0,0,1,5,12,2,1,2,1,14,Making a U turn,1,2,53,,0,52,47,2013,0,0,12,12,,,,,1,1,26,2,0,,0,0,3,0,11,0,,,,,0,0,0,3,1,0,0,0,0,0,,,,,,0,,,,,,98444,53,64,135,6,1,0,0,0,1,,0,,,,,,0,05-15-2014,05-15-2014,20,0,0,0,8,9,8,,,0,0,0,8,0,8,95,,,96,,,8,95,995,,,,,,,,,,,,,,,,,,,,,,,,,,,,,,0,0,0,1,0,0,1,1,0,0,0,0,0,0,0,0,0,0,0,1,0,0,0,1,1,0,0,0,0,1,0,0,0,0,0,,0,0,0,0,0,0,0,0,0,0,0,0,0,0,0,0,,,,,,26-30,26-35,State route,U,Friday,Belt Used,PV,Not Fatal,1,0,0,0,State Route,State Patrol,Washington State Patrol,0,1,0,0,0,,,,,,0,0,0,,,,,,,,,,,98,98,98,0,,,,,20,7,,,,,,,,,,,,,,,
2020,353,635071,6,09-09-2020,18:59,9,9,Sep,,25,Grant,0,5,,1,1,2,1,0,2,2,18:42,18:53,19:25,12,0,6,Angle,40.3,2,0,2,4 Way,4,1,1,3,0,0,0,0,SR-28,K RD NW,-119.7250972,47.24893333,98848,0,2,86,Others,66,4,60,34,0,0,1,2,12,2,1,2,1,14,Making a U turn,1,1,53,,0,7,482,2002,0,0,12,12,,,,,1,1,22,1,0,,0,0,3,0,11,0,,,,,0,0,3,3,1,0,0,0,0,0,,,,,,0,,,,,,98226,53,69,190,6,1,0,2,1,3,,0,,,,,,0,06-15-2015,07-15-2017,20,0,0,0,8,9,8,,,0,0,0,8,0,8,95,,,96,,,8,95,995,,,,,,,,,,,,,,,,,,,,,,,,,,,,,,0,0,0,1,0,0,1,1,0,0,0,0,0,0,0,0,0,0,0,1,0,0,0,1,1,0,0,0,0,1,0,0,0,0,0,,0,0,0,0,0,0,0,0,0,0,0,0,0,0,0,0,,,,,,21-25,16-25,State route,U,Friday,Belt Used,PV,Not Fatal,1,0,0,0,State Route,State Patrol,Washington State Patrol,0,1,0,0,0,,,,,,0,0,0,,,,,,,,,,,98,98,98,0,,,,,20,7,,,,,,,,,,,,,,,
2020,353,635070,6,09-09-2020,18:59,9,9,Sep,,25,Grant,0,5,,1,1,2,1,0,2,2,18:42,18:53,19:25,12,0,6,Angle,40.3,2,0,2,4 Way,4,1,1,3,0,0,20,3,SR-28,K RD NW,-119.7250972,47.24893333,98848,0,1,87,Others,17,2,50,4,0,0,1,2,12,1,1,2,1,4,Others,1,1,53,,0,37,32,1998,0,0,12,,,,,,1,1,64,1,7,,4,0,20,7,11,4,01-11-2019,21:15,2.23E+11,2925,0,0,3,3,1,0,0,0,0,96,,,,,,9,,,,,,98444,53,74,250,6,1,0,1,0,0,,0,,,,,,0,01-15-2015,01-15-2015,1,0,0,0,0,9,8,,,0,0,0,1,9,2,996,996,401,1,1,1,2,1,0,,,,,,,,,,,,,,,,,,,,,,,,,,,,,,0,0,0,1,0,0,1,1,0,0,0,0,0,0,0,0,0,0,0,1,0,0,0,1,1,0,0,0,0,1,0,0,0,1,0,,1,0,0,0,0,0,1,1,0,0,0,0,0,0,1,0,,,,,,61-65,56-65,State route,U,Friday,Not Used,PV,White,1,0,0,0,State Route,State Patrol,Washington State Patrol,0,1,0,0,0,,,,,,0,0,0,1,1,1,,,417,124,996,,,0,0,0,1,,,,,20,7,,,,,,,,,,,,,,,
2018,353,633603,35,10-07-2018,19:50,7,10,Oct,7,53,Pierce,0,1,0,3,1,2,1,1,2,1,,,,8,0,0,No vehicle,2.8,1,0,1,No intersection,5,2,2,4,0,0,0,0,CR-108TH ST S,,-122.4348,47.15930833,98444,0,1,13,Pedestrian/Animal,80,5,35,4,0,0,1,5,8,1,1,2,1,1,Going Straight,2,1,53,,0,12,481,2000,0,0,54,,,,,,1,1,53,1,0,,3,0,3,0,11,5,,,,,0,0,3,3,1,0,0,0,0,96,,,,,,0,,,,,,98271,53,74,205,6,1,0,0,0,0,,0,,,,,,0,,,8,0,0,0,8,9,8,,,0,0,0,8,0,8,95,,,96,,,8,95,995,,,,,,,,,,,,,,,,,,,,,,,,,,,,,,0,0,0,0,0,0,0,0,0,0,0,0,1,0,0,0,0,0,0,0,0,0,0,0,0,1,0,0,0,1,1,0,0,0,0,,0,0,0,0,0,0,0,0,0,0,0,0,0,0,0,0,,,,,,51-55,46-55,Interstate,R,Friday,Belt Used,PV,Not Fatal,0,1,0,0,State Route,State Patrol,Washington State Patrol,1,1,0,0,0,,,,,,0,0,0,,,,,,,,,,,98,98,98,0,,,,,20,7,,,,,,,,,,,,,,,
2019,354,634385,1,09-30-2019,01:29,30,9,Sep,,13,Columbia,0,1,0,2,2,2,1,0,1,1,,,,1,0,0,No vehicle,367.6,1,0,1,No intersection,3,1,1,2,0,0,0,0,US-12,,-117.9517528,46.35675833,99325,0,1,6,Drive off road,12,2,60,66,2,0,1,7,1,2,2,2,1,14,Making a U turn,1,3,16,,0,51,881,2010,0,0,12,,,,,,1,1,67,1,7,,4,7,3,0,11,0,01-04-2019,04:55,53000838,838,6,1,0,3,1,0,0,0,0,96,,,,,,0,,,,,,98221,53,72,200,6,1,0,0,1,0,,0,,,,,,0,11-15-2017,11-15-2017,8,0,0,0,1,9,8,,,0,0,0,8,0,2,1,,,1,,,2,1,0,,,,,,,,,,,,,,,,,,,,,,,,,,,,,,0,0,0,0,0,0,0,0,0,0,0,0,1,0,0,0,0,0,0,0,0,0,0,0,0,1,0,0,0,1,1,0,0,0,0,,0,1,0,0,0,0,0,0,0,0,0,0,0,0,0,0,,,,,,66-70,66-75,Interstate,R,Friday,,MHTRUCK,White,0,1,0,0,State Route,State Patrol,Washington State Patrol,1,1,0,0,0,,,,,,0,0,0,,,,,,,,,,,98,98,98,1,,,,,20,7,,,,,,,,,,,,,,,
2021,354,635903,146,09-13-2021,02:55,13,9,Sep,,77,Yakima,0,1,,2,1,2,1,1,1,1,,,,8,0,0,No vehicle,5.7,1,0,1,No intersection,5,1,2,4,0,3,0,0,CR-LARUE RD,,-120.4199306,46.36095,98948,0,1,13,Pedestrian/Animal,80,5,50,1,0,0,1,2,8,1,1,2,1,1,Going Straight,1,2,53,,0,82,881,2019,0,0,64,99,12,,,,1,1,58,1,0,,2,0,3,0,11,5,,,,,6,1,0,3,1,0,0,0,0,96,,,,,,0,,,,,,98604,53,68,285,6,1,0,0,1,0,,0,,,,,,0,04-15-2018,04-15-2018,8,0,0,0,8,9,8,,,0,0,0,8,0,8,95,,,96,,,8,95,995,,,,,,,,,,,,,,,,,,,,,,,,,,,,,,0,0,0,0,0,0,0,0,0,0,0,0,1,0,0,0,0,0,0,0,0,0,0,0,0,1,0,0,0,1,1,0,0,0,0,,0,0,0,0,0,0,0,0,0,0,0,0,0,0,0,0,,,,,,56-60,56-65,Interstate,R,Friday,,MHTRUCK,Not Fatal,0,1,0,0,State Route,State Patrol,Washington State Patrol,1,1,0,0,0,,,,,,0,0,0,,,,,,,,,,,98,98,98,0,,,,,20,7,,,,,,,,,,,,,,,
2020,354,635072,40,09-12-2020,19:03,12,9,Sep,,63,Spokane,2110,5,,1,1,2,1,0,1,2,19:05,19:11,,33,0,0,No vehicle,9999.8,3,0,3,T Intersection,4,1,4,6,0,0,0,0,CR-S GOVERNMENT WAY,W Greenwood Rd,-117.4644056,47.65650278,99224,0,1,2,Control/Traction Loss,6,1,30,80,0,0,1,2,33,2,2,2,1,14,Making a U turn,1,1,53,,0,51,881,9999,0,0,12,,,,,,1,1,49,1,0,,2,0,2,0,11,8,,,,,6,3,0,3,1,0,0,0,0,96,,,,,,0,,,,,,98409,53,68,173,6,1,0,1,1,0,,0,,,,,,0,10-15-2014,09-15-2017,8,0,0,0,8,9,8,,,0,0,0,8,0,8,95,,,96,,,8,95,995,,,,,,,,,,,,,,,,,,,,,,,,,,,,,,0,0,0,0,0,0,0,0,0,0,0,0,1,0,0,0,0,0,0,0,0,0,0,0,0,1,0,0,0,1,1,0,0,0,0,,0,0,0,0,0,0,0,0,0,0,0,0,0,0,0,0,,,,,,46-50,46-55,Interstate,R,Friday,,MHTRUCK,Not Fatal,0,1,0,0,State Route,State Patrol,Washington State Patrol,1,1,0,0,0,,,,,,0,0,0,,,,,,,,,,,98,98,98,0,,,,,20,7,,,,,,,,,,,,,,,
2018,354,633402,7,07-11-2018,06:52,11,7,July,0,33,King,1960,1,0,1,1,1,1,1,1,1,,,,8,0,0,No vehicle,0.1,20,1,1,No intersection,1,2,1,1,0,0,0,0,I-5 CD16563,,-122.3294833,47.60619444,98138,0,1,13,Pedestrian/Animal,80,5,60,63,0,0,1,5,8,1,2,2,6,1,Going Straight,1,3,53,,0,82,881,2011,0,0,63,25,1,60,54,12,1,1,48,1,0,,3,0,3,0,11,5,,,,,6,1,3,3,1,58,0,0,0,96,,,,,,99,,,,,,98391,53,65,145,6,1,0,0,0,2,,97,,,,,,4,01-15-2015,10-15-2017,99,9,0,0,8,9,8,,,0,0,0,8,0,8,95,,,96,,,8,95,995,,,,,,,,,,,,,,,,,,,,,,,,,,,,,,0,0,0,0,0,0,0,0,0,0,0,0,1,0,0,0,0,0,0,0,0,0,0,0,0,1,0,0,0,1,1,0,0,0,0,,0,0,0,0,0,0,0,0,0,1,0,0,0,0,0,0,,,,,,46-50,46-55,Interstate,R,Friday,,MHTRUCK,Not Fatal,0,1,0,0,State Route,State Patrol,Washington State Patrol,1,1,0,0,0,,,,,,0,0,0,,,,,,,,,,,98,98,98,0,,,,,20,7,,,,,,,,,,,,,,,
2017,354,632801,122,09-02-2017,20:27,2,9,Sep,6,61,Snohomish,690,1,0,2,1,2,1,1,1,1,20:27,20:35,21:11,8,0,0,No vehicle,0,1,0,1,No intersection,3,2,4,6,0,0,0,0,AIRPORT RD,,-122.2594667,47.89083056,98204,0,1,13,Pedestrian/Animal,80,5,45,3,0,0,1,5,8,1,1,2,1,1,Going Straight,1,2,53,,0,12,23,2007,0,0,63,42,38,,,,1,1,27,1,7,,4,7,3,0,11,0,01/17/2019,00:00,2.57E+11,2381,0,0,0,3,1,0,0,0,0,96,,,,,,99,,,,,,86510,4,67,145,6,1,0,1,0,0,,0,,,,,,0,04-15-2016,03-15-2017,8,0,0,0,0,9,8,,,0,0,0,8,9,8,95,,,96,,,8,95,995,,,,,,,,,,,,,,,,,,,,,,,,,,,,,,0,0,0,0,0,0,0,0,0,0,0,0,0,0,0,0,0,0,0,0,0,0,0,0,0,0,0,0,0,1,0,0,0,0,0,,1,0,0,0,0,0,0,0,0,0,0,0,0,0,0,0,,,,,,26-30,26-35,Interstate,U,Thursday,Belt Used,PV,AIAN,1,0,0,0,State Route,State Patrol,Washington State Patrol,0,1,0,0,0,,,,,,0,0,4,,,,,,,,,,,98,98,98,3,,,,,20,7,,,,,,,,,,,,,,,
2021,355,635904,13,09-06-2021,18:50,6,9,Sep,,9,Clallam,0,1,,1,1,2,1,1,1,1,,,,9,0,0,No vehicle,,1,0,1,No intersection,5,1,2,4,0,0,0,0,CR-OLD OLYMPIC HWY,,-123.2084667,48.10521667,98382,0,1,13,Pedestrian/Animal,11,2,50,4,0,0,1,2,9,1,1,2,1,6,Others,1,1,53,,0,12,17,1999,0,0,8,,,,,,1,1,36,1,0,,0,0,99,7,11,0,,,,,0,0,0,3,1,0,0,0,0,96,,,,,,0,,,,,,99352,53,65,135,6,1,0,0,0,0,,0,,,,,,0,,,20,0,0,0,8,9,8,,,0,0,0,8,0,2,1,,,1,,,2,1,0,,,,,,,,,,,,,,,,,,,,,,,,,,,,,,0,0,0,1,0,0,0,0,0,0,0,0,0,0,0,0,0,0,0,0,0,0,0,0,0,0,0,0,0,1,0,1,0,0,0,,0,0,0,0,0,0,0,0,0,0,0,0,0,0,0,0,,,,,,36-40,36-45,City street,U,Thursday,Unknown,PV,Not Fatal,1,0,0,0,City Street,Municipal/City Police,Kennewick Police Department,0,0,0,1,0,,,,,,0,0,0,,,,,,,,,,,0,0,0,0,,,,,20,7,,,,,,,,,,,,,,,
2020,355,635088,163,09-01-2020,20:38,1,9,Sep,,33,King,1050,1,,1,1,2,1,0,3,3,20:56,20:56,21:08,12,0,1,Front-to-Rear,0,3,0,2,4 Way,3,2,4,6,0,0,3,3,100TH AVE NE,NE 132ND ST,-122.2077306,47.71848056,98034,0,2,21,Others,53,3,35,6,0,0,1,5,12,1,1,4,1,5,Others,1,1,53,,0,48,401,2010,0,0,63,34,69,68,64,42,1,1,59,1,7,,4,7,3,0,11,0,01-02-2019,15:00,53000162,162,0,0,0,3,1,0,0,0,0,93,,,,,,99,,,,,,98619,53,74,205,6,1,0,0,0,0,,0,,,,,,0,,,8,0,0,0,0,9,8,,,0,0,0,8,9,8,95,,,96,,,8,95,995,,,,,,,,,,,,,,,,,,,,,,,,,,,,,,0,0,1,0,0,0,0,0,0,0,0,0,0,0,0,0,1,0,0,0,0,0,0,0,0,0,0,0,0,1,0,0,0,0,0,,1,0,0,0,0,0,0,0,1,0,0,0,0,0,0,0,,,,,,56-60,56-65,County road,R,Wednesday,Belt Used,PV,White,0,1,0,0,County Road,County Sheriff,Klickitat County Sheriff's Office,1,0,1,0,0,,,,,,0,0,0,,,,,,,,,,,98,98,98,1,,,,,20,7,,,,,,,,,,,,,,,
2020,355,635087,163,09-01-2020,20:38,1,9,Sep,,33,King,1050,1,,1,1,2,1,0,3,3,20:56,20:56,21:08,12,0,1,Front-to-Rear,0,3,0,2,4 Way,3,2,4,6,0,0,3,3,100TH AVE NE,NE 132ND ST,-122.2077306,47.71848056,98034,0,1,20,Others,50,3,35,1,0,0,1,5,12,1,1,4,1,1,Going Straight,1,3,53,,0,20,39,2008,0,0,12,,,,,,1,1,66,1,7,,4,0,3,0,11,4,01/13/2019,16:17,1.96E+11,2272,0,0,0,3,1,0,0,0,0,96,,,,,,99,,,,,,98125,53,66,153,6,1,0,1,0,0,,0,,,,,,0,03-15-2017,03-15-2017,8,0,0,0,0,9,8,,,0,0,0,8,9,2,1,,,1,,,2,1,0,,,,,,,,,,,,,,,,,,,,,,,,,,,,,,0,0,0,0,0,0,1,1,1,0,0,0,1,1,0,0,0,0,0,0,0,0,0,0,0,1,0,0,0,1,0,0,0,0,0,,1,0,0,0,0,0,0,0,0,0,0,0,0,0,0,0,,,,,,66-70,66-75,City street,U,Sunday,Belt Used,PV,API,0,0,0,0,City Street,Municipal/City Police,Lynnwood Police Department,0,0,0,1,0,,,,,,0,0,0,,,,,,,,,,,98,98,98,48,,,,,20,7,,,,,,,,,,,,,,,
2019,355,634388,2,10-07-2019,00:44,7,10,Oct,,57,Skagit,0,10,0,2,1,2,1,0,2,2,,,,12,0,2,Front-to-Front,2.4,1,0,1,No intersection,5,1,2,4,0,0,0,0,CR-ALGER CAIN LAKE RD,,-122.3182361,48.64076944,98284,0,2,51,Lateral Move(Going Straight),62,4,45,4,0,0,1,7,12,3,1,2,1,14,Making a U turn,1,1,53,,0,39,39,2017,0,0,12,14,,,,,1,1,29,1,0,,0,0,3,0,11,0,,,,,0,0,0,0,1,0,0,0,0,96,,,,,,9,,,,,,98028,53,67,155,0,0,0,1,0,0,,97,,,,,,3,06-15-2016,04-15-2018,8,0,0,0,8,9,2,,,0,0,0,1,9,2,695,605,,1,1,,2,1,0,,,,,,,,,,,,,,,,,,,,,,,,,,,,,,0,0,0,0,0,0,1,1,1,0,0,0,1,1,0,0,0,0,0,0,0,0,0,0,0,1,0,0,0,1,0,0,0,0,0,,0,0,0,0,0,0,1,1,0,1,0,1,0,0,1,0,,,,,,26-30,26-35,City street,U,Sunday,Belt Used,PV,Not Fatal,0,0,0,0,City Street,Municipal/City Police,Lynnwood Police Department,0,0,0,1,0,thc,2.6,carboxy-thc,16,,0,0,1,,,,,,,,,,,98,98,98,0,,,,,20,7,,,,,,,,,,,,,,,
2019,355,634387,2,10-07-2019,00:44,7,10,Oct,,57,Skagit,0,10,0,2,1,2,1,0,2,2,,,,12,0,2,Front-to-Front,2.4,1,0,1,No intersection,5,1,2,4,0,0,0,0,CR-ALGER CAIN LAKE RD,,-122.3182361,48.64076944,98284,0,1,50,Lateral Move(Left/Right),10,2,45,21,0,0,1,7,12,2,1,2,1,14,Making a U turn,1,3,53,,0,18,7,1989,0,0,15,,,,,,1,1,40,2,0,0,0,0,3,0,11,0,,,,,0,0,3,3,1,0,0,0,0,96,,,,,,0,,,,,,99403,53,66,200,6,1,0,1,0,0,,76,,,,,,0,02-15-2016,02-15-2016,20,0,0,0,8,9,8,,,0,0,0,8,0,2,996,996,401,1,1,1,2,1,0,,,,,,,,,,,,,,,,,,,,,,,,,,,,,,0,0,0,0,0,0,1,1,0,0,0,0,0,0,0,0,0,1,0,0,0,0,0,0,0,0,0,0,0,1,0,1,0,0,0,,0,0,0,0,0,0,1,1,0,0,0,0,0,0,1,0,,,,,,36-40,36-45,US highway,U,Monday,Belt Used,PV,Not Fatal,0,0,0,0,State Route,Municipal/City Police,Clarkston Police Department,0,1,0,0,0,,,,,,0,0,0,1,1,1,,,417,128,177,996,157,,,,,,,,,,,,,,,,,,,,,,,,,
2018,355,633596,25,10-03-2018,04:26,3,10,Oct,0,33,King,1958,5,0,3,1,1,1,1,1,1,,,,8,0,0,No vehicle,15.5,2,0,3,T Intersection,3,2,1,3,0,0,3,3,SR-99,S 176TH ST,-122.2963917,47.44525556,98158,0,1,13,Pedestrian/Animal,80,5,40,15,0,0,1,5,8,1,1,6,1,1,Going Straight,1,1,53,,0,99,999,9999,0,0,63,8,,,,,1,1,18,1,0,,0,0,99,7,11,0,,,,,0,0,0,3,1,0,0,0,0,96,,,,,,99,,,,,,98445,53,69,160,6,1,0,0,1,0,,97,,,,,,0,05-15-2018,05-15-2018,20,0,0,0,8,9,8,,,0,0,0,8,9,8,95,,,96,,,8,95,995,,,,,,,,,,,,,,,,,,,,,,,,,,,,,,0,0,0,0,0,0,0,0,0,1,0,1,0,0,0,0,0,0,0,0,0,1,1,0,1,0,0,0,0,0,0,1,0,0,0,,0,0,0,0,0,0,0,0,0,0,0,0,0,0,0,0,,,,,,18-20,16-25,County road,U,Tuesday,,NR-U,Not Fatal,0,0,0,0,County Road,County Sheriff,Law Enforcement Support Agency,0,0,1,0,0,,,,,,0,0,0,,,,,,,,,,,98,98,98,0,,,,,20,7,,,,,,,,,,,,,,,
2017,355,632807,14,09-06-2017,16:50,6,9,Sep,0,11,Clark,0,1,0,1,1,2,1,0,1,1,16:50,17:00,17:17,39,0,0,No vehicle,1.2,3,0,2,4 Way,4,2,2,4,0,0,0,0,CR-NE UNION RD,155TH ST,-122.6514222,45.73275278,98686,0,1,2,Control/Traction Loss,13,2,40,3,0,0,1,5,39,1,1,2,1,1,Going Straight,1,2,53,,0,12,37,2005,0,0,8,,,,,,1,1,31,1,0,,0,0,3,0,11,0,,,,,0,0,0,3,1,0,0,0,0,96,,,,,,0,,,,,,46613,18,70,220,6,1,0,0,0,0,,0,,,,,,0,,,20,0,0,0,8,9,8,,,0,0,0,8,0,8,95,,,96,,,8,95,995,,,,,,,,,,,,,,,,,,,,,,,,,,,,,,0,0,0,0,0,0,0,0,0,1,1,0,0,0,0,0,0,0,0,0,0,0,0,0,0,0,0,0,0,1,0,1,0,0,0,,0,0,0,0,0,0,0,0,0,0,0,0,0,0,0,0,,,,,,31-35,26-35,State route,R,Tuesday,Belt Used,PV,Not Fatal,0,0,0,0,State Route,State Patrol,Washington State Patrol,0,1,0,0,0,,,,,,0,0,0,,,,,,,,,,,98,98,98,0,,,,,20,7,,,,,,,,,,,,,,,
2020,355,635089,163,09-01-2020,20:38,1,9,Sep,,33,King,1050,1,,1,1,2,1,0,3,3,20:56,20:56,21:08,12,0,1,Front-to-Rear,0,3,0,2,4 Way,3,2,4,6,0,0,3,3,100TH AVE NE,NE 132ND ST,-122.2077306,47.71848056,98034,0,3,98,Others,98,7,35,52,0,0,1,2,12,1,1,5,1,11,Turning Red: Permitted on red,1,3,94,,0,35,47,2004,0,0,8,,,,,,1,1,26,1,0,,2,0,3,0,11,8,,,,,0,0,3,3,1,0,0,0,0,96,,,,,,0,,,,,,98579,53,72,170,6,1,0,2,0,0,,0,,,,,,0,03-15-2015,05-15-2016,20,0,0,0,8,9,2,,,0,0,0,0,0,8,95,,,96,,,8,95,995,,,,,,,,,,,,,,,,,,,,,,,,,,,,,,0,0,0,0,0,0,0,0,0,0,0,0,0,0,0,0,0,0,0,0,0,0,0,0,0,0,0,0,0,1,0,1,0,0,0,,0,0,0,0,0,0,0,0,0,0,0,0,0,0,0,0,,,,,,26-30,26-35,Interstate,U,Sunday,Belt Used,PV,Not Fatal,1,0,0,0,State Route,State Patrol,Washington State Patrol,0,1,0,0,0,,,,,,0,0,1,,,,,,,,,,,98,98,98,0,,,,,20,7,,,,,,,,,,,,,,,
2020,356,634952,6,06-19-2020,11:59,19,6,June,,25,Grant,0,1,,1,1,2,1,0,3,2,,,,12,0,6,Angle,39.6,2,0,2,4 Way,3,1,1,3,0,0,0,0,SR-17,RD 2 SE,-119.1947083,47.05769444,98837,0,2,87,Others,66,4,60,63,0,0,1,2,12,1,1,3,1,1,Going Straight,1,3,53,,0,20,481,2007,0,0,12,,,,,,1,1,27,1,0,,0,0,3,0,11,0,,,,,0,0,0,3,1,0,0,0,0,96,,,,,,0,,,,,,98311,41,71,165,6,1,0,0,0,0,,0,,,,,,0,,,1,0,0,0,8,9,8,,,0,0,0,8,0,2,1,,,1,,,2,1,0,,,,,,,,,,,,,,,,,,,,,,,,,,,,,,0,0,0,0,0,0,0,0,0,0,0,0,1,0,0,0,0,0,0,0,0,0,0,1,1,0,0,0,0,1,0,0,0,0,0,,0,0,0,0,0,0,0,0,0,0,0,0,0,0,0,0,,,,,,26-30,26-35,County road,U,Monday,Belt Used,PV,Not Fatal,0,1,1,0,County Road,County Sheriff,Kitsap County Sheriff's Office,0,0,1,0,0,,,,,,0,0,0,,,,,,,,,,,98,98,98,0,,,,,20,7,,,,,,,,,,,,,,,