year,something,Cases,repjur,crash_dt,crash_tm,accday,Month,Month,holiday,county,co_char,city,weather,weather2,lightcond,surfcond,surftype,Number of Fatalities,nmforms,pforms,vforms,not_tm,arr_tm,hosp_tm,fhevent,hitrun,Manner of Collision,Manner of Collision,milepnt,reljunc,reljuncinter,intersectiontype,Intersection Type,funcsystem,landuse,ownership,route,schlbus,spejur,contdev,devfunc,trafid1,trafid2,x,y,zipcode,wk_zone,vnumber,crashtype,Crash Type,criticalevent,criticaleventcat,spdlim,body,trailer,emerg,hazcargo,leave,mhevent,roadalgn,roadprof,traflane,trafflow,Vehicle Manure,Vehicle Manure,numoccs,regowner,regstate,,spuse,make,model,modelyr,vrf1,vrf2,seqevent1,seqevent2,seqevent3,seqevent4,seqevent5,seqevent6,pnumber,ptype,age,sex,hispanic,race,injury,diedscene,restraint,restraintmisuse,seatpos,takehosp,death_dt,death_tm,cert,cernum_wa,commlic,licendor,licrestrict,liccomp,drivpres,drf1,drf2,drf3,drf4,distract1,distract2,distract3,distract4,distract5,distract6,dricond1,dricond2,dricond3,dricond4,dricond5,dricond6,dzip,licstate,drhgt_in,weight,noncdl,noncdltype,prevdwi,prevoth,prevacc,prevspd,prevsus,driviol1,driviol2,driviol3,driviol4,driviol5,driviol6,spdrel,first_dt,last_dt,airbag,ejection,ejectpath,extricat,injurwrk,methalc,methdrug,nmlocat,strikveh,prf1,prf2,prf3,druginv,alcinvol,drugsts,drugres1,drugres2,drugres3,drugtst1,drugtst2,drugtst3,alcsts,alctst,alcres,nmact1,nmact2,nmact3,nmact4,nmact5,nmact6,nmprior1,nmprior2,nmprior3,nmprior4,nmprior5,nmprior6,nmcond1,nmcond2,nmcond3,nmcond4,nmcond5,nmcond6,nmsafe_helmet,nmsafe_pads,nmsafe_oth,nmprev_ref,nmprev_lgt,nmprev_oth,crashlocation,nmcrashtype,crosswalk,schoolzone,sidewalk,train_inv,wildlife_inv,rotr_fars,intersect_fars,Drink and Drive,aid_inv,Drug Positive Drivers,Impaired Drivers,Marijuana Positive,impnm_inv,ainm_inv,dpnm_inv,speed_inv,unlic_inv,unendmc_inv,drowsy_inv,drdist_inv,nmdist_inv,fty_inv,unrestfat_inv,dr1617_inv,dr1820_inv,dr1620_inv,dr2125_inv,dr1625_inv,dr65_inv,dr70_inv,dr75_inv,mc_inv,pv_inv,ht_inv,ped_inv,bike_inv,unrest_fat,mc_fat,unhelmet_mc,pv_fat,ht_fat,ped_fat,bike_fat,dr_alc7,dr_alc8,dr_drug,dr_imp,dr_dist,dr_spd,dr_fty,dr_unlic,dr_alc7only,dr_alc8only,dr_drugonly,dr_drink,nm_imp,nm_alc7,nm_alc8,nm_drug,nm_dist,agegrp1,agegrp2,roadclass,urbrur,dayweek,restuse,vehtype,race_me,intersect,lanedep,oppdir,wrongway,rep_typ,investag,repag_long,rotr,st_rd,cty_rd,city_rd,oth_rd,drug_thc,thc_res,drug_cthc,cthc_res,drug_cann,prevpersemin,prevperse,prevsusoth,drugtst4,drugtst5,drugtst6,drugtst7,drugtst8,drugres4,drugres5,drugres6,drugres7,drugres8,adspresent,adsengaged,adslevel,race1,race2,race3,race4,race5,helmet,helmetmisuse,nmdistract1,nmdistract2,nmdistract3,nmdistract4,nmdistract5,nmdistract6,lab,isedtcase,crf1,crf2,crf3,CoRoadName,CoMP,IntCoRoadName,IntCoMP
2020,356,634951,6,06-19-2020,11:59,19,6,June,,25,Grant,0,1,,1,1,2,1,0,3,2,,,,12,0,6,Angle,39.6,2,0,2,4 Way,3,1,1,3,0,0,20,3,SR-17,RD 2 SE,-119.1947083,47.05769444,98837,0,1,86,Others,17,2,55,34,0,0,1,2,12,1,1,2,1,1,Going Straight,2,1,53,,0,30,40,2002,0,0,68,12,,,,,1,1,22,1,7,,4,7,3,0,11,0,01/14/2019,06:02,53002047,2047,0,0,0,3,1,87,0,0,0,96,,,,,,99,,,,,,98370,53,72,200,6,1,0,0,0,0,,0,,,,,,4,,,8,0,0,0,0,9,8,,,0,0,0,8,9,2,1,,,1,,,2,1,0,,,,,,,,,,,,,,,,,,,,,,,,,,,,,,0,0,0,0,0,0,0,0,0,0,0,0,1,0,0,0,0,0,0,0,0,0,0,1,1,0,0,0,0,1,0,0,0,0,0,,1,0,0,0,0,0,0,0,0,1,0,0,0,0,0,0,,,,,,21-25,16-25,County road,U,Monday,Belt Used,PV,White,0,1,1,0,County Road,County Sheriff,Kitsap County Sheriff's Office,0,0,1,0,0,,,,,,0,0,0,,,,,,,,,,,98,98,98,1,,,,,20,7,,,,,,,,,,,,,,,
2019,356,634389,25,10-04-2019,22:00,4,10,Oct,,33,King,0,99,0,9,99,4,1,0,1,1,,,,1,0,0,No vehicle,0,1,0,1,No intersection,96,6,96,8,0,0,0,0,SE HUDSON RD - PRIVATE,,-121.8835222,47.31793333,98051,0,1,98,Others,13,2,98,34,0,0,1,7,3,3,3,8,1,13,Others,1,2,53,,0,20,401,2003,0,0,61,63,19,2,,,1,1,60,1,7,,4,0,99,7,11,5,01/13/2019,18:55,1.85E+11,2802,0,0,3,3,1,80,0,0,0,96,,,,,,99,,,,,,99320,53,68,220,6,1,0,2,0,0,,0,,,,,,0,01-15-2015,05-15-2018,20,0,0,0,0,9,8,,,0,0,0,8,9,8,95,,,96,,,8,95,995,,,,,,,,,,,,,,,,,,,,,,,,,,,,,,0,0,0,0,0,0,0,0,0,0,0,0,0,0,0,0,0,0,0,0,0,0,0,0,0,0,0,0,0,1,0,0,0,0,0,,1,0,0,0,0,0,0,0,0,0,0,0,0,0,0,0,,,,,,56-60,56-65,City street,U,Tuesday,Unknown,PV,White,0,1,0,0,City Street,Municipal/City Police,Richland Police Department,1,0,0,1,0,,,,,,0,0,0,,,,,,,,,,,98,98,98,1,,,,,20,7,,,,,,,,,,,,,,,
2018,356,633605,6,10-01-2018,06:05,1,10,Oct,0,25,Grant,0,1,0,2,1,2,1,0,2,2,06:10,06:34,07:12,12,0,6,Angle,1,2,0,2,4 Way,5,1,2,4,0,0,0,0,CR-RD L NE,NELSON RD NE,-119.2358806,47.11628056,98837,0,2,89,Others,66,4,50,4,0,0,1,7,12,1,1,2,1,1,Going Straight,1,1,53,,0,35,473,2004,0,0,8,,,,,,1,1,61,1,0,,0,0,3,0,11,0,,,,,6,0,0,3,1,0,0,0,0,96,,,,,,0,,,,,,99037,53,72,190,6,1,0,0,0,0,,0,,,,,,0,,,20,0,0,0,8,9,2,,,0,0,0,0,0,8,95,,,96,,,8,95,995,,,,,,,,,,,,,,,,,,,,,,,,,,,,,,0,0,0,0,0,0,0,0,0,1,0,1,0,0,0,0,0,0,0,0,0,0,0,0,0,0,0,0,0,1,0,1,0,0,0,,0,0,0,0,0,0,0,0,0,0,0,0,0,0,0,0,,,,,,61-65,56-65,County road,R,Friday,Belt Used,PV,Not Fatal,0,0,0,0,County Road,County Sheriff,Spokane County Sheriff's Office,0,0,1,0,0,,,,,,0,0,0,,,,,,,,,,,98,98,98,0,,,,,20,7,,,,,,,,,,,,,,,
2018,356,633604,6,10-01-2018,06:05,1,10,Oct,0,25,Grant,0,1,0,2,1,7,1,0,2,2,06:10,06:34,07:12,12,0,6,Angle,1,2,0,2,4 Way,5,1,2,4,0,0,20,3,CR-RD L NE,NELSON RD NE,-119.2358806,47.11628056,98837,0,1,88,Striking from the Left,17,2,35,4,0,0,1,7,12,1,1,2,1,1,Going Straight,1,1,53,,0,49,472,2012,0,0,12,,,,,,1,1,62,1,0,,2,0,3,0,11,8,,,,,0,0,0,3,1,0,0,0,0,0,,,,,,0,,,,,,98682,53,71,190,6,1,0,0,1,0,,0,,,,,,0,04-15-2018,04-15-2018,20,0,0,0,8,9,8,,,0,0,0,8,0,8,95,,,96,,,8,95,995,,,,,,,,,,,,,,,,,,,,,,,,,,,,,,0,0,0,0,0,0,1,1,0,0,0,0,1,1,0,0,1,0,0,1,0,0,0,1,1,0,0,0,0,1,0,0,0,0,0,,0,0,0,0,0,0,0,0,0,0,0,0,0,0,0,0,,,,,,61-65,56-65,City street,U,Wednesday,Belt Used,PV,Not Fatal,0,1,1,0,City Street,Municipal/City Police,Vancouver Police Department,0,0,0,1,0,,,,,,0,0,0,,,,,,,,,,,98,98,98,0,,,,,20,7,,,,,,,,,,,,,,,
2017,356,632808,7,09-08-2017,16:15,8,9,Sep,0,33,King,100,10,0,1,1,2,1,0,2,1,15:34,16:25,,21,0,0,No vehicle,17.1,1,0,1,No intersection,3,2,1,3,0,0,0,0,SR-167,,-122.2567556,47.29559444,98001,0,1,2,Control/Traction Loss,13,2,60,4,0,0,1,2,21,4,4,3,3,14,Making a U turn,2,1,53,,0,49,46,2010,0,0,12,12,,,,,1,1,21,2,0,,3,0,3,0,11,8,,,,,0,0,3,3,1,0,0,0,0,0,,,,,,0,,,,,,98606,53,65,115,6,1,0,0,0,0,,0,,,,,,0,,,1,0,0,0,8,9,8,,,0,0,0,8,0,8,95,,,96,,,8,95,995,,,,,,,,,,,,,,,,,,,,,,,,,,,,,,0,0,0,0,0,0,1,1,0,0,0,0,1,1,0,0,1,0,0,1,0,0,0,1,1,0,0,0,0,1,0,0,0,0,0,,0,0,0,0,0,0,0,0,0,0,0,0,0,0,0,0,,,,,,21-25,16-25,City street,U,Wednesday,Belt Used,PV,Not Fatal,0,1,1,0,City Street,Municipal/City Police,Vancouver Police Department,0,0,0,1,0,,,,,,0,0,0,,,,,,,,,,,98,98,98,0,,,,,20,7,,,,,,,,,,,,,,,
2019,357,3796019,263,10-08-2019,07:05,8,10,Oct,,33,King,1960,1,0,4,1,1,1,0,3,2,,,,12,0,6,Angle,0,2,0,3,T Intersection,7,2,4,6,0,0,0,0,AIRPORT WAY S,S HINDS ST,-122.3216472,47.57351944,98134,0,2,65,Others,62,4,30,66,1,0,1,2,12,2,1,5,1,14,Making a U turn,1,3,37,,0,52,37,2002,0,0,68,12,,,,,1,1,46,1,7,,4,7,20,7,11,0,01-09-2019,07:49,2.37E+11,1140,0,0,0,2,1,28,0,0,0,92,,,,,,99,,,,,,98684,53,76,235,1,1,0,0,0,0,,0,,,,,,4,06-15-2018,06-15-2018,20,0,0,0,0,9,8,,,0,0,0,8,9,2,996,401,417,1,1,1,2,1,0,,,,,,,,,,,,,,,,,,,,,,,,,,,,,,0,0,0,0,0,0,1,1,0,0,0,0,1,1,0,0,1,0,0,1,0,0,0,1,1,0,0,0,0,1,0,0,0,1,0,,1,0,0,0,0,0,1,1,1,1,0,1,0,0,1,0,,,,,,46-50,46-55,City street,U,Wednesday,Not Used,PV,White,0,1,1,0,City Street,Municipal/City Police,Vancouver Police Department,0,0,0,1,0,,,,,,0,0,1,,,,,,,,,,,98,98,98,1,,,,,20,7,,,,,,,,,,,,,,,
2019,357,3796019,263,10-08-2019,07:05,8,10,Oct,,33,King,1960,1,0,4,1,1,1,0,3,2,,,,12,0,6,Angle,0,2,0,3,T Intersection,7,2,4,6,0,0,0,0,AIRPORT WAY S,S HINDS ST,-122.3216472,47.57351944,98134,0,1,64,Others,10,2,30,14,0,0,1,2,12,2,1,5,2,14,Making a U turn,2,5,53,,0,12,881,2016,0,0,15,,,,,,1,1,46,1,0,,0,0,3,0,11,0,,,,,0,0,0,3,1,0,0,0,0,96,,,,,,0,,,,,,98375,53,73,185,6,1,0,0,0,0,,0,,,,,,0,,,20,0,0,0,8,9,8,,,0,0,0,8,0,2,1,,,1,,,2,1,0,,,,,,,,,,,,,,,,,,,,,,,,,,,,,,0,0,0,0,0,0,0,0,0,1,0,1,0,0,0,0,0,0,0,0,0,0,0,0,0,0,0,0,0,0,1,1,0,0,0,,0,0,0,0,0,0,0,0,0,0,0,0,0,0,0,0,,,,,,46-50,46-55,City street,U,Wednesday,,MHTRUCK,Not Fatal,0,0,0,0,City Street,Municipal/City Police,Auburn Police Department,0,0,0,1,0,,,,,,0,0,0,,,,,,,,,,,98,98,98,0,,,,,20,7,,,,,,,,,,,,,,,
2020,357,635078,59,09-14-2020,07:00,14,9,Sep,,33,King,109,5,,1,1,2,1,1,1,1,,,,8,0,0,No vehicle,0,3,0,2,4 Way,4,2,4,6,0,0,3,3,140TH AVE NE,NE 20th St,-122.1537417,47.62792778,98007,0,1,13,Pedestrian/Animal,16,2,30,34,0,0,1,2,8,1,1,5,1,10,Others,1,2,53,,0,35,402,2002,0,0,63,17,38,1,,,1,1,35,1,7,,4,7,20,7,11,0,01-07-2019,17:38,53001090,1090,0,0,0,3,1,0,0,0,0,17,,,,,,99,,,,,,98837,53,65,190,6,1,0,0,0,5,,0,,,,,,0,04-15-2014,05-15-2018,8,1,9,0,0,9,8,,,0,0,0,8,9,8,95,,,96,,,8,95,995,,,,,,,,,,,,,,,,,,,,,,,,,,,,,,0,0,1,0,0,0,0,0,0,0,0,0,0,0,0,0,1,0,0,1,0,0,0,0,0,0,0,0,0,1,0,0,0,1,0,,1,0,0,0,0,0,0,0,1,0,0,0,0,0,0,0,,,,,,31-35,26-35,County road,R,Monday,Not Used,PV,White,0,1,0,0,County Road,County Sheriff,Grant County Sheriff's Office,1,0,1,0,0,,,,,,0,0,0,,,,,,,,,,,98,98,98,1,,,,,20,7,,,,,,,,,,,,,,,
2018,357,633606,14,10-06-2018,23:20,6,10,Oct,7,11,Clark,0,5,0,2,1,2,2,0,4,1,23:22,23:40,00:31,42,0,0,No vehicle,4.3,3,0,3,T Intersection,4,1,2,4,0,0,20,3,CR-NE 182ND AVE,NE 139TH ST,-122.4867944,45.72295,98606,0,1,14,Others,14,2,50,6,0,0,1,7,2,1,1,2,1,1,Going Straight,4,2,53,,0,51,401,2017,0,0,8,,,,,,1,1,65,1,0,0,0,0,99,0,11,0,,,,,0,0,0,0,1,38,0,0,0,93,,,,,,0,,,,,,98021,53,,999,0,0,99,99,99,99,,97,,,,,,0,,,20,0,0,0,8,9,8,,,0,0,0,8,0,8,95,,,96,,,8,95,995,,,,,,,,,,,,,,,,,,,,,,,,,,,,,,0,0,0,0,0,0,0,0,0,1,0,1,0,1,0,0,1,0,1,0,0,0,0,0,0,1,0,0,0,1,0,1,0,0,0,,0,0,0,0,0,0,0,0,1,0,1,1,0,0,0,0,,,,,,61-65,56-65,County road,R,Thursday,Unknown,PV,Not Fatal,0,0,0,0,County Road,County Sheriff,Snohomish County Sheriff's Office,0,0,1,0,0,,,,,,99,99,99,,,,,,,,,,,,,,,,,,,,,,,,,,,,,,,,,,,
2017,357,632810,248,09-09-2017,02:30,9,9,Sep,0,33,King,1830,1,0,3,1,1,1,0,1,1,,,,38,0,0,No vehicle,0,1,0,1,No intersection,5,2,4,6,0,0,0,0,E VALLEY RD,,-122.2186028,47.44252222,98057,0,1,1,Driver Off Road,13,2,35,1,0,0,1,5,1,3,1,2,1,14,Making a U turn,1,1,53,,0,20,24,2011,0,0,12,,,,,,1,1,34,2,7,,4,7,3,0,11,0,01-03-2019,08:18,53000141,141,0,0,0,3,1,0,0,0,0,96,,,,,,99,,,,,,98951,53,64,175,6,1,0,0,0,0,,0,,,,,,0,08-15-2015,08-15-2015,8,0,0,0,0,9,8,,,0,0,0,8,9,2,1,,,1,,,2,1,0,,,,,,,,,,,,,,,,,,,,,,,,,,,,,,0,0,0,1,0,0,0,0,0,0,0,0,0,0,0,0,0,0,1,0,0,0,0,0,0,0,0,0,0,1,1,0,0,0,0,,1,0,0,0,0,0,0,0,0,0,0,0,0,0,0,0,,,,,,31-35,26-35,County road,R,Thursday,Belt Used,PV,AIAN,1,0,0,0,County Road,County Sheriff,Yakima County Sheriff's Office,0,0,1,0,0,,,,,,0,0,1,,,,,,,,,,,98,98,98,3,,,,,20,7,,,,,,,,,,,,,,,
2021,358,635907,278,09-21-2021,20:35,21,9,Sep,,63,Spokane,2110,1,,3,1,2,1,0,2,2,,,,12,0,6,Angle,0,2,0,2,4 Way,3,2,4,6,0,0,3,3,N WASHINGTON ST,W Indiana Ave,-117.4174278,47.67486111,99201,0,2,89,Others,66,4,98,14,0,0,1,2,12,8,8,2,2,1,Going Straight,1,1,53,,0,51,881,2012,0,0,12,,,,,,1,1,44,1,0,,0,0,99,7,11,0,,,,,6,3,0,3,1,38,39,0,0,96,,,,,,0,,,,,,97236,41,70,240,6,1,0,0,0,0,,97,,,,,,0,,,20,0,0,0,8,9,8,,,0,0,0,8,0,8,95,,,96,,,8,95,995,,,,,,,,,,,,,,,,,,,,,,,,,,,,,,0,0,0,1,0,0,0,0,0,0,0,0,0,0,0,0,0,0,1,0,0,0,0,0,0,0,0,0,0,1,1,0,0,0,0,,0,0,0,0,0,0,0,0,0,0,1,0,0,0,0,0,,,,,,41-45,36-45,County road,R,Thursday,,MHTRUCK,Not Fatal,1,0,0,0,County Road,County Sheriff,Yakima County Sheriff's Office,0,0,1,0,0,,,,,,0,0,0,,,,,,,,,,,98,98,98,0,,,,,20,7,,,,,,,,,,,,,,,
2021,358,635906,278,09-21-2021,20:35,21,9,Sep,,63,Spokane,2110,1,,3,1,2,1,0,2,2,,,,12,0,6,Angle,0,2,0,2,4 Way,3,2,4,6,0,0,3,3,N WASHINGTON ST,W Indiana Ave,-117.4174278,47.67486111,99201,0,1,88,Striking from the Left,17,2,98,4,0,0,1,2,12,8,8,2,2,1,Going Straight,1,1,53,,0,12,880,2018,0,0,15,,,,,,1,1,64,8,0,0,0,0,3,0,11,0,,,,,0,0,0,3,1,0,0,0,0,96,,,,,,99,,,,,,98846,53,69,170,6,1,0,0,0,0,,0,,,,,,0,,,20,0,0,0,8,9,8,,,0,0,0,8,1,8,95,,,96,,,8,95,995,,,,,,,,,,,,,,,,,,,,,,,,,,,,,,0,0,0,1,1,0,0,0,0,0,0,0,0,0,0,0,0,0,0,0,0,0,0,0,0,0,0,0,0,0,1,1,0,0,0,,0,0,0,0,0,0,0,0,0,0,0,0,0,0,0,1,,,,,,61-65,56-65,City street,U,Wednesday,Belt Used,MHTRUCK,Not Fatal,1,0,0,0,City Street,County Sheriff,Okanogan County Sheriff's Office,0,0,0,1,0,,,,,,0,0,0,,,,,,,,,,,,,,,,,,,,,,,,,,,,,,,,,,,
2020,358,635093,3,09-02-2020,12:12,2,9,Sep,,53,Pierce,1124,1,,1,1,2,1,0,7,4,,,,12,0,1,Front-to-Rear,0.3,1,0,1,No intersection,3,2,1,3,0,0,0,0,SR-512,,-122.4735083,47.16163889,98499,0,4,98,Others,98,7,45,34,0,0,1,2,12,1,1,4,3,1,Going Straight,4,1,53,,0,49,402,2014,0,0,8,,,,,,1,1,37,1,0,0,0,0,3,0,11,0,,,,,0,0,3,3,1,0,0,0,0,96,,,,,,0,,,,,,98036,53,65,190,6,1,0,0,0,0,,0,,,,,,0,,,20,0,0,0,8,9,8,,,0,0,0,8,0,8,95,,,96,,,8,95,995,,,,,,,,,,,,,,,,,,,,,,,,,,,,,,0,0,0,0,0,0,0,0,0,0,0,0,0,0,0,0,0,0,0,0,0,0,0,0,0,0,0,0,0,1,0,1,0,0,0,,0,0,0,0,0,0,0,0,0,0,0,0,0,0,0,0,,,,,,36-40,36-45,Interstate,R,Sunday,Belt Used,PV,Not Fatal,0,0,0,0,State Route,State Patrol,Washington State Patrol,0,1,0,0,0,,,,,,0,0,0,,,,,,,,,,,,,,,,,,,,,,,,,,,,,,,,,,,
2020,358,635092,3,09-02-2020,12:12,2,9,Sep,,53,Pierce,1124,1,,1,1,2,1,0,7,4,,,,12,0,1,Front-to-Rear,0.3,1,0,1,No intersection,3,2,1,3,0,0,0,0,SR-512,,-122.4735083,47.16163889,98499,0,3,98,Others,98,7,45,4,0,0,1,2,12,1,1,4,3,2,Others,1,2,53,,0,37,31,2017,0,0,8,,,,,,1,1,33,1,0,0,0,0,3,0,11,0,,,,,99,9,9,9,1,0,0,0,0,96,,,,,,0,,,,,,0,95,,999,9,9,99,99,99,99,,0,,,,,,0,,,20,0,0,0,8,9,8,,,0,0,0,8,0,8,95,,,96,,,8,95,995,,,,,,,,,,,,,,,,,,,,,,,,,,,,,,0,0,0,0,0,0,0,0,0,0,0,0,0,0,0,0,0,0,0,0,0,0,0,0,0,0,0,0,0,1,0,1,0,0,0,,0,0,0,0,0,0,0,0,0,0,0,0,0,0,0,0,,,,,,31-35,26-35,Interstate,R,Sunday,Belt Used,PV,Not Fatal,0,0,0,0,State Route,State Patrol,Washington State Patrol,0,1,0,0,0,,,,,,99,99,99,,,,,,,,,,,,,,,,,,,,,,,,,,,,,,,,,,,
2020,358,635091,3,09-02-2020,12:12,2,9,Sep,,53,Pierce,1124,1,,1,1,2,1,0,7,4,,,,12,0,1,Front-to-Rear,0.3,1,0,1,No intersection,3,2,1,3,0,0,0,0,SR-512,,-122.4735083,47.16163889,98499,0,2,29,Others,53,3,45,4,0,0,1,2,12,1,1,4,3,2,Others,1,1,53,,0,30,40,2005,0,0,8,,,,,,1,1,55,1,0,0,0,0,3,0,11,0,,,,,0,0,3,3,1,0,0,0,0,96,,,,,,0,,,,,,98275,53,78,225,6,1,0,0,0,1,,0,,,,,,0,07-15-2018,07-15-2018,20,0,0,0,8,9,8,,,0,0,0,8,0,8,95,,,96,,,8,95,995,,,,,,,,,,,,,,,,,,,,,,,,,,,,,,0,0,0,0,0,0,0,0,0,0,0,0,0,0,0,0,0,0,0,0,0,0,0,0,0,0,0,0,0,1,0,1,0,0,0,,0,0,0,0,0,0,0,0,0,0,0,0,0,0,0,0,,,,,,51-55,46-55,Interstate,R,Sunday,Belt Used,PV,Not Fatal,0,0,0,0,State Route,State Patrol,Washington State Patrol,0,1,0,0,0,,,,,,0,0,0,,,,,,,,,,,,,,,,,,,,,,,,,,,,,,,,,,,
2020,358,635090,3,09-02-2020,12:12,2,9,Sep,,53,Pierce,1124,1,,1,1,2,1,0,7,4,,,,12,0,1,Front-to-Rear,0.3,1,0,1,No intersection,3,2,1,3,0,0,0,0,SR-512,,-122.4735083,47.16163889,98499,0,1,28,Others,52,3,45,4,0,0,1,2,12,1,1,4,3,1,Going Straight,1,2,53,,0,12,16,2004,0,0,63,42,,,,,1,1,26,1,0,,1,0,20,7,11,8,,,,,0,0,0,2,1,0,0,0,0,96,,,,,,99,,,,,,98409,53,67,130,1,1,0,3,1,2,,0,,,,,,0,09-15-2014,06-15-2018,1,0,0,0,8,9,8,,,0,0,0,8,9,8,95,,,96,,,8,95,995,,,,,,,,,,,,,,,,,,,,,,,,,,,,,,0,0,0,0,0,0,0,0,0,0,0,0,0,1,0,0,0,0,0,0,0,0,0,0,0,0,0,0,0,1,0,0,0,0,0,,0,0,0,0,0,0,0,0,0,0,0,1,0,0,0,0,,,,,,26-30,26-35,City street,U,Monday,Not Used,PV,Not Fatal,0,1,0,0,City Street,Municipal/City Police,Tacoma Police Department,1,0,0,1,0,,,,,,0,0,3,,,,,,,,,,,98,98,98,0,,,,,20,7,,,,,,,,,,,,,,,
2019,358,634390,3,09-28-2019,02:27,28,9,Sep,,53,Pierce,0,2,0,3,2,2,1,1,2,1,,,,15,0,0,No vehicle,50.4,1,0,1,No intersection,3,2,1,3,0,0,0,0,SR-7,,-122.4347389,47.127725,98444,0,1,13,Pedestrian/Animal,83,5,35,61,0,2,1,5,15,1,1,5,5,1,Going Straight,2,3,53,,0,63,34,2015,0,0,63,34,1,,,,1,1,54,1,7,,4,7,20,7,11,0,01-01-2019,03:27,53000155,155,0,0,0,3,1,0,0,0,0,93,,,,,,99,,,,,,99016,53,70,240,6,1,0,0,0,0,,0,,,,,,4,,,8,1,9,0,0,9,8,,,0,0,0,8,9,2,1,,,1,,,2,1,0.17,,,,,,,,,,,,,,,,,,,,,,,,,,,,,,0,0,1,0,1,1,0,1,0,0,0,0,1,0,0,0,1,0,0,1,0,0,0,0,0,0,0,0,0,1,0,0,0,1,0,,1,0,0,0,0,1,0,1,1,1,0,0,0,1,0,1,,,,,,51-55,46-55,Interstate,R,Tuesday,Not Used,PV,White,0,1,0,0,County Road,County Sheriff,Spokane County Sheriff's Office,1,0,1,0,0,,,,,,0,0,0,,,,,,,,,,,98,98,98,1,,,,,20,7,,,,,,,,,,,,,,,
2018,358,633587,2,09-18-2018,21:02,18,9,Sep,0,61,Snohomish,0,1,0,2,1,1,1,1,3,2,,,,8,0,0,No vehicle,216.1,1,0,1,No intersection,1,1,1,1,0,0,0,0,I-5,,-122.2811806,48.27861667,,0,2,98,Others,80,5,70,4,0,0,1,2,8,1,1,3,3,1,Going Straight,2,1,53,,0,18,20,1999,0,0,12,,,,,,1,1,88,1,0,0,1,0,3,0,11,8,,,,,0,0,3,3,1,0,0,0,0,96,,,,,,0,,,,,,98020,53,71,175,6,1,0,0,0,0,,0,,,,,,0,,,1,0,0,0,8,9,8,,,0,0,0,8,0,8,95,,,96,,,8,95,995,,,,,,,,,,,,,,,,,,,,,,,,,,,,,,0,0,0,1,0,0,0,0,0,0,0,0,0,0,0,0,0,0,1,0,0,0,0,0,0,1,1,1,0,1,0,0,0,0,0,,0,0,0,0,0,0,0,0,0,0,0,0,0,0,0,0,,,,,,81+,76+,Interstate,U,Sunday,Belt Used,PV,Not Fatal,1,0,0,0,State Route,State Patrol,Washington State Patrol,0,1,0,0,0,,,,,,0,0,0,,,,,,,,,,,,,,,,,,,,,,,,,,,,,,,,,,,
2018,358,633586,2,09-18-2018,21:02,18,9,Sep,0,61,Snohomish,0,1,0,2,1,1,1,1,3,2,,,,8,0,0,No vehicle,216.1,1,0,1,No intersection,1,1,1,1,0,0,0,0,I-5,,-122.2811806,48.27861667,,0,1,13,Pedestrian/Animal,80,5,70,4,0,0,1,2,8,1,1,3,3,1,Going Straight,1,1,53,,0,59,35,2002,0,0,12,,,,,,1,1,74,1,7,1,4,0,3,0,11,4,12/20/2018,21:21,1.96E+11,56430,0,0,0,3,1,38,0,0,0,96,,,,,,99,,,,,,98043,53,72,210,6,1,0,1,0,1,,46,,,,,,0,07-15-2015,10-15-2017,2,0,0,0,0,9,8,,,0,0,0,8,9,8,95,,,96,,,8,95,995,,,,,,,,,,,,,,,,,,,,,,,,,,,,,,0,0,0,1,0,0,0,0,0,0,0,0,0,0,0,0,0,0,1,0,0,0,0,0,0,1,1,1,0,1,0,0,0,0,0,,1,0,0,0,0,0,0,0,0,0,1,0,0,0,0,0,,,,,,71-75,66-75,Interstate,U,Sunday,Belt Used,PV,White,1,0,0,0,State Route,State Patrol,Washington State Patrol,0,1,0,0,0,,,,,,0,0,0,,,,,,,,,,,,,,,,,,,,,,,,,,,,,,,,,,,
2017,358,632811,3,09-09-2017,23:00,9,9,Sep,0,53,Pierce,0,2,0,2,2,2,1,1,1,1,,,,8,0,0,No vehicle,44.9,1,0,1,No intersection,3,1,1,3,0,0,0,0,SR-7,,-122.4008389,47.05613611,98387,0,1,13,Pedestrian/Animal,80,5,50,4,0,0,1,5,8,1,1,5,5,1,Going Straight,1,1,53,,0,12,481,2008,0,0,63,24,1,,,,1,1,19,1,1,,4,7,3,0,11,0,01-05-2019,18:23,1.03E+11,1005,0,0,3,3,1,0,0,0,0,92,,,,,,0,,,,,,92833,6,73,194,6,1,0,0,0,0,,0,,,,,,0,,,20,0,0,0,0,9,8,,,0,0,0,8,0,2,401,,,1,,,2,1,0,,,,,,,,,,,,,,,,,,,,,,,,,,,,,,0,0,1,0,0,0,1,1,0,0,0,0,0,0,0,0,1,0,0,0,0,1,1,0,1,0,0,0,0,1,0,0,0,0,0,,1,0,0,0,0,0,1,1,1,0,0,0,0,0,1,0,,,,,,18-20,16-25,Interstate,U,Saturday,Belt Used,PV,Hispanic,0,1,0,0,State Route,State Patrol,Washington State Patrol,1,1,0,0,0,,,,,,0,0,0,,,,,,,,,,,98,98,98,1,,,,,20,7,,,,,,,,,,,,,,,