year,something,Cases,repjur,crash_dt,crash_tm,accday,Month,Month,holiday,county,co_char,city,weather,weather2,lightcond,surfcond,surftype,Number of Fatalities,nmforms,pforms,vforms,not_tm,arr_tm,hosp_tm,fhevent,hitrun,Manner of Collision,Manner of Collision,milepnt,reljunc,reljuncinter,intersectiontype,Intersection Type,funcsystem,landuse,ownership,route,schlbus,spejur,contdev,devfunc,trafid1,trafid2,x,y,zipcode,wk_zone,vnumber,crashtype,Crash Type,criticalevent,criticaleventcat,spdlim,body,trailer,emerg,hazcargo,leave,mhevent,roadalgn,roadprof,traflane,trafflow,Vehicle Manure,Vehicle Manure,numoccs,regowner,regstate,,spuse,make,model,modelyr,vrf1,vrf2,seqevent1,seqevent2,seqevent3,seqevent4,seqevent5,seqevent6,pnumber,ptype,age,sex,hispanic,race,injury,diedscene,restraint,restraintmisuse,seatpos,takehosp,death_dt,death_tm,cert,cernum_wa,commlic,licendor,licrestrict,liccomp,drivpres,drf1,drf2,drf3,drf4,distract1,distract2,distract3,distract4,distract5,distract6,dricond1,dricond2,dricond3,dricond4,dricond5,dricond6,dzip,licstate,drhgt_in,weight,noncdl,noncdltype,prevdwi,prevoth,prevacc,prevspd,prevsus,driviol1,driviol2,driviol3,driviol4,driviol5,driviol6,spdrel,first_dt,last_dt,airbag,ejection,ejectpath,extricat,injurwrk,methalc,methdrug,nmlocat,strikveh,prf1,prf2,prf3,druginv,alcinvol,drugsts,drugres1,drugres2,drugres3,drugtst1,drugtst2,drugtst3,alcsts,alctst,alcres,nmact1,nmact2,nmact3,nmact4,nmact5,nmact6,nmprior1,nmprior2,nmprior3,nmprior4,nmprior5,nmprior6,nmcond1,nmcond2,nmcond3,nmcond4,nmcond5,nmcond6,nmsafe_helmet,nmsafe_pads,nmsafe_oth,nmprev_ref,nmprev_lgt,nmprev_oth,crashlocation,nmcrashtype,crosswalk,schoolzone,sidewalk,train_inv,wildlife_inv,rotr_fars,intersect_fars,Drink and Drive,aid_inv,Drug Positive Drivers,Impaired Drivers,Marijuana Positive,impnm_inv,ainm_inv,dpnm_inv,speed_inv,unlic_inv,unendmc_inv,drowsy_inv,drdist_inv,nmdist_inv,fty_inv,unrestfat_inv,dr1617_inv,dr1820_inv,dr1620_inv,dr2125_inv,dr1625_inv,dr65_inv,dr70_inv,dr75_inv,mc_inv,pv_inv,ht_inv,ped_inv,bike_inv,unrest_fat,mc_fat,unhelmet_mc,pv_fat,ht_fat,ped_fat,bike_fat,dr_alc7,dr_alc8,dr_drug,dr_imp,dr_dist,dr_spd,dr_fty,dr_unlic,dr_alc7only,dr_alc8only,dr_drugonly,dr_drink,nm_imp,nm_alc7,nm_alc8,nm_drug,nm_dist,agegrp1,agegrp2,roadclass,urbrur,dayweek,restuse,vehtype,race_me,intersect,lanedep,oppdir,wrongway,rep_typ,investag,repag_long,rotr,st_rd,cty_rd,city_rd,oth_rd,drug_thc,thc_res,drug_cthc,cthc_res,drug_cann,prevpersemin,prevperse,prevsusoth,drugtst4,drugtst5,drugtst6,drugtst7,drugtst8,drugres4,drugres5,drugres6,drugres7,drugres8,adspresent,adsengaged,adslevel,race1,race2,race3,race4,race5,helmet,helmetmisuse,nmdistract1,nmdistract2,nmdistract3,nmdistract4,nmdistract5,nmdistract6,lab,isedtcase,crf1,crf2,crf3,CoRoadName,CoMP,IntCoRoadName,IntCoMP
2017,359,632815,40,09-07-2017,22:52,7,9,Sep,0,63,Spokane,0,5,0,2,1,2,1,0,2,2,22:37,22:49,,12,0,2,Front-to-Front,0.2,1,0,1,No intersection,3,2,2,4,0,0,0,0,CR-APPLEWAY AVE,,-117.0454056,47.69778056,99019,0,2,51,Lateral Move(Going Straight),62,4,35,4,0,0,1,2,12,3,2,2,1,14,Making a U turn,1,1,16,,0,7,880,2014,0,0,8,,,,,,1,1,50,1,0,0,0,0,3,0,11,0,,,,,0,0,0,3,1,0,0,0,0,96,,,,,,0,,,,,,98801,53,76,240,6,1,0,0,0,0,,0,,,,,,0,,,20,0,0,0,8,9,8,,,0,0,0,8,1,8,95,,,96,,,8,95,995,,,,,,,,,,,,,,,,,,,,,,,,,,,,,,0,0,0,0,1,0,0,0,0,0,0,0,0,0,0,0,0,0,0,0,0,0,0,0,0,0,0,0,0,0,1,1,0,0,0,,0,0,0,0,0,0,0,0,0,0,0,0,0,0,0,1,,,,,,46-50,46-55,Interstate,R,Thursday,Belt Used,MHTRUCK,Not Fatal,0,0,0,0,State Route,State Patrol,Washington State Patrol,0,1,0,0,0,,,,,,0,0,0,,,,,,,,,,,,,,,,,,,,,,,,,,,,,,,,,,,
2021,359,635908,1,09-19-2021,23:45,19,9,Sep,,77,Yakima,0,1,,2,1,2,1,0,1,1,,,,1,0,0,No vehicle,15.2,1,0,1,No intersection,5,1,1,3,0,3,0,0,SR-22,,-120.1331417,46.25909722,98935,0,1,1,Driver Off Road,13,2,60,5,0,0,1,2,3,1,1,2,1,1,Going Straight,1,1,53,,0,49,442,2017,0,0,8,,,,,,1,1,65,2,0,,0,0,3,0,11,0,,,,,0,0,3,3,1,0,0,0,0,96,,,,,,0,,,,,,98942,53,65,140,6,1,0,0,0,0,,0,,,,,,0,,,20,0,0,0,8,9,8,,,0,0,0,8,0,8,95,,,96,,,8,95,995,,,,,,,,,,,,,,,,,,,,,,,,,,,,,,0,0,0,0,0,0,0,0,0,0,0,0,0,0,0,0,0,0,0,0,0,0,0,0,0,1,0,0,0,1,0,1,0,0,0,,0,0,0,0,0,0,0,0,0,0,0,0,0,0,0,0,,,,,,61-65,56-65,State route,U,Wednesday,Belt Used,PV,Not Fatal,0,0,0,0,City Street,Municipal/City Police,Selah Police Department,0,0,0,1,0,,,,,,0,0,0,,,,,,,,,,,98,98,98,0,,,,,20,7,,,,,,,,,,,,,,,
2020,359,635095,1,09-12-2020,20:56,12,9,Sep,,77,Yakima,0,5,,2,1,2,1,0,2,2,,,,12,0,2,Front-to-Front,2.5,1,0,1,No intersection,5,1,1,3,0,3,0,0,SR-223,,-120.1961056,46.33261667,98932,0,2,51,Lateral Move(Going Straight),62,4,55,34,0,0,1,2,12,1,1,2,1,1,Going Straight,1,2,53,,0,76,705,2007,0,0,63,24,,,,,1,1,33,1,7,,4,7,20,7,11,0,01-02-2019,15:57,53000336,336,0,0,3,3,1,0,0,0,0,96,,,,,,0,,,,,,98684,53,70,150,6,1,0,2,0,0,,0,,,,,,4,01-15-2015,04-15-2018,20,8,0,0,0,9,8,,,0,0,0,8,0,2,1,,,1,,,2,1,0,,,,,,,,,,,,,,,,,,,,,,,,,,,,,,0,0,1,1,0,0,0,0,0,0,0,0,1,0,0,0,0,0,0,0,0,0,0,0,0,0,0,0,1,0,0,0,0,0,1,0,0,0,0,0,0,0,0,0,0,1,0,0,0,0,0,0,,,,,,31-35,26-35,State route,R,Wednesday,,MC,White,0,1,0,0,State Route,State Patrol,Washington State Patrol,1,1,0,0,0,,,,,,0,0,0,,,,,,,,,,,0,0,0,1,,,,,5,0,,,,,,,,,,,,,,,
2020,359,635094,1,09-12-2020,20:56,12,9,Sep,,77,Yakima,0,5,,2,1,2,1,0,2,2,,,,12,0,2,Front-to-Front,2.5,1,0,1,No intersection,5,1,1,3,0,3,0,0,SR-223,,-120.1961056,46.33261667,98932,0,1,50,Lateral Move(Left/Right),80,5,55,62,1,0,1,2,12,1,1,2,1,1,Going Straight,1,3,53,,0,37,441,2008,0,0,54,,,,,,1,1,45,2,0,0,0,0,3,0,11,0,,,,,0,0,0,3,1,0,0,0,0,96,,,,,,0,,,,,,98012,53,68,125,6,1,0,0,0,0,,0,,,,,,0,,,20,0,0,0,8,9,8,,,0,0,0,8,0,8,95,,,96,,,8,95,995,,,,,,,,,,,,,,,,,,,,,,,,,,,,,,0,0,0,0,1,1,1,1,1,0,0,0,1,0,0,0,0,0,0,0,0,0,0,0,0,0,0,0,0,1,0,0,0,0,0,,0,0,0,0,0,0,0,0,0,0,0,0,0,0,0,0,,,,,,41-45,36-45,Interstate,U,Sunday,Belt Used,PV,Not Fatal,0,1,0,0,State Route,State Patrol,Washington State Patrol,1,1,0,0,0,,,,,,0,0,0,,,,,,,,,,,,,,,,,,,,,,,,,,,,,,,,,,,
2019,359,634391,25,09-30-2019,02:20,30,9,Sep,,33,King,0,1,0,3,99,5,1,0,1,1,,,,3,0,0,No vehicle,0,3,0,3,T Intersection,7,1,2,4,0,0,20,3,CR-37TH AVE S,STAR LAKE RD,-122.2865611,47.35254722,98001,0,1,0,Others,14,2,25,4,0,0,1,7,3,1,2,2,1,1,Going Straight,1,2,53,,0,2,404,1999,0,0,64,24,1,60,54,,1,1,40,1,7,98,4,7,99,0,11,0,12/30/2018,04:55,1.96E+11,58077,0,0,0,3,1,0,0,0,0,96,,,,,,99,,,,,,98057,53,71,160,6,1,0,0,0,0,,0,,,,,,4,,,20,0,0,0,0,9,8,,,0,0,0,8,9,2,605,695,,1,1,,2,1,0.233,,,,,,,,,,,,,,,,,,,,,,,,,,,,,,0,0,0,0,1,1,1,1,1,0,0,0,1,0,0,0,0,0,0,0,0,0,0,0,0,0,0,0,0,1,0,0,0,0,0,,1,0,0,0,0,1,1,1,0,1,0,0,0,0,0,1,,,,,,36-40,36-45,Interstate,U,Sunday,Unknown,PV,Oth/Unk,0,1,0,0,State Route,State Patrol,Washington State Patrol,1,1,0,0,0,thc,1.5,carboxy-thc,8.9,,0,0,0,,,,,,,,,,,,,,,,,,,,,,,,,,,,,,,,,,,
2018,359,633574,173,09-19-2018,17:58,19,9,Sep,0,53,Pierce,1124,1,0,1,1,2,1,0,6,2,,,,12,0,6,Angle,0,8,0,1,No intersection,3,2,4,6,0,0,0,0,LAKEWOOD DR SW,,-122.5086056,47.18325278,98467,0,1,68,Initial Opposite Direction(Left/Right),15,2,20,4,0,0,1,7,12,1,1,4,1,11,Turning Red: Permitted on red,5,2,53,,0,98,804,2000,0,0,68,64,42,,,,1,1,66,1,7,1,4,0,99,0,11,4,12/28/2018,17:51,1.19E+11,58229,6,1,0,3,1,0,0,0,0,96,,,,,,0,,,,,,98611,53,77,240,6,1,0,0,0,1,,0,,,,,,0,02-15-2016,02-15-2016,20,0,0,0,1,9,8,,,0,0,0,8,0,2,1,,,1,,,2,1,0,,,,,,,,,,,,,,,,,,,,,,,,,,,,,,0,0,1,0,0,0,0,0,0,0,0,0,0,0,0,0,0,0,0,0,0,0,0,0,0,1,0,0,0,0,1,0,0,0,0,,0,1,0,0,0,0,0,0,0,0,0,0,0,0,0,0,,,,,,66-70,66-75,County road,R,Friday,,MHTRUCK,White,0,1,0,0,County Road,County Sheriff,Cowlitz County Sheriff's Office,1,0,1,0,0,,,,,,0,0,0,,,,,,,,,,,,,,,,,,,,,,,,,,,,,,,,,,,
2017,359,632814,40,09-07-2017,22:52,7,9,Sep,0,63,Spokane,0,5,0,2,1,2,1,0,2,2,22:37,22:49,,12,0,2,Front-to-Front,0.2,1,0,1,No intersection,3,2,2,4,0,0,0,0,CR-APPLEWAY AVE,,-117.0454056,47.69778056,99019,0,1,50,Lateral Move(Left/Right),10,2,35,80,0,0,1,2,12,2,2,2,1,6,Others,1,1,53,,0,51,881,2017,0,0,12,,,,,,1,1,25,1,0,0,1,0,3,0,11,4,,,,,6,1,0,3,1,0,0,0,0,96,,,,,,0,,,,,,99344,53,70,380,6,1,0,2,0,4,,0,,,,,,0,07-15-2014,01-15-2016,20,0,0,0,8,9,8,,,0,0,0,8,0,8,95,,,96,,,8,95,995,,,,,,,,,,,,,,,,,,,,,,,,,,,,,,0,0,0,0,0,0,0,0,0,0,0,0,0,0,0,0,0,0,0,0,0,1,1,1,1,0,0,0,0,1,1,0,0,0,0,,0,0,0,0,0,0,0,0,0,0,0,0,0,0,0,0,,,,,,21-25,16-25,State route,R,Monday,,MHTRUCK,Not Fatal,0,1,1,0,State Route,State Patrol,Washington State Patrol,0,1,0,0,0,,,,,,0,0,0,,,,,,,,,,,,,,,,,,,,,,,,,,,,,,,,,,,
2018,359,633575,173,09-19-2018,17:58,19,9,Sep,0,53,Pierce,1124,1,0,1,1,2,1,0,6,2,,,,12,0,6,Angle,0,8,0,1,No intersection,3,2,4,6,0,0,0,0,LAKEWOOD DR SW,,-122.5086056,47.18325278,98467,0,2,69,Initial Opposite Direction(Going Straight),62,4,20,14,0,0,1,7,12,1,1,4,1,1,Going Straight,1,9,99,,0,12,17,2006,0,0,68,12,,,,,1,1,19,1,6,1,4,7,99,0,11,0,12-10-2018,18:12,1.93E+11,55695,0,0,0,3,1,28,0,0,0,96,,,,,,0,,,,,,98840,53,69,150,6,1,0,0,0,0,,0,,,,,,0,,,20,1,9,0,0,9,8,,,0,0,0,8,0,8,95,,,96,,,8,95,995,,,,,,,,,,,,,,,,,,,,,,,,,,,,,,0,0,0,0,0,0,0,0,0,0,0,0,0,0,0,0,0,0,0,0,0,1,1,1,1,0,0,0,0,1,1,0,0,0,0,,1,0,0,0,0,0,0,0,0,0,0,0,0,0,0,0,,,,,,18-20,16-25,State route,R,Monday,Unknown,PV,Hispanic,0,1,1,0,State Route,State Patrol,Washington State Patrol,0,1,0,0,0,,,,,,0,0,0,,,,,,,,,,,,,,,,,,,,,,,,,,,,,,,,,,,
2021,360,635910,59,09-15-2021,06:54,15,9,Sep,,33,King,109,2,,1,2,2,1,0,2,2,,,,12,0,6,Angle,0,1,0,1,No intersection,3,2,4,6,0,0,0,0,SE COAL CREEK PKWY,,-122.1691083,47.55978056,98059,0,2,98,Others,62,4,40,14,0,0,1,2,12,3,2,3,1,14,Making a U turn,1,1,53,,0,84,881,2014,0,0,8,,,,,,1,1,33,1,0,0,0,0,3,0,11,0,,,,,0,0,0,3,1,38,0,0,0,96,,,,,,0,,,,,,98047,53,67,145,6,1,0,0,0,0,,97,,,,,,0,04-15-2014,04-15-2014,20,0,0,0,8,9,8,,,0,0,0,8,0,8,95,,,96,,,8,95,995,,,,,,,,,,,,,,,,,,,,,,,,,,,,,,0,0,0,1,0,0,0,0,0,0,0,0,0,0,0,0,0,0,1,0,0,0,0,0,0,0,0,0,0,0,1,1,0,0,0,,0,0,0,0,0,0,0,0,0,0,1,0,0,0,0,0,,,,,,31-35,26-35,City street,U,Friday,,MHTRUCK,Not Fatal,1,0,0,0,City Street,Municipal/City Police,Redmond Police Department,0,0,0,1,0,,,,,,0,0,1,,,,,,,,,,,,,,,,,,,,,,,,,,,,,,,,,,,
2021,360,635909,59,09-15-2021,06:54,15,9,Sep,,33,King,109,2,,1,2,2,1,0,2,2,,,,12,0,6,Angle,0,1,0,1,No intersection,3,2,4,6,0,0,0,0,SE COAL CREEK PKWY,,-122.1691083,47.55978056,98059,0,1,98,Others,10,2,40,4,0,0,1,2,12,2,2,4,1,14,Making a U turn,1,1,53,,0,6,441,2003,0,0,63,1,,,,,1,1,37,1,0,0,1,0,99,0,11,0,,,,,0,0,0,3,1,0,0,0,0,96,,,,,,0,,,,,,99344,53,67,185,6,1,0,2,1,2,,23,,,,,,3,06-15-2014,05-15-2016,1,0,0,0,8,9,8,,,0,0,0,8,0,8,95,,,96,,,8,95,995,,,,,,,,,,,,,,,,,,,,,,,,,,,,,,0,0,1,0,0,0,0,0,0,0,0,0,1,0,0,0,0,0,0,0,0,0,0,0,0,0,0,0,0,1,0,0,0,0,0,,0,0,0,0,0,0,0,0,0,1,0,0,0,0,0,0,,,,,,36-40,36-45,County road,R,Sunday,Unknown,PV,Not Fatal,0,1,0,0,County Road,County Sheriff,Adam's County Sheriff's Office,1,0,1,0,0,,,,,,0,0,0,,,,,,,,,,,,,,,,,,,,,,,,,,,,,,,,,,,
2020,360,635096,290,09-18-2020,05:53,18,9,Sep,,53,Pierce,2230,10,,3,1,2,1,0,1,1,,,,42,0,0,No vehicle,0,3,0,3,T Intersection,4,2,4,6,0,0,0,0,96TH ST S,S HOSMER ST,-122.4637083,47.17016667,98447,0,1,6,Drive off road,8,1,35,4,0,0,1,2,42,1,2,3,5,1,Going Straight,1,2,53,,0,48,34,2001,0,0,63,42,,,,,1,1,64,1,7,1,4,7,20,0,11,0,12/23/2018,15:46,1.03E+11,57501,0,0,0,3,1,0,0,0,0,96,,,,,,99,,,,,,98030,53,67,170,6,1,0,0,0,3,,0,,,,,,4,12-15-2014,02-15-2016,20,0,0,0,0,9,8,,,0,0,0,8,1,2,189,188,,1,1,,2,1,0,,,,,,,,,,,,,,,,,,,,,,,,,,,,,,0,0,1,0,1,0,1,1,0,0,0,0,1,0,0,0,0,0,0,1,0,0,0,0,0,0,0,0,0,1,0,0,0,1,0,,1,0,0,0,0,0,1,1,0,1,0,0,0,0,1,1,,,,,,61-65,56-65,City street,U,Sunday,Not Used,PV,White,0,1,0,0,City Street,Municipal/City Police,Kent Police Department,1,0,0,1,0,,,,,,0,0,0,,,,,,,,,,,,,,,,,,,,,,,,,,,,,,,,,,,
2019,360,634392,25,10-04-2019,18:43,4,10,Oct,,33,King,0,1,0,5,1,2,1,1,1,1,,,,8,0,0,No vehicle,1.9,1,0,1,No intersection,5,2,2,4,0,0,0,0,CR-RENTON AVE S,,-122.2455056,47.49697222,98178,0,1,13,Pedestrian/Animal,80,5,25,34,0,0,1,5,8,1,2,3,3,1,Going Straight,1,2,53,,0,2,404,1998,0,0,8,,,,,,1,1,22,2,0,0,0,0,2,0,11,0,,,,,0,0,0,3,1,10,0,0,0,96,,,,,,0,,,,,,99037,53,68,145,6,1,0,0,0,0,,0,,,,,,0,,,20,0,0,0,8,9,8,,,0,0,0,8,0,2,1,,,1,,,2,1,0,,,,,,,,,,,,,,,,,,,,,,,,,,,,,,0,0,0,0,0,0,0,0,0,1,0,1,0,0,0,0,0,0,0,0,0,0,0,1,1,0,0,0,0,1,0,1,0,0,0,,0,0,0,0,0,0,0,0,0,0,0,0,0,0,0,0,,,,,,21-25,16-25,City street,U,Saturday,Belt Used,PV,Not Fatal,0,0,0,0,City Street,Municipal/City Police,Spokane Valley Police Department,0,0,0,1,0,,,,,,0,0,0,,,,,,,,,,,,,,,,,,,,,,,,,,,,,,,,,,,
2017,360,632816,169,09-10-2017,20:17,10,9,Sep,0,67,Thurston,1102,1,0,3,1,2,1,1,3,1,,,,8,0,0,No vehicle,0,1,0,1,No intersection,3,2,4,6,0,0,0,0,COLLEGE ST SE,AVERY LN SE,-122.8231722,46.99884722,98503,0,1,13,Pedestrian/Animal,80,5,35,15,0,0,1,5,8,1,1,8,1,1,Going Straight,3,2,53,,0,20,481,2002,0,0,63,8,,,,,1,1,43,1,0,0,9,0,99,0,11,8,,,,,0,0,0,3,1,0,0,0,0,92,,,,,,99,,,,,,98248,53,72,175,6,1,0,2,1,0,,7,,,,,,0,05-15-2018,05-15-2018,99,9,0,0,8,9,8,,,0,0,0,8,9,8,95,,,96,,,8,95,995,,,,,,,,,,,,,,,,,,,,,,,,,,,,,,0,0,0,0,0,0,0,0,0,1,1,1,0,0,0,0,1,0,0,0,0,0,0,0,0,0,0,0,0,1,0,1,0,0,0,,0,0,0,0,0,0,0,0,1,0,0,0,0,0,0,0,,,,,,41-45,36-45,City street,U,Thursday,Unknown,PV,Not Fatal,0,0,0,0,City Street,State Patrol,Washington State Patrol,0,0,0,1,0,,,,,,0,0,1,,,,,,,,,,,,,,,,,,,,,,,,,,,,,,,,,,,
2018,361,3751710,263,09-30-2018,05:26,30,9,Sep,0,33,King,1960,1,0,3,1,2,1,0,2,4,,,,12,0,6,Angle,30.5,2,0,2,4 Way,3,2,1,3,0,0,3,3,SR-99,WINORE AVE N,-122.3446,47.68274167,98103,0,1,69,Initial Opposite Direction(Going Straight),17,2,30,4,0,0,1,2,12,1,2,2,2,1,Going Straight,1,1,53,,0,12,481,1998,0,0,68,64,1,,,,1,1,43,1,7,1,4,7,99,0,11,0,12/14/2018,21:05,2.51E+11,55448,0,0,0,3,1,0,0,0,0,0,,,,,,2,,,,,,99122,53,70,160,6,1,0,2,0,1,,0,,,,,,0,12-15-2014,11-15-2017,20,1,9,0,0,9,8,,,0,0,0,8,9,8,95,,,96,,,8,95,995,,,,,,,,,,,,,,,,,,,,,,,,,,,,,,0,0,1,0,0,0,0,0,0,0,0,0,0,0,0,1,0,0,0,0,0,0,0,0,0,0,0,0,0,1,0,0,0,0,0,,1,0,0,0,0,0,0,0,0,0,0,0,0,0,0,0,,,,,,41-45,36-45,State route,R,Friday,Unknown,PV,White,0,1,0,0,State Route,State Patrol,Washington State Patrol,1,1,0,0,0,,,,,,0,0,1,,,,,,,,,,,,,,,,,,,,,,,,,,,,,,,,,,,
2018,361,3751710,263,09-30-2018,05:26,30,9,Sep,0,33,King,1960,1,0,3,1,2,1,0,2,4,,,,12,0,6,Angle,30.5,2,0,2,4 Way,3,2,1,3,0,0,3,3,SR-99,WINORE AVE N,-122.3446,47.68274167,98103,0,2,68,Initial Opposite Direction(Left/Right),54,3,30,4,0,0,1,2,12,1,2,2,2,11,Turning Red: Permitted on red,1,1,53,,0,12,880,2001,0,0,12,,,,,,1,1,28,1,0,0,2,0,3,0,11,5,,,,,0,0,0,3,1,0,0,0,0,96,,,,,,0,,,,,,99008,53,70,200,6,1,0,0,0,0,,0,,,,,,0,,,20,0,0,0,8,9,8,,,0,0,0,8,0,8,95,,,96,,,8,95,995,,,,,,,,,,,,,,,,,,,,,,,,,,,,,,0,0,0,1,1,0,1,1,1,0,0,0,0,0,0,0,0,0,0,0,0,0,0,0,0,0,0,0,0,1,1,0,0,0,0,,0,0,0,0,0,0,0,0,0,0,0,0,0,0,0,0,,,,,,26-30,26-35,US highway,R,Wednesday,Belt Used,MHTRUCK,Not Fatal,1,0,0,0,State Route,State Patrol,Washington State Patrol,0,1,0,0,0,,,,,,0,0,0,,,,,,,,,,,,,,,,,,,,,,,,,,,,,,,,,,,
2021,361,635912,278,09-22-2021,17:05,22,9,Sep,,63,Spokane,2110,1,,1,1,1,1,0,3,2,,,,12,0,6,Angle,4.3,2,0,3,T Intersection,3,2,1,3,0,0,0,0,SR-291,W WIND RIVER RD,-117.4958194,47.72617222,99208,0,2,68,Initial Opposite Direction(Left/Right),15,2,98,14,0,0,1,5,12,8,8,5,1,11,Turning Red: Permitted on red,2,1,53,,0,48,403,2016,0,0,12,68,12,,,,1,1,36,1,7,1,4,7,3,0,11,0,12/19/2018,07:26,2253056007,56007,0,0,0,3,1,0,0,0,0,0,,,,,,99,,,,,,99217,53,70,180,6,1,0,0,1,0,,0,,,,,,0,12-15-2016,12-15-2016,8,0,0,0,0,9,8,,,0,0,0,8,0,2,1,,,1,,,2,1,0,,,,,,,,,,,,,,,,,,,,,,,,,,,,,,0,0,0,1,1,0,1,1,1,0,0,0,0,0,0,0,0,0,0,0,0,0,0,0,0,0,0,0,0,1,1,0,0,0,0,,1,0,0,0,0,0,0,0,0,0,0,0,0,0,0,0,,,,,,36-40,36-45,US highway,R,Wednesday,Belt Used,PV,White,1,0,0,0,State Route,State Patrol,Washington State Patrol,0,1,0,0,0,,,,,,0,0,0,,,,,,,,,,,,,,,,,,,,,,,,,,,,,,,,,,,
2021,361,635911,278,09-22-2021,17:05,22,9,Sep,,63,Spokane,2110,1,,1,1,1,1,0,3,2,,,,12,0,6,Angle,4.3,2,0,3,T Intersection,3,2,1,3,0,0,0,0,SR-291,W WIND RIVER RD,-117.4958194,47.72617222,99208,0,1,69,Initial Opposite Direction(Going Straight),17,2,98,80,0,0,1,5,12,8,8,2,1,1,Going Straight,1,1,53,,0,7,442,2002,0,0,12,,,,,,1,1,45,1,0,0,2,0,3,0,11,5,,,,,0,0,0,3,1,91,0,0,0,96,,,,,,9,,,,,,99155,53,70,195,6,1,1,1,0,1,,1,,,,,,0,12-15-2015,11-15-2016,1,0,0,0,8,9,8,,,0,0,0,8,1,2,605,695,401,1,1,1,2,1,0.016,,,,,,,,,,,,,,,,,,,,,,,,,,,,,,0,0,0,1,1,0,1,1,1,0,0,0,0,0,0,0,0,0,0,0,0,0,0,0,0,0,0,0,0,1,1,0,0,0,0,,0,0,0,0,1,0,1,1,0,0,0,0,0,0,0,1,,,,,,41-45,36-45,US highway,R,Wednesday,Belt Used,PV,Not Fatal,1,0,0,0,State Route,State Patrol,Washington State Patrol,0,1,0,0,0,thc,4.1,carboxy-thc,53,,0,0,1,1,,,,,417,,,,,,,,,,,,,,,,,,,,,,,,,,,,,
2019,361,634393,14,10-08-2019,08:32,8,10,Oct,,11,Clark,0,10,0,1,1,2,1,1,1,1,,,,9,0,0,No vehicle,0.3,2,0,2,4 Way,3,1,2,4,0,0,0,0,CR-NE 9TH ST,NE 167TH AVE,-122.5003889,45.62841111,98684,0,1,13,Pedestrian/Animal,84,5,25,34,0,0,1,7,9,1,1,2,1,1,Going Straight,1,1,53,,0,12,422,1999,0,0,8,,,,,,1,1,46,1,0,0,0,0,3,0,11,0,,,,,0,0,0,3,1,10,0,0,0,96,,,,,,0,,,,,,98579,53,69,190,6,1,0,0,0,0,,0,,,,,,0,,,20,0,0,0,8,9,8,,,0,0,0,8,0,8,95,,,96,,,8,95,995,,,,,,,,,,,,,,,,,,,,,,,,,,,,,,0,0,0,0,0,0,0,0,0,0,0,0,0,0,0,0,0,0,0,0,0,0,0,0,0,0,0,0,0,1,0,1,0,0,0,,0,0,0,0,0,0,0,0,0,0,0,0,0,0,0,0,,,,,,46-50,46-55,County road,R,Monday,Belt Used,PV,Not Fatal,0,0,0,0,County Road,County Sheriff,Thurston County Sheriff's Office,0,0,1,0,0,,,,,,0,0,0,,,,,,,,,,,,,,,,,,,,,,,,,,,,,,,,,,,
2017,361,632823,14,09-09-2017,18:31,9,9,Sep,0,11,Clark,0,1,0,5,1,2,1,0,2,2,,,,12,0,2,Front-to-Front,0.4,1,0,1,No intersection,5,2,2,4,0,0,0,0,CR-NE 39TH ST,,-122.4976278,45.65028889,98682,0,2,51,Lateral Move(Going Straight),62,4,98,2,0,0,1,2,12,1,1,2,1,1,Going Straight,1,2,53,,0,37,31,1994,0,0,8,,,,,,1,1,33,1,0,0,0,0,3,0,11,0,,,,,0,0,3,3,1,0,0,0,0,93,,,,,,0,,,,,,98501,53,72,180,6,1,0,0,0,1,,97,,,,,,0,04-15-2018,12-15-2018,20,0,0,0,8,9,8,,,0,0,0,8,0,8,95,,,96,,,8,95,995,,,,,,,,,,,,,,,,,,,,,,,,,,,,,,0,0,0,0,0,0,0,0,0,0,0,0,0,0,0,0,1,0,0,0,0,0,0,0,0,0,0,0,0,1,0,1,0,0,0,,0,0,0,0,0,0,0,0,1,0,0,0,0,0,0,0,,,,,,31-35,26-35,City street,U,Tuesday,Belt Used,PV,Not Fatal,1,0,0,0,City Street,Municipal/City Police,Olympia Police Department,0,0,0,1,0,,,,,,0,0,1,,,,,,,,,,,,,,,,,,,,,,,,,,,,,,,,,,,
2017,361,632822,14,09-09-2017,18:31,9,9,Sep,0,11,Clark,0,1,0,5,1,2,1,0,2,2,,,,12,0,2,Front-to-Front,0.4,1,0,1,No intersection,5,2,2,4,0,0,0,0,CR-NE 39TH ST,,-122.4976278,45.65028889,98682,0,1,50,Lateral Move(Left/Right),10,2,98,4,0,0,1,2,12,1,1,2,1,15,Others,1,1,53,,0,99,999,9999,0,0,8,,,,,,1,1,999,8,0,0,0,0,99,0,11,0,,,,,99,9,9,9,1,0,0,0,0,96,,,,,,99,,,,,,99999,99,,999,9,9,99,99,99,99,,97,,,,,,0,,,99,0,0,0,8,9,8,,,0,0,0,8,9,8,95,,,96,,,8,95,995,,,,,,,,,,,,,,,,,,,,,,,,,,,,,,0,0,0,1,0,0,0,0,0,0,0,0,0,0,0,0,0,0,0,0,0,0,0,0,0,0,0,0,0,0,0,1,0,0,0,,0,0,0,0,0,0,0,0,0,0,0,0,0,0,0,0,,,,,,,,State route,U,Tuesday,,NR-U,Not Fatal,1,0,0,0,State Route,State Patrol,Washington State Patrol,0,1,0,0,0,,,,,,99,99,99,,,,,,,,,,,,,,,,,,,,,,,,,,,,,,,,,,,