year,something,Cases,repjur,crash_dt,crash_tm,accday,Month,Month,holiday,county,co_char,city,weather,weather2,lightcond,surfcond,surftype,Number of Fatalities,nmforms,pforms,vforms,not_tm,arr_tm,hosp_tm,fhevent,hitrun,Manner of Collision,Manner of Collision,milepnt,reljunc,reljuncinter,intersectiontype,Intersection Type,funcsystem,landuse,ownership,route,schlbus,spejur,contdev,devfunc,trafid1,trafid2,x,y,zipcode,wk_zone,vnumber,crashtype,Crash Type,criticalevent,criticaleventcat,spdlim,body,trailer,emerg,hazcargo,leave,mhevent,roadalgn,roadprof,traflane,trafflow,Vehicle Manure,Vehicle Manure,numoccs,regowner,regstate,,spuse,make,model,modelyr,vrf1,vrf2,seqevent1,seqevent2,seqevent3,seqevent4,seqevent5,seqevent6,pnumber,ptype,age,sex,hispanic,race,injury,diedscene,restraint,restraintmisuse,seatpos,takehosp,death_dt,death_tm,cert,cernum_wa,commlic,licendor,licrestrict,liccomp,drivpres,drf1,drf2,drf3,drf4,distract1,distract2,distract3,distract4,distract5,distract6,dricond1,dricond2,dricond3,dricond4,dricond5,dricond6,dzip,licstate,drhgt_in,weight,noncdl,noncdltype,prevdwi,prevoth,prevacc,prevspd,prevsus,driviol1,driviol2,driviol3,driviol4,driviol5,driviol6,spdrel,first_dt,last_dt,airbag,ejection,ejectpath,extricat,injurwrk,methalc,methdrug,nmlocat,strikveh,prf1,prf2,prf3,druginv,alcinvol,drugsts,drugres1,drugres2,drugres3,drugtst1,drugtst2,drugtst3,alcsts,alctst,alcres,nmact1,nmact2,nmact3,nmact4,nmact5,nmact6,nmprior1,nmprior2,nmprior3,nmprior4,nmprior5,nmprior6,nmcond1,nmcond2,nmcond3,nmcond4,nmcond5,nmcond6,nmsafe_helmet,nmsafe_pads,nmsafe_oth,nmprev_ref,nmprev_lgt,nmprev_oth,crashlocation,nmcrashtype,crosswalk,schoolzone,sidewalk,train_inv,wildlife_inv,rotr_fars,intersect_fars,Drink and Drive,aid_inv,Drug Positive Drivers,Impaired Drivers,Marijuana Positive,impnm_inv,ainm_inv,dpnm_inv,speed_inv,unlic_inv,unendmc_inv,drowsy_inv,drdist_inv,nmdist_inv,fty_inv,unrestfat_inv,dr1617_inv,dr1820_inv,dr1620_inv,dr2125_inv,dr1625_inv,dr65_inv,dr70_inv,dr75_inv,mc_inv,pv_inv,ht_inv,ped_inv,bike_inv,unrest_fat,mc_fat,unhelmet_mc,pv_fat,ht_fat,ped_fat,bike_fat,dr_alc7,dr_alc8,dr_drug,dr_imp,dr_dist,dr_spd,dr_fty,dr_unlic,dr_alc7only,dr_alc8only,dr_drugonly,dr_drink,nm_imp,nm_alc7,nm_alc8,nm_drug,nm_dist,agegrp1,agegrp2,roadclass,urbrur,dayweek,restuse,vehtype,race_me,intersect,lanedep,oppdir,wrongway,rep_typ,investag,repag_long,rotr,st_rd,cty_rd,city_rd,oth_rd,drug_thc,thc_res,drug_cthc,cthc_res,drug_cann,prevpersemin,prevperse,prevsusoth,drugtst4,drugtst5,drugtst6,drugtst7,drugtst8,drugres4,drugres5,drugres6,drugres7,drugres8,adspresent,adsengaged,adslevel,race1,race2,race3,race4,race5,helmet,helmetmisuse,nmdistract1,nmdistract2,nmdistract3,nmdistract4,nmdistract5,nmdistract6,lab,isedtcase,crf1,crf2,crf3,CoRoadName,CoMP,IntCoRoadName,IntCoMP
2021,362,635913,4,09-21-2021,16:30,21,9,Sep,,65,Stevens,0,1,,1,1,2,2,0,2,1,,,,21,0,0,No vehicle,4.5,1,0,1,No intersection,5,1,1,3,0,0,0,0,SR-292,,-117.6500333,48.06519722,99148,0,1,1,Driver Off Road,3,1,55,34,0,0,1,2,21,1,2,2,1,1,Going Straight,2,1,53,,0,51,881,2018,0,0,12,,,,,,1,1,26,1,0,0,3,0,3,0,11,4,,,,,6,3,0,3,1,0,0,0,0,93,,,,,,0,,,,,,33478,12,74,999,6,1,0,3,0,1,,0,,,,,,4,09-15-2015,10-15-2017,1,0,0,0,8,9,8,,,0,0,0,8,0,8,95,,,96,,,8,95,995,,,,,,,,,,,,,,,,,,,,,,,,,,,,,,0,0,0,0,0,0,0,0,0,0,0,0,1,0,0,0,1,0,0,0,0,0,0,1,1,0,0,0,0,0,1,0,0,0,0,,0,0,0,0,0,0,0,0,1,1,0,0,0,0,0,0,,,,,,26-30,26-35,Interstate,R,Wednesday,,MHTRUCK,Not Fatal,0,0,0,0,State Route,State Patrol,Washington State Patrol,0,1,0,0,0,,,,,,0,0,0,,,,,,,,,,,,,,,,,,,,,,,,,,,,,,,,,,,
2020,362,635099,11,08-20-2020,05:28,20,8,Aug,,5,Benton,0,1,,4,1,2,1,0,2,2,05:20,05:52,06:38,12,0,6,Angle,5.5,8,0,1,No intersection,5,1,2,4,0,0,0,0,CR-S PLYMOUTH RD,,-119.3542306,46.00878611,99346,0,2,83,Others,67,4,50,66,0,0,1,2,12,1,2,2,1,1,Going Straight,1,3,53,,0,82,881,2015,0,0,12,,,,,,1,1,23,1,7,68,4,7,3,0,11,0,12-12-2018,04:26,53055442,55442,6,3,0,3,1,0,0,0,0,96,,,,,,99,,,,,,95377,6,67,160,6,1,0,0,0,0,,0,,,,,,4,,,20,9,0,0,1,9,8,,,0,0,0,8,9,8,95,,,96,,,8,95,995,,,,,,,,,,,,,,,,,,,,,,,,,,,,,,0,0,0,0,0,0,0,0,0,0,0,0,1,0,0,0,1,0,0,0,0,0,0,1,1,0,0,0,0,0,1,0,0,0,0,,0,1,0,0,0,0,0,0,0,1,0,0,0,0,0,0,,,,,,21-25,16-25,Interstate,R,Wednesday,,MHTRUCK,API,0,0,0,0,State Route,State Patrol,Washington State Patrol,0,1,0,0,0,,,,,,0,0,0,,,,,,,,,,,,,,,,,,,,,,,,,,,,,,,,,,,
2020,362,635098,11,08-20-2020,05:28,20,8,Aug,,5,Benton,0,1,,4,0,0,1,0,2,2,05:20,05:52,06:38,12,0,6,Angle,5.5,8,0,1,No intersection,5,1,2,4,0,0,20,3,CR-S PLYMOUTH RD,,-119.3542306,46.00878611,99346,0,1,82,Turn Into Opp Direction(Turning Left),15,2,0,34,0,0,1,2,12,0,0,0,0,11,Turning Red: Permitted on red,1,2,53,,0,12,402,2003,0,0,68,68,63,3,,,1,1,76,2,7,1,4,7,20,0,11,0,12-12-2018,00:00,53055232,55232,0,0,3,2,1,58,0,0,0,93,,,,,,99,,,,,,98812,53,65,150,1,1,0,0,0,1,,0,,,,,,4,08-15-2018,08-15-2018,20,0,0,0,0,9,8,,,0,0,0,8,9,2,996,,,1,,,2,1,0.11,,,,,,,,,,,,,,,,,,,,,,,,,,,,,,0,0,0,0,1,1,1,1,0,0,0,0,1,1,0,0,1,0,0,1,0,0,0,0,0,1,1,1,0,1,0,0,0,1,0,,1,0,0,0,0,1,1,1,1,1,0,1,0,0,0,1,,,,,,76-80,76+,County road,R,Wednesday,Not Used,PV,White,0,1,0,0,County Road,County Sheriff,Okanogan County Sheriff's Office,1,0,1,0,0,,,,,,0,0,1,,,,,,,,,,,,,,,,,,,,,,,,,,,,,,,,,,,
2019,362,634394,33,04-10-2019,13:46,10,4,April,,49,Pacific,0,10,0,1,2,2,1,0,1,2,,,,14,0,0,No vehicle,0.7,1,0,1,No intersection,7,1,2,4,0,0,0,0,CR-U ST,,-124.0446694,46.4761,98640,0,1,11,Others,6,1,35,2,0,0,1,7,14,1,1,2,1,1,Going Straight,1,1,53,,0,23,422,2011,0,0,12,,,,,,1,1,54,1,0,0,1,0,3,0,11,8,,,,,0,0,0,3,1,0,0,0,0,96,,,,,,0,,,,,,99005,53,63,285,6,1,0,0,1,0,,0,,,,,,0,10-15-2017,10-15-2017,1,0,0,0,8,9,8,,,0,0,0,8,0,8,95,,,96,,,8,95,995,,,,,,,,,,,,,,,,,,,,,,,,,,,,,,0,0,0,0,0,0,1,1,0,0,0,0,1,0,0,0,0,0,0,1,0,0,0,0,0,1,1,0,0,1,0,0,0,0,0,,0,0,0,0,0,0,0,0,0,0,0,0,0,0,0,0,,,,,,51-55,46-55,US highway,R,Monday,Belt Used,PV,Not Fatal,0,1,1,0,State Route,State Patrol,Washington State Patrol,0,1,0,0,0,,,,,,0,0,0,,,,,,,,,,,,,,,,,,,,,,,,,,,,,,,,,,,
2018,362,633608,112,10-11-2018,05:10,11,10,Oct,0,53,Pierce,586,1,0,3,1,2,1,0,2,2,05:13,05:19,,1,0,0,No vehicle,33.4,2,0,2,4 Way,3,2,1,3,0,0,0,0,SR-161,JOVITA BLVD,-122.2938389,47.25094167,98371,0,2,98,Others,61,4,35,14,0,0,1,5,12,1,1,4,1,11,Turning Red: Permitted on red,1,1,53,,0,7,482,2007,0,0,12,,,,,,1,1,73,1,0,0,0,0,3,0,11,0,,,,,0,0,3,3,1,0,0,0,0,96,,,,,,0,,,,,,99109,53,70,230,6,1,0,0,0,0,,0,,,,,,0,,,20,0,0,0,8,9,8,,,0,0,0,8,0,8,95,,,96,,,8,95,995,,,,,,,,,,,,,,,,,,,,,,,,,,,,,,0,0,0,0,0,0,1,1,0,0,0,0,1,0,0,0,0,0,0,1,0,0,0,0,0,1,1,0,0,1,0,0,0,0,0,,0,0,0,0,0,0,0,0,0,0,0,0,0,0,0,0,,,,,,71-75,66-75,US highway,R,Monday,Belt Used,PV,Not Fatal,0,1,1,0,State Route,State Patrol,Washington State Patrol,0,1,0,0,0,,,,,,0,0,0,,,,,,,,,,,,,,,,,,,,,,,,,,,,,,,,,,,
2018,362,633607,112,10-11-2018,05:10,11,10,Oct,0,53,Pierce,586,1,0,3,1,2,1,0,2,2,05:13,05:19,,1,0,0,No vehicle,33.4,2,0,2,4 Way,3,2,1,3,0,0,0,0,SR-161,JOVITA BLVD,-122.2938389,47.25094167,98371,0,1,98,Others,6,1,35,80,0,0,1,5,1,1,1,4,1,1,Going Straight,1,2,53,,0,49,472,1998,0,0,68,12,12,,,,1,1,50,2,7,1,4,7,20,0,11,0,12-10-2018,08:20,53054787,54787,0,0,3,3,1,87,0,0,0,96,,,,,,99,,,,,,99109,53,65,190,6,1,0,0,0,0,,0,,,,,,4,,,20,0,0,0,0,1,1,,,0,0,0,0,0,2,177,,,1,,,2,1,0,,,,,,,,,,,,,,,,,,,,,,,,,,,,,,0,0,0,0,0,0,1,1,0,0,0,0,1,0,0,0,0,0,0,1,0,0,0,0,0,1,1,0,0,1,0,0,0,1,0,,1,0,0,0,0,0,1,1,0,1,0,0,0,0,1,0,,,,,,46-50,46-55,US highway,R,Monday,Not Used,PV,White,0,1,1,0,State Route,State Patrol,Washington State Patrol,0,1,0,0,0,,,,,,0,0,0,,,,,,,,,,,,,,,,,,,,,,,,,,,,,,,,,,,
2017,362,DC & Ob,,02-05-2017,02:31,5,2,Feb,0,53,Pierce,2230,98,0,8,98,8,1,1,1,1,,,,8,1,0,No vehicle,0,98,0,98,Others,3,2,4,6,0,0,98,8,PORTLAND AVE,E 29TH ST,-122.4101444,47.237675,98404,0,1,13,Pedestrian/Animal,99,9,98,99,0,0,1,5,8,8,8,8,8,99,Others,99,9,99,,0,58,37,2011,0,0,68,64,25,67,39,,1,1,22,1,7,1,4,0,1,0,11,5,12/16/2018,04:53,2.11E+11,55914,0,0,0,3,1,0,0,0,0,96,,,,,,99,,,,,,99206,53,71,145,6,1,0,0,0,0,,0,,,,,,3,,,8,0,0,0,0,9,8,,,0,0,0,8,9,2,348,,,1,,,2,1,0,,,,,,,,,,,,,,,,,,,,,,,,,,,,,,0,0,1,0,0,0,1,1,0,0,0,0,1,0,0,0,0,0,0,0,0,0,0,1,1,0,0,0,0,1,0,0,0,0,0,,1,0,0,0,0,0,1,1,0,1,0,0,0,0,1,0,,,,,,21-25,16-25,City street,U,Sunday,Belt Used,PV,White,0,1,0,0,City Street,Municipal/City Police,Spokane Valley Police Department,1,0,0,1,0,,,,,,0,0,0,,,,,,,,,,,,,,,,,,,,,,,,,,,,,,,,,,,
2021,363,635914,39,09-21-2021,20:54,21,9,Sep,,61,Snohomish,0,1,,2,1,2,1,0,1,1,,,,1,0,0,No vehicle,0.1,1,0,1,No intersection,4,2,2,4,0,0,0,0,CR-OK MILL RD,,-122.0347833,47.98718889,98290,0,1,1,Driver Off Road,9,1,35,80,0,0,1,5,1,3,1,2,1,14,Making a U turn,1,1,53,,0,9,442,1999,0,0,1,,,,,,1,1,22,2,7,1,4,7,3,0,11,0,12-11-2018,11:58,2.11E+11,55154,0,0,0,3,1,0,0,0,0,93,,,,,,99,,,,,,99206,53,66,145,6,1,0,0,0,1,,0,,,,,,0,03-15-2017,03-15-2017,8,0,0,0,0,9,8,,,0,0,0,8,9,2,407,996,402,1,1,1,2,1,0.245,,,,,,,,,,,,,,,,,,,,,,,,,,,,,,0,0,0,0,1,1,1,1,1,0,0,0,0,0,0,0,1,0,0,0,0,0,0,1,1,0,0,0,0,1,0,0,0,0,0,,1,0,0,0,0,1,1,1,1,0,0,0,0,0,0,1,,,,,,21-25,16-25,City street,U,Tuesday,Belt Used,PV,White,0,1,0,0,City Street,Municipal/City Police,Spokane Valley Police Department,1,0,0,1,0,thc,6.5,carboxy-thc,11,,0,0,0,1,1,,,,695,605,,,,,,,,,,,,,,,,,,,,,,,,,,,,
2020,363,635100,4,09-18-2020,21:20,18,9,Sep,,63,Spokane,0,5,,2,1,2,1,0,1,1,,,,1,0,0,No vehicle,76.5,1,0,1,No intersection,5,1,1,3,0,0,0,0,SR-27,,-117.1778167,47.51192778,99030,0,1,1,Driver Off Road,9,1,55,80,0,0,1,2,1,3,1,2,1,6,Others,1,1,53,,0,12,401,1997,0,0,12,,,,,,1,1,58,1,0,0,1,0,3,0,11,0,,,,,0,0,0,0,1,0,0,0,0,96,,,,,,0,,,,,,99009,53,75,155,0,0,0,0,0,0,,72,,,,,,0,,,1,0,0,0,8,9,8,,,0,0,0,8,0,8,95,,,96,,,8,95,995,,,,,,,,,,,,,,,,,,,,,,,,,,,,,,0,0,0,0,0,0,1,1,1,0,0,0,0,1,0,0,0,0,0,0,0,0,0,0,0,0,0,0,0,1,0,0,0,0,0,,0,0,0,0,0,0,0,0,0,0,0,1,0,0,0,0,,,,,,56-60,56-65,US highway,R,Tuesday,Belt Used,PV,Not Fatal,0,1,1,0,State Route,State Patrol,Washington State Patrol,0,1,0,0,0,,,,,,0,0,0,,,,,,,,,,,,,,,,,,,,,,,,,,,,,,,,,,,
2019,363,634396,278,10-15-2019,18:53,15,10,Oct,,63,Spokane,2110,1,0,3,1,2,1,0,5,2,,,,12,0,6,Angle,0,2,0,2,4 Way,7,2,4,6,0,0,20,3,N INDIAN TRAIL RD,W LOWELL AVE,-117.4833139,47.737175,99208,0,2,82,Turn Into Opp Direction(Turning Left),15,2,98,14,0,0,1,5,12,1,1,4,1,11,Turning Red: Permitted on red,4,1,53,,0,37,31,1995,0,0,68,12,,,,,1,1,49,2,7,1,4,7,99,0,11,0,12-11-2018,15:30,53054611,54611,0,0,0,2,1,28,0,0,0,96,,,,,,9,,,,,,72712,5,60,130,1,1,0,0,0,0,,0,,,,,,0,,,20,0,0,0,0,9,1,,,0,0,0,1,9,2,605,695,401,1,1,1,2,1,0,,,,,,,,,,,,,,,,,,,,,,,,,,,,,,0,0,0,0,0,0,1,1,1,0,0,0,0,1,0,0,0,0,0,0,0,0,0,0,0,0,0,0,0,1,0,0,0,0,0,,1,0,0,0,0,0,1,1,0,0,0,1,0,0,1,0,,,,,,46-50,46-55,US highway,R,Tuesday,Unknown,PV,White,0,1,1,0,State Route,State Patrol,Washington State Patrol,0,1,0,0,0,thc,39,carboxy-thc,29,,0,0,0,1,,,,,417,,,,,,,,,,,,,,,,,,,,,,,,,,,,,
2019,363,634395,278,10-15-2019,18:53,15,10,Oct,,63,Spokane,2110,1,0,3,1,2,1,0,5,2,,,,12,0,6,Angle,0,2,0,2,4 Way,7,2,4,6,0,0,0,0,N INDIAN TRAIL RD,W LOWELL AVE,-117.4833139,47.737175,99208,0,1,83,Others,67,4,35,80,0,0,1,5,12,1,1,4,1,1,Going Straight,1,1,53,,0,2,404,1999,0,0,63,1,,,,,1,1,15,2,0,0,2,0,3,0,11,8,,,,,0,0,0,0,1,0,0,0,0,96,,,,,,9,,,,,,98387,53,,999,0,0,99,99,99,99,,97,,,,,,0,,,20,0,0,0,8,9,1,,,0,0,0,1,9,2,605,,,1,,,8,95,995,,,,,,,,,,,,,,,,,,,,,,,,,,,,,,0,0,1,0,0,0,1,1,1,0,0,0,0,1,0,0,0,0,0,1,0,0,0,0,0,0,0,0,0,1,0,0,0,0,0,,0,0,0,0,0,0,1,1,0,0,0,1,0,0,0,0,,,,,,Oct-15,0-15,County road,R,Sunday,Belt Used,PV,Not Fatal,0,1,0,0,County Road,County Sheriff,Law Enforcement Support Agency,1,0,1,0,0,,,,,,99,99,99,,,,,,,,,,,,,,,,,,,,,,,,,,,,,,,,,,,
2018,363,633610,160,10-09-2018,05:38,9,10,Oct,7,33,King,1030,2,0,3,2,2,1,0,2,2,,,,12,0,6,Angle,0,8,0,1,No intersection,7,2,4,6,0,0,0,0,REITH RD S,S 253RD ST,-122.2787694,47.37392778,98032,0,2,69,Initial Opposite Direction(Going Straight),62,4,35,34,0,0,1,7,12,3,2,2,1,14,Making a U turn,1,1,53,,0,7,482,2001,0,0,12,,,,,,1,1,64,1,0,0,2,0,3,0,11,8,,,,,0,0,3,3,1,0,0,0,0,96,,,,,,0,,,,,,98198,53,72,250,6,1,0,0,1,0,,0,,,,,,0,02-15-2018,02-15-2018,8,0,0,0,8,9,8,,,0,0,0,8,0,8,95,,,96,,,8,95,995,,,,,,,,,,,,,,,,,,,,,,,,,,,,,,0,0,0,0,0,0,0,0,0,0,0,0,0,0,0,0,0,0,0,1,0,0,0,0,0,0,0,0,0,1,0,0,0,0,0,,0,0,0,0,0,0,0,0,0,0,0,0,0,0,0,0,,,,,,61-65,56-65,City street,U,Saturday,Belt Used,PV,Not Fatal,0,1,1,0,City Street,County Sheriff,King County Police,0,0,0,1,0,,,,,,0,0,0,,,,,,,,,,,,,,,,,,,,,,,,,,,,,,,,,,,
2018,363,633609,160,10-09-2018,05:38,9,10,Oct,7,33,King,1030,2,0,3,2,2,1,0,2,2,,,,12,0,6,Angle,0,8,0,1,No intersection,7,2,4,6,0,0,0,0,REITH RD S,S 253RD ST,-122.2787694,47.37392778,98032,0,1,68,Initial Opposite Direction(Left/Right),15,2,35,4,0,0,1,7,12,2,2,2,1,11,Turning Red: Permitted on red,1,1,53,,0,49,38,1997,0,0,68,12,,,,,1,1,52,2,7,2,4,7,20,0,11,0,12-08-2018,12:56,1.96E+11,53878,0,0,3,3,1,28,0,0,0,96,,,,,,0,,,,,,98188,53,62,160,6,1,0,0,2,0,,0,,,,,,0,03-15-2015,09-15-2015,8,0,0,0,0,9,8,,,0,0,0,8,0,2,1,,,1,,,2,1,0,,,,,,,,,,,,,,,,,,,,,,,,,,,,,,0,0,0,0,0,0,0,0,0,0,0,0,0,0,0,0,0,0,0,1,0,0,0,0,0,0,0,0,0,1,0,0,0,1,0,,1,0,0,0,0,0,0,0,0,0,0,0,0,0,0,0,,,,,,51-55,46-55,City street,U,Saturday,Not Used,PV,Black,0,1,1,0,City Street,County Sheriff,King County Police,0,0,0,1,0,,,,,,0,0,0,,,,,,,,,,,,,,,,,,,,,,,,,,,,,,,,,,,
2017,363,632488,42,04-16-2017,11:13,16,4,April,0,67,Thurston,0,1,0,1,1,2,1,0,3,2,11:21,12:00,12:36,12,0,2,Front-to-Front,0,1,0,1,No intersection,5,2,2,4,0,0,0,0,CR-JOHNSON POINT RD NE,,-122.8227889,47.09072778,98516,0,2,51,Lateral Move(Going Straight),62,4,40,14,0,0,1,2,12,3,2,2,1,14,Making a U turn,2,1,53,,0,12,481,2013,0,0,12,63,1,30,,,1,1,31,1,0,0,2,0,3,0,11,8,,,,,0,0,0,3,1,0,0,0,0,96,,,,,,0,,,,,,98022,53,75,215,6,1,0,0,0,0,,0,,,,,,0,,,8,0,0,0,8,9,8,,,0,0,0,8,0,8,95,,,96,,,8,95,995,,,,,,,,,,,,,,,,,,,,,,,,,,,,,,0,0,0,0,1,1,0,1,0,0,0,0,1,1,0,0,0,0,0,1,0,0,0,1,1,0,0,0,0,1,0,0,0,0,0,,0,0,0,0,0,0,0,0,0,0,0,0,0,0,0,0,,,,,,31-35,26-35,State route,R,Tuesday,Belt Used,PV,Not Fatal,0,1,1,0,State Route,State Patrol,Washington State Patrol,0,1,0,0,0,,,,,,0,0,0,,,,,,,,,,,,,,,,,,,,,,,,,,,,,,,,,,,
2017,363,632487,42,04-16-2017,11:13,16,4,April,0,67,Thurston,0,1,0,1,1,2,1,0,3,2,11:21,12:00,12:36,12,0,2,Front-to-Front,0,1,0,1,No intersection,5,2,2,4,0,0,0,0,CR-JOHNSON POINT RD NE,,-122.8227889,47.09072778,98516,0,1,50,Lateral Move(Left/Right),10,2,40,4,0,0,1,2,12,1,2,2,1,15,Others,1,2,53,,0,63,33,2004,0,0,68,12,,,,,1,1,22,2,0,0,3,0,20,0,11,8,,,,,0,0,0,2,1,28,0,0,0,96,,,,,,9,,,,,,98022,53,61,145,0,0,0,0,0,0,,97,,,,,,4,,,8,0,0,0,8,9,8,,,0,0,0,8,1,2,1,,,1,,,2,1,0.08,,,,,,,,,,,,,,,,,,,,,,,,,,,,,,0,0,0,0,1,1,0,1,0,0,0,0,1,1,0,0,0,0,0,1,0,0,0,1,1,0,0,0,0,1,0,0,0,0,0,,0,0,0,0,0,1,0,1,0,1,0,1,0,1,0,1,,,,,,21-25,16-25,State route,R,Tuesday,Not Used,PV,Not Fatal,0,1,1,0,State Route,State Patrol,Washington State Patrol,0,1,0,0,0,,,,,,0,0,0,,,,,,,,,,,,,,,,,,,,,,,,,,,,,,,,,,,
2021,364,635916,40,09-22-2021,21:55,22,9,Sep,,63,Spokane,0,1,,3,1,2,1,1,1,1,,,,8,0,0,No vehicle,0.1,1,0,1,No intersection,3,2,2,4,0,0,0,0,CR-N ARGONNE RD,,-117.2827306,47.69096111,99212,0,1,13,Pedestrian/Animal,80,5,35,6,0,0,1,2,8,1,2,5,1,1,Going Straight,1,2,35,,0,82,881,2008,0,0,63,1,,,,,1,1,58,1,1,98,4,7,20,0,11,0,12-05-2018,13:15,1.42E+11,54022,0,0,0,2,1,0,0,0,0,96,,,,,,0,,,,,,98901,53,72,250,6,1,0,4,1,1,,0,,,,,,0,09-15-2014,09-15-2018,20,2,9,0,1,9,8,,,0,0,0,8,0,2,1,,,1,,,2,1,0,,,,,,,,,,,,,,,,,,,,,,,,,,,,,,0,0,1,0,0,0,0,0,0,0,0,0,0,0,0,0,0,0,0,0,0,0,0,0,0,0,0,0,0,0,1,0,0,0,0,,0,1,0,0,0,0,0,0,0,0,0,0,0,0,0,0,,,,,,56-60,56-65,State route,R,Wednesday,,MHTRUCK,Hispanic,0,0,0,0,State Route,State Patrol,Washington State Patrol,0,1,0,0,0,,,,,,0,0,0,,,,,,,,,,,,,,,,,,,,,,,,,,,,,,,,,,,
2020,364,635074,184,09-05-2020,10:54,5,9,Sep,,61,Snohomish,1215,1,,1,1,2,1,0,2,2,,,,12,0,6,Angle,41.1,2,0,4,Y Intersection,3,2,1,3,0,0,0,0,SR-99,186TH PL W,-122.3072806,47.83018056,98037,0,2,83,Others,67,4,45,80,0,0,1,2,12,1,1,7,5,1,Going Straight,1,2,41,,0,55,35,2005,0,0,12,,,,,,1,1,66,2,0,0,0,0,3,0,11,0,,,,,0,0,0,3,1,0,0,0,0,96,,,,,,0,,,,,,98597,53,61,140,6,1,0,0,2,0,,0,,,,,,0,09-15-2014,04-15-2017,20,0,0,0,8,9,8,,,0,0,0,8,0,8,95,,,96,,,8,95,995,,,,,,,,,,,,,,,,,,,,,,,,,,,,,,0,0,0,0,0,0,1,1,1,0,0,0,0,0,0,0,1,0,0,0,0,1,1,0,1,1,0,0,0,1,0,0,0,0,0,,0,0,0,0,0,0,0,0,0,0,0,0,0,0,0,0,,,,,,66-70,66-75,State route,U,Wednesday,Belt Used,PV,Not Fatal,0,0,0,0,State Route,State Patrol,Washington State Patrol,0,1,0,0,0,,,,,,0,0,0,,,,,,,,,,,,,,,,,,,,,,,,,,,,,,,,,,,
2018,364,633611,8,10-07-2018,14:15,7,10,Oct,7,31,Jefferson,0,2,0,1,2,2,1,0,3,2,,,,12,0,6,Angle,301.4,1,0,1,No intersection,3,1,1,2,0,0,4,3,US-101,,-122.88295,47.747025,98320,0,1,66,Specific Other,6,1,55,14,0,0,1,7,12,3,6,4,1,14,Making a U turn,2,2,41,,0,49,471,1989,0,0,12,63,38,39,1,3,1,1,20,1,7,1,4,7,3,0,11,0,11/28/2018,04:30,2.60E+11,52732,0,0,0,3,1,0,0,0,0,92,,,,,,0,,,,,,98597,53,73,170,6,1,0,0,0,0,,0,,,,,,0,,,20,0,0,0,0,9,8,,,0,0,0,8,0,2,605,695,,1,1,,2,1,0,,,,,,,,,,,,,,,,,,,,,,,,,,,,,,0,0,0,0,0,0,1,1,1,0,0,0,0,0,0,0,1,0,0,0,0,1,1,0,1,1,0,0,0,1,0,0,0,0,0,,1,0,0,0,0,0,1,1,1,0,0,0,0,0,1,0,,,,,,18-20,16-25,State route,U,Wednesday,Belt Used,PV,White,0,0,0,0,State Route,State Patrol,Washington State Patrol,0,1,0,0,0,thc,1.2,carboxy-thc,6.4,,0,0,0,,,,,,,,,,,,,,,,,,,,,,,,,,,,,,,,,,,
2020,364,635073,184,09-05-2020,10:54,5,9,Sep,,61,Snohomish,1215,1,,1,1,2,1,0,2,2,,,,12,0,6,Angle,41.1,2,0,4,Y Intersection,3,2,1,3,0,0,20,3,SR-99,186TH PL W,-122.3072806,47.83018056,98037,0,1,82,Turn Into Opp Direction(Turning Left),15,2,45,15,0,0,1,2,12,1,1,2,1,11,Turning Red: Permitted on red,1,1,53,,0,37,32,1990,0,0,12,,,,,,1,1,33,2,0,0,2,0,3,0,11,8,,,,,0,0,3,3,1,0,0,0,0,96,,,,,,0,,,,,,98178,53,69,155,6,1,0,1,1,1,,0,,,,,,0,01-15-2016,03-15-2018,20,0,0,0,8,9,8,,,0,0,0,8,0,8,95,,,96,,,8,95,995,,,,,,,,,,,,,,,,,,,,,,,,,,,,,,0,0,0,0,0,0,1,1,0,0,0,0,0,0,0,0,0,0,0,0,0,0,0,0,0,1,1,0,0,1,0,0,0,0,0,,0,0,0,0,0,0,0,0,0,0,0,0,0,0,0,0,,,,,,31-35,26-35,City street,U,Monday,Belt Used,PV,Not Fatal,0,1,1,0,City Street,Municipal/City Police,Tukwila Police Department,0,0,0,1,0,,,,,,0,0,2,,,,,,,,,,,,,,,,,,,,,,,,,,,,,,,,,,,
2019,364,634398,305,10-15-2019,20:21,15,10,Oct,,11,Clark,2370,1,0,3,1,2,1,1,2,1,,,,15,0,0,No vehicle,0,3,0,2,4 Way,3,2,4,6,0,0,3,3,SE MILL PLAIN BLVD,SE CHKALOV DR,-122.5547722,45.62094444,98664,0,1,13,Pedestrian/Animal,83,5,40,4,0,0,1,7,15,1,1,5,3,1,Going Straight,2,1,53,,0,20,9,2011,0,0,12,63,25,1,,,1,1,29,1,0,0,3,0,20,0,11,8,,,,,0,0,0,3,1,0,0,0,0,96,,,,,,99,,,,,,98058,53,72,170,6,1,0,2,1,1,,0,,,,,,0,08-15-2016,03-15-2018,8,0,0,0,8,9,8,,,0,0,0,8,9,8,95,,,96,,,8,95,995,,,,,,,,,,,,,,,,,,,,,,,,,,,,,,0,0,0,0,0,0,1,1,0,0,0,0,0,0,0,0,0,0,0,0,0,0,0,0,0,1,1,0,0,1,0,0,0,0,0,,0,0,0,0,0,0,0,0,0,0,0,0,0,0,0,0,,,,,,26-30,26-35,City street,U,Monday,Not Used,PV,Not Fatal,0,1,1,0,City Street,Municipal/City Police,Tukwila Police Department,0,0,0,1,0,,,,,,0,0,0,,,,,,,,,,,,,,,,,,,,,,,,,,,,,,,,,,,