year,something,Cases,repjur,crash_dt,crash_tm,accday,Month,Month,holiday,county,co_char,city,weather,weather2,lightcond,surfcond,surftype,Number of Fatalities,nmforms,pforms,vforms,not_tm,arr_tm,hosp_tm,fhevent,hitrun,Manner of Collision,Manner of Collision,milepnt,reljunc,reljuncinter,intersectiontype,Intersection Type,funcsystem,landuse,ownership,route,schlbus,spejur,contdev,devfunc,trafid1,trafid2,x,y,zipcode,wk_zone,vnumber,crashtype,Crash Type,criticalevent,criticaleventcat,spdlim,body,trailer,emerg,hazcargo,leave,mhevent,roadalgn,roadprof,traflane,trafflow,Vehicle Manure,Vehicle Manure,numoccs,regowner,regstate,,spuse,make,model,modelyr,vrf1,vrf2,seqevent1,seqevent2,seqevent3,seqevent4,seqevent5,seqevent6,pnumber,ptype,age,sex,hispanic,race,injury,diedscene,restraint,restraintmisuse,seatpos,takehosp,death_dt,death_tm,cert,cernum_wa,commlic,licendor,licrestrict,liccomp,drivpres,drf1,drf2,drf3,drf4,distract1,distract2,distract3,distract4,distract5,distract6,dricond1,dricond2,dricond3,dricond4,dricond5,dricond6,dzip,licstate,drhgt_in,weight,noncdl,noncdltype,prevdwi,prevoth,prevacc,prevspd,prevsus,driviol1,driviol2,driviol3,driviol4,driviol5,driviol6,spdrel,first_dt,last_dt,airbag,ejection,ejectpath,extricat,injurwrk,methalc,methdrug,nmlocat,strikveh,prf1,prf2,prf3,druginv,alcinvol,drugsts,drugres1,drugres2,drugres3,drugtst1,drugtst2,drugtst3,alcsts,alctst,alcres,nmact1,nmact2,nmact3,nmact4,nmact5,nmact6,nmprior1,nmprior2,nmprior3,nmprior4,nmprior5,nmprior6,nmcond1,nmcond2,nmcond3,nmcond4,nmcond5,nmcond6,nmsafe_helmet,nmsafe_pads,nmsafe_oth,nmprev_ref,nmprev_lgt,nmprev_oth,crashlocation,nmcrashtype,crosswalk,schoolzone,sidewalk,train_inv,wildlife_inv,rotr_fars,intersect_fars,Drink and Drive,aid_inv,Drug Positive Drivers,Impaired Drivers,Marijuana Positive,impnm_inv,ainm_inv,dpnm_inv,speed_inv,unlic_inv,unendmc_inv,drowsy_inv,drdist_inv,nmdist_inv,fty_inv,unrestfat_inv,dr1617_inv,dr1820_inv,dr1620_inv,dr2125_inv,dr1625_inv,dr65_inv,dr70_inv,dr75_inv,mc_inv,pv_inv,ht_inv,ped_inv,bike_inv,unrest_fat,mc_fat,unhelmet_mc,pv_fat,ht_fat,ped_fat,bike_fat,dr_alc7,dr_alc8,dr_drug,dr_imp,dr_dist,dr_spd,dr_fty,dr_unlic,dr_alc7only,dr_alc8only,dr_drugonly,dr_drink,nm_imp,nm_alc7,nm_alc8,nm_drug,nm_dist,agegrp1,agegrp2,roadclass,urbrur,dayweek,restuse,vehtype,race_me,intersect,lanedep,oppdir,wrongway,rep_typ,investag,repag_long,rotr,st_rd,cty_rd,city_rd,oth_rd,drug_thc,thc_res,drug_cthc,cthc_res,drug_cann,prevpersemin,prevperse,prevsusoth,drugtst4,drugtst5,drugtst6,drugtst7,drugtst8,drugres4,drugres5,drugres6,drugres7,drugres8,adspresent,adsengaged,adslevel,race1,race2,race3,race4,race5,helmet,helmetmisuse,nmdistract1,nmdistract2,nmdistract3,nmdistract4,nmdistract5,nmdistract6,lab,isedtcase,crf1,crf2,crf3,CoRoadName,CoMP,IntCoRoadName,IntCoMP
2018,364,633612,8,10-07-2018,14:15,7,10,Oct,7,31,Jefferson,0,2,0,1,2,2,1,0,3,2,,,,12,0,6,Angle,301.4,1,0,1,No intersection,3,1,1,2,0,0,0,0,US-101,,-122.88295,47.747025,98320,0,2,66,Specific Other,62,4,55,5,0,0,1,7,12,3,5,4,1,14,Making a U turn,1,1,53,,0,37,31,2007,0,0,68,12,63,25,69,12,1,1,72,2,7,1,4,0,3,0,11,4,12-11-2018,06:50,1.96E+11,55343,0,0,3,3,1,28,0,0,0,96,,,,,,99,,,,,,98118,53,61,150,6,1,0,0,0,0,,0,,,,,,0,,,8,0,0,0,0,9,8,,,0,0,0,8,9,2,348,,,1,,,2,1,0,,,,,,,,,,,,,,,,,,,,,,,,,,,,,,0,0,0,0,0,0,1,1,0,0,0,0,0,0,0,0,0,0,0,0,0,0,0,0,0,1,1,0,0,1,0,0,0,0,0,,1,0,0,0,0,0,1,1,0,0,0,0,0,0,1,0,,,,,,71-75,66-75,City street,U,Monday,Belt Used,PV,White,0,1,1,0,City Street,Municipal/City Police,Tukwila Police Department,0,0,0,1,0,,,,,,0,0,0,,,,,,,,,,,,,,,,,,,,,,,,,,,,,,,,,,,
2017,364,632528,35,05-13-2017,04:18,13,5,May,0,53,Pierce,0,10,0,3,2,2,1,1,1,1,,,,8,1,0,No vehicle,0.7,1,0,1,No intersection,5,2,2,4,0,0,0,0,CR-168TH ST E,,-122.4280222,47.10442222,98387,0,1,13,Pedestrian/Animal,80,5,35,99,0,0,1,5,8,1,1,2,1,1,Going Straight,99,9,99,,0,35,481,2008,0,0,8,,,,,,1,1,43,1,0,0,0,0,3,0,11,0,,,,,0,0,0,3,1,0,0,0,0,96,,,,,,0,,,,,,98390,53,71,190,6,1,0,0,0,0,,0,,,,,,0,,,20,0,0,1,8,5,8,,,0,0,0,8,1,2,1,,,1,,,2,1,0,,,,,,,,,,,,,,,,,,,,,,,,,,,,,,0,0,0,0,1,0,0,0,0,1,0,1,0,0,0,0,0,1,0,0,0,0,0,0,0,0,0,0,0,1,0,1,0,0,0,,0,0,0,0,0,0,0,0,0,0,0,0,0,0,0,1,,,,,,41-45,36-45,State route,U,Tuesday,Belt Used,PV,Not Fatal,0,0,0,0,State Route,Municipal/City Police,Puyallup Police Department,0,1,0,0,0,,,,,,0,0,0,,,,,,,,,,,,,,,,,,,,,,,,,,,,,,,,,,,
2021,365,635539,278,05-04-2021,18:33,4,5,May,,63,Spokane,2110,1,,1,1,1,1,0,2,3,,,,12,0,6,Angle,0,2,0,2,4 Way,7,2,4,6,0,0,0,0,N MADISON ST,W Lacrosse Ave,-117.4271694,47.69546389,99205,0,2,87,Others,66,4,98,80,0,0,1,5,12,1,2,2,1,1,Going Straight,1,2,53,,0,12,402,2009,0,0,12,12,,,,,1,1,62,1,0,0,2,0,3,0,11,5,,,,,0,0,0,3,1,0,0,0,0,96,,,,,,0,,,,,,99350,53,70,190,6,1,0,0,0,0,,0,,,,,,0,,,8,0,0,0,8,9,8,,,0,0,0,8,0,8,95,,,96,,,8,95,995,,,,,,,,,,,,,,,,,,,,,,,,,,,,,,0,0,0,0,0,0,0,0,0,0,0,0,0,0,0,0,0,0,1,0,0,0,0,1,1,0,0,0,0,1,1,0,0,0,0,,0,0,0,0,0,0,0,0,0,0,0,0,0,0,0,0,,,,,,61-65,56-65,State route,R,Wednesday,Belt Used,PV,Not Fatal,0,0,0,0,State Route,State Patrol,Washington State Patrol,0,1,0,0,0,,,,,,0,0,0,,,,,,,,,,,,,,,,,,,,,,,,,,,,,,,,,,,
2021,365,635538,278,05-04-2021,18:33,4,5,May,,63,Spokane,2110,1,,1,1,1,1,0,2,3,,,,12,1,6,Angle,0,2,0,2,4 Way,7,2,4,6,0,0,0,0,N MADISON ST,W Lacrosse Ave,-117.4271694,47.69546389,99205,0,1,86,Others,17,2,98,4,0,0,1,5,12,1,2,2,1,1,Going Straight,1,2,53,,0,35,471,1993,0,0,12,12,,,,,1,1,24,1,6,98,4,7,99,0,11,0,12-05-2018,05:30,53053860,53860,0,0,3,3,1,0,0,0,0,96,,,,,,99,,,,,,98944,53,67,158,6,1,0,2,1,2,,0,,,,,,0,05-15-2015,07-15-2016,20,1,9,0,0,9,8,,,0,0,0,8,9,8,95,,,96,,,8,95,995,,,,,,,,,,,,,,,,,,,,,,,,,,,,,,0,0,0,0,0,0,0,0,0,0,0,0,0,0,0,0,0,0,1,0,0,0,0,1,1,0,0,0,0,1,1,0,0,0,0,,1,0,0,0,0,0,0,0,0,0,0,0,0,0,0,0,,,,,,21-25,16-25,State route,R,Wednesday,Unknown,PV,Hispanic,0,0,0,0,State Route,State Patrol,Washington State Patrol,0,1,0,0,0,,,,,,0,0,0,,,,,,,,,,,,,,,,,,,,,,,,,,,,,,,,,,,
2020,365,635102,3,09-19-2020,21:36,19,9,Sep,,67,Thurston,0,2,,2,2,2,1,0,3,2,21:28,21:39,,12,0,1,Front-to-Rear,16.2,1,0,1,No intersection,5,1,2,4,0,0,0,0,CR-OLD HIGHWAY 99 SE,,-122.8600806,46.92220556,98589,0,2,25,Others,53,3,50,4,0,0,1,2,12,1,1,2,1,1,Going Straight,2,1,53,,0,82,881,2012,0,0,12,12,,,,,1,1,34,1,0,0,0,0,3,0,11,0,,,,,6,1,0,3,1,38,0,0,0,96,,,,,,0,,,,,,98944,53,65,153,6,1,0,0,1,0,,2,,,,,,0,09-15-2017,09-15-2017,20,0,0,0,8,9,8,,,0,0,0,8,0,8,95,,,96,,,8,95,995,,,,,,,,,,,,,,,,,,,,,,,,,,,,,,0,0,0,0,0,0,0,0,0,0,0,0,0,0,0,0,0,0,1,0,0,0,0,1,1,0,0,0,0,1,1,0,0,0,0,,0,0,0,0,0,0,0,0,0,0,1,0,0,0,0,0,,,,,,31-35,26-35,State route,R,Wednesday,,MHTRUCK,Not Fatal,0,0,0,0,State Route,State Patrol,Washington State Patrol,0,1,0,0,0,,,,,,0,0,0,,,,,,,,,,,,,,,,,,,,,,,,,,,,,,,,,,,
2020,365,635101,3,09-19-2020,21:36,19,9,Sep,,67,Thurston,0,2,,2,2,2,1,0,3,2,21:28,21:39,,12,1,1,Front-to-Rear,16.2,1,0,1,No intersection,5,1,2,4,0,0,0,0,CR-OLD HIGHWAY 99 SE,,-122.8600806,46.92220556,98589,0,1,24,Others,51,3,50,15,0,0,1,2,12,1,1,2,1,1,Going Straight,1,1,53,,0,35,47,2007,0,0,8,,,,,,1,1,17,1,0,0,0,0,3,0,11,0,,,,,0,0,1,3,1,0,0,0,0,96,,,,,,0,,,,,,98329,53,71,150,6,2,0,0,0,0,,0,,,,,,0,,,20,0,0,0,8,9,2,,,0,0,0,0,0,2,1,,,1,,,2,1,0,,,,,,,,,,,,,,,,,,,,,,,,,,,,,,0,0,0,0,0,0,0,0,0,1,1,1,0,0,0,0,0,0,0,0,1,0,1,0,1,0,0,0,0,1,0,1,0,0,0,,0,0,0,0,0,0,0,0,0,0,0,0,0,0,0,0,,,,,,16-17,16-25,State route,U,Saturday,Belt Used,PV,Not Fatal,0,0,0,0,State Route,State Patrol,Washington State Patrol,0,1,0,0,0,,,,,,0,0,0,,,,,,,,,,,,,,,,,,,,,,,,,,,,,,,,,,,
2019,365,634397,122,10-12-2019,17:10,12,10,Oct,,61,Snohomish,690,10,0,1,1,2,1,0,1,1,,,,52,0,0,No vehicle,4,1,0,1,No intersection,3,2,1,3,0,0,0,0,SR-526,,-122.2171861,47.92231111,98202,0,1,1,Driver Off Road,13,2,55,4,0,0,1,7,52,1,1,3,3,1,Going Straight,1,2,53,,0,7,880,2006,0,0,15,,,,,,1,1,46,1,0,0,0,0,3,0,11,0,,,,,0,0,0,3,1,10,0,0,0,93,,,,,,0,,,,,,98513,53,66,150,6,1,0,0,0,0,,97,,,,,,0,,,20,0,0,0,8,9,8,,,0,0,0,8,0,8,95,,,96,,,8,95,995,,,,,,,,,,,,,,,,,,,,,,,,,,,,,,0,0,0,0,0,0,0,0,0,1,0,1,0,0,0,0,1,0,0,0,0,0,0,0,0,0,0,0,0,0,1,1,0,0,0,,0,0,0,0,0,0,0,0,1,0,0,0,0,0,0,0,,,,,,46-50,46-55,City street,U,Tuesday,Belt Used,MHTRUCK,Not Fatal,0,0,0,0,City Street,Municipal/City Police,Olympia Police Department,0,0,0,1,0,,,,,,0,0,0,,,,,,,,,,,,,,,,,,,,,,,,,,,,,,,,,,,
2018,365,633613,5,10-08-2018,19:19,8,10,Oct,7,41,Lewis,0,2,0,2,2,2,1,1,1,1,,,,8,0,0,No vehicle,1,1,0,1,No intersection,5,1,1,3,0,0,0,0,SR-508,,-122.8683,46.57985556,98532,0,1,13,Pedestrian/Animal,80,5,55,34,0,0,1,5,8,1,1,2,1,1,Going Straight,1,1,53,,0,13,421,1999,0,0,63,69,68,68,63,1,1,1,31,2,7,1,4,7,20,0,11,0,11/23/2018,00:39,53051059,51059,0,0,0,3,1,58,87,0,0,96,,,,,,99,,,,,,99357,53,69,160,6,1,0,1,0,0,,0,,,,,,3,09-15-2016,09-15-2016,20,1,9,0,0,9,8,,,0,0,0,8,1,8,95,,,96,,,8,95,995,,,,,,,,,,,,,,,,,,,,,,,,,,,,,,0,0,0,0,1,0,0,0,0,0,0,0,1,0,0,0,0,0,0,1,0,0,0,0,0,0,0,0,0,1,0,0,0,1,0,,1,0,0,0,0,0,0,0,0,1,0,0,0,0,0,1,,,,,,31-35,26-35,County road,R,Friday,Not Used,PV,White,0,1,0,0,County Road,County Sheriff,Grant County Sheriff's Office,1,0,1,0,0,,,,,,0,0,0,,,,,,,,,,,,,,,,,,,,,,,,,,,,,,,,,,,
2017,365,632850,8,09-09-2017,01:58,9,9,Sep,0,35,Kitsap,1730,10,0,2,1,2,1,0,3,2,,,,12,0,2,Front-to-Front,10.7,1,0,1,No intersection,3,2,1,3,0,0,0,0,SR-305,,-122.6333556,47.72409722,98370,0,2,51,Lateral Move(Going Straight),62,4,40,34,0,0,1,2,12,3,1,2,1,14,Making a U turn,1,1,53,,0,59,403,2004,0,0,68,64,24,1,3,,1,1,39,2,0,0,3,0,3,0,11,5,,,,,0,0,3,3,1,87,0,0,0,93,,,,,,0,,,,,,98801,53,66,220,6,1,0,0,0,1,,0,,,,,,4,02-15-2018,02-15-2018,8,0,0,0,8,9,8,,,0,0,0,8,0,8,95,,,96,,,8,95,995,,,,,,,,,,,,,,,,,,,,,,,,,,,,,,0,0,1,0,0,0,0,0,0,0,0,0,1,0,0,0,1,0,0,0,0,0,0,0,0,0,0,0,0,1,0,0,0,0,0,,0,0,0,0,0,0,0,0,1,1,0,0,0,0,0,0,,,,,,36-40,36-45,County road,R,Thursday,Belt Used,PV,Not Fatal,0,1,0,0,County Road,County Sheriff,Grant County Sheriff's Office,1,0,1,0,0,,,,,,0,0,0,,,,,,,,,,,,,,,,,,,,,,,,,,,,,,,,,,,
2017,365,632849,8,09-09-2017,01:58,9,9,Sep,0,35,Kitsap,1730,10,0,2,1,1,1,0,3,2,,,,12,0,2,Front-to-Front,10.7,1,0,1,No intersection,3,2,1,3,0,0,0,0,SR-305,,-122.6333556,47.72409722,98370,0,1,50,Lateral Move(Left/Right),10,2,40,14,0,0,1,2,12,1,1,2,1,1,Going Straight,2,1,53,,0,12,402,2007,0,0,12,,,,,,1,1,17,2,0,0,3,0,3,0,11,8,,,,,0,0,0,3,1,0,0,0,0,96,,,,,,0,,,,,,98010,53,63,110,6,2,0,0,0,0,,0,,,,,,0,,,8,0,0,0,8,9,8,,,0,0,0,8,0,8,95,,,96,,,8,95,995,,,,,,,,,,,,,,,,,,,,,,,,,,,,,,0,0,0,0,0,0,1,1,0,0,0,0,0,0,0,0,0,0,0,0,1,0,1,0,1,0,0,0,0,1,0,0,0,0,0,,0,0,0,0,0,0,0,0,0,0,0,0,0,0,0,0,,,,,,16-17,16-25,County road,R,Thursday,Belt Used,PV,Not Fatal,0,1,1,0,County Road,County Sheriff,King County Police,0,0,1,0,0,,,,,,0,0,0,,,,,,,,,,,,,,,,,,,,,,,,,,,,,,,,,,,
2021,366,635870,122,09-03-2021,15:26,3,9,Sep,,61,Snohomish,690,1,,1,1,2,1,1,1,1,,,,8,0,0,No vehicle,0,1,0,1,No intersection,3,2,4,6,0,0,0,0,EVERGREEN WAY,,-122.22895,47.92098611,98202,0,1,13,Pedestrian/Animal,80,5,35,14,0,0,1,2,8,1,1,7,5,1,Going Straight,1,1,53,,0,7,41,2001,0,0,68,12,,,,,1,1,57,1,7,1,4,7,99,0,11,0,11/22/2018,13:07,53051340,51340,0,0,0,3,1,28,0,0,0,96,,,,,,9,,,,,,98404,53,68,140,6,1,0,2,1,4,,0,,,,,,0,07-15-2014,05-15-2018,8,0,0,0,0,9,1,,,0,0,0,1,9,2,401,417,996,1,1,1,2,1,0,,,,,,,,,,,,,,,,,,,,,,,,,,,,,,0,0,0,0,0,0,1,1,0,0,0,0,0,0,0,0,0,0,0,0,1,0,1,0,1,0,0,0,0,1,0,0,0,0,0,,1,0,0,0,0,0,1,1,0,0,0,0,0,0,1,0,,,,,,56-60,56-65,County road,R,Thursday,Unknown,PV,White,0,1,1,0,County Road,County Sheriff,King County Police,0,0,1,0,0,,,,,,0,0,0,1,,,,,996,,,,,,,,,,,,,,,,,,,,,,,,,,,,,
2020,366,635097,35,09-18-2020,21:34,18,9,Sep,,53,Pierce,0,2,,3,2,2,1,1,1,1,,,,8,0,0,No vehicle,4.9,1,0,1,No intersection,5,2,2,4,0,0,0,0,CR-78TH AVE E,,-122.3256472,47.08265833,98375,0,1,13,Pedestrian/Animal,80,5,35,15,0,0,1,5,8,1,3,2,1,1,Going Straight,1,1,53,,0,49,40,1988,0,0,12,,,,,,1,1,65,1,0,0,3,0,3,0,11,8,,,,,0,0,3,3,1,0,0,0,0,96,,,,,,0,,,,,,98857,53,71,250,6,1,0,0,0,0,,0,,,,,,0,,,20,0,0,0,8,9,8,,,0,0,0,8,0,0,0,,,0,,,0,0,996,,,,,,,,,,,,,,,,,,,,,,,,,,,,,,0,0,0,1,0,0,0,0,0,0,0,0,0,0,0,0,0,0,0,0,0,0,0,0,0,1,1,1,0,1,0,0,0,0,0,,0,0,0,0,0,0,0,0,0,0,0,0,0,0,0,0,,,,,,61-65,56-65,State route,U,Monday,Belt Used,PV,Not Fatal,1,0,0,0,State Route,State Patrol,Washington State Patrol,0,1,0,0,0,,,,,,0,0,0,,,,,,,,,,,,,,,,,,,,,,,,,,,,,,,,,,,
2019,366,634400,25,10-16-2019,10:40,16,10,Oct,,33,King,0,2,0,1,2,2,1,0,2,2,,,,12,0,2,Front-to-Front,2.3,1,0,1,No intersection,4,1,2,4,0,0,0,0,CR-PRESTON FALL CITY RD,,-121.906625,47.54148056,98024,0,2,51,Lateral Move(Going Straight),62,4,40,4,0,0,1,7,12,1,1,2,1,1,Going Straight,1,2,53,,0,63,34,2006,0,0,12,,,,,,1,1,90,1,0,0,0,0,3,0,11,0,,,,,0,0,3,3,1,39,48,0,0,96,,,,,,0,,,,,,98823,53,69,230,6,1,0,0,0,0,,97,,,,,,0,,,20,0,0,1,8,9,8,,,0,0,0,8,0,8,95,,,96,,,8,95,995,,,,,,,,,,,,,,,,,,,,,,,,,,,,,,0,0,0,1,0,0,0,0,0,0,0,0,0,0,0,0,0,0,0,0,0,0,0,0,0,1,1,1,0,1,0,0,0,0,0,,0,0,0,0,0,0,0,0,0,0,0,0,0,0,0,0,,,,,,81+,76+,State route,U,Monday,Belt Used,PV,Not Fatal,1,0,0,0,State Route,State Patrol,Washington State Patrol,0,1,0,0,0,,,,,,0,0,0,,,,,,,,,,,,,,,,,,,,,,,,,,,,,,,,,,,
2019,366,634399,25,10-16-2019,10:40,16,10,Oct,,33,King,0,2,0,1,2,2,1,0,2,2,,,,12,0,2,Front-to-Front,2.3,1,0,1,No intersection,4,1,2,4,0,0,0,0,CR-PRESTON FALL CITY RD,,-121.906625,47.54148056,98024,0,1,50,Lateral Move(Left/Right),10,2,98,34,0,0,1,7,12,1,1,2,1,1,Going Straight,1,1,53,,0,51,881,2008,0,0,12,,,,,,1,1,52,1,0,0,0,0,3,0,11,0,,,,,6,1,0,3,1,0,0,0,0,96,,,,,,0,,,,,,99344,53,72,245,6,1,0,3,0,2,,0,,,,,,0,04-15-2016,10-15-2018,20,0,0,0,8,9,8,,,0,0,0,8,0,8,95,,,96,,,8,95,995,,,,,,,,,,,,,,,,,,,,,,,,,,,,,,0,0,0,0,0,0,1,1,1,0,0,0,0,0,0,0,0,0,0,0,0,1,1,0,1,0,0,0,0,1,1,0,0,0,0,,0,0,0,0,0,0,0,0,0,0,0,0,0,0,0,0,,,,,,51-55,46-55,State route,R,Wednesday,,MHTRUCK,Not Fatal,0,1,1,0,State Route,State Patrol,Washington State Patrol,0,1,0,0,0,,,,,,0,0,0,,,,,,,,,,,,,,,,,,,,,,,,,,,,,,,,,,,
2018,366,633614,7,10-06-2018,01:28,6,10,Oct,7,33,King,0,1,0,2,2,2,1,0,1,1,,,,24,0,0,No vehicle,20.8,1,0,1,No intersection,3,1,1,3,0,0,0,0,SR-18,,-121.9764111,47.43555556,98027,0,1,7,Control/Traction Loss,6,1,55,4,0,0,1,7,1,3,2,2,3,14,Making a U turn,1,1,53,,0,37,31,1994,0,0,68,12,,,,,1,1,20,1,1,98,4,7,3,0,11,0,11/28/2018,07:03,1.29E+11,52099,0,0,3,3,1,33,0,0,0,96,,,,,,9,,,,,,99352,53,71,165,6,1,0,1,0,2,,0,,,,,,0,09-15-2016,12-15-2016,20,0,0,0,0,9,1,,,0,0,0,1,9,2,605,695,,1,1,,2,1,0,,,,,,,,,,,,,,,,,,,,,,,,,,,,,,0,0,0,0,0,0,1,1,1,0,0,0,0,0,0,0,0,0,0,0,0,1,1,0,1,0,0,0,0,1,1,0,0,0,0,,1,0,0,0,0,0,1,1,0,0,0,0,0,0,1,0,,,,,,18-20,16-25,State route,R,Wednesday,Belt Used,PV,Hispanic,0,1,1,0,State Route,State Patrol,Washington State Patrol,0,1,0,0,0,thc,35,carboxy-thc,8.4,,0,0,0,,,,,,,,,,,,,,,,,,,,,,,,,,,,,,,,,,,
2017,366,632818,40,09-12-2017,04:21,12,9,Sep,0,63,Spokane,0,1,0,2,1,2,1,0,1,1,,,,11,0,0,No vehicle,9.1,1,0,1,No intersection,5,1,2,4,0,0,0,0,CR-W COULEE HITE RD,,-117.7313528,47.74487778,99224,0,1,13,Pedestrian/Animal,87,6,98,80,0,0,1,2,11,1,1,2,1,1,Going Straight,1,1,53,,0,30,42,2001,0,0,63,30,42,,,,1,1,32,1,7,3,4,7,20,0,11,0,11/23/2018,23:50,53051266,51266,0,0,0,3,1,58,0,0,0,93,,,,,,99,,,,,,98168,53,72,175,6,1,0,1,0,0,,0,,,,,,4,11-15-2015,05-15-2016,1,2,9,0,0,9,8,,,0,0,0,8,9,2,1,,,1,,,2,1,0.2,,,,,,,,,,,,,,,,,,,,,,,,,,,,,,0,0,0,0,1,1,0,1,0,0,0,0,1,0,0,0,1,0,0,1,0,0,0,0,0,0,0,0,0,1,0,0,0,1,0,,1,0,0,0,0,1,0,1,1,1,0,0,0,1,0,1,,,,,,31-35,26-35,County road,R,Friday,Not Used,PV,AIAN,0,1,0,0,County Road,County Sheriff,Mason County Sheriff's Office,1,0,1,0,0,,,,,,0,0,2,,,,,,,,,,,,,,,,,,,,,,,,,,,,,,,,,,,
2021,367,635915,26,09-22-2021,02:52,22,9,Sep,,35,Kitsap,0,1,,2,1,2,1,0,1,1,,,,43,0,0,No vehicle,7.7,1,0,1,No intersection,5,1,2,4,0,0,0,0,CR-SEABECK HWY NW,,-122.7968056,47.65326667,98380,0,1,7,Control/Traction Loss,12,2,35,14,0,0,1,2,1,2,2,2,1,14,Making a U turn,1,2,4,,0,7,482,2004,0,0,68,64,17,1,42,,1,1,17,1,7,1,4,7,20,0,11,0,12-03-2018,09:14,53053659,53659,0,0,3,3,1,0,0,0,0,96,,,,,,99,,,,,,98675,53,70,180,6,2,0,0,0,0,,0,,,,,,4,,,8,2,2,0,0,9,8,,,0,0,0,8,9,2,1,,,1,,,2,1,0,,,,,,,,,,,,,,,,,,,,,,,,,,,,,,0,0,0,0,0,0,0,0,0,0,0,0,1,0,0,0,0,0,0,1,1,0,1,0,1,0,0,0,0,1,0,0,0,1,0,,1,0,0,0,0,0,0,0,0,1,0,0,0,0,0,0,,,,,,16-17,16-25,County road,R,Monday,Not Used,PV,White,0,1,0,0,County Road,County Sheriff,Clark County Sheriff's Office,1,0,1,0,0,,,,,,0,0,0,,,,,,,,,,,,,,,,,,,,,,,,,,,,,,,,,,,
2020,367,635103,5,09-07-2020,00:01,7,9,Sep,,11,Clark,0,1,,2,1,2,1,0,1,1,,,,59,0,0,No vehicle,26.2,1,0,1,No intersection,4,1,1,3,0,0,0,0,SR-503,,-122.3690194,45.94704167,98601,0,1,1,Driver Off Road,9,1,50,80,0,0,1,2,59,1,1,2,1,1,Going Straight,1,2,53,,0,54,31,2001,0,0,8,,,,,,1,1,24,1,0,0,0,0,3,0,11,0,,,,,0,0,0,3,1,10,0,0,0,96,,,,,,0,,,,,,98233,53,70,220,6,1,0,0,1,3,,0,,,,,,0,02-15-2015,10-15-2017,20,0,0,0,8,9,8,,,0,0,0,8,0,8,95,,,96,,,8,95,995,,,,,,,,,,,,,,,,,,,,,,,,,,,,,,0,0,0,0,0,0,0,0,0,0,0,0,0,0,0,0,0,0,0,0,0,0,0,1,1,0,0,0,0,1,0,1,0,0,0,,0,0,0,0,0,0,0,0,0,0,0,0,0,0,0,0,,,,,,21-25,16-25,State route,U,Friday,Belt Used,PV,Not Fatal,0,0,0,0,State Route,State Patrol,Washington State Patrol,0,1,0,0,0,,,,,,0,1,0,,,,,,,,,,,,,,,,,,,,,,,,,,,,,,,,,,,
2019,367,634331,330,09-09-2019,08:32,9,9,Sep,,77,Yakima,2590,10,0,1,1,2,1,0,3,2,,,,12,0,6,Angle,0,2,0,3,T Intersection,7,2,4,6,0,0,0,0,S 16TH AVE,GRANT ST,-120.5303333,46.58247222,98902,0,2,83,Others,67,4,35,4,0,0,1,7,12,1,1,5,5,1,Going Straight,1,1,53,,0,12,481,2004,0,0,68,68,63,69,68,64,1,1,62,1,7,1,4,7,3,0,11,0,11/21/2018,20:29,53051191,51191,0,0,3,3,1,33,58,0,0,96,,,,,,99,,,,,,98841,53,62,340,6,1,0,0,0,0,,0,,,,,,4,,,20,0,0,0,0,9,8,,,0,0,0,8,9,2,1,,,1,,,2,1,0,,,,,,,,,,,,,,,,,,,,,,,,,,,,,,0,0,0,0,0,0,0,0,0,0,0,0,1,0,0,0,0,0,0,0,0,0,0,0,0,0,0,0,0,1,0,0,0,0,0,,1,0,0,0,0,0,0,0,0,1,0,0,0,0,0,0,,,,,,61-65,56-65,State route,R,Wednesday,Belt Used,PV,White,0,1,0,0,State Route,State Patrol,Washington State Patrol,1,1,0,0,0,,,,,,0,0,0,,,,,,,,,,,,,,,,,,,,,,,,,,,,,,,,,,,
2019,367,634330,330,09-09-2019,08:32,9,9,Sep,,77,Yakima,2590,10,0,1,1,2,1,0,3,2,,,,12,0,6,Angle,0,2,0,3,T Intersection,7,2,4,6,0,0,20,3,S 16TH AVE,GRANT ST,-120.5303333,46.58247222,98902,0,1,82,Turn Into Opp Direction(Turning Left),15,2,25,4,0,0,1,7,12,1,1,8,1,11,Turning Red: Permitted on red,2,1,53,,0,59,403,2010,0,0,64,52,,,,,1,1,68,1,0,0,1,0,3,0,11,5,,,,,0,0,3,3,1,0,0,0,0,92,,,,,,0,,,,,,70714,22,65,140,6,1,0,0,0,0,,0,,,,,,0,,,20,0,0,0,8,9,8,,,0,0,0,8,0,8,95,,,96,,,8,95,995,,,,,,,,,,,,,,,,,,,,,,,,,,,,,,0,0,1,0,0,0,0,0,0,0,0,0,0,0,0,0,1,0,0,0,0,0,0,0,0,1,0,0,0,1,0,0,0,0,0,,0,0,0,0,0,0,0,0,1,0,0,0,0,0,0,0,,,,,,66-70,66-75,Interstate,U,Saturday,Belt Used,PV,Not Fatal,0,1,0,0,State Route,State Patrol,Washington State Patrol,1,1,0,0,0,,,,,,0,0,0,,,,,,,,,,,,,,,,,,,,,,,,,,,,,,,,,,,