year,something,Cases,repjur,crash_dt,crash_tm,accday,Month,Month,holiday,county,co_char,city,weather,weather2,lightcond,surfcond,surftype,Number of Fatalities,nmforms,pforms,vforms,not_tm,arr_tm,hosp_tm,fhevent,hitrun,Manner of Collision,Manner of Collision,milepnt,reljunc,reljuncinter,intersectiontype,Intersection Type,funcsystem,landuse,ownership,route,schlbus,spejur,contdev,devfunc,trafid1,trafid2,x,y,zipcode,wk_zone,vnumber,crashtype,Crash Type,criticalevent,criticaleventcat,spdlim,body,trailer,emerg,hazcargo,leave,mhevent,roadalgn,roadprof,traflane,trafflow,Vehicle Manure,Vehicle Manure,numoccs,regowner,regstate,,spuse,make,model,modelyr,vrf1,vrf2,seqevent1,seqevent2,seqevent3,seqevent4,seqevent5,seqevent6,pnumber,ptype,age,sex,hispanic,race,injury,diedscene,restraint,restraintmisuse,seatpos,takehosp,death_dt,death_tm,cert,cernum_wa,commlic,licendor,licrestrict,liccomp,drivpres,drf1,drf2,drf3,drf4,distract1,distract2,distract3,distract4,distract5,distract6,dricond1,dricond2,dricond3,dricond4,dricond5,dricond6,dzip,licstate,drhgt_in,weight,noncdl,noncdltype,prevdwi,prevoth,prevacc,prevspd,prevsus,driviol1,driviol2,driviol3,driviol4,driviol5,driviol6,spdrel,first_dt,last_dt,airbag,ejection,ejectpath,extricat,injurwrk,methalc,methdrug,nmlocat,strikveh,prf1,prf2,prf3,druginv,alcinvol,drugsts,drugres1,drugres2,drugres3,drugtst1,drugtst2,drugtst3,alcsts,alctst,alcres,nmact1,nmact2,nmact3,nmact4,nmact5,nmact6,nmprior1,nmprior2,nmprior3,nmprior4,nmprior5,nmprior6,nmcond1,nmcond2,nmcond3,nmcond4,nmcond5,nmcond6,nmsafe_helmet,nmsafe_pads,nmsafe_oth,nmprev_ref,nmprev_lgt,nmprev_oth,crashlocation,nmcrashtype,crosswalk,schoolzone,sidewalk,train_inv,wildlife_inv,rotr_fars,intersect_fars,Drink and Drive,aid_inv,Drug Positive Drivers,Impaired Drivers,Marijuana Positive,impnm_inv,ainm_inv,dpnm_inv,speed_inv,unlic_inv,unendmc_inv,drowsy_inv,drdist_inv,nmdist_inv,fty_inv,unrestfat_inv,dr1617_inv,dr1820_inv,dr1620_inv,dr2125_inv,dr1625_inv,dr65_inv,dr70_inv,dr75_inv,mc_inv,pv_inv,ht_inv,ped_inv,bike_inv,unrest_fat,mc_fat,unhelmet_mc,pv_fat,ht_fat,ped_fat,bike_fat,dr_alc7,dr_alc8,dr_drug,dr_imp,dr_dist,dr_spd,dr_fty,dr_unlic,dr_alc7only,dr_alc8only,dr_drugonly,dr_drink,nm_imp,nm_alc7,nm_alc8,nm_drug,nm_dist,agegrp1,agegrp2,roadclass,urbrur,dayweek,restuse,vehtype,race_me,intersect,lanedep,oppdir,wrongway,rep_typ,investag,repag_long,rotr,st_rd,cty_rd,city_rd,oth_rd,drug_thc,thc_res,drug_cthc,cthc_res,drug_cann,prevpersemin,prevperse,prevsusoth,drugtst4,drugtst5,drugtst6,drugtst7,drugtst8,drugres4,drugres5,drugres6,drugres7,drugres8,adspresent,adsengaged,adslevel,race1,race2,race3,race4,race5,helmet,helmetmisuse,nmdistract1,nmdistract2,nmdistract3,nmdistract4,nmdistract5,nmdistract6,lab,isedtcase,crf1,crf2,crf3,CoRoadName,CoMP,IntCoRoadName,IntCoMP
2018,367,633615,122,10-12-2018,21:14,12,10,Oct,0,61,Snohomish,690,1,0,2,1,2,1,1,3,1,21:13,21:23,,8,0,0,No vehicle,6.7,1,0,1,No intersection,3,2,1,3,0,0,0,0,SR-529,,-122.182625,48.03539167,98270,0,1,13,Pedestrian/Animal,80,5,55,4,0,0,1,7,8,1,2,2,3,1,Going Straight,3,1,53,,0,47,31,1993,0,0,8,,,,,,1,1,55,1,0,0,0,0,3,0,11,0,,,,,6,0,3,3,1,0,0,0,0,96,,,,,,0,,,,,,98092,53,73,175,6,1,0,0,0,1,,0,,,,,,0,03-15-2014,03-15-2014,20,0,0,0,8,9,8,,,0,0,0,8,0,2,1,,,1,,,2,1,0,,,,,,,,,,,,,,,,,,,,,,,,,,,,,,0,0,0,0,0,0,0,0,0,0,0,0,0,0,0,0,0,0,0,0,0,0,0,0,0,0,0,0,0,1,0,1,0,0,0,,0,0,0,0,0,0,0,0,0,0,0,0,0,0,0,0,,,,,,51-55,46-55,City street,U,Sunday,Belt Used,PV,Not Fatal,0,0,0,0,City Street,Municipal/City Police,Auburn Police Department,0,0,0,1,0,,,,,,0,0,0,,,,,,,,,,,,,,,,,,,,,,,,,,,,,,,,,,,
2017,367,632820,3,09-05-2017,11:38,5,9,Sep,0,53,Pierce,2230,1,0,1,1,1,1,0,1,1,,,,43,0,0,No vehicle,58,5,1,1,No intersection,3,2,1,3,0,0,0,0,SR-7,,-122.4307361,47.23245556,98402,0,1,7,Control/Traction Loss,12,2,60,80,0,0,1,2,43,2,2,2,6,14,Making a U turn,1,1,53,,0,30,40,1998,0,0,68,64,1,,,,1,1,56,1,7,1,4,7,20,0,11,0,12-02-2018,07:27,53054191,54191,0,0,0,3,1,0,0,0,0,96,,,,,,99,,,,,,99030,53,68,175,6,1,0,0,0,0,,0,,,,,,4,,,20,1,9,0,0,9,8,,,0,0,0,8,9,2,605,,,1,,,2,1,0.23,,,,,,,,,,,,,,,,,,,,,,,,,,,,,,0,0,1,0,1,1,1,1,1,0,0,0,1,0,0,0,0,0,0,1,0,0,0,0,0,0,0,0,0,1,0,0,0,1,0,,1,0,0,0,0,1,1,1,0,1,0,0,0,0,0,1,,,,,,56-60,56-65,County road,R,Sunday,Not Used,PV,White,0,1,0,0,County Road,County Sheriff,Spokane County Sheriff's Office,1,0,1,0,0,thc,15,,,,0,0,0,,,,,,,,,,,,,,,,,,,,,,,,,,,,,,,,,,,
2019,368,3709713,339,09-25-2019,20:55,25,9,Sep,,63,Spokane,2113,1,0,3,1,2,1,0,1,1,,,,1,0,0,No vehicle,0,1,0,1,No intersection,7,2,4,6,0,0,0,0,APPLEWAY BLVD,,-117.2690361,47.65484167,99206,0,1,6,Drive off road,12,2,35,80,0,0,1,7,1,2,1,4,1,14,Making a U turn,1,2,53,,0,12,481,2015,0,0,12,,,,,,1,1,25,1,0,0,0,0,3,0,11,0,,,,,0,0,3,3,1,0,0,0,0,96,,,,,,0,,,,,,98591,53,69,160,6,1,0,0,1,2,,0,,,,,,0,12-15-2014,03-15-2016,20,0,0,0,8,9,8,,,0,0,0,8,0,8,95,,,96,,,8,95,995,,,,,,,,,,,,,,,,,,,,,,,,,,,,,,0,0,0,1,0,0,1,1,0,0,0,0,0,0,0,0,0,0,1,0,0,0,0,1,1,1,1,1,0,1,0,0,0,0,0,,0,0,0,0,0,0,0,0,0,0,0,0,0,0,0,0,,,,,,21-25,16-25,State route,R,Saturday,Belt Used,PV,Not Fatal,1,0,0,0,State Route,State Patrol,Washington State Patrol,0,1,0,0,0,,,,,,0,0,0,,,,,,,,,,,,,,,,,,,,,,,,,,,,,,,,,,,
2021,368,635917,6,09-18-2021,13:09,18,9,Sep,,25,Grant,0,1,,1,1,2,1,0,1,1,,,,1,0,0,No vehicle,20.2,1,0,1,No intersection,4,1,1,3,0,0,0,0,SR-155,,-119.0876917,47.88524167,99123,0,1,6,Drive off road,12,2,60,14,0,0,1,2,1,3,2,2,1,14,Making a U turn,1,3,53,,0,7,482,2007,0,0,12,1,,,,,1,1,37,1,0,0,0,0,3,0,11,0,,,,,0,0,0,3,1,0,0,0,0,96,,,,,,0,,,,,,98532,53,80,270,6,1,0,0,0,1,,0,,,,,,0,08-15-2018,08-15-2018,20,0,0,0,8,9,8,,,0,0,0,8,0,8,95,,,96,,,8,95,995,,,,,,,,,,,,,,,,,,,,,,,,,,,,,,0,0,0,1,0,0,1,1,0,0,0,0,0,0,0,0,0,0,1,0,0,0,0,1,1,1,1,1,0,1,0,0,0,0,0,,0,0,0,0,0,0,0,0,0,0,0,0,0,0,0,0,,,,,,36-40,36-45,State route,R,Saturday,Belt Used,PV,Not Fatal,1,0,0,0,State Route,State Patrol,Washington State Patrol,0,1,0,0,0,,,,,,0,0,0,,,,,,,,,,,,,,,,,,,,,,,,,,,,,,,,,,,
2020,368,635104,31,09-20-2020,13:30,20,9,Sep,,45,Mason,0,1,,1,1,7,1,0,2,1,13:34,13:42,14:04,35,0,0,No vehicle,4.3,1,0,1,No intersection,5,1,2,4,0,0,0,0,CR-E MASON LAKE RD,,-123.0205194,47.29555556,98584,0,1,6,Drive off road,13,2,45,2,0,0,1,2,35,3,1,2,1,14,Making a U turn,2,1,53,,0,35,43,2006,0,0,12,12,,,,,1,1,75,2,7,1,4,7,3,0,11,0,12-01-2018,18:26,53053721,53721,0,0,0,3,1,38,0,0,0,96,,,,,,99,,,,,,98532,53,66,138,6,1,0,0,0,0,,0,,,,,,0,,,8,0,0,0,0,9,8,,,0,0,0,8,9,2,996,996,,1,1,,2,1,0,,,,,,,,,,,,,,,,,,,,,,,,,,,,,,0,0,0,1,0,0,1,1,0,0,0,0,0,0,0,0,0,0,1,0,0,0,0,1,1,1,1,1,0,1,0,0,0,0,0,,1,0,0,0,0,0,1,1,0,0,1,0,0,0,1,0,,,,,,71-75,66-75,State route,R,Saturday,Belt Used,PV,White,1,0,0,0,State Route,State Patrol,Washington State Patrol,0,1,0,0,0,,,,,,0,0,0,,,,,,,,,,,,,,,,,,,,,,,,,,,,,,,,,,,
2018,368,633618,2,10-10-2018,14:14,10,10,Oct,0,57,Skagit,0,1,0,1,1,2,1,0,4,3,,,,12,0,1,Front-to-Rear,238,1,0,1,No intersection,1,1,1,1,0,0,0,0,I-5,,-122.3463444,48.57909444,98233,0,3,98,Others,98,7,60,5,0,0,1,2,12,1,1,3,3,5,Others,2,2,53,,0,37,31,2003,0,0,64,52,,,,,1,1,18,1,1,98,4,7,3,0,11,0,09/23/2018,18:15,98053041903,41903,0,0,3,3,1,0,0,0,0,93,,,,,,99,,,,,,98953,53,69,180,6,2,0,0,0,0,,0,,,,,,0,,,1,0,0,0,0,9,8,,,0,0,0,8,9,2,1,,,1,,,2,1,0,,,,,,,,,,,,,,,,,,,,,,,,,,,,,,0,0,1,0,0,0,0,0,0,0,0,0,0,0,0,0,1,0,0,0,0,1,1,0,1,0,0,0,0,1,0,0,0,0,0,,1,0,0,0,0,0,0,0,1,0,0,0,0,0,0,0,,,,,,18-20,16-25,Interstate,U,Sunday,Belt Used,PV,Hispanic,0,1,0,0,State Route,State Patrol,Washington State Patrol,1,1,0,0,0,,,,,,0,0,0,,,,,,,,,,,,,,,,,,,,,,,,,,,,,,,,,,,
2018,368,633617,2,10-10-2018,14:14,10,10,Oct,0,57,Skagit,0,1,0,1,1,2,1,0,4,3,,,,12,0,1,Front-to-Rear,238,1,0,1,No intersection,1,1,1,1,0,0,0,0,I-5,,-122.3463444,48.57909444,98233,0,2,29,Others,53,3,70,5,0,0,1,2,12,1,1,3,3,2,Others,1,3,53,,0,49,442,1999,0,0,63,24,69,64,24,,1,1,30,1,0,0,0,0,3,0,11,0,,,,,0,0,0,3,1,0,0,0,0,96,,,,,,0,,,,,,98337,53,64,132,6,1,0,2,0,0,,97,,,,,,4,04-15-2016,10-15-2018,20,0,0,0,8,9,2,,,0,0,0,0,0,8,95,,,96,,,8,95,995,,,,,,,,,,,,,,,,,,,,,,,,,,,,,,0,0,0,0,0,0,0,0,0,0,0,0,1,0,0,0,0,0,0,1,0,0,0,0,0,0,0,0,0,1,0,0,0,0,0,,0,0,0,0,0,0,0,0,0,1,0,0,0,0,0,0,,,,,,26-30,26-35,State route,R,Monday,Belt Used,PV,Not Fatal,0,1,0,0,State Route,State Patrol,Washington State Patrol,1,1,0,0,0,,,,,,0,0,0,,,,,,,,,,,,,,,,,,,,,,,,,,,,,,,,,,,
2018,368,633616,2,10-10-2018,14:14,10,10,Oct,0,57,Skagit,0,1,0,1,1,2,1,0,4,3,,,,12,0,1,Front-to-Rear,238,1,0,1,No intersection,1,1,1,1,0,0,0,0,I-5,,-122.3463444,48.57909444,98233,0,1,28,Others,52,3,60,66,1,0,1,5,12,1,1,3,3,15,Others,1,3,53,,0,49,403,2007,0,0,12,,,,,,1,1,83,1,0,0,1,0,3,0,11,8,,,,,0,0,3,3,1,0,0,0,0,96,,,,,,0,,,,,,98226,53,72,180,6,1,0,0,1,0,,0,,,,,,0,09-15-2017,09-15-2017,1,0,0,0,8,9,8,,,0,0,0,8,0,8,95,,,96,,,8,95,995,,,,,,,,,,,,,,,,,,,,,,,,,,,,,,0,0,0,0,0,0,1,1,1,0,0,0,1,0,0,0,0,0,0,1,0,0,0,1,1,1,1,1,0,1,0,0,0,0,0,,0,0,0,0,0,0,0,0,0,0,0,0,0,0,0,0,,,,,,81+,76+,Interstate,U,Saturday,Belt Used,PV,Not Fatal,0,0,0,0,State Route,State Patrol,Washington State Patrol,0,1,0,0,0,,,,,,0,0,0,,,,,,,,,,,,,,,,,,,,,,,,,,,,,,,,,,,
2018,369,633619,5,10-13-2018,10:54,13,10,Oct,0,59,Skamania,0,1,0,1,1,2,1,0,3,2,,,,12,0,6,Angle,43.2,4,0,1,No intersection,3,1,1,3,0,0,0,0,SR-14,,-121.8976833,45.68441667,98648,0,1,72,Others,60,4,55,14,0,0,1,7,12,1,1,2,1,11,Turning Red: Permitted on red,2,0,41,,0,35,472,2014,0,0,12,,,,,,1,1,27,2,0,0,0,0,3,0,11,0,,,,,0,0,0,3,1,0,0,0,0,96,,,,,,0,,,,,,98203,53,66,130,6,1,0,0,0,0,,0,,,,,,0,,,20,0,0,0,8,9,8,,,0,0,0,8,0,8,95,,,96,,,8,95,995,,,,,,,,,,,,,,,,,,,,,,,,,,,,,,0,0,0,0,0,0,1,1,1,0,0,0,1,0,0,0,0,0,0,1,0,0,0,1,1,1,1,1,0,1,0,0,0,0,0,,0,0,0,0,0,0,0,0,0,0,0,0,0,0,0,0,,,,,,26-30,26-35,Interstate,U,Saturday,Belt Used,PV,Not Fatal,0,0,0,0,State Route,State Patrol,Washington State Patrol,0,1,0,0,0,,,,,,0,0,0,,,,,,,,,,,,,,,,,,,,,,,,,,,,,,,,,,,
2021,369,635919,8,09-20-2021,09:43,20,9,Sep,,9,Clallam,0,10,,1,1,2,1,0,2,2,,,,12,0,1,Front-to-Rear,196.5,2,0,3,T Intersection,3,1,1,2,0,0,0,0,US-101,MAXFIELD ROAD,-124.3904028,48.02108056,98331,0,2,77,Others,65,4,60,63,0,0,1,5,12,3,2,2,1,14,Making a U turn,1,3,53,,0,37,31,2012,0,0,12,,,,,,1,1,29,1,0,0,0,0,3,0,11,0,,,,,0,0,3,3,1,0,0,0,0,96,,,,,,0,,,,,,98103,53,70,180,6,1,0,0,0,1,,0,,,,,,0,05-15-2018,05-15-2018,20,0,0,0,8,9,8,,,0,0,0,8,0,8,95,,,96,,,8,95,995,,,,,,,,,,,,,,,,,,,,,,,,,,,,,,0,0,0,0,0,0,1,1,1,0,0,0,1,0,0,0,0,0,0,1,0,0,0,1,1,1,1,1,0,1,0,0,0,0,0,,0,0,0,0,0,0,0,0,0,0,0,0,0,0,0,0,,,,,,26-30,26-35,Interstate,U,Saturday,Belt Used,PV,Not Fatal,0,0,0,0,State Route,State Patrol,Washington State Patrol,0,1,0,0,0,,,,,,0,0,0,,,,,,,,,,,,,,,,,,,,,,,,,,,,,,,,,,,
2021,369,635918,8,09-20-2021,09:43,20,9,Sep,,9,Clallam,0,10,,1,1,2,1,0,2,2,,,,12,0,1,Front-to-Rear,196.5,2,0,3,T Intersection,3,1,1,2,0,0,20,3,US-101,MAXFIELD ROAD,-124.3904028,48.02108056,98331,0,1,76,Others,53,3,60,4,0,0,1,2,12,8,2,8,1,11,Turning Red: Permitted on red,1,2,53,,0,24,5,2003,0,0,12,64,24,12,12,,1,1,21,2,7,1,4,7,20,0,11,0,11/24/2018,20:47,1.96E+11,51692,0,0,0,3,1,0,0,0,0,96,,,,,,9,,,,,,98008,53,67,250,6,1,0,2,1,1,,0,,,,,,4,07-15-2016,09-15-2018,20,1,9,0,0,9,1,,,0,0,0,1,0,2,605,695,,1,1,,2,1,0,,,,,,,,,,,,,,,,,,,,,,,,,,,,,,0,0,0,0,0,0,1,1,1,0,0,0,1,0,0,0,0,0,0,1,0,0,0,1,1,1,1,1,0,1,0,0,0,1,0,,1,0,0,0,0,0,1,1,0,1,0,0,0,0,1,0,,,,,,21-25,16-25,Interstate,U,Saturday,Not Used,PV,White,0,0,0,0,State Route,State Patrol,Washington State Patrol,0,1,0,0,0,thc,40,carboxy-thc,99,,0,0,2,,,,,,,,,,,,,,,,,,,,,,,,,,,,,,,,,,,
2020,369,635106,2,08-15-2020,15:43,15,8,Aug,,61,Snohomish,0,1,,1,1,2,1,0,3,2,15:52,16:10,16:29,12,0,2,Front-to-Front,20.2,1,0,1,No intersection,3,2,1,3,0,0,0,0,SR-522,,-122.0550333,47.83051667,98296,0,2,51,Lateral Move(Going Straight),62,4,55,4,0,0,1,2,12,3,2,1,2,14,Making a U turn,2,1,53,,0,30,40,2014,0,0,8,,,,,,1,1,23,1,0,0,0,0,3,0,11,0,,,,,0,0,0,3,1,0,0,0,0,96,,,,,,0,,,,,,99508,2,77,185,6,1,0,2,0,2,,0,,,,,,0,07-15-2015,11-15-2018,20,0,0,0,8,9,2,,,0,0,0,0,0,8,95,,,96,,,8,95,995,,,,,,,,,,,,,,,,,,,,,,,,,,,,,,0,0,0,0,0,0,0,0,0,0,0,0,0,0,0,0,0,0,0,0,0,0,0,1,1,0,0,0,0,1,0,1,0,0,0,,0,0,0,0,0,0,0,0,0,0,0,0,0,0,0,0,,,,,,21-25,16-25,State route,U,Wednesday,Belt Used,PV,Not Fatal,0,0,0,0,State Route,State Patrol,Washington State Patrol,0,1,0,0,0,,,,,,0,0,0,,,,,,,,,,,,,,,,,,,,,,,,,,,,,,,,,,,
2020,369,635105,2,08-15-2020,15:43,15,8,Aug,,61,Snohomish,0,1,,1,1,2,1,0,3,2,15:52,16:10,16:29,12,0,2,Front-to-Front,20.2,1,0,1,No intersection,3,2,1,3,0,0,0,0,SR-522,,-122.0550333,47.83051667,98296,0,1,50,Lateral Move(Left/Right),10,2,55,14,0,0,1,2,12,2,2,1,2,14,Making a U turn,1,1,53,,0,49,46,2007,0,0,8,,,,,,1,1,23,2,0,0,0,0,3,0,11,0,,,,,0,0,0,3,1,10,0,0,0,96,,,,,,9,,,,,,98684,53,67,130,6,1,0,1,0,1,,11,,,,,,0,10-15-2014,05-15-2016,20,0,0,0,8,9,8,,,0,0,0,8,1,2,1,,,1,,,2,1,0.091,,,,,,,,,,,,,,,,,,,,,,,,,,,,,,0,0,0,0,1,1,0,1,0,1,1,0,0,0,0,0,0,0,0,0,0,0,0,1,1,0,0,0,0,1,0,1,0,0,0,,0,0,0,0,0,1,0,1,0,0,0,0,0,1,0,1,,,,,,21-25,16-25,City street,U,Wednesday,Belt Used,PV,Not Fatal,0,0,0,0,City Street,Municipal/City Police,Vancouver Police Department,0,0,0,1,0,,,,,,0,1,0,,,,,,,,,,,,,,,,,,,,,,,,,,,,,,,,,,,
2019,369,634403,7,10-11-2019,13:59,11,10,Oct,,33,King,1030,1,0,1,1,2,1,0,4,3,,,,25,0,0,No vehicle,25.6,1,0,1,No intersection,3,2,1,3,0,0,0,0,SR-167,,-122.2183389,47.43904167,98055,0,3,98,Others,60,4,60,14,0,0,1,5,12,1,1,4,3,1,Going Straight,1,1,53,,0,12,880,2018,0,0,12,,,,,,1,1,42,1,0,0,0,0,3,0,11,0,,,,,0,0,0,3,1,0,0,0,0,96,,,,,,0,,,,,,98611,53,72,230,6,1,0,0,0,0,,0,,,,,,0,,,8,0,0,0,8,9,8,,,0,0,0,8,0,2,1,,,1,,,2,1,0,,,,,,,,,,,,,,,,,,,,,,,,,,,,,,0,0,0,1,0,0,0,0,0,0,0,0,0,1,0,0,0,0,1,1,0,0,0,1,1,0,0,0,0,1,1,0,0,0,0,,0,0,0,0,0,0,0,0,0,0,0,0,0,0,0,0,,,,,,41-45,36-45,State route,U,Wednesday,Belt Used,MHTRUCK,Not Fatal,1,0,0,0,State Route,State Patrol,Washington State Patrol,0,1,0,0,0,,,,,,0,0,0,,,,,,,,,,,,,,,,,,,,,,,,,,,,,,,,,,,
2019,369,634402,7,10-11-2019,13:59,11,10,Oct,,33,King,1030,1,0,1,1,2,1,0,4,3,,,,25,0,0,No vehicle,25.6,1,0,1,No intersection,3,2,1,3,0,0,0,0,SR-167,,-122.2183389,47.43904167,98055,0,2,6,Drive off road,60,4,60,34,0,0,1,5,12,1,1,4,3,1,Going Straight,2,3,53,,0,24,3,2001,0,0,12,,,,,,1,1,23,2,0,0,3,0,99,0,11,5,,,,,0,0,0,2,1,38,0,0,0,96,,,,,,0,,,,,,98626,53,60,97,1,1,0,2,1,3,,71,,,,,,0,09-15-2015,09-15-2018,8,0,0,0,8,9,8,,,0,0,0,8,0,8,95,,,96,,,8,95,995,,,,,,,,,,,,,,,,,,,,,,,,,,,,,,0,0,0,1,0,0,0,0,0,0,0,0,0,1,0,0,0,0,1,1,0,0,0,1,1,0,0,0,0,1,1,0,0,0,0,,0,0,0,0,0,0,0,0,0,0,1,1,0,0,0,0,,,,,,21-25,16-25,State route,U,Wednesday,Unknown,PV,Not Fatal,1,0,0,0,State Route,State Patrol,Washington State Patrol,0,1,0,0,0,,,,,,0,0,8,,,,,,,,,,,,,,,,,,,,,,,,,,,,,,,,,,,
2019,369,634401,7,10-11-2019,13:59,11,10,Oct,,33,King,1030,1,0,1,1,2,1,0,4,3,,,,25,0,0,No vehicle,25.6,1,0,1,No intersection,3,2,1,3,0,0,0,0,SR-167,,-122.2183389,47.43904167,98055,0,1,98,Others,10,2,60,80,0,0,1,5,12,1,1,4,3,15,Others,1,1,53,,0,49,46,2013,0,0,54,,,,,,1,1,45,1,0,0,0,0,3,0,11,0,,,,,0,0,0,3,1,0,0,0,0,96,,,,,,0,,,,,,98546,53,78,205,6,1,0,0,0,1,,0,,,,,,0,05-15-2014,05-15-2014,20,0,0,0,8,9,8,,,0,0,0,8,0,8,95,,,96,,,8,95,995,,,,,,,,,,,,,,,,,,,,,,,,,,,,,,0,0,0,0,0,0,1,1,1,0,0,0,0,0,0,0,1,0,0,1,0,0,0,0,0,1,1,1,0,1,0,0,0,0,0,,0,0,0,0,0,0,0,0,0,0,0,0,0,0,0,0,,,,,,41-45,36-45,State route,U,Monday,Belt Used,PV,Not Fatal,0,1,1,0,State Route,Municipal/City Police,Bremerton Police Department,0,1,0,0,0,,,,,,0,0,0,,,,,,,,,,,,,,,,,,,,,,,,,,,,,,,,,,,
2018,369,633620,5,10-13-2018,10:54,13,10,Oct,0,59,Skamania,0,1,0,1,1,2,1,0,3,2,,,,12,0,6,Angle,43.2,4,0,1,No intersection,3,1,1,3,0,0,0,0,SR-14,,-121.8976833,45.68441667,98648,0,2,73,Others,10,2,55,80,0,0,1,2,12,1,1,2,1,6,Others,1,1,53,,0,12,17,2008,0,0,12,,,,,,1,1,85,1,7,1,4,0,20,0,11,4,11/19/2018,17:08,2.23E+11,50526,0,0,0,3,1,0,0,0,0,96,,,,,,0,,,,,,98528,53,72,190,6,1,0,0,2,0,,0,,,,,,0,01-15-2018,08-15-2018,1,0,0,0,0,9,8,,,0,0,0,8,0,2,1,,,1,,,2,1,0,,,,,,,,,,,,,,,,,,,,,,,,,,,,,,0,0,0,0,0,0,1,1,1,0,0,0,0,0,0,0,1,0,0,1,0,0,0,0,0,1,1,1,0,1,0,0,0,1,0,,1,0,0,0,0,0,0,0,0,0,0,0,0,0,0,0,,,,,,81+,76+,State route,U,Monday,Not Used,PV,White,0,1,1,0,State Route,Municipal/City Police,Bremerton Police Department,0,1,0,0,0,,,,,,0,0,0,,,,,,,,,,,,,,,,,,,,,,,,,,,,,,,,,,,
2017,369,632834,41,09-03-2017,02:00,3,9,Sep,6,65,Stevens,0,1,0,2,1,4,1,0,3,1,,,,1,0,0,No vehicle,4,1,0,1,No intersection,6,1,2,4,0,0,0,0,CR-DEER CREEK RD,,-117.8304833,48.12877778,99181,0,1,2,Control/Traction Loss,6,1,35,15,0,0,1,5,1,3,1,2,1,14,Making a U turn,3,2,53,,0,12,481,2008,0,0,68,12,60,54,,,1,1,40,1,0,0,2,0,20,0,11,8,,,,,0,0,0,3,1,28,0,0,0,14,,,,,,9,,,,,,98311,53,70,200,6,1,0,0,0,0,,97,,,,,,0,,,1,0,0,0,8,9,2,,,0,0,0,1,0,2,605,695,,1,1,,2,1,0,,,,,,,,,,,,,,,,,,,,,,,,,,,,,,0,0,0,0,0,0,1,1,1,0,0,0,0,0,0,0,1,0,0,1,0,0,0,0,0,1,1,1,0,1,0,0,0,0,0,,0,0,0,0,0,0,1,1,1,0,0,0,0,0,1,0,,,,,,36-40,36-45,State route,U,Monday,Not Used,PV,Not Fatal,0,1,1,0,State Route,Municipal/City Police,Bremerton Police Department,0,1,0,0,0,thc,14,carboxy-thc,130,,0,0,0,,,,,,,,,,,,,,,,,,,,,,,,,,,,,,,,,,,
2019,370,634404,1,09-19-2019,22:21,19,9,Sep,,77,Yakima,840,1,0,2,1,2,1,0,2,2,,,,12,0,2,Front-to-Front,71.9,1,0,1,No intersection,1,1,1,1,0,0,0,0,I-82,,-119.9345778,46.27789722,,0,1,50,Lateral Move(Left/Right),54,3,98,4,0,0,1,2,12,1,1,2,2,1,Going Straight,1,2,6,,0,35,401,2001,0,0,64,21,,,,,1,1,28,2,7,1,4,0,3,0,11,4,11/17/2018,19:02,1.96E+11,50511,0,0,0,3,1,0,0,0,0,93,,,,,,99,,,,,,98072,53,62,120,6,1,0,0,0,0,,0,,,,,,0,,,1,0,0,0,0,9,8,,,0,0,0,8,9,2,1,,,1,,,2,1,0.35,,,,,,,,,,,,,,,,,,,,,,,,,,,,,,0,0,1,0,1,1,0,1,0,0,0,0,0,0,0,0,1,0,0,0,0,0,0,0,0,0,0,0,0,1,0,0,0,0,0,,1,0,0,0,0,1,0,1,1,0,0,0,0,1,0,1,,,,,,26-30,26-35,State route,U,Saturday,Belt Used,PV,White,0,1,0,0,State Route,State Patrol,Washington State Patrol,1,1,0,0,0,,,,,,0,0,0,,,,,,,,,,,,,,,,,,,,,,,,,,,,,,,,,,,
2021,370,635921,7,09-18-2021,15:45,18,9,Sep,,33,King,0,2,,1,2,1,3,0,3,2,,,,12,0,6,Angle,21.3,1,0,1,No intersection,1,1,1,1,0,0,0,0,I-90,,-121.9285444,47.52013889,98050,0,2,98,Others,62,4,60,14,0,0,1,2,12,1,2,4,2,1,Going Straight,1,1,53,,0,7,24,2007,0,0,64,25,18,67,58,1,1,1,38,1,7,2,4,7,99,0,11,0,11/17/2018,00:35,69053050936,50936,0,0,0,3,1,0,0,0,0,96,,,,,,99,,,,,,98007,53,74,215,6,1,0,1,0,0,,0,,,,,,3,12-15-2017,12-15-2017,99,0,0,0,0,9,8,,,0,0,0,8,9,2,996,695,605,1,1,1,2,1,0.054,,,,,,,,,,,,,,,,,,,,,,,,,,,,,,0,0,1,0,1,0,1,1,1,0,0,0,1,0,0,0,0,0,0,0,0,0,0,0,0,0,0,0,0,1,0,0,0,0,0,,1,0,0,0,1,0,1,1,0,1,0,0,0,0,0,1,,,,,,36-40,36-45,State route,U,Saturday,Unknown,PV,Black,0,1,0,0,State Route,Municipal/City Police,Everett Police Department,1,1,0,0,0,thc,10,carboxy-thc,30,,0,0,0,1,1,1,,,996,996,151,,,,,,,,,,,,,,,,,,,,,,,,,,,