year,something,Cases,repjur,crash_dt,crash_tm,accday,Month,Month,holiday,county,co_char,city,weather,weather2,lightcond,surfcond,surftype,Number of Fatalities,nmforms,pforms,vforms,not_tm,arr_tm,hosp_tm,fhevent,hitrun,Manner of Collision,Manner of Collision,milepnt,reljunc,reljuncinter,intersectiontype,Intersection Type,funcsystem,landuse,ownership,route,schlbus,spejur,contdev,devfunc,trafid1,trafid2,x,y,zipcode,wk_zone,vnumber,crashtype,Crash Type,criticalevent,criticaleventcat,spdlim,body,trailer,emerg,hazcargo,leave,mhevent,roadalgn,roadprof,traflane,trafflow,Vehicle Manure,Vehicle Manure,numoccs,regowner,regstate,,spuse,make,model,modelyr,vrf1,vrf2,seqevent1,seqevent2,seqevent3,seqevent4,seqevent5,seqevent6,pnumber,ptype,age,sex,hispanic,race,injury,diedscene,restraint,restraintmisuse,seatpos,takehosp,death_dt,death_tm,cert,cernum_wa,commlic,licendor,licrestrict,liccomp,drivpres,drf1,drf2,drf3,drf4,distract1,distract2,distract3,distract4,distract5,distract6,dricond1,dricond2,dricond3,dricond4,dricond5,dricond6,dzip,licstate,drhgt_in,weight,noncdl,noncdltype,prevdwi,prevoth,prevacc,prevspd,prevsus,driviol1,driviol2,driviol3,driviol4,driviol5,driviol6,spdrel,first_dt,last_dt,airbag,ejection,ejectpath,extricat,injurwrk,methalc,methdrug,nmlocat,strikveh,prf1,prf2,prf3,druginv,alcinvol,drugsts,drugres1,drugres2,drugres3,drugtst1,drugtst2,drugtst3,alcsts,alctst,alcres,nmact1,nmact2,nmact3,nmact4,nmact5,nmact6,nmprior1,nmprior2,nmprior3,nmprior4,nmprior5,nmprior6,nmcond1,nmcond2,nmcond3,nmcond4,nmcond5,nmcond6,nmsafe_helmet,nmsafe_pads,nmsafe_oth,nmprev_ref,nmprev_lgt,nmprev_oth,crashlocation,nmcrashtype,crosswalk,schoolzone,sidewalk,train_inv,wildlife_inv,rotr_fars,intersect_fars,Drink and Drive,aid_inv,Drug Positive Drivers,Impaired Drivers,Marijuana Positive,impnm_inv,ainm_inv,dpnm_inv,speed_inv,unlic_inv,unendmc_inv,drowsy_inv,drdist_inv,nmdist_inv,fty_inv,unrestfat_inv,dr1617_inv,dr1820_inv,dr1620_inv,dr2125_inv,dr1625_inv,dr65_inv,dr70_inv,dr75_inv,mc_inv,pv_inv,ht_inv,ped_inv,bike_inv,unrest_fat,mc_fat,unhelmet_mc,pv_fat,ht_fat,ped_fat,bike_fat,dr_alc7,dr_alc8,dr_drug,dr_imp,dr_dist,dr_spd,dr_fty,dr_unlic,dr_alc7only,dr_alc8only,dr_drugonly,dr_drink,nm_imp,nm_alc7,nm_alc8,nm_drug,nm_dist,agegrp1,agegrp2,roadclass,urbrur,dayweek,restuse,vehtype,race_me,intersect,lanedep,oppdir,wrongway,rep_typ,investag,repag_long,rotr,st_rd,cty_rd,city_rd,oth_rd,drug_thc,thc_res,drug_cthc,cthc_res,drug_cann,prevpersemin,prevperse,prevsusoth,drugtst4,drugtst5,drugtst6,drugtst7,drugtst8,drugres4,drugres5,drugres6,drugres7,drugres8,adspresent,adsengaged,adslevel,race1,race2,race3,race4,race5,helmet,helmetmisuse,nmdistract1,nmdistract2,nmdistract3,nmdistract4,nmdistract5,nmdistract6,lab,isedtcase,crf1,crf2,crf3,CoRoadName,CoMP,IntCoRoadName,IntCoMP
2021,370,635920,7,09-18-2021,15:45,18,9,Sep,,33,King,0,2,,1,2,1,3,0,3,2,,,,12,0,6,Angle,21.3,1,0,1,No intersection,1,1,1,1,0,0,0,0,I-90,,-121.9285444,47.52013889,98050,0,1,98,Others,9,1,70,4,0,0,1,2,12,1,2,4,2,1,Going Straight,2,1,53,,0,12,870,1998,0,0,68,68,63,24,69,63,1,1,66,1,7,1,4,7,3,0,11,0,11/18/2018,11:15,53051223,51223,0,0,0,3,1,0,0,0,0,96,,,,,,99,,,,,,98682,53,70,220,6,1,0,0,0,0,,0,,,,,,0,,,1,0,0,0,9,9,8,,,0,0,0,8,9,2,1,,,1,,,2,1,0,,,,,,,,,,,,,,,,,,,,,,,,,,,,,,0,0,1,0,0,0,0,0,0,0,0,0,0,0,0,0,0,0,0,0,0,0,0,0,0,1,0,0,0,0,1,0,0,0,0,,0,1,0,0,0,0,0,0,0,0,0,0,0,0,0,0,,,,,,66-70,66-75,State route,R,Sunday,,MHTRUCK,White,0,1,0,0,State Route,State Patrol,Washington State Patrol,1,1,0,0,0,,,,,,0,0,0,,,,,,,,,,,,,,,,,,,,,,,,,,,,,,,,,,,
2020,370,635109,1,09-22-2020,03:20,22,9,Sep,,77,Yakima,2590,1,,2,1,2,2,0,4,3,03:27,03:31,04:08,12,0,2,Front-to-Front,33.7,1,0,1,No intersection,1,2,1,1,0,0,0,0,I-82,,-120.4803056,46.59862778,98901,0,3,98,Others,60,4,60,34,0,0,1,2,12,1,1,2,3,1,Going Straight,1,1,53,,0,12,401,1997,0,0,63,43,42,,,,1,1,34,2,7,3,4,7,20,0,11,0,11/23/2018,07:27,53051780,51780,0,0,3,3,1,0,0,0,0,96,,,,,,99,,,,,,99224,53,60,140,6,1,0,0,0,0,,0,,,,,,4,,,1,0,0,0,0,9,8,,,0,0,0,8,9,2,1,,,1,,,2,1,0.23,,,,,,,,,,,,,,,,,,,,,,,,,,,,,,0,0,1,0,1,1,0,1,0,0,0,0,1,0,0,0,0,0,0,1,0,0,0,0,0,0,0,0,0,1,0,0,0,1,0,,1,0,0,0,0,1,0,1,0,1,0,0,0,1,0,1,,,,,,31-35,26-35,County road,R,Friday,Not Used,PV,AIAN,0,1,0,0,County Road,County Sheriff,Spokane County Sheriff's Office,1,0,1,0,0,,,,,,0,0,0,,,,,,,,,,,,,,,,,,,,,,,,,,,,,,,,,,,
2020,370,635108,1,09-22-2020,03:20,22,9,Sep,,77,Yakima,2590,1,,2,1,2,2,0,4,3,03:27,03:31,04:08,12,0,2,Front-to-Front,33.7,1,0,1,No intersection,1,2,1,1,0,0,0,0,I-82,,-120.4803056,46.59862778,98901,0,2,52,Others,54,3,60,34,0,0,1,2,12,1,1,2,3,1,Going Straight,1,1,53,,0,53,405,2003,0,0,8,,,,,,1,1,45,1,0,0,0,0,3,0,11,0,,,,,0,0,3,3,1,0,0,0,0,96,,,,,,0,,,,,,98532,53,71,265,6,1,0,0,0,1,,0,,,,,,0,04-15-2015,04-15-2015,20,0,0,0,8,9,8,,,0,0,0,8,0,8,95,,,96,,,8,95,995,,,,,,,,,,,,,,,,,,,,,,,,,,,,,,0,0,0,0,0,0,0,0,0,1,1,1,0,0,0,0,0,0,0,0,0,0,0,0,0,0,0,0,0,1,0,1,0,0,0,,0,0,0,0,0,0,0,0,0,0,0,0,0,0,0,0,,,,,,41-45,36-45,State route,R,Sunday,Belt Used,PV,Not Fatal,0,0,0,0,State Route,State Patrol,Washington State Patrol,0,1,0,0,0,,,,,,0,0,0,,,,,,,,,,,,,,,,,,,,,,,,,,,,,,,,,,,
2020,370,635107,1,09-22-2020,03:20,22,9,Sep,,77,Yakima,2590,1,,2,1,2,2,0,4,3,03:27,03:31,04:08,12,0,2,Front-to-Front,33.7,1,0,1,No intersection,1,2,1,1,0,0,0,0,I-82,,-120.4803056,46.59862778,98901,0,1,52,Others,54,3,60,14,0,0,1,2,12,1,1,2,3,1,Going Straight,2,2,53,,0,59,403,2008,0,0,8,,,,,,1,1,38,1,0,0,0,0,3,0,11,0,,,,,99,9,9,9,1,0,0,0,0,0,,,,,,0,,,,,,98296,95,,999,9,9,99,99,99,99,,0,,,,,,0,,,20,0,0,0,8,9,8,,,0,0,0,8,0,8,95,,,96,,,8,95,995,,,,,,,,,,,,,,,,,,,,,,,,,,,,,,0,0,0,0,0,0,0,0,0,1,0,1,0,0,0,0,0,0,0,0,0,0,0,0,0,0,0,0,0,1,0,1,0,0,0,,0,0,0,0,0,0,0,0,0,0,0,0,0,0,0,0,,,,,,36-40,36-45,Interstate,R,Saturday,Belt Used,PV,Not Fatal,0,0,0,0,State Route,State Patrol,Washington State Patrol,0,1,0,0,0,,,,,,99,99,99,,,,,,,,,,,,,,,,,,,,,,,,,,,,,,,,,,,
2019,370,634405,1,09-19-2019,22:21,19,9,Sep,,77,Yakima,840,1,0,2,1,2,1,0,2,2,,,,12,0,2,Front-to-Front,71.9,1,0,1,No intersection,1,1,1,1,0,0,0,0,I-82,,-119.9345778,46.27789722,,0,2,51,Lateral Move(Going Straight),54,3,70,4,0,0,1,2,12,1,1,2,2,1,Going Straight,1,1,53,,0,35,401,1995,0,0,8,,,,,,1,1,16,1,0,0,0,0,3,0,11,0,,,,,0,0,3,3,1,38,0,0,0,96,,,,,,0,,,,,,99203,53,69,230,6,2,0,0,0,0,,97,,,,,,0,,,20,0,0,0,8,9,8,,,0,0,0,8,0,8,95,,,96,,,8,95,995,,,,,,,,,,,,,,,,,,,,,,,,,,,,,,0,0,0,0,0,0,0,0,0,0,0,0,0,0,0,0,0,0,1,0,1,0,1,0,1,0,0,0,0,1,0,1,0,0,0,,0,0,0,0,0,0,0,0,0,0,1,0,0,0,0,0,,,,,,16-17,16-25,City street,U,Friday,Belt Used,PV,Not Fatal,1,0,0,0,City Street,Municipal/City Police,Spokane Police Department,0,0,0,1,0,,,,,,0,0,0,,,,,,,,,,,,,,,,,,,,,,,,,,,,,,,,,,,
2018,370,633621,3,10-13-2018,21:23,13,10,Oct,0,53,Pierce,0,1,0,2,1,2,1,0,1,1,21:20,21:29,,24,0,0,No vehicle,47.4,1,0,1,No intersection,3,2,1,3,0,0,0,0,SR-7,,-122.4351361,47.083675,98404,0,1,1,Driver Off Road,11,2,40,34,0,0,1,2,24,1,1,4,1,1,Going Straight,1,1,53,,0,55,401,2008,0,0,8,8,8,,,,1,1,66,2,0,0,0,0,3,0,11,0,,,,,0,0,3,3,1,38,91,0,0,96,,,,,,0,,,,,,98010,53,65,130,6,1,0,0,0,0,,2,,,,,,0,,,20,0,0,0,8,9,8,,,0,0,0,8,0,2,1,,,1,,,2,1,0,,,,,,,,,,,,,,,,,,,,,,,,,,,,,,0,0,0,1,0,0,0,0,0,0,0,0,0,0,0,0,0,0,1,0,0,0,0,0,0,1,0,0,0,1,0,1,0,0,0,,0,0,0,0,0,0,0,0,0,0,1,0,0,0,0,0,,,,,,66-70,66-75,State route,U,Wednesday,Belt Used,PV,Not Fatal,1,0,0,0,State Route,Municipal/City Police,Kent Police Department,0,1,0,0,0,,,,,,0,0,0,,,,,,,,,,,,,,,,,,,,,,,,,,,,,,,,,,,
2017,370,632836,22,09-18-2017,07:38,18,9,Sep,0,27,Grays Harbor,0,1,0,1,1,7,1,0,1,1,,,,1,0,0,No vehicle,10.1,1,0,1,No intersection,5,1,2,4,0,0,0,0,CR-S BANK RD,,-123.3272833,46.93439722,98568,0,1,98,Others,12,2,45,3,0,0,1,2,1,1,1,2,1,1,Going Straight,1,1,53,,0,7,481,1987,0,0,68,64,42,,,,1,1,30,1,7,1,4,7,3,0,11,0,11-12-2018,11:15,53050823,50823,0,0,0,0,1,0,0,0,0,92,,,,,,99,,,,,,98670,53,68,145,0,0,0,0,0,0,,0,,,,,,0,,,20,0,0,0,0,9,8,,,0,0,0,8,1,2,1,,,1,,,2,1,0.16,,,,,,,,,,,,,,,,,,,,,,,,,,,,,,0,0,1,0,1,1,0,1,0,0,0,0,0,1,0,0,1,0,0,0,0,0,0,0,0,0,0,0,0,1,0,0,0,0,0,,1,0,0,0,0,1,0,1,1,0,0,1,0,1,0,1,,,,,,26-30,26-35,County road,R,Monday,Belt Used,PV,White,0,1,0,0,County Road,County Sheriff,Okanogan County Sheriff's Office,1,0,1,0,0,,,,,,0,0,0,,,,,,,,,,,,,,,,,,,,,,,,,,,,,,,,,,,
2021,371,635923,1,09-05-2021,09:44,5,9,Sep,,77,Yakima,0,1,,1,1,3,1,0,3,2,,,,12,0,6,Angle,11.3,2,0,2,4 Way,5,1,1,3,0,0,0,0,SR-241,ARROWSMITH RD,-119.9790806,46.36072222,98944,0,2,89,Others,66,4,50,66,2,0,1,2,12,1,2,2,1,1,Going Straight,2,3,53,,0,72,706,2018,0,0,8,,,,,,1,1,48,1,0,0,0,0,19,0,11,0,,,,,0,0,0,3,1,0,0,0,0,96,,,,,,0,,,,,,98422,53,75,200,6,1,0,0,0,0,,0,,,,,,0,,,20,8,0,0,8,9,8,,,0,0,0,8,0,0,0,,,0,,,0,0,996,,,,,,,,,,,,,,,,,,,,,,,,,,,,,,0,0,0,0,0,0,0,0,0,0,0,0,0,0,0,0,0,0,0,0,0,0,0,0,0,0,0,0,1,1,0,1,0,0,0,0,0,0,0,0,0,0,0,0,0,0,0,0,0,0,0,0,,,,,,46-50,46-55,State route,U,Sunday,,MC,Not Fatal,0,0,0,0,State Route,State Patrol,Washington State Patrol,0,1,0,0,0,,,,,,0,0,0,,,,,,,,,,,,,,,,,,,,,,,,,,,,,,,,,,,
2021,371,635922,1,09-05-2021,09:44,5,9,Sep,,77,Yakima,0,1,,1,1,2,1,0,3,2,,,,12,0,6,Angle,11.3,2,0,2,4 Way,5,1,1,3,0,0,20,3,SR-241,ARROWSMITH RD,-119.9790806,46.36072222,98944,0,1,88,Striking from the Left,17,2,50,3,0,0,1,2,12,1,2,2,1,1,Going Straight,1,1,53,,0,49,442,2000,0,0,8,,,,,,1,1,51,2,0,0,0,0,3,0,11,0,,,,,0,0,0,3,1,0,0,0,0,96,,,,,,0,,,,,,98051,53,69,220,6,1,0,8,1,0,,0,,,,,,0,12-15-2013,10-15-2018,20,0,0,0,8,9,8,,,0,0,0,8,0,0,0,,,0,,,0,0,996,,,,,,,,,,,,,,,,,,,,,,,,,,,,,,0,0,0,0,0,0,0,0,0,0,0,0,0,0,0,0,0,0,0,0,0,0,0,0,0,0,0,0,1,1,0,1,0,0,0,,0,0,0,0,0,0,0,0,0,0,0,0,0,0,0,0,,,,,,51-55,46-55,State route,U,Sunday,Belt Used,PV,Not Fatal,0,0,0,0,State Route,State Patrol,Washington State Patrol,0,1,0,0,0,,,,,,0,0,2,,,,,,,,,,,,,,,,,,,,,,,,,,,,,,,,,,,
2020,371,635111,122,09-26-2020,20:54,26,9,Sep,,61,Snohomish,690,10,,3,2,2,1,0,2,2,20:57,21:04,21:11,12,0,6,Angle,0.2,2,0,2,4 Way,3,2,1,3,0,0,3,3,SR-529,HEWITT AVE,-122.1909944,47.97910556,98120,0,2,87,Others,66,4,35,15,0,0,1,5,12,1,1,5,1,1,Going Straight,1,1,53,,0,12,402,2007,0,0,8,,,,,,1,1,44,1,0,0,0,0,3,0,11,0,,,,,0,0,0,3,1,0,0,0,0,96,,,,,,0,,,,,,98372,53,70,205,6,1,0,0,0,0,,0,,,,,,0,,,20,0,0,0,8,9,8,,,0,0,0,8,0,0,0,,,0,,,0,0,996,,,,,,,,,,,,,,,,,,,,,,,,,,,,,,0,0,0,0,0,0,0,0,0,0,0,0,0,0,0,0,0,0,0,0,0,0,0,0,0,0,0,0,1,1,0,1,0,0,0,,0,0,0,0,0,0,0,0,0,0,0,0,0,0,0,0,,,,,,41-45,36-45,State route,U,Sunday,Belt Used,PV,Not Fatal,0,0,0,0,State Route,State Patrol,Washington State Patrol,0,1,0,0,0,,,,,,0,0,0,,,,,,,,,,,,,,,,,,,,,,,,,,,,,,,,,,,
2020,371,635110,122,09-26-2020,20:54,26,9,Sep,,61,Snohomish,690,10,,3,2,2,1,0,2,2,20:57,21:04,21:11,12,0,6,Angle,0.2,2,0,2,4 Way,3,2,1,3,0,0,3,3,SR-529,HEWITT AVE,-122.1909944,47.97910556,98120,0,1,86,Others,17,2,35,80,0,0,1,5,12,1,1,5,1,1,Going Straight,1,2,53,,3,12,870,2017,0,0,63,42,2,,,,1,1,75,1,7,1,4,7,2,0,11,0,11/19/2018,10:30,1.71E+11,50882,6,1,3,3,1,0,0,0,0,92,,,,,,0,,,,,,98366,53,72,230,6,1,0,0,0,0,,0,,,,,,0,,,99,0,0,0,1,9,8,,,0,0,0,8,0,2,1,,,1,,,2,1,0,,,,,,,,,,,,,,,,,,,,,,,,,,,,,,0,0,1,0,0,0,0,0,0,0,0,0,0,0,0,0,1,0,0,0,0,0,0,0,0,1,1,1,0,0,0,0,0,0,0,,0,0,0,0,0,0,0,0,1,0,0,0,0,0,0,0,,,,,,71-75,66-75,State route,R,Monday,,BUS,White,0,1,0,0,State Route,State Patrol,Washington State Patrol,1,1,0,0,0,,,,,,0,0,0,,,,,,,,,,,,,,,,,,,,,,,,,,,,,,,,,,,
2019,371,634406,122,10-18-2019,16:40,18,10,Oct,,61,Snohomish,690,10,0,1,0,0,1,1,1,1,,,,8,0,0,No vehicle,0,8,0,1,No intersection,96,6,96,8,0,0,0,0,PRIVATE DRIVEWAY THRUWAY,108TH PL SE,-122.2225028,47.90035,98204,0,1,13,Pedestrian/Animal,80,5,0,15,0,0,1,5,8,0,0,0,0,11,Turning Red: Permitted on red,1,1,53,,0,7,20,2003,0,0,8,,,,,,1,1,20,1,0,0,0,0,3,0,11,0,,,,,0,0,0,3,1,0,0,0,0,96,,,,,,0,,,,,,98264,53,74,220,6,1,0,0,0,0,,0,,,,,,0,,,20,0,0,0,8,9,8,,,0,0,0,8,0,8,95,,,96,,,8,95,995,,,,,,,,,,,,,,,,,,,,,,,,,,,,,,0,0,0,0,0,0,0,0,0,0,0,0,0,0,0,0,0,0,0,0,0,1,1,0,1,0,0,0,0,1,0,1,0,0,0,,0,0,0,0,0,0,0,0,0,0,0,0,0,0,0,0,,,,,,18-20,16-25,City street,U,Thursday,Belt Used,PV,Not Fatal,0,0,0,0,City Street,Municipal/City Police,Bellingham Police Department,0,0,0,1,0,,,,,,0,0,0,,,,,,,,,,,,,,,,,,,,,,,,,,,,,,,,,,,
2018,371,633623,4,10-16-2018,17:43,16,10,Oct,0,63,Spokane,2113,1,0,5,1,2,1,0,2,2,17:43,18:03,18:57,12,0,2,Front-to-Front,11.2,1,0,1,No intersection,3,2,1,3,0,0,0,0,SR-290,,-117.1817778,47.69643333,99212,0,2,51,Lateral Move(Going Straight),62,4,50,34,0,0,1,2,12,1,1,2,1,1,Going Straight,1,1,53,,0,12,402,2006,0,0,12,,,,,,1,1,35,2,7,1,4,7,3,0,11,0,10/29/2018,17:27,1.63E+11,47642,0,0,0,3,1,0,0,0,0,96,,,,,,0,,,,,,99326,53,64,140,6,1,0,1,0,4,,0,,,,,,0,11-15-2013,06-15-2017,1,0,0,0,0,9,8,,,0,0,0,8,0,8,95,,,96,,,8,95,995,,,,,,,,,,,,,,,,,,,,,,,,,,,,,,0,0,0,1,0,0,0,0,0,0,0,0,0,0,0,0,1,0,0,0,0,0,0,0,0,1,0,0,0,1,1,0,0,0,0,,1,0,0,0,0,0,0,0,0,0,0,0,0,0,0,0,,,,,,31-35,26-35,State route,R,Monday,Belt Used,PV,White,1,0,0,0,State Route,State Patrol,Washington State Patrol,0,1,0,0,0,,,,,,0,0,0,,,,,,,,,,,,,,,,,,,,,,,,,,,,,,,,,,,
2018,371,633622,4,10-16-2018,17:43,16,10,Oct,0,63,Spokane,2113,1,0,5,1,2,1,0,2,2,17:43,18:03,18:57,12,0,2,Front-to-Front,11.2,1,0,1,No intersection,3,2,1,3,0,0,0,0,SR-290,,-117.1817778,47.69643333,99212,0,1,50,Lateral Move(Left/Right),10,2,98,34,0,0,1,2,12,1,1,2,1,1,Going Straight,1,2,53,,0,82,881,2003,0,0,12,,,,,,1,1,66,1,0,0,0,0,3,0,11,0,,,,,6,1,0,3,1,39,0,0,0,12,,,,,,0,,,,,,98610,53,66,180,6,1,0,0,0,0,,37,,,,,,0,,,20,0,0,0,8,3,2,,,0,0,0,0,0,8,95,,,96,,,8,95,995,,,,,,,,,,,,,,,,,,,,,,,,,,,,,,0,0,0,1,0,0,0,0,0,0,0,0,0,0,0,0,1,0,0,0,0,0,0,0,0,1,0,0,0,1,1,0,0,0,0,,0,0,0,0,0,0,0,0,1,0,0,0,0,0,0,0,,,,,,66-70,66-75,State route,R,Monday,,MHTRUCK,Not Fatal,1,0,0,0,State Route,State Patrol,Washington State Patrol,0,1,0,0,0,,,,,,0,0,0,,,,,,,,,,,,,,,,,,,,,,,,,,,,,,,,,,,
2017,371,632839,42,09-09-2017,20:28,9,9,Sep,0,67,Thurston,0,10,0,2,2,2,1,0,1,1,,,,1,0,0,No vehicle,11.1,1,0,1,No intersection,7,1,2,4,0,0,0,0,CR-BALD HILL RD SE,,-122.4800306,46.81732778,98597,0,1,2,Control/Traction Loss,13,2,50,34,0,0,1,2,1,3,1,2,1,14,Making a U turn,1,2,53,,0,37,32,2005,0,0,63,30,,,,,1,1,19,1,7,1,4,7,3,0,11,0,10/25/2018,22:45,53046973,46973,0,0,3,3,1,0,0,0,0,96,,,,,,99,,,,,,99012,53,72,140,6,1,0,0,0,0,,0,,,,,,0,,,8,0,0,0,0,9,8,,,0,0,0,8,9,2,1,,,1,,,2,1,0,,,,,,,,,,,,,,,,,,,,,,,,,,,,,,0,0,1,0,0,0,0,0,0,0,0,0,0,0,0,0,0,0,0,0,0,1,1,0,1,0,0,0,0,1,0,0,0,0,0,,1,0,0,0,0,0,0,0,0,0,0,0,0,0,0,0,,,,,,18-20,16-25,County road,R,Thursday,Belt Used,PV,White,0,1,0,0,County Road,County Sheriff,Whitman County Sheriff's Office,1,0,1,0,0,,,,,,0,0,0,,,,,,,,,,,,,,,,,,,,,,,,,,,,,,,,,,,
2018,372,633624,5,09-24-2018,20:32,24,9,Sep,0,41,Lewis,0,1,0,3,1,2,1,1,1,1,,,,8,1,0,No vehicle,80.4,1,0,1,No intersection,3,1,1,3,0,0,0,0,SR-12,,-122.6041111,46.52879444,98582,0,1,13,Pedestrian/Animal,80,5,55,34,0,0,1,5,8,1,1,2,1,1,Going Straight,1,1,41,,0,12,17,2003,0,0,68,64,30,,,,1,1,18,2,7,1,4,0,3,0,11,5,11/16/2018,01:33,8053050439,50439,0,0,0,3,1,0,0,0,0,96,,,,,,99,,,,,,98241,53,65,120,6,1,0,0,0,0,,0,,,,,,4,,,20,0,0,0,0,9,8,,,0,0,0,8,9,2,605,,,1,,,2,1,0,,,,,,,,,,,,,,,,,,,,,,,,,,,,,,0,0,0,0,0,0,1,1,1,0,0,0,1,0,0,0,0,0,0,0,0,1,1,0,1,0,0,0,0,1,0,0,0,0,0,,1,0,0,0,0,0,1,1,0,1,0,0,0,0,1,0,,,,,,18-20,16-25,State route,R,Thursday,Belt Used,PV,White,0,1,0,0,State Route,State Patrol,Washington State Patrol,1,1,0,0,0,thc,1.2,,,,0,0,0,,,,,,,,,,,,,,,,,,,,,,,,,,,,,,,,,,,
2021,372,635924,184,09-26-2021,00:30,26,9,Sep,,61,Snohomish,1215,1,,3,1,2,1,1,1,1,,,,8,0,0,No vehicle,39.8,1,0,1,No intersection,3,2,1,3,0,0,0,0,SR-99,,-122.3215028,47.81373333,98026,0,1,13,Pedestrian/Animal,80,5,45,20,0,0,1,2,8,1,1,7,1,1,Going Straight,1,1,53,,0,12,471,1993,0,0,63,38,42,42,,,1,1,36,1,7,1,4,7,3,0,11,0,11/15/2018,07:47,53050251,50251,0,0,0,3,1,0,0,0,0,92,,,,,,99,,,,,,98607,53,68,145,6,1,1,0,0,0,,0,,,,,,0,03-15-2014,08-15-2015,20,0,0,0,0,9,8,,,0,0,0,8,9,2,996,996,401,1,1,1,2,1,0,,,,,,,,,,,,,,,,,,,,,,,,,,,,,,0,0,1,0,0,0,1,1,1,0,0,0,0,0,0,0,1,0,0,0,0,0,0,0,0,0,0,0,0,1,0,0,0,0,0,,1,0,0,0,0,0,1,1,1,0,0,0,0,0,1,0,,,,,,36-40,36-45,County road,R,Thursday,Belt Used,PV,White,0,1,0,0,County Road,County Sheriff,Clark County Sheriff's Office,1,0,1,0,0,thc,0.67,,,,0,0,3,1,1,,,,417,605,,,,,,,,,,,,,,,,,,,,,,,,,,,,
2019,372,634407,278,10-09-2019,23:50,9,10,Oct,,63,Spokane,2110,1,0,3,1,1,1,1,1,1,,,,15,1,0,No vehicle,0,3,0,2,4 Way,7,2,4,6,0,0,3,3,E WELLESLEY AVE,N CRESTLINE ST,-117.378875,47.70056111,99217,0,1,13,Pedestrian/Animal,83,5,98,14,0,0,1,5,15,8,8,4,1,1,Going Straight,1,5,53,,0,49,40,1998,0,0,12,,,,,,1,1,20,1,0,0,3,0,3,0,11,4,,,,,0,0,0,3,1,0,0,0,0,96,,,,,,0,,,,,,98035,53,71,157,6,1,0,0,2,0,,0,,,,,,0,03-15-2018,04-15-2018,8,0,0,0,8,9,8,,,0,0,0,8,1,8,95,,,96,,,8,95,995,,,,,,,,,,,,,,,,,,,,,,,,,,,,,,0,0,0,1,1,0,0,0,0,0,0,0,0,0,0,0,0,0,0,1,0,1,1,0,1,0,0,0,0,1,0,0,0,0,0,,0,0,0,0,0,0,0,0,0,0,0,0,0,0,0,1,,,,,,18-20,16-25,State route,R,Friday,Belt Used,PV,Not Fatal,1,0,0,0,State Route,State Patrol,Washington State Patrol,0,1,0,0,0,,,,,,0,0,0,,,,,,,,,,,,,,,,,,,,,,,,,,,,,,,,,,,
2017,372,632833,14,09-13-2017,18:48,13,9,Sep,0,11,Clark,0,1,0,5,1,2,1,0,2,2,,,,12,0,6,Angle,6.1,2,0,2,4 Way,5,2,2,4,0,0,3,3,CR-NE 119TH ST,NE 152ND AVE,-122.5163694,45.70831111,98606,0,2,89,Others,66,4,98,80,0,0,1,2,12,1,1,2,1,1,Going Straight,1,1,53,,0,20,481,2005,0,0,68,12,,,,,1,1,46,1,7,1,4,0,20,0,11,4,11-12-2018,09:29,2.23E+11,50010,0,0,0,3,1,0,0,0,0,96,,,,,,99,,,,,,98387,53,74,210,6,1,0,0,0,0,,0,,,,,,0,,,1,0,0,0,0,9,8,,,0,0,0,8,9,2,1,,,1,,,2,1,0,,,,,,,,,,,,,,,,,,,,,,,,,,,,,,0,0,0,1,1,0,0,0,0,0,0,0,0,0,0,0,0,0,0,1,0,1,1,0,1,0,0,0,0,1,0,0,0,1,0,,1,0,0,0,0,0,0,0,0,0,0,0,0,0,0,0,,,,,,46-50,46-55,State route,R,Friday,Not Used,PV,White,1,0,0,0,State Route,State Patrol,Washington State Patrol,0,1,0,0,0,,,,,,0,0,0,,,,,,,,,,,,,,,,,,,,,,,,,,,,,,,,,,,
2017,372,632832,14,09-13-2017,18:48,13,9,Sep,0,11,Clark,0,1,0,5,1,2,1,0,2,2,,,,12,0,6,Angle,6.1,2,0,2,4 Way,5,2,2,4,0,0,3,3,CR-NE 119TH ST,NE 152ND AVE,-122.5163694,45.70831111,98606,0,1,88,Striking from the Left,17,2,50,14,0,0,1,2,12,1,1,2,1,1,Going Straight,1,1,53,,0,72,706,2019,0,0,12,,,,,,1,1,67,1,7,1,4,7,19,0,11,0,11-09-2018,16:17,53049734,49734,0,0,0,3,1,0,0,0,0,96,,,,,,99,,,,,,98188,53,73,258,6,1,0,0,0,0,,0,,,,,,0,,,20,8,0,0,0,9,8,,,0,0,0,8,9,2,1,,,1,,,2,1,0,,,,,,,,,,,,,,,,,,,,,,,,,,,,,,0,0,0,1,0,0,0,0,0,0,0,0,0,0,0,0,1,0,0,0,0,0,0,0,0,1,0,0,1,1,0,0,0,0,1,0,0,0,0,0,0,0,0,0,0,0,0,0,0,0,0,0,,,,,,66-70,66-75,County road,R,Friday,,MC,White,1,0,0,0,County Road,County Sheriff,King County Police,0,0,1,0,0,,,,,,0,0,0,,,,,,,,,,,,,,,,,,,,,,,,,,,,,,,,,,,
2020,372,635112,35,09-26-2020,22:40,26,9,Sep,,53,Pierce,0,1,,2,2,1,1,1,1,1,,,,8,1,0,No vehicle,8.7,1,0,1,No intersection,4,1,2,4,0,0,0,0,CR-ORVILLE RD E,,-122.1957028,47.00111944,98360,0,1,13,Pedestrian/Animal,80,5,40,99,0,0,1,5,8,1,1,2,1,1,Going Straight,99,9,99,,0,12,401,2015,0,0,12,,,,,,1,1,38,2,0,0,0,0,3,0,11,0,,,,,0,0,3,3,1,0,0,0,0,93,,,,,,0,,,,,,62002,17,67,186,6,1,0,2,0,0,,97,,,,,,0,06-15-2018,08-15-2018,20,0,0,0,8,9,8,,,0,0,0,8,0,8,95,,,96,,,8,95,995,,,,,,,,,,,,,,,,,,,,,,,,,,,,,,0,0,0,1,0,0,0,0,0,0,0,0,0,0,0,0,1,0,0,0,0,0,0,0,0,1,0,0,1,1,0,0,0,0,0,,0,0,0,0,0,0,0,0,1,0,0,0,0,0,0,0,,,,,,36-40,36-45,County road,R,Friday,Belt Used,PV,Not Fatal,1,0,0,0,County Road,County Sheriff,King County Police,0,0,1,0,0,,,,,,0,0,0,,,,,,,,,,,,,,,,,,,,,,,,,,,,,,,,,,,