year,something,Cases,repjur,crash_dt,crash_tm,accday,Month,Month,holiday,county,co_char,city,weather,weather2,lightcond,surfcond,surftype,Number of Fatalities,nmforms,pforms,vforms,not_tm,arr_tm,hosp_tm,fhevent,hitrun,Manner of Collision,Manner of Collision,milepnt,reljunc,reljuncinter,intersectiontype,Intersection Type,funcsystem,landuse,ownership,route,schlbus,spejur,contdev,devfunc,trafid1,trafid2,x,y,zipcode,wk_zone,vnumber,crashtype,Crash Type,criticalevent,criticaleventcat,spdlim,body,trailer,emerg,hazcargo,leave,mhevent,roadalgn,roadprof,traflane,trafflow,Vehicle Manure,Vehicle Manure,numoccs,regowner,regstate,,spuse,make,model,modelyr,vrf1,vrf2,seqevent1,seqevent2,seqevent3,seqevent4,seqevent5,seqevent6,pnumber,ptype,age,sex,hispanic,race,injury,diedscene,restraint,restraintmisuse,seatpos,takehosp,death_dt,death_tm,cert,cernum_wa,commlic,licendor,licrestrict,liccomp,drivpres,drf1,drf2,drf3,drf4,distract1,distract2,distract3,distract4,distract5,distract6,dricond1,dricond2,dricond3,dricond4,dricond5,dricond6,dzip,licstate,drhgt_in,weight,noncdl,noncdltype,prevdwi,prevoth,prevacc,prevspd,prevsus,driviol1,driviol2,driviol3,driviol4,driviol5,driviol6,spdrel,first_dt,last_dt,airbag,ejection,ejectpath,extricat,injurwrk,methalc,methdrug,nmlocat,strikveh,prf1,prf2,prf3,druginv,alcinvol,drugsts,drugres1,drugres2,drugres3,drugtst1,drugtst2,drugtst3,alcsts,alctst,alcres,nmact1,nmact2,nmact3,nmact4,nmact5,nmact6,nmprior1,nmprior2,nmprior3,nmprior4,nmprior5,nmprior6,nmcond1,nmcond2,nmcond3,nmcond4,nmcond5,nmcond6,nmsafe_helmet,nmsafe_pads,nmsafe_oth,nmprev_ref,nmprev_lgt,nmprev_oth,crashlocation,nmcrashtype,crosswalk,schoolzone,sidewalk,train_inv,wildlife_inv,rotr_fars,intersect_fars,Drink and Drive,aid_inv,Drug Positive Drivers,Impaired Drivers,Marijuana Positive,impnm_inv,ainm_inv,dpnm_inv,speed_inv,unlic_inv,unendmc_inv,drowsy_inv,drdist_inv,nmdist_inv,fty_inv,unrestfat_inv,dr1617_inv,dr1820_inv,dr1620_inv,dr2125_inv,dr1625_inv,dr65_inv,dr70_inv,dr75_inv,mc_inv,pv_inv,ht_inv,ped_inv,bike_inv,unrest_fat,mc_fat,unhelmet_mc,pv_fat,ht_fat,ped_fat,bike_fat,dr_alc7,dr_alc8,dr_drug,dr_imp,dr_dist,dr_spd,dr_fty,dr_unlic,dr_alc7only,dr_alc8only,dr_drugonly,dr_drink,nm_imp,nm_alc7,nm_alc8,nm_drug,nm_dist,agegrp1,agegrp2,roadclass,urbrur,dayweek,restuse,vehtype,race_me,intersect,lanedep,oppdir,wrongway,rep_typ,investag,repag_long,rotr,st_rd,cty_rd,city_rd,oth_rd,drug_thc,thc_res,drug_cthc,cthc_res,drug_cann,prevpersemin,prevperse,prevsusoth,drugtst4,drugtst5,drugtst6,drugtst7,drugtst8,drugres4,drugres5,drugres6,drugres7,drugres8,adspresent,adsengaged,adslevel,race1,race2,race3,race4,race5,helmet,helmetmisuse,nmdistract1,nmdistract2,nmdistract3,nmdistract4,nmdistract5,nmdistract6,lab,isedtcase,crf1,crf2,crf3,CoRoadName,CoMP,IntCoRoadName,IntCoMP
2020,373,3876377,263,09-11-2020,02:56,11,9,Sep,,33,King,1960,1,,3,1,2,2,0,4,2,02:58,03:17,03:26,12,0,6,Angle,0,2,0,2,4 Way,3,2,4,6,0,0,3,3,MARTIN LUTHER KING JR WAY S,S HOLLY ST,-122.2839556,47.54247778,98118,0,1,69,Initial Opposite Direction(Going Straight),17,2,35,14,0,0,1,2,12,1,1,3,3,1,Going Straight,2,5,53,,0,7,402,2001,0,0,63,8,38,,,,1,1,43,1,0,0,2,0,2,0,11,8,,,,,0,0,0,3,1,91,0,0,0,96,,,,,,99,,,,,,98404,53,75,230,6,1,0,0,0,0,,1,,,,,,4,,,20,0,0,0,8,9,8,,,0,0,0,8,1,2,695,,,1,,,2,1,0,,,,,,,,,,,,,,,,,,,,,,,,,,,,,,0,0,1,1,1,0,1,1,1,0,0,0,1,0,0,0,0,0,0,0,0,0,0,0,0,0,0,0,0,1,0,1,0,0,0,,0,0,0,0,0,0,1,1,0,1,0,0,0,0,1,1,,,,,,41-45,36-45,City street,U,Wednesday,Belt Used,PV,Not Fatal,1,0,0,0,City Street,Municipal/City Police,Lakewood Police Department,0,0,0,1,0,,,carboxy-thc,5.6,,0,0,0,,,,,,,,,,,,,,,,,,,,,,,,,,,,,,,,,,,
2020,373,3876377,263,09-11-2020,02:56,11,9,Sep,,33,King,1960,1,,3,1,2,2,0,4,2,02:58,03:17,03:26,12,0,6,Angle,0,2,0,2,4 Way,3,2,4,6,0,0,3,3,MARTIN LUTHER KING JR WAY S,S HOLLY ST,-122.2839556,47.54247778,98118,0,2,68,Initial Opposite Direction(Left/Right),63,4,35,4,0,0,1,2,12,1,1,3,3,11,Turning Red: Permitted on red,2,5,53,,0,21,1,1975,0,0,12,,,,,,1,1,82,1,0,0,2,0,3,0,11,8,,,,,0,0,0,3,1,0,0,0,0,96,,,,,,0,,,,,,98531,53,70,205,6,1,0,0,0,0,,0,,,,,,0,,,20,0,0,0,8,9,8,,,0,0,0,8,0,8,95,,,96,,,8,95,995,,,,,,,,,,,,,,,,,,,,,,,,,,,,,,0,0,0,0,0,0,1,1,1,0,0,0,0,0,1,0,0,0,0,0,0,0,0,0,0,1,1,1,1,1,0,0,0,0,0,,0,0,0,0,0,0,0,0,0,0,0,0,0,0,0,0,,,,,,81+,76+,County road,R,Saturday,Belt Used,PV,Not Fatal,0,1,1,0,County Road,County Sheriff,Thurston County Sheriff's Office,0,0,1,0,0,,,,,,0,0,0,,,,,,,,,,,,,,,,,,,,,,,,,,,,,,,,,,,
2021,373,635925,290,09-27-2021,19:54,27,9,Sep,,53,Pierce,2230,2,,3,2,2,1,0,1,1,,,,30,0,0,No vehicle,0,3,0,2,4 Way,3,2,4,6,0,0,3,3,S 72ND ST,S SHERIDAN AVE,-122.4528417,47.19206667,98408,0,1,2,Control/Traction Loss,9,1,35,34,0,0,1,2,30,1,2,5,1,1,Going Straight,1,1,53,,0,72,706,2009,0,0,68,12,,,,,1,1,63,1,7,1,4,7,19,0,11,0,11-03-2018,19:45,53048343,48343,0,0,0,2,1,28,0,0,0,96,,,,,,99,,,,,,98531,53,72,218,6,1,0,0,0,0,,0,,,,,,0,,,20,8,0,0,0,9,8,,,0,0,0,8,9,2,695,417,,1,1,,2,1,0,,,,,,,,,,,,,,,,,,,,,,,,,,,,,,0,0,0,0,0,0,1,1,1,0,0,0,0,0,1,0,0,0,0,0,0,0,0,0,0,1,1,1,1,1,0,0,0,0,1,0,0,0,0,0,0,0,1,1,0,0,0,0,0,0,1,0,,,,,,61-65,56-65,County road,R,Saturday,,MC,White,0,1,1,0,County Road,County Sheriff,Thurston County Sheriff's Office,0,0,1,0,0,,,carboxy-thc,12,,0,0,0,,,,,,,,,,,,,,,,,,,,,,,,,,,,,,,,,,,
2019,373,634410,26,10-18-2019,21:30,18,10,Oct,,35,Kitsap,0,2,0,2,2,2,1,1,3,3,,,,12,0,6,Angle,0.3,4,0,1,No intersection,5,2,2,4,0,0,0,0,CR-PIONEER WAY NW,,-122.6815028,47.78850278,98370,0,3,98,Others,98,7,50,34,0,0,1,7,12,1,2,2,1,13,Others,1,9,53,,0,84,884,2018,0,0,12,,,,,,1,1,24,1,0,0,0,0,3,0,11,0,,,,,6,1,0,3,1,0,0,0,0,96,,,,,,0,,,,,,98387,53,74,220,6,1,0,1,1,0,,0,,,,,,0,07-15-2017,09-15-2018,20,0,0,0,8,9,8,,,0,0,0,8,0,8,95,,,96,,,8,95,995,,,,,,,,,,,,,,,,,,,,,,,,,,,,,,0,0,1,0,0,0,0,0,0,0,0,0,1,0,0,0,0,0,0,0,0,0,0,1,1,0,0,0,1,0,1,0,0,0,0,,0,0,0,0,0,0,0,0,0,0,0,0,0,0,0,0,,,,,,21-25,16-25,Interstate,U,Tuesday,,MHTRUCK,Not Fatal,1,0,0,0,State Route,State Patrol,Washington State Patrol,0,1,0,0,0,,,,,,0,0,0,,,,,,,,,,,,,,,,,,,,,,,,,,,,,,,,,,,
2019,373,634409,26,10-18-2019,21:30,18,10,Oct,,35,Kitsap,0,2,0,2,2,2,1,1,3,3,,,,12,0,6,Angle,0.3,4,0,1,No intersection,5,2,2,4,0,0,0,0,CR-PIONEER WAY NW,,-122.6815028,47.78850278,98370,0,2,98,Others,98,7,50,34,6,0,1,7,12,1,2,2,1,99,Others,1,2,53,,0,99,999,9999,0,0,12,,,,,,1,1,998,8,0,0,9,0,99,0,11,0,,,,,99,9,9,9,1,0,0,0,0,96,,,,,,99,,,,,,99999,99,,999,9,9,99,99,99,99,,0,,,,,,0,,,99,0,0,0,8,9,8,,,0,0,0,8,9,8,95,,,96,,,8,95,995,,,,,,,,,,,,,,,,,,,,,,,,,,,,,,0,0,1,0,0,0,0,0,0,0,0,0,1,0,0,0,0,0,0,0,0,0,0,1,1,0,0,0,1,0,1,0,0,0,0,,0,0,0,0,0,0,0,0,0,0,0,0,0,0,0,0,,,,,,,,Interstate,U,Tuesday,,NR-U,Not Fatal,1,0,0,0,State Route,State Patrol,Washington State Patrol,0,1,0,0,0,,,,,,99,99,99,,,,,,,,,,,,,,,,,,,,,,,,,,,,,,,,,,,
2019,373,634408,26,10-18-2019,21:30,18,10,Oct,,35,Kitsap,0,2,0,2,2,2,1,1,3,3,,,,12,0,6,Angle,0.3,4,0,1,No intersection,5,2,2,4,0,0,0,0,CR-PIONEER WAY NW,,-122.6815028,47.78850278,98370,0,1,98,Others,98,7,50,4,0,0,1,7,8,1,2,2,1,1,Going Straight,1,2,53,,0,99,999,9999,0,0,12,,,,,,1,1,998,8,0,0,9,0,99,0,11,0,,,,,99,9,9,9,1,0,0,0,0,96,,,,,,99,,,,,,99999,99,,999,9,9,99,99,99,99,,0,,,,,,0,,,99,0,0,0,8,9,8,,,0,0,0,8,9,8,95,,,96,,,8,95,995,,,,,,,,,,,,,,,,,,,,,,,,,,,,,,0,0,1,0,0,0,0,0,0,0,0,0,1,0,0,0,0,0,0,0,0,0,0,1,1,0,0,0,1,0,1,0,0,0,0,,0,0,0,0,0,0,0,0,0,0,0,0,0,0,0,0,,,,,,,,Interstate,U,Tuesday,,NR-U,Not Fatal,1,0,0,0,State Route,State Patrol,Washington State Patrol,0,1,0,0,0,,,,,,99,99,99,,,,,,,,,,,,,,,,,,,,,,,,,,,,,,,,,,,
2017,373,632866,5,09-16-2017,22:28,16,9,Sep,0,11,Clark,0,1,0,2,1,2,1,1,2,1,,,,8,0,0,No vehicle,15.7,1,0,1,No intersection,1,1,1,1,0,0,0,0,I-5,,-122.6960722,45.837075,,0,1,13,Pedestrian/Animal,80,5,70,15,0,0,1,5,8,1,1,3,3,1,Going Straight,2,2,53,,0,72,706,2012,0,0,64,1,25,12,12,12,1,1,36,1,7,1,4,7,16,0,11,0,11-06-2018,23:05,2.32E+11,49211,0,0,0,3,1,0,0,0,0,96,,,,,,99,,,,,,98576,53,72,270,6,1,0,2,2,2,,0,,,,,,4,10-15-2016,04-15-2018,20,8,0,0,0,9,8,,,0,0,0,8,9,8,95,,,96,,,8,95,995,,,,,,,,,,,,,,,,,,,,,,,,,,,,,,0,0,1,0,0,0,0,0,0,0,0,0,1,0,0,0,0,0,0,0,0,0,0,1,1,0,0,0,1,0,1,0,0,0,1,1,0,0,0,0,0,0,0,0,0,1,0,0,0,0,0,0,,,,,,36-40,36-45,Interstate,U,Tuesday,,MC,White,1,0,0,0,State Route,State Patrol,Washington State Patrol,0,1,0,0,0,,,,,,0,0,0,,,,,,,,,,,,,,,,,,,,,,,,,,,,,,,,,,,
2021,374,635927,122,09-20-2021,01:25,20,9,Sep,,61,Snohomish,690,10,,2,2,2,1,0,4,2,,,,12,0,1,Front-to-Rear,5.3,1,0,1,No intersection,2,2,1,3,0,0,4,3,SR-529,,-122.1877972,48.01571944,98201,0,2,29,Others,53,3,55,14,0,0,1,2,12,1,1,2,3,2,Others,3,1,53,,0,7,482,2007,0,0,12,,,,,,1,1,22,1,0,0,0,0,3,0,11,0,,,,,6,0,0,3,1,0,0,0,0,0,,,,,,0,,,,,,99114,53,62,170,6,1,0,5,0,7,,0,,,,,,0,05-15-2014,07-15-2018,20,0,0,0,8,9,8,,,0,0,0,8,0,8,95,,,96,,,8,95,995,,,,,,,,,,,,,,,,,,,,,,,,,,,,,,0,0,0,1,0,0,0,0,0,0,0,0,0,0,0,0,1,0,0,0,1,0,1,1,1,1,1,1,0,1,0,0,0,0,0,,0,0,0,0,0,0,0,0,0,0,0,0,0,0,0,0,,,,,,21-25,16-25,US highway,R,Wednesday,Belt Used,PV,Not Fatal,1,0,0,0,State Route,State Patrol,Washington State Patrol,0,1,0,0,0,,,,,,0,0,0,,,,,,,,,,,,,,,,,,,,,,,,,,,,,,,,,,,
2021,374,635926,122,09-20-2021,01:25,20,9,Sep,,61,Snohomish,690,10,,2,2,2,1,0,4,2,,,,12,0,1,Front-to-Rear,5.3,1,0,1,No intersection,2,2,1,3,0,0,4,3,SR-529,,-122.1877972,48.01571944,98201,0,1,28,Others,52,3,55,80,0,0,1,2,3,1,1,2,3,1,Going Straight,1,2,53,,0,49,38,1992,0,0,12,,,,,,1,1,60,1,0,0,0,0,3,0,11,0,,,,,0,0,0,3,1,0,0,0,0,96,,,,,,0,,,,,,99217,53,67,176,6,1,0,0,0,1,,0,,,,,,0,01-15-2018,01-15-2018,20,0,0,0,8,9,8,,,0,0,0,8,0,8,95,,,96,,,8,95,995,,,,,,,,,,,,,,,,,,,,,,,,,,,,,,0,0,0,1,0,0,0,0,0,0,0,0,0,0,0,0,1,0,0,0,1,0,1,1,1,1,1,1,0,1,0,0,0,0,0,,0,0,0,0,0,0,0,0,0,0,0,0,0,0,0,0,,,,,,56-60,56-65,US highway,R,Wednesday,Belt Used,PV,Not Fatal,1,0,0,0,State Route,State Patrol,Washington State Patrol,0,1,0,0,0,,,,,,0,0,0,,,,,,,,,,,,,,,,,,,,,,,,,,,,,,,,,,,
2020,374,635114,127,09-25-2020,04:34,25,9,Sep,,33,King,735,2,,3,2,2,1,1,1,1,04:38,04:43,05:29,8,0,0,No vehicle,0,1,0,1,No intersection,3,2,4,6,0,0,0,0,S 320TH ST,,-122.3020139,47.31511389,98003,0,1,13,Pedestrian/Animal,80,5,35,1,0,0,1,5,8,8,8,7,5,1,Going Straight,1,1,53,,0,48,34,1997,0,0,12,,,,,,1,1,17,1,0,0,0,0,3,0,11,0,,,,,0,0,3,3,1,0,0,0,0,0,,,,,,0,,,,,,99109,53,70,235,6,2,0,0,0,0,,0,,,,,,0,,,20,0,0,0,8,9,8,,,0,0,0,8,0,0,0,,,0,,,8,95,995,,,,,,,,,,,,,,,,,,,,,,,,,,,,,,0,0,0,1,0,0,0,0,0,0,0,0,0,0,0,0,1,0,0,0,1,0,1,1,1,1,1,1,0,1,0,0,0,0,0,,0,0,0,0,0,0,0,0,0,0,0,0,0,0,0,0,,,,,,16-17,16-25,US highway,R,Wednesday,Belt Used,PV,Not Fatal,1,0,0,0,State Route,State Patrol,Washington State Patrol,0,1,0,0,0,,,,,,0,0,0,,,,,,,,,,,,,,,,,,,,,,,,,,,,,,,,,,,
2019,374,634412,290,10-22-2019,12:20,22,10,Oct,,53,Pierce,2230,10,0,1,2,2,1,0,4,2,,,,12,0,2,Front-to-Front,0,1,0,1,No intersection,7,2,4,6,0,3,0,0,NORPOINT WAY NE,,-122.3709639,47.272125,98422,0,2,51,Lateral Move(Going Straight),62,4,40,21,0,0,1,7,12,2,2,3,2,14,Making a U turn,1,1,53,,0,49,32,2016,0,0,12,12,68,12,12,,1,1,22,2,0,0,1,0,3,0,11,8,,,,,0,0,0,3,1,0,0,0,0,96,,,,,,0,,,,,,99101,53,62,148,6,1,0,0,0,0,,0,,,,,,0,,,2,0,0,0,8,9,8,,,0,0,0,8,0,8,95,,,96,,,8,95,995,,,,,,,,,,,,,,,,,,,,,,,,,,,,,,0,0,0,1,0,0,0,0,0,0,0,0,0,0,0,0,1,0,0,0,1,0,1,1,1,1,1,1,0,1,0,0,0,0,0,,0,0,0,0,0,0,0,0,0,0,0,0,0,0,0,0,,,,,,21-25,16-25,US highway,R,Wednesday,Belt Used,PV,Not Fatal,1,0,0,0,State Route,State Patrol,Washington State Patrol,0,1,0,0,0,,,,,,0,0,0,,,,,,,,,,,,,,,,,,,,,,,,,,,,,,,,,,,
2019,374,634411,290,10-22-2019,12:20,22,10,Oct,,53,Pierce,2230,10,0,1,2,2,1,0,4,2,,,,12,0,2,Front-to-Front,0,1,0,1,No intersection,7,2,4,6,0,3,0,0,NORPOINT WAY NE,,-122.3709639,47.272125,98422,0,1,50,Lateral Move(Left/Right),10,2,40,4,0,0,1,7,12,3,2,3,2,14,Making a U turn,3,1,53,,0,48,402,2009,0,0,12,,,,,,1,1,87,1,0,0,1,0,3,0,11,8,,,,,99,9,9,9,1,0,0,0,0,93,,,,,,0,,,,,,0,95,,999,9,9,99,99,99,99,,97,,,,,,0,,,1,0,0,0,8,9,2,,,0,0,0,0,0,0,0,,,0,,,8,95,995,,,,,,,,,,,,,,,,,,,,,,,,,,,,,,0,0,0,1,0,0,0,0,0,0,0,0,0,0,0,0,1,0,0,0,1,0,1,1,1,1,1,1,0,1,0,0,0,0,0,,0,0,0,0,0,0,0,0,1,0,0,0,0,0,0,0,,,,,,81+,76+,US highway,R,Wednesday,Belt Used,PV,Not Fatal,1,0,0,0,State Route,State Patrol,Washington State Patrol,0,1,0,0,0,,,,,,99,99,99,,,,,,,,,,,,,,,,,,,,,,,,,,,,,,,,,,,
2018,374,633627,315,10-15-2018,22:11,15,10,Oct,0,7,Chelan,2460,1,0,3,1,2,1,0,3,1,,,,5,0,0,No vehicle,2.6,1,0,1,No intersection,3,2,1,3,0,0,0,0,SR-285,,-120.32215,47.435375,98801,0,1,0,Others,98,7,30,34,0,0,1,5,5,1,1,3,4,1,Going Straight,3,1,53,,0,23,421,2005,0,0,12,64,25,25,69,,1,1,79,1,0,0,0,0,3,0,11,0,,,,,0,0,3,3,1,0,0,0,0,0,,,,,,0,,,,,,98445,53,67,220,6,1,0,0,0,0,,0,,,,,,0,,,20,0,0,0,8,9,8,,,0,0,0,8,0,8,95,,,96,,,8,95,995,,,,,,,,,,,,,,,,,,,,,,,,,,,,,,0,0,0,0,0,0,1,1,0,0,0,0,0,0,0,0,1,0,0,0,0,0,0,0,0,1,1,1,0,1,0,0,0,0,0,,0,0,0,0,0,0,0,0,0,0,0,0,0,0,0,0,,,,,,76-80,76+,Interstate,U,Friday,Belt Used,PV,Not Fatal,0,0,0,0,State Route,State Patrol,Washington State Patrol,0,1,0,0,0,,,,,,0,0,0,,,,,,,,,,,,,,,,,,,,,,,,,,,,,,,,,,,
2017,374,632838,290,09-19-2017,02:42,19,9,Sep,0,53,Pierce,2230,1,0,3,2,2,1,0,1,1,,,,10,0,0,No vehicle,0,6,0,1,No intersection,4,2,4,6,0,0,65,3,E MILWAUKEE WAY,,-122.4057083,47.25605,98421,0,1,98,Others,17,2,40,2,0,0,1,2,10,1,1,2,1,1,Going Straight,1,1,53,,0,12,481,2014,0,0,12,64,63,25,,,1,1,71,1,7,1,4,0,3,0,11,4,11-02-2018,13:57,76353048811,48811,0,0,0,3,1,0,0,0,0,92,,,,,,1,,,,,,98271,53,71,260,6,1,0,1,1,0,,0,,,,,,0,09-15-2014,09-15-2014,20,0,0,0,0,9,8,,,0,0,0,8,9,2,155,157,,1,1,,2,1,0,,,,,,,,,,,,,,,,,,,,,,,,,,,,,,0,0,0,0,0,0,1,1,0,0,0,0,0,0,0,0,1,0,0,0,0,0,0,0,0,1,1,1,0,1,0,0,0,0,0,,1,0,0,0,0,0,1,1,1,0,0,0,0,0,1,0,,,,,,71-75,66-75,Interstate,U,Friday,Belt Used,PV,White,0,0,0,0,State Route,State Patrol,Washington State Patrol,0,1,0,0,0,,,,,,0,0,0,,,,,,,,,,,,,,,,,,,,,,,,,,,,,,,,,,,
2021,375,635929,39,08-31-2021,22:00,31,8,Aug,,61,Snohomish,0,1,,3,1,2,1,0,7,2,,,,12,0,6,Angle,1.1,2,0,2,4 Way,5,2,2,4,0,0,20,3,CR-204TH ST SW,28TH AVE,-122.2709667,47.81358611,98036,0,2,87,Others,66,4,25,15,0,0,1,2,12,1,1,2,1,4,Others,4,1,53,,0,63,38,2011,0,0,8,,,,,,1,1,28,2,0,0,0,0,99,0,11,0,,,,,0,0,0,3,1,10,0,0,0,12,,,,,,0,,,,,,98626,53,62,115,6,1,0,0,0,1,,0,,,,,,0,04-15-2014,04-15-2014,20,0,0,0,8,9,8,,,0,0,0,8,0,2,177,401,417,1,1,1,2,1,0,,,,,,,,,,,,,,,,,,,,,,,,,,,,,,0,0,0,0,0,0,1,1,0,1,0,1,0,0,0,0,1,0,0,0,0,0,0,0,0,0,0,0,0,1,0,1,0,0,0,,0,0,0,0,0,0,1,1,1,0,0,0,0,0,1,0,,,,,,26-30,26-35,City street,U,Thursday,Unknown,PV,Not Fatal,0,0,0,0,City Street,Municipal/City Police,Longview Police Department,0,0,0,1,0,,,,,,0,0,0,,,,,,,,,,,,,,,,,,,,,,,,,,,,,,,,,,,
2021,375,635928,39,08-31-2021,22:00,31,8,Aug,,61,Snohomish,0,1,,3,1,2,1,0,7,2,,,,12,0,6,Angle,1.1,2,0,2,4 Way,5,2,2,4,0,0,20,3,CR-204TH ST SW,28TH AVE,-122.2709667,47.81358611,98036,0,1,86,Others,17,2,35,1,0,0,1,2,12,1,1,2,1,1,Going Straight,3,1,53,,0,20,481,2006,0,0,12,,,,,,1,1,52,1,0,0,1,0,3,0,11,6,,,,,0,0,3,3,1,0,0,0,0,0,,,,,,0,,,,,,98292,53,74,250,6,1,0,0,0,0,,0,,,,,,0,,,20,0,0,0,8,9,8,,,0,0,0,8,0,8,95,,,96,,,8,95,995,,,,,,,,,,,,,,,,,,,,,,,,,,,,,,0,0,0,1,0,0,1,1,0,0,0,0,0,0,0,0,1,0,1,0,0,0,0,0,0,1,1,1,0,1,0,0,0,0,0,,0,0,0,0,0,0,0,0,0,0,0,0,0,0,0,0,,,,,,51-55,46-55,County road,R,Tuesday,Belt Used,PV,Not Fatal,1,0,0,0,County Road,State Patrol,Washington State Patrol,0,0,1,0,0,,,,,,0,0,0,,,,,,,,,,,,,,,,,,,,,,,,,,,,,,,,,,,
2020,375,635117,39,09-26-2020,00:08,26,9,Sep,,61,Snohomish,0,10,,2,2,2,1,1,1,1,,,,8,0,0,No vehicle,0.1,1,0,1,No intersection,3,1,2,4,0,3,0,0,CR-33RD AVE NE,,-122.1872306,48.05375556,98270,0,1,13,Pedestrian/Animal,80,5,35,34,0,0,1,2,8,1,1,3,5,1,Going Straight,1,1,53,,0,42,48,2006,0,0,12,63,38,,,,1,1,83,1,7,1,4,0,3,0,11,5,11-09-2018,02:20,1.96E+11,49801,0,0,0,3,1,38,0,0,0,92,,,,,,0,,,,,,98282,53,72,260,6,1,0,1,0,1,,0,,,,,,0,01-15-2016,07-15-2016,2,0,0,0,0,9,8,,,0,0,0,8,0,2,177,348,,1,1,,2,1,0,,,,,,,,,,,,,,,,,,,,,,,,,,,,,,0,0,0,1,0,0,1,1,0,0,0,0,0,0,0,0,1,0,1,0,0,0,0,0,0,1,1,1,0,1,0,0,0,0,0,,1,0,0,0,0,0,1,1,1,0,1,0,0,0,1,0,,,,,,81+,76+,County road,R,Tuesday,Belt Used,PV,White,1,0,0,0,County Road,State Patrol,Washington State Patrol,0,0,1,0,0,,,,,,0,0,0,,,,,,,,,,,,,,,,,,,,,,,,,,,,,,,,,,,
2019,375,634413,5,10-11-2019,19:28,11,10,Oct,,41,Lewis,0,1,0,2,1,2,1,0,1,1,,,,1,0,0,No vehicle,140.9,1,0,1,No intersection,3,1,1,2,0,0,0,0,US-12,,-121.546075,46.68303611,98352,0,1,1,Driver Off Road,3,1,50,66,2,0,1,7,1,1,2,3,1,2,Others,1,3,53,,0,72,706,2009,0,0,11,,,,,,1,1,28,1,7,1,4,0,16,0,11,4,11-07-2018,00:06,1.85E+11,48759,0,0,0,3,1,0,0,0,0,96,,,,,,0,,,,,,99336,53,74,240,6,1,0,1,0,0,,0,,,,,,0,11-15-2016,11-15-2016,20,8,0,0,0,9,8,,,0,0,0,8,0,2,1,,,1,,,2,1,0,,,,,,,,,,,,,,,,,,,,,,,,,,,,,,0,1,0,0,0,0,0,0,0,0,0,0,0,0,0,0,0,0,0,0,0,0,0,0,0,0,0,0,1,0,0,0,0,0,1,1,0,0,0,0,0,0,0,0,0,0,0,0,0,0,0,0,,,,,,26-30,26-35,Other,,Sunday,,MC,White,0,0,0,0,Other,County Sheriff,Benton County Sheriff's Office,0,0,0,0,1,,,,,,0,0,0,,,,,,,,,,,,,,,,,,,,,,,,,,,,,,,,,,,
2018,375,633628,5,10-14-2018,21:18,14,10,Oct,0,11,Clark,2370,1,0,3,1,2,1,0,1,1,,,,25,0,0,No vehicle,3.3,1,0,1,No intersection,1,2,1,1,0,0,0,0,I-5,,-122.6669306,45.66278889,98663,0,1,6,Drive off road,6,1,60,40,0,0,1,2,1,8,8,4,3,1,Going Straight,1,1,53,,0,6,18,2013,0,0,63,59,38,42,,,1,1,46,2,7,1,4,7,20,0,11,0,11-01-2018,04:51,69053047909,47909,0,0,0,3,1,0,0,0,0,92,,,,,,99,,,,,,98223,53,65,320,6,1,0,3,0,2,,0,,,,,,0,06-15-2014,11-15-2017,1,0,0,0,0,9,8,,,0,0,0,8,9,2,401,417,,1,1,,2,1,0,,,,,,,,,,,,,,,,,,,,,,,,,,,,,,0,0,1,0,0,0,1,1,0,0,0,0,0,0,0,0,1,0,0,1,0,0,0,0,0,0,0,0,0,1,0,0,0,1,0,,1,0,0,0,0,0,1,1,1,0,0,0,0,0,1,0,,,,,,46-50,46-55,Interstate,U,Thursday,Not Used,PV,White,0,0,0,0,State Route,,,0,1,0,0,0,,,,,,0,0,0,,,,,,,,,,,,,,,,,,,,,,,,,,,,,,,,,,,
2017,375,632842,1,09-09-2017,04:30,9,9,Sep,0,77,Yakima,2400,1,0,2,0,0,1,0,1,1,,,,3,0,0,No vehicle,9999.9,1,0,1,No intersection,96,6,96,4,0,0,0,0,CR-BURKE RD,,-120.4364056,46.49627778,98951,0,1,0,Others,9,1,0,4,0,0,1,2,3,0,0,0,0,99,Others,1,1,53,,0,37,31,1999,0,0,12,,,,,,1,1,38,2,7,1,4,7,3,0,11,0,11-03-2018,22:06,53050351,50351,0,0,0,3,1,0,0,0,0,96,,,,,,99,,,,,,98273,53,68,235,6,1,0,2,0,0,,0,,,,,,0,08-15-2016,06-15-2017,8,0,0,0,0,9,8,,,0,0,0,8,9,2,605,695,996,1,1,1,2,1,0,,,,,,,,,,,,,,,,,,,,,,,,,,,,,,0,0,0,0,1,0,1,1,1,0,0,0,0,0,0,0,0,0,0,0,0,0,0,0,0,0,0,0,0,1,0,0,0,0,0,,1,0,0,0,0,0,1,1,0,0,0,0,0,0,1,0,,,,,,36-40,36-45,County road,R,Saturday,Belt Used,PV,White,0,1,1,0,County Road,State Patrol,Washington State Patrol,0,0,1,0,0,thc,8.7,carboxy-thc,50,,0,0,0,1,,,,,996,,,,,,,,,,,,,,,,,,,,,,,,,,,,,