year,something,Cases,repjur,crash_dt,crash_tm,accday,Month,Month,holiday,county,co_char,city,weather,weather2,lightcond,surfcond,surftype,Number of Fatalities,nmforms,pforms,vforms,not_tm,arr_tm,hosp_tm,fhevent,hitrun,Manner of Collision,Manner of Collision,milepnt,reljunc,reljuncinter,intersectiontype,Intersection Type,funcsystem,landuse,ownership,route,schlbus,spejur,contdev,devfunc,trafid1,trafid2,x,y,zipcode,wk_zone,vnumber,crashtype,Crash Type,criticalevent,criticaleventcat,spdlim,body,trailer,emerg,hazcargo,leave,mhevent,roadalgn,roadprof,traflane,trafflow,Vehicle Manure,Vehicle Manure,numoccs,regowner,regstate,,spuse,make,model,modelyr,vrf1,vrf2,seqevent1,seqevent2,seqevent3,seqevent4,seqevent5,seqevent6,pnumber,ptype,age,sex,hispanic,race,injury,diedscene,restraint,restraintmisuse,seatpos,takehosp,death_dt,death_tm,cert,cernum_wa,commlic,licendor,licrestrict,liccomp,drivpres,drf1,drf2,drf3,drf4,distract1,distract2,distract3,distract4,distract5,distract6,dricond1,dricond2,dricond3,dricond4,dricond5,dricond6,dzip,licstate,drhgt_in,weight,noncdl,noncdltype,prevdwi,prevoth,prevacc,prevspd,prevsus,driviol1,driviol2,driviol3,driviol4,driviol5,driviol6,spdrel,first_dt,last_dt,airbag,ejection,ejectpath,extricat,injurwrk,methalc,methdrug,nmlocat,strikveh,prf1,prf2,prf3,druginv,alcinvol,drugsts,drugres1,drugres2,drugres3,drugtst1,drugtst2,drugtst3,alcsts,alctst,alcres,nmact1,nmact2,nmact3,nmact4,nmact5,nmact6,nmprior1,nmprior2,nmprior3,nmprior4,nmprior5,nmprior6,nmcond1,nmcond2,nmcond3,nmcond4,nmcond5,nmcond6,nmsafe_helmet,nmsafe_pads,nmsafe_oth,nmprev_ref,nmprev_lgt,nmprev_oth,crashlocation,nmcrashtype,crosswalk,schoolzone,sidewalk,train_inv,wildlife_inv,rotr_fars,intersect_fars,Drink and Drive,aid_inv,Drug Positive Drivers,Impaired Drivers,Marijuana Positive,impnm_inv,ainm_inv,dpnm_inv,speed_inv,unlic_inv,unendmc_inv,drowsy_inv,drdist_inv,nmdist_inv,fty_inv,unrestfat_inv,dr1617_inv,dr1820_inv,dr1620_inv,dr2125_inv,dr1625_inv,dr65_inv,dr70_inv,dr75_inv,mc_inv,pv_inv,ht_inv,ped_inv,bike_inv,unrest_fat,mc_fat,unhelmet_mc,pv_fat,ht_fat,ped_fat,bike_fat,dr_alc7,dr_alc8,dr_drug,dr_imp,dr_dist,dr_spd,dr_fty,dr_unlic,dr_alc7only,dr_alc8only,dr_drugonly,dr_drink,nm_imp,nm_alc7,nm_alc8,nm_drug,nm_dist,agegrp1,agegrp2,roadclass,urbrur,dayweek,restuse,vehtype,race_me,intersect,lanedep,oppdir,wrongway,rep_typ,investag,repag_long,rotr,st_rd,cty_rd,city_rd,oth_rd,drug_thc,thc_res,drug_cthc,cthc_res,drug_cann,prevpersemin,prevperse,prevsusoth,drugtst4,drugtst5,drugtst6,drugtst7,drugtst8,drugres4,drugres5,drugres6,drugres7,drugres8,adspresent,adsengaged,adslevel,race1,race2,race3,race4,race5,helmet,helmetmisuse,nmdistract1,nmdistract2,nmdistract3,nmdistract4,nmdistract5,nmdistract6,lab,isedtcase,crf1,crf2,crf3,CoRoadName,CoMP,IntCoRoadName,IntCoMP
2017,376,632806,194,09-01-2017,06:45,1,9,Sep,0,33,King,1305,1,0,1,1,2,1,0,3,2,06:53,07:04,07:15,12,0,1,Front-to-Rear,0,3,0,2,4 Way,5,2,4,6,0,0,20,3,SE 24TH ST,W MERCER WAY,-122.2480889,47.58918333,98040,0,2,21,Others,53,3,25,1,0,0,1,2,12,1,2,2,1,5,Others,1,2,6,,0,63,402,2008,0,0,68,12,,,,,1,1,31,1,0,0,1,0,3,0,11,5,,,,,0,0,0,3,1,28,0,0,0,96,,,,,,9,,,,,,98232,53,67,165,6,1,0,2,0,3,,97,,,,,,0,03-15-2014,04-15-2017,8,0,0,0,8,9,8,,,0,0,0,8,1,8,95,,,96,,,8,95,995,,,,,,,,,,,,,,,,,,,,,,,,,,,,,,0,0,0,0,1,0,1,1,1,0,0,0,0,0,0,0,0,0,0,0,0,0,0,0,0,0,0,0,0,1,0,0,0,0,0,,0,0,0,0,0,0,0,0,0,0,0,0,0,0,0,1,,,,,,31-35,26-35,County road,R,Saturday,Belt Used,PV,Not Fatal,0,1,1,0,County Road,State Patrol,Washington State Patrol,0,0,1,0,0,,,,,,0,0,4,,,,,,,,,,,,,,,,,,,,,,,,,,,,,,,,,,,
2020,376,3834802,263,09-13-2020,18:40,13,9,Sep,,33,King,1960,5,,5,1,1,1,0,3,3,,,,12,0,2,Front-to-Front,20.9,2,0,4,Y Intersection,3,2,1,3,0,0,3,3,SR-99,SR-509,-122.3337167,47.54733056,98108,0,1,84,Others,17,2,45,2,0,0,1,2,12,1,1,2,2,1,Going Straight,1,2,40,,0,37,31,1993,0,0,12,,,,,,1,1,27,1,1,3,4,7,3,0,11,0,11-03-2018,22:13,2.31E+11,48739,0,0,0,3,1,0,0,0,0,96,,,,,,0,,,,,,98055,53,72,190,6,1,0,0,1,0,,0,,,,,,0,06-15-2018,06-15-2018,20,0,0,0,0,9,8,,,0,0,0,8,0,2,1,,,1,,,2,1,0,,,,,,,,,,,,,,,,,,,,,,,,,,,,,,0,0,0,0,0,0,0,0,0,0,0,0,1,0,0,0,0,0,0,0,1,0,1,0,1,0,0,0,0,1,0,0,0,0,0,,1,0,0,0,0,0,0,0,0,0,0,0,0,0,0,0,,,,,,26-30,26-35,State route,U,Saturday,Belt Used,PV,Hispanic,0,1,1,0,State Route,Municipal/City Police,Tukwila Police Department,0,1,0,0,0,,,,,,0,0,0,,,,,,,,,,,,,,,,,,,,,,,,,,,,,,,,,,,
2020,376,3834802,263,09-13-2020,18:40,13,9,Sep,,33,King,1960,5,,5,1,1,1,0,3,3,,,,12,0,2,Front-to-Front,20.9,2,0,4,Y Intersection,3,2,1,3,0,0,3,3,SR-99,SR-509,-122.3337167,47.54733056,98108,0,2,84,Others,66,4,45,6,0,0,1,2,12,1,1,3,1,11,Turning Red: Permitted on red,1,1,53,,0,55,33,2005,0,0,68,12,,,,,1,1,16,2,0,0,1,0,2,0,11,8,,,,,0,0,3,3,1,28,0,0,0,96,,,,,,0,,,,,,98055,53,64,105,6,2,0,0,0,0,,97,,,,,,3,,,8,0,0,0,8,9,8,,,0,0,0,8,0,8,95,,,96,,,8,95,995,,,,,,,,,,,,,,,,,,,,,,,,,,,,,,0,0,0,0,0,0,0,0,0,0,0,0,1,0,0,0,0,0,0,0,1,0,1,0,1,0,0,0,0,1,0,0,0,0,0,,0,0,0,0,0,0,0,0,0,1,0,0,0,0,0,0,,,,,,16-17,16-25,State route,U,Saturday,Belt Used,PV,Not Fatal,0,1,1,0,State Route,Municipal/City Police,Tukwila Police Department,0,1,0,0,0,,,,,,0,0,0,,,,,,,,,,,,,,,,,,,,,,,,,,,,,,,,,,,
2020,376,3834802,263,09-13-2020,18:40,13,9,Sep,,33,King,1960,5,,5,1,1,1,0,3,3,,,,12,0,2,Front-to-Front,20.9,2,0,4,Y Intersection,3,2,1,3,0,0,3,3,SR-99,SR-509,-122.3337167,47.54733056,98108,0,3,98,Others,98,7,45,2,0,0,1,5,12,1,1,2,2,5,Others,1,2,53,,0,2,403,1998,0,0,63,69,64,1,42,,1,1,40,1,7,1,4,7,99,0,11,0,11-02-2018,19:00,53048281,48281,0,0,0,3,1,0,0,0,0,92,,,,,,99,,,,,,99114,53,75,265,6,1,0,0,0,0,,0,,,,,,0,,,20,1,9,0,0,9,2,,,0,0,0,0,9,2,1,,,1,,,2,1,0,,,,,,,,,,,,,,,,,,,,,,,,,,,,,,0,0,1,0,0,0,0,0,0,0,0,0,0,0,0,0,1,0,0,0,0,0,0,0,0,0,0,0,0,1,0,0,0,0,0,,1,0,0,0,0,0,0,0,1,0,0,0,0,0,0,0,,,,,,36-40,36-45,Other,R,Friday,Unknown,PV,White,0,1,0,0,Other,County Sheriff,Stevens County Sheriff's Office,1,0,0,0,1,,,,,,0,0,0,,,,,,,,,,,,,,,,,,,,,,,,,,,,,,,,,,,
2021,376,635932,39,09-06-2021,22:24,6,9,Sep,,61,Snohomish,0,1,,3,1,2,1,0,4,3,,,,12,0,6,Angle,0.7,2,0,2,4 Way,3,2,2,4,0,0,3,3,CR-164TH ST SW,25TH AVE W,-122.2673333,47.84992222,98087,0,3,98,Others,98,7,40,34,0,0,1,2,12,1,2,5,5,1,Going Straight,1,2,53,,0,99,999,9999,0,0,64,8,,,,,1,1,999,8,0,0,9,0,99,0,11,0,,,,,99,9,9,9,1,0,0,0,0,96,,,,,,99,,,,,,99999,99,,999,9,9,99,99,99,99,,97,,,,,,0,,,99,0,0,0,8,9,8,,,0,0,0,8,9,0,0,,,0,,,0,0,996,,,,,,,,,,,,,,,,,,,,,,,,,,,,,,0,0,0,0,0,0,0,0,0,1,1,1,0,0,0,0,0,0,0,0,0,0,0,0,0,0,0,0,0,0,0,1,0,0,0,,0,0,0,0,0,0,0,0,0,0,0,0,0,0,0,0,,,,,,,,Interstate,U,Sunday,,NR-U,Not Fatal,0,0,0,0,State Route,State Patrol,Washington State Patrol,0,1,0,0,0,,,,,,99,99,99,,,,,,,,,,,,,,,,,,,,,,,,,,,,,,,,,,,
2021,376,635931,39,09-06-2021,22:24,6,9,Sep,,61,Snohomish,0,1,,3,1,2,1,0,4,3,,,,12,0,6,Angle,0.7,2,0,2,4 Way,3,2,2,4,0,0,3,3,CR-164TH ST SW,25TH AVE W,-122.2673333,47.84992222,98087,0,2,68,Initial Opposite Direction(Left/Right),63,4,40,9,0,0,1,2,12,1,2,5,1,11,Turning Red: Permitted on red,1,1,53,,0,37,706,2007,0,0,1,,,,,,1,1,82,1,7,1,4,7,19,0,11,0,11-04-2018,12:34,53048755,48755,0,0,0,3,1,0,0,0,0,96,,,,,,0,,,,,,98335,53,72,195,6,1,0,0,0,0,,0,,,,,,4,,,20,8,0,0,0,9,8,,,0,0,0,8,0,2,1,,,1,,,2,1,0,,,,,,,,,,,,,,,,,,,,,,,,,,,,,,0,0,0,0,0,0,0,0,0,0,0,0,1,0,0,0,0,0,0,0,0,0,0,0,0,1,1,1,1,0,0,0,0,0,1,0,0,0,0,0,0,0,0,0,0,1,0,0,0,0,0,0,,,,,,81+,76+,County road,R,Sunday,,MC,White,0,0,0,0,County Road,County Sheriff,Thurston County Sheriff's Office,0,0,1,0,0,,,,,,0,0,0,,,,,,,,,,,,,,,,,,,,,,,,,,,,,,,,,,,
2021,376,635930,39,09-06-2021,22:24,6,9,Sep,,61,Snohomish,0,1,,3,1,2,1,0,4,3,,,,12,0,6,Angle,0.7,2,0,2,4 Way,3,2,2,4,0,0,3,3,CR-164TH ST SW,25TH AVE W,-122.2673333,47.84992222,98087,0,1,69,Initial Opposite Direction(Going Straight),17,2,40,4,0,0,1,2,12,1,2,5,5,1,Going Straight,2,2,53,,0,20,481,1998,0,0,63,31,42,,,,1,1,71,1,7,3,4,7,3,0,11,0,11-03-2018,11:17,53048297,48297,0,0,3,3,1,0,0,0,0,96,,,,,,99,,,,,,98346,53,70,260,6,1,0,0,0,0,,0,,,,,,0,,,1,0,0,0,0,9,8,,,0,0,0,8,9,2,996,,,1,,,2,1,0,,,,,,,,,,,,,,,,,,,,,,,,,,,,,,0,0,1,0,0,0,1,1,0,0,0,0,0,0,0,0,0,0,0,0,0,0,0,0,0,1,1,0,0,1,0,0,0,0,0,,1,0,0,0,0,0,1,1,0,0,0,0,0,0,1,0,,,,,,71-75,66-75,County road,R,Saturday,Belt Used,PV,AIAN,0,1,0,0,County Road,County Sheriff,Kitsap County Sheriff's Office,1,0,1,0,0,,,,,,0,0,0,,,,,,,,,,,,,,,,,,,,,,,,,,,,,,,,,,,
2019,376,634414,346,10-08-2019,02:55,8,10,Oct,,63,Spokane,1165,2,0,3,2,2,1,0,1,1,,,,59,0,0,No vehicle,0,3,0,6,Roundabout,7,2,4,6,0,0,21,3,E MISSION AVE,N HARVEST PKWAY,-117.1111139,47.67463056,,0,1,6,Drive off road,12,2,35,34,0,0,1,7,43,1,1,1,4,1,Going Straight,1,1,53,,0,20,25,2013,0,0,63,34,,,,,1,1,54,1,0,0,1,0,3,0,11,8,,,,,0,0,0,2,1,91,0,0,0,96,,,,,,9,,,,,,98331,53,64,230,1,1,1,1,0,0,,1,11,14,,,,0,03-15-2017,09-15-2018,1,0,0,0,8,9,8,,,0,0,0,8,1,2,1,,,1,,,2,1,0.12,,,,,,,,,,,,,,,,,,,,,,,,,,,,,,0,0,1,0,1,1,0,1,0,0,0,0,0,1,0,0,0,0,0,1,0,0,0,0,0,0,0,0,0,1,0,0,0,0,0,,0,0,0,0,0,1,0,1,0,0,0,1,0,1,0,1,,,,,,51-55,46-55,US highway,R,Friday,Belt Used,PV,Not Fatal,0,1,0,0,State Route,State Patrol,Washington State Patrol,1,1,0,0,0,,,,,,0,1,1,,,,,,,,,,,,,,,,,,,,,,,,,,,,,,,,,,,
2017,376,632805,194,09-01-2017,06:45,1,9,Sep,0,33,King,1305,1,0,1,1,2,1,0,3,2,06:53,07:04,07:15,12,0,1,Front-to-Rear,0,3,0,2,4 Way,5,2,4,6,0,0,20,3,SE 24TH ST,W MERCER WAY,-122.2480889,47.58918333,98040,0,1,20,Others,50,3,25,4,0,0,1,2,12,1,2,2,1,1,Going Straight,2,2,53,,0,12,402,2005,0,0,68,68,63,31,14,,1,1,38,2,7,1,4,7,3,0,11,0,10/29/2018,01:18,53047575,47575,0,0,0,3,1,58,0,0,0,96,,,,,,9,,,,,,98382,53,63,135,6,1,0,0,0,1,,0,,,,,,4,09-15-2017,09-15-2017,20,2,9,0,0,1,1,,,0,0,0,1,1,2,605,695,,1,1,,2,1,0.17,,,,,,,,,,,,,,,,,,,,,,,,,,,,,,0,0,1,0,1,1,1,1,1,0,0,0,1,0,0,0,0,0,0,0,0,0,0,0,0,0,0,0,0,1,0,0,0,0,0,,1,0,0,0,0,1,1,1,0,1,0,0,0,0,0,1,,,,,,36-40,36-45,US highway,R,Sunday,Belt Used,PV,White,0,1,0,0,State Route,State Patrol,Washington State Patrol,1,1,0,0,0,thc,3.7,carboxy-thc,23,,0,0,0,,,,,,,,,,,,,,,,,,,,,,,,,,,,,,,,,,,
2018,376,633629,307,10-19-2018,23:15,19,10,Oct,0,71,Walla Walla,2390,1,0,3,1,2,1,1,1,1,,,,8,1,0,No vehicle,0,1,0,1,No intersection,7,2,4,6,0,0,0,0,N 9TH AVE,,-118.3511806,46.06998333,99362,0,1,13,Pedestrian/Animal,80,5,98,99,0,0,1,5,8,8,8,2,1,1,Going Straight,99,9,99,,0,30,42,2017,0,0,12,,,,,,1,1,61,1,0,0,3,0,3,0,11,4,,,,,0,0,0,3,1,0,0,0,0,96,,,,,,0,,,,,,98201,53,67,220,6,1,0,0,0,0,,0,,,,,,0,,,1,0,0,0,8,9,8,,,0,0,0,8,0,8,95,,,96,,,8,95,995,,,,,,,,,,,,,,,,,,,,,,,,,,,,,,0,0,0,0,0,0,0,0,0,0,0,0,0,0,0,0,1,0,0,0,0,0,0,0,0,0,0,0,0,1,0,0,0,0,0,,0,0,0,0,0,0,0,0,0,0,0,0,0,0,0,0,,,,,,61-65,56-65,US highway,R,Wednesday,Belt Used,PV,Not Fatal,0,1,1,0,State Route,State Patrol,Washington State Patrol,0,1,0,0,0,,,,,,0,0,0,,,,,,,,,,,,,,,,,,,,,,,,,,,,,,,,,,,
2021,377,635905,14,09-18-2021,22:00,18,9,Sep,,11,Clark,0,2,,2,2,2,1,0,3,1,,,,42,0,0,No vehicle,,1,0,1,No intersection,6,1,2,4,0,0,0,0,CR-NE W H GARNER RD,,-122.4538417,45.88297222,98675,0,1,6,Drive off road,6,1,50,4,0,0,1,2,42,3,2,2,1,14,Making a U turn,3,2,53,,0,2,404,2017,0,0,12,,,,,,1,1,49,1,0,0,3,0,3,0,11,4,,,,,0,0,3,3,1,0,0,0,0,96,,,,,,0,,,,,,98258,53,71,240,6,1,0,0,0,0,,0,,,,,,0,,,1,0,0,0,8,9,8,,,0,0,0,8,0,8,95,,,96,,,8,95,995,,,,,,,,,,,,,,,,,,,,,,,,,,,,,,0,0,0,0,0,0,0,0,0,0,0,0,0,0,0,0,1,0,0,0,0,0,0,0,0,0,0,0,0,1,0,0,0,0,0,,0,0,0,0,0,0,0,0,0,0,0,0,0,0,0,0,,,,,,46-50,46-55,US highway,R,Wednesday,Belt Used,PV,Not Fatal,0,1,1,0,State Route,State Patrol,Washington State Patrol,0,1,0,0,0,,,,,,0,0,0,,,,,,,,,,,,,,,,,,,,,,,,,,,,,,,,,,,
2020,377,635119,2,09-26-2020,08:20,26,9,Sep,,57,Skagit,0,2,,1,2,1,1,0,2,2,08:20,08:38,,1,0,0,No vehicle,14,1,0,1,No intersection,5,1,1,3,0,0,0,0,SR-011,,-122.4820278,48.64353056,,0,2,98,Others,62,4,40,34,0,0,1,5,12,2,4,2,1,14,Making a U turn,1,1,53,,0,12,401,2002,0,0,12,,,,,,1,1,61,1,0,0,0,0,20,0,11,0,,,,,0,0,0,3,1,0,0,0,0,96,,,,,,0,,,,,,98203,53,69,260,6,1,0,0,0,0,,0,,,,,,0,,,20,0,0,0,8,9,8,,,0,0,0,8,0,8,95,,,96,,,8,95,995,,,,,,,,,,,,,,,,,,,,,,,,,,,,,,0,0,0,0,0,0,0,0,0,0,0,0,0,0,0,0,1,0,0,0,0,0,0,0,0,0,0,0,0,1,0,0,0,0,0,,0,0,0,0,0,0,0,0,0,0,0,0,0,0,0,0,,,,,,61-65,56-65,US highway,R,Wednesday,Not Used,PV,Not Fatal,0,1,1,0,State Route,State Patrol,Washington State Patrol,0,1,0,0,0,,,,,,0,0,0,,,,,,,,,,,,,,,,,,,,,,,,,,,,,,,,,,,
2020,377,635118,2,09-26-2020,08:20,26,9,Sep,,57,Skagit,0,2,,1,2,1,1,0,2,2,08:20,08:38,,1,0,0,No vehicle,14,1,0,1,No intersection,5,1,1,3,0,0,0,0,SR-011,,-122.4820278,48.64353056,,0,1,6,Drive off road,6,1,40,80,0,0,1,2,12,3,4,2,1,14,Making a U turn,1,1,53,,0,35,402,2001,0,0,68,12,12,12,,,1,1,34,1,7,1,4,0,3,0,11,4,10/17/2018,18:05,69053045541,45541,0,0,0,3,1,28,0,0,0,92,,,,,,0,,,,,,98290,53,68,144,6,1,0,1,1,4,,0,,,,,,0,10-15-2013,04-15-2018,20,0,0,0,0,9,8,,,0,0,0,8,0,8,95,,,96,,,8,95,995,,,,,,,,,,,,,,,,,,,,,,,,,,,,,,0,0,0,0,0,0,0,0,0,0,0,0,0,0,0,0,1,0,0,0,0,0,0,0,0,0,0,0,0,1,0,0,0,0,0,,1,0,0,0,0,0,0,0,1,0,0,0,0,0,0,0,,,,,,31-35,26-35,US highway,R,Wednesday,Belt Used,PV,White,0,1,1,0,State Route,State Patrol,Washington State Patrol,0,1,0,0,0,,,,,,0,0,0,,,,,,,,,,,,,,,,,,,,,,,,,,,,,,,,,,,
2019,377,634415,4,10-22-2019,18:56,22,10,Oct,,63,Spokane,0,1,0,2,1,2,1,0,1,1,,,,1,0,0,No vehicle,8.4,1,0,1,No intersection,4,1,1,3,0,0,0,0,SR-902,,-117.6460028,47.58670833,99022,0,1,7,Control/Traction Loss,3,1,55,34,0,0,1,2,1,3,1,2,1,14,Making a U turn,1,2,53,,0,37,706,2004,0,0,63,42,,,,,1,1,22,1,7,1,4,7,19,0,11,0,10/22/2018,02:00,22953046353,46353,0,0,0,3,1,0,0,0,0,96,,,,,,99,,,,,,98148,53,71,195,6,1,0,0,0,1,,0,,,,,,3,02-15-2017,02-15-2017,20,8,0,0,0,9,8,,,0,0,0,8,9,2,1,,,1,,,2,1,0,,,,,,,,,,,,,,,,,,,,,,,,,,,,,,0,0,1,0,0,0,0,0,0,0,0,0,1,0,0,0,0,0,0,0,0,0,0,1,1,0,0,0,1,0,0,0,0,0,1,0,0,0,0,0,0,0,0,0,0,1,0,0,0,0,0,0,,,,,,21-25,16-25,State route,U,Monday,,MC,White,0,1,0,0,State Route,State Patrol,Washington State Patrol,1,1,0,0,0,,,,,,0,0,0,,,,,,,,,,,,,,,,,,,,,,,,,,,,,,,,,,,
2018,377,633630,3,10-02-2018,13:58,2,10,Oct,0,67,Thurston,0,1,0,1,1,2,1,0,1,1,,,,25,0,0,No vehicle,99.9,1,0,1,No intersection,1,2,1,1,0,0,0,0,I-5,,-122.9353639,46.96036111,98512,0,1,6,Drive off road,6,1,70,4,0,0,1,7,3,1,1,3,3,6,Others,1,1,53,,0,34,34,2010,0,0,8,,,,,,1,1,19,1,0,0,0,0,3,0,11,0,,,,,0,0,0,3,1,0,0,0,0,92,,,,,,99,,,,,,98930,53,71,155,6,2,0,0,0,0,,0,,,,,,0,,,20,0,0,0,8,9,8,,,0,0,0,8,9,2,1,,,1,,,2,1,0,,,,,,,,,,,,,,,,,,,,,,,,,,,,,,0,0,0,0,0,0,0,0,0,1,1,1,0,0,0,0,1,0,0,0,0,1,1,0,1,0,0,0,0,1,0,1,0,0,0,,0,0,0,0,0,0,0,0,1,0,0,0,0,0,0,0,,,,,,18-20,16-25,City street,R,Sunday,Belt Used,PV,Not Fatal,0,0,0,0,City Street,County Sheriff,Kittitas County Sheriff's Office,0,0,0,1,0,,,,,,0,0,0,,,,,,,,,,,,,,,,,,,,,,,,,,,,,,,,,,,
2017,377,632848,4,09-18-2017,12:39,18,9,Sep,0,63,Spokane,2113,10,0,1,2,2,1,0,3,3,,,,12,0,8,Other,7.5,1,0,1,No intersection,3,2,1,3,0,0,0,0,SR-290,,-117.25745,47.68616111,99212,0,3,98,Others,62,4,50,66,1,0,1,2,12,1,1,5,5,1,Going Straight,1,3,53,,0,12,461,1998,0,0,68,64,1,,,,1,1,60,1,7,1,4,7,20,0,11,0,09-02-2018,02:19,53039018,39018,0,0,0,3,1,0,0,0,0,92,,,,,,99,,,,,,99022,53,67,190,6,1,0,0,0,1,,0,,,,,,0,09-15-2018,09-15-2018,1,1,9,0,0,9,8,,,0,0,0,8,9,2,177,605,695,1,1,1,2,1,0.14,,,,,,,,,,,,,,,,,,,,,,,,,,,,,,0,0,1,0,1,1,1,1,1,0,0,0,0,0,0,0,1,0,0,1,0,0,0,0,0,0,0,0,0,1,0,0,0,1,0,,1,0,0,0,0,1,1,1,1,0,0,0,0,0,0,1,,,,,,56-60,56-65,County road,R,Sunday,Not Used,PV,White,0,1,0,0,County Road,County Sheriff,Spokane County Sheriff's Office,1,0,1,0,0,thc,888,carboxy-thc,888,,0,0,0,,,,,,,,,,,,,,,,,,,,,,,,,,,,,,,,,,,
2017,377,632847,4,09-18-2017,12:39,18,9,Sep,0,63,Spokane,2113,10,0,1,2,2,1,0,3,3,,,,12,0,8,Other,7.5,1,0,1,No intersection,3,2,1,3,0,0,0,0,SR-290,,-117.25745,47.68616111,99212,0,2,65,Others,62,4,50,14,0,0,1,5,12,1,1,5,5,4,Others,1,1,53,,0,37,31,2003,0,0,63,30,42,,,,1,1,17,2,7,7,4,0,3,0,11,4,10/29/2018,16:40,1.96E+11,48806,0,0,3,3,1,0,0,0,0,96,,,,,,99,,,,,,98030,53,62,100,6,2,0,0,0,0,,0,,,,,,4,,,1,0,0,0,0,9,8,,,0,0,0,8,9,2,1,,,1,,,2,1,0,,,,,,,,,,,,,,,,,,,,,,,,,,,,,,0,0,1,0,0,0,0,0,0,0,0,0,1,0,0,0,0,0,0,0,1,0,1,0,1,0,0,0,0,1,0,0,0,0,0,,1,0,0,0,0,0,0,0,0,1,0,0,0,0,0,0,,,,,,16-17,16-25,State route,U,Saturday,Belt Used,PV,API,0,1,0,0,State Route,Municipal/City Police,Kent Police Department,1,1,0,0,0,,,,,,0,0,0,,,,,,,,,,,,,,,,,,,,,,,,,,,,,,,,,,,
2017,377,632846,4,09-18-2017,12:39,18,9,Sep,0,63,Spokane,2113,10,0,1,2,2,1,0,3,3,,,,12,0,8,Other,7.5,1,0,1,No intersection,3,2,1,3,0,0,0,0,SR-290,,-117.25745,47.68616111,99212,0,1,64,Others,10,2,50,4,0,0,1,2,12,1,1,5,5,1,Going Straight,1,1,53,,0,37,31,2016,0,0,12,,,,,,1,1,59,2,7,4,4,7,3,0,11,0,10-12-2018,05:09,98053045561,45561,0,0,0,3,1,0,0,0,0,96,,,,,,0,,,,,,98001,53,60,115,6,1,0,0,0,0,,0,,,,,,0,,,8,0,0,0,0,9,8,,,0,0,0,8,0,2,1,,,1,,,2,1,0,,,,,,,,,,,,,,,,,,,,,,,,,,,,,,0,0,0,0,1,0,1,1,0,0,0,0,0,0,0,0,0,0,0,0,0,0,0,0,0,0,0,0,0,1,0,0,0,0,0,,1,0,0,0,0,0,0,0,0,0,0,0,0,0,0,0,,,,,,56-60,56-65,State route,R,Friday,Belt Used,PV,API,0,1,1,0,State Route,State Patrol,Washington State Patrol,0,1,0,0,0,,,,,,0,0,0,,,,,,,,,,,,,,,,,,,,,,,,,,,,,,,,,,,
2017,378,632877,6,09-18-2017,15:10,18,9,Sep,0,37,Kittitas,0,1,0,1,1,1,1,0,6,3,15:11,15:40,,12,0,1,Front-to-Rear,80.8,1,0,1,No intersection,1,1,1,1,0,0,0,0,I-90,,-120.9712583,47.19186667,98922,0,1,29,Others,53,3,70,3,0,0,1,2,12,1,1,2,3,2,Others,2,2,6,,0,7,482,2003,0,0,68,12,,,,,1,1,36,1,0,0,1,0,3,0,11,8,,,,,0,0,0,3,1,28,91,0,0,96,,,,,,9,,,,,,98503,53,72,200,6,1,0,0,2,5,,1,,,,,,0,01-15-2014,05-15-2017,8,0,0,0,8,9,2,,,0,0,0,1,1,2,177,401,417,1,1,1,2,1,0,,,,,,,,,,,,,,,,,,,,,,,,,,,,,,0,0,0,0,1,0,1,1,0,0,0,0,0,0,0,0,0,0,0,0,0,0,0,0,0,0,0,0,0,1,0,0,0,0,0,,0,0,0,0,0,0,1,1,0,0,0,0,0,0,1,1,,,,,,36-40,36-45,State route,R,Friday,Belt Used,PV,Not Fatal,0,1,1,0,State Route,State Patrol,Washington State Patrol,0,1,0,0,0,,,,,,0,0,5,,,,,,,,,,,,,,,,,,,,,,,,,,,,,,,,,,,
2021,378,635933,40,09-29-2021,22:14,29,9,Sep,,63,Spokane,0,1,,3,1,2,1,1,1,1,,,,8,0,0,No vehicle,1.2,3,0,4,Y Intersection,7,1,2,4,0,0,0,0,CR-W WESTBOW BLVD,S SPOTTED RD,-117.5187694,47.611575,99224,0,1,13,Pedestrian/Animal,80,5,35,4,0,0,1,5,8,8,8,2,1,1,Going Straight,1,1,53,,0,7,482,1997,0,0,8,,,,,,1,1,21,1,0,0,0,0,99,0,11,0,,,,,0,0,0,3,1,91,0,0,0,92,,,,,,99,,,,,,99019,53,74,190,6,1,0,2,1,8,,1,,,,,,0,06-15-2014,07-15-2018,20,0,0,0,8,9,8,,,0,0,0,8,9,8,95,,,96,,,8,95,995,,,,,,,,,,,,,,,,,,,,,,,,,,,,,,0,0,0,1,0,0,0,0,0,0,0,0,0,0,0,0,1,0,0,0,0,0,0,1,1,0,0,0,0,1,0,1,0,0,0,,0,0,0,0,0,0,0,0,1,0,0,0,0,0,0,0,,,,,,21-25,16-25,City street,U,Thursday,Unknown,PV,Not Fatal,1,0,0,0,City Street,Municipal/City Police,LIBERTY LAKE POLICE DEPT,0,0,0,1,0,,,,,,0,0,0,,,,,,,,,,,,,,,,,,,,,,,,,,,,,,,,,,,