year,something,Cases,repjur,crash_dt,crash_tm,accday,Month,Month,holiday,county,co_char,city,weather,weather2,lightcond,surfcond,surftype,Number of Fatalities,nmforms,pforms,vforms,not_tm,arr_tm,hosp_tm,fhevent,hitrun,Manner of Collision,Manner of Collision,milepnt,reljunc,reljuncinter,intersectiontype,Intersection Type,funcsystem,landuse,ownership,route,schlbus,spejur,contdev,devfunc,trafid1,trafid2,x,y,zipcode,wk_zone,vnumber,crashtype,Crash Type,criticalevent,criticaleventcat,spdlim,body,trailer,emerg,hazcargo,leave,mhevent,roadalgn,roadprof,traflane,trafflow,Vehicle Manure,Vehicle Manure,numoccs,regowner,regstate,,spuse,make,model,modelyr,vrf1,vrf2,seqevent1,seqevent2,seqevent3,seqevent4,seqevent5,seqevent6,pnumber,ptype,age,sex,hispanic,race,injury,diedscene,restraint,restraintmisuse,seatpos,takehosp,death_dt,death_tm,cert,cernum_wa,commlic,licendor,licrestrict,liccomp,drivpres,drf1,drf2,drf3,drf4,distract1,distract2,distract3,distract4,distract5,distract6,dricond1,dricond2,dricond3,dricond4,dricond5,dricond6,dzip,licstate,drhgt_in,weight,noncdl,noncdltype,prevdwi,prevoth,prevacc,prevspd,prevsus,driviol1,driviol2,driviol3,driviol4,driviol5,driviol6,spdrel,first_dt,last_dt,airbag,ejection,ejectpath,extricat,injurwrk,methalc,methdrug,nmlocat,strikveh,prf1,prf2,prf3,druginv,alcinvol,drugsts,drugres1,drugres2,drugres3,drugtst1,drugtst2,drugtst3,alcsts,alctst,alcres,nmact1,nmact2,nmact3,nmact4,nmact5,nmact6,nmprior1,nmprior2,nmprior3,nmprior4,nmprior5,nmprior6,nmcond1,nmcond2,nmcond3,nmcond4,nmcond5,nmcond6,nmsafe_helmet,nmsafe_pads,nmsafe_oth,nmprev_ref,nmprev_lgt,nmprev_oth,crashlocation,nmcrashtype,crosswalk,schoolzone,sidewalk,train_inv,wildlife_inv,rotr_fars,intersect_fars,Drink and Drive,aid_inv,Drug Positive Drivers,Impaired Drivers,Marijuana Positive,impnm_inv,ainm_inv,dpnm_inv,speed_inv,unlic_inv,unendmc_inv,drowsy_inv,drdist_inv,nmdist_inv,fty_inv,unrestfat_inv,dr1617_inv,dr1820_inv,dr1620_inv,dr2125_inv,dr1625_inv,dr65_inv,dr70_inv,dr75_inv,mc_inv,pv_inv,ht_inv,ped_inv,bike_inv,unrest_fat,mc_fat,unhelmet_mc,pv_fat,ht_fat,ped_fat,bike_fat,dr_alc7,dr_alc8,dr_drug,dr_imp,dr_dist,dr_spd,dr_fty,dr_unlic,dr_alc7only,dr_alc8only,dr_drugonly,dr_drink,nm_imp,nm_alc7,nm_alc8,nm_drug,nm_dist,agegrp1,agegrp2,roadclass,urbrur,dayweek,restuse,vehtype,race_me,intersect,lanedep,oppdir,wrongway,rep_typ,investag,repag_long,rotr,st_rd,cty_rd,city_rd,oth_rd,drug_thc,thc_res,drug_cthc,cthc_res,drug_cann,prevpersemin,prevperse,prevsusoth,drugtst4,drugtst5,drugtst6,drugtst7,drugtst8,drugres4,drugres5,drugres6,drugres7,drugres8,adspresent,adsengaged,adslevel,race1,race2,race3,race4,race5,helmet,helmetmisuse,nmdistract1,nmdistract2,nmdistract3,nmdistract4,nmdistract5,nmdistract6,lab,isedtcase,crf1,crf2,crf3,CoRoadName,CoMP,IntCoRoadName,IntCoMP
2020,378,635120,146,09-23-2020,07:58,23,9,Sep,,77,Yakima,0,1,,1,1,2,1,0,1,1,07:58,08:06,,38,0,0,No vehicle,1.4,1,0,1,No intersection,6,1,2,4,0,0,0,0,CR-WANETA RD,,-119.9783778,46.28474167,98930,0,1,6,Drive off road,12,2,50,34,0,0,1,2,38,1,2,2,1,1,Going Straight,1,1,53,,0,52,47,2018,0,0,8,63,38,,,,1,1,25,2,0,0,0,0,3,0,11,0,,,,,0,0,3,3,1,0,0,0,0,96,,,,,,0,,,,,,92612,6,63,110,6,1,0,0,0,0,,0,,,,,,0,,,8,0,0,0,8,9,2,,,0,0,0,0,0,8,95,,,96,,,8,95,995,,,,,,,,,,,,,,,,,,,,,,,,,,,,,,0,0,0,0,0,0,0,0,0,1,0,1,0,0,0,0,0,0,0,0,0,0,0,1,1,0,0,0,0,1,0,1,0,0,0,,0,0,0,0,0,0,0,0,0,0,0,0,0,0,0,0,,,,,,21-25,16-25,Interstate,R,Thursday,Belt Used,PV,Not Fatal,0,0,0,0,State Route,State Patrol,Washington State Patrol,0,1,0,0,0,,,,,,0,0,0,,,,,,,,,,,,,,,,,,,,,,,,,,,,,,,,,,,
2019,378,634418,1,10-27-2019,06:15,27,10,Oct,,5,Benton,1850,1,0,2,1,2,1,1,1,1,,,,8,0,0,No vehicle,35.9,1,0,1,No intersection,3,2,1,3,0,0,0,0,SR-240,,-119.2446056,46.23943056,99352,0,1,13,Pedestrian/Animal,80,5,55,4,0,0,1,7,8,1,1,3,3,1,Going Straight,1,1,53,,0,12,481,1966,0,0,68,64,59,67,35,,1,1,54,2,7,1,4,7,20,0,11,0,10/22/2018,09:50,53046382,46382,0,0,0,0,1,0,0,0,0,96,,,,,,1,,,,,,98840,53,64,195,2,1,0,0,1,0,,0,,,,,,0,12-15-2016,12-15-2016,20,0,0,0,0,9,8,,,0,0,0,8,9,2,1,,,1,,,2,1,0,,,,,,,,,,,,,,,,,,,,,,,,,,,,,,0,0,1,0,0,0,0,0,0,0,0,0,0,1,0,0,0,0,0,1,0,0,0,0,0,0,0,0,0,1,0,0,0,1,0,,1,0,0,0,0,0,0,0,0,0,0,1,0,0,0,0,,,,,,51-55,46-55,County road,R,Monday,Not Used,PV,White,0,1,0,0,County Road,County Sheriff,Okanogan County Sheriff's Office,1,0,1,0,0,,,,,,0,0,0,,,,,,,,,,,,,,,,,,,,,,,,,,,,,,,,,,,
2018,378,633635,16,10-18-2018,16:42,18,10,Oct,0,15,Cowlitz,0,1,0,1,1,2,1,0,1,1,,,,1,0,0,No vehicle,0.4,1,0,1,No intersection,6,1,2,4,0,0,98,3,CR-POWELL RD,,-122.8989194,46.27545833,98611,1,1,98,Others,6,1,25,80,0,0,1,7,1,4,1,2,1,14,Making a U turn,1,2,53,,0,63,34,2008,0,0,12,,,,,,1,1,21,2,7,1,4,7,3,0,11,0,10/27/2018,04:05,53047276,47276,0,0,0,3,1,0,0,0,0,96,,,,,,0,,,,,,83815,16,64,112,6,1,0,0,0,1,,0,,,,,,0,02-15-2017,02-15-2017,1,0,0,0,0,9,8,,,0,0,0,8,0,2,605,695,,1,1,,2,1,0,,,,,,,,,,,,,,,,,,,,,,,,,,,,,,0,0,0,0,1,0,1,1,1,0,0,0,0,0,0,0,0,0,0,0,0,0,0,1,1,0,0,0,0,1,1,0,0,0,0,,1,0,0,0,0,0,1,1,0,0,0,0,0,0,1,0,,,,,,21-25,16-25,US highway,U,Saturday,Belt Used,PV,White,0,1,1,0,State Route,State Patrol,Washington State Patrol,0,1,0,0,0,thc,23,carboxy-thc,888,,0,0,0,,,,,,,,,,,,,,,,,,,,,,,,,,,,,,,,,,,
2017,378,632879,6,09-18-2017,15:10,18,9,Sep,0,37,Kittitas,0,1,0,1,1,1,1,0,6,3,15:11,15:40,,12,0,1,Front-to-Rear,80.8,1,0,1,No intersection,1,1,1,1,0,0,0,0,I-90,,-120.9712583,47.19186667,98922,0,3,98,Others,50,3,70,66,1,0,1,2,12,1,1,2,3,1,Going Straight,2,1,53,,0,12,880,2008,0,0,68,12,,,,,1,1,41,1,0,0,2,0,3,0,11,5,,,,,0,0,0,3,1,28,0,0,0,96,,,,,,9,,,,,,99003,53,67,165,6,1,0,0,0,0,,1,,,,,,0,,,8,0,0,0,8,9,8,,,0,0,0,8,1,8,95,,,96,,,8,95,995,,,,,,,,,,,,,,,,,,,,,,,,,,,,,,0,0,0,0,1,0,1,1,1,0,0,0,0,0,0,0,0,0,0,0,0,0,0,1,1,0,0,0,0,1,1,0,0,0,0,,0,0,0,0,0,0,0,0,0,0,0,0,0,0,0,1,,,,,,41-45,36-45,US highway,U,Saturday,Belt Used,MHTRUCK,Not Fatal,0,1,1,0,State Route,State Patrol,Washington State Patrol,0,1,0,0,0,,,,,,0,0,0,,,,,,,,,,,,,,,,,,,,,,,,,,,,,,,,,,,
2017,378,632878,6,09-18-2017,15:10,18,9,Sep,0,37,Kittitas,0,1,0,1,1,1,1,0,6,3,15:11,15:40,,12,0,1,Front-to-Rear,80.8,1,0,1,No intersection,1,1,1,1,0,0,0,0,I-90,,-120.9712583,47.19186667,98922,0,2,28,Others,50,3,70,4,0,0,1,5,12,1,1,2,3,1,Going Straight,2,2,53,,0,7,26,2013,0,0,12,,,,,,1,1,55,1,7,1,4,7,3,0,11,0,10-10-2018,21:13,53045954,45954,0,0,0,3,1,0,0,0,0,96,,,,,,99,,,,,,98258,53,67,248,6,1,0,0,0,0,,0,,,,,,0,,,8,0,0,0,0,9,8,,,0,0,0,8,9,2,1,,,1,,,2,1,0,,,,,,,,,,,,,,,,,,,,,,,,,,,,,,0,0,0,1,0,0,1,1,0,0,0,0,1,0,0,0,0,0,0,0,0,1,1,0,1,0,0,0,0,1,0,0,0,0,0,,1,0,0,0,0,0,0,0,0,0,0,0,0,0,0,0,,,,,,51-55,46-55,State route,U,Wednesday,Belt Used,PV,White,1,0,0,0,State Route,State Patrol,Washington State Patrol,0,1,0,0,0,,,,,,0,0,0,,,,,,,,,,,,,,,,,,,,,,,,,,,,,,,,,,,
2017,379,632853,4,09-18-2017,21:24,18,9,Sep,0,63,Spokane,2110,1,0,3,1,2,1,0,2,2,,,,12,0,1,Front-to-Rear,281.9,1,0,1,No intersection,1,2,1,1,0,0,0,0,I-90,,-117.370875,47.65403056,99202,1,1,20,Others,50,3,60,4,0,0,1,2,12,1,1,8,3,1,Going Straight,1,3,5,,0,37,32,1996,0,0,12,68,64,59,,,1,1,20,1,7,1,4,0,99,0,11,5,10-10-2018,21:17,53045954,45954,0,0,0,3,1,39,0,0,0,96,,,,,,99,,,,,,98271,53,71,205,6,1,0,2,0,1,,0,,,,,,4,05-15-2017,09-15-2018,8,0,0,0,0,9,8,,,0,0,0,8,9,2,401,417,704,1,1,1,2,1,0,,,,,,,,,,,,,,,,,,,,,,,,,,,,,,0,0,0,1,0,0,1,1,0,0,0,0,1,0,0,0,0,0,0,0,0,1,1,0,1,0,0,0,0,1,0,0,0,0,0,,1,0,0,0,0,0,1,1,0,1,0,0,0,0,1,0,,,,,,18-20,16-25,State route,U,Wednesday,Unknown,PV,White,1,0,0,0,State Route,State Patrol,Washington State Patrol,0,1,0,0,0,,,,,,0,0,0,,,,,,,,,,,,,,,,,,,,,,,,,,,,,,,,,,,
2017,379,632854,4,09-18-2017,21:24,18,9,Sep,0,63,Spokane,2110,1,0,3,1,2,1,0,2,2,,,,12,0,1,Front-to-Rear,281.9,1,0,1,No intersection,1,2,1,1,0,0,0,0,I-90,,-117.370875,47.65403056,99202,1,2,21,Others,53,3,60,66,1,0,1,5,12,1,1,8,3,5,Others,1,3,17,,0,12,23,2012,0,0,14,,,,,,1,1,36,1,0,0,3,0,3,0,11,4,,,,,0,0,3,3,1,51,0,0,0,96,,,,,,9,,,,,,98444,53,71,150,6,1,0,0,0,0,,97,,,,,,4,,,8,0,0,0,8,1,8,,,0,0,0,8,1,2,1,,,1,,,2,1,0.26,,,,,,,,,,,,,,,,,,,,,,,,,,,,,,0,0,0,0,1,1,0,1,0,0,0,0,1,0,0,0,0,0,0,0,0,0,0,0,0,0,0,0,0,1,0,0,0,0,0,,0,0,0,0,0,1,0,1,0,1,0,0,0,1,0,1,,,,,,36-40,36-45,Interstate,U,Saturday,Belt Used,PV,Not Fatal,0,0,0,1,State Route,State Patrol,Washington State Patrol,0,1,0,0,0,,,,,,0,0,0,,,,,,,,,,,,,,,,,,,,,,,,,,,,,,,,,,,
2020,379,635122,4,09-25-2020,19:38,25,9,Sep,,63,Spokane,0,2,,3,2,2,1,0,4,2,19:38,19:52,20:41,12,0,6,Angle,291.8,2,0,2,4 Way,2,2,1,2,0,0,0,0,US-2,COLBERT RD,-117.3475306,47.82440278,99005,0,2,86,Others,66,4,60,34,0,0,1,2,12,1,1,3,2,1,Going Straight,1,1,53,,0,52,402,2005,0,0,64,1,42,,,,1,1,21,2,7,1,4,7,20,0,11,0,10/23/2018,09:45,53050684,50684,0,0,0,0,1,37,0,0,0,96,,,,,,99,,,,,,97838,41,,999,0,0,99,99,99,99,,0,,,,,,4,,,8,1,9,0,0,9,8,,,0,0,0,8,9,2,996,401,417,1,1,1,2,1,0,,,,,,,,,,,,,,,,,,,,,,,,,,,,,,0,0,1,0,0,0,1,1,1,0,0,0,1,1,0,0,0,0,0,1,0,0,0,1,1,0,0,0,0,1,0,0,0,1,0,,1,0,0,0,0,0,1,1,0,1,0,1,0,0,1,0,,,,,,21-25,16-25,Interstate,U,Tuesday,Not Used,PV,White,0,1,0,0,State Route,State Patrol,Washington State Patrol Headquarter,1,1,0,0,0,thc,0.96,,,,99,99,99,1,,,,,605,,,,,,,,,,,,,,,,,,,,,,,,,,,,,
2020,379,635121,4,09-25-2020,19:38,25,9,Sep,,63,Spokane,0,2,,3,2,2,1,0,4,2,19:38,19:52,20:41,12,0,6,Angle,291.8,2,0,2,4 Way,2,2,1,2,0,0,21,3,US-2,COLBERT RD,-117.3475306,47.82440278,99005,0,1,87,Others,17,2,98,14,0,0,1,2,12,1,1,3,2,1,Going Straight,3,1,53,,0,53,706,2003,0,0,1,68,64,24,,,1,1,32,1,7,1,4,7,19,0,11,0,10/18/2018,16:42,53045935,45935,0,0,0,3,1,0,0,0,0,93,,,,,,99,,,,,,98611,53,72,240,6,1,0,5,0,1,,0,,,,,,4,10-15-2013,07-15-2017,20,8,0,0,0,9,8,,,0,0,0,8,9,2,605,695,996,1,1,1,2,1,0,,,,,,,,,,,,,,,,,,,,,,,,,,,,,,0,0,0,0,0,0,1,1,1,0,0,0,1,0,0,0,1,0,0,0,0,0,0,0,0,0,0,0,1,0,0,0,0,0,1,0,0,0,0,0,0,0,1,1,1,1,0,0,0,0,1,0,,,,,,31-35,26-35,County road,R,Thursday,,MC,White,0,0,0,0,County Road,County Sheriff,Cowlitz County Sheriff's Office,0,0,1,0,0,thc,7.6,carboxy-thc,7.5,,0,0,0,1,1,1,,,996,996,996,,,,,,,,,,,,,,,,,,,,,,,,,,,
2019,379,634422,2,10-20-2019,10:26,20,10,Oct,,57,Skagit,0,2,0,1,2,2,1,0,3,3,,,,57,0,0,No vehicle,231.8,1,0,1,No intersection,1,1,1,1,0,0,0,0,I-5,,-122.3353111,48.49469722,98233,0,3,98,Others,98,7,70,4,0,0,1,7,12,1,1,2,3,1,Going Straight,1,1,53,,0,12,401,2003,0,0,8,,,,,,1,1,23,1,0,0,0,0,3,0,11,0,,,,,0,0,0,3,1,0,0,0,0,96,,,,,,0,,,,,,98409,53,74,175,6,1,0,0,1,1,,0,,,,,,0,04-15-2014,10-15-2016,20,0,0,0,8,9,8,,,0,0,0,8,0,0,0,,,0,,,0,0,996,,,,,,,,,,,,,,,,,,,,,,,,,,,,,,0,0,0,0,0,0,0,0,0,1,1,0,0,0,0,0,0,0,0,0,0,0,0,1,1,0,0,0,0,1,0,1,0,0,0,,0,0,0,0,0,0,0,0,0,0,0,0,0,0,0,0,,,,,,21-25,16-25,City street,U,Friday,Belt Used,PV,Not Fatal,0,0,0,0,City Street,Municipal/City Police,Tacoma Police Department,0,0,0,1,0,,,,,,0,0,0,,,,,,,,,,,,,,,,,,,,,,,,,,,,,,,,,,,
2019,379,634421,2,10-20-2019,10:26,20,10,Oct,,57,Skagit,0,2,0,1,2,2,1,0,3,3,,,,57,0,0,No vehicle,231.8,1,0,1,No intersection,1,1,1,1,0,0,0,0,I-5,,-122.3353111,48.49469722,98233,0,2,98,Others,62,4,70,34,0,0,1,7,12,1,1,2,3,1,Going Straight,1,1,53,,0,37,31,1999,0,0,12,,,,,,1,1,27,1,0,0,0,0,3,0,11,0,,,,,0,0,0,3,1,0,0,0,0,96,,,,,,0,,,,,,98208,53,73,200,6,1,0,0,1,0,,0,,,,,,0,07-15-2018,07-15-2018,20,0,0,0,8,9,8,,,0,0,0,8,0,8,95,,,96,,,8,95,995,,,,,,,,,,,,,,,,,,,,,,,,,,,,,,0,0,0,0,0,0,0,0,0,0,0,0,1,0,0,0,0,0,0,0,0,1,1,0,1,0,0,0,1,1,0,0,0,0,0,,0,0,0,0,0,0,0,0,0,0,0,0,0,0,0,0,,,,,,26-30,26-35,State route,U,Sunday,Belt Used,PV,Not Fatal,0,0,0,0,State Route,Municipal/City Police,Everett Police Department,0,1,0,0,0,,,,,,0,0,0,,,,,,,,,,,,,,,,,,,,,,,,,,,,,,,,,,,
2019,379,634420,2,10-20-2019,10:26,20,10,Oct,,57,Skagit,0,2,0,1,2,2,1,0,3,3,,,,57,0,0,No vehicle,231.8,1,0,1,No intersection,1,1,1,1,0,0,0,0,I-5,,-122.3353111,48.49469722,98233,0,1,6,Drive off road,12,2,70,34,0,0,1,7,1,1,1,2,3,1,Going Straight,1,1,53,,0,53,706,2004,0,0,12,63,40,42,,,1,1,19,1,7,1,4,7,5,0,11,0,10/14/2018,18:53,69053045056,45056,0,0,0,3,1,0,0,0,0,96,,,,,,99,,,,,,98204,53,76,170,6,1,0,2,2,1,,0,,,,,,4,03-15-2016,07-15-2016,20,8,0,0,0,9,8,,,0,0,0,8,9,2,1,,,1,,,2,1,0,,,,,,,,,,,,,,,,,,,,,,,,,,,,,,0,0,0,0,0,0,0,0,0,0,0,0,1,0,0,0,0,0,0,0,0,1,1,0,1,0,0,0,1,1,0,0,0,0,1,0,0,0,0,0,0,0,0,0,0,1,0,0,0,0,0,0,,,,,,18-20,16-25,State route,U,Sunday,,MC,White,0,0,0,0,State Route,Municipal/City Police,Everett Police Department,0,1,0,0,0,,,,,,0,0,1,,,,,,,,,,,,,,,,,,,,,,,,,,,,,,,,,,,
2018,379,633589,169,09-27-2018,13:30,27,9,Sep,0,67,Thurston,1102,1,0,1,1,2,1,0,4,2,,,,12,0,6,Angle,0,2,0,2,4 Way,7,2,4,6,0,0,0,0,COLLEGE ST SE,BELAIR DR SE,-122.8231944,47.02075,98503,0,1,68,Initial Opposite Direction(Left/Right),15,2,35,14,0,0,1,5,12,1,1,4,1,11,Turning Red: Permitted on red,2,1,53,,0,49,482,2016,0,0,64,65,64,42,,,1,1,39,1,7,1,4,7,3,0,11,0,10-08-2018,20:33,53044441,44441,0,0,0,3,1,0,0,0,0,96,,,,,,99,,,,,,98040,53,79,265,6,1,0,0,1,0,,0,,,,,,0,05-15-2017,05-15-2017,8,0,0,0,0,9,8,,,0,0,0,8,9,2,1,,,1,,,2,1,0,,,,,,,,,,,,,,,,,,,,,,,,,,,,,,0,0,1,0,0,0,0,0,0,0,0,0,0,0,0,0,0,0,0,0,0,0,0,0,0,0,0,0,0,1,0,0,0,0,0,,1,0,0,0,0,0,0,0,0,0,0,0,0,0,0,0,,,,,,36-40,36-45,Interstate,R,Monday,Belt Used,PV,White,0,1,0,0,State Route,State Patrol,Washington State Patrol,1,1,0,0,0,,,,,,0,0,0,,,,,,,,,,,,,,,,,,,,,,,,,,,,,,,,,,,
2021,379,635935,35,09-28-2021,06:27,28,9,Sep,,53,Pierce,0,10,,4,2,8,1,1,2,2,,,,8,1,0,No vehicle,1.8,1,0,1,No intersection,4,2,2,4,0,0,97,8,CR-200TH ST E,,-122.3733972,47.075025,98387,0,2,98,Others,80,5,35,98,0,0,1,5,8,1,1,2,1,1,Going Straight,99,9,99,,0,55,35,2001,0,0,64,25,69,63,31,1,1,1,26,1,7,1,4,0,3,0,11,4,10-02-2018,17:44,1.59E+11,43568,0,0,0,3,1,0,0,0,0,96,,,,,,99,,,,,,98531,53,73,185,6,1,0,5,0,9,,0,,,,,,4,01-15-2014,05-15-2018,20,0,0,0,0,9,8,,,0,0,0,8,9,2,605,695,,1,1,,2,1,0.18,,,,,,,,,,,,,,,,,,,,,,,,,,,,,,0,0,1,0,1,1,1,1,1,0,0,0,1,0,0,0,0,0,0,0,0,0,0,0,0,0,0,0,0,1,0,0,0,0,0,,1,0,0,0,0,1,1,1,0,1,0,0,0,0,0,1,,,,,,26-30,26-35,Interstate,U,Tuesday,Belt Used,PV,White,0,1,0,0,State Route,State Patrol,Washington State Patrol,1,1,0,0,0,thc,10,carboxy-thc,48,,0,0,0,,,,,,,,,,,,,,,,,,,,,,,,,,,,,,,,,,,
2021,379,635934,35,09-28-2021,06:27,28,9,Sep,,53,Pierce,0,10,,4,2,2,1,1,2,2,,,,8,0,0,No vehicle,1.8,1,0,1,No intersection,4,2,2,4,0,0,0,0,CR-200TH ST E,,-122.3733972,47.075025,98387,0,1,13,Pedestrian/Animal,80,5,35,99,0,0,1,5,8,1,1,2,1,1,Going Straight,1,9,99,,0,99,999,9999,0,0,8,,,,,,1,1,998,8,0,0,9,0,99,0,11,8,,,,,99,9,9,9,1,0,0,0,0,96,,,,,,99,,,,,,99999,99,,999,9,9,99,99,99,99,,0,,,,,,0,,,99,9,0,0,8,9,8,,,0,0,0,8,9,8,95,,,96,,,8,95,995,,,,,,,,,,,,,,,,,,,,,,,,,,,,,,0,0,0,0,0,0,0,0,0,0,0,0,0,0,0,0,0,0,0,0,0,0,0,0,0,0,0,0,0,0,0,1,0,0,0,,0,0,0,0,0,0,0,0,0,0,0,0,0,0,0,0,,,,,,,,City street,U,Friday,,NR-U,Not Fatal,0,0,0,0,City Street,Municipal/City Police,Walla Walla Police Department,0,0,0,1,0,,,,,,99,99,99,,,,,,,,,,,,,,,,,,,,,,,,,,,,,,,,,,,
2018,379,633590,169,09-27-2018,13:30,27,9,Sep,0,67,Thurston,1102,1,0,1,1,2,1,0,4,2,,,,12,0,6,Angle,0,2,0,2,4 Way,7,2,4,6,0,0,0,0,COLLEGE ST SE,BELAIR DR SE,-122.8231944,47.02075,98503,0,2,69,Initial Opposite Direction(Going Straight),62,4,35,34,0,0,1,5,12,1,1,4,1,1,Going Straight,2,9,99,,0,49,472,1996,0,0,64,25,1,30,,,1,1,22,1,7,78,4,7,20,0,11,0,10/14/2018,21:18,2.37E+11,45676,0,0,0,2,1,0,0,0,0,96,,,,,,9,,,,,,98662,53,71,150,1,1,1,2,1,2,,0,,,,,,4,04-15-2018,09-15-2018,1,0,0,0,0,1,8,,,0,0,0,8,1,2,300,,,1,,,2,1,0.16,,,,,,,,,,,,,,,,,,,,,,,,,,,,,,0,0,1,0,1,1,1,1,0,0,0,0,1,1,0,0,0,0,0,1,0,0,0,1,1,0,0,0,0,1,0,0,0,1,0,,1,0,0,0,0,1,1,1,0,1,0,1,0,0,0,1,,,,,,21-25,16-25,Interstate,U,Sunday,Not Used,PV,API,0,1,0,0,State Route,State Patrol,Washington State Patrol,1,1,0,0,0,,,,,,0,1,3,,,,,,,,,,,,,,,,,,,,,,,,,,,,,,,,,,,
2020,380,3834597,263,09-19-2020,15:37,19,9,Sep,,33,King,1960,1,,1,1,2,1,1,1,1,15:38,15:44,16:02,8,0,0,No vehicle,0,1,0,1,No intersection,7,2,4,6,0,0,0,0,28TH AVE S,,-122.2968806,47.542825,98108,0,1,13,Pedestrian/Animal,80,5,25,4,0,0,1,5,8,1,2,2,1,1,Going Straight,1,1,53,,0,12,481,1980,0,0,5,,,,,,1,1,22,1,0,0,0,0,3,0,11,0,,,,,0,0,0,3,1,0,0,0,0,96,,,,,,0,,,,,,98802,53,64,130,6,1,0,0,0,0,,97,,,,,,0,,,20,0,0,0,8,9,8,,,0,0,0,8,0,2,1,,,1,,,2,1,0,,,,,,,,,,,,,,,,,,,,,,,,,,,,,,0,0,0,0,0,0,0,0,0,0,0,0,0,0,0,0,0,0,0,1,0,0,0,1,1,0,0,0,0,1,0,0,0,0,0,,0,0,0,0,0,0,0,0,0,0,0,0,0,0,0,0,,,,,,21-25,16-25,State route,U,Monday,Belt Used,PV,Not Fatal,0,0,0,0,State Route,Municipal/City Police,Wenatchee Police Department,0,1,0,0,0,,,,,,0,0,0,,,,,,,,,,,,,,,,,,,,,,,,,,,,,,,,,,,
2021,380,635936,13,09-18-2021,03:00,18,9,Sep,,9,Clallam,0,2,,2,2,2,3,0,5,1,,,,42,0,0,No vehicle,9999.8,1,0,1,No intersection,7,1,64,8,0,0,0,0,SITKUM SOLDUC RD,,-124.3017889,47.96591389,,0,1,6,Drive off road,12,2,98,34,0,0,1,2,42,2,2,8,1,14,Making a U turn,5,2,53,,0,12,481,1992,0,0,12,63,24,,,,1,1,35,1,0,0,1,0,3,0,11,4,,,,,0,0,0,3,1,0,0,0,0,96,,,,,,0,,,,,,98362,53,69,158,6,1,0,0,0,0,,0,,,,,,0,,,20,0,0,0,8,9,8,,,0,0,0,8,0,8,95,,,96,,,8,95,995,,,,,,,,,,,,,,,,,,,,,,,,,,,,,,0,0,0,0,0,0,0,0,0,0,0,0,1,0,0,0,0,0,0,0,0,0,0,1,1,0,0,0,0,1,0,0,0,0,0,,0,0,0,0,0,0,0,0,0,0,0,0,0,0,0,0,,,,,,31-35,26-35,State route,R,Monday,Belt Used,PV,Not Fatal,0,1,1,0,State Route,State Patrol,Washington State Patrol,0,1,0,0,0,,,,,,0,0,0,,,,,,,,,,,,,,,,,,,,,,,,,,,,,,,,,,,
2019,380,634417,6,10-22-2019,09:31,22,10,Oct,,47,Okanogan,0,1,0,1,1,2,1,0,3,2,,,,12,0,2,Front-to-Front,250.3,1,0,1,No intersection,3,1,1,2,0,3,0,0,US-97,,-119.6844167,48.104625,98812,0,2,51,Lateral Move(Going Straight),62,4,60,14,0,0,1,7,12,2,2,3,1,14,Making a U turn,1,1,53,,0,37,31,2004,0,0,68,12,,,,,1,1,25,2,7,1,4,7,3,0,11,0,10-01-2018,16:55,53042774,42774,0,0,3,3,1,28,0,0,0,96,,,,,,0,,,,,,98376,53,62,100,6,1,0,0,1,3,,0,,,,,,4,07-15-2014,03-15-2017,99,0,0,0,0,9,8,,,0,0,0,8,0,2,1,,,1,,,2,1,0,,,,,,,,,,,,,,,,,,,,,,,,,,,,,,0,0,0,0,0,0,0,0,0,0,0,0,1,0,0,0,0,0,0,0,0,0,0,1,1,0,0,0,0,1,0,0,0,0,0,,1,0,0,0,0,0,0,0,0,1,0,0,0,0,0,0,,,,,,21-25,16-25,State route,R,Monday,Belt Used,PV,White,0,1,1,0,State Route,State Patrol,Washington State Patrol,0,1,0,0,0,,,,,,0,0,0,,,,,,,,,,,,,,,,,,,,,,,,,,,,,,,,,,,
2019,380,634416,6,10-22-2019,09:31,22,10,Oct,,47,Okanogan,0,1,0,1,1,2,1,0,3,2,,,,12,0,2,Front-to-Front,250.3,1,0,1,No intersection,3,1,1,2,0,3,0,0,US-97,,-119.6844167,48.104625,98812,0,1,50,Lateral Move(Left/Right),10,2,60,15,0,0,1,7,12,3,2,3,1,6,Others,2,2,53,,0,12,471,2006,0,0,8,,,,,,1,1,61,2,0,0,0,0,3,0,11,0,,,,,0,0,3,3,1,0,0,0,0,96,,,,,,99,,,,,,98546,53,65,150,6,1,0,0,0,0,,97,,,,,,0,,,20,0,0,0,8,9,8,,,0,0,0,8,1,8,95,,,96,,,8,95,995,,,,,,,,,,,,,,,,,,,,,,,,,,,,,,0,0,0,0,1,0,0,0,0,0,0,0,0,0,0,0,0,0,0,0,0,0,0,0,0,0,0,0,0,1,0,1,0,0,0,,0,0,0,0,0,0,0,0,0,0,0,0,0,0,0,1,,,,,,61-65,56-65,State route,R,Monday,Belt Used,PV,Not Fatal,0,0,0,0,State Route,State Patrol,Washington State Patrol,0,1,0,0,0,,,,,,0,0,0,,,,,,,,,,,,,,,,,,,,,,,,,,,,,,,,,,,