year,something,Cases,repjur,crash_dt,crash_tm,accday,Month,Month,holiday,county,co_char,city,weather,weather2,lightcond,surfcond,surftype,Number of Fatalities,nmforms,pforms,vforms,not_tm,arr_tm,hosp_tm,fhevent,hitrun,Manner of Collision,Manner of Collision,milepnt,reljunc,reljuncinter,intersectiontype,Intersection Type,funcsystem,landuse,ownership,route,schlbus,spejur,contdev,devfunc,trafid1,trafid2,x,y,zipcode,wk_zone,vnumber,crashtype,Crash Type,criticalevent,criticaleventcat,spdlim,body,trailer,emerg,hazcargo,leave,mhevent,roadalgn,roadprof,traflane,trafflow,Vehicle Manure,Vehicle Manure,numoccs,regowner,regstate,,spuse,make,model,modelyr,vrf1,vrf2,seqevent1,seqevent2,seqevent3,seqevent4,seqevent5,seqevent6,pnumber,ptype,age,sex,hispanic,race,injury,diedscene,restraint,restraintmisuse,seatpos,takehosp,death_dt,death_tm,cert,cernum_wa,commlic,licendor,licrestrict,liccomp,drivpres,drf1,drf2,drf3,drf4,distract1,distract2,distract3,distract4,distract5,distract6,dricond1,dricond2,dricond3,dricond4,dricond5,dricond6,dzip,licstate,drhgt_in,weight,noncdl,noncdltype,prevdwi,prevoth,prevacc,prevspd,prevsus,driviol1,driviol2,driviol3,driviol4,driviol5,driviol6,spdrel,first_dt,last_dt,airbag,ejection,ejectpath,extricat,injurwrk,methalc,methdrug,nmlocat,strikveh,prf1,prf2,prf3,druginv,alcinvol,drugsts,drugres1,drugres2,drugres3,drugtst1,drugtst2,drugtst3,alcsts,alctst,alcres,nmact1,nmact2,nmact3,nmact4,nmact5,nmact6,nmprior1,nmprior2,nmprior3,nmprior4,nmprior5,nmprior6,nmcond1,nmcond2,nmcond3,nmcond4,nmcond5,nmcond6,nmsafe_helmet,nmsafe_pads,nmsafe_oth,nmprev_ref,nmprev_lgt,nmprev_oth,crashlocation,nmcrashtype,crosswalk,schoolzone,sidewalk,train_inv,wildlife_inv,rotr_fars,intersect_fars,Drink and Drive,aid_inv,Drug Positive Drivers,Impaired Drivers,Marijuana Positive,impnm_inv,ainm_inv,dpnm_inv,speed_inv,unlic_inv,unendmc_inv,drowsy_inv,drdist_inv,nmdist_inv,fty_inv,unrestfat_inv,dr1617_inv,dr1820_inv,dr1620_inv,dr2125_inv,dr1625_inv,dr65_inv,dr70_inv,dr75_inv,mc_inv,pv_inv,ht_inv,ped_inv,bike_inv,unrest_fat,mc_fat,unhelmet_mc,pv_fat,ht_fat,ped_fat,bike_fat,dr_alc7,dr_alc8,dr_drug,dr_imp,dr_dist,dr_spd,dr_fty,dr_unlic,dr_alc7only,dr_alc8only,dr_drugonly,dr_drink,nm_imp,nm_alc7,nm_alc8,nm_drug,nm_dist,agegrp1,agegrp2,roadclass,urbrur,dayweek,restuse,vehtype,race_me,intersect,lanedep,oppdir,wrongway,rep_typ,investag,repag_long,rotr,st_rd,cty_rd,city_rd,oth_rd,drug_thc,thc_res,drug_cthc,cthc_res,drug_cann,prevpersemin,prevperse,prevsusoth,drugtst4,drugtst5,drugtst6,drugtst7,drugtst8,drugres4,drugres5,drugres6,drugres7,drugres8,adspresent,adsengaged,adslevel,race1,race2,race3,race4,race5,helmet,helmetmisuse,nmdistract1,nmdistract2,nmdistract3,nmdistract4,nmdistract5,nmdistract6,lab,isedtcase,crf1,crf2,crf3,CoRoadName,CoMP,IntCoRoadName,IntCoMP
2018,380,633391,25,07-13-2018,10:57,13,7,July,0,33,King,0,1,0,1,1,2,1,0,2,2,,,,12,0,6,Angle,4,8,0,1,No intersection,4,1,2,4,0,0,0,0,CR-AUBURN-BLACK DIAMOND,SE 321 PL,-122.1118306,47.31292778,98092,0,2,83,Others,72,4,35,4,0,0,1,7,12,8,8,2,1,1,Going Straight,1,1,53,,0,7,482,2017,0,0,12,,,,,,1,1,35,2,0,0,2,0,3,0,11,5,,,,,0,0,0,3,1,0,0,0,0,96,,,,,,0,,,,,,99027,53,67,135,6,1,0,0,0,0,,0,,,,,,0,,,8,0,0,0,8,9,8,,,0,0,0,8,0,8,95,,,96,,,8,95,995,,,,,,,,,,,,,,,,,,,,,,,,,,,,,,0,0,0,0,0,0,1,1,1,0,0,0,0,0,0,0,0,0,0,1,0,0,0,0,0,0,0,0,0,1,0,0,0,0,0,,0,0,0,0,0,0,0,0,0,0,0,0,0,0,0,0,,,,,,31-35,26-35,State route,U,Tuesday,Belt Used,PV,Not Fatal,0,1,1,0,State Route,State Patrol,Washington State Patrol,0,1,0,0,0,,,,,,0,0,0,,,,,,,,,,,,,,,,,,,,,,,,,,,,,,,,,,,
2018,380,633390,25,07-13-2018,10:57,13,7,July,0,33,King,0,1,0,1,0,0,1,0,2,2,,,,12,0,6,Angle,4,8,0,1,No intersection,4,1,2,4,0,0,0,0,CR-AUBURN-BLACK DIAMOND,SE 321 PL,-122.1118306,47.31292778,98092,0,1,82,Turn Into Opp Direction(Turning Left),15,2,0,6,0,0,1,7,12,0,0,0,0,11,Turning Red: Permitted on red,1,2,53,,0,49,472,2012,0,0,68,12,,,,,1,1,26,1,7,1,4,7,20,0,11,0,10/16/2018,17:43,2.11E+11,45340,0,0,3,3,1,28,0,0,0,96,,,,,,99,,,,,,17603,42,72,999,6,1,0,0,0,0,,0,,,,,,0,,,1,0,0,0,0,9,8,,,0,0,0,8,9,2,337,605,695,1,1,1,2,1,0,,,,,,,,,,,,,,,,,,,,,,,,,,,,,,0,0,0,0,0,0,1,1,1,0,0,0,0,0,0,0,0,0,0,1,0,0,0,0,0,0,0,0,0,1,0,0,0,1,0,,1,0,0,0,0,0,1,1,0,0,0,0,0,0,1,0,,,,,,26-30,26-35,State route,U,Tuesday,Not Used,PV,White,0,1,1,0,State Route,State Patrol,Washington State Patrol,0,1,0,0,0,thc,48,carboxy-thc,888,,0,0,0,,,,,,,,,,,,,,,,,,,,,,,,,,,,,,,,,,,
2017,380,632861,1,09-20-2017,21:26,20,9,Sep,0,77,Yakima,0,1,0,2,1,2,1,0,1,1,,,,24,0,0,No vehicle,87.9,1,0,1,No intersection,5,1,1,3,0,0,0,0,SR-410,,-121.0657111,46.94341944,98937,0,1,2,Control/Traction Loss,9,1,55,29,0,0,1,2,1,3,2,2,1,14,Making a U turn,1,2,53,,0,12,481,2017,0,0,63,24,42,,,,1,1,78,1,7,1,4,7,20,0,11,0,10/13/2018,21:23,53045064,45064,6,0,0,3,1,0,0,0,0,96,,,,,,9,,,,,,98328,53,76,225,6,1,0,0,0,0,,0,,,,,,0,,,20,0,0,0,0,1,8,,,0,0,0,8,1,2,1,,,1,,,2,1,0.18,,,,,,,,,,,,,,,,,,,,,,,,,,,,,,0,0,1,0,1,1,0,1,0,0,0,0,0,0,0,0,0,0,0,1,0,0,0,0,0,1,1,1,0,1,0,0,0,1,0,,1,0,0,0,0,1,0,1,0,0,0,0,0,1,0,1,,,,,,76-80,76+,State route,U,Saturday,Not Used,PV,White,0,1,0,0,State Route,State Patrol,Washington State Patrol,1,1,0,0,0,,,,,,0,0,0,,,,,,,,,,,,,,,,,,,,,,,,,,,,,,,,,,,
2020,381,635123,278,10-02-2020,20:29,2,10,Oct,,63,Spokane,2110,1,,3,1,2,1,1,1,1,,,,8,0,0,No vehicle,0,3,0,3,T Intersection,3,2,4,6,0,0,3,3,N MARKET ST,E GARLAND AVE,-117.3650472,47.69342222,99217,0,1,13,Pedestrian/Animal,80,5,98,66,1,0,1,5,8,1,1,4,1,1,Going Straight,1,3,19,,0,76,706,2016,0,0,12,,,,,,1,1,45,1,1,98,4,7,5,0,11,0,10/13/2018,10:54,53045556,45556,0,0,0,3,1,33,38,0,0,93,,,,,,0,,,,,,98639,53,65,165,6,1,0,0,0,0,,0,,,,,,0,,,20,8,0,0,0,9,8,,,0,0,0,8,0,2,1,,,1,,,2,1,0,,,,,,,,,,,,,,,,,,,,,,,,,,,,,,0,0,0,0,0,0,0,0,0,0,0,0,0,0,0,0,1,0,1,0,0,0,0,0,0,1,0,0,1,1,0,0,0,0,1,0,0,0,0,0,0,0,0,0,1,0,1,0,0,0,0,0,,,,,,41-45,36-45,State route,R,Saturday,,MC,Hispanic,0,0,0,0,State Route,State Patrol,WASHINGTON STATE PATROL,0,1,0,0,0,,,,,,0,0,0,,,,,,,,,,,,,,,,,,,,,,,,,,,,,,,,,,,
2021,381,3835994,263,08-08-2021,03:07,8,8,Aug,,33,King,1960,10,,3,2,2,1,0,1,1,,,,25,0,0,No vehicle,26.2,5,1,1,No intersection,2,2,1,3,0,0,0,0,SR-99,,-122.3456944,47.62213056,98109,0,1,7,Control/Traction Loss,12,2,98,3,0,0,1,2,25,2,2,1,6,14,Making a U turn,1,2,53,,0,49,402,2013,0,0,12,,,,,,1,1,69,2,0,0,0,0,3,0,11,0,,,,,0,0,3,3,1,0,0,0,0,96,,,,,,0,,,,,,97019,41,64,185,6,1,0,0,0,0,,0,,,,,,0,,,20,0,0,0,8,9,8,,,0,0,0,8,0,8,95,,,96,,,8,95,995,,,,,,,,,,,,,,,,,,,,,,,,,,,,,,0,0,0,0,0,0,0,0,0,0,0,0,0,0,0,0,1,0,1,0,0,0,0,0,0,1,0,0,1,1,0,0,0,0,0,,0,0,0,0,0,0,0,0,0,0,0,0,0,0,0,0,,,,,,66-70,66-75,State route,R,Saturday,Belt Used,PV,Not Fatal,0,0,0,0,State Route,State Patrol,WASHINGTON STATE PATROL,0,1,0,0,0,,,,,,0,0,0,,,,,,,,,,,,,,,,,,,,,,,,,,,,,,,,,,,
2019,381,634419,146,10-10-2019,00:01,10,10,Oct,,77,Yakima,0,1,0,2,1,4,1,0,2,1,,,,1,1,0,No vehicle,9999.9,1,0,1,No intersection,98,1,50,4,0,3,0,0,CR-SHAKER RD,,-120.6697472,46.38483333,98952,0,1,2,Control/Traction Loss,3,1,50,14,0,0,1,7,1,1,1,2,1,1,Going Straight,2,9,53,,0,49,46,2010,0,0,12,,,,,,1,1,34,1,0,0,1,0,3,0,11,4,,,,,0,0,0,3,1,0,0,0,0,0,,,,,,0,,,,,,98248,53,72,190,6,1,0,0,0,1,,0,,,,,,0,10-15-2013,10-15-2013,20,0,0,0,8,9,8,,,0,0,0,8,0,8,95,,,96,,,8,95,995,,,,,,,,,,,,,,,,,,,,,,,,,,,,,,0,0,0,0,0,0,0,0,0,0,0,0,0,0,0,0,1,0,0,0,0,0,0,0,0,0,0,0,0,1,1,0,0,0,0,,0,0,0,0,0,0,0,0,0,0,0,0,0,0,0,0,,,,,,31-35,26-35,Interstate,R,Wednesday,Belt Used,PV,Not Fatal,0,0,0,0,State Route,State Patrol,Washington State Patrol,0,1,0,0,0,,,,,,0,0,0,,,,,,,,,,,,,,,,,,,,,,,,,,,,,,,,,,,
2018,381,633636,5,10-23-2018,09:45,23,10,Oct,0,11,Clark,0,10,0,1,1,1,1,0,1,1,,,,1,0,0,No vehicle,0.3,1,0,1,No intersection,1,2,1,1,0,0,0,0,I-205,,-122.6560056,45.72683056,98686,0,1,6,Drive off road,6,1,60,14,0,0,1,2,1,1,1,2,3,1,Going Straight,1,5,53,,0,52,47,2015,0,0,12,12,,,,,1,1,31,2,0,0,0,0,3,0,11,0,,,,,0,0,0,3,1,0,0,0,0,96,,,,,,0,,,,,,98264,53,65,220,6,1,0,0,0,2,,0,,,,,,0,11-15-2015,10-15-2017,1,0,0,0,8,9,8,,,0,0,0,8,0,8,95,,,96,,,8,95,995,,,,,,,,,,,,,,,,,,,,,,,,,,,,,,0,0,0,0,0,0,0,0,0,0,0,0,0,0,0,0,1,0,0,0,0,0,0,0,0,0,0,0,0,1,1,0,0,0,0,,0,0,0,0,0,0,0,0,0,0,0,0,0,0,0,0,,,,,,31-35,26-35,Interstate,R,Wednesday,Belt Used,PV,Not Fatal,0,0,0,0,State Route,State Patrol,Washington State Patrol,0,1,0,0,0,,,,,,0,0,0,,,,,,,,,,,,,,,,,,,,,,,,,,,,,,,,,,,
2017,381,632843,155,09-22-2017,11:22,22,9,Sep,0,33,King,980,1,0,1,1,2,1,1,1,1,,,,9,0,0,No vehicle,0,2,0,2,4 Way,3,2,4,6,0,0,3,3,SE 56TH ST,E LK SAMMANISH PKWY SE,-122.0437361,47.55193889,98029,0,1,13,Pedestrian/Animal,83,5,35,14,0,0,1,5,9,1,1,6,1,10,Others,1,1,53,,0,51,881,2015,0,0,12,,,,,,1,1,63,1,0,0,0,0,3,0,11,0,,,,,6,3,0,3,1,0,0,0,0,93,,,,,,0,,,,,,98007,53,67,179,6,1,0,0,1,0,,97,,,,,,0,10-15-2015,10-15-2015,20,0,0,0,8,9,8,,,0,0,0,8,0,8,95,,,96,,,8,95,995,,,,,,,,,,,,,,,,,,,,,,,,,,,,,,0,0,0,0,0,0,0,0,0,0,0,0,0,0,0,0,1,0,0,0,0,0,0,0,0,0,0,0,0,1,1,0,0,0,0,,0,0,0,0,0,0,0,0,1,0,0,0,0,0,0,0,,,,,,61-65,56-65,Interstate,R,Wednesday,,MHTRUCK,Not Fatal,0,0,0,0,State Route,State Patrol,Washington State Patrol,0,1,0,0,0,,,,,,0,0,0,,,,,,,,,,,,,,,,,,,,,,,,,,,,,,,,,,,
2021,382,3888998,263,08-10-2021,13:44,10,8,Aug,,33,King,1960,1,,1,1,1,1,1,2,1,,,,8,0,0,No vehicle,0,1,0,1,No intersection,5,2,4,6,0,0,0,0,CALIFORNIA AVE SW,,-122.3868639,47.55904722,98116,0,1,13,Pedestrian/Animal,80,5,25,34,0,0,1,5,8,1,1,3,1,15,Others,2,1,53,,0,41,51,2008,0,0,8,,,,,,1,1,30,2,0,0,1,0,3,0,11,8,,,,,0,0,0,3,1,0,0,0,0,96,,,,,,0,,,,,,98270,53,64,180,6,1,0,0,0,0,,0,,,,,,0,,,20,0,0,0,8,9,8,,,0,0,0,8,0,8,95,,,96,,,8,95,995,,,,,,,,,,,,,,,,,,,,,,,,,,,,,,0,0,0,0,0,0,0,0,0,1,0,1,0,0,0,0,0,0,0,0,0,0,0,0,0,0,0,0,0,1,0,1,0,0,0,,0,0,0,0,0,0,0,0,0,0,0,0,0,0,0,0,,,,,,26-30,26-35,State route,U,Friday,Belt Used,PV,Not Fatal,0,0,0,0,State Route,Municipal/City Police,Everett Police Department,0,1,0,0,0,,,,,,0,0,0,,,,,,,,,,,,,,,,,,,,,,,,,,,,,,,,,,,
2020,382,635124,2,09-14-2020,05:07,14,9,Sep,,61,Snohomish,690,5,,2,1,2,1,0,2,2,,,,24,0,0,No vehicle,195.3,1,0,1,No intersection,1,2,1,1,0,0,0,0,I-5,,-122.17485,47.99746667,98201,0,1,2,Control/Traction Loss,6,1,60,20,0,0,1,2,24,2,2,3,3,14,Making a U turn,1,2,53,,0,49,32,1989,0,0,64,24,1,,,,1,1,26,2,7,1,4,7,3,0,11,0,10-06-2018,01:28,53044435,44435,0,0,0,2,1,0,0,0,0,96,,,,,,99,,,,,,98408,53,61,130,1,1,0,0,0,4,,0,,,,,,4,08-15-2018,09-15-2018,20,0,0,0,0,9,8,,,0,0,0,8,9,2,605,695,,1,1,,2,1,0,,,,,,,,,,,,,,,,,,,,,,,,,,,,,,0,0,0,0,0,0,1,1,1,0,0,0,1,1,0,0,0,0,0,0,0,0,0,0,0,0,0,0,0,1,0,0,0,0,0,,1,0,0,0,0,0,1,1,0,1,0,1,0,0,1,0,,,,,,26-30,26-35,State route,R,Saturday,Belt Used,PV,White,0,1,0,0,State Route,State Patrol,Washington State Patrol,1,1,0,0,0,thc,3.1,carboxy-thc,25,,0,0,0,,,,,,,,,,,,,,,,,,,,,,,,,,,,,,,,,,,
2019,382,634426,7,10-18-2019,11:15,18,10,Oct,,33,King,2595,10,0,1,2,1,1,0,4,4,,,,12,0,2,Front-to-Front,5.1,1,0,1,No intersection,3,2,1,3,0,0,0,0,SR-520,,-122.2195889,47.639525,98039,0,4,98,Others,90,6,60,14,0,0,1,5,54,2,2,3,3,14,Making a U turn,1,1,53,,0,49,482,2000,0,0,8,,,,,,1,1,22,1,0,0,0,0,3,0,11,0,,,,,0,0,0,3,1,0,0,0,0,96,,,,,,0,,,,,,98596,53,71,155,6,1,0,1,1,0,,0,,,,,,0,09-15-2015,09-15-2015,20,0,0,0,8,9,2,,,0,0,0,0,0,8,95,,,96,,,8,95,995,,,,,,,,,,,,,,,,,,,,,,,,,,,,,,0,0,0,0,0,0,0,0,0,0,0,0,0,0,0,0,0,0,0,0,0,0,0,1,1,0,0,0,0,1,0,1,0,0,0,,0,0,0,0,0,0,0,0,0,0,0,0,0,0,0,0,,,,,,21-25,16-25,State route,R,Monday,Belt Used,PV,Not Fatal,0,0,0,0,State Route,State Patrol,Washington State Patrol,0,1,0,0,0,,,,,,0,0,0,,,,,,,,,,,,,,,,,,,,,,,,,,,,,,,,,,,
2019,382,634425,7,10-18-2019,11:15,18,10,Oct,,33,King,2595,10,0,1,2,1,1,0,4,4,,,,12,0,2,Front-to-Front,5.1,1,0,1,No intersection,3,2,1,3,0,0,0,0,SR-520,,-122.2195889,47.639525,98039,0,3,98,Others,90,6,60,14,0,0,1,5,54,2,2,3,3,14,Making a U turn,1,1,53,,0,37,39,2009,0,0,12,63,24,24,,,1,1,72,2,7,1,4,7,3,0,11,0,10-07-2018,14:15,53044362,44362,0,0,3,3,1,0,0,0,0,96,,,,,,99,,,,,,98368,53,63,145,6,1,0,0,0,0,,0,,,,,,0,,,8,0,0,0,0,9,2,,,0,0,0,0,0,2,1,,,1,,,2,1,0,,,,,,,,,,,,,,,,,,,,,,,,,,,,,,0,0,0,0,0,0,0,0,0,0,0,0,1,0,0,0,0,0,0,0,0,0,0,0,0,1,1,1,0,1,0,0,0,0,0,,1,0,0,0,0,0,0,0,0,0,0,0,0,0,0,0,,,,,,71-75,66-75,US highway,R,Sunday,Belt Used,PV,White,0,1,1,0,State Route,State Patrol,Washington State Patrol,0,1,0,0,0,,,,,,0,0,0,,,,,,,,,,,,,,,,,,,,,,,,,,,,,,,,,,,
2019,382,634424,7,10-18-2019,11:15,18,10,Oct,,33,King,2595,10,0,1,2,1,1,0,4,4,,,,12,0,2,Front-to-Front,5.1,1,0,1,No intersection,3,2,1,3,0,0,0,0,SR-520,,-122.2195889,47.639525,98039,0,2,52,Others,54,3,60,80,0,0,1,7,2,2,2,3,3,14,Making a U turn,1,1,53,,0,18,402,2004,0,0,68,12,,,,,1,1,77,1,0,0,2,0,3,0,11,8,,,,,0,0,0,3,1,28,0,0,0,96,,,,,,0,,,,,,97132,41,71,235,6,1,0,0,1,2,,2,,,,,,4,04-15-2014,08-15-2016,1,0,0,0,8,9,2,,,0,0,0,0,0,2,1,,,1,,,2,1,0,,,,,,,,,,,,,,,,,,,,,,,,,,,,,,0,0,0,0,0,0,0,0,0,0,0,0,1,0,0,0,0,0,0,0,0,0,0,0,0,1,1,1,0,1,0,0,0,0,0,,0,0,0,0,0,0,0,0,0,1,0,0,0,0,0,0,,,,,,76-80,76+,US highway,R,Sunday,Belt Used,PV,Not Fatal,0,1,1,0,State Route,State Patrol,Washington State Patrol,0,1,0,0,0,,,,,,0,0,0,,,,,,,,,,,,,,,,,,,,,,,,,,,,,,,,,,,
2019,382,634423,7,10-18-2019,11:15,18,10,Oct,,33,King,2595,10,0,1,2,1,1,0,4,4,,,,12,0,2,Front-to-Front,5.1,1,0,1,No intersection,3,2,1,3,0,0,0,0,SR-520,,-122.2195889,47.639525,98039,0,1,52,Others,54,3,98,34,0,0,1,5,12,3,2,3,3,14,Making a U turn,1,1,53,,0,7,482,2017,0,0,12,,,,,,1,1,44,1,0,0,1,0,3,0,11,8,,,,,0,0,0,3,1,0,0,0,0,96,,,,,,0,,,,,,98366,53,73,310,6,1,0,2,0,0,,0,,,,,,0,02-15-2017,06-15-2018,1,0,0,0,8,9,8,,,0,0,0,8,0,8,95,,,96,,,8,95,995,,,,,,,,,,,,,,,,,,,,,,,,,,,,,,0,0,0,0,0,0,0,0,0,0,0,0,0,0,0,0,0,0,0,0,0,0,0,1,1,0,0,0,0,1,0,0,0,0,0,,0,0,0,0,0,0,0,0,0,0,0,0,0,0,0,0,,,,,,41-45,36-45,City street,U,Tuesday,Belt Used,PV,Not Fatal,0,1,1,0,City Street,Municipal/City Police,Kent Police Department,0,0,0,1,0,,,,,,0,0,0,,,,,,,,,,,,,,,,,,,,,,,,,,,,,,,,,,,
2018,382,633637,7,10-13-2018,03:01,13,10,Oct,0,33,King,735,1,0,2,1,1,1,0,2,2,,,,14,0,0,No vehicle,142.2,1,0,1,No intersection,1,2,1,1,0,0,0,0,I-5,,-122.3053417,47.29287222,98003,0,1,98,Others,98,7,98,4,0,0,1,2,14,1,1,5,3,1,Going Straight,2,1,53,,0,55,35,2010,0,0,12,,,,,,1,1,25,1,2,98,4,7,99,0,11,0,10-09-2018,05:38,1.03E+11,43806,0,0,0,3,1,0,0,0,0,96,,,,,,99,,,,,,98032,53,69,140,6,1,0,1,0,0,,0,,,,,,0,04-15-2018,04-15-2018,8,0,0,0,0,9,8,,,0,0,0,8,9,2,1,,,1,,,2,1,0,,,,,,,,,,,,,,,,,,,,,,,,,,,,,,0,0,0,0,0,0,0,0,0,0,0,0,0,0,0,0,0,0,0,0,0,0,0,1,1,0,0,0,0,1,0,0,0,0,0,,1,0,0,0,0,0,0,0,0,0,0,0,0,0,0,0,,,,,,21-25,16-25,City street,U,Tuesday,Unknown,PV,Hispanic,0,1,1,0,City Street,Municipal/City Police,Kent Police Department,0,0,0,1,0,,,,,,0,0,0,,,,,,,,,,,,,,,,,,,,,,,,,,,,,,,,,,,
2017,382,632845,5,09-22-2017,10:40,22,9,Sep,0,41,Lewis,0,1,0,1,1,2,1,0,1,1,,,,35,0,0,No vehicle,27.2,1,0,1,No intersection,4,1,1,3,0,0,0,0,SR-6,,-123.3126944,46.55978889,98572,0,1,1,Driver Off Road,13,2,55,34,1,0,1,2,35,1,1,2,1,1,Going Straight,1,1,53,,0,55,402,2016,0,0,12,,,,,,1,1,40,2,0,0,0,0,3,0,11,0,,,,,0,0,0,3,1,0,0,0,0,96,,,,,,0,,,,,,98001,53,73,140,6,1,0,0,0,0,,0,,,,,,0,,,20,0,0,0,8,9,8,,,0,0,0,8,0,8,95,,,96,,,8,95,995,,,,,,,,,,,,,,,,,,,,,,,,,,,,,,0,0,0,1,0,0,0,0,0,0,0,0,1,0,0,0,0,0,0,0,0,0,0,0,0,0,0,0,1,1,0,0,0,0,0,,0,0,0,0,0,0,0,0,0,0,0,0,0,0,0,0,,,,,,36-40,36-45,State route,U,Thursday,Belt Used,PV,Not Fatal,1,0,0,0,State Route,Municipal/City Police,Edgewood Police Department,0,1,0,0,0,,,,,,0,0,0,,,,,,,,,,,,,,,,,,,,,,,,,,,,,,,,,,,
2020,382,635125,2,09-14-2020,05:07,14,9,Sep,,61,Snohomish,690,5,,2,1,2,1,0,2,2,,,,24,0,0,No vehicle,195.3,1,0,1,No intersection,1,2,1,1,0,0,0,0,I-5,,-122.17485,47.99746667,98201,0,2,98,Others,98,7,60,66,1,0,1,2,12,2,2,3,3,14,Making a U turn,1,3,95,,0,76,706,2013,0,0,1,12,,,,,1,1,27,1,7,1,4,7,19,0,11,0,10-11-2018,05:10,58653044745,44745,0,0,0,3,1,0,0,0,0,96,,,,,,0,,,,,,98375,53,76,230,6,1,0,1,1,1,,0,,,,,,4,08-15-2014,07-15-2018,20,8,0,0,0,9,8,,,0,0,0,8,0,2,1,,,1,,,2,1,0,,,,,,,,,,,,,,,,,,,,,,,,,,,,,,0,0,0,1,0,0,0,0,0,0,0,0,1,0,0,0,0,0,0,0,0,0,0,0,0,0,0,0,1,1,0,0,0,0,1,0,0,0,0,0,0,0,0,0,0,1,0,0,0,0,0,0,,,,,,26-30,26-35,State route,U,Thursday,,MC,White,1,0,0,0,State Route,Municipal/City Police,Edgewood Police Department,0,1,0,0,0,,,,,,0,0,0,,,,,,,,,,,,,,,,,,,,,,,,,,,,,,,,,,,
2017,383,632851,278,09-26-2017,11:26,26,9,Sep,0,63,Spokane,2110,1,0,1,0,0,1,0,2,2,11:13,11:17,,12,0,6,Angle,0,8,0,1,No intersection,5,2,4,6,0,0,20,3,E HOLLAND  AVE,N NORTHPOINT ACCESS,-117.4026083,47.74395278,99218,0,1,82,Turn Into Opp Direction(Turning Left),15,2,0,4,0,0,1,5,12,0,0,0,0,11,Turning Red: Permitted on red,1,1,3,,0,49,49,2008,0,0,71,42,2,,,,1,1,34,1,7,1,4,7,99,0,11,0,10-06-2018,23:20,53043992,43992,0,0,3,3,1,39,0,0,0,96,,,,,,99,,,,,,98683,53,75,220,6,1,0,1,1,0,,0,,,,,,4,10-15-2013,03-15-2017,99,0,0,0,0,9,8,,,0,0,0,8,9,2,1,,,1,,,2,1,0.16,,,,,,,,,,,,,,,,,,,,,,,,,,,,,,0,0,0,1,1,1,0,1,0,0,0,0,1,0,0,0,0,0,0,0,0,0,0,0,0,0,0,0,0,1,0,0,0,0,0,,1,0,0,0,0,1,0,1,0,1,0,0,0,1,0,1,,,,,,31-35,26-35,County road,R,Saturday,Unknown,PV,White,1,0,0,0,County Road,County Sheriff,Clark County Sheriff's Office,0,0,1,0,0,,,,,,0,0,5,,,,,,,,,,,,,,,,,,,,,,,,,,,,,,,,,,,
2017,383,632852,278,09-26-2017,11:26,26,9,Sep,0,63,Spokane,2110,1,0,1,1,2,1,0,2,2,11:13,11:17,,12,0,6,Angle,0,8,0,1,No intersection,5,2,4,6,0,0,0,0,E HOLLAND  AVE,N NORTHPOINT ACCESS,-117.4026083,47.74395278,99218,0,2,83,Others,67,4,30,80,0,0,1,5,12,1,1,4,1,1,Going Straight,1,2,16,,0,7,20,2001,0,0,12,,,,,,1,1,41,2,1,1,4,8,3,0,11,5,10-01-2018,07:28,1.39E+11,44045,0,0,0,3,1,0,0,0,0,96,,,,,,0,,,,,,99344,53,66,160,6,1,0,1,0,0,,0,,,,,,0,08-15-2015,08-15-2015,1,0,0,0,0,9,8,,,0,0,0,8,0,2,1,,,1,,,2,1,0,,,,,,,,,,,,,,,,,,,,,,,,,,,,,,0,0,0,1,0,0,0,0,0,0,0,0,0,1,0,0,1,0,0,0,0,0,0,0,0,0,0,0,0,1,0,0,0,0,0,,1,0,0,0,0,0,0,0,0,0,0,0,0,0,0,0,,,,,,41-45,36-45,County road,R,Monday,Belt Used,PV,Hispanic,1,0,0,0,County Road,County Sheriff,Grant County Sheriff's Office,0,0,1,0,0,,,,,,0,0,0,,,,,,,,,,,,,,,,,,,,,,,,,,,,,,,,,,,
2021,383,635938,5,09-22-2021,09:47,22,9,Sep,,11,Clark,2420,1,,1,1,2,1,0,2,2,,,,12,0,2,Front-to-Front,16.1,2,0,6,Roundabout,2,2,1,3,0,0,21,3,SR-14,WASHOUGAL RIVER RD,-122.3561861,45.57665,,0,2,52,Others,54,3,55,21,1,0,1,2,12,2,1,1,2,16,Others,1,1,41,,0,20,25,2013,0,0,12,,,,,,1,1,49,2,0,0,1,0,3,0,11,6,,,,,0,0,0,0,1,39,0,0,0,93,,,,,,0,,,,,,98857,53,63,160,0,0,0,0,0,0,,37,,,,,,0,,,8,0,0,0,8,9,8,,,0,0,0,8,0,8,95,,,96,,,8,95,995,,,,,,,,,,,,,,,,,,,,,,,,,,,,,,0,0,0,1,0,0,0,0,0,0,0,0,0,1,0,0,1,0,0,0,0,0,0,0,0,0,0,0,0,1,0,0,0,0,0,,0,0,0,0,0,0,0,0,1,0,0,1,0,0,0,0,,,,,,46-50,46-55,County road,R,Monday,Belt Used,PV,Not Fatal,1,0,0,0,County Road,County Sheriff,Grant County Sheriff's Office,0,0,1,0,0,,,,,,0,0,0,,,,,,,,,,,,,,,,,,,,,,,,,,,,,,,,,,,
2021,383,635937,5,09-22-2021,09:47,22,9,Sep,,11,Clark,2420,1,,1,1,2,1,0,2,2,,,,12,0,2,Front-to-Front,16.1,2,0,6,Roundabout,2,2,1,3,0,0,28,3,SR-14,WASHOUGAL RIVER RD,-122.3561861,45.57665,,0,1,52,Others,17,2,55,4,0,0,1,2,12,2,1,2,1,1,Going Straight,1,1,53,,0,30,40,2006,0,0,8,,,,,,1,1,34,2,0,0,0,0,3,0,11,0,,,,,0,0,3,3,1,0,0,0,0,96,,,,,,0,,,,,,98391,53,62,130,6,1,0,0,0,3,,0,,,,,,0,01-15-2014,12-15-2015,20,0,0,0,8,9,8,,,0,0,0,8,0,8,95,,,96,,,8,95,995,,,,,,,,,,,,,,,,,,,,,,,,,,,,,,0,0,0,0,0,0,0,0,0,1,1,0,0,0,0,0,0,1,0,0,0,0,0,0,0,0,0,0,0,1,0,1,0,0,0,,0,0,0,0,0,0,0,0,0,0,0,0,0,0,0,0,,,,,,31-35,26-35,County road,U,Sunday,Belt Used,PV,Not Fatal,0,0,0,0,County Road,County Sheriff,Law Enforcement Support Agency,0,0,1,0,0,,,,,,0,0,2,,,,,,,,,,,,,,,,,,,,,,,,,,,,,,,,,,,