year,something,Cases,repjur,crash_dt,crash_tm,accday,Month,Month,holiday,county,co_char,city,weather,weather2,lightcond,surfcond,surftype,Number of Fatalities,nmforms,pforms,vforms,not_tm,arr_tm,hosp_tm,fhevent,hitrun,Manner of Collision,Manner of Collision,milepnt,reljunc,reljuncinter,intersectiontype,Intersection Type,funcsystem,landuse,ownership,route,schlbus,spejur,contdev,devfunc,trafid1,trafid2,x,y,zipcode,wk_zone,vnumber,crashtype,Crash Type,criticalevent,criticaleventcat,spdlim,body,trailer,emerg,hazcargo,leave,mhevent,roadalgn,roadprof,traflane,trafflow,Vehicle Manure,Vehicle Manure,numoccs,regowner,regstate,,spuse,make,model,modelyr,vrf1,vrf2,seqevent1,seqevent2,seqevent3,seqevent4,seqevent5,seqevent6,pnumber,ptype,age,sex,hispanic,race,injury,diedscene,restraint,restraintmisuse,seatpos,takehosp,death_dt,death_tm,cert,cernum_wa,commlic,licendor,licrestrict,liccomp,drivpres,drf1,drf2,drf3,drf4,distract1,distract2,distract3,distract4,distract5,distract6,dricond1,dricond2,dricond3,dricond4,dricond5,dricond6,dzip,licstate,drhgt_in,weight,noncdl,noncdltype,prevdwi,prevoth,prevacc,prevspd,prevsus,driviol1,driviol2,driviol3,driviol4,driviol5,driviol6,spdrel,first_dt,last_dt,airbag,ejection,ejectpath,extricat,injurwrk,methalc,methdrug,nmlocat,strikveh,prf1,prf2,prf3,druginv,alcinvol,drugsts,drugres1,drugres2,drugres3,drugtst1,drugtst2,drugtst3,alcsts,alctst,alcres,nmact1,nmact2,nmact3,nmact4,nmact5,nmact6,nmprior1,nmprior2,nmprior3,nmprior4,nmprior5,nmprior6,nmcond1,nmcond2,nmcond3,nmcond4,nmcond5,nmcond6,nmsafe_helmet,nmsafe_pads,nmsafe_oth,nmprev_ref,nmprev_lgt,nmprev_oth,crashlocation,nmcrashtype,crosswalk,schoolzone,sidewalk,train_inv,wildlife_inv,rotr_fars,intersect_fars,Drink and Drive,aid_inv,Drug Positive Drivers,Impaired Drivers,Marijuana Positive,impnm_inv,ainm_inv,dpnm_inv,speed_inv,unlic_inv,unendmc_inv,drowsy_inv,drdist_inv,nmdist_inv,fty_inv,unrestfat_inv,dr1617_inv,dr1820_inv,dr1620_inv,dr2125_inv,dr1625_inv,dr65_inv,dr70_inv,dr75_inv,mc_inv,pv_inv,ht_inv,ped_inv,bike_inv,unrest_fat,mc_fat,unhelmet_mc,pv_fat,ht_fat,ped_fat,bike_fat,dr_alc7,dr_alc8,dr_drug,dr_imp,dr_dist,dr_spd,dr_fty,dr_unlic,dr_alc7only,dr_alc8only,dr_drugonly,dr_drink,nm_imp,nm_alc7,nm_alc8,nm_drug,nm_dist,agegrp1,agegrp2,roadclass,urbrur,dayweek,restuse,vehtype,race_me,intersect,lanedep,oppdir,wrongway,rep_typ,investag,repag_long,rotr,st_rd,cty_rd,city_rd,oth_rd,drug_thc,thc_res,drug_cthc,cthc_res,drug_cann,prevpersemin,prevperse,prevsusoth,drugtst4,drugtst5,drugtst6,drugtst7,drugtst8,drugres4,drugres5,drugres6,drugres7,drugres8,adspresent,adsengaged,adslevel,race1,race2,race3,race4,race5,helmet,helmetmisuse,nmdistract1,nmdistract2,nmdistract3,nmdistract4,nmdistract5,nmdistract6,lab,isedtcase,crf1,crf2,crf3,CoRoadName,CoMP,IntCoRoadName,IntCoMP
2020,383,635126,2,09-22-2020,20:30,22,9,Sep,,57,Skagit,0,10,,2,1,2,1,0,1,1,21:50,21:56,,59,0,0,No vehicle,1.2,1,0,1,No intersection,5,1,2,4,0,0,0,0,CR-BOW HILL RD,,-122.3562778,48.5589,98232,0,1,6,Drive off road,12,2,50,80,0,0,1,2,59,2,1,2,1,14,Making a U turn,1,1,53,,0,12,422,1998,0,0,8,,,,,,1,1,62,1,0,0,0,0,99,0,11,0,,,,,0,0,3,3,1,91,0,0,0,96,,,,,,9,,,,,,98122,53,66,182,6,1,0,1,0,1,,1,,,,,,0,04-15-2015,01-15-2017,20,0,0,0,8,2,8,,,0,0,0,8,1,2,1,,,1,,,2,10,0.25,,,,,,,,,,,,,,,,,,,,,,,,,,,,,,0,0,0,0,1,1,0,1,0,1,1,0,0,0,0,0,0,0,0,0,0,0,0,0,0,0,0,0,0,1,0,1,0,0,0,,0,0,0,0,0,1,0,1,0,0,0,0,0,1,0,1,,,,,,61-65,56-65,State route,U,Saturday,Unknown,PV,Not Fatal,0,0,0,0,State Route,Municipal/City Police,Kent Police Department,0,1,0,0,0,,,,,,0,0,2,,,,,,,,,,,,,,,,,,,,,,,,,,,,,,,,,,,
2019,383,634427,35,10-29-2019,16:05,29,10,Oct,,53,Pierce,0,1,0,1,1,2,1,1,1,1,,,,8,0,0,No vehicle,0.9,3,0,3,T Intersection,7,2,2,4,0,0,0,0,CR-152ND ST E,91ST AVE E,-122.3218,47.11841667,98375,0,1,13,Pedestrian/Animal,80,5,35,14,0,0,1,5,8,1,1,3,5,1,Going Straight,1,1,53,,0,35,473,2004,0,0,63,24,1,21,,,1,1,22,1,0,0,3,0,20,0,11,4,,,,,0,0,0,3,1,0,0,0,0,96,,,,,,9,,,,,,98032,53,66,180,6,1,1,2,0,1,,97,,,,,,4,07-15-2015,10-15-2017,8,9,0,0,8,9,8,,,0,0,0,8,1,8,95,,,96,,,2,1,997,,,,,,,,,,,,,,,,,,,,,,,,,,,,,,0,0,1,0,1,0,0,0,0,0,0,0,1,0,0,0,0,0,0,1,0,0,0,1,1,0,0,0,0,1,0,0,0,0,0,,0,0,0,0,0,0,0,0,0,1,0,0,0,0,0,1,,,,,,21-25,16-25,State route,U,Sunday,Not Used,PV,Not Fatal,0,1,0,0,State Route,State Patrol,Washington State Patrol,1,1,0,0,0,,,,,,0,0,2,,,,,,,,,,,,,,,,,,,,,,,,,,,,,,,,,,,
2018,383,633639,2,10-10-2018,21:13,10,10,Oct,0,61,Snohomish,0,1,0,3,1,2,2,0,4,2,21:08,21:16,21:52,12,0,6,Angle,17.9,2,0,2,4 Way,3,2,1,3,0,0,0,0,SR-9,SUNNY SCHOOL RD,-122.1104917,48.03416111,98270,0,2,89,Others,66,4,55,4,0,0,1,7,12,1,1,2,1,1,Going Straight,2,1,53,,0,12,481,1993,0,0,12,,,,,,1,1,57,1,0,0,1,0,3,0,11,8,,,,,0,0,0,3,1,0,0,0,0,96,,,,,,0,,,,,,98552,53,74,250,6,1,0,2,0,0,,0,,,,,,0,07-15-2016,07-15-2016,20,0,0,0,8,9,8,,,0,0,0,8,0,8,95,,,96,,,8,95,995,,,,,,,,,,,,,,,,,,,,,,,,,,,,,,0,0,0,1,0,0,1,1,0,0,0,0,0,0,0,0,0,0,1,0,0,0,0,0,0,1,1,1,0,1,0,0,0,0,0,,0,0,0,0,0,0,0,0,0,0,0,0,0,0,0,0,,,,,,56-60,56-65,State route,U,Monday,Belt Used,PV,Not Fatal,1,0,0,0,State Route,State Patrol,Washington State Patrol,0,1,0,0,0,,,,,,0,0,0,,,,,,,,,,,,,,,,,,,,,,,,,,,,,,,,,,,
2018,383,633638,2,10-10-2018,21:13,10,10,Oct,0,61,Snohomish,0,1,0,3,1,2,2,0,4,2,21:08,21:16,21:52,12,0,6,Angle,17.9,2,0,2,4 Way,3,2,1,3,0,0,20,3,SR-9,SUNNY SCHOOL RD,-122.1104917,48.03416111,98270,0,1,88,Striking from the Left,17,2,35,4,0,0,1,7,12,1,1,2,1,1,Going Straight,2,2,53,,0,48,34,2002,0,0,12,,,,,,1,1,87,2,7,1,4,7,3,0,11,0,09/24/2018,14:55,53041777,41777,0,0,0,3,1,38,0,0,0,96,,,,,,99,,,,,,98563,53,69,145,6,1,0,0,0,0,,0,,,,,,0,,,20,0,0,0,0,9,8,,,0,0,0,8,9,2,996,,,1,,,2,1,0,,,,,,,,,,,,,,,,,,,,,,,,,,,,,,0,0,0,1,0,0,1,1,0,0,0,0,0,0,0,0,0,0,1,0,0,0,0,0,0,1,1,1,0,1,0,0,0,0,0,,1,0,0,0,0,0,1,1,0,0,1,0,0,0,1,0,,,,,,81+,76+,State route,U,Monday,Belt Used,PV,White,1,0,0,0,State Route,State Patrol,Washington State Patrol,0,1,0,0,0,,,,,,0,0,0,,,,,,,,,,,,,,,,,,,,,,,,,,,,,,,,,,,
2018,384,633641,4,10-27-2018,03:56,27,10,Oct,0,63,Spokane,0,1,0,3,1,2,1,0,3,2,03:55,04:02,04:50,12,0,2,Front-to-Front,289,1,0,1,No intersection,3,2,1,2,0,0,0,0,US-2,,-117.3537889,47.785075,99201,0,2,51,Lateral Move(Going Straight),62,4,45,4,0,0,1,2,12,1,1,5,5,1,Going Straight,2,1,16,,0,35,47,2005,0,0,12,,,,,,1,1,42,1,0,0,1,0,3,0,11,5,,,,,0,0,0,3,1,0,0,0,0,96,,,,,,0,,,,,,98848,53,63,160,6,1,0,0,1,1,,0,,,,,,0,02-15-2015,06-15-2015,1,0,0,0,8,9,8,,,0,0,0,8,0,8,95,,,96,,,8,95,995,,,,,,,,,,,,,,,,,,,,,,,,,,,,,,0,0,0,0,0,0,0,0,0,0,0,0,0,1,0,0,1,0,1,0,0,0,0,0,0,1,0,0,0,1,0,0,0,0,0,,0,0,0,0,0,0,0,0,0,0,0,0,0,0,0,0,,,,,,41-45,36-45,County road,R,Monday,Belt Used,PV,Not Fatal,0,0,0,0,County Road,County Sheriff,Grant County Sheriff's Office,0,0,1,0,0,,,,,,0,0,0,,,,,,,,,,,,,,,,,,,,,,,,,,,,,,,,,,,
2021,384,635940,6,09-22-2021,15:00,22,9,Sep,,7,Chelan,0,1,,1,1,2,2,0,3,2,,,,12,0,6,Angle,105.2,2,0,2,4 Way,2,1,1,2,0,0,0,0,US-2,DEADMAN HILL RD,-120.5819861,47.55288611,98815,0,2,88,Striking from the Left,66,4,60,34,0,0,1,2,12,1,1,5,1,1,Going Straight,1,1,53,,0,37,31,1998,0,0,12,,,,,,1,1,65,1,0,0,3,0,3,0,11,5,,,,,0,0,0,2,1,38,0,0,0,93,,,,,,0,,,,,,99357,53,63,200,1,1,0,0,0,1,,76,,,,,,0,09-15-2018,10-15-2018,1,0,0,0,8,9,8,,,0,0,0,8,0,8,95,,,96,,,8,95,995,,,,,,,,,,,,,,,,,,,,,,,,,,,,,,0,0,0,0,0,0,0,0,0,0,0,0,0,1,0,0,1,0,1,0,0,0,0,0,0,1,0,0,0,1,0,0,0,0,0,,0,0,0,0,0,0,0,0,1,0,1,1,0,0,0,0,,,,,,61-65,56-65,County road,R,Monday,Belt Used,PV,Not Fatal,0,0,0,0,County Road,County Sheriff,Grant County Sheriff's Office,0,0,1,0,0,,,,,,0,0,1,,,,,,,,,,,,,,,,,,,,,,,,,,,,,,,,,,,
2021,384,635939,6,09-22-2021,15:00,22,9,Sep,,7,Chelan,0,1,,1,1,2,2,0,3,2,,,,12,0,6,Angle,105.2,2,0,2,4 Way,2,1,1,2,0,0,20,3,US-2,DEADMAN HILL RD,-120.5819861,47.55288611,98815,0,1,89,Others,17,2,25,2,0,0,1,2,12,1,1,2,1,4,Others,2,1,53,,0,23,422,2010,0,0,8,,,,,,1,1,74,1,0,0,0,0,3,0,11,0,,,,,0,0,0,3,1,0,0,0,0,96,,,,,,0,,,,,,98030,53,67,185,6,1,0,0,0,3,,0,,,,,,0,04-15-2016,03-15-2017,20,0,0,0,8,9,8,,,0,0,0,8,0,0,0,,,0,,,0,0,996,,,,,,,,,,,,,,,,,,,,,,,,,,,,,,0,0,0,1,0,0,0,0,0,1,0,1,0,0,0,0,0,1,0,0,0,0,0,0,0,1,1,0,0,1,0,1,0,0,0,,0,0,0,0,0,0,0,0,0,0,0,0,0,0,0,0,,,,,,71-75,66-75,State route,U,Wednesday,Belt Used,PV,Not Fatal,1,0,0,0,State Route,County Sheriff,King County Police,0,1,0,0,0,,,,,,0,0,0,,,,,,,,,,,,,,,,,,,,,,,,,,,,,,,,,,,
2020,384,635127,55,09-30-2020,20:28,30,9,Sep,,53,Pierce,100,1,,5,1,2,1,1,1,1,20:42,21:03,21:30,8,0,0,No vehicle,0,3,0,2,4 Way,4,2,4,6,0,0,20,3,LAKELAND HILLS WAY SE,69TH ST SE,-122.2105639,47.24675556,98390,0,1,13,Pedestrian/Animal,80,5,30,4,0,0,1,5,8,1,1,3,1,1,Going Straight,1,1,53,,0,73,705,2008,0,0,12,,,,,,1,1,33,1,7,1,4,7,19,0,11,0,10-03-2018,19:00,2.23E+11,43458,0,0,0,3,1,0,0,0,0,96,,,,,,0,,,,,,98407,53,75,210,6,1,0,0,0,0,,0,,,,,,0,,,20,8,0,0,0,9,8,,,0,0,0,8,0,2,1,,,1,,,2,1,0,,,,,,,,,,,,,,,,,,,,,,,,,,,,,,0,0,0,1,0,0,0,0,0,0,0,0,0,0,0,0,0,0,1,0,0,0,0,0,0,0,0,0,1,1,0,0,0,0,1,0,0,0,0,0,0,0,0,0,0,0,0,0,0,0,0,0,,,,,,31-35,26-35,City street,U,Wednesday,,MC,White,1,0,0,0,City Street,Municipal/City Police,Tacoma Police Department,0,0,0,1,0,,,,,,0,0,0,,,,,,,,,,,,,,,,,,,,,,,,,,,,,,,,,,,
2019,384,634429,25,10-22-2019,22:44,22,10,Oct,,33,King,0,1,0,2,1,1,1,0,3,2,,,,12,0,6,Angle,1.8,2,0,2,4 Way,5,2,2,4,0,0,0,0,CR-MILITARY RD S,S 360TH ST,-122.2753306,47.27891944,98001,0,2,88,Striking from the Left,66,4,45,14,0,0,1,7,12,8,2,2,1,1,Going Straight,1,1,53,,0,37,32,2012,0,0,12,,,,,,1,1,61,2,0,0,0,0,3,0,11,0,,,,,0,0,3,3,1,10,38,0,0,96,,,,,,0,,,,,,85203,4,70,186,6,1,0,0,0,0,,97,,,,,,0,,,2,0,0,0,8,9,8,,,0,0,0,8,0,8,95,,,96,,,8,95,995,,,,,,,,,,,,,,,,,,,,,,,,,,,,,,0,0,0,1,0,0,0,0,0,0,0,0,0,0,0,0,0,0,1,0,0,0,0,0,0,0,0,0,1,1,0,0,0,0,0,,0,0,0,0,0,0,0,0,0,0,1,0,0,0,0,0,,,,,,61-65,56-65,City street,U,Wednesday,Belt Used,PV,Not Fatal,1,0,0,0,City Street,Municipal/City Police,Tacoma Police Department,0,0,0,1,0,,,,,,0,0,0,,,,,,,,,,,,,,,,,,,,,,,,,,,,,,,,,,,
2019,384,634428,25,10-22-2019,22:44,22,10,Oct,,33,King,0,1,0,2,1,1,1,0,3,2,,,,12,0,6,Angle,1.8,2,0,2,4 Way,5,2,2,4,0,0,20,3,CR-MILITARY RD S,S 360TH ST,-122.2753306,47.27891944,98001,0,1,89,Others,17,2,35,3,0,0,1,7,12,3,2,2,1,14,Making a U turn,2,2,53,,0,7,482,2005,0,0,12,,,,,,1,1,48,1,0,0,0,0,3,0,11,0,,,,,0,0,0,3,1,0,0,0,0,96,,,,,,0,,,,,,98273,53,69,210,6,1,0,0,0,2,,0,,,,,,0,11-15-2014,02-15-2015,1,0,0,0,8,9,8,,,0,0,0,8,0,8,95,,,96,,,8,95,995,,,,,,,,,,,,,,,,,,,,,,,,,,,,,,0,0,0,0,0,0,0,0,0,0,0,0,1,0,0,0,0,0,0,0,0,0,0,1,1,0,0,0,0,1,0,0,0,0,0,,0,0,0,0,0,0,0,0,0,0,0,0,0,0,0,0,,,,,,46-50,46-55,City street,U,Monday,Belt Used,PV,Not Fatal,0,1,1,0,City Street,Municipal/City Police,Renton Police Department,0,0,0,1,0,,,,,,0,0,0,,,,,,,,,,,,,,,,,,,,,,,,,,,,,,,,,,,
2018,384,633640,4,10-27-2018,03:56,27,10,Oct,0,63,Spokane,0,1,0,3,1,2,1,0,3,2,03:55,04:02,04:50,12,0,2,Front-to-Front,289,1,0,1,No intersection,3,2,1,2,0,0,0,0,US-2,,-117.3537889,47.785075,99201,0,1,50,Lateral Move(Left/Right),10,2,45,67,0,0,1,2,12,1,1,5,5,1,Going Straight,1,1,53,,0,49,34,1984,0,0,68,12,,,,,1,1,22,1,7,7,4,7,3,0,11,0,10-01-2018,23:04,1.83E+11,42808,0,0,0,3,1,28,0,0,0,96,,,,,,0,,,,,,98056,53,67,140,6,1,0,1,3,1,,0,,,,,,4,03-15-2017,09-15-2018,20,0,0,0,0,9,8,,,0,0,0,8,0,2,1,,,1,,,2,1,0,,,,,,,,,,,,,,,,,,,,,,,,,,,,,,0,0,0,0,0,0,0,0,0,0,0,0,1,0,0,0,0,0,0,0,0,0,0,1,1,0,0,0,0,1,0,0,0,0,0,,1,0,0,0,0,0,0,0,0,1,0,0,0,0,0,0,,,,,,21-25,16-25,City street,U,Monday,Belt Used,PV,API,0,1,1,0,City Street,Municipal/City Police,Renton Police Department,0,0,0,1,0,,,,,,0,0,0,,,,,,,,,,,,,,,,,,,,,,,,,,,,,,,,,,,
2017,384,632856,1,09-26-2017,16:03,26,9,Sep,0,5,Benton,0,1,0,1,1,2,1,0,3,2,16:11,16:34,17:15,12,0,2,Front-to-Front,22.2,1,0,1,No intersection,4,1,1,3,0,0,0,0,SR-221,,-119.6983028,46.18734444,,0,2,51,Lateral Move(Going Straight),62,4,55,4,0,0,1,2,12,3,1,2,2,14,Making a U turn,2,1,53,,0,49,46,2010,0,0,8,,,,,,1,1,28,1,0,0,0,0,99,0,11,0,,,,,0,0,0,3,1,0,0,0,0,92,,,,,,99,,,,,,98683,53,73,160,6,1,0,0,0,0,,0,,,,,,0,,,20,0,0,0,8,9,8,,,0,0,0,8,9,2,402,605,695,1,1,1,2,1,0,,,,,,,,,,,,,,,,,,,,,,,,,,,,,,0,0,0,1,0,0,1,1,1,0,0,0,0,0,0,0,1,1,0,0,0,0,0,0,0,0,0,0,0,1,0,1,0,0,0,,0,0,0,0,0,0,1,1,1,0,0,0,0,0,1,0,,,,,,26-30,26-35,City street,U,Sunday,Unknown,PV,Not Fatal,1,0,0,0,City Street,Municipal/City Police,Vancouver Police Department,0,0,0,1,0,thc,2.7,carboxy-thc,18,,0,0,0,,,,,,,,,,,,,,,,,,,,,,,,,,,,,,,,,,,
2017,384,632855,1,09-26-2017,16:03,26,9,Sep,0,5,Benton,0,1,0,1,1,2,1,0,3,2,16:11,16:34,17:15,12,0,2,Front-to-Front,22.2,1,0,1,No intersection,4,1,1,3,0,0,0,0,SR-221,,-119.6983028,46.18734444,,0,1,50,Lateral Move(Left/Right),10,2,55,2,0,0,1,2,12,2,1,2,1,14,Making a U turn,1,1,53,,0,23,471,1993,0,0,12,,,,,,1,1,22,1,0,0,1,0,99,0,11,5,,,,,0,0,0,0,1,0,0,0,0,96,,,,,,0,,,,,,99999,1,72,205,0,0,0,0,0,0,,0,,,,,,0,,,20,0,0,0,8,9,8,,,0,0,0,8,0,8,95,,,96,,,8,95,995,,,,,,,,,,,,,,,,,,,,,,,,,,,,,,0,0,0,1,0,0,0,0,0,0,0,0,0,1,0,0,0,0,1,0,0,0,0,1,1,1,1,1,0,1,0,0,0,0,0,,0,0,0,0,0,0,0,0,0,0,0,1,0,0,0,0,,,,,,21-25,16-25,City street,U,Thursday,Unknown,PV,Not Fatal,1,0,0,0,City Street,Municipal/City Police,Lacey Police Department,0,0,0,1,0,,,,,,0,0,0,,,,,,,,,,,,,,,,,,,,,,,,,,,,,,,,,,,
2021,385,635942,29,09-25-2021,09:43,25,9,Sep,,41,Lewis,0,1,,1,1,2,1,0,2,2,,,,12,0,2,Front-to-Front,,1,0,1,No intersection,5,1,2,4,0,0,0,0,CR-TUCKER RD,,-122.7658083,46.496125,98591,0,2,51,Lateral Move(Going Straight),62,4,40,34,0,0,1,2,12,3,2,2,1,14,Making a U turn,1,3,41,,0,49,402,2013,0,0,12,64,31,,,,1,1,79,2,0,0,1,0,3,0,11,5,,,,,0,0,3,3,1,10,38,48,0,96,,,,,,0,,,,,,98503,53,63,155,6,1,0,0,0,0,,46,,,,,,0,,,8,0,0,0,8,9,8,,,0,0,0,8,0,8,95,,,96,,,8,95,995,,,,,,,,,,,,,,,,,,,,,,,,,,,,,,0,0,0,1,0,0,0,0,0,0,0,0,0,1,0,0,0,0,1,0,0,0,0,1,1,1,1,1,0,1,0,0,0,0,0,,0,0,0,0,0,0,0,0,0,0,1,0,0,0,0,0,,,,,,76-80,76+,City street,U,Thursday,Belt Used,PV,Not Fatal,1,0,0,0,City Street,Municipal/City Police,Lacey Police Department,0,0,0,1,0,,,,,,0,0,0,,,,,,,,,,,,,,,,,,,,,,,,,,,,,,,,,,,
2021,385,635941,29,09-25-2021,09:43,25,9,Sep,,41,Lewis,0,1,,1,1,2,1,0,2,2,,,,12,0,2,Front-to-Front,,1,0,1,No intersection,5,1,2,4,0,0,0,0,CR-TUCKER RD,,-122.7658083,46.496125,98591,0,1,50,Lateral Move(Left/Right),10,2,40,80,0,0,1,5,12,2,2,2,1,14,Making a U turn,1,1,53,,0,52,34,2005,0,0,64,24,35,,,,1,1,31,1,0,0,3,0,99,0,11,8,,,,,0,0,3,2,1,87,0,0,0,96,,,,,,0,,,,,,98837,53,69,165,1,1,0,0,0,0,,97,,,,,,4,05-15-2013,06-15-2013,20,0,0,0,8,9,8,,,0,0,0,8,0,8,95,,,96,,,8,95,995,,,,,,,,,,,,,,,,,,,,,,,,,,,,,,0,0,0,0,0,0,0,0,0,0,0,0,1,1,0,0,0,0,0,0,0,0,0,0,0,0,0,0,0,1,0,0,0,0,0,,0,0,0,0,0,0,0,0,0,1,0,1,0,0,0,0,,,,,,31-35,26-35,Interstate,U,Sunday,Unknown,PV,Not Fatal,0,1,0,0,State Route,State Patrol,Washington State Patrol Headquarter,1,1,0,0,0,,,,,,0,0,2,,,,,,,,,,,,,,,,,,,,,,,,,,,,,,,,,,,
2019,385,634431,7,10-29-2019,10:26,29,10,Oct,,33,King,1050,1,0,1,1,1,1,0,2,2,,,,25,0,0,No vehicle,0.1,3,1,2,4 Way,1,2,1,1,0,0,0,0,I-405 RAMP LX02065,NE 128TH ST,-122.1852806,47.71483889,98034,0,2,98,Others,98,7,60,1,0,0,1,5,54,1,3,2,3,1,Going Straight,1,1,53,,0,49,40,2009,0,0,8,,,,,,1,1,68,1,0,0,0,0,3,0,11,0,,,,,0,0,0,3,1,0,0,0,0,0,,,,,,0,,,,,,98273,53,64,168,6,1,0,0,0,0,,0,,,,,,0,,,20,0,0,0,8,9,8,,,0,0,0,8,0,8,95,,,96,,,8,95,995,,,,,,,,,,,,,,,,,,,,,,,,,,,,,,0,0,0,0,0,0,0,0,0,0,0,0,0,0,0,0,0,0,0,0,0,0,0,0,0,1,0,0,0,1,0,1,0,0,0,,0,0,0,0,0,0,0,0,0,0,0,0,0,0,0,0,,,,,,66-70,66-75,Interstate,R,Tuesday,Belt Used,PV,Not Fatal,0,0,0,0,State Route,State Patrol,Washington State Patrol Headquarter,0,1,0,0,0,,,,,,0,0,0,,,,,,,,,,,,,,,,,,,,,,,,,,,,,,,,,,,
2019,385,634430,7,10-29-2019,10:26,29,10,Oct,,33,King,1050,1,0,1,1,1,1,0,2,2,,,,25,0,0,No vehicle,0.1,3,1,2,4 Way,1,2,1,1,0,0,3,3,I-405 RAMP LX02065,NE 128TH ST,-122.1852806,47.71483889,98034,0,1,1,Driver Off Road,6,1,98,21,0,0,1,7,2,1,3,2,3,1,Going Straight,1,1,53,,0,37,31,2003,0,0,8,,,,,,1,1,36,1,0,0,1,0,3,0,11,0,,,,,0,0,0,3,1,0,0,0,0,0,,,,,,0,,,,,,98273,53,70,160,6,1,0,2,0,4,,0,,,,,,0,09-15-2013,09-15-2017,20,0,0,0,8,9,8,,,0,0,0,8,0,8,95,,,96,,,8,95,995,,,,,,,,,,,,,,,,,,,,,,,,,,,,,,0,0,0,0,0,0,0,0,0,0,0,0,0,0,0,0,0,0,0,0,0,0,0,0,0,1,0,0,0,1,0,1,0,0,0,,0,0,0,0,0,0,0,0,0,0,0,0,0,0,0,0,,,,,,36-40,36-45,Interstate,R,Tuesday,Belt Used,PV,Not Fatal,0,0,0,0,State Route,State Patrol,Washington State Patrol Headquarter,0,1,0,0,0,,,,,,0,0,9,,,,,,,,,,,,,,,,,,,,,,,,,,,,,,,,,,,
2017,385,632858,4,09-23-2017,22:29,23,9,Sep,0,75,Whitman,0,10,0,2,1,2,2,0,3,2,22:34,22:53,23:33,12,0,2,Front-to-Front,61.4,1,0,1,No intersection,3,1,1,2,0,0,0,0,US-395,,-117.3560972,47.217375,99170,0,2,51,Lateral Move(Going Straight),62,4,60,15,0,0,1,2,12,1,2,2,1,1,Going Straight,2,1,53,,0,48,34,1999,0,0,63,39,,,,,1,1,41,1,7,1,4,7,3,0,11,0,09/23/2018,00:01,53041814,41814,0,0,0,0,1,0,0,0,0,92,,,,,,99,,,,,,99354,53,75,220,0,0,1,1,0,1,,0,,,,,,0,06-15-2014,11-15-2016,8,0,0,0,0,9,8,,,0,0,0,8,9,2,1,,,1,,,2,1,0.13,,,,,,,,,,,,,,,,,,,,,,,,,,,,,,0,0,1,0,1,1,0,1,0,0,0,0,0,1,0,0,1,0,0,0,0,0,0,0,0,0,0,0,0,1,0,0,0,0,0,,1,0,0,0,0,1,0,1,1,0,0,1,0,1,0,1,,,,,,41-45,36-45,County road,R,Sunday,Belt Used,PV,White,0,1,0,0,County Road,County Sheriff,Benton County Sheriff's Office,1,0,1,0,0,,,,,,0,1,6,,,,,,,,,,,,,,,,,,,,,,,,,,,,,,,,,,,
2017,385,632857,4,09-23-2017,22:29,23,9,Sep,0,75,Whitman,0,10,0,2,1,2,2,0,3,2,22:34,22:53,23:33,12,0,2,Front-to-Front,61.4,1,0,1,No intersection,3,1,1,2,0,0,0,0,US-395,,-117.3560972,47.217375,99170,0,1,50,Lateral Move(Left/Right),10,2,60,14,0,0,1,2,12,1,2,2,1,1,Going Straight,1,1,53,,0,99,709,9999,0,0,12,,,,,,1,1,38,1,1,1,4,7,19,0,11,0,09-07-2018,21:38,1.36E+11,40157,0,0,0,0,1,0,0,0,0,96,,,,,,99,,,,,,85029,4,67,205,0,0,0,0,0,0,,0,,,,,,0,,,20,8,0,0,0,9,8,,,0,0,0,8,9,2,401,417,605,1,1,1,2,1,0,,,,,,,,,,,,,,,,,,,,,,,,,,,,,,0,0,0,0,0,0,1,1,1,0,0,0,0,1,1,0,1,0,0,0,0,1,1,0,1,0,0,0,1,1,0,0,0,0,1,0,0,0,0,0,0,0,1,1,0,0,0,1,0,0,1,0,,,,,,36-40,36-45,US highway,U,Friday,,MC,Hispanic,0,0,0,0,State Route,Municipal/City Police,Monroe Police Department,0,1,0,0,0,,,,,,0,0,0,1,,,,,695,,,,,,,,,,,,,,,,,,,,,,,,,,,,,
2018,385,633467,35,08-05-2018,20:05,5,8,Aug,0,53,Pierce,0,1,0,1,1,1,1,0,1,1,20:04,20:13,21:28,42,0,0,No vehicle,0.3,1,0,1,No intersection,7,2,2,4,0,0,0,0,CR-218TH AVE CT E,,-122.1382806,47.14528889,98391,0,1,1,Driver Off Road,13,2,25,80,0,0,1,5,42,3,1,2,1,14,Making a U turn,1,0,92,,0,12,401,1992,0,0,12,,,,,,1,1,18,1,0,0,0,0,99,0,11,0,,,,,0,0,0,3,1,0,0,0,0,5,,,,,,0,,,,,,98272,53,71,208,6,1,0,0,0,0,,97,,,,,,0,,,20,0,0,0,8,9,8,,,0,0,0,8,0,2,1,,,1,,,2,1,0,,,,,,,,,,,,,,,,,,,,,,,,,,,,,,0,0,0,0,0,0,1,1,1,0,0,0,0,1,1,0,1,0,0,0,0,1,1,0,1,0,0,0,1,1,0,0,0,0,0,,0,0,0,0,0,0,0,0,1,0,0,0,0,0,0,0,,,,,,18-20,16-25,US highway,U,Friday,Unknown,PV,Not Fatal,0,0,0,0,State Route,Municipal/City Police,Monroe Police Department,0,1,0,0,0,thc,3.1,carboxy-thc,19,,0,0,0,,,,,,,,,,,,,,,,,,,,,,,,,,,,,,,,,,,