year,something,Cases,repjur,crash_dt,crash_tm,accday,Month,Month,holiday,county,co_char,city,weather,weather2,lightcond,surfcond,surftype,Number of Fatalities,nmforms,pforms,vforms,not_tm,arr_tm,hosp_tm,fhevent,hitrun,Manner of Collision,Manner of Collision,milepnt,reljunc,reljuncinter,intersectiontype,Intersection Type,funcsystem,landuse,ownership,route,schlbus,spejur,contdev,devfunc,trafid1,trafid2,x,y,zipcode,wk_zone,vnumber,crashtype,Crash Type,criticalevent,criticaleventcat,spdlim,body,trailer,emerg,hazcargo,leave,mhevent,roadalgn,roadprof,traflane,trafflow,Vehicle Manure,Vehicle Manure,numoccs,regowner,regstate,,spuse,make,model,modelyr,vrf1,vrf2,seqevent1,seqevent2,seqevent3,seqevent4,seqevent5,seqevent6,pnumber,ptype,age,sex,hispanic,race,injury,diedscene,restraint,restraintmisuse,seatpos,takehosp,death_dt,death_tm,cert,cernum_wa,commlic,licendor,licrestrict,liccomp,drivpres,drf1,drf2,drf3,drf4,distract1,distract2,distract3,distract4,distract5,distract6,dricond1,dricond2,dricond3,dricond4,dricond5,dricond6,dzip,licstate,drhgt_in,weight,noncdl,noncdltype,prevdwi,prevoth,prevacc,prevspd,prevsus,driviol1,driviol2,driviol3,driviol4,driviol5,driviol6,spdrel,first_dt,last_dt,airbag,ejection,ejectpath,extricat,injurwrk,methalc,methdrug,nmlocat,strikveh,prf1,prf2,prf3,druginv,alcinvol,drugsts,drugres1,drugres2,drugres3,drugtst1,drugtst2,drugtst3,alcsts,alctst,alcres,nmact1,nmact2,nmact3,nmact4,nmact5,nmact6,nmprior1,nmprior2,nmprior3,nmprior4,nmprior5,nmprior6,nmcond1,nmcond2,nmcond3,nmcond4,nmcond5,nmcond6,nmsafe_helmet,nmsafe_pads,nmsafe_oth,nmprev_ref,nmprev_lgt,nmprev_oth,crashlocation,nmcrashtype,crosswalk,schoolzone,sidewalk,train_inv,wildlife_inv,rotr_fars,intersect_fars,Drink and Drive,aid_inv,Drug Positive Drivers,Impaired Drivers,Marijuana Positive,impnm_inv,ainm_inv,dpnm_inv,speed_inv,unlic_inv,unendmc_inv,drowsy_inv,drdist_inv,nmdist_inv,fty_inv,unrestfat_inv,dr1617_inv,dr1820_inv,dr1620_inv,dr2125_inv,dr1625_inv,dr65_inv,dr70_inv,dr75_inv,mc_inv,pv_inv,ht_inv,ped_inv,bike_inv,unrest_fat,mc_fat,unhelmet_mc,pv_fat,ht_fat,ped_fat,bike_fat,dr_alc7,dr_alc8,dr_drug,dr_imp,dr_dist,dr_spd,dr_fty,dr_unlic,dr_alc7only,dr_alc8only,dr_drugonly,dr_drink,nm_imp,nm_alc7,nm_alc8,nm_drug,nm_dist,agegrp1,agegrp2,roadclass,urbrur,dayweek,restuse,vehtype,race_me,intersect,lanedep,oppdir,wrongway,rep_typ,investag,repag_long,rotr,st_rd,cty_rd,city_rd,oth_rd,drug_thc,thc_res,drug_cthc,cthc_res,drug_cann,prevpersemin,prevperse,prevsusoth,drugtst4,drugtst5,drugtst6,drugtst7,drugtst8,drugres4,drugres5,drugres6,drugres7,drugres8,adspresent,adsengaged,adslevel,race1,race2,race3,race4,race5,helmet,helmetmisuse,nmdistract1,nmdistract2,nmdistract3,nmdistract4,nmdistract5,nmdistract6,lab,isedtcase,crf1,crf2,crf3,CoRoadName,CoMP,IntCoRoadName,IntCoMP
2021,386,635944,7,10-01-2021,14:13,1,10,Oct,,33,King,735,1,,1,1,1,1,0,2,2,,,,12,0,1,Front-to-Rear,142.1,1,0,1,No intersection,1,2,1,1,0,0,0,0,I-5,,-122.3060694,47.29043889,98003,0,2,25,Others,53,3,60,34,0,0,1,5,12,1,1,5,3,1,Going Straight,1,1,53,,0,82,881,2015,0,0,12,,,,,,1,1,35,1,0,0,2,0,3,0,11,5,,,,,6,3,0,3,1,0,0,0,0,96,,,,,,0,,,,,,99337,53,69,210,6,1,0,1,1,0,,0,,,,,,0,03-15-2014,09-15-2014,1,0,0,0,8,9,2,,,0,0,0,0,0,8,95,,,96,,,8,95,995,,,,,,,,,,,,,,,,,,,,,,,,,,,,,,0,0,0,1,0,0,1,1,0,0,0,0,0,1,0,0,0,0,0,1,0,1,1,0,1,0,0,0,0,1,1,0,0,0,0,,0,0,0,0,0,0,0,0,0,0,0,0,0,0,0,0,,,,,,31-35,26-35,State route,R,Saturday,,MHTRUCK,Not Fatal,0,1,1,0,State Route,State Patrol,Washington State Patrol,0,1,0,0,0,,,,,,0,0,0,,,,,,,,,,,,,,,,,,,,,,,,,,,,,,,,,,,
2021,386,635943,7,10-01-2021,14:13,1,10,Oct,,33,King,735,1,,1,1,1,1,0,2,2,,,,12,0,1,Front-to-Rear,142.1,1,0,1,No intersection,1,2,1,1,0,0,0,0,I-5,,-122.3060694,47.29043889,98003,0,1,24,Others,6,1,60,80,0,0,1,2,12,1,1,5,3,1,Going Straight,1,1,53,,0,37,31,2000,0,0,68,12,,,,,1,1,19,1,1,98,4,7,3,0,11,0,08/25/2018,04:31,53037649,37649,0,0,0,2,1,28,0,0,0,96,,,,,,9,,,,,,99349,53,68,120,1,1,0,2,0,5,,0,,,,,,0,12-15-2015,06-15-2018,20,0,0,0,0,9,1,,,0,0,0,1,9,2,401,417,,1,1,,2,1,0,,,,,,,,,,,,,,,,,,,,,,,,,,,,,,0,0,0,1,0,0,1,1,0,0,0,0,0,1,0,0,0,0,0,1,0,1,1,0,1,0,0,0,0,1,1,0,0,0,0,,1,0,0,0,0,0,1,1,0,0,0,1,0,0,1,0,,,,,,18-20,16-25,State route,R,Saturday,Belt Used,PV,Hispanic,0,1,1,0,State Route,State Patrol,Washington State Patrol,0,1,0,0,0,,,,,,0,0,5,,,,,,,,,,,,,,,,,,,,,,,,,,,,,,,,,,,
2020,386,635128,55,10-04-2020,22:31,4,10,Oct,,33,King,100,1,,3,1,2,1,0,1,1,,,,10,0,0,No vehicle,0,6,0,1,No intersection,5,2,4,6,0,0,65,3,W MAIN ST,,-122.2389722,47.30771667,98001,0,1,98,Others,98,7,25,4,0,0,1,2,10,1,1,2,1,5,Others,1,1,53,,0,23,481,1985,0,0,12,,,,,,1,1,55,1,7,1,4,7,3,0,11,0,09/13/2018,08:02,53040162,40162,0,0,3,3,1,0,0,0,0,96,,,,,,99,,,,,,98293,53,67,180,6,1,0,0,0,0,,0,,,,,,0,,,20,0,0,0,0,9,8,,,0,0,0,8,0,2,1,,,1,,,2,1,0,,,,,,,,,,,,,,,,,,,,,,,,,,,,,,0,0,0,0,0,0,0,0,0,0,0,0,1,0,0,0,0,0,0,0,0,0,0,0,0,0,0,0,0,1,1,0,0,0,0,,1,0,0,0,0,0,0,0,0,0,0,0,0,0,0,0,,,,,,51-55,46-55,US highway,R,Thursday,Belt Used,PV,White,0,1,1,0,State Route,State Patrol,Washington State Patrol,0,1,0,0,0,,,,,,0,0,0,,,,,,,,,,,,,,,,,,,,,,,,,,,,,,,,,,,
2019,386,634433,188,10-22-2019,13:01,22,10,Oct,,33,King,1264,2,0,1,2,1,1,0,2,2,,,,12,0,6,Angle,11.7,2,0,2,4 Way,3,2,1,3,0,0,3,3,SR-169,SE 264TH ST,-122.0217917,47.36520833,98038,0,2,69,Initial Opposite Direction(Going Straight),62,4,35,63,0,0,1,7,12,1,1,5,1,1,Going Straight,1,3,53,,0,87,881,1985,0,0,68,12,,,,,1,1,27,1,0,0,3,0,2,0,11,5,,,,,6,1,0,3,1,26,28,0,0,96,,,,,,0,,,,,,98201,53,73,280,6,1,0,1,0,1,,97,,,,,,4,06-15-2014,05-15-2018,20,0,0,0,8,9,8,,,0,0,0,8,0,2,1,,,1,,,2,1,0,,,,,,,,,,,,,,,,,,,,,,,,,,,,,,0,0,0,0,0,0,0,0,0,0,0,0,1,0,0,0,0,0,0,0,0,0,0,0,0,0,0,0,0,1,1,0,0,0,0,,0,0,0,0,0,0,0,0,0,1,0,0,0,0,0,0,,,,,,26-30,26-35,US highway,R,Thursday,,MHTRUCK,Not Fatal,0,1,1,0,State Route,State Patrol,Washington State Patrol,0,1,0,0,0,,,,,,0,0,0,,,,,,,,,,,,,,,,,,,,,,,,,,,,,,,,,,,
2019,386,634432,188,10-22-2019,13:01,22,10,Oct,,33,King,1264,2,0,1,2,1,1,0,2,2,,,,12,0,6,Angle,11.7,2,0,2,4 Way,3,2,1,3,0,0,3,3,SR-169,SE 264TH ST,-122.0217917,47.36520833,98038,0,1,68,Initial Opposite Direction(Left/Right),15,2,35,4,0,0,1,7,12,1,1,5,1,11,Turning Red: Permitted on red,1,1,53,,0,35,50,2012,0,0,12,,,,,,1,1,18,1,0,0,0,0,3,0,11,0,,,,,0,0,3,3,1,0,0,0,0,96,,,,,,0,,,,,,85365,4,71,170,6,1,0,0,0,0,,0,,,,,,0,,,20,0,0,0,8,9,8,,,0,0,0,8,0,8,95,,,96,,,8,95,995,,,,,,,,,,,,,,,,,,,,,,,,,,,,,,0,0,0,0,0,0,1,1,0,0,0,0,0,0,0,0,0,0,0,1,0,1,1,0,1,0,0,0,0,1,0,0,0,0,0,,0,0,0,0,0,0,0,0,0,0,0,0,0,0,0,0,,,,,,18-20,16-25,Interstate,U,Tuesday,Belt Used,PV,Not Fatal,0,0,0,0,State Route,State Patrol,WASHINGTON STATE PATROL,0,1,0,0,0,,,,,,0,0,0,,,,,,,,,,,,,,,,,,,,,,,,,,,,,,,,,,,
2018,386,633595,290,10-03-2018,19:00,3,10,Oct,0,53,Pierce,2230,1,0,5,1,2,1,0,2,2,,,,12,0,6,Angle,0,2,0,3,T Intersection,4,2,4,6,0,0,0,0,N NARROWS DR,N JACKSON AVE,-122.53705,47.26473333,98406,0,2,83,Others,67,4,35,80,0,0,1,7,12,3,8,2,1,14,Making a U turn,1,1,53,,0,12,422,2003,0,0,12,63,42,2,,,1,1,52,1,7,1,4,7,20,0,11,0,09/19/2018,00:01,53042396,42396,6,3,0,3,1,0,0,0,0,96,,,,,,99,,,,,,98201,53,73,280,6,1,0,1,0,1,,0,,,,,,0,06-15-2014,05-15-2018,99,0,0,0,0,9,1,,,0,0,0,1,9,2,155,401,376,1,1,1,2,1,0,,,,,,,,,,,,,,,,,,,,,,,,,,,,,,0,0,0,0,0,0,1,1,0,0,0,0,0,0,0,0,0,0,0,1,0,1,1,0,1,0,0,0,0,1,0,0,0,1,0,,1,0,0,0,0,0,1,1,0,0,0,0,0,0,1,0,,,,,,51-55,46-55,Interstate,U,Tuesday,Not Used,PV,White,0,0,0,0,State Route,State Patrol,WASHINGTON STATE PATROL,0,1,0,0,0,,,,,,0,0,1,1,1,1,,,343,417,151,996,,,,,,,,,,,,,,,,,,,,,,,,,,
2018,386,633594,290,10-03-2018,19:00,3,10,Oct,0,53,Pierce,2230,1,0,5,1,2,1,0,2,2,,,,12,0,6,Angle,0,2,0,3,T Intersection,4,2,4,6,0,0,20,3,N NARROWS DR,N JACKSON AVE,-122.53705,47.26473333,98406,0,1,82,Turn Into Opp Direction(Turning Left),15,2,35,4,0,0,1,7,12,3,2,2,1,11,Turning Red: Permitted on red,1,1,53,,0,20,404,2015,0,0,71,42,,,,,1,1,56,1,7,1,4,7,3,0,11,0,07/20/2018,22:09,1.59E+11,33720,0,0,0,3,1,0,0,0,0,96,,,,,,9,,,,,,98501,53,77,325,6,1,0,0,0,0,,0,,,,,,0,,,8,0,0,0,0,9,8,,,0,0,0,8,1,2,996,996,,1,1,,2,1,0.21,,,,,,,,,,,,,,,,,,,,,,,,,,,,,,0,0,0,1,1,1,1,1,0,0,0,0,0,0,0,0,0,0,0,0,0,0,0,0,0,0,0,0,0,1,0,0,0,0,0,,1,0,0,0,0,1,1,1,0,0,0,0,0,0,0,1,,,,,,56-60,56-65,City street,U,Friday,Belt Used,PV,White,1,0,0,0,City Street,Municipal/City Police,Olympia Police Department,0,0,0,1,0,,,,,,0,0,0,,,,,,,,,,,,,,,,,,,,,,,,,,,,,,,,,,,
2017,386,632873,6,09-25-2017,21:37,25,9,Sep,0,25,Grant,0,1,0,2,1,2,1,0,2,2,21:32,21:41,,12,0,2,Front-to-Front,10.9,1,0,1,No intersection,4,1,1,3,0,0,0,0,SR-243,,-119.9166417,46.71251111,99349,0,2,51,Lateral Move(Going Straight),62,4,55,66,1,0,1,2,2,3,1,2,1,14,Making a U turn,1,1,53,,0,2,404,2018,0,0,12,1,,,,,1,1,25,2,0,0,0,0,3,0,11,0,,,,,0,0,0,3,1,0,0,0,0,96,,,,,,0,,,,,,98446,53,67,155,6,1,0,0,0,0,,0,,,,,,0,,,8,0,0,0,8,9,2,,,0,0,0,0,0,8,95,,,96,,,8,95,995,,,,,,,,,,,,,,,,,,,,,,,,,,,,,,0,0,0,0,0,0,0,0,0,0,0,0,0,0,0,0,0,0,1,0,0,1,1,1,1,0,0,0,0,1,0,0,0,0,0,,0,0,0,0,0,0,0,0,0,0,0,0,0,0,0,0,,,,,,21-25,16-25,City street,U,Wednesday,Belt Used,PV,Not Fatal,0,0,0,0,City Street,Municipal/City Police,Lakewood Police Department,0,0,0,1,0,,,,,,0,0,0,,,,,,,,,,,,,,,,,,,,,,,,,,,,,,,,,,,
2017,386,632872,6,09-25-2017,21:37,25,9,Sep,0,25,Grant,0,1,0,2,1,2,1,0,2,2,21:32,21:41,,12,0,2,Front-to-Front,10.9,1,0,1,No intersection,4,1,1,3,0,0,0,0,SR-243,,-119.9166417,46.71251111,99349,0,1,50,Lateral Move(Left/Right),10,2,98,4,0,0,1,2,12,2,1,2,1,14,Making a U turn,1,4,53,,0,37,32,2001,0,0,12,,,,,,1,1,18,2,0,0,0,0,3,0,11,0,,,,,0,0,0,3,1,38,0,0,0,96,,,,,,0,,,,,,98467,53,64,130,6,7,0,0,0,0,,97,,,,,,0,,,20,0,0,0,8,9,8,,,0,0,0,8,0,8,95,,,96,,,8,95,995,,,,,,,,,,,,,,,,,,,,,,,,,,,,,,0,0,0,0,0,0,0,0,0,0,0,0,0,0,0,0,0,0,1,0,0,1,1,1,1,0,0,0,0,1,0,0,0,0,0,,0,0,0,0,0,0,0,0,0,0,1,0,0,0,0,0,,,,,,18-20,16-25,City street,U,Wednesday,Belt Used,PV,Not Fatal,0,0,0,0,City Street,Municipal/City Police,Lakewood Police Department,0,0,0,1,0,,,,,,0,0,0,,,,,,,,,,,,,,,,,,,,,,,,,,,,,,,,,,,
2019,387,3705992,263,10-21-2019,19:24,21,10,Oct,,33,King,1960,2,0,3,2,2,1,1,1,1,,,,8,0,0,No vehicle,31.7,3,0,3,T Intersection,3,2,1,3,0,0,0,0,SR-99,N 98TH ST,-122.3447278,47.70052222,98103,0,1,13,Pedestrian/Animal,80,5,35,61,0,0,1,5,8,1,1,2,3,1,Going Straight,1,3,53,,0,32,42,2001,0,0,63,42,1,,,,1,1,33,1,0,0,3,0,3,0,11,1,,,,,0,0,0,3,1,91,0,0,0,3,,,,,,9,,,,,,98245,53,74,185,6,1,0,0,0,0,,1,,,,,,0,,,8,0,0,0,8,9,8,,,0,0,0,8,1,2,605,695,,1,1,,2,1,0.13,,,,,,,,,,,,,,,,,,,,,,,,,,,,,,0,0,1,0,1,1,1,1,1,0,0,0,0,0,0,0,1,0,0,1,0,0,0,0,0,0,0,0,0,1,0,0,0,0,0,,0,0,0,0,0,1,1,1,1,0,0,0,0,0,0,1,,,,,,31-35,26-35,County road,R,Wednesday,Belt Used,PV,Not Fatal,0,0,0,0,County Road,County Sheriff,San Juan County Sheriff's Office,0,0,1,0,0,thc,2.3,carboxy-thc,41,,0,0,0,,,,,,,,,,,,,,,,,,,,,,,,,,,,,,,,,,,
2021,387,635945,8,10-02-2021,00:48,2,10,Oct,,27,Grays Harbor,0,5,,2,1,2,1,1,1,2,,,,8,0,0,No vehicle,14.9,1,0,1,No intersection,2,2,1,2,0,0,0,0,US-12,,-123.51165,46.99410278,98583,0,1,13,Pedestrian/Animal,80,5,60,3,0,0,1,2,8,1,1,2,3,1,Going Straight,1,1,53,,0,48,45,2017,0,0,12,,,,,,1,1,19,2,0,0,2,0,3,0,11,5,,,,,0,0,0,3,1,0,0,0,0,96,,,,,,0,,,,,,98292,53,65,135,6,1,0,0,2,2,,0,,,,,,0,02-15-2014,01-15-2018,8,0,0,0,8,9,8,,,0,0,0,8,0,8,95,,,96,,,8,95,995,,,,,,,,,,,,,,,,,,,,,,,,,,,,,,0,0,0,1,0,0,1,1,0,0,0,0,0,0,0,0,0,0,0,1,0,1,1,0,1,0,0,0,0,1,0,0,0,0,0,,0,0,0,0,0,0,0,0,0,0,0,0,0,0,0,0,,,,,,18-20,16-25,County road,R,Wednesday,Belt Used,PV,Not Fatal,1,0,0,0,County Road,County Sheriff,Snohomish County Sheriff's Office,0,0,1,0,0,,,,,,0,0,2,,,,,,,,,,,,,,,,,,,,,,,,,,,,,,,,,,,
2020,387,635131,160,10-03-2020,16:51,3,10,Oct,,33,King,1030,10,,1,1,2,1,1,3,3,17:01,17:04,17:34,8,0,0,No vehicle,0,3,0,2,4 Way,4,2,4,6,0,0,3,3,SE 208TH ST,108TH AVE SE,-122.197,47.41583889,98031,0,3,98,Others,98,7,40,15,0,0,1,5,12,1,2,5,1,5,Others,1,1,53,,0,49,402,2013,0,0,12,63,1,2,,,1,1,60,2,7,1,4,7,20,0,11,0,09-12-2018,10:56,53040201,40201,0,0,0,3,1,39,0,0,0,96,,,,,,99,,,,,,98271,53,65,135,6,1,0,0,0,0,,0,,,,,,0,,,99,2,9,0,0,9,8,,,0,0,0,8,9,2,155,,,1,,,2,1,0,,,,,,,,,,,,,,,,,,,,,,,,,,,,,,0,0,0,1,0,0,1,1,0,0,0,0,0,0,0,0,0,0,0,1,0,1,1,0,1,0,0,0,0,1,0,0,0,1,0,,1,0,0,0,0,0,1,1,0,0,0,0,0,0,1,0,,,,,,56-60,56-65,County road,R,Wednesday,Not Used,PV,White,1,0,0,0,County Road,County Sheriff,Snohomish County Sheriff's Office,0,0,1,0,0,,,,,,0,0,0,,,,,,,,,,,,,,,,,,,,,,,,,,,,,,,,,,,
2020,387,635130,160,10-03-2020,16:51,3,10,Oct,,33,King,1030,10,,1,1,2,1,1,3,3,17:01,17:04,17:34,8,0,0,No vehicle,0,3,0,2,4 Way,4,2,4,6,0,0,3,3,SE 208TH ST,108TH AVE SE,-122.197,47.41583889,98031,0,2,98,Others,98,7,40,3,0,0,1,2,12,1,2,5,1,5,Others,1,2,53,,0,85,881,2017,0,0,8,,,,,,1,1,68,1,0,0,0,0,3,0,11,0,,,,,99,9,9,9,1,0,0,0,0,96,,,,,,0,,,,,,0,95,,999,9,9,99,99,99,99,,0,,,,,,0,,,20,0,0,0,8,9,8,,,0,0,0,8,0,8,95,,,96,,,8,95,995,,,,,,,,,,,,,,,,,,,,,,,,,,,,,,0,0,0,0,0,0,0,0,0,1,0,1,0,0,0,0,0,0,0,0,0,0,0,0,0,1,0,0,0,0,1,1,0,0,0,,0,0,0,0,0,0,0,0,0,0,0,0,0,0,0,0,,,,,,66-70,66-75,Interstate,U,Friday,,MHTRUCK,Not Fatal,0,0,0,0,State Route,State Patrol,Washington State Patrol,0,1,0,0,0,,,,,,99,99,99,,,,,,,,,,,,,,,,,,,,,,,,,,,,,,,,,,,
2020,387,635129,160,10-03-2020,16:51,3,10,Oct,,33,King,1030,10,,1,1,2,1,1,3,3,17:01,17:04,17:34,8,0,0,No vehicle,0,3,0,2,4 Way,4,2,4,6,0,0,3,3,SE 208TH ST,108TH AVE SE,-122.197,47.41583889,98031,0,1,13,Pedestrian/Animal,8,1,40,14,0,0,1,2,8,1,2,5,1,5,Others,1,1,53,,0,49,32,2011,0,0,8,,,,,,1,1,26,1,0,0,0,0,3,0,11,0,,,,,0,0,0,3,1,0,0,0,0,96,,,,,,99,,,,,,98403,53,65,250,6,1,0,1,0,3,,0,,,,,,0,01-15-2014,06-15-2018,8,0,0,0,8,9,8,,,0,0,0,8,9,2,695,605,,1,1,,2,1,0,,,,,,,,,,,,,,,,,,,,,,,,,,,,,,0,0,0,0,0,0,1,1,1,1,0,1,0,0,0,0,0,0,0,0,0,0,0,0,0,0,0,0,0,1,0,1,0,0,0,,0,0,0,0,0,0,1,1,0,0,0,0,0,0,1,0,,,,,,26-30,26-35,State route,U,Monday,Belt Used,PV,Not Fatal,0,0,0,0,State Route,State Patrol,Washington State Patrol,0,1,0,0,0,thc,5.6,carboxy-thc,37,,0,0,0,,,,,,,,,,,,,,,,,,,,,,,,,,,,,,,,,,,
2018,387,633643,5,10-11-2018,20:39,11,10,Oct,0,11,Clark,0,1,0,2,1,2,1,1,1,1,,,,8,0,0,No vehicle,16,1,0,1,No intersection,1,1,1,1,0,0,0,0,I-5,,-122.6974639,45.84106389,,0,1,13,Pedestrian/Animal,80,5,70,6,0,0,1,2,8,4,2,3,3,14,Making a U turn,1,3,53,,0,85,881,2018,0,0,12,68,64,38,,,1,1,52,1,0,0,1,0,3,0,11,4,,,,,6,3,0,3,1,0,0,0,0,96,,,,,,0,,,,,,98944,53,69,210,6,1,0,2,0,0,,0,,,,,,0,03-15-2014,09-15-2014,20,0,0,0,8,9,2,,,0,0,0,0,0,8,95,,,96,,,8,95,995,,,,,,,,,,,,,,,,,,,,,,,,,,,,,,0,0,0,0,0,0,0,0,0,0,0,0,0,0,0,0,0,0,0,1,0,0,0,0,0,0,0,0,0,1,1,0,0,0,0,,0,0,0,0,0,0,0,0,0,0,0,0,0,0,0,0,,,,,,51-55,46-55,US highway,R,Friday,,MHTRUCK,Not Fatal,0,1,1,0,State Route,State Patrol,Washington State Patrol,0,1,0,0,0,,,,,,0,0,0,,,,,,,,,,,,,,,,,,,,,,,,,,,,,,,,,,,
2017,387,632841,2,09-19-2017,18:28,19,9,Sep,0,61,Snohomish,1280,2,0,1,2,2,1,0,1,1,,,,38,0,0,No vehicle,0.1,5,1,1,No intersection,1,2,1,1,0,0,0,0,I-5 RAMP Q119958,,-122.1838028,48.05285278,98270,0,1,2,Control/Traction Loss,13,2,60,34,0,0,1,2,42,3,2,1,6,14,Making a U turn,1,1,53,,0,23,461,2004,0,0,63,69,68,12,,,1,1,54,1,1,98,4,7,3,0,11,0,08/31/2018,05:48,53039361,39361,0,0,0,3,1,28,0,0,0,96,,,,,,99,,,,,,95841,6,64,160,6,1,0,0,0,0,,0,,,,,,0,,,8,0,0,0,0,9,8,,,0,0,0,8,9,2,1,,,1,,,2,1,0,,,,,,,,,,,,,,,,,,,,,,,,,,,,,,0,0,0,0,0,0,0,0,0,0,0,0,0,0,0,0,0,0,0,1,0,0,0,0,0,0,0,0,0,1,1,0,0,0,0,,1,0,0,0,0,0,0,0,0,0,0,0,0,0,0,0,,,,,,51-55,46-55,US highway,R,Friday,Belt Used,PV,Hispanic,0,1,1,0,State Route,State Patrol,Washington State Patrol,0,1,0,0,0,,,,,,0,0,0,,,,,,,,,,,,,,,,,,,,,,,,,,,,,,,,,,,
2018,388,3746668,263,10-01-2018,14:31,1,10,Oct,0,33,King,1960,10,0,1,2,2,1,0,2,2,,,,12,0,6,Angle,0,2,0,3,T Intersection,7,2,4,6,0,0,0,0,THORNDYKE AVE W,THORNDYKE PL W,-122.3872472,47.63951389,98199,0,1,83,Others,66,4,30,34,0,0,1,7,12,1,2,2,2,1,Going Straight,1,1,53,,0,52,37,2000,0,0,12,,,,,,1,1,18,1,0,0,1,0,3,0,11,8,,,,,0,0,3,3,1,0,0,0,0,96,,,,,,99,,,,,,98938,53,67,125,6,2,0,0,0,0,,0,,,,,,0,,,20,0,0,0,8,9,8,,,0,0,0,8,9,0,0,,,0,,,0,0,996,,,,,,,,,,,,,,,,,,,,,,,,,,,,,,0,0,0,1,0,0,0,0,0,0,0,0,0,1,0,0,0,0,0,0,0,1,1,0,1,0,0,0,0,1,0,0,0,0,0,,0,0,0,0,0,0,0,0,0,0,0,0,0,0,0,0,,,,,,18-20,16-25,County road,R,Thursday,Belt Used,PV,Not Fatal,1,0,0,0,County Road,County Sheriff,Yakima County Sheriff's Office,0,0,1,0,0,,,,,,0,0,0,,,,,,,,,,,,,,,,,,,,,,,,,,,,,,,,,,,
2018,388,3746668,263,10-01-2018,14:31,1,10,Oct,0,33,King,1960,10,0,1,2,2,1,0,2,2,,,,12,0,6,Angle,0,2,0,3,T Intersection,7,2,4,6,0,0,20,3,THORNDYKE AVE W,THORNDYKE PL W,-122.3872472,47.63951389,98199,0,2,82,Turn Into Opp Direction(Turning Left),15,2,5,4,0,0,1,7,12,1,2,2,1,11,Turning Red: Permitted on red,1,2,53,,0,52,34,2006,0,0,12,,,,,,1,1,18,1,0,0,2,0,3,0,11,8,,,,,0,0,0,0,1,39,0,0,0,96,,,,,,0,,,,,,98944,53,73,168,0,0,0,0,0,0,,97,,,,,,0,,,1,0,0,0,8,9,8,,,0,0,0,8,0,8,95,,,96,,,8,95,995,,,,,,,,,,,,,,,,,,,,,,,,,,,,,,0,0,0,1,0,0,0,0,0,0,0,0,0,1,0,0,0,0,0,0,0,1,1,0,1,0,0,0,0,1,0,0,0,0,0,,0,0,0,0,0,0,0,0,0,0,0,1,0,0,0,0,,,,,,18-20,16-25,County road,R,Thursday,Belt Used,PV,Not Fatal,1,0,0,0,County Road,County Sheriff,Yakima County Sheriff's Office,0,0,1,0,0,,,,,,0,0,0,,,,,,,,,,,,,,,,,,,,,,,,,,,,,,,,,,,
2021,388,635947,229,09-04-2021,19:13,4,9,Sep,,21,Franklin,1660,1,,1,1,2,1,0,4,2,,,,12,0,6,Angle,0,2,0,2,4 Way,4,2,4,6,0,0,0,0,W COURT ST,ROAD 88,-119.2063917,46.24935278,99301,0,2,87,Others,66,4,40,49,0,0,1,2,1,1,1,2,1,1,Going Straight,2,2,53,,0,12,481,1974,0,0,12,,,,,,1,1,44,1,0,0,0,0,2,0,11,0,,,,,0,0,0,3,1,0,0,0,0,96,,,,,,0,,,,,,98675,53,71,210,6,1,0,2,1,0,,0,,,,,,0,11-15-2013,09-15-2015,20,0,0,0,8,9,8,,,0,0,0,8,1,8,95,,,96,,,8,95,995,,,,,,,,,,,,,,,,,,,,,,,,,,,,,,0,0,0,0,1,0,1,1,0,0,0,0,1,0,0,0,0,0,0,0,0,1,1,0,1,0,0,0,0,1,1,0,0,0,0,,0,0,0,0,0,0,0,0,0,0,0,0,0,0,0,1,,,,,,41-45,36-45,County road,R,Friday,Belt Used,PV,Not Fatal,0,1,1,0,County Road,County Sheriff,Clark County Sheriff's Office,0,0,1,0,0,,,,,,0,0,0,,,,,,,,,,,,,,,,,,,,,,,,,,,,,,,,,,,
2021,388,635946,229,09-04-2021,19:13,4,9,Sep,,21,Franklin,1660,1,,1,1,2,1,0,4,2,,,,12,0,6,Angle,0,2,0,2,4 Way,4,2,4,6,0,0,20,3,W COURT ST,ROAD 88,-119.2063917,46.24935278,99301,0,1,86,Others,17,2,25,4,0,0,1,2,12,1,1,2,1,4,Others,2,1,53,,0,12,881,2009,0,0,12,,,,,,1,1,56,1,7,6,4,7,3,0,11,0,09/14/2018,12:23,53040578,40578,6,0,0,3,1,0,0,0,0,96,,,,,,0,,,,,,98682,53,68,210,6,1,0,0,1,0,,0,,,,,,0,01-15-2017,01-15-2017,1,0,0,0,1,9,8,,,0,0,0,8,0,2,996,996,996,1,1,1,2,1,0,,,,,,,,,,,,,,,,,,,,,,,,,,,,,,0,0,0,0,1,0,1,1,0,0,0,0,1,0,0,0,0,0,0,0,0,1,1,0,1,0,0,0,0,1,1,0,0,0,0,,0,1,0,0,0,0,1,1,0,0,0,0,0,0,1,0,,,,,,56-60,56-65,County road,R,Friday,,MHTRUCK,API,0,1,1,0,County Road,County Sheriff,Clark County Sheriff's Office,0,0,1,0,0,,,,,,0,0,0,,,,,,,,,,,,,,,,,,,,,,,,,,,,,,,,,,,