year,something,Cases,repjur,crash_dt,crash_tm,accday,Month,Month,holiday,county,co_char,city,weather,weather2,lightcond,surfcond,surftype,Number of Fatalities,nmforms,pforms,vforms,not_tm,arr_tm,hosp_tm,fhevent,hitrun,Manner of Collision,Manner of Collision,milepnt,reljunc,reljuncinter,intersectiontype,Intersection Type,funcsystem,landuse,ownership,route,schlbus,spejur,contdev,devfunc,trafid1,trafid2,x,y,zipcode,wk_zone,vnumber,crashtype,Crash Type,criticalevent,criticaleventcat,spdlim,body,trailer,emerg,hazcargo,leave,mhevent,roadalgn,roadprof,traflane,trafflow,Vehicle Manure,Vehicle Manure,numoccs,regowner,regstate,,spuse,make,model,modelyr,vrf1,vrf2,seqevent1,seqevent2,seqevent3,seqevent4,seqevent5,seqevent6,pnumber,ptype,age,sex,hispanic,race,injury,diedscene,restraint,restraintmisuse,seatpos,takehosp,death_dt,death_tm,cert,cernum_wa,commlic,licendor,licrestrict,liccomp,drivpres,drf1,drf2,drf3,drf4,distract1,distract2,distract3,distract4,distract5,distract6,dricond1,dricond2,dricond3,dricond4,dricond5,dricond6,dzip,licstate,drhgt_in,weight,noncdl,noncdltype,prevdwi,prevoth,prevacc,prevspd,prevsus,driviol1,driviol2,driviol3,driviol4,driviol5,driviol6,spdrel,first_dt,last_dt,airbag,ejection,ejectpath,extricat,injurwrk,methalc,methdrug,nmlocat,strikveh,prf1,prf2,prf3,druginv,alcinvol,drugsts,drugres1,drugres2,drugres3,drugtst1,drugtst2,drugtst3,alcsts,alctst,alcres,nmact1,nmact2,nmact3,nmact4,nmact5,nmact6,nmprior1,nmprior2,nmprior3,nmprior4,nmprior5,nmprior6,nmcond1,nmcond2,nmcond3,nmcond4,nmcond5,nmcond6,nmsafe_helmet,nmsafe_pads,nmsafe_oth,nmprev_ref,nmprev_lgt,nmprev_oth,crashlocation,nmcrashtype,crosswalk,schoolzone,sidewalk,train_inv,wildlife_inv,rotr_fars,intersect_fars,Drink and Drive,aid_inv,Drug Positive Drivers,Impaired Drivers,Marijuana Positive,impnm_inv,ainm_inv,dpnm_inv,speed_inv,unlic_inv,unendmc_inv,drowsy_inv,drdist_inv,nmdist_inv,fty_inv,unrestfat_inv,dr1617_inv,dr1820_inv,dr1620_inv,dr2125_inv,dr1625_inv,dr65_inv,dr70_inv,dr75_inv,mc_inv,pv_inv,ht_inv,ped_inv,bike_inv,unrest_fat,mc_fat,unhelmet_mc,pv_fat,ht_fat,ped_fat,bike_fat,dr_alc7,dr_alc8,dr_drug,dr_imp,dr_dist,dr_spd,dr_fty,dr_unlic,dr_alc7only,dr_alc8only,dr_drugonly,dr_drink,nm_imp,nm_alc7,nm_alc8,nm_drug,nm_dist,agegrp1,agegrp2,roadclass,urbrur,dayweek,restuse,vehtype,race_me,intersect,lanedep,oppdir,wrongway,rep_typ,investag,repag_long,rotr,st_rd,cty_rd,city_rd,oth_rd,drug_thc,thc_res,drug_cthc,cthc_res,drug_cann,prevpersemin,prevperse,prevsusoth,drugtst4,drugtst5,drugtst6,drugtst7,drugtst8,drugres4,drugres5,drugres6,drugres7,drugres8,adspresent,adsengaged,adslevel,race1,race2,race3,race4,race5,helmet,helmetmisuse,nmdistract1,nmdistract2,nmdistract3,nmdistract4,nmdistract5,nmdistract6,lab,isedtcase,crf1,crf2,crf3,CoRoadName,CoMP,IntCoRoadName,IntCoMP
2019,388,634436,42,10-31-2019,21:11,31,10,Oct,,67,Thurston,0,1,0,2,1,2,1,0,1,1,,,,42,0,0,No vehicle,11.3,1,0,1,No intersection,5,1,2,4,0,0,0,0,CR-BALD HILL RD SE,,-122.4755556,46.81701389,98597,0,1,6,Drive off road,13,2,50,4,0,0,1,7,42,3,1,2,1,14,Making a U turn,1,1,53,,0,23,401,2004,0,0,68,68,68,12,12,,1,1,18,1,0,0,2,0,3,0,11,5,,,,,0,0,3,3,1,33,28,0,0,96,,,,,,0,,,,,,98684,53,74,180,6,1,0,0,0,0,,97,,,,,,3,,,1,0,0,0,8,9,8,,,0,0,0,8,0,2,1,,,1,,,2,1,0,,,,,,,,,,,,,,,,,,,,,,,,,,,,,,0,0,0,0,1,0,1,1,0,0,0,0,1,0,0,0,0,0,0,0,0,1,1,0,1,0,0,0,0,1,1,0,0,0,0,,0,0,0,0,0,0,0,0,0,1,0,0,0,0,0,0,,,,,,18-20,16-25,County road,R,Friday,Belt Used,PV,Not Fatal,0,1,1,0,County Road,County Sheriff,Clark County Sheriff's Office,0,0,1,0,0,,,,,,0,0,0,,,,,,,,,,,,,,,,,,,,,,,,,,,,,,,,,,,
2017,388,632863,1,09-26-2017,05:30,26,9,Sep,0,37,Kittitas,0,1,0,2,1,2,1,0,1,2,,,,12,0,6,Angle,121.7,1,0,1,No intersection,1,1,1,1,0,0,0,0,I-90,,-120.0852389,46.94292778,,0,2,98,Others,90,6,70,14,0,0,1,2,12,2,2,2,2,14,Making a U turn,1,2,53,,0,71,706,2010,0,0,1,63,41,,,,1,1,43,1,6,1,4,0,5,0,11,4,09/15/2018,08:52,1.66E+11,40787,0,0,0,3,1,0,0,0,0,96,,,,,,99,,,,,,99301,53,69,200,6,1,0,0,0,1,,0,,,,,,4,11-15-2013,11-15-2013,20,8,0,0,0,9,8,,,0,0,0,8,9,2,1,,,1,,,2,1,0,,,,,,,,,,,,,,,,,,,,,,,,,,,,,,0,0,0,0,0,0,0,0,0,0,0,0,1,0,0,0,0,0,0,0,0,0,0,0,0,0,0,0,1,0,0,0,0,0,1,0,0,0,0,0,0,0,0,0,0,1,0,0,0,0,0,0,,,,,,41-45,36-45,Interstate,U,Saturday,,MC,Hispanic,0,0,0,0,State Route,State Patrol,Washington State Patrol,0,1,0,0,0,,,,,,0,0,0,,,,,,,,,,,,,,,,,,,,,,,,,,,,,,,,,,,
2021,389,635949,4,10-01-2021,16:55,1,10,Oct,,63,Spokane,0,1,,1,1,2,1,0,2,2,,,,12,0,6,Angle,291.8,2,0,2,4 Way,2,2,1,2,0,0,0,0,US-2,COLBERT RD,-117.3471972,47.82445833,99005,0,2,88,Striking from the Left,66,4,60,80,0,0,1,2,12,3,1,3,2,14,Making a U turn,1,1,53,,0,85,881,2013,0,0,12,,,,,,1,1,26,1,0,0,2,0,3,0,11,5,,,,,6,1,0,3,1,0,0,0,0,96,,,,,,0,,,,,,98065,53,73,165,6,1,0,0,1,0,,0,,,,,,0,12-15-2016,12-15-2016,20,0,0,0,8,9,8,,,0,0,0,8,0,8,95,,,96,,,8,95,995,,,,,,,,,,,,,,,,,,,,,,,,,,,,,,0,0,0,0,0,0,0,0,0,0,0,0,0,0,0,0,0,0,0,1,0,0,0,0,0,0,0,0,0,1,1,0,0,0,0,,0,0,0,0,0,0,0,0,0,0,0,0,0,0,0,0,,,,,,26-30,26-35,State route,R,Wednesday,,MHTRUCK,Not Fatal,0,1,1,0,State Route,State Patrol,Washington State Patrol,0,1,0,0,0,,,,,,0,0,0,,,,,,,,,,,,,,,,,,,,,,,,,,,,,,,,,,,
2021,389,635948,4,10-01-2021,16:55,1,10,Oct,,63,Spokane,0,1,,1,1,2,1,0,2,2,,,,12,0,6,Angle,291.8,2,0,2,4 Way,2,2,1,2,0,0,20,3,US-2,COLBERT RD,-117.3471972,47.82445833,99005,0,1,89,Others,17,2,60,15,0,0,1,2,12,8,8,2,1,4,Others,1,1,53,,0,37,402,2008,0,0,68,12,63,24,2,1,1,1,56,2,7,1,4,7,20,0,11,0,09-05-2018,11:39,53068996,68996,0,0,0,3,1,28,0,0,0,96,,,,,,99,,,,,,98053,53,61,126,6,1,0,0,0,0,,0,,,,,,0,,,1,2,9,0,0,9,8,,,0,0,0,8,9,2,1,,,1,,,2,1,0,,,,,,,,,,,,,,,,,,,,,,,,,,,,,,0,0,0,0,0,0,0,0,0,0,0,0,0,0,0,0,0,0,0,1,0,0,0,0,0,0,0,0,0,1,1,0,0,1,0,,1,0,0,0,0,0,0,0,0,0,0,0,0,0,0,0,,,,,,56-60,56-65,State route,R,Wednesday,Not Used,PV,White,0,1,1,0,State Route,State Patrol,Washington State Patrol,0,1,0,0,0,,,,,,0,0,0,,,,,,,,,,,,,,,,,,,,,,,,,,,,,,,,,,,
2020,389,634879,7,07-04-2020,01:36,4,7,July,,33,King,1960,1,,3,1,1,1,2,1,1,01:39,01:46,02:03,8,0,0,No vehicle,166.3,1,0,1,No intersection,1,2,1,1,0,0,0,0,I-5,,-122.3292,47.61623056,98191,0,1,13,Pedestrian/Animal,80,5,60,4,0,0,1,2,8,1,1,5,3,98,Others,1,1,53,,0,35,402,2013,0,0,12,,,,,,1,1,68,1,0,0,0,0,3,0,11,0,,,,,0,0,3,3,1,0,0,0,0,96,,,,,,0,,,,,,98580,53,69,260,6,1,0,0,1,0,,0,,,,,,0,03-15-2018,03-15-2018,20,0,0,0,8,9,8,,,0,0,0,8,0,8,95,,,96,,,8,95,995,,,,,,,,,,,,,,,,,,,,,,,,,,,,,,0,0,0,0,0,0,1,1,0,0,0,0,0,0,0,0,0,0,0,1,0,0,0,0,0,1,0,0,0,1,0,0,0,0,0,,0,0,0,0,0,0,0,0,0,0,0,0,0,0,0,0,,,,,,66-70,66-75,State route,U,Friday,Belt Used,PV,Not Fatal,0,1,1,0,State Route,State Patrol,Washington State Patrol,0,1,0,0,0,,,,,,0,0,0,,,,,,,,,,,,,,,,,,,,,,,,,,,,,,,,,,,
2019,389,634437,1,10-26-2019,23:33,26,10,Oct,,77,Yakima,0,1,0,2,1,2,1,0,1,1,,,,24,0,0,No vehicle,198.5,1,0,1,No intersection,3,2,1,2,0,0,0,0,US-12,,-120.58535,46.63118333,98902,0,1,6,Drive off road,12,2,60,14,0,0,1,2,1,2,2,2,3,14,Making a U turn,1,1,53,,0,12,444,2013,0,0,12,12,,,,,1,1,56,1,0,0,1,0,3,0,11,8,,,,,0,0,3,3,1,0,0,0,0,96,,,,,,0,,,,,,98597,53,69,160,6,1,0,0,0,0,,0,,,,,,0,,,1,0,0,0,8,9,8,,,0,0,0,8,0,8,95,,,96,,,8,95,995,,,,,,,,,,,,,,,,,,,,,,,,,,,,,,0,0,0,0,0,0,1,1,0,0,0,0,0,0,0,0,0,0,0,1,0,0,0,0,0,1,0,0,0,1,0,0,0,0,0,,0,0,0,0,0,0,0,0,0,0,0,0,0,0,0,0,,,,,,56-60,56-65,State route,U,Friday,Belt Used,PV,Not Fatal,0,1,1,0,State Route,State Patrol,Washington State Patrol,0,1,0,0,0,,,,,,0,0,0,,,,,,,,,,,,,,,,,,,,,,,,,,,,,,,,,,,
2018,389,633644,346,10-18-2018,08:10,18,10,Oct,0,63,Spokane,1165,1,0,1,1,2,1,1,1,1,08:18,08:32,08:59,8,1,0,No vehicle,0,3,0,2,4 Way,7,2,4,6,0,0,0,0,COUNTRY VISTA DR,E MISSION AVE,-117.0755917,47.67129167,99019,0,1,13,Pedestrian/Animal,80,5,25,34,0,0,1,5,8,1,1,2,1,1,Going Straight,1,1,53,,0,55,33,2016,0,0,12,,,,,,1,1,49,2,0,0,1,0,3,0,11,8,,,,,0,0,3,3,1,0,0,0,0,96,,,,,,0,,,,,,98580,53,67,190,6,1,0,0,0,0,,0,,,,,,0,,,8,0,0,0,8,9,8,,,0,0,0,8,0,8,95,,,96,,,8,95,995,,,,,,,,,,,,,,,,,,,,,,,,,,,,,,0,0,0,0,0,0,1,1,0,0,0,0,0,0,0,0,0,0,0,1,0,0,0,0,0,1,0,0,0,1,0,0,0,0,0,,0,0,0,0,0,0,0,0,0,0,0,0,0,0,0,0,,,,,,46-50,46-55,State route,U,Friday,Belt Used,PV,Not Fatal,0,1,1,0,State Route,State Patrol,Washington State Patrol,0,1,0,0,0,,,,,,0,0,0,,,,,,,,,,,,,,,,,,,,,,,,,,,,,,,,,,,
2017,389,632813,146,09-10-2017,20:09,10,9,Sep,0,77,Yakima,0,1,0,2,1,2,1,0,2,2,19:38,19:51,21:23,12,0,6,Angle,4.3,8,0,1,No intersection,5,1,2,4,0,3,0,0,CR-W WAPATO RD,,-120.5200528,46.44836667,98951,0,2,98,Others,53,3,55,34,0,0,1,5,12,1,1,2,1,11,Turning Red: Permitted on red,1,3,53,,0,20,22,2005,0,0,68,12,12,,,,1,1,49,2,7,1,4,7,20,0,11,0,09-07-2018,17:28,53040576,40576,0,0,0,3,1,28,0,0,0,96,,,,,,99,,,,,,98499,53,66,200,6,1,0,1,2,5,,0,,,,,,0,01-15-2015,09-15-2016,8,0,0,0,0,9,8,,,0,0,0,8,9,2,401,417,,1,1,,2,1,0,,,,,,,,,,,,,,,,,,,,,,,,,,,,,,0,0,0,0,0,0,1,1,0,0,0,0,0,0,0,0,0,0,0,1,0,0,0,0,0,1,0,0,0,1,0,0,0,1,0,,1,0,0,0,0,0,1,1,0,0,0,0,0,0,1,0,,,,,,46-50,46-55,State route,U,Friday,Not Used,PV,White,0,1,1,0,State Route,State Patrol,Washington State Patrol,0,1,0,0,0,,,,,,0,0,0,,,,,,,,,,,,,,,,,,,,,,,,,,,,,,,,,,,
2017,389,632812,146,09-10-2017,20:09,10,9,Sep,0,77,Yakima,0,1,0,2,1,2,1,0,2,2,19:38,19:51,21:23,12,0,6,Angle,4.3,8,0,1,No intersection,5,1,2,4,0,3,0,0,CR-W WAPATO RD,,-120.5200528,46.44836667,98951,0,1,98,Others,10,2,55,80,0,0,1,2,12,1,1,2,1,6,Others,1,1,53,,0,59,31,2011,0,0,12,,,,,,1,1,48,1,0,0,0,0,3,0,11,0,,,,,0,0,0,3,1,0,0,0,0,96,,,,,,0,,,,,,98208,53,68,192,6,1,0,1,1,4,,0,,,,,,0,11-15-2013,07-15-2018,20,0,0,0,8,9,8,,,0,0,0,8,0,8,95,,,96,,,8,95,995,,,,,,,,,,,,,,,,,,,,,,,,,,,,,,0,0,0,1,0,0,0,0,0,0,0,0,0,1,0,1,0,0,0,0,0,1,1,0,1,1,1,1,0,1,0,0,0,0,0,,0,0,0,0,0,0,0,0,0,0,0,0,0,0,0,0,,,,,,46-50,46-55,State route,U,Thursday,Belt Used,PV,Not Fatal,0,1,1,0,State Route,Municipal/City Police,Shoreline Police Department,0,1,0,0,0,,,,,,0,0,0,,,,,,,,,,,,,,,,,,,,,,,,,,,,,,,,,,,
2021,390,635950,1,09-11-2021,01:14,11,9,Sep,,71,Walla Walla,0,1,,2,1,2,1,0,1,1,,,,35,0,0,No vehicle,349,1,0,1,No intersection,3,1,1,2,0,0,0,0,US-12,,-118.1377639,46.19419444,99329,0,1,1,Driver Off Road,13,2,60,34,0,0,1,2,1,3,1,2,1,14,Making a U turn,1,2,16,,0,12,481,1991,0,0,12,12,,,,,1,1,84,1,0,0,0,0,3,0,11,0,,,,,0,0,0,3,1,0,0,0,0,96,,,,,,0,,,,,,98133,53,73,250,6,1,0,0,0,0,,0,,,,,,0,,,20,0,0,0,8,9,8,,,0,0,0,8,0,8,95,,,96,,,8,95,995,,,,,,,,,,,,,,,,,,,,,,,,,,,,,,0,0,0,1,0,0,0,0,0,0,0,0,0,1,0,1,0,0,0,0,0,1,1,0,1,1,1,1,0,1,0,0,0,0,0,,0,0,0,0,0,0,0,0,0,0,0,0,0,0,0,0,,,,,,81+,76+,State route,U,Thursday,Belt Used,PV,Not Fatal,0,1,1,0,State Route,Municipal/City Police,Shoreline Police Department,0,1,0,0,0,,,,,,0,0,0,,,,,,,,,,,,,,,,,,,,,,,,,,,,,,,,,,,
2020,390,634820,14,06-13-2020,19:30,13,6,June,,11,Clark,0,2,,1,2,2,1,1,1,1,19:30,19:37,,30,0,0,No vehicle,1.2,1,0,1,No intersection,6,1,2,4,0,0,0,0,CR-NE 139TH ST,,-122.5878111,45.72234167,98662,0,1,1,Driver Off Road,13,2,40,15,0,0,1,2,8,1,1,2,1,1,Going Straight,1,1,41,,0,49,46,2015,0,0,12,12,,,,,1,1,56,1,0,0,3,0,3,0,11,8,,,,,6,0,0,3,1,0,0,0,0,96,,,,,,0,,,,,,98026,53,65,176,6,1,0,0,0,0,,0,,,,,,0,,,8,0,0,0,8,9,8,,,0,0,0,8,0,8,95,,,96,,,8,95,995,,,,,,,,,,,,,,,,,,,,,,,,,,,,,,0,0,0,1,0,0,0,0,0,0,0,0,0,1,0,1,0,0,0,0,0,1,1,0,1,1,1,1,0,1,0,0,0,0,0,,0,0,0,0,0,0,0,0,0,0,0,0,0,0,0,0,,,,,,56-60,56-65,State route,U,Thursday,Belt Used,PV,Not Fatal,0,1,1,0,State Route,Municipal/City Police,Shoreline Police Department,0,1,0,0,0,,,,,,0,0,0,,,,,,,,,,,,,,,,,,,,,,,,,,,,,,,,,,,
2019,390,634439,11,10-10-2019,06:16,10,10,Oct,,5,Benton,0,1,0,2,1,2,1,0,2,2,,,,12,0,2,Front-to-Front,9999.9,1,0,1,No intersection,7,1,2,4,0,5,0,0,CR-ROUTE 4 S,,-119.4555056,46.51923889,,0,2,51,Lateral Move(Going Straight),62,4,60,34,0,0,1,7,12,1,2,2,1,1,Going Straight,1,2,53,,0,14,6,1997,0,0,68,12,,,,,1,1,20,1,0,0,3,0,3,0,11,8,,,,,0,0,0,0,1,28,0,0,0,0,,,,,,2,,,,,,98108,53,74,167,0,0,0,0,0,0,,97,,,,,,0,,,8,0,0,0,8,9,8,,,0,0,0,8,0,8,95,,,96,,,8,95,995,,,,,,,,,,,,,,,,,,,,,,,,,,,,,,0,0,0,1,0,0,0,0,0,0,0,0,0,1,0,1,0,0,0,0,0,1,1,0,1,1,1,1,0,1,0,0,0,0,0,,0,0,0,0,0,0,0,0,0,0,0,1,0,0,0,0,,,,,,18-20,16-25,State route,U,Thursday,Belt Used,PV,Not Fatal,0,1,1,0,State Route,Municipal/City Police,Shoreline Police Department,0,1,0,0,0,,,,,,0,0,0,,,,,,,,,,,,,,,,,,,,,,,,,,,,,,,,,,,
2019,390,634438,11,10-10-2019,06:16,10,10,Oct,,5,Benton,0,1,0,2,1,2,1,0,2,2,,,,12,0,2,Front-to-Front,9999.9,1,0,1,No intersection,7,1,2,4,0,5,0,0,CR-ROUTE 4 S,,-119.4555056,46.51923889,,0,1,50,Lateral Move(Left/Right),10,2,60,4,0,0,1,7,12,1,2,2,1,6,Others,1,1,53,,0,37,31,2008,0,0,12,,,,,,1,1,55,1,0,0,0,0,3,0,11,0,,,,,0,0,3,3,1,0,0,0,0,96,,,,,,0,,,,,,98296,53,70,270,6,1,0,0,0,0,,0,,,,,,0,,,20,0,0,0,8,9,8,,,0,0,0,8,0,0,0,,,0,,,0,0,996,,,,,,,,,,,,,,,,,,,,,,,,,,,,,,0,0,0,0,0,0,0,0,0,0,0,0,1,0,0,0,0,0,0,0,0,0,0,0,0,0,0,0,1,1,0,0,0,0,0,,0,0,0,0,0,0,0,0,0,0,0,0,0,0,0,0,,,,,,51-55,46-55,County road,U,Friday,Belt Used,PV,Not Fatal,0,0,0,0,County Road,County Sheriff,Snohomish County Sheriff's Office,0,0,1,0,0,,,,,,0,0,0,,,,,,,,,,,,,,,,,,,,,,,,,,,,,,,,,,,
2018,390,633646,7,10-12-2018,05:09,12,10,Oct,0,33,King,0,1,0,2,1,2,2,0,3,2,,,,12,0,2,Front-to-Front,21.6,1,0,1,No intersection,3,1,1,3,0,0,0,0,SR-18,,-121.9634167,47.439625,98025,0,2,51,Lateral Move(Going Straight),62,4,55,4,0,0,1,2,12,1,2,3,1,1,Going Straight,2,2,53,,0,73,706,2008,0,0,12,,,,,,1,1,48,1,7,1,4,7,19,0,11,0,09-07-2018,05:45,53039915,39915,0,0,0,3,1,0,0,0,0,96,,,,,,99,,,,,,98296,53,69,180,6,1,0,0,0,0,,0,,,,,,4,,,20,8,0,0,0,9,8,,,0,0,0,8,9,2,1,,,1,,,2,1,0,,,,,,,,,,,,,,,,,,,,,,,,,,,,,,0,0,0,0,0,0,0,0,0,0,0,0,1,0,0,0,0,0,0,0,0,0,0,0,0,0,0,0,1,1,0,0,0,0,1,0,0,0,0,0,0,0,0,0,0,1,0,0,0,0,0,0,,,,,,46-50,46-55,County road,U,Friday,,MC,White,0,0,0,0,County Road,County Sheriff,Snohomish County Sheriff's Office,0,0,1,0,0,,,,,,0,0,0,,,,,,,,,,,,,,,,,,,,,,,,,,,,,,,,,,,
2018,390,633645,7,10-12-2018,05:09,12,10,Oct,0,33,King,0,1,0,2,1,2,2,0,3,2,,,,12,0,2,Front-to-Front,21.6,1,0,1,No intersection,3,1,1,3,0,0,0,0,SR-18,,-121.9634167,47.439625,98025,0,1,50,Lateral Move(Left/Right),10,2,55,34,0,0,1,2,12,1,2,3,1,1,Going Straight,1,1,53,,0,41,45,2018,0,0,9,,,,,,1,1,76,1,0,0,0,0,3,0,11,0,,,,,0,0,3,3,1,0,0,0,0,96,,,,,,0,,,,,,98052,53,69,220,6,1,0,1,0,0,,0,,,,,,0,07-15-2015,07-15-2015,20,0,0,0,8,9,8,,,0,0,0,8,0,8,95,,,96,,,8,95,995,,,,,,,,,,,,,,,,,,,,,,,,,,,,,,0,0,0,1,0,0,0,0,0,0,0,0,0,0,0,0,0,0,0,0,0,0,0,0,0,1,1,1,0,1,0,0,1,0,0,,0,0,0,0,0,0,0,0,0,0,0,0,0,0,0,0,,,,,,76-80,76+,City street,U,Sunday,Belt Used,PV,Not Fatal,1,0,0,0,City Street,Municipal/City Police,Redmond Police Department,0,0,0,1,0,,,,,,0,0,0,,,,,,,,,,,,,,,,,,,,,,,,,,,,,,,,,,,
2017,390,632624,44,06-30-2017,02:44,30,6,June,0,71,Walla Walla,0,1,0,2,1,2,1,0,1,1,01:47,02:02,02:32,35,0,0,No vehicle,8.7,1,0,1,No intersection,5,1,2,4,0,0,0,0,CR-LOWER WAITSBURG RD,,-118.320075,46.14616111,,0,1,1,Driver Off Road,13,2,50,4,0,0,1,5,1,4,1,2,1,14,Making a U turn,1,1,53,,0,12,443,2005,0,0,8,,,,,,1,1,53,1,0,0,0,0,3,0,11,0,,,,,0,0,3,3,1,0,0,0,0,96,,,,,,0,,,,,,98664,53,74,260,6,1,0,2,1,0,,0,,,,,,0,11-15-2013,01-15-2017,20,0,0,0,8,9,8,,,0,0,0,8,0,8,95,,,96,,,8,95,995,,,,,,,,,,,,,,,,,,,,,,,,,,,,,,0,0,0,0,0,0,0,0,0,0,0,0,0,0,0,0,0,0,0,0,0,0,0,0,0,0,0,0,0,1,0,1,0,0,0,,0,0,0,0,0,0,0,0,0,0,0,0,0,0,0,0,,,,,,51-55,46-55,City street,U,Wednesday,Belt Used,PV,Not Fatal,0,0,0,0,City Street,Municipal/City Police,Vancouver Police Department,0,0,0,1,0,,,,,,0,0,0,,,,,,,,,,,,,,,,,,,,,,,,,,,,,,,,,,,
2019,391,634440,5,11-03-2019,20:03,3,11,Nov,,11,Clark,2370,1,0,3,1,2,1,1,1,1,,,,8,0,0,No vehicle,2.4,1,0,1,No intersection,1,2,1,1,0,0,0,0,I-5,,-122.6617056,45.65009722,98663,0,1,13,Pedestrian/Animal,80,5,60,66,1,0,1,5,8,1,2,3,3,1,Going Straight,1,3,18,,0,20,20,1991,0,0,12,1,,,,,1,1,59,1,1,98,4,7,3,0,11,0,09-08-2018,07:45,53039608,39608,0,0,0,3,1,0,0,0,0,96,,,,,,99,,,,,,98935,53,66,275,6,1,1,4,0,0,,0,,,,,,0,08-15-2014,09-15-2017,20,2,9,0,0,9,8,,,0,0,0,8,9,2,1,,,1,,,2,1,0,,,,,,,,,,,,,,,,,,,,,,,,,,,,,,0,0,0,1,0,0,0,0,0,0,0,0,0,0,0,0,0,0,0,0,0,0,0,1,1,0,0,0,0,1,0,0,0,0,0,,1,0,0,0,0,0,0,0,0,0,0,0,0,0,0,0,,,,,,56-60,56-65,County road,R,Saturday,Belt Used,PV,Hispanic,1,0,0,0,County Road,County Sheriff,Yakima County Sheriff's Office,0,0,1,0,0,,,,,,0,1,2,,,,,,,,,,,,,,,,,,,,,,,,,,,,,,,,,,,
2020,391,3876403,263,08-29-2020,12:18,29,8,Aug,,33,King,1960,10,,1,1,1,1,0,4,5,,,,12,0,7,"Sideswipe,Same",0,1,0,1,No intersection,3,2,4,6,0,0,0,0,AIRPORT WAY S,,-122.3179639,47.55030556,98108,0,2,45,Others,61,4,98,15,0,0,1,5,12,1,1,2,1,1,Going Straight,2,3,39,,0,7,482,2014,0,0,12,1,,,,,1,1,23,1,0,0,0,0,3,0,11,0,,,,,0,0,0,3,1,39,0,0,0,96,,,,,,0,,,,,,93647,6,72,170,6,1,0,0,0,0,,97,,,,,,0,,,1,0,0,0,8,9,8,,,0,0,0,8,0,2,1,,,1,,,2,1,0,,,,,,,,,,,,,,,,,,,,,,,,,,,,,,0,0,0,1,0,0,0,0,0,0,0,0,0,0,0,0,0,0,0,0,0,0,0,1,1,0,0,0,0,1,0,0,0,0,0,,0,0,0,0,0,0,0,0,0,0,0,0,0,0,0,0,,,,,,21-25,16-25,County road,R,Saturday,Belt Used,PV,Not Fatal,1,0,0,0,County Road,County Sheriff,Yakima County Sheriff's Office,0,0,1,0,0,,,,,,0,0,0,,,,,,,,,,,,,,,,,,,,,,,,,,,,,,,,,,,
2020,391,3876403,263,08-29-2020,12:18,29,8,Aug,,33,King,1960,10,,1,1,1,1,0,4,5,,,,12,0,7,"Sideswipe,Same",0,1,0,1,No intersection,3,2,4,6,0,0,0,0,AIRPORT WAY S,,-122.3179639,47.55030556,98108,0,1,46,Others,8,1,98,14,0,0,1,2,14,1,1,2,1,6,Others,1,3,53,,0,72,706,2013,0,0,68,64,38,,,,1,1,57,2,0,0,3,0,17,0,11,5,,,,,0,0,0,2,1,0,0,0,0,96,,,,,,99,,,,,,99019,53,63,200,6,1,0,0,0,0,,97,,,,,,0,,,20,8,0,0,8,9,8,,,0,0,0,8,1,8,95,,,96,,,8,95,995,,,,,,,,,,,,,,,,,,,,,,,,,,,,,,0,0,1,0,1,0,0,0,0,0,0,0,0,0,1,0,0,0,0,0,0,0,0,0,0,0,0,0,1,0,0,0,0,0,0,1,0,0,0,0,0,0,0,0,0,0,0,0,0,0,0,1,,,,,,56-60,56-65,City street,U,Tuesday,,MC,Not Fatal,0,1,0,0,City Street,Municipal/City Police,LIBERTY LAKE POLICE DEPT,1,0,0,1,0,,,,,,0,0,0,,,,,,,,,,,,,,,,,,,,,,,,,,,,,,,,,,,
2021,391,635951,31,10-03-2021,08:57,3,10,Oct,,45,Mason,0,1,,1,2,2,1,0,1,1,,,,34,0,0,No vehicle,2.6,1,0,1,No intersection,5,2,2,4,0,0,0,0,CR-E JOHNS PRAIRIE RD,,-123.0688694,47.24721944,98584,0,1,6,Drive off road,6,1,45,4,0,0,1,2,1,3,2,2,1,14,Making a U turn,1,2,53,,0,49,46,2010,0,0,12,,,,,,1,1,43,1,0,0,0,0,3,0,11,0,,,,,0,0,3,3,1,0,0,0,0,96,,,,,,0,,,,,,98312,53,67,230,6,1,0,0,0,0,,0,,,,,,0,,,20,0,0,0,8,9,8,,,0,0,0,8,0,8,95,,,96,,,8,95,995,,,,,,,,,,,,,,,,,,,,,,,,,,,,,,0,0,1,0,1,1,1,1,1,0,0,0,1,0,0,0,0,0,0,0,0,0,0,0,0,0,0,0,1,1,0,0,0,0,0,,0,0,0,0,0,0,0,0,0,0,0,0,0,0,0,0,,,,,,41-45,36-45,State route,U,Friday,Belt Used,PV,Not Fatal,0,1,0,0,State Route,Municipal/City Police,Bremerton Police Department,1,1,0,0,0,,,,,,0,0,0,,,,,,,,,,,,,,,,,,,,,,,,,,,,,,,,,,,