year,something,Cases,repjur,crash_dt,crash_tm,accday,Month,Month,holiday,county,co_char,city,weather,weather2,lightcond,surfcond,surftype,Number of Fatalities,nmforms,pforms,vforms,not_tm,arr_tm,hosp_tm,fhevent,hitrun,Manner of Collision,Manner of Collision,milepnt,reljunc,reljuncinter,intersectiontype,Intersection Type,funcsystem,landuse,ownership,route,schlbus,spejur,contdev,devfunc,trafid1,trafid2,x,y,zipcode,wk_zone,vnumber,crashtype,Crash Type,criticalevent,criticaleventcat,spdlim,body,trailer,emerg,hazcargo,leave,mhevent,roadalgn,roadprof,traflane,trafflow,Vehicle Manure,Vehicle Manure,numoccs,regowner,regstate,,spuse,make,model,modelyr,vrf1,vrf2,seqevent1,seqevent2,seqevent3,seqevent4,seqevent5,seqevent6,pnumber,ptype,age,sex,hispanic,race,injury,diedscene,restraint,restraintmisuse,seatpos,takehosp,death_dt,death_tm,cert,cernum_wa,commlic,licendor,licrestrict,liccomp,drivpres,drf1,drf2,drf3,drf4,distract1,distract2,distract3,distract4,distract5,distract6,dricond1,dricond2,dricond3,dricond4,dricond5,dricond6,dzip,licstate,drhgt_in,weight,noncdl,noncdltype,prevdwi,prevoth,prevacc,prevspd,prevsus,driviol1,driviol2,driviol3,driviol4,driviol5,driviol6,spdrel,first_dt,last_dt,airbag,ejection,ejectpath,extricat,injurwrk,methalc,methdrug,nmlocat,strikveh,prf1,prf2,prf3,druginv,alcinvol,drugsts,drugres1,drugres2,drugres3,drugtst1,drugtst2,drugtst3,alcsts,alctst,alcres,nmact1,nmact2,nmact3,nmact4,nmact5,nmact6,nmprior1,nmprior2,nmprior3,nmprior4,nmprior5,nmprior6,nmcond1,nmcond2,nmcond3,nmcond4,nmcond5,nmcond6,nmsafe_helmet,nmsafe_pads,nmsafe_oth,nmprev_ref,nmprev_lgt,nmprev_oth,crashlocation,nmcrashtype,crosswalk,schoolzone,sidewalk,train_inv,wildlife_inv,rotr_fars,intersect_fars,Drink and Drive,aid_inv,Drug Positive Drivers,Impaired Drivers,Marijuana Positive,impnm_inv,ainm_inv,dpnm_inv,speed_inv,unlic_inv,unendmc_inv,drowsy_inv,drdist_inv,nmdist_inv,fty_inv,unrestfat_inv,dr1617_inv,dr1820_inv,dr1620_inv,dr2125_inv,dr1625_inv,dr65_inv,dr70_inv,dr75_inv,mc_inv,pv_inv,ht_inv,ped_inv,bike_inv,unrest_fat,mc_fat,unhelmet_mc,pv_fat,ht_fat,ped_fat,bike_fat,dr_alc7,dr_alc8,dr_drug,dr_imp,dr_dist,dr_spd,dr_fty,dr_unlic,dr_alc7only,dr_alc8only,dr_drugonly,dr_drink,nm_imp,nm_alc7,nm_alc8,nm_drug,nm_dist,agegrp1,agegrp2,roadclass,urbrur,dayweek,restuse,vehtype,race_me,intersect,lanedep,oppdir,wrongway,rep_typ,investag,repag_long,rotr,st_rd,cty_rd,city_rd,oth_rd,drug_thc,thc_res,drug_cthc,cthc_res,drug_cann,prevpersemin,prevperse,prevsusoth,drugtst4,drugtst5,drugtst6,drugtst7,drugtst8,drugres4,drugres5,drugres6,drugres7,drugres8,adspresent,adsengaged,adslevel,race1,race2,race3,race4,race5,helmet,helmetmisuse,nmdistract1,nmdistract2,nmdistract3,nmdistract4,nmdistract5,nmdistract6,lab,isedtcase,crf1,crf2,crf3,CoRoadName,CoMP,IntCoRoadName,IntCoMP
2018,391,633647,160,10-27-2018,22:36,27,10,Oct,0,33,King,1030,2,0,3,2,2,1,0,1,1,,,,30,0,0,No vehicle,2.6,1,0,1,No intersection,3,2,1,3,0,0,0,0,SR-181,,-122.24945,47.41538056,98032,0,1,1,Driver Off Road,6,1,50,2,0,0,1,7,30,1,1,7,5,1,Going Straight,1,2,53,,0,37,706,2005,0,0,64,33,42,30,65,12,1,1,27,1,7,1,4,7,19,0,11,0,09-07-2018,23:34,18053039712,39712,0,0,3,3,1,28,0,0,0,96,,,,,,9,,,,,,98367,53,66,160,6,1,0,2,1,1,,0,,,,,,4,11-15-2013,09-15-2018,20,8,0,0,0,9,2,,,0,0,0,1,1,2,605,,,1,,,2,1,0.16,,,,,,,,,,,,,,,,,,,,,,,,,,,,,,0,0,1,0,1,1,1,1,1,0,0,0,1,0,0,0,0,0,0,0,0,0,0,0,0,0,0,0,1,1,0,0,0,0,1,0,0,0,0,0,0,1,1,1,0,1,0,0,0,0,0,1,,,,,,26-30,26-35,State route,U,Friday,,MC,White,0,1,0,0,State Route,Municipal/City Police,Bremerton Police Department,1,1,0,0,0,thc,1.6,,,,0,1,5,,,,,,,,,,,,,,,,,,,,,,,,,,,,,,,,,,,
2017,391,632860,127,09-26-2017,20:14,26,9,Sep,0,33,King,735,1,0,2,1,2,1,0,2,2,,,,12,0,1,Front-to-Rear,3,1,0,1,No intersection,3,2,1,3,0,0,0,0,SR-99,,-122.3313167,47.27029722,98003,0,2,25,Others,53,3,50,61,0,0,1,5,12,1,2,4,1,1,Going Straight,1,3,53,,0,72,706,2010,0,0,12,,,,,,1,1,71,1,7,1,4,7,19,0,11,0,09-06-2018,12:33,53039477,39477,0,0,0,3,1,0,0,0,0,0,,,,,,0,,,,,,98058,53,69,200,6,1,0,0,0,0,,0,,,,,,0,,,20,8,0,0,0,9,8,,,0,0,0,8,9,2,996,996,996,1,1,1,2,1,0,,,,,,,,,,,,,,,,,,,,,,,,,,,,,,0,0,0,1,0,0,1,1,0,0,0,0,0,1,0,0,0,0,0,0,0,0,0,0,0,1,1,0,1,1,0,0,0,0,1,0,0,0,0,0,0,0,1,1,0,0,0,0,0,0,1,0,,,,,,71-75,66-75,County road,U,Thursday,,MC,White,1,0,0,0,County Road,County Sheriff,King County Police,0,0,1,0,0,,,,,,0,0,0,,,,,,,,,,,,,,,,,,,,,,,,,,,,,,,,,,,
2017,391,632859,127,09-26-2017,20:14,26,9,Sep,0,33,King,735,1,0,2,1,2,1,0,2,2,,,,12,0,1,Front-to-Rear,3,1,0,1,No intersection,3,2,1,3,0,0,0,0,SR-99,,-122.3313167,47.27029722,98003,0,1,24,Others,51,3,50,80,0,0,1,2,12,1,2,4,1,1,Going Straight,1,1,53,,0,12,21,2005,0,0,12,,,,,,1,1,64,2,0,0,1,0,99,0,11,8,,,,,0,0,3,2,1,39,0,0,0,96,,,,,,0,,,,,,98058,53,64,220,1,1,0,0,0,0,,97,,,,,,0,07-15-2017,07-15-2017,1,0,0,0,8,9,8,,,0,0,0,8,0,8,95,,,96,,,8,95,995,,,,,,,,,,,,,,,,,,,,,,,,,,,,,,0,0,0,1,0,0,1,1,0,0,0,0,0,1,0,0,0,0,0,0,0,0,0,0,0,1,1,0,1,1,0,0,0,0,0,,0,0,0,0,0,0,0,0,0,0,0,1,0,0,0,0,,,,,,61-65,56-65,County road,U,Thursday,Unknown,PV,Not Fatal,1,0,0,0,County Road,County Sheriff,King County Police,0,0,1,0,0,,,,,,0,0,1,,,,,,,,,,,,,,,,,,,,,,,,,,,,,,,,,,,
2021,392,635953,122,09-21-2021,07:22,21,9,Sep,,61,Snohomish,690,1,,1,1,2,1,0,2,4,,,,12,0,6,Angle,0,8,0,1,No intersection,3,2,4,6,0,0,0,0,RUCKER AVE,,-122.2107556,47.96226944,98120,0,2,68,Initial Opposite Direction(Left/Right),15,2,35,34,0,0,1,2,12,1,1,7,5,11,Turning Red: Permitted on red,1,3,53,,0,12,481,2005,0,0,68,64,69,1,,,1,1,28,2,7,1,4,7,3,0,11,0,08/26/2018,19:27,53037601,37601,0,0,0,3,1,0,0,0,0,96,,,,,,2,,,,,,84606,49,64,110,6,1,0,0,98,0,,0,,,,,,0,,,20,0,0,0,0,9,8,,,0,0,0,8,0,2,1,,,1,,,2,1,0,,,,,,,,,,,,,,,,,,,,,,,,,,,,,,0,0,0,0,0,0,0,0,0,0,0,0,0,0,0,1,0,0,0,0,0,0,0,0,0,0,0,0,0,1,0,0,0,0,0,,1,0,0,0,0,0,0,0,0,0,0,0,0,0,0,0,,,,,,26-30,26-35,Interstate,R,Sunday,Belt Used,PV,White,0,0,0,0,State Route,State Patrol,Washington State Patrol,0,1,0,0,0,,,,,,0,0,0,,,,,,,,,,,,,,,,,,,,,,,,,,,,,,,,,,,
2021,392,635952,122,09-21-2021,07:22,21,9,Sep,,61,Snohomish,690,1,,1,1,2,1,0,2,4,,,,12,0,6,Angle,0,8,0,1,No intersection,3,2,4,6,0,0,0,0,RUCKER AVE,,-122.2107556,47.96226944,98120,0,1,69,Initial Opposite Direction(Going Straight),62,4,35,14,0,0,1,2,12,1,1,7,5,1,Going Straight,1,1,53,,0,99,999,9999,0,0,8,,,,,,1,1,999,8,0,0,9,0,99,0,11,8,,,,,99,9,9,9,1,0,0,0,0,93,,,,,,99,,,,,,99999,99,,999,9,9,99,99,99,99,,97,,,,,,0,,,99,9,0,0,8,9,8,,,0,0,0,8,9,8,95,,,96,,,8,95,995,,,,,,,,,,,,,,,,,,,,,,,,,,,,,,0,0,0,1,0,0,0,0,0,0,0,0,0,0,0,0,1,0,0,0,0,0,0,0,0,0,0,0,0,0,0,1,0,0,0,,0,0,0,0,0,0,0,0,1,0,0,0,0,0,0,0,,,,,,,,State route,U,Saturday,,NR-U,Not Fatal,0,0,0,0,State Route,Municipal/City Police,Everett Police Department,0,1,0,0,0,,,,,,99,99,99,,,,,,,,,,,,,,,,,,,,,,,,,,,,,,,,,,,
2020,392,635134,8,10-06-2020,19:50,6,10,Oct,,27,Grays Harbor,0,1,,2,1,2,1,1,2,1,19:51,20:02,,9,0,0,No vehicle,27.6,1,0,1,No intersection,3,1,1,2,0,0,0,0,US-12,,-123.3067028,46.93024167,98559,0,1,13,Pedestrian/Animal,83,5,55,34,0,0,1,5,9,1,1,2,1,1,Going Straight,2,1,53,,0,98,850,2007,0,0,61,64,24,21,3,,1,1,62,1,0,0,3,0,3,0,11,1,,,,,6,0,0,3,1,80,0,0,0,96,,,,,,0,,,,,,98290,53,71,260,6,1,0,0,0,1,,0,,,,,,0,05-15-2015,05-15-2015,99,0,0,0,8,9,2,,,0,0,0,0,0,8,95,,,96,,,8,95,995,,,,,,,,,,,,,,,,,,,,,,,,,,,,,,0,0,1,0,0,0,0,0,0,0,0,0,0,0,0,0,0,0,0,0,0,0,0,0,0,0,0,0,0,0,0,0,0,0,0,,0,0,0,0,0,0,0,0,0,0,0,0,0,0,0,0,,,,,,61-65,56-65,Interstate,U,Monday,,MHOME,Not Fatal,0,1,0,0,State Route,State Patrol,Washington State Patrol,1,1,0,0,0,,,,,,0,0,0,,,,,,,,,,,,,,,,,,,,,,,,,,,,,,,,,,,
2019,392,634661,5,10-26-2019,02:30,26,10,Oct,,39,Klickitat,0,1,0,2,1,2,1,0,3,1,,,,24,0,0,No vehicle,21.9,1,0,1,No intersection,5,1,2,4,0,0,0,0,CR-GLENWOOD HWY,,-121.014275,45.88155833,98620,0,1,2,Control/Traction Loss,13,2,50,3,0,0,1,2,42,3,2,2,1,14,Making a U turn,3,1,53,,0,49,401,1995,0,0,64,1,,,,,1,1,61,1,7,1,4,7,20,0,11,0,08/29/2018,18:41,53038194,38194,0,0,0,3,1,58,0,0,0,92,,,,,,99,,,,,,98372,53,71,350,6,1,0,0,0,0,,0,,,,,,0,,,20,1,9,0,0,9,8,,,0,0,0,8,9,8,95,,,96,,,8,95,995,,,,,,,,,,,,,,,,,,,,,,,,,,,,,,0,0,1,0,0,0,0,0,0,0,0,0,0,0,0,0,1,0,0,1,0,0,0,0,0,0,0,0,0,1,0,0,0,1,0,,1,0,0,0,0,0,0,0,1,0,0,0,0,0,0,0,,,,,,61-65,56-65,US highway,R,Wednesday,Not Used,PV,White,0,0,0,0,State Route,State Patrol,Washington State Patrol,0,1,0,0,0,,,,,,0,0,0,,,,,,,,,,,,,,,,,,,,,,,,,,,,,,,,,,,
2018,392,633648,40,09-02-2018,02:19,2,9,Sep,6,63,Spokane,0,1,0,2,1,2,1,0,1,1,,,,1,0,0,No vehicle,5.5,1,0,1,No intersection,5,1,2,4,0,0,0,0,CR-S WELLS RD,,-117.4922472,47.29546667,99170,0,1,6,Drive off road,6,1,45,21,1,0,1,7,1,3,1,2,1,14,Making a U turn,1,1,53,,0,98,706,2016,0,0,64,24,,,,,1,1,42,1,7,1,4,7,5,0,11,0,08/30/2018,11:23,1.96E+11,38593,0,0,0,3,1,0,0,0,0,92,,,,,,99,,,,,,98092,53,72,240,6,1,0,0,0,2,,0,,,,,,4,11-15-2013,11-15-2016,20,8,0,0,0,9,8,,,0,0,0,8,9,2,1,,,1,,,2,1,0,,,,,,,,,,,,,,,,,,,,,,,,,,,,,,0,0,1,0,0,0,0,0,0,0,0,0,1,0,0,0,1,0,0,0,0,0,0,0,0,0,0,0,1,0,0,0,0,0,1,0,0,0,0,0,0,0,0,0,1,1,0,0,0,0,0,0,,,,,,41-45,36-45,Interstate,U,Thursday,,MC,White,0,1,0,0,State Route,State Patrol,Washington State Patrol,1,1,0,0,0,,,,,,0,0,0,,,,,,,,,,,,,,,,,,,,,,,,,,,,,,,,,,,
2017,392,632862,2,09-27-2017,15:40,27,9,Sep,0,73,Whatcom,0,1,0,1,1,1,1,0,1,1,,,,24,0,0,No vehicle,248.9,1,0,1,No intersection,1,1,1,1,0,0,0,0,I-5,,-122.4508,48.69391944,98229,0,1,6,Drive off road,12,2,60,80,0,0,1,2,24,2,1,2,3,14,Making a U turn,1,2,53,,0,49,472,2003,0,0,63,42,,,,,1,1,62,1,7,1,4,7,20,0,11,0,09-04-2018,19:18,53039832,39832,0,0,0,3,1,0,0,0,0,96,,,,,,0,,,,,,98566,53,69,155,6,1,0,1,1,0,,0,,,,,,0,07-15-2015,07-15-2015,20,0,0,0,0,9,8,,,0,0,0,8,0,2,1,,,1,,,2,1,0,,,,,,,,,,,,,,,,,,,,,,,,,,,,,,0,0,1,0,0,0,0,0,0,0,0,0,0,0,0,0,0,0,0,1,0,0,0,0,0,0,0,0,0,1,0,0,0,1,0,,1,0,0,0,0,0,0,0,0,0,0,0,0,0,0,0,,,,,,61-65,56-65,Other,R,Tuesday,Not Used,PV,White,0,1,0,0,Other,State Patrol,Washington State Patrol,1,0,0,0,1,,,,,,0,0,0,,,,,,,,,,,,,,,,,,,,,,,,,,,,,,,,,,,
2021,393,635954,3,09-27-2021,20:37,27,9,Sep,,53,Pierce,2230,2,,3,2,2,1,0,1,1,,,,35,0,0,No vehicle,2.9,1,0,1,No intersection,2,2,1,3,0,0,0,0,SR-16,,-122.5077833,47.24625278,98406,0,1,1,Driver Off Road,13,2,60,4,0,0,1,2,35,1,1,4,3,15,Others,1,2,6,,0,37,31,2001,0,0,12,,,,,,1,1,43,1,1,98,4,0,3,0,11,4,08/31/2018,05:30,2.22E+11,38972,0,0,0,3,1,0,0,0,0,96,,,,,,0,,,,,,98903,53,65,182,6,1,0,0,0,0,,0,,,,,,0,,,8,0,0,0,0,9,8,,,0,0,0,8,0,8,95,,,96,,,8,95,995,,,,,,,,,,,,,,,,,,,,,,,,,,,,,,0,0,0,1,0,0,0,0,0,0,0,0,0,0,0,0,1,0,1,0,0,0,0,0,0,0,0,0,0,1,0,0,0,0,0,,1,0,0,0,0,0,0,0,0,0,0,0,0,0,0,0,,,,,,41-45,36-45,County road,R,Friday,Belt Used,PV,Hispanic,1,0,0,0,County Road,County Sheriff,Yakima County Sheriff's Office,0,0,1,0,0,,,,,,0,0,0,,,,,,,,,,,,,,,,,,,,,,,,,,,,,,,,,,,
2020,393,635135,7,10-02-2020,19:34,2,10,Oct,,33,King,0,1,,2,1,2,1,0,1,1,19:38,19:55,,1,0,0,No vehicle,23.5,1,0,1,No intersection,3,1,1,3,0,0,0,0,SR-18,,-121.9418917,47.46331944,98025,0,1,98,Others,8,1,55,80,0,0,1,2,1,1,2,2,3,1,Going Straight,1,1,53,,0,12,3,2004,0,0,12,,,,,,1,1,39,1,0,0,1,0,3,0,11,8,,,,,99,9,9,9,1,38,39,0,0,10,,,,,,0,,,,,,98944,99,,999,9,9,99,99,99,99,,1,7,,,,,0,,,8,0,0,0,8,9,8,,,0,0,0,8,0,8,95,,,96,,,8,95,995,,,,,,,,,,,,,,,,,,,,,,,,,,,,,,0,0,0,1,0,0,0,0,0,0,0,0,0,0,0,0,1,0,1,0,0,0,0,0,0,0,0,0,0,1,0,0,0,0,0,,0,0,0,0,0,0,0,0,1,0,1,0,0,0,0,0,,,,,,36-40,36-45,County road,R,Friday,Belt Used,PV,Not Fatal,1,0,0,0,County Road,County Sheriff,Yakima County Sheriff's Office,0,0,1,0,0,,,,,,99,99,99,,,,,,,,,,,,,,,,,,,,,,,,,,,,,,,,,,,
2019,393,634441,82,11-02-2019,11:03,2,11,Nov,,41,Lewis,300,1,0,1,1,2,1,0,1,2,,,,14,0,0,No vehicle,0,1,0,1,No intersection,7,2,4,6,0,0,0,0,YEW ST,,-122.9685056,46.71450556,98531,0,1,11,Others,11,2,25,4,0,0,1,7,14,1,1,2,2,1,Going Straight,1,1,53,,0,82,881,2005,0,0,12,,,,,,1,1,25,1,0,0,0,0,3,0,11,0,,,,,0,0,0,2,1,0,0,0,0,96,,,,,,0,,,,,,98952,53,75,180,6,1,0,0,1,0,,97,,,,,,0,03-15-2015,03-15-2015,20,0,0,0,8,9,8,,,0,0,0,8,0,8,95,,,96,,,8,95,995,,,,,,,,,,,,,,,,,,,,,,,,,,,,,,0,0,0,1,0,0,0,0,0,0,0,0,0,1,0,0,0,0,1,0,0,0,0,1,1,0,0,0,0,1,1,0,0,0,0,,0,0,0,0,0,0,0,0,0,0,0,0,0,0,0,0,,,,,,21-25,16-25,County road,R,Monday,,MHTRUCK,Not Fatal,1,0,0,0,County Road,County Sheriff,Yakima County Sheriff's Office,0,0,1,0,0,,,,,,0,0,0,,,,,,,,,,,,,,,,,,,,,,,,,,,,,,,,,,,
2018,393,633649,28,10-28-2018,23:41,28,10,Oct,0,37,Kittitas,620,1,0,2,1,2,1,1,1,1,23:42,23:58,,8,0,0,No vehicle,0,1,0,1,No intersection,7,1,4,6,0,0,0,0,CR-W UNIVERSITY WAY,CURRIER ST N,-120.5849222,47.00678611,,0,1,13,Pedestrian/Animal,80,5,40,4,0,0,1,5,8,8,8,2,1,1,Going Straight,1,1,53,,0,2,405,2005,0,0,12,,,,,,1,1,15,2,0,0,3,0,3,0,11,5,,,,,0,0,0,0,1,38,0,0,0,96,,,,,,0,,,,,,98951,53,62,150,0,0,0,0,0,0,,97,,,,,,0,,,20,0,0,0,8,9,8,,,0,0,0,8,0,8,95,,,96,,,8,95,995,,,,,,,,,,,,,,,,,,,,,,,,,,,,,,0,0,0,1,0,0,0,0,0,0,0,0,0,1,0,0,0,0,1,0,0,0,0,1,1,0,0,0,0,1,1,0,0,0,0,,0,0,0,0,0,0,0,0,0,0,1,1,0,0,0,0,,,,,,Oct-15,0-15,County road,R,Monday,Belt Used,PV,Not Fatal,1,0,0,0,County Road,County Sheriff,Yakima County Sheriff's Office,0,0,1,0,0,,,,,,0,0,0,,,,,,,,,,,,,,,,,,,,,,,,,,,,,,,,,,,
2017,393,632865,305,09-20-2017,18:41,20,9,Sep,0,11,Clark,2370,2,0,1,2,1,1,0,2,1,,,,42,0,0,No vehicle,0,3,0,3,T Intersection,3,2,4,6,0,0,0,0,SE 164TH AVE,SE 4TH ST,-122.5042833,45.61931389,98683,0,1,2,Control/Traction Loss,6,1,40,2,0,0,1,2,42,1,1,8,3,6,Others,2,2,53,,0,72,706,2015,0,0,1,68,39,,,,1,1,56,1,0,0,3,0,5,0,11,1,,,,,0,0,0,3,1,0,0,0,0,96,,,,,,0,,,,,,98382,53,71,195,6,1,0,0,0,0,,0,,,,,,0,,,20,8,0,0,8,9,8,,,0,0,0,8,0,8,95,,,96,,,8,95,995,,,,,,,,,,,,,,,,,,,,,,,,,,,,,,0,0,0,0,0,0,0,0,0,0,0,0,0,0,0,1,0,0,0,0,0,0,0,1,1,0,0,0,1,1,0,0,0,0,0,0,0,0,0,0,0,0,0,0,0,0,0,0,0,0,0,0,,,,,,56-60,56-65,State route,R,Saturday,,MC,Not Fatal,0,1,1,0,State Route,State Patrol,WASHINGTON STATE PATROL,0,1,0,0,0,,,,,,0,0,0,,,,,,,,,,,,,,,,,,,,,,,,,,,,,,,,,,,
2021,394,635955,7,09-25-2021,23:39,25,9,Sep,,33,King,1960,10,,3,1,1,1,1,1,1,,,,8,0,0,No vehicle,0.4,1,0,1,No intersection,1,2,1,1,0,0,0,0,I-5 RAMP,,-122.3267222,47.603,98104,0,1,13,Pedestrian/Animal,80,5,60,4,0,0,1,2,8,3,2,2,3,15,Others,1,1,53,,0,72,706,2016,0,0,12,63,24,,,,1,1,58,1,7,1,4,7,5,0,11,0,08/18/2018,13:00,29053036795,36795,0,0,0,3,1,0,0,0,0,96,,,,,,0,,,,,,98682,53,73,195,6,1,0,0,0,1,,0,,,,,,0,11-15-2014,11-15-2014,20,8,0,0,0,9,8,,,0,0,0,8,0,2,1,,,1,,,2,1,0,,,,,,,,,,,,,,,,,,,,,,,,,,,,,,0,0,0,0,0,0,0,0,0,0,0,0,0,0,0,1,0,0,0,0,0,0,0,1,1,0,0,0,1,1,0,0,0,0,1,0,0,0,0,0,0,0,0,0,0,0,0,0,0,0,0,0,,,,,,56-60,56-65,State route,R,Saturday,,MC,White,0,1,1,0,State Route,State Patrol,WASHINGTON STATE PATROL,0,1,0,0,0,,,,,,0,0,0,,,,,,,,,,,,,,,,,,,,,,,,,,,,,,,,,,,
2019,394,634442,8,10-20-2019,20:50,20,10,Oct,,27,Grays Harbor,0,10,0,2,2,2,1,0,2,1,,,,42,0,0,No vehicle,0.6,1,0,1,No intersection,96,6,96,8,0,0,0,0,CAPITOL FOREST D INE,,-123.2571639,46.87461944,,0,1,1,Driver Off Road,13,2,25,34,0,0,1,5,42,3,2,2,1,14,Making a U turn,2,2,53,,0,7,482,2014,0,0,68,12,,,,,1,1,22,1,0,0,0,0,3,0,11,0,,,,,0,0,0,2,1,28,91,0,0,96,,,,,,2,,,,,,98632,53,75,248,6,1,0,0,0,3,,2,,,,,,0,11-15-2015,03-15-2018,7,0,0,0,8,9,8,,,0,0,0,8,0,2,1,,,1,,,2,1,0,,,,,,,,,,,,,,,,,,,,,,,,,,,,,,0,0,0,0,0,0,0,0,0,0,0,0,0,0,0,1,0,0,0,0,0,0,0,1,1,0,0,0,1,1,0,0,0,0,0,,0,0,0,0,0,0,0,0,0,0,0,0,0,0,0,0,,,,,,21-25,16-25,State route,R,Saturday,Belt Used,PV,Not Fatal,0,1,1,0,State Route,State Patrol,WASHINGTON STATE PATROL,0,1,0,0,0,,,,,,0,0,0,,,,,,,,,,,,,,,,,,,,,,,,,,,,,,,,,,,
2018,394,633650,7,10-22-2018,02:00,22,10,Oct,0,33,King,229,5,0,3,1,2,1,0,1,1,,,,42,0,0,No vehicle,30.1,1,0,1,No intersection,3,2,1,3,0,0,0,0,SR-509,,-122.3324972,47.46520278,98186,0,1,1,Driver Off Road,13,2,60,80,0,0,1,7,42,3,2,2,3,14,Making a U turn,1,1,53,,0,12,401,2000,0,0,64,69,63,1,,,1,1,75,2,7,1,4,7,3,0,11,0,07/27/2018,05:54,53033579,33579,0,0,0,3,1,58,0,0,0,96,,,,,,0,,,,,,98926,53,63,75,6,1,0,0,0,0,,0,,,,,,0,,,20,2,9,0,0,9,8,,,0,0,0,8,0,2,1,,,1,,,2,1,0,,,,,,,,,,,,,,,,,,,,,,,,,,,,,,0,0,0,0,0,0,0,0,0,0,0,0,0,0,0,0,0,0,0,0,0,0,0,0,0,1,1,1,0,1,0,0,0,0,0,,1,0,0,0,0,0,0,0,0,0,0,0,0,0,0,0,,,,,,71-75,66-75,Interstate,R,Friday,Belt Used,PV,White,0,0,0,0,State Route,State Patrol,Washington State Patrol,0,1,0,0,0,,,,,,0,0,0,,,,,,,,,,,,,,,,,,,,,,,,,,,,,,,,,,,
2017,394,632895,14,09-27-2017,00:15,27,9,Sep,0,11,Clark,0,1,0,2,1,2,1,1,1,1,00:14,00:15,,9,0,0,No vehicle,0.3,2,0,3,T Intersection,4,2,2,4,0,0,0,0,CR-NE 67TH ST,NE 122ND AVE,-122.5474111,45.67766111,98682,0,1,13,Pedestrian/Animal,83,5,40,4,0,0,1,5,9,1,1,2,1,1,Going Straight,1,2,53,,0,12,37,2000,0,0,8,,,,,,1,1,30,2,0,0,0,0,3,0,11,0,,,,,0,0,3,3,1,0,0,0,0,15,,,,,,0,,,,,,98823,53,62,180,6,8,0,1,1,0,,0,,,,,,0,06-15-2014,06-15-2018,20,0,0,0,8,9,8,,,0,0,0,8,0,8,95,,,96,,,8,95,995,,,,,,,,,,,,,,,,,,,,,,,,,,,,,,0,0,0,0,0,0,0,0,0,1,1,1,0,0,0,0,1,0,0,0,0,0,0,0,0,0,0,0,0,1,0,1,0,0,0,,0,0,0,0,0,0,0,0,1,0,0,0,0,0,0,0,,,,,,26-30,26-35,County road,R,Friday,Belt Used,PV,Not Fatal,0,0,0,0,County Road,County Sheriff,Grant County Sheriff's Office,0,0,1,0,0,,,,,,0,0,2,,,,,,,,,,,,,,,,,,,,,,,,,,,,,,,,,,,
2021,395,635956,7,10-02-2021,03:43,2,10,Oct,,33,King,1960,10,,3,1,1,1,0,3,3,,,,12,0,1,Front-to-Rear,170.8,1,0,1,No intersection,1,2,1,1,0,0,0,0,I-5,,-122.3216472,47.68224722,98015,0,1,25,Others,53,3,60,84,0,0,1,2,12,2,2,3,3,15,Others,1,0,41,,0,99,999,9999,0,0,8,,,,,,1,1,999,8,0,0,0,0,99,0,11,0,,,,,99,9,9,9,1,0,0,0,0,96,,,,,,99,,,,,,99999,99,,999,9,9,99,99,99,99,,0,,,,,,0,,,99,9,0,0,8,9,8,,,0,0,0,8,9,0,0,,,0,,,0,0,996,,,,,,,,,,,,,,,,,,,,,,,,,,,,,,0,0,0,0,0,0,0,0,0,1,1,1,0,0,0,0,1,0,0,0,0,0,0,0,0,0,0,0,0,1,0,1,0,0,0,,0,0,0,0,0,0,0,0,0,0,0,0,0,0,0,0,,,,,,,,County road,R,Friday,,NR-U,Not Fatal,0,0,0,0,County Road,County Sheriff,Grant County Sheriff's Office,0,0,1,0,0,,,,,,99,99,99,,,,,,,,,,,,,,,,,,,,,,,,,,,,,,,,,,,
2021,395,635957,7,10-02-2021,03:43,2,10,Oct,,33,King,1960,10,,3,1,1,1,0,3,3,,,,12,0,1,Front-to-Rear,170.8,1,0,1,No intersection,1,2,1,1,0,0,0,0,I-5,,-122.3216472,47.68224722,98015,0,2,24,Others,61,4,60,6,0,0,1,2,12,2,2,3,3,14,Making a U turn,1,1,53,,0,49,482,2005,0,0,12,,,,,,1,1,60,1,0,0,0,0,3,0,11,0,,,,,0,0,0,3,1,0,0,0,0,0,,,,,,0,,,,,,99114,53,71,195,6,1,0,0,0,0,,0,,,,,,0,,,20,0,0,0,8,9,8,,,0,0,0,8,0,8,95,,,96,,,8,95,995,,,,,,,,,,,,,,,,,,,,,,,,,,,,,,0,0,1,0,0,0,1,1,1,0,0,0,0,0,0,0,0,0,0,1,0,0,0,0,0,0,0,0,0,1,0,0,0,0,0,,0,0,0,0,0,0,0,0,0,0,0,0,0,0,0,0,,,,,,56-60,56-65,State route,R,Monday,Belt Used,PV,Not Fatal,0,1,0,0,State Route,State Patrol,Washington State Patrol Headquarter,1,1,0,0,0,,,,,,0,0,0,,,,,,,,,,,,,,,,,,,,,,,,,,,,,,,,,,,