year,something,Cases,repjur,crash_dt,crash_tm,accday,Month,Month,holiday,county,co_char,city,weather,weather2,lightcond,surfcond,surftype,Number of Fatalities,nmforms,pforms,vforms,not_tm,arr_tm,hosp_tm,fhevent,hitrun,Manner of Collision,Manner of Collision,milepnt,reljunc,reljuncinter,intersectiontype,Intersection Type,funcsystem,landuse,ownership,route,schlbus,spejur,contdev,devfunc,trafid1,trafid2,x,y,zipcode,wk_zone,vnumber,crashtype,Crash Type,criticalevent,criticaleventcat,spdlim,body,trailer,emerg,hazcargo,leave,mhevent,roadalgn,roadprof,traflane,trafflow,Vehicle Manure,Vehicle Manure,numoccs,regowner,regstate,,spuse,make,model,modelyr,vrf1,vrf2,seqevent1,seqevent2,seqevent3,seqevent4,seqevent5,seqevent6,pnumber,ptype,age,sex,hispanic,race,injury,diedscene,restraint,restraintmisuse,seatpos,takehosp,death_dt,death_tm,cert,cernum_wa,commlic,licendor,licrestrict,liccomp,drivpres,drf1,drf2,drf3,drf4,distract1,distract2,distract3,distract4,distract5,distract6,dricond1,dricond2,dricond3,dricond4,dricond5,dricond6,dzip,licstate,drhgt_in,weight,noncdl,noncdltype,prevdwi,prevoth,prevacc,prevspd,prevsus,driviol1,driviol2,driviol3,driviol4,driviol5,driviol6,spdrel,first_dt,last_dt,airbag,ejection,ejectpath,extricat,injurwrk,methalc,methdrug,nmlocat,strikveh,prf1,prf2,prf3,druginv,alcinvol,drugsts,drugres1,drugres2,drugres3,drugtst1,drugtst2,drugtst3,alcsts,alctst,alcres,nmact1,nmact2,nmact3,nmact4,nmact5,nmact6,nmprior1,nmprior2,nmprior3,nmprior4,nmprior5,nmprior6,nmcond1,nmcond2,nmcond3,nmcond4,nmcond5,nmcond6,nmsafe_helmet,nmsafe_pads,nmsafe_oth,nmprev_ref,nmprev_lgt,nmprev_oth,crashlocation,nmcrashtype,crosswalk,schoolzone,sidewalk,train_inv,wildlife_inv,rotr_fars,intersect_fars,Drink and Drive,aid_inv,Drug Positive Drivers,Impaired Drivers,Marijuana Positive,impnm_inv,ainm_inv,dpnm_inv,speed_inv,unlic_inv,unendmc_inv,drowsy_inv,drdist_inv,nmdist_inv,fty_inv,unrestfat_inv,dr1617_inv,dr1820_inv,dr1620_inv,dr2125_inv,dr1625_inv,dr65_inv,dr70_inv,dr75_inv,mc_inv,pv_inv,ht_inv,ped_inv,bike_inv,unrest_fat,mc_fat,unhelmet_mc,pv_fat,ht_fat,ped_fat,bike_fat,dr_alc7,dr_alc8,dr_drug,dr_imp,dr_dist,dr_spd,dr_fty,dr_unlic,dr_alc7only,dr_alc8only,dr_drugonly,dr_drink,nm_imp,nm_alc7,nm_alc8,nm_drug,nm_dist,agegrp1,agegrp2,roadclass,urbrur,dayweek,restuse,vehtype,race_me,intersect,lanedep,oppdir,wrongway,rep_typ,investag,repag_long,rotr,st_rd,cty_rd,city_rd,oth_rd,drug_thc,thc_res,drug_cthc,cthc_res,drug_cann,prevpersemin,prevperse,prevsusoth,drugtst4,drugtst5,drugtst6,drugtst7,drugtst8,drugres4,drugres5,drugres6,drugres7,drugres8,adspresent,adsengaged,adslevel,race1,race2,race3,race4,race5,helmet,helmetmisuse,nmdistract1,nmdistract2,nmdistract3,nmdistract4,nmdistract5,nmdistract6,lab,isedtcase,crf1,crf2,crf3,CoRoadName,CoMP,IntCoRoadName,IntCoMP
2020,395,635137,1,10-04-2020,20:25,4,10,Oct,,77,Yakima,0,1,,3,1,2,1,0,1,1,20:27,20:39,21:15,1,0,0,No vehicle,25.6,1,0,1,No intersection,1,1,1,1,0,0,0,0,I-82,,-120.4640917,46.68669167,,0,1,7,Control/Traction Loss,9,1,70,15,0,0,1,2,1,1,2,2,2,1,Going Straight,1,1,53,,0,41,402,2001,0,0,68,64,1,12,,,1,1,51,1,0,0,2,0,3,0,11,2,,,,,0,0,0,3,1,91,0,0,0,96,,,,,,99,,,,,,98103,53,72,230,6,1,0,2,1,0,,1,,,,,,0,01-15-2015,06-15-2017,20,0,0,0,8,9,8,,,0,0,0,8,9,2,605,695,996,1,1,1,2,1,0,,,,,,,,,,,,,,,,,,,,,,,,,,,,,,0,0,1,0,0,0,1,1,1,0,0,0,0,0,0,0,0,0,0,1,0,0,0,0,0,0,0,0,0,1,0,0,0,0,0,,0,0,0,0,0,0,1,1,0,0,0,0,0,0,1,0,,,,,,51-55,46-55,State route,R,Monday,Belt Used,PV,Not Fatal,0,1,0,0,State Route,State Patrol,Washington State Patrol Headquarter,1,1,0,0,0,thc,2.9,carboxy-thc,39,,0,0,0,1,,,,,996,,,,,,,,,,,,,,,,,,,,,,,,,,,,,
2019,395,634444,8,10-11-2019,23:22,11,10,Oct,,27,Grays Harbor,0,1,0,2,1,2,1,0,1,1,,,,1,0,0,No vehicle,1.1,1,0,1,No intersection,3,2,1,3,0,0,0,0,SR-8,,-123.367225,47.0121,98541,0,1,6,Drive off road,6,1,60,5,0,0,1,7,1,1,1,2,3,15,Others,1,5,53,,0,37,32,1993,0,0,12,,,,,,1,1,44,2,0,0,3,0,3,0,11,5,,,,,0,0,0,3,1,0,0,0,0,96,,,,,,0,,,,,,98850,53,70,125,6,1,0,4,2,0,,0,,,,,,0,01-15-2015,01-15-2017,20,0,0,0,8,9,8,,,0,0,0,8,0,8,95,,,96,,,8,95,995,,,,,,,,,,,,,,,,,,,,,,,,,,,,,,0,0,0,1,0,0,1,1,0,0,0,0,0,0,0,0,0,0,1,0,0,0,0,0,0,1,1,1,0,1,0,0,0,0,0,,0,0,0,0,0,0,0,0,0,0,0,0,0,0,0,0,,,,,,41-45,36-45,State route,R,Friday,Belt Used,PV,Not Fatal,0,0,0,0,State Route,State Patrol,Washington State Patrol,0,1,0,0,0,,,,,,0,0,0,,,,,,,,,,,,,,,,,,,,,,,,,,,,,,,,,,,
2018,395,633655,8,10-28-2018,23:54,28,10,Oct,0,31,Jefferson,0,1,0,3,2,2,1,0,2,2,23:48,23:56,00:43,31,0,0,No vehicle,293.7,1,0,1,No intersection,3,1,1,2,0,0,0,0,US-101,,-122.8756333,47.8231,98376,0,1,1,Driver Off Road,6,1,30,14,0,0,1,2,14,2,1,2,1,14,Making a U turn,2,1,53,,0,37,31,2014,0,0,12,,,,,,1,1,87,2,7,1,4,0,3,0,11,5,08-10-2018,15:37,1.78E+11,35253,0,0,0,3,1,38,0,0,0,96,,,,,,0,,,,,,98837,53,63,140,6,1,0,0,0,0,,46,,,,,,0,,,8,0,0,0,0,9,8,,,0,0,0,8,0,2,177,,,1,,,2,1,0,,,,,,,,,,,,,,,,,,,,,,,,,,,,,,0,0,0,1,0,0,1,1,0,0,0,0,0,0,0,0,0,0,1,0,0,0,0,0,0,1,1,1,0,1,0,0,0,0,0,,1,0,0,0,0,0,1,1,0,0,1,0,0,0,1,0,,,,,,81+,76+,State route,R,Friday,Belt Used,PV,White,0,0,0,0,State Route,State Patrol,Washington State Patrol,0,1,0,0,0,,,,,,0,0,0,,,,,,,,,,,,,,,,,,,,,,,,,,,,,,,,,,,
2017,395,632881,8,09-27-2017,10:13,27,9,Sep,0,35,Kitsap,0,1,0,1,1,2,1,0,2,2,,,,12,0,2,Front-to-Front,56.6,1,0,1,No intersection,3,1,1,3,0,0,0,0,SR-3,,-122.6457667,47.81325,98730,0,2,51,Lateral Move(Going Straight),62,4,55,80,0,0,1,2,12,1,2,2,1,1,Going Straight,1,1,53,,0,20,16,2000,0,0,64,1,,,,,1,1,18,1,6,1,4,7,20,0,11,0,08/23/2018,02:43,53037883,37883,0,0,0,3,1,0,0,0,0,96,,,,,,2,,,,,,99320,53,68,130,6,1,0,1,0,0,,0,,,,,,0,05-15-2018,05-15-2018,20,1,9,0,0,9,8,,,0,0,0,8,0,2,1,,,1,,,2,1,0,,,,,,,,,,,,,,,,,,,,,,,,,,,,,,0,0,0,0,0,0,0,0,0,0,0,0,0,0,0,1,0,0,0,1,0,1,1,0,1,0,0,0,0,1,0,0,0,1,0,,1,0,0,0,0,0,0,0,0,0,0,0,0,0,0,0,,,,,,18-20,16-25,US highway,R,Thursday,Not Used,PV,Hispanic,0,1,0,0,State Route,State Patrol,Washington State Patrol,1,1,0,0,0,,,,,,0,0,0,,,,,,,,,,,,,,,,,,,,,,,,,,,,,,,,,,,
2017,395,632880,8,09-27-2017,10:13,27,9,Sep,0,35,Kitsap,0,1,0,1,1,2,1,0,2,2,,,,12,0,2,Front-to-Front,56.6,1,0,1,No intersection,3,1,1,3,0,0,0,0,SR-3,,-122.6457667,47.81325,98730,0,1,50,Lateral Move(Left/Right),10,2,55,2,0,0,1,2,12,1,2,2,1,6,Others,1,1,53,,0,37,701,1986,0,0,12,,,,,,1,1,31,1,1,98,4,7,19,0,11,0,08/21/2018,20:47,1.02E+11,37531,0,0,3,3,1,0,0,0,0,96,,,,,,0,,,,,,99354,53,68,220,6,1,0,1,0,1,,0,,,,,,0,02-15-2014,05-15-2016,20,8,0,0,0,9,8,,,0,0,0,8,0,2,1,,,1,,,2,1,0,,,,,,,,,,,,,,,,,,,,,,,,,,,,,,0,0,0,1,1,0,1,1,1,0,0,0,0,0,0,0,0,0,0,0,0,0,0,0,0,0,0,0,1,1,0,0,0,0,1,0,0,0,0,0,0,0,0,0,0,0,0,0,0,0,0,0,,,,,,31-35,26-35,City street,U,Tuesday,,OTHMC,Hispanic,1,0,0,0,City Street,Municipal/City Police,Kennewick Police Department,0,0,0,1,0,,,,,,0,0,0,,,,,,,,,,,,,,,,,,,,,,,,,,,,,,,,,,,
2021,395,635958,7,10-02-2021,03:43,2,10,Oct,,33,King,1960,10,,3,1,1,1,0,3,3,,,,12,1,1,Front-to-Rear,170.8,1,0,1,No intersection,1,2,1,1,0,0,0,0,I-5,,-122.3216472,47.68224722,98015,0,3,98,Others,50,3,60,99,0,0,1,5,12,2,2,3,3,14,Making a U turn,99,9,99,,0,49,472,2015,0,0,12,,,,,,1,1,28,2,0,0,0,0,99,0,11,0,,,,,0,0,0,3,1,91,0,0,0,96,,,,,,9,,,,,,99352,53,61,125,6,1,0,1,0,1,,1,7,,,,,0,05-15-2015,06-15-2017,20,0,0,0,8,9,8,,,0,0,0,8,1,2,605,695,996,1,1,1,2,1,0.07,,,,,,,,,,,,,,,,,,,,,,,,,,,,,,0,0,0,1,1,0,1,1,1,0,0,0,0,0,0,0,0,0,0,0,0,0,0,0,0,0,0,0,1,1,0,0,0,0,0,,0,0,0,0,1,0,1,1,0,0,0,0,0,0,0,1,,,,,,26-30,26-35,City street,U,Tuesday,Unknown,PV,Not Fatal,1,0,0,0,City Street,Municipal/City Police,Kennewick Police Department,0,0,0,1,0,thc,7.1,carboxy-thc,32,,0,0,0,,,,,,,,,,,,,,,,,,,,,,,,,,,,,,,,,,,
2021,396,635959,297,09-16-2021,04:35,16,9,Sep,,33,King,2310,1,,3,1,2,1,1,1,1,,,,8,0,0,No vehicle,4.4,2,0,2,4 Way,3,2,1,3,0,0,3,3,SR-181,S 180TH ST,-122.245575,47.44121667,98188,0,1,13,Pedestrian/Animal,80,5,40,66,1,0,1,5,8,1,1,6,2,1,Going Straight,1,3,53,,0,19,3,2002,0,0,12,,,,,,1,1,56,1,0,0,1,0,3,0,11,8,,,,,0,0,3,3,1,0,0,0,0,96,,,,,,0,,,,,,98030,53,73,255,6,1,0,0,2,1,,0,,,,,,0,07-15-2015,11-15-2017,20,0,0,0,8,9,8,,,0,0,0,8,9,8,95,,,96,,,8,95,995,,,,,,,,,,,,,,,,,,,,,,,,,,,,,,0,0,0,0,0,0,0,0,0,0,0,0,0,0,0,0,0,0,0,0,0,0,0,0,0,0,0,0,0,1,0,1,0,0,0,,0,0,0,0,0,0,0,0,0,0,0,0,0,0,0,0,,,,,,56-60,56-65,State route,U,Sunday,Belt Used,PV,Not Fatal,1,0,0,0,State Route,State Patrol,Washington State Patrol Headquarter,0,1,0,0,0,,,,,,0,0,1,,,,,,,,,,,,,,,,,,,,,,,,,,,,,,,,,,,
2019,396,634358,8,09-18-2019,23:12,18,9,Sep,,35,Kitsap,180,1,0,2,1,2,1,0,2,2,,,,12,0,2,Front-to-Front,33.7,1,0,1,No intersection,3,2,1,3,0,0,0,0,SR-3,,-122.7156,47.52390556,98312,0,2,98,Others,54,3,55,34,0,0,1,7,12,1,2,3,2,1,Going Straight,1,2,53,,0,49,32,2015,0,0,12,12,,,,,1,1,41,1,0,0,0,0,3,0,11,0,,,,,0,0,0,3,1,0,0,0,0,96,,,,,,0,,,,,,98006,53,67,190,6,1,0,1,0,0,,0,,,,,,0,09-15-2013,09-15-2013,8,0,0,0,8,9,8,,,0,0,0,8,9,8,95,,,96,,,8,95,995,,,,,,,,,,,,,,,,,,,,,,,,,,,,,,0,0,0,0,0,0,0,0,0,0,0,0,0,0,0,0,0,0,0,0,0,0,0,0,0,0,0,0,0,1,0,1,0,0,0,,0,0,0,0,0,0,0,0,0,0,0,0,0,0,0,0,,,,,,41-45,36-45,State route,U,Sunday,Belt Used,PV,Not Fatal,1,0,0,0,State Route,State Patrol,Washington State Patrol Headquarter,0,1,0,0,0,,,,,,0,0,0,,,,,,,,,,,,,,,,,,,,,,,,,,,,,,,,,,,
2019,396,634357,8,09-18-2019,23:12,18,9,Sep,,35,Kitsap,180,1,0,2,1,2,1,0,2,2,,,,12,0,2,Front-to-Front,33.7,1,0,1,No intersection,3,2,1,3,0,0,0,0,SR-3,,-122.7156,47.52390556,98312,0,1,98,Others,10,2,55,34,0,0,1,7,1,1,2,3,2,1,Going Straight,1,2,53,,0,2,1,2012,0,0,12,12,,,,,1,1,49,2,0,0,1,0,3,0,11,8,,,,,0,0,0,3,1,0,0,0,0,96,,,,,,0,,,,,,98027,53,67,168,6,1,0,0,0,0,,0,,,,,,0,04-15-2014,04-15-2014,1,0,0,0,8,9,8,,,0,0,0,8,9,8,95,,,96,,,8,95,995,,,,,,,,,,,,,,,,,,,,,,,,,,,,,,0,0,0,0,0,0,0,0,0,0,0,0,0,0,0,0,0,0,0,0,0,0,0,0,0,0,0,0,0,1,0,1,0,0,0,,0,0,0,0,0,0,0,0,0,0,0,0,0,0,0,0,,,,,,46-50,46-55,State route,U,Sunday,Belt Used,PV,Not Fatal,1,0,0,0,State Route,State Patrol,Washington State Patrol Headquarter,0,1,0,0,0,,,,,,0,0,1,,,,,,,,,,,,,,,,,,,,,,,,,,,,,,,,,,,
2018,396,633656,8,10-12-2018,21:30,12,10,Oct,0,31,Jefferson,0,1,0,2,1,2,1,0,3,1,,,,34,0,0,No vehicle,174.6,1,0,1,No intersection,3,1,1,2,0,0,0,0,US-101,,-124.24955,47.78778333,98331,0,1,1,Driver Off Road,13,2,55,4,0,0,1,2,34,3,1,2,1,14,Making a U turn,3,1,53,,5,20,421,2016,0,0,8,12,,,,,1,1,45,1,0,0,3,0,20,0,11,8,,,,,0,0,0,3,1,16,0,0,0,96,,,,,,0,,,,,,98375,53,71,230,6,1,0,0,0,0,,0,,,,,,0,,,8,0,0,0,8,9,8,,,0,0,0,8,0,8,95,,,96,,,8,95,995,,,,,,,,,,,,,,,,,,,,,,,,,,,,,,0,0,0,0,0,0,0,0,0,0,0,0,0,0,0,0,0,0,0,0,0,0,0,0,0,0,0,0,0,1,0,1,0,0,0,,0,0,0,0,0,0,0,0,0,0,0,0,0,0,0,0,,,,,,41-45,36-45,State route,U,Sunday,Not Used,PV,Not Fatal,1,0,0,0,State Route,State Patrol,Washington State Patrol Headquarter,0,1,0,0,0,,,,,,0,0,0,,,,,,,,,,,,,,,,,,,,,,,,,,,,,,,,,,,
2017,396,632870,35,09-30-2017,05:12,30,9,Sep,0,53,Pierce,0,10,0,2,2,1,1,0,2,1,05:13,05:38,,1,0,0,No vehicle,0.1,1,0,1,No intersection,5,1,2,4,0,0,0,0,CR-FAIRFAX FOREST RESERVE RD,,-122.039325,47.03336667,98323,0,1,98,Others,13,2,30,14,0,0,1,2,1,3,2,2,1,14,Making a U turn,2,2,53,,0,53,706,2006,0,0,12,,,,,,1,1,25,1,7,1,4,7,19,0,11,0,08/18/2018,18:12,1.03E+11,36409,0,0,0,2,1,0,0,0,0,96,,,,,,99,,,,,,98030,53,65,135,1,1,0,3,2,3,,0,,,,,,4,03-15-2014,08-15-2017,20,8,0,0,0,9,8,,,0,0,0,8,9,2,1,,,1,,,2,1,0,,,,,,,,,,,,,,,,,,,,,,,,,,,,,,0,0,0,1,0,0,0,0,0,0,0,0,1,1,1,0,0,0,1,0,0,0,0,1,1,0,0,0,1,1,0,0,0,0,1,0,0,0,0,0,0,0,0,0,0,1,0,1,0,0,0,0,,,,,,21-25,16-25,State route,U,Saturday,,MC,White,1,0,0,0,State Route,Municipal/City Police,Kent Police Department,0,1,0,0,0,,,,,,0,0,8,,,,,,,,,,,,,,,,,,,,,,,,,,,,,,,,,,,
2021,397,635963,7,09-29-2021,02:02,29,9,Sep,,33,King,100,1,,3,1,2,1,0,6,5,,,,12,0,2,Front-to-Front,3.9,1,0,1,No intersection,2,2,1,3,0,0,0,0,SR-18,,-122.2434222,47.30276944,98071,0,4,98,Others,90,6,60,66,1,0,1,5,18,1,1,2,3,1,Going Straight,1,3,17,,0,35,43,2017,0,0,12,,,,,,1,1,46,1,0,0,0,0,3,0,11,0,,,,,0,0,0,3,1,38,0,0,0,96,,,,,,0,,,,,,98030,53,65,180,6,1,0,0,0,0,,97,,,,,,0,,,2,0,0,0,8,9,8,,,0,0,0,8,0,8,95,,,96,,,8,95,995,,,,,,,,,,,,,,,,,,,,,,,,,,,,,,0,0,0,1,0,0,0,0,0,0,0,0,1,1,1,0,0,0,1,0,0,0,0,1,1,0,0,0,1,1,0,0,0,0,0,,0,0,0,0,0,0,0,0,0,0,1,0,0,0,0,0,,,,,,46-50,46-55,State route,U,Saturday,Belt Used,PV,Not Fatal,1,0,0,0,State Route,Municipal/City Police,Kent Police Department,0,1,0,0,0,,,,,,0,0,0,,,,,,,,,,,,,,,,,,,,,,,,,,,,,,,,,,,
2021,397,635962,7,09-29-2021,02:02,29,9,Sep,,33,King,100,1,,3,1,2,1,0,6,5,,,,12,0,2,Front-to-Front,3.9,1,0,1,No intersection,2,2,1,3,0,0,0,0,SR-18,,-122.2434222,47.30276944,98071,0,3,98,Others,54,3,60,66,1,0,1,2,12,1,1,2,3,1,Going Straight,1,3,17,,0,98,703,2012,0,0,63,24,,,,,1,1,58,2,7,1,4,7,5,0,11,0,08/18/2018,16:26,53037028,37028,0,0,3,3,1,0,0,0,0,92,,,,,,0,,,,,,98284,53,65,180,6,1,0,0,0,0,,0,,,,,,0,,,20,8,0,0,0,9,8,,,0,0,0,8,0,2,1,,,1,,,2,1,0,,,,,,,,,,,,,,,,,,,,,,,,,,,,,,0,0,1,0,0,0,0,0,0,0,0,0,0,0,0,0,1,0,0,0,0,0,0,0,0,0,0,0,1,0,0,0,0,0,1,0,0,0,0,0,0,0,0,0,1,0,0,0,0,0,0,0,,,,,,56-60,56-65,County road,,Saturday,,OTHMC,White,0,1,0,0,County Road,State Patrol,Washington State Patrol,1,0,1,0,0,,,,,,0,0,0,,,,,,,,,,,,,,,,,,,,,,,,,,,,,,,,,,,
2021,397,635964,7,09-29-2021,02:02,29,9,Sep,,33,King,100,1,,3,1,2,1,0,6,5,,,,12,0,2,Front-to-Front,3.9,1,0,1,No intersection,2,2,1,3,0,0,0,0,SR-18,,-122.2434222,47.30276944,98071,0,5,98,Others,90,6,60,5,0,0,1,2,18,1,1,2,3,1,Going Straight,1,1,53,,0,63,33,2006,0,0,63,42,,,,,1,1,33,1,0,0,3,0,20,0,11,4,,,,,0,0,3,3,1,0,0,0,0,96,,,,,,9,,,,,,99119,53,64,130,6,1,0,0,0,1,,97,,,,,,0,09-15-2015,09-15-2015,1,0,0,0,8,9,1,,,0,0,0,1,1,2,605,695,,1,1,,2,1,0.08,,,,,,,,,,,,,,,,,,,,,,,,,,,,,,0,0,0,0,1,1,1,1,1,0,0,0,0,0,0,0,0,0,0,1,0,0,0,0,0,0,0,0,0,1,0,0,0,0,0,,0,0,0,0,0,1,1,1,0,0,0,0,0,0,0,1,,,,,,31-35,26-35,Other,R,Wednesday,Not Used,PV,Not Fatal,0,1,0,0,Other,State Patrol,Washington State Patrol,1,0,0,0,1,thc,7.1,carboxy-thc,59,,0,0,0,,,,,,,,,,,,,,,,,,,,,,,,,,,,,,,,,,,
2021,397,635961,7,09-29-2021,02:02,29,9,Sep,,33,King,100,1,,3,1,2,1,0,6,5,,,,12,0,2,Front-to-Front,3.9,1,0,1,No intersection,2,2,1,3,0,0,0,0,SR-18,,-122.2434222,47.30276944,98071,0,2,52,Others,54,3,60,66,1,0,1,2,12,1,1,2,3,1,Going Straight,2,3,53,,0,54,35,2003,0,0,8,,,,,,1,1,55,1,0,0,0,0,3,0,11,0,,,,,0,0,0,3,1,0,0,0,0,96,,,,,,0,,,,,,98092,53,67,150,6,1,0,0,0,0,,0,,,,,,0,,,20,0,0,0,8,9,2,,,0,0,0,0,0,2,1,,,1,,,2,1,0,,,,,,,,,,,,,,,,,,,,,,,,,,,,,,0,0,0,0,0,0,0,0,0,1,1,0,0,0,0,0,0,0,0,0,0,0,0,0,0,0,0,0,0,1,0,1,0,0,0,,0,0,0,0,0,0,0,0,0,0,0,0,0,0,0,0,,,,,,51-55,46-55,State route,U,Thursday,Belt Used,PV,Not Fatal,0,0,0,0,State Route,State Patrol,Washington State Patrol,0,1,0,0,0,,,,,,0,0,0,,,,,,,,,,,,,,,,,,,,,,,,,,,,,,,,,,,
2021,397,635960,7,09-29-2021,02:02,29,9,Sep,,33,King,100,1,,3,1,2,1,0,6,5,,,,12,0,2,Front-to-Front,3.9,1,0,1,No intersection,2,2,1,3,0,0,0,0,SR-18,,-122.2434222,47.30276944,98071,0,1,52,Others,54,3,60,4,0,0,1,2,12,1,1,2,3,1,Going Straight,1,1,53,,0,55,33,2011,0,0,12,,,,,,1,1,23,2,6,1,4,7,20,0,11,0,08/13/2018,07:14,53035950,35950,0,0,0,3,1,0,0,0,0,96,,,,,,0,,,,,,99362,53,66,180,6,1,0,0,0,2,,0,,,,,,0,05-15-2016,04-15-2018,8,1,9,0,0,9,8,,,0,0,0,8,0,2,605,695,,1,1,,2,1,0,,,,,,,,,,,,,,,,,,,,,,,,,,,,,,0,0,0,1,0,0,1,1,1,0,0,0,0,0,0,0,1,0,1,1,0,0,0,1,1,0,0,0,0,1,0,0,0,1,0,,1,0,0,0,0,0,1,1,0,0,0,0,0,0,1,0,,,,,,21-25,16-25,State route,R,Monday,Not Used,PV,Hispanic,1,0,0,0,State Route,State Patrol,Washington State Patrol,0,1,0,0,0,thc,4.7,carboxy-thc,83,,0,0,1,,,,,,,,,,,,,,,,,,,,,,,,,,,,,,,,,,,
2019,397,634386,5,10-02-2019,01:19,2,10,Oct,,15,Cowlitz,0,1,0,2,1,2,1,1,1,1,,,,8,0,0,No vehicle,0.2,20,1,1,No intersection,1,1,1,1,0,0,0,0,I-5 RAMP,,-122.8579639,46.03962222,98625,0,1,13,Pedestrian/Animal,80,5,98,34,0,0,1,5,8,1,1,1,6,1,Going Straight,1,1,53,,0,30,40,2013,0,0,12,,,,,,1,1,24,2,0,0,0,0,3,0,11,0,,,,,0,0,0,3,1,0,0,0,0,0,,,,,,0,,,,,,97886,41,61,109,6,1,0,0,0,2,,0,,,,,,0,04-15-2017,10-15-2017,20,0,0,0,8,9,8,,,0,0,0,8,0,8,95,,,96,,,8,95,995,,,,,,,,,,,,,,,,,,,,,,,,,,,,,,0,0,0,1,0,0,1,1,1,0,0,0,0,0,0,0,1,0,1,1,0,0,0,1,1,0,0,0,0,1,0,0,0,0,0,,0,0,0,0,0,0,0,0,0,0,0,0,0,0,0,0,,,,,,21-25,16-25,State route,R,Monday,Belt Used,PV,Not Fatal,1,0,0,0,State Route,State Patrol,Washington State Patrol,0,1,0,0,0,,,,,,0,0,0,,,,,,,,,,,,,,,,,,,,,,,,,,,,,,,,,,,
2018,397,633657,26,11-03-2018,11:17,3,11,Nov,0,35,Kitsap,0,2,0,1,2,2,1,0,1,1,,,,31,0,0,No vehicle,1,1,0,1,No intersection,5,1,2,4,0,0,0,0,CR-HANSVILLE RD NE,,-122.5415028,47.82380278,98346,0,1,1,Driver Off Road,13,2,45,34,0,0,1,7,42,1,2,2,1,1,Going Straight,1,1,53,,0,30,46,2003,0,0,12,,,,,,1,1,27,2,0,0,2,0,3,0,11,4,,,,,0,0,0,3,1,0,0,0,0,96,,,,,,0,,,,,,97862,41,64,190,6,1,0,0,0,0,,0,,,,,,0,,,8,0,0,0,8,9,8,,,0,0,0,8,0,8,95,,,96,,,8,95,995,,,,,,,,,,,,,,,,,,,,,,,,,,,,,,0,0,0,1,0,0,1,1,1,0,0,0,0,0,0,0,1,0,1,1,0,0,0,1,1,0,0,0,0,1,0,0,0,0,0,,0,0,0,0,0,0,0,0,0,0,0,0,0,0,0,0,,,,,,26-30,26-35,State route,R,Monday,Belt Used,PV,Not Fatal,1,0,0,0,State Route,State Patrol,Washington State Patrol,0,1,0,0,0,,,,,,0,0,0,,,,,,,,,,,,,,,,,,,,,,,,,,,,,,,,,,,
2017,397,632874,127,09-27-2017,23:47,27,9,Sep,0,33,King,735,1,0,3,1,2,1,0,1,3,,,,38,0,0,No vehicle,0,1,0,1,No intersection,4,2,4,6,0,0,0,0,SW 320TH ST,,-122.3725028,47.31513611,98023,0,1,1,Driver Off Road,13,2,35,34,0,0,1,2,1,3,2,2,1,14,Making a U turn,1,1,53,,0,35,402,2002,0,0,12,68,12,12,,,1,1,38,2,0,0,1,0,3,0,11,4,,,,,0,0,0,3,1,38,39,0,0,93,,,,,,0,,,,,,99362,53,62,140,6,1,0,0,0,0,,97,,,,,,0,,,20,0,0,0,8,9,2,,,0,0,0,0,0,8,95,,,96,,,8,95,995,,,,,,,,,,,,,,,,,,,,,,,,,,,,,,0,0,0,1,0,0,1,1,1,0,0,0,0,0,0,0,1,0,1,1,0,0,0,1,1,0,0,0,0,1,0,0,0,0,0,,0,0,0,0,0,0,0,0,1,0,1,0,0,0,0,0,,,,,,36-40,36-45,State route,R,Monday,Belt Used,PV,Not Fatal,1,0,0,0,State Route,State Patrol,Washington State Patrol,0,1,0,0,0,,,,,,0,0,0,,,,,,,,,,,,,,,,,,,,,,,,,,,,,,,,,,,
2021,398,635965,337,09-22-2021,06:11,22,9,Sep,,73,Whatcom,110,10,,3,1,2,1,1,1,1,,,,9,0,0,No vehicle,0,1,0,1,No intersection,3,2,4,6,0,0,0,0,MERIDIAN ST,,-122.4861306,48.77961389,98225,0,1,13,Pedestrian/Animal,83,5,35,4,0,0,1,2,9,1,1,5,5,1,Going Straight,1,1,53,,0,37,706,1994,0,0,63,31,,,,,1,1,26,8,7,1,4,0,19,0,11,4,06/27/2018,14:43,1.96E+11,35039,0,0,0,2,1,0,0,0,0,96,,,,,,99,,,,,,98168,53,71,230,1,1,0,4,1,0,,0,,,,,,3,08-15-2013,05-15-2016,20,8,0,0,0,9,8,,,0,0,0,8,9,2,401,417,,1,1,,2,1,0.02,,,,,,,,,,,,,,,,,,,,,,,,,,,,,,0,0,1,1,1,0,1,1,0,0,0,0,1,1,1,0,0,0,0,0,0,0,0,0,0,0,0,0,1,0,0,0,0,0,1,0,0,0,0,0,1,0,1,1,0,1,0,1,0,0,0,1,,,,,,26-30,26-35,State route,U,Wednesday,,MC,White,1,0,0,0,State Route,Municipal/City Police,Renton Police Department,0,1,0,0,0,,,,,,0,0,2,,,,,,,,,,,,,,,,,,,,,,,,,,,,,,,,,,,
2020,398,635086,26,09-15-2020,13:13,15,9,Sep,,35,Kitsap,0,1,,1,1,2,1,0,2,2,13:22,13:31,14:08,12,0,6,Angle,2.6,2,0,3,T Intersection,5,1,2,4,0,0,20,3,CR-SW LAKEWAY BLVD,SIDNEY RD,-122.6612333,47.4397,,0,2,78,Others,16,2,35,34,0,0,1,2,12,1,1,2,1,10,Others,1,1,53,,0,41,51,2011,0,0,64,43,67,1,2,,1,1,51,1,6,1,4,7,99,0,11,0,08-09-2018,12:19,53035235,35235,0,0,0,3,1,0,0,0,0,96,,,,,,99,,,,,,98056,53,67,175,6,1,0,1,3,3,,0,,,,,,0,12-15-2013,11-15-2017,99,0,0,0,0,9,8,,,0,0,0,8,9,2,1,,,1,,,2,1,0,,,,,,,,,,,,,,,,,,,,,,,,,,,,,,0,0,1,0,0,0,0,0,0,0,0,0,0,0,0,0,0,0,0,0,0,0,0,0,0,0,0,0,0,1,0,0,0,0,0,,1,0,0,0,0,0,0,0,0,0,0,0,0,0,0,0,,,,,,51-55,46-55,Interstate,U,Thursday,Unknown,PV,Hispanic,0,1,0,0,State Route,State Patrol,Washington State Patrol,1,1,0,0,0,,,,,,0,0,5,,,,,,,,,,,,,,,,,,,,,,,,,,,,,,,,,,,