year,something,Cases,repjur,crash_dt,crash_tm,accday,Month,Month,holiday,county,co_char,city,weather,weather2,lightcond,surfcond,surftype,Number of Fatalities,nmforms,pforms,vforms,not_tm,arr_tm,hosp_tm,fhevent,hitrun,Manner of Collision,Manner of Collision,milepnt,reljunc,reljuncinter,intersectiontype,Intersection Type,funcsystem,landuse,ownership,route,schlbus,spejur,contdev,devfunc,trafid1,trafid2,x,y,zipcode,wk_zone,vnumber,crashtype,Crash Type,criticalevent,criticaleventcat,spdlim,body,trailer,emerg,hazcargo,leave,mhevent,roadalgn,roadprof,traflane,trafflow,Vehicle Manure,Vehicle Manure,numoccs,regowner,regstate,,spuse,make,model,modelyr,vrf1,vrf2,seqevent1,seqevent2,seqevent3,seqevent4,seqevent5,seqevent6,pnumber,ptype,age,sex,hispanic,race,injury,diedscene,restraint,restraintmisuse,seatpos,takehosp,death_dt,death_tm,cert,cernum_wa,commlic,licendor,licrestrict,liccomp,drivpres,drf1,drf2,drf3,drf4,distract1,distract2,distract3,distract4,distract5,distract6,dricond1,dricond2,dricond3,dricond4,dricond5,dricond6,dzip,licstate,drhgt_in,weight,noncdl,noncdltype,prevdwi,prevoth,prevacc,prevspd,prevsus,driviol1,driviol2,driviol3,driviol4,driviol5,driviol6,spdrel,first_dt,last_dt,airbag,ejection,ejectpath,extricat,injurwrk,methalc,methdrug,nmlocat,strikveh,prf1,prf2,prf3,druginv,alcinvol,drugsts,drugres1,drugres2,drugres3,drugtst1,drugtst2,drugtst3,alcsts,alctst,alcres,nmact1,nmact2,nmact3,nmact4,nmact5,nmact6,nmprior1,nmprior2,nmprior3,nmprior4,nmprior5,nmprior6,nmcond1,nmcond2,nmcond3,nmcond4,nmcond5,nmcond6,nmsafe_helmet,nmsafe_pads,nmsafe_oth,nmprev_ref,nmprev_lgt,nmprev_oth,crashlocation,nmcrashtype,crosswalk,schoolzone,sidewalk,train_inv,wildlife_inv,rotr_fars,intersect_fars,Drink and Drive,aid_inv,Drug Positive Drivers,Impaired Drivers,Marijuana Positive,impnm_inv,ainm_inv,dpnm_inv,speed_inv,unlic_inv,unendmc_inv,drowsy_inv,drdist_inv,nmdist_inv,fty_inv,unrestfat_inv,dr1617_inv,dr1820_inv,dr1620_inv,dr2125_inv,dr1625_inv,dr65_inv,dr70_inv,dr75_inv,mc_inv,pv_inv,ht_inv,ped_inv,bike_inv,unrest_fat,mc_fat,unhelmet_mc,pv_fat,ht_fat,ped_fat,bike_fat,dr_alc7,dr_alc8,dr_drug,dr_imp,dr_dist,dr_spd,dr_fty,dr_unlic,dr_alc7only,dr_alc8only,dr_drugonly,dr_drink,nm_imp,nm_alc7,nm_alc8,nm_drug,nm_dist,agegrp1,agegrp2,roadclass,urbrur,dayweek,restuse,vehtype,race_me,intersect,lanedep,oppdir,wrongway,rep_typ,investag,repag_long,rotr,st_rd,cty_rd,city_rd,oth_rd,drug_thc,thc_res,drug_cthc,cthc_res,drug_cann,prevpersemin,prevperse,prevsusoth,drugtst4,drugtst5,drugtst6,drugtst7,drugtst8,drugres4,drugres5,drugres6,drugres7,drugres8,adspresent,adsengaged,adslevel,race1,race2,race3,race4,race5,helmet,helmetmisuse,nmdistract1,nmdistract2,nmdistract3,nmdistract4,nmdistract5,nmdistract6,lab,isedtcase,crf1,crf2,crf3,CoRoadName,CoMP,IntCoRoadName,IntCoMP
2020,398,635085,26,09-15-2020,13:13,15,9,Sep,,35,Kitsap,0,1,,1,1,2,1,0,2,2,13:22,13:31,14:08,12,0,6,Angle,2.6,2,0,3,T Intersection,5,1,2,4,0,0,0,0,CR-SW LAKEWAY BLVD,SIDNEY RD,-122.6612333,47.4397,,0,1,79,Others,65,4,45,15,0,0,1,2,12,1,1,2,1,1,Going Straight,1,1,53,,0,49,40,1997,0,0,12,,,,,,1,1,29,2,0,0,0,0,3,0,11,0,,,,,0,0,0,3,1,0,0,0,0,96,,,,,,0,,,,,,98223,53,61,115,6,1,0,0,0,0,,0,,,,,,0,,,20,0,0,0,8,9,8,,,0,0,0,8,0,8,95,,,96,,,8,95,995,,,,,,,,,,,,,,,,,,,,,,,,,,,,,,0,0,0,0,1,0,1,1,0,0,0,0,0,0,0,0,0,0,0,1,0,0,0,0,0,1,1,0,0,1,0,0,0,0,0,,0,0,0,0,0,0,0,0,0,0,0,0,0,0,0,0,,,,,,26-30,26-35,State route,R,Sunday,Belt Used,PV,Not Fatal,0,1,1,0,State Route,State Patrol,Washington State Patrol,0,1,0,0,0,,,,,,0,0,0,,,,,,,,,,,,,,,,,,,,,,,,,,,,,,,,,,,
2019,398,634446,4,11-06-2019,15:10,6,11,Nov,,65,Stevens,0,1,0,1,1,2,1,0,2,2,,,,12,0,2,Front-to-Front,219.1,1,0,1,No intersection,3,1,1,2,0,0,0,0,US-395,,-117.8287417,48.33525833,99109,0,2,51,Lateral Move(Going Straight),62,4,60,80,0,0,1,2,12,8,8,2,1,1,Going Straight,1,2,53,,0,7,482,2016,0,0,12,,,,,,1,1,42,1,0,0,0,0,3,0,11,0,,,,,0,0,0,3,1,0,0,0,0,96,,,,,,0,,,,,,98223,53,72,175,6,1,0,0,0,3,,0,,,,,,0,12-15-2014,03-15-2015,20,0,0,0,8,9,8,,,0,0,0,8,0,8,95,,,96,,,8,95,995,,,,,,,,,,,,,,,,,,,,,,,,,,,,,,0,0,0,0,1,0,1,1,0,0,0,0,0,0,0,0,0,0,0,1,0,0,0,0,0,1,1,0,0,1,0,0,0,0,0,,0,0,0,0,0,0,0,0,0,0,0,0,0,0,0,0,,,,,,41-45,36-45,State route,R,Sunday,Belt Used,PV,Not Fatal,0,1,1,0,State Route,State Patrol,Washington State Patrol,0,1,0,0,0,,,,,,0,0,0,,,,,,,,,,,,,,,,,,,,,,,,,,,,,,,,,,,
2018,398,633658,42,11-04-2018,12:34,4,11,Nov,0,67,Thurston,0,10,0,1,2,2,1,0,1,1,,,,1,0,0,No vehicle,5.6,1,0,1,No intersection,5,1,2,4,0,0,0,0,CR-WADDELL CREEK RD SW,,-123.04815,46.95570833,98512,0,1,98,Others,6,1,35,80,0,0,1,7,1,3,2,2,1,14,Making a U turn,1,1,53,,0,2,404,1996,0,0,12,1,,,,,1,1,58,1,7,1,4,7,20,0,11,0,08/19/2018,21:20,53036601,36601,0,0,0,3,1,0,0,0,0,96,,,,,,99,,,,,,98043,53,68,185,6,1,0,2,0,2,,0,,,,,,0,06-15-2014,06-15-2017,20,2,9,0,0,1,8,,,0,0,0,8,1,2,401,417,,1,1,,2,1,0.052,,,,,,,,,,,,,,,,,,,,,,,,,,,,,,0,0,0,0,1,0,1,1,0,0,0,0,0,0,0,0,0,0,0,1,0,0,0,0,0,1,1,0,0,1,0,0,0,1,0,,1,0,0,0,1,0,1,1,0,0,0,0,0,0,0,1,,,,,,56-60,56-65,State route,R,Sunday,Not Used,PV,White,0,1,1,0,State Route,State Patrol,Washington State Patrol,0,1,0,0,0,,,,,,0,0,1,,,,,,,,,,,,,,,,,,,,,,,,,,,,,,,,,,,
2017,398,632896,31,09-28-2017,19:30,28,9,Sep,0,45,Mason,0,1,0,2,1,2,1,0,2,1,,,,16,0,0,No vehicle,1.4,1,0,1,No intersection,6,1,2,4,0,0,0,0,CR-E NORTH BAY RD,,-122.8303222,47.40468889,98524,0,1,0,Others,98,7,50,1,0,0,1,2,16,3,1,2,1,14,Making a U turn,2,1,53,,0,48,45,2013,0,0,68,12,12,12,,,1,1,73,2,0,0,0,0,3,0,11,0,,,,,0,0,0,3,1,28,0,0,0,96,,,,,,0,,,,,,98223,53,66,145,6,1,0,0,0,0,,97,,,,,,0,,,20,0,0,0,8,9,8,,,0,0,0,8,0,2,1,,,1,,,2,1,0,,,,,,,,,,,,,,,,,,,,,,,,,,,,,,0,0,0,0,1,0,1,1,0,0,0,0,0,0,0,0,0,0,0,1,0,0,0,0,0,1,1,0,0,1,0,0,0,0,0,,0,0,0,0,0,0,0,0,0,0,0,0,0,0,0,0,,,,,,71-75,66-75,State route,R,Sunday,Belt Used,PV,Not Fatal,0,1,1,0,State Route,State Patrol,Washington State Patrol,0,1,0,0,0,,,,,,0,0,0,,,,,,,,,,,,,,,,,,,,,,,,,,,,,,,,,,,
2019,398,634445,4,11-06-2019,15:10,6,11,Nov,,65,Stevens,0,1,0,1,1,2,1,0,2,2,,,,12,0,2,Front-to-Front,219.1,1,0,1,No intersection,3,1,1,2,0,0,0,0,US-395,,-117.8287417,48.33525833,99109,0,1,50,Lateral Move(Left/Right),10,2,60,14,0,0,1,2,12,3,2,2,1,6,Others,1,9,95,,0,20,481,2000,0,0,63,1,,,,,1,1,22,1,1,98,4,7,3,0,11,0,08-12-2018,06:48,53035250,35250,0,0,0,3,1,0,0,0,0,96,,,,,,99,,,,,,98032,53,75,180,6,1,0,0,0,2,,0,,,,,,0,04-15-2015,05-15-2015,20,0,0,0,0,9,8,,,0,0,0,8,0,2,1,,,1,,,2,1,0,,,,,,,,,,,,,,,,,,,,,,,,,,,,,,0,0,1,0,0,0,0,0,0,0,0,0,0,0,0,0,0,0,0,0,0,0,0,1,1,0,0,0,0,1,0,0,0,0,0,,1,0,0,0,0,0,0,0,0,0,0,0,0,0,0,0,,,,,,21-25,16-25,State route,R,Sunday,Belt Used,PV,Hispanic,0,1,0,0,State Route,State Patrol,Washington State Patrol,1,1,0,0,0,,,,,,0,0,0,,,,,,,,,,,,,,,,,,,,,,,,,,,,,,,,,,,
2021,399,635966,337,09-28-2021,19:53,28,9,Sep,,73,Whatcom,110,1,,2,1,2,1,1,1,1,,,,9,0,0,No vehicle,2.4,1,0,1,No intersection,4,2,1,3,0,0,0,0,SR-542,,-122.4210278,48.79024444,98226,0,1,13,Pedestrian/Animal,83,5,55,4,0,0,1,2,9,2,1,2,1,14,Making a U turn,1,1,53,,0,7,27,2015,0,0,12,,,,,,1,1,31,1,0,0,3,0,3,0,11,8,,,,,0,0,0,3,1,0,0,0,0,96,,,,,,99,,,,,,98058,53,76,215,6,1,0,0,1,1,,0,,,,,,0,04-15-2016,07-15-2017,8,0,0,0,8,9,8,,,0,0,0,8,9,8,95,,,96,,,8,95,995,,,,,,,,,,,,,,,,,,,,,,,,,,,,,,0,0,0,0,1,1,1,1,1,0,0,0,1,1,0,0,0,0,0,0,0,0,0,0,0,0,0,0,0,1,0,0,0,0,0,,0,0,0,0,0,0,0,0,0,0,0,0,0,0,0,0,,,,,,31-35,26-35,City street,U,Sunday,Belt Used,PV,Not Fatal,0,1,1,0,City Street,Municipal/City Police,Renton Police Department,0,0,0,1,0,,,,,,0,0,0,,,,,,,,,,,,,,,,,,,,,,,,,,,,,,,,,,,
2020,399,635139,55,10-05-2020,17:01,5,10,Oct,,53,Pierce,100,1,,1,1,2,1,1,1,1,,,,8,0,0,No vehicle,0,1,0,1,No intersection,3,2,4,6,0,0,0,0,LAKE TAPPS PKWY E,,-122.2135111,47.24395833,98390,0,1,13,Pedestrian/Animal,80,5,45,4,0,0,1,2,8,2,2,6,1,14,Making a U turn,1,2,53,,0,19,18,2004,0,0,68,68,64,69,68,12,1,1,33,1,2,98,4,7,99,0,11,0,08/19/2018,20:24,1.83E+11,36914,0,0,3,2,1,28,0,0,0,96,,,,,,99,,,,,,98030,53,67,225,1,1,0,2,0,0,,0,,,,,,3,11-15-2016,04-15-2018,8,2,9,0,0,9,8,,,0,0,0,8,9,2,605,695,,1,1,,2,1,0.13,,,,,,,,,,,,,,,,,,,,,,,,,,,,,,0,0,0,0,1,1,1,1,1,0,0,0,1,1,0,0,0,0,0,0,0,0,0,0,0,0,0,0,0,1,0,0,0,0,0,,1,0,0,0,0,1,1,1,0,1,0,1,0,0,0,1,,,,,,31-35,26-35,City street,U,Sunday,Unknown,PV,Hispanic,0,1,1,0,City Street,Municipal/City Police,Renton Police Department,0,0,0,1,0,thc,79,carboxy-thc,190,,0,0,3,,,,,,,,,,,,,,,,,,,,,,,,,,,,,,,,,,,
2019,399,634447,16,11-08-2019,08:50,8,11,Nov,,15,Cowlitz,0,1,0,1,1,5,1,0,1,1,,,,42,0,0,No vehicle,9999.9,1,0,1,No intersection,6,1,2,4,0,0,0,0,CR-KALAMA RIVER RD,,-122.6388333,46.04481111,98625,0,1,1,Driver Off Road,13,2,35,66,1,0,1,7,42,3,2,2,1,14,Making a U turn,1,3,53,,0,54,35,2006,0,0,12,,,,,,1,1,25,8,0,0,0,0,3,0,11,0,,,,,99,9,9,9,1,0,0,0,0,0,,,,,,0,,,,,,0,95,,999,9,9,99,99,99,99,,0,,,,,,0,,,20,0,0,0,8,9,8,,,0,0,0,8,0,8,95,,,96,,,8,95,995,,,,,,,,,,,,,,,,,,,,,,,,,,,,,,0,0,0,0,1,0,0,0,0,0,0,0,1,0,0,0,1,0,0,0,0,1,1,1,1,0,0,0,0,1,0,0,0,0,0,,0,0,0,0,0,0,0,0,0,0,0,0,0,0,0,0,,,,,,21-25,16-25,Interstate,R,Thursday,Belt Used,PV,Not Fatal,0,0,0,0,State Route,State Patrol,Washington State Patrol,0,1,0,0,0,,,,,,99,99,99,,,,,,,,,,,,,,,,,,,,,,,,,,,,,,,,,,,
2017,399,632893,2,09-23-2017,14:31,23,9,Sep,0,61,Snohomish,0,1,0,1,1,2,1,1,1,1,,,,9,0,0,No vehicle,0.1,1,0,1,No intersection,3,2,1,3,0,0,0,0,SR-204,,-122.1376917,47.97909722,98258,0,1,13,Pedestrian/Animal,83,5,55,15,0,0,1,5,9,1,2,2,1,1,Going Straight,1,2,53,,0,49,45,2001,0,0,12,12,,,,,1,1,26,1,0,0,0,0,3,0,11,0,,,,,0,0,0,3,1,0,0,0,0,0,,,,,,0,,,,,,98155,53,72,160,6,1,0,0,0,0,,0,,,,,,0,,,99,0,0,0,8,9,8,,,0,0,0,8,0,8,95,,,96,,,8,95,995,,,,,,,,,,,,,,,,,,,,,,,,,,,,,,0,0,0,0,1,0,0,0,0,0,0,0,1,0,0,0,1,0,0,0,0,1,1,1,1,0,0,0,0,1,0,0,0,0,0,,0,0,0,0,0,0,0,0,0,0,0,0,0,0,0,0,,,,,,26-30,26-35,Interstate,R,Thursday,Belt Used,PV,Not Fatal,0,0,0,0,State Route,State Patrol,Washington State Patrol,0,1,0,0,0,,,,,,0,0,0,,,,,,,,,,,,,,,,,,,,,,,,,,,,,,,,,,,
2018,399,633659,1,11-04-2018,11:55,4,11,Nov,0,21,Franklin,1660,99,0,9,99,2,1,1,1,1,13:52,13:59,,8,1,0,No vehicle,0.1,5,1,1,No intersection,1,2,1,1,0,0,0,0,I-182,,-119.1275556,46.25058611,99301,0,1,13,Pedestrian/Animal,80,5,98,99,0,0,1,5,8,3,2,2,6,14,Making a U turn,99,9,91,,0,48,34,2008,0,0,12,12,,,,,1,1,46,1,0,0,0,0,3,0,11,0,,,,,0,0,0,3,1,0,0,0,0,0,,,,,,0,,,,,,98225,53,68,170,6,1,0,0,0,0,,0,,,,,,0,,,20,0,0,0,8,9,8,,,0,0,0,8,0,8,95,,,96,,,8,95,995,,,,,,,,,,,,,,,,,,,,,,,,,,,,,,0,0,0,0,1,0,0,0,0,0,0,0,1,0,0,0,1,0,0,0,0,1,1,1,1,0,0,0,0,1,0,0,0,0,0,,0,0,0,0,0,0,0,0,0,0,0,0,0,0,0,0,,,,,,46-50,46-55,Interstate,R,Thursday,Belt Used,PV,Not Fatal,0,0,0,0,State Route,State Patrol,Washington State Patrol,0,1,0,0,0,,,,,,0,0,0,,,,,,,,,,,,,,,,,,,,,,,,,,,,,,,,,,,
2021,400,635967,5,09-22-2021,10:35,22,9,Sep,,15,Cowlitz,0,2,,1,2,2,1,1,1,2,,,,8,0,0,No vehicle,29,1,0,1,No intersection,1,1,1,1,0,0,0,0,I-5,,-122.8400639,45.99579722,98625,0,1,13,Pedestrian/Animal,6,1,60,63,1,0,1,2,8,1,1,3,3,15,Others,1,3,53,,0,12,37,2002,0,0,12,12,,,,,1,1,22,1,7,1,4,7,3,0,11,0,08-09-2018,23:13,53035503,35503,0,0,0,3,1,0,0,0,0,0,,,,,,99,,,,,,98292,53,72,130,6,1,0,0,0,0,,0,,,,,,0,,,20,0,0,0,0,9,8,,,0,0,0,8,9,2,1,,,1,,,2,1,0,,,,,,,,,,,,,,,,,,,,,,,,,,,,,,0,0,0,0,1,0,0,0,0,0,0,0,1,0,0,0,1,0,0,0,0,1,1,1,1,0,0,0,0,1,0,0,0,0,0,,1,0,0,0,0,0,0,0,0,0,0,0,0,0,0,0,,,,,,21-25,16-25,Interstate,R,Thursday,Belt Used,PV,White,0,0,0,0,State Route,State Patrol,Washington State Patrol,0,1,0,0,0,,,,,,0,0,0,,,,,,,,,,,,,,,,,,,,,,,,,,,,,,,,,,,
2020,400,635140,5,10-12-2020,22:41,12,10,Oct,,11,Clark,2370,1,,3,1,2,1,1,1,1,,,,8,0,0,No vehicle,4.1,1,0,1,No intersection,3,2,1,3,0,0,0,0,SR-500,,-122.5815861,45.65598056,98662,0,1,13,Pedestrian/Animal,80,5,55,4,0,0,1,2,8,2,2,2,3,15,Others,1,1,53,,0,20,481,2000,0,0,12,,,,,,1,1,20,1,0,0,1,0,3,0,11,5,,,,,0,0,0,3,1,0,0,0,0,93,,,,,,99,,,,,,98274,53,69,146,6,1,0,2,1,5,,23,,,,,,4,10-15-2014,05-15-2018,20,0,0,0,8,9,2,,,0,0,0,0,1,2,1,,,1,,,2,1,0,,,,,,,,,,,,,,,,,,,,,,,,,,,,,,0,0,0,0,1,0,0,0,0,0,0,0,1,0,0,0,1,0,0,0,0,1,1,1,1,0,0,0,0,1,0,0,0,0,0,,0,0,0,0,0,0,0,0,1,1,0,0,0,0,0,1,,,,,,18-20,16-25,Interstate,R,Thursday,Belt Used,PV,Not Fatal,0,0,0,0,State Route,State Patrol,Washington State Patrol,0,1,0,0,0,,,,,,0,0,0,,,,,,,,,,,,,,,,,,,,,,,,,,,,,,,,,,,
2019,400,634448,278,11-09-2019,17:39,9,11,Nov,,63,Spokane,2110,2,0,3,2,2,1,1,3,1,,,,8,0,0,No vehicle,0,1,0,1,No intersection,7,2,4,6,0,0,98,8,S PALOUSE HWY,,-117.3592083,47.60703611,99223,0,1,13,Pedestrian/Animal,80,5,98,6,0,0,1,5,8,1,1,2,1,1,Going Straight,3,1,53,,0,22,9,1967,0,0,8,,,,,,1,1,21,1,0,0,0,0,3,0,11,0,,,,,0,0,3,3,1,0,0,0,0,96,,,,,,0,,,,,,98056,53,69,145,6,1,0,1,0,1,,0,,,,,,0,11-15-2014,02-15-2015,20,0,0,0,8,9,8,,,0,0,0,8,0,8,95,,,96,,,8,95,995,,,,,,,,,,,,,,,,,,,,,,,,,,,,,,0,0,0,1,0,0,0,0,0,1,1,0,0,0,0,0,0,0,0,0,0,0,0,1,1,0,0,0,0,1,0,1,0,0,0,,0,0,0,0,0,0,0,0,0,0,0,0,0,0,0,0,,,,,,21-25,16-25,State route,U,Saturday,Belt Used,PV,Not Fatal,1,0,0,0,State Route,Municipal/City Police,Renton Police Department,0,1,0,0,0,,,,,,0,0,0,,,,,,,,,,,,,,,,,,,,,,,,,,,,,,,,,,,
2018,400,633660,41,11-02-2018,19:00,2,11,Nov,0,65,Stevens,0,10,0,2,98,5,1,0,1,1,,,,1,0,0,No vehicle,0,1,0,1,No intersection,7,1,98,8,0,0,0,0,SMACKOUT CREEK RD,,-117.5681389,48.79036667,,0,1,6,Drive off road,13,2,98,14,0,0,1,7,1,2,2,8,1,14,Making a U turn,1,1,53,,0,12,422,1999,0,0,68,64,1,,,,1,1,37,1,0,0,2,0,20,0,11,4,,,,,0,0,0,3,1,91,0,0,0,3,,,,,,9,,,,,,98404,53,70,220,6,1,0,1,0,2,,1,,,,,,0,06-15-2017,03-15-2018,20,1,9,0,8,1,1,,,0,0,0,1,1,2,177,,,1,,,2,1,0.13,,,,,,,,,,,,,,,,,,,,,,,,,,,,,,0,0,1,0,1,1,1,1,0,0,0,0,0,0,0,0,1,0,0,1,0,0,0,0,0,0,0,0,0,1,0,0,0,0,0,,0,0,0,0,0,1,1,1,1,0,0,0,0,0,0,1,,,,,,36-40,36-45,State route,U,Saturday,Not Used,PV,Not Fatal,0,1,0,0,State Route,State Patrol,Washington State Patrol,1,1,0,0,0,,,,,,0,0,0,,,,,,,,,,,,,,,,,,,,,,,,,,,,,,,,,,,
2017,400,632868,2,09-24-2017,06:08,24,9,Sep,0,73,Whatcom,0,1,0,2,1,2,1,0,2,2,,,,24,0,0,No vehicle,273.9,1,0,1,No intersection,1,1,1,1,0,0,0,0,I-5,,-122.7192694,48.97178333,98230,0,2,98,Others,98,7,70,6,0,0,1,5,54,1,1,2,3,1,Going Straight,1,1,53,,0,12,37,2003,0,0,63,24,1,,,,1,1,25,1,2,1,4,7,20,0,11,0,08/16/2018,13:25,2.31E+11,36349,0,0,3,3,1,0,0,0,0,96,,,,,,9,,,,,,1060,25,64,999,6,1,0,6,3,1,,0,,,,,,0,05-15-2015,05-15-2016,20,1,9,0,0,1,8,,,0,0,0,8,1,2,1,,,1,,,2,1,0.25,,,,,,,,,,,,,,,,,,,,,,,,,,,,,,0,0,1,0,1,1,0,1,0,0,0,0,0,0,0,0,0,0,0,1,0,0,0,1,1,0,0,0,0,1,0,0,0,1,0,,1,0,0,0,0,1,0,1,0,0,0,0,0,1,0,1,,,,,,21-25,16-25,Interstate,U,Thursday,Not Used,PV,Hispanic,0,1,0,0,State Route,State Patrol,Washington State Patrol,1,1,0,0,0,,,,,,0,0,4,,,,,,,,,,,,,,,,,,,,,,,,,,,,,,,,,,,
2017,400,632867,2,09-24-2017,06:08,24,9,Sep,0,73,Whatcom,0,1,0,2,1,2,1,0,2,2,,,,24,0,0,No vehicle,273.9,1,0,1,No intersection,1,1,1,1,0,0,0,0,I-5,,-122.7192694,48.97178333,98230,0,1,7,Control/Traction Loss,12,2,70,4,0,0,1,2,1,1,1,2,3,1,Going Straight,1,2,53,,0,49,403,2013,0,0,12,,,,,,1,1,27,2,0,0,0,0,3,0,11,0,,,,,0,0,0,3,1,0,0,0,0,96,,,,,,0,,,,,,98422,53,66,164,6,1,0,0,0,1,,0,,,,,,0,04-15-2017,04-15-2017,1,0,0,0,8,9,8,,,0,0,0,8,0,8,95,,,96,,,8,95,995,,,,,,,,,,,,,,,,,,,,,,,,,,,,,,0,0,0,0,1,1,1,1,1,0,0,0,0,0,0,0,0,0,0,0,0,1,1,1,1,0,0,0,0,1,1,0,0,0,0,,0,0,0,0,0,0,0,0,0,0,0,0,0,0,0,0,,,,,,26-30,26-35,State route,U,Friday,Belt Used,PV,Not Fatal,0,0,0,1,State Route,State Patrol,Washington State Patrol,0,1,0,0,0,,,,,,0,0,0,,,,,,,,,,,,,,,,,,,,,,,,,,,,,,,,,,,
2021,401,635968,5,10-07-2021,21:20,7,10,Oct,,11,Clark,0,1,,3,1,2,1,0,1,1,,,,46,0,0,No vehicle,0.6,3,1,2,4 Way,1,2,1,1,0,0,3,3,I-205 RAMP,NE 134TH ST,-122.6474083,45.717925,98686,0,1,6,Drive off road,12,2,98,4,0,0,1,2,46,3,3,3,6,14,Making a U turn,1,2,53,,0,55,404,2018,0,0,54,,,,,,1,1,20,1,0,0,0,0,3,0,11,0,,,,,0,0,0,3,1,0,0,0,0,96,,,,,,0,,,,,,98374,53,69,150,6,1,0,0,0,0,,0,,,,,,0,,,20,0,0,0,8,9,8,,,0,0,0,8,0,8,95,,,96,,,8,95,995,,,,,,,,,,,,,,,,,,,,,,,,,,,,,,0,0,0,0,1,1,1,1,1,0,0,0,0,0,0,0,0,0,0,0,0,1,1,1,1,0,0,0,0,1,1,0,0,0,0,,0,0,0,0,0,0,0,0,0,0,0,0,0,0,0,0,,,,,,18-20,16-25,State route,U,Friday,Belt Used,PV,Not Fatal,0,0,0,1,State Route,State Patrol,Washington State Patrol,0,1,0,0,0,,,,,,0,0,0,,,,,,,,,,,,,,,,,,,,,,,,,,,,,,,,,,,
2020,401,635142,278,10-13-2020,23:17,13,10,Oct,,63,Spokane,2110,1,,3,1,2,1,0,3,2,,,,12,0,6,Angle,0,2,0,2,4 Way,4,2,4,6,0,0,0,0,S REGAL ST,E THURSTON AVE,-117.3686,47.61728056,99223,0,2,87,Others,66,4,98,14,0,0,1,5,12,1,1,4,1,1,Going Straight,2,2,53,,0,20,881,2008,0,0,12,64,25,,,,1,1,54,1,0,0,0,0,3,0,11,0,,,,,0,0,3,3,1,0,0,0,0,96,,,,,,9,,,,,,98391,53,75,285,6,1,0,3,0,0,,12,,,,,,0,10-15-2014,09-15-2016,20,0,0,0,8,9,2,,,0,0,0,0,1,0,0,,,0,,,2,2,0.115,,,,,,,,,,,,,,,,,,,,,,,,,,,,,,0,0,0,0,1,1,1,1,1,0,0,0,0,0,0,0,0,0,0,0,0,1,1,1,1,0,0,0,0,1,1,0,0,0,0,,0,0,0,0,0,1,0,1,0,0,0,0,0,1,0,1,,,,,,51-55,46-55,State route,U,Friday,,MHTRUCK,Not Fatal,0,0,0,1,State Route,State Patrol,Washington State Patrol,0,1,0,0,0,,,,,,0,0,0,,,,,,,,,,,,,,,,,,,,,,,,,,,,,,,,,,,
2020,401,635141,278,10-13-2020,23:17,13,10,Oct,,63,Spokane,2110,1,,3,1,2,1,0,3,2,,,,12,0,6,Angle,0,2,0,2,4 Way,4,2,4,6,0,0,20,3,S REGAL ST,E THURSTON AVE,-117.3686,47.61728056,99223,0,1,86,Others,17,2,98,5,0,0,1,5,12,1,1,2,1,1,Going Straight,1,1,53,,0,20,2,2014,0,0,12,60,54,25,69,12,1,1,25,2,7,1,4,7,3,0,11,0,08-03-2018,02:49,1.03E+11,34096,0,0,0,3,1,51,0,0,0,96,,,,,,99,,,,,,98597,53,66,150,6,1,0,0,0,0,,0,,,,,,0,,,8,2,9,0,0,9,8,,,0,0,0,8,9,2,605,695,,1,1,,2,1,0.15,,,,,,,,,,,,,,,,,,,,,,,,,,,,,,0,0,0,0,1,1,1,1,1,0,0,0,0,0,0,0,0,0,0,0,0,1,1,1,1,0,0,0,0,1,1,0,0,0,0,,1,0,0,0,0,1,1,1,0,0,0,0,0,0,0,1,,,,,,21-25,16-25,State route,U,Friday,Belt Used,PV,White,0,0,0,1,State Route,State Patrol,Washington State Patrol,0,1,0,0,0,thc,7.5,carboxy-thc,56,,0,0,0,,,,,,,,,,,,,,,,,,,,,,,,,,,,,,,,,,,
2019,401,634450,26,11-08-2019,11:39,8,11,Nov,,35,Kitsap,0,1,0,1,1,2,1,0,3,2,,,,12,0,6,Angle,3.1,2,0,3,T Intersection,5,2,2,4,0,0,20,3,CR-CLEAR CREEK RD NW,NW CLOSSER DR,-122.691975,47.70833056,98370,0,2,82,Turn Into Opp Direction(Turning Left),15,2,50,4,0,0,1,7,12,1,1,8,1,11,Turning Red: Permitted on red,2,2,53,,0,49,402,2018,0,0,12,68,64,1,,,1,1,59,1,0,0,3,0,3,0,11,8,,,,,0,0,0,3,1,0,0,0,0,96,,,,,,0,,,,,,90620,6,69,160,6,1,0,0,0,0,,0,,,,,,0,,,8,0,0,0,8,9,8,,,0,0,0,8,0,8,95,,,96,,,8,95,995,,,,,,,,,,,,,,,,,,,,,,,,,,,,,,0,0,0,1,1,1,1,1,0,0,0,0,0,0,0,0,0,0,1,1,0,0,0,0,0,0,0,0,0,1,0,0,0,0,0,,0,0,0,0,0,0,0,0,0,0,0,0,0,0,0,0,,,,,,56-60,56-65,State route,R,Monday,Belt Used,PV,Not Fatal,1,0,0,0,State Route,State Patrol,Washington State Patrol,0,1,0,0,0,,,,,,0,0,0,,,,,,,,,,,,,,,,,,,,,,,,,,,,,,,,,,,