year,something,Cases,repjur,crash_dt,crash_tm,accday,Month,Month,holiday,county,co_char,city,weather,weather2,lightcond,surfcond,surftype,Number of Fatalities,nmforms,pforms,vforms,not_tm,arr_tm,hosp_tm,fhevent,hitrun,Manner of Collision,Manner of Collision,milepnt,reljunc,reljuncinter,intersectiontype,Intersection Type,funcsystem,landuse,ownership,route,schlbus,spejur,contdev,devfunc,trafid1,trafid2,x,y,zipcode,wk_zone,vnumber,crashtype,Crash Type,criticalevent,criticaleventcat,spdlim,body,trailer,emerg,hazcargo,leave,mhevent,roadalgn,roadprof,traflane,trafflow,Vehicle Manure,Vehicle Manure,numoccs,regowner,regstate,,spuse,make,model,modelyr,vrf1,vrf2,seqevent1,seqevent2,seqevent3,seqevent4,seqevent5,seqevent6,pnumber,ptype,age,sex,hispanic,race,injury,diedscene,restraint,restraintmisuse,seatpos,takehosp,death_dt,death_tm,cert,cernum_wa,commlic,licendor,licrestrict,liccomp,drivpres,drf1,drf2,drf3,drf4,distract1,distract2,distract3,distract4,distract5,distract6,dricond1,dricond2,dricond3,dricond4,dricond5,dricond6,dzip,licstate,drhgt_in,weight,noncdl,noncdltype,prevdwi,prevoth,prevacc,prevspd,prevsus,driviol1,driviol2,driviol3,driviol4,driviol5,driviol6,spdrel,first_dt,last_dt,airbag,ejection,ejectpath,extricat,injurwrk,methalc,methdrug,nmlocat,strikveh,prf1,prf2,prf3,druginv,alcinvol,drugsts,drugres1,drugres2,drugres3,drugtst1,drugtst2,drugtst3,alcsts,alctst,alcres,nmact1,nmact2,nmact3,nmact4,nmact5,nmact6,nmprior1,nmprior2,nmprior3,nmprior4,nmprior5,nmprior6,nmcond1,nmcond2,nmcond3,nmcond4,nmcond5,nmcond6,nmsafe_helmet,nmsafe_pads,nmsafe_oth,nmprev_ref,nmprev_lgt,nmprev_oth,crashlocation,nmcrashtype,crosswalk,schoolzone,sidewalk,train_inv,wildlife_inv,rotr_fars,intersect_fars,Drink and Drive,aid_inv,Drug Positive Drivers,Impaired Drivers,Marijuana Positive,impnm_inv,ainm_inv,dpnm_inv,speed_inv,unlic_inv,unendmc_inv,drowsy_inv,drdist_inv,nmdist_inv,fty_inv,unrestfat_inv,dr1617_inv,dr1820_inv,dr1620_inv,dr2125_inv,dr1625_inv,dr65_inv,dr70_inv,dr75_inv,mc_inv,pv_inv,ht_inv,ped_inv,bike_inv,unrest_fat,mc_fat,unhelmet_mc,pv_fat,ht_fat,ped_fat,bike_fat,dr_alc7,dr_alc8,dr_drug,dr_imp,dr_dist,dr_spd,dr_fty,dr_unlic,dr_alc7only,dr_alc8only,dr_drugonly,dr_drink,nm_imp,nm_alc7,nm_alc8,nm_drug,nm_dist,agegrp1,agegrp2,roadclass,urbrur,dayweek,restuse,vehtype,race_me,intersect,lanedep,oppdir,wrongway,rep_typ,investag,repag_long,rotr,st_rd,cty_rd,city_rd,oth_rd,drug_thc,thc_res,drug_cthc,cthc_res,drug_cann,prevpersemin,prevperse,prevsusoth,drugtst4,drugtst5,drugtst6,drugtst7,drugtst8,drugres4,drugres5,drugres6,drugres7,drugres8,adspresent,adsengaged,adslevel,race1,race2,race3,race4,race5,helmet,helmetmisuse,nmdistract1,nmdistract2,nmdistract3,nmdistract4,nmdistract5,nmdistract6,lab,isedtcase,crf1,crf2,crf3,CoRoadName,CoMP,IntCoRoadName,IntCoMP
2019,401,634449,26,11-08-2019,11:39,8,11,Nov,,35,Kitsap,0,1,0,1,1,2,1,0,3,2,,,,12,0,6,Angle,3.1,2,0,3,T Intersection,5,2,2,4,0,0,0,0,CR-CLEAR CREEK RD NW,NW CLOSSER DR,-122.691975,47.70833056,98370,0,1,83,Others,67,4,50,34,0,0,1,7,12,1,1,2,1,1,Going Straight,1,1,53,,0,7,442,2003,0,0,12,63,30,,,,1,1,36,2,0,0,3,0,3,0,11,8,,,,,0,0,0,3,1,38,39,0,0,96,,,,,,9,,,,,,98037,53,65,150,6,1,0,1,0,0,,1,,,,,,0,05-15-2016,05-15-2016,8,0,0,0,8,9,8,,,0,0,0,8,1,2,401,417,,1,1,,2,1,0.12,,,,,,,,,,,,,,,,,,,,,,,,,,,,,,0,0,0,1,1,1,1,1,0,0,0,0,0,0,0,0,0,0,1,1,0,0,0,0,0,0,0,0,0,1,0,0,0,0,0,,0,0,0,0,0,1,1,1,0,0,1,0,0,0,0,1,,,,,,36-40,36-45,State route,R,Monday,Belt Used,PV,Not Fatal,1,0,0,0,State Route,State Patrol,Washington State Patrol,0,1,0,0,0,,,,,,0,0,0,,,,,,,,,,,,,,,,,,,,,,,,,,,,,,,,,,,
2017,401,632821,1,09-03-2017,00:20,3,9,Sep,6,77,Yakima,0,1,0,2,1,2,1,1,3,1,,,,8,0,0,No vehicle,60.5,1,0,1,No intersection,3,1,1,2,0,3,0,0,US-97,,-120.3204806,46.33223889,98948,0,1,13,Pedestrian/Animal,80,5,55,2,0,0,1,5,8,1,1,2,1,1,Going Straight,3,1,53,,0,72,706,2012,0,0,63,1,,,,,1,1,51,1,7,1,4,7,5,0,11,0,07/24/2018,02:31,1.77E+11,32691,0,0,0,3,1,0,0,0,0,96,,,,,,99,,,,,,98404,53,69,215,6,1,1,0,4,1,,0,,,,,,4,10-15-2014,05-15-2016,20,8,0,0,0,9,8,,,0,0,0,8,9,2,605,695,,1,1,,2,1,0.19,,,,,,,,,,,,,,,,,,,,,,,,,,,,,,0,0,1,0,1,1,1,1,1,0,0,0,1,0,0,0,0,0,0,0,0,0,0,0,0,0,0,0,1,0,0,0,0,0,1,0,0,0,0,0,0,1,1,1,0,1,0,0,0,0,0,1,,,,,,51-55,46-55,State route,U,Tuesday,,MC,White,0,1,0,0,State Route,State Patrol,Washington State Patrol,1,1,0,0,0,thc,1.4,carboxy-thc,15,,0,1,0,,,,,,,,,,,,,,,,,,,,,,,,,,,,,,,,,,,
2021,402,635972,7,10-03-2021,20:50,3,10,Oct,,33,King,2310,1,,3,1,2,1,1,1,1,,,,8,0,0,No vehicle,158.1,1,0,1,No intersection,1,2,1,1,0,0,0,0,I-5,,-122.2823944,47.50863889,98168,0,1,13,Pedestrian/Animal,80,5,60,4,0,0,1,2,8,1,1,5,3,1,Going Straight,1,1,48,,0,54,35,2003,0,0,12,,,,,,1,1,50,1,7,1,4,7,3,0,11,0,08-05-2018,21:44,53034610,34610,6,0,0,3,1,0,0,0,0,96,,,,,,99,,,,,,98032,53,68,200,6,1,0,0,1,0,,0,,,,,,0,06-15-2018,07-15-2018,8,0,0,0,0,9,8,,,0,0,0,8,9,2,1,,,1,,,2,1,0,,,,,,,,,,,,,,,,,,,,,,,,,,,,,,0,0,0,0,0,0,1,1,1,0,0,0,0,0,0,0,0,0,0,0,0,0,0,0,0,1,0,0,0,1,0,0,0,0,0,,1,0,0,0,0,0,0,0,0,0,0,0,0,0,0,0,,,,,,46-50,46-55,State route,R,Sunday,Belt Used,PV,White,0,0,0,1,State Route,State Patrol,Washington State Patrol,0,1,0,0,0,,,,,,0,0,1,,,,,,,,,,,,,,,,,,,,,,,,,,,,,,,,,,,
2020,402,635143,242,09-25-2020,21:29,25,9,Sep,,53,Pierce,1770,1,,2,1,2,1,1,1,1,,,,8,0,0,No vehicle,25.4,1,0,1,No intersection,3,2,1,3,0,0,0,0,SR-161,,-122.2929806,47.15792778,98703,0,1,13,Pedestrian/Animal,80,5,35,34,0,0,1,5,8,1,1,6,5,1,Going Straight,1,1,53,,0,37,421,2008,0,0,12,,,,,,1,1,68,1,0,0,9,0,3,0,11,8,,,,,0,0,0,3,1,51,0,0,0,96,,,,,,99,,,,,,98038,53,74,220,6,1,0,0,0,0,,97,,,,,,0,,,8,0,0,0,8,9,8,,,0,0,0,8,9,2,177,605,695,1,1,1,2,1,0,,,,,,,,,,,,,,,,,,,,,,,,,,,,,,0,0,0,0,0,0,1,1,1,0,0,0,0,0,0,0,0,0,0,0,0,0,0,0,0,1,0,0,0,1,0,0,0,0,0,,0,0,0,0,0,0,1,1,0,0,0,0,0,0,1,0,,,,,,66-70,66-75,State route,R,Sunday,Belt Used,PV,Not Fatal,0,0,0,1,State Route,State Patrol,Washington State Patrol,0,1,0,0,0,thc,2,carboxy-thc,11,,0,0,0,1,1,,,,996,996,,,,,,,,,,,,,,,,,,,,,,,,,,,,
2019,402,634453,6,11-06-2019,05:44,6,11,Nov,,17,Douglas,0,1,0,2,1,2,1,0,5,3,,,,12,0,7,"Sideswipe,Same",7.6,1,0,1,No intersection,3,2,1,3,0,0,0,0,SR-28,,-120.2365028,47.38299444,98802,0,3,45,Others,60,4,60,15,0,0,1,5,12,1,2,2,1,1,Going Straight,3,1,53,,0,20,481,1986,0,0,63,9,,,,,1,1,37,1,0,0,0,0,99,0,11,0,,,,,0,0,0,0,1,91,0,0,0,92,,,,,,99,,,,,,98387,53,72,196,3,1,0,2,0,2,,1,7,,,,,0,08-15-2014,01-15-2018,20,0,0,0,8,9,8,,,0,0,0,8,9,8,95,,,96,,,8,95,995,,,,,,,,,,,,,,,,,,,,,,,,,,,,,,0,0,0,0,0,0,0,0,0,0,0,0,0,1,0,0,1,0,0,0,0,0,0,0,0,0,0,0,0,1,0,0,1,0,0,,0,0,0,0,0,0,0,0,1,0,0,1,0,0,0,0,,,,,,36-40,36-45,State route,R,Thursday,Unknown,PV,Not Fatal,0,0,0,0,State Route,State Patrol,Washington State Patrol,0,1,0,0,0,,,,,,0,1,2,,,,,,,,,,,,,,,,,,,,,,,,,,,,,,,,,,,
2019,402,634452,6,11-06-2019,05:44,6,11,Nov,,17,Douglas,0,1,0,2,1,2,1,0,5,3,,,,12,0,7,"Sideswipe,Same",7.6,1,0,1,No intersection,3,2,1,3,0,0,0,0,SR-28,,-120.2365028,47.38299444,98802,0,2,98,Others,62,4,60,14,0,0,1,7,12,1,2,2,1,1,Going Straight,1,2,53,,0,12,17,1997,0,0,63,69,68,68,63,35,1,1,34,2,7,1,4,0,99,0,11,5,08-10-2018,13:33,19053035217,35217,0,0,0,3,1,58,0,0,0,96,,,,,,99,,,,,,98846,53,63,102,6,1,0,1,0,0,,0,,,,,,4,11-15-2016,11-15-2016,8,0,0,0,0,9,8,,,0,0,0,8,9,2,1,,,1,,,2,1,0.035,,,,,,,,,,,,,,,,,,,,,,,,,,,,,,0,0,0,0,1,0,0,0,0,0,0,0,1,0,0,0,0,0,0,0,0,0,0,0,0,0,0,0,0,1,0,0,0,0,0,,1,0,0,0,1,0,0,0,0,1,0,0,1,0,0,1,,,,,,31-35,26-35,State route,U,Friday,Unknown,PV,White,0,1,0,0,State Route,State Patrol,Washington State Patrol,1,1,0,0,0,,,,,,0,0,0,,,,,,,,,,,,,,,,,,,,,,,,,,,,,,,,,,,
2019,402,634451,6,11-06-2019,05:44,6,11,Nov,,17,Douglas,0,1,0,2,1,2,1,0,5,3,,,,12,0,7,"Sideswipe,Same",7.6,1,0,1,No intersection,3,2,1,3,0,0,0,0,SR-28,,-120.2365028,47.38299444,98802,0,1,46,Others,11,2,60,21,0,0,1,7,12,1,2,2,1,6,Others,1,1,53,,0,72,706,2015,0,0,63,24,,,,,1,1,44,2,7,1,4,0,5,0,11,5,08-05-2018,18:51,19053034177,34177,0,0,0,3,1,0,0,0,0,96,,,,,,0,,,,,,98840,53,65,135,6,1,0,0,0,0,,0,,,,,,0,,,20,8,0,0,0,9,8,,,0,0,0,8,0,2,996,,,1,,,2,1,0,,,,,,,,,,,,,,,,,,,,,,,,,,,,,,0,0,1,0,0,0,1,1,0,0,0,0,0,0,0,0,0,0,0,0,0,0,0,0,0,0,0,0,1,0,0,0,0,0,1,0,0,0,0,0,0,0,1,1,0,0,0,0,0,0,1,0,,,,,,41-45,36-45,State route,R,Sunday,,MC,White,0,1,0,0,State Route,State Patrol,Washington State Patrol,1,1,0,0,0,,,,,,0,0,0,,,,,,,,,,,,,,,,,,,,,,,,,,,,,,,,,,,
2018,402,633662,297,11-03-2018,22:13,3,11,Nov,0,33,King,2310,2,0,3,2,2,1,0,5,2,,,,12,0,6,Angle,4.8,1,0,1,No intersection,3,2,1,3,0,0,0,0,SR-181,,-122.2440417,47.446625,98188,0,2,65,Others,62,4,40,4,0,0,1,7,12,3,1,5,5,14,Making a U turn,1,2,53,,0,30,47,1999,0,0,63,24,69,68,64,24,1,1,20,1,0,0,1,0,3,0,11,5,,,,,0,0,0,2,1,91,0,0,0,96,,,,,,9,,,,,,98240,53,74,158,1,1,0,1,0,1,,1,,,,,,4,11-15-2015,11-15-2015,8,0,0,0,8,1,8,,,0,0,0,8,1,2,308,605,695,1,1,1,2,1,0.12,,,,,,,,,,,,,,,,,,,,,,,,,,,,,,0,0,1,0,1,1,1,1,1,0,0,0,1,1,0,0,0,0,0,0,0,1,1,0,1,0,0,0,0,1,0,0,0,0,0,,0,0,0,0,0,1,1,1,0,1,0,1,0,0,0,1,,,,,,18-20,16-25,State route,R,Wednesday,Belt Used,PV,Not Fatal,0,1,0,0,State Route,State Patrol,Washington State Patrol,1,1,0,0,0,thc,3.8,carboxy-thc,33,,0,0,2,,,,,,,,,,,,,,,,,,,,,,,,,,,,,,,,,,,
2018,402,633661,297,11-03-2018,22:13,3,11,Nov,0,33,King,2310,2,0,3,2,2,1,0,5,2,,,,12,0,6,Angle,4.8,1,0,1,No intersection,3,2,1,3,0,0,0,0,SR-181,,-122.2440417,47.446625,98188,0,1,64,Others,6,1,40,4,0,0,1,7,12,2,1,5,5,14,Making a U turn,4,2,53,,0,37,31,1994,0,0,8,,,,,,1,1,26,1,0,0,0,0,3,0,11,0,,,,,0,0,3,3,1,91,0,0,0,96,,,,,,9,,,,,,98311,53,69,160,6,1,0,2,0,2,,1,,,,,,0,01-15-2016,01-15-2018,20,0,0,0,8,9,2,,,0,0,0,1,1,2,605,695,,1,1,,2,1,0.14,,,,,,,,,,,,,,,,,,,,,,,,,,,,,,0,0,0,0,1,1,1,1,1,1,1,1,0,0,0,0,0,0,0,0,0,0,0,0,0,0,0,0,0,1,0,1,0,0,0,,0,0,0,0,0,1,1,1,0,0,0,0,0,0,0,1,,,,,,26-30,26-35,City street,U,Thursday,Belt Used,PV,Not Fatal,0,0,0,0,City Street,Municipal/City Police,Bremerton Police Department,0,0,0,1,0,thc,9.8,carboxy-thc,120,,0,1,1,,,,,,,,,,,,,,,,,,,,,,,,,,,,,,,,,,,
2017,402,632871,223,09-14-2017,18:05,14,9,Sep,0,47,Okanogan,1600,1,0,1,1,2,1,1,2,1,,,,8,0,0,No vehicle,5.2,1,0,1,No intersection,4,2,1,3,0,0,0,0,SR-215,,-119.5284111,48.41249167,98841,0,1,13,Pedestrian/Animal,80,5,25,4,0,0,1,5,8,1,1,3,5,1,Going Straight,2,2,53,,0,6,52,2006,0,0,64,1,,,,,1,1,22,2,7,1,4,7,20,0,11,0,08-03-2018,03:44,1.85E+11,34501,0,0,0,3,1,0,0,0,0,96,,,,,,9,,,,,,99337,53,63,240,6,1,0,0,0,0,,0,,,,,,0,,,20,2,9,0,0,1,1,,,0,0,0,1,1,2,605,695,,1,1,,2,1,0.21,,,,,,,,,,,,,,,,,,,,,,,,,,,,,,0,0,0,0,1,1,1,1,1,0,0,0,0,0,0,0,0,0,0,1,0,0,0,1,1,0,0,0,0,1,0,0,0,1,0,,1,0,0,0,0,1,1,1,0,0,0,0,0,0,0,1,,,,,,21-25,16-25,US highway,R,Friday,Not Used,PV,White,0,1,0,0,State Route,State Patrol,Washington State Patrol,1,1,0,0,0,thc,5.4,carboxy-thc,46,,0,0,0,,,,,,,,,,,,,,,,,,,,,,,,,,,,,,,,,,,
2017,403,3658374,344,09-21-2017,04:05,21,9,Sep,0,77,Yakima,0,1,0,3,1,2,1,0,1,1,,,,1,0,0,No vehicle,0,1,0,1,No intersection,6,1,2,4,0,3,0,0,CR-SIGNAL PEAK RD,,-120.7328139,46.343875,98952,0,1,98,Others,12,2,50,20,0,0,1,2,1,1,2,2,1,1,Going Straight,1,2,53,,0,7,472,1989,0,0,68,64,18,,,,1,1,19,1,7,1,4,7,3,0,11,0,08-06-2018,14:55,50053034956,34956,0,0,0,3,1,0,0,0,0,96,,,,,,99,,,,,,98541,53,67,130,6,1,0,0,0,0,,0,,,,,,3,,,20,0,0,0,0,9,8,,,0,0,0,8,9,2,605,695,,1,1,,2,1,0,,,,,,,,,,,,,,,,,,,,,,,,,,,,,,0,0,0,0,0,0,1,1,1,0,0,0,1,0,0,0,0,0,0,1,0,1,1,0,1,0,0,0,0,1,0,0,0,0,0,,1,0,0,0,0,0,1,1,0,1,0,0,0,0,1,0,,,,,,18-20,16-25,City street,U,Monday,Belt Used,PV,White,0,1,0,0,County Road,County Sheriff,Snohomish County Sheriff's Office,1,0,1,0,0,thc,23,carboxy-thc,70,,0,0,0,,,,,,,,,,,,,,,,,,,,,,,,,,,,,,,,,,,
2021,403,635973,112,10-09-2021,01:58,9,10,Oct,,53,Pierce,586,1,,2,1,2,1,1,1,1,,,,8,0,0,No vehicle,33.7,1,0,1,No intersection,3,2,1,3,0,0,0,0,SR-161,,-122.2938611,47.25508056,98354,0,1,13,Pedestrian/Animal,80,5,35,4,0,0,1,2,8,1,2,5,5,1,Going Straight,1,2,53,,0,36,402,2016,0,0,9,,,,,,1,1,51,2,0,0,0,0,3,0,11,0,,,,,0,0,0,3,1,0,0,0,0,96,,,,,,0,,,,,,99208,53,66,135,6,1,0,0,0,0,,0,,,,,,0,,,20,0,0,0,8,9,8,,,0,0,0,8,0,8,95,,,96,,,8,95,995,,,,,,,,,,,,,,,,,,,,,,,,,,,,,,0,0,0,1,0,0,0,0,0,1,0,1,0,0,0,0,0,0,0,0,0,0,0,0,0,0,0,0,0,1,0,0,1,0,0,,0,0,0,0,0,0,0,0,0,0,0,0,0,0,0,0,,,,,,51-55,46-55,US highway,U,Wednesday,Belt Used,PV,Not Fatal,1,0,0,0,State Route,Municipal/City Police,Spokane Police Department,0,1,0,0,0,,,,,,0,0,0,,,,,,,,,,,,,,,,,,,,,,,,,,,,,,,,,,,
2020,403,635145,122,10-09-2020,20:42,9,10,Oct,,61,Snohomish,690,2,,3,2,2,1,0,1,1,20:45,20:53,,39,0,0,No vehicle,0,3,0,3,T Intersection,3,2,1,3,0,0,3,3,SR-526 RAMP 526X00143,AIRPORT RD,-122.2718611,47.92230556,98204,0,1,14,Others,14,2,45,15,0,0,1,2,39,1,1,4,1,1,Going Straight,1,2,53,,0,54,35,2004,0,0,63,31,42,,,,1,1,27,1,1,1,4,7,3,0,11,0,07/29/2018,23:22,1.02E+11,34132,0,0,0,3,1,0,0,0,0,96,,,,,,99,,,,,,99336,53,65,180,6,1,0,0,0,0,,0,,,,,,4,,,8,0,0,0,0,9,8,,,0,0,0,8,9,2,605,695,,1,1,,2,1,0.11,,,,,,,,,,,,,,,,,,,,,,,,,,,,,,0,0,1,1,1,1,1,1,1,0,0,0,1,0,0,0,0,0,0,0,0,0,0,0,0,0,0,0,0,1,0,0,0,0,0,,1,0,0,0,0,1,1,1,0,1,0,0,0,0,0,1,,,,,,26-30,26-35,US highway,U,Sunday,Belt Used,PV,Hispanic,1,0,0,0,State Route,State Patrol,Washington State Patrol,0,1,0,0,0,thc,13,carboxy-thc,61,,0,0,0,,,,,,,,,,,,,,,,,,,,,,,,,,,,,,,,,,,
2019,403,634454,35,11-12-2019,20:27,12,11,Nov,,53,Pierce,0,2,0,2,2,2,1,0,2,1,,,,40,0,0,No vehicle,0.8,1,0,1,No intersection,5,2,2,4,0,3,0,0,CR-PIONEER WAY E,,-122.3384389,47.19317222,98371,0,1,2,Control/Traction Loss,6,1,35,4,0,0,1,7,40,2,1,2,1,14,Making a U turn,2,2,53,,0,49,34,1985,0,0,68,64,32,67,42,,1,1,51,1,7,1,4,7,3,0,11,0,08-05-2018,13:18,53034917,34917,0,0,0,3,1,0,0,0,0,96,,,,,,99,,,,,,98312,53,71,220,6,1,0,0,0,1,,0,,,,,,4,01-15-2018,01-15-2018,20,0,0,0,0,9,8,,,0,0,0,8,9,2,605,695,387,1,1,1,2,1,0,,,,,,,,,,,,,,,,,,,,,,,,,,,,,,0,0,1,0,0,0,1,1,1,0,0,0,1,0,0,0,0,0,0,0,0,0,0,0,0,0,0,0,0,1,0,0,0,0,0,,1,0,0,0,0,0,1,1,0,1,0,0,0,0,1,0,,,,,,51-55,46-55,County road,R,Sunday,Belt Used,PV,White,0,1,0,0,County Road,County Sheriff,Kitsap County Sheriff's Office,1,0,1,0,0,thc,80,carboxy-thc,888,,0,0,0,,,,,,,,,,,,,,,,,,,,,,,,,,,,,,,,,,,
2018,403,633664,2,11-03-2018,22:06,3,11,Nov,0,57,Skagit,0,2,0,2,2,2,1,0,2,2,22:00,22:11,22:35,12,0,2,Front-to-Front,3.1,1,0,1,No intersection,5,1,2,4,0,0,0,0,CR-FRANCIS RD,,-122.2873083,48.46795278,98273,0,2,51,Lateral Move(Going Straight),62,4,50,4,0,0,1,7,12,1,1,2,1,1,Going Straight,1,1,53,,0,76,709,2000,0,0,63,42,,,,,1,1,27,1,7,1,4,0,17,0,11,5,08/17/2018,18:08,2.23E+11,37083,0,0,3,2,1,0,0,0,0,92,,,,,,99,,,,,,98003,53,70,160,1,1,0,0,0,0,,0,,,,,,0,,,20,8,0,0,0,9,8,,,0,0,0,8,9,8,95,,,96,,,8,95,995,,,,,,,,,,,,,,,,,,,,,,,,,,,,,,0,0,1,0,0,0,0,0,0,0,0,0,0,1,1,0,1,0,0,0,0,0,0,0,0,0,0,0,1,0,0,0,0,0,1,1,0,0,0,0,0,0,0,0,1,0,0,1,0,0,0,0,,,,,,26-30,26-35,County road,U,Sunday,,MC,White,0,1,0,0,County Road,County Sheriff,Law Enforcement Support Agency,1,0,1,0,0,,,,,,0,0,0,,,,,,,,,,,,,,,,,,,,,,,,,,,,,,,,,,,
2018,403,633663,2,11-03-2018,22:06,3,11,Nov,0,57,Skagit,0,2,0,2,2,2,1,0,2,2,22:00,22:11,22:35,12,0,2,Front-to-Front,3.1,1,0,1,No intersection,5,1,2,4,0,0,0,0,CR-FRANCIS RD,,-122.2873083,48.46795278,98273,0,1,50,Lateral Move(Left/Right),10,2,50,14,0,0,1,7,12,1,1,2,1,1,Going Straight,1,1,53,,0,7,482,2003,0,0,68,64,1,,,,1,1,21,1,0,0,1,0,20,0,11,8,,,,,0,0,3,3,1,91,0,0,0,96,,,,,,9,,,,,,99403,53,75,240,6,1,0,1,0,3,,1,,,,,,3,07-15-2013,06-15-2018,8,0,0,0,8,9,8,,,0,0,0,8,1,2,1,,,1,,,2,1,0.15,,,,,,,,,,,,,,,,,,,,,,,,,,,,,,0,0,1,1,1,1,0,1,0,0,0,0,1,0,0,0,0,0,0,0,0,0,0,1,1,0,0,0,0,1,0,0,0,0,0,,0,0,0,0,0,1,0,1,0,1,0,0,0,1,0,1,,,,,,21-25,16-25,County road,U,Sunday,Not Used,PV,Not Fatal,0,1,0,0,County Road,County Sheriff,Asotin County Sheriff's Office,1,0,1,0,0,,,,,,0,0,1,,,,,,,,,,,,,,,,,,,,,,,,,,,,,,,,,,,
2020,404,3854580,263,05-20-2020,08:49,20,5,May,,33,King,1960,10,,1,1,1,1,0,2,2,,,,12,1,6,Angle,0,2,0,3,T Intersection,3,2,4,6,0,0,20,3,15TH AVE NE,NE 130th St,-122.3126583,47.72304167,98125,0,1,82,Turn Into Opp Direction(Turning Left),15,2,98,4,0,0,1,2,12,1,2,2,4,11,Turning Red: Permitted on red,1,2,53,,0,35,48,2004,0,0,63,1,,,,,1,1,29,1,0,0,1,0,3,0,11,5,,,,,0,0,0,3,1,91,0,0,0,96,,,,,,9,,,,,,98837,53,71,168,6,1,0,0,0,0,,1,,,,,,3,,,8,0,0,0,8,9,8,,,0,0,0,8,1,2,605,695,,1,1,,2,1,0.18,,,,,,,,,,,,,,,,,,,,,,,,,,,,,,0,0,0,0,1,1,1,1,1,0,0,0,1,0,0,0,0,0,0,1,0,0,0,0,0,0,0,0,0,1,0,0,0,0,0,,0,0,0,0,0,1,1,1,0,1,0,0,0,0,0,1,,,,,,26-30,26-35,County road,R,Wednesday,Belt Used,PV,Not Fatal,0,1,0,0,County Road,County Sheriff,Grant County Sheriff's Office,1,0,1,0,0,thc,6.8,carboxy-thc,75,,0,0,0,,,,,,,,,,,,,,,,,,,,,,,,,,,,,,,,,,,
2020,404,3854580,263,05-20-2020,08:49,20,5,May,,33,King,1960,10,,1,1,1,1,0,2,2,,,,12,0,6,Angle,0,2,0,3,T Intersection,3,2,4,6,0,0,0,0,15TH AVE NE,NE 130th St,-122.3126583,47.72304167,98125,0,2,83,Others,67,4,98,80,0,0,1,2,12,1,2,2,1,1,Going Straight,1,1,53,,0,37,705,2016,0,0,63,33,1,31,,,1,1,32,1,7,1,4,7,19,0,11,0,07/31/2018,13:28,53033749,33749,0,0,0,3,1,0,0,0,0,96,,,,,,99,,,,,,98663,53,69,175,6,1,0,0,0,0,,0,,,,,,4,,,20,8,0,0,0,9,8,,,0,0,0,8,9,2,1,,,1,,,2,1,0,,,,,,,,,,,,,,,,,,,,,,,,,,,,,,0,0,1,0,0,0,0,0,0,0,0,0,1,0,0,0,0,0,0,0,0,0,0,0,0,0,0,0,1,0,0,0,0,0,1,0,0,0,0,0,0,0,0,0,0,1,0,0,0,0,0,0,,,,,,31-35,26-35,County road,U,Tuesday,,MC,White,0,1,0,0,County Road,County Sheriff,Clark County Sheriff's Office,1,0,1,0,0,,,,,,0,0,0,,,,,,,,,,,,,,,,,,,,,,,,,,,,,,,,,,,
2021,404,635974,278,10-03-2021,22:52,3,10,Oct,,63,Spokane,2110,1,,2,1,2,1,0,1,1,,,,39,0,0,No vehicle,0,1,0,1,No intersection,4,2,4,6,0,0,0,0,S GOVERNMENT WAY,,-117.4574583,47.65216111,99224,0,1,1,Driver Off Road,13,2,98,80,0,0,1,5,39,3,8,2,1,14,Making a U turn,1,2,53,,0,87,884,2007,0,0,12,,,,,,1,1,43,1,0,0,0,0,3,0,11,0,,,,,6,3,0,3,1,0,0,0,0,0,,,,,,0,,,,,,99344,53,69,200,6,1,1,1,1,0,,0,,,,,,0,10-15-2014,12-15-2017,20,0,0,0,8,9,8,,,0,0,0,8,0,8,95,,,96,,,8,95,995,,,,,,,,,,,,,,,,,,,,,,,,,,,,,,0,0,0,0,1,1,1,1,1,0,0,0,1,0,0,0,0,0,0,0,0,0,0,0,0,0,0,0,0,1,1,0,0,0,0,,0,0,0,0,0,0,0,0,0,0,0,0,0,0,0,0,,,,,,41-45,36-45,Interstate,R,Monday,,MHTRUCK,Not Fatal,0,0,0,0,State Route,State Patrol,Washington State Patrol,0,1,0,0,0,,,,,,0,0,0,,,,,,,,,,,,,,,,,,,,,,,,,,,,,,,,,,,
2019,404,634455,6,10-22-2019,18:20,22,10,Oct,,1,Adams,0,1,0,3,1,2,1,0,1,1,,,,1,0,0,No vehicle,18.8,1,0,1,No intersection,3,1,1,3,0,0,0,0,SR-17,,-119.1342694,46.78209444,99344,0,1,6,Drive off road,13,2,98,34,0,0,1,7,1,1,1,2,1,6,Others,1,1,53,,0,20,482,2002,0,0,12,63,24,67,35,,1,1,59,1,0,0,1,0,3,0,11,5,,,,,0,0,0,3,1,0,0,0,0,0,,,,,,0,,,,,,98338,53,69,190,6,1,0,0,0,1,,0,,,,,,0,06-15-2015,06-15-2015,8,0,0,0,8,9,8,,,0,0,0,8,0,8,95,,,96,,,8,95,995,,,,,,,,,,,,,,,,,,,,,,,,,,,,,,0,0,0,0,1,1,1,1,1,0,0,0,1,0,0,0,0,0,0,0,0,0,0,0,0,0,0,0,0,1,1,0,0,0,0,,0,0,0,0,0,0,0,0,0,0,0,0,0,0,0,0,,,,,,56-60,56-65,Interstate,R,Monday,Belt Used,PV,Not Fatal,0,0,0,0,State Route,State Patrol,Washington State Patrol,0,1,0,0,0,,,,,,0,0,0,,,,,,,,,,,,,,,,,,,,,,,,,,,,,,,,,,,