year,something,Cases,repjur,crash_dt,crash_tm,accday,Month,Month,holiday,county,co_char,city,weather,weather2,lightcond,surfcond,surftype,Number of Fatalities,nmforms,pforms,vforms,not_tm,arr_tm,hosp_tm,fhevent,hitrun,Manner of Collision,Manner of Collision,milepnt,reljunc,reljuncinter,intersectiontype,Intersection Type,funcsystem,landuse,ownership,route,schlbus,spejur,contdev,devfunc,trafid1,trafid2,x,y,zipcode,wk_zone,vnumber,crashtype,Crash Type,criticalevent,criticaleventcat,spdlim,body,trailer,emerg,hazcargo,leave,mhevent,roadalgn,roadprof,traflane,trafflow,Vehicle Manure,Vehicle Manure,numoccs,regowner,regstate,,spuse,make,model,modelyr,vrf1,vrf2,seqevent1,seqevent2,seqevent3,seqevent4,seqevent5,seqevent6,pnumber,ptype,age,sex,hispanic,race,injury,diedscene,restraint,restraintmisuse,seatpos,takehosp,death_dt,death_tm,cert,cernum_wa,commlic,licendor,licrestrict,liccomp,drivpres,drf1,drf2,drf3,drf4,distract1,distract2,distract3,distract4,distract5,distract6,dricond1,dricond2,dricond3,dricond4,dricond5,dricond6,dzip,licstate,drhgt_in,weight,noncdl,noncdltype,prevdwi,prevoth,prevacc,prevspd,prevsus,driviol1,driviol2,driviol3,driviol4,driviol5,driviol6,spdrel,first_dt,last_dt,airbag,ejection,ejectpath,extricat,injurwrk,methalc,methdrug,nmlocat,strikveh,prf1,prf2,prf3,druginv,alcinvol,drugsts,drugres1,drugres2,drugres3,drugtst1,drugtst2,drugtst3,alcsts,alctst,alcres,nmact1,nmact2,nmact3,nmact4,nmact5,nmact6,nmprior1,nmprior2,nmprior3,nmprior4,nmprior5,nmprior6,nmcond1,nmcond2,nmcond3,nmcond4,nmcond5,nmcond6,nmsafe_helmet,nmsafe_pads,nmsafe_oth,nmprev_ref,nmprev_lgt,nmprev_oth,crashlocation,nmcrashtype,crosswalk,schoolzone,sidewalk,train_inv,wildlife_inv,rotr_fars,intersect_fars,Drink and Drive,aid_inv,Drug Positive Drivers,Impaired Drivers,Marijuana Positive,impnm_inv,ainm_inv,dpnm_inv,speed_inv,unlic_inv,unendmc_inv,drowsy_inv,drdist_inv,nmdist_inv,fty_inv,unrestfat_inv,dr1617_inv,dr1820_inv,dr1620_inv,dr2125_inv,dr1625_inv,dr65_inv,dr70_inv,dr75_inv,mc_inv,pv_inv,ht_inv,ped_inv,bike_inv,unrest_fat,mc_fat,unhelmet_mc,pv_fat,ht_fat,ped_fat,bike_fat,dr_alc7,dr_alc8,dr_drug,dr_imp,dr_dist,dr_spd,dr_fty,dr_unlic,dr_alc7only,dr_alc8only,dr_drugonly,dr_drink,nm_imp,nm_alc7,nm_alc8,nm_drug,nm_dist,agegrp1,agegrp2,roadclass,urbrur,dayweek,restuse,vehtype,race_me,intersect,lanedep,oppdir,wrongway,rep_typ,investag,repag_long,rotr,st_rd,cty_rd,city_rd,oth_rd,drug_thc,thc_res,drug_cthc,cthc_res,drug_cann,prevpersemin,prevperse,prevsusoth,drugtst4,drugtst5,drugtst6,drugtst7,drugtst8,drugres4,drugres5,drugres6,drugres7,drugres8,adspresent,adsengaged,adslevel,race1,race2,race3,race4,race5,helmet,helmetmisuse,nmdistract1,nmdistract2,nmdistract3,nmdistract4,nmdistract5,nmdistract6,lab,isedtcase,crf1,crf2,crf3,CoRoadName,CoMP,IntCoRoadName,IntCoMP
2018,404,633666,11,11-04-2018,18:15,4,11,Nov,0,5,Benton,0,1,0,2,1,2,1,0,1,1,,,,11,0,0,No vehicle,0,1,0,1,No intersection,96,6,96,8,0,0,0,0,GLADE NORTH RD,,-119.3849861,46.47406111,,0,1,13,Pedestrian/Animal,87,6,60,80,0,0,1,7,11,1,2,8,8,1,Going Straight,1,1,53,,0,12,471,2010,0,0,12,64,1,65,12,,1,1,29,1,7,1,4,7,3,0,11,0,07/30/2018,21:02,53033673,33673,0,0,3,3,1,0,0,0,0,96,,,,,,9,,,,,,99169,53,76,185,6,1,0,1,1,0,,0,,,,,,3,07-15-2015,07-15-2015,8,0,0,0,0,1,8,,,0,0,0,8,1,2,401,417,605,1,1,1,2,1,0.16,,,,,,,,,,,,,,,,,,,,,,,,,,,,,,0,0,0,0,1,1,1,1,1,0,0,0,1,0,0,0,0,0,0,0,0,0,0,0,0,0,0,0,0,1,1,0,0,0,0,,1,0,0,0,0,1,1,1,0,1,0,0,0,0,0,1,,,,,,26-30,26-35,Interstate,R,Monday,Belt Used,PV,White,0,0,0,0,State Route,State Patrol,Washington State Patrol,0,1,0,0,0,thc,6.3,carboxy-thc,11,,0,0,0,1,,,,,695,,,,,,,,,,,,,,,,,,,,,,,,,,,,,
2017,404,632899,1,09-30-2017,15:01,30,9,Sep,0,23,Garfield,0,1,0,1,1,2,1,0,4,3,15:05,15:18,16:12,12,0,2,Front-to-Front,417.9,1,0,1,No intersection,3,1,1,2,0,0,0,0,US-12,,-117.282325,46.41823889,,0,3,98,Others,62,4,60,80,0,0,1,2,12,3,2,2,1,14,Making a U turn,1,2,53,,0,76,706,2017,0,0,63,1,42,,,,1,1,18,1,7,3,4,7,19,0,11,0,07/26/2018,04:21,53032772,32772,0,0,0,3,1,0,0,0,0,96,,,,,,9,,,,,,99155,53,72,300,6,1,0,0,0,0,,0,,,,,,4,,,20,8,0,0,0,1,8,,,0,0,0,8,1,2,605,695,,1,1,,2,1,0.15,,,,,,,,,,,,,,,,,,,,,,,,,,,,,,0,0,1,0,1,1,1,1,1,0,0,0,1,0,0,0,0,0,0,0,0,1,1,0,1,0,0,0,1,0,0,0,0,0,1,0,0,0,0,0,0,1,1,1,0,1,0,0,0,0,0,1,,,,,,18-20,16-25,State route,R,Thursday,,MC,AIAN,0,0,0,0,State Route,State Patrol,Washington State Patrol,0,1,0,0,0,thc,8.7,carboxy-thc,36,,0,0,0,,,,,,,,,,,,,,,,,,,,,,,,,,,,,,,,,,,
2017,404,632898,1,09-30-2017,15:01,30,9,Sep,0,23,Garfield,0,1,0,1,1,2,1,0,4,3,15:05,15:18,16:12,12,0,2,Front-to-Front,417.9,1,0,1,No intersection,3,1,1,2,0,0,0,0,US-12,,-117.282325,46.41823889,,0,2,51,Lateral Move(Going Straight),62,4,60,80,0,0,1,2,12,3,2,2,1,14,Making a U turn,1,1,53,,0,73,705,2007,0,0,63,30,,,,,1,1,39,1,7,2,4,0,19,0,11,4,07/20/2018,20:46,2.23E+11,32235,0,0,0,2,1,0,0,0,0,96,,,,,,99,,,,,,98403,53,73,210,1,1,0,0,0,0,,0,,,,,,3,,,20,8,0,0,0,9,8,,,0,0,0,8,9,2,605,,,1,,,2,1,0.1,,,,,,,,,,,,,,,,,,,,,,,,,,,,,,0,0,1,0,1,1,1,1,1,0,0,0,1,1,1,0,0,0,0,0,0,0,0,0,0,0,0,0,1,0,0,0,0,0,1,0,0,0,0,0,0,1,1,1,0,1,0,1,0,0,0,1,,,,,,36-40,36-45,City street,U,Friday,,MC,Black,0,1,0,0,City Street,Municipal/City Police,Tacoma Police Department,1,0,0,1,0,thc,8.3,,,,0,0,0,,,,,,,,,,,,,,,,,,,,,,,,,,,,,,,,,,,
2017,404,632897,1,09-30-2017,15:01,30,9,Sep,0,23,Garfield,0,1,0,1,1,2,1,0,4,3,15:05,15:18,16:12,12,0,2,Front-to-Front,417.9,1,0,1,No intersection,3,1,1,2,0,0,0,0,US-12,,-117.282325,46.41823889,,0,1,50,Lateral Move(Left/Right),10,2,60,4,0,0,1,2,12,2,2,2,1,14,Making a U turn,2,1,53,,0,23,421,2001,0,0,12,,,,,,1,1,46,1,0,0,0,0,3,0,11,0,,,,,6,0,0,3,1,0,0,0,0,96,,,,,,0,,,,,,98284,53,67,195,6,1,0,0,1,0,,0,,,,,,0,10-15-2017,10-15-2017,20,0,0,0,8,9,8,,,0,0,0,8,0,8,95,,,96,,,8,95,995,,,,,,,,,,,,,,,,,,,,,,,,,,,,,,0,0,0,0,0,0,1,1,1,0,0,0,1,0,0,0,1,0,0,0,0,0,0,0,0,0,0,0,1,1,0,0,0,0,0,,0,0,0,0,0,0,0,0,0,0,0,0,0,0,0,0,,,,,,46-50,46-55,Interstate,U,Tuesday,Belt Used,PV,Not Fatal,0,0,0,0,State Route,State Patrol,Washington State Patrol,0,1,0,0,0,,,,,,0,0,0,,,,,,,,,,,,,,,,,,,,,,,,,,,,,,,,,,,
2020,405,3836479,263,10-02-2020,19:59,2,10,Oct,,33,King,1960,1,,3,1,1,1,1,1,1,,,,8,1,0,No vehicle,0,1,0,1,No intersection,3,2,4,6,0,0,0,0,RAINIER AVE S,,-122.2959889,47.57548611,98144,0,1,13,Pedestrian/Animal,80,5,25,4,0,0,1,5,8,1,1,4,1,1,Going Straight,1,1,53,,0,72,706,2014,0,0,12,,,,,,1,1,52,1,7,1,4,7,5,0,11,0,07/31/2018,17:40,11053034517,34517,0,0,3,3,1,0,0,0,0,93,,,,,,99,,,,,,98248,53,71,235,6,1,0,0,0,1,,0,,,,,,4,02-15-2018,02-15-2018,20,8,0,0,0,9,8,,,0,0,0,8,9,2,605,,,1,,,2,1,0,,,,,,,,,,,,,,,,,,,,,,,,,,,,,,0,0,0,0,0,0,1,1,1,0,0,0,1,0,0,0,1,0,0,0,0,0,0,0,0,0,0,0,1,1,0,0,0,0,1,0,0,0,0,0,0,0,1,1,1,1,0,0,0,0,1,0,,,,,,51-55,46-55,Interstate,U,Tuesday,,MC,White,0,0,0,0,State Route,State Patrol,Washington State Patrol,0,1,0,0,0,thc,2,,,,0,0,0,,,,,,,,,,,,,,,,,,,,,,,,,,,,,,,,,,,
2021,405,635975,146,10-04-2021,23:06,4,10,Oct,,77,Yakima,0,1,,2,1,2,1,0,1,1,,,,34,0,0,No vehicle,8.4,1,0,1,No intersection,6,1,2,4,0,3,0,0,CR-N TRACK RD,,-120.3619611,46.41195278,98948,0,1,6,Drive off road,11,2,50,34,0,0,1,2,1,1,1,2,1,1,Going Straight,1,1,53,,0,41,49,2007,0,0,68,64,33,67,19,,1,1,79,1,7,1,4,0,3,0,11,5,07/28/2018,10:47,2.37E+11,33702,0,0,0,3,1,0,0,0,0,96,,,,,,99,,,,,,98604,53,71,210,6,1,0,0,0,0,,0,,,,,,4,,,20,0,0,0,0,9,8,,,0,0,0,8,9,2,1,,,1,,,2,1,0,,,,,,,,,,,,,,,,,,,,,,,,,,,,,,0,0,1,1,0,0,0,0,0,0,0,0,1,0,0,0,0,0,0,0,0,0,0,0,0,1,1,1,0,1,0,0,0,0,0,,1,0,0,0,0,0,0,0,0,1,0,0,0,0,0,0,,,,,,76-80,76+,State route,U,Saturday,Belt Used,PV,White,1,0,0,0,State Route,Municipal/City Police,Battleground Police Department,0,1,0,0,0,,,,,,0,0,0,,,,,,,,,,,,,,,,,,,,,,,,,,,,,,,,,,,
2018,405,633626,8,10-01-2018,16:55,1,10,Oct,0,31,Jefferson,0,10,0,1,2,2,1,0,2,2,,,,12,0,6,Angle,2.2,1,0,1,No intersection,3,1,1,3,0,0,0,0,SR-20,,-122.8453472,47.996825,98368,0,2,62,Others,62,4,50,34,0,0,1,7,12,1,2,2,1,1,Going Straight,1,3,53,,0,76,706,2007,0,0,63,1,,,,,1,1,57,1,7,1,4,0,5,0,11,4,08-09-2018,21:32,1.85E+11,35784,0,0,0,3,1,0,0,0,0,96,,,,,,99,,,,,,99354,53,71,165,6,1,0,3,1,5,,0,,,,,,3,10-15-2013,06-15-2017,20,8,0,0,0,9,8,,,0,0,0,8,9,8,95,,,96,,,8,95,995,,,,,,,,,,,,,,,,,,,,,,,,,,,,,,0,0,1,1,0,0,0,0,0,0,0,0,1,0,0,0,0,0,0,0,0,0,0,0,0,0,0,0,1,0,0,0,0,0,1,0,0,0,0,0,0,0,0,0,0,1,0,0,0,0,0,0,,,,,,56-60,56-65,City street,U,Sunday,,MC,White,0,0,0,0,City Street,Municipal/City Police,Richland Police Department,0,0,0,1,0,,,,,,0,0,0,,,,,,,,,,,,,,,,,,,,,,,,,,,,,,,,,,,
2018,405,633625,8,10-01-2018,16:55,1,10,Oct,0,31,Jefferson,0,10,0,1,2,2,1,0,2,2,,,,12,0,6,Angle,2.2,1,0,1,No intersection,3,1,1,3,0,0,0,0,SR-20,,-122.8453472,47.996825,98368,0,1,62,Others,6,1,50,2,0,0,1,2,12,3,2,2,1,14,Making a U turn,1,1,53,,0,55,402,2018,0,0,54,,,,,,1,1,40,2,0,0,0,0,3,0,11,0,,,,,0,0,3,3,1,0,0,0,0,96,,,,,,0,,,,,,98223,53,64,115,6,1,0,0,0,0,,0,,,,,,0,,,20,0,0,0,8,9,8,,,0,0,0,8,0,8,95,,,96,,,8,95,995,,,,,,,,,,,,,,,,,,,,,,,,,,,,,,0,0,0,0,1,1,1,1,1,0,0,0,0,1,0,0,0,0,0,0,1,0,1,0,1,0,0,0,0,1,0,0,0,0,0,,0,0,0,0,0,0,0,0,0,0,0,0,0,0,0,0,,,,,,36-40,36-45,Interstate,R,Sunday,Belt Used,PV,Not Fatal,0,0,0,1,State Route,State Patrol,Washington State Patrol,0,1,0,0,0,,,,,,0,0,0,,,,,,,,,,,,,,,,,,,,,,,,,,,,,,,,,,,
2017,405,632831,146,09-13-2017,11:29,13,9,Sep,0,77,Yakima,2300,1,0,1,1,4,1,0,1,1,15:10,15:38,16:15,34,0,0,No vehicle,9999.9,1,0,1,No intersection,7,1,2,4,0,3,0,0,CR-E BRANCH RD,,-120.3389667,46.40422222,98948,0,1,98,Others,6,1,35,34,0,0,1,2,1,1,1,2,1,1,Going Straight,1,2,53,,0,49,401,2017,0,0,54,,,,,,1,1,51,2,0,0,0,0,3,0,11,0,,,,,0,0,0,3,1,0,0,0,0,96,,,,,,0,,,,,,98282,53,69,190,6,1,0,0,0,0,,0,,,,,,0,,,20,0,0,0,8,9,8,,,0,0,0,8,0,8,95,,,96,,,8,95,995,,,,,,,,,,,,,,,,,,,,,,,,,,,,,,0,0,0,0,1,1,1,1,1,0,0,0,0,1,0,0,0,0,0,0,1,0,1,0,1,0,0,0,0,1,0,0,0,0,0,,0,0,0,0,0,0,0,0,0,0,0,0,0,0,0,0,,,,,,51-55,46-55,Interstate,R,Sunday,Belt Used,PV,Not Fatal,0,0,0,1,State Route,State Patrol,Washington State Patrol,0,1,0,0,0,,,,,,0,0,0,,,,,,,,,,,,,,,,,,,,,,,,,,,,,,,,,,,
2019,405,634457,25,11-06-2019,17:39,6,11,Nov,,33,King,475,1,0,2,1,2,1,1,1,1,,,,9,1,0,No vehicle,0,1,0,1,No intersection,7,1,4,6,0,0,0,0,SE WAX RD,,-122.0985194,47.37677778,98042,0,1,13,Pedestrian/Animal,11,2,35,4,0,0,1,5,9,1,3,2,1,1,Going Straight,1,1,91,,0,7,20,2005,0,0,54,,,,,,1,1,16,1,0,0,0,0,3,0,11,0,,,,,0,0,0,2,1,0,0,0,0,96,,,,,,0,,,,,,98274,53,65,122,1,2,0,2,1,2,,97,,,,,,0,02-15-2018,05-15-2018,20,0,0,0,8,9,8,,,0,0,0,8,0,8,95,,,96,,,8,95,995,,,,,,,,,,,,,,,,,,,,,,,,,,,,,,0,0,0,0,1,1,1,1,1,0,0,0,0,1,0,0,0,0,0,0,1,0,1,0,1,0,0,0,0,1,0,0,0,0,0,,0,0,0,0,0,0,0,0,0,0,0,1,0,0,0,0,,,,,,16-17,16-25,Interstate,R,Sunday,Belt Used,PV,Not Fatal,0,0,0,1,State Route,State Patrol,Washington State Patrol,0,1,0,0,0,,,,,,0,0,2,,,,,,,,,,,,,,,,,,,,,,,,,,,,,,,,,,,
2021,406,635977,2,10-08-2021,10:44,8,10,Oct,,57,Skagit,0,1,,1,1,1,1,0,2,2,,,,12,0,6,Angle,,2,0,2,4 Way,5,1,2,4,0,0,0,0,CR-MINKLER RD,HOEN RD,-122.1398389,48.52522778,98284,0,2,88,Striking from the Left,66,4,50,34,0,0,1,2,12,1,1,2,1,1,Going Straight,1,2,53,,0,49,32,1997,0,0,12,,,,,,1,1,30,2,0,0,1,0,3,0,11,5,,,,,0,0,0,3,1,0,0,0,0,96,,,,,,0,,,,,,97322,41,66,270,6,1,0,0,0,0,,0,,,,,,0,,,1,0,0,0,8,9,8,,,0,0,0,8,0,8,95,,,96,,,8,95,995,,,,,,,,,,,,,,,,,,,,,,,,,,,,,,0,0,0,0,1,1,1,1,1,0,0,0,0,1,0,0,0,0,0,0,1,0,1,0,1,0,0,0,0,1,0,0,0,0,0,,0,0,0,0,0,0,0,0,0,0,0,0,0,0,0,0,,,,,,26-30,26-35,Interstate,R,Sunday,Belt Used,PV,Not Fatal,0,0,0,1,State Route,State Patrol,Washington State Patrol,0,1,0,0,0,,,,,,0,0,0,,,,,,,,,,,,,,,,,,,,,,,,,,,,,,,,,,,
2021,406,635976,2,10-08-2021,10:44,8,10,Oct,,57,Skagit,0,1,,1,1,1,1,0,2,2,,,,12,0,6,Angle,,2,0,2,4 Way,5,1,2,4,0,0,20,3,CR-MINKLER RD,HOEN RD,-122.1398389,48.52522778,98284,0,1,89,Others,17,2,35,4,0,0,1,2,12,1,1,2,1,4,Others,1,2,53,,0,12,401,1991,0,0,12,63,57,1,60,54,1,1,56,1,0,0,0,0,20,0,11,0,,,,,0,0,3,2,1,51,91,0,0,96,,,,,,9,,,,,,98241,53,60,180,1,1,1,2,0,1,,1,,,,,,0,12-15-2013,01-15-2018,20,0,0,0,8,9,8,,,0,0,0,8,1,2,605,695,,1,1,,2,1,0.22,,,,,,,,,,,,,,,,,,,,,,,,,,,,,,0,0,0,0,1,1,1,1,1,0,0,0,0,1,0,0,0,0,0,0,1,0,1,0,1,0,0,0,0,1,0,0,0,0,0,,0,0,0,0,0,1,1,1,0,0,0,1,0,0,0,1,,,,,,56-60,56-65,Interstate,R,Sunday,Not Used,PV,Not Fatal,0,0,0,1,State Route,State Patrol,Washington State Patrol,0,1,0,0,0,thc,1.4,carboxy-thc,11,,0,1,4,,,,,,,,,,,,,,,,,,,,,,,,,,,,,,,,,,,
2020,406,635144,262,10-13-2020,05:16,13,10,Oct,,33,King,1958,2,,3,2,2,1,1,1,1,,,,8,0,0,No vehicle,0,1,0,1,No intersection,3,2,4,6,0,0,0,0,S 188TH ST,,-122.2907444,47.43447778,98188,0,1,13,Pedestrian/Animal,80,5,40,34,0,0,1,5,8,1,3,5,5,1,Going Straight,1,3,53,,0,37,441,2002,0,0,12,,,,,,1,1,17,2,0,0,0,0,3,0,11,0,,,,,0,0,3,3,1,10,0,0,0,96,,,,,,0,,,,,,98168,53,60,100,6,2,0,0,0,0,,0,,,,,,0,,,1,0,0,0,8,9,8,,,0,0,0,8,0,8,95,,,96,,,8,95,995,,,,,,,,,,,,,,,,,,,,,,,,,,,,,,0,0,0,1,0,0,0,0,0,0,0,0,1,0,1,0,0,0,0,0,1,0,1,0,1,0,0,0,1,1,0,0,0,0,0,,0,0,0,0,0,0,0,0,0,0,0,0,0,0,0,0,,,,,,16-17,16-25,State route,U,Saturday,Belt Used,PV,Not Fatal,1,0,0,0,State Route,Municipal/City Police,Tacoma Police Department,0,1,0,0,0,,,,,,0,0,0,,,,,,,,,,,,,,,,,,,,,,,,,,,,,,,,,,,
2019,406,634443,286,10-27-2019,01:02,27,10,Oct,,61,Snohomish,2180,1,0,3,1,2,1,1,1,1,,,,8,0,0,No vehicle,23.2,1,0,1,No intersection,3,2,1,2,0,0,0,0,US-2,,-121.8002083,47.86416944,98294,0,1,13,Pedestrian/Animal,80,5,35,15,0,0,1,7,8,1,2,2,1,1,Going Straight,1,2,53,,0,37,705,2013,0,0,12,,,,,,1,1,47,1,7,1,4,0,19,0,11,4,08-07-2018,15:42,2.23E+11,34842,0,0,0,2,1,0,0,0,0,96,,,,,,99,,,,,,98418,53,71,180,6,1,0,0,0,0,,0,,,,,,4,,,20,8,0,0,0,9,8,,,0,0,0,8,9,8,95,,,96,,,8,95,995,,,,,,,,,,,,,,,,,,,,,,,,,,,,,,0,0,0,1,0,0,0,0,0,0,0,0,1,0,1,0,0,0,0,0,1,0,1,0,1,0,0,0,1,1,0,0,0,0,1,0,0,0,0,0,0,0,0,0,0,1,0,0,0,0,0,0,,,,,,46-50,46-55,State route,U,Saturday,,MC,White,1,0,0,0,State Route,Municipal/City Police,Tacoma Police Department,0,1,0,0,0,,,,,,0,0,0,,,,,,,,,,,,,,,,,,,,,,,,,,,,,,,,,,,
2018,406,633669,180,11-08-2018,18:44,8,11,Nov,0,15,Cowlitz,1190,1,0,3,1,2,1,1,2,1,,,,8,0,0,No vehicle,0,1,0,1,No intersection,7,2,4,6,0,0,0,0,NE NICHOLS BLVD,MAPLE ST,-122.9527472,46.14375556,98632,0,1,13,Pedestrian/Animal,80,5,35,4,0,0,1,5,8,1,1,2,1,1,Going Straight,2,2,53,,0,35,39,1987,0,0,63,69,68,68,63,42,1,1,23,2,7,1,4,7,1,0,11,0,07/26/2018,08:11,53033047,33047,0,0,0,3,1,58,0,0,0,96,,,,,,9,,,,,,98312,53,66,140,6,1,0,0,0,0,,0,,,,,,4,,,20,0,0,0,0,1,1,,,0,0,0,1,0,2,605,695,996,1,1,1,2,1,0,,,,,,,,,,,,,,,,,,,,,,,,,,,,,,0,0,0,0,0,0,1,1,1,0,0,0,1,0,0,0,0,0,0,0,0,0,0,1,1,0,0,0,0,1,0,0,0,0,0,,1,0,0,0,0,0,1,1,0,1,0,0,0,0,1,0,,,,,,21-25,16-25,County road,U,Thursday,Belt Used,PV,White,0,1,0,0,County Road,County Sheriff,Kitsap County Sheriff's Office,1,0,1,0,0,thc,45,carboxy-thc,35,,0,0,0,,,,,,,,,,,,,,,,,,,,,,,,,,,,,,,,,,,
2017,406,632883,8,09-30-2017,21:35,30,9,Sep,0,27,Grays Harbor,0,2,0,2,2,2,1,0,6,2,,,,12,0,2,Front-to-Front,3.6,1,0,1,No intersection,4,1,1,3,0,0,0,0,SR-109,,-123.9594083,46.98282778,98550,0,2,51,Lateral Move(Going Straight),62,4,40,4,0,0,1,2,12,3,2,2,1,14,Making a U turn,4,2,53,,0,30,46,2000,0,0,14,68,63,38,14,,1,1,36,1,0,0,0,0,99,0,11,0,,,,,0,0,0,2,1,91,0,0,0,93,,,,,,99,,,,,,98387,53,69,215,1,1,0,0,0,0,,2,71,,,,,0,06-15-2016,06-15-2016,1,0,0,0,8,9,8,,,0,0,0,8,9,8,95,,,96,,,8,95,995,,,,,,,,,,,,,,,,,,,,,,,,,,,,,,0,0,0,0,0,0,0,0,0,0,0,0,0,1,0,0,1,0,0,0,0,0,0,0,0,0,0,0,0,1,0,0,0,0,0,,0,0,0,0,0,0,0,0,1,0,0,1,0,0,0,0,,,,,,36-40,36-45,City street,U,Wednesday,Unknown,PV,Not Fatal,0,1,0,0,City Street,Municipal/City Police,Tacoma Police Department,1,0,0,1,0,,,,,,0,0,1,,,,,,,,,,,,,,,,,,,,,,,,,,,,,,,,,,,
2017,406,632882,8,09-30-2017,21:35,30,9,Sep,0,27,Grays Harbor,0,2,0,2,2,2,1,0,6,2,,,,12,0,2,Front-to-Front,3.6,1,0,1,No intersection,4,1,1,3,0,0,0,0,SR-109,,-123.9594083,46.98282778,98550,0,1,50,Lateral Move(Left/Right),10,2,40,4,0,0,1,2,12,2,2,2,1,6,Others,2,1,53,,0,12,481,2000,0,0,12,,,,,,1,1,68,1,0,0,2,0,3,0,11,8,,,,,0,0,3,3,1,0,0,0,0,96,,,,,,0,,,,,,98312,53,71,200,6,1,0,0,0,0,,0,,,,,,0,,,8,0,0,0,8,9,8,,,0,0,0,8,0,2,1,,,1,,,2,1,0,,,,,,,,,,,,,,,,,,,,,,,,,,,,,,0,0,0,0,0,0,0,0,0,0,0,0,0,0,0,0,0,0,0,1,0,0,0,1,1,1,0,0,0,1,0,0,0,0,0,,0,0,0,0,0,0,0,0,0,0,0,0,0,0,0,0,,,,,,66-70,66-75,County road,R,Wednesday,Belt Used,PV,Not Fatal,0,1,1,0,County Road,County Sheriff,Kitsap County Sheriff's Office,0,0,1,0,0,,,,,,0,0,0,,,,,,,,,,,,,,,,,,,,,,,,,,,,,,,,,,,
2021,407,635979,40,10-11-2021,21:06,11,10,Oct,,63,Spokane,0,1,,3,1,2,1,0,3,2,,,,12,0,8,Other,1.2,8,0,1,No intersection,3,2,2,4,0,0,0,0,CR-N MARKET ST,,-117.3648,47.73251667,99217,0,2,64,Others,9,1,35,80,0,0,1,5,12,1,1,3,5,1,Going Straight,1,2,53,,0,37,31,2012,0,0,68,12,,,,,1,1,24,1,7,1,4,7,20,0,11,0,07/25/2018,16:22,53034079,34079,0,0,3,3,1,28,0,0,0,96,,,,,,99,,,,,,98312,53,73,390,6,1,0,0,0,0,,0,,,,,,0,,,1,0,0,0,0,9,8,,,0,0,0,8,9,2,1,,,1,,,2,1,0,,,,,,,,,,,,,,,,,,,,,,,,,,,,,,0,0,0,0,0,0,0,0,0,0,0,0,0,0,0,0,0,0,0,1,0,0,0,1,1,1,0,0,0,1,0,0,0,1,0,,1,0,0,0,0,0,0,0,0,0,0,0,0,0,0,0,,,,,,21-25,16-25,County road,R,Wednesday,Not Used,PV,White,0,1,1,0,County Road,County Sheriff,Kitsap County Sheriff's Office,0,0,1,0,0,,,,,,0,0,0,,,,,,,,,,,,,,,,,,,,,,,,,,,,,,,,,,,
2021,407,635978,40,10-11-2021,21:06,11,10,Oct,,63,Spokane,0,1,,3,1,2,1,0,3,2,,,,12,0,8,Other,1.2,8,0,1,No intersection,3,2,2,4,0,0,0,0,CR-N MARKET ST,,-117.3648,47.73251667,99217,0,1,65,Others,62,4,35,15,0,0,1,5,12,1,1,3,5,5,Others,2,1,53,,0,12,471,1999,0,0,68,64,42,,,,1,1,74,1,7,1,4,7,3,0,11,0,07/24/2018,12:11,53033388,33388,0,0,3,3,1,0,0,0,0,92,,,,,,99,,,,,,98292,53,72,210,6,1,0,0,0,0,,0,,,,,,0,,,1,0,0,0,0,9,8,,,0,0,0,8,9,2,1,,,1,,,2,1,0,,,,,,,,,,,,,,,,,,,,,,,,,,,,,,0,0,1,0,0,0,0,0,0,0,0,0,0,0,0,0,1,0,0,0,0,0,0,0,0,1,1,0,0,1,0,0,0,0,0,,1,0,0,0,0,0,0,0,1,0,0,0,0,0,0,0,,,,,,71-75,66-75,County road,R,Tuesday,Belt Used,PV,White,0,1,0,0,County Road,State Patrol,Washington State Patrol Headquarter,1,0,1,0,0,,,,,,0,0,0,,,,,,,,,,,,,,,,,,,,,,,,,,,,,,,,,,,
2020,407,635149,6,09-19-2020,17:51,19,9,Sep,,25,Grant,0,1,,1,1,2,1,0,3,2,17:51,18:02,19:02,12,0,6,Angle,15.1,2,0,3,T Intersection,4,1,1,3,0,0,0,0,SR-243,RD 23 SW,-119.9267583,46.75252222,99349,0,2,83,Others,67,4,60,66,1,0,1,2,12,1,2,2,1,1,Going Straight,1,3,53,,0,12,17,2006,0,0,12,,,,,,1,1,56,2,0,0,0,0,3,0,11,0,,,,,0,0,3,3,1,0,0,0,0,96,,,,,,0,,,,,,98003,53,64,165,6,1,0,0,0,0,,0,,,,,,0,,,20,0,0,0,8,9,8,,,0,0,0,8,0,8,95,,,96,,,8,95,995,,,,,,,,,,,,,,,,,,,,,,,,,,,,,,0,0,1,0,0,0,0,0,0,1,0,1,1,0,0,0,0,0,0,0,0,0,0,1,1,0,0,0,0,1,0,1,0,0,0,,0,0,0,0,0,0,0,0,0,0,0,0,0,0,0,0,,,,,,56-60,56-65,State route,U,Wednesday,Belt Used,PV,Not Fatal,0,1,0,0,State Route,Municipal/City Police,Kent Police Department,1,1,0,0,0,,,,,,0,0,0,,,,,,,,,,,,,,,,,,,,,,,,,,,,,,,,,,,