year,something,Cases,repjur,crash_dt,crash_tm,accday,Month,Month,holiday,county,co_char,city,weather,weather2,lightcond,surfcond,surftype,Number of Fatalities,nmforms,pforms,vforms,not_tm,arr_tm,hosp_tm,fhevent,hitrun,Manner of Collision,Manner of Collision,milepnt,reljunc,reljuncinter,intersectiontype,Intersection Type,funcsystem,landuse,ownership,route,schlbus,spejur,contdev,devfunc,trafid1,trafid2,x,y,zipcode,wk_zone,vnumber,crashtype,Crash Type,criticalevent,criticaleventcat,spdlim,body,trailer,emerg,hazcargo,leave,mhevent,roadalgn,roadprof,traflane,trafflow,Vehicle Manure,Vehicle Manure,numoccs,regowner,regstate,,spuse,make,model,modelyr,vrf1,vrf2,seqevent1,seqevent2,seqevent3,seqevent4,seqevent5,seqevent6,pnumber,ptype,age,sex,hispanic,race,injury,diedscene,restraint,restraintmisuse,seatpos,takehosp,death_dt,death_tm,cert,cernum_wa,commlic,licendor,licrestrict,liccomp,drivpres,drf1,drf2,drf3,drf4,distract1,distract2,distract3,distract4,distract5,distract6,dricond1,dricond2,dricond3,dricond4,dricond5,dricond6,dzip,licstate,drhgt_in,weight,noncdl,noncdltype,prevdwi,prevoth,prevacc,prevspd,prevsus,driviol1,driviol2,driviol3,driviol4,driviol5,driviol6,spdrel,first_dt,last_dt,airbag,ejection,ejectpath,extricat,injurwrk,methalc,methdrug,nmlocat,strikveh,prf1,prf2,prf3,druginv,alcinvol,drugsts,drugres1,drugres2,drugres3,drugtst1,drugtst2,drugtst3,alcsts,alctst,alcres,nmact1,nmact2,nmact3,nmact4,nmact5,nmact6,nmprior1,nmprior2,nmprior3,nmprior4,nmprior5,nmprior6,nmcond1,nmcond2,nmcond3,nmcond4,nmcond5,nmcond6,nmsafe_helmet,nmsafe_pads,nmsafe_oth,nmprev_ref,nmprev_lgt,nmprev_oth,crashlocation,nmcrashtype,crosswalk,schoolzone,sidewalk,train_inv,wildlife_inv,rotr_fars,intersect_fars,Drink and Drive,aid_inv,Drug Positive Drivers,Impaired Drivers,Marijuana Positive,impnm_inv,ainm_inv,dpnm_inv,speed_inv,unlic_inv,unendmc_inv,drowsy_inv,drdist_inv,nmdist_inv,fty_inv,unrestfat_inv,dr1617_inv,dr1820_inv,dr1620_inv,dr2125_inv,dr1625_inv,dr65_inv,dr70_inv,dr75_inv,mc_inv,pv_inv,ht_inv,ped_inv,bike_inv,unrest_fat,mc_fat,unhelmet_mc,pv_fat,ht_fat,ped_fat,bike_fat,dr_alc7,dr_alc8,dr_drug,dr_imp,dr_dist,dr_spd,dr_fty,dr_unlic,dr_alc7only,dr_alc8only,dr_drugonly,dr_drink,nm_imp,nm_alc7,nm_alc8,nm_drug,nm_dist,agegrp1,agegrp2,roadclass,urbrur,dayweek,restuse,vehtype,race_me,intersect,lanedep,oppdir,wrongway,rep_typ,investag,repag_long,rotr,st_rd,cty_rd,city_rd,oth_rd,drug_thc,thc_res,drug_cthc,cthc_res,drug_cann,prevpersemin,prevperse,prevsusoth,drugtst4,drugtst5,drugtst6,drugtst7,drugtst8,drugres4,drugres5,drugres6,drugres7,drugres8,adspresent,adsengaged,adslevel,race1,race2,race3,race4,race5,helmet,helmetmisuse,nmdistract1,nmdistract2,nmdistract3,nmdistract4,nmdistract5,nmdistract6,lab,isedtcase,crf1,crf2,crf3,CoRoadName,CoMP,IntCoRoadName,IntCoMP
2020,407,635148,6,09-19-2020,17:51,19,9,Sep,,25,Grant,0,1,,1,1,2,1,0,3,2,17:51,18:02,19:02,12,0,6,Angle,15.1,2,0,3,T Intersection,4,1,1,3,0,0,20,3,SR-243,RD 23 SW,-119.9267583,46.75252222,99349,0,1,82,Turn Into Opp Direction(Turning Left),15,2,50,15,0,0,1,2,12,1,2,2,1,11,Turning Red: Permitted on red,2,2,53,,0,63,402,2011,0,0,63,42,8,69,12,,1,1,21,1,0,0,1,0,3,0,11,8,,,,,0,0,0,3,1,0,0,0,0,96,,,,,,0,,,,,,98003,53,69,178,6,1,0,0,1,0,,97,,,,,,3,05-15-2016,05-15-2016,8,0,0,0,8,9,8,,,0,0,0,8,0,2,1,,,1,,,2,1,0,,,,,,,,,,,,,,,,,,,,,,,,,,,,,,0,0,1,0,0,0,0,0,0,1,0,1,1,0,0,0,0,0,0,0,0,0,0,1,1,0,0,0,0,1,0,1,0,0,0,,0,0,0,0,0,0,0,0,0,1,0,0,0,0,0,0,,,,,,21-25,16-25,State route,U,Wednesday,Belt Used,PV,Not Fatal,0,1,0,0,State Route,Municipal/City Police,Kent Police Department,1,1,0,0,0,,,,,,0,0,0,,,,,,,,,,,,,,,,,,,,,,,,,,,,,,,,,,,
2019,407,634458,3,11-11-2019,21:30,11,11,Nov,,53,Pierce,0,8,0,3,1,2,1,1,1,1,,,,8,0,0,No vehicle,12.6,1,0,1,No intersection,4,1,1,3,0,0,0,0,SR-161,,-122.2977833,46.97174444,98338,0,1,13,Pedestrian/Animal,80,5,50,61,0,0,1,5,8,1,1,3,1,1,Going Straight,1,3,53,,0,2,404,1999,0,0,63,8,,,,,1,1,33,1,0,0,0,0,99,0,11,0,,,,,0,0,0,2,1,0,0,0,0,96,,,,,,9,,,,,,98223,53,70,220,1,1,0,0,2,0,,97,,,,,,0,04-15-2017,04-15-2018,20,0,0,0,8,9,2,,,0,0,0,1,0,2,177,401,417,1,1,1,2,1,0,,,,,,,,,,,,,,,,,,,,,,,,,,,,,,0,0,0,0,0,0,1,1,0,1,0,1,0,1,0,0,0,0,0,0,0,0,0,0,0,0,0,0,0,1,0,1,0,0,0,,0,0,0,0,0,0,1,1,0,0,0,1,0,0,1,0,,,,,,31-35,26-35,State route,U,Wednesday,Unknown,PV,Not Fatal,0,0,0,0,State Route,Municipal/City Police,Everett Police Department,0,1,0,0,0,,,,,,0,0,1,,,,,,,,,,,,,,,,,,,,,,,,,,,,,,,,,,,
2018,407,633671,3,11-02-2018,13:19,2,11,Nov,0,53,Pierce,1124,1,0,1,1,1,1,0,3,2,,,,12,0,6,Angle,128.1,1,0,1,No intersection,1,2,1,1,0,0,0,0,I-5,,-122.4726333,47.17031389,98499,0,2,45,Others,61,4,60,15,0,0,1,7,12,1,1,4,3,1,Going Straight,2,1,53,,0,72,706,2004,0,0,63,1,,,,,1,1,30,1,7,28,4,7,5,0,11,0,07/22/2018,11:47,53032739,32739,0,0,3,3,1,0,0,0,0,92,,,,,,99,,,,,,98208,53,69,200,6,1,0,1,0,1,,0,,,,,,0,03-15-2014,06-15-2016,20,8,0,0,0,9,8,,,0,0,0,8,9,2,1,,,1,,,2,1,0.15,,,,,,,,,,,,,,,,,,,,,,,,,,,,,,0,0,1,0,1,1,0,1,0,0,0,0,0,0,0,0,1,0,0,0,0,0,0,0,0,0,0,0,1,0,0,0,0,0,1,0,0,0,0,0,0,1,0,1,1,0,0,0,0,1,0,1,,,,,,26-30,26-35,County road,R,Sunday,,MC,API,0,1,0,0,County Road,County Sheriff,Snohomish County Sheriff's Office,1,0,1,0,0,,,,,,0,0,2,,,,,,,,,,,,,,,,,,,,,,,,,,,,,,,,,,,
2018,407,633670,3,11-02-2018,13:19,2,11,Nov,0,53,Pierce,1124,1,0,1,1,1,1,0,3,2,,,,12,0,6,Angle,128.1,1,0,1,No intersection,1,2,1,1,0,0,0,0,I-5,,-122.4726333,47.17031389,98499,0,1,46,Others,8,1,60,34,0,0,1,7,12,1,1,4,3,15,Others,1,1,53,,0,41,51,2005,0,0,12,,,,,,1,1,22,1,7,1,4,7,3,0,11,0,07/20/2018,18:37,53032987,32987,0,0,0,3,1,0,0,0,0,96,,,,,,0,,,,,,83864,16,70,130,6,1,0,0,0,0,,0,,,,,,0,,,1,0,0,0,0,9,8,,,0,0,0,8,0,2,1,,,1,,,2,1,0,,,,,,,,,,,,,,,,,,,,,,,,,,,,,,0,0,0,0,0,0,1,1,0,0,0,0,0,0,0,0,1,0,0,0,0,0,0,1,1,0,0,0,0,1,0,0,0,0,0,,1,0,0,0,0,0,0,0,0,0,0,0,0,0,0,0,,,,,,21-25,16-25,US highway,R,Friday,Belt Used,PV,White,0,1,1,0,State Route,State Patrol,Washington State Patrol,0,1,0,0,0,,,,,,0,0,0,,,,,,,,,,,,,,,,,,,,,,,,,,,,,,,,,,,
2017,407,632864,42,09-27-2017,13:24,27,9,Sep,0,67,Thurston,2320,1,0,1,1,2,1,0,1,1,13:33,14:20,14:57,35,0,0,No vehicle,9999.9,1,0,1,No intersection,7,2,2,4,0,0,0,0,CR-CASE RD SW,,-122.9204361,46.95276111,98512,0,1,6,Drive off road,12,2,50,34,0,0,1,5,35,3,1,2,1,14,Making a U turn,1,1,53,,0,20,25,2016,0,0,68,12,,,,,1,1,42,2,0,0,3,0,3,0,11,5,,,,,0,0,0,3,1,28,0,0,0,92,,,,,,9,,,,,,99138,53,61,120,6,1,0,1,0,2,,97,,,,,,0,03-15-2015,01-15-2018,8,0,0,0,8,9,2,,,0,0,0,1,0,2,155,,,1,,,2,1,0,,,,,,,,,,,,,,,,,,,,,,,,,,,,,,0,0,0,0,0,0,1,1,0,0,0,0,0,0,0,0,1,0,0,0,0,0,0,1,1,0,0,0,0,1,0,0,0,0,0,,0,0,0,0,0,0,1,1,1,0,0,0,0,0,1,0,,,,,,41-45,36-45,US highway,R,Friday,Belt Used,PV,Not Fatal,0,1,1,0,State Route,State Patrol,Washington State Patrol,0,1,0,0,0,,,,,,0,0,3,,,,,,,,,,,,,,,,,,,,,,,,,,,,,,,,,,,
2019,408,634459,106,11-14-2019,00:40,14,11,Nov,,33,King,532,5,0,3,1,2,1,1,1,1,,,,8,0,0,No vehicle,11.9,1,0,1,No intersection,3,2,1,3,0,0,0,0,SR-99,,-122.2949306,47.39456111,98198,0,1,13,Pedestrian/Animal,80,5,98,14,0,0,1,7,8,1,1,5,2,1,Going Straight,1,2,53,,0,49,49,2008,0,0,12,,,,,,1,1,44,1,0,0,0,0,3,0,11,0,,,,,0,0,0,3,1,0,0,0,0,96,,,,,,0,,,,,,98023,53,66,175,6,1,0,0,0,0,,0,,,,,,0,,,2,0,0,0,8,9,8,,,0,0,0,8,0,8,95,,,96,,,8,95,995,,,,,,,,,,,,,,,,,,,,,,,,,,,,,,0,0,0,1,0,0,0,0,0,0,0,0,1,0,0,0,0,0,0,0,0,0,0,0,0,0,0,0,1,1,0,0,0,0,0,,0,0,0,0,0,0,0,0,0,0,0,0,0,0,0,0,,,,,,41-45,36-45,State route,U,Saturday,Belt Used,PV,Not Fatal,1,0,0,0,State Route,Municipal/City Police,Federal Way Dept of Public Safety,0,1,0,0,0,,,,,,0,0,0,,,,,,,,,,,,,,,,,,,,,,,,,,,,,,,,,,,
2018,408,633676,4,11-07-2018,17:24,7,11,Nov,0,65,Stevens,0,1,0,3,1,2,1,0,6,5,,,,12,0,1,Front-to-Rear,217.8,3,0,3,T Intersection,3,1,1,2,0,0,20,3,US-395,BLUE CREEK,-117.8191417,48.32014444,99109,0,5,98,Others,98,7,25,34,0,0,1,5,12,1,2,2,1,5,Others,1,1,53,,0,37,706,2012,0,0,12,,,,,,1,1,28,1,7,1,4,7,5,0,11,0,07/21/2018,18:09,73553032368,32368,0,0,3,3,1,33,0,0,0,96,,,,,,99,,,,,,98087,53,72,220,6,1,0,0,0,0,,0,,,,,,4,,,20,8,0,0,0,9,8,,,0,0,0,8,9,2,1,,,1,,,2,1,0,,,,,,,,,,,,,,,,,,,,,,,,,,,,,,0,0,0,1,0,0,0,0,0,0,0,0,1,0,0,0,0,0,0,0,0,0,0,0,0,0,0,0,1,1,0,0,0,0,1,0,0,0,0,0,0,0,0,0,0,1,0,0,0,0,0,0,,,,,,26-30,26-35,State route,U,Saturday,,MC,White,1,0,0,0,State Route,Municipal/City Police,Federal Way Dept of Public Safety,0,1,0,0,0,,,,,,0,0,0,,,,,,,,,,,,,,,,,,,,,,,,,,,,,,,,,,,
2018,408,633675,4,11-07-2018,17:24,7,11,Nov,0,65,Stevens,0,1,0,3,1,2,1,0,6,5,,,,12,0,1,Front-to-Rear,217.8,3,0,3,T Intersection,3,1,1,2,0,0,0,0,US-395,BLUE CREEK,-117.8191417,48.32014444,99109,0,4,98,Others,62,4,60,2,0,0,1,5,12,1,2,2,1,1,Going Straight,1,2,53,,0,53,706,2000,0,0,12,,,,,,1,1,65,1,7,1,4,7,17,0,11,0,07/17/2018,15:53,2.11E+11,31839,6,0,0,3,1,0,0,0,0,96,,,,,,99,,,,,,83854,16,67,180,6,1,0,0,0,0,,0,,,,,,0,,,20,8,0,0,0,1,8,,,0,0,0,8,1,2,1,,,1,,,2,1,0.029,,,,,,,,,,,,,,,,,,,,,,,,,,,,,,0,0,0,0,1,0,0,0,0,0,0,0,0,0,0,0,0,0,1,0,0,0,0,0,0,1,1,1,1,0,1,0,0,0,1,1,0,0,0,0,1,0,0,0,0,0,0,0,1,0,0,1,,,,,,61-65,56-65,State route,U,Tuesday,,MC,White,0,0,0,0,State Route,State Patrol,Washington State Patrol,0,1,0,0,0,,,,,,0,0,0,,,,,,,,,,,,,,,,,,,,,,,,,,,,,,,,,,,
2018,408,633674,4,11-07-2018,17:24,7,11,Nov,0,65,Stevens,0,1,0,3,1,2,1,0,6,5,,,,12,0,1,Front-to-Rear,217.8,3,0,3,T Intersection,3,1,1,2,0,0,0,0,US-395,BLUE CREEK,-117.8191417,48.32014444,99109,0,3,98,Others,60,4,60,6,0,0,1,5,12,1,2,3,1,5,Others,1,2,53,,0,87,884,2014,0,0,12,,,,,,1,1,75,1,0,0,0,0,3,0,11,0,,,,,6,1,3,3,1,38,0,0,0,96,,,,,,0,,,,,,99216,53,72,200,6,1,0,4,1,0,,46,,,,,,0,07-15-2014,11-15-2016,20,0,0,0,8,9,8,,,0,0,0,8,0,0,0,,,0,,,0,0,996,,,,,,,,,,,,,,,,,,,,,,,,,,,,,,0,0,0,0,1,0,0,0,0,0,0,0,0,0,0,0,0,0,1,0,0,0,0,0,0,1,1,1,1,0,1,0,0,0,0,,0,0,0,0,0,0,0,0,0,0,1,0,0,0,0,0,,,,,,71-75,66-75,State route,U,Tuesday,,MHTRUCK,Not Fatal,0,0,0,0,State Route,State Patrol,Washington State Patrol,0,1,0,0,0,,,,,,0,0,0,,,,,,,,,,,,,,,,,,,,,,,,,,,,,,,,,,,
2018,408,633673,4,11-07-2018,17:24,7,11,Nov,0,65,Stevens,0,1,0,3,1,2,1,0,6,5,,,,12,0,1,Front-to-Rear,217.8,3,0,3,T Intersection,3,1,1,2,0,0,0,0,US-395,BLUE CREEK,-117.8191417,48.32014444,99109,0,2,21,Others,60,4,60,4,0,0,1,2,12,1,2,3,1,5,Others,1,1,53,,0,12,462,2015,0,0,12,,,,,,1,1,31,1,0,0,1,0,3,0,11,4,,,,,0,0,0,3,1,0,0,0,0,96,,,,,,0,,,,,,98104,53,66,200,6,1,0,0,0,0,,0,,,,,,0,,,8,0,0,0,8,9,8,,,0,0,0,8,0,8,95,,,96,,,8,95,995,,,,,,,,,,,,,,,,,,,,,,,,,,,,,,0,0,0,0,0,0,1,1,0,0,0,0,0,0,0,0,0,0,0,0,0,0,0,0,0,0,0,0,1,1,0,0,0,0,0,,0,0,0,0,0,0,0,0,0,0,0,0,0,0,0,0,,,,,,31-35,26-35,State route,R,Sunday,Belt Used,PV,Not Fatal,0,1,1,0,State Route,State Patrol,Washington State Patrol Headquarter,0,1,0,0,0,,,,,,0,0,0,,,,,,,,,,,,,,,,,,,,,,,,,,,,,,,,,,,
2017,408,633120,2,09-25-2017,05:30,25,9,Sep,0,9,Clallam,0,10,0,2,2,2,1,0,2,2,,,,12,0,8,Other,223.3,1,0,1,No intersection,3,1,1,2,0,0,0,0,US-101,,-123.8640528,48.05045833,98363,0,2,98,Others,54,3,35,67,0,0,1,2,1,3,2,2,1,14,Making a U turn,1,2,53,,0,73,705,2017,0,0,68,12,,,,,1,1,53,1,7,1,4,7,5,0,11,0,07/15/2018,17:30,53031938,31938,0,0,3,3,1,28,0,0,0,96,,,,,,0,,,,,,99166,53,75,265,6,1,0,0,1,0,,0,,,,,,0,09-15-2013,09-15-2013,20,8,0,0,0,9,8,,,0,0,0,8,0,2,996,,,1,,,2,1,0,,,,,,,,,,,,,,,,,,,,,,,,,,,,,,0,0,0,0,0,0,1,1,0,0,0,0,0,0,0,0,0,0,0,0,0,0,0,0,0,0,0,0,1,1,0,0,0,0,1,0,0,0,0,0,0,0,1,1,0,0,0,0,0,0,1,0,,,,,,51-55,46-55,State route,R,Sunday,,MC,White,0,1,1,0,State Route,State Patrol,Washington State Patrol Headquarter,0,1,0,0,0,,,,,,0,0,0,,,,,,,,,,,,,,,,,,,,,,,,,,,,,,,,,,,
2018,408,633672,4,11-07-2018,17:24,7,11,Nov,0,65,Stevens,0,1,0,3,1,2,1,0,6,5,,,,12,0,1,Front-to-Rear,217.8,3,0,3,T Intersection,3,1,1,2,0,0,0,0,US-395,BLUE CREEK,-117.8191417,48.32014444,99109,0,1,20,Others,50,3,60,14,0,0,1,2,12,1,2,3,1,1,Going Straight,2,9,95,,0,23,401,1995,0,0,64,35,1,,,,1,1,33,2,0,0,3,0,20,0,11,5,,,,,0,0,0,3,1,80,0,0,0,96,,,,,,9,,,,,,98506,53,66,140,6,1,0,2,0,0,,12,89,,,,,4,10-15-2013,06-15-2016,20,0,0,1,8,9,8,,,0,0,0,8,9,2,401,417,605,1,1,1,2,1,0,,,,,,,,,,,,,,,,,,,,,,,,,,,,,,0,0,1,0,0,0,1,1,1,0,0,0,1,0,0,0,0,0,0,1,0,0,0,0,0,0,0,0,0,1,0,0,0,0,0,,0,0,0,0,0,0,1,1,0,1,0,0,0,0,1,0,,,,,,31-35,26-35,Interstate,R,Wednesday,Not Used,PV,Not Fatal,0,1,0,0,State Route,State Patrol,Washington State Patrol,1,1,0,0,0,thc,1.8,carboxy-thc,22,,0,0,2,1,,,,,695,,,,,,,,,,,,,,,,,,,,,,,,,,,,,
2017,408,633119,2,09-25-2017,05:30,25,9,Sep,0,9,Clallam,0,10,0,2,2,2,1,0,2,2,,,,12,1,8,Other,223.3,1,0,1,No intersection,3,1,1,2,0,0,0,0,US-101,,-123.8640528,48.05045833,98363,0,1,98,Others,10,2,35,78,9,0,1,5,12,2,2,2,1,14,Making a U turn,99,9,99,,0,20,403,2004,0,0,63,69,12,,,,1,1,24,2,1,1,4,7,20,0,11,0,07-07-2018,00:32,1.78E+11,30167,0,0,3,3,1,0,0,0,0,96,,,,,,0,,,,,,98848,53,64,200,6,1,0,2,0,2,,0,,,,,,0,08-15-2013,06-15-2017,20,1,9,0,0,9,8,,,0,0,0,8,9,2,1,,,1,,,2,1,0.03,,,,,,,,,,,,,,,,,,,,,,,,,,,,,,0,0,0,0,1,0,0,0,0,0,0,0,0,1,0,0,0,0,0,1,0,0,0,1,1,0,0,0,0,1,0,0,0,1,0,,1,0,0,0,1,0,0,0,0,0,0,0,1,0,0,1,,,,,,21-25,16-25,State route,R,Saturday,Not Used,PV,Hispanic,0,0,0,0,State Route,State Patrol,Washington State Patrol,0,1,0,0,0,,,,,,0,0,0,,,,,,,,,,,,,,,,,,,,,,,,,,,,,,,,,,,
2019,409,634460,1,11-01-2019,19:36,1,11,Nov,,77,Yakima,0,1,0,3,1,2,1,1,2,1,,,,8,0,0,No vehicle,30.9,1,0,1,No intersection,1,2,1,1,0,0,0,0,I-82,,-120.5155861,46.63035278,98942,0,1,13,Pedestrian/Animal,80,5,60,34,1,0,1,5,8,1,1,3,3,1,Going Straight,2,3,4,,0,63,31,1996,0,0,12,63,43,1,3,,1,1,26,1,0,0,0,0,99,0,11,0,,,,,0,0,0,0,1,33,91,0,0,96,,,,,,99,,,,,,98801,53,,999,0,0,99,99,99,99,,1,,,,,,0,,,20,0,0,0,8,9,8,,,0,0,0,8,9,8,95,,,96,,,8,95,995,,,,,,,,,,,,,,,,,,,,,,,,,,,,,,0,0,0,0,1,0,0,0,0,0,0,0,0,1,0,0,0,0,0,1,0,0,0,1,1,0,0,0,0,1,0,0,0,0,0,,0,0,0,0,0,0,0,0,0,0,0,1,0,0,0,0,,,,,,26-30,26-35,State route,R,Saturday,Unknown,PV,Not Fatal,0,0,0,0,State Route,State Patrol,Washington State Patrol,0,1,0,0,0,,,,,,99,99,99,,,,,,,,,,,,,,,,,,,,,,,,,,,,,,,,,,,
2018,409,633680,3,11-06-2018,23:05,6,11,Nov,0,67,Thurston,2320,1,0,3,1,2,1,0,4,4,,,,1,0,0,No vehicle,0.2,5,1,1,No intersection,1,2,1,1,0,0,0,0,I-5 RAMP Q109977,,-122.936325,46.95509444,,0,4,98,Others,98,7,70,66,1,0,1,5,12,1,1,3,1,1,Going Straight,1,3,18,,0,20,2,2012,0,0,64,67,35,,,,1,1,46,1,7,1,4,7,3,0,11,0,07/16/2018,23:06,85053031928,31928,0,0,0,3,1,0,0,0,0,92,,,,,,99,,,,,,98531,53,70,175,6,1,0,1,1,1,,0,,,,,,4,10-15-2013,05-15-2017,8,0,0,0,0,9,1,,,0,0,0,1,9,2,605,695,,1,1,,2,1,0,,,,,,,,,,,,,,,,,,,,,,,,,,,,,,0,0,1,0,0,0,1,1,1,0,0,0,1,0,0,0,1,0,0,0,0,0,0,0,0,0,0,0,0,1,0,0,0,0,0,,1,0,0,0,0,0,1,1,1,1,0,0,0,0,1,0,,,,,,46-50,46-55,Interstate,U,Monday,Belt Used,PV,White,0,1,0,0,State Route,State Patrol,Washington State Patrol Headquarter,1,1,0,0,0,thc,9.4,carboxy-thc,48,,0,0,0,,,,,,,,,,,,,,,,,,,,,,,,,,,,,,,,,,,
2020,409,635151,29,10-09-2020,22:25,9,10,Oct,,41,Lewis,0,1,,2,1,2,1,1,2,2,22:25,22:46,,8,0,0,No vehicle,7,1,0,1,No intersection,6,1,64,8,0,0,0,0,NFD ROAD 23,,-121.7626278,46.43071944,,0,2,98,Others,80,5,35,34,0,0,1,5,8,2,2,2,1,14,Making a U turn,1,1,53,,0,37,705,2003,0,0,63,1,,,,,1,1,35,1,7,1,4,0,5,0,11,5,07/22/2018,08:42,1.81E+11,33092,0,0,0,3,1,0,0,0,0,96,,,,,,9,,,,,,99207,53,70,170,6,1,0,0,0,1,,0,,,,,,0,11-15-2015,11-15-2015,20,8,0,0,0,1,8,,,0,0,0,8,1,2,605,695,,1,1,,2,1,0.17,,,,,,,,,,,,,,,,,,,,,,,,,,,,,,0,0,1,0,1,1,1,1,1,0,0,0,0,0,0,0,0,0,0,0,0,0,0,0,0,0,0,0,1,0,0,0,0,0,1,0,0,0,0,0,0,1,1,1,0,0,0,0,0,0,0,1,,,,,,31-35,26-35,US highway,U,Friday,,MC,White,0,1,0,0,State Route,State Patrol,Washington State Patrol,1,1,0,0,0,thc,1.9,carboxy-thc,18,,0,0,0,,,,,,,,,,,,,,,,,,,,,,,,,,,,,,,,,,,
2020,409,635150,29,10-09-2020,22:25,9,10,Oct,,41,Lewis,0,1,,2,1,2,1,1,2,2,22:25,22:46,,8,0,0,No vehicle,7,1,0,1,No intersection,6,1,64,8,0,0,0,0,NFD ROAD 23,,-121.7626278,46.43071944,,0,1,13,Pedestrian/Animal,80,5,35,34,0,0,1,5,8,2,2,2,1,14,Making a U turn,1,2,53,,0,35,402,2007,0,0,63,42,,,,,1,1,29,1,0,0,2,0,20,0,11,8,,,,,0,0,0,3,1,0,0,0,0,3,,,,,,0,,,,,,98335,53,63,140,6,1,0,3,0,7,,0,,,,,,0,08-15-2013,05-15-2017,1,0,0,0,8,9,8,,,0,0,0,8,0,8,95,,,96,,,8,95,995,,,,,,,,,,,,,,,,,,,,,,,,,,,,,,0,0,1,0,0,0,0,0,0,0,0,0,0,0,0,0,1,0,0,1,0,0,0,0,0,0,0,0,0,1,0,0,0,0,0,,0,0,0,0,0,0,0,0,1,0,0,0,0,0,0,0,,,,,,26-30,26-35,State route,R,Sunday,Not Used,PV,Not Fatal,0,1,0,0,State Route,State Patrol,Washington State Patrol,1,1,0,0,0,,,,,,0,0,4,,,,,,,,,,,,,,,,,,,,,,,,,,,,,,,,,,,
2018,409,633677,3,11-06-2018,23:05,6,11,Nov,0,67,Thurston,2320,1,0,3,1,2,1,0,4,4,,,,1,0,0,No vehicle,0.2,5,1,1,No intersection,1,2,1,1,0,0,0,0,I-5 RAMP Q109977,,-122.936325,46.95509444,,0,1,6,Drive off road,6,1,98,80,0,0,1,2,1,2,8,1,6,14,Making a U turn,1,1,53,,0,49,422,2002,0,0,63,1,,,,,1,1,36,2,0,0,2,0,3,0,11,5,,,,,0,0,0,3,1,0,0,0,0,3,,,,,,0,,,,,,98499,53,66,410,6,1,0,2,0,1,,97,,,,,,0,10-15-2015,12-15-2017,20,0,0,0,8,9,8,,,0,0,0,8,0,8,95,,,96,,,8,95,995,,,,,,,,,,,,,,,,,,,,,,,,,,,,,,0,0,1,0,0,0,0,0,0,0,0,0,0,0,0,0,1,0,0,1,0,0,0,0,0,0,0,0,0,1,0,0,0,0,0,,0,0,0,0,0,0,0,0,1,0,0,0,0,0,0,0,,,,,,36-40,36-45,Interstate,R,Saturday,Belt Used,PV,Not Fatal,0,1,0,0,State Route,State Patrol,Washington State Patrol,1,1,0,0,0,,,,,,0,0,0,,,,,,,,,,,,,,,,,,,,,,,,,,,,,,,,,,,
2017,409,632900,25,09-23-2017,06:53,23,9,Sep,0,33,King,229,1,0,4,1,2,1,1,1,1,,,,8,0,0,No vehicle,9999.9,3,0,2,4 Way,3,2,4,6,0,0,20,3,1 AVE S,S 138 STREET,-122.3337222,47.47946389,98168,0,1,13,Pedestrian/Animal,80,5,35,4,0,0,1,5,8,1,1,5,1,1,Going Straight,1,1,53,,0,12,880,2016,0,0,12,,,,,,1,1,30,1,0,0,2,0,3,0,11,0,,,,,0,0,0,3,1,0,0,0,0,96,,,,,,0,,,,,,98848,53,68,180,6,1,0,0,1,3,,0,,,,,,0,04-15-2014,06-15-2017,1,0,0,0,8,9,8,,,0,0,0,8,0,8,95,,,96,,,8,95,995,,,,,,,,,,,,,,,,,,,,,,,,,,,,,,0,0,0,1,0,0,0,0,0,0,0,0,0,0,0,0,0,0,1,0,0,1,1,0,1,0,0,0,0,1,1,0,0,0,0,,0,0,0,0,0,0,0,0,0,0,0,0,0,0,0,0,,,,,,26-30,26-35,County road,R,Friday,Belt Used,MHTRUCK,Not Fatal,1,0,0,0,County Road,County Sheriff,Grant County Sheriff's Office,0,0,1,0,0,,,,,,0,0,0,,,,,,,,,,,,,,,,,,,,,,,,,,,,,,,,,,,
2021,409,635980,5,09-30-2021,20:50,30,9,Sep,,11,Clark,2370,1,,2,1,1,1,1,1,1,,,,8,1,0,No vehicle,4.2,1,0,1,No intersection,1,2,1,1,0,0,0,0,I-205,,-122.5694056,45.65491389,98662,0,1,13,Pedestrian/Animal,80,5,60,99,9,0,1,5,8,1,1,2,3,1,Going Straight,99,9,99,,0,35,47,2007,0,0,12,,,,,,1,1,19,1,1,1,4,0,3,0,11,5,07-06-2018,22:35,1.78E+11,31016,0,0,0,3,1,38,0,0,0,96,,,,,,0,,,,,,98849,53,63,160,6,1,0,0,0,0,,0,,,,,,0,,,8,0,0,0,0,9,8,,,0,0,0,8,0,2,1,,,1,,,2,1,0,,,,,,,,,,,,,,,,,,,,,,,,,,,,,,0,0,0,1,0,0,0,0,0,0,0,0,0,0,0,0,0,0,1,0,0,1,1,0,1,0,0,0,0,1,1,0,0,0,0,,1,0,0,0,0,0,0,0,0,0,1,0,0,0,0,0,,,,,,18-20,16-25,County road,R,Friday,Belt Used,PV,Hispanic,1,0,0,0,County Road,County Sheriff,Grant County Sheriff's Office,0,0,1,0,0,,,,,,0,0,0,,,,,,,,,,,,,,,,,,,,,,,,,,,,,,,,,,,