year,something,Cases,repjur,crash_dt,crash_tm,accday,Month,Month,holiday,county,co_char,city,weather,weather2,lightcond,surfcond,surftype,Number of Fatalities,nmforms,pforms,vforms,not_tm,arr_tm,hosp_tm,fhevent,hitrun,Manner of Collision,Manner of Collision,milepnt,reljunc,reljuncinter,intersectiontype,Intersection Type,funcsystem,landuse,ownership,route,schlbus,spejur,contdev,devfunc,trafid1,trafid2,x,y,zipcode,wk_zone,vnumber,crashtype,Crash Type,criticalevent,criticaleventcat,spdlim,body,trailer,emerg,hazcargo,leave,mhevent,roadalgn,roadprof,traflane,trafflow,Vehicle Manure,Vehicle Manure,numoccs,regowner,regstate,,spuse,make,model,modelyr,vrf1,vrf2,seqevent1,seqevent2,seqevent3,seqevent4,seqevent5,seqevent6,pnumber,ptype,age,sex,hispanic,race,injury,diedscene,restraint,restraintmisuse,seatpos,takehosp,death_dt,death_tm,cert,cernum_wa,commlic,licendor,licrestrict,liccomp,drivpres,drf1,drf2,drf3,drf4,distract1,distract2,distract3,distract4,distract5,distract6,dricond1,dricond2,dricond3,dricond4,dricond5,dricond6,dzip,licstate,drhgt_in,weight,noncdl,noncdltype,prevdwi,prevoth,prevacc,prevspd,prevsus,driviol1,driviol2,driviol3,driviol4,driviol5,driviol6,spdrel,first_dt,last_dt,airbag,ejection,ejectpath,extricat,injurwrk,methalc,methdrug,nmlocat,strikveh,prf1,prf2,prf3,druginv,alcinvol,drugsts,drugres1,drugres2,drugres3,drugtst1,drugtst2,drugtst3,alcsts,alctst,alcres,nmact1,nmact2,nmact3,nmact4,nmact5,nmact6,nmprior1,nmprior2,nmprior3,nmprior4,nmprior5,nmprior6,nmcond1,nmcond2,nmcond3,nmcond4,nmcond5,nmcond6,nmsafe_helmet,nmsafe_pads,nmsafe_oth,nmprev_ref,nmprev_lgt,nmprev_oth,crashlocation,nmcrashtype,crosswalk,schoolzone,sidewalk,train_inv,wildlife_inv,rotr_fars,intersect_fars,Drink and Drive,aid_inv,Drug Positive Drivers,Impaired Drivers,Marijuana Positive,impnm_inv,ainm_inv,dpnm_inv,speed_inv,unlic_inv,unendmc_inv,drowsy_inv,drdist_inv,nmdist_inv,fty_inv,unrestfat_inv,dr1617_inv,dr1820_inv,dr1620_inv,dr2125_inv,dr1625_inv,dr65_inv,dr70_inv,dr75_inv,mc_inv,pv_inv,ht_inv,ped_inv,bike_inv,unrest_fat,mc_fat,unhelmet_mc,pv_fat,ht_fat,ped_fat,bike_fat,dr_alc7,dr_alc8,dr_drug,dr_imp,dr_dist,dr_spd,dr_fty,dr_unlic,dr_alc7only,dr_alc8only,dr_drugonly,dr_drink,nm_imp,nm_alc7,nm_alc8,nm_drug,nm_dist,agegrp1,agegrp2,roadclass,urbrur,dayweek,restuse,vehtype,race_me,intersect,lanedep,oppdir,wrongway,rep_typ,investag,repag_long,rotr,st_rd,cty_rd,city_rd,oth_rd,drug_thc,thc_res,drug_cthc,cthc_res,drug_cann,prevpersemin,prevperse,prevsusoth,drugtst4,drugtst5,drugtst6,drugtst7,drugtst8,drugres4,drugres5,drugres6,drugres7,drugres8,adspresent,adsengaged,adslevel,race1,race2,race3,race4,race5,helmet,helmetmisuse,nmdistract1,nmdistract2,nmdistract3,nmdistract4,nmdistract5,nmdistract6,lab,isedtcase,crf1,crf2,crf3,CoRoadName,CoMP,IntCoRoadName,IntCoMP
2018,409,633679,3,11-06-2018,23:05,6,11,Nov,0,67,Thurston,2320,1,0,3,1,2,1,0,4,4,,,,1,1,0,No vehicle,0.2,5,1,1,No intersection,1,2,1,1,0,0,0,0,I-5 RAMP Q109977,,-122.936325,46.95509444,,0,3,98,Others,98,7,70,99,0,0,1,5,12,1,1,3,1,1,Going Straight,99,9,99,,0,59,31,2005,0,0,54,,,,,,1,1,68,2,0,0,0,0,3,0,11,0,,,,,0,0,0,3,1,0,0,0,0,96,,,,,,0,,,,,,98444,53,61,132,6,1,0,0,0,0,,0,,,,,,0,,,20,0,0,0,8,9,8,,,0,0,0,8,0,8,95,,,96,,,8,95,995,,,,,,,,,,,,,,,,,,,,,,,,,,,,,,0,0,0,1,0,0,1,1,0,0,0,0,1,1,1,0,0,0,0,0,0,0,0,0,0,1,0,0,1,1,0,0,0,0,0,,0,0,0,0,0,0,0,0,0,0,0,0,0,0,0,0,,,,,,66-70,66-75,County road,U,Thursday,Belt Used,PV,Not Fatal,1,0,0,0,County Road,County Sheriff,Law Enforcement Support Agency,0,0,1,0,0,,,,,,0,0,0,,,,,,,,,,,,,,,,,,,,,,,,,,,,,,,,,,,
2018,409,633678,3,11-06-2018,23:05,6,11,Nov,0,67,Thurston,2320,1,0,3,1,2,1,0,4,4,,,,1,1,0,No vehicle,0.2,5,1,1,No intersection,1,2,1,1,0,0,0,0,I-5 RAMP Q109977,,-122.936325,46.95509444,,0,2,98,Others,98,7,70,99,0,0,1,5,12,1,1,3,1,1,Going Straight,99,9,99,,0,37,31,2005,0,0,12,,,,,,1,1,40,2,0,0,0,0,3,0,11,0,,,,,0,0,0,3,1,0,0,0,0,96,,,,,,0,,,,,,98444,53,66,130,6,1,0,0,0,1,,0,,,,,,0,08-15-2013,08-15-2013,1,0,0,0,8,9,8,,,0,0,0,8,0,8,95,,,96,,,8,95,995,,,,,,,,,,,,,,,,,,,,,,,,,,,,,,0,0,0,1,0,0,1,1,0,0,0,0,1,1,1,0,0,0,0,0,0,0,0,0,0,1,0,0,1,1,0,0,0,0,0,,0,0,0,0,0,0,0,0,0,0,0,0,0,0,0,0,,,,,,36-40,36-45,County road,U,Thursday,Belt Used,PV,Not Fatal,1,0,0,0,County Road,County Sheriff,Law Enforcement Support Agency,0,0,1,0,0,,,,,,0,0,0,,,,,,,,,,,,,,,,,,,,,,,,,,,,,,,,,,,
2021,410,635982,11,09-18-2021,06:56,18,9,Sep,,5,Benton,0,1,,4,1,2,1,0,2,2,,,,12,0,2,Front-to-Front,,1,0,1,No intersection,5,1,2,4,0,0,0,0,CR-HANKS RD,,-119.8630611,46.27299444,98930,0,2,51,Lateral Move(Going Straight),62,4,50,61,0,0,1,5,12,1,4,2,1,1,Going Straight,1,3,53,,0,53,706,1991,0,0,12,60,54,,,,1,1,48,1,7,1,4,7,19,0,11,0,07/19/2018,14:54,53032516,32516,0,0,0,2,1,39,0,0,0,96,,,,,,99,,,,,,98406,53,70,223,1,1,0,0,1,0,,0,,,,,,3,05-15-2014,02-15-2016,20,8,0,0,0,9,8,,,0,0,0,8,9,2,401,417,,1,1,,2,1,0,,,,,,,,,,,,,,,,,,,,,,,,,,,,,,0,0,0,1,0,0,1,1,0,0,0,0,1,1,1,0,0,0,0,0,0,0,0,0,0,1,0,0,1,1,0,0,0,0,1,0,0,0,0,0,0,0,1,1,0,1,0,1,0,0,1,0,,,,,,46-50,46-55,County road,U,Thursday,,MC,White,1,0,0,0,County Road,County Sheriff,Law Enforcement Support Agency,0,0,1,0,0,,,,,,0,0,2,,,,,,,,,,,,,,,,,,,,,,,,,,,,,,,,,,,
2021,410,635981,11,09-18-2021,06:56,18,9,Sep,,5,Benton,0,1,,4,1,2,1,0,2,2,,,,12,0,2,Front-to-Front,,1,0,1,No intersection,5,1,2,4,0,0,0,0,CR-HANKS RD,,-119.8630611,46.27299444,98930,0,1,50,Lateral Move(Left/Right),10,2,50,4,0,0,1,2,12,1,4,2,1,1,Going Straight,1,2,53,,0,41,51,2014,0,0,12,,,,,,1,1,40,1,0,0,3,0,3,0,11,5,,,,,0,0,0,3,1,0,0,0,0,96,,,,,,0,,,,,,98387,53,72,215,6,1,0,0,1,0,,0,,,,,,0,04-15-2017,04-15-2017,8,0,0,0,8,9,8,,,0,0,0,8,0,8,95,,,96,,,8,95,995,,,,,,,,,,,,,,,,,,,,,,,,,,,,,,0,0,0,1,0,0,0,0,0,0,0,0,1,0,0,0,0,0,0,0,0,0,0,0,0,0,0,0,1,1,0,0,0,0,0,,0,0,0,0,0,0,0,0,0,0,0,0,0,0,0,0,,,,,,36-40,36-45,State route,U,Saturday,Belt Used,PV,Not Fatal,1,0,0,0,State Route,State Patrol,Washington State Patrol,0,1,0,0,0,,,,,,0,0,0,,,,,,,,,,,,,,,,,,,,,,,,,,,,,,,,,,,
2020,410,635154,6,10-13-2020,18:37,13,10,Oct,,25,Grant,0,8,,2,1,2,1,0,3,3,18:36,18:46,19:23,12,0,2,Front-to-Front,3.9,1,0,1,No intersection,3,1,1,3,0,0,0,0,SR-281,,-119.8535056,47.13728333,98848,0,3,98,Others,62,4,60,20,0,0,1,2,12,1,1,2,1,1,Going Straight,1,1,53,,0,72,706,2009,0,0,12,,,,,,1,1,54,1,7,1,4,0,19,0,11,4,07/14/2018,13:36,2.10E+11,31632,0,0,3,3,1,39,0,0,0,96,,,,,,0,,,,,,98445,53,74,240,6,1,0,0,0,0,,0,,,,,,4,,,20,8,0,0,0,9,8,,,0,0,0,8,0,8,95,,,96,,,8,95,995,,,,,,,,,,,,,,,,,,,,,,,,,,,,,,0,0,0,1,0,0,0,0,0,0,0,0,1,0,0,0,0,0,0,0,0,0,0,0,0,0,0,0,1,1,0,0,0,0,1,0,0,0,0,0,0,0,0,0,0,1,0,0,0,0,0,0,,,,,,51-55,46-55,State route,U,Saturday,,MC,White,1,0,0,0,State Route,State Patrol,Washington State Patrol,0,1,0,0,0,,,,,,0,0,0,,,,,,,,,,,,,,,,,,,,,,,,,,,,,,,,,,,
2020,410,635153,6,10-13-2020,18:37,13,10,Oct,,25,Grant,0,8,,2,1,2,1,0,3,3,18:36,18:46,19:23,12,0,2,Front-to-Front,3.9,1,0,1,No intersection,3,1,1,3,0,0,0,0,SR-281,,-119.8535056,47.13728333,98848,0,2,51,Lateral Move(Going Straight),62,4,60,1,0,0,1,2,12,1,1,2,1,1,Going Straight,1,1,53,,0,87,881,2011,0,0,12,,,,,,1,1,50,1,0,0,1,0,3,0,11,0,,,,,6,1,0,3,1,0,0,0,0,96,,,,,,0,,,,,,98203,53,72,240,6,1,0,1,1,0,,0,,,,,,0,02-15-2014,09-15-2014,99,0,0,0,8,9,8,,,0,0,0,8,0,2,1,,,1,,,2,1,0,,,,,,,,,,,,,,,,,,,,,,,,,,,,,,0,0,0,0,0,0,1,1,0,0,0,0,0,0,0,0,0,0,0,0,0,0,0,0,0,1,0,0,0,1,1,0,0,0,0,,0,0,0,0,0,0,0,0,0,0,0,0,0,0,0,0,,,,,,46-50,46-55,State route,R,Tuesday,,MHTRUCK,Not Fatal,0,1,1,0,State Route,State Patrol,Washington State Patrol,0,1,0,0,0,,,,,,0,0,0,,,,,,,,,,,,,,,,,,,,,,,,,,,,,,,,,,,
2020,410,635152,6,10-13-2020,18:37,13,10,Oct,,25,Grant,0,8,,2,1,2,1,0,3,3,18:36,18:46,19:23,12,0,2,Front-to-Front,3.9,1,0,1,No intersection,3,1,1,3,0,0,0,0,SR-281,,-119.8535056,47.13728333,98848,0,1,50,Lateral Move(Left/Right),10,2,60,4,0,0,1,2,12,1,1,2,1,1,Going Straight,1,1,53,,0,20,481,2002,0,0,68,12,,,,,1,1,69,1,7,1,4,7,3,0,11,0,07-03-2018,20:13,53029929,29929,0,0,0,3,1,28,0,0,0,96,,,,,,0,,,,,,98282,53,75,240,6,1,0,0,0,0,,0,,,,,,0,,,8,0,0,0,0,9,8,,,0,0,0,8,0,2,321,351,996,1,1,1,2,1,0,,,,,,,,,,,,,,,,,,,,,,,,,,,,,,0,0,0,0,0,0,1,1,0,0,0,0,0,0,0,0,0,0,0,0,0,0,0,0,0,1,0,0,0,1,1,0,0,0,0,,1,0,0,0,0,0,1,1,0,0,0,0,0,0,1,0,,,,,,66-70,66-75,State route,R,Tuesday,Belt Used,PV,White,0,1,1,0,State Route,State Patrol,Washington State Patrol,0,1,0,0,0,,,,,,0,0,0,,,,,,,,,,,,,,,,,,,,,,,,,,,,,,,,,,,
2019,410,634462,189,11-17-2019,01:04,17,11,Nov,,61,Snohomish,1280,2,0,2,2,2,1,1,1,1,,,,8,0,0,No vehicle,0,1,0,1,No intersection,7,2,4,6,0,0,0,0,61ST ST NE,,-122.1651528,48.05094167,98270,0,1,13,Pedestrian/Animal,80,5,25,6,0,0,1,5,8,1,2,2,1,1,Going Straight,1,2,53,,0,49,40,2014,0,0,12,12,,,,,1,1,71,1,0,0,1,0,3,0,11,4,,,,,0,0,3,3,1,0,0,0,0,96,,,,,,0,,,,,,98026,53,72,200,6,1,0,0,0,0,,0,,,,,,0,,,20,0,0,0,8,9,8,,,0,0,0,8,0,8,95,,,96,,,8,95,995,,,,,,,,,,,,,,,,,,,,,,,,,,,,,,0,0,0,0,0,0,0,0,0,0,0,0,0,0,0,0,1,0,0,0,0,0,0,0,0,1,1,0,0,1,1,0,0,0,0,,0,0,0,0,0,0,0,0,0,0,0,0,0,0,0,0,,,,,,71-75,66-75,Interstate,R,Wednesday,Belt Used,PV,Not Fatal,0,0,0,0,State Route,State Patrol,Washington State Patrol,0,1,0,0,0,,,,,,0,0,0,,,,,,,,,,,,,,,,,,,,,,,,,,,,,,,,,,,
2018,410,633682,42,11-03-2018,19:45,3,11,Nov,0,67,Thurston,0,2,0,2,2,2,1,0,3,2,,,,12,0,2,Front-to-Front,4.8,1,0,1,No intersection,7,1,2,4,0,0,0,0,CR-188TH AVE SW,,-123.1019278,46.81454167,98579,0,2,51,Lateral Move(Going Straight),62,4,35,2,0,0,1,7,12,1,1,2,1,1,Going Straight,1,1,53,,0,55,401,2011,0,0,12,12,,,,,1,1,64,2,7,1,4,7,3,0,11,0,07/18/2018,13:10,53031973,31973,0,0,0,3,1,0,0,0,0,96,,,,,,0,,,,,,98271,53,69,190,6,1,0,0,0,0,,0,,,,,,0,,,1,0,0,0,0,9,8,,,0,0,0,8,0,2,1,,,1,,,2,1,0,,,,,,,,,,,,,,,,,,,,,,,,,,,,,,0,0,0,0,0,0,0,0,0,0,0,0,0,0,0,0,1,0,0,0,0,0,0,0,0,1,1,0,0,1,1,0,0,0,0,,1,0,0,0,0,0,0,0,0,0,0,0,0,0,0,0,,,,,,61-65,56-65,Interstate,R,Wednesday,Belt Used,PV,White,0,0,0,0,State Route,State Patrol,Washington State Patrol,0,1,0,0,0,,,,,,0,0,0,,,,,,,,,,,,,,,,,,,,,,,,,,,,,,,,,,,
2018,410,633681,42,11-03-2018,19:45,3,11,Nov,0,67,Thurston,0,2,0,2,2,2,1,0,3,2,,,,12,0,2,Front-to-Front,4.8,1,0,1,No intersection,7,1,2,4,0,0,0,0,CR-188TH AVE SW,,-123.1019278,46.81454167,98579,0,1,50,Lateral Move(Left/Right),10,2,35,80,0,0,1,7,12,1,1,2,1,6,Others,2,1,53,,0,85,881,2005,0,0,12,12,,,,,1,1,30,1,0,0,0,0,3,0,11,0,,,,,99,9,9,9,1,0,0,0,0,93,,,,,,0,,,,,,0,95,,999,9,9,99,99,99,99,,97,,,,,,0,,,20,0,0,0,8,9,2,,,0,0,0,0,0,8,95,,,96,,,8,95,995,,,,,,,,,,,,,,,,,,,,,,,,,,,,,,0,0,0,0,0,0,0,0,0,0,0,0,0,0,0,0,1,0,0,0,0,0,0,0,0,1,1,0,0,1,1,0,0,0,0,,0,0,0,0,0,0,0,0,1,0,0,0,0,0,0,0,,,,,,26-30,26-35,Interstate,R,Wednesday,,MHTRUCK,Not Fatal,0,0,0,0,State Route,State Patrol,Washington State Patrol,0,1,0,0,0,,,,,,99,99,99,,,,,,,,,,,,,,,,,,,,,,,,,,,,,,,,,,,
2017,410,632876,39,10-01-2017,01:15,1,10,Oct,0,61,Snohomish,0,2,0,2,2,2,1,0,2,1,,,,42,0,0,No vehicle,10.7,1,0,1,No intersection,5,1,2,4,0,0,0,0,CR-MOUNTAIN LOOP HWY,,-121.7870889,48.09483889,98252,0,1,2,Control/Traction Loss,6,1,35,14,0,0,1,2,1,1,1,2,1,1,Going Straight,2,1,53,,0,76,705,2009,0,0,12,,,,,,1,1,22,1,0,0,0,0,5,0,11,0,,,,,99,9,9,9,1,0,0,0,0,96,,,,,,0,,,,,,0,95,,999,9,9,99,99,99,99,,0,,,,,,0,,,20,8,0,0,8,9,8,,,0,0,0,8,0,8,95,,,96,,,8,95,995,,,,,,,,,,,,,,,,,,,,,,,,,,,,,,0,0,0,0,1,1,1,1,1,0,0,0,1,0,0,0,0,0,0,0,0,0,0,1,1,0,0,0,1,1,0,0,0,0,0,0,0,0,0,0,0,0,0,0,0,0,0,0,0,0,0,0,,,,,,21-25,16-25,Interstate,U,Thursday,,MC,Not Fatal,0,0,0,0,State Route,State Patrol,Washington State Patrol,0,1,0,0,0,,,,,,99,99,99,,,,,,,,,,,,,,,,,,,,,,,,,,,,,,,,,,,
2021,411,635984,7,10-07-2021,12:43,7,10,Oct,,33,King,2310,1,,1,1,2,1,0,2,2,,,,12,0,6,Angle,0.8,1,0,1,No intersection,3,2,1,3,0,0,0,0,SR-900,,-122.2719944,47.49837778,98178,0,2,98,Others,60,4,60,20,0,0,1,2,12,1,2,2,2,1,Going Straight,1,1,53,,0,30,46,2000,0,0,12,64,1,,,,1,1,21,1,0,0,2,0,3,0,11,5,,,,,0,0,0,3,1,91,0,0,0,96,,,,,,9,,,,,,98248,53,67,145,6,1,0,0,0,2,,1,,,,,,3,08-15-2014,02-15-2017,8,0,0,0,8,9,8,,,0,0,0,8,1,2,605,695,,1,1,,2,1,0.14,,,,,,,,,,,,,,,,,,,,,,,,,,,,,,0,0,0,0,1,1,1,1,1,0,0,0,1,0,0,0,0,0,0,0,0,0,0,1,1,0,0,0,1,1,0,0,0,0,0,,0,0,0,0,0,1,1,1,0,1,0,0,0,0,0,1,,,,,,21-25,16-25,Interstate,U,Thursday,Belt Used,PV,Not Fatal,0,0,0,0,State Route,State Patrol,Washington State Patrol,0,1,0,0,0,thc,3.6,carboxy-thc,38,,1,0,0,,,,,,,,,,,,,,,,,,,,,,,,,,,,,,,,,,,
2021,411,635983,7,10-07-2021,12:43,7,10,Oct,,33,King,2310,1,,1,1,2,1,0,2,2,,,,12,0,6,Angle,0.8,1,0,1,No intersection,3,2,1,3,0,0,0,0,SR-900,,-122.2719944,47.49837778,98178,0,1,98,Others,10,2,98,34,0,0,1,2,12,1,2,2,2,12,Others,1,1,53,,0,32,401,2018,0,0,8,,,,,,1,1,34,1,0,0,0,0,3,0,11,0,,,,,0,0,0,3,1,0,0,0,0,0,,,,,,99,,,,,,98272,53,71,160,6,1,0,0,1,1,,0,,,,,,0,03-15-2014,10-15-2017,20,0,0,0,8,9,2,,,0,0,0,0,0,2,1,,,1,,,2,1,0,,,,,,,,,,,,,,,,,,,,,,,,,,,,,,0,0,0,0,0,0,0,0,0,0,0,0,0,0,0,0,0,0,0,0,0,0,0,0,0,0,0,0,0,1,0,1,0,0,0,,0,0,0,0,0,0,0,0,0,0,0,0,0,0,0,0,,,,,,31-35,26-35,State route,U,Tuesday,Belt Used,PV,Not Fatal,0,0,0,0,State Route,State Patrol,Washington State Patrol,0,1,0,0,0,,,,,,0,0,0,,,,,,,,,,,,,,,,,,,,,,,,,,,,,,,,,,,
2020,411,635156,2,10-16-2020,20:50,16,10,Oct,,57,Skagit,0,2,,3,2,2,1,0,3,2,,,,12,0,6,Angle,4.1,2,0,2,4 Way,5,1,1,3,0,0,0,0,SR-11,FIELD RD,-122.3913917,48.53039167,98232,0,2,88,Striking from the Left,66,4,55,34,0,0,1,2,12,1,1,2,1,1,Going Straight,2,2,53,,0,20,481,1985,0,0,9,14,,,,,1,1,50,2,0,0,0,0,99,0,11,0,,,,,0,0,0,2,1,38,0,0,0,93,,,,,,99,,,,,,98178,53,61,130,1,1,0,0,1,1,,97,,,,,,0,08-15-2016,08-15-2016,20,0,0,0,8,9,8,,,0,0,0,8,9,8,95,,,96,,,8,95,995,,,,,,,,,,,,,,,,,,,,,,,,,,,,,,0,0,0,0,0,0,0,0,0,0,0,0,0,1,0,0,1,0,1,0,0,0,0,0,0,0,0,0,0,1,0,0,1,0,0,,0,0,0,0,0,0,0,0,1,0,1,1,0,0,0,0,,,,,,46-50,46-55,County road,U,Saturday,Unknown,PV,Not Fatal,0,0,0,0,County Road,County Sheriff,King County Police,0,0,1,0,0,,,,,,0,0,0,,,,,,,,,,,,,,,,,,,,,,,,,,,,,,,,,,,
2020,411,635155,2,10-16-2020,20:50,16,10,Oct,,57,Skagit,0,2,,3,2,2,1,0,3,2,,,,12,0,6,Angle,4.1,2,0,2,4 Way,5,1,1,3,0,0,3,3,SR-11,FIELD RD,-122.3913917,48.53039167,98232,0,1,89,Others,17,2,35,4,0,0,1,2,12,1,1,2,1,1,Going Straight,1,1,53,,0,2,404,2016,0,0,64,67,35,1,,,1,1,44,1,7,1,4,7,3,0,11,0,07-11-2018,13:51,2.22E+11,30801,0,0,0,3,1,0,0,0,0,96,,,,,,0,,,,,,98953,53,70,220,6,1,0,0,0,0,,0,,,,,,0,,,8,0,0,0,0,9,8,,,0,0,0,8,0,8,95,,,96,,,8,95,995,,,,,,,,,,,,,,,,,,,,,,,,,,,,,,0,0,1,0,0,0,0,0,0,0,0,0,0,0,0,0,0,0,0,0,0,0,0,0,0,0,0,0,0,1,0,0,0,0,0,,1,0,0,0,0,0,0,0,0,0,0,0,0,0,0,0,,,,,,41-45,36-45,Interstate,U,Wednesday,Belt Used,PV,White,0,1,0,0,State Route,State Patrol,Washington State Patrol,1,1,0,0,0,,,,,,0,0,0,,,,,,,,,,,,,,,,,,,,,,,,,,,,,,,,,,,
2019,411,634463,2,11-05-2019,17:15,5,11,Nov,,73,Whatcom,1210,10,0,3,1,2,1,1,1,1,,,,8,0,0,No vehicle,0,1,0,1,No intersection,7,2,4,6,0,0,0,0,4TH ST,,-122.4526056,48.94421111,98264,0,1,13,Pedestrian/Animal,80,5,25,34,0,0,1,7,8,1,1,2,1,1,Going Straight,1,1,53,,0,82,881,2011,0,0,12,68,64,1,,,1,1,29,1,0,0,1,0,2,0,11,0,,,,,6,1,0,3,1,0,0,0,0,96,,,,,,0,,,,,,99344,53,69,205,6,1,0,0,0,1,,0,,,,,,0,11-15-2014,11-15-2014,20,0,0,0,8,9,8,,,0,0,0,8,0,8,95,,,96,,,8,95,995,,,,,,,,,,,,,,,,,,,,,,,,,,,,,,0,0,0,1,0,0,1,1,1,0,0,0,0,0,0,0,1,0,1,0,0,0,0,0,0,0,0,0,0,1,1,0,0,0,0,,0,0,0,0,0,0,0,0,0,0,0,0,0,0,0,0,,,,,,26-30,26-35,County road,R,Monday,,MHTRUCK,Not Fatal,1,0,0,0,County Road,County Sheriff,Grant County Sheriff's Office,0,0,1,0,0,,,,,,0,0,0,,,,,,,,,,,,,,,,,,,,,,,,,,,,,,,,,,,
2018,411,633631,7,10-08-2018,20:33,8,10,Oct,7,33,King,0,2,0,3,2,1,1,0,1,1,,,,42,0,0,No vehicle,31.3,1,0,1,No intersection,1,1,1,1,0,0,0,0,I-90,,-121.7525917,47.47357222,98045,0,1,6,Drive off road,12,2,70,34,0,0,1,2,42,1,2,3,2,1,Going Straight,1,1,53,,0,12,24,2013,0,0,12,,,,,,1,1,31,2,1,1,4,7,3,0,11,0,07-09-2018,07:36,53029981,29981,0,0,0,3,1,38,39,0,0,93,,,,,,0,,,,,,98857,53,64,239,6,1,0,1,1,1,,0,,,,,,0,10-15-2014,02-15-2018,8,0,0,0,0,9,8,,,0,0,0,8,0,2,695,,,1,,,2,1,0,,,,,,,,,,,,,,,,,,,,,,,,,,,,,,0,0,0,1,0,0,1,1,1,0,0,0,0,0,0,0,1,0,1,0,0,0,0,0,0,0,0,0,0,1,1,0,0,0,0,,1,0,0,0,0,0,1,1,1,0,1,0,0,0,1,0,,,,,,31-35,26-35,County road,R,Monday,Belt Used,PV,Hispanic,1,0,0,0,County Road,County Sheriff,Grant County Sheriff's Office,0,0,1,0,0,,,carboxy-thc,7.9,,0,0,2,,,,,,,,,,,,,,,,,,,,,,,,,,,,,,,,,,,
2017,411,632884,25,10-03-2017,10:54,3,10,Oct,0,33,King,0,1,0,1,1,1,1,0,1,1,,,,42,0,0,No vehicle,5,1,0,1,No intersection,6,1,2,4,0,0,0,0,CR-SE KENT KANGLEY RD,,-121.9173917,47.35793056,98051,0,1,2,Control/Traction Loss,9,1,45,4,0,0,1,2,42,1,2,2,1,1,Going Straight,1,2,53,,0,20,25,2016,0,0,63,8,,,,,1,1,29,2,0,0,0,0,99,0,11,0,,,,,0,0,0,0,1,91,0,0,0,96,,,,,,2,,,,,,98328,53,63,120,0,0,0,0,0,0,,1,7,,,,,0,02-15-2018,02-15-2018,20,0,0,0,8,9,8,,,0,0,0,8,9,8,95,,,96,,,8,95,995,,,,,,,,,,,,,,,,,,,,,,,,,,,,,,0,0,0,0,0,0,0,0,0,0,0,0,0,1,0,1,0,0,0,0,0,0,0,0,0,0,0,0,0,1,0,1,0,0,0,,0,0,0,0,0,0,0,0,0,0,0,1,0,0,0,0,,,,,,26-30,26-35,County road,R,Saturday,Unknown,PV,Not Fatal,0,0,0,0,County Road,County Sheriff,Kitsap County Sheriff's Office,0,0,1,0,0,,,,,,0,0,1,,,,,,,,,,,,,,,,,,,,,,,,,,,,,,,,,,,
2019,412,634464,2,11-14-2019,06:50,14,11,Nov,,73,Whatcom,150,1,0,3,1,2,1,0,1,1,,,,59,0,0,No vehicle,276.4,1,0,1,No intersection,1,2,1,1,0,0,0,0,I-5,,-122.75365,48.99938056,98230,0,1,2,Control/Traction Loss,6,1,98,4,0,0,1,7,25,2,1,3,3,14,Making a U turn,1,2,8,,0,63,402,2013,0,0,63,1,,,,,1,1,73,1,7,1,4,7,3,0,11,0,07-11-2018,01:55,53031574,31574,0,0,3,3,1,0,0,0,0,93,,,,,,99,,,,,,98270,53,72,202,6,1,0,0,0,0,,0,,,,,,0,,,1,0,0,0,0,9,8,,,0,0,0,8,9,2,605,,,1,,,2,1,0,,,,,,,,,,,,,,,,,,,,,,,,,,,,,,0,0,1,0,0,0,1,1,1,0,0,0,0,0,0,0,1,0,0,0,0,0,0,0,0,1,1,0,0,1,0,0,0,0,0,,1,0,0,0,0,0,1,1,1,0,0,0,0,0,1,0,,,,,,71-75,66-75,US highway,R,Wednesday,Belt Used,PV,White,0,1,0,0,State Route,State Patrol,Washington State Patrol,1,1,0,0,0,thc,1.6,,,,0,0,0,,,,,,,,,,,,,,,,,,,,,,,,,,,,,,,,,,,
2021,412,635988,222,10-06-2021,10:05,6,10,Oct,,67,Thurston,1590,1,,1,2,2,2,0,6,4,,,,12,0,6,Angle,0,2,0,2,4 Way,4,2,4,6,0,0,3,3,COOPER POINT RD SW,Capitol Mall Dr SW,-122.9391778,47.03991944,98512,0,4,98,Others,98,7,98,14,0,0,1,5,12,8,8,4,1,5,Others,2,1,53,,0,87,881,2015,0,0,8,,,,,,1,1,57,1,0,0,0,0,3,0,11,0,,,,,6,1,0,3,1,0,0,0,0,96,,,,,,0,,,,,,98201,53,67,150,6,1,0,0,0,1,,0,,,,,,0,12-15-2014,12-15-2014,20,0,0,0,8,9,2,,,0,0,0,0,0,0,0,,,0,,,8,95,995,,,,,,,,,,,,,,,,,,,,,,,,,,,,,,0,0,0,0,0,0,0,0,0,1,0,1,0,0,0,0,0,0,0,0,0,0,0,0,0,0,0,0,0,0,1,1,0,0,0,,0,0,0,0,0,0,0,0,0,0,0,0,0,0,0,0,,,,,,56-60,56-65,Interstate,U,Wednesday,,MHTRUCK,Not Fatal,0,0,0,0,State Route,State Patrol,Washington State Patrol,0,1,0,0,0,,,,,,0,0,0,,,,,,,,,,,,,,,,,,,,,,,,,,,,,,,,,,,