year,something,Cases,repjur,crash_dt,crash_tm,accday,Month,Month,holiday,county,co_char,city,weather,weather2,lightcond,surfcond,surftype,Number of Fatalities,nmforms,pforms,vforms,not_tm,arr_tm,hosp_tm,fhevent,hitrun,Manner of Collision,Manner of Collision,milepnt,reljunc,reljuncinter,intersectiontype,Intersection Type,funcsystem,landuse,ownership,route,schlbus,spejur,contdev,devfunc,trafid1,trafid2,x,y,zipcode,wk_zone,vnumber,crashtype,Crash Type,criticalevent,criticaleventcat,spdlim,body,trailer,emerg,hazcargo,leave,mhevent,roadalgn,roadprof,traflane,trafflow,Vehicle Manure,Vehicle Manure,numoccs,regowner,regstate,,spuse,make,model,modelyr,vrf1,vrf2,seqevent1,seqevent2,seqevent3,seqevent4,seqevent5,seqevent6,pnumber,ptype,age,sex,hispanic,race,injury,diedscene,restraint,restraintmisuse,seatpos,takehosp,death_dt,death_tm,cert,cernum_wa,commlic,licendor,licrestrict,liccomp,drivpres,drf1,drf2,drf3,drf4,distract1,distract2,distract3,distract4,distract5,distract6,dricond1,dricond2,dricond3,dricond4,dricond5,dricond6,dzip,licstate,drhgt_in,weight,noncdl,noncdltype,prevdwi,prevoth,prevacc,prevspd,prevsus,driviol1,driviol2,driviol3,driviol4,driviol5,driviol6,spdrel,first_dt,last_dt,airbag,ejection,ejectpath,extricat,injurwrk,methalc,methdrug,nmlocat,strikveh,prf1,prf2,prf3,druginv,alcinvol,drugsts,drugres1,drugres2,drugres3,drugtst1,drugtst2,drugtst3,alcsts,alctst,alcres,nmact1,nmact2,nmact3,nmact4,nmact5,nmact6,nmprior1,nmprior2,nmprior3,nmprior4,nmprior5,nmprior6,nmcond1,nmcond2,nmcond3,nmcond4,nmcond5,nmcond6,nmsafe_helmet,nmsafe_pads,nmsafe_oth,nmprev_ref,nmprev_lgt,nmprev_oth,crashlocation,nmcrashtype,crosswalk,schoolzone,sidewalk,train_inv,wildlife_inv,rotr_fars,intersect_fars,Drink and Drive,aid_inv,Drug Positive Drivers,Impaired Drivers,Marijuana Positive,impnm_inv,ainm_inv,dpnm_inv,speed_inv,unlic_inv,unendmc_inv,drowsy_inv,drdist_inv,nmdist_inv,fty_inv,unrestfat_inv,dr1617_inv,dr1820_inv,dr1620_inv,dr2125_inv,dr1625_inv,dr65_inv,dr70_inv,dr75_inv,mc_inv,pv_inv,ht_inv,ped_inv,bike_inv,unrest_fat,mc_fat,unhelmet_mc,pv_fat,ht_fat,ped_fat,bike_fat,dr_alc7,dr_alc8,dr_drug,dr_imp,dr_dist,dr_spd,dr_fty,dr_unlic,dr_alc7only,dr_alc8only,dr_drugonly,dr_drink,nm_imp,nm_alc7,nm_alc8,nm_drug,nm_dist,agegrp1,agegrp2,roadclass,urbrur,dayweek,restuse,vehtype,race_me,intersect,lanedep,oppdir,wrongway,rep_typ,investag,repag_long,rotr,st_rd,cty_rd,city_rd,oth_rd,drug_thc,thc_res,drug_cthc,cthc_res,drug_cann,prevpersemin,prevperse,prevsusoth,drugtst4,drugtst5,drugtst6,drugtst7,drugtst8,drugres4,drugres5,drugres6,drugres7,drugres8,adspresent,adsengaged,adslevel,race1,race2,race3,race4,race5,helmet,helmetmisuse,nmdistract1,nmdistract2,nmdistract3,nmdistract4,nmdistract5,nmdistract6,lab,isedtcase,crf1,crf2,crf3,CoRoadName,CoMP,IntCoRoadName,IntCoMP
2021,412,635987,222,10-06-2021,10:05,6,10,Oct,,67,Thurston,1590,1,,1,2,2,2,0,6,4,,,,12,0,6,Angle,0,2,0,2,4 Way,4,2,4,6,0,0,20,3,COOPER POINT RD SW,Capitol Mall Dr SW,-122.9391778,47.03991944,98512,0,3,98,Others,54,3,98,14,0,0,1,5,12,8,8,4,1,5,Others,1,2,53,,0,77,706,2006,0,0,12,,,,,,1,1,57,1,7,1,4,7,19,0,11,0,07-12-2018,21:21,10053033561,33561,0,0,3,3,1,0,0,0,0,96,,,,,,0,,,,,,98001,53,68,160,6,1,0,0,0,0,,0,,,,,,0,,,20,8,0,0,0,9,8,,,0,0,0,8,9,2,1,,,1,,,2,1,0,,,,,,,,,,,,,,,,,,,,,,,,,,,,,,0,0,0,0,0,0,1,1,1,0,0,0,0,1,0,0,0,0,1,0,0,0,0,0,0,0,0,0,1,1,0,0,0,0,1,0,0,0,0,0,0,0,0,0,0,0,0,0,0,0,0,0,,,,,,56-60,56-65,City street,U,Thursday,,MC,White,0,0,0,0,City Street,Municipal/City Police,Auburn Police Department,0,0,0,1,0,,,,,,0,0,0,,,,,,,,,,,,,,,,,,,,,,,,,,,,,,,,,,,
2021,412,635986,222,10-06-2021,10:05,6,10,Oct,,67,Thurston,1590,1,,1,2,2,2,0,6,4,,,,12,0,6,Angle,0,2,0,2,4 Way,4,2,4,6,0,0,3,3,COOPER POINT RD SW,Capitol Mall Dr SW,-122.9391778,47.03991944,98512,0,2,89,Others,66,4,98,5,0,0,1,5,12,8,8,5,1,1,Going Straight,2,1,53,,0,20,471,1994,0,0,12,,,,,,1,1,34,1,0,0,0,0,99,0,11,0,,,,,0,0,0,0,1,10,38,0,0,96,,,,,,0,,,,,,93140,6,69,208,0,0,0,0,0,0,,46,72,,,,,0,,,20,0,0,0,8,9,8,,,0,0,0,8,0,2,605,695,,1,1,,2,1,0,,,,,,,,,,,,,,,,,,,,,,,,,,,,,,0,0,0,0,0,0,1,1,1,0,0,0,0,1,0,0,0,0,1,0,0,0,0,0,0,0,0,0,1,1,0,0,0,0,0,,0,0,0,0,0,0,1,1,0,0,1,1,0,0,1,0,,,,,,31-35,26-35,City street,U,Thursday,Unknown,PV,Not Fatal,0,0,0,0,City Street,Municipal/City Police,Auburn Police Department,0,0,0,1,0,thc,2.6,carboxy-thc,9.9,,0,0,0,,,,,,,,,,,,,,,,,,,,,,,,,,,,,,,,,,,
2021,412,635985,222,10-06-2021,10:05,6,10,Oct,,67,Thurston,1590,1,,1,2,2,2,0,6,4,,,,12,0,6,Angle,0,2,0,2,4 Way,4,2,4,6,0,0,3,3,COOPER POINT RD SW,Capitol Mall Dr SW,-122.9391778,47.03991944,98512,0,1,88,Striking from the Left,17,2,98,14,0,0,1,5,12,8,8,4,1,1,Going Straight,1,1,53,,0,35,472,2005,0,0,63,42,1,,,,1,1,30,1,7,1,4,7,3,0,11,0,07/16/2018,00:00,1.73E+11,31766,0,0,0,3,1,0,0,0,0,96,,,,,,99,,,,,,98311,53,71,180,6,1,0,0,0,1,,0,,,,,,0,05-15-2015,05-15-2015,20,0,0,0,0,9,8,,,0,0,0,8,9,2,401,417,,1,1,,2,1,0,,,,,,,,,,,,,,,,,,,,,,,,,,,,,,0,0,1,1,0,0,1,1,0,0,0,0,0,0,0,0,0,0,0,0,0,0,0,0,0,0,0,0,0,1,0,0,0,0,0,,1,0,0,0,0,0,1,1,0,0,0,0,0,0,1,0,,,,,,26-30,26-35,County road,U,Monday,Belt Used,PV,White,0,1,0,0,County Road,County Sheriff,Kitsap County Sheriff's Office,1,0,1,0,0,,,,,,0,0,0,,,,,,,,,,,,,,,,,,,,,,,,,,,,,,,,,,,
2020,412,635157,40,10-11-2020,02:12,11,10,Oct,,63,Spokane,0,1,,2,1,2,1,0,4,1,02:24,02:39,03:14,35,0,0,No vehicle,0.2,3,0,10,L Intersection,5,2,2,4,0,0,9,3,CR-N FORKER RD,E FORKER RIDGE LN,-117.2076056,47.71225556,99216,0,1,14,Others,11,2,98,34,0,0,1,2,35,1,8,2,1,1,Going Straight,4,0,53,,0,12,401,2010,0,0,8,,,,,,1,1,48,2,0,0,0,0,99,0,11,0,,,,,0,0,0,3,1,0,0,0,0,96,,,,,,9,,,,,,99016,53,60,145,6,1,0,0,0,0,,97,,,,,,0,,,20,0,0,0,8,9,8,,,0,0,0,8,1,2,996,,,1,,,2,1,0.045,,,,,,,,,,,,,,,,,,,,,,,,,,,,,,0,0,0,0,1,0,1,1,0,1,1,0,0,0,0,0,0,0,0,0,0,0,0,0,0,0,0,0,0,1,0,1,0,0,0,,0,0,0,0,1,0,1,1,0,0,0,0,0,0,0,1,,,,,,46-50,46-55,County road,R,Saturday,Unknown,PV,Not Fatal,0,0,0,0,County Road,County Sheriff,Spokane County Sheriff's Office,0,0,1,0,0,,,,,,0,0,0,,,,,,,,,,,,,,,,,,,,,,,,,,,,,,,,,,,
2018,412,633683,173,11-14-2018,12:28,14,11,Nov,0,53,Pierce,1124,10,0,1,1,2,1,1,1,1,,,,8,0,0,No vehicle,0,3,0,3,T Intersection,7,2,4,6,0,0,3,3,BRIDGEPORT WAY SW,86TH ST SW,-122.5181056,47.17949722,98499,0,1,1,Driver Off Road,98,7,35,14,0,0,1,5,8,1,1,4,1,1,Going Straight,1,1,53,,0,35,47,2008,0,0,68,64,42,1,,,1,1,26,2,0,0,3,0,3,0,11,8,,,,,0,0,3,2,1,0,0,0,0,96,,,,,,99,,,,,,98664,53,65,200,1,1,0,0,0,0,,97,,,,,,4,07-15-2013,06-15-2018,1,0,0,1,8,9,8,,,0,0,0,8,9,2,348,605,695,1,1,1,2,1,0,,,,,,,,,,,,,,,,,,,,,,,,,,,,,,0,0,0,0,0,0,1,1,1,0,0,0,1,1,0,0,0,0,0,0,0,0,0,0,0,0,0,0,0,1,0,0,0,0,0,,0,0,0,0,0,0,1,1,0,1,0,1,0,0,1,0,,,,,,26-30,26-35,County road,R,Thursday,Belt Used,PV,Not Fatal,0,1,0,0,County Road,County Sheriff,Clark County Sheriff's Office,1,0,1,0,0,thc,4.1,carboxy-thc,120,,0,0,2,,,,,,,,,,,,,,,,,,,,,,,,,,,,,,,,,,,
2017,412,632913,7,09-29-2017,22:48,29,9,Sep,0,33,King,2310,10,0,3,1,2,1,0,6,2,,,,24,0,0,No vehicle,1.6,1,0,1,No intersection,3,2,1,3,0,0,0,0,SR-599,,-122.2827972,47.49543889,98168,0,2,98,Others,50,3,60,15,0,0,1,5,12,2,8,2,3,14,Making a U turn,5,1,53,,0,54,31,1996,0,0,9,,,,,,1,1,21,1,0,0,0,0,3,0,11,0,,,,,0,0,0,3,1,0,0,0,0,96,,,,,,0,,,,,,98632,53,68,140,6,1,0,0,0,0,,0,,,,,,0,,,20,0,0,0,8,9,2,,,0,0,0,0,1,8,95,,,96,,,8,95,995,,,,,,,,,,,,,,,,,,,,,,,,,,,,,,0,0,0,0,1,0,0,0,0,0,0,0,0,0,0,0,0,0,0,0,0,0,0,1,1,0,0,0,0,1,0,0,1,0,0,,0,0,0,0,0,0,0,0,0,0,0,0,0,0,0,1,,,,,,21-25,16-25,State route,U,Thursday,Belt Used,PV,Not Fatal,0,0,0,0,State Route,State Patrol,Washington State Patrol,0,1,0,0,0,,,,,,0,0,0,,,,,,,,,,,,,,,,,,,,,,,,,,,,,,,,,,,
2017,412,632912,7,09-29-2017,22:48,29,9,Sep,0,33,King,2310,10,0,3,1,2,1,0,6,2,,,,24,0,0,No vehicle,1.6,1,0,1,No intersection,3,2,1,3,0,0,0,0,SR-599,,-122.2827972,47.49543889,98168,0,1,7,Control/Traction Loss,10,2,60,80,0,0,1,2,24,2,8,2,3,14,Making a U turn,1,1,53,,0,20,461,1991,0,0,68,64,24,69,68,63,1,1,34,1,0,0,0,0,3,0,11,0,,,,,0,0,0,3,1,91,0,0,0,96,,,,,,1,,,,,,98512,53,75,280,6,1,0,0,0,1,,2,,,,,,0,04-15-2016,04-15-2016,20,0,0,0,8,9,2,,,0,0,0,0,0,8,95,,,96,,,8,95,995,,,,,,,,,,,,,,,,,,,,,,,,,,,,,,0,0,1,0,0,0,0,0,0,0,0,0,0,0,0,0,0,0,0,0,0,0,0,0,0,0,0,0,0,1,0,1,0,0,0,,0,0,0,0,0,0,0,0,0,0,0,0,0,0,0,0,,,,,,31-35,26-35,City street,U,Friday,Belt Used,PV,Not Fatal,0,1,0,0,City Street,State Patrol,Washington State Patrol,1,0,0,1,0,,,,,,0,0,0,,,,,,,,,,,,,,,,,,,,,,,,,,,,,,,,,,,
2021,413,635990,4,10-09-2021,11:30,9,10,Oct,,63,Spokane,0,1,,1,1,2,1,0,3,2,,,,12,0,1,Front-to-Rear,295.2,1,0,1,No intersection,1,2,1,1,0,0,0,0,I-90,,-117.0856944,47.68168333,99019,0,2,29,Others,53,3,70,4,0,0,1,5,12,1,1,2,3,2,Others,1,1,16,,0,72,706,2017,0,0,63,24,,,,,1,1,48,1,7,1,4,7,5,0,11,0,07-01-2018,14:30,1.00E+11,29262,6,0,3,3,1,0,0,0,0,96,,,,,,99,,,,,,97214,41,68,210,6,1,0,0,0,0,,0,,,,,,0,,,20,8,0,0,0,9,8,,,0,0,0,8,9,2,1,,,1,,,2,1,0.19,,,,,,,,,,,,,,,,,,,,,,,,,,,,,,0,0,1,0,1,1,0,1,0,0,0,0,0,0,0,0,0,0,0,0,0,0,0,0,0,0,0,0,1,0,0,0,0,0,1,0,0,0,0,0,0,1,0,1,0,0,0,0,0,1,0,1,,,,,,46-50,46-55,Interstate,U,Sunday,,MC,White,0,1,0,0,State Route,State Patrol,Washington State Patrol,1,1,0,0,0,,,,,,0,0,0,,,,,,,,,,,,,,,,,,,,,,,,,,,,,,,,,,,
2017,413,3658425,344,09-25-2017,13:33,25,9,Sep,0,77,Yakima,0,1,0,1,1,2,1,0,2,2,,,,12,0,6,Angle,9999.9,2,0,2,4 Way,5,1,2,4,0,3,20,3,CR-BRANCH RD,MCKINLEY RD,-120.3964556,46.40433333,98948,0,1,89,Others,17,2,50,6,0,0,1,2,12,1,1,2,1,1,Going Straight,1,1,53,,0,85,881,2003,0,0,12,,,,,,1,1,42,1,0,0,0,0,3,0,11,0,,,,,6,1,0,3,1,0,0,0,0,96,,,,,,0,,,,,,98936,53,70,240,6,1,0,1,0,0,,0,,,,,,0,08-15-2016,08-15-2016,20,0,0,0,8,9,8,,,0,0,0,8,0,8,95,,,96,,,8,95,995,,,,,,,,,,,,,,,,,,,,,,,,,,,,,,0,0,0,0,0,0,0,0,0,0,0,0,0,1,0,0,1,0,0,1,0,0,0,0,0,0,0,0,0,1,1,0,0,0,0,,0,0,0,0,0,0,0,0,0,0,0,0,0,0,0,0,,,,,,41-45,36-45,County road,R,Saturday,,MHTRUCK,Not Fatal,0,1,1,0,County Road,County Sheriff,Yakima County Sheriff's Office,0,0,1,0,0,,,,,,0,0,0,,,,,,,,,,,,,,,,,,,,,,,,,,,,,,,,,,,
2017,413,3658425,344,09-25-2017,13:33,25,9,Sep,0,77,Yakima,0,1,0,1,1,2,1,0,2,2,,,,12,0,6,Angle,9999.9,2,0,2,4 Way,5,1,2,4,0,3,0,0,CR-BRANCH RD,MCKINLEY RD,-120.3964556,46.40433333,98948,0,2,88,Striking from the Left,66,4,50,66,1,0,1,2,12,1,1,2,1,1,Going Straight,1,1,53,,0,12,422,2003,0,0,68,12,,,,,1,1,30,1,7,3,4,7,20,0,11,0,07/14/2018,08:30,53031565,31565,0,0,3,2,1,28,0,0,0,93,,,,,,99,,,,,,98951,53,71,215,1,1,0,1,0,0,,0,,,,,,0,10-15-2016,01-15-2017,8,0,0,0,0,9,8,,,0,0,0,8,9,8,95,,,96,,,8,95,995,,,,,,,,,,,,,,,,,,,,,,,,,,,,,,0,0,0,0,0,0,0,0,0,0,0,0,0,1,0,0,1,0,0,1,0,0,0,0,0,0,0,0,0,1,1,0,0,1,0,,1,0,0,0,0,0,0,0,1,0,0,1,0,0,0,0,,,,,,26-30,26-35,County road,R,Saturday,Not Used,PV,AIAN,0,1,1,0,County Road,County Sheriff,Yakima County Sheriff's Office,0,0,1,0,0,,,,,,0,0,1,,,,,,,,,,,,,,,,,,,,,,,,,,,,,,,,,,,
2021,413,635989,4,10-09-2021,11:30,9,10,Oct,,63,Spokane,0,1,,1,1,2,1,0,3,2,,,,12,0,1,Front-to-Rear,295.2,1,0,1,No intersection,1,2,1,1,0,0,0,0,I-90,,-117.0856944,47.68168333,99019,0,1,28,Others,52,3,70,80,0,0,1,2,12,1,1,2,3,1,Going Straight,2,1,53,,0,59,31,2000,0,0,12,,,,,,1,1,63,2,0,0,1,0,3,0,11,5,,,,,0,0,3,3,1,0,0,0,0,96,,,,,,0,,,,,,98092,53,64,140,6,1,0,0,1,0,,0,,,,,,0,11-15-2013,11-15-2013,1,0,0,0,8,9,8,,,0,0,0,8,8,8,95,,,96,,,8,95,995,,,,,,,,,,,,,,,,,,,,,,,,,,,,,,0,0,0,0,0,0,0,0,0,0,0,0,0,0,0,0,0,0,1,0,0,0,0,0,0,1,1,1,0,1,0,0,0,0,0,,0,0,0,0,0,0,0,0,0,0,0,0,0,0,0,0,,,,,,61-65,56-65,County road,R,Friday,Belt Used,PV,Not Fatal,1,0,0,0,County Road,County Sheriff,King County Police,0,0,1,0,0,,,,,,0,0,0,,,,,,,,,,,,,,,,,,,,,,,,,,,,,,,,,,,
2020,413,635158,339,10-06-2020,23:37,6,10,Oct,,63,Spokane,2113,1,,2,1,2,1,1,1,1,23:54,00:00,00:39,8,1,0,No vehicle,0,99,0,1,No intersection,4,2,4,6,0,0,0,0,N PARK RD,,-117.3040222,47.67726944,99212,0,1,13,Pedestrian/Animal,99,9,35,34,0,0,1,5,8,1,1,2,1,1,Going Straight,99,1,53,,0,48,45,2009,0,0,12,,,,,,1,1,87,2,7,1,4,0,3,0,11,5,07/15/2018,19:45,10053031904,31904,0,0,3,3,1,38,0,0,0,96,,,,,,0,,,,,,98092,53,63,165,6,1,0,0,0,0,,46,,,,,,0,,,1,0,0,0,0,9,8,,,0,0,0,8,0,2,1,,,1,,,2,1,0,,,,,,,,,,,,,,,,,,,,,,,,,,,,,,0,0,0,0,0,0,0,0,0,0,0,0,0,0,0,0,0,0,1,0,0,0,0,0,0,1,1,1,0,1,0,0,0,0,0,,1,0,0,0,0,0,0,0,0,0,1,0,0,0,0,0,,,,,,81+,76+,County road,R,Friday,Belt Used,PV,White,1,0,0,0,County Road,County Sheriff,King County Police,0,0,1,0,0,,,,,,0,0,0,,,,,,,,,,,,,,,,,,,,,,,,,,,,,,,,,,,
2019,413,634456,222,11-04-2019,10:30,4,11,Nov,,67,Thurston,1590,1,0,1,1,2,2,0,2,1,,,,38,0,0,No vehicle,0,8,0,1,No intersection,7,2,4,6,0,0,0,0,W BAY DR NW,HARBOR VIEW DR NW,-122.9148333,47.05812778,98502,0,1,98,Others,17,2,30,14,0,0,1,7,1,1,4,2,1,1,Going Straight,2,1,53,,0,12,880,2009,0,0,12,,,,,,1,1,52,1,0,0,0,0,3,0,11,0,,,,,0,0,0,3,1,0,0,0,0,96,,,,,,0,,,,,,98105,53,72,200,6,1,0,0,0,1,,0,,,,,,0,09-15-2017,09-15-2017,20,0,0,0,8,9,8,,,0,0,0,8,0,2,605,695,,1,1,,2,1,0,,,,,,,,,,,,,,,,,,,,,,,,,,,,,,0,0,0,1,1,0,1,1,1,0,0,0,1,0,1,0,0,0,0,0,0,0,0,0,0,0,0,0,1,1,1,0,0,0,0,,0,0,0,0,0,0,1,1,0,0,0,0,0,0,1,0,,,,,,51-55,46-55,State route,U,Wednesday,Belt Used,MHTRUCK,Not Fatal,1,0,0,0,State Route,State Patrol,Washington State Patrol,0,1,0,0,0,thc,3.3,carboxy-thc,19,,0,0,0,,,,,,,,,,,,,,,,,,,,,,,,,,,,,,,,,,,
2018,413,633654,2,10-17-2018,06:00,17,10,Oct,0,61,Snohomish,0,2,0,2,2,2,1,0,4,4,,,,12,0,8,Other,6.8,1,0,1,No intersection,3,1,1,2,0,0,0,0,US-2,,-122.0702694,47.93606944,98291,0,4,98,Others,62,4,60,5,0,0,1,2,12,1,1,2,1,1,Going Straight,1,1,53,,0,18,404,2018,0,0,12,12,68,64,39,,1,1,55,1,0,0,1,0,3,0,11,0,,,,,0,0,3,3,1,0,0,0,0,96,,,,,,0,,,,,,46227,18,62,200,6,1,0,0,0,0,,0,,,,,,0,,,8,0,0,0,8,9,8,,,0,0,0,8,0,8,95,,,96,,,8,95,995,,,,,,,,,,,,,,,,,,,,,,,,,,,,,,0,0,0,1,1,0,1,1,1,0,0,0,1,0,1,0,0,0,0,0,0,0,0,0,0,0,0,0,1,1,1,0,0,0,0,,0,0,0,0,0,0,0,0,0,0,0,0,0,0,0,0,,,,,,51-55,46-55,State route,U,Wednesday,Belt Used,PV,Not Fatal,1,0,0,0,State Route,State Patrol,Washington State Patrol,0,1,0,0,0,,,,,,0,0,0,,,,,,,,,,,,,,,,,,,,,,,,,,,,,,,,,,,
2018,413,633653,2,10-17-2018,06:00,17,10,Oct,0,61,Snohomish,0,2,0,2,2,2,1,0,4,4,,,,12,0,8,Other,6.8,1,0,1,No intersection,3,1,1,2,0,0,0,0,US-2,,-122.0702694,47.93606944,98291,0,3,98,Others,62,4,60,14,0,0,1,2,12,1,1,2,1,1,Going Straight,1,2,53,,0,53,706,2009,0,0,12,12,,,,,1,1,26,1,7,2,4,7,5,0,11,0,07-11-2018,18:54,2.01E+11,30879,0,0,0,2,1,0,0,0,0,96,,,,,,99,,,,,,98177,53,79,235,6,1,1,2,1,0,,0,,,,,,3,06-15-2014,03-15-2015,20,8,0,0,0,9,8,,,0,0,0,8,1,2,996,,,1,,,2,1,0.027,,,,,,,,,,,,,,,,,,,,,,,,,,,,,,0,0,0,1,1,0,1,1,1,0,0,0,1,0,1,0,0,0,0,0,0,0,0,0,0,0,0,0,1,1,1,0,0,0,1,0,0,0,0,0,1,0,1,1,0,1,0,0,0,0,0,1,,,,,,26-30,26-35,State route,U,Wednesday,,MC,Black,1,0,0,0,State Route,State Patrol,Washington State Patrol,0,1,0,0,0,,,,,,0,1,1,,,,,,,,,,,,,,,,,,,,,,,,,,,,,,,,,,,
2018,413,633652,2,10-17-2018,06:00,17,10,Oct,0,61,Snohomish,0,2,0,2,2,2,1,0,4,4,,,,12,0,8,Other,6.8,1,0,1,No intersection,3,1,1,2,0,0,0,0,US-2,,-122.0702694,47.93606944,98291,0,2,65,Others,62,4,60,14,0,0,1,2,12,1,1,2,1,1,Going Straight,1,1,53,,0,53,705,2009,0,0,12,39,,,,,1,1,26,1,7,1,4,7,19,0,11,0,07-11-2018,18:54,2.01E+11,30760,0,0,3,2,1,0,0,0,0,96,,,,,,99,,,,,,98177,53,68,182,6,1,0,0,0,0,,0,,,,,,3,,,20,8,0,0,0,9,8,,,0,0,0,8,1,2,1,,,1,,,2,1,0.047,,,,,,,,,,,,,,,,,,,,,,,,,,,,,,0,0,0,1,1,0,1,1,1,0,0,0,1,0,1,0,0,0,0,0,0,0,0,0,0,0,0,0,1,1,1,0,0,0,1,0,0,0,0,0,1,0,0,0,0,1,0,0,1,0,0,1,,,,,,26-30,26-35,State route,U,Wednesday,,MC,White,1,0,0,0,State Route,State Patrol,Washington State Patrol,0,1,0,0,0,,,,,,0,0,0,,,,,,,,,,,,,,,,,,,,,,,,,,,,,,,,,,,
2018,413,633651,2,10-17-2018,06:00,17,10,Oct,0,61,Snohomish,0,2,0,2,2,2,1,0,4,4,,,,12,0,8,Other,6.8,1,0,1,No intersection,3,1,1,2,0,0,0,0,US-2,,-122.0702694,47.93606944,98291,0,1,64,Others,10,2,60,14,0,0,1,2,12,1,1,2,1,1,Going Straight,1,1,53,,0,20,481,2015,0,0,9,,,,,,1,1,46,1,0,0,0,0,3,0,11,0,,,,,0,0,0,3,1,0,0,0,0,93,,,,,,0,,,,,,98837,53,70,230,6,1,0,0,0,0,,0,,,,,,0,,,20,0,0,0,8,9,8,,,0,0,0,8,0,8,95,,,96,,,8,95,995,,,,,,,,,,,,,,,,,,,,,,,,,,,,,,0,0,0,1,0,0,0,0,0,0,0,0,0,0,0,0,1,1,0,0,0,0,0,0,0,0,0,0,0,1,0,0,1,0,0,,0,0,0,0,0,0,0,0,1,0,0,0,0,0,0,0,,,,,,46-50,46-55,Other,,Tuesday,Belt Used,PV,Not Fatal,1,0,0,0,County Road,County Sheriff,Grant County Sheriff's Office,0,0,1,0,0,,,,,,0,0,0,,,,,,,,,,,,,,,,,,,,,,,,,,,,,,,,,,,
2021,414,635992,3,08-14-2021,08:08,14,8,Aug,,53,Pierce,2230,1,,1,1,2,1,0,2,2,,,,12,0,6,Angle,2.9,2,0,2,4 Way,2,2,1,3,0,3,3,3,SR-509,ALEXANDER AVE,-122.373025,47.24734444,98424,0,1,88,Striking from the Left,17,2,50,66,1,0,1,5,12,1,1,3,2,1,Going Straight,1,3,4,,0,35,473,2006,0,0,8,8,,,,,1,1,30,2,0,0,0,0,99,0,11,0,,,,,0,0,0,0,1,91,0,0,0,96,,,,,,9,,,,,,98233,53,64,140,0,0,0,0,0,0,,1,,,,,,0,,,20,0,0,0,8,9,8,,,0,0,0,8,1,2,695,,,1,,,2,1,0.1,,,,,,,,,,,,,,,,,,,,,,,,,,,,,,0,0,0,1,1,1,1,1,1,1,1,1,0,1,0,0,0,0,0,0,0,0,0,0,0,0,0,0,0,1,0,1,0,0,0,,0,0,0,0,0,1,1,1,0,0,0,1,0,0,0,1,,,,,,26-30,26-35,State route,U,Sunday,Unknown,PV,Not Fatal,0,0,0,0,State Route,State Patrol,Washington State Patrol,0,1,0,0,0,,,carboxy-thc,5,,0,0,0,,,,,,,,,,,,,,,,,,,,,,,,,,,,,,,,,,,
2018,414,633684,25,11-09-2018,16:17,9,11,Nov,0,33,King,0,10,0,5,2,1,1,0,2,2,,,,12,0,6,Angle,4.7,2,0,4,Y Intersection,5,1,2,4,0,0,0,0,CR-196TH AVE SE,195TH PL SE,-122.0795472,47.4434,98058,0,1,98,Others,51,3,40,14,0,0,1,7,12,3,3,2,1,14,Making a U turn,1,1,17,,0,85,881,1998,0,0,12,,,,,,1,1,27,1,0,0,0,0,3,0,11,0,,,,,6,3,0,3,1,0,0,0,0,96,,,,,,0,,,,,,83815,16,75,200,6,1,0,0,0,0,,0,,,,,,0,,,20,0,0,0,8,9,8,,,0,0,0,8,0,2,1,,,1,,,2,1,0,,,,,,,,,,,,,,,,,,,,,,,,,,,,,,0,0,0,1,0,0,0,0,0,0,0,0,0,0,0,0,1,0,1,0,1,0,1,0,1,0,0,0,0,1,1,0,0,0,0,,0,0,0,0,0,0,0,0,0,0,0,0,0,0,0,0,,,,,,26-30,26-35,State route,R,Wednesday,,MHTRUCK,Not Fatal,1,0,0,0,State Route,State Patrol,Washington State Patrol Headquarter,0,1,0,0,0,,,,,,0,0,0,,,,,,,,,,,,,,,,,,,,,,,,,,,,,,,,,,,
2019,414,634467,2,11-20-2019,01:15,20,11,Nov,,57,Skagit,0,1,0,2,1,1,1,1,2,2,,,,8,0,0,No vehicle,238.2,1,0,1,No intersection,1,1,1,1,0,0,0,0,I-5,,-122.3459861,48.583,98232,0,2,98,Others,80,5,60,66,1,0,1,5,8,1,1,2,3,1,Going Straight,1,3,40,,0,59,35,2006,0,0,12,,,,,,1,1,16,2,7,1,4,7,3,0,11,0,07-11-2018,07:00,53031404,31404,0,0,3,3,1,38,0,0,0,93,,,,,,0,,,,,,99205,53,67,150,6,7,0,0,0,0,,0,,,,,,0,,,8,0,0,0,0,9,8,,,0,0,0,8,0,2,1,,,1,,,2,1,0,,,,,,,,,,,,,,,,,,,,,,,,,,,,,,0,0,0,1,0,0,0,0,0,0,0,0,0,0,0,0,1,0,1,0,1,0,1,0,1,0,0,0,0,1,1,0,0,0,0,,1,0,0,0,0,0,0,0,1,0,1,0,0,0,0,0,,,,,,16-17,16-25,State route,R,Wednesday,Belt Used,PV,White,1,0,0,0,State Route,State Patrol,Washington State Patrol Headquarter,0,1,0,0,0,,,,,,0,0,0,,,,,,,,,,,,,,,,,,,,,,,,,,,,,,,,,,,
2021,414,635993,3,08-14-2021,08:08,14,8,Aug,,53,Pierce,2230,1,,1,1,2,1,0,2,2,,,,12,0,6,Angle,2.9,2,0,2,4 Way,2,2,1,3,0,3,3,3,SR-509,ALEXANDER AVE,-122.373025,47.24734444,98424,0,2,89,Others,66,4,35,34,0,0,1,2,12,1,1,3,1,1,Going Straight,1,2,53,,0,89,890,2012,42,0,9,,,,,,1,1,50,1,0,0,0,0,3,0,11,0,,,,,6,1,3,3,1,0,0,0,0,96,,,,,,0,,,,,,98391,53,67,210,6,1,0,0,0,0,,0,,,,,,0,,,20,0,0,0,8,9,8,,,0,0,0,8,0,2,1,,,1,,,2,1,0,,,,,,,,,,,,,,,,,,,,,,,,,,,,,,0,0,0,1,0,0,0,0,0,1,0,1,0,0,0,0,0,0,0,0,0,0,0,0,0,0,0,0,0,0,1,0,1,0,0,,0,0,0,0,0,0,0,0,0,0,0,0,0,0,0,0,,,,,,46-50,46-55,City street,U,Wednesday,,MHTRUCK,Not Fatal,1,0,0,0,City Street,Municipal/City Police,Auburn Police Department,0,0,0,1,0,,,,,,0,0,0,,,,,,,,,,,,,,,,,,,,,,,,,,,,,,,,,,,