year,something,Cases,repjur,crash_dt,crash_tm,accday,Month,Month,holiday,county,co_char,city,weather,weather2,lightcond,surfcond,surftype,Number of Fatalities,nmforms,pforms,vforms,not_tm,arr_tm,hosp_tm,fhevent,hitrun,Manner of Collision,Manner of Collision,milepnt,reljunc,reljuncinter,intersectiontype,Intersection Type,funcsystem,landuse,ownership,route,schlbus,spejur,contdev,devfunc,trafid1,trafid2,x,y,zipcode,wk_zone,vnumber,crashtype,Crash Type,criticalevent,criticaleventcat,spdlim,body,trailer,emerg,hazcargo,leave,mhevent,roadalgn,roadprof,traflane,trafflow,Vehicle Manure,Vehicle Manure,numoccs,regowner,regstate,,spuse,make,model,modelyr,vrf1,vrf2,seqevent1,seqevent2,seqevent3,seqevent4,seqevent5,seqevent6,pnumber,ptype,age,sex,hispanic,race,injury,diedscene,restraint,restraintmisuse,seatpos,takehosp,death_dt,death_tm,cert,cernum_wa,commlic,licendor,licrestrict,liccomp,drivpres,drf1,drf2,drf3,drf4,distract1,distract2,distract3,distract4,distract5,distract6,dricond1,dricond2,dricond3,dricond4,dricond5,dricond6,dzip,licstate,drhgt_in,weight,noncdl,noncdltype,prevdwi,prevoth,prevacc,prevspd,prevsus,driviol1,driviol2,driviol3,driviol4,driviol5,driviol6,spdrel,first_dt,last_dt,airbag,ejection,ejectpath,extricat,injurwrk,methalc,methdrug,nmlocat,strikveh,prf1,prf2,prf3,druginv,alcinvol,drugsts,drugres1,drugres2,drugres3,drugtst1,drugtst2,drugtst3,alcsts,alctst,alcres,nmact1,nmact2,nmact3,nmact4,nmact5,nmact6,nmprior1,nmprior2,nmprior3,nmprior4,nmprior5,nmprior6,nmcond1,nmcond2,nmcond3,nmcond4,nmcond5,nmcond6,nmsafe_helmet,nmsafe_pads,nmsafe_oth,nmprev_ref,nmprev_lgt,nmprev_oth,crashlocation,nmcrashtype,crosswalk,schoolzone,sidewalk,train_inv,wildlife_inv,rotr_fars,intersect_fars,Drink and Drive,aid_inv,Drug Positive Drivers,Impaired Drivers,Marijuana Positive,impnm_inv,ainm_inv,dpnm_inv,speed_inv,unlic_inv,unendmc_inv,drowsy_inv,drdist_inv,nmdist_inv,fty_inv,unrestfat_inv,dr1617_inv,dr1820_inv,dr1620_inv,dr2125_inv,dr1625_inv,dr65_inv,dr70_inv,dr75_inv,mc_inv,pv_inv,ht_inv,ped_inv,bike_inv,unrest_fat,mc_fat,unhelmet_mc,pv_fat,ht_fat,ped_fat,bike_fat,dr_alc7,dr_alc8,dr_drug,dr_imp,dr_dist,dr_spd,dr_fty,dr_unlic,dr_alc7only,dr_alc8only,dr_drugonly,dr_drink,nm_imp,nm_alc7,nm_alc8,nm_drug,nm_dist,agegrp1,agegrp2,roadclass,urbrur,dayweek,restuse,vehtype,race_me,intersect,lanedep,oppdir,wrongway,rep_typ,investag,repag_long,rotr,st_rd,cty_rd,city_rd,oth_rd,drug_thc,thc_res,drug_cthc,cthc_res,drug_cann,prevpersemin,prevperse,prevsusoth,drugtst4,drugtst5,drugtst6,drugtst7,drugtst8,drugres4,drugres5,drugres6,drugres7,drugres8,adspresent,adsengaged,adslevel,race1,race2,race3,race4,race5,helmet,helmetmisuse,nmdistract1,nmdistract2,nmdistract3,nmdistract4,nmdistract5,nmdistract6,lab,isedtcase,crf1,crf2,crf3,CoRoadName,CoMP,IntCoRoadName,IntCoMP
2020,414,635159,2,10-17-2020,04:30,17,10,Oct,,57,Skagit,0,10,,2,2,2,1,0,1,1,,,,52,0,0,No vehicle,69.1,3,0,4,Y Intersection,4,1,1,3,0,0,0,0,SR-20,SIMMS RD,-122.1572028,48.52960278,98284,0,1,1,Driver Off Road,13,2,55,80,0,0,1,2,52,1,1,2,1,1,Going Straight,1,1,53,,0,34,35,2008,0,0,64,24,31,14,14,2,1,1,17,1,1,98,4,7,99,0,11,0,07-06-2018,22:43,2.31E+11,31115,0,0,3,3,1,0,0,0,0,96,,,,,,99,,,,,,98108,53,69,135,6,2,0,0,0,1,,0,,,,,,4,09-15-2017,09-15-2017,8,0,0,0,0,9,8,,,0,0,0,8,9,2,996,996,,1,1,,2,1,0,,,,,,,,,,,,,,,,,,,,,,,,,,,,,,0,0,1,0,0,0,1,1,0,0,0,0,1,0,0,0,0,0,0,0,1,0,1,0,1,0,0,0,0,1,0,0,0,0,0,,1,0,0,0,0,0,1,1,0,1,0,0,0,0,1,0,,,,,,16-17,16-25,State route,U,Friday,Unknown,PV,Hispanic,0,1,0,0,State Route,State Patrol,Washington State Patrol,1,1,0,0,0,,,,,,0,0,0,,,,,,,,,,,,,,,,,,,,,,,,,,,,,,,,,,,
2018,414,633685,25,11-09-2018,16:17,9,11,Nov,0,33,King,0,10,0,5,2,1,1,0,2,2,,,,12,0,6,Angle,4.7,2,0,4,Y Intersection,5,1,2,4,0,0,0,0,CR-196TH AVE SE,195TH PL SE,-122.0795472,47.4434,98058,0,2,98,Others,53,3,40,80,0,0,1,7,12,3,3,2,1,10,Others,1,1,53,,0,30,46,2007,0,0,64,10,,,,,1,1,20,2,7,1,4,7,20,0,11,0,06/30/2018,00:37,53029040,29040,0,0,0,2,1,0,0,0,0,96,,,,,,9,,,,,,99336,53,67,130,1,1,0,0,2,4,,0,,,,,,0,04-15-2016,05-15-2018,8,2,9,0,0,9,8,,,0,0,0,8,1,2,1,,,1,,,2,1,0.19,,,,,,,,,,,,,,,,,,,,,,,,,,,,,,1,0,0,0,1,1,0,1,0,0,0,0,0,1,0,0,0,0,0,1,0,1,1,0,1,0,0,0,0,1,0,0,0,1,0,,1,0,0,0,0,1,0,1,0,0,0,1,0,1,0,1,,,,,,18-20,16-25,Other,R,Saturday,Not Used,PV,White,1,0,0,0,County Road,County Sheriff,Benton County Sheriff's Office,0,0,1,0,0,,,,,,1,0,4,,,,,,,,,,,,,,,,,,,,,,,,,,,,,,,,,,,
2017,414,632887,346,09-29-2017,12:46,29,9,Sep,0,63,Spokane,1165,1,0,1,1,2,1,1,1,1,,,,15,0,0,No vehicle,0,1,0,1,No intersection,4,2,2,4,0,0,0,0,CR-N LIBERTY LAKE RD,,-117.1051417,47.66861389,99019,0,1,13,Pedestrian/Animal,83,5,35,15,0,0,1,5,15,1,1,5,5,1,Going Straight,1,1,53,,0,35,398,1992,0,0,12,,,,,,1,1,24,1,0,0,0,0,3,0,11,0,,,,,0,0,0,3,1,0,0,0,0,96,,,,,,0,,,,,,98901,53,70,185,6,1,0,2,0,7,,0,,,,,,0,10-15-2014,11-15-2016,20,0,0,0,8,9,8,,,0,0,0,8,0,8,95,,,96,,,8,95,995,,,,,,,,,,,,,,,,,,,,,,,,,,,,,,0,0,0,1,0,0,0,0,0,0,0,0,1,0,0,0,0,0,1,0,0,1,1,1,1,0,0,0,1,1,0,0,0,0,0,,0,0,0,0,0,0,0,0,0,0,0,0,0,0,0,0,,,,,,21-25,16-25,City street,U,Friday,Belt Used,PV,Not Fatal,1,0,0,0,City Street,Municipal/City Police,Yakima Police Department,0,0,0,1,0,,,,,,0,0,5,,,,,,,,,,,,,,,,,,,,,,,,,,,,,,,,,,,
2019,414,634466,2,11-20-2019,01:15,20,11,Nov,,57,Skagit,0,1,0,2,1,1,1,1,2,2,,,,8,1,0,No vehicle,238.2,1,0,1,No intersection,1,1,1,1,0,0,0,0,I-5,,-122.3459861,48.583,98232,0,1,13,Pedestrian/Animal,80,5,70,99,0,0,1,5,8,1,1,2,3,1,Going Straight,99,9,99,,0,48,403,2015,0,0,12,12,,,,,1,1,19,2,0,0,2,0,3,0,11,6,,,,,0,0,0,3,1,38,0,0,0,96,,,,,,99,,,,,,98942,53,62,107,6,1,0,0,0,0,,97,,,,,,0,,,2,0,0,0,8,9,8,,,0,0,0,8,9,2,1,,,1,,,2,1,0,,,,,,,,,,,,,,,,,,,,,,,,,,,,,,0,0,0,1,0,0,0,0,0,0,0,0,1,0,0,0,0,0,1,0,0,1,1,1,1,0,0,0,1,1,0,0,0,0,0,,0,0,0,0,0,0,0,0,0,0,1,0,0,0,0,0,,,,,,18-20,16-25,City street,U,Friday,Belt Used,PV,Not Fatal,1,0,0,0,City Street,Municipal/City Police,Yakima Police Department,0,0,0,1,0,,,,,,0,0,0,,,,,,,,,,,,,,,,,,,,,,,,,,,,,,,,,,,
2021,415,635996,127,10-15-2021,20:47,15,10,Oct,,33,King,735,1,,2,1,1,1,1,1,1,,,,8,0,0,No vehicle,2.6,1,0,1,No intersection,3,2,1,3,0,0,0,0,SR-99,,-122.3351528,47.26542222,98003,0,1,13,Pedestrian/Animal,80,5,45,5,0,0,1,2,8,1,1,4,1,1,Going Straight,1,2,53,,0,72,706,2009,0,0,12,,,,,,1,1,40,1,7,1,4,0,19,0,11,5,07-06-2018,22:45,2.59E+11,29808,0,0,0,3,1,0,0,0,0,96,,,,,,99,,,,,,98901,53,70,215,6,1,0,0,1,2,,0,,,,,,3,05-15-2014,12-15-2015,20,8,0,0,0,9,8,,,0,0,0,8,9,2,1,,,1,,,2,1,0,,,,,,,,,,,,,,,,,,,,,,,,,,,,,,0,0,0,1,0,0,0,0,0,0,0,0,1,0,0,0,0,0,1,0,0,1,1,1,1,0,0,0,1,1,0,0,0,0,1,0,0,0,0,0,0,0,0,0,0,1,0,0,0,0,0,0,,,,,,36-40,36-45,City street,U,Friday,,MC,White,1,0,0,0,City Street,Municipal/City Police,Yakima Police Department,0,0,0,1,0,,,,,,0,0,0,,,,,,,,,,,,,,,,,,,,,,,,,,,,,,,,,,,
2020,415,635161,7,10-16-2020,03:51,16,10,Oct,,33,King,1830,1,,3,1,2,1,0,2,2,,,,12,0,1,Front-to-Rear,2.3,1,0,1,No intersection,1,2,1,1,0,0,0,0,I-405,,-122.2177861,47.46795,98057,0,2,25,Others,53,3,60,83,0,0,1,5,12,1,1,3,3,1,Going Straight,1,2,53,,0,71,706,2005,0,0,63,25,,,,,1,1,46,1,7,1,4,7,5,0,11,0,07-04-2018,20:06,1.96E+11,30026,0,0,3,3,1,0,0,0,0,96,,,,,,99,,,,,,98105,53,74,175,6,1,0,0,0,1,,0,,,,,,4,02-15-2017,06-15-2017,20,8,0,0,0,9,8,,,0,0,0,8,9,2,1,,,1,,,2,1,0,,,,,,,,,,,,,,,,,,,,,,,,,,,,,,0,0,1,0,0,0,0,0,0,0,0,0,1,0,0,0,0,0,0,0,0,0,0,0,0,0,0,0,1,0,0,0,0,0,1,0,0,0,0,0,0,0,0,0,0,1,0,0,0,0,0,0,,,,,,46-50,46-55,Interstate,U,Wednesday,,MC,White,0,1,0,0,State Route,State Patrol,Washington State Patrol,1,1,0,0,0,,,,,,0,0,1,,,,,,,,,,,,,,,,,,,,,,,,,,,,,,,,,,,
2020,415,635160,7,10-16-2020,03:51,16,10,Oct,,33,King,1830,1,,3,1,2,1,0,2,2,,,,12,1,1,Front-to-Rear,2.3,1,0,1,No intersection,1,2,1,1,0,0,0,0,I-405,,-122.2177861,47.46795,98057,0,1,24,Others,51,3,60,21,0,0,1,5,12,1,1,3,3,1,Going Straight,1,2,53,,0,76,706,2005,0,0,63,30,,,,,1,1,22,1,7,1,4,0,19,0,11,4,07-11-2018,15:42,2.23E+11,30731,0,0,0,3,1,0,0,0,0,96,,,,,,99,,,,,,98445,53,69,150,6,1,0,1,2,1,,0,,,,,,4,06-15-2016,02-15-2018,20,8,0,0,0,9,8,,,0,0,0,8,9,8,95,,,96,,,8,95,995,,,,,,,,,,,,,,,,,,,,,,,,,,,,,,0,0,1,0,0,0,0,0,0,0,0,0,1,0,0,0,0,0,0,0,0,0,0,1,1,0,0,0,1,0,0,0,0,0,1,0,0,0,0,0,0,0,0,0,0,1,0,0,0,0,0,0,,,,,,21-25,16-25,County road,U,Thursday,,MC,White,0,1,0,0,County Road,County Sheriff,Law Enforcement Support Agency,1,0,1,0,0,,,,,,0,0,0,,,,,,,,,,,,,,,,,,,,,,,,,,,,,,,,,,,
2019,415,634469,8,11-11-2019,03:40,11,11,Nov,,31,Jefferson,0,10,0,2,1,2,3,0,3,1,,,,1,0,0,No vehicle,12.3,1,0,1,No intersection,4,1,1,3,0,0,0,0,SR-19,,-122.7977444,48.04837778,98368,0,1,2,Control/Traction Loss,6,1,40,3,0,0,1,7,1,1,1,2,1,1,Going Straight,3,1,53,,0,48,34,1991,0,0,8,,,,,,1,1,64,2,0,0,0,0,3,0,11,0,,,,,0,0,3,3,1,0,0,0,0,96,,,,,,0,,,,,,99320,53,62,200,6,1,0,0,1,0,,0,,,,,,0,08-15-2016,08-15-2016,20,0,0,0,8,9,2,,,0,0,0,0,0,2,1,,,1,,,2,1,0,,,,,,,,,,,,,,,,,,,,,,,,,,,,,,0,0,0,1,0,0,0,0,0,1,0,1,0,0,0,0,0,0,0,0,0,0,0,0,0,0,0,0,0,1,0,1,0,0,0,,0,0,0,0,0,0,0,0,0,0,0,0,0,0,0,0,,,,,,61-65,56-65,City street,U,Sunday,Belt Used,PV,Not Fatal,1,0,0,0,City Street,Municipal/City Police,Richland Police Department,0,0,0,1,0,,,,,,0,0,0,,,,,,,,,,,,,,,,,,,,,,,,,,,,,,,,,,,
2018,415,633688,14,11-15-2018,07:47,15,11,Nov,0,11,Clark,0,5,0,1,2,2,1,0,1,1,,,,38,0,0,No vehicle,0.4,1,0,1,No intersection,7,1,2,4,0,0,0,0,CR-NE 174TH ST,,-122.4784083,45.74842778,98606,0,1,1,Driver Off Road,13,2,40,34,0,0,1,7,38,1,4,2,1,1,Going Straight,1,2,53,,0,37,31,2000,0,0,63,42,,,,,1,1,28,1,1,98,4,7,20,0,11,0,07-04-2018,02:14,73553030024,30024,0,0,0,3,1,0,0,0,0,92,,,,,,99,,,,,,98023,53,67,175,6,1,0,0,0,0,,0,,,,,,4,,,1,1,9,0,0,9,8,,,0,0,0,8,9,2,1,,,1,,,2,1,0.19,,,,,,,,,,,,,,,,,,,,,,,,,,,,,,0,0,1,0,1,1,0,1,0,0,0,0,1,0,0,0,1,0,0,1,0,0,0,0,0,0,0,0,0,1,0,0,0,1,0,,1,0,0,0,0,1,0,1,1,1,0,0,0,1,0,1,,,,,,26-30,26-35,City street,U,Wednesday,Not Used,PV,Hispanic,0,1,0,0,City Street,Municipal/City Police,Federal Way Dept of Public Safety,1,0,0,1,0,,,,,,0,0,0,,,,,,,,,,,,,,,,,,,,,,,,,,,,,,,,,,,
2017,415,632885,7,10-06-2017,20:18,6,10,Oct,0,33,King,1960,10,0,3,1,1,1,0,1,1,,,,24,0,0,No vehicle,1.8,1,0,1,No intersection,1,2,1,1,0,0,0,0,I-5 RL005EXP,,-122.3281167,47.62278889,98102,0,1,7,Control/Traction Loss,6,1,60,80,0,0,1,2,24,2,1,4,3,14,Making a U turn,1,1,53,,0,98,734,2016,0,0,63,69,68,64,1,,1,1,68,1,7,1,4,7,17,0,11,0,07-02-2018,09:28,53029104,29104,0,0,3,3,1,58,0,0,0,96,,,,,,0,,,,,,99156,53,69,235,6,1,0,0,0,0,,0,,,,,,0,,,20,2,9,0,0,9,8,,,0,0,0,8,0,8,95,,,96,,,8,95,995,,,,,,,,,,,,,,,,,,,,,,,,,,,,,,0,0,1,0,0,0,0,0,0,0,0,0,0,0,0,0,0,0,0,0,0,0,0,0,0,1,0,0,0,0,0,0,0,0,0,,0,0,0,0,0,0,0,0,0,0,0,0,0,0,0,0,,,,,,66-70,66-75,County road,R,Monday,,OTHVT,White,0,1,0,0,County Road,County Sheriff,Pend Oreille County Sheriff's Offic,1,0,1,0,0,,,,,,0,0,0,,,,,,,,,,,,,,,,,,,,,,,,,,,,,,,,,,,
2018,416,633689,2,11-15-2018,23:24,15,11,Nov,0,61,Snohomish,0,2,0,2,2,2,1,0,1,1,23:20,23:43,00:35,30,0,0,No vehicle,17.8,1,0,1,No intersection,4,1,1,3,0,0,0,0,SR-530,,-121.8888167,48.27154444,98223,0,1,7,Control/Traction Loss,6,1,50,4,0,0,1,2,30,2,1,2,1,14,Making a U turn,1,2,38,,0,7,29,2014,0,0,12,,,,,,1,1,17,1,0,0,0,0,3,0,11,0,,,,,0,0,3,3,1,0,0,0,0,96,,,,,,0,,,,,,98374,53,70,125,6,2,0,0,0,0,,0,,,,,,0,,,2,0,0,0,8,9,8,,,0,0,0,8,0,8,95,,,96,,,8,95,995,,,,,,,,,,,,,,,,,,,,,,,,,,,,,,0,0,0,1,1,1,1,1,1,0,0,0,0,0,0,0,0,0,0,0,1,0,1,0,1,0,0,0,1,1,0,0,0,0,0,,0,0,0,0,0,0,0,0,0,0,0,0,0,0,0,0,,,,,,16-17,16-25,City street,U,Monday,Belt Used,PV,Not Fatal,1,0,0,0,City Street,Municipal/City Police,Tacoma Police Department,0,0,0,1,0,,,,,,0,0,0,,,,,,,,,,,,,,,,,,,,,,,,,,,,,,,,,,,
2017,416,3659753,344,10-01-2017,05:22,1,10,Oct,0,77,Yakima,0,1,0,2,1,2,1,0,3,2,05:14,05:19,06:08,12,0,6,Angle,4.9,2,0,2,4 Way,5,1,1,3,0,3,20,3,SR-22,N MEYERS RD,-120.2938972,46.35704444,98948,0,1,86,Others,17,2,50,67,0,0,1,2,12,1,1,2,1,1,Going Straight,1,1,53,,0,98,703,2016,0,0,12,,,,,,1,1,46,1,7,1,4,7,19,0,11,0,07-02-2018,16:07,2.23E+11,30541,0,0,3,3,1,33,0,0,0,96,,,,,,99,,,,,,98409,53,72,195,6,1,0,0,0,0,,0,,,,,,0,,,20,8,0,0,0,9,8,,,0,0,0,8,9,2,605,695,,1,1,,2,1,0.22,,,,,,,,,,,,,,,,,,,,,,,,,,,,,,0,0,0,1,1,1,1,1,1,0,0,0,0,0,0,0,0,0,0,0,1,0,1,0,1,0,0,0,1,1,0,0,0,0,1,0,0,0,0,0,0,1,1,1,0,0,0,0,0,0,0,1,,,,,,46-50,46-55,City street,U,Monday,,OTHMC,White,1,0,0,0,City Street,Municipal/City Police,Tacoma Police Department,0,0,0,1,0,thc,28,carboxy-thc,25,,0,0,0,,,,,,,,,,,,,,,,,,,,,,,,,,,,,,,,,,,
2017,416,3659753,344,10-01-2017,05:22,1,10,Oct,0,77,Yakima,0,1,0,2,1,2,1,0,3,2,05:14,05:19,06:08,12,0,6,Angle,4.9,2,0,2,4 Way,5,1,1,3,0,3,0,0,SR-22,N MEYERS RD,-120.2938972,46.35704444,98948,0,2,87,Others,66,4,55,34,0,0,1,2,12,1,1,2,1,1,Going Straight,2,1,53,,0,2,404,2008,0,0,71,31,38,2,,,1,1,32,1,7,3,4,0,99,0,11,4,06/28/2018,21:41,1.96E+11,29059,0,0,0,3,1,0,0,0,0,96,,,,,,99,,,,,,98092,53,65,194,6,1,0,1,1,0,,0,,,,,,4,04-15-2015,04-15-2015,99,9,0,0,0,9,8,,,0,0,0,8,9,2,605,695,,1,1,,2,1,0,,,,,,,,,,,,,,,,,,,,,,,,,,,,,,0,0,0,1,0,0,1,1,1,0,0,0,1,0,0,0,0,0,0,0,0,0,0,0,0,0,0,0,0,1,0,0,0,0,0,,1,0,0,0,0,0,1,1,0,1,0,0,0,0,1,0,,,,,,31-35,26-35,City street,U,Thursday,Unknown,PV,AIAN,0,1,0,0,City Street,Municipal/City Police,Auburn Police Department,1,0,0,1,0,thc,2.3,carboxy-thc,33,,0,0,0,,,,,,,,,,,,,,,,,,,,,,,,,,,,,,,,,,,
2021,416,635998,197,10-15-2021,16:45,15,10,Oct,,61,Snohomish,1338,2,,1,2,2,1,0,2,2,,,,12,0,8,Other,0,1,0,1,No intersection,4,2,4,6,0,0,0,0,35TH AVE SE,,-122.1854028,47.87392778,98012,0,2,66,Specific Other,62,4,35,4,0,0,1,5,12,1,1,3,5,1,Going Straight,1,1,53,,0,82,881,2007,0,0,12,,,,,,1,1,54,1,0,0,1,0,3,0,11,4,,,,,6,3,0,3,1,0,0,0,0,96,,,,,,0,,,,,,98188,53,70,200,6,1,0,1,1,0,,0,,,,,,0,03-15-2016,02-15-2017,20,0,0,0,8,9,8,,,0,0,0,8,0,8,95,,,96,,,8,95,995,,,,,,,,,,,,,,,,,,,,,,,,,,,,,,0,0,0,0,1,1,1,1,0,0,0,0,0,0,0,0,0,0,0,0,0,0,0,0,0,0,0,0,0,1,1,0,0,0,0,,0,0,0,0,0,0,0,0,0,0,0,0,0,0,0,0,,,,,,51-55,46-55,State route,R,Tuesday,,MHTRUCK,Not Fatal,0,1,1,0,State Route,State Patrol,Washington State Patrol Headquarter,0,1,0,0,0,,,,,,0,0,0,,,,,,,,,,,,,,,,,,,,,,,,,,,,,,,,,,,
2021,416,635997,197,10-15-2021,16:45,15,10,Oct,,61,Snohomish,1338,2,,1,2,2,1,0,2,2,,,,12,0,8,Other,0,1,0,1,No intersection,4,2,4,6,0,0,0,0,35TH AVE SE,,-122.1854028,47.87392778,98012,0,1,66,Specific Other,10,2,35,34,0,0,1,2,12,1,1,3,5,1,Going Straight,1,1,53,,0,49,46,2007,0,0,68,12,2,,,,1,1,28,1,7,3,4,7,99,0,11,0,05/15/2018,22:05,2.04E+11,22776,0,0,3,3,1,28,0,0,0,96,,,,,,99,,,,,,99163,53,68,135,6,1,0,0,0,0,,0,,,,,,0,,,1,0,0,0,0,1,8,,,0,0,0,8,1,2,996,,,1,,,2,1,0.38,,,,,,,,,,,,,,,,,,,,,,,,,,,,,,0,0,0,0,1,1,1,1,0,0,0,0,0,0,0,0,0,0,0,0,0,0,0,0,0,0,0,0,0,1,1,0,0,0,0,,1,0,0,0,0,1,1,1,0,0,0,0,0,0,0,1,,,,,,26-30,26-35,State route,R,Tuesday,Unknown,PV,AIAN,0,1,1,0,State Route,State Patrol,Washington State Patrol Headquarter,0,1,0,0,0,,,,,,0,0,0,,,,,,,,,,,,,,,,,,,,,,,,,,,,,,,,,,,
2020,416,635163,21,10-13-2020,15:46,13,10,Oct,,25,Grant,0,7,,1,1,7,1,0,2,2,,,,12,0,1,Front-to-Rear,8.4,1,0,1,No intersection,5,1,2,4,0,0,0,0,CR-ROAD W NE,,-119.0010528,47.25256944,98832,0,2,24,Others,51,3,60,66,0,0,1,2,12,1,3,2,1,1,Going Straight,1,3,53,,0,30,40,2010,0,0,54,,,,,,1,1,25,2,0,0,0,0,3,0,11,0,,,,,0,0,0,3,1,0,0,0,0,96,,,,,,0,,,,,,98272,53,67,170,6,1,0,0,0,1,,0,,,,,,0,05-15-2018,05-15-2018,20,0,0,0,8,9,8,,,0,0,0,8,0,8,95,,,96,,,8,95,995,,,,,,,,,,,,,,,,,,,,,,,,,,,,,,0,0,0,0,1,1,1,1,1,0,0,0,0,1,0,0,0,0,0,0,0,0,0,1,1,0,0,0,0,1,0,0,0,0,0,,0,0,0,0,0,0,0,0,0,0,0,0,0,0,0,0,,,,,,21-25,16-25,US highway,U,Monday,Belt Used,PV,Not Fatal,0,1,1,0,State Route,State Patrol,Washington State Patrol,0,1,0,0,0,,,,,,0,0,0,,,,,,,,,,,,,,,,,,,,,,,,,,,,,,,,,,,
2020,416,635162,21,10-13-2020,15:46,13,10,Oct,,25,Grant,0,7,,1,1,7,1,0,2,2,,,,12,0,1,Front-to-Rear,8.4,1,0,1,No intersection,5,1,2,4,0,0,0,0,CR-ROAD W NE,,-119.0010528,47.25256944,98832,0,1,25,Others,53,3,60,14,0,0,1,2,12,1,3,2,1,1,Going Straight,1,1,53,,0,12,481,2004,0,0,12,,,,,,1,1,45,2,0,0,0,0,3,0,11,0,,,,,0,0,0,3,1,0,0,0,0,96,,,,,,0,,,,,,98801,53,66,130,6,1,0,0,0,0,,0,,,,,,0,,,20,0,0,0,8,9,8,,,0,0,0,8,0,8,95,,,96,,,8,95,995,,,,,,,,,,,,,,,,,,,,,,,,,,,,,,0,0,0,0,1,1,1,1,1,0,0,0,0,1,0,0,0,0,0,0,0,0,0,1,1,0,0,0,0,1,0,0,0,0,0,,0,0,0,0,0,0,0,0,0,0,0,0,0,0,0,0,,,,,,41-45,36-45,US highway,U,Monday,Belt Used,PV,Not Fatal,0,1,1,0,State Route,State Patrol,Washington State Patrol,0,1,0,0,0,,,,,,0,0,0,,,,,,,,,,,,,,,,,,,,,,,,,,,,,,,,,,,
2019,416,634470,44,11-21-2019,01:27,21,11,Nov,,71,Walla Walla,0,1,0,2,1,2,1,0,1,1,,,,1,0,0,No vehicle,13.2,1,0,1,No intersection,5,1,2,4,0,0,0,0,CR-HARVEY SHAW RD,,-118.4714444,46.26442222,99348,0,1,1,Driver Off Road,13,2,50,34,0,0,1,5,1,3,1,2,1,14,Making a U turn,1,3,53,,0,7,442,2008,0,0,12,,,,,,1,1,55,2,1,98,4,7,3,0,11,0,06-11-2018,22:02,2.03E+11,26729,0,0,0,3,1,0,0,0,0,96,,,,,,9,,,,,,98290,53,64,165,6,1,0,0,0,0,,0,,,,,,0,,,8,0,0,0,0,1,8,,,0,0,0,8,1,2,1,,,1,,,2,1,0.2,,,,,,,,,,,,,,,,,,,,,,,,,,,,,,0,0,0,0,1,1,1,1,1,0,0,0,0,1,0,0,0,0,0,0,0,0,0,1,1,0,0,0,0,1,0,0,0,0,0,,1,0,0,0,0,1,0,1,0,0,0,0,0,1,0,1,,,,,,51-55,46-55,US highway,U,Monday,Belt Used,PV,Hispanic,0,1,1,0,State Route,State Patrol,Washington State Patrol,0,1,0,0,0,,,,,,0,0,0,,,,,,,,,,,,,,,,,,,,,,,,,,,,,,,,,,,
2021,417,635467,278,03-30-2021,08:25,30,3,March,,63,Spokane,2110,1,,1,1,2,1,1,1,1,,,,8,0,0,No vehicle,0,3,0,2,4 Way,5,2,4,6,0,0,20,3,S REGAL ST,E 53rd Ave,-117.3683778,47.60586944,99223,0,1,13,Pedestrian/Animal,80,5,98,4,0,0,1,5,8,1,1,2,1,10,Others,1,1,53,,0,35,472,2003,0,0,68,12,60,54,12,,1,1,27,1,1,7,4,7,3,0,11,0,06-11-2018,22:02,2.03E+11,26478,0,0,0,2,1,33,0,0,0,96,,,,,,9,,,,,,98106,53,66,130,1,1,0,1,0,0,,0,,,,,,0,03-15-2018,05-15-2018,1,0,0,0,0,1,1,,,0,0,0,1,1,2,605,695,,1,1,,2,1,0.19,,,,,,,,,,,,,,,,,,,,,,,,,,,,,,0,0,0,0,1,1,1,1,1,0,0,0,0,1,0,0,0,0,0,0,0,0,0,1,1,0,0,0,0,1,0,0,0,0,0,,1,0,0,0,0,1,1,1,0,0,0,1,0,0,0,1,,,,,,26-30,26-35,US highway,U,Monday,Belt Used,PV,Hispanic,0,1,1,0,State Route,State Patrol,Washington State Patrol,0,1,0,0,0,thc,9.2,carboxy-thc,47,,0,1,0,,,,,,,,,,,,,,,,,,,,,,,,,,,,,,,,,,,
2020,417,635164,290,10-15-2020,22:32,15,10,Oct,,53,Pierce,2230,1,,3,1,2,1,0,1,1,,,,30,0,0,No vehicle,0,3,0,2,4 Way,3,2,1,3,0,0,0,0,SR-509,S 28TH ST,-122.4347417,47.23613056,98402,0,1,6,Drive off road,6,1,25,2,0,0,1,2,30,1,2,5,5,6,Others,1,2,53,,0,7,482,2006,0,0,12,,,,,,1,1,22,1,0,0,0,0,3,0,11,0,,,,,0,0,0,3,1,0,0,0,0,96,,,,,,0,,,,,,98362,53,72,160,6,1,0,0,0,0,,0,,,,,,0,,,20,0,0,0,8,9,2,,,0,0,0,0,0,8,95,,,96,,,8,95,995,,,,,,,,,,,,,,,,,,,,,,,,,,,,,,0,0,0,0,0,0,0,0,0,0,0,0,0,0,0,0,0,0,0,0,0,1,1,1,1,0,0,0,1,1,0,0,0,0,0,,0,0,0,0,0,0,0,0,0,0,0,0,0,0,0,0,,,,,,21-25,16-25,US highway,U,Thursday,Belt Used,PV,Not Fatal,0,0,0,0,State Route,State Patrol,Washington State Patrol,0,1,0,0,0,,,,,,0,0,0,,,,,,,,,,,,,,,,,,,,,,,,,,,,,,,,,,,