year,something,Cases,repjur,crash_dt,crash_tm,accday,Month,Month,holiday,county,co_char,city,weather,weather2,lightcond,surfcond,surftype,Number of Fatalities,nmforms,pforms,vforms,not_tm,arr_tm,hosp_tm,fhevent,hitrun,Manner of Collision,Manner of Collision,milepnt,reljunc,reljuncinter,intersectiontype,Intersection Type,funcsystem,landuse,ownership,route,schlbus,spejur,contdev,devfunc,trafid1,trafid2,x,y,zipcode,wk_zone,vnumber,crashtype,Crash Type,criticalevent,criticaleventcat,spdlim,body,trailer,emerg,hazcargo,leave,mhevent,roadalgn,roadprof,traflane,trafflow,Vehicle Manure,Vehicle Manure,numoccs,regowner,regstate,,spuse,make,model,modelyr,vrf1,vrf2,seqevent1,seqevent2,seqevent3,seqevent4,seqevent5,seqevent6,pnumber,ptype,age,sex,hispanic,race,injury,diedscene,restraint,restraintmisuse,seatpos,takehosp,death_dt,death_tm,cert,cernum_wa,commlic,licendor,licrestrict,liccomp,drivpres,drf1,drf2,drf3,drf4,distract1,distract2,distract3,distract4,distract5,distract6,dricond1,dricond2,dricond3,dricond4,dricond5,dricond6,dzip,licstate,drhgt_in,weight,noncdl,noncdltype,prevdwi,prevoth,prevacc,prevspd,prevsus,driviol1,driviol2,driviol3,driviol4,driviol5,driviol6,spdrel,first_dt,last_dt,airbag,ejection,ejectpath,extricat,injurwrk,methalc,methdrug,nmlocat,strikveh,prf1,prf2,prf3,druginv,alcinvol,drugsts,drugres1,drugres2,drugres3,drugtst1,drugtst2,drugtst3,alcsts,alctst,alcres,nmact1,nmact2,nmact3,nmact4,nmact5,nmact6,nmprior1,nmprior2,nmprior3,nmprior4,nmprior5,nmprior6,nmcond1,nmcond2,nmcond3,nmcond4,nmcond5,nmcond6,nmsafe_helmet,nmsafe_pads,nmsafe_oth,nmprev_ref,nmprev_lgt,nmprev_oth,crashlocation,nmcrashtype,crosswalk,schoolzone,sidewalk,train_inv,wildlife_inv,rotr_fars,intersect_fars,Drink and Drive,aid_inv,Drug Positive Drivers,Impaired Drivers,Marijuana Positive,impnm_inv,ainm_inv,dpnm_inv,speed_inv,unlic_inv,unendmc_inv,drowsy_inv,drdist_inv,nmdist_inv,fty_inv,unrestfat_inv,dr1617_inv,dr1820_inv,dr1620_inv,dr2125_inv,dr1625_inv,dr65_inv,dr70_inv,dr75_inv,mc_inv,pv_inv,ht_inv,ped_inv,bike_inv,unrest_fat,mc_fat,unhelmet_mc,pv_fat,ht_fat,ped_fat,bike_fat,dr_alc7,dr_alc8,dr_drug,dr_imp,dr_dist,dr_spd,dr_fty,dr_unlic,dr_alc7only,dr_alc8only,dr_drugonly,dr_drink,nm_imp,nm_alc7,nm_alc8,nm_drug,nm_dist,agegrp1,agegrp2,roadclass,urbrur,dayweek,restuse,vehtype,race_me,intersect,lanedep,oppdir,wrongway,rep_typ,investag,repag_long,rotr,st_rd,cty_rd,city_rd,oth_rd,drug_thc,thc_res,drug_cthc,cthc_res,drug_cann,prevpersemin,prevperse,prevsusoth,drugtst4,drugtst5,drugtst6,drugtst7,drugtst8,drugres4,drugres5,drugres6,drugres7,drugres8,adspresent,adsengaged,adslevel,race1,race2,race3,race4,race5,helmet,helmetmisuse,nmdistract1,nmdistract2,nmdistract3,nmdistract4,nmdistract5,nmdistract6,lab,isedtcase,crf1,crf2,crf3,CoRoadName,CoMP,IntCoRoadName,IntCoMP
2019,417,634472,35,11-22-2019,05:54,22,11,Nov,,53,Pierce,0,1,0,2,1,2,1,0,2,2,,,,12,0,2,Front-to-Front,12.2,1,0,1,No intersection,4,1,2,4,0,0,0,0,CR-ORTING KAPOWSIN HWY,,-122.2519528,47.02861389,98338,0,2,51,Lateral Move(Going Straight),62,4,45,62,0,0,1,5,12,1,1,2,1,1,Going Straight,1,3,53,,0,72,706,2016,0,0,68,12,,,,,1,1,19,2,7,1,4,7,19,0,11,0,06/21/2018,17:00,1.70E+11,28006,0,0,0,3,1,28,0,0,0,96,,,,,,99,,,,,,98382,53,70,175,6,1,0,0,1,0,,0,,,,,,0,11-15-2017,11-15-2017,20,8,0,0,0,9,8,,,0,0,0,8,9,2,1,,,1,,,2,1,998,,,,,,,,,,,,,,,,,,,,,,,,,,,,,,0,0,0,0,0,0,0,0,0,0,0,0,0,0,0,0,0,0,0,0,0,1,1,1,1,0,0,0,1,1,0,0,0,0,1,0,0,0,0,0,0,0,0,0,0,0,0,0,0,0,0,0,,,,,,18-20,16-25,US highway,U,Thursday,,MC,White,0,0,0,0,State Route,State Patrol,Washington State Patrol,0,1,0,0,0,,,,,,0,0,0,,,,,,,,,,,,,,,,,,,,,,,,,,,,,,,,,,,
2019,417,634471,35,11-22-2019,05:54,22,11,Nov,,53,Pierce,0,1,0,2,1,2,1,0,2,2,,,,12,0,2,Front-to-Front,12.2,1,0,1,No intersection,4,1,2,4,0,0,0,0,CR-ORTING KAPOWSIN HWY,,-122.2519528,47.02861389,98338,0,1,50,Lateral Move(Left/Right),10,2,45,4,0,0,1,5,12,1,1,2,1,1,Going Straight,1,1,53,,0,34,402,2007,0,0,63,30,1,,,,1,1,19,1,1,99,4,0,20,0,11,5,06/27/2018,07:48,1.85E+11,28908,0,0,0,2,1,0,0,0,0,92,,,,,,2,,,,,,98270,53,67,152,1,1,0,0,1,1,,0,,,,,,0,11-15-2015,10-15-2016,8,1,9,0,0,1,1,,,0,0,0,0,0,2,1,,,1,,,2,1,0,,,,,,,,,,,,,,,,,,,,,,,,,,,,,,0,0,1,0,0,0,0,0,0,0,0,0,0,1,0,1,1,0,0,1,0,1,1,0,1,0,0,0,0,1,0,0,0,1,0,,1,0,0,0,0,0,0,0,1,0,0,1,0,0,0,0,,,,,,18-20,16-25,Interstate,R,Wednesday,Not Used,PV,Hispanic,0,1,0,0,State Route,State Patrol,Washington State Patrol,1,1,0,0,0,,,,,,0,0,5,,,,,,,,,,,,,,,,,,,,,,,,,,,,,,,,,,,
2018,417,633690,46,10-25-2018,22:45,25,10,Oct,0,75,Whitman,0,99,0,9,99,2,1,0,1,1,,,,30,0,0,No vehicle,1.9,1,0,1,No intersection,5,1,2,4,0,0,0,0,CR-PULLMAN ALBION RD,,-117.2245417,46.77416944,99102,0,1,1,Driver Off Road,13,2,55,4,0,0,1,7,30,1,2,2,1,1,Going Straight,1,2,53,,0,48,401,2004,0,0,12,,,,,,1,1,62,1,0,0,0,0,3,0,11,0,,,,,0,0,3,3,1,0,0,0,0,0,,,,,,0,,,,,,98580,53,70,200,6,1,0,0,1,0,,0,,,,,,0,10-15-2016,10-15-2016,20,0,0,0,8,9,8,,,0,0,0,8,0,8,95,,,96,,,8,95,995,,,,,,,,,,,,,,,,,,,,,,,,,,,,,,0,0,0,1,0,0,1,1,0,0,0,0,1,0,0,0,0,0,0,0,0,0,0,1,1,1,0,0,0,1,0,0,0,0,0,,0,0,0,0,0,0,0,0,0,0,0,0,0,0,0,0,,,,,,61-65,56-65,City street,U,Thursday,Belt Used,PV,Not Fatal,1,0,0,0,City Street,Municipal/City Police,Lakewood Police Department,0,0,0,1,0,,,,,,0,0,0,,,,,,,,,,,,,,,,,,,,,,,,,,,,,,,,,,,
2017,417,632890,35,10-05-2017,17:20,5,10,Oct,0,53,Pierce,0,1,0,1,1,2,1,1,1,1,,,,8,0,0,No vehicle,0.1,1,0,1,No intersection,4,1,2,4,0,0,0,0,CR-KEY PENINSULA HWY N,,-122.7438222,47.34257778,98394,0,1,13,Pedestrian/Animal,13,2,35,6,0,0,1,5,8,2,1,2,1,14,Making a U turn,1,1,53,,0,55,401,2004,0,0,12,12,,,,,1,1,44,2,0,0,0,0,3,0,11,0,,,,,0,0,0,3,1,0,0,0,0,0,,,,,,0,,,,,,98391,53,62,140,6,1,0,0,0,0,,0,,,,,,0,,,1,0,0,0,8,9,8,,,0,0,0,8,0,8,95,,,96,,,8,95,995,,,,,,,,,,,,,,,,,,,,,,,,,,,,,,0,0,0,1,0,0,1,1,0,0,0,0,1,0,0,0,0,0,0,0,0,0,0,1,1,1,0,0,0,1,0,0,0,0,0,,0,0,0,0,0,0,0,0,0,0,0,0,0,0,0,0,,,,,,41-45,36-45,City street,U,Thursday,Belt Used,PV,Not Fatal,1,0,0,0,City Street,Municipal/City Police,Lakewood Police Department,0,0,0,1,0,,,,,,0,0,0,,,,,,,,,,,,,,,,,,,,,,,,,,,,,,,,,,,
2021,418,635999,337,09-28-2021,20:46,28,9,Sep,,73,Whatcom,110,1,,3,1,2,1,0,2,1,,,,33,0,0,No vehicle,0,3,0,2,4 Way,4,2,4,6,0,0,0,0,YEW ST,WOBURN ST,-122.4450306,48.75661944,98229,0,1,1,Driver Off Road,13,2,98,4,0,0,1,2,42,3,8,2,1,11,Turning Red: Permitted on red,2,2,53,,0,23,402,2014,0,0,12,12,,,,,1,1,67,2,0,0,1,0,3,0,11,8,,,,,0,0,3,3,1,0,0,0,0,0,,,,,,0,,,,,,98374,53,64,107,6,1,0,0,0,0,,0,,,,,,0,,,8,0,0,0,8,9,8,,,0,0,0,8,0,8,95,,,96,,,8,95,995,,,,,,,,,,,,,,,,,,,,,,,,,,,,,,0,0,0,1,0,0,1,1,0,0,0,0,1,0,0,0,0,0,0,0,0,0,0,1,1,1,0,0,0,1,0,0,0,0,0,,0,0,0,0,0,0,0,0,0,0,0,0,0,0,0,0,,,,,,66-70,66-75,City street,U,Thursday,Belt Used,PV,Not Fatal,1,0,0,0,City Street,Municipal/City Police,Lakewood Police Department,0,0,0,1,0,,,,,,0,0,0,,,,,,,,,,,,,,,,,,,,,,,,,,,,,,,,,,,
2020,418,635167,6,10-17-2020,14:27,17,10,Oct,,37,Kittitas,0,1,,1,1,2,1,0,1,1,14:25,14:48,,1,0,0,No vehicle,128.7,1,0,1,No intersection,1,1,1,1,0,0,0,0,I-90,,-120.1112806,46.94419167,,0,1,6,Drive off road,12,2,70,80,0,0,1,2,1,3,2,3,2,15,Others,1,1,53,,0,23,481,2008,0,0,12,,,,,,1,1,23,1,0,0,0,0,3,0,11,0,,,,,0,0,3,3,1,0,0,0,0,96,,,,,,0,,,,,,98388,53,74,192,6,1,0,5,0,1,,0,,,,,,0,03-15-2015,02-15-2018,1,0,0,0,8,9,8,,,0,0,0,8,0,8,95,,,96,,,8,95,995,,,,,,,,,,,,,,,,,,,,,,,,,,,,,,0,0,0,1,0,0,1,1,0,0,0,0,1,0,0,0,0,0,0,0,0,0,0,1,1,1,0,0,0,1,0,0,0,0,0,,0,0,0,0,0,0,0,0,0,0,0,0,0,0,0,0,,,,,,21-25,16-25,City street,U,Thursday,Belt Used,PV,Not Fatal,1,0,0,0,City Street,Municipal/City Police,Lakewood Police Department,0,0,0,1,0,,,,,,0,0,0,,,,,,,,,,,,,,,,,,,,,,,,,,,,,,,,,,,
2018,418,633692,6,10-29-2018,17:27,29,10,Oct,0,1,Adams,0,1,0,1,1,2,1,0,2,2,17:25,17:36,,12,0,6,Angle,46.8,2,0,2,4 Way,3,1,1,3,0,0,0,0,SR-26,BOOKER RD,-119.0482028,46.79954167,99344,0,2,86,Others,66,4,60,14,0,0,1,7,12,1,1,2,1,1,Going Straight,1,1,53,,0,41,51,2012,0,0,12,12,,,,,1,1,36,1,7,1,4,0,3,0,11,4,06/24/2018,06:02,2.23E+11,28043,0,0,0,3,1,37,39,0,0,96,,,,,,99,,,,,,98444,53,68,160,6,1,0,1,0,0,,0,,,,,,3,11-15-2017,11-15-2017,8,0,0,0,0,9,8,,,0,0,0,8,9,2,401,417,,1,1,,2,1,0,,,,,,,,,,,,,,,,,,,,,,,,,,,,,,0,0,0,1,0,0,1,1,0,0,0,0,1,0,0,0,0,0,0,0,0,0,0,1,1,1,0,0,0,1,0,0,0,0,0,,1,0,0,0,0,0,1,1,0,1,0,0,0,0,1,0,,,,,,36-40,36-45,City street,U,Thursday,Belt Used,PV,White,1,0,0,0,City Street,Municipal/City Police,Lakewood Police Department,0,0,0,1,0,,,,,,0,0,1,,,,,,,,,,,,,,,,,,,,,,,,,,,,,,,,,,,
2018,418,633691,6,10-29-2018,17:27,29,10,Oct,0,1,Adams,0,1,0,1,1,2,1,0,2,2,17:25,17:36,,12,0,6,Angle,46.8,2,0,2,4 Way,3,1,1,3,0,0,20,3,SR-26,BOOKER RD,-119.0482028,46.79954167,99344,0,1,87,Others,17,2,50,66,1,0,1,7,12,1,1,2,1,1,Going Straight,1,3,53,,0,49,40,2012,0,0,12,,,,,,1,1,46,2,0,0,0,0,3,0,11,0,,,,,0,0,3,3,1,0,0,0,0,0,,,,,,0,,,,,,98908,53,66,120,6,1,0,0,0,0,,0,,,,,,0,,,20,0,0,0,8,9,8,,,0,0,0,8,0,8,95,,,96,,,8,95,995,,,,,,,,,,,,,,,,,,,,,,,,,,,,,,0,0,0,0,0,0,1,1,1,0,0,0,1,0,0,0,0,0,0,0,0,0,0,0,0,0,0,0,1,1,0,0,0,0,0,,0,0,0,0,0,0,0,0,0,0,0,0,0,0,0,0,,,,,,46-50,46-55,State route,U,Thursday,Belt Used,PV,Not Fatal,0,0,0,0,State Route,State Patrol,Washington State Patrol,0,1,0,0,0,,,,,,0,0,0,,,,,,,,,,,,,,,,,,,,,,,,,,,,,,,,,,,
2017,418,632902,1,10-07-2017,02:43,7,10,Oct,0,77,Yakima,0,1,0,2,1,2,1,0,2,2,,,,12,0,2,Front-to-Front,12.9,1,0,1,No intersection,5,1,1,3,0,3,0,0,SR-22,,-120.1670278,46.28166667,98948,0,2,51,Lateral Move(Going Straight),62,4,60,61,0,0,1,2,12,1,1,2,1,1,Going Straight,1,3,53,,0,76,706,2008,0,0,1,12,,,,,1,1,35,1,7,1,4,0,5,0,11,4,06/22/2018,00:24,1.96E+11,27857,0,0,1,3,1,26,0,0,0,96,,,,,,0,,,,,,98074,53,71,190,6,1,0,0,0,0,,0,,,,,,4,,,20,8,0,0,0,9,8,,,0,0,0,8,0,2,605,695,,1,1,,2,1,0,,,,,,,,,,,,,,,,,,,,,,,,,,,,,,0,0,0,0,0,0,1,1,1,0,0,0,1,0,0,0,0,0,0,0,0,0,0,0,0,0,0,0,1,1,0,0,0,0,1,0,0,0,0,0,0,0,1,1,0,1,0,0,0,0,1,0,,,,,,31-35,26-35,State route,U,Thursday,,MC,White,0,0,0,0,State Route,State Patrol,Washington State Patrol,0,1,0,0,0,thc,13,carboxy-thc,32,,0,0,0,,,,,,,,,,,,,,,,,,,,,,,,,,,,,,,,,,,
2017,418,632901,1,10-07-2017,02:43,7,10,Oct,0,77,Yakima,0,1,0,2,1,2,1,0,2,2,,,,12,0,2,Front-to-Front,12.9,1,0,1,No intersection,5,1,1,3,0,3,0,0,SR-22,,-120.1670278,46.28166667,98948,0,1,50,Lateral Move(Left/Right),10,2,60,4,0,0,1,2,12,1,1,2,1,1,Going Straight,1,1,53,,0,58,37,2008,0,0,63,1,42,,,,1,1,21,1,1,98,4,0,20,0,11,4,06/24/2018,04:19,11053028697,28697,0,0,3,2,1,37,0,0,0,96,,,,,,9,,,,,,98247,53,70,135,1,1,1,1,1,2,,0,,,,,,3,03-15-2016,06-15-2018,8,1,9,0,0,9,1,,,0,0,0,1,1,2,401,417,,1,1,,2,1,0.18,,,,,,,,,,,,,,,,,,,,,,,,,,,,,,0,0,1,0,1,1,1,1,0,0,0,0,1,1,0,0,0,0,0,1,0,0,0,1,1,0,0,0,0,1,0,0,0,1,0,,1,0,0,0,0,1,1,1,0,1,0,1,0,0,0,1,,,,,,21-25,16-25,City street,U,Sunday,Not Used,PV,Hispanic,0,1,0,0,City Street,Municipal/City Police,Bellingham Police Department,1,0,0,1,0,,,,,,1,0,2,,,,,,,,,,,,,,,,,,,,,,,,,,,,,,,,,,,
2021,419,636001,146,10-06-2021,15:08,6,10,Oct,,77,Yakima,0,1,,1,1,2,1,0,2,2,,,,12,0,1,Front-to-Rear,5.7,1,0,1,No intersection,6,1,2,4,0,0,0,0,CR-BETHANY RD,,-119.92665,46.35047222,98944,0,2,25,Others,54,3,50,90,0,0,1,2,12,1,1,2,1,15,Others,1,0,0,,0,53,706,2001,0,0,12,,,,,,1,1,35,1,0,0,3,0,19,0,11,1,,,,,0,0,0,3,1,0,0,0,0,96,,,,,,99,,,,,,98055,53,74,235,6,1,0,0,1,1,,0,,,,,,4,08-15-2013,10-15-2017,20,8,0,0,8,9,8,,,0,0,0,8,9,0,0,,,0,,,0,0,996,,,,,,,,,,,,,,,,,,,,,,,,,,,,,,0,0,0,1,1,1,1,1,1,0,0,0,1,0,0,0,0,0,1,0,0,0,0,0,0,0,0,0,1,1,0,0,0,0,0,0,0,0,0,0,0,0,0,0,0,1,0,0,0,0,0,0,,,,,,31-35,26-35,State route,U,Sunday,,MC,Not Fatal,1,0,0,0,State Route,County Sheriff,King County Police,0,1,0,0,0,,,,,,0,0,2,,,,,,,,,,,,,,,,,,,,,,,,,,,,,,,,,,,
2021,419,636000,146,10-06-2021,15:08,6,10,Oct,,77,Yakima,0,1,,1,1,2,1,0,2,2,,,,12,0,1,Front-to-Rear,5.7,1,0,1,No intersection,6,1,2,4,0,0,0,0,CR-BETHANY RD,,-119.92665,46.35047222,98944,0,1,24,Others,60,4,50,66,0,0,1,2,12,1,1,2,1,1,Going Straight,1,3,53,,0,77,706,2016,0,0,12,,,,,,1,1,54,1,7,1,4,7,19,0,11,0,06/17/2018,20:41,1.26E+11,27846,0,0,0,3,1,0,0,0,0,96,,,,,,99,,,,,,98058,53,72,153,6,1,0,0,0,0,,0,,,,,,4,,,20,8,0,0,0,9,8,,,0,0,0,8,9,2,605,695,,1,1,,2,1,0.11,,,,,,,,,,,,,,,,,,,,,,,,,,,,,,0,0,0,1,1,1,1,1,1,0,0,0,1,0,0,0,0,0,1,0,0,0,0,0,0,0,0,0,1,1,0,0,0,0,1,0,0,0,0,0,0,1,1,1,0,1,0,0,0,0,0,1,,,,,,51-55,46-55,State route,U,Sunday,,MC,White,1,0,0,0,State Route,County Sheriff,King County Police,0,1,0,0,0,thc,44,carboxy-thc,27,,0,0,0,,,,,,,,,,,,,,,,,,,,,,,,,,,,,,,,,,,
2020,419,635168,29,10-24-2020,19:42,24,10,Oct,,41,Lewis,0,1,,2,1,2,1,0,1,1,19:45,19:46,,1,0,0,No vehicle,5.9,1,0,1,No intersection,5,1,2,4,0,0,0,0,CR-HIGHWAY 603,,-122.9354056,46.593425,98532,0,1,98,Others,9,1,50,34,0,0,1,2,1,1,1,2,1,6,Others,1,1,53,,0,49,40,2012,0,0,12,12,,,,,1,1,43,2,0,0,2,0,3,0,11,5,,,,,0,0,0,3,1,38,0,0,0,96,,,,,,0,,,,,,98038,53,66,130,6,1,0,0,0,0,,97,,,,,,0,,,8,0,0,0,8,9,8,,,0,0,0,8,0,8,95,,,96,,,8,95,995,,,,,,,,,,,,,,,,,,,,,,,,,,,,,,0,0,0,1,1,1,1,1,1,0,0,0,1,0,0,0,0,0,1,0,0,0,0,0,0,0,0,0,1,1,0,0,0,0,0,,0,0,0,0,0,0,0,0,0,0,1,0,0,0,0,0,,,,,,41-45,36-45,State route,U,Sunday,Belt Used,PV,Not Fatal,1,0,0,0,State Route,County Sheriff,King County Police,0,1,0,0,0,,,,,,0,0,0,,,,,,,,,,,,,,,,,,,,,,,,,,,,,,,,,,,
2019,419,634476,59,11-20-2019,06:33,20,11,Nov,,33,King,109,1,0,3,1,2,1,1,1,1,,,,8,0,0,No vehicle,0,3,0,2,4 Way,7,2,4,6,0,0,3,3,NE 24TH ST,BELLEVUE WAY NE,-122.2016361,47.63195833,98004,0,1,13,Pedestrian/Animal,80,5,25,14,0,0,1,7,8,1,1,3,1,11,Turning Red: Permitted on red,1,2,53,,0,20,403,2004,0,0,64,69,63,1,3,,1,1,32,2,7,1,4,7,20,0,11,0,06/19/2018,00:02,62053027588,27588,0,0,0,3,1,58,0,0,0,96,,,,,,9,,,,,,98942,53,68,175,6,1,0,0,1,0,,0,,,,,,0,03-15-2018,03-15-2018,20,0,0,0,0,9,1,,,0,0,0,1,9,2,177,401,417,1,1,1,2,1,0,,,,,,,,,,,,,,,,,,,,,,,,,,,,,,0,0,0,0,0,0,1,1,0,0,0,0,0,0,0,0,0,0,0,1,0,0,0,0,0,0,0,0,0,1,0,0,0,1,0,,1,0,0,0,0,0,1,1,0,0,0,0,0,0,1,0,,,,,,31-35,26-35,Interstate,R,Tuesday,Not Used,PV,White,0,1,0,0,State Route,State Patrol,Washington State Patrol,1,1,0,0,0,,,,,,0,0,0,,,,,,,,,,,,,,,,,,,,,,,,,,,,,,,,,,,
2018,419,633694,8,11-19-2018,10:30,19,11,Nov,0,35,Kitsap,0,1,0,1,1,2,1,0,1,1,,,,42,0,0,No vehicle,18.5,1,0,1,No intersection,3,1,1,3,0,0,0,0,SR-16,,-122.6224889,47.43967778,98359,0,1,1,Driver Off Road,13,2,60,55,0,0,1,2,2,1,1,2,3,1,Going Straight,1,3,53,,0,23,481,1999,0,0,12,,,,,,1,1,73,1,0,0,1,0,3,0,11,5,,,,,0,0,3,3,1,0,0,0,0,0,,,,,,0,,,,,,98284,53,77,232,6,1,0,0,0,0,,0,,,,,,0,,,8,0,0,0,8,9,8,,,0,0,0,8,0,2,1,,,1,,,2,1,0,,,,,,,,,,,,,,,,,,,,,,,,,,,,,,0,0,0,1,1,1,0,1,0,0,0,0,1,0,0,0,0,0,0,0,0,1,1,0,1,1,1,0,0,1,0,0,0,0,0,,0,0,0,0,0,0,0,0,0,0,0,0,0,0,0,0,,,,,,71-75,66-75,County road,U,Monday,Belt Used,PV,Not Fatal,1,0,0,0,County Road,State Patrol,Washington State Patrol Headquarter,0,0,1,0,0,,,,,,0,0,0,,,,,,,,,,,,,,,,,,,,,,,,,,,,,,,,,,,
2017,419,632892,26,10-08-2017,11:05,8,10,Oct,7,35,Kitsap,0,1,0,1,1,2,1,0,3,2,,,,12,0,6,Angle,2.2,2,0,2,4 Way,7,1,2,4,0,0,0,0,CR-SE PRUCE RD,WILLOW RD SE,-122.6366111,47.41430556,98367,0,2,86,Others,66,4,35,34,0,0,1,5,12,1,1,2,1,1,Going Straight,1,1,53,,0,34,35,2000,0,0,12,,,,,,1,1,20,1,0,0,1,0,3,0,11,0,,,,,0,0,0,3,1,91,0,0,0,96,,,,,,9,,,,,,98223,53,71,160,6,1,0,0,0,1,,1,,,,,,4,06-15-2017,06-15-2017,1,0,0,0,8,9,8,,,0,0,0,8,1,2,1,,,1,,,2,1,0.089,,,,,,,,,,,,,,,,,,,,,,,,,,,,,,0,0,0,1,1,1,0,1,0,0,0,0,1,0,0,0,0,0,0,0,0,1,1,0,1,1,1,0,0,1,0,0,0,0,0,,0,0,0,0,0,1,0,1,0,1,0,0,0,1,0,1,,,,,,18-20,16-25,County road,U,Monday,Belt Used,PV,Not Fatal,1,0,0,0,County Road,State Patrol,Washington State Patrol Headquarter,0,0,1,0,0,,,,,,0,0,0,,,,,,,,,,,,,,,,,,,,,,,,,,,,,,,,,,,
2017,419,632891,26,10-08-2017,11:05,8,10,Oct,7,35,Kitsap,0,1,0,1,1,2,1,0,3,2,,,,12,0,6,Angle,2.2,2,0,2,4 Way,7,1,2,4,0,0,20,3,CR-SE PRUCE RD,WILLOW RD SE,-122.6366111,47.41430556,98367,0,1,87,Others,17,2,30,4,0,0,1,5,12,1,1,2,1,1,Going Straight,2,2,53,,0,41,403,2016,0,0,12,,,,,,1,1,50,2,0,0,0,0,3,0,11,0,,,,,6,0,0,3,1,0,0,0,0,96,,,,,,0,,,,,,98506,53,74,230,6,1,0,0,0,0,,0,,,,,,0,,,20,0,0,0,8,9,8,,,0,0,0,8,1,8,95,,,96,,,8,95,995,,,,,,,,,,,,,,,,,,,,,,,,,,,,,,0,0,0,1,1,0,1,1,0,0,0,0,1,0,0,0,0,0,0,0,0,0,0,0,0,0,0,0,1,1,0,0,0,0,0,,0,0,0,0,0,0,0,0,0,0,0,0,0,0,0,1,,,,,,46-50,46-55,City street,U,Saturday,Belt Used,PV,Not Fatal,1,0,0,0,City Street,Municipal/City Police,Olympia Police Department,0,0,0,1,0,,,,,,0,0,0,,,,,,,,,,,,,,,,,,,,,,,,,,,,,,,,,,,
2017,420,632894,4,10-08-2017,23:00,8,10,Oct,7,75,Whitman,0,1,0,2,1,2,1,1,3,1,,,,8,0,0,No vehicle,30.7,1,0,1,No intersection,5,1,1,3,0,0,0,0,SR-27,,-117.1540111,47.05610833,99130,0,1,13,Pedestrian/Animal,80,5,55,34,0,0,1,5,8,2,2,2,1,14,Making a U turn,3,1,41,,0,53,706,2001,0,0,12,,,,,,1,1,26,1,0,0,3,0,19,0,11,8,,,,,0,0,0,3,1,0,0,0,0,96,,,,,,99,,,,,,98512,53,75,250,6,1,0,0,4,1,,0,,,,,,4,02-15-2015,05-15-2018,20,8,0,0,8,9,8,,,0,0,0,8,1,2,522,,,1,,,2,1,0.07,,,,,,,,,,,,,,,,,,,,,,,,,,,,,,0,0,0,1,1,0,1,1,0,0,0,0,1,0,0,0,0,0,0,0,0,0,0,0,0,0,0,0,1,1,0,0,0,0,0,0,0,0,0,0,1,0,1,1,0,1,0,0,0,0,0,1,,,,,,26-30,26-35,City street,U,Saturday,,MC,Not Fatal,1,0,0,0,City Street,Municipal/City Police,Olympia Police Department,0,0,0,1,0,,,,,,0,0,0,,,,,,,,,,,,,,,,,,,,,,,,,,,,,,,,,,,
2021,420,636002,29,10-09-2021,16:21,9,10,Oct,,41,Lewis,0,1,,1,1,2,1,0,1,1,,,,24,0,0,No vehicle,0.1,1,0,1,No intersection,7,1,2,4,0,0,0,0,CR-SUMMERS RD,,-123.0485389,46.74802778,98544,0,1,1,Driver Off Road,13,2,35,14,0,0,1,2,24,3,2,2,1,14,Making a U turn,1,2,53,,0,7,482,2004,0,0,8,,,,,,1,1,49,1,0,0,0,0,3,0,11,0,,,,,0,0,3,3,1,0,0,0,0,96,,,,,,0,,,,,,98664,53,69,230,6,1,0,0,0,0,,0,,,,,,0,,,20,0,0,0,8,9,2,,,0,0,0,0,0,8,95,,,96,,,8,95,995,,,,,,,,,,,,,,,,,,,,,,,,,,,,,,0,0,0,0,0,0,0,0,0,0,0,0,0,0,0,0,0,0,0,0,0,0,0,0,0,0,0,0,0,1,0,1,0,0,0,,0,0,0,0,0,0,0,0,0,0,0,0,0,0,0,0,,,,,,46-50,46-55,State route,U,Thursday,Belt Used,PV,Not Fatal,0,0,0,0,State Route,State Patrol,Washington State Patrol Headquarter,0,1,0,0,0,,,,,,0,0,0,,,,,,,,,,,,,,,,,,,,,,,,,,,,,,,,,,,
2020,420,635170,42,10-24-2020,22:52,24,10,Oct,,67,Thurston,0,1,,2,1,2,2,0,3,2,,,,12,0,2,Front-to-Front,3.2,1,0,1,No intersection,5,1,2,4,0,0,0,0,CR-BALD HILL RD SE,,-122.5420722,46.90020556,98597,0,2,50,Lateral Move(Left/Right),10,2,98,80,0,0,1,5,12,2,1,2,1,14,Making a U turn,2,1,53,,0,12,3,2017,0,0,12,63,42,,,,1,1,20,1,7,1,4,7,3,0,11,0,06-09-2018,04:23,80053026624,26624,0,0,0,3,1,0,0,0,0,93,,,,,,99,,,,,,70748,22,72,140,6,1,0,0,98,0,,0,,,,,,4,,,8,0,0,0,0,9,8,,,0,0,0,8,0,2,1,,,1,,,2,1,0,,,,,,,,,,,,,,,,,,,,,,,,,,,,,,0,0,0,0,1,0,0,0,0,0,0,0,1,0,0,0,1,0,0,0,0,1,1,0,1,0,0,0,0,1,0,0,0,0,0,,1,0,0,0,0,0,0,0,1,1,0,0,0,0,0,0,,,,,,18-20,16-25,State route,U,Saturday,Belt Used,PV,White,0,0,0,0,State Route,State Patrol,Washington State Patrol,0,1,0,0,0,,,,,,0,0,0,,,,,,,,,,,,,,,,,,,,,,,,,,,,,,,,,,,