year,something,Cases,repjur,crash_dt,crash_tm,accday,Month,Month,holiday,county,co_char,city,weather,weather2,lightcond,surfcond,surftype,Number of Fatalities,nmforms,pforms,vforms,not_tm,arr_tm,hosp_tm,fhevent,hitrun,Manner of Collision,Manner of Collision,milepnt,reljunc,reljuncinter,intersectiontype,Intersection Type,funcsystem,landuse,ownership,route,schlbus,spejur,contdev,devfunc,trafid1,trafid2,x,y,zipcode,wk_zone,vnumber,crashtype,Crash Type,criticalevent,criticaleventcat,spdlim,body,trailer,emerg,hazcargo,leave,mhevent,roadalgn,roadprof,traflane,trafflow,Vehicle Manure,Vehicle Manure,numoccs,regowner,regstate,,spuse,make,model,modelyr,vrf1,vrf2,seqevent1,seqevent2,seqevent3,seqevent4,seqevent5,seqevent6,pnumber,ptype,age,sex,hispanic,race,injury,diedscene,restraint,restraintmisuse,seatpos,takehosp,death_dt,death_tm,cert,cernum_wa,commlic,licendor,licrestrict,liccomp,drivpres,drf1,drf2,drf3,drf4,distract1,distract2,distract3,distract4,distract5,distract6,dricond1,dricond2,dricond3,dricond4,dricond5,dricond6,dzip,licstate,drhgt_in,weight,noncdl,noncdltype,prevdwi,prevoth,prevacc,prevspd,prevsus,driviol1,driviol2,driviol3,driviol4,driviol5,driviol6,spdrel,first_dt,last_dt,airbag,ejection,ejectpath,extricat,injurwrk,methalc,methdrug,nmlocat,strikveh,prf1,prf2,prf3,druginv,alcinvol,drugsts,drugres1,drugres2,drugres3,drugtst1,drugtst2,drugtst3,alcsts,alctst,alcres,nmact1,nmact2,nmact3,nmact4,nmact5,nmact6,nmprior1,nmprior2,nmprior3,nmprior4,nmprior5,nmprior6,nmcond1,nmcond2,nmcond3,nmcond4,nmcond5,nmcond6,nmsafe_helmet,nmsafe_pads,nmsafe_oth,nmprev_ref,nmprev_lgt,nmprev_oth,crashlocation,nmcrashtype,crosswalk,schoolzone,sidewalk,train_inv,wildlife_inv,rotr_fars,intersect_fars,Drink and Drive,aid_inv,Drug Positive Drivers,Impaired Drivers,Marijuana Positive,impnm_inv,ainm_inv,dpnm_inv,speed_inv,unlic_inv,unendmc_inv,drowsy_inv,drdist_inv,nmdist_inv,fty_inv,unrestfat_inv,dr1617_inv,dr1820_inv,dr1620_inv,dr2125_inv,dr1625_inv,dr65_inv,dr70_inv,dr75_inv,mc_inv,pv_inv,ht_inv,ped_inv,bike_inv,unrest_fat,mc_fat,unhelmet_mc,pv_fat,ht_fat,ped_fat,bike_fat,dr_alc7,dr_alc8,dr_drug,dr_imp,dr_dist,dr_spd,dr_fty,dr_unlic,dr_alc7only,dr_alc8only,dr_drugonly,dr_drink,nm_imp,nm_alc7,nm_alc8,nm_drug,nm_dist,agegrp1,agegrp2,roadclass,urbrur,dayweek,restuse,vehtype,race_me,intersect,lanedep,oppdir,wrongway,rep_typ,investag,repag_long,rotr,st_rd,cty_rd,city_rd,oth_rd,drug_thc,thc_res,drug_cthc,cthc_res,drug_cann,prevpersemin,prevperse,prevsusoth,drugtst4,drugtst5,drugtst6,drugtst7,drugtst8,drugres4,drugres5,drugres6,drugres7,drugres8,adspresent,adsengaged,adslevel,race1,race2,race3,race4,race5,helmet,helmetmisuse,nmdistract1,nmdistract2,nmdistract3,nmdistract4,nmdistract5,nmdistract6,lab,isedtcase,crf1,crf2,crf3,CoRoadName,CoMP,IntCoRoadName,IntCoMP
2020,420,635169,42,10-24-2020,22:52,24,10,Oct,,67,Thurston,0,1,,2,1,2,2,0,3,2,,,,12,0,2,Front-to-Front,3.2,1,0,1,No intersection,5,1,2,4,0,0,0,0,CR-BALD HILL RD SE,,-122.5420722,46.90020556,98597,0,1,51,Lateral Move(Going Straight),62,4,98,4,0,0,1,5,12,3,1,2,1,14,Making a U turn,1,1,53,,0,35,47,2015,0,0,12,,,,,,1,1,63,1,0,0,1,0,3,0,11,8,,,,,0,0,0,3,1,0,0,0,0,96,,,,,,0,,,,,,98445,53,74,210,6,1,0,0,0,0,,0,,,,,,0,,,20,0,0,0,8,9,8,,,0,0,0,8,1,8,95,,,96,,,8,95,995,,,,,,,,,,,,,,,,,,,,,,,,,,,,,,0,0,0,0,1,0,0,0,0,0,0,0,1,0,0,0,1,0,0,0,0,1,1,0,1,0,0,0,0,1,0,0,0,0,0,,0,0,0,0,0,0,0,0,0,0,0,0,0,0,0,1,,,,,,61-65,56-65,State route,U,Saturday,Belt Used,PV,Not Fatal,0,0,0,0,State Route,State Patrol,Washington State Patrol,0,1,0,0,0,,,,,,0,0,0,,,,,,,,,,,,,,,,,,,,,,,,,,,,,,,,,,,
2019,420,634477,2,11-16-2019,00:01,16,11,Nov,,61,Snohomish,0,1,0,2,2,2,1,0,1,2,,,,31,0,0,No vehicle,2.5,1,0,1,No intersection,5,2,1,3,0,0,0,0,SR-531,,-122.2668222,48.15569722,98223,0,1,1,Driver Off Road,13,2,35,14,0,0,1,7,14,3,4,2,1,14,Making a U turn,1,1,53,,0,72,709,1973,0,0,68,33,,,,,1,1,30,1,7,1,4,7,19,0,11,0,06/22/2018,03:11,2.37E+11,28038,0,0,0,2,1,0,0,0,0,92,,,,,,99,,,,,,98664,53,70,170,1,1,1,4,0,2,,0,,,,,,0,06-15-2013,08-15-2016,20,8,0,0,0,9,8,,,0,0,0,8,9,2,401,402,407,1,1,1,2,1,0,,,,,,,,,,,,,,,,,,,,,,,,,,,,,,0,0,0,1,0,0,1,1,0,0,0,0,0,1,1,0,1,0,0,0,0,0,0,0,0,0,0,0,1,0,0,0,0,0,1,0,0,0,0,0,0,0,1,1,1,0,0,1,0,0,1,0,,,,,,26-30,26-35,City street,U,Friday,,MC,White,1,0,0,0,City Street,Municipal/City Police,Vancouver Police Department,0,0,0,1,0,,,,,,0,1,10,1,,,,,417,,,,,,,,,,,,,,,,,,,,,,,,,,,,,
2018,420,633697,7,11-11-2018,22:27,11,11,Nov,0,33,King,0,1,0,2,1,2,1,1,3,3,,,,8,0,0,No vehicle,13.1,1,0,1,No intersection,3,2,1,3,0,0,0,0,SR-18,,-122.1015472,47.36828333,98027,0,3,98,Others,80,5,60,80,0,0,1,5,8,1,1,2,3,1,Going Straight,1,1,53,,0,34,706,2010,0,0,63,18,,,,,1,1,60,1,7,1,4,7,5,0,11,0,06-12-2018,18:00,53027354,27354,0,0,3,3,1,0,0,0,0,96,,,,,,99,,,,,,98201,53,74,180,6,1,0,0,0,0,,0,,,,,,0,,,20,8,0,0,0,9,8,,,0,0,0,8,9,2,1,,,1,,,2,1,0,,,,,,,,,,,,,,,,,,,,,,,,,,,,,,0,0,1,0,0,0,0,0,0,0,0,0,0,0,0,0,0,0,0,0,0,0,0,0,0,0,0,0,1,0,0,0,0,0,1,0,0,0,0,0,0,0,0,0,0,0,0,0,0,0,0,0,,,,,,56-60,56-65,State route,R,Tuesday,,MC,White,0,1,0,0,State Route,State Patrol,Washington State Patrol,1,1,0,0,0,,,,,,0,0,0,,,,,,,,,,,,,,,,,,,,,,,,,,,,,,,,,,,
2018,420,633696,7,11-11-2018,22:27,11,11,Nov,0,33,King,0,1,0,2,1,2,1,1,3,3,,,,8,0,0,No vehicle,13.1,1,0,1,No intersection,3,2,1,3,0,0,0,0,SR-18,,-122.1015472,47.36828333,98027,0,2,98,Others,80,5,60,20,0,0,1,5,8,1,1,2,3,1,Going Straight,1,1,53,,0,32,43,2007,0,0,12,2,,,,,1,1,18,2,0,0,3,0,99,0,11,5,,,,,0,0,0,3,1,0,0,0,0,96,,,,,,0,,,,,,98383,53,72,140,6,1,0,1,2,0,,97,,,,,,3,04-15-2016,02-15-2018,99,0,0,0,8,9,8,,,0,0,0,8,0,2,177,,,1,,,2,1,0,,,,,,,,,,,,,,,,,,,,,,,,,,,,,,0,0,0,1,0,0,1,1,0,0,0,0,1,0,0,0,0,0,0,0,0,1,1,0,1,0,0,0,0,1,0,0,0,0,0,,0,0,0,0,0,0,1,1,0,1,0,0,0,0,1,0,,,,,,18-20,16-25,County road,R,Tuesday,Unknown,PV,Not Fatal,1,0,0,0,County Road,County Sheriff,Kitsap County Sheriff's Office,0,0,1,0,0,,,,,,0,0,0,,,,,,,,,,,,,,,,,,,,,,,,,,,,,,,,,,,
2018,420,633695,7,11-11-2018,22:27,11,11,Nov,0,33,King,0,1,0,2,1,2,1,1,3,3,,,,8,0,0,No vehicle,13.1,1,0,1,No intersection,3,2,1,3,0,0,0,0,SR-18,,-122.1015472,47.36828333,98027,0,1,13,Pedestrian/Animal,80,5,60,14,0,0,1,5,8,1,1,2,3,1,Going Straight,1,1,53,,0,48,45,2005,0,0,12,64,30,43,1,,1,1,38,1,0,0,3,0,99,0,11,5,,,,,0,0,0,3,1,0,0,0,0,96,,,,,,0,,,,,,98312,53,67,200,6,1,0,0,0,0,,0,,,,,,0,,,8,0,0,1,8,9,8,,,0,0,0,8,0,8,95,,,96,,,8,95,995,,,,,,,,,,,,,,,,,,,,,,,,,,,,,,0,0,0,1,0,0,1,1,0,0,0,0,1,0,0,0,0,0,0,0,0,1,1,0,1,0,0,0,0,1,0,0,0,0,0,,0,0,0,0,0,0,0,0,0,0,0,0,0,0,0,0,,,,,,36-40,36-45,County road,R,Tuesday,Unknown,PV,Not Fatal,1,0,0,0,County Road,County Sheriff,Kitsap County Sheriff's Office,0,0,1,0,0,,,,,,0,0,0,,,,,,,,,,,,,,,,,,,,,,,,,,,,,,,,,,,
2021,421,636003,7,10-10-2021,06:36,10,10,Oct,,33,King,0,2,,3,2,1,1,1,1,1,,,,8,0,0,No vehicle,41.2,1,0,1,No intersection,1,1,1,1,0,0,0,0,I-90,,-121.5784694,47.41039722,,0,1,13,Pedestrian/Animal,80,5,60,66,1,0,1,5,8,1,1,3,3,1,Going Straight,1,3,17,,0,18,402,2004,0,0,68,64,1,42,,,1,1,70,1,7,1,4,7,3,0,11,0,06/13/2018,13:40,53026615,26615,0,0,3,3,1,0,0,0,0,96,,,,,,9,,,,,,98241,53,72,200,6,1,0,0,0,0,,0,,,,,,4,,,1,0,0,0,0,1,8,,,0,0,0,8,1,2,1,,,1,,,2,1,0.095,,,,,,,,,,,,,,,,,,,,,,,,,,,,,,0,0,1,0,1,1,0,1,0,0,0,0,1,0,0,0,0,0,0,0,0,0,0,0,0,1,1,0,0,1,0,0,0,0,0,,1,0,0,0,0,1,0,1,0,1,0,0,0,1,0,1,,,,,,66-70,66-75,State route,R,Wednesday,Belt Used,PV,White,0,1,0,0,State Route,State Patrol,Washington State Patrol,1,1,0,0,0,,,,,,0,0,0,,,,,,,,,,,,,,,,,,,,,,,,,,,,,,,,,,,
2018,421,633698,32,11-12-2018,11:15,12,11,Nov,0,47,Okanogan,0,1,0,1,1,5,1,0,1,1,,,,42,0,0,No vehicle,0.8,1,0,1,No intersection,7,1,2,4,0,0,0,0,CR-SMITH CANYON RD,,-120.1710361,48.26416389,98814,0,1,6,Drive off road,12,2,35,34,0,0,1,7,42,1,2,2,1,1,Going Straight,1,2,41,,0,49,46,2015,0,0,12,,,,,,1,1,61,2,0,0,3,0,3,0,11,4,,,,,0,0,0,3,1,0,0,0,0,12,,,,,,0,,,,,,97431,41,66,148,6,1,0,0,0,0,,0,,,,,,0,,,20,0,0,0,8,9,8,,,0,0,0,8,0,8,95,,,96,,,8,95,995,,,,,,,,,,,,,,,,,,,,,,,,,,,,,,0,0,0,0,0,0,1,1,0,0,0,0,0,0,0,0,1,0,0,0,0,0,0,0,0,0,0,0,0,1,0,0,0,0,0,,0,0,0,0,0,0,0,0,1,0,0,0,0,0,0,0,,,,,,61-65,56-65,Interstate,U,Thursday,Belt Used,PV,Not Fatal,0,0,0,0,State Route,State Patrol,WASHINGTON STATE PATROL,0,1,0,0,0,,,,,,0,0,0,,,,,,,,,,,,,,,,,,,,,,,,,,,,,,,,,,,
2020,421,635172,159,10-04-2020,01:02,4,10,Oct,,5,Benton,1020,1,,3,1,2,1,0,3,2,01:02,01:09,,5,1,0,No vehicle,0,2,0,2,4 Way,3,2,4,6,0,0,3,3,W CLEARWATER AVE,N MORAIN ST,-119.1693861,46.21235,99336,0,2,98,Others,90,6,35,4,0,0,1,2,73,1,1,5,1,1,Going Straight,1,2,53,,0,35,39,2009,0,0,12,12,,,,,1,1,51,1,7,1,4,7,3,0,11,0,06-07-2018,12:24,2.37E+11,26878,0,0,3,3,1,0,0,0,0,96,,,,,,99,,,,,,98642,53,69,227,6,1,0,1,0,1,,0,,,,,,0,08-15-2015,08-15-2016,1,0,0,0,0,9,8,,,0,0,0,8,9,2,996,,,1,,,2,1,0,,,,,,,,,,,,,,,,,,,,,,,,,,,,,,0,0,0,0,0,0,1,1,0,0,0,0,0,0,0,0,1,0,0,0,0,0,0,0,0,0,0,0,0,1,0,0,0,0,0,,1,0,0,0,0,0,1,1,0,0,0,0,0,0,1,0,,,,,,51-55,46-55,Interstate,U,Thursday,Belt Used,PV,White,0,0,0,0,State Route,State Patrol,WASHINGTON STATE PATROL,0,1,0,0,0,,,,,,0,0,0,,,,,,,,,,,,,,,,,,,,,,,,,,,,,,,,,,,
2020,421,635171,159,10-04-2020,01:02,4,10,Oct,,5,Benton,1020,1,,3,1,2,1,0,3,2,01:02,01:09,,5,0,0,No vehicle,0,2,0,2,4 Way,3,2,4,6,0,0,0,0,W CLEARWATER AVE,N MORAIN ST,-119.1693861,46.21235,99336,0,1,0,Others,98,7,35,4,0,0,1,2,5,1,1,4,1,11,Turning Red: Permitted on red,2,2,53,,0,7,482,2017,0,0,12,,,,,,1,1,53,1,0,0,0,0,3,0,11,0,,,,,0,0,3,3,1,26,0,0,0,96,,,,,,0,,,,,,98684,41,69,170,6,1,1,3,0,0,,97,,,,,,0,07-15-2013,07-15-2017,20,0,0,0,8,9,2,,,0,0,0,0,0,2,1,,,1,,,2,1,0,,,,,,,,,,,,,,,,,,,,,,,,,,,,,,0,0,0,0,0,0,1,1,0,0,0,0,0,0,0,0,1,0,0,0,0,0,0,0,0,0,0,0,0,1,0,0,0,0,0,,0,0,0,0,0,0,0,0,0,0,0,0,0,0,0,0,,,,,,51-55,46-55,Interstate,U,Thursday,Belt Used,PV,Not Fatal,0,0,0,0,State Route,State Patrol,WASHINGTON STATE PATROL,0,1,0,0,0,,,,,,0,0,0,,,,,,,,,,,,,,,,,,,,,,,,,,,,,,,,,,,
2019,421,634479,106,11-27-2019,16:32,27,11,Nov,,33,King,532,1,0,1,1,2,1,0,3,3,,,,12,0,6,Angle,0,2,0,3,T Intersection,7,2,4,6,0,0,0,0,8TH AVE S,S 196TH ST,-122.324875,47.42691111,98148,0,2,83,Others,67,4,30,80,0,0,1,7,12,1,1,2,1,1,Going Straight,1,1,53,,0,20,7,1987,0,0,63,69,68,68,63,42,1,1,41,1,7,2,4,7,99,0,11,0,06/14/2018,12:45,2.23E+11,26778,0,0,3,3,1,0,0,0,0,96,,,,,,9,,,,,,98455,53,72,175,6,1,1,0,0,0,,0,,,,,,3,01-15-2014,05-15-2014,20,0,0,0,0,9,1,,,0,0,0,1,0,2,605,695,,1,1,,2,1,0,,,,,,,,,,,,,,,,,,,,,,,,,,,,,,0,0,0,0,0,0,1,1,1,0,0,0,1,0,0,0,0,0,0,0,0,0,0,0,0,0,0,0,0,1,0,0,0,0,0,,1,0,0,0,0,0,1,1,0,1,0,0,0,0,1,0,,,,,,41-45,36-45,County road,U,Thursday,Unknown,PV,Black,0,1,0,0,County Road,County Sheriff,Law Enforcement Support Agency,1,0,1,0,0,thc,6.4,carboxy-thc,9.8,,0,1,0,,,,,,,,,,,,,,,,,,,,,,,,,,,,,,,,,,,
2019,421,634478,106,11-27-2019,16:32,27,11,Nov,,33,King,532,1,0,1,1,2,1,0,3,3,,,,12,0,6,Angle,0,2,0,3,T Intersection,7,2,4,6,0,0,20,3,8TH AVE S,S 196TH ST,-122.324875,47.42691111,98148,0,1,82,Turn Into Opp Direction(Turning Left),15,2,30,34,0,0,1,5,12,1,1,2,1,11,Turning Red: Permitted on red,2,1,53,,0,34,36,2007,0,0,68,64,42,2,,,1,1,28,1,7,1,4,7,3,0,11,0,06/13/2018,05:34,10053027271,27271,0,0,0,2,1,0,0,0,0,96,,,,,,99,,,,,,98106,53,72,163,1,1,0,3,1,1,,0,,,,,,3,07-15-2013,04-15-2018,99,0,0,0,0,9,8,,,0,0,0,8,9,2,401,402,407,1,1,1,2,1,0.17,,,,,,,,,,,,,,,,,,,,,,,,,,,,,,0,0,0,0,1,1,1,1,0,0,0,0,1,1,0,0,0,0,0,0,0,0,0,0,0,0,0,0,0,1,0,0,0,0,0,,1,0,0,0,0,1,1,1,0,1,0,1,0,0,0,1,,,,,,26-30,26-35,County road,U,Wednesday,Belt Used,PV,White,0,1,0,0,County Road,County Sheriff,King County Police,1,0,1,0,0,,,,,,0,0,2,1,1,,,,417,996,,,,,,,,,,,,,,,,,,,,,,,,,,,,
2017,421,632903,40,10-11-2017,08:42,11,10,Oct,0,63,Spokane,2110,1,0,1,1,2,1,0,1,1,,,,32,0,0,No vehicle,0,3,0,3,T Intersection,4,2,4,6,0,0,20,3,E 8TH AVE,S HAVANA ST,-117.3470694,47.65006944,99211,0,1,1,Driver Off Road,13,2,35,1,0,0,1,5,39,1,1,2,1,1,Going Straight,1,1,53,,0,37,402,2006,0,0,8,8,,,,,1,1,18,1,0,0,0,0,99,0,11,0,,,,,0,0,0,3,1,0,0,0,0,0,,,,,,2,,,,,,98110,53,71,145,6,1,0,0,0,0,,97,,,,,,3,,,20,0,0,0,8,9,8,,,0,0,0,8,0,2,1,,,1,,,2,1,0,,,,,,,,,,,,,,,,,,,,,,,,,,,,,,0,0,0,0,0,0,0,0,0,0,0,0,1,0,0,1,0,0,0,0,0,1,1,0,1,0,0,0,0,1,0,1,0,0,0,,0,0,0,0,0,0,0,0,0,1,0,0,0,0,0,0,,,,,,18-20,16-25,City street,U,Sunday,Unknown,PV,Not Fatal,0,0,0,0,City Street,Municipal/City Police,Bainbridge Island Police Department,0,0,0,1,0,,,,,,0,0,0,,,,,,,,,,,,,,,,,,,,,,,,,,,,,,,,,,,
2021,422,636005,7,10-11-2021,01:39,11,10,Oct,,33,King,1960,2,,3,2,1,1,0,2,2,,,,25,0,0,No vehicle,167.3,1,0,1,No intersection,1,2,1,1,0,0,0,0,I-5,,-122.3249889,47.631925,98102,0,2,6,Drive off road,12,2,60,4,0,0,1,2,25,1,1,5,3,1,Going Straight,1,2,53,,0,49,401,2008,0,0,12,,,,,,1,1,16,2,0,0,2,0,3,0,11,4,,,,,0,0,3,3,1,0,0,0,0,0,,,,,,0,,,,,,98532,53,62,120,6,2,0,0,0,0,,0,,,,,,0,,,8,0,0,0,8,9,8,,,0,0,0,8,0,8,95,,,96,,,8,95,995,,,,,,,,,,,,,,,,,,,,,,,,,,,,,,0,0,0,0,1,1,0,1,0,0,0,0,0,0,0,0,0,0,0,0,1,0,1,0,1,0,0,0,0,1,0,0,0,0,0,,0,0,0,0,0,0,0,0,0,0,0,0,0,0,0,0,,,,,,16-17,16-25,Interstate,U,Sunday,Belt Used,PV,Not Fatal,0,0,0,1,State Route,State Patrol,Washington State Patrol,0,1,0,0,0,,,,,,0,0,0,,,,,,,,,,,,,,,,,,,,,,,,,,,,,,,,,,,
2021,422,636004,7,10-11-2021,01:39,11,10,Oct,,33,King,1960,2,,3,2,1,1,0,2,2,,,,25,0,0,No vehicle,167.3,1,0,1,No intersection,1,2,1,1,0,0,0,0,I-5,,-122.3249889,47.631925,98102,0,1,98,Others,98,7,60,4,0,0,1,2,12,1,1,5,3,1,Going Straight,1,2,53,,0,20,37,2018,0,0,12,,,,,,1,1,28,1,7,2,4,7,3,0,11,0,06/17/2018,04:52,1.10E+11,27831,0,0,0,3,1,51,0,0,0,96,,,,,,99,,,,,,70125,22,69,240,6,1,0,0,0,4,,0,,,,,,0,06-15-2014,12-15-2016,8,0,0,0,0,9,8,,,0,0,0,8,9,2,1,,,1,,,2,1,0.13,,,,,,,,,,,,,,,,,,,,,,,,,,,,,,0,0,0,0,1,1,0,1,0,0,0,0,0,0,0,0,0,0,0,0,1,0,1,0,1,0,0,0,0,1,0,0,0,0,0,,1,0,0,0,0,1,0,1,0,0,0,0,0,1,0,1,,,,,,26-30,26-35,Interstate,U,Sunday,Belt Used,PV,Black,0,0,0,1,State Route,State Patrol,Washington State Patrol,0,1,0,0,0,,,,,,0,0,0,,,,,,,,,,,,,,,,,,,,,,,,,,,,,,,,,,,
2020,422,635175,3,10-17-2020,21:36,17,10,Oct,,33,King,1960,1,,3,1,1,1,1,2,2,,,,8,0,0,No vehicle,164.6,1,0,1,No intersection,1,2,1,1,0,0,0,0,I-5,,-122.3205917,47.59528056,98104,0,2,98,Others,80,5,60,14,0,0,1,5,8,1,4,3,3,1,Going Straight,1,1,53,,0,49,46,2015,0,0,8,,,,,,1,1,54,1,0,0,2,0,3,0,11,8,,,,,0,0,0,3,1,0,0,0,0,96,,,,,,0,,,,,,98671,53,68,170,6,1,0,0,1,0,,0,,,,,,0,11-15-2014,11-15-2014,8,0,0,0,8,9,2,,,0,0,0,0,0,8,95,,,96,,,8,95,995,,,,,,,,,,,,,,,,,,,,,,,,,,,,,,0,0,0,0,0,0,0,0,0,1,0,1,0,0,0,0,0,0,0,0,0,0,0,0,0,0,0,0,0,1,0,1,0,0,0,,0,0,0,0,0,0,0,0,0,0,0,0,0,0,0,0,,,,,,51-55,46-55,State route,U,Monday,Belt Used,PV,Not Fatal,0,0,0,0,State Route,State Patrol,Washington State Patrol,0,1,0,0,0,,,,,,0,0,0,,,,,,,,,,,,,,,,,,,,,,,,,,,,,,,,,,,
2020,422,635174,3,10-17-2020,21:36,17,10,Oct,,33,King,1960,1,,3,1,1,1,1,2,2,,,,8,0,0,No vehicle,164.6,1,0,1,No intersection,1,2,1,1,0,0,0,0,I-5,,-122.3205917,47.59528056,98104,0,1,13,Pedestrian/Animal,80,5,60,14,0,0,1,5,8,1,4,3,3,1,Going Straight,1,1,53,,0,20,421,1996,0,0,12,,,,,,1,1,37,1,0,0,0,0,3,0,11,0,,,,,0,0,0,2,1,0,0,0,0,96,,,,,,0,,,,,,98249,53,72,280,1,1,0,2,1,3,,0,,,,,,0,07-15-2013,12-15-2017,20,0,0,0,8,9,8,,,0,0,0,8,0,8,95,,,96,,,8,95,995,,,,,,,,,,,,,,,,,,,,,,,,,,,,,,0,0,1,0,1,1,1,1,1,0,0,0,1,1,1,0,0,0,0,0,0,0,0,0,0,0,0,0,1,1,0,0,0,0,0,,0,0,0,0,0,0,0,0,0,0,0,1,0,0,0,0,,,,,,36-40,36-45,State route,R,Tuesday,Belt Used,PV,Not Fatal,0,1,0,0,State Route,State Patrol,Washington State Patrol,1,1,0,0,0,,,,,,0,0,9,,,,,,,,,,,,,,,,,,,,,,,,,,,,,,,,,,,
2019,422,634480,8,11-21-2019,04:40,21,11,Nov,,31,Jefferson,0,1,0,3,1,2,1,0,1,1,,,,24,0,0,No vehicle,4.1,1,0,1,No intersection,3,1,1,3,0,0,0,0,SR-104,,-122.8137139,47.92294722,,0,1,6,Drive off road,12,2,60,20,0,0,1,7,1,1,2,2,1,1,Going Straight,1,5,53,,0,37,706,2000,0,0,63,24,69,12,,,1,1,30,1,7,1,4,7,19,0,11,0,06-12-2018,23:20,1.14E+11,26115,0,0,0,2,1,0,0,0,0,96,,,,,,9,,,,,,98249,53,70,145,6,1,0,0,1,0,,0,,,,,,4,05-15-2014,05-15-2014,20,8,0,0,0,1,8,,,0,0,0,8,1,2,605,695,,1,1,,2,1,0.18,,,,,,,,,,,,,,,,,,,,,,,,,,,,,,0,0,1,0,1,1,1,1,1,0,0,0,1,1,1,0,0,0,0,0,0,0,0,0,0,0,0,0,1,1,0,0,0,0,1,0,0,0,0,0,0,1,1,1,0,1,0,0,0,0,0,1,,,,,,26-30,26-35,State route,R,Tuesday,,MC,White,0,1,0,0,State Route,State Patrol,Washington State Patrol,1,1,0,0,0,thc,4.8,carboxy-thc,22,,0,0,0,,,,,,,,,,,,,,,,,,,,,,,,,,,,,,,,,,,
2018,422,633634,290,10-19-2018,23:49,19,10,Oct,0,53,Pierce,2230,5,0,3,2,2,1,1,1,1,,,,8,0,0,No vehicle,0,1,0,1,No intersection,4,2,4,6,0,0,0,0,6TH AVE,,-122.5183333,47.25541111,98406,0,1,13,Pedestrian/Animal,80,5,30,14,0,0,1,5,8,1,2,5,5,1,Going Straight,1,1,53,,0,76,705,2011,0,0,63,1,18,30,,,1,1,36,1,1,1,4,0,19,0,11,4,06/16/2018,18:54,1.59E+11,27348,0,0,0,3,1,0,0,0,0,96,,,,,,99,,,,,,98418,53,68,150,6,1,0,1,1,0,,0,,,,,,4,06-15-2016,09-15-2017,20,8,0,0,0,9,8,,,0,0,0,8,9,2,605,695,,1,1,,2,1,0,,,,,,,,,,,,,,,,,,,,,,,,,,,,,,0,0,0,0,0,0,1,1,1,0,0,0,1,0,0,0,0,0,0,0,0,0,0,0,0,0,0,0,1,0,0,0,0,0,1,0,0,0,0,0,0,0,1,1,0,1,0,0,0,0,1,0,,,,,,36-40,36-45,County road,R,Saturday,,MC,Hispanic,0,0,0,0,County Road,County Sheriff,Thurston County Sheriff's Office,0,0,1,0,0,thc,2.9,carboxy-thc,6.8,,0,0,0,,,,,,,,,,,,,,,,,,,,,,,,,,,,,,,,,,,
2017,422,632914,14,10-18-2017,00:08,18,10,Oct,0,11,Clark,0,1,0,2,1,2,1,0,1,1,,,,32,0,0,No vehicle,4.1,1,0,1,No intersection,4,1,2,4,0,0,0,0,CR-NE 182ND ST,,-122.4868222,45.71916111,98606,0,1,1,Driver Off Road,13,2,98,4,0,0,1,2,32,1,1,2,1,1,Going Straight,1,1,53,,0,12,401,1991,0,0,12,,,,,,1,1,30,1,0,0,2,0,3,0,11,6,,,,,0,0,0,3,1,0,0,0,0,96,,,,,,0,,,,,,98801,53,69,170,6,1,0,0,0,0,,0,,,,,,0,,,20,0,0,0,8,9,8,,,0,0,0,8,0,8,95,,,96,,,8,95,995,,,,,,,,,,,,,,,,,,,,,,,,,,,,,,0,0,0,1,0,0,0,0,0,0,0,0,0,0,0,0,0,0,0,0,0,0,0,0,0,1,1,1,0,1,0,0,0,0,0,,0,0,0,0,0,0,0,0,0,0,0,0,0,0,0,0,,,,,,26-30,26-35,US highway,R,Sunday,Belt Used,PV,Not Fatal,1,0,0,0,State Route,State Patrol,Washington State Patrol Headquarter,0,1,0,0,0,,,,,,0,0,0,,,,,,,,,,,,,,,,,,,,,,,,,,,,,,,,,,,
2018,423,633633,122,10-14-2018,18:53,14,10,Oct,0,61,Snohomish,690,1,0,3,1,2,1,0,3,2,,,,12,0,7,"Sideswipe,Same",46.4,1,0,1,No intersection,3,2,1,3,0,0,0,0,SR-99,,-122.2520194,47.89628611,98204,0,2,46,Others,11,2,50,4,0,0,1,5,12,1,1,6,1,15,Others,2,2,6,,0,49,403,2001,0,0,12,68,64,38,,,1,1,81,1,7,1,4,0,3,0,11,5,06-10-2018,14:56,2.46E+11,25874,0,0,3,3,1,39,0,0,0,96,,,,,,99,,,,,,98836,53,69,141,6,1,0,0,0,0,,0,,,,,,0,,,20,0,0,0,0,9,8,,,0,0,0,8,9,8,95,,,96,,,8,95,995,,,,,,,,,,,,,,,,,,,,,,,,,,,,,,0,0,0,1,0,0,0,0,0,0,0,0,0,0,0,0,0,0,0,0,0,0,0,0,0,1,1,1,0,1,0,0,0,0,0,,1,0,0,0,0,0,0,0,0,0,0,0,0,0,0,0,,,,,,81+,76+,US highway,R,Sunday,Belt Used,PV,White,1,0,0,0,State Route,State Patrol,Washington State Patrol Headquarter,0,1,0,0,0,,,,,,0,0,0,,,,,,,,,,,,,,,,,,,,,,,,,,,,,,,,,,,