year,something,Cases,repjur,crash_dt,crash_tm,accday,Month,Month,holiday,county,co_char,city,weather,weather2,lightcond,surfcond,surftype,Number of Fatalities,nmforms,pforms,vforms,not_tm,arr_tm,hosp_tm,fhevent,hitrun,Manner of Collision,Manner of Collision,milepnt,reljunc,reljuncinter,intersectiontype,Intersection Type,funcsystem,landuse,ownership,route,schlbus,spejur,contdev,devfunc,trafid1,trafid2,x,y,zipcode,wk_zone,vnumber,crashtype,Crash Type,criticalevent,criticaleventcat,spdlim,body,trailer,emerg,hazcargo,leave,mhevent,roadalgn,roadprof,traflane,trafflow,Vehicle Manure,Vehicle Manure,numoccs,regowner,regstate,,spuse,make,model,modelyr,vrf1,vrf2,seqevent1,seqevent2,seqevent3,seqevent4,seqevent5,seqevent6,pnumber,ptype,age,sex,hispanic,race,injury,diedscene,restraint,restraintmisuse,seatpos,takehosp,death_dt,death_tm,cert,cernum_wa,commlic,licendor,licrestrict,liccomp,drivpres,drf1,drf2,drf3,drf4,distract1,distract2,distract3,distract4,distract5,distract6,dricond1,dricond2,dricond3,dricond4,dricond5,dricond6,dzip,licstate,drhgt_in,weight,noncdl,noncdltype,prevdwi,prevoth,prevacc,prevspd,prevsus,driviol1,driviol2,driviol3,driviol4,driviol5,driviol6,spdrel,first_dt,last_dt,airbag,ejection,ejectpath,extricat,injurwrk,methalc,methdrug,nmlocat,strikveh,prf1,prf2,prf3,druginv,alcinvol,drugsts,drugres1,drugres2,drugres3,drugtst1,drugtst2,drugtst3,alcsts,alctst,alcres,nmact1,nmact2,nmact3,nmact4,nmact5,nmact6,nmprior1,nmprior2,nmprior3,nmprior4,nmprior5,nmprior6,nmcond1,nmcond2,nmcond3,nmcond4,nmcond5,nmcond6,nmsafe_helmet,nmsafe_pads,nmsafe_oth,nmprev_ref,nmprev_lgt,nmprev_oth,crashlocation,nmcrashtype,crosswalk,schoolzone,sidewalk,train_inv,wildlife_inv,rotr_fars,intersect_fars,Drink and Drive,aid_inv,Drug Positive Drivers,Impaired Drivers,Marijuana Positive,impnm_inv,ainm_inv,dpnm_inv,speed_inv,unlic_inv,unendmc_inv,drowsy_inv,drdist_inv,nmdist_inv,fty_inv,unrestfat_inv,dr1617_inv,dr1820_inv,dr1620_inv,dr2125_inv,dr1625_inv,dr65_inv,dr70_inv,dr75_inv,mc_inv,pv_inv,ht_inv,ped_inv,bike_inv,unrest_fat,mc_fat,unhelmet_mc,pv_fat,ht_fat,ped_fat,bike_fat,dr_alc7,dr_alc8,dr_drug,dr_imp,dr_dist,dr_spd,dr_fty,dr_unlic,dr_alc7only,dr_alc8only,dr_drugonly,dr_drink,nm_imp,nm_alc7,nm_alc8,nm_drug,nm_dist,agegrp1,agegrp2,roadclass,urbrur,dayweek,restuse,vehtype,race_me,intersect,lanedep,oppdir,wrongway,rep_typ,investag,repag_long,rotr,st_rd,cty_rd,city_rd,oth_rd,drug_thc,thc_res,drug_cthc,cthc_res,drug_cann,prevpersemin,prevperse,prevsusoth,drugtst4,drugtst5,drugtst6,drugtst7,drugtst8,drugres4,drugres5,drugres6,drugres7,drugres8,adspresent,adsengaged,adslevel,race1,race2,race3,race4,race5,helmet,helmetmisuse,nmdistract1,nmdistract2,nmdistract3,nmdistract4,nmdistract5,nmdistract6,lab,isedtcase,crf1,crf2,crf3,CoRoadName,CoMP,IntCoRoadName,IntCoMP
2021,423,636006,33,09-19-2021,20:11,19,9,Sep,,49,Pacific,0,10,,5,2,2,1,0,1,1,,,,42,0,0,No vehicle,,1,0,1,No intersection,6,1,2,4,0,0,0,0,CR-OLDANI RD,,-123.6880806,46.66850556,98577,0,1,6,Drive off road,12,2,35,34,0,0,1,2,42,8,8,2,1,1,Going Straight,1,1,53,,0,72,706,2010,0,0,54,,,,,,1,1,53,1,0,0,1,0,5,0,11,0,,,,,6,0,0,3,1,0,0,0,0,96,,,,,,0,,,,,,64759,29,74,235,6,1,0,0,0,0,,0,,,,,,0,,,20,8,0,0,8,9,8,,,0,0,0,8,0,8,95,,,96,,,8,95,995,,,,,,,,,,,,,,,,,,,,,,,,,,,,,,0,0,0,0,1,0,1,1,1,0,0,0,0,0,0,0,0,0,0,0,0,0,0,0,0,1,0,0,1,1,0,0,0,0,0,0,0,0,0,0,0,0,0,0,0,0,0,0,0,0,0,0,,,,,,51-55,46-55,US highway,R,Thursday,,MC,Not Fatal,0,1,1,0,State Route,State Patrol,Washington State Patrol,0,1,0,0,0,,,,,,0,0,0,,,,,,,,,,,,,,,,,,,,,,,,,,,,,,,,,,,
2020,423,635178,4,10-30-2020,13:01,30,10,Oct,,63,Spokane,2110,1,,1,1,2,1,0,6,3,,,,12,0,7,"Sideswipe,Same",280.9,1,0,1,No intersection,1,2,1,1,0,0,0,0,I-90,,-117.3706806,47.65403333,99202,0,3,98,Others,98,7,60,14,0,0,1,5,54,1,1,4,3,1,Going Straight,2,3,53,,0,20,2,2004,0,0,68,12,,,,,1,1,69,2,7,1,4,7,3,0,11,0,06/14/2018,09:15,53026818,26818,0,0,0,3,1,28,0,0,0,96,,,,,,99,,,,,,97487,41,69,180,6,1,0,0,0,0,,0,,,,,,0,,,1,0,0,0,0,9,8,,,0,0,0,8,9,2,996,,,1,,,2,1,0,,,,,,,,,,,,,,,,,,,,,,,,,,,,,,0,0,0,0,1,0,1,1,1,0,0,0,0,0,0,0,0,0,0,0,0,0,0,0,0,1,0,0,1,1,0,0,0,0,0,,1,0,0,0,0,0,1,1,0,0,0,0,0,0,1,0,,,,,,66-70,66-75,US highway,R,Thursday,Belt Used,PV,White,0,1,1,0,State Route,State Patrol,Washington State Patrol,0,1,0,0,0,,,,,,0,0,0,,,,,,,,,,,,,,,,,,,,,,,,,,,,,,,,,,,
2020,423,635177,4,10-30-2020,13:01,30,10,Oct,,63,Spokane,2110,1,,1,1,2,1,0,6,3,,,,12,0,7,"Sideswipe,Same",280.9,1,0,1,No intersection,1,2,1,1,0,0,0,0,I-90,,-117.3706806,47.65403333,99202,0,2,45,Others,61,4,60,34,0,0,1,2,12,1,1,4,3,1,Going Straight,2,1,53,,0,2,1,2008,0,0,68,12,60,54,,,1,1,42,2,7,1,4,7,3,0,11,0,06/14/2018,09:15,53026819,26819,0,0,3,3,1,28,0,0,0,96,,,,,,9,,,,,,99361,53,66,250,6,1,0,0,1,0,,0,,,,,,0,06-15-2014,06-15-2014,1,0,0,0,0,1,8,,,0,0,0,8,1,2,401,605,695,1,1,1,2,1,0.013,,,,,,,,,,,,,,,,,,,,,,,,,,,,,,0,0,0,0,1,0,1,1,1,0,0,0,0,0,0,0,0,0,0,0,0,0,0,0,0,1,0,0,1,1,0,0,0,0,0,,1,0,0,0,1,0,1,1,0,0,0,0,0,0,0,1,,,,,,41-45,36-45,US highway,R,Thursday,Belt Used,PV,White,0,1,1,0,State Route,State Patrol,Washington State Patrol,0,1,0,0,0,thc,34,carboxy-thc,38,,0,0,0,1,1,,,,996,996,,,,,,,,,,,,,,,,,,,,,,,,,,,,
2020,423,635176,4,10-30-2020,13:01,30,10,Oct,,63,Spokane,2110,1,,1,1,2,1,0,6,3,,,,12,0,7,"Sideswipe,Same",280.9,1,0,1,No intersection,1,2,1,1,0,0,0,0,I-90,,-117.3706806,47.65403333,99202,0,1,47,Others,10,2,60,49,0,0,1,2,25,1,1,4,3,15,Others,2,1,53,,0,19,18,2011,0,0,63,1,,,,,1,1,48,2,0,0,3,0,3,0,11,4,,,,,0,0,0,3,1,58,0,0,0,96,,,,,,99,,,,,,98848,53,65,160,6,1,1,1,0,0,,1,,,,,,3,08-15-2016,11-15-2016,8,0,0,0,8,9,8,,,0,0,0,8,1,8,95,,,96,,,8,95,995,,,,,,,,,,,,,,,,,,,,,,,,,,,,,,0,0,0,0,1,0,0,0,0,0,0,0,1,0,0,0,0,0,0,1,0,0,0,0,0,0,0,0,0,1,0,0,0,0,0,,0,0,0,0,0,0,0,0,0,1,0,0,0,0,0,1,,,,,,46-50,46-55,County road,R,Sunday,Belt Used,PV,Not Fatal,0,1,0,0,County Road,County Sheriff,Grant County Sheriff's Office,1,0,1,0,0,,,,,,0,1,0,,,,,,,,,,,,,,,,,,,,,,,,,,,,,,,,,,,
2019,423,634482,55,11-15-2019,11:41,15,11,Nov,,33,King,100,10,0,1,2,2,1,0,3,2,,,,12,0,6,Angle,2,2,0,2,4 Way,3,2,1,3,0,3,3,3,SR-164,DOGWOOD ST SE,-122.1925194,47.28839444,98092,0,2,69,Initial Opposite Direction(Going Straight),62,4,35,34,0,0,1,7,12,1,1,5,1,1,Going Straight,1,1,53,,0,48,403,2018,0,0,68,64,24,42,,,1,1,26,1,1,1,4,7,3,0,11,0,06-10-2018,00:45,14653026033,26033,0,0,3,3,1,0,0,0,0,96,,,,,,9,,,,,,98042,53,64,168,6,1,0,0,0,0,,0,,,,,,0,,,8,0,0,0,0,1,8,,,0,0,0,8,1,2,1,,,1,,,2,1,0.2,,,,,,,,,,,,,,,,,,,,,,,,,,,,,,0,0,1,0,1,1,0,1,0,0,0,0,0,0,0,0,0,0,0,0,0,0,0,0,0,0,0,0,0,1,0,0,0,0,0,,1,0,0,0,0,1,0,1,0,0,0,0,0,1,0,1,,,,,,26-30,26-35,County road,U,Sunday,Belt Used,PV,Hispanic,0,1,0,0,County Road,County Sheriff,King County Police,1,0,1,0,0,,,,,,0,0,0,,,,,,,,,,,,,,,,,,,,,,,,,,,,,,,,,,,
2019,423,634481,55,11-15-2019,11:41,15,11,Nov,,33,King,100,10,0,1,2,2,1,0,3,2,,,,12,0,6,Angle,2,2,0,2,4 Way,3,2,1,3,0,3,3,3,SR-164,DOGWOOD ST SE,-122.1925194,47.28839444,98092,0,1,68,Initial Opposite Direction(Left/Right),15,2,35,4,0,0,1,2,12,1,1,5,1,11,Turning Red: Permitted on red,2,1,53,,0,3,402,2006,0,0,68,64,34,,,,1,1,30,1,7,1,4,7,20,0,11,0,06-10-2018,21:40,53026192,26192,0,0,0,3,1,0,0,0,0,96,,,,,,99,,,,,,98247,53,72,275,6,1,0,1,1,1,,0,,,,,,0,01-15-2015,09-15-2017,20,0,0,0,0,9,8,,,0,0,0,8,9,2,151,996,996,1,1,1,2,1,0,,,,,,,,,,,,,,,,,,,,,,,,,,,,,,0,0,1,0,0,0,1,1,0,0,0,0,0,0,0,0,0,0,0,1,0,0,0,0,0,0,0,0,0,1,0,0,0,1,0,,1,0,0,0,0,0,1,1,0,0,0,0,0,0,1,0,,,,,,26-30,26-35,County road,R,Sunday,Not Used,PV,White,0,1,0,0,County Road,State Patrol,Washington State Patrol,1,0,1,0,0,,,,,,0,0,0,1,,,,,996,,,,,,,,,,,,,,,,,,,,,,,,,,,,,
2018,423,633632,122,10-14-2018,18:53,14,10,Oct,0,61,Snohomish,690,1,0,3,1,2,1,0,3,2,,,,12,0,7,"Sideswipe,Same",46.4,1,0,1,No intersection,3,2,1,3,0,0,0,0,SR-99,,-122.2520194,47.89628611,98204,0,1,45,Others,61,4,50,80,0,0,1,7,12,1,1,6,1,3,Others,1,2,53,,0,49,46,2013,0,0,12,,,,,,1,1,59,1,0,0,2,0,3,0,11,0,,,,,0,0,3,3,1,0,0,0,0,96,,,,,,0,,,,,,98908,53,68,160,6,1,0,0,0,0,,0,,,,,,0,,,8,0,0,0,8,9,8,,,0,0,0,8,0,8,95,,,96,,,8,95,995,,,,,,,,,,,,,,,,,,,,,,,,,,,,,,0,0,1,0,1,1,1,1,1,0,0,0,1,0,0,0,0,0,0,1,0,0,0,0,0,0,0,0,0,1,0,0,0,0,0,,0,0,0,0,0,0,0,0,0,0,0,0,0,0,0,0,,,,,,56-60,56-65,Interstate,R,Sunday,Belt Used,PV,Not Fatal,0,1,0,0,State Route,State Patrol,Washington State Patrol,1,1,0,0,0,,,,,,0,0,0,,,,,,,,,,,,,,,,,,,,,,,,,,,,,,,,,,,
2017,423,632911,7,10-07-2017,11:44,7,10,Oct,0,33,King,1958,1,0,1,1,2,1,0,4,1,,,,52,0,0,No vehicle,152.3,1,0,1,No intersection,1,2,1,1,0,0,0,0,I-5,,-122.2719972,47.43059722,98188,0,1,7,Control/Traction Loss,9,1,60,5,0,0,1,2,1,3,2,5,2,14,Making a U turn,4,2,53,,0,49,40,2000,0,0,64,1,69,12,,,1,1,28,2,7,1,4,7,20,0,11,0,06-10-2018,23:00,37053026803,26803,0,0,0,3,1,0,0,0,0,96,,,,,,9,,,,,,98272,53,65,160,6,1,0,5,1,3,,0,,,,,,4,07-15-2014,05-15-2017,1,1,9,0,0,1,8,,,0,0,0,8,1,2,351,401,417,1,1,1,2,1,0.37,,,,,,,,,,,,,,,,,,,,,,,,,,,,,,0,0,1,0,1,1,1,1,1,0,0,0,1,0,0,0,0,0,0,1,0,0,0,0,0,0,0,0,0,1,0,0,0,1,0,,1,0,0,0,0,1,1,1,0,1,0,0,0,0,0,1,,,,,,26-30,26-35,Interstate,R,Sunday,Not Used,PV,White,0,1,0,0,State Route,State Patrol,Washington State Patrol,1,1,0,0,0,thc,8.7,carboxy-thc,6,,0,0,1,1,1,,,,605,695,,,,,,,,,,,,,,,,,,,,,,,,,,,,
2021,424,636007,1,10-15-2021,07:06,15,10,Oct,,77,Yakima,0,1,,2,1,2,1,0,1,1,,,,1,0,0,No vehicle,18.5,1,0,1,No intersection,5,1,1,3,0,0,0,0,SR-241,,-119.9383,46.45759167,,0,1,2,Control/Traction Loss,13,2,55,34,0,0,1,2,1,3,2,2,1,14,Making a U turn,1,3,53,,0,12,3,2017,0,0,68,68,63,1,42,,1,1,46,1,7,1,4,0,3,0,11,4,06/26/2018,01:39,2.37E+11,28417,0,0,0,3,1,0,0,0,0,96,,,,,,0,,,,,,98671,53,74,235,6,1,1,0,0,1,,0,,,,,,4,04-15-2017,02-15-2018,2,0,0,0,0,9,8,,,0,0,0,8,0,8,95,,,96,,,8,95,995,,,,,,,,,,,,,,,,,,,,,,,,,,,,,,0,0,1,0,0,0,0,0,0,0,0,0,1,0,0,0,0,0,0,0,0,0,0,0,0,0,0,0,0,1,0,0,0,0,0,,1,0,0,0,0,0,0,0,0,1,0,0,0,0,0,0,,,,,,46-50,46-55,State route,R,Sunday,Belt Used,PV,White,0,1,0,0,State Route,State Patrol,Washington State Patrol,1,1,0,0,0,,,,,,0,1,0,,,,,,,,,,,,,,,,,,,,,,,,,,,,,,,,,,,
2020,424,635180,1,10-31-2020,22:04,31,10,Oct,,77,Yakima,0,1,,2,1,2,1,1,2,1,,,,8,0,0,No vehicle,1.4,3,0,2,4 Way,5,1,2,4,0,3,0,0,CR-FORT ROAD,BECKER RD,-120.3569917,46.37525278,98948,0,1,13,Pedestrian/Animal,80,5,55,15,0,0,1,5,8,1,1,2,1,1,Going Straight,2,3,53,,0,20,421,2013,0,0,12,,,,,,1,1,65,1,0,0,0,0,3,0,11,0,,,,,0,0,3,3,1,0,0,0,0,96,,,,,,0,,,,,,98513,53,76,230,6,1,0,1,1,0,,0,,,,,,0,03-15-2015,09-15-2017,1,0,0,0,8,9,8,,,0,0,0,8,0,8,95,,,96,,,8,95,995,,,,,,,,,,,,,,,,,,,,,,,,,,,,,,0,0,0,0,1,0,1,1,1,0,0,0,1,0,0,0,0,0,0,0,0,0,0,0,0,1,0,0,0,1,0,0,0,0,0,,0,0,0,0,0,0,0,0,0,0,0,0,0,0,0,0,,,,,,61-65,56-65,County road,R,Saturday,Belt Used,PV,Not Fatal,0,1,1,0,County Road,County Sheriff,Law Enforcement Support Agency,0,0,1,0,0,,,,,,0,0,0,,,,,,,,,,,,,,,,,,,,,,,,,,,,,,,,,,,
2019,424,634484,2,11-19-2019,15:43,19,11,Nov,,57,Skagit,0,1,0,1,1,2,1,0,3,2,,,,12,0,6,Angle,0.5,2,0,2,4 Way,5,2,2,4,0,0,0,0,CR-HIGGINS AIRPORT WAY,OVENELL RD,-122.4135444,48.45760278,98233,0,2,68,Initial Opposite Direction(Left/Right),15,2,50,63,1,0,1,7,12,1,1,2,1,11,Turning Red: Permitted on red,1,3,53,,0,48,38,2014,0,0,68,12,,,,,1,1,29,1,7,1,4,7,99,0,11,0,06-09-2018,16:20,53953025836,25836,0,0,0,3,1,28,0,0,0,96,,,,,,9,,,,,,98391,53,71,185,6,1,0,0,0,2,,0,,,,,,3,11-15-2015,02-15-2017,99,0,0,0,0,1,8,,,0,0,0,8,1,2,605,695,,1,1,,2,1,0.077,,,,,,,,,,,,,,,,,,,,,,,,,,,,,,0,0,0,0,1,0,1,1,1,0,0,0,1,0,0,0,0,0,0,0,0,0,0,0,0,1,0,0,0,1,0,0,0,0,0,,1,0,0,0,1,0,1,1,0,1,0,0,0,0,0,1,,,,,,26-30,26-35,County road,R,Saturday,Unknown,PV,White,0,1,1,0,County Road,County Sheriff,Law Enforcement Support Agency,0,0,1,0,0,thc,25,carboxy-thc,79,,0,0,0,,,,,,,,,,,,,,,,,,,,,,,,,,,,,,,,,,,
2019,424,634483,2,11-19-2019,15:43,19,11,Nov,,57,Skagit,0,1,0,1,1,2,1,0,3,2,,,,12,0,6,Angle,0.5,2,0,2,4 Way,5,2,2,4,0,0,0,0,CR-HIGGINS AIRPORT WAY,OVENELL RD,-122.4135444,48.45760278,98233,0,1,69,Initial Opposite Direction(Going Straight),62,4,50,2,0,0,1,7,12,1,1,2,1,1,Going Straight,2,1,53,,0,23,421,2003,0,0,68,64,43,39,,,1,1,30,1,7,2,4,7,20,0,11,0,06-01-2018,22:48,1.97E+11,24967,0,0,3,2,1,0,0,0,0,96,,,,,,9,,,,,,98284,53,69,290,1,1,0,0,1,2,,0,,,,,,4,09-15-2014,04-15-2018,8,0,0,0,0,1,8,,,0,0,0,8,1,2,996,,,1,,,2,1,0.15,,,,,,,,,,,,,,,,,,,,,,,,,,,,,,0,0,0,0,1,1,1,1,0,0,0,0,1,1,0,0,0,0,0,1,0,0,0,0,0,0,0,0,0,1,0,0,0,1,0,,1,0,0,0,0,1,1,1,0,1,0,1,0,0,0,1,,,,,,26-30,26-35,State route,R,Friday,Not Used,PV,Black,0,1,0,0,State Route,State Patrol,Washington State Patrol,1,1,0,0,0,,,,,,0,0,2,,,,,,,,,,,,,,,,,,,,,,,,,,,,,,,,,,,
2017,424,632949,21,10-20-2017,15:12,20,10,Oct,0,25,Grant,0,1,0,1,1,2,1,0,2,2,15:12,15:33,15:53,12,0,6,Angle,2,2,0,2,4 Way,6,1,2,4,0,0,0,0,CR-RD 9 NW,CR-RD K NW,-119.7251556,47.22006111,98848,0,2,89,Others,66,4,55,4,0,0,1,2,12,1,1,2,1,1,Going Straight,1,1,53,,0,37,31,1997,0,0,68,63,3,,,,1,1,29,1,0,0,2,0,20,0,11,4,,,,,0,0,3,2,1,58,0,0,0,93,,,,,,9,,,,,,98230,53,69,180,1,1,1,1,0,1,,11,,,,,,0,06-15-2016,09-15-2017,20,0,0,0,8,9,2,,,0,0,0,1,9,2,177,401,417,1,1,1,2,1,0,,,,,,,,,,,,,,,,,,,,,,,,,,,,,,0,0,0,0,0,0,1,1,0,0,0,0,0,1,0,0,1,0,0,0,0,0,0,0,0,0,0,0,0,1,0,0,0,0,0,,0,0,0,0,0,0,1,1,1,0,0,1,0,0,1,0,,,,,,26-30,26-35,County road,R,Wednesday,Not Used,PV,Not Fatal,0,1,0,0,County Road,State Patrol,Washington State Patrol,1,0,1,0,0,,,,,,0,0,0,,,,,,,,,,,,,,,,,,,,,,,,,,,,,,,,,,,
2017,424,632948,21,10-20-2017,15:12,20,10,Oct,0,25,Grant,0,1,0,1,1,2,1,0,2,2,15:12,15:33,15:53,12,0,6,Angle,2,2,0,2,4 Way,6,1,2,4,0,0,20,3,CR-RD 9 NW,CR-RD K NW,-119.7251556,47.22006111,98848,0,1,88,Striking from the Left,54,3,50,4,0,0,1,2,12,1,1,2,1,1,Going Straight,1,2,53,,0,12,401,2015,0,0,12,,,,,,1,1,56,1,0,0,1,0,3,0,11,0,,,,,0,0,0,3,1,0,0,0,0,96,,,,,,0,,,,,,98277,53,74,210,6,1,0,0,0,0,,0,,,,,,0,,,1,0,0,0,8,9,8,,,0,0,0,8,0,8,95,,,96,,,8,95,995,,,,,,,,,,,,,,,,,,,,,,,,,,,,,,0,0,0,1,0,0,0,0,0,0,0,0,0,0,0,0,0,0,1,0,0,0,0,0,0,1,1,1,0,1,0,0,0,0,0,,0,0,0,0,0,0,0,0,0,0,0,0,0,0,0,0,,,,,,56-60,56-65,State route,R,Monday,Belt Used,PV,Not Fatal,1,0,0,0,State Route,State Patrol,Washington State Patrol,0,1,0,0,0,,,,,,0,0,0,,,,,,,,,,,,,,,,,,,,,,,,,,,,,,,,,,,
2021,425,636010,1,10-15-2021,05:50,15,10,Oct,,77,Yakima,0,1,,2,1,2,1,0,4,3,,,,12,0,6,Angle,196.4,2,0,2,4 Way,2,2,1,2,0,0,0,0,US-12,MCCORMICK RD,-120.6138833,46.65460833,,0,3,98,Others,98,7,60,6,0,0,1,2,54,1,1,2,3,1,Going Straight,1,2,53,,0,20,32,2002,0,0,12,,,,,,1,1,95,2,7,1,4,0,3,0,11,4,06-04-2018,15:37,5053025145,25145,0,0,3,3,1,38,0,0,0,96,,,,,,0,,,,,,98245,53,65,160,6,1,0,0,0,0,,0,,,,,,0,,,1,0,0,0,0,9,8,,,0,0,0,8,0,2,1,,,1,,,2,1,0,,,,,,,,,,,,,,,,,,,,,,,,,,,,,,0,0,0,1,0,0,0,0,0,0,0,0,0,0,0,0,0,0,1,0,0,0,0,0,0,1,1,1,0,1,0,0,0,0,0,,1,0,0,0,0,0,0,0,0,0,1,0,0,0,0,0,,,,,,81+,76+,State route,R,Monday,Belt Used,PV,White,1,0,0,0,State Route,State Patrol,Washington State Patrol,0,1,0,0,0,,,,,,0,0,0,,,,,,,,,,,,,,,,,,,,,,,,,,,,,,,,,,,
2021,425,636009,1,10-15-2021,05:50,15,10,Oct,,77,Yakima,0,1,,2,1,2,1,0,4,3,,,,12,0,6,Angle,196.4,2,0,2,4 Way,2,2,1,2,0,0,0,0,US-12,MCCORMICK RD,-120.6138833,46.65460833,,0,2,83,Others,66,4,60,4,0,0,1,2,12,1,1,3,3,1,Going Straight,2,1,53,,0,37,402,2014,0,0,12,,,,,,1,1,86,1,7,1,4,0,1,0,11,4,05/30/2018,14:33,2.23E+11,24572,0,0,3,3,1,0,0,0,0,0,,,,,,0,,,,,,98333,53,70,200,6,1,0,0,1,0,,0,,,,,,0,02-15-2014,02-15-2014,8,0,0,0,0,9,8,,,0,0,0,8,0,2,1,,,1,,,2,1,0,,,,,,,,,,,,,,,,,,,,,,,,,,,,,,0,0,0,1,0,0,0,0,0,0,0,0,0,0,0,0,1,0,0,0,0,0,0,0,0,1,1,1,0,1,1,0,0,0,0,,1,0,0,0,0,0,0,0,0,0,0,0,0,0,0,0,,,,,,81+,76+,State route,U,Wednesday,Belt Used,PV,White,1,0,0,0,State Route,Municipal/City Police,Milton Police Department,0,1,0,0,0,,,,,,0,0,0,,,,,,,,,,,,,,,,,,,,,,,,,,,,,,,,,,,
2021,425,636008,1,10-15-2021,05:50,15,10,Oct,,77,Yakima,0,1,,2,1,2,1,0,4,3,,,,12,0,6,Angle,196.4,2,0,2,4 Way,2,2,1,2,0,0,20,3,US-12,MCCORMICK RD,-120.6138833,46.65460833,,0,1,82,Turn Into Opp Direction(Turning Left),15,2,60,34,0,0,1,2,12,1,1,2,1,11,Turning Red: Permitted on red,1,1,53,,0,87,884,2012,0,0,12,,,,,,1,1,38,1,0,0,1,0,1,0,11,5,,,,,6,1,0,3,1,39,0,0,0,5,,,,,,0,,,,,,98926,53,65,160,6,1,0,0,0,0,,97,,,,,,0,,,99,0,0,0,8,9,2,,,0,0,0,0,0,8,95,,,96,,,8,95,995,,,,,,,,,,,,,,,,,,,,,,,,,,,,,,0,0,0,1,0,0,0,0,0,0,0,0,0,0,0,0,1,0,0,0,0,0,0,0,0,1,1,1,0,1,1,0,0,0,0,,0,0,0,0,0,0,0,0,1,0,0,0,0,0,0,0,,,,,,36-40,36-45,State route,U,Wednesday,,MHTRUCK,Not Fatal,1,0,0,0,State Route,Municipal/City Police,Milton Police Department,0,1,0,0,0,,,,,,0,0,0,,,,,,,,,,,,,,,,,,,,,,,,,,,,,,,,,,,
2020,425,635181,122,10-31-2020,18:25,31,10,Oct,,61,Snohomish,690,1,,3,1,2,1,1,1,1,,,,15,0,0,No vehicle,0.7,3,0,2,4 Way,3,2,1,3,0,0,0,0,SR-529,RAINER AVE,-122.198625,47.98185278,98201,0,1,13,Pedestrian/Animal,83,5,30,4,0,0,1,5,15,1,1,4,1,1,Going Straight,1,1,53,,0,12,24,2008,0,0,63,24,67,3,,,1,1,33,1,7,1,4,7,20,0,11,0,04/21/2018,01:25,2.11E+11,24713,0,0,0,2,1,0,0,0,0,0,,,,,,2,,,,,,99223,53,64,200,1,1,0,0,0,0,,0,,,,,,4,07-15-2013,02-15-2018,8,0,0,0,0,9,8,,,0,0,0,8,9,8,95,,,96,,,8,95,995,,,,,,,,,,,,,,,,,,,,,,,,,,,,,,0,0,1,0,0,0,0,0,0,0,0,0,1,1,0,1,0,0,0,1,0,0,0,0,0,0,0,0,0,1,0,0,0,1,0,,1,0,0,0,0,0,0,0,0,1,0,1,0,0,0,0,,,,,,31-35,26-35,City street,U,Saturday,Not Used,PV,White,0,1,0,0,City Street,Municipal/City Police,Spokane Police Department,1,0,0,1,0,,,,,,0,0,7,,,,,,,,,,,,,,,,,,,,,,,,,,,,,,,,,,,
2018,425,633699,160,11-14-2018,14:00,14,11,Nov,0,33,King,1030,1,0,1,1,2,1,3,1,1,,,,8,0,0,No vehicle,6,3,0,2,4 Way,3,2,1,3,0,0,3,3,SR-516,STATE AVE N,-122.2298194,47.38331111,98032,0,1,13,Pedestrian/Animal,80,5,30,14,0,0,1,5,8,1,1,2,1,11,Turning Red: Permitted on red,1,1,53,,0,35,461,2017,0,0,8,,,,,,1,1,41,2,0,0,0,0,3,0,11,0,,,,,0,0,0,3,1,38,0,0,0,96,,,,,,99,,,,,,83854,16,65,120,6,1,1,0,0,1,,97,,,,,,0,01-15-2014,08-15-2016,20,0,0,0,8,9,8,,,0,0,0,8,9,8,95,,,96,,,8,95,995,,,,,,,,,,,,,,,,,,,,,,,,,,,,,,0,0,0,1,0,0,0,0,0,0,0,0,0,0,0,0,0,0,1,0,0,0,0,0,0,0,0,0,0,1,0,1,0,0,0,,0,0,0,0,0,0,0,0,0,0,1,0,0,0,0,0,,,,,,41-45,36-45,US highway,U,Monday,Belt Used,PV,Not Fatal,1,0,0,0,State Route,Municipal/City Police,Spokane Police Department,0,1,0,0,0,,,,,,0,0,0,,,,,,,,,,,,,,,,,,,,,,,,,,,,,,,,,,,
2017,425,632886,173,10-07-2017,17:24,7,10,Oct,0,53,Pierce,1124,1,0,1,0,0,1,1,1,1,,,,8,0,0,No vehicle,9999.9,8,0,1,No intersection,7,2,2,4,0,0,0,0,CR-GRANGE ST W,,-122.5162944,47.18605278,98467,0,1,13,Pedestrian/Animal,80,5,0,4,0,0,1,5,8,0,0,0,0,10,Others,1,1,53,,0,37,441,2000,0,0,12,,,,,,1,1,35,2,0,0,1,0,3,0,11,8,,,,,0,0,0,2,1,0,0,0,0,96,,,,,,99,,,,,,98404,53,61,180,1,1,0,0,0,1,,97,,,,,,0,06-15-2013,07-15-2016,8,0,0,0,8,9,8,,,0,0,0,8,9,8,95,,,96,,,8,95,995,,,,,,,,,,,,,,,,,,,,,,,,,,,,,,0,0,0,0,0,0,1,1,0,0,0,0,0,1,0,0,0,0,0,0,0,0,0,0,0,0,0,0,0,1,0,0,0,0,0,,0,0,0,0,0,0,0,0,0,0,0,1,0,0,0,0,,,,,,31-35,26-35,State route,U,Monday,Belt Used,PV,Not Fatal,0,0,0,0,State Route,Municipal/City Police,Puyallup Police Department,0,1,0,0,0,,,,,,0,0,3,,,,,,,,,,,,,,,,,,,,,,,,,,,,,,,,,,,