year,something,Cases,repjur,crash_dt,crash_tm,accday,Month,Month,holiday,county,co_char,city,weather,weather2,lightcond,surfcond,surftype,Number of Fatalities,nmforms,pforms,vforms,not_tm,arr_tm,hosp_tm,fhevent,hitrun,Manner of Collision,Manner of Collision,milepnt,reljunc,reljuncinter,intersectiontype,Intersection Type,funcsystem,landuse,ownership,route,schlbus,spejur,contdev,devfunc,trafid1,trafid2,x,y,zipcode,wk_zone,vnumber,crashtype,Crash Type,criticalevent,criticaleventcat,spdlim,body,trailer,emerg,hazcargo,leave,mhevent,roadalgn,roadprof,traflane,trafflow,Vehicle Manure,Vehicle Manure,numoccs,regowner,regstate,,spuse,make,model,modelyr,vrf1,vrf2,seqevent1,seqevent2,seqevent3,seqevent4,seqevent5,seqevent6,pnumber,ptype,age,sex,hispanic,race,injury,diedscene,restraint,restraintmisuse,seatpos,takehosp,death_dt,death_tm,cert,cernum_wa,commlic,licendor,licrestrict,liccomp,drivpres,drf1,drf2,drf3,drf4,distract1,distract2,distract3,distract4,distract5,distract6,dricond1,dricond2,dricond3,dricond4,dricond5,dricond6,dzip,licstate,drhgt_in,weight,noncdl,noncdltype,prevdwi,prevoth,prevacc,prevspd,prevsus,driviol1,driviol2,driviol3,driviol4,driviol5,driviol6,spdrel,first_dt,last_dt,airbag,ejection,ejectpath,extricat,injurwrk,methalc,methdrug,nmlocat,strikveh,prf1,prf2,prf3,druginv,alcinvol,drugsts,drugres1,drugres2,drugres3,drugtst1,drugtst2,drugtst3,alcsts,alctst,alcres,nmact1,nmact2,nmact3,nmact4,nmact5,nmact6,nmprior1,nmprior2,nmprior3,nmprior4,nmprior5,nmprior6,nmcond1,nmcond2,nmcond3,nmcond4,nmcond5,nmcond6,nmsafe_helmet,nmsafe_pads,nmsafe_oth,nmprev_ref,nmprev_lgt,nmprev_oth,crashlocation,nmcrashtype,crosswalk,schoolzone,sidewalk,train_inv,wildlife_inv,rotr_fars,intersect_fars,Drink and Drive,aid_inv,Drug Positive Drivers,Impaired Drivers,Marijuana Positive,impnm_inv,ainm_inv,dpnm_inv,speed_inv,unlic_inv,unendmc_inv,drowsy_inv,drdist_inv,nmdist_inv,fty_inv,unrestfat_inv,dr1617_inv,dr1820_inv,dr1620_inv,dr2125_inv,dr1625_inv,dr65_inv,dr70_inv,dr75_inv,mc_inv,pv_inv,ht_inv,ped_inv,bike_inv,unrest_fat,mc_fat,unhelmet_mc,pv_fat,ht_fat,ped_fat,bike_fat,dr_alc7,dr_alc8,dr_drug,dr_imp,dr_dist,dr_spd,dr_fty,dr_unlic,dr_alc7only,dr_alc8only,dr_drugonly,dr_drink,nm_imp,nm_alc7,nm_alc8,nm_drug,nm_dist,agegrp1,agegrp2,roadclass,urbrur,dayweek,restuse,vehtype,race_me,intersect,lanedep,oppdir,wrongway,rep_typ,investag,repag_long,rotr,st_rd,cty_rd,city_rd,oth_rd,drug_thc,thc_res,drug_cthc,cthc_res,drug_cann,prevpersemin,prevperse,prevsusoth,drugtst4,drugtst5,drugtst6,drugtst7,drugtst8,drugres4,drugres5,drugres6,drugres7,drugres8,adspresent,adsengaged,adslevel,race1,race2,race3,race4,race5,helmet,helmetmisuse,nmdistract1,nmdistract2,nmdistract3,nmdistract4,nmdistract5,nmdistract6,lab,isedtcase,crf1,crf2,crf3,CoRoadName,CoMP,IntCoRoadName,IntCoMP
2020,426,635184,1,10-30-2020,15:43,30,10,Oct,,77,Yakima,0,1,,1,1,2,1,0,2,2,15:56,16:41,17:05,12,0,2,Front-to-Front,54.1,1,0,1,No intersection,3,1,1,2,0,3,0,0,US-97,,-120.3647778,46.28361389,,0,1,50,Lateral Move(Left/Right),10,2,65,5,0,0,1,2,12,1,2,3,1,6,Others,1,1,41,,0,34,34,2001,0,0,12,,,,,,1,1,31,1,0,0,1,0,3,0,11,8,,,,,0,0,0,3,1,0,0,0,0,0,,,,,,0,,,,,,98092,53,65,190,6,1,0,1,0,2,,0,,,,,,0,02-15-2015,07-15-2016,8,0,0,0,8,9,8,,,0,0,0,8,0,8,95,,,96,,,8,95,995,,,,,,,,,,,,,,,,,,,,,,,,,,,,,,0,0,0,0,0,0,1,1,0,0,0,0,0,1,0,0,0,0,0,0,0,0,0,0,0,0,0,0,0,1,0,0,0,0,0,,0,0,0,0,0,0,0,0,0,0,0,0,0,0,0,0,,,,,,31-35,26-35,State route,U,Monday,Belt Used,PV,Not Fatal,0,0,0,0,State Route,Municipal/City Police,Puyallup Police Department,0,1,0,0,0,,,,,,0,0,2,,,,,,,,,,,,,,,,,,,,,,,,,,,,,,,,,,,
2021,426,636011,40,10-19-2021,16:59,19,10,Oct,,63,Spokane,0,1,,1,1,2,1,0,1,1,,,,30,0,0,No vehicle,,3,0,2,4 Way,4,2,2,4,0,0,0,0,CR-E UPRIVER DR,N MARGUERITE RD,-117.2854917,47.69685,99212,0,1,1,Driver Off Road,9,1,30,80,0,0,1,5,30,3,2,2,1,14,Making a U turn,1,2,53,,0,12,13,1997,0,0,68,12,12,,,,1,1,56,1,7,1,4,0,3,0,11,5,06-04-2018,09:04,2.23E+11,25465,0,0,0,2,1,28,0,0,0,96,,,,,,99,,,,,,98372,53,71,180,1,1,0,4,1,2,,0,,,,,,0,02-15-2014,11-15-2016,8,0,0,1,0,9,8,,,0,0,0,8,9,2,401,417,,1,1,,2,1,0,,,,,,,,,,,,,,,,,,,,,,,,,,,,,,0,0,0,0,0,0,1,1,0,0,0,0,0,1,0,0,0,0,0,0,0,0,0,0,0,0,0,0,0,1,0,0,0,0,0,,1,0,0,0,0,0,1,1,0,0,0,1,0,0,1,0,,,,,,56-60,56-65,State route,U,Monday,Belt Used,PV,White,0,0,0,0,State Route,Municipal/City Police,Puyallup Police Department,0,1,0,0,0,,,,,,0,0,2,,,,,,,,,,,,,,,,,,,,,,,,,,,,,,,,,,,
2020,426,635185,1,10-30-2020,15:43,30,10,Oct,,77,Yakima,0,1,,1,1,2,1,0,2,2,15:56,16:41,17:05,12,0,2,Front-to-Front,54.1,1,0,1,No intersection,3,1,1,2,0,3,0,0,US-97,,-120.3647778,46.28361389,,0,2,51,Lateral Move(Going Straight),62,4,65,20,0,0,1,2,12,1,2,3,1,1,Going Straight,1,3,53,,0,34,47,2015,0,0,64,33,69,63,30,,1,1,23,1,7,2,4,7,3,0,11,0,06-02-2018,02:05,10953025270,25270,0,0,0,3,1,0,0,0,0,96,,,,,,99,,,,,,30087,13,71,165,6,1,0,0,98,1,,0,,,,,,4,01-15-2015,05-15-2015,2,0,0,0,0,1,8,,,0,0,0,8,1,2,605,,,1,,,2,1,0.18,,,,,,,,,,,,,,,,,,,,,,,,,,,,,,0,0,1,1,1,1,1,1,1,0,0,0,1,0,0,0,0,0,0,0,0,0,0,1,1,0,0,0,0,1,0,0,0,0,0,,1,0,0,0,0,1,1,1,0,1,0,0,0,0,0,1,,,,,,21-25,16-25,City street,U,Saturday,Belt Used,PV,Black,0,1,0,0,City Street,Municipal/City Police,Bellevue Police Department,1,0,0,1,0,thc,1,,,,0,0,1,,,,,,,,,,,,,,,,,,,,,,,,,,,,,,,,,,,
2019,426,634488,7,11-24-2019,09:55,24,11,Nov,,33,King,735,10,0,1,1,1,1,0,2,1,,,,42,0,0,No vehicle,0,1,0,1,No intersection,7,2,4,6,0,0,0,0,1ST AVE S,,-122.3341306,47.29406389,98063,0,1,98,Others,9,1,98,5,0,0,1,7,42,3,1,2,2,14,Making a U turn,2,1,53,,0,37,31,1995,0,0,9,,,,,,1,1,41,1,0,0,0,0,3,0,11,0,,,,,0,0,0,0,1,0,0,0,0,96,,,,,,0,,,,,,98092,53,73,200,0,0,0,0,0,0,,97,,,,,,0,,,20,0,0,0,8,9,8,,,0,0,0,8,0,8,95,,,96,,,8,95,995,,,,,,,,,,,,,,,,,,,,,,,,,,,,,,0,0,0,1,0,0,0,0,0,0,0,0,0,1,0,0,0,0,0,0,0,0,0,0,0,0,0,0,0,1,0,0,1,0,0,,0,0,0,0,0,0,0,0,0,0,0,1,0,0,0,0,,,,,,41-45,36-45,State route,U,Saturday,Belt Used,PV,Not Fatal,1,0,0,0,State Route,Municipal/City Police,Auburn Police Department,0,1,0,0,0,,,,,,0,0,0,,,,,,,,,,,,,,,,,,,,,,,,,,,,,,,,,,,
2018,426,633700,278,11-23-2018,16:02,23,11,Nov,8,63,Spokane,2110,2,0,3,2,2,1,1,1,1,,,,8,0,0,No vehicle,0,1,0,1,No intersection,7,2,4,6,0,0,28,3,E 29TH AVE,,-117.3726806,47.62815833,99223,0,1,13,Pedestrian/Animal,80,5,98,14,0,0,1,5,8,1,1,2,4,1,Going Straight,1,2,53,,0,20,481,1997,0,0,68,64,53,38,42,,1,1,19,1,7,1,4,7,3,0,11,0,06-02-2018,21:08,53024699,24699,0,0,0,3,1,0,0,0,0,93,,,,,,99,,,,,,99208,53,74,190,6,1,0,1,1,1,,0,,,,,,3,10-15-2014,11-15-2016,20,0,0,0,0,9,8,,,0,0,0,8,1,8,95,,,96,,,8,95,995,,,,,,,,,,,,,,,,,,,,,,,,,,,,,,0,0,0,0,1,0,0,0,0,0,0,0,1,0,0,0,1,0,0,0,0,1,1,0,1,0,0,0,0,1,0,0,0,0,0,,1,0,0,0,0,0,0,0,1,1,0,0,0,0,0,1,,,,,,18-20,16-25,County road,R,Saturday,Belt Used,PV,White,0,1,0,0,County Road,County Sheriff,Spokane County Sheriff's Office,1,0,1,0,0,,,,,,0,0,0,,,,,,,,,,,,,,,,,,,,,,,,,,,,,,,,,,,
2017,426,632905,5,10-09-2017,20:43,9,10,Oct,7,11,Clark,0,10,0,3,1,2,1,0,2,2,,,,12,0,2,Front-to-Front,7.1,1,0,1,No intersection,1,2,1,1,0,0,0,0,I-5,,-122.6546583,45.71771111,98686,0,2,51,Lateral Move(Going Straight),54,3,60,4,0,0,1,2,12,1,2,3,3,15,Others,1,2,53,,0,2,404,2002,0,0,63,24,30,,,,1,1,35,1,7,68,4,7,99,0,11,0,05/28/2018,02:44,1.35E+11,30282,0,0,3,3,1,0,0,0,0,96,,,,,,99,,,,,,98404,53,68,170,6,1,0,0,0,0,,0,,,,,,0,,,8,0,0,0,0,9,8,,,0,0,0,8,9,8,95,,,96,,,8,95,995,,,,,,,,,,,,,,,,,,,,,,,,,,,,,,0,0,0,0,0,0,0,0,0,0,0,0,0,0,0,0,0,0,0,0,0,0,0,0,0,0,0,0,0,1,0,0,0,0,0,,1,0,0,0,0,0,0,0,0,0,0,0,0,0,0,0,,,,,,31-35,26-35,Interstate,U,Monday,Unknown,PV,API,0,1,0,0,State Route,State Patrol,Washington State Patrol,1,1,0,0,0,,,,,,0,0,0,,,,,,,,,,,,,,,,,,,,,,,,,,,,,,,,,,,
2017,426,632904,5,10-09-2017,20:43,9,10,Oct,7,11,Clark,0,10,0,3,1,2,1,0,2,2,,,,12,0,2,Front-to-Front,7.1,1,0,1,No intersection,1,2,1,1,0,0,0,0,I-5,,-122.6546583,45.71771111,98686,0,1,50,Lateral Move(Left/Right),54,3,60,14,0,0,1,2,12,1,2,3,3,1,Going Straight,1,1,53,,0,20,2,2004,0,0,71,38,,,,,1,1,45,1,7,1,4,7,3,0,11,0,05/31/2018,01:50,93053024412,24412,0,0,3,3,1,0,0,0,0,92,,,,,,99,,,,,,98550,53,65,190,6,1,0,4,5,8,,0,,,,,,0,12-15-2013,04-15-2018,1,0,0,0,0,9,8,,,0,0,0,8,9,2,401,417,,1,1,,2,1,0,,,,,,,,,,,,,,,,,,,,,,,,,,,,,,0,0,0,1,0,0,1,1,0,0,0,0,0,0,0,0,1,0,0,0,0,0,0,0,0,0,0,0,0,1,0,0,0,0,0,,1,0,0,0,0,0,1,1,1,0,0,0,0,0,1,0,,,,,,41-45,36-45,City street,U,Thursday,Belt Used,PV,White,0,1,0,0,City Street,Municipal/City Police,Hoquiam Police Department,1,0,0,1,0,,,,,,0,0,3,,,,,,,,,,,,,,,,,,,,,,,,,,,,,,,,,,,
2020,427,635186,290,11-03-2020,00:13,3,11,Nov,,53,Pierce,2230,1,,3,1,2,1,0,1,3,,,,14,0,0,No vehicle,0,1,0,1,No intersection,5,2,4,6,0,0,0,0,S SHERIDAN AVE,,-122.4525389,47.18670833,98408,1,1,98,Others,13,2,30,4,0,0,1,2,14,1,1,2,1,1,Going Straight,1,3,53,,0,76,706,2002,0,0,68,64,24,,,,1,1,75,1,7,1,4,7,19,0,11,0,05/26/2018,12:17,53024358,24358,0,0,0,3,1,0,0,0,0,96,,,,,,0,,,,,,83854,16,71,161,6,1,0,0,0,0,,0,,,,,,0,,,20,8,0,0,0,9,8,,,0,0,0,8,0,8,95,,,96,,,8,95,995,,,,,,,,,,,,,,,,,,,,,,,,,,,,,,0,0,1,0,0,0,0,0,0,0,0,0,0,0,0,0,0,0,0,0,0,0,0,0,0,1,1,1,1,0,0,0,0,0,1,0,0,0,0,0,0,0,0,0,0,0,0,0,0,0,0,0,,,,,,71-75,66-75,State route,R,Saturday,,MC,White,0,1,0,0,State Route,State Patrol,Washington State Patrol Headquarter,1,1,0,0,0,,,,,,0,0,0,,,,,,,,,,,,,,,,,,,,,,,,,,,,,,,,,,,
2019,427,634489,1,11-28-2019,23:50,28,11,Nov,,77,Yakima,0,1,0,2,1,2,1,0,2,1,,,,31,0,0,No vehicle,0.9,1,0,1,No intersection,5,1,2,4,0,0,0,0,CR-GRANDVIEW PAVEMENT R,,-119.9807194,46.25113333,98935,0,1,6,Drive off road,12,2,35,4,0,0,1,7,1,1,1,2,1,1,Going Straight,2,2,53,,0,12,13,1994,0,0,12,,,,,,1,1,55,1,7,1,4,7,3,0,11,0,05/28/2018,07:15,1.85E+11,23948,0,0,3,3,1,0,0,0,0,96,,,,,,0,,,,,,98901,53,64,230,6,1,0,0,0,0,,0,,,,,,0,,,1,0,0,0,0,9,8,,,0,0,0,8,0,2,1,,,1,,,2,1,0,,,,,,,,,,,,,,,,,,,,,,,,,,,,,,0,0,0,0,1,1,1,1,0,0,0,0,0,1,0,0,0,0,0,0,0,0,0,0,0,0,0,0,0,1,0,0,0,0,0,,1,0,0,0,0,0,0,0,0,0,0,0,0,0,0,0,,,,,,51-55,46-55,Interstate,U,Monday,Belt Used,PV,White,0,0,0,1,State Route,State Patrol,Washington State Patrol,0,1,0,0,0,,,,,,0,0,0,,,,,,,,,,,,,,,,,,,,,,,,,,,,,,,,,,,
2017,427,632925,59,10-22-2017,20:46,22,10,Oct,0,33,King,109,2,0,3,2,2,1,0,1,1,,,,33,0,0,No vehicle,9999.9,1,0,1,No intersection,3,2,4,5,0,0,0,0,148TH AVE NE,,-122.1431333,47.61938056,98007,0,1,1,Driver Off Road,11,2,35,5,0,0,1,2,42,1,1,4,1,1,Going Straight,1,1,53,,0,7,25,2007,0,0,12,,,,,,1,1,29,1,0,0,2,0,3,0,11,0,,,,,0,0,0,2,1,51,0,0,0,96,,,,,,99,,,,,,99301,53,66,154,1,1,0,2,0,2,,1,,,,,,0,08-15-2013,08-15-2017,8,0,0,0,8,9,8,,,0,0,0,8,1,2,402,,,1,,,2,1,0.23,,,,,,,,,,,,,,,,,,,,,,,,,,,,,,0,0,0,0,1,1,1,1,0,0,0,0,0,1,0,0,0,0,0,0,0,0,0,0,0,0,0,0,0,1,0,0,0,0,0,,0,0,0,0,0,1,1,1,0,0,0,1,0,0,0,1,,,,,,26-30,26-35,Interstate,U,Monday,Belt Used,PV,Not Fatal,0,0,0,1,State Route,State Patrol,Washington State Patrol,0,1,0,0,0,,,,,,0,0,6,,,,,,,,,,,,,,,,,,,,,,,,,,,,,,,,,,,
2018,427,633701,2,11-17-2018,17:05,17,11,Nov,0,73,Whatcom,0,1,0,5,1,2,1,1,1,1,,,,8,0,0,No vehicle,272,1,0,1,No intersection,1,1,1,1,0,0,0,0,I-5,,-122.6883694,48.95215556,98230,0,1,13,Pedestrian/Animal,80,5,70,14,0,0,1,7,8,1,1,2,2,1,Going Straight,1,1,95,,0,87,884,2018,0,0,12,,,,,,1,1,38,1,0,0,1,0,3,0,11,4,,,,,6,1,0,3,1,0,0,0,0,96,,,,,,0,,,,,,99301,53,69,210,6,1,0,0,0,0,,0,,,,,,0,,,20,0,0,0,8,9,2,,,0,0,0,0,0,8,95,,,96,,,8,95,995,,,,,,,,,,,,,,,,,,,,,,,,,,,,,,0,0,0,0,0,0,0,0,0,0,0,0,0,0,0,0,0,0,0,0,0,0,0,0,0,1,1,1,0,1,1,0,0,0,0,,0,0,0,0,0,0,0,0,0,0,0,0,0,0,0,0,,,,,,36-40,36-45,Interstate,U,Thursday,,MHTRUCK,Not Fatal,0,0,0,1,State Route,State Patrol,Washington State Patrol,0,1,0,0,0,,,,,,0,0,0,,,,,,,,,,,,,,,,,,,,,,,,,,,,,,,,,,,
2021,427,636012,127,09-22-2021,19:30,22,9,Sep,,33,King,735,10,,3,1,2,1,1,1,1,,,,8,1,0,No vehicle,0,3,0,3,T Intersection,4,2,4,6,0,0,0,0,S 288TH ST,25th Pl S,-122.2998417,47.34339167,98003,0,1,13,Pedestrian/Animal,80,5,35,49,0,0,1,5,8,1,2,2,2,1,Going Straight,99,9,99,,0,12,481,2013,0,0,12,,,,,,1,1,88,1,7,1,4,0,3,0,11,4,05/18/2018,17:43,1.96E+11,22727,0,0,3,3,1,51,0,0,0,96,,,,,,99,,,,,,99301,53,69,160,6,1,0,1,1,0,,0,,,,,,0,10-15-2014,10-15-2014,1,0,0,0,0,9,8,,,0,0,0,8,9,2,1,,,1,,,2,1,0,,,,,,,,,,,,,,,,,,,,,,,,,,,,,,0,0,0,0,0,0,0,0,0,0,0,0,0,0,0,0,0,0,0,0,0,0,0,0,0,1,1,1,0,1,1,0,0,0,0,,1,0,0,0,0,0,0,0,0,0,0,0,0,0,0,0,,,,,,81+,76+,Interstate,U,Thursday,Belt Used,PV,White,0,0,0,1,State Route,State Patrol,Washington State Patrol,0,1,0,0,0,,,,,,0,0,0,,,,,,,,,,,,,,,,,,,,,,,,,,,,,,,,,,,
2019,428,3384575,160,10-15-2019,22:47,15,10,Oct,,33,King,1030,1,0,3,1,2,1,0,1,1,,,,33,0,0,No vehicle,9.9,1,0,1,No intersection,3,2,1,3,0,0,0,0,SR-99,,-122.3052,47.36584444,98032,0,1,1,Driver Off Road,13,2,45,80,0,0,1,7,1,1,3,6,2,6,Others,1,1,53,,0,37,706,2008,0,0,12,,,,,,1,1,22,1,7,1,4,7,19,0,11,0,05/23/2018,17:27,1.85E+11,23507,0,0,0,3,1,0,0,0,0,96,,,,,,99,,,,,,99337,53,72,205,6,1,0,0,0,5,,0,,,,,,0,08-15-2014,11-15-2017,20,8,0,0,0,9,8,,,0,0,0,8,9,2,1,,,1,,,2,1,0,,,,,,,,,,,,,,,,,,,,,,,,,,,,,,0,0,0,1,0,0,0,0,0,0,0,0,0,0,0,0,0,0,1,0,0,0,0,1,1,0,0,0,1,1,0,0,0,0,1,0,0,0,0,0,0,0,0,0,0,0,0,0,0,0,0,0,,,,,,21-25,16-25,City street,U,Wednesday,,MC,White,1,0,0,0,City Street,Municipal/City Police,Richland Police Department,0,0,0,1,0,,,,,,0,0,0,,,,,,,,,,,,,,,,,,,,,,,,,,,,,,,,,,,
2021,428,636015,3,10-18-2021,18:43,18,10,Oct,,67,Thurston,0,1,,1,1,2,1,0,4,3,,,,12,0,1,Front-to-Rear,43.7,3,0,3,T Intersection,3,2,1,2,0,0,0,0,US-12,HUNTINGTON ST,-123.0579389,46.81133333,98579,0,3,98,Others,62,4,50,14,0,0,1,2,12,1,1,2,1,1,Going Straight,2,2,53,,0,7,482,2002,0,0,12,,,,,,1,1,40,1,0,0,0,0,3,0,11,0,,,,,6,1,0,3,1,38,0,0,0,96,,,,,,0,,,,,,99336,53,67,200,6,1,0,0,0,0,,97,,,,,,0,,,20,0,0,0,8,9,2,,,0,0,0,0,0,2,1,,,1,,,2,1,0,,,,,,,,,,,,,,,,,,,,,,,,,,,,,,0,0,0,1,0,0,0,0,0,0,0,0,0,0,0,0,0,0,1,0,0,0,0,1,1,0,0,0,1,1,0,0,0,0,0,,0,0,0,0,0,0,0,0,0,0,1,0,0,0,0,0,,,,,,36-40,36-45,City street,U,Wednesday,Belt Used,PV,Not Fatal,1,0,0,0,City Street,Municipal/City Police,Richland Police Department,0,0,0,1,0,,,,,,0,0,0,,,,,,,,,,,,,,,,,,,,,,,,,,,,,,,,,,,
2021,428,636014,3,10-18-2021,18:43,18,10,Oct,,67,Thurston,0,1,,1,1,2,1,0,4,3,,,,12,0,1,Front-to-Rear,43.7,3,0,3,T Intersection,3,2,1,2,0,0,0,0,US-12,HUNTINGTON ST,-123.0579389,46.81133333,98579,0,2,21,Others,53,3,50,4,0,0,1,2,12,1,1,2,1,5,Others,1,1,53,,0,37,31,1999,0,0,68,64,42,38,,,1,1,56,2,7,1,4,7,20,0,11,0,05/24/2018,05:26,2.11E+11,23386,0,0,3,3,1,0,0,0,0,96,,,,,,99,,,,,,99206,53,65,128,6,1,0,0,0,0,,0,,,,,,0,,,20,0,0,0,0,9,8,,,0,0,0,8,9,2,155,189,402,1,1,1,2,1,0.18,,,,,,,,,,,,,,,,,,,,,,,,,,,,,,0,0,0,0,1,1,1,1,1,0,0,0,0,0,0,0,0,0,0,1,0,0,0,0,0,0,0,0,0,1,0,0,0,1,0,,1,0,0,0,0,1,1,1,0,0,0,0,0,0,0,1,,,,,,56-60,56-65,County road,U,Thursday,Not Used,PV,White,0,1,0,0,County Road,County Sheriff,Spokane County Sheriff's Office,1,0,1,0,0,thc,4.5,carboxy-thc,17,,0,0,0,1,1,1,,,407,605,695,996,,,,,,,,,,,,,,,,,,,,,,,,,,
2021,428,636013,3,10-18-2021,18:43,18,10,Oct,,67,Thurston,0,1,,1,1,2,1,0,4,3,,,,12,0,1,Front-to-Rear,43.7,3,0,3,T Intersection,3,2,1,2,0,0,0,0,US-12,HUNTINGTON ST,-123.0579389,46.81133333,98579,0,1,20,Others,50,3,50,2,0,0,1,2,12,1,1,2,1,1,Going Straight,1,2,53,,0,30,40,2006,0,0,12,,,,,,1,1,70,2,0,0,0,0,3,0,11,0,,,,,0,0,3,3,1,0,0,0,0,96,,,,,,0,,,,,,99134,53,65,170,6,1,0,0,0,0,,0,,,,,,0,,,20,0,0,0,8,9,8,,,0,0,0,8,0,8,95,,,96,,,8,95,995,,,,,,,,,,,,,,,,,,,,,,,,,,,,,,0,0,1,0,0,0,0,0,0,0,0,0,1,0,0,0,0,0,0,0,0,0,0,0,0,1,1,0,1,1,0,0,0,0,0,,0,0,0,0,0,0,0,0,0,0,0,0,0,0,0,0,,,,,,66-70,66-75,Interstate,U,Tuesday,Belt Used,PV,Not Fatal,0,1,0,0,State Route,State Patrol,Washington State Patrol Headquarter,1,1,0,0,0,,,,,,0,0,0,,,,,,,,,,,,,,,,,,,,,,,,,,,,,,,,,,,
2020,428,635113,39,09-25-2020,19:51,25,9,Sep,,61,Snohomish,0,2,,2,2,2,1,0,1,1,19:54,20:05,20:55,42,0,0,No vehicle,8.5,1,0,1,No intersection,5,1,2,4,0,0,0,0,CR-311TH AVE SE,,-121.8147083,47.85246944,98294,0,1,6,Drive off road,12,2,35,15,0,0,1,2,42,1,2,2,1,1,Going Straight,1,1,53,,0,48,401,2005,0,0,12,,,,,,1,1,66,2,0,0,0,0,3,0,11,0,,,,,0,0,0,3,1,0,0,0,0,96,,,,,,0,,,,,,83869,16,64,155,6,1,0,0,0,0,,0,,,,,,0,,,20,0,0,0,8,9,8,,,0,0,0,8,0,8,95,,,96,,,8,95,995,,,,,,,,,,,,,,,,,,,,,,,,,,,,,,0,0,1,0,0,0,0,0,0,0,0,0,1,0,0,0,0,0,0,0,0,0,0,0,0,1,1,0,1,1,0,0,0,0,0,,0,0,0,0,0,0,0,0,0,0,0,0,0,0,0,0,,,,,,66-70,66-75,Interstate,U,Tuesday,Belt Used,PV,Not Fatal,0,1,0,0,State Route,State Patrol,Washington State Patrol Headquarter,1,1,0,0,0,,,,,,0,0,0,,,,,,,,,,,,,,,,,,,,,,,,,,,,,,,,,,,
2018,428,633702,5,11-25-2018,18:20,25,11,Nov,8,41,Lewis,0,2,0,2,2,2,1,1,1,1,18:19,18:26,,8,0,0,No vehicle,3,1,0,1,No intersection,5,1,1,3,0,0,0,0,SR-508,,-122.8280556,46.57611111,98356,0,1,13,Pedestrian/Animal,80,5,55,14,0,0,1,5,8,1,1,2,1,1,Going Straight,1,1,53,,0,71,706,2013,0,0,64,24,12,12,,,1,1,46,1,7,1,4,0,19,0,11,5,05/22/2018,16:08,2.11E+11,23571,0,0,0,3,1,0,0,0,0,96,,,,,,99,,,,,,99029,53,71,240,6,1,0,1,0,1,,0,,,,,,4,04-15-2017,05-15-2017,20,8,0,0,0,9,8,,,0,0,0,8,9,2,1,,,1,,,2,1,0,,,,,,,,,,,,,,,,,,,,,,,,,,,,,,0,0,1,0,0,0,0,0,0,0,0,0,1,0,0,0,0,0,0,0,0,0,0,0,0,1,1,0,1,1,0,0,0,0,1,0,0,0,0,0,0,0,0,0,0,1,0,0,0,0,0,0,,,,,,46-50,46-55,Interstate,U,Tuesday,,MC,White,0,1,0,0,State Route,State Patrol,Washington State Patrol Headquarter,1,1,0,0,0,,,,,,0,0,0,,,,,,,,,,,,,,,,,,,,,,,,,,,,,,,,,,,
2017,428,632907,1,10-13-2017,06:25,13,10,Oct,0,77,Yakima,0,1,0,4,1,2,1,0,3,2,06:28,06:44,07:21,12,0,6,Angle,69.8,2,0,2,4 Way,3,1,1,2,0,3,0,0,US-97,JONES RD,-120.4351167,46.46251111,98951,0,2,69,Initial Opposite Direction(Going Straight),62,4,55,34,1,0,1,2,12,1,1,5,1,1,Going Straight,2,2,53,,0,34,35,2000,0,0,63,38,1,31,43,42,1,1,24,1,7,58,4,7,20,0,11,0,05-11-2018,22:19,2.37E+11,23174,0,0,0,2,1,0,0,0,0,96,,,,,,99,,,,,,98661,53,,999,1,1,0,1,0,0,,0,,,,,,3,08-15-2015,11-15-2015,2,0,0,0,0,9,8,,,0,0,0,8,9,2,605,695,,1,1,,2,1,0.16,,,,,,,,,,,,,,,,,,,,,,,,,,,,,,0,0,1,0,1,1,1,1,1,0,0,0,1,1,0,0,0,0,0,1,0,0,0,1,1,0,0,0,0,1,0,0,0,1,0,,1,0,0,0,0,1,1,1,0,1,0,1,0,0,0,1,,,,,,21-25,16-25,City street,U,Friday,Not Used,PV,API,0,1,0,0,City Street,Municipal/City Police,Vancouver Police Department,1,0,0,1,0,thc,3.4,carboxy-thc,10,,0,0,1,,,,,,,,,,,,,,,,,,,,,,,,,,,,,,,,,,,
2017,428,632906,1,10-13-2017,06:25,13,10,Oct,0,77,Yakima,0,1,0,4,1,2,1,0,3,2,06:28,06:44,07:21,12,0,6,Angle,69.8,2,0,2,4 Way,3,1,1,2,0,3,21,3,US-97,JONES RD,-120.4351167,46.46251111,98951,0,1,68,Initial Opposite Direction(Left/Right),15,2,55,14,0,0,1,2,12,1,1,5,1,11,Turning Red: Permitted on red,1,1,53,,0,77,706,2014,0,0,1,,,,,,1,1,51,1,7,1,4,7,19,0,11,0,05/26/2018,15:06,1.10E+11,23738,0,0,0,2,1,0,0,0,0,96,,,,,,99,,,,,,98513,53,69,180,1,1,0,0,1,5,,0,,,,,,0,02-15-2015,05-15-2018,20,8,0,0,0,9,8,,,0,0,0,8,9,2,401,417,,1,1,,2,1,0,,,,,,,,,,,,,,,,,,,,,,,,,,,,,,0,0,0,0,0,0,1,1,0,0,0,0,0,1,1,0,0,0,0,0,0,0,0,0,0,0,0,0,1,0,0,0,0,0,1,0,0,0,0,0,0,0,1,1,0,0,0,1,0,0,1,0,,,,,,51-55,46-55,City street,U,Saturday,,MC,White,0,0,0,0,City Street,Municipal/City Police,Lacey Police Department,0,0,0,1,0,,,,,,0,0,3,,,,,,,,,,,,,,,,,,,,,,,,,,,,,,,,,,,