year,something,Cases,repjur,crash_dt,crash_tm,accday,Month,Month,holiday,county,co_char,city,weather,weather2,lightcond,surfcond,surftype,Number of Fatalities,nmforms,pforms,vforms,not_tm,arr_tm,hosp_tm,fhevent,hitrun,Manner of Collision,Manner of Collision,milepnt,reljunc,reljuncinter,intersectiontype,Intersection Type,funcsystem,landuse,ownership,route,schlbus,spejur,contdev,devfunc,trafid1,trafid2,x,y,zipcode,wk_zone,vnumber,crashtype,Crash Type,criticalevent,criticaleventcat,spdlim,body,trailer,emerg,hazcargo,leave,mhevent,roadalgn,roadprof,traflane,trafflow,Vehicle Manure,Vehicle Manure,numoccs,regowner,regstate,,spuse,make,model,modelyr,vrf1,vrf2,seqevent1,seqevent2,seqevent3,seqevent4,seqevent5,seqevent6,pnumber,ptype,age,sex,hispanic,race,injury,diedscene,restraint,restraintmisuse,seatpos,takehosp,death_dt,death_tm,cert,cernum_wa,commlic,licendor,licrestrict,liccomp,drivpres,drf1,drf2,drf3,drf4,distract1,distract2,distract3,distract4,distract5,distract6,dricond1,dricond2,dricond3,dricond4,dricond5,dricond6,dzip,licstate,drhgt_in,weight,noncdl,noncdltype,prevdwi,prevoth,prevacc,prevspd,prevsus,driviol1,driviol2,driviol3,driviol4,driviol5,driviol6,spdrel,first_dt,last_dt,airbag,ejection,ejectpath,extricat,injurwrk,methalc,methdrug,nmlocat,strikveh,prf1,prf2,prf3,druginv,alcinvol,drugsts,drugres1,drugres2,drugres3,drugtst1,drugtst2,drugtst3,alcsts,alctst,alcres,nmact1,nmact2,nmact3,nmact4,nmact5,nmact6,nmprior1,nmprior2,nmprior3,nmprior4,nmprior5,nmprior6,nmcond1,nmcond2,nmcond3,nmcond4,nmcond5,nmcond6,nmsafe_helmet,nmsafe_pads,nmsafe_oth,nmprev_ref,nmprev_lgt,nmprev_oth,crashlocation,nmcrashtype,crosswalk,schoolzone,sidewalk,train_inv,wildlife_inv,rotr_fars,intersect_fars,Drink and Drive,aid_inv,Drug Positive Drivers,Impaired Drivers,Marijuana Positive,impnm_inv,ainm_inv,dpnm_inv,speed_inv,unlic_inv,unendmc_inv,drowsy_inv,drdist_inv,nmdist_inv,fty_inv,unrestfat_inv,dr1617_inv,dr1820_inv,dr1620_inv,dr2125_inv,dr1625_inv,dr65_inv,dr70_inv,dr75_inv,mc_inv,pv_inv,ht_inv,ped_inv,bike_inv,unrest_fat,mc_fat,unhelmet_mc,pv_fat,ht_fat,ped_fat,bike_fat,dr_alc7,dr_alc8,dr_drug,dr_imp,dr_dist,dr_spd,dr_fty,dr_unlic,dr_alc7only,dr_alc8only,dr_drugonly,dr_drink,nm_imp,nm_alc7,nm_alc8,nm_drug,nm_dist,agegrp1,agegrp2,roadclass,urbrur,dayweek,restuse,vehtype,race_me,intersect,lanedep,oppdir,wrongway,rep_typ,investag,repag_long,rotr,st_rd,cty_rd,city_rd,oth_rd,drug_thc,thc_res,drug_cthc,cthc_res,drug_cann,prevpersemin,prevperse,prevsusoth,drugtst4,drugtst5,drugtst6,drugtst7,drugtst8,drugres4,drugres5,drugres6,drugres7,drugres8,adspresent,adsengaged,adslevel,race1,race2,race3,race4,race5,helmet,helmetmisuse,nmdistract1,nmdistract2,nmdistract3,nmdistract4,nmdistract5,nmdistract6,lab,isedtcase,crf1,crf2,crf3,CoRoadName,CoMP,IntCoRoadName,IntCoMP
2021,429,636017,8,10-20-2021,07:20,20,10,Oct,,27,Grays Harbor,0,2,,4,2,2,3,0,4,2,,,,12,0,8,Other,111.1,1,0,1,No intersection,3,1,1,2,0,0,0,0,US-101,,-123.9261778,47.25309444,98552,0,2,65,Others,62,4,60,14,0,0,1,2,1,1,1,2,1,1,Going Straight,3,2,53,,0,82,881,2012,0,0,12,,,,,,1,1,51,1,0,0,0,0,3,0,11,0,,,,,99,9,9,9,1,0,0,0,0,96,,,,,,0,,,,,,99999,95,,999,9,9,99,99,99,99,,0,,,,,,0,,,20,0,0,0,8,9,8,,,0,0,0,8,0,8,95,,,96,,,8,95,995,,,,,,,,,,,,,,,,,,,,,,,,,,,,,,0,0,0,0,0,0,0,0,0,0,0,0,0,0,0,0,0,0,0,0,0,0,0,0,0,0,0,0,0,1,1,0,0,0,0,,0,0,0,0,0,0,0,0,0,0,0,0,0,0,0,0,,,,,,51-55,46-55,State route,U,Sunday,,MHTRUCK,Not Fatal,0,1,1,0,State Route,State Patrol,Washington State Patrol Headquarter,0,1,0,0,0,,,,,,99,99,99,,,,,,,,,,,,,,,,,,,,,,,,,,,,,,,,,,,
2021,429,636016,8,10-20-2021,07:20,20,10,Oct,,27,Grays Harbor,0,2,,4,2,2,3,0,4,2,,,,12,0,8,Other,111.1,1,0,1,No intersection,3,1,1,2,0,0,0,0,US-101,,-123.9261778,47.25309444,98552,0,1,64,Others,10,2,60,63,1,0,1,2,12,1,1,2,1,1,Going Straight,1,3,53,,0,37,32,2016,0,0,68,12,,,,,1,1,56,2,7,68,4,7,3,0,11,0,05/13/2018,16:24,15053022158,22158,99,9,9,9,1,28,0,0,0,96,,,,,,99,,,,,,0,95,,999,9,9,99,99,99,99,,0,,,,,,0,,,8,0,0,0,0,9,8,,,0,0,0,8,9,2,1,,,1,,,2,1,0,,,,,,,,,,,,,,,,,,,,,,,,,,,,,,0,0,0,0,0,0,0,0,0,0,0,0,0,0,0,0,0,0,0,0,0,0,0,0,0,0,0,0,0,1,1,0,0,0,0,,1,0,0,0,0,0,0,0,0,0,0,0,0,0,0,0,,,,,,56-60,56-65,State route,U,Sunday,Belt Used,PV,API,0,1,1,0,State Route,State Patrol,Washington State Patrol Headquarter,0,1,0,0,0,,,,,,99,99,99,,,,,,,,,,,,,,,,,,,,,,,,,,,,,,,,,,,
2020,429,635187,25,10-26-2020,13:13,26,10,Oct,,33,King,0,10,,1,1,2,1,0,2,1,13:26,13:34,14:23,42,0,0,No vehicle,0.2,1,0,1,No intersection,3,1,2,4,0,0,0,0,CR-78TH AVE S,,-122.23725,47.36640556,98032,0,1,1,Driver Off Road,13,2,35,4,0,0,1,5,42,3,1,2,1,14,Making a U turn,2,1,53,,0,41,50,2017,0,0,12,,,,,,1,1,40,1,0,0,0,0,3,0,11,0,,,,,0,0,3,3,1,0,0,0,0,96,,,,,,0,,,,,,98357,53,72,260,6,1,0,0,0,1,,0,,,,,,0,10-15-2014,10-15-2014,99,0,0,0,8,9,8,,,0,0,0,8,0,0,0,,,0,,,0,0,996,,,,,,,,,,,,,,,,,,,,,,,,,,,,,,0,0,0,0,0,0,1,1,0,0,0,0,0,0,0,0,1,0,0,0,0,0,0,0,0,1,0,0,0,1,1,0,0,0,0,,0,0,0,0,0,0,0,0,0,0,0,0,0,0,0,0,,,,,,36-40,36-45,State route,R,Thursday,Belt Used,PV,Not Fatal,0,0,0,1,State Route,State Patrol,Washington State Patrol Headquarter,0,1,0,0,0,,,,,,0,0,0,,,,,,,,,,,,,,,,,,,,,,,,,,,,,,,,,,,
2019,429,634491,8,11-24-2019,03:44,24,11,Nov,,45,Mason,0,1,0,2,2,2,1,1,1,1,,,,8,0,0,No vehicle,352.2,1,0,1,No intersection,3,1,1,2,0,0,0,0,US-101,,-123.1007083,47.12356111,98584,0,1,13,Pedestrian/Animal,80,5,60,34,0,0,1,5,8,1,1,2,3,1,Going Straight,1,1,53,,0,55,35,2018,0,0,12,12,,,,,1,1,64,2,0,0,0,0,3,0,11,0,,,,,0,0,3,3,1,0,0,0,0,96,,,,,,0,,,,,,77025,48,,999,6,1,0,0,0,0,,0,,,,,,0,,,8,0,0,0,8,9,8,,,0,0,0,8,0,8,95,,,96,,,8,95,995,,,,,,,,,,,,,,,,,,,,,,,,,,,,,,0,0,0,0,0,0,1,1,0,0,0,0,0,0,0,0,1,0,0,0,0,0,0,0,0,1,0,0,0,1,1,0,0,0,0,,0,0,0,0,0,0,0,0,0,0,0,0,0,0,0,0,,,,,,61-65,56-65,State route,R,Thursday,Belt Used,PV,Not Fatal,0,0,0,1,State Route,State Patrol,Washington State Patrol Headquarter,0,1,0,0,0,,,,,,0,0,0,,,,,,,,,,,,,,,,,,,,,,,,,,,,,,,,,,,
2018,429,633703,40,11-23-2018,07:27,23,11,Nov,8,63,Spokane,0,1,0,4,2,2,1,0,1,1,07:28,07:35,,43,0,0,No vehicle,2.6,1,0,1,No intersection,5,1,2,4,0,0,0,0,CR-S ASSEMBLY RD,W BLUFF RD,-117.4753333,47.61711389,99224,0,1,1,Driver Off Road,6,1,35,14,0,0,1,7,42,3,1,2,1,14,Making a U turn,1,1,53,,0,12,471,2005,0,0,12,12,,,,,1,1,65,2,7,1,4,7,3,0,11,0,05/17/2018,17:02,53022787,22787,0,0,0,3,1,0,0,0,0,96,,,,,,0,,,,,,98365,53,68,245,6,1,0,0,0,0,,0,,,,,,0,,,1,0,0,0,0,9,8,,,0,0,0,8,8,8,95,,,96,,,8,95,995,,,,,,,,,,,,,,,,,,,,,,,,,,,,,,0,0,0,0,0,0,1,1,0,0,0,0,0,0,0,0,1,0,0,0,0,0,0,0,0,1,0,0,0,1,1,0,0,0,0,,1,0,0,0,0,0,0,0,0,0,0,0,0,0,0,0,,,,,,61-65,56-65,State route,R,Thursday,Belt Used,PV,White,0,0,0,1,State Route,State Patrol,Washington State Patrol Headquarter,0,1,0,0,0,,,,,,0,0,0,,,,,,,,,,,,,,,,,,,,,,,,,,,,,,,,,,,
2021,430,636018,290,10-25-2021,21:48,25,10,Oct,,53,Pierce,2230,2,,3,2,2,1,1,1,1,,,,8,0,0,No vehicle,53.7,1,0,1,No intersection,3,2,1,3,0,0,0,0,SR-7,,-122.4340667,47.17579167,98444,0,1,13,Pedestrian/Animal,80,5,35,34,0,0,1,2,8,1,1,2,1,6,Others,1,2,53,,0,23,401,2005,0,0,12,63,25,,,,1,1,65,1,0,0,0,0,3,0,11,0,,,,,0,0,0,3,1,0,0,0,0,96,,,,,,0,,,,,,98370,53,69,185,6,1,0,0,0,0,,0,,,,,,0,,,20,0,0,0,8,9,8,,,0,0,0,8,0,8,95,,,96,,,8,95,995,,,,,,,,,,,,,,,,,,,,,,,,,,,,,,0,0,0,0,0,0,1,1,0,0,0,0,0,0,0,0,1,0,0,0,0,0,0,0,0,1,0,0,0,1,1,0,0,0,0,,0,0,0,0,0,0,0,0,0,0,0,0,0,0,0,0,,,,,,61-65,56-65,State route,R,Thursday,Belt Used,PV,Not Fatal,0,0,0,1,State Route,State Patrol,Washington State Patrol Headquarter,0,1,0,0,0,,,,,,0,0,0,,,,,,,,,,,,,,,,,,,,,,,,,,,,,,,,,,,
2020,430,635188,120,10-31-2020,00:15,31,10,Oct,,33,King,670,1,,3,1,2,1,0,4,1,00:41,01:04,01:48,30,0,0,No vehicle,0,1,0,1,No intersection,4,2,4,6,0,0,0,0,ROOSEVELT AVE,,-121.9925889,47.19922778,98022,0,1,6,Drive off road,13,2,40,34,0,0,1,2,30,4,1,2,1,14,Making a U turn,4,1,53,,0,85,881,2017,0,0,12,,,,,,1,1,52,1,0,0,0,0,3,0,11,0,,,,,6,3,3,3,1,0,0,0,0,96,,,,,,0,,,,,,98325,53,71,185,6,1,0,0,0,0,,0,,,,,,0,,,20,0,0,0,8,9,8,,,0,0,0,8,0,8,95,,,96,,,8,95,995,,,,,,,,,,,,,,,,,,,,,,,,,,,,,,0,0,0,0,0,0,1,1,0,0,0,0,0,0,0,0,1,0,0,0,0,0,0,0,0,1,0,0,0,1,1,0,0,0,0,,0,0,0,0,0,0,0,0,0,0,0,0,0,0,0,0,,,,,,51-55,46-55,State route,R,Thursday,,MHTRUCK,Not Fatal,0,0,0,1,State Route,State Patrol,Washington State Patrol Headquarter,0,1,0,0,0,,,,,,0,0,0,,,,,,,,,,,,,,,,,,,,,,,,,,,,,,,,,,,
2019,430,634493,3,11-29-2019,19:40,29,11,Nov,,45,Mason,0,1,0,2,1,2,1,0,2,2,,,,12,0,2,Front-to-Front,4.8,1,0,1,No intersection,4,1,1,3,0,0,0,0,SR-302,,-122.805625,47.36002778,98528,0,2,51,Lateral Move(Going Straight),62,4,40,14,0,0,1,2,12,2,2,2,1,14,Making a U turn,1,1,53,,0,23,481,2010,0,0,68,12,12,12,12,12,1,1,47,1,0,0,3,0,3,0,11,5,,,,,0,0,0,3,1,28,0,0,0,92,,,,,,99,,,,,,98340,53,67,145,6,1,0,0,0,0,,97,,,,,,0,,,8,0,0,0,8,9,8,,,0,0,0,8,9,2,348,,,1,,,2,1,0,,,,,,,,,,,,,,,,,,,,,,,,,,,,,,0,0,0,0,0,0,1,1,0,0,0,0,0,0,0,0,1,0,0,0,0,0,0,0,0,1,0,0,0,1,1,0,0,0,0,,0,0,0,0,0,0,1,1,1,0,0,0,0,0,1,0,,,,,,46-50,46-55,State route,R,Thursday,Belt Used,PV,Not Fatal,0,0,0,1,State Route,State Patrol,Washington State Patrol Headquarter,0,1,0,0,0,,,,,,0,0,0,,,,,,,,,,,,,,,,,,,,,,,,,,,,,,,,,,,
2019,430,634492,3,11-29-2019,19:40,29,11,Nov,,45,Mason,0,1,0,2,1,2,1,0,2,2,,,,12,0,2,Front-to-Front,4.8,1,0,1,No intersection,4,1,1,3,0,0,0,0,SR-302,,-122.805625,47.36002778,98528,0,1,50,Lateral Move(Left/Right),10,2,98,4,0,0,1,2,12,3,2,2,1,14,Making a U turn,1,2,53,,0,72,706,2017,0,0,12,,,,,,1,1,57,2,7,1,4,0,19,0,11,5,05/16/2018,18:21,2.11E+11,22517,0,0,0,3,1,0,0,0,0,96,,,,,,0,,,,,,99117,53,63,150,6,1,0,0,1,0,,0,,,,,,0,11-15-2013,11-15-2013,20,8,0,0,0,9,8,,,0,0,0,8,0,2,1,,,1,,,2,1,0,,,,,,,,,,,,,,,,,,,,,,,,,,,,,,0,0,0,1,0,0,0,0,0,0,0,0,0,0,0,0,0,0,1,0,0,0,0,0,0,0,0,0,1,1,0,0,0,0,1,0,0,0,0,0,0,0,0,0,0,0,0,0,0,0,0,0,,,,,,56-60,56-65,US highway,R,Tuesday,,MC,White,1,0,0,0,State Route,State Patrol,Washington State Patrol Headquarter,0,1,0,0,0,,,,,,0,0,0,,,,,,,,,,,,,,,,,,,,,,,,,,,,,,,,,,,
2018,430,633704,5,11-18-2018,11:15,18,11,Nov,0,59,Skamania,0,1,0,1,1,2,1,0,1,1,,,,24,0,0,No vehicle,24.5,1,0,1,No intersection,3,1,1,3,0,0,0,0,SR-14,,-122.1964417,45.57360833,98671,0,1,1,Driver Off Road,13,2,50,61,0,0,1,2,2,3,2,2,1,14,Making a U turn,1,1,53,,0,7,482,2013,0,0,12,,,,,,1,1,51,1,0,0,0,0,3,0,11,0,,,,,0,0,3,3,1,38,0,0,0,96,,,,,,0,,,,,,99001,53,72,210,6,1,0,0,0,1,,46,,,,,,0,08-15-2017,08-15-2017,20,0,0,0,8,9,8,,,0,0,0,8,0,8,95,,,96,,,8,95,995,,,,,,,,,,,,,,,,,,,,,,,,,,,,,,0,0,0,1,0,0,0,0,0,0,0,0,0,0,0,0,0,0,1,0,0,0,0,0,0,0,0,0,1,1,0,0,0,0,0,,0,0,0,0,0,0,0,0,0,0,1,0,0,0,0,0,,,,,,51-55,46-55,US highway,R,Tuesday,Belt Used,PV,Not Fatal,1,0,0,0,State Route,State Patrol,Washington State Patrol Headquarter,0,1,0,0,0,,,,,,0,0,0,,,,,,,,,,,,,,,,,,,,,,,,,,,,,,,,,,,
2017,430,632910,1,10-13-2017,19:27,13,10,Oct,0,21,Franklin,0,1,0,2,1,2,1,0,3,2,,,,12,0,6,Angle,3.1,2,0,2,4 Way,5,1,1,3,0,0,0,0,SR-260,WAREHOUSE LANE,-118.9422722,46.66363056,99326,0,2,89,Others,66,4,55,66,1,0,1,5,12,1,1,2,1,1,Going Straight,1,3,53,,0,98,999,1979,0,0,68,64,33,67,32,31,1,1,38,1,7,1,4,0,2,0,11,4,05/21/2018,21:51,2.37E+11,23079,0,0,0,3,1,0,0,0,0,0,,,,,,1,,,,,,98682,53,70,160,6,1,0,0,0,1,,0,,,,,,0,03-15-2016,03-15-2016,20,2,9,0,0,9,8,,,0,0,0,8,0,2,605,695,,1,1,,2,1,0,,,,,,,,,,,,,,,,,,,,,,,,,,,,,,0,0,1,0,0,0,1,1,1,0,0,0,0,0,0,0,0,0,0,0,0,0,0,0,0,0,0,0,0,1,0,0,0,0,0,,1,0,0,0,0,0,1,1,0,0,0,0,0,0,1,0,,,,,,36-40,36-45,City street,U,Monday,Belt Used,PV,White,0,1,0,0,City Street,Municipal/City Police,Vancouver Police Department,1,0,0,1,0,thc,2.6,carboxy-thc,6,,0,0,0,,,,,,,,,,,,,,,,,,,,,,,,,,,,,,,,,,,
2017,430,632909,1,10-13-2017,19:27,13,10,Oct,0,21,Franklin,0,1,0,2,1,2,1,0,3,2,,,,12,0,6,Angle,3.1,2,0,2,4 Way,5,1,1,3,0,0,20,3,SR-260,WAREHOUSE LANE,-118.9422722,46.66363056,99326,0,1,88,Striking from the Left,17,2,50,4,0,0,1,2,12,1,1,2,1,1,Going Straight,2,1,53,,0,49,40,2014,0,0,15,,,,,,1,1,77,1,0,0,0,0,3,0,11,0,,,,,0,0,3,3,1,0,0,0,0,96,,,,,,0,,,,,,99336,53,70,215,6,1,0,0,0,1,,0,,,,,,0,06-15-2017,06-15-2017,20,0,0,0,8,9,8,,,0,0,0,8,0,8,95,,,96,,,8,95,995,,,,,,,,,,,,,,,,,,,,,,,,,,,,,,0,0,0,1,0,0,0,0,0,0,0,0,0,0,0,0,0,1,0,0,0,0,0,0,0,1,1,1,0,1,0,1,0,0,0,,0,0,0,0,0,0,0,0,0,0,0,0,0,0,0,0,,,,,,76-80,76+,City street,U,Thursday,Belt Used,PV,Not Fatal,1,0,0,0,City Street,Municipal/City Police,Kennewick Police Department,0,0,0,1,0,,,,,,0,0,0,,,,,,,,,,,,,,,,,,,,,,,,,,,,,,,,,,,
2020,431,635190,5,10-26-2020,06:35,26,10,Oct,,41,Lewis,0,1,,2,1,2,1,0,3,2,06:41,07:13,07:43,24,0,0,No vehicle,91.9,1,0,1,No intersection,2,1,1,2,0,0,0,0,US-12,,-122.3822639,46.53411389,98356,0,2,98,Others,62,4,55,4,0,0,1,2,12,1,2,2,1,1,Going Straight,2,1,41,,0,37,32,2008,0,0,8,,,,,,1,1,47,2,0,0,0,0,3,0,11,0,,,,,0,0,0,3,1,0,0,0,0,0,,,,,,0,,,,,,98274,53,62,165,6,1,0,0,0,0,,0,,,,,,0,,,20,0,0,0,8,9,8,,,0,0,0,8,0,8,95,,,96,,,8,95,995,,,,,,,,,,,,,,,,,,,,,,,,,,,,,,0,0,0,0,0,0,0,0,0,0,0,0,0,0,0,0,0,0,0,0,0,0,0,0,0,0,0,0,0,1,0,1,0,0,0,,0,0,0,0,0,0,0,0,0,0,0,0,0,0,0,0,,,,,,46-50,46-55,City street,U,Monday,Belt Used,PV,Not Fatal,0,0,0,0,City Street,Municipal/City Police,Mount Vernon Police Department,0,0,0,1,0,,,,,,0,0,0,,,,,,,,,,,,,,,,,,,,,,,,,,,,,,,,,,,
2021,431,636019,26,10-24-2021,15:59,24,10,Oct,,35,Kitsap,0,10,,1,1,2,1,1,1,1,,,,8,0,0,No vehicle,,3,0,2,4 Way,7,1,2,4,0,0,20,3,CR-ELWHA TER NE,GRANDVIEW BLVD,-122.6272889,47.70431111,98345,0,1,13,Pedestrian/Animal,80,5,25,6,0,0,1,5,8,4,2,2,1,10,Others,1,1,53,,0,72,706,2006,0,0,68,12,,,,,1,1,60,1,7,1,4,0,5,0,11,5,05-06-2018,01:11,1.65E+11,13761,0,0,3,3,1,33,0,0,0,96,,,,,,99,,,,,,98620,53,68,198,6,1,0,0,0,0,,0,,,,,,0,,,20,8,0,0,0,9,8,,,0,0,0,8,1,8,95,,,96,,,8,95,995,,,,,,,,,,,,,,,,,,,,,,,,,,,,,,0,0,0,1,1,0,0,0,0,0,0,0,0,0,0,0,0,0,0,0,0,0,0,1,1,0,0,0,1,1,0,0,0,0,1,0,0,0,0,0,0,0,0,0,0,0,0,0,0,0,0,1,,,,,,56-60,56-65,US highway,R,Saturday,,MC,White,1,0,0,0,State Route,State Patrol,Washington State Patrol Headquarter,0,1,0,0,0,,,,,,0,0,0,,,,,,,,,,,,,,,,,,,,,,,,,,,,,,,,,,,
2020,431,635189,5,10-26-2020,06:35,26,10,Oct,,41,Lewis,0,1,,2,1,2,1,0,3,2,06:41,07:13,07:43,24,0,0,No vehicle,91.9,1,0,1,No intersection,2,1,1,2,0,0,0,0,US-12,,-122.3822639,46.53411389,98356,0,1,1,Driver Off Road,13,2,55,6,0,0,1,2,12,1,2,2,1,1,Going Straight,1,1,53,,0,20,25,2013,0,0,12,,,,,,1,1,23,2,0,0,1,0,3,0,11,8,,,,,0,0,0,3,1,0,0,0,0,96,,,,,,0,,,,,,99352,53,68,130,6,1,0,0,0,0,,0,,,,,,0,,,8,0,0,0,8,9,8,,,0,0,0,8,0,8,95,,,96,,,8,95,995,,,,,,,,,,,,,,,,,,,,,,,,,,,,,,0,0,0,1,1,0,0,0,0,0,0,0,0,0,0,0,0,0,0,0,0,0,0,1,1,0,0,0,1,1,0,0,0,0,0,,0,0,0,0,0,0,0,0,0,0,0,0,0,0,0,0,,,,,,21-25,16-25,US highway,R,Saturday,Belt Used,PV,Not Fatal,1,0,0,0,State Route,State Patrol,Washington State Patrol Headquarter,0,1,0,0,0,,,,,,0,0,0,,,,,,,,,,,,,,,,,,,,,,,,,,,,,,,,,,,
2019,431,634495,35,12-07-2019,20:50,7,12,Dec,,53,Pierce,0,5,0,3,2,2,1,0,2,2,,,,12,0,6,Angle,0.4,2,0,2,4 Way,5,2,2,4,0,0,0,0,CR-YAKIMA AVE S,138TH ST S,-122.4426583,47.13141944,98444,0,2,89,Others,66,4,35,14,0,0,1,5,12,1,1,2,1,1,Going Straight,1,1,53,,0,7,482,2001,0,0,64,1,,,,,1,1,58,1,7,1,4,7,3,0,11,0,05-12-2018,17:51,1.08E+11,22049,0,0,0,3,1,0,0,0,0,96,,,,,,9,,,,,,98674,53,69,180,6,1,0,0,1,1,,0,,,,,,0,07-15-2017,10-15-2017,1,0,0,0,0,1,8,,,0,0,0,8,1,2,1,,,1,,,2,1,0.1,,,,,,,,,,,,,,,,,,,,,,,,,,,,,,0,0,1,0,1,1,0,1,0,0,0,0,0,0,0,0,0,0,0,0,0,0,0,0,0,0,0,0,0,1,0,0,0,0,0,,1,0,0,0,0,1,0,1,0,0,0,0,0,1,0,1,,,,,,56-60,56-65,Interstate,R,Saturday,Belt Used,PV,White,0,1,0,0,State Route,State Patrol,Washington State Patrol Headquarter,1,1,0,0,0,,,,,,0,0,0,,,,,,,,,,,,,,,,,,,,,,,,,,,,,,,,,,,
2019,431,634494,35,12-07-2019,20:50,7,12,Dec,,53,Pierce,0,5,0,3,2,2,1,0,2,2,,,,12,0,6,Angle,0.4,2,0,2,4 Way,5,2,2,4,0,0,20,3,CR-YAKIMA AVE S,138TH ST S,-122.4426583,47.13141944,98444,0,1,88,Striking from the Left,15,2,25,21,0,0,1,5,12,1,1,2,1,1,Going Straight,1,3,53,,0,53,706,2007,0,0,63,42,,,,,1,1,22,1,1,98,4,0,5,0,11,5,05/13/2018,14:17,53022202,22202,0,0,0,3,1,0,0,0,0,96,,,,,,99,,,,,,98277,53,69,200,6,1,0,2,0,5,,0,,,,,,4,08-15-2013,07-15-2017,20,8,0,0,0,9,8,,,0,0,0,8,9,2,1,,,1,,,2,1,0,,,,,,,,,,,,,,,,,,,,,,,,,,,,,,0,0,1,0,0,0,0,0,0,0,0,0,1,0,0,0,0,0,0,0,0,0,0,1,1,0,0,0,1,0,0,0,0,0,1,0,0,0,0,0,0,0,0,0,0,1,0,0,0,0,0,0,,,,,,21-25,16-25,State route,R,Sunday,,MC,Hispanic,0,1,0,0,State Route,State Patrol,Washington State Patrol Headquarter,1,1,0,0,0,,,,,,0,0,0,,,,,,,,,,,,,,,,,,,,,,,,,,,,,,,,,,,
2018,431,633705,122,11-17-2018,00:35,17,11,Nov,0,61,Snohomish,690,1,0,3,1,2,1,0,1,1,,,,25,0,0,No vehicle,0.1,5,1,1,No intersection,3,2,1,3,0,0,0,0,SR-526,,-122.2714083,47.921825,98204,0,1,6,Drive off road,12,2,98,4,0,0,1,2,2,2,2,1,6,14,Making a U turn,1,1,53,,0,12,24,2008,0,0,12,,,,,,1,1,75,2,7,1,4,0,3,0,11,4,06-02-2018,14:30,2.23E+11,25586,0,0,3,3,1,0,0,0,0,96,,,,,,0,,,,,,98409,53,68,175,6,1,0,0,0,0,,0,,,,,,0,,,1,0,0,0,0,9,8,,,0,0,0,8,0,8,95,,,96,,,8,95,995,,,,,,,,,,,,,,,,,,,,,,,,,,,,,,0,0,0,1,0,0,0,0,0,0,0,0,0,0,0,0,0,0,1,0,0,0,0,0,0,1,1,1,0,1,0,0,0,0,0,,1,0,0,0,0,0,0,0,0,0,0,0,0,0,0,0,,,,,,71-75,66-75,City street,R,Monday,Belt Used,PV,White,1,0,0,0,City Street,Municipal/City Police,Tacoma Police Department,0,0,0,1,0,,,,,,0,0,0,,,,,,,,,,,,,,,,,,,,,,,,,,,,,,,,,,,
2017,431,632908,232,10-09-2017,19:04,9,10,Oct,7,9,Clallam,1700,1,0,2,1,2,1,1,1,1,,,,8,0,0,No vehicle,0,3,0,2,4 Way,5,2,4,6,0,0,0,0,S PEABODY ST,E 2ND ST,-123.4288833,48.11589167,98362,0,1,13,Pedestrian/Animal,80,5,30,4,0,0,1,5,8,1,1,2,1,1,Going Straight,1,1,53,,0,12,481,2012,0,0,12,,,,,,1,1,64,1,0,0,0,0,3,0,11,0,,,,,0,0,0,3,1,38,0,0,0,96,,,,,,0,,,,,,98466,53,69,185,6,1,0,0,1,1,,46,,,,,,0,09-15-2014,05-15-2016,1,0,0,0,8,9,8,,,0,0,0,8,0,8,95,,,96,,,8,95,995,,,,,,,,,,,,,,,,,,,,,,,,,,,,,,0,0,0,1,0,0,0,0,0,0,0,0,0,0,0,0,0,0,1,0,0,0,0,0,0,1,1,1,0,1,0,0,0,0,0,,0,0,0,0,0,0,0,0,0,0,1,0,0,0,0,0,,,,,,61-65,56-65,City street,R,Monday,Belt Used,PV,Not Fatal,1,0,0,0,City Street,Municipal/City Police,Tacoma Police Department,0,0,0,1,0,,,,,,0,0,0,,,,,,,,,,,,,,,,,,,,,,,,,,,,,,,,,,,
2017,432,3753424,263,10-12-2017,20:39,12,10,Oct,0,33,King,1960,10,0,3,2,1,1,1,1,1,,,,8,0,0,No vehicle,0,3,0,2,4 Way,7,2,4,6,0,0,2,3,WESTLAKE AVE,BLANCHARD ST,-122.3383472,47.617775,98191,0,1,13,Pedestrian/Animal,80,5,25,52,0,0,1,5,8,1,1,2,2,10,Others,1,3,53,,0,35,472,2006,0,0,12,,,,,,1,1,61,2,0,0,0,0,3,0,11,0,,,,,0,0,0,3,1,0,0,0,0,96,,,,,,0,,,,,,98580,53,65,180,6,1,0,0,0,0,,0,,,,,,0,,,20,0,0,0,8,9,8,,,0,0,0,8,0,8,95,,,96,,,8,95,995,,,,,,,,,,,,,,,,,,,,,,,,,,,,,,0,0,0,0,0,0,0,0,0,0,0,0,1,0,0,0,0,0,0,0,0,0,0,0,0,0,0,0,1,1,0,0,0,0,0,,0,0,0,0,0,0,0,0,0,0,0,0,0,0,0,0,,,,,,61-65,56-65,County road,R,Saturday,Belt Used,PV,Not Fatal,0,0,0,0,County Road,County Sheriff,Law Enforcement Support Agency,0,0,1,0,0,,,,,,0,0,0,,,,,,,,,,,,,,,,,,,,,,,,,,,,,,,,,,,