year,something,Cases,repjur,crash_dt,crash_tm,accday,Month,Month,holiday,county,co_char,city,weather,weather2,lightcond,surfcond,surftype,Number of Fatalities,nmforms,pforms,vforms,not_tm,arr_tm,hosp_tm,fhevent,hitrun,Manner of Collision,Manner of Collision,milepnt,reljunc,reljuncinter,intersectiontype,Intersection Type,funcsystem,landuse,ownership,route,schlbus,spejur,contdev,devfunc,trafid1,trafid2,x,y,zipcode,wk_zone,vnumber,crashtype,Crash Type,criticalevent,criticaleventcat,spdlim,body,trailer,emerg,hazcargo,leave,mhevent,roadalgn,roadprof,traflane,trafflow,Vehicle Manure,Vehicle Manure,numoccs,regowner,regstate,,spuse,make,model,modelyr,vrf1,vrf2,seqevent1,seqevent2,seqevent3,seqevent4,seqevent5,seqevent6,pnumber,ptype,age,sex,hispanic,race,injury,diedscene,restraint,restraintmisuse,seatpos,takehosp,death_dt,death_tm,cert,cernum_wa,commlic,licendor,licrestrict,liccomp,drivpres,drf1,drf2,drf3,drf4,distract1,distract2,distract3,distract4,distract5,distract6,dricond1,dricond2,dricond3,dricond4,dricond5,dricond6,dzip,licstate,drhgt_in,weight,noncdl,noncdltype,prevdwi,prevoth,prevacc,prevspd,prevsus,driviol1,driviol2,driviol3,driviol4,driviol5,driviol6,spdrel,first_dt,last_dt,airbag,ejection,ejectpath,extricat,injurwrk,methalc,methdrug,nmlocat,strikveh,prf1,prf2,prf3,druginv,alcinvol,drugsts,drugres1,drugres2,drugres3,drugtst1,drugtst2,drugtst3,alcsts,alctst,alcres,nmact1,nmact2,nmact3,nmact4,nmact5,nmact6,nmprior1,nmprior2,nmprior3,nmprior4,nmprior5,nmprior6,nmcond1,nmcond2,nmcond3,nmcond4,nmcond5,nmcond6,nmsafe_helmet,nmsafe_pads,nmsafe_oth,nmprev_ref,nmprev_lgt,nmprev_oth,crashlocation,nmcrashtype,crosswalk,schoolzone,sidewalk,train_inv,wildlife_inv,rotr_fars,intersect_fars,Drink and Drive,aid_inv,Drug Positive Drivers,Impaired Drivers,Marijuana Positive,impnm_inv,ainm_inv,dpnm_inv,speed_inv,unlic_inv,unendmc_inv,drowsy_inv,drdist_inv,nmdist_inv,fty_inv,unrestfat_inv,dr1617_inv,dr1820_inv,dr1620_inv,dr2125_inv,dr1625_inv,dr65_inv,dr70_inv,dr75_inv,mc_inv,pv_inv,ht_inv,ped_inv,bike_inv,unrest_fat,mc_fat,unhelmet_mc,pv_fat,ht_fat,ped_fat,bike_fat,dr_alc7,dr_alc8,dr_drug,dr_imp,dr_dist,dr_spd,dr_fty,dr_unlic,dr_alc7only,dr_alc8only,dr_drugonly,dr_drink,nm_imp,nm_alc7,nm_alc8,nm_drug,nm_dist,agegrp1,agegrp2,roadclass,urbrur,dayweek,restuse,vehtype,race_me,intersect,lanedep,oppdir,wrongway,rep_typ,investag,repag_long,rotr,st_rd,cty_rd,city_rd,oth_rd,drug_thc,thc_res,drug_cthc,cthc_res,drug_cann,prevpersemin,prevperse,prevsusoth,drugtst4,drugtst5,drugtst6,drugtst7,drugtst8,drugres4,drugres5,drugres6,drugres7,drugres8,adspresent,adsengaged,adslevel,race1,race2,race3,race4,race5,helmet,helmetmisuse,nmdistract1,nmdistract2,nmdistract3,nmdistract4,nmdistract5,nmdistract6,lab,isedtcase,crf1,crf2,crf3,CoRoadName,CoMP,IntCoRoadName,IntCoMP
2021,432,636021,35,10-25-2021,16:40,25,10,Oct,,53,Pierce,0,2,,1,2,2,1,0,2,2,,,,12,0,2,Front-to-Front,0.3,1,0,1,No intersection,5,2,2,4,0,0,0,0,CR-240TH ST E,,-122.367325,47.03846111,98338,0,2,51,Lateral Move(Going Straight),62,4,35,67,0,0,1,2,12,1,1,2,1,1,Going Straight,1,3,53,,0,72,706,2011,0,0,1,12,,,,,1,1,28,1,7,1,4,7,19,0,11,0,05/19/2018,13:05,1.93E+11,23189,0,0,0,3,1,0,0,0,0,96,,,,,,99,,,,,,98597,53,75,215,6,1,0,0,0,0,,0,,,,,,3,,,20,8,0,0,0,9,8,,,0,0,0,8,9,2,1,,,1,,,2,1,0,,,,,,,,,,,,,,,,,,,,,,,,,,,,,,0,0,0,0,0,0,0,0,0,0,0,0,1,0,0,0,0,0,0,0,0,0,0,0,0,0,0,0,1,1,0,0,0,0,1,0,0,0,0,0,0,0,0,0,0,1,0,0,0,0,0,0,,,,,,26-30,26-35,County road,R,Saturday,,MC,White,0,0,0,0,County Road,County Sheriff,Law Enforcement Support Agency,0,0,1,0,0,,,,,,0,0,0,,,,,,,,,,,,,,,,,,,,,,,,,,,,,,,,,,,
2021,432,636020,35,10-25-2021,16:40,25,10,Oct,,53,Pierce,0,2,,1,2,2,1,0,2,2,,,,12,0,2,Front-to-Front,0.3,1,0,1,No intersection,5,2,2,4,0,0,0,0,CR-240TH ST E,,-122.367325,47.03846111,98338,0,1,50,Lateral Move(Left/Right),6,1,35,4,0,0,1,2,12,1,1,2,1,3,Others,1,1,53,,0,54,37,1998,0,0,63,39,,,,,1,1,38,2,0,0,3,0,3,0,11,4,,,,,0,0,0,3,1,0,0,0,0,96,,,,,,9,,,,,,97212,41,69,160,6,1,0,1,0,1,,97,,,,,,4,06-15-2015,07-15-2017,1,0,0,0,8,9,2,,,0,0,0,1,0,2,177,605,695,1,1,1,2,1,0,,,,,,,,,,,,,,,,,,,,,,,,,,,,,,0,0,1,0,0,0,1,1,1,0,0,0,1,0,0,0,0,0,0,0,0,0,0,0,0,0,0,0,0,1,0,0,0,0,0,,0,0,0,0,0,0,1,1,0,1,0,0,0,0,1,0,,,,,,36-40,36-45,Interstate,U,Saturday,Belt Used,PV,Not Fatal,0,1,0,0,State Route,State Patrol,Washington State Patrol Headquarter,1,1,0,0,0,thc,5.1,carboxy-thc,37,,0,0,0,,,,,,,,,,,,,,,,,,,,,,,,,,,,,,,,,,,
2020,432,635192,7,11-04-2020,23:22,4,11,Nov,,33,King,0,10,,2,2,2,1,0,3,2,23:36,23:46,00:16,12,0,2,Front-to-Front,32.7,1,0,1,No intersection,3,2,1,3,0,0,0,0,SR-509,,-122.3247056,47.50373056,98168,0,2,52,Others,54,3,60,4,0,0,1,2,12,1,2,2,3,1,Going Straight,2,2,53,,0,72,706,2006,0,0,12,,,,,,1,1,57,1,1,98,4,7,19,0,11,0,05-11-2018,00:21,53021413,21413,0,0,0,3,1,0,0,0,0,96,,,,,,0,,,,,,99343,53,67,240,6,1,0,0,0,0,,0,,,,,,0,,,20,8,0,0,0,9,8,,,0,0,0,8,9,2,1,,,1,,,2,1,0.11,,,,,,,,,,,,,,,,,,,,,,,,,,,,,,0,0,0,1,1,1,0,1,0,0,0,0,1,0,0,0,0,0,0,0,0,0,0,0,0,0,0,0,1,0,0,0,0,0,1,0,0,0,0,0,0,1,0,1,0,0,0,0,0,1,0,1,,,,,,56-60,56-65,County road,R,Friday,,MC,Hispanic,0,0,0,0,County Road,County Sheriff,Franklin County Sheriff's Office,0,0,1,0,0,,,,,,0,0,0,,,,,,,,,,,,,,,,,,,,,,,,,,,,,,,,,,,
2020,432,635191,7,11-04-2020,23:22,4,11,Nov,,33,King,0,10,,2,2,2,1,0,3,2,23:36,23:46,00:16,12,0,2,Front-to-Front,32.7,1,0,1,No intersection,3,2,1,3,0,0,0,0,SR-509,,-122.3247056,47.50373056,98168,0,1,52,Others,54,3,60,84,0,0,1,2,12,1,2,2,3,1,Going Straight,1,2,53,,0,72,706,2018,0,0,12,,,,,,1,1,40,1,0,0,3,0,19,0,11,5,,,,,0,0,0,3,1,0,0,0,0,96,,,,,,99,,,,,,99344,53,71,255,6,1,0,0,2,1,,97,,,,,,3,05-15-2014,08-15-2016,20,8,0,0,8,9,8,,,0,0,0,8,1,8,95,,,96,,,2,1,0.11,,,,,,,,,,,,,,,,,,,,,,,,,,,,,,0,0,0,1,1,1,0,1,0,0,0,0,1,0,0,0,0,0,0,0,0,0,0,0,0,0,0,0,1,0,0,0,0,0,0,0,0,0,0,0,0,1,0,1,0,1,0,0,0,1,0,1,,,,,,36-40,36-45,County road,R,Friday,,MC,Not Fatal,0,0,0,0,County Road,County Sheriff,Franklin County Sheriff's Office,0,0,1,0,0,,,,,,0,0,0,,,,,,,,,,,,,,,,,,,,,,,,,,,,,,,,,,,
2019,432,634497,6,10-27-2019,14:56,27,10,Oct,,47,Okanogan,0,1,0,1,1,2,1,0,3,2,,,,12,0,6,Angle,20.5,1,0,1,No intersection,4,1,1,3,0,0,0,0,SR-153,,-120.1253722,48.21999444,98814,0,2,66,Specific Other,62,4,60,34,1,0,1,5,12,3,1,2,1,14,Making a U turn,2,1,53,,0,34,706,2017,0,0,63,1,,,,,1,1,68,1,7,1,4,0,19,0,11,5,05/13/2018,17:49,53021886,21886,0,0,0,3,1,0,0,0,0,96,,,,,,99,,,,,,98117,53,70,150,6,1,0,0,1,0,,0,,,,,,0,01-15-2018,01-15-2018,20,8,0,0,0,9,8,,,0,0,0,8,9,8,95,,,96,,,8,95,995,,,,,,,,,,,,,,,,,,,,,,,,,,,,,,0,0,1,0,0,0,0,0,0,0,0,0,0,0,0,0,0,0,0,0,0,0,0,0,0,1,0,0,1,0,0,0,0,0,1,0,0,0,0,0,0,0,0,0,0,0,0,0,0,0,0,0,,,,,,66-70,66-75,County road,R,Sunday,,MC,White,0,1,0,0,County Road,County Sheriff,Klickitat County Sheriff's Office,1,0,1,0,0,,,,,,0,0,0,,,,,,,,,,,,,,,,,,,,,,,,,,,,,,,,,,,
2019,432,634496,6,10-27-2019,14:56,27,10,Oct,,47,Okanogan,0,1,0,1,1,2,1,0,3,2,,,,12,0,6,Angle,20.5,1,0,1,No intersection,4,1,1,3,0,0,0,0,SR-153,,-120.1253722,48.21999444,98814,0,1,66,Specific Other,10,2,60,14,0,0,1,7,12,2,1,2,1,14,Making a U turn,1,1,53,,2,90,981,2012,0,0,12,,,,,,1,1,59,1,0,0,0,0,3,0,11,0,,,,,6,3,3,3,1,0,0,0,0,96,,,,,,0,,,,,,98148,53,67,220,6,1,0,0,1,0,,0,,,,,,0,01-15-2015,01-15-2015,20,0,0,0,8,9,8,,,0,0,0,8,8,0,0,,,0,,,8,95,995,,,,,,,,,,,,,,,,,,,,,,,,,,,,,,0,0,0,0,0,0,0,0,0,0,0,0,0,1,0,0,0,0,0,1,0,0,0,1,1,0,0,0,0,1,0,0,0,0,0,,0,0,0,0,0,0,0,0,0,0,0,0,0,0,0,0,,,,,,56-60,56-65,City street,U,Friday,,BUS,Not Fatal,0,1,1,0,City Street,County Sheriff,King County Police,0,0,0,1,0,,,,,,0,0,0,,,,,,,,,,,,,,,,,,,,,,,,,,,,,,,,,,,
2018,432,633706,7,11-17-2018,16:35,17,11,Nov,0,33,King,170,1,0,5,1,2,1,0,1,1,,,,21,0,0,No vehicle,11,1,0,1,No intersection,3,2,1,3,0,0,0,0,SR-522,,-122.1855083,47.75843056,98011,0,1,6,Drive off road,12,2,60,14,0,0,1,2,21,2,1,2,3,14,Making a U turn,1,2,53,,0,49,46,2017,0,0,68,12,,,,,1,1,23,1,0,0,3,0,3,0,11,4,,,,,0,0,0,2,1,28,0,0,0,96,,,,,,99,,,,,,98003,53,67,185,2,1,0,1,0,1,,0,,,,,,0,05-15-2017,04-15-2018,8,0,0,0,8,9,8,,,0,0,0,8,9,8,95,,,96,,,8,95,995,,,,,,,,,,,,,,,,,,,,,,,,,,,,,,0,0,0,0,0,0,0,0,0,0,0,0,0,1,0,0,0,0,0,1,0,0,0,1,1,0,0,0,0,1,0,0,0,0,0,,0,0,0,0,0,0,0,0,0,0,0,1,0,0,0,0,,,,,,21-25,16-25,City street,U,Friday,Belt Used,PV,Not Fatal,0,1,1,0,City Street,County Sheriff,King County Police,0,0,0,1,0,,,,,,0,0,2,,,,,,,,,,,,,,,,,,,,,,,,,,,,,,,,,,,
2021,433,636022,21,10-22-2021,21:25,22,10,Oct,,25,Grant,0,1,,2,1,2,1,0,1,2,,,,14,0,0,No vehicle,,3,0,3,T Intersection,7,1,2,4,0,0,0,0,CR-1ST AVE,MORRISON ST SW,-119.9243389,46.82089722,99321,0,1,14,Others,14,2,25,14,0,0,1,2,14,1,1,2,1,1,Going Straight,1,2,53,,0,37,31,1998,0,0,68,64,30,,,,1,1,23,1,1,98,4,0,99,0,11,5,05/14/2018,00:58,1.96E+11,21906,0,0,0,2,1,0,0,0,0,96,,,,,,99,,,,,,98168,53,69,150,1,1,0,2,3,2,,0,,,,,,3,06-15-2013,07-15-2017,8,0,0,0,0,9,8,,,0,0,0,8,9,2,177,348,,1,1,,2,1,0.13,,,,,,,,,,,,,,,,,,,,,,,,,,,,,,0,0,1,0,1,1,1,1,0,0,0,0,1,1,0,0,0,0,0,0,0,0,0,1,1,0,0,0,0,1,0,0,0,0,0,,1,0,0,0,0,1,1,1,0,1,0,1,0,0,0,1,,,,,,21-25,16-25,City street,U,Sunday,Unknown,PV,Hispanic,0,1,0,0,City Street,Municipal/City Police,Renton Police Department,1,0,0,1,0,,,,,,0,0,3,,,,,,,,,,,,,,,,,,,,,,,,,,,,,,,,,,,
2019,433,634498,2,12-06-2019,17:52,6,12,Dec,,29,Island,0,1,0,2,1,2,1,0,3,1,,,,42,0,0,No vehicle,9999.9,1,0,1,No intersection,6,1,2,4,0,0,0,0,CR-WILKINSON RD,,-122.3734278,47.99979722,98260,0,1,1,Driver Off Road,13,2,35,4,0,0,1,7,42,3,2,2,1,14,Making a U turn,3,1,53,,0,21,23,1999,0,0,12,,,,,,1,1,67,2,7,7,4,7,3,0,11,0,05/15/2018,21:03,2.23E+11,23201,0,0,3,3,1,0,0,0,0,96,,,,,,0,,,,,,98404,53,60,119,6,1,0,2,1,0,,0,,,,,,0,08-15-2014,08-15-2015,1,0,0,0,0,9,8,,,0,0,0,8,0,2,1,,,1,,,2,1,0,,,,,,,,,,,,,,,,,,,,,,,,,,,,,,0,0,0,1,0,0,0,0,0,0,0,0,1,0,0,0,0,0,0,0,0,0,0,0,0,1,0,0,0,1,0,0,0,0,0,,1,0,0,0,0,0,0,0,0,0,0,0,0,0,0,0,,,,,,66-70,66-75,City street,U,Tuesday,Belt Used,PV,API,1,0,0,0,City Street,Municipal/City Police,Tacoma Police Department,0,0,0,1,0,,,,,,0,0,0,,,,,,,,,,,,,,,,,,,,,,,,,,,,,,,,,,,
2018,433,633709,67,11-19-2018,16:34,19,11,Nov,0,35,Kitsap,180,1,0,1,1,2,1,0,3,3,,,,12,0,2,Front-to-Front,33.5,1,0,1,No intersection,3,2,1,3,0,0,0,0,SR-3,,-122.7198778,47.52378889,98312,0,3,98,Others,98,7,50,5,0,0,1,5,54,2,1,2,1,14,Making a U turn,1,1,53,,0,7,43,2002,0,0,12,,,,,,1,1,999,1,0,0,0,0,99,0,11,0,,,,,99,9,9,9,1,39,0,0,0,96,,,,,,99,,,,,,99999,99,,999,9,9,99,99,99,99,,97,,,,,,4,,,1,0,0,0,8,9,8,,,0,0,0,8,9,8,95,,,96,,,8,95,995,,,,,,,,,,,,,,,,,,,,,,,,,,,,,,0,0,0,1,0,0,0,0,0,0,0,0,1,0,0,0,0,0,0,0,0,0,0,0,0,1,0,0,0,1,0,0,0,0,0,,0,0,0,0,0,0,0,0,0,1,0,0,0,0,0,0,,,,,,,,City street,U,Tuesday,Unknown,PV,Not Fatal,1,0,0,0,City Street,Municipal/City Police,Tacoma Police Department,0,0,0,1,0,,,,,,99,99,99,,,,,,,,,,,,,,,,,,,,,,,,,,,,,,,,,,,
2018,433,633708,67,11-19-2018,16:34,19,11,Nov,0,35,Kitsap,180,1,0,1,1,2,1,0,3,3,,,,12,0,2,Front-to-Front,33.5,1,0,1,No intersection,3,2,1,3,0,0,0,0,SR-3,,-122.7198778,47.52378889,98312,0,2,51,Lateral Move(Going Straight),62,4,50,4,0,0,1,7,12,2,1,2,1,14,Making a U turn,1,1,53,,0,73,705,2016,0,0,68,1,,,,,1,1,70,1,7,1,4,0,19,0,11,5,05/13/2018,,1.70E+11,22356,0,0,3,3,1,26,0,0,0,96,,,,,,99,,,,,,98363,53,74,200,6,1,0,0,0,0,,0,,,,,,0,,,20,8,0,0,0,9,8,,,0,0,0,8,9,2,348,,,1,,,2,1,0,,,,,,,,,,,,,,,,,,,,,,,,,,,,,,0,0,0,1,0,0,1,1,0,0,0,0,0,0,0,0,0,0,0,0,0,0,0,0,0,1,1,0,1,0,0,0,0,0,1,0,0,0,0,0,0,0,1,1,0,0,0,0,0,0,1,0,,,,,,66-70,66-75,County road,R,Sunday,,MC,White,0,0,0,0,County Road,County Sheriff,Clallam County Sheriff's Office,0,0,1,0,0,,,,,,0,0,0,,,,,,,,,,,,,,,,,,,,,,,,,,,,,,,,,,,
2018,433,633707,67,11-19-2018,16:34,19,11,Nov,0,35,Kitsap,180,1,0,1,1,2,1,0,3,3,,,,12,0,2,Front-to-Front,33.5,1,0,1,No intersection,3,2,1,3,0,0,0,0,SR-3,,-122.7198778,47.52378889,98312,0,1,50,Lateral Move(Left/Right),10,2,50,34,0,0,1,7,12,3,1,2,1,14,Making a U turn,1,3,53,,0,35,471,1994,0,0,8,,,,,,1,1,65,1,0,0,0,0,3,0,11,0,,,,,0,0,0,3,1,0,0,0,0,96,,,,,,0,,,,,,98028,53,67,140,6,1,0,0,0,0,,0,,,,,,0,,,20,0,0,0,8,9,2,,,0,0,0,0,0,2,1,,,1,,,2,1,0,,,,,,,,,,,,,,,,,,,,,,,,,,,,,,0,0,0,0,0,0,0,0,0,1,1,1,0,0,0,0,0,1,0,0,0,0,0,0,0,1,0,0,0,1,0,1,0,0,0,,0,0,0,0,0,0,0,0,0,0,0,0,0,0,0,0,,,,,,61-65,56-65,State route,U,Thursday,Belt Used,PV,Not Fatal,0,0,0,0,State Route,Municipal/City Police,Lake Forest Park Police Department,0,1,0,0,0,,,,,,0,0,0,,,,,,,,,,,,,,,,,,,,,,,,,,,,,,,,,,,
2017,433,632915,146,10-23-2017,14:10,23,10,Oct,0,77,Yakima,0,1,0,1,1,2,1,0,1,1,,,,1,0,0,No vehicle,0.6,1,0,1,No intersection,6,1,2,4,0,0,0,0,CR-SLI RD,,-119.9670556,46.36066111,98944,0,1,1,Driver Off Road,13,2,50,66,1,0,2,2,1,1,2,2,1,1,Going Straight,1,3,53,,0,37,31,1998,0,0,8,,,,,,1,1,70,1,0,0,0,0,3,0,11,0,,,,,0,0,0,3,1,0,0,0,0,92,,,,,,0,,,,,,98499,53,70,140,6,1,0,0,0,0,,97,,,,,,0,,,20,0,0,0,8,9,8,,,0,0,0,8,0,8,95,,,96,,,8,95,995,,,,,,,,,,,,,,,,,,,,,,,,,,,,,,0,0,0,1,0,0,0,0,0,0,0,0,0,0,0,0,1,0,0,0,0,0,0,0,0,1,1,0,0,1,0,1,0,0,0,,0,0,0,0,0,0,0,0,1,0,0,0,0,0,0,0,,,,,,66-70,66-75,City street,U,Saturday,Belt Used,PV,Not Fatal,1,0,0,0,City Street,Municipal/City Police,Lakewood Police Department,0,0,0,1,0,,,,,,0,0,0,,,,,,,,,,,,,,,,,,,,,,,,,,,,,,,,,,,
2021,434,636024,180,10-26-2021,14:56,26,10,Oct,,15,Cowlitz,1190,1,,1,2,1,1,0,3,3,,,,12,0,2,Front-to-Front,0,1,0,1,No intersection,5,2,4,6,0,0,0,0,32ND AVE,,-122.9665139,46.14681667,98632,0,2,98,Others,98,7,30,6,0,0,1,2,12,1,1,2,1,1,Going Straight,1,2,41,,0,73,706,2003,0,0,68,64,30,,,,1,1,32,1,1,98,4,7,5,0,11,0,05-11-2018,20:06,53022842,22842,0,0,0,3,1,0,0,0,0,96,,,,,,99,,,,,,98501,53,66,165,6,1,0,1,1,2,,0,,,,,,4,11-15-2013,06-15-2017,20,8,0,0,0,9,8,,,0,0,0,8,9,2,1,,,1,,,2,1,0,,,,,,,,,,,,,,,,,,,,,,,,,,,,,,0,0,1,0,0,0,0,0,0,0,0,0,1,0,0,0,0,0,0,0,0,0,0,0,0,0,0,0,1,0,0,0,0,0,1,0,0,0,0,0,0,0,0,0,0,1,0,0,0,0,0,0,,,,,,31-35,26-35,County road,R,Friday,,MC,Hispanic,0,1,0,0,County Road,County Sheriff,Thurston County Sheriff's Office,1,0,1,0,0,,,,,,0,0,0,,,,,,,,,,,,,,,,,,,,,,,,,,,,,,,,,,,
2018,434,633712,305,11-21-2018,22:39,21,11,Nov,8,11,Clark,2370,2,0,3,2,2,1,1,1,1,,,,8,0,0,No vehicle,0,1,0,1,No intersection,7,2,4,6,0,0,0,0,NE 28TH ST,NE 132ND AVE,-122.5380389,45.64291667,98684,0,1,13,Pedestrian/Animal,80,5,35,5,0,0,1,5,8,1,1,2,1,1,Going Straight,1,2,41,,0,72,706,2012,0,0,68,64,24,,,,1,1,65,1,7,1,4,7,5,0,11,0,04/14/2018,16:41,53018020,18020,0,0,3,3,1,0,0,0,0,96,,,,,,99,,,,,,98823,53,73,230,6,1,0,0,0,0,,0,,,,,,0,,,20,8,0,0,0,9,8,,,0,0,0,8,9,2,1,,,1,,,2,1,0,,,,,,,,,,,,,,,,,,,,,,,,,,,,,,0,0,1,0,0,0,0,0,0,0,0,0,0,0,0,0,0,0,0,0,0,0,0,0,0,1,0,0,1,0,0,0,0,0,1,0,0,0,0,0,0,0,0,0,0,0,0,0,0,0,0,0,,,,,,61-65,56-65,State route,R,Saturday,,MC,White,0,0,0,1,State Route,State Patrol,Washington State Patrol Headquarter,0,1,0,0,0,,,,,,0,0,0,,,,,,,,,,,,,,,,,,,,,,,,,,,,,,,,,,,
2017,434,2915831,278,10-08-2017,07:28,8,10,Oct,7,63,Spokane,2110,1,0,1,0,0,2,3,1,1,,,,8,0,0,No vehicle,0,1,0,1,No intersection,96,6,96,6,0,0,0,0,3900 N MARKET,,-117.3655,47.69471111,99217,0,1,98,Others,8,1,0,3,0,0,1,2,8,0,0,0,0,1,Going Straight,1,2,53,,0,85,881,2005,0,0,63,1,,,,,1,1,38,1,7,1,4,7,3,0,11,0,05-10-2018,11:08,1.49E+11,22050,6,1,0,3,1,0,0,0,0,92,,,,,,0,,,,,,98247,53,68,225,6,1,0,1,0,0,,0,,,,,,0,07-15-2017,07-15-2017,20,0,0,0,1,9,8,,,0,0,0,8,0,2,1,,,1,,,2,1,0,,,,,,,,,,,,,,,,,,,,,,,,,,,,,,0,0,1,0,0,0,0,0,0,0,0,0,0,0,0,0,1,0,0,0,0,0,0,0,0,0,0,0,0,0,1,0,0,0,0,,0,1,0,0,0,0,0,0,1,0,0,0,0,0,0,0,,,,,,36-40,36-45,State route,R,Thursday,,MHTRUCK,White,0,1,0,0,State Route,State Patrol,Washington State Patrol Headquarter,1,1,0,0,0,,,,,,0,0,0,,,,,,,,,,,,,,,,,,,,,,,,,,,,,,,,,,,
2021,434,636025,180,10-26-2021,14:56,26,10,Oct,,15,Cowlitz,1190,1,,1,2,1,1,0,3,3,,,,12,0,2,Front-to-Front,0,1,0,1,No intersection,5,2,4,6,0,0,0,0,32ND AVE,,-122.9665139,46.14681667,98632,0,3,51,Lateral Move(Going Straight),62,4,30,52,0,0,1,5,12,1,1,2,1,1,Going Straight,1,3,53,,0,49,482,2013,0,0,12,,,,,,1,1,62,1,0,0,2,0,3,0,11,5,,,,,0,0,0,3,1,0,0,0,0,96,,,,,,0,,,,,,98604,53,75,165,6,1,0,0,0,0,,0,,,,,,0,,,8,0,0,0,8,9,8,,,0,0,0,8,0,8,95,,,96,,,8,95,995,,,,,,,,,,,,,,,,,,,,,,,,,,,,,,0,0,0,1,0,0,1,1,1,0,0,0,1,0,0,0,0,0,0,0,0,1,1,0,1,0,0,0,1,1,0,0,0,0,0,,0,0,0,0,0,0,0,0,0,0,0,0,0,0,0,0,,,,,,61-65,56-65,County road,R,Wednesday,Belt Used,PV,Not Fatal,1,0,0,0,County Road,County Sheriff,Clark County Sheriff's Office,0,0,1,0,0,,,,,,0,0,0,,,,,,,,,,,,,,,,,,,,,,,,,,,,,,,,,,,
2021,434,636023,180,10-26-2021,14:56,26,10,Oct,,15,Cowlitz,1190,1,,1,2,1,1,0,3,3,,,,12,0,2,Front-to-Front,0,1,0,1,No intersection,5,2,4,6,0,0,0,0,32ND AVE,,-122.9665139,46.14681667,98632,0,1,50,Lateral Move(Left/Right),10,2,30,4,0,0,1,2,12,1,1,2,1,6,Others,1,1,53,,0,73,705,2007,0,0,12,,,,,,1,1,20,1,7,1,4,7,16,0,11,0,05-02-2018,19:13,10753020822,20822,0,0,0,3,1,0,0,0,0,96,,,,,,99,,,,,,98604,53,73,160,6,1,0,2,0,0,,0,,,,,,3,09-15-2015,09-15-2015,20,8,0,0,0,9,8,,,0,0,0,8,9,2,605,695,,1,1,,2,1,0,,,,,,,,,,,,,,,,,,,,,,,,,,,,,,0,0,0,1,0,0,1,1,1,0,0,0,1,0,0,0,0,0,0,0,0,1,1,0,1,0,0,0,1,1,0,0,0,0,1,1,0,0,0,0,0,0,1,1,0,1,0,0,0,0,1,0,,,,,,18-20,16-25,County road,R,Wednesday,,MC,White,1,0,0,0,County Road,County Sheriff,Clark County Sheriff's Office,0,0,1,0,0,thc,5.7,carboxy-thc,23,,0,0,0,,,,,,,,,,,,,,,,,,,,,,,,,,,,,,,,,,,
2020,434,635194,75,11-05-2020,11:35,5,11,Nov,,11,Clark,240,2,,1,2,1,1,0,4,2,,,,12,0,2,Front-to-Front,0,1,0,1,No intersection,4,2,4,6,0,0,0,0,NW LAKE RD,,-122.4167028,45.60754444,98607,0,2,51,Lateral Move(Going Straight),62,4,35,14,0,0,1,2,12,2,2,2,1,14,Making a U turn,2,2,53,,0,20,461,1999,0,0,12,,,,,,1,1,49,1,0,0,0,0,3,0,11,0,,,,,0,0,3,3,1,0,0,0,0,96,,,,,,0,,,,,,98403,53,68,187,6,1,0,0,0,0,,0,,,,,,0,,,20,0,0,0,8,9,8,,,0,0,0,8,0,8,95,,,96,,,8,95,995,,,,,,,,,,,,,,,,,,,,,,,,,,,,,,0,0,0,0,1,1,1,1,1,1,0,1,1,1,0,0,0,0,0,0,0,0,0,1,1,0,0,0,0,1,0,1,0,0,0,,0,0,0,0,0,0,0,0,0,0,0,0,0,0,0,0,,,,,,46-50,46-55,State route,U,Wednesday,Belt Used,PV,Not Fatal,1,0,0,0,State Route,Municipal/City Police,SeaTac Police Department,0,1,0,0,0,,,,,,0,0,0,,,,,,,,,,,,,,,,,,,,,,,,,,,,,,,,,,,
2020,434,635193,75,11-05-2020,11:35,5,11,Nov,,11,Clark,240,2,,1,2,1,1,0,4,2,,,,12,0,2,Front-to-Front,0,1,0,1,No intersection,4,2,4,6,0,0,0,0,NW LAKE RD,,-122.4167028,45.60754444,98607,0,1,50,Lateral Move(Left/Right),6,1,35,14,0,0,1,2,12,3,2,2,1,14,Making a U turn,2,2,53,,0,7,21,2007,0,0,12,,,,,,1,1,28,1,0,0,0,0,3,0,11,0,,,,,0,0,3,3,1,0,0,0,0,96,,,,,,0,,,,,,98198,53,70,150,6,1,0,0,0,1,,0,,,,,,0,10-15-2014,03-15-2016,20,0,0,0,8,9,8,,,0,0,0,8,0,8,95,,,96,,,8,95,995,,,,,,,,,,,,,,,,,,,,,,,,,,,,,,0,0,0,0,1,1,1,1,1,1,0,1,1,1,0,0,0,0,0,0,0,0,0,1,1,0,0,0,0,1,0,1,0,0,0,,0,0,0,0,0,0,0,0,0,0,0,0,0,0,0,0,,,,,,26-30,26-35,State route,U,Wednesday,Belt Used,PV,Not Fatal,1,0,0,0,State Route,Municipal/City Police,SeaTac Police Department,0,1,0,0,0,,,,,,0,0,5,,,,,,,,,,,,,,,,,,,,,,,,,,,,,,,,,,,