year,something,Cases,repjur,crash_dt,crash_tm,accday,Month,Month,holiday,county,co_char,city,weather,weather2,lightcond,surfcond,surftype,Number of Fatalities,nmforms,pforms,vforms,not_tm,arr_tm,hosp_tm,fhevent,hitrun,Manner of Collision,Manner of Collision,milepnt,reljunc,reljuncinter,intersectiontype,Intersection Type,funcsystem,landuse,ownership,route,schlbus,spejur,contdev,devfunc,trafid1,trafid2,x,y,zipcode,wk_zone,vnumber,crashtype,Crash Type,criticalevent,criticaleventcat,spdlim,body,trailer,emerg,hazcargo,leave,mhevent,roadalgn,roadprof,traflane,trafflow,Vehicle Manure,Vehicle Manure,numoccs,regowner,regstate,,spuse,make,model,modelyr,vrf1,vrf2,seqevent1,seqevent2,seqevent3,seqevent4,seqevent5,seqevent6,pnumber,ptype,age,sex,hispanic,race,injury,diedscene,restraint,restraintmisuse,seatpos,takehosp,death_dt,death_tm,cert,cernum_wa,commlic,licendor,licrestrict,liccomp,drivpres,drf1,drf2,drf3,drf4,distract1,distract2,distract3,distract4,distract5,distract6,dricond1,dricond2,dricond3,dricond4,dricond5,dricond6,dzip,licstate,drhgt_in,weight,noncdl,noncdltype,prevdwi,prevoth,prevacc,prevspd,prevsus,driviol1,driviol2,driviol3,driviol4,driviol5,driviol6,spdrel,first_dt,last_dt,airbag,ejection,ejectpath,extricat,injurwrk,methalc,methdrug,nmlocat,strikveh,prf1,prf2,prf3,druginv,alcinvol,drugsts,drugres1,drugres2,drugres3,drugtst1,drugtst2,drugtst3,alcsts,alctst,alcres,nmact1,nmact2,nmact3,nmact4,nmact5,nmact6,nmprior1,nmprior2,nmprior3,nmprior4,nmprior5,nmprior6,nmcond1,nmcond2,nmcond3,nmcond4,nmcond5,nmcond6,nmsafe_helmet,nmsafe_pads,nmsafe_oth,nmprev_ref,nmprev_lgt,nmprev_oth,crashlocation,nmcrashtype,crosswalk,schoolzone,sidewalk,train_inv,wildlife_inv,rotr_fars,intersect_fars,Drink and Drive,aid_inv,Drug Positive Drivers,Impaired Drivers,Marijuana Positive,impnm_inv,ainm_inv,dpnm_inv,speed_inv,unlic_inv,unendmc_inv,drowsy_inv,drdist_inv,nmdist_inv,fty_inv,unrestfat_inv,dr1617_inv,dr1820_inv,dr1620_inv,dr2125_inv,dr1625_inv,dr65_inv,dr70_inv,dr75_inv,mc_inv,pv_inv,ht_inv,ped_inv,bike_inv,unrest_fat,mc_fat,unhelmet_mc,pv_fat,ht_fat,ped_fat,bike_fat,dr_alc7,dr_alc8,dr_drug,dr_imp,dr_dist,dr_spd,dr_fty,dr_unlic,dr_alc7only,dr_alc8only,dr_drugonly,dr_drink,nm_imp,nm_alc7,nm_alc8,nm_drug,nm_dist,agegrp1,agegrp2,roadclass,urbrur,dayweek,restuse,vehtype,race_me,intersect,lanedep,oppdir,wrongway,rep_typ,investag,repag_long,rotr,st_rd,cty_rd,city_rd,oth_rd,drug_thc,thc_res,drug_cthc,cthc_res,drug_cann,prevpersemin,prevperse,prevsusoth,drugtst4,drugtst5,drugtst6,drugtst7,drugtst8,drugres4,drugres5,drugres6,drugres7,drugres8,adspresent,adsengaged,adslevel,race1,race2,race3,race4,race5,helmet,helmetmisuse,nmdistract1,nmdistract2,nmdistract3,nmdistract4,nmdistract5,nmdistract6,lab,isedtcase,crf1,crf2,crf3,CoRoadName,CoMP,IntCoRoadName,IntCoMP
2019,434,634499,59,11-17-2019,19:10,17,11,Nov,,33,King,109,2,0,3,2,2,1,1,1,1,,,,8,0,0,No vehicle,0,1,0,1,No intersection,7,2,4,6,0,0,0,0,145TH PL SE,,-122.1479861,47.59300556,99007,0,1,13,Pedestrian/Animal,80,5,30,14,0,0,1,7,8,1,1,2,2,1,Going Straight,1,1,53,,0,35,43,2005,0,0,8,12,12,,,,1,1,25,1,0,0,0,0,99,0,11,0,,,,,0,0,0,0,1,0,0,0,0,96,,,,,,9,,,,,,98058,53,62,125,0,0,0,0,0,0,,97,,,,,,3,,,20,0,0,0,8,5,8,,,0,0,0,8,1,2,401,417,605,1,1,1,2,1,0.14,,,,,,,,,,,,,,,,,,,,,,,,,,,,,,0,0,0,0,1,1,1,1,1,1,0,1,1,1,0,0,0,0,0,0,0,0,0,1,1,0,0,0,0,1,0,1,0,0,0,,0,0,0,0,0,1,1,1,0,1,0,1,0,0,0,1,,,,,,21-25,16-25,State route,U,Wednesday,Unknown,PV,Not Fatal,1,0,0,0,State Route,Municipal/City Police,SeaTac Police Department,0,1,0,0,0,thc,5.3,carboxy-thc,30,,0,0,0,1,,,,,695,,,,,,,,,,,,,,,,,,,,,,,,,,,,,
2020,435,635195,39,11-07-2020,03:09,7,11,Nov,,61,Snohomish,0,1,,2,1,2,2,0,2,1,,,,43,0,0,No vehicle,0.7,1,0,1,No intersection,6,1,1,8,0,0,0,0,20TH ST SE,,-122.1494056,47.97798889,98120,0,1,2,Control/Traction Loss,6,1,30,2,0,0,1,2,43,1,1,1,4,1,Going Straight,2,2,42,,0,52,882,2000,0,0,9,,,,,,1,1,41,1,0,0,0,0,3,0,11,0,,,,,0,0,0,3,1,39,0,0,0,93,,,,,,0,,,,,,98374,53,63,140,6,1,0,1,1,0,,97,,,,,,0,08-15-2014,07-15-2015,20,0,0,0,8,9,8,,,0,0,0,8,0,8,95,,,96,,,8,95,995,,,,,,,,,,,,,,,,,,,,,,,,,,,,,,0,0,0,0,0,0,0,0,0,0,0,0,0,0,0,0,1,0,0,0,0,0,0,0,0,0,0,0,0,0,1,0,1,0,0,,0,0,0,0,0,0,0,0,1,0,0,0,0,0,0,0,,,,,,41-45,36-45,City street,U,Sunday,,MHTRUCK,Not Fatal,0,0,0,0,City Street,Municipal/City Police,Federal Way Dept of Public Safety,0,0,0,1,0,,,,,,0,0,0,,,,,,,,,,,,,,,,,,,,,,,,,,,,,,,,,,,
2021,435,636026,25,09-16-2021,18:46,16,9,Sep,,33,King,0,10,,3,1,2,1,0,1,1,,,,30,0,0,No vehicle,3.2,1,0,1,No intersection,4,2,2,4,0,0,0,0,CR-MILITARY RD S,,-122.2741389,47.29897222,98001,0,1,1,Driver Off Road,13,2,35,80,0,0,1,5,30,1,1,2,1,1,Going Straight,1,2,53,,0,20,22,2007,0,0,12,,,,,,1,1,28,1,0,0,1,0,3,0,11,6,,,,,0,0,0,3,1,0,0,0,0,96,,,,,,0,,,,,,98178,53,72,200,6,1,0,1,1,2,,0,,,,,,0,05-15-2015,12-15-2017,20,0,0,0,8,9,8,,,0,0,0,8,0,8,95,,,96,,,8,95,995,,,,,,,,,,,,,,,,,,,,,,,,,,,,,,0,0,0,0,0,0,1,1,0,0,0,0,0,1,0,0,0,0,0,1,0,0,0,0,0,0,0,0,0,1,0,0,0,0,0,,0,0,0,0,0,0,0,0,0,0,0,0,0,0,0,0,,,,,,26-30,26-35,State route,U,Monday,Belt Used,PV,Not Fatal,0,0,0,1,State Route,State Patrol,Washington State Patrol Headquarter,0,1,0,0,0,,,,,,0,0,1,,,,,,,,,,,,,,,,,,,,,,,,,,,,,,,,,,,
2019,435,634500,6,11-29-2019,19:30,29,11,Nov,,47,Okanogan,0,1,0,2,1,2,1,0,1,1,,,,1,0,0,No vehicle,28.8,1,0,1,No intersection,4,1,1,3,0,3,0,0,SR-155,,-118.9571083,47.98922222,99116,0,1,2,Control/Traction Loss,13,2,60,14,0,0,1,7,1,3,2,2,1,14,Making a U turn,1,1,53,,0,35,47,2005,0,0,12,,,,,,1,1,43,2,0,0,1,0,3,0,11,4,,,,,0,0,0,3,1,0,0,0,0,96,,,,,,0,,,,,,98002,53,62,170,6,1,0,0,0,0,,0,,,,,,0,,,1,0,0,0,8,9,8,,,0,0,0,8,0,8,95,,,96,,,8,95,995,,,,,,,,,,,,,,,,,,,,,,,,,,,,,,0,0,0,0,0,0,1,1,0,0,0,0,0,1,0,0,0,0,0,1,0,0,0,0,0,0,0,0,0,1,0,0,0,0,0,,0,0,0,0,0,0,0,0,0,0,0,0,0,0,0,0,,,,,,41-45,36-45,State route,U,Monday,Belt Used,PV,Not Fatal,0,0,0,1,State Route,State Patrol,Washington State Patrol Headquarter,0,1,0,0,0,,,,,,0,0,0,,,,,,,,,,,,,,,,,,,,,,,,,,,,,,,,,,,
2018,435,633717,7,11-24-2018,20:45,24,11,Nov,8,33,King,1958,1,0,2,1,2,2,0,7,4,,,,12,0,7,"Sideswipe,Same",151.5,1,0,1,No intersection,1,2,1,1,0,0,0,0,I-5,,-122.2843083,47.42241389,98188,0,4,98,Others,98,7,60,14,0,0,1,2,12,1,2,5,3,1,Going Straight,2,1,53,,0,59,401,1999,0,0,12,12,,,,,1,1,59,1,0,0,3,0,3,0,11,4,,,,,0,0,0,3,1,0,0,0,0,96,,,,,,99,,,,,,98118,53,67,170,6,1,0,0,0,0,,0,,,,,,0,,,8,0,0,0,8,9,8,,,0,0,0,8,0,8,95,,,96,,,8,95,995,,,,,,,,,,,,,,,,,,,,,,,,,,,,,,0,0,0,0,0,0,1,1,0,0,0,0,0,1,0,0,0,0,0,1,0,0,0,0,0,0,0,0,0,1,0,0,0,0,0,,0,0,0,0,0,0,0,0,0,0,0,0,0,0,0,0,,,,,,56-60,56-65,State route,U,Monday,Belt Used,PV,Not Fatal,0,0,0,1,State Route,State Patrol,Washington State Patrol Headquarter,0,1,0,0,0,,,,,,0,0,0,,,,,,,,,,,,,,,,,,,,,,,,,,,,,,,,,,,
2018,435,633716,7,11-24-2018,20:45,24,11,Nov,8,33,King,1958,1,0,2,1,2,2,0,7,4,,,,12,0,7,"Sideswipe,Same",151.5,1,0,1,No intersection,1,2,1,1,0,0,0,0,I-5,,-122.2843083,47.42241389,98188,0,3,98,Others,98,7,60,34,0,0,1,5,12,1,2,5,3,1,Going Straight,2,2,53,,0,49,40,1988,0,0,12,12,,,,,1,1,38,1,7,38,4,7,20,0,11,0,04-09-2018,23:35,1.03E+11,17039,0,0,0,2,1,51,0,0,0,96,,,,,,99,,,,,,98023,53,68,218,2,1,0,0,0,0,,0,,,,,,0,01-15-2014,10-15-2017,20,1,9,0,0,9,8,,,0,0,0,1,9,2,702,,,1,,,2,1,0,,,,,,,,,,,,,,,,,,,,,,,,,,,,,,0,0,0,0,0,0,1,1,0,0,0,0,0,1,0,0,0,0,0,1,0,0,0,0,0,0,0,0,0,1,0,0,0,1,0,,1,0,0,0,0,0,1,1,0,0,0,1,0,0,1,0,,,,,,36-40,36-45,State route,U,Monday,Not Used,PV,API,0,0,0,1,State Route,State Patrol,Washington State Patrol Headquarter,0,1,0,0,0,,,,,,0,0,4,,,,,,,,,,,,,,,,,,,,,,,,,,,,,,,,,,,
2018,435,633715,7,11-24-2018,20:45,24,11,Nov,8,33,King,1958,1,0,2,1,2,2,0,7,4,,,,12,0,7,"Sideswipe,Same",151.5,1,0,1,No intersection,1,2,1,1,0,0,0,0,I-5,,-122.2843083,47.42241389,98188,0,2,45,Others,61,4,60,4,0,0,1,5,12,1,2,5,3,2,Others,1,1,53,,0,18,20,1999,0,0,63,42,38,30,,,1,1,30,1,1,1,4,7,20,0,11,0,05-01-2018,03:10,1.02E+11,20238,0,0,3,3,1,0,0,0,0,96,,,,,,99,,,,,,99337,53,72,195,6,1,0,0,0,0,,0,,,,,,4,,,8,0,0,0,0,9,8,,,0,0,0,8,9,2,1,,,1,,,2,1,0.14,,,,,,,,,,,,,,,,,,,,,,,,,,,,,,0,0,0,0,1,1,0,1,0,0,0,0,1,0,0,0,0,0,0,1,0,0,0,0,0,0,0,0,0,1,0,0,0,1,0,,1,0,0,0,0,1,0,1,0,1,0,0,0,1,0,1,,,,,,26-30,26-35,City street,U,Tuesday,Not Used,PV,Hispanic,0,1,0,0,City Street,Municipal/City Police,Kennewick Police Department,1,0,0,1,0,,,,,,0,0,0,,,,,,,,,,,,,,,,,,,,,,,,,,,,,,,,,,,
2018,435,633714,7,11-24-2018,20:45,24,11,Nov,8,33,King,1958,1,0,2,1,2,2,0,7,4,,,,12,0,7,"Sideswipe,Same",151.5,1,0,1,No intersection,1,2,1,1,0,0,0,0,I-5,,-122.2843083,47.42241389,98188,0,1,44,Others,52,3,60,4,0,0,1,2,12,1,2,5,3,1,Going Straight,2,1,53,,0,54,38,2002,0,0,68,68,63,42,,,1,1,32,1,7,1,4,7,3,0,11,0,04/24/2018,02:32,53019054,19054,0,0,0,3,1,0,0,0,0,96,,,,,,99,,,,,,98531,53,71,155,6,1,0,0,0,0,,0,,,,,,4,,,2,0,0,0,0,9,8,,,0,0,0,8,9,2,605,695,,1,1,,2,1,0.31,,,,,,,,,,,,,,,,,,,,,,,,,,,,,,0,0,0,0,1,1,1,1,1,0,0,0,1,0,0,0,0,0,0,0,0,0,0,0,0,0,0,0,0,1,0,0,0,0,0,,1,0,0,0,0,1,1,1,0,1,0,0,0,0,0,1,,,,,,31-35,26-35,County road,R,Tuesday,Belt Used,PV,White,0,1,0,0,County Road,County Sheriff,Thurston County Sheriff's Office,1,0,1,0,0,thc,888,carboxy-thc,23,,0,0,0,,,,,,,,,,,,,,,,,,,,,,,,,,,,,,,,,,,
2017,435,632942,2,10-23-2017,23:50,23,10,Oct,0,61,Snohomish,0,1,0,3,1,2,1,0,2,2,,,,12,0,7,"Sideswipe,Same",43.5,1,0,1,No intersection,3,2,1,3,0,0,0,0,SR-99,,-122.2882528,47.85743333,98087,0,2,47,Others,60,4,45,4,0,0,1,2,30,1,1,7,5,15,Others,1,2,53,,0,37,706,2006,0,0,68,64,24,,,,1,1,49,1,7,1,4,7,16,0,11,0,04/21/2018,00:00,53018805,18805,0,0,0,3,1,0,0,0,0,96,,,,,,9,,,,,,98501,53,75,210,6,1,0,0,0,2,,0,,,,,,0,08-15-2017,12-15-2017,20,8,0,0,0,1,8,,,0,0,0,8,1,2,605,,,1,,,2,1,0.17,,,,,,,,,,,,,,,,,,,,,,,,,,,,,,0,0,1,0,1,1,1,1,1,0,0,0,0,0,0,0,0,0,0,0,0,0,0,0,0,0,0,0,1,0,0,0,0,0,1,1,0,0,0,0,0,1,1,1,0,0,0,0,0,0,0,1,,,,,,46-50,46-55,US highway,R,Saturday,,MC,White,0,1,0,0,State Route,State Patrol,Washington State Patrol Headquarter,1,1,0,0,0,thc,10,,,,0,0,0,,,,,,,,,,,,,,,,,,,,,,,,,,,,,,,,,,,
2017,435,632941,2,10-23-2017,23:50,23,10,Oct,0,61,Snohomish,0,1,0,3,1,2,1,0,2,2,,,,12,0,7,"Sideswipe,Same",43.5,1,0,1,No intersection,3,2,1,3,0,0,0,0,SR-99,,-122.2882528,47.85743333,98087,0,1,46,Others,61,4,45,14,0,0,1,2,30,1,1,7,5,15,Others,1,2,53,,0,48,401,2010,0,0,68,64,24,1,3,,1,1,71,1,7,1,4,7,3,0,11,0,04/19/2018,07:45,53018474,18474,0,0,0,3,1,0,0,0,0,0,,,,,,2,,,,,,99181,53,70,190,6,1,0,0,0,0,,0,,,,,,0,,,8,0,0,0,0,9,8,,,0,0,0,8,0,2,387,,,1,,,2,1,0,,,,,,,,,,,,,,,,,,,,,,,,,,,,,,0,0,1,0,0,0,1,1,0,0,0,0,0,0,0,1,0,0,0,0,0,0,0,0,0,1,1,0,0,1,0,0,0,0,0,,1,0,0,0,0,0,1,1,0,0,0,0,0,0,1,0,,,,,,71-75,66-75,US highway,R,Thursday,Belt Used,PV,White,0,1,0,0,State Route,State Patrol,Washington State Patrol Headquarter,1,1,0,0,0,,,,,,0,0,0,,,,,,,,,,,,,,,,,,,,,,,,,,,,,,,,,,,
2019,436,634502,25,12-05-2019,17:46,5,12,Dec,,33,King,0,10,0,3,1,1,1,0,2,2,,,,12,0,6,Angle,1.2,2,0,4,Y Intersection,5,2,2,4,0,0,0,0,CR-MILITARY RD S,42ND AVE S,-122.281975,47.272475,98001,0,2,69,Initial Opposite Direction(Going Straight),66,4,45,80,0,0,1,7,12,1,1,2,1,1,Going Straight,1,2,15,,0,49,52,2008,0,0,8,64,38,,,,1,1,50,2,0,0,1,0,3,0,11,5,,,,,0,0,3,3,1,91,0,0,0,96,,,,,,9,,,,,,99205,53,67,180,6,1,2,0,2,2,,1,,,,,,0,12-15-2013,06-15-2017,1,0,0,0,8,9,8,,,0,0,0,8,1,2,996,,,1,,,2,1,0.15,,,,,,,,,,,,,,,,,,,,,,,,,,,,,,0,0,0,1,1,1,1,1,0,0,0,0,0,0,0,0,0,0,0,0,0,0,0,0,0,0,0,0,0,1,0,1,0,0,0,,0,0,0,0,0,1,1,1,0,0,0,0,0,0,0,1,,,,,,46-50,46-55,City street,U,Tuesday,Belt Used,PV,Not Fatal,0,0,0,0,City Street,Municipal/City Police,Spokane Police Department,0,0,0,1,0,,,,,,0,2,1,,,,,,,,,,,,,,,,,,,,,,,,,,,,,,,,,,,
2021,436,636028,242,10-28-2021,23:36,28,10,Oct,,53,Pierce,1770,2,,3,2,1,1,1,1,1,,,,8,0,0,No vehicle,0,1,0,1,No intersection,3,2,4,6,0,0,0,0,39TH AVE SW,,-122.2953639,47.15485833,98703,0,1,13,Pedestrian/Animal,80,5,35,4,0,0,1,5,8,1,2,5,5,15,Others,1,1,53,,0,37,402,2017,0,0,12,,,,,,1,1,28,1,0,0,2,0,3,0,11,2,,,,,0,0,0,3,1,0,0,0,0,96,,,,,,0,,,,,,98274,53,72,240,6,1,0,2,2,0,,0,,,,,,0,09-15-2013,02-15-2017,8,0,0,0,8,9,8,,,0,0,0,8,0,2,605,695,,1,1,,2,1,0,,,,,,,,,,,,,,,,,,,,,,,,,,,,,,0,0,0,0,1,1,1,1,1,0,0,0,0,0,0,0,0,0,0,0,0,0,0,0,0,0,0,0,0,1,0,0,0,0,0,,0,0,0,0,0,0,1,1,0,0,0,0,0,0,1,0,,,,,,26-30,26-35,City street,U,Monday,Belt Used,PV,Not Fatal,0,1,1,0,City Street,Municipal/City Police,Mount Vernon Police Department,0,0,0,1,0,thc,1.2,carboxy-thc,34,,0,0,1,,,,,,,,,,,,,,,,,,,,,,,,,,,,,,,,,,,
2020,436,635197,3,10-30-2020,10:24,30,10,Oct,,67,Thurston,0,2,,1,2,2,1,0,2,2,,,,1,0,0,No vehicle,95.2,5,1,1,No intersection,1,1,1,1,0,0,0,0,I-5,,-122.9608667,46.89611111,,0,2,98,Others,6,1,98,80,0,0,1,2,12,2,2,1,6,16,Others,1,1,53,,0,37,32,2004,0,0,12,,,,,,1,1,48,2,7,1,4,7,3,0,11,0,04/16/2018,20:54,1.41E+11,18321,0,0,0,3,1,51,0,0,0,96,,,,,,99,,,,,,98252,53,68,125,6,1,0,0,2,0,,0,,,,,,0,03-15-2015,01-15-2016,8,0,0,0,0,9,8,,,0,0,0,8,9,2,996,996,,1,1,,2,1,0.24,,,,,,,,,,,,,,,,,,,,,,,,,,,,,,0,0,0,0,1,1,1,1,1,0,0,0,0,0,0,0,0,0,0,0,0,0,0,0,0,0,0,0,0,1,0,0,0,0,0,,1,0,0,0,0,1,1,1,0,0,0,0,0,0,0,1,,,,,,46-50,46-55,City street,U,Monday,Belt Used,PV,White,0,1,1,0,City Street,Municipal/City Police,Mount Vernon Police Department,0,0,0,1,0,,,,,,0,0,0,,,,,,,,,,,,,,,,,,,,,,,,,,,,,,,,,,,
2019,436,634501,25,12-05-2019,17:46,5,12,Dec,,33,King,0,10,0,3,1,1,1,0,2,2,,,,12,0,6,Angle,1.2,2,0,4,Y Intersection,5,2,2,4,0,0,0,0,CR-MILITARY RD S,42ND AVE S,-122.281975,47.272475,98001,0,1,68,Initial Opposite Direction(Left/Right),17,2,45,4,0,0,1,7,12,1,1,2,1,11,Turning Red: Permitted on red,1,2,53,,0,20,34,1995,0,0,68,68,63,1,,,1,1,21,1,7,1,4,7,20,0,11,0,04/21/2018,21:48,53019772,19772,0,0,0,3,1,0,0,0,0,0,,,,,,99,,,,,,98383,53,71,195,6,1,0,3,3,1,,0,,,,,,0,07-15-2015,02-15-2018,20,1,9,0,0,9,8,,,0,0,0,8,9,2,605,695,,1,1,,2,1,0.16,,,,,,,,,,,,,,,,,,,,,,,,,,,,,,0,0,0,0,1,1,1,1,1,0,0,0,0,0,0,0,0,0,0,1,0,0,0,1,1,0,0,0,0,1,0,0,0,1,0,,1,0,0,0,0,1,1,1,0,0,0,0,0,0,0,1,,,,,,21-25,16-25,Unknown,Unk,Saturday,Not Used,PV,White,0,1,0,0,Other,County Sheriff,Clallam County Sheriff's Office,1,0,0,0,1,thc,7.6,carboxy-thc,14,,0,0,0,,,,,,,,,,,,,,,,,,,,,,,,,,,,,,,,,,,
2018,436,633719,7,09-23-2018,18:15,23,9,Sep,0,33,King,980,1,0,1,1,1,1,0,3,1,,,,52,0,0,No vehicle,14.7,1,0,1,No intersection,1,2,1,1,0,0,0,0,I-90,,-122.0393194,47.54194722,98029,0,1,6,Drive off road,12,2,60,4,0,0,1,5,52,2,1,3,3,14,Making a U turn,3,2,53,,0,12,481,2004,0,0,63,69,68,64,1,,1,1,57,1,7,1,4,7,20,0,11,0,04-06-2018,15:55,53016546,16546,0,0,0,3,1,0,0,0,0,93,,,,,,99,,,,,,98840,53,70,160,6,1,0,0,0,1,,0,,,,,,0,07-15-2016,07-15-2016,20,1,9,0,0,9,8,,,0,0,0,8,9,2,155,321,351,1,1,1,2,1,0.23,,,,,,,,,,,,,,,,,,,,,,,,,,,,,,0,0,0,0,1,1,1,1,1,0,0,0,0,0,0,0,1,0,0,1,0,0,0,0,0,0,0,0,0,1,0,0,0,1,0,,1,0,0,0,0,1,1,1,1,0,0,0,0,0,0,1,,,,,,56-60,56-65,County road,R,Friday,Not Used,PV,White,0,1,0,0,County Road,County Sheriff,Okanogan County Sheriff's Office,1,0,1,0,0,thc,888,carboxy-thc,9.1,,0,0,0,1,1,1,,,367,605,695,996,996,,,,,,,,,,,,,,,,,,,,,,,,,
2017,436,632934,1,10-25-2017,17:00,25,10,Oct,0,37,Kittitas,0,1,0,1,1,2,1,0,3,1,17:00,17:59,,52,0,0,No vehicle,95.3,1,0,1,No intersection,5,1,1,3,0,0,0,0,SR-10,,-120.7410167,47.12473333,98926,0,1,1,Driver Off Road,13,2,55,2,0,0,1,2,1,3,2,3,1,14,Making a U turn,3,2,53,,0,49,471,1992,0,0,68,64,69,68,68,1,1,1,28,1,7,1,4,7,20,0,11,0,04-02-2018,23:52,2.39E+11,15359,0,0,3,2,1,0,0,0,0,96,,,,,,99,,,,,,99301,53,72,195,1,1,1,1,0,0,,0,,,,,,0,08-15-2013,09-15-2017,20,1,9,0,0,9,8,,,0,0,0,8,9,2,1,,,1,,,2,1,0.14,,,,,,,,,,,,,,,,,,,,,,,,,,,,,,0,0,0,0,1,1,0,1,0,0,0,0,0,1,0,0,0,0,0,1,0,0,0,0,0,0,0,0,0,1,0,0,0,1,0,,1,0,0,0,0,1,0,1,0,0,0,1,0,1,0,1,,,,,,26-30,26-35,County road,R,Monday,Not Used,PV,White,0,0,0,0,County Road,County Sheriff,Walla Walla County Sheriff's Office,0,0,1,0,0,,,,,,0,0,5,,,,,,,,,,,,,,,,,,,,,,,,,,,,,,,,,,,
2020,436,635196,3,10-30-2020,10:24,30,10,Oct,,67,Thurston,0,2,,1,2,2,1,0,2,2,,,,1,0,0,No vehicle,95.2,5,1,1,No intersection,1,1,1,1,0,0,0,0,I-5,,-122.9608667,46.89611111,,0,1,98,Others,61,4,60,66,1,0,1,5,12,1,2,3,3,1,Going Straight,1,3,95,,0,20,26,2012,0,0,12,,,,,,1,1,31,2,0,0,0,0,20,0,11,0,,,,,0,0,0,3,1,0,0,0,0,96,,,,,,0,,,,,,98512,53,64,125,6,1,0,0,0,2,,0,,,,,,0,07-15-2015,01-15-2018,8,0,0,0,8,9,8,,,0,0,0,8,9,8,95,,,96,,,8,95,995,,,,,,,,,,,,,,,,,,,,,,,,,,,,,,0,0,0,0,0,0,1,1,0,0,0,0,0,0,0,0,0,0,0,0,0,0,0,1,1,0,0,0,0,1,0,0,0,0,0,,0,0,0,0,0,0,0,0,0,0,0,0,0,0,0,0,,,,,,31-35,26-35,County road,U,Saturday,Not Used,PV,Not Fatal,0,1,1,0,County Road,County Sheriff,Thurston County Sheriff's Office,0,0,1,0,0,,,,,,0,0,1,,,,,,,,,,,,,,,,,,,,,,,,,,,,,,,,,,,
2018,437,633710,5,10-17-2018,19:58,17,10,Oct,0,15,Cowlitz,0,1,0,3,1,2,1,0,4,2,19:55,20:03,20:17,12,0,6,Angle,4.9,2,0,3,T Intersection,3,2,1,3,0,0,0,0,SR-432,DOUGLAS ST,-122.9707972,46.127525,97048,0,1,68,Initial Opposite Direction(Left/Right),15,2,50,6,0,0,1,2,12,1,1,2,1,11,Turning Red: Permitted on red,3,2,41,,0,37,31,1992,0,0,68,12,,,,,1,1,21,2,7,1,4,7,3,0,11,0,04/14/2018,18:00,53017607,17607,0,0,0,3,1,33,0,0,0,96,,,,,,99,,,,,,98512,53,62,105,6,1,0,2,0,0,,0,,,,,,0,07-15-2017,12-15-2017,1,0,0,0,0,9,8,,,0,0,0,8,9,2,996,996,996,1,1,1,2,1,0,,,,,,,,,,,,,,,,,,,,,,,,,,,,,,0,0,0,0,0,0,1,1,0,0,0,0,0,0,0,0,0,0,0,0,0,0,0,1,1,0,0,0,0,1,0,0,0,0,0,,1,0,0,0,0,0,1,1,0,0,0,0,0,0,1,0,,,,,,21-25,16-25,County road,U,Saturday,Belt Used,PV,White,0,1,1,0,County Road,County Sheriff,Thurston County Sheriff's Office,0,0,1,0,0,,,,,,0,0,0,,,,,,,,,,,,,,,,,,,,,,,,,,,,,,,,,,,
2021,437,636030,1,10-28-2021,05:32,28,10,Oct,,5,Benton,0,1,,3,1,2,1,0,2,2,,,,12,0,6,Angle,20.5,2,0,2,4 Way,4,1,1,3,0,0,0,0,SR-240,SR-225,-119.4228139,46.3833,,0,2,88,Striking from the Left,66,4,55,66,1,0,1,2,12,1,1,3,1,1,Going Straight,1,3,53,,0,42,401,2015,0,0,63,35,67,42,,,1,1,56,2,7,1,4,7,3,0,11,0,04/20/2018,16:09,53018891,18891,0,0,0,3,1,0,0,0,0,92,,,,,,99,,,,,,98502,53,56,95,6,1,0,0,1,0,,0,,,,,,4,06-15-2015,06-15-2015,20,0,0,0,0,9,8,,,0,0,0,8,9,2,1,,,1,,,2,1,0.24,,,,,,,,,,,,,,,,,,,,,,,,,,,,,,0,0,1,0,1,1,0,1,0,0,0,0,1,0,0,0,1,0,0,0,0,0,0,0,0,0,0,0,0,1,0,0,0,0,0,,1,0,0,0,0,1,0,1,1,1,0,0,0,1,0,1,,,,,,56-60,56-65,County road,R,Friday,Belt Used,PV,White,0,1,0,0,County Road,County Sheriff,Thurston County Sheriff's Office,1,0,1,0,0,,,,,,0,0,0,,,,,,,,,,,,,,,,,,,,,,,,,,,,,,,,,,,
2021,437,636029,1,10-28-2021,05:32,28,10,Oct,,5,Benton,0,1,,3,1,2,1,0,2,2,,,,12,0,6,Angle,20.5,2,0,2,4 Way,4,1,1,3,0,0,20,3,SR-240,SR-225,-119.4228139,46.3833,,0,1,89,Others,17,2,98,4,0,0,1,2,12,1,1,3,1,4,Others,1,1,53,,0,41,50,2004,0,0,68,68,68,64,38,1,1,1,37,1,7,1,4,7,3,0,11,0,04/20/2018,04:51,18053018518,18518,0,0,0,3,1,58,0,0,0,96,,,,,,9,,,,,,98528,53,74,245,6,1,0,0,0,0,,0,,,,,,4,,,8,0,0,1,0,9,8,,,0,0,0,8,1,2,401,417,996,1,1,1,2,1,0,,,,,,,,,,,,,,,,,,,,,,,,,,,,,,0,0,0,0,1,0,1,1,0,0,0,0,1,0,0,0,0,0,0,0,0,0,0,0,0,0,0,0,0,1,0,0,0,0,0,,1,0,0,0,0,0,1,1,0,1,0,0,0,0,1,1,,,,,,36-40,36-45,City street,U,Friday,Belt Used,PV,White,0,1,0,0,County Road,Municipal/City Police,Bremerton Police Department,1,0,1,0,0,,,,,,0,0,0,1,,,,,996,,,,,,,,,,,,,,,,,,,,,,,,,,,,,