year,something,Cases,repjur,crash_dt,crash_tm,accday,Month,Month,holiday,county,co_char,city,weather,weather2,lightcond,surfcond,surftype,Number of Fatalities,nmforms,pforms,vforms,not_tm,arr_tm,hosp_tm,fhevent,hitrun,Manner of Collision,Manner of Collision,milepnt,reljunc,reljuncinter,intersectiontype,Intersection Type,funcsystem,landuse,ownership,route,schlbus,spejur,contdev,devfunc,trafid1,trafid2,x,y,zipcode,wk_zone,vnumber,crashtype,Crash Type,criticalevent,criticaleventcat,spdlim,body,trailer,emerg,hazcargo,leave,mhevent,roadalgn,roadprof,traflane,trafflow,Vehicle Manure,Vehicle Manure,numoccs,regowner,regstate,,spuse,make,model,modelyr,vrf1,vrf2,seqevent1,seqevent2,seqevent3,seqevent4,seqevent5,seqevent6,pnumber,ptype,age,sex,hispanic,race,injury,diedscene,restraint,restraintmisuse,seatpos,takehosp,death_dt,death_tm,cert,cernum_wa,commlic,licendor,licrestrict,liccomp,drivpres,drf1,drf2,drf3,drf4,distract1,distract2,distract3,distract4,distract5,distract6,dricond1,dricond2,dricond3,dricond4,dricond5,dricond6,dzip,licstate,drhgt_in,weight,noncdl,noncdltype,prevdwi,prevoth,prevacc,prevspd,prevsus,driviol1,driviol2,driviol3,driviol4,driviol5,driviol6,spdrel,first_dt,last_dt,airbag,ejection,ejectpath,extricat,injurwrk,methalc,methdrug,nmlocat,strikveh,prf1,prf2,prf3,druginv,alcinvol,drugsts,drugres1,drugres2,drugres3,drugtst1,drugtst2,drugtst3,alcsts,alctst,alcres,nmact1,nmact2,nmact3,nmact4,nmact5,nmact6,nmprior1,nmprior2,nmprior3,nmprior4,nmprior5,nmprior6,nmcond1,nmcond2,nmcond3,nmcond4,nmcond5,nmcond6,nmsafe_helmet,nmsafe_pads,nmsafe_oth,nmprev_ref,nmprev_lgt,nmprev_oth,crashlocation,nmcrashtype,crosswalk,schoolzone,sidewalk,train_inv,wildlife_inv,rotr_fars,intersect_fars,Drink and Drive,aid_inv,Drug Positive Drivers,Impaired Drivers,Marijuana Positive,impnm_inv,ainm_inv,dpnm_inv,speed_inv,unlic_inv,unendmc_inv,drowsy_inv,drdist_inv,nmdist_inv,fty_inv,unrestfat_inv,dr1617_inv,dr1820_inv,dr1620_inv,dr2125_inv,dr1625_inv,dr65_inv,dr70_inv,dr75_inv,mc_inv,pv_inv,ht_inv,ped_inv,bike_inv,unrest_fat,mc_fat,unhelmet_mc,pv_fat,ht_fat,ped_fat,bike_fat,dr_alc7,dr_alc8,dr_drug,dr_imp,dr_dist,dr_spd,dr_fty,dr_unlic,dr_alc7only,dr_alc8only,dr_drugonly,dr_drink,nm_imp,nm_alc7,nm_alc8,nm_drug,nm_dist,agegrp1,agegrp2,roadclass,urbrur,dayweek,restuse,vehtype,race_me,intersect,lanedep,oppdir,wrongway,rep_typ,investag,repag_long,rotr,st_rd,cty_rd,city_rd,oth_rd,drug_thc,thc_res,drug_cthc,cthc_res,drug_cann,prevpersemin,prevperse,prevsusoth,drugtst4,drugtst5,drugtst6,drugtst7,drugtst8,drugres4,drugres5,drugres6,drugres7,drugres8,adspresent,adsengaged,adslevel,race1,race2,race3,race4,race5,helmet,helmetmisuse,nmdistract1,nmdistract2,nmdistract3,nmdistract4,nmdistract5,nmdistract6,lab,isedtcase,crf1,crf2,crf3,CoRoadName,CoMP,IntCoRoadName,IntCoMP
2020,437,635200,1,11-04-2020,06:33,4,11,Nov,,5,Benton,0,1,,4,2,2,2,0,5,3,,,,12,0,1,Front-to-Rear,35.4,3,0,3,T Intersection,4,1,1,3,0,0,0,0,SR-24,N COLD CREEK RD,-119.7910806,46.56930278,,0,3,98,Others,62,4,65,67,1,0,1,2,12,3,1,2,1,14,Making a U turn,2,1,53,,0,20,473,2012,0,0,63,42,,,,,1,1,72,1,7,1,4,7,3,0,11,0,04/16/2018,12:44,53018076,18076,6,0,3,3,1,0,0,0,0,93,,,,,,99,,,,,,98325,53,74,240,6,1,0,0,0,0,,0,,,,,,0,,,1,0,0,0,1,9,8,,,0,0,0,8,9,2,1,,,1,,,2,1,0,,,,,,,,,,,,,,,,,,,,,,,,,,,,,,0,0,1,0,0,0,0,0,0,0,0,0,0,0,0,0,1,0,0,0,0,0,0,0,0,1,1,0,0,1,0,0,0,0,0,,1,0,0,0,0,0,0,0,1,0,0,0,0,0,0,0,,,,,,71-75,66-75,State route,R,Monday,Belt Used,PV,White,0,1,0,0,State Route,State Patrol,Washington State Patrol Headquarter,1,1,0,0,0,,,,,,0,0,0,,,,,,,,,,,,,,,,,,,,,,,,,,,,,,,,,,,
2020,437,635199,1,11-04-2020,06:33,4,11,Nov,,5,Benton,0,1,,4,2,2,2,0,5,3,,,,12,0,1,Front-to-Rear,35.4,3,0,3,T Intersection,4,1,1,3,0,0,0,0,SR-24,N COLD CREEK RD,-119.7910806,46.56930278,,0,2,21,Others,53,3,65,5,0,0,1,2,12,2,1,2,1,5,Others,2,1,53,,0,12,481,2008,0,0,12,,,,,,1,1,37,1,0,0,2,0,20,0,11,0,,,,,0,0,3,3,1,0,0,0,0,96,,,,,,0,,,,,,98557,53,72,200,6,1,0,2,0,2,,0,,,,,,0,05-15-2013,07-15-2017,1,0,0,0,8,9,8,,,0,0,0,8,0,8,95,,,96,,,8,95,995,,,,,,,,,,,,,,,,,,,,,,,,,,,,,,0,0,0,1,0,0,0,0,0,0,0,0,0,0,0,0,0,0,1,0,1,0,1,0,1,0,0,0,0,1,0,0,0,0,0,,0,0,0,0,0,0,0,0,0,0,0,0,0,0,0,0,,,,,,36-40,36-45,US highway,R,Saturday,Not Used,PV,Not Fatal,1,0,0,0,State Route,State Patrol,Washington State Patrol Headquarter,0,1,0,0,0,,,,,,0,0,0,,,,,,,,,,,,,,,,,,,,,,,,,,,,,,,,,,,
2020,437,635198,1,11-04-2020,06:33,4,11,Nov,,5,Benton,0,1,,4,2,2,2,0,5,3,,,,12,0,1,Front-to-Rear,35.4,3,0,3,T Intersection,4,1,1,3,0,0,0,0,SR-24,N COLD CREEK RD,-119.7910806,46.56930278,,0,1,20,Others,50,3,65,34,0,0,1,2,12,2,1,2,1,14,Making a U turn,1,1,53,,0,63,402,2011,0,0,12,,,,,,1,1,17,2,0,0,3,0,3,0,11,5,,,,,0,0,3,3,1,38,39,0,0,96,,,,,,0,,,,,,99022,53,69,241,6,2,0,1,1,0,,37,,,,,,0,08-15-2017,08-15-2017,8,0,0,0,8,9,8,,,0,0,0,8,0,8,95,,,96,,,8,95,995,,,,,,,,,,,,,,,,,,,,,,,,,,,,,,0,0,0,1,0,0,0,0,0,0,0,0,0,0,0,0,0,0,1,0,1,0,1,0,1,0,0,0,0,1,0,0,0,0,0,,0,0,0,0,0,0,0,0,0,0,1,0,0,0,0,0,,,,,,16-17,16-25,US highway,R,Saturday,Belt Used,PV,Not Fatal,1,0,0,0,State Route,State Patrol,Washington State Patrol Headquarter,0,1,0,0,0,,,,,,0,0,0,,,,,,,,,,,,,,,,,,,,,,,,,,,,,,,,,,,
2019,437,634487,2,11-28-2019,22:56,28,11,Nov,,57,Skagit,0,1,0,2,1,2,1,1,7,3,,,,8,0,0,No vehicle,62.3,1,0,1,No intersection,3,2,1,3,0,0,0,0,SR-20,,-122.2860722,48.49040278,98284,0,3,98,Others,80,5,55,34,0,0,1,5,8,1,1,2,1,1,Going Straight,1,1,53,,0,49,46,2008,0,0,12,,,,,,1,1,60,2,7,1,4,7,3,0,11,0,04/18/2018,22:37,2.23E+11,18973,0,0,3,3,1,0,0,0,0,96,,,,,,0,,,,,,98418,53,66,260,6,1,0,0,0,0,,0,,,,,,0,,,8,0,0,0,1,9,8,,,0,0,0,8,0,2,1,,,1,,,2,1,0,,,,,,,,,,,,,,,,,,,,,,,,,,,,,,0,0,0,0,0,0,0,0,0,0,0,0,1,0,0,0,1,0,0,0,0,0,0,1,1,0,0,0,0,1,0,0,0,0,0,,1,0,0,0,0,0,0,0,0,0,0,0,0,0,0,0,,,,,,56-60,56-65,City street,U,Wednesday,Belt Used,PV,White,0,0,0,0,City Street,Municipal/City Police,Tacoma Police Department,0,0,0,1,0,,,,,,0,0,0,,,,,,,,,,,,,,,,,,,,,,,,,,,,,,,,,,,
2019,437,634486,2,11-28-2019,22:56,28,11,Nov,,57,Skagit,0,1,0,2,1,2,1,1,7,3,,,,8,0,0,No vehicle,62.3,1,0,1,No intersection,3,2,1,3,0,0,0,0,SR-20,,-122.2860722,48.49040278,98284,0,2,98,Others,80,5,55,4,0,0,1,5,8,1,1,2,1,1,Going Straight,4,2,53,,0,55,35,2018,0,0,12,,,,,,1,1,25,2,0,0,0,0,99,0,11,0,,,,,0,0,0,3,1,0,0,0,0,92,,,,,,99,,,,,,98404,53,66,140,6,1,0,0,0,0,,97,,,,,,4,,,8,0,0,0,8,9,8,,,0,0,0,8,9,2,1,,,1,,,2,1,0,,,,,,,,,,,,,,,,,,,,,,,,,,,,,,0,0,0,0,0,0,0,0,0,0,0,0,1,0,0,0,1,0,0,0,0,0,0,1,1,0,0,0,0,1,0,0,0,0,0,,0,0,0,0,0,0,0,0,1,1,0,0,0,0,0,0,,,,,,21-25,16-25,City street,U,Wednesday,Unknown,PV,Not Fatal,0,0,0,0,City Street,Municipal/City Police,Tacoma Police Department,0,0,0,1,0,,,,,,0,0,0,,,,,,,,,,,,,,,,,,,,,,,,,,,,,,,,,,,
2019,437,634485,2,11-28-2019,22:56,28,11,Nov,,57,Skagit,0,1,0,2,1,2,1,1,7,3,,,,8,0,0,No vehicle,62.3,1,0,1,No intersection,3,2,1,3,0,0,0,0,SR-20,,-122.2860722,48.49040278,98284,0,1,13,Pedestrian/Animal,80,5,55,4,0,0,1,7,8,1,1,2,1,1,Going Straight,2,1,53,,0,37,32,1997,0,0,63,69,64,69,64,67,1,1,56,1,3,1,4,7,3,0,11,0,04/16/2018,02:00,53018294,18294,0,0,0,0,1,0,0,0,0,96,,,,,,9,,,,,,98144,53,67,270,0,0,0,1,0,0,,0,,,,,,0,07-15-2013,07-15-2013,1,0,0,0,0,9,1,,,0,0,0,1,9,2,605,695,,1,1,,2,1,0,,,,,,,,,,,,,,,,,,,,,,,,,,,,,,0,0,1,0,0,0,1,1,1,0,0,0,0,1,0,0,0,0,0,1,0,0,0,0,0,0,0,0,0,1,0,0,0,0,0,,1,0,0,0,0,0,1,1,0,0,0,1,0,0,1,0,,,,,,56-60,56-65,Interstate,R,Monday,Belt Used,PV,Hispanic,0,1,0,0,State Route,State Patrol,Washington State Patrol Headquarter,1,1,0,0,0,thc,13,carboxy-thc,19,,0,0,0,,,,,,,,,,,,,,,,,,,,,,,,,,,,,,,,,,,
2018,437,633711,5,10-17-2018,19:58,17,10,Oct,0,15,Cowlitz,0,1,0,3,1,2,1,0,4,2,19:55,20:03,20:17,12,0,6,Angle,4.9,2,0,3,T Intersection,3,2,1,3,0,0,0,0,SR-432,DOUGLAS ST,-122.9707972,46.127525,97048,0,2,69,Initial Opposite Direction(Going Straight),62,4,50,67,0,0,1,2,12,1,1,2,1,1,Going Straight,1,1,53,,0,12,481,2013,0,0,12,,,,,,1,1,41,1,0,0,0,0,3,0,11,0,,,,,0,0,0,3,1,0,0,0,0,0,,,,,,0,,,,,,99016,53,69,205,6,1,0,0,0,0,,0,,,,,,0,,,20,0,0,0,8,9,8,,,0,0,0,8,0,8,95,,,96,,,8,95,995,,,,,,,,,,,,,,,,,,,,,,,,,,,,,,0,0,0,1,0,0,0,0,0,0,0,0,0,1,0,0,1,0,0,0,0,0,0,0,0,1,1,1,0,1,0,0,0,0,0,,0,0,0,0,0,0,0,0,0,0,0,0,0,0,0,0,,,,,,41-45,36-45,City street,U,Monday,Belt Used,PV,Not Fatal,1,0,0,0,City Street,Municipal/City Police,Spokane Police Department,0,0,0,1,0,,,,,,0,0,0,,,,,,,,,,,,,,,,,,,,,,,,,,,,,,,,,,,
2017,437,632924,122,10-28-2017,21:33,28,10,Oct,0,61,Snohomish,690,1,0,2,1,2,1,1,1,1,,,,8,0,0,No vehicle,0,3,0,2,4 Way,3,2,4,6,0,0,3,3,W MUKILTEO BLVD,DOGWOOD DR,-122.2313111,47.95666944,98203,0,1,13,Pedestrian/Animal,80,5,35,15,0,0,1,5,8,1,2,4,1,1,Going Straight,1,1,53,,0,55,401,2013,0,0,12,,,,,,1,1,79,1,7,1,4,0,3,0,11,5,04/26/2018,16:55,1.22E+11,19562,0,0,3,3,1,0,0,0,0,96,,,,,,0,,,,,,99208,53,69,220,6,1,0,0,0,0,,0,,,,,,0,,,8,0,0,0,0,9,8,,,0,0,0,8,0,8,95,,,96,,,8,95,995,,,,,,,,,,,,,,,,,,,,,,,,,,,,,,0,0,0,1,0,0,0,0,0,0,0,0,0,1,0,0,1,0,0,0,0,0,0,0,0,1,1,1,0,1,0,0,0,0,0,,1,0,0,0,0,0,0,0,0,0,0,0,0,0,0,0,,,,,,76-80,76+,City street,U,Monday,Belt Used,PV,White,1,0,0,0,City Street,Municipal/City Police,Spokane Police Department,0,0,0,1,0,,,,,,0,0,0,,,,,,,,,,,,,,,,,,,,,,,,,,,,,,,,,,,
2021,438,636033,6,10-18-2021,18:17,18,10,Oct,,25,Grant,0,1,,5,1,2,1,0,3,3,,,,12,0,6,Angle,2.7,2,0,2,4 Way,2,2,1,3,0,0,0,0,SR-282,AIRPORT RD SE,-119.5110694,47.28950833,98823,0,3,98,Others,62,4,60,4,0,0,1,2,12,1,1,4,1,1,Going Straight,1,1,53,,0,37,32,2003,0,0,12,12,,,,,1,1,33,1,0,0,0,0,99,0,11,0,,,,,0,0,0,2,1,0,0,0,0,92,,,,,,99,,,,,,98837,53,68,170,1,1,0,0,0,2,,7,,,,,,0,05-15-2017,09-15-2017,1,0,0,0,8,9,8,,,0,0,0,8,9,8,95,,,96,,,8,95,995,,,,,,,,,,,,,,,,,,,,,,,,,,,,,,0,0,0,1,0,0,0,0,0,0,0,0,0,1,0,0,1,0,0,0,0,0,0,0,0,1,1,1,0,1,0,0,0,0,0,,0,0,0,0,0,0,0,0,1,0,0,1,0,0,0,0,,,,,,31-35,26-35,City street,U,Monday,Unknown,PV,Not Fatal,1,0,0,0,City Street,Municipal/City Police,Spokane Police Department,0,0,0,1,0,,,,,,0,0,2,,,,,,,,,,,,,,,,,,,,,,,,,,,,,,,,,,,
2021,438,636031,6,10-18-2021,18:17,18,10,Oct,,25,Grant,0,1,,5,1,2,1,0,3,3,,,,12,0,6,Angle,2.7,2,0,2,4 Way,2,2,1,3,0,0,20,3,SR-282,AIRPORT RD SE,-119.5110694,47.28950833,98823,0,1,86,Others,17,2,45,14,0,0,1,2,12,1,1,2,1,4,Others,1,1,53,,0,63,32,2007,0,0,63,14,,,,,1,1,24,1,1,98,4,7,3,0,11,0,03/16/2018,01:50,73553012700,12700,0,0,0,3,1,0,0,0,0,92,,,,,,99,,,,,,98498,53,69,200,6,1,0,2,0,1,,0,,,,,,0,07-15-2013,02-15-2018,8,0,0,0,0,9,8,,,0,0,0,8,9,2,1,,,1,,,2,1,0.12,,,,,,,,,,,,,,,,,,,,,,,,,,,,,,0,0,0,0,1,1,0,1,0,0,0,0,0,0,0,0,1,0,0,0,0,0,0,1,1,0,0,0,0,1,1,0,0,0,0,,1,0,0,0,0,1,0,1,1,0,0,0,0,1,0,1,,,,,,21-25,16-25,Interstate,U,Friday,Belt Used,PV,Hispanic,0,1,0,0,State Route,State Patrol,Washington State Patrol Headquarter,1,1,0,0,0,,,,,,0,0,0,,,,,,,,,,,,,,,,,,,,,,,,,,,,,,,,,,,
2019,438,634503,122,12-10-2019,17:19,10,12,Dec,,61,Snohomish,690,2,0,2,2,2,1,1,1,1,,,,8,1,0,No vehicle,0,1,0,1,No intersection,7,2,4,6,0,0,0,0,7TH AVE SE,,-122.2233806,47.91106389,98202,0,1,13,Pedestrian/Animal,80,5,25,4,0,0,1,5,8,1,1,3,5,1,Going Straight,1,1,53,,0,12,481,1972,0,0,1,,,,,,1,1,41,1,7,1,4,7,2,0,11,0,04-03-2018,23:08,53016267,16267,0,0,0,3,1,0,0,0,0,96,,,,,,99,,,,,,98648,53,73,160,6,1,0,0,0,0,,0,,,,,,4,,,20,0,0,0,0,9,8,,,0,0,0,8,1,2,1,,,1,,,2,1,0.15,,,,,,,,,,,,,,,,,,,,,,,,,,,,,,0,0,0,0,1,1,0,1,0,0,0,0,1,0,0,0,0,0,0,0,0,0,0,0,0,0,0,0,0,1,0,0,0,0,0,,1,0,0,0,0,1,0,1,0,1,0,0,0,1,0,1,,,,,,41-45,36-45,Unknown,Unk,Tuesday,Belt Used,PV,White,0,0,0,0,Other,County Sheriff,Skamania County Sheriff's Office,0,0,0,0,1,,,,,,0,0,0,,,,,,,,,,,,,,,,,,,,,,,,,,,,,,,,,,,
2018,438,633722,5,12-01-2018,18:26,1,12,Dec,0,41,Lewis,0,1,0,3,1,2,1,0,3,3,18:27,18:31,,12,0,6,Angle,49.2,2,0,3,T Intersection,4,1,1,3,0,0,0,0,SR-6,CHILVERS RD,-123.0172028,46.64555,98532,0,3,98,Others,98,7,55,34,0,0,1,7,12,1,1,3,1,1,Going Straight,1,1,53,,0,23,880,2015,0,0,63,30,,,,,1,1,24,1,7,1,4,7,3,0,11,0,04-07-2018,01:55,1.77E+11,16254,0,0,3,3,1,0,0,0,0,93,,,,,,9,,,,,,98374,53,70,185,6,1,0,1,0,0,,0,,,,,,0,12-15-2016,12-15-2016,1,0,0,0,0,1,8,,,0,0,0,8,1,2,1,,,1,,,2,1,0.083,,,,,,,,,,,,,,,,,,,,,,,,,,,,,,0,0,1,0,1,1,0,1,0,0,0,0,0,0,0,0,1,0,0,0,0,0,0,1,1,0,0,0,0,0,1,0,0,0,0,,0,1,0,0,0,1,0,1,1,0,0,0,0,1,0,1,,,,,,21-25,16-25,County road,U,Saturday,Belt Used,MHTRUCK,White,0,1,0,0,County Road,County Sheriff,Law Enforcement Support Agency,1,0,1,0,0,,,,,,0,0,0,,,,,,,,,,,,,,,,,,,,,,,,,,,,,,,,,,,
2018,438,633721,5,12-01-2018,18:26,1,12,Dec,0,41,Lewis,0,1,0,3,1,2,1,0,3,3,18:27,18:31,,12,0,6,Angle,49.2,2,0,3,T Intersection,4,1,1,3,0,0,0,0,SR-6,CHILVERS RD,-123.0172028,46.64555,98532,0,2,83,Others,67,4,55,34,0,0,1,2,1,1,1,3,1,1,Going Straight,1,1,53,,0,35,471,1986,0,0,63,1,,,,,1,1,38,1,7,1,4,0,20,0,11,1,04-01-2018,10:16,2.11E+11,15402,0,0,0,3,1,0,0,0,0,96,,,,,,99,,,,,,99037,53,67,145,6,1,1,0,1,2,,0,,,,,,0,03-15-2014,04-15-2017,20,1,9,0,0,9,8,,,0,0,0,8,9,2,1,,,1,,,2,1,0.075,,,,,,,,,,,,,,,,,,,,,,,,,,,,,,0,0,1,0,1,0,0,0,0,0,0,0,0,0,0,0,0,0,0,1,0,0,0,0,0,0,0,0,0,1,0,0,0,1,0,,1,0,0,0,1,0,0,0,0,0,0,0,1,0,0,1,,,,,,36-40,36-45,US highway,R,Friday,Not Used,PV,White,0,1,0,0,State Route,State Patrol,Washington State Patrol Headquarter,1,1,0,0,0,,,,,,0,0,2,,,,,,,,,,,,,,,,,,,,,,,,,,,,,,,,,,,
2018,438,633720,5,12-01-2018,18:26,1,12,Dec,0,41,Lewis,0,1,0,3,1,2,1,0,3,3,18:27,18:31,,12,0,6,Angle,49.2,2,0,3,T Intersection,4,1,1,3,0,0,20,3,SR-6,CHILVERS RD,-123.0172028,46.64555,98532,0,1,82,Turn Into Opp Direction(Turning Left),15,2,35,4,0,0,1,2,12,1,1,2,1,11,Turning Red: Permitted on red,1,1,53,,0,20,9,2017,0,0,12,,,,,,1,1,21,1,0,0,0,0,3,0,11,0,,,,,0,0,0,3,1,26,0,0,0,96,,,,,,0,,,,,,98126,53,71,205,6,1,0,0,0,1,,97,,,,,,4,07-15-2016,07-15-2016,8,0,0,0,8,9,8,,,0,0,0,8,1,8,95,,,96,,,8,95,995,,,,,,,,,,,,,,,,,,,,,,,,,,,,,,0,0,0,0,1,0,0,0,0,0,0,0,1,0,0,0,0,0,0,1,1,0,1,1,1,0,0,0,0,1,0,0,0,0,0,,0,0,0,0,0,0,0,0,0,1,0,0,0,0,0,1,,,,,,21-25,16-25,Interstate,U,Saturday,Belt Used,PV,Not Fatal,0,0,0,0,State Route,State Patrol,Washington State Patrol Headquarter,0,1,0,0,0,,,,,,0,0,0,,,,,,,,,,,,,,,,,,,,,,,,,,,,,,,,,,,
2017,438,632917,4,10-26-2017,08:56,26,10,Oct,0,63,Spokane,2113,1,0,1,1,2,1,0,2,2,08:57,09:01,09:44,12,0,6,Angle,89.6,2,0,2,4 Way,3,2,1,3,0,0,0,0,SR-27,E GRACE AVE,-117.2397167,47.68389722,99206,0,2,86,Others,66,4,35,80,0,0,1,2,12,1,2,4,1,1,Going Straight,1,1,53,,0,48,34,2003,0,0,54,,,,,,1,1,16,1,0,0,0,0,3,0,11,0,,,,,0,0,3,3,1,0,0,0,0,96,,,,,,0,,,,,,97031,41,65,155,6,2,0,0,0,0,,0,,,,,,0,,,20,0,0,0,8,9,8,,,0,0,0,8,0,8,95,,,96,,,8,95,995,,,,,,,,,,,,,,,,,,,,,,,,,,,,,,0,0,0,0,1,0,0,0,0,0,0,0,1,0,0,0,0,0,0,1,1,0,1,1,1,0,0,0,0,1,0,0,0,0,0,,0,0,0,0,0,0,0,0,0,0,0,0,0,0,0,0,,,,,,16-17,16-25,Interstate,U,Saturday,Belt Used,PV,Not Fatal,0,0,0,0,State Route,State Patrol,Washington State Patrol Headquarter,0,1,0,0,0,,,,,,0,0,0,,,,,,,,,,,,,,,,,,,,,,,,,,,,,,,,,,,
2017,438,632916,4,10-26-2017,08:56,26,10,Oct,0,63,Spokane,2113,1,0,1,1,2,1,0,2,2,08:57,09:01,09:44,12,0,6,Angle,89.6,2,0,2,4 Way,3,2,1,3,0,0,20,3,SR-27,E GRACE AVE,-117.2397167,47.68389722,99206,0,1,87,Others,17,2,25,15,0,0,1,2,12,1,2,2,1,1,Going Straight,1,1,53,,0,12,481,1997,0,0,12,64,1,60,54,,1,1,21,1,0,0,1,0,3,0,11,4,,,,,0,0,0,3,1,0,0,0,0,96,,,,,,0,,,,,,98611,53,70,160,6,1,0,0,0,0,,0,,,,,,0,,,8,0,0,0,8,9,8,,,0,0,0,8,0,8,95,,,96,,,8,95,995,,,,,,,,,,,,,,,,,,,,,,,,,,,,,,0,0,0,0,1,0,0,0,0,0,0,0,1,0,0,0,0,0,0,1,1,0,1,1,1,0,0,0,0,1,0,0,0,0,0,,0,0,0,0,0,0,0,0,0,0,0,0,0,0,0,0,,,,,,21-25,16-25,Interstate,U,Saturday,Belt Used,PV,Not Fatal,0,0,0,0,State Route,State Patrol,Washington State Patrol Headquarter,0,1,0,0,0,,,,,,0,0,0,,,,,,,,,,,,,,,,,,,,,,,,,,,,,,,,,,,
2021,438,636032,6,10-18-2021,18:17,18,10,Oct,,25,Grant,0,1,,5,1,2,1,0,3,3,,,,12,0,6,Angle,2.7,2,0,2,4 Way,2,2,1,3,0,0,0,0,SR-282,AIRPORT RD SE,-119.5110694,47.28950833,98823,0,2,87,Others,66,4,60,4,0,0,1,2,12,1,1,4,1,1,Going Straight,1,9,99,,0,69,54,2004,0,0,63,30,1,,,,1,1,21,1,0,0,2,0,20,0,11,8,,,,,0,0,0,3,1,33,91,0,0,96,,,,,,9,,,,,,98002,53,72,180,6,1,0,2,0,3,,1,,,,,,4,06-15-2015,02-15-2018,20,2,9,0,8,9,8,,,0,0,0,8,1,2,402,407,513,1,1,1,2,1,0.12,,,,,,,,,,,,,,,,,,,,,,,,,,,,,,0,0,0,1,1,1,1,1,0,0,0,0,1,0,0,0,0,0,0,1,0,0,0,1,1,0,0,0,0,1,0,0,0,0,0,,0,0,0,0,0,1,1,1,0,1,0,0,0,0,0,1,,,,,,21-25,16-25,City street,U,Saturday,Not Used,PV,Not Fatal,0,1,0,0,City Street,Municipal/City Police,Auburn Police Department,1,0,0,1,0,,,,,,0,0,3,1,,,,,996,,,,,,,,,,,,,,,,,,,,,,,,,,,,,
2020,438,635201,297,11-06-2020,05:55,6,11,Nov,,33,King,2310,1,,3,1,2,1,1,1,1,,,,8,1,0,No vehicle,0,1,0,1,No intersection,4,2,4,6,0,0,0,0,SOUTHCENTER BLVD,,-122.2608611,47.46408889,98188,0,1,13,Pedestrian/Animal,80,5,35,49,0,0,1,5,8,1,1,7,5,1,Going Straight,99,9,99,,0,20,481,1993,0,0,64,1,3,,,,1,1,62,2,7,1,4,7,3,0,11,0,04-06-2018,21:00,53015797,15797,0,0,0,3,1,0,0,0,0,96,,,,,,99,,,,,,98952,53,68,175,6,1,0,0,0,0,,0,,,,,,0,,,20,0,0,0,0,9,8,,,0,0,0,8,9,2,996,996,,1,1,,2,1,0.16,,,,,,,,,,,,,,,,,,,,,,,,,,,,,,0,0,1,0,1,1,1,1,0,0,0,0,0,0,0,0,0,0,0,0,0,0,0,0,0,0,0,0,0,1,0,0,0,0,0,,1,0,0,0,0,1,1,1,0,0,0,0,0,0,0,1,,,,,,61-65,56-65,County road,R,Friday,Belt Used,PV,White,0,1,0,0,County Road,County Sheriff,Yakima County Sheriff's Office,1,0,1,0,0,,,,,,0,0,0,,,,,,,,,,,,,,,,,,,,,,,,,,,,,,,,,,,
2021,439,636035,42,10-22-2021,18:55,22,10,Oct,,67,Thurston,0,10,,2,2,2,1,0,2,2,,,,12,0,6,Angle,9,2,0,3,T Intersection,5,1,2,4,0,0,0,0,CR-110TH AVE SW,DELPHI RD SW,-123.0130611,46.92856667,98512,0,2,83,Others,67,4,50,80,0,0,1,5,12,1,1,2,1,1,Going Straight,1,1,53,,0,37,32,2014,0,0,12,64,40,,,,1,1,57,2,7,1,4,7,3,0,11,0,04-07-2018,00:08,2.23E+11,17238,0,0,0,3,1,0,0,0,0,96,,,,,,0,,,,,,98373,53,64,260,6,1,0,0,0,1,,0,,,,,,0,08-15-2016,08-15-2016,1,0,0,0,1,9,8,,,0,0,0,8,9,2,1,,,1,,,2,1,0,,,,,,,,,,,,,,,,,,,,,,,,,,,,,,0,0,0,1,0,0,0,0,0,0,0,0,1,0,0,0,0,0,0,0,1,0,1,0,1,0,0,0,0,1,0,0,0,0,0,,1,0,0,0,0,0,0,0,0,0,0,0,0,0,0,0,,,,,,56-60,56-65,County road,U,Friday,Belt Used,PV,White,1,0,0,0,County Road,County Sheriff,Law Enforcement Support Agency,0,0,1,0,0,,,,,,0,0,0,,,,,,,,,,,,,,,,,,,,,,,,,,,,,,,,,,,
2021,439,636034,42,10-22-2021,18:55,22,10,Oct,,67,Thurston,0,10,,2,2,2,1,0,2,2,,,,12,0,6,Angle,9,2,0,3,T Intersection,5,1,2,4,0,0,20,3,CR-110TH AVE SW,DELPHI RD SW,-123.0130611,46.92856667,98512,0,1,82,Turn Into Opp Direction(Turning Left),15,2,50,34,0,0,1,5,12,1,1,2,1,11,Turning Red: Permitted on red,1,2,53,,0,12,401,2003,0,0,12,63,1,,,,1,1,16,1,0,0,2,0,3,0,11,0,,,,,0,0,1,3,1,39,91,0,0,96,,,,,,0,,,,,,98374,53,70,165,6,2,0,1,1,1,,1,,,,,,3,11-15-2017,12-15-2017,1,0,0,0,8,9,8,,,0,0,0,8,0,8,95,,,96,,,8,95,995,,,,,,,,,,,,,,,,,,,,,,,,,,,,,,0,0,0,1,0,0,0,0,0,0,0,0,1,0,0,0,0,0,0,0,1,0,1,0,1,0,0,0,0,1,0,0,0,0,0,,0,0,0,0,0,0,0,0,0,1,0,0,0,0,0,0,,,,,,16-17,16-25,County road,U,Friday,Belt Used,PV,Not Fatal,1,0,0,0,County Road,County Sheriff,Law Enforcement Support Agency,0,0,1,0,0,,,,,,0,0,0,,,,,,,,,,,,,,,,,,,,,,,,,,,,,,,,,,,