year,something,Cases,repjur,crash_dt,crash_tm,accday,Month,Month,holiday,county,co_char,city,weather,weather2,lightcond,surfcond,surftype,Number of Fatalities,nmforms,pforms,vforms,not_tm,arr_tm,hosp_tm,fhevent,hitrun,Manner of Collision,Manner of Collision,milepnt,reljunc,reljuncinter,intersectiontype,Intersection Type,funcsystem,landuse,ownership,route,schlbus,spejur,contdev,devfunc,trafid1,trafid2,x,y,zipcode,wk_zone,vnumber,crashtype,Crash Type,criticalevent,criticaleventcat,spdlim,body,trailer,emerg,hazcargo,leave,mhevent,roadalgn,roadprof,traflane,trafflow,Vehicle Manure,Vehicle Manure,numoccs,regowner,regstate,,spuse,make,model,modelyr,vrf1,vrf2,seqevent1,seqevent2,seqevent3,seqevent4,seqevent5,seqevent6,pnumber,ptype,age,sex,hispanic,race,injury,diedscene,restraint,restraintmisuse,seatpos,takehosp,death_dt,death_tm,cert,cernum_wa,commlic,licendor,licrestrict,liccomp,drivpres,drf1,drf2,drf3,drf4,distract1,distract2,distract3,distract4,distract5,distract6,dricond1,dricond2,dricond3,dricond4,dricond5,dricond6,dzip,licstate,drhgt_in,weight,noncdl,noncdltype,prevdwi,prevoth,prevacc,prevspd,prevsus,driviol1,driviol2,driviol3,driviol4,driviol5,driviol6,spdrel,first_dt,last_dt,airbag,ejection,ejectpath,extricat,injurwrk,methalc,methdrug,nmlocat,strikveh,prf1,prf2,prf3,druginv,alcinvol,drugsts,drugres1,drugres2,drugres3,drugtst1,drugtst2,drugtst3,alcsts,alctst,alcres,nmact1,nmact2,nmact3,nmact4,nmact5,nmact6,nmprior1,nmprior2,nmprior3,nmprior4,nmprior5,nmprior6,nmcond1,nmcond2,nmcond3,nmcond4,nmcond5,nmcond6,nmsafe_helmet,nmsafe_pads,nmsafe_oth,nmprev_ref,nmprev_lgt,nmprev_oth,crashlocation,nmcrashtype,crosswalk,schoolzone,sidewalk,train_inv,wildlife_inv,rotr_fars,intersect_fars,Drink and Drive,aid_inv,Drug Positive Drivers,Impaired Drivers,Marijuana Positive,impnm_inv,ainm_inv,dpnm_inv,speed_inv,unlic_inv,unendmc_inv,drowsy_inv,drdist_inv,nmdist_inv,fty_inv,unrestfat_inv,dr1617_inv,dr1820_inv,dr1620_inv,dr2125_inv,dr1625_inv,dr65_inv,dr70_inv,dr75_inv,mc_inv,pv_inv,ht_inv,ped_inv,bike_inv,unrest_fat,mc_fat,unhelmet_mc,pv_fat,ht_fat,ped_fat,bike_fat,dr_alc7,dr_alc8,dr_drug,dr_imp,dr_dist,dr_spd,dr_fty,dr_unlic,dr_alc7only,dr_alc8only,dr_drugonly,dr_drink,nm_imp,nm_alc7,nm_alc8,nm_drug,nm_dist,agegrp1,agegrp2,roadclass,urbrur,dayweek,restuse,vehtype,race_me,intersect,lanedep,oppdir,wrongway,rep_typ,investag,repag_long,rotr,st_rd,cty_rd,city_rd,oth_rd,drug_thc,thc_res,drug_cthc,cthc_res,drug_cann,prevpersemin,prevperse,prevsusoth,drugtst4,drugtst5,drugtst6,drugtst7,drugtst8,drugres4,drugres5,drugres6,drugres7,drugres8,adspresent,adsengaged,adslevel,race1,race2,race3,race4,race5,helmet,helmetmisuse,nmdistract1,nmdistract2,nmdistract3,nmdistract4,nmdistract5,nmdistract6,lab,isedtcase,crf1,crf2,crf3,CoRoadName,CoMP,IntCoRoadName,IntCoMP
2020,439,635202,25,11-08-2020,21:09,8,11,Nov,,33,King,0,1,,3,1,2,1,0,1,1,,,,59,0,0,No vehicle,1.7,1,0,1,No intersection,5,2,2,4,0,0,0,0,CR-MILITARY RD S,,-122.2753722,47.27873889,98001,0,1,1,Driver Off Road,13,2,45,14,0,0,1,2,1,1,1,2,1,1,Going Straight,1,1,53,,0,6,51,2010,0,0,68,64,42,,,,1,1,55,1,7,1,4,7,20,0,11,0,03/27/2018,12:23,53014532,14532,0,0,3,3,1,0,0,0,0,96,,,,,,0,,,,,,98012,53,72,203,6,1,0,4,0,4,,0,,,,,,4,09-15-2014,11-15-2017,1,0,0,0,0,9,8,,,0,0,0,8,0,2,1,,,1,,,2,1,0,,,,,,,,,,,,,,,,,,,,,,,,,,,,,,0,0,0,0,0,0,0,0,0,0,0,0,1,0,0,0,0,0,0,1,0,0,0,0,0,0,0,0,0,1,0,0,0,1,0,,1,0,0,0,0,0,0,0,0,1,0,0,0,0,0,0,,,,,,51-55,46-55,State route,R,Tuesday,Not Used,PV,White,0,1,0,0,State Route,State Patrol,Washington State Patrol Headquarter,1,1,0,0,0,,,,,,0,0,0,,,,,,,,,,,,,,,,,,,,,,,,,,,,,,,,,,,
2019,439,634506,1,12-13-2019,06:28,13,12,Dec,,5,Benton,0,1,0,2,4,2,1,0,1,1,,,,1,0,0,No vehicle,119,1,0,1,No intersection,1,1,1,1,0,0,0,0,I-82,,-119.2231611,46.08466389,,0,1,2,Control/Traction Loss,6,1,70,34,0,0,1,7,1,1,2,2,3,1,Going Straight,1,1,53,,0,55,33,2002,0,0,9,,,,,,1,1,63,1,0,0,0,0,3,0,11,0,,,,,0,0,3,3,1,38,91,0,0,0,,,,,,2,9,,,,,98368,53,75,215,6,1,0,0,0,0,,1,12,,,,,0,,,20,0,0,0,8,9,2,,,0,0,0,1,0,8,95,,,96,,,8,95,995,,,,,,,,,,,,,,,,,,,,,,,,,,,,,,0,0,0,1,0,0,0,0,0,0,0,0,0,0,0,1,0,0,1,0,0,0,0,0,0,0,0,0,0,1,0,0,1,0,0,,0,0,0,0,0,0,0,0,0,0,1,0,0,0,0,0,,,,,,61-65,56-65,City street,U,Wednesday,Belt Used,PV,Not Fatal,1,0,0,0,City Street,Municipal/City Police,Port Townsend Police Department,0,0,0,1,0,,,carboxy-thc,7.6,,0,0,0,,,,,,,,,,,,,,,,,,,,,,,,,,,,,,,,,,,
2018,439,633723,40,12-02-2018,07:27,2,12,Dec,0,63,Spokane,0,5,0,1,1,2,1,0,1,1,,,,1,0,0,No vehicle,1.9,1,0,1,No intersection,7,1,2,4,0,0,0,0,CR-S MOLTER RD,,-117.0887528,47.50633056,99030,0,1,6,Drive off road,6,1,98,4,0,0,1,7,1,8,8,2,1,1,Going Straight,1,1,53,,0,19,421,2002,0,0,63,69,64,57,1,,1,1,18,2,0,0,2,0,3,0,11,4,,,,,0,0,9,3,1,91,0,0,0,3,,,,,,0,,,,,,99336,53,63,150,6,7,0,0,0,1,,2,,,,,,0,09-15-2017,09-15-2017,20,0,0,0,8,9,8,,,0,0,0,8,0,8,95,,,96,,,8,95,995,,,,,,,,,,,,,,,,,,,,,,,,,,,,,,0,0,0,0,0,0,0,0,0,0,0,0,0,0,0,0,1,0,0,1,0,1,1,0,1,0,0,0,0,1,0,0,0,0,0,,0,0,0,0,0,0,0,0,1,0,0,0,0,0,0,0,,,,,,18-20,16-25,Interstate,U,Wednesday,Belt Used,PV,Not Fatal,0,1,0,0,State Route,State Patrol,Washington State Patrol Headquarter,1,1,0,0,0,,,,,,0,0,0,,,,,,,,,,,,,,,,,,,,,,,,,,,,,,,,,,,
2017,439,632920,172,10-26-2017,06:57,26,10,Oct,0,61,Snohomish,1120,10,0,3,1,2,1,0,7,3,,,,12,0,6,Angle,0,2,0,3,T Intersection,4,2,4,6,0,0,3,3,20TH ST SE,91ST AVE SE,-122.1089111,47.97799722,98258,0,3,98,Others,66,4,35,4,0,0,1,2,12,1,2,3,1,5,Others,1,1,53,,0,35,47,2008,0,0,8,,,,,,1,1,38,1,0,0,0,0,3,0,11,0,,,,,0,0,0,3,1,0,0,0,0,96,,,,,,0,,,,,,98444,53,68,220,6,1,0,0,0,0,,0,,,,,,0,,,20,0,0,0,8,9,8,,,0,0,0,8,0,8,95,,,96,,,8,95,995,,,,,,,,,,,,,,,,,,,,,,,,,,,,,,0,0,0,0,0,0,0,0,0,0,0,0,0,0,0,0,0,0,0,0,0,0,0,0,0,0,0,0,0,1,0,1,0,0,0,,0,0,0,0,0,0,0,0,0,0,0,0,0,0,0,0,,,,,,36-40,36-45,City street,U,Monday,Belt Used,PV,Not Fatal,0,0,0,0,City Street,Municipal/City Police,Tukwila Police Department,0,0,0,1,0,,,,,,0,0,0,,,,,,,,,,,,,,,,,,,,,,,,,,,,,,,,,,,
2017,439,632919,172,10-26-2017,06:57,26,10,Oct,0,61,Snohomish,1120,10,0,3,1,2,1,0,7,3,,,,12,0,6,Angle,0,2,0,3,T Intersection,4,2,4,6,0,0,3,3,20TH ST SE,91ST AVE SE,-122.1089111,47.97799722,98258,0,2,69,Initial Opposite Direction(Going Straight),60,4,35,34,0,0,1,2,12,1,2,4,1,1,Going Straight,3,2,53,,0,37,703,2012,0,0,12,,,,,,1,1,25,1,1,98,4,0,19,0,11,4,03/24/2018,19:04,1.96E+11,14391,0,0,0,2,1,0,0,0,0,96,,,,,,0,,,,,,98178,53,70,150,6,1,0,1,0,1,,0,,,,,,0,04-15-2014,08-15-2016,20,8,0,0,0,9,8,,,0,0,0,8,0,2,1,,,1,,,2,1,0,,,,,,,,,,,,,,,,,,,,,,,,,,,,,,0,0,0,1,0,0,0,0,0,0,0,0,0,0,1,0,0,0,1,0,0,0,0,1,1,0,0,0,1,1,0,0,0,0,1,0,0,0,0,0,0,0,0,0,0,0,0,0,0,0,0,0,,,,,,21-25,16-25,County road,U,Saturday,,MC,Hispanic,1,0,0,0,County Road,County Sheriff,King County Police,0,0,1,0,0,,,,,,0,0,1,,,,,,,,,,,,,,,,,,,,,,,,,,,,,,,,,,,
2017,439,632918,172,10-26-2017,06:57,26,10,Oct,0,61,Snohomish,1120,10,0,3,1,2,1,0,7,3,,,,12,0,6,Angle,0,2,0,3,T Intersection,4,2,4,6,0,0,3,3,20TH ST SE,91ST AVE SE,-122.1089111,47.97799722,98258,0,1,68,Initial Opposite Direction(Left/Right),15,2,35,2,0,0,1,2,12,1,2,4,1,11,Turning Red: Permitted on red,3,1,53,,0,7,41,1997,0,0,12,,,,,,1,1,63,2,0,0,0,0,3,0,11,0,,,,,0,0,3,3,1,38,0,0,0,96,,,,,,0,,,,,,98031,53,63,140,6,1,0,0,0,0,,97,,,,,,0,,,20,0,0,0,8,9,2,,,0,0,0,0,0,8,95,,,96,,,8,95,995,,,,,,,,,,,,,,,,,,,,,,,,,,,,,,0,0,0,1,0,0,0,0,0,0,0,0,0,0,1,0,0,0,1,0,0,0,0,1,1,0,0,0,1,1,0,0,0,0,0,,0,0,0,0,0,0,0,0,0,0,1,0,0,0,0,0,,,,,,61-65,56-65,County road,U,Saturday,Belt Used,PV,Not Fatal,1,0,0,0,County Road,County Sheriff,King County Police,0,0,1,0,0,,,,,,0,0,0,,,,,,,,,,,,,,,,,,,,,,,,,,,,,,,,,,,
2021,440,636036,4,10-28-2021,14:25,28,10,Oct,,75,Whitman,0,10,,1,1,2,1,0,4,4,,,,12,0,8,Other,2.8,1,0,1,No intersection,2,2,1,2,0,0,0,0,US-195,,-117.0782083,46.50061389,99179,0,1,64,Others,10,2,60,66,1,0,2,2,12,2,1,2,1,14,Making a U turn,1,3,16,,0,20,2,2002,0,0,8,,,,,,1,1,33,1,0,0,0,0,99,0,11,0,,,,,0,0,3,3,1,0,0,0,0,96,,,,,,99,,,,,,98030,53,70,215,6,1,1,0,0,1,,7,,,,,,0,04-15-2013,12-15-2015,20,0,0,0,8,9,8,,,0,0,0,8,9,8,95,,,96,,,8,95,995,,,,,,,,,,,,,,,,,,,,,,,,,,,,,,0,0,0,0,0,0,0,0,0,0,0,0,0,0,0,0,0,0,0,0,0,0,0,0,0,0,0,0,0,1,0,1,0,0,0,,0,0,0,0,0,0,0,0,0,0,0,0,0,0,0,0,,,,,,31-35,26-35,State route,R,Thursday,Unknown,PV,Not Fatal,0,0,0,0,State Route,State Patrol,Washington State Patrol Headquarter,0,1,0,0,0,,,,,,0,1,0,,,,,,,,,,,,,,,,,,,,,,,,,,,,,,,,,,,
2018,440,633725,7,11-24-2018,14:29,24,11,Nov,8,33,King,735,1,0,1,1,1,1,0,2,1,14:38,14:50,15:40,52,0,0,No vehicle,141.7,1,0,1,No intersection,1,2,1,1,0,0,0,0,I-5,,-122.3084556,47.28485556,98354,0,1,6,Drive off road,12,2,60,14,0,0,1,7,52,1,1,5,3,1,Going Straight,2,1,41,,0,63,38,2010,0,0,63,30,,,,,1,1,32,2,0,0,2,0,3,0,11,5,,,,,0,0,3,3,1,87,0,0,0,96,,,,,,0,,,,,,98290,53,66,160,6,1,0,0,0,0,,97,,,,,,4,,,20,0,0,0,8,9,8,,,0,0,0,8,0,8,95,,,96,,,8,95,995,,,,,,,,,,,,,,,,,,,,,,,,,,,,,,0,0,0,0,0,0,0,0,0,0,0,0,1,0,0,0,0,0,0,0,0,0,0,0,0,0,0,0,0,1,0,0,0,0,0,,0,0,0,0,0,0,0,0,0,1,0,0,0,0,0,0,,,,,,31-35,26-35,County road,R,Saturday,Belt Used,PV,Not Fatal,0,1,0,0,County Road,County Sheriff,Snohomish County Sheriff's Office,1,0,1,0,0,,,,,,0,0,0,,,,,,,,,,,,,,,,,,,,,,,,,,,,,,,,,,,
2021,440,636039,4,10-28-2021,14:25,28,10,Oct,,75,Whitman,0,10,,1,1,2,1,0,4,4,,,,12,0,8,Other,2.8,1,0,1,No intersection,2,2,1,2,0,0,0,0,US-195,,-117.0782083,46.50061389,99179,0,4,98,Others,62,4,60,67,1,0,1,2,12,3,1,2,1,14,Making a U turn,1,1,53,,0,49,482,2014,0,0,63,42,,,,,1,1,61,1,7,1,4,7,20,0,11,0,03/25/2018,13:15,1.36E+11,14201,0,0,3,3,1,0,0,0,0,96,,,,,,99,,,,,,98272,53,70,210,6,1,0,1,0,1,,0,,,,,,0,07-15-2014,02-15-2015,8,0,0,0,0,9,8,,,0,0,0,8,9,2,605,695,,1,1,,2,1,0,,,,,,,,,,,,,,,,,,,,,,,,,,,,,,0,0,1,0,0,0,1,1,1,0,0,0,0,0,0,0,0,0,0,1,0,0,0,0,0,0,0,0,0,1,0,0,0,1,0,,1,0,0,0,0,0,1,1,0,0,0,0,0,0,1,0,,,,,,61-65,56-65,County road,R,Sunday,Not Used,PV,White,0,1,0,0,County Road,County Sheriff,Snohomish County Sheriff's Office,1,0,1,0,0,thc,888,carboxy-thc,6.1,,0,0,0,,,,,,,,,,,,,,,,,,,,,,,,,,,,,,,,,,,
2021,440,636038,4,10-28-2021,14:25,28,10,Oct,,75,Whitman,0,10,,1,1,2,1,0,4,4,,,,12,0,8,Other,2.8,1,0,1,No intersection,2,2,1,2,0,0,0,0,US-195,,-117.0782083,46.50061389,99179,0,3,98,Others,62,4,60,34,0,0,1,2,12,2,1,2,1,14,Making a U turn,1,3,53,,0,55,35,2013,0,0,12,,,,,,1,1,56,1,0,0,1,0,3,0,11,0,,,,,0,0,3,3,1,0,0,0,0,96,,,,,,0,,,,,,98312,53,72,190,6,1,0,0,0,2,,0,,,,,,0,03-15-2014,07-15-2017,1,0,0,0,8,9,2,,,0,0,0,0,0,0,0,,,0,,,0,0,996,,,,,,,,,,,,,,,,,,,,,,,,,,,,,,0,0,0,0,0,0,0,0,0,0,0,0,0,0,0,0,0,0,0,1,0,0,0,0,0,1,0,0,0,1,1,0,0,0,0,,0,0,0,0,0,0,0,0,0,0,0,0,0,0,0,0,,,,,,56-60,56-65,State route,R,Tuesday,Belt Used,PV,Not Fatal,0,0,0,1,State Route,State Patrol,Washington State Patrol Headquarter,0,1,0,0,0,,,,,,0,0,0,,,,,,,,,,,,,,,,,,,,,,,,,,,,,,,,,,,
2021,440,636037,4,10-28-2021,14:25,28,10,Oct,,75,Whitman,0,10,,1,1,2,1,0,4,4,,,,12,0,8,Other,2.8,1,0,1,No intersection,2,2,1,2,0,0,0,0,US-195,,-117.0782083,46.50061389,99179,0,2,65,Others,62,4,60,34,0,0,1,2,12,3,1,2,1,14,Making a U turn,1,0,53,,0,82,881,2016,0,0,12,,,,,,1,1,32,1,0,0,2,0,3,0,11,0,,,,,6,1,1,3,1,0,0,0,0,96,,,,,,0,,,,,,98391,53,72,300,6,1,0,0,0,0,,0,,,,,,0,,,20,0,0,0,8,9,2,,,0,0,0,0,0,0,0,,,0,,,0,0,996,,,,,,,,,,,,,,,,,,,,,,,,,,,,,,0,0,0,0,0,0,0,0,0,0,0,0,0,0,0,0,0,0,0,1,0,0,0,0,0,1,0,0,0,1,1,0,0,0,0,,0,0,0,0,0,0,0,0,0,0,0,0,0,0,0,0,,,,,,31-35,26-35,State route,R,Tuesday,,MHTRUCK,Not Fatal,0,0,0,1,State Route,State Patrol,Washington State Patrol Headquarter,0,1,0,0,0,,,,,,0,0,0,,,,,,,,,,,,,,,,,,,,,,,,,,,,,,,,,,,
2020,440,635204,1,11-07-2020,01:56,7,11,Nov,,21,Franklin,1660,1,,3,1,2,1,0,3,2,01:56,02:02,02:30,12,0,2,Front-to-Front,13.2,1,0,1,No intersection,1,2,1,1,0,0,0,0,I-182,,-119.1062389,46.24846667,99301,0,2,52,Others,54,3,60,4,0,0,1,2,12,1,1,2,3,1,Going Straight,1,1,53,,0,20,461,2008,0,0,68,12,12,,,,1,1,65,1,7,1,4,7,20,0,11,0,03/13/2018,06:36,53011787,11787,0,0,3,3,1,28,0,0,0,96,,,,,,99,,,,,,98362,53,72,220,6,1,0,0,0,0,,0,,,,,,0,,,1,0,0,0,0,9,8,,,0,0,0,8,9,2,1,,,1,,,2,1,0,,,,,,,,,,,,,,,,,,,,,,,,,,,,,,0,0,0,0,0,0,0,0,0,0,0,0,0,0,0,0,0,0,0,1,0,0,0,0,0,1,0,0,0,1,1,0,0,1,0,,1,0,0,0,0,0,0,0,0,0,0,0,0,0,0,0,,,,,,61-65,56-65,State route,R,Tuesday,Not Used,PV,White,0,0,0,1,State Route,State Patrol,Washington State Patrol Headquarter,0,1,0,0,0,,,,,,0,0,0,,,,,,,,,,,,,,,,,,,,,,,,,,,,,,,,,,,
2020,440,635203,1,11-07-2020,01:56,7,11,Nov,,21,Franklin,1660,1,,3,1,2,1,0,3,2,01:56,02:02,02:30,12,0,2,Front-to-Front,13.2,1,0,1,No intersection,1,2,1,1,0,0,0,0,I-182,,-119.1062389,46.24846667,99301,0,1,52,Others,54,3,60,34,0,0,1,2,12,1,1,2,3,1,Going Straight,2,3,53,,0,12,481,2013,0,0,8,,,,,,1,1,43,1,0,0,0,0,3,0,11,0,,,,,0,0,0,3,1,0,0,0,0,96,,,,,,99,,,,,,98665,53,73,280,6,1,0,0,0,0,,0,,,,,,0,,,20,0,0,0,8,9,8,,,0,0,0,8,9,2,1,,,1,,,2,1,0,,,,,,,,,,,,,,,,,,,,,,,,,,,,,,0,0,0,0,0,0,0,0,0,1,0,1,0,0,0,0,0,1,0,0,0,0,0,0,0,0,0,0,0,1,0,1,0,0,0,,0,0,0,0,0,0,0,0,0,0,0,0,0,0,0,0,,,,,,41-45,36-45,County road,U,Friday,Belt Used,PV,Not Fatal,0,0,0,0,County Road,County Sheriff,Clark County Sheriff's Office,0,0,1,0,0,,,,,,0,0,0,,,,,,,,,,,,,,,,,,,,,,,,,,,,,,,,,,,
2019,440,634507,2,12-13-2019,22:09,13,12,Dec,,73,Whatcom,110,2,0,2,2,2,2,0,5,2,,,,12,0,1,Front-to-Rear,255,1,0,1,No intersection,1,2,1,1,0,0,0,0,I-5,,-122.4653333,48.77351111,98226,0,1,24,Others,51,3,60,4,0,0,1,7,2,1,2,2,3,1,Going Straight,2,2,53,,0,41,471,1989,0,0,12,,,,,,1,1,38,1,7,1,4,7,3,0,11,0,03/22/2018,23:40,1.26E+11,14374,0,0,0,3,1,0,0,0,0,96,,,,,,0,,,,,,98580,53,74,275,6,1,0,1,0,0,,0,,,,,,0,01-15-2015,12-15-2017,20,0,0,0,0,9,8,,,0,0,0,8,0,2,151,695,996,1,1,1,2,1,0,,,,,,,,,,,,,,,,,,,,,,,,,,,,,,0,0,0,0,0,0,1,1,1,0,0,0,0,1,0,0,0,0,0,1,0,0,0,0,0,0,0,0,0,1,0,0,0,0,0,,1,0,0,0,0,0,1,1,0,0,0,0,0,0,1,0,,,,,,36-40,36-45,State route,U,Thursday,Belt Used,PV,White,0,1,1,0,State Route,State Patrol,Washington State Patrol Headquarter,0,1,0,0,0,,,carboxy-thc,36,,0,0,1,1,,,,,348,,,,,,,,,,,,,,,,,,,,,,,,,,,,,
2017,440,632922,42,10-28-2017,22:17,28,10,Oct,0,67,Thurston,0,1,0,3,1,2,1,0,2,2,,,,12,0,6,Angle,27.5,2,0,3,T Intersection,5,1,2,4,0,0,0,0,CR-148TH AVE SE,SOLBERG RD SE,-122.6237278,46.87232222,,0,2,69,Initial Opposite Direction(Going Straight),62,4,50,80,0,0,1,2,12,1,1,2,1,1,Going Straight,1,1,53,,0,54,35,1998,0,0,64,65,12,,,,1,1,27,2,0,0,0,0,3,0,11,0,,,,,0,0,0,2,1,28,0,0,0,96,,,,,,9,,,,,,98092,53,66,190,1,1,0,0,0,1,,97,,,,,,0,12-15-2017,03-15-2018,20,0,0,0,8,9,2,,,0,0,0,1,9,2,401,417,,1,1,,2,1,0,,,,,,,,,,,,,,,,,,,,,,,,,,,,,,0,0,0,0,0,0,1,1,1,0,0,0,0,1,0,0,0,0,0,1,0,0,0,0,0,0,0,0,0,1,0,0,0,0,0,,0,0,0,0,0,0,1,1,0,0,0,1,0,0,1,0,,,,,,26-30,26-35,State route,U,Thursday,Belt Used,PV,Not Fatal,0,1,1,0,State Route,State Patrol,Washington State Patrol Headquarter,0,1,0,0,0,,,,,,0,0,1,,,,,,,,,,,,,,,,,,,,,,,,,,,,,,,,,,,
2017,440,632921,42,10-28-2017,22:17,28,10,Oct,0,67,Thurston,0,1,0,3,1,2,1,0,2,2,,,,12,0,6,Angle,27.5,2,0,3,T Intersection,5,1,2,4,0,0,0,0,CR-148TH AVE SE,SOLBERG RD SE,-122.6237278,46.87232222,,0,1,68,Initial Opposite Direction(Left/Right),15,2,50,34,0,0,1,2,12,1,1,2,1,11,Turning Red: Permitted on red,1,1,53,,0,35,49,2004,0,0,8,,,,,,1,1,42,2,0,0,0,0,3,0,11,0,,,,,0,0,0,3,1,0,0,0,0,96,,,,,,0,,,,,,98118,53,66,200,6,1,0,0,0,1,,0,,,,,,0,04-15-2016,07-15-2016,20,0,0,0,8,9,8,,,0,0,0,8,0,0,0,,,0,,,0,0,996,,,,,,,,,,,,,,,,,,,,,,,,,,,,,,0,0,0,0,0,0,0,0,0,1,1,1,0,0,0,0,0,0,0,0,0,0,0,0,0,0,0,0,0,1,0,1,0,0,0,,0,0,0,0,0,0,0,0,0,0,0,0,0,0,0,0,,,,,,41-45,36-45,Interstate,U,Thursday,Belt Used,PV,Not Fatal,0,0,0,0,State Route,State Patrol,Washington State Patrol Headquarter,0,1,0,0,0,,,,,,0,0,1,,,,,,,,,,,,,,,,,,,,,,,,,,,,,,,,,,,
2019,440,634508,2,12-13-2019,22:09,13,12,Dec,,73,Whatcom,110,2,0,2,2,2,2,0,5,2,,,,12,0,1,Front-to-Rear,255,1,0,1,No intersection,1,2,1,1,0,0,0,0,I-5,,-122.4653333,48.77351111,98226,0,2,25,Others,53,3,60,5,0,0,1,7,12,1,2,2,3,1,Going Straight,3,1,95,,0,37,32,1995,0,0,12,,,,,,1,1,82,1,7,4,4,7,3,0,11,0,03/22/2018,11:55,1.03E+11,13634,0,0,0,3,1,0,0,0,0,96,,,,,,0,,,,,,98032,53,66,190,6,1,0,0,0,0,,0,,,,,,0,,,8,0,0,0,0,9,8,,,0,0,0,8,0,2,1,,,1,,,2,1,0,,,,,,,,,,,,,,,,,,,,,,,,,,,,,,0,0,0,1,0,0,0,0,0,0,0,0,1,0,0,0,0,0,0,0,0,0,0,0,0,1,1,1,0,1,0,0,0,0,0,,1,0,0,0,0,0,0,0,0,0,0,0,0,0,0,0,,,,,,81+,76+,State route,U,Thursday,Belt Used,PV,API,1,0,0,0,State Route,Municipal/City Police,Kent Police Department,0,1,0,0,0,,,,,,0,0,0,,,,,,,,,,,,,,,,,,,,,,,,,,,,,,,,,,,
2017,441,632889,278,10-09-2017,19:25,9,10,Oct,7,63,Spokane,2110,1,0,3,1,2,1,1,1,1,,,,8,0,0,No vehicle,0,3,0,2,4 Way,3,2,4,6,0,0,0,0,FRANCIS AVE,CINCINNATI ST,-117.3980194,47.71507222,99217,0,1,13,Pedestrian/Animal,80,5,30,4,0,0,1,5,8,1,1,5,1,1,Going Straight,1,2,18,,0,7,402,2002,0,0,12,1,,,,,1,1,70,2,0,0,1,0,99,0,11,8,,,,,0,0,3,3,1,39,0,0,0,96,,,,,,0,,,,,,98003,53,61,105,6,1,0,0,1,0,,97,,,,,,4,12-15-2013,12-15-2013,1,0,0,0,8,9,8,,,0,0,0,8,0,2,1,,,1,,,2,1,0,,,,,,,,,,,,,,,,,,,,,,,,,,,,,,0,0,0,1,0,0,0,0,0,0,0,0,1,0,0,0,0,0,0,0,0,0,0,0,0,1,1,1,0,1,0,0,0,0,0,,0,0,0,0,0,0,0,0,0,1,0,0,0,0,0,0,,,,,,66-70,66-75,State route,U,Thursday,Unknown,PV,Not Fatal,1,0,0,0,State Route,Municipal/City Police,Kent Police Department,0,1,0,0,0,,,,,,0,0,0,,,,,,,,,,,,,,,,,,,,,,,,,,,,,,,,,,,
2021,441,636041,290,11-01-2021,22:19,1,11,Nov,,53,Pierce,2230,2,,3,0,0,1,0,2,2,,,,12,0,6,Angle,,8,0,1,No intersection,3,2,4,6,0,3,0,0,E PORTLAND AVE,,-122.4076833,47.216125,98443,0,2,82,Turn Into Opp Direction(Turning Left),66,4,0,4,0,0,1,2,12,0,0,0,0,11,Turning Red: Permitted on red,1,1,53,,0,12,880,2014,0,0,63,35,38,42,1,,1,1,22,1,7,1,4,7,20,0,11,0,03/17/2018,02:42,98053012706,12706,6,0,3,3,1,0,0,0,0,96,,,,,,99,,,,,,98027,53,73,185,6,1,0,4,1,1,,0,,,,,,4,06-15-2014,10-15-2017,8,1,9,0,0,5,8,,,0,0,0,8,1,2,402,407,996,1,1,1,2,1,0.21,,,,,,,,,,,,,,,,,,,,,,,,,,,,,,0,0,1,0,1,1,1,1,0,0,0,0,1,0,0,0,0,0,0,0,0,0,0,1,1,0,0,0,0,0,1,0,0,0,0,,0,1,0,0,0,1,1,1,0,1,0,0,0,0,0,1,,,,,,21-25,16-25,County road,R,Saturday,Not Used,MHTRUCK,White,0,1,0,0,County Road,County Sheriff,King County Police,1,0,1,0,0,,,,,,0,0,0,1,,,,,996,,,,,,,,,,,,,,,,,,,,,,,,,,,,,