year,something,Cases,repjur,crash_dt,crash_tm,accday,Month,Month,holiday,county,co_char,city,weather,weather2,lightcond,surfcond,surftype,Number of Fatalities,nmforms,pforms,vforms,not_tm,arr_tm,hosp_tm,fhevent,hitrun,Manner of Collision,Manner of Collision,milepnt,reljunc,reljuncinter,intersectiontype,Intersection Type,funcsystem,landuse,ownership,route,schlbus,spejur,contdev,devfunc,trafid1,trafid2,x,y,zipcode,wk_zone,vnumber,crashtype,Crash Type,criticalevent,criticaleventcat,spdlim,body,trailer,emerg,hazcargo,leave,mhevent,roadalgn,roadprof,traflane,trafflow,Vehicle Manure,Vehicle Manure,numoccs,regowner,regstate,,spuse,make,model,modelyr,vrf1,vrf2,seqevent1,seqevent2,seqevent3,seqevent4,seqevent5,seqevent6,pnumber,ptype,age,sex,hispanic,race,injury,diedscene,restraint,restraintmisuse,seatpos,takehosp,death_dt,death_tm,cert,cernum_wa,commlic,licendor,licrestrict,liccomp,drivpres,drf1,drf2,drf3,drf4,distract1,distract2,distract3,distract4,distract5,distract6,dricond1,dricond2,dricond3,dricond4,dricond5,dricond6,dzip,licstate,drhgt_in,weight,noncdl,noncdltype,prevdwi,prevoth,prevacc,prevspd,prevsus,driviol1,driviol2,driviol3,driviol4,driviol5,driviol6,spdrel,first_dt,last_dt,airbag,ejection,ejectpath,extricat,injurwrk,methalc,methdrug,nmlocat,strikveh,prf1,prf2,prf3,druginv,alcinvol,drugsts,drugres1,drugres2,drugres3,drugtst1,drugtst2,drugtst3,alcsts,alctst,alcres,nmact1,nmact2,nmact3,nmact4,nmact5,nmact6,nmprior1,nmprior2,nmprior3,nmprior4,nmprior5,nmprior6,nmcond1,nmcond2,nmcond3,nmcond4,nmcond5,nmcond6,nmsafe_helmet,nmsafe_pads,nmsafe_oth,nmprev_ref,nmprev_lgt,nmprev_oth,crashlocation,nmcrashtype,crosswalk,schoolzone,sidewalk,train_inv,wildlife_inv,rotr_fars,intersect_fars,Drink and Drive,aid_inv,Drug Positive Drivers,Impaired Drivers,Marijuana Positive,impnm_inv,ainm_inv,dpnm_inv,speed_inv,unlic_inv,unendmc_inv,drowsy_inv,drdist_inv,nmdist_inv,fty_inv,unrestfat_inv,dr1617_inv,dr1820_inv,dr1620_inv,dr2125_inv,dr1625_inv,dr65_inv,dr70_inv,dr75_inv,mc_inv,pv_inv,ht_inv,ped_inv,bike_inv,unrest_fat,mc_fat,unhelmet_mc,pv_fat,ht_fat,ped_fat,bike_fat,dr_alc7,dr_alc8,dr_drug,dr_imp,dr_dist,dr_spd,dr_fty,dr_unlic,dr_alc7only,dr_alc8only,dr_drugonly,dr_drink,nm_imp,nm_alc7,nm_alc8,nm_drug,nm_dist,agegrp1,agegrp2,roadclass,urbrur,dayweek,restuse,vehtype,race_me,intersect,lanedep,oppdir,wrongway,rep_typ,investag,repag_long,rotr,st_rd,cty_rd,city_rd,oth_rd,drug_thc,thc_res,drug_cthc,cthc_res,drug_cann,prevpersemin,prevperse,prevsusoth,drugtst4,drugtst5,drugtst6,drugtst7,drugtst8,drugres4,drugres5,drugres6,drugres7,drugres8,adspresent,adsengaged,adslevel,race1,race2,race3,race4,race5,helmet,helmetmisuse,nmdistract1,nmdistract2,nmdistract3,nmdistract4,nmdistract5,nmdistract6,lab,isedtcase,crf1,crf2,crf3,CoRoadName,CoMP,IntCoRoadName,IntCoMP
2021,441,636040,290,11-01-2021,22:19,1,11,Nov,,53,Pierce,2230,2,,3,2,2,1,0,2,2,,,,12,1,6,Angle,,8,0,1,No intersection,3,2,4,6,0,3,0,0,E PORTLAND AVE,,-122.4076833,47.216125,98443,0,1,83,Others,72,4,35,34,0,0,1,2,12,1,2,4,1,1,Going Straight,99,9,53,,0,20,29,2015,0,0,64,24,1,,,,1,1,49,2,7,1,4,0,3,0,11,5,03/19/2018,23:55,69053014071,14071,0,0,3,3,1,0,0,0,0,96,,,,,,0,,,,,,98116,53,67,200,6,1,0,0,0,0,,0,,,,,,0,,,8,0,0,0,0,9,8,,,0,0,0,8,0,2,996,996,996,1,1,1,2,1,0,,,,,,,,,,,,,,,,,,,,,,,,,,,,,,0,0,1,0,0,0,1,1,0,0,0,0,0,0,0,0,0,0,0,0,0,0,0,0,0,0,0,0,0,1,0,0,0,0,0,,1,0,0,0,0,0,1,1,0,0,0,0,0,0,1,0,,,,,,46-50,46-55,Interstate,U,Saturday,Belt Used,PV,White,0,1,0,0,State Route,State Patrol,Washington State Patrol Headquarter,1,1,0,0,0,,,,,,0,0,0,,,,,,,,,,,,,,,,,,,,,,,,,,,,,,,,,,,
2020,441,635205,127,11-08-2020,17:26,8,11,Nov,,33,King,735,1,,3,1,2,1,1,2,2,17:29,17:33,,8,0,0,No vehicle,6.8,1,0,1,No intersection,3,2,1,3,0,0,0,0,SR-99,,-122.3132639,47.32298333,98003,0,1,13,Pedestrian/Animal,80,5,40,14,0,0,1,5,8,1,1,4,2,1,Going Straight,1,1,53,,0,54,31,1995,0,0,63,42,,,,,1,1,37,1,7,1,4,7,3,0,11,0,03/17/2018,19:42,53012685,12685,0,0,3,3,1,0,0,0,0,96,,,,,,99,,,,,,98272,53,69,175,6,1,0,0,0,1,,0,,,,,,3,11-15-2013,11-15-2013,20,0,0,0,0,9,8,,,0,0,0,8,9,2,1,,,1,,,2,1,0,,,,,,,,,,,,,,,,,,,,,,,,,,,,,,0,0,0,0,0,0,0,0,0,0,0,0,1,0,0,0,0,0,0,0,0,0,0,0,0,0,0,0,0,1,0,0,0,0,0,,1,0,0,0,0,0,0,0,0,1,0,0,0,0,0,0,,,,,,36-40,36-45,County road,R,Saturday,Belt Used,PV,White,0,1,0,0,County Road,County Sheriff,Snohomish County Sheriff's Office,1,0,1,0,0,,,,,,0,0,0,,,,,,,,,,,,,,,,,,,,,,,,,,,,,,,,,,,
2019,441,634510,47,12-12-2019,20:45,12,12,Dec,,27,Grays Harbor,10,2,0,3,2,2,1,0,1,1,,,,39,0,0,No vehicle,0,3,0,3,T Intersection,7,2,4,6,0,0,0,0,N B ST   ROBERT GRAY ELEMENTAR,3RD AVE,-123.8142444,46.98606944,98520,0,1,14,Others,14,2,25,4,0,0,1,7,39,1,2,2,1,1,Going Straight,1,1,53,,0,49,471,1989,0,0,12,,,,,,1,1,21,1,0,0,3,0,3,0,11,5,,,,,0,0,0,3,1,0,0,0,0,92,,,,,,99,,,,,,98576,53,74,200,6,1,0,1,0,2,,0,,,,,,0,01-15-2015,01-15-2018,20,0,0,0,8,9,8,,,0,0,0,8,9,8,95,,,96,,,8,95,995,,,,,,,,,,,,,,,,,,,,,,,,,,,,,,0,0,0,0,1,0,1,1,0,0,0,0,0,0,0,0,1,0,0,0,0,0,0,1,1,0,0,0,0,1,0,0,0,0,0,,0,0,0,0,0,0,0,0,1,0,0,0,0,0,0,0,,,,,,21-25,16-25,County road,R,Monday,Belt Used,PV,Not Fatal,0,1,1,0,County Road,County Sheriff,Thurston County Sheriff's Office,0,0,1,0,0,,,,,,0,0,0,,,,,,,,,,,,,,,,,,,,,,,,,,,,,,,,,,,
2018,441,633726,6,11-21-2018,20:29,21,11,Nov,8,47,Okanogan,0,1,0,2,4,2,1,0,1,1,,,,42,0,0,No vehicle,58.7,1,0,1,No intersection,4,1,1,3,0,3,0,0,SR-155,,-119.1529694,48.31538333,99124,0,1,7,Control/Traction Loss,6,1,60,34,0,0,1,7,1,2,2,2,1,6,Others,1,3,53,,0,51,47,2006,0,0,68,12,,,,,1,1,29,2,7,1,4,7,3,0,11,0,03/19/2018,16:55,53013064,13064,0,0,0,3,1,28,0,0,0,92,,,,,,99,,,,,,98576,53,62,135,6,1,0,1,3,0,,0,,,,,,0,07-15-2013,12-15-2013,8,0,0,0,0,9,8,,,0,0,0,8,9,2,401,417,,1,1,,2,1,0.066,,,,,,,,,,,,,,,,,,,,,,,,,,,,,,0,0,0,0,1,0,1,1,0,0,0,0,0,0,0,0,1,0,0,0,0,0,0,1,1,0,0,0,0,1,0,0,0,0,0,,1,0,0,0,1,0,1,1,1,0,0,0,0,0,0,1,,,,,,26-30,26-35,County road,R,Monday,Belt Used,PV,White,0,1,1,0,County Road,County Sheriff,Thurston County Sheriff's Office,0,0,1,0,0,,,,,,0,0,0,,,,,,,,,,,,,,,,,,,,,,,,,,,,,,,,,,,
2020,441,635206,127,11-08-2020,17:26,8,11,Nov,,33,King,735,1,,3,1,2,1,1,2,2,17:29,17:33,,8,1,0,No vehicle,6.8,1,0,1,No intersection,3,2,1,3,0,0,0,0,SR-99,,-122.3132639,47.32298333,98003,0,2,98,Others,80,5,40,99,0,0,1,5,8,1,1,4,2,1,Going Straight,99,9,99,,3,92,988,2006,0,0,8,,,,,,1,1,66,1,0,0,0,0,3,0,11,0,,,,,6,1,3,3,1,0,0,0,0,96,,,,,,0,,,,,,98258,53,70,179,6,1,0,0,0,0,,0,,,,,,0,,,20,0,0,0,8,9,8,,,0,0,0,8,0,2,1,,,1,,,2,1,0.25,,,,,,,,,,,,,,,,,,,,,,,,,,,,,,0,0,0,0,1,1,0,1,0,1,1,1,0,0,0,0,0,0,0,0,0,0,0,0,0,1,0,0,0,0,0,1,0,0,0,,0,0,0,0,0,1,0,1,0,0,0,0,0,1,0,1,,,,,,66-70,66-75,City street,U,Friday,,BUS,Not Fatal,0,0,0,0,City Street,Municipal/City Police,Everett Police Department,0,0,0,1,0,,,,,,0,0,0,,,,,,,,,,,,,,,,,,,,,,,,,,,,,,,,,,,
2021,442,635566,278,05-12-2021,16:24,12,5,May,,63,Spokane,2110,1,,1,1,2,1,1,1,1,,,,8,0,0,No vehicle,0,3,0,2,4 Way,3,2,4,6,0,0,3,3,N STEVENS ST,W Riverside Ave,-117.41945,47.65794722,99201,0,1,13,Pedestrian/Animal,80,5,30,34,0,0,1,5,8,1,1,4,4,11,Turning Red: Permitted on red,1,1,53,,0,20,16,2005,0,0,63,69,68,64,1,42,1,1,75,1,7,1,4,7,20,0,11,0,03-10-2018,16:37,53011742,11742,0,0,0,0,1,0,0,0,0,96,,,,,,99,,,,,,98282,53,70,195,0,0,0,0,0,0,,0,,,,,,4,,,20,2,9,0,0,9,8,,,0,0,0,8,0,2,1,,,1,,,2,1,0,,,,,,,,,,,,,,,,,,,,,,,,,,,,,,0,0,0,0,0,0,0,0,0,0,0,0,1,1,0,0,0,0,0,1,0,0,0,0,0,1,1,1,0,1,0,0,0,1,0,,1,0,0,0,0,0,0,0,0,1,0,1,0,0,0,0,,,,,,71-75,66-75,State route,U,Saturday,Not Used,PV,White,0,1,0,0,State Route,State Patrol,Washington State Patrol Headquarter,1,1,0,0,0,,,,,,0,0,0,,,,,,,,,,,,,,,,,,,,,,,,,,,,,,,,,,,
2020,442,635207,2,11-12-2020,17:25,12,11,Nov,,57,Skagit,0,10,,2,1,2,1,1,1,2,17:23,17:44,18:06,12,0,1,Front-to-Rear,221.5,1,0,1,No intersection,1,1,1,1,0,0,0,0,I-5,,-122.3362806,48.34710556,98238,0,1,98,Others,50,3,70,34,0,0,1,2,8,1,1,3,3,1,Going Straight,1,3,53,,0,35,55,2013,0,0,68,64,42,,,,1,1,59,1,7,1,4,7,3,0,11,0,03-11-2018,00:41,53011695,11695,0,0,0,3,1,0,0,0,0,92,,,,,,99,,,,,,98053,53,68,165,6,1,0,1,0,0,,0,,,,,,0,01-15-2015,01-15-2015,8,0,0,0,0,9,8,,,0,0,0,8,9,2,1,,,1,,,2,1,0.23,,,,,,,,,,,,,,,,,,,,,,,,,,,,,,0,0,1,0,1,1,0,1,0,0,0,0,0,0,0,0,1,0,0,0,0,0,0,0,0,0,0,0,0,1,0,0,0,0,0,,1,0,0,0,0,1,0,1,1,0,0,0,0,1,0,1,,,,,,56-60,56-65,County road,U,Sunday,Belt Used,PV,White,0,1,0,0,County Road,County Sheriff,King County Police,1,0,1,0,0,,,,,,0,0,0,,,,,,,,,,,,,,,,,,,,,,,,,,,,,,,,,,,
2019,442,634511,6,12-06-2019,09:40,6,12,Dec,,47,Okanogan,0,10,0,1,2,2,1,0,1,1,,,,1,0,0,No vehicle,50.9,1,0,1,No intersection,4,1,1,3,0,3,0,0,SR-155,,-119.0965056,48.23701389,99124,0,1,1,Driver Off Road,13,2,60,14,0,0,1,2,1,3,2,2,1,14,Making a U turn,1,1,53,,0,20,421,2017,0,0,12,,,,,,1,1,64,1,0,0,0,0,3,0,11,0,,,,,0,0,0,3,1,0,0,0,0,96,,,,,,0,,,,,,98051,53,70,208,6,1,0,0,2,0,,0,,,,,,0,04-15-2015,09-15-2015,20,0,0,0,8,9,8,,,0,0,0,8,0,8,95,,,96,,,8,95,995,,,,,,,,,,,,,,,,,,,,,,,,,,,,,,0,0,0,0,0,0,0,0,0,0,0,0,0,0,0,0,0,0,0,0,0,0,0,0,0,0,0,0,0,1,1,0,0,0,0,,0,0,0,0,0,0,0,0,0,0,0,0,0,0,0,0,,,,,,61-65,56-65,County road,R,Sunday,Belt Used,PV,Not Fatal,0,1,1,0,County Road,County Sheriff,King County Police,0,0,1,0,0,,,,,,0,0,0,,,,,,,,,,,,,,,,,,,,,,,,,,,,,,,,,,,
2018,442,633728,14,12-03-2018,09:01,3,12,Dec,0,11,Clark,0,1,0,1,4,2,1,0,1,1,,,,17,0,0,No vehicle,1.6,1,0,1,No intersection,6,1,2,4,0,0,0,0,CR-NE KELLY RD,,-122.4716861,45.87565556,98675,0,1,7,Control/Traction Loss,6,1,98,34,0,0,1,5,1,1,2,2,1,1,Going Straight,1,2,53,,0,6,52,2005,0,0,60,54,,,,,1,1,35,1,0,0,3,0,3,0,11,5,,,,,0,0,0,3,1,0,0,0,0,96,,,,,,0,,,,,,98092,53,70,190,6,1,0,8,1,2,,0,,,,,,0,08-15-2014,10-15-2017,8,0,0,0,8,9,8,,,0,0,0,8,0,8,95,,,96,,,8,95,995,,,,,,,,,,,,,,,,,,,,,,,,,,,,,,0,0,0,0,0,0,0,0,0,0,0,0,0,0,0,0,0,0,0,0,0,0,0,0,0,0,0,0,0,1,1,0,0,0,0,,0,0,0,0,0,0,0,0,0,0,0,0,0,0,0,0,,,,,,31-35,26-35,County road,R,Sunday,Belt Used,PV,Not Fatal,0,1,1,0,County Road,County Sheriff,King County Police,0,0,1,0,0,,,,,,0,0,0,,,,,,,,,,,,,,,,,,,,,,,,,,,,,,,,,,,
2017,442,632927,35,10-28-2017,18:42,28,10,Oct,0,53,Pierce,0,5,0,3,1,2,1,0,3,2,,,,12,0,8,Other,2,2,0,2,4 Way,4,1,2,4,0,0,0,0,CR-304TH ST E,WEBSTER RD E,-122.3155806,46.98018056,98338,0,2,68,Initial Opposite Direction(Left/Right),54,3,45,14,0,0,1,5,12,1,3,2,1,11,Turning Red: Permitted on red,2,1,53,,0,98,890,1986,0,0,68,12,1,54,,,1,1,53,1,0,0,2,0,2,0,11,0,,,,,6,1,1,3,1,0,0,0,0,96,,,,,,0,,,,,,98042,53,70,230,6,1,0,3,0,0,,97,,,,,,0,03-15-2014,04-15-2016,20,0,0,0,8,9,8,,,0,0,0,8,0,8,95,,,96,,,8,95,995,,,,,,,,,,,,,,,,,,,,,,,,,,,,,,0,0,0,0,0,0,0,0,0,0,0,0,0,0,0,0,0,0,0,0,0,0,0,0,0,0,0,0,0,1,1,0,0,0,0,,0,0,0,0,0,0,0,0,0,0,0,0,0,0,0,0,,,,,,51-55,46-55,County road,R,Sunday,,MHTRUCK,Not Fatal,0,1,1,0,County Road,County Sheriff,King County Police,0,0,1,0,0,,,,,,0,0,0,,,,,,,,,,,,,,,,,,,,,,,,,,,,,,,,,,,
2017,442,632926,35,10-28-2017,18:42,28,10,Oct,0,53,Pierce,0,5,0,3,1,2,1,0,3,2,,,,12,0,8,Other,2,2,0,2,4 Way,4,1,2,4,0,0,0,0,CR-304TH ST E,WEBSTER RD E,-122.3155806,46.98018056,98338,0,1,69,Initial Opposite Direction(Going Straight),54,3,45,16,0,0,1,2,1,1,3,2,1,1,Going Straight,1,2,53,,0,63,33,2008,0,0,12,,,,,,1,1,23,1,0,0,3,0,3,0,11,5,,,,,0,0,0,3,1,0,0,0,0,96,,,,,,0,,,,,,98671,53,71,150,6,1,0,0,0,5,,0,,,,,,3,12-15-2013,02-15-2015,1,0,0,0,8,9,8,,,0,0,0,8,0,8,95,,,96,,,8,95,995,,,,,,,,,,,,,,,,,,,,,,,,,,,,,,0,0,0,0,0,0,1,1,1,0,0,0,1,0,0,0,0,0,0,0,0,0,0,1,1,0,0,0,0,1,0,0,0,0,0,,0,0,0,0,0,0,0,0,0,1,0,0,0,0,0,0,,,,,,21-25,16-25,County road,R,Sunday,Belt Used,PV,Not Fatal,0,1,1,0,County Road,County Sheriff,Clark County Sheriff's Office,0,0,1,0,0,,,,,,0,0,1,,,,,,,,,,,,,,,,,,,,,,,,,,,,,,,,,,,
2021,443,635970,2,10-07-2021,10:44,7,10,Oct,,57,Skagit,0,1,,1,1,2,1,0,2,2,,,,12,0,6,Angle,54.7,2,0,3,T Intersection,3,1,1,3,0,0,0,0,SR-20,SR-536,-122.4312556,48.44628611,,0,2,79,Others,67,4,55,34,0,0,1,2,12,2,1,2,3,15,Others,1,2,53,,0,48,34,1993,0,0,68,12,,,,,1,1,21,1,7,1,4,7,3,0,11,0,03-11-2018,20:15,53012895,12895,0,0,3,3,1,28,33,0,0,96,,,,,,99,,,,,,98683,53,71,170,6,1,0,0,0,0,,0,,,,,,3,,,1,0,0,0,0,9,8,,,0,0,0,8,9,2,695,605,,1,1,,2,1,0,,,,,,,,,,,,,,,,,,,,,,,,,,,,,,0,0,0,0,0,0,1,1,1,0,0,0,1,0,0,0,0,0,0,0,0,0,0,1,1,0,0,0,0,1,0,0,0,0,0,,1,0,0,0,0,0,1,1,0,1,0,0,0,0,1,0,,,,,,21-25,16-25,County road,R,Sunday,Belt Used,PV,White,0,1,1,0,County Road,County Sheriff,Clark County Sheriff's Office,0,0,1,0,0,thc,9.6,carboxy-thc,12,,0,0,0,,,,,,,,,,,,,,,,,,,,,,,,,,,,,,,,,,,
2021,443,635969,2,10-07-2021,10:44,7,10,Oct,,57,Skagit,0,1,,1,1,2,1,0,2,2,,,,12,0,6,Angle,54.7,2,0,3,T Intersection,3,1,1,3,0,0,0,0,SR-20,SR-536,-122.4312556,48.44628611,,0,1,78,Others,16,2,55,80,0,0,1,2,12,2,1,2,1,10,Others,1,1,53,,0,7,482,2017,0,0,12,,,,,,1,1,68,1,0,0,0,0,3,0,11,0,,,,,8,0,0,3,1,0,0,0,0,96,,,,,,0,,,,,,98290,53,70,200,6,1,0,0,0,0,,0,,,,,,0,,,20,0,0,0,8,9,8,,,0,0,0,8,0,8,95,,,96,,,8,95,995,,,,,,,,,,,,,,,,,,,,,,,,,,,,,,0,0,0,0,0,0,0,0,0,0,0,0,0,0,1,0,0,0,0,0,1,0,1,0,1,1,0,0,1,1,0,0,0,0,0,,0,0,0,0,0,0,0,0,0,0,0,0,0,0,0,0,,,,,,66-70,66-75,County road,R,Saturday,Belt Used,PV,Not Fatal,0,1,1,0,County Road,County Sheriff,Snohomish County Sheriff's Office,0,0,1,0,0,,,,,,0,0,0,,,,,,,,,,,,,,,,,,,,,,,,,,,,,,,,,,,
2020,443,635209,146,11-12-2020,14:41,12,11,Nov,,77,Yakima,1440,1,,1,1,2,1,0,2,2,14:42,14:58,15:22,12,0,6,Angle,0,2,0,2,4 Way,5,2,4,6,0,0,0,0,E 2ND ST,SINCLAIR AVE,-120.6976917,46.73094167,98937,0,2,69,Initial Opposite Direction(Going Straight),62,4,25,34,0,0,1,5,12,1,1,2,1,1,Going Straight,1,3,53,,0,76,703,1999,0,0,12,,,,,,1,1,17,1,7,1,4,7,17,0,11,0,03-10-2018,15:02,53011591,11591,0,0,3,2,1,51,0,0,0,96,,,,,,0,,,,,,98258,53,70,172,6,2,0,0,0,0,,0,,,,,,0,,,20,8,0,0,0,9,8,,,0,0,0,8,0,2,1,,,1,,,2,1,0,,,,,,,,,,,,,,,,,,,,,,,,,,,,,,0,0,0,0,0,0,0,0,0,0,0,0,0,0,1,0,0,0,0,0,1,0,1,0,1,1,0,0,1,1,0,0,0,0,1,1,0,0,0,0,0,0,0,0,0,0,0,0,0,0,0,0,,,,,,16-17,16-25,County road,R,Saturday,,MC,White,0,1,1,0,County Road,County Sheriff,Snohomish County Sheriff's Office,0,0,1,0,0,,,,,,0,0,0,,,,,,,,,,,,,,,,,,,,,,,,,,,,,,,,,,,
2020,443,635208,146,11-12-2020,14:41,12,11,Nov,,77,Yakima,1440,1,,1,1,2,1,0,2,2,14:42,14:58,15:22,12,0,6,Angle,0,2,0,2,4 Way,5,2,4,6,0,0,0,0,E 2ND ST,SINCLAIR AVE,-120.6976917,46.73094167,98937,0,1,68,Initial Opposite Direction(Left/Right),15,2,25,84,0,0,1,5,12,1,1,2,1,11,Turning Red: Permitted on red,1,1,53,,0,30,40,2004,0,0,12,,,,,,1,1,86,2,7,1,4,7,3,0,11,0,03-06-2018,10:17,2.37E+11,10641,0,0,3,3,1,0,0,0,0,96,,,,,,99,,,,,,98686,53,65,112,6,1,0,0,0,0,,0,,,,,,3,,,1,0,0,0,0,9,8,,,0,0,0,8,9,2,1,,,1,,,2,1,0,,,,,,,,,,,,,,,,,,,,,,,,,,,,,,0,0,0,0,0,0,0,0,0,0,0,0,1,0,0,0,0,0,1,0,1,0,1,0,1,1,1,1,0,1,0,0,0,0,0,,1,0,0,0,0,0,0,0,0,1,0,0,0,0,0,0,,,,,,81+,76+,County road,U,Tuesday,Belt Used,PV,White,0,0,0,0,County Road,County Sheriff,Clark County Sheriff's Office,0,0,1,0,0,,,,,,0,0,0,,,,,,,,,,,,,,,,,,,,,,,,,,,,,,,,,,,
2019,443,634515,2,12-04-2019,21:57,4,12,Dec,,29,Island,0,1,0,3,1,2,1,0,1,1,,,,30,0,0,No vehicle,9999.9,1,0,1,No intersection,5,1,2,4,0,0,0,0,CR-SE CAMANO DR,,-122.4603667,48.14683889,98282,0,1,1,Driver Off Road,13,2,40,6,0,0,1,2,1,3,1,2,1,14,Making a U turn,1,1,53,,0,48,34,1999,0,0,12,,,,,,1,1,17,2,0,0,3,0,3,0,11,5,,,,,0,0,3,3,1,38,0,0,0,96,,,,,,0,,,,,,98665,53,68,135,6,2,0,0,0,0,,97,,,,,,0,,,1,0,0,0,8,9,8,,,0,0,0,8,0,8,95,,,96,,,8,95,995,,,,,,,,,,,,,,,,,,,,,,,,,,,,,,0,0,0,0,0,0,0,0,0,0,0,0,1,0,0,0,0,0,1,0,1,0,1,0,1,1,1,1,0,1,0,0,0,0,0,,0,0,0,0,0,0,0,0,0,0,1,0,0,0,0,0,,,,,,16-17,16-25,County road,U,Tuesday,Belt Used,PV,Not Fatal,0,0,0,0,County Road,County Sheriff,Clark County Sheriff's Office,0,0,1,0,0,,,,,,0,0,0,,,,,,,,,,,,,,,,,,,,,,,,,,,,,,,,,,,
2018,443,633729,31,11-23-2018,23:50,23,11,Nov,8,45,Mason,0,5,0,2,1,7,1,0,2,1,23:54,00:09,00:42,30,0,0,No vehicle,4.5,1,0,1,No intersection,5,1,2,4,0,0,0,0,CR-SE LYNCH RD,,-123.0206528,47.15991667,98584,0,1,2,Control/Traction Loss,6,1,35,3,0,0,1,7,30,3,2,2,1,14,Making a U turn,2,1,53,,0,37,32,2000,0,0,12,,,,,,1,1,56,1,0,0,1,0,99,0,11,0,,,,,0,0,0,3,1,0,0,0,0,0,,,,,,0,,,,,,98354,53,77,230,6,1,0,0,0,1,,0,,,,,,0,05-15-2015,05-15-2015,20,0,0,0,8,9,8,,,0,0,0,8,0,8,95,,,96,,,8,95,995,,,,,,,,,,,,,,,,,,,,,,,,,,,,,,0,0,0,1,0,0,0,0,0,0,0,0,1,0,0,0,1,0,0,1,0,0,0,0,0,1,1,1,0,1,0,0,0,0,0,,0,0,0,0,0,0,0,0,0,0,0,0,0,0,0,0,,,,,,56-60,56-65,City street,U,Sunday,Unknown,PV,Not Fatal,0,0,0,0,State Route,Municipal/City Police,Puyallup Police Department,0,1,0,0,0,,,,,,0,0,0,,,,,,,,,,,,,,,,,,,,,,,,,,,,,,,,,,,
2017,443,632958,1,10-29-2017,05:21,29,10,Oct,0,5,Benton,0,5,0,2,1,1,1,1,3,3,,,,12,0,7,"Sideswipe,Same",94.7,1,0,1,No intersection,1,1,1,1,0,0,0,0,I-82,,-119.5010444,46.25681667,99320,0,2,98,Others,50,3,70,4,0,0,1,2,8,1,1,2,2,1,Going Straight,2,1,53,,0,34,34,2014,0,0,12,12,,,,,1,1,45,2,0,0,1,0,3,0,11,0,,,,,0,0,0,3,1,0,0,0,0,96,,,,,,0,,,,,,98507,53,66,135,6,1,0,0,1,0,,0,,,,,,0,06-15-2017,06-15-2017,20,0,0,0,8,9,8,,,0,0,0,8,0,8,95,,,96,,,8,95,995,,,,,,,,,,,,,,,,,,,,,,,,,,,,,,0,0,0,1,0,0,0,0,0,0,0,0,1,0,0,0,1,0,0,1,0,0,0,0,0,1,1,1,0,1,0,0,0,0,0,,0,0,0,0,0,0,0,0,0,0,0,0,0,0,0,0,,,,,,41-45,36-45,City street,U,Sunday,Belt Used,PV,Not Fatal,0,0,0,0,State Route,Municipal/City Police,Puyallup Police Department,0,1,0,0,0,,,,,,0,0,0,,,,,,,,,,,,,,,,,,,,,,,,,,,,,,,,,,,
2017,443,632957,1,10-29-2017,05:21,29,10,Oct,0,5,Benton,0,5,0,2,1,1,1,1,3,3,,,,12,0,7,"Sideswipe,Same",94.7,1,0,1,No intersection,1,1,1,1,0,0,0,0,I-82,,-119.5010444,46.25681667,99320,0,1,98,Others,50,3,70,4,0,0,1,2,12,1,1,2,2,1,Going Straight,1,9,99,,0,37,32,1994,0,0,12,,,,,,1,1,82,1,7,1,4,0,20,0,11,5,03-11-2018,20:13,2.23E+11,11371,0,0,0,3,1,0,0,0,0,92,,,,,,99,,,,,,98371,53,72,180,6,1,0,0,0,0,,0,,,,,,4,,,20,0,0,0,0,9,8,,,0,0,0,8,9,8,95,,,96,,,8,95,995,,,,,,,,,,,,,,,,,,,,,,,,,,,,,,0,0,0,1,0,0,0,0,0,0,0,0,1,0,0,0,1,0,0,1,0,0,0,0,0,1,1,1,0,1,0,0,0,1,0,,1,0,0,0,0,0,0,0,1,1,0,0,0,0,0,0,,,,,,81+,76+,City street,U,Sunday,Not Used,PV,White,0,0,0,0,State Route,Municipal/City Police,Puyallup Police Department,0,1,0,0,0,,,,,,0,0,0,,,,,,,,,,,,,,,,,,,,,,,,,,,,,,,,,,,
2021,444,635995,3,10-11-2021,05:41,11,10,Oct,,53,Pierce,0,10,,3,2,2,1,0,2,2,,,,12,0,2,Front-to-Front,51.9,3,0,3,T Intersection,3,2,1,3,0,0,0,0,SR-7,118TH ST S,-122.434325,47.14967778,98444,0,2,51,Lateral Move(Going Straight),62,4,35,14,0,0,1,2,12,1,2,5,5,1,Going Straight,1,0,53,,0,49,421,1993,0,0,68,64,38,42,,,1,1,65,1,7,1,4,7,3,0,11,0,03-12-2018,18:14,1.20E+11,12118,0,0,0,3,1,0,0,0,0,96,,,,,,9,,,,,,98237,53,75,199,6,1,0,0,0,0,,0,,,,,,0,,,20,0,0,0,0,9,1,,,0,0,0,1,0,2,401,189,605,1,1,1,2,1,0,,,,,,,,,,,,,,,,,,,,,,,,,,,,,,0,0,1,0,0,0,1,1,1,0,0,0,0,0,0,0,0,0,0,0,0,0,0,0,0,1,0,0,0,1,0,0,0,0,0,,1,0,0,0,0,0,1,1,0,0,0,0,0,0,1,0,,,,,,61-65,56-65,State route,R,Monday,Belt Used,PV,White,0,1,0,0,State Route,State Patrol,Washington State Patrol Headquarter,1,1,0,0,0,thc,2.5,carboxy-thc,9.3,,0,0,0,1,1,1,,,695,996,996,,,,,,,,,,,,,,,,,,,,,,,,,,,