year,something,Cases,repjur,crash_dt,crash_tm,accday,Month,Month,holiday,county,co_char,city,weather,weather2,lightcond,surfcond,surftype,Number of Fatalities,nmforms,pforms,vforms,not_tm,arr_tm,hosp_tm,fhevent,hitrun,Manner of Collision,Manner of Collision,milepnt,reljunc,reljuncinter,intersectiontype,Intersection Type,funcsystem,landuse,ownership,route,schlbus,spejur,contdev,devfunc,trafid1,trafid2,x,y,zipcode,wk_zone,vnumber,crashtype,Crash Type,criticalevent,criticaleventcat,spdlim,body,trailer,emerg,hazcargo,leave,mhevent,roadalgn,roadprof,traflane,trafflow,Vehicle Manure,Vehicle Manure,numoccs,regowner,regstate,,spuse,make,model,modelyr,vrf1,vrf2,seqevent1,seqevent2,seqevent3,seqevent4,seqevent5,seqevent6,pnumber,ptype,age,sex,hispanic,race,injury,diedscene,restraint,restraintmisuse,seatpos,takehosp,death_dt,death_tm,cert,cernum_wa,commlic,licendor,licrestrict,liccomp,drivpres,drf1,drf2,drf3,drf4,distract1,distract2,distract3,distract4,distract5,distract6,dricond1,dricond2,dricond3,dricond4,dricond5,dricond6,dzip,licstate,drhgt_in,weight,noncdl,noncdltype,prevdwi,prevoth,prevacc,prevspd,prevsus,driviol1,driviol2,driviol3,driviol4,driviol5,driviol6,spdrel,first_dt,last_dt,airbag,ejection,ejectpath,extricat,injurwrk,methalc,methdrug,nmlocat,strikveh,prf1,prf2,prf3,druginv,alcinvol,drugsts,drugres1,drugres2,drugres3,drugtst1,drugtst2,drugtst3,alcsts,alctst,alcres,nmact1,nmact2,nmact3,nmact4,nmact5,nmact6,nmprior1,nmprior2,nmprior3,nmprior4,nmprior5,nmprior6,nmcond1,nmcond2,nmcond3,nmcond4,nmcond5,nmcond6,nmsafe_helmet,nmsafe_pads,nmsafe_oth,nmprev_ref,nmprev_lgt,nmprev_oth,crashlocation,nmcrashtype,crosswalk,schoolzone,sidewalk,train_inv,wildlife_inv,rotr_fars,intersect_fars,Drink and Drive,aid_inv,Drug Positive Drivers,Impaired Drivers,Marijuana Positive,impnm_inv,ainm_inv,dpnm_inv,speed_inv,unlic_inv,unendmc_inv,drowsy_inv,drdist_inv,nmdist_inv,fty_inv,unrestfat_inv,dr1617_inv,dr1820_inv,dr1620_inv,dr2125_inv,dr1625_inv,dr65_inv,dr70_inv,dr75_inv,mc_inv,pv_inv,ht_inv,ped_inv,bike_inv,unrest_fat,mc_fat,unhelmet_mc,pv_fat,ht_fat,ped_fat,bike_fat,dr_alc7,dr_alc8,dr_drug,dr_imp,dr_dist,dr_spd,dr_fty,dr_unlic,dr_alc7only,dr_alc8only,dr_drugonly,dr_drink,nm_imp,nm_alc7,nm_alc8,nm_drug,nm_dist,agegrp1,agegrp2,roadclass,urbrur,dayweek,restuse,vehtype,race_me,intersect,lanedep,oppdir,wrongway,rep_typ,investag,repag_long,rotr,st_rd,cty_rd,city_rd,oth_rd,drug_thc,thc_res,drug_cthc,cthc_res,drug_cann,prevpersemin,prevperse,prevsusoth,drugtst4,drugtst5,drugtst6,drugtst7,drugtst8,drugres4,drugres5,drugres6,drugres7,drugres8,adspresent,adsengaged,adslevel,race1,race2,race3,race4,race5,helmet,helmetmisuse,nmdistract1,nmdistract2,nmdistract3,nmdistract4,nmdistract5,nmdistract6,lab,isedtcase,crf1,crf2,crf3,CoRoadName,CoMP,IntCoRoadName,IntCoMP
2021,444,635994,3,10-11-2021,05:41,11,10,Oct,,53,Pierce,0,10,,3,2,2,1,0,2,2,,,,12,0,2,Front-to-Front,51.9,3,0,3,T Intersection,3,2,1,3,0,0,0,0,SR-7,118TH ST S,-122.434325,47.14967778,98444,0,1,50,Lateral Move(Left/Right),10,2,35,4,0,0,1,2,12,1,2,5,5,1,Going Straight,1,1,53,,0,34,35,2011,0,0,63,43,43,2,,,1,1,68,2,7,1,4,0,99,0,11,1,03-11-2018,07:40,1.96E+11,12127,0,0,3,3,1,0,0,0,0,96,,,,,,9,,,,,,98146,53,65,100,6,1,1,0,0,0,,0,,,,,,0,10-15-2013,02-15-2014,99,9,0,0,0,1,8,,,0,0,0,8,1,2,1,,,1,,,2,1,0.25,,,,,,,,,,,,,,,,,,,,,,,,,,,,,,0,0,0,0,1,1,0,1,0,0,0,0,0,0,0,0,0,0,0,0,0,0,0,0,0,1,0,0,0,1,0,0,0,0,0,,1,0,0,0,0,1,0,1,0,0,0,0,0,1,0,1,,,,,,66-70,66-75,City street,U,Friday,Unknown,PV,White,0,1,0,0,City Street,Municipal/City Police,Bainbridge Island Police Department,1,0,0,1,0,,,,,,0,1,1,,,,,,,,,,,,,,,,,,,,,,,,,,,,,,,,,,,
2020,444,635212,26,11-10-2020,17:01,10,11,Nov,,35,Kitsap,0,2,,3,2,2,1,1,1,1,,,,8,1,0,No vehicle,1.2,1,0,1,No intersection,5,1,2,4,0,3,0,0,CR-SUQUAMISH WAY NE,,-122.5606806,47.72831111,98392,0,1,13,Pedestrian/Animal,11,2,40,34,0,0,1,5,8,3,2,8,1,14,Making a U turn,1,1,53,,0,37,32,1995,0,0,12,,,,,,1,1,25,1,7,1,4,7,20,0,11,0,03-11-2018,03:26,1.96E+11,11659,0,0,0,3,1,0,0,0,0,96,,,,,,99,,,,,,98029,53,75,230,6,1,0,0,1,0,,0,,,,,,0,09-15-2013,09-15-2013,1,0,0,0,0,9,8,,,0,0,0,8,9,2,1,,,1,,,2,1,0.11,,,,,,,,,,,,,,,,,,,,,,,,,,,,,,0,0,1,0,1,1,0,1,0,0,0,0,0,0,0,0,0,0,0,1,0,1,1,1,1,0,0,0,0,1,0,0,0,1,0,,1,0,0,0,0,1,0,1,0,0,0,0,0,1,0,1,,,,,,21-25,16-25,Interstate,U,Sunday,Not Used,PV,White,0,1,0,0,State Route,State Patrol,Washington State Patrol Headquarter,1,1,0,0,0,,,,,,0,0,0,,,,,,,,,,,,,,,,,,,,,,,,,,,,,,,,,,,
2019,444,634533,173,12-09-2019,02:15,9,12,Dec,,53,Pierce,1124,2,0,2,0,0,1,1,1,1,,,,8,0,0,No vehicle,0,8,0,1,No intersection,7,2,4,6,0,0,0,0,EDGEWATER DR SW,,-122.5327389,47.18090833,,0,1,92,Others,80,5,0,4,0,0,1,7,8,0,0,0,0,13,Others,1,1,53,,0,48,403,2018,0,0,63,25,69,12,63,25,1,1,20,1,0,0,1,0,3,0,11,5,,,,,0,0,0,3,1,51,91,0,0,96,,,,,,9,,,,,,98040,53,69,145,6,1,0,0,0,0,,1,,,,,,0,,,1,0,0,0,8,9,8,,,0,0,0,8,1,2,1,,,1,,,2,1,0.19,,,,,,,,,,,,,,,,,,,,,,,,,,,,,,0,0,1,0,1,1,0,1,0,0,0,0,0,0,0,0,0,0,0,1,0,1,1,1,1,0,0,0,0,1,0,0,0,0,0,,0,0,0,0,0,1,0,1,0,0,0,0,0,1,0,1,,,,,,18-20,16-25,Interstate,U,Sunday,Belt Used,PV,Not Fatal,0,1,0,0,State Route,State Patrol,Washington State Patrol Headquarter,1,1,0,0,0,,,,,,0,0,0,,,,,,,,,,,,,,,,,,,,,,,,,,,,,,,,,,,
2018,444,633731,6,11-28-2018,07:03,28,11,Nov,0,25,Grant,0,5,0,1,1,2,1,0,2,2,07:00,07:15,,12,0,2,Front-to-Front,3.9,1,0,1,No intersection,4,1,1,3,0,0,0,0,SR-243,,-119.8133306,46.63307222,99349,0,2,51,Lateral Move(Going Straight),62,4,60,66,1,0,1,7,12,1,1,2,1,1,Going Straight,1,3,53,,0,72,706,1999,0,0,63,24,,,,,1,1,55,1,7,1,4,7,19,0,11,0,03-10-2018,17:42,53011904,11904,0,0,0,3,1,0,0,0,0,96,,,,,,99,,,,,,98512,53,71,185,6,1,0,1,0,0,,0,,,,,,3,12-15-2015,12-15-2015,20,8,0,0,0,9,8,,,0,0,0,8,1,2,1,,,1,,,2,1,0,,,,,,,,,,,,,,,,,,,,,,,,,,,,,,0,0,0,0,1,0,0,0,0,0,0,0,1,0,0,0,0,0,0,0,0,0,0,0,0,0,0,0,1,0,0,0,0,0,1,0,0,0,0,0,0,0,0,0,0,1,0,0,0,0,0,1,,,,,,51-55,46-55,County road,R,Saturday,,MC,White,0,1,0,0,County Road,County Sheriff,Thurston County Sheriff's Office,1,0,1,0,0,,,,,,0,0,0,,,,,,,,,,,,,,,,,,,,,,,,,,,,,,,,,,,
2018,444,633730,6,11-28-2018,07:03,28,11,Nov,0,25,Grant,0,5,0,1,1,2,1,0,2,2,07:00,07:15,,12,0,2,Front-to-Front,3.9,1,0,1,No intersection,4,1,1,3,0,0,0,0,SR-243,,-119.8133306,46.63307222,99349,0,1,50,Lateral Move(Left/Right),10,2,60,3,0,0,1,7,12,1,1,2,1,6,Others,1,1,53,,0,54,31,1991,0,0,12,,,,,,1,1,36,1,7,1,4,7,3,0,11,0,03-04-2018,02:44,1.37E+11,10385,0,0,3,2,1,0,0,0,0,96,,,,,,0,,,,,,98520,53,70,200,1,1,0,2,1,2,,0,,,,,,0,08-15-2014,06-15-2017,20,0,0,0,0,9,8,,,0,0,0,8,9,2,177,401,417,1,1,1,2,1,0,,,,,,,,,,,,,,,,,,,,,,,,,,,,,,0,0,0,0,0,0,1,1,0,0,0,0,0,1,0,0,0,0,0,1,0,0,0,0,0,0,0,0,0,1,1,0,0,0,0,,1,0,0,0,0,0,1,1,0,0,0,1,0,0,1,0,,,,,,36-40,36-45,US highway,R,Sunday,Belt Used,PV,White,0,0,0,0,State Route,State Patrol,Washington State Patrol Headquarter,0,1,0,0,0,,,,,,0,0,0,1,1,,,,313,351,,,,,,,,,,,,,,,,,,,,,,,,,,,,
2017,444,632869,46,09-19-2017,09:20,19,9,Sep,0,75,Whitman,2240,2,0,1,2,2,1,0,1,1,,,,3,0,0,No vehicle,0.5,1,0,1,No intersection,5,2,2,4,0,0,0,0,CR-FARMINGTON,,-117.0682056,47.21916667,99033,0,1,0,Others,12,2,98,14,0,0,1,2,3,2,4,2,1,14,Making a U turn,1,1,53,,0,84,881,2008,0,0,12,,,,,,1,1,50,1,0,0,0,0,3,0,11,0,,,,,6,0,1,3,1,48,0,0,0,96,,,,,,0,,,,,,98563,53,70,180,6,1,0,0,0,0,,97,,,,,,0,,,20,0,0,0,8,9,8,,,0,0,0,8,0,2,1,,,1,,,2,1,0,,,,,,,,,,,,,,,,,,,,,,,,,,,,,,0,0,0,0,0,0,1,1,0,0,0,0,0,1,0,0,0,0,0,1,0,0,0,0,0,0,0,0,0,1,1,0,0,0,0,,0,0,0,0,0,0,0,0,0,0,0,0,0,0,0,0,,,,,,46-50,46-55,US highway,R,Sunday,,MHTRUCK,Not Fatal,0,0,0,0,State Route,State Patrol,Washington State Patrol Headquarter,0,1,0,0,0,,,,,,0,0,0,,,,,,,,,,,,,,,,,,,,,,,,,,,,,,,,,,,
2021,445,636045,1,10-30-2021,03:40,30,10,Oct,,71,Walla Walla,0,1,,2,1,2,1,0,2,2,,,,12,0,2,Front-to-Front,1,1,0,1,No intersection,4,1,1,3,0,0,0,0,SR-730,,-118.9622806,46.01069167,99363,0,2,51,Lateral Move(Going Straight),62,4,60,66,2,0,1,2,12,1,1,2,1,1,Going Straight,1,3,18,,0,37,402,1999,0,0,12,64,25,21,1,,1,1,30,1,1,98,4,7,20,0,11,0,03-08-2018,02:10,1.12E+11,11146,0,0,0,3,1,0,0,0,0,96,,,,,,99,,,,,,98626,53,68,210,6,1,0,2,0,0,,0,,,,,,3,07-15-2016,09-15-2017,20,1,9,0,0,9,8,,,0,0,0,8,9,2,1,,,1,,,2,1,0,,,,,,,,,,,,,,,,,,,,,,,,,,,,,,0,0,0,0,0,0,1,1,1,0,0,0,1,1,0,0,0,0,0,1,0,0,0,1,1,0,0,0,0,1,0,0,0,1,0,,1,0,0,0,0,0,0,0,0,1,0,0,0,0,0,0,,,,,,26-30,26-35,Interstate,U,Thursday,Not Used,PV,Hispanic,0,0,0,0,State Route,State Patrol,Washington State Patrol Headquarter,0,1,0,0,0,,,,,,0,0,0,,,,,,,,,,,,,,,,,,,,,,,,,,,,,,,,,,,
2021,445,636044,1,10-30-2021,03:40,30,10,Oct,,71,Walla Walla,0,1,,2,1,2,1,0,2,2,,,,12,0,2,Front-to-Front,1,1,0,1,No intersection,4,1,1,3,0,0,0,0,SR-730,,-118.9622806,46.01069167,99363,0,1,50,Lateral Move(Left/Right),10,2,60,5,0,0,1,2,12,1,1,2,1,1,Going Straight,1,2,53,,0,35,39,2002,0,0,12,,,,,,1,1,23,1,0,0,0,0,3,0,11,0,,,,,0,0,0,0,1,91,0,0,0,96,,,,,,99,,,,,,98444,53,68,160,0,0,0,0,0,0,,1,,,,,,3,,,1,0,0,0,8,9,8,,,0,0,0,8,9,2,300,605,695,1,1,1,2,1,0,,,,,,,,,,,,,,,,,,,,,,,,,,,,,,0,0,0,0,0,0,1,1,1,0,0,0,1,1,0,0,0,0,0,1,0,0,0,1,1,0,0,0,0,1,0,0,0,0,0,,0,0,0,0,0,0,1,1,0,1,0,1,0,0,1,0,,,,,,21-25,16-25,Interstate,U,Thursday,Belt Used,PV,Not Fatal,0,0,0,0,State Route,State Patrol,Washington State Patrol Headquarter,0,1,0,0,0,thc,3.8,carboxy-thc,57,,0,0,0,,,,,,,,,,,,,,,,,,,,,,,,,,,,,,,,,,,
2020,445,635213,25,11-14-2020,09:18,14,11,Nov,,33,King,0,10,,1,1,1,1,1,1,1,09:26,09:42,10:05,8,0,0,No vehicle,0.6,3,0,2,4 Way,5,1,2,4,0,0,0,0,CR-SW BANK RD,100TH AVE SW,-122.4618194,47.44743056,98070,0,1,13,Pedestrian/Animal,80,5,25,34,0,0,1,5,8,1,1,2,1,11,Turning Red: Permitted on red,1,2,53,,0,73,706,2013,0,0,63,38,,,,,1,1,76,1,7,1,4,0,19,0,11,5,03-04-2018,20:46,2.23E+11,10293,6,0,3,3,1,0,0,0,0,93,,,,,,0,,,,,,98503,53,72,205,6,1,0,0,1,0,,0,,,,,,0,10-15-2015,10-15-2015,20,8,0,0,0,9,8,,,0,0,0,8,0,8,95,,,96,,,8,95,995,,,,,,,,,,,,,,,,,,,,,,,,,,,,,,0,0,1,0,0,0,0,0,0,0,0,0,0,0,0,0,1,0,0,0,0,0,0,0,0,1,1,1,1,0,0,0,0,0,1,0,0,0,0,0,0,0,0,0,1,0,0,0,0,0,0,0,,,,,,76-80,76+,County road,R,Saturday,,MC,White,0,1,0,0,County Road,County Sheriff,Lewis County Sheriff's Office,1,0,1,0,0,,,,,,0,0,0,,,,,,,,,,,,,,,,,,,,,,,,,,,,,,,,,,,
2019,445,634516,160,12-17-2019,18:19,17,12,Dec,,33,King,1030,1,0,3,1,2,1,1,1,1,,,,8,0,0,No vehicle,1.3,3,0,3,T Intersection,4,2,1,3,0,0,0,0,SR-515,SE 235TH ST,-122.2021722,47.39094167,98031,0,1,13,Pedestrian/Animal,80,5,40,14,0,0,1,7,8,1,1,5,5,1,Going Straight,1,1,53,,0,58,403,2014,0,0,8,,,,,,1,1,42,2,0,0,0,0,3,0,11,0,,,,,0,0,3,3,1,0,0,0,0,93,,,,,,0,,,,,,98033,53,62,130,6,1,0,0,0,0,,0,,,,,,0,,,20,0,0,0,8,9,8,,,0,0,0,8,0,8,95,,,96,,,8,95,995,,,,,,,,,,,,,,,,,,,,,,,,,,,,,,0,0,0,1,0,0,0,0,0,0,0,0,0,0,0,0,1,0,0,0,0,0,0,0,0,0,0,0,0,1,0,1,0,0,0,,0,0,0,0,0,0,0,0,1,0,0,0,0,0,0,0,,,,,,41-45,36-45,City street,U,Friday,Belt Used,PV,Not Fatal,1,0,0,0,City Street,Municipal/City Police,Kirkland Police Department,0,0,0,1,0,,,,,,0,0,0,,,,,,,,,,,,,,,,,,,,,,,,,,,,,,,,,,,
2018,445,633733,6,11-26-2018,12:20,26,11,Nov,0,25,Grant,1390,1,0,1,1,2,1,0,4,2,,,,12,0,6,Angle,43.9,2,0,2,4 Way,3,2,1,3,0,0,0,0,SR-17,YANEZAWA BLVD,-119.2520139,47.10616667,98837,0,2,69,Initial Opposite Direction(Going Straight),62,4,50,4,0,0,1,7,12,1,1,5,1,1,Going Straight,2,1,53,,0,20,403,2004,0,0,63,30,39,,,,1,1,25,1,7,3,4,7,20,0,11,0,03-02-2018,04:44,10053010122,10122,0,0,0,2,1,0,0,0,0,93,,,,,,99,,,,,,98092,53,64,290,1,1,0,2,1,1,,0,,,,,,0,03-15-2013,12-15-2017,20,1,9,0,0,9,8,,,0,0,0,8,1,2,605,695,,1,1,,2,1,0.14,,,,,,,,,,,,,,,,,,,,,,,,,,,,,,0,0,0,1,1,1,1,1,1,0,0,0,0,1,0,0,1,0,0,1,0,0,0,1,1,0,0,0,0,1,0,0,0,1,0,,1,0,0,0,0,1,1,1,1,0,0,1,0,0,0,1,,,,,,21-25,16-25,State route,U,Friday,Not Used,PV,AIAN,0,1,0,0,State Route,Municipal/City Police,Auburn Police Department,1,1,0,0,0,thc,17,carboxy-thc,130,,0,0,6,,,,,,,,,,,,,,,,,,,,,,,,,,,,,,,,,,,
2018,445,633732,6,11-26-2018,12:20,26,11,Nov,0,25,Grant,1390,1,0,1,1,2,1,0,4,2,,,,12,0,6,Angle,43.9,2,0,2,4 Way,3,2,1,3,0,0,3,3,SR-17,YANEZAWA BLVD,-119.2520139,47.10616667,98837,0,1,68,Initial Opposite Direction(Left/Right),15,2,50,4,0,0,1,7,12,1,1,5,1,11,Turning Red: Permitted on red,2,1,53,,0,20,2,2012,0,0,12,,,,,,1,1,39,1,0,0,3,0,3,0,11,5,,,,,0,0,3,3,1,0,0,0,0,96,,,,,,0,,,,,,98951,53,71,200,6,1,0,0,0,0,,0,,,,,,0,,,20,0,0,0,8,9,8,,,0,0,0,8,0,8,95,,,96,,,8,95,995,,,,,,,,,,,,,,,,,,,,,,,,,,,,,,0,0,0,1,1,1,1,1,0,0,0,0,1,1,0,0,0,0,0,0,0,0,0,0,0,0,0,0,0,1,0,0,0,0,0,,0,0,0,0,0,0,0,0,0,0,0,0,0,0,0,0,,,,,,36-40,36-45,County road,R,Sunday,Belt Used,PV,Not Fatal,1,0,0,0,County Road,State Patrol,Washington State Patrol Headquarter,0,0,1,0,0,,,,,,0,0,0,,,,,,,,,,,,,,,,,,,,,,,,,,,,,,,,,,,
2017,445,632938,13,10-16-2017,08:49,16,10,Oct,0,9,Clallam,0,1,0,1,1,2,1,0,1,1,08:50,09:00,09:40,42,0,0,No vehicle,2.5,1,0,1,No intersection,7,1,2,4,0,0,0,0,CR-RIVER RD,,-123.1438278,48.043075,98382,0,1,1,Driver Off Road,13,2,35,34,0,0,1,2,42,1,1,2,4,1,Going Straight,1,1,53,,0,19,18,2004,0,0,12,,,,,,1,1,26,2,0,0,2,0,20,0,11,0,,,,,0,0,0,2,1,91,0,0,0,96,,,,,,9,,,,,,98208,53,69,165,1,1,1,1,0,0,,1,,,,,,3,05-15-2014,10-15-2015,1,0,0,0,8,9,8,,,0,0,0,8,1,2,402,996,,1,1,,2,1,0.19,,,,,,,,,,,,,,,,,,,,,,,,,,,,,,0,0,0,1,1,1,1,1,0,0,0,0,1,1,0,0,0,0,0,0,0,0,0,0,0,0,0,0,0,1,0,0,0,0,0,,0,0,0,0,0,1,1,1,0,1,0,1,0,0,0,1,,,,,,26-30,26-35,County road,R,Sunday,Not Used,PV,Not Fatal,1,0,0,0,County Road,State Patrol,Washington State Patrol Headquarter,0,0,1,0,0,,,,,,0,1,2,,,,,,,,,,,,,,,,,,,,,,,,,,,,,,,,,,,
2019,446,634518,269,12-15-2019,17:10,15,12,Dec,,33,King,2005,10,0,3,2,2,1,0,4,3,,,,12,0,6,Angle,0,1,0,1,No intersection,3,2,4,6,0,0,0,0,NE 175TH ST,,-122.3293917,47.75595,98155,0,2,66,Specific Other,62,4,35,21,0,0,1,7,12,1,1,6,1,1,Going Straight,1,1,6,,0,35,43,2005,0,0,64,35,1,,,,1,1,30,1,6,1,4,7,3,0,11,0,03-03-2018,12:10,53010987,10987,0,0,0,3,1,0,0,0,0,96,,,,,,99,,,,,,98848,53,64,130,6,1,0,0,0,1,,0,,,,,,3,11-15-2017,11-15-2017,20,0,0,0,0,9,8,,,0,0,0,8,9,2,1,,,14,,,2,4,0,,,,,,,,,,,,,,,,,,,,,,,,,,,,,,0,0,0,0,0,0,0,0,0,0,0,0,1,0,0,0,0,0,0,0,0,0,0,0,0,0,0,0,0,1,0,0,0,0,0,,1,0,0,0,0,0,0,0,0,1,0,0,0,0,0,0,,,,,,26-30,26-35,Interstate,R,Saturday,Belt Used,PV,Hispanic,0,1,0,0,State Route,State Patrol,Washington State Patrol Headquarter,1,1,0,0,0,,,,,,0,0,0,,,,,,,,,,,,,,,,,,,,,,,,,,,,,,,,,,,
2021,446,636046,3,10-27-2021,06:39,27,10,Oct,,53,Pierce,0,10,,3,2,2,1,0,3,3,,,,14,0,0,No vehicle,121.1,1,0,1,No intersection,1,2,1,1,0,0,0,0,I-5,,-122.586425,47.10486667,98433,0,1,11,Others,13,2,60,34,0,0,1,2,14,1,1,4,3,15,Others,1,1,41,,0,7,482,2005,0,0,63,24,30,42,,,1,1,57,1,7,1,4,7,99,0,11,0,02/27/2018,20:42,80053010092,10092,0,0,3,3,1,0,0,0,0,96,,,,,,99,,,,,,98584,53,72,200,6,1,0,0,0,0,,0,,,,,,0,,,20,0,0,0,0,9,8,,,0,0,0,8,9,2,1,,,1,,,2,1,0,,,,,,,,,,,,,,,,,,,,,,,,,,,,,,0,0,0,0,0,0,0,0,0,0,0,0,0,0,0,0,0,0,0,0,0,0,0,0,0,0,0,0,0,1,0,0,0,0,0,,1,0,0,0,0,0,0,0,0,0,0,0,0,0,0,0,,,,,,56-60,56-65,State route,U,Tuesday,Unknown,PV,White,0,1,0,0,State Route,State Patrol,Washington State Patrol Headquarter,1,1,0,0,0,,,,,,0,0,0,,,,,,,,,,,,,,,,,,,,,,,,,,,,,,,,,,,
2019,446,634519,269,12-15-2019,17:10,15,12,Dec,,33,King,2005,10,0,3,2,2,1,0,4,3,,,,12,0,6,Angle,0,1,0,1,No intersection,3,2,4,6,0,0,0,0,NE 175TH ST,,-122.3293917,47.75595,98155,0,3,98,Others,98,7,35,14,0,0,1,7,12,1,1,6,1,1,Going Straight,1,1,41,,0,18,404,2016,0,0,12,,,,,,1,1,42,1,0,0,1,0,3,0,11,6,,,,,0,0,0,3,1,0,0,0,0,96,,,,,,0,,,,,,99026,53,71,225,6,1,0,0,0,1,,0,,,,,,0,01-15-2015,01-15-2015,8,0,0,0,8,9,8,,,0,0,0,8,0,2,423,996,,1,1,,2,1,0,,,,,,,,,,,,,,,,,,,,,,,,,,,,,,0,0,0,0,0,0,1,1,0,0,0,0,1,1,0,0,0,0,0,0,0,0,0,0,0,0,0,0,0,1,0,0,0,0,0,,0,0,0,0,0,0,1,1,0,0,0,0,0,0,1,0,,,,,,41-45,36-45,County road,R,Monday,Belt Used,PV,Not Fatal,0,1,1,0,County Road,County Sheriff,Spokane County Sheriff's Office,0,0,1,0,0,,,,,,0,0,0,,,,,,,,,,,,,,,,,,,,,,,,,,,,,,,,,,,
2017,446,3753162,263,09-15-2017,17:59,15,9,Sep,0,33,King,1960,1,0,1,1,1,1,0,1,1,,,,10,0,0,No vehicle,0,6,0,1,No intersection,3,2,4,6,0,0,65,3,M L KING JR WAY,S MYRTLE,-122.2821944,47.53890278,98118,0,1,98,Others,98,7,30,4,0,0,1,2,10,1,1,2,3,11,Turning Red: Permitted on red,1,1,53,,0,69,54,2005,0,0,12,,,,,,1,1,36,2,7,1,4,7,3,0,11,0,02/26/2018,21:09,53009469,9469,0,0,0,2,1,28,0,0,0,96,,,,,,99,,,,,,99201,53,63,130,1,1,0,0,0,0,,0,,,,,,4,04-15-2015,04-15-2015,8,0,0,0,0,9,8,,,0,0,0,8,9,2,401,417,177,1,1,1,2,1,0,,,,,,,,,,,,,,,,,,,,,,,,,,,,,,0,0,0,0,0,0,1,1,0,0,0,0,1,1,0,0,0,0,0,0,0,0,0,0,0,0,0,0,0,1,0,0,0,0,0,,1,0,0,0,0,0,1,1,0,1,0,1,0,0,1,0,,,,,,36-40,36-45,County road,R,Monday,Belt Used,PV,White,0,1,1,0,County Road,County Sheriff,Spokane County Sheriff's Office,0,0,1,0,0,,,,,,0,0,2,,,,,,,,,,,,,,,,,,,,,,,,,,,,,,,,,,,
2021,446,636047,3,10-27-2021,06:39,27,10,Oct,,53,Pierce,0,10,,3,2,2,1,0,3,3,,,,14,0,0,No vehicle,121.1,1,0,1,No intersection,1,2,1,1,0,0,0,0,I-5,,-122.586425,47.10486667,98433,0,3,98,Others,64,4,60,14,0,0,1,5,12,1,1,4,3,1,Going Straight,1,1,53,,0,35,472,2011,0,0,9,,,,,,1,1,27,2,0,0,0,0,3,0,11,0,,,,,0,0,3,3,1,0,0,0,0,96,,,,,,0,,,,,,92860,6,67,150,6,1,0,0,0,0,,0,,,,,,0,,,20,0,0,0,8,9,8,,,0,0,0,8,0,8,95,,,96,,,8,95,995,,,,,,,,,,,,,,,,,,,,,,,,,,,,,,0,0,0,1,0,0,0,0,0,0,0,0,0,0,0,0,0,0,0,0,0,0,0,0,0,0,0,0,0,1,0,0,1,0,0,,0,0,0,0,0,0,0,0,0,0,0,0,0,0,0,0,,,,,,26-30,26-35,US highway,U,Thursday,Belt Used,PV,Not Fatal,1,0,0,0,State Route,County Sheriff,Snohomish County Sheriff's Office,0,1,0,0,0,,,,,,0,0,0,,,,,,,,,,,,,,,,,,,,,,,,,,,,,,,,,,,
2020,446,635217,4,11-18-2020,07:18,18,11,Nov,,65,Stevens,0,1,,4,4,2,1,0,2,2,,,,12,0,6,Angle,199.8,1,0,1,No intersection,2,1,1,2,0,0,0,0,US-395,,-117.6491222,48.1208,99181,0,2,66,Specific Other,62,4,60,14,0,0,1,2,12,1,1,2,1,1,Going Straight,1,3,53,,0,49,34,1988,0,0,68,64,42,,,,1,1,57,1,7,1,4,7,3,0,11,0,02/19/2018,07:50,53008476,8476,0,0,0,3,1,0,0,0,0,96,,,,,,0,,,,,,98563,53,66,140,6,1,0,0,0,0,,0,,,,,,4,,,20,0,0,0,0,9,8,,,0,0,0,8,0,2,1,,,1,,,2,1,0,,,,,,,,,,,,,,,,,,,,,,,,,,,,,,0,0,1,0,0,0,0,0,0,0,0,0,1,0,0,0,0,0,0,0,0,0,0,0,0,0,0,0,0,1,0,0,0,0,0,,1,0,0,0,0,0,0,0,0,1,0,0,0,0,0,0,,,,,,56-60,56-65,State route,R,Monday,Belt Used,PV,White,0,1,0,0,State Route,State Patrol,Washington State Patrol Headquarter,1,1,0,0,0,,,,,,0,0,0,,,,,,,,,,,,,,,,,,,,,,,,,,,,,,,,,,,
2020,446,635216,4,11-18-2020,07:18,18,11,Nov,,65,Stevens,0,1,,4,4,2,1,0,2,2,,,,12,0,6,Angle,199.8,1,0,1,No intersection,2,1,1,2,0,0,0,0,US-395,,-117.6491222,48.1208,99181,0,1,66,Specific Other,5,1,60,34,0,0,1,2,12,1,1,2,1,1,Going Straight,1,1,53,,0,63,33,2004,0,0,12,,,,,,1,1,52,1,7,1,4,7,3,0,11,0,02/23/2018,18:00,53053009983,9983,0,0,3,3,1,0,0,0,0,96,,,,,,0,,,,,,99212,53,74,275,6,1,0,1,0,0,,0,,,,,,0,07-15-2015,07-15-2015,1,0,0,0,0,9,8,,,0,0,0,8,0,2,1,,,1,,,2,1,0,,,,,,,,,,,,,,,,,,,,,,,,,,,,,,0,0,0,0,0,0,0,0,0,0,0,0,1,1,0,0,0,0,0,0,0,0,0,1,1,0,0,0,0,1,0,0,0,0,0,,1,0,0,0,0,0,0,0,0,0,0,0,0,0,0,0,,,,,,51-55,46-55,US highway,R,Friday,Belt Used,PV,White,0,1,1,0,State Route,State Patrol,Washington State Patrol Headquarter,0,1,0,0,0,,,,,,0,0,0,,,,,,,,,,,,,,,,,,,,,,,,,,,,,,,,,,,