year,something,Cases,repjur,crash_dt,crash_tm,accday,Month,Month,holiday,county,co_char,city,weather,weather2,lightcond,surfcond,surftype,Number of Fatalities,nmforms,pforms,vforms,not_tm,arr_tm,hosp_tm,fhevent,hitrun,Manner of Collision,Manner of Collision,milepnt,reljunc,reljuncinter,intersectiontype,Intersection Type,funcsystem,landuse,ownership,route,schlbus,spejur,contdev,devfunc,trafid1,trafid2,x,y,zipcode,wk_zone,vnumber,crashtype,Crash Type,criticalevent,criticaleventcat,spdlim,body,trailer,emerg,hazcargo,leave,mhevent,roadalgn,roadprof,traflane,trafflow,Vehicle Manure,Vehicle Manure,numoccs,regowner,regstate,,spuse,make,model,modelyr,vrf1,vrf2,seqevent1,seqevent2,seqevent3,seqevent4,seqevent5,seqevent6,pnumber,ptype,age,sex,hispanic,race,injury,diedscene,restraint,restraintmisuse,seatpos,takehosp,death_dt,death_tm,cert,cernum_wa,commlic,licendor,licrestrict,liccomp,drivpres,drf1,drf2,drf3,drf4,distract1,distract2,distract3,distract4,distract5,distract6,dricond1,dricond2,dricond3,dricond4,dricond5,dricond6,dzip,licstate,drhgt_in,weight,noncdl,noncdltype,prevdwi,prevoth,prevacc,prevspd,prevsus,driviol1,driviol2,driviol3,driviol4,driviol5,driviol6,spdrel,first_dt,last_dt,airbag,ejection,ejectpath,extricat,injurwrk,methalc,methdrug,nmlocat,strikveh,prf1,prf2,prf3,druginv,alcinvol,drugsts,drugres1,drugres2,drugres3,drugtst1,drugtst2,drugtst3,alcsts,alctst,alcres,nmact1,nmact2,nmact3,nmact4,nmact5,nmact6,nmprior1,nmprior2,nmprior3,nmprior4,nmprior5,nmprior6,nmcond1,nmcond2,nmcond3,nmcond4,nmcond5,nmcond6,nmsafe_helmet,nmsafe_pads,nmsafe_oth,nmprev_ref,nmprev_lgt,nmprev_oth,crashlocation,nmcrashtype,crosswalk,schoolzone,sidewalk,train_inv,wildlife_inv,rotr_fars,intersect_fars,Drink and Drive,aid_inv,Drug Positive Drivers,Impaired Drivers,Marijuana Positive,impnm_inv,ainm_inv,dpnm_inv,speed_inv,unlic_inv,unendmc_inv,drowsy_inv,drdist_inv,nmdist_inv,fty_inv,unrestfat_inv,dr1617_inv,dr1820_inv,dr1620_inv,dr2125_inv,dr1625_inv,dr65_inv,dr70_inv,dr75_inv,mc_inv,pv_inv,ht_inv,ped_inv,bike_inv,unrest_fat,mc_fat,unhelmet_mc,pv_fat,ht_fat,ped_fat,bike_fat,dr_alc7,dr_alc8,dr_drug,dr_imp,dr_dist,dr_spd,dr_fty,dr_unlic,dr_alc7only,dr_alc8only,dr_drugonly,dr_drink,nm_imp,nm_alc7,nm_alc8,nm_drug,nm_dist,agegrp1,agegrp2,roadclass,urbrur,dayweek,restuse,vehtype,race_me,intersect,lanedep,oppdir,wrongway,rep_typ,investag,repag_long,rotr,st_rd,cty_rd,city_rd,oth_rd,drug_thc,thc_res,drug_cthc,cthc_res,drug_cann,prevpersemin,prevperse,prevsusoth,drugtst4,drugtst5,drugtst6,drugtst7,drugtst8,drugres4,drugres5,drugres6,drugres7,drugres8,adspresent,adsengaged,adslevel,race1,race2,race3,race4,race5,helmet,helmetmisuse,nmdistract1,nmdistract2,nmdistract3,nmdistract4,nmdistract5,nmdistract6,lab,isedtcase,crf1,crf2,crf3,CoRoadName,CoMP,IntCoRoadName,IntCoMP
2019,446,634517,269,12-15-2019,17:10,15,12,Dec,,33,King,2005,10,0,3,2,2,1,0,4,3,,,,12,0,6,Angle,0,1,0,1,No intersection,3,2,4,6,0,0,0,0,NE 175TH ST,,-122.3293917,47.75595,98155,0,1,66,Specific Other,6,1,35,2,0,0,1,7,12,1,1,6,1,1,Going Straight,2,1,53,,0,20,16,2000,0,0,68,12,,,,,1,1,24,2,0,0,3,0,3,0,11,5,,,,,0,0,0,2,1,28,87,0,0,96,,,,,,0,,,,,,99006,53,64,135,1,1,0,2,1,1,,97,,,,,,4,10-15-2014,01-15-2018,1,0,0,0,8,9,8,,,0,0,0,8,0,8,95,,,96,,,8,95,995,,,,,,,,,,,,,,,,,,,,,,,,,,,,,,0,0,0,0,0,0,0,0,0,0,0,0,1,1,0,0,0,0,0,0,0,0,0,1,1,0,0,0,0,1,0,0,0,0,0,,0,0,0,0,0,0,0,0,0,1,0,1,0,0,0,0,,,,,,21-25,16-25,US highway,R,Friday,Belt Used,PV,Not Fatal,0,1,1,0,State Route,State Patrol,Washington State Patrol Headquarter,0,1,0,0,0,,,,,,0,0,6,,,,,,,,,,,,,,,,,,,,,,,,,,,,,,,,,,,
2018,446,633668,2,11-06-2018,12:02,6,11,Nov,0,29,Island,0,10,0,1,2,2,1,0,2,2,12:04,12:08,13:18,12,0,6,Angle,2.7,2,0,2,4 Way,5,1,2,4,0,0,0,0,CR-N CAMANO DR,UTSALADY RD,-122.4814972,48.25010833,98282,0,2,88,Striking from the Left,66,4,35,34,0,0,1,7,12,8,8,2,1,1,Going Straight,1,1,53,,0,49,43,2000,0,0,12,,,,,,1,1,56,1,0,0,2,0,3,0,11,8,,,,,0,0,3,3,1,0,0,0,0,0,,,,,,0,,,,,,98223,53,68,210,6,1,0,1,1,0,0,0,,,,,,0,09-15-2017,09-15-2017,8,0,0,0,8,9,8,,,0,0,0,8,0,0,0,0,0,0,0,0,0,0,996,,,,,,,,,,,,,,,,,,,,,,,,,,,,,,0,0,0,1,0,0,1,1,0,0,0,0,1,0,0,0,0,0,1,1,0,0,0,0,0,0,0,0,0,1,0,0,0,0,0,,0,0,0,0,0,0,0,0,0,0,0,0,0,0,0,0,,,,,,56-60,56-65,City street,U,Sunday,Belt Used,PV,Not Fatal,1,0,0,0,City Street,Municipal/City Police,Mount Vernon Police Department,0,0,0,1,0,,,,,,,,,,,,,,,,,,,,,,,,,,,,,,,,,,,,,,,,,,,
2018,446,633667,2,11-06-2018,12:02,6,11,Nov,0,29,Island,0,10,0,1,2,2,1,0,2,2,12:04,12:08,13:18,12,0,6,Angle,2.7,2,0,2,4 Way,5,1,2,4,0,0,20,3,CR-N CAMANO DR,UTSALADY RD,-122.4814972,48.25010833,98282,0,1,89,Others,17,2,35,4,0,0,1,7,12,4,2,2,1,14,Making a U turn,1,1,53,,0,7,482,2008,0,0,12,,,,,,1,1,50,1,0,0,1,0,3,0,11,4,,,,,0,0,0,3,1,38,39,91,0,96,,,,,,9,,,,,,98271,53,71,190,6,1,0,1,1,1,4,1,,,,,,4,04-15-2014,08-15-2017,8,0,0,0,8,9,2,,,0,0,0,1,0,2,401,417,0,1,1,0,2,1,0,,,,,,,,,,,,,,,,,,,,,,,,,,,,,,0,0,0,1,0,0,1,1,0,0,0,0,1,0,0,0,0,0,1,1,0,0,0,0,0,0,0,0,0,1,0,0,0,0,0,,0,0,0,0,0,0,1,1,0,1,1,0,0,0,1,0,,,,,,46-50,46-55,City street,U,Sunday,Belt Used,PV,Not Fatal,1,0,0,0,City Street,Municipal/City Police,Mount Vernon Police Department,0,0,0,1,0,,,,,,,,,,,,,,,,,,,,,,,,,,,,,,,,,,,,,,,,,,,
2021,447,636049,1,10-23-2021,18:29,23,10,Oct,,77,Yakima,0,10,,2,2,2,1,0,2,2,,,,12,0,6,Angle,4.9,2,0,2,4 Way,5,1,1,3,0,3,0,0,SR-22,N MEYERS RD,-120.2938833,46.35704722,98948,0,2,88,Striking from the Left,66,4,60,66,2,0,1,2,12,1,1,2,1,1,Going Straight,1,3,41,,0,85,881,2007,0,0,12,,,,,,1,1,64,1,0,0,0,0,2,0,11,0,,,,,6,1,0,3,1,0,0,0,0,96,,,,,,0,,,,,,98815,53,68,280,6,1,0,0,0,0,,0,,,,,,0,,,20,0,0,0,8,9,8,,,0,0,0,8,0,8,95,,,96,,,8,95,995,,,,,,,,,,,,,,,,,,,,,,,,,,,,,,0,0,0,0,0,0,0,0,0,0,0,0,0,0,0,0,0,0,0,0,0,0,0,1,1,0,0,0,0,1,1,0,0,0,0,,0,0,0,0,0,0,0,0,0,0,0,0,0,0,0,0,,,,,,61-65,56-65,City street,U,Saturday,,MHTRUCK,Not Fatal,0,1,1,0,City Street,Municipal/City Police,Wenatchee Police Department,0,0,0,1,0,,,,,,0,0,0,,,,,,,,,,,,,,,,,,,,,,,,,,,,,,,,,,,
2017,447,3658375,344,09-30-2017,15:51,30,9,Sep,0,77,Yakima,0,1,0,1,1,4,1,0,1,1,15:49,16:05,16:46,1,0,0,No vehicle,0,1,0,1,No intersection,7,1,2,4,0,3,0,0,CR-N SHAKER CHURCH RD,,-120.6697667,46.38837222,,0,1,6,Drive off road,12,2,50,4,0,0,1,2,1,1,3,2,1,1,Going Straight,1,1,53,,0,37,31,1990,0,0,68,12,64,24,,,1,1,22,1,0,0,2,0,3,0,11,4,,,,,0,0,0,3,1,28,87,0,0,96,,,,,,0,,,,,,98815,53,72,220,6,1,0,0,0,0,,97,,,,,,0,,,20,0,0,0,8,9,8,,,0,0,0,8,0,2,1,,,1,,,2,1,0,,,,,,,,,,,,,,,,,,,,,,,,,,,,,,0,0,0,0,0,0,0,0,0,0,0,0,0,0,0,0,0,0,0,0,0,0,0,1,1,0,0,0,0,1,1,0,0,0,0,,0,0,0,0,0,0,0,0,0,0,0,0,0,0,0,0,,,,,,21-25,16-25,City street,U,Saturday,Belt Used,PV,Not Fatal,0,1,1,0,City Street,Municipal/City Police,Wenatchee Police Department,0,0,0,1,0,,,,,,0,0,0,,,,,,,,,,,,,,,,,,,,,,,,,,,,,,,,,,,
2021,447,636048,1,10-23-2021,18:29,23,10,Oct,,77,Yakima,0,10,,2,2,2,1,0,2,2,,,,12,0,6,Angle,4.9,2,0,2,4 Way,5,1,1,3,0,3,20,3,SR-22,N MEYERS RD,-120.2938833,46.35704722,98948,0,1,89,Others,17,2,35,4,0,0,1,2,12,1,1,2,1,1,Going Straight,1,2,53,,0,12,23,2014,0,0,8,,,,,,1,1,37,1,0,0,0,0,3,0,11,0,,,,,0,0,3,3,1,0,0,0,0,96,,,,,,0,,,,,,98373,53,74,280,6,1,0,0,0,0,,0,,,,,,0,05-15-2013,05-15-2013,20,0,0,0,8,9,8,,,0,0,0,8,0,8,95,,,96,,,8,95,995,,,,,,,,,,,,,,,,,,,,,,,,,,,,,,0,0,0,0,0,0,0,0,0,1,0,1,0,0,0,0,0,0,0,0,0,0,0,0,0,0,0,0,0,1,0,1,0,0,0,,0,0,0,0,0,0,0,0,0,0,0,0,0,0,0,0,,,,,,36-40,36-45,City street,U,Sunday,Belt Used,PV,Not Fatal,0,0,0,0,City Street,Municipal/City Police,Puyallup Police Department,0,0,0,1,0,,,,,,0,0,1,,,,,,,,,,,,,,,,,,,,,,,,,,,,,,,,,,,
2020,447,635218,122,11-18-2020,10:07,18,11,Nov,,61,Snohomish,690,2,,1,2,2,1,0,4,1,10:10,10:12,10:39,20,0,0,No vehicle,0.1,5,0,1,No intersection,1,2,1,1,0,0,0,0,I-5 RAMP,,-122.225425,47.92290556,98202,0,1,1,Driver Off Road,51,3,60,61,0,5,1,2,20,1,2,1,6,1,Going Straight,4,3,53,,0,12,481,1996,0,0,63,1,3,,,,1,1,78,1,7,1,4,7,3,0,11,0,01-11-2018,09:40,53001406,1406,0,0,0,3,1,87,0,0,0,96,,,,,,0,,,,,,99115,53,70,180,6,1,0,0,0,0,,0,,,,,,4,,,20,0,0,0,0,9,8,,,0,0,0,8,0,2,1,,,1,,,2,1,0,,,,,,,,,,,,,,,,,,,,,,,,,,,,,,0,0,0,0,0,0,0,0,0,0,0,0,1,0,0,0,0,0,0,0,0,0,0,0,0,1,1,1,0,1,0,0,0,0,0,,1,0,0,0,0,0,0,0,0,1,0,0,0,0,0,0,,,,,,76-80,76+,State route,R,Thursday,Belt Used,PV,White,0,1,0,0,State Route,State Patrol,Washington State Patrol Headquarter,1,1,0,0,0,,,,,,0,0,0,,,,,,,,,,,,,,,,,,,,,,,,,,,,,,,,,,,
2019,447,634522,7,12-19-2019,03:42,19,12,Dec,,33,King,0,5,0,2,2,2,1,1,1,1,,,,8,0,0,No vehicle,2.4,1,0,1,No intersection,2,2,1,3,0,0,0,0,SR-516,,-122.2823722,47.39114722,98032,0,1,13,Pedestrian/Animal,80,5,55,34,0,0,1,5,8,2,2,2,3,14,Making a U turn,1,1,53,,0,63,34,2018,0,0,8,,,,,,1,1,35,2,0,0,0,0,3,0,11,0,,,,,0,0,3,3,1,0,0,0,0,96,,,,,,0,,,,,,98003,53,66,160,6,1,0,0,0,0,,0,,,,,,0,,,20,0,0,0,8,9,8,,,0,0,0,8,0,8,95,,,96,,,8,95,995,,,,,,,,,,,,,,,,,,,,,,,,,,,,,,0,0,0,0,0,0,0,0,0,0,0,0,0,0,0,0,0,0,0,0,0,0,0,0,0,0,0,0,0,1,0,1,0,0,0,,0,0,0,0,0,0,0,0,0,0,0,0,0,0,0,0,,,,,,31-35,26-35,Interstate,U,Saturday,Belt Used,PV,Not Fatal,0,0,0,0,State Route,State Patrol,Washington State Patrol Headquarter,0,1,0,0,0,,,,,,0,0,0,,,,,,,,,,,,,,,,,,,,,,,,,,,,,,,,,,,
2018,447,633687,7,11-09-2018,22:35,9,11,Nov,0,53,Pierce,0,1,0,3,1,2,1,0,2,2,,,,12,0,2,Front-to-Front,52.1,2,0,3,T Intersection,3,1,1,3,0,0,0,0,SR-7,115TH ST S,-122.4343361,47.15180833,98444,0,2,69,Initial Opposite Direction(Going Straight),62,4,35,4,0,0,1,2,12,1,2,5,5,1,Going Straight,1,1,53,,0,2,999,9999,0,0,8,,,,,,1,1,36,1,0,0,0,0,99,0,11,0,,,,,0,0,0,2,1,0,0,0,0,96,,,,,,99,,,,,,98444,53,65,150,1,1,0,0,0,0,,97,,,,,,4,,,99,0,0,0,8,9,8,,,0,0,0,8,9,8,95,,,96,,,8,95,995,,,,,,,,,,,,,,,,,,,,,,,,,,,,,,0,0,0,0,0,0,0,0,0,1,1,1,1,1,0,0,0,0,0,0,0,0,0,0,0,0,0,0,0,1,0,1,0,0,0,,0,0,0,0,0,0,0,0,0,1,0,1,0,0,0,0,,,,,,36-40,36-45,City street,U,Thursday,Unknown,PV,Not Fatal,0,0,0,0,City Street,Municipal/City Police,Tacoma Police Department,0,0,0,1,0,,,,,,0,0,0,,,,,,,,,,,,,,,,,,,,,,,,,,,,,,,,,,,
2018,447,633686,7,11-09-2018,22:35,9,11,Nov,0,53,Pierce,0,1,0,3,1,2,1,0,2,2,,,,12,0,2,Front-to-Front,52.1,2,0,3,T Intersection,3,1,1,3,0,0,0,0,SR-7,115TH ST S,-122.4343361,47.15180833,98444,0,1,68,Initial Opposite Direction(Left/Right),16,2,35,34,0,0,1,2,12,1,2,5,5,11,Turning Red: Permitted on red,1,1,53,,0,12,402,2014,0,0,8,,,,,,1,1,29,1,0,0,0,0,99,0,11,0,,,,,0,0,0,3,1,0,0,0,0,96,,,,,,0,,,,,,98685,53,69,160,6,1,0,0,0,0,,97,,,,,,0,,,20,0,0,0,8,9,8,,,0,0,0,8,0,2,1,,,1,,,2,1,0,,,,,,,,,,,,,,,,,,,,,,,,,,,,,,0,0,0,0,0,0,0,0,0,1,1,1,0,0,0,0,0,0,0,0,0,0,0,0,0,0,0,0,0,1,0,1,0,0,0,,0,0,0,0,0,0,0,0,0,0,0,0,0,0,0,0,,,,,,26-30,26-35,County road,U,Thursday,Unknown,PV,Not Fatal,0,0,0,0,County Road,County Sheriff,Clark County Sheriff's Office,0,0,1,0,0,,,,,,0,0,0,,,,,,,,,,,,,,,,,,,,,,,,,,,,,,,,,,,
2020,448,3876903,263,10-31-2020,19:45,31,10,Oct,,33,King,1960,1,,3,1,2,1,1,1,1,19:46,19:51,20:22,8,0,0,No vehicle,0,3,0,2,4 Way,3,2,4,6,0,0,3,3,RAINIER AVE S,S ALASKA ST,-122.2870778,47.56079167,98118,0,1,13,Pedestrian/Animal,80,5,25,14,0,0,1,5,8,1,1,5,1,1,Going Straight,1,1,41,,0,49,46,2013,0,0,12,,,,,,1,1,79,2,0,0,0,0,99,0,11,0,,,,,0,0,0,3,1,0,0,0,0,96,,,,,,99,,,,,,98664,53,58,145,6,1,0,1,0,1,,0,,,,,,4,09-15-2016,06-15-2017,20,0,0,0,8,9,8,,,0,0,0,8,9,8,95,,,96,,,8,95,995,,,,,,,,,,,,,,,,,,,,,,,,,,,,,,0,0,0,0,1,1,1,1,0,0,0,0,1,1,0,0,0,0,0,1,0,0,0,0,0,1,1,1,0,1,0,0,0,0,0,,0,0,0,0,0,0,0,0,0,1,0,0,0,0,0,0,,,,,,76-80,76+,State route,U,Sunday,Unknown,PV,Not Fatal,0,0,0,1,State Route,State Patrol,Washington State Patrol Headquarter,0,1,0,0,0,,,,,,0,0,0,,,,,,,,,,,,,,,,,,,,,,,,,,,,,,,,,,,
2017,448,3764453,263,07-10-2017,01:03,10,7,July,0,33,King,1960,2,0,3,2,1,1,1,1,1,,,,8,0,0,No vehicle,0,1,0,1,No intersection,4,2,4,6,0,0,0,0,RENTON AVE S,,-122.2665444,47.51478889,98118,0,1,13,Pedestrian/Animal,80,5,35,2,0,0,1,2,8,1,1,2,1,1,Going Straight,1,4,53,,0,18,401,2004,0,0,12,,,,,,1,1,35,1,1,1,4,7,20,0,11,0,02-11-2018,01:17,2.37E+11,7572,0,0,0,2,1,0,0,0,0,96,,,,,,9,,,,,,98684,53,72,170,1,1,1,0,0,1,,0,,,,,,0,08-15-2016,06-15-2017,8,0,0,0,0,1,8,,,0,0,0,8,1,2,177,,,1,,,2,1,0.21,,,,,,,,,,,,,,,,,,,,,,,,,,,,,,0,0,0,0,1,1,1,1,0,0,0,0,1,1,0,0,0,0,0,1,0,0,0,0,0,1,1,1,0,1,0,0,0,1,0,,1,0,0,0,0,1,1,1,0,0,0,1,0,0,0,1,,,,,,31-35,26-35,State route,U,Sunday,Not Used,PV,Hispanic,0,0,0,1,State Route,State Patrol,Washington State Patrol Headquarter,0,1,0,0,0,,,,,,0,0,1,,,,,,,,,,,,,,,,,,,,,,,,,,,,,,,,,,,
2018,448,633735,25,11-22-2018,13:07,22,11,Nov,8,33,King,0,1,0,1,1,2,1,0,3,2,,,,12,0,2,Front-to-Front,0.2,1,0,1,No intersection,4,1,2,4,0,0,0,0,CR-SE PETROVITSKY RD,,-122.0789944,47.42122778,98058,0,2,51,Lateral Move(Going Straight),62,4,50,14,0,0,1,7,12,3,2,2,1,14,Making a U turn,2,2,53,,0,35,47,2007,0,0,12,12,,,,,1,1,33,1,7,1,4,0,3,0,11,4,02-11-2018,17:57,2.37E+11,7520,0,0,0,3,1,51,0,0,0,96,,,,,,9,,,,,,98686,53,71,180,6,1,0,0,0,2,,0,,,,,,0,02-15-2015,12-15-2016,8,0,0,0,0,1,8,,,0,0,0,8,1,2,1,,,1,,,2,1,0.09,,,,,,,,,,,,,,,,,,,,,,,,,,,,,,0,0,0,0,1,1,1,1,0,0,0,0,1,1,0,0,0,0,0,1,0,0,0,0,0,1,1,1,0,1,0,0,0,0,0,,1,0,0,0,0,1,0,1,0,0,0,0,0,1,0,1,,,,,,31-35,26-35,State route,U,Sunday,Belt Used,PV,White,0,0,0,1,State Route,State Patrol,Washington State Patrol Headquarter,0,1,0,0,0,,,,,,0,0,1,,,,,,,,,,,,,,,,,,,,,,,,,,,,,,,,,,,
2018,448,633734,25,11-22-2018,13:07,22,11,Nov,8,33,King,0,1,0,1,1,2,1,0,3,2,,,,12,0,2,Front-to-Front,0.2,1,0,1,No intersection,4,1,2,4,0,0,0,0,CR-SE PETROVITSKY RD,,-122.0789944,47.42122778,98058,0,1,50,Lateral Move(Left/Right),10,2,98,4,0,0,1,7,12,2,2,2,1,14,Making a U turn,1,1,53,,0,55,42,2012,0,0,63,41,42,1,42,,1,1,20,2,7,1,4,7,3,0,11,0,11-05-2017,01:58,17053047743,47743,0,0,0,3,1,0,0,0,0,92,,,,,,9,,,,,,98275,53,61,111,6,1,0,0,0,0,0,0,,,,,,4,,,8,0,0,0,0,1,8,,,0,0,0,8,1,2,1,0,0,1,0,0,2,1,0.12,,,,,,,,,,,,,,,,,,,,,,,,,,,,,,0,0,0,0,1,1,0,1,0,0,0,0,1,0,0,0,1,0,0,0,0,1,1,0,1,0,0,0,0,1,0,0,0,0,0,,1,0,0,0,0,1,0,1,1,1,0,0,0,1,0,1,,,,,,18-20,16-25,Interstate,U,Sunday,Belt Used,PV,White,0,1,0,0,State Route,State Patrol,Washington State Patrol Headquarter,1,1,0,0,0,,,,,,,,,,,,,,,,,,,,,,,,,,,,,,,,,,,,,,,,,,,
2021,449,636051,14,11-02-2021,21:14,2,11,Nov,,11,Clark,0,10,,2,2,2,1,0,3,1,,,,30,0,0,No vehicle,0,3,0,3,T Intersection,5,1,2,4,0,0,0,0,CR-NE 152ND AVE,NE 319TH ST,-122.5166556,45.85327778,98604,0,1,6,Drive off road,12,2,40,34,0,0,1,2,30,2,1,2,1,14,Making a U turn,3,2,53,,0,18,401,2005,0,0,68,64,69,68,63,34,1,1,38,2,7,3,4,7,20,0,11,0,02/15/2018,06:52,1.47E+11,7539,8,0,3,3,1,58,0,0,0,96,,,,,,9,,,,,,99155,53,64,180,6,1,0,0,0,0,,0,,,,,,0,,,20,1,9,0,0,1,8,,,0,0,0,8,1,2,1,,,1,,,2,1,0.22,,,,,,,,,,,,,,,,,,,,,,,,,,,,,,0,0,0,0,1,1,0,1,0,0,0,0,0,0,0,0,0,0,0,1,0,0,0,0,0,0,0,0,0,1,0,0,0,1,0,,1,0,0,0,0,1,0,1,0,0,0,0,0,1,0,1,,,,,,36-40,36-45,State route,R,Thursday,Not Used,PV,AIAN,0,1,0,0,State Route,State Patrol,Washington State Patrol Headquarter,1,1,0,0,0,,,,,,0,0,0,,,,,,,,,,,,,,,,,,,,,,,,,,,,,,,,,,,
2020,449,635221,278,11-19-2020,20:00,19,11,Nov,,63,Spokane,2110,1,,2,1,2,1,1,1,1,,,,8,0,0,No vehicle,0,3,0,2,4 Way,3,2,4,6,0,0,0,0,W WELLESLEY AVE,N BELT ST,-117.4432306,47.70075556,99205,0,1,13,Pedestrian/Animal,80,5,30,14,0,0,1,5,8,1,1,5,1,11,Turning Red: Permitted on red,1,2,53,,0,20,403,2003,0,0,63,17,1,,,,1,1,45,2,7,1,4,7,3,0,11,0,02/14/2018,08:20,53007561,7561,0,0,3,2,1,87,0,0,0,96,,,,,,0,,,,,,98902,53,64,275,1,1,0,0,0,0,,0,,,,,,4,04-15-2013,06-15-2013,1,0,0,0,0,9,8,,,0,0,0,0,0,2,1,,,1,,,2,1,0,,,,,,,,,,,,,,,,,,,,,,,,,,,,,,0,0,0,0,0,0,0,0,0,0,0,0,1,1,0,0,0,0,0,0,0,0,0,0,0,0,0,0,0,1,0,0,0,0,0,,1,0,0,0,0,0,0,0,0,1,0,1,0,0,0,0,,,,,,41-45,36-45,Interstate,R,Wednesday,Belt Used,PV,White,0,1,0,0,State Route,State Patrol,Washington State Patrol Headquarter,1,1,0,0,0,,,,,,0,0,2,,,,,,,,,,,,,,,,,,,,,,,,,,,,,,,,,,,
2019,449,634529,8,12-17-2019,19:06,17,12,Dec,,27,Grays Harbor,0,10,0,2,2,2,1,0,1,1,,,,35,0,0,No vehicle,110.4,1,0,1,No intersection,3,1,1,2,0,0,0,0,US-101,,-123.9313722,47.24352778,98552,0,1,1,Driver Off Road,13,2,60,4,0,0,1,7,35,1,1,2,1,1,Going Straight,1,1,53,,0,82,881,2010,0,0,12,,,,,,1,1,41,1,0,0,1,0,3,0,11,8,,,,,6,3,0,3,1,0,0,0,0,96,,,,,,0,,,,,,47240,18,69,212,6,1,0,0,0,0,,0,,,,,,0,,,20,0,0,0,8,9,8,,,0,0,0,8,0,8,95,,,96,,,8,95,995,,,,,,,,,,,,,,,,,,,,,,,,,,,,,,0,0,0,0,1,1,1,1,0,0,0,0,0,0,0,0,1,0,0,1,0,0,0,0,0,0,0,0,0,1,1,0,0,0,0,,0,0,0,0,0,0,0,0,0,0,0,0,0,0,0,0,,,,,,41-45,36-45,State route,R,Thursday,,MHTRUCK,Not Fatal,0,1,1,0,State Route,State Patrol,Washington State Patrol Headquarter,0,1,0,0,0,,,,,,0,0,0,,,,,,,,,,,,,,,,,,,,,,,,,,,,,,,,,,,
2018,449,633736,21,11-22-2018,20:07,22,11,Nov,8,25,Grant,0,3,0,2,4,2,1,0,4,1,20:05,20:17,20:53,24,0,0,No vehicle,16.1,1,0,1,No intersection,5,1,2,4,0,0,0,0,CR-ROAD 5 NW,,-119.8963083,47.16013333,98848,0,1,6,Drive off road,6,1,60,14,0,0,1,7,3,1,1,2,1,6,Others,4,2,53,,0,7,21,2005,0,0,68,12,,,,,1,1,30,1,7,1,4,7,20,0,11,0,02-08-2018,16:38,98053006117,6117,0,0,0,3,1,28,0,0,0,92,,,,,,99,,,,,,80215,8,75,200,6,1,0,0,0,0,,0,,,,,,0,,,1,0,0,0,0,9,8,,,0,0,0,8,9,2,996,,,1,,,2,1,0.28,,,,,,,,,,,,,,,,,,,,,,,,,,,,,,0,0,0,0,1,1,1,1,0,0,0,0,0,0,0,0,1,0,0,1,0,0,0,0,0,0,0,0,0,1,1,0,0,1,0,,1,0,0,0,0,1,1,1,1,0,0,0,0,0,0,1,,,,,,26-30,26-35,State route,R,Thursday,Not Used,PV,White,0,1,1,0,State Route,State Patrol,Washington State Patrol Headquarter,0,1,0,0,0,,,,,,0,0,0,,,,,,,,,,,,,,,,,,,,,,,,,,,,,,,,,,,
2017,449,632929,11,10-25-2017,06:14,25,10,Oct,0,5,Benton,0,1,0,2,1,2,1,0,2,2,,,,12,0,2,Front-to-Front,3.3,1,0,1,No intersection,5,1,2,4,0,0,0,0,CR-WEBBER CANYON RD,,-119.4362722,46.21983056,99320,0,2,51,Lateral Move(Going Straight),62,4,50,52,0,0,1,2,12,4,2,8,1,14,Making a U turn,15,3,53,,0,98,706,2013,0,0,1,14,,,,,1,1,26,1,7,1,4,7,19,0,11,0,02-10-2018,16:25,2.37E+11,7162,0,0,3,2,1,0,0,0,0,96,,,,,,99,,,,,,98671,53,74,165,6,1,1,0,0,2,,0,,,,,,3,10-15-2015,07-15-2017,20,8,0,0,0,9,8,,,0,0,0,8,9,2,1,,,1,,,2,1,0,,,,,,,,,,,,,,,,,,,,,,,,,,,,,,0,0,0,0,0,0,0,0,0,0,0,0,1,0,1,0,0,0,0,0,0,0,0,0,0,0,0,0,1,0,1,0,0,0,1,0,0,0,0,0,0,0,0,0,0,1,0,0,0,0,0,0,,,,,,26-30,26-35,City street,U,Saturday,,MC,White,0,0,0,0,City Street,Municipal/City Police,Vancouver Police Department,0,0,0,1,0,,,,,,0,1,0,,,,,,,,,,,,,,,,,,,,,,,,,,,,,,,,,,,
2017,449,632928,11,10-25-2017,06:14,25,10,Oct,0,5,Benton,0,1,0,2,1,2,1,0,2,2,,,,12,0,2,Front-to-Front,3.3,1,0,1,No intersection,5,1,2,4,0,0,0,0,CR-WEBBER CANYON RD,,-119.4362722,46.21983056,99320,0,1,50,Lateral Move(Left/Right),10,2,50,34,0,0,1,2,12,4,2,8,1,6,Others,1,1,53,,0,85,881,2007,0,0,12,,,,,,1,1,28,1,0,0,1,0,3,0,11,0,,,,,6,1,3,3,1,0,0,0,0,96,,,,,,0,,,,,,99111,53,71,188,6,1,0,0,0,0,,0,,,,,,0,,,20,0,0,0,8,9,8,,,0,0,0,8,0,8,95,,,96,,,8,95,995,,,,,,,,,,,,,,,,,,,,,,,,,,,,,,0,0,0,0,0,0,0,0,0,0,0,0,0,0,0,0,0,0,0,0,0,0,0,0,0,0,0,0,0,1,1,0,0,0,0,,0,0,0,0,0,0,0,0,0,0,0,0,0,0,0,0,,,,,,26-30,26-35,US highway,R,Friday,,MHTRUCK,Not Fatal,0,1,1,0,State Route,State Patrol,Washington State Patrol Headquarter,0,1,0,0,0,,,,,,0,0,0,,,,,,,,,,,,,,,,,,,,,,,,,,,,,,,,,,,