year,something,Cases,repjur,crash_dt,crash_tm,accday,Month,Month,holiday,county,co_char,city,weather,weather2,lightcond,surfcond,surftype,Number of Fatalities,nmforms,pforms,vforms,not_tm,arr_tm,hosp_tm,fhevent,hitrun,Manner of Collision,Manner of Collision,milepnt,reljunc,reljuncinter,intersectiontype,Intersection Type,funcsystem,landuse,ownership,route,schlbus,spejur,contdev,devfunc,trafid1,trafid2,x,y,zipcode,wk_zone,vnumber,crashtype,Crash Type,criticalevent,criticaleventcat,spdlim,body,trailer,emerg,hazcargo,leave,mhevent,roadalgn,roadprof,traflane,trafflow,Vehicle Manure,Vehicle Manure,numoccs,regowner,regstate,,spuse,make,model,modelyr,vrf1,vrf2,seqevent1,seqevent2,seqevent3,seqevent4,seqevent5,seqevent6,pnumber,ptype,age,sex,hispanic,race,injury,diedscene,restraint,restraintmisuse,seatpos,takehosp,death_dt,death_tm,cert,cernum_wa,commlic,licendor,licrestrict,liccomp,drivpres,drf1,drf2,drf3,drf4,distract1,distract2,distract3,distract4,distract5,distract6,dricond1,dricond2,dricond3,dricond4,dricond5,dricond6,dzip,licstate,drhgt_in,weight,noncdl,noncdltype,prevdwi,prevoth,prevacc,prevspd,prevsus,driviol1,driviol2,driviol3,driviol4,driviol5,driviol6,spdrel,first_dt,last_dt,airbag,ejection,ejectpath,extricat,injurwrk,methalc,methdrug,nmlocat,strikveh,prf1,prf2,prf3,druginv,alcinvol,drugsts,drugres1,drugres2,drugres3,drugtst1,drugtst2,drugtst3,alcsts,alctst,alcres,nmact1,nmact2,nmact3,nmact4,nmact5,nmact6,nmprior1,nmprior2,nmprior3,nmprior4,nmprior5,nmprior6,nmcond1,nmcond2,nmcond3,nmcond4,nmcond5,nmcond6,nmsafe_helmet,nmsafe_pads,nmsafe_oth,nmprev_ref,nmprev_lgt,nmprev_oth,crashlocation,nmcrashtype,crosswalk,schoolzone,sidewalk,train_inv,wildlife_inv,rotr_fars,intersect_fars,Drink and Drive,aid_inv,Drug Positive Drivers,Impaired Drivers,Marijuana Positive,impnm_inv,ainm_inv,dpnm_inv,speed_inv,unlic_inv,unendmc_inv,drowsy_inv,drdist_inv,nmdist_inv,fty_inv,unrestfat_inv,dr1617_inv,dr1820_inv,dr1620_inv,dr2125_inv,dr1625_inv,dr65_inv,dr70_inv,dr75_inv,mc_inv,pv_inv,ht_inv,ped_inv,bike_inv,unrest_fat,mc_fat,unhelmet_mc,pv_fat,ht_fat,ped_fat,bike_fat,dr_alc7,dr_alc8,dr_drug,dr_imp,dr_dist,dr_spd,dr_fty,dr_unlic,dr_alc7only,dr_alc8only,dr_drugonly,dr_drink,nm_imp,nm_alc7,nm_alc8,nm_drug,nm_dist,agegrp1,agegrp2,roadclass,urbrur,dayweek,restuse,vehtype,race_me,intersect,lanedep,oppdir,wrongway,rep_typ,investag,repag_long,rotr,st_rd,cty_rd,city_rd,oth_rd,drug_thc,thc_res,drug_cthc,cthc_res,drug_cann,prevpersemin,prevperse,prevsusoth,drugtst4,drugtst5,drugtst6,drugtst7,drugtst8,drugres4,drugres5,drugres6,drugres7,drugres8,adspresent,adsengaged,adslevel,race1,race2,race3,race4,race5,helmet,helmetmisuse,nmdistract1,nmdistract2,nmdistract3,nmdistract4,nmdistract5,nmdistract6,lab,isedtcase,crf1,crf2,crf3,CoRoadName,CoMP,IntCoRoadName,IntCoMP
2020,450,3888029,263,11-04-2020,17:49,4,11,Nov,,33,King,1960,2,,3,2,2,1,1,1,1,17:50,17:58,,8,0,0,No vehicle,33.7,3,0,2,4 Way,3,2,1,3,0,0,0,0,SR-099,N 137TH ST,-122.3450556,47.72873056,98133,0,1,13,Pedestrian/Animal,80,5,40,4,0,0,1,5,8,1,1,5,5,1,Going Straight,1,1,4,,0,53,31,2001,0,0,63,69,68,12,,,1,1,28,1,1,1,4,7,3,0,11,0,02-09-2018,12:45,53006761,6761,0,0,0,3,1,28,0,0,0,96,,,,,,99,,,,,,99206,53,68,200,6,1,0,0,0,0,,0,,,,,,0,,,1,0,0,0,0,9,8,,,0,0,0,8,0,2,1,,,1,,,2,1,0,,,,,,,,,,,,,,,,,,,,,,,,,,,,,,0,0,0,0,0,0,0,0,0,0,0,0,0,0,0,0,0,0,0,0,0,0,0,0,0,0,0,0,0,1,1,0,0,0,0,,1,0,0,0,0,0,0,0,0,0,0,0,0,0,0,0,,,,,,26-30,26-35,US highway,R,Friday,Belt Used,PV,Hispanic,0,1,1,0,State Route,State Patrol,Washington State Patrol Headquarter,0,1,0,0,0,,,,,,0,0,0,,,,,,,,,,,,,,,,,,,,,,,,,,,,,,,,,,,
2021,450,636056,2,11-02-2021,22:50,2,11,Nov,,73,Whatcom,110,2,,2,2,2,1,1,4,3,,,,18,0,0,No vehicle,253.5,1,0,1,No intersection,1,2,1,1,0,0,0,0,I-5,,-122.462875,48.75261389,98225,0,3,12,Others,90,6,60,4,0,0,1,5,25,1,2,2,3,1,Going Straight,1,2,53,,0,12,880,2016,0,0,12,68,64,42,1,,1,1,55,1,7,1,4,0,3,0,11,8,09/25/2017,05:33,1.70E+11,41861,5,0,0,3,1,0,0,0,0,0,,,,,,99,,,,,,98363,53,71,180,6,1,0,0,0,2,0,0,,,,,,0,01-15-2015,06-15-2015,2,0,0,0,9,9,8,,,0,0,0,8,0,2,1,0,0,1,0,0,2,1,0,,,,,,,,,,,,,,,,,,,,,,,,,,,,,,0,0,0,0,0,0,0,0,0,0,0,0,0,0,0,0,0,0,0,0,0,0,0,0,0,0,0,0,0,0,1,0,0,0,0,,0,1,0,0,0,0,0,0,0,0,0,0,0,0,0,0,,,,,,51-55,46-55,US highway,R,Monday,Belt Used,MHTRUCK,White,0,1,1,0,State Route,State Patrol,Washington State Patrol Headquarter,0,1,0,0,0,,,,,,,,,,,,,,,,,,,,,,,,,,,,,,,,,,,,,,,,,,,
2021,450,636055,2,11-02-2021,22:50,2,11,Nov,,73,Whatcom,110,2,,2,2,2,1,1,4,3,,,,18,0,0,No vehicle,253.5,1,0,1,No intersection,1,2,1,1,0,0,0,0,I-5,,-122.462875,48.75261389,98225,0,2,98,Others,80,5,60,4,0,0,1,5,8,1,2,2,3,1,Going Straight,1,1,53,,0,99,884,9999,0,0,12,,,,,,1,1,999,9,0,0,0,0,99,0,11,0,,,,,99,9,9,9,1,0,0,0,0,99,,,,,,99,,,,,,99999,99,,999,9,9,99,99,99,99,99,0,,,,,,0,,,99,0,0,0,8,9,8,,,0,0,0,9,9,0,0,0,0,0,0,0,0,0,996,,,,,,,,,,,,,,,,,,,,,,,,,,,,,,0,0,0,0,0,0,0,0,0,0,0,0,0,0,0,0,0,0,0,0,0,0,0,0,0,0,0,0,0,0,1,0,0,0,0,,0,0,0,0,0,0,0,0,0,0,0,0,0,0,0,0,,,,,,,,US highway,R,Monday,Unknown,MHTRUCK,Not Fatal,0,1,1,0,State Route,State Patrol,Washington State Patrol Headquarter,0,1,0,0,0,,,,,,,,,,,,,,,,,,,,,,,,,,,,,,,,,,,,,,,,,,,
2021,450,636054,2,11-02-2021,22:50,2,11,Nov,,73,Whatcom,110,2,,2,2,2,1,1,4,3,,,,18,0,0,No vehicle,253.5,1,0,1,No intersection,1,2,1,1,0,0,0,0,I-5,,-122.462875,48.75261389,98225,0,1,98,Others,80,5,60,4,0,0,1,5,8,1,2,2,3,1,Going Straight,2,2,53,,0,32,43,2006,0,0,8,,,,,,1,1,34,1,0,0,0,0,3,0,11,0,,,,,0,0,0,3,1,0,0,0,0,96,,,,,,99,,,,,,98177,53,72,175,6,1,1,2,0,0,,0,,,,,,0,01-15-2014,08-15-2017,20,0,0,0,8,9,8,,,0,0,0,8,9,2,1,,,1,,,2,1,0,,,,,,,,,,,,,,,,,,,,,,,,,,,,,,0,0,0,0,0,0,0,0,0,1,0,1,0,0,0,0,0,0,0,0,0,0,0,0,0,0,0,0,0,1,0,1,0,0,0,,0,0,0,0,0,0,0,0,0,0,0,0,0,0,0,0,,,,,,31-35,26-35,US highway,U,Tuesday,Belt Used,PV,Not Fatal,0,0,0,0,State Route,Municipal/City Police,Monroe Police Department,0,1,0,0,0,,,,,,0,1,1,,,,,,,,,,,,,,,,,,,,,,,,,,,,,,,,,,,
2019,450,634531,1,12-20-2019,11:34,20,12,Dec,,5,Benton,0,1,0,1,1,1,1,0,2,1,,,,1,0,0,No vehicle,97.3,1,0,1,No intersection,1,1,1,1,0,0,0,0,I-82,,-119.4615861,46.25447222,99320,0,1,7,Control/Traction Loss,6,1,70,2,0,0,1,7,1,1,2,2,2,1,Going Straight,2,1,53,,0,7,481,1991,0,0,64,14,8,,,,1,1,30,1,0,0,0,0,99,0,11,0,,,,,0,0,0,3,1,91,0,0,0,96,,,,,,99,,,,,,98059,53,72,205,6,1,0,1,0,2,,7,,,,,,0,01-15-2016,01-15-2017,20,0,0,0,8,9,8,,,0,0,0,8,9,8,95,,,96,,,8,95,995,,,,,,,,,,,,,,,,,,,,,,,,,,,,,,0,0,0,0,0,0,0,0,0,1,0,1,0,0,0,0,0,0,0,0,0,0,0,0,0,0,0,0,0,1,0,1,0,0,0,,0,0,0,0,0,0,0,0,0,0,0,0,0,0,0,0,,,,,,26-30,26-35,State route,U,Friday,Unknown,PV,Not Fatal,0,1,0,0,State Route,State Patrol,Washington State Patrol Headquarter,1,1,0,0,0,,,,,,0,0,0,,,,,,,,,,,,,,,,,,,,,,,,,,,,,,,,,,,
2018,450,633737,21,11-23-2018,00:39,23,11,Nov,8,25,Grant,0,1,0,2,4,2,1,0,1,1,02:48,03:18,,1,0,0,No vehicle,9.1,1,0,1,No intersection,5,1,2,4,0,0,0,0,CR-DODSON RD S,,-119.5572278,47.00881667,98837,0,1,2,Control/Traction Loss,6,1,60,15,0,0,1,7,1,1,1,2,1,1,Going Straight,1,1,53,,0,7,24,2008,0,0,8,,,,,,1,1,50,2,0,0,0,0,3,0,11,0,,,,,0,0,0,3,1,10,0,0,0,96,,,,,,0,,,,,,98198,53,68,165,6,1,0,0,0,0,,0,,,,,,0,,,20,0,0,0,8,9,8,,,0,0,0,8,0,8,95,,,96,,,8,95,995,,,,,,,,,,,,,,,,,,,,,,,,,,,,,,0,0,0,0,0,0,0,0,0,0,0,0,0,0,0,0,0,0,0,0,0,0,0,0,0,0,0,0,0,1,0,1,0,0,0,,0,0,0,0,0,0,0,0,0,0,0,0,0,0,0,0,,,,,,46-50,46-55,State route,U,Thursday,Belt Used,PV,Not Fatal,0,0,0,0,State Route,County Sheriff,King County Police,0,1,0,0,0,,,,,,0,0,0,,,,,,,,,,,,,,,,,,,,,,,,,,,,,,,,,,,
2017,450,632960,2,10-30-2017,19:32,30,10,Oct,0,29,Island,0,1,0,2,1,2,1,0,1,1,,,,30,0,0,No vehicle,2.2,1,0,1,No intersection,7,1,2,4,0,0,0,0,CR-163 S EBEY ROAD,,-122.6957083,48.20213889,98239,0,1,6,Drive off road,10,2,35,5,0,0,1,2,30,3,2,2,1,14,Making a U turn,1,1,53,,0,2,403,1997,0,0,63,1,,,,,1,1,51,1,7,1,4,7,3,0,11,0,01/27/2018,04:02,53004652,4652,0,0,0,3,1,0,0,0,0,92,,,,,,99,,,,,,99022,53,73,240,6,1,0,0,0,0,,0,,,,,,0,,,20,0,0,0,0,9,8,,,0,0,0,8,9,2,1,,,1,,,2,1,0.18,,,,,,,,,,,,,,,,,,,,,,,,,,,,,,0,0,0,0,1,1,0,1,0,0,0,0,0,0,0,0,1,0,0,0,0,0,0,0,0,0,0,0,0,1,0,0,0,0,0,,1,0,0,0,0,1,0,1,1,0,0,0,0,1,0,1,,,,,,51-55,46-55,County road,R,Saturday,Belt Used,PV,White,0,1,0,0,County Road,County Sheriff,Spokane County Sheriff's Office,1,0,1,0,0,,,,,,0,0,0,,,,,,,,,,,,,,,,,,,,,,,,,,,,,,,,,,,
2021,451,636057,1,11-01-2021,17:55,1,11,Nov,,5,Benton,0,2,,5,2,1,1,0,1,1,,,,1,0,0,No vehicle,128.4,1,0,1,No intersection,1,1,1,1,0,0,0,0,I-82,,-119.3193528,45.98312778,99346,0,1,7,Control/Traction Loss,11,2,70,4,0,0,1,2,1,4,2,2,2,14,Making a U turn,1,3,41,,0,7,402,2002,0,0,64,42,,,,,1,1,33,2,0,0,2,0,20,0,11,5,,,,,0,0,0,3,1,0,0,0,0,93,,,,,,99,,,,,,99207,53,67,170,6,1,0,0,0,1,,0,,,,,,4,10-15-2015,12-15-2016,1,0,0,0,8,9,8,,,0,0,0,8,1,8,95,,,96,,,8,95,995,,,,,,,,,,,,,,,,,,,,,,,,,,,,,,0,0,0,0,1,0,0,0,0,0,0,0,1,0,0,0,1,0,0,0,0,0,0,0,0,0,0,0,0,1,0,0,0,0,0,,0,0,0,0,0,0,0,0,1,1,0,0,0,0,0,1,,,,,,31-35,26-35,State route,R,Friday,Not Used,PV,Not Fatal,0,1,0,0,State Route,State Patrol,Washington State Patrol Headquarter,1,1,0,0,0,,,,,,0,0,1,,,,,,,,,,,,,,,,,,,,,,,,,,,,,,,,,,,
2020,451,635220,7,11-18-2020,04:25,18,11,Nov,,33,King,0,2,,3,2,2,1,0,4,2,04:54,05:07,,12,0,1,Front-to-Rear,10.9,1,0,1,No intersection,3,2,1,3,0,0,0,0,SR-18,,-122.1377083,47.34841667,98042,0,2,21,Others,53,3,60,4,0,0,1,5,12,1,2,2,3,5,Others,3,5,53,,0,12,423,2001,0,0,12,,,,,,1,1,39,1,0,0,0,0,3,0,11,0,,,,,0,0,0,3,1,0,0,0,0,96,,,,,,0,,,,,,98323,53,75,200,6,1,0,0,0,0,,0,,,,,,0,,,99,0,0,0,8,3,8,,,0,0,0,8,1,8,95,,,96,,,8,95,995,,,,,,,,,,,,,,,,,,,,,,,,,,,,,,0,0,0,0,1,0,0,0,0,0,0,0,0,1,0,0,1,0,1,0,0,0,0,0,0,0,0,0,0,1,0,0,0,0,0,,0,0,0,0,0,0,0,0,0,0,0,0,0,0,0,1,,,,,,36-40,36-45,State route,U,Friday,Belt Used,PV,Not Fatal,0,0,0,0,State Route,Municipal/City Police,Puyallup Police Department,0,1,0,0,0,,,,,,0,0,0,,,,,,,,,,,,,,,,,,,,,,,,,,,,,,,,,,,
2020,451,635219,7,11-18-2020,04:25,18,11,Nov,,33,King,0,2,,3,2,2,1,0,4,2,04:54,05:07,,12,0,1,Front-to-Rear,10.9,1,0,1,No intersection,3,2,1,3,0,0,0,0,SR-18,,-122.1377083,47.34841667,98042,0,1,20,Others,50,3,60,34,0,0,1,5,12,1,2,2,3,1,Going Straight,1,5,53,,0,35,47,2015,0,0,12,,,,,,1,1,63,2,0,0,1,0,3,0,11,5,,,,,0,0,3,2,1,10,38,0,0,93,,,,,,0,,,,,,98422,53,65,180,1,1,0,0,1,0,,46,71,76,,,,0,10-15-2014,07-15-2017,8,0,0,0,8,9,8,,,0,0,0,8,0,8,95,,,96,,,8,95,995,,,,,,,,,,,,,,,,,,,,,,,,,,,,,,0,0,0,0,1,0,0,0,0,0,0,0,0,1,0,0,1,0,1,0,0,0,0,0,0,0,0,0,0,1,0,0,0,0,0,,0,0,0,0,0,0,0,0,1,0,1,1,0,0,0,0,,,,,,61-65,56-65,State route,U,Friday,Belt Used,PV,Not Fatal,0,0,0,0,State Route,Municipal/City Police,Puyallup Police Department,0,1,0,0,0,,,,,,0,0,2,,,,,,,,,,,,,,,,,,,,,,,,,,,,,,,,,,,
2019,451,634532,6,12-23-2019,13:30,23,12,Dec,,47,Okanogan,0,1,0,1,1,2,1,0,2,1,,,,34,0,0,No vehicle,315.4,1,0,1,No intersection,3,1,1,2,0,0,98,3,US-97,,-119.4205778,48.91855556,98844,0,1,1,Driver Off Road,13,2,60,6,0,0,1,7,1,3,2,2,1,14,Making a U turn,2,1,53,,0,48,403,2017,0,0,12,,,,,,1,1,58,1,0,0,1,0,3,0,11,5,,,,,0,0,0,3,1,0,0,0,0,0,,,,,,0,,,,,,98226,53,69,225,6,1,0,0,0,0,0,0,,,,,,0,,,8,0,0,0,8,9,8,,,0,0,0,8,0,2,1,0,0,1,0,0,2,1,0,,,,,,,,,,,,,,,,,,,,,,,,,,,,,,0,0,0,0,1,1,1,1,0,0,0,0,0,1,0,0,0,0,0,1,0,0,0,0,0,0,0,0,0,1,0,0,0,0,0,,0,0,0,0,0,0,0,0,0,0,0,0,0,0,0,0,,,,,,56-60,56-65,Interstate,U,Friday,Belt Used,PV,Not Fatal,0,0,0,0,State Route,State Patrol,Washington State Patrol Headquarter,0,1,0,0,0,,,,,,,,,,,,,,,,,,,,,,,,,,,,,,,,,,,,,,,,,,,
2018,451,633738,222,12-04-2018,11:51,4,12,Dec,0,67,Thurston,1590,1,0,1,1,2,1,1,1,1,,,,15,0,0,No vehicle,0,4,0,1,No intersection,7,2,4,6,0,0,0,0,MARTIN WAY E,ENSIGN RD NE,-122.8558361,47.04649444,98506,0,1,13,Pedestrian/Animal,83,5,35,67,0,0,1,7,15,1,1,4,1,10,Others,1,1,53,,0,37,31,1993,0,0,12,,,,,,1,1,36,2,7,2,4,0,20,0,11,5,10/13/2017,22:10,1.96E+11,45719,0,0,3,2,1,48,0,0,0,96,,,,,,99,,,,,,98030,53,68,242,2,1,1,1,0,0,0,0,,,,,,0,08-15-2016,08-15-2016,8,0,0,0,0,9,8,,,0,0,0,8,9,2,401,417,0,1,1,0,2,1,0.12,,,,,,,,,,,,,,,,,,,,,,,,,,,,,,0,0,0,0,1,1,1,1,0,0,0,0,0,1,0,0,0,0,0,1,0,0,0,0,0,0,0,0,0,1,0,0,0,1,0,,1,0,0,0,0,1,1,1,0,0,0,1,0,0,0,1,,,,,,36-40,36-45,Interstate,U,Friday,Not Used,PV,Black,0,0,0,0,State Route,State Patrol,Washington State Patrol Headquarter,0,1,0,0,0,,,,,,,,,,,,,,,,,,,,,,,,,,,,,,,,,,,,,,,,,,,
2017,451,632933,330,10-28-2017,18:56,28,10,Oct,0,77,Yakima,2590,1,0,3,1,2,1,1,1,1,18:56,19:02,19:14,8,1,0,No vehicle,0,3,0,2,4 Way,5,2,4,6,0,0,0,0,S 6TH ST,E SPRUCE ST,-120.4965306,46.60022222,98901,0,1,13,Pedestrian/Animal,80,5,30,9,0,0,1,5,8,1,1,4,1,1,Going Straight,99,9,99,,0,48,45,2004,0,0,12,,,,,,1,1,62,2,0,0,0,0,3,0,11,0,,,,,0,0,0,3,1,0,0,0,0,96,,,,,,0,,,,,,98388,53,63,170,6,1,0,0,0,0,,0,,,,,,0,,,20,0,0,0,8,9,8,,,0,0,0,8,0,8,95,,,96,,,8,95,995,,,,,,,,,,,,,,,,,,,,,,,,,,,,,,0,0,0,0,0,0,1,1,0,0,0,0,0,0,0,0,1,0,0,0,0,0,0,1,1,0,0,0,0,1,0,0,0,0,0,,0,0,0,0,0,0,0,0,0,0,0,0,0,0,0,0,,,,,,61-65,56-65,State route,U,Saturday,Belt Used,PV,Not Fatal,0,1,1,0,State Route,Municipal/City Police,Tacoma Police Department,0,1,0,0,0,,,,,,0,0,0,,,,,,,,,,,,,,,,,,,,,,,,,,,,,,,,,,,
2021,452,636058,160,10-30-2021,04:23,30,10,Oct,,33,King,1030,1,,3,1,2,1,1,1,1,,,,8,1,0,No vehicle,0.2,3,0,3,T Intersection,4,2,1,3,0,0,0,0,SR-167,S 228TH ST,-122.228125,47.39721667,98031,0,1,13,Pedestrian/Animal,80,5,35,2,0,0,1,2,8,8,8,6,1,1,Going Straight,99,9,53,,0,7,482,2002,0,0,12,,,,,,1,1,63,1,0,0,9,0,3,0,11,5,,,,,0,0,0,3,1,0,0,0,0,96,,,,,,0,,,,,,98371,53,75,235,6,1,0,0,0,0,,0,,,,,,0,,,20,0,0,0,8,9,8,,,0,0,0,8,0,8,95,,,96,,,8,95,995,,,,,,,,,,,,,,,,,,,,,,,,,,,,,,0,0,0,0,0,0,1,1,0,0,0,0,0,0,0,0,1,0,0,0,0,0,0,1,1,0,0,0,0,1,0,0,0,0,0,,0,0,0,0,0,0,0,0,0,0,0,0,0,0,0,0,,,,,,61-65,56-65,State route,U,Saturday,Belt Used,PV,Not Fatal,0,1,1,0,State Route,Municipal/City Police,Tacoma Police Department,0,1,0,0,0,,,,,,0,0,0,,,,,,,,,,,,,,,,,,,,,,,,,,,,,,,,,,,
2020,452,635223,14,11-14-2020,20:55,14,11,Nov,,11,Clark,0,2,,2,2,2,1,0,3,2,,,,12,0,6,Angle,4.3,2,0,2,4 Way,5,2,2,4,0,0,0,0,CR-NE 72ND AVE,NE 139TH ST,-122.5994222,45.72230556,98686,0,2,88,Striking from the Left,66,4,50,34,0,0,1,2,12,1,1,2,1,1,Going Straight,1,1,53,,0,54,38,2002,0,0,64,12,12,,,,1,1,23,2,1,68,4,7,3,0,11,0,01/27/2018,14:52,2.23E+11,4649,0,0,3,3,1,0,0,0,0,92,,,,,,0,,,,,,98031,53,62,140,6,1,0,0,0,0,,0,,,,,,0,,,20,0,0,0,0,9,8,,,0,0,0,8,0,2,167,,,1,,,2,1,0,,,,,,,,,,,,,,,,,,,,,,,,,,,,,,0,0,0,0,0,0,1,1,0,0,0,0,0,0,0,0,1,0,0,0,0,0,0,1,1,0,0,0,0,1,0,0,0,0,0,,1,0,0,0,0,0,1,1,1,0,0,0,0,0,1,0,,,,,,21-25,16-25,State route,U,Saturday,Belt Used,PV,Hispanic,0,1,1,0,State Route,Municipal/City Police,Tacoma Police Department,0,1,0,0,0,,,,,,0,0,0,,,,,,,,,,,,,,,,,,,,,,,,,,,,,,,,,,,
2020,452,635222,14,11-14-2020,20:55,14,11,Nov,,11,Clark,0,2,,2,2,2,1,0,3,2,,,,12,0,6,Angle,4.3,2,0,2,4 Way,5,2,2,4,0,0,20,3,CR-NE 72ND AVE,NE 139TH ST,-122.5994222,45.72230556,98686,0,1,89,Others,17,2,40,2,0,0,1,2,12,1,1,2,1,4,Others,2,2,53,,0,12,481,2014,0,0,63,1,,,,,1,1,32,1,7,58,4,7,20,0,11,0,01/25/2018,04:34,53003745,3745,0,0,0,3,1,87,0,0,0,96,,,,,,99,,,,,,83704,16,65,185,6,1,0,0,0,1,,0,,,,,,4,09-15-2015,09-15-2015,8,1,9,0,9,9,8,,,0,0,0,8,9,2,423,,,2,,,2,1,0,,,,,,,,,,,,,,,,,,,,,,,,,,,,,,0,0,0,0,0,0,1,1,0,0,0,0,1,0,0,0,0,0,0,1,0,0,0,0,0,0,0,0,0,1,0,0,0,1,0,,1,0,0,0,0,0,1,1,0,1,0,0,0,0,1,0,,,,,,31-35,26-35,Interstate,R,Thursday,Not Used,PV,API,0,1,0,0,State Route,State Patrol,Washington State Patrol Headquarter,1,1,0,0,0,,,,,,0,0,0,,,,,,,,,,,,,,,,,,,,,,,,,,,,,,,,,,,
2019,452,634534,29,12-13-2019,06:00,13,12,Dec,,41,Lewis,0,5,0,2,11,7,1,0,1,1,,,,58,0,0,No vehicle,9999.9,1,0,1,No intersection,98,1,64,8,0,0,0,0,WEYEHAUSER 4000 LINE,,-123.2066555,46.518635,,0,1,6,Drive off road,12,2,98,34,0,0,1,7,1,1,2,8,1,1,Going Straight,1,1,53,,0,7,482,2001,0,0,12,,,,,,1,1,28,1,0,0,0,0,3,0,11,0,,,,,0,0,3,2,1,0,0,0,0,96,,,,,,0,,,,,,98284,53,69,180,1,1,1,0,1,3,,0,,,,,,0,04-15-2015,05-15-2017,20,0,0,0,8,9,2,,,0,0,0,0,0,2,1,,,1,,,2,1,0,,,,,,,,,,,,,,,,,,,,,,,,,,,,,,0,0,0,1,0,0,0,0,0,0,0,0,0,1,0,0,1,0,0,0,0,0,0,0,0,0,0,0,0,1,0,0,0,0,0,,0,0,0,0,0,0,0,0,0,0,0,1,0,0,0,0,,,,,,26-30,26-35,County road,R,Monday,Belt Used,PV,Not Fatal,1,0,0,0,County Road,State Patrol,Washington State Patrol Headquarter,0,0,1,0,0,,,,,,0,1,0,,,,,,,,,,,,,,,,,,,,,,,,,,,,,,,,,,,
2018,452,633739,7,12-08-2018,01:18,8,12,Dec,0,53,Pierce,0,1,0,2,2,2,1,1,1,1,01:15,01:24,,8,0,0,No vehicle,12.3,1,0,1,No intersection,3,2,1,3,0,0,0,0,SR-302,,-122.683,47.3881,98329,0,1,13,Pedestrian/Animal,80,5,50,4,0,0,1,7,8,1,1,2,1,1,Going Straight,1,2,53,,0,49,401,1997,0,0,12,,,,,,1,1,60,2,7,1,4,7,3,0,11,0,01/15/2018,17:54,53002313,2313,0,0,0,3,1,0,0,0,0,93,,,,,,0,,,,,,98273,53,68,175,6,1,0,1,1,0,,0,,,,,,0,08-15-2013,08-15-2013,1,0,0,0,0,9,8,,,0,0,0,8,0,2,1,,,1,,,2,1,0,,,,,,,,,,,,,,,,,,,,,,,,,,,,,,0,0,0,1,0,0,0,0,0,0,0,0,0,1,0,0,1,0,0,0,0,0,0,0,0,0,0,0,0,1,0,0,0,0,0,,1,0,0,0,0,0,0,0,1,0,0,0,0,0,0,0,,,,,,56-60,56-65,County road,R,Monday,Belt Used,PV,White,1,0,0,0,County Road,State Patrol,Washington State Patrol Headquarter,0,0,1,0,0,,,,,,0,0,0,,,,,,,,,,,,,,,,,,,,,,,,,,,,,,,,,,,
2017,452,632932,25,10-21-2017,14:51,21,10,Oct,0,33,King,229,2,0,1,2,2,1,0,3,3,,,,12,0,6,Angle,0,2,0,2,4 Way,3,2,4,6,0,0,3,3,AMBAUM BLVD SW,SW 128TH ST,-122.3500139,47.48843611,98146,0,3,98,Others,62,4,35,52,0,0,1,5,12,1,1,2,1,5,Others,1,3,53,,0,20,24,2012,0,0,63,8,,,,,1,1,25,2,0,0,0,0,3,0,11,0,,,,,0,0,0,3,1,10,0,0,0,96,,,,,,0,,,,,,98503,53,67,205,6,1,0,0,0,2,,0,,,,,,0,03-15-2015,07-15-2017,20,0,0,0,8,9,8,,,0,0,0,8,0,8,95,,,96,,,8,95,995,,,,,,,,,,,,,,,,,,,,,,,,,,,,,,0,0,0,1,0,0,0,0,0,0,0,0,0,0,0,0,0,0,0,0,0,0,0,1,1,0,0,0,0,1,0,1,0,0,0,,0,0,0,0,0,0,0,0,0,0,0,0,0,0,0,0,,,,,,21-25,16-25,County road,R,Tuesday,Belt Used,PV,Not Fatal,1,0,0,0,City Street,County Sheriff,Thurston County Sheriff's Office,0,0,0,1,0,,,,,,0,0,0,,,,,,,,,,,,,,,,,,,,,,,,,,,,,,,,,,,
2017,452,632931,25,10-21-2017,14:51,21,10,Oct,0,33,King,229,2,0,1,2,2,1,0,3,3,,,,12,0,6,Angle,0,2,0,2,4 Way,3,2,4,6,0,0,3,3,AMBAUM BLVD SW,SW 128TH ST,-122.3500139,47.48843611,98146,0,2,79,Others,65,4,35,20,0,0,1,5,12,1,1,2,1,1,Going Straight,1,1,53,,0,49,40,2012,0,0,8,,,,,,1,1,37,1,0,0,0,0,3,0,11,0,,,,,0,0,3,3,1,0,0,0,0,96,,,,,,0,,,,,,99021,53,71,195,6,1,0,0,0,0,,0,,,,,,0,,,20,0,0,0,8,9,8,,,0,0,0,8,0,2,1,,,1,,,2,1,0,,,,,,,,,,,,,,,,,,,,,,,,,,,,,,0,0,0,0,1,0,0,0,0,1,0,1,0,0,0,0,0,0,0,0,1,0,1,0,1,0,0,0,0,1,0,1,0,0,0,,0,0,0,0,0,0,0,0,0,0,0,0,0,0,0,0,,,,,,36-40,36-45,US highway,U,Friday,Belt Used,PV,Not Fatal,0,0,0,0,State Route,Municipal/City Police,Spokane Police Department,0,1,0,0,0,,,,,,0,0,0,,,,,,,,,,,,,,,,,,,,,,,,,,,,,,,,,,,