year,something,Cases,repjur,crash_dt,crash_tm,accday,Month,Month,holiday,county,co_char,city,weather,weather2,lightcond,surfcond,surftype,Number of Fatalities,nmforms,pforms,vforms,not_tm,arr_tm,hosp_tm,fhevent,hitrun,Manner of Collision,Manner of Collision,milepnt,reljunc,reljuncinter,intersectiontype,Intersection Type,funcsystem,landuse,ownership,route,schlbus,spejur,contdev,devfunc,trafid1,trafid2,x,y,zipcode,wk_zone,vnumber,crashtype,Crash Type,criticalevent,criticaleventcat,spdlim,body,trailer,emerg,hazcargo,leave,mhevent,roadalgn,roadprof,traflane,trafflow,Vehicle Manure,Vehicle Manure,numoccs,regowner,regstate,,spuse,make,model,modelyr,vrf1,vrf2,seqevent1,seqevent2,seqevent3,seqevent4,seqevent5,seqevent6,pnumber,ptype,age,sex,hispanic,race,injury,diedscene,restraint,restraintmisuse,seatpos,takehosp,death_dt,death_tm,cert,cernum_wa,commlic,licendor,licrestrict,liccomp,drivpres,drf1,drf2,drf3,drf4,distract1,distract2,distract3,distract4,distract5,distract6,dricond1,dricond2,dricond3,dricond4,dricond5,dricond6,dzip,licstate,drhgt_in,weight,noncdl,noncdltype,prevdwi,prevoth,prevacc,prevspd,prevsus,driviol1,driviol2,driviol3,driviol4,driviol5,driviol6,spdrel,first_dt,last_dt,airbag,ejection,ejectpath,extricat,injurwrk,methalc,methdrug,nmlocat,strikveh,prf1,prf2,prf3,druginv,alcinvol,drugsts,drugres1,drugres2,drugres3,drugtst1,drugtst2,drugtst3,alcsts,alctst,alcres,nmact1,nmact2,nmact3,nmact4,nmact5,nmact6,nmprior1,nmprior2,nmprior3,nmprior4,nmprior5,nmprior6,nmcond1,nmcond2,nmcond3,nmcond4,nmcond5,nmcond6,nmsafe_helmet,nmsafe_pads,nmsafe_oth,nmprev_ref,nmprev_lgt,nmprev_oth,crashlocation,nmcrashtype,crosswalk,schoolzone,sidewalk,train_inv,wildlife_inv,rotr_fars,intersect_fars,Drink and Drive,aid_inv,Drug Positive Drivers,Impaired Drivers,Marijuana Positive,impnm_inv,ainm_inv,dpnm_inv,speed_inv,unlic_inv,unendmc_inv,drowsy_inv,drdist_inv,nmdist_inv,fty_inv,unrestfat_inv,dr1617_inv,dr1820_inv,dr1620_inv,dr2125_inv,dr1625_inv,dr65_inv,dr70_inv,dr75_inv,mc_inv,pv_inv,ht_inv,ped_inv,bike_inv,unrest_fat,mc_fat,unhelmet_mc,pv_fat,ht_fat,ped_fat,bike_fat,dr_alc7,dr_alc8,dr_drug,dr_imp,dr_dist,dr_spd,dr_fty,dr_unlic,dr_alc7only,dr_alc8only,dr_drugonly,dr_drink,nm_imp,nm_alc7,nm_alc8,nm_drug,nm_dist,agegrp1,agegrp2,roadclass,urbrur,dayweek,restuse,vehtype,race_me,intersect,lanedep,oppdir,wrongway,rep_typ,investag,repag_long,rotr,st_rd,cty_rd,city_rd,oth_rd,drug_thc,thc_res,drug_cthc,cthc_res,drug_cann,prevpersemin,prevperse,prevsusoth,drugtst4,drugtst5,drugtst6,drugtst7,drugtst8,drugres4,drugres5,drugres6,drugres7,drugres8,adspresent,adsengaged,adslevel,race1,race2,race3,race4,race5,helmet,helmetmisuse,nmdistract1,nmdistract2,nmdistract3,nmdistract4,nmdistract5,nmdistract6,lab,isedtcase,crf1,crf2,crf3,CoRoadName,CoMP,IntCoRoadName,IntCoMP
2017,452,632930,25,10-21-2017,14:51,21,10,Oct,0,33,King,229,2,0,1,2,2,1,0,3,3,,,,12,0,6,Angle,0,2,0,2,4 Way,3,2,4,6,0,0,3,3,AMBAUM BLVD SW,SW 128TH ST,-122.3500139,47.48843611,98146,0,1,78,Others,16,2,35,71,0,0,1,5,12,1,1,2,1,10,Others,1,3,53,,0,12,17,1998,0,0,8,,,,,,1,1,17,1,0,0,0,0,3,0,11,0,,,,,0,0,9,9,1,0,0,0,0,96,,,,,,99,,,,,,99208,53,69,123,6,7,0,0,0,0,,0,,,,,,0,,,20,0,0,0,8,9,8,,,0,0,0,8,1,8,95,,,96,,,8,95,995,,,,,,,,,,,,,,,,,,,,,,,,,,,,,,0,0,0,0,1,0,0,0,0,1,0,1,0,0,0,0,0,0,0,0,1,0,1,0,1,0,0,0,0,1,0,1,0,0,0,,0,0,0,0,0,0,0,0,0,0,0,0,0,0,0,1,,,,,,16-17,16-25,US highway,U,Friday,Belt Used,PV,Not Fatal,0,0,0,0,State Route,Municipal/City Police,Spokane Police Department,0,1,0,0,0,,,,,,0,0,0,,,,,,,,,,,,,,,,,,,,,,,,,,,,,,,,,,,
2021,453,636063,1,11-07-2021,10:59,7,11,Nov,,21,Franklin,0,1,,1,1,1,1,1,1,1,,,,8,0,0,No vehicle,43.1,1,0,1,No intersection,2,1,1,2,0,0,0,0,US-395,,-119.0240028,46.43393056,,0,1,13,Pedestrian/Animal,80,5,70,34,1,0,1,5,8,1,1,2,2,1,Going Straight,1,2,53,,0,20,473,2004,0,0,63,1,38,,,,1,1,61,1,0,0,2,0,20,0,11,5,,,,,0,0,0,0,1,87,0,0,0,93,,,,,,0,,,,,,99202,53,72,145,0,0,0,1,0,0,,23,,,,,,4,09-15-2017,09-15-2017,1,0,0,0,8,9,8,,,0,0,0,8,0,8,95,,,96,,,8,95,995,,,,,,,,,,,,,,,,,,,,,,,,,,,,,,0,0,0,0,0,0,0,0,0,0,0,0,1,1,0,0,1,0,0,1,0,0,0,0,0,0,0,0,0,1,0,0,0,0,0,,0,0,0,0,0,0,0,0,1,1,0,1,0,0,0,0,,,,,,61-65,56-65,Interstate,R,Thursday,Not Used,PV,Not Fatal,0,1,0,0,State Route,State Patrol,Washington State Patrol Headquarter,1,1,0,0,0,,,,,,0,0,0,,,,,,,,,,,,,,,,,,,,,,,,,,,,,,,,,,,
2020,453,635225,8,11-12-2020,17:15,12,11,Nov,,29,Island,1550,1,,2,1,2,1,0,3,2,17:30,17:35,,12,0,6,Angle,0,2,0,3,T Intersection,4,2,4,6,0,0,0,0,SE REGATTA DR,SE 8th Ave,-122.6358222,48.29200278,98277,0,2,83,Others,67,4,30,34,0,0,1,5,12,1,2,2,1,1,Going Straight,1,1,53,,0,20,481,2011,0,0,8,,,,,,1,1,73,1,0,0,0,0,3,0,11,0,,,,,0,0,3,3,1,0,0,0,0,96,,,,,,0,,,,,,98908,53,69,150,6,1,0,0,1,0,,0,,,,,,0,12-15-2014,12-15-2014,20,0,0,0,8,9,8,,,0,0,0,8,0,8,95,,,96,,,8,95,995,,,,,,,,,,,,,,,,,,,,,,,,,,,,,,0,0,0,0,0,0,0,0,0,0,0,0,0,0,0,0,0,1,0,0,0,0,0,0,0,1,1,0,0,1,0,1,0,0,0,,0,0,0,0,0,0,0,0,0,0,0,0,0,0,0,0,,,,,,71-75,66-75,City street,U,Tuesday,Belt Used,PV,Not Fatal,0,0,0,0,City Street,Municipal/City Police,Yakima Police Department,0,0,0,1,0,,,,,,0,0,0,,,,,,,,,,,,,,,,,,,,,,,,,,,,,,,,,,,
2020,453,635224,8,11-12-2020,17:15,12,11,Nov,,29,Island,1550,1,,2,1,2,1,0,3,2,17:30,17:35,,12,0,6,Angle,0,2,0,3,T Intersection,4,2,4,6,0,0,20,3,SE REGATTA DR,SE 8th Ave,-122.6358222,48.29200278,98277,0,1,82,Turn Into Opp Direction(Turning Left),15,2,30,4,0,0,1,2,12,1,2,2,1,11,Turning Red: Permitted on red,2,1,53,,2,84,981,2007,0,0,12,,,,,,1,1,38,1,0,0,0,0,3,0,11,0,,,,,6,1,0,3,1,0,0,0,0,0,,,,,,0,,,,,,98947,53,72,210,6,1,0,1,0,0,,0,,,,,,0,09-15-2013,09-15-2013,20,0,0,0,8,9,2,,,0,0,0,0,0,8,95,,,96,,,8,95,995,,,,,,,,,,,,,,,,,,,,,,,,,,,,,,0,0,0,0,0,0,0,0,0,0,0,0,0,0,0,0,1,0,0,0,0,0,0,0,0,0,0,0,0,0,1,0,0,0,0,,0,0,0,0,0,0,0,0,0,0,0,0,0,0,0,0,,,,,,36-40,36-45,County road,R,Friday,,BUS,Not Fatal,0,0,0,0,County Road,State Patrol,Washington State Patrol Headquarter,0,0,1,0,0,,,,,,0,0,0,,,,,,,,,,,,,,,,,,,,,,,,,,,,,,,,,,,
2019,453,634539,39,12-14-2019,18:23,14,12,Dec,,61,Snohomish,0,10,0,2,2,2,1,1,1,1,,,,8,0,0,No vehicle,7.2,1,0,1,No intersection,5,2,2,4,0,3,0,0,CR-140TH ST NE,,-122.2229528,48.12295833,98207,0,1,13,Pedestrian/Animal,80,5,35,34,0,0,1,5,8,1,2,2,1,1,Going Straight,1,1,53,,0,23,882,1992,0,0,12,,,,,,1,1,46,2,1,98,4,7,3,0,11,0,01/19/2018,12:35,53003421,3421,0,0,0,3,1,0,0,0,0,17,,,,,,0,,,,,,98947,53,67,174,6,1,0,0,0,0,,0,,,,,,0,,,20,0,0,0,1,9,8,,,0,0,0,8,0,2,1,,,1,,,2,1,0,,,,,,,,,,,,,,,,,,,,,,,,,,,,,,0,0,0,0,0,0,0,0,0,0,0,0,0,0,0,0,1,0,0,0,0,0,0,0,0,0,0,0,0,0,1,0,0,0,0,,0,1,0,0,0,0,0,0,1,0,0,0,0,0,0,0,,,,,,46-50,46-55,County road,R,Friday,,MHTRUCK,Hispanic,0,0,0,0,County Road,State Patrol,Washington State Patrol Headquarter,0,0,1,0,0,,,,,,0,0,0,,,,,,,,,,,,,,,,,,,,,,,,,,,,,,,,,,,
2018,453,633742,1,12-05-2018,05:30,5,12,Dec,0,77,Yakima,0,5,0,2,4,2,1,0,3,3,05:30,05:45,06:28,12,0,6,Angle,13.8,4,0,1,No intersection,5,1,1,3,0,0,0,0,SR-241,,-119.9555667,46.39143056,98944,0,3,98,Others,98,7,55,14,0,0,1,7,12,1,1,2,1,1,Going Straight,1,1,53,,0,7,482,2014,0,0,8,,,,,,1,1,62,1,0,0,0,0,3,0,11,0,,,,,0,0,3,3,1,0,0,0,0,96,,,,,,0,,,,,,98466,53,72,220,6,1,0,0,2,0,,0,,,,,,0,09-15-2014,08-15-2017,20,0,0,0,8,9,8,,,0,0,0,8,0,8,95,,,96,,,8,95,995,,,,,,,,,,,,,,,,,,,,,,,,,,,,,,0,0,0,0,0,0,0,0,0,0,0,0,0,0,0,0,0,0,0,0,0,0,0,0,0,0,0,0,0,1,0,1,0,0,0,,0,0,0,0,0,0,0,0,0,0,0,0,0,0,0,0,,,,,,61-65,56-65,City street,U,Friday,Belt Used,PV,Not Fatal,0,0,0,0,City Street,Municipal/City Police,Tacoma Police Department,0,0,0,1,0,,,,,,0,0,0,,,,,,,,,,,,,,,,,,,,,,,,,,,,,,,,,,,
2018,453,633741,1,12-05-2018,05:30,5,12,Dec,0,77,Yakima,0,5,0,2,4,2,1,0,3,3,05:30,05:45,06:28,12,0,6,Angle,13.8,4,0,1,No intersection,5,1,1,3,0,0,0,0,SR-241,,-119.9555667,46.39143056,98944,0,2,83,Others,67,4,55,34,0,0,1,7,12,1,1,2,1,1,Going Straight,1,2,53,,0,19,20,2011,0,0,8,,,,,,1,1,55,2,0,0,0,0,3,0,11,0,,,,,0,0,0,3,1,0,0,0,0,96,,,,,,0,,,,,,98047,53,60,160,6,1,0,0,0,0,,0,,,,,,0,,,20,0,0,0,8,9,8,,,0,0,0,8,0,8,95,,,96,,,8,95,995,,,,,,,,,,,,,,,,,,,,,,,,,,,,,,0,0,0,0,0,0,0,0,0,0,0,0,0,0,0,0,0,1,0,0,0,0,0,0,0,0,0,0,0,1,0,1,0,0,0,,0,0,0,0,0,0,0,0,0,0,0,0,0,0,0,0,,,,,,51-55,46-55,City street,U,Wednesday,Belt Used,PV,Not Fatal,0,0,0,0,City Street,Municipal/City Police,Everett Police Department,0,0,0,1,0,,,,,,0,0,0,,,,,,,,,,,,,,,,,,,,,,,,,,,,,,,,,,,
2018,453,633740,1,12-05-2018,05:30,5,12,Dec,0,77,Yakima,0,5,0,2,0,0,1,0,3,3,05:30,05:45,06:28,12,0,6,Angle,13.8,4,0,1,No intersection,5,1,1,3,0,0,0,0,SR-241,,-119.9555667,46.39143056,98944,0,1,82,Turn Into Opp Direction(Turning Left),15,2,0,66,1,0,1,5,12,0,0,0,0,11,Turning Red: Permitted on red,1,3,53,,0,82,881,2000,0,0,9,,,,,,1,1,59,1,0,0,0,0,3,0,11,0,,,,,7,1,0,3,1,39,0,0,0,96,,,,,,0,,,,,,89509,32,72,195,6,1,0,0,0,0,,97,,,,,,0,,,20,0,0,0,8,9,2,,,0,0,0,0,0,2,351,,,1,,,2,1,0,,,,,,,,,,,,,,,,,,,,,,,,,,,,,,0,0,0,1,0,0,1,1,0,1,0,1,0,0,0,0,0,0,0,0,0,0,0,0,0,0,0,0,0,0,1,0,1,0,0,,0,0,0,0,0,0,1,1,0,0,0,0,0,0,1,0,,,,,,56-60,56-65,State route,U,Monday,,MHTRUCK,Not Fatal,1,0,0,0,State Route,Municipal/City Police,Walla Walla Police Department,0,1,0,0,0,,,,,,0,0,0,,,,,,,,,,,,,,,,,,,,,,,,,,,,,,,,,,,
2017,453,632959,1,10-29-2017,05:21,29,10,Oct,0,5,Benton,0,5,0,2,1,1,1,0,2,1,,,,1,0,0,No vehicle,95.3,1,0,1,No intersection,1,1,1,1,0,0,0,0,I-82,,-119.50115,46.25717222,99320,0,1,6,Drive off road,12,2,70,14,0,0,1,2,1,1,1,2,2,1,Going Straight,2,2,53,,0,6,51,2014,0,0,8,,,,,,1,1,65,2,0,0,0,0,3,0,11,0,,,,,0,0,0,3,1,0,0,0,0,96,,,,,,0,,,,,,98524,53,62,170,6,1,0,0,0,0,,0,,,,,,0,,,20,0,0,0,8,9,2,,,0,0,0,0,0,2,996,996,996,1,1,1,2,1,0,,,,,,,,,,,,,,,,,,,,,,,,,,,,,,0,0,0,0,0,0,1,1,0,1,0,1,0,0,0,0,0,0,0,0,0,0,0,0,0,1,0,0,0,1,0,1,0,0,0,,0,0,0,0,0,0,1,1,0,0,0,0,0,0,1,0,,,,,,61-65,56-65,State route,U,Tuesday,Belt Used,PV,Not Fatal,0,0,0,0,State Route,State Patrol,Washington State Patrol Headquarter,0,1,0,0,0,,,,,,0,0,0,,,,,,,,,,,,,,,,,,,,,,,,,,,,,,,,,,,
2021,454,636064,4,11-05-2021,13:04,5,11,Nov,,1,Adams,0,10,,1,2,2,1,0,1,1,,,,35,0,0,No vehicle,208.3,1,0,1,No intersection,1,1,1,1,0,0,0,0,I-90,,-118.6020444,47.10118611,,0,1,6,Drive off road,12,2,70,34,0,0,1,2,35,1,1,2,3,1,Going Straight,1,2,53,,0,6,51,2013,0,0,12,,,,,,1,1,48,1,0,0,2,0,3,0,11,5,,,,,0,0,0,3,1,0,0,0,0,96,,,,,,0,,,,,,98512,53,72,185,6,1,0,1,0,0,,0,,,,,,0,05-15-2013,05-15-2013,8,0,0,0,8,9,8,,,0,0,0,8,0,8,95,,,96,,,8,95,995,,,,,,,,,,,,,,,,,,,,,,,,,,,,,,0,0,0,0,0,0,0,0,0,0,0,0,1,0,0,0,0,0,0,0,0,0,0,0,0,0,0,0,0,1,0,0,0,0,0,,0,0,0,0,0,0,0,0,0,0,0,0,0,0,0,0,,,,,,46-50,46-55,State route,U,Thursday,Belt Used,PV,Not Fatal,0,1,1,0,State Route,Municipal/City Police,Hoquiam Police Department,0,1,0,0,0,,,,,,0,0,0,,,,,,,,,,,,,,,,,,,,,,,,,,,,,,,,,,,
2020,454,635228,8,11-13-2020,15:08,13,11,Nov,,9,Clallam,0,10,,1,2,2,1,0,7,3,15:11,15:14,15:39,12,0,6,Angle,260.5,2,0,2,4 Way,3,2,1,2,0,0,3,3,US-101,CARLSBORG RD,-123.1729667,48.07963333,98382,0,3,98,Others,98,7,45,14,0,0,1,2,12,1,1,2,2,1,Going Straight,4,1,53,,0,49,41,2004,0,0,63,69,68,12,,,1,1,40,1,7,1,4,7,3,0,11,0,01-11-2018,16:15,93053001521,1521,0,0,0,3,1,0,0,0,0,96,,,,,,99,,,,,,98569,53,70,155,6,1,0,0,0,3,,0,,,,,,3,09-15-2016,12-15-2017,8,0,0,1,0,9,8,,,0,0,0,8,9,2,1,,,1,,,2,1,0,,,,,,,,,,,,,,,,,,,,,,,,,,,,,,0,0,0,0,0,0,0,0,0,0,0,0,1,0,0,0,0,0,0,0,0,0,0,0,0,0,0,0,0,1,0,0,0,0,0,,1,0,0,0,0,0,0,0,0,1,0,0,0,0,0,0,,,,,,36-40,36-45,State route,U,Thursday,Belt Used,PV,White,0,1,1,0,State Route,Municipal/City Police,Hoquiam Police Department,0,1,0,0,0,,,,,,0,0,0,,,,,,,,,,,,,,,,,,,,,,,,,,,,,,,,,,,
2020,454,635227,8,11-13-2020,15:08,13,11,Nov,,9,Clallam,0,10,,1,2,2,1,0,7,3,15:11,15:14,15:39,12,0,6,Angle,260.5,2,0,2,4 Way,3,2,1,2,0,0,3,3,US-101,CARLSBORG RD,-123.1729667,48.07963333,98382,0,2,78,Others,67,4,35,14,0,0,1,2,12,1,1,3,1,10,Others,2,2,53,,0,82,881,2007,0,0,12,,,,,,1,1,62,1,0,0,0,0,3,0,11,0,,,,,6,1,3,3,1,0,0,0,0,96,,,,,,0,,,,,,98632,53,66,180,6,1,0,0,0,0,,0,,,,,,0,,,20,0,0,0,8,9,2,,,0,0,0,0,0,8,95,,,96,,,8,95,995,,,,,,,,,,,,,,,,,,,,,,,,,,,,,,0,0,0,0,1,1,0,1,0,0,0,0,0,0,0,0,0,0,0,0,0,0,0,0,0,1,0,0,0,1,1,0,0,0,0,,0,0,0,0,0,0,0,0,0,0,0,0,0,0,0,0,,,,,,61-65,56-65,State route,R,Wednesday,,MHTRUCK,Not Fatal,0,1,1,0,State Route,State Patrol,Washington State Patrol Headquarter,0,1,0,0,0,,,,,,0,0,0,,,,,,,,,,,,,,,,,,,,,,,,,,,,,,,,,,,
2020,454,635226,8,11-13-2020,15:08,13,11,Nov,,9,Clallam,0,10,,1,2,2,1,0,7,3,15:11,15:14,15:39,12,0,6,Angle,260.5,2,0,2,4 Way,3,2,1,2,0,0,3,3,US-101,CARLSBORG RD,-123.1729667,48.07963333,98382,0,1,79,Others,17,2,45,5,0,0,1,2,12,1,1,4,2,6,Others,1,1,53,,0,12,881,2000,0,0,12,,,,,,1,1,60,1,0,0,0,0,3,0,11,0,,,,,0,0,3,3,1,0,0,0,0,96,,,,,,0,,,,,,99337,53,69,210,6,1,0,0,0,0,,0,,,,,,0,,,20,0,0,0,8,9,2,,,0,0,0,0,0,8,95,,,96,,,8,95,995,,,,,,,,,,,,,,,,,,,,,,,,,,,,,,0,0,0,0,1,1,0,1,0,0,0,0,0,0,0,0,0,0,0,0,0,0,0,0,0,1,0,0,0,1,1,0,0,0,0,,0,0,0,0,0,0,0,0,0,0,0,0,0,0,0,0,,,,,,56-60,56-65,State route,R,Wednesday,,MHTRUCK,Not Fatal,0,1,1,0,State Route,State Patrol,Washington State Patrol Headquarter,0,1,0,0,0,,,,,,0,0,0,,,,,,,,,,,,,,,,,,,,,,,,,,,,,,,,,,,
2019,454,634538,28,12-13-2019,08:45,13,12,Dec,,39,Klickitat,0,1,0,1,4,2,1,0,3,2,,,,12,0,6,Angle,5.8,1,0,1,No intersection,5,1,2,4,0,0,0,0,CR-BICKLETON HWY,,-120.6948556,45.83841667,98620,0,2,66,Specific Other,8,1,50,6,0,0,1,7,12,3,2,2,1,14,Making a U turn,1,2,53,,0,85,881,2017,0,0,12,68,12,,,,1,1,56,1,0,0,0,0,3,0,11,0,,,,,6,3,3,3,1,0,0,0,0,96,,,,,,0,,,,,,34748,12,69,999,6,1,0,0,0,0,,0,,,,,,0,,,20,0,0,0,8,9,2,,,0,0,0,0,0,8,95,,,96,,,8,95,995,,,,,,,,,,,,,,,,,,,,,,,,,,,,,,0,0,0,0,1,1,0,1,0,0,0,0,0,0,0,0,0,0,0,0,0,0,0,0,0,1,0,0,0,1,1,0,0,0,0,,0,0,0,0,0,0,0,0,0,0,0,0,0,0,0,0,,,,,,56-60,56-65,State route,R,Wednesday,,MHTRUCK,Not Fatal,0,1,1,0,State Route,State Patrol,Washington State Patrol Headquarter,0,1,0,0,0,,,,,,0,0,0,,,,,,,,,,,,,,,,,,,,,,,,,,,,,,,,,,,
2019,454,634537,28,12-13-2019,08:45,13,12,Dec,,39,Klickitat,0,1,0,1,4,2,1,0,3,2,,,,12,0,6,Angle,5.8,1,0,1,No intersection,5,1,2,4,0,0,0,0,CR-BICKLETON HWY,,-120.6948556,45.83841667,98620,0,1,66,Specific Other,62,4,50,34,0,0,1,7,12,2,2,2,1,14,Making a U turn,2,1,53,,0,24,401,2003,0,0,68,12,12,,,,1,1,67,1,7,1,4,7,3,0,11,0,01/17/2018,17:20,53002516,2516,6,0,3,3,1,33,0,0,0,96,,,,,,9,,,,,,99321,53,72,220,6,1,0,1,0,0,,0,,,,,,0,07-15-2015,07-15-2015,8,0,0,0,0,1,8,,,0,0,0,8,1,2,1,,,1,,,2,1,0.083,,,,,,,,,,,,,,,,,,,,,,,,,,,,,,0,0,0,0,1,1,0,1,0,0,0,0,0,0,0,0,0,0,0,0,0,0,0,0,0,1,0,0,0,1,1,0,0,0,0,,1,0,0,0,0,1,0,1,0,0,0,0,0,1,0,1,,,,,,66-70,66-75,State route,R,Wednesday,Belt Used,PV,White,0,1,1,0,State Route,State Patrol,Washington State Patrol Headquarter,0,1,0,0,0,,,,,,0,0,0,,,,,,,,,,,,,,,,,,,,,,,,,,,,,,,,,,,
2018,454,633743,7,12-11-2018,20:30,11,12,Dec,0,53,Pierce,1770,10,0,3,2,2,1,1,1,1,,,,8,0,0,No vehicle,5.1,1,0,1,No intersection,3,2,1,3,0,3,0,0,SR-167,,-122.3147583,47.20486389,98371,0,1,13,Pedestrian/Animal,80,5,45,34,0,0,1,7,8,2,1,3,5,14,Making a U turn,1,1,53,,0,54,35,2004,0,0,68,9,,,,,1,1,31,1,0,0,0,0,99,0,11,0,,,,,0,0,0,3,1,28,0,0,0,93,,,,,,0,,,,,,98580,53,74,225,6,1,0,0,0,0,,97,,,,,,3,01-15-2014,02-15-2014,99,0,0,0,8,9,8,,,0,0,0,8,0,8,95,,,96,,,8,95,995,,,,,,,,,,,,,,,,,,,,,,,,,,,,,,0,0,0,0,0,0,0,0,0,0,0,0,1,0,0,0,1,0,0,0,0,0,0,0,0,0,0,0,0,1,0,0,1,0,0,,0,0,0,0,0,0,0,0,1,1,0,0,0,0,0,0,,,,,,31-35,26-35,County road,R,Friday,Unknown,PV,Not Fatal,0,0,0,0,County Road,County Sheriff,Law Enforcement Support Agency,0,0,1,0,0,,,,,,0,0,4,,,,,,,,,,,,,,,,,,,,,,,,,,,,,,,,,,,
2017,454,632937,13,10-18-2017,15:48,18,10,Oct,0,9,Clallam,0,2,0,1,2,2,1,0,2,2,15:49,15:58,16:51,12,0,6,Angle,3.2,2,0,10,L Intersection,5,1,2,4,0,0,0,0,CR-KITCHEN DICK RD,LOTZGESELL RD,-123.1999889,48.13047222,98382,0,2,81,Others,62,4,20,20,0,0,1,2,12,3,1,2,1,14,Making a U turn,1,1,53,,0,49,47,2007,0,0,64,25,1,25,,,1,1,42,1,7,7,4,7,3,0,11,0,11-05-2017,01:30,69053048242,48242,0,0,0,3,1,0,0,0,0,96,,,,,,99,,,,,,98037,53,66,250,6,1,0,0,1,1,0,0,,,,,,4,05-15-2015,04-15-2017,1,0,0,0,0,9,8,,,0,0,0,8,9,2,401,417,0,1,1,0,2,1,0.065,,,,,,,,,,,,,,,,,,,,,,,,,,,,,,0,0,0,0,1,0,1,1,0,0,0,0,1,0,0,0,0,0,0,0,0,0,0,0,0,0,0,0,0,1,0,0,0,0,0,,1,0,0,0,1,0,1,1,0,1,0,0,0,0,0,1,,,,,,41-45,36-45,Interstate,U,Sunday,Belt Used,PV,API,0,1,0,0,State Route,State Patrol,Washington State Patrol Headquarter,1,1,0,0,0,,,,,,,,,,,,,,,,,,,,,,,,,,,,,,,,,,,,,,,,,,,
2017,454,632936,13,10-18-2017,15:48,18,10,Oct,0,9,Clallam,0,2,0,1,2,2,1,0,2,2,15:49,15:58,16:51,12,0,6,Angle,3.2,2,0,10,L Intersection,5,1,2,4,0,0,0,0,CR-KITCHEN DICK RD,LOTZGESELL RD,-123.1999889,48.13047222,98382,0,1,80,Others,10,2,20,67,0,0,1,2,12,2,1,2,1,10,Others,1,3,53,,0,37,706,2015,0,0,12,,,,,,1,1,52,1,7,1,4,0,19,0,11,5,01/22/2018,14:15,69053003724,3724,0,0,0,3,1,0,0,0,0,96,,,,,,99,,,,,,98252,53,72,220,6,1,0,0,0,2,,0,,,,,,0,07-15-2016,11-15-2016,20,8,0,0,0,9,8,,,0,0,0,8,9,8,95,,,96,,,8,95,995,,,,,,,,,,,,,,,,,,,,,,,,,,,,,,0,0,0,1,0,0,0,0,0,0,0,0,0,1,0,0,0,0,1,0,0,0,0,1,1,0,0,0,1,1,0,0,0,0,1,0,0,0,0,0,0,0,0,0,0,0,0,0,0,0,0,0,,,,,,51-55,46-55,State route,U,Sunday,,MC,White,1,0,0,0,State Route,Municipal/City Police,Marysville Police Department,0,1,0,0,0,,,,,,0,0,0,,,,,,,,,,,,,,,,,,,,,,,,,,,,,,,,,,,
2021,455,636062,3,11-08-2021,17:42,8,11,Nov,,53,Pierce,2210,1,,2,1,2,1,0,6,3,,,,12,0,1,Front-to-Rear,8.9,1,0,1,No intersection,2,2,1,3,0,0,0,0,SR-167,,-122.2476583,47.20745833,98390,0,3,98,Others,53,3,60,14,0,0,1,2,12,1,1,2,3,1,Going Straight,3,2,53,,0,54,32,1993,0,0,12,,,,,,1,1,21,1,0,0,0,0,3,0,11,0,,,,,0,0,0,2,1,38,0,0,0,96,,,,,,0,,,,,,98271,53,71,190,1,1,0,0,0,0,,97,,,,,,0,,,20,0,0,0,8,9,8,,,0,0,0,8,0,0,0,,,0,,,8,95,995,,,,,,,,,,,,,,,,,,,,,,,,,,,,,,0,0,0,1,0,0,0,0,0,0,0,0,0,1,0,0,0,0,1,0,0,0,0,1,1,0,0,0,1,1,0,0,0,0,0,,0,0,0,0,0,0,0,0,0,0,1,1,0,0,0,0,,,,,,21-25,16-25,State route,U,Sunday,Belt Used,PV,Not Fatal,1,0,0,0,State Route,Municipal/City Police,Marysville Police Department,0,1,0,0,0,,,,,,0,0,0,,,,,,,,,,,,,,,,,,,,,,,,,,,,,,,,,,,
2021,455,636061,3,11-08-2021,17:42,8,11,Nov,,53,Pierce,2210,1,,2,1,2,1,0,6,3,,,,12,0,1,Front-to-Rear,8.9,1,0,1,No intersection,2,2,1,3,0,0,0,0,SR-167,,-122.2476583,47.20745833,98390,0,2,25,Others,53,3,60,1,0,0,1,2,12,1,1,2,3,1,Going Straight,1,3,53,,0,23,481,1999,0,0,8,,,,,,1,1,25,1,0,0,0,0,3,0,11,0,,,,,0,0,3,3,1,0,0,0,0,96,,,,,,0,,,,,,98290,53,67,175,6,1,0,0,1,2,,0,,,,,,0,07-15-2013,02-15-2017,20,0,0,0,8,9,8,,,0,0,0,8,0,8,95,,,96,,,8,95,995,,,,,,,,,,,,,,,,,,,,,,,,,,,,,,0,0,0,0,1,0,1,1,1,1,1,1,0,0,0,0,0,1,0,0,0,1,1,1,1,0,0,0,0,1,0,1,0,0,0,,0,0,0,0,0,0,0,0,0,0,0,0,0,0,0,0,,,,,,21-25,16-25,State route,U,Thursday,Belt Used,PV,Not Fatal,0,0,0,0,State Route,Municipal/City Police,Lynnwood Police Department,0,1,0,0,0,,,,,,0,0,0,,,,,,,,,,,,,,,,,,,,,,,,,,,,,,,,,,,