year,something,Cases,repjur,crash_dt,crash_tm,accday,Month,Month,holiday,county,co_char,city,weather,weather2,lightcond,surfcond,surftype,Number of Fatalities,nmforms,pforms,vforms,not_tm,arr_tm,hosp_tm,fhevent,hitrun,Manner of Collision,Manner of Collision,milepnt,reljunc,reljuncinter,intersectiontype,Intersection Type,funcsystem,landuse,ownership,route,schlbus,spejur,contdev,devfunc,trafid1,trafid2,x,y,zipcode,wk_zone,vnumber,crashtype,Crash Type,criticalevent,criticaleventcat,spdlim,body,trailer,emerg,hazcargo,leave,mhevent,roadalgn,roadprof,traflane,trafflow,Vehicle Manure,Vehicle Manure,numoccs,regowner,regstate,,spuse,make,model,modelyr,vrf1,vrf2,seqevent1,seqevent2,seqevent3,seqevent4,seqevent5,seqevent6,pnumber,ptype,age,sex,hispanic,race,injury,diedscene,restraint,restraintmisuse,seatpos,takehosp,death_dt,death_tm,cert,cernum_wa,commlic,licendor,licrestrict,liccomp,drivpres,drf1,drf2,drf3,drf4,distract1,distract2,distract3,distract4,distract5,distract6,dricond1,dricond2,dricond3,dricond4,dricond5,dricond6,dzip,licstate,drhgt_in,weight,noncdl,noncdltype,prevdwi,prevoth,prevacc,prevspd,prevsus,driviol1,driviol2,driviol3,driviol4,driviol5,driviol6,spdrel,first_dt,last_dt,airbag,ejection,ejectpath,extricat,injurwrk,methalc,methdrug,nmlocat,strikveh,prf1,prf2,prf3,druginv,alcinvol,drugsts,drugres1,drugres2,drugres3,drugtst1,drugtst2,drugtst3,alcsts,alctst,alcres,nmact1,nmact2,nmact3,nmact4,nmact5,nmact6,nmprior1,nmprior2,nmprior3,nmprior4,nmprior5,nmprior6,nmcond1,nmcond2,nmcond3,nmcond4,nmcond5,nmcond6,nmsafe_helmet,nmsafe_pads,nmsafe_oth,nmprev_ref,nmprev_lgt,nmprev_oth,crashlocation,nmcrashtype,crosswalk,schoolzone,sidewalk,train_inv,wildlife_inv,rotr_fars,intersect_fars,Drink and Drive,aid_inv,Drug Positive Drivers,Impaired Drivers,Marijuana Positive,impnm_inv,ainm_inv,dpnm_inv,speed_inv,unlic_inv,unendmc_inv,drowsy_inv,drdist_inv,nmdist_inv,fty_inv,unrestfat_inv,dr1617_inv,dr1820_inv,dr1620_inv,dr2125_inv,dr1625_inv,dr65_inv,dr70_inv,dr75_inv,mc_inv,pv_inv,ht_inv,ped_inv,bike_inv,unrest_fat,mc_fat,unhelmet_mc,pv_fat,ht_fat,ped_fat,bike_fat,dr_alc7,dr_alc8,dr_drug,dr_imp,dr_dist,dr_spd,dr_fty,dr_unlic,dr_alc7only,dr_alc8only,dr_drugonly,dr_drink,nm_imp,nm_alc7,nm_alc8,nm_drug,nm_dist,agegrp1,agegrp2,roadclass,urbrur,dayweek,restuse,vehtype,race_me,intersect,lanedep,oppdir,wrongway,rep_typ,investag,repag_long,rotr,st_rd,cty_rd,city_rd,oth_rd,drug_thc,thc_res,drug_cthc,cthc_res,drug_cann,prevpersemin,prevperse,prevsusoth,drugtst4,drugtst5,drugtst6,drugtst7,drugtst8,drugres4,drugres5,drugres6,drugres7,drugres8,adspresent,adsengaged,adslevel,race1,race2,race3,race4,race5,helmet,helmetmisuse,nmdistract1,nmdistract2,nmdistract3,nmdistract4,nmdistract5,nmdistract6,lab,isedtcase,crf1,crf2,crf3,CoRoadName,CoMP,IntCoRoadName,IntCoMP
2021,455,636060,3,11-08-2021,17:42,8,11,Nov,,53,Pierce,2210,1,,2,1,2,1,0,6,3,,,,12,0,1,Front-to-Rear,8.9,1,0,1,No intersection,2,2,1,3,0,0,0,0,SR-167,,-122.2476583,47.20745833,98390,0,1,24,Others,51,3,60,14,0,0,1,2,12,1,1,2,3,1,Going Straight,2,1,53,,0,35,47,2001,0,0,8,,,,,,1,1,20,1,0,0,1,0,3,0,11,8,,,,,0,0,0,3,1,0,0,0,0,96,,,,,,99,,,,,,98043,53,74,260,6,1,0,0,0,0,,0,,,,,,0,,,20,0,0,0,8,9,8,,,0,0,0,8,9,2,401,605,695,1,1,1,2,1,0.01,,,,,,,,,,,,,,,,,,,,,,,,,,,,,,0,0,0,0,1,0,1,1,1,1,1,1,0,0,0,0,0,1,0,0,0,1,1,1,1,0,0,0,0,1,0,1,0,0,0,,0,0,0,0,1,0,1,1,0,0,0,0,0,0,0,1,,,,,,18-20,16-25,State route,U,Thursday,Belt Used,PV,Not Fatal,0,0,0,0,State Route,Municipal/City Police,Lynnwood Police Department,0,1,0,0,0,thc,3,carboxy-thc,50,,0,0,0,,,,,,,,,,,,,,,,,,,,,,,,,,,,,,,,,,,
2020,455,635230,290,11-21-2020,14:28,21,11,Nov,,53,Pierce,2230,10,,1,1,2,1,0,3,2,14:46,14:57,15:18,12,0,6,Angle,5.2,1,0,1,No intersection,3,2,1,3,0,3,0,0,SR-509,,-122.3709083,47.27021667,98422,0,2,66,Specific Other,62,4,40,6,0,0,1,2,12,1,1,4,1,1,Going Straight,2,1,53,,0,35,443,2007,0,0,8,,,,,,1,1,74,1,0,0,0,0,3,0,11,0,,,,,0,0,0,3,1,0,0,0,0,96,,,,,,0,,,,,,98933,53,65,166,6,1,0,1,0,0,,0,,,,,,0,04-15-2014,04-15-2014,20,0,0,0,8,9,2,,,0,0,0,0,0,8,95,,,96,,,8,95,995,,,,,,,,,,,,,,,,,,,,,,,,,,,,,,0,0,0,0,0,0,0,0,0,1,1,1,0,0,0,0,0,1,0,0,0,0,0,0,0,1,1,0,0,1,0,1,0,0,0,,0,0,0,0,0,0,0,0,0,0,0,0,0,0,0,0,,,,,,71-75,66-75,State route,R,Monday,Belt Used,PV,Not Fatal,0,0,0,0,State Route,State Patrol,Washington State Patrol Headquarter,0,1,0,0,0,,,,,,0,0,0,,,,,,,,,,,,,,,,,,,,,,,,,,,,,,,,,,,
2020,455,635229,290,11-21-2020,14:28,21,11,Nov,,53,Pierce,2230,10,,1,1,2,1,0,3,2,14:46,14:57,15:18,12,0,6,Angle,5.2,1,0,1,No intersection,3,2,1,3,0,3,0,0,SR-509,,-122.3709083,47.27021667,98422,0,1,66,Specific Other,6,1,40,4,0,0,1,2,12,1,1,4,1,6,Others,1,1,53,,0,37,32,1997,0,0,63,42,,,,,1,1,29,1,7,1,4,0,3,0,11,4,12/25/2017,05:30,76353057123,57123,0,0,3,2,1,0,0,0,0,92,,,,,,99,,,,,,98366,53,75,190,1,1,0,3,0,1,2,0,,,,,,0,12-15-2014,10-15-2015,1,0,0,0,0,9,8,,,0,0,0,8,9,2,177,401,605,1,1,1,2,1,0,,,,,,,,,,,,,,,,,,,,,,,,,,,,,,0,0,0,0,0,0,1,1,1,0,0,0,0,1,0,0,1,0,0,0,0,0,0,0,0,0,0,0,0,1,0,0,0,0,0,,1,0,0,0,0,0,1,1,1,0,0,1,0,0,1,0,,,,,,26-30,26-35,Interstate,U,Sunday,Belt Used,PV,White,0,1,0,0,State Route,State Patrol,Washington State Patrol Headquarter,1,1,0,0,0,thc,1.7,carboxy-thc,11,,,,,,,,,,,,,,,,,,,,,,,,,,,,,,,,,,,,,,,
2019,455,634541,7,12-14-2019,18:40,14,12,Dec,,33,King,0,8,0,2,10,2,1,0,5,2,,,,12,0,6,Angle,59.2,1,0,1,No intersection,3,1,1,2,0,0,0,0,US-2,,-121.1462167,47.71316667,,0,2,66,Specific Other,62,4,50,14,0,0,1,2,12,1,2,3,1,1,Going Straight,3,2,53,,0,20,9,2011,0,0,12,,,,,,1,1,46,1,0,0,2,0,3,0,11,5,,,,,6,0,0,3,1,0,0,0,0,96,,,,,,0,,,,,,98270,53,69,220,6,1,0,0,0,1,,0,,,,,,0,03-15-2014,03-15-2014,8,0,0,0,8,9,8,,,0,0,0,8,0,8,95,,,96,,,8,95,995,,,,,,,,,,,,,,,,,,,,,,,,,,,,,,0,0,0,0,1,1,1,1,0,0,0,0,0,0,0,0,1,0,0,0,0,0,0,0,0,0,0,0,0,1,0,0,0,0,0,,0,0,0,0,0,0,0,0,0,0,0,0,0,0,0,0,,,,,,46-50,46-55,State route,U,Friday,Belt Used,PV,Not Fatal,1,0,0,0,State Route,Municipal/City Police,Marysville Police Department,0,1,0,0,0,,,,,,0,0,0,,,,,,,,,,,,,,,,,,,,,,,,,,,,,,,,,,,
2019,455,634540,7,12-14-2019,18:40,14,12,Dec,,33,King,0,8,0,2,10,2,1,0,5,2,,,,12,0,6,Angle,59.2,1,0,1,No intersection,3,1,1,2,0,0,0,0,US-2,,-121.1462167,47.71316667,,0,1,66,Specific Other,6,1,50,5,0,0,1,2,12,1,2,3,1,1,Going Straight,2,1,53,,0,49,40,2003,0,0,63,31,12,,,,1,1,60,1,7,1,4,7,99,0,11,0,01-12-2018,02:48,1.28E+11,1842,0,0,3,3,1,0,0,0,0,92,,,,,,99,,,,,,98275,53,65,235,6,1,0,0,2,2,,0,,,,,,0,09-15-2013,08-15-2017,8,0,0,0,0,9,8,,,0,0,0,8,9,2,313,351,,1,1,,2,1,0.4,,,,,,,,,,,,,,,,,,,,,,,,,,,,,,0,0,0,0,1,1,1,1,0,0,0,0,0,0,0,0,1,0,0,0,0,0,0,0,0,0,0,0,0,1,0,0,0,0,0,,1,0,0,0,0,1,1,1,1,0,0,0,0,0,0,1,,,,,,56-60,56-65,State route,U,Friday,Unknown,PV,White,1,0,0,0,State Route,Municipal/City Police,Marysville Police Department,0,1,0,0,0,,,,,,0,0,0,,,,,,,,,,,,,,,,,,,,,,,,,,,,,,,,,,,
2018,455,633746,298,12-10-2018,20:31,10,12,Dec,0,33,King,2310,10,0,2,1,2,1,0,6,3,,,,12,0,2,Front-to-Front,0,1,0,1,No intersection,7,2,4,6,0,0,0,0,S BOEING ACCESS RD,AIRPORT WAY S,-122.2859333,47.50750278,98168,1,3,98,Others,98,7,35,4,0,0,1,7,12,1,2,4,1,1,Going Straight,3,1,53,,0,2,404,2000,0,0,64,65,64,1,,,1,1,53,1,0,0,1,0,3,0,11,0,,,,,0,0,0,3,1,28,0,0,0,96,,,,,,0,,,,,,98801,53,70,225,6,1,0,2,1,0,,69,,,,,,0,07-15-2014,11-15-2016,20,0,0,0,8,9,2,,,0,0,0,0,1,8,95,,,96,,,8,95,995,,,,,,,,,,,,,,,,,,,,,,,,,,,,,,0,0,1,0,1,0,0,0,0,0,0,0,0,0,0,0,0,0,0,0,0,0,0,0,0,0,0,0,0,1,0,0,0,0,0,,0,0,0,0,0,0,0,0,0,0,0,0,0,0,0,1,,,,,,51-55,46-55,Interstate,R,Sunday,Belt Used,PV,Not Fatal,0,1,0,0,State Route,State Patrol,Washington State Patrol Headquarter,1,1,0,0,0,,,,,,0,0,0,,,,,,,,,,,,,,,,,,,,,,,,,,,,,,,,,,,
2018,455,633745,298,12-10-2018,20:31,10,12,Dec,0,33,King,2310,10,0,2,1,2,1,0,6,3,,,,12,0,2,Front-to-Front,0,1,0,1,No intersection,7,2,4,6,0,0,0,0,S BOEING ACCESS RD,AIRPORT WAY S,-122.2859333,47.50750278,98168,1,2,51,Lateral Move(Going Straight),62,4,35,2,0,0,1,7,1,1,2,4,1,1,Going Straight,1,1,53,,0,49,481,1997,0,0,12,,,,,,1,1,26,1,0,0,1,0,3,0,11,4,,,,,0,0,0,3,1,0,0,0,0,96,,,,,,0,,,,,,99141,53,73,175,6,1,0,1,0,0,,0,,,,,,0,06-15-2013,06-15-2013,1,0,0,0,8,9,8,,,0,0,0,8,0,8,95,,,96,,,8,95,995,,,,,,,,,,,,,,,,,,,,,,,,,,,,,,0,0,0,0,1,1,1,1,1,0,0,0,1,1,0,0,0,0,0,0,0,0,0,0,0,0,0,0,0,1,0,0,0,0,0,,0,0,0,0,0,0,0,0,0,0,0,0,0,0,0,0,,,,,,26-30,26-35,US highway,R,Thursday,Belt Used,PV,Not Fatal,0,1,1,0,State Route,State Patrol,Washington State Patrol Headquarter,0,1,0,0,0,,,,,,0,0,0,,,,,,,,,,,,,,,,,,,,,,,,,,,,,,,,,,,
2018,455,633744,298,12-10-2018,20:31,10,12,Dec,0,33,King,2310,10,0,2,1,2,1,0,6,3,,,,12,0,2,Front-to-Front,0,1,0,1,No intersection,7,2,4,6,0,0,0,0,S BOEING ACCESS RD,AIRPORT WAY S,-122.2859333,47.50750278,98168,1,1,50,Lateral Move(Left/Right),10,2,35,4,0,0,1,7,12,1,2,4,1,1,Going Straight,2,1,53,,0,6,43,2000,0,0,68,12,,,,,1,1,32,2,1,98,4,7,3,0,11,0,01-11-2018,11:06,53003919,3919,0,0,0,2,1,28,87,0,0,96,,,,,,9,,,,,,99141,53,67,190,3,1,0,0,0,0,,0,,,,,,4,,,20,0,0,0,0,9,8,,,0,0,0,8,1,2,605,695,996,1,1,1,2,1,0.19,,,,,,,,,,,,,,,,,,,,,,,,,,,,,,0,0,0,0,1,1,1,1,1,0,0,0,1,1,0,0,0,0,0,0,0,0,0,0,0,0,0,0,0,1,0,0,0,0,0,,1,0,0,0,0,1,1,1,0,1,0,1,0,0,0,1,,,,,,31-35,26-35,US highway,R,Thursday,Belt Used,PV,Hispanic,0,1,1,0,State Route,State Patrol,Washington State Patrol Headquarter,0,1,0,0,0,thc,2.4,carboxy-thc,9,,0,0,0,1,1,,,,996,996,,,,,,,,,,,,,,,,,,,,,,,,,,,,
2017,455,632946,16,10-27-2017,09:26,27,10,Oct,0,15,Cowlitz,0,1,0,1,1,4,2,0,2,1,,,,10,0,0,No vehicle,0,6,0,1,No intersection,7,2,4,6,0,0,65,3,HORSESHOE BEND ESTATE,PLEASANT HILL RD,-122.8886528,46.23833889,98611,0,1,98,Others,98,7,10,4,0,0,1,2,10,1,1,8,1,3,Others,2,2,53,,0,7,442,2001,0,0,8,,,,,,1,1,38,1,0,0,0,0,3,0,11,0,,,,,0,0,3,3,1,0,0,0,0,0,,,,,,99,,,,,,99336,53,69,265,6,1,0,0,1,1,,0,,,,,,0,08-15-2014,11-15-2017,20,0,0,0,8,9,8,,,0,0,0,8,9,2,1,,,1,,,2,1,0,,,,,,,,,,,,,,,,,,,,,,,,,,,,,,0,0,0,0,0,0,0,0,0,1,0,1,0,0,0,0,0,0,0,0,0,0,0,0,0,0,0,0,0,1,0,1,0,0,0,,0,0,0,0,0,0,0,0,0,0,0,0,0,0,0,0,,,,,,36-40,36-45,County road,R,Wednesday,Belt Used,PV,Not Fatal,0,0,0,0,County Road,County Sheriff,Franklin County Sheriff's Office,0,0,1,0,0,,,,,,0,0,0,,,,,,,,,,,,,,,,,,,,,,,,,,,,,,,,,,,
2021,456,636043,242,10-30-2021,23:02,30,10,Oct,,53,Pierce,1770,1,,3,1,2,1,1,1,1,,,,8,0,0,No vehicle,0,3,0,2,4 Way,3,2,4,6,0,0,0,0,N MERIDIAN,E Main,-122.2937167,47.19181389,98372,0,1,13,Pedestrian/Animal,80,5,25,15,0,0,1,5,8,1,1,2,4,1,Going Straight,1,1,53,,0,23,421,2007,0,0,8,,,,,,1,1,30,1,0,0,0,0,3,0,11,0,,,,,0,0,3,3,1,0,0,0,0,0,,,,,,0,,,,,,98042,53,69,150,6,1,0,0,0,0,0,0,,,,,,0,,,20,0,0,0,8,9,8,,,0,0,0,8,0,0,0,0,0,0,0,0,0,0,996,,,,,,,,,,,,,,,,,,,,,,,,,,,,,,0,0,0,0,0,0,0,0,0,0,0,0,0,0,0,0,0,0,0,0,0,0,0,0,0,0,0,0,0,1,0,1,0,0,0,,0,0,0,0,0,0,0,0,0,0,0,0,0,0,0,0,,,,,,26-30,26-35,County road,U,Sunday,Belt Used,PV,Not Fatal,1,0,0,0,County Road,County Sheriff,King County Police,0,0,1,0,0,,,,,,,,,,,,,,,,,,,,,,,,,,,,,,,,,,,,,,,,,,,
2020,456,635233,1,11-18-2020,20:49,18,11,Nov,,77,Yakima,0,1,,2,1,2,1,0,2,2,20:54,21:15,22:02,12,0,1,Front-to-Rear,66.8,1,0,1,No intersection,4,1,1,2,0,3,0,0,US-97,,-120.4083306,46.426025,98951,0,2,25,Others,53,3,55,4,0,0,1,2,12,1,1,2,3,1,Going Straight,1,2,53,,0,12,402,2014,0,0,12,,,,,,1,1,33,1,0,0,3,0,3,0,11,5,,,,,0,0,0,3,1,0,0,0,0,96,,,,,,0,,,,,,98010,53,70,155,6,1,0,0,0,0,,0,,,,,,0,,,8,0,0,0,8,9,8,,,0,0,0,8,0,8,95,,,96,,,8,95,995,,,,,,,,,,,,,,,,,,,,,,,,,,,,,,0,0,0,0,0,0,1,1,1,0,0,0,0,0,0,0,0,0,0,0,0,0,0,0,0,0,0,0,0,1,0,0,0,0,0,,0,0,0,0,0,0,0,0,0,0,0,0,0,0,0,0,,,,,,31-35,26-35,State route,U,Wednesday,Belt Used,PV,Not Fatal,0,1,1,0,State Route,State Patrol,Washington State Patrol Headquarter,0,1,0,0,0,,,,,,0,0,0,,,,,,,,,,,,,,,,,,,,,,,,,,,,,,,,,,,
2020,456,635232,1,11-18-2020,20:49,18,11,Nov,,77,Yakima,0,1,,2,1,2,1,0,2,2,20:54,21:15,22:02,12,0,1,Front-to-Rear,66.8,1,0,1,No intersection,4,1,1,2,0,3,0,0,US-97,,-120.4083306,46.426025,98951,0,1,24,Others,51,3,55,4,0,0,1,2,12,1,1,2,3,1,Going Straight,1,2,53,,0,12,481,1989,0,0,68,12,,,,,1,1,39,1,7,99,4,0,3,0,11,5,01-03-2018,21:50,16053000201,201,0,0,3,3,1,28,0,0,0,96,,,,,,9,,,,,,98331,53,67,150,6,1,0,0,1,2,,0,,,,,,0,02-15-2015,09-15-2017,20,0,0,0,0,9,2,,,0,0,0,1,9,2,605,695,996,1,1,1,2,1,0,,,,,,,,,,,,,,,,,,,,,,,,,,,,,,0,0,0,0,0,0,1,1,1,0,0,0,0,0,0,0,0,0,0,0,0,0,0,0,0,0,0,0,0,1,0,0,0,0,0,,1,0,0,0,0,0,1,1,0,0,0,0,0,0,1,0,,,,,,36-40,36-45,State route,U,Wednesday,Belt Used,PV,Oth/Unk,0,1,1,0,State Route,State Patrol,Washington State Patrol Headquarter,0,1,0,0,0,thc,10,carboxy-thc,41,,0,0,0,1,,,,,996,,,,,,,,,,,,,,,,,,,,,,,,,,,,,
2019,456,634542,2,12-21-2019,00:36,21,12,Dec,,61,Snohomish,690,2,0,2,2,2,1,2,2,3,,,,14,0,0,No vehicle,190.1,1,0,1,No intersection,1,2,1,1,0,0,0,0,I-5,,-122.1995083,47.92891389,98202,0,1,11,Others,11,2,60,34,0,0,1,2,14,1,1,5,3,1,Going Straight,1,1,53,,0,54,39,2008,0,0,8,8,,,,,1,1,28,1,0,0,0,0,3,0,11,0,,,,,6,0,0,3,1,10,0,0,0,96,,,,,,0,,,,,,98953,53,71,190,6,1,0,0,0,0,,0,,,,,,0,,,20,0,0,0,8,9,8,,,0,0,0,8,0,8,95,,,96,,,8,95,995,,,,,,,,,,,,,,,,,,,,,,,,,,,,,,0,0,0,0,0,0,0,0,0,0,0,0,0,0,0,0,0,0,0,0,0,0,0,0,0,0,0,0,0,1,0,1,0,0,0,,0,0,0,0,0,0,0,0,0,0,0,0,0,0,0,0,,,,,,26-30,26-35,County road,R,Monday,Belt Used,PV,Not Fatal,0,0,0,0,County Road,County Sheriff,Yakima County Sheriff's Office,0,0,1,0,0,,,,,,0,0,0,,,,,,,,,,,,,,,,,,,,,,,,,,,,,,,,,,,
2018,456,633748,3,11-28-2018,04:30,28,11,Nov,0,67,Thurston,0,1,0,3,1,2,2,0,3,2,,,,12,0,7,"Sideswipe,Same",30.8,1,0,1,No intersection,4,2,1,3,0,0,0,0,SR-507,,-122.5632389,46.93227778,98597,0,2,45,Others,60,4,35,4,0,0,1,5,12,1,2,2,1,1,Going Straight,1,1,53,,0,85,881,2010,0,0,12,,,,,,1,1,42,1,0,0,0,0,3,0,11,0,,,,,6,3,0,3,1,0,0,0,0,96,,,,,,0,,,,,,98368,53,73,235,6,1,0,0,0,0,,0,,,,,,0,,,20,0,0,0,8,9,8,,,0,0,0,8,0,8,95,,,96,,,8,95,995,,,,,,,,,,,,,,,,,,,,,,,,,,,,,,0,0,0,0,0,0,1,1,0,0,0,0,0,0,0,0,0,0,0,0,0,0,0,0,0,0,0,0,0,1,1,0,0,0,0,,0,0,0,0,0,0,0,0,0,0,0,0,0,0,0,0,,,,,,41-45,36-45,State route,R,Friday,,MHTRUCK,Not Fatal,0,1,1,0,State Route,State Patrol,Washington State Patrol Headquarter,0,1,0,0,0,,,,,,0,0,0,,,,,,,,,,,,,,,,,,,,,,,,,,,,,,,,,,,
2018,456,633747,3,11-28-2018,04:30,28,11,Nov,0,67,Thurston,0,1,0,3,1,2,2,0,3,2,,,,12,0,7,"Sideswipe,Same",30.8,1,0,1,No intersection,4,2,1,3,0,0,0,0,SR-507,,-122.5632389,46.93227778,98597,0,1,46,Others,51,3,35,34,0,0,1,2,1,1,2,2,1,6,Others,2,2,53,,0,37,31,1998,0,0,63,69,68,12,,,1,1,59,2,7,1,4,7,3,0,11,0,01-05-2018,10:39,53000914,914,0,0,0,3,1,58,0,0,0,96,,,,,,99,,,,,,98382,53,64,135,6,1,0,0,0,0,,0,,,,,,0,06-15-2013,06-15-2013,1,0,0,0,0,9,8,,,0,0,0,8,9,2,401,417,,1,1,,2,1,0,,,,,,,,,,,,,,,,,,,,,,,,,,,,,,0,0,0,0,0,0,1,1,0,0,0,0,0,0,0,0,0,0,0,0,0,0,0,0,0,0,0,0,0,1,1,0,0,0,0,,1,0,0,0,0,0,1,1,0,0,0,0,0,0,1,0,,,,,,56-60,56-65,State route,R,Friday,Belt Used,PV,White,0,1,1,0,State Route,State Patrol,Washington State Patrol Headquarter,0,1,0,0,0,,,,,,0,0,1,,,,,,,,,,,,,,,,,,,,,,,,,,,,,,,,,,,
2017,456,633111,7,10-13-2017,21:13,13,10,Oct,0,33,King,1960,1,0,3,1,1,1,0,4,2,21:18,21:46,22:00,12,0,6,Angle,161.5,1,0,1,No intersection,1,2,1,1,0,0,0,0,I-5,,-122.3341861,47.54287222,98106,0,2,98,Others,54,3,60,14,0,0,1,2,12,1,1,5,3,1,Going Straight,2,1,53,,0,59,402,2005,0,0,8,,,,,,1,1,20,1,0,0,0,0,3,0,11,0,,,,,0,0,0,3,1,0,0,0,0,96,,,,,,0,,,,,,98001,53,68,180,6,1,0,0,0,0,,0,,,,,,0,,,20,0,0,0,8,9,8,,,0,0,0,8,0,8,95,,,96,,,8,95,995,,,,,,,,,,,,,,,,,,,,,,,,,,,,,,0,0,0,0,0,0,0,0,0,1,1,0,0,0,0,0,0,0,0,0,0,1,1,0,1,0,0,0,0,1,0,1,0,0,0,,0,0,0,0,0,0,0,0,0,0,0,0,0,0,0,0,,,,,,18-20,16-25,State route,U,Saturday,Belt Used,PV,Not Fatal,0,0,0,0,State Route,Municipal/City Police,Federal Way Dept of Public Safety,0,1,0,0,0,,,,,,0,0,0,,,,,,,,,,,,,,,,,,,,,,,,,,,,,,,,,,,
2017,456,633110,7,10-13-2017,21:13,13,10,Oct,0,33,King,1960,1,0,3,1,1,1,0,4,2,21:18,21:46,22:00,12,0,6,Angle,161.5,1,0,1,No intersection,1,2,1,1,0,0,0,0,I-5,,-122.3341861,47.54287222,98106,0,1,98,Others,54,3,60,4,0,0,1,2,12,1,1,5,3,12,Others,2,2,53,,0,7,482,1994,0,0,63,53,42,,,,1,1,69,1,7,1,4,7,3,0,11,0,12/25/2017,12:20,53055968,55968,0,0,3,3,1,0,0,0,0,96,,,,,,99,,,,,,98603,53,71,215,6,1,0,0,0,0,0,0,,,,,,4,,,1,0,0,0,0,9,8,,,0,0,0,8,9,2,1,0,0,1,0,0,2,1,0,,,,,,,,,,,,,,,,,,,,,,,,,,,,,,0,0,0,0,0,0,0,0,0,0,0,0,1,0,0,0,0,0,0,0,0,0,0,0,0,1,0,0,0,0,0,0,0,0,0,,0,0,0,0,0,0,0,0,0,1,0,0,0,0,0,0,,,,,,66-70,66-75,State route,R,Monday,Belt Used,PV,White,0,1,0,0,State Route,State Patrol,Washington State Patrol Headquarter,1,1,0,0,0,,,,,,,,,,,,,,,,,,,,,,,,,,,,,,,,,,,,,,,,,,,
2020,457,635234,5,11-13-2020,15:37,13,11,Nov,,11,Clark,2370,10,,1,2,1,1,0,1,1,,,,42,0,0,No vehicle,5.3,1,0,1,No intersection,1,2,1,1,0,0,0,0,I-205,,-122.58065,45.66898056,98662,0,1,6,Drive off road,12,2,60,14,0,0,1,2,42,1,1,2,2,1,Going Straight,1,1,41,,0,35,472,2007,0,0,12,,,,,,1,1,60,1,0,0,3,0,3,0,11,4,,,,,0,0,0,3,1,0,0,0,0,96,,,,,,0,,,,,,98047,53,64,140,6,1,0,0,0,1,,0,,,,,,0,11-15-2014,11-15-2014,1,0,0,0,8,9,8,,,0,0,0,8,0,8,95,,,96,,,8,95,995,,,,,,,,,,,,,,,,,,,,,,,,,,,,,,0,0,0,1,0,0,1,1,1,0,0,0,1,1,0,0,0,0,0,0,0,1,1,0,1,0,0,0,0,1,0,0,0,0,0,,0,0,0,0,0,0,0,0,0,0,0,0,0,0,0,0,,,,,,56-60,56-65,State route,U,Friday,Belt Used,PV,Not Fatal,1,0,0,0,State Route,Municipal/City Police,Federal Way Dept of Public Safety,0,1,0,0,0,,,,,,0,0,0,,,,,,,,,,,,,,,,,,,,,,,,,,,,,,,,,,,
2017,457,0Tech &,1,10-17-2017,05:43,17,10,Oct,0,77,Yakima,0,10,0,6,1,8,1,1,2,2,,,,8,0,0,No vehicle,9999.9,1,0,1,No intersection,5,1,2,4,0,0,0,0,CR-S WAPATO RD,,-120.417775,46.37571111,98951,0,2,98,Others,80,5,98,4,0,0,1,5,8,1,9,2,1,1,Going Straight,1,2,53,,0,49,401,2007,0,0,12,,,,,,1,1,31,1,0,0,0,0,3,0,11,0,,,,,0,0,3,3,1,0,0,0,0,96,,,,,,0,,,,,,98003,53,69,125,6,1,0,0,0,0,,0,,,,,,0,,,20,0,0,0,8,9,8,,,0,0,0,8,0,8,95,,,96,,,8,95,995,,,,,,,,,,,,,,,,,,,,,,,,,,,,,,0,0,0,1,0,0,1,1,1,0,0,0,1,1,0,0,0,0,0,0,0,1,1,0,1,0,0,0,0,1,0,0,0,0,0,,0,0,0,0,0,0,0,0,0,0,0,0,0,0,0,0,,,,,,31-35,26-35,State route,U,Friday,Belt Used,PV,Not Fatal,1,0,0,0,State Route,Municipal/City Police,Federal Way Dept of Public Safety,0,1,0,0,0,,,,,,0,0,0,,,,,,,,,,,,,,,,,,,,,,,,,,,,,,,,,,,
2019,457,634543,2,12-04-2019,01:40,4,12,Dec,,61,Snohomish,0,1,0,2,2,2,1,1,2,1,,,,8,0,0,No vehicle,27.4,1,0,1,No intersection,3,2,1,2,0,0,0,0,US-2,,-121.7124417,47.86214167,98251,0,1,13,Pedestrian/Animal,80,5,50,4,0,0,1,7,8,1,1,2,1,1,Going Straight,2,2,53,,0,19,3,1999,0,0,12,68,12,,,,1,1,20,1,7,2,4,7,3,0,11,0,01-05-2018,13:50,73553002489,2489,0,0,0,0,1,0,0,0,0,96,,,,,,99,,,,,,98404,53,70,140,0,0,0,0,0,0,,0,,,,,,4,,,20,0,0,0,0,9,8,,,0,0,0,8,9,2,605,695,,1,1,,2,1,0,,,,,,,,,,,,,,,,,,,,,,,,,,,,,,0,0,0,1,0,0,1,1,1,0,0,0,1,1,0,0,0,0,0,0,0,1,1,0,1,0,0,0,0,1,0,0,0,0,0,,1,0,0,0,0,0,1,1,0,1,0,1,0,0,1,0,,,,,,18-20,16-25,State route,U,Friday,Belt Used,PV,Black,1,0,0,0,State Route,Municipal/City Police,Federal Way Dept of Public Safety,0,1,0,0,0,thc,3.5,carboxy-thc,31,,0,0,0,,,,,,,,,,,,,,,,,,,,,,,,,,,,,,,,,,,