year,something,Cases,repjur,crash_dt,crash_tm,accday,Month,Month,holiday,county,co_char,city,weather,weather2,lightcond,surfcond,surftype,Number of Fatalities,nmforms,pforms,vforms,not_tm,arr_tm,hosp_tm,fhevent,hitrun,Manner of Collision,Manner of Collision,milepnt,reljunc,reljuncinter,intersectiontype,Intersection Type,funcsystem,landuse,ownership,route,schlbus,spejur,contdev,devfunc,trafid1,trafid2,x,y,zipcode,wk_zone,vnumber,crashtype,Crash Type,criticalevent,criticaleventcat,spdlim,body,trailer,emerg,hazcargo,leave,mhevent,roadalgn,roadprof,traflane,trafflow,Vehicle Manure,Vehicle Manure,numoccs,regowner,regstate,,spuse,make,model,modelyr,vrf1,vrf2,seqevent1,seqevent2,seqevent3,seqevent4,seqevent5,seqevent6,pnumber,ptype,age,sex,hispanic,race,injury,diedscene,restraint,restraintmisuse,seatpos,takehosp,death_dt,death_tm,cert,cernum_wa,commlic,licendor,licrestrict,liccomp,drivpres,drf1,drf2,drf3,drf4,distract1,distract2,distract3,distract4,distract5,distract6,dricond1,dricond2,dricond3,dricond4,dricond5,dricond6,dzip,licstate,drhgt_in,weight,noncdl,noncdltype,prevdwi,prevoth,prevacc,prevspd,prevsus,driviol1,driviol2,driviol3,driviol4,driviol5,driviol6,spdrel,first_dt,last_dt,airbag,ejection,ejectpath,extricat,injurwrk,methalc,methdrug,nmlocat,strikveh,prf1,prf2,prf3,druginv,alcinvol,drugsts,drugres1,drugres2,drugres3,drugtst1,drugtst2,drugtst3,alcsts,alctst,alcres,nmact1,nmact2,nmact3,nmact4,nmact5,nmact6,nmprior1,nmprior2,nmprior3,nmprior4,nmprior5,nmprior6,nmcond1,nmcond2,nmcond3,nmcond4,nmcond5,nmcond6,nmsafe_helmet,nmsafe_pads,nmsafe_oth,nmprev_ref,nmprev_lgt,nmprev_oth,crashlocation,nmcrashtype,crosswalk,schoolzone,sidewalk,train_inv,wildlife_inv,rotr_fars,intersect_fars,Drink and Drive,aid_inv,Drug Positive Drivers,Impaired Drivers,Marijuana Positive,impnm_inv,ainm_inv,dpnm_inv,speed_inv,unlic_inv,unendmc_inv,drowsy_inv,drdist_inv,nmdist_inv,fty_inv,unrestfat_inv,dr1617_inv,dr1820_inv,dr1620_inv,dr2125_inv,dr1625_inv,dr65_inv,dr70_inv,dr75_inv,mc_inv,pv_inv,ht_inv,ped_inv,bike_inv,unrest_fat,mc_fat,unhelmet_mc,pv_fat,ht_fat,ped_fat,bike_fat,dr_alc7,dr_alc8,dr_drug,dr_imp,dr_dist,dr_spd,dr_fty,dr_unlic,dr_alc7only,dr_alc8only,dr_drugonly,dr_drink,nm_imp,nm_alc7,nm_alc8,nm_drug,nm_dist,agegrp1,agegrp2,roadclass,urbrur,dayweek,restuse,vehtype,race_me,intersect,lanedep,oppdir,wrongway,rep_typ,investag,repag_long,rotr,st_rd,cty_rd,city_rd,oth_rd,drug_thc,thc_res,drug_cthc,cthc_res,drug_cann,prevpersemin,prevperse,prevsusoth,drugtst4,drugtst5,drugtst6,drugtst7,drugtst8,drugres4,drugres5,drugres6,drugres7,drugres8,adspresent,adsengaged,adslevel,race1,race2,race3,race4,race5,helmet,helmetmisuse,nmdistract1,nmdistract2,nmdistract3,nmdistract4,nmdistract5,nmdistract6,lab,isedtcase,crf1,crf2,crf3,CoRoadName,CoMP,IntCoRoadName,IntCoMP
2018,457,633749,1,12-05-2018,13:15,5,12,Dec,0,77,Yakima,0,1,0,1,1,2,1,0,1,1,13:16,13:34,,1,0,0,No vehicle,15.4,1,0,1,No intersection,4,1,1,3,0,0,0,0,SR-24,,-120.1850194,46.50574167,98936,0,1,1,Driver Off Road,13,2,60,66,2,0,1,2,1,1,1,2,1,1,Going Straight,1,3,53,,0,12,481,2010,0,0,8,,,,,,1,1,78,1,0,0,0,0,3,0,11,0,,,,,6,0,0,3,1,0,0,0,0,96,,,,,,0,,,,,,98584,53,70,195,6,1,0,1,2,0,,0,,,,,,0,09-15-2013,09-15-2015,20,0,0,0,8,9,8,,,0,0,0,8,9,2,1,,,1,,,2,1,0,,,,,,,,,,,,,,,,,,,,,,,,,,,,,,0,0,0,0,0,0,0,0,0,1,1,0,0,0,0,0,0,1,0,0,0,0,0,0,0,1,1,1,0,1,0,1,0,0,0,,0,0,0,0,0,0,0,0,0,0,0,0,0,0,0,0,,,,,,76-80,76+,City street,U,Wednesday,Belt Used,PV,Not Fatal,0,0,0,0,City Street,Municipal/City Police,Shelton Police Department,0,0,0,1,0,,,,,,0,0,0,,,,,,,,,,,,,,,,,,,,,,,,,,,,,,,,,,,
2017,457,0Tech &,1,10-17-2017,05:43,17,10,Oct,0,77,Yakima,0,10,0,6,1,8,1,1,2,2,,,,8,1,0,No vehicle,9999.9,1,0,1,No intersection,5,1,2,4,0,0,0,0,CR-S WAPATO RD,,-120.417775,46.37571111,98951,0,1,13,Pedestrian/Animal,80,5,98,79,9,0,1,5,8,1,8,2,1,99,Others,99,9,99,,0,20,481,2014,0,0,12,,,,,,1,1,55,2,0,0,0,0,3,0,11,0,,,,,0,0,3,3,1,0,0,0,0,0,,,,,,0,,,,,,98366,53,68,170,6,1,0,0,0,0,0,0,,,,,,0,,,20,0,0,0,8,9,8,,,0,0,0,8,0,0,0,0,0,0,0,0,0,0,996,,,,,,,,,,,,,,,,,,,,,,,,,,,,,,0,0,0,0,1,0,1,1,1,0,0,0,1,0,0,0,0,0,0,0,0,0,0,0,0,0,0,0,1,0,1,0,0,0,0,,0,0,0,0,0,0,0,0,0,0,0,0,0,0,0,0,,,,,,51-55,46-55,State route,R,Monday,Belt Used,PV,Not Fatal,0,1,0,0,State Route,State Patrol,Washington State Patrol Headquarter,1,1,0,0,0,,,,,,,,,,,,,,,,,,,,,,,,,,,,,,,,,,,,,,,,,,,
2021,458,636053,290,11-05-2021,21:35,5,11,Nov,,53,Pierce,2230,1,,3,2,2,1,0,2,2,,,,12,0,6,Angle,,2,0,3,T Intersection,3,2,4,6,0,0,3,3,S ORCHARD ST,Emerson St,-122.5051583,47.22106667,98466,0,2,82,Turn Into Opp Direction(Turning Left),66,4,35,5,0,0,1,2,12,1,2,4,1,11,Turning Red: Permitted on red,1,1,53,,0,84,884,2004,0,0,12,,,,,,1,1,61,1,0,0,0,0,3,0,11,0,,,,,6,2,3,3,1,0,0,0,0,0,,,,,,0,,,,,,98366,53,71,200,6,1,0,1,0,0,0,0,,,,,,0,06-15-2015,06-15-2015,20,0,0,0,8,9,8,,,0,0,0,8,0,0,0,0,0,0,0,0,0,0,996,,,,,,,,,,,,,,,,,,,,,,,,,,,,,,0,0,0,0,1,0,1,1,1,0,0,0,1,0,0,0,0,0,0,0,0,0,0,0,0,0,0,0,1,0,1,0,0,0,0,,0,0,0,0,0,0,0,0,0,0,0,0,0,0,0,0,,,,,,61-65,56-65,State route,R,Monday,,MHTRUCK,Not Fatal,0,1,0,0,State Route,State Patrol,Washington State Patrol Headquarter,1,1,0,0,0,,,,,,,,,,,,,,,,,,,,,,,,,,,,,,,,,,,,,,,,,,,
2021,458,636052,290,11-05-2021,21:35,5,11,Nov,,53,Pierce,2230,1,,3,2,2,1,0,2,2,,,,12,1,6,Angle,,2,0,3,T Intersection,3,2,4,6,0,0,3,3,S ORCHARD ST,Emerson St,-122.5051583,47.22106667,98466,0,1,83,Others,17,2,35,80,0,0,1,2,12,1,2,5,5,1,Going Straight,99,9,53,,0,98,705,1997,0,0,1,12,12,,,,1,1,32,1,7,1,4,0,5,0,11,1,11/21/2017,11:51,1.96E+11,51126,0,0,0,3,1,0,0,0,0,96,,,,,,99,,,,,,98359,53,69,155,6,1,0,0,1,0,0,0,,,,,,4,05-15-2014,05-15-2014,20,8,0,0,0,9,8,,,0,0,0,8,1,2,695,0,0,1,0,0,2,1,0,,,,,,,,,,,,,,,,,,,,,,,,,,,,,,0,0,0,0,1,0,1,1,1,0,0,0,1,0,0,0,0,0,0,0,0,0,0,0,0,0,0,0,1,0,1,0,0,0,1,0,0,0,0,0,0,0,1,1,0,1,0,0,0,0,1,1,,,,,,31-35,26-35,State route,R,Monday,,MC,White,0,1,0,0,State Route,State Patrol,Washington State Patrol Headquarter,1,1,0,0,0,,,carboxy-thc,10,,,,,,,,,,,,,,,,,,,,,,,,,,,,,,,,,,,,,,,
2020,458,635237,297,11-22-2020,22:46,22,11,Nov,,33,King,2310,2,,3,2,2,1,0,1,1,,,,43,0,0,No vehicle,0,1,0,1,No intersection,7,2,4,6,0,0,0,0,48TH AVE S,,-122.2665028,47.48848056,98168,0,1,14,Others,14,2,25,4,0,0,1,2,3,1,1,2,1,1,Going Straight,1,1,53,,0,2,404,2005,0,0,12,,,,,,1,1,23,1,0,0,0,0,3,0,11,0,,,,,0,0,0,3,1,0,0,0,0,96,,,,,,0,,,,,,98516,53,68,150,6,1,0,3,1,3,,0,,,,,,0,09-15-2013,02-15-2017,1,0,0,0,8,9,8,,,0,0,0,8,0,8,95,,,96,,,8,95,995,,,,,,,,,,,,,,,,,,,,,,,,,,,,,,0,0,0,1,1,0,1,1,1,0,0,0,0,0,0,0,0,0,0,0,0,0,0,1,1,0,0,0,1,1,0,0,0,0,0,,0,0,0,0,0,0,0,0,0,0,0,0,0,0,0,0,,,,,,21-25,16-25,City street,U,Monday,Belt Used,PV,Not Fatal,1,0,0,0,City Street,Municipal/City Police,Olympia Police Department,0,0,0,1,0,,,,,,0,0,1,,,,,,,,,,,,,,,,,,,,,,,,,,,,,,,,,,,
2019,458,634544,4,12-27-2019,05:40,27,12,Dec,,63,Spokane,0,4,0,2,10,2,1,0,1,1,,,,24,0,0,No vehicle,266.2,1,0,1,No intersection,1,1,1,1,0,0,0,0,I-90,,-117.6277167,47.54700556,99014,0,1,7,Control/Traction Loss,6,1,70,34,1,0,1,2,1,1,2,2,3,1,Going Straight,1,2,53,,0,72,706,2003,0,0,12,,,,,,1,1,64,1,7,1,4,7,19,0,11,0,01-01-2018,17:50,1.10E+11,432,0,0,0,3,1,0,0,0,0,96,,,,,,99,,,,,,98506,53,69,190,6,1,0,0,0,1,,0,,,,,,0,09-15-2014,09-15-2014,20,8,0,0,0,9,8,,,0,0,0,8,9,2,605,,,1,,,2,1,0.074,,,,,,,,,,,,,,,,,,,,,,,,,,,,,,0,0,0,1,1,0,1,1,1,0,0,0,0,0,0,0,0,0,0,0,0,0,0,1,1,0,0,0,1,1,0,0,0,0,1,0,0,0,0,0,1,0,1,1,0,0,0,0,0,0,0,1,,,,,,61-65,56-65,City street,U,Monday,,MC,White,1,0,0,0,City Street,Municipal/City Police,Olympia Police Department,0,0,0,1,0,thc,1.9,,,,0,0,0,,,,,,,,,,,,,,,,,,,,,,,,,,,,,,,,,,,
2017,458,632923,28,10-21-2017,09:33,21,10,Oct,0,39,Klickitat,0,1,0,1,2,2,1,0,1,1,,,,42,0,0,No vehicle,2,1,0,1,No intersection,6,1,2,4,0,0,0,0,CR-WOODLAND LP,,-120.7295167,45.86418056,98620,0,1,1,Driver Off Road,13,2,40,34,0,0,1,2,42,2,2,2,1,14,Making a U turn,1,2,53,,0,20,403,2006,0,0,64,1,,,,,1,1,62,1,7,1,4,0,3,0,11,4,01-10-2018,16:15,2.11E+11,2092,0,0,0,3,1,87,0,0,0,96,,,,,,99,,,,,,99122,53,71,185,6,1,0,0,0,0,0,0,,,,,,4,,,20,0,0,0,0,9,8,,,0,0,0,8,0,2,1,0,0,1,0,0,2,1,0,,,,,,,,,,,,,,,,,,,,,,,,,,,,,,0,0,0,0,0,0,0,0,0,0,0,0,1,0,0,0,0,0,0,0,0,0,0,0,0,0,0,0,0,1,0,0,0,0,0,,1,0,0,0,0,0,0,0,0,1,0,0,0,0,0,0,,,,,,61-65,56-65,US highway,R,Saturday,Belt Used,PV,White,0,1,0,0,State Route,State Patrol,Washington State Patrol Headquarter,1,1,0,0,0,,,,,,,,,,,,,,,,,,,,,,,,,,,,,,,,,,,,,,,,,,,
2021,459,636065,4,11-02-2021,11:56,2,11,Nov,,63,Spokane,0,1,,1,1,2,1,0,1,1,,,,1,0,0,No vehicle,86.5,1,0,1,No intersection,2,1,1,2,0,0,0,0,US-195,,-117.3955778,47.55781111,99224,0,1,6,Drive off road,12,2,60,34,0,0,1,2,1,2,2,2,3,14,Making a U turn,1,1,16,,0,2,404,2000,0,0,63,1,,,,,1,1,35,1,0,0,3,0,20,0,11,4,,,,,0,0,0,3,1,87,0,0,0,96,,,,,,0,,,,,,98155,53,77,220,6,1,0,1,1,2,2,97,,,,,,4,05-15-2014,06-15-2017,20,0,0,0,8,9,8,,,0,0,0,8,0,0,0,0,0,0,0,0,0,0,996,,,,,,,,,,,,,,,,,,,,,,,,,,,,,,0,0,0,0,0,0,0,0,0,0,0,0,1,0,0,0,0,0,0,0,0,0,0,0,0,0,0,0,0,1,0,0,0,0,0,,0,0,0,0,0,0,0,0,0,1,0,0,0,0,0,0,,,,,,31-35,26-35,Interstate,R,Friday,Not Used,PV,Not Fatal,0,1,0,0,State Route,State Patrol,Washington State Patrol Headquarter,1,1,0,0,0,,,,,,,,,,,,,,,,,,,,,,,,,,,,,,,,,,,,,,,,,,,
2020,459,635238,2,11-19-2020,20:10,19,11,Nov,,73,Whatcom,0,1,,2,1,2,1,1,2,1,20:13,20:16,,8,0,0,No vehicle,3.2,3,0,3,T Intersection,5,1,2,4,0,0,0,0,CR-BIRCH BAY LYNDEN RD,PERCIE RD,-122.6769167,48.93554444,98240,0,1,13,Pedestrian/Animal,80,5,50,20,0,0,1,2,8,1,1,2,1,1,Going Straight,2,2,53,,0,59,34,2000,0,0,64,42,,,,,1,1,34,1,7,48,4,7,3,0,11,0,12/24/2017,02:48,2.37E+11,55407,0,0,0,3,1,0,0,0,0,96,,,,,,9,,,,,,97213,41,67,120,6,1,0,0,0,0,1,0,,,,,,4,12-15-2014,12-15-2014,8,0,0,0,0,1,8,,,0,0,0,8,1,2,605,695,0,1,1,0,2,1,0.19,,,,,,,,,,,,,,,,,,,,,,,,,,,,,,0,0,0,0,1,1,1,1,1,0,0,0,1,0,0,0,0,0,0,0,0,0,0,0,0,0,0,0,0,1,0,0,0,0,0,,1,0,0,0,0,1,1,1,0,1,0,0,0,0,0,1,,,,,,31-35,26-35,Interstate,U,Sunday,Belt Used,PV,API,0,1,0,0,State Route,State Patrol,Washington State Patrol Headquarter,1,1,0,0,0,thc,5,carboxy-thc,39,,,,,,,,,,,,,,,,,,,,,,,,,,,,,,,,,,,,,,,
2019,459,634546,35,12-27-2019,01:10,27,12,Dec,,53,Pierce,0,2,0,2,2,2,1,0,3,2,,,,12,0,6,Angle,2.1,1,0,1,No intersection,5,2,2,4,0,0,0,0,CR-214TH AVE E,,-122.1440722,47.19038889,98391,0,2,98,Others,98,7,40,4,0,0,1,7,12,1,1,2,1,1,Going Straight,2,2,53,,0,12,37,2006,0,0,12,,,,,,1,1,23,2,0,0,2,0,3,0,11,0,,,,,0,0,3,3,1,0,0,0,0,12,,,,,,0,,,,,,98258,53,65,158,6,1,0,0,0,0,0,97,,,,,,0,,,20,0,0,0,8,9,8,,,0,0,0,8,0,0,0,0,0,0,0,0,0,0,996,,,,,,,,,,,,,,,,,,,,,,,,,,,,,,0,0,0,1,0,0,1,1,0,0,0,0,0,1,0,0,1,0,0,1,0,0,0,1,1,0,0,0,0,1,0,0,0,0,0,,0,0,0,0,0,0,0,0,1,0,0,0,0,0,0,0,,,,,,21-25,16-25,State route,U,Tuesday,Belt Used,PV,Not Fatal,1,0,0,0,State Route,State Patrol,Washington State Patrol Headquarter,0,1,0,0,0,,,,,,,,,,,,,,,,,,,,,,,,,,,,,,,,,,,,,,,,,,,
2019,459,634545,35,12-27-2019,01:10,27,12,Dec,,53,Pierce,0,2,0,2,2,2,1,0,3,2,,,,12,0,6,Angle,2.1,1,0,1,No intersection,5,2,2,4,0,0,0,0,CR-214TH AVE E,,-122.1440722,47.19038889,98391,0,1,98,Others,98,7,40,7,0,0,1,7,12,1,1,2,1,12,Others,1,2,53,,0,12,481,2002,0,0,12,,,,,,1,1,46,1,0,0,2,0,3,0,11,4,,,,,0,0,0,3,1,0,0,0,0,0,,,,,,0,,,,,,98252,53,73,193,6,1,0,0,0,0,0,0,,,,,,0,,,20,0,0,0,8,9,8,,,0,0,0,8,0,2,1,0,0,1,0,0,2,1,0,,,,,,,,,,,,,,,,,,,,,,,,,,,,,,0,0,0,1,0,0,1,1,0,0,0,0,0,1,0,0,1,0,0,1,0,0,0,1,1,0,0,0,0,1,0,0,0,0,0,,0,0,0,0,0,0,0,0,0,0,0,0,0,0,0,0,,,,,,46-50,46-55,State route,U,Tuesday,Belt Used,PV,Not Fatal,1,0,0,0,State Route,State Patrol,Washington State Patrol Headquarter,0,1,0,0,0,,,,,,,,,,,,,,,,,,,,,,,,,,,,,,,,,,,,,,,,,,,
2017,459,632952,26,10-31-2017,08:00,31,10,Oct,0,35,Kitsap,0,99,0,9,99,2,1,0,1,1,,,,18,0,0,No vehicle,0.9,1,0,1,No intersection,7,1,2,4,0,0,0,0,CR-FAGERUD RD SE,,-122.5834917,47.425375,98359,0,1,6,Drive off road,12,2,35,4,0,0,1,2,18,2,1,2,1,14,Making a U turn,1,1,53,,0,48,34,1997,0,0,12,68,12,,,,1,1,30,1,7,1,4,7,20,0,11,0,12-12-2017,14:45,1.12E+11,53949,0,0,0,2,1,0,0,0,0,0,,,,,,99,,,,,,98258,53,70,180,1,1,0,0,0,0,0,0,,,,,,0,,,20,0,0,0,0,9,8,,,0,0,0,8,9,2,128,167,177,1,1,1,2,1,0,,,,,,,,,,,,,,,,,,,,,,,,,,,,,,0,0,0,1,0,0,1,1,0,0,0,0,0,1,0,0,1,0,0,1,0,0,0,1,1,0,0,0,0,1,0,0,0,1,0,,1,0,0,0,0,0,1,1,0,0,0,1,0,0,1,0,,,,,,26-30,26-35,State route,U,Tuesday,Not Used,PV,White,1,0,0,0,State Route,State Patrol,Washington State Patrol Headquarter,0,1,0,0,0,,,,,,,,,,,,,,,,,,,,,,,,,,,,,,,,,,,,,,,,,,,
2021,460,636066,3,09-28-2021,02:02,28,9,Sep,,53,Pierce,2230,1,,3,1,2,1,0,1,1,,,,25,0,0,No vehicle,134.6,1,0,1,No intersection,1,2,1,1,0,0,0,0,I-5,,-122.4157722,47.23851667,98421,1,1,1,Driver Off Road,13,2,60,66,1,0,1,2,2,1,2,5,3,15,Others,1,3,40,,0,20,421,2001,0,0,68,64,42,,,,1,1,36,2,0,0,1,0,3,0,11,4,,,,,0,0,0,3,1,87,0,0,0,96,,,,,,0,,,,,,98372,53,61,115,6,1,0,0,0,0,0,0,,,,,,4,,,20,0,0,0,8,9,8,,,0,0,0,8,0,0,0,0,0,0,0,0,0,0,996,,,,,,,,,,,,,,,,,,,,,,,,,,,,,,0,0,1,0,0,0,0,0,0,0,0,0,1,0,0,0,0,0,0,0,0,0,0,0,0,0,0,0,0,1,0,0,0,0,0,,0,0,0,0,0,0,0,0,0,1,0,0,0,0,0,0,,,,,,36-40,36-45,State route,R,Sunday,Belt Used,PV,Not Fatal,0,1,0,0,State Route,State Patrol,Washington State Patrol Headquarter,1,1,0,0,0,,,,,,,,,,,,,,,,,,,,,,,,,,,,,,,,,,,,,,,,,,,
2020,460,635242,12,11-21-2020,06:41,21,11,Nov,,7,Chelan,0,10,,4,4,2,1,0,4,4,,,,12,0,8,Other,0.6,2,0,3,T Intersection,5,2,2,4,0,0,0,0,CR-MALAGA ALCOA HWY,APPLEYARD DR,-120.2899833,47.38986389,98801,0,4,98,Others,62,4,40,14,0,0,1,5,12,3,1,2,1,14,Making a U turn,1,1,53,,0,7,482,2012,0,0,12,,,,,,1,1,29,1,0,0,0,0,3,0,11,0,,,,,0,0,0,3,1,0,0,0,0,0,,,,,,0,,,,,,78727,48,,999,6,1,0,0,0,1,0,0,,,,,,0,07-15-2017,07-15-2017,1,0,0,0,8,9,8,,,0,0,0,8,0,0,0,0,0,0,0,0,0,0,996,,,,,,,,,,,,,,,,,,,,,,,,,,,,,,0,0,0,0,0,0,1,1,0,0,0,0,0,0,0,0,0,0,0,0,0,0,0,0,0,0,0,0,0,0,0,0,0,0,0,,0,0,0,0,0,0,0,0,0,0,0,0,0,0,0,0,,,,,,26-30,26-35,County road,R,Friday,Belt Used,PV,Not Fatal,0,1,1,0,County Road,State Patrol,Washington State Patrol Headquarter,0,0,1,0,0,,,,,,,,,,,,,,,,,,,,,,,,,,,,,,,,,,,,,,,,,,,
2020,460,635241,12,11-21-2020,06:41,21,11,Nov,,7,Chelan,0,10,,4,4,2,1,0,4,4,,,,12,0,8,Other,0.6,2,0,3,T Intersection,5,2,2,4,0,0,0,0,CR-MALAGA ALCOA HWY,APPLEYARD DR,-120.2899833,47.38986389,98801,0,3,98,Others,62,4,40,6,0,0,1,2,12,3,1,2,1,14,Making a U turn,1,1,53,,0,20,471,1994,0,0,68,12,,,,,1,1,38,1,99,99,4,7,20,0,11,0,12/29/2017,06:21,1.55E+11,56346,0,0,3,3,1,28,0,0,0,96,,,,,,9,,,,,,98277,53,75,225,6,1,0,3,5,5,2,0,,,,,,0,03-15-2013,04-15-2017,20,0,0,0,0,9,2,,,0,0,0,1,0,2,177,401,417,1,1,1,2,1,0,,,,,,,,,,,,,,,,,,,,,,,,,,,,,,0,0,0,0,0,0,1,1,0,0,0,0,0,0,0,0,0,0,0,0,0,0,0,0,0,0,0,0,0,0,0,0,0,1,0,,0,0,0,0,0,0,1,1,0,0,0,0,0,0,1,0,,,,,,36-40,36-45,County road,R,Friday,Not Used,PV,Oth/Unk,0,1,1,0,County Road,State Patrol,Washington State Patrol Headquarter,0,0,1,0,0,,,,,,,,,,,,,,,,,,,,,,,,,,,,,,,,,,,,,,,,,,,
2020,460,635240,12,11-21-2020,06:41,21,11,Nov,,7,Chelan,0,10,,4,4,2,1,0,4,4,,,,12,0,8,Other,0.6,2,0,3,T Intersection,5,2,2,4,0,0,0,0,CR-MALAGA ALCOA HWY,APPLEYARD DR,-120.2899833,47.38986389,98801,0,2,65,Others,62,4,40,6,0,0,1,5,12,3,1,2,1,14,Making a U turn,1,2,53,,0,20,421,1999,0,0,12,,,,,,1,1,55,1,0,0,0,0,3,0,11,0,,,,,0,0,0,3,1,0,0,0,0,0,,,,,,0,,,,,,98855,53,73,220,6,1,0,0,0,3,0,0,,,,,,0,05-15-2013,04-15-2016,20,0,0,0,8,9,8,,,0,0,0,8,0,2,1,0,0,1,0,0,2,1,0,,,,,,,,,,,,,,,,,,,,,,,,,,,,,,0,0,0,0,0,0,1,1,0,0,0,0,0,1,1,0,0,0,0,0,0,0,0,0,0,0,0,0,1,1,0,0,0,0,0,,0,0,0,0,0,0,0,0,0,0,0,0,0,0,0,0,,,,,,51-55,46-55,US highway,R,Thursday,Belt Used,PV,Not Fatal,0,1,1,0,State Route,State Patrol,Washington State Patrol Headquarter,0,1,0,0,0,,,,,,,,,,,,,,,,,,,,,,,,,,,,,,,,,,,,,,,,,,,
2020,460,635239,12,11-21-2020,06:41,21,11,Nov,,7,Chelan,0,10,,4,4,2,1,0,4,4,,,,12,0,8,Other,0.6,2,0,3,T Intersection,5,2,2,4,0,0,0,0,CR-MALAGA ALCOA HWY,APPLEYARD DR,-120.2899833,47.38986389,98801,0,1,64,Others,6,1,40,4,0,0,1,2,12,2,1,2,1,14,Making a U turn,1,2,53,,0,12,444,2016,0,0,12,,,,,,1,1,53,1,0,0,0,0,3,0,11,0,,,,,0,0,0,3,1,0,0,0,0,0,,,,,,0,,,,,,98371,53,71,175,6,1,0,0,0,0,0,0,,,,,,0,,,8,0,0,0,8,9,8,,,0,0,0,8,0,2,1,0,0,1,0,0,2,1,0,,,,,,,,,,,,,,,,,,,,,,,,,,,,,,0,0,0,0,0,0,1,1,0,0,0,0,0,1,1,0,0,0,0,0,0,0,0,0,0,0,0,0,1,1,0,0,0,0,0,,0,0,0,0,0,0,0,0,0,0,0,0,0,0,0,0,,,,,,51-55,46-55,US highway,R,Thursday,Belt Used,PV,Not Fatal,0,1,1,0,State Route,State Patrol,Washington State Patrol Headquarter,0,1,0,0,0,,,,,,,,,,,,,,,,,,,,,,,,,,,,,,,,,,,,,,,,,,,
2019,460,634549,1,12-26-2019,19:24,26,12,Dec,,77,Yakima,0,1,0,2,1,2,1,1,3,3,,,,8,0,0,No vehicle,0.7,1,0,1,No intersection,3,2,1,3,0,3,0,0,SR-22,,-120.3145056,46.40673889,98921,0,3,98,Others,80,5,50,6,0,0,1,5,8,1,1,2,1,1,Going Straight,1,2,53,,0,72,706,2014,0,0,68,12,68,12,2,,1,1,60,2,7,1,4,7,19,0,11,0,12-07-2017,15:44,2.02E+11,57684,0,0,0,2,1,28,0,0,0,96,,,,,,9,,,,,,98826,53,61,137,1,1,0,2,4,0,6,0,,,,,,0,05-15-2014,08-15-2017,20,8,0,0,0,9,1,,,0,0,0,1,9,2,167,300,321,1,1,1,2,1,0,,,,,,,,,,,,,,,,,,,,,,,,,,,,,,0,0,0,0,0,0,1,1,0,0,0,0,0,1,1,0,0,0,0,0,0,0,0,0,0,0,0,0,1,1,0,0,0,0,1,0,0,0,0,0,0,0,1,1,0,0,0,1,0,0,1,0,,,,,,56-60,56-65,US highway,R,Thursday,,MC,White,0,1,1,0,State Route,State Patrol,Washington State Patrol Headquarter,0,1,0,0,0,,,,,,,,,,,,,,,,,,,,,,,,,,,,,,,,,,,,,,,,,,,
2019,460,634548,1,12-26-2019,19:24,26,12,Dec,,77,Yakima,0,1,0,2,1,2,1,1,3,3,,,,8,0,0,No vehicle,0.7,1,0,1,No intersection,3,2,1,3,0,3,0,0,SR-22,,-120.3145056,46.40673889,98921,0,2,98,Others,80,5,50,4,0,0,1,5,8,1,1,2,1,1,Going Straight,1,2,53,,0,49,40,2000,0,0,12,,,,,,1,1,59,2,7,1,4,7,3,0,11,0,12/18/2017,05:20,47053054884,54884,0,0,3,3,1,0,0,0,0,0,,,,,,0,,,,,,98277,53,64,185,6,1,0,0,0,0,0,0,,,,,,0,,,1,0,0,0,0,9,8,,,0,0,0,8,0,2,605,0,0,1,1,0,2,1,0,,,,,,,,,,,,,,,,,,,,,,,,,,,,,,0,0,0,0,0,0,1,1,1,0,0,0,0,0,0,0,0,0,0,0,0,0,0,0,0,1,1,1,0,1,0,0,0,0,0,,1,0,0,0,0,0,1,1,0,0,0,0,0,0,1,0,,,,,,56-60,56-65,State route,R,Monday,Belt Used,PV,White,0,1,1,0,State Route,State Patrol,Washington State Patrol Headquarter,0,1,0,0,0,thc,1,carboxy-thc,6,,,,,,,,,,,,,,,,,,,,,,,,,,,,,,,,,,,,,,,
2019,460,634547,1,12-26-2019,19:24,26,12,Dec,,77,Yakima,0,1,0,2,1,2,1,1,3,3,,,,8,0,0,No vehicle,0.7,1,0,1,No intersection,3,2,1,3,0,3,0,0,SR-22,,-120.3145056,46.40673889,98921,0,1,13,Pedestrian/Animal,80,5,50,34,0,0,1,5,8,1,1,2,1,1,Going Straight,1,1,53,,0,41,55,2011,0,0,68,12,,,,,1,1,79,1,7,1,4,7,3,0,11,0,12/18/2017,05:20,47053054886,54886,0,0,0,3,1,28,0,0,0,0,,,,,,1,,,,,,98277,53,73,185,6,1,0,0,1,0,1,0,,,,,,0,01-15-2013,10-15-2013,1,0,0,0,0,9,8,,,0,0,0,8,0,2,605,0,0,1,0,0,2,1,0,,,,,,,,,,,,,,,,,,,,,,,,,,,,,,0,0,0,0,0,0,1,1,1,0,0,0,0,0,0,0,0,0,0,0,0,0,0,0,0,1,1,1,0,1,0,0,0,0,0,,1,0,0,0,0,0,1,1,0,0,0,0,0,0,1,0,,,,,,76-80,76+,State route,R,Monday,Belt Used,PV,White,0,1,1,0,State Route,State Patrol,Washington State Patrol Headquarter,0,1,0,0,0,,,carboxy-thc,8.5,,,,,,,,,,,,,,,,,,,,,,,,,,,,,,,,,,,,,,,