year,something,Cases,repjur,crash_dt,crash_tm,accday,Month,Month,holiday,county,co_char,city,weather,weather2,lightcond,surfcond,surftype,Number of Fatalities,nmforms,pforms,vforms,not_tm,arr_tm,hosp_tm,fhevent,hitrun,Manner of Collision,Manner of Collision,milepnt,reljunc,reljuncinter,intersectiontype,Intersection Type,funcsystem,landuse,ownership,route,schlbus,spejur,contdev,devfunc,trafid1,trafid2,x,y,zipcode,wk_zone,vnumber,crashtype,Crash Type,criticalevent,criticaleventcat,spdlim,body,trailer,emerg,hazcargo,leave,mhevent,roadalgn,roadprof,traflane,trafflow,Vehicle Manure,Vehicle Manure,numoccs,regowner,regstate,,spuse,make,model,modelyr,vrf1,vrf2,seqevent1,seqevent2,seqevent3,seqevent4,seqevent5,seqevent6,pnumber,ptype,age,sex,hispanic,race,injury,diedscene,restraint,restraintmisuse,seatpos,takehosp,death_dt,death_tm,cert,cernum_wa,commlic,licendor,licrestrict,liccomp,drivpres,drf1,drf2,drf3,drf4,distract1,distract2,distract3,distract4,distract5,distract6,dricond1,dricond2,dricond3,dricond4,dricond5,dricond6,dzip,licstate,drhgt_in,weight,noncdl,noncdltype,prevdwi,prevoth,prevacc,prevspd,prevsus,driviol1,driviol2,driviol3,driviol4,driviol5,driviol6,spdrel,first_dt,last_dt,airbag,ejection,ejectpath,extricat,injurwrk,methalc,methdrug,nmlocat,strikveh,prf1,prf2,prf3,druginv,alcinvol,drugsts,drugres1,drugres2,drugres3,drugtst1,drugtst2,drugtst3,alcsts,alctst,alcres,nmact1,nmact2,nmact3,nmact4,nmact5,nmact6,nmprior1,nmprior2,nmprior3,nmprior4,nmprior5,nmprior6,nmcond1,nmcond2,nmcond3,nmcond4,nmcond5,nmcond6,nmsafe_helmet,nmsafe_pads,nmsafe_oth,nmprev_ref,nmprev_lgt,nmprev_oth,crashlocation,nmcrashtype,crosswalk,schoolzone,sidewalk,train_inv,wildlife_inv,rotr_fars,intersect_fars,Drink and Drive,aid_inv,Drug Positive Drivers,Impaired Drivers,Marijuana Positive,impnm_inv,ainm_inv,dpnm_inv,speed_inv,unlic_inv,unendmc_inv,drowsy_inv,drdist_inv,nmdist_inv,fty_inv,unrestfat_inv,dr1617_inv,dr1820_inv,dr1620_inv,dr2125_inv,dr1625_inv,dr65_inv,dr70_inv,dr75_inv,mc_inv,pv_inv,ht_inv,ped_inv,bike_inv,unrest_fat,mc_fat,unhelmet_mc,pv_fat,ht_fat,ped_fat,bike_fat,dr_alc7,dr_alc8,dr_drug,dr_imp,dr_dist,dr_spd,dr_fty,dr_unlic,dr_alc7only,dr_alc8only,dr_drugonly,dr_drink,nm_imp,nm_alc7,nm_alc8,nm_drug,nm_dist,agegrp1,agegrp2,roadclass,urbrur,dayweek,restuse,vehtype,race_me,intersect,lanedep,oppdir,wrongway,rep_typ,investag,repag_long,rotr,st_rd,cty_rd,city_rd,oth_rd,drug_thc,thc_res,drug_cthc,cthc_res,drug_cann,prevpersemin,prevperse,prevsusoth,drugtst4,drugtst5,drugtst6,drugtst7,drugtst8,drugres4,drugres5,drugres6,drugres7,drugres8,adspresent,adsengaged,adslevel,race1,race2,race3,race4,race5,helmet,helmetmisuse,nmdistract1,nmdistract2,nmdistract3,nmdistract4,nmdistract5,nmdistract6,lab,isedtcase,crf1,crf2,crf3,CoRoadName,CoMP,IntCoRoadName,IntCoMP
2018,460,633751,7,12-04-2018,00:59,4,12,Dec,0,33,King,0,2,0,3,2,2,2,0,5,2,,,,12,0,1,Front-to-Rear,9.9,1,0,1,No intersection,3,1,1,3,0,0,0,0,SR-164,,-122.0805278,47.21091944,98022,0,2,66,Specific Other,62,4,50,34,0,0,1,5,1,3,1,2,1,14,Making a U turn,1,1,53,,0,82,881,2017,0,0,63,21,,,,,1,1,54,1,6,98,4,7,3,0,11,0,12/18/2017,11:05,1.96E+11,55978,6,3,0,3,1,0,0,0,0,96,,,,,,99,,,,,,98047,53,75,290,6,1,0,1,0,0,0,0,,,,,,4,04-15-2017,04-15-2017,20,0,0,0,1,9,8,,,0,0,0,8,9,2,1,0,0,1,0,0,2,1,0,,,,,,,,,,,,,,,,,,,,,,,,,,,,,,0,0,0,0,0,0,0,0,0,0,0,0,1,0,0,0,0,0,0,0,0,0,0,0,0,0,0,0,0,0,1,0,0,0,0,,0,1,0,0,0,0,0,0,0,1,0,0,0,0,0,0,,,,,,51-55,46-55,Interstate,U,Monday,,MHTRUCK,Hispanic,0,1,0,0,State Route,State Patrol,Washington State Patrol Headquarter,1,1,0,0,0,,,,,,,,,,,,,,,,,,,,,,,,,,,,,,,,,,,,,,,,,,,
2018,460,633750,7,12-04-2018,00:59,4,12,Dec,0,33,King,0,2,0,3,2,2,2,0,5,2,,,,12,0,1,Front-to-Rear,9.9,1,0,1,No intersection,3,1,1,3,0,0,0,0,SR-164,,-122.0805278,47.21091944,98022,0,1,66,Specific Other,6,1,50,4,0,0,1,5,12,2,1,2,1,14,Making a U turn,4,2,53,,0,12,422,2015,0,0,12,,,,,,1,1,50,1,0,0,1,0,3,0,11,4,,,,,0,0,3,3,1,0,0,0,0,0,,,,,,0,,,,,,83843,16,68,160,6,1,0,0,0,0,0,0,,,,,,0,,,1,0,0,0,8,9,8,,,0,0,0,8,0,0,0,0,0,0,0,0,0,0,996,,,,,,,,,,,,,,,,,,,,,,,,,,,,,,0,0,0,0,0,0,1,1,0,0,0,0,0,0,0,0,0,0,0,0,0,1,1,0,1,0,0,0,0,1,0,0,0,0,0,,0,0,0,0,0,0,0,0,0,0,0,0,0,0,0,0,,,,,,46-50,46-55,US highway,R,Friday,Belt Used,PV,Not Fatal,0,1,1,0,State Route,State Patrol,Washington State Patrol Headquarter,0,1,0,0,0,,,,,,,,,,,,,,,,,,,,,,,,,,,,,,,,,,,,,,,,,,,
2017,460,632935,32,10-14-2017,14:00,14,10,Oct,0,47,Okanogan,0,10,0,1,11,4,1,0,2,1,14:31,15:24,16:41,1,0,0,No vehicle,0.5,1,0,1,No intersection,96,6,96,8,0,0,0,0,US FS RD 33,,-119.0244861,48.81276111,98855,0,1,2,Control/Traction Loss,13,2,98,90,0,0,1,5,1,3,8,8,8,14,Making a U turn,2,2,53,,0,48,34,2003,0,0,68,12,64,38,,,1,1,20,1,7,1,4,7,3,0,11,0,12/22/2017,14:45,1.76E+11,56220,0,0,3,3,1,28,87,0,0,96,,,,,,0,,,,,,83501,16,69,140,6,1,0,0,0,0,0,0,,,,,,0,,,1,0,0,0,0,9,8,,,0,0,0,8,0,2,401,0,0,1,0,0,2,1,0,,,,,,,,,,,,,,,,,,,,,,,,,,,,,,0,0,0,0,0,0,1,1,0,0,0,0,0,0,0,0,0,0,0,0,0,1,1,0,1,0,0,0,0,1,0,0,0,0,0,,1,0,0,0,0,0,1,1,0,0,0,0,0,0,1,0,,,,,,18-20,16-25,US highway,R,Friday,Belt Used,PV,White,0,1,1,0,State Route,State Patrol,Washington State Patrol Headquarter,0,1,0,0,0,,,,,,,,,,,,,,,,,,,,,,,,,,,,,,,,,,,,,,,,,,,
2021,461,636069,6,11-03-2021,17:47,3,11,Nov,,17,Douglas,0,10,,5,1,2,1,0,2,2,,,,12,0,6,Angle,9.5,1,0,1,No intersection,2,2,1,3,0,0,0,0,SR-028,,-120.1954806,47.37785278,98850,0,2,66,Specific Other,62,4,60,34,0,0,1,2,12,1,1,3,1,1,Going Straight,1,1,53,,0,85,881,2016,0,0,12,,,,,,1,1,54,1,0,0,1,0,3,0,11,4,,,,,6,3,0,3,1,0,0,0,0,0,,,,,,0,,,,,,98371,53,69,185,6,1,0,0,0,0,0,0,,,,,,0,,,20,0,0,0,8,9,8,,,0,0,0,8,0,0,0,0,0,0,0,0,0,0,996,,,,,,,,,,,,,,,,,,,,,,,,,,,,,,0,0,0,0,1,1,0,1,0,0,0,0,0,0,0,0,0,0,0,0,0,0,0,0,0,0,0,0,0,1,1,0,0,0,0,,0,0,0,0,0,0,0,0,0,0,0,0,0,0,0,0,,,,,,51-55,46-55,Interstate,U,Saturday,,MHTRUCK,Not Fatal,0,0,0,1,State Route,State Patrol,Washington State Patrol Headquarter,0,1,0,0,0,,,,,,,,,,,,,,,,,,,,,,,,,,,,,,,,,,,,,,,,,,,
2021,461,636068,6,11-03-2021,17:47,3,11,Nov,,17,Douglas,0,10,,5,1,2,1,0,2,2,,,,12,0,6,Angle,9.5,1,0,1,No intersection,2,2,1,3,0,0,0,0,SR-028,,-120.1954806,47.37785278,98850,0,1,66,Specific Other,13,2,60,4,0,0,1,2,12,1,1,3,1,1,Going Straight,1,2,53,,0,7,25,2007,0,0,12,,,,,,1,1,34,2,7,1,4,7,3,0,11,0,12/23/2017,01:34,2.11E+11,55787,0,0,0,3,1,51,0,0,0,96,,,,,,9,,,,,,99202,53,69,175,6,1,0,3,1,1,0,0,,,,,,0,03-15-2013,07-15-2016,20,0,0,0,0,1,8,,,0,0,0,8,1,2,1,0,0,1,0,0,2,1,0.26,,,,,,,,,,,,,,,,,,,,,,,,,,,,,,0,0,0,0,1,1,0,1,0,0,0,0,0,0,0,0,0,0,0,0,0,0,0,0,0,0,0,0,0,1,1,0,0,0,0,,1,0,0,0,0,1,0,1,0,0,0,0,0,1,0,1,,,,,,31-35,26-35,Interstate,U,Saturday,Belt Used,PV,White,0,0,0,1,State Route,State Patrol,Washington State Patrol Headquarter,0,1,0,0,0,,,,,,,,,,,,,,,,,,,,,,,,,,,,,,,,,,,,,,,,,,,
2020,461,634921,242,07-23-2020,10:41,23,7,July,,53,Pierce,1770,1,,1,1,2,1,0,2,2,,,,12,0,6,Angle,0,2,0,3,T Intersection,5,2,4,6,0,0,20,3,5TH ST NE,5th Ave NE,-122.2876806,47.19549167,98372,0,2,82,Turn Into Opp Direction(Turning Left),66,4,30,4,0,0,1,2,12,1,1,2,1,11,Turning Red: Permitted on red,1,1,53,,0,12,880,2015,0,0,12,,,,,,1,1,36,1,0,0,0,0,3,0,11,0,,,,,0,0,0,3,1,0,0,0,0,0,,,,,,0,,,,,,98499,53,68,220,6,1,0,1,0,0,0,0,,,,,,0,07-15-2017,07-15-2017,1,0,0,0,8,9,8,,,0,0,0,8,0,0,0,0,0,0,0,0,0,0,996,,,,,,,,,,,,,,,,,,,,,,,,,,,,,,0,0,0,0,0,0,1,1,1,0,0,0,1,1,0,0,0,0,0,0,0,0,0,0,0,0,0,0,0,1,1,0,0,0,0,,0,0,0,0,0,0,0,0,0,0,0,0,0,0,0,0,,,,,,36-40,36-45,County road,U,Saturday,Belt Used,MHTRUCK,Not Fatal,0,1,1,0,County Road,County Sheriff,Law Enforcement Support Agency,0,0,1,0,0,,,,,,,,,,,,,,,,,,,,,,,,,,,,,,,,,,,,,,,,,,,
2020,461,634920,242,07-23-2020,10:41,23,7,July,,53,Pierce,1770,1,,1,1,2,1,0,2,2,,,,12,0,6,Angle,0,2,0,3,T Intersection,5,2,4,6,0,0,0,0,5TH ST NE,5th Ave NE,-122.2876806,47.19549167,98372,0,1,83,Others,67,4,30,80,0,0,1,2,12,1,1,2,1,1,Going Straight,1,2,53,,0,12,442,2001,0,0,68,12,,,,,1,1,50,1,0,0,3,0,3,0,11,8,,,,,0,0,0,2,1,28,0,0,0,96,,,,,,9,,,,,,98057,53,70,210,1,1,0,1,0,0,6,0,,,,,,4,01-15-2013,11-15-2017,1,0,0,0,8,1,1,,,0,0,0,1,0,2,402,407,605,1,1,1,2,1,0,,,,,,,,,,,,,,,,,,,,,,,,,,,,,,0,0,0,0,0,0,1,1,1,0,0,0,1,1,0,0,0,0,0,0,0,0,0,0,0,0,0,0,0,1,1,0,0,0,0,,0,0,0,0,0,0,1,1,0,1,0,1,0,0,1,0,,,,,,46-50,46-55,County road,U,Saturday,Belt Used,PV,Not Fatal,0,1,1,0,County Road,County Sheriff,Law Enforcement Support Agency,0,0,1,0,0,thc,3.4,carboxy-thc,22,,,,,,,,,,,,,,,,,,,,,,,,,,,,,,,,,,,,,,,
2019,461,634550,74,12-18-2019,16:56,18,12,Dec,,57,Skagit,230,2,0,3,2,2,1,1,1,1,,,,8,0,0,No vehicle,0,1,0,1,No intersection,7,2,4,6,0,0,0,0,S BURLINGTON BLVD,,-122.3357917,48.46677778,98233,0,1,13,Pedestrian/Animal,80,5,35,34,0,0,1,7,8,1,1,5,5,1,Going Straight,1,2,53,,0,19,3,2003,0,0,63,42,,,,,1,1,41,2,1,1,4,7,99,0,11,0,12/23/2017,03:24,2.23E+11,56042,99,9,9,9,1,0,0,0,0,96,,,,,,99,,,,,,99999,99,,999,9,9,99,99,99,99,99,0,,,,,,4,,,20,0,0,0,0,9,8,,,0,0,0,8,9,2,605,695,0,1,1,0,2,1,0.16,,,,,,,,,,,,,,,,,,,,,,,,,,,,,,0,0,0,0,1,1,1,1,1,0,0,0,1,0,0,0,0,0,0,0,0,0,0,0,0,0,0,0,0,1,0,0,0,0,0,,1,0,0,0,0,1,1,1,0,1,0,0,0,0,0,1,,,,,,41-45,36-45,State route,U,Saturday,Unknown,PV,Hispanic,0,1,0,0,City Street,Municipal/City Police,Tacoma Police Department,1,0,0,1,0,thc,12,carboxy-thc,71,,,,,,,,,,,,,,,,,,,,,,,,,,,,,,,,,,,,,,,
2018,461,633753,25,12-08-2018,12:56,8,12,Dec,0,33,King,1958,1,0,1,1,2,1,0,2,2,,,,12,0,2,Front-to-Front,0,1,0,1,No intersection,7,2,4,6,0,0,0,0,12TH PL S,16TH AVE S,-122.3143472,47.43471389,98188,0,2,51,Lateral Move(Going Straight),62,4,40,34,0,0,1,7,12,3,1,4,1,14,Making a U turn,1,1,53,,0,35,47,2012,0,0,8,,,,,,1,1,61,1,0,0,0,0,3,0,11,0,,,,,0,0,0,3,1,38,0,0,0,1,,,,,,99,,,,,,98340,53,70,180,6,1,0,0,0,1,0,46,,,,,,0,03-15-2014,03-15-2014,20,0,0,0,8,9,8,,,0,0,0,8,0,0,0,0,0,0,0,0,0,0,996,,,,,,,,,,,,,,,,,,,,,,,,,,,,,,0,0,0,1,0,0,0,0,0,0,0,0,0,0,0,0,1,0,1,0,0,0,0,0,0,0,0,0,0,1,0,1,0,0,0,,0,0,0,0,0,0,0,0,1,0,1,0,0,0,0,0,,,,,,61-65,56-65,City street,U,Friday,Belt Used,PV,Not Fatal,1,0,0,0,City Street,State Patrol,Washington State Patrol Headquarter,0,0,0,1,0,,,,,,,,,,,,,,,,,,,,,,,,,,,,,,,,,,,,,,,,,,,
2018,461,633752,25,12-08-2018,12:56,8,12,Dec,0,33,King,1958,1,0,1,1,2,1,0,2,2,,,,12,0,2,Front-to-Front,0,1,0,1,No intersection,7,2,4,6,0,0,0,0,12TH PL S,16TH AVE S,-122.3143472,47.43471389,98188,0,1,50,Lateral Move(Left/Right),10,2,40,2,0,0,1,7,12,2,1,4,1,14,Making a U turn,1,2,53,,0,37,31,2007,0,0,8,,,,,,1,1,87,2,0,0,0,0,3,0,11,0,,,,,0,0,0,3,1,0,0,0,0,93,,,,,,0,,,,,,98002,53,63,135,6,1,0,0,0,0,0,98,,,,,,0,,,20,0,0,0,8,9,8,,,0,0,0,8,0,0,0,0,0,0,0,0,0,0,996,,,,,,,,,,,,,,,,,,,,,,,,,,,,,,0,0,0,0,0,0,0,0,0,0,0,0,0,0,0,0,1,0,0,0,0,0,0,0,0,1,1,1,0,1,0,1,0,0,0,,0,0,0,0,0,0,0,0,1,0,0,0,0,0,0,0,,,,,,81+,76+,City street,U,Tuesday,Belt Used,PV,Not Fatal,0,0,0,0,City Street,Municipal/City Police,Auburn Police Department,0,0,0,1,0,,,,,,,,,,,,,,,,,,,,,,,,,,,,,,,,,,,,,,,,,,,
2017,461,632888,266,10-06-2017,13:23,6,10,Oct,0,77,Yakima,1980,1,0,1,1,2,1,1,1,1,,,,8,0,0,No vehicle,0,3,0,2,4 Way,4,2,4,6,0,0,2,3,N 1ST ST,FREMONT AVE,-120.5305417,46.65595556,98942,0,1,13,Pedestrian/Animal,80,5,25,15,0,0,1,5,8,1,1,3,3,10,Others,1,1,53,,0,49,40,1996,0,0,63,42,38,,,,1,1,18,2,7,2,4,7,20,0,11,0,12/14/2017,13:19,1.96E+11,55185,0,0,0,3,1,0,0,0,0,3,,,,,,99,,,,,,98108,53,65,180,6,1,0,0,0,0,0,0,,,,,,3,,,8,0,0,0,0,9,8,,,0,0,0,8,9,2,605,0,0,1,0,0,2,1,0,,,,,,,,,,,,,,,,,,,,,,,,,,,,,,0,0,0,0,0,0,1,1,1,0,0,0,1,0,0,0,1,0,0,1,0,1,1,0,1,0,0,0,0,1,0,0,0,1,0,,1,0,0,0,0,0,1,1,1,1,0,0,0,0,1,0,,,,,,18-20,16-25,City street,U,Thursday,Not Used,PV,Black,0,1,0,0,City Street,Municipal/City Police,SeaTac Police Department,1,0,0,1,0,thc,3.8,carboxy-thc,55,,,,,,,,,,,,,,,,,,,,,,,,,,,,,,,,,,,,,,,
2021,462,636070,14,11-09-2021,02:20,9,11,Nov,,11,Clark,0,2,,2,2,2,1,0,3,1,,,,42,0,0,No vehicle,1.8,1,0,1,No intersection,5,1,2,4,0,0,0,0,CR-NE RISTO RD,,-122.4507528,45.770425,98604,0,1,1,Driver Off Road,11,2,50,4,0,0,1,2,42,2,2,2,1,14,Making a U turn,3,2,41,,0,37,31,1991,0,0,63,69,68,64,1,42,1,1,24,1,1,98,4,7,20,0,11,0,12/17/2017,00:20,2.22E+11,54221,0,0,0,3,1,0,0,0,0,96,,,,,,99,,,,,,98930,53,74,150,6,1,1,6,0,6,2,0,,,,,,4,02-15-2014,09-15-2017,8,1,9,0,0,9,8,,,0,0,0,8,9,2,402,407,605,1,1,1,2,1,0.25,,,,,,,,,,,,,,,,,,,,,,,,,,,,,,0,0,0,0,1,1,1,1,1,0,0,0,1,0,0,0,0,0,0,1,0,0,0,1,1,0,0,0,0,1,0,0,0,1,0,,1,0,0,0,0,1,1,1,0,1,0,0,0,0,0,1,,,,,,21-25,16-25,County road,R,Sunday,Not Used,PV,Hispanic,0,1,0,0,County Road,County Sheriff,Yakima County Sheriff's Office,1,0,1,0,0,thc,7.1,carboxy-thc,40,,,,,,,,,,,,,,,,,,,,,,,,,,,,,,,,,,,,,,,
2017,462,3659769,344,10-23-2017,16:15,23,10,Oct,0,77,Yakima,0,1,0,1,1,2,1,0,4,2,16:13,16:38,17:17,12,0,6,Angle,2.8,2,0,2,4 Way,5,1,2,4,0,3,20,3,CR-BRANCH RD,CAMPBELL RD,-120.4380611,46.44795,98951,0,1,88,Striking from the Left,17,2,50,4,0,0,1,2,12,1,1,2,1,1,Going Straight,2,2,53,,0,58,42,2017,0,0,63,24,42,,,,1,1,57,1,6,1,4,7,99,0,11,0,12/17/2017,19:50,2.23E+11,55267,0,0,3,3,1,0,0,0,0,96,,,,,,99,,,,,,98023,53,67,180,6,1,0,0,0,0,0,0,,,,,,4,,,8,0,0,0,0,9,8,,,0,0,0,8,1,2,1,0,0,1,0,0,2,1,0.097,,,,,,,,,,,,,,,,,,,,,,,,,,,,,,0,0,0,0,1,1,0,1,0,0,0,0,1,0,0,0,0,0,0,0,0,0,0,0,0,0,0,0,0,1,0,0,0,0,0,,1,0,0,0,0,1,0,1,0,1,0,0,0,1,0,1,,,,,,56-60,56-65,City street,U,Sunday,Unknown,PV,Hispanic,0,1,0,0,City Street,Municipal/City Police,Tacoma Police Department,1,0,0,1,0,,,,,,,,,,,,,,,,,,,,,,,,,,,,,,,,,,,,,,,,,,,
2017,462,3659769,344,10-23-2017,16:15,23,10,Oct,0,77,Yakima,0,1,0,1,1,2,1,0,4,2,16:13,16:38,17:17,12,0,6,Angle,2.8,2,0,2,4 Way,5,1,2,4,0,3,0,0,CR-BRANCH RD,CAMPBELL RD,-120.4380611,46.44795,98951,0,2,89,Others,66,4,50,34,0,0,1,2,1,1,1,2,1,1,Going Straight,2,1,53,,0,54,421,2011,0,0,12,,,,,,1,1,47,2,0,0,1,0,3,0,11,0,,,,,0,0,0,3,1,0,0,0,0,0,,,,,,0,,,,,,98221,53,68,150,6,1,0,0,0,0,0,0,,,,,,0,,,1,0,0,0,8,9,8,,,0,0,0,8,0,0,0,0,0,0,0,0,0,0,996,,,,,,,,,,,,,,,,,,,,,,,,,,,,,,0,0,0,1,0,0,1,1,0,0,0,0,0,0,0,0,0,0,1,1,0,0,0,0,0,1,0,0,0,1,0,0,0,0,0,,0,0,0,0,0,0,0,0,0,0,0,0,0,0,0,0,,,,,,46-50,46-55,State route,U,Monday,Belt Used,PV,Not Fatal,1,0,0,0,State Route,State Patrol,Washington State Patrol Headquarter,0,1,0,0,0,,,,,,,,,,,,,,,,,,,,,,,,,,,,,,,,,,,,,,,,,,,
2020,462,635138,4,10-06-2020,19:00,6,10,Oct,,19,Ferry,0,1,,2,1,2,1,0,1,1,19:00,19:19,19:43,35,0,0,No vehicle,308.6,1,0,1,No intersection,4,1,1,3,0,0,0,0,SR-20,,-118.6512,48.59901944,,0,1,2,Control/Traction Loss,13,2,55,34,0,0,1,2,1,3,1,2,1,14,Making a U turn,1,1,53,,0,37,31,2004,0,0,12,,,,,,1,1,66,2,0,0,1,0,20,0,11,0,,,,,0,0,0,3,1,0,0,0,0,0,,,,,,0,,,,,,98230,53,64,120,6,1,0,0,0,0,0,0,,,,,,0,,,20,0,0,0,8,9,8,,,0,0,0,8,0,0,0,0,0,0,0,0,0,0,996,,,,,,,,,,,,,,,,,,,,,,,,,,,,,,0,0,0,1,0,0,1,1,0,0,0,0,0,0,0,0,0,0,1,1,0,0,0,0,0,1,0,0,0,1,0,0,0,0,0,,0,0,0,0,0,0,0,0,0,0,0,0,0,0,0,0,,,,,,66-70,66-75,State route,U,Monday,Not Used,PV,Not Fatal,1,0,0,0,State Route,State Patrol,Washington State Patrol Headquarter,0,1,0,0,0,,,,,,,,,,,,,,,,,,,,,,,,,,,,,,,,,,,,,,,,,,,
2019,462,634551,6,12-16-2019,17:45,16,12,Dec,,25,Grant,0,1,0,2,4,2,1,0,8,2,,,,14,0,0,No vehicle,29.5,1,0,1,No intersection,3,1,1,3,0,0,0,0,SR-28,,-119.9463111,47.2329,98848,0,1,2,Control/Traction Loss,6,1,60,66,1,0,1,7,14,3,2,2,1,14,Making a U turn,1,3,53,,0,49,32,1997,0,0,12,12,,,,,1,1,49,2,1,7,4,0,20,0,11,4,12/18/2017,14:19,1.41E+11,54565,0,0,0,3,1,38,39,0,0,96,,,,,,9,,,,,,98284,53,62,285,6,1,0,0,0,0,0,0,,,,,,0,,,20,0,0,0,0,9,1,,,0,0,0,1,9,2,401,417,0,1,1,0,2,1,0,,,,,,,,,,,,,,,,,,,,,,,,,,,,,,0,0,0,1,0,0,1,1,0,0,0,0,0,0,0,0,0,0,1,1,0,0,0,0,0,1,0,0,0,1,0,0,0,1,0,,1,0,0,0,0,0,1,1,0,0,1,0,0,0,1,0,,,,,,46-50,46-55,State route,U,Monday,Not Used,PV,Hispanic,1,0,0,0,State Route,State Patrol,Washington State Patrol Headquarter,0,1,0,0,0,,,,,,,,,,,,,,,,,,,,,,,,,,,,,,,,,,,,,,,,,,,
2018,462,633754,35,12-16-2018,06:52,16,12,Dec,0,53,Pierce,0,1,0,2,2,2,1,0,2,1,,,,1,0,0,No vehicle,0.5,1,0,1,No intersection,5,1,2,4,0,0,0,0,CR-264TH ST E,,-122.2173306,47.01738611,98338,0,1,1,Driver Off Road,11,2,35,14,0,0,1,7,1,3,2,2,1,14,Making a U turn,2,2,53,,0,19,18,2009,0,0,71,42,38,,,,1,1,27,1,7,1,4,0,3,0,11,4,11/29/2017,16:15,1.96E+11,52009,0,0,0,3,1,0,0,0,0,96,,,,,,99,,,,,,98022,53,71,165,6,1,0,0,0,2,0,0,,,,,,4,04-15-2014,09-15-2014,8,0,0,0,0,9,8,,,0,0,0,8,1,2,1,0,0,1,0,0,2,1,0.074,,,,,,,,,,,,,,,,,,,,,,,,,,,,,,0,0,0,1,1,0,0,0,0,0,0,0,1,0,0,0,0,0,0,0,0,0,0,0,0,0,0,0,0,1,0,0,0,0,0,,1,0,0,0,1,0,0,0,0,1,0,0,1,0,0,1,,,,,,26-30,26-35,County road,R,Sunday,Belt Used,PV,White,1,0,0,0,State Route,County Sheriff,King County Police,0,1,0,0,0,,,,,,,,,,,,,,,,,,,,,,,,,,,,,,,,,,,,,,,,,,,
2021,463,636071,14,11-06-2021,17:27,6,11,Nov,,11,Clark,0,2,,5,2,2,1,0,1,1,,,,24,0,0,No vehicle,0.6,1,0,1,No intersection,4,2,2,4,0,0,0,0,CR-NE HAZEL DELL AVE,,-122.6699639,45.66311389,98663,0,1,1,Driver Off Road,13,2,30,34,0,0,1,2,24,3,2,2,1,14,Making a U turn,1,2,41,,0,2,405,2004,0,0,64,26,,,,,1,1,20,2,7,1,4,7,3,0,11,0,12-10-2017,02:05,1.96E+11,55379,0,0,0,3,1,0,0,0,0,96,,,,,,99,,,,,,98087,53,64,150,6,1,0,0,0,1,0,0,,,,,,4,12-15-2016,12-15-2016,8,0,0,0,0,9,8,,,0,0,0,8,9,2,1,0,0,1,0,0,2,1,0.13,,,,,,,,,,,,,,,,,,,,,,,,,,,,,,0,0,0,0,1,1,0,1,0,0,0,0,1,0,0,0,0,0,0,0,0,1,1,0,1,0,0,0,0,1,0,0,0,0,0,,1,0,0,0,0,1,0,1,0,1,0,0,0,1,0,1,,,,,,18-20,16-25,Interstate,U,Sunday,Belt Used,PV,White,0,1,0,0,State Route,State Patrol,Washington State Patrol Headquarter,1,1,0,0,0,,,,,,,,,,,,,,,,,,,,,,,,,,,,,,,,,,,,,,,,,,,
2020,463,635183,127,10-29-2020,15:14,29,10,Oct,,33,King,735,1,,1,1,2,1,0,2,2,15:15,15:24,16:13,1,0,0,No vehicle,0,8,0,1,No intersection,3,2,4,6,0,0,0,0,21ST AVE SW,,-122.3609778,47.30009167,98023,0,2,98,Others,8,1,98,80,0,0,1,2,12,1,2,5,1,1,Going Straight,1,2,53,,0,35,43,2007,0,0,64,30,,,,,1,1,18,2,7,1,4,0,20,0,11,5,11/19/2017,19:08,2.37E+11,49924,0,0,0,3,1,0,0,0,0,96,,,,,,9,,,,,,98660,53,62,130,6,1,0,0,0,0,0,0,,,,,,3,,,8,0,0,0,0,9,8,,,0,0,0,8,1,2,1,0,0,1,0,0,2,1,0.19,,,,,,,,,,,,,,,,,,,,,,,,,,,,,,0,0,0,0,1,1,0,1,0,0,0,0,1,0,0,0,0,0,0,1,0,1,1,0,1,0,0,0,0,1,0,0,0,1,0,,1,0,0,0,0,1,0,1,0,1,0,0,0,1,0,1,,,,,,18-20,16-25,State route,U,Saturday,Not Used,PV,White,0,1,0,0,State Route,Municipal/City Police,Vancouver Police Department,1,1,0,0,0,,,,,,,,,,,,,,,,,,,,,,,,,,,,,,,,,,,,,,,,,,,
2020,463,635182,127,10-29-2020,15:14,29,10,Oct,,33,King,735,1,,1,1,2,1,0,2,2,15:15,15:24,16:13,1,0,0,No vehicle,0,8,0,1,No intersection,3,2,4,6,0,0,0,0,21ST AVE SW,,-122.3609778,47.30009167,98023,0,1,98,Others,15,2,98,6,0,0,1,2,12,1,2,5,1,11,Turning Red: Permitted on red,1,1,53,,0,48,401,2014,0,0,8,,,,,,1,1,57,2,0,0,0,0,3,0,11,0,,,,,0,0,3,3,1,0,0,0,0,92,,,,,,0,,,,,,98296,53,66,200,6,1,0,0,0,0,0,0,,,,,,0,,,20,0,0,0,8,9,8,,,0,0,0,8,0,0,0,0,0,0,0,0,0,0,996,,,,,,,,,,,,,,,,,,,,,,,,,,,,,,0,0,0,0,0,0,0,0,0,0,0,0,0,0,0,0,1,0,0,0,0,0,0,0,0,0,0,0,0,1,0,1,0,0,0,,0,0,0,0,0,0,0,0,1,0,0,0,0,0,0,0,,,,,,56-60,56-65,City street,U,Friday,Belt Used,PV,Not Fatal,0,0,0,0,City Street,Municipal/City Police,Redmond Police Department,0,0,0,1,0,,,,,,,,,,,,,,,,,,,,,,,,,,,,,,,,,,,,,,,,,,,