year,something,Cases,repjur,crash_dt,crash_tm,accday,Month,Month,holiday,county,co_char,city,weather,weather2,lightcond,surfcond,surftype,Number of Fatalities,nmforms,pforms,vforms,not_tm,arr_tm,hosp_tm,fhevent,hitrun,Manner of Collision,Manner of Collision,milepnt,reljunc,reljuncinter,intersectiontype,Intersection Type,funcsystem,landuse,ownership,route,schlbus,spejur,contdev,devfunc,trafid1,trafid2,x,y,zipcode,wk_zone,vnumber,crashtype,Crash Type,criticalevent,criticaleventcat,spdlim,body,trailer,emerg,hazcargo,leave,mhevent,roadalgn,roadprof,traflane,trafflow,Vehicle Manure,Vehicle Manure,numoccs,regowner,regstate,,spuse,make,model,modelyr,vrf1,vrf2,seqevent1,seqevent2,seqevent3,seqevent4,seqevent5,seqevent6,pnumber,ptype,age,sex,hispanic,race,injury,diedscene,restraint,restraintmisuse,seatpos,takehosp,death_dt,death_tm,cert,cernum_wa,commlic,licendor,licrestrict,liccomp,drivpres,drf1,drf2,drf3,drf4,distract1,distract2,distract3,distract4,distract5,distract6,dricond1,dricond2,dricond3,dricond4,dricond5,dricond6,dzip,licstate,drhgt_in,weight,noncdl,noncdltype,prevdwi,prevoth,prevacc,prevspd,prevsus,driviol1,driviol2,driviol3,driviol4,driviol5,driviol6,spdrel,first_dt,last_dt,airbag,ejection,ejectpath,extricat,injurwrk,methalc,methdrug,nmlocat,strikveh,prf1,prf2,prf3,druginv,alcinvol,drugsts,drugres1,drugres2,drugres3,drugtst1,drugtst2,drugtst3,alcsts,alctst,alcres,nmact1,nmact2,nmact3,nmact4,nmact5,nmact6,nmprior1,nmprior2,nmprior3,nmprior4,nmprior5,nmprior6,nmcond1,nmcond2,nmcond3,nmcond4,nmcond5,nmcond6,nmsafe_helmet,nmsafe_pads,nmsafe_oth,nmprev_ref,nmprev_lgt,nmprev_oth,crashlocation,nmcrashtype,crosswalk,schoolzone,sidewalk,train_inv,wildlife_inv,rotr_fars,intersect_fars,Drink and Drive,aid_inv,Drug Positive Drivers,Impaired Drivers,Marijuana Positive,impnm_inv,ainm_inv,dpnm_inv,speed_inv,unlic_inv,unendmc_inv,drowsy_inv,drdist_inv,nmdist_inv,fty_inv,unrestfat_inv,dr1617_inv,dr1820_inv,dr1620_inv,dr2125_inv,dr1625_inv,dr65_inv,dr70_inv,dr75_inv,mc_inv,pv_inv,ht_inv,ped_inv,bike_inv,unrest_fat,mc_fat,unhelmet_mc,pv_fat,ht_fat,ped_fat,bike_fat,dr_alc7,dr_alc8,dr_drug,dr_imp,dr_dist,dr_spd,dr_fty,dr_unlic,dr_alc7only,dr_alc8only,dr_drugonly,dr_drink,nm_imp,nm_alc7,nm_alc8,nm_drug,nm_dist,agegrp1,agegrp2,roadclass,urbrur,dayweek,restuse,vehtype,race_me,intersect,lanedep,oppdir,wrongway,rep_typ,investag,repag_long,rotr,st_rd,cty_rd,city_rd,oth_rd,drug_thc,thc_res,drug_cthc,cthc_res,drug_cann,prevpersemin,prevperse,prevsusoth,drugtst4,drugtst5,drugtst6,drugtst7,drugtst8,drugres4,drugres5,drugres6,drugres7,drugres8,adspresent,adsengaged,adslevel,race1,race2,race3,race4,race5,helmet,helmetmisuse,nmdistract1,nmdistract2,nmdistract3,nmdistract4,nmdistract5,nmdistract6,lab,isedtcase,crf1,crf2,crf3,CoRoadName,CoMP,IntCoRoadName,IntCoMP
2019,463,634553,4,12-28-2019,23:30,28,12,Dec,,63,Spokane,0,8,0,2,2,2,1,0,1,1,,,,42,0,0,No vehicle,10.8,1,0,1,No intersection,5,1,1,3,0,0,0,0,SR-206,,-117.1748278,47.83503333,99021,0,1,6,Drive off road,6,1,45,14,0,0,1,2,1,2,2,2,1,14,Making a U turn,1,2,53,,0,12,880,2006,0,0,12,,,,,,1,1,25,1,0,0,0,0,3,0,11,0,,,,,0,0,0,2,1,0,0,0,0,0,,,,,,0,,,,,,98258,53,70,135,1,1,0,2,0,2,3,0,,,,,,0,06-15-2014,10-15-2016,1,0,0,0,8,9,8,,,0,0,0,8,0,0,0,0,0,0,0,0,0,0,996,,,,,,,,,,,,,,,,,,,,,,,,,,,,,,0,0,0,0,0,0,1,1,0,0,0,0,1,1,0,0,0,0,0,0,0,0,0,1,1,0,0,0,0,1,1,0,0,0,0,,0,0,0,0,0,0,0,0,0,0,0,1,0,0,0,0,,,,,,21-25,16-25,County road,R,Wednesday,Belt Used,MHTRUCK,Not Fatal,0,1,1,0,County Road,County Sheriff,Snohomish County Sheriff's Office,0,0,1,0,0,,,,,,,,,,,,,,,,,,,,,,,,,,,,,,,,,,,,,,,,,,,
2018,463,633756,4,12-11-2018,15:15,11,12,Dec,0,63,Spokane,0,4,0,1,10,2,1,0,3,2,,,,12,0,6,Angle,304.1,1,0,1,No intersection,3,1,1,2,0,0,0,0,US-2,,-117.3496389,47.99909722,99009,0,2,66,Specific Other,62,4,60,14,0,0,1,7,12,1,2,2,1,1,Going Straight,2,1,53,,0,37,32,2000,0,0,68,12,,,,,1,1,32,1,7,1,4,7,3,0,11,0,12/13/2017,17:53,53054455,54455,0,0,0,0,1,28,58,0,0,96,,,,,,99,,,,,,98208,53,74,200,0,0,0,0,0,0,0,0,,,,,,3,,,1,0,0,0,0,9,8,,,0,0,0,8,9,2,401,417,0,1,1,0,2,1,0,,,,,,,,,,,,,,,,,,,,,,,,,,,,,,0,0,0,0,0,0,1,1,0,0,0,0,1,1,0,0,0,0,0,0,0,0,0,1,1,0,0,0,0,1,1,0,0,0,0,,1,0,0,0,0,0,1,1,0,1,0,1,0,0,1,0,,,,,,31-35,26-35,County road,R,Wednesday,Belt Used,PV,White,0,1,1,0,County Road,County Sheriff,Snohomish County Sheriff's Office,0,0,1,0,0,,,carboxy-thc,6.5,,,,,,,,,,,,,,,,,,,,,,,,,,,,,,,,,,,,,,,
2018,463,633755,4,12-11-2018,15:15,11,12,Dec,0,63,Spokane,0,4,0,1,10,2,1,0,3,2,,,,12,0,6,Angle,304.1,1,0,1,No intersection,3,1,1,2,0,0,0,0,US-2,,-117.3496389,47.99909722,99009,0,1,66,Specific Other,9,1,98,2,0,0,1,2,12,1,2,2,1,1,Going Straight,1,2,53,,0,14,17,2002,0,0,68,64,42,1,,,1,1,33,1,7,1,4,7,20,0,11,0,12-10-2017,19:02,53054046,54046,0,0,0,2,1,0,0,0,0,96,,,,,,99,,,,,,98292,53,75,190,1,1,0,4,2,2,11,0,,,,,,4,05-15-2013,02-15-2017,20,0,0,0,0,9,8,,,0,0,0,8,9,2,1,0,0,1,0,0,2,1,0.28,,,,,,,,,,,,,,,,,,,,,,,,,,,,,,0,0,1,0,1,1,0,1,0,0,0,0,1,1,0,0,0,0,0,1,0,0,0,0,0,0,0,0,0,1,0,0,0,1,0,,1,0,0,0,0,1,0,1,0,1,0,1,0,1,0,1,,,,,,31-35,26-35,Other,,Sunday,Not Used,PV,White,0,1,0,0,Other,County Sheriff,Snohomish County Sheriff's Office,1,0,0,0,1,,,,,,,,,,,,,,,,,,,,,,,,,,,,,,,,,,,,,,,,,,,
2017,463,632939,127,11-02-2017,23:58,2,11,Nov,0,33,King,735,99,0,3,2,2,1,1,1,1,,,,8,1,0,No vehicle,0,1,0,1,No intersection,4,2,4,6,0,0,0,0,1 WAY S,,-122.3340139,47.30516944,98063,0,1,13,Pedestrian/Animal,80,5,98,99,0,0,1,5,8,1,2,5,1,1,Going Straight,99,9,99,,0,2,404,2015,0,0,12,,,,,,1,1,55,2,0,0,1,0,3,0,11,5,,,,,0,0,0,3,1,0,0,0,0,0,,,,,,0,,,,,,98042,53,67,163,6,1,0,0,0,1,0,0,,,,,,0,09-15-2013,09-15-2013,1,0,0,0,8,9,2,,,0,0,0,0,0,0,0,0,0,0,0,0,0,0,996,,,,,,,,,,,,,,,,,,,,,,,,,,,,,,0,0,0,0,0,0,1,1,0,0,0,0,0,0,0,0,0,0,0,0,0,0,0,0,0,0,0,0,0,1,0,0,0,0,0,,0,0,0,0,0,0,0,0,0,0,0,0,0,0,0,0,,,,,,51-55,46-55,State route,R,Wednesday,Belt Used,PV,Not Fatal,0,0,0,0,State Route,State Patrol,Washington State Patrol Headquarter,0,1,0,0,0,,,,,,,,,,,,,,,,,,,,,,,,,,,,,,,,,,,,,,,,,,,
2021,464,636074,8,11-03-2021,17:53,3,11,Nov,,27,Grays Harbor,0,2,,2,6,2,2,0,6,3,,,,12,0,8,Other,8.3,1,0,1,No intersection,3,1,1,2,0,0,0,0,US-12,,-123.6441417,46.97655833,,0,3,98,Others,62,4,55,14,0,0,1,2,12,1,1,4,1,1,Going Straight,2,1,53,,0,12,37,2008,0,0,18,68,12,,,,1,1,57,2,7,28,4,7,3,0,11,0,12/13/2017,16:35,1.50E+11,53986,0,0,3,3,1,28,0,0,0,96,,,,,,99,,,,,,98023,53,60,125,6,1,0,0,1,0,0,0,,,,,,0,11-15-2015,11-15-2015,8,0,0,0,0,9,8,,,0,0,0,8,9,2,996,0,0,1,0,0,2,1,0,,,,,,,,,,,,,,,,,,,,,,,,,,,,,,0,0,0,0,0,0,1,1,0,0,0,0,0,0,0,0,0,0,0,0,0,0,0,0,0,0,0,0,0,1,0,0,0,0,0,,1,0,0,0,0,0,1,1,0,0,0,0,0,0,1,0,,,,,,56-60,56-65,State route,R,Wednesday,Belt Used,PV,API,0,0,0,0,State Route,State Patrol,Washington State Patrol Headquarter,0,1,0,0,0,,,,,,,,,,,,,,,,,,,,,,,,,,,,,,,,,,,,,,,,,,,
2021,464,636073,8,11-03-2021,17:53,3,11,Nov,,27,Grays Harbor,0,2,,2,6,2,2,0,6,3,,,,12,0,8,Other,8.3,1,0,1,No intersection,3,1,1,2,0,0,0,0,US-12,,-123.6441417,46.97655833,,0,2,65,Others,62,4,55,14,0,0,1,2,12,1,1,4,1,1,Going Straight,1,1,53,,0,12,422,2003,0,0,12,,,,,,1,1,24,1,0,0,3,0,3,0,11,4,,,,,0,0,0,3,1,0,0,0,0,0,,,,,,0,,,,,,98373,53,67,170,6,1,0,0,0,0,0,0,,,,,,0,,,1,0,0,0,8,9,8,,,0,0,0,8,9,0,0,0,0,0,0,0,0,0,996,,,,,,,,,,,,,,,,,,,,,,,,,,,,,,0,0,0,0,1,1,0,1,0,0,0,0,0,0,0,0,0,0,0,0,0,0,0,1,1,0,0,0,0,1,0,0,0,0,0,,0,0,0,0,0,0,0,0,0,0,0,0,0,0,0,0,,,,,,21-25,16-25,State route,U,Saturday,Belt Used,PV,Not Fatal,0,0,0,1,State Route,State Patrol,Washington State Patrol Headquarter,0,1,0,0,0,,,,,,,,,,,,,,,,,,,,,,,,,,,,,,,,,,,,,,,,,,,
2021,464,636072,8,11-03-2021,17:53,3,11,Nov,,27,Grays Harbor,0,2,,2,6,2,2,0,6,3,,,,12,0,8,Other,8.3,1,0,1,No intersection,3,1,1,2,0,0,0,0,US-12,,-123.6441417,46.97655833,,0,1,64,Others,8,1,55,34,1,0,1,2,12,1,1,4,1,1,Going Straight,3,3,53,,0,63,401,2006,0,0,12,,,,,,1,1,29,2,7,1,4,7,3,0,11,0,12-09-2017,03:17,1.12E+11,54524,0,0,0,3,1,51,0,0,0,96,,,,,,9,,,,,,97470,41,69,160,6,1,0,0,0,0,0,0,,,,,,0,,,1,0,0,0,0,1,8,,,0,0,0,8,1,2,1,0,0,1,0,0,2,1,0.21,,,,,,,,,,,,,,,,,,,,,,,,,,,,,,0,0,0,0,1,1,0,1,0,0,0,0,0,0,0,0,0,0,0,0,0,0,0,1,1,0,0,0,0,1,0,0,0,0,0,,1,0,0,0,0,1,0,1,0,0,0,0,0,1,0,1,,,,,,26-30,26-35,State route,U,Saturday,Belt Used,PV,White,0,0,0,1,State Route,State Patrol,Washington State Patrol Headquarter,0,1,0,0,0,,,,,,,,,,,,,,,,,,,,,,,,,,,,,,,,,,,,,,,,,,,
2020,464,635244,330,11-16-2020,16:50,16,11,Nov,,77,Yakima,2590,1,,3,2,2,1,0,3,2,16:51,17:02,17:24,12,0,6,Angle,0,2,0,2,4 Way,4,2,4,6,0,0,0,0,S 64TH AVE,Occidental Rd,-120.5937667,46.56373056,98903,0,2,83,Others,67,4,40,34,0,0,1,2,12,1,1,2,1,1,Going Straight,1,1,53,,0,7,442,1996,0,0,12,,,,,,1,1,58,1,0,0,0,0,3,0,11,0,,,,,0,0,3,3,1,0,0,0,0,96,,,,,,0,,,,,,98203,53,75,190,6,1,0,0,0,0,0,0,,,,,,0,,,20,0,0,0,8,9,8,,,0,0,0,8,0,0,0,0,0,0,0,0,0,0,996,,,,,,,,,,,,,,,,,,,,,,,,,,,,,,0,0,0,1,0,0,0,0,0,0,0,0,0,0,0,0,0,0,0,0,0,0,0,0,0,1,1,1,0,1,0,0,0,0,0,,0,0,0,0,0,0,0,0,0,0,0,0,0,0,0,0,,,,,,56-60,56-65,City street,U,Monday,Belt Used,PV,Not Fatal,1,0,0,0,City Street,Municipal/City Police,Everett Police Department,0,0,0,1,0,,,,,,,,,,,,,,,,,,,,,,,,,,,,,,,,,,,,,,,,,,,
2020,464,635243,330,11-16-2020,16:50,16,11,Nov,,77,Yakima,2590,1,,3,2,2,1,0,3,2,16:51,17:02,17:24,12,0,6,Angle,0,2,0,2,4 Way,4,2,4,6,0,0,20,3,S 64TH AVE,Occidental Rd,-120.5937667,46.56373056,98903,0,1,82,Turn Into Opp Direction(Turning Left),15,2,35,4,0,0,1,2,12,1,1,3,1,11,Turning Red: Permitted on red,2,1,53,,0,18,404,2015,0,0,12,63,41,,,,1,1,78,2,7,1,4,0,3,0,11,4,12/31/2017,09:10,69053057330,57330,0,0,3,3,1,39,0,0,0,96,,,,,,0,,,,,,98204,53,65,145,6,1,0,0,0,0,0,35,,,,,,0,,,8,0,0,0,0,9,8,,,0,0,0,8,0,0,0,0,0,0,0,0,0,0,996,,,,,,,,,,,,,,,,,,,,,,,,,,,,,,0,0,0,1,0,0,0,0,0,0,0,0,0,0,0,0,0,0,0,0,0,0,0,0,0,1,1,1,0,1,0,0,0,0,0,,1,0,0,0,0,0,0,0,0,0,0,0,0,0,0,0,,,,,,76-80,76+,City street,U,Monday,Belt Used,PV,White,1,0,0,0,City Street,Municipal/City Police,Everett Police Department,0,0,0,1,0,,,,,,,,,,,,,,,,,,,,,,,,,,,,,,,,,,,,,,,,,,,
2019,464,634552,2,12-27-2019,17:00,27,12,Dec,,57,Skagit,230,10,0,3,2,2,1,0,1,1,,,,18,0,0,No vehicle,9999.9,1,0,1,No intersection,4,2,2,4,0,0,65,3,CR-GARRETT RD,,-122.3472722,48.469225,98233,0,1,12,Others,98,7,35,4,0,0,1,7,10,1,1,3,1,6,Others,1,1,53,,0,12,481,1997,0,0,12,,,,,,1,1,45,1,0,0,0,0,3,0,11,0,,,,,0,0,0,3,1,0,0,0,0,0,,,,,,0,,,,,,98579,53,73,200,6,1,0,0,0,0,0,0,,,,,,0,,,20,0,0,0,8,9,8,,,0,0,0,8,0,0,0,0,0,0,0,0,0,0,996,,,,,,,,,,,,,,,,,,,,,,,,,,,,,,0,0,0,1,0,0,0,0,0,0,0,0,0,1,0,0,0,0,0,0,0,0,0,0,0,1,0,0,1,0,0,0,0,0,0,,0,0,0,0,0,0,0,0,0,0,0,0,0,0,0,0,,,,,,41-45,36-45,County road,R,Monday,Belt Used,PV,Not Fatal,1,0,0,0,County Road,County Sheriff,Lewis County Sheriff's Office,0,0,1,0,0,,,,,,,,,,,,,,,,,,,,,,,,,,,,,,,,,,,,,,,,,,,
2018,464,633757,339,12-11-2018,11:58,11,12,Dec,0,63,Spokane,2113,1,0,9,1,2,1,0,1,1,,,,1,0,0,No vehicle,0,1,0,1,No intersection,7,2,4,6,0,0,0,0,E MONTGOMERY AVE,,-117.1673,47.67873333,99016,0,1,98,Others,98,7,98,20,0,0,1,7,1,1,1,2,1,1,Going Straight,1,2,53,,0,7,482,2006,0,0,12,,,,,,1,1,67,1,0,0,0,0,3,0,11,0,,,,,0,0,0,0,1,0,0,0,0,0,,,,,,0,,,,,,98532,53,67,200,0,0,0,0,0,0,0,97,,,,,,0,,,20,0,0,0,8,9,8,,,0,0,0,8,0,0,0,0,0,0,0,0,0,0,996,,,,,,,,,,,,,,,,,,,,,,,,,,,,,,0,0,0,1,0,0,0,0,0,0,0,0,0,1,0,0,0,0,0,0,0,0,0,0,0,1,0,0,1,0,0,0,0,0,0,,0,0,0,0,0,0,0,0,0,0,0,1,0,0,0,0,,,,,,66-70,66-75,County road,R,Monday,Belt Used,PV,Not Fatal,1,0,0,0,County Road,County Sheriff,Lewis County Sheriff's Office,0,0,1,0,0,,,,,,,,,,,,,,,,,,,,,,,,,,,,,,,,,,,,,,,,,,,
2017,464,633008,3,11-02-2017,13:27,2,11,Nov,0,53,Pierce,0,1,0,1,1,2,2,0,3,2,,,,12,0,2,Front-to-Front,0.1,1,0,1,No intersection,1,2,1,1,0,0,0,0,I-5 RAMP R111933,,-122.6296,47.09141944,98327,0,2,51,Lateral Move(Going Straight),54,3,60,6,0,0,1,2,12,1,2,3,3,1,Going Straight,2,1,53,,0,72,706,2006,0,0,12,68,12,,,,1,1,57,1,7,1,4,0,19,0,11,4,12-12-2017,19:42,1.45E+11,54209,0,0,0,3,1,0,0,0,0,96,,,,,,99,,,,,,98579,53,77,245,6,1,0,0,0,2,0,0,,,,,,0,07-15-2014,05-15-2015,20,8,0,0,0,9,8,,,0,0,0,8,9,2,1,0,0,1,0,0,2,1,0,,,,,,,,,,,,,,,,,,,,,,,,,,,,,,0,0,0,1,0,0,0,0,0,0,0,0,0,1,0,0,0,0,0,0,0,0,0,0,0,1,0,0,1,0,0,0,0,0,1,0,0,0,0,0,0,0,0,0,0,0,0,0,0,0,0,0,,,,,,56-60,56-65,County road,R,Monday,,MC,White,1,0,0,0,County Road,County Sheriff,Lewis County Sheriff's Office,0,0,1,0,0,,,,,,,,,,,,,,,,,,,,,,,,,,,,,,,,,,,,,,,,,,,
2017,464,633007,3,11-02-2017,13:27,2,11,Nov,0,53,Pierce,0,1,0,1,1,2,2,0,3,2,,,,12,0,2,Front-to-Front,0.1,1,0,1,No intersection,1,2,1,1,0,0,0,0,I-5 RAMP R111933,,-122.6296,47.09141944,98327,0,1,50,Lateral Move(Left/Right),54,3,60,14,0,0,1,2,12,1,2,3,3,1,Going Straight,1,1,53,,0,12,471,2001,0,0,68,64,35,1,,,1,1,61,1,7,1,4,0,99,0,11,5,12-05-2017,06:41,1.84E+11,53057,0,0,3,3,1,87,0,0,0,96,,,,,,99,,,,,,99166,53,79,200,6,1,0,0,0,0,1,0,,,,,,4,11-15-2015,11-15-2015,99,9,0,0,0,9,8,,,0,0,0,8,9,2,401,417,0,1,1,0,2,1,0,,,,,,,,,,,,,,,,,,,,,,,,,,,,,,0,0,0,0,0,0,1,1,0,0,0,0,1,0,0,0,0,0,0,0,0,0,0,0,0,0,0,0,0,0,0,0,0,0,0,,0,0,0,0,0,0,1,1,0,1,0,0,0,0,1,0,,,,,,61-65,56-65,City street,U,Tuesday,Unknown,PV,White,0,1,0,0,City Street,Municipal/City Police,Republic Police Department,1,0,0,1,0,,,,,,,,,,,,,,,,,,,,,,,,,,,,,,,,,,,,,,,,,,,
2021,465,636078,21,10-23-2021,21:24,23,10,Oct,,25,Grant,0,1,,2,1,2,1,0,1,1,,,,1,0,0,No vehicle,,1,0,1,No intersection,7,1,2,4,0,0,0,0,CR-ROAD 2 SW,,-119.8555611,47.05879722,98848,0,1,6,Drive off road,6,1,50,90,0,0,1,5,1,1,1,2,1,1,Going Straight,1,3,16,,0,53,33,2003,0,0,12,,,,,,1,1,82,1,7,1,4,0,3,0,11,4,11-08-2017,13:38,2.23E+11,48334,0,0,0,3,1,0,0,0,0,0,,,,,,0,,,,,,98327,53,69,185,6,1,0,0,0,0,0,0,,,,,,0,,,8,0,0,0,0,9,8,,,0,0,0,8,0,0,0,0,0,0,0,0,0,0,996,,,,,,,,,,,,,,,,,,,,,,,,,,,,,,0,0,0,0,0,0,0,0,0,0,0,0,0,0,0,0,1,0,0,0,0,0,0,0,0,1,1,1,0,1,0,0,0,0,0,,1,0,0,0,0,0,0,0,0,0,0,0,0,0,0,0,,,,,,81+,76+,Interstate,U,Thursday,Belt Used,PV,White,0,0,0,1,State Route,State Patrol,Washington State Patrol Headquarter,0,1,0,0,0,,,,,,,,,,,,,,,,,,,,,,,,,,,,,,,,,,,,,,,,,,,
2020,465,635245,17,11-14-2020,18:09,14,11,Nov,,17,Douglas,200,2,,2,2,2,1,0,2,2,18:55,19:05,19:30,14,0,0,No vehicle,0.8,3,0,3,T Intersection,5,1,1,3,0,0,0,0,SR-173,17TH ST,-119.6682528,48.00636667,98813,0,1,14,Others,14,2,25,2,0,0,1,2,14,4,1,2,1,14,Making a U turn,2,2,53,,0,20,404,2005,0,0,12,,,,,,1,1,46,2,0,0,3,0,3,0,11,4,,,,,0,0,0,3,1,51,0,0,0,93,,,,,,0,,,,,,98003,53,72,260,6,1,0,0,0,0,0,2,,,,,,0,,,8,0,0,0,8,9,8,,,0,0,0,8,0,0,0,0,0,0,0,0,0,0,996,,,,,,,,,,,,,,,,,,,,,,,,,,,,,,0,0,0,0,0,0,0,0,0,0,0,0,0,0,0,0,1,0,0,0,0,0,0,0,0,1,1,1,0,1,0,0,0,0,0,,0,0,0,0,0,0,0,0,1,0,0,0,0,0,0,0,,,,,,46-50,46-55,Interstate,U,Thursday,Belt Used,PV,Not Fatal,0,0,0,1,State Route,State Patrol,Washington State Patrol Headquarter,0,1,0,0,0,,,,,,,,,,,,,,,,,,,,,,,,,,,,,,,,,,,,,,,,,,,
2019,465,634523,262,12-19-2019,17:16,19,12,Dec,,33,King,1958,2,0,3,2,2,1,1,1,1,,,,8,0,0,No vehicle,0,3,0,3,T Intersection,7,2,4,6,0,0,0,0,MILITARY RD S,S 179TH ST,-122.2739806,47.44284722,98188,0,1,13,Pedestrian/Animal,80,5,35,4,0,0,1,5,8,4,2,3,1,14,Making a U turn,1,1,53,,0,20,481,1995,0,0,12,,,,,,1,1,41,2,7,3,4,7,3,0,11,0,12-06-2017,17:04,89053052630,52630,0,0,0,2,1,0,0,0,0,0,,,,,,99,,,,,,98933,53,62,210,1,1,0,0,0,0,0,0,,,,,,0,,,1,0,0,0,0,9,8,,,0,0,0,8,9,2,605,0,0,1,0,0,2,1,0,,,,,,,,,,,,,,,,,,,,,,,,,,,,,,0,0,0,0,0,0,1,1,1,0,0,0,0,1,0,0,1,0,0,0,0,0,0,0,0,0,0,0,0,0,1,0,0,0,0,,0,0,0,0,0,0,1,1,0,0,0,1,0,0,1,0,,,,,,41-45,36-45,County road,R,Wednesday,Belt Used,PV,AIAN,0,0,0,0,County Road,County Sheriff,Yakima County Sheriff's Office,0,0,1,0,0,thc,10,carboxy-thc,100,,,,,,,,,,,,,,,,,,,,,,,,,,,,,,,,,,,,,,,
2018,465,633758,339,12-16-2018,02:55,16,12,Dec,0,63,Spokane,2113,2,0,3,2,2,1,0,1,1,02:58,03:04,03:42,25,0,0,No vehicle,0,1,0,1,No intersection,5,2,4,6,0,0,0,0,E MISSION AVE,E AUGUSTA AVE,-117.2937472,47.67221111,99212,0,1,6,Drive off road,12,2,98,2,0,0,1,7,25,2,1,2,1,14,Making a U turn,1,1,53,,0,82,881,2011,0,0,12,,,,,,1,1,64,1,0,0,0,0,3,0,11,0,,,,,6,1,3,3,1,31,0,0,0,1,,,,,,0,,,,,,98951,53,70,177,6,1,0,3,2,1,0,98,,,,,,0,02-15-2013,10-15-2017,20,0,0,0,8,9,8,,,0,0,0,8,0,0,0,0,0,0,0,0,0,0,996,,,,,,,,,,,,,,,,,,,,,,,,,,,,,,0,0,0,0,0,0,1,1,1,0,0,0,0,1,0,0,1,0,0,0,0,0,0,0,0,0,0,0,0,0,1,0,0,0,0,,0,0,0,0,0,0,0,0,1,0,0,0,0,0,0,0,,,,,,61-65,56-65,County road,R,Wednesday,,MHTRUCK,Not Fatal,0,0,0,0,County Road,County Sheriff,Yakima County Sheriff's Office,0,0,1,0,0,,,,,,,,,,,,,,,,,,,,,,,,,,,,,,,,,,,,,,,,,,,
2017,465,632964,8,11-05-2017,16:53,5,11,Nov,0,45,Mason,0,10,0,5,2,2,1,0,2,2,,,,12,0,2,Front-to-Front,0.6,1,0,1,No intersection,3,2,1,3,0,0,0,0,SR-3,,-123.0992722,47.187775,98584,0,2,51,Lateral Move(Going Straight),62,4,40,4,0,0,1,2,12,3,2,2,1,14,Making a U turn,1,1,53,,0,2,404,2000,0,0,8,,,,,,1,1,51,2,0,0,0,0,3,0,11,0,,,,,0,0,0,3,1,0,0,0,0,0,,,,,,0,,,,,,98902,53,62,200,6,1,0,0,0,0,0,0,,,,,,0,,,20,0,0,0,8,9,8,,,0,0,0,8,0,0,0,0,0,0,0,0,0,0,996,,,,,,,,,,,,,,,,,,,,,,,,,,,,,,0,0,0,0,0,0,0,0,0,1,1,0,0,0,0,0,0,0,0,0,0,0,0,0,0,0,0,0,0,1,0,1,0,0,0,,0,0,0,0,0,0,0,0,0,0,0,0,0,0,0,0,,,,,,51-55,46-55,City street,U,Friday,Belt Used,PV,Not Fatal,0,0,0,0,City Street,Municipal/City Police,Yakima Police Department,0,0,0,1,0,,,,,,,,,,,,,,,,,,,,,,,,,,,,,,,,,,,,,,,,,,,
2017,465,632963,8,11-05-2017,16:53,5,11,Nov,0,45,Mason,0,10,0,5,2,2,1,0,2,2,,,,12,0,2,Front-to-Front,0.6,1,0,1,No intersection,3,2,1,3,0,0,0,0,SR-3,,-123.0992722,47.187775,98584,0,1,50,Lateral Move(Left/Right),10,2,40,4,0,0,1,2,12,2,2,2,1,14,Making a U turn,1,1,53,,0,12,462,2017,0,0,8,,,,,,1,1,37,1,0,0,0,0,3,0,11,0,,,,,0,0,3,3,1,0,0,0,0,0,,,,,,0,,,,,,98926,53,71,150,6,1,0,0,0,0,0,0,,,,,,0,,,20,0,0,0,8,9,8,,,0,0,0,8,0,0,0,0,0,0,0,0,0,0,996,,,,,,,,,,,,,,,,,,,,,,,,,,,,,,0,0,0,0,0,0,0,0,0,0,0,0,0,0,0,0,0,0,0,0,0,0,0,0,0,0,0,0,0,1,0,1,0,0,0,,0,0,0,0,0,0,0,0,0,0,0,0,0,0,0,0,,,,,,36-40,36-45,City street,U,Saturday,Belt Used,PV,Not Fatal,0,0,0,0,City Street,Municipal/City Police,Yakima Police Department,0,0,0,1,0,,,,,,,,,,,,,,,,,,,,,,,,,,,,,,,,,,,,,,,,,,,
2021,466,636079,3,11-06-2021,12:35,6,11,Nov,,53,Pierce,0,2,,1,2,2,1,0,2,1,,,,42,0,0,No vehicle,5.5,1,0,1,No intersection,2,2,1,3,0,0,0,0,SR-512,,-122.3642583,47.15828056,98373,0,1,3,Others,11,2,60,4,0,0,1,2,42,1,1,2,3,1,Going Straight,2,2,53,,0,20,431,1998,0,0,9,,,,,,1,1,41,2,0,0,0,0,3,0,11,0,,,,,0,0,0,3,1,0,0,0,0,96,,,,,,0,,,,,,98271,53,68,190,6,1,0,0,0,1,0,0,,,,,,0,01-15-2016,01-15-2016,20,0,0,0,8,9,8,,,0,0,0,8,0,0,0,0,0,0,0,0,0,0,996,,,,,,,,,,,,,,,,,,,,,,,,,,,,,,0,0,0,0,0,0,0,0,0,0,0,0,0,0,0,0,0,0,0,0,0,0,0,0,0,0,0,0,0,1,0,0,1,0,0,,0,0,0,0,0,0,0,0,0,0,0,0,0,0,0,0,,,,,,41-45,36-45,City street,U,Tuesday,Belt Used,PV,Not Fatal,0,0,0,0,City Street,Municipal/City Police,Granite Falls Police Department,0,0,0,1,0,,,,,,,,,,,,,,,,,,,,,,,,,,,,,,,,,,,,,,,,,,,