year,something,Cases,repjur,crash_dt,crash_tm,accday,Month,Month,holiday,county,co_char,city,weather,weather2,lightcond,surfcond,surftype,Number of Fatalities,nmforms,pforms,vforms,not_tm,arr_tm,hosp_tm,fhevent,hitrun,Manner of Collision,Manner of Collision,milepnt,reljunc,reljuncinter,intersectiontype,Intersection Type,funcsystem,landuse,ownership,route,schlbus,spejur,contdev,devfunc,trafid1,trafid2,x,y,zipcode,wk_zone,vnumber,crashtype,Crash Type,criticalevent,criticaleventcat,spdlim,body,trailer,emerg,hazcargo,leave,mhevent,roadalgn,roadprof,traflane,trafflow,Vehicle Manure,Vehicle Manure,numoccs,regowner,regstate,,spuse,make,model,modelyr,vrf1,vrf2,seqevent1,seqevent2,seqevent3,seqevent4,seqevent5,seqevent6,pnumber,ptype,age,sex,hispanic,race,injury,diedscene,restraint,restraintmisuse,seatpos,takehosp,death_dt,death_tm,cert,cernum_wa,commlic,licendor,licrestrict,liccomp,drivpres,drf1,drf2,drf3,drf4,distract1,distract2,distract3,distract4,distract5,distract6,dricond1,dricond2,dricond3,dricond4,dricond5,dricond6,dzip,licstate,drhgt_in,weight,noncdl,noncdltype,prevdwi,prevoth,prevacc,prevspd,prevsus,driviol1,driviol2,driviol3,driviol4,driviol5,driviol6,spdrel,first_dt,last_dt,airbag,ejection,ejectpath,extricat,injurwrk,methalc,methdrug,nmlocat,strikveh,prf1,prf2,prf3,druginv,alcinvol,drugsts,drugres1,drugres2,drugres3,drugtst1,drugtst2,drugtst3,alcsts,alctst,alcres,nmact1,nmact2,nmact3,nmact4,nmact5,nmact6,nmprior1,nmprior2,nmprior3,nmprior4,nmprior5,nmprior6,nmcond1,nmcond2,nmcond3,nmcond4,nmcond5,nmcond6,nmsafe_helmet,nmsafe_pads,nmsafe_oth,nmprev_ref,nmprev_lgt,nmprev_oth,crashlocation,nmcrashtype,crosswalk,schoolzone,sidewalk,train_inv,wildlife_inv,rotr_fars,intersect_fars,Drink and Drive,aid_inv,Drug Positive Drivers,Impaired Drivers,Marijuana Positive,impnm_inv,ainm_inv,dpnm_inv,speed_inv,unlic_inv,unendmc_inv,drowsy_inv,drdist_inv,nmdist_inv,fty_inv,unrestfat_inv,dr1617_inv,dr1820_inv,dr1620_inv,dr2125_inv,dr1625_inv,dr65_inv,dr70_inv,dr75_inv,mc_inv,pv_inv,ht_inv,ped_inv,bike_inv,unrest_fat,mc_fat,unhelmet_mc,pv_fat,ht_fat,ped_fat,bike_fat,dr_alc7,dr_alc8,dr_drug,dr_imp,dr_dist,dr_spd,dr_fty,dr_unlic,dr_alc7only,dr_alc8only,dr_drugonly,dr_drink,nm_imp,nm_alc7,nm_alc8,nm_drug,nm_dist,agegrp1,agegrp2,roadclass,urbrur,dayweek,restuse,vehtype,race_me,intersect,lanedep,oppdir,wrongway,rep_typ,investag,repag_long,rotr,st_rd,cty_rd,city_rd,oth_rd,drug_thc,thc_res,drug_cthc,cthc_res,drug_cann,prevpersemin,prevperse,prevsusoth,drugtst4,drugtst5,drugtst6,drugtst7,drugtst8,drugres4,drugres5,drugres6,drugres7,drugres8,adspresent,adsengaged,adslevel,race1,race2,race3,race4,race5,helmet,helmetmisuse,nmdistract1,nmdistract2,nmdistract3,nmdistract4,nmdistract5,nmdistract6,lab,isedtcase,crf1,crf2,crf3,CoRoadName,CoMP,IntCoRoadName,IntCoMP
2020,466,635249,25,11-27-2020,17:47,27,11,Nov,,33,King,0,1,,2,1,2,1,0,3,2,17:48,17:58,18:35,12,0,6,Angle,10.5,1,0,1,No intersection,3,2,2,4,0,0,0,0,CR-ISSAQUAH HOBART RD S,,-121.9886306,47.44716667,98027,0,2,66,Specific Other,62,4,35,14,0,0,1,2,12,3,1,2,1,14,Making a U turn,2,1,53,,0,20,16,1999,0,0,68,64,1,,,,1,1,56,1,7,1,4,7,3,0,11,0,12-06-2017,11:16,53053084,53084,0,0,3,3,1,0,0,0,0,92,,,,,,99,,,,,,99122,53,69,170,6,1,0,0,0,0,0,0,,,,,,0,,,1,2,9,0,0,9,8,,,0,0,0,8,9,2,155,337,996,1,1,1,2,1,0,,,,,,,,,,,,,,,,,,,,,,,,,,,,,,0,0,0,0,0,0,1,1,0,0,0,0,0,0,0,0,1,0,0,0,0,0,0,0,0,0,0,0,0,1,0,0,0,0,0,,1,0,0,0,0,0,1,1,1,0,0,0,0,0,1,0,,,,,,56-60,56-65,County road,R,Wednesday,Belt Used,PV,White,0,1,0,0,County Road,County Sheriff,Lincoln County Sheriff's Office,1,0,1,0,0,,,,,,,,,,,,,,,,,,,,,,,,,,,,,,,,,,,,,,,,,,,
2020,466,635248,25,11-27-2020,17:47,27,11,Nov,,33,King,0,1,,2,1,2,1,0,3,2,17:48,17:58,18:35,12,0,6,Angle,10.5,1,0,1,No intersection,3,2,2,4,0,0,0,0,CR-ISSAQUAH HOBART RD S,,-121.9886306,47.44716667,98027,0,1,66,Specific Other,10,2,35,3,0,0,1,2,12,2,1,2,1,14,Making a U turn,1,1,53,,0,39,35,2008,0,0,65,64,39,,,,1,1,72,1,7,1,4,7,20,0,11,0,12-06-2017,02:31,1.11E+11,53709,0,0,3,2,1,0,0,0,0,96,,,,,,99,,,,,,98027,53,74,240,1,1,1,1,0,1,2,0,,,,,,0,06-15-2015,04-15-2017,20,0,0,0,1,9,8,,,0,0,0,8,1,0,0,0,0,0,0,0,2,1,0.19,,,,,,,,,,,,,,,,,,,,,,,,,,,,,,0,0,1,0,1,1,0,1,0,0,0,0,0,1,0,0,0,0,0,1,0,0,0,0,0,1,1,0,0,1,0,0,0,1,0,,1,0,0,0,0,1,0,1,0,0,0,1,0,1,0,1,,,,,,71-75,66-75,State route,U,Wednesday,Not Used,PV,White,0,0,0,1,State Route,Municipal/City Police,Lake Forest Park Police Department,0,1,0,0,0,,,,,,,,,,,,,,,,,,,,,,,,,,,,,,,,,,,,,,,,,,,
2019,466,634554,297,12-31-2019,20:45,31,12,Dec,,33,King,2310,10,0,3,2,2,1,0,1,1,,,,42,0,0,No vehicle,0,1,0,1,No intersection,7,2,4,6,0,0,0,0,S RYAN WAY,,-122.2742472,47.50701944,98178,0,1,6,Drive off road,12,2,25,4,0,0,1,7,42,2,2,2,1,14,Making a U turn,1,2,53,,0,49,32,2003,0,0,63,69,63,31,30,1,1,1,70,1,7,1,4,0,20,0,11,1,12-08-2017,21:38,2.11E+11,53210,0,0,0,3,1,58,87,0,0,96,,,,,,99,,,,,,99134,53,71,175,6,1,0,0,0,0,0,0,,,,,,9,,,1,1,9,0,0,9,8,,,0,0,0,8,9,0,0,0,0,0,0,0,0,0,996,,,,,,,,,,,,,,,,,,,,,,,,,,,,,,0,0,0,0,0,0,0,0,0,0,0,0,0,0,0,0,0,0,0,1,0,0,0,0,0,1,1,0,0,1,0,0,0,1,0,,1,0,0,0,0,0,0,0,0,0,0,0,0,0,0,0,,,,,,66-70,66-75,County road,R,Saturday,Not Used,PV,White,0,1,0,0,County Road,County Sheriff,Lincoln County Sheriff's Office,1,0,1,0,0,,,,,,,,,,,,,,,,,,,,,,,,,,,,,,,,,,,,,,,,,,,
2018,466,633761,4,12-10-2018,08:20,10,12,Dec,0,65,Stevens,0,10,0,1,10,2,1,0,4,3,,,,12,0,2,Front-to-Front,192.3,1,0,1,No intersection,3,1,1,2,0,0,0,0,US-395,,-117.5920111,48.02169444,99110,0,3,98,Others,62,4,60,15,0,0,1,2,12,3,2,3,1,14,Making a U turn,1,1,53,,0,41,50,2006,0,0,12,,,,,,1,1,19,1,7,1,4,7,3,0,11,0,12-04-2017,23:36,2.11E+11,52658,0,0,0,3,1,0,0,0,0,0,,,,,,0,,,,,,99206,53,71,144,6,1,1,0,0,1,1,0,,,,,,0,06-15-2015,12-15-2016,20,0,0,0,0,9,8,,,0,0,0,8,9,2,605,0,0,1,0,0,2,1,0,,,,,,,,,,,,,,,,,,,,,,,,,,,,,,0,0,0,1,1,1,1,1,1,0,0,0,0,0,0,0,1,0,0,0,0,1,1,0,1,0,0,0,0,1,0,0,0,0,0,,1,0,0,0,0,0,1,1,0,0,0,0,0,0,1,0,,,,,,18-20,16-25,City street,U,Monday,Belt Used,PV,White,1,0,0,0,City Street,County Sheriff,Spokane County Sheriff's Office,0,0,0,1,0,thc,888,carboxy-thc,11,,,,,,,,,,,,,,,,,,,,,,,,,,,,,,,,,,,,,,,
2018,466,633760,4,12-10-2018,08:20,10,12,Dec,0,65,Stevens,0,10,0,1,10,2,1,0,4,3,,,,12,0,2,Front-to-Front,192.3,1,0,1,No intersection,3,1,1,2,0,0,0,0,US-395,,-117.5920111,48.02169444,99110,0,2,51,Lateral Move(Going Straight),62,4,60,34,0,0,1,2,12,3,2,3,1,14,Making a U turn,1,1,53,,0,12,481,2011,0,0,12,,,,,,1,1,39,1,0,0,0,0,3,0,11,0,,,,,0,0,3,3,1,91,0,0,0,93,,,,,,9,,,,,,99208,53,71,155,6,1,0,0,1,1,0,1,,,,,,0,05-15-2016,07-15-2016,1,0,0,0,8,9,8,,,0,0,0,8,1,2,605,0,0,1,0,0,2,1,0.18,,,,,,,,,,,,,,,,,,,,,,,,,,,,,,0,0,0,1,1,1,1,1,1,0,0,0,0,0,0,0,1,0,0,0,0,1,1,0,1,0,0,0,0,1,0,0,0,0,0,,0,0,0,0,0,1,1,1,1,0,0,0,0,0,0,1,,,,,,36-40,36-45,City street,U,Monday,Belt Used,PV,Not Fatal,1,0,0,0,City Street,County Sheriff,Spokane County Sheriff's Office,0,0,0,1,0,thc,3.4,carboxy-thc,38,,,,,,,,,,,,,,,,,,,,,,,,,,,,,,,,,,,,,,,
2018,466,633759,4,12-10-2018,08:20,10,12,Dec,0,65,Stevens,0,10,0,1,10,2,1,0,4,3,,,,12,0,2,Front-to-Front,192.3,1,0,1,No intersection,3,1,1,2,0,0,0,0,US-395,,-117.5920111,48.02169444,99110,0,1,50,Lateral Move(Left/Right),6,1,60,34,0,0,1,2,12,2,2,3,1,14,Making a U turn,2,1,53,,0,29,399,2008,0,0,12,,,,,,1,1,27,1,0,0,0,0,3,0,11,0,,,,,0,0,0,3,1,0,0,0,0,0,,,,,,0,,,,,,98597,53,72,185,6,1,0,0,0,0,0,0,,,,,,0,,,1,0,0,0,8,9,8,,,0,0,0,8,0,0,0,0,0,0,0,0,0,0,996,,,,,,,,,,,,,,,,,,,,,,,,,,,,,,0,0,0,0,1,1,0,1,0,0,0,0,0,0,0,0,0,0,0,1,0,0,0,1,1,0,0,0,0,1,0,0,0,0,0,,0,0,0,0,0,0,0,0,0,0,0,0,0,0,0,0,,,,,,26-30,26-35,County road,U,Sunday,Belt Used,PV,Not Fatal,0,1,1,0,County Road,County Sheriff,Law Enforcement Support Agency,0,0,1,0,0,,,,,,,,,,,,,,,,,,,,,,,,,,,,,,,,,,,,,,,,,,,
2017,466,633085,2,11-05-2017,01:04,5,11,Nov,0,61,Snohomish,690,2,0,2,2,2,1,0,1,1,01:10,01:57,,25,0,0,No vehicle,190.7,1,0,1,No intersection,1,2,1,1,0,0,0,0,I-5,,-122.2015111,47.92746667,98202,0,1,7,Control/Traction Loss,6,1,60,6,0,0,1,2,1,2,4,5,3,14,Making a U turn,1,1,53,,0,48,38,2012,0,0,68,12,,,,,1,1,23,1,0,0,0,0,3,0,11,0,,,,,0,0,0,3,1,28,0,0,0,96,,,,,,9,,,,,,98499,53,68,159,6,1,0,0,1,1,1,2,,,,,,0,12-15-2013,11-15-2017,1,0,0,0,8,1,8,,,0,0,0,8,1,2,1,0,0,1,0,0,2,1,0.22,,,,,,,,,,,,,,,,,,,,,,,,,,,,,,0,0,0,0,1,1,0,1,0,0,0,0,0,0,0,0,0,0,0,1,0,0,0,1,1,0,0,0,0,1,0,0,0,0,0,,0,0,0,0,0,1,0,1,0,0,0,0,0,1,0,1,,,,,,21-25,16-25,County road,U,Sunday,Belt Used,PV,Not Fatal,0,1,1,0,County Road,County Sheriff,Law Enforcement Support Agency,0,0,1,0,0,,,,,,,,,,,,,,,,,,,,,,,,,,,,,,,,,,,,,,,,,,,
2021,467,636080,18,10-06-2021,18:39,6,10,Oct,,19,Ferry,0,1,,1,1,2,1,0,1,1,,,,1,0,0,No vehicle,,1,0,1,No intersection,5,1,2,4,0,3,0,0,CR-BRIDGE CREEK RD,,-118.243325,48.28715833,99138,0,1,1,Driver Off Road,13,2,98,66,1,0,1,2,1,1,1,2,1,1,Going Straight,1,1,41,,0,35,481,2010,0,0,9,,,,,,1,1,69,2,0,0,0,0,99,0,11,0,,,,,0,0,3,3,1,38,0,0,0,1,,,,,,0,,,,,,98229,53,66,123,6,1,0,1,1,0,0,97,,,,,,0,10-15-2017,10-15-2017,20,0,0,0,8,9,8,,,0,0,0,8,0,0,0,0,0,0,0,0,0,0,996,,,,,,,,,,,,,,,,,,,,,,,,,,,,,,0,0,0,1,0,0,0,0,0,0,0,0,0,0,0,0,1,0,1,0,0,0,0,0,0,1,0,0,0,0,0,0,1,0,0,,0,0,0,0,0,0,0,0,1,0,1,0,0,0,0,0,,,,,,66-70,66-75,City street,U,Wednesday,Unknown,PV,Not Fatal,1,0,0,0,City Street,Municipal/City Police,Bellingham Police Department,0,0,0,1,0,,,,,,,,,,,,,,,,,,,,,,,,,,,,,,,,,,,,,,,,,,,
2019,467,634555,33,12-20-2019,16:28,20,12,Dec,,49,Pacific,0,2,0,5,2,2,1,0,5,2,,,,12,0,2,Front-to-Front,7.3,1,0,1,No intersection,5,1,2,4,0,0,0,0,CR-SANDRIDGE RD,,-124.021775,46.41746111,98631,0,1,50,Lateral Move(Left/Right),10,2,45,34,0,0,1,7,12,1,1,2,1,1,Going Straight,1,1,41,,0,20,401,2000,0,0,64,24,69,63,25,,1,1,39,1,7,2,4,0,20,0,11,4,11/26/2017,11:34,2.11E+11,51484,0,0,0,2,1,0,0,0,0,0,,,,,,9,,,,,,99336,53,67,225,1,1,0,0,0,0,4,0,,,,,,0,01-15-2014,01-15-2017,20,1,9,0,0,9,2,,,0,0,0,1,1,2,402,605,0,1,1,0,2,1,0.096,,,,,,,,,,,,,,,,,,,,,,,,,,,,,,0,0,0,0,1,1,1,1,1,0,0,0,0,1,0,0,0,0,0,1,0,0,0,0,0,0,0,0,0,1,0,0,0,1,0,,1,0,0,0,0,1,1,1,0,0,0,1,0,0,0,1,,,,,,36-40,36-45,State route,U,Thursday,Not Used,PV,Black,0,1,0,0,State Route,State Patrol,Washington State Patrol Headquarter,1,1,0,0,0,thc,5.1,carboxy-thc,91,,,,,,,,,,,,,,,,,,,,,,,,,,,,,,,,,,,,,,,
2020,467,635250,330,11-20-2020,17:59,20,11,Nov,,77,Yakima,2590,10,,2,2,2,1,2,1,1,18:02,18:06,18:25,8,1,0,No vehicle,0,1,0,1,No intersection,7,2,4,6,0,0,0,0,N GORDON RD,,-120.5170194,46.62554167,98901,0,1,13,Pedestrian/Animal,80,5,25,15,0,0,1,2,8,1,1,2,1,1,Going Straight,1,2,53,,0,55,33,2002,0,0,12,,,,,,1,1,49,2,0,0,1,0,3,0,11,8,,,,,0,0,0,3,1,0,0,0,0,0,,,,,,0,,,,,,98685,53,63,149,6,1,0,0,0,0,0,0,,,,,,0,,,1,0,0,0,8,9,8,,,0,0,0,8,0,0,0,0,0,0,0,0,0,0,996,,,,,,,,,,,,,,,,,,,,,,,,,,,,,,0,0,0,1,0,0,0,0,0,0,0,0,0,0,0,0,0,0,1,0,1,0,1,0,1,0,0,0,0,1,0,0,0,0,0,,0,0,0,0,0,0,0,0,0,0,0,0,0,0,0,0,,,,,,46-50,46-55,County road,U,Wednesday,Belt Used,PV,Not Fatal,1,0,0,0,County Road,County Sheriff,Clark County Sheriff's Office,0,0,1,0,0,,,,,,,,,,,,,,,,,,,,,,,,,,,,,,,,,,,,,,,,,,,
2019,467,634556,33,12-20-2019,16:28,20,12,Dec,,49,Pacific,0,2,0,5,2,2,1,0,5,2,,,,12,0,2,Front-to-Front,7.3,1,0,1,No intersection,5,1,2,4,0,0,0,0,CR-SANDRIDGE RD,,-124.021775,46.41746111,98631,0,2,51,Lateral Move(Going Straight),62,4,45,14,0,0,1,7,12,1,1,2,1,1,Going Straight,4,1,53,,0,59,31,1999,0,0,12,,,,,,1,1,17,2,0,0,0,0,3,0,11,0,,,,,0,0,3,3,1,38,0,0,0,96,,,,,,0,,,,,,98607,53,65,158,6,2,0,0,0,0,0,97,,,,,,0,,,1,0,0,0,8,9,8,,,0,0,0,8,0,0,0,0,0,0,0,0,0,0,996,,,,,,,,,,,,,,,,,,,,,,,,,,,,,,0,0,0,1,0,0,0,0,0,0,0,0,0,0,0,0,0,0,1,0,1,0,1,0,1,0,0,0,0,1,0,0,0,0,0,,0,0,0,0,0,0,0,0,0,0,1,0,0,0,0,0,,,,,,16-17,16-25,County road,U,Wednesday,Belt Used,PV,Not Fatal,1,0,0,0,County Road,County Sheriff,Clark County Sheriff's Office,0,0,1,0,0,,,,,,,,,,,,,,,,,,,,,,,,,,,,,,,,,,,,,,,,,,,
2018,467,633762,221,12-12-2018,00:00,12,12,Dec,0,47,Okanogan,0,1,0,2,10,5,1,0,1,1,,,,3,0,0,No vehicle,1.2,1,0,1,No intersection,6,1,2,4,0,0,0,0,CR-MONSE RIVER RD,,-119.6904611,48.11093889,98812,0,1,0,Others,6,1,35,14,0,0,1,7,3,1,1,2,1,1,Going Straight,1,1,53,,0,7,482,2014,0,0,8,,,,,,1,1,23,1,0,0,0,0,99,0,11,0,,,,,0,0,0,2,1,0,0,0,0,93,,,,,,99,,,,,,98284,53,71,130,1,1,1,0,1,0,2,97,,,,,,0,08-15-2016,12-15-2016,99,0,0,0,8,9,8,,,0,0,0,8,9,0,0,0,0,0,0,0,0,0,996,,,,,,,,,,,,,,,,,,,,,,,,,,,,,,0,0,0,0,0,0,0,0,0,0,0,0,0,1,0,0,1,0,0,0,0,0,0,1,1,0,0,0,0,0,0,1,0,0,0,,0,0,0,0,0,0,0,0,1,0,0,1,0,0,0,0,,,,,,21-25,16-25,Interstate,U,Wednesday,Unknown,PV,Not Fatal,0,0,0,0,State Route,State Patrol,Washington State Patrol Headquarter,0,1,0,0,0,,,,,,,,,,,,,,,,,,,,,,,,,,,,,,,,,,,,,,,,,,,
2017,467,632945,7,11-01-2017,09:16,1,11,Nov,0,33,King,0,2,0,1,2,2,1,0,4,3,08:52,09:05,09:58,12,0,1,Front-to-Rear,3.6,2,0,2,4 Way,3,1,1,3,0,0,0,0,SR-169,SE 383RD ST,-121.9882861,47.25589444,98022,0,3,98,Others,62,4,50,66,1,0,1,5,12,1,1,2,1,1,Going Straight,1,3,53,,0,34,34,1985,0,0,8,,,,,,1,1,21,2,0,0,0,0,3,0,11,0,,,,,0,0,0,3,1,0,0,0,0,96,,,,,,9,,,,,,98198,53,65,150,6,1,0,0,1,0,0,97,,,,,,0,07-15-2016,07-15-2016,20,0,0,0,8,9,8,,,0,0,0,8,1,2,605,0,0,1,0,0,2,1,0.027,,,,,,,,,,,,,,,,,,,,,,,,,,,,,,0,0,0,0,1,0,1,1,1,0,0,0,0,0,0,0,0,0,0,0,0,0,0,1,1,0,0,0,0,1,0,1,0,0,0,,0,0,0,0,1,0,1,1,0,0,0,0,0,0,0,1,,,,,,21-25,16-25,State route,U,Wednesday,Belt Used,PV,Not Fatal,1,0,0,0,State Route,County Sheriff,King County Police,0,1,0,0,0,thc,1.3,carboxy-thc,8.5,,,,,,,,,,,,,,,,,,,,,,,,,,,,,,,,,,,,,,,
2017,467,632944,7,11-01-2017,09:16,1,11,Nov,0,33,King,0,2,0,1,2,2,1,0,4,3,08:52,09:05,09:58,12,0,1,Front-to-Rear,3.6,2,0,2,4 Way,3,1,1,3,0,0,0,0,SR-169,SE 383RD ST,-121.9882861,47.25589444,98022,0,2,21,Others,53,3,50,5,0,0,1,2,12,1,1,2,1,5,Others,2,1,53,,0,7,482,2016,0,0,12,,,,,,1,1,66,1,0,0,0,0,3,0,11,0,,,,,0,0,3,3,1,0,0,0,0,0,,,,,,0,,,,,,98649,53,74,250,6,1,0,0,0,1,0,0,,,,,,0,08-15-2016,08-15-2016,20,0,0,0,8,9,8,,,0,0,0,8,0,0,0,0,0,0,0,0,0,0,996,,,,,,,,,,,,,,,,,,,,,,,,,,,,,,0,0,0,0,0,0,1,1,1,0,0,0,1,0,0,0,0,0,0,0,0,0,0,1,1,1,0,0,0,1,0,0,0,0,0,,0,0,0,0,0,0,0,0,0,0,0,0,0,0,0,0,,,,,,66-70,66-75,State route,R,Tuesday,Belt Used,PV,Not Fatal,0,1,1,0,State Route,State Patrol,Washington State Patrol Headquarter,0,1,0,0,0,,,,,,,,,,,,,,,,,,,,,,,,,,,,,,,,,,,,,,,,,,,
2017,467,632943,7,11-01-2017,09:16,1,11,Nov,0,33,King,0,2,0,1,2,2,1,0,4,3,08:52,09:05,09:58,12,0,1,Front-to-Rear,3.6,2,0,2,4 Way,3,1,1,3,0,0,0,0,SR-169,SE 383RD ST,-121.9882861,47.25589444,98022,0,1,20,Others,50,3,50,14,0,0,1,2,12,1,1,2,1,1,Going Straight,1,1,53,,0,20,431,1990,0,0,12,12,,,,,1,1,53,2,0,0,1,0,3,0,11,6,,,,,0,0,0,3,1,0,0,0,0,0,,,,,,0,,,,,,98632,53,66,200,6,1,0,0,0,0,0,0,,,,,,0,,,20,0,0,0,8,9,8,,,0,0,0,8,0,0,0,0,0,0,0,0,0,0,996,,,,,,,,,,,,,,,,,,,,,,,,,,,,,,0,0,0,0,0,0,1,1,1,0,0,0,1,0,0,0,0,0,0,0,0,0,0,1,1,1,0,0,0,1,0,0,0,0,0,,0,0,0,0,0,0,0,0,0,0,0,0,0,0,0,0,,,,,,51-55,46-55,State route,R,Tuesday,Belt Used,PV,Not Fatal,0,1,1,0,State Route,State Patrol,Washington State Patrol Headquarter,0,1,0,0,0,,,,,,,,,,,,,,,,,,,,,,,,,,,,,,,,,,,,,,,,,,,
2018,468,633763,4,12-12-2018,04:26,12,12,Dec,0,43,Lincoln,0,1,0,2,4,2,1,0,4,2,04:40,05:16,05:54,12,0,6,Angle,244.8,1,0,1,No intersection,1,1,1,1,0,0,0,0,I-90,,-117.9407417,47.32318611,99032,0,1,98,Others,6,1,60,66,1,0,1,2,12,1,2,2,3,1,Going Straight,2,3,6,,0,12,16,1996,0,0,68,12,,,,,1,1,24,1,7,1,4,7,99,0,11,0,11/21/2017,16:16,28053050840,50840,0,0,3,3,1,28,0,0,0,96,,,,,,9,,,,,,98645,53,69,135,6,1,0,0,0,0,0,0,,,,,,4,,,8,0,0,0,0,9,1,,,0,0,0,1,9,2,605,0,0,1,0,0,2,1,0,,,,,,,,,,,,,,,,,,,,,,,,,,,,,,0,0,0,0,0,0,1,1,1,0,0,0,1,0,0,0,0,0,0,0,0,0,0,1,1,1,0,0,0,1,0,0,0,0,0,,1,0,0,0,0,0,1,1,0,1,0,0,0,0,1,0,,,,,,21-25,16-25,State route,R,Tuesday,Unknown,PV,White,0,1,1,0,State Route,State Patrol,Washington State Patrol Headquarter,0,1,0,0,0,thc,9,carboxy-thc,47,,,,,,,,,,,,,,,,,,,,,,,,,,,,,,,,,,,,,,,
2018,468,633764,4,12-12-2018,04:26,12,12,Dec,0,43,Lincoln,0,1,0,2,4,2,1,0,4,2,04:40,05:16,05:54,12,0,6,Angle,244.8,1,0,1,No intersection,1,1,1,1,0,0,0,0,I-90,,-117.9407417,47.32318611,99032,0,2,98,Others,50,3,60,66,1,0,1,2,12,1,2,2,3,1,Going Straight,2,3,17,,0,7,482,1998,0,0,12,68,67,14,,,1,1,50,2,0,0,1,0,3,0,11,8,,,,,0,0,3,3,1,0,0,0,0,0,,,,,,0,,,,,,98223,53,65,165,6,1,0,0,0,0,0,0,,,,,,0,,,8,0,0,0,8,9,8,,,0,0,0,8,0,0,0,0,0,0,0,0,0,0,996,,,,,,,,,,,,,,,,,,,,,,,,,,,,,,0,0,0,1,1,1,0,1,0,0,0,0,0,0,0,0,1,0,0,0,0,0,0,1,1,0,0,0,0,1,0,0,0,0,0,,0,0,0,0,0,0,0,0,0,0,0,0,0,0,0,0,,,,,,46-50,46-55,City street,U,Wednesday,Belt Used,PV,Not Fatal,1,0,0,0,City Street,Municipal/City Police,Arlington Police Department,0,0,0,1,0,,,,,,,,,,,,,,,,,,,,,,,,,,,,,,,,,,,,,,,,,,,
2021,468,636082,21,10-17-2021,16:18,17,10,Oct,,25,Grant,0,1,,1,1,2,1,0,5,2,,,,12,0,6,Angle,,2,0,2,4 Way,5,1,2,4,0,0,0,0,CR-RD 4 NE,RD F NE,-119.3630361,47.14623889,98837,0,2,86,Others,66,4,55,14,0,0,1,2,12,1,1,2,1,1,Going Straight,1,1,53,,0,49,401,2017,0,0,12,,,,,,1,1,23,2,0,0,1,0,3,0,11,8,,,,,0,0,3,3,1,0,0,0,0,0,,,,,,0,,,,,,98223,53,70,180,6,1,0,0,0,0,0,0,,,,,,0,,,20,0,0,0,8,9,8,,,0,0,0,8,0,0,0,0,0,0,0,0,0,0,996,,,,,,,,,,,,,,,,,,,,,,,,,,,,,,0,0,0,1,1,1,0,1,0,0,0,0,0,0,0,0,1,0,0,0,0,0,0,1,1,0,0,0,0,1,0,0,0,0,0,,0,0,0,0,0,0,0,0,0,0,0,0,0,0,0,0,,,,,,21-25,16-25,City street,U,Wednesday,Belt Used,PV,Not Fatal,1,0,0,0,City Street,Municipal/City Police,Arlington Police Department,0,0,0,1,0,,,,,,,,,,,,,,,,,,,,,,,,,,,,,,,,,,,,,,,,,,,
2021,468,636081,21,10-17-2021,16:18,17,10,Oct,,25,Grant,0,1,,1,1,7,1,0,5,2,,,,12,0,6,Angle,,2,0,2,4 Way,5,1,2,4,0,0,20,3,CR-RD 4 NE,RD F NE,-119.3630361,47.14623889,98837,0,1,87,Others,17,2,50,6,0,0,1,5,12,1,1,2,1,1,Going Straight,4,2,53,,0,37,402,2013,0,0,12,68,12,63,14,,1,1,62,2,7,1,4,0,3,0,11,8,11/15/2017,20:37,8053049578,49578,0,0,0,3,1,0,0,0,0,93,,,,,,9,,,,,,98271,53,71,190,6,1,0,0,1,0,0,0,,,,,,0,02-15-2015,02-15-2015,8,0,0,0,0,9,8,,,0,0,0,8,1,2,1,0,0,1,0,0,2,1,0.24,,,,,,,,,,,,,,,,,,,,,,,,,,,,,,0,0,0,1,1,1,0,1,0,0,0,0,0,0,0,0,1,0,0,0,0,0,0,1,1,0,0,0,0,1,0,0,0,0,0,,1,0,0,0,0,1,0,1,1,0,0,0,0,1,0,1,,,,,,61-65,56-65,City street,U,Wednesday,Belt Used,PV,White,1,0,0,0,City Street,Municipal/City Police,Arlington Police Department,0,0,0,1,0,,,,,,,,,,,,,,,,,,,,,,,,,,,,,,,,,,,,,,,,,,,
2020,468,635252,146,11-26-2020,17:15,26,11,Nov,,77,Yakima,0,1,,2,1,2,1,0,3,2,17:21,17:39,18:06,12,0,2,Front-to-Front,4,1,0,1,No intersection,5,1,2,4,0,0,0,0,CR-YAKIMA VALLEY HWY,,-120.3923472,46.47682222,98951,0,2,51,Lateral Move(Going Straight),62,4,55,4,0,0,1,2,12,1,1,2,1,1,Going Straight,2,1,53,,0,6,43,2010,0,0,12,,,,,,1,1,18,2,0,0,2,0,3,0,11,4,,,,,0,0,0,3,1,0,0,0,0,0,,,,,,0,,,,,,98030,53,66,245,6,1,0,0,0,0,0,0,,,,,,0,,,1,0,0,0,8,9,8,,,0,0,0,8,0,0,0,0,0,0,0,0,0,0,996,,,,,,,,,,,,,,,,,,,,,,,,,,,,,,0,0,0,0,0,0,0,0,0,0,0,0,0,0,0,0,0,0,0,0,0,1,1,0,1,0,0,0,0,1,0,0,0,0,0,,0,0,0,0,0,0,0,0,0,0,0,0,0,0,0,0,,,,,,18-20,16-25,City street,U,Thursday,Belt Used,PV,Not Fatal,0,1,1,0,City Street,Municipal/City Police,Auburn Police Department,0,0,0,1,0,,,,,,,,,,,,,,,,,,,,,,,,,,,,,,,,,,,,,,,,,,,