year,something,Cases,repjur,crash_dt,crash_tm,accday,Month,Month,holiday,county,co_char,city,weather,weather2,lightcond,surfcond,surftype,Number of Fatalities,nmforms,pforms,vforms,not_tm,arr_tm,hosp_tm,fhevent,hitrun,Manner of Collision,Manner of Collision,milepnt,reljunc,reljuncinter,intersectiontype,Intersection Type,funcsystem,landuse,ownership,route,schlbus,spejur,contdev,devfunc,trafid1,trafid2,x,y,zipcode,wk_zone,vnumber,crashtype,Crash Type,criticalevent,criticaleventcat,spdlim,body,trailer,emerg,hazcargo,leave,mhevent,roadalgn,roadprof,traflane,trafflow,Vehicle Manure,Vehicle Manure,numoccs,regowner,regstate,,spuse,make,model,modelyr,vrf1,vrf2,seqevent1,seqevent2,seqevent3,seqevent4,seqevent5,seqevent6,pnumber,ptype,age,sex,hispanic,race,injury,diedscene,restraint,restraintmisuse,seatpos,takehosp,death_dt,death_tm,cert,cernum_wa,commlic,licendor,licrestrict,liccomp,drivpres,drf1,drf2,drf3,drf4,distract1,distract2,distract3,distract4,distract5,distract6,dricond1,dricond2,dricond3,dricond4,dricond5,dricond6,dzip,licstate,drhgt_in,weight,noncdl,noncdltype,prevdwi,prevoth,prevacc,prevspd,prevsus,driviol1,driviol2,driviol3,driviol4,driviol5,driviol6,spdrel,first_dt,last_dt,airbag,ejection,ejectpath,extricat,injurwrk,methalc,methdrug,nmlocat,strikveh,prf1,prf2,prf3,druginv,alcinvol,drugsts,drugres1,drugres2,drugres3,drugtst1,drugtst2,drugtst3,alcsts,alctst,alcres,nmact1,nmact2,nmact3,nmact4,nmact5,nmact6,nmprior1,nmprior2,nmprior3,nmprior4,nmprior5,nmprior6,nmcond1,nmcond2,nmcond3,nmcond4,nmcond5,nmcond6,nmsafe_helmet,nmsafe_pads,nmsafe_oth,nmprev_ref,nmprev_lgt,nmprev_oth,crashlocation,nmcrashtype,crosswalk,schoolzone,sidewalk,train_inv,wildlife_inv,rotr_fars,intersect_fars,Drink and Drive,aid_inv,Drug Positive Drivers,Impaired Drivers,Marijuana Positive,impnm_inv,ainm_inv,dpnm_inv,speed_inv,unlic_inv,unendmc_inv,drowsy_inv,drdist_inv,nmdist_inv,fty_inv,unrestfat_inv,dr1617_inv,dr1820_inv,dr1620_inv,dr2125_inv,dr1625_inv,dr65_inv,dr70_inv,dr75_inv,mc_inv,pv_inv,ht_inv,ped_inv,bike_inv,unrest_fat,mc_fat,unhelmet_mc,pv_fat,ht_fat,ped_fat,bike_fat,dr_alc7,dr_alc8,dr_drug,dr_imp,dr_dist,dr_spd,dr_fty,dr_unlic,dr_alc7only,dr_alc8only,dr_drugonly,dr_drink,nm_imp,nm_alc7,nm_alc8,nm_drug,nm_dist,agegrp1,agegrp2,roadclass,urbrur,dayweek,restuse,vehtype,race_me,intersect,lanedep,oppdir,wrongway,rep_typ,investag,repag_long,rotr,st_rd,cty_rd,city_rd,oth_rd,drug_thc,thc_res,drug_cthc,cthc_res,drug_cann,prevpersemin,prevperse,prevsusoth,drugtst4,drugtst5,drugtst6,drugtst7,drugtst8,drugres4,drugres5,drugres6,drugres7,drugres8,adspresent,adsengaged,adslevel,race1,race2,race3,race4,race5,helmet,helmetmisuse,nmdistract1,nmdistract2,nmdistract3,nmdistract4,nmdistract5,nmdistract6,lab,isedtcase,crf1,crf2,crf3,CoRoadName,CoMP,IntCoRoadName,IntCoMP
2020,468,635251,146,11-26-2020,17:15,26,11,Nov,,77,Yakima,0,1,,2,1,2,1,0,3,2,17:21,17:39,18:06,12,0,2,Front-to-Front,4,1,0,1,No intersection,5,1,2,4,0,0,0,0,CR-YAKIMA VALLEY HWY,,-120.3923472,46.47682222,98951,0,1,50,Lateral Move(Left/Right),10,2,55,4,0,0,1,2,12,1,1,2,1,1,Going Straight,1,1,53,,0,55,33,2002,0,0,68,12,,,,,1,1,18,2,0,0,2,0,20,0,11,4,,,,,0,0,0,3,1,28,0,0,0,96,,,,,,0,,,,,,98030,53,66,190,6,1,0,0,0,0,0,69,,,,,,0,,,8,0,0,0,8,9,8,,,0,0,0,8,0,0,0,0,0,0,0,0,0,0,996,,,,,,,,,,,,,,,,,,,,,,,,,,,,,,0,0,0,0,0,0,0,0,0,0,0,0,0,0,0,0,0,0,0,0,0,1,1,0,1,0,0,0,0,1,0,0,0,0,0,,0,0,0,0,0,0,0,0,0,0,0,0,0,0,0,0,,,,,,18-20,16-25,City street,U,Thursday,Not Used,PV,Not Fatal,0,1,1,0,City Street,Municipal/City Police,Auburn Police Department,0,0,0,1,0,,,,,,,,,,,,,,,,,,,,,,,,,,,,,,,,,,,,,,,,,,,
2019,468,634558,4,12-29-2019,18:29,29,12,Dec,,1,Adams,0,10,0,2,1,2,2,0,7,2,,,,12,0,2,Front-to-Front,77.6,1,0,1,No intersection,2,1,1,2,0,0,0,0,US-395,,-118.6674333,46.82633889,99341,0,2,51,Lateral Move(Going Straight),54,3,70,20,0,0,1,2,12,1,1,2,3,1,Going Straight,6,2,53,,0,55,401,2017,0,0,8,,,,,,1,1,26,2,0,0,0,0,3,0,11,0,,,,,0,0,3,3,1,0,0,0,0,0,,,,,,0,,,,,,99301,53,66,124,6,1,0,3,0,4,2,0,,,,,,0,06-15-2013,08-15-2016,20,0,0,0,8,9,8,,,0,0,0,8,0,0,0,0,0,0,0,0,0,0,996,,,,,,,,,,,,,,,,,,,,,,,,,,,,,,0,0,0,0,0,0,0,0,0,0,0,0,0,0,0,0,0,1,0,0,0,0,0,0,0,0,0,0,0,1,1,1,0,0,0,,0,0,0,0,0,0,0,0,0,0,0,0,0,0,0,0,,,,,,26-30,26-35,City street,U,Tuesday,Belt Used,PV,Not Fatal,0,0,0,0,City Street,Municipal/City Police,Kennewick Police Department,0,0,0,1,0,,,,,,,,,,,,,,,,,,,,,,,,,,,,,,,,,,,,,,,,,,,
2019,468,634557,4,12-29-2019,18:29,29,12,Dec,,1,Adams,0,10,0,2,1,2,2,0,7,2,,,,12,0,2,Front-to-Front,77.6,1,0,1,No intersection,2,1,1,2,0,0,0,0,US-395,,-118.6674333,46.82633889,99341,0,1,50,Lateral Move(Left/Right),54,3,98,5,0,0,1,2,12,1,1,2,3,1,Going Straight,1,1,53,,0,84,881,2006,0,0,8,,,,,,1,1,59,1,0,0,0,0,3,0,11,0,,,,,6,1,3,3,1,0,0,0,0,0,,,,,,0,,,,,,99301,53,68,180,6,1,0,1,0,0,0,0,,,,,,0,08-15-2014,08-15-2014,20,0,0,0,8,9,2,,,0,0,0,0,0,0,0,0,0,0,0,0,0,0,996,,,,,,,,,,,,,,,,,,,,,,,,,,,,,,0,0,0,0,0,0,0,0,0,0,0,0,0,0,0,0,0,1,0,0,0,0,0,0,0,0,0,0,0,1,1,1,0,0,0,,0,0,0,0,0,0,0,0,0,0,0,0,0,0,0,0,,,,,,56-60,56-65,City street,U,Tuesday,,MHTRUCK,Not Fatal,0,0,0,0,City Street,Municipal/City Police,Kennewick Police Department,0,0,0,1,0,,,,,,,,,,,,,,,,,,,,,,,,,,,,,,,,,,,,,,,,,,,
2017,468,632961,278,11-11-2017,20:35,11,11,Nov,0,63,Spokane,2110,1,0,3,1,2,1,1,1,1,,,,8,1,0,No vehicle,0,3,0,3,T Intersection,5,2,4,6,0,0,0,0,E HOLLAND AVE,N COLTON ST,-117.406125,47.74394167,99218,0,1,13,Pedestrian/Animal,80,5,30,99,0,0,1,5,8,1,1,5,1,1,Going Straight,99,9,99,,0,82,881,2012,0,0,12,,,,,,1,1,47,1,0,0,0,0,3,0,11,0,,,,,6,3,0,3,1,0,0,0,0,0,,,,,,0,,,,,,95948,6,74,200,6,1,0,0,1,3,0,0,,,,,,0,09-15-2014,09-15-2017,20,0,0,0,8,9,8,,,0,0,0,8,0,0,0,0,0,0,0,0,0,0,996,,,,,,,,,,,,,,,,,,,,,,,,,,,,,,0,0,0,0,0,0,1,1,0,0,0,0,0,0,0,0,0,0,0,0,0,0,0,0,0,0,0,0,0,1,1,0,0,0,0,,0,0,0,0,0,0,0,0,0,0,0,0,0,0,0,0,,,,,,46-50,46-55,Interstate,U,Tuesday,,MHTRUCK,Not Fatal,0,1,0,0,State Route,State Patrol,Washington State Patrol Headquarter,1,1,0,0,0,,,,,,,,,,,,,,,,,,,,,,,,,,,,,,,,,,,,,,,,,,,
2020,469,635268,39,10-25-2020,15:08,25,10,Oct,,61,Snohomish,0,1,,1,1,2,1,0,2,2,15:11,15:18,15:41,12,0,6,Angle,0.1,8,0,1,No intersection,5,1,2,4,0,0,0,0,CR-PIONEER HWY E,,-122.2059306,48.18778889,9223,0,2,98,Others,60,4,35,5,0,0,1,5,12,1,2,2,1,11,Turning Red: Permitted on red,1,1,41,,0,42,403,2014,0,0,64,24,67,35,1,12,1,1,54,2,7,1,4,7,3,0,11,0,11/14/2017,13:30,62053049466,49466,0,0,0,3,1,0,0,0,0,96,,,,,,9,,,,,,98902,53,65,125,6,1,0,0,0,1,0,0,,,,,,0,12-15-2016,12-15-2016,8,0,0,0,0,1,1,,,0,0,0,1,0,2,996,996,0,1,1,0,2,1,0,,,,,,,,,,,,,,,,,,,,,,,,,,,,,,0,0,0,0,0,0,1,1,0,0,0,0,0,0,0,0,0,0,0,0,0,0,0,0,0,0,0,0,0,1,1,0,0,0,0,,1,0,0,0,0,0,1,1,0,0,0,0,0,0,1,0,,,,,,51-55,46-55,Interstate,U,Tuesday,Belt Used,PV,White,0,1,0,0,State Route,State Patrol,Washington State Patrol Headquarter,1,1,0,0,0,,,,,,,,,,,,,,,,,,,,,,,,,,,,,,,,,,,,,,,,,,,
2021,469,636083,242,11-14-2021,02:31,14,11,Nov,,53,Pierce,1770,2,,3,2,2,1,1,1,1,,,,8,0,0,No vehicle,25.6,1,0,1,No intersection,3,2,1,3,0,0,0,0,SR-161,,-122.2933806,47.15997222,98374,0,1,98,Others,13,2,35,4,0,0,1,5,18,3,2,7,2,14,Making a U turn,1,1,53,,0,37,39,2008,0,0,12,,,,,,1,1,19,1,0,0,3,0,3,0,11,4,,,,,0,0,0,3,1,0,0,0,0,0,,,,,,0,,,,,,98027,53,70,185,6,1,0,0,0,1,0,0,,,,,,0,12-15-2016,12-15-2016,8,0,0,0,8,9,8,,,0,0,0,8,0,0,0,0,0,0,0,0,0,0,996,,,,,,,,,,,,,,,,,,,,,,,,,,,,,,0,0,0,0,0,0,0,0,0,0,0,0,1,0,0,0,1,0,0,0,0,1,1,0,1,1,1,1,0,1,1,0,0,0,0,,0,0,0,0,0,0,0,0,0,0,0,0,0,0,0,0,,,,,,18-20,16-25,State route,R,Sunday,Belt Used,PV,Not Fatal,0,0,0,0,State Route,State Patrol,Washington State Patrol Headquarter,0,1,0,0,0,,,,,,,,,,,,,,,,,,,,,,,,,,,,,,,,,,,,,,,,,,,
2020,469,635267,39,10-25-2020,15:08,25,10,Oct,,61,Snohomish,0,1,,1,1,2,1,0,2,2,15:11,15:18,15:41,12,0,6,Angle,0.1,8,0,1,No intersection,5,1,2,4,0,0,0,0,CR-PIONEER HWY E,,-122.2059306,48.18778889,9223,0,1,98,Others,10,2,50,80,0,0,1,2,12,1,2,2,1,6,Others,1,1,53,,0,49,499,1981,0,0,12,68,12,,,,1,1,79,1,7,1,4,0,3,0,11,4,11-05-2017,15:36,53048118,48118,6,0,3,3,1,0,0,0,0,0,,,,,,0,,,,,,98272,53,70,190,6,1,0,1,0,0,0,0,,,,,,0,12-15-2012,12-15-2012,20,0,0,0,0,9,8,,,0,0,0,8,0,2,1,0,0,1,0,0,2,1,0,,,,,,,,,,,,,,,,,,,,,,,,,,,,,,0,0,0,0,0,0,0,0,0,0,0,0,1,0,0,0,1,0,0,0,0,1,1,0,1,1,1,1,0,1,1,0,0,0,0,,1,0,0,0,0,0,0,0,0,0,0,0,0,0,0,0,,,,,,76-80,76+,State route,R,Sunday,Belt Used,PV,White,0,0,0,0,State Route,State Patrol,Washington State Patrol Headquarter,0,1,0,0,0,,,,,,,,,,,,,,,,,,,,,,,,,,,,,,,,,,,,,,,,,,,
2019,469,634559,1,12-29-2019,20:28,29,12,Dec,,5,Benton,0,1,0,2,1,2,1,0,1,1,,,,35,0,0,No vehicle,29.7,1,0,1,No intersection,5,1,1,3,0,0,0,0,SR-22,,-119.8538278,46.185875,,0,1,7,Control/Traction Loss,13,2,60,34,0,0,1,2,1,1,1,2,1,1,Going Straight,1,1,53,,0,7,881,2001,0,0,12,,,,,,1,1,48,1,0,0,0,0,3,0,11,0,,,,,6,9,0,3,1,0,0,0,0,12,,,,,,0,,,,,,98248,53,71,235,6,1,1,0,0,0,1,97,,,,,,4,04-15-2013,07-15-2013,20,0,0,0,8,9,8,,,0,0,0,8,0,2,1,0,0,1,0,0,2,1,0,,,,,,,,,,,,,,,,,,,,,,,,,,,,,,0,0,0,0,0,0,0,0,0,0,0,0,1,0,0,0,1,0,0,0,0,1,1,0,1,1,1,1,0,1,1,0,0,0,0,,0,0,0,0,0,0,0,0,1,1,0,0,0,0,0,0,,,,,,46-50,46-55,State route,R,Sunday,,MHTRUCK,Not Fatal,0,0,0,0,State Route,State Patrol,Washington State Patrol Headquarter,0,1,0,0,0,,,,,,,,,,,,,,,,,,,,,,,,,,,,,,,,,,,,,,,,,,,
2018,469,633766,222,12-18-2018,06:27,18,12,Dec,0,67,Thurston,1590,2,0,3,2,2,1,1,1,1,,,,8,0,0,No vehicle,0,1,0,1,No intersection,7,2,4,6,0,0,0,0,FONES RD SE,WOODLAND TRAIL,-122.8469,47.04002778,98501,0,1,13,Pedestrian/Animal,80,5,35,4,0,0,1,7,8,1,1,3,1,1,Going Straight,1,2,53,,0,48,38,2002,0,0,68,64,30,,,,1,1,29,2,7,4,4,7,3,0,11,0,11/21/2017,21:45,53050944,50944,0,0,0,3,1,0,0,0,0,96,,,,,,99,,,,,,98520,53,59,145,6,1,0,0,0,0,0,0,,,,,,0,,,20,0,0,0,0,9,8,,,0,0,0,8,9,2,167,605,0,1,1,0,2,1,0,,,,,,,,,,,,,,,,,,,,,,,,,,,,,,0,0,0,0,0,0,1,1,1,0,0,0,0,0,0,0,0,0,0,0,0,0,0,0,0,0,0,0,0,1,0,0,0,0,0,,1,0,0,0,0,0,1,1,0,0,0,0,0,0,1,0,,,,,,26-30,26-35,County road,R,Tuesday,Belt Used,PV,API,0,1,0,0,County Road,County Sheriff,Grays Harbor County Sheriff's Offic,1,0,1,0,0,thc,16,carboxy-thc,120,,,,,,,,,,,,,,,,,,,,,,,,,,,,,,,,,,,,,,,
2017,469,632976,2,11-05-2017,14:45,5,11,Nov,0,61,Snohomish,0,10,0,1,2,2,1,0,7,3,14:43,15:11,15:42,12,0,1,Front-to-Rear,22.2,8,0,1,No intersection,4,1,1,3,0,0,0,0,SR-203,,-121.9702806,47.82906389,98272,0,3,98,Others,62,4,55,5,0,0,1,2,12,1,1,2,1,1,Going Straight,4,2,53,,0,49,40,1998,0,0,12,,,,,,1,1,58,2,0,0,2,0,3,0,11,4,,,,,0,0,3,3,1,0,0,0,0,0,,,,,,0,,,,,,98133,53,62,150,6,1,0,0,0,0,0,0,,,,,,0,,,20,0,0,0,8,9,8,,,0,0,0,8,0,0,0,0,0,0,0,0,0,0,996,,,,,,,,,,,,,,,,,,,,,,,,,,,,,,0,0,0,0,1,1,1,1,1,0,0,0,0,0,0,0,1,0,0,1,0,0,0,0,0,1,0,0,0,1,1,1,0,0,0,,0,0,0,0,0,0,0,0,0,0,0,0,0,0,0,0,,,,,,56-60,56-65,Interstate,U,Sunday,Belt Used,PV,Not Fatal,0,0,0,0,State Route,State Patrol,Washington State Patrol Headquarter,0,1,0,0,0,,,,,,,,,,,,,,,,,,,,,,,,,,,,,,,,,,,,,,,,,,,
2017,469,632975,2,11-05-2017,14:45,5,11,Nov,0,61,Snohomish,0,10,0,1,2,2,1,0,7,3,14:43,15:11,15:42,12,0,1,Front-to-Rear,22.2,8,0,1,No intersection,4,1,1,3,0,0,0,0,SR-203,,-121.9702806,47.82906389,98272,0,2,21,Others,53,3,55,14,0,0,1,2,12,1,1,2,1,5,Others,2,1,53,,0,58,37,2007,0,0,12,,,,,,1,1,57,2,7,1,4,7,20,0,11,0,11-12-2017,23:40,69053049497,49497,0,0,0,3,1,0,0,0,0,96,,,,,,9,,,,,,98203,53,66,120,6,1,0,0,0,0,0,0,,,,,,0,,,1,1,9,0,0,1,8,,,0,0,0,8,1,2,605,0,0,1,0,0,2,1,0.14,,,,,,,,,,,,,,,,,,,,,,,,,,,,,,0,0,0,0,1,1,1,1,1,0,0,0,0,0,0,0,1,0,0,1,0,0,0,0,0,1,0,0,0,1,1,1,0,1,0,,1,0,0,0,0,1,1,1,0,0,0,0,0,0,0,1,,,,,,56-60,56-65,Interstate,U,Sunday,Not Used,PV,White,0,0,0,0,State Route,State Patrol,Washington State Patrol Headquarter,0,1,0,0,0,thc,33,carboxy-thc,96,,,,,,,,,,,,,,,,,,,,,,,,,,,,,,,,,,,,,,,
2017,469,632974,2,11-05-2017,14:45,5,11,Nov,0,61,Snohomish,0,10,0,1,2,2,1,0,7,3,14:43,15:11,15:42,12,0,1,Front-to-Rear,22.2,8,0,1,No intersection,4,1,1,3,0,0,0,0,SR-203,,-121.9702806,47.82906389,98272,0,1,20,Others,50,3,55,61,0,0,1,2,12,1,1,2,1,1,Going Straight,1,3,53,,0,82,881,2015,0,0,12,8,14,14,12,,1,1,68,1,0,0,0,0,3,0,11,0,,,,,99,9,9,9,1,0,0,0,0,93,,,,,,0,,,,,,0,95,,999,9,9,99,99,99,99,99,97,,,,,,0,,,20,0,0,0,8,9,2,,,0,0,0,0,0,0,0,0,0,0,0,0,0,0,996,,,,,,,,,,,,,,,,,,,,,,,,,,,,,,0,0,0,0,1,1,1,1,1,0,0,0,0,0,0,0,1,0,0,1,0,0,0,0,0,1,0,0,0,1,1,1,0,0,0,,0,0,0,0,0,0,0,0,1,0,0,0,0,0,0,0,,,,,,66-70,66-75,Interstate,U,Sunday,,MHTRUCK,Not Fatal,0,0,0,0,State Route,State Patrol,Washington State Patrol Headquarter,0,1,0,0,0,,,,,,,,,,,,,,,,,,,,,,,,,,,,,,,,,,,,,,,,,,,
2021,470,636086,6,11-06-2021,15:50,6,11,Nov,,7,Chelan,0,10,,1,2,2,1,0,5,3,,,,12,0,6,Angle,154.1,1,0,1,No intersection,3,1,1,2,0,0,0,0,US-097,,-120.60225,47.38725,,0,3,98,Others,62,4,60,34,0,0,1,5,54,3,2,3,1,14,Making a U turn,2,1,53,,0,7,482,2005,0,0,8,,,,,,1,1,61,1,0,0,0,0,3,0,11,0,,,,,0,0,0,3,1,0,0,0,0,0,,,,,,0,,,,,,99352,53,72,250,6,1,0,0,0,0,0,0,,,,,,0,,,20,0,0,0,8,3,8,,,0,0,0,8,0,8,95,0,0,6,0,0,8,95,995,,,,,,,,,,,,,,,,,,,,,,,,,,,,,,0,0,0,0,0,0,0,0,0,0,0,0,0,0,0,0,0,0,0,0,0,0,0,0,0,0,0,0,0,0,0,1,0,0,0,,0,0,0,0,0,0,0,0,0,0,0,0,0,0,0,0,,,,,,61-65,56-65,County road,U,Sunday,Belt Used,PV,Not Fatal,0,0,0,0,County Road,County Sheriff,Benton County Sheriff's Office,0,0,1,0,0,,,,,,,,,,,,,,,,,,,,,,,,,,,,,,,,,,,,,,,,,,,
2021,470,636085,6,11-06-2021,15:50,6,11,Nov,,7,Chelan,0,10,,1,2,2,1,0,5,3,,,,12,0,6,Angle,154.1,1,0,1,No intersection,3,1,1,2,0,0,0,0,US-097,,-120.60225,47.38725,,0,2,98,Others,62,4,60,34,0,0,1,2,12,3,2,3,1,14,Making a U turn,2,1,53,,0,7,482,2005,0,0,68,64,38,19,,,1,1,47,1,7,1,4,7,99,0,11,0,11/15/2017,19:05,1.66E+11,49520,0,0,0,3,1,0,0,0,0,0,,,,,,99,,,,,,99301,53,70,225,6,1,0,0,0,1,0,0,,,,,,0,07-15-2017,07-15-2017,1,0,0,0,0,9,8,,,0,0,0,8,9,2,1,0,0,1,0,0,2,1,0,,,,,,,,,,,,,,,,,,,,,,,,,,,,,,0,0,0,0,0,0,0,0,0,0,0,0,0,0,0,0,0,0,0,0,0,0,0,0,0,0,0,0,0,0,0,0,0,0,0,,0,0,0,0,0,0,0,0,0,0,0,0,0,0,0,0,,,,,,46-50,46-55,City street,U,Wednesday,Unknown,PV,White,0,1,0,0,City Street,Municipal/City Police,Pasco Police Department,1,0,0,1,0,,,,,,,,,,,,,,,,,,,,,,,,,,,,,,,,,,,,,,,,,,,
2021,470,636084,6,11-06-2021,15:50,6,11,Nov,,7,Chelan,0,10,,1,2,2,1,0,5,3,,,,12,0,6,Angle,154.1,1,0,1,No intersection,3,1,1,2,0,0,0,0,US-097,,-120.60225,47.38725,,0,1,98,Others,9,1,60,6,0,0,1,2,12,2,2,3,1,14,Making a U turn,1,2,53,,0,59,401,2001,0,0,7,,,,,,1,1,34,2,7,2,4,7,3,0,11,0,11/13/2017,18:06,1.83E+11,50261,0,0,3,3,1,0,0,0,0,0,,,,,,99,,,,,,98058,53,67,140,6,1,0,0,0,1,0,0,,,,,,0,08-15-2016,08-15-2016,20,0,0,1,0,9,8,,,0,0,0,8,9,2,1,0,0,1,0,0,2,1,0,,,,,,,,,,,,,,,,,,,,,,,,,,,,,,0,0,0,0,0,0,0,0,0,0,0,0,0,0,0,0,0,0,0,0,0,0,0,0,0,0,0,0,0,1,0,0,0,0,0,,1,0,0,0,0,0,0,0,0,0,0,0,0,0,0,0,,,,,,31-35,26-35,County road,U,Monday,Belt Used,PV,Black,0,0,0,0,County Road,County Sheriff,King County Police,0,0,1,0,0,,,,,,,,,,,,,,,,,,,,,,,,,,,,,,,,,,,,,,,,,,,
2020,470,635269,25,08-19-2020,18:02,19,8,Aug,,33,King,0,1,,1,1,2,1,0,3,1,,,,38,0,0,No vehicle,0,3,0,3,T Intersection,5,2,2,4,0,0,0,0,CR-SE 192ND ST,148TH AVE SE,-122.1439667,47.43035278,98058,0,1,1,Driver Off Road,80,5,40,4,0,0,1,2,42,1,1,2,1,1,Going Straight,3,1,53,,0,36,38,2013,0,0,64,25,50,,,,1,1,22,1,7,78,4,7,3,0,11,0,11/15/2017,02:19,2.31E+11,49914,0,0,0,3,1,0,0,0,0,96,,,,,,9,,,,,,98030,53,64,135,6,1,0,0,0,0,0,0,,,,,,3,,,8,0,0,1,0,9,8,,,0,0,0,8,1,2,1,0,0,1,0,0,2,1,0.24,,,,,,,,,,,,,,,,,,,,,,,,,,,,,,0,0,0,0,1,1,0,1,0,0,0,0,1,0,0,0,0,0,0,0,0,0,0,1,1,0,0,0,0,1,0,0,0,0,0,,1,0,0,0,0,1,0,1,0,1,0,0,0,1,0,1,,,,,,21-25,16-25,City street,U,Wednesday,Belt Used,PV,API,0,1,0,0,State Route,Municipal/City Police,Tukwila Police Department,1,1,0,0,0,,,,,,,,,,,,,,,,,,,,,,,,,,,,,,,,,,,,,,,,,,,
2019,470,634560,55,12-31-2019,18:42,31,12,Dec,,33,King,100,2,0,3,2,2,1,0,1,1,,,,33,0,0,No vehicle,0,3,0,2,4 Way,7,2,4,6,0,0,0,0,AUBURN WAY N,D ST NE,-122.2253639,47.34966944,98071,0,1,2,Control/Traction Loss,8,1,35,4,0,0,1,7,33,1,1,5,1,1,Going Straight,1,1,53,,0,2,404,1999,0,0,8,,,,,,1,1,49,1,0,0,0,0,3,0,11,0,,,,,0,0,3,2,1,0,0,0,0,0,,,,,,0,,,,,,98405,53,69,245,3,1,0,2,5,2,1,99,,,,,,0,02-15-2014,04-15-2017,20,0,0,0,8,9,8,,,0,0,0,8,0,9,999,0,0,9,0,0,9,99,999,,,,,,,,,,,,,,,,,,,,,,,,,,,,,,0,0,0,0,0,0,0,0,0,1,0,1,0,1,0,0,0,0,0,0,0,0,0,0,0,0,0,0,0,1,0,1,0,0,0,,0,0,0,0,0,0,0,0,0,0,0,1,0,0,0,0,,,,,,46-50,46-55,State route,U,Thursday,Belt Used,PV,Not Fatal,0,0,0,0,State Route,State Patrol,Washington State Patrol Headquarter,0,1,0,0,0,,,,,,,,,,,,,,,,,,,,,,,,,,,,,,,,,,,,,,,,,,,
2018,470,633767,42,12-17-2018,21:23,17,12,Dec,0,67,Thurston,0,2,0,2,2,2,1,1,4,1,,,,8,0,0,No vehicle,11.1,1,0,1,No intersection,5,1,2,4,0,0,0,0,CR-LITTLEROCK RD SW,,-122.9762333,46.9497,98512,0,1,13,Pedestrian/Animal,80,5,50,15,1,0,1,5,8,1,1,2,1,1,Going Straight,4,1,53,,0,22,16,2001,0,0,12,,,,,,1,1,57,2,7,1,4,7,3,0,11,0,11-05-2017,16:54,2.00E+11,47757,0,0,0,0,1,0,0,0,0,0,,,,,,0,,,,,,98367,53,63,140,0,0,0,0,0,0,0,0,,,,,,0,,,1,0,0,0,0,9,8,,,0,0,0,8,9,2,401,417,0,1,1,0,2,1,0,,,,,,,,,,,,,,,,,,,,,,,,,,,,,,0,0,0,0,1,1,1,1,0,0,0,0,0,1,0,0,0,0,0,0,0,0,0,0,0,0,0,0,0,1,0,0,0,0,0,,1,0,0,0,0,0,1,1,0,0,0,1,0,0,1,0,,,,,,56-60,56-65,State route,U,Sunday,Belt Used,PV,White,0,1,1,0,State Route,State Patrol,Washington State Patrol Headquarter,0,1,0,0,0,,,,,,,,,,,,,,,,,,,,,,,,,,,,,,,,,,,,,,,,,,,
2017,470,632947,348,11-03-2017,18:15,3,11,Nov,0,33,King,1018,10,0,3,1,2,1,1,1,1,,,,8,0,0,No vehicle,0,1,0,1,No intersection,4,2,4,6,0,0,0,0,80TH AVE NE,,-122.2336611,47.75667778,98028,0,1,13,Pedestrian/Animal,80,5,35,6,0,0,1,5,8,1,1,2,1,1,Going Straight,1,3,53,,0,63,38,2017,0,0,63,12,,,,,1,1,55,1,0,0,3,0,3,0,11,5,,,,,0,0,0,3,1,28,0,0,0,96,,,,,,9,,,,,,98584,53,70,180,6,1,0,0,0,1,0,97,,,,,,0,03-15-2013,03-15-2013,8,0,0,0,8,9,8,,,0,0,0,8,1,2,1,0,0,1,0,0,2,1,0.38,,,,,,,,,,,,,,,,,,,,,,,,,,,,,,0,0,0,0,1,1,1,1,0,0,0,0,0,1,0,0,0,0,0,0,0,0,0,0,0,0,0,0,0,1,0,0,0,0,0,,0,0,0,0,0,1,0,1,0,0,0,0,0,1,0,1,,,,,,51-55,46-55,State route,U,Sunday,Belt Used,PV,Not Fatal,0,1,1,0,State Route,State Patrol,Washington State Patrol Headquarter,0,1,0,0,0,,,,,,,,,,,,,,,,,,,,,,,,,,,,,,,,,,,,,,,,,,,
2021,471,635867,14,08-30-2021,14:16,30,8,Aug,,11,Clark,0,10,,1,1,2,1,0,3,2,,,,12,0,6,Angle,2,2,0,2,4 Way,5,1,2,4,0,0,0,0,CR-NE 259TH ST,NE 29TH AVE,-122.6408472,45.80878333,98642,0,2,88,Striking from the Left,66,4,50,66,0,0,1,5,12,1,1,2,1,1,Going Straight,2,3,53,,0,37,403,2003,0,0,63,8,14,,,,1,1,45,1,0,0,0,0,3,0,11,0,,,,,0,0,3,3,1,0,0,0,0,93,,,,,,99,,,,,,98109,53,69,175,6,1,0,1,0,0,1,97,,,,,,0,04-15-2013,07-15-2013,1,0,0,0,8,9,8,,,0,0,0,8,9,0,0,0,0,0,0,0,0,0,996,,,,,,,,,,,,,,,,,,,,,,,,,,,,,,0,0,0,0,0,0,0,0,0,0,0,0,0,0,0,0,1,0,0,0,0,0,0,0,0,0,0,0,0,1,0,1,0,0,0,,0,0,0,0,0,0,0,0,1,0,0,0,0,0,0,0,,,,,,41-45,36-45,Interstate,U,Sunday,Belt Used,PV,Not Fatal,0,0,0,0,State Route,State Patrol,Washington State Patrol Headquarter,0,1,0,0,0,,,,,,,,,,,,,,,,,,,,,,,,,,,,,,,,,,,,,,,,,,,