year,something,Cases,repjur,crash_dt,crash_tm,accday,Month,Month,holiday,county,co_char,city,weather,weather2,lightcond,surfcond,surftype,Number of Fatalities,nmforms,pforms,vforms,not_tm,arr_tm,hosp_tm,fhevent,hitrun,Manner of Collision,Manner of Collision,milepnt,reljunc,reljuncinter,intersectiontype,Intersection Type,funcsystem,landuse,ownership,route,schlbus,spejur,contdev,devfunc,trafid1,trafid2,x,y,zipcode,wk_zone,vnumber,crashtype,Crash Type,criticalevent,criticaleventcat,spdlim,body,trailer,emerg,hazcargo,leave,mhevent,roadalgn,roadprof,traflane,trafflow,Vehicle Manure,Vehicle Manure,numoccs,regowner,regstate,,spuse,make,model,modelyr,vrf1,vrf2,seqevent1,seqevent2,seqevent3,seqevent4,seqevent5,seqevent6,pnumber,ptype,age,sex,hispanic,race,injury,diedscene,restraint,restraintmisuse,seatpos,takehosp,death_dt,death_tm,cert,cernum_wa,commlic,licendor,licrestrict,liccomp,drivpres,drf1,drf2,drf3,drf4,distract1,distract2,distract3,distract4,distract5,distract6,dricond1,dricond2,dricond3,dricond4,dricond5,dricond6,dzip,licstate,drhgt_in,weight,noncdl,noncdltype,prevdwi,prevoth,prevacc,prevspd,prevsus,driviol1,driviol2,driviol3,driviol4,driviol5,driviol6,spdrel,first_dt,last_dt,airbag,ejection,ejectpath,extricat,injurwrk,methalc,methdrug,nmlocat,strikveh,prf1,prf2,prf3,druginv,alcinvol,drugsts,drugres1,drugres2,drugres3,drugtst1,drugtst2,drugtst3,alcsts,alctst,alcres,nmact1,nmact2,nmact3,nmact4,nmact5,nmact6,nmprior1,nmprior2,nmprior3,nmprior4,nmprior5,nmprior6,nmcond1,nmcond2,nmcond3,nmcond4,nmcond5,nmcond6,nmsafe_helmet,nmsafe_pads,nmsafe_oth,nmprev_ref,nmprev_lgt,nmprev_oth,crashlocation,nmcrashtype,crosswalk,schoolzone,sidewalk,train_inv,wildlife_inv,rotr_fars,intersect_fars,Drink and Drive,aid_inv,Drug Positive Drivers,Impaired Drivers,Marijuana Positive,impnm_inv,ainm_inv,dpnm_inv,speed_inv,unlic_inv,unendmc_inv,drowsy_inv,drdist_inv,nmdist_inv,fty_inv,unrestfat_inv,dr1617_inv,dr1820_inv,dr1620_inv,dr2125_inv,dr1625_inv,dr65_inv,dr70_inv,dr75_inv,mc_inv,pv_inv,ht_inv,ped_inv,bike_inv,unrest_fat,mc_fat,unhelmet_mc,pv_fat,ht_fat,ped_fat,bike_fat,dr_alc7,dr_alc8,dr_drug,dr_imp,dr_dist,dr_spd,dr_fty,dr_unlic,dr_alc7only,dr_alc8only,dr_drugonly,dr_drink,nm_imp,nm_alc7,nm_alc8,nm_drug,nm_dist,agegrp1,agegrp2,roadclass,urbrur,dayweek,restuse,vehtype,race_me,intersect,lanedep,oppdir,wrongway,rep_typ,investag,repag_long,rotr,st_rd,cty_rd,city_rd,oth_rd,drug_thc,thc_res,drug_cthc,cthc_res,drug_cann,prevpersemin,prevperse,prevsusoth,drugtst4,drugtst5,drugtst6,drugtst7,drugtst8,drugres4,drugres5,drugres6,drugres7,drugres8,adspresent,adsengaged,adslevel,race1,race2,race3,race4,race5,helmet,helmetmisuse,nmdistract1,nmdistract2,nmdistract3,nmdistract4,nmdistract5,nmdistract6,lab,isedtcase,crf1,crf2,crf3,CoRoadName,CoMP,IntCoRoadName,IntCoMP
2021,471,635866,14,08-30-2021,14:16,30,8,Aug,,11,Clark,0,10,,1,1,2,1,0,3,2,,,,12,0,6,Angle,2,2,0,2,4 Way,5,1,2,4,0,0,20,3,CR-NE 259TH ST,NE 29TH AVE,-122.6408472,45.80878333,98642,0,1,89,Others,17,2,40,4,0,0,1,2,12,1,1,2,1,4,Others,1,2,53,,0,99,999,9999,0,0,8,,,,,,1,1,999,9,0,0,0,0,99,0,11,0,,,,,99,9,9,9,1,0,0,0,0,99,,,,,,99,,,,,,99999,99,,999,9,9,99,99,99,99,99,0,,,,,,0,,,99,0,0,0,8,9,8,,,0,0,0,9,9,0,0,0,0,0,0,0,0,0,996,,,,,,,,,,,,,,,,,,,,,,,,,,,,,,0,0,0,1,0,0,0,0,0,1,0,1,0,0,0,0,0,0,0,0,0,0,0,0,0,0,0,0,0,0,0,1,0,0,0,,0,0,0,0,0,0,0,0,0,0,0,0,0,0,0,0,,,,,,,,City street,U,Saturday,,NR-U,Not Fatal,1,0,0,0,City Street,Municipal/City Police,Spokane Police Department,0,0,0,1,0,,,,,,,,,,,,,,,,,,,,,,,,,,,,,,,,,,,,,,,,,,,
2020,471,635281,59,11-30-2020,17:19,30,11,Nov,,33,King,109,1,,5,1,2,1,1,2,1,17:21,17:27,17:52,8,0,0,No vehicle,0,1,0,1,No intersection,4,2,4,6,0,0,0,0,NE 8TH ST,,-122.1262139,47.61697778,98008,0,1,13,Pedestrian/Animal,80,5,30,4,0,0,1,2,8,1,2,3,5,1,Going Straight,2,1,53,,0,12,37,2005,0,0,68,64,30,1,,,1,1,33,1,7,1,4,7,20,0,11,0,10/30/2017,19:32,47053047236,47236,0,0,0,3,1,0,0,0,0,96,,,,,,9,,,,,,98239,53,65,130,6,1,0,0,0,0,0,0,,,,,,4,,,1,0,0,0,0,9,8,,,0,0,0,8,1,2,1,0,0,1,0,0,2,1,0.16,,,,,,,,,,,,,,,,,,,,,,,,,,,,,,0,0,1,0,1,1,0,1,0,0,0,0,1,0,0,0,0,0,0,1,0,0,0,0,0,0,0,0,0,1,0,0,0,1,0,,1,0,0,0,0,1,0,1,0,1,0,0,0,1,0,1,,,,,,31-35,26-35,County road,R,Monday,Not Used,PV,White,0,1,0,0,County Road,State Patrol,Washington State Patrol Headquarter,1,0,1,0,0,,,,,,,,,,,,,,,,,,,,,,,,,,,,,,,,,,,,,,,,,,,
2019,471,634562,32,12-31-2019,21:15,31,12,Dec,,47,Okanogan,0,4,0,2,10,4,1,0,2,1,,,,1,0,0,No vehicle,0.8,1,0,1,No intersection,7,2,2,4,0,0,0,0,CR-MINERAL HILL RD,,-119.7609778,48.55285556,98819,0,1,1,Driver Off Road,13,2,35,34,0,0,1,7,1,3,2,2,1,14,Making a U turn,2,1,53,,0,35,401,1997,0,0,64,1,,,,,1,1,20,2,0,0,1,0,3,0,11,8,,,,,0,0,3,3,1,0,0,0,0,96,,,,,,9,,,,,,99301,53,65,150,6,1,0,1,1,0,0,0,,,,,,4,01-15-2016,01-15-2016,20,0,0,0,8,9,8,,,0,0,0,8,1,8,95,0,0,6,0,0,2,95,0.11,,,,,,,,,,,,,,,,,,,,,,,,,,,,,,0,0,1,0,1,1,0,1,0,0,0,0,1,0,0,0,0,0,0,0,0,1,1,0,1,0,0,0,0,1,0,0,0,0,0,,0,0,0,0,0,1,0,1,0,1,0,0,0,1,0,1,,,,,,18-20,16-25,Interstate,R,Sunday,Belt Used,PV,Not Fatal,0,0,0,0,State Route,State Patrol,Washington State Patrol Headquarter,0,1,0,0,0,,,,,,,,,,,,,,,,,,,,,,,,,,,,,,,,,,,,,,,,,,,
2018,471,633770,4,12-19-2018,07:26,19,12,Dec,0,63,Spokane,0,1,0,1,2,2,1,0,6,3,07:28,07:51,08:22,12,0,1,Front-to-Rear,266.1,3,0,2,4 Way,3,1,1,2,0,0,0,0,US-2,CHRISTENSEN RD,-117.6686028,47.64293611,99022,0,3,98,Others,62,4,55,67,0,0,1,2,12,1,1,3,1,1,Going Straight,4,1,53,,0,35,43,2001,0,0,12,8,,,,,1,1,45,1,0,0,0,0,3,0,11,0,,,,,0,0,0,3,1,0,0,0,0,96,,,,,,0,,,,,,98930,53,67,190,6,1,0,0,1,0,0,0,,,,,,4,11-15-2016,11-15-2016,1,0,0,0,8,9,8,,,0,0,0,8,0,0,0,0,0,0,0,0,0,0,996,,,,,,,,,,,,,,,,,,,,,,,,,,,,,,0,0,0,0,0,0,0,0,0,1,1,0,1,0,0,0,0,0,0,0,0,0,0,0,0,0,0,0,0,1,0,1,0,0,0,,0,0,0,0,0,0,0,0,0,1,0,0,0,0,0,0,,,,,,41-45,36-45,Interstate,R,Sunday,Belt Used,PV,Not Fatal,0,0,0,0,State Route,State Patrol,Washington State Patrol Headquarter,0,1,0,0,0,,,,,,,,,,,,,,,,,,,,,,,,,,,,,,,,,,,,,,,,,,,
2018,471,633769,4,12-19-2018,07:26,19,12,Dec,0,63,Spokane,0,1,0,1,2,2,1,0,6,3,07:28,07:51,08:22,12,0,1,Front-to-Rear,266.1,3,0,2,4 Way,3,1,1,2,0,0,0,0,US-2,CHRISTENSEN RD,-117.6686028,47.64293611,99022,0,2,21,Others,60,4,55,14,0,0,1,2,12,1,1,3,1,5,Others,1,1,53,,0,37,32,1998,0,0,12,,,,,,1,1,47,1,0,0,0,0,3,0,11,0,,,,,0,0,0,3,1,0,0,0,0,96,,,,,,0,,,,,,99350,53,68,175,6,1,0,0,0,0,0,0,,,,,,4,,,20,0,0,0,8,9,8,,,0,0,0,8,0,0,0,0,0,0,0,0,0,0,996,,,,,,,,,,,,,,,,,,,,,,,,,,,,,,0,0,0,0,0,0,0,0,0,1,1,0,1,0,0,0,0,0,0,0,0,0,0,0,0,0,0,0,0,1,0,1,0,0,0,,0,0,0,0,0,0,0,0,0,1,0,0,0,0,0,0,,,,,,46-50,46-55,Interstate,R,Sunday,Belt Used,PV,Not Fatal,0,0,0,0,State Route,State Patrol,Washington State Patrol Headquarter,0,1,0,0,0,,,,,,,,,,,,,,,,,,,,,,,,,,,,,,,,,,,,,,,,,,,
2018,471,633768,4,12-19-2018,07:26,19,12,Dec,0,63,Spokane,0,1,0,1,2,2,1,0,6,3,07:28,07:51,08:22,12,0,1,Front-to-Rear,266.1,3,0,2,4 Way,3,1,1,2,0,0,0,0,US-2,CHRISTENSEN RD,-117.6686028,47.64293611,99022,0,1,20,Others,10,2,55,20,0,0,1,2,12,1,1,3,1,1,Going Straight,1,2,53,,0,58,37,2005,0,0,12,,,,,,1,1,22,1,0,0,1,0,20,0,11,8,,,,,0,0,0,3,1,0,0,0,0,0,,,,,,0,,,,,,98311,53,68,180,6,1,0,0,0,3,0,0,,,,,,0,06-15-2014,12-15-2016,8,0,0,0,8,9,8,,,0,0,0,8,0,0,0,0,0,0,0,0,0,0,996,,,,,,,,,,,,,,,,,,,,,,,,,,,,,,0,0,0,0,0,0,1,1,0,0,0,0,0,0,0,0,1,0,0,1,0,1,1,1,1,0,0,0,0,1,0,0,0,0,0,,0,0,0,0,0,0,0,0,0,0,0,0,0,0,0,0,,,,,,21-25,16-25,County road,U,Thursday,Not Used,PV,Not Fatal,0,1,0,0,County Road,County Sheriff,Kitsap County Sheriff's Office,1,0,1,0,0,,,,,,,,,,,,,,,,,,,,,,,,,,,,,,,,,,,,,,,,,,,
2017,471,632965,3,11-09-2017,18:12,9,11,Nov,0,53,Pierce,0,2,0,3,2,2,1,1,1,1,18:10,18:14,,8,0,0,No vehicle,52,1,0,1,No intersection,3,2,1,3,0,0,0,0,SR-7,,-122.4342111,47.16280556,98444,0,1,13,Pedestrian/Animal,80,5,35,14,0,0,1,5,8,1,1,5,5,1,Going Straight,1,1,53,,0,34,39,1997,0,0,68,64,24,69,12,,1,1,18,1,7,1,4,7,20,0,11,0,11-09-2017,11:34,53048568,48568,0,0,3,3,1,28,0,0,0,6,,,,,,99,,,,,,22031,51,66,130,6,1,0,0,0,0,0,0,,,,,,0,,,1,0,0,0,0,9,8,,,0,0,0,8,9,2,387,0,0,1,0,0,2,1,0,,,,,,,,,,,,,,,,,,,,,,,,,,,,,,0,0,0,0,0,0,1,1,0,0,0,0,0,0,0,0,1,0,0,1,0,1,1,1,1,0,0,0,0,1,0,0,0,1,0,,1,0,0,0,0,0,1,1,1,0,0,0,0,0,1,0,,,,,,18-20,16-25,County road,U,Thursday,Not Used,PV,White,0,1,0,0,County Road,County Sheriff,Kitsap County Sheriff's Office,1,0,1,0,0,,,,,,,,,,,,,,,,,,,,,,,,,,,,,,,,,,,,,,,,,,,
2020,472,635259,7,12-01-2020,23:35,1,12,Dec,,33,King,1640,1,,3,1,2,2,0,7,7,,,,12,0,2,Front-to-Front,13.2,1,0,1,No intersection,3,2,1,3,0,0,0,0,SR-167,,-122.2607278,47.26889167,98047,0,7,98,Others,98,7,60,4,0,0,1,5,54,1,1,2,3,1,Going Straight,1,2,53,,0,55,35,2008,0,0,8,63,19,,,,1,1,34,2,0,0,0,0,20,0,11,0,,,,,0,0,0,3,1,0,0,0,0,12,,,,,,0,,,,,,99204,53,65,120,6,2,0,0,0,0,0,97,,,,,,0,,,20,0,0,0,8,9,2,,,0,0,0,0,0,0,0,0,0,0,0,0,0,0,996,,,,,,,,,,,,,,,,,,,,,,,,,,,,,,0,0,0,0,0,0,0,0,0,1,1,0,0,0,0,0,1,1,0,0,0,0,0,0,0,0,0,0,0,1,0,1,0,0,0,,0,0,0,0,0,0,0,0,1,0,0,0,0,0,0,0,,,,,,31-35,26-35,City street,U,Saturday,Not Used,PV,Not Fatal,0,0,0,0,City Street,Municipal/City Police,Spokane Police Department,0,0,0,1,0,,,,,,,,,,,,,,,,,,,,,,,,,,,,,,,,,,,,,,,,,,,
2020,472,635258,7,12-01-2020,23:35,1,12,Dec,,33,King,1640,1,,3,1,2,2,0,7,7,,,,12,0,2,Front-to-Front,13.2,1,0,1,No intersection,3,2,1,3,0,0,0,0,SR-167,,-122.2607278,47.26889167,98047,0,6,98,Others,98,7,60,4,0,0,1,2,54,1,1,2,3,1,Going Straight,1,1,53,,0,99,739,2004,0,0,63,1,,,,,1,1,80,1,7,1,4,0,17,0,11,1,11/19/2017,00:01,1.65E+11,31586,0,0,0,1,1,0,0,0,0,96,,,,,,0,,,,,,97058,41,61,260,6,1,0,0,0,0,0,0,,,,,,0,,,20,1,9,0,0,9,8,,,0,0,0,8,0,0,0,0,0,0,0,0,0,0,996,,,,,,,,,,,,,,,,,,,,,,,,,,,,,,0,0,1,0,0,0,0,0,0,0,0,0,0,0,0,0,0,0,0,0,0,0,0,0,0,1,1,1,0,0,0,0,0,0,0,,0,0,0,0,0,0,0,0,0,0,0,0,0,0,0,0,,,,,,76-80,76+,County road,R,Tuesday,,OTHVT,White,0,1,0,0,County Road,County Sheriff,Klickitat County Sheriff's Office,1,0,1,0,0,,,,,,,,,,,,,,,,,,,,,,,,,,,,,,,,,,,,,,,,,,,
2020,472,635257,7,12-01-2020,23:35,1,12,Dec,,33,King,1640,1,,3,1,2,2,0,7,7,,,,12,0,2,Front-to-Front,13.2,1,0,1,No intersection,3,2,1,3,0,0,0,0,SR-167,,-122.2607278,47.26889167,98047,0,5,98,Others,98,7,60,34,0,0,1,5,54,1,1,2,3,1,Going Straight,1,2,53,,0,20,25,2014,0,0,68,64,18,,,,1,1,89,2,7,1,4,7,3,0,11,0,10/31/2017,08:00,53047708,47708,0,0,1,3,1,0,0,0,0,92,,,,,,99,,,,,,98359,53,62,122,6,1,0,0,0,0,0,0,,,,,,0,,,1,0,0,1,0,9,8,,,0,0,0,8,9,2,1,0,0,1,0,0,2,1,0,,,,,,,,,,,,,,,,,,,,,,,,,,,,,,0,0,1,0,0,0,0,0,0,0,0,0,0,0,0,0,1,0,0,0,0,0,0,0,0,1,1,1,0,1,0,0,0,0,0,,1,0,0,0,0,0,0,0,1,0,0,0,0,0,0,0,,,,,,81+,76+,County road,R,Tuesday,Belt Used,PV,White,0,1,0,0,County Road,County Sheriff,Kitsap County Sheriff's Office,1,0,1,0,0,,,,,,,,,,,,,,,,,,,,,,,,,,,,,,,,,,,,,,,,,,,
2020,472,635256,7,12-01-2020,23:35,1,12,Dec,,33,King,1640,1,,3,1,2,2,0,7,7,,,,12,0,2,Front-to-Front,13.2,1,0,1,No intersection,3,2,1,3,0,0,0,0,SR-167,,-122.2607278,47.26889167,98047,0,4,98,Others,98,7,60,66,2,0,1,2,12,1,1,2,3,1,Going Straight,1,3,53,,0,85,881,2013,0,0,12,,,,,,1,1,61,1,0,0,0,0,3,0,11,0,,,,,6,1,0,3,1,0,0,0,0,0,,,,,,0,,,,,,99344,53,70,185,6,1,0,1,1,0,0,0,,,,,,0,08-15-2013,04-15-2016,20,0,0,0,8,9,8,,,0,0,0,8,0,0,0,0,0,0,0,0,0,0,996,,,,,,,,,,,,,,,,,,,,,,,,,,,,,,0,0,0,1,0,0,0,0,0,0,0,0,0,0,0,0,1,0,0,0,0,0,0,0,0,1,1,1,0,0,1,0,0,0,0,,0,0,0,0,0,0,0,0,0,0,0,0,0,0,0,0,,,,,,61-65,56-65,US highway,R,Wednesday,,MHTRUCK,Not Fatal,1,0,0,0,State Route,State Patrol,Washington State Patrol Headquarter,0,1,0,0,0,,,,,,,,,,,,,,,,,,,,,,,,,,,,,,,,,,,,,,,,,,,
2020,472,635255,7,12-01-2020,23:35,1,12,Dec,,33,King,1640,1,,3,1,2,2,0,7,7,,,,12,0,2,Front-to-Front,13.2,1,0,1,No intersection,3,2,1,3,0,0,0,0,SR-167,,-122.2607278,47.26889167,98047,0,3,98,Others,98,7,60,66,2,0,1,5,12,1,1,2,3,1,Going Straight,1,3,53,,0,12,471,2009,0,0,12,,,,,,1,1,84,1,7,1,4,0,3,0,11,1,11-07-2017,13:00,2.11E+11,50776,0,0,0,3,1,0,0,0,0,93,,,,,,0,,,,,,99118,53,68,185,6,1,0,0,0,0,0,0,,,,,,0,,,1,0,0,0,0,9,8,,,0,0,0,8,0,0,0,0,0,0,0,0,0,0,996,,,,,,,,,,,,,,,,,,,,,,,,,,,,,,0,0,0,1,0,0,0,0,0,0,0,0,0,0,0,0,1,0,0,0,0,0,0,0,0,1,1,1,0,0,1,0,0,0,0,,0,0,0,0,0,0,0,0,1,0,0,0,0,0,0,0,,,,,,81+,76+,US highway,R,Wednesday,Belt Used,PV,White,1,0,0,0,State Route,State Patrol,Washington State Patrol Headquarter,0,1,0,0,0,,,,,,,,,,,,,,,,,,,,,,,,,,,,,,,,,,,,,,,,,,,
2020,472,635254,7,12-01-2020,23:35,1,12,Dec,,33,King,1640,1,,3,1,2,2,0,7,7,,,,12,0,2,Front-to-Front,13.2,1,0,1,No intersection,3,2,1,3,0,0,0,0,SR-167,,-122.2607278,47.26889167,98047,0,2,52,Others,54,3,60,80,0,0,1,2,12,1,1,2,3,1,Going Straight,1,3,53,,0,37,32,2009,0,0,12,,,,,,1,1,61,1,7,1,4,7,3,0,11,0,10/20/2017,15:12,1.78E+11,45475,0,0,0,3,1,0,0,0,0,0,,,,,,0,,,,,,98823,53,68,200,6,1,0,0,0,0,0,0,,,,,,0,,,8,0,0,0,0,9,8,,,0,0,0,8,0,2,1,0,0,1,0,0,2,1,0,,,,,,,,,,,,,,,,,,,,,,,,,,,,,,0,0,0,1,1,0,0,0,0,0,0,0,0,0,0,0,1,0,0,0,0,0,0,0,0,0,0,0,0,1,0,0,0,0,0,,1,0,0,0,0,0,0,0,0,0,0,0,0,0,0,0,,,,,,61-65,56-65,County road,R,Friday,Belt Used,PV,White,1,0,0,0,County Road,County Sheriff,Grant County Sheriff's Office,0,0,1,0,0,,,,,,,,,,,,,,,,,,,,,,,,,,,,,,,,,,,,,,,,,,,
2020,472,635253,7,12-01-2020,23:35,1,12,Dec,,33,King,1640,1,,3,1,2,2,0,7,7,,,,12,0,2,Front-to-Front,13.2,1,0,1,No intersection,3,2,1,3,0,0,0,0,SR-167,,-122.2607278,47.26889167,98047,0,1,52,Others,54,3,98,34,0,0,1,2,12,1,1,2,3,1,Going Straight,1,2,53,,0,20,37,1998,0,0,12,,,,,,1,1,32,1,0,0,3,0,3,0,11,8,,,,,0,0,0,3,1,0,0,0,0,5,93,,,,,9,,,,,,99357,53,66,160,6,1,0,3,0,3,0,0,,,,,,0,11-15-2016,10-15-2017,99,0,0,0,8,9,8,,,0,0,0,8,1,8,95,0,0,6,0,0,2,95,997,,,,,,,,,,,,,,,,,,,,,,,,,,,,,,0,0,0,1,1,0,0,0,0,0,0,0,0,0,0,0,1,0,0,0,0,0,0,0,0,0,0,0,0,1,0,0,0,0,0,,0,0,0,0,0,0,0,0,1,0,0,0,0,0,0,1,,,,,,31-35,26-35,County road,R,Friday,Belt Used,PV,Not Fatal,1,0,0,0,County Road,County Sheriff,Grant County Sheriff's Office,0,0,1,0,0,,,,,,,,,,,,,,,,,,,,,,,,,,,,,,,,,,,,,,,,,,,
2019,472,634505,297,12-11-2019,18:35,11,12,Dec,,33,King,2310,2,0,3,6,2,1,1,3,2,,,,8,0,0,No vehicle,0,3,0,2,4 Way,7,2,4,6,0,0,0,0,S 124TH ST,46TH AVE S,-122.276,47.49231667,98178,0,2,98,Others,98,7,25,34,0,0,1,5,8,1,1,2,1,1,Going Straight,1,1,53,,0,63,36,2008,0,0,8,,,,,,1,1,58,1,0,0,0,0,3,0,11,0,,,,,0,0,0,3,1,0,0,0,0,0,,,,,,0,,,,,,98028,53,67,155,6,1,0,2,1,1,0,0,,,,,,0,12-15-2012,12-15-2014,20,0,0,0,8,9,2,,,0,0,0,0,0,0,0,0,0,0,0,0,0,0,996,,,,,,,,,,,,,,,,,,,,,,,,,,,,,,0,0,0,0,0,0,0,0,0,1,0,1,0,0,0,0,0,0,0,0,0,0,0,0,0,0,0,0,0,1,0,1,0,0,0,,0,0,0,0,0,0,0,0,0,0,0,0,0,0,0,0,,,,,,56-60,56-65,City street,U,Friday,Belt Used,PV,Not Fatal,1,0,0,0,City Street,Municipal/City Police,Kenmore Police Dept,0,0,0,1,0,,,,,,,,,,,,,,,,,,,,,,,,,,,,,,,,,,,,,,,,,,,
2019,472,634504,297,12-11-2019,18:35,11,12,Dec,,33,King,2310,2,0,3,6,2,1,1,3,2,,,,8,0,0,No vehicle,0,3,0,2,4 Way,7,2,4,6,0,0,0,0,S 124TH ST,46TH AVE S,-122.276,47.49231667,98178,0,1,13,Pedestrian/Animal,80,5,25,4,0,0,1,5,8,1,1,2,1,1,Going Straight,2,1,53,,0,49,43,1996,0,0,10,,,,,,1,1,29,1,6,3,4,7,20,0,11,0,10/27/2017,09:26,28053046833,46833,0,0,0,0,1,38,0,0,0,93,,,,,,99,,,,,,98404,53,74,275,0,0,0,0,0,0,7,0,,,,,,0,05-15-2013,07-15-2017,20,0,0,0,0,9,8,,,0,0,0,8,9,2,401,417,0,1,1,0,2,1,0,,,,,,,,,,,,,,,,,,,,,,,,,,,,,,1,0,0,0,0,0,1,1,0,0,0,0,0,1,0,0,1,0,1,1,0,0,0,0,0,0,0,0,0,1,0,0,0,1,0,,1,0,0,0,0,0,1,1,1,0,1,1,0,0,1,0,,,,,,26-30,26-35,City street,U,Friday,Not Used,PV,Hispanic,1,0,0,0,Other,County Sheriff,Cowlitz County Sheriff's Office,0,0,0,0,1,,,,,,,,,,,,,,,,,,,,,,,,,,,,,,,,,,,,,,,,,,,
2017,472,632951,4,11-01-2017,08:50,1,11,Nov,0,65,Stevens,0,3,0,1,2,2,1,0,2,2,09:32,10:12,11:12,12,0,6,Angle,243.9,2,0,2,4 Way,3,1,1,2,0,0,20,3,US-395,SR-25,-118.07495,48.60632222,99141,0,2,87,Others,66,4,55,66,2,0,1,5,12,8,8,2,1,3,Others,1,3,53,,0,87,884,2003,0,0,12,12,,,,,1,1,54,1,0,0,0,0,3,0,11,0,,,,,6,1,3,3,1,0,0,0,0,0,,,,,,0,,,,,,98383,53,71,205,6,1,0,0,0,0,0,0,,,,,,0,,,20,0,0,0,8,9,8,,,0,0,0,8,0,0,0,0,0,0,0,0,0,0,996,,,,,,,,,,,,,,,,,,,,,,,,,,,,,,0,0,0,1,0,0,0,0,0,0,0,0,1,0,0,0,1,0,0,0,0,0,0,0,0,1,0,0,0,1,1,0,0,0,0,,0,0,0,0,0,0,0,0,0,0,0,0,0,0,0,0,,,,,,51-55,46-55,State route,R,Wednesday,,MHTRUCK,Not Fatal,1,0,0,0,State Route,State Patrol,Washington State Patrol Headquarter,0,1,0,0,0,,,,,,,,,,,,,,,,,,,,,,,,,,,,,,,,,,,,,,,,,,,
2017,472,632950,4,11-01-2017,08:50,1,11,Nov,0,65,Stevens,0,3,0,1,2,2,1,0,2,2,09:32,10:12,11:12,12,0,6,Angle,243.9,2,0,2,4 Way,3,1,1,2,0,0,0,0,US-395,SR-25,-118.07495,48.60632222,99141,0,1,86,Others,17,2,40,34,0,0,1,2,12,3,2,3,1,14,Making a U turn,1,1,53,,0,37,39,2009,0,0,12,68,12,12,,,1,1,26,2,0,0,1,0,20,0,11,5,,,,,0,0,0,3,1,0,0,0,0,0,,,,,,0,,,,,,98022,53,61,120,6,1,0,6,4,4,0,0,,,,,,0,04-15-2014,08-15-2017,20,0,0,0,8,9,8,,,0,0,0,8,0,0,0,0,0,0,0,0,0,0,996,,,,,,,,,,,,,,,,,,,,,,,,,,,,,,0,0,0,1,0,0,0,0,0,0,0,0,1,0,0,0,1,0,0,0,0,0,0,0,0,1,0,0,0,1,1,0,0,0,0,,0,0,0,0,0,0,0,0,0,0,0,0,0,0,0,0,,,,,,26-30,26-35,State route,R,Wednesday,Not Used,PV,Not Fatal,1,0,0,0,State Route,State Patrol,Washington State Patrol Headquarter,0,1,0,0,0,,,,,,,,,,,,,,,,,,,,,,,,,,,,,,,,,,,,,,,,,,,
2021,472,636087,4,11-12-2021,13:00,12,11,Nov,,19,Ferry,0,2,,1,2,2,1,0,1,1,,,,1,0,0,No vehicle,251.6,1,0,1,No intersection,3,1,1,3,0,0,0,0,SR-395,,-118.1248639,48.69541944,99151,0,1,2,Control/Traction Loss,6,1,55,4,0,0,1,2,1,1,2,2,2,1,Going Straight,1,1,99,,0,48,401,2007,0,0,12,,,,,,1,1,66,2,0,0,0,0,3,0,11,0,,,,,0,0,3,3,1,0,0,0,0,93,,,,,,0,,,,,,98022,53,62,130,6,1,0,0,0,0,0,97,,,,,,4,,,20,0,0,0,8,9,8,,,0,0,0,8,0,2,1,0,0,1,0,0,2,1,0,,,,,,,,,,,,,,,,,,,,,,,,,,,,,,0,0,0,1,0,0,0,0,0,0,0,0,1,0,0,0,1,0,0,0,0,0,0,0,0,1,0,0,0,1,1,0,0,0,0,,0,0,0,0,0,0,0,0,1,1,0,0,0,0,0,0,,,,,,66-70,66-75,State route,R,Wednesday,Belt Used,PV,Not Fatal,1,0,0,0,State Route,State Patrol,Washington State Patrol Headquarter,0,1,0,0,0,,,,,,,,,,,,,,,,,,,,,,,,,,,,,,,,,,,,,,,,,,,
2018,472,633765,7,12-18-2018,05:21,18,12,Dec,0,33,King,1030,2,0,2,2,2,1,1,1,1,,,,8,1,0,No vehicle,0,3,1,2,4 Way,3,2,1,3,0,0,3,3,SR-167 RAMP S102109,84TH AVE,-122.2280194,47.39941111,98032,0,1,13,Pedestrian/Animal,80,5,35,99,0,0,1,5,8,1,1,2,1,10,Others,99,9,99,,0,37,32,1991,0,0,12,63,30,,,,1,1,52,1,0,0,0,0,3,0,11,0,,,,,0,0,0,3,1,0,0,0,0,0,,,,,,0,,,,,,98023,53,64,165,6,1,0,0,0,0,0,0,,,,,,0,,,20,0,0,0,8,9,8,,,0,0,0,8,0,0,0,0,0,0,0,0,0,0,996,,,,,,,,,,,,,,,,,,,,,,,,,,,,,,0,0,0,0,1,1,1,1,1,0,0,0,1,1,0,0,0,0,0,0,0,0,0,0,0,0,0,0,0,1,0,0,0,0,0,,0,0,0,0,0,0,0,0,0,0,0,0,0,0,0,0,,,,,,51-55,46-55,State route,U,Monday,Belt Used,PV,Not Fatal,0,0,0,0,State Route,State Patrol,Washington State Patrol Headquarter,0,1,0,0,0,,,,,,,,,,,,,,,,,,,,,,,,,,,,,,,,,,,,,,,,,,,