year,something,Cases,repjur,crash_dt,crash_tm,accday,Month,Month,holiday,county,co_char,city,weather,weather2,lightcond,surfcond,surftype,Number of Fatalities,nmforms,pforms,vforms,not_tm,arr_tm,hosp_tm,fhevent,hitrun,Manner of Collision,Manner of Collision,milepnt,reljunc,reljuncinter,intersectiontype,Intersection Type,funcsystem,landuse,ownership,route,schlbus,spejur,contdev,devfunc,trafid1,trafid2,x,y,zipcode,wk_zone,vnumber,crashtype,Crash Type,criticalevent,criticaleventcat,spdlim,body,trailer,emerg,hazcargo,leave,mhevent,roadalgn,roadprof,traflane,trafflow,Vehicle Manure,Vehicle Manure,numoccs,regowner,regstate,,spuse,make,model,modelyr,vrf1,vrf2,seqevent1,seqevent2,seqevent3,seqevent4,seqevent5,seqevent6,pnumber,ptype,age,sex,hispanic,race,injury,diedscene,restraint,restraintmisuse,seatpos,takehosp,death_dt,death_tm,cert,cernum_wa,commlic,licendor,licrestrict,liccomp,drivpres,drf1,drf2,drf3,drf4,distract1,distract2,distract3,distract4,distract5,distract6,dricond1,dricond2,dricond3,dricond4,dricond5,dricond6,dzip,licstate,drhgt_in,weight,noncdl,noncdltype,prevdwi,prevoth,prevacc,prevspd,prevsus,driviol1,driviol2,driviol3,driviol4,driviol5,driviol6,spdrel,first_dt,last_dt,airbag,ejection,ejectpath,extricat,injurwrk,methalc,methdrug,nmlocat,strikveh,prf1,prf2,prf3,druginv,alcinvol,drugsts,drugres1,drugres2,drugres3,drugtst1,drugtst2,drugtst3,alcsts,alctst,alcres,nmact1,nmact2,nmact3,nmact4,nmact5,nmact6,nmprior1,nmprior2,nmprior3,nmprior4,nmprior5,nmprior6,nmcond1,nmcond2,nmcond3,nmcond4,nmcond5,nmcond6,nmsafe_helmet,nmsafe_pads,nmsafe_oth,nmprev_ref,nmprev_lgt,nmprev_oth,crashlocation,nmcrashtype,crosswalk,schoolzone,sidewalk,train_inv,wildlife_inv,rotr_fars,intersect_fars,Drink and Drive,aid_inv,Drug Positive Drivers,Impaired Drivers,Marijuana Positive,impnm_inv,ainm_inv,dpnm_inv,speed_inv,unlic_inv,unendmc_inv,drowsy_inv,drdist_inv,nmdist_inv,fty_inv,unrestfat_inv,dr1617_inv,dr1820_inv,dr1620_inv,dr2125_inv,dr1625_inv,dr65_inv,dr70_inv,dr75_inv,mc_inv,pv_inv,ht_inv,ped_inv,bike_inv,unrest_fat,mc_fat,unhelmet_mc,pv_fat,ht_fat,ped_fat,bike_fat,dr_alc7,dr_alc8,dr_drug,dr_imp,dr_dist,dr_spd,dr_fty,dr_unlic,dr_alc7only,dr_alc8only,dr_drugonly,dr_drink,nm_imp,nm_alc7,nm_alc8,nm_drug,nm_dist,agegrp1,agegrp2,roadclass,urbrur,dayweek,restuse,vehtype,race_me,intersect,lanedep,oppdir,wrongway,rep_typ,investag,repag_long,rotr,st_rd,cty_rd,city_rd,oth_rd,drug_thc,thc_res,drug_cthc,cthc_res,drug_cann,prevpersemin,prevperse,prevsusoth,drugtst4,drugtst5,drugtst6,drugtst7,drugtst8,drugres4,drugres5,drugres6,drugres7,drugres8,adspresent,adsengaged,adslevel,race1,race2,race3,race4,race5,helmet,helmetmisuse,nmdistract1,nmdistract2,nmdistract3,nmdistract4,nmdistract5,nmdistract6,lab,isedtcase,crf1,crf2,crf3,CoRoadName,CoMP,IntCoRoadName,IntCoMP
2021,473,636088,3,11-04-2021,23:52,4,11,Nov,,53,Pierce,0,10,,2,2,2,1,1,3,1,,,,8,0,0,No vehicle,1.8,1,0,1,No intersection,3,2,1,3,0,3,0,0,SR-167,,-122.3740611,47.2286,98443,0,1,13,Pedestrian/Animal,80,5,50,34,0,0,1,2,8,1,1,5,5,1,Going Straight,3,2,53,,0,20,404,2011,0,0,12,63,30,,,,1,1,29,1,7,1,4,7,99,0,11,0,10/23/2017,23:50,1.22E+11,46626,0,0,0,2,1,0,0,0,0,96,,,,,,9,,,,,,98036,53,68,190,1,1,0,1,0,0,0,0,,,,,,3,01-15-2013,01-15-2013,8,0,0,0,0,1,8,,,0,0,0,8,1,2,605,0,0,1,0,0,2,1,0.24,,,,,,,,,,,,,,,,,,,,,,,,,,,,,,0,0,0,0,1,1,1,1,1,0,0,0,1,1,0,0,0,0,0,0,0,0,0,0,0,0,0,0,0,1,0,0,0,0,0,,1,0,0,0,0,1,1,1,0,1,0,1,0,0,0,1,,,,,,26-30,26-35,State route,U,Monday,Unknown,PV,White,0,0,0,0,State Route,State Patrol,Washington State Patrol Headquarter,0,1,0,0,0,thc,32,carboxy-thc,29,,,,,,,,,,,,,,,,,,,,,,,,,,,,,,,,,,,,,,,
2020,473,635261,31,12-01-2020,09:10,1,12,Dec,,45,Mason,0,5,,1,4,2,1,0,2,2,09:29,09:32,10:17,12,0,2,Front-to-Front,11.3,1,0,1,No intersection,5,1,2,4,0,0,0,0,CR-W SHELTON MATLOCK RD,,-123.3028556,47.24304722,98584,0,2,51,Lateral Move(Going Straight),62,4,98,63,1,0,1,2,12,2,2,2,1,14,Making a U turn,1,3,53,,0,35,443,1997,0,0,8,,,,,,1,1,76,1,0,0,0,0,3,0,11,0,,,,,0,0,0,3,1,0,0,0,0,1,,,,,,0,,,,,,98663,53,71,215,6,1,0,0,0,0,0,0,,,,,,0,,,20,0,0,0,8,9,8,,,0,0,0,8,0,0,0,0,0,0,0,0,0,0,996,,,,,,,,,,,,,,,,,,,,,,,,,,,,,,0,0,0,0,0,0,0,0,0,0,0,0,0,0,0,0,1,0,0,0,0,0,0,0,0,1,1,1,0,1,0,1,0,0,0,,0,0,0,0,0,0,0,0,1,0,0,0,0,0,0,0,,,,,,76-80,76+,City street,U,Friday,Belt Used,PV,Not Fatal,1,0,0,0,City Street,Municipal/City Police,Vancouver Police Department,0,0,0,1,0,,,,,,,,,,,,,,,,,,,,,,,,,,,,,,,,,,,,,,,,,,,
2020,473,635260,31,12-01-2020,09:10,1,12,Dec,,45,Mason,0,5,,1,4,2,1,0,2,2,09:29,09:32,10:17,12,0,2,Front-to-Front,11.3,1,0,1,No intersection,5,1,2,4,0,0,0,0,CR-W SHELTON MATLOCK RD,,-123.3028556,47.24304722,98584,0,1,50,Lateral Move(Left/Right),10,2,98,2,0,0,1,2,12,3,2,2,1,14,Making a U turn,1,1,53,,0,99,999,9999,0,0,8,,,,,,1,1,999,9,0,0,0,0,99,0,11,0,,,,,99,9,9,9,1,0,0,0,0,99,,,,,,99,,,,,,99999,99,,999,9,9,99,99,99,99,99,0,,,,,,9,,,99,0,0,0,8,9,8,,,0,0,0,9,9,0,0,0,0,0,0,0,0,0,996,,,,,,,,,,,,,,,,,,,,,,,,,,,,,,0,0,0,0,0,0,0,0,0,1,1,1,0,0,0,0,0,0,0,0,0,0,0,0,0,0,0,0,0,0,0,1,0,0,0,,0,0,0,0,0,0,0,0,0,0,0,0,0,0,0,0,,,,,,,,City street,U,Thursday,,NR-U,Not Fatal,0,0,0,0,City Street,Municipal/City Police,Federal Way Dept of Public Safety,0,0,0,1,0,,,,,,,,,,,,,,,,,,,,,,,,,,,,,,,,,,,,,,,,,,,
2019,473,634569,2,12-22-2019,02:31,22,12,Dec,,61,Snohomish,1407,1,0,3,1,2,1,0,5,2,,,,25,0,0,No vehicle,178.7,1,0,1,No intersection,1,2,1,1,0,0,0,0,I-5,,-122.3160861,47.79163611,98043,0,2,98,Others,60,4,60,4,0,0,1,5,12,2,1,4,3,14,Making a U turn,3,1,53,,0,20,481,1989,0,0,63,42,,,,,1,1,78,1,7,1,4,0,99,0,11,5,10/18/2017,22:20,53045367,45367,0,0,0,3,1,0,0,0,0,92,,,,,,0,,,,,,98382,53,74,182,6,1,0,0,0,0,0,0,,,,,,9,,,20,0,0,0,0,9,8,,,0,0,0,9,9,2,1,0,0,1,0,0,2,1,0,,,,,,,,,,,,,,,,,,,,,,,,,,,,,,0,0,1,0,0,0,0,0,0,0,0,0,0,0,0,0,1,0,0,0,0,0,0,0,0,1,1,1,0,0,0,0,0,0,0,,0,0,0,0,0,0,0,0,1,0,0,0,0,0,0,0,,,,,,76-80,76+,County road,R,Monday,Unknown,PV,White,0,1,0,0,County Road,County Sheriff,Clallam County Sheriff's Office,1,0,1,0,0,,,,,,,,,,,,,,,,,,,,,,,,,,,,,,,,,,,,,,,,,,,
2019,473,634568,2,12-22-2019,02:31,22,12,Dec,,61,Snohomish,1407,1,0,3,1,2,1,0,5,2,,,,25,0,0,No vehicle,178.7,1,0,1,No intersection,1,2,1,1,0,0,0,0,I-5,,-122.3160861,47.79163611,98043,0,1,6,Drive off road,6,1,60,3,0,0,1,2,21,2,1,4,3,14,Making a U turn,2,1,53,,0,12,442,2000,0,0,12,63,35,,,,1,1,61,1,7,1,4,0,99,0,11,5,10/18/2017,17:30,1.70E+11,45563,0,0,0,3,1,0,0,0,0,0,,,,,,0,,,,,,98382,53,74,168,6,1,0,0,0,0,0,0,,,,,,0,,,1,0,0,1,0,9,8,,,0,0,0,8,9,2,1,0,0,1,0,0,2,1,0,,,,,,,,,,,,,,,,,,,,,,,,,,,,,,0,0,0,1,1,1,0,1,0,0,0,0,0,0,0,0,0,0,0,0,0,0,0,0,0,0,0,0,0,1,1,0,0,0,0,,1,0,0,0,0,0,0,0,0,0,0,0,0,0,0,0,,,,,,61-65,56-65,County road,R,Wednesday,Unknown,PV,White,0,1,1,0,County Road,County Sheriff,Clallam County Sheriff's Office,0,0,1,0,0,,,,,,,,,,,,,,,,,,,,,,,,,,,,,,,,,,,,,,,,,,,
2018,473,633771,4,12-14-2018,21:05,14,12,Dec,0,43,Lincoln,0,1,0,2,1,2,1,0,1,1,,,,1,0,0,No vehicle,35.3,1,0,1,No intersection,5,1,1,3,0,0,0,0,SR-174,,-118.7814778,47.82202222,,0,1,6,Drive off road,12,2,60,34,0,0,1,2,1,1,1,2,1,1,Going Straight,1,1,53,,0,12,880,2006,0,0,68,12,,,,,1,1,50,1,0,0,1,0,99,0,11,8,,,,,0,0,0,3,1,91,0,0,0,96,,,,,,9,,,,,,98363,53,74,205,6,1,0,0,0,1,0,1,,,,,,0,12-15-2016,12-15-2016,1,0,0,0,8,9,8,,,0,0,0,8,1,2,1,0,0,1,0,0,2,1,0.27,,,,,,,,,,,,,,,,,,,,,,,,,,,,,,0,0,0,1,1,1,0,1,0,0,0,0,0,0,0,0,0,0,0,0,0,0,0,0,0,0,0,0,0,1,1,0,0,0,0,,0,0,0,0,0,1,0,1,0,0,0,0,0,1,0,1,,,,,,46-50,46-55,County road,R,Wednesday,Unknown,MHTRUCK,Not Fatal,0,1,1,0,County Road,County Sheriff,Clallam County Sheriff's Office,0,0,1,0,0,,,,,,,,,,,,,,,,,,,,,,,,,,,,,,,,,,,,,,,,,,,
2017,473,632954,278,11-11-2017,10:40,11,11,Nov,0,63,Spokane,2110,1,0,1,1,2,1,1,2,1,10:46,10:50,10:59,8,0,0,No vehicle,0,1,0,1,No intersection,4,2,4,6,0,0,0,0,S HOWARD ST,,-117.4210556,47.65633333,99201,0,1,13,Pedestrian/Animal,9,1,25,4,0,0,1,2,8,1,1,2,1,9,Others,2,1,53,,0,98,739,9999,0,0,63,1,,,,,1,1,16,2,1,1,4,0,19,0,11,1,10/14/2017,16:42,53045056,45056,0,0,0,1,1,0,0,0,0,96,,,,,,99,,,,,,98823,53,67,140,6,7,0,0,0,0,0,0,,,,,,4,,,20,1,9,0,0,9,8,,,0,0,0,8,9,2,1,0,0,1,0,0,2,1,0,,,,,,,,,,,,,,,,,,,,,,,,,,,,,,0,0,0,0,0,0,0,0,0,0,0,0,1,0,0,0,0,0,0,0,1,0,1,0,1,0,0,0,0,0,0,0,0,0,0,,0,0,0,0,0,0,0,0,0,1,0,0,0,0,0,0,,,,,,16-17,16-25,Other,,Saturday,,OTHVT,Hispanic,0,1,0,0,Other,County Sheriff,Okanogan County Sheriff's Office,1,0,0,0,1,,,,,,,,,,,,,,,,,,,,,,,,,,,,,,,,,,,,,,,,,,,
2021,474,636090,7,10-22-2021,23:23,22,10,Oct,,33,King,1960,10,,2,1,1,1,0,3,2,,,,12,0,1,Front-to-Rear,3,1,0,1,No intersection,1,2,1,1,0,0,0,0,I-90,,-122.2739639,47.58967222,98144,0,2,25,Others,53,3,60,14,0,0,1,2,12,1,1,4,3,1,Going Straight,2,1,42,,0,12,3,2001,0,0,63,52,1,,,,1,1,19,1,0,0,2,0,3,0,11,0,,,,,0,0,3,3,1,91,0,0,0,96,,,,,,0,,,,,,98926,53,68,165,6,1,0,0,0,0,0,2,,,,,,0,,,20,0,0,0,8,9,8,,,0,0,0,8,0,2,605,0,0,1,0,0,2,1,0,,,,,,,,,,,,,,,,,,,,,,,,,,,,,,0,0,1,0,0,0,1,1,1,0,0,0,0,0,0,0,0,0,0,1,0,1,1,0,1,0,0,0,0,1,0,0,0,0,0,,0,0,0,0,0,0,1,1,0,0,0,0,0,0,1,0,,,,,,18-20,16-25,State route,R,Wednesday,Belt Used,PV,Not Fatal,0,1,0,0,State Route,State Patrol,Washington State Patrol Headquarter,1,1,0,0,0,thc,1.2,carboxy-thc,17,,,,,,,,,,,,,,,,,,,,,,,,,,,,,,,,,,,,,,,
2021,474,636089,7,10-22-2021,23:23,22,10,Oct,,33,King,1960,10,,2,1,1,1,0,3,2,,,,12,0,1,Front-to-Rear,3,1,0,1,No intersection,1,2,1,1,0,0,0,0,I-90,,-122.2739639,47.58967222,98144,0,1,24,Others,51,3,60,80,0,0,1,5,12,1,1,4,3,1,Going Straight,1,1,53,,0,99,399,9999,0,0,8,,,,,,1,1,999,9,0,0,0,0,99,0,11,0,,,,,99,9,9,9,1,0,0,0,0,99,,,,,,99,,,,,,99999,99,,999,9,9,99,99,99,99,99,0,,,,,,9,,,99,9,0,0,8,9,8,,,0,0,0,9,9,0,0,0,0,0,0,0,0,0,996,,,,,,,,,,,,,,,,,,,,,,,,,,,,,,0,0,0,1,0,0,0,0,0,1,0,1,0,0,0,0,0,0,0,0,0,0,0,0,0,0,0,0,0,1,0,1,0,0,0,,0,0,0,0,0,0,0,0,0,0,0,0,0,0,0,0,,,,,,,,City street,U,Saturday,Unknown,PV,Not Fatal,0,0,0,0,City Street,Municipal/City Police,Yakima Police Department,0,0,0,1,0,,,,,,,,,,,,,,,,,,,,,,,,,,,,,,,,,,,,,,,,,,,
2020,474,635265,3,12-04-2020,05:04,4,12,Dec,,67,Thurston,0,10,,2,2,2,1,0,2,2,,,,12,0,2,Front-to-Front,358.9,1,0,1,No intersection,3,2,1,2,0,0,0,0,US-101,,-123.0187972,47.06656667,98502,0,2,52,Others,54,3,60,4,0,0,1,2,12,3,2,2,3,14,Making a U turn,1,2,53,,3,98,988,2004,0,0,12,,,,,,1,1,37,1,0,0,0,0,3,0,11,0,,,,,6,1,0,3,1,0,0,0,0,0,,,,,,0,,,,,,98188,53,64,154,6,1,0,0,1,1,0,0,,,,,,0,07-15-2014,01-15-2016,20,0,0,0,8,9,8,,,0,0,0,8,0,0,0,0,0,0,0,0,0,0,996,,,,,,,,,,,,,,,,,,,,,,,,,,,,,,0,0,0,1,0,0,1,1,0,0,0,0,0,0,0,0,0,0,1,1,0,0,0,0,0,0,0,0,0,1,1,0,0,0,0,,0,0,0,0,0,0,0,0,0,0,0,0,0,0,0,0,,,,,,36-40,36-45,City street,U,Saturday,,BUS,Not Fatal,1,0,0,0,City Street,County Sheriff,King County Police,0,0,0,1,0,,,,,,,,,,,,,,,,,,,,,,,,,,,,,,,,,,,,,,,,,,,
2020,474,635264,3,12-04-2020,05:04,4,12,Dec,,67,Thurston,0,10,,2,2,2,1,0,2,2,,,,12,0,2,Front-to-Front,358.9,1,0,1,No intersection,3,2,1,2,0,0,0,0,US-101,,-123.0187972,47.06656667,98502,0,1,52,Others,54,3,60,34,0,0,1,2,12,2,2,2,3,14,Making a U turn,1,1,53,,0,12,442,2002,0,0,12,68,12,,,,1,1,33,2,7,1,4,7,20,0,11,0,10/21/2017,14:59,22953047338,47338,0,0,0,3,1,0,0,0,0,0,,,,,,99,,,,,,98148,53,68,200,6,1,0,2,3,1,3,0,,,,,,0,01-15-2013,07-15-2017,1,2,9,0,0,9,8,,,0,0,0,8,9,2,167,300,996,1,1,1,2,1,0,,,,,,,,,,,,,,,,,,,,,,,,,,,,,,0,0,0,1,0,0,1,1,0,0,0,0,0,0,0,0,0,0,1,1,0,0,0,0,0,0,0,0,0,1,1,0,0,1,0,,1,0,0,0,0,0,1,1,0,0,0,0,0,0,1,0,,,,,,31-35,26-35,City street,U,Saturday,Not Used,PV,White,1,0,0,0,City Street,County Sheriff,King County Police,0,0,0,1,0,,,,,,,,,,,,,,,,,,,,,,,,,,,,,,,,,,,,,,,,,,,
2019,474,634570,339,12-19-2019,16:44,19,12,Dec,,63,Spokane,2113,2,0,3,2,2,1,1,1,1,,,,8,0,0,No vehicle,0,1,0,1,No intersection,7,2,4,6,0,0,0,0,E SPRAGUE AVE,,-117.2442778,47.65711944,99016,0,1,13,Pedestrian/Animal,80,5,35,15,0,0,1,7,8,1,1,7,5,1,Going Straight,1,1,53,,0,98,808,2007,0,0,12,,,,,,1,1,32,1,0,0,0,0,3,0,11,0,,,,,0,0,0,3,1,38,0,0,0,96,,,,,,0,,,,,,98146,53,66,140,6,1,0,0,0,0,0,97,,,,,,0,,,20,0,0,0,8,9,8,,,0,0,0,8,0,0,0,0,0,0,0,0,0,0,996,,,,,,,,,,,,,,,,,,,,,,,,,,,,,,0,0,0,1,0,0,1,1,0,0,0,0,0,0,0,0,0,0,1,1,0,0,0,0,0,0,0,0,0,1,1,0,0,0,0,,0,0,0,0,0,0,0,0,0,0,1,0,0,0,0,0,,,,,,31-35,26-35,City street,U,Saturday,,MHTRUCK,Not Fatal,1,0,0,0,City Street,County Sheriff,King County Police,0,0,0,1,0,,,,,,,,,,,,,,,,,,,,,,,,,,,,,,,,,,,,,,,,,,,
2017,474,632966,297,11-15-2017,02:19,15,11,Nov,0,33,King,2310,2,0,3,2,2,1,0,2,1,,,,25,0,0,No vehicle,0,19,1,1,No intersection,3,2,4,6,0,0,3,3,INTERURBAN AVE SOUTH,SOUTHCENTER BLVD,-122.24615,47.46441667,98188,0,1,98,Others,10,2,35,3,0,0,1,2,50,1,1,6,3,1,Going Straight,2,2,53,,0,94,983,1997,0,0,12,,,,,,1,1,50,1,0,0,0,0,3,0,11,0,,,,,6,1,0,3,1,0,0,0,0,0,,,,,,0,,,,,,99301,53,67,240,6,1,0,0,0,0,0,0,,,,,,0,,,20,0,0,0,8,9,8,,,0,0,0,8,0,0,0,0,0,0,0,0,0,0,996,,,,,,,,,,,,,,,,,,,,,,,,,,,,,,0,0,0,0,0,0,0,0,0,0,0,0,0,0,0,0,0,0,0,0,0,0,0,0,0,0,0,0,0,0,0,0,0,0,0,,0,0,0,0,0,0,0,0,0,0,0,0,0,0,0,0,,,,,,46-50,46-55,County road,R,Wednesday,,BUS,Not Fatal,0,1,1,0,County Road,County Sheriff,Benton County Sheriff's Office,0,0,1,0,0,,,,,,,,,,,,,,,,,,,,,,,,,,,,,,,,,,,,,,,,,,,
2018,474,633772,2,12-20-2018,03:20,20,12,Dec,0,73,Whatcom,740,2,0,2,2,2,1,1,1,1,03:21,03:29,,8,1,0,No vehicle,0,1,0,1,No intersection,7,2,4,6,0,0,0,0,CR-GRANDVIEW RD,ATWOOD RD,-122.5948861,48.89236389,98248,0,1,13,Pedestrian/Animal,13,2,35,34,0,0,1,5,8,3,1,2,1,14,Making a U turn,1,1,91,,0,49,471,1989,0,0,68,12,,,,,1,1,56,2,1,1,4,7,3,0,11,0,10/25/2017,06:14,12053046198,46198,6,0,0,3,1,33,0,0,0,96,,,,,,99,,,,,,99321,53,68,250,6,1,0,0,0,1,0,0,,,,,,0,03-15-2016,03-15-2016,20,0,0,0,0,9,8,,,0,0,0,8,9,2,1,0,0,1,0,0,2,1,0,,,,,,,,,,,,,,,,,,,,,,,,,,,,,,0,0,0,0,0,0,0,0,0,0,0,0,0,0,0,0,0,0,0,0,0,0,0,0,0,0,0,0,0,0,0,0,0,0,0,,0,0,0,0,0,0,0,0,0,0,0,0,0,0,0,0,,,,,,56-60,56-65,County road,R,Wednesday,Belt Used,PV,Hispanic,0,1,1,0,County Road,County Sheriff,Benton County Sheriff's Office,0,0,1,0,0,,,,,,,,,,,,,,,,,,,,,,,,,,,,,,,,,,,,,,,,,,,
2017,475,632955,26,11-09-2017,11:34,9,11,Nov,0,35,Kitsap,0,2,0,1,2,2,1,0,2,2,,,,24,0,0,No vehicle,0.3,1,0,1,No intersection,4,2,2,4,0,0,0,0,CR-BROWNSVILLE HWY NE,,-122.6310028,47.64835556,98311,0,1,7,Control/Traction Loss,12,2,35,2,0,0,1,2,12,2,1,2,1,14,Making a U turn,1,2,51,,0,2,403,2008,0,0,12,,,,,,1,1,54,2,0,0,0,0,3,0,11,0,,,,,0,0,3,3,1,0,0,0,0,0,,,,,,0,,,,,,98597,53,64,163,6,1,0,0,0,1,0,0,,,,,,0,05-15-2014,05-15-2014,20,0,0,0,8,9,8,,,0,0,0,8,0,0,0,0,0,0,0,0,0,0,996,,,,,,,,,,,,,,,,,,,,,,,,,,,,,,0,0,0,1,1,1,1,1,1,0,0,0,1,0,0,0,0,0,0,1,0,0,0,0,0,0,0,0,0,1,0,0,0,0,0,,0,0,0,0,0,0,0,0,0,0,0,0,0,0,0,0,,,,,,51-55,46-55,County road,R,Saturday,Belt Used,PV,Not Fatal,1,0,0,0,County Road,County Sheriff,Law Enforcement Support Agency,0,0,1,0,0,,,,,,,,,,,,,,,,,,,,,,,,,,,,,,,,,,,,,,,,,,,
2021,475,636092,4,11-13-2021,03:03,13,11,Nov,,63,Spokane,524,5,,2,2,2,1,0,2,2,,,,12,0,8,Other,183.7,1,0,1,No intersection,2,1,1,2,0,0,0,0,US-395,,-117.4698639,47.93491111,99006,0,2,66,Specific Other,10,2,60,6,0,0,1,2,12,1,1,2,1,1,Going Straight,1,2,53,,0,20,431,1994,0,0,12,63,1,,,,1,1,33,1,7,1,4,0,20,0,11,4,10/28/2017,20:30,2.23E+11,46908,0,0,0,3,1,0,0,0,0,96,,,,,,9,,,,,,98580,53,67,150,6,1,0,1,0,2,0,0,,,,,,3,12-15-2014,07-15-2016,20,1,9,0,0,1,8,,,0,0,0,8,1,2,348,605,0,1,1,0,2,1,0.12,,,,,,,,,,,,,,,,,,,,,,,,,,,,,,0,0,0,1,1,1,1,1,1,0,0,0,1,0,0,0,0,0,0,1,0,0,0,0,0,0,0,0,0,1,0,0,0,1,0,,1,0,0,0,0,1,1,1,0,1,0,0,0,0,0,1,,,,,,31-35,26-35,County road,R,Saturday,Not Used,PV,White,1,0,0,0,County Road,County Sheriff,Law Enforcement Support Agency,0,0,1,0,0,thc,2.5,,,,,,,,,,,,,,,,,,,,,,,,,,,,,,,,,,,,,,,,,
2021,475,636091,4,11-13-2021,03:03,13,11,Nov,,63,Spokane,524,5,,2,2,2,1,0,2,2,,,,12,0,8,Other,183.7,1,0,1,No intersection,2,1,1,2,0,0,0,0,US-395,,-117.4698639,47.93491111,99006,0,1,66,Specific Other,10,2,60,4,0,0,1,2,12,1,1,2,1,1,Going Straight,1,2,53,,0,41,51,2010,0,0,63,33,42,,,,1,1,19,1,1,98,4,7,20,0,11,0,10/22/2017,21:10,10953045898,45898,0,0,0,0,1,0,0,0,0,96,,,,,,9,,,,,,97303,41,68,140,0,0,0,0,0,0,1,0,,,,,,4,05-15-2017,05-15-2017,20,2,9,0,0,9,8,,,0,0,0,8,1,2,605,0,0,1,0,0,2,1,0.18,,,,,,,,,,,,,,,,,,,,,,,,,,,,,,0,0,1,0,1,1,1,1,1,0,0,0,1,1,0,0,0,0,0,1,0,1,1,0,1,0,0,0,0,1,0,0,0,1,0,,1,0,0,0,0,1,1,1,0,1,0,1,0,0,0,1,,,,,,18-20,16-25,City street,U,Sunday,Not Used,PV,Hispanic,0,1,0,0,City Street,Municipal/City Police,Bellevue Police Department,1,0,0,1,0,thc,39,carboxy-thc,42,,,,,,,,,,,,,,,,,,,,,,,,,,,,,,,,,,,,,,,
2020,475,635266,39,12-01-2020,08:24,1,12,Dec,,61,Snohomish,0,1,,1,1,2,1,1,1,1,,,,8,1,0,No vehicle,0.4,1,0,1,No intersection,5,2,2,4,0,0,0,0,CR-35TH AVE W,,-122.2802556,47.85587778,98087,0,1,13,Pedestrian/Animal,11,2,35,34,0,0,1,2,8,1,1,2,1,1,Going Straight,1,2,53,,0,13,421,2004,0,0,8,,,,,,1,1,47,1,0,0,0,0,3,0,11,0,,,,,0,0,3,3,1,0,0,0,0,0,,,,,,0,,,,,,98203,53,72,154,6,1,0,0,1,1,0,0,,,,,,0,02-15-2016,10-15-2016,20,0,0,0,8,9,8,,,0,0,0,8,0,8,95,0,0,6,0,0,8,95,995,,,,,,,,,,,,,,,,,,,,,,,,,,,,,,0,0,0,1,0,0,0,0,0,0,0,0,0,0,0,0,0,0,0,0,0,0,0,0,0,0,0,0,0,1,0,1,0,0,0,,0,0,0,0,0,0,0,0,0,0,0,0,0,0,0,0,,,,,,46-50,46-55,City street,U,Saturday,Belt Used,PV,Not Fatal,1,0,0,0,City Street,Municipal/City Police,Everett Police Department,0,0,0,1,0,,,,,,,,,,,,,,,,,,,,,,,,,,,,,,,,,,,,,,,,,,,
2018,475,633774,160,12-23-2018,15:46,23,12,Dec,9,33,King,1030,2,0,1,2,1,1,0,1,1,,,,42,0,0,No vehicle,0,1,0,1,No intersection,7,2,4,6,0,0,0,0,REITEN RD,E GUIBERSON ST,-122.2181333,47.37832222,98030,0,1,1,Driver Off Road,13,2,98,6,0,0,1,7,42,3,2,2,1,14,Making a U turn,1,1,53,,0,12,481,1995,0,0,68,63,42,,,,1,1,37,1,7,3,4,0,3,0,11,5,11/13/2017,09:45,1.65E+11,,0,0,0,0,1,0,0,0,0,92,,,,,,99,,,,,,97408,41,70,220,0,0,0,0,0,0,2,0,,,,,,4,02-15-2016,03-15-2017,20,0,0,1,0,9,8,,,0,0,0,8,9,0,0,0,0,0,0,0,0,0,996,,,,,,,,,,,,,,,,,,,,,,,,,,,,,,0,0,1,0,0,0,0,0,0,0,0,0,1,1,0,0,1,0,0,0,0,0,0,0,0,0,0,0,0,0,0,0,0,0,0,,0,0,0,0,0,0,0,0,1,1,0,1,0,0,0,0,,,,,,36-40,36-45,County road,R,Saturday,Belt Used,PV,AIAN,0,1,0,0,County Road,County Sheriff,Klickitat County Sheriff's Office,1,0,1,0,0,,,,,,,,,,,,,,,,,,,,,,,,,,,,,,,,,,,,,,,,,,,
2017,475,632956,26,11-09-2017,11:34,9,11,Nov,0,35,Kitsap,0,2,0,1,2,2,1,0,2,2,,,,24,0,0,No vehicle,0.3,1,0,1,No intersection,4,2,2,4,0,0,0,0,CR-BROWNSVILLE HWY NE,,-122.6310028,47.64835556,98311,0,2,98,Others,62,4,35,2,0,0,1,2,12,3,1,2,1,14,Making a U turn,1,1,53,,0,53,706,1999,0,0,12,,,,,,1,1,34,1,6,1,4,7,19,0,11,0,10/28/2017,22:17,53047240,47240,0,0,0,2,1,0,0,0,0,92,,,,,,0,,,,,,98597,53,76,185,6,1,0,0,0,0,0,0,,,,,,0,,,20,8,0,0,0,9,8,,,0,0,0,8,9,2,401,417,0,1,1,0,2,1,0,,,,,,,,,,,,,,,,,,,,,,,,,,,,,,0,0,0,1,1,1,1,1,1,0,0,0,0,0,1,0,1,0,0,0,0,0,0,0,0,0,0,0,1,0,0,0,0,0,1,0,0,0,0,0,0,0,1,1,1,0,0,0,0,0,1,0,,,,,,31-35,26-35,County road,R,Saturday,,MC,Hispanic,1,0,0,0,County Road,County Sheriff,Thurston County Sheriff's Office,0,0,1,0,0,,,,,,,,,,,,,,,,,,,,,,,,,,,,,,,,,,,,,,,,,,,