year,something,Cases,repjur,crash_dt,crash_tm,accday,Month,Month,holiday,county,co_char,city,weather,weather2,lightcond,surfcond,surftype,Number of Fatalities,nmforms,pforms,vforms,not_tm,arr_tm,hosp_tm,fhevent,hitrun,Manner of Collision,Manner of Collision,milepnt,reljunc,reljuncinter,intersectiontype,Intersection Type,funcsystem,landuse,ownership,route,schlbus,spejur,contdev,devfunc,trafid1,trafid2,x,y,zipcode,wk_zone,vnumber,crashtype,Crash Type,criticalevent,criticaleventcat,spdlim,body,trailer,emerg,hazcargo,leave,mhevent,roadalgn,roadprof,traflane,trafflow,Vehicle Manure,Vehicle Manure,numoccs,regowner,regstate,,spuse,make,model,modelyr,vrf1,vrf2,seqevent1,seqevent2,seqevent3,seqevent4,seqevent5,seqevent6,pnumber,ptype,age,sex,hispanic,race,injury,diedscene,restraint,restraintmisuse,seatpos,takehosp,death_dt,death_tm,cert,cernum_wa,commlic,licendor,licrestrict,liccomp,drivpres,drf1,drf2,drf3,drf4,distract1,distract2,distract3,distract4,distract5,distract6,dricond1,dricond2,dricond3,dricond4,dricond5,dricond6,dzip,licstate,drhgt_in,weight,noncdl,noncdltype,prevdwi,prevoth,prevacc,prevspd,prevsus,driviol1,driviol2,driviol3,driviol4,driviol5,driviol6,spdrel,first_dt,last_dt,airbag,ejection,ejectpath,extricat,injurwrk,methalc,methdrug,nmlocat,strikveh,prf1,prf2,prf3,druginv,alcinvol,drugsts,drugres1,drugres2,drugres3,drugtst1,drugtst2,drugtst3,alcsts,alctst,alcres,nmact1,nmact2,nmact3,nmact4,nmact5,nmact6,nmprior1,nmprior2,nmprior3,nmprior4,nmprior5,nmprior6,nmcond1,nmcond2,nmcond3,nmcond4,nmcond5,nmcond6,nmsafe_helmet,nmsafe_pads,nmsafe_oth,nmprev_ref,nmprev_lgt,nmprev_oth,crashlocation,nmcrashtype,crosswalk,schoolzone,sidewalk,train_inv,wildlife_inv,rotr_fars,intersect_fars,Drink and Drive,aid_inv,Drug Positive Drivers,Impaired Drivers,Marijuana Positive,impnm_inv,ainm_inv,dpnm_inv,speed_inv,unlic_inv,unendmc_inv,drowsy_inv,drdist_inv,nmdist_inv,fty_inv,unrestfat_inv,dr1617_inv,dr1820_inv,dr1620_inv,dr2125_inv,dr1625_inv,dr65_inv,dr70_inv,dr75_inv,mc_inv,pv_inv,ht_inv,ped_inv,bike_inv,unrest_fat,mc_fat,unhelmet_mc,pv_fat,ht_fat,ped_fat,bike_fat,dr_alc7,dr_alc8,dr_drug,dr_imp,dr_dist,dr_spd,dr_fty,dr_unlic,dr_alc7only,dr_alc8only,dr_drugonly,dr_drink,nm_imp,nm_alc7,nm_alc8,nm_drug,nm_dist,agegrp1,agegrp2,roadclass,urbrur,dayweek,restuse,vehtype,race_me,intersect,lanedep,oppdir,wrongway,rep_typ,investag,repag_long,rotr,st_rd,cty_rd,city_rd,oth_rd,drug_thc,thc_res,drug_cthc,cthc_res,drug_cann,prevpersemin,prevperse,prevsusoth,drugtst4,drugtst5,drugtst6,drugtst7,drugtst8,drugres4,drugres5,drugres6,drugres7,drugres8,adspresent,adsengaged,adslevel,race1,race2,race3,race4,race5,helmet,helmetmisuse,nmdistract1,nmdistract2,nmdistract3,nmdistract4,nmdistract5,nmdistract6,lab,isedtcase,crf1,crf2,crf3,CoRoadName,CoMP,IntCoRoadName,IntCoMP
2019,475,634461,1,11-11-2019,18:04,11,11,Nov,,77,Yakima,0,1,0,2,1,2,1,0,1,1,,,,1,0,0,No vehicle,39.8,1,0,1,No intersection,1,2,1,1,0,0,0,0,I-82,,-120.4574806,46.51834444,98939,0,1,6,Drive off road,12,2,70,80,0,0,1,7,1,2,1,2,2,14,Making a U turn,1,9,91,,0,7,482,2005,0,0,12,,,,,,1,1,32,1,0,0,0,0,3,0,11,0,,,,,0,0,0,3,1,91,0,0,0,96,,,,,,9,,,,,,98597,53,69,180,6,1,0,0,0,0,0,1,,,,,,0,,,20,0,0,0,8,9,8,,,0,0,0,8,1,2,605,0,0,1,0,0,2,1,0.17,,,,,,,,,,,,,,,,,,,,,,,,,,,,,,0,0,0,1,1,1,1,1,1,0,0,0,0,0,1,0,1,0,0,0,0,0,0,0,0,0,0,0,1,0,0,0,0,0,0,,0,0,0,0,0,1,1,1,0,0,0,0,0,0,0,1,,,,,,31-35,26-35,County road,R,Saturday,Belt Used,PV,Not Fatal,1,0,0,0,County Road,County Sheriff,Thurston County Sheriff's Office,0,0,1,0,0,thc,6.8,carboxy-thc,42,,,,,,,,,,,,,,,,,,,,,,,,,,,,,,,,,,,,,,,
2021,476,636100,7,11-09-2021,16:45,9,11,Nov,,33,King,1960,2,,1,2,2,1,0,3,3,,,,12,0,8,Other,9.2,1,0,1,No intersection,2,2,1,3,0,0,0,0,SR-18,,-122.1591722,47.32913889,98027,0,3,98,Others,54,3,60,34,0,0,1,5,12,1,1,2,3,1,Going Straight,1,1,53,,0,12,23,2016,0,0,12,12,,,,,1,1,42,2,0,0,0,0,3,0,11,0,,,,,0,0,0,3,1,0,0,0,0,0,,,,,,0,,,,,,98258,53,65,245,6,1,0,1,0,1,0,0,,,,,,0,06-15-2014,03-15-2015,20,0,0,0,8,9,8,,,0,0,0,8,0,0,0,0,0,0,0,0,0,0,996,,,,,,,,,,,,,,,,,,,,,,,,,,,,,,0,0,0,1,0,0,1,1,0,0,0,0,0,0,0,0,1,0,1,0,0,0,0,0,0,0,0,0,0,1,0,0,0,0,0,,0,0,0,0,0,0,0,0,0,0,0,0,0,0,0,0,,,,,,41-45,36-45,City street,U,Thursday,Belt Used,PV,Not Fatal,1,0,0,0,City Street,Municipal/City Police,Lake Stevens Police Department,0,0,0,1,0,,,,,,,,,,,,,,,,,,,,,,,,,,,,,,,,,,,,,,,,,,,
2021,476,636099,7,11-09-2021,16:45,9,11,Nov,,33,King,1960,2,,1,2,2,1,0,3,3,,,,12,0,8,Other,9.2,1,0,1,No intersection,2,2,1,3,0,0,0,0,SR-18,,-122.1591722,47.32913889,98027,0,2,66,Specific Other,54,3,60,34,0,0,1,5,12,1,1,2,3,1,Going Straight,1,2,53,,0,20,481,2011,0,0,12,68,12,,,,1,1,38,1,0,0,0,0,3,0,11,0,,,,,0,0,0,3,1,0,0,0,0,1,,,,,,0,,,,,,98258,53,64,180,6,1,0,1,0,0,0,0,,,,,,0,02-15-2015,02-15-2015,1,0,0,0,8,9,8,,,0,0,0,8,0,0,0,0,0,0,0,0,0,0,996,,,,,,,,,,,,,,,,,,,,,,,,,,,,,,0,0,0,1,0,0,1,1,0,0,0,0,0,0,0,0,1,0,1,0,0,0,0,0,0,0,0,0,0,1,0,0,0,0,0,,0,0,0,0,0,0,0,0,1,0,0,0,0,0,0,0,,,,,,36-40,36-45,City street,U,Thursday,Belt Used,PV,Not Fatal,1,0,0,0,City Street,Municipal/City Police,Lake Stevens Police Department,0,0,0,1,0,,,,,,,,,,,,,,,,,,,,,,,,,,,,,,,,,,,,,,,,,,,
2021,476,636098,7,11-09-2021,16:45,9,11,Nov,,33,King,1960,2,,1,2,2,1,0,3,3,,,,12,0,8,Other,9.2,1,0,1,No intersection,2,2,1,3,0,0,0,0,SR-18,,-122.1591722,47.32913889,98027,0,1,66,Specific Other,54,3,60,6,0,0,1,5,12,1,1,2,3,1,Going Straight,1,1,53,,0,12,3,2000,0,0,12,68,12,,,,1,1,50,1,0,0,1,0,99,0,11,8,,,,,0,0,0,3,1,38,0,0,0,96,,,,,,9,,,,,,98271,53,72,190,6,1,0,0,1,0,0,1,12,,,,,0,09-15-2014,09-15-2014,1,0,0,0,8,9,2,,,0,0,0,1,9,2,401,417,0,1,1,0,2,1,0,,,,,,,,,,,,,,,,,,,,,,,,,,,,,,0,0,0,1,0,0,1,1,0,0,0,0,0,0,0,0,1,0,1,0,0,0,0,0,0,0,0,0,0,1,0,0,0,0,0,,0,0,0,0,0,0,1,1,0,0,1,0,0,0,1,0,,,,,,46-50,46-55,City street,U,Thursday,Unknown,PV,Not Fatal,1,0,0,0,City Street,Municipal/City Police,Lake Stevens Police Department,0,0,0,1,0,,,,,,,,,,,,,,,,,,,,,,,,,,,,,,,,,,,,,,,,,,,
2020,476,635271,290,12-07-2020,20:27,7,12,Dec,,53,Pierce,2230,10,,3,1,2,1,0,3,2,,,,42,0,0,No vehicle,55.4,1,0,1,No intersection,3,2,1,3,0,0,0,0,SR-7,,-122.4338667,47.19988611,98408,0,2,98,Others,61,4,35,67,0,0,1,5,12,1,1,5,5,1,Going Straight,1,1,53,,0,50,706,2017,0,0,12,,,,,,1,1,35,2,7,1,4,0,5,0,11,5,10/26/2017,09:49,2.11E+11,46853,0,0,0,3,1,0,0,0,0,0,,,,,,0,,,,,,99206,53,68,250,6,1,0,0,0,2,0,0,,,,,,0,07-15-2013,03-15-2016,20,8,0,0,0,9,8,,,0,0,0,8,9,2,605,0,0,1,0,0,2,1,0,,,,,,,,,,,,,,,,,,,,,,,,,,,,,,0,0,0,1,1,1,1,1,1,0,0,0,0,0,0,0,0,0,1,0,0,0,0,0,0,0,0,0,1,1,0,0,0,0,1,0,0,0,0,0,0,0,1,1,0,0,0,0,0,0,1,0,,,,,,31-35,26-35,State route,U,Thursday,,MC,White,1,0,0,0,State Route,State Patrol,Washington State Patrol Headquarter,0,1,0,0,0,thc,1.1,carboxy-thc,9.8,,,,,,,,,,,,,,,,,,,,,,,,,,,,,,,,,,,,,,,
2020,476,635270,290,12-07-2020,20:27,7,12,Dec,,53,Pierce,2230,10,,3,1,2,1,0,3,2,,,,42,0,0,No vehicle,55.4,1,0,1,No intersection,3,2,1,3,0,0,0,0,SR-7,,-122.4338667,47.19988611,98408,0,1,1,Driver Off Road,13,2,35,34,0,0,1,5,42,1,1,5,5,1,Going Straight,2,2,53,,0,12,422,1997,0,0,12,,,,,,1,1,40,2,0,0,2,0,3,0,11,0,,,,,0,0,3,3,1,38,0,0,0,96,,,,,,9,,,,,,99206,53,66,130,6,1,0,0,0,0,0,1,,,,,,0,,,20,0,0,0,8,9,8,,,0,0,0,8,1,2,1,0,0,1,0,0,2,1,0.15,,,,,,,,,,,,,,,,,,,,,,,,,,,,,,0,0,0,1,1,1,1,1,1,0,0,0,0,0,0,0,0,0,1,0,0,0,0,0,0,0,0,0,1,1,0,0,0,0,0,,0,0,0,0,0,1,0,1,0,0,1,0,0,1,0,1,,,,,,36-40,36-45,State route,U,Thursday,Belt Used,PV,Not Fatal,1,0,0,0,State Route,State Patrol,Washington State Patrol Headquarter,0,1,0,0,0,,,,,,,,,,,,,,,,,,,,,,,,,,,,,,,,,,,,,,,,,,,
2019,476,634473,25,11-22-2019,23:16,22,11,Nov,,33,King,0,5,0,2,2,2,1,0,2,1,,,,34,0,0,No vehicle,8,1,0,1,No intersection,5,2,2,4,0,0,0,0,CR-KENT BLACK DIAMOND R,,-122.1376028,47.34590833,98042,0,1,6,Drive off road,12,2,40,15,0,0,1,5,34,3,1,2,1,14,Making a U turn,2,1,53,,0,85,881,2015,0,0,63,1,,,,,1,1,26,1,7,1,4,7,20,0,11,0,10/23/2017,14:10,2.22E+11,46113,5,2,3,2,1,0,0,0,0,93,,,,,,99,,,,,,98264,53,71,280,6,1,1,8,1,3,3,0,,,,,,0,04-15-2013,09-15-2017,20,0,0,0,1,9,8,,,0,0,0,8,9,2,401,417,0,1,1,0,2,1,0.1,,,,,,,,,,,,,,,,,,,,,,,,,,,,,,0,0,1,0,1,1,1,1,0,0,0,0,0,0,0,0,1,0,0,0,0,0,0,0,0,0,0,0,0,0,1,0,0,0,0,,0,1,0,0,0,1,1,1,1,0,0,0,0,0,0,1,,,,,,26-30,26-35,County road,R,Monday,,MHTRUCK,White,0,1,0,0,County Road,County Sheriff,Yakima County Sheriff's Office,1,0,1,0,0,,,,,,,,,,,,,,,,,,,,,,,,,,,,,,,,,,,,,,,,,,,
2018,476,633775,9,12-23-2018,00:28,23,12,Dec,9,1,Adams,0,4,0,2,10,2,1,0,6,1,00:33,01:15,,1,0,0,No vehicle,4.7,1,0,1,No intersection,5,1,2,4,0,0,0,0,CR-S LIND HATTON RD,,-118.8091278,46.82171944,,0,1,1,Driver Off Road,13,2,25,20,0,0,1,7,1,3,2,2,1,14,Making a U turn,6,2,53,,0,20,25,2012,0,0,63,32,2,,,,1,1,46,8,7,2,4,0,3,0,11,5,10/18/2017,22:59,2.37E+11,45607,0,0,3,3,1,0,0,0,0,92,,,,,,9,,,,,,98606,53,73,168,6,1,0,0,0,0,0,0,,,,,,4,,,8,0,0,1,0,9,8,,,0,0,0,8,1,2,1,0,0,1,0,0,2,1,0,,,,,,,,,,,,,,,,,,,,,,,,,,,,,,0,0,1,0,1,0,0,0,0,0,0,0,1,0,0,0,1,0,0,0,0,0,0,0,0,0,0,0,0,1,0,0,0,0,0,,1,0,0,0,0,0,0,0,1,1,0,0,0,0,0,1,,,,,,46-50,46-55,County road,R,Wednesday,Belt Used,PV,Black,0,1,0,0,County Road,County Sheriff,Clark County Sheriff's Office,1,0,1,0,0,,,,,,,,,,,,,,,,,,,,,,,,,,,,,,,,,,,,,,,,,,,
2017,476,632971,2,11-12-2017,23:40,12,11,Nov,0,61,Snohomish,690,1,0,2,2,1,1,1,5,5,23:38,00:05,,12,0,1,Front-to-Rear,194.6,1,0,1,No intersection,1,2,1,1,0,0,0,0,I-5,,-122.1831556,47.98883333,98201,0,2,25,Others,53,3,60,4,0,0,1,2,12,1,2,3,3,1,Going Straight,1,1,53,,0,19,421,2007,0,0,12,,,,,,1,1,23,1,0,0,0,0,3,0,11,0,,,,,0,0,0,3,1,0,0,0,0,0,,,,,,0,,,,,,98003,53,69,170,6,1,0,0,0,0,0,0,,,,,,0,,,20,0,0,0,8,9,8,,,0,0,0,8,0,0,0,0,0,0,0,0,0,0,996,,,,,,,,,,,,,,,,,,,,,,,,,,,,,,0,0,0,0,1,1,1,1,0,0,0,0,0,0,0,0,0,0,0,0,0,0,0,1,1,0,0,0,1,1,0,0,0,0,0,,0,0,0,0,0,0,0,0,0,0,0,0,0,0,0,0,,,,,,21-25,16-25,State route,U,Friday,Belt Used,PV,Not Fatal,0,1,0,0,State Route,State Patrol,Washington State Patrol Headquarter,1,1,0,0,0,,,,,,,,,,,,,,,,,,,,,,,,,,,,,,,,,,,,,,,,,,,
2017,476,632970,2,11-12-2017,23:40,12,11,Nov,0,61,Snohomish,690,1,0,2,2,1,1,1,5,5,23:38,00:05,,12,0,1,Front-to-Rear,194.6,1,0,1,No intersection,1,2,1,1,0,0,0,0,I-5,,-122.1831556,47.98883333,98201,0,1,24,Others,51,3,60,66,1,0,1,2,12,1,2,3,3,15,Others,1,3,95,,0,53,706,2005,0,0,64,24,69,58,12,,1,1,35,1,7,1,4,7,5,0,11,0,09/29/2017,23:20,2.31E+11,42642,0,0,3,3,1,0,0,0,0,96,,,,,,9,,,,,,98034,53,72,165,6,1,1,2,0,0,2,0,,,,,,0,09-15-2015,05-15-2017,20,8,0,0,0,1,8,,,0,0,0,8,1,2,996,0,0,1,0,0,2,1,0.15,,,,,,,,,,,,,,,,,,,,,,,,,,,,,,0,0,0,0,1,1,1,1,0,0,0,0,0,0,0,0,0,0,0,0,0,0,0,1,1,0,0,0,1,1,0,0,0,0,1,0,0,0,0,0,0,1,1,1,0,0,0,0,0,0,0,1,,,,,,31-35,26-35,State route,U,Friday,,MC,White,0,1,0,0,State Route,State Patrol,Washington State Patrol Headquarter,1,1,0,0,0,,,,,,,,,,,,,,,,,,,,,,,,,,,,,,,,,,,,,,,,,,,
2017,476,632972,2,11-12-2017,23:40,12,11,Nov,0,61,Snohomish,690,1,0,2,2,1,1,1,5,5,23:38,00:05,,12,0,1,Front-to-Rear,194.6,1,0,1,No intersection,1,2,1,1,0,0,0,0,I-5,,-122.1831556,47.98883333,98201,0,5,98,Others,53,3,60,9,0,0,1,2,12,1,2,3,3,1,Going Straight,3,9,99,,0,7,25,2007,0,0,64,52,35,1,24,,1,1,24,1,7,2,4,7,20,0,11,0,10-07-2017,12:00,1.96E+11,43299,0,0,0,3,1,0,0,0,0,96,,,,,,9,,,,,,98118,53,72,141,6,1,0,2,1,0,0,0,,,,,,0,10-15-2015,10-15-2015,8,0,0,0,0,9,8,,,0,0,0,1,9,2,605,0,0,1,0,0,2,1,0,,,,,,,,,,,,,,,,,,,,,,,,,,,,,,0,0,0,0,0,0,1,1,1,0,0,0,0,0,0,0,0,0,0,1,0,0,0,1,1,0,0,0,0,1,0,0,0,1,0,,1,0,0,0,0,0,1,1,0,0,0,0,0,0,1,0,,,,,,21-25,16-25,Interstate,U,Saturday,Not Used,PV,Black,0,1,0,0,State Route,State Patrol,Washington State Patrol Headquarter,1,1,0,0,0,thc,6.2,carboxy-thc,37,,,,,,,,,,,,,,,,,,,,,,,,,,,,,,,,,,,,,,,
2017,477,632978,6,11-14-2017,12:57,14,11,Nov,0,37,Kittitas,0,10,0,1,1,2,1,0,2,2,12:59,13:07,,24,0,0,No vehicle,105.9,1,0,1,No intersection,1,2,1,1,0,0,0,0,I-90,,-120.5699528,46.98904722,98926,0,2,98,Others,62,4,60,66,1,0,1,5,12,1,1,2,3,1,Going Straight,1,2,6,,0,85,881,2002,0,0,12,,,,,,1,1,49,1,0,0,0,0,3,0,11,0,,,,,6,3,0,3,1,0,0,0,0,0,,,,,,0,,,,,,98837,53,66,165,6,7,0,4,0,3,0,0,,,,,,0,11-15-2012,08-15-2017,20,0,0,0,8,9,8,,,0,0,0,8,0,0,0,0,0,0,0,0,0,0,996,,,,,,,,,,,,,,,,,,,,,,,,,,,,,,0,0,0,1,0,0,0,0,0,0,0,0,0,0,0,0,0,0,1,0,0,0,0,0,0,0,0,0,0,1,1,0,0,0,0,,0,0,0,0,0,0,0,0,0,0,0,0,0,0,0,0,,,,,,46-50,46-55,State route,R,Friday,,MHTRUCK,Not Fatal,1,0,0,0,State Route,State Patrol,Washington State Patrol Headquarter,0,1,0,0,0,,,,,,,,,,,,,,,,,,,,,,,,,,,,,,,,,,,,,,,,,,,
2021,477,636096,2,11-17-2021,06:03,17,11,Nov,,57,Skagit,1970,1,,2,4,2,1,0,2,2,,,,12,0,6,Angle,75.2,1,0,1,No intersection,4,1,1,3,0,0,0,0,SR-20,,-122.028375,48.53016667,98237,0,2,98,Others,62,4,55,34,0,0,1,2,12,1,1,2,2,1,Going Straight,1,1,53,,0,35,47,2008,0,0,12,,,,,,1,1,34,2,0,0,3,0,3,0,11,4,,,,,0,0,0,3,1,38,39,0,0,96,,,,,,0,,,,,,99326,53,66,170,6,1,0,0,0,0,0,2,,,,,,0,,,8,0,0,0,8,9,8,,,0,0,0,8,0,0,0,0,0,0,0,0,0,0,996,,,,,,,,,,,,,,,,,,,,,,,,,,,,,,0,0,0,1,0,0,0,0,0,0,0,0,0,0,0,0,0,0,1,0,0,0,0,0,0,0,0,0,0,1,1,0,0,0,0,,0,0,0,0,0,0,0,0,0,0,1,0,0,0,0,0,,,,,,31-35,26-35,State route,R,Friday,Belt Used,PV,Not Fatal,1,0,0,0,State Route,State Patrol,Washington State Patrol Headquarter,0,1,0,0,0,,,,,,,,,,,,,,,,,,,,,,,,,,,,,,,,,,,,,,,,,,,
2021,477,636095,2,11-17-2021,06:03,17,11,Nov,,57,Skagit,1970,1,,2,4,2,1,0,2,2,,,,12,0,6,Angle,75.2,1,0,1,No intersection,4,1,1,3,0,0,0,0,SR-20,,-122.028375,48.53016667,98237,0,1,98,Others,10,2,55,34,0,0,1,2,12,1,1,2,2,1,Going Straight,1,1,53,,0,49,32,2008,0,0,8,,,,,,1,1,29,1,0,0,0,0,99,0,11,0,,,,,0,0,0,3,1,0,0,0,0,0,,,,,,0,,,,,,99040,53,66,160,6,1,0,0,0,0,0,0,,,,,,0,,,20,0,0,0,8,2,8,,,0,0,0,8,0,0,0,0,0,0,0,0,2,10,0,,,,,,,,,,,,,,,,,,,,,,,,,,,,,,0,0,0,1,0,0,0,0,0,0,0,0,0,0,0,0,0,1,0,0,0,0,0,0,0,0,0,0,0,1,0,1,0,0,0,,0,0,0,0,0,0,0,0,0,0,0,0,0,0,0,0,,,,,,26-30,26-35,City street,U,Monday,Unknown,PV,Not Fatal,1,0,0,0,City Street,Municipal/City Police,Port Angeles Police Department,0,0,0,1,0,,,,,,,,,,,,,,,,,,,,,,,,,,,,,,,,,,,,,,,,,,,
2020,477,635276,188,12-06-2020,16:03,6,12,Dec,,33,King,1264,1,,1,1,2,1,0,2,2,16:05,16:14,,12,0,2,Front-to-Front,15.4,2,0,2,4 Way,4,2,1,3,0,0,3,3,SR-516,WITTE RD SE,-122.0435306,47.35796667,98038,0,2,69,Initial Opposite Direction(Going Straight),62,4,40,80,0,0,1,2,12,1,2,3,1,1,Going Straight,1,1,53,,0,23,481,2002,0,0,12,,,,,,1,1,23,1,0,0,2,0,3,0,11,8,,,,,0,0,0,3,1,0,0,0,0,0,,,,,,0,,,,,,98532,53,73,220,6,1,0,0,0,3,1,0,,,,,,0,01-15-2013,11-15-2015,1,0,0,0,8,9,8,,,0,0,0,8,0,0,0,0,0,0,0,0,0,0,996,,,,,,,,,,,,,,,,,,,,,,,,,,,,,,0,0,0,1,0,0,0,0,0,0,0,0,0,0,0,0,0,0,1,1,0,0,0,1,1,0,0,0,0,1,0,0,0,0,0,,0,0,0,0,0,0,0,0,0,0,0,0,0,0,0,0,,,,,,21-25,16-25,US highway,R,Friday,Belt Used,PV,Not Fatal,1,0,0,0,State Route,State Patrol,Washington State Patrol Headquarter,0,1,0,0,0,,,,,,,,,,,,,,,,,,,,,,,,,,,,,,,,,,,,,,,,,,,
2020,477,635275,188,12-06-2020,16:03,6,12,Dec,,33,King,1264,1,,1,1,2,1,0,2,2,16:05,16:14,,12,0,2,Front-to-Front,15.4,2,0,2,4 Way,4,2,1,3,0,0,3,3,SR-516,WITTE RD SE,-122.0435306,47.35796667,98038,0,1,68,Initial Opposite Direction(Left/Right),15,2,98,4,0,0,1,2,12,1,2,3,1,11,Turning Red: Permitted on red,1,1,53,,0,2,404,1995,0,0,12,,,,,,1,1,23,1,6,98,4,0,20,0,11,4,10/13/2017,07:26,2.40E+11,44357,6,0,0,3,1,38,48,0,0,96,,,,,,99,,,,,,98951,53,72,280,6,1,0,0,0,0,0,0,,,,,,0,,,1,1,9,0,0,9,8,,,0,0,0,8,9,2,1,0,0,1,0,0,2,1,0,,,,,,,,,,,,,,,,,,,,,,,,,,,,,,0,0,0,1,0,0,0,0,0,0,0,0,0,0,0,0,0,0,1,1,0,0,0,1,1,0,0,0,0,1,0,0,0,1,0,,1,0,0,0,0,0,0,0,0,0,1,0,0,0,0,0,,,,,,21-25,16-25,US highway,R,Friday,Not Used,PV,Hispanic,1,0,0,0,State Route,State Patrol,Washington State Patrol Headquarter,0,1,0,0,0,,,,,,,,,,,,,,,,,,,,,,,,,,,,,,,,,,,,,,,,,,,
2019,477,634475,339,11-24-2019,01:50,24,11,Nov,,63,Spokane,2113,1,0,3,1,2,1,0,3,2,,,,14,0,0,No vehicle,0,3,0,4,Y Intersection,7,2,4,6,0,0,0,0,S BALFOUR BLVD,CHINOOK RD,-117.265525,47.64151389,99206,0,1,11,Others,5,1,98,4,0,0,1,5,14,8,8,2,1,10,Others,3,2,53,,0,30,40,2000,0,0,12,,,,,,1,1,17,2,0,0,3,0,3,0,11,8,,,,,0,0,1,3,1,0,0,0,0,0,,,,,,0,,,,,,98674,53,66,175,6,2,0,0,1,0,0,0,,,,,,0,06-15-2017,06-15-2017,1,0,0,0,8,9,8,,,0,0,0,8,0,0,0,0,0,0,0,0,0,0,996,,,,,,,,,,,,,,,,,,,,,,,,,,,,,,0,0,0,0,0,0,1,1,0,0,0,0,0,0,0,0,0,0,0,0,1,0,1,0,1,0,0,0,0,1,0,0,0,0,0,,0,0,0,0,0,0,0,0,0,0,0,0,0,0,0,0,,,,,,16-17,16-25,Interstate,U,Monday,Belt Used,PV,Not Fatal,0,0,0,1,State Route,State Patrol,Washington State Patrol Headquarter,0,1,0,0,0,,,,,,,,,,,,,,,,,,,,,,,,,,,,,,,,,,,,,,,,,,,
2018,477,633776,247,12-28-2018,16:44,28,12,Dec,0,33,King,1820,2,0,2,2,2,1,1,1,1,,,,8,0,0,No vehicle,0,3,0,2,4 Way,7,2,4,6,0,0,3,3,NE 28TH ST,152ND AVE NE,-122.1377278,47.63519722,98007,0,1,13,Pedestrian/Animal,80,5,98,62,0,0,1,5,8,1,2,2,1,11,Turning Red: Permitted on red,1,3,53,,0,12,402,2011,0,0,12,,,,,,1,1,43,1,7,1,4,7,3,0,11,0,10-09-2017,20:43,2.37E+11,43936,0,0,0,3,1,51,0,0,0,96,,,,,,9,,,,,,98665,53,74,190,6,1,0,0,0,0,0,0,,,,,,0,,,1,0,0,0,0,9,1,,,0,0,0,1,9,2,395,0,0,1,0,0,2,1,0,,,,,,,,,,,,,,,,,,,,,,,,,,,,,,0,0,0,0,0,0,1,1,0,0,0,0,0,0,0,0,0,0,0,0,1,0,1,0,1,0,0,0,0,1,0,0,0,0,0,,1,0,0,0,0,0,1,1,0,0,0,0,0,0,1,0,,,,,,41-45,36-45,Interstate,U,Monday,Belt Used,PV,White,0,0,0,1,State Route,State Patrol,Washington State Patrol Headquarter,0,1,0,0,0,,,,,,,,,,,,,,,,,,,,,,,,,,,,,,,,,,,,,,,,,,,
2017,477,632977,6,11-14-2017,12:57,14,11,Nov,0,37,Kittitas,0,10,0,1,1,2,1,0,2,2,12:59,13:07,,24,0,0,No vehicle,105.9,1,0,1,No intersection,1,2,1,1,0,0,0,0,I-90,,-120.5699528,46.98904722,98926,0,1,7,Control/Traction Loss,12,2,70,14,0,0,1,2,1,1,1,2,3,1,Going Straight,1,1,53,,0,6,43,2002,0,0,63,32,39,,,,1,1,64,1,7,1,4,7,3,0,11,0,10-11-2017,08:51,2.11E+11,44131,0,0,3,3,1,0,0,0,0,99,,,,,,99,,,,,,99220,53,74,190,6,1,0,0,0,0,0,0,,,,,,0,,,8,0,0,0,0,9,8,,,0,0,0,8,9,0,0,0,0,0,0,0,0,0,996,,,,,,,,,,,,,,,,,,,,,,,,,,,,,,0,0,1,1,0,0,0,0,0,0,0,0,0,0,0,0,0,0,0,0,0,0,0,0,0,0,0,0,0,1,0,0,0,0,0,,1,0,0,0,0,0,0,0,0,0,0,0,0,0,0,0,,,,,,61-65,56-65,City street,U,Wednesday,Belt Used,PV,White,0,1,0,0,City Street,County Sheriff,Spokane County Sheriff's Office,1,0,0,1,0,,,,,,,,,,,,,,,,,,,,,,,,,,,,,,,,,,,,,,,,,,,
2019,478,3754063,263,11-29-2019,13:04,29,11,Nov,,33,King,1960,1,0,1,1,2,2,4,1,1,,,,31,1,0,No vehicle,28.5,1,0,1,No intersection,2,2,1,3,0,0,0,0,SR-99,,-122.3472361,47.65415556,98103,0,1,1,Driver Off Road,13,2,30,4,0,0,1,7,8,1,1,3,3,6,Others,1,3,53,,0,12,881,1999,0,0,12,,,,,,1,1,27,1,0,0,1,0,3,0,11,6,,,,,0,0,0,3,1,0,0,0,0,0,,,,,,0,,,,,,98944,53,73,175,6,1,0,0,0,0,0,0,,,,,,0,,,1,0,0,0,8,9,8,,,0,0,0,8,0,0,0,0,0,0,0,0,0,0,996,,,,,,,,,,,,,,,,,,,,,,,,,,,,,,0,0,0,0,1,1,0,1,0,0,0,0,0,0,0,1,0,0,0,0,0,1,1,0,1,0,0,0,0,1,1,0,0,0,0,,0,0,0,0,0,0,0,0,0,0,0,0,0,0,0,0,,,,,,26-30,26-35,State route,R,Saturday,,MHTRUCK,Not Fatal,0,1,1,0,State Route,State Patrol,Washington State Patrol Headquarter,0,1,0,0,0,,,,,,,,,,,,,,,,,,,,,,,,,,,,,,,,,,,,,,,,,,,