year,something,Cases,repjur,crash_dt,crash_tm,accday,Month,Month,holiday,county,co_char,city,weather,weather2,lightcond,surfcond,surftype,Number of Fatalities,nmforms,pforms,vforms,not_tm,arr_tm,hosp_tm,fhevent,hitrun,Manner of Collision,Manner of Collision,milepnt,reljunc,reljuncinter,intersectiontype,Intersection Type,funcsystem,landuse,ownership,route,schlbus,spejur,contdev,devfunc,trafid1,trafid2,x,y,zipcode,wk_zone,vnumber,crashtype,Crash Type,criticalevent,criticaleventcat,spdlim,body,trailer,emerg,hazcargo,leave,mhevent,roadalgn,roadprof,traflane,trafflow,Vehicle Manure,Vehicle Manure,numoccs,regowner,regstate,,spuse,make,model,modelyr,vrf1,vrf2,seqevent1,seqevent2,seqevent3,seqevent4,seqevent5,seqevent6,pnumber,ptype,age,sex,hispanic,race,injury,diedscene,restraint,restraintmisuse,seatpos,takehosp,death_dt,death_tm,cert,cernum_wa,commlic,licendor,licrestrict,liccomp,drivpres,drf1,drf2,drf3,drf4,distract1,distract2,distract3,distract4,distract5,distract6,dricond1,dricond2,dricond3,dricond4,dricond5,dricond6,dzip,licstate,drhgt_in,weight,noncdl,noncdltype,prevdwi,prevoth,prevacc,prevspd,prevsus,driviol1,driviol2,driviol3,driviol4,driviol5,driviol6,spdrel,first_dt,last_dt,airbag,ejection,ejectpath,extricat,injurwrk,methalc,methdrug,nmlocat,strikveh,prf1,prf2,prf3,druginv,alcinvol,drugsts,drugres1,drugres2,drugres3,drugtst1,drugtst2,drugtst3,alcsts,alctst,alcres,nmact1,nmact2,nmact3,nmact4,nmact5,nmact6,nmprior1,nmprior2,nmprior3,nmprior4,nmprior5,nmprior6,nmcond1,nmcond2,nmcond3,nmcond4,nmcond5,nmcond6,nmsafe_helmet,nmsafe_pads,nmsafe_oth,nmprev_ref,nmprev_lgt,nmprev_oth,crashlocation,nmcrashtype,crosswalk,schoolzone,sidewalk,train_inv,wildlife_inv,rotr_fars,intersect_fars,Drink and Drive,aid_inv,Drug Positive Drivers,Impaired Drivers,Marijuana Positive,impnm_inv,ainm_inv,dpnm_inv,speed_inv,unlic_inv,unendmc_inv,drowsy_inv,drdist_inv,nmdist_inv,fty_inv,unrestfat_inv,dr1617_inv,dr1820_inv,dr1620_inv,dr2125_inv,dr1625_inv,dr65_inv,dr70_inv,dr75_inv,mc_inv,pv_inv,ht_inv,ped_inv,bike_inv,unrest_fat,mc_fat,unhelmet_mc,pv_fat,ht_fat,ped_fat,bike_fat,dr_alc7,dr_alc8,dr_drug,dr_imp,dr_dist,dr_spd,dr_fty,dr_unlic,dr_alc7only,dr_alc8only,dr_drugonly,dr_drink,nm_imp,nm_alc7,nm_alc8,nm_drug,nm_dist,agegrp1,agegrp2,roadclass,urbrur,dayweek,restuse,vehtype,race_me,intersect,lanedep,oppdir,wrongway,rep_typ,investag,repag_long,rotr,st_rd,cty_rd,city_rd,oth_rd,drug_thc,thc_res,drug_cthc,cthc_res,drug_cann,prevpersemin,prevperse,prevsusoth,drugtst4,drugtst5,drugtst6,drugtst7,drugtst8,drugres4,drugres5,drugres6,drugres7,drugres8,adspresent,adsengaged,adslevel,race1,race2,race3,race4,race5,helmet,helmetmisuse,nmdistract1,nmdistract2,nmdistract3,nmdistract4,nmdistract5,nmdistract6,lab,isedtcase,crf1,crf2,crf3,CoRoadName,CoMP,IntCoRoadName,IntCoMP
2021,478,636097,6,11-11-2021,22:13,11,11,Nov,,37,Kittitas,1060,2,,2,2,2,1,0,3,1,,,,24,0,0,No vehicle,125,1,0,1,No intersection,1,1,1,1,0,0,0,0,I-90,,-120.1865778,46.94393889,,0,1,1,Driver Off Road,13,2,70,2,0,0,1,2,24,1,2,2,3,6,Others,3,2,53,,0,63,33,2006,0,0,68,12,,,,,1,1,20,1,1,1,4,7,3,0,11,0,10-07-2017,02:43,53043265,43265,0,0,0,3,1,28,0,0,0,0,,,,,,2,9,,,,,98935,53,71,210,6,1,0,0,0,0,0,0,,,,,,0,,,20,0,0,0,0,1,8,,,0,0,0,8,1,2,1,0,0,1,0,0,2,1,0.084,,,,,,,,,,,,,,,,,,,,,,,,,,,,,,0,0,0,0,1,1,0,1,0,0,0,0,0,0,0,1,0,0,0,0,0,1,1,0,1,0,0,0,0,1,1,0,0,0,0,,1,0,0,0,0,1,0,1,0,0,0,0,0,1,0,1,,,,,,18-20,16-25,State route,R,Saturday,Belt Used,PV,Hispanic,0,1,1,0,State Route,State Patrol,Washington State Patrol Headquarter,0,1,0,0,0,,,,,,,,,,,,,,,,,,,,,,,,,,,,,,,,,,,,,,,,,,,
2020,478,635280,35,12-08-2020,17:50,8,12,Dec,,53,Pierce,0,2,,3,2,2,1,1,2,1,17:50,17:55,,8,0,0,No vehicle,6.2,1,0,1,No intersection,3,2,2,4,0,0,0,0,CR-112TH ST E,,-122.4235667,47.15527778,98445,0,1,13,Pedestrian/Animal,80,5,35,20,0,0,1,5,8,1,1,5,5,1,Going Straight,2,1,53,,0,49,40,2011,0,0,8,,,,,,1,1,54,2,0,0,0,0,3,0,11,0,,,,,0,0,0,3,1,0,0,0,0,0,,,,,,0,,,,,,98168,53,72,187,6,1,0,0,1,0,0,0,,,,,,0,07-15-2014,07-15-2014,20,0,0,0,8,9,8,,,0,0,0,8,0,8,95,0,0,6,0,0,8,95,995,,,,,,,,,,,,,,,,,,,,,,,,,,,,,,0,0,0,1,0,0,0,0,0,1,0,1,0,0,0,0,0,0,0,0,0,0,0,0,0,0,0,0,0,1,0,1,0,0,0,,0,0,0,0,0,0,0,0,0,0,0,0,0,0,0,0,,,,,,51-55,46-55,City street,U,Saturday,Belt Used,PV,Not Fatal,1,0,0,0,City Street,County Sheriff,King County Police,0,0,0,1,0,,,,,,,,,,,,,,,,,,,,,,,,,,,,,,,,,,,,,,,,,,,
2018,478,633778,6,12-10-2018,18:12,10,12,Dec,0,25,Grant,0,10,0,2,2,2,1,0,2,2,,,,12,0,2,Front-to-Front,27,1,0,1,No intersection,3,1,1,3,0,0,0,0,SR-26,,-119.4443278,46.852325,,0,2,51,Lateral Move(Going Straight),62,4,60,66,1,0,1,7,12,1,1,2,1,1,Going Straight,1,3,53,,0,72,706,2005,0,0,12,,,,,,1,1,58,2,0,0,3,0,5,0,11,4,,,,,0,0,3,3,1,0,0,0,0,0,,,,,,0,,,,,,99022,53,67,170,6,1,0,0,1,0,0,0,,,,,,0,10-15-2015,10-15-2015,20,8,0,0,8,9,8,,,0,0,0,8,0,0,0,0,0,0,0,0,0,0,996,,,,,,,,,,,,,,,,,,,,,,,,,,,,,,0,0,0,0,0,0,0,0,0,0,0,0,0,0,0,0,1,0,0,0,0,0,0,0,0,1,0,0,1,1,0,0,0,0,0,0,0,0,0,0,0,0,0,0,0,0,0,0,0,0,0,0,,,,,,56-60,56-65,US highway,R,Saturday,,MC,Not Fatal,0,1,1,0,State Route,State Patrol,Washington State Patrol Headquarter,0,1,0,0,0,,,,,,,,,,,,,,,,,,,,,,,,,,,,,,,,,,,,,,,,,,,
2018,478,633777,6,12-10-2018,18:12,10,12,Dec,0,25,Grant,0,10,0,2,2,2,1,0,2,2,,,,12,0,2,Front-to-Front,27,1,0,1,No intersection,3,1,1,3,0,0,0,0,SR-26,,-119.4443278,46.852325,,0,1,50,Lateral Move(Left/Right),10,2,60,4,0,0,1,2,12,1,1,2,1,1,Going Straight,1,1,53,,0,72,706,2013,0,0,12,,,,,,1,1,69,1,7,1,4,7,5,0,11,0,09/30/2017,15:01,53043415,43415,0,0,3,3,1,0,0,0,0,0,,,,,,0,,,,,,99022,53,72,230,6,1,0,1,1,0,0,0,,,,,,0,07-15-2015,07-15-2015,20,8,0,0,0,9,8,,,0,0,0,8,0,2,1,0,0,1,0,0,2,1,0,,,,,,,,,,,,,,,,,,,,,,,,,,,,,,0,0,0,0,0,0,0,0,0,0,0,0,0,0,0,0,1,0,0,0,0,0,0,0,0,1,0,0,1,1,0,0,0,0,1,0,0,0,0,0,0,0,0,0,0,0,0,0,0,0,0,0,,,,,,66-70,66-75,US highway,R,Saturday,,MC,White,0,1,1,0,State Route,State Patrol,Washington State Patrol Headquarter,0,1,0,0,0,,,,,,,,,,,,,,,,,,,,,,,,,,,,,,,,,,,,,,,,,,,
2017,478,632973,22,11-21-2017,21:45,21,11,Nov,0,27,Grays Harbor,0,2,0,2,2,2,1,0,1,1,,,,30,0,0,No vehicle,7.7,1,0,1,No intersection,5,1,2,4,0,0,0,0,CR-OCEAN BEACH RD,,-124.0440167,47.07201667,98550,0,1,7,Control/Traction Loss,9,1,50,4,0,0,1,2,30,1,1,2,1,1,Going Straight,1,2,53,,0,20,37,2013,0,0,68,12,12,,,,1,1,42,1,0,0,2,0,3,0,11,4,,,,,0,0,3,3,1,28,0,0,0,92,,,,,,0,,,,,,99347,53,71,320,6,1,0,2,1,4,0,97,,,,,,0,01-15-2014,08-15-2017,8,0,0,0,8,9,8,,,0,0,0,8,0,2,1,0,0,1,0,0,2,1,0,,,,,,,,,,,,,,,,,,,,,,,,,,,,,,0,0,0,0,0,0,0,0,0,0,0,0,0,0,0,0,1,0,0,0,0,0,0,0,0,1,0,0,1,1,0,0,0,0,0,,0,0,0,0,0,0,0,0,1,0,0,0,0,0,0,0,,,,,,41-45,36-45,US highway,R,Saturday,Belt Used,PV,Not Fatal,0,1,1,0,State Route,State Patrol,Washington State Patrol Headquarter,0,1,0,0,0,,,,,,,,,,,,,,,,,,,,,,,,,,,,,,,,,,,,,,,,,,,
2021,479,636104,1,11-17-2021,05:16,17,11,Nov,,77,Yakima,2590,1,,2,1,2,1,1,1,1,,,,8,0,0,No vehicle,35.5,1,0,1,No intersection,1,2,1,1,0,0,0,0,I-82,,-120.4720389,46.57438333,98901,0,1,13,Pedestrian/Animal,80,5,60,6,0,0,1,2,8,3,2,2,3,14,Making a U turn,1,1,4,,0,45,31,2005,0,0,16,,,,,,1,1,54,1,7,78,4,7,3,0,11,0,09/28/2017,19:30,53042775,42775,0,0,3,3,1,0,0,0,0,0,,,,,,0,,,,,,98394,53,73,225,6,1,0,0,0,0,0,0,,,,,,0,,,20,0,0,0,0,9,8,,,0,0,0,8,0,2,1,0,0,1,0,0,2,1,0.025,,,,,,,,,,,,,,,,,,,,,,,,,,,,,,0,0,0,0,1,0,0,0,0,0,0,0,0,0,0,0,0,0,0,0,0,0,0,0,0,0,0,0,0,1,0,0,0,0,0,,1,0,0,0,1,0,0,0,0,0,0,0,1,0,0,1,,,,,,51-55,46-55,County road,R,Thursday,Belt Used,PV,API,0,0,0,0,County Road,County Sheriff,Mason County Sheriff's Office,0,0,1,0,0,,,,,,,,,,,,,,,,,,,,,,,,,,,,,,,,,,,,,,,,,,,
2019,479,3824332,263,11-27-2019,18:59,27,11,Nov,,33,King,1960,1,0,3,1,1,1,1,2,1,,,,8,0,0,No vehicle,0,1,0,1,No intersection,7,2,4,6,0,0,0,0,42ND AVE SW,,-122.3854917,47.55998889,98116,0,1,13,Pedestrian/Animal,80,5,30,34,0,0,1,5,8,1,1,2,1,1,Going Straight,2,2,53,,0,49,40,2012,0,0,9,,,,,,1,1,24,2,0,0,0,0,3,0,11,0,,,,,0,0,0,3,1,0,0,0,0,6,,,,,,99,,,,,,98682,53,62,130,6,1,0,0,0,2,0,97,,,,,,0,10-15-2013,07-15-2014,20,0,0,0,8,9,8,,,0,0,0,8,9,2,1,0,0,1,0,0,2,1,0,,,,,,,,,,,,,,,,,,,,,,,,,,,,,,0,0,0,1,0,0,0,0,0,1,1,1,0,0,0,0,1,0,0,0,0,0,0,1,1,0,0,0,0,1,0,0,1,0,0,,0,0,0,0,0,0,0,0,1,0,0,0,0,0,0,0,,,,,,21-25,16-25,County road,U,Wednesday,Belt Used,PV,Not Fatal,1,0,0,0,County Road,County Sheriff,Clark County Sheriff's Office,0,0,1,0,0,,,,,,,,,,,,,,,,,,,,,,,,,,,,,,,,,,,,,,,,,,,
2020,479,635282,150,12-10-2020,00:00,10,12,Dec,,27,Grays Harbor,930,5,,3,2,2,1,0,1,1,,,,24,0,0,No vehicle,0,1,0,1,No intersection,5,2,4,6,0,0,0,0,ENDRESEN RD,,-123.9008778,46.98900278,98550,0,1,1,Driver Off Road,13,2,25,80,0,0,1,2,24,3,1,2,1,14,Making a U turn,1,2,53,,0,7,482,2003,0,0,8,,,,,,1,1,53,1,0,0,0,0,3,0,11,0,,,,,0,0,0,3,1,0,0,0,0,0,,,,,,0,,,,,,97360,41,68,250,6,1,0,0,0,0,0,0,,,,,,0,,,20,0,0,0,8,9,8,,,0,0,0,8,0,0,0,0,0,0,0,0,0,0,996,,,,,,,,,,,,,,,,,,,,,,,,,,,,,,0,0,0,0,0,0,0,0,0,0,0,0,0,0,0,0,0,0,0,0,0,0,0,0,0,0,0,0,0,0,0,1,0,0,0,,0,0,0,0,0,0,0,0,0,0,0,0,0,0,0,0,,,,,,51-55,46-55,State route,R,Sunday,Belt Used,PV,Not Fatal,0,0,0,0,State Route,State Patrol,Washington State Patrol Headquarter,0,1,0,0,0,,,,,,,,,,,,,,,,,,,,,,,,,,,,,,,,,,,,,,,,,,,
2018,479,633779,16,12-28-2018,14:10,28,12,Dec,0,15,Cowlitz,0,2,0,1,2,2,1,0,1,1,,,,42,0,0,No vehicle,0.6,1,0,1,No intersection,5,1,2,4,0,0,0,0,CR-MOUNT PLEASANT RD,,-122.8563528,46.06271389,98609,0,1,6,Drive off road,12,2,35,63,0,0,1,7,42,1,2,2,1,1,Going Straight,1,3,53,,0,12,422,2004,0,0,9,,,,,,1,1,18,2,0,0,0,0,3,0,11,0,,,,,0,0,3,3,1,0,0,0,0,0,,,,,,0,,,,,,98053,53,68,120,6,1,0,0,0,0,0,0,,,,,,0,,,20,0,0,0,8,9,2,,,0,0,0,0,0,0,0,0,0,0,0,0,0,0,996,,,,,,,,,,,,,,,,,,,,,,,,,,,,,,0,0,0,0,0,0,0,0,0,1,0,1,0,0,0,0,0,0,0,0,0,1,1,0,1,0,0,0,0,1,0,0,1,0,0,,0,0,0,0,0,0,0,0,0,0,0,0,0,0,0,0,,,,,,18-20,16-25,State route,U,Saturday,Belt Used,PV,Not Fatal,0,0,0,0,State Route,State Patrol,Washington State Patrol Headquarter,0,1,0,0,0,,,,,,,,,,,,,,,,,,,,,,,,,,,,,,,,,,,,,,,,,,,
2017,479,632967,7,11-13-2017,18:06,13,11,Nov,0,33,King,0,6,0,3,2,2,1,0,3,1,,,,7,0,0,No vehicle,0.1,1,0,1,No intersection,7,2,2,4,0,0,0,0,CR-SE 179TH ST,,-122.1281667,47.44146111,98058,0,1,0,Others,98,7,25,14,0,0,1,2,7,1,1,2,1,1,Going Straight,3,1,53,,0,12,481,2008,0,0,12,63,1,,,,1,1,43,1,0,0,1,0,3,0,11,4,,,,,0,0,2,2,1,74,0,0,0,0,,,,,,0,,,,,,98367,53,67,180,6,1,0,0,0,0,0,0,,,,,,0,,,1,0,0,0,8,9,8,,,0,0,0,8,0,0,0,0,0,0,0,0,0,0,996,,,,,,,,,,,,,,,,,,,,,,,,,,,,,,0,0,0,1,0,0,1,1,1,0,0,0,0,0,0,0,1,0,0,1,0,1,1,0,1,0,0,0,0,1,0,0,0,0,0,,0,0,0,0,0,0,0,0,0,0,0,0,0,0,0,0,,,,,,41-45,36-45,County road,R,Sunday,Belt Used,PV,Not Fatal,1,0,0,0,County Road,County Sheriff,Kitsap County Sheriff's Office,0,0,1,0,0,,,,,,,,,,,,,,,,,,,,,,,,,,,,,,,,,,,,,,,,,,,
2019,480,3736820,263,12-06-2019,14:22,6,12,Dec,,33,King,1960,10,0,1,1,1,1,0,1,1,,,,33,0,0,No vehicle,0,1,0,1,No intersection,7,2,4,6,0,0,0,0,SEAVIEW AVE NW,,-122.4063111,47.67263889,98107,0,1,1,Driver Off Road,13,2,30,80,0,0,1,2,30,3,1,2,1,14,Making a U turn,1,2,53,,0,37,31,1999,0,0,12,68,64,1,,,1,1,18,2,0,0,3,0,3,0,11,4,,,,,0,0,0,3,1,39,0,0,0,93,,,,,,0,,,,,,98335,53,71,150,6,1,0,0,0,0,0,97,,,,,,0,,,1,0,0,0,8,9,8,,,0,0,0,8,0,2,695,0,0,1,0,0,2,1,0,,,,,,,,,,,,,,,,,,,,,,,,,,,,,,0,0,0,1,0,0,1,1,1,0,0,0,0,0,0,0,1,0,0,1,0,1,1,0,1,0,0,0,0,1,0,0,0,0,0,,0,0,0,0,0,0,1,1,1,0,0,0,0,0,1,0,,,,,,18-20,16-25,County road,R,Sunday,Belt Used,PV,Not Fatal,1,0,0,0,County Road,County Sheriff,Kitsap County Sheriff's Office,0,0,1,0,0,,,carboxy-thc,8.4,,,,,,,,,,,,,,,,,,,,,,,,,,,,,,,,,,,,,,,
2021,480,636106,146,11-07-2021,16:40,7,11,Nov,,77,Yakima,0,1,,1,1,2,1,0,3,3,,,,12,0,7,"Sideswipe,Same",32.3,1,0,1,No intersection,5,1,2,4,0,0,0,0,CR-YAKIMA VALLEY HWY,,-119.9463806,46.28823056,98944,0,2,98,Others,62,4,55,4,0,0,1,2,12,1,1,2,1,1,Going Straight,1,1,53,,0,7,27,2012,0,0,63,8,,,,,1,1,61,2,0,0,0,0,3,0,11,0,,,,,0,0,0,3,1,0,0,0,0,93,,,,,,0,,,,,,98380,53,64,140,6,1,0,0,0,2,0,97,,,,,,0,05-15-2013,03-15-2014,20,0,0,0,8,9,8,,,0,0,0,8,0,0,0,0,0,0,0,0,0,0,996,,,,,,,,,,,,,,,,,,,,,,,,,,,,,,0,0,0,0,0,0,0,0,0,1,0,1,0,0,0,0,1,0,0,0,0,0,0,0,0,0,0,0,0,1,0,1,0,0,0,,0,0,0,0,0,0,0,0,1,0,0,0,0,0,0,0,,,,,,61-65,56-65,County road,R,Thursday,Belt Used,PV,Not Fatal,0,0,0,0,County Road,County Sheriff,Law Enforcement Support Agency,0,0,1,0,0,,,,,,,,,,,,,,,,,,,,,,,,,,,,,,,,,,,,,,,,,,,
2021,480,636105,146,11-07-2021,16:40,7,11,Nov,,77,Yakima,0,1,,1,1,2,1,0,3,3,,,,12,0,7,"Sideswipe,Same",32.3,1,0,1,No intersection,5,1,2,4,0,0,0,0,CR-YAKIMA VALLEY HWY,,-119.9463806,46.28823056,98944,0,1,47,Others,10,2,55,14,0,0,1,2,12,1,1,2,1,6,Others,1,1,53,,0,19,18,2008,0,0,8,,,,,,1,1,67,1,0,0,0,0,3,0,11,0,,,,,0,0,3,3,1,38,0,0,0,93,,,,,,9,,,,,,99217,53,67,180,6,1,0,1,1,1,0,9,,,,,,0,02-15-2014,10-15-2014,20,0,0,0,8,9,8,,,0,0,0,1,9,8,95,0,0,6,0,0,8,95,995,,,,,,,,,,,,,,,,,,,,,,,,,,,,,,0,0,0,1,0,0,0,0,0,0,0,0,0,0,0,0,1,0,1,0,0,0,0,0,0,1,0,0,0,1,0,1,0,0,0,,0,0,0,0,0,0,0,0,1,0,1,0,0,0,0,0,,,,,,66-70,66-75,City street,U,Monday,Belt Used,PV,Not Fatal,1,0,0,0,City Street,Municipal/City Police,Spokane Police Department,0,0,0,1,0,,,,,,,,,,,,,,,,,,,,,,,,,,,,,,,,,,,,,,,,,,,
2020,480,635285,278,12-09-2020,19:49,9,12,Dec,,63,Spokane,2110,1,,3,1,2,1,1,1,1,19:51,19:56,,8,0,0,No vehicle,0,3,0,2,4 Way,4,2,4,6,0,0,0,0,S HOWARD ST,W 3rd Ave,-117.4210556,47.65348056,99204,0,1,13,Pedestrian/Animal,80,5,30,14,0,0,1,5,8,8,8,2,4,10,Others,1,1,53,,0,13,421,1998,0,0,8,,,,,,1,1,86,1,0,0,0,0,3,0,11,0,,,,,0,0,3,3,1,38,0,0,0,96,,,,,,99,,,,,,98901,53,64,185,6,1,0,0,0,0,0,46,,,,,,0,,,20,0,0,0,8,9,8,,,0,0,0,8,0,0,0,0,0,0,0,0,0,0,996,,,,,,,,,,,,,,,,,,,,,,,,,,,,,,0,0,0,1,0,0,0,0,0,0,0,0,0,0,0,0,0,0,1,0,0,0,0,0,0,1,1,1,0,1,0,1,0,0,0,,0,0,0,0,0,0,0,0,0,0,1,0,0,0,0,0,,,,,,81+,76+,City street,U,Friday,Belt Used,PV,Not Fatal,1,0,0,0,City Street,Municipal/City Police,Selah Police Department,0,0,0,1,0,,,,,,,,,,,,,,,,,,,,,,,,,,,,,,,,,,,,,,,,,,,
2018,480,633781,7,12-30-2018,04:55,30,12,Dec,0,33,King,1960,10,0,3,2,2,1,0,2,2,,,,24,0,0,No vehicle,161.1,1,0,1,No intersection,1,2,1,1,0,0,0,0,I-5,,-122.3097,47.54693611,98108,0,2,98,Others,98,7,60,20,0,0,1,5,54,4,1,5,3,14,Making a U turn,1,1,53,,0,49,422,2010,0,0,15,,,,,,1,1,74,1,0,0,0,0,3,0,11,0,,,,,0,0,3,3,1,0,0,0,0,0,,,,,,0,,,,,,99019,53,70,195,6,1,0,0,0,0,0,0,,,,,,0,,,20,0,0,0,8,9,8,,,0,0,0,8,0,2,1,0,0,1,0,0,2,1,0,,,,,,,,,,,,,,,,,,,,,,,,,,,,,,0,0,0,0,0,0,0,0,0,0,0,0,0,0,0,0,0,1,0,0,0,0,0,0,0,1,1,0,0,1,0,1,0,0,0,,0,0,0,0,0,0,0,0,0,0,0,0,0,0,0,0,,,,,,71-75,66-75,County road,U,Friday,Belt Used,PV,Not Fatal,0,0,0,0,City Street,Municipal/City Police,LIBERTY LAKE POLICE DEPT,0,0,0,1,0,,,,,,,,,,,,,,,,,,,,,,,,,,,,,,,,,,,,,,,,,,,
2018,480,633780,7,12-30-2018,04:55,30,12,Dec,0,33,King,1960,10,0,3,2,2,1,0,2,2,,,,24,0,0,No vehicle,161.1,1,0,1,No intersection,1,2,1,1,0,0,0,0,I-5,,-122.3097,47.54693611,98108,0,1,7,Control/Traction Loss,6,1,60,14,0,0,1,7,1,4,1,5,3,14,Making a U turn,1,1,53,,0,55,33,2016,0,0,8,,,,,,1,1,70,2,0,0,0,0,3,0,11,0,,,,,0,0,0,3,1,0,0,0,0,0,,,,,,0,,,,,,98499,53,67,220,6,1,0,0,0,0,0,0,,,,,,0,,,20,0,0,0,8,9,8,,,0,0,0,8,0,0,0,0,0,0,0,0,0,0,996,,,,,,,,,,,,,,,,,,,,,,,,,,,,,,0,0,0,0,0,0,0,0,0,1,1,1,0,0,0,0,0,0,0,0,0,0,0,0,0,1,1,0,0,1,0,1,0,0,0,,0,0,0,0,0,0,0,0,0,0,0,0,0,0,0,0,,,,,,66-70,66-75,County road,U,Saturday,Belt Used,PV,Not Fatal,0,0,0,0,City Street,Municipal/City Police,Lakewood Police Department,0,0,0,1,0,,,,,,,,,,,,,,,,,,,,,,,,,,,,,,,,,,,,,,,,,,,
2017,480,632968,229,11-15-2017,19:05,15,11,Nov,0,21,Franklin,1660,2,0,3,2,5,1,0,1,1,,,,38,0,0,No vehicle,0,1,0,1,No intersection,7,2,4,6,0,0,0,0,BOULDER DR,,-119.179875,46.27871389,99301,0,1,7,Control/Traction Loss,12,2,25,34,0,0,1,2,19,1,1,2,1,1,Going Straight,1,1,53,,0,76,705,1981,0,0,64,24,,,,,1,1,22,1,7,1,4,7,5,0,11,0,10-06-2017,20:18,1.96E+11,43656,0,0,0,2,1,0,0,0,0,96,,,,,,9,,,,,,98103,53,70,150,6,1,0,3,1,2,0,0,,,,,,4,06-15-2014,06-15-2017,20,8,0,0,0,9,8,,,0,0,0,8,1,2,605,0,0,1,0,0,2,1,0.038,,,,,,,,,,,,,,,,,,,,,,,,,,,,,,0,0,0,0,1,0,1,1,1,0,0,0,1,0,1,0,0,0,0,0,0,0,0,1,1,0,0,0,1,0,0,0,0,0,1,0,0,0,0,0,1,0,1,1,0,1,0,0,0,0,0,1,,,,,,21-25,16-25,Interstate,U,Friday,,MC,White,0,1,0,0,State Route,State Patrol,Washington State Patrol Headquarter,1,1,0,0,0,thc,44,carboxy-thc,20,,,,,,,,,,,,,,,,,,,,,,,,,,,,,,,,,,,,,,,
2021,480,636107,146,11-07-2021,16:40,7,11,Nov,,77,Yakima,0,1,,1,1,2,1,0,3,3,,,,12,1,7,"Sideswipe,Same",32.3,1,0,1,No intersection,5,1,2,4,0,0,0,0,CR-YAKIMA VALLEY HWY,,-119.9463806,46.28823056,98944,0,3,45,Others,61,4,55,98,0,0,1,5,12,1,1,2,1,1,Going Straight,99,9,99,,0,37,31,2003,0,0,68,63,42,,,,1,1,51,2,7,1,4,7,20,0,11,0,10-03-2017,10:54,53044255,44255,0,0,0,2,1,0,0,0,0,96,,,,,,99,,,,,,98038,53,66,164,1,1,0,0,0,2,1,0,,,,,,4,09-15-2015,09-15-2015,20,1,9,0,0,9,8,,,0,0,0,8,9,2,401,417,0,1,1,0,2,1,0,,,,,,,,,,,,,,,,,,,,,,,,,,,,,,0,0,0,0,0,0,1,1,0,0,0,0,1,1,0,0,0,0,0,1,0,0,0,0,0,0,0,0,0,1,0,0,0,1,0,,1,0,0,0,0,0,1,1,0,1,0,1,0,0,1,0,,,,,,51-55,46-55,County road,R,Tuesday,Not Used,PV,White,0,1,0,0,County Road,County Sheriff,King County Police,1,0,1,0,0,,,,,,,,,,,,,,,,,,,,,,,,,,,,,,,,,,,,,,,,,,,
2021,481,636102,8,11-09-2021,15:07,9,11,Nov,,45,Mason,2000,2,,1,2,2,2,0,8,3,,,,12,0,1,Front-to-Rear,347,1,0,1,No intersection,2,1,1,2,0,0,0,0,US-101,,-123.1179194,47.19269167,98584,0,2,29,Others,53,3,60,1,0,0,1,2,12,1,2,2,1,2,Others,4,1,41,,0,7,20,2002,0,0,12,,,,,,1,1,29,1,0,0,3,0,3,0,11,5,,,,,0,0,3,3,1,0,0,0,0,0,,,,,,0,,,,,,98520,53,70,180,6,1,0,1,0,0,0,0,,,,,,0,07-15-2014,07-15-2014,1,0,0,0,8,9,8,,,0,0,0,8,0,0,0,0,0,0,0,0,0,0,996,,,,,,,,,,,,,,,,,,,,,,,,,,,,,,0,0,0,0,1,1,1,1,1,0,0,0,1,0,0,0,0,0,0,0,0,0,0,0,0,0,0,0,0,1,0,0,0,0,0,,0,0,0,0,0,0,0,0,0,0,0,0,0,0,0,0,,,,,,26-30,26-35,State route,R,Saturday,Belt Used,PV,Not Fatal,0,1,1,0,State Route,State Patrol,Washington State Patrol Headquarter,0,1,0,0,0,,,,,,,,,,,,,,,,,,,,,,,,,,,,,,,,,,,,,,,,,,,
2021,481,636103,8,11-09-2021,15:07,9,11,Nov,,45,Mason,2000,2,,1,2,2,2,0,8,3,,,,12,0,1,Front-to-Rear,347,1,0,1,No intersection,2,1,1,2,0,0,0,0,US-101,,-123.1179194,47.19269167,98584,0,3,98,Others,53,3,60,6,0,0,1,2,12,1,2,2,1,2,Others,1,1,53,,0,34,35,1998,0,0,68,12,63,1,,,1,1,30,1,0,0,0,0,3,0,11,0,,,,,0,0,0,3,1,28,0,0,0,96,,,,,,9,,,,,,98528,53,76,290,6,1,0,0,1,6,0,97,,,,,,4,04-15-2014,09-15-2015,1,0,0,0,8,9,2,,,0,0,0,1,1,2,695,0,0,1,0,0,2,1,0.11,,,,,,,,,,,,,,,,,,,,,,,,,,,,,,0,0,0,0,1,1,1,1,1,0,0,0,1,0,0,0,0,0,0,0,0,0,0,0,0,0,0,0,0,1,0,0,0,0,0,,0,0,0,0,0,1,1,1,0,1,0,0,0,0,0,1,,,,,,26-30,26-35,State route,R,Saturday,Belt Used,PV,Not Fatal,0,1,1,0,State Route,State Patrol,Washington State Patrol Headquarter,0,1,0,0,0,,,carboxy-thc,11,,,,,,,,,,,,,,,,,,,,,,,,,,,,,,,,,,,,,,,
2021,481,636101,8,11-09-2021,15:07,9,11,Nov,,45,Mason,2000,2,,1,2,2,2,0,8,3,,,,12,0,1,Front-to-Rear,347,1,0,1,No intersection,2,1,1,2,0,0,0,0,US-101,,-123.1179194,47.19269167,98584,0,1,28,Others,52,3,60,6,0,0,1,2,12,1,2,2,1,1,Going Straight,3,1,53,,0,34,706,2003,0,0,12,,,,,,1,1,76,1,7,1,4,7,5,0,11,0,09/27/2017,10:13,1.73E+11,42252,0,0,0,3,1,0,0,0,0,0,,,,,,0,,,,,,98597,53,70,230,6,1,0,0,0,0,0,0,,,,,,0,,,20,8,0,0,0,9,8,,,0,0,0,8,9,2,1,0,0,1,0,0,2,1,0,,,,,,,,,,,,,,,,,,,,,,,,,,,,,,0,0,0,0,0,0,1,1,1,0,0,0,0,0,0,0,0,0,0,0,0,0,0,0,0,1,1,1,1,1,0,0,0,0,1,0,0,0,0,0,0,0,0,0,0,0,0,0,0,0,0,0,,,,,,76-80,76+,State route,R,Wednesday,,MC,White,0,1,1,0,State Route,State Patrol,Washington State Patrol Headquarter,0,1,0,0,0,,,,,,,,,,,,,,,,,,,,,,,,,,,,,,,,,,,,,,,,,,,