year,something,Cases,repjur,crash_dt,crash_tm,accday,Month,Month,holiday,county,co_char,city,weather,weather2,lightcond,surfcond,surftype,Number of Fatalities,nmforms,pforms,vforms,not_tm,arr_tm,hosp_tm,fhevent,hitrun,Manner of Collision,Manner of Collision,milepnt,reljunc,reljuncinter,intersectiontype,Intersection Type,funcsystem,landuse,ownership,route,schlbus,spejur,contdev,devfunc,trafid1,trafid2,x,y,zipcode,wk_zone,vnumber,crashtype,Crash Type,criticalevent,criticaleventcat,spdlim,body,trailer,emerg,hazcargo,leave,mhevent,roadalgn,roadprof,traflane,trafflow,Vehicle Manure,Vehicle Manure,numoccs,regowner,regstate,,spuse,make,model,modelyr,vrf1,vrf2,seqevent1,seqevent2,seqevent3,seqevent4,seqevent5,seqevent6,pnumber,ptype,age,sex,hispanic,race,injury,diedscene,restraint,restraintmisuse,seatpos,takehosp,death_dt,death_tm,cert,cernum_wa,commlic,licendor,licrestrict,liccomp,drivpres,drf1,drf2,drf3,drf4,distract1,distract2,distract3,distract4,distract5,distract6,dricond1,dricond2,dricond3,dricond4,dricond5,dricond6,dzip,licstate,drhgt_in,weight,noncdl,noncdltype,prevdwi,prevoth,prevacc,prevspd,prevsus,driviol1,driviol2,driviol3,driviol4,driviol5,driviol6,spdrel,first_dt,last_dt,airbag,ejection,ejectpath,extricat,injurwrk,methalc,methdrug,nmlocat,strikveh,prf1,prf2,prf3,druginv,alcinvol,drugsts,drugres1,drugres2,drugres3,drugtst1,drugtst2,drugtst3,alcsts,alctst,alcres,nmact1,nmact2,nmact3,nmact4,nmact5,nmact6,nmprior1,nmprior2,nmprior3,nmprior4,nmprior5,nmprior6,nmcond1,nmcond2,nmcond3,nmcond4,nmcond5,nmcond6,nmsafe_helmet,nmsafe_pads,nmsafe_oth,nmprev_ref,nmprev_lgt,nmprev_oth,crashlocation,nmcrashtype,crosswalk,schoolzone,sidewalk,train_inv,wildlife_inv,rotr_fars,intersect_fars,Drink and Drive,aid_inv,Drug Positive Drivers,Impaired Drivers,Marijuana Positive,impnm_inv,ainm_inv,dpnm_inv,speed_inv,unlic_inv,unendmc_inv,drowsy_inv,drdist_inv,nmdist_inv,fty_inv,unrestfat_inv,dr1617_inv,dr1820_inv,dr1620_inv,dr2125_inv,dr1625_inv,dr65_inv,dr70_inv,dr75_inv,mc_inv,pv_inv,ht_inv,ped_inv,bike_inv,unrest_fat,mc_fat,unhelmet_mc,pv_fat,ht_fat,ped_fat,bike_fat,dr_alc7,dr_alc8,dr_drug,dr_imp,dr_dist,dr_spd,dr_fty,dr_unlic,dr_alc7only,dr_alc8only,dr_drugonly,dr_drink,nm_imp,nm_alc7,nm_alc8,nm_drug,nm_dist,agegrp1,agegrp2,roadclass,urbrur,dayweek,restuse,vehtype,race_me,intersect,lanedep,oppdir,wrongway,rep_typ,investag,repag_long,rotr,st_rd,cty_rd,city_rd,oth_rd,drug_thc,thc_res,drug_cthc,cthc_res,drug_cann,prevpersemin,prevperse,prevsusoth,drugtst4,drugtst5,drugtst6,drugtst7,drugtst8,drugres4,drugres5,drugres6,drugres7,drugres8,adspresent,adsengaged,adslevel,race1,race2,race3,race4,race5,helmet,helmetmisuse,nmdistract1,nmdistract2,nmdistract3,nmdistract4,nmdistract5,nmdistract6,lab,isedtcase,crf1,crf2,crf3,CoRoadName,CoMP,IntCoRoadName,IntCoMP
2020,481,635286,146,12-09-2020,15:32,9,12,Dec,,77,Yakima,0,1,,1,1,2,1,0,1,1,15:43,15:46,,1,0,0,No vehicle,9,1,0,1,No intersection,6,1,2,4,0,3,0,0,CR-N TRACK RD,,-120.3519528,46.40535833,98951,0,1,2,Control/Traction Loss,9,1,50,4,0,0,1,2,1,1,1,2,1,1,Going Straight,1,2,53,,0,37,32,2008,0,0,68,12,,,,,1,1,58,1,0,0,1,0,3,0,11,4,,,,,0,0,0,3,1,28,33,0,0,96,,,,,,9,,,,,,98383,53,70,160,6,1,0,0,0,1,0,1,,,,,,0,01-15-2013,01-15-2013,8,0,0,0,8,9,2,,,0,0,0,1,9,2,300,605,996,1,1,1,2,1,0,,,,,,,,,,,,,,,,,,,,,,,,,,,,,,0,0,0,0,0,0,1,1,1,0,0,0,0,0,0,0,0,0,0,0,0,0,0,0,0,1,1,1,1,1,0,0,0,0,0,,0,0,0,0,0,0,1,1,0,0,0,0,0,0,1,0,,,,,,56-60,56-65,State route,R,Wednesday,Belt Used,PV,Not Fatal,0,1,1,0,State Route,State Patrol,Washington State Patrol Headquarter,0,1,0,0,0,thc,3.3,carboxy-thc,18,,,,,,,,,,,,,,,,,,,,,,,,,,,,,,,,,,,,,,,
2018,481,633784,6,12-27-2018,21:40,27,12,Dec,0,25,Grant,0,5,0,2,2,2,1,1,3,1,,,,8,0,0,No vehicle,157.6,1,0,1,No intersection,1,1,1,1,0,0,0,0,I-90,,-119.6696694,47.10386667,98824,0,1,13,Pedestrian/Animal,80,5,70,67,0,0,1,5,8,1,1,2,3,1,Going Straight,3,1,53,,0,82,881,2012,0,0,12,12,,,,,1,1,48,1,0,0,0,0,99,0,11,0,,,,,6,3,3,3,1,0,0,0,0,93,,,,,,0,,,,,,98023,53,67,160,6,1,0,1,0,1,0,0,,,,,,0,06-15-2013,08-15-2015,20,0,0,0,8,9,8,,,0,0,0,8,0,2,1,0,0,1,0,0,2,1,0,,,,,,,,,,,,,,,,,,,,,,,,,,,,,,0,0,0,0,0,0,0,0,0,0,0,0,0,0,0,0,1,0,0,0,0,1,1,0,1,0,0,0,0,1,1,0,0,0,0,,0,0,0,0,0,0,0,0,1,0,0,0,0,0,0,0,,,,,,46-50,46-55,Interstate,R,Monday,,MHTRUCK,Not Fatal,0,0,0,0,State Route,State Patrol,Washington State Patrol Headquarter,0,1,0,0,0,,,,,,,,,,,,,,,,,,,,,,,,,,,,,,,,,,,,,,,,,,,
2017,481,632969,11,11-05-2017,19:36,5,11,Nov,0,5,Benton,0,2,0,2,2,2,1,1,1,1,,,,8,0,0,No vehicle,0,1,0,1,No intersection,4,2,2,4,0,0,0,0,CR-COLUMBIA PARK TRAIL,,-119.2865944,46.25012778,99352,0,1,13,Pedestrian/Animal,80,5,40,34,0,0,1,2,8,1,2,2,8,1,Going Straight,1,1,53,,0,49,32,2003,0,0,12,12,,,,,1,1,18,1,0,0,0,0,99,0,11,0,,,,,0,0,0,3,1,0,0,0,0,96,,,,,,0,,,,,,98848,53,66,170,6,1,0,0,0,0,0,0,,,,,,0,,,20,0,0,0,8,9,8,,,0,0,0,8,0,0,0,0,0,0,0,0,0,0,996,,,,,,,,,,,,,,,,,,,,,,,,,,,,,,0,0,0,0,0,0,0,0,0,0,0,0,0,0,0,0,1,0,0,0,0,1,1,0,1,0,0,0,0,1,1,0,0,0,0,,0,0,0,0,0,0,0,0,0,0,0,0,0,0,0,0,,,,,,18-20,16-25,Interstate,R,Monday,Unknown,PV,Not Fatal,0,0,0,0,State Route,State Patrol,Washington State Patrol Headquarter,0,1,0,0,0,,,,,,,,,,,,,,,,,,,,,,,,,,,,,,,,,,,,,,,,,,,
2020,482,635288,4,12-10-2020,17:58,10,12,Dec,,63,Spokane,0,1,,3,1,2,1,0,2,2,18:05,18:09,,12,0,6,Angle,268.7,8,0,1,No intersection,3,2,1,2,0,0,0,0,US-2,,-117.6141556,47.64294444,99022,0,2,83,Others,72,4,55,65,0,0,1,5,12,1,1,5,5,1,Going Straight,1,1,41,,0,69,54,2015,0,0,12,12,,,,,1,1,28,2,0,0,2,0,3,0,11,5,,,,,0,0,0,3,1,0,0,0,0,0,,,,,,0,,,,,,92571,6,61,135,6,1,0,1,0,0,0,0,,,,,,0,05-15-2017,05-15-2017,20,0,0,0,8,9,8,,,0,0,0,8,0,0,0,0,0,0,0,0,0,0,996,,,,,,,,,,,,,,,,,,,,,,,,,,,,,,0,0,0,0,0,0,0,0,0,0,0,0,0,0,0,0,1,0,0,0,0,1,1,0,1,0,0,0,0,1,1,0,0,0,0,,0,0,0,0,0,0,0,0,0,0,0,0,0,0,0,0,,,,,,26-30,26-35,Interstate,R,Monday,Belt Used,PV,Not Fatal,0,0,0,0,State Route,State Patrol,Washington State Patrol Headquarter,0,1,0,0,0,,,,,,,,,,,,,,,,,,,,,,,,,,,,,,,,,,,,,,,,,,,
2021,482,636109,2,11-18-2021,12:50,18,11,Nov,,61,Snohomish,0,10,,1,1,2,2,0,3,2,,,,12,0,2,Front-to-Front,17.9,1,0,1,No intersection,3,2,1,3,0,0,0,0,SR-002,,-121.90815,47.85485,98272,0,2,51,Lateral Move(Going Straight),62,4,55,63,1,0,1,2,12,1,1,2,1,1,Going Straight,1,3,53,,0,49,401,1990,0,0,63,42,1,42,,,1,1,22,1,7,1,4,7,20,0,11,0,10-01-2017,01:15,86053043083,43083,0,0,0,3,1,0,0,0,0,96,,,,,,9,,,,,,98258,53,67,175,6,1,0,3,1,1,0,0,,,,,,4,04-15-2015,12-15-2015,20,1,9,0,0,9,8,,,0,0,0,8,1,2,605,0,0,1,0,0,2,1,0.12,,,,,,,,,,,,,,,,,,,,,,,,,,,,,,0,0,0,0,1,1,1,1,1,0,0,0,1,0,0,0,0,0,0,1,0,0,0,1,1,0,0,0,0,1,0,0,0,1,0,,1,0,0,0,0,1,1,1,0,1,0,0,0,0,0,1,,,,,,21-25,16-25,County road,R,Sunday,Not Used,PV,White,0,1,0,0,County Road,County Sheriff,Snohomish County Sheriff's Office,1,0,1,0,0,thc,34,carboxy-thc,91,,,,,,,,,,,,,,,,,,,,,,,,,,,,,,,,,,,,,,,
2021,482,636108,2,11-18-2021,12:50,18,11,Nov,,61,Snohomish,0,10,,1,1,2,2,0,3,2,,,,12,0,2,Front-to-Front,17.9,1,0,1,No intersection,3,2,1,3,0,0,0,0,SR-002,,-121.90815,47.85485,98272,0,1,50,Lateral Move(Left/Right),10,2,55,14,0,0,1,2,12,1,1,2,1,1,Going Straight,2,2,53,,0,55,33,2010,0,0,63,42,,,,,1,1,23,1,7,2,4,7,99,0,11,0,07/16/2017,03:53,1.03E+11,31902,0,0,0,3,1,0,0,0,0,96,,,,,,99,,,,,,77433,48,,999,6,1,0,0,0,0,0,0,,,,,,0,,,99,0,0,0,0,9,8,,,0,0,0,8,9,2,605,0,0,1,0,0,2,1,0.16,,,,,,,,,,,,,,,,,,,,,,,,,,,,,,0,0,1,0,1,1,1,1,1,0,0,0,0,0,0,0,0,0,0,0,0,0,0,1,1,0,0,0,0,1,0,0,0,0,0,,1,0,0,0,0,1,1,1,0,0,0,0,0,0,0,1,,,,,,21-25,16-25,Interstate,U,Sunday,Unknown,PV,Black,0,1,0,0,State Route,State Patrol,Washington State Patrol Headquarter,1,1,0,0,0,thc,4,,,,,,,,,,,,,,,,,,,,,,,,,,,,,,,,,,,,,,,,,
2020,482,635287,4,12-10-2020,17:58,10,12,Dec,,63,Spokane,0,1,,3,0,0,1,0,2,2,18:05,18:09,,12,0,6,Angle,268.7,8,0,1,No intersection,3,2,1,2,0,0,20,3,US-2,,-117.6141556,47.64294444,99022,0,1,82,Turn Into Opp Direction(Turning Left),15,2,0,14,0,0,1,2,12,0,0,0,0,11,Turning Red: Permitted on red,1,2,53,,0,20,481,2007,0,0,63,38,42,1,14,14,1,1,66,1,7,1,4,7,20,0,11,0,09/27/2017,23:59,73553042999,42999,0,0,0,3,1,0,0,0,0,96,,,,,,99,,,,,,98106,53,70,200,6,1,0,0,1,0,1,0,,,,,,3,09-15-2013,11-15-2016,20,1,9,0,0,9,8,,,0,0,0,8,9,2,605,996,0,1,1,0,2,1,0.22,,,,,,,,,,,,,,,,,,,,,,,,,,,,,,0,0,1,0,1,1,1,1,1,0,0,0,1,0,0,0,0,0,0,0,0,0,0,0,0,1,0,0,0,1,0,0,0,1,0,,0,0,0,0,0,1,1,1,0,1,0,0,0,0,0,1,,,,,,66-70,66-75,City street,U,Wednesday,Not Used,PV,White,0,1,0,0,City Street,Municipal/City Police,Federal Way Dept of Public Safety,1,0,0,1,0,thc,21,carboxy-thc,32,,,,,,,,,,,,,,,,,,,,,,,,,,,,,,,,,,,,,,,
2019,482,634513,21,12-06-2019,16:03,6,12,Dec,,25,Grant,0,1,0,5,1,2,1,0,4,2,,,,12,0,2,Front-to-Front,0.7,1,0,1,No intersection,5,1,2,4,0,0,0,0,CR-ROAD 7 NE,,-119.262925,47.18964722,98837,0,2,51,Lateral Move(Going Straight),62,4,55,34,0,0,1,7,12,1,1,2,1,1,Going Straight,3,2,53,,0,84,884,1997,0,0,12,68,2,,,,1,1,48,1,0,0,0,0,3,0,11,0,,,,,6,3,0,3,1,0,0,0,0,0,,,,,,0,,,,,,98944,53,68,250,6,1,0,3,1,0,0,0,,,,,,0,06-15-2013,09-15-2017,99,0,0,0,8,9,8,,,0,0,0,8,0,0,0,0,0,0,0,0,0,0,996,,,,,,,,,,,,,,,,,,,,,,,,,,,,,,0,0,0,0,1,1,0,1,0,0,0,0,0,0,0,0,0,0,0,0,0,0,0,0,0,0,0,0,0,1,1,0,0,0,0,,0,0,0,0,0,0,0,0,0,0,0,0,0,0,0,0,,,,,,46-50,46-55,State route,R,Monday,,MHTRUCK,Not Fatal,0,1,1,0,State Route,State Patrol,Washington State Patrol Headquarter,0,1,0,0,0,,,,,,,,,,,,,,,,,,,,,,,,,,,,,,,,,,,,,,,,,,,
2019,482,634512,21,12-06-2019,16:03,6,12,Dec,,25,Grant,0,1,0,5,1,2,1,0,4,2,,,,12,0,2,Front-to-Front,0.7,1,0,1,No intersection,5,1,2,4,0,0,0,0,CR-ROAD 7 NE,,-119.262925,47.18964722,98837,0,1,50,Lateral Move(Left/Right),10,2,55,4,0,0,1,7,12,1,1,2,1,1,Going Straight,1,1,53,,0,49,40,1999,0,0,68,12,63,1,64,,1,1,31,1,1,1,4,7,99,0,11,0,09/25/2017,21:37,53041670,41670,0,0,0,3,1,28,0,0,0,96,,,,,,9,,,,,,99321,53,66,162,6,1,0,0,0,2,0,0,,,,,,0,10-15-2014,06-15-2015,8,0,0,0,0,1,8,,,0,0,0,8,1,2,1,0,0,1,0,0,2,1,0.24,,,,,,,,,,,,,,,,,,,,,,,,,,,,,,0,0,0,0,1,1,0,1,0,0,0,0,0,0,0,0,0,0,0,0,0,0,0,0,0,0,0,0,0,1,1,0,0,0,0,,1,0,0,0,0,1,0,1,0,0,0,0,0,1,0,1,,,,,,31-35,26-35,State route,R,Monday,Unknown,PV,Hispanic,0,1,1,0,State Route,State Patrol,Washington State Patrol Headquarter,0,1,0,0,0,,,,,,,,,,,,,,,,,,,,,,,,,,,,,,,,,,,,,,,,,,,
2018,482,633787,7,12-16-2018,16:50,16,12,Dec,0,33,King,0,2,0,3,2,1,1,0,3,2,,,,12,0,6,Angle,29.2,3,1,3,T Intersection,1,2,1,1,0,0,0,0,I-5 RAMP,SR-104,-122.3157194,47.77762222,98043,0,2,83,Others,67,4,35,4,0,0,1,7,12,1,2,2,1,1,Going Straight,1,1,53,,0,13,15,2010,0,0,8,,,,,,1,1,24,1,0,0,0,0,3,0,11,0,,,,,0,0,0,3,1,0,0,0,0,93,,,,,,0,,,,,,98841,53,68,190,6,1,0,1,0,3,2,0,,,,,,0,08-15-2014,07-15-2017,20,0,0,0,8,2,8,,,0,0,0,8,0,0,0,0,0,0,0,0,2,10,0,,,,,,,,,,,,,,,,,,,,,,,,,,,,,,0,0,0,0,0,0,0,0,0,1,0,1,0,0,0,0,1,1,0,0,0,0,0,1,1,0,0,0,0,1,0,1,0,0,0,,0,0,0,0,0,0,0,0,1,0,0,0,0,0,0,0,,,,,,21-25,16-25,State route,U,Thursday,Belt Used,PV,Not Fatal,0,0,0,0,State Route,Municipal/City Police,Omak Police Department,0,1,0,0,0,,,,,,,,,,,,,,,,,,,,,,,,,,,,,,,,,,,,,,,,,,,
2018,482,633786,7,12-16-2018,16:50,16,12,Dec,0,33,King,0,2,0,3,2,1,1,0,3,2,,,,12,0,6,Angle,29.2,3,1,3,T Intersection,1,2,1,1,0,0,20,3,I-5 RAMP,SR-104,-122.3157194,47.77762222,98043,0,1,82,Turn Into Opp Direction(Turning Left),15,2,98,4,0,0,1,7,12,1,2,1,6,11,Turning Red: Permitted on red,2,1,53,,0,2,404,1995,0,0,63,69,1,,,,1,1,20,1,7,1,4,7,20,0,11,0,09/30/2017,05:12,25053042737,42737,0,0,0,3,1,0,0,0,0,92,,,,,,9,,,,,,98038,53,68,130,6,1,0,0,0,3,0,12,,,,,,0,03-15-2016,01-15-2017,20,1,9,0,0,1,8,,,0,0,0,8,1,2,1,0,0,1,0,0,2,1,0.18,,,,,,,,,,,,,,,,,,,,,,,,,,,,,,0,0,0,0,1,1,0,1,0,0,0,0,0,0,0,0,1,0,0,1,0,1,1,0,1,0,0,0,0,1,0,0,0,1,0,,1,0,0,0,0,1,0,1,1,0,0,0,0,1,0,1,,,,,,18-20,16-25,County road,R,Saturday,Not Used,PV,White,0,0,0,0,County Road,County Sheriff,Law Enforcement Support Agency,0,0,1,0,0,,,,,,,,,,,,,,,,,,,,,,,,,,,,,,,,,,,,,,,,,,,
2017,482,632990,2,11-22-2017,18:59,22,11,Nov,8,57,Skagit,230,10,0,2,1,2,1,1,1,1,,,,8,1,0,No vehicle,0.2,20,1,1,No intersection,1,2,1,1,0,0,0,0,I-5 RAMP Q122935,,-122.3355611,48.45479444,98233,0,1,13,Pedestrian/Animal,80,5,98,34,0,0,1,5,8,2,1,1,6,14,Making a U turn,1,9,53,,0,2,407,2014,0,0,68,64,3,,,,1,1,80,1,7,1,4,7,3,0,11,0,09/19/2017,09:20,2.24E+11,41407,0,0,0,3,1,0,0,0,0,0,,,,,,2,,,,,,99130,53,74,212,6,1,0,0,0,0,0,0,,,,,,0,,,8,0,0,1,0,9,8,,,0,0,0,8,9,2,996,996,0,1,1,0,2,1,0.026,,,,,,,,,,,,,,,,,,,,,,,,,,,,,,0,0,0,0,1,0,1,1,0,0,0,0,0,0,0,1,0,0,0,0,0,0,0,0,0,1,1,1,0,1,0,0,0,0,0,,1,0,0,0,1,0,1,1,0,0,0,0,0,0,0,1,,,,,,76-80,76+,County road,U,Tuesday,Belt Used,PV,White,0,1,0,0,City Street,County Sheriff,Whitman County Sheriff's Office,1,0,0,1,0,,,,,,,,,,,,,,,,,,,,,,,,,,,,,,,,,,,,,,,,,,,
2021,483,636111,6,11-15-2021,19:17,15,11,Nov,,25,Grant,0,6,,2,1,2,1,0,3,2,,,,12,0,1,Front-to-Rear,140.3,1,0,1,No intersection,1,1,1,1,0,0,50,3,I-90,,-119.9720694,47.00457778,,0,2,25,Others,53,3,60,66,1,0,1,2,12,3,2,2,3,14,Making a U turn,2,3,53,,0,49,46,2016,0,0,54,,,,,,1,1,54,2,0,0,0,0,3,0,11,0,,,,,0,0,3,3,1,0,0,0,0,0,,,,,,0,,,,,,98230,53,72,200,6,1,0,0,0,0,0,0,,,,,,0,,,20,0,0,0,8,9,8,,,0,0,0,8,0,0,0,0,0,0,0,0,0,0,996,,,,,,,,,,,,,,,,,,,,,,,,,,,,,,0,0,0,0,1,1,0,1,0,0,0,0,1,1,0,0,0,0,0,0,0,1,1,0,1,0,0,0,0,1,0,0,0,0,0,,0,0,0,0,0,0,0,0,0,0,0,0,0,0,0,0,,,,,,51-55,46-55,Interstate,R,Sunday,Belt Used,PV,Not Fatal,0,1,0,0,State Route,State Patrol,Washington State Patrol Headquarter,1,1,0,0,0,,,,,,,,,,,,,,,,,,,,,,,,,,,,,,,,,,,,,,,,,,,
2021,483,636110,6,11-15-2021,19:17,15,11,Nov,,25,Grant,0,6,,2,1,2,1,0,3,2,,,,12,0,1,Front-to-Rear,140.3,1,0,1,No intersection,1,1,1,1,0,0,50,3,I-90,,-119.9720694,47.00457778,,0,1,24,Others,51,3,70,34,0,0,1,2,12,3,2,2,3,14,Making a U turn,1,1,53,,0,34,34,2004,0,0,64,24,1,54,2,,1,1,19,2,4,98,4,7,99,0,11,0,09/24/2017,06:08,15053042192,42192,0,0,0,0,1,0,0,0,0,96,,,,,,9,,,,,,98226,53,60,110,0,0,0,0,0,0,0,0,,,,,,4,,,99,0,0,0,0,1,8,,,0,0,0,8,1,2,1,0,0,1,0,0,2,1,0.16,,,,,,,,,,,,,,,,,,,,,,,,,,,,,,0,0,0,0,1,1,0,1,0,0,0,0,1,1,0,0,0,0,0,0,0,1,1,0,1,0,0,0,0,1,0,0,0,0,0,,1,0,0,0,0,1,0,1,0,1,0,1,0,1,0,1,,,,,,18-20,16-25,Interstate,R,Sunday,Unknown,PV,Hispanic,0,1,0,0,State Route,State Patrol,Washington State Patrol Headquarter,1,1,0,0,0,,,,,,,,,,,,,,,,,,,,,,,,,,,,,,,,,,,,,,,,,,,
2020,483,635290,288,11-05-2020,16:36,5,11,Nov,,53,Pierce,2210,2,,1,2,2,1,0,2,2,16:35,16:45,17:45,12,0,2,Front-to-Front,9999.8,1,0,1,No intersection,4,2,4,6,0,0,0,0,E VALLEY HWY E,,-122.2269194,47.22680833,98390,0,2,51,Lateral Move(Going Straight),62,4,35,6,0,0,1,2,12,2,1,2,1,14,Making a U turn,1,1,53,,0,42,421,2012,0,0,8,,,,,,1,1,53,1,0,0,0,0,3,0,11,0,,,,,0,0,0,3,1,0,0,0,0,0,,,,,,0,,,,,,97124,41,70,300,6,1,0,1,0,1,0,0,,,,,,0,01-15-2013,12-15-2013,20,0,0,0,8,9,2,,,0,0,0,0,0,2,1,0,0,1,0,0,2,1,0,,,,,,,,,,,,,,,,,,,,,,,,,,,,,,0,0,0,0,0,0,0,0,0,1,1,0,0,0,0,0,0,0,0,0,0,0,0,0,0,0,0,0,0,1,0,1,0,0,0,,0,0,0,0,0,0,0,0,0,0,0,0,0,0,0,0,,,,,,51-55,46-55,Interstate,R,Saturday,Belt Used,PV,Not Fatal,0,0,0,0,State Route,State Patrol,Washington State Patrol Headquarter,0,1,0,0,0,,,,,,,,,,,,,,,,,,,,,,,,,,,,,,,,,,,,,,,,,,,
2020,483,635289,288,11-05-2020,16:36,5,11,Nov,,53,Pierce,2210,2,,1,2,2,1,0,2,2,16:35,16:45,17:45,12,0,2,Front-to-Front,9999.8,1,0,1,No intersection,4,2,4,6,0,0,0,0,E VALLEY HWY E,,-122.2269194,47.22680833,98390,0,1,50,Lateral Move(Left/Right),10,2,35,4,0,0,1,2,12,3,1,2,1,14,Making a U turn,1,1,53,,0,34,34,2006,0,0,63,42,,,,,1,1,17,1,7,1,4,7,3,0,11,0,09/20/2017,18:41,2.37E+11,41131,0,0,3,3,1,0,0,0,0,96,,,,,,99,,,,,,98662,53,74,210,6,2,0,0,0,2,0,0,,,,,,3,04-15-2017,08-15-2017,1,0,0,0,0,9,8,,,0,0,0,8,9,2,1,0,0,1,0,0,2,1,0,,,,,,,,,,,,,,,,,,,,,,,,,,,,,,0,0,0,1,0,0,0,0,0,0,0,0,1,0,0,0,0,0,0,0,1,0,1,0,1,0,0,0,0,1,0,0,0,0,0,,1,0,0,0,0,0,0,0,0,1,0,0,0,0,0,0,,,,,,16-17,16-25,City street,U,Wednesday,Belt Used,PV,White,0,1,0,0,City Street,Municipal/City Police,Vancouver Police Department,1,0,0,1,0,,,,,,,,,,,,,,,,,,,,,,,,,,,,,,,,,,,,,,,,,,,
2019,483,634514,1,12-15-2019,16:46,15,12,Dec,,77,Yakima,0,10,0,2,2,1,1,1,1,1,,,,8,1,0,No vehicle,47.9,1,0,1,No intersection,1,1,1,1,0,0,0,0,I-82,,-120.3451694,46.43636389,98953,0,1,13,Pedestrian/Animal,11,2,70,14,0,0,1,5,8,1,1,2,3,1,Going Straight,99,2,53,,0,20,471,2002,0,0,68,64,35,,,,1,1,81,1,7,97,4,0,3,0,11,8,09/27/2017,15:16,92053042012,42012,6,0,3,3,1,0,0,0,0,96,,,,,,0,,,,,,98579,53,65,221,6,1,0,0,0,0,0,0,,,,,,0,,,8,0,0,0,0,9,8,,,0,0,0,8,0,8,95,0,0,6,0,0,8,95,995,,,,,,,,,,,,,,,,,,,,,,,,,,,,,,0,0,1,0,0,0,0,0,0,0,0,0,0,0,0,0,0,0,0,0,0,0,0,0,0,1,1,1,0,0,0,0,0,0,0,,0,0,0,0,0,0,0,0,0,0,0,0,0,0,0,0,,,,,,81+,76+,County road,U,Wednesday,Belt Used,PV,Multiracial,0,1,0,0,County Road,County Sheriff,Thurston County Sheriff's Office,1,0,1,0,0,,,,,,,,,,,,,,,,,,,,,,,,,,,,,,,,,,,,,,,,,,,
2018,483,633792,2,12-30-2018,18:07,30,12,Dec,0,61,Snohomish,0,1,0,2,1,1,1,1,6,3,18:05,18:16,,8,0,0,No vehicle,213.5,1,0,1,No intersection,1,1,1,1,0,0,0,0,I-5,,-122.2502056,48.24739444,,0,3,98,Others,80,5,70,14,0,0,1,5,8,1,1,3,3,1,Going Straight,3,2,53,,0,41,402,2004,0,0,12,65,64,38,,,1,1,20,2,7,1,4,7,3,0,11,0,09/26/2017,07:12,53042207,42207,0,0,0,3,1,0,0,0,0,0,,,,,,0,,,,,,98208,53,73,195,6,1,0,0,1,1,0,0,,,,,,0,10-15-2014,03-15-2017,20,0,0,0,0,9,8,,,0,0,0,8,1,2,1,0,0,1,0,0,2,1,0,,,,,,,,,,,,,,,,,,,,,,,,,,,,,,0,0,0,0,1,0,0,0,0,0,0,0,0,0,0,0,0,0,0,0,0,1,1,0,1,0,0,0,0,1,0,0,0,0,0,,1,0,0,0,0,0,0,0,0,0,0,0,0,0,0,1,,,,,,18-20,16-25,Interstate,R,Tuesday,Belt Used,PV,White,0,1,0,0,State Route,State Patrol,Washington State Patrol Headquarter,1,1,0,0,0,,,,,,,,,,,,,,,,,,,,,,,,,,,,,,,,,,,,,,,,,,,
2018,483,633790,2,12-30-2018,18:07,30,12,Dec,0,61,Snohomish,0,1,0,2,1,1,1,1,6,3,18:05,18:16,,8,0,0,No vehicle,213.5,1,0,1,No intersection,1,1,1,1,0,0,0,0,I-5,,-122.2502056,48.24739444,,0,1,13,Pedestrian/Animal,80,5,70,6,0,0,1,5,8,1,1,3,3,1,Going Straight,2,2,53,,0,37,706,1998,0,0,64,24,,,,,1,1,36,1,7,1,4,7,5,0,11,0,09/27/2017,15:40,11053042789,42789,0,0,3,2,1,0,0,0,0,96,,,,,,99,,,,,,98264,53,71,165,1,1,0,0,0,0,3,0,,,,,,4,09-15-2014,05-15-2017,20,8,0,0,0,9,8,,,0,0,0,8,9,2,605,0,0,1,0,0,2,1,0,,,,,,,,,,,,,,,,,,,,,,,,,,,,,,0,0,1,0,0,0,1,1,1,0,0,0,1,1,1,0,0,0,0,0,0,0,0,0,0,0,0,0,1,0,0,0,0,0,1,0,0,0,0,0,0,0,1,1,0,1,0,1,0,0,1,0,,,,,,36-40,36-45,Interstate,R,Wednesday,,MC,White,0,1,0,0,State Route,State Patrol,Washington State Patrol Headquarter,1,1,0,0,0,thc,9,carboxy-thc,37,,,,,,,,,,,,,,,,,,,,,,,,,,,,,,,,,,,,,,,