year,something,Cases,repjur,crash_dt,crash_tm,accday,Month,Month,holiday,county,co_char,city,weather,weather2,lightcond,surfcond,surftype,Number of Fatalities,nmforms,pforms,vforms,not_tm,arr_tm,hosp_tm,fhevent,hitrun,Manner of Collision,Manner of Collision,milepnt,reljunc,reljuncinter,intersectiontype,Intersection Type,funcsystem,landuse,ownership,route,schlbus,spejur,contdev,devfunc,trafid1,trafid2,x,y,zipcode,wk_zone,vnumber,crashtype,Crash Type,criticalevent,criticaleventcat,spdlim,body,trailer,emerg,hazcargo,leave,mhevent,roadalgn,roadprof,traflane,trafflow,Vehicle Manure,Vehicle Manure,numoccs,regowner,regstate,,spuse,make,model,modelyr,vrf1,vrf2,seqevent1,seqevent2,seqevent3,seqevent4,seqevent5,seqevent6,pnumber,ptype,age,sex,hispanic,race,injury,diedscene,restraint,restraintmisuse,seatpos,takehosp,death_dt,death_tm,cert,cernum_wa,commlic,licendor,licrestrict,liccomp,drivpres,drf1,drf2,drf3,drf4,distract1,distract2,distract3,distract4,distract5,distract6,dricond1,dricond2,dricond3,dricond4,dricond5,dricond6,dzip,licstate,drhgt_in,weight,noncdl,noncdltype,prevdwi,prevoth,prevacc,prevspd,prevsus,driviol1,driviol2,driviol3,driviol4,driviol5,driviol6,spdrel,first_dt,last_dt,airbag,ejection,ejectpath,extricat,injurwrk,methalc,methdrug,nmlocat,strikveh,prf1,prf2,prf3,druginv,alcinvol,drugsts,drugres1,drugres2,drugres3,drugtst1,drugtst2,drugtst3,alcsts,alctst,alcres,nmact1,nmact2,nmact3,nmact4,nmact5,nmact6,nmprior1,nmprior2,nmprior3,nmprior4,nmprior5,nmprior6,nmcond1,nmcond2,nmcond3,nmcond4,nmcond5,nmcond6,nmsafe_helmet,nmsafe_pads,nmsafe_oth,nmprev_ref,nmprev_lgt,nmprev_oth,crashlocation,nmcrashtype,crosswalk,schoolzone,sidewalk,train_inv,wildlife_inv,rotr_fars,intersect_fars,Drink and Drive,aid_inv,Drug Positive Drivers,Impaired Drivers,Marijuana Positive,impnm_inv,ainm_inv,dpnm_inv,speed_inv,unlic_inv,unendmc_inv,drowsy_inv,drdist_inv,nmdist_inv,fty_inv,unrestfat_inv,dr1617_inv,dr1820_inv,dr1620_inv,dr2125_inv,dr1625_inv,dr65_inv,dr70_inv,dr75_inv,mc_inv,pv_inv,ht_inv,ped_inv,bike_inv,unrest_fat,mc_fat,unhelmet_mc,pv_fat,ht_fat,ped_fat,bike_fat,dr_alc7,dr_alc8,dr_drug,dr_imp,dr_dist,dr_spd,dr_fty,dr_unlic,dr_alc7only,dr_alc8only,dr_drugonly,dr_drink,nm_imp,nm_alc7,nm_alc8,nm_drug,nm_dist,agegrp1,agegrp2,roadclass,urbrur,dayweek,restuse,vehtype,race_me,intersect,lanedep,oppdir,wrongway,rep_typ,investag,repag_long,rotr,st_rd,cty_rd,city_rd,oth_rd,drug_thc,thc_res,drug_cthc,cthc_res,drug_cann,prevpersemin,prevperse,prevsusoth,drugtst4,drugtst5,drugtst6,drugtst7,drugtst8,drugres4,drugres5,drugres6,drugres7,drugres8,adspresent,adsengaged,adslevel,race1,race2,race3,race4,race5,helmet,helmetmisuse,nmdistract1,nmdistract2,nmdistract3,nmdistract4,nmdistract5,nmdistract6,lab,isedtcase,crf1,crf2,crf3,CoRoadName,CoMP,IntCoRoadName,IntCoMP
2017,483,633060,8,11-20-2017,22:15,20,11,Nov,0,35,Kitsap,0,1,0,2,1,2,1,0,3,3,22:16,22:28,,1,0,0,No vehicle,0.3,5,1,1,No intersection,3,1,1,3,0,0,0,0,SR-16 RAMP Q101864,,-122.6248528,47.40727222,98359,0,3,98,Others,60,4,60,34,0,0,1,5,12,1,1,2,3,1,Going Straight,1,3,53,,0,12,461,2017,0,0,63,24,69,68,64,39,1,1,58,2,7,1,4,7,99,0,11,0,09/20/2017,21:26,53041202,41202,0,0,0,3,1,0,0,0,0,96,,,,,,9,,,,,,98105,53,66,125,6,1,0,0,0,1,1,0,,,,,,0,09-15-2016,10-15-2016,20,0,0,0,0,1,8,,,0,0,0,8,1,2,605,0,0,1,0,0,2,1,0.16,,,,,,,,,,,,,,,,,,,,,,,,,,,,,,0,0,0,0,1,1,1,1,1,0,0,0,0,0,0,0,0,0,0,0,0,0,0,0,0,0,0,0,0,1,0,0,0,0,0,,1,0,0,0,0,1,1,1,0,0,0,0,0,0,0,1,,,,,,56-60,56-65,State route,R,Wednesday,Unknown,PV,White,0,1,0,0,State Route,State Patrol,Washington State Patrol Headquarter,1,1,0,0,0,thc,888,carboxy-thc,888,,,,,,,,,,,,,,,,,,,,,,,,,,,,,,,,,,,,,,,
2017,483,633059,8,11-20-2017,22:15,20,11,Nov,0,35,Kitsap,0,1,0,2,1,2,1,0,3,3,22:16,22:28,,1,0,0,No vehicle,0.3,5,1,1,No intersection,3,1,1,3,0,0,0,0,SR-16 RAMP Q101864,,-122.6248528,47.40727222,98359,0,2,98,Others,60,4,60,63,0,0,1,5,12,1,1,2,3,1,Going Straight,1,3,53,,0,12,881,1999,0,0,12,,,,,,1,1,40,1,0,0,0,0,3,0,11,0,,,,,0,0,0,3,1,0,0,0,0,0,,,,,,0,,,,,,98310,53,69,195,6,1,0,1,0,1,2,0,,,,,,0,10-15-2013,08-15-2016,20,0,0,0,8,9,8,,,0,0,0,8,0,0,0,0,0,0,0,0,0,0,996,,,,,,,,,,,,,,,,,,,,,,,,,,,,,,0,0,0,0,0,0,1,1,1,0,0,0,1,0,1,0,0,0,0,0,0,0,0,0,0,0,0,0,1,0,1,0,0,0,0,,0,0,0,0,0,0,0,0,0,0,0,0,0,0,0,0,,,,,,36-40,36-45,State route,U,Tuesday,,MHTRUCK,Not Fatal,0,0,0,0,State Route,Municipal/City Police,Federal Way Dept of Public Safety,0,1,0,0,0,,,,,,,,,,,,,,,,,,,,,,,,,,,,,,,,,,,,,,,,,,,
2017,483,633058,8,11-20-2017,22:15,20,11,Nov,0,35,Kitsap,0,1,0,2,1,2,1,0,3,3,22:16,22:28,,1,0,0,No vehicle,0.3,5,1,1,No intersection,3,1,1,3,0,0,0,0,SR-16 RAMP Q101864,,-122.6248528,47.40727222,98359,0,1,98,Others,6,1,98,80,0,0,1,2,12,1,1,1,6,1,Going Straight,1,1,53,,0,73,706,1998,0,0,12,,,,,,1,1,46,1,7,1,4,7,19,0,11,0,09/26/2017,20:14,73553042233,42233,0,0,0,2,1,0,0,0,0,96,,,,,,99,,,,,,98499,53,69,185,6,1,0,0,0,0,0,0,,,,,,4,,,20,8,0,0,0,9,8,,,0,0,0,8,9,2,401,417,605,1,1,1,2,1,0,,,,,,,,,,,,,,,,,,,,,,,,,,,,,,0,0,0,0,0,0,1,1,1,0,0,0,1,0,1,0,0,0,0,0,0,0,0,0,0,0,0,0,1,0,1,0,0,0,1,0,0,0,0,0,0,0,1,1,0,1,0,0,0,0,1,0,,,,,,46-50,46-55,State route,U,Tuesday,,MC,White,0,0,0,0,State Route,Municipal/City Police,Federal Way Dept of Public Safety,0,1,0,0,0,thc,888,carboxy-thc,888,,,,,,,,,,,,,,,,,,,,,,,,,,,,,,,,,,,,,,,
2018,483,633791,2,12-30-2018,18:07,30,12,Dec,0,61,Snohomish,0,1,0,2,1,1,1,1,6,3,18:05,18:16,,8,0,0,No vehicle,213.5,1,0,1,No intersection,1,1,1,1,0,0,0,0,I-5,,-122.2502056,48.24739444,,0,2,98,Others,80,5,70,4,0,0,1,5,8,1,1,3,3,1,Going Straight,1,9,95,,0,20,421,2011,0,0,12,,,,,,1,1,37,2,0,0,3,0,3,0,11,4,,,,,0,0,3,3,1,28,0,0,0,96,,,,,,0,,,,,,99130,53,65,170,6,1,1,0,0,0,1,0,,,,,,0,01-15-2014,06-15-2014,8,0,0,0,8,9,8,,,0,0,0,8,0,2,401,0,0,1,0,0,2,1,0,,,,,,,,,,,,,,,,,,,,,,,,,,,,,,0,0,0,0,1,1,1,1,0,0,0,0,0,0,0,0,0,0,0,0,0,0,0,0,0,0,0,0,0,1,0,0,0,0,0,,0,0,0,0,0,0,1,1,0,0,0,0,0,0,1,0,,,,,,36-40,36-45,US highway,R,Saturday,Belt Used,PV,Not Fatal,0,1,1,0,State Route,State Patrol,Washington State Patrol Headquarter,0,1,0,0,0,,,,,,,,,,,,,,,,,,,,,,,,,,,,,,,,,,,,,,,,,,,
2021,484,636112,7,11-14-2021,00:19,14,11,Nov,,33,King,2310,2,,3,2,1,2,0,2,1,,,,20,0,0,No vehicle,154,1,0,1,No intersection,1,2,1,1,0,0,0,0,I-005,,-122.2635722,47.45559722,98188,0,1,98,Others,6,1,60,4,0,0,1,2,20,3,2,6,3,14,Making a U turn,2,2,53,,0,20,401,2002,0,0,68,12,,,,,1,1,36,1,7,1,4,7,3,0,11,0,09/23/2017,22:29,1.91E+11,41856,0,0,0,3,1,28,0,0,0,96,,,,,,9,,,,,,99022,53,68,160,6,1,0,0,0,0,1,0,,,,,,0,02-15-2014,02-15-2014,1,0,0,0,0,1,8,,,0,0,0,8,1,2,1,0,0,1,0,0,2,1,0.14,,,,,,,,,,,,,,,,,,,,,,,,,,,,,,0,0,0,0,1,1,1,1,0,0,0,0,0,0,0,0,0,0,0,0,0,0,0,0,0,0,0,0,0,1,0,0,0,0,0,,1,0,0,0,0,1,0,1,0,0,0,0,0,1,0,1,,,,,,36-40,36-45,US highway,R,Saturday,Belt Used,PV,White,0,1,1,0,State Route,State Patrol,Washington State Patrol Headquarter,0,1,0,0,0,,,,,,,,,,,,,,,,,,,,,,,,,,,,,,,,,,,,,,,,,,,
2020,484,635291,31,12-09-2020,00:01,9,12,Dec,,45,Mason,0,2,,3,2,2,1,0,1,1,,,,35,0,0,No vehicle,0.1,1,0,1,No intersection,5,1,2,4,0,0,0,0,CR-E HARSTINE BRIDGE RD,,-122.9304333,47.24706667,98584,0,1,6,Drive off road,12,2,40,4,0,0,1,2,35,2,4,2,1,14,Making a U turn,1,1,53,,0,49,40,2015,0,0,12,,,,,,1,1,65,1,0,0,3,0,3,0,11,4,,,,,0,0,0,3,1,0,0,0,0,0,,,,,,0,,,,,,99350,53,72,200,6,1,0,0,0,0,0,0,,,,,,0,,,8,0,0,0,8,9,8,,,0,0,0,8,0,0,0,0,0,0,0,0,0,0,996,,,,,,,,,,,,,,,,,,,,,,,,,,,,,,0,0,0,0,0,0,1,1,1,0,0,0,0,0,0,0,0,0,0,0,0,0,0,0,0,1,0,0,0,1,0,0,0,0,0,,0,0,0,0,0,0,0,0,0,0,0,0,0,0,0,0,,,,,,61-65,56-65,State route,R,Tuesday,Belt Used,PV,Not Fatal,0,1,1,0,State Route,State Patrol,Washington State Patrol Headquarter,0,1,0,0,0,,,,,,,,,,,,,,,,,,,,,,,,,,,,,,,,,,,,,,,,,,,
2019,484,634526,7,12-18-2019,12:03,18,12,Dec,,33,King,980,10,0,1,1,2,1,0,4,3,,,,12,0,1,Front-to-Rear,12.1,1,0,1,No intersection,1,2,1,1,0,0,0,0,I-90,,-122.0940472,47.56213333,99007,0,3,98,Others,98,7,60,66,1,0,1,5,12,1,1,4,3,1,Going Straight,1,3,53,,0,35,32,1997,0,0,68,12,,,,,1,1,41,1,1,98,4,7,3,0,11,0,09/26/2017,16:30,1.75E+11,42317,0,0,0,3,1,28,0,0,0,96,,,,,,9,,,,,,99350,53,73,245,6,1,0,3,2,8,0,0,,,,,,0,09-15-2012,06-15-2017,8,0,0,0,0,9,1,,,0,0,0,1,9,2,605,0,0,1,0,0,2,1,0,,,,,,,,,,,,,,,,,,,,,,,,,,,,,,0,0,0,0,0,0,1,1,1,0,0,0,0,0,0,0,0,0,0,0,0,0,0,0,0,1,0,0,0,1,0,0,0,0,0,,1,0,0,0,0,0,1,1,0,0,0,0,0,0,1,0,,,,,,41-45,36-45,State route,R,Tuesday,Belt Used,PV,Hispanic,0,1,1,0,State Route,State Patrol,Washington State Patrol Headquarter,0,1,0,0,0,thc,11,carboxy-thc,41,,,,,,,,,,,,,,,,,,,,,,,,,,,,,,,,,,,,,,,
2019,484,634525,7,12-18-2019,12:03,18,12,Dec,,33,King,980,10,0,1,1,2,1,0,4,3,,,,12,0,1,Front-to-Rear,12.1,1,0,1,No intersection,1,2,1,1,0,0,0,0,I-90,,-122.0940472,47.56213333,99007,0,2,25,Others,53,3,60,63,0,0,1,7,12,1,1,4,3,1,Going Straight,2,3,53,,0,51,881,2018,0,0,12,,,,,,1,1,48,1,0,0,0,0,3,0,11,0,,,,,6,1,0,3,1,0,0,0,0,0,,,,,,0,,,,,,60089,17,73,185,6,1,0,2,0,0,0,0,,,,,,0,07-15-2014,03-15-2016,20,0,0,0,8,9,8,,,0,0,0,8,0,0,0,0,0,0,0,0,0,0,996,,,,,,,,,,,,,,,,,,,,,,,,,,,,,,0,0,0,0,0,0,0,0,0,0,0,0,0,0,0,0,1,0,0,0,0,0,0,1,1,0,0,0,0,1,1,0,0,0,0,,0,0,0,0,0,0,0,0,0,0,0,0,0,0,0,0,,,,,,46-50,46-55,Interstate,U,Monday,,MHTRUCK,Not Fatal,0,0,0,0,State Route,State Patrol,Washington State Patrol Headquarter,0,1,0,0,0,,,,,,,,,,,,,,,,,,,,,,,,,,,,,,,,,,,,,,,,,,,
2019,484,634524,7,12-18-2019,12:03,18,12,Dec,,33,King,980,10,0,1,1,2,1,0,4,3,,,,12,0,1,Front-to-Rear,12.1,1,0,1,No intersection,1,2,1,1,0,0,0,0,I-90,,-122.0940472,47.56213333,99007,0,1,24,Others,51,3,60,20,0,0,1,7,12,1,1,4,3,1,Going Straight,1,1,53,,0,49,40,1996,0,0,12,,,,,,1,1,24,2,7,1,4,7,3,0,11,0,09/18/2017,21:24,2.11E+11,40780,0,0,3,3,1,0,0,0,0,93,,,,,,0,,,,,,99223,53,70,140,6,1,0,0,0,0,0,0,,,,,,0,,,1,0,0,0,0,9,8,,,0,0,0,8,0,2,1,0,0,1,0,0,2,1,0,,,,,,,,,,,,,,,,,,,,,,,,,,,,,,0,0,0,0,0,0,0,0,0,0,0,0,0,0,0,0,1,0,0,0,0,0,0,1,1,0,0,0,0,1,1,0,0,0,0,,1,0,0,0,0,0,0,0,1,0,0,0,0,0,0,0,,,,,,21-25,16-25,Interstate,U,Monday,Belt Used,PV,White,0,0,0,0,State Route,State Patrol,Washington State Patrol Headquarter,0,1,0,0,0,,,,,,,,,,,,,,,,,,,,,,,,,,,,,,,,,,,,,,,,,,,
2017,484,632988,5,11-21-2017,16:16,21,11,Nov,0,15,Cowlitz,0,2,0,1,2,2,1,0,5,3,16:39,16:39,,12,0,6,Angle,2.3,1,0,1,No intersection,4,1,1,3,0,0,0,0,SR-504,,-122.8675528,46.30405,98611,0,3,98,Others,98,7,55,34,0,0,1,2,12,2,1,2,1,14,Making a U turn,2,1,53,,0,76,709,1985,0,0,12,,,,,,1,1,19,1,7,1,4,7,19,0,11,0,09/26/2017,11:56,2.11E+11,41976,0,0,0,2,1,0,0,0,0,0,,,,,,0,,,,,,99218,53,74,170,6,1,0,1,0,0,0,0,,,,,,0,08-15-2015,08-15-2015,20,8,0,0,0,9,8,,,0,0,0,8,9,2,1,0,0,1,0,0,2,1,0,,,,,,,,,,,,,,,,,,,,,,,,,,,,,,0,0,0,0,0,0,0,0,0,0,0,0,0,0,1,0,0,0,1,0,0,1,1,0,1,1,1,0,1,1,0,0,0,0,1,0,0,0,0,0,0,0,0,0,0,0,0,0,0,0,0,0,,,,,,18-20,16-25,City street,U,Tuesday,,MC,White,1,0,0,0,City Street,Municipal/City Police,Spokane Police Department,0,0,0,1,0,,,,,,,,,,,,,,,,,,,,,,,,,,,,,,,,,,,,,,,,,,,
2017,484,632987,5,11-21-2017,16:16,21,11,Nov,0,15,Cowlitz,0,2,0,1,2,2,1,0,5,3,16:39,16:39,,12,0,6,Angle,2.3,1,0,1,No intersection,4,1,1,3,0,0,0,0,SR-504,,-122.8675528,46.30405,98611,0,2,66,Specific Other,62,4,55,16,0,0,1,2,12,2,1,2,1,14,Making a U turn,2,1,53,,0,18,2,1999,0,0,12,,,,,,1,1,74,1,0,0,0,0,3,0,11,0,,,,,0,0,3,3,1,38,0,0,0,96,,,,,,0,,,,,,99217,53,70,195,6,1,0,0,0,0,0,46,,,,,,0,,,1,0,0,0,8,9,8,,,0,0,0,8,0,2,1,0,0,1,0,0,2,1,0,,,,,,,,,,,,,,,,,,,,,,,,,,,,,,0,0,0,0,0,0,0,0,0,0,0,0,0,0,1,0,0,0,1,0,0,1,1,0,1,1,1,0,1,1,0,0,0,0,0,,0,0,0,0,0,0,0,0,0,0,1,0,0,0,0,0,,,,,,71-75,66-75,City street,U,Tuesday,Belt Used,PV,Not Fatal,1,0,0,0,City Street,Municipal/City Police,Spokane Police Department,0,0,0,1,0,,,,,,,,,,,,,,,,,,,,,,,,,,,,,,,,,,,,,,,,,,,
2017,484,632986,5,11-21-2017,16:16,21,11,Nov,0,15,Cowlitz,0,2,0,1,2,2,1,0,5,3,16:39,16:39,,12,0,6,Angle,2.3,1,0,1,No intersection,4,1,1,3,0,0,0,0,SR-504,,-122.8675528,46.30405,98611,0,1,66,Specific Other,6,1,55,4,0,0,1,2,12,3,1,2,1,14,Making a U turn,1,2,53,,0,12,481,2013,0,0,12,,,,,,1,1,59,1,0,0,1,0,3,0,11,5,,,,,0,0,3,3,1,0,0,0,0,96,,,,,,9,,,,,,98405,53,75,245,6,1,0,0,0,0,0,0,,,,,,0,,,8,0,0,0,8,1,8,,,0,0,0,8,1,2,605,0,0,1,0,0,2,1,0.13,,,,,,,,,,,,,,,,,,,,,,,,,,,,,,0,0,0,0,1,1,1,1,1,0,0,0,0,1,0,0,0,0,0,1,0,0,0,0,0,0,0,0,0,1,0,0,0,0,0,,0,0,0,0,0,1,1,1,0,0,0,0,0,0,0,1,,,,,,56-60,56-65,State route,U,Saturday,Belt Used,PV,Not Fatal,0,1,1,0,State Route,State Patrol,Washington State Patrol Headquarter,0,1,0,0,0,thc,7.3,carboxy-thc,28,,,,,,,,,,,,,,,,,,,,,,,,,,,,,,,,,,,,,,,
2020,485,635292,41,12-02-2020,19:59,2,12,Dec,,65,Stevens,0,1,,2,4,2,1,0,1,1,20:03,20:17,20:55,1,0,0,No vehicle,3,1,0,1,No intersection,6,1,2,4,0,0,0,0,CR-ONION CREEK RD,,-117.9150972,48.672325,99114,0,1,2,Control/Traction Loss,6,1,50,34,0,0,1,2,1,3,2,2,1,14,Making a U turn,1,1,53,,0,49,401,1990,0,0,68,12,1,,,,1,1,30,1,7,1,4,7,20,0,11,0,09-09-2017,01:58,1.73E+11,40412,0,0,0,2,1,28,0,0,0,96,,,,,,9,,,,,,98499,53,69,200,1,1,0,0,0,0,0,0,,,,,,0,,,20,0,0,0,0,1,8,,,0,0,0,8,1,2,605,0,0,1,0,0,2,1,0.18,,,,,,,,,,,,,,,,,,,,,,,,,,,,,,0,0,0,0,1,1,1,1,1,0,0,0,0,1,0,0,0,0,0,1,0,0,0,0,0,0,0,0,0,1,0,0,0,1,0,,1,0,0,0,0,1,1,1,0,0,0,1,0,0,0,1,,,,,,26-30,26-35,State route,U,Saturday,Not Used,PV,White,0,1,1,0,State Route,State Patrol,Washington State Patrol Headquarter,0,1,0,0,0,thc,6.1,carboxy-thc,35,,,,,,,,,,,,,,,,,,,,,,,,,,,,,,,,,,,,,,,
2019,485,634528,248,12-12-2019,20:09,12,12,Dec,,33,King,1960,10,0,3,2,2,1,1,1,1,,,,8,0,0,No vehicle,0,2,0,3,T Intersection,7,2,4,6,0,0,0,0,7TH AVE,SENECA ST,-122.2260722,47.47373333,98057,0,1,13,Pedestrian/Animal,80,5,30,6,0,0,1,7,8,1,1,4,1,1,Going Straight,1,1,53,,0,85,881,1995,0,0,12,,,,,,1,1,61,1,0,0,0,0,3,0,11,0,,,,,6,1,3,3,1,0,0,0,0,0,,,,,,0,,,,,,83865,16,70,155,6,1,0,0,0,0,0,0,,,,,,0,,,20,0,0,0,8,9,2,,,0,0,0,0,0,0,0,0,0,0,0,0,0,0,996,,,,,,,,,,,,,,,,,,,,,,,,,,,,,,0,0,0,0,0,0,0,0,0,0,0,0,0,0,0,0,0,0,0,0,0,0,0,0,0,0,0,0,0,1,1,0,0,0,0,,0,0,0,0,0,0,0,0,0,0,0,0,0,0,0,0,,,,,,61-65,56-65,State route,U,Monday,,MHTRUCK,Not Fatal,1,0,0,0,State Route,State Patrol,Washington State Patrol Headquarter,0,1,0,0,0,,,,,,,,,,,,,,,,,,,,,,,,,,,,,,,,,,,,,,,,,,,
2018,485,633793,32,12-26-2018,09:56,26,12,Dec,0,47,Okanogan,1670,4,0,1,10,2,1,1,2,1,09:31,09:52,,15,0,0,No vehicle,0,2,0,2,4 Way,7,2,4,6,0,0,0,0,WARREN AVE,EVELINE ST,-119.9089889,48.04901944,98812,0,1,13,Pedestrian/Animal,83,5,25,67,0,0,1,5,15,1,1,2,1,1,Going Straight,2,1,53,,0,2,404,1997,0,0,12,,,,,,1,1,30,1,0,0,0,0,3,0,11,0,,,,,0,0,0,3,1,0,0,0,0,0,,,,,,0,,,,,,99218,53,71,140,6,1,0,0,0,0,0,0,,,,,,0,,,20,0,0,0,8,9,8,,,0,0,0,8,0,0,0,0,0,0,0,0,0,0,996,,,,,,,,,,,,,,,,,,,,,,,,,,,,,,0,0,0,0,0,0,0,0,0,0,0,0,0,0,0,0,0,0,0,0,0,0,0,0,0,0,0,0,0,1,1,0,0,0,0,,0,0,0,0,0,0,0,0,0,0,0,0,0,0,0,0,,,,,,26-30,26-35,State route,U,Monday,Belt Used,PV,Not Fatal,1,0,0,0,State Route,State Patrol,Washington State Patrol Headquarter,0,1,0,0,0,,,,,,,,,,,,,,,,,,,,,,,,,,,,,,,,,,,,,,,,,,,
2017,485,632993,1,11-23-2017,18:51,23,11,Nov,8,5,Benton,1850,1,0,3,1,2,1,0,1,1,,,,24,0,0,No vehicle,0.3,5,0,1,No intersection,3,2,1,3,0,0,0,0,SR-240 RAMP 103746,,-119.24765,46.243,99352,0,1,7,Control/Traction Loss,12,2,60,14,0,0,1,2,25,1,2,2,3,1,Going Straight,1,2,53,,0,12,37,2007,0,0,68,12,12,,,,1,1,51,2,7,1,4,0,3,0,11,4,09/18/2017,16:40,2.11E+11,40485,0,0,3,3,1,28,0,0,0,96,,,,,,0,,,,,,99216,53,66,120,6,1,0,0,0,0,0,0,,,,,,0,,,20,0,0,0,0,9,8,,,0,0,0,8,0,2,1,0,0,1,0,0,2,1,0,,,,,,,,,,,,,,,,,,,,,,,,,,,,,,0,0,0,0,0,0,0,0,0,0,0,0,0,0,0,0,0,0,0,0,0,0,0,0,0,0,0,0,0,1,1,0,0,0,0,,1,0,0,0,0,0,0,0,0,0,0,0,0,0,0,0,,,,,,51-55,46-55,State route,U,Monday,Belt Used,PV,White,1,0,0,0,State Route,State Patrol,Washington State Patrol Headquarter,0,1,0,0,0,,,,,,,,,,,,,,,,,,,,,,,,,,,,,,,,,,,,,,,,,,,
2021,486,636113,7,10-25-2021,02:05,25,10,Oct,,33,King,1960,10,,3,2,2,1,0,1,1,,,,24,0,0,No vehicle,167,1,0,1,No intersection,1,2,1,1,0,0,0,0,I-5,,-122.32785,47.62788889,98102,0,1,6,Drive off road,12,2,60,3,0,0,1,2,24,1,1,4,3,1,Going Straight,1,1,53,,0,12,471,2006,0,0,63,35,42,,,,1,1,68,1,7,1,4,7,3,0,11,0,09/22/2017,11:09,1.68E+11,42314,0,0,3,3,1,0,0,0,0,96,,,,,,0,,,,,,98531,53,72,220,6,1,0,0,0,0,0,0,,,,,,0,,,1,0,0,0,0,9,8,,,0,0,0,8,9,2,1,0,0,1,0,0,2,1,0,,,,,,,,,,,,,,,,,,,,,,,,,,,,,,0,0,1,0,0,0,0,0,0,0,0,0,0,0,0,0,0,0,0,0,0,0,0,0,0,1,0,0,0,0,0,0,0,0,0,,0,0,0,0,0,0,0,0,0,0,0,0,0,0,0,0,,,,,,66-70,66-75,State route,R,Friday,Belt Used,PV,White,0,1,0,0,State Route,State Patrol,Washington State Patrol Headquarter,1,1,0,0,0,,,,,,,,,,,,,,,,,,,,,,,,,,,,,,,,,,,,,,,,,,,
2020,486,635294,6,10-26-2020,17:58,26,10,Oct,,25,Grant,0,10,,3,1,2,1,0,2,2,,,,12,0,6,Angle,25.3,2,0,2,4 Way,3,1,1,3,0,0,0,0,SR-26,SR-262,-119.4753278,46.86253056,99357,0,2,87,Others,66,4,98,66,2,0,1,5,12,1,1,3,1,1,Going Straight,1,3,53,,0,72,706,2013,0,0,63,69,1,,,,1,1,65,1,7,1,4,7,19,0,11,0,07/30/2017,12:00,53033844,33844,0,0,3,2,1,58,0,0,0,96,,,,,,9,,,,,,99352,53,69,185,1,1,1,0,0,0,1,0,,,,,,0,12-15-2014,12-15-2014,20,8,0,0,0,9,8,,,0,0,0,8,1,2,605,0,0,1,0,0,2,1,0.22,,,,,,,,,,,,,,,,,,,,,,,,,,,,,,0,0,0,0,1,1,1,1,1,0,0,0,0,1,1,0,0,0,0,0,0,0,0,0,0,1,0,0,1,0,0,0,0,0,1,0,0,0,0,0,0,1,1,1,0,0,0,1,0,0,0,1,,,,,,61-65,56-65,County road,R,Sunday,,MC,White,0,0,0,0,County Road,County Sheriff,Benton County Sheriff's Office,0,0,1,0,0,thc,22,carboxy-thc,27,,,,,,,,,,,,,,,,,,,,,,,,,,,,,,,,,,,,,,,
2020,486,635293,6,10-26-2020,17:58,26,10,Oct,,25,Grant,0,10,,3,1,2,1,0,2,2,,,,12,0,6,Angle,25.3,2,0,2,4 Way,3,1,1,3,0,0,20,3,SR-26,SR-262,-119.4753278,46.86253056,99357,0,1,86,Others,17,2,98,4,0,0,1,2,12,1,1,2,1,1,Going Straight,1,2,53,,0,49,402,2013,0,0,9,,,,,,1,1,89,2,0,0,0,0,99,0,11,0,,,,,0,0,0,3,1,38,0,0,0,96,,,,,,0,,,,,,98029,53,66,120,6,1,0,0,0,0,0,97,,,,,,0,,,20,0,0,0,8,3,8,,,0,0,0,8,0,0,0,0,0,0,0,0,0,0,996,,,,,,,,,,,,,,,,,,,,,,,,,,,,,,0,0,0,1,0,0,0,0,0,0,0,0,0,0,0,0,0,0,1,0,0,0,0,0,0,1,1,1,0,1,0,0,1,0,0,,0,0,0,0,0,0,0,0,0,0,1,0,0,0,0,0,,,,,,81+,76+,City street,U,Friday,Unknown,PV,Not Fatal,1,0,0,0,City Street,Municipal/City Police,Issaquah Police Department,0,0,0,1,0,,,,,,,,,,,,,,,,,,,,,,,,,,,,,,,,,,,,,,,,,,,
2019,486,634530,3,12-21-2019,03:16,21,12,Dec,,53,Pierce,0,2,0,3,2,2,1,0,1,1,,,,38,0,0,No vehicle,5.5,1,0,1,No intersection,4,2,2,4,0,0,0,0,CR-112TH ST E,,-122.4115139,47.15511389,98445,0,1,1,Driver Off Road,13,2,35,15,0,0,1,7,2,1,2,5,5,1,Going Straight,1,3,53,,0,6,51,2007,0,0,68,64,3,,,,1,1,43,2,1,1,4,0,99,0,11,4,09-09-2017,07:55,2.59E+11,39788,0,0,0,3,1,0,0,0,0,96,,,,,,99,,,,,,98903,53,61,160,6,1,0,0,0,0,0,0,,,,,,0,,,99,0,0,0,0,9,8,,,0,0,0,8,9,0,0,0,0,0,0,0,2,1,0.068,,,,,,,,,,,,,,,,,,,,,,,,,,,,,,0,0,0,0,1,0,0,0,0,0,0,0,0,0,0,0,0,0,0,0,0,0,0,0,0,0,0,0,0,1,0,0,0,0,0,,1,0,0,0,1,0,0,0,0,0,0,0,1,0,0,1,,,,,,41-45,36-45,County road,,Saturday,Unknown,PV,Hispanic,0,0,0,0,County Road,,,0,0,1,0,0,,,,,,,,,,,,,,,,,,,,,,,,,,,,,,,,,,,,,,,,,,,