year,something,Cases,repjur,crash_dt,crash_tm,accday,Month,Month,holiday,county,co_char,city,weather,weather2,lightcond,surfcond,surftype,Number of Fatalities,nmforms,pforms,vforms,not_tm,arr_tm,hosp_tm,fhevent,hitrun,Manner of Collision,Manner of Collision,milepnt,reljunc,reljuncinter,intersectiontype,Intersection Type,funcsystem,landuse,ownership,route,schlbus,spejur,contdev,devfunc,trafid1,trafid2,x,y,zipcode,wk_zone,vnumber,crashtype,Crash Type,criticalevent,criticaleventcat,spdlim,body,trailer,emerg,hazcargo,leave,mhevent,roadalgn,roadprof,traflane,trafflow,Vehicle Manure,Vehicle Manure,numoccs,regowner,regstate,,spuse,make,model,modelyr,vrf1,vrf2,seqevent1,seqevent2,seqevent3,seqevent4,seqevent5,seqevent6,pnumber,ptype,age,sex,hispanic,race,injury,diedscene,restraint,restraintmisuse,seatpos,takehosp,death_dt,death_tm,cert,cernum_wa,commlic,licendor,licrestrict,liccomp,drivpres,drf1,drf2,drf3,drf4,distract1,distract2,distract3,distract4,distract5,distract6,dricond1,dricond2,dricond3,dricond4,dricond5,dricond6,dzip,licstate,drhgt_in,weight,noncdl,noncdltype,prevdwi,prevoth,prevacc,prevspd,prevsus,driviol1,driviol2,driviol3,driviol4,driviol5,driviol6,spdrel,first_dt,last_dt,airbag,ejection,ejectpath,extricat,injurwrk,methalc,methdrug,nmlocat,strikveh,prf1,prf2,prf3,druginv,alcinvol,drugsts,drugres1,drugres2,drugres3,drugtst1,drugtst2,drugtst3,alcsts,alctst,alcres,nmact1,nmact2,nmact3,nmact4,nmact5,nmact6,nmprior1,nmprior2,nmprior3,nmprior4,nmprior5,nmprior6,nmcond1,nmcond2,nmcond3,nmcond4,nmcond5,nmcond6,nmsafe_helmet,nmsafe_pads,nmsafe_oth,nmprev_ref,nmprev_lgt,nmprev_oth,crashlocation,nmcrashtype,crosswalk,schoolzone,sidewalk,train_inv,wildlife_inv,rotr_fars,intersect_fars,Drink and Drive,aid_inv,Drug Positive Drivers,Impaired Drivers,Marijuana Positive,impnm_inv,ainm_inv,dpnm_inv,speed_inv,unlic_inv,unendmc_inv,drowsy_inv,drdist_inv,nmdist_inv,fty_inv,unrestfat_inv,dr1617_inv,dr1820_inv,dr1620_inv,dr2125_inv,dr1625_inv,dr65_inv,dr70_inv,dr75_inv,mc_inv,pv_inv,ht_inv,ped_inv,bike_inv,unrest_fat,mc_fat,unhelmet_mc,pv_fat,ht_fat,ped_fat,bike_fat,dr_alc7,dr_alc8,dr_drug,dr_imp,dr_dist,dr_spd,dr_fty,dr_unlic,dr_alc7only,dr_alc8only,dr_drugonly,dr_drink,nm_imp,nm_alc7,nm_alc8,nm_drug,nm_dist,agegrp1,agegrp2,roadclass,urbrur,dayweek,restuse,vehtype,race_me,intersect,lanedep,oppdir,wrongway,rep_typ,investag,repag_long,rotr,st_rd,cty_rd,city_rd,oth_rd,drug_thc,thc_res,drug_cthc,cthc_res,drug_cann,prevpersemin,prevperse,prevsusoth,drugtst4,drugtst5,drugtst6,drugtst7,drugtst8,drugres4,drugres5,drugres6,drugres7,drugres8,adspresent,adsengaged,adslevel,race1,race2,race3,race4,race5,helmet,helmetmisuse,nmdistract1,nmdistract2,nmdistract3,nmdistract4,nmdistract5,nmdistract6,lab,isedtcase,crf1,crf2,crf3,CoRoadName,CoMP,IntCoRoadName,IntCoMP
2018,486,633796,39,12-13-2018,17:12,13,12,Dec,0,61,Snohomish,0,10,0,3,2,2,1,1,1,1,,,,8,0,0,No vehicle,0.2,1,0,1,No intersection,7,1,2,4,0,0,0,0,CR-DAMSON RD,,-122.2440111,47.81215,98036,0,1,13,Pedestrian/Animal,80,5,35,14,0,0,1,7,8,1,1,2,1,1,Going Straight,1,2,53,,0,12,481,2004,0,0,63,38,42,,,,1,1,50,2,7,1,4,0,3,0,11,4,09/23/2017,13:35,69053041527,41527,0,0,3,3,1,0,0,0,0,96,,,,,,9,,,,,,98223,53,66,160,6,1,0,0,0,0,0,0,,,,,,0,,,8,0,0,0,0,1,8,,,0,0,0,8,1,2,1,0,0,1,0,0,2,1,0.16,,,,,,,,,,,,,,,,,,,,,,,,,,,,,,0,0,0,0,1,1,0,1,0,0,0,0,0,0,0,0,0,0,0,0,0,0,0,0,0,0,0,0,0,0,0,0,0,0,0,,0,0,0,0,0,1,0,1,0,0,0,0,0,1,0,1,,,,,,46-50,46-55,Interstate,U,Tuesday,Belt Used,PV,White,0,1,0,0,State Route,State Patrol,Washington State Patrol Headquarter,1,1,0,0,0,,,,,,,,,,,,,,,,,,,,,,,,,,,,,,,,,,,,,,,,,,,
2017,486,632985,53,11-15-2017,17:45,15,11,Nov,0,61,Snohomish,80,2,0,3,2,2,1,0,3,5,,,,12,0,1,Front-to-Rear,0,3,0,2,4 Way,4,2,4,6,0,0,0,0,SMOKEY POINT BLVD,188TH ST NE,-122.1856306,48.16699722,98223,0,3,98,Others,62,4,40,34,0,0,1,2,12,1,1,2,1,1,Going Straight,1,1,53,,0,12,481,2002,0,0,8,14,,,,,1,1,25,1,0,0,0,0,99,0,11,0,,,,,0,0,0,2,1,0,0,0,0,92,,,,,,0,,,,,,98002,53,72,170,3,1,0,1,1,6,3,72,,,,,,0,12-15-2013,07-15-2017,1,0,0,0,8,9,8,,,0,0,0,8,0,0,0,0,0,0,0,0,0,0,996,,,,,,,,,,,,,,,,,,,,,,,,,,,,,,0,0,0,0,0,0,0,0,0,1,1,0,0,1,0,0,1,0,0,0,0,0,0,1,1,0,0,0,0,1,0,1,0,0,0,,0,0,0,0,0,0,0,0,1,0,0,1,0,0,0,0,,,,,,21-25,16-25,Interstate,U,Wednesday,Unknown,PV,Not Fatal,0,0,0,0,State Route,State Patrol,Washington State Patrol Headquarter,0,1,0,0,0,,,,,,,,,,,,,,,,,,,,,,,,,,,,,,,,,,,,,,,,,,,
2017,486,632984,53,11-15-2017,17:45,15,11,Nov,0,61,Snohomish,80,2,0,3,2,2,1,0,3,5,,,,12,0,1,Front-to-Rear,0,3,0,2,4 Way,4,2,4,6,0,0,0,0,SMOKEY POINT BLVD,188TH ST NE,-122.1856306,48.16699722,98223,0,2,21,Others,53,3,40,14,0,0,1,2,12,1,1,2,1,5,Others,1,1,53,,0,49,471,1994,0,0,63,1,,,,,1,1,34,1,1,3,4,7,20,0,11,0,09-09-2017,20:28,53040384,40384,0,0,3,3,1,0,0,0,0,92,,,,,,99,,,,,,98580,53,70,170,6,1,0,1,0,1,3,0,,,,,,0,03-15-2013,08-15-2017,99,2,9,0,0,9,8,,,0,0,0,8,9,2,605,0,0,1,0,0,2,1,0.23,,,,,,,,,,,,,,,,,,,,,,,,,,,,,,0,0,0,0,1,1,1,1,1,0,0,0,0,0,0,0,1,0,0,0,0,0,0,0,0,0,0,0,0,0,0,0,0,1,0,,0,0,0,0,0,1,1,1,1,0,0,0,0,0,0,1,,,,,,31-35,26-35,County road,R,Saturday,Not Used,PV,Hispanic,0,1,0,0,County Road,County Sheriff,Thurston County Sheriff's Office,1,0,1,0,0,thc,6.2,carboxy-thc,12,,,,,,,,,,,,,,,,,,,,,,,,,,,,,,,,,,,,,,,
2017,486,632983,53,11-15-2017,17:45,15,11,Nov,0,61,Snohomish,80,2,0,3,2,2,1,0,3,5,,,,12,0,1,Front-to-Rear,0,3,0,2,4 Way,4,2,4,6,0,0,0,0,SMOKEY POINT BLVD,188TH ST NE,-122.1856306,48.16699722,98223,0,1,20,Others,50,3,40,14,0,0,1,2,12,1,1,2,1,1,Going Straight,1,2,53,,0,54,37,1999,0,0,10,,,,,,1,1,28,1,7,2,4,7,20,0,11,0,09/19/2017,02:42,2.23E+11,41009,0,0,3,3,1,0,0,0,0,6,,,,,,99,,,,,,98387,53,67,160,6,1,0,1,0,0,0,0,,,,,,0,09-15-2015,09-15-2015,7,0,0,0,0,9,8,,,0,0,0,8,9,2,605,0,0,1,0,0,2,1,0,,,,,,,,,,,,,,,,,,,,,,,,,,,,,,1,0,0,0,0,0,1,1,1,0,0,0,0,0,0,0,1,0,0,1,0,0,0,0,0,0,0,0,0,1,0,0,0,1,0,,1,0,0,0,0,0,1,1,1,0,0,0,0,0,1,0,,,,,,26-30,26-35,City street,U,Tuesday,Not Used,PV,Black,1,0,0,0,City Street,Municipal/City Police,Tacoma Police Department,0,0,0,1,0,thc,2.6,carboxy-thc,8.4,,,,,,,,,,,,,,,,,,,,,,,,,,,,,,,,,,,,,,,
2018,487,0MEDIA1,345,08-01-2018,14:40,1,8,Aug,0,65,Stevens,0,98,0,1,98,8,2,0,3,1,,,,1,0,0,No vehicle,0,1,0,1,No intersection,5,2,2,4,0,3,0,0,CR-FORT WELLPINIT RD,,-117.8247194,47.91577222,99040,0,1,99,Others,99,9,98,14,0,0,1,8,1,8,8,2,1,99,Others,3,1,53,,0,20,23,2006,0,0,8,,,,,,1,1,70,2,0,0,0,0,3,0,11,0,,,,,0,0,0,3,1,0,0,0,0,0,,,,,,0,,,,,,98632,53,62,235,6,1,0,0,0,0,0,0,,,,,,0,,,20,0,0,0,8,9,8,,,0,0,0,8,0,0,0,0,0,0,0,0,0,0,996,,,,,,,,,,,,,,,,,,,,,,,,,,,,,,0,0,0,0,0,0,0,0,0,1,0,1,0,0,0,0,0,0,0,0,0,0,0,0,0,1,1,0,0,1,0,1,0,0,0,,0,0,0,0,0,0,0,0,0,0,0,0,0,0,0,0,,,,,,66-70,66-75,City street,U,Thursday,Belt Used,PV,Not Fatal,0,0,0,0,City Street,Municipal/City Police,Longview Police Department,0,0,0,1,0,,,,,,,,,,,,,,,,,,,,,,,,,,,,,,,,,,,,,,,,,,,
2021,487,636115,160,11-21-2021,03:08,21,11,Nov,,33,King,1030,5,,3,1,2,1,0,2,2,,,,12,0,6,Angle,0,2,0,3,T Intersection,7,2,4,6,0,0,0,0,124TH AVE SE,SE 202nd Pl,-122.1759556,47.420875,98031,0,2,69,Initial Opposite Direction(Going Straight),62,4,35,80,0,0,1,2,12,8,8,2,1,1,Going Straight,1,2,53,,0,12,37,2001,0,0,68,64,69,1,,,1,1,32,1,7,1,4,7,20,0,11,0,09/18/2017,07:38,53040390,40390,0,0,0,3,1,0,0,0,0,93,,,,,,0,,,,,,98531,53,72,148,6,1,0,0,0,2,0,0,,,,,,4,05-15-2016,07-15-2017,1,1,9,0,1,9,8,,,0,0,0,8,0,2,605,996,0,1,1,0,2,1,0,,,,,,,,,,,,,,,,,,,,,,,,,,,,,,0,0,0,0,0,0,1,1,1,0,0,0,1,0,0,0,1,0,0,1,0,0,0,0,0,0,0,0,0,1,0,0,0,1,0,,1,0,0,0,0,0,1,1,1,1,0,0,0,0,1,0,,,,,,31-35,26-35,County road,R,Monday,Not Used,PV,White,0,1,0,0,County Road,County Sheriff,Grays Harbor County Sheriff's Offic,1,0,1,0,0,thc,6.9,carboxy-thc,10,,,,,,,,,,,,,,,,,,,,,,,,,,,,,,,,,,,,,,,
2021,487,636114,160,11-21-2021,03:08,21,11,Nov,,33,King,1030,5,,3,1,2,1,0,2,2,,,,12,0,6,Angle,0,2,0,3,T Intersection,7,2,4,6,0,0,0,0,124TH AVE SE,SE 202nd Pl,-122.1759556,47.420875,98031,0,1,68,Initial Opposite Direction(Left/Right),15,2,35,4,0,0,1,2,12,8,8,2,1,11,Turning Red: Permitted on red,1,1,53,,0,76,706,2000,0,0,1,,,,,,1,1,69,1,7,1,4,0,5,0,11,4,08/26/2017,11:12,69053038740,38740,0,0,0,3,1,0,0,0,0,92,,,,,,99,,,,,,98290,53,70,280,6,1,0,0,0,0,0,0,,,,,,0,,,20,8,0,0,0,9,8,,,0,0,0,8,9,2,1,0,0,1,0,0,2,1,0,,,,,,,,,,,,,,,,,,,,,,,,,,,,,,0,0,0,0,0,0,0,0,0,0,0,0,0,0,0,0,1,0,0,0,0,0,0,0,0,1,0,0,1,0,0,0,0,0,1,0,0,0,0,0,0,0,0,0,1,0,0,0,0,0,0,0,,,,,,66-70,66-75,US highway,U,Saturday,,MC,White,0,0,0,0,State Route,State Patrol,Washington State Patrol Headquarter,0,1,0,0,0,,,,,,,,,,,,,,,,,,,,,,,,,,,,,,,,,,,,,,,,,,,
2020,487,635295,2,12-07-2020,17:10,7,12,Dec,,73,Whatcom,0,2,,2,2,2,1,1,1,1,,,,8,0,0,No vehicle,1.3,1,0,1,No intersection,5,1,2,4,0,0,0,0,CR-ENTERPRISE RD,,-122.5745917,48.92449167,98248,0,1,13,Pedestrian/Animal,80,5,50,34,0,0,1,5,8,1,1,2,1,1,Going Straight,1,2,53,,0,20,421,2005,0,0,63,1,42,,,,1,1,33,1,7,1,4,7,20,0,11,0,09-03-2017,02:00,53038265,38265,0,0,0,3,1,0,0,0,0,6,,,,,,9,,,,,,99354,53,75,215,6,1,0,1,0,3,1,0,,,,,,4,10-15-2013,12-15-2015,20,2,2,0,0,9,8,,,0,0,0,8,1,2,605,0,0,1,0,0,2,1,0.18,,,,,,,,,,,,,,,,,,,,,,,,,,,,,,0,0,0,0,1,1,1,1,1,0,0,0,1,0,0,0,1,0,0,1,0,0,0,0,0,0,0,0,0,1,0,0,0,1,0,,1,0,0,0,0,1,1,1,1,1,0,0,0,0,0,1,,,,,,31-35,26-35,County road,R,Sunday,Not Used,PV,White,0,1,0,0,County Road,County Sheriff,Stevens County Sheriff's Office,1,0,1,0,0,thc,36,carboxy-thc,130,,,,,,,,,,,,,,,,,,,,,,,,,,,,,,,,,,,,,,,
2017,487,632989,25,11-22-2017,17:22,22,11,Nov,0,33,King,1495,10,0,3,8,2,1,1,1,1,,,,8,0,0,No vehicle,23.1,1,0,1,No intersection,3,2,1,3,0,0,0,0,SR-509,,-122.3342556,47.44287222,98148,0,1,13,Pedestrian/Animal,80,5,35,2,0,0,1,5,8,1,1,5,5,1,Going Straight,1,1,53,,0,72,706,2005,0,0,12,,,,,,1,1,51,1,7,1,4,0,19,0,11,4,09/15/2017,00:29,53040995,40995,0,0,0,3,1,0,0,0,0,0,,,,,,0,,,,,,98601,53,67,230,6,1,0,0,0,2,0,0,,,,,,0,01-15-2014,09-15-2014,20,8,0,0,0,9,8,,,0,0,0,8,9,2,695,0,0,1,0,0,2,1,0,,,,,,,,,,,,,,,,,,,,,,,,,,,,,,0,0,0,1,0,0,1,1,1,0,0,0,0,0,0,0,0,0,0,0,0,0,0,0,0,0,0,0,1,1,0,0,0,0,1,0,0,0,0,0,0,0,1,1,0,0,0,0,0,0,1,0,,,,,,51-55,46-55,County road,U,Wednesday,,MC,White,1,0,0,0,County Road,County Sheriff,Clark County Sheriff's Office,0,0,1,0,0,,,,,,,,,,,,,,,,,,,,,,,,,,,,,,,,,,,,,,,,,,,
2019,487,3658285,344,12-26-2019,01:39,26,12,Dec,,77,Yakima,0,1,0,2,1,2,1,1,1,1,,,,8,1,0,No vehicle,11.5,1,0,1,No intersection,5,1,2,4,0,3,0,0,CR-BRANCH RD,,-120.6176694,46.40456111,98933,0,1,13,Pedestrian/Animal,80,5,50,49,0,0,1,5,8,1,1,2,1,1,Going Straight,99,9,99,,0,48,401,2017,0,0,12,,,,,,1,1,26,1,0,0,0,0,3,0,11,0,,,,,0,0,3,3,1,39,0,0,0,96,,,,,,0,,,,,,98604,53,73,130,6,1,0,0,0,2,0,97,,,,,,0,08-15-2015,11-15-2015,8,0,0,0,8,9,8,,,0,0,0,8,0,2,1,0,0,1,0,0,2,1,0,,,,,,,,,,,,,,,,,,,,,,,,,,,,,,0,0,0,1,0,0,1,1,1,0,0,0,0,0,0,0,0,0,0,0,0,0,0,0,0,0,0,0,1,1,0,0,0,0,0,,0,0,0,0,0,0,0,0,0,0,0,0,0,0,0,0,,,,,,26-30,26-35,County road,U,Wednesday,Belt Used,PV,Not Fatal,1,0,0,0,County Road,County Sheriff,Clark County Sheriff's Office,0,0,1,0,0,,,carboxy-thc,5.7,,,,,,,,,,,,,,,,,,,,,,,,,,,,,,,,,,,,,,,
2021,488,636117,337,11-14-2021,19:06,14,11,Nov,,73,Whatcom,110,2,,3,2,2,2,0,3,2,,,,12,0,6,Angle,0,1,0,1,No intersection,3,2,4,6,0,0,0,0,LAKEWAY DR,,-122.4391722,48.74756944,98225,0,2,65,Others,62,4,35,15,0,0,1,2,12,3,1,3,1,14,Making a U turn,1,1,53,,0,12,471,2002,0,0,63,34,35,1,,,1,1,53,1,7,3,4,0,3,0,11,8,09/14/2017,21:00,1.44E+11,40087,5,0,0,2,1,0,0,0,0,96,,,,,,0,,,,,,98951,53,66,220,1,1,0,1,1,0,3,0,,,,,,4,03-15-2013,12-15-2013,20,0,0,1,0,9,8,,,0,0,0,8,0,2,401,417,0,1,1,0,2,1,0,,,,,,,,,,,,,,,,,,,,,,,,,,,,,,0,0,0,0,0,0,1,1,0,0,0,0,1,1,0,0,0,0,0,0,0,0,0,0,0,0,0,0,0,0,0,0,0,0,0,,0,0,0,0,0,0,1,1,0,1,0,1,0,0,1,0,,,,,,51-55,46-55,County road,R,Wednesday,Belt Used,PV,AIAN,0,1,0,0,County Road,County Sheriff,Yakima County Sheriff's Office,1,0,1,0,0,,,,,,,,,,,,,,,,,,,,,,,,,,,,,,,,,,,,,,,,,,,
2021,488,636116,337,11-14-2021,19:06,14,11,Nov,,73,Whatcom,110,2,,3,2,2,2,0,3,2,,,,12,0,6,Angle,0,1,0,1,No intersection,3,2,4,6,0,0,0,0,LAKEWAY DR,,-122.4391722,48.74756944,98225,0,1,64,Others,9,1,35,2,0,0,1,2,12,2,1,3,1,14,Making a U turn,2,2,53,,0,52,882,2012,0,0,64,1,,,,,1,1,22,1,0,0,1,0,3,0,11,4,,,,,0,0,0,8,1,91,0,0,0,0,,,,,,9,,,,,,98198,53,72,213,6,1,0,1,0,1,0,1,,,,,,4,01-15-2016,05-15-2017,20,0,0,0,8,9,8,,,0,0,0,8,1,2,605,0,0,1,0,0,2,1,0.12,,,,,,,,,,,,,,,,,,,,,,,,,,,,,,0,0,1,0,1,1,1,1,1,0,0,0,1,0,0,0,0,0,0,0,0,0,0,1,1,0,0,0,0,0,1,0,0,0,0,,0,0,0,0,0,1,1,1,0,1,0,0,0,0,0,1,,,,,,21-25,16-25,State route,U,Tuesday,,MHTRUCK,Not Fatal,0,1,0,0,State Route,State Patrol,Washington State Patrol Headquarter,1,1,0,0,0,thc,1,carboxy-thc,13,,,,,,,,,,,,,,,,,,,,,,,,,,,,,,,,,,,,,,,
2020,488,635297,8,12-08-2020,02:01,8,12,Dec,,45,Mason,0,2,,2,2,2,1,0,2,1,02:00,02:13,02:40,42,0,0,No vehicle,338.6,1,0,1,No intersection,3,1,1,2,0,0,0,0,US-101,,-123.1815028,47.29919167,98584,0,1,1,Driver Off Road,9,1,55,2,0,0,1,2,42,1,2,2,1,1,Going Straight,2,1,53,,0,76,706,2007,0,0,1,,,,,,1,1,39,1,7,1,4,7,5,0,11,0,08/31/2017,16:14,2.23E+11,39063,6,0,0,3,1,0,0,0,0,0,,,,,,99,,,,,,98375,53,71,270,6,1,0,0,0,0,0,0,,,,,,0,,,20,8,0,0,0,9,8,,,0,0,0,8,9,2,1,0,0,1,0,0,2,10,0,,,,,,,,,,,,,,,,,,,,,,,,,,,,,,0,0,0,0,0,0,0,0,0,0,0,0,1,1,0,0,1,0,0,0,0,0,0,0,0,0,0,0,1,1,1,0,0,0,1,0,0,0,0,0,0,0,0,0,0,0,0,0,0,0,0,0,,,,,,36-40,36-45,State route,U,Thursday,,MC,White,0,0,0,0,State Route,State Patrol,Washington State Patrol Headquarter,0,1,0,0,0,,,,,,,,,,,,,,,,,,,,,,,,,,,,,,,,,,,,,,,,,,,
2019,488,634101,39,06-03-2019,10:00,3,6,June,,61,Snohomish,0,1,0,1,1,2,1,0,2,2,,,,12,0,7,"Sideswipe,Same",0,2,1,2,4 Way,1,2,1,1,0,0,3,3,I-5 RAMP LX19911,MARINE DR,-122.1855278,48.05185556,98270,0,2,98,Others,60,4,98,4,0,0,1,5,12,3,1,2,6,11,Turning Red: Permitted on red,1,1,53,,0,12,481,2017,0,0,12,12,,,,,1,1,60,1,0,0,0,0,3,0,11,0,,,,,6,0,0,3,1,0,0,0,0,0,,,,,,0,,,,,,98597,53,68,225,6,1,0,0,0,0,0,97,,,,,,0,,,20,0,0,0,8,9,8,,,0,0,0,8,0,0,0,0,0,0,0,0,0,0,996,,,,,,,,,,,,,,,,,,,,,,,,,,,,,,0,0,0,0,0,0,0,0,0,0,0,0,1,1,0,0,1,0,0,0,0,0,0,0,0,0,0,0,1,1,1,0,0,0,0,,0,0,0,0,0,0,0,0,0,0,0,0,0,0,0,0,,,,,,56-60,56-65,State route,U,Thursday,Belt Used,PV,Not Fatal,0,0,0,0,State Route,State Patrol,Washington State Patrol Headquarter,0,1,0,0,0,,,,,,,,,,,,,,,,,,,,,,,,,,,,,,,,,,,,,,,,,,,
2019,488,634100,39,06-03-2019,10:00,3,6,June,,61,Snohomish,0,1,0,1,1,2,1,0,2,2,,,,12,0,7,"Sideswipe,Same",0,2,1,2,4 Way,1,2,1,1,0,0,3,3,I-5 RAMP LX19911,MARINE DR,-122.1855278,48.05185556,98270,0,1,98,Others,11,2,98,20,0,0,1,7,12,3,1,2,6,11,Turning Red: Permitted on red,1,3,53,,0,7,24,2007,0,0,12,12,,,,,1,1,30,2,0,0,0,0,3,0,11,0,,,,,0,0,0,2,1,0,0,0,0,0,,,,,,0,,,,,,98580,53,62,145,1,1,1,1,3,1,5,97,,,,,,0,12-15-2012,03-15-2017,20,0,0,0,8,9,8,,,0,0,0,8,0,0,0,0,0,0,0,0,0,0,996,,,,,,,,,,,,,,,,,,,,,,,,,,,,,,0,0,0,0,0,0,0,0,0,0,0,0,1,1,0,0,1,0,0,0,0,0,0,0,0,0,0,0,1,1,1,0,0,0,0,,0,0,0,0,0,0,0,0,0,0,0,1,0,0,0,0,,,,,,26-30,26-35,State route,U,Thursday,Belt Used,PV,Not Fatal,0,0,0,0,State Route,State Patrol,Washington State Patrol Headquarter,0,1,0,0,0,,,,,,,,,,,,,,,,,,,,,,,,,,,,,,,,,,,,,,,,,,,
2018,488,633718,8,11-26-2018,17:40,26,11,Nov,0,35,Kitsap,0,2,0,2,2,2,1,0,7,1,,,,24,0,0,No vehicle,25.7,1,0,1,No intersection,3,1,1,3,0,0,0,0,SR-16,,-122.6761861,47.52813056,98312,0,1,2,Control/Traction Loss,6,1,60,20,0,0,1,7,24,3,2,2,3,14,Making a U turn,7,1,53,,0,7,880,2004,0,0,12,12,,,,,1,1,26,1,0,0,0,0,3,0,11,0,,,,,0,0,0,3,1,0,0,0,0,0,,,,,,0,,,,,,98513,53,74,243,6,1,0,0,0,4,0,0,,,,,,0,07-15-2013,10-15-2016,20,0,0,0,8,9,8,,,0,0,0,8,0,2,1,0,0,1,0,0,2,1,0,,,,,,,,,,,,,,,,,,,,,,,,,,,,,,0,0,0,0,0,0,0,0,0,0,0,0,1,1,0,0,1,0,0,0,0,0,0,0,0,0,0,0,1,1,1,0,0,0,0,,0,0,0,0,0,0,0,0,0,0,0,0,0,0,0,0,,,,,,26-30,26-35,State route,U,Thursday,Belt Used,MHTRUCK,Not Fatal,0,0,0,0,State Route,State Patrol,Washington State Patrol Headquarter,0,1,0,0,0,,,,,,,,,,,,,,,,,,,,,,,,,,,,,,,,,,,,,,,,,,,
2017,488,632962,7,11-05-2017,03:10,5,11,Nov,0,33,King,2005,2,0,2,2,1,1,1,1,2,,,,8,0,0,No vehicle,176.8,1,0,1,No intersection,1,2,1,1,0,0,0,0,I-5,,-122.3239806,47.76307778,98043,0,1,13,Pedestrian/Animal,13,2,60,14,0,0,1,2,8,1,1,5,3,1,Going Straight,1,1,53,,0,41,54,2011,0,0,12,12,,,,,1,1,30,2,0,0,3,0,3,0,11,4,,,,,0,0,0,3,1,0,0,0,0,0,,,,,,0,,,,,,98466,53,69,165,6,1,0,0,0,0,0,0,,,,,,0,,,1,0,0,0,8,9,8,,,0,0,0,8,0,0,0,0,0,0,0,0,0,0,996,,,,,,,,,,,,,,,,,,,,,,,,,,,,,,0,0,0,0,0,0,0,0,0,0,0,0,1,1,0,0,1,0,0,0,0,0,0,0,0,0,0,0,1,1,1,0,0,0,0,,0,0,0,0,0,0,0,0,0,0,0,0,0,0,0,0,,,,,,26-30,26-35,State route,U,Thursday,Belt Used,PV,Not Fatal,0,0,0,0,State Route,State Patrol,Washington State Patrol Headquarter,0,1,0,0,0,,,,,,,,,,,,,,,,,,,,,,,,,,,,,,,,,,,,,,,,,,,
2021,489,636118,4,11-21-2021,03:30,21,11,Nov,,1,Adams,0,1,,3,4,2,1,0,1,1,,,,51,0,0,No vehicle,0.1,1,0,1,No intersection,1,1,1,1,0,0,0,0,I-90,,-118.3736333,47.11353056,99169,0,1,0,Others,6,1,70,34,1,0,1,2,1,2,1,4,2,14,Making a U turn,1,1,16,,0,85,881,2006,0,0,12,12,,,,,1,1,42,1,0,0,0,0,3,0,11,0,,,,,6,1,0,3,1,0,0,0,0,12,,,,,,0,,,,,,98390,53,72,360,6,1,0,2,0,0,0,97,,,,,,3,12-15-2012,02-15-2013,20,0,0,0,8,9,8,,,0,0,0,8,0,2,1,0,0,1,0,0,2,1,0,,,,,,,,,,,,,,,,,,,,,,,,,,,,,,0,0,0,0,0,0,0,0,0,0,0,0,1,1,0,0,1,0,0,0,0,0,0,0,0,0,0,0,1,1,1,0,0,0,0,,0,0,0,0,0,0,0,0,1,1,0,0,0,0,0,0,,,,,,41-45,36-45,State route,U,Thursday,,MHTRUCK,Not Fatal,0,0,0,0,State Route,State Patrol,Washington State Patrol Headquarter,0,1,0,0,0,,,,,,,,,,,,,,,,,,,,,,,,,,,,,,,,,,,,,,,,,,,
2019,489,3806728,263,09-03-2019,17:43,3,9,Sep,,33,King,1960,1,0,1,1,1,1,1,1,1,,,,9,0,0,No vehicle,0,2,0,2,4 Way,7,2,4,6,0,0,20,3,ALASKAN WAY VIA,S SPOKANE ST,-122.3393333,47.57141389,98134,0,1,13,Pedestrian/Animal,83,5,20,34,0,0,1,5,9,1,1,1,4,4,Others,1,2,53,,0,12,3,2006,0,0,12,,,,,,1,1,20,1,0,0,0,0,3,0,11,0,,,,,0,0,0,3,1,0,0,0,0,1,,,,,,0,,,,,,98663,53,71,150,6,1,0,0,0,0,0,0,,,,,,0,,,1,0,0,0,8,9,8,,,0,0,0,8,0,0,0,0,0,0,0,0,0,0,996,,,,,,,,,,,,,,,,,,,,,,,,,,,,,,0,0,0,0,0,0,1,1,1,0,0,0,0,0,0,0,1,0,0,1,0,1,1,1,1,0,0,0,0,1,0,0,0,0,0,,0,0,0,0,0,0,0,0,1,0,0,0,0,0,0,0,,,,,,18-20,16-25,County road,U,Saturday,Belt Used,PV,Not Fatal,0,1,1,0,County Road,County Sheriff,Clark County Sheriff's Office,0,0,1,0,0,,,,,,,,,,,,,,,,,,,,,,,,,,,,,,,,,,,,,,,,,,,
2020,489,635298,52,12-14-2020,15:38,14,12,Dec,,57,Skagit,50,1,,1,1,2,1,1,1,1,15:37,15:45,15:52,8,0,0,No vehicle,3.5,3,0,2,4 Way,3,2,1,3,0,0,3,3,SR-20,22ND ST,-122.6127167,48.50451667,98221,0,1,13,Pedestrian/Animal,80,5,25,34,0,0,1,5,8,1,2,3,1,11,Turning Red: Permitted on red,1,1,53,,0,63,38,2015,0,0,68,12,,,,,1,1,25,1,1,1,4,7,20,0,11,0,09-09-2017,18:31,2.37E+11,39319,0,0,0,3,1,28,0,0,0,92,,,,,,99,,,,,,98685,53,70,240,6,1,0,0,0,1,0,0,,,,,,0,11-15-2015,11-15-2015,1,0,0,0,0,9,8,,,0,0,0,8,9,2,605,0,0,1,0,0,2,1,0,,,,,,,,,,,,,,,,,,,,,,,,,,,,,,0,0,0,0,0,0,1,1,1,0,0,0,0,0,0,0,1,0,0,1,0,1,1,1,1,0,0,0,0,1,0,0,0,1,0,,1,0,0,0,0,0,1,1,1,0,0,0,0,0,1,0,,,,,,21-25,16-25,County road,U,Saturday,Not Used,PV,Hispanic,0,1,1,0,County Road,County Sheriff,Clark County Sheriff's Office,0,0,1,0,0,thc,2.9,carboxy-thc,34,,,,,,,,,,,,,,,,,,,,,,,,,,,,,,,,,,,,,,,