year,something,Cases,repjur,crash_dt,crash_tm,accday,Month,Month,holiday,county,co_char,city,weather,weather2,lightcond,surfcond,surftype,Number of Fatalities,nmforms,pforms,vforms,not_tm,arr_tm,hosp_tm,fhevent,hitrun,Manner of Collision,Manner of Collision,milepnt,reljunc,reljuncinter,intersectiontype,Intersection Type,funcsystem,landuse,ownership,route,schlbus,spejur,contdev,devfunc,trafid1,trafid2,x,y,zipcode,wk_zone,vnumber,crashtype,Crash Type,criticalevent,criticaleventcat,spdlim,body,trailer,emerg,hazcargo,leave,mhevent,roadalgn,roadprof,traflane,trafflow,Vehicle Manure,Vehicle Manure,numoccs,regowner,regstate,,spuse,make,model,modelyr,vrf1,vrf2,seqevent1,seqevent2,seqevent3,seqevent4,seqevent5,seqevent6,pnumber,ptype,age,sex,hispanic,race,injury,diedscene,restraint,restraintmisuse,seatpos,takehosp,death_dt,death_tm,cert,cernum_wa,commlic,licendor,licrestrict,liccomp,drivpres,drf1,drf2,drf3,drf4,distract1,distract2,distract3,distract4,distract5,distract6,dricond1,dricond2,dricond3,dricond4,dricond5,dricond6,dzip,licstate,drhgt_in,weight,noncdl,noncdltype,prevdwi,prevoth,prevacc,prevspd,prevsus,driviol1,driviol2,driviol3,driviol4,driviol5,driviol6,spdrel,first_dt,last_dt,airbag,ejection,ejectpath,extricat,injurwrk,methalc,methdrug,nmlocat,strikveh,prf1,prf2,prf3,druginv,alcinvol,drugsts,drugres1,drugres2,drugres3,drugtst1,drugtst2,drugtst3,alcsts,alctst,alcres,nmact1,nmact2,nmact3,nmact4,nmact5,nmact6,nmprior1,nmprior2,nmprior3,nmprior4,nmprior5,nmprior6,nmcond1,nmcond2,nmcond3,nmcond4,nmcond5,nmcond6,nmsafe_helmet,nmsafe_pads,nmsafe_oth,nmprev_ref,nmprev_lgt,nmprev_oth,crashlocation,nmcrashtype,crosswalk,schoolzone,sidewalk,train_inv,wildlife_inv,rotr_fars,intersect_fars,Drink and Drive,aid_inv,Drug Positive Drivers,Impaired Drivers,Marijuana Positive,impnm_inv,ainm_inv,dpnm_inv,speed_inv,unlic_inv,unendmc_inv,drowsy_inv,drdist_inv,nmdist_inv,fty_inv,unrestfat_inv,dr1617_inv,dr1820_inv,dr1620_inv,dr2125_inv,dr1625_inv,dr65_inv,dr70_inv,dr75_inv,mc_inv,pv_inv,ht_inv,ped_inv,bike_inv,unrest_fat,mc_fat,unhelmet_mc,pv_fat,ht_fat,ped_fat,bike_fat,dr_alc7,dr_alc8,dr_drug,dr_imp,dr_dist,dr_spd,dr_fty,dr_unlic,dr_alc7only,dr_alc8only,dr_drugonly,dr_drink,nm_imp,nm_alc7,nm_alc8,nm_drug,nm_dist,agegrp1,agegrp2,roadclass,urbrur,dayweek,restuse,vehtype,race_me,intersect,lanedep,oppdir,wrongway,rep_typ,investag,repag_long,rotr,st_rd,cty_rd,city_rd,oth_rd,drug_thc,thc_res,drug_cthc,cthc_res,drug_cann,prevpersemin,prevperse,prevsusoth,drugtst4,drugtst5,drugtst6,drugtst7,drugtst8,drugres4,drugres5,drugres6,drugres7,drugres8,adspresent,adsengaged,adslevel,race1,race2,race3,race4,race5,helmet,helmetmisuse,nmdistract1,nmdistract2,nmdistract3,nmdistract4,nmdistract5,nmdistract6,lab,isedtcase,crf1,crf2,crf3,CoRoadName,CoMP,IntCoRoadName,IntCoMP
2018,489,633809,87,12-31-2018,18:08,31,12,Dec,10,3,Asotin,360,1,0,3,1,2,1,1,1,1,,,,15,0,0,No vehicle,430,8,0,1,No intersection,3,2,1,2,0,0,0,0,US-12,,-117.0553444,46.419925,99403,0,1,13,Pedestrian/Animal,83,5,30,4,0,0,1,5,15,1,1,3,5,1,Going Straight,1,1,53,,0,22,19,2007,0,0,8,,,,,,1,1,23,2,0,0,0,0,3,0,11,0,,,,,0,0,3,3,1,0,0,0,0,0,,,,,,0,,,,,,98948,53,61,127,6,1,0,0,0,0,0,0,,,,,,0,,,20,0,0,0,8,9,8,,,0,0,0,8,0,8,95,0,0,6,0,0,8,95,995,,,,,,,,,,,,,,,,,,,,,,,,,,,,,,0,0,0,0,0,0,0,0,0,1,0,1,0,0,0,0,0,0,0,0,0,0,0,1,1,0,0,0,0,1,0,1,0,0,0,,0,0,0,0,0,0,0,0,0,0,0,0,0,0,0,0,,,,,,21-25,16-25,US highway,R,Sunday,Belt Used,PV,Not Fatal,0,0,0,0,State Route,State Patrol,Washington State Patrol Headquarter,0,1,0,0,0,,,,,,,,,,,,,,,,,,,,,,,,,,,,,,,,,,,,,,,,,,,
2017,489,632953,28,11-07-2017,10:33,7,11,Nov,0,39,Klickitat,0,1,0,1,1,2,1,0,1,1,10:33,10:51,,1,0,0,No vehicle,7,1,0,1,No intersection,5,1,2,4,0,0,0,0,CR-CENTERVILLE HWY,,-121.1769472,45.71808889,98635,0,1,1,Driver Off Road,13,2,50,90,0,0,1,5,1,1,1,2,1,1,Going Straight,1,0,53,,0,72,706,2017,0,0,64,43,,,,,1,1,60,1,7,1,4,7,19,0,11,0,09-05-2017,11:38,2.23E+11,39425,0,0,0,3,1,0,0,0,0,92,,,,,,99,,,,,,98404,53,74,200,6,1,0,2,5,2,0,0,,,,,,0,12-15-2013,02-15-2017,20,8,0,0,0,9,8,,,0,0,0,8,9,2,189,407,605,1,1,1,2,1,0,,,,,,,,,,,,,,,,,,,,,,,,,,,,,,0,0,0,0,0,0,1,1,1,0,0,0,0,0,0,0,1,0,0,0,0,0,0,0,0,0,0,0,1,0,0,0,0,0,1,0,0,0,0,0,0,0,1,1,1,0,0,0,0,0,1,0,,,,,,56-60,56-65,State route,U,Tuesday,,MC,White,0,1,0,0,State Route,State Patrol,Washington State Patrol Headquarter,1,1,0,0,0,thc,2.8,,,,,,,,,,,,,,,,,,,,,,,,,,,,,,,,,,,,,,,,,
2020,490,635272,263,12-08-2020,10:30,8,12,Dec,,33,King,1960,2,,1,2,2,1,1,1,1,,,,8,0,0,No vehicle,0,3,0,2,4 Way,4,2,4,6,0,0,20,3,QUEEN ANNE AVE N,W BLAINE ST,-122.3569806,47.63474444,98119,0,1,13,Pedestrian/Animal,80,5,25,34,0,0,1,5,8,1,1,2,1,11,Turning Red: Permitted on red,1,3,53,,0,23,881,1995,0,0,68,64,38,42,,,1,1,40,1,7,38,4,7,20,0,11,0,05/28/2017,16:27,2.23E+11,24437,0,0,0,2,1,0,0,0,0,96,,,,,,9,,,,,,98444,53,72,200,1,1,0,0,0,0,0,0,,,,,,0,,,20,0,0,0,0,1,8,,,0,0,0,8,1,2,401,417,605,1,1,1,2,1,0.031,,,,,,,,,,,,,,,,,,,,,,,,,,,,,,0,0,1,0,1,0,1,1,1,0,0,0,0,1,0,0,0,0,0,0,0,0,0,0,0,0,0,0,0,0,1,0,0,0,0,,0,1,0,0,1,0,1,1,0,0,0,1,0,0,0,1,,,,,,36-40,36-45,County road,U,Sunday,,MHTRUCK,API,0,1,0,0,County Road,County Sheriff,Law Enforcement Support Agency,1,0,1,0,0,thc,3,carboxy-thc,11,,,,,,,,,,,,,,,,,,,,,,,,,,,,,,,,,,,,,,,
2019,490,634536,242,12-25-2019,15:46,25,12,Dec,,53,Pierce,1770,1,0,1,1,2,1,0,3,2,,,,12,0,6,Angle,6.1,2,0,2,4 Way,3,2,1,3,0,0,3,3,SR-167,2ND ST NE,-122.2937917,47.19874167,98372,0,2,82,Turn Into Opp Direction(Turning Left),66,4,35,4,0,0,1,7,12,1,1,4,1,11,Turning Red: Permitted on red,1,1,53,,0,72,706,2013,0,0,11,,,,,,1,1,64,1,7,1,4,7,19,0,11,0,09-12-2017,04:21,53039813,39813,0,0,0,3,1,0,0,0,0,96,,,,,,99,,,,,,99224,53,69,185,6,1,0,3,1,2,0,0,,,,,,0,03-15-2013,07-15-2014,20,8,0,0,0,9,8,,,0,0,0,8,9,2,1,0,0,1,0,0,2,1,0,,,,,,,,,,,,,,,,,,,,,,,,,,,,,,0,1,0,0,0,0,0,0,0,0,0,0,0,0,0,0,0,0,0,0,0,0,0,0,0,0,0,0,1,0,0,0,0,0,1,0,0,0,0,0,0,0,0,0,0,0,0,0,0,0,0,0,,,,,,61-65,56-65,County road,R,Tuesday,,MC,White,0,0,0,0,County Road,County Sheriff,Spokane County Sheriff's Office,0,0,1,0,0,,,,,,,,,,,,,,,,,,,,,,,,,,,,,,,,,,,,,,,,,,,
2019,490,634535,242,12-25-2019,15:46,25,12,Dec,,53,Pierce,1770,1,0,1,1,2,1,0,3,2,,,,12,0,6,Angle,6.1,2,0,2,4 Way,3,2,1,3,0,0,3,3,SR-167,2ND ST NE,-122.2937917,47.19874167,98372,0,1,83,Others,17,2,35,67,0,0,1,5,12,1,1,4,1,1,Going Straight,2,2,53,,0,37,706,2003,0,0,63,42,1,3,,,1,1,42,1,7,1,4,7,19,0,11,0,08/14/2017,19:09,2.33E+11,35853,0,0,0,3,1,0,0,0,0,0,,,,,,99,,,,,,85207,4,70,150,6,1,0,0,0,0,0,0,,,,,,0,,,20,8,0,0,0,9,8,,,0,0,0,8,9,2,1,0,0,1,0,0,2,1,0.17,,,,,,,,,,,,,,,,,,,,,,,,,,,,,,0,0,1,0,1,1,0,1,0,0,0,0,0,0,0,0,0,0,0,0,0,0,0,0,0,0,0,0,1,0,0,0,0,0,1,0,0,0,0,0,0,1,0,1,0,0,0,0,0,1,0,1,,,,,,41-45,36-45,County road,R,Monday,,MC,White,0,1,0,0,County Road,County Sheriff,Okanogan County Sheriff's Office,1,0,1,0,0,,,,,,,,,,,,,,,,,,,,,,,,,,,,,,,,,,,,,,,,,,,
2018,490,633826,39,12-31-2018,13:40,31,12,Dec,0,61,Snohomish,0,1,0,1,1,2,1,0,4,3,13:40,14:03,14:36,12,0,1,Front-to-Rear,1.1,2,0,3,T Intersection,4,1,2,4,0,0,0,0,CR-84TH ST NE,105TH AVE NE,-122.0887972,48.07205833,98258,0,3,98,Others,62,4,50,15,0,0,1,7,12,1,1,2,1,1,Going Straight,1,3,53,,0,20,421,2007,0,0,8,,,,,,1,1,33,2,0,0,0,0,3,0,11,0,,,,,0,0,0,3,1,0,0,0,0,92,,,,,,0,,,,,,98501,53,68,130,6,1,0,0,0,0,0,0,,,,,,0,,,20,0,0,0,8,9,2,,,0,0,0,0,0,0,0,0,0,0,0,0,0,0,996,,,,,,,,,,,,,,,,,,,,,,,,,,,,,,0,0,0,0,0,0,0,0,0,0,0,0,0,0,0,0,1,1,0,0,0,0,0,0,0,0,0,0,0,1,0,1,0,0,0,,0,0,0,0,0,0,0,0,1,0,0,0,0,0,0,0,,,,,,31-35,26-35,City street,U,Sunday,Belt Used,PV,Not Fatal,1,0,0,0,City Street,Municipal/City Police,Lacey Police Department,0,0,0,1,0,,,,,,,,,,,,,,,,,,,,,,,,,,,,,,,,,,,,,,,,,,,
2018,490,633825,39,12-31-2018,13:40,31,12,Dec,0,61,Snohomish,0,1,0,1,1,2,1,0,4,3,13:40,14:03,14:36,12,0,1,Front-to-Rear,1.1,2,0,3,T Intersection,4,1,2,4,0,0,0,0,CR-84TH ST NE,105TH AVE NE,-122.0887972,48.07205833,98258,0,2,29,Others,53,3,50,4,0,0,1,7,12,1,1,2,1,2,Others,2,1,53,,0,30,40,2015,0,0,12,,,,,,1,1,20,2,0,0,0,0,3,0,11,0,,,,,0,0,0,3,1,0,0,0,0,0,,,,,,0,,,,,,83854,16,63,120,6,1,0,0,0,0,0,0,,,,,,0,,,8,0,0,0,8,9,2,,,0,0,0,0,0,2,1,0,0,1,0,0,2,1,0,,,,,,,,,,,,,,,,,,,,,,,,,,,,,,0,0,0,0,1,1,1,1,1,0,0,0,1,0,0,0,0,0,0,0,0,1,1,0,1,0,0,0,1,1,0,0,0,0,0,,0,0,0,0,0,0,0,0,0,0,0,0,0,0,0,0,,,,,,18-20,16-25,County road,U,Thursday,Belt Used,PV,Not Fatal,0,1,1,0,County Road,County Sheriff,Spokane County Sheriff's Office,0,0,1,0,0,,,,,,,,,,,,,,,,,,,,,,,,,,,,,,,,,,,,,,,,,,,
2018,490,633824,39,12-31-2018,13:40,31,12,Dec,0,61,Snohomish,0,1,0,1,1,2,1,0,4,3,13:40,14:03,14:36,12,0,1,Front-to-Rear,1.1,2,0,3,T Intersection,4,1,2,4,0,0,0,0,CR-84TH ST NE,105TH AVE NE,-122.0887972,48.07205833,98258,0,1,28,Others,52,3,50,21,0,0,1,7,12,1,1,2,1,1,Going Straight,1,3,53,,0,72,706,1995,0,0,68,12,,,,,1,1,35,2,7,1,4,7,19,0,11,0,09-07-2017,22:52,53039372,39372,0,0,0,3,1,28,0,0,0,96,,,,,,99,,,,,,99005,53,67,135,6,1,0,0,0,0,0,0,,,,,,3,,,20,8,0,0,0,9,8,,,0,0,0,8,9,2,605,0,0,1,0,0,2,1,0.26,,,,,,,,,,,,,,,,,,,,,,,,,,,,,,0,0,0,0,1,1,1,1,1,0,0,0,1,0,0,0,0,0,0,0,0,1,1,0,1,0,0,0,1,1,0,0,0,0,1,0,0,0,0,0,0,1,1,1,0,1,0,0,0,0,0,1,,,,,,31-35,26-35,County road,U,Thursday,,MC,White,0,1,1,0,County Road,County Sheriff,Spokane County Sheriff's Office,0,0,1,0,0,thc,14,carboxy-thc,14,,,,,,,,,,,,,,,,,,,,,,,,,,,,,,,,,,,,,,,
2021,490,636120,1,11-01-2021,00:15,1,11,Nov,,77,Yakima,2590,1,,2,1,2,1,1,1,1,,,,8,1,0,No vehicle,33.6,1,0,1,No intersection,1,2,1,1,0,0,0,0,I-82,,-120.4822778,46.600625,98901,0,1,13,Pedestrian/Animal,80,5,60,99,0,0,1,5,8,1,2,2,3,1,Going Straight,99,9,99,,0,20,481,2007,0,0,12,,,,,,1,1,51,2,0,0,0,0,3,0,11,0,,,,,0,0,0,3,1,0,0,0,0,0,,,,,,0,,,,,,98901,53,59,155,6,1,0,0,0,0,0,0,,,,,,0,,,20,0,0,0,8,9,8,,,0,0,0,8,0,0,0,0,0,0,0,0,0,0,996,,,,,,,,,,,,,,,,,,,,,,,,,,,,,,0,0,0,0,0,0,0,0,0,0,0,0,0,0,1,0,0,0,0,0,0,0,0,0,0,0,0,0,1,0,0,0,0,0,0,,0,0,0,0,0,0,0,0,0,0,0,0,0,0,0,0,,,,,,51-55,46-55,County road,R,Sunday,Belt Used,PV,Not Fatal,0,0,0,0,County Road,County Sheriff,Yakima County Sheriff's Office,0,0,1,0,0,,,,,,,,,,,,,,,,,,,,,,,,,,,,,,,,,,,,,,,,,,,
2021,491,636126,2,11-25-2021,15:52,25,11,Nov,,61,Snohomish,0,2,,1,2,2,1,0,8,5,,,,12,0,1,Front-to-Rear,7.6,1,0,1,No intersection,4,1,1,3,0,0,0,0,SR-532,,-122.2942583,48.23639167,98292,0,5,98,Others,62,4,55,14,0,0,1,5,12,1,1,3,1,1,Going Straight,3,1,53,,0,76,705,1984,0,0,12,,,,,,1,1,51,1,7,1,4,0,19,0,11,1,09/18/2017,20:06,1.96E+11,40951,0,0,0,2,1,33,0,0,0,96,,,,,,99,,,,,,98942,53,68,200,6,1,0,1,1,0,0,0,,,,,,0,05-15-2017,05-15-2017,20,8,0,0,0,9,8,,,0,0,0,8,9,0,0,0,0,0,0,0,0,0,996,,,,,,,,,,,,,,,,,,,,,,,,,,,,,,0,0,0,0,0,0,0,0,0,0,0,0,0,0,1,0,0,0,0,0,0,0,0,0,0,0,0,0,1,0,0,0,0,0,1,0,0,0,0,0,0,0,0,0,0,0,0,0,0,0,0,0,,,,,,51-55,46-55,County road,R,Sunday,,MC,White,0,0,0,0,County Road,County Sheriff,Yakima County Sheriff's Office,0,0,1,0,0,,,,,,,,,,,,,,,,,,,,,,,,,,,,,,,,,,,,,,,,,,,
2021,491,636125,2,11-25-2021,15:52,25,11,Nov,,61,Snohomish,0,2,,1,2,2,1,0,8,5,,,,12,0,1,Front-to-Rear,7.6,1,0,1,No intersection,4,1,1,3,0,0,0,0,SR-532,,-122.2942583,48.23639167,98292,0,4,98,Others,52,3,55,3,0,0,1,2,12,1,1,3,1,1,Going Straight,1,2,53,,0,20,2,2012,0,0,8,,,,,,1,1,57,2,0,0,0,0,3,0,11,0,,,,,0,0,0,3,1,0,0,0,0,1,,,,,,0,,,,,,98371,53,67,125,6,1,0,1,0,0,0,0,,,,,,0,06-15-2013,06-15-2013,20,0,0,0,8,9,8,,,0,0,0,8,0,0,0,0,0,0,0,0,0,0,996,,,,,,,,,,,,,,,,,,,,,,,,,,,,,,0,0,0,0,0,0,0,0,0,1,0,1,0,0,0,0,1,0,0,0,0,0,0,0,0,0,0,0,0,1,0,1,0,0,0,,0,0,0,0,0,0,0,0,1,0,0,0,0,0,0,0,,,,,,56-60,56-65,State route,R,Saturday,Belt Used,PV,Not Fatal,0,0,0,0,State Route,State Patrol,Washington State Patrol Headquarter,0,1,0,0,0,,,,,,,,,,,,,,,,,,,,,,,,,,,,,,,,,,,,,,,,,,,
2021,491,636124,2,11-25-2021,15:52,25,11,Nov,,61,Snohomish,0,2,,1,2,2,1,0,8,5,,,,12,0,1,Front-to-Rear,7.6,1,0,1,No intersection,4,1,1,3,0,0,0,0,SR-532,,-122.2942583,48.23639167,98292,0,3,98,Others,62,4,55,4,0,0,1,2,12,1,1,3,1,1,Going Straight,1,1,53,,0,69,31,2006,0,0,63,38,30,1,,,1,1,57,1,7,2,4,7,99,0,11,0,09-09-2017,02:53,1.83E+11,39838,0,0,0,3,1,0,0,0,0,96,,,,,,99,,,,,,98118,53,70,195,6,1,0,0,0,0,0,0,,,,,,3,,,8,1,9,0,0,9,8,,,0,0,0,8,9,2,605,0,0,1,0,0,2,1,0.12,,,,,,,,,,,,,,,,,,,,,,,,,,,,,,0,0,1,0,1,1,1,1,1,0,0,0,1,0,0,0,0,0,0,0,0,0,0,0,0,0,0,0,0,1,0,0,0,0,0,,1,0,0,0,0,1,1,1,0,1,0,0,0,0,0,1,,,,,,56-60,56-65,City street,U,Saturday,Unknown,PV,Black,0,1,0,0,City Street,Municipal/City Police,Renton Police Department,1,0,0,1,0,thc,5.9,carboxy-thc,8.1,,,,,,,,,,,,,,,,,,,,,,,,,,,,,,,,,,,,,,,
2021,491,636123,2,11-25-2021,15:52,25,11,Nov,,61,Snohomish,0,2,,1,2,2,1,0,8,5,,,,12,0,1,Front-to-Rear,7.6,1,0,1,No intersection,4,1,1,3,0,0,0,0,SR-532,,-122.2942583,48.23639167,98292,0,2,25,Others,53,3,55,14,0,0,1,2,12,1,1,3,1,1,Going Straight,2,2,53,,0,62,423,2016,0,0,8,,,,,,1,1,55,2,0,0,0,0,3,0,11,0,,,,,0,0,0,3,1,0,0,0,0,0,,,,,,0,,,,,,98520,53,70,180,6,1,0,0,0,0,0,0,,,,,,0,,,20,0,0,0,8,9,2,,,0,0,0,0,0,0,0,0,0,0,0,0,0,0,996,,,,,,,,,,,,,,,,,,,,,,,,,,,,,,0,0,0,0,0,0,0,0,0,1,1,1,0,0,0,0,0,0,0,0,0,0,0,0,0,0,0,0,0,1,0,1,0,0,0,,0,0,0,0,0,0,0,0,0,0,0,0,0,0,0,0,,,,,,51-55,46-55,US highway,U,Friday,Belt Used,PV,Not Fatal,0,0,0,0,State Route,State Patrol,Washington State Patrol Headquarter,0,1,0,0,0,,,,,,,,,,,,,,,,,,,,,,,,,,,,,,,,,,,,,,,,,,,
2021,491,636122,2,11-25-2021,15:52,25,11,Nov,,61,Snohomish,0,2,,1,2,2,1,0,8,5,,,,12,0,1,Front-to-Rear,7.6,1,0,1,No intersection,4,1,1,3,0,0,0,0,SR-532,,-122.2942583,48.23639167,98292,0,1,24,Others,51,3,55,4,0,0,1,2,12,1,1,3,1,1,Going Straight,1,1,53,,0,30,40,2011,0,0,63,21,,,,,1,1,35,2,7,1,4,7,20,0,11,0,09-08-2017,16:15,10053039508,39508,0,0,3,2,1,0,0,0,0,0,,,,,,2,9,,,,,99202,53,74,145,1,1,0,2,1,3,4,0,,,,,,0,03-15-2014,06-15-2017,1,0,0,0,0,1,8,,,0,0,0,1,1,2,304,321,351,1,1,1,2,1,0.072,,,,,,,,,,,,,,,,,,,,,,,,,,,,,,0,0,0,0,1,0,1,1,0,0,0,0,0,1,0,1,0,0,0,1,0,0,0,0,0,0,0,0,0,1,0,0,0,1,0,,1,0,0,0,1,0,1,1,0,0,0,1,0,0,0,1,,,,,,31-35,26-35,State route,U,Friday,Not Used,PV,White,0,1,0,0,State Route,State Patrol,Washington State Patrol Headquarter,1,1,0,0,0,,,,,,,,,,,,,,,,,,,,,,,,,,,,,,,,,,,,,,,,,,,
2020,491,635299,2,12-14-2020,17:32,14,12,Dec,,29,Island,0,1,,2,2,2,1,0,1,1,,,,1,0,0,No vehicle,36.8,1,0,1,No intersection,3,2,1,3,0,0,0,0,SR-20,,-122.6176139,48.35806111,98277,0,1,1,Driver Off Road,13,2,50,4,0,0,1,2,1,3,2,2,1,14,Making a U turn,1,1,53,,0,12,13,1993,0,0,64,69,63,39,,,1,1,38,1,7,1,4,0,3,0,11,5,09-08-2017,17:17,2.37E+11,38693,0,0,0,3,1,0,0,0,0,96,,,,,,99,,,,,,98684,53,62,110,6,1,0,0,0,0,0,0,,,,,,0,,,20,0,0,0,0,9,8,,,0,0,0,8,9,2,401,417,605,1,1,1,2,1,0,,,,,,,,,,,,,,,,,,,,,,,,,,,,,,0,0,0,1,0,0,1,1,1,0,0,0,0,0,0,0,0,0,0,0,0,0,0,0,0,0,0,0,0,1,0,0,0,0,0,,1,0,0,0,0,0,1,1,0,0,0,0,0,0,1,0,,,,,,36-40,36-45,County road,U,Wednesday,Belt Used,PV,White,0,1,0,0,County Road,County Sheriff,Clark County Sheriff's Office,1,0,1,0,0,thc,4.8,carboxy-thc,12,,,,,,,,,,,,,,,,,,,,,,,,,,,,,,,,,,,,,,,
2019,491,634468,39,11-10-2019,13:00,10,11,Nov,,61,Snohomish,0,1,0,1,1,2,1,0,1,1,,,,42,0,0,No vehicle,1.2,1,0,1,No intersection,7,1,2,4,0,0,0,0,CR-ARLINGTON HEIGHTS RD,,-122.0951222,48.20989444,98223,0,1,6,Drive off road,13,2,40,4,0,0,1,7,1,3,2,2,1,14,Making a U turn,1,1,53,,0,22,16,1999,0,0,12,63,42,,,,1,1,21,1,7,1,4,7,3,0,11,0,09-01-2017,06:45,1.31E+11,38119,0,0,0,3,1,0,0,0,0,0,,,,,,0,,,,,,94513,6,68,150,6,1,0,0,0,0,0,0,,,,,,0,,,20,0,0,0,0,9,8,,,0,0,0,8,0,2,1,0,0,1,0,0,2,1,0,,,,,,,,,,,,,,,,,,,,,,,,,,,,,,0,0,0,1,1,1,0,1,0,0,0,0,1,0,0,0,0,0,0,0,0,1,1,1,1,0,0,0,0,1,0,0,0,0,0,,1,0,0,0,0,0,0,0,0,0,0,0,0,0,0,0,,,,,,21-25,16-25,City street,U,Friday,Belt Used,PV,White,1,0,0,0,City Street,Municipal/City Police,Mercer Island Police Department,0,0,0,1,0,,,,,,,,,,,,,,,,,,,,,,,,,,,,,,,,,,,,,,,,,,,
2018,491,633693,337,11-08-2018,17:36,8,11,Nov,0,73,Whatcom,110,1,0,3,1,2,1,1,1,1,,,,8,0,0,No vehicle,0,1,0,1,No intersection,4,2,4,6,0,0,0,0,CORDATA PKWY,,-122.49765,48.80860833,98226,0,1,13,Pedestrian/Animal,80,5,35,4,0,0,1,7,8,2,1,4,1,14,Making a U turn,1,2,53,,0,42,42,2013,0,0,12,,,,,,1,1,20,1,0,0,1,0,3,0,11,8,,,,,0,0,0,3,1,91,0,0,0,96,,,,,,9,,,,,,98029,53,66,150,6,1,0,0,0,0,0,1,,,,,,4,,,1,0,0,0,8,9,8,,,0,0,0,8,1,2,1,0,0,1,0,0,2,1,0.094,,,,,,,,,,,,,,,,,,,,,,,,,,,,,,0,0,0,1,1,1,0,1,0,0,0,0,1,0,0,0,0,0,0,0,0,1,1,1,1,0,0,0,0,1,0,0,0,0,0,,0,0,0,0,0,1,0,1,0,1,0,0,0,1,0,1,,,,,,18-20,16-25,City street,U,Friday,Belt Used,PV,Not Fatal,1,0,0,0,City Street,Municipal/City Police,Mercer Island Police Department,0,0,0,1,0,,,,,,,,,,,,,,,,,,,,,,,,,,,,,,,,,,,,,,,,,,,
2017,491,632992,14,11-22-2017,18:10,22,11,Nov,8,11,Clark,0,10,0,3,2,2,1,0,5,2,18:13,18:37,18:46,12,0,6,Angle,0,2,0,2,4 Way,5,2,2,4,0,0,3,3,CR-152ND AVE,NE 119TH ST,-122.5163778,45.70829722,98682,0,2,69,Initial Opposite Direction(Going Straight),62,4,50,4,0,0,1,2,12,1,1,2,1,1,Going Straight,4,1,53,,0,30,42,2003,0,0,64,14,,,,,1,1,30,2,7,1,4,7,3,0,11,0,08/30/2017,02:27,2.23E+11,38026,0,0,0,3,1,0,0,0,0,96,,,,,,9,,,,,,98374,53,61,120,6,1,0,1,2,0,0,0,,,,,,0,01-15-2015,12-15-2016,1,0,0,0,0,1,8,,,0,0,0,8,1,2,1,0,0,1,0,0,2,1,0.2,,,,,,,,,,,,,,,,,,,,,,,,,,,,,,0,0,1,0,1,1,0,1,0,0,0,0,0,0,0,0,0,0,0,0,0,0,0,0,0,0,0,0,0,1,1,0,0,0,0,,1,0,0,0,0,1,0,1,0,0,0,0,0,1,0,1,,,,,,26-30,26-35,State route,U,Wednesday,Belt Used,PV,White,0,1,0,0,State Route,State Patrol,Washington State Patrol Headquarter,1,1,0,0,0,,,,,,,,,,,,,,,,,,,,,,,,,,,,,,,,,,,,,,,,,,,
2017,491,632991,14,11-22-2017,18:10,22,11,Nov,8,11,Clark,0,10,0,3,2,2,1,0,5,2,18:13,18:37,18:46,12,0,6,Angle,0,2,0,2,4 Way,5,2,2,4,0,0,3,3,CR-152ND AVE,NE 119TH ST,-122.5163778,45.70829722,98682,0,1,68,Initial Opposite Direction(Left/Right),15,2,50,4,0,0,1,5,12,1,1,2,1,11,Turning Red: Permitted on red,1,2,53,,0,20,401,2002,0,0,12,,,,,,1,1,23,2,0,0,2,0,3,0,11,8,,,,,0,0,0,3,1,0,0,0,0,0,,,,,,0,,,,,,98366,53,64,230,6,1,0,0,0,0,0,0,,,,,,0,,,1,0,0,0,8,9,8,,,0,0,0,8,0,0,0,0,0,0,0,0,0,0,996,,,,,,,,,,,,,,,,,,,,,,,,,,,,,,0,0,0,0,1,1,1,1,1,0,0,0,0,0,0,0,0,0,0,0,0,1,1,1,1,0,0,0,0,1,0,0,0,0,0,,0,0,0,0,0,0,0,0,0,0,0,0,0,0,0,0,,,,,,21-25,16-25,State route,U,Sunday,Belt Used,PV,Not Fatal,0,1,1,0,State Route,State Patrol,Washington State Patrol Headquarter,0,1,0,0,0,,,,,,,,,,,,,,,,,,,,,,,,,,,,,,,,,,,,,,,,,,,
2021,492,636121,290,11-25-2021,15:45,25,11,Nov,,53,Pierce,2230,2,,1,2,2,1,1,1,1,,,,8,0,0,No vehicle,0,1,0,1,No intersection,7,2,4,6,0,0,0,0,E 56TH ST,,-122.4011667,47.20608056,98404,0,1,13,Pedestrian/Animal,80,5,98,6,0,0,1,5,8,1,1,8,1,1,Going Straight,1,1,53,,0,37,31,2003,0,0,68,12,,,,,1,1,19,2,0,0,2,0,3,0,11,8,,,,,0,0,0,3,1,28,91,0,0,96,,,,,,9,,,,,,98406,53,65,136,6,1,0,0,0,0,0,1,,,,,,0,,,1,0,0,0,8,9,8,,,0,0,0,8,1,2,402,605,0,1,1,0,2,1,0.12,,,,,,,,,,,,,,,,,,,,,,,,,,,,,,0,0,0,0,1,1,1,1,1,0,0,0,0,0,0,0,0,0,0,0,0,1,1,1,1,0,0,0,0,1,0,0,0,0,0,,0,0,0,0,0,1,1,1,0,0,0,0,0,0,0,1,,,,,,18-20,16-25,State route,U,Sunday,Belt Used,PV,Not Fatal,0,1,1,0,State Route,State Patrol,Washington State Patrol Headquarter,0,1,0,0,0,thc,8.8,carboxy-thc,48,,,,,,,,,,,,,,,,,,,,,,,,,,,,,,,,,,,,,,,