year,something,Cases,repjur,crash_dt,crash_tm,accday,Month,Month,holiday,county,co_char,city,weather,weather2,lightcond,surfcond,surftype,Number of Fatalities,nmforms,pforms,vforms,not_tm,arr_tm,hosp_tm,fhevent,hitrun,Manner of Collision,Manner of Collision,milepnt,reljunc,reljuncinter,intersectiontype,Intersection Type,funcsystem,landuse,ownership,route,schlbus,spejur,contdev,devfunc,trafid1,trafid2,x,y,zipcode,wk_zone,vnumber,crashtype,Crash Type,criticalevent,criticaleventcat,spdlim,body,trailer,emerg,hazcargo,leave,mhevent,roadalgn,roadprof,traflane,trafflow,Vehicle Manure,Vehicle Manure,numoccs,regowner,regstate,,spuse,make,model,modelyr,vrf1,vrf2,seqevent1,seqevent2,seqevent3,seqevent4,seqevent5,seqevent6,pnumber,ptype,age,sex,hispanic,race,injury,diedscene,restraint,restraintmisuse,seatpos,takehosp,death_dt,death_tm,cert,cernum_wa,commlic,licendor,licrestrict,liccomp,drivpres,drf1,drf2,drf3,drf4,distract1,distract2,distract3,distract4,distract5,distract6,dricond1,dricond2,dricond3,dricond4,dricond5,dricond6,dzip,licstate,drhgt_in,weight,noncdl,noncdltype,prevdwi,prevoth,prevacc,prevspd,prevsus,driviol1,driviol2,driviol3,driviol4,driviol5,driviol6,spdrel,first_dt,last_dt,airbag,ejection,ejectpath,extricat,injurwrk,methalc,methdrug,nmlocat,strikveh,prf1,prf2,prf3,druginv,alcinvol,drugsts,drugres1,drugres2,drugres3,drugtst1,drugtst2,drugtst3,alcsts,alctst,alcres,nmact1,nmact2,nmact3,nmact4,nmact5,nmact6,nmprior1,nmprior2,nmprior3,nmprior4,nmprior5,nmprior6,nmcond1,nmcond2,nmcond3,nmcond4,nmcond5,nmcond6,nmsafe_helmet,nmsafe_pads,nmsafe_oth,nmprev_ref,nmprev_lgt,nmprev_oth,crashlocation,nmcrashtype,crosswalk,schoolzone,sidewalk,train_inv,wildlife_inv,rotr_fars,intersect_fars,Drink and Drive,aid_inv,Drug Positive Drivers,Impaired Drivers,Marijuana Positive,impnm_inv,ainm_inv,dpnm_inv,speed_inv,unlic_inv,unendmc_inv,drowsy_inv,drdist_inv,nmdist_inv,fty_inv,unrestfat_inv,dr1617_inv,dr1820_inv,dr1620_inv,dr2125_inv,dr1625_inv,dr65_inv,dr70_inv,dr75_inv,mc_inv,pv_inv,ht_inv,ped_inv,bike_inv,unrest_fat,mc_fat,unhelmet_mc,pv_fat,ht_fat,ped_fat,bike_fat,dr_alc7,dr_alc8,dr_drug,dr_imp,dr_dist,dr_spd,dr_fty,dr_unlic,dr_alc7only,dr_alc8only,dr_drugonly,dr_drink,nm_imp,nm_alc7,nm_alc8,nm_drug,nm_dist,agegrp1,agegrp2,roadclass,urbrur,dayweek,restuse,vehtype,race_me,intersect,lanedep,oppdir,wrongway,rep_typ,investag,repag_long,rotr,st_rd,cty_rd,city_rd,oth_rd,drug_thc,thc_res,drug_cthc,cthc_res,drug_cann,prevpersemin,prevperse,prevsusoth,drugtst4,drugtst5,drugtst6,drugtst7,drugtst8,drugres4,drugres5,drugres6,drugres7,drugres8,adspresent,adsengaged,adslevel,race1,race2,race3,race4,race5,helmet,helmetmisuse,nmdistract1,nmdistract2,nmdistract3,nmdistract4,nmdistract5,nmdistract6,lab,isedtcase,crf1,crf2,crf3,CoRoadName,CoMP,IntCoRoadName,IntCoMP
2020,492,635304,1,12-10-2020,15:30,10,12,Dec,,21,Franklin,1660,10,,1,1,2,1,0,6,5,15:32,15:53,,12,0,2,Front-to-Front,13.5,5,1,1,No intersection,1,2,1,1,0,0,0,0,I-182,,-119.1003083,46.24865556,99301,0,5,98,Others,90,6,60,4,0,0,1,5,54,2,1,2,3,14,Making a U turn,1,1,53,,0,37,31,1988,0,0,8,,,,,,1,1,32,1,0,0,0,0,3,0,11,0,,,,,0,0,0,3,1,0,0,0,0,0,,,,,,0,,,,,,98208,53,69,195,6,1,0,0,0,0,0,0,,,,,,0,,,20,0,0,0,8,9,8,,,0,0,0,8,0,0,0,0,0,0,0,0,0,0,996,,,,,,,,,,,,,,,,,,,,,,,,,,,,,,0,0,0,0,0,0,0,0,0,1,1,1,0,0,0,0,0,0,0,0,0,0,0,0,0,0,0,0,0,1,0,1,0,0,0,,0,0,0,0,0,0,0,0,0,0,0,0,0,0,0,0,,,,,,31-35,26-35,City street,U,Saturday,Belt Used,PV,Not Fatal,0,0,0,0,City Street,Municipal/City Police,Everett Police Department,0,0,0,1,0,,,,,,,,,,,,,,,,,,,,,,,,,,,,,,,,,,,,,,,,,,,
2020,492,635303,1,12-10-2020,15:30,10,12,Dec,,21,Franklin,1660,10,,1,1,2,1,0,6,5,15:32,15:53,,12,0,2,Front-to-Front,13.5,5,1,1,No intersection,1,2,1,1,0,0,0,0,I-182,,-119.1003083,46.24865556,99301,0,4,98,Others,90,6,60,4,0,0,1,2,54,2,1,2,3,14,Making a U turn,2,1,53,,0,20,481,2001,0,0,61,64,69,1,,,1,1,57,1,7,1,4,7,3,0,11,0,09-02-2017,00:06,53068719,68719,0,0,0,3,1,80,0,0,0,96,,,,,,99,,,,,,59923,30,,999,6,1,0,0,98,0,0,0,,,,,,0,,,20,0,0,0,0,9,8,,,0,0,0,8,9,0,0,0,0,0,0,0,0,0,996,,,,,,,,,,,,,,,,,,,,,,,,,,,,,,0,0,0,0,0,0,0,0,0,0,0,0,0,0,0,0,0,0,0,0,0,0,0,0,0,0,0,0,0,0,0,0,0,0,0,,0,0,0,0,0,0,0,0,0,0,0,0,0,0,0,0,,,,,,56-60,56-65,Interstate,R,Saturday,Belt Used,PV,White,0,0,0,0,State Route,State Patrol,Washington State Patrol Headquarter,0,1,0,0,0,,,,,,,,,,,,,,,,,,,,,,,,,,,,,,,,,,,,,,,,,,,
2020,492,635302,1,12-10-2020,15:30,10,12,Dec,,21,Franklin,1660,10,,1,1,2,1,0,6,5,15:32,15:53,,12,0,2,Front-to-Front,13.5,5,1,1,No intersection,1,2,1,1,0,0,0,0,I-182,,-119.1003083,46.24865556,99301,0,3,98,Others,61,4,60,34,0,0,1,2,12,3,1,2,3,14,Making a U turn,1,1,53,,0,35,48,2010,0,0,63,42,2,,,,1,1,26,1,0,0,1,0,99,0,11,8,,,,,0,0,0,3,1,91,0,0,0,6,,,,,,9,,,,,,98026,53,73,220,6,1,0,3,1,5,2,1,,,,,,4,09-15-2012,09-15-2016,99,0,0,0,8,5,8,,,0,0,0,8,1,2,605,0,0,1,0,0,2,1,0.049,,,,,,,,,,,,,,,,,,,,,,,,,,,,,,0,0,1,0,1,0,1,1,1,0,0,0,1,0,0,0,1,0,0,0,0,0,0,0,0,0,0,0,0,1,0,0,0,0,0,,0,0,0,0,1,0,1,1,1,1,0,0,0,0,0,1,,,,,,26-30,26-35,City street,U,Friday,Unknown,PV,Not Fatal,0,1,0,0,City Street,Municipal/City Police,Mountlake Terrace Police Department,1,0,0,1,0,thc,4.7,carboxy-thc,34,,,,,,,,,,,,,,,,,,,,,,,,,,,,,,,,,,,,,,,
2020,492,635301,1,12-10-2020,15:30,10,12,Dec,,21,Franklin,1660,10,,1,1,2,1,0,6,5,15:32,15:53,,12,0,2,Front-to-Front,13.5,5,1,1,No intersection,1,2,1,1,0,0,0,0,I-182,,-119.1003083,46.24865556,99301,0,2,52,Others,63,4,60,66,1,0,1,2,12,3,1,2,3,14,Making a U turn,1,3,53,,0,7,482,1999,0,0,5,,,,,,1,1,43,2,0,0,0,0,3,0,11,0,,,,,0,0,0,3,1,0,0,0,0,0,,,,,,0,,,,,,99403,53,63,125,6,1,0,0,0,0,0,0,,,,,,0,,,20,0,0,0,8,9,8,,,0,0,0,8,0,0,0,0,0,0,0,0,0,0,996,,,,,,,,,,,,,,,,,,,,,,,,,,,,,,0,0,0,0,0,0,0,0,0,0,0,0,0,0,0,0,0,0,0,0,0,0,0,0,0,0,0,0,0,0,0,0,0,0,0,,0,0,0,0,0,0,0,0,0,0,0,0,0,0,0,0,,,,,,41-45,36-45,County road,R,Sunday,Belt Used,PV,Not Fatal,0,0,0,0,County Road,County Sheriff,Whitman County Sheriff's Office,0,0,1,0,0,,,,,,,,,,,,,,,,,,,,,,,,,,,,,,,,,,,,,,,,,,,
2020,492,635300,1,12-10-2020,15:30,10,12,Dec,,21,Franklin,1660,10,,1,1,2,1,0,6,5,15:32,15:53,,12,0,2,Front-to-Front,13.5,5,1,1,No intersection,1,2,1,1,0,0,0,0,I-182,,-119.1003083,46.24865556,99301,0,1,52,Others,54,3,98,34,0,0,1,2,12,2,1,1,6,98,Others,1,3,53,,0,32,47,2004,0,0,63,42,42,,,,1,1,26,1,0,0,1,0,99,0,11,4,,,,,0,0,0,3,1,0,0,0,0,96,,,,,,9,,,,,,98070,53,68,155,6,1,0,0,0,4,0,97,,,,,,4,05-15-2013,04-15-2014,8,0,0,0,8,2,8,,,0,0,0,8,1,2,1,0,0,1,0,0,2,1,0.099,,,,,,,,,,,,,,,,,,,,,,,,,,,,,,0,0,1,1,1,1,0,1,0,0,0,0,1,0,0,0,0,0,0,0,0,0,0,0,0,0,0,0,0,1,0,0,0,0,0,,0,0,0,0,0,1,0,1,0,1,0,0,0,1,0,1,,,,,,26-30,26-35,County road,R,Wednesday,Unknown,PV,Not Fatal,0,1,0,0,County Road,County Sheriff,King County Police,1,0,1,0,0,,,,,,,,,,,,,,,,,,,,,,,,,,,,,,,,,,,,,,,,,,,
2019,492,634589,21,12-13-2019,09:03,13,12,Dec,,25,Grant,0,5,0,1,4,2,1,0,8,2,,,,12,0,1,Front-to-Rear,16.7,1,0,1,No intersection,5,1,2,4,1,0,0,0,CR-ROAD 5 NW,,-119.9115306,47.16016667,98848,0,2,21,Others,53,3,60,50,0,0,1,2,12,1,1,2,1,5,Others,27,3,53,,0,22,18,2003,0,0,12,,,,,,1,1,22,1,0,0,1,0,3,0,11,4,,,,,0,0,0,3,1,0,0,0,0,0,,,,,,0,,,,,,98104,53,72,160,6,1,0,2,1,1,1,0,,,,,,0,05-15-2015,09-15-2016,8,0,0,0,8,9,8,,,0,0,0,8,0,0,0,0,0,0,0,0,0,0,996,,,,,,,,,,,,,,,,,,,,,,,,,,,,,,0,0,0,0,0,0,1,1,0,0,0,0,0,0,0,0,0,0,0,0,0,0,0,1,1,0,0,0,0,1,0,0,0,0,0,,0,0,0,0,0,0,0,0,0,0,0,0,0,0,0,0,,,,,,21-25,16-25,State route,U,Wednesday,Belt Used,PV,Not Fatal,0,0,0,0,State Route,State Patrol,Washington State Patrol Headquarter,0,1,0,0,0,,,,,,,,,,,,,,,,,,,,,,,,,,,,,,,,,,,,,,,,,,,
2019,492,634588,21,12-13-2019,09:03,13,12,Dec,,25,Grant,0,5,0,1,4,2,1,0,8,2,,,,12,0,1,Front-to-Rear,16.7,1,0,1,No intersection,5,1,2,4,1,0,0,0,CR-ROAD 5 NW,,-119.9115306,47.16016667,98848,0,1,20,Others,6,1,60,51,0,0,1,2,12,1,1,2,1,1,Going Straight,41,3,53,,0,49,40,2001,0,0,12,,,,,,1,1,49,1,7,1,4,7,99,0,11,0,08/30/2017,18:02,2.31E+11,40558,0,0,0,3,1,0,0,0,0,96,,,,,,99,,,,,,98155,53,70,190,6,1,0,0,0,0,0,0,,,,,,0,,,20,0,0,0,0,9,8,,,0,0,0,8,9,2,401,407,417,1,1,1,2,1,0,,,,,,,,,,,,,,,,,,,,,,,,,,,,,,0,0,0,0,0,0,1,1,0,0,0,0,0,0,0,0,0,0,0,0,0,0,0,1,1,0,0,0,0,1,0,0,0,0,0,,1,0,0,0,0,0,1,1,0,0,0,0,0,0,1,0,,,,,,46-50,46-55,State route,U,Wednesday,Unknown,PV,White,0,0,0,0,State Route,State Patrol,Washington State Patrol Headquarter,0,1,0,0,0,,,,,,,,,,,,,,,,,,,,,,,,,,,,,,,,,,,,,,,,,,,
2018,492,633727,2,11-23-2018,18:05,23,11,Nov,8,57,Skagit,230,2,0,2,2,2,1,1,1,1,,,,8,0,0,No vehicle,60.3,1,0,1,No intersection,3,2,1,3,0,0,0,0,SR-20,,-122.3247861,48.47778056,98233,0,1,13,Pedestrian/Animal,80,5,30,3,0,0,1,7,8,1,1,2,1,1,Going Straight,1,1,53,,0,76,706,2003,0,0,63,31,38,35,,,1,1,28,1,7,1,4,7,5,0,11,0,08/26/2017,20:02,53037237,37237,0,0,1,3,1,0,0,0,0,96,,,,,,99,,,,,,98284,53,69,195,6,1,0,0,0,0,0,0,,,,,,3,,,20,8,0,0,0,1,8,,,0,0,0,8,1,2,1,0,0,1,0,0,2,1,0.26,,,,,,,,,,,,,,,,,,,,,,,,,,,,,,0,0,1,0,1,1,0,1,0,0,0,0,1,0,0,0,0,0,0,0,0,0,0,0,0,0,0,0,1,0,0,0,0,0,1,0,0,0,0,0,0,1,0,1,0,1,0,0,0,1,0,1,,,,,,26-30,26-35,County road,R,Saturday,,MC,White,0,1,0,0,County Road,State Patrol,Washington State Patrol Headquarter,1,0,1,0,0,,,,,,,,,,,,,,,,,,,,,,,,,,,,,,,,,,,,,,,,,,,
2017,492,632982,55,11-23-2017,23:17,23,11,Nov,8,33,King,100,2,0,2,2,2,1,0,5,2,23:37,23:50,00:37,12,0,2,Front-to-Front,0,1,0,1,No intersection,5,2,4,6,0,0,0,0,112TH AVE SE,,-122.1922889,47.34348056,98092,0,2,51,Lateral Move(Going Straight),62,4,35,4,0,0,1,2,12,1,2,2,1,1,Going Straight,2,2,53,,0,85,881,2007,0,0,12,,,,,,1,1,25,1,0,0,0,0,3,0,11,0,,,,,6,1,3,3,1,0,0,0,0,0,,,,,,0,,,,,,99301,53,65,150,6,1,0,1,1,3,0,0,,,,,,0,07-15-2015,01-15-2017,20,0,0,0,8,9,8,,,0,0,0,8,0,0,0,0,0,0,0,0,0,0,996,,,,,,,,,,,,,,,,,,,,,,,,,,,,,,0,0,0,0,0,0,0,0,0,0,0,0,0,0,0,0,1,0,0,0,0,0,0,1,1,0,0,0,0,1,1,0,0,0,0,,0,0,0,0,0,0,0,0,0,0,0,0,0,0,0,0,,,,,,21-25,16-25,Interstate,U,Thursday,,MHTRUCK,Not Fatal,0,0,0,0,State Route,State Patrol,Washington State Patrol Headquarter,0,1,0,0,0,,,,,,,,,,,,,,,,,,,,,,,,,,,,,,,,,,,,,,,,,,,
2017,492,632981,55,11-23-2017,23:17,23,11,Nov,8,33,King,100,2,0,2,2,2,1,0,5,2,23:37,23:50,00:37,12,0,2,Front-to-Front,0,1,0,1,No intersection,5,2,4,6,0,0,0,0,112TH AVE SE,,-122.1922889,47.34348056,98092,0,1,50,Lateral Move(Left/Right),10,2,35,4,0,0,1,2,12,1,2,2,1,1,Going Straight,3,2,53,,0,41,441,2001,0,0,12,,,,,,1,1,25,2,0,0,0,0,3,0,11,0,,,,,0,0,3,3,1,0,0,0,0,0,,,,,,0,,,,,,98944,53,67,125,6,1,0,0,0,0,0,0,,,,,,0,,,20,0,0,0,8,9,8,,,0,0,0,8,0,0,0,0,0,0,0,0,0,0,996,,,,,,,,,,,,,,,,,,,,,,,,,,,,,,0,0,0,0,0,0,0,0,0,0,0,0,0,0,0,0,1,0,0,0,0,0,0,1,1,0,0,0,0,1,1,0,0,0,0,,0,0,0,0,0,0,0,0,0,0,0,0,0,0,0,0,,,,,,21-25,16-25,Interstate,U,Thursday,Belt Used,PV,Not Fatal,0,0,0,0,State Route,State Patrol,Washington State Patrol Headquarter,0,1,0,0,0,,,,,,,,,,,,,,,,,,,,,,,,,,,,,,,,,,,,,,,,,,,
2018,493,633713,4,11-28-2018,21:00,28,11,Nov,0,63,Spokane,2113,2,0,3,2,2,1,1,1,1,,,,8,0,0,No vehicle,88.6,1,0,1,No intersection,3,2,1,3,0,0,0,0,SR-27,,-117.2396944,47.66872222,99206,0,1,13,Pedestrian/Animal,80,5,35,4,0,0,1,5,8,1,1,5,5,1,Going Straight,1,0,2,,0,7,24,2010,0,0,12,12,,,,,1,1,41,2,0,0,1,0,3,0,11,0,,,,,0,0,3,3,1,91,0,0,0,93,,,,,,0,,,,,,95901,6,68,180,6,1,0,0,1,0,0,2,,,,,,0,10-15-2016,10-15-2016,20,0,0,0,8,9,2,,,0,0,0,0,0,0,0,0,0,0,0,0,0,0,996,,,,,,,,,,,,,,,,,,,,,,,,,,,,,,0,0,0,0,0,0,0,0,0,0,0,0,0,0,0,0,1,0,0,0,0,0,0,1,1,0,0,0,0,1,1,0,0,0,0,,0,0,0,0,0,0,0,0,1,0,0,0,0,0,0,0,,,,,,41-45,36-45,Interstate,U,Thursday,Belt Used,PV,Not Fatal,0,0,0,0,State Route,State Patrol,Washington State Patrol Headquarter,0,1,0,0,0,,,,,,,,,,,,,,,,,,,,,,,,,,,,,,,,,,,,,,,,,,,
2021,493,3876530,263,09-09-2021,23:51,9,9,Sep,,33,King,1960,1,,3,1,2,1,1,1,1,,,,8,1,0,No vehicle,29.1,2,0,3,T Intersection,2,2,1,3,0,0,0,0,SR-99,N 46TH ST,-122.3472583,47.66219444,98103,0,1,13,Pedestrian/Animal,80,5,40,34,0,0,1,2,8,1,8,2,3,1,Going Straight,1,2,53,,0,49,44,2000,0,0,12,,,,,,1,1,36,2,0,0,0,0,3,0,11,0,,,,,0,0,0,3,1,0,0,0,0,0,,,,,,0,,,,,,98409,53,67,130,6,1,0,1,1,0,4,0,,,,,,0,04-15-2013,06-15-2014,20,0,0,0,8,9,8,,,0,0,0,8,0,0,0,0,0,0,0,0,0,0,996,,,,,,,,,,,,,,,,,,,,,,,,,,,,,,0,0,0,0,0,0,1,1,0,0,0,0,0,1,0,0,1,0,0,1,0,0,0,0,0,1,1,0,0,1,0,0,0,0,0,,0,0,0,0,0,0,0,0,0,0,0,0,0,0,0,0,,,,,,36-40,36-45,City street,U,Tuesday,Belt Used,PV,Not Fatal,0,1,1,0,City Street,Municipal/City Police,Tacoma Police Department,0,0,0,1,0,,,,,,,,,,,,,,,,,,,,,,,,,,,,,,,,,,,,,,,,,,,
2017,493,3726113,263,11-06-2017,01:08,6,11,Nov,0,33,King,1960,1,0,3,1,1,1,0,1,1,,,,21,0,0,No vehicle,0,3,0,3,T Intersection,4,2,4,6,0,0,20,3,15TH AVE W,W EMERSON ST,-122.3762028,47.65400833,98107,0,1,14,Others,17,2,25,6,0,0,1,5,21,1,1,2,1,1,Going Straight,1,1,53,,0,30,40,2013,0,0,12,12,,,,,1,1,74,2,0,0,3,0,3,0,11,5,,,,,0,0,0,3,1,0,0,0,0,0,,,,,,0,,,,,,98373,53,62,148,6,1,0,1,2,0,0,0,,,,,,0,05-15-2014,04-15-2015,1,0,0,0,8,9,8,,,0,0,0,8,0,0,0,0,0,0,0,0,0,0,996,,,,,,,,,,,,,,,,,,,,,,,,,,,,,,0,0,0,0,0,0,1,1,0,0,0,0,0,1,0,0,1,0,0,1,0,0,0,0,0,1,1,0,0,1,0,0,0,0,0,,0,0,0,0,0,0,0,0,0,0,0,0,0,0,0,0,,,,,,71-75,66-75,City street,U,Tuesday,Belt Used,PV,Not Fatal,0,1,1,0,City Street,Municipal/City Police,Tacoma Police Department,0,0,0,1,0,,,,,,,,,,,,,,,,,,,,,,,,,,,,,,,,,,,,,,,,,,,
2020,493,635305,19,12-09-2020,21:35,9,12,Dec,,21,Franklin,0,5,,2,4,2,1,0,1,1,21:47,21:59,,35,0,0,No vehicle,7.9,1,0,1,No intersection,5,1,2,4,0,0,0,0,CR-PASCO KAHLOTUS RD,,-118.9120444,46.28435556,99301,0,1,2,Control/Traction Loss,10,2,55,34,0,0,1,2,35,1,2,2,1,1,Going Straight,1,1,53,,0,55,35,2005,0,0,68,12,,,,,1,1,44,1,7,1,4,7,20,0,11,0,08/29/2017,15:00,2.23E+11,37659,0,0,0,2,1,28,0,0,0,92,,,,,,99,,,,,,98466,53,73,165,1,1,0,0,1,1,2,0,,,,,,0,10-15-2016,06-15-2017,1,0,0,0,0,9,8,,,0,0,0,8,9,2,401,417,0,1,1,0,2,1,0,,,,,,,,,,,,,,,,,,,,,,,,,,,,,,0,0,0,0,0,0,1,1,0,0,0,0,0,1,0,0,1,0,0,1,0,0,0,0,0,1,1,0,0,1,0,0,0,1,0,,1,0,0,0,0,0,1,1,1,0,0,1,0,0,1,0,,,,,,41-45,36-45,City street,U,Tuesday,Not Used,PV,White,0,1,1,0,City Street,Municipal/City Police,Tacoma Police Department,0,0,0,1,0,,,,,,,,,,,,,,,,,,,,,,,,,,,,,,,,,,,,,,,,,,,
2019,493,634509,27,12-14-2019,22:26,14,12,Dec,,37,Kittitas,0,5,0,2,4,2,1,0,1,1,,,,38,0,0,No vehicle,7.3,8,0,1,No intersection,5,1,2,4,0,0,0,0,CR-N THORP HWY,,-120.6853167,47.07516389,98946,0,1,6,Drive off road,6,1,35,96,0,0,1,5,1,3,1,2,1,11,Turning Red: Permitted on red,1,0,92,,0,76,706,2009,0,0,68,64,17,,,,1,1,36,1,7,98,4,7,5,0,11,0,08/19/2017,11:12,53036380,36380,0,0,3,3,1,0,0,0,0,96,,,,,,99,,,,,,98513,53,67,210,6,1,0,0,0,0,0,0,,,,,,4,,,20,8,0,0,0,9,8,,,0,0,0,8,0,2,1,0,0,1,0,0,2,1,0,,,,,,,,,,,,,,,,,,,,,,,,,,,,,,0,0,0,0,0,0,0,0,0,0,0,0,1,0,0,0,0,0,0,0,0,0,0,0,0,0,0,0,1,0,0,0,0,0,1,0,0,0,0,0,0,0,0,0,0,1,0,0,0,0,0,0,,,,,,36-40,36-45,State route,R,Saturday,,MC,Oth/Unk,0,1,0,0,State Route,State Patrol,Washington State Patrol Headquarter,1,1,0,0,0,,,,,,,,,,,,,,,,,,,,,,,,,,,,,,,,,,,,,,,,,,,
2017,494,632979,159,11-14-2017,19:17,14,11,Nov,0,5,Benton,1020,10,0,3,1,2,1,1,2,2,,,,8,0,0,No vehicle,0,1,0,1,No intersection,3,2,4,6,0,0,0,0,COLUMBIA DR,,-119.131675,46.21685556,99301,0,1,13,Pedestrian/Animal,80,5,35,66,1,0,1,5,8,1,1,8,5,1,Going Straight,1,3,6,,0,20,431,2001,0,0,12,,,,,,1,1,27,1,0,0,0,0,3,0,11,0,,,,,0,0,3,3,1,0,0,0,0,0,,,,,,0,,,,,,98937,53,77,250,6,1,0,0,0,0,0,0,,,,,,0,,,20,0,0,0,8,9,8,,,0,0,0,8,0,0,0,0,0,0,0,0,0,0,996,,,,,,,,,,,,,,,,,,,,,,,,,,,,,,0,0,0,0,0,0,1,1,1,0,0,0,1,0,0,0,0,0,0,0,0,0,0,0,0,0,0,0,0,1,0,0,0,0,0,,0,0,0,0,0,0,0,0,0,0,0,0,0,0,0,0,,,,,,26-30,26-35,US highway,U,Tuesday,Belt Used,PV,Not Fatal,0,1,1,0,State Route,State Patrol,Washington State Patrol Headquarter,0,1,0,0,0,,,,,,,,,,,,,,,,,,,,,,,,,,,,,,,,,,,,,,,,,,,
2019,494,634564,73,12-27-2019,21:04,27,12,Dec,,33,King,229,10,0,3,2,1,1,0,2,2,,,,12,0,6,Angle,0,2,0,3,T Intersection,7,2,4,6,0,0,0,0,AMBAUM BLVD SW,SW 120TH ST,-122.3503944,47.49545,98146,0,2,83,Others,67,4,35,4,0,0,1,7,12,3,4,5,5,14,Making a U turn,1,2,41,,0,20,481,1999,0,0,12,12,,,,,1,1,42,2,7,1,4,7,3,0,11,0,08/22/2017,23:30,1.44E+11,37268,0,0,3,3,1,0,0,0,0,0,,,,,,0,,,,,,98909,53,69,220,6,1,0,0,0,0,0,0,,,,,,0,,,1,0,0,0,0,9,8,,,0,0,0,8,0,2,1,0,0,1,0,0,2,1,0,,,,,,,,,,,,,,,,,,,,,,,,,,,,,,0,0,0,0,0,0,1,1,1,0,0,0,1,0,0,0,0,0,0,0,0,0,0,0,0,0,0,0,0,1,0,0,0,0,0,,0,0,0,0,0,0,0,0,0,0,0,0,0,0,0,0,,,,,,41-45,36-45,US highway,U,Tuesday,Belt Used,PV,White,0,1,1,0,State Route,State Patrol,Washington State Patrol Headquarter,0,1,0,0,0,,,,,,,,,,,,,,,,,,,,,,,,,,,,,,,,,,,,,,,,,,,
2021,494,636141,5,12-02-2021,06:24,2,12,Dec,,15,Cowlitz,2570,10,,3,1,2,1,0,2,2,,,,12,0,7,"Sideswipe,Same",20.8,1,0,1,No intersection,1,2,1,1,0,0,0,0,I-5,,-122.7403722,45.90163889,98674,0,2,45,Others,60,4,70,4,0,0,1,2,3,1,1,3,3,1,Going Straight,1,1,53,,0,20,2,2004,0,0,68,12,63,2,14,14,1,1,33,1,7,1,4,7,99,0,11,0,08/22/2017,23:30,1.44E+11,36852,0,0,0,3,1,28,0,0,0,96,,,,,,9,,,,,,98935,53,66,200,6,1,0,0,0,0,0,0,,,,,,4,,,99,0,0,0,0,9,1,,,0,0,0,1,0,2,605,0,0,1,0,0,2,1,0,,,,,,,,,,,,,,,,,,,,,,,,,,,,,,0,0,0,0,0,0,1,1,1,0,0,0,1,0,0,0,0,0,0,0,0,0,0,0,0,0,0,0,0,1,0,0,0,0,0,,1,0,0,0,0,0,1,1,0,1,0,0,0,0,1,0,,,,,,31-35,26-35,US highway,U,Tuesday,Unknown,PV,White,0,1,1,0,State Route,State Patrol,Washington State Patrol Headquarter,0,1,0,0,0,thc,1.2,,,,,,,,,,,,,,,,,,,,,,,,,,,,,,,,,,,,,,,,,
2020,494,635307,2,12-04-2020,15:18,4,12,Dec,,61,Snohomish,690,1,,1,1,2,1,0,2,2,15:17,15:27,15:42,12,0,7,"Sideswipe,Same",187.4,1,0,1,No intersection,1,2,1,1,0,0,0,0,I-5,,-122.2195417,47.89227778,98204,0,2,45,Others,60,4,60,4,0,0,1,5,12,1,1,4,3,15,Others,1,1,53,,0,85,881,2016,0,0,12,12,,,,,1,1,51,1,0,0,0,0,3,0,11,0,,,,,99,9,9,9,1,0,0,0,0,0,,,,,,0,,,,,,0,95,,999,9,9,99,99,99,99,99,0,,,,,,0,,,20,0,0,0,8,9,2,,,0,0,0,0,0,0,0,0,0,0,0,0,0,0,996,,,,,,,,,,,,,,,,,,,,,,,,,,,,,,0,0,0,0,0,0,0,0,0,0,0,0,0,1,0,0,1,0,0,0,0,0,0,0,0,1,0,0,0,1,1,0,0,0,0,,0,0,0,0,0,0,0,0,0,0,0,0,0,0,0,0,,,,,,51-55,46-55,Interstate,R,Sunday,,MHTRUCK,Not Fatal,0,0,0,0,State Route,State Patrol,Washington State Patrol Headquarter,0,1,0,0,0,,,,,,,,,,,,,,,,,,,,,,,,,,,,,,,,,,,,,,,,,,,
2020,494,635306,2,12-04-2020,15:18,4,12,Dec,,61,Snohomish,690,1,,1,1,2,1,0,2,2,15:17,15:27,15:42,12,0,7,"Sideswipe,Same",187.4,1,0,1,No intersection,1,2,1,1,0,0,0,0,I-5,,-122.2195417,47.89227778,98204,0,1,47,Others,10,2,60,80,0,0,1,2,12,1,1,4,3,15,Others,1,1,53,,0,7,482,2016,0,0,12,12,,,,,1,1,33,2,0,0,0,0,3,0,11,0,,,,,99,9,9,9,1,0,0,0,0,0,,,,,,0,,,,,,0,95,,999,9,9,99,99,99,99,99,0,,,,,,0,,,20,0,0,0,8,9,2,,,0,0,0,0,0,0,0,0,0,0,0,0,0,0,996,,,,,,,,,,,,,,,,,,,,,,,,,,,,,,0,0,0,0,0,0,0,0,0,0,0,0,0,1,0,0,1,0,0,0,0,0,0,0,0,1,0,0,0,1,1,0,0,0,0,,0,0,0,0,0,0,0,0,0,0,0,0,0,0,0,0,,,,,,31-35,26-35,Interstate,R,Sunday,Belt Used,PV,Not Fatal,0,0,0,0,State Route,State Patrol,Washington State Patrol Headquarter,0,1,0,0,0,,,,,,,,,,,,,,,,,,,,,,,,,,,,,,,,,,,,,,,,,,,