year,something,Cases,repjur,crash_dt,crash_tm,accday,Month,Month,holiday,county,co_char,city,weather,weather2,lightcond,surfcond,surftype,Number of Fatalities,nmforms,pforms,vforms,not_tm,arr_tm,hosp_tm,fhevent,hitrun,Manner of Collision,Manner of Collision,milepnt,reljunc,reljuncinter,intersectiontype,Intersection Type,funcsystem,landuse,ownership,route,schlbus,spejur,contdev,devfunc,trafid1,trafid2,x,y,zipcode,wk_zone,vnumber,crashtype,Crash Type,criticalevent,criticaleventcat,spdlim,body,trailer,emerg,hazcargo,leave,mhevent,roadalgn,roadprof,traflane,trafflow,Vehicle Manure,Vehicle Manure,numoccs,regowner,regstate,,spuse,make,model,modelyr,vrf1,vrf2,seqevent1,seqevent2,seqevent3,seqevent4,seqevent5,seqevent6,pnumber,ptype,age,sex,hispanic,race,injury,diedscene,restraint,restraintmisuse,seatpos,takehosp,death_dt,death_tm,cert,cernum_wa,commlic,licendor,licrestrict,liccomp,drivpres,drf1,drf2,drf3,drf4,distract1,distract2,distract3,distract4,distract5,distract6,dricond1,dricond2,dricond3,dricond4,dricond5,dricond6,dzip,licstate,drhgt_in,weight,noncdl,noncdltype,prevdwi,prevoth,prevacc,prevspd,prevsus,driviol1,driviol2,driviol3,driviol4,driviol5,driviol6,spdrel,first_dt,last_dt,airbag,ejection,ejectpath,extricat,injurwrk,methalc,methdrug,nmlocat,strikveh,prf1,prf2,prf3,druginv,alcinvol,drugsts,drugres1,drugres2,drugres3,drugtst1,drugtst2,drugtst3,alcsts,alctst,alcres,nmact1,nmact2,nmact3,nmact4,nmact5,nmact6,nmprior1,nmprior2,nmprior3,nmprior4,nmprior5,nmprior6,nmcond1,nmcond2,nmcond3,nmcond4,nmcond5,nmcond6,nmsafe_helmet,nmsafe_pads,nmsafe_oth,nmprev_ref,nmprev_lgt,nmprev_oth,crashlocation,nmcrashtype,crosswalk,schoolzone,sidewalk,train_inv,wildlife_inv,rotr_fars,intersect_fars,Drink and Drive,aid_inv,Drug Positive Drivers,Impaired Drivers,Marijuana Positive,impnm_inv,ainm_inv,dpnm_inv,speed_inv,unlic_inv,unendmc_inv,drowsy_inv,drdist_inv,nmdist_inv,fty_inv,unrestfat_inv,dr1617_inv,dr1820_inv,dr1620_inv,dr2125_inv,dr1625_inv,dr65_inv,dr70_inv,dr75_inv,mc_inv,pv_inv,ht_inv,ped_inv,bike_inv,unrest_fat,mc_fat,unhelmet_mc,pv_fat,ht_fat,ped_fat,bike_fat,dr_alc7,dr_alc8,dr_drug,dr_imp,dr_dist,dr_spd,dr_fty,dr_unlic,dr_alc7only,dr_alc8only,dr_drugonly,dr_drink,nm_imp,nm_alc7,nm_alc8,nm_drug,nm_dist,agegrp1,agegrp2,roadclass,urbrur,dayweek,restuse,vehtype,race_me,intersect,lanedep,oppdir,wrongway,rep_typ,investag,repag_long,rotr,st_rd,cty_rd,city_rd,oth_rd,drug_thc,thc_res,drug_cthc,cthc_res,drug_cann,prevpersemin,prevperse,prevsusoth,drugtst4,drugtst5,drugtst6,drugtst7,drugtst8,drugres4,drugres5,drugres6,drugres7,drugres8,adspresent,adsengaged,adslevel,race1,race2,race3,race4,race5,helmet,helmetmisuse,nmdistract1,nmdistract2,nmdistract3,nmdistract4,nmdistract5,nmdistract6,lab,isedtcase,crf1,crf2,crf3,CoRoadName,CoMP,IntCoRoadName,IntCoMP
2019,494,634563,73,12-27-2019,21:04,27,12,Dec,,33,King,229,10,0,3,2,1,1,0,2,2,,,,12,0,6,Angle,0,2,0,3,T Intersection,7,2,4,6,0,0,20,3,AMBAUM BLVD SW,SW 120TH ST,-122.3503944,47.49545,98146,0,1,82,Turn Into Opp Direction(Turning Left),15,2,25,4,0,0,1,7,12,3,4,2,1,11,Turning Red: Permitted on red,1,1,53,,0,48,401,2002,0,0,12,,,,,,1,1,47,1,0,0,0,0,3,0,11,0,,,,,0,0,3,3,1,0,0,0,0,0,,,,,,0,,,,,,98055,53,63,165,6,1,0,0,1,0,0,0,,,,,,0,02-15-2015,02-15-2015,20,0,0,0,8,9,2,,,0,0,0,0,0,0,0,0,0,0,0,0,0,0,996,,,,,,,,,,,,,,,,,,,,,,,,,,,,,,0,0,0,0,0,0,0,0,0,0,0,0,0,1,0,0,1,0,0,0,0,0,0,0,0,1,0,0,0,1,1,0,0,0,0,,0,0,0,0,0,0,0,0,0,0,0,0,0,0,0,0,,,,,,46-50,46-55,Interstate,R,Sunday,Belt Used,PV,Not Fatal,0,0,0,0,State Route,State Patrol,Washington State Patrol Headquarter,0,1,0,0,0,,,,,,,,,,,,,,,,,,,,,,,,,,,,,,,,,,,,,,,,,,,
2018,494,633843,222,11-04-2018,17:56,4,11,Nov,0,67,Thurston,1590,1,0,3,1,2,1,1,1,1,,,,8,0,0,No vehicle,0,1,0,1,No intersection,7,2,4,6,0,0,0,0,LILLY RD NE,12TH AVE NE,-122.8444139,47.05673333,98506,0,1,13,Pedestrian/Animal,80,5,35,2,0,0,1,5,8,1,1,3,5,1,Going Straight,1,1,53,,0,49,472,2012,0,0,12,12,12,,,,1,1,69,2,0,0,0,0,3,0,11,0,,,,,0,0,3,3,1,0,0,0,0,0,,,,,,0,,,,,,98502,53,67,300,6,1,0,0,0,0,0,0,,,,,,0,,,20,0,0,0,8,9,2,,,0,0,0,0,0,0,0,0,0,0,0,0,0,0,996,,,,,,,,,,,,,,,,,,,,,,,,,,,,,,0,0,0,0,0,0,0,0,0,0,0,0,0,1,0,0,1,0,0,0,0,0,0,0,0,1,0,0,0,1,1,0,0,0,0,,0,0,0,0,0,0,0,0,0,0,0,0,0,0,0,0,,,,,,66-70,66-75,Interstate,R,Sunday,Belt Used,PV,Not Fatal,0,0,0,0,State Route,State Patrol,Washington State Patrol Headquarter,0,1,0,0,0,,,,,,,,,,,,,,,,,,,,,,,,,,,,,,,,,,,,,,,,,,,
2017,494,632980,159,11-14-2017,19:17,14,11,Nov,0,5,Benton,1020,10,0,3,1,2,1,1,2,2,,,,8,0,0,No vehicle,0,1,0,1,No intersection,3,2,4,6,0,0,0,0,COLUMBIA DR,,-119.131675,46.21685556,99301,0,2,98,Others,80,5,35,14,0,0,1,5,8,1,1,8,5,1,Going Straight,1,1,53,,0,55,36,2011,0,0,12,12,,,,,1,1,61,1,7,1,4,7,3,0,11,0,08/27/2017,03:49,53037554,37554,6,0,3,3,1,0,0,0,0,0,,,,,,0,,,,,,98579,53,71,200,6,1,0,0,1,0,0,0,,,,,,0,05-15-2016,05-15-2016,8,0,0,0,0,9,8,,,0,0,0,8,9,2,1,0,0,1,0,0,2,1,0,,,,,,,,,,,,,,,,,,,,,,,,,,,,,,0,0,0,0,0,0,0,0,0,0,0,0,0,1,0,0,1,0,0,0,0,0,0,0,0,1,0,0,0,1,1,0,0,0,0,,1,0,0,0,0,0,0,0,0,0,0,0,0,0,0,0,,,,,,61-65,56-65,Interstate,R,Sunday,Belt Used,PV,White,0,0,0,0,State Route,State Patrol,Washington State Patrol Headquarter,0,1,0,0,0,,,,,,,,,,,,,,,,,,,,,,,,,,,,,,,,,,,,,,,,,,,
2021,494,636140,5,12-02-2021,06:24,2,12,Dec,,15,Cowlitz,2570,10,,3,1,2,1,0,2,2,,,,12,1,7,"Sideswipe,Same",20.8,1,0,1,No intersection,1,2,1,1,0,0,0,0,I-5,,-122.7403722,45.90163889,98674,0,1,46,Others,11,2,70,9,0,0,1,5,12,1,1,3,3,15,Others,99,9,99,,0,82,881,2015,0,0,12,,,,,,1,1,59,1,0,0,0,0,3,0,11,0,,,,,6,3,3,3,1,0,0,0,0,0,,,,,,0,,,,,,97501,41,71,185,6,1,0,0,0,0,0,0,,,,,,0,,,20,0,0,0,8,9,2,,,0,0,0,0,0,0,0,0,0,0,0,0,0,0,996,,,,,,,,,,,,,,,,,,,,,,,,,,,,,,0,0,0,0,0,0,0,0,0,0,0,0,0,1,0,0,1,0,0,0,0,0,0,0,0,1,0,0,0,1,1,0,0,0,0,,0,0,0,0,0,0,0,0,0,0,0,0,0,0,0,0,,,,,,56-60,56-65,Interstate,R,Sunday,,MHTRUCK,Not Fatal,0,0,0,0,State Route,State Patrol,Washington State Patrol Headquarter,0,1,0,0,0,,,,,,,,,,,,,,,,,,,,,,,,,,,,,,,,,,,,,,,,,,,
2021,495,3895552,263,09-15-2021,00:16,15,9,Sep,,33,King,1960,10,,3,1,2,1,1,2,1,,,,8,0,0,No vehicle,0,1,0,1,No intersection,3,2,4,6,0,0,0,0,4TH AVE S,,-122.3290944,47.58007778,98134,0,1,13,Pedestrian/Animal,80,5,30,3,0,0,1,2,8,1,1,2,2,1,Going Straight,2,2,53,,0,51,881,2013,0,0,12,12,12,12,12,64,1,1,34,1,0,0,0,0,3,0,11,0,,,,,0,0,3,2,1,0,0,0,0,92,,,,,,0,,,,,,98031,53,73,175,1,1,0,1,2,1,1,97,,,,,,0,08-15-2012,06-15-2016,8,0,0,0,8,9,2,,,0,0,0,0,0,0,0,0,0,0,0,0,0,0,996,,,,,,,,,,,,,,,,,,,,,,,,,,,,,,0,0,0,0,0,0,0,0,0,0,0,0,0,1,0,0,1,0,0,0,0,0,0,0,0,1,0,0,0,1,1,0,0,0,0,,0,0,0,0,0,0,0,0,1,0,0,1,0,0,0,0,,,,,,31-35,26-35,Interstate,R,Sunday,,MHTRUCK,Not Fatal,0,0,0,0,State Route,State Patrol,Washington State Patrol Headquarter,0,1,0,0,0,,,,,,,,,,,,,,,,,,,,,,,,,,,,,,,,,,,,,,,,,,,
2018,495,3795979,263,12-12-2018,22:07,12,12,Dec,0,33,King,1960,2,0,3,2,2,1,1,1,1,,,,8,0,0,No vehicle,0,1,0,1,No intersection,3,2,4,6,0,0,0,0,15TH AVE W,W WHEELER ST,-122.3762,47.63920833,98119,0,1,13,Pedestrian/Animal,80,5,30,14,0,0,1,7,8,1,2,5,5,1,Going Straight,1,2,53,,0,76,705,2013,0,0,64,25,,,,,1,1,43,1,7,1,4,7,5,0,11,0,08/15/2017,,2.37E+11,36239,0,0,0,3,1,0,0,0,0,96,,,,,,9,,,,,,98642,53,68,200,6,1,0,0,1,1,0,0,,,,,,4,10-15-2014,03-15-2015,20,8,0,0,0,1,8,,,0,0,0,8,1,2,321,351,996,1,1,1,2,1,0.14,,,,,,,,,,,,,,,,,,,,,,,,,,,,,,0,0,1,0,1,1,1,1,0,0,0,0,1,0,0,0,0,0,0,0,0,0,0,0,0,0,0,0,1,0,0,0,0,0,1,0,0,0,0,0,0,1,1,1,0,1,0,0,0,0,0,1,,,,,,41-45,36-45,Interstate,U,Tuesday,,MC,White,0,1,0,0,State Route,State Patrol,Washington State Patrol Headquarter,1,1,0,0,0,,,,,,,,,,,,,,,,,,,,,,,,,,,,,,,,,,,,,,,,,,,
2020,495,635247,2,11-29-2020,17:12,29,11,Nov,,73,Whatcom,0,1,,2,1,2,1,1,2,1,,,,8,0,0,No vehicle,0.9,1,0,1,No intersection,6,1,2,4,0,3,0,0,CR-SLATER RD,,-122.6892917,48.81952778,98248,0,1,13,Pedestrian/Animal,80,5,25,34,0,0,1,5,8,1,1,2,1,1,Going Straight,2,1,53,,0,53,706,2006,0,0,11,68,64,1,,,1,1,77,1,7,1,4,7,19,0,11,0,08/21/2017,14:14,53036836,36836,0,0,0,3,1,0,0,0,0,96,,,,,,0,,,,,,98376,53,73,260,6,1,0,1,1,1,0,0,,,,,,0,12-15-2012,07-15-2015,20,8,0,0,0,9,8,,,0,0,0,8,0,2,996,996,0,1,1,0,2,1,0,,,,,,,,,,,,,,,,,,,,,,,,,,,,,,0,1,0,0,0,0,1,1,0,0,0,0,0,0,0,0,0,0,0,0,0,0,0,0,0,1,1,1,1,0,0,0,0,0,1,0,0,0,0,0,0,0,1,1,0,0,0,0,0,0,1,0,,,,,,76-80,76+,County road,R,Monday,,MC,White,0,0,0,0,County Road,County Sheriff,Jefferson County Sheriff's Office,0,0,1,0,0,,,,,,,,,,,,,,,,,,,,,,,,,,,,,,,,,,,,,,,,,,,
2019,495,634521,160,12-16-2019,13:04,16,12,Dec,,33,King,1030,10,0,1,1,2,1,0,2,2,,,,12,0,6,Angle,0.7,2,0,2,4 Way,3,2,1,3,0,0,0,0,SR-181,OBERTO DR,-122.2482528,47.38850833,98032,0,2,88,Striking from the Left,66,4,35,80,0,0,1,7,12,1,3,5,1,1,Going Straight,1,1,53,,0,12,481,2003,0,0,64,69,63,1,41,38,1,1,45,1,7,1,4,7,3,0,11,0,08/25/2017,00:55,53037167,37167,0,0,0,3,1,58,0,0,0,96,,,,,,9,,,,,,97838,41,72,190,6,1,0,0,0,1,0,0,,,,,,0,10-15-2014,10-15-2014,20,0,0,0,0,1,8,,,0,0,0,8,1,2,189,0,0,1,0,0,2,1,0.16,,,,,,,,,,,,,,,,,,,,,,,,,,,,,,0,0,0,0,1,1,1,1,0,0,0,0,0,0,0,0,0,0,0,0,0,0,0,0,0,0,0,0,0,0,0,0,0,0,0,,0,0,0,0,0,1,1,1,0,0,0,0,0,0,0,1,,,,,,41-45,36-45,Interstate,R,Friday,Belt Used,PV,White,0,1,0,0,State Route,State Patrol,Washington State Patrol Headquarter,1,1,0,0,0,,,,,,,,,,,,,,,,,,,,,,,,,,,,,,,,,,,,,,,,,,,
2019,495,634520,160,12-16-2019,13:04,16,12,Dec,,33,King,1030,10,0,1,1,2,1,0,2,2,,,,12,0,6,Angle,0.7,2,0,2,4 Way,3,2,1,3,0,0,20,3,SR-181,OBERTO DR,-122.2482528,47.38850833,98032,0,1,89,Others,17,2,98,15,0,0,1,5,12,1,3,2,1,1,Going Straight,1,2,53,,0,20,403,2006,0,0,12,,,,,,1,1,21,1,0,0,0,0,3,0,11,0,,,,,0,0,0,3,1,0,0,0,0,0,,,,,,0,,,,,,98563,53,72,185,6,1,0,0,0,1,0,0,,,,,,0,07-15-2015,07-15-2015,20,0,0,0,8,9,2,,,0,0,0,0,0,0,0,0,0,0,0,0,0,0,996,,,,,,,,,,,,,,,,,,,,,,,,,,,,,,0,0,0,0,0,0,0,0,0,0,0,0,0,0,0,0,0,0,0,0,0,0,0,1,1,0,0,0,0,1,1,0,0,0,0,,0,0,0,0,0,0,0,0,0,0,0,0,0,0,0,0,,,,,,21-25,16-25,Interstate,R,Thursday,Belt Used,PV,Not Fatal,0,0,0,0,State Route,State Patrol,Washington State Patrol Headquarter,0,1,0,0,0,,,,,,,,,,,,,,,,,,,,,,,,,,,,,,,,,,,,,,,,,,,
2017,495,633004,330,11-24-2017,19:16,24,11,Nov,8,77,Yakima,2590,1,0,3,1,2,1,1,2,1,,,,8,0,0,No vehicle,0,1,0,1,No intersection,4,2,4,6,0,0,0,0,W MEAD AVE,,-120.5106028,46.57798333,98902,0,1,13,Pedestrian/Animal,80,5,35,14,0,0,1,5,8,1,1,2,1,1,Going Straight,2,1,53,,0,12,481,2011,0,0,12,12,,,,,1,1,61,2,0,0,3,0,3,0,11,5,,,,,0,0,0,3,1,0,0,0,0,0,,,,,,0,,,,,,98294,53,66,190,6,1,0,0,0,0,0,0,,,,,,0,,,1,0,0,0,8,9,2,,,0,0,0,0,0,0,0,0,0,0,0,0,0,0,996,,,,,,,,,,,,,,,,,,,,,,,,,,,,,,0,0,0,0,0,0,0,0,0,0,0,0,0,0,0,0,0,0,0,0,0,0,0,1,1,0,0,0,0,1,1,0,0,0,0,,0,0,0,0,0,0,0,0,0,0,0,0,0,0,0,0,,,,,,61-65,56-65,Interstate,R,Thursday,Belt Used,PV,Not Fatal,0,0,0,0,State Route,State Patrol,Washington State Patrol Headquarter,0,1,0,0,0,,,,,,,,,,,,,,,,,,,,,,,,,,,,,,,,,,,,,,,,,,,
2019,496,634624,5,12-19-2019,10:01,19,12,Dec,,15,Cowlitz,0,2,0,1,2,2,1,0,3,1,,,,5,0,0,No vehicle,23.1,1,0,1,No intersection,1,1,1,1,0,0,0,0,I-5,,-122.7593778,45.93228611,98674,0,1,0,Others,98,7,70,67,0,0,1,5,5,3,1,3,3,15,Others,3,1,53,,0,82,881,2016,0,0,12,12,,,,,1,1,59,1,0,0,0,0,3,0,11,0,,,,,6,3,0,3,1,0,0,0,0,0,,,,,,0,,,,,,30605,13,66,218,6,1,0,0,98,0,0,0,,,,,,0,,,20,0,0,0,8,9,2,,,0,0,0,0,0,0,0,0,0,0,0,0,0,0,996,,,,,,,,,,,,,,,,,,,,,,,,,,,,,,0,0,0,0,0,0,0,0,0,0,0,0,0,0,0,0,0,0,0,0,0,0,0,1,1,0,0,0,0,1,1,0,0,0,0,,0,0,0,0,0,0,0,0,0,0,0,0,0,0,0,0,,,,,,56-60,56-65,Interstate,R,Thursday,,MHTRUCK,Not Fatal,0,0,0,0,State Route,State Patrol,Washington State Patrol Headquarter,0,1,0,0,0,,,,,,,,,,,,,,,,,,,,,,,,,,,,,,,,,,,,,,,,,,,
2018,496,633773,278,12-22-2018,17:04,22,12,Dec,9,63,Spokane,2113,1,0,3,1,2,1,1,1,1,,,,8,0,0,No vehicle,0,1,0,1,No intersection,3,2,4,6,0,0,0,0,SPRAGUE,,-117.2136139,47.65713056,99016,0,1,13,Pedestrian/Animal,80,5,35,14,0,0,1,5,8,1,1,7,5,15,Others,1,1,53,,0,7,482,2004,0,0,12,,,,,,1,1,58,1,0,0,0,0,3,0,11,0,,,,,0,0,0,3,1,0,0,0,0,0,,,,,,0,,,,,,98812,53,68,250,6,1,0,0,0,0,0,0,,,,,,0,,,20,0,0,0,8,9,2,,,0,0,0,0,0,0,0,0,0,0,0,0,0,0,996,,,,,,,,,,,,,,,,,,,,,,,,,,,,,,0,0,0,0,0,0,0,0,0,0,0,0,0,0,0,0,0,0,0,0,0,0,0,1,1,0,0,0,0,1,1,0,0,0,0,,0,0,0,0,0,0,0,0,0,0,0,0,0,0,0,0,,,,,,56-60,56-65,Interstate,R,Thursday,Belt Used,PV,Not Fatal,0,0,0,0,State Route,State Patrol,Washington State Patrol Headquarter,0,1,0,0,0,,,,,,,,,,,,,,,,,,,,,,,,,,,,,,,,,,,,,,,,,,,
2017,496,633023,305,11-18-2017,02:02,18,11,Nov,0,11,Clark,2370,1,0,3,1,1,1,0,1,1,02:02,02:10,02:35,30,0,0,No vehicle,1.7,1,0,1,No intersection,3,2,1,3,0,0,0,0,SR-501,ST FRANCIS LANE,-122.6953028,45.64014167,98660,0,1,7,Control/Traction Loss,12,2,35,4,0,0,1,2,30,1,1,3,2,1,Going Straight,1,2,53,,0,20,473,2015,0,0,8,,,,,,1,1,54,1,0,0,0,0,3,0,11,0,,,,,0,0,2,2,1,74,0,0,0,0,,,,,,0,,,,,,98373,53,74,215,6,1,1,2,0,0,2,0,,,,,,0,04-15-2013,11-15-2013,20,0,0,0,8,9,8,,,0,0,0,8,0,0,0,0,0,0,0,0,0,0,996,,,,,,,,,,,,,,,,,,,,,,,,,,,,,,0,0,0,0,0,0,0,0,0,0,0,0,0,0,0,0,0,0,0,0,0,0,0,0,0,0,0,0,0,0,0,1,0,0,0,,0,0,0,0,0,0,0,0,0,0,0,0,0,0,0,0,,,,,,51-55,46-55,State route,U,Friday,Belt Used,PV,Not Fatal,0,0,0,0,State Route,State Patrol,Washington State Patrol Headquarter,0,1,0,0,0,,,,,,,,,,,,,,,,,,,,,,,,,,,,,,,,,,,,,,,,,,,
2020,496,635308,290,12-19-2020,00:40,19,12,Dec,,53,Pierce,2230,2,,3,2,2,1,1,1,1,,,,8,1,0,No vehicle,0,2,0,3,T Intersection,3,2,4,6,0,0,0,0,S 72ND ST,S I St,-122.4455806,47.19191667,98408,0,1,13,Pedestrian/Animal,80,5,35,99,0,0,1,5,8,1,1,4,1,1,Going Straight,99,9,99,,0,12,37,2000,0,0,12,2,,,,,1,1,47,1,0,0,2,0,3,0,11,4,,,,,0,0,0,3,1,0,0,0,0,0,,,,,,0,,,,,,98944,53,64,180,6,1,0,1,1,1,0,0,,,,,,0,12-15-2012,06-15-2017,99,0,0,0,8,9,8,,,0,0,0,8,0,0,0,0,0,0,0,0,0,0,996,,,,,,,,,,,,,,,,,,,,,,,,,,,,,,0,0,0,0,1,1,1,1,1,0,0,0,0,0,0,0,0,0,0,0,0,0,0,0,0,0,0,0,0,1,0,0,0,0,0,,0,0,0,0,0,0,0,0,0,0,0,0,0,0,0,0,,,,,,46-50,46-55,State route,R,Saturday,Belt Used,PV,Not Fatal,0,1,1,0,State Route,State Patrol,Washington State Patrol Headquarter,0,1,0,0,0,,,,,,,,,,,,,,,,,,,,,,,,,,,,,,,,,,,,,,,,,,,
2021,497,635991,8,10-14-2021,03:04,14,10,Oct,,31,Jefferson,1720,10,,2,1,2,1,0,1,1,,,,42,0,0,No vehicle,298.6,1,0,1,No intersection,3,1,1,2,0,0,0,0,US-101,,-122.9193194,47.77423056,,0,1,7,Control/Traction Loss,13,2,55,14,0,0,1,2,42,3,1,2,1,14,Making a U turn,1,2,41,,0,20,16,2004,0,0,63,69,68,12,2,,1,1,30,1,7,1,4,7,3,0,11,0,08-12-2017,15:45,53035019,35019,0,0,0,3,1,0,0,0,0,96,,,,,,9,,,,,,98901,53,75,185,6,1,0,0,0,1,0,0,,,,,,0,12-15-2016,12-15-2016,99,0,0,0,0,1,8,,,0,0,0,8,1,2,605,0,0,1,0,0,2,1,0.23,,,,,,,,,,,,,,,,,,,,,,,,,,,,,,0,0,0,0,1,1,1,1,1,0,0,0,0,0,0,0,0,0,0,0,0,0,0,0,0,0,0,0,0,1,0,0,0,0,0,,1,0,0,0,0,1,1,1,0,0,0,0,0,0,0,1,,,,,,26-30,26-35,State route,R,Saturday,Belt Used,PV,White,0,1,1,0,State Route,State Patrol,Washington State Patrol Headquarter,0,1,0,0,0,thc,3.1,carboxy-thc,29,,,,,,,,,,,,,,,,,,,,,,,,,,,,,,,,,,,,,,,
2019,497,634336,1,08-27-2019,07:15,27,8,Aug,,39,Klickitat,0,1,0,1,1,2,1,0,1,1,,,,35,0,0,No vehicle,100.9,3,0,3,T Intersection,3,1,1,3,0,0,20,3,SR-97,SR-14,-120.8241222,45.69613889,98620,0,1,14,Others,14,2,55,6,0,0,1,7,1,1,2,2,1,6,Others,1,1,41,,0,7,28,2016,0,0,63,69,68,64,34,1,1,1,47,1,7,1,4,7,20,0,11,0,08-05-2017,20:30,2.53E+11,34618,6,0,0,3,1,58,0,0,0,96,,,,,,9,,,,,,98860,53,71,270,6,1,0,0,0,1,1,0,,,,,,3,08-15-2013,10-15-2013,8,2,9,0,0,9,8,,,0,0,0,8,1,2,1,0,0,1,0,0,2,1,0.16,,,,,,,,,,,,,,,,,,,,,,,,,,,,,,0,0,0,0,1,1,0,1,0,0,0,0,1,0,0,0,0,0,0,1,0,0,0,0,0,0,0,0,0,1,0,0,0,1,0,,1,0,0,0,0,1,0,1,0,1,0,0,0,1,0,1,,,,,,46-50,46-55,County road,R,Saturday,Not Used,PV,White,0,1,0,0,County Road,County Sheriff,Grant County Sheriff's Office,1,0,1,0,0,,,,,,,,,,,,,,,,,,,,,,,,,,,,,,,,,,,,,,,,,,,
2018,497,3767141,263,12-31-2018,17:54,31,12,Dec,0,33,King,1960,1,0,2,1,2,1,1,1,1,,,,8,0,0,No vehicle,0,3,0,3,T Intersection,3,2,4,6,0,0,2,3,N 85TH ST,PALATINE AVE N,-122.3566417,47.69059444,98103,0,1,13,Pedestrian/Animal,80,5,25,4,0,0,1,7,8,1,1,2,1,11,Turning Red: Permitted on red,1,1,53,,0,20,481,2003,0,0,68,64,38,1,,,1,1,24,1,7,1,4,7,20,0,11,0,08/21/2017,02:30,53036458,36458,0,0,0,3,1,0,0,0,0,96,,,,,,99,,,,,,99019,53,71,150,6,1,0,2,0,2,0,0,,,,,,3,10-15-2012,11-15-2016,20,1,9,0,0,9,8,,,0,0,0,8,9,0,0,0,0,0,0,0,0,0,996,,,,,,,,,,,,,,,,,,,,,,,,,,,,,,0,0,1,0,0,0,0,0,0,0,0,0,1,0,0,0,0,0,0,0,0,0,0,1,1,0,0,0,0,0,0,0,0,1,0,,0,0,0,0,0,0,0,0,0,1,0,0,0,0,0,0,,,,,,21-25,16-25,County road,R,Monday,Not Used,PV,White,0,1,0,0,County Road,County Sheriff,Garfield County Sheriff's Office,1,0,1,0,0,,,,,,,,,,,,,,,,,,,,,,,,,,,,,,,,,,,,,,,,,,,
2020,497,635309,290,12-20-2020,01:13,20,12,Dec,,53,Pierce,2230,2,,3,2,2,1,0,4,1,01:43,02:00,02:33,30,0,0,No vehicle,7.2,1,0,1,No intersection,4,2,1,3,0,3,0,0,SR-509,,-122.4052944,47.28460833,98422,0,1,6,Drive off road,12,2,35,3,0,0,1,2,30,2,1,2,1,14,Making a U turn,4,2,53,,0,35,402,2001,0,0,12,,,,,,1,1,30,2,0,0,0,0,3,0,11,0,,,,,0,0,0,3,1,0,0,0,0,0,,,,,,0,,,,,,98001,53,62,160,6,1,0,0,0,0,0,0,,,,,,0,,,20,0,0,0,8,9,8,,,0,0,0,8,0,0,0,0,0,0,0,0,0,0,996,,,,,,,,,,,,,,,,,,,,,,,,,,,,,,0,0,0,1,0,0,0,0,0,0,0,0,0,0,0,0,0,0,0,0,0,0,0,0,0,0,0,0,1,1,0,0,0,0,0,,0,0,0,0,0,0,0,0,0,0,0,0,0,0,0,0,,,,,,26-30,26-35,State route,U,Wednesday,Belt Used,PV,Not Fatal,0,0,0,0,State Route,Municipal/City Police,Kent Police Department,0,1,0,0,0,,,,,,,,,,,,,,,,,,,,,,,,,,,,,,,,,,,,,,,,,,,
2017,497,633128,7,11-05-2017,01:58,5,11,Nov,0,33,King,170,2,0,3,2,2,1,0,1,1,,,,41,0,0,No vehicle,24.8,1,0,1,No intersection,1,2,1,1,0,0,0,0,I-405,,-122.1898278,47.77061667,19811,0,1,2,Control/Traction Loss,13,2,60,3,0,0,1,2,42,1,1,3,3,1,Going Straight,1,2,53,,0,63,38,2015,0,0,12,,,,,,1,1,39,2,0,0,0,0,3,0,11,0,,,,,0,0,3,3,1,0,0,0,0,0,,,,,,0,,,,,,98311,53,64,150,6,1,0,0,0,1,0,0,,,,,,0,11-15-2015,11-15-2015,20,0,0,0,8,9,8,,,0,0,0,8,0,0,0,0,0,0,0,0,0,0,996,,,,,,,,,,,,,,,,,,,,,,,,,,,,,,0,0,0,1,0,0,0,0,0,0,0,0,0,0,0,0,0,0,0,0,0,0,0,0,0,0,0,0,1,1,0,0,0,0,0,,0,0,0,0,0,0,0,0,0,0,0,0,0,0,0,0,,,,,,36-40,36-45,State route,U,Wednesday,Belt Used,PV,Not Fatal,0,0,0,0,State Route,Municipal/City Police,Kent Police Department,0,1,0,0,0,,,,,,,,,,,,,,,,,,,,,,,,,,,,,,,,,,,,,,,,,,,
2019,498,3762692,263,12-16-2019,14:19,16,12,Dec,,33,King,1960,10,0,1,1,2,1,0,2,2,,,,14,1,0,No vehicle,0,3,0,2,4 Way,7,2,4,6,0,0,3,3,NE 125TH ST,35TH AVE NE,-122.2905889,47.71924722,98165,0,1,11,Others,6,1,98,4,0,0,1,7,14,1,2,2,1,1,Going Straight,2,5,53,,0,76,706,2009,0,0,12,12,12,,,,1,1,64,2,7,1,4,7,19,0,11,0,08/23/2017,07:15,1.03E+11,37977,0,0,3,3,1,0,0,0,0,0,,,,,,0,,,,,,98198,53,70,160,6,1,0,0,0,0,0,0,,,,,,0,,,20,8,0,0,0,9,8,,,0,0,0,8,0,2,1,0,0,1,0,0,2,1,0,,,,,,,,,,,,,,,,,,,,,,,,,,,,,,0,0,0,1,0,0,0,0,0,0,0,0,0,0,0,0,0,0,0,0,0,0,0,0,0,0,0,0,1,1,0,0,0,0,1,0,0,0,0,0,0,0,0,0,0,0,0,0,0,0,0,0,,,,,,61-65,56-65,State route,U,Wednesday,,MC,White,0,0,0,0,State Route,Municipal/City Police,Kent Police Department,0,1,0,0,0,,,,,,,,,,,,,,,,,,,,,,,,,,,,,,,,,,,,,,,,,,,