year,something,Cases,repjur,crash_dt,crash_tm,accday,Month,Month,holiday,county,co_char,city,weather,weather2,lightcond,surfcond,surftype,Number of Fatalities,nmforms,pforms,vforms,not_tm,arr_tm,hosp_tm,fhevent,hitrun,Manner of Collision,Manner of Collision,milepnt,reljunc,reljuncinter,intersectiontype,Intersection Type,funcsystem,landuse,ownership,route,schlbus,spejur,contdev,devfunc,trafid1,trafid2,x,y,zipcode,wk_zone,vnumber,crashtype,Crash Type,criticalevent,criticaleventcat,spdlim,body,trailer,emerg,hazcargo,leave,mhevent,roadalgn,roadprof,traflane,trafflow,Vehicle Manure,Vehicle Manure,numoccs,regowner,regstate,,spuse,make,model,modelyr,vrf1,vrf2,seqevent1,seqevent2,seqevent3,seqevent4,seqevent5,seqevent6,pnumber,ptype,age,sex,hispanic,race,injury,diedscene,restraint,restraintmisuse,seatpos,takehosp,death_dt,death_tm,cert,cernum_wa,commlic,licendor,licrestrict,liccomp,drivpres,drf1,drf2,drf3,drf4,distract1,distract2,distract3,distract4,distract5,distract6,dricond1,dricond2,dricond3,dricond4,dricond5,dricond6,dzip,licstate,drhgt_in,weight,noncdl,noncdltype,prevdwi,prevoth,prevacc,prevspd,prevsus,driviol1,driviol2,driviol3,driviol4,driviol5,driviol6,spdrel,first_dt,last_dt,airbag,ejection,ejectpath,extricat,injurwrk,methalc,methdrug,nmlocat,strikveh,prf1,prf2,prf3,druginv,alcinvol,drugsts,drugres1,drugres2,drugres3,drugtst1,drugtst2,drugtst3,alcsts,alctst,alcres,nmact1,nmact2,nmact3,nmact4,nmact5,nmact6,nmprior1,nmprior2,nmprior3,nmprior4,nmprior5,nmprior6,nmcond1,nmcond2,nmcond3,nmcond4,nmcond5,nmcond6,nmsafe_helmet,nmsafe_pads,nmsafe_oth,nmprev_ref,nmprev_lgt,nmprev_oth,crashlocation,nmcrashtype,crosswalk,schoolzone,sidewalk,train_inv,wildlife_inv,rotr_fars,intersect_fars,Drink and Drive,aid_inv,Drug Positive Drivers,Impaired Drivers,Marijuana Positive,impnm_inv,ainm_inv,dpnm_inv,speed_inv,unlic_inv,unendmc_inv,drowsy_inv,drdist_inv,nmdist_inv,fty_inv,unrestfat_inv,dr1617_inv,dr1820_inv,dr1620_inv,dr2125_inv,dr1625_inv,dr65_inv,dr70_inv,dr75_inv,mc_inv,pv_inv,ht_inv,ped_inv,bike_inv,unrest_fat,mc_fat,unhelmet_mc,pv_fat,ht_fat,ped_fat,bike_fat,dr_alc7,dr_alc8,dr_drug,dr_imp,dr_dist,dr_spd,dr_fty,dr_unlic,dr_alc7only,dr_alc8only,dr_drugonly,dr_drink,nm_imp,nm_alc7,nm_alc8,nm_drug,nm_dist,agegrp1,agegrp2,roadclass,urbrur,dayweek,restuse,vehtype,race_me,intersect,lanedep,oppdir,wrongway,rep_typ,investag,repag_long,rotr,st_rd,cty_rd,city_rd,oth_rd,drug_thc,thc_res,drug_cthc,cthc_res,drug_cann,prevpersemin,prevperse,prevsusoth,drugtst4,drugtst5,drugtst6,drugtst7,drugtst8,drugres4,drugres5,drugres6,drugres7,drugres8,adspresent,adsengaged,adslevel,race1,race2,race3,race4,race5,helmet,helmetmisuse,nmdistract1,nmdistract2,nmdistract3,nmdistract4,nmdistract5,nmdistract6,lab,isedtcase,crf1,crf2,crf3,CoRoadName,CoMP,IntCoRoadName,IntCoMP
2021,498,636077,278,11-12-2021,13:57,12,11,Nov,,63,Spokane,2110,2,,1,2,2,1,0,6,3,,,,12,0,2,Front-to-Front,,1,0,1,No intersection,3,2,4,6,0,0,0,0,N NEVADA ST,,-117.3951556,47.68611111,99207,0,3,51,Lateral Move(Going Straight),62,4,30,15,0,0,1,5,12,1,2,4,1,1,Going Straight,2,2,53,,0,20,23,2011,0,0,12,,,,,,1,1,61,1,0,0,0,0,3,0,11,0,,,,,0,0,0,3,1,91,0,0,0,96,,,,,,0,,,,,,98168,53,72,215,6,1,0,0,0,1,0,2,,,,,,0,05-15-2017,05-15-2017,20,0,0,0,8,1,1,,,0,0,0,0,0,2,1,0,0,1,0,0,2,1,0,,,,,,,,,,,,,,,,,,,,,,,,,,,,,,0,0,0,1,0,0,0,0,0,0,0,0,0,0,0,0,0,0,0,0,0,0,0,0,0,0,0,0,1,1,0,0,0,0,0,,0,0,0,0,0,0,0,0,0,0,0,0,0,0,0,0,,,,,,61-65,56-65,State route,U,Wednesday,Belt Used,PV,Not Fatal,0,0,0,0,State Route,Municipal/City Police,Kent Police Department,0,1,0,0,0,,,,,,,,,,,,,,,,,,,,,,,,,,,,,,,,,,,,,,,,,,,
2021,498,636076,278,11-12-2021,13:57,12,11,Nov,,63,Spokane,2110,2,,1,2,2,1,0,6,3,,,,12,0,2,Front-to-Front,,1,0,1,No intersection,3,2,4,6,0,0,0,0,N NEVADA ST,,-117.3951556,47.68611111,99207,0,2,98,Others,53,3,30,4,0,0,1,5,12,1,2,4,1,2,Others,2,2,53,,0,63,34,2013,0,0,8,8,,,,,1,1,21,2,0,0,0,0,99,0,11,0,,,,,0,0,0,3,1,0,0,0,0,17,,,,,,99,,,,,,98632,53,65,118,6,1,0,0,0,2,1,97,,,,,,0,02-15-2014,08-15-2015,20,0,0,0,8,9,8,,,0,0,0,8,9,0,0,0,0,0,0,0,0,0,996,,,,,,,,,,,,,,,,,,,,,,,,,,,,,,0,0,0,0,0,0,0,0,0,0,0,0,0,0,0,0,1,0,0,0,0,0,0,1,1,0,0,0,0,1,0,1,0,0,0,,0,0,0,0,0,0,0,0,1,0,0,0,0,0,0,0,,,,,,21-25,16-25,City street,U,Friday,Unknown,PV,Not Fatal,1,0,0,0,City Street,Municipal/City Police,Longview Police Department,0,0,0,1,0,,,,,,,,,,,,,,,,,,,,,,,,,,,,,,,,,,,,,,,,,,,
2021,498,636075,278,11-12-2021,13:57,12,11,Nov,,63,Spokane,2110,2,,1,2,2,1,0,6,3,,,,12,0,2,Front-to-Front,,1,0,1,No intersection,3,2,4,6,0,0,0,0,N NEVADA ST,,-117.3951556,47.68611111,99207,0,1,50,Lateral Move(Left/Right),10,2,30,34,0,0,1,5,12,1,2,4,1,1,Going Straight,2,2,53,,0,41,35,2003,0,0,8,,,,,,1,1,19,1,0,0,0,0,3,0,11,0,,,,,0,0,0,3,1,38,0,0,0,1,,,,,,0,,,,,,98208,53,75,182,6,1,0,0,0,0,0,97,,,,,,0,,,20,0,0,0,8,9,8,,,0,0,0,8,0,2,1,0,0,1,0,0,2,1,0,,,,,,,,,,,,,,,,,,,,,,,,,,,,,,0,0,0,0,0,0,0,0,0,1,0,1,0,0,0,0,1,0,1,0,0,1,1,0,1,0,0,0,0,1,0,1,0,0,0,,0,0,0,0,0,0,0,0,1,0,1,0,0,0,0,0,,,,,,18-20,16-25,State route,U,Monday,Belt Used,PV,Not Fatal,0,0,0,0,State Route,Municipal/City Police,Everett Police Department,0,1,0,0,0,,,carboxy-thc,5,,,,,,,,,,,,,,,,,,,,,,,,,,,,,,,,,,,,,,,
2020,498,635236,163,11-20-2020,12:33,20,11,Nov,,33,King,1050,1,,1,2,2,1,0,3,2,12:39,12:40,13:09,12,0,6,Angle,0,2,0,3,T Intersection,3,2,4,6,0,0,0,0,124TH AVE NE,NE 104TH ST,-122.1757667,47.69316944,98033,0,2,83,Others,67,4,35,4,0,0,1,5,12,1,1,3,5,1,Going Straight,2,1,53,,0,85,881,2006,0,0,12,,,,,,1,1,57,1,0,0,0,0,3,0,11,0,,,,,6,1,3,3,1,0,0,0,0,0,,,,,,0,,,,,,98840,53,68,230,6,1,0,0,0,0,0,0,,,,,,0,,,20,0,0,0,8,9,8,,,0,0,0,8,0,0,0,0,0,0,0,0,0,0,996,,,,,,,,,,,,,,,,,,,,,,,,,,,,,,0,0,0,1,0,0,0,0,0,0,0,0,0,0,0,0,0,0,0,0,0,0,0,0,0,1,1,1,0,1,1,0,0,0,0,,0,0,0,0,0,0,0,0,0,0,0,0,0,0,0,0,,,,,,56-60,56-65,US highway,U,Thursday,,MHTRUCK,Not Fatal,1,0,0,0,State Route,State Patrol,Washington State Patrol Headquarter,0,1,0,0,0,,,,,,,,,,,,,,,,,,,,,,,,,,,,,,,,,,,,,,,,,,,
2020,498,635235,163,11-20-2020,12:33,20,11,Nov,,33,King,1050,1,,1,2,2,1,0,3,2,12:39,12:40,13:09,12,0,6,Angle,0,2,0,3,T Intersection,3,2,4,6,0,0,20,3,124TH AVE NE,NE 104TH ST,-122.1757667,47.69316944,98033,0,1,82,Turn Into Opp Direction(Turning Left),15,2,35,4,0,0,1,5,12,1,1,3,1,11,Turning Red: Permitted on red,1,2,53,,0,37,32,2004,0,0,12,,,,,,1,1,79,2,7,1,4,0,99,0,11,4,08/17/2017,15:56,2.11E+11,36325,0,0,3,3,1,39,0,0,0,96,,,,,,99,,,,,,98902,53,62,174,6,1,0,0,0,0,0,0,,,,,,0,,,8,0,0,0,0,9,8,,,0,0,0,8,9,2,1,0,0,1,0,0,2,1,0,,,,,,,,,,,,,,,,,,,,,,,,,,,,,,0,0,0,1,0,0,0,0,0,0,0,0,0,0,0,0,0,0,0,0,0,0,0,0,0,1,1,1,0,1,1,0,0,0,0,,1,0,0,0,0,0,0,0,0,0,0,0,0,0,0,0,,,,,,76-80,76+,US highway,U,Thursday,Unknown,PV,White,1,0,0,0,State Route,State Patrol,Washington State Patrol Headquarter,0,1,0,0,0,,,,,,,,,,,,,,,,,,,,,,,,,,,,,,,,,,,,,,,,,,,
2018,498,633862,31,12-23-2018,08:00,23,12,Dec,9,45,Mason,0,2,0,1,2,2,1,0,2,1,08:02,08:23,08:57,42,0,0,No vehicle,14.2,1,0,1,No intersection,6,1,2,4,0,0,0,0,CR-W CLOQUALLUM RD,,-123.3283333,47.13192778,,0,1,6,Drive off road,12,2,45,2,0,0,1,7,1,2,1,2,1,14,Making a U turn,2,2,53,,0,72,706,2011,0,0,63,39,,,,,1,1,78,1,7,1,4,7,5,0,11,0,08/21/2017,12:26,53036342,36342,0,0,0,3,1,33,0,0,0,96,,,,,,0,,,,,,99115,53,68,220,6,1,0,0,0,0,0,0,,,,,,4,,,20,8,0,0,0,9,8,,,0,0,0,8,0,2,128,155,0,1,1,0,2,1,0,,,,,,,,,,,,,,,,,,,,,,,,,,,,,,0,0,0,0,0,0,1,1,0,0,0,0,1,0,0,0,0,0,0,0,0,0,0,0,0,1,1,1,1,0,0,0,0,0,1,0,0,0,0,0,0,0,1,1,0,1,0,0,0,0,1,0,,,,,,76-80,76+,State route,R,Monday,,MC,White,0,1,0,0,State Route,State Patrol,Washington State Patrol Headquarter,1,1,0,0,0,,,,,,,,,,,,,,,,,,,,,,,,,,,,,,,,,,,,,,,,,,,
2017,498,632940,305,11-03-2017,21:39,3,11,Nov,0,11,Clark,2370,1,0,3,1,2,1,1,1,1,,,,8,0,0,No vehicle,0,1,0,1,No intersection,3,2,4,6,0,0,0,0,MAIN ST,E 37TH ST,-122.6680972,45.64800556,98663,0,1,13,Pedestrian/Animal,80,5,98,20,0,0,1,5,8,8,8,4,1,1,Going Straight,1,1,53,,0,82,881,2006,0,0,12,,,,,,1,1,67,1,0,0,0,0,3,0,11,0,,,,,6,3,3,3,1,0,0,0,0,0,,,,,,0,,,,,,68128,31,72,250,6,1,0,0,0,0,0,0,,,,,,0,,,20,0,0,0,8,9,8,,,0,0,0,8,0,2,1,0,0,1,0,0,2,1,0,,,,,,,,,,,,,,,,,,,,,,,,,,,,,,0,0,0,0,0,0,0,0,0,0,0,0,0,0,0,0,0,0,0,0,0,0,0,1,1,1,0,0,0,0,1,0,0,0,0,,0,0,0,0,0,0,0,0,0,0,0,0,0,0,0,0,,,,,,66-70,66-75,US highway,R,Friday,,MHTRUCK,Not Fatal,0,1,1,0,State Route,State Patrol,Washington State Patrol Headquarter,0,1,0,0,0,,,,,,,,,,,,,,,,,,,,,,,,,,,,,,,,,,,,,,,,,,,
2021,499,636119,55,11-22-2021,13:56,22,11,Nov,,33,King,100,10,,1,1,2,1,1,1,1,,,,8,0,0,No vehicle,,3,0,2,4 Way,5,2,4,6,0,0,3,3,2ND ST SE,A St SE,-122.2286139,47.30558611,98002,0,1,13,Pedestrian/Animal,80,5,25,20,0,0,1,5,8,1,1,3,1,11,Turning Red: Permitted on red,1,2,53,,0,12,473,2002,0,0,68,12,63,1,,,1,1,24,1,7,1,4,7,20,0,11,0,08-11-2017,21:30,53035277,35277,0,0,0,3,1,28,0,0,0,96,,,,,,0,,,,,,99185,53,70,155,6,1,0,2,1,0,1,0,,,,,,0,01-15-2013,03-15-2016,1,2,9,0,0,9,8,,,0,0,0,8,0,2,1,0,0,1,0,0,2,1,0,,,,,,,,,,,,,,,,,,,,,,,,,,,,,,0,0,0,0,0,0,0,0,0,0,0,0,0,0,0,0,0,0,0,0,0,0,0,1,1,1,0,0,0,0,1,0,0,1,0,,0,0,0,0,0,0,0,0,0,0,0,0,0,0,0,0,,,,,,21-25,16-25,US highway,R,Friday,Not Used,PV,White,0,1,1,0,State Route,State Patrol,Washington State Patrol Headquarter,0,1,0,0,0,,,,,,,,,,,,,,,,,,,,,,,,,,,,,,,,,,,,,,,,,,,
2020,499,635277,184,12-02-2020,14:20,2,12,Dec,,61,Snohomish,590,1,,1,1,2,1,1,1,1,14:22,14:26,14:49,8,1,0,No vehicle,39,3,0,2,4 Way,3,2,1,3,0,0,3,3,SR-99,174TH PL SW,-122.2979389,47.84104444,98037,0,1,13,Pedestrian/Animal,80,5,45,14,0,0,1,2,8,1,1,3,1,11,Turning Red: Permitted on red,1,2,53,,0,20,481,1999,0,0,54,,,,,,1,1,25,2,0,0,0,0,3,0,11,0,,,,,0,0,3,3,1,0,0,0,0,0,,,,,,0,,,,,,98570,53,63,210,6,1,0,0,0,0,0,0,,,,,,0,,,20,0,0,0,8,9,8,,,0,0,0,8,0,0,0,0,0,0,0,0,0,0,996,,,,,,,,,,,,,,,,,,,,,,,,,,,,,,0,0,0,1,0,0,0,0,0,0,0,0,0,0,0,0,1,0,0,0,0,1,1,1,1,0,0,0,0,1,1,0,0,0,0,,0,0,0,0,0,0,0,0,0,0,0,0,0,0,0,0,,,,,,21-25,16-25,County road,U,Wednesday,Belt Used,PV,Not Fatal,1,0,0,0,County Road,County Sheriff,Thurston County Sheriff's Office,0,0,1,0,0,,,,,,,,,,,,,,,,,,,,,,,,,,,,,,,,,,,,,,,,,,,
2019,499,633935,2,03-08-2019,13:27,8,3,March,,61,Snohomish,1215,1,0,1,1,2,1,0,4,3,,,,12,0,1,Front-to-Rear,0.4,3,1,2,4 Way,1,2,1,1,0,0,3,3,I-5 RAMP LX19911,44TH AVE W,-122.2922889,47.81241389,98036,0,3,98,Others,98,7,35,4,0,0,1,7,12,1,2,5,1,1,Going Straight,1,1,53,,0,51,881,2011,0,0,12,,,,,,1,1,53,1,0,0,0,0,3,0,11,0,,,,,6,1,0,3,1,0,0,0,0,0,,,,,,0,,,,,,98579,53,70,235,6,1,0,1,0,0,0,0,,,,,,0,05-15-2015,05-15-2015,20,0,0,0,8,9,8,,,0,0,0,8,0,0,0,0,0,0,0,0,0,0,996,,,,,,,,,,,,,,,,,,,,,,,,,,,,,,0,0,0,1,0,0,0,0,0,0,0,0,0,0,0,0,1,0,0,0,0,1,1,1,1,0,0,0,0,1,1,0,0,0,0,,0,0,0,0,0,0,0,0,0,0,0,0,0,0,0,0,,,,,,51-55,46-55,County road,U,Wednesday,,MHTRUCK,Not Fatal,1,0,0,0,County Road,County Sheriff,Thurston County Sheriff's Office,0,0,1,0,0,,,,,,,,,,,,,,,,,,,,,,,,,,,,,,,,,,,,,,,,,,,
2019,499,633934,2,03-08-2019,13:27,8,3,March,,61,Snohomish,1215,1,0,1,1,2,1,0,4,3,,,,12,0,1,Front-to-Rear,0.4,3,1,2,4 Way,1,2,1,1,0,0,3,3,I-5 RAMP LX19911,44TH AVE W,-122.2922889,47.81241389,98036,0,2,21,Others,53,3,98,4,0,0,1,7,12,1,2,3,6,5,Others,2,1,53,,0,49,40,2007,0,0,12,60,54,,,,1,1,18,2,7,78,4,7,3,0,11,0,08/16/2017,14:51,53035896,35896,0,0,0,3,1,0,0,0,0,92,,,,,,99,,,,,,98579,53,62,120,6,1,0,0,1,1,0,0,,,,,,0,06-15-2016,01-15-2017,8,0,0,0,0,9,8,,,0,0,0,8,9,2,1,0,0,1,0,0,2,1,0,,,,,,,,,,,,,,,,,,,,,,,,,,,,,,0,0,0,1,0,0,0,0,0,0,0,0,0,0,0,0,1,0,0,0,0,1,1,1,1,0,0,0,0,1,1,0,0,0,0,,1,0,0,0,0,0,0,0,1,0,0,0,0,0,0,0,,,,,,18-20,16-25,County road,U,Wednesday,Belt Used,PV,API,1,0,0,0,County Road,County Sheriff,Thurston County Sheriff's Office,0,0,1,0,0,,,,,,,,,,,,,,,,,,,,,,,,,,,,,,,,,,,,,,,,,,,
2019,499,633933,2,03-08-2019,13:27,8,3,March,,61,Snohomish,1215,1,0,1,1,2,1,0,4,3,,,,12,0,1,Front-to-Rear,0.4,3,1,2,4 Way,1,2,1,1,0,0,3,3,I-5 RAMP LX19911,44TH AVE W,-122.2922889,47.81241389,98036,0,1,20,Others,50,3,98,2,0,0,1,7,12,1,2,3,6,1,Going Straight,1,1,53,,0,49,43,2013,0,0,12,,,,,,1,1,81,1,0,0,1,0,3,0,11,0,,,,,0,0,0,3,1,0,0,0,0,0,,,,,,0,,,,,,59930,30,,999,6,1,0,0,98,0,0,0,,,,,,0,,,8,0,0,0,8,9,8,,,0,0,0,8,0,0,0,0,0,0,0,0,0,0,996,,,,,,,,,,,,,,,,,,,,,,,,,,,,,,0,0,0,0,0,0,0,0,0,0,0,0,1,0,0,0,0,0,0,0,0,0,0,0,0,1,1,1,1,1,0,0,0,0,0,,0,0,0,0,0,0,0,0,0,0,0,0,0,0,0,0,,,,,,81+,76+,State route,R,Monday,Belt Used,PV,Not Fatal,0,1,1,0,State Route,State Patrol,Washington State Patrol Headquarter,0,1,0,0,0,,,,,,,,,,,,,,,,,,,,,,,,,,,,,,,,,,,,,,,,,,,
2017,499,3764567,263,11-21-2017,05:42,21,11,Nov,0,33,King,1960,2,0,3,2,2,1,1,2,2,,,,9,1,0,No vehicle,0,1,0,1,No intersection,3,2,4,6,0,0,0,0,1ST AVE S,,-122.3341917,47.57011667,98134,0,1,13,Pedestrian/Animal,83,5,35,99,0,0,1,5,9,1,1,4,1,1,Going Straight,99,9,99,,0,72,706,2016,0,0,68,12,,,,,1,1,62,2,7,1,4,7,5,0,11,0,08-07-2017,12:36,53034502,34502,99,9,9,9,1,0,0,0,0,96,,,,,,0,,,,,,0,95,,999,9,9,99,99,99,99,99,0,,,,,,4,,,20,8,0,0,0,9,8,,,0,0,0,8,0,2,1,0,0,1,0,0,2,1,0,,,,,,,,,,,,,,,,,,,,,,,,,,,,,,0,0,0,0,0,0,0,0,0,0,0,0,1,0,0,0,0,0,0,0,0,0,0,0,0,1,1,1,1,1,0,0,0,0,1,0,0,0,0,0,0,0,0,0,0,1,0,0,0,0,0,0,,,,,,61-65,56-65,State route,R,Monday,,MC,White,0,1,1,0,State Route,State Patrol,Washington State Patrol Headquarter,0,1,0,0,0,,,,,,,,,,,,,,,,,,,,,,,,,,,,,,,,,,,,,,,,,,,
2021,500,636128,250,11-25-2021,00:18,25,11,Nov,,5,Benton,1850,1,,3,1,2,1,0,3,2,,,,12,0,6,Angle,0,2,0,2,4 Way,5,2,4,6,0,0,3,3,WILLIAMS BLVD,Stevens Dr,-119.2849667,46.28576389,99354,0,2,98,Others,21,2,30,15,0,0,1,2,12,1,1,4,2,12,Others,2,1,53,,0,6,54,2004,0,0,8,8,,,,,1,1,43,2,0,0,0,0,3,0,11,0,,,,,0,0,0,3,1,0,0,0,0,93,,,,,,0,,,,,,99026,53,71,160,6,1,0,0,0,0,0,97,,,,,,0,,,20,0,0,0,8,9,8,,,0,0,0,8,0,0,0,0,0,0,0,0,0,0,996,,,,,,,,,,,,,,,,,,,,,,,,,,,,,,0,0,0,0,0,0,0,0,0,0,0,0,0,0,0,0,1,0,0,0,0,0,0,0,0,0,0,0,0,1,0,1,0,0,0,,0,0,0,0,0,0,0,0,1,0,0,0,0,0,0,0,,,,,,41-45,36-45,Other,,Wednesday,Belt Used,PV,Not Fatal,1,0,0,0,City Street,Municipal/City Police,Spokane Police Department,0,0,0,1,0,,,,,,,,,,,,,,,,,,,,,,,,,,,,,,,,,,,,,,,,,,,
2021,500,636127,250,11-25-2021,00:18,25,11,Nov,,5,Benton,1850,1,,3,1,2,1,0,3,2,,,,12,0,6,Angle,0,2,0,2,4 Way,5,2,4,6,0,0,3,3,WILLIAMS BLVD,Stevens Dr,-119.2849667,46.28576389,99354,0,1,98,Others,98,7,30,80,0,0,1,2,12,1,1,4,1,1,Going Straight,1,1,53,,0,12,461,1988,0,0,64,31,42,,,,1,1,94,1,7,1,4,0,99,0,11,4,09-02-2017,15:30,11053038978,38978,0,0,3,3,1,0,0,0,0,0,,,,,,1,,,,,,98225,53,66,145,6,1,0,0,0,0,0,0,,,,,,0,,,20,0,0,0,0,9,8,,,0,0,0,8,9,0,0,0,0,0,0,0,0,0,996,,,,,,,,,,,,,,,,,,,,,,,,,,,,,,0,0,1,1,0,0,0,0,0,0,0,0,0,0,0,0,0,0,0,0,0,0,0,0,0,1,1,1,0,1,0,0,0,0,0,,1,0,0,0,0,0,0,0,0,0,0,0,0,0,0,0,,,,,,81+,76+,City street,U,Wednesday,Unknown,PV,White,1,0,0,0,City Street,Municipal/City Police,Bellingham Police Department,0,0,0,1,0,,,,,,,,,,,,,,,,,,,,,,,,,,,,,,,,,,,,,,,,,,,
2020,500,635296,26,12-11-2020,00:54,11,12,Dec,,35,Kitsap,0,1,,2,2,2,1,0,3,1,00:57,01:13,01:56,1,0,0,No vehicle,3.5,1,0,1,No intersection,5,1,2,4,0,0,0,0,CR-BANNER RD SE,,-122.5458667,47.46376389,98367,0,1,6,Drive off road,9,1,45,4,0,0,1,5,1,1,2,2,1,1,Going Straight,3,1,53,,0,7,472,1998,0,0,63,9,,,,,1,1,56,1,0,0,0,0,3,0,11,0,,,,,0,0,0,2,1,91,0,0,0,93,,,,,,0,,,,,,98338,53,71,255,1,1,0,3,2,1,6,2,,,,,,0,10-15-2012,09-15-2016,20,0,0,0,8,9,2,,,0,0,0,0,0,0,0,0,0,0,0,0,0,0,996,,,,,,,,,,,,,,,,,,,,,,,,,,,,,,0,0,0,0,0,0,0,0,0,0,0,0,0,1,0,0,1,0,0,0,0,0,0,0,0,0,0,0,0,0,0,0,1,0,0,,0,0,0,0,0,0,0,0,1,0,0,1,0,0,0,0,,,,,,56-60,56-65,State route,U,Sunday,Belt Used,PV,Not Fatal,0,0,0,0,State Route,State Patrol,Washington State Patrol Headquarter,0,1,0,0,0,,,,,,,,,,,,,,,,,,,,,,,,,,,,,,,,,,,,,,,,,,,
2019,500,634200,7,07-16-2019,06:07,16,7,July,,33,King,1030,1,0,4,1,2,1,0,1,1,,,,24,0,0,No vehicle,21.3,1,0,1,No intersection,2,2,1,3,0,0,0,0,SR-167,,-122.244675,47.38493611,98390,0,1,1,Driver Off Road,13,2,60,5,0,0,1,7,24,3,1,3,3,14,Making a U turn,1,2,53,,0,12,481,1986,0,0,68,8,,,,,1,1,35,1,0,0,0,0,3,0,11,0,,,,,0,0,3,3,1,91,0,0,0,96,,,,,,9,,,,,,98841,53,69,170,6,1,1,0,0,0,1,1,,,,,,0,09-15-2012,05-15-2013,20,0,0,0,8,9,8,,,0,0,0,8,1,0,0,0,0,0,0,0,0,0,996,,,,,,,,,,,,,,,,,,,,,,,,,,,,,,0,0,0,0,1,0,0,0,0,1,1,1,0,0,0,0,0,0,0,0,0,0,0,0,0,0,0,0,0,1,0,1,0,0,0,,0,0,0,0,0,0,0,0,0,0,0,0,0,0,0,1,,,,,,31-35,26-35,County road,R,Sunday,Belt Used,PV,Not Fatal,0,0,0,0,County Road,State Patrol,Washington State Patrol Headquarter,0,0,1,0,0,,,,,,,,,,,,,,,,,,,,,,,,,,,,,,,,,,,,,,,,,,,
2017,500,633140,205,11-12-2017,20:15,12,11,Nov,0,57,Skagit,1410,10,0,3,2,2,1,0,4,2,20:16,20:23,,12,0,6,Angle,0,2,0,2,4 Way,4,2,4,6,0,0,0,0,S 15TH ST,E KINCAID ST,-122.3229694,48.41743889,98274,0,2,89,Others,66,4,25,4,0,0,1,2,12,1,1,2,1,1,Going Straight,3,1,53,,0,48,34,2003,0,0,64,42,,,,,1,1,25,1,7,1,4,7,99,0,11,0,08/13/2017,01:07,98053035477,35477,0,0,0,3,1,0,0,0,0,96,,,,,,99,,,,,,98029,53,70,160,6,1,0,0,0,0,0,0,,,,,,4,,,8,0,0,0,0,9,8,,,0,0,0,8,9,0,0,0,0,0,0,0,0,0,996,,,,,,,,,,,,,,,,,,,,,,,,,,,,,,0,0,1,0,0,0,0,0,0,0,0,0,1,0,0,0,0,0,0,0,0,0,0,1,1,0,0,0,0,1,0,0,0,0,0,,1,0,0,0,0,0,0,0,0,1,0,0,0,0,0,0,,,,,,21-25,16-25,City street,U,Sunday,Unknown,PV,White,0,1,0,0,City Street,Municipal/City Police,Issaquah Police Department,1,0,0,1,0,,,,,,,,,,,,,,,,,,,,,,,,,,,,,,,,,,,,,,,,,,,
2017,500,633139,205,11-12-2017,20:15,12,11,Nov,0,57,Skagit,1410,10,0,3,2,2,1,0,4,2,20:16,20:23,,12,0,6,Angle,0,2,0,2,4 Way,4,2,4,6,0,0,20,3,S 15TH ST,E KINCAID ST,-122.3229694,48.41743889,98274,0,1,88,Striking from the Left,17,2,25,34,0,0,1,2,12,1,1,3,5,1,Going Straight,1,1,53,,0,20,402,2003,0,0,12,,,,,,1,1,72,2,0,0,2,0,3,0,11,5,,,,,0,0,3,3,1,0,0,0,0,0,,,,,,0,,,,,,98248,53,63,190,6,1,0,0,0,0,0,0,,,,,,0,,,8,0,0,0,8,9,8,,,0,0,0,8,0,0,0,0,0,0,0,0,0,0,996,,,,,,,,,,,,,,,,,,,,,,,,,,,,,,0,0,0,1,0,0,1,1,0,0,0,0,0,0,0,0,1,0,0,0,0,0,0,0,0,1,1,1,0,1,0,0,0,0,0,,0,0,0,0,0,0,0,0,0,0,0,0,0,0,0,0,,,,,,71-75,66-75,County road,R,Thursday,Belt Used,PV,Not Fatal,1,0,0,0,County Road,County Sheriff,Whatcom County Sheriff's Office,0,0,1,0,0,,,,,,,,,,,,,,,,,,,,,,,,,,,,,,,,,,,,,,,,,,,
2018,500,Media_D,,02-14-2018,02:00,14,2,Feb,0,33,King,100,98,0,6,98,8,1,1,1,1,,,,9,1,0,No vehicle,33.8,98,0,1,No intersection,3,2,1,3,0,0,0,0,SR-161,,-122.2948889,47.2578,98354,0,1,13,Pedestrian/Animal,83,5,98,99,0,0,1,5,9,8,8,8,8,99,Others,99,9,99,,0,37,39,2007,0,0,68,12,,,,,1,1,88,2,7,1,4,0,3,0,11,5,08-10-2017,18:44,74053035206,35206,0,0,0,3,1,28,39,0,0,93,,,,,,0,,,,,,98382,53,64,150,6,1,0,0,0,0,0,32,,,,,,0,,,8,0,0,0,0,9,8,,,0,0,0,8,0,2,522,996,0,1,1,0,2,1,0,,,,,,,,,,,,,,,,,,,,,,,,,,,,,,0,0,0,1,0,0,1,1,0,0,0,0,0,0,0,0,1,0,0,0,0,0,0,0,0,1,1,1,0,1,0,0,0,0,0,,1,0,0,0,0,0,1,1,1,0,0,0,0,0,1,0,,,,,,81+,76+,County road,R,Thursday,Belt Used,PV,White,1,0,0,0,County Road,County Sheriff,Whatcom County Sheriff's Office,0,0,1,0,0,,,,,,,,,,,,,,,,,,,,,,,,,,,,,,,,,,,,,,,,,,,