year,something,Cases,repjur,crash_dt,crash_tm,accday,Month,Month,holiday,county,co_char,city,weather,weather2,lightcond,surfcond,surftype,Number of Fatalities,nmforms,pforms,vforms,not_tm,arr_tm,hosp_tm,fhevent,hitrun,Manner of Collision,Manner of Collision,milepnt,reljunc,reljuncinter,intersectiontype,Intersection Type,funcsystem,landuse,ownership,route,schlbus,spejur,contdev,devfunc,trafid1,trafid2,x,y,zipcode,wk_zone,vnumber,crashtype,Crash Type,criticalevent,criticaleventcat,spdlim,body,trailer,emerg,hazcargo,leave,mhevent,roadalgn,roadprof,traflane,trafflow,Vehicle Manure,Vehicle Manure,numoccs,regowner,regstate,,spuse,make,model,modelyr,vrf1,vrf2,seqevent1,seqevent2,seqevent3,seqevent4,seqevent5,seqevent6,pnumber,ptype,age,sex,hispanic,race,injury,diedscene,restraint,restraintmisuse,seatpos,takehosp,death_dt,death_tm,cert,cernum_wa,commlic,licendor,licrestrict,liccomp,drivpres,drf1,drf2,drf3,drf4,distract1,distract2,distract3,distract4,distract5,distract6,dricond1,dricond2,dricond3,dricond4,dricond5,dricond6,dzip,licstate,drhgt_in,weight,noncdl,noncdltype,prevdwi,prevoth,prevacc,prevspd,prevsus,driviol1,driviol2,driviol3,driviol4,driviol5,driviol6,spdrel,first_dt,last_dt,airbag,ejection,ejectpath,extricat,injurwrk,methalc,methdrug,nmlocat,strikveh,prf1,prf2,prf3,druginv,alcinvol,drugsts,drugres1,drugres2,drugres3,drugtst1,drugtst2,drugtst3,alcsts,alctst,alcres,nmact1,nmact2,nmact3,nmact4,nmact5,nmact6,nmprior1,nmprior2,nmprior3,nmprior4,nmprior5,nmprior6,nmcond1,nmcond2,nmcond3,nmcond4,nmcond5,nmcond6,nmsafe_helmet,nmsafe_pads,nmsafe_oth,nmprev_ref,nmprev_lgt,nmprev_oth,crashlocation,nmcrashtype,crosswalk,schoolzone,sidewalk,train_inv,wildlife_inv,rotr_fars,intersect_fars,Drink and Drive,aid_inv,Drug Positive Drivers,Impaired Drivers,Marijuana Positive,impnm_inv,ainm_inv,dpnm_inv,speed_inv,unlic_inv,unendmc_inv,drowsy_inv,drdist_inv,nmdist_inv,fty_inv,unrestfat_inv,dr1617_inv,dr1820_inv,dr1620_inv,dr2125_inv,dr1625_inv,dr65_inv,dr70_inv,dr75_inv,mc_inv,pv_inv,ht_inv,ped_inv,bike_inv,unrest_fat,mc_fat,unhelmet_mc,pv_fat,ht_fat,ped_fat,bike_fat,dr_alc7,dr_alc8,dr_drug,dr_imp,dr_dist,dr_spd,dr_fty,dr_unlic,dr_alc7only,dr_alc8only,dr_drugonly,dr_drink,nm_imp,nm_alc7,nm_alc8,nm_drug,nm_dist,agegrp1,agegrp2,roadclass,urbrur,dayweek,restuse,vehtype,race_me,intersect,lanedep,oppdir,wrongway,rep_typ,investag,repag_long,rotr,st_rd,cty_rd,city_rd,oth_rd,drug_thc,thc_res,drug_cthc,cthc_res,drug_cann,prevpersemin,prevperse,prevsusoth,drugtst4,drugtst5,drugtst6,drugtst7,drugtst8,drugres4,drugres5,drugres6,drugres7,drugres8,adspresent,adsengaged,adslevel,race1,race2,race3,race4,race5,helmet,helmetmisuse,nmdistract1,nmdistract2,nmdistract3,nmdistract4,nmdistract5,nmdistract6,lab,isedtcase,crf1,crf2,crf3,CoRoadName,CoMP,IntCoRoadName,IntCoMP
2017,501,3762650,263,12-03-2017,00:16,3,12,Dec,0,33,King,1960,2,0,3,2,1,1,2,1,1,,,,8,0,0,No vehicle,0,1,0,1,No intersection,3,2,4,6,0,0,0,0,RAINER AVE S,,-122.2687806,47.51985833,98118,0,1,13,Pedestrian/Animal,80,5,98,4,0,0,1,2,8,3,1,2,1,14,Making a U turn,1,3,53,,0,72,706,2008,0,0,64,25,,,,,1,1,93,1,7,1,4,0,5,0,11,8,08/19/2017,08:25,2.59E+11,35945,0,0,3,3,1,0,0,0,0,96,,,,,,0,,,,,,98932,53,67,200,6,1,0,0,0,0,0,0,,,,,,4,,,20,8,0,0,0,9,8,,,0,0,0,8,0,0,0,0,0,0,0,0,0,0,996,,,,,,,,,,,,,,,,,,,,,,,,,,,,,,0,0,1,0,0,0,0,0,0,0,0,0,1,0,0,0,0,0,0,0,0,0,0,0,0,1,1,1,1,0,0,0,0,0,1,0,0,0,0,0,0,0,0,0,0,1,0,0,0,0,0,0,,,,,,81+,76+,Interstate,U,Wednesday,,MC,White,0,1,0,0,State Route,State Patrol,Washington State Patrol Headquarter,1,1,0,0,0,,,,,,,,,,,,,,,,,,,,,,,,,,,,,,,,,,,,,,,,,,,
2021,501,636129,7,11-19-2021,16:32,19,11,Nov,,33,King,109,10,,3,1,2,1,1,2,1,,,,8,1,0,No vehicle,9.3,19,1,1,No intersection,1,2,1,1,0,0,0,0,I-405,,-122.1894056,47.55831944,98006,0,1,98,Others,98,7,60,4,0,0,1,5,8,1,1,3,3,1,Going Straight,2,2,53,,0,87,884,2012,0,0,12,,,,,,1,1,38,1,0,0,0,0,3,0,11,0,,,,,6,1,0,3,1,0,0,0,0,0,,,,,,0,,,,,,98270,53,75,220,6,1,0,2,5,2,0,0,,,,,,0,02-15-2013,04-15-2017,20,0,0,0,8,9,8,,,0,0,0,8,0,0,0,0,0,0,0,0,0,0,996,,,,,,,,,,,,,,,,,,,,,,,,,,,,,,0,0,0,0,0,0,1,1,0,0,0,0,0,1,0,0,0,0,0,0,0,0,0,0,0,0,0,0,0,1,1,0,0,0,0,,0,0,0,0,0,0,0,0,0,0,0,0,0,0,0,0,,,,,,36-40,36-45,Interstate,U,Wednesday,,MHTRUCK,Not Fatal,0,0,0,0,State Route,State Patrol,Washington State Patrol Headquarter,0,1,0,0,0,,,,,,,,,,,,,,,,,,,,,,,,,,,,,,,,,,,,,,,,,,,
2020,501,635311,303,12-20-2020,00:56,20,12,Dec,,53,Pierce,2337,10,,2,2,2,1,0,2,2,,,,12,0,2,Front-to-Front,0,1,0,1,No intersection,5,2,4,6,0,0,0,0,35TH ST W,,-122.5298361,47.22820833,98466,0,2,51,Lateral Move(Going Straight),62,4,35,4,0,0,1,2,12,1,2,2,1,1,Going Straight,1,1,53,,0,85,881,2005,0,0,12,,,,,,1,1,32,1,0,0,0,0,3,0,11,0,,,,,6,1,1,3,1,0,0,0,0,0,,,,,,0,,,,,,98247,53,77,230,6,1,0,1,0,0,0,0,,,,,,0,12-15-2013,12-15-2013,20,0,0,0,8,9,8,,,0,0,0,8,0,0,0,0,0,0,0,0,0,0,996,,,,,,,,,,,,,,,,,,,,,,,,,,,,,,0,0,0,0,0,0,1,1,0,0,0,0,0,1,0,0,0,0,0,0,0,0,0,0,0,0,0,0,0,1,1,0,0,0,0,,0,0,0,0,0,0,0,0,0,0,0,0,0,0,0,0,,,,,,31-35,26-35,Interstate,U,Wednesday,,MHTRUCK,Not Fatal,0,0,0,0,State Route,State Patrol,Washington State Patrol Headquarter,0,1,0,0,0,,,,,,,,,,,,,,,,,,,,,,,,,,,,,,,,,,,,,,,,,,,
2020,501,635310,303,12-20-2020,00:56,20,12,Dec,,53,Pierce,2337,10,,2,2,2,1,0,2,2,,,,12,1,2,Front-to-Front,0,1,0,1,No intersection,5,2,4,6,0,0,0,0,35TH ST W,,-122.5298361,47.22820833,98466,0,1,50,Lateral Move(Left/Right),10,2,35,4,0,0,1,2,12,1,2,2,1,1,Going Straight,1,2,53,,0,32,43,2010,0,0,12,63,69,12,,,1,1,40,1,7,78,4,0,3,0,11,4,08-11-2017,14:35,69053036439,36439,0,0,0,2,1,26,58,0,0,96,,,,,,9,,,,,,90057,6,69,170,1,1,0,1,0,0,1,15,,,,,,0,12-15-2014,12-15-2015,2,0,0,0,0,9,1,,,0,0,0,1,0,2,401,417,0,1,1,0,2,1,0,,,,,,,,,,,,,,,,,,,,,,,,,,,,,,0,0,0,0,0,0,1,1,0,0,0,0,0,1,0,0,0,0,0,0,0,0,0,0,0,0,0,0,0,1,1,0,0,0,0,,1,0,0,0,0,0,1,1,0,0,0,1,0,0,1,0,,,,,,36-40,36-45,Interstate,U,Wednesday,Belt Used,PV,API,0,0,0,0,State Route,State Patrol,Washington State Patrol Headquarter,0,1,0,0,0,,,,,,,,,,,,,,,,,,,,,,,,,,,,,,,,,,,,,,,,,,,
2018,501,633642,32,10-22-2018,09:50,22,10,Oct,0,47,Okanogan,0,1,0,1,1,2,1,0,1,1,,,,59,0,0,No vehicle,3,1,0,1,No intersection,6,1,2,4,0,0,0,0,CR-B AND ON NORTH RD,,-119.67755,48.31688889,98840,0,1,6,Drive off road,12,2,98,34,0,0,1,7,35,1,2,2,1,1,Going Straight,1,1,53,,0,48,34,2015,0,0,12,,,,,,1,1,72,1,0,0,3,0,3,0,11,5,,,,,0,0,0,3,1,0,0,0,0,0,,,,,,0,,,,,,83836,16,72,210,6,1,0,0,0,0,0,0,,,,,,0,,,8,0,0,0,8,9,8,,,0,0,0,0,0,0,0,0,0,0,0,0,2,1,0,,,,,,,,,,,,,,,,,,,,,,,,,,,,,,0,0,0,0,0,0,1,1,0,0,0,0,0,0,0,0,0,0,0,1,0,0,0,0,0,1,1,0,0,1,0,0,0,0,0,,0,0,0,0,0,0,0,0,0,0,0,0,0,0,0,0,,,,,,71-75,66-75,US highway,U,Tuesday,Belt Used,PV,Not Fatal,0,1,1,0,State Route,State Patrol,Washington State Patrol Headquarter,0,1,0,0,0,,,,,,,,,,,,,,,,,,,,,,,,,,,,,,,,,,,,,,,,,,,
2018,502,633724,55,12-02-2018,17:32,2,12,Dec,0,33,King,100,1,0,3,1,2,1,1,1,1,,,,8,0,0,No vehicle,0,1,0,1,No intersection,3,2,4,6,0,0,0,0,A ST SE,,-122.2287,47.30167778,98002,0,1,13,Pedestrian/Animal,80,5,30,3,0,0,1,7,8,1,1,5,5,1,Going Straight,1,1,2,,0,49,32,2009,0,0,64,65,12,,,,1,1,40,2,6,98,4,0,20,0,11,5,07/22/2017,08:00,2.59E+11,32265,0,0,0,3,1,28,0,0,0,96,,,,,,99,,,,,,98901,53,62,180,6,1,0,0,1,0,0,0,,,,,,0,01-15-2017,01-15-2017,8,1,9,0,0,9,8,,,0,0,0,8,0,2,996,0,0,1,0,0,2,1,0,,,,,,,,,,,,,,,,,,,,,,,,,,,,,,0,0,0,0,0,0,1,1,0,0,0,0,0,0,0,0,0,0,0,1,0,0,0,0,0,1,1,0,0,1,0,0,0,1,0,,1,0,0,0,0,0,1,1,0,0,0,0,0,0,1,0,,,,,,36-40,36-45,US highway,U,Tuesday,Not Used,PV,Hispanic,0,1,1,0,State Route,State Patrol,Washington State Patrol Headquarter,0,1,0,0,0,,,,,,,,,,,,,,,,,,,,,,,,,,,,,,,,,,,,,,,,,,,
2021,502,636131,122,11-26-2021,15:55,26,11,Nov,,61,Snohomish,690,10,,5,1,2,2,0,3,2,,,,12,0,6,Angle,0,1,0,1,No intersection,3,2,4,6,0,0,0,0,W MUKILTEO BLVD,,-122.2302556,47.95667778,98203,0,2,69,Initial Opposite Direction(Going Straight),62,4,35,15,0,0,1,2,12,2,2,2,1,14,Making a U turn,1,1,53,,0,20,481,2016,0,0,12,,,,,,1,1,75,1,0,0,1,0,3,0,11,5,,,,,0,0,3,3,1,0,0,0,0,0,,,,,,0,,,,,,98445,53,70,200,6,1,0,0,0,0,0,0,,,,,,0,,,2,0,0,0,8,9,8,,,0,0,0,8,0,0,0,0,0,0,0,0,0,0,996,,,,,,,,,,,,,,,,,,,,,,,,,,,,,,0,0,0,1,0,0,0,0,0,0,0,0,0,0,0,0,0,0,0,1,0,0,0,0,0,1,1,1,0,1,0,0,0,0,0,,0,0,0,0,0,0,0,0,0,0,0,0,0,0,0,0,,,,,,71-75,66-75,State route,U,Tuesday,Belt Used,PV,Not Fatal,1,0,0,0,State Route,Municipal/City Police,Quincy Police Department,0,1,0,0,0,,,,,,,,,,,,,,,,,,,,,,,,,,,,,,,,,,,,,,,,,,,
2021,502,636130,122,11-26-2021,15:55,26,11,Nov,,61,Snohomish,690,10,,5,1,2,2,0,3,2,,,,12,0,6,Angle,0,1,0,1,No intersection,3,2,4,6,0,0,0,0,W MUKILTEO BLVD,,-122.2302556,47.95667778,98203,0,1,68,Initial Opposite Direction(Left/Right),15,2,35,4,0,0,1,2,12,3,2,2,1,11,Turning Red: Permitted on red,2,1,53,,0,37,441,2001,0,0,12,,,,,,1,1,88,1,7,1,4,0,20,0,11,5,08-03-2017,01:45,2.46E+11,34177,0,0,3,3,1,39,0,0,0,0,,,,,,1,,,,,,98848,53,75,205,6,1,0,0,0,0,0,35,,,,,,0,,,1,0,0,0,0,9,8,,,0,0,0,8,0,0,0,0,0,0,0,0,0,0,996,,,,,,,,,,,,,,,,,,,,,,,,,,,,,,0,0,0,1,0,0,0,0,0,0,0,0,0,0,0,0,0,0,0,1,0,0,0,0,0,1,1,1,0,1,0,0,0,1,0,,1,0,0,0,0,0,0,0,0,0,0,0,0,0,0,0,,,,,,81+,76+,State route,U,Tuesday,Not Used,PV,White,1,0,0,0,State Route,Municipal/City Police,Quincy Police Department,0,1,0,0,0,,,,,,,,,,,,,,,,,,,,,,,,,,,,,,,,,,,,,,,,,,,
2020,502,635312,3,12-10-2020,02:58,10,12,Dec,,53,Pierce,800,5,,3,2,2,1,1,2,1,,,,8,0,0,No vehicle,12.9,1,0,1,No intersection,3,2,1,3,0,0,0,0,SR-16,,-122.6157,47.36078611,98335,0,1,13,Pedestrian/Animal,80,5,60,21,0,0,1,5,8,1,1,2,3,1,Going Straight,2,3,53,,0,12,37,2007,0,0,12,,,,,,1,1,66,1,7,1,4,7,3,0,11,0,08-09-2017,17:06,2.25E+11,35985,0,0,0,3,1,0,0,0,0,0,,,,,,0,,,,,,98589,53,74,250,6,1,0,0,0,0,0,0,,,,,,0,,,8,0,0,0,0,9,8,,,0,0,0,8,9,2,1,0,0,1,0,0,2,1,0,,,,,,,,,,,,,,,,,,,,,,,,,,,,,,0,0,0,0,1,1,1,1,1,0,0,0,0,0,0,0,0,0,0,0,0,0,0,0,0,1,0,0,0,1,0,0,0,0,0,,1,0,0,0,0,0,0,0,0,0,0,0,0,0,0,0,,,,,,66-70,66-75,County road,R,Wednesday,Belt Used,PV,White,0,1,1,0,County Road,County Sheriff,Thurston County Sheriff's Office,0,0,1,0,0,,,,,,,,,,,,,,,,,,,,,,,,,,,,,,,,,,,,,,,,,,,
2017,502,632998,40,12-04-2017,23:36,4,12,Dec,0,63,Spokane,2113,1,0,3,1,2,1,0,4,2,23:37,23:48,00:22,12,0,1,Front-to-Rear,0,3,0,2,4 Way,4,2,4,6,0,0,3,3,N UNIVERSITY RD,E BRAODWAY AVE,-117.2613167,47.66433889,99206,0,2,21,Others,53,3,35,4,0,0,1,5,12,1,1,3,1,5,Others,2,1,53,,0,12,481,2003,0,0,68,12,,,,,1,1,57,1,0,0,1,0,3,0,11,8,,,,,0,0,0,3,1,28,0,0,0,96,,,,,,9,,,,,,98589,53,70,225,6,1,0,0,0,0,0,1,,,,,,0,,,1,0,0,0,8,9,8,,,0,0,0,8,1,2,605,0,0,1,0,0,2,1,0.1,,,,,,,,,,,,,,,,,,,,,,,,,,,,,,0,0,0,0,1,1,1,1,1,0,0,0,0,0,0,0,0,0,0,0,0,0,0,0,0,1,0,0,0,1,0,0,0,0,0,,0,0,0,0,0,1,1,1,0,0,0,0,0,0,0,1,,,,,,56-60,56-65,County road,R,Wednesday,Belt Used,PV,Not Fatal,0,1,1,0,County Road,County Sheriff,Thurston County Sheriff's Office,0,0,1,0,0,thc,7.8,carboxy-thc,51,,,,,,,,,,,,,,,,,,,,,,,,,,,,,,,,,,,,,,,
2017,502,632997,40,12-04-2017,23:36,4,12,Dec,0,63,Spokane,2113,1,0,3,1,2,1,0,4,2,23:37,23:48,00:22,12,0,1,Front-to-Rear,0,3,0,2,4 Way,4,2,4,6,0,0,3,3,N UNIVERSITY RD,E BRAODWAY AVE,-117.2613167,47.66433889,99206,0,1,20,Others,54,3,35,34,0,0,1,5,12,1,1,3,1,1,Going Straight,2,1,53,,0,12,3,2000,0,0,12,,,,,,1,1,56,1,0,0,3,0,99,0,11,8,,,,,0,0,0,3,1,38,39,0,0,96,,,,,,99,,,,,,99207,53,71,185,6,1,0,0,0,0,0,97,,,,,,0,,,20,0,0,0,8,9,8,,,0,0,0,8,9,0,0,0,0,0,0,0,0,0,996,,,,,,,,,,,,,,,,,,,,,,,,,,,,,,0,0,0,1,0,0,1,1,1,0,0,0,1,1,1,0,0,0,1,0,0,0,0,1,1,0,0,0,1,1,0,0,0,0,0,,0,0,0,0,0,0,0,0,0,0,1,0,0,0,0,0,,,,,,56-60,56-65,US highway,U,Tuesday,Unknown,PV,Not Fatal,1,0,0,0,State Route,County Sheriff,Spokane County Sheriff's Office,0,1,0,0,0,,,,,,,,,,,,,,,,,,,,,,,,,,,,,,,,,,,,,,,,,,,
2019,502,634465,2,11-18-2019,21:36,18,11,Nov,,73,Whatcom,0,2,0,2,2,2,1,0,1,1,,,,34,0,0,No vehicle,4.8,1,0,1,No intersection,5,1,2,4,0,3,0,0,CR-HAXTON WAY,,-122.6326833,48.79552778,98248,0,1,6,Drive off road,12,2,45,5,0,0,1,7,34,1,1,2,1,1,Going Straight,1,1,95,,0,53,705,2001,0,0,12,,,,,,1,1,24,1,7,1,4,0,19,0,11,8,08-09-2017,14:29,2.11E+11,35572,0,0,0,2,1,0,0,0,0,96,,,,,,99,,,,,,99157,53,70,160,1,1,0,4,0,3,3,0,,,,,,3,11-15-2014,07-15-2017,20,8,0,0,0,9,8,,,0,0,0,8,9,2,605,695,0,1,1,0,2,1,0,,,,,,,,,,,,,,,,,,,,,,,,,,,,,,0,0,0,1,0,0,1,1,1,0,0,0,1,1,1,0,0,0,1,0,0,0,0,1,1,0,0,0,1,1,0,0,0,0,1,0,0,0,0,0,0,0,1,1,0,1,0,1,0,0,1,0,,,,,,21-25,16-25,US highway,U,Tuesday,,MC,White,1,0,0,0,State Route,County Sheriff,Spokane County Sheriff's Office,0,1,0,0,0,thc,4.3,carboxy-thc,18,,,,,,,,,,,,,,,,,,,,,,,,,,,,,,,,,,,,,,,
2021,503,636132,290,11-28-2021,05:45,28,11,Nov,,53,Pierce,2230,10,,3,1,2,1,1,1,1,,,,8,1,0,No vehicle,,1,0,1,No intersection,3,2,4,6,0,3,0,0,E PORTLAND AVE,,-122.4076722,47.21663056,98443,0,1,13,Pedestrian/Animal,80,5,35,34,0,0,1,5,8,1,2,5,5,1,Going Straight,99,1,53,,0,87,884,2001,0,0,12,,,,,,1,1,51,1,0,0,0,0,3,0,11,0,,,,,6,3,0,3,1,0,0,0,0,0,,,,,,0,,,,,,98841,53,69,213,6,1,0,1,0,2,1,0,,,,,,0,10-15-2012,04-15-2017,20,0,0,0,8,9,8,,,0,0,0,8,0,0,0,0,0,0,0,0,0,0,996,,,,,,,,,,,,,,,,,,,,,,,,,,,,,,0,0,0,0,0,0,1,1,0,0,0,0,0,0,0,0,0,0,0,0,0,0,0,0,0,1,0,0,1,0,1,0,0,0,0,,0,0,0,0,0,0,0,0,0,0,0,0,0,0,0,0,,,,,,51-55,46-55,State route,R,Wednesday,,MHTRUCK,Not Fatal,0,0,0,1,State Route,State Patrol,Washington State Patrol Headquarter,0,1,0,0,0,,,,,,,,,,,,,,,,,,,,,,,,,,,,,,,,,,,,,,,,,,,
2020,503,635314,4,12-21-2020,10:39,21,12,Dec,,51,Pend Oreille,0,2,,1,2,2,1,0,2,2,10:42,10:54,11:25,12,0,6,Angle,420.3,2,0,2,4 Way,4,1,1,3,0,0,0,0,SR-20,MCKENZIE,-117.2872389,48.31018056,99119,0,2,83,Others,67,4,55,61,0,0,1,2,12,1,1,2,1,1,Going Straight,1,2,53,,0,72,706,1991,0,0,68,12,,,,,1,1,65,1,7,1,4,7,29,0,11,0,08-02-2017,13:15,53034100,34100,0,0,0,3,1,28,0,0,0,96,,,,,,99,,,,,,89027,32,74,250,6,1,0,1,0,0,0,0,,,,,,0,04-15-2014,04-15-2014,20,8,0,0,0,9,8,,,0,0,0,8,9,2,996,996,0,1,1,0,2,1,0,,,,,,,,,,,,,,,,,,,,,,,,,,,,,,0,0,0,0,0,0,1,1,0,0,0,0,0,0,0,0,0,0,0,0,0,0,0,0,0,1,0,0,1,0,1,0,0,0,1,0,0,0,0,0,0,0,1,1,0,0,0,0,0,0,1,0,,,,,,61-65,56-65,State route,R,Wednesday,,MC,White,0,0,0,1,State Route,State Patrol,Washington State Patrol Headquarter,0,1,0,0,0,,,,,,,,,,,,,,,,,,,,,,,,,,,,,,,,,,,,,,,,,,,
2020,503,635313,4,12-21-2020,10:39,21,12,Dec,,51,Pend Oreille,0,2,,1,2,2,1,0,2,2,10:42,10:54,11:25,12,0,6,Angle,420.3,2,0,2,4 Way,4,1,1,3,0,0,20,3,SR-20,MCKENZIE,-117.2872389,48.31018056,99119,0,1,82,Turn Into Opp Direction(Turning Left),15,2,35,34,0,0,1,2,12,1,1,2,1,11,Turning Red: Permitted on red,1,1,53,,0,19,421,2002,0,0,63,14,14,,,,1,1,76,2,7,1,4,7,3,0,11,0,08-04-2017,10:09,2.11E+11,34396,0,0,3,3,1,0,0,0,0,0,,,,,,2,,,,,,99037,53,66,149,6,1,0,0,0,0,0,0,,,,,,0,,,8,0,0,0,0,9,8,,,0,0,0,8,9,2,387,996,996,1,1,1,2,1,0,,,,,,,,,,,,,,,,,,,,,,,,,,,,,,0,0,0,0,0,0,1,1,0,0,0,0,0,0,0,1,0,0,0,0,0,0,0,0,0,1,1,1,0,1,1,0,0,0,0,,1,0,0,0,0,0,1,1,0,0,0,0,0,0,1,0,,,,,,76-80,76+,City street,U,Friday,Belt Used,PV,White,0,1,0,0,City Street,County Sheriff,Spokane County Sheriff's Office,1,0,0,1,0,,,,,,,,,,,,,,,,,,,,,,,,,,,,,,,,,,,,,,,,,,,
2018,503,633665,2,11-01-2018,04:51,1,11,Nov,0,61,Snohomish,690,2,0,3,2,2,1,0,1,1,,,,59,0,0,No vehicle,188.3,1,0,1,No intersection,1,2,1,1,0,0,0,0,I-5,,-122.2131139,47.90418611,98202,0,1,1,Driver Off Road,13,2,60,4,0,0,1,7,42,1,1,4,3,1,Going Straight,1,1,53,,0,7,442,1998,0,0,9,,,,,,1,1,20,1,0,0,0,0,3,0,11,0,,,,,0,0,0,2,1,38,48,0,0,93,,,,,,0,,,,,,99212,53,74,180,1,1,0,1,0,0,1,97,,,,,,0,08-15-2015,06-15-2016,20,0,0,0,8,9,8,,,0,0,0,8,0,0,0,0,0,0,0,0,0,0,996,,,,,,,,,,,,,,,,,,,,,,,,,,,,,,0,0,0,1,0,0,0,0,0,1,0,1,0,1,0,0,1,0,1,0,0,1,1,0,1,0,0,0,0,1,0,0,1,0,0,,0,0,0,0,0,0,0,0,1,0,1,1,0,0,0,0,,,,,,18-20,16-25,City street,U,Friday,Belt Used,PV,Not Fatal,1,0,0,0,City Street,Municipal/City Police,Spokane Police Department,0,0,0,1,0,,,,,,,,,,,,,,,,,,,,,,,,,,,,,,,,,,,,,,,,,,,
2017,503,632996,35,12-03-2017,21:00,3,12,Dec,0,53,Pierce,0,1,0,2,1,2,1,0,3,2,21:04,21:20,21:50,12,0,2,Front-to-Front,1.3,1,0,1,No intersection,3,2,2,4,0,0,0,0,CR-SPANAWAY LP S,,-122.4585417,47.10825833,98387,0,2,51,Lateral Move(Going Straight),62,4,40,39,0,0,1,2,12,3,1,2,2,14,Making a U turn,1,1,53,,0,76,734,2016,0,0,12,,,,,,1,1,74,1,7,1,4,7,17,0,11,0,07/30/2017,19:25,53033527,33527,0,0,0,1,1,0,0,0,0,92,,,,,,99,,,,,,99301,53,71,265,6,1,0,0,0,0,0,0,,,,,,0,,,20,0,0,0,0,9,8,,,0,0,0,8,9,2,996,996,0,1,1,0,2,1,0,,,,,,,,,,,,,,,,,,,,,,,,,,,,,,0,0,0,0,0,0,1,1,0,0,0,0,0,1,0,0,1,0,0,0,0,0,0,0,0,1,1,0,0,1,0,0,0,0,0,,0,0,0,0,0,0,1,1,1,0,0,0,0,0,1,0,,,,,,71-75,66-75,County road,R,Sunday,,OTHVT,White,0,0,0,0,County Road,County Sheriff,Franklin County Sheriff's Office,0,0,1,0,0,,,,,,,,,,,,,,,,,,,,,,,,,,,,,,,,,,,,,,,,,,,
2017,503,632995,35,12-03-2017,21:00,3,12,Dec,0,53,Pierce,0,1,0,2,2,2,1,0,3,2,21:04,21:20,21:50,12,0,2,Front-to-Front,1.3,1,0,1,No intersection,3,2,2,4,0,0,0,0,CR-SPANAWAY LP S,,-122.4585417,47.10825833,98387,0,1,50,Lateral Move(Left/Right),10,2,40,8,0,0,1,2,12,2,1,2,2,14,Making a U turn,2,2,53,,0,6,441,2001,0,0,12,,,,,,1,1,30,1,0,0,1,0,3,0,11,8,,,,,0,0,0,0,1,0,0,0,0,93,,,,,,0,,,,,,99301,53,,999,0,0,99,99,99,99,99,72,,,,,,0,,,1,0,0,0,8,9,8,,,0,0,0,8,0,0,0,0,0,0,0,0,0,0,996,,,,,,,,,,,,,,,,,,,,,,,,,,,,,,0,0,0,0,0,0,1,1,0,0,0,0,0,1,0,0,1,0,0,0,0,0,0,0,0,1,1,0,0,1,0,0,0,0,0,,0,0,0,0,0,0,0,0,1,0,0,1,0,0,0,0,,,,,,26-30,26-35,County road,R,Sunday,Belt Used,PV,Not Fatal,0,0,0,0,County Road,County Sheriff,Franklin County Sheriff's Office,0,0,1,0,0,,,,,,,,,,,,,,,,,,,,,,,,,,,,,,,,,,,,,,,,,,,
2021,504,636133,122,11-18-2021,18:51,18,11,Nov,,61,Snohomish,690,2,,3,2,2,1,1,2,2,,,,8,0,0,No vehicle,,1,0,1,No intersection,3,2,4,6,0,0,0,0,EVERGREEN WAY,,-122.2398,47.90936944,98204,0,1,13,Pedestrian/Animal,80,5,35,4,0,0,1,5,8,1,1,7,5,15,Others,1,2,53,,0,63,34,2009,0,0,12,,,,,,1,1,18,2,0,0,1,0,3,0,11,0,,,,,0,0,3,3,1,0,0,0,0,0,,,,,,0,,,,,,98607,53,70,140,6,1,0,0,0,0,0,0,,,,,,0,,,20,0,0,0,8,9,8,,,0,0,0,8,0,0,0,0,0,0,0,0,0,0,996,,,,,,,,,,,,,,,,,,,,,,,,,,,,,,0,0,0,1,0,0,0,0,0,0,0,0,1,0,0,0,0,0,0,0,0,1,1,0,1,0,0,0,1,1,0,0,0,0,0,,0,0,0,0,0,0,0,0,0,0,0,0,0,0,0,0,,,,,,18-20,16-25,City street,U,Sunday,Belt Used,PV,Not Fatal,1,0,0,0,City Street,Municipal/City Police,Camas Police Department,0,0,0,1,0,,,,,,,,,,,,,,,,,,,,,,,,,,,,,,,,,,,,,,,,,,,
2020,504,635316,2,12-16-2020,15:59,16,12,Dec,,61,Snohomish,0,1,,1,2,2,2,0,3,2,16:01,16:07,,12,0,6,Angle,4.3,8,0,1,No intersection,3,2,1,3,0,0,0,0,SR-9,,-122.12165,47.84145,98296,0,2,69,Initial Opposite Direction(Going Straight),62,4,45,34,1,0,1,2,12,1,1,3,1,1,Going Straight,1,1,53,,0,73,705,2008,0,0,12,,,,,,1,1,28,1,7,99,4,0,19,0,11,5,07/31/2017,02:15,24053033426,33426,0,0,0,3,1,39,0,0,0,96,,,,,,99,,,,,,98664,53,71,180,6,1,0,1,2,1,2,0,,,,,,4,08-15-2012,07-15-2016,20,8,0,0,0,9,8,,,0,0,0,8,9,0,0,0,0,0,0,0,0,0,996,,,,,,,,,,,,,,,,,,,,,,,,,,,,,,0,0,0,1,0,0,0,0,0,0,0,0,1,0,0,0,0,0,0,0,0,1,1,0,1,0,0,0,1,1,0,0,0,0,1,0,0,0,0,0,0,0,0,0,0,1,0,0,0,0,0,0,,,,,,26-30,26-35,City street,U,Sunday,,MC,Oth/Unk,1,0,0,0,City Street,Municipal/City Police,Camas Police Department,0,0,0,1,0,,,,,,,,,,,,,,,,,,,,,,,,,,,,,,,,,,,,,,,,,,,