year,something,Cases,repjur,crash_dt,crash_tm,accday,Month,Month,holiday,county,co_char,city,weather,weather2,lightcond,surfcond,surftype,Number of Fatalities,nmforms,pforms,vforms,not_tm,arr_tm,hosp_tm,fhevent,hitrun,Manner of Collision,Manner of Collision,milepnt,reljunc,reljuncinter,intersectiontype,Intersection Type,funcsystem,landuse,ownership,route,schlbus,spejur,contdev,devfunc,trafid1,trafid2,x,y,zipcode,wk_zone,vnumber,crashtype,Crash Type,criticalevent,criticaleventcat,spdlim,body,trailer,emerg,hazcargo,leave,mhevent,roadalgn,roadprof,traflane,trafflow,Vehicle Manure,Vehicle Manure,numoccs,regowner,regstate,,spuse,make,model,modelyr,vrf1,vrf2,seqevent1,seqevent2,seqevent3,seqevent4,seqevent5,seqevent6,pnumber,ptype,age,sex,hispanic,race,injury,diedscene,restraint,restraintmisuse,seatpos,takehosp,death_dt,death_tm,cert,cernum_wa,commlic,licendor,licrestrict,liccomp,drivpres,drf1,drf2,drf3,drf4,distract1,distract2,distract3,distract4,distract5,distract6,dricond1,dricond2,dricond3,dricond4,dricond5,dricond6,dzip,licstate,drhgt_in,weight,noncdl,noncdltype,prevdwi,prevoth,prevacc,prevspd,prevsus,driviol1,driviol2,driviol3,driviol4,driviol5,driviol6,spdrel,first_dt,last_dt,airbag,ejection,ejectpath,extricat,injurwrk,methalc,methdrug,nmlocat,strikveh,prf1,prf2,prf3,druginv,alcinvol,drugsts,drugres1,drugres2,drugres3,drugtst1,drugtst2,drugtst3,alcsts,alctst,alcres,nmact1,nmact2,nmact3,nmact4,nmact5,nmact6,nmprior1,nmprior2,nmprior3,nmprior4,nmprior5,nmprior6,nmcond1,nmcond2,nmcond3,nmcond4,nmcond5,nmcond6,nmsafe_helmet,nmsafe_pads,nmsafe_oth,nmprev_ref,nmprev_lgt,nmprev_oth,crashlocation,nmcrashtype,crosswalk,schoolzone,sidewalk,train_inv,wildlife_inv,rotr_fars,intersect_fars,Drink and Drive,aid_inv,Drug Positive Drivers,Impaired Drivers,Marijuana Positive,impnm_inv,ainm_inv,dpnm_inv,speed_inv,unlic_inv,unendmc_inv,drowsy_inv,drdist_inv,nmdist_inv,fty_inv,unrestfat_inv,dr1617_inv,dr1820_inv,dr1620_inv,dr2125_inv,dr1625_inv,dr65_inv,dr70_inv,dr75_inv,mc_inv,pv_inv,ht_inv,ped_inv,bike_inv,unrest_fat,mc_fat,unhelmet_mc,pv_fat,ht_fat,ped_fat,bike_fat,dr_alc7,dr_alc8,dr_drug,dr_imp,dr_dist,dr_spd,dr_fty,dr_unlic,dr_alc7only,dr_alc8only,dr_drugonly,dr_drink,nm_imp,nm_alc7,nm_alc8,nm_drug,nm_dist,agegrp1,agegrp2,roadclass,urbrur,dayweek,restuse,vehtype,race_me,intersect,lanedep,oppdir,wrongway,rep_typ,investag,repag_long,rotr,st_rd,cty_rd,city_rd,oth_rd,drug_thc,thc_res,drug_cthc,cthc_res,drug_cann,prevpersemin,prevperse,prevsusoth,drugtst4,drugtst5,drugtst6,drugtst7,drugtst8,drugres4,drugres5,drugres6,drugres7,drugres8,adspresent,adsengaged,adslevel,race1,race2,race3,race4,race5,helmet,helmetmisuse,nmdistract1,nmdistract2,nmdistract3,nmdistract4,nmdistract5,nmdistract6,lab,isedtcase,crf1,crf2,crf3,CoRoadName,CoMP,IntCoRoadName,IntCoMP
2020,504,635315,2,12-16-2020,15:59,16,12,Dec,,61,Snohomish,0,1,,1,2,2,2,0,3,2,16:01,16:07,,12,0,6,Angle,4.3,8,0,1,No intersection,3,2,1,3,0,0,0,0,SR-9,,-122.12165,47.84145,98296,0,1,68,Initial Opposite Direction(Left/Right),15,2,45,4,0,0,1,2,12,1,1,3,1,11,Turning Red: Permitted on red,2,1,53,,0,49,472,1996,0,0,64,69,1,,,,1,1,42,1,7,1,4,0,99,0,11,1,08-03-2017,01:45,1.96E+11,34680,0,0,3,3,1,0,0,0,0,0,,,,,,1,,,,,,98273,53,72,250,6,1,0,0,0,0,0,0,,,,,,0,,,1,0,0,0,0,9,8,,,0,0,0,8,0,2,1,0,0,1,0,0,2,1,0,,,,,,,,,,,,,,,,,,,,,,,,,,,,,,0,0,0,0,0,0,0,0,0,0,0,0,0,0,0,0,0,0,0,0,0,0,0,0,0,0,0,0,0,1,0,0,0,0,0,,1,0,0,0,0,0,0,0,0,0,0,0,0,0,0,0,,,,,,41-45,36-45,Interstate,U,Monday,Unknown,PV,White,0,0,0,0,State Route,State Patrol,Washington State Patrol Headquarter,0,1,0,0,0,,,,,,,,,,,,,,,,,,,,,,,,,,,,,,,,,,,,,,,,,,,
2018,504,633901,189,09-25-2018,02:28,25,9,Sep,0,61,Snohomish,1280,1,0,3,1,2,1,0,1,1,,,,10,0,0,No vehicle,0,1,0,1,No intersection,7,2,4,6,0,0,0,0,STATE AVE,104TH ST NE,-122.1736111,48.08916389,98271,0,1,1,Driver Off Road,13,2,30,4,0,0,1,7,10,1,1,2,1,1,Going Straight,1,1,53,,0,35,43,1984,0,0,8,,,,,,1,1,69,1,0,0,0,0,3,0,11,0,,,,,0,0,0,3,1,0,0,0,0,1,,,,,,0,,,,,,98531,53,69,160,6,1,0,1,0,0,0,0,,,,,,0,04-15-2014,04-15-2014,20,0,0,0,8,9,8,,,0,0,0,8,0,0,0,0,0,0,0,0,0,0,996,,,,,,,,,,,,,,,,,,,,,,,,,,,,,,0,0,0,1,0,0,0,0,0,0,0,0,0,0,0,0,1,0,0,0,0,0,0,0,0,1,0,0,0,1,0,1,0,0,0,,0,0,0,0,0,0,0,0,1,0,0,0,0,0,0,0,,,,,,66-70,66-75,City street,U,Thursday,Belt Used,PV,Not Fatal,1,0,0,0,City Street,Municipal/City Police,Centralia Police Department,0,0,0,1,0,,,,,,,,,,,,,,,,,,,,,,,,,,,,,,,,,,,,,,,,,,,
2017,504,633000,171,12-06-2017,02:31,6,12,Dec,0,33,King,1107,1,0,3,1,2,1,0,1,1,,,,39,0,0,No vehicle,4.9,1,0,1,No intersection,3,2,1,3,0,0,0,0,SR-522,,-122.2881472,47.74134722,98155,0,1,6,Drive off road,12,2,98,2,0,0,1,2,39,1,2,3,2,1,Going Straight,1,1,53,,0,23,481,1999,0,0,68,68,63,38,1,,1,1,30,1,7,1,4,7,20,0,11,0,08-02-2017,18:22,53034392,34392,0,0,0,3,1,58,0,0,0,96,,,,,,99,,,,,,98230,53,69,170,6,1,0,0,0,0,1,0,,,,,,4,06-15-2013,06-15-2013,20,1,9,0,0,9,1,,,0,0,0,1,0,2,605,0,0,1,0,0,2,1,0,,,,,,,,,,,,,,,,,,,,,,,,,,,,,,0,0,0,0,0,0,1,1,1,0,0,0,1,0,0,0,0,0,0,0,0,0,0,0,0,0,0,0,0,0,0,0,0,1,0,,0,0,0,0,0,0,1,1,0,1,0,0,0,0,1,0,,,,,,26-30,26-35,County road,R,Wednesday,Not Used,PV,White,0,1,0,0,County Road,State Patrol,Washington State Patrol Headquarter,1,0,1,0,0,thc,5,carboxy-thc,10,,,,,,,,,,,,,,,,,,,,,,,,,,,,,,,,,,,,,,,
2021,504,636134,122,11-18-2021,18:51,18,11,Nov,,61,Snohomish,690,2,,3,2,2,1,1,2,2,,,,8,1,0,No vehicle,,1,0,1,No intersection,3,2,4,6,0,0,0,0,EVERGREEN WAY,,-122.2398,47.90936944,98204,0,2,98,Others,80,5,35,99,0,0,1,5,8,1,1,7,5,1,Going Straight,99,9,99,,0,30,40,2011,0,0,12,,,,,,1,1,44,1,0,0,1,0,3,0,11,4,,,,,0,0,0,3,1,0,0,0,0,0,,,,,,0,,,,,,98671,53,73,220,6,1,0,0,0,0,0,0,,,,,,0,,,1,0,0,0,8,9,8,,,0,0,0,8,0,0,0,0,0,0,0,0,0,0,996,,,,,,,,,,,,,,,,,,,,,,,,,,,,,,0,0,0,0,0,0,1,1,0,0,0,0,0,0,0,0,0,0,0,0,0,0,0,0,0,1,0,0,0,1,0,0,0,0,0,,0,0,0,0,0,0,0,0,0,0,0,0,0,0,0,0,,,,,,41-45,36-45,State route,R,Tuesday,Belt Used,PV,Not Fatal,0,1,1,0,State Route,State Patrol,Washington State Patrol Headquarter,0,1,0,0,0,,,,,,,,,,,,,,,,,,,,,,,,,,,,,,,,,,,,,,,,,,,
2019,505,3751331,263,08-14-2019,22:06,14,8,Aug,,33,King,1960,1,0,3,1,2,1,1,1,1,,,,8,1,0,No vehicle,31.1,1,0,1,No intersection,3,2,1,3,0,0,0,0,SR-99,,-122.3446278,47.69111667,98103,0,1,13,Pedestrian/Animal,80,5,35,14,0,0,1,3,8,1,1,2,2,1,Going Straight,1,1,53,,0,22,32,2005,0,0,63,12,,,,,1,1,68,2,7,1,4,0,3,0,11,4,08-01-2017,10:17,2.37E+11,33488,0,0,0,3,1,0,0,0,0,0,,,,,,0,,,,,,98662,53,62,135,6,1,0,0,0,0,0,0,,,,,,0,,,8,0,0,0,0,9,8,,,0,0,0,8,0,2,996,996,996,1,1,1,2,1,0,,,,,,,,,,,,,,,,,,,,,,,,,,,,,,0,0,0,0,0,0,1,1,0,0,0,0,0,0,0,0,0,0,0,0,0,0,0,0,0,1,0,0,0,1,0,0,0,0,0,,1,0,0,0,0,0,1,1,0,0,0,0,0,0,1,0,,,,,,66-70,66-75,State route,R,Tuesday,Belt Used,PV,White,0,1,1,0,State Route,State Patrol,Washington State Patrol Headquarter,0,1,0,0,0,,,,,,,,,,,,,,,,,,,,,,,,,,,,,,,,,,,,,,,,,,,
2021,505,636135,40,08-04-2021,18:43,4,8,Aug,,63,Spokane,0,1,,1,1,2,1,0,3,1,,,,1,0,0,No vehicle,8.2,1,0,1,No intersection,5,1,2,4,0,0,0,0,CR-S CHENEY SPOKANE RD,,-117.465875,47.57548056,99224,0,1,7,Control/Traction Loss,9,1,45,4,0,0,1,2,1,3,1,2,1,14,Making a U turn,3,1,53,,0,12,481,2004,0,0,12,63,69,68,12,,1,1,38,2,0,0,1,0,3,0,11,0,,,,,0,0,0,3,1,0,0,0,0,0,,,,,,0,,,,,,98663,53,65,150,6,1,0,0,1,0,0,0,,,,,,0,07-15-2016,07-15-2016,1,0,0,0,8,9,8,,,0,0,0,8,8,0,0,0,0,0,0,0,0,0,996,,,,,,,,,,,,,,,,,,,,,,,,,,,,,,0,0,0,0,0,0,1,1,0,0,0,0,0,0,0,0,0,0,0,0,0,0,0,0,0,1,0,0,0,1,0,0,0,0,0,,0,0,0,0,0,0,0,0,0,0,0,0,0,0,0,0,,,,,,36-40,36-45,State route,R,Tuesday,Belt Used,PV,Not Fatal,0,1,1,0,State Route,State Patrol,Washington State Patrol Headquarter,0,1,0,0,0,,,,,,,,,,,,,,,,,,,,,,,,,,,,,,,,,,,,,,,,,,,
2020,505,635318,2,12-18-2020,19:37,18,12,Dec,,57,Skagit,0,2,,2,2,2,1,0,2,2,19:58,,21:23,12,0,2,Front-to-Front,44.9,1,0,1,No intersection,3,2,1,3,0,0,0,0,SR-20,,-122.6074417,48.43606667,98221,0,2,51,Lateral Move(Going Straight),62,4,50,4,0,0,1,2,12,1,1,2,1,1,Going Straight,1,1,53,,0,19,421,2004,0,0,68,12,12,,,,1,1,53,2,0,0,3,0,3,0,11,4,,,,,0,0,0,3,1,28,0,0,0,96,,,,,,9,,,,,,98607,53,67,130,6,1,0,0,0,1,0,97,,,,,,0,11-15-2015,11-15-2015,1,0,0,0,8,9,2,,,0,0,0,1,0,2,189,300,996,1,1,1,2,1,0,,,,,,,,,,,,,,,,,,,,,,,,,,,,,,0,0,0,0,0,0,1,1,0,0,0,0,0,0,0,0,0,0,0,0,0,0,0,0,0,1,0,0,0,1,0,0,0,0,0,,0,0,0,0,0,0,1,1,0,0,0,0,0,0,1,0,,,,,,51-55,46-55,State route,R,Tuesday,Belt Used,PV,Not Fatal,0,1,1,0,State Route,State Patrol,Washington State Patrol Headquarter,0,1,0,0,0,,,,,,,,,,,,,,,,,,,,,,,,,,,,,,,,,,,,,,,,,,,
2020,505,635317,2,12-18-2020,19:37,18,12,Dec,,57,Skagit,0,2,,2,2,2,1,0,2,2,19:58,,21:23,12,0,2,Front-to-Front,44.9,1,0,1,No intersection,3,2,1,3,0,0,0,0,SR-20,,-122.6074417,48.43606667,98221,0,1,50,Lateral Move(Left/Right),10,2,50,4,0,0,1,2,12,1,1,2,1,1,Going Straight,1,1,53,,0,13,1,2007,0,0,12,,,,,,1,1,67,1,0,0,0,0,3,0,11,0,,,,,0,0,0,3,1,0,0,0,0,0,,,,,,0,,,,,,98604,53,67,160,6,1,0,0,0,1,0,0,,,,,,0,03-15-2014,03-15-2014,20,0,0,0,8,9,8,,,0,0,0,8,8,0,0,0,0,0,0,0,0,0,996,,,,,,,,,,,,,,,,,,,,,,,,,,,,,,0,0,0,0,0,0,1,1,0,0,0,0,1,0,0,0,0,0,0,0,0,0,0,1,1,1,0,0,1,1,0,0,0,0,0,,0,0,0,0,0,0,0,0,0,0,0,0,0,0,0,0,,,,,,66-70,66-75,Interstate,U,Tuesday,Belt Used,PV,Not Fatal,0,0,0,0,State Route,State Patrol,Washington State Patrol Headquarter,0,1,0,0,0,,,,,,,,,,,,,,,,,,,,,,,,,,,,,,,,,,,,,,,,,,,
2018,505,633358,173,06-21-2018,15:55,21,6,June,0,53,Pierce,1124,1,0,1,1,2,1,0,6,5,,,,12,0,6,Angle,0,2,0,2,4 Way,3,2,4,6,0,0,3,3,LAKEWOOD DR SW,STEILACOOM BLVD SW,-122.5078278,47.17651389,98499,0,5,98,Others,98,7,35,14,0,0,1,5,12,1,1,4,1,5,Others,1,1,53,,0,2,405,2007,0,0,12,12,12,,,,1,1,66,1,0,0,1,0,3,0,11,0,,,,,0,0,0,3,1,0,0,0,0,0,,,,,,0,,,,,,98620,53,69,160,6,1,0,0,0,0,0,0,,,,,,0,,,20,0,0,0,8,9,8,,,0,0,0,8,0,0,0,0,0,0,0,0,0,0,996,,,,,,,,,,,,,,,,,,,,,,,,,,,,,,0,0,0,0,0,0,1,1,0,0,0,0,1,0,0,0,0,0,0,0,0,0,0,1,1,1,0,0,1,1,0,0,0,0,0,,0,0,0,0,0,0,0,0,0,0,0,0,0,0,0,0,,,,,,66-70,66-75,Interstate,U,Tuesday,Belt Used,PV,Not Fatal,0,0,0,0,State Route,State Patrol,Washington State Patrol Headquarter,0,1,0,0,0,,,,,,,,,,,,,,,,,,,,,,,,,,,,,,,,,,,,,,,,,,,
2018,505,633357,173,06-21-2018,15:55,21,6,June,0,53,Pierce,1124,1,0,1,1,2,1,0,6,5,,,,12,0,6,Angle,0,2,0,2,4 Way,3,2,4,6,0,0,3,3,LAKEWOOD DR SW,STEILACOOM BLVD SW,-122.5078278,47.17651389,98499,0,4,98,Others,98,7,35,14,0,0,1,5,12,1,1,4,1,5,Others,1,1,53,,0,7,482,2004,0,0,12,12,,,,,1,1,23,1,0,0,0,0,3,0,11,0,,,,,0,0,3,3,1,0,0,0,0,0,,,,,,0,,,,,,98685,53,69,120,6,1,0,0,0,0,0,0,,,,,,0,,,20,0,0,0,8,9,8,,,0,0,0,8,0,0,0,0,0,0,0,0,0,0,996,,,,,,,,,,,,,,,,,,,,,,,,,,,,,,0,0,0,0,0,0,1,1,0,0,0,0,1,0,0,0,0,0,0,0,0,0,0,1,1,1,0,0,1,1,0,0,0,0,0,,0,0,0,0,0,0,0,0,0,0,0,0,0,0,0,0,,,,,,21-25,16-25,Interstate,U,Tuesday,Belt Used,PV,Not Fatal,0,0,0,0,State Route,State Patrol,Washington State Patrol Headquarter,0,1,0,0,0,,,,,,,,,,,,,,,,,,,,,,,,,,,,,,,,,,,,,,,,,,,
2018,505,633356,173,06-21-2018,15:55,21,6,June,0,53,Pierce,1124,1,0,1,1,2,1,0,6,5,,,,12,0,6,Angle,0,2,0,2,4 Way,3,2,4,6,0,0,3,3,LAKEWOOD DR SW,STEILACOOM BLVD SW,-122.5078278,47.17651389,98499,0,3,98,Others,62,4,35,14,0,0,1,5,12,1,1,4,1,5,Others,1,1,53,,0,72,706,1993,0,0,12,12,,,,,1,1,60,1,7,1,4,7,5,0,11,0,07/25/2017,15:17,2.37E+11,33515,0,0,0,3,1,35,0,0,0,96,,,,,,99,,,,,,97303,41,67,200,6,1,0,0,0,1,0,0,,,,,,4,05-15-2016,05-15-2016,20,8,0,0,0,9,8,,,0,0,0,8,9,2,401,417,0,1,1,0,2,1,0,,,,,,,,,,,,,,,,,,,,,,,,,,,,,,0,0,0,0,0,0,1,1,0,0,0,0,1,0,0,0,0,0,0,0,0,0,0,1,1,1,0,0,1,1,0,0,0,0,1,0,0,0,0,0,0,0,1,1,0,1,0,0,0,0,1,0,,,,,,56-60,56-65,Interstate,U,Tuesday,,MC,White,0,0,0,0,State Route,State Patrol,Washington State Patrol Headquarter,0,1,0,0,0,,,,,,,,,,,,,,,,,,,,,,,,,,,,,,,,,,,,,,,,,,,
2018,505,633355,173,06-21-2018,15:55,21,6,June,0,53,Pierce,1124,1,0,1,1,2,1,0,6,5,,,,12,0,6,Angle,0,2,0,2,4 Way,3,2,4,6,0,0,3,3,LAKEWOOD DR SW,STEILACOOM BLVD SW,-122.5078278,47.17651389,98499,0,2,86,Others,66,4,35,34,0,0,1,5,12,1,1,4,1,1,Going Straight,2,1,53,,0,7,482,1998,0,0,63,69,68,64,24,2,1,1,39,1,7,3,4,7,20,0,11,0,07/29/2017,00:41,53033031,33031,0,0,0,3,1,58,0,0,0,9,,,,,,99,,,,,,98683,53,75,220,6,1,0,0,0,0,0,0,,,,,,0,,,99,1,9,0,0,9,8,,,0,0,0,8,9,0,0,0,0,0,0,0,0,0,996,,,,,,,,,,,,,,,,,,,,,,,,,,,,,,0,0,0,0,0,0,0,0,0,0,0,0,0,0,0,0,1,0,0,0,0,0,0,0,0,0,0,0,0,0,0,0,0,1,0,,0,0,0,0,0,0,0,0,1,0,0,0,0,0,0,0,,,,,,36-40,36-45,State route,R,Saturday,Not Used,PV,AIAN,0,1,0,0,State Route,State Patrol,Washington State Patrol Headquarter,1,1,0,0,0,,,,,,,,,,,,,,,,,,,,,,,,,,,,,,,,,,,,,,,,,,,
2018,505,633354,173,06-21-2018,15:55,21,6,June,0,53,Pierce,1124,1,0,1,1,2,1,0,6,5,,,,12,0,6,Angle,0,2,0,2,4 Way,3,2,4,6,0,0,3,3,LAKEWOOD DR SW,STEILACOOM BLVD SW,-122.5078278,47.17651389,98499,0,1,87,Others,17,2,35,4,0,0,1,5,12,1,1,4,1,1,Going Straight,1,2,53,,0,7,482,2005,0,0,12,,,,,,1,1,45,2,0,0,0,0,3,0,11,0,,,,,0,0,3,3,1,0,0,0,0,0,,,,,,0,,,,,,98903,53,70,200,6,1,0,0,0,0,0,0,,,,,,0,,,20,0,0,0,8,9,8,,,0,0,0,8,0,0,0,0,0,0,0,0,0,0,996,,,,,,,,,,,,,,,,,,,,,,,,,,,,,,0,0,0,0,1,1,1,1,0,0,0,0,0,0,0,0,0,0,0,1,0,0,0,1,1,0,0,0,0,1,0,0,0,0,0,,0,0,0,0,0,0,0,0,0,0,0,0,0,0,0,0,,,,,,41-45,36-45,Interstate,R,Tuesday,Belt Used,PV,Not Fatal,0,0,0,0,State Route,State Patrol,Washington State Patrol Headquarter,0,1,0,0,0,,,,,,,,,,,,,,,,,,,,,,,,,,,,,,,,,,,,,,,,,,,
2017,505,633001,30,12-06-2017,11:16,6,12,Dec,0,43,Lincoln,0,1,0,1,99,5,1,0,1,1,,,,1,0,0,No vehicle,4.3,1,0,1,No intersection,7,1,2,4,0,0,0,0,CR-STARBARN RD,,-118.1322667,47.50771944,99122,0,1,7,Control/Traction Loss,12,2,50,4,0,0,1,5,1,1,4,2,1,1,Going Straight,1,2,53,,0,35,47,1995,0,0,64,69,12,1,,,1,1,24,1,7,1,4,7,20,0,11,0,08-01-2017,17:37,53034325,34325,0,0,0,3,1,33,0,0,0,96,,,,,,9,,,,,,98901,53,65,200,6,1,0,1,0,0,1,0,,,,,,0,02-15-2013,06-15-2013,20,1,9,0,0,1,8,,,0,0,0,8,1,2,401,417,0,1,1,0,2,1,0.15,,,,,,,,,,,,,,,,,,,,,,,,,,,,,,0,0,0,0,1,1,1,1,0,0,0,0,0,0,0,0,0,0,0,1,0,0,0,1,1,0,0,0,0,1,0,0,0,1,0,,1,0,0,0,0,1,1,1,0,0,0,0,0,0,0,1,,,,,,21-25,16-25,Interstate,R,Tuesday,Not Used,PV,White,0,0,0,0,State Route,State Patrol,Washington State Patrol Headquarter,0,1,0,0,0,,,,,,,,,,,,,,,,,,,,,,,,,,,,,,,,,,,,,,,,,,,
2021,506,636138,269,11-16-2021,18:04,16,11,Nov,,33,King,2005,1,,3,2,2,1,0,6,3,,,,12,0,6,Angle,,2,0,2,4 Way,5,2,4,6,0,0,3,3,LINDEN AVE N,N 185th St,-122.348525,47.76321389,98133,0,3,98,Others,98,7,25,14,0,0,1,2,12,1,1,3,5,5,Others,2,2,53,,0,49,32,1993,0,0,15,,,,,,1,1,18,1,0,0,0,0,3,0,11,0,,,,,0,0,0,3,1,38,0,0,0,1,,,,,,0,,,,,,98635,53,67,130,6,1,0,0,0,0,0,76,,,,,,0,,,20,0,0,0,8,9,8,,,0,0,0,8,0,0,0,0,0,0,0,0,0,0,996,,,,,,,,,,,,,,,,,,,,,,,,,,,,,,0,0,0,1,0,0,0,0,0,0,0,0,0,0,0,0,1,0,1,0,0,1,1,0,1,0,0,0,0,1,0,1,0,0,0,,0,0,0,0,0,0,0,0,1,0,1,0,0,0,0,0,,,,,,18-20,16-25,State route,U,Wednesday,Belt Used,PV,Not Fatal,1,0,0,0,State Route,Municipal/City Police,Longview Police Department,0,1,0,0,0,,,,,,,,,,,,,,,,,,,,,,,,,,,,,,,,,,,,,,,,,,,
2021,506,636137,269,11-16-2021,18:04,16,11,Nov,,33,King,2005,1,,3,2,2,1,0,6,3,,,,12,0,6,Angle,,2,0,2,4 Way,5,2,4,6,0,0,3,3,LINDEN AVE N,N 185th St,-122.348525,47.76321389,98133,0,2,89,Others,66,4,30,5,0,0,1,2,12,1,1,5,5,1,Going Straight,3,1,53,,0,63,402,2006,0,0,63,14,,,,,1,1,16,1,7,1,4,7,3,0,11,0,07/26/2017,04:05,1.22E+11,34717,0,0,0,3,1,0,0,0,0,96,,,,,,99,,,,,,98208,53,73,165,6,2,0,0,0,0,0,0,,,,,,0,,,20,0,0,0,0,9,8,,,0,0,0,8,9,2,605,0,0,1,0,0,2,1,0,,,,,,,,,,,,,,,,,,,,,,,,,,,,,,0,0,0,0,0,0,1,1,1,0,0,0,0,0,0,0,0,0,0,0,1,0,1,0,1,0,0,0,0,1,1,0,0,0,0,,1,0,0,0,0,0,1,1,0,0,0,0,0,0,1,0,,,,,,16-17,16-25,County road,U,Wednesday,Belt Used,PV,White,0,1,0,0,County Road,County Sheriff,Snohomish County Sheriff's Office,1,0,1,0,0,thc,6.8,carboxy-thc,29,,,,,,,,,,,,,,,,,,,,,,,,,,,,,,,,,,,,,,,
2021,506,636136,269,11-16-2021,18:04,16,11,Nov,,33,King,2005,1,,3,2,2,1,0,6,3,,,,12,1,6,Angle,,2,0,2,4 Way,5,2,4,6,0,0,3,3,LINDEN AVE N,N 185th St,-122.348525,47.76321389,98133,0,1,88,Striking from the Left,17,2,25,14,0,0,1,2,12,1,1,3,5,1,Going Straight,1,2,53,,0,30,40,1994,0,0,68,64,1,,,,1,1,35,1,7,3,4,7,20,0,11,0,07/27/2017,19:13,67053032970,32970,0,0,0,3,1,0,0,0,0,96,,,,,,99,,,,,,98022,53,69,170,6,1,0,1,0,3,5,0,,,,,,3,01-15-2014,05-15-2017,20,1,9,0,0,9,8,,,0,0,0,8,1,2,417,0,0,1,0,0,2,1,0.34,,,,,,,,,,,,,,,,,,,,,,,,,,,,,,0,0,0,0,1,1,1,1,0,0,0,0,1,0,0,0,0,0,0,1,0,0,0,0,0,0,0,0,0,1,0,0,0,1,0,,1,0,0,0,0,1,1,1,0,1,0,0,0,0,0,1,,,,,,31-35,26-35,County road,R,Thursday,Not Used,PV,AIAN,0,1,0,0,County Road,County Sheriff,King County Police,1,0,1,0,0,,,,,,,,,,,,,,,,,,,,,,,,,,,,,,,,,,,,,,,,,,,
2020,506,635319,2,12-20-2020,14:22,20,12,Dec,,61,Snohomish,0,10,,1,2,2,1,0,1,1,,,,30,0,0,No vehicle,17.7,1,0,1,No intersection,4,1,1,3,0,0,0,0,SR-530,,-121.8906917,48.27213056,98223,0,1,7,Control/Traction Loss,6,1,50,2,0,0,1,2,30,3,1,2,1,14,Making a U turn,1,1,53,,0,49,40,2016,0,0,12,,,,,,1,1,51,2,0,0,1,0,3,0,11,8,,,,,0,0,0,3,1,0,0,0,0,0,,,,,,0,,,,,,99208,53,65,160,6,1,0,0,1,0,0,0,,,,,,0,06-15-2013,06-15-2013,8,0,0,0,8,9,8,,,0,0,0,8,0,0,0,0,0,0,0,0,0,0,996,,,,,,,,,,,,,,,,,,,,,,,,,,,,,,0,0,0,1,0,0,1,1,1,0,0,0,1,1,1,0,0,0,0,0,0,0,0,0,0,0,0,0,1,1,0,0,0,0,0,,0,0,0,0,0,0,0,0,0,0,0,0,0,0,0,0,,,,,,51-55,46-55,City street,U,Monday,Belt Used,PV,Not Fatal,1,0,0,0,City Street,Municipal/City Police,Spokane Police Department,0,0,0,1,0,,,,,,,,,,,,,,,,,,,,,,,,,,,,,,,,,,,,,,,,,,,
2019,506,634209,3,07-13-2019,12:43,13,7,July,,53,Pierce,2230,1,0,1,1,2,1,0,2,2,,,,38,0,0,No vehicle,0,8,0,1,No intersection,7,2,4,6,0,0,0,0,N 9TH ST,N MILDRED ST,-122.5225528,47.25786111,98406,0,2,98,Others,71,4,60,5,0,0,1,5,12,1,1,3,3,1,Going Straight,1,1,53,,0,53,705,2000,0,0,12,,,,,,1,1,32,1,7,1,4,0,19,0,11,4,07/31/2017,21:12,2.11E+11,33405,0,0,3,2,1,33,0,0,0,96,,,,,,99,,,,,,99208,53,71,185,1,1,0,2,0,1,3,0,,,,,,3,05-15-2013,07-15-2017,20,8,0,0,0,9,8,,,0,0,0,8,9,2,177,417,605,1,1,1,2,1,0,,,,,,,,,,,,,,,,,,,,,,,,,,,,,,0,0,0,1,0,0,1,1,1,0,0,0,1,1,1,0,0,0,0,0,0,0,0,0,0,0,0,0,1,1,0,0,0,0,1,0,0,0,0,0,0,0,1,1,0,1,0,1,0,0,1,0,,,,,,31-35,26-35,City street,U,Monday,,MC,White,1,0,0,0,City Street,Municipal/City Police,Spokane Police Department,0,0,0,1,0,thc,1.8,carboxy-thc,10,,,,,,,,,,,,,,,,,,,,,,,,,,,,,,,,,,,,,,,
2019,506,634208,3,07-13-2019,12:43,13,7,July,,53,Pierce,2230,1,0,1,1,2,1,0,2,2,,,,38,0,0,No vehicle,0,8,0,1,No intersection,7,2,4,6,0,0,0,0,N 9TH ST,N MILDRED ST,-122.5225528,47.25786111,98406,0,1,14,Others,8,1,98,14,0,0,1,2,12,1,1,2,1,98,Others,1,1,53,,0,37,39,2007,0,0,12,,,,,,1,1,22,2,0,0,1,0,3,0,11,8,,,,,0,0,3,3,1,0,0,0,0,0,,,,,,0,,,,,,98409,53,62,190,6,1,0,0,0,0,0,0,,,,,,0,,,2,0,0,0,8,9,8,,,0,0,0,8,0,0,0,0,0,0,0,0,0,0,996,,,,,,,,,,,,,,,,,,,,,,,,,,,,,,0,0,0,1,0,0,1,1,1,0,0,0,1,1,1,0,0,0,0,0,0,0,0,1,1,0,0,0,1,1,0,0,0,0,0,,0,0,0,0,0,0,0,0,0,0,0,0,0,0,0,0,,,,,,21-25,16-25,City street,U,Saturday,Belt Used,PV,Not Fatal,1,0,0,0,City Street,Municipal/City Police,Lakewood Police Department,0,0,0,1,0,,,,,,,,,,,,,,,,,,,,,,,,,,,,,,,,,,,,,,,,,,,