year,something,Cases,repjur,crash_dt,crash_tm,accday,Month,Month,holiday,county,co_char,city,weather,weather2,lightcond,surfcond,surftype,Number of Fatalities,nmforms,pforms,vforms,not_tm,arr_tm,hosp_tm,fhevent,hitrun,Manner of Collision,Manner of Collision,milepnt,reljunc,reljuncinter,intersectiontype,Intersection Type,funcsystem,landuse,ownership,route,schlbus,spejur,contdev,devfunc,trafid1,trafid2,x,y,zipcode,wk_zone,vnumber,crashtype,Crash Type,criticalevent,criticaleventcat,spdlim,body,trailer,emerg,hazcargo,leave,mhevent,roadalgn,roadprof,traflane,trafflow,Vehicle Manure,Vehicle Manure,numoccs,regowner,regstate,,spuse,make,model,modelyr,vrf1,vrf2,seqevent1,seqevent2,seqevent3,seqevent4,seqevent5,seqevent6,pnumber,ptype,age,sex,hispanic,race,injury,diedscene,restraint,restraintmisuse,seatpos,takehosp,death_dt,death_tm,cert,cernum_wa,commlic,licendor,licrestrict,liccomp,drivpres,drf1,drf2,drf3,drf4,distract1,distract2,distract3,distract4,distract5,distract6,dricond1,dricond2,dricond3,dricond4,dricond5,dricond6,dzip,licstate,drhgt_in,weight,noncdl,noncdltype,prevdwi,prevoth,prevacc,prevspd,prevsus,driviol1,driviol2,driviol3,driviol4,driviol5,driviol6,spdrel,first_dt,last_dt,airbag,ejection,ejectpath,extricat,injurwrk,methalc,methdrug,nmlocat,strikveh,prf1,prf2,prf3,druginv,alcinvol,drugsts,drugres1,drugres2,drugres3,drugtst1,drugtst2,drugtst3,alcsts,alctst,alcres,nmact1,nmact2,nmact3,nmact4,nmact5,nmact6,nmprior1,nmprior2,nmprior3,nmprior4,nmprior5,nmprior6,nmcond1,nmcond2,nmcond3,nmcond4,nmcond5,nmcond6,nmsafe_helmet,nmsafe_pads,nmsafe_oth,nmprev_ref,nmprev_lgt,nmprev_oth,crashlocation,nmcrashtype,crosswalk,schoolzone,sidewalk,train_inv,wildlife_inv,rotr_fars,intersect_fars,Drink and Drive,aid_inv,Drug Positive Drivers,Impaired Drivers,Marijuana Positive,impnm_inv,ainm_inv,dpnm_inv,speed_inv,unlic_inv,unendmc_inv,drowsy_inv,drdist_inv,nmdist_inv,fty_inv,unrestfat_inv,dr1617_inv,dr1820_inv,dr1620_inv,dr2125_inv,dr1625_inv,dr65_inv,dr70_inv,dr75_inv,mc_inv,pv_inv,ht_inv,ped_inv,bike_inv,unrest_fat,mc_fat,unhelmet_mc,pv_fat,ht_fat,ped_fat,bike_fat,dr_alc7,dr_alc8,dr_drug,dr_imp,dr_dist,dr_spd,dr_fty,dr_unlic,dr_alc7only,dr_alc8only,dr_drugonly,dr_drink,nm_imp,nm_alc7,nm_alc8,nm_drug,nm_dist,agegrp1,agegrp2,roadclass,urbrur,dayweek,restuse,vehtype,race_me,intersect,lanedep,oppdir,wrongway,rep_typ,investag,repag_long,rotr,st_rd,cty_rd,city_rd,oth_rd,drug_thc,thc_res,drug_cthc,cthc_res,drug_cann,prevpersemin,prevperse,prevsusoth,drugtst4,drugtst5,drugtst6,drugtst7,drugtst8,drugres4,drugres5,drugres6,drugres7,drugres8,adspresent,adsengaged,adslevel,race1,race2,race3,race4,race5,helmet,helmetmisuse,nmdistract1,nmdistract2,nmdistract3,nmdistract4,nmdistract5,nmdistract6,lab,isedtcase,crf1,crf2,crf3,CoRoadName,CoMP,IntCoRoadName,IntCoMP
2018,506,633379,11,06-30-2018,00:37,30,6,June,0,5,Benton,0,8,0,3,8,8,1,0,1,1,,,,10,0,0,No vehicle,0.8,1,0,1,No intersection,7,1,2,8,0,0,65,3,CR-E PERKINS RD,,-119.0612194,46.17610556,99337,0,1,98,Others,12,2,98,4,0,0,1,7,10,1,1,2,1,5,Others,1,2,53,,0,76,705,2002,0,0,12,,,,,,1,1,42,1,7,1,4,0,19,0,11,4,07/29/2017,13:31,1.12E+11,33302,0,0,0,2,1,37,0,0,0,96,,,,,,99,,,,,,98446,53,64,160,1,1,0,0,0,0,0,0,,,,,,3,,,20,8,0,0,0,9,8,,,0,0,0,8,9,2,401,417,605,1,1,1,2,1,0,,,,,,,,,,,,,,,,,,,,,,,,,,,,,,0,0,0,1,0,0,1,1,1,0,0,0,1,1,1,0,0,0,0,0,0,0,0,1,1,0,0,0,1,1,0,0,0,0,1,0,0,0,0,0,0,0,1,1,0,1,0,1,0,0,1,0,,,,,,41-45,36-45,City street,U,Saturday,,MC,White,1,0,0,0,City Street,Municipal/City Police,Lakewood Police Department,0,0,0,1,0,thc,11,carboxy-thc,20,,,,,,,,,,,,,,,,,,,,,,,,,,,,,,,,,,,,,,,
2017,506,633046,7,12-07-2017,15:44,7,12,Dec,0,33,King,0,1,0,1,2,2,1,0,4,3,,,,12,0,2,Front-to-Front,51.1,1,0,1,No intersection,3,1,1,2,0,0,0,0,US-2,,-121.3136111,47.71208611,98288,0,3,98,Others,62,4,60,15,0,0,1,5,12,1,2,2,1,1,Going Straight,2,1,53,,0,32,401,2013,0,0,63,42,3,,,,1,1,44,1,7,1,4,7,99,0,11,0,07/23/2017,20:25,53032464,32464,0,0,0,3,1,0,0,0,0,96,,,,,,9,,,,,,98502,53,71,150,6,1,0,0,0,2,1,0,,,,,,4,09-15-2013,01-15-2016,99,0,0,0,0,1,1,,,0,0,0,1,1,2,128,177,605,1,1,1,2,1,0.026,,,,,,,,,,,,,,,,,,,,,,,,,,,,,,0,0,1,0,1,0,1,1,1,0,0,0,1,0,0,0,0,0,0,0,0,0,0,0,0,0,0,0,0,1,0,0,0,0,0,,1,0,0,0,1,0,1,1,0,1,0,0,0,0,0,1,,,,,,41-45,36-45,US highway,R,Sunday,Unknown,PV,White,0,1,0,0,State Route,State Patrol,Washington State Patrol Headquarter,1,1,0,0,0,thc,4.6,carboxy-thc,19,,,,,,,,,,,,,,,,,,,,,,,,,,,,,,,,,,,,,,,
2017,506,633045,7,12-07-2017,15:44,7,12,Dec,0,33,King,0,1,0,1,2,2,1,0,4,3,,,,12,0,2,Front-to-Front,51.1,1,0,1,No intersection,3,1,1,2,0,0,0,0,US-2,,-121.3136111,47.71208611,98288,0,2,51,Lateral Move(Going Straight),62,4,60,20,0,0,1,2,12,1,2,2,1,1,Going Straight,1,3,53,,0,34,34,2004,0,0,63,24,,,,,1,1,18,1,0,0,0,0,99,0,11,0,,,,,0,0,0,3,1,0,0,0,0,96,,,,,,99,,,,,,98019,53,72,155,6,1,0,0,0,0,0,97,,,,,,0,,,20,0,0,0,8,9,8,,,0,0,0,8,9,0,0,0,0,0,0,0,0,0,996,,,,,,,,,,,,,,,,,,,,,,,,,,,,,,0,0,0,0,0,0,0,0,0,0,0,0,0,0,0,0,0,0,0,1,0,1,1,0,1,0,0,0,0,1,0,0,0,0,0,,0,0,0,0,0,0,0,0,0,0,0,0,0,0,0,0,,,,,,18-20,16-25,Interstate,U,Monday,Unknown,PV,Not Fatal,0,1,0,0,State Route,State Patrol,Washington State Patrol Headquarter,1,1,0,0,0,,,,,,,,,,,,,,,,,,,,,,,,,,,,,,,,,,,,,,,,,,,
2017,506,633044,7,12-07-2017,15:44,7,12,Dec,0,33,King,0,1,0,1,2,2,1,0,4,3,,,,12,0,2,Front-to-Front,51.1,1,0,1,No intersection,3,1,1,2,0,0,0,0,US-2,,-121.3136111,47.71208611,98288,0,1,50,Lateral Move(Left/Right),10,2,60,82,0,0,1,2,12,1,2,2,1,1,Going Straight,1,1,53,,0,34,34,2006,0,0,63,38,1,2,,,1,1,55,1,7,1,4,7,3,0,11,0,07/28/2017,01:15,1.83E+11,35475,0,0,0,3,1,0,0,0,0,96,,,,,,9,,,,,,98027,53,76,250,6,1,0,2,0,1,0,0,,,,,,4,10-15-2016,01-15-2017,99,0,0,0,0,1,1,,,0,0,0,1,1,2,402,996,0,1,1,0,2,1,0.13,,,,,,,,,,,,,,,,,,,,,,,,,,,,,,0,0,1,0,1,1,1,1,0,0,0,0,1,0,0,0,0,0,0,0,0,0,0,0,0,0,0,0,0,1,0,0,0,0,0,,1,0,0,0,0,1,1,1,0,1,0,0,0,0,0,1,,,,,,51-55,46-55,State route,U,Friday,Belt Used,PV,White,0,1,0,0,State Route,State Patrol,Washington State Patrol Headquarter,1,1,0,0,0,,,,,,,,,,,,,,,,,,,,,,,,,,,,,,,,,,,,,,,,,,,
2021,507,636143,278,11-29-2021,19:33,29,11,Nov,,63,Spokane,2110,1,,3,1,2,1,0,2,2,,,,1,0,0,No vehicle,3.7,8,0,1,No intersection,3,2,1,3,0,0,0,0,SR-290,,-117.3353667,47.67383333,99211,0,2,98,Others,98,7,35,4,0,0,1,5,54,1,1,4,1,11,Turning Red: Permitted on red,1,1,53,,0,87,884,1990,0,0,12,,,,,,1,1,60,1,0,0,0,0,3,0,11,0,,,,,6,1,0,3,1,0,0,0,0,0,,,,,,0,,,,,,98362,53,69,180,6,1,0,0,0,0,0,0,,,,,,0,,,20,0,0,0,8,9,8,,,0,0,0,8,0,0,0,0,0,0,0,0,0,0,996,,,,,,,,,,,,,,,,,,,,,,,,,,,,,,0,0,0,1,0,0,0,0,0,0,0,0,0,0,0,0,0,0,1,0,0,0,0,0,0,0,0,0,0,1,1,0,0,0,0,,0,0,0,0,0,0,0,0,0,0,0,0,0,0,0,0,,,,,,56-60,56-65,State route,R,Friday,,MHTRUCK,Not Fatal,1,0,0,0,State Route,State Patrol,Washington State Patrol Headquarter,0,1,0,0,0,,,,,,,,,,,,,,,,,,,,,,,,,,,,,,,,,,,,,,,,,,,
2021,507,636142,278,11-29-2021,19:33,29,11,Nov,,63,Spokane,2110,1,,3,1,2,1,0,2,2,,,,1,0,0,No vehicle,3.7,8,0,1,No intersection,3,2,1,3,0,0,0,0,SR-290,,-117.3353667,47.67383333,99211,0,1,98,Others,9,1,35,80,0,0,1,2,1,1,1,4,2,1,Going Straight,1,2,53,,0,49,472,1997,0,0,12,,,,,,1,1,57,1,7,1,4,7,3,0,11,0,07/28/2017,08:05,53032893,32893,0,0,0,3,1,38,0,0,0,96,,,,,,99,,,,,,98363,53,71,160,6,1,0,0,0,0,0,0,,,,,,0,,,1,0,0,0,0,9,8,,,0,0,0,8,9,2,1,0,0,1,0,0,2,1,0,,,,,,,,,,,,,,,,,,,,,,,,,,,,,,0,0,0,1,0,0,0,0,0,0,0,0,0,0,0,0,0,0,1,0,0,0,0,0,0,0,0,0,0,1,1,0,0,0,0,,1,0,0,0,0,0,0,0,0,0,1,0,0,0,0,0,,,,,,56-60,56-65,State route,R,Friday,Belt Used,PV,White,1,0,0,0,State Route,State Patrol,Washington State Patrol Headquarter,0,1,0,0,0,,,,,,,,,,,,,,,,,,,,,,,,,,,,,,,,,,,,,,,,,,,
2020,507,635320,2,12-24-2020,04:20,24,12,Dec,,61,Snohomish,0,1,,2,1,2,1,1,1,1,,,,8,0,0,No vehicle,210.5,1,0,1,No intersection,1,1,1,1,0,0,0,0,I-5,,-122.2176556,48.21269167,,0,1,13,Pedestrian/Animal,80,5,60,14,0,0,1,5,8,1,2,3,3,1,Going Straight,1,1,53,,0,2,404,2006,0,0,64,42,,,,,1,1,63,1,7,1,4,0,3,0,11,8,08/17/2017,01:10,2.34E+11,35911,0,0,3,3,1,0,0,0,0,12,,,,,,0,,,,,,98014,53,68,195,6,1,0,1,1,0,0,23,,,,,,4,12-15-2014,12-15-2014,1,0,0,0,0,9,8,,,0,0,0,8,0,0,0,0,0,0,0,0,0,0,996,,,,,,,,,,,,,,,,,,,,,,,,,,,,,,0,0,1,0,0,0,0,0,0,0,0,0,1,0,0,0,1,0,0,0,0,0,0,0,0,0,0,0,0,1,0,0,0,0,0,,1,0,0,0,0,0,0,0,1,1,0,0,0,0,0,0,,,,,,61-65,56-65,Interstate,U,Tuesday,Belt Used,PV,White,0,1,0,0,State Route,State Patrol,Washington State Patrol Headquarter,1,1,0,0,0,,,,,,,,,,,,,,,,,,,,,,,,,,,,,,,,,,,,,,,,,,,
2019,507,634339,35,09-14-2019,19:30,14,9,Sep,,53,Pierce,0,2,0,2,2,2,1,0,1,1,,,,1,0,0,No vehicle,0.3,1,0,1,No intersection,7,2,2,4,0,0,0,0,CR-HOUSTON RD E,,-122.2546989,47.2008695,98390,0,1,1,Driver Off Road,13,2,35,80,0,0,1,2,1,3,1,2,1,14,Making a U turn,1,1,53,,0,7,27,2014,0,0,12,,,,,,1,1,31,2,0,0,0,0,3,0,11,0,,,,,0,0,0,3,1,38,0,0,0,96,,,,,,0,,,,,,98387,53,67,155,6,1,0,0,1,0,0,97,,,,,,0,10-15-2012,10-15-2012,20,0,0,0,8,9,8,,,0,0,0,8,0,0,0,0,0,0,0,0,0,0,996,,,,,,,,,,,,,,,,,,,,,,,,,,,,,,0,0,0,1,0,0,1,1,0,0,0,0,1,1,1,0,0,0,1,0,0,0,0,0,0,0,0,0,1,1,0,0,0,0,0,,0,0,0,0,0,0,0,0,0,0,1,0,0,0,0,0,,,,,,31-35,26-35,County road,U,Wednesday,Belt Used,PV,Not Fatal,1,0,0,0,County Road,County Sheriff,Law Enforcement Support Agency,0,0,1,0,0,,,,,,,,,,,,,,,,,,,,,,,,,,,,,,,,,,,,,,,,,,,
2018,507,634231,17,10-11-2018,23:50,11,10,Oct,0,17,Douglas,0,1,0,2,11,7,1,0,2,1,,,,1,0,0,No vehicle,0,1,0,1,No intersection,7,1,2,4,0,0,0,0,CR-RD M NW,,-120.0288556,47.69366944,98858,0,1,2,Control/Traction Loss,13,2,25,14,0,0,1,7,1,3,3,2,1,14,Making a U turn,2,1,53,,0,73,705,2002,0,0,12,,,,,,1,1,31,1,7,1,4,0,19,0,11,4,07/26/2017,18:18,1.77E+11,33182,0,0,0,2,1,0,0,0,0,96,,,,,,99,,,,,,98374,53,70,186,1,1,0,1,0,0,1,0,,,,,,3,01-15-2017,05-15-2017,20,8,0,0,0,9,8,,,0,0,0,8,9,2,401,417,0,1,1,0,2,1,0,,,,,,,,,,,,,,,,,,,,,,,,,,,,,,0,0,0,1,0,0,1,1,0,0,0,0,1,1,1,0,0,0,1,0,0,0,0,0,0,0,0,0,1,1,0,0,0,0,1,0,0,0,0,0,0,0,1,1,0,1,0,1,0,0,1,0,,,,,,31-35,26-35,County road,U,Wednesday,,MC,White,1,0,0,0,County Road,County Sheriff,Law Enforcement Support Agency,0,0,1,0,0,,,,,,,,,,,,,,,,,,,,,,,,,,,,,,,,,,,,,,,,,,,
2017,507,633003,330,12-02-2017,17:34,2,12,Dec,0,77,Yakima,2590,1,0,3,1,2,1,1,1,1,17:34,17:37,17:52,8,0,0,No vehicle,0,1,0,1,No intersection,3,2,4,6,0,0,0,0,W NOB HILL BLVD,,-120.5210222,46.58526111,98903,0,1,13,Pedestrian/Animal,80,5,30,21,0,0,1,5,8,1,1,5,5,1,Going Straight,1,3,53,,0,20,37,2010,0,0,68,64,42,30,,,1,1,37,2,7,1,4,0,20,0,11,4,07/26/2017,09:25,2.23E+11,32588,0,0,3,2,1,0,0,0,0,96,,,,,,9,,,,,,98329,53,63,110,1,1,0,1,0,0,1,0,,,,,,3,04-15-2016,07-15-2016,20,0,0,0,0,9,1,,,0,0,0,1,0,2,417,0,0,1,0,0,2,1,0,,,,,,,,,,,,,,,,,,,,,,,,,,,,,,0,0,1,0,0,0,1,1,0,0,0,0,1,1,0,0,0,0,0,1,0,0,0,0,0,0,0,0,0,1,0,0,0,1,0,,1,0,0,0,0,0,1,1,0,1,0,1,0,0,1,0,,,,,,36-40,36-45,County road,R,Friday,Not Used,PV,White,0,1,0,0,County Road,County Sheriff,Law Enforcement Support Agency,1,0,1,0,0,,,,,,,,,,,,,,,,,,,,,,,,,,,,,,,,,,,,,,,,,,,
2020,508,635323,2,12-24-2020,06:39,24,12,Dec,,61,Snohomish,690,1,,2,4,2,1,0,4,4,06:45,06:57,,25,0,0,No vehicle,195,1,0,1,No intersection,1,2,1,1,0,0,0,0,I-5,,-122.1788028,47.99383056,98201,0,3,98,Others,50,3,60,14,0,0,1,2,12,1,2,3,3,1,Going Straight,1,1,41,,0,49,47,2007,0,0,12,,,,,,1,1,48,1,0,0,2,0,3,0,11,4,,,,,0,0,0,3,1,0,0,0,0,0,,,,,,0,,,,,,98021,53,70,200,6,1,0,0,0,0,0,0,,,,,,0,,,8,0,0,0,8,9,8,,,0,0,0,8,0,0,0,0,0,0,0,0,0,0,996,,,,,,,,,,,,,,,,,,,,,,,,,,,,,,0,0,0,0,0,0,1,1,1,0,0,0,0,1,1,0,1,0,0,0,0,0,0,0,0,0,0,0,1,1,0,0,0,0,0,,0,0,0,0,0,0,0,0,0,0,0,0,0,0,0,0,,,,,,46-50,46-55,State route,U,Saturday,Belt Used,PV,Not Fatal,0,0,0,0,State Route,State Patrol,Washington State Patrol Headquarter,0,1,0,0,0,,,,,,,,,,,,,,,,,,,,,,,,,,,,,,,,,,,,,,,,,,,
2021,508,636144,13,11-23-2021,17:03,23,11,Nov,,9,Clallam,0,10,,2,2,7,1,1,2,1,,,,8,0,0,No vehicle,,1,0,1,No intersection,7,1,2,4,0,0,0,0,CR-E SEQUIM BAY RD,,-123.0028,48.07137222,98382,0,1,13,Pedestrian/Animal,80,5,35,34,0,0,1,5,8,1,2,2,1,1,Going Straight,2,1,53,,0,73,706,2005,0,0,68,1,12,,,,1,1,48,1,7,1,4,7,5,0,11,0,07/15/2017,13:38,2.03E+11,31329,0,0,0,0,1,26,28,0,0,92,,,,,,99,,,,,,98626,53,65,160,0,0,0,0,0,0,0,0,,,,,,0,,,20,8,0,0,0,9,8,,,0,0,0,8,9,2,605,0,0,1,0,0,2,1,0,,,,,,,,,,,,,,,,,,,,,,,,,,,,,,0,0,0,0,0,0,1,1,1,0,0,0,0,1,1,0,1,0,0,0,0,0,0,0,0,0,0,0,1,1,0,0,0,0,1,0,0,0,0,0,0,0,1,1,1,0,0,1,0,0,1,0,,,,,,46-50,46-55,State route,U,Saturday,,MC,White,0,0,0,0,State Route,State Patrol,Washington State Patrol Headquarter,0,1,0,0,0,thc,19,carboxy-thc,130,,,,,,,,,,,,,,,,,,,,,,,,,,,,,,,,,,,,,,,
2020,508,635324,2,12-24-2020,06:39,24,12,Dec,,61,Snohomish,690,1,,2,4,2,1,0,4,4,06:45,06:57,,25,0,0,No vehicle,195,1,0,1,No intersection,1,2,1,1,0,0,0,0,I-5,,-122.1788028,47.99383056,98201,0,4,98,Others,50,3,60,4,0,0,1,5,25,1,2,3,3,1,Going Straight,1,1,53,,0,12,401,1995,0,0,68,64,42,,,,1,1,35,1,7,1,4,7,20,0,11,0,07/26/2017,16:54,53032817,32817,0,0,0,3,1,0,0,0,0,96,,,,,,99,,,,,,99208,53,70,165,6,1,0,0,0,0,0,0,,,,,,4,,,8,0,0,0,0,9,8,,,0,0,0,8,9,2,417,0,0,1,0,0,2,1,0,,,,,,,,,,,,,,,,,,,,,,,,,,,,,,0,0,0,0,0,0,1,1,0,0,0,0,1,0,0,0,0,0,0,1,0,0,0,0,0,0,0,0,0,1,0,0,0,1,0,,1,0,0,0,0,0,1,1,0,1,0,0,0,0,1,0,,,,,,31-35,26-35,County road,R,Wednesday,Not Used,PV,White,0,1,0,0,County Road,County Sheriff,Spokane County Sheriff's Office,1,0,1,0,0,,,,,,,,,,,,,,,,,,,,,,,,,,,,,,,,,,,,,,,,,,,
2020,508,635322,2,12-24-2020,06:39,24,12,Dec,,61,Snohomish,690,1,,2,4,2,1,0,4,4,06:45,06:57,,25,0,0,No vehicle,195,1,0,1,No intersection,1,2,1,1,0,0,0,0,I-5,,-122.1788028,47.99383056,98201,0,2,98,Others,98,7,60,14,0,0,1,5,12,1,2,3,3,5,Others,1,1,53,,0,7,482,2014,0,0,63,1,,,,,1,1,20,1,7,18,4,7,99,0,11,0,07/24/2017,08:30,1.83E+11,32493,0,0,3,2,1,0,0,0,0,96,,,,,,99,,,,,,98055,53,68,135,1,1,1,1,0,1,2,0,,,,,,4,07-15-2015,03-15-2017,8,0,0,0,0,9,8,,,0,0,0,8,9,2,402,0,0,1,0,0,2,1,0.17,,,,,,,,,,,,,,,,,,,,,,,,,,,,,,0,0,1,1,1,1,1,1,0,0,0,0,1,1,0,0,0,0,0,0,0,1,1,0,1,0,0,0,0,0,0,0,0,0,0,,0,0,0,0,0,1,1,1,0,1,0,1,0,0,0,1,,,,,,18-20,16-25,City street,U,Monday,Unknown,PV,API,0,1,0,0,City Street,Municipal/City Police,Renton Police Department,1,0,0,1,0,,,,,,,,,,,,,,,,,,,,,,,,,,,,,,,,,,,,,,,,,,,
2020,508,635321,2,12-24-2020,06:39,24,12,Dec,,61,Snohomish,690,1,,2,4,2,1,0,4,4,06:45,06:57,,25,0,0,No vehicle,195,1,0,1,No intersection,1,2,1,1,0,0,0,0,I-5,,-122.1788028,47.99383056,98201,0,1,7,Control/Traction Loss,6,1,60,4,0,0,1,2,25,1,2,3,3,1,Going Straight,1,2,53,,0,49,442,1998,0,0,12,,,,,,1,1,44,2,0,0,1,0,3,0,11,8,,,,,0,0,0,3,1,0,0,0,0,0,,,,,,0,,,,,,98258,53,66,160,6,1,0,0,0,0,0,0,,,,,,0,,,20,0,0,0,8,9,8,,,0,0,0,8,0,0,0,0,0,0,0,0,0,0,996,,,,,,,,,,,,,,,,,,,,,,,,,,,,,,0,0,0,0,0,0,1,1,1,0,0,0,1,0,0,0,0,0,1,0,0,0,0,0,0,0,0,0,1,1,0,0,0,0,0,,0,0,0,0,0,0,0,0,0,0,0,0,0,0,0,0,,,,,,41-45,36-45,County road,U,Sunday,Belt Used,PV,Not Fatal,0,0,0,0,County Road,County Sheriff,Snohomish County Sheriff's Office,0,0,1,0,0,,,,,,,,,,,,,,,,,,,,,,,,,,,,,,,,,,,,,,,,,,,
2019,508,635246,13,06-20-2019,17:00,20,6,June,,9,Clallam,0,1,0,1,1,4,1,0,1,1,,,,24,0,0,No vehicle,7,1,0,1,No intersection,98,1,98,8,0,0,0,0,SEIKU MAINLINE,,-124.4812003,48.2779143,,0,1,1,Driver Off Road,13,2,98,34,0,0,1,5,1,3,1,8,8,14,Making a U turn,1,3,53,,0,53,706,2014,0,0,68,12,,,,,1,1,33,1,7,1,4,7,5,0,11,0,07/23/2017,13:12,53032528,32528,0,0,0,3,1,35,38,0,0,96,,,,,,99,,,,,,98028,53,76,240,6,1,0,0,0,0,0,0,,,,,,4,,,20,8,0,0,0,9,8,,,0,0,0,8,9,2,605,0,0,1,0,0,2,1,0,,,,,,,,,,,,,,,,,,,,,,,,,,,,,,0,0,0,0,0,0,1,1,1,0,0,0,1,0,0,0,0,0,1,0,0,0,0,0,0,0,0,0,1,1,0,0,0,0,1,0,0,0,0,0,0,0,1,1,0,1,1,0,0,0,1,0,,,,,,31-35,26-35,County road,U,Sunday,,MC,White,0,0,0,0,County Road,County Sheriff,Snohomish County Sheriff's Office,0,0,1,0,0,thc,44,carboxy-thc,180,,,,,,,,,,,,,,,,,,,,,,,,,,,,,,,,,,,,,,,
2017,508,633006,146,12-06-2017,17:04,6,12,Dec,0,77,Yakima,0,1,0,5,1,2,1,0,3,2,,,,12,0,6,Angle,2.9,8,0,1,No intersection,5,1,2,4,0,3,0,0,CR-HARRAH RD,,-120.5441139,46.42155556,98951,0,2,98,Others,60,4,50,34,0,0,1,2,12,1,1,2,1,1,Going Straight,2,1,53,,0,2,404,2000,0,0,63,1,,,,,1,1,49,2,7,1,4,7,20,0,11,0,07/14/2017,19:50,33053031401,31401,0,0,0,0,1,0,0,0,0,92,,,,,,99,,,,,,99021,53,66,135,0,0,0,0,1,0,0,0,,,,,,4,03-15-2017,03-15-2017,20,1,9,0,0,9,8,,,0,0,0,8,9,2,401,417,0,1,1,0,2,1,0.053,,,,,,,,,,,,,,,,,,,,,,,,,,,,,,0,0,1,0,1,0,1,1,0,0,0,0,1,1,0,0,1,0,0,1,0,0,0,0,0,0,0,0,0,1,0,0,0,1,0,,1,0,0,0,1,0,1,1,1,1,0,1,0,0,0,1,,,,,,46-50,46-55,County road,R,Friday,Not Used,PV,White,0,1,0,0,County Road,County Sheriff,Spokane County Sheriff's Office,1,0,1,0,0,,,,,,,,,,,,,,,,,,,,,,,,,,,,,,,,,,,,,,,,,,,
2017,508,633005,146,12-06-2017,17:04,6,12,Dec,0,77,Yakima,0,1,0,5,1,2,1,0,3,2,,,,12,0,6,Angle,2.9,8,0,1,No intersection,5,1,2,4,0,3,0,0,CR-HARRAH RD,,-120.5441139,46.42155556,98951,0,1,98,Others,20,2,50,66,1,0,1,5,12,1,1,2,1,13,Others,1,3,53,,0,20,481,2016,0,0,12,,,,,,1,1,35,2,0,0,2,0,3,0,11,5,,,,,0,0,0,3,1,0,0,0,0,0,,,,,,0,,,,,,98002,53,61,124,6,1,0,3,0,2,0,0,,,,,,0,03-15-2013,12-15-2015,8,0,0,0,8,9,8,,,0,0,0,8,0,0,0,0,0,0,0,0,0,0,996,,,,,,,,,,,,,,,,,,,,,,,,,,,,,,0,0,0,1,0,0,0,0,0,0,0,0,0,0,0,0,0,0,1,0,0,0,0,0,0,1,1,1,0,1,0,0,0,0,0,,0,0,0,0,0,0,0,0,0,0,0,0,0,0,0,0,,,,,,31-35,26-35,City street,U,Friday,Belt Used,PV,Not Fatal,1,0,0,0,City Street,Municipal/City Police,Auburn Police Department,0,0,0,1,0,,,,,,,,,,,,,,,,,,,,,,,,,,,,,,,,,,,,,,,,,,,
2021,509,636146,3,11-25-2021,02:15,25,11,Nov,,53,Pierce,2230,2,,3,2,2,1,0,4,2,,,,12,0,1,Front-to-Rear,134.8,1,0,1,No intersection,1,2,1,1,0,0,0,0,I-5,,-122.4131083,47.23894167,98421,1,2,25,Others,53,3,50,4,0,0,1,2,12,4,2,3,3,14,Making a U turn,3,2,53,,0,20,25,2011,0,0,12,,,,,,1,1,87,1,7,1,4,0,3,0,11,5,08-04-2017,17:11,1.96E+11,34649,0,0,3,3,1,38,48,0,0,96,,,,,,0,,,,,,98002,53,69,180,6,1,0,0,0,0,0,48,,,,,,0,,,8,0,0,0,0,9,8,,,0,0,0,8,0,0,0,0,0,0,0,0,0,0,996,,,,,,,,,,,,,,,,,,,,,,,,,,,,,,0,0,0,1,0,0,0,0,0,0,0,0,0,0,0,0,0,0,1,0,0,0,0,0,0,1,1,1,0,1,0,0,0,0,0,,1,0,0,0,0,0,0,0,0,0,1,0,0,0,0,0,,,,,,81+,76+,City street,U,Friday,Belt Used,PV,White,1,0,0,0,City Street,Municipal/City Police,Auburn Police Department,0,0,0,1,0,,,,,,,,,,,,,,,,,,,,,,,,,,,,,,,,,,,,,,,,,,,
2021,509,636145,3,11-25-2021,02:15,25,11,Nov,,53,Pierce,2230,2,,3,2,2,1,0,4,2,,,,12,1,1,Front-to-Rear,134.8,1,0,1,No intersection,1,2,1,1,0,0,0,0,I-5,,-122.4131083,47.23894167,98421,1,1,24,Others,51,3,50,14,0,0,1,2,12,1,2,3,3,1,Going Straight,99,2,53,,0,76,706,2008,0,0,68,64,17,1,,,1,1,37,1,7,1,4,7,5,0,11,0,07-12-2017,22:30,53031303,31303,0,0,3,3,1,0,0,0,0,96,,,,,,99,,,,,,98908,53,72,175,6,1,0,0,0,0,0,0,,,,,,4,,,20,8,0,0,0,1,8,,,0,0,0,8,1,2,1,0,0,1,0,0,2,1,0.036,,,,,,,,,,,,,,,,,,,,,,,,,,,,,,0,0,1,0,1,0,0,0,0,0,0,0,1,0,0,0,0,0,0,0,0,0,0,0,0,0,0,0,1,0,0,0,0,0,1,0,0,0,0,0,1,0,0,0,0,1,0,0,1,0,0,1,,,,,,36-40,36-45,County road,R,Wednesday,,MC,White,0,1,0,0,County Road,State Patrol,Washington State Patrol Headquarter,1,0,1,0,0,,,,,,,,,,,,,,,,,,,,,,,,,,,,,,,,,,,,,,,,,,,