year,something,Cases,repjur,crash_dt,crash_tm,accday,Month,Month,holiday,county,co_char,city,weather,weather2,lightcond,surfcond,surftype,Number of Fatalities,nmforms,pforms,vforms,not_tm,arr_tm,hosp_tm,fhevent,hitrun,Manner of Collision,Manner of Collision,milepnt,reljunc,reljuncinter,intersectiontype,Intersection Type,funcsystem,landuse,ownership,route,schlbus,spejur,contdev,devfunc,trafid1,trafid2,x,y,zipcode,wk_zone,vnumber,crashtype,Crash Type,criticalevent,criticaleventcat,spdlim,body,trailer,emerg,hazcargo,leave,mhevent,roadalgn,roadprof,traflane,trafflow,Vehicle Manure,Vehicle Manure,numoccs,regowner,regstate,,spuse,make,model,modelyr,vrf1,vrf2,seqevent1,seqevent2,seqevent3,seqevent4,seqevent5,seqevent6,pnumber,ptype,age,sex,hispanic,race,injury,diedscene,restraint,restraintmisuse,seatpos,takehosp,death_dt,death_tm,cert,cernum_wa,commlic,licendor,licrestrict,liccomp,drivpres,drf1,drf2,drf3,drf4,distract1,distract2,distract3,distract4,distract5,distract6,dricond1,dricond2,dricond3,dricond4,dricond5,dricond6,dzip,licstate,drhgt_in,weight,noncdl,noncdltype,prevdwi,prevoth,prevacc,prevspd,prevsus,driviol1,driviol2,driviol3,driviol4,driviol5,driviol6,spdrel,first_dt,last_dt,airbag,ejection,ejectpath,extricat,injurwrk,methalc,methdrug,nmlocat,strikveh,prf1,prf2,prf3,druginv,alcinvol,drugsts,drugres1,drugres2,drugres3,drugtst1,drugtst2,drugtst3,alcsts,alctst,alcres,nmact1,nmact2,nmact3,nmact4,nmact5,nmact6,nmprior1,nmprior2,nmprior3,nmprior4,nmprior5,nmprior6,nmcond1,nmcond2,nmcond3,nmcond4,nmcond5,nmcond6,nmsafe_helmet,nmsafe_pads,nmsafe_oth,nmprev_ref,nmprev_lgt,nmprev_oth,crashlocation,nmcrashtype,crosswalk,schoolzone,sidewalk,train_inv,wildlife_inv,rotr_fars,intersect_fars,Drink and Drive,aid_inv,Drug Positive Drivers,Impaired Drivers,Marijuana Positive,impnm_inv,ainm_inv,dpnm_inv,speed_inv,unlic_inv,unendmc_inv,drowsy_inv,drdist_inv,nmdist_inv,fty_inv,unrestfat_inv,dr1617_inv,dr1820_inv,dr1620_inv,dr2125_inv,dr1625_inv,dr65_inv,dr70_inv,dr75_inv,mc_inv,pv_inv,ht_inv,ped_inv,bike_inv,unrest_fat,mc_fat,unhelmet_mc,pv_fat,ht_fat,ped_fat,bike_fat,dr_alc7,dr_alc8,dr_drug,dr_imp,dr_dist,dr_spd,dr_fty,dr_unlic,dr_alc7only,dr_alc8only,dr_drugonly,dr_drink,nm_imp,nm_alc7,nm_alc8,nm_drug,nm_dist,agegrp1,agegrp2,roadclass,urbrur,dayweek,restuse,vehtype,race_me,intersect,lanedep,oppdir,wrongway,rep_typ,investag,repag_long,rotr,st_rd,cty_rd,city_rd,oth_rd,drug_thc,thc_res,drug_cthc,cthc_res,drug_cann,prevpersemin,prevperse,prevsusoth,drugtst4,drugtst5,drugtst6,drugtst7,drugtst8,drugres4,drugres5,drugres6,drugres7,drugres8,adspresent,adsengaged,adslevel,race1,race2,race3,race4,race5,helmet,helmetmisuse,nmdistract1,nmdistract2,nmdistract3,nmdistract4,nmdistract5,nmdistract6,lab,isedtcase,crf1,crf2,crf3,CoRoadName,CoMP,IntCoRoadName,IntCoMP
2020,509,635325,2,12-15-2020,01:35,15,12,Dec,,61,Snohomish,690,2,,3,2,2,1,0,1,1,,,,1,0,0,No vehicle,0.6,5,1,1,No intersection,1,2,1,1,0,0,0,0,I-5,,-122.20975,47.91008056,98202,0,1,6,Drive off road,12,2,98,34,0,0,1,2,1,1,2,2,6,1,Going Straight,1,1,53,,0,7,482,1999,0,0,63,1,42,,,,1,1,79,1,7,1,4,7,99,0,11,0,07-12-2017,15:00,53031754,31754,0,0,0,3,1,0,0,0,0,93,,,,,,99,,,,,,98226,53,71,185,6,1,0,0,0,2,0,0,,,,,,0,02-15-2014,06-15-2014,99,2,9,0,0,9,8,,,0,0,0,8,9,2,128,996,0,1,1,0,2,1,0,,,,,,,,,,,,,,,,,,,,,,,,,,,,,,0,0,0,0,0,0,1,1,0,0,0,0,0,0,0,0,1,0,0,0,0,0,0,0,0,1,1,1,0,0,0,0,0,0,0,,0,0,0,0,0,0,1,1,1,0,0,0,0,0,1,0,,,,,,76-80,76+,Other,,Wednesday,Unknown,PV,White,0,1,0,0,Other,County Sheriff,Whatcom County Sheriff's Office,1,0,0,0,1,,,,,,,,,,,,,,,,,,,,,,,,,,,,,,,,,,,,,,,,,,,
2019,509,634225,31,07-28-2019,22:17,28,7,July,,45,Mason,0,1,0,2,1,7,1,0,1,1,,,,1,0,0,No vehicle,9999.9,1,0,1,No intersection,5,1,2,4,0,0,0,0,CR-BEAR CREEK DEWATTO,,-122.8377278,47.50793611,,0,1,1,Driver Off Road,13,2,45,80,0,0,1,5,1,3,2,2,1,14,Making a U turn,1,1,53,,0,20,24,2011,0,0,12,,,,,,1,1,24,2,0,0,3,0,3,0,11,4,,,,,0,0,0,3,1,0,0,0,0,0,,,,,,0,,,,,,97015,41,65,240,6,1,0,0,0,0,0,0,,,,,,0,,,8,0,0,0,8,9,8,,,0,0,0,8,0,0,0,0,0,0,0,0,0,0,996,,,,,,,,,,,,,,,,,,,,,,,,,,,,,,0,0,0,0,1,1,0,1,0,0,0,0,0,1,0,0,0,0,0,0,0,0,0,1,1,0,0,0,0,1,0,0,0,0,0,,0,0,0,0,0,0,0,0,0,0,0,0,0,0,0,0,,,,,,21-25,16-25,Interstate,U,Saturday,Belt Used,PV,Not Fatal,0,0,0,1,State Route,State Patrol,Washington State Patrol Headquarter,0,1,0,0,0,,,,,,,,,,,,,,,,,,,,,,,,,,,,,,,,,,,,,,,,,,,
2017,509,633009,249,12-05-2017,04:01,5,12,Dec,0,19,Ferry,1840,1,0,3,4,2,1,0,1,1,04:01,04:50,04:57,35,0,0,No vehicle,0,1,0,1,No intersection,5,2,4,6,0,0,0,0,N KLONDIKE RD,,-118.7266833,48.65596667,99166,0,1,7,Control/Traction Loss,5,1,25,34,0,0,1,2,1,2,2,2,1,14,Making a U turn,1,1,53,,0,55,36,2003,0,0,12,,,,,,1,1,23,1,7,1,4,7,3,0,11,0,07/15/2017,23:15,31053032460,32460,0,0,3,2,1,51,0,0,0,96,,,,,,9,,,,,,98539,53,73,180,1,1,1,10,3,10,10,0,,,,,,0,09-15-2013,05-15-2017,8,0,0,0,0,1,8,,,0,0,0,8,1,2,1,0,0,1,0,0,2,1,0.22,,,,,,,,,,,,,,,,,,,,,,,,,,,,,,0,0,0,0,1,1,0,1,0,0,0,0,0,1,0,0,0,0,0,0,0,0,0,1,1,0,0,0,0,1,0,0,0,0,0,,1,0,0,0,0,1,0,1,0,0,0,1,0,1,0,1,,,,,,21-25,16-25,Interstate,U,Saturday,Belt Used,PV,White,0,0,0,1,State Route,State Patrol,Washington State Patrol Headquarter,0,1,0,0,0,,,,,,,,,,,,,,,,,,,,,,,,,,,,,,,,,,,,,,,,,,,
2019,510,634171,278,07-08-2019,19:23,8,7,July,,63,Spokane,2110,1,0,1,1,2,1,0,2,2,,,,12,0,1,Front-to-Rear,0,2,0,3,T Intersection,3,2,4,6,0,0,0,0,MARKET,BISMARK,-117.3648417,47.71213611,99217,0,2,25,Others,53,3,30,34,0,0,1,5,12,1,1,4,1,1,Going Straight,1,9,16,,0,20,481,2003,0,0,10,,,,,,1,1,82,1,7,1,4,0,3,0,11,8,07/28/2017,01:40,1.96E+11,33055,0,0,0,3,1,39,0,0,0,1,,,,,,0,,,,,,98538,53,72,210,6,1,0,1,0,1,0,36,,,,,,0,08-15-2014,03-15-2015,8,0,0,0,0,9,8,,,0,0,0,8,0,2,348,0,0,1,0,0,2,1,0,,,,,,,,,,,,,,,,,,,,,,,,,,,,,,1,0,0,0,0,0,1,1,0,0,0,0,0,0,0,0,1,0,0,0,0,0,0,0,0,1,1,1,0,0,0,0,0,0,0,,0,0,0,0,0,0,1,1,1,0,0,0,0,0,1,0,,,,,,81+,76+,State route,R,Saturday,Belt Used,PV,White,1,0,0,0,State Route,State Patrol,Washington State Patrol Headquarter,0,1,0,0,0,,,,,,,,,,,,,,,,,,,,,,,,,,,,,,,,,,,,,,,,,,,
2020,510,635326,39,12-02-2020,22:22,2,12,Dec,,61,Snohomish,0,1,,2,2,2,1,0,2,1,,,,31,0,0,No vehicle,1.7,1,0,1,No intersection,7,1,2,4,0,0,0,0,CR-HIGH ROCK RD,,-121.9615389,47.80235556,98272,0,1,1,Driver Off Road,13,2,35,4,0,0,1,2,31,3,2,2,1,14,Making a U turn,2,2,34,,0,82,881,2005,0,0,8,,,,,,1,1,51,1,0,0,0,0,3,0,11,0,,,,,6,1,0,3,1,0,0,0,0,0,,,,,,0,,,,,,98274,53,73,240,6,1,0,1,0,0,0,0,,,,,,0,05-15-2015,05-15-2015,20,0,0,0,8,9,2,,,0,0,0,0,0,0,0,0,0,0,0,0,0,0,996,,,,,,,,,,,,,,,,,,,,,,,,,,,,,,0,0,0,1,0,0,0,0,0,1,0,1,0,0,0,0,0,0,0,0,0,0,0,0,0,0,0,0,0,0,1,1,0,0,0,,0,0,0,0,0,0,0,0,0,0,0,0,0,0,0,0,,,,,,51-55,46-55,State route,U,Wednesday,,MHTRUCK,Not Fatal,1,0,0,0,State Route,State Patrol,Washington State Patrol Headquarter,0,1,0,0,0,,,,,,,,,,,,,,,,,,,,,,,,,,,,,,,,,,,,,,,,,,,
2021,510,636148,248,12-06-2021,20:50,6,12,Dec,,33,King,1830,2,,3,2,2,1,0,2,2,,,,18,0,0,No vehicle,0,1,0,1,No intersection,4,2,4,6,0,0,0,0,BENSON RD S,,-122.2063056,47.46788056,98057,0,2,12,Others,90,6,35,6,0,0,1,2,30,3,2,2,1,14,Making a U turn,1,1,53,,0,12,881,2004,0,0,9,,,,,,1,1,29,1,0,0,0,0,3,0,11,0,,,,,0,0,0,3,1,0,0,0,0,0,,,,,,0,,,,,,98092,53,67,130,6,1,0,0,1,1,0,0,,,,,,0,12-15-2016,12-15-2016,20,0,0,0,8,9,8,,,0,0,0,8,0,0,0,0,0,0,0,0,0,0,996,,,,,,,,,,,,,,,,,,,,,,,,,,,,,,0,0,0,0,0,0,0,0,0,0,0,0,0,0,0,0,0,0,0,0,0,0,0,0,0,0,0,0,0,0,1,0,1,0,0,,0,0,0,0,0,0,0,0,0,0,0,0,0,0,0,0,,,,,,26-30,26-35,State route,U,Monday,,MHTRUCK,Not Fatal,0,0,0,0,State Route,State Patrol,Washington State Patrol Headquarter,0,1,0,0,0,,,,,,,,,,,,,,,,,,,,,,,,,,,,,,,,,,,,,,,,,,,
2021,510,636147,248,12-06-2021,20:50,6,12,Dec,,33,King,1830,2,,3,2,2,1,0,2,2,,,,18,0,0,No vehicle,0,1,0,1,No intersection,4,2,4,6,0,0,0,0,BENSON RD S,,-122.2063056,47.46788056,98057,0,1,98,Others,62,4,35,4,0,0,1,2,12,2,2,2,1,14,Making a U turn,1,1,53,,0,37,31,2004,0,0,8,,,,,,1,1,29,1,0,0,0,0,3,0,11,0,,,,,0,0,0,0,1,0,0,0,0,0,,,,,,0,,,,,,98665,53,67,150,0,0,0,0,0,0,0,0,,,,,,0,,,20,0,0,0,8,9,8,,,0,0,0,8,0,0,0,0,0,0,0,0,0,0,996,,,,,,,,,,,,,,,,,,,,,,,,,,,,,,0,0,0,0,0,0,0,0,0,1,1,0,0,1,0,0,0,0,0,0,0,0,0,0,0,0,0,0,0,1,0,1,0,0,0,,0,0,0,0,0,0,0,0,0,0,0,1,0,0,0,0,,,,,,26-30,26-35,City street,U,Sunday,Belt Used,PV,Not Fatal,0,0,0,0,City Street,Municipal/City Police,Vancouver Police Department,0,0,0,1,0,,,,,,,,,,,,,,,,,,,,,,,,,,,,,,,,,,,,,,,,,,,
2019,510,634170,278,07-08-2019,19:23,8,7,July,,63,Spokane,2110,1,0,1,1,2,1,0,2,2,,,,12,0,1,Front-to-Rear,0,2,0,3,T Intersection,3,2,4,6,0,0,0,0,MARKET,BISMARK,-117.3648417,47.71213611,99217,0,1,24,Others,51,3,30,80,0,0,1,5,12,1,1,4,1,1,Going Straight,1,1,53,,0,12,401,2015,0,0,12,,,,,,1,1,45,1,0,0,0,0,3,0,11,0,,,,,0,0,0,3,1,16,0,0,0,96,,,,,,0,,,,,,98926,53,74,225,6,1,0,0,0,0,0,0,,,,,,0,,,20,0,0,0,8,9,8,,,0,0,0,8,0,0,0,0,0,0,0,0,0,0,996,,,,,,,,,,,,,,,,,,,,,,,,,,,,,,0,0,0,0,1,0,1,1,0,0,0,0,0,1,0,0,0,0,0,1,0,0,0,1,1,0,0,0,0,1,0,0,0,0,0,,0,0,0,0,0,0,0,0,0,0,0,0,0,0,0,0,,,,,,41-45,36-45,City street,U,Saturday,Belt Used,PV,Not Fatal,0,1,0,0,City Street,Municipal/City Police,Mill Creek Police Department,1,0,0,1,0,,,,,,,,,,,,,,,,,,,,,,,,,,,,,,,,,,,,,,,,,,,
2017,510,633012,29,12-11-2017,16:53,11,12,Dec,0,41,Lewis,0,1,0,2,1,2,1,0,3,3,16:55,17:00,17:22,12,0,6,Angle,1.2,2,0,3,T Intersection,7,1,2,4,0,0,0,0,CR-FOREST NAPAVINE RD,KIRKLAND RD,-122.8765028,46.58667778,98532,0,3,98,Others,62,4,98,34,0,0,1,5,12,1,1,2,1,1,Going Straight,1,1,53,,0,20,2,2004,0,0,68,64,42,1,12,,1,1,24,1,7,2,4,7,20,0,11,0,07/15/2017,23:14,1.34E+11,32084,0,0,3,2,1,0,0,0,0,96,,,,,,99,,,,,,98290,53,72,180,1,1,1,4,1,1,8,0,,,,,,9,03-15-2013,11-15-2016,99,1,9,0,0,9,8,,,0,0,0,8,1,2,177,996,996,1,1,1,2,1,0,,,,,,,,,,,,,,,,,,,,,,,,,,,,,,0,0,0,0,1,0,1,1,0,0,0,0,0,1,0,0,0,0,0,1,0,0,0,1,1,0,0,0,0,1,0,0,0,1,0,,1,0,0,0,0,0,1,1,0,0,0,1,0,0,1,1,,,,,,21-25,16-25,City street,U,Saturday,Not Used,PV,Black,0,1,0,0,City Street,Municipal/City Police,Mill Creek Police Department,1,0,0,1,0,,,,,,,,,,,,,,,,,,,,,,,,,,,,,,,,,,,,,,,,,,,
2017,510,633011,29,12-11-2017,16:53,11,12,Dec,0,41,Lewis,0,1,0,2,1,2,1,0,3,3,16:55,17:00,17:22,12,0,6,Angle,1.2,2,0,3,T Intersection,7,1,2,4,0,0,0,0,CR-FOREST NAPAVINE RD,KIRKLAND RD,-122.8765028,46.58667778,98532,0,2,68,Initial Opposite Direction(Left/Right),15,2,98,34,1,0,1,5,12,1,1,2,1,11,Turning Red: Permitted on red,1,2,53,,0,69,54,2011,0,0,12,,,,,,1,1,45,2,0,0,0,0,3,0,11,0,,,,,0,0,3,3,1,0,0,0,0,0,,,,,,0,,,,,,98502,53,67,118,6,1,0,0,0,0,0,0,,,,,,0,,,20,0,0,0,8,9,8,,,0,0,0,8,0,0,0,0,0,0,0,0,0,0,996,,,,,,,,,,,,,,,,,,,,,,,,,,,,,,0,0,0,0,0,0,1,1,0,0,0,0,1,0,0,0,1,0,0,0,0,0,0,1,1,0,0,0,1,1,0,0,0,0,0,,0,0,0,0,0,0,0,0,0,0,0,0,0,0,0,0,,,,,,41-45,36-45,Interstate,U,Friday,Belt Used,PV,Not Fatal,0,0,0,0,State Route,State Patrol,Washington State Patrol Headquarter,0,1,0,0,0,,,,,,,,,,,,,,,,,,,,,,,,,,,,,,,,,,,,,,,,,,,
2017,510,633010,29,12-11-2017,16:53,11,12,Dec,0,41,Lewis,0,1,0,2,1,2,1,0,3,3,16:55,17:00,17:22,12,0,6,Angle,1.2,2,0,3,T Intersection,7,1,2,4,0,0,0,0,CR-FOREST NAPAVINE RD,KIRKLAND RD,-122.8765028,46.58667778,98532,0,1,69,Initial Opposite Direction(Going Straight),60,4,98,80,0,0,1,2,12,1,1,2,1,1,Going Straight,1,1,53,,0,98,706,2006,0,0,12,,,,,,1,1,22,1,7,1,4,7,5,0,11,0,07/14/2017,11:30,53031421,31421,0,0,0,3,1,26,0,0,0,93,,,,,,0,,,,,,98520,53,68,170,6,1,0,1,1,1,0,0,,,,,,4,08-15-2013,09-15-2016,20,8,0,0,0,9,8,,,0,0,0,8,0,2,996,0,0,1,0,0,2,1,0,,,,,,,,,,,,,,,,,,,,,,,,,,,,,,0,0,0,0,0,0,1,1,0,0,0,0,1,0,0,0,1,0,0,0,0,0,0,1,1,0,0,0,1,1,0,0,0,0,1,0,0,0,0,0,0,0,1,1,1,1,0,0,0,0,1,0,,,,,,21-25,16-25,Interstate,U,Friday,,MC,White,0,0,0,0,State Route,State Patrol,Washington State Patrol Headquarter,0,1,0,0,0,,,,,,,,,,,,,,,,,,,,,,,,,,,,,,,,,,,,,,,,,,,
2021,511,636151,24,11-25-2021,17:47,25,11,Nov,,31,Jefferson,0,10,,2,2,2,1,0,1,1,,,,42,0,0,No vehicle,10.4,1,0,1,No intersection,6,1,2,4,0,0,0,0,CR-OAK BAY RD,,-122.7178944,47.91429444,98365,0,1,1,Driver Off Road,13,2,45,4,0,0,1,5,42,3,1,2,1,14,Making a U turn,1,1,53,,0,6,441,2005,0,0,63,69,1,,,,1,1,35,2,0,0,0,0,3,0,11,0,,,,,0,0,0,3,1,36,0,0,0,96,,,,,,2,,,,,,99362,53,60,140,6,1,0,0,0,1,0,2,76,,,,,0,04-15-2014,04-15-2014,20,0,0,0,8,9,8,,,0,0,0,8,0,8,95,0,0,6,0,0,8,95,995,,,,,,,,,,,,,,,,,,,,,,,,,,,,,,0,0,0,0,0,0,0,0,0,0,0,0,0,0,0,1,0,0,0,1,0,0,0,0,0,0,0,0,0,1,0,0,0,0,0,,0,0,0,0,0,0,0,0,0,0,0,0,0,0,0,0,,,,,,31-35,26-35,State route,R,Monday,Belt Used,PV,Not Fatal,0,0,0,0,State Route,State Patrol,Washington State Patrol Headquarter,0,1,0,0,0,,,,,,,,,,,,,,,,,,,,,,,,,,,,,,,,,,,,,,,,,,,
2020,511,635328,8,12-26-2020,13:27,26,12,Dec,,9,Clallam,1990,10,,1,1,2,2,0,4,2,13:32,13:55,14:45,12,0,2,Front-to-Front,266.1,1,0,1,No intersection,3,2,1,2,0,0,0,0,US-101,,-123.0560417,48.06201944,,0,2,51,Lateral Move(Going Straight),62,4,55,67,0,0,1,2,12,1,2,2,1,1,Going Straight,2,1,53,,0,2,403,2015,0,0,68,18,63,42,,,1,1,51,1,7,1,4,7,3,0,11,0,07-10-2017,16:50,53036136,36136,99,9,9,9,1,0,0,0,0,96,,,,,,9,,,,,,0,95,,999,9,9,99,99,99,99,99,0,,,,,,4,,,20,0,0,0,0,1,8,,,0,0,0,8,1,2,1,0,0,1,0,0,2,1,0.28,,,,,,,,,,,,,,,,,,,,,,,,,,,,,,0,0,0,0,1,1,0,1,0,0,0,0,1,0,0,0,0,0,0,0,0,0,0,0,0,0,0,0,0,1,0,0,0,0,0,,1,0,0,0,0,1,0,1,0,1,0,0,0,1,0,1,,,,,,51-55,46-55,State route,R,Monday,Belt Used,PV,White,0,1,1,0,State Route,State Patrol,Washington State Patrol Headquarter,0,1,0,0,0,,,,,,,,,,,,,,,,,,,,,,,,,,,,,,,,,,,,,,,,,,,
2020,511,635327,8,12-26-2020,13:27,26,12,Dec,,9,Clallam,1990,10,,1,1,2,2,0,4,2,13:32,13:55,14:45,12,0,2,Front-to-Front,266.1,1,0,1,No intersection,3,2,1,2,0,0,0,0,US-101,,-123.0560417,48.06201944,,0,1,50,Lateral Move(Left/Right),10,2,55,6,0,0,1,2,12,1,2,2,1,1,Going Straight,2,2,53,,0,20,481,2003,0,0,12,,,,,,1,1,19,2,0,0,2,0,3,0,11,4,,,,,0,0,0,3,1,0,0,0,0,0,,,,,,0,,,,,,98932,53,67,190,6,7,0,0,0,0,0,0,,,,,,0,,,1,0,0,0,8,9,8,,,0,0,0,8,0,0,0,0,0,0,0,0,0,0,996,,,,,,,,,,,,,,,,,,,,,,,,,,,,,,0,0,0,0,1,1,1,1,0,0,0,0,0,0,0,0,0,0,0,0,0,1,1,0,1,0,0,0,0,1,0,0,0,0,0,,0,0,0,0,0,0,0,0,0,0,0,0,0,0,0,0,,,,,,18-20,16-25,County road,R,Friday,Belt Used,PV,Not Fatal,0,0,0,0,County Road,State Patrol,Washington State Patrol Headquarter,0,0,1,0,0,,,,,,,,,,,,,,,,,,,,,,,,,,,,,,,,,,,,,,,,,,,
2019,511,633783,266,01-02-2019,05:48,2,1,Jan,,77,Yakima,1980,1,0,3,1,2,1,1,1,1,,,,8,0,0,No vehicle,0.9,1,0,1,No intersection,3,2,1,3,0,0,0,0,SR-823,,-120.530425,46.64550278,98942,0,1,13,Pedestrian/Animal,80,5,35,20,0,0,1,5,8,1,1,2,1,1,Going Straight,1,3,53,,0,35,47,2009,0,0,12,,,,,,1,1,43,2,0,0,0,0,3,0,11,0,,,,,0,0,3,3,1,0,0,0,0,0,,,,,,0,,,,,,98938,53,63,107,6,1,0,0,0,0,0,0,,,,,,0,,,20,0,0,0,8,9,8,,,0,0,0,8,0,0,0,0,0,0,0,0,0,0,996,,,,,,,,,,,,,,,,,,,,,,,,,,,,,,0,0,0,0,1,1,1,1,0,0,0,0,0,0,0,0,0,0,0,0,0,1,1,0,1,0,0,0,0,1,0,0,0,0,0,,0,0,0,0,0,0,0,0,0,0,0,0,0,0,0,0,,,,,,41-45,36-45,County road,R,Friday,Belt Used,PV,Not Fatal,0,0,0,0,County Road,State Patrol,Washington State Patrol Headquarter,0,0,1,0,0,,,,,,,,,,,,,,,,,,,,,,,,,,,,,,,,,,,,,,,,,,,
2017,511,633018,7,12-13-2017,16:35,13,12,Dec,0,33,King,0,1,0,5,1,1,1,0,2,2,,,,18,0,0,No vehicle,26.8,1,0,1,No intersection,3,1,1,3,0,0,0,0,SR-18,,-121.8884556,47.48611111,,0,2,98,Others,62,4,55,14,0,0,1,2,12,1,2,2,1,1,Going Straight,1,2,53,,0,63,34,2003,0,0,68,12,12,,,,1,1,60,1,1,98,4,7,3,0,11,0,07-07-2017,15:55,53029950,29950,0,0,3,3,1,28,0,0,0,96,,,,,,9,,,,,,98944,53,65,140,6,1,1,2,0,0,2,0,,,,,,0,10-15-2012,03-15-2014,1,0,0,0,0,1,8,,,0,0,0,8,1,2,402,0,0,1,0,0,2,1,0.25,,,,,,,,,,,,,,,,,,,,,,,,,,,,,,0,0,0,0,1,1,1,1,0,0,0,0,0,0,0,0,0,0,0,0,0,1,1,0,1,0,0,0,0,1,0,0,0,0,0,,1,0,0,0,0,1,1,1,0,0,0,0,0,0,0,1,,,,,,56-60,56-65,County road,R,Friday,Belt Used,PV,Hispanic,0,0,0,0,County Road,State Patrol,Washington State Patrol Headquarter,0,0,1,0,0,,,,,,,,,,,,,,,,,,,,,,,,,,,,,,,,,,,,,,,,,,,
2017,511,633017,7,12-13-2017,16:35,13,12,Dec,0,33,King,0,1,0,5,1,1,1,0,2,2,,,,18,0,0,No vehicle,26.8,1,0,1,No intersection,3,1,1,3,0,0,0,0,SR-18,,-121.8884556,47.48611111,,0,1,12,Others,90,6,98,4,0,0,1,2,12,1,2,2,1,1,Going Straight,1,2,53,,0,7,25,2008,0,0,12,,,,,,1,1,47,1,0,0,0,0,3,0,11,0,,,,,0,0,0,3,1,0,0,0,0,0,,,,,,0,,,,,,98056,53,71,170,6,1,0,0,0,0,0,0,,,,,,0,,,20,0,0,0,8,9,8,,,0,0,0,8,0,0,0,0,0,0,0,0,0,0,996,,,,,,,,,,,,,,,,,,,,,,,,,,,,,,0,0,1,0,0,0,1,1,1,0,0,0,1,0,0,0,0,0,0,0,0,0,0,0,0,0,0,0,1,1,0,0,0,0,0,,0,0,0,0,0,0,0,0,0,0,0,0,0,0,0,0,,,,,,46-50,46-55,Interstate,U,Tuesday,Belt Used,PV,Not Fatal,0,1,0,0,State Route,State Patrol,Washington State Patrol Headquarter,1,1,0,0,0,,,,,,,,,,,,,,,,,,,,,,,,,,,,,,,,,,,,,,,,,,,
2017,512,633015,3,12-09-2017,01:48,9,12,Dec,0,53,Pierce,0,1,0,2,1,2,1,0,2,2,01:49,02:16,02:55,12,0,2,Front-to-Front,5.1,1,0,1,No intersection,3,2,1,3,0,0,0,0,SR-512,,-122.3751972,47.15833611,98445,0,1,50,Lateral Move(Left/Right),54,3,98,14,0,0,1,2,12,1,1,2,3,1,Going Straight,1,1,41,,0,72,706,1988,0,0,63,25,1,12,,,1,1,29,1,7,1,4,7,5,0,11,0,07-04-2017,07:25,1.96E+11,29594,0,0,3,3,1,0,0,0,0,96,,,,,,9,,,,,,98272,53,71,135,6,1,0,2,2,7,4,0,,,,,,4,01-15-2013,03-15-2017,20,8,0,0,0,9,1,,,0,0,0,1,9,2,605,0,0,1,0,0,2,1,0,,,,,,,,,,,,,,,,,,,,,,,,,,,,,,0,0,1,0,0,0,1,1,1,0,0,0,1,0,0,0,0,0,0,0,0,0,0,0,0,0,0,0,1,1,0,0,0,0,1,0,0,0,0,0,0,0,1,1,0,1,0,0,0,0,1,0,,,,,,26-30,26-35,Interstate,U,Tuesday,,MC,White,0,1,0,0,State Route,State Patrol,Washington State Patrol Headquarter,1,1,0,0,0,thc,6.9,carboxy-thc,21,,,,,,,,,,,,,,,,,,,,,,,,,,,,,,,,,,,,,,,
2021,512,636050,25,10-24-2021,15:04,24,10,Oct,,33,King,0,6,,1,1,2,2,0,2,1,,,,42,0,0,No vehicle,1.4,1,0,1,No intersection,4,1,2,4,0,0,0,0,CR-PRESTON FALL CITY RD,,-121.914025,47.53675833,98027,0,1,98,Others,98,7,45,4,0,0,1,2,42,3,2,2,1,14,Making a U turn,2,1,53,,0,73,705,2007,0,0,18,,,,,,1,1,26,1,7,1,4,7,19,0,11,0,07-11-2017,03:39,1.03E+11,30400,0,0,3,3,1,0,0,0,0,0,,,,,,9,,,,,,98042,53,68,240,6,1,0,2,0,2,0,0,,,,,,4,01-15-2013,05-15-2017,20,8,0,0,0,9,8,,,0,0,0,8,1,2,1,0,0,1,0,0,2,1,0.18,,,,,,,,,,,,,,,,,,,,,,,,,,,,,,0,0,0,0,1,1,0,1,0,0,0,0,1,0,0,0,0,0,0,0,0,0,0,0,0,0,0,0,1,0,0,0,0,0,1,0,0,0,0,0,0,1,0,1,0,1,0,0,0,1,0,1,,,,,,26-30,26-35,City street,U,Tuesday,,MC,White,0,1,0,0,City Street,Municipal/City Police,Kent Police Department,1,0,0,1,0,,,,,,,,,,,,,,,,,,,,,,,,,,,,,,,,,,,,,,,,,,,