year,something,Cases,repjur,crash_dt,crash_tm,accday,Month,Month,holiday,county,co_char,city,weather,weather2,lightcond,surfcond,surftype,Number of Fatalities,nmforms,pforms,vforms,not_tm,arr_tm,hosp_tm,fhevent,hitrun,Manner of Collision,Manner of Collision,milepnt,reljunc,reljuncinter,intersectiontype,Intersection Type,funcsystem,landuse,ownership,route,schlbus,spejur,contdev,devfunc,trafid1,trafid2,x,y,zipcode,wk_zone,vnumber,crashtype,Crash Type,criticalevent,criticaleventcat,spdlim,body,trailer,emerg,hazcargo,leave,mhevent,roadalgn,roadprof,traflane,trafflow,Vehicle Manure,Vehicle Manure,numoccs,regowner,regstate,,spuse,make,model,modelyr,vrf1,vrf2,seqevent1,seqevent2,seqevent3,seqevent4,seqevent5,seqevent6,pnumber,ptype,age,sex,hispanic,race,injury,diedscene,restraint,restraintmisuse,seatpos,takehosp,death_dt,death_tm,cert,cernum_wa,commlic,licendor,licrestrict,liccomp,drivpres,drf1,drf2,drf3,drf4,distract1,distract2,distract3,distract4,distract5,distract6,dricond1,dricond2,dricond3,dricond4,dricond5,dricond6,dzip,licstate,drhgt_in,weight,noncdl,noncdltype,prevdwi,prevoth,prevacc,prevspd,prevsus,driviol1,driviol2,driviol3,driviol4,driviol5,driviol6,spdrel,first_dt,last_dt,airbag,ejection,ejectpath,extricat,injurwrk,methalc,methdrug,nmlocat,strikveh,prf1,prf2,prf3,druginv,alcinvol,drugsts,drugres1,drugres2,drugres3,drugtst1,drugtst2,drugtst3,alcsts,alctst,alcres,nmact1,nmact2,nmact3,nmact4,nmact5,nmact6,nmprior1,nmprior2,nmprior3,nmprior4,nmprior5,nmprior6,nmcond1,nmcond2,nmcond3,nmcond4,nmcond5,nmcond6,nmsafe_helmet,nmsafe_pads,nmsafe_oth,nmprev_ref,nmprev_lgt,nmprev_oth,crashlocation,nmcrashtype,crosswalk,schoolzone,sidewalk,train_inv,wildlife_inv,rotr_fars,intersect_fars,Drink and Drive,aid_inv,Drug Positive Drivers,Impaired Drivers,Marijuana Positive,impnm_inv,ainm_inv,dpnm_inv,speed_inv,unlic_inv,unendmc_inv,drowsy_inv,drdist_inv,nmdist_inv,fty_inv,unrestfat_inv,dr1617_inv,dr1820_inv,dr1620_inv,dr2125_inv,dr1625_inv,dr65_inv,dr70_inv,dr75_inv,mc_inv,pv_inv,ht_inv,ped_inv,bike_inv,unrest_fat,mc_fat,unhelmet_mc,pv_fat,ht_fat,ped_fat,bike_fat,dr_alc7,dr_alc8,dr_drug,dr_imp,dr_dist,dr_spd,dr_fty,dr_unlic,dr_alc7only,dr_alc8only,dr_drugonly,dr_drink,nm_imp,nm_alc7,nm_alc8,nm_drug,nm_dist,agegrp1,agegrp2,roadclass,urbrur,dayweek,restuse,vehtype,race_me,intersect,lanedep,oppdir,wrongway,rep_typ,investag,repag_long,rotr,st_rd,cty_rd,city_rd,oth_rd,drug_thc,thc_res,drug_cthc,cthc_res,drug_cann,prevpersemin,prevperse,prevsusoth,drugtst4,drugtst5,drugtst6,drugtst7,drugtst8,drugres4,drugres5,drugres6,drugres7,drugres8,adspresent,adsengaged,adslevel,race1,race2,race3,race4,race5,helmet,helmetmisuse,nmdistract1,nmdistract2,nmdistract3,nmdistract4,nmdistract5,nmdistract6,lab,isedtcase,crf1,crf2,crf3,CoRoadName,CoMP,IntCoRoadName,IntCoMP
2020,512,635333,122,12-19-2020,19:51,19,12,Dec,,61,Snohomish,690,2,,3,2,2,1,1,1,1,,,,8,0,0,No vehicle,0,3,0,2,4 Way,3,2,4,6,0,0,3,3,EVERGREEN WAY,75TH ST SE,-122.2207806,47.93009167,98202,0,1,13,Pedestrian/Animal,80,5,35,14,0,0,1,5,8,1,1,3,1,11,Turning Red: Permitted on red,1,1,53,,0,23,472,2016,0,0,15,,,,,,1,1,38,2,0,0,0,0,3,0,11,0,,,,,0,0,0,3,1,91,0,0,0,17,,,,,,0,,,,,,98002,53,66,125,6,1,0,0,1,2,0,2,,,,,,0,10-15-2012,01-15-2015,20,0,0,0,8,9,8,,,0,0,0,8,0,0,0,0,0,0,0,0,0,0,996,,,,,,,,,,,,,,,,,,,,,,,,,,,,,,0,0,0,1,0,0,0,0,0,0,0,0,0,0,0,0,1,0,0,0,0,0,0,0,0,0,0,0,0,0,0,1,0,0,0,,0,0,0,0,0,0,0,0,1,0,0,0,0,0,0,0,,,,,,36-40,36-45,City street,U,Saturday,Belt Used,PV,Not Fatal,1,0,0,0,City Street,Municipal/City Police,Auburn Police Department,0,0,0,1,0,,,,,,,,,,,,,,,,,,,,,,,,,,,,,,,,,,,,,,,,,,,
2019,512,633858,160,02-02-2019,08:34,2,2,Feb,,33,King,1030,10,0,1,2,2,1,0,2,2,,,,12,0,2,Front-to-Front,0,2,0,3,T Intersection,3,2,4,6,0,0,0,0,S 212TH ST,FRAGER RD S,-122.2660333,47.412375,98032,0,2,51,Lateral Move(Going Straight),62,4,40,4,0,0,1,7,12,1,3,4,1,1,Going Straight,1,2,53,,0,85,881,2009,0,0,12,,,,,,1,1,60,1,7,1,4,7,3,0,11,0,07-06-2017,11:21,53029416,29416,6,1,3,3,1,0,0,0,0,0,,,,,,0,,,,,,99403,53,72,190,6,1,0,0,0,0,0,0,,,,,,0,,,20,0,0,0,1,9,8,,,0,0,0,8,0,2,1,0,0,1,0,0,2,1,0,,,,,,,,,,,,,,,,,,,,,,,,,,,,,,0,0,0,0,0,0,0,0,0,0,0,0,0,0,0,0,1,0,0,0,0,0,0,1,1,0,0,0,0,0,1,0,0,0,0,,0,1,0,0,0,0,0,0,0,0,0,0,0,0,0,0,,,,,,56-60,56-65,State route,R,Thursday,,MHTRUCK,White,0,1,1,0,State Route,State Patrol,Washington State Patrol Headquarter,0,1,0,0,0,,,,,,,,,,,,,,,,,,,,,,,,,,,,,,,,,,,,,,,,,,,
2019,512,633857,160,02-02-2019,08:34,2,2,Feb,,33,King,1030,10,0,1,2,2,1,0,2,2,,,,12,0,2,Front-to-Front,0,2,0,3,T Intersection,3,2,4,6,0,0,0,0,S 212TH ST,FRAGER RD S,-122.2660333,47.412375,98032,0,1,50,Lateral Move(Left/Right),10,2,98,2,0,0,1,7,12,1,3,4,1,1,Going Straight,1,2,53,,0,84,881,2009,0,0,68,12,,,,,1,1,25,1,7,2,4,7,3,0,11,0,07-06-2017,11:21,53030243,30243,6,1,0,3,1,28,0,0,0,93,,,,,,0,,,,,,98953,53,71,165,6,1,0,0,1,0,0,0,,,,,,0,07-15-2017,07-15-2017,20,0,0,0,1,9,8,,,0,0,0,8,0,2,1,0,0,1,0,0,2,1,0,,,,,,,,,,,,,,,,,,,,,,,,,,,,,,0,0,0,0,0,0,0,0,0,0,0,0,0,0,0,0,1,0,0,0,0,0,0,1,1,0,0,0,0,0,1,0,0,0,0,,0,1,0,0,0,0,0,0,1,0,0,0,0,0,0,0,,,,,,21-25,16-25,State route,R,Thursday,,MHTRUCK,Black,0,1,1,0,State Route,State Patrol,Washington State Patrol Headquarter,0,1,0,0,0,,,,,,,,,,,,,,,,,,,,,,,,,,,,,,,,,,,,,,,,,,,
2017,512,633016,3,12-09-2017,01:48,9,12,Dec,0,53,Pierce,0,1,0,2,1,2,1,0,2,2,01:49,02:16,02:55,12,0,2,Front-to-Front,5.1,1,0,1,No intersection,3,2,1,3,0,0,0,0,SR-512,,-122.3751972,47.15833611,98445,0,2,51,Lateral Move(Going Straight),54,3,60,15,0,0,1,2,12,1,1,2,3,1,Going Straight,1,1,53,,0,12,481,1983,0,0,12,,,,,,1,1,42,1,0,0,0,0,3,0,11,0,,,,,0,0,0,2,1,0,0,0,0,96,,,,,,0,,,,,,98223,53,70,175,1,1,0,10,1,1,1,0,,,,,,0,02-15-2013,05-15-2016,20,0,0,0,8,9,8,,,0,0,0,8,0,8,95,0,0,6,0,0,8,95,995,,,,,,,,,,,,,,,,,,,,,,,,,,,,,,0,0,0,0,0,0,0,0,0,0,0,0,1,1,1,0,0,0,0,0,0,0,0,0,0,0,0,0,1,0,0,0,0,0,0,,0,0,0,0,0,0,0,0,0,0,0,1,0,0,0,0,,,,,,41-45,36-45,County road,R,Thursday,Belt Used,PV,Not Fatal,0,0,0,0,County Road,County Sheriff,Snohomish County Sheriff's Office,0,0,1,0,0,,,,,,,,,,,,,,,,,,,,,,,,,,,,,,,,,,,,,,,,,,,
2021,513,636153,55,12-06-2021,18:59,6,12,Dec,,33,King,100,2,,3,2,2,1,0,4,2,,,,12,0,6,Angle,0.1,2,0,2,4 Way,2,2,1,3,0,0,3,3,SR-167 RAMP,15TH ST NW,-122.2438056,47.32235,98071,0,2,68,Initial Opposite Direction(Left/Right),15,2,35,66,1,0,1,2,12,1,1,6,1,11,Turning Red: Permitted on red,1,3,18,,0,72,706,2015,0,0,12,,,,,,1,1,31,1,7,1,4,7,5,0,11,0,07-06-2017,06:00,53029863,29863,0,0,0,2,1,0,0,0,0,96,,,,,,99,,,,,,98292,53,67,280,3,1,0,5,1,2,0,0,,,,,,3,12-15-2013,10-15-2016,20,8,0,0,0,9,8,,,0,0,0,8,9,2,1,0,0,1,0,0,2,1,0,,,,,,,,,,,,,,,,,,,,,,,,,,,,,,0,0,0,0,0,0,0,0,0,0,0,0,1,1,1,0,0,0,0,0,0,0,0,0,0,0,0,0,1,0,0,0,0,0,1,0,0,0,0,0,0,0,0,0,0,1,0,1,0,0,0,0,,,,,,31-35,26-35,County road,R,Thursday,,MC,White,0,0,0,0,County Road,County Sheriff,Snohomish County Sheriff's Office,0,0,1,0,0,,,,,,,,,,,,,,,,,,,,,,,,,,,,,,,,,,,,,,,,,,,
2020,513,3840330,344,01-14-2020,03:53,14,1,Jan,,77,Yakima,0,4,,2,10,2,1,0,4,1,03:53,04:12,04:53,1,0,0,No vehicle,5,1,0,1,No intersection,6,1,2,4,0,3,0,0,CR-MCDONALD RD,,-120.4606222,46.39014444,98951,0,1,7,Control/Traction Loss,6,1,35,4,0,0,1,2,1,1,1,8,1,1,Going Straight,4,2,53,,0,72,706,2002,0,0,1,,,,,,1,1,38,1,7,1,4,7,5,0,11,0,07-10-2017,15:54,1.96E+11,30481,0,0,0,3,1,0,0,0,0,96,,,,,,99,,,,,,98589,53,70,170,6,1,0,0,1,0,0,0,,,,,,4,07-15-2016,07-15-2016,20,8,0,0,0,9,8,,,0,0,0,8,9,2,348,605,0,1,1,0,2,1,0,,,,,,,,,,,,,,,,,,,,,,,,,,,,,,0,0,0,0,0,0,1,1,1,0,0,0,1,0,0,0,0,0,0,0,0,0,0,0,0,0,0,0,1,0,0,0,0,0,1,0,0,0,0,0,0,0,1,1,0,1,0,0,0,0,1,0,,,,,,36-40,36-45,State route,R,Friday,,MC,White,0,0,0,0,State Route,State Patrol,Washington State Patrol Headquarter,0,1,0,0,0,thc,14,carboxy-thc,77,,,,,,,,,,,,,,,,,,,,,,,,,,,,,,,,,,,,,,,
2021,513,636152,55,12-06-2021,18:59,6,12,Dec,,33,King,100,2,,3,2,2,1,0,4,2,,,,12,0,6,Angle,0.1,2,0,2,4 Way,2,2,1,3,0,0,3,3,SR-167 RAMP,15TH ST NW,-122.2438056,47.32235,98071,0,1,69,Initial Opposite Direction(Going Straight),17,2,35,4,0,0,1,2,12,1,1,2,2,1,Going Straight,3,2,53,,0,20,2,2010,0,0,12,,,,,,1,1,55,2,7,2,4,7,3,0,11,0,06/30/2017,16:26,53029621,29621,0,0,3,3,1,0,0,0,0,0,,,,,,0,,,,,,98952,94,63,215,6,1,0,1,0,1,0,0,,,,,,0,01-15-2013,04-15-2014,8,0,0,0,1,9,8,,,0,0,0,8,9,2,1,0,0,1,0,0,2,1,0,,,,,,,,,,,,,,,,,,,,,,,,,,,,,,0,0,0,0,0,0,0,0,0,0,0,0,0,0,0,0,0,0,0,0,0,0,0,0,0,0,0,0,0,1,0,0,0,0,0,,1,0,0,0,0,0,0,0,0,0,0,0,0,0,0,0,,,,,,51-55,46-55,State route,R,Friday,Belt Used,PV,Black,0,1,1,0,State Route,State Patrol,Washington State Patrol Headquarter,0,1,0,0,0,,,,,,,,,,,,,,,,,,,,,,,,,,,,,,,,,,,,,,,,,,,
2019,513,633856,290,02-03-2019,18:30,3,2,Feb,,53,Pierce,2230,10,0,3,2,2,1,0,1,1,,,,43,0,0,No vehicle,0,3,0,6,Roundabout,7,2,4,6,0,0,98,3,S PARK AVE,S 59TH ST,-122.4418778,47.20367222,98408,0,1,6,Drive off road,12,2,25,5,0,0,1,7,43,1,1,2,1,1,Going Straight,1,1,53,,0,12,481,2000,0,0,61,68,12,,,,1,1,36,1,0,0,1,0,3,0,11,5,,,,,0,0,3,3,1,80,0,0,0,0,,,,,,0,,,,,,98223,53,72,250,6,1,0,0,0,1,0,89,,,,,,0,01-15-2014,01-15-2014,8,0,0,0,8,9,8,,,0,0,0,8,0,0,0,0,0,0,0,0,0,0,996,,,,,,,,,,,,,,,,,,,,,,,,,,,,,,0,0,0,0,0,0,0,0,0,0,0,0,0,0,0,0,0,0,0,0,0,0,0,0,0,0,0,0,0,1,0,0,0,0,0,,0,0,0,0,0,0,0,0,0,0,0,0,0,0,0,0,,,,,,36-40,36-45,State route,R,Friday,Belt Used,PV,Not Fatal,0,1,1,0,State Route,State Patrol,Washington State Patrol Headquarter,0,1,0,0,0,,,,,,,,,,,,,,,,,,,,,,,,,,,,,,,,,,,,,,,,,,,
2017,513,633024,7,12-10-2017,02:05,10,12,Dec,0,33,King,1960,1,0,3,1,1,1,0,2,1,,,,26,0,0,No vehicle,168.3,1,0,1,No intersection,1,2,1,1,0,0,0,0,I-5,,-122.3224861,47.64428889,98102,0,1,7,Control/Traction Loss,12,2,60,14,0,0,1,2,26,1,2,4,3,1,Going Straight,2,2,53,,0,7,482,2006,0,0,12,,,,,,1,1,67,1,0,0,0,0,3,0,11,0,,,,,0,0,0,3,1,0,0,0,0,0,,,,,,0,,,,,,98547,53,73,230,6,1,0,1,0,0,0,0,,,,,,0,05-15-2015,05-15-2015,20,0,0,0,8,9,8,,,0,0,0,8,0,0,0,0,0,0,0,0,0,0,996,,,,,,,,,,,,,,,,,,,,,,,,,,,,,,0,0,0,1,0,0,0,0,0,0,0,0,0,0,0,0,0,0,0,0,0,0,0,0,0,1,1,1,0,1,0,0,0,0,0,,0,0,0,0,0,0,0,0,0,0,0,0,0,0,0,0,,,,,,66-70,66-75,US highway,U,Wednesday,Belt Used,PV,Not Fatal,1,0,0,0,State Route,State Patrol,Washington State Patrol Headquarter,0,1,0,0,0,,,,,,,,,,,,,,,,,,,,,,,,,,,,,,,,,,,,,,,,,,,
2021,514,636164,1,12-02-2021,05:11,2,12,Dec,,77,Yakima,0,1,,2,1,2,1,0,2,2,,,,12,0,6,Angle,60.4,2,0,2,4 Way,3,1,1,3,0,3,20,3,SR-97,LARUE RD,-120.3201833,46.36050278,98948,0,1,86,Others,17,2,35,66,1,0,1,2,12,1,1,2,1,1,Going Straight,1,3,40,,0,12,471,2002,0,0,12,,,,,,1,1,51,1,0,0,1,0,3,0,11,5,,,,,0,0,3,3,1,0,0,0,0,0,,,,,,0,,,,,,98550,53,73,235,6,1,0,0,0,0,0,0,,,,,,0,,,20,0,0,0,8,9,8,,,0,0,0,8,0,0,0,0,0,0,0,0,0,0,996,,,,,,,,,,,,,,,,,,,,,,,,,,,,,,0,0,0,1,0,0,0,0,0,0,0,0,0,0,0,0,0,0,0,0,0,0,0,0,0,1,1,1,0,1,0,0,0,0,0,,0,0,0,0,0,0,0,0,0,0,0,0,0,0,0,0,,,,,,51-55,46-55,US highway,U,Wednesday,Belt Used,PV,Not Fatal,1,0,0,0,State Route,State Patrol,Washington State Patrol Headquarter,0,1,0,0,0,,,,,,,,,,,,,,,,,,,,,,,,,,,,,,,,,,,,,,,,,,,
2021,514,636165,1,12-02-2021,05:11,2,12,Dec,,77,Yakima,0,1,,2,1,2,1,0,2,2,,,,12,0,6,Angle,60.4,2,0,2,4 Way,3,1,1,3,0,3,0,0,SR-97,LARUE RD,-120.3201833,46.36050278,98948,0,2,87,Others,66,4,55,63,1,0,1,2,12,1,1,2,1,1,Going Straight,1,1,53,,0,14,398,1991,0,0,12,68,12,,,,1,1,93,1,7,1,4,0,3,0,11,8,07-06-2017,17:20,1.96E+11,30528,6,0,3,3,1,39,0,0,0,96,,,,,,0,,,,,,97739,41,71,165,6,1,0,0,0,0,0,46,,,,,,0,,,20,0,0,0,0,9,8,,,0,0,0,8,0,2,1,0,0,1,0,0,2,1,0,,,,,,,,,,,,,,,,,,,,,,,,,,,,,,0,0,0,1,0,0,0,0,0,0,0,0,0,0,0,0,0,0,0,0,0,0,0,0,0,1,1,1,0,1,0,0,0,0,0,,1,0,0,0,0,0,0,0,0,0,0,0,0,0,0,0,,,,,,81+,76+,US highway,U,Wednesday,Belt Used,PV,White,1,0,0,0,State Route,State Patrol,Washington State Patrol Headquarter,0,1,0,0,0,,,,,,,,,,,,,,,,,,,,,,,,,,,,,,,,,,,,,,,,,,,
2020,514,635262,42,12-02-2020,12:11,2,12,Dec,,67,Thurston,0,1,,1,1,2,1,1,1,1,,,,18,0,0,No vehicle,11.4,3,0,3,T Intersection,5,2,2,4,0,0,98,3,CR-LITTLEROCK RD SW,93RD AVE SW,-122.9724083,46.95286944,98512,1,1,98,Others,98,7,50,34,0,0,1,5,8,1,1,2,1,1,Going Straight,1,1,53,,0,49,442,2001,0,0,12,,,,,,1,1,47,2,0,0,0,0,3,0,11,0,,,,,0,0,0,3,1,0,0,0,0,0,,,,,,0,,,,,,98116,53,63,128,6,1,0,1,0,1,0,0,,,,,,0,12-15-2012,04-15-2015,20,0,0,0,8,9,8,,,0,0,0,8,0,0,0,0,0,0,0,0,0,0,996,,,,,,,,,,,,,,,,,,,,,,,,,,,,,,0,0,0,0,0,0,0,0,0,0,0,0,1,0,0,0,0,0,0,0,0,0,0,0,0,0,0,0,1,1,0,0,0,0,0,,0,0,0,0,0,0,0,0,0,0,0,0,0,0,0,0,,,,,,46-50,46-55,Interstate,U,Monday,Belt Used,PV,Not Fatal,0,0,0,0,State Route,State Patrol,Washington State Patrol Headquarter,0,1,0,0,0,,,,,,,,,,,,,,,,,,,,,,,,,,,,,,,,,,,,,,,,,,,
2017,514,633019,39,12-10-2017,19:02,10,12,Dec,0,61,Snohomish,0,1,0,2,2,2,1,0,1,1,,,,42,0,0,No vehicle,0,1,0,1,No intersection,96,6,96,8,0,3,0,0,126TH ST NW,,-122.2836472,48.11014444,98271,0,1,6,Drive off road,12,2,98,4,0,0,1,5,1,2,2,2,1,14,Making a U turn,1,2,53,,0,76,705,2015,0,0,12,,,,,,1,1,45,1,7,1,4,7,5,0,11,0,07-03-2017,16:39,1.96E+11,29593,0,0,0,3,1,0,0,0,0,96,,,,,,99,,,,,,98006,53,67,180,6,1,0,0,0,2,0,0,,,,,,4,12-15-2013,06-15-2016,20,8,0,0,0,9,8,,,0,0,0,8,0,2,1,0,0,1,0,0,2,1,0,,,,,,,,,,,,,,,,,,,,,,,,,,,,,,0,0,0,0,0,0,0,0,0,0,0,0,1,0,0,0,0,0,0,0,0,0,0,0,0,0,0,0,1,1,0,0,0,0,1,0,0,0,0,0,0,0,0,0,0,1,0,0,0,0,0,0,,,,,,41-45,36-45,Interstate,U,Monday,,MC,White,0,0,0,0,State Route,State Patrol,Washington State Patrol Headquarter,0,1,0,0,0,,,,,,,,,,,,,,,,,,,,,,,,,,,,,,,,,,,,,,,,,,,
2019,514,633922,189,02-16-2019,19:41,16,2,Feb,,61,Snohomish,1280,2,0,3,2,2,1,1,1,1,,,,8,1,0,No vehicle,0,3,0,3,T Intersection,7,2,4,6,0,0,0,0,64TH ST NE,58TH DR NE,-122.1518194,48.05381389,98270,0,1,13,Pedestrian/Animal,80,5,35,49,0,0,1,5,8,1,1,5,5,1,Going Straight,99,9,99,,0,37,703,2009,0,0,11,,,,,,1,1,76,1,7,1,4,0,5,0,11,5,07-04-2017,14:43,1.41E+11,29317,0,0,3,3,1,0,0,0,0,96,,,,,,0,,,,,,98235,53,72,215,6,1,0,0,1,0,0,0,,,,,,0,07-15-2013,07-15-2013,20,8,0,0,0,9,8,,,0,0,0,8,0,2,1,0,0,1,0,0,2,1,0,,,,,,,,,,,,,,,,,,,,,,,,,,,,,,0,1,0,0,0,0,0,0,0,0,0,0,0,0,0,0,0,0,0,0,0,0,0,0,0,1,1,1,1,0,0,0,0,0,1,0,0,0,0,0,0,0,0,0,0,0,0,0,0,0,0,0,,,,,,76-80,76+,County road,R,Tuesday,,MC,White,0,0,0,0,County Road,State Patrol,Washington State Patrol Headquarter,0,0,1,0,0,,,,,,,,,,,,,,,,,,,,,,,,,,,,,,,,,,,,,,,,,,,
2020,515,3840261,344,12-22-2020,21:30,22,12,Dec,,77,Yakima,0,1,,2,1,2,1,0,1,1,21:38,21:44,22:10,1,0,0,No vehicle,0.8,1,0,1,No intersection,5,1,2,4,0,3,0,0,CR-CURTIS ST,,-120.7289278,46.37631667,,0,1,7,Control/Traction Loss,12,2,35,14,0,0,1,2,1,2,2,2,1,14,Making a U turn,1,2,41,,0,23,481,2015,0,0,8,,,,,,1,1,29,1,0,0,0,0,3,0,11,0,,,,,0,0,0,3,1,0,0,0,0,0,,,,,,0,,,,,,97071,41,71,180,6,1,0,0,0,1,0,0,,,,,,0,08-15-2014,08-15-2014,1,0,0,0,8,9,2,,,0,0,0,0,0,0,0,0,0,0,0,0,0,0,996,,,,,,,,,,,,,,,,,,,,,,,,,,,,,,0,0,0,0,0,0,0,0,0,1,1,0,0,0,0,0,0,0,0,0,0,0,0,0,0,0,0,0,0,0,0,1,0,0,0,,0,0,0,0,0,0,0,0,0,0,0,0,0,0,0,0,,,,,,26-30,26-35,Interstate,R,Saturday,Belt Used,PV,Not Fatal,0,0,0,0,State Route,State Patrol,Washington State Patrol Headquarter,0,1,0,0,0,,,,,,,,,,,,,,,,,,,,,,,,,,,,,,,,,,,,,,,,,,,
2021,515,636166,25,12-06-2021,10:59,6,12,Dec,,33,King,0,2,,9,2,1,1,0,1,1,,,,34,0,0,No vehicle,0.5,1,0,1,No intersection,7,1,2,4,0,0,0,0,CR-415TH WAY SE,,-121.8078694,47.49215833,98045,0,1,92,Others,12,2,98,4,0,0,1,2,2,1,2,2,1,13,Others,1,2,53,,0,12,16,2010,0,0,8,,,,,,1,1,38,1,0,0,0,0,3,0,11,0,,,,,0,0,0,3,1,0,0,0,0,92,,,,,,0,,,,,,98333,53,66,165,6,1,0,0,0,0,0,97,,,,,,0,,,20,0,0,0,8,9,8,,,0,0,0,8,0,0,0,0,0,0,0,0,0,0,996,,,,,,,,,,,,,,,,,,,,,,,,,,,,,,0,0,0,0,0,0,0,0,0,1,0,1,1,0,0,0,1,0,0,0,0,1,1,0,1,0,0,0,0,1,0,1,0,0,0,,0,0,0,0,0,0,0,0,1,0,0,0,0,0,0,0,,,,,,36-40,36-45,City street,U,Friday,Belt Used,PV,Not Fatal,0,0,0,0,City Street,Municipal/City Police,Fife Police Department,0,0,0,1,0,,,,,,,,,,,,,,,,,,,,,,,,,,,,,,,,,,,,,,,,,,,
2019,515,633939,290,03-17-2019,08:24,17,3,March,,53,Pierce,2230,1,0,1,1,2,1,0,3,3,,,,12,0,6,Angle,0,2,0,2,4 Way,4,2,4,6,0,0,0,0,TACOMA AVE,S 36TH ST,-122.4391194,47.22632778,98408,0,2,89,Others,66,4,35,34,0,0,1,7,12,1,1,2,1,1,Going Straight,1,1,53,,0,34,34,2007,0,0,8,,,,,,1,1,18,1,0,0,0,0,3,0,11,0,,,,,0,0,3,3,1,0,0,0,0,96,,,,,,0,,,,,,98444,53,65,123,6,1,0,1,1,0,0,0,,,,,,4,05-15-2016,05-15-2016,1,0,0,0,8,9,8,,,0,0,0,8,0,0,0,0,0,0,0,0,0,0,996,,,,,,,,,,,,,,,,,,,,,,,,,,,,,,0,0,0,0,0,0,0,0,0,1,0,1,1,0,0,0,1,0,0,0,0,1,1,0,1,0,0,0,0,1,0,1,0,0,0,,0,0,0,0,0,0,0,0,0,1,0,0,0,0,0,0,,,,,,18-20,16-25,City street,U,Friday,Belt Used,PV,Not Fatal,0,0,0,0,City Street,Municipal/City Police,Fife Police Department,0,0,0,1,0,,,,,,,,,,,,,,,,,,,,,,,,,,,,,,,,,,,,,,,,,,,
2019,515,633938,290,03-17-2019,08:24,17,3,March,,53,Pierce,2230,1,0,1,1,2,1,0,3,3,,,,12,0,6,Angle,0,2,0,2,4 Way,4,2,4,6,0,0,20,3,TACOMA AVE,S 36TH ST,-122.4391194,47.22632778,98408,0,1,88,Striking from the Left,17,2,35,2,0,0,1,7,12,1,2,2,1,1,Going Straight,2,2,53,,0,59,403,2013,0,0,54,,,,,,1,1,67,1,0,0,0,0,3,0,11,0,,,,,0,0,0,3,1,0,0,0,0,0,,,,,,0,,,,,,98338,53,74,250,6,1,0,0,0,0,0,0,,,,,,0,,,20,0,0,0,8,9,8,,,0,0,0,8,0,0,0,0,0,0,0,0,0,0,996,,,,,,,,,,,,,,,,,,,,,,,,,,,,,,0,0,0,1,0,0,1,1,0,0,0,0,1,1,0,0,0,0,0,0,0,0,0,0,0,1,0,0,0,1,0,0,0,0,0,,0,0,0,0,0,0,0,0,0,0,0,0,0,0,0,0,,,,,,66-70,66-75,City street,U,Thursday,Belt Used,PV,Not Fatal,1,0,0,0,City Street,Municipal/City Police,Fife Police Department,0,0,0,1,0,,,,,,,,,,,,,,,,,,,,,,,,,,,,,,,,,,,,,,,,,,,
2017,515,633052,2,12-12-2017,14:45,12,12,Dec,0,61,Snohomish,0,1,0,1,1,2,1,0,4,3,,,,12,0,1,Front-to-Rear,2.9,2,0,2,4 Way,4,2,1,3,0,0,0,0,SR-92,44TH ST NE,-122.0498694,48.03599722,98258,0,3,20,Others,50,3,55,4,0,0,1,2,12,1,2,2,1,1,Going Straight,1,1,53,,0,12,23,2015,0,0,12,,,,,,1,1,38,2,0,0,1,0,3,0,11,8,,,,,0,0,0,3,1,0,0,0,0,0,,,,,,0,,,,,,98404,53,67,205,6,1,0,1,1,1,0,0,,,,,,0,04-15-2015,05-15-2015,20,0,0,0,8,9,8,,,0,0,0,8,8,0,0,0,0,0,0,0,0,0,996,,,,,,,,,,,,,,,,,,,,,,,,,,,,,,0,0,0,1,0,0,1,1,0,0,0,0,1,1,0,0,0,0,0,0,0,0,0,0,0,1,0,0,0,1,0,0,0,0,0,,0,0,0,0,0,0,0,0,0,0,0,0,0,0,0,0,,,,,,36-40,36-45,City street,U,Thursday,Belt Used,PV,Not Fatal,1,0,0,0,City Street,Municipal/City Police,Fife Police Department,0,0,0,1,0,,,,,,,,,,,,,,,,,,,,,,,,,,,,,,,,,,,,,,,,,,,
2017,515,633051,2,12-12-2017,14:45,12,12,Dec,0,61,Snohomish,0,1,0,1,1,2,1,0,4,3,,,,12,0,1,Front-to-Rear,2.9,2,0,2,4 Way,4,2,1,3,0,0,0,0,SR-92,44TH ST NE,-122.0498694,48.03599722,98258,0,2,98,Others,62,4,55,34,0,0,1,2,12,1,2,2,1,1,Going Straight,2,1,53,,0,63,37,2016,0,0,12,,,,,,1,1,60,1,0,0,2,0,3,0,11,8,,,,,6,0,3,3,1,0,0,0,0,0,,,,,,0,,,,,,98354,53,69,180,6,1,0,0,0,0,1,0,,,,,,0,05-15-2015,05-15-2015,8,0,0,0,8,9,8,,,0,0,0,8,0,0,0,0,0,0,0,0,0,0,996,,,,,,,,,,,,,,,,,,,,,,,,,,,,,,0,0,0,1,0,0,1,1,0,0,0,0,1,1,0,0,0,0,0,0,0,0,0,0,0,1,0,0,0,1,0,0,0,0,0,,0,0,0,0,0,0,0,0,0,0,0,0,0,0,0,0,,,,,,56-60,56-65,City street,U,Thursday,Belt Used,PV,Not Fatal,1,0,0,0,City Street,Municipal/City Police,Fife Police Department,0,0,0,1,0,,,,,,,,,,,,,,,,,,,,,,,,,,,,,,,,,,,,,,,,,,,