year,something,Cases,repjur,crash_dt,crash_tm,accday,Month,Month,holiday,county,co_char,city,weather,weather2,lightcond,surfcond,surftype,Number of Fatalities,nmforms,pforms,vforms,not_tm,arr_tm,hosp_tm,fhevent,hitrun,Manner of Collision,Manner of Collision,milepnt,reljunc,reljuncinter,intersectiontype,Intersection Type,funcsystem,landuse,ownership,route,schlbus,spejur,contdev,devfunc,trafid1,trafid2,x,y,zipcode,wk_zone,vnumber,crashtype,Crash Type,criticalevent,criticaleventcat,spdlim,body,trailer,emerg,hazcargo,leave,mhevent,roadalgn,roadprof,traflane,trafflow,Vehicle Manure,Vehicle Manure,numoccs,regowner,regstate,,spuse,make,model,modelyr,vrf1,vrf2,seqevent1,seqevent2,seqevent3,seqevent4,seqevent5,seqevent6,pnumber,ptype,age,sex,hispanic,race,injury,diedscene,restraint,restraintmisuse,seatpos,takehosp,death_dt,death_tm,cert,cernum_wa,commlic,licendor,licrestrict,liccomp,drivpres,drf1,drf2,drf3,drf4,distract1,distract2,distract3,distract4,distract5,distract6,dricond1,dricond2,dricond3,dricond4,dricond5,dricond6,dzip,licstate,drhgt_in,weight,noncdl,noncdltype,prevdwi,prevoth,prevacc,prevspd,prevsus,driviol1,driviol2,driviol3,driviol4,driviol5,driviol6,spdrel,first_dt,last_dt,airbag,ejection,ejectpath,extricat,injurwrk,methalc,methdrug,nmlocat,strikveh,prf1,prf2,prf3,druginv,alcinvol,drugsts,drugres1,drugres2,drugres3,drugtst1,drugtst2,drugtst3,alcsts,alctst,alcres,nmact1,nmact2,nmact3,nmact4,nmact5,nmact6,nmprior1,nmprior2,nmprior3,nmprior4,nmprior5,nmprior6,nmcond1,nmcond2,nmcond3,nmcond4,nmcond5,nmcond6,nmsafe_helmet,nmsafe_pads,nmsafe_oth,nmprev_ref,nmprev_lgt,nmprev_oth,crashlocation,nmcrashtype,crosswalk,schoolzone,sidewalk,train_inv,wildlife_inv,rotr_fars,intersect_fars,Drink and Drive,aid_inv,Drug Positive Drivers,Impaired Drivers,Marijuana Positive,impnm_inv,ainm_inv,dpnm_inv,speed_inv,unlic_inv,unendmc_inv,drowsy_inv,drdist_inv,nmdist_inv,fty_inv,unrestfat_inv,dr1617_inv,dr1820_inv,dr1620_inv,dr2125_inv,dr1625_inv,dr65_inv,dr70_inv,dr75_inv,mc_inv,pv_inv,ht_inv,ped_inv,bike_inv,unrest_fat,mc_fat,unhelmet_mc,pv_fat,ht_fat,ped_fat,bike_fat,dr_alc7,dr_alc8,dr_drug,dr_imp,dr_dist,dr_spd,dr_fty,dr_unlic,dr_alc7only,dr_alc8only,dr_drugonly,dr_drink,nm_imp,nm_alc7,nm_alc8,nm_drug,nm_dist,agegrp1,agegrp2,roadclass,urbrur,dayweek,restuse,vehtype,race_me,intersect,lanedep,oppdir,wrongway,rep_typ,investag,repag_long,rotr,st_rd,cty_rd,city_rd,oth_rd,drug_thc,thc_res,drug_cthc,cthc_res,drug_cann,prevpersemin,prevperse,prevsusoth,drugtst4,drugtst5,drugtst6,drugtst7,drugtst8,drugres4,drugres5,drugres6,drugres7,drugres8,adspresent,adsengaged,adslevel,race1,race2,race3,race4,race5,helmet,helmetmisuse,nmdistract1,nmdistract2,nmdistract3,nmdistract4,nmdistract5,nmdistract6,lab,isedtcase,crf1,crf2,crf3,CoRoadName,CoMP,IntCoRoadName,IntCoMP
2017,515,633050,2,12-12-2017,14:45,12,12,Dec,0,61,Snohomish,0,1,0,1,1,2,1,0,4,3,,,,12,0,1,Front-to-Rear,2.9,2,0,2,4 Way,4,2,1,3,0,0,0,0,SR-92,44TH ST NE,-122.0498694,48.03599722,98258,0,1,21,Others,53,3,55,6,0,0,1,2,12,1,2,2,1,5,Others,1,1,53,,0,35,39,2014,0,0,12,12,12,,,,1,1,53,2,7,1,4,7,3,0,11,0,06/29/2017,09:38,74753029555,29555,0,0,3,3,1,0,0,0,0,0,,,,,,0,,,,,,98392,53,66,145,6,1,0,0,0,0,0,0,,,,,,0,,,8,0,0,0,0,9,8,,,0,0,0,8,0,2,401,0,0,1,0,0,2,1,0,,,,,,,,,,,,,,,,,,,,,,,,,,,,,,0,0,0,1,0,0,1,1,0,0,0,0,1,1,0,0,0,0,0,0,0,0,0,0,0,1,0,0,0,1,0,0,0,0,0,,1,0,0,0,0,0,1,1,0,0,0,0,0,0,1,0,,,,,,51-55,46-55,City street,U,Thursday,Belt Used,PV,White,1,0,0,0,City Street,Municipal/City Police,Fife Police Department,0,0,0,1,0,,,,,,,,,,,,,,,,,,,,,,,,,,,,,,,,,,,,,,,,,,,
2017,516,3688140,160,12-08-2017,00:42,8,12,Dec,0,33,King,1030,5,0,3,1,2,1,0,3,2,,,,12,0,6,Angle,8.7,2,0,2,4 Way,3,2,1,3,0,0,3,3,SR-181,S 196TH ST,-122.2493722,47.42665,98188,0,1,88,Striking from the Left,17,2,35,4,0,0,1,2,12,1,1,7,5,1,Going Straight,2,1,16,,0,6,18,2012,0,0,12,60,54,,,,1,1,43,1,0,0,2,0,3,0,11,8,,,,,0,0,0,2,1,37,39,91,0,96,,,,,,99,,,,,,98042,53,68,200,1,1,0,0,0,0,0,1,,,,,,3,,,8,0,0,0,8,9,8,,,0,0,0,8,9,0,0,0,0,0,0,0,0,0,996,,,,,,,,,,,,,,,,,,,,,,,,,,,,,,0,0,0,1,0,0,1,1,0,0,0,0,1,1,0,0,0,0,0,0,0,0,0,0,0,1,0,0,0,1,0,0,0,0,0,,0,0,0,0,0,0,0,0,0,1,0,1,0,0,0,0,,,,,,41-45,36-45,City street,U,Thursday,Belt Used,PV,Not Fatal,1,0,0,0,City Street,Municipal/City Police,Fife Police Department,0,0,0,1,0,,,,,,,,,,,,,,,,,,,,,,,,,,,,,,,,,,,,,,,,,,,
2019,516,3752636,263,04-20-2019,19:06,20,4,April,,33,King,1960,1,0,1,1,2,1,0,2,2,,,,12,0,6,Angle,0,2,0,3,T Intersection,3,2,4,6,0,0,20,3,35TH AVE,SW HUDSON ST,-122.3762806,47.55740278,98126,0,1,82,Turn Into Opp Direction(Turning Left),15,2,30,14,0,0,1,7,12,1,1,2,1,11,Turning Red: Permitted on red,1,1,53,,0,97,997,9998,0,0,8,,,,,,1,1,998,8,0,0,0,0,99,0,11,0,,,,,99,9,9,9,1,0,0,0,0,96,,,,,,99,,,,,,99999,98,,999,9,9,99,99,99,99,99,97,,,,,,9,,,99,0,0,0,8,9,8,,,0,0,0,8,9,0,0,0,0,0,0,0,0,0,996,,,,,,,,,,,,,,,,,,,,,,,,,,,,,,0,0,0,1,0,0,0,0,0,1,0,1,0,0,0,0,0,0,0,0,0,0,0,0,0,0,0,0,0,0,0,1,0,0,0,,0,0,0,0,0,0,0,0,0,0,0,0,0,0,0,0,,,,,,,,State route,U,Thursday,Unknown,NR-U,Not Fatal,1,0,0,0,State Route,Municipal/City Police,Marysville Police Department,0,1,0,0,0,,,,,,,,,,,,,,,,,,,,,,,,,,,,,,,,,,,,,,,,,,,
2019,516,3752636,263,04-20-2019,19:06,20,4,April,,33,King,1960,1,0,1,1,2,1,0,2,2,,,,12,0,6,Angle,0,2,0,3,T Intersection,3,2,4,6,0,0,0,0,35TH AVE,SW HUDSON ST,-122.3762806,47.55740278,98126,0,2,83,Others,67,4,30,15,0,0,1,7,12,1,1,4,1,1,Going Straight,1,1,53,,0,24,401,2006,0,0,12,,,,,,1,1,31,1,0,0,0,0,3,0,11,0,,,,,0,0,3,3,1,0,0,0,0,0,,,,,,0,,,,,,98118,53,73,270,6,1,0,0,0,0,0,0,,,,,,0,,,20,0,0,0,8,9,8,,,0,0,0,8,0,0,0,0,0,0,0,0,0,0,996,,,,,,,,,,,,,,,,,,,,,,,,,,,,,,0,0,0,1,0,0,0,0,0,0,0,0,0,0,0,0,0,0,0,0,0,0,0,0,0,0,0,0,1,1,0,0,0,0,0,,0,0,0,0,0,0,0,0,0,0,0,0,0,0,0,0,,,,,,31-35,26-35,County road,U,Friday,Belt Used,PV,Not Fatal,1,0,0,0,County Road,County Sheriff,King County Police,0,0,1,0,0,,,,,,,,,,,,,,,,,,,,,,,,,,,,,,,,,,,,,,,,,,,
2017,516,3688140,160,12-08-2017,00:42,8,12,Dec,0,33,King,1030,5,0,3,1,2,1,0,3,2,,,,12,0,6,Angle,8.7,2,0,2,4 Way,3,2,1,3,0,0,3,3,SR-181,S 196TH ST,-122.2493722,47.42665,98188,0,2,89,Others,66,4,50,66,1,0,1,8,12,1,2,5,5,1,Going Straight,1,3,53,,0,72,706,2006,0,0,63,69,12,63,19,,1,1,52,1,7,2,4,7,19,0,11,0,06/30/2017,18:40,1.96E+11,29653,0,0,3,3,1,34,0,0,0,96,,,,,,99,,,,,,98387,53,73,225,6,1,0,0,0,0,0,0,,,,,,0,,,20,8,0,0,0,9,8,,,0,0,0,8,9,2,1,0,0,1,0,0,2,1,0,,,,,,,,,,,,,,,,,,,,,,,,,,,,,,0,0,0,1,0,0,0,0,0,0,0,0,0,0,0,0,0,0,0,0,0,0,0,0,0,0,0,0,1,1,0,0,0,0,1,0,0,0,0,0,0,0,0,0,0,0,0,0,0,0,0,0,,,,,,51-55,46-55,County road,U,Friday,,MC,Black,1,0,0,0,County Road,County Sheriff,King County Police,0,0,1,0,0,,,,,,,,,,,,,,,,,,,,,,,,,,,,,,,,,,,,,,,,,,,
2021,516,636168,262,12-04-2021,18:29,4,12,Dec,,33,King,1958,2,,3,2,1,2,0,3,2,,,,12,0,2,Front-to-Front,0,1,0,1,No intersection,4,2,4,6,0,0,0,0,DES MOINES MEMORIAL DR S,,-122.3146139,47.47854167,98168,0,2,51,Lateral Move(Going Straight),62,4,35,4,0,0,1,2,12,1,1,2,1,1,Going Straight,2,1,53,,0,49,442,2004,0,0,63,42,2,,,,1,1,21,1,0,0,3,0,20,0,11,8,,,,,0,0,0,3,1,91,0,0,0,96,,,,,,9,,,,,,99212,53,70,155,6,1,0,1,0,0,0,1,,,,,,3,01-15-2015,01-15-2015,99,1,9,0,8,9,8,,,0,0,0,8,1,0,0,0,0,0,0,0,2,98,997,,,,,,,,,,,,,,,,,,,,,,,,,,,,,,0,0,1,0,1,0,0,0,0,0,0,0,1,0,0,0,0,0,0,0,0,0,0,1,1,0,0,0,0,1,0,0,0,0,0,,0,0,0,0,0,0,0,0,0,1,0,0,0,0,0,1,,,,,,21-25,16-25,State route,R,Monday,Not Used,PV,Not Fatal,0,1,0,0,State Route,State Patrol,Washington State Patrol Headquarter,1,1,0,0,0,,,,,,,,,,,,,,,,,,,,,,,,,,,,,,,,,,,,,,,,,,,
2021,516,636167,262,12-04-2021,18:29,4,12,Dec,,33,King,1958,2,,3,2,1,2,0,3,2,,,,12,0,2,Front-to-Front,0,1,0,1,No intersection,4,2,4,6,0,0,0,0,DES MOINES MEMORIAL DR S,,-122.3146139,47.47854167,98168,0,1,50,Lateral Move(Left/Right),10,2,35,4,0,0,1,2,12,1,1,2,1,1,Going Straight,1,2,53,,0,22,20,2001,0,0,63,52,2,,,,1,1,63,1,7,1,4,7,99,0,11,0,07-04-2017,00:02,53030557,30557,8,0,0,3,1,0,0,0,0,96,,,,,,9,,,,,,98251,53,74,250,6,1,0,0,1,2,0,0,,,,,,4,07-15-2013,08-15-2014,99,0,0,0,0,1,8,,,0,0,0,8,1,2,1,0,0,1,0,0,2,1,0.19,,,,,,,,,,,,,,,,,,,,,,,,,,,,,,0,0,1,0,1,1,0,1,0,0,0,0,1,0,0,0,0,0,0,0,0,0,0,0,0,0,0,0,0,1,0,0,0,0,0,,1,0,0,0,0,1,0,1,0,1,0,0,0,1,0,1,,,,,,61-65,56-65,US highway,R,Tuesday,Unknown,PV,White,0,1,0,0,State Route,State Patrol,Washington State Patrol Headquarter,1,1,0,0,0,,,,,,,,,,,,,,,,,,,,,,,,,,,,,,,,,,,,,,,,,,,
2020,516,635356,13,06-06-2020,15:35,6,6,June,,9,Clallam,0,10,,1,2,5,1,0,2,1,15:49,16:53,17:32,1,0,0,No vehicle,1.5,1,0,1,No intersection,96,6,96,8,0,0,0,0,LOGGING ROAD,,-123.2280333,48.00813333,,0,1,98,Others,6,1,98,96,0,0,1,2,1,3,2,8,8,14,Making a U turn,2,1,53,,0,20,481,2010,0,0,54,,,,,,1,1,21,1,0,0,0,0,3,0,11,0,,,,,0,0,0,3,1,0,0,0,0,0,,,,,,0,,,,,,98501,53,71,165,6,1,0,0,0,0,0,0,,,,,,0,,,20,0,0,0,8,9,8,,,0,0,0,8,0,0,0,0,0,0,0,0,0,0,996,,,,,,,,,,,,,,,,,,,,,,,,,,,,,,0,0,0,0,0,0,1,1,0,0,0,0,0,0,0,0,0,0,0,1,0,0,0,1,1,0,0,0,0,1,1,0,0,0,0,,0,0,0,0,0,0,0,0,0,0,0,0,0,0,0,0,,,,,,21-25,16-25,County road,U,Tuesday,Belt Used,PV,Not Fatal,0,1,1,0,County Road,County Sheriff,Thurston County Sheriff's Office,0,0,1,0,0,,,,,,,,,,,,,,,,,,,,,,,,,,,,,,,,,,,,,,,,,,,
2021,517,636169,146,11-24-2021,09:40,24,11,Nov,,77,Yakima,0,1,,1,1,2,1,0,1,1,,,,52,0,0,No vehicle,1.1,1,0,1,No intersection,6,1,2,4,0,3,0,0,CR-STEPHENSON RD,,-120.6913389,46.43212778,98951,0,1,6,Drive off road,12,2,50,4,0,0,1,2,52,1,4,2,1,1,Going Straight,1,2,53,,0,6,52,2005,0,0,54,,,,,,1,1,21,2,0,0,0,0,3,0,11,0,,,,,0,0,0,3,1,0,0,0,0,0,,,,,,0,,,,,,98576,53,69,180,6,1,0,0,2,1,0,0,,,,,,0,07-15-2014,03-15-2017,20,0,0,0,8,9,8,,,0,0,0,8,0,0,0,0,0,0,0,0,0,0,996,,,,,,,,,,,,,,,,,,,,,,,,,,,,,,0,0,0,0,0,0,1,1,0,0,0,0,0,0,0,0,0,0,0,1,0,0,0,1,1,0,0,0,0,1,1,0,0,0,0,,0,0,0,0,0,0,0,0,0,0,0,0,0,0,0,0,,,,,,21-25,16-25,County road,U,Tuesday,Belt Used,PV,Not Fatal,0,1,1,0,County Road,County Sheriff,Thurston County Sheriff's Office,0,0,1,0,0,,,,,,,,,,,,,,,,,,,,,,,,,,,,,,,,,,,,,,,,,,,
2020,517,635360,6,12-06-2020,20:40,6,12,Dec,,25,Grant,0,1,,2,2,2,1,0,7,3,20:46,20:56,,12,0,8,Other,4.5,1,0,1,No intersection,4,1,1,3,0,0,0,0,SR-243,,-119.8268861,46.63319444,99349,0,3,98,Others,62,4,60,15,0,0,1,2,12,1,1,2,1,1,Going Straight,2,2,53,,0,20,880,2007,0,0,12,,,,,,1,1,60,1,0,0,3,0,3,0,11,1,,,,,0,0,3,3,1,0,0,0,0,0,,,,,,0,,,,,,98576,53,67,145,6,1,0,0,1,0,0,0,,,,,,0,02-15-2017,02-15-2017,1,0,0,0,8,9,8,,,0,0,0,8,0,0,0,0,0,0,0,0,0,0,996,,,,,,,,,,,,,,,,,,,,,,,,,,,,,,0,0,0,0,0,0,1,1,0,0,0,0,0,0,0,0,0,0,0,1,0,0,0,1,1,0,0,0,0,1,1,0,0,0,0,,0,0,0,0,0,0,0,0,0,0,0,0,0,0,0,0,,,,,,56-60,56-65,County road,U,Tuesday,Belt Used,MHTRUCK,Not Fatal,0,1,1,0,County Road,County Sheriff,Thurston County Sheriff's Office,0,0,1,0,0,,,,,,,,,,,,,,,,,,,,,,,,,,,,,,,,,,,,,,,,,,,
2020,517,635359,6,12-06-2020,20:40,6,12,Dec,,25,Grant,0,1,,2,2,2,1,0,7,3,20:46,20:56,,12,0,8,Other,4.5,1,0,1,No intersection,4,1,1,3,0,0,0,0,SR-243,,-119.8268861,46.63319444,99349,0,2,65,Others,62,4,60,4,0,0,1,2,12,1,1,2,1,1,Going Straight,4,1,53,,0,54,421,2004,0,0,68,12,60,54,54,,1,1,37,1,7,1,4,7,20,0,11,0,07-04-2017,08:26,53030334,30334,0,0,3,3,1,28,0,0,0,96,,,,,,99,,,,,,98589,53,73,175,6,1,0,0,0,0,1,0,,,,,,0,09-15-2012,09-15-2012,8,0,0,0,0,9,8,,,0,0,0,8,9,2,128,401,417,1,1,1,2,1,0,,,,,,,,,,,,,,,,,,,,,,,,,,,,,,0,0,0,0,0,0,1,1,0,0,0,0,0,0,0,0,0,0,0,1,0,0,0,1,1,0,0,0,0,1,1,0,0,1,0,,1,0,0,0,0,0,1,1,0,0,0,0,0,0,1,0,,,,,,36-40,36-45,County road,U,Tuesday,Not Used,PV,White,0,1,1,0,County Road,County Sheriff,Thurston County Sheriff's Office,0,0,1,0,0,,,,,,,,,,,,,,,,,,,,,,,,,,,,,,,,,,,,,,,,,,,
2020,517,635358,6,12-06-2020,20:40,6,12,Dec,,25,Grant,0,1,,2,2,2,1,0,7,3,20:46,20:56,,12,0,8,Other,4.5,1,0,1,No intersection,4,1,1,3,0,0,0,0,SR-243,,-119.8268861,46.63319444,99349,0,1,64,Others,10,2,60,62,0,0,1,2,12,1,1,2,1,1,Going Straight,1,3,53,,0,20,481,2009,0,0,12,,,,,,1,1,40,1,0,0,1,0,20,0,11,4,,,,,0,0,0,3,1,0,0,0,0,0,,,,,,0,,,,,,98901,53,67,155,6,1,0,0,0,0,0,0,,,,,,0,,,20,0,0,0,8,9,8,,,0,0,0,8,0,0,0,0,0,0,0,0,0,0,996,,,,,,,,,,,,,,,,,,,,,,,,,,,,,,0,0,0,0,1,1,0,1,0,0,0,0,1,1,0,0,0,0,0,1,0,0,0,0,0,0,0,0,0,1,0,0,0,0,0,,0,0,0,0,0,0,0,0,0,0,0,0,0,0,0,0,,,,,,36-40,36-45,State route,R,Sunday,Not Used,PV,Not Fatal,1,0,0,0,State Route,State Patrol,Washington State Patrol Headquarter,0,1,0,0,0,,,,,,,,,,,,,,,,,,,,,,,,,,,,,,,,,,,,,,,,,,,
2019,517,634092,278,06-05-2019,18:15,5,6,June,,63,Spokane,2110,1,0,1,1,2,1,1,1,1,,,,33,0,0,No vehicle,0,1,0,1,No intersection,3,2,4,6,0,0,0,0,E SPRAGUE AVE,,-117.3580056,47.65724722,99202,0,1,6,Drive off road,8,1,35,4,0,0,1,7,30,1,1,2,2,1,Going Straight,1,1,53,,0,37,32,2014,0,0,12,,,,,,1,1,39,2,7,3,4,7,20,0,11,0,06/25/2017,07:41,2.59E+11,28161,0,0,3,2,1,39,0,0,0,96,,,,,,9,,,,,,98902,53,60,115,1,1,3,0,0,1,4,0,,,,,,3,11-15-2015,10-15-2016,8,0,0,0,0,1,8,,,0,0,0,8,1,2,1,0,0,1,0,0,2,1,0.26,,,,,,,,,,,,,,,,,,,,,,,,,,,,,,0,0,0,0,1,1,0,1,0,0,0,0,1,1,0,0,0,0,0,1,0,0,0,0,0,0,0,0,0,1,0,0,0,1,0,,1,0,0,0,0,1,0,1,0,1,0,1,0,1,0,1,,,,,,36-40,36-45,State route,R,Sunday,Not Used,PV,AIAN,1,0,0,0,State Route,State Patrol,Washington State Patrol Headquarter,0,1,0,0,0,,,,,,,,,,,,,,,,,,,,,,,,,,,,,,,,,,,,,,,,,,,
2017,517,633021,39,12-13-2017,17:53,13,12,Dec,0,61,Snohomish,0,1,0,2,1,2,1,0,2,2,,,,12,0,6,Angle,4.6,1,0,1,No intersection,5,1,2,4,0,0,0,0,CR-N LAKE ROESIGER RD,,-121.9166028,48.01092778,98209,0,2,66,Specific Other,62,4,98,67,0,0,1,5,12,3,1,2,1,14,Making a U turn,1,2,53,,0,98,870,1995,0,0,8,,,,,,1,1,54,1,0,0,0,0,3,0,11,0,,,,,0,0,0,3,1,0,0,0,0,0,,,,,,0,,,,,,98942,53,72,200,6,1,0,0,0,0,0,0,,,,,,0,,,20,0,0,0,8,9,8,,,0,0,0,8,0,0,0,0,0,0,0,0,0,0,996,,,,,,,,,,,,,,,,,,,,,,,,,,,,,,0,0,0,0,0,0,0,0,0,1,1,0,0,0,0,0,0,0,0,0,0,0,0,0,0,0,0,0,0,0,0,1,0,0,0,,0,0,0,0,0,0,0,0,0,0,0,0,0,0,0,0,,,,,,51-55,46-55,County road,R,Friday,,BUS,Not Fatal,0,0,0,0,County Road,State Patrol,Washington State Patrol Headquarter,0,0,1,0,0,,,,,,,,,,,,,,,,,,,,,,,,,,,,,,,,,,,,,,,,,,,
2017,517,633020,39,12-13-2017,17:53,13,12,Dec,0,61,Snohomish,0,1,0,2,1,2,1,0,2,2,,,,12,0,6,Angle,4.6,1,0,1,No intersection,5,1,2,4,0,0,0,0,CR-N LAKE ROESIGER RD,,-121.9166028,48.01092778,98209,0,1,66,Specific Other,6,1,98,2,0,0,1,5,12,2,1,2,1,14,Making a U turn,1,2,53,,0,20,37,2006,0,0,12,,,,,,1,1,64,1,0,0,2,0,3,0,11,8,,,,,6,0,3,3,1,0,0,0,0,0,,,,,,0,,,,,,98270,53,68,228,6,1,0,0,0,0,0,0,,,,,,0,,,8,0,0,0,8,9,8,,,0,0,0,8,0,0,0,0,0,0,0,0,0,0,996,,,,,,,,,,,,,,,,,,,,,,,,,,,,,,0,0,0,1,1,1,1,1,1,0,0,0,0,0,0,0,0,0,1,0,0,0,0,0,0,0,0,0,0,1,0,0,0,0,0,,0,0,0,0,0,0,0,0,0,0,0,0,0,0,0,0,,,,,,61-65,56-65,US highway,U,Tuesday,Belt Used,PV,Not Fatal,1,0,0,0,State Route,Municipal/City Police,Monroe Police Department,0,1,0,0,0,,,,,,,,,,,,,,,,,,,,,,,,,,,,,,,,,,,,,,,,,,,
2021,518,3835913,263,09-24-2021,02:21,24,9,Sep,,33,King,1960,1,,3,1,1,1,0,2,3,,,,30,0,0,No vehicle,0,1,0,1,No intersection,3,2,4,6,0,0,0,0,15TH AVE W,,-122.3761444,47.63304444,98119,0,1,6,Drive off road,8,1,25,15,0,0,1,2,30,2,1,4,1,14,Making a U turn,2,2,6,,0,20,401,1994,0,0,12,,,,,,1,1,54,2,0,0,3,0,99,0,11,8,,,,,0,0,3,3,1,38,39,0,0,96,,,,,,99,,,,,,88310,35,65,155,6,1,0,0,98,0,0,9,,,,,,0,,,20,0,0,0,8,9,8,,,0,0,0,8,1,2,316,605,996,1,1,1,2,1,0.21,,,,,,,,,,,,,,,,,,,,,,,,,,,,,,0,0,0,1,1,1,1,1,1,0,0,0,0,0,0,0,0,0,1,0,0,0,0,0,0,0,0,0,0,1,0,0,0,0,0,,0,0,0,0,0,1,1,1,0,0,1,0,0,0,0,1,,,,,,51-55,46-55,US highway,U,Tuesday,Unknown,PV,Not Fatal,1,0,0,0,State Route,Municipal/City Police,Monroe Police Department,0,1,0,0,0,thc,15,carboxy-thc,35,,,,,,,,,,,,,,,,,,,,,,,,,,,,,,,,,,,,,,,
2020,518,635386,39,11-21-2020,20:38,21,11,Nov,,61,Snohomish,0,1,,2,1,2,1,0,1,1,20:40,20:46,,42,0,0,No vehicle,0.4,1,0,1,No intersection,6,1,2,4,0,0,0,0,CR-TROMBLEY,,-121.985825,47.91488333,,0,1,1,Driver Off Road,13,2,35,4,0,0,1,2,42,4,2,8,1,14,Making a U turn,1,1,53,,0,12,17,1994,0,0,63,32,,,,,1,1,42,2,0,0,3,0,20,0,11,5,,,,,0,0,3,3,1,0,0,0,0,10,,,,,,99,,,,,,98019,53,64,135,6,1,0,0,1,1,4,97,,,,,,0,08-15-2012,05-15-2017,20,9,0,0,8,9,8,,,0,0,0,8,9,0,0,0,0,0,0,0,0,0,996,,,,,,,,,,,,,,,,,,,,,,,,,,,,,,0,0,1,0,0,0,0,0,0,0,0,0,0,0,0,0,1,0,0,1,0,0,0,0,0,0,0,0,0,1,0,0,0,0,0,,0,0,0,0,0,0,0,0,1,0,0,0,0,0,0,0,,,,,,41-45,36-45,County road,R,Tuesday,Not Used,PV,Not Fatal,0,1,0,0,County Road,County Sheriff,King County Police,1,0,1,0,0,,,,,,,,,,,,,,,,,,,,,,,,,,,,,,,,,,,,,,,,,,,
2019,518,634057,25,05-09-2019,14:44,9,5,May,,33,King,0,1,0,1,1,2,1,0,1,1,,,,34,0,0,No vehicle,9999.9,1,0,1,No intersection,5,1,2,4,0,0,0,0,CR-CUMBERLAND KANASKET,,-121.8919694,47.31527222,98051,0,1,1,Driver Off Road,13,2,98,14,0,0,1,7,34,3,1,2,1,14,Making a U turn,1,1,53,,0,12,471,2000,0,0,68,64,59,42,,,1,1,47,1,1,1,4,7,20,0,11,0,06/25/2017,18:28,25453028966,28966,0,0,0,3,1,0,0,0,0,96,,,,,,99,,,,,,98014,53,72,150,6,1,0,1,0,0,0,0,,,,,,3,01-15-2013,01-15-2013,20,0,0,0,0,9,8,,,0,0,0,8,1,2,1,0,0,1,0,0,2,1,0.3,,,,,,,,,,,,,,,,,,,,,,,,,,,,,,0,0,0,0,1,1,0,1,0,0,0,0,1,0,0,0,0,0,0,0,0,0,0,0,0,0,0,0,0,0,0,0,0,1,0,,0,0,0,0,0,1,0,1,0,1,0,0,0,1,0,1,,,,,,46-50,46-55,State route,U,Sunday,Not Used,PV,Hispanic,0,1,0,0,State Route,County Sheriff,King County Police,1,1,0,0,0,,,,,,,,,,,,,,,,,,,,,,,,,,,,,,,,,,,,,,,,,,,
2017,518,633022,247,12-15-2017,03:59,15,12,Dec,0,33,King,1820,10,0,3,2,2,1,1,1,1,,,,8,0,0,No vehicle,0,1,0,1,No intersection,3,2,4,6,0,0,0,0,AVONDALE RD,,-122.0927194,47.70104722,98052,0,1,13,Pedestrian/Animal,80,5,40,14,0,0,1,2,8,1,1,8,1,1,Going Straight,1,1,53,,0,12,16,2008,0,0,63,35,67,1,,,1,1,30,1,1,98,4,0,99,0,11,5,07-05-2017,16:20,2.39E+11,30588,0,0,0,3,1,0,0,0,0,96,,,,,,9,,,,,,99362,53,66,155,6,1,0,0,1,3,3,0,,,,,,3,07-15-2013,11-15-2016,20,1,9,0,0,9,8,,,0,0,0,8,1,2,605,695,0,1,1,0,2,1,0.17,,,,,,,,,,,,,,,,,,,,,,,,,,,,,,0,0,1,0,1,1,1,1,1,0,0,0,1,0,0,0,0,0,0,0,0,0,0,0,0,0,0,0,0,1,0,0,0,0,0,,1,0,0,0,0,1,1,1,0,1,0,0,0,0,0,1,,,,,,26-30,26-35,County road,R,Friday,Unknown,PV,Hispanic,0,1,0,0,County Road,County Sheriff,Walla Walla County Sheriff's Office,1,0,1,0,0,thc,1.1,carboxy-thc,11,,,,,,,,,,,,,,,,,,,,,,,,,,,,,,,,,,,,,,,
2020,519,635165,4,09-02-2020,06:57,2,9,Sep,,1,Adams,0,1,,4,1,2,1,0,2,2,,,,12,0,6,Angle,46.8,2,0,2,4 Way,3,1,1,3,0,0,20,3,SR-26,BOOKER RD,-119.0482028,46.79954167,99344,0,1,89,Others,17,2,55,34,0,0,1,2,12,1,1,2,1,1,Going Straight,1,1,41,,0,48,34,1993,0,0,12,,,,,,1,1,80,2,7,1,4,7,3,0,11,0,07-02-2017,23:46,53029547,29547,0,0,0,3,1,0,0,0,0,0,,,,,,0,,,,,,97006,41,70,175,6,1,0,3,0,0,0,0,,,,,,0,09-15-2013,10-15-2013,20,0,0,0,0,9,8,,,0,0,0,8,0,2,1,0,0,1,0,0,2,1,0,,,,,,,,,,,,,,,,,,,,,,,,,,,,,,0,0,0,0,0,0,0,0,0,0,0,0,0,0,0,0,0,0,0,0,0,0,0,0,0,1,1,1,0,1,1,0,0,0,0,,1,0,0,0,0,0,0,0,0,0,0,0,0,0,0,0,,,,,,76-80,76+,Interstate,R,Sunday,Belt Used,PV,White,0,0,0,0,State Route,State Patrol,Washington State Patrol Headquarter,0,1,0,0,0,,,,,,,,,,,,,,,,,,,,,,,,,,,,,,,,,,,,,,,,,,,
2021,519,636172,297,12-04-2021,13:16,4,12,Dec,,33,King,2310,2,,1,2,2,1,0,7,3,,,,12,0,2,Front-to-Front,0,1,0,1,No intersection,4,2,4,6,0,0,0,0,S RYAN WAY,,-122.2769556,47.50768333,98178,0,3,98,Others,62,4,35,14,0,0,1,2,12,3,2,4,1,14,Making a U turn,1,1,53,,0,87,884,2017,0,0,12,,,,,,1,1,36,1,0,0,0,0,3,0,11,0,,,,,6,1,0,3,1,91,0,0,0,96,,,,,,9,,,,,,98597,53,74,185,6,1,0,0,2,0,0,1,,,,,,0,05-15-2016,08-15-2016,20,0,0,0,8,9,2,,,0,0,0,0,0,0,0,0,0,0,0,0,0,0,996,,,,,,,,,,,,,,,,,,,,,,,,,,,,,,0,0,0,0,0,0,0,0,0,0,0,0,0,0,0,0,0,0,0,0,0,0,0,0,0,1,1,1,0,1,1,0,0,0,0,,0,0,0,0,0,0,0,0,0,0,0,0,0,0,0,0,,,,,,36-40,36-45,Interstate,R,Sunday,,MHTRUCK,Not Fatal,0,0,0,0,State Route,State Patrol,Washington State Patrol Headquarter,0,1,0,0,0,,,,,,,,,,,,,,,,,,,,,,,,,,,,,,,,,,,,,,,,,,,