year,something,Cases,repjur,crash_dt,crash_tm,accday,Month,Month,holiday,county,co_char,city,weather,weather2,lightcond,surfcond,surftype,Number of Fatalities,nmforms,pforms,vforms,not_tm,arr_tm,hosp_tm,fhevent,hitrun,Manner of Collision,Manner of Collision,milepnt,reljunc,reljuncinter,intersectiontype,Intersection Type,funcsystem,landuse,ownership,route,schlbus,spejur,contdev,devfunc,trafid1,trafid2,x,y,zipcode,wk_zone,vnumber,crashtype,Crash Type,criticalevent,criticaleventcat,spdlim,body,trailer,emerg,hazcargo,leave,mhevent,roadalgn,roadprof,traflane,trafflow,Vehicle Manure,Vehicle Manure,numoccs,regowner,regstate,,spuse,make,model,modelyr,vrf1,vrf2,seqevent1,seqevent2,seqevent3,seqevent4,seqevent5,seqevent6,pnumber,ptype,age,sex,hispanic,race,injury,diedscene,restraint,restraintmisuse,seatpos,takehosp,death_dt,death_tm,cert,cernum_wa,commlic,licendor,licrestrict,liccomp,drivpres,drf1,drf2,drf3,drf4,distract1,distract2,distract3,distract4,distract5,distract6,dricond1,dricond2,dricond3,dricond4,dricond5,dricond6,dzip,licstate,drhgt_in,weight,noncdl,noncdltype,prevdwi,prevoth,prevacc,prevspd,prevsus,driviol1,driviol2,driviol3,driviol4,driviol5,driviol6,spdrel,first_dt,last_dt,airbag,ejection,ejectpath,extricat,injurwrk,methalc,methdrug,nmlocat,strikveh,prf1,prf2,prf3,druginv,alcinvol,drugsts,drugres1,drugres2,drugres3,drugtst1,drugtst2,drugtst3,alcsts,alctst,alcres,nmact1,nmact2,nmact3,nmact4,nmact5,nmact6,nmprior1,nmprior2,nmprior3,nmprior4,nmprior5,nmprior6,nmcond1,nmcond2,nmcond3,nmcond4,nmcond5,nmcond6,nmsafe_helmet,nmsafe_pads,nmsafe_oth,nmprev_ref,nmprev_lgt,nmprev_oth,crashlocation,nmcrashtype,crosswalk,schoolzone,sidewalk,train_inv,wildlife_inv,rotr_fars,intersect_fars,Drink and Drive,aid_inv,Drug Positive Drivers,Impaired Drivers,Marijuana Positive,impnm_inv,ainm_inv,dpnm_inv,speed_inv,unlic_inv,unendmc_inv,drowsy_inv,drdist_inv,nmdist_inv,fty_inv,unrestfat_inv,dr1617_inv,dr1820_inv,dr1620_inv,dr2125_inv,dr1625_inv,dr65_inv,dr70_inv,dr75_inv,mc_inv,pv_inv,ht_inv,ped_inv,bike_inv,unrest_fat,mc_fat,unhelmet_mc,pv_fat,ht_fat,ped_fat,bike_fat,dr_alc7,dr_alc8,dr_drug,dr_imp,dr_dist,dr_spd,dr_fty,dr_unlic,dr_alc7only,dr_alc8only,dr_drugonly,dr_drink,nm_imp,nm_alc7,nm_alc8,nm_drug,nm_dist,agegrp1,agegrp2,roadclass,urbrur,dayweek,restuse,vehtype,race_me,intersect,lanedep,oppdir,wrongway,rep_typ,investag,repag_long,rotr,st_rd,cty_rd,city_rd,oth_rd,drug_thc,thc_res,drug_cthc,cthc_res,drug_cann,prevpersemin,prevperse,prevsusoth,drugtst4,drugtst5,drugtst6,drugtst7,drugtst8,drugres4,drugres5,drugres6,drugres7,drugres8,adspresent,adsengaged,adslevel,race1,race2,race3,race4,race5,helmet,helmetmisuse,nmdistract1,nmdistract2,nmdistract3,nmdistract4,nmdistract5,nmdistract6,lab,isedtcase,crf1,crf2,crf3,CoRoadName,CoMP,IntCoRoadName,IntCoMP
2021,519,636171,297,12-04-2021,13:16,4,12,Dec,,33,King,2310,2,,1,2,2,1,0,7,3,,,,12,0,2,Front-to-Front,0,1,0,1,No intersection,4,2,4,6,0,0,0,0,S RYAN WAY,,-122.2769556,47.50768333,98178,0,2,51,Lateral Move(Going Straight),62,4,35,15,0,0,1,2,12,3,2,4,1,14,Making a U turn,5,2,53,,0,55,33,2014,0,0,9,,,,,,1,1,21,1,0,0,0,0,3,0,11,0,,,,,0,0,3,3,1,0,0,0,0,0,,,,,,0,,,,,,84015,49,71,165,6,1,0,1,98,0,0,0,,,,,,0,03-15-2014,03-15-2014,20,0,0,0,8,9,2,,,0,0,0,0,0,0,0,0,0,0,0,0,0,0,996,,,,,,,,,,,,,,,,,,,,,,,,,,,,,,0,0,0,1,0,0,0,0,0,0,0,0,0,0,0,0,0,0,0,0,0,0,0,1,1,0,0,0,0,1,0,0,1,0,0,,0,0,0,0,0,0,0,0,0,0,0,0,0,0,0,0,,,,,,21-25,16-25,State route,U,Sunday,Belt Used,PV,Not Fatal,1,0,0,0,State Route,State Patrol,Washington State Patrol Headquarter,0,1,0,0,0,,,,,,,,,,,,,,,,,,,,,,,,,,,,,,,,,,,,,,,,,,,
2021,519,636170,297,12-04-2021,13:16,4,12,Dec,,33,King,2310,2,,1,2,2,1,0,7,3,,,,12,0,2,Front-to-Front,0,1,0,1,No intersection,4,2,4,6,0,0,0,0,S RYAN WAY,,-122.2769556,47.50768333,98178,0,1,50,Lateral Move(Left/Right),10,2,35,2,0,0,1,2,12,2,2,4,1,14,Making a U turn,1,1,53,,0,7,482,2014,0,0,8,,,,,,1,1,53,1,0,0,0,0,3,0,11,0,,,,,0,0,0,3,1,0,0,0,0,96,,,,,,0,,,,,,98001,53,74,230,6,1,0,0,0,0,0,0,,,,,,0,,,20,0,0,0,8,9,8,,,0,0,0,8,0,0,0,0,0,0,0,0,0,0,996,,,,,,,,,,,,,,,,,,,,,,,,,,,,,,0,0,0,0,0,0,0,0,0,1,1,0,0,0,0,0,0,0,0,0,0,0,0,0,0,0,0,0,0,0,0,1,0,0,0,,0,0,0,0,0,0,0,0,0,0,0,0,0,0,0,0,,,,,,51-55,46-55,City street,U,Friday,Belt Used,PV,Not Fatal,0,0,0,0,City Street,Municipal/City Police,Federal Way Dept of Public Safety,0,0,0,1,0,,,,,,,,,,,,,,,,,,,,,,,,,,,,,,,,,,,,,,,,,,,
2020,519,635166,4,09-02-2020,06:57,2,9,Sep,,1,Adams,0,1,,4,1,2,1,0,2,2,,,,12,0,6,Angle,46.8,2,0,2,4 Way,3,1,1,3,0,0,0,0,SR-26,BOOKER RD,-119.0482028,46.79954167,99344,0,2,88,Striking from the Left,66,4,60,34,1,0,1,2,12,1,1,2,1,1,Going Straight,1,1,53,,0,41,35,2001,0,0,68,64,39,,,,1,1,52,1,6,98,4,7,3,0,11,0,07-03-2017,02:11,1.22E+11,29834,0,0,0,0,1,0,0,0,0,96,,,,,,99,,,,,,98205,53,65,200,0,0,0,0,0,0,0,0,,,,,,0,,,8,0,0,0,0,9,8,,,0,0,0,8,9,2,1,0,0,1,0,0,2,1,0.2,,,,,,,,,,,,,,,,,,,,,,,,,,,,,,0,0,1,0,1,1,0,1,0,0,0,0,0,1,0,0,0,0,0,0,0,0,0,0,0,0,0,0,0,1,0,0,0,0,0,,1,0,0,0,0,1,0,1,0,0,0,1,0,1,0,1,,,,,,51-55,46-55,State route,U,Monday,Belt Used,PV,Hispanic,0,0,0,0,State Route,Municipal/City Police,Lynnwood Police Department,0,1,0,0,0,,,,,,,,,,,,,,,,,,,,,,,,,,,,,,,,,,,,,,,,,,,
2019,519,634157,171,06-21-2019,22:23,21,6,June,,33,King,1107,1,0,2,1,2,1,1,1,1,,,,8,0,0,No vehicle,4.9,1,0,1,No intersection,3,2,1,3,0,0,0,0,SR-522,,-122.2872611,47.74243333,98155,0,1,13,Pedestrian/Animal,80,5,40,5,0,0,1,7,8,1,2,6,5,1,Going Straight,1,1,53,,0,20,481,2002,0,0,63,42,,,,,1,1,25,1,0,0,5,0,99,0,11,0,,,,,0,0,3,2,1,91,0,0,0,96,,,,,,9,,,,,,98582,53,70,195,2,1,2,8,1,1,1,1,,,,,,3,11-15-2015,04-15-2016,1,0,0,0,8,9,8,,,0,0,0,8,1,0,0,0,0,0,0,0,0,0,996,,,,,,,,,,,,,,,,,,,,,,,,,,,,,,0,0,1,0,1,0,0,0,0,0,0,0,1,1,0,0,0,0,0,0,0,0,0,1,1,0,0,0,0,0,0,0,0,0,0,,0,0,0,0,0,0,0,0,0,1,0,1,0,0,0,1,,,,,,21-25,16-25,State route,R,Saturday,Unknown,PV,Not Fatal,0,1,0,0,State Route,State Patrol,Washington State Patrol Headquarter,1,1,0,0,0,,,,,,,,,,,,,,,,,,,,,,,,,,,,,,,,,,,,,,,,,,,
2017,519,633028,2,12-18-2017,13:40,18,12,Dec,0,57,Skagit,0,10,0,1,1,2,1,0,3,3,13:39,13:45,14:21,12,0,6,Angle,58.3,2,0,2,4 Way,3,2,1,3,0,0,3,3,SR-20,PULVER RD,-122.3570611,48.46559722,98233,0,3,98,Others,66,4,45,15,0,0,1,2,12,1,1,5,1,1,Going Straight,1,1,53,,0,52,401,2002,0,0,61,64,24,1,,,1,1,47,1,7,18,4,7,3,0,11,0,06/30/2017,22:21,53029200,29200,0,0,3,3,1,80,0,0,0,96,,,,,,0,,,,,,98053,53,71,164,6,1,0,0,1,0,0,0,,,,,,0,07-15-2012,07-15-2012,20,0,0,0,0,9,8,,,0,0,0,8,0,2,1,0,0,1,0,0,2,1,0,,,,,,,,,,,,,,,,,,,,,,,,,,,,,,0,0,0,0,0,0,0,0,0,0,0,0,0,0,0,0,0,0,0,1,0,0,0,0,0,0,0,0,0,1,0,0,0,0,0,,1,0,0,0,0,0,0,0,0,0,0,0,0,0,0,0,,,,,,46-50,46-55,Interstate,R,Friday,Belt Used,PV,API,0,1,0,0,State Route,State Patrol,Washington State Patrol Headquarter,1,1,0,0,0,,,,,,,,,,,,,,,,,,,,,,,,,,,,,,,,,,,,,,,,,,,
2017,519,633027,2,12-18-2017,13:40,18,12,Dec,0,57,Skagit,0,10,0,1,1,2,1,0,3,3,13:39,13:45,14:21,12,0,6,Angle,58.3,2,0,2,4 Way,3,2,1,3,0,0,3,3,SR-20,PULVER RD,-122.3570611,48.46559722,98233,0,2,88,Striking from the Left,66,4,45,4,0,0,1,2,12,1,1,5,1,1,Going Straight,1,3,53,,0,37,441,2006,0,0,12,,,,,,1,1,42,1,0,0,1,0,3,0,11,5,,,,,0,0,0,3,1,0,0,0,0,0,,,,,,0,,,,,,99344,53,75,205,6,1,0,0,0,0,0,0,,,,,,0,,,8,0,0,0,8,9,8,,,0,0,0,8,0,0,0,0,0,0,0,0,0,0,996,,,,,,,,,,,,,,,,,,,,,,,,,,,,,,0,0,0,0,1,0,0,0,0,0,0,0,0,0,0,0,0,0,0,0,0,1,1,0,1,0,0,0,0,1,0,0,0,0,0,,0,0,0,0,0,0,0,0,0,0,0,0,0,0,0,0,,,,,,41-45,36-45,State route,R,Sunday,Belt Used,PV,Not Fatal,0,1,1,0,State Route,State Patrol,Washington State Patrol Headquarter,0,1,0,0,0,,,,,,,,,,,,,,,,,,,,,,,,,,,,,,,,,,,,,,,,,,,
2017,519,633026,2,12-18-2017,13:40,18,12,Dec,0,57,Skagit,0,10,0,1,1,2,1,0,3,3,13:39,13:45,14:21,12,0,6,Angle,58.3,2,0,2,4 Way,3,2,1,3,0,0,3,3,SR-20,PULVER RD,-122.3570611,48.46559722,98233,0,1,89,Others,17,2,35,4,0,0,1,2,12,1,1,3,1,1,Going Straight,1,2,53,,0,18,20,1993,0,0,68,12,,,,,1,1,18,1,0,0,3,0,3,0,11,5,,,,,0,0,3,3,1,28,0,0,0,96,,,,,,9,,,,,,99344,53,69,160,6,1,1,0,0,0,1,0,,,,,,0,12-15-2016,02-15-2017,20,0,0,0,8,9,8,,,0,0,0,8,1,0,0,0,0,0,0,0,0,0,996,,,,,,,,,,,,,,,,,,,,,,,,,,,,,,0,0,0,0,1,0,0,0,0,0,0,0,0,0,0,0,0,0,0,0,0,1,1,0,1,0,0,0,0,1,0,0,0,0,0,,0,0,0,0,0,0,0,0,0,0,0,0,0,0,0,1,,,,,,18-20,16-25,State route,R,Sunday,Belt Used,PV,Not Fatal,0,1,1,0,State Route,State Patrol,Washington State Patrol Headquarter,0,1,0,0,0,,,,,,,,,,,,,,,,,,,,,,,,,,,,,,,,,,,,,,,,,,,
2019,520,3805935,263,06-25-2019,20:26,25,6,June,,33,King,1960,1,0,1,1,2,1,0,2,2,,,,12,0,6,Angle,0,2,0,2,4 Way,4,2,4,6,0,0,3,3,M L KING JR WAY S,S MCCLELLAN ST,-122.2962139,47.57833611,98144,0,1,68,Initial Opposite Direction(Left/Right),15,2,98,14,0,0,1,7,12,1,1,2,1,11,Turning Red: Permitted on red,1,2,53,,0,48,34,2002,0,0,63,59,30,,,,1,1,25,1,7,1,4,0,3,0,11,5,06/30/2017,18:15,2.23E+11,29085,0,0,3,3,1,0,0,0,0,92,,,,,,99,,,,,,28411,37,71,999,6,1,0,2,1,0,2,97,,,,,,4,10-15-2012,12-15-2014,1,0,0,9,0,9,8,,,0,0,0,8,9,2,522,605,0,1,1,0,2,1,0.053,,,,,,,,,,,,,,,,,,,,,,,,,,,,,,0,0,0,1,1,0,1,1,1,0,0,0,1,0,0,0,1,0,0,0,0,0,0,1,1,0,0,0,0,1,0,0,0,0,0,,1,0,0,0,1,0,1,1,1,1,0,0,0,0,0,1,,,,,,21-25,16-25,City street,U,Monday,Belt Used,PV,White,0,1,0,0,City Street,Municipal/City Police,Tacoma Police Department,1,0,0,1,0,thc,3.9,carboxy-thc,18,,,,,,,,,,,,,,,,,,,,,,,,,,,,,,,,,,,,,,,
2019,520,3805935,263,06-25-2019,20:26,25,6,June,,33,King,1960,1,0,1,1,2,1,0,2,2,,,,12,0,6,Angle,0,2,0,2,4 Way,4,2,4,6,0,0,3,3,M L KING JR WAY S,S MCCLELLAN ST,-122.2962139,47.57833611,98144,0,2,69,Initial Opposite Direction(Going Straight),62,4,98,84,0,0,1,7,12,1,1,2,1,1,Going Straight,1,1,53,,0,20,9,1995,0,0,68,64,41,67,42,,1,1,64,1,7,1,4,7,20,0,11,0,06-12-2017,16:35,53029109,29109,0,0,0,2,1,0,0,0,0,92,,,,,,99,,,,,,98382,53,73,180,1,1,0,0,0,0,1,0,,,,,,0,03-15-2017,03-15-2017,1,2,3,0,0,9,8,,,0,0,0,8,9,2,177,321,338,1,1,1,2,4,0.028,,,,,,,,,,,,,,,,,,,,,,,,,,,,,,0,0,0,0,1,0,1,1,0,0,0,0,0,1,0,0,1,0,0,1,0,0,0,0,0,0,0,0,0,1,0,0,0,1,0,,1,0,0,0,1,0,1,1,1,0,0,1,0,0,0,1,,,,,,61-65,56-65,County road,R,Monday,Not Used,PV,White,0,1,0,0,County Road,County Sheriff,Clallam County Sheriff's Office,1,0,1,0,0,,,carboxy-thc,5.6,,,,,,,,,,,,,,,,,,,,,,,,,,,,,,,,,,,,,,,
2021,520,636174,349,11-09-2021,11:56,9,11,Nov,,53,Pierce,0,10,,1,1,2,1,0,3,2,,,,12,0,6,Angle,,2,0,2,4 Way,5,1,2,4,0,0,0,0,CR-RICE CANDLE RD,8TH AVE E,-122.4217222,47.02359722,98433,0,2,86,Others,66,4,45,34,0,0,1,2,12,1,1,2,1,1,Going Straight,1,1,53,,0,20,481,2004,0,0,63,69,68,64,1,17,1,1,28,1,99,1,4,7,3,0,11,0,06/17/2017,16:17,1.29E+11,27480,0,0,0,3,1,58,0,0,0,96,,,,,,9,,,,,,99349,53,69,180,6,1,0,0,0,0,0,0,,,,,,3,,,99,0,0,0,0,9,8,,,0,0,0,8,1,2,1,0,0,1,0,0,2,1,0.11,,,,,,,,,,,,,,,,,,,,,,,,,,,,,,0,0,0,0,1,1,0,1,0,0,0,0,1,0,0,0,0,0,0,0,0,0,0,0,0,0,0,0,0,0,0,0,0,0,0,,0,0,0,0,0,1,0,1,0,1,0,0,0,1,0,1,,,,,,26-30,26-35,County road,R,Saturday,Belt Used,PV,White,0,1,0,0,County Road,County Sheriff,Grant County Sheriff's Office,1,0,1,0,0,,,,,,,,,,,,,,,,,,,,,,,,,,,,,,,,,,,,,,,,,,,
2021,520,636173,349,11-09-2021,11:56,9,11,Nov,,53,Pierce,0,10,,1,1,2,1,0,3,2,,,,12,0,6,Angle,,2,0,2,4 Way,5,1,2,4,0,0,20,3,CR-RICE CANDLE RD,8TH AVE E,-122.4217222,47.02359722,98433,0,1,87,Others,17,2,35,4,0,0,1,2,12,1,1,2,1,1,Going Straight,2,2,53,,0,20,401,1999,0,0,63,69,63,1,,,1,1,19,1,0,0,2,0,3,0,11,8,,,,,0,0,0,0,1,29,0,0,0,17,,,,,,0,,,,,,99349,53,,999,0,0,99,99,99,99,99,69,,,,,,0,,,20,0,0,0,8,9,8,,,0,0,0,8,0,0,0,0,0,0,0,0,0,0,996,,,,,,,,,,,,,,,,,,,,,,,,,,,,,,0,0,1,0,0,0,0,0,0,0,0,0,0,1,0,0,1,0,0,1,0,1,1,0,1,0,0,0,0,1,0,0,0,0,0,,0,0,0,0,0,0,0,0,1,0,0,1,0,0,0,0,,,,,,18-20,16-25,County road,R,Friday,Belt Used,PV,Not Fatal,0,1,0,0,County Road,County Sheriff,Grant County Sheriff's Office,1,0,1,0,0,,,,,,,,,,,,,,,,,,,,,,,,,,,,,,,,,,,,,,,,,,,
2017,520,633029,290,12-17-2017,19:50,17,12,Dec,0,53,Pierce,2230,1,0,3,99,2,2,0,2,1,,,,24,0,0,No vehicle,0,1,0,1,No intersection,4,2,4,6,0,3,0,0,N SHORE PARKWAY,,-122.3933778,47.30103056,98422,0,1,2,Control/Traction Loss,13,2,35,2,0,0,1,2,42,3,2,2,1,14,Making a U turn,2,1,53,,0,20,2,2009,0,0,12,,,,,,1,1,32,2,0,0,3,0,3,0,11,8,,,,,0,0,0,3,1,0,0,0,0,96,,,,,,0,,,,,,98273,53,67,155,6,1,0,0,0,0,0,0,,,,,,0,,,8,0,0,0,8,9,8,,,0,0,0,8,8,0,0,0,0,0,0,0,0,0,996,,,,,,,,,,,,,,,,,,,,,,,,,,,,,,0,0,0,0,0,0,1,1,1,0,0,0,0,0,0,0,0,0,0,0,0,0,0,0,0,0,0,0,0,1,0,0,0,0,0,,0,0,0,0,0,0,0,0,0,0,0,0,0,0,0,0,,,,,,31-35,26-35,State route,R,Wednesday,Belt Used,PV,Not Fatal,0,1,1,0,State Route,State Patrol,Washington State Patrol Headquarter,0,1,0,0,0,,,,,,,,,,,,,,,,,,,,,,,,,,,,,,,,,,,,,,,,,,,
2021,521,636176,6,12-11-2021,17:01,11,12,Dec,,47,Okanogan,0,1,,3,1,2,1,1,2,2,,,,8,0,0,No vehicle,274.7,3,0,2,4 Way,2,1,1,2,0,3,0,0,US-97,TWELEVE TRIBES RESORT RD,-119.5353389,48.38410278,98840,0,2,98,Others,50,3,60,14,0,0,1,2,12,1,1,4,1,1,Going Straight,1,2,53,,0,49,40,1995,0,0,63,69,68,12,,,1,1,64,1,7,2,4,7,3,0,11,0,06/14/2017,18:10,53026753,26753,0,0,3,3,1,28,58,0,0,96,,,,,,9,,,,,,83843,16,67,120,6,1,0,0,0,0,0,0,,,,,,0,,,8,0,0,0,0,9,1,,,0,0,0,1,0,2,605,998,0,1,1,0,2,1,0,,,,,,,,,,,,,,,,,,,,,,,,,,,,,,0,0,0,0,0,0,1,1,1,0,0,0,0,0,0,0,0,0,0,0,0,0,0,0,0,0,0,0,0,1,0,0,0,0,0,,1,0,0,0,0,0,1,1,0,0,0,0,0,0,1,0,,,,,,61-65,56-65,State route,R,Wednesday,Belt Used,PV,Black,0,1,1,0,State Route,State Patrol,Washington State Patrol Headquarter,0,1,0,0,0,thc,48,carboxy-thc,29,,,,,,,,,,,,,,,,,,,,,,,,,,,,,,,,,,,,,,,
2021,521,636175,6,12-11-2021,17:01,11,12,Dec,,47,Okanogan,0,1,,3,1,2,1,1,2,2,,,,8,0,0,No vehicle,274.7,3,0,2,4 Way,2,1,1,2,0,3,0,0,US-97,TWELEVE TRIBES RESORT RD,-119.5353389,48.38410278,98840,0,1,13,Pedestrian/Animal,80,5,60,2,0,0,1,2,8,1,1,4,1,1,Going Straight,1,1,53,,0,76,706,2013,0,0,63,24,,,,,1,1,53,1,7,1,4,0,5,0,11,5,06/25/2017,19:30,1.38E+11,28472,0,0,3,3,1,0,0,0,0,96,,,,,,99,,,,,,98855,53,73,220,6,1,0,0,0,0,0,0,,,,,,0,,,20,8,0,0,0,9,8,,,0,0,0,8,9,2,1,0,0,1,0,0,2,1,0,,,,,,,,,,,,,,,,,,,,,,,,,,,,,,0,0,1,0,0,0,0,0,0,0,0,0,0,0,0,0,0,0,0,0,0,0,0,0,0,0,0,0,1,0,0,0,0,0,1,0,0,0,0,0,0,0,0,0,0,0,0,0,0,0,0,0,,,,,,51-55,46-55,State route,R,Sunday,,MC,White,0,1,0,0,State Route,State Patrol,Washington State Patrol Headquarter,1,1,0,0,0,,,,,,,,,,,,,,,,,,,,,,,,,,,,,,,,,,,,,,,,,,,
2020,521,635436,39,10-30-2020,21:31,30,10,Oct,,61,Snohomish,0,1,,3,1,2,1,0,2,1,,,,38,0,0,No vehicle,0.3,1,0,1,No intersection,5,2,2,4,0,0,0,0,CR-E GIBSON RD,,-122.2495694,47.88349722,98204,0,1,1,Driver Off Road,8,1,35,20,0,0,1,2,38,1,2,2,1,1,Going Straight,2,1,53,,0,48,45,2015,0,0,12,12,1,12,12,,1,1,47,2,0,0,1,0,3,0,11,8,,,,,0,0,3,3,1,0,0,0,0,96,,,,,,99,,,,,,98002,53,68,180,6,1,0,0,0,0,0,97,,,,,,4,,,8,0,0,0,8,9,8,,,0,0,0,8,9,0,0,0,0,0,0,0,0,0,996,,,,,,,,,,,,,,,,,,,,,,,,,,,,,,0,0,0,1,0,0,1,1,1,0,0,0,1,0,0,0,0,0,0,0,0,0,0,0,0,0,0,0,1,1,0,0,0,0,0,,0,0,0,0,0,0,0,0,0,1,0,0,0,0,0,0,,,,,,46-50,46-55,State route,U,Monday,Belt Used,PV,Not Fatal,1,0,0,0,State Route,Municipal/City Police,Auburn Police Department,0,1,0,0,0,,,,,,,,,,,,,,,,,,,,,,,,,,,,,,,,,,,,,,,,,,,
2019,521,634364,22,09-21-2019,18:14,21,9,Sep,,27,Grays Harbor,0,1,0,1,1,7,1,0,1,1,,,,30,0,0,No vehicle,9999.9,1,0,1,No intersection,5,1,2,4,0,0,0,0,CR-MIDDLE SATSOP RD,,-123.5170417,47.04985278,98563,0,1,1,Driver Off Road,13,2,40,34,0,0,1,5,30,1,1,2,1,1,Going Straight,1,1,53,,0,72,706,2014,0,0,12,,,,,,1,1,36,1,7,1,4,7,19,0,11,0,06/19/2017,17:32,10053028116,28116,0,0,0,3,1,0,0,0,0,0,,,,,,0,,,,,,98038,53,72,180,6,1,0,0,0,0,0,0,,,,,,0,,,20,8,0,0,0,9,8,,,0,0,0,8,0,2,605,0,0,1,0,0,2,1,0,,,,,,,,,,,,,,,,,,,,,,,,,,,,,,0,0,0,1,0,0,1,1,1,0,0,0,1,0,0,0,0,0,0,0,0,0,0,0,0,0,0,0,1,1,0,0,0,0,1,0,0,0,0,0,0,0,1,1,0,0,0,0,0,0,1,0,,,,,,36-40,36-45,State route,U,Monday,,MC,White,1,0,0,0,State Route,Municipal/City Police,Auburn Police Department,0,1,0,0,0,thc,1.6,carboxy-thc,8,,,,,,,,,,,,,,,,,,,,,,,,,,,,,,,,,,,,,,,
2017,521,633030,146,12-17-2017,00:20,17,12,Dec,0,77,Yakima,0,5,0,2,2,2,1,0,1,1,,,,1,0,0,No vehicle,2.5,1,0,1,No intersection,6,1,2,4,0,0,0,0,CR-WANETA RD,,-119.9782639,46.29285,98930,0,1,7,Control/Traction Loss,12,2,50,3,0,0,1,2,1,1,1,2,1,1,Going Straight,1,2,53,,0,49,40,2012,0,0,12,,,,,,1,1,47,2,0,0,0,0,3,0,11,0,,,,,0,0,0,3,1,0,0,0,0,0,,,,,,0,,,,,,98092,53,60,110,6,1,0,0,0,0,0,0,,,,,,0,,,20,0,0,0,8,9,8,,,0,0,0,8,0,0,0,0,0,0,0,0,0,0,996,,,,,,,,,,,,,,,,,,,,,,,,,,,,,,0,0,0,1,0,0,1,1,1,0,0,0,1,0,0,0,0,0,0,0,0,0,0,0,0,0,0,0,1,1,0,0,0,0,0,,0,0,0,0,0,0,0,0,0,0,0,0,0,0,0,0,,,,,,46-50,46-55,State route,U,Monday,Belt Used,PV,Not Fatal,1,0,0,0,State Route,Municipal/City Police,Auburn Police Department,0,1,0,0,0,,,,,,,,,,,,,,,,,,,,,,,,,,,,,,,,,,,,,,,,,,,
2020,522,3854898,263,09-27-2020,17:47,27,9,Sep,,33,King,1960,1,,1,1,1,1,1,1,1,17:48,17:52,18:21,9,0,0,No vehicle,0,2,0,3,T Intersection,3,2,4,6,0,0,0,0,12TH AVE NE,NE 73RD ST,-122.3153306,47.68155833,98115,0,1,13,Pedestrian/Animal,83,5,98,4,0,0,1,5,9,1,2,2,4,1,Going Straight,1,1,53,,0,12,401,2015,0,0,12,,,,,,1,1,55,2,0,0,0,0,3,0,11,0,,,,,0,0,0,3,1,0,0,0,0,0,,,,,,0,,,,,,98022,53,65,135,6,1,0,1,1,0,0,0,,,,,,0,06-15-2015,06-15-2015,20,0,0,0,8,9,8,,,0,0,0,8,0,0,0,0,0,0,0,0,0,0,996,,,,,,,,,,,,,,,,,,,,,,,,,,,,,,0,0,0,1,0,0,1,1,1,0,0,0,1,0,0,0,0,0,0,0,0,0,0,0,0,0,0,0,1,1,0,0,0,0,0,,0,0,0,0,0,0,0,0,0,0,0,0,0,0,0,0,,,,,,51-55,46-55,State route,U,Monday,Belt Used,PV,Not Fatal,1,0,0,0,State Route,Municipal/City Police,Auburn Police Department,0,1,0,0,0,,,,,,,,,,,,,,,,,,,,,,,,,,,,,,,,,,,,,,,,,,,
2021,522,636177,7,12-10-2021,06:41,10,12,Dec,,33,King,735,10,,2,1,1,1,1,1,1,,,,8,0,0,No vehicle,144.8,1,0,1,No intersection,1,2,1,1,0,0,0,0,I-5,,-122.2937472,47.32900556,98003,0,1,13,Pedestrian/Animal,80,5,60,21,0,0,1,5,8,1,1,5,3,1,Going Straight,1,2,53,,0,20,22,2008,0,0,12,,,,,,1,1,33,1,0,0,1,0,3,0,11,8,,,,,0,0,0,3,1,0,0,0,0,0,,,,,,0,,,,,,98367,53,75,325,6,1,0,0,0,1,0,0,,,,,,0,06-15-2012,06-15-2012,20,0,0,0,8,9,8,,,0,0,0,8,0,0,0,0,0,0,0,0,0,0,996,,,,,,,,,,,,,,,,,,,,,,,,,,,,,,0,0,0,1,0,0,1,1,1,0,0,0,1,0,0,0,0,0,0,0,0,0,0,0,0,0,0,0,1,1,0,0,0,0,0,,0,0,0,0,0,0,0,0,0,0,0,0,0,0,0,0,,,,,,31-35,26-35,State route,U,Monday,Belt Used,PV,Not Fatal,1,0,0,0,State Route,Municipal/City Police,Auburn Police Department,0,1,0,0,0,,,,,,,,,,,,,,,,,,,,,,,,,,,,,,,,,,,,,,,,,,,