year,something,Cases,repjur,crash_dt,crash_tm,accday,Month,Month,holiday,county,co_char,city,weather,weather2,lightcond,surfcond,surftype,Number of Fatalities,nmforms,pforms,vforms,not_tm,arr_tm,hosp_tm,fhevent,hitrun,Manner of Collision,Manner of Collision,milepnt,reljunc,reljuncinter,intersectiontype,Intersection Type,funcsystem,landuse,ownership,route,schlbus,spejur,contdev,devfunc,trafid1,trafid2,x,y,zipcode,wk_zone,vnumber,crashtype,Crash Type,criticalevent,criticaleventcat,spdlim,body,trailer,emerg,hazcargo,leave,mhevent,roadalgn,roadprof,traflane,trafflow,Vehicle Manure,Vehicle Manure,numoccs,regowner,regstate,,spuse,make,model,modelyr,vrf1,vrf2,seqevent1,seqevent2,seqevent3,seqevent4,seqevent5,seqevent6,pnumber,ptype,age,sex,hispanic,race,injury,diedscene,restraint,restraintmisuse,seatpos,takehosp,death_dt,death_tm,cert,cernum_wa,commlic,licendor,licrestrict,liccomp,drivpres,drf1,drf2,drf3,drf4,distract1,distract2,distract3,distract4,distract5,distract6,dricond1,dricond2,dricond3,dricond4,dricond5,dricond6,dzip,licstate,drhgt_in,weight,noncdl,noncdltype,prevdwi,prevoth,prevacc,prevspd,prevsus,driviol1,driviol2,driviol3,driviol4,driviol5,driviol6,spdrel,first_dt,last_dt,airbag,ejection,ejectpath,extricat,injurwrk,methalc,methdrug,nmlocat,strikveh,prf1,prf2,prf3,druginv,alcinvol,drugsts,drugres1,drugres2,drugres3,drugtst1,drugtst2,drugtst3,alcsts,alctst,alcres,nmact1,nmact2,nmact3,nmact4,nmact5,nmact6,nmprior1,nmprior2,nmprior3,nmprior4,nmprior5,nmprior6,nmcond1,nmcond2,nmcond3,nmcond4,nmcond5,nmcond6,nmsafe_helmet,nmsafe_pads,nmsafe_oth,nmprev_ref,nmprev_lgt,nmprev_oth,crashlocation,nmcrashtype,crosswalk,schoolzone,sidewalk,train_inv,wildlife_inv,rotr_fars,intersect_fars,Drink and Drive,aid_inv,Drug Positive Drivers,Impaired Drivers,Marijuana Positive,impnm_inv,ainm_inv,dpnm_inv,speed_inv,unlic_inv,unendmc_inv,drowsy_inv,drdist_inv,nmdist_inv,fty_inv,unrestfat_inv,dr1617_inv,dr1820_inv,dr1620_inv,dr2125_inv,dr1625_inv,dr65_inv,dr70_inv,dr75_inv,mc_inv,pv_inv,ht_inv,ped_inv,bike_inv,unrest_fat,mc_fat,unhelmet_mc,pv_fat,ht_fat,ped_fat,bike_fat,dr_alc7,dr_alc8,dr_drug,dr_imp,dr_dist,dr_spd,dr_fty,dr_unlic,dr_alc7only,dr_alc8only,dr_drugonly,dr_drink,nm_imp,nm_alc7,nm_alc8,nm_drug,nm_dist,agegrp1,agegrp2,roadclass,urbrur,dayweek,restuse,vehtype,race_me,intersect,lanedep,oppdir,wrongway,rep_typ,investag,repag_long,rotr,st_rd,cty_rd,city_rd,oth_rd,drug_thc,thc_res,drug_cthc,cthc_res,drug_cann,prevpersemin,prevperse,prevsusoth,drugtst4,drugtst5,drugtst6,drugtst7,drugtst8,drugres4,drugres5,drugres6,drugres7,drugres8,adspresent,adsengaged,adslevel,race1,race2,race3,race4,race5,helmet,helmetmisuse,nmdistract1,nmdistract2,nmdistract3,nmdistract4,nmdistract5,nmdistract6,lab,isedtcase,crf1,crf2,crf3,CoRoadName,CoMP,IntCoRoadName,IntCoMP
2017,522,633031,262,12-14-2017,13:19,14,12,Dec,0,33,King,1958,1,0,1,1,2,1,0,3,1,,,,42,0,0,No vehicle,0,1,0,1,No intersection,5,2,4,6,0,0,0,0,24TH AVE S,,-122.3024083,47.46890833,98168,0,1,2,Control/Traction Loss,8,1,35,4,0,0,1,2,42,1,2,3,1,1,Going Straight,3,2,53,,0,35,472,2005,0,0,63,14,8,14,,,1,1,42,1,0,0,0,0,99,0,11,0,,,,,0,0,0,3,1,91,0,0,0,96,,,,,,9,,,,,,98155,53,72,165,6,1,0,1,2,1,0,1,,,,,,0,08-15-2014,08-15-2016,20,0,0,0,8,9,8,,,0,0,0,8,1,0,0,0,0,0,0,0,0,0,996,,,,,,,,,,,,,,,,,,,,,,,,,,,,,,0,0,0,0,1,0,0,0,0,0,0,0,0,0,0,0,0,0,0,0,0,0,0,0,0,0,0,0,0,1,0,1,0,0,0,,0,0,0,0,0,0,0,0,0,0,0,0,0,0,0,1,,,,,,41-45,36-45,Interstate,R,Tuesday,Unknown,PV,Not Fatal,0,1,0,0,State Route,State Patrol,Washington State Patrol Headquarter,1,1,0,0,0,,,,,,,,,,,,,,,,,,,,,,,,,,,,,,,,,,,,,,,,,,,
2021,523,636178,11,12-11-2021,08:15,11,12,Dec,,5,Benton,0,6,,1,1,2,1,0,2,1,,,,42,0,0,No vehicle,,1,0,1,No intersection,5,2,2,4,0,0,0,0,CR-W OLD INLAND EMPIRE,,-119.7685306,46.22589167,99350,0,1,6,Drive off road,13,2,40,4,0,0,1,5,42,1,1,2,1,1,Going Straight,2,2,53,,0,23,421,2008,0,0,12,,,,,,1,1,39,1,0,0,3,0,3,0,11,4,,,,,0,0,0,3,1,0,0,0,0,0,,,,,,0,,,,,,98813,53,67,180,6,1,1,1,0,2,1,0,,,,,,0,07-15-2012,04-15-2015,8,0,0,0,8,9,8,,,0,0,0,8,0,0,0,0,0,0,0,0,0,0,996,,,,,,,,,,,,,,,,,,,,,,,,,,,,,,0,0,0,0,1,1,0,1,0,0,0,0,1,0,0,0,0,0,0,0,0,0,0,1,1,0,0,0,0,1,0,0,0,0,0,,0,0,0,0,0,0,0,0,0,0,0,0,0,0,0,0,,,,,,36-40,36-45,State route,R,Saturday,Belt Used,PV,Not Fatal,0,1,1,0,State Route,State Patrol,Washington State Patrol Headquarter,0,1,0,0,0,,,,,,,,,,,,,,,,,,,,,,,,,,,,,,,,,,,,,,,,,,,
2020,523,635459,39,11-09-2020,15:47,9,11,Nov,,61,Snohomish,1120,10,,1,1,2,1,0,2,2,15:49,16:03,,12,0,6,Angle,9999.8,8,0,1,No intersection,4,1,4,6,0,0,0,0,CR-N MACHIAS RD,,-122.0458667,48.01080833,98258,0,2,88,Striking from the Left,66,4,35,34,0,0,1,2,12,3,1,2,1,14,Making a U turn,1,3,53,,0,37,32,2004,0,0,12,63,25,2,,,1,1,63,1,0,0,2,0,3,0,11,4,,,,,0,0,3,3,1,0,0,0,0,0,,,,,,0,,,,,,99336,53,71,225,6,1,0,0,1,0,0,0,,,,,,0,11-15-2014,11-15-2014,8,0,0,0,8,9,8,,,0,0,0,8,0,0,0,0,0,0,0,0,0,0,996,,,,,,,,,,,,,,,,,,,,,,,,,,,,,,0,0,0,0,1,1,0,1,0,0,0,0,1,0,0,0,0,0,0,0,0,0,0,1,1,0,0,0,0,1,0,0,0,0,0,,0,0,0,0,0,0,0,0,0,0,0,0,0,0,0,0,,,,,,61-65,56-65,State route,R,Saturday,Belt Used,PV,Not Fatal,0,1,1,0,State Route,State Patrol,Washington State Patrol Headquarter,0,1,0,0,0,,,,,,,,,,,,,,,,,,,,,,,,,,,,,,,,,,,,,,,,,,,
2020,523,635458,39,11-09-2020,15:47,9,11,Nov,,61,Snohomish,1120,10,,1,1,2,1,0,2,2,15:49,16:03,,12,0,6,Angle,9999.8,8,0,1,No intersection,4,1,4,6,0,0,0,0,CR-N MACHIAS RD,,-122.0458667,48.01080833,98258,0,1,89,Others,17,2,35,4,0,0,1,2,12,1,1,2,1,1,Going Straight,1,1,53,,0,54,39,2013,0,0,68,12,12,,,,1,1,24,2,1,1,4,7,3,0,11,0,06/17/2017,07:15,1.31E+11,27171,0,0,0,3,1,28,0,0,0,96,,,,,,9,,,,,,98857,53,66,140,6,1,0,0,0,4,2,0,,,,,,4,08-15-2013,03-15-2016,8,0,0,0,0,1,8,,,0,0,0,8,1,2,1,0,0,1,0,0,2,1,0.2,,,,,,,,,,,,,,,,,,,,,,,,,,,,,,0,0,0,0,1,1,0,1,0,0,0,0,1,0,0,0,0,0,0,0,0,0,0,1,1,0,0,0,0,1,0,0,0,0,0,,1,0,0,0,0,1,0,1,0,1,0,0,0,1,0,1,,,,,,21-25,16-25,State route,R,Saturday,Belt Used,PV,Hispanic,0,1,1,0,State Route,State Patrol,Washington State Patrol Headquarter,0,1,0,0,0,,,,,,,,,,,,,,,,,,,,,,,,,,,,,,,,,,,,,,,,,,,
2019,523,634474,180,11-22-2019,20:32,22,11,Nov,,15,Cowlitz,1190,1,0,3,1,2,1,1,1,1,,,,8,0,0,No vehicle,0,1,0,1,No intersection,3,2,4,6,0,0,0,0,OCEAN BEACH HIGHWAY,,-122.9583556,46.14728056,98632,0,1,13,Pedestrian/Animal,80,5,35,2,0,0,1,5,8,1,1,5,5,1,Going Straight,1,1,53,,0,53,706,2011,0,0,12,,,,,,1,1,62,1,7,1,4,0,19,0,11,4,06/21/2017,23:20,96053028405,28405,0,0,0,3,1,0,0,0,0,0,,,,,,0,,,,,,98002,53,70,175,6,1,0,1,1,1,0,0,,,,,,0,09-15-2014,01-15-2016,20,8,0,0,0,9,8,,,0,0,0,8,0,2,1,0,0,1,0,0,2,1,0.11,,,,,,,,,,,,,,,,,,,,,,,,,,,,,,0,0,0,0,1,1,0,1,0,0,0,0,0,0,0,0,1,0,0,0,0,0,0,1,1,0,0,0,1,1,0,0,0,0,1,0,0,0,0,0,0,1,0,1,0,0,0,0,0,1,0,1,,,,,,61-65,56-65,City street,U,Wednesday,,MC,White,0,0,0,0,City Street,Municipal/City Police,Auburn Police Department,0,0,0,1,0,,,,,,,,,,,,,,,,,,,,,,,,,,,,,,,,,,,,,,,,,,,
2017,523,633033,8,12-15-2017,07:30,15,12,Dec,0,35,Kitsap,1730,10,0,4,1,2,1,1,1,1,07:35,07:41,,8,0,0,No vehicle,0,3,0,3,T Intersection,4,2,4,6,0,0,0,0,FRONT ST,TORVAL CANYON RD,-122.6505472,47.74563889,98370,0,1,13,Pedestrian/Animal,80,5,25,4,0,0,1,5,8,1,2,2,1,1,Going Straight,1,1,53,,0,7,20,2000,0,0,12,,,,,,1,1,25,1,0,0,0,0,3,0,11,0,,,,,0,0,0,3,1,48,0,0,0,1,,,,,,0,,,,,,98002,53,74,154,6,1,1,0,2,1,1,97,,,,,,0,02-15-2014,04-15-2017,20,0,0,0,8,9,8,,,0,0,0,8,0,0,0,0,0,0,0,0,0,0,996,,,,,,,,,,,,,,,,,,,,,,,,,,,,,,0,0,0,0,1,1,0,1,0,0,0,0,0,0,0,0,1,0,0,0,0,0,0,1,1,0,0,0,1,1,0,0,0,0,0,,0,0,0,0,0,0,0,0,1,0,0,0,0,0,0,0,,,,,,21-25,16-25,City street,U,Wednesday,Belt Used,PV,Not Fatal,0,0,0,0,City Street,Municipal/City Police,Auburn Police Department,0,0,0,1,0,,,,,,,,,,,,,,,,,,,,,,,,,,,,,,,,,,,,,,,,,,,
2019,524,3810169,7,12-25-2019,11:52,25,12,Dec,,33,King,1960,1,0,1,1,2,1,0,3,1,,,,42,0,0,No vehicle,0,1,0,1,No intersection,3,2,4,6,0,0,0,0,15 AVE NW,,-122.3767694,47.67630556,98117,0,1,6,Drive off road,12,2,35,6,0,0,1,7,42,1,1,5,5,1,Going Straight,3,1,16,,0,37,703,2007,0,0,63,24,,,,,1,1,49,1,7,1,4,7,19,0,11,0,05/27/2017,22:13,1.44E+11,24101,0,0,0,2,1,0,0,0,0,96,,,,,,9,,,,,,98368,53,71,185,6,1,0,1,0,2,0,0,,,,,,0,07-15-2013,01-15-2014,20,8,0,0,0,1,8,,,0,0,0,8,1,2,1,0,0,1,0,0,2,1,0.24,,,,,,,,,,,,,,,,,,,,,,,,,,,,,,0,0,0,0,1,1,0,1,0,0,0,0,0,0,1,0,0,0,0,0,0,0,0,0,0,0,0,0,1,0,0,0,0,0,1,0,0,0,0,0,0,1,0,1,0,0,0,0,0,1,0,1,,,,,,46-50,46-55,County road,R,Saturday,,MC,White,0,1,0,0,County Road,State Patrol,Washington State Patrol Headquarter,1,0,1,0,0,,,,,,,,,,,,,,,,,,,,,,,,,,,,,,,,,,,,,,,,,,,
2021,524,636180,278,12-12-2021,17:04,12,12,Dec,,63,Spokane,2110,1,,3,1,2,1,0,9,2,,,,12,0,1,Front-to-Rear,0,3,0,2,4 Way,3,2,4,6,0,0,0,0,N NEVADA ST,E Providence Ave,-117.3952111,47.69232222,99207,0,2,21,Others,60,4,98,4,0,0,1,5,12,1,1,4,1,5,Others,5,2,53,,0,73,705,2006,0,0,63,42,14,,,,1,1,25,1,7,2,4,7,19,0,11,0,06/19/2017,15:03,69053027723,27723,0,0,0,3,1,0,0,0,0,96,,,,,,99,,,,,,98275,53,69,160,6,1,0,0,1,0,0,0,,,,,,4,03-15-2017,03-15-2017,20,8,0,0,0,9,8,,,0,0,0,8,9,2,605,0,0,1,0,0,2,1,0,,,,,,,,,,,,,,,,,,,,,,,,,,,,,,0,0,0,0,0,0,1,1,1,0,0,0,1,0,0,0,0,0,0,0,0,0,0,1,1,0,0,0,1,1,0,0,0,0,1,0,0,0,0,0,0,0,1,1,0,1,0,0,0,0,1,0,,,,,,21-25,16-25,County road,U,Monday,,MC,Black,0,1,0,0,County Road,County Sheriff,Snohomish County Sheriff's Office,1,0,1,0,0,thc,19,carboxy-thc,13,,,,,,,,,,,,,,,,,,,,,,,,,,,,,,,,,,,,,,,
2021,524,636179,278,12-12-2021,17:04,12,12,Dec,,63,Spokane,2110,1,,3,1,2,1,0,9,2,,,,12,0,1,Front-to-Rear,0,3,0,2,4 Way,3,2,4,6,0,0,0,0,N NEVADA ST,E Providence Ave,-117.3952111,47.69232222,99207,0,1,20,Others,10,2,98,14,0,0,1,5,12,1,1,4,1,15,Others,4,2,53,,0,12,13,2001,0,0,63,14,,,,,1,1,30,1,7,2,4,0,20,0,11,8,06/17/2017,00:04,2.23E+11,28062,0,0,0,2,1,0,0,0,0,92,,,,,,99,,,,,,98409,53,75,180,1,1,0,2,0,0,4,0,,,,,,0,01-15-2013,06-15-2017,8,0,0,0,0,9,8,,,0,0,0,8,9,0,0,0,0,0,0,0,0,0,996,,,,,,,,,,,,,,,,,,,,,,,,,,,,,,0,0,0,0,0,0,0,0,0,0,0,0,0,1,0,0,1,0,0,1,0,0,0,0,0,0,0,0,0,1,1,0,0,1,0,,1,0,0,0,0,0,0,0,1,0,0,1,0,0,0,0,,,,,,26-30,26-35,Interstate,U,Friday,Not Used,PV,Black,0,1,0,0,State Route,State Patrol,Washington State Patrol Headquarter,1,1,0,0,0,,,,,,,,,,,,,,,,,,,,,,,,,,,,,,,,,,,,,,,,,,,
2017,524,633043,2,12-18-2017,05:20,18,12,Dec,0,29,Island,0,10,0,3,2,2,2,0,2,2,,,,12,0,2,Front-to-Front,24.9,1,0,1,No intersection,3,1,1,3,0,0,0,0,SR-20,,-122.7391917,48.23135,98277,0,2,51,Lateral Move(Going Straight),62,4,50,4,0,0,1,2,12,3,2,2,1,14,Making a U turn,1,2,53,,0,73,706,2005,0,0,64,59,24,,,,1,1,49,1,7,1,4,7,19,0,11,0,06/13/2017,22:00,53026676,26676,0,0,3,3,1,0,0,0,0,92,,,,,,0,,,,,,99206,53,70,220,6,1,0,2,0,5,0,0,,,,,,0,07-15-2012,09-15-2016,20,8,0,0,0,9,8,,,0,0,0,8,0,2,1,0,0,1,0,0,2,1,0,,,,,,,,,,,,,,,,,,,,,,,,,,,,,,0,0,1,0,0,0,0,0,0,0,0,0,0,0,0,0,1,0,0,0,0,0,0,0,0,0,0,0,1,0,0,0,0,0,1,0,0,0,0,0,0,0,0,0,1,0,0,0,0,0,0,0,,,,,,46-50,46-55,Interstate,U,Tuesday,,MC,White,0,1,0,0,State Route,State Patrol,Washington State Patrol Headquarter,1,1,0,0,0,,,,,,,,,,,,,,,,,,,,,,,,,,,,,,,,,,,,,,,,,,,
2017,524,633042,2,12-18-2017,05:20,18,12,Dec,0,29,Island,0,10,0,3,2,2,2,0,2,2,,,,12,0,2,Front-to-Front,24.9,1,0,1,No intersection,3,1,1,3,0,0,0,0,SR-20,,-122.7391917,48.23135,98277,0,1,50,Lateral Move(Left/Right),10,2,50,5,0,0,1,2,12,2,2,2,1,14,Making a U turn,1,1,53,,0,55,42,2013,0,0,68,63,42,1,,,1,1,17,1,7,1,4,7,3,0,11,0,06/17/2017,02:20,53027541,27541,0,0,0,3,1,0,0,0,0,99,,,,,,99,,,,,,98503,53,70,140,6,2,0,0,0,0,0,0,,,,,,5,,,8,0,0,0,0,9,8,,,0,0,0,8,9,2,1,0,0,1,0,0,2,1,0.24,,,,,,,,,,,,,,,,,,,,,,,,,,,,,,0,0,1,0,1,1,0,1,0,0,0,0,1,0,0,0,0,0,0,0,1,0,1,0,1,0,0,0,0,1,0,0,0,0,0,,1,0,0,0,0,1,0,1,0,1,0,0,0,1,0,1,,,,,,16-17,16-25,County road,U,Saturday,Belt Used,PV,White,0,1,0,0,County Road,County Sheriff,Thurston County Sheriff's Office,1,0,1,0,0,,,,,,,,,,,,,,,,,,,,,,,,,,,,,,,,,,,,,,,,,,,
2020,524,635450,39,12-22-2020,00:01,22,12,Dec,,61,Snohomish,0,1,,2,10,2,1,1,1,1,,,,8,1,0,No vehicle,1.2,1,0,1,No intersection,5,1,2,4,0,0,0,0,CR-PIONEER HWY E,,-122.2270806,48.18858056,98223,0,1,13,Pedestrian/Animal,11,2,50,99,0,0,1,5,8,1,1,2,1,1,Going Straight,99,9,99,,0,12,481,2015,0,0,15,,,,,,1,1,75,1,0,0,0,0,3,0,11,0,,,,,0,0,3,3,1,0,0,0,0,0,,,,,,0,,,,,,98671,53,72,237,6,1,0,0,0,0,0,0,,,,,,0,,,20,0,0,0,8,9,8,,,0,0,0,0,0,8,95,0,0,6,0,0,8,95,995,,,,,,,,,,,,,,,,,,,,,,,,,,,,,,0,0,0,0,0,0,0,0,0,1,0,1,0,0,0,0,0,0,0,0,0,0,0,0,0,1,1,1,0,0,0,1,0,0,0,,0,0,0,0,0,0,0,0,0,0,0,0,0,0,0,0,,,,,,71-75,66-75,State route,R,Saturday,Belt Used,PV,Not Fatal,0,0,0,0,State Route,State Patrol,Washington State Patrol Headquarter,0,1,0,0,0,,,,,,,,,,,,,,,,,,,,,,,,,,,,,,,,,,,,,,,,,,,
2020,525,3854920,263,07-12-2020,20:00,12,7,July,,33,King,1960,10,,5,1,1,1,1,2,2,,,,12,1,6,Angle,33.2,2,0,2,4 Way,3,2,1,3,0,0,0,0,SR-99,N 128TH,-122.3449639,47.72229167,98133,0,1,88,Striking from the Left,17,2,25,34,0,0,1,2,12,1,1,8,1,1,Going Straight,1,0,53,,0,12,23,2014,0,0,9,,,,,,1,1,24,1,0,0,0,0,3,0,11,0,,,,,0,0,0,3,1,0,0,0,0,0,,,,,,0,,,,,,98146,53,77,300,6,1,0,2,0,2,2,0,,,,,,0,05-15-2014,08-15-2016,20,0,0,0,8,9,8,,,0,0,0,8,0,0,0,0,0,0,0,0,0,0,996,,,,,,,,,,,,,,,,,,,,,,,,,,,,,,0,0,0,0,0,0,0,0,0,1,0,1,0,0,0,0,0,0,0,0,0,0,0,1,1,0,0,0,0,1,0,0,1,0,0,,0,0,0,0,0,0,0,0,0,0,0,0,0,0,0,0,,,,,,21-25,16-25,Interstate,U,Wednesday,Belt Used,PV,Not Fatal,0,0,0,0,State Route,State Patrol,Washington State Patrol Headquarter,0,1,0,0,0,,,,,,,,,,,,,,,,,,,,,,,,,,,,,,,,,,,,,,,,,,,
2020,525,3854920,263,07-12-2020,20:00,12,7,July,,33,King,1960,10,,5,1,1,1,1,2,2,,,,12,0,6,Angle,33.2,2,0,2,4 Way,3,2,1,3,0,0,0,0,SR-99,N 128TH,-122.3449639,47.72229167,98133,0,2,89,Others,66,4,40,2,0,0,1,2,8,1,1,5,5,1,Going Straight,1,2,53,,0,23,472,2008,0,0,12,,,,,,1,1,76,1,0,0,2,0,3,0,11,8,,,,,0,0,0,3,1,0,0,0,0,0,,,,,,0,,,,,,98368,53,67,170,6,1,0,0,0,0,0,0,,,,,,0,,,1,0,0,0,8,9,8,,,0,0,0,8,0,0,0,0,0,0,0,0,0,0,996,,,,,,,,,,,,,,,,,,,,,,,,,,,,,,0,0,0,0,0,0,0,0,0,0,0,0,0,0,0,0,0,0,0,1,0,0,0,0,0,1,1,1,0,1,0,0,0,0,0,,0,0,0,0,0,0,0,0,0,0,0,0,0,0,0,0,,,,,,76-80,76+,US highway,U,Monday,Belt Used,PV,Not Fatal,0,1,1,0,State Route,State Patrol,Washington State Patrol Headquarter,0,1,0,0,0,,,,,,,,,,,,,,,,,,,,,,,,,,,,,,,,,,,,,,,,,,,
2017,525,3818457,7,12-14-2017,16:50,14,12,Dec,0,33,King,1960,1,0,3,1,1,1,1,1,1,,,,8,0,0,No vehicle,0,3,0,3,T Intersection,7,2,4,6,0,0,0,0,S CHARLESTOWN ST,34TH AVE S,-122.2899583,47.56975278,98118,0,1,13,Pedestrian/Animal,80,5,25,2,0,0,1,5,8,1,1,2,1,1,Going Straight,1,1,53,,0,48,31,1987,0,0,68,12,,,,,1,1,57,1,7,1,4,0,20,0,11,0,06-12-2017,07:35,1.60E+11,26815,0,0,0,3,1,0,0,0,0,96,,,,,,99,,,,,,98841,53,73,200,6,1,0,0,0,0,0,0,,,,,,0,,,20,0,0,0,0,9,8,,,0,0,0,8,9,2,1,0,0,1,0,0,2,1,0,,,,,,,,,,,,,,,,,,,,,,,,,,,,,,0,0,0,0,0,0,0,0,0,0,0,0,0,0,0,0,0,0,0,1,0,0,0,0,0,1,1,1,0,1,0,0,0,1,0,,1,0,0,0,0,0,0,0,0,0,0,0,0,0,0,0,,,,,,56-60,56-65,US highway,U,Monday,Not Used,PV,White,0,1,1,0,State Route,State Patrol,Washington State Patrol Headquarter,0,1,0,0,0,,,,,,,,,,,,,,,,,,,,,,,,,,,,,,,,,,,,,,,,,,,
2021,525,636183,7,12-04-2021,01:44,4,12,Dec,,33,King,1030,10,,6,1,1,1,0,5,3,,,,12,0,1,Front-to-Rear,148.1,1,0,1,No intersection,1,2,1,1,0,0,0,0,I-5,,-122.2921306,47.37606944,98089,0,3,98,Others,53,3,60,4,0,0,1,2,12,1,2,5,3,5,Others,1,3,53,,0,36,38,2017,0,0,12,,,,,,1,1,34,1,0,0,0,0,3,0,11,0,,,,,0,0,0,3,1,0,0,0,0,0,,,,,,0,,,,,,98007,53,71,200,6,1,0,0,0,0,0,0,,,,,,0,,,20,0,0,0,8,9,8,,,0,0,0,8,0,0,0,0,0,0,0,0,0,0,996,,,,,,,,,,,,,,,,,,,,,,,,,,,,,,0,0,0,0,0,0,1,1,1,0,0,0,1,1,0,0,1,0,0,0,0,0,0,0,0,0,0,0,0,1,1,0,0,0,0,,0,0,0,0,0,0,0,0,0,0,0,0,0,0,0,0,,,,,,31-35,26-35,State route,U,Monday,Belt Used,PV,Not Fatal,1,0,0,0,State Route,State Patrol,Washington State Patrol Headquarter,0,1,0,0,0,,,,,,,,,,,,,,,,,,,,,,,,,,,,,,,,,,,,,,,,,,,
2021,525,636182,7,12-04-2021,01:44,4,12,Dec,,33,King,1030,10,,6,1,1,1,0,5,3,,,,12,0,1,Front-to-Rear,148.1,1,0,1,No intersection,1,2,1,1,0,0,0,0,I-5,,-122.2921306,47.37606944,98089,0,2,21,Others,53,3,60,3,0,0,1,2,12,1,2,5,3,5,Others,3,2,53,,0,30,398,1998,0,0,12,,,,,,1,1,26,2,0,0,1,0,3,0,11,0,,,,,0,0,0,2,1,0,0,0,0,0,,,,,,0,,,,,,98031,53,62,130,1,1,0,0,0,0,2,0,,,,,,0,10-15-2015,05-15-2016,20,0,0,0,8,9,8,,,0,0,0,8,0,0,0,0,0,0,0,0,0,0,996,,,,,,,,,,,,,,,,,,,,,,,,,,,,,,0,0,0,0,0,0,1,1,1,0,0,0,1,1,0,0,1,0,0,0,0,0,0,0,0,0,0,0,0,1,1,0,0,0,0,,0,0,0,0,0,0,0,0,0,0,0,1,0,0,0,0,,,,,,26-30,26-35,State route,U,Monday,Belt Used,PV,Not Fatal,1,0,0,0,State Route,State Patrol,Washington State Patrol Headquarter,0,1,0,0,0,,,,,,,,,,,,,,,,,,,,,,,,,,,,,,,,,,,,,,,,,,,
2021,525,636181,7,12-04-2021,01:44,4,12,Dec,,33,King,1030,10,,6,1,1,1,0,5,3,,,,12,0,1,Front-to-Rear,148.1,1,0,1,No intersection,1,2,1,1,0,0,0,0,I-5,,-122.2921306,47.37606944,98089,0,1,20,Others,50,3,60,20,0,0,1,2,12,1,2,5,3,1,Going Straight,1,2,53,,0,20,28,2013,0,0,12,12,12,,,,1,1,33,1,7,1,4,7,3,0,11,0,05/15/2017,18:59,1.64E+11,22965,0,0,0,3,1,0,0,0,0,0,,,,,,9,,,,,,98391,53,69,148,6,1,0,1,1,6,4,0,,,,,,0,09-15-2013,06-15-2015,1,0,0,0,0,9,1,,,0,0,0,1,9,2,605,0,0,1,0,0,2,10,0,,,,,,,,,,,,,,,,,,,,,,,,,,,,,,0,0,0,0,0,0,1,1,1,0,0,0,1,1,0,0,1,0,0,0,0,0,0,0,0,0,0,0,0,1,1,0,0,0,0,,1,0,0,0,0,0,1,1,0,0,0,0,0,0,1,0,,,,,,31-35,26-35,State route,U,Monday,Belt Used,PV,White,1,0,0,0,State Route,State Patrol,Washington State Patrol Headquarter,0,1,0,0,0,thc,5,carboxy-thc,16,,,,,,,,,,,,,,,,,,,,,,,,,,,,,,,,,,,,,,,
2019,525,634262,339,08-06-2019,11:45,6,8,Aug,,63,Spokane,2113,1,0,1,1,2,1,0,1,1,,,,1,0,0,No vehicle,0,1,0,1,No intersection,4,2,4,6,0,0,0,0,N BOWDISH RD,,-117.2505806,47.66049722,99206,0,1,98,Others,8,1,35,80,0,0,1,5,1,1,1,2,1,1,Going Straight,1,1,53,,0,82,881,2001,0,0,12,64,59,,,,1,1,62,1,0,0,0,0,3,0,11,0,,,,,6,1,0,3,1,0,0,0,0,93,,,,,,99,,,,,,98661,53,67,170,6,1,0,1,0,0,0,23,,,,,,4,09-15-2016,09-15-2016,20,0,0,0,8,9,2,,,0,0,0,0,9,2,1,0,0,1,0,0,2,1,0,,,,,,,,,,,,,,,,,,,,,,,,,,,,,,0,0,0,0,0,0,1,1,1,0,0,0,1,1,0,0,1,0,0,0,0,0,0,0,0,0,0,0,0,1,1,0,0,0,0,,0,0,0,0,0,0,0,0,1,1,0,0,0,0,0,0,,,,,,61-65,56-65,State route,U,Monday,,MHTRUCK,Not Fatal,1,0,0,0,State Route,State Patrol,Washington State Patrol Headquarter,0,1,0,0,0,,,,,,,,,,,,,,,,,,,,,,,,,,,,,,,,,,,,,,,,,,,
2017,526,633041,7,12-18-2017,11:05,18,12,Dec,0,33,King,1960,3,0,1,2,1,1,0,1,1,,,,21,0,0,No vehicle,166.8,1,0,1,No intersection,1,2,1,1,0,0,0,0,I-5,,-122.3286611,47.62161944,98191,0,1,2,Control/Traction Loss,13,2,60,66,1,0,1,2,21,3,1,4,3,14,Making a U turn,1,3,18,,0,98,703,2009,0,0,12,,,,,,1,1,69,2,7,1,4,7,19,0,11,0,05/29/2017,20:20,53024603,24603,6,1,3,3,1,0,0,0,0,0,,,,,,0,,,,,,98258,53,65,135,6,1,0,0,1,0,0,0,,,,,,0,11-15-2012,11-15-2012,20,8,0,0,0,9,8,,,0,0,0,8,0,0,0,0,0,0,0,0,0,0,996,,,,,,,,,,,,,,,,,,,,,,,,,,,,,,0,0,0,0,1,1,1,1,1,0,0,0,1,1,0,0,0,0,0,0,0,0,0,0,0,1,0,0,0,1,0,0,0,0,0,,0,0,0,0,0,0,0,0,0,0,0,0,0,0,0,0,,,,,,66-70,66-75,County road,R,Monday,,OTHMC,White,0,1,1,0,County Road,State Patrol,Washington State Patrol Headquarter,0,0,1,0,0,,,,,,,,,,,,,,,,,,,,,,,,,,,,,,,,,,,,,,,,,,,