year,something,Cases,repjur,crash_dt,crash_tm,accday,Month,Month,holiday,county,co_char,city,weather,weather2,lightcond,surfcond,surftype,Number of Fatalities,nmforms,pforms,vforms,not_tm,arr_tm,hosp_tm,fhevent,hitrun,Manner of Collision,Manner of Collision,milepnt,reljunc,reljuncinter,intersectiontype,Intersection Type,funcsystem,landuse,ownership,route,schlbus,spejur,contdev,devfunc,trafid1,trafid2,x,y,zipcode,wk_zone,vnumber,crashtype,Crash Type,criticalevent,criticaleventcat,spdlim,body,trailer,emerg,hazcargo,leave,mhevent,roadalgn,roadprof,traflane,trafflow,Vehicle Manure,Vehicle Manure,numoccs,regowner,regstate,,spuse,make,model,modelyr,vrf1,vrf2,seqevent1,seqevent2,seqevent3,seqevent4,seqevent5,seqevent6,pnumber,ptype,age,sex,hispanic,race,injury,diedscene,restraint,restraintmisuse,seatpos,takehosp,death_dt,death_tm,cert,cernum_wa,commlic,licendor,licrestrict,liccomp,drivpres,drf1,drf2,drf3,drf4,distract1,distract2,distract3,distract4,distract5,distract6,dricond1,dricond2,dricond3,dricond4,dricond5,dricond6,dzip,licstate,drhgt_in,weight,noncdl,noncdltype,prevdwi,prevoth,prevacc,prevspd,prevsus,driviol1,driviol2,driviol3,driviol4,driviol5,driviol6,spdrel,first_dt,last_dt,airbag,ejection,ejectpath,extricat,injurwrk,methalc,methdrug,nmlocat,strikveh,prf1,prf2,prf3,druginv,alcinvol,drugsts,drugres1,drugres2,drugres3,drugtst1,drugtst2,drugtst3,alcsts,alctst,alcres,nmact1,nmact2,nmact3,nmact4,nmact5,nmact6,nmprior1,nmprior2,nmprior3,nmprior4,nmprior5,nmprior6,nmcond1,nmcond2,nmcond3,nmcond4,nmcond5,nmcond6,nmsafe_helmet,nmsafe_pads,nmsafe_oth,nmprev_ref,nmprev_lgt,nmprev_oth,crashlocation,nmcrashtype,crosswalk,schoolzone,sidewalk,train_inv,wildlife_inv,rotr_fars,intersect_fars,Drink and Drive,aid_inv,Drug Positive Drivers,Impaired Drivers,Marijuana Positive,impnm_inv,ainm_inv,dpnm_inv,speed_inv,unlic_inv,unendmc_inv,drowsy_inv,drdist_inv,nmdist_inv,fty_inv,unrestfat_inv,dr1617_inv,dr1820_inv,dr1620_inv,dr2125_inv,dr1625_inv,dr65_inv,dr70_inv,dr75_inv,mc_inv,pv_inv,ht_inv,ped_inv,bike_inv,unrest_fat,mc_fat,unhelmet_mc,pv_fat,ht_fat,ped_fat,bike_fat,dr_alc7,dr_alc8,dr_drug,dr_imp,dr_dist,dr_spd,dr_fty,dr_unlic,dr_alc7only,dr_alc8only,dr_drugonly,dr_drink,nm_imp,nm_alc7,nm_alc8,nm_drug,nm_dist,agegrp1,agegrp2,roadclass,urbrur,dayweek,restuse,vehtype,race_me,intersect,lanedep,oppdir,wrongway,rep_typ,investag,repag_long,rotr,st_rd,cty_rd,city_rd,oth_rd,drug_thc,thc_res,drug_cthc,cthc_res,drug_cann,prevpersemin,prevperse,prevsusoth,drugtst4,drugtst5,drugtst6,drugtst7,drugtst8,drugres4,drugres5,drugres6,drugres7,drugres8,adspresent,adsengaged,adslevel,race1,race2,race3,race4,race5,helmet,helmetmisuse,nmdistract1,nmdistract2,nmdistract3,nmdistract4,nmdistract5,nmdistract6,lab,isedtcase,crf1,crf2,crf3,CoRoadName,CoMP,IntCoRoadName,IntCoMP
2020,526,634637,127,02-03-2020,09:26,3,2,Feb,,33,King,735,1,,1,2,2,1,0,4,4,09:40,09:44,10:02,12,0,11,Other,2.8,1,0,1,No intersection,3,2,1,3,0,0,0,0,SR-99,,-122.3332,47.26825,98003,0,4,98,Others,62,4,50,4,0,0,1,5,12,1,2,4,1,1,Going Straight,1,1,53,,0,37,31,1996,0,0,68,12,,,,,1,1,30,1,0,0,2,0,3,0,11,8,,,,,0,0,0,2,1,27,0,0,0,96,,,,,,9,,,,,,98236,53,74,232,1,1,1,3,1,2,3,1,,,,,,3,06-15-2012,08-15-2016,1,0,0,0,8,9,8,,,0,0,0,8,1,2,605,0,0,1,0,0,2,1,0.12,,,,,,,,,,,,,,,,,,,,,,,,,,,,,,0,0,0,0,1,1,1,1,1,0,0,0,1,1,0,0,0,0,0,0,0,0,0,0,0,1,0,0,0,1,0,0,0,0,0,,0,0,0,0,0,1,1,1,0,1,0,1,0,0,0,1,,,,,,26-30,26-35,County road,R,Monday,Belt Used,PV,Not Fatal,0,1,1,0,County Road,State Patrol,Washington State Patrol Headquarter,0,0,1,0,0,thc,7,carboxy-thc,40,,,,,,,,,,,,,,,,,,,,,,,,,,,,,,,,,,,,,,,
2020,526,634636,127,02-03-2020,09:26,3,2,Feb,,33,King,735,1,,1,2,2,1,0,4,4,09:40,09:44,10:02,12,0,11,Other,2.8,1,0,1,No intersection,3,2,1,3,0,0,0,0,SR-99,,-122.3332,47.26825,98003,0,3,98,Others,62,4,50,15,0,0,1,5,12,1,2,4,1,1,Going Straight,1,1,53,,0,20,461,2001,0,0,12,63,1,,,,1,1,42,1,0,0,3,0,3,0,11,8,,,,,0,0,0,3,1,0,0,0,0,0,,,,,,0,,,,,,99344,53,68,200,6,1,0,0,0,2,0,0,,,,,,0,04-15-2013,11-15-2015,1,0,0,0,8,9,8,,,0,0,0,8,0,0,0,0,0,0,0,0,0,0,996,,,,,,,,,,,,,,,,,,,,,,,,,,,,,,0,0,0,1,0,0,0,0,0,0,0,0,0,0,0,0,1,0,1,1,0,0,0,0,0,0,0,0,0,1,0,0,0,0,0,,0,0,0,0,0,0,0,0,0,0,0,0,0,0,0,0,,,,,,41-45,36-45,County road,R,Thursday,Belt Used,PV,Not Fatal,1,0,0,0,County Road,County Sheriff,Grant County Sheriff's Office,0,0,1,0,0,,,,,,,,,,,,,,,,,,,,,,,,,,,,,,,,,,,,,,,,,,,
2020,526,634635,127,02-03-2020,09:26,3,2,Feb,,33,King,735,1,,1,2,2,1,0,4,4,09:40,09:44,10:02,12,0,11,Other,2.8,1,0,1,No intersection,3,2,1,3,0,0,0,0,SR-99,,-122.3332,47.26825,98003,0,2,32,Others,53,3,50,66,0,0,1,2,12,1,2,4,1,5,Others,1,3,53,,0,35,421,2005,0,0,12,,,,,,1,1,51,2,0,0,1,0,3,0,11,8,,,,,99,9,9,9,1,38,39,0,0,93,,,,,,0,,,,,,98848,96,,999,9,9,99,99,99,99,99,37,,,,,,0,,,8,0,0,0,8,9,8,,,0,0,0,8,0,0,0,0,0,0,0,0,0,0,996,,,,,,,,,,,,,,,,,,,,,,,,,,,,,,0,0,0,1,0,0,0,0,0,0,0,0,0,0,0,0,1,0,1,1,0,0,0,0,0,0,0,0,0,1,0,0,0,0,0,,0,0,0,0,0,0,0,0,1,0,1,0,0,0,0,0,,,,,,51-55,46-55,County road,R,Thursday,Belt Used,PV,Not Fatal,1,0,0,0,County Road,County Sheriff,Grant County Sheriff's Office,0,0,1,0,0,,,,,,,,,,,,,,,,,,,,,,,,,,,,,,,,,,,,,,,,,,,
2020,526,634634,127,02-03-2020,09:26,3,2,Feb,,33,King,735,1,,1,2,2,1,0,4,4,09:40,09:44,10:02,12,0,11,Other,2.8,1,0,1,No intersection,3,2,1,3,0,0,0,0,SR-99,,-122.3332,47.26825,98003,0,1,32,Others,8,1,50,66,1,0,1,2,12,1,2,4,1,1,Going Straight,1,3,53,,0,35,43,2005,0,0,64,67,42,,,,1,1,15,1,0,0,2,0,99,0,11,8,,,,,0,0,0,0,1,0,0,0,0,96,,,,,,0,,,,,,98382,53,,999,0,0,99,99,99,99,99,97,,,,,,0,,,1,0,0,0,8,9,8,,,0,0,0,8,0,0,0,0,0,0,0,0,0,0,996,,,,,,,,,,,,,,,,,,,,,,,,,,,,,,0,0,0,0,0,0,0,0,0,0,0,0,0,1,0,0,0,0,0,0,0,0,0,0,0,0,0,0,0,1,0,0,0,0,0,,0,0,0,0,0,0,0,0,0,0,0,1,0,0,0,0,,,,,,Oct-15,0-15,Other,,Thursday,Unknown,PV,Not Fatal,0,1,0,0,Other,County Sheriff,Clallam County Sheriff's Office,1,0,0,0,1,,,,,,,,,,,,,,,,,,,,,,,,,,,,,,,,,,,,,,,,,,,
2021,526,636184,7,12-08-2021,18:51,8,12,Dec,,33,King,735,1,,3,1,2,1,0,1,1,,,,24,0,0,No vehicle,141.7,1,0,1,No intersection,1,2,1,1,0,0,0,0,I-5,,-122.3081444,47.28577778,98354,0,1,2,Control/Traction Loss,9,1,60,1,0,0,1,2,1,1,1,5,3,1,Going Straight,1,9,99,,0,20,481,2000,0,0,12,,,,,,1,1,37,1,0,0,3,0,3,0,11,8,,,,,0,0,1,3,1,0,0,0,0,0,,,,,,0,,,,,,98584,53,63,130,6,1,0,1,1,2,0,0,,,,,,0,02-15-2016,10-15-2016,3,0,0,0,8,9,8,,,0,0,0,8,0,0,0,0,0,0,0,0,0,0,996,,,,,,,,,,,,,,,,,,,,,,,,,,,,,,0,0,0,0,0,0,1,1,0,0,0,0,0,0,0,0,1,0,0,0,0,0,0,0,0,0,0,0,0,0,0,0,0,0,0,,0,0,0,0,0,0,0,0,0,0,0,0,0,0,0,0,,,,,,36-40,36-45,State route,R,Monday,Belt Used,PV,Not Fatal,0,0,0,0,State Route,State Patrol,Washington State Patrol Headquarter,0,1,0,0,0,,,,,,,,,,,,,,,,,,,,,,,,,,,,,,,,,,,,,,,,,,,
2019,526,634370,263,09-30-2019,08:57,30,9,Sep,,33,King,1960,1,0,1,1,1,1,2,1,1,,,,8,1,0,No vehicle,0,3,0,3,T Intersection,3,2,4,6,0,0,20,3,NE 125TH ST,28TH AVE NE,-122.2976889,47.71929444,98165,0,1,13,Pedestrian/Animal,80,5,98,8,0,0,1,5,8,8,8,5,5,11,Turning Red: Permitted on red,99,9,99,,0,35,481,2009,0,0,12,,,,,,1,1,34,2,0,0,1,0,3,0,11,8,,,,,0,0,0,3,1,0,0,0,0,0,,,,,,0,,,,,,98407,53,66,135,6,1,0,0,1,0,0,0,,,,,,0,01-15-2015,01-15-2015,20,0,0,0,8,9,8,,,0,0,0,8,0,0,0,0,0,0,0,0,0,0,996,,,,,,,,,,,,,,,,,,,,,,,,,,,,,,0,0,0,0,0,0,1,1,0,0,0,0,0,0,0,0,1,0,0,0,0,0,0,0,0,0,0,0,0,0,0,0,0,0,0,,0,0,0,0,0,0,0,0,0,0,0,0,0,0,0,0,,,,,,31-35,26-35,State route,R,Monday,Belt Used,PV,Not Fatal,0,0,0,0,State Route,State Patrol,Washington State Patrol Headquarter,0,1,0,0,0,,,,,,,,,,,,,,,,,,,,,,,,,,,,,,,,,,,,,,,,,,,
2017,527,3748033,7,12-06-2017,20:05,6,12,Dec,0,33,King,1960,1,0,2,1,2,1,0,2,2,,,,12,0,2,Front-to-Front,0,2,0,2,4 Way,7,2,4,6,0,0,0,0,8TH AVE,NW 92ND ST,-122.3203194,47.69581667,,0,1,68,Initial Opposite Direction(Left/Right),15,2,30,3,0,0,1,2,12,1,2,2,1,11,Turning Red: Permitted on red,1,1,53,,0,20,481,1995,0,0,12,68,12,,,,1,1,58,1,7,1,4,7,3,0,11,0,05/15/2017,08:42,53022584,22584,0,0,3,3,1,0,0,0,0,92,,,,,,99,,,,,,98588,53,72,245,6,1,0,2,0,2,0,0,,,,,,0,12-15-2012,04-15-2017,1,0,0,0,0,9,8,,,0,0,0,8,9,2,177,189,401,1,1,1,2,1,0,,,,,,,,,,,,,,,,,,,,,,,,,,,,,,0,0,0,0,0,0,1,1,0,0,0,0,0,0,0,0,1,0,0,0,0,0,0,0,0,0,0,0,0,0,0,0,0,0,0,,0,0,0,0,0,0,1,1,1,0,0,0,0,0,1,0,,,,,,56-60,56-65,State route,R,Monday,Belt Used,PV,White,0,0,0,0,State Route,State Patrol,Washington State Patrol Headquarter,0,1,0,0,0,,,,,,,,,,,,,,,,,,,,,,,,,,,,,,,,,,,,,,,,,,,
2017,527,3748033,7,12-06-2017,20:05,6,12,Dec,0,33,King,1960,1,0,2,1,2,1,0,2,2,,,,12,0,2,Front-to-Front,0,2,0,2,4 Way,7,2,4,6,0,0,0,0,8TH AVE,NW 92ND ST,-122.3203194,47.69581667,,0,2,69,Initial Opposite Direction(Going Straight),62,4,30,14,0,0,1,2,12,1,2,2,1,1,Going Straight,1,1,53,,0,98,706,2016,0,0,68,64,24,,,,1,1,25,1,7,1,4,0,19,0,11,5,06-04-2017,15:01,2.02E+11,25453,0,0,0,3,1,0,0,0,0,96,,,,,,99,,,,,,98446,53,71,176,6,1,0,0,0,0,0,0,,,,,,4,,,20,8,0,0,0,9,8,,,0,0,0,8,9,2,522,0,0,1,0,0,2,1,0,,,,,,,,,,,,,,,,,,,,,,,,,,,,,,0,0,1,0,0,0,1,1,0,0,0,0,1,0,0,0,0,0,0,0,0,0,0,1,1,0,0,0,1,0,0,0,0,0,1,0,0,0,0,0,0,0,1,1,0,1,0,0,0,0,1,0,,,,,,21-25,16-25,State route,U,Sunday,,MC,White,0,1,0,0,State Route,State Patrol,Washington State Patrol Headquarter,1,1,0,0,0,,,,,,,,,,,,,,,,,,,,,,,,,,,,,,,,,,,,,,,,,,,
2020,527,635415,199,01-03-2020,16:47,3,1,Jan,,53,Pierce,1350,2,,5,2,2,1,1,1,1,,,,8,0,0,No vehicle,2,1,0,1,No intersection,3,2,1,3,0,3,0,0,SR-99,,-122.3362278,47.25696389,98354,0,1,13,Pedestrian/Animal,80,5,45,6,0,0,1,5,8,1,1,5,5,1,Going Straight,1,1,53,,0,23,431,2001,0,0,68,64,69,68,63,1,1,1,62,1,7,1,4,7,20,0,11,0,06-02-2017,04:52,2.05E+11,24942,3,0,3,3,1,0,0,0,0,96,,,,,,9,,,,,,99115,53,72,180,6,1,0,1,1,1,0,0,,,,,,0,02-15-2013,09-15-2013,20,1,9,0,0,9,1,,,0,0,0,1,9,2,189,996,996,1,1,1,2,1,0,,,,,,,,,,,,,,,,,,,,,,,,,,,,,,0,0,0,0,0,0,1,1,0,0,0,0,0,0,0,0,0,0,0,1,0,0,0,0,0,0,0,0,0,1,0,0,0,1,0,,1,0,0,0,0,0,1,1,0,0,0,0,0,0,1,0,,,,,,61-65,56-65,State route,R,Friday,Not Used,PV,White,0,1,0,0,State Route,State Patrol,Washington State Patrol Headquarter,1,1,0,0,0,,,,,,,,,,,,,,,,,,,,,,,,,,,,,,,,,,,,,,,,,,,
2019,527,634435,42,10-30-2019,06:28,30,10,Oct,,67,Thurston,0,1,0,3,1,2,1,0,3,2,,,,12,0,6,Angle,9999.9,2,0,3,T Intersection,5,1,2,4,1,0,0,0,CR-LITTLEROCK RD SW,110TH AVE SW,-122.9922444,46.92733611,98512,0,2,83,Others,67,4,50,50,0,0,1,5,12,1,1,2,1,1,Going Straight,1,3,53,,0,20,25,2014,0,0,12,,,,,,1,1,32,2,0,0,3,0,3,0,11,5,,,,,0,0,3,3,1,0,0,0,0,0,,,,,,99,,,,,,98208,53,69,145,6,1,0,0,0,0,0,0,,,,,,0,,,8,0,0,0,8,9,8,,,0,0,0,8,9,0,0,0,0,0,0,0,0,0,996,,,,,,,,,,,,,,,,,,,,,,,,,,,,,,0,0,0,1,0,0,0,0,0,0,0,0,0,0,0,0,1,0,0,0,1,0,1,0,1,0,0,0,0,1,0,0,0,0,0,,0,0,0,0,0,0,0,0,0,0,0,0,0,0,0,0,,,,,,31-35,26-35,State route,R,Wednesday,Belt Used,PV,Not Fatal,1,0,0,0,State Route,State Patrol,Washington State Patrol Headquarter,0,1,0,0,0,,,,,,,,,,,,,,,,,,,,,,,,,,,,,,,,,,,,,,,,,,,
2019,527,634434,42,10-30-2019,06:28,30,10,Oct,,67,Thurston,0,1,0,3,1,2,1,0,3,2,,,,12,0,6,Angle,9999.9,2,0,3,T Intersection,5,1,2,4,1,0,20,3,CR-LITTLEROCK RD SW,110TH AVE SW,-122.9922444,46.92733611,98512,0,1,82,Turn Into Opp Direction(Turning Left),15,2,50,14,0,0,1,2,12,1,1,2,1,11,Turning Red: Permitted on red,2,2,53,,0,20,22,2006,0,0,12,,,,,,1,1,17,1,7,1,4,7,3,0,11,0,05/24/2017,15:15,53023862,23862,0,0,1,3,1,39,0,0,0,93,,,,,,99,,,,,,98857,53,70,150,6,2,0,0,0,0,0,37,,,,,,0,,,20,0,0,0,0,9,8,,,0,0,0,8,9,0,0,0,0,0,0,0,0,0,996,,,,,,,,,,,,,,,,,,,,,,,,,,,,,,0,0,0,1,0,0,0,0,0,0,0,0,0,0,0,0,1,0,0,0,1,0,1,0,1,0,0,0,0,1,0,0,0,0,0,,1,0,0,0,0,0,0,0,1,0,0,0,0,0,0,0,,,,,,16-17,16-25,State route,R,Wednesday,Belt Used,PV,White,1,0,0,0,State Route,State Patrol,Washington State Patrol Headquarter,0,1,0,0,0,,,,,,,,,,,,,,,,,,,,,,,,,,,,,,,,,,,,,,,,,,,
2017,528,633038,4,12-23-2017,01:34,23,12,Dec,9,63,Spokane,2110,10,0,3,1,1,1,0,2,2,01:35,01:40,,12,0,2,Front-to-Front,278.3,1,0,1,No intersection,1,2,1,1,0,0,0,0,I-90,,-117.43235,47.65215,99201,0,2,51,Lateral Move(Going Straight),54,3,60,66,1,0,1,2,12,1,1,3,3,1,Going Straight,1,3,49,,0,7,880,2017,0,0,12,,,,,,1,1,50,1,0,0,1,0,3,0,11,8,,,,,0,0,0,3,1,0,0,0,0,0,,,,,,0,,,,,,83714,16,71,210,6,1,0,0,0,0,0,0,,,,,,0,,,1,0,0,0,8,9,8,,,0,0,0,8,0,0,0,0,0,0,0,0,0,0,996,,,,,,,,,,,,,,,,,,,,,,,,,,,,,,0,0,0,0,0,0,0,0,0,0,0,0,0,0,0,0,0,0,0,1,1,0,1,0,1,0,0,0,0,1,1,0,0,0,0,,0,0,0,0,0,0,0,0,0,0,0,0,0,0,0,0,,,,,,46-50,46-55,State route,R,Monday,Belt Used,MHTRUCK,Not Fatal,0,1,1,0,State Route,State Patrol,Washington State Patrol Headquarter,0,1,0,0,0,,,,,,,,,,,,,,,,,,,,,,,,,,,,,,,,,,,,,,,,,,,
2021,528,636185,163,12-06-2021,09:45,6,12,Dec,,33,King,1050,10,,1,0,0,1,1,2,1,,,,8,0,0,No vehicle,0,4,0,1,No intersection,7,2,4,6,0,0,0,0,119TH PL NE,,-122.1815417,47.73182222,98034,0,1,92,Others,20,2,0,14,0,0,1,2,8,0,0,0,0,13,Others,2,1,53,,0,12,37,2005,0,0,68,12,,,,,1,1,17,1,1,1,4,7,20,0,11,0,06-05-2017,16:03,53025644,25644,0,0,0,3,1,28,35,0,0,96,,,,,,0,,,,,,98837,53,65,125,6,2,0,1,0,0,0,0,,,,,,0,05-15-2016,05-15-2016,1,0,0,0,0,9,8,,,0,0,0,8,0,0,0,0,0,0,0,0,0,0,996,,,,,,,,,,,,,,,,,,,,,,,,,,,,,,0,0,0,0,0,0,0,0,0,0,0,0,0,0,0,0,0,0,0,1,1,0,1,0,1,0,0,0,0,1,1,0,0,1,0,,1,0,0,0,0,0,0,0,0,0,0,0,0,0,0,0,,,,,,16-17,16-25,State route,R,Monday,Not Used,PV,Hispanic,0,1,1,0,State Route,State Patrol,Washington State Patrol Headquarter,0,1,0,0,0,,,,,,,,,,,,,,,,,,,,,,,,,,,,,,,,,,,,,,,,,,,
2020,528,635215,242,11-12-2020,16:04,12,11,Nov,,53,Pierce,1770,2,,1,2,2,1,0,2,2,16:04,16:16,16:37,12,0,6,Angle,5.4,8,0,1,No intersection,3,2,1,3,0,0,0,0,SR-167,,-122.2945028,47.19895556,98371,0,2,69,Initial Opposite Direction(Going Straight),62,4,35,80,0,0,1,5,12,1,1,5,5,1,Going Straight,1,1,53,,0,49,32,1998,0,0,8,,,,,,1,1,25,2,0,0,0,0,3,0,11,0,,,,,0,0,3,3,1,0,0,0,0,0,,,,,,0,,,,,,98563,53,63,175,6,1,0,0,0,0,0,0,,,,,,0,,,20,0,0,0,8,9,8,,,0,0,0,8,0,0,0,0,0,0,0,0,0,0,996,,,,,,,,,,,,,,,,,,,,,,,,,,,,,,0,0,0,1,0,0,0,0,0,1,1,0,0,0,0,0,0,0,0,0,0,0,0,1,1,0,0,0,0,1,0,1,0,0,0,,0,0,0,0,0,0,0,0,0,0,0,0,0,0,0,0,,,,,,21-25,16-25,City street,U,Tuesday,Belt Used,PV,Not Fatal,1,0,0,0,City Street,Municipal/City Police,Vancouver Police Department,0,0,0,1,0,,,,,,,,,,,,,,,,,,,,,,,,,,,,,,,,,,,,,,,,,,,
2020,528,635214,242,11-12-2020,16:04,12,11,Nov,,53,Pierce,1770,2,,1,2,2,1,0,2,2,16:04,16:16,16:37,12,0,6,Angle,5.4,8,0,1,No intersection,3,2,1,3,0,0,0,0,SR-167,,-122.2945028,47.19895556,98371,0,1,68,Initial Opposite Direction(Left/Right),15,2,35,10,0,0,1,5,12,1,1,5,5,11,Turning Red: Permitted on red,1,1,53,,0,63,32,2003,0,0,68,63,41,69,68,64,1,1,24,1,7,1,4,7,3,0,11,0,06-01-2017,03:00,24053025313,25313,0,0,0,3,1,0,0,0,0,96,,,,,,0,,,,,,98661,53,72,190,6,1,0,1,0,0,0,0,,,,,,5,11-15-2014,11-15-2014,20,1,9,0,0,1,8,,,0,0,0,8,1,2,1,0,0,1,0,0,2,1,0.023,,,,,,,,,,,,,,,,,,,,,,,,,,,,,,0,0,0,0,1,0,0,0,0,0,0,0,1,0,0,0,0,0,0,0,0,0,0,1,1,0,0,0,0,1,0,0,0,0,0,,1,0,0,0,1,0,0,0,0,1,0,0,1,0,0,1,,,,,,21-25,16-25,State route,U,Thursday,Belt Used,PV,White,0,1,0,0,State Route,State Patrol,Washington State Patrol Headquarter,1,1,0,0,0,,,,,,,,,,,,,,,,,,,,,,,,,,,,,,,,,,,,,,,,,,,
2019,528,634527,238,12-14-2019,08:35,14,12,Dec,,35,Kitsap,1730,10,0,1,2,2,1,0,2,1,,,,1,0,0,No vehicle,0,1,0,1,No intersection,4,2,4,6,0,0,0,0,FJORD DR NE,,-122.6361556,47.72301389,98370,0,1,7,Control/Traction Loss,6,1,25,4,0,0,1,7,3,2,2,2,1,14,Making a U turn,2,1,53,,0,49,401,2005,0,0,64,1,69,63,59,,1,1,36,2,2,1,4,7,3,0,11,0,06-02-2017,00:02,53025936,25936,0,0,0,3,1,0,0,0,0,96,,,,,,99,,,,,,98674,53,66,150,6,1,0,1,1,0,1,0,,,,,,5,09-15-2014,09-15-2014,8,0,0,0,0,9,8,,,0,0,0,8,1,2,605,0,0,1,0,0,2,1,0.27,,,,,,,,,,,,,,,,,,,,,,,,,,,,,,0,0,0,0,1,1,1,1,1,0,0,0,1,0,0,0,0,0,0,0,0,0,0,0,0,0,0,0,0,1,0,0,0,0,0,,1,0,0,0,0,1,1,1,0,1,0,0,0,0,0,1,,,,,,36-40,36-45,Interstate,R,Friday,Belt Used,PV,Hispanic,0,1,0,0,State Route,State Patrol,Washington State Patrol Headquarter,1,1,0,0,0,thc,8.6,carboxy-thc,57,,,,,,,,,,,,,,,,,,,,,,,,,,,,,,,,,,,,,,,
2017,528,633037,4,12-23-2017,01:34,23,12,Dec,9,63,Spokane,2110,10,0,3,1,1,1,0,2,2,01:35,01:40,,12,0,2,Front-to-Front,278.3,1,0,1,No intersection,1,2,1,1,0,0,0,0,I-90,,-117.43235,47.65215,99201,0,1,50,Lateral Move(Left/Right),54,3,98,5,0,0,1,2,12,1,1,3,3,1,Going Straight,1,1,53,,0,20,471,1996,0,0,63,69,68,64,42,,1,1,46,1,7,1,4,7,3,0,11,0,06-03-2017,08:59,53025377,25377,0,0,0,3,1,0,0,0,0,96,,,,,,99,,,,,,98392,53,69,185,6,1,0,0,2,1,0,0,,,,,,4,05-15-2016,04-15-2017,20,0,0,0,0,9,8,,,0,0,0,8,9,2,1,0,0,1,0,0,2,1,0,,,,,,,,,,,,,,,,,,,,,,,,,,,,,,0,0,1,0,0,0,0,0,0,0,0,0,1,0,0,0,0,0,0,0,0,0,0,0,0,0,0,0,0,0,0,0,0,0,0,,0,0,0,0,0,0,0,0,0,1,0,0,0,0,0,0,,,,,,46-50,46-55,County road,R,Saturday,Belt Used,PV,White,0,1,0,0,County Road,County Sheriff,Kitsap County Sheriff's Office,1,0,1,0,0,,,,,,,,,,,,,,,,,,,,,,,,,,,,,,,,,,,,,,,,,,,
2021,529,635482,250,04-04-2021,18:13,4,4,April,,5,Benton,1850,1,,1,1,2,1,1,7,1,,,,9,0,0,No vehicle,0,3,0,3,T Intersection,3,2,4,6,0,0,3,3,KEENE RD,Queensgate Dr,-119.3029861,46.24806667,99352,0,1,13,Pedestrian/Animal,83,5,45,15,0,0,1,5,9,1,1,5,1,1,Going Straight,7,1,53,,0,99,999,9999,0,0,8,14,,,,,1,1,999,9,0,0,0,0,99,0,11,0,,,,,99,9,9,9,1,0,0,0,0,93,,,,,,99,,,,,,99999,99,,999,9,9,99,99,99,99,99,97,,,,,,0,,,99,0,0,0,8,9,8,,,0,0,0,8,9,0,0,0,0,0,0,0,0,0,996,,,,,,,,,,,,,,,,,,,,,,,,,,,,,,0,0,0,0,0,0,0,0,0,1,1,1,0,0,0,0,1,0,0,0,0,0,0,0,0,0,0,0,0,0,0,1,0,0,0,,0,0,0,0,0,0,0,0,1,0,0,0,0,0,0,0,,,,,,,,City street,U,Sunday,,NR-U,Not Fatal,0,0,0,0,City Street,Municipal/City Police,Issaquah Police Department,0,0,0,1,0,,,,,,,,,,,,,,,,,,,,,,,,,,,,,,,,,,,,,,,,,,,
2019,529,634490,160,12-04-2019,01:07,4,12,Dec,,33,King,1030,1,0,2,1,2,1,1,1,1,,,,8,0,0,No vehicle,0,1,0,1,No intersection,3,2,4,6,0,0,0,0,S 272ND ST,,-122.3078028,47.35793889,98032,0,1,13,Pedestrian/Animal,80,5,98,4,0,0,1,5,8,1,4,4,1,1,Going Straight,1,2,53,,0,76,706,2010,0,0,63,1,,,,,1,1,49,1,0,0,0,0,19,0,11,0,,,,,0,0,0,2,1,91,0,0,0,96,,,,,,0,,,,,,98387,53,71,235,6,1,0,1,0,1,0,2,,,,,,4,01-15-2016,10-15-2016,20,8,0,0,8,9,8,,,0,0,0,8,0,0,0,0,0,0,0,0,0,0,996,,,,,,,,,,,,,,,,,,,,,,,,,,,,,,0,0,0,1,0,0,0,0,0,0,0,0,1,0,1,0,0,0,0,0,0,0,0,0,0,0,0,0,1,0,0,0,0,0,0,0,0,0,0,0,0,0,0,0,0,1,0,0,0,0,0,0,,,,,,46-50,46-55,County road,U,Wednesday,,MC,Not Fatal,1,0,0,0,County Road,County Sheriff,Law Enforcement Support Agency,0,0,1,0,0,,,,,,,,,,,,,,,,,,,,,,,,,,,,,,,,,,,,,,,,,,,
2017,529,633065,5,12-25-2017,12:20,25,12,Dec,9,15,Cowlitz,0,10,0,1,10,2,1,0,1,1,,,,53,0,0,No vehicle,43,1,0,1,No intersection,4,1,1,3,0,0,0,0,SR-503,,-122.5600528,45.95936389,98603,0,1,2,Control/Traction Loss,13,2,55,34,0,0,1,2,42,3,1,2,1,14,Making a U turn,1,1,53,,0,87,884,2013,0,0,12,,,,,,1,1,53,1,0,0,0,0,3,0,11,0,,,,,99,9,9,9,1,0,0,0,0,0,,,,,,0,,,,,,0,95,,999,9,9,99,99,99,99,99,0,,,,,,0,,,20,0,0,0,8,9,2,,,0,0,0,0,0,2,1,0,0,1,0,0,2,1,0,,,,,,,,,,,,,,,,,,,,,,,,,,,,,,0,0,0,1,1,1,1,1,0,0,0,0,1,0,0,0,0,0,1,0,0,0,0,0,0,0,0,0,0,0,1,0,0,0,0,,0,0,0,0,0,0,0,0,0,0,0,0,0,0,0,0,,,,,,51-55,46-55,State route,U,Monday,,MHTRUCK,Not Fatal,1,0,0,0,State Route,State Patrol,Washington State Patrol Headquarter,0,1,0,0,0,,,,,,,,,,,,,,,,,,,,,,,,,,,,,,,,,,,,,,,,,,,