year,something,Cases,repjur,crash_dt,crash_tm,accday,Month,Month,holiday,county,co_char,city,weather,weather2,lightcond,surfcond,surftype,Number of Fatalities,nmforms,pforms,vforms,not_tm,arr_tm,hosp_tm,fhevent,hitrun,Manner of Collision,Manner of Collision,milepnt,reljunc,reljuncinter,intersectiontype,Intersection Type,funcsystem,landuse,ownership,route,schlbus,spejur,contdev,devfunc,trafid1,trafid2,x,y,zipcode,wk_zone,vnumber,crashtype,Crash Type,criticalevent,criticaleventcat,spdlim,body,trailer,emerg,hazcargo,leave,mhevent,roadalgn,roadprof,traflane,trafflow,Vehicle Manure,Vehicle Manure,numoccs,regowner,regstate,,spuse,make,model,modelyr,vrf1,vrf2,seqevent1,seqevent2,seqevent3,seqevent4,seqevent5,seqevent6,pnumber,ptype,age,sex,hispanic,race,injury,diedscene,restraint,restraintmisuse,seatpos,takehosp,death_dt,death_tm,cert,cernum_wa,commlic,licendor,licrestrict,liccomp,drivpres,drf1,drf2,drf3,drf4,distract1,distract2,distract3,distract4,distract5,distract6,dricond1,dricond2,dricond3,dricond4,dricond5,dricond6,dzip,licstate,drhgt_in,weight,noncdl,noncdltype,prevdwi,prevoth,prevacc,prevspd,prevsus,driviol1,driviol2,driviol3,driviol4,driviol5,driviol6,spdrel,first_dt,last_dt,airbag,ejection,ejectpath,extricat,injurwrk,methalc,methdrug,nmlocat,strikveh,prf1,prf2,prf3,druginv,alcinvol,drugsts,drugres1,drugres2,drugres3,drugtst1,drugtst2,drugtst3,alcsts,alctst,alcres,nmact1,nmact2,nmact3,nmact4,nmact5,nmact6,nmprior1,nmprior2,nmprior3,nmprior4,nmprior5,nmprior6,nmcond1,nmcond2,nmcond3,nmcond4,nmcond5,nmcond6,nmsafe_helmet,nmsafe_pads,nmsafe_oth,nmprev_ref,nmprev_lgt,nmprev_oth,crashlocation,nmcrashtype,crosswalk,schoolzone,sidewalk,train_inv,wildlife_inv,rotr_fars,intersect_fars,Drink and Drive,aid_inv,Drug Positive Drivers,Impaired Drivers,Marijuana Positive,impnm_inv,ainm_inv,dpnm_inv,speed_inv,unlic_inv,unendmc_inv,drowsy_inv,drdist_inv,nmdist_inv,fty_inv,unrestfat_inv,dr1617_inv,dr1820_inv,dr1620_inv,dr2125_inv,dr1625_inv,dr65_inv,dr70_inv,dr75_inv,mc_inv,pv_inv,ht_inv,ped_inv,bike_inv,unrest_fat,mc_fat,unhelmet_mc,pv_fat,ht_fat,ped_fat,bike_fat,dr_alc7,dr_alc8,dr_drug,dr_imp,dr_dist,dr_spd,dr_fty,dr_unlic,dr_alc7only,dr_alc8only,dr_drugonly,dr_drink,nm_imp,nm_alc7,nm_alc8,nm_drug,nm_dist,agegrp1,agegrp2,roadclass,urbrur,dayweek,restuse,vehtype,race_me,intersect,lanedep,oppdir,wrongway,rep_typ,investag,repag_long,rotr,st_rd,cty_rd,city_rd,oth_rd,drug_thc,thc_res,drug_cthc,cthc_res,drug_cann,prevpersemin,prevperse,prevsusoth,drugtst4,drugtst5,drugtst6,drugtst7,drugtst8,drugres4,drugres5,drugres6,drugres7,drugres8,adspresent,adsengaged,adslevel,race1,race2,race3,race4,race5,helmet,helmetmisuse,nmdistract1,nmdistract2,nmdistract3,nmdistract4,nmdistract5,nmdistract6,lab,isedtcase,crf1,crf2,crf3,CoRoadName,CoMP,IntCoRoadName,IntCoMP
2021,530,635692,8,07-05-2021,10:59,5,7,July,,31,Jefferson,0,1,,1,1,2,1,1,1,1,,,,9,0,0,No vehicle,8.2,1,0,1,No intersection,3,1,1,3,0,0,0,0,SR-20,,-122.8180083,48.077625,98368,0,1,13,Pedestrian/Animal,83,5,50,67,1,0,1,5,9,1,1,2,1,1,Going Straight,1,1,53,,0,20,481,1996,0,0,12,,,,,,1,1,37,1,7,1,4,7,20,0,11,0,05/29/2017,14:57,53024435,24435,0,0,0,3,1,38,0,0,0,96,,,,,,9,,,,,,98248,53,71,151,6,8,0,1,1,1,0,0,,,,,,3,06-15-2012,02-15-2016,20,0,0,0,0,1,8,,,0,0,0,8,1,2,996,996,0,1,1,0,2,1,0.25,,,,,,,,,,,,,,,,,,,,,,,,,,,,,,0,0,0,1,1,1,1,1,0,0,0,0,1,0,0,0,0,0,1,0,0,0,0,0,0,0,0,0,0,0,1,0,0,1,0,,0,0,0,0,0,1,1,1,0,1,1,0,0,0,0,1,,,,,,36-40,36-45,State route,U,Monday,Not Used,PV,White,1,0,0,0,State Route,State Patrol,Washington State Patrol Headquarter,0,1,0,0,0,,,,,,,,,,,,,,,,,,,,,,,,,,,,,,,,,,,,,,,,,,,
2020,530,635079,55,09-14-2020,12:50,14,9,Sep,,33,King,100,1,,1,1,2,1,1,1,1,13:13,13:13,,9,0,0,No vehicle,0,1,0,1,No intersection,5,2,4,6,0,0,0,0,M ST SE,,-122.2125333,47.28197222,98002,0,1,92,Others,83,5,98,15,0,0,1,5,9,1,1,8,8,13,Others,1,1,53,,0,98,734,2014,0,0,64,42,,,,,1,1,51,1,7,1,4,7,19,0,11,0,05/20/2017,13:52,53023223,23223,0,0,0,2,1,0,0,0,0,96,,,,,,99,,,,,,99217,53,70,250,6,1,0,0,0,0,0,0,,,,,,4,,,20,0,0,0,0,9,8,,,0,0,0,8,1,2,605,0,0,1,0,0,2,1,0.24,,,,,,,,,,,,,,,,,,,,,,,,,,,,,,0,0,1,0,1,1,1,1,1,0,0,0,1,0,0,0,0,0,0,0,0,0,0,0,0,0,0,0,0,0,0,0,0,0,0,,0,0,0,0,0,1,1,1,0,1,0,0,0,0,0,1,,,,,,51-55,46-55,County road,R,Saturday,,OTHVT,White,0,1,0,0,County Road,County Sheriff,Pend Oreille County Sheriff's Offic,1,0,1,0,0,thc,45,carboxy-thc,81,,,,,,,,,,,,,,,,,,,,,,,,,,,,,,,,,,,,,,,
2017,530,633049,3,12-24-2017,15:41,24,12,Dec,9,53,Pierce,0,4,0,3,3,2,1,0,5,1,15:33,15:58,16:39,42,0,0,No vehicle,39.4,1,0,1,No intersection,4,1,1,3,0,0,0,0,SR-507,,-122.4991278,47.02875278,98580,0,1,6,Drive off road,6,1,55,15,0,0,1,2,42,1,1,2,1,1,Going Straight,5,1,53,,0,7,482,2004,0,0,63,8,,,,,1,1,37,1,0,0,0,0,99,0,11,0,,,,,0,0,0,2,1,0,0,0,0,92,,,,,,99,,,,,,98264,53,72,175,1,1,0,2,0,1,5,97,,,,,,0,01-15-2016,02-15-2017,99,0,0,0,8,9,8,,,0,0,0,8,9,0,0,0,0,0,0,0,0,0,996,,,,,,,,,,,,,,,,,,,,,,,,,,,,,,0,0,0,0,0,0,0,0,0,1,0,1,0,1,0,0,1,0,0,0,0,0,0,0,0,0,0,0,0,0,0,1,0,0,0,,0,0,0,0,0,0,0,0,1,0,0,1,0,0,0,0,,,,,,36-40,36-45,County road,R,Saturday,Unknown,PV,Not Fatal,0,0,0,0,County Road,State Patrol,Washington State Patrol Headquarter,0,0,1,0,0,,,,,,,,,,,,,,,,,,,,,,,,,,,,,,,,,,,,,,,,,,,
2017,531,633053,5,12-24-2017,02:48,24,12,Dec,9,11,Clark,2370,1,0,3,8,1,1,0,1,1,,,,42,0,0,No vehicle,30.8,1,0,1,No intersection,1,2,1,1,0,0,0,0,I-205,,-122.5705667,45.65678889,98662,0,1,7,Control/Traction Loss,6,1,60,4,0,0,1,2,42,1,1,3,3,1,Going Straight,1,1,41,,0,20,403,2005,0,0,64,69,68,64,1,,1,1,18,1,0,0,0,0,3,0,11,0,,,,,0,0,3,3,1,58,0,0,0,0,,,,,,2,,,,,,83455,16,68,999,6,1,0,0,0,0,0,1,,,,,,3,,,20,0,0,0,8,9,2,,,0,0,0,0,0,0,0,0,0,0,0,0,0,0,996,,,,,,,,,,,,,,,,,,,,,,,,,,,,,,0,0,0,0,0,0,0,0,0,0,0,0,1,0,0,1,0,0,0,1,0,1,1,0,1,0,0,0,0,1,0,0,0,0,0,,0,0,0,0,0,0,0,0,0,1,0,0,0,0,0,0,,,,,,18-20,16-25,US highway,R,Monday,Belt Used,PV,Not Fatal,0,1,0,0,State Route,State Patrol,Washington State Patrol Headquarter,1,1,0,0,0,,,,,,,,,,,,,,,,,,,,,,,,,,,,,,,,,,,,,,,,,,,
2021,531,636094,35,11-15-2021,20:45,15,11,Nov,,53,Pierce,0,1,,2,2,2,1,0,2,2,,,,12,0,7,"Sideswipe,Same",0.3,1,0,1,No intersection,4,2,2,4,0,0,0,0,CR-260TH ST E,,-122.3641583,47.02024722,98338,0,2,48,Others,53,3,35,80,0,0,1,5,12,1,1,2,1,2,Others,1,1,53,,0,37,32,1991,0,0,68,64,38,31,1,,1,1,38,1,7,1,4,7,20,0,11,0,05/31/2017,05:30,53024750,24750,0,0,0,2,1,0,0,0,0,96,,,,,,99,,,,,,98674,53,71,235,1,1,0,4,1,4,2,0,,,,,,0,04-15-2014,02-15-2017,20,1,9,0,0,9,8,,,0,0,0,8,9,2,401,417,0,1,1,0,2,1,0,,,,,,,,,,,,,,,,,,,,,,,,,,,,,,0,0,1,0,0,0,1,1,0,0,0,0,0,1,0,0,0,0,0,1,0,0,0,0,0,0,0,0,0,1,0,0,0,1,0,,1,0,0,0,0,0,1,1,0,0,0,1,0,0,1,0,,,,,,36-40,36-45,County road,R,Wednesday,Not Used,PV,White,0,1,0,0,County Road,County Sheriff,Clark County Sheriff's Office,1,0,1,0,0,,,,,,,,,,,,,,,,,,,,,,,,,,,,,,,,,,,,,,,,,,,
2021,531,636093,35,11-15-2021,20:45,15,11,Nov,,53,Pierce,0,1,,2,2,2,1,0,2,2,,,,12,0,7,"Sideswipe,Same",0.3,1,0,1,No intersection,4,2,2,4,0,0,0,0,CR-260TH ST E,,-122.3641583,47.02024722,98338,0,1,48,Others,52,3,35,2,0,0,1,5,12,1,1,2,1,1,Going Straight,1,2,53,,0,20,421,2011,0,0,12,,,,,,1,1,49,1,0,0,1,0,3,0,11,0,,,,,0,0,0,3,1,0,0,0,0,0,,,,,,0,,,,,,99337,53,71,180,6,1,0,0,0,0,0,0,,,,,,0,,,8,0,0,0,8,9,8,,,0,0,0,8,0,0,0,0,0,0,0,0,0,0,996,,,,,,,,,,,,,,,,,,,,,,,,,,,,,,0,0,0,1,0,0,0,0,0,0,0,0,0,0,0,0,0,0,0,0,0,0,0,0,0,1,1,1,0,1,0,0,0,0,0,,0,0,0,0,0,0,0,0,0,0,0,0,0,0,0,0,,,,,,46-50,46-55,City street,U,Tuesday,Belt Used,PV,Not Fatal,1,0,0,0,City Street,Municipal/City Police,Kennewick Police Department,0,0,0,1,0,,,,,,,,,,,,,,,,,,,,,,,,,,,,,,,,,,,,,,,,,,,
2020,531,634602,189,01-24-2020,18:05,24,1,Jan,,61,Snohomish,1280,1,,3,1,2,1,1,1,1,18:04,18:13,18:33,8,0,0,No vehicle,0.1,3,1,2,4 Way,1,2,1,1,0,0,3,3,I-5 RAMP,SR-528,-122.1836056,48.05185278,98270,0,1,13,Pedestrian/Animal,15,2,98,5,0,0,1,5,8,1,1,2,6,11,Turning Red: Permitted on red,1,3,53,,0,12,37,2010,0,0,12,,,,,,1,1,92,1,7,1,4,0,3,0,11,5,05/18/2017,05:21,1.02E+11,22583,0,0,3,3,1,39,0,0,0,96,,,,,,0,,,,,,99337,53,70,184,6,1,0,0,0,0,0,31,,,,,,0,,,8,0,0,0,0,9,8,,,0,0,0,8,0,0,0,0,0,0,0,0,0,0,996,,,,,,,,,,,,,,,,,,,,,,,,,,,,,,0,0,0,1,0,0,0,0,0,0,0,0,0,0,0,0,0,0,0,0,0,0,0,0,0,1,1,1,0,1,0,0,0,0,0,,1,0,0,0,0,0,0,0,0,0,0,0,0,0,0,0,,,,,,81+,76+,City street,U,Tuesday,Belt Used,PV,White,1,0,0,0,City Street,Municipal/City Police,Kennewick Police Department,0,0,0,1,0,,,,,,,,,,,,,,,,,,,,,,,,,,,,,,,,,,,,,,,,,,,
2021,532,636186,1,12-03-2021,16:45,3,12,Dec,,77,Yakima,0,1,,5,1,2,1,0,1,1,,,,25,0,0,No vehicle,1.1,1,0,1,No intersection,3,2,1,3,0,0,0,0,SR-823,,-120.5270917,46.63689444,98942,0,1,1,Driver Off Road,9,1,45,4,0,0,1,2,25,3,2,2,3,14,Making a U turn,1,2,53,,0,63,33,2003,0,0,12,,,,,,1,1,18,2,7,1,4,7,20,0,11,0,05/17/2017,23:18,53023282,23282,0,0,3,3,1,0,0,0,0,0,,,,,,0,,,,,,98531,53,62,160,6,1,0,0,0,0,0,0,,,,,,0,,,8,0,0,0,0,9,8,,,0,0,0,8,0,2,996,996,0,1,1,0,2,1,0,,,,,,,,,,,,,,,,,,,,,,,,,,,,,,0,0,0,0,0,0,1,1,0,0,0,0,0,0,0,0,0,0,0,1,0,1,1,1,1,0,0,0,0,1,0,0,0,1,0,,1,0,0,0,0,0,1,1,0,0,0,0,0,0,1,0,,,,,,18-20,16-25,County road,U,Wednesday,Not Used,PV,White,0,0,0,1,County Road,County Sheriff,Thurston County Sheriff's Office,0,0,1,0,0,,,,,,,,,,,,,,,,,,,,,,,,,,,,,,,,,,,,,,,,,,,
2020,532,634657,146,02-28-2020,19:16,28,2,Feb,,77,Yakima,0,1,,2,1,2,1,0,2,2,19:18,19:22,20:08,12,0,6,Angle,1.4,2,0,2,4 Way,5,1,1,3,0,3,0,0,SR-220,BECKER RD,-120.3569917,46.37525278,98948,0,2,83,Others,67,4,55,4,0,0,1,5,12,1,1,2,1,1,Going Straight,1,1,53,,0,12,37,2007,0,0,12,,,,,,1,1,25,1,0,0,3,0,3,0,11,8,,,,,0,0,3,3,1,51,0,0,0,96,,,,,,9,,,,,,98579,53,70,180,6,1,0,0,1,2,0,97,,,,,,0,08-15-2012,05-15-2016,1,0,0,0,8,9,8,,,0,0,0,1,0,8,95,0,0,6,0,0,0,0,996,,,,,,,,,,,,,,,,,,,,,,,,,,,,,,0,0,0,0,0,0,1,1,0,0,0,0,0,0,0,0,0,0,0,1,0,1,1,1,1,0,0,0,0,1,0,0,0,0,0,,0,0,0,0,0,0,0,0,0,0,0,0,0,0,0,0,,,,,,21-25,16-25,County road,U,Wednesday,Belt Used,PV,Not Fatal,0,0,0,1,County Road,County Sheriff,Thurston County Sheriff's Office,0,0,1,0,0,,,,,,,,,,,,,,,,,,,,,,,,,,,,,,,,,,,,,,,,,,,
2020,532,634656,146,02-28-2020,19:16,28,2,Feb,,77,Yakima,0,1,,2,1,2,1,0,2,2,19:18,19:22,20:08,12,0,6,Angle,1.4,2,0,2,4 Way,5,1,1,3,0,3,20,3,SR-220,BECKER RD,-120.3569917,46.37525278,98948,0,1,82,Turn Into Opp Direction(Turning Left),15,2,50,80,0,0,1,2,12,1,1,2,1,11,Turning Red: Permitted on red,1,2,53,,0,7,24,2007,0,0,8,,,,,,1,1,42,1,0,0,0,0,3,0,11,0,,,,,0,0,0,3,1,0,0,0,0,0,,,,,,0,,,,,,98168,53,71,230,6,1,0,0,0,0,0,0,,,,,,0,,,20,0,0,0,8,9,8,,,0,0,0,0,0,0,0,0,0,0,0,0,0,0,996,,,,,,,,,,,,,,,,,,,,,,,,,,,,,,0,0,0,0,0,0,0,0,0,1,1,0,0,0,0,0,0,0,0,0,0,0,0,0,0,0,0,0,0,1,0,1,0,0,0,,0,0,0,0,0,0,0,0,0,0,0,0,0,0,0,0,,,,,,41-45,36-45,City street,U,Saturday,Belt Used,PV,Not Fatal,0,0,0,0,City Street,County Sheriff,King County Police,0,0,0,1,0,,,,,,,,,,,,,,,,,,,,,,,,,,,,,,,,,,,,,,,,,,,
2017,532,633034,3,12-23-2017,03:24,23,12,Dec,9,53,Pierce,2230,1,0,2,1,2,1,0,1,1,,,,42,0,0,No vehicle,3.1,1,0,1,No intersection,3,2,1,3,0,0,0,0,SR-509,,-122.3742194,47.24713889,98424,0,1,2,Control/Traction Loss,6,1,50,4,0,0,1,5,42,3,1,2,3,14,Making a U turn,1,3,53,,0,84,881,2010,0,0,68,64,62,30,38,42,1,1,58,1,4,1,4,7,99,0,11,0,05/15/2017,13:57,53023192,23192,6,1,0,3,1,0,0,0,0,92,,,,,,99,,,,,,98846,53,74,190,6,1,0,2,3,2,0,0,,,,,,0,04-15-2014,11-15-2016,99,0,0,0,9,9,8,,,0,0,0,8,9,2,1,0,0,1,0,0,2,1,0,,,,,,,,,,,,,,,,,,,,,,,,,,,,,,0,0,1,0,0,0,0,0,0,0,0,0,0,0,0,0,1,0,0,0,0,0,0,0,0,0,0,0,0,0,1,0,0,0,0,,0,1,0,0,0,0,0,0,1,0,0,0,0,0,0,0,,,,,,56-60,56-65,State route,R,Monday,,MHTRUCK,Hispanic,0,1,0,0,State Route,State Patrol,Washington State Patrol Headquarter,1,1,0,0,0,,,,,,,,,,,,,,,,,,,,,,,,,,,,,,,,,,,,,,,,,,,
2020,533,3841241,40,01-23-2020,12:17,23,1,Jan,,63,Spokane,0,2,,1,2,2,1,0,1,1,,,,42,0,0,No vehicle,1.4,3,0,3,T Intersection,6,1,2,4,0,0,0,0,CR-S BALTIMORE RD,S FREYA,-117.3582972,47.55608889,99223,0,1,6,Drive off road,12,2,45,4,0,0,1,2,42,1,2,2,1,1,Going Straight,1,1,53,,0,55,401,2013,0,0,12,,,,,,1,1,67,2,0,0,1,0,3,0,11,8,,,,,0,0,3,3,1,0,0,0,0,0,,,,,,0,,,,,,98512,53,68,140,6,1,0,2,1,0,0,0,,,,,,0,11-15-2015,01-15-2016,20,0,0,0,8,9,8,,,0,0,0,8,0,0,0,0,0,0,0,0,0,0,996,,,,,,,,,,,,,,,,,,,,,,,,,,,,,,0,0,0,0,0,0,0,0,0,0,0,0,1,0,0,0,0,0,0,0,0,0,0,1,1,1,0,0,0,1,1,0,0,0,0,,0,0,0,0,0,0,0,0,0,0,0,0,0,0,0,0,,,,,,66-70,66-75,Interstate,U,Thursday,Belt Used,PV,Not Fatal,0,0,0,0,State Route,State Patrol,Washington State Patrol Headquarter,0,1,0,0,0,,,,,,,,,,,,,,,,,,,,,,,,,,,,,,,,,,,,,,,,,,,
2017,533,3661026,344,12-14-2017,03:02,14,12,Dec,0,77,Yakima,0,1,0,2,1,2,1,0,2,1,,,,42,0,0,No vehicle,3,1,0,1,No intersection,5,1,2,4,0,3,0,0,CR-S WAPATO RD,,-120.417775,46.38982778,98951,0,1,1,Driver Off Road,13,2,50,14,0,0,1,2,1,3,1,2,1,14,Making a U turn,2,2,53,,0,41,51,2012,0,0,12,12,,,,,1,1,33,1,0,0,1,0,3,0,11,8,,,,,0,0,0,3,1,0,0,0,0,0,,,,,,0,,,,,,73505,40,70,220,6,1,0,0,0,0,0,0,,,,,,0,,,20,0,0,0,8,9,8,,,0,0,0,8,0,0,0,0,0,0,0,0,0,0,996,,,,,,,,,,,,,,,,,,,,,,,,,,,,,,0,0,0,0,0,0,0,0,0,0,0,0,1,0,0,0,0,0,0,0,0,0,0,1,1,1,0,0,0,1,1,0,0,0,0,,0,0,0,0,0,0,0,0,0,0,0,0,0,0,0,0,,,,,,31-35,26-35,Interstate,U,Thursday,Belt Used,PV,Not Fatal,0,0,0,0,State Route,State Patrol,Washington State Patrol Headquarter,0,1,0,0,0,,,,,,,,,,,,,,,,,,,,,,,,,,,,,,,,,,,,,,,,,,,
2021,533,636187,122,12-11-2021,02:12,11,12,Dec,,61,Snohomish,690,10,,3,2,2,1,1,1,1,,,,8,0,0,No vehicle,45.9,3,0,2,4 Way,3,2,1,3,0,0,3,3,SR-99,EVERGREEN WAY,-122.2586167,47.88955278,98204,0,1,13,Pedestrian/Animal,80,5,45,14,0,0,1,5,8,8,8,6,1,1,Going Straight,1,1,53,,0,12,881,2015,0,0,12,12,,,,,1,1,22,1,0,0,1,0,3,0,11,8,,,,,0,0,0,3,1,0,0,0,0,0,,,,,,0,,,,,,98499,53,81,250,6,1,0,0,0,1,0,0,,,,,,0,12-15-2015,12-15-2015,20,0,0,0,8,9,8,,,0,0,0,8,0,0,0,0,0,0,0,0,0,0,996,,,,,,,,,,,,,,,,,,,,,,,,,,,,,,0,0,0,0,0,0,0,0,0,0,0,0,1,0,0,0,0,0,0,0,0,0,0,1,1,1,0,0,0,1,1,0,0,0,0,,0,0,0,0,0,0,0,0,0,0,0,0,0,0,0,0,,,,,,21-25,16-25,Interstate,U,Thursday,,MHTRUCK,Not Fatal,0,0,0,0,State Route,State Patrol,Washington State Patrol Headquarter,0,1,0,0,0,,,,,,,,,,,,,,,,,,,,,,,,,,,,,,,,,,,,,,,,,,,
2017,534,633039,4,12-22-2017,14:45,22,12,Dec,0,75,Whitman,0,4,0,1,4,2,1,0,2,2,14:48,15:02,,12,0,98,Other,19,1,0,1,No intersection,3,1,1,2,0,0,0,0,US-195,,-117.2038583,46.69016389,99163,1,1,98,Others,6,1,60,4,0,0,1,2,12,1,1,2,1,1,Going Straight,1,2,16,,0,51,881,2017,0,0,12,64,25,30,,,1,1,46,1,7,1,4,7,3,0,11,0,05-11-2017,11:15,1.12E+11,22557,6,1,0,3,1,26,0,0,0,96,,,,,,99,,,,,,98632,53,75,280,6,1,0,0,0,1,0,0,,,,,,4,04-15-2016,04-15-2016,20,0,0,0,1,9,8,,,0,0,0,8,9,2,1,0,0,1,0,0,2,1,0,,,,,,,,,,,,,,,,,,,,,,,,,,,,,,0,0,0,0,0,0,0,0,0,0,0,0,1,0,0,0,0,0,0,0,0,0,0,1,1,1,0,0,0,1,1,0,0,0,0,,0,1,0,0,0,0,0,0,0,1,0,0,0,0,0,0,,,,,,46-50,46-55,Interstate,U,Thursday,,MHTRUCK,White,0,0,0,0,State Route,State Patrol,Washington State Patrol Headquarter,0,1,0,0,0,,,,,,,,,,,,,,,,,,,,,,,,,,,,,,,,,,,,,,,,,,,
2020,534,3837909,263,04-16-2020,21:15,16,4,April,,33,King,1960,1,,3,1,2,1,1,1,1,21:16,21:32,21:43,8,0,0,No vehicle,0,3,0,2,4 Way,3,2,4,6,0,0,3,3,RAINIER AVE S,MARTIN LUTHER KING JR WAY S,-122.2966056,47.57633056,98144,0,1,13,Pedestrian/Animal,80,5,25,21,0,0,1,5,8,1,1,6,1,1,Going Straight,1,1,53,,0,20,2,2013,0,0,12,,,,,,1,1,68,2,0,0,1,0,3,0,11,8,,,,,0,0,0,3,1,0,0,0,0,0,,,,,,0,,,,,,98349,53,66,180,6,1,0,0,0,0,0,0,,,,,,0,,,8,0,0,0,8,9,8,,,0,0,0,8,0,0,0,0,0,0,0,0,0,0,996,,,,,,,,,,,,,,,,,,,,,,,,,,,,,,0,0,0,0,1,1,1,1,1,0,0,0,1,1,0,0,0,0,0,0,0,0,0,0,0,1,0,0,0,1,0,0,0,0,0,,0,0,0,0,0,0,0,0,0,0,0,0,0,0,0,0,,,,,,66-70,66-75,County road,R,Tuesday,Belt Used,PV,Not Fatal,0,0,0,0,County Road,County Sheriff,Law Enforcement Support Agency,0,0,1,0,0,,,,,,,,,,,,,,,,,,,,,,,,,,,,,,,,,,,,,,,,,,,
2021,534,636192,14,12-14-2021,08:13,14,12,Dec,,11,Clark,0,1,,1,2,2,1,0,2,1,,,,38,0,0,No vehicle,1,1,0,1,No intersection,5,2,2,4,0,0,0,0,CR-SE NOURSE RD,,-122.3870917,45.61029444,98607,0,1,1,Driver Off Road,10,2,40,14,0,0,1,2,38,1,2,2,1,1,Going Straight,2,2,53,,0,98,998,9999,0,0,12,,,,,,1,1,65,1,7,1,4,7,20,0,11,0,05/23/2017,16:08,80053024604,24604,0,0,0,0,1,0,0,0,0,0,,,,,,9,,,,,,98329,53,70,200,0,0,0,0,0,0,0,0,,,,,,0,,,20,1,9,0,0,1,8,,,0,0,0,8,1,2,605,0,0,1,0,0,2,1,0.031,,,,,,,,,,,,,,,,,,,,,,,,,,,,,,0,0,0,0,1,1,1,1,1,0,0,0,1,1,0,0,0,0,0,0,0,0,0,0,0,1,0,0,0,1,0,0,0,0,0,,0,0,0,0,1,0,1,1,0,0,0,1,0,0,0,1,,,,,,61-65,56-65,County road,R,Tuesday,,OTHVT,White,0,0,0,0,County Road,County Sheriff,Law Enforcement Support Agency,0,0,1,0,0,thc,12,carboxy-thc,16,,,,,,,,,,,,,,,,,,,,,,,,,,,,,,,,,,,,,,,
2017,534,633040,4,12-22-2017,14:45,22,12,Dec,0,75,Whitman,0,4,0,1,4,2,1,0,2,2,14:48,15:02,,12,0,98,Other,19,1,0,1,No intersection,3,1,1,2,0,0,0,0,US-195,,-117.2038583,46.69016389,99163,1,2,98,Others,62,4,60,15,0,0,1,2,12,1,1,2,1,1,Going Straight,1,2,53,,0,35,43,2012,0,0,12,68,12,,,,1,1,49,1,0,0,0,0,99,0,11,0,,,,,0,0,3,3,1,0,0,0,0,96,,,,,,9,,,,,,98329,53,71,200,6,1,0,0,0,1,0,97,,,,,,3,08-15-2016,08-15-2016,99,0,0,0,8,1,8,,,0,0,0,8,1,2,695,0,0,1,0,0,2,1,0.086,,,,,,,,,,,,,,,,,,,,,,,,,,,,,,0,0,0,0,1,1,1,1,1,0,0,0,1,1,0,0,0,0,0,0,0,0,0,0,0,1,0,0,0,1,0,0,0,0,0,,0,0,0,0,0,1,1,1,0,1,0,0,0,0,0,1,,,,,,46-50,46-55,County road,R,Tuesday,Unknown,PV,Not Fatal,0,0,0,0,County Road,County Sheriff,Law Enforcement Support Agency,0,0,1,0,0,,,carboxy-thc,14,,,,,,,,,,,,,,,,,,,,,,,,,,,,,,,,,,,,,,,
2021,535,636194,8,12-16-2021,20:36,16,12,Dec,,27,Grays Harbor,0,5,,2,2,2,1,0,3,2,,,,12,0,8,Other,37.4,1,0,1,No intersection,3,1,1,2,0,0,0,0,US-12,,-123.1843333,46.82982222,98568,0,2,65,Others,62,4,55,66,1,0,1,2,12,1,1,2,1,1,Going Straight,1,2,53,,0,49,40,1998,0,0,68,64,14,14,,,1,1,90,1,7,1,4,0,3,0,11,5,06-01-2017,18:47,2.23E+11,17712,0,0,3,3,1,0,0,0,0,96,,,,,,0,,,,,,98312,53,69,168,6,1,0,0,1,0,0,0,,,,,,0,10-15-2012,10-15-2012,20,0,0,0,0,9,8,,,0,0,0,8,0,0,0,0,0,0,0,0,0,0,996,,,,,,,,,,,,,,,,,,,,,,,,,,,,,,0,0,1,0,0,0,0,0,0,0,0,0,0,0,0,0,0,0,0,0,0,0,0,0,0,1,1,1,0,1,0,0,0,0,0,,1,0,0,0,0,0,0,0,0,0,0,0,0,0,0,0,,,,,,81+,76+,City street,U,Monday,Belt Used,PV,White,0,1,0,0,City Street,Municipal/City Police,Bremerton Police Department,1,0,0,1,0,,,,,,,,,,,,,,,,,,,,,,,,,,,,,,,,,,,,,,,,,,,
2021,535,636193,8,12-16-2021,20:36,16,12,Dec,,27,Grays Harbor,0,5,,2,2,2,1,0,3,2,,,,12,0,8,Other,37.4,1,0,1,No intersection,3,1,1,2,0,0,0,0,US-12,,-123.1843333,46.82982222,98568,0,1,64,Others,10,2,55,4,0,0,1,2,12,1,1,2,1,1,Going Straight,2,1,53,,0,72,706,2017,0,0,71,38,,,,,1,1,54,1,7,1,4,7,29,0,11,0,05/22/2017,21:00,53023393,23393,0,0,0,3,1,0,0,0,0,92,,,,,,99,,,,,,98564,53,72,200,6,1,0,0,0,1,0,0,,,,,,0,09-15-2016,09-15-2016,20,8,0,0,0,9,8,,,0,0,0,8,9,2,1,0,0,1,0,0,2,1,0.2,,,,,,,,,,,,,,,,,,,,,,,,,,,,,,0,0,0,1,1,1,0,1,0,0,0,0,0,0,0,0,1,0,0,0,0,0,0,0,0,0,0,0,1,0,0,0,0,0,1,0,0,0,0,0,0,1,0,1,1,0,0,0,0,1,0,1,,,,,,51-55,46-55,State route,R,Monday,,MC,White,1,0,0,0,State Route,County Sheriff,Clark County Sheriff's Office,0,1,0,0,0,,,,,,,,,,,,,,,,,,,,,,,,,,,,,,,,,,,,,,,,,,,