year,something,Cases,repjur,crash_dt,crash_tm,accday,Month,Month,holiday,county,co_char,city,weather,weather2,lightcond,surfcond,surftype,Number of Fatalities,nmforms,pforms,vforms,not_tm,arr_tm,hosp_tm,fhevent,hitrun,Manner of Collision,Manner of Collision,milepnt,reljunc,reljuncinter,intersectiontype,Intersection Type,funcsystem,landuse,ownership,route,schlbus,spejur,contdev,devfunc,trafid1,trafid2,x,y,zipcode,wk_zone,vnumber,crashtype,Crash Type,criticalevent,criticaleventcat,spdlim,body,trailer,emerg,hazcargo,leave,mhevent,roadalgn,roadprof,traflane,trafflow,Vehicle Manure,Vehicle Manure,numoccs,regowner,regstate,,spuse,make,model,modelyr,vrf1,vrf2,seqevent1,seqevent2,seqevent3,seqevent4,seqevent5,seqevent6,pnumber,ptype,age,sex,hispanic,race,injury,diedscene,restraint,restraintmisuse,seatpos,takehosp,death_dt,death_tm,cert,cernum_wa,commlic,licendor,licrestrict,liccomp,drivpres,drf1,drf2,drf3,drf4,distract1,distract2,distract3,distract4,distract5,distract6,dricond1,dricond2,dricond3,dricond4,dricond5,dricond6,dzip,licstate,drhgt_in,weight,noncdl,noncdltype,prevdwi,prevoth,prevacc,prevspd,prevsus,driviol1,driviol2,driviol3,driviol4,driviol5,driviol6,spdrel,first_dt,last_dt,airbag,ejection,ejectpath,extricat,injurwrk,methalc,methdrug,nmlocat,strikveh,prf1,prf2,prf3,druginv,alcinvol,drugsts,drugres1,drugres2,drugres3,drugtst1,drugtst2,drugtst3,alcsts,alctst,alcres,nmact1,nmact2,nmact3,nmact4,nmact5,nmact6,nmprior1,nmprior2,nmprior3,nmprior4,nmprior5,nmprior6,nmcond1,nmcond2,nmcond3,nmcond4,nmcond5,nmcond6,nmsafe_helmet,nmsafe_pads,nmsafe_oth,nmprev_ref,nmprev_lgt,nmprev_oth,crashlocation,nmcrashtype,crosswalk,schoolzone,sidewalk,train_inv,wildlife_inv,rotr_fars,intersect_fars,Drink and Drive,aid_inv,Drug Positive Drivers,Impaired Drivers,Marijuana Positive,impnm_inv,ainm_inv,dpnm_inv,speed_inv,unlic_inv,unendmc_inv,drowsy_inv,drdist_inv,nmdist_inv,fty_inv,unrestfat_inv,dr1617_inv,dr1820_inv,dr1620_inv,dr2125_inv,dr1625_inv,dr65_inv,dr70_inv,dr75_inv,mc_inv,pv_inv,ht_inv,ped_inv,bike_inv,unrest_fat,mc_fat,unhelmet_mc,pv_fat,ht_fat,ped_fat,bike_fat,dr_alc7,dr_alc8,dr_drug,dr_imp,dr_dist,dr_spd,dr_fty,dr_unlic,dr_alc7only,dr_alc8only,dr_drugonly,dr_drink,nm_imp,nm_alc7,nm_alc8,nm_drug,nm_dist,agegrp1,agegrp2,roadclass,urbrur,dayweek,restuse,vehtype,race_me,intersect,lanedep,oppdir,wrongway,rep_typ,investag,repag_long,rotr,st_rd,cty_rd,city_rd,oth_rd,drug_thc,thc_res,drug_cthc,cthc_res,drug_cann,prevpersemin,prevperse,prevsusoth,drugtst4,drugtst5,drugtst6,drugtst7,drugtst8,drugres4,drugres5,drugres6,drugres7,drugres8,adspresent,adsengaged,adslevel,race1,race2,race3,race4,race5,helmet,helmetmisuse,nmdistract1,nmdistract2,nmdistract3,nmdistract4,nmdistract5,nmdistract6,lab,isedtcase,crf1,crf2,crf3,CoRoadName,CoMP,IntCoRoadName,IntCoMP
2017,535,633032,55,12-19-2017,11:16,19,12,Dec,0,33,King,100,2,0,1,2,2,1,1,1,1,,,,8,0,0,No vehicle,0,1,0,1,No intersection,5,2,4,6,0,0,0,0,29TH ST SE,,-122.2221556,47.28279722,98002,0,1,13,Pedestrian/Animal,80,5,35,4,0,0,1,2,8,1,1,2,1,1,Going Straight,1,1,53,,0,6,441,2002,0,0,63,9,,,,,1,1,23,1,0,0,0,0,3,0,11,0,,,,,0,0,0,3,1,0,0,0,0,0,,,,,,2,,,,,,99023,53,72,187,6,1,0,1,0,0,0,97,,,,,,0,05-15-2012,05-15-2012,20,0,0,0,8,9,8,,,0,0,0,8,0,0,0,0,0,0,0,0,0,0,996,,,,,,,,,,,,,,,,,,,,,,,,,,,,,,0,0,0,0,0,0,0,0,0,0,0,0,0,0,0,1,0,0,0,0,0,0,0,1,1,0,0,0,0,1,0,0,1,0,0,,0,0,0,0,0,0,0,0,0,0,0,0,0,0,0,0,,,,,,21-25,16-25,County road,R,Monday,Belt Used,PV,Not Fatal,0,0,0,0,County Road,County Sheriff,Spokane County Sheriff's Office,0,0,1,0,0,,,,,,,,,,,,,,,,,,,,,,,,,,,,,,,,,,,,,,,,,,,
2020,535,3838326,263,05-03-2020,00:52,3,5,May,,33,King,1960,1,,3,1,1,1,1,1,1,00:58,01:08,01:22,8,1,0,No vehicle,0,3,0,4,Y Intersection,5,2,4,6,0,0,0,0,14TH AVE S,GOLG DR S,-122.3148556,47.59300556,98144,0,1,13,Pedestrian/Animal,80,5,25,9,0,0,1,5,8,1,1,1,4,10,Others,99,9,99,,0,7,482,2004,0,0,64,57,31,57,69,68,1,1,77,1,7,1,4,7,3,0,11,0,05/21/2017,12:01,53023219,23219,0,0,0,3,1,0,0,0,0,92,,,,,,99,,,,,,98382,53,75,275,6,1,0,1,0,0,0,0,,,,,,0,09-15-2014,09-15-2014,20,0,0,0,0,9,8,,,0,0,0,8,9,2,1,0,0,1,0,0,2,1,0,,,,,,,,,,,,,,,,,,,,,,,,,,,,,,0,0,0,0,0,0,0,0,0,0,0,0,0,0,0,0,1,0,0,0,0,0,0,0,0,1,1,1,0,0,0,0,0,0,0,,0,0,0,0,0,0,0,0,1,0,0,0,0,0,0,0,,,,,,76-80,76+,Interstate,R,Sunday,Belt Used,PV,White,0,1,0,0,State Route,State Patrol,Washington State Patrol Headquarter,1,1,0,0,0,,,,,,,,,,,,,,,,,,,,,,,,,,,,,,,,,,,,,,,,,,,
2020,536,634807,25,06-09-2020,23:14,9,6,June,,33,King,0,10,,2,1,2,1,0,1,1,23:14,23:22,00:25,42,0,0,No vehicle,0.7,1,0,1,No intersection,3,1,2,4,0,0,0,0,CR-NE 143RD ST,,-122.1242917,47.72836111,98072,0,1,1,Driver Off Road,13,2,35,4,0,0,1,2,2,3,2,2,1,14,Making a U turn,1,4,41,,0,12,881,2000,0,0,12,63,24,2,,,1,1,36,1,0,0,0,0,3,0,11,0,,,,,6,1,0,3,1,0,0,0,0,0,,,,,,0,,,,,,98226,53,67,180,6,1,0,0,0,2,1,0,,,,,,0,10-15-2012,07-15-2016,1,0,0,0,8,9,8,,,0,0,0,8,0,0,0,0,0,0,0,0,0,0,996,,,,,,,,,,,,,,,,,,,,,,,,,,,,,,0,0,0,0,0,0,0,0,0,0,0,0,0,0,0,0,0,0,0,0,0,0,0,0,0,1,1,1,0,1,1,0,0,0,0,,0,0,0,0,0,0,0,0,0,0,0,0,0,0,0,0,,,,,,36-40,36-45,Interstate,R,Friday,,MHTRUCK,Not Fatal,0,1,1,0,State Route,State Patrol,Washington State Patrol Headquarter,0,1,0,0,0,,,,,,,,,,,,,,,,,,,,,,,,,,,,,,,,,,,,,,,,,,,
2021,536,636195,5,12-18-2021,21:40,18,12,Dec,,11,Clark,0,2,,3,2,1,2,3,1,3,,,,12,0,1,Front-to-Rear,0.2,20,1,1,No intersection,1,2,1,1,0,0,0,0,I-5 RAMP,,-122.6649694,45.68117222,98665,0,1,98,Others,50,3,98,5,0,0,1,2,12,1,2,1,6,1,Going Straight,1,1,53,,0,30,40,2002,0,0,65,12,,,,,1,1,86,1,7,1,4,7,3,0,11,0,05-12-2017,17:22,53021660,21660,0,0,0,3,1,28,0,0,0,96,,,,,,1,,,,,,98273,53,66,160,6,1,0,0,0,0,0,0,,,,,,0,,,20,0,0,0,0,9,8,,,0,0,0,8,0,2,1,0,0,1,0,0,2,1,0,,,,,,,,,,,,,,,,,,,,,,,,,,,,,,0,0,0,0,0,0,0,0,0,0,0,0,0,0,0,0,0,0,0,0,0,0,0,0,0,1,1,1,0,1,1,0,0,0,0,,1,0,0,0,0,0,0,0,0,0,0,0,0,0,0,0,,,,,,81+,76+,Interstate,R,Friday,Belt Used,PV,White,0,1,1,0,State Route,State Patrol,Washington State Patrol Headquarter,0,1,0,0,0,,,,,,,,,,,,,,,,,,,,,,,,,,,,,,,,,,,,,,,,,,,
2017,536,633054,4,12-29-2017,10:18,29,12,Dec,0,1,Adams,0,2,0,1,3,2,1,0,2,1,10:22,10:43,11:30,1,0,0,No vehicle,200.3,1,0,1,No intersection,1,1,1,1,0,0,0,0,I-90,,-118.7673917,47.08638889,,0,1,2,Control/Traction Loss,6,1,70,14,0,0,1,2,1,1,2,2,2,1,Going Straight,2,1,53,,0,49,472,2007,0,0,63,24,1,2,,,1,1,45,1,7,1,4,7,99,0,11,0,05/14/2017,02:40,2.37E+11,22051,6,0,0,3,1,0,0,0,0,96,,,,,,9,,,,,,98683,53,73,198,6,1,0,0,0,1,0,0,,,,,,0,03-15-2016,03-15-2016,8,0,0,0,0,1,8,,,0,0,0,8,1,2,996,0,0,1,0,0,2,1,0.18,,,,,,,,,,,,,,,,,,,,,,,,,,,,,,0,0,1,0,1,1,1,1,0,0,0,0,0,0,0,0,0,0,0,0,0,0,0,0,0,0,0,0,0,0,0,0,0,0,0,,0,0,0,0,0,1,1,1,0,0,0,0,0,0,0,1,,,,,,41-45,36-45,State route,U,Sunday,Unknown,PV,White,0,1,0,0,State Route,State Patrol,Washington State Patrol Headquarter,1,1,0,0,0,,,,,,,,,,,,,,,,,,,,,,,,,,,,,,,,,,,,,,,,,,,
2020,537,634658,160,02-29-2020,01:33,29,2,Feb,,33,King,1030,10,,3,2,2,1,0,1,1,,,,33,0,0,No vehicle,0,1,0,1,No intersection,4,2,4,6,0,0,0,0,84TH AVE S,,-122.2280667,47.42580278,98055,0,1,2,Control/Traction Loss,13,2,40,4,0,0,1,2,42,1,1,5,5,98,Others,1,2,53,,0,82,881,2005,0,0,12,63,24,,,,1,1,58,1,0,0,0,0,3,0,11,0,,,,,6,1,0,3,1,0,0,0,0,0,,,,,,0,,,,,,98387,53,72,180,6,1,0,1,0,1,0,0,,,,,,0,12-15-2012,02-15-2013,20,0,0,0,8,3,2,,,0,0,0,0,0,2,1,0,0,1,0,0,2,1,0,,,,,,,,,,,,,,,,,,,,,,,,,,,,,,0,0,0,0,1,1,0,1,0,0,0,0,0,0,0,0,0,0,0,0,0,0,0,0,0,0,0,0,0,1,1,0,0,0,0,,0,0,0,0,0,0,0,0,0,0,0,0,0,0,0,0,,,,,,56-60,56-65,Interstate,U,Monday,,MHTRUCK,Not Fatal,0,0,0,0,State Route,State Patrol,Washington State Patrol Headquarter,0,1,0,0,0,,,,,,,,,,,,,,,,,,,,,,,,,,,,,,,,,,,,,,,,,,,
2017,537,633048,2,12-29-2017,06:08,29,12,Dec,0,29,Island,0,2,0,2,2,2,1,0,2,2,,,,12,0,2,Front-to-Front,2.3,1,0,1,No intersection,6,1,2,4,0,0,0,0,CR-SILVER LAKE RD,,-122.5621528,48.31818611,,0,2,51,Lateral Move(Going Straight),62,4,50,34,0,0,1,2,12,3,2,2,1,14,Making a U turn,1,1,53,,0,49,40,2000,0,0,12,63,24,,,,1,1,27,1,4,98,4,7,3,0,11,0,05/15/2017,01:10,1.12E+11,23317,0,0,0,3,1,0,0,0,0,96,,,,,,9,,,,,,98499,53,60,135,6,1,1,0,0,0,0,0,,,,,,0,10-15-2014,10-15-2014,20,0,0,0,0,1,8,,,0,0,0,8,1,2,1,0,0,1,0,0,2,1,0.18,,,,,,,,,,,,,,,,,,,,,,,,,,,,,,0,0,0,0,1,1,0,1,0,0,0,0,0,0,0,0,0,0,0,0,0,0,0,0,0,0,0,0,0,1,1,0,0,0,0,,1,0,0,0,0,1,0,1,0,0,0,0,0,1,0,1,,,,,,26-30,26-35,Interstate,U,Monday,Belt Used,PV,Hispanic,0,0,0,0,State Route,State Patrol,Washington State Patrol Headquarter,0,1,0,0,0,,,,,,,,,,,,,,,,,,,,,,,,,,,,,,,,,,,,,,,,,,,
2017,537,633047,2,12-29-2017,06:08,29,12,Dec,0,29,Island,0,2,0,2,2,2,1,0,2,2,,,,12,0,2,Front-to-Front,2.3,1,0,1,No intersection,6,1,2,4,0,0,0,0,CR-SILVER LAKE RD,,-122.5621528,48.31818611,,0,1,50,Lateral Move(Left/Right),10,2,50,34,0,0,1,2,12,2,2,2,1,14,Making a U turn,1,1,53,,0,48,34,1998,0,0,12,,,,,,1,1,25,1,7,1,4,7,3,0,11,0,05/14/2017,10:30,53022543,22543,0,0,0,3,1,0,0,0,0,0,,,,,,0,,,,,,98248,53,72,180,6,1,0,0,0,2,0,0,,,,,,0,06-15-2012,01-15-2014,1,0,0,0,0,9,8,,,0,0,0,8,0,2,605,0,0,1,0,0,2,1,0,,,,,,,,,,,,,,,,,,,,,,,,,,,,,,0,0,0,0,0,0,1,1,1,0,0,0,0,0,0,0,1,0,0,0,0,0,0,1,1,1,1,0,0,1,0,0,0,0,0,,1,0,0,0,0,0,1,1,0,0,0,0,0,0,1,0,,,,,,21-25,16-25,State route,R,Sunday,Belt Used,PV,White,0,1,1,0,State Route,State Patrol,Washington State Patrol Headquarter,0,1,0,0,0,thc,2.7,carboxy-thc,36,,,,,,,,,,,,,,,,,,,,,,,,,,,,,,,,,,,,,,,
2021,537,636196,248,12-20-2021,18:58,20,12,Dec,,33,King,1830,10,,3,2,2,1,1,1,1,,,,8,1,0,No vehicle,5.2,3,0,2,4 Way,3,2,1,3,0,0,3,3,SR-900,NE 12TH ST,-122.1774306,47.50310556,98056,0,1,13,Pedestrian/Animal,80,5,35,99,0,0,1,5,8,1,1,5,1,1,Going Straight,99,9,99,,0,49,51,2012,0,0,12,63,1,,,,1,1,24,2,0,0,2,0,3,0,11,8,,,,,0,0,3,3,1,0,0,0,0,0,,,,,,0,,,,,,98225,53,65,260,6,1,0,0,0,0,0,0,,,,,,0,,,8,0,0,0,8,9,8,,,0,0,0,8,0,0,0,0,0,0,0,0,0,0,996,,,,,,,,,,,,,,,,,,,,,,,,,,,,,,0,0,0,0,0,0,1,1,1,0,0,0,0,0,0,0,1,0,0,0,0,0,0,1,1,1,1,0,0,1,0,0,0,0,0,,0,0,0,0,0,0,0,0,0,0,0,0,0,0,0,0,,,,,,21-25,16-25,State route,R,Sunday,Belt Used,PV,Not Fatal,0,1,1,0,State Route,State Patrol,Washington State Patrol Headquarter,0,1,0,0,0,,,,,,,,,,,,,,,,,,,,,,,,,,,,,,,,,,,,,,,,,,,
2021,538,636198,26,12-21-2021,00:28,21,12,Dec,,35,Kitsap,0,1,,3,1,2,1,0,2,2,,,,12,0,6,Angle,0.9,8,0,1,No intersection,4,2,2,4,0,0,0,0,CR-SE MILE HILL DR,,-122.56865,47.53402222,98353,0,2,69,Initial Opposite Direction(Going Straight),62,4,45,2,0,0,1,2,12,1,2,4,1,1,Going Straight,1,1,53,,0,20,431,1994,0,0,68,12,12,,,,1,1,71,1,7,1,4,0,3,0,11,4,05/16/2017,15:38,11053022727,22727,0,0,0,3,1,28,91,0,0,92,,,,,,9,,,,,,98266,53,70,135,6,1,0,1,1,1,2,1,,,,,,0,07-15-2012,03-15-2014,20,0,0,0,0,9,1,,,0,0,0,1,9,2,167,605,695,1,1,1,0,0,996,,,,,,,,,,,,,,,,,,,,,,,,,,,,,,0,0,0,0,0,0,1,1,1,0,0,0,0,0,0,0,1,0,0,0,0,0,0,1,1,1,1,0,0,1,0,0,0,0,0,,1,0,0,0,0,0,1,1,1,0,0,0,0,0,0,0,,,,,,71-75,66-75,State route,R,Sunday,Belt Used,PV,White,0,1,1,0,State Route,State Patrol,Washington State Patrol Headquarter,0,1,0,0,0,,,,,,,,,,,,,,,,,,,,,,,,,,,,,,,,,,,,,,,,,,,
2021,538,636197,26,12-21-2021,00:28,21,12,Dec,,35,Kitsap,0,1,,3,1,2,1,0,2,2,,,,12,0,6,Angle,0.9,8,0,1,No intersection,4,2,2,4,0,0,0,0,CR-SE MILE HILL DR,,-122.56865,47.53402222,98353,0,1,68,Initial Opposite Direction(Left/Right),15,2,45,14,0,0,1,2,12,1,2,4,1,11,Turning Red: Permitted on red,1,1,53,,0,49,471,1994,0,0,63,30,59,59,,,1,1,21,1,0,0,1,0,99,0,11,8,,,,,0,0,0,3,1,0,0,0,0,92,,,,,,99,,,,,,98513,53,71,200,6,1,0,0,0,0,0,0,,,,,,3,,,99,0,0,0,8,9,8,,,0,0,0,8,9,2,1,0,0,1,0,0,2,1,0.16,,,,,,,,,,,,,,,,,,,,,,,,,,,,,,0,0,1,1,1,1,0,1,0,0,0,0,1,0,0,0,1,0,0,0,0,0,0,1,1,0,0,0,0,0,0,0,0,0,0,,0,0,0,0,0,1,0,1,1,1,0,0,0,1,0,1,,,,,,21-25,16-25,City street,U,Wednesday,Unknown,PV,Not Fatal,0,1,0,0,City Street,Municipal/City Police,Lakewood Police Department,1,0,0,1,0,,,,,,,,,,,,,,,,,,,,,,,,,,,,,,,,,,,,,,,,,,,
2020,538,634676,250,03-13-2020,19:05,13,3,March,,5,Benton,1850,2,,2,2,2,1,0,3,2,16:10,16:12,16:35,12,0,6,Angle,0,2,0,3,T Intersection,4,2,4,6,0,0,0,0,JADWIN AVE,COAST ST,-119.2846056,46.30725,99354,0,2,83,Others,67,4,35,4,0,0,1,2,12,3,1,2,2,14,Making a U turn,2,1,53,,0,51,881,2016,0,0,8,,,,,,1,1,55,1,0,0,0,0,3,0,11,0,,,,,6,1,0,3,1,0,0,0,0,0,,,,,,0,,,,,,98682,53,67,205,6,1,0,0,0,0,0,0,,,,,,0,,,20,0,0,0,8,9,2,,,0,0,0,0,0,2,1,0,0,1,0,0,2,1,0,,,,,,,,,,,,,,,,,,,,,,,,,,,,,,0,0,0,0,0,0,0,0,0,1,1,0,0,0,0,0,0,1,0,0,0,0,0,0,0,0,0,0,0,0,1,1,0,0,0,,0,0,0,0,0,0,0,0,0,0,0,0,0,0,0,0,,,,,,51-55,46-55,US highway,U,Friday,,MHTRUCK,Not Fatal,0,0,0,0,State Route,State Patrol,Washington State Patrol Headquarter,0,1,0,0,0,,,,,,,,,,,,,,,,,,,,,,,,,,,,,,,,,,,,,,,,,,,
2020,538,634675,250,03-13-2020,19:05,13,3,March,,5,Benton,1850,2,,2,2,2,1,0,3,2,16:10,16:12,16:35,12,0,6,Angle,0,2,0,3,T Intersection,4,2,4,6,0,0,20,3,JADWIN AVE,COAST ST,-119.2846056,46.30725,99354,0,1,82,Turn Into Opp Direction(Turning Left),15,2,35,5,0,0,1,2,12,4,1,2,1,11,Turning Red: Permitted on red,1,1,53,,0,30,40,2016,0,0,8,,,,,,1,1,21,2,0,0,0,0,3,0,11,0,,,,,0,0,0,3,1,0,0,0,0,0,,,,,,0,,,,,,98579,53,66,135,6,1,0,0,0,0,0,0,,,,,,0,,,20,0,0,0,8,9,8,,,0,0,0,8,0,0,0,0,0,0,0,0,0,0,996,,,,,,,,,,,,,,,,,,,,,,,,,,,,,,0,0,0,0,0,0,0,0,0,1,1,1,0,0,0,0,0,0,0,0,0,0,0,1,1,0,0,0,0,1,0,1,0,0,0,,0,0,0,0,0,0,0,0,0,0,0,0,0,0,0,0,,,,,,21-25,16-25,County road,U,Saturday,Belt Used,PV,Not Fatal,0,0,0,0,County Road,County Sheriff,Thurston County Sheriff's Office,0,0,1,0,0,,,,,,,,,,,,,,,,,,,,,,,,,,,,,,,,,,,,,,,,,,,
2017,538,632999,30,12-02-2017,00:00,2,12,Dec,0,43,Lincoln,0,5,0,9,99,2,1,0,1,1,,,,31,0,0,No vehicle,9999.9,1,0,1,No intersection,5,1,2,4,0,0,0,0,CR-DUCK LAKE RD,,-118.3567667,47.46488611,99134,0,1,2,Control/Traction Loss,13,2,50,4,0,0,1,5,1,3,2,2,1,14,Making a U turn,1,1,53,,0,52,46,2006,0,0,68,64,69,68,63,30,1,1,20,2,7,3,4,7,3,0,11,0,05-04-2017,16:30,53021076,21076,0,0,0,3,1,0,0,0,0,92,,,,,,99,,,,,,98584,53,68,150,6,1,0,0,0,1,0,0,,,,,,0,07-15-2016,07-15-2016,1,0,0,0,0,9,8,,,0,0,0,8,9,2,605,0,0,1,0,0,2,1,0.035,,,,,,,,,,,,,,,,,,,,,,,,,,,,,,0,0,1,0,1,0,1,1,1,0,0,0,0,0,0,0,1,0,0,0,0,1,1,0,1,0,0,0,0,1,0,0,0,0,0,,1,0,0,0,1,0,1,1,1,0,0,0,0,0,0,1,,,,,,18-20,16-25,County road,R,Thursday,Belt Used,PV,AIAN,0,1,0,0,County Road,County Sheriff,Mason County Sheriff's Office,1,0,1,0,0,thc,27,carboxy-thc,39,,,,,,,,,,,,,,,,,,,,,,,,,,,,,,,,,,,,,,,
2020,539,634695,2,03-21-2020,14:11,21,3,March,,29,Island,0,1,,1,1,2,1,0,2,2,14:17,14:24,15:33,12,0,1,Front-to-Rear,23.6,3,0,3,T Intersection,3,1,1,3,0,0,0,0,SR-525,PLANTATION DR,-122.5674194,48.07364444,98253,0,2,21,Others,53,3,50,15,0,0,1,5,12,1,1,2,1,5,Others,1,3,51,,0,99,999,9999,0,0,8,,,,,,1,1,999,9,0,0,0,0,99,0,11,0,,,,,99,9,9,9,1,0,0,0,0,93,,,,,,99,,,,,,99999,99,,999,9,9,99,99,99,99,99,0,,,,,,0,,,99,0,0,0,8,9,8,,,0,0,0,8,9,0,0,0,0,0,0,0,0,0,996,,,,,,,,,,,,,,,,,,,,,,,,,,,,,,0,0,0,0,0,0,0,0,0,0,0,0,0,0,0,0,1,1,0,0,0,0,0,0,0,0,0,0,0,0,0,1,0,0,0,,0,0,0,0,0,0,0,0,1,0,0,0,0,0,0,0,,,,,,,,County road,U,Saturday,,NR-U,Not Fatal,0,0,0,0,County Road,County Sheriff,Law Enforcement Support Agency,0,0,1,0,0,,,,,,,,,,,,,,,,,,,,,,,,,,,,,,,,,,,,,,,,,,,
2021,539,636199,35,12-20-2021,01:47,20,12,Dec,,53,Pierce,0,2,,2,2,2,1,0,1,1,,,,42,0,0,No vehicle,7.1,1,0,1,No intersection,5,1,2,4,0,0,0,0,CR-KEY PENINSULA HWY SW,,-122.7708361,47.241725,98349,0,1,1,Driver Off Road,13,2,40,8,0,0,1,2,42,1,1,2,1,1,Going Straight,1,1,53,,0,20,481,2007,0,0,68,64,67,17,1,,1,1,34,1,7,1,4,7,20,0,11,0,04/25/2017,15:11,53019216,19216,0,0,0,3,1,0,0,0,0,92,,,,,,99,,,,,,98860,53,70,220,6,1,0,0,0,0,1,0,,,,,,3,03-15-2013,03-15-2013,1,1,9,0,0,9,8,,,0,0,0,8,9,2,1,0,0,1,0,0,2,1,0,,,,,,,,,,,,,,,,,,,,,,,,,,,,,,0,0,1,0,0,0,0,0,0,0,0,0,1,0,0,0,1,0,0,0,0,0,0,0,0,0,0,0,0,0,0,0,0,1,0,,0,0,0,0,0,0,0,0,1,1,0,0,0,0,0,0,,,,,,31-35,26-35,County road,R,Tuesday,Not Used,PV,White,0,1,0,0,County Road,County Sheriff,Grant County Sheriff's Office,1,0,1,0,0,,,,,,,,,,,,,,,,,,,,,,,,,,,,,,,,,,,,,,,,,,,
2020,539,634694,2,03-21-2020,14:11,21,3,March,,29,Island,0,1,,1,1,2,1,0,2,2,14:17,14:24,15:33,12,0,1,Front-to-Rear,23.6,3,0,3,T Intersection,3,1,1,3,0,0,0,0,SR-525,PLANTATION DR,-122.5674194,48.07364444,98253,0,1,20,Others,50,3,50,34,0,0,1,2,12,1,1,2,1,1,Going Straight,1,1,53,,0,85,881,2007,0,0,12,,,,,,1,1,45,1,0,0,0,0,3,0,11,0,,,,,6,1,0,3,1,0,0,0,0,0,,,,,,0,,,,,,99181,53,75,235,6,1,0,1,0,2,0,0,,,,,,0,07-15-2012,03-15-2017,20,0,0,0,8,9,8,,,0,0,0,8,0,0,0,0,0,0,0,0,0,0,996,,,,,,,,,,,,,,,,,,,,,,,,,,,,,,0,0,0,0,0,0,0,0,0,0,0,0,0,0,0,0,1,0,0,1,0,1,1,0,1,0,0,0,0,1,1,0,0,0,0,,0,0,0,0,0,0,0,0,0,0,0,0,0,0,0,0,,,,,,41-45,36-45,US highway,R,Friday,,MHTRUCK,Not Fatal,0,1,1,0,State Route,State Patrol,Washington State Patrol Headquarter,0,1,0,0,0,,,,,,,,,,,,,,,,,,,,,,,,,,,,,,,,,,,,,,,,,,,
2017,539,633072,25,12-31-2017,18:06,31,12,Dec,10,33,King,0,5,0,2,1,2,1,1,4,1,,,,8,0,0,No vehicle,8,1,0,1,No intersection,4,2,2,4,0,0,0,0,CR-KENT-BLACK DIAMOND RD,,-122.1369139,47.3453,98042,0,1,13,Pedestrian/Animal,80,5,40,15,0,0,1,5,8,1,1,2,1,1,Going Straight,4,1,53,,0,37,32,1994,0,0,68,12,64,53,,,1,1,18,1,0,0,2,0,3,0,11,5,,,,,0,0,3,3,1,28,0,0,0,93,,,,,,0,,,,,,99156,53,67,132,6,1,0,1,1,1,1,69,,,,,,0,07-15-2012,03-15-2017,1,0,0,0,8,9,8,,,0,0,0,8,0,2,1,0,0,1,0,0,2,1,0,,,,,,,,,,,,,,,,,,,,,,,,,,,,,,0,0,0,0,0,0,0,0,0,0,0,0,0,0,0,0,1,0,0,1,0,1,1,0,1,0,0,0,0,1,1,0,0,0,0,,0,0,0,0,0,0,0,0,1,0,0,0,0,0,0,0,,,,,,18-20,16-25,US highway,R,Friday,Belt Used,PV,Not Fatal,0,1,1,0,State Route,State Patrol,Washington State Patrol Headquarter,0,1,0,0,0,,,,,,,,,,,,,,,,,,,,,,,,,,,,,,,,,,,,,,,,,,,
2021,540,636200,25,12-20-2021,06:22,20,12,Dec,,33,King,1958,4,,3,10,2,1,1,1,1,,,,8,0,0,No vehicle,15.8,1,0,1,No intersection,3,2,1,3,0,0,0,0,SR-99,,-122.296075,47.45011111,98158,0,1,13,Pedestrian/Animal,80,5,40,6,0,0,1,5,8,1,1,2,2,1,Going Straight,1,1,53,,0,30,40,2014,0,0,12,,,,,,1,1,23,1,7,1,4,7,20,0,11,0,05-05-2017,22:07,1.41E+11,20971,0,0,0,3,1,0,0,0,0,0,,,,,,9,,,,,,98611,53,68,160,6,1,0,0,0,0,0,0,,,,,,0,,,8,0,0,0,0,1,8,,,0,0,0,8,1,2,1,0,0,1,0,0,2,1,0.13,,,,,,,,,,,,,,,,,,,,,,,,,,,,,,0,0,0,0,1,1,1,1,1,0,0,0,0,0,0,0,0,0,0,1,0,0,0,1,1,0,0,0,0,1,0,0,0,1,0,,1,0,0,0,0,1,0,1,0,0,0,0,0,1,0,1,,,,,,21-25,16-25,State route,U,Friday,Not Used,PV,White,0,1,1,0,State Route,State Patrol,Washington State Patrol Headquarter,0,1,0,0,0,,,,,,,,,,,,,,,,,,,,,,,,,,,,,,,,,,,,,,,,,,,
2020,540,634727,297,04-23-2020,18:25,23,4,April,,33,King,2310,10,,1,2,2,1,0,2,1,17:48,17:54,19:59,1,0,0,No vehicle,0,3,0,3,T Intersection,5,2,4,6,0,0,20,3,S 124TH ST,42nd Ave S,-122.2800944,47.49237778,98168,0,1,1,Driver Off Road,13,2,25,4,0,0,1,2,3,1,1,2,1,11,Turning Red: Permitted on red,2,1,53,,0,12,471,1999,0,0,68,12,,,,,1,1,30,1,0,0,3,0,3,0,11,4,,,,,0,0,3,3,1,28,0,0,0,96,,,,,,9,,,,,,98284,53,72,220,6,1,1,1,0,0,9,97,,,,,,0,10-15-2012,03-15-2015,20,0,0,0,8,9,8,,,0,0,0,8,1,2,695,0,0,1,0,0,2,1,0.25,,,,,,,,,,,,,,,,,,,,,,,,,,,,,,0,0,0,0,1,1,1,1,1,0,0,0,0,0,0,0,0,0,0,1,0,0,0,1,1,0,0,0,0,1,0,0,0,0,0,,0,0,0,0,0,1,1,1,0,0,0,0,0,0,0,1,,,,,,26-30,26-35,State route,U,Friday,Belt Used,PV,Not Fatal,0,1,1,0,State Route,State Patrol,Washington State Patrol Headquarter,0,1,0,0,0,,,carboxy-thc,888,,,,,,,,,,,,,,,,,,,,,,,,,,,,,,,,,,,,,,,