year,something,Cases,repjur,crash_dt,crash_tm,accday,Month,Month,holiday,county,co_char,city,weather,weather2,lightcond,surfcond,surftype,Number of Fatalities,nmforms,pforms,vforms,not_tm,arr_tm,hosp_tm,fhevent,hitrun,Manner of Collision,Manner of Collision,milepnt,reljunc,reljuncinter,intersectiontype,Intersection Type,funcsystem,landuse,ownership,route,schlbus,spejur,contdev,devfunc,trafid1,trafid2,x,y,zipcode,wk_zone,vnumber,crashtype,Crash Type,criticalevent,criticaleventcat,spdlim,body,trailer,emerg,hazcargo,leave,mhevent,roadalgn,roadprof,traflane,trafflow,Vehicle Manure,Vehicle Manure,numoccs,regowner,regstate,,spuse,make,model,modelyr,vrf1,vrf2,seqevent1,seqevent2,seqevent3,seqevent4,seqevent5,seqevent6,pnumber,ptype,age,sex,hispanic,race,injury,diedscene,restraint,restraintmisuse,seatpos,takehosp,death_dt,death_tm,cert,cernum_wa,commlic,licendor,licrestrict,liccomp,drivpres,drf1,drf2,drf3,drf4,distract1,distract2,distract3,distract4,distract5,distract6,dricond1,dricond2,dricond3,dricond4,dricond5,dricond6,dzip,licstate,drhgt_in,weight,noncdl,noncdltype,prevdwi,prevoth,prevacc,prevspd,prevsus,driviol1,driviol2,driviol3,driviol4,driviol5,driviol6,spdrel,first_dt,last_dt,airbag,ejection,ejectpath,extricat,injurwrk,methalc,methdrug,nmlocat,strikveh,prf1,prf2,prf3,druginv,alcinvol,drugsts,drugres1,drugres2,drugres3,drugtst1,drugtst2,drugtst3,alcsts,alctst,alcres,nmact1,nmact2,nmact3,nmact4,nmact5,nmact6,nmprior1,nmprior2,nmprior3,nmprior4,nmprior5,nmprior6,nmcond1,nmcond2,nmcond3,nmcond4,nmcond5,nmcond6,nmsafe_helmet,nmsafe_pads,nmsafe_oth,nmprev_ref,nmprev_lgt,nmprev_oth,crashlocation,nmcrashtype,crosswalk,schoolzone,sidewalk,train_inv,wildlife_inv,rotr_fars,intersect_fars,Drink and Drive,aid_inv,Drug Positive Drivers,Impaired Drivers,Marijuana Positive,impnm_inv,ainm_inv,dpnm_inv,speed_inv,unlic_inv,unendmc_inv,drowsy_inv,drdist_inv,nmdist_inv,fty_inv,unrestfat_inv,dr1617_inv,dr1820_inv,dr1620_inv,dr2125_inv,dr1625_inv,dr65_inv,dr70_inv,dr75_inv,mc_inv,pv_inv,ht_inv,ped_inv,bike_inv,unrest_fat,mc_fat,unhelmet_mc,pv_fat,ht_fat,ped_fat,bike_fat,dr_alc7,dr_alc8,dr_drug,dr_imp,dr_dist,dr_spd,dr_fty,dr_unlic,dr_alc7only,dr_alc8only,dr_drugonly,dr_drink,nm_imp,nm_alc7,nm_alc8,nm_drug,nm_dist,agegrp1,agegrp2,roadclass,urbrur,dayweek,restuse,vehtype,race_me,intersect,lanedep,oppdir,wrongway,rep_typ,investag,repag_long,rotr,st_rd,cty_rd,city_rd,oth_rd,drug_thc,thc_res,drug_cthc,cthc_res,drug_cann,prevpersemin,prevperse,prevsusoth,drugtst4,drugtst5,drugtst6,drugtst7,drugtst8,drugres4,drugres5,drugres6,drugres7,drugres8,adspresent,adsengaged,adslevel,race1,race2,race3,race4,race5,helmet,helmetmisuse,nmdistract1,nmdistract2,nmdistract3,nmdistract4,nmdistract5,nmdistract6,lab,isedtcase,crf1,crf2,crf3,CoRoadName,CoMP,IntCoRoadName,IntCoMP
2017,540,633055,4,12-30-2017,17:39,30,12,Dec,0,1,Adams,0,1,0,2,4,2,1,0,3,1,17:44,18:00,18:25,1,0,0,No vehicle,102.3,1,0,1,No intersection,3,1,1,2,0,0,0,0,US-395,,-118.3919417,47.108825,99169,0,1,7,Control/Traction Loss,6,1,70,14,0,0,1,2,1,1,1,2,3,1,Going Straight,3,1,53,,0,12,401,1995,0,0,68,64,42,,,,1,1,58,1,7,1,4,7,20,0,11,0,05-06-2017,19:22,1.62E+11,20964,0,0,0,3,1,0,0,0,0,96,,,,,,99,,,,,,98360,53,72,245,6,1,0,0,0,0,0,0,,,,,,4,,,20,0,0,0,0,9,8,,,0,0,0,8,9,2,1,0,0,1,0,0,2,1,0.26,,,,,,,,,,,,,,,,,,,,,,,,,,,,,,0,0,1,1,1,1,0,1,0,0,0,0,1,0,0,0,0,0,0,1,0,0,0,0,0,0,0,0,0,1,0,0,0,1,0,,1,0,0,0,0,1,0,1,0,1,0,0,0,1,0,1,,,,,,56-60,56-65,County road,R,Saturday,Not Used,PV,White,0,1,0,0,County Road,County Sheriff,Law Enforcement Support Agency,1,0,1,0,0,,,,,,,,,,,,,,,,,,,,,,,,,,,,,,,,,,,,,,,,,,,
2021,541,636201,278,12-10-2021,16:39,10,12,Dec,,63,Spokane,2110,1,,3,2,2,1,1,1,1,,,,8,0,0,No vehicle,0,3,0,2,4 Way,4,2,4,6,0,0,0,0,E INDIANA AVE,N Cincinnati St,-117.3983306,47.67473333,99207,0,1,13,Pedestrian/Animal,80,5,25,15,0,0,1,5,8,1,1,2,1,1,Going Straight,1,1,53,,0,12,481,1997,0,0,12,,,,,,1,1,28,1,0,0,0,0,3,0,11,0,,,,,0,0,0,3,1,0,0,0,0,0,,,,,,0,,,,,,99344,53,68,190,6,1,0,0,0,0,0,0,,,,,,0,,,20,0,0,0,8,9,8,,,0,0,0,8,0,0,0,0,0,0,0,0,0,0,996,,,,,,,,,,,,,,,,,,,,,,,,,,,,,,0,0,0,0,0,0,1,1,0,0,0,0,0,0,0,0,0,0,1,0,0,0,0,0,0,0,0,0,0,1,0,0,0,0,0,,0,0,0,0,0,0,0,0,0,0,0,0,0,0,0,0,,,,,,26-30,26-35,State route,R,Friday,Belt Used,PV,Not Fatal,0,0,0,0,State Route,State Patrol,Washington State Patrol Headquarter,0,1,0,0,0,,,,,,,,,,,,,,,,,,,,,,,,,,,,,,,,,,,,,,,,,,,
2017,541,633079,3,12-24-2017,23:53,24,12,Dec,9,53,Pierce,0,4,0,2,3,2,1,0,1,1,,,,42,0,0,No vehicle,120,1,0,1,No intersection,1,2,1,1,0,0,0,0,I-5,,-122.5985083,47.10265,98433,0,1,2,Control/Traction Loss,13,2,60,4,0,0,1,5,42,1,1,3,3,1,Going Straight,1,2,53,,0,12,3,1997,0,0,12,,,,,,1,1,58,2,7,1,4,7,3,0,11,0,05-05-2017,07:48,53020782,20782,0,0,3,3,1,38,48,0,0,99,,,,,,99,,,,,,99344,53,69,140,6,1,0,0,0,0,0,0,,,,,,0,,,8,0,0,0,0,9,8,,,0,0,0,8,9,2,367,996,0,1,1,0,2,1,0,,,,,,,,,,,,,,,,,,,,,,,,,,,,,,0,0,0,0,0,0,1,1,0,0,0,0,0,0,0,0,0,0,1,0,0,0,0,0,0,0,0,0,0,1,0,0,0,0,0,,1,0,0,0,0,0,1,1,0,0,1,0,0,0,1,0,,,,,,56-60,56-65,State route,R,Friday,Belt Used,PV,White,0,0,0,0,State Route,State Patrol,Washington State Patrol Headquarter,0,1,0,0,0,,,,,,,,,,,,,,,,,,,,,,,,,,,,,,,,,,,,,,,,,,,
2020,541,634797,40,06-03-2020,04:29,3,6,June,,63,Spokane,0,1,,4,1,2,1,0,2,1,04:24,05:00,06:38,42,0,0,No vehicle,2.7,1,0,1,No intersection,5,1,2,4,0,0,0,0,CR-W LONG LAKE RD,,-117.7673028,47.80033889,99013,0,1,7,Control/Traction Loss,6,1,45,34,0,0,1,2,1,3,1,2,1,14,Making a U turn,2,9,99,,0,7,442,2001,0,0,63,43,69,63,1,,1,1,37,2,7,2,4,7,3,0,11,0,04/26/2017,00:50,53021124,21124,0,0,0,3,1,0,0,0,0,96,,,,,,9,,,,,,98311,53,65,205,6,1,0,1,1,0,0,0,,,,,,0,03-15-2014,03-15-2014,1,0,0,0,0,1,8,,,0,0,0,8,1,2,1,0,0,1,0,0,2,1,0.21,,,,,,,,,,,,,,,,,,,,,,,,,,,,,,0,0,1,0,1,1,0,1,0,0,0,0,0,0,0,0,0,0,0,0,0,0,0,0,0,0,0,0,0,1,0,0,0,0,0,,1,0,0,0,0,1,0,1,0,0,0,0,0,1,0,1,,,,,,36-40,36-45,State route,U,Wednesday,Belt Used,PV,Black,0,1,0,0,State Route,State Patrol,Washington State Patrol Headquarter,1,1,0,0,0,,,,,,,,,,,,,,,,,,,,,,,,,,,,,,,,,,,,,,,,,,,
2021,542,636203,2,12-18-2021,13:00,18,12,Dec,,29,Island,0,2,,1,2,2,2,0,3,2,,,,12,0,2,Front-to-Front,10.9,1,0,1,No intersection,3,1,1,3,0,0,0,0,SR-525,,-122.39055,47.98524167,98236,0,2,51,Lateral Move(Going Straight),62,4,55,4,0,0,1,2,12,3,2,2,1,14,Making a U turn,2,1,53,,0,7,482,2016,0,0,64,52,1,42,,,1,1,73,1,7,1,4,7,3,0,11,0,04-08-2017,07:23,1.50E+11,16997,0,0,3,3,1,0,0,0,0,96,,,,,,99,,,,,,85730,4,76,210,6,1,0,0,0,0,0,0,,,,,,3,,,8,0,0,0,0,9,8,,,0,0,0,8,9,2,1,0,0,1,0,0,2,1,0,,,,,,,,,,,,,,,,,,,,,,,,,,,,,,0,0,1,0,0,0,0,0,0,0,0,0,1,0,0,0,0,0,0,0,0,0,0,0,0,1,1,0,0,0,0,0,0,0,0,,0,0,0,0,0,0,0,0,0,1,0,0,0,0,0,0,,,,,,71-75,66-75,Interstate,U,Saturday,Belt Used,PV,White,0,1,0,0,State Route,State Patrol,Washington State Patrol Headquarter,1,1,0,0,0,,,,,,,,,,,,,,,,,,,,,,,,,,,,,,,,,,,,,,,,,,,
2021,542,636202,2,12-18-2021,13:00,18,12,Dec,,29,Island,0,2,,1,2,2,2,0,3,2,,,,12,0,2,Front-to-Front,10.9,1,0,1,No intersection,3,1,1,3,0,0,0,0,SR-525,,-122.39055,47.98524167,98236,0,1,50,Lateral Move(Left/Right),10,2,50,14,0,0,1,2,12,2,2,2,1,14,Making a U turn,1,1,53,,0,49,32,2014,0,0,12,,,,,,1,1,60,1,7,1,4,7,3,0,11,0,05-02-2017,06:25,53020662,20662,0,0,3,3,1,0,0,0,0,0,,,,,,99,,,,,,98589,53,67,180,6,1,0,0,0,0,0,0,,,,,,0,,,8,0,0,0,0,9,8,,,0,0,0,8,9,2,1,0,0,1,0,0,2,1,0,,,,,,,,,,,,,,,,,,,,,,,,,,,,,,0,0,0,0,0,0,0,0,0,0,0,0,0,0,0,0,0,0,0,0,0,0,0,0,0,0,0,0,0,1,1,0,0,0,0,,1,0,0,0,0,0,0,0,0,0,0,0,0,0,0,0,,,,,,56-60,56-65,County road,R,Tuesday,Belt Used,PV,White,0,1,1,0,County Road,County Sheriff,Thurston County Sheriff's Office,0,0,1,0,0,,,,,,,,,,,,,,,,,,,,,,,,,,,,,,,,,,,,,,,,,,,
2017,542,633036,35,12-16-2017,07:44,16,12,Dec,0,53,Pierce,0,10,0,4,2,1,1,0,3,2,07:42,08:01,08:37,12,0,2,Front-to-Front,4.5,1,0,1,No intersection,3,2,2,4,0,0,0,0,CR-116TH ST S,,-122.4622167,47.15140556,98444,0,2,51,Lateral Move(Going Straight),62,4,35,67,1,0,1,5,12,1,1,4,1,1,Going Straight,1,3,53,,0,12,881,1998,0,0,68,12,,,,,1,1,31,1,0,0,1,0,3,0,11,8,,,,,6,1,0,3,1,0,0,0,0,96,,,,,,0,,,,,,98512,53,73,208,6,1,0,2,1,0,0,0,,,,,,0,10-15-2015,02-15-2017,20,0,0,0,8,9,8,,,0,0,0,8,0,0,0,0,0,0,0,0,0,0,996,,,,,,,,,,,,,,,,,,,,,,,,,,,,,,0,0,0,0,0,0,0,0,0,0,0,0,0,0,0,0,0,0,0,0,0,0,0,0,0,0,0,0,0,1,1,0,0,0,0,,0,0,0,0,0,0,0,0,0,0,0,0,0,0,0,0,,,,,,31-35,26-35,County road,R,Tuesday,,MHTRUCK,Not Fatal,0,1,1,0,County Road,County Sheriff,Thurston County Sheriff's Office,0,0,1,0,0,,,,,,,,,,,,,,,,,,,,,,,,,,,,,,,,,,,,,,,,,,,
2017,542,633035,35,12-16-2017,07:44,16,12,Dec,0,53,Pierce,0,10,0,4,2,1,1,0,3,2,07:42,08:01,08:37,12,0,2,Front-to-Front,4.5,1,0,1,No intersection,3,2,2,4,0,0,0,0,CR-116TH ST S,,-122.4622167,47.15140556,98444,0,1,50,Lateral Move(Left/Right),6,1,35,20,0,0,1,5,12,3,1,4,1,14,Making a U turn,2,1,53,,0,20,481,1995,0,0,8,,,,,,1,1,32,1,0,0,0,0,3,0,11,0,,,,,0,0,0,3,1,0,0,0,0,0,,,,,,0,,,,,,99208,53,74,185,6,1,0,0,0,0,0,0,,,,,,0,,,20,0,0,0,8,9,8,,,0,0,0,8,0,0,0,0,0,0,0,0,0,0,996,,,,,,,,,,,,,,,,,,,,,,,,,,,,,,0,0,0,0,0,0,0,0,0,1,1,1,0,0,0,0,0,0,0,0,0,0,0,0,0,0,0,0,0,0,0,1,0,0,0,,0,0,0,0,0,0,0,0,0,0,0,0,0,0,0,0,,,,,,31-35,26-35,US highway,R,Saturday,Belt Used,PV,Not Fatal,0,0,0,0,State Route,State Patrol,Washington State Patrol Headquarter,0,1,0,0,0,,,,,,,,,,,,,,,,,,,,,,,,,,,,,,,,,,,,,,,,,,,
2020,542,634834,35,06-25-2020,01:46,25,6,June,,53,Pierce,0,1,,3,1,2,1,0,3,2,01:46,01:52,02:17,12,0,6,Angle,3.3,2,0,2,4 Way,5,2,2,4,0,0,3,3,CR-84TH ST E,WALLER RD,-122.3891306,47.18087778,98446,0,2,69,Initial Opposite Direction(Going Straight),62,4,35,8,0,0,1,2,12,1,1,2,1,1,Going Straight,2,9,99,,0,55,35,1997,0,0,12,,,,,,1,1,23,2,0,0,0,0,3,0,11,0,,,,,0,0,0,3,1,0,0,0,0,0,,,,,,0,,,,,,98620,53,61,190,6,1,0,0,0,0,0,0,,,,,,0,,,8,0,0,0,8,9,8,,,0,0,0,8,0,0,0,0,0,0,0,0,0,0,996,,,,,,,,,,,,,,,,,,,,,,,,,,,,,,0,0,0,0,0,0,0,0,0,0,0,0,0,0,1,0,1,0,0,0,0,0,0,1,1,0,0,0,1,1,0,0,0,0,0,,0,0,0,0,0,0,0,0,0,0,0,0,0,0,0,0,,,,,,21-25,16-25,County road,R,Saturday,Belt Used,PV,Not Fatal,0,1,1,0,County Road,County Sheriff,Klickitat County Sheriff's Office,0,0,1,0,0,,,,,,,,,,,,,,,,,,,,,,,,,,,,,,,,,,,,,,,,,,,
2020,542,634833,35,06-25-2020,01:46,25,6,June,,53,Pierce,0,1,,3,1,2,1,0,3,2,01:46,01:52,02:17,12,0,6,Angle,3.3,2,0,2,4 Way,5,2,2,4,0,0,3,3,CR-84TH ST E,WALLER RD,-122.3891306,47.18087778,98446,0,1,68,Initial Opposite Direction(Left/Right),15,2,35,4,0,0,1,2,12,1,1,2,1,11,Turning Red: Permitted on red,1,9,99,,0,12,17,2010,0,0,12,,,,,,1,1,57,1,0,0,0,0,3,0,11,0,,,,,0,0,3,3,1,0,0,0,0,0,,,,,,0,,,,,,98619,53,74,205,6,1,0,0,0,0,0,0,,,,,,0,,,20,0,0,0,8,9,8,,,0,0,0,8,0,0,0,0,0,0,0,0,0,0,996,,,,,,,,,,,,,,,,,,,,,,,,,,,,,,0,0,0,0,0,0,0,0,0,0,0,0,0,0,1,0,1,0,0,0,0,0,0,1,1,0,0,0,1,1,0,0,0,0,0,,0,0,0,0,0,0,0,0,0,0,0,0,0,0,0,0,,,,,,56-60,56-65,County road,R,Saturday,Belt Used,PV,Not Fatal,0,1,1,0,County Road,County Sheriff,Klickitat County Sheriff's Office,0,0,1,0,0,,,,,,,,,,,,,,,,,,,,,,,,,,,,,,,,,,,,,,,,,,,
2017,543,3756384,263,12-07-2017,15:10,7,12,Dec,0,33,King,1960,1,0,1,1,1,1,1,1,1,,,,8,0,0,No vehicle,0,3,0,3,T Intersection,4,2,4,6,0,0,3,3,E MARGINAL WAY S,S ATLANTIC ST,-122.3363306,47.59268056,98104,0,1,13,Pedestrian/Animal,80,5,98,66,1,0,1,5,8,1,1,2,1,10,Others,1,3,41,,0,72,706,2000,0,0,68,12,12,,,,1,1,50,1,7,1,4,7,16,0,11,0,04/29/2017,12:40,53020405,20405,0,0,0,2,1,28,0,0,0,12,,,,,,99,,,,,,99337,53,72,200,6,1,0,0,0,0,0,0,,,,,,0,,,20,8,0,0,0,9,8,,,0,0,0,8,9,0,0,0,0,0,0,0,0,0,996,,,,,,,,,,,,,,,,,,,,,,,,,,,,,,0,0,0,0,0,0,0,0,0,0,0,0,0,0,1,0,1,0,0,0,0,0,0,1,1,0,0,0,1,1,0,0,0,0,1,1,0,0,0,0,0,0,0,0,1,0,0,0,0,0,0,0,,,,,,46-50,46-55,County road,R,Saturday,,MC,White,0,1,1,0,County Road,County Sheriff,Klickitat County Sheriff's Office,0,0,1,0,0,,,,,,,,,,,,,,,,,,,,,,,,,,,,,,,,,,,,,,,,,,,
2021,543,636206,2,12-21-2021,06:26,21,12,Dec,,73,Whatcom,0,10,,2,4,1,1,1,2,3,,,,12,0,7,"Sideswipe,Same",246.2,1,0,1,No intersection,1,1,1,1,0,0,0,0,I-5,,-122.3988722,48.68792778,98229,0,2,48,Others,61,4,60,34,0,0,1,2,8,1,2,2,3,1,Going Straight,1,1,53,,0,72,706,2014,0,0,12,,,,,,1,1,67,1,7,1,4,0,16,0,11,4,04/21/2017,12:29,2.37E+11,19231,0,0,0,3,1,0,0,0,0,0,,,,,,0,,,,,,97013,41,69,250,6,1,0,0,0,0,0,0,,,,,,0,,,20,8,0,0,0,9,8,,,0,0,0,8,0,2,1,0,0,1,0,0,2,1,0,,,,,,,,,,,,,,,,,,,,,,,,,,,,,,0,0,0,0,0,0,0,0,0,0,0,0,0,0,0,0,1,0,0,0,0,0,0,0,0,1,0,0,1,1,0,0,0,0,1,1,0,0,0,0,0,0,0,0,0,0,0,0,0,0,0,0,,,,,,66-70,66-75,Interstate,R,Friday,,MC,White,0,0,0,0,State Route,State Patrol,Washington State Patrol Headquarter,0,1,0,0,0,,,,,,,,,,,,,,,,,,,,,,,,,,,,,,,,,,,,,,,,,,,
2021,543,636205,2,12-21-2021,06:26,21,12,Dec,,73,Whatcom,0,10,,2,4,1,1,1,2,3,,,,12,0,7,"Sideswipe,Same",246.2,1,0,1,No intersection,1,1,1,1,0,0,0,0,I-5,,-122.3988722,48.68792778,98229,0,1,48,Others,6,1,60,21,0,0,1,2,12,1,2,2,3,1,Going Straight,1,2,53,,0,2,422,2017,0,0,12,,,,,,1,1,69,1,0,0,0,0,3,0,11,0,,,,,0,0,3,3,1,0,0,0,0,9,,,,,,0,,,,,,98642,53,67,170,6,1,0,0,0,0,0,97,,,,,,0,,,20,0,0,0,8,9,8,,,0,0,0,8,0,0,0,0,0,0,0,0,0,0,996,,,,,,,,,,,,,,,,,,,,,,,,,,,,,,0,0,0,0,0,0,0,0,0,0,0,0,0,0,0,0,1,0,0,0,0,0,0,0,0,1,0,0,1,1,0,0,0,0,0,,0,0,0,0,0,0,0,0,1,0,0,0,0,0,0,0,,,,,,66-70,66-75,Interstate,R,Friday,Belt Used,PV,Not Fatal,0,0,0,0,State Route,State Patrol,Washington State Patrol Headquarter,0,1,0,0,0,,,,,,,,,,,,,,,,,,,,,,,,,,,,,,,,,,,,,,,,,,,
2020,543,634865,122,06-25-2020,18:42,25,6,June,,61,Snohomish,690,1,,1,1,2,1,0,8,3,19:02,19:07,19:22,33,0,0,No vehicle,1.1,1,0,1,No intersection,3,2,1,3,0,0,0,0,SR-526,,-122.2795611,47.92243056,98275,0,3,98,Others,98,7,60,34,0,0,1,2,12,3,1,2,3,14,Making a U turn,1,1,53,,0,82,881,9999,0,0,12,,,,,,1,1,64,1,0,0,0,0,3,0,11,0,,,,,6,1,3,3,1,0,0,0,0,93,,,,,,0,,,,,,85053,4,72,210,6,1,0,1,0,0,2,0,,,,,,0,07-15-2012,11-15-2016,20,0,0,0,8,9,8,,,0,0,0,8,9,0,0,0,0,0,0,0,0,0,996,,,,,,,,,,,,,,,,,,,,,,,,,,,,,,0,0,0,0,0,0,0,0,0,0,0,0,0,0,0,0,1,0,0,0,0,0,0,0,0,0,0,0,1,0,1,0,0,0,0,,0,0,0,0,0,0,0,0,1,0,0,0,0,0,0,0,,,,,,61-65,56-65,Interstate,U,Tuesday,,MHTRUCK,Not Fatal,0,0,0,0,State Route,State Patrol,Washington State Patrol Headquarter,0,1,0,0,0,,,,,,,,,,,,,,,,,,,,,,,,,,,,,,,,,,,,,,,,,,,
2020,543,634864,122,06-25-2020,18:42,25,6,June,,61,Snohomish,690,1,,1,1,2,1,0,8,3,19:02,19:07,19:22,33,0,0,No vehicle,1.1,1,0,1,No intersection,3,2,1,3,0,0,0,0,SR-526,,-122.2795611,47.92243056,98275,0,2,98,Others,62,4,60,34,0,0,1,5,12,3,1,2,2,14,Making a U turn,5,1,53,,0,72,706,2012,0,0,12,12,,,,,1,1,57,1,7,1,4,7,5,0,11,0,04/25/2017,05:33,31053019685,19685,6,0,0,3,1,0,0,0,0,96,,,,,,99,,,,,,98532,53,74,220,6,1,0,0,0,0,0,0,,,,,,0,,,20,8,0,0,0,9,8,,,0,0,0,8,0,2,1,0,0,1,0,0,2,1,0,,,,,,,,,,,,,,,,,,,,,,,,,,,,,,0,0,0,0,0,0,0,0,0,0,0,0,0,0,0,0,1,0,0,0,0,0,0,0,0,0,0,0,1,0,1,0,0,0,1,0,0,0,0,0,0,0,0,0,0,0,0,0,0,0,0,0,,,,,,56-60,56-65,Interstate,U,Tuesday,,MC,White,0,0,0,0,State Route,State Patrol,Washington State Patrol Headquarter,0,1,0,0,0,,,,,,,,,,,,,,,,,,,,,,,,,,,,,,,,,,,,,,,,,,,
2020,543,634863,122,06-25-2020,18:42,25,6,June,,61,Snohomish,690,1,,1,1,2,1,0,8,3,19:02,19:07,19:22,33,0,0,No vehicle,1.1,1,0,1,No intersection,3,2,1,3,0,0,0,0,SR-526,,-122.2795611,47.92243056,98275,0,1,6,Drive off road,12,2,45,2,0,0,1,5,12,2,1,3,2,14,Making a U turn,2,2,53,,0,20,481,2001,0,0,12,64,25,,,,1,1,44,1,0,0,0,0,99,0,11,0,,,,,0,0,0,3,1,0,0,0,0,96,,,,,,99,,,,,,98611,53,76,220,6,1,0,0,0,0,0,7,,,,,,0,,,99,0,0,0,8,9,8,,,0,0,0,8,9,0,0,0,0,0,0,0,0,0,996,,,,,,,,,,,,,,,,,,,,,,,,,,,,,,0,0,0,0,0,0,0,0,0,0,0,0,0,0,0,0,1,0,0,0,0,0,0,0,0,0,0,0,1,0,1,0,0,0,0,,0,0,0,0,0,0,0,0,0,0,0,0,0,0,0,0,,,,,,41-45,36-45,Interstate,U,Tuesday,Unknown,PV,Not Fatal,0,0,0,0,State Route,State Patrol,Washington State Patrol Headquarter,0,1,0,0,0,,,,,,,,,,,,,,,,,,,,,,,,,,,,,,,,,,,,,,,,,,,
2021,544,636208,6,12-20-2021,09:35,20,12,Dec,,17,Douglas,0,4,,1,10,2,1,0,3,2,,,,12,0,1,Front-to-Rear,127.5,1,0,1,No intersection,3,1,1,2,0,0,0,0,US-2,,-120.2542722,47.54905,98802,0,2,32,Others,62,4,60,14,0,0,1,2,12,3,1,3,1,14,Making a U turn,1,1,53,,0,7,482,2005,0,0,12,64,69,1,12,,1,1,26,1,0,0,2,0,3,0,11,0,,,,,0,0,0,3,1,58,0,0,0,96,,,,,,0,,,,,,97885,41,74,210,6,1,0,1,0,0,1,0,,,,,,0,07-15-2012,10-15-2013,20,0,0,0,8,9,8,,,0,0,0,8,0,0,0,0,0,0,0,0,0,0,996,,,,,,,,,,,,,,,,,,,,,,,,,,,,,,0,0,0,0,0,0,0,0,0,0,0,0,0,0,0,0,1,0,1,0,0,0,0,0,0,0,0,0,0,0,0,0,0,0,0,,0,0,0,0,0,0,0,0,0,0,0,0,0,0,0,0,,,,,,26-30,26-35,State route,R,Monday,Belt Used,PV,Not Fatal,0,0,0,0,State Route,State Patrol,Washington State Patrol Headquarter,0,1,0,0,0,,,,,,,,,,,,,,,,,,,,,,,,,,,,,,,,,,,,,,,,,,,
2021,544,636207,6,12-20-2021,09:35,20,12,Dec,,17,Douglas,0,4,,1,10,2,1,0,3,2,,,,12,0,1,Front-to-Rear,127.5,1,0,1,No intersection,3,1,1,2,0,0,0,0,US-2,,-120.2542722,47.54905,98802,0,1,32,Others,6,1,60,4,0,0,1,2,12,2,1,3,1,14,Making a U turn,2,2,53,,0,98,734,2010,0,0,12,12,1,,,,1,1,35,1,7,1,4,0,17,0,11,8,04/27/2017,18:44,96016004726,,6,0,0,1,1,38,0,0,0,93,,,,,,0,,,,,,99403,53,75,230,6,1,0,0,0,0,0,0,,,,,,0,,,20,1,9,0,0,9,8,,,0,0,0,8,0,0,0,0,0,0,0,0,0,0,996,,,,,,,,,,,,,,,,,,,,,,,,,,,,,,0,0,0,0,0,0,0,0,0,0,0,0,0,0,0,0,1,0,1,0,0,0,0,0,0,0,0,0,0,0,0,0,0,0,0,,0,0,0,0,0,0,0,0,1,0,1,0,0,0,0,0,,,,,,31-35,26-35,State route,R,Monday,,OTHVT,White,0,0,0,0,State Route,State Patrol,Washington State Patrol Headquarter,0,1,0,0,0,,,,,,,,,,,,,,,,,,,,,,,,,,,,,,,,,,,,,,,,,,,
2020,544,634881,305,07-05-2020,17:47,5,7,July,,11,Clark,2370,1,,1,1,2,1,0,1,1,17:48,17:54,18:17,42,0,0,No vehicle,0,1,0,1,No intersection,3,2,4,6,0,0,0,0,SE 192ND AVE,,-122.4758556,45.60346667,98683,0,1,1,Driver Off Road,13,2,40,4,0,0,1,2,42,3,2,2,2,14,Making a U turn,1,1,53,,0,73,705,2006,0,0,63,14,14,,,,1,1,23,1,1,1,4,7,16,0,11,0,04-10-2017,23:33,1.63E+11,16971,0,0,0,3,1,0,0,0,0,96,,,,,,99,,,,,,99344,53,65,160,6,1,0,1,0,1,0,0,,,,,,4,04-15-2013,04-15-2015,20,8,0,0,0,9,8,,,0,0,0,8,9,0,0,0,0,0,0,0,0,0,996,,,,,,,,,,,,,,,,,,,,,,,,,,,,,,0,0,1,0,0,0,0,0,0,0,0,0,1,0,0,0,0,0,0,0,0,0,0,1,1,0,0,0,1,1,0,0,0,0,1,1,0,0,0,0,0,0,0,0,0,1,0,0,0,0,0,0,,,,,,21-25,16-25,City street,U,Monday,,MC,Hispanic,0,1,0,0,City Street,Municipal/City Police,Othello Police Department,1,0,0,1,0,,,,,,,,,,,,,,,,,,,,,,,,,,,,,,,,,,,,,,,,,,,