year,something,Cases,repjur,crash_dt,crash_tm,accday,Month,Month,holiday,county,co_char,city,weather,weather2,lightcond,surfcond,surftype,Number of Fatalities,nmforms,pforms,vforms,not_tm,arr_tm,hosp_tm,fhevent,hitrun,Manner of Collision,Manner of Collision,milepnt,reljunc,reljuncinter,intersectiontype,Intersection Type,funcsystem,landuse,ownership,route,schlbus,spejur,contdev,devfunc,trafid1,trafid2,x,y,zipcode,wk_zone,vnumber,crashtype,Crash Type,criticalevent,criticaleventcat,spdlim,body,trailer,emerg,hazcargo,leave,mhevent,roadalgn,roadprof,traflane,trafflow,Vehicle Manure,Vehicle Manure,numoccs,regowner,regstate,,spuse,make,model,modelyr,vrf1,vrf2,seqevent1,seqevent2,seqevent3,seqevent4,seqevent5,seqevent6,pnumber,ptype,age,sex,hispanic,race,injury,diedscene,restraint,restraintmisuse,seatpos,takehosp,death_dt,death_tm,cert,cernum_wa,commlic,licendor,licrestrict,liccomp,drivpres,drf1,drf2,drf3,drf4,distract1,distract2,distract3,distract4,distract5,distract6,dricond1,dricond2,dricond3,dricond4,dricond5,dricond6,dzip,licstate,drhgt_in,weight,noncdl,noncdltype,prevdwi,prevoth,prevacc,prevspd,prevsus,driviol1,driviol2,driviol3,driviol4,driviol5,driviol6,spdrel,first_dt,last_dt,airbag,ejection,ejectpath,extricat,injurwrk,methalc,methdrug,nmlocat,strikveh,prf1,prf2,prf3,druginv,alcinvol,drugsts,drugres1,drugres2,drugres3,drugtst1,drugtst2,drugtst3,alcsts,alctst,alcres,nmact1,nmact2,nmact3,nmact4,nmact5,nmact6,nmprior1,nmprior2,nmprior3,nmprior4,nmprior5,nmprior6,nmcond1,nmcond2,nmcond3,nmcond4,nmcond5,nmcond6,nmsafe_helmet,nmsafe_pads,nmsafe_oth,nmprev_ref,nmprev_lgt,nmprev_oth,crashlocation,nmcrashtype,crosswalk,schoolzone,sidewalk,train_inv,wildlife_inv,rotr_fars,intersect_fars,Drink and Drive,aid_inv,Drug Positive Drivers,Impaired Drivers,Marijuana Positive,impnm_inv,ainm_inv,dpnm_inv,speed_inv,unlic_inv,unendmc_inv,drowsy_inv,drdist_inv,nmdist_inv,fty_inv,unrestfat_inv,dr1617_inv,dr1820_inv,dr1620_inv,dr2125_inv,dr1625_inv,dr65_inv,dr70_inv,dr75_inv,mc_inv,pv_inv,ht_inv,ped_inv,bike_inv,unrest_fat,mc_fat,unhelmet_mc,pv_fat,ht_fat,ped_fat,bike_fat,dr_alc7,dr_alc8,dr_drug,dr_imp,dr_dist,dr_spd,dr_fty,dr_unlic,dr_alc7only,dr_alc8only,dr_drugonly,dr_drink,nm_imp,nm_alc7,nm_alc8,nm_drug,nm_dist,agegrp1,agegrp2,roadclass,urbrur,dayweek,restuse,vehtype,race_me,intersect,lanedep,oppdir,wrongway,rep_typ,investag,repag_long,rotr,st_rd,cty_rd,city_rd,oth_rd,drug_thc,thc_res,drug_cthc,cthc_res,drug_cann,prevpersemin,prevperse,prevsusoth,drugtst4,drugtst5,drugtst6,drugtst7,drugtst8,drugres4,drugres5,drugres6,drugres7,drugres8,adspresent,adsengaged,adslevel,race1,race2,race3,race4,race5,helmet,helmetmisuse,nmdistract1,nmdistract2,nmdistract3,nmdistract4,nmdistract5,nmdistract6,lab,isedtcase,crf1,crf2,crf3,CoRoadName,CoMP,IntCoRoadName,IntCoMP
2017,544,00Media,,12-18-2017,05:00,18,12,Dec,0,77,Yakima,2507,98,0,6,98,8,1,1,1,1,,,,8,1,0,No vehicle,0,1,0,1,No intersection,7,2,4,6,0,3,0,0,COBURN LOOP,,-120.7458667,46.38436389,98952,0,1,13,Pedestrian/Animal,80,5,98,99,0,0,1,5,8,8,8,9,9,1,Going Straight,99,9,99,,0,23,481,2004,0,0,63,35,1,,,,1,1,64,1,7,1,4,7,3,0,11,0,04/24/2017,15:24,53019724,19724,6,0,3,3,1,0,0,0,0,96,,,,,,99,,,,,,98531,53,73,210,6,1,0,1,1,0,0,0,,,,,,0,09-15-2013,09-15-2013,20,0,0,0,0,9,8,,,0,0,0,8,9,2,605,0,0,1,0,0,2,1,0,,,,,,,,,,,,,,,,,,,,,,,,,,,,,,0,0,1,0,0,0,1,1,1,0,0,0,0,0,0,0,0,0,0,0,0,0,0,0,0,0,0,0,0,0,0,0,0,0,0,,0,0,0,0,0,0,1,1,0,0,0,0,0,0,1,0,,,,,,61-65,56-65,County road,R,Monday,Belt Used,PV,White,0,1,0,0,County Road,County Sheriff,Lewis County Sheriff's Office,1,0,1,0,0,thc,1.2,carboxy-thc,6.2,,,,,,,,,,,,,,,,,,,,,,,,,,,,,,,,,,,,,,,
2021,545,636209,236,12-15-2021,18:13,15,12,Dec,,35,Kitsap,1710,2,,2,2,2,1,1,1,1,,,,8,0,0,No vehicle,0,1,0,1,No intersection,4,2,4,6,0,0,0,0,BAY ST,,-122.6252361,47.54301111,98366,0,1,13,Pedestrian/Animal,80,5,25,14,0,0,1,5,8,1,1,2,1,1,Going Straight,1,1,53,,0,7,402,1998,0,0,12,,,,,,1,1,42,1,0,0,0,0,3,0,11,0,,,,,0,0,0,3,1,0,0,0,0,0,,,,,,0,,,,,,98250,53,70,150,6,1,0,0,0,0,0,0,,,,,,0,,,20,0,0,0,8,9,8,,,0,0,0,8,0,0,0,0,0,0,0,0,0,0,996,,,,,,,,,,,,,,,,,,,,,,,,,,,,,,0,0,0,0,0,0,0,0,0,0,0,0,0,0,0,0,0,0,0,0,0,0,0,1,1,0,0,0,1,1,0,0,0,0,0,,0,0,0,0,0,0,0,0,0,0,0,0,0,0,0,0,,,,,,41-45,36-45,State route,U,Saturday,Belt Used,PV,Not Fatal,0,0,0,0,State Route,State Patrol,Washington State Patrol Headquarter,0,1,0,0,0,,,,,,,,,,,,,,,,,,,,,,,,,,,,,,,,,,,,,,,,,,,
2020,545,634922,3,07-24-2020,16:40,24,7,July,,53,Pierce,2230,1,,1,1,2,1,0,1,1,,,,1,0,0,No vehicle,0.9,20,1,1,No intersection,1,2,1,1,0,0,0,0,I-5,,-122.4626361,47.22665556,98405,0,1,98,Others,9,1,98,80,0,0,1,2,1,2,2,3,6,15,Others,1,1,53,,0,72,706,2006,0,0,68,12,,,,,1,1,22,1,7,1,4,7,5,0,11,0,04/22/2017,14:27,1.41E+11,18713,0,0,3,3,1,28,0,0,0,0,,,,,,0,,,,,,98284,53,74,360,6,1,0,0,0,1,0,0,,,,,,0,08-15-2014,08-15-2014,20,8,0,0,0,9,8,,,0,0,0,8,0,2,1,0,0,1,0,0,2,1,0,,,,,,,,,,,,,,,,,,,,,,,,,,,,,,0,0,0,0,0,0,0,0,0,0,0,0,0,0,0,0,0,0,0,0,0,0,0,1,1,0,0,0,1,1,0,0,0,0,1,0,0,0,0,0,0,0,0,0,0,0,0,0,0,0,0,0,,,,,,21-25,16-25,State route,U,Saturday,,MC,White,0,0,0,0,State Route,State Patrol,Washington State Patrol Headquarter,0,1,0,0,0,,,,,,,,,,,,,,,,,,,,,,,,,,,,,,,,,,,,,,,,,,,
2021,546,636212,3,12-24-2021,19:18,24,12,Dec,,53,Pierce,0,2,,3,2,1,1,0,5,3,,,,12,0,6,Angle,36.1,2,0,2,4 Way,4,1,1,3,0,0,3,3,SR-7,SR-702,-122.3573917,46.93663889,98328,0,3,98,Others,62,4,45,14,0,0,1,2,12,1,1,2,1,1,Going Straight,3,1,53,,0,99,999,9999,0,0,64,8,,,,,1,1,19,1,0,0,0,0,99,0,11,0,,,,,0,0,0,2,1,91,0,0,0,96,,,,,,99,,,,,,98055,53,69,150,1,1,0,0,0,0,0,7,79,,,,,9,,,99,0,0,0,8,9,8,,,0,0,0,8,9,0,0,0,0,0,0,0,0,0,996,,,,,,,,,,,,,,,,,,,,,,,,,,,,,,0,0,0,0,0,0,0,0,0,1,1,1,0,1,0,0,0,0,0,0,0,1,1,0,1,0,0,0,0,0,0,1,0,0,0,,0,0,0,0,0,0,0,0,0,0,0,1,0,0,0,0,,,,,,18-20,16-25,State route,U,Sunday,,NR-U,Not Fatal,0,0,0,0,State Route,State Patrol,Washington State Patrol Headquarter,0,1,0,0,0,,,,,,,,,,,,,,,,,,,,,,,,,,,,,,,,,,,,,,,,,,,
2021,546,636211,3,12-24-2021,19:18,24,12,Dec,,53,Pierce,0,2,,3,2,1,1,0,5,3,,,,12,0,6,Angle,36.1,2,0,2,4 Way,4,1,1,3,0,0,3,3,SR-7,SR-702,-122.3573917,46.93663889,98328,0,2,87,Others,66,4,45,4,0,0,1,2,12,1,1,2,1,1,Going Straight,1,2,53,,0,49,40,1998,0,0,64,43,25,31,,,1,1,22,2,7,2,4,7,20,0,11,0,04/15/2017,05:09,73553018328,18328,0,0,3,2,1,0,0,0,0,96,,,,,,9,,,,,,98465,53,61,131,1,1,0,2,2,6,4,0,,,,,,0,08-15-2012,10-15-2014,1,0,0,0,0,1,1,,,0,0,0,1,1,2,605,0,0,1,0,0,2,1,0.14,,,,,,,,,,,,,,,,,,,,,,,,,,,,,,0,0,1,0,1,1,1,1,1,0,0,0,0,1,0,0,0,0,0,1,0,0,0,1,1,0,0,0,0,1,0,0,0,1,0,,1,0,0,0,0,1,1,1,0,0,0,1,0,0,0,1,,,,,,21-25,16-25,Interstate,U,Saturday,Not Used,PV,Black,0,1,0,0,State Route,State Patrol,Washington State Patrol Headquarter,1,1,0,0,0,thc,1.1,carboxy-thc,8.3,,,,,,,,,,,,,,,,,,,,,,,,,,,,,,,,,,,,,,,
2021,546,636210,3,12-24-2021,19:18,24,12,Dec,,53,Pierce,0,2,,3,2,1,1,0,5,3,,,,12,0,6,Angle,36.1,2,0,2,4 Way,4,1,1,3,0,0,3,3,SR-7,SR-702,-122.3573917,46.93663889,98328,0,1,86,Others,17,2,50,34,0,0,1,2,12,1,1,2,1,1,Going Straight,1,1,53,,0,20,481,1996,0,0,8,,,,,,1,1,68,1,0,0,0,0,3,0,11,0,,,,,0,0,3,3,1,0,0,0,0,93,,,,,,99,,,,,,99350,53,70,185,6,1,0,2,0,0,0,0,,,,,,0,08-15-2012,11-15-2014,20,0,0,0,8,9,8,,,0,0,0,8,9,2,605,0,0,1,0,0,2,1,0,,,,,,,,,,,,,,,,,,,,,,,,,,,,,,0,0,0,0,0,0,1,1,1,0,0,0,0,0,0,0,1,1,0,0,0,0,0,0,0,1,0,0,0,0,0,1,0,0,0,,0,0,0,0,0,0,1,1,1,0,0,0,0,0,1,0,,,,,,66-70,66-75,City street,U,Saturday,Belt Used,PV,Not Fatal,0,0,0,0,City Street,Municipal/City Police,Sunnyside Police Department,0,0,0,1,0,thc,7,carboxy-thc,37,,,,,,,,,,,,,,,,,,,,,,,,,,,,,,,,,,,,,,,
2020,546,634931,14,07-22-2020,19:05,22,7,July,,11,Clark,0,1,,1,1,2,1,0,1,1,,,,42,0,0,No vehicle,0.3,1,0,1,No intersection,6,1,2,4,0,0,0,0,CR-NE PUP CREEK RD,,-122.5319528,45.93420833,,0,1,1,Driver Off Road,13,2,50,2,0,0,1,2,42,3,1,2,1,14,Making a U turn,1,1,53,,0,37,441,2010,0,0,12,,,,,,1,1,46,2,0,0,2,0,99,0,11,8,,,,,0,0,0,3,1,0,0,0,0,0,,,,,,0,,,,,,98188,53,63,140,6,1,0,0,0,1,0,0,,,,,,0,12-15-2012,12-15-2012,1,0,0,0,8,9,8,,,0,0,0,8,0,0,0,0,0,0,0,0,0,0,996,,,,,,,,,,,,,,,,,,,,,,,,,,,,,,0,0,1,0,0,0,0,0,0,0,0,0,0,0,0,0,0,0,0,0,0,0,0,0,0,1,1,1,0,1,0,0,0,0,0,,0,0,0,0,0,0,0,0,0,0,0,0,0,0,0,0,,,,,,46-50,46-55,State route,U,Wednesday,Unknown,PV,Not Fatal,0,1,0,0,State Route,County Sheriff,King County Police,1,1,0,0,0,,,,,,,,,,,,,,,,,,,,,,,,,,,,,,,,,,,,,,,,,,,
2017,546,633002,143,12-05-2017,16:42,5,12,Dec,0,61,Snohomish,860,1,0,3,1,2,1,1,1,1,,,,9,0,0,No vehicle,0,1,0,1,No intersection,4,2,4,6,0,0,0,0,W STANLEY ST,,-121.9720861,48.08331667,98252,0,1,13,Pedestrian/Animal,83,5,30,16,0,0,1,5,9,1,1,2,1,1,Going Straight,1,2,53,,0,63,34,2016,0,0,64,42,12,,,,1,1,82,1,0,0,2,0,99,0,11,8,,,,,0,0,0,3,1,0,0,0,0,96,,,,,,0,,,,,,98168,53,63,125,6,1,0,0,0,0,0,0,,,,,,0,,,1,0,0,0,8,9,8,,,0,0,0,8,0,0,0,0,0,0,0,0,0,0,996,,,,,,,,,,,,,,,,,,,,,,,,,,,,,,0,0,1,0,0,0,0,0,0,0,0,0,0,0,0,0,0,0,0,0,0,0,0,0,0,1,1,1,0,1,0,0,0,0,0,,0,0,0,0,0,0,0,0,0,0,0,0,0,0,0,0,,,,,,81+,76+,State route,U,Wednesday,Unknown,PV,Not Fatal,0,1,0,0,State Route,County Sheriff,King County Police,1,1,0,0,0,,,,,,,,,,,,,,,,,,,,,,,,,,,,,,,,,,,,,,,,,,,
2021,547,636217,337,12-24-2021,16:47,24,12,Dec,,73,Whatcom,110,1,,3,1,2,1,1,2,1,,,,8,0,0,No vehicle,0,1,0,1,No intersection,4,2,4,6,0,0,0,0,W BAKERVIEW RD,,-122.4880667,48.78974444,98226,0,1,13,Pedestrian/Animal,80,5,98,5,0,0,1,2,8,8,8,5,5,1,Going Straight,2,1,53,,0,63,34,2003,0,0,8,,,,,,1,1,25,2,0,0,0,0,3,0,11,0,,,,,0,0,0,3,1,0,0,0,0,96,,,,,,0,,,,,,98229,53,61,135,6,1,0,0,1,4,0,97,,,,,,3,09-15-2013,09-15-2015,20,0,0,0,8,9,8,,,0,0,0,8,0,0,0,0,0,0,0,0,0,0,996,,,,,,,,,,,,,,,,,,,,,,,,,,,,,,0,0,0,0,0,0,0,0,0,0,0,0,1,0,0,0,0,0,0,0,0,0,0,1,1,0,0,0,0,1,0,1,0,0,0,,0,0,0,0,0,0,0,0,0,1,0,0,0,0,0,0,,,,,,21-25,16-25,Interstate,U,Saturday,Belt Used,PV,Not Fatal,0,0,0,0,State Route,State Patrol,Washington State Patrol Headquarter,0,1,0,0,0,,,,,,,,,,,,,,,,,,,,,,,,,,,,,,,,,,,,,,,,,,,
2020,547,634938,31,07-21-2020,17:56,21,7,July,,45,Mason,0,1,,1,1,2,1,0,1,1,18:01,18:18,18:47,42,0,0,No vehicle,2,1,0,1,No intersection,5,1,2,4,0,0,0,0,CR-SE LYNCH RD,,-123.0569889,47.15383889,98584,0,1,7,Control/Traction Loss,13,2,35,4,0,0,1,2,42,3,1,2,1,14,Making a U turn,1,1,53,,0,85,881,1997,0,0,12,,,,,,1,1,50,1,0,0,0,0,3,0,11,0,,,,,6,1,0,3,1,0,0,0,0,0,,,,,,0,,,,,,83401,16,71,185,6,1,0,0,0,0,0,0,,,,,,0,,,20,0,0,0,8,9,8,,,0,0,0,8,0,0,0,0,0,0,0,0,0,0,996,,,,,,,,,,,,,,,,,,,,,,,,,,,,,,0,0,0,1,0,0,0,0,0,0,0,0,0,0,0,0,0,0,1,1,0,0,0,0,0,1,1,1,0,1,1,0,0,0,0,,0,0,0,0,0,0,0,0,0,0,0,0,0,0,0,0,,,,,,46-50,46-55,City street,U,Friday,,MHTRUCK,Not Fatal,1,0,0,0,City Street,Municipal/City Police,Arlington Police Department,0,0,0,1,0,,,,,,,,,,,,,,,,,,,,,,,,,,,,,,,,,,,,,,,,,,,
2017,547,633025,25,11-26-2017,01:06,26,11,Nov,8,33,King,670,2,0,3,2,2,1,0,2,1,,,,42,0,0,No vehicle,9999.9,3,0,3,T Intersection,7,1,2,4,0,0,20,3,CR-SE 424TH ST,SR-169,-121.9897111,47.22105556,98022,0,1,14,Others,14,2,35,4,0,0,1,5,38,1,1,2,1,1,Going Straight,2,2,53,,0,48,34,1997,0,0,12,,,,,,1,1,29,2,0,0,2,0,3,0,11,8,,,,,0,0,0,3,1,0,0,0,0,0,,,,,,0,,,,,,98223,53,67,200,6,1,0,0,0,1,2,0,,,,,,0,07-15-2012,12-15-2016,1,0,0,0,8,9,8,,,0,0,0,8,9,0,0,0,0,0,0,0,0,0,996,,,,,,,,,,,,,,,,,,,,,,,,,,,,,,0,0,0,1,0,0,0,0,0,0,0,0,0,0,0,0,0,0,1,1,0,0,0,0,0,1,1,1,0,1,1,0,0,0,0,,0,0,0,0,0,0,0,0,0,0,0,0,0,0,0,0,,,,,,26-30,26-35,City street,U,Friday,Belt Used,PV,Not Fatal,1,0,0,0,City Street,Municipal/City Police,Arlington Police Department,0,0,0,1,0,,,,,,,,,,,,,,,,,,,,,,,,,,,,,,,,,,,,,,,,,,,
2021,548,636219,4,12-22-2021,13:49,22,12,Dec,,1,Adams,0,1,,1,10,2,1,0,2,2,,,,12,0,6,Angle,53.4,3,0,3,T Intersection,5,1,1,3,0,0,0,0,SR-261,BENZEL RD,-118.3443917,46.987675,99169,0,2,66,Specific Other,62,4,55,34,0,0,1,2,12,2,1,2,1,14,Making a U turn,1,2,53,,0,55,401,2007,0,0,12,12,,,,,1,1,86,1,7,1,4,0,20,0,11,4,04/14/2017,20:41,1.96E+11,17715,0,0,3,3,1,38,0,0,0,96,,,,,,99,,,,,,98223,53,65,180,6,1,0,0,0,1,0,0,,,,,,0,10-15-2012,10-15-2012,8,0,0,0,0,9,8,,,0,0,0,8,9,2,1,0,0,1,0,0,2,1,0,,,,,,,,,,,,,,,,,,,,,,,,,,,,,,0,0,0,1,0,0,0,0,0,0,0,0,0,0,0,0,0,0,1,1,0,0,0,0,0,1,1,1,0,1,1,0,0,1,0,,1,0,0,0,0,0,0,0,0,0,1,0,0,0,0,0,,,,,,81+,76+,City street,U,Friday,Not Used,PV,White,1,0,0,0,City Street,Municipal/City Police,Arlington Police Department,0,0,0,1,0,,,,,,,,,,,,,,,,,,,,,,,,,,,,,,,,,,,,,,,,,,,
2021,548,636218,4,12-22-2021,13:49,22,12,Dec,,1,Adams,0,1,,1,10,2,1,0,2,2,,,,12,0,6,Angle,53.4,3,0,3,T Intersection,5,1,1,3,0,0,0,0,SR-261,BENZEL RD,-118.3443917,46.987675,99169,0,1,66,Specific Other,9,1,55,4,0,0,1,2,12,3,1,2,1,14,Making a U turn,1,1,53,,0,37,705,2007,0,0,64,42,30,,,,1,1,18,1,7,1,4,7,19,0,11,0,04/17/2017,15:36,74053018084,18084,0,0,0,3,1,0,0,0,0,96,,,,,,99,,,,,,98248,53,69,155,6,1,0,0,0,0,0,0,,,,,,4,,,20,8,0,0,0,9,8,,,0,0,0,8,9,2,1,0,0,1,0,0,2,1,0,,,,,,,,,,,,,,,,,,,,,,,,,,,,,,0,0,1,0,0,0,0,0,0,0,0,0,1,0,0,0,0,0,0,0,0,1,1,0,1,0,0,0,1,0,0,0,0,0,1,0,0,0,0,0,0,0,0,0,0,1,0,0,0,0,0,0,,,,,,18-20,16-25,City street,U,Monday,,MC,White,0,1,0,0,City Street,State Patrol,Washington State Patrol Headquarter,1,0,0,1,0,,,,,,,,,,,,,,,,,,,,,,,,,,,,,,,,,,,,,,,,,,,
2020,548,635013,278,08-28-2020,16:06,28,8,Aug,,63,Spokane,2110,1,,1,1,2,1,1,1,1,16:07,16:11,16:30,15,0,0,No vehicle,0,8,0,1,No intersection,3,2,4,6,0,0,0,0,W 3RD AVE,,-117.4267556,47.65349444,99201,0,1,13,Pedestrian/Animal,83,5,98,14,0,0,1,5,15,1,1,3,4,11,Turning Red: Permitted on red,1,3,53,,0,35,401,1995,0,0,8,,,,,,1,1,63,2,0,0,0,0,3,0,11,0,,,,,0,0,3,3,1,23,0,0,0,96,,,,,,0,,,,,,98105,53,65,270,6,1,0,2,1,0,0,97,,,,,,0,08-15-2014,11-15-2016,20,0,0,0,8,9,8,,,0,0,0,8,0,0,0,0,0,0,0,0,0,0,996,,,,,,,,,,,,,,,,,,,,,,,,,,,,,,0,0,0,0,0,0,0,0,0,1,0,1,0,0,0,0,0,0,0,0,0,0,0,0,0,0,0,0,0,1,0,1,0,0,0,,0,0,0,0,0,0,0,0,0,0,0,0,0,0,0,0,,,,,,61-65,56-65,State route,U,Friday,Belt Used,PV,Not Fatal,0,0,0,0,State Route,State Patrol,Washington State Patrol Headquarter,0,1,0,0,0,,,,,,,,,,,,,,,,,,,,,,,,,,,,,,,,,,,,,,,,,,,
2017,548,632994,337,11-29-2017,03:45,29,11,Nov,0,73,Whatcom,110,10,0,3,2,2,1,1,1,1,,,,9,0,0,No vehicle,0,2,0,3,T Intersection,5,2,4,6,0,0,20,3,BYRON,LINCOLN ST,-122.4664667,48.73363611,98229,0,1,13,Pedestrian/Animal,83,5,25,34,0,0,1,5,9,1,2,2,1,11,Turning Red: Permitted on red,1,1,53,,0,48,402,2006,0,0,8,8,,,,,1,1,66,2,0,0,0,0,3,0,11,0,,,,,0,0,0,3,1,0,0,0,0,93,,,,,,0,,,,,,98445,53,67,190,6,1,0,1,2,0,0,0,,,,,,0,08-15-2012,11-15-2013,20,0,0,0,8,9,8,,,0,0,0,8,0,0,0,0,0,0,0,0,0,0,996,,,,,,,,,,,,,,,,,,,,,,,,,,,,,,0,0,0,1,0,0,0,0,0,1,1,0,0,0,0,0,1,1,0,0,0,0,0,0,0,1,0,0,0,1,0,1,0,0,0,,0,0,0,0,0,0,0,0,1,0,0,0,0,0,0,0,,,,,,66-70,66-75,City street,U,Sunday,Belt Used,PV,Not Fatal,1,0,0,0,City Street,Municipal/City Police,Tacoma Police Department,0,0,0,1,0,,,,,,,,,,,,,,,,,,,,,,,,,,,,,,,,,,,,,,,,,,,
2020,549,635041,160,09-02-2020,05:53,2,9,Sep,,33,King,1030,1,,1,1,2,1,0,2,2,05:54,06:03,06:59,12,0,6,Angle,1.4,2,0,2,4 Way,3,2,1,3,0,0,3,3,SR-181,S 228TH ST,-122.2493333,47.39761111,98032,0,2,82,Turn Into Opp Direction(Turning Left),66,4,50,66,1,0,1,5,12,1,1,8,1,11,Turning Red: Permitted on red,1,3,6,,0,49,403,2006,0,0,12,,,,,,1,1,73,1,0,0,3,0,3,0,11,8,,,,,0,0,3,3,1,0,0,0,0,0,,,,,,0,,,,,,98516,53,70,170,6,1,0,0,0,1,0,0,,,,,,0,01-15-2014,01-15-2014,1,0,0,0,8,9,8,,,0,0,0,8,0,0,0,0,0,0,0,0,0,0,996,,,,,,,,,,,,,,,,,,,,,,,,,,,,,,0,0,0,0,0,0,0,0,0,0,0,0,1,0,0,0,0,0,0,1,0,1,1,0,1,1,1,0,0,1,0,0,0,0,0,,0,0,0,0,0,0,0,0,0,0,0,0,0,0,0,0,,,,,,71-75,66-75,County road,U,Sunday,Belt Used,PV,Not Fatal,0,1,1,0,County Road,County Sheriff,Thurston County Sheriff's Office,0,0,1,0,0,,,,,,,,,,,,,,,,,,,,,,,,,,,,,,,,,,,,,,,,,,,
2021,549,636220,330,10-02-2021,19:54,2,10,Oct,,77,Yakima,2590,1,,3,1,2,1,1,1,1,,,,8,0,0,No vehicle,0,1,0,1,No intersection,4,2,4,6,0,0,0,0,S FAIR AVE,,-120.4881222,46.59911667,98901,0,1,13,Pedestrian/Animal,80,5,30,80,0,0,1,2,8,1,1,3,5,6,Others,1,1,53,,0,24,1,1999,0,0,68,12,,,,,1,1,20,2,7,1,4,0,20,0,11,4,04/26/2017,22:00,1.96E+11,20059,0,0,0,3,1,28,0,0,0,96,,,,,,0,,,,,,98501,53,63,125,6,1,0,0,0,0,0,0,,,,,,4,,,20,0,0,0,0,9,8,,,0,0,0,8,0,0,0,0,0,0,0,0,0,0,996,,,,,,,,,,,,,,,,,,,,,,,,,,,,,,0,0,0,0,0,0,0,0,0,0,0,0,1,0,0,0,0,0,0,1,0,1,1,0,1,1,1,0,0,1,0,0,0,1,0,,1,0,0,0,0,0,0,0,0,1,0,0,0,0,0,0,,,,,,18-20,16-25,County road,U,Sunday,Not Used,PV,White,0,1,1,0,County Road,County Sheriff,Thurston County Sheriff's Office,0,0,1,0,0,,,,,,,,,,,,,,,,,,,,,,,,,,,,,,,,,,,,,,,,,,,
2020,549,635040,160,09-02-2020,05:53,2,9,Sep,,33,King,1030,1,,1,1,2,1,0,2,2,05:54,06:03,06:59,12,0,6,Angle,1.4,2,0,2,4 Way,3,2,1,3,0,0,3,3,SR-181,S 228TH ST,-122.2493333,47.39761111,98032,0,1,83,Others,17,2,35,14,0,0,1,2,12,1,1,5,1,1,Going Straight,1,1,53,,0,49,471,1987,0,0,63,1,31,,,,1,1,48,1,7,1,4,7,3,0,11,0,04/13/2017,15:30,53018844,18844,0,0,3,2,1,0,0,0,0,96,,,,,,9,,,,,,98382,53,74,220,1,1,1,3,0,1,1,0,,,,,,0,10-15-2012,08-15-2013,1,0,0,0,0,1,1,,,0,0,0,1,1,2,177,417,0,1,1,0,2,1,0.064,,,,,,,,,,,,,,,,,,,,,,,,,,,,,,0,0,1,0,1,0,1,1,0,0,0,0,0,1,0,0,0,0,0,0,0,0,0,0,0,0,0,0,0,0,0,0,0,0,0,,0,0,0,0,1,0,1,1,0,0,0,1,0,0,0,1,,,,,,46-50,46-55,US highway,R,Thursday,Belt Used,PV,White,0,1,0,0,State Route,State Patrol,Washington State Patrol Headquarter,1,1,0,0,0,,,,,,,,,,,,,,,,,,,,,,,,,,,,,,,,,,,,,,,,,,,
2017,549,633014,122,12-11-2017,14:48,11,12,Dec,0,61,Snohomish,690,1,0,1,1,2,1,0,2,2,,,,12,0,6,Angle,0,2,0,2,4 Way,3,2,4,6,0,0,3,3,RUCKER,CALIFORNIA,-122.2114306,47.98066111,98120,0,2,87,Others,66,4,30,20,0,0,1,5,12,1,1,2,1,1,Going Straight,1,1,53,,0,37,401,1998,0,0,12,68,64,1,,,1,1,42,1,7,98,4,0,20,0,11,5,04/17/2017,09:37,1.96E+11,18256,0,0,0,3,1,0,0,0,0,0,,,,,,0,,,,,,98444,53,64,150,6,1,0,1,0,0,1,0,,,,,,0,05-15-2012,01-15-2013,1,0,0,0,0,9,8,,,0,0,0,8,9,2,996,0,0,1,0,0,2,1,0,,,,,,,,,,,,,,,,,,,,,,,,,,,,,,0,0,0,1,0,0,1,1,0,0,0,0,1,0,0,0,0,0,0,1,0,1,1,0,1,0,0,0,0,1,0,0,0,1,0,,1,0,0,0,0,0,1,1,0,0,0,0,0,0,1,0,,,,,,41-45,36-45,State route,U,Friday,Not Used,PV,Oth/Unk,1,0,0,0,State Route,Municipal/City Police,Kent Police Department,0,1,0,0,0,,,,,,,,,,,,,,,,,,,,,,,,,,,,,,,,,,,,,,,,,,,
2017,549,633013,122,12-11-2017,14:48,11,12,Dec,0,61,Snohomish,690,1,0,1,1,2,1,0,2,2,,,,12,0,6,Angle,0,2,0,2,4 Way,3,2,4,6,0,0,3,3,RUCKER,CALIFORNIA,-122.2114306,47.98066111,98120,0,1,86,Others,17,2,30,14,0,0,1,2,12,1,1,5,5,1,Going Straight,1,1,53,,0,32,42,2006,0,0,12,2,,,,,1,1,20,1,0,0,0,0,99,0,11,0,,,,,0,0,0,3,1,0,0,0,0,96,,,,,,0,,,,,,98032,53,72,186,6,1,0,1,2,0,0,97,,,,,,3,10-15-2014,08-15-2015,99,0,0,0,8,9,8,,,0,0,0,8,0,0,0,0,0,0,0,0,0,0,996,,,,,,,,,,,,,,,,,,,,,,,,,,,,,,0,0,0,1,0,0,1,1,0,0,0,0,1,0,0,0,0,0,0,1,0,1,1,0,1,0,0,0,0,1,0,0,0,0,0,,0,0,0,0,0,0,0,0,0,1,0,0,0,0,0,0,,,,,,18-20,16-25,State route,U,Friday,Unknown,PV,Not Fatal,1,0,0,0,State Route,Municipal/City Police,Kent Police Department,0,1,0,0,0,,,,,,,,,,,,,,,,,,,,,,,,,,,,,,,,,,,,,,,,,,,