year,something,Cases,repjur,crash_dt,crash_tm,accday,Month,Month,holiday,county,co_char,city,weather,weather2,lightcond,surfcond,surftype,Number of Fatalities,nmforms,pforms,vforms,not_tm,arr_tm,hosp_tm,fhevent,hitrun,Manner of Collision,Manner of Collision,milepnt,reljunc,reljuncinter,intersectiontype,Intersection Type,funcsystem,landuse,ownership,route,schlbus,spejur,contdev,devfunc,trafid1,trafid2,x,y,zipcode,wk_zone,vnumber,crashtype,Crash Type,criticalevent,criticaleventcat,spdlim,body,trailer,emerg,hazcargo,leave,mhevent,roadalgn,roadprof,traflane,trafflow,Vehicle Manure,Vehicle Manure,numoccs,regowner,regstate,,spuse,make,model,modelyr,vrf1,vrf2,seqevent1,seqevent2,seqevent3,seqevent4,seqevent5,seqevent6,pnumber,ptype,age,sex,hispanic,race,injury,diedscene,restraint,restraintmisuse,seatpos,takehosp,death_dt,death_tm,cert,cernum_wa,commlic,licendor,licrestrict,liccomp,drivpres,drf1,drf2,drf3,drf4,distract1,distract2,distract3,distract4,distract5,distract6,dricond1,dricond2,dricond3,dricond4,dricond5,dricond6,dzip,licstate,drhgt_in,weight,noncdl,noncdltype,prevdwi,prevoth,prevacc,prevspd,prevsus,driviol1,driviol2,driviol3,driviol4,driviol5,driviol6,spdrel,first_dt,last_dt,airbag,ejection,ejectpath,extricat,injurwrk,methalc,methdrug,nmlocat,strikveh,prf1,prf2,prf3,druginv,alcinvol,drugsts,drugres1,drugres2,drugres3,drugtst1,drugtst2,drugtst3,alcsts,alctst,alcres,nmact1,nmact2,nmact3,nmact4,nmact5,nmact6,nmprior1,nmprior2,nmprior3,nmprior4,nmprior5,nmprior6,nmcond1,nmcond2,nmcond3,nmcond4,nmcond5,nmcond6,nmsafe_helmet,nmsafe_pads,nmsafe_oth,nmprev_ref,nmprev_lgt,nmprev_oth,crashlocation,nmcrashtype,crosswalk,schoolzone,sidewalk,train_inv,wildlife_inv,rotr_fars,intersect_fars,Drink and Drive,aid_inv,Drug Positive Drivers,Impaired Drivers,Marijuana Positive,impnm_inv,ainm_inv,dpnm_inv,speed_inv,unlic_inv,unendmc_inv,drowsy_inv,drdist_inv,nmdist_inv,fty_inv,unrestfat_inv,dr1617_inv,dr1820_inv,dr1620_inv,dr2125_inv,dr1625_inv,dr65_inv,dr70_inv,dr75_inv,mc_inv,pv_inv,ht_inv,ped_inv,bike_inv,unrest_fat,mc_fat,unhelmet_mc,pv_fat,ht_fat,ped_fat,bike_fat,dr_alc7,dr_alc8,dr_drug,dr_imp,dr_dist,dr_spd,dr_fty,dr_unlic,dr_alc7only,dr_alc8only,dr_drugonly,dr_drink,nm_imp,nm_alc7,nm_alc8,nm_drug,nm_dist,agegrp1,agegrp2,roadclass,urbrur,dayweek,restuse,vehtype,race_me,intersect,lanedep,oppdir,wrongway,rep_typ,investag,repag_long,rotr,st_rd,cty_rd,city_rd,oth_rd,drug_thc,thc_res,drug_cthc,cthc_res,drug_cann,prevpersemin,prevperse,prevsusoth,drugtst4,drugtst5,drugtst6,drugtst7,drugtst8,drugres4,drugres5,drugres6,drugres7,drugres8,adspresent,adsengaged,adslevel,race1,race2,race3,race4,race5,helmet,helmetmisuse,nmdistract1,nmdistract2,nmdistract3,nmdistract4,nmdistract5,nmdistract6,lab,isedtcase,crf1,crf2,crf3,CoRoadName,CoMP,IntCoRoadName,IntCoMP
2020,566,635274,248,12-09-2020,05:10,9,12,Dec,,33,King,1830,1,,3,2,2,1,0,3,2,05:33,05:40,06:11,12,0,2,Front-to-Front,0,1,0,1,No intersection,4,2,4,6,0,0,0,0,MONSTER RD SW,,-122.2463583,47.47468611,98057,0,2,51,Lateral Move(Going Straight),62,4,35,20,0,0,1,2,12,2,2,1,2,14,Making a U turn,1,3,53,,0,6,14,1990,0,0,8,,,,,,1,1,24,1,0,0,0,0,3,0,11,0,,,,,0,0,0,2,1,38,0,0,0,93,,,,,,0,,,,,,98311,53,68,207,1,1,0,2,0,1,0,0,,,,,,3,02-15-2016,05-15-2016,20,0,0,0,8,9,1,,,0,0,0,0,0,2,605,0,0,1,0,0,2,1,0,,,,,,,,,,,,,,,,,,,,,,,,,,,,,,0,0,0,1,0,0,1,1,1,0,0,0,1,1,0,0,1,0,1,0,0,0,0,1,1,0,0,0,0,1,0,1,0,0,0,,0,0,0,0,0,0,1,1,1,1,1,1,0,0,1,0,,,,,,21-25,16-25,County road,U,Friday,Belt Used,PV,Not Fatal,1,0,0,0,County Road,County Sheriff,Kitsap County Sheriff's Office,0,0,1,0,0,thc,10,carboxy-thc,130,,,,,,,,,,,,,,,,,,,,,,,,,,,,,,,,,,,,,,,
2020,566,635273,248,12-09-2020,05:10,9,12,Dec,,33,King,1830,1,,3,2,2,1,0,3,2,05:33,05:40,06:11,12,0,2,Front-to-Front,0,1,0,1,No intersection,4,2,4,6,0,0,0,0,MONSTER RD SW,,-122.2463583,47.47468611,98057,0,1,50,Lateral Move(Left/Right),9,1,35,20,0,0,1,2,12,3,2,1,2,14,Making a U turn,2,2,53,,0,53,704,2014,0,0,64,42,,,,,1,1,25,1,7,99,4,0,19,0,11,3,03/17/2017,22:05,1.59E+11,13757,0,0,0,3,1,0,0,0,0,96,,,,,,99,,,,,,98512,53,71,165,6,1,0,1,0,0,0,0,,,,,,3,03-15-2017,03-15-2017,20,8,0,0,0,9,8,,,0,0,0,8,9,2,1,0,0,1,0,0,2,1,0.16,,,,,,,,,,,,,,,,,,,,,,,,,,,,,,0,0,0,0,1,1,0,1,0,0,0,0,1,0,0,0,0,0,0,0,0,0,0,1,1,0,0,0,1,0,0,0,0,0,1,0,0,0,0,0,0,1,0,1,0,1,0,0,0,1,0,1,,,,,,21-25,16-25,City street,U,Friday,,MC,Oth/Unk,0,1,0,0,City Street,Municipal/City Police,Olympia Police Department,1,0,0,1,0,,,,,,,,,,,,,,,,,,,,,,,,,,,,,,,,,,,,,,,,,,,
2021,567,636139,6,11-07-2021,11:20,7,11,Nov,,25,Grant,680,1,,1,1,2,1,1,1,1,,,,8,0,0,No vehicle,0,1,0,1,No intersection,5,2,4,6,0,0,0,0,D ST NE,,-119.5442361,47.322975,98823,0,1,13,Pedestrian/Animal,11,2,25,14,0,0,1,5,8,1,1,2,2,1,Going Straight,1,1,53,,0,98,806,2016,0,0,12,,,,,,1,1,58,1,0,0,0,0,3,0,11,0,,,,,0,0,0,3,1,0,0,0,0,0,,,,,,0,,,,,,98014,53,69,160,6,1,0,0,0,0,0,0,,,,,,0,,,20,0,0,0,8,9,8,,,0,0,0,8,0,8,95,0,0,6,0,0,8,95,995,,,,,,,,,,,,,,,,,,,,,,,,,,,,,,0,0,0,0,0,0,0,0,0,0,0,0,0,0,0,0,0,0,0,0,0,0,0,0,0,0,0,0,0,1,1,0,0,0,0,,0,0,0,0,0,0,0,0,0,0,0,0,0,0,0,0,,,,,,56-60,56-65,City street,U,Monday,,MHTRUCK,Not Fatal,1,0,0,0,City Street,Municipal/City Police,Fife Police Department,0,0,0,1,0,,,,,,,,,,,,,,,,,,,,,,,,,,,,,,,,,,,,,,,,,,,
2020,567,635279,22,12-01-2020,15:29,1,12,Dec,,27,Grays Harbor,0,1,,5,1,2,1,0,2,2,15:29,15:33,16:17,12,0,6,Angle,9999.8,2,0,3,T Intersection,5,1,2,4,0,0,0,0,CR-MONTE ELMA RD,ROUP RD,-123.5646833,46.98420278,98541,0,2,69,Initial Opposite Direction(Going Straight),62,4,45,2,0,0,1,2,12,1,1,2,1,1,Going Straight,1,1,53,,0,20,421,2007,0,0,12,12,,,,,1,1,38,2,0,0,1,0,3,0,11,8,,,,,0,0,0,3,1,0,0,0,0,0,,,,,,0,,,,,,98424,53,67,135,6,1,0,0,1,0,0,0,,,,,,0,05-15-2016,05-15-2016,20,0,0,0,8,9,8,,,0,0,0,8,0,8,95,0,0,6,0,0,8,95,995,,,,,,,,,,,,,,,,,,,,,,,,,,,,,,0,0,0,0,0,0,0,0,0,0,0,0,0,0,0,0,0,0,0,0,0,0,0,0,0,0,0,0,0,1,1,0,0,0,0,,0,0,0,0,0,0,0,0,0,0,0,0,0,0,0,0,,,,,,36-40,36-45,City street,U,Monday,Belt Used,PV,Not Fatal,1,0,0,0,City Street,Municipal/City Police,Fife Police Department,0,0,0,1,0,,,,,,,,,,,,,,,,,,,,,,,,,,,,,,,,,,,,,,,,,,,
2020,567,635278,22,12-01-2020,15:29,1,12,Dec,,27,Grays Harbor,0,1,,5,1,2,1,0,2,2,15:29,15:33,16:17,12,0,6,Angle,9999.8,2,0,3,T Intersection,5,1,2,4,0,0,0,0,CR-MONTE ELMA RD,ROUP RD,-123.5646833,46.98420278,98541,0,1,68,Initial Opposite Direction(Left/Right),15,2,45,6,0,0,1,2,12,1,1,2,1,11,Turning Red: Permitted on red,1,1,53,,0,20,37,2005,0,0,12,12,,,,,1,1,38,1,7,1,4,7,3,0,11,0,03/13/2017,13:03,74753012461,12461,0,0,0,3,1,0,0,0,0,0,,,,,,0,,,,,,98375,53,75,250,6,1,0,0,0,1,0,0,,,,,,0,03-15-2017,03-15-2017,8,0,0,0,0,9,8,,,0,0,0,8,0,2,1,0,0,1,0,0,2,1,0,,,,,,,,,,,,,,,,,,,,,,,,,,,,,,0,0,0,0,0,0,0,0,0,0,0,0,0,0,0,0,0,0,0,0,0,0,0,0,0,0,0,0,0,1,1,0,0,0,0,,1,0,0,0,0,0,0,0,0,0,0,0,0,0,0,0,,,,,,36-40,36-45,City street,U,Monday,Belt Used,PV,White,1,0,0,0,City Street,Municipal/City Police,Fife Police Department,0,0,0,1,0,,,,,,,,,,,,,,,,,,,,,,,,,,,,,,,,,,,,,,,,,,,
2021,568,3835763,263,11-01-2021,15:36,1,11,Nov,,33,King,1960,2,,1,2,1,1,1,1,1,,,,8,0,0,No vehicle,,3,0,2,4 Way,3,2,4,6,0,0,3,3,MARTIN LUTHER KING JR WAY S,S Thistle St,-122.2802056,47.527875,98118,0,1,13,Pedestrian/Animal,80,5,35,20,0,0,1,5,8,1,1,2,3,1,Going Straight,1,2,53,,0,37,37,2010,0,0,68,12,,,,,1,1,26,1,0,0,1,0,3,0,11,5,,,,,0,0,3,3,1,0,0,0,0,96,,,,,,99,,,,,,98404,53,72,200,6,1,0,0,0,0,0,0,,,,,,9,,,8,0,0,0,8,9,8,,,0,0,0,8,9,2,1,0,0,1,0,0,2,1,0,,,,,,,,,,,,,,,,,,,,,,,,,,,,,,0,0,0,0,0,0,0,0,0,0,0,0,0,0,0,0,0,0,0,0,0,0,0,0,0,0,0,0,0,1,1,0,0,0,0,,0,0,0,0,0,0,0,0,0,0,0,0,0,0,0,0,,,,,,26-30,26-35,City street,U,Monday,Belt Used,PV,Not Fatal,1,0,0,0,City Street,Municipal/City Police,Fife Police Department,0,0,0,1,0,,,,,,,,,,,,,,,,,,,,,,,,,,,,,,,,,,,,,,,,,,,
2020,568,635284,330,12-04-2020,11:29,4,12,Dec,,77,Yakima,2590,1,,1,1,2,1,0,3,2,11:37,11:38,12:02,12,0,6,Angle,0,2,0,2,4 Way,4,2,4,6,0,0,0,0,W YAKIMA AVE,N 11th Ave,-120.5243,46.59802222,98902,0,2,86,Others,66,4,30,15,0,0,1,2,12,1,1,4,1,1,Going Straight,1,1,53,,0,7,482,1999,0,0,63,24,1,,,,1,1,63,2,7,1,4,7,3,0,11,0,03-07-2017,06:07,53011665,11665,0,0,3,3,1,87,0,0,0,96,,,,,,0,,,,,,98926,53,62,85,6,1,0,0,0,0,0,0,,,,,,4,,,20,0,0,0,0,9,8,,,0,0,0,8,0,2,996,996,996,1,1,1,2,1,0,,,,,,,,,,,,,,,,,,,,,,,,,,,,,,0,0,0,0,0,0,1,1,0,0,0,0,1,0,0,0,0,0,0,0,0,0,0,0,0,0,0,0,0,0,0,0,0,0,0,,0,0,0,0,0,0,1,1,0,1,0,0,0,0,1,0,,,,,,61-65,56-65,Interstate,R,Tuesday,Belt Used,PV,White,0,1,0,0,State Route,State Patrol,Washington State Patrol Headquarter,1,1,0,0,0,,,,,,,,,,,,,,,,,,,,,,,,,,,,,,,,,,,,,,,,,,,
2020,568,635283,330,12-04-2020,11:29,4,12,Dec,,77,Yakima,2590,1,,1,1,2,1,0,3,2,11:37,11:38,12:02,12,0,6,Angle,0,2,0,2,4 Way,4,2,4,6,0,0,20,3,W YAKIMA AVE,N 11th Ave,-120.5243,46.59802222,98902,0,1,87,Others,17,2,25,4,0,0,1,2,12,1,1,2,1,1,Going Straight,2,1,53,,0,37,734,2004,0,0,71,1,14,,,,1,1,38,2,7,1,4,0,16,0,11,4,03/29/2017,06:30,2.23E+11,15181,0,0,0,3,1,0,0,0,0,96,,,,,,9,,,,,,98003,53,68,145,6,1,0,0,0,0,1,0,,,,,,4,11-15-2012,11-15-2012,20,1,9,0,0,9,8,,,0,0,0,8,1,2,1,0,0,1,0,0,2,1,0.078,,,,,,,,,,,,,,,,,,,,,,,,,,,,,,0,0,0,1,1,0,0,0,0,0,0,0,1,0,0,0,0,0,0,0,0,0,0,0,0,0,0,0,0,1,0,0,0,0,0,,0,0,0,0,1,0,0,0,0,1,0,0,1,0,0,1,,,,,,36-40,36-45,County road,R,Saturday,,OTHVT,White,1,0,0,0,Other,County Sheriff,Law Enforcement Support Agency,0,0,0,0,1,,,,,,,,,,,,,,,,,,,,,,,,,,,,,,,,,,,,,,,,,,,
2021,569,3876758,263,11-03-2021,22:52,3,11,Nov,,33,King,1960,2,,3,2,2,1,0,1,1,,,,30,0,0,No vehicle,0,1,0,1,No intersection,4,2,4,6,0,0,0,0,15TH AVE S,,-122.3134222,47.58666111,98144,0,1,1,Driver Off Road,11,2,25,14,0,0,1,2,30,3,1,2,1,14,Making a U turn,1,1,53,,0,23,461,1989,0,0,12,,,,,,1,1,42,1,7,1,4,7,3,0,11,0,02-09-2017,00:52,62053007298,7298,8,0,0,3,1,87,0,0,0,92,,,,,,99,,,,,,98926,53,73,200,6,1,0,0,0,0,0,0,,,,,,4,,,20,2,9,0,0,9,8,,,0,0,0,8,9,2,1,0,0,1,0,0,2,1,0,,,,,,,,,,,,,,,,,,,,,,,,,,,,,,0,0,0,0,0,0,0,0,0,0,0,0,1,0,0,0,1,0,0,0,0,0,0,0,0,0,0,0,0,1,1,0,0,0,0,,1,0,0,0,0,0,0,0,1,1,0,0,0,0,0,0,,,,,,41-45,36-45,State route,R,Thursday,Belt Used,PV,White,0,0,0,0,State Route,State Patrol,Washington State Patrol Headquarter,0,1,0,0,0,,,,,,,,,,,,,,,,,,,,,,,,,,,,,,,,,,,,,,,,,,,
2020,569,635147,6,10-02-2020,16:03,2,10,Oct,,17,Douglas,0,1,,1,1,2,1,0,6,2,,,,12,0,1,Front-to-Rear,198.3,8,0,1,No intersection,3,1,1,2,0,0,0,0,US-97,,-120.2281083,47.62576111,,0,2,21,Others,53,3,45,4,0,0,1,5,12,1,1,2,1,5,Others,4,1,53,,0,34,34,2003,0,0,68,64,38,30,42,,1,1,21,1,7,1,4,7,3,0,11,0,03-04-2017,02:38,1.02E+11,11300,0,0,0,3,1,0,0,0,0,96,,,,,,99,,,,,,98011,53,68,160,6,1,1,0,0,0,1,0,,,,,,3,07-15-2015,09-15-2015,8,0,0,0,0,9,8,,,0,0,0,8,1,2,605,0,0,1,0,0,2,1,0.16,,,,,,,,,,,,,,,,,,,,,,,,,,,,,,0,0,1,0,1,1,1,1,1,0,0,0,1,0,0,0,0,0,0,0,0,0,0,1,1,0,0,0,0,1,0,0,0,0,0,,1,0,0,0,0,1,1,1,0,1,0,0,0,0,0,1,,,,,,21-25,16-25,City street,U,Saturday,Belt Used,PV,White,0,1,0,0,City Street,County Sheriff,King County Police,1,0,0,1,0,thc,2,carboxy-thc,23,,,,,,,,,,,,,,,,,,,,,,,,,,,,,,,,,,,,,,,
2020,569,635146,6,10-02-2020,16:03,2,10,Oct,,17,Douglas,0,1,,1,1,2,1,0,6,2,,,,12,0,1,Front-to-Rear,198.3,8,0,1,No intersection,3,1,1,2,0,0,0,0,US-97,,-120.2281083,47.62576111,,0,1,20,Others,50,3,45,80,0,0,1,5,12,1,1,2,1,1,Going Straight,2,1,53,,0,13,12,2001,0,0,63,30,35,,,,1,1,32,1,7,2,4,7,20,0,11,0,02/27/2017,11:23,10053011321,11321,0,0,0,2,1,0,0,0,0,96,,,,,,99,,,,,,98122,53,74,230,1,1,1,0,0,0,0,0,,,,,,3,03-15-2012,03-15-2012,8,0,0,0,0,9,8,,,0,0,0,8,9,2,605,0,0,1,0,0,2,1,0.23,,,,,,,,,,,,,,,,,,,,,,,,,,,,,,0,0,0,0,1,1,1,1,1,0,0,0,1,1,0,0,0,0,0,1,0,0,0,0,0,0,0,0,0,1,0,0,0,1,0,,1,0,0,0,0,1,1,1,0,1,0,1,0,0,0,1,,,,,,31-35,26-35,County road,U,Monday,Not Used,PV,Black,0,1,0,0,County Road,County Sheriff,King County Police,1,0,1,0,0,thc,9.6,carboxy-thc,57,,,,,,,,,,,,,,,,,,,,,,,,,,,,,,,,,,,,,,,
2020,570,3874481,67,08-24-2020,00:38,24,8,Aug,,35,Kitsap,180,1,,2,1,2,1,0,1,1,00:42,00:50,,21,0,0,No vehicle,0,1,0,1,No intersection,5,2,4,6,0,0,0,0,W BELFAIR VALLEY RD,,-122.7560083,47.52465556,98312,0,1,6,Drive off road,12,2,98,80,0,0,1,2,21,2,1,2,1,14,Making a U turn,1,1,53,,0,72,706,2014,0,0,64,1,,,,,1,1,40,1,7,1,4,7,16,0,11,0,03-05-2017,17:50,1.66E+11,11210,6,0,3,3,1,0,0,0,0,99,,,,,,9,,,,,,99352,53,67,200,6,1,0,0,0,4,0,0,,,,,,9,07-15-2013,09-15-2016,20,8,0,0,0,1,8,,,0,0,0,8,1,0,0,0,0,0,0,0,2,1,0.22,,,,,,,,,,,,,,,,,,,,,,,,,,,,,,0,0,0,0,1,1,0,1,0,0,0,0,0,0,0,0,0,0,0,0,0,0,0,0,0,0,0,0,1,0,0,0,0,0,1,1,0,0,0,0,0,1,0,1,0,0,0,0,0,1,0,1,,,,,,36-40,36-45,Interstate,U,Sunday,,MC,White,1,0,0,0,State Route,State Patrol,Washington State Patrol Headquarter,0,1,0,0,0,,,,,,,,,,,,,,,,,,,,,,,,,,,,,,,,,,,,,,,,,,,
2021,570,636204,278,12-23-2021,07:05,23,12,Dec,,63,Spokane,2110,10,,4,2,2,1,1,1,1,,,,8,0,0,No vehicle,,1,0,1,No intersection,3,2,4,6,0,0,0,0,N MARKET ST,,-117.3648306,47.71088056,99021,0,1,13,Pedestrian/Animal,80,5,30,14,0,0,1,5,8,1,1,4,1,1,Going Straight,1,1,53,,0,51,47,2002,0,0,63,42,30,40,,,1,1,20,1,7,1,4,7,3,0,11,0,02/27/2017,01:19,1.05E+11,12010,0,0,0,3,1,0,0,0,0,96,,,,,,99,,,,,,98034,53,71,145,6,1,0,0,0,0,0,0,,,,,,4,,,8,0,0,0,0,9,8,,,0,0,0,8,9,2,605,0,0,1,0,0,2,1,0,,,,,,,,,,,,,,,,,,,,,,,,,,,,,,0,0,0,0,0,0,1,1,1,0,0,0,1,0,0,0,0,0,0,0,0,1,1,0,1,0,0,0,0,1,0,0,0,0,0,,1,0,0,0,0,0,1,1,0,1,0,0,0,0,1,0,,,,,,18-20,16-25,City street,U,Monday,Belt Used,PV,White,0,1,0,0,City Street,Municipal/City Police,Kirkland Police Department,1,0,0,1,0,thc,1.3,,,,,,,,,,,,,,,,,,,,,,,,,,,,,,,,,,,,,,,,,
2021,571,635666,290,06-28-2021,16:28,28,6,June,,53,Pierce,2230,1,,1,1,2,1,0,2,2,,,,12,0,1,Front-to-Rear,0,3,0,2,4 Way,7,2,4,6,0,0,97,8,S WASHINGTON ST,6th Ave,-122.4851083,47.25526389,98405,0,2,21,Others,53,3,35,52,0,0,1,5,12,1,1,3,5,5,Others,1,3,53,,0,37,402,1998,0,0,64,35,,,,,1,1,27,1,7,1,4,7,3,0,11,0,03-02-2017,03:40,53010669,10669,0,0,0,3,1,0,0,0,0,99,,,,,,9,,,,,,98223,53,69,170,6,1,0,4,1,0,1,0,,,,,,9,06-15-2014,10-15-2016,1,0,0,0,0,1,1,,,0,0,0,1,1,2,515,513,0,1,1,0,2,1,0.18,,,,,,,,,,,,,,,,,,,,,,,,,,,,,,0,0,1,0,1,1,1,1,0,0,0,0,0,0,0,0,0,0,0,0,0,0,0,0,0,0,0,0,0,1,0,0,0,0,0,,1,0,0,0,0,1,1,1,0,0,0,0,0,0,0,1,,,,,,26-30,26-35,Interstate,R,Thursday,Belt Used,PV,White,0,1,0,0,State Route,State Patrol,Washington State Patrol Headquarter,1,1,0,0,0,,,,,,,,,,,,,,,,,,,,,,,,,,,,,,,,,,,,,,,,,,,
2021,571,635665,290,06-28-2021,16:28,28,6,June,,53,Pierce,2230,1,,1,1,2,1,0,2,2,,,,12,0,1,Front-to-Rear,0,3,0,2,4 Way,7,2,4,6,0,0,20,3,S WASHINGTON ST,6th Ave,-122.4851083,47.25526389,98405,0,1,20,Others,50,3,35,14,0,0,1,2,12,1,1,2,1,10,Others,1,1,53,,0,53,705,2001,0,0,12,,,,,,1,1,38,1,1,1,4,0,19,0,11,4,03-05-2017,01:50,2.23E+11,11302,0,0,3,3,1,0,0,0,0,0,,,,,,0,,,,,,98445,53,66,186,6,1,0,0,0,1,0,0,,,,,,0,06-15-2016,06-15-2016,20,8,0,0,0,9,8,,,0,0,0,8,0,2,605,0,0,1,0,0,2,1,0.091,,,,,,,,,,,,,,,,,,,,,,,,,,,,,,0,0,0,0,1,1,1,1,1,0,0,0,0,0,0,0,0,0,1,0,0,0,0,0,0,0,0,0,1,1,0,0,0,0,1,0,0,0,0,0,0,1,1,1,0,0,0,0,0,0,0,1,,,,,,36-40,36-45,County road,U,Saturday,,MC,Hispanic,1,0,0,0,County Road,County Sheriff,Law Enforcement Support Agency,0,0,1,0,0,thc,12,carboxy-thc,110,,,,,,,,,,,,,,,,,,,,,,,,,,,,,,,,,,,,,,,
2020,571,3847936,,10-02-2020,22:33,2,10,Oct,,33,King,1960,1,,6,1,2,1,1,1,1,,,,8,1,0,No vehicle,0,3,0,2,4 Way,3,2,4,6,0,0,3,3,1ST AVE,HOLGATE ST,-122.334025,47.58606667,98134,0,1,13,Pedestrian/Animal,80,5,25,15,0,0,1,5,8,1,1,5,1,11,Turning Red: Permitted on red,99,9,99,,0,20,421,2005,0,0,12,,,,,,1,1,53,2,0,0,0,0,20,0,11,0,,,,,0,0,0,3,1,38,0,0,0,96,,,,,,0,,,,,,98444,53,63,155,6,1,0,0,0,0,0,2,,,,,,0,,,20,0,0,0,8,9,8,,,0,0,0,8,0,0,0,0,0,0,0,0,0,0,996,,,,,,,,,,,,,,,,,,,,,,,,,,,,,,0,0,0,0,1,1,1,1,1,0,0,0,0,0,0,0,0,0,1,0,0,0,0,0,0,0,0,0,1,1,0,0,0,0,0,,0,0,0,0,0,0,0,0,0,0,1,0,0,0,0,0,,,,,,51-55,46-55,County road,U,Saturday,Not Used,PV,Not Fatal,1,0,0,0,County Road,County Sheriff,Law Enforcement Support Agency,0,0,1,0,0,,,,,,,,,,,,,,,,,,,,,,,,,,,,,,,,,,,,,,,,,,,
2021,572,635898,55,09-11-2021,00:21,11,9,Sep,,33,King,100,1,,2,1,2,2,0,4,2,,,,12,0,6,Angle,0,1,0,1,No intersection,3,2,4,6,0,0,0,0,15TH ST NW,,-122.2418861,47.32225278,98071,0,2,65,Others,62,4,35,4,0,0,1,2,12,1,1,5,1,1,Going Straight,2,1,53,,0,63,38,2015,0,0,12,,,,,,1,1,41,2,0,0,0,0,3,0,11,0,,,,,0,0,0,3,1,0,0,0,0,0,,,,,,0,,,,,,98444,53,65,210,6,1,0,0,2,0,0,0,,,,,,0,12-15-2012,08-15-2016,20,0,0,0,8,9,8,,,0,0,0,8,0,0,0,0,0,0,0,0,0,0,996,,,,,,,,,,,,,,,,,,,,,,,,,,,,,,0,0,0,0,0,0,0,0,0,0,0,0,0,0,0,0,1,0,0,0,0,0,0,0,0,0,0,0,0,1,0,0,0,0,0,,0,0,0,0,0,0,0,0,0,0,0,0,0,0,0,0,,,,,,41-45,36-45,County road,U,Monday,Belt Used,PV,Not Fatal,0,0,0,0,County Road,County Sheriff,Law Enforcement Support Agency,0,0,1,0,0,,,,,,,,,,,,,,,,,,,,,,,,,,,,,,,,,,,,,,,,,,,
2021,572,635897,55,09-11-2021,00:21,11,9,Sep,,33,King,100,1,,2,1,2,2,0,4,2,,,,12,0,6,Angle,0,1,0,1,No intersection,3,2,4,6,0,0,0,0,15TH ST NW,,-122.2418861,47.32225278,98071,0,1,64,Others,9,1,35,15,0,0,1,2,12,1,1,5,1,1,Going Straight,2,2,53,,0,49,401,1995,0,0,12,,,,,,1,1,30,2,0,0,0,0,3,0,11,0,,,,,0,0,0,3,1,0,0,0,0,93,,,,,,0,,,,,,98424,53,66,125,6,1,0,1,0,0,1,97,,,,,,0,02-15-2015,07-15-2016,20,0,0,0,8,9,8,,,0,0,0,8,0,0,0,0,0,0,0,0,0,0,996,,,,,,,,,,,,,,,,,,,,,,,,,,,,,,0,0,0,0,0,0,0,0,0,0,0,0,0,0,0,0,1,0,0,0,0,0,0,0,0,0,0,0,0,1,0,0,0,0,0,,0,0,0,0,0,0,0,0,1,0,0,0,0,0,0,0,,,,,,26-30,26-35,County road,U,Monday,Belt Used,PV,Not Fatal,0,0,0,0,County Road,County Sheriff,Law Enforcement Support Agency,0,0,1,0,0,,,,,,,,,,,,,,,,,,,,,,,,,,,,,,,,,,,,,,,,,,,
2020,572,635211,278,11-14-2020,19:30,14,11,Nov,,63,Spokane,2113,2,,3,2,2,1,1,1,1,,,,8,0,0,No vehicle,0,3,0,2,4 Way,3,2,4,6,0,0,0,0,W SUNSET BLVD,S CANNON ST,-117.4422056,47.65183611,99201,0,1,13,Pedestrian/Animal,80,5,30,34,0,0,1,5,8,1,1,5,5,1,Going Straight,1,1,53,,0,30,40,2012,0,0,12,,,,,,1,1,38,2,0,0,0,0,3,0,11,0,,,,,0,0,0,3,1,0,0,0,0,0,,,,,,0,,,,,,98371,53,64,180,6,1,0,1,0,0,0,0,,,,,,0,12-15-2013,12-15-2013,20,0,0,0,8,9,8,,,0,0,0,8,0,0,0,0,0,0,0,0,0,0,996,,,,,,,,,,,,,,,,,,,,,,,,,,,,,,0,0,0,1,0,0,0,0,0,0,0,0,0,0,0,0,1,0,1,0,0,0,0,1,1,1,1,0,0,1,0,0,0,0,0,,0,0,0,0,0,0,0,0,0,0,0,0,0,0,0,0,,,,,,36-40,36-45,City street,U,Wednesday,Belt Used,PV,Not Fatal,1,0,0,0,City Street,Municipal/City Police,Puyallup Police Department,0,0,0,1,0,,,,,,,,,,,,,,,,,,,,,,,,,,,,,,,,,,,,,,,,,,,
2021,573,635896,2,09-13-2021,17:15,13,9,Sep,,57,Skagit,0,1,,1,1,2,1,0,1,1,,,,24,0,0,No vehicle,,1,0,1,No intersection,5,1,2,4,0,0,0,0,CR-S SKAGIT HWY,,-121.8935278,48.50880556,98284,0,1,1,Driver Off Road,13,2,50,80,0,0,1,2,24,1,1,2,1,1,Going Straight,1,1,53,,0,6,51,2008,0,0,12,12,,,,,1,1,71,2,0,0,3,0,3,0,11,5,,,,,0,0,0,3,1,0,0,0,0,0,,,,,,0,,,,,,98371,53,63,260,6,1,0,0,0,0,0,0,,,,,,0,,,8,0,0,0,8,9,8,,,0,0,0,8,0,0,0,0,0,0,0,0,0,0,996,,,,,,,,,,,,,,,,,,,,,,,,,,,,,,0,0,0,1,0,0,0,0,0,0,0,0,0,0,0,0,1,0,1,0,0,0,0,1,1,1,1,0,0,1,0,0,0,0,0,,0,0,0,0,0,0,0,0,0,0,0,0,0,0,0,0,,,,,,71-75,66-75,City street,U,Wednesday,Belt Used,PV,Not Fatal,1,0,0,0,City Street,Municipal/City Police,Puyallup Police Department,0,0,0,1,0,,,,,,,,,,,,,,,,,,,,,,,,,,,,,,,,,,,,,,,,,,,