year,something,Cases,repjur,crash_dt,crash_tm,accday,Month,Month,holiday,county,co_char,city,weather,weather2,lightcond,surfcond,surftype,Number of Fatalities,nmforms,pforms,vforms,not_tm,arr_tm,hosp_tm,fhevent,hitrun,Manner of Collision,Manner of Collision,milepnt,reljunc,reljuncinter,intersectiontype,Intersection Type,funcsystem,landuse,ownership,route,schlbus,spejur,contdev,devfunc,trafid1,trafid2,x,y,zipcode,wk_zone,vnumber,crashtype,Crash Type,criticalevent,criticaleventcat,spdlim,body,trailer,emerg,hazcargo,leave,mhevent,roadalgn,roadprof,traflane,trafflow,Vehicle Manure,Vehicle Manure,numoccs,regowner,regstate,,spuse,make,model,modelyr,vrf1,vrf2,seqevent1,seqevent2,seqevent3,seqevent4,seqevent5,seqevent6,pnumber,ptype,age,sex,hispanic,race,injury,diedscene,restraint,restraintmisuse,seatpos,takehosp,death_dt,death_tm,cert,cernum_wa,commlic,licendor,licrestrict,liccomp,drivpres,drf1,drf2,drf3,drf4,distract1,distract2,distract3,distract4,distract5,distract6,dricond1,dricond2,dricond3,dricond4,dricond5,dricond6,dzip,licstate,drhgt_in,weight,noncdl,noncdltype,prevdwi,prevoth,prevacc,prevspd,prevsus,driviol1,driviol2,driviol3,driviol4,driviol5,driviol6,spdrel,first_dt,last_dt,airbag,ejection,ejectpath,extricat,injurwrk,methalc,methdrug,nmlocat,strikveh,prf1,prf2,prf3,druginv,alcinvol,drugsts,drugres1,drugres2,drugres3,drugtst1,drugtst2,drugtst3,alcsts,alctst,alcres,nmact1,nmact2,nmact3,nmact4,nmact5,nmact6,nmprior1,nmprior2,nmprior3,nmprior4,nmprior5,nmprior6,nmcond1,nmcond2,nmcond3,nmcond4,nmcond5,nmcond6,nmsafe_helmet,nmsafe_pads,nmsafe_oth,nmprev_ref,nmprev_lgt,nmprev_oth,crashlocation,nmcrashtype,crosswalk,schoolzone,sidewalk,train_inv,wildlife_inv,rotr_fars,intersect_fars,Drink and Drive,aid_inv,Drug Positive Drivers,Impaired Drivers,Marijuana Positive,impnm_inv,ainm_inv,dpnm_inv,speed_inv,unlic_inv,unendmc_inv,drowsy_inv,drdist_inv,nmdist_inv,fty_inv,unrestfat_inv,dr1617_inv,dr1820_inv,dr1620_inv,dr2125_inv,dr1625_inv,dr65_inv,dr70_inv,dr75_inv,mc_inv,pv_inv,ht_inv,ped_inv,bike_inv,unrest_fat,mc_fat,unhelmet_mc,pv_fat,ht_fat,ped_fat,bike_fat,dr_alc7,dr_alc8,dr_drug,dr_imp,dr_dist,dr_spd,dr_fty,dr_unlic,dr_alc7only,dr_alc8only,dr_drugonly,dr_drink,nm_imp,nm_alc7,nm_alc8,nm_drug,nm_dist,agegrp1,agegrp2,roadclass,urbrur,dayweek,restuse,vehtype,race_me,intersect,lanedep,oppdir,wrongway,rep_typ,investag,repag_long,rotr,st_rd,cty_rd,city_rd,oth_rd,drug_thc,thc_res,drug_cthc,cthc_res,drug_cann,prevpersemin,prevperse,prevsusoth,drugtst4,drugtst5,drugtst6,drugtst7,drugtst8,drugres4,drugres5,drugres6,drugres7,drugres8,adspresent,adsengaged,adslevel,race1,race2,race3,race4,race5,helmet,helmetmisuse,nmdistract1,nmdistract2,nmdistract3,nmdistract4,nmdistract5,nmdistract6,lab,isedtcase,crf1,crf2,crf3,CoRoadName,CoMP,IntCoRoadName,IntCoMP
2020,573,TECH L4,,12-05-2020,17:47,5,12,Dec,,77,Yakima,0,98,,8,98,2,1,1,1,1,17:50,18:03,,8,1,0,No vehicle,9999.9,1,0,1,No intersection,6,1,99,9,0,3,0,0,N TRACK RD,,-120.3640861,46.41338889,98948,0,1,13,Pedestrian/Animal,80,5,98,98,0,0,1,5,8,1,8,2,1,1,Going Straight,99,9,99,,0,12,481,1999,0,0,68,12,,,,,1,1,25,1,0,0,0,0,3,0,11,0,,,,,0,0,0,3,1,38,0,0,0,1,,,,,,0,,,,,,98390,53,74,280,6,1,0,0,0,0,0,97,,,,,,0,,,1,0,0,0,8,9,8,,,0,0,0,8,0,0,0,0,0,0,0,0,0,0,996,,,,,,,,,,,,,,,,,,,,,,,,,,,,,,0,0,0,1,0,0,0,0,0,0,0,0,0,0,0,0,1,0,1,0,0,0,0,1,1,1,1,0,0,1,0,0,0,0,0,,0,0,0,0,0,0,0,0,1,0,1,0,0,0,0,0,,,,,,21-25,16-25,City street,U,Wednesday,Belt Used,PV,Not Fatal,1,0,0,0,City Street,Municipal/City Police,Puyallup Police Department,0,0,0,1,0,,,,,,,,,,,,,,,,,,,,,,,,,,,,,,,,,,,,,,,,,,,
2021,574,635899,337,09-09-2021,00:11,9,9,Sep,,73,Whatcom,110,1,,2,1,2,1,0,2,1,,,,5,0,0,No vehicle,0,1,0,1,No intersection,3,2,4,6,0,0,0,0,MERIDIAN ST,,-122.4860611,48.76553611,98225,0,1,0,Others,98,7,25,80,0,0,1,2,1,1,1,2,1,1,Going Straight,2,1,53,,0,99,399,9999,0,0,8,,,,,,1,1,999,9,0,0,9,0,99,0,11,0,,,,,99,9,9,9,1,0,0,0,0,96,,,,,,99,,,,,,99999,99,,999,9,9,99,99,99,99,99,97,,,,,,9,,,99,0,0,0,8,9,8,,,0,0,0,8,9,0,0,0,0,0,0,0,0,0,996,,,,,,,,,,,,,,,,,,,,,,,,,,,,,,0,0,0,0,0,0,0,0,0,0,0,0,0,0,0,0,0,0,0,0,0,0,0,0,0,0,0,0,0,1,0,1,0,0,0,,0,0,0,0,0,0,0,0,0,0,0,0,0,0,0,0,,,,,,,,City street,U,Friday,Unknown,PV,Not Fatal,0,0,0,0,City Street,County Sheriff,King County Police,0,0,0,1,0,,,,,,,,,,,,,,,,,,,,,,,,,,,,,,,,,,,,,,,,,,,
2020,574,3856869,263,11-28-2020,17:49,28,11,Nov,,33,King,1960,10,,3,1,1,1,1,1,1,,,,8,1,0,No vehicle,0,3,0,2,4 Way,4,2,4,6,0,0,3,3,MARTIN LUTHER KING JR WAY S,S Massachusetts St,-122.2980806,47.58831667,98144,0,1,13,Pedestrian/Animal,80,5,25,14,0,0,1,5,8,1,2,3,1,1,Going Straight,99,9,99,,0,7,482,2016,0,0,63,43,67,21,,,1,1,64,1,7,1,4,7,3,0,11,0,02/24/2017,17:33,2.11E+11,9651,0,0,0,2,1,0,0,0,0,96,,,,,,9,,,,,,84092,49,73,231,1,1,1,1,98,1,0,0,,,,,,0,01-15-2013,02-15-2017,8,0,0,0,0,1,8,,,0,0,0,8,1,2,996,0,0,1,0,0,2,1,0.15,,,,,,,,,,,,,,,,,,,,,,,,,,,,,,0,0,1,0,1,1,1,1,0,0,0,0,0,1,0,0,0,0,0,0,0,0,0,0,0,0,0,0,0,0,0,0,0,0,0,,0,0,0,0,0,1,1,1,0,0,0,1,0,0,0,1,,,,,,61-65,56-65,Interstate,U,Friday,Belt Used,PV,White,0,1,0,0,State Route,State Patrol,Washington State Patrol Headquarter,1,1,0,0,0,,,,,,,,,,,,,,,,,,,,,,,,,,,,,,,,,,,,,,,,,,,
2020,575,TECH J5,8,10-09-2020,12:03,9,10,Oct,,9,Clallam,760,98,,1,98,2,1,0,2,2,,,,12,0,6,Angle,191.5,2,0,3,T Intersection,3,1,1,2,0,0,0,0,US-101,JOHNSON RD,-124.3876361,47.95698056,98331,0,2,83,Others,67,4,98,66,0,0,1,5,12,3,8,2,1,14,Making a U turn,1,3,53,,0,35,401,1998,0,0,8,,,,,,1,1,35,2,0,0,0,0,99,0,11,0,,,,,0,0,3,2,1,0,0,0,0,96,,,,,,1,,,,,,98661,53,64,110,1,1,0,3,1,0,2,0,,,,,,9,02-15-2014,09-15-2016,99,0,0,0,8,9,8,,,0,0,0,8,1,0,0,0,0,0,0,0,0,0,996,,,,,,,,,,,,,,,,,,,,,,,,,,,,,,0,0,0,0,1,0,0,0,0,1,1,1,0,1,0,0,0,1,0,0,0,0,0,0,0,0,0,0,0,1,0,1,0,0,0,,0,0,0,0,0,0,0,0,0,0,0,1,0,0,0,1,,,,,,31-35,26-35,County road,U,Saturday,Unknown,PV,Not Fatal,0,0,0,0,County Road,County Sheriff,Clark County Sheriff's Office,0,0,1,0,0,,,,,,,,,,,,,,,,,,,,,,,,,,,,,,,,,,,,,,,,,,,
2021,575,0PM0709,199,07-09-2021,12:40,9,7,July,,53,Pierce,1350,98,,8,98,2,1,0,2,2,,,,12,0,6,Angle,2.1,8,0,1,No intersection,3,1,32,3,0,0,0,0,SR-99,,-122.3362833,47.25754722,98422,0,1,83,Others,72,4,45,4,0,0,1,2,12,1,1,5,5,6,Others,1,2,53,,0,37,31,2003,0,0,12,,,,,,1,1,35,1,0,0,0,0,3,0,11,0,,,,,0,0,0,3,1,0,0,0,0,0,,,,,,0,,,,,,98584,53,68,185,6,1,0,0,0,1,0,0,,,,,,0,04-15-2013,04-15-2013,20,0,0,0,8,9,8,,,0,0,0,8,0,0,0,0,0,0,0,0,0,0,996,,,,,,,,,,,,,,,,,,,,,,,,,,,,,,0,0,0,1,0,0,0,0,0,0,0,0,0,0,0,0,1,0,0,0,0,0,0,0,0,0,0,0,1,1,0,0,0,0,0,,0,0,0,0,0,0,0,0,0,0,0,0,0,0,0,0,,,,,,31-35,26-35,City street,U,Friday,Belt Used,PV,Not Fatal,1,0,0,0,City Street,Municipal/City Police,Fife Police Department,0,0,0,1,0,,,,,,,,,,,,,,,,,,,,,,,,,,,,,,,,,,,,,,,,,,,
2021,575,0PM0709,199,07-09-2021,12:40,9,7,July,,53,Pierce,1350,98,,8,0,0,1,0,2,2,,,,12,0,6,Angle,2.1,8,0,1,No intersection,3,1,32,3,0,0,0,0,SR-99,,-122.3362833,47.25754722,98422,0,2,82,Turn Into Opp Direction(Turning Left),66,4,0,4,0,0,1,2,12,0,0,0,0,11,Turning Red: Permitted on red,1,1,53,,0,37,705,1998,0,0,12,,,,,,1,1,55,1,7,1,4,0,19,0,11,4,03-04-2017,09:04,2.23E+11,12145,0,0,0,3,1,0,0,0,0,93,,,,,,0,,,,,,98372,53,73,225,6,1,0,0,0,0,0,0,,,,,,0,,,20,8,0,0,0,9,8,,,0,0,0,8,0,0,0,0,0,0,0,0,0,0,996,,,,,,,,,,,,,,,,,,,,,,,,,,,,,,0,0,0,1,0,0,0,0,0,0,0,0,0,0,0,0,1,0,0,0,0,0,0,0,0,0,0,0,1,1,0,0,0,0,1,0,0,0,0,0,0,0,0,0,1,0,0,0,0,0,0,0,,,,,,51-55,46-55,City street,U,Friday,,MC,White,1,0,0,0,City Street,Municipal/City Police,Fife Police Department,0,0,0,1,0,,,,,,,,,,,,,,,,,,,,,,,,,,,,,,,,,,,,,,,,,,,
2020,575,TECH J5,8,10-09-2020,12:03,9,10,Oct,,9,Clallam,760,98,,1,0,0,1,0,2,2,,,,12,0,6,Angle,191.5,2,0,3,T Intersection,3,1,1,2,0,0,0,0,US-101,JOHNSON RD,-124.3876361,47.95698056,98331,0,1,82,Turn Into Opp Direction(Turning Left),15,2,0,98,0,0,1,8,12,0,0,0,0,11,Turning Red: Permitted on red,1,9,99,,0,35,47,2014,0,0,68,64,39,,,,1,1,30,1,0,0,1,0,3,0,11,4,,,,,0,0,0,2,1,0,0,0,0,96,,,,,,99,,,,,,98036,53,68,185,1,1,0,1,0,1,3,97,,,,,,3,03-15-2015,01-15-2017,1,0,0,0,8,9,8,,,0,0,0,8,9,0,0,0,0,0,0,0,0,0,996,,,,,,,,,,,,,,,,,,,,,,,,,,,,,,0,0,0,0,0,0,0,0,0,0,0,0,1,1,0,0,0,0,0,1,0,0,0,0,0,0,0,0,0,1,0,0,0,0,0,,0,0,0,0,0,0,0,0,0,1,0,1,0,0,0,0,,,,,,26-30,26-35,City street,U,Friday,Belt Used,PV,Not Fatal,0,1,0,0,City Street,Municipal/City Police,Everett Police Department,1,0,0,1,0,,,,,,,,,,,,,,,,,,,,,,,,,,,,,,,,,,,,,,,,,,,
2021,577,3895594,263,10-21-2021,14:31,21,10,Oct,,33,King,1960,10,,1,0,0,1,1,1,1,,,,8,0,0,No vehicle,0,8,0,1,No intersection,7,2,4,6,0,0,0,0,37AVE S,,-122.2859667,47.53095833,98118,0,1,98,Others,98,7,0,34,1,0,1,5,8,0,0,0,0,11,Turning Red: Permitted on red,1,1,53,,0,35,47,2005,0,0,12,,,,,,1,1,69,2,7,1,4,7,20,0,11,0,02/22/2017,07:16,1.10E+11,9487,0,0,3,3,1,0,0,0,0,0,,,,,,0,,,,,,98513,53,68,200,6,1,0,1,0,2,1,0,,,,,,0,06-15-2012,07-15-2013,20,0,0,0,0,9,8,,,0,0,0,8,9,2,1,0,0,1,0,0,2,1,0,,,,,,,,,,,,,,,,,,,,,,,,,,,,,,0,0,0,1,0,0,0,0,0,0,0,0,0,0,0,0,0,0,0,1,0,1,1,0,1,1,0,0,0,1,0,0,0,1,0,,1,0,0,0,0,0,0,0,0,0,0,0,0,0,0,0,,,,,,66-70,66-75,County road,U,Wednesday,Not Used,PV,White,1,0,0,0,County Road,County Sheriff,Thurston County Sheriff's Office,0,0,1,0,0,,,,,,,,,,,,,,,,,,,,,,,,,,,,,,,,,,,,,,,,,,,
2021,578,636191,7,11-24-2021,19:45,24,11,Nov,,33,King,1030,1,,3,1,1,1,1,1,1,,,,8,0,0,No vehicle,25.7,1,0,1,No intersection,2,2,1,3,0,0,0,0,SR-167,,-122.2175833,47.44054167,98055,0,1,13,Pedestrian/Animal,80,5,60,66,0,0,1,2,8,1,1,3,3,1,Going Straight,1,3,40,,0,30,40,2000,0,0,12,,,,,,1,1,18,1,0,0,0,0,3,0,11,0,,,,,0,0,0,3,1,48,0,0,0,96,,,,,,0,,,,,,98513,53,66,140,6,1,0,0,0,0,0,97,,,,,,0,,,1,0,0,0,8,9,8,,,0,0,0,8,0,0,0,0,0,0,0,0,0,0,996,,,,,,,,,,,,,,,,,,,,,,,,,,,,,,0,0,0,1,0,0,0,0,0,0,0,0,0,0,0,0,0,0,0,1,0,1,1,0,1,1,0,0,0,1,0,0,0,0,0,,0,0,0,0,0,0,0,0,0,0,0,0,0,0,0,0,,,,,,18-20,16-25,County road,U,Wednesday,Belt Used,PV,Not Fatal,1,0,0,0,County Road,County Sheriff,Thurston County Sheriff's Office,0,0,1,0,0,,,,,,,,,,,,,,,,,,,,,,,,,,,,,,,,,,,,,,,,,,,
2021,579,635661,278,06-30-2021,00:20,30,6,June,,63,Spokane,2110,1,,3,1,2,1,1,1,1,,,,8,0,0,No vehicle,0,1,0,1,No intersection,3,2,4,6,0,0,0,0,W 2ND AVE,,-117.4242083,47.65448056,99204,0,1,13,Pedestrian/Animal,80,5,98,14,0,0,1,5,8,1,1,3,4,1,Going Straight,1,1,53,,0,20,880,2006,0,0,12,,,,,,1,1,60,1,0,0,3,0,20,0,11,5,,,,,0,0,0,3,1,0,0,0,0,0,,,,,,0,,,,,,98857,53,73,328,6,1,0,0,0,0,0,0,,,,,,0,,,1,0,0,0,8,9,8,,,0,0,0,8,0,0,0,0,0,0,0,0,0,0,996,,,,,,,,,,,,,,,,,,,,,,,,,,,,,,0,0,0,1,0,0,1,1,0,0,0,0,0,0,0,0,1,0,0,1,0,0,0,0,0,1,1,1,0,1,1,0,0,0,0,,0,0,0,0,0,0,0,0,0,0,0,0,0,0,0,0,,,,,,56-60,56-65,County road,R,Wednesday,Not Used,MHTRUCK,Not Fatal,1,0,0,0,County Road,County Sheriff,Grant County Sheriff's Office,0,0,1,0,0,,,,,,,,,,,,,,,,,,,,,,,,,,,,,,,,,,,,,,,,,,,
2021,580,636067,40,11-10-2021,07:39,10,11,Nov,,63,Spokane,0,1,,4,4,2,1,0,1,1,,,,35,0,0,No vehicle,,3,0,3,T Intersection,5,1,2,4,0,0,0,0,CR-W MEDICAL LK FOUR LAKES RD,SILVER LAKE RD,-117.6063694,47.56076111,99022,0,1,2,Control/Traction Loss,6,1,45,34,0,0,1,5,35,1,2,2,2,1,Going Straight,1,1,53,,0,20,37,2011,0,0,12,,,,,,1,1,75,1,7,1,4,7,20,0,11,0,02/15/2017,15:31,53008078,8078,0,0,0,3,1,39,0,0,0,93,,,,,,0,,,,,,98857,53,71,200,6,1,0,4,1,8,0,0,,,,,,0,04-15-2012,11-15-2016,8,0,0,0,0,9,8,,,0,0,0,8,0,2,996,0,0,1,0,0,2,1,0,,,,,,,,,,,,,,,,,,,,,,,,,,,,,,0,0,0,1,0,0,1,1,0,0,0,0,0,0,0,0,1,0,0,1,0,0,0,0,0,1,1,1,0,1,1,0,0,1,0,,1,0,0,0,0,0,1,1,1,0,0,0,0,0,1,0,,,,,,71-75,66-75,County road,R,Wednesday,Not Used,PV,White,1,0,0,0,County Road,County Sheriff,Grant County Sheriff's Office,0,0,1,0,0,,,,,,,,,,,,,,,,,,,,,,,,,,,,,,,,,,,,,,,,,,,
2021,582,3834662,263,01-30-2021,17:47,30,1,Jan,,33,King,1960,2,,3,2,1,1,0,1,1,,,,30,0,0,No vehicle,0,1,0,1,No intersection,7,2,4,6,0,0,0,0,16TH AVE SW,,-122.3546667,47.57956667,98134,0,1,1,Driver Off Road,9,1,25,2,0,0,1,2,30,1,1,2,1,1,Going Straight,1,1,53,,0,20,441,1986,0,0,63,69,63,30,,,1,1,55,1,7,1,4,0,3,0,11,5,02/18/2017,16:15,2.46E+11,9275,0,0,0,3,1,0,0,0,0,0,,,,,,1,,,,,,98801,53,67,160,6,1,0,1,1,0,1,0,,,,,,0,10-15-2016,11-15-2016,20,0,0,0,0,9,8,,,0,0,0,8,9,0,0,0,0,0,0,0,0,0,996,,,,,,,,,,,,,,,,,,,,,,,,,,,,,,0,0,1,0,0,0,0,0,0,0,0,0,0,0,0,0,0,0,0,0,0,0,0,0,0,0,0,0,0,1,0,0,0,0,0,,1,0,0,0,0,0,0,0,0,0,0,0,0,0,0,0,,,,,,51-55,46-55,City street,U,Friday,Belt Used,PV,White,0,1,0,0,City Street,Municipal/City Police,Wenatchee Police Department,1,0,0,1,0,,,,,,,,,,,,,,,,,,,,,,,,,,,,,,,,,,,,,,,,,,,
2021,583,3881736,263,04-02-2021,15:22,2,4,April,,33,King,1960,1,,1,1,2,1,0,2,2,,,,12,0,6,Angle,0,1,0,1,No intersection,4,2,4,6,0,0,0,0,BEACH DR SW,,-122.4063639,47.56311389,98116,0,1,48,Others,53,3,25,4,0,0,1,2,12,2,1,2,1,8,Others,1,1,53,,0,55,37,2001,0,0,68,64,43,30,,,1,1,53,1,7,1,4,7,20,0,11,0,02/14/2017,16:56,1053008177,8177,0,0,0,0,1,0,0,0,0,96,,,,,,99,,,,,,98520,53,70,190,0,0,0,0,0,0,0,0,,,,,,4,,,8,0,0,0,0,9,8,,,0,0,0,8,9,2,1,0,0,1,0,0,2,1,0.022,,,,,,,,,,,,,,,,,,,,,,,,,,,,,,0,0,1,1,1,0,0,0,0,0,0,0,1,1,0,0,0,0,0,1,0,0,0,0,0,0,0,0,0,1,0,0,0,1,0,,1,0,0,0,1,0,0,0,0,1,0,1,1,0,0,1,,,,,,51-55,46-55,State route,U,Tuesday,Not Used,PV,White,0,1,0,0,State Route,Municipal/City Police,Aberdeen Police Department,1,1,0,0,0,,,,,,,,,,,,,,,,,,,,,,,,,,,,,,,,,,,,,,,,,,,
2021,583,3881736,263,04-02-2021,15:22,2,4,April,,33,King,1960,1,,1,1,2,1,0,2,2,,,,12,0,6,Angle,0,1,0,1,No intersection,4,2,4,6,0,0,0,0,BEACH DR SW,,-122.4063639,47.56311389,98116,0,2,48,Others,64,4,25,84,0,0,1,2,12,2,1,2,1,14,Making a U turn,1,1,53,,0,71,706,2016,0,0,68,68,64,33,42,,1,1,53,1,7,1,4,7,5,0,11,0,02-12-2017,20:23,10953011014,11014,0,0,0,3,1,0,0,0,0,96,,,,,,99,,,,,,98059,53,72,280,6,1,0,0,0,3,0,0,,,,,,0,05-15-2013,08-15-2015,20,8,0,0,0,9,8,,,0,0,0,8,9,2,1,0,0,1,0,0,2,1,0,,,,,,,,,,,,,,,,,,,,,,,,,,,,,,0,0,1,0,0,0,0,0,0,0,0,0,0,0,0,0,0,0,0,0,0,0,0,0,0,0,0,0,1,0,0,0,0,0,1,0,0,0,0,0,0,0,0,0,0,0,0,0,0,0,0,0,,,,,,51-55,46-55,City street,U,Sunday,,MC,White,0,1,0,0,City Street,Municipal/City Police,Bellevue Police Department,1,0,0,1,0,,,,,,,,,,,,,,,,,,,,,,,,,,,,,,,,,,,,,,,,,,,
2021,584,3857333,263,06-03-2021,02:52,3,6,June,,33,King,1960,1,,2,1,1,1,1,1,1,,,,8,0,0,No vehicle,0,1,0,1,No intersection,3,2,4,6,0,0,0,0,AIRPORT WAY S,,-122.2884444,47.51405278,98108,0,1,13,Pedestrian/Animal,80,5,45,14,0,0,1,2,8,1,1,4,1,1,Going Straight,1,1,53,,0,23,421,2003,0,0,8,,,,,,1,1,69,1,0,0,0,0,3,0,11,0,,,,,0,0,0,3,1,38,0,0,0,96,,,,,,0,,,,,,98118,53,75,217,6,1,0,0,0,0,0,46,,,,,,0,,,20,0,0,0,8,9,8,,,0,0,0,8,0,0,0,0,0,0,0,0,0,0,996,,,,,,,,,,,,,,,,,,,,,,,,,,,,,,0,0,0,0,0,0,0,0,0,0,0,0,0,0,0,0,0,0,1,0,0,0,0,0,0,1,0,0,0,1,0,1,0,0,0,,0,0,0,0,0,0,0,0,0,0,1,0,0,0,0,0,,,,,,66-70,66-75,Interstate,U,Friday,Belt Used,PV,Not Fatal,0,0,0,0,State Route,State Patrol,Washington State Patrol Headquarter,0,1,0,0,0,,,,,,,,,,,,,,,,,,,,,,,,,,,,,,,,,,,,,,,,,,,
2021,585,3903526,12,09-19-2021,03:54,19,9,Sep,,7,Chelan,0,1,,2,1,2,1,0,2,2,,,,14,0,0,No vehicle,,1,0,1,No intersection,7,1,2,4,0,0,0,0,CR-DIXIE LN,,-120.1942278,47.36610833,98828,0,1,6,Drive off road,50,3,35,4,0,0,1,2,14,1,1,2,1,1,Going Straight,1,1,53,,0,37,705,2005,0,0,12,,,,,,1,1,68,1,7,1,4,7,19,0,11,0,02/17/2017,14:58,53008632,8632,0,0,3,3,1,0,0,0,0,0,,,,,,99,,,,,,98264,53,73,230,6,1,0,0,0,1,0,0,,,,,,0,11-15-2013,11-15-2013,20,8,0,0,0,9,1,,,0,0,0,0,9,2,1,0,0,1,0,0,2,1,0,,,,,,,,,,,,,,,,,,,,,,,,,,,,,,0,0,0,0,0,0,0,0,0,0,0,0,0,0,0,0,1,0,1,0,0,0,0,0,0,1,0,0,1,1,0,0,0,0,1,0,0,0,0,0,0,0,0,0,0,0,0,0,0,0,0,0,,,,,,66-70,66-75,State route,R,Friday,,MC,White,0,0,0,0,State Route,State Patrol,Washington State Patrol Headquarter,0,1,0,0,0,,,,,,,,,,,,,,,,,,,,,,,,,,,,,,,,,,,,,,,,,,,
2021,586,3894008,263,11-13-2021,21:48,13,11,Nov,,33,King,1960,2,,3,2,2,1,1,2,1,,,,8,0,0,No vehicle,3.5,1,0,1,No intersection,5,2,1,3,0,0,0,0,SR-522,,-122.2928472,47.72396944,98125,0,1,13,Pedestrian/Animal,80,5,35,4,0,0,1,5,8,1,1,2,3,1,Going Straight,2,2,53,,0,7,402,2001,0,0,12,,,,,,1,1,30,2,0,0,0,0,3,0,11,0,,,,,0,0,0,3,1,38,0,0,0,93,,,,,,0,,,,,,98247,53,60,126,6,1,0,0,1,0,0,0,,,,,,0,11-15-2016,11-15-2016,1,0,0,0,8,9,8,,,0,0,0,8,0,0,0,0,0,0,0,0,0,0,996,,,,,,,,,,,,,,,,,,,,,,,,,,,,,,0,0,0,0,0,0,0,0,0,0,0,0,0,0,0,0,1,0,1,0,0,0,0,0,0,1,0,0,1,1,0,0,0,0,0,,0,0,0,0,0,0,0,0,1,0,1,0,0,0,0,0,,,,,,26-30,26-35,State route,R,Friday,Belt Used,PV,Not Fatal,0,0,0,0,State Route,State Patrol,Washington State Patrol Headquarter,0,1,0,0,0,,,,,,,,,,,,,,,,,,,,,,,,,,,,,,,,,,,,,,,,,,,
2021,587,3889810,344,12-19-2021,19:37,19,12,Dec,,77,Yakima,2300,10,,3,2,2,1,1,2,1,,,,8,0,0,No vehicle,3.3,1,0,1,No intersection,4,2,1,3,0,3,0,0,SR-022,,-120.3195194,46.37003333,98948,0,1,13,Pedestrian/Animal,80,5,55,6,0,0,1,5,8,1,1,3,1,1,Going Straight,2,1,53,,0,87,884,1998,0,0,12,,,,,,1,1,42,1,0,0,0,0,3,0,11,0,,,,,6,1,0,3,1,0,0,0,0,0,,,,,,0,,,,,,98273,53,74,240,6,1,0,1,0,0,0,0,,,,,,0,02-15-2013,02-15-2013,20,0,0,0,8,9,8,,,0,0,0,8,0,0,0,0,0,0,0,0,0,0,996,,,,,,,,,,,,,,,,,,,,,,,,,,,,,,0,0,0,0,0,0,0,0,0,0,0,0,1,0,0,0,0,0,0,1,0,0,0,0,0,0,0,0,0,1,1,0,0,0,0,,0,0,0,0,0,0,0,0,0,0,0,0,0,0,0,0,,,,,,41-45,36-45,Interstate,U,Thursday,,MHTRUCK,Not Fatal,0,0,0,0,State Route,State Patrol,Washington State Patrol Headquarter,0,1,0,0,0,,,,,,,,,,,,,,,,,,,,,,,,,,,,,,,,,,,,,,,,,,,
2021,588,3848049,263,01-01-2021,01:00,1,1,Jan,,33,King,1960,2,,3,2,2,1,1,1,1,,,,8,1,0,No vehicle,0.2,1,0,1,No intersection,3,2,1,3,0,0,0,0,SR-513,,-122.3045722,47.64669722,98112,0,1,13,Pedestrian/Animal,80,5,25,14,0,0,1,2,8,1,1,4,1,1,Going Straight,1,2,53,,0,37,31,2010,0,0,64,69,12,,,,1,1,26,1,7,1,4,0,20,0,11,4,02/17/2017,22:45,1.96E+11,8848,0,0,0,3,1,0,0,0,0,96,,,,,,99,,,,,,98008,53,68,165,6,1,0,0,0,0,0,0,,,,,,4,,,1,0,0,0,0,9,8,,,0,0,0,8,9,2,1,0,0,1,0,0,2,1,0,,,,,,,,,,,,,,,,,,,,,,,,,,,,,,0,0,0,0,0,0,0,0,0,0,0,0,1,0,0,0,0,0,0,1,0,0,0,0,0,0,0,0,0,1,1,0,0,1,0,,1,0,0,0,0,0,0,0,0,1,0,0,0,0,0,0,,,,,,26-30,26-35,Interstate,U,Thursday,Not Used,PV,White,0,0,0,0,State Route,State Patrol,Washington State Patrol Headquarter,0,1,0,0,0,,,,,,,,,,,,,,,,,,,,,,,,,,,,,,,,,,,,,,,,,,,
2021,589,635609,135,06-02-2021,13:05,2,6,June,,53,Pierce,800,1,,1,1,2,1,0,4,3,,,,12,0,1,Front-to-Rear,0,3,0,3,T Intersection,4,2,4,6,0,0,3,3,PIONEER WAY,Kimball Dr,-122.5885389,47.32261389,98335,0,3,98,Others,98,7,25,6,0,0,1,5,12,8,8,4,1,11,Turning Red: Permitted on red,2,1,53,,0,7,472,2000,0,0,8,,,,,,1,1,60,1,0,0,0,0,3,0,11,0,,,,,0,0,3,3,1,0,0,0,0,0,,,,,,0,,,,,,98550,53,73,245,6,1,0,0,0,0,0,0,,,,,,0,,,20,0,0,0,8,9,8,,,0,0,0,8,0,0,0,0,0,0,0,0,0,0,996,,,,,,,,,,,,,,,,,,,,,,,,,,,,,,0,0,0,1,0,0,0,0,0,0,0,0,0,0,0,0,0,0,0,0,0,0,0,0,0,0,0,0,0,0,0,1,0,0,0,,0,0,0,0,0,0,0,0,0,0,0,0,0,0,0,0,,,,,,56-60,56-65,City street,U,Friday,Belt Used,PV,Not Fatal,1,0,0,0,City Street,Municipal/City Police,Aberdeen Police Department,0,0,0,1,0,,,,,,,,,,,,,,,,,,,,,,,,,,,,,,,,,,,,,,,,,,,