year,something,Cases,repjur,crash_dt,crash_tm,accday,Month,Month,holiday,county,co_char,city,weather,weather2,lightcond,surfcond,surftype,Number of Fatalities,nmforms,pforms,vforms,not_tm,arr_tm,hosp_tm,fhevent,hitrun,Manner of Collision,Manner of Collision,milepnt,reljunc,reljuncinter,intersectiontype,Intersection Type,funcsystem,landuse,ownership,route,schlbus,spejur,contdev,devfunc,trafid1,trafid2,x,y,zipcode,wk_zone,vnumber,crashtype,Crash Type,criticalevent,criticaleventcat,spdlim,body,trailer,emerg,hazcargo,leave,mhevent,roadalgn,roadprof,traflane,trafflow,Vehicle Manure,Vehicle Manure,numoccs,regowner,regstate,,spuse,make,model,modelyr,vrf1,vrf2,seqevent1,seqevent2,seqevent3,seqevent4,seqevent5,seqevent6,pnumber,ptype,age,sex,hispanic,race,injury,diedscene,restraint,restraintmisuse,seatpos,takehosp,death_dt,death_tm,cert,cernum_wa,commlic,licendor,licrestrict,liccomp,drivpres,drf1,drf2,drf3,drf4,distract1,distract2,distract3,distract4,distract5,distract6,dricond1,dricond2,dricond3,dricond4,dricond5,dricond6,dzip,licstate,drhgt_in,weight,noncdl,noncdltype,prevdwi,prevoth,prevacc,prevspd,prevsus,driviol1,driviol2,driviol3,driviol4,driviol5,driviol6,spdrel,first_dt,last_dt,airbag,ejection,ejectpath,extricat,injurwrk,methalc,methdrug,nmlocat,strikveh,prf1,prf2,prf3,druginv,alcinvol,drugsts,drugres1,drugres2,drugres3,drugtst1,drugtst2,drugtst3,alcsts,alctst,alcres,nmact1,nmact2,nmact3,nmact4,nmact5,nmact6,nmprior1,nmprior2,nmprior3,nmprior4,nmprior5,nmprior6,nmcond1,nmcond2,nmcond3,nmcond4,nmcond5,nmcond6,nmsafe_helmet,nmsafe_pads,nmsafe_oth,nmprev_ref,nmprev_lgt,nmprev_oth,crashlocation,nmcrashtype,crosswalk,schoolzone,sidewalk,train_inv,wildlife_inv,rotr_fars,intersect_fars,Drink and Drive,aid_inv,Drug Positive Drivers,Impaired Drivers,Marijuana Positive,impnm_inv,ainm_inv,dpnm_inv,speed_inv,unlic_inv,unendmc_inv,drowsy_inv,drdist_inv,nmdist_inv,fty_inv,unrestfat_inv,dr1617_inv,dr1820_inv,dr1620_inv,dr2125_inv,dr1625_inv,dr65_inv,dr70_inv,dr75_inv,mc_inv,pv_inv,ht_inv,ped_inv,bike_inv,unrest_fat,mc_fat,unhelmet_mc,pv_fat,ht_fat,ped_fat,bike_fat,dr_alc7,dr_alc8,dr_drug,dr_imp,dr_dist,dr_spd,dr_fty,dr_unlic,dr_alc7only,dr_alc8only,dr_drugonly,dr_drink,nm_imp,nm_alc7,nm_alc8,nm_drug,nm_dist,agegrp1,agegrp2,roadclass,urbrur,dayweek,restuse,vehtype,race_me,intersect,lanedep,oppdir,wrongway,rep_typ,investag,repag_long,rotr,st_rd,cty_rd,city_rd,oth_rd,drug_thc,thc_res,drug_cthc,cthc_res,drug_cann,prevpersemin,prevperse,prevsusoth,drugtst4,drugtst5,drugtst6,drugtst7,drugtst8,drugres4,drugres5,drugres6,drugres7,drugres8,adspresent,adsengaged,adslevel,race1,race2,race3,race4,race5,helmet,helmetmisuse,nmdistract1,nmdistract2,nmdistract3,nmdistract4,nmdistract5,nmdistract6,lab,isedtcase,crf1,crf2,crf3,CoRoadName,CoMP,IntCoRoadName,IntCoMP
2021,589,635608,135,06-02-2021,13:05,2,6,June,,53,Pierce,800,1,,1,1,2,1,0,4,3,,,,12,0,1,Front-to-Rear,0,3,0,3,T Intersection,4,2,4,6,0,0,3,3,PIONEER WAY,Kimball Dr,-122.5885389,47.32261389,98335,0,2,21,Others,53,3,25,14,0,0,1,2,12,8,8,4,1,5,Others,1,1,53,,0,37,402,2005,0,0,12,,,,,,1,1,67,2,0,0,1,0,3,0,11,8,,,,,0,0,3,3,1,0,0,0,0,0,,,,,,0,,,,,,99206,53,63,150,6,1,0,0,0,0,0,0,,,,,,0,,,8,0,0,0,8,9,8,,,0,0,0,8,0,2,1,0,0,1,0,0,2,1,0,,,,,,,,,,,,,,,,,,,,,,,,,,,,,,0,0,0,0,0,0,1,1,0,0,0,0,0,1,0,0,0,0,0,0,0,0,0,0,0,1,0,0,0,1,0,0,0,0,0,,0,0,0,0,0,0,0,0,0,0,0,0,0,0,0,0,,,,,,66-70,66-75,City street,U,Wednesday,Belt Used,PV,Not Fatal,0,1,1,0,City Street,County Sheriff,Spokane County Sheriff's Office,0,0,0,1,0,,,,,,,,,,,,,,,,,,,,,,,,,,,,,,,,,,,,,,,,,,,
2021,589,635607,135,06-02-2021,13:05,2,6,June,,53,Pierce,800,1,,1,1,2,1,0,4,3,,,,12,0,1,Front-to-Rear,0,3,0,3,T Intersection,4,2,4,6,0,0,3,3,PIONEER WAY,Kimball Dr,-122.5885389,47.32261389,98335,0,1,20,Others,50,3,25,2,0,0,1,2,12,8,8,4,1,1,Going Straight,1,1,53,,0,37,33,1987,0,0,68,12,,,,,1,1,27,1,7,1,4,0,99,0,11,4,02/21/2017,23:00,2.11E+11,9114,0,0,0,2,1,28,0,0,0,96,,,,,,99,,,,,,83815,16,67,140,1,1,3,3,98,0,2,0,,,,,,0,02-15-2013,02-15-2017,20,0,0,0,0,9,8,,,0,0,0,8,9,2,996,0,0,1,0,0,2,1,0,,,,,,,,,,,,,,,,,,,,,,,,,,,,,,0,0,0,0,0,0,1,1,0,0,0,0,0,1,0,0,0,0,0,0,0,0,0,0,0,1,0,0,0,1,0,0,0,0,0,,1,0,0,0,0,0,1,1,0,0,0,1,0,0,1,0,,,,,,26-30,26-35,City street,U,Wednesday,Unknown,PV,White,0,1,1,0,City Street,County Sheriff,Spokane County Sheriff's Office,0,0,0,1,0,,,,,,,,,,,,,,,,,,,,,,,,,,,,,,,,,,,,,,,,,,,
2021,590,635644,19,06-22-2021,14:19,22,6,June,,21,Franklin,0,1,,1,1,2,1,0,1,1,,,,1,0,0,No vehicle,2.6,1,0,1,No intersection,6,1,2,4,0,0,0,0,CR-COLUMBIA RIVER RD,,-119.2267139,46.3297,99301,0,1,98,Others,12,2,50,14,0,0,1,5,1,1,1,2,1,1,Going Straight,1,2,53,,0,87,884,2012,0,0,12,,,,,,1,1,45,1,0,0,1,0,3,0,11,4,,,,,6,1,0,3,1,0,0,0,0,0,,,,,,0,,,,,,98683,53,74,225,6,1,0,0,0,0,0,0,,,,,,0,,,20,0,0,0,8,3,2,,,0,0,0,0,0,0,0,0,0,0,0,0,0,0,996,,,,,,,,,,,,,,,,,,,,,,,,,,,,,,0,0,0,0,0,0,0,0,0,0,0,0,1,0,0,0,0,0,0,0,0,0,0,0,0,0,0,0,0,1,1,0,0,0,0,,0,0,0,0,0,0,0,0,0,0,0,0,0,0,0,0,,,,,,41-45,36-45,State route,R,Monday,,MHTRUCK,Not Fatal,0,1,1,0,State Route,State Patrol,Washington State Patrol Headquarter,0,1,0,0,0,,,,,,,,,,,,,,,,,,,,,,,,,,,,,,,,,,,,,,,,,,,
2021,591,635799,290,08-09-2021,09:51,9,8,Aug,,53,Pierce,2230,1,,1,1,2,1,0,3,2,,,,12,0,6,Angle,0,2,1,2,4 Way,4,2,1,6,0,3,3,3,E 27TH ST,PORTLAND AVE,-122.4106306,47.23962778,98421,0,2,86,Others,66,4,35,34,0,0,1,2,12,1,1,3,4,1,Going Straight,2,1,53,,0,49,472,2001,0,0,68,12,,,,,1,1,62,1,7,1,4,7,3,0,11,0,02-06-2017,18:56,53006855,6855,0,0,0,3,1,28,87,0,0,96,,,,,,99,,,,,,98649,53,75,242,6,1,0,0,0,0,0,0,,,,,,4,,,8,2,9,0,0,9,8,,,0,0,0,8,9,2,1,0,0,1,0,0,2,1,0,,,,,,,,,,,,,,,,,,,,,,,,,,,,,,0,0,0,0,0,0,0,0,0,0,0,0,1,0,0,0,0,0,0,0,0,0,0,0,0,0,0,0,0,1,1,0,0,0,0,,1,0,0,0,0,0,0,0,0,1,0,0,0,0,0,0,,,,,,61-65,56-65,State route,R,Monday,Belt Used,PV,White,0,1,1,0,State Route,State Patrol,Washington State Patrol Headquarter,0,1,0,0,0,,,,,,,,,,,,,,,,,,,,,,,,,,,,,,,,,,,,,,,,,,,
2021,591,635798,290,08-09-2021,09:51,9,8,Aug,,53,Pierce,2230,1,,1,1,2,1,0,3,2,,,,12,0,6,Angle,0,2,1,2,4 Way,4,2,1,6,0,3,3,3,E 27TH ST,PORTLAND AVE,-122.4106306,47.23962778,98421,0,1,87,Others,17,2,35,4,0,0,1,2,12,1,1,6,1,1,Going Straight,1,2,53,,0,20,24,2009,0,0,8,,,,,,1,1,26,2,0,0,0,0,3,0,11,0,,,,,0,0,0,3,1,0,0,0,0,0,,,,,,98,,,,,,98357,53,65,119,6,1,0,0,0,1,0,0,,,,,,0,02-15-2012,02-15-2012,20,0,0,0,8,9,8,,,0,0,0,8,8,8,95,0,0,6,0,0,8,95,995,,,,,,,,,,,,,,,,,,,,,,,,,,,,,,0,0,0,0,0,0,0,0,0,0,0,0,0,0,0,0,0,0,0,0,0,0,0,0,0,0,0,0,0,1,0,1,0,0,0,,0,0,0,0,0,0,0,0,0,0,0,0,0,0,0,0,,,,,,26-30,26-35,US highway,R,Thursday,Belt Used,PV,Not Fatal,0,0,0,0,State Route,State Patrol,Washington State Patrol Headquarter,0,1,0,0,0,,,,,,,,,,,,,,,,,,,,,,,,,,,,,,,,,,,,,,,,,,,
2021,592,635868,34,08-17-2021,18:27,17,8,Aug,,51,Pend Oreille,0,10,,1,1,2,1,0,1,1,,,,42,0,0,No vehicle,9.5,1,0,1,No intersection,5,1,2,4,0,0,0,0,CR-LECLERC RD S,,-117.2107,48.248,99156,0,1,6,Drive off road,12,2,50,1,0,0,1,2,42,1,1,2,1,1,Going Straight,1,2,53,,0,2,1,2007,0,0,12,,,,,,1,1,57,2,0,0,3,0,3,0,11,4,,,,,0,0,0,2,1,0,0,0,0,0,,,,,,0,,,,,,98092,53,73,170,1,1,0,0,0,1,0,0,,,,,,0,11-15-2016,11-15-2016,1,0,0,0,8,9,8,,,0,0,0,8,0,0,0,0,0,0,0,0,0,0,996,,,,,,,,,,,,,,,,,,,,,,,,,,,,,,0,0,0,1,0,0,1,1,0,0,0,0,0,1,0,0,0,0,0,0,0,0,0,0,0,0,0,0,0,1,0,0,0,0,0,,0,0,0,0,0,0,0,0,0,0,0,1,0,0,0,0,,,,,,56-60,56-65,State route,U,Tuesday,Belt Used,PV,Not Fatal,0,1,0,0,State Route,State Patrol,Washington State Patrol Headquarter,1,1,0,0,0,,,,,,,,,,,,,,,,,,,,,,,,,,,,,,,,,,,,,,,,,,,
2021,593,636027,262,10-24-2021,00:42,24,10,Oct,,33,King,1958,10,,3,2,2,1,1,2,1,,,,8,0,0,No vehicle,14.8,1,0,1,No intersection,3,2,1,3,0,0,0,0,SR-99,,-122.2956778,47.43554722,98188,0,1,13,Pedestrian/Animal,80,5,40,4,0,0,1,5,8,1,1,5,2,1,Going Straight,2,2,53,,0,20,481,2011,0,0,12,12,,,,,1,1,57,1,0,0,0,0,3,0,11,0,,,,,0,0,0,3,1,0,0,0,0,0,,,,,,0,,,,,,98335,53,72,225,6,1,0,0,0,0,0,0,,,,,,0,,,20,0,0,0,8,9,8,,,0,0,0,8,0,0,0,0,0,0,0,0,0,0,996,,,,,,,,,,,,,,,,,,,,,,,,,,,,,,0,0,0,1,0,0,1,1,0,0,0,0,0,1,0,0,0,0,0,0,0,0,0,0,0,0,0,0,0,1,0,0,0,0,0,,0,0,0,0,0,0,0,0,0,0,0,0,0,0,0,0,,,,,,56-60,56-65,State route,U,Tuesday,Belt Used,PV,Not Fatal,0,1,0,0,State Route,State Patrol,Washington State Patrol Headquarter,1,1,0,0,0,,,,,,,,,,,,,,,,,,,,,,,,,,,,,,,,,,,,,,,,,,,
2021,594,636042,35,10-31-2021,04:09,31,10,Oct,,53,Pierce,0,1,,2,1,1,1,0,1,1,,,,18,0,0,No vehicle,2.3,1,0,1,No intersection,5,2,2,4,0,0,0,0,CR-MATHIAS RD E,,-122.3424389,47.04239722,98338,0,1,12,Others,90,6,35,80,0,0,1,2,18,1,1,2,1,1,Going Straight,1,2,53,,0,49,40,1993,0,0,68,68,63,24,69,68,1,1,45,1,7,1,4,7,3,0,11,0,02/14/2017,17:31,2.23E+11,7915,0,0,0,3,1,0,0,0,0,0,,,,,,0,,,,,,98374,53,71,200,6,1,0,0,0,2,1,0,,,,,,0,08-15-2014,05-15-2016,1,0,0,0,0,9,8,,,0,0,0,8,9,2,996,0,0,1,0,0,2,1,0,,,,,,,,,,,,,,,,,,,,,,,,,,,,,,0,0,0,1,0,0,1,1,0,0,0,0,0,1,0,0,0,0,0,0,0,0,0,0,0,0,0,0,0,1,0,0,0,0,0,,1,0,0,0,0,0,1,1,0,0,0,0,0,0,1,0,,,,,,41-45,36-45,State route,U,Tuesday,Belt Used,PV,White,0,1,0,0,State Route,State Patrol,Washington State Patrol Headquarter,1,1,0,0,0,,,,,,,,,,,,,,,,,,,,,,,,,,,,,,,,,,,,,,,,,,,
2021,595,3890588,263,10-21-2021,19:00,21,10,Oct,,33,King,1960,2,,3,2,1,1,1,1,1,,,,8,0,0,No vehicle,0,3,0,2,4 Way,3,2,4,6,0,0,3,3,4TH AVE S,S Lander St,-122.3290944,47.57980278,98134,0,1,13,Pedestrian/Animal,80,5,25,5,0,0,1,5,8,1,1,5,1,1,Going Straight,1,1,53,,0,55,401,2013,0,0,12,,,,,,1,1,46,2,0,0,2,0,3,0,11,5,,,,,6,0,3,3,1,0,0,0,0,0,,,,,,0,,,,,,98937,53,69,130,6,1,0,0,0,0,0,0,,,,,,0,,,8,0,0,0,8,9,2,,,0,0,0,0,0,2,155,996,996,1,1,1,2,1,0,,,,,,,,,,,,,,,,,,,,,,,,,,,,,,0,0,0,1,0,0,1,1,1,0,0,0,0,0,0,0,1,0,1,0,0,1,1,0,1,0,0,0,0,1,0,0,0,0,0,,0,0,0,0,0,0,1,1,0,0,0,0,0,0,1,0,,,,,,46-50,46-55,US highway,U,Wednesday,Belt Used,PV,Not Fatal,0,0,0,0,State Route,State Patrol,Washington State Patrol,0,1,0,0,0,,,,,,,,,,,,,,,,,,,,,,,,,,,,,,,,,,,,,,,,,,,
2021,596,635704,277,07-12-2021,00:25,12,7,July,,63,Spokane,2110,1,,3,1,2,1,0,1,1,,,,31,0,0,No vehicle,0,1,0,1,No intersection,3,2,4,6,0,0,0,0,W AIRPORT DR,,-117.5370639,47.62708333,99219,0,1,1,Driver Off Road,13,2,20,61,0,0,1,2,42,4,1,2,4,14,Making a U turn,1,3,53,,0,53,734,2008,0,0,12,,,,,,1,1,18,1,7,1,4,0,17,0,11,5,02-01-2017,20:02,2.59E+11,6273,0,0,3,3,1,38,0,0,0,93,,,,,,9,,,,,,98908,53,69,190,6,1,1,2,1,1,1,0,,,,,,0,01-15-2015,01-15-2017,20,1,9,0,0,9,1,,,0,0,0,1,0,2,605,0,0,1,0,0,2,1,0,,,,,,,,,,,,,,,,,,,,,,,,,,,,,,0,0,0,1,0,0,1,1,1,0,0,0,0,0,0,0,1,0,1,0,0,1,1,0,1,0,0,0,0,1,0,0,0,0,0,,0,0,0,0,0,0,1,1,1,0,1,0,0,0,1,0,,,,,,18-20,16-25,US highway,U,Wednesday,,OTHVT,White,0,0,0,0,State Route,State Patrol,Washington State Patrol,0,1,0,0,0,thc,28,carboxy-thc,90,,,,,,,,,,,,,,,,,,,,,,,,,,,,,,,,,,,,,,,
2021,597,3889903,344,12-27-2021,23:02,27,12,Dec,,77,Yakima,0,10,,2,1,1,1,0,2,1,,,,1,0,0,No vehicle,,1,0,1,No intersection,6,1,2,4,0,3,0,0,CR-PROGRESSIVE RD,,-120.4599222,46.41921667,98951,0,1,1,Driver Off Road,13,2,50,4,0,0,1,2,1,1,1,2,1,1,Going Straight,2,2,53,,0,12,401,1996,0,0,64,69,65,63,1,,1,1,63,1,1,1,4,0,3,0,11,4,02/13/2017,18:43,64553007935,7935,0,0,0,3,1,58,0,0,0,92,,,,,,0,,,,,,99357,53,62,165,6,1,0,1,1,1,1,0,,,,,,0,08-15-2015,05-15-2016,20,0,0,0,0,9,8,,,0,0,0,8,0,2,996,996,0,1,1,0,2,1,0,,,,,,,,,,,,,,,,,,,,,,,,,,,,,,0,0,0,0,0,0,1,1,0,0,0,0,0,0,0,0,1,0,0,0,0,0,0,0,0,0,0,0,0,1,0,0,0,0,0,,1,0,0,0,0,0,1,1,1,0,0,0,0,0,1,0,,,,,,61-65,56-65,US highway,R,Monday,Belt Used,PV,Hispanic,0,1,0,0,State Route,State Patrol,Washington State Patrol Headquarter,1,1,0,0,0,,,,,,,,,,,,,,,,,,,,,,,,,,,,,,,,,,,,,,,,,,,
2021,598,635801,290,08-05-2021,05:54,5,8,Aug,,53,Pierce,2230,1,,1,1,2,1,0,2,2,,,,12,0,2,Front-to-Front,0,8,0,1,No intersection,3,2,4,6,0,0,0,0,E PORTLAND AVE,,-122.4082056,47.22915556,98404,0,2,83,Others,72,4,35,80,0,0,1,5,12,1,1,5,5,1,Going Straight,1,1,53,,0,6,51,2006,0,0,12,64,25,,,,1,1,52,2,0,0,1,0,3,0,11,8,,,,,0,0,3,3,1,0,0,0,0,0,,,,,,0,,,,,,98023,53,65,200,6,1,0,0,0,0,0,0,,,,,,0,,,20,0,0,0,8,9,8,,,0,0,0,8,0,8,95,0,0,6,0,0,8,95,995,,,,,,,,,,,,,,,,,,,,,,,,,,,,,,0,0,0,0,0,0,1,1,0,0,0,0,1,0,0,0,0,0,0,0,0,0,0,0,0,0,0,0,0,1,0,0,0,0,0,,0,0,0,0,0,0,0,0,0,0,0,0,0,0,0,0,,,,,,51-55,46-55,Interstate,U,Friday,Belt Used,PV,Not Fatal,0,0,0,0,State Route,State Patrol,Washington State Patrol Headquarter,0,1,0,0,0,,,,,,,,,,,,,,,,,,,,,,,,,,,,,,,,,,,,,,,,,,,
2021,598,635800,290,08-05-2021,05:54,5,8,Aug,,53,Pierce,2230,1,,1,0,0,1,0,2,2,,,,12,0,2,Front-to-Front,0,8,0,1,No intersection,3,2,4,6,0,0,0,0,E PORTLAND AVE,,-122.4082056,47.22915556,98404,0,1,82,Turn Into Opp Direction(Turning Left),15,2,0,34,0,0,1,5,12,0,0,0,0,11,Turning Red: Permitted on red,1,1,53,,0,35,443,2000,0,0,12,12,,,,,1,1,43,1,0,0,1,0,3,0,11,5,,,,,0,0,0,3,1,0,0,0,0,0,,,,,,0,,,,,,98270,53,72,300,6,1,0,0,0,0,0,0,,,,,,0,,,8,0,0,0,8,9,8,,,0,0,0,8,0,0,0,0,0,0,0,0,0,0,996,,,,,,,,,,,,,,,,,,,,,,,,,,,,,,0,0,0,0,0,0,1,1,0,0,0,0,1,0,0,0,0,0,0,0,0,0,0,0,0,0,0,0,0,1,0,0,0,0,0,,0,0,0,0,0,0,0,0,0,0,0,0,0,0,0,0,,,,,,41-45,36-45,Interstate,U,Friday,Belt Used,PV,Not Fatal,0,0,0,0,State Route,State Patrol,Washington State Patrol Headquarter,0,1,0,0,0,,,,,,,,,,,,,,,,,,,,,,,,,,,,,,,,,,,,,,,,,,,
2021,599,635406,45,02-25-2021,15:50,25,2,Feb,,73,Whatcom,0,10,,1,1,2,1,0,2,2,,,,12,0,6,Angle,5.8,8,0,1,No intersection,5,1,2,4,0,0,0,0,CR-HANNEGAN RD,,-122.4427417,48.86155833,98264,0,2,69,Initial Opposite Direction(Going Straight),62,4,50,6,0,0,1,2,12,1,1,2,1,1,Going Straight,1,1,53,,0,12,481,2001,0,0,12,,,,,,1,1,51,1,0,0,1,0,3,0,11,0,,,,,0,0,0,3,1,91,0,0,0,96,,,,,,0,,,,,,98258,53,72,230,6,1,0,1,1,0,0,1,,,,,,4,09-15-2014,09-15-2014,1,0,0,0,8,3,1,,,0,0,0,1,0,2,401,417,0,1,1,0,2,1,0,,,,,,,,,,,,,,,,,,,,,,,,,,,,,,0,0,0,0,0,0,1,1,0,0,0,0,1,0,0,0,0,0,0,0,0,0,0,0,0,0,0,0,0,1,0,0,0,0,0,,0,0,0,0,0,0,1,1,0,1,0,0,0,0,1,0,,,,,,51-55,46-55,Interstate,U,Friday,Belt Used,PV,Not Fatal,0,0,0,0,State Route,State Patrol,Washington State Patrol Headquarter,0,1,0,0,0,,,,,,,,,,,,,,,,,,,,,,,,,,,,,,,,,,,,,,,,,,,
2021,599,635405,45,02-25-2021,15:50,25,2,Feb,,73,Whatcom,0,10,,1,1,2,1,0,2,2,,,,12,0,6,Angle,5.8,8,0,1,No intersection,5,1,2,4,0,0,0,0,CR-HANNEGAN RD,,-122.4427417,48.86155833,98264,0,1,68,Initial Opposite Direction(Left/Right),15,2,50,34,0,0,1,2,12,1,1,2,1,11,Turning Red: Permitted on red,1,1,53,,0,99,399,9999,0,0,68,64,8,,,,1,1,999,9,0,0,0,0,99,0,11,0,,,,,99,9,9,9,1,0,0,0,0,99,,,,,,99,,,,,,99999,99,,999,9,9,99,99,99,99,99,99,,,,,,9,,,99,0,0,0,8,9,8,,,0,0,0,8,9,0,0,0,0,0,0,0,0,0,996,,,,,,,,,,,,,,,,,,,,,,,,,,,,,,0,0,0,0,0,0,0,0,0,0,0,0,0,0,0,0,0,0,0,0,0,0,0,0,0,0,0,0,0,1,0,1,0,0,0,,0,0,0,0,0,0,0,0,0,0,0,0,0,0,0,0,,,,,,,,City street,U,Saturday,Unknown,PV,Not Fatal,0,0,0,0,City Street,County Sheriff,King County Police,0,0,0,1,0,,,,,,,,,,,,,,,,,,,,,,,,,,,,,,,,,,,,,,,,,,,
2021,600,635599,346,06-01-2021,15:26,1,6,June,,63,Spokane,1165,1,,1,1,2,1,1,1,1,,,,8,0,0,No vehicle,0,1,0,1,No intersection,4,2,4,6,0,0,0,0,N LIBERTY LAKE RD,,-117.1068778,47.66875833,99019,0,1,13,Pedestrian/Animal,80,5,98,14,0,0,1,5,8,1,1,2,1,11,Turning Red: Permitted on red,1,2,53,,0,49,34,1991,0,0,63,39,,,,,1,1,21,1,7,1,4,0,3,0,11,1,02/19/2017,23:50,1.96E+11,8893,0,0,0,3,1,0,0,0,0,96,,,,,,99,,,,,,98311,53,68,145,6,1,0,0,0,2,0,0,,,,,,4,08-15-2015,10-15-2015,1,0,0,0,0,9,8,,,0,0,0,8,9,2,348,522,605,1,1,1,2,1,0,,,,,,,,,,,,,,,,,,,,,,,,,,,,,,0,0,0,0,0,0,1,1,1,0,0,0,1,0,0,0,0,0,0,0,0,0,0,1,1,0,0,0,0,1,0,0,0,0,0,,1,0,0,0,0,0,1,1,0,1,0,0,0,0,1,0,,,,,,21-25,16-25,City street,U,Saturday,Belt Used,PV,White,0,1,0,0,City Street,Municipal/City Police,Bremerton Police Department,1,0,0,1,0,thc,3.6,carboxy-thc,20,,,,,,,,,,,,,,,,,,,,,,,,,,,,,,,,,,,,,,,
2021,601,635841,35,08-23-2021,21:39,23,8,Aug,,53,Pierce,0,1,,2,1,1,1,0,1,1,,,,42,0,0,No vehicle,0.3,1,0,1,No intersection,6,1,2,4,0,0,0,0,CR-TIEDMAN ROAD KP N,,-122.7964694,47.25771389,98349,0,1,1,Driver Off Road,9,1,35,14,0,0,1,2,42,1,1,2,1,1,Going Straight,1,2,53,,0,20,481,1991,0,0,8,,,,,,1,1,74,1,0,0,0,0,3,0,11,0,,,,,0,0,3,3,1,0,0,0,0,92,,,,,,0,,,,,,99218,53,73,175,6,1,0,0,1,0,0,0,,,,,,0,01-15-2013,01-15-2013,20,0,0,0,8,9,8,,,0,0,0,8,0,2,1,0,0,1,0,0,2,1,0,,,,,,,,,,,,,,,,,,,,,,,,,,,,,,0,0,0,1,0,0,0,0,0,1,1,1,0,0,0,0,1,1,0,0,0,0,0,0,0,1,1,0,0,0,0,1,0,0,0,,0,0,0,0,0,0,0,0,1,0,0,0,0,0,0,0,,,,,,71-75,66-75,US highway,U,Saturday,Belt Used,PV,Not Fatal,1,0,0,0,State Route,Municipal/City Police,Spokane Police Department,0,1,0,0,0,,,,,,,,,,,,,,,,,,,,,,,,,,,,,,,,,,,,,,,,,,,
2021,602,636150,248,12-06-2021,09:22,6,12,Dec,,33,King,1830,10,,1,2,2,1,1,1,1,,,,8,0,0,No vehicle,,1,0,1,No intersection,3,2,4,6,0,0,0,0,S GRADY WAY,,-122.2123028,47.471,98057,0,1,13,Pedestrian/Animal,80,5,98,61,0,0,1,2,8,8,8,2,1,11,Turning Red: Permitted on red,1,3,53,,0,37,401,1995,0,0,64,24,1,3,,,1,1,24,1,7,2,4,7,3,0,11,0,02-08-2017,06:24,73553008086,8086,0,0,0,3,1,0,0,0,0,96,,,,,,9,,,,,,98908,53,71,195,6,1,0,0,0,0,0,0,,,,,,5,,,99,0,0,1,0,1,8,,,0,0,0,9,1,2,605,996,0,1,1,0,2,1,0.085,,,,,,,,,,,,,,,,,,,,,,,,,,,,,,0,0,1,0,1,1,1,1,1,0,0,0,1,0,0,0,0,0,0,0,0,0,0,1,1,0,0,0,0,1,0,0,0,0,0,,1,0,0,0,0,1,1,1,0,1,0,0,0,0,0,1,,,,,,21-25,16-25,Interstate,R,Wednesday,Belt Used,PV,Black,0,1,0,0,State Route,State Patrol,Washington State Patrol Headquarter,1,1,0,0,0,thc,8.6,carboxy-thc,41,,,,,,,,,,,,,,,,,,,,,,,,,,,,,,,,,,,,,,,
2021,603,635377,278,02-06-2021,20:00,6,2,Feb,,63,Spokane,2110,10,,3,1,2,1,1,1,1,,,,8,0,0,No vehicle,0,1,0,1,No intersection,3,2,4,6,0,0,0,0,E FRANCIS AVE,,-117.3980417,47.71501111,99208,0,1,13,Pedestrian/Animal,80,5,98,2,0,0,1,5,8,8,8,5,5,1,Going Straight,1,2,53,,0,85,881,2014,0,0,12,,,,,,1,1,37,1,0,0,1,0,3,0,11,0,,,,,6,1,0,3,1,0,0,0,0,0,,,,,,0,,,,,,98948,53,72,210,6,1,0,0,0,0,0,0,,,,,,0,,,20,0,0,0,8,9,8,,,0,0,0,8,0,0,0,0,0,0,0,0,0,0,996,,,,,,,,,,,,,,,,,,,,,,,,,,,,,,0,0,0,0,0,0,0,0,0,0,0,0,1,1,0,0,0,0,0,0,0,0,0,0,0,0,0,0,0,1,1,0,0,0,0,,0,0,0,0,0,0,0,0,0,0,0,0,0,0,0,0,,,,,,36-40,36-45,State route,R,Wednesday,,MHTRUCK,Not Fatal,0,1,1,0,State Route,State Patrol,Washington State Patrol Headquarter,0,1,0,0,0,,,,,,,,,,,,,,,,,,,,,,,,,,,,,,,,,,,,,,,,,,,
2021,604,635464,40,03-16-2021,22:08,16,3,March,,63,Spokane,0,1,,2,1,2,1,0,1,1,,,,1,0,0,No vehicle,8.6,1,0,1,No intersection,5,1,2,4,0,0,0,0,CR-N MONROE RD,,-117.4983222,47.917725,99006,0,1,1,Driver Off Road,13,2,45,2,0,0,1,2,1,1,1,2,1,1,Going Straight,1,9,99,,0,6,442,2000,0,0,68,68,68,12,,,1,1,48,1,0,0,3,0,3,0,11,4,,,,,0,0,0,0,1,28,87,0,0,96,,,,,,0,,,,,,99301,53,66,170,0,0,0,0,0,0,0,23,,,,,,4,,,8,0,0,0,8,9,8,,,0,0,0,8,0,0,0,0,0,0,0,0,0,0,996,,,,,,,,,,,,,,,,,,,,,,,,,,,,,,0,0,0,0,0,0,0,0,0,0,0,0,1,1,0,0,0,0,0,0,0,0,0,0,0,0,0,0,0,1,1,0,0,0,0,,0,0,0,0,0,0,0,0,0,1,0,1,0,0,0,0,,,,,,46-50,46-55,State route,R,Wednesday,Belt Used,PV,Not Fatal,0,1,1,0,State Route,State Patrol,Washington State Patrol Headquarter,0,1,0,0,0,,,,,,,,,,,,,,,,,,,,,,,,,,,,,,,,,,,,,,,,,,,