year,something,Cases,repjur,crash_dt,crash_tm,accday,Month,Month,holiday,county,co_char,city,weather,weather2,lightcond,surfcond,surftype,Number of Fatalities,nmforms,pforms,vforms,not_tm,arr_tm,hosp_tm,fhevent,hitrun,Manner of Collision,Manner of Collision,milepnt,reljunc,reljuncinter,intersectiontype,Intersection Type,funcsystem,landuse,ownership,route,schlbus,spejur,contdev,devfunc,trafid1,trafid2,x,y,zipcode,wk_zone,vnumber,crashtype,Crash Type,criticalevent,criticaleventcat,spdlim,body,trailer,emerg,hazcargo,leave,mhevent,roadalgn,roadprof,traflane,trafflow,Vehicle Manure,Vehicle Manure,numoccs,regowner,regstate,,spuse,make,model,modelyr,vrf1,vrf2,seqevent1,seqevent2,seqevent3,seqevent4,seqevent5,seqevent6,pnumber,ptype,age,sex,hispanic,race,injury,diedscene,restraint,restraintmisuse,seatpos,takehosp,death_dt,death_tm,cert,cernum_wa,commlic,licendor,licrestrict,liccomp,drivpres,drf1,drf2,drf3,drf4,distract1,distract2,distract3,distract4,distract5,distract6,dricond1,dricond2,dricond3,dricond4,dricond5,dricond6,dzip,licstate,drhgt_in,weight,noncdl,noncdltype,prevdwi,prevoth,prevacc,prevspd,prevsus,driviol1,driviol2,driviol3,driviol4,driviol5,driviol6,spdrel,first_dt,last_dt,airbag,ejection,ejectpath,extricat,injurwrk,methalc,methdrug,nmlocat,strikveh,prf1,prf2,prf3,druginv,alcinvol,drugsts,drugres1,drugres2,drugres3,drugtst1,drugtst2,drugtst3,alcsts,alctst,alcres,nmact1,nmact2,nmact3,nmact4,nmact5,nmact6,nmprior1,nmprior2,nmprior3,nmprior4,nmprior5,nmprior6,nmcond1,nmcond2,nmcond3,nmcond4,nmcond5,nmcond6,nmsafe_helmet,nmsafe_pads,nmsafe_oth,nmprev_ref,nmprev_lgt,nmprev_oth,crashlocation,nmcrashtype,crosswalk,schoolzone,sidewalk,train_inv,wildlife_inv,rotr_fars,intersect_fars,Drink and Drive,aid_inv,Drug Positive Drivers,Impaired Drivers,Marijuana Positive,impnm_inv,ainm_inv,dpnm_inv,speed_inv,unlic_inv,unendmc_inv,drowsy_inv,drdist_inv,nmdist_inv,fty_inv,unrestfat_inv,dr1617_inv,dr1820_inv,dr1620_inv,dr2125_inv,dr1625_inv,dr65_inv,dr70_inv,dr75_inv,mc_inv,pv_inv,ht_inv,ped_inv,bike_inv,unrest_fat,mc_fat,unhelmet_mc,pv_fat,ht_fat,ped_fat,bike_fat,dr_alc7,dr_alc8,dr_drug,dr_imp,dr_dist,dr_spd,dr_fty,dr_unlic,dr_alc7only,dr_alc8only,dr_drugonly,dr_drink,nm_imp,nm_alc7,nm_alc8,nm_drug,nm_dist,agegrp1,agegrp2,roadclass,urbrur,dayweek,restuse,vehtype,race_me,intersect,lanedep,oppdir,wrongway,rep_typ,investag,repag_long,rotr,st_rd,cty_rd,city_rd,oth_rd,drug_thc,thc_res,drug_cthc,cthc_res,drug_cann,prevpersemin,prevperse,prevsusoth,drugtst4,drugtst5,drugtst6,drugtst7,drugtst8,drugres4,drugres5,drugres6,drugres7,drugres8,adspresent,adsengaged,adslevel,race1,race2,race3,race4,race5,helmet,helmetmisuse,nmdistract1,nmdistract2,nmdistract3,nmdistract4,nmdistract5,nmdistract6,lab,isedtcase,crf1,crf2,crf3,CoRoadName,CoMP,IntCoRoadName,IntCoMP
2021,605,635495,63,04-07-2021,17:28,7,4,April,,33,King,146,2,,1,2,2,1,0,3,2,,,,12,0,6,Angle,7.7,2,0,3,T Intersection,3,2,1,3,0,0,0,0,SR-169,BAKER ST,-122.0036167,47.30945833,98010,0,2,83,Others,67,4,35,34,1,0,1,2,12,1,1,2,1,1,Going Straight,2,1,53,,0,52,46,2004,0,0,68,64,38,42,,,1,1,27,1,7,1,4,7,2,0,11,0,02-06-2017,02:16,2.37E+11,6663,0,0,3,2,1,0,0,0,0,96,,,,,,99,,,,,,98606,53,72,155,1,1,1,0,0,1,4,0,,,,,,9,07-15-2015,10-15-2015,1,0,0,0,0,9,8,,,0,0,0,9,9,2,1,0,0,1,0,0,2,1,0.26,,,,,,,,,,,,,,,,,,,,,,,,,,,,,,0,0,1,0,1,1,0,1,0,0,0,0,0,1,0,0,0,0,0,0,0,0,0,0,0,0,0,0,0,1,0,0,0,0,0,,1,0,0,0,0,1,0,1,0,0,0,1,0,1,0,1,,,,,,26-30,26-35,County road,R,Monday,Belt Used,PV,White,0,1,0,0,County Road,County Sheriff,Clark County Sheriff's Office,1,0,1,0,0,,,,,,,,,,,,,,,,,,,,,,,,,,,,,,,,,,,,,,,,,,,
2021,605,635494,63,04-07-2021,17:28,7,4,April,,33,King,146,2,,1,2,2,1,0,3,2,,,,12,0,6,Angle,7.7,2,0,3,T Intersection,3,2,1,3,0,0,20,3,SR-169,BAKER ST,-122.0036167,47.30945833,98010,0,1,82,Turn Into Opp Direction(Turning Left),15,2,35,6,0,0,1,2,12,1,1,2,1,11,Turning Red: Permitted on red,1,1,53,,0,35,47,2010,0,0,8,,,,,,1,1,22,2,0,0,0,0,3,0,11,0,,,,,0,0,0,3,1,0,0,0,0,93,,,,,,98,,,,,,98611,53,67,130,6,1,0,0,0,7,0,0,,,,,,9,05-15-2013,01-15-2017,20,0,0,0,8,3,2,,,0,0,0,0,0,0,0,0,0,0,0,0,0,0,996,,,,,,,,,,,,,,,,,,,,,,,,,,,,,,0,0,0,0,0,0,0,0,0,1,0,1,0,0,0,0,1,0,0,0,0,0,0,1,1,0,0,0,0,1,0,1,0,0,0,,0,0,0,0,0,0,0,0,1,0,0,0,0,0,0,0,,,,,,21-25,16-25,State route,U,Sunday,Belt Used,PV,Not Fatal,0,0,0,0,State Route,Municipal/City Police,Bellingham Police Department,0,1,0,0,0,,,,,,,,,,,,,,,,,,,,,,,,,,,,,,,,,,,,,,,,,,,
2021,606,635523,35,04-24-2021,23:33,24,4,April,,53,Pierce,0,2,,2,2,2,1,1,2,1,,,,8,0,0,No vehicle,4,1,0,1,No intersection,3,2,2,4,0,0,0,0,CR-BROOKDALE RD E,,-122.3633111,47.11259444,98446,0,1,13,Pedestrian/Animal,80,5,35,6,0,0,1,2,8,1,1,2,1,1,Going Straight,2,2,53,,0,98,804,2014,0,0,12,,,,,,1,1,57,1,0,0,0,0,3,0,11,0,,,,,6,1,3,3,1,0,0,0,0,0,,,,,,0,,,,,,83544,16,72,210,6,1,0,0,0,0,0,0,,,,,,0,,,20,0,0,0,8,9,8,,,0,0,0,8,0,0,0,0,0,0,0,0,0,0,996,,,,,,,,,,,,,,,,,,,,,,,,,,,,,,0,0,0,0,0,0,0,0,0,0,0,0,1,0,0,0,0,0,0,0,0,1,1,0,1,0,0,0,0,0,1,0,0,0,0,,0,0,0,0,0,0,0,0,0,0,0,0,0,0,0,0,,,,,,56-60,56-65,US highway,R,Friday,,MHTRUCK,Not Fatal,0,1,1,0,State Route,State Patrol,Washington State Patrol,0,1,0,0,0,,,,,,,,,,,,,,,,,,,,,,,,,,,,,,,,,,,,,,,,,,,
2021,607,635540,35,05-07-2021,22:50,7,5,May,,53,Pierce,0,1,,3,1,1,1,1,3,1,,,,8,0,0,No vehicle,5,1,0,1,No intersection,3,2,2,4,0,0,0,0,CR-176TH ST E,,-122.3302222,47.09652222,98375,0,1,13,Pedestrian/Animal,80,5,45,4,0,0,1,2,8,1,1,2,2,1,Going Straight,3,2,53,,0,12,471,1996,0,0,68,12,,,,,1,1,20,1,7,1,4,7,3,0,11,0,02-03-2017,09:50,53006172,6172,0,0,3,3,1,28,87,0,0,96,,,,,,99,,,,,,99223,53,69,150,6,1,0,0,1,1,0,0,,,,,,4,03-15-2013,12-15-2014,1,0,0,0,0,9,8,,,0,0,0,8,0,2,1,0,0,1,0,0,2,1,0,,,,,,,,,,,,,,,,,,,,,,,,,,,,,,0,0,0,0,0,0,0,0,0,0,0,0,1,0,0,0,0,0,0,0,0,1,1,0,1,0,0,0,0,0,1,0,0,0,0,,0,0,0,0,0,0,0,0,0,1,0,0,0,0,0,0,,,,,,18-20,16-25,US highway,R,Friday,Belt Used,PV,White,0,1,1,0,State Route,State Patrol,Washington State Patrol,0,1,0,0,0,,,,,,,,,,,,,,,,,,,,,,,,,,,,,,,,,,,,,,,,,,,
2021,608,635626,35,06-15-2021,06:12,15,6,June,,53,Pierce,0,10,,4,2,2,1,0,3,2,,,,12,0,2,Front-to-Front,4,1,0,1,No intersection,3,2,2,4,0,0,0,0,CR-SPANAWAY LOOP RD S,,-122.4604417,47.14588056,98444,0,2,51,Lateral Move(Going Straight),62,4,40,6,0,0,1,2,12,3,1,2,1,14,Making a U turn,2,1,53,,0,37,31,1991,0,0,12,,,,,,1,1,63,1,99,99,4,7,3,0,11,0,01/27/2017,10:11,53005725,5725,0,0,3,3,1,0,0,0,0,0,,,,,,0,,,,,,98312,53,74,375,6,1,0,0,1,0,0,0,,,,,,0,10-15-2016,10-15-2016,20,0,0,0,0,9,8,,,0,0,0,8,0,2,1,0,0,1,0,0,2,1,0,,,,,,,,,,,,,,,,,,,,,,,,,,,,,,0,0,0,0,0,0,0,0,0,0,0,0,0,0,0,0,0,0,1,0,0,0,0,0,0,0,0,0,0,1,0,0,0,0,0,,1,0,0,0,0,0,0,0,0,0,0,0,0,0,0,0,,,,,,61-65,56-65,State route,U,Friday,Belt Used,PV,Oth/Unk,0,0,0,0,State Route,State Patrol,Washington State Patrol,0,1,0,0,0,,,,,,,,,,,,,,,,,,,,,,,,,,,,,,,,,,,,,,,,,,,
2021,608,635625,35,06-15-2021,06:12,15,6,June,,53,Pierce,0,10,,4,2,2,1,0,3,2,,,,12,0,2,Front-to-Front,4,1,0,1,No intersection,3,2,2,4,0,0,0,0,CR-SPANAWAY LOOP RD S,,-122.4604417,47.14588056,98444,0,1,50,Lateral Move(Left/Right),10,2,40,34,0,0,1,2,12,2,1,2,1,14,Making a U turn,1,2,53,,0,13,13,2011,0,0,12,,,,,,1,1,64,2,0,0,1,0,3,0,11,6,,,,,0,0,3,3,1,38,0,0,0,96,,,,,,0,,,,,,98312,53,59,115,6,1,0,0,0,0,0,39,,,,,,0,,,1,0,0,0,8,3,2,,,0,0,0,0,0,0,0,0,0,0,0,0,0,0,996,,,,,,,,,,,,,,,,,,,,,,,,,,,,,,0,0,0,0,0,0,0,0,0,0,0,0,0,0,0,0,0,0,1,0,0,0,0,0,0,0,0,0,0,1,0,0,0,0,0,,0,0,0,0,0,0,0,0,0,0,1,0,0,0,0,0,,,,,,61-65,56-65,State route,U,Friday,Belt Used,PV,Not Fatal,0,0,0,0,State Route,State Patrol,Washington State Patrol,0,1,0,0,0,,,,,,,,,,,,,,,,,,,,,,,,,,,,,,,,,,,,,,,,,,,
2021,609,635668,129,06-24-2021,12:39,24,6,June,,53,Pierce,0,1,,1,1,2,1,0,4,2,,,,12,0,6,Angle,0,2,0,2,4 Way,5,2,2,6,0,3,20,3,68TH AVE E,10TH ST E,-122.3389444,47.24813889,98424,0,2,89,Others,66,4,30,14,0,0,1,2,12,1,2,2,1,4,Others,3,2,53,,0,22,16,2002,0,0,12,,,,,,1,1,18,1,0,0,1,0,3,0,11,8,,,,,0,0,0,3,1,0,0,0,0,0,,,,,,0,,,,,,98645,53,67,130,6,1,0,0,0,2,0,0,,,,,,0,12-15-2015,05-15-2016,1,0,0,0,8,9,8,,,0,0,0,8,0,0,0,0,0,0,0,0,0,0,996,,,,,,,,,,,,,,,,,,,,,,,,,,,,,,0,0,0,0,1,1,1,1,0,0,0,0,0,0,0,0,0,0,0,1,0,1,1,0,1,0,0,0,0,1,0,0,0,0,0,,0,0,0,0,0,0,0,0,0,0,0,0,0,0,0,0,,,,,,18-20,16-25,State route,R,Monday,Belt Used,PV,Not Fatal,0,1,1,0,State Route,State Patrol,Washington State Patrol,0,1,0,0,0,,,,,,,,,,,,,,,,,,,,,,,,,,,,,,,,,,,,,,,,,,,
2021,609,635667,129,06-24-2021,12:39,24,6,June,,53,Pierce,0,1,,1,1,2,1,0,4,2,,,,12,0,6,Angle,0,2,0,2,4 Way,5,2,2,6,0,3,20,3,68TH AVE E,10TH ST E,-122.3389444,47.24813889,98424,0,1,88,Striking from the Left,17,2,30,20,0,0,1,2,12,1,2,2,1,4,Others,1,3,53,,0,37,31,1998,0,0,68,12,,,,,1,1,42,1,7,1,4,7,20,0,11,0,01/23/2017,20:10,53005573,5573,6,0,3,3,1,28,0,0,0,96,,,,,,9,,,,,,98611,53,73,230,6,1,0,0,0,0,0,0,,,,,,0,,,1,0,0,0,0,1,8,,,0,0,0,8,1,2,155,996,996,1,1,1,2,1,0.13,,,,,,,,,,,,,,,,,,,,,,,,,,,,,,0,0,0,0,1,1,1,1,0,0,0,0,0,0,0,0,0,0,0,1,0,1,1,0,1,0,0,0,0,1,0,0,0,1,0,,1,0,0,0,0,1,1,1,0,0,0,0,0,0,0,1,,,,,,41-45,36-45,State route,R,Monday,Not Used,PV,White,0,1,1,0,State Route,State Patrol,Washington State Patrol,0,1,0,0,0,,,,,,,,,,,,,,,,,,,,,,,,,,,,,,,,,,,,,,,,,,,
2021,610,635676,346,06-29-2021,18:08,29,6,June,,63,Spokane,0,1,,1,1,2,1,0,2,2,,,,12,0,6,Angle,,2,0,2,4 Way,3,2,2,4,0,0,20,3,CR-N HARVARD RD,WELLESLEY AVE,-117.1117944,47.70037778,99027,0,1,83,Others,17,2,35,6,0,0,1,2,12,1,1,2,1,1,Going Straight,1,3,16,,0,6,43,2004,0,0,12,,,,,,1,1,22,1,1,98,4,0,3,0,11,4,01/25/2017,15:10,1.96E+11,4373,0,0,0,3,1,0,0,0,0,0,,,,,,0,,,,,,98901,53,70,125,6,1,0,0,1,1,0,0,,,,,,0,12-15-2012,07-15-2015,1,0,0,0,0,9,8,,,0,0,0,8,0,2,1,0,0,1,0,0,2,1,0,,,,,,,,,,,,,,,,,,,,,,,,,,,,,,0,0,0,0,1,1,1,1,1,0,0,0,0,0,0,0,0,0,0,0,0,0,0,1,1,0,0,0,0,1,0,0,0,0,0,,1,0,0,0,0,0,0,0,0,0,0,0,0,0,0,0,,,,,,21-25,16-25,Interstate,R,Tuesday,Belt Used,PV,Hispanic,0,0,0,1,State Route,State Patrol,Washington State Patrol,0,1,0,0,0,,,,,,,,,,,,,,,,,,,,,,,,,,,,,,,,,,,,,,,,,,,
2021,610,635677,346,06-29-2021,18:08,29,6,June,,63,Spokane,0,1,,1,1,2,1,0,2,2,,,,12,0,6,Angle,,2,0,2,4 Way,3,2,2,4,0,0,20,3,CR-N HARVARD RD,WELLESLEY AVE,-117.1117944,47.70037778,99027,0,2,82,Turn Into Opp Direction(Turning Left),66,4,35,14,0,0,1,2,12,1,1,2,1,11,Turning Red: Permitted on red,1,1,53,,0,55,36,2013,0,0,12,,,,,,1,1,27,1,0,0,3,0,3,0,11,8,,,,,0,0,0,3,1,51,0,0,0,96,,,,,,9,,,,,,98935,53,70,150,6,1,0,1,0,2,1,1,,,,,,0,11-15-2013,11-15-2015,1,0,0,0,8,1,8,,,0,0,0,8,1,2,605,0,0,1,0,0,2,1,0.18,,,,,,,,,,,,,,,,,,,,,,,,,,,,,,0,0,0,0,1,1,1,1,1,0,0,0,0,0,0,0,0,0,0,0,0,0,0,1,1,0,0,0,0,1,0,0,0,0,0,,0,0,0,0,0,1,1,1,0,0,0,0,0,0,0,1,,,,,,26-30,26-35,Interstate,R,Tuesday,Belt Used,PV,Not Fatal,0,0,0,1,State Route,State Patrol,Washington State Patrol,0,1,0,0,0,thc,6.2,carboxy-thc,18,,,,,,,,,,,,,,,,,,,,,,,,,,,,,,,,,,,,,,,
2021,611,636149,130,11-28-2021,06:18,28,11,Nov,,53,Pierce,750,1,,3,2,2,1,1,2,2,,,,14,0,0,No vehicle,0,1,0,1,No intersection,5,2,4,6,0,0,0,0,CLAREMONT ST,,-122.5146472,47.22463611,98466,0,1,11,Others,98,7,25,6,0,0,1,2,14,1,1,2,1,1,Going Straight,2,1,53,,0,49,32,1989,0,0,63,1,,,,,1,1,53,2,7,1,4,7,99,0,11,0,01/30/2017,12:38,58053005431,5431,0,0,3,3,1,0,0,0,0,96,,,,,,9,,,,,,98304,53,65,125,6,1,0,0,0,0,0,0,,,,,,0,,,20,0,0,0,0,9,8,,,0,0,0,1,1,2,605,0,0,1,0,0,2,1,0.29,,,,,,,,,,,,,,,,,,,,,,,,,,,,,,0,0,1,0,1,1,1,1,1,0,0,0,0,0,0,0,0,0,0,0,0,0,0,0,0,0,0,0,0,1,0,0,0,0,0,,1,0,0,0,0,1,1,1,0,0,0,0,0,0,0,1,,,,,,51-55,46-55,County road,R,Monday,Unknown,PV,White,0,1,0,0,County Road,County Sheriff,Law Enforcement Support Agency,1,0,1,0,0,thc,3.3,,,,,,,,,,,,,,,,,,,,,,,,,,,,,,,,,,,,,,,,,
2021,612,636216,25,12-15-2021,19:26,15,12,Dec,,33,King,229,10,,3,2,2,1,0,3,3,,,,12,0,6,Angle,,2,0,2,4 Way,3,2,4,6,0,0,3,3,1ST AVE S,S 136th St,-122.333825,47.4813,98168,0,3,98,Others,66,4,35,4,0,0,1,5,12,1,1,4,1,1,Going Straight,1,1,53,,0,7,472,2000,0,0,63,8,,,,,1,1,21,1,0,0,0,0,3,0,11,0,,,,,0,0,0,3,1,0,0,0,0,13,,,,,,0,,,,,,99027,53,73,190,6,1,0,6,0,6,0,69,,,,,,0,09-15-2013,11-15-2016,20,0,0,0,8,9,8,,,0,0,0,8,0,0,0,0,0,0,0,0,0,0,996,,,,,,,,,,,,,,,,,,,,,,,,,,,,,,0,0,0,0,0,0,0,0,0,1,1,1,0,0,0,0,1,0,0,0,0,0,0,1,1,0,0,0,0,0,0,1,0,0,0,,0,0,0,0,0,0,0,0,1,0,0,0,0,0,0,0,,,,,,21-25,16-25,State route,U,Sunday,Belt Used,PV,Not Fatal,0,0,0,0,State Route,State Patrol,Washington State Patrol,0,1,0,0,0,,,,,,,,,,,,,,,,,,,,,,,,,,,,,,,,,,,,,,,,,,,
2021,612,636215,25,12-15-2021,19:26,15,12,Dec,,33,King,229,10,,3,2,2,1,0,3,3,,,,12,0,6,Angle,,2,0,2,4 Way,3,2,4,6,0,0,3,3,1ST AVE S,S 136th St,-122.333825,47.4813,98168,0,2,89,Others,66,4,35,4,0,0,1,5,12,1,1,4,1,1,Going Straight,1,1,53,,0,12,481,1999,0,0,12,,,,,,1,1,52,2,0,0,1,0,3,0,11,4,,,,,0,0,0,3,1,0,0,0,0,0,,,,,,0,,,,,,98849,53,67,160,6,1,0,0,0,0,0,0,,,,,,0,,,20,0,0,0,8,9,8,,,0,0,0,8,0,2,1,0,0,1,0,0,2,1,0,,,,,,,,,,,,,,,,,,,,,,,,,,,,,,0,0,0,1,0,0,0,0,0,0,0,0,0,0,0,0,0,0,1,0,0,0,0,0,0,0,0,0,0,1,0,0,0,0,0,,0,0,0,0,0,0,0,0,0,0,0,0,0,0,0,0,,,,,,51-55,46-55,State route,U,Sunday,Belt Used,PV,Not Fatal,1,0,0,0,State Route,State Patrol,Washington State Patrol,0,1,0,0,0,,,,,,,,,,,,,,,,,,,,,,,,,,,,,,,,,,,,,,,,,,,
2021,612,636214,25,12-15-2021,19:26,15,12,Dec,,33,King,229,10,,3,2,2,1,0,3,3,,,,12,0,6,Angle,,2,0,2,4 Way,3,2,4,6,0,0,3,3,1ST AVE S,S 136th St,-122.333825,47.4813,98168,0,1,88,Striking from the Left,17,2,35,20,0,0,1,5,12,1,1,4,1,1,Going Straight,1,1,53,,0,49,40,2003,0,0,12,,,,,,1,1,28,1,7,1,4,7,3,0,11,0,01/22/2017,14:46,53003474,3474,0,0,3,3,1,38,0,0,0,96,,,,,,0,,,,,,99337,53,72,150,6,1,0,1,2,1,0,0,,,,,,0,05-15-2014,12-15-2016,20,0,0,0,0,9,8,,,0,0,0,8,0,2,1,0,0,1,0,0,2,1,0,,,,,,,,,,,,,,,,,,,,,,,,,,,,,,0,0,0,1,0,0,0,0,0,0,0,0,0,0,0,0,0,0,1,0,0,0,0,0,0,0,0,0,0,1,0,0,0,0,0,,1,0,0,0,0,0,0,0,0,0,1,0,0,0,0,0,,,,,,26-30,26-35,State route,U,Sunday,Belt Used,PV,White,1,0,0,0,State Route,State Patrol,Washington State Patrol,0,1,0,0,0,,,,,,,,,,,,,,,,,,,,,,,,,,,,,,,,,,,,,,,,,,,
2021,613,635646,171,06-25-2021,15:50,25,6,June,,33,King,1107,1,,1,1,2,1,0,4,2,,,,12,0,1,Front-to-Rear,5.7,1,0,1,No intersection,3,2,1,3,0,0,0,0,SR-522,,-122.2797861,47.75220556,98155,0,1,28,Others,52,3,40,80,0,0,1,2,12,8,8,6,1,1,Going Straight,1,2,6,,0,6,52,2002,0,0,63,8,40,,,,1,1,55,2,0,0,0,0,3,0,11,0,,,,,0,0,3,3,1,0,0,0,0,92,,,,,,99,,,,,,98020,53,65,250,6,1,0,0,0,0,0,0,,,,,,0,,,20,0,0,0,8,9,8,,,0,0,0,8,9,0,0,0,0,0,0,0,0,0,996,,,,,,,,,,,,,,,,,,,,,,,,,,,,,,0,0,1,0,0,0,0,0,0,1,0,1,0,0,0,0,1,0,0,0,0,0,0,0,0,0,0,0,0,1,0,1,0,0,0,,0,0,0,0,0,0,0,0,1,0,0,0,0,0,0,0,,,,,,51-55,46-55,City street,U,Wednesday,Belt Used,PV,Not Fatal,0,0,0,0,City Street,Municipal/City Police,Everett Police Department,0,0,0,1,0,,,,,,,,,,,,,,,,,,,,,,,,,,,,,,,,,,,,,,,,,,,
2021,613,635647,171,06-25-2021,15:50,25,6,June,,33,King,1107,1,,1,1,2,1,0,4,2,,,,12,0,1,Front-to-Rear,5.7,1,0,1,No intersection,3,2,1,3,0,0,0,0,SR-522,,-122.2797861,47.75220556,98155,0,2,29,Others,53,3,40,6,0,0,1,5,12,8,8,6,1,2,Others,3,1,53,,0,49,482,2002,0,0,63,3,,,,,1,1,23,1,7,1,4,7,99,0,11,0,01-07-2017,17:55,1.44E+11,1596,0,0,0,3,1,87,0,0,0,96,,,,,,99,,,,,,99350,53,71,165,6,1,0,0,0,0,0,0,,,,,,4,,,20,0,0,0,0,1,8,,,0,0,0,8,1,2,1,0,0,1,0,0,2,1,0.082,,,,,,,,,,,,,,,,,,,,,,,,,,,,,,0,0,0,0,1,1,0,1,0,0,0,0,1,0,0,0,0,0,0,0,0,0,0,1,1,0,0,0,0,0,0,0,0,0,0,,0,0,0,0,0,1,0,1,0,1,0,0,0,1,0,1,,,,,,21-25,16-25,US highway,U,Saturday,Unknown,PV,White,0,1,0,0,State Route,State Patrol,Washington State Patrol,1,1,0,0,0,,,,,,,,,,,,,,,,,,,,,,,,,,,,,,,,,,,,,,,,,,,
2021,614,635803,213,08-09-2021,15:58,9,8,Aug,,33,King,532,1,,1,1,2,1,0,2,2,,,,12,0,2,Front-to-Front,24.5,1,0,1,No intersection,3,2,1,3,0,0,0,0,SR-509,,-122.3325417,47.40835833,98198,0,2,51,Lateral Move(Going Straight),62,4,35,4,0,0,1,2,12,3,2,2,1,14,Making a U turn,1,1,53,,0,52,40,2003,0,0,12,,,,,,1,1,31,1,0,0,3,0,20,0,11,4,,,,,0,0,0,3,1,0,0,0,0,0,,,,,,0,,,,,,98837,53,73,185,6,1,0,3,0,3,0,0,,,,,,0,02-15-2013,01-15-2016,1,0,0,0,8,9,8,,,0,0,0,8,0,0,0,0,0,0,0,0,0,0,996,,,,,,,,,,,,,,,,,,,,,,,,,,,,,,0,0,0,0,1,1,0,1,0,0,0,0,0,1,0,0,0,0,0,1,0,0,0,1,1,0,0,0,0,1,0,0,0,0,0,,0,0,0,0,0,0,0,0,0,0,0,0,0,0,0,0,,,,,,31-35,26-35,State route,R,Monday,Not Used,PV,Not Fatal,0,1,1,0,State Route,State Patrol,Washington State Patrol,0,1,0,0,0,,,,,,,,,,,,,,,,,,,,,,,,,,,,,,,,,,,,,,,,,,,
2021,614,635802,213,08-09-2021,15:58,9,8,Aug,,33,King,532,1,,1,1,2,1,0,2,2,,,,12,0,2,Front-to-Front,24.5,1,0,1,No intersection,3,2,1,3,0,0,0,0,SR-509,,-122.3325417,47.40835833,98198,0,1,50,Lateral Move(Left/Right),10,2,35,4,0,0,1,2,12,2,2,2,1,14,Making a U turn,1,2,53,,0,55,33,2013,0,0,12,,,,,,1,1,40,1,0,0,0,0,3,0,11,0,,,,,0,0,3,3,1,0,0,0,0,0,,,,,,0,,,,,,98837,53,68,250,6,1,0,0,0,0,0,0,,,,,,0,,,20,0,0,0,8,9,8,,,0,0,0,8,0,0,0,0,0,0,0,0,0,0,996,,,,,,,,,,,,,,,,,,,,,,,,,,,,,,0,0,0,0,1,1,0,1,0,0,0,0,0,1,0,0,0,0,0,1,0,0,0,1,1,0,0,0,0,1,0,0,0,0,0,,0,0,0,0,0,0,0,0,0,0,0,0,0,0,0,0,,,,,,36-40,36-45,State route,R,Monday,Belt Used,PV,Not Fatal,0,1,1,0,State Route,State Patrol,Washington State Patrol,0,1,0,0,0,,,,,,,,,,,,,,,,,,,,,,,,,,,,,,,,,,,,,,,,,,,
2021,615,635340,263,01-03-2021,07:00,3,1,Jan,,33,King,1960,2,,3,2,2,1,0,1,1,,,,30,0,0,No vehicle,32.7,1,0,1,No intersection,3,2,1,3,0,0,0,0,SR-99,,-122.3448556,47.71500278,98133,0,1,1,Driver Off Road,13,2,35,14,0,0,1,5,30,1,2,2,1,1,Going Straight,1,2,53,,0,37,31,1999,0,0,68,12,12,,,,1,1,21,1,0,0,3,0,20,0,11,4,,,,,0,0,0,2,1,28,91,0,0,96,,,,,,9,,,,,,99344,53,67,135,1,1,1,1,0,5,4,1,,,,,,0,08-15-2012,07-15-2016,1,0,0,0,8,1,8,,,0,0,0,8,1,2,1,0,0,1,0,0,2,1,0.18,,,,,,,,,,,,,,,,,,,,,,,,,,,,,,0,0,0,0,1,1,0,1,0,0,0,0,0,1,0,0,0,0,0,1,0,0,0,1,1,0,0,0,0,1,0,0,0,0,0,,0,0,0,0,0,1,0,1,0,0,0,1,0,1,0,1,,,,,,21-25,16-25,State route,R,Monday,Not Used,PV,Not Fatal,0,1,1,0,State Route,State Patrol,Washington State Patrol,0,1,0,0,0,,,,,,,,,,,,,,,,,,,,,,,,,,,,,,,,,,,,,,,,,,,
2021,616,635350,2,01-16-2021,18:15,16,1,Jan,,57,Skagit,0,1,,3,1,2,1,0,1,1,,,,42,0,0,No vehicle,,1,0,1,No intersection,7,1,2,4,0,0,0,0,CR-PACIFIC HWY,,-122.3189861,48.30686111,98273,0,1,6,Drive off road,12,2,50,5,0,0,1,5,42,2,1,2,1,14,Making a U turn,1,1,53,,0,49,43,2000,0,0,12,,,,,,1,1,63,1,7,1,4,0,3,0,11,4,01/26/2017,05:30,1.96E+11,4513,0,0,3,3,1,0,0,0,0,96,,,,,,0,,,,,,98034,53,71,145,6,1,0,1,0,0,0,97,,,,,,0,01-15-2016,01-15-2016,8,0,0,0,0,9,8,,,0,0,0,8,0,0,0,0,0,0,0,0,0,0,996,,,,,,,,,,,,,,,,,,,,,,,,,,,,,,0,0,0,1,1,0,0,0,0,0,0,0,0,0,0,0,0,0,0,0,0,0,0,0,0,0,0,0,0,1,1,0,0,0,0,,1,0,0,0,0,0,0,0,0,0,0,0,0,0,0,0,,,,,,61-65,56-65,County road,U,Tuesday,Belt Used,PV,White,1,0,0,0,County Road,County Sheriff,King County Police,0,0,1,0,0,,,,,,,,,,,,,,,,,,,,,,,,,,,,,,,,,,,,,,,,,,,