year,something,Cases,repjur,crash_dt,crash_tm,accday,Month,Month,holiday,county,co_char,city,weather,weather2,lightcond,surfcond,surftype,Number of Fatalities,nmforms,pforms,vforms,not_tm,arr_tm,hosp_tm,fhevent,hitrun,Manner of Collision,Manner of Collision,milepnt,reljunc,reljuncinter,intersectiontype,Intersection Type,funcsystem,landuse,ownership,route,schlbus,spejur,contdev,devfunc,trafid1,trafid2,x,y,zipcode,wk_zone,vnumber,crashtype,Crash Type,criticalevent,criticaleventcat,spdlim,body,trailer,emerg,hazcargo,leave,mhevent,roadalgn,roadprof,traflane,trafflow,Vehicle Manure,Vehicle Manure,numoccs,regowner,regstate,,spuse,make,model,modelyr,vrf1,vrf2,seqevent1,seqevent2,seqevent3,seqevent4,seqevent5,seqevent6,pnumber,ptype,age,sex,hispanic,race,injury,diedscene,restraint,restraintmisuse,seatpos,takehosp,death_dt,death_tm,cert,cernum_wa,commlic,licendor,licrestrict,liccomp,drivpres,drf1,drf2,drf3,drf4,distract1,distract2,distract3,distract4,distract5,distract6,dricond1,dricond2,dricond3,dricond4,dricond5,dricond6,dzip,licstate,drhgt_in,weight,noncdl,noncdltype,prevdwi,prevoth,prevacc,prevspd,prevsus,driviol1,driviol2,driviol3,driviol4,driviol5,driviol6,spdrel,first_dt,last_dt,airbag,ejection,ejectpath,extricat,injurwrk,methalc,methdrug,nmlocat,strikveh,prf1,prf2,prf3,druginv,alcinvol,drugsts,drugres1,drugres2,drugres3,drugtst1,drugtst2,drugtst3,alcsts,alctst,alcres,nmact1,nmact2,nmact3,nmact4,nmact5,nmact6,nmprior1,nmprior2,nmprior3,nmprior4,nmprior5,nmprior6,nmcond1,nmcond2,nmcond3,nmcond4,nmcond5,nmcond6,nmsafe_helmet,nmsafe_pads,nmsafe_oth,nmprev_ref,nmprev_lgt,nmprev_oth,crashlocation,nmcrashtype,crosswalk,schoolzone,sidewalk,train_inv,wildlife_inv,rotr_fars,intersect_fars,Drink and Drive,aid_inv,Drug Positive Drivers,Impaired Drivers,Marijuana Positive,impnm_inv,ainm_inv,dpnm_inv,speed_inv,unlic_inv,unendmc_inv,drowsy_inv,drdist_inv,nmdist_inv,fty_inv,unrestfat_inv,dr1617_inv,dr1820_inv,dr1620_inv,dr2125_inv,dr1625_inv,dr65_inv,dr70_inv,dr75_inv,mc_inv,pv_inv,ht_inv,ped_inv,bike_inv,unrest_fat,mc_fat,unhelmet_mc,pv_fat,ht_fat,ped_fat,bike_fat,dr_alc7,dr_alc8,dr_drug,dr_imp,dr_dist,dr_spd,dr_fty,dr_unlic,dr_alc7only,dr_alc8only,dr_drugonly,dr_drink,nm_imp,nm_alc7,nm_alc8,nm_drug,nm_dist,agegrp1,agegrp2,roadclass,urbrur,dayweek,restuse,vehtype,race_me,intersect,lanedep,oppdir,wrongway,rep_typ,investag,repag_long,rotr,st_rd,cty_rd,city_rd,oth_rd,drug_thc,thc_res,drug_cthc,cthc_res,drug_cann,prevpersemin,prevperse,prevsusoth,drugtst4,drugtst5,drugtst6,drugtst7,drugtst8,drugres4,drugres5,drugres6,drugres7,drugres8,adspresent,adsengaged,adslevel,race1,race2,race3,race4,race5,helmet,helmetmisuse,nmdistract1,nmdistract2,nmdistract3,nmdistract4,nmdistract5,nmdistract6,lab,isedtcase,crf1,crf2,crf3,CoRoadName,CoMP,IntCoRoadName,IntCoMP
2021,617,635400,248,02-12-2021,11:45,12,2,Feb,,33,King,1830,1,,1,1,2,1,0,1,1,,,,41,0,0,No vehicle,4.1,1,0,1,No intersection,3,2,1,3,0,0,0,0,SR-900,,-122.1953056,47.50234167,98056,0,1,1,Driver Off Road,8,1,40,4,0,0,1,2,41,2,3,4,1,14,Making a U turn,1,1,53,,0,7,881,2013,0,0,12,,,,,,1,1,46,1,0,0,0,0,3,0,11,0,,,,,8,0,0,3,1,0,0,0,0,96,,,,,,98,,,,,,98077,53,71,192,6,1,0,0,0,0,1,97,,,,,,0,11-15-2012,11-15-2012,20,0,0,0,8,9,8,,,0,0,0,8,1,0,0,0,0,0,0,0,0,0,996,,,,,,,,,,,,,,,,,,,,,,,,,,,,,,0,0,0,1,1,0,0,0,0,0,0,0,0,0,0,0,0,0,0,0,0,0,0,0,0,0,0,0,0,1,1,0,0,0,0,,0,0,0,0,0,0,0,0,0,0,0,0,0,0,0,1,,,,,,46-50,46-55,County road,U,Tuesday,,MHTRUCK,Not Fatal,1,0,0,0,County Road,County Sheriff,King County Police,0,0,1,0,0,,,,,,,,,,,,,,,,,,,,,,,,,,,,,,,,,,,,,,,,,,,
2021,618,635536,330,05-02-2021,19:57,2,5,May,,77,Yakima,2590,1,,1,1,2,1,0,2,2,,,,12,0,6,Angle,0,2,0,3,T Intersection,7,2,4,6,0,0,0,0,E MAPLE ST,S 8th St,-120.492325,46.59842778,98901,0,1,68,Initial Opposite Direction(Left/Right),15,2,25,4,0,0,1,5,12,1,1,2,1,11,Turning Red: Permitted on red,1,2,53,,0,14,21,2009,0,0,12,,,,,,1,1,58,2,0,0,0,0,3,0,11,0,,,,,0,0,0,3,1,0,0,0,0,0,,,,,,0,,,,,,98937,53,63,160,6,1,0,0,0,0,0,0,,,,,,0,,,8,0,0,0,8,9,8,,,0,0,0,8,0,0,0,0,0,0,0,0,0,0,996,,,,,,,,,,,,,,,,,,,,,,,,,,,,,,0,0,0,1,0,0,0,0,0,0,0,0,0,0,0,0,0,0,0,0,0,0,0,1,1,0,0,0,0,1,1,0,0,0,0,,0,0,0,0,0,0,0,0,0,0,0,0,0,0,0,0,,,,,,56-60,56-65,US highway,U,Thursday,Belt Used,PV,Not Fatal,1,0,0,0,State Route,State Patrol,Washington State Patrol,0,1,0,0,0,,,,,,,,,,,,,,,,,,,,,,,,,,,,,,,,,,,,,,,,,,,
2021,618,635537,330,05-02-2021,19:57,2,5,May,,77,Yakima,2590,1,,1,1,2,1,0,2,2,,,,12,0,6,Angle,0,2,0,3,T Intersection,7,2,4,6,0,0,0,0,E MAPLE ST,S 8th St,-120.492325,46.59842778,98901,0,2,69,Initial Opposite Direction(Going Straight),62,4,25,83,0,0,1,5,12,1,1,2,1,1,Going Straight,1,9,99,,0,87,884,2014,0,0,12,68,1,12,,,1,1,33,1,0,0,0,0,3,0,11,0,,,,,6,3,0,3,1,0,0,0,0,0,,,,,,0,,,,,,98932,53,66,185,6,1,0,0,0,1,0,0,,,,,,0,04-15-2012,04-15-2012,8,0,0,0,8,3,2,,,0,0,0,0,0,0,0,0,0,0,0,0,0,0,996,,,,,,,,,,,,,,,,,,,,,,,,,,,,,,0,0,0,1,0,0,0,0,0,0,0,0,0,0,0,0,0,0,0,0,0,0,0,1,1,0,0,0,0,1,1,0,0,0,0,,0,0,0,0,0,0,0,0,0,0,0,0,0,0,0,0,,,,,,31-35,26-35,US highway,U,Thursday,,MHTRUCK,Not Fatal,1,0,0,0,State Route,State Patrol,Washington State Patrol,0,1,0,0,0,,,,,,,,,,,,,,,,,,,,,,,,,,,,,,,,,,,,,,,,,,,
2021,619,635555,248,05-17-2021,17:15,17,5,May,,33,King,1830,2,,1,2,2,1,1,2,1,,,,8,0,0,No vehicle,0,3,0,3,T Intersection,3,2,4,6,0,0,0,0,SE CARR RD,103RD AVE SE,-122.2036056,47.44293333,98055,0,1,13,Pedestrian/Animal,80,5,35,14,0,0,1,5,8,8,8,4,1,1,Going Straight,2,1,53,,0,20,481,2003,0,0,12,,,,,,1,1,25,1,7,1,4,0,3,0,11,4,01/19/2017,08:32,2.59E+11,3522,0,0,0,3,1,39,0,0,0,96,,,,,,0,,,,,,97360,41,68,250,6,1,0,0,0,0,0,0,,,,,,0,,,8,0,0,0,0,9,8,,,0,0,0,8,0,2,1,0,0,1,0,0,2,1,0,,,,,,,,,,,,,,,,,,,,,,,,,,,,,,0,0,0,1,0,0,0,0,0,0,0,0,0,0,0,0,0,0,0,0,0,0,0,1,1,0,0,0,0,1,1,0,0,0,0,,0,0,0,0,0,0,0,0,0,0,0,0,0,0,0,0,,,,,,21-25,16-25,US highway,U,Thursday,Belt Used,PV,White,1,0,0,0,State Route,State Patrol,Washington State Patrol,0,1,0,0,0,,,,,,,,,,,,,,,,,,,,,,,,,,,,,,,,,,,,,,,,,,,
2021,620,635565,298,05-13-2021,15:03,13,5,May,,67,Thurston,2320,1,,1,1,2,1,0,2,2,,,,12,0,2,Front-to-Front,0,8,0,1,No intersection,4,2,4,6,0,0,0,0,HENDERSON BLVD SE,,-122.8809889,47.00308611,98501,0,2,69,Initial Opposite Direction(Going Straight),62,4,35,80,0,0,1,2,12,1,1,4,1,1,Going Straight,1,1,53,,0,37,31,2002,0,0,63,1,,,,,1,1,24,1,0,0,1,0,3,0,11,5,,,,,0,0,0,3,1,0,0,0,0,0,,,,,,0,,,,,,98337,53,65,148,6,1,0,0,0,5,0,76,,,,,,0,07-15-2013,07-15-2016,20,0,0,0,8,9,8,,,0,0,0,8,0,0,0,0,0,0,0,0,0,0,996,,,,,,,,,,,,,,,,,,,,,,,,,,,,,,0,0,0,0,0,0,1,1,0,0,0,0,0,1,0,0,0,0,0,0,0,0,0,1,1,1,0,0,0,1,1,0,0,0,0,,0,0,0,0,0,0,0,0,0,0,0,0,0,0,0,0,,,,,,21-25,16-25,State route,R,Friday,Belt Used,PV,Not Fatal,0,1,1,0,State Route,State Patrol,Washington State Patrol,0,1,0,0,0,,,,,,,,,,,,,,,,,,,,,,,,,,,,,,,,,,,,,,,,,,,
2021,620,635564,298,05-13-2021,15:03,13,5,May,,67,Thurston,2320,1,,1,1,2,1,0,2,2,,,,12,0,2,Front-to-Front,0,8,0,1,No intersection,4,2,4,6,0,0,0,0,HENDERSON BLVD SE,,-122.8809889,47.00308611,98501,0,1,68,Initial Opposite Direction(Left/Right),15,2,35,14,0,0,1,2,12,1,1,4,1,11,Turning Red: Permitted on red,1,1,53,,0,23,882,2005,0,0,12,,,,,,1,1,22,1,0,0,1,0,3,0,11,5,,,,,0,0,0,3,1,0,0,0,0,0,,,,,,0,,,,,,98445,53,66,125,6,1,0,0,0,2,0,0,,,,,,0,04-15-2013,05-15-2015,20,0,0,0,8,9,8,,,0,0,0,8,0,0,0,0,0,0,0,0,0,0,996,,,,,,,,,,,,,,,,,,,,,,,,,,,,,,0,0,0,0,0,0,1,1,0,0,0,0,0,1,0,0,0,0,0,0,0,0,0,1,1,1,0,0,0,1,1,0,0,0,0,,0,0,0,0,0,0,0,0,0,0,0,0,0,0,0,0,,,,,,21-25,16-25,State route,R,Friday,,MHTRUCK,Not Fatal,0,1,1,0,State Route,State Patrol,Washington State Patrol,0,1,0,0,0,,,,,,,,,,,,,,,,,,,,,,,,,,,,,,,,,,,,,,,,,,,
2021,621,635579,330,05-24-2021,13:24,24,5,May,,77,Yakima,2590,1,,1,1,2,1,1,2,1,,,,8,0,0,No vehicle,0,3,0,2,4 Way,4,2,4,6,0,0,3,3,TIETON DR,S 40th Ave,-120.5619444,46.59268611,98902,0,1,13,Pedestrian/Animal,16,2,35,14,0,0,1,2,8,1,1,5,1,10,Others,2,2,53,,0,58,401,1997,0,0,68,12,,,,,1,1,66,1,7,1,4,7,99,0,11,0,01/20/2017,13:15,53004304,4304,0,0,0,2,1,28,0,0,0,96,,,,,,9,,,,,,98249,53,73,180,1,1,0,1,1,1,5,0,,,,,,0,01-15-2015,11-15-2015,8,0,0,0,0,1,1,,,0,0,0,1,0,2,401,417,0,1,1,0,2,1,0,,,,,,,,,,,,,,,,,,,,,,,,,,,,,,0,0,0,0,0,0,1,1,0,0,0,0,0,1,0,0,0,0,0,0,0,0,0,1,1,1,0,0,0,1,1,0,0,0,0,,1,0,0,0,0,0,1,1,0,0,0,1,0,0,1,0,,,,,,66-70,66-75,State route,R,Friday,Unknown,PV,White,0,1,1,0,State Route,State Patrol,Washington State Patrol,0,1,0,0,0,,,,,,,,,,,,,,,,,,,,,,,,,,,,,,,,,,,,,,,,,,,
2021,622,635593,25,05-29-2021,20:32,29,5,May,,33,King,0,1,,3,1,2,1,0,2,2,,,,12,0,7,"Sideswipe,Same",0.3,1,0,1,No intersection,4,2,2,4,0,0,0,0,CR-244TH AVE SE,,-122.0163722,47.18350556,98022,0,2,45,Others,98,7,35,4,0,0,1,5,12,1,1,2,1,1,Going Straight,1,2,53,,0,12,401,2000,0,0,68,64,1,,,,1,1,54,2,7,1,4,7,20,0,11,0,01/22/2017,01:59,80053006143,6143,0,0,9,3,1,0,0,0,0,96,,,,,,9,,,,,,98332,53,65,170,6,1,0,0,0,0,0,0,,,,,,0,,,1,1,9,0,0,1,1,,,0,0,0,1,1,2,155,300,387,1,1,1,2,1,0.25,,,,,,,,,,,,,,,,,,,,,,,,,,,,,,0,0,0,0,1,1,1,1,0,0,0,0,0,0,0,0,0,0,0,1,0,0,0,0,0,0,0,0,0,1,0,0,0,1,0,,1,0,0,0,0,1,1,1,0,0,0,0,0,0,0,1,,,,,,51-55,46-55,County road,U,Sunday,Not Used,PV,White,0,0,0,0,County Road,County Sheriff,Law Enforcement Support Agency,0,0,1,0,0,,,,,,,,,,,,,,,,,,,,,,,,,,,,,,,,,,,,,,,,,,,
2021,622,635592,25,05-29-2021,20:32,29,5,May,,33,King,0,1,,3,1,2,1,0,2,2,,,,12,0,7,"Sideswipe,Same",0.3,1,0,1,No intersection,4,2,2,4,0,0,0,0,CR-244TH AVE SE,,-122.0163722,47.18350556,98022,0,1,44,Others,51,3,35,80,0,0,1,2,12,1,1,2,1,6,Others,1,1,53,,0,49,40,2013,0,0,12,,,,,,1,1,38,1,0,0,0,0,3,0,11,0,,,,,0,0,0,3,1,0,0,0,0,0,,,,,,0,,,,,,98108,53,74,190,6,1,0,1,1,1,2,0,,,,,,0,02-15-2012,01-15-2013,20,0,0,0,8,9,8,,,0,0,0,8,0,0,0,0,0,0,0,0,0,0,996,,,,,,,,,,,,,,,,,,,,,,,,,,,,,,0,0,0,0,1,1,0,1,0,0,0,0,1,0,0,0,0,0,0,1,0,0,0,0,0,0,0,0,0,1,0,0,0,0,0,,0,0,0,0,0,0,0,0,0,0,0,0,0,0,0,0,,,,,,36-40,36-45,Interstate,U,Friday,Belt Used,PV,Not Fatal,0,0,0,0,State Route,State Patrol,Washington State Patrol,0,1,0,0,0,,,,,,,,,,,,,,,,,,,,,,,,,,,,,,,,,,,,,,,,,,,
2021,623,3890344,263,06-15-2021,16:04,15,6,June,,33,King,1960,1,,1,1,2,1,0,1,1,,,,33,0,0,No vehicle,0,1,0,1,No intersection,4,2,4,6,0,0,0,0,MARTIN LUTHER KING JR WAY S,,-122.2976833,47.59518056,98144,0,1,6,Drive off road,8,1,25,14,0,0,1,2,39,1,2,3,5,1,Going Straight,1,1,53,,0,12,401,2000,0,0,12,64,25,,,,1,1,35,1,7,2,4,7,20,0,11,0,01/13/2017,21:06,2.31E+11,3051,0,0,0,3,1,35,0,0,0,96,,,,,,9,,,,,,98030,53,73,190,6,1,0,0,0,2,1,0,,,,,,3,08-15-2012,11-15-2014,8,2,9,0,0,1,8,,,0,0,0,8,1,2,1,0,0,1,0,0,2,1,0.23,,,,,,,,,,,,,,,,,,,,,,,,,,,,,,0,0,0,0,1,1,0,1,0,0,0,0,1,0,0,0,0,0,0,1,0,0,0,0,0,0,0,0,0,1,0,0,0,1,0,,1,0,0,0,0,1,0,1,0,1,0,0,0,1,0,1,,,,,,31-35,26-35,Interstate,U,Friday,Not Used,PV,Black,0,0,0,0,State Route,State Patrol,Washington State Patrol,0,1,0,0,0,,,,,,,,,,,,,,,,,,,,,,,,,,,,,,,,,,,,,,,,,,,
2021,624,635744,57,07-26-2021,09:59,26,7,July,,11,Clark,107,1,,1,1,2,1,0,4,3,,,,12,0,1,Front-to-Rear,8.6,1,0,1,No intersection,2,2,1,3,0,0,50,3,SR-503,,-122.5474778,45.79109167,98604,0,3,98,Others,62,4,55,14,0,0,1,5,12,8,8,2,1,1,Going Straight,2,2,53,,0,12,471,1990,0,0,68,64,67,42,35,1,1,1,27,1,7,1,4,7,20,0,11,0,01/21/2017,02:17,53003264,3264,0,0,0,3,1,0,0,0,0,92,,,,,,99,,,,,,98671,53,69,170,6,1,0,0,0,4,0,0,,,,,,0,05-15-2012,09-15-2015,20,0,0,0,0,9,8,,,0,0,0,8,9,2,605,0,0,1,0,0,2,1,0.26,,,,,,,,,,,,,,,,,,,,,,,,,,,,,,0,0,1,0,1,1,1,1,1,0,0,0,0,0,0,0,1,0,0,0,0,0,0,0,0,0,0,0,0,0,0,0,0,1,0,,0,0,0,0,0,1,1,1,1,0,0,0,0,0,0,1,,,,,,26-30,26-35,County road,R,Saturday,Not Used,PV,White,0,1,0,0,County Road,County Sheriff,Grays Harbor County Sheriff's Offic,1,0,1,0,0,thc,10,carboxy-thc,83,,,,,,,,,,,,,,,,,,,,,,,,,,,,,,,,,,,,,,,
2021,624,635743,57,07-26-2021,09:59,26,7,July,,11,Clark,107,1,,1,1,2,1,0,4,3,,,,12,0,1,Front-to-Rear,8.6,1,0,1,No intersection,2,2,1,3,0,0,50,3,SR-503,,-122.5474778,45.79109167,98604,0,2,29,Others,53,3,55,4,0,0,1,5,12,8,8,2,1,2,Others,1,1,53,,0,2,405,2010,0,0,8,,,,,,1,1,25,1,0,0,0,0,3,0,11,0,,,,,0,0,0,3,1,0,0,0,0,0,,,,,,0,,,,,,80902,8,70,190,6,1,0,0,0,0,0,0,,,,,,0,,,20,0,0,0,8,9,8,,,0,0,0,8,0,0,0,0,0,0,0,0,0,0,996,,,,,,,,,,,,,,,,,,,,,,,,,,,,,,0,0,0,0,0,0,0,0,0,1,0,1,0,0,0,0,0,0,0,0,0,0,0,1,1,0,0,0,0,1,0,1,0,0,0,,0,0,0,0,0,0,0,0,0,0,0,0,0,0,0,0,,,,,,21-25,16-25,Interstate,U,Sunday,Belt Used,PV,Not Fatal,0,0,0,0,State Route,State Patrol,Washington State Patrol,0,1,0,0,0,,,,,,,,,,,,,,,,,,,,,,,,,,,,,,,,,,,,,,,,,,,
2021,624,635742,57,07-26-2021,09:59,26,7,July,,11,Clark,107,1,,1,1,2,1,0,4,3,,,,12,0,1,Front-to-Rear,8.6,1,0,1,No intersection,2,2,1,3,0,0,50,3,SR-503,,-122.5474778,45.79109167,98604,0,1,28,Others,52,3,55,63,0,0,1,2,12,8,8,2,1,1,Going Straight,1,3,53,,0,18,7,2003,0,0,14,,,,,,1,1,29,1,0,0,1,0,3,0,11,0,,,,,0,0,3,3,1,0,0,0,0,93,,,,,,0,,,,,,98312,53,73,280,6,1,0,0,0,0,0,0,,,,,,4,,,1,0,0,0,8,3,2,,,0,0,0,0,0,0,0,0,0,0,0,0,0,0,996,,,,,,,,,,,,,,,,,,,,,,,,,,,,,,0,0,0,0,0,0,0,0,0,0,0,0,1,0,0,0,1,0,0,0,0,0,0,0,0,0,0,0,0,1,0,0,0,0,0,,0,0,0,0,0,0,0,0,1,1,0,0,0,0,0,0,,,,,,26-30,26-35,State route,R,Wednesday,Belt Used,PV,Not Fatal,0,0,0,0,State Route,State Patrol,Washington State Patrol,0,1,0,0,0,,,,,,,,,,,,,,,,,,,,,,,,,,,,,,,,,,,,,,,,,,,
2021,625,3907086,263,07-28-2021,12:00,28,7,July,,33,King,1960,1,,1,1,1,1,1,1,1,,,,8,0,0,No vehicle,0,3,0,2,4 Way,4,2,4,6,0,0,3,3,LENORA ST,5th Ave,-122.3405222,47.61447222,98181,0,1,13,Pedestrian/Animal,80,5,25,61,0,0,1,5,8,1,1,3,4,11,Turning Red: Permitted on red,1,3,53,,0,20,443,2002,0,0,63,42,,,,,1,1,87,2,0,0,1,0,3,0,11,5,,,,,0,0,0,3,1,0,0,0,0,96,,,,,,0,,,,,,98022,53,63,155,6,1,0,0,0,0,0,0,,,,,,4,,,1,0,0,0,8,3,2,,,0,0,0,0,0,0,0,0,0,0,0,0,0,0,996,,,,,,,,,,,,,,,,,,,,,,,,,,,,,,0,0,1,0,0,0,0,0,0,0,0,0,1,0,0,0,0,0,0,0,0,0,0,0,0,1,1,1,0,1,0,0,0,0,0,,0,0,0,0,0,0,0,0,0,1,0,0,0,0,0,0,,,,,,81+,76+,County road,R,Monday,Belt Used,PV,Not Fatal,0,0,0,0,County Road,County Sheriff,King County Police,0,0,1,0,0,,,,,,,,,,,,,,,,,,,,,,,,,,,,,,,,,,,,,,,,,,,
2021,626,635862,40,08-28-2021,15:00,28,8,Aug,,63,Spokane,0,1,,1,1,2,1,0,1,1,,,,18,0,0,No vehicle,,1,0,1,No intersection,6,1,2,4,0,0,0,0,CR-E VALLEY SPRINGS RD,,-117.3268889,47.70200833,99217,0,1,1,Driver Off Road,13,2,35,80,0,0,1,5,18,1,1,2,1,1,Going Straight,1,1,53,,0,21,21,1999,0,0,8,,,,,,1,1,53,2,0,0,0,0,3,0,11,0,,,,,0,0,3,3,1,91,0,0,0,96,,,,,,9,,,,,,98037,53,64,230,6,1,0,0,0,0,0,1,,,,,,3,,,20,0,0,0,8,9,2,,,0,0,0,1,9,2,996,996,0,1,1,0,2,1,0,,,,,,,,,,,,,,,,,,,,,,,,,,,,,,0,0,0,0,0,0,1,1,0,1,1,1,1,0,0,0,0,1,0,0,0,0,0,0,0,0,0,0,0,1,0,1,0,0,0,,0,0,0,0,0,0,1,1,0,1,0,0,0,0,1,0,,,,,,51-55,46-55,City street,U,Tuesday,Belt Used,PV,Not Fatal,0,0,0,0,City Street,Municipal/City Police,Lynnwood Police Department,0,0,0,1,0,,,,,,,,,,,,,,,,,,,,,,,,,,,,,,,,,,,,,,,,,,,
2021,627,636059,30,11-06-2021,09:00,6,11,Nov,,43,Lincoln,0,10,,1,2,2,1,0,2,1,,,,35,0,0,No vehicle,6.5,1,0,1,No intersection,5,1,2,4,0,0,0,0,CR-SPRAGUE HIGHWAY RD E,,-117.9316417,47.30031111,99032,0,1,2,Control/Traction Loss,4,1,50,14,0,0,1,7,1,1,1,2,1,1,Going Straight,2,2,32,,0,14,17,2008,0,0,8,,,,,,1,1,18,2,0,0,0,0,3,0,11,0,,,,,0,0,0,3,1,0,0,0,0,0,,,,,,0,,,,,,98003,53,64,145,6,1,0,0,1,0,0,0,,,,,,0,05-15-2016,05-15-2016,20,0,0,0,8,9,8,,,0,0,0,8,0,0,0,0,0,0,0,0,0,0,996,,,,,,,,,,,,,,,,,,,,,,,,,,,,,,0,0,0,0,0,0,0,0,0,1,1,1,0,0,0,0,0,0,0,0,0,1,1,0,1,0,0,0,0,1,0,1,0,0,0,,0,0,0,0,0,0,0,0,0,0,0,0,0,0,0,0,,,,,,18-20,16-25,City street,U,Sunday,Belt Used,PV,Not Fatal,0,0,0,0,City Street,Municipal/City Police,Federal Way Dept of Public Safety,0,0,0,1,0,,,,,,,,,,,,,,,,,,,,,,,,,,,,,,,,,,,,,,,,,,,
2021,628,636190,290,12-17-2021,16:45,17,12,Dec,,53,Pierce,2230,2,,3,2,2,1,0,5,3,,,,12,0,6,Angle,,2,0,2,4 Way,3,2,4,6,0,0,20,3,S ORCHARD ST,48th St W,-122.5052333,47.21381111,98466,0,3,98,Others,62,4,30,15,0,0,1,2,12,1,2,5,5,1,Going Straight,3,1,53,,0,48,38,2004,0,0,12,63,24,,,,1,1,21,2,7,1,4,7,20,0,11,0,01/14/2017,03:40,53003090,3090,0,0,0,3,1,26,0,0,0,96,,,,,,9,,,,,,98922,53,66,114,6,1,0,0,2,5,0,0,,,,,,0,08-15-2012,03-15-2016,1,0,0,0,0,1,8,,,0,0,0,8,1,2,1,0,0,1,0,0,2,1,0.11,,,,,,,,,,,,,,,,,,,,,,,,,,,,,,0,0,0,0,1,1,0,1,0,0,0,0,0,0,0,0,0,0,0,1,0,0,0,1,1,0,0,0,0,1,1,0,0,1,0,,1,0,0,0,0,1,0,1,0,0,0,0,0,1,0,1,,,,,,21-25,16-25,Interstate,R,Saturday,Not Used,PV,White,0,0,0,0,State Route,State Patrol,Washington State Patrol,0,1,0,0,0,,,,,,,,,,,,,,,,,,,,,,,,,,,,,,,,,,,,,,,,,,,
2021,628,636189,290,12-17-2021,16:45,17,12,Dec,,53,Pierce,2230,2,,3,2,2,1,0,5,3,,,,12,0,6,Angle,,2,0,2,4 Way,3,2,4,6,0,0,20,3,S ORCHARD ST,48th St W,-122.5052333,47.21381111,98466,0,2,82,Turn Into Opp Direction(Turning Left),66,4,30,4,0,0,1,2,12,1,2,5,5,11,Turning Red: Permitted on red,1,1,53,,0,82,881,2004,0,0,12,,,,,,1,1,49,1,0,0,0,0,3,0,11,0,,,,,6,3,0,3,1,0,0,0,0,0,,,,,,0,,,,,,85215,4,73,210,6,1,0,0,0,0,0,0,,,,,,0,,,20,0,0,0,8,3,2,,,0,0,0,0,0,0,0,0,0,0,0,0,0,0,996,,,,,,,,,,,,,,,,,,,,,,,,,,,,,,0,0,0,0,1,1,0,1,0,0,0,0,0,0,0,0,0,0,0,1,0,0,0,1,1,0,0,0,0,1,1,0,0,0,0,,0,0,0,0,0,0,0,0,0,0,0,0,0,0,0,0,,,,,,46-50,46-55,Interstate,R,Saturday,,MHTRUCK,Not Fatal,0,0,0,0,State Route,State Patrol,Washington State Patrol,0,1,0,0,0,,,,,,,,,,,,,,,,,,,,,,,,,,,,,,,,,,,,,,,,,,,
2021,628,636188,290,12-17-2021,16:45,17,12,Dec,,53,Pierce,2230,2,,3,2,2,1,0,5,3,,,,12,0,6,Angle,,2,0,2,4 Way,3,2,4,6,0,0,20,3,S ORCHARD ST,48th St W,-122.5052333,47.21381111,98466,0,1,83,Others,17,2,30,80,0,0,1,2,12,1,2,5,5,1,Going Straight,1,5,53,,0,54,35,2003,0,0,68,12,,,,,1,1,20,2,7,1,4,0,3,0,11,4,01-08-2017,18:39,1.87E+11,2201,0,0,0,3,1,28,0,0,0,96,,,,,,0,,,,,,98296,53,71,175,6,1,0,0,0,0,0,0,,,,,,0,,,8,0,0,0,0,9,8,,,0,0,0,8,0,2,1,0,0,1,0,0,2,1,0,,,,,,,,,,,,,,,,,,,,,,,,,,,,,,0,0,0,0,0,0,0,0,0,0,0,0,0,0,0,0,0,0,0,0,0,1,1,0,1,0,0,0,0,1,0,0,0,0,0,,1,0,0,0,0,0,0,0,0,0,0,0,0,0,0,0,,,,,,18-20,16-25,State route,R,Sunday,Belt Used,PV,White,0,1,1,0,State Route,State Patrol,Washington State Patrol,0,1,0,0,0,,,,,,,,,,,,,,,,,,,,,,,,,,,,,,,,,,,,,,,,,,,
2021,629,636234,39,11-30-2021,19:03,30,11,Nov,,61,Snohomish,690,98,,6,98,2,1,1,1,1,,,,8,1,0,No vehicle,0,1,0,1,No intersection,7,2,4,6,0,0,0,0,132ND ST SW,,-122.24585,47.87874444,98204,0,1,13,Pedestrian/Animal,80,5,98,99,9,0,1,5,8,8,8,2,1,1,Going Straight,99,9,99,,0,12,401,2016,0,0,12,,,,,,1,1,60,1,0,0,0,0,3,0,11,0,,,,,0,0,3,3,1,0,0,0,0,0,,,,,,0,,,,,,98012,53,68,170,6,1,0,0,0,1,0,0,,,,,,0,04-15-2015,04-15-2015,8,0,0,0,8,3,2,,,0,0,0,0,0,0,0,0,0,0,0,0,0,0,996,,,,,,,,,,,,,,,,,,,,,,,,,,,,,,0,0,0,0,0,0,0,0,0,0,0,0,0,0,0,0,0,0,0,0,0,1,1,0,1,0,0,0,0,1,0,0,0,0,0,,0,0,0,0,0,0,0,0,0,0,0,0,0,0,0,0,,,,,,56-60,56-65,State route,R,Sunday,Belt Used,PV,Not Fatal,0,1,1,0,State Route,State Patrol,Washington State Patrol,0,1,0,0,0,,,,,,,,,,,,,,,,,,,,,,,,,,,,,,,,,,,,,,,,,,,
2021,630,635842,289,08-21-2021,22:19,21,8,Aug,,77,Yakima,2220,1,,3,1,1,1,1,1,1,,,,19,0,0,No vehicle,0,1,0,1,No intersection,7,2,4,6,0,0,0,0,PARKLAND DR,,-120.0225972,46.31368333,98944,0,1,14,Others,14,2,25,4,0,0,1,2,8,1,1,8,4,1,Going Straight,1,2,53,,0,7,482,2005,0,0,68,12,,,,,1,1,23,1,0,0,1,0,3,0,11,6,,,,,0,0,0,3,1,28,0,0,0,96,,,,,,0,,,,,,98584,53,74,160,6,1,0,0,0,1,0,97,,,,,,0,07-15-2013,07-15-2013,1,0,0,0,8,9,8,,,0,0,0,8,0,2,1,0,0,1,0,0,2,1,0,,,,,,,,,,,,,,,,,,,,,,,,,,,,,,0,0,0,0,0,0,1,1,1,0,0,0,0,0,0,0,0,0,0,0,0,1,1,1,1,0,0,0,0,1,0,0,0,0,0,,0,0,0,0,0,0,0,0,0,0,0,0,0,0,0,0,,,,,,21-25,16-25,State route,R,Sunday,Belt Used,PV,Not Fatal,0,1,1,0,State Route,State Patrol,Washington State Patrol,0,1,0,0,0,,,,,,,,,,,,,,,,,,,,,,,,,,,,,,,,,,,,,,,,,,,