year,something,Cases,repjur,crash_dt,crash_tm,accday,Month,Month,holiday,county,co_char,city,weather,weather2,lightcond,surfcond,surftype,Number of Fatalities,nmforms,pforms,vforms,not_tm,arr_tm,hosp_tm,fhevent,hitrun,Manner of Collision,Manner of Collision,milepnt,reljunc,reljuncinter,intersectiontype,Intersection Type,funcsystem,landuse,ownership,route,schlbus,spejur,contdev,devfunc,trafid1,trafid2,x,y,zipcode,wk_zone,vnumber,crashtype,Crash Type,criticalevent,criticaleventcat,spdlim,body,trailer,emerg,hazcargo,leave,mhevent,roadalgn,roadprof,traflane,trafflow,Vehicle Manure,Vehicle Manure,numoccs,regowner,regstate,,spuse,make,model,modelyr,vrf1,vrf2,seqevent1,seqevent2,seqevent3,seqevent4,seqevent5,seqevent6,pnumber,ptype,age,sex,hispanic,race,injury,diedscene,restraint,restraintmisuse,seatpos,takehosp,death_dt,death_tm,cert,cernum_wa,commlic,licendor,licrestrict,liccomp,drivpres,drf1,drf2,drf3,drf4,distract1,distract2,distract3,distract4,distract5,distract6,dricond1,dricond2,dricond3,dricond4,dricond5,dricond6,dzip,licstate,drhgt_in,weight,noncdl,noncdltype,prevdwi,prevoth,prevacc,prevspd,prevsus,driviol1,driviol2,driviol3,driviol4,driviol5,driviol6,spdrel,first_dt,last_dt,airbag,ejection,ejectpath,extricat,injurwrk,methalc,methdrug,nmlocat,strikveh,prf1,prf2,prf3,druginv,alcinvol,drugsts,drugres1,drugres2,drugres3,drugtst1,drugtst2,drugtst3,alcsts,alctst,alcres,nmact1,nmact2,nmact3,nmact4,nmact5,nmact6,nmprior1,nmprior2,nmprior3,nmprior4,nmprior5,nmprior6,nmcond1,nmcond2,nmcond3,nmcond4,nmcond5,nmcond6,nmsafe_helmet,nmsafe_pads,nmsafe_oth,nmprev_ref,nmprev_lgt,nmprev_oth,crashlocation,nmcrashtype,crosswalk,schoolzone,sidewalk,train_inv,wildlife_inv,rotr_fars,intersect_fars,Drink and Drive,aid_inv,Drug Positive Drivers,Impaired Drivers,Marijuana Positive,impnm_inv,ainm_inv,dpnm_inv,speed_inv,unlic_inv,unendmc_inv,drowsy_inv,drdist_inv,nmdist_inv,fty_inv,unrestfat_inv,dr1617_inv,dr1820_inv,dr1620_inv,dr2125_inv,dr1625_inv,dr65_inv,dr70_inv,dr75_inv,mc_inv,pv_inv,ht_inv,ped_inv,bike_inv,unrest_fat,mc_fat,unhelmet_mc,pv_fat,ht_fat,ped_fat,bike_fat,dr_alc7,dr_alc8,dr_drug,dr_imp,dr_dist,dr_spd,dr_fty,dr_unlic,dr_alc7only,dr_alc8only,dr_drugonly,dr_drink,nm_imp,nm_alc7,nm_alc8,nm_drug,nm_dist,agegrp1,agegrp2,roadclass,urbrur,dayweek,restuse,vehtype,race_me,intersect,lanedep,oppdir,wrongway,rep_typ,investag,repag_long,rotr,st_rd,cty_rd,city_rd,oth_rd,drug_thc,thc_res,drug_cthc,cthc_res,drug_cann,prevpersemin,prevperse,prevsusoth,drugtst4,drugtst5,drugtst6,drugtst7,drugtst8,drugres4,drugres5,drugres6,drugres7,drugres8,adspresent,adsengaged,adslevel,race1,race2,race3,race4,race5,helmet,helmetmisuse,nmdistract1,nmdistract2,nmdistract3,nmdistract4,nmdistract5,nmdistract6,lab,isedtcase,crf1,crf2,crf3,CoRoadName,CoMP,IntCoRoadName,IntCoMP
2021,631,636163,1,11-24-2021,06:15,24,11,Nov,,77,Yakima,0,1,,3,4,1,1,0,18,10,,,,25,0,0,No vehicle,58.8,5,1,1,No intersection,1,1,1,1,0,0,0,0,I-82 RAMP,,-120.1734778,46.34274167,98932,0,10,98,Others,5,1,70,34,0,0,1,2,12,3,1,2,3,14,Making a U turn,1,1,53,,0,24,2,2000,0,0,12,,,,,,1,1,18,2,7,1,4,7,99,0,11,0,01-08-2017,19:05,53001160,1160,0,0,0,3,1,0,0,0,0,0,,,,,,9,,,,,,98541,53,68,135,6,1,0,1,0,0,0,0,,,,,,0,07-15-2015,07-15-2015,1,0,0,0,0,1,1,,,0,0,0,1,0,2,402,605,0,1,1,0,2,1,0,,,,,,,,,,,,,,,,,,,,,,,,,,,,,,0,0,0,0,0,0,1,1,1,0,0,0,0,0,0,0,0,0,0,0,0,1,1,1,1,0,0,0,0,1,0,0,0,0,0,,1,0,0,0,0,0,1,1,0,0,0,0,0,0,1,0,,,,,,18-20,16-25,State route,R,Sunday,Unknown,PV,White,0,1,1,0,State Route,State Patrol,Washington State Patrol,0,1,0,0,0,thc,9.3,carboxy-thc,18,,,,,,,,,,,,,,,,,,,,,,,,,,,,,,,,,,,,,,,
2021,631,636162,1,11-24-2021,06:15,24,11,Nov,,77,Yakima,0,1,,3,4,1,1,0,18,10,,,,25,0,0,No vehicle,58.8,5,1,1,No intersection,1,1,1,1,0,0,0,0,I-82 RAMP,,-120.1734778,46.34274167,98932,0,9,98,Others,5,1,70,4,0,0,1,2,12,3,1,2,3,14,Making a U turn,1,1,53,,0,51,881,2016,0,0,12,,,,,,1,1,32,1,0,0,0,0,3,0,11,0,,,,,99,9,9,9,1,0,0,0,0,96,,,,,,0,,,,,,0,95,,999,9,9,99,99,99,99,99,97,,,,,,4,,,20,0,0,0,8,9,8,,,0,0,0,8,0,2,1,0,0,1,0,0,2,1,0,,,,,,,,,,,,,,,,,,,,,,,,,,,,,,0,0,0,1,0,0,1,1,0,0,0,0,1,0,0,0,0,0,0,0,0,0,0,0,0,0,0,0,0,1,1,0,0,0,0,,0,0,0,0,0,0,0,0,0,1,0,0,0,0,0,0,,,,,,31-35,26-35,State route,U,Friday,,MHTRUCK,Not Fatal,1,0,0,0,State Route,State Patrol,Washington State Patrol,0,1,0,0,0,,,,,,,,,,,,,,,,,,,,,,,,,,,,,,,,,,,,,,,,,,,
2021,631,636161,1,11-24-2021,06:15,24,11,Nov,,77,Yakima,0,1,,3,4,1,1,0,18,10,,,,25,0,0,No vehicle,58.8,5,1,1,No intersection,1,1,1,1,0,0,0,0,I-82 RAMP,,-120.1734778,46.34274167,98932,0,8,98,Others,5,1,70,61,0,0,1,2,12,3,1,2,3,14,Making a U turn,2,3,53,,0,49,472,2003,0,0,12,12,,,,,1,1,40,1,7,7,4,0,3,0,11,4,01/18/2017,01:40,11053002855,2855,99,9,9,9,1,0,0,0,0,0,,,,,,0,,,,,,0,95,,999,9,9,99,99,99,99,99,0,,,,,,0,,,1,0,0,0,0,9,8,,,0,0,0,8,9,2,522,996,0,1,1,0,2,1,0,,,,,,,,,,,,,,,,,,,,,,,,,,,,,,0,0,0,1,0,0,1,1,0,0,0,0,1,0,0,0,0,0,0,0,0,0,0,0,0,0,0,0,0,1,1,0,0,0,0,,0,0,0,0,0,0,1,1,0,0,0,0,0,0,1,0,,,,,,36-40,36-45,State route,U,Friday,Belt Used,PV,API,1,0,0,0,State Route,State Patrol,Washington State Patrol,0,1,0,0,0,,,,,,,,,,,,,,,,,,,,,,,,,,,,,,,,,,,,,,,,,,,
2021,631,636160,1,11-24-2021,06:15,24,11,Nov,,77,Yakima,0,1,,3,4,1,1,0,18,10,,,,25,0,0,No vehicle,58.8,5,1,1,No intersection,1,1,1,1,0,0,0,0,I-82 RAMP,,-120.1734778,46.34274167,98932,0,7,98,Others,5,1,70,4,0,0,1,2,12,3,1,2,3,14,Making a U turn,1,2,53,,0,20,421,2008,0,0,12,,,,,,1,1,34,1,0,0,1,0,3,0,11,4,,,,,0,0,0,3,1,0,0,0,0,0,,,,,,0,,,,,,98248,53,72,200,6,1,0,0,0,0,0,0,,,,,,0,,,20,0,0,0,8,9,8,,,0,0,0,8,0,0,0,0,0,0,0,0,0,0,996,,,,,,,,,,,,,,,,,,,,,,,,,,,,,,0,0,0,1,0,0,1,1,0,0,0,0,1,0,0,0,0,0,0,0,0,0,0,0,0,0,0,0,0,1,1,0,0,0,0,,0,0,0,0,0,0,0,0,0,0,0,0,0,0,0,0,,,,,,31-35,26-35,State route,U,Friday,Belt Used,PV,Not Fatal,1,0,0,0,State Route,State Patrol,Washington State Patrol,0,1,0,0,0,,,,,,,,,,,,,,,,,,,,,,,,,,,,,,,,,,,,,,,,,,,
2021,631,636159,1,11-24-2021,06:15,24,11,Nov,,77,Yakima,0,1,,3,4,1,1,0,18,10,,,,25,0,0,No vehicle,58.8,5,1,1,No intersection,1,1,1,1,0,0,0,0,I-82 RAMP,,-120.1734778,46.34274167,98932,0,6,98,Others,5,1,70,4,0,0,1,2,12,3,1,2,3,16,Others,1,1,53,,0,99,999,9999,0,0,8,8,,,,,1,1,999,9,0,0,0,0,99,0,11,0,,,,,99,9,9,9,1,87,0,0,0,96,,,,,,99,,,,,,99999,99,,999,9,9,99,99,99,99,99,97,,,,,,4,,,99,0,0,0,8,9,8,,,0,0,0,8,9,9,999,0,0,9,0,0,9,99,999,,,,,,,,,,,,,,,,,,,,,,,,,,,,,,0,0,0,1,0,0,0,0,0,0,0,0,1,0,0,0,0,0,0,0,0,0,0,0,0,0,0,0,0,0,0,1,0,0,0,,0,0,0,0,0,0,0,0,0,1,0,0,0,0,0,0,,,,,,,,City street,U,Wednesday,,NR-U,Not Fatal,1,0,0,0,City Street,Municipal/City Police,Vancouver Police Department,0,0,0,1,0,,,,,,,,,,,,,,,,,,,,,,,,,,,,,,,,,,,,,,,,,,,
2021,631,636158,1,11-24-2021,06:15,24,11,Nov,,77,Yakima,0,1,,3,4,1,1,0,18,10,,,,25,0,0,No vehicle,58.8,5,1,1,No intersection,1,1,1,1,0,0,0,0,I-82 RAMP,,-120.1734778,46.34274167,98932,0,5,7,Control/Traction Loss,6,1,70,34,0,0,1,2,12,3,1,1,6,16,Others,2,1,53,,0,12,481,1989,0,0,68,68,1,,,,1,1,24,1,7,1,4,7,20,0,11,0,01-11-2017,20:23,53002017,2017,0,0,3,2,1,28,0,0,0,96,,,,,,9,,,,,,98373,53,65,155,1,1,2,7,2,3,9,0,,,,,,3,02-15-2012,09-15-2016,20,2,9,0,0,1,8,,,0,0,0,8,1,2,1,0,0,1,0,0,2,1,0.38,,,,,,,,,,,,,,,,,,,,,,,,,,,,,,0,0,0,0,1,1,0,1,0,0,0,0,1,1,0,0,0,0,0,0,0,0,0,1,1,0,0,0,0,0,0,0,0,1,0,,0,0,0,0,0,1,0,1,0,1,0,1,0,1,0,1,,,,,,21-25,16-25,County road,U,Wednesday,Not Used,PV,White,1,0,0,0,County Road,County Sheriff,Law Enforcement Support Agency,0,0,1,0,0,,,,,,,,,,,,,,,,,,,,,,,,,,,,,,,,,,,,,,,,,,,
2021,631,636157,1,11-24-2021,06:15,24,11,Nov,,77,Yakima,0,1,,3,4,1,1,0,18,10,,,,25,0,0,No vehicle,58.8,5,1,1,No intersection,1,1,1,1,0,0,0,0,I-82 RAMP,,-120.1734778,46.34274167,98932,0,4,98,Others,5,1,70,14,0,0,1,2,12,3,1,2,3,14,Making a U turn,1,1,53,,0,49,32,2003,0,0,64,33,25,1,,,1,1,84,2,7,58,4,0,3,0,11,5,01/19/2017,00:55,2.23E+11,3210,0,0,3,3,1,0,0,0,0,93,,,,,,0,,,,,,98407,53,61,130,6,1,0,0,0,0,0,0,,,,,,0,,,1,0,0,0,0,9,8,,,0,0,0,8,0,0,0,0,0,0,0,0,0,0,996,,,,,,,,,,,,,,,,,,,,,,,,,,,,,,0,0,1,1,0,0,0,0,0,0,0,0,0,0,0,0,1,0,0,0,0,0,0,0,0,1,1,1,0,1,0,0,0,0,0,,1,0,0,0,0,0,0,0,1,0,0,0,0,0,0,0,,,,,,81+,76+,City street,U,Thursday,Belt Used,PV,API,0,1,0,0,City Street,Municipal/City Police,Tacoma Police Department,1,0,0,1,0,,,,,,,,,,,,,,,,,,,,,,,,,,,,,,,,,,,,,,,,,,,
2021,631,636156,1,11-24-2021,06:15,24,11,Nov,,77,Yakima,0,1,,3,4,1,1,0,18,10,,,,25,0,0,No vehicle,58.8,5,1,1,No intersection,1,1,1,1,0,0,0,0,I-82 RAMP,,-120.1734778,46.34274167,98932,0,3,98,Others,5,1,70,20,0,0,1,2,12,3,1,2,3,14,Making a U turn,7,1,53,,0,12,422,1998,0,0,12,,,,,,1,1,46,2,7,1,4,7,3,0,11,0,01-11-2017,02:05,1.96E+11,2599,0,0,0,2,1,51,0,0,0,96,,,,,,9,,,,,,97401,41,63,120,1,1,0,0,0,0,2,0,,,,,,0,03-15-2012,03-15-2012,1,0,0,0,0,9,8,,,0,0,0,8,1,2,1,0,0,1,0,0,2,1,0.21,,,,,,,,,,,,,,,,,,,,,,,,,,,,,,0,0,0,0,1,1,0,1,0,0,0,0,0,1,0,0,0,0,0,0,0,0,0,0,0,0,0,0,0,1,1,0,0,0,0,,1,0,0,0,0,1,0,1,0,0,0,1,0,1,0,1,,,,,,46-50,46-55,Interstate,U,Wednesday,Belt Used,PV,White,0,0,0,1,State Route,State Patrol,Washington State Patrol,0,1,0,0,0,,,,,,,,,,,,,,,,,,,,,,,,,,,,,,,,,,,,,,,,,,,
2021,631,636155,1,11-24-2021,06:15,24,11,Nov,,77,Yakima,0,1,,3,4,1,1,0,18,10,,,,25,0,0,No vehicle,58.8,5,1,1,No intersection,1,1,1,1,0,0,0,0,I-82 RAMP,,-120.1734778,46.34274167,98932,0,2,98,Others,5,1,70,34,0,0,1,2,12,3,1,2,3,14,Making a U turn,1,1,53,,6,20,870,2013,0,0,12,,,,,,1,1,29,1,0,0,2,0,3,0,11,4,,,,,0,0,0,3,1,0,0,0,0,0,,,,,,0,,,,,,98117,53,68,200,6,1,0,0,2,1,0,0,,,,,,0,04-15-2012,04-15-2014,1,0,0,0,8,9,8,,,0,0,0,8,0,0,0,0,0,0,0,0,0,0,996,,,,,,,,,,,,,,,,,,,,,,,,,,,,,,0,0,0,0,1,1,0,1,0,0,0,0,0,1,0,0,0,0,0,0,0,0,0,0,0,0,0,0,0,1,1,0,0,0,0,,0,0,0,0,0,0,0,0,0,0,0,0,0,0,0,0,,,,,,26-30,26-35,Interstate,U,Wednesday,,MHTRUCK,Not Fatal,0,0,0,1,State Route,State Patrol,Washington State Patrol,0,1,0,0,0,,,,,,,,,,,,,,,,,,,,,,,,,,,,,,,,,,,,,,,,,,,
2021,631,636154,1,11-24-2021,06:15,24,11,Nov,,77,Yakima,0,1,,3,4,1,1,0,18,10,,,,25,0,0,No vehicle,58.8,5,1,1,No intersection,1,1,1,1,0,0,0,0,I-82 RAMP,,-120.1734778,46.34274167,98932,0,1,98,Others,5,1,70,34,0,0,1,2,12,3,1,2,3,14,Making a U turn,1,2,53,,0,53,33,2006,0,0,8,,,,,,1,1,22,2,0,0,0,0,3,0,11,0,,,,,0,0,0,3,1,0,0,0,0,93,,,,,,0,,,,,,98532,53,63,180,6,1,0,0,0,1,0,97,,,,,,0,12-15-2014,12-15-2014,20,0,0,0,8,3,2,,,0,0,0,0,0,0,0,0,0,0,0,0,0,0,996,,,,,,,,,,,,,,,,,,,,,,,,,,,,,,0,0,0,1,0,0,0,0,0,0,0,0,0,0,0,0,1,0,0,0,0,0,0,1,1,0,0,0,0,1,0,1,0,0,0,,0,0,0,0,0,0,0,0,1,0,0,0,0,0,0,0,,,,,,21-25,16-25,City street,U,Friday,Belt Used,PV,Not Fatal,1,0,0,0,City Street,Municipal/City Police,Chehalis Police Department,0,0,0,1,0,,,,,,,,,,,,,,,,,,,,,,,,,,,,,,,,,,,,,,,,,,,
2021,632,TECH080,32,08-08-2021,22:50,8,8,Aug,,47,Okanogan,1580,98,,8,98,2,1,1,1,1,,,,8,1,0,No vehicle,2.7,1,0,1,No intersection,4,2,1,3,0,0,0,0,SR-215,,-119.5559694,48.38564167,98840,0,1,13,Pedestrian/Animal,80,5,98,34,0,0,1,5,8,1,1,3,5,1,Going Straight,99,9,99,,0,12,461,2002,0,0,68,68,63,38,1,,1,1,32,1,0,0,3,0,3,0,11,1,,,,,0,0,3,2,1,0,0,0,0,96,,,,,,0,,,,,,98597,53,62,120,1,1,1,0,0,1,2,97,,,,,,4,06-15-2016,12-15-2016,20,0,0,0,8,9,8,,,0,0,0,8,0,0,0,0,0,0,0,0,0,0,996,,,,,,,,,,,,,,,,,,,,,,,,,,,,,,0,0,0,0,0,0,0,0,0,0,0,0,1,1,0,0,0,0,0,0,0,0,0,0,0,0,0,0,0,1,0,0,0,0,0,,0,0,0,0,0,0,0,0,0,1,0,1,0,0,0,0,,,,,,31-35,26-35,County road,R,Monday,Belt Used,PV,Not Fatal,0,1,0,0,County Road,County Sheriff,Thurston County Sheriff's Office,1,0,1,0,0,,,,,,,,,,,,,,,,,,,,,,,,,,,,,,,,,,,,,,,,,,,
2021,633,TECH031,32,03-11-2021,03:15,11,3,March,,47,Okanogan,1600,98,,8,98,2,1,0,1,1,,,,1,0,0,No vehicle,,1,0,1,No intersection,6,1,2,4,0,3,0,0,CR-OMAK-RIVERSIDE EASTSIDE RD,,-119.4717944,48.46759167,98841,0,1,98,Others,9,1,98,6,0,0,1,2,1,1,8,2,1,1,Going Straight,1,1,53,,0,7,482,2002,0,0,10,,,,,,1,1,45,2,1,1,4,7,99,0,11,0,01-07-2017,09:39,53001035,1035,0,0,0,3,1,39,0,0,0,96,,,,,,99,,,,,,99011,53,64,145,6,1,0,0,0,1,0,0,,,,,,0,09-15-2014,09-15-2014,20,0,0,0,0,9,8,,,0,0,0,8,9,2,1,0,0,1,0,0,2,1,0,,,,,,,,,,,,,,,,,,,,,,,,,,,,,,1,0,0,0,0,0,0,0,0,0,0,0,0,0,0,0,0,0,0,0,0,0,0,0,0,0,0,0,0,0,0,0,0,0,0,,0,0,0,0,0,0,0,0,0,0,0,0,0,0,0,0,,,,,,41-45,36-45,County road,R,Saturday,Unknown,PV,Hispanic,1,0,0,0,County Road,County Sheriff,Spokane County Sheriff's Office,0,0,1,0,0,,,,,,,,,,,,,,,,,,,,,,,,,,,,,,,,,,,,,,,,,,,
2021,634,635552,303,05-15-2021,21:04,15,5,May,,53,Pierce,2337,1,,3,1,1,1,0,5,1,,,,39,0,0,No vehicle,0,3,0,6,Roundabout,4,2,4,6,0,0,0,0,GRANDVIEW DR W,Olympic Blvd W,-122.557925,47.22204444,98466,0,1,1,Driver Off Road,9,1,25,4,0,0,1,2,39,1,1,2,1,1,Going Straight,5,2,53,,0,12,401,1996,0,0,12,63,25,1,12,,1,1,21,1,0,0,3,0,3,0,11,5,,,,,0,0,0,3,1,0,0,0,0,96,,,,,,0,,,,,,98311,53,76,200,6,1,0,0,1,0,0,23,,,,,,4,06-15-2012,06-15-2012,20,0,0,0,8,9,8,,,0,0,0,8,0,2,1,0,0,1,0,0,2,1,0,,,,,,,,,,,,,,,,,,,,,,,,,,,,,,0,0,0,0,0,0,0,0,0,0,0,0,1,0,0,0,0,0,0,0,0,0,0,1,1,0,0,0,0,1,0,0,0,0,0,,0,0,0,0,0,0,0,0,0,1,0,0,0,0,0,0,,,,,,21-25,16-25,Interstate,R,Saturday,Belt Used,PV,Not Fatal,0,0,0,0,State Route,State Patrol,Washington State Patrol,0,1,0,0,0,,,,,,,,,,,,,,,,,,,,,,,,,,,,,,,,,,,,,,,,,,,
2021,635,,344,11-11-2021,07:00,11,11,Nov,,77,Yakima,890,98,,8,98,2,1,1,1,1,,,,8,1,0,No vehicle,,1,0,1,No intersection,5,1,2,4,0,3,0,0,CR-BRANCH RD,,-120.5723389,46.40453333,98933,0,1,13,Pedestrian/Animal,80,5,98,98,9,0,1,5,8,8,2,2,1,1,Going Straight,99,9,99,,0,23,481,2009,0,0,12,12,63,25,64,48,1,1,24,1,0,0,2,0,3,0,11,0,,,,,6,0,0,3,1,0,0,0,0,96,,,,,,0,,,,,,98934,53,68,160,6,1,0,1,0,3,0,0,,,,,,4,08-15-2013,01-15-2015,1,0,0,0,8,9,8,,,0,0,0,8,0,2,1,0,0,1,0,0,2,1,0,,,,,,,,,,,,,,,,,,,,,,,,,,,,,,0,0,0,0,0,0,0,0,0,0,0,0,1,0,0,0,0,0,0,0,0,0,0,1,1,0,0,0,0,1,0,0,0,0,0,,0,0,0,0,0,0,0,0,0,1,0,0,0,0,0,0,,,,,,21-25,16-25,Interstate,R,Saturday,Belt Used,PV,Not Fatal,0,0,0,0,State Route,State Patrol,Washington State Patrol,0,1,0,0,0,,,,,,,,,,,,,,,,,,,,,,,,,,,,,,,,,,,,,,,,,,,
2021,636,Incid08,334,08-08-2021,09:38,8,8,Aug,,47,Okanogan,0,98,,8,98,2,1,0,2,2,,,,12,0,1,Front-to-Rear,41.9,8,0,1,No intersection,4,1,1,3,0,0,0,0,SR-155,,-118.9767944,48.14293889,99155,0,1,28,Others,52,3,98,4,0,0,1,5,12,1,2,2,1,1,Going Straight,1,1,53,,0,6,18,2015,0,0,12,12,,,,,1,1,42,2,0,0,3,0,3,0,11,8,,,,,0,0,0,3,1,0,0,0,0,0,,,,,,0,,,,,,98922,53,62,120,6,1,0,0,0,1,0,0,,,,,,0,05-15-2014,05-15-2014,20,0,0,0,8,9,8,,,0,0,0,8,0,0,0,0,0,0,0,0,0,0,996,,,,,,,,,,,,,,,,,,,,,,,,,,,,,,0,0,0,0,0,0,0,0,0,0,0,0,1,0,0,0,0,0,0,0,0,0,0,1,1,0,0,0,0,1,0,0,0,0,0,,0,0,0,0,0,0,0,0,0,0,0,0,0,0,0,0,,,,,,41-45,36-45,Interstate,R,Saturday,Belt Used,PV,Not Fatal,0,0,0,0,State Route,State Patrol,Washington State Patrol,0,1,0,0,0,,,,,,,,,,,,,,,,,,,,,,,,,,,,,,,,,,,,,,,,,,,
2021,636,Incid08,334,08-08-2021,09:38,8,8,Aug,,47,Okanogan,0,98,,8,98,2,1,0,2,2,,,,12,0,1,Front-to-Rear,41.9,8,0,1,No intersection,4,1,1,3,0,0,0,0,SR-155,,-118.9767944,48.14293889,99155,0,2,29,Others,53,3,98,4,0,0,1,5,12,1,2,2,1,2,Others,1,2,53,,0,24,401,2006,0,0,8,,,,,,1,1,19,2,0,0,0,0,3,0,11,0,,,,,0,0,0,3,1,0,0,0,0,0,,,,,,0,,,,,,98632,53,62,110,6,1,0,0,0,1,0,0,,,,,,0,05-15-2014,05-15-2014,20,0,0,0,8,9,8,,,0,0,0,8,0,0,0,0,0,0,0,0,0,0,996,,,,,,,,,,,,,,,,,,,,,,,,,,,,,,0,0,0,0,0,0,0,0,0,1,0,1,0,0,0,0,0,0,0,0,0,1,1,0,1,0,0,0,0,1,0,1,0,0,0,,0,0,0,0,0,0,0,0,0,0,0,0,0,0,0,0,,,,,,18-20,16-25,Interstate,U,Friday,Belt Used,PV,Not Fatal,0,0,0,0,State Route,State Patrol,Washington State Patrol,0,1,0,0,0,,,,,,,,,,,,,,,,,,,,,,,,,,,,,,,,,,,,,,,,,,,
2021,638,Incid09,334,09-05-2021,01:36,5,9,Sep,,19,Ferry,0,98,,6,98,8,1,0,1,1,,,,42,0,0,No vehicle,9999.8,1,0,1,No intersection,96,6,96,8,0,3,0,0,BRIDGE CREEK RD,,-778.3049361,78.30493611,3971,0,1,98,Others,19,2,98,34,0,0,1,5,42,8,8,8,8,99,Others,1,0,53,,0,7,482,2001,0,0,63,1,3,,,,1,1,26,1,1,1,4,7,3,0,11,0,01-01-2017,02:41,1.28E+11,35,0,0,0,0,1,87,0,0,0,96,,,,,,9,,,,,,98204,53,71,260,0,0,0,0,0,0,0,0,,,,,,4,,,20,0,0,0,0,1,8,,,0,0,0,8,1,2,417,0,0,1,0,0,2,1,0.056,,,,,,,,,,,,,,,,,,,,,,,,,,,,,,0,0,0,0,1,0,1,1,0,0,0,0,1,1,0,0,0,0,0,0,0,0,0,0,0,0,0,0,0,0,0,0,0,0,0,,0,0,0,0,1,0,1,1,0,1,0,1,0,0,0,1,,,,,,26-30,26-35,Interstate,U,Sunday,Belt Used,PV,Hispanic,0,1,0,0,State Route,State Patrol,Washington State Patrol,1,1,0,0,0,,,,,,,,,,,,,,,,,,,,,,,,,,,,,,,,,,,,,,,,,,,
2021,639,635712,263,04-21-2021,17:32,21,4,April,,33,King,1960,1,,1,1,2,1,0,2,2,,,,12,0,1,Front-to-Rear,0,3,0,2,4 Way,3,2,4,6,0,0,0,0,RAINER AVE S,S GRAND ST,-122.3048944,47.58708611,98144,0,2,21,Others,53,3,98,4,0,0,1,5,12,8,8,5,5,5,Others,1,1,53,,0,49,401,2004,0,0,63,9,,,,,1,1,27,2,0,0,0,0,3,0,11,0,,,,,0,0,3,3,1,87,91,0,0,93,,,,,,9,,,,,,99021,53,65,130,6,1,0,4,1,0,2,1,,,,,,0,11-15-2014,03-15-2016,20,0,0,0,8,1,1,,,0,0,0,1,1,2,402,0,0,1,0,0,2,1,0.051,,,,,,,,,,,,,,,,,,,,,,,,,,,,,,0,0,0,0,1,0,1,1,0,1,0,1,0,0,0,0,1,0,0,0,0,0,0,0,0,0,0,0,0,1,0,0,1,0,0,,0,0,0,0,1,0,1,1,1,0,0,0,0,0,0,1,,,,,,26-30,26-35,US highway,U,Sunday,Belt Used,PV,Not Fatal,0,0,0,0,State Route,State Patrol,Washington State Patrol,0,1,0,0,0,,,,,,,,,,,,,,,,,,,,,,,,,,,,,,,,,,,,,,,,,,,
2021,639,635711,263,04-21-2021,17:32,21,4,April,,33,King,1960,1,,1,1,2,1,0,2,2,,,,12,0,1,Front-to-Rear,0,3,0,2,4 Way,3,2,4,6,0,0,0,0,RAINER AVE S,S GRAND ST,-122.3048944,47.58708611,98144,0,1,20,Others,50,3,98,4,0,0,1,5,12,8,8,5,5,1,Going Straight,1,3,53,,0,12,471,2003,0,0,63,69,68,64,68,63,1,1,74,1,7,1,4,7,20,0,11,0,01-02-2017,17:14,1.71E+11,519,0,0,0,3,1,0,0,0,0,92,,,,,,99,,,,,,98465,53,70,185,6,1,0,0,0,0,0,0,,,,,,0,,,1,0,0,1,0,9,8,,,0,0,0,8,9,2,1,0,0,1,0,0,2,1,0.19,,,,,,,,,,,,,,,,,,,,,,,,,,,,,,0,0,1,0,1,1,0,1,0,0,0,0,0,0,0,0,1,0,0,0,0,0,0,0,0,1,1,0,0,0,0,0,0,1,0,,0,0,0,0,0,1,0,1,1,0,0,0,0,1,0,1,,,,,,71-75,66-75,County road,R,Monday,Not Used,PV,White,0,1,0,0,County Road,County Sheriff,Kitsap County Sheriff's Office,1,0,1,0,0,,,,,,,,,,,,,,,,,,,,,,,,,,,,,,,,,,,,,,,,,,,
2021,640,Inciden,42,10-15-2021,14:55,15,10,Oct,,67,Thurston,0,10,,1,1,2,1,0,1,1,,,,42,0,0,No vehicle,,1,0,1,No intersection,5,1,2,4,0,0,0,0,CR-STEAMBOAT ISLAND RD NW,,-123.0058917,47.11046944,98502,0,1,6,Drive off road,8,1,50,14,0,0,1,2,42,1,8,2,1,1,Going Straight,1,1,53,,0,97,997,9998,0,,8,,,,,,1,1,998,8,0,,0,0,98,7,11,0,,,,,99,9,9,9,1,0,,,,96,,,,,,98,,,,,,99999,98,,999,9,9,99,99,99,99,,97,,,,,,0,,,98,0,0,0,8,9,8,,,0,,,8,8,8,95,,,96,,,8,95,995,,,,,,,,,,,,,,,,,,,,,,,,,,,,,,0,0,0,0,0,0,0,0,0,1,1,0,0,0,0,0,0,0,0,0,0,0,0,0,0,0,0,0,0,0,0,1,0,0,0,,0,0,0,0,0,0,0,0,0,0,0,0,0,0,0,0,,,,,,,,County road,R,Thursday,,NR-U,Not Fatal,0,0,0,0,County Road,,,0,0,1,0,0,,,,,,99,99,99,,,,,,,,,,,98,98,98,0,,,,,20,,,,,,,,,0,0,,,,,,